"","es_score","brier_score","location","target_date","X22F_50_CI","X23A_50_CI","X23B_50_CI","X23C_50_CI","X23D_50_CI","X23E_50_CI","X23F_50_CI","X23H_50_CI","X23G_50_CI","other_50_CI","X22F_95_CI","X23A_95_CI","X23B_95_CI","X23C_95_CI","X23D_95_CI","X23E_95_CI","X23F_95_CI","X23H_95_CI","X23G_95_CI","other_95_CI"
"1",NA,NA,"AK",2023-10-01,NA,NA,NA,NA,NA,NA,NA,NA,NA,NA,NA,NA,NA,NA,NA,NA,NA,NA,NA,NA
"2",NA,NA,"AK",2023-10-02,NA,NA,NA,NA,NA,NA,NA,NA,NA,NA,NA,NA,NA,NA,NA,NA,NA,NA,NA,NA
"3",NA,NA,"AK",2023-10-03,NA,NA,NA,NA,NA,NA,NA,NA,NA,NA,NA,NA,NA,NA,NA,NA,NA,NA,NA,NA
"4",NA,NA,"AK",2023-10-04,NA,NA,NA,NA,NA,NA,NA,NA,NA,NA,NA,NA,NA,NA,NA,NA,NA,NA,NA,NA
"5",NA,NA,"AK",2023-10-05,NA,NA,NA,NA,NA,NA,NA,NA,NA,NA,NA,NA,NA,NA,NA,NA,NA,NA,NA,NA
"6",NA,NA,"AK",2023-10-06,NA,NA,NA,NA,NA,NA,NA,NA,NA,NA,NA,NA,NA,NA,NA,NA,NA,NA,NA,NA
"7",NA,NA,"AK",2023-10-07,NA,NA,NA,NA,NA,NA,NA,NA,NA,NA,NA,NA,NA,NA,NA,NA,NA,NA,NA,NA
"8",NA,NA,"AK",2023-10-08,NA,NA,NA,NA,NA,NA,NA,NA,NA,NA,NA,NA,NA,NA,NA,NA,NA,NA,NA,NA
"9",NA,NA,"AK",2023-10-09,NA,NA,NA,NA,NA,NA,NA,NA,NA,NA,NA,NA,NA,NA,NA,NA,NA,NA,NA,NA
"10",NA,NA,"AK",2023-10-10,NA,NA,NA,NA,NA,NA,NA,NA,NA,NA,NA,NA,NA,NA,NA,NA,NA,NA,NA,NA
"11",NA,NA,"AK",2023-10-11,NA,NA,NA,NA,NA,NA,NA,NA,NA,NA,NA,NA,NA,NA,NA,NA,NA,NA,NA,NA
"12",NA,NA,"AK",2023-10-12,NA,NA,NA,NA,NA,NA,NA,NA,NA,NA,NA,NA,NA,NA,NA,NA,NA,NA,NA,NA
"13",NA,NA,"AK",2023-10-13,NA,NA,NA,NA,NA,NA,NA,NA,NA,NA,NA,NA,NA,NA,NA,NA,NA,NA,NA,NA
"14",NA,NA,"AK",2023-10-14,NA,NA,NA,NA,NA,NA,NA,NA,NA,NA,NA,NA,NA,NA,NA,NA,NA,NA,NA,NA
"15",NA,NA,"AK",2023-10-15,NA,NA,NA,NA,NA,NA,NA,NA,NA,NA,NA,NA,NA,NA,NA,NA,NA,NA,NA,NA
"16",NA,NA,"AK",2023-10-16,NA,NA,NA,NA,NA,NA,NA,NA,NA,NA,NA,NA,NA,NA,NA,NA,NA,NA,NA,NA
"17",0.776200239366247,0.40054488805943,"AK",2023-10-17,1,1,1,1,1,1,1,0,1,1,1,1,1,1,1,1,0,0,1,1
"18",NA,NA,"AK",2023-10-18,NA,NA,NA,NA,NA,NA,NA,NA,NA,NA,NA,NA,NA,NA,NA,NA,NA,NA,NA,NA
"19",0.947987023603158,0.460118089085154,"AK",2023-10-19,1,1,1,1,1,1,1,0,1,1,1,1,0,1,0,1,0,0,1,1
"20",NA,NA,"AK",2023-10-20,NA,NA,NA,NA,NA,NA,NA,NA,NA,NA,NA,NA,NA,NA,NA,NA,NA,NA,NA,NA
"21",NA,NA,"AK",2023-10-21,NA,NA,NA,NA,NA,NA,NA,NA,NA,NA,NA,NA,NA,NA,NA,NA,NA,NA,NA,NA
"22",NA,NA,"AK",2023-10-22,NA,NA,NA,NA,NA,NA,NA,NA,NA,NA,NA,NA,NA,NA,NA,NA,NA,NA,NA,NA
"23",NA,NA,"AK",2023-10-23,NA,NA,NA,NA,NA,NA,NA,NA,NA,NA,NA,NA,NA,NA,NA,NA,NA,NA,NA,NA
"24",0.851584010715905,0.269400415147495,"AK",2023-10-24,1,1,1,1,1,1,0,1,1,1,1,1,0,1,1,1,0,1,1,1
"25",NA,NA,"AK",2023-10-25,NA,NA,NA,NA,NA,NA,NA,NA,NA,NA,NA,NA,NA,NA,NA,NA,NA,NA,NA,NA
"26",NA,NA,"AK",2023-10-26,NA,NA,NA,NA,NA,NA,NA,NA,NA,NA,NA,NA,NA,NA,NA,NA,NA,NA,NA,NA
"27",NA,NA,"AK",2023-10-27,NA,NA,NA,NA,NA,NA,NA,NA,NA,NA,NA,NA,NA,NA,NA,NA,NA,NA,NA,NA
"28",NA,NA,"AK",2023-10-28,NA,NA,NA,NA,NA,NA,NA,NA,NA,NA,NA,NA,NA,NA,NA,NA,NA,NA,NA,NA
"29",NA,NA,"AK",2023-10-29,NA,NA,NA,NA,NA,NA,NA,NA,NA,NA,NA,NA,NA,NA,NA,NA,NA,NA,NA,NA
"30",NA,NA,"AK",2023-10-30,NA,NA,NA,NA,NA,NA,NA,NA,NA,NA,NA,NA,NA,NA,NA,NA,NA,NA,NA,NA
"31",NA,NA,"AK",2023-10-31,NA,NA,NA,NA,NA,NA,NA,NA,NA,NA,NA,NA,NA,NA,NA,NA,NA,NA,NA,NA
"32",NA,NA,"AK",2023-11-01,NA,NA,NA,NA,NA,NA,NA,NA,NA,NA,NA,NA,NA,NA,NA,NA,NA,NA,NA,NA
"33",NA,NA,"AK",2023-11-02,NA,NA,NA,NA,NA,NA,NA,NA,NA,NA,NA,NA,NA,NA,NA,NA,NA,NA,NA,NA
"34",NA,NA,"AK",2023-11-03,NA,NA,NA,NA,NA,NA,NA,NA,NA,NA,NA,NA,NA,NA,NA,NA,NA,NA,NA,NA
"35",NA,NA,"AK",2023-11-04,NA,NA,NA,NA,NA,NA,NA,NA,NA,NA,NA,NA,NA,NA,NA,NA,NA,NA,NA,NA
"36",NA,NA,"AK",2023-11-05,NA,NA,NA,NA,NA,NA,NA,NA,NA,NA,NA,NA,NA,NA,NA,NA,NA,NA,NA,NA
"37",NA,NA,"AK",2023-11-06,NA,NA,NA,NA,NA,NA,NA,NA,NA,NA,NA,NA,NA,NA,NA,NA,NA,NA,NA,NA
"38",NA,NA,"AK",2023-11-07,NA,NA,NA,NA,NA,NA,NA,NA,NA,NA,NA,NA,NA,NA,NA,NA,NA,NA,NA,NA
"39",NA,NA,"AK",2023-11-08,NA,NA,NA,NA,NA,NA,NA,NA,NA,NA,NA,NA,NA,NA,NA,NA,NA,NA,NA,NA
"40",NA,NA,"AK",2023-11-09,NA,NA,NA,NA,NA,NA,NA,NA,NA,NA,NA,NA,NA,NA,NA,NA,NA,NA,NA,NA
"41",NA,NA,"AK",2023-11-10,NA,NA,NA,NA,NA,NA,NA,NA,NA,NA,NA,NA,NA,NA,NA,NA,NA,NA,NA,NA
"42",NA,NA,"AK",2023-11-11,NA,NA,NA,NA,NA,NA,NA,NA,NA,NA,NA,NA,NA,NA,NA,NA,NA,NA,NA,NA
"43",NA,NA,"AL",2023-10-01,NA,NA,NA,NA,NA,NA,NA,NA,NA,NA,NA,NA,NA,NA,NA,NA,NA,NA,NA,NA
"44",NA,NA,"AL",2023-10-02,NA,NA,NA,NA,NA,NA,NA,NA,NA,NA,NA,NA,NA,NA,NA,NA,NA,NA,NA,NA
"45",0.472693925262065,0.356701388150858,"AL",2023-10-03,1,1,1,1,1,1,1,1,1,1,1,1,1,1,1,1,1,1,1,1
"46",NA,NA,"AL",2023-10-04,NA,NA,NA,NA,NA,NA,NA,NA,NA,NA,NA,NA,NA,NA,NA,NA,NA,NA,NA,NA
"47",NA,NA,"AL",2023-10-05,NA,NA,NA,NA,NA,NA,NA,NA,NA,NA,NA,NA,NA,NA,NA,NA,NA,NA,NA,NA
"48",NA,NA,"AL",2023-10-06,NA,NA,NA,NA,NA,NA,NA,NA,NA,NA,NA,NA,NA,NA,NA,NA,NA,NA,NA,NA
"49",NA,NA,"AL",2023-10-07,NA,NA,NA,NA,NA,NA,NA,NA,NA,NA,NA,NA,NA,NA,NA,NA,NA,NA,NA,NA
"50",NA,NA,"AL",2023-10-08,NA,NA,NA,NA,NA,NA,NA,NA,NA,NA,NA,NA,NA,NA,NA,NA,NA,NA,NA,NA
"51",NA,NA,"AL",2023-10-09,NA,NA,NA,NA,NA,NA,NA,NA,NA,NA,NA,NA,NA,NA,NA,NA,NA,NA,NA,NA
"52",NA,NA,"AL",2023-10-10,NA,NA,NA,NA,NA,NA,NA,NA,NA,NA,NA,NA,NA,NA,NA,NA,NA,NA,NA,NA
"53",NA,NA,"AL",2023-10-11,NA,NA,NA,NA,NA,NA,NA,NA,NA,NA,NA,NA,NA,NA,NA,NA,NA,NA,NA,NA
"54",NA,NA,"AL",2023-10-12,NA,NA,NA,NA,NA,NA,NA,NA,NA,NA,NA,NA,NA,NA,NA,NA,NA,NA,NA,NA
"55",NA,NA,"AL",2023-10-13,NA,NA,NA,NA,NA,NA,NA,NA,NA,NA,NA,NA,NA,NA,NA,NA,NA,NA,NA,NA
"56",NA,NA,"AL",2023-10-14,NA,NA,NA,NA,NA,NA,NA,NA,NA,NA,NA,NA,NA,NA,NA,NA,NA,NA,NA,NA
"57",NA,NA,"AL",2023-10-15,NA,NA,NA,NA,NA,NA,NA,NA,NA,NA,NA,NA,NA,NA,NA,NA,NA,NA,NA,NA
"58",NA,NA,"AL",2023-10-16,NA,NA,NA,NA,NA,NA,NA,NA,NA,NA,NA,NA,NA,NA,NA,NA,NA,NA,NA,NA
"59",1.82960204943704,0.320906179883213,"AL",2023-10-17,1,1,1,1,1,1,0,1,1,1,1,1,0,1,0,0,0,1,1,1
"60",1.02310959634977,0.34057739328846,"AL",2023-10-18,1,1,1,1,1,1,0,1,1,1,1,1,0,1,1,1,0,1,1,1
"61",1.45751842094944,0.35942814253914,"AL",2023-10-19,1,1,1,1,1,1,0,1,1,1,1,1,0,1,0,0,0,1,1,1
"62",2.21681015614594,0.352795138191733,"AL",2023-10-20,1,1,1,1,1,1,0,1,1,1,1,1,0,1,0,0,1,0,1,1
"63",0.439564685609752,0.338098212618272,"AL",2023-10-21,1,1,1,1,1,1,1,1,1,1,1,1,0,1,1,1,0,1,1,1
"64",1.10989014826592,0.371063370528577,"AL",2023-10-22,1,1,1,1,0,1,1,1,1,1,1,1,0,1,0,0,0,1,1,1
"65",1.29919634597183,0.337663130648038,"AL",2023-10-23,1,1,1,1,1,1,0,1,1,1,1,0,1,1,1,1,0,1,1,1
"66",0.777919650324859,0.544529435584106,"AL",2023-10-24,1,1,1,1,1,0,1,1,1,1,1,1,1,1,1,1,1,1,1,1
"67",1.58266008962635,0.335177864228371,"AL",2023-10-25,1,1,1,1,1,1,0,1,1,1,1,1,0,1,1,1,0,1,1,1
"68",0.855289554141366,0.414953476548195,"AL",2023-10-26,0,1,1,1,1,1,1,1,1,1,0,1,0,1,1,1,1,1,1,1
"69",NA,NA,"AL",2023-10-27,NA,NA,NA,NA,NA,NA,NA,NA,NA,NA,NA,NA,NA,NA,NA,NA,NA,NA,NA,NA
"70",NA,NA,"AL",2023-10-28,NA,NA,NA,NA,NA,NA,NA,NA,NA,NA,NA,NA,NA,NA,NA,NA,NA,NA,NA,NA
"71",NA,NA,"AL",2023-10-29,NA,NA,NA,NA,NA,NA,NA,NA,NA,NA,NA,NA,NA,NA,NA,NA,NA,NA,NA,NA
"72",0.778161424282631,0.544280807184247,"AL",2023-10-30,1,1,1,1,1,0,1,1,1,1,1,1,1,1,1,0,0,1,1,1
"73",0.408597226965389,0.331635977262299,"AL",2023-10-31,1,1,1,1,1,1,1,1,1,1,1,1,1,1,0,1,0,1,1,1
"74",0.416258446115751,0.331145959687868,"AL",2023-11-01,1,1,1,1,1,1,1,1,1,1,1,1,1,1,1,1,1,1,1,1
"75",NA,NA,"AL",2023-11-02,NA,NA,NA,NA,NA,NA,NA,NA,NA,NA,NA,NA,NA,NA,NA,NA,NA,NA,NA,NA
"76",0.398449622051454,0.288310420089649,"AL",2023-11-03,1,1,1,1,1,1,1,1,1,1,1,1,0,1,1,1,0,1,1,1
"77",NA,NA,"AL",2023-11-04,NA,NA,NA,NA,NA,NA,NA,NA,NA,NA,NA,NA,NA,NA,NA,NA,NA,NA,NA,NA
"78",NA,NA,"AL",2023-11-05,NA,NA,NA,NA,NA,NA,NA,NA,NA,NA,NA,NA,NA,NA,NA,NA,NA,NA,NA,NA
"79",0.403302255836597,0.329144983593891,"AL",2023-11-06,1,1,1,1,1,1,1,1,1,1,1,1,0,1,1,1,0,1,1,1
"80",NA,NA,"AL",2023-11-07,NA,NA,NA,NA,NA,NA,NA,NA,NA,NA,NA,NA,NA,NA,NA,NA,NA,NA,NA,NA
"81",NA,NA,"AL",2023-11-08,NA,NA,NA,NA,NA,NA,NA,NA,NA,NA,NA,NA,NA,NA,NA,NA,NA,NA,NA,NA
"82",0.408102931052819,0.328320671427701,"AL",2023-11-09,1,1,1,1,1,1,1,1,1,1,1,1,1,1,0,1,0,1,1,1
"83",NA,NA,"AL",2023-11-10,NA,NA,NA,NA,NA,NA,NA,NA,NA,NA,NA,NA,NA,NA,NA,NA,NA,NA,NA,NA
"84",NA,NA,"AL",2023-11-11,NA,NA,NA,NA,NA,NA,NA,NA,NA,NA,NA,NA,NA,NA,NA,NA,NA,NA,NA,NA
"85",NA,NA,"AR",2023-10-01,NA,NA,NA,NA,NA,NA,NA,NA,NA,NA,NA,NA,NA,NA,NA,NA,NA,NA,NA,NA
"86",2.22467373205943,0.214678130368033,"AR",2023-10-02,1,1,0,1,1,1,0,1,1,1,1,0,0,1,1,1,0,1,1,1
"87",1.17806686908004,0.213443529600384,"AR",2023-10-03,1,1,0,1,1,1,1,1,1,1,1,1,0,1,1,1,0,1,1,1
"88",1.319346573781,0.357257354895518,"AR",2023-10-04,1,1,1,1,1,0,1,1,1,1,1,1,0,1,1,0,0,1,1,1
"89",1.93017565583226,0.279070411208537,"AR",2023-10-05,1,1,0,1,1,1,1,1,1,1,0,1,1,1,1,1,0,1,1,1
"90",0.280187894095476,0.209699190296128,"AR",2023-10-06,1,1,1,1,1,1,1,1,1,1,1,1,0,1,1,1,0,1,1,1
"91",0.274828901488432,0.20844160314491,"AR",2023-10-07,1,1,1,1,1,1,1,1,1,1,1,1,0,1,1,1,0,1,1,1
"92",0.278045374684689,0.207181381532363,"AR",2023-10-08,1,1,1,1,1,1,1,1,1,1,1,1,1,1,1,1,1,1,1,1
"93",1.17460148080284,0.205919831722738,"AR",2023-10-09,1,1,0,1,1,1,1,1,1,1,1,1,0,1,0,1,0,1,1,1
"94",1.15173023668677,0.204658286122419,"AR",2023-10-10,1,1,0,1,1,1,1,1,1,1,1,1,0,1,1,1,1,1,1,0
"95",1.17351283432814,0.244089977621282,"AR",2023-10-11,1,1,0,1,1,1,1,1,1,1,1,1,0,1,1,1,0,1,1,1
"96",1.56427133453161,0.385767992018441,"AR",2023-10-12,1,1,1,1,1,1,0,1,1,1,1,0,0,1,0,0,0,1,1,1
"97",1.42171528327816,0.260709469758528,"AR",2023-10-13,1,1,0,1,1,1,1,1,1,1,1,0,0,1,1,1,0,1,1,1
"98",NA,NA,"AR",2023-10-14,NA,NA,NA,NA,NA,NA,NA,NA,NA,NA,NA,NA,NA,NA,NA,NA,NA,NA,NA,NA
"99",NA,NA,"AR",2023-10-15,NA,NA,NA,NA,NA,NA,NA,NA,NA,NA,NA,NA,NA,NA,NA,NA,NA,NA,NA,NA
"100",2.20841073397049,0.240310789665143,"AR",2023-10-16,1,1,0,1,1,1,0,1,1,1,0,0,0,1,1,1,1,1,0,1
"101",0.827832479419191,0.562475747723722,"AR",2023-10-17,1,1,1,1,0,1,1,1,1,1,1,1,0,1,0,1,1,1,1,1
"102",NA,NA,"AR",2023-10-18,NA,NA,NA,NA,NA,NA,NA,NA,NA,NA,NA,NA,NA,NA,NA,NA,NA,NA,NA,NA
"103",1.5392971852249,0.193533807780798,"AR",2023-10-19,1,1,0,1,1,1,1,1,1,1,1,1,0,1,0,1,1,1,1,1
"104",0.252696445064401,0.192349360782165,"AR",2023-10-20,1,1,1,1,1,1,1,1,1,1,1,1,0,1,1,1,0,1,1,1
"105",0.243390566265859,0.191180506100757,"AR",2023-10-21,1,1,1,1,1,1,1,1,1,1,1,1,1,1,1,1,1,1,1,1
"106",NA,NA,"AR",2023-10-22,NA,NA,NA,NA,NA,NA,NA,NA,NA,NA,NA,NA,NA,NA,NA,NA,NA,NA,NA,NA
"107",2.49799002928175,0.406641141947643,"AR",2023-10-23,1,1,1,1,1,1,0,1,0,1,0,0,0,1,1,1,0,1,0,1
"108",0.60114122957464,0.434042282161888,"AR",2023-10-24,1,1,1,1,1,1,0,1,1,1,1,1,1,1,1,1,0,1,1,0
"109",1.17159957893786,0.533350446044526,"AR",2023-10-25,1,1,1,1,0,0,1,1,1,1,1,0,0,1,0,0,1,1,1,1
"110",NA,NA,"AR",2023-10-26,NA,NA,NA,NA,NA,NA,NA,NA,NA,NA,NA,NA,NA,NA,NA,NA,NA,NA,NA,NA
"111",0.431541339898874,0.312595670042053,"AR",2023-10-27,1,1,1,1,1,1,1,1,1,1,1,1,0,1,1,1,0,1,1,1
"112",NA,NA,"AR",2023-10-28,NA,NA,NA,NA,NA,NA,NA,NA,NA,NA,NA,NA,NA,NA,NA,NA,NA,NA,NA,NA
"113",NA,NA,"AR",2023-10-29,NA,NA,NA,NA,NA,NA,NA,NA,NA,NA,NA,NA,NA,NA,NA,NA,NA,NA,NA,NA
"114",0.839398384625257,0.574561835608474,"AR",2023-10-30,1,1,1,1,0,1,1,1,1,1,1,1,1,1,0,1,0,1,1,1
"115",NA,NA,"AR",2023-10-31,NA,NA,NA,NA,NA,NA,NA,NA,NA,NA,NA,NA,NA,NA,NA,NA,NA,NA,NA,NA
"116",0.91095282498036,0.633307352441503,"AR",2023-11-01,1,1,1,1,1,1,1,1,1,0,1,0,1,1,1,1,1,1,1,0
"117",NA,NA,"AR",2023-11-02,NA,NA,NA,NA,NA,NA,NA,NA,NA,NA,NA,NA,NA,NA,NA,NA,NA,NA,NA,NA
"118",0.846926653540597,0.577879639767171,"AR",2023-11-03,1,1,1,1,0,1,1,1,1,1,1,1,1,1,0,1,0,1,1,1
"119",NA,NA,"AR",2023-11-04,NA,NA,NA,NA,NA,NA,NA,NA,NA,NA,NA,NA,NA,NA,NA,NA,NA,NA,NA,NA
"120",NA,NA,"AR",2023-11-05,NA,NA,NA,NA,NA,NA,NA,NA,NA,NA,NA,NA,NA,NA,NA,NA,NA,NA,NA,NA
"121",2.85613256632473,0.531298120498718,"AR",2023-11-06,1,1,0,1,1,1,0,1,1,0,1,1,0,1,1,1,0,1,1,0
"122",0.836259452769921,0.580918858559775,"AR",2023-11-07,1,1,1,1,0,1,1,1,1,1,1,1,1,1,0,1,0,1,1,1
"123",0.227383606214731,0.174358610911409,"AR",2023-11-08,1,1,1,1,1,1,1,1,1,1,1,1,0,1,1,0,1,1,1,1
"124",NA,NA,"AR",2023-11-09,NA,NA,NA,NA,NA,NA,NA,NA,NA,NA,NA,NA,NA,NA,NA,NA,NA,NA,NA,NA
"125",NA,NA,"AR",2023-11-10,NA,NA,NA,NA,NA,NA,NA,NA,NA,NA,NA,NA,NA,NA,NA,NA,NA,NA,NA,NA
"126",NA,NA,"AR",2023-11-11,NA,NA,NA,NA,NA,NA,NA,NA,NA,NA,NA,NA,NA,NA,NA,NA,NA,NA,NA,NA
"127",5.99247337055064,0.384389858309477,"AZ",2023-10-01,1,0,0,1,1,0,0,1,1,1,0,0,0,1,0,0,1,0,0,0
"128",7.14762043286938,0.413058581609491,"AZ",2023-10-02,1,1,1,1,0,1,0,0,1,0,0,0,0,0,0,1,0,0,0,0
"129",1.36687077418925,0.331157484566825,"AZ",2023-10-03,1,1,1,1,1,1,0,1,1,1,1,1,0,1,1,1,0,1,1,1
"130",2.30376579198228,0.452823014408908,"AZ",2023-10-04,1,0,1,1,1,1,0,1,1,1,1,0,1,1,0,0,0,1,0,1
"131",1.89756147819231,0.363287066842233,"AZ",2023-10-05,1,1,0,1,1,1,1,1,1,1,1,1,0,1,0,1,1,1,1,1
"132",1.80642641920784,0.395434031436393,"AZ",2023-10-06,1,1,1,1,1,0,1,0,1,1,1,1,0,1,0,0,0,0,1,1
"133",1.35699348123992,0.532812073090806,"AZ",2023-10-07,1,1,1,1,1,0,1,1,0,1,0,1,0,1,0,0,0,1,0,1
"134",2.55258486462993,0.359317340964525,"AZ",2023-10-08,1,1,0,1,1,1,1,1,1,1,1,0,1,1,0,0,1,1,1,1
"135",3.32475589488248,0.356172227060702,"AZ",2023-10-09,1,1,1,1,1,1,0,1,1,1,1,0,0,1,0,1,0,1,0,0
"136",2.9003299406808,0.363101967235844,"AZ",2023-10-10,1,1,0,1,1,1,0,1,1,1,0,0,0,0,1,0,0,0,1,0
"137",1.25427623498278,0.343217565498306,"AZ",2023-10-11,1,1,1,1,1,1,1,0,1,1,1,1,1,1,0,0,0,0,1,1
"138",0.527264141566049,0.385319663389126,"AZ",2023-10-12,1,1,0,1,1,1,1,1,1,1,1,1,1,1,1,1,1,1,1,1
"139",1.20489293565684,0.581723299461199,"AZ",2023-10-13,0,0,1,1,1,1,1,1,1,1,0,0,1,1,1,0,0,1,1,1
"140",1.13525197598227,0.336549154660252,"AZ",2023-10-14,1,1,1,1,0,1,1,1,1,1,1,1,0,1,1,1,0,1,1,1
"141",1.91866804449629,0.40793687970458,"AZ",2023-10-15,1,1,1,1,1,1,1,1,0,1,0,0,0,1,0,1,0,1,0,1
"142",3.98294245740031,0.350279032282106,"AZ",2023-10-16,1,0,0,0,1,1,0,1,1,1,0,1,0,1,0,0,0,0,0,1
"143",2.32264098509325,0.387922320982435,"AZ",2023-10-17,1,0,1,1,1,1,1,1,1,1,0,0,0,1,0,0,0,0,1,1
"144",2.53844588902789,0.410185052400396,"AZ",2023-10-18,1,0,0,1,1,1,1,1,1,1,1,0,0,1,0,0,0,1,1,1
"145",2.23204961299046,0.391311341835233,"AZ",2023-10-19,0,1,0,1,1,1,0,1,1,1,1,0,0,1,0,1,0,0,1,1
"146",1.48539555245656,0.311745575651001,"AZ",2023-10-20,1,1,1,1,1,1,0,1,1,1,1,1,0,1,0,1,0,1,0,1
"147",2.59314132894823,0.3338648490151,"AZ",2023-10-21,1,1,1,1,0,0,0,1,1,1,1,1,1,1,0,1,0,1,1,1
"148",3.18450945306746,0.344745124207001,"AZ",2023-10-22,1,1,1,1,0,1,0,1,1,0,1,0,0,1,0,0,0,1,1,0
"149",4.2762325704716,0.377647115609058,"AZ",2023-10-23,1,0,0,1,1,0,1,1,1,1,0,0,0,1,0,0,0,1,0,1
"150",3.55514399938349,0.31382605721294,"AZ",2023-10-24,1,1,1,1,0,1,0,1,1,1,1,0,0,1,0,1,0,1,1,1
"151",1.74743774973021,0.336667556057802,"AZ",2023-10-25,1,1,1,1,1,1,0,1,1,0,0,0,0,1,1,1,0,1,0,0
"152",0.37513346929074,0.245362070794681,"AZ",2023-10-26,1,1,1,1,1,1,1,1,1,1,1,1,0,1,1,1,0,1,1,1
"153",0.963973018617162,0.316416232522601,"AZ",2023-10-27,1,1,1,1,1,1,1,1,1,1,1,0,0,1,0,1,0,0,1,1
"154",2.04120396651793,0.466923378953092,"AZ",2023-10-28,1,1,0,1,1,1,1,0,0,1,1,0,0,1,1,0,1,0,0,1
"155",3.86275421103407,0.352929813505545,"AZ",2023-10-29,1,1,1,1,0,1,0,0,1,0,0,1,0,1,0,0,0,0,1,0
"156",5.2127097427043,0.376907712541971,"AZ",2023-10-30,1,1,1,1,0,1,0,0,1,1,1,0,0,1,0,0,0,0,0,1
"157",2.60279115803347,0.363121485801879,"AZ",2023-10-31,1,1,1,1,1,1,0,1,1,1,0,0,0,1,0,0,0,0,0,1
"158",1.44008326419922,0.328341181436814,"AZ",2023-11-01,1,1,1,1,1,1,0,1,1,1,1,1,0,1,1,1,0,1,1,1
"159",3.69976579284147,0.372700959858548,"AZ",2023-11-02,1,0,0,1,0,1,0,1,1,1,1,0,0,1,0,0,0,0,1,1
"160",2.11890515665239,0.408740168562439,"AZ",2023-11-03,0,0,1,1,0,1,1,1,1,1,0,0,0,1,0,0,0,1,1,1
"161",0.754062309931214,0.373903479070514,"AZ",2023-11-04,1,1,1,1,1,1,1,1,1,1,1,1,1,1,1,1,1,1,1,1
"162",3.76335959197721,0.381895354760249,"AZ",2023-11-05,1,0,0,1,1,1,0,0,1,0,0,0,0,1,0,0,0,0,1,0
"163",7.70555739308141,0.367790884587532,"AZ",2023-11-06,1,1,1,1,0,1,0,0,1,1,0,0,1,1,0,0,0,0,0,1
"164",3.95673344601176,0.342307980079823,"AZ",2023-11-07,1,1,1,1,0,1,0,1,1,0,1,1,0,0,0,0,0,0,1,0
"165",3.33504788521646,0.385547189462911,"AZ",2023-11-08,0,1,0,1,1,0,0,1,1,1,0,0,0,1,0,0,0,0,0,1
"166",2.33175396994505,0.388254405784851,"AZ",2023-11-09,1,1,1,1,1,1,0,0,1,0,0,1,0,1,0,0,0,0,1,0
"167",1.08771495176461,0.362032141246516,"AZ",2023-11-10,1,1,1,1,1,1,1,1,1,1,1,0,0,1,0,1,0,1,1,1
"168",1.5273321049751,0.354491336532836,"AZ",2023-11-11,1,1,1,1,1,1,1,0,1,1,1,1,1,1,0,1,0,0,1,1
"169",1.21182936515693,0.402223715612424,"CA",2023-10-01,1,1,1,1,0,1,1,1,0,1,1,1,0,1,0,1,0,1,0,1
"170",2.98057010998847,0.332770898862151,"CA",2023-10-02,1,1,1,1,1,0,0,1,1,0,1,0,0,1,0,0,0,0,1,0
"171",2.92010163384179,0.348661743852426,"CA",2023-10-03,1,1,1,1,0,0,1,1,1,1,1,1,0,0,0,0,0,0,0,0
"172",4.43107847011597,0.341408275221815,"CA",2023-10-04,1,1,0,1,1,0,0,0,1,1,0,1,0,1,0,0,0,1,1,1
"173",5.24383613037722,0.435996239293184,"CA",2023-10-05,1,0,0,1,0,1,0,1,1,1,0,0,1,1,0,1,0,1,1,1
"174",2.39240687658263,0.410597824486889,"CA",2023-10-06,1,1,1,0,1,1,1,0,0,1,1,0,0,0,0,1,0,0,0,1
"175",1.80314040658137,0.236583272791751,"CA",2023-10-07,1,1,0,1,1,1,0,1,1,1,0,0,1,1,0,0,0,1,1,1
"176",0.695900852788115,0.295193568560246,"CA",2023-10-08,1,1,1,1,1,1,1,1,1,1,1,1,0,1,0,0,1,0,1,1
"177",1.71513479710828,0.338902263462423,"CA",2023-10-09,1,1,1,1,1,1,1,1,1,1,1,0,1,1,0,1,0,0,0,0
"178",3.32294623721667,0.390250302155249,"CA",2023-10-10,0,1,1,1,1,0,0,1,1,1,0,0,0,0,0,0,0,0,0,1
"179",3.01967379388246,0.376761502027443,"CA",2023-10-11,1,1,0,0,0,1,1,1,0,1,1,0,0,1,0,0,1,1,1,1
"180",1.56546538092186,0.331973326794734,"CA",2023-10-12,1,1,1,1,1,1,1,1,1,1,1,1,1,1,0,0,0,1,1,1
"181",2.37256742415902,0.380446154014521,"CA",2023-10-13,1,0,1,1,0,1,1,1,1,1,1,0,0,0,0,0,0,1,1,1
"182",1.55481072904622,0.366909896366216,"CA",2023-10-14,1,1,0,1,1,1,1,0,1,1,1,1,1,1,1,1,0,0,1,1
"183",1.88884559363635,0.428436735913263,"CA",2023-10-15,0,1,0,1,1,1,0,1,1,1,0,1,0,0,0,1,1,1,1,1
"184",3.10876927999521,0.352724877349399,"CA",2023-10-16,1,1,0,0,1,1,1,1,1,0,0,1,0,0,0,0,0,0,0,0
"185",1.60680554091081,0.349820646458983,"CA",2023-10-17,1,1,1,1,1,1,1,1,1,1,1,0,0,1,0,0,0,1,1,0
"186",5.02372280579149,0.41317606371,"CA",2023-10-18,0,0,0,0,0,1,0,1,1,1,0,0,0,1,0,0,1,0,1,0
"187",2.12383382098813,0.383612120290681,"CA",2023-10-19,0,1,0,1,1,0,1,1,1,0,0,0,0,0,0,0,0,1,1,0
"188",1.41772298815202,0.390225471271384,"CA",2023-10-20,1,0,1,1,1,0,1,1,1,0,1,0,0,1,0,0,1,1,1,0
"189",0.657513846926817,0.466601201169479,"CA",2023-10-21,1,1,0,1,1,1,1,1,1,1,1,1,0,1,1,1,0,1,1,1
"190",0.669240655992445,0.383585230718439,"CA",2023-10-22,1,1,1,1,1,1,1,1,1,1,1,1,0,0,0,1,1,0,1,1
"191",2.17040215795225,0.347050331121156,"CA",2023-10-23,1,0,1,1,0,1,1,1,1,1,1,0,0,1,0,1,1,1,1,1
"192",1.34665409468227,0.325856087700416,"CA",2023-10-24,1,1,1,1,1,1,1,1,1,0,0,0,0,0,0,1,1,0,0,1
"193",2.41515467930316,0.4352694870439,"CA",2023-10-25,0,0,1,0,1,1,0,1,1,1,0,0,0,0,0,1,0,0,1,1
"194",3.61627605505908,0.36895322167195,"CA",2023-10-26,1,0,1,0,0,1,1,1,1,1,1,0,0,1,0,0,0,0,0,1
"195",2.1589195888518,0.420946064714025,"CA",2023-10-27,1,1,0,1,1,1,0,1,0,1,1,0,1,1,1,0,0,1,0,1
"196",1.48333547234523,0.407697835053402,"CA",2023-10-28,1,0,1,1,1,1,1,1,1,1,1,0,0,1,1,1,0,1,1,1
"197",1.3014768041218,0.131591858514347,"CA",2023-10-29,1,1,1,1,1,1,0,1,1,1,1,1,1,1,0,0,0,1,1,1
"198",3.79390366752201,0.460415168512232,"CA",2023-10-30,0,0,1,1,0,0,0,1,1,0,0,0,0,0,0,0,0,0,0,0
"199",1.28549344127148,0.335690623994514,"CA",2023-10-31,1,1,1,1,1,1,1,1,1,1,1,1,0,1,0,0,0,0,1,0
"200",2.35726493231974,0.498784637888993,"CA",2023-11-01,1,0,1,1,1,0,0,1,1,0,1,1,0,1,1,0,0,0,1,0
"201",1.16797110063185,0.304597223391292,"CA",2023-11-02,1,1,1,1,1,1,1,1,1,0,1,0,0,1,0,1,0,1,1,0
"202",1.75907259977924,0.245463665411211,"CA",2023-11-03,1,1,1,1,1,1,0,1,1,1,1,1,1,1,0,0,0,0,1,1
"203",1.40245749562637,0.672907184215277,"CA",2023-11-04,0,1,1,0,1,1,0,1,1,1,0,1,1,0,1,1,0,1,1,1
"204",1.3040719852663,0.439014048808169,"CA",2023-11-05,1,1,1,1,1,0,1,1,1,0,1,1,0,1,0,0,0,1,1,0
"205",2.41922057838192,0.3132933362378,"CA",2023-11-06,0,1,1,1,0,1,1,1,1,1,0,0,0,1,1,1,0,0,0,1
"206",3.39077611473457,0.381380704513949,"CA",2023-11-07,1,0,1,1,1,1,1,1,1,0,1,0,0,1,0,0,0,1,0,0
"207",4.09410543403338,0.448472201980868,"CA",2023-11-08,1,1,1,0,1,1,0,1,1,0,1,0,0,0,0,1,0,0,1,0
"208",4.39060375014441,0.384003374474578,"CA",2023-11-09,1,0,1,1,0,1,1,0,1,0,1,0,0,1,0,0,0,0,0,0
"209",1.76762673740411,0.308060612996176,"CA",2023-11-10,1,0,1,1,1,1,1,1,1,1,1,0,0,1,0,1,0,0,0,1
"210",1.1876836834163,0.224117004544724,"CA",2023-11-11,1,1,1,1,1,0,1,1,1,1,1,1,0,1,1,0,1,1,1,1
"211",NA,NA,"CO",2023-10-01,NA,NA,NA,NA,NA,NA,NA,NA,NA,NA,NA,NA,NA,NA,NA,NA,NA,NA,NA,NA
"212",1.57556271234492,0.401584173084528,"CO",2023-10-02,1,1,1,1,0,1,1,1,1,1,1,0,1,1,0,0,0,1,1,1
"213",1.07242857365483,0.368634281487202,"CO",2023-10-03,1,1,1,1,1,1,1,1,1,1,1,0,1,1,0,0,1,0,1,1
"214",1.29457980448964,0.357274070293663,"CO",2023-10-04,1,1,1,1,1,1,1,1,0,1,1,1,1,1,1,0,1,1,0,1
"215",0.903872163558006,0.331022657881762,"CO",2023-10-05,1,1,1,1,1,1,1,1,1,1,1,1,0,1,1,1,0,1,1,1
"216",0.985950585064892,0.409852282795434,"CO",2023-10-06,0,1,1,1,1,1,1,1,1,1,0,1,0,1,0,1,0,1,1,1
"217",NA,NA,"CO",2023-10-07,NA,NA,NA,NA,NA,NA,NA,NA,NA,NA,NA,NA,NA,NA,NA,NA,NA,NA,NA,NA
"218",NA,NA,"CO",2023-10-08,NA,NA,NA,NA,NA,NA,NA,NA,NA,NA,NA,NA,NA,NA,NA,NA,NA,NA,NA,NA
"219",1.15899972503407,0.398979177656433,"CO",2023-10-09,0,1,1,1,1,1,1,1,1,1,1,1,0,1,0,1,0,1,1,1
"220",1.46813296406915,0.477295394902372,"CO",2023-10-10,0,1,0,1,1,1,1,1,1,0,0,1,1,1,0,0,0,1,1,0
"221",1.65663709246908,0.354729181448534,"CO",2023-10-11,1,1,1,1,0,1,1,1,1,1,0,1,0,1,0,0,1,0,1,1
"222",1.78670348409843,0.411035286484861,"CO",2023-10-12,1,1,1,1,1,1,0,1,1,1,0,1,0,0,0,0,0,0,0,1
"223",NA,NA,"CO",2023-10-13,NA,NA,NA,NA,NA,NA,NA,NA,NA,NA,NA,NA,NA,NA,NA,NA,NA,NA,NA,NA
"224",0.509861239630458,0.374942446815848,"CO",2023-10-14,1,1,1,1,1,1,1,1,1,1,1,1,1,1,1,1,1,1,1,1
"225",NA,NA,"CO",2023-10-15,NA,NA,NA,NA,NA,NA,NA,NA,NA,NA,NA,NA,NA,NA,NA,NA,NA,NA,NA,NA
"226",1.46659523428918,0.35478408124325,"CO",2023-10-16,1,1,0,1,1,1,1,1,1,1,1,1,0,1,0,1,1,1,1,1
"227",1.46904027770877,0.40722048994096,"CO",2023-10-17,1,0,1,1,1,1,1,1,1,1,0,0,1,1,0,1,0,1,0,1
"228",0.687133014941162,0.385327767090529,"CO",2023-10-18,1,1,1,1,1,1,1,1,1,1,1,1,1,1,1,1,1,1,1,1
"229",0.98341603652801,0.334616540108719,"CO",2023-10-19,1,1,1,1,1,1,1,1,1,1,1,1,0,1,1,0,0,1,1,1
"230",0.812407346905759,0.414905559634618,"CO",2023-10-20,1,0,1,1,1,1,1,1,1,1,1,0,1,1,0,1,1,1,1,1
"231",NA,NA,"CO",2023-10-21,NA,NA,NA,NA,NA,NA,NA,NA,NA,NA,NA,NA,NA,NA,NA,NA,NA,NA,NA,NA
"232",NA,NA,"CO",2023-10-22,NA,NA,NA,NA,NA,NA,NA,NA,NA,NA,NA,NA,NA,NA,NA,NA,NA,NA,NA,NA
"233",1.88749554461372,0.349783257042428,"CO",2023-10-23,1,1,1,1,1,1,0,0,1,1,1,1,1,1,1,1,1,0,0,1
"234",1.27147833266323,0.434454002268082,"CO",2023-10-24,1,1,1,1,1,1,1,0,1,1,1,1,0,1,0,1,1,0,1,1
"235",2.09742858008281,0.291295171176337,"CO",2023-10-25,1,1,1,1,1,1,0,1,1,1,1,1,1,1,0,1,0,1,1,1
"236",0.942561769912703,0.292094262908381,"CO",2023-10-26,1,1,1,1,1,1,0,1,1,1,1,1,1,1,1,1,0,1,0,1
"237",1.74743043195341,0.41617855651361,"CO",2023-10-27,1,1,0,1,1,1,0,1,1,1,1,1,0,0,1,1,1,1,1,1
"238",NA,NA,"CO",2023-10-28,NA,NA,NA,NA,NA,NA,NA,NA,NA,NA,NA,NA,NA,NA,NA,NA,NA,NA,NA,NA
"239",NA,NA,"CO",2023-10-29,NA,NA,NA,NA,NA,NA,NA,NA,NA,NA,NA,NA,NA,NA,NA,NA,NA,NA,NA,NA
"240",1.93040901761574,0.321383104393017,"CO",2023-10-30,1,1,1,1,1,1,0,1,1,1,1,1,0,1,0,1,0,1,1,1
"241",1.5073083257643,0.405113907017311,"CO",2023-10-31,1,0,1,1,1,1,1,1,1,1,1,0,1,1,1,0,0,1,1,1
"242",1.60389157194765,0.369940895324437,"CO",2023-11-01,1,1,1,1,1,1,0,1,1,0,1,1,0,1,1,1,1,1,1,0
"243",NA,NA,"CO",2023-11-02,NA,NA,NA,NA,NA,NA,NA,NA,NA,NA,NA,NA,NA,NA,NA,NA,NA,NA,NA,NA
"244",1.02391076609827,0.397337720459233,"CO",2023-11-03,1,1,1,1,1,1,1,1,1,0,1,1,0,1,0,1,0,1,1,0
"245",NA,NA,"CO",2023-11-04,NA,NA,NA,NA,NA,NA,NA,NA,NA,NA,NA,NA,NA,NA,NA,NA,NA,NA,NA,NA
"246",NA,NA,"CO",2023-11-05,NA,NA,NA,NA,NA,NA,NA,NA,NA,NA,NA,NA,NA,NA,NA,NA,NA,NA,NA,NA
"247",1.04320469534909,0.378007639105968,"CO",2023-11-06,1,1,1,1,1,1,1,1,0,1,1,1,0,1,0,1,1,1,0,1
"248",0.778956070643599,0.409454964997488,"CO",2023-11-07,1,1,1,1,1,0,1,1,1,1,1,1,0,1,1,0,0,1,1,1
"249",1.28757724898687,0.34893759446394,"CO",2023-11-08,1,1,1,1,1,1,0,1,1,1,1,1,1,1,0,1,0,1,0,1
"250",0.952331585486363,0.402088185810665,"CO",2023-11-09,1,1,1,1,1,1,1,1,1,1,1,0,0,1,0,1,0,1,1,1
"251",1.12236207187453,0.385707917637889,"CO",2023-11-10,1,1,1,1,1,1,1,1,1,0,1,1,0,1,0,1,0,1,1,0
"252",0.571194295933001,0.357050571250027,"CO",2023-11-11,1,1,1,1,0,1,1,1,1,1,1,1,1,1,0,1,0,1,1,1
"253",1.46647272829752,0.503318149843408,"CT",2023-10-01,0,0,1,1,1,1,1,0,1,1,0,0,0,1,1,1,0,0,1,1
"254",2.17193847731187,0.19515808241687,"CT",2023-10-02,1,1,1,1,1,1,0,1,1,1,1,0,1,1,0,1,0,0,0,1
"255",1.09937586378847,0.367846879313434,"CT",2023-10-03,1,1,0,1,1,1,1,1,1,1,0,1,0,1,0,1,0,1,0,1
"256",1.23315665851877,0.299638465235491,"CT",2023-10-04,1,1,1,1,1,1,0,0,1,1,1,1,1,1,0,1,1,0,0,0
"257",2.06303636451999,0.408129590462163,"CT",2023-10-05,0,1,0,1,1,1,1,1,1,1,0,1,0,1,0,0,0,1,1,1
"258",0.556482716411864,0.324138266556632,"CT",2023-10-06,1,1,1,1,1,1,1,1,1,1,0,1,1,1,0,1,0,1,0,1
"259",0.25852635666442,0.187089906167211,"CT",2023-10-07,1,1,1,1,1,1,1,1,1,1,1,1,1,1,0,1,0,1,1,1
"260",0.982402438591546,0.373204065789212,"CT",2023-10-08,1,1,1,1,1,1,1,1,1,0,1,1,0,1,1,0,1,1,0,0
"261",2.0558345294908,0.559820286386831,"CT",2023-10-09,1,0,1,0,1,1,0,1,1,0,1,0,1,0,0,1,0,0,1,0
"262",2.18244140273171,0.402280914429632,"CT",2023-10-10,1,1,1,0,0,1,0,1,1,1,1,1,0,0,0,0,1,1,0,1
"263",0.793131879450143,0.318151544474832,"CT",2023-10-11,1,1,1,1,1,1,1,1,1,1,1,1,1,1,0,1,0,0,1,0
"264",0.99086458528186,0.396601689457343,"CT",2023-10-12,1,1,1,1,1,0,1,0,1,1,0,1,1,1,0,0,0,0,1,0
"265",1.03295114587589,0.508980650874383,"CT",2023-10-13,1,1,1,1,1,0,1,1,1,1,1,1,1,1,0,0,0,0,1,1
"266",NA,NA,"CT",2023-10-14,NA,NA,NA,NA,NA,NA,NA,NA,NA,NA,NA,NA,NA,NA,NA,NA,NA,NA,NA,NA
"267",0.843727688334297,0.605644208256903,"CT",2023-10-15,1,1,1,1,1,1,1,0,1,1,1,1,1,1,1,1,0,0,1,1
"268",0.913312800601675,0.472463169363704,"CT",2023-10-16,1,1,1,1,1,1,1,1,1,1,1,1,0,1,0,1,0,1,1,1
"269",1.27414576494435,0.302927490692177,"CT",2023-10-17,1,1,1,1,1,1,1,1,0,1,1,1,0,1,0,1,0,1,1,1
"270",0.639073910550308,0.374578356264149,"CT",2023-10-18,1,1,1,1,1,1,1,1,1,1,1,1,0,1,1,1,0,1,1,1
"271",1.01709506174505,0.437266475845346,"CT",2023-10-19,1,0,1,1,1,1,1,1,1,1,1,0,0,1,0,1,0,1,1,0
"272",1.09562118967343,0.333366776068712,"CT",2023-10-20,0,1,1,1,1,1,1,1,1,1,0,0,0,1,0,1,0,1,0,1
"273",1.08312071426501,0.172732005441402,"CT",2023-10-21,1,1,1,1,1,1,0,1,1,1,1,1,1,1,0,0,0,1,1,1
"274",0.72827060700346,0.388528672676626,"CT",2023-10-22,1,1,1,1,1,1,1,0,1,1,1,1,1,1,0,1,0,0,0,1
"275",1.97602171345722,0.171630159396265,"CT",2023-10-23,1,1,1,1,1,1,0,1,1,1,1,1,0,1,0,1,0,1,1,1
"276",0.730965630517607,0.387791152389013,"CT",2023-10-24,1,1,1,1,1,1,1,0,1,1,1,1,1,1,0,1,0,1,1,1
"277",0.886044420620523,0.309806908444966,"CT",2023-10-25,1,1,1,1,1,1,1,1,0,1,1,1,1,1,0,1,1,1,0,1
"278",1.53088417210399,0.454028693270831,"CT",2023-10-26,1,0,1,1,1,1,0,1,1,1,1,0,1,1,0,1,0,0,1,1
"279",0.632594739276427,0.433551404501773,"CT",2023-10-27,1,1,1,1,0,1,1,1,1,1,1,1,1,1,0,1,0,1,1,1
"280",1.21036341353778,0.396993071638494,"CT",2023-10-28,1,0,1,1,1,1,1,1,1,1,1,1,0,1,0,1,1,0,0,1
"281",0.618757771559083,0.169736098108578,"CT",2023-10-29,1,1,1,1,1,1,0,1,1,1,1,1,1,1,1,1,1,1,1,1
"282",1.20681626371404,0.458305055712559,"CT",2023-10-30,1,0,1,1,1,0,1,1,1,1,1,0,0,0,0,0,0,1,1,1
"283",1.04908743045618,0.169582616172531,"CT",2023-10-31,1,1,1,1,1,1,0,1,1,1,1,1,0,1,1,1,0,1,1,1
"284",0.587797312117623,0.350923184742596,"CT",2023-11-01,1,1,0,1,1,1,1,1,1,1,1,1,0,1,1,1,0,1,1,1
"285",0.910570387901604,0.387833416211836,"CT",2023-11-02,1,1,1,1,1,1,1,1,1,0,1,0,1,1,0,1,1,0,1,0
"286",0.676780180907458,0.378367359198293,"CT",2023-11-03,1,1,1,1,1,1,1,1,1,1,1,1,1,1,1,1,0,0,1,1
"287",0.232455669011565,0.170017404027898,"CT",2023-11-04,1,1,1,1,1,1,1,1,1,1,1,1,1,1,1,1,1,1,1,1
"288",0.234623417988139,0.170285081838643,"CT",2023-11-05,1,1,1,1,1,1,1,1,1,1,1,1,1,1,1,1,0,0,1,1
"289",1.57480967996848,0.460818534959417,"CT",2023-11-06,1,1,0,1,1,1,0,1,1,0,1,1,0,1,0,1,0,1,0,0
"290",1.54638718729734,0.31503043076821,"CT",2023-11-07,1,0,1,1,1,1,1,1,1,0,1,0,0,1,1,1,0,0,0,0
"291",1.13197857899172,0.531488382412984,"CT",2023-11-08,1,1,1,1,1,1,1,1,1,0,1,1,1,1,0,1,0,0,1,0
"292",0.683168909648906,0.378591660685882,"CT",2023-11-09,1,1,1,1,1,1,1,1,1,1,1,1,0,1,1,1,0,0,1,1
"293",NA,NA,"CT",2023-11-10,NA,NA,NA,NA,NA,NA,NA,NA,NA,NA,NA,NA,NA,NA,NA,NA,NA,NA,NA,NA
"294",NA,NA,"CT",2023-11-11,NA,NA,NA,NA,NA,NA,NA,NA,NA,NA,NA,NA,NA,NA,NA,NA,NA,NA,NA,NA
"295",NA,NA,"DC",2023-10-01,NA,NA,NA,NA,NA,NA,NA,NA,NA,NA,NA,NA,NA,NA,NA,NA,NA,NA,NA,NA
"296",0.773590134486901,0.548293493295173,"DC",2023-10-02,1,1,1,1,1,0,1,1,1,1,1,1,1,1,1,0,0,1,1,1
"297",0.652411138203099,0.442665517379465,"DC",2023-10-03,1,1,0,1,1,1,1,1,1,1,1,1,0,1,1,1,0,1,1,1
"298",0.276380774641493,0.222245160765405,"DC",2023-10-04,1,1,1,1,1,1,1,1,1,1,1,1,1,1,1,1,1,1,1,1
"299",0.652738938760061,0.445026320266401,"DC",2023-10-05,1,1,0,1,1,1,1,1,1,1,1,1,0,1,1,1,0,1,1,1
"300",NA,NA,"DC",2023-10-06,NA,NA,NA,NA,NA,NA,NA,NA,NA,NA,NA,NA,NA,NA,NA,NA,NA,NA,NA,NA
"301",0.707272241839543,0.386925481062466,"DC",2023-10-07,1,1,1,1,1,0,1,1,1,1,1,1,0,1,1,0,1,1,1,1
"302",0.646131973415815,0.448348077573922,"DC",2023-10-08,1,1,0,1,1,1,1,1,1,1,1,1,0,1,1,1,1,1,0,1
"303",NA,NA,"DC",2023-10-09,NA,NA,NA,NA,NA,NA,NA,NA,NA,NA,NA,NA,NA,NA,NA,NA,NA,NA,NA,NA
"304",NA,NA,"DC",2023-10-10,NA,NA,NA,NA,NA,NA,NA,NA,NA,NA,NA,NA,NA,NA,NA,NA,NA,NA,NA,NA
"305",0.273263862087677,0.212449425643871,"DC",2023-10-11,1,1,1,1,1,1,1,1,1,1,1,1,1,1,1,1,0,0,1,1
"306",0.500768829864887,0.315445015641709,"DC",2023-10-12,1,1,1,1,1,1,1,1,1,1,1,1,1,1,1,1,1,1,1,1
"307",0.684506391702108,0.209953349856148,"DC",2023-10-13,1,1,1,1,1,1,0,1,1,1,1,1,1,1,1,1,0,1,0,1
"308",0.915419692953315,0.415430365068783,"DC",2023-10-14,1,1,1,1,1,1,1,1,1,0,1,1,0,1,1,1,0,1,0,0
"309",0.696600722170312,0.207590701291032,"DC",2023-10-15,1,1,1,1,1,1,0,1,1,1,1,1,1,1,1,1,1,1,1,1
"310",0.848822039183871,0.599410867420555,"DC",2023-10-16,1,0,1,1,1,1,1,1,1,1,1,0,1,1,1,1,0,1,1,1
"311",0.269495831459409,0.205361584740975,"DC",2023-10-17,1,1,1,1,1,1,1,1,1,1,1,1,1,1,1,1,1,1,1,1
"312",0.85116636685429,0.602064180825689,"DC",2023-10-18,1,0,1,1,1,1,1,1,1,1,1,0,1,1,1,1,0,1,1,1
"313",0.683049820727865,0.203266582266398,"DC",2023-10-19,1,1,1,1,1,1,0,1,1,1,1,1,1,1,0,1,0,1,1,1
"314",0.25734504993331,0.202269692464651,"DC",2023-10-20,1,1,1,1,1,1,1,1,1,1,1,1,1,1,1,1,0,1,0,1
"315",0.849032290290934,0.597395757595463,"DC",2023-10-21,1,1,1,1,1,1,1,1,0,1,1,1,1,1,1,1,0,1,0,1
"316",0.500155861527823,0.313639453787358,"DC",2023-10-22,1,1,1,1,1,1,1,1,1,1,1,1,1,1,0,1,0,1,1,1
"317",NA,NA,"DC",2023-10-23,NA,NA,NA,NA,NA,NA,NA,NA,NA,NA,NA,NA,NA,NA,NA,NA,NA,NA,NA,NA
"318",NA,NA,"DC",2023-10-24,NA,NA,NA,NA,NA,NA,NA,NA,NA,NA,NA,NA,NA,NA,NA,NA,NA,NA,NA,NA
"319",NA,NA,"DC",2023-10-25,NA,NA,NA,NA,NA,NA,NA,NA,NA,NA,NA,NA,NA,NA,NA,NA,NA,NA,NA,NA
"320",0.674789273546469,0.197010704243578,"DC",2023-10-26,1,1,1,1,1,1,0,1,1,1,1,1,1,1,1,1,0,0,1,1
"321",0.253610705880481,0.196257459052445,"DC",2023-10-27,1,1,1,1,1,1,1,1,1,1,1,1,1,1,1,1,1,1,1,1
"322",0.245298142396002,0.195540466880058,"DC",2023-10-28,1,1,1,1,1,1,1,1,1,1,1,1,0,1,1,1,0,1,1,1
"323",NA,NA,"DC",2023-10-29,NA,NA,NA,NA,NA,NA,NA,NA,NA,NA,NA,NA,NA,NA,NA,NA,NA,NA,NA,NA
"324",NA,NA,"DC",2023-10-30,NA,NA,NA,NA,NA,NA,NA,NA,NA,NA,NA,NA,NA,NA,NA,NA,NA,NA,NA,NA
"325",0.794383523586899,0.399801024077749,"DC",2023-10-31,1,1,1,1,1,1,1,0,1,1,1,1,0,1,1,1,1,0,1,1
"326",NA,NA,"DC",2023-11-01,NA,NA,NA,NA,NA,NA,NA,NA,NA,NA,NA,NA,NA,NA,NA,NA,NA,NA,NA,NA
"327",0.675818225218367,0.462389132489346,"DC",2023-11-02,1,1,0,1,1,1,1,1,1,1,1,1,0,1,1,1,0,1,1,1
"328",0.566415034267644,0.320713912577552,"DC",2023-11-03,1,1,1,1,1,1,1,1,1,1,1,0,0,1,0,1,1,1,0,1
"329",0.258565685950452,0.191581730166664,"DC",2023-11-04,1,1,1,1,1,1,1,1,1,1,1,0,1,1,1,1,0,1,1,1
"330",NA,NA,"DC",2023-11-05,NA,NA,NA,NA,NA,NA,NA,NA,NA,NA,NA,NA,NA,NA,NA,NA,NA,NA,NA,NA
"331",1.1153830885406,0.531298740493501,"DC",2023-11-06,0,1,1,1,1,1,1,1,1,1,0,1,1,1,0,1,0,1,1,1
"332",NA,NA,"DC",2023-11-07,NA,NA,NA,NA,NA,NA,NA,NA,NA,NA,NA,NA,NA,NA,NA,NA,NA,NA,NA,NA
"333",0.250860032216119,0.190212343879727,"DC",2023-11-08,1,1,1,1,1,1,1,1,1,1,1,1,1,1,1,1,1,1,1,1
"334",0.886825878944703,0.381804653034118,"DC",2023-11-09,1,1,1,1,1,1,1,1,1,0,1,1,0,0,0,1,0,1,1,0
"335",0.652734754200778,0.189793162345275,"DC",2023-11-10,1,1,1,1,1,1,0,1,1,1,1,1,1,1,1,0,0,1,1,1
"336",0.520876349247109,0.324726294878157,"DC",2023-11-11,1,1,1,1,1,1,1,1,1,1,1,1,0,1,1,1,1,1,0,1
"337",NA,NA,"DE",2023-10-01,NA,NA,NA,NA,NA,NA,NA,NA,NA,NA,NA,NA,NA,NA,NA,NA,NA,NA,NA,NA
"338",0.840084193474951,0.587626624465071,"DE",2023-10-02,1,1,1,1,1,1,1,1,0,1,1,1,1,1,0,1,1,1,0,1
"339",NA,NA,"DE",2023-10-03,NA,NA,NA,NA,NA,NA,NA,NA,NA,NA,NA,NA,NA,NA,NA,NA,NA,NA,NA,NA
"340",NA,NA,"DE",2023-10-04,NA,NA,NA,NA,NA,NA,NA,NA,NA,NA,NA,NA,NA,NA,NA,NA,NA,NA,NA,NA
"341",NA,NA,"DE",2023-10-05,NA,NA,NA,NA,NA,NA,NA,NA,NA,NA,NA,NA,NA,NA,NA,NA,NA,NA,NA,NA
"342",NA,NA,"DE",2023-10-06,NA,NA,NA,NA,NA,NA,NA,NA,NA,NA,NA,NA,NA,NA,NA,NA,NA,NA,NA,NA
"343",NA,NA,"DE",2023-10-07,NA,NA,NA,NA,NA,NA,NA,NA,NA,NA,NA,NA,NA,NA,NA,NA,NA,NA,NA,NA
"344",NA,NA,"DE",2023-10-08,NA,NA,NA,NA,NA,NA,NA,NA,NA,NA,NA,NA,NA,NA,NA,NA,NA,NA,NA,NA
"345",0.802115326154043,0.402342107195472,"DE",2023-10-09,1,0,1,1,1,1,1,1,1,1,1,1,0,1,0,1,1,1,1,1
"346",0.762941458833046,0.339384567969116,"DE",2023-10-10,1,1,1,1,1,1,1,1,1,1,1,0,0,1,0,0,0,1,0,1
"347",1.05343929879535,0.500319772494539,"DE",2023-10-11,1,1,1,1,1,1,1,1,1,0,1,1,1,1,1,1,0,1,1,0
"348",NA,NA,"DE",2023-10-12,NA,NA,NA,NA,NA,NA,NA,NA,NA,NA,NA,NA,NA,NA,NA,NA,NA,NA,NA,NA
"349",NA,NA,"DE",2023-10-13,NA,NA,NA,NA,NA,NA,NA,NA,NA,NA,NA,NA,NA,NA,NA,NA,NA,NA,NA,NA
"350",NA,NA,"DE",2023-10-14,NA,NA,NA,NA,NA,NA,NA,NA,NA,NA,NA,NA,NA,NA,NA,NA,NA,NA,NA,NA
"351",NA,NA,"DE",2023-10-15,NA,NA,NA,NA,NA,NA,NA,NA,NA,NA,NA,NA,NA,NA,NA,NA,NA,NA,NA,NA
"352",0.860858241153579,0.606977758445178,"DE",2023-10-16,1,1,1,1,1,1,1,1,1,0,1,0,1,1,1,1,1,1,1,0
"353",1.34226986288734,0.444786123570593,"DE",2023-10-17,1,1,0,1,1,1,1,1,1,1,1,1,0,1,0,1,1,1,0,1
"354",0.747939536251984,0.306034632824159,"DE",2023-10-18,1,1,1,1,1,1,1,1,1,1,0,0,0,1,1,1,0,1,0,1
"355",NA,NA,"DE",2023-10-19,NA,NA,NA,NA,NA,NA,NA,NA,NA,NA,NA,NA,NA,NA,NA,NA,NA,NA,NA,NA
"356",NA,NA,"DE",2023-10-20,NA,NA,NA,NA,NA,NA,NA,NA,NA,NA,NA,NA,NA,NA,NA,NA,NA,NA,NA,NA
"357",NA,NA,"DE",2023-10-21,NA,NA,NA,NA,NA,NA,NA,NA,NA,NA,NA,NA,NA,NA,NA,NA,NA,NA,NA,NA
"358",NA,NA,"DE",2023-10-22,NA,NA,NA,NA,NA,NA,NA,NA,NA,NA,NA,NA,NA,NA,NA,NA,NA,NA,NA,NA
"359",0.987105822167304,0.342874894156559,"DE",2023-10-23,1,1,1,1,0,1,1,1,1,1,1,0,0,1,0,1,1,1,1,1
"360",0.552937218947494,0.35981139384345,"DE",2023-10-24,1,1,1,1,1,1,1,1,1,1,1,1,1,1,1,1,1,1,1,1
"361",NA,NA,"DE",2023-10-25,NA,NA,NA,NA,NA,NA,NA,NA,NA,NA,NA,NA,NA,NA,NA,NA,NA,NA,NA,NA
"362",NA,NA,"DE",2023-10-26,NA,NA,NA,NA,NA,NA,NA,NA,NA,NA,NA,NA,NA,NA,NA,NA,NA,NA,NA,NA
"363",NA,NA,"DE",2023-10-27,NA,NA,NA,NA,NA,NA,NA,NA,NA,NA,NA,NA,NA,NA,NA,NA,NA,NA,NA,NA
"364",NA,NA,"DE",2023-10-28,NA,NA,NA,NA,NA,NA,NA,NA,NA,NA,NA,NA,NA,NA,NA,NA,NA,NA,NA,NA
"365",0.834062825649525,0.556555254028732,"DE",2023-10-29,1,1,1,1,1,1,1,0,1,1,1,1,0,1,1,1,1,0,1,1
"366",1.51418150439329,0.379514991719574,"DE",2023-10-30,1,1,1,1,1,1,1,0,1,0,1,0,0,1,0,1,1,0,0,0
"367",0.82965116637363,0.413171501186406,"DE",2023-10-31,1,1,1,1,1,1,1,1,1,0,0,1,1,1,1,0,0,1,1,0
"368",0.314002546536009,0.219098371200221,"DE",2023-11-01,1,1,1,1,1,1,1,1,1,1,1,1,1,1,1,1,1,1,1,1
"369",0.64807080365394,0.459884628274046,"DE",2023-11-02,1,1,0,1,1,1,1,1,1,1,1,0,0,1,1,1,1,1,1,1
"370",NA,NA,"DE",2023-11-03,NA,NA,NA,NA,NA,NA,NA,NA,NA,NA,NA,NA,NA,NA,NA,NA,NA,NA,NA,NA
"371",0.743855341272133,0.218460618653097,"DE",2023-11-04,1,1,1,1,1,1,0,1,1,1,1,1,0,1,1,1,0,1,1,1
"372",NA,NA,"DE",2023-11-05,NA,NA,NA,NA,NA,NA,NA,NA,NA,NA,NA,NA,NA,NA,NA,NA,NA,NA,NA,NA
"373",1.15311638341055,0.484138702732807,"DE",2023-11-06,1,1,1,1,1,0,0,1,1,1,1,0,0,1,0,0,0,1,1,1
"374",1.60062941030014,0.389072122776313,"DE",2023-11-07,1,1,1,1,0,1,1,1,0,0,0,0,0,1,0,1,0,1,0,0
"375",1.15378200193428,0.374802354382979,"DE",2023-11-08,1,1,1,1,1,1,1,1,1,0,1,0,1,1,0,0,0,1,1,0
"376",NA,NA,"DE",2023-11-09,NA,NA,NA,NA,NA,NA,NA,NA,NA,NA,NA,NA,NA,NA,NA,NA,NA,NA,NA,NA
"377",NA,NA,"DE",2023-11-10,NA,NA,NA,NA,NA,NA,NA,NA,NA,NA,NA,NA,NA,NA,NA,NA,NA,NA,NA,NA
"378",NA,NA,"DE",2023-11-11,NA,NA,NA,NA,NA,NA,NA,NA,NA,NA,NA,NA,NA,NA,NA,NA,NA,NA,NA,NA
"379",0.895763896322398,0.448456861066857,"FL",2023-10-01,1,0,1,1,1,1,1,1,1,1,1,1,1,1,1,1,1,1,1,1
"380",2.89760258100077,0.420233964894368,"FL",2023-10-02,0,1,1,1,0,1,0,1,1,1,0,0,0,1,1,0,0,0,1,1
"381",1.7985937339055,0.372682140268488,"FL",2023-10-03,1,1,1,1,1,0,1,1,1,1,1,1,1,1,0,1,0,0,0,1
"382",2.26902243340697,0.372701500363338,"FL",2023-10-04,1,0,1,1,1,1,1,0,1,1,0,0,0,1,0,1,0,0,0,0
"383",1.88107262552593,0.407917389484763,"FL",2023-10-05,1,1,1,0,0,1,1,1,1,1,0,0,0,0,0,0,0,1,1,1
"384",1.62062534299753,0.349457630480629,"FL",2023-10-06,1,1,1,1,0,1,1,1,1,0,1,0,0,1,0,1,0,1,1,0
"385",1.59309804445399,0.522605975730335,"FL",2023-10-07,1,0,1,1,1,0,0,0,1,1,0,1,1,1,1,0,0,0,1,1
"386",1.078486510384,0.461910246084302,"FL",2023-10-08,1,0,1,1,1,0,1,1,1,1,1,0,0,1,1,0,0,1,1,1
"387",1.59790773505138,0.361859141218163,"FL",2023-10-09,1,1,1,1,1,1,1,1,1,1,0,0,0,1,0,1,0,1,0,1
"388",2.12735105687586,0.345365820950408,"FL",2023-10-10,1,1,1,1,1,0,0,1,1,1,1,0,0,1,0,0,0,1,0,1
"389",2.40781171889186,0.416250496444658,"FL",2023-10-11,1,1,0,1,1,1,1,0,1,0,0,0,0,1,1,0,0,1,0,0
"390",3.76818077203732,0.404724484644457,"FL",2023-10-12,1,0,0,1,0,1,0,1,0,1,1,0,0,1,0,0,0,1,0,1
"391",0.85435661355161,0.383549459249014,"FL",2023-10-13,1,1,1,1,1,1,1,1,1,0,1,1,0,1,0,1,1,0,1,0
"392",3.71693114612006,0.358183276362626,"FL",2023-10-14,1,1,0,1,1,1,0,1,1,1,1,1,0,1,0,0,0,1,1,0
"393",0.568062435039325,0.384514717292062,"FL",2023-10-15,1,1,0,1,1,1,1,1,1,1,1,1,0,1,1,0,1,1,1,1
"394",2.13456812805895,0.446460392692457,"FL",2023-10-16,1,0,1,0,1,1,0,1,1,1,1,1,1,0,0,1,1,1,1,1
"395",2.36701346373008,0.465530949706941,"FL",2023-10-17,1,0,1,1,1,1,0,1,1,0,1,0,1,1,0,1,0,1,0,0
"396",1.95441276526201,0.406131545707023,"FL",2023-10-18,1,1,0,1,0,1,1,1,1,0,0,0,0,1,0,0,1,1,0,0
"397",2.20577183529998,0.42432599052282,"FL",2023-10-19,1,0,0,1,1,0,1,1,1,1,0,0,0,1,0,0,1,0,1,0
"398",2.00913974746175,0.283771731334025,"FL",2023-10-20,0,1,1,1,1,1,0,1,1,1,0,1,1,1,0,0,0,0,0,1
"399",0.902365170741326,0.423620577326933,"FL",2023-10-21,1,0,1,1,1,1,1,1,1,1,1,0,0,1,0,1,1,1,1,1
"400",1.27565536114103,0.357298998158824,"FL",2023-10-22,1,0,1,1,1,0,1,1,1,1,1,0,0,1,1,1,0,1,0,1
"401",2.07036096233256,0.409564338109763,"FL",2023-10-23,1,0,1,1,1,1,1,1,1,0,1,0,0,1,1,0,0,1,0,0
"402",1.26042523867917,0.354422172557037,"FL",2023-10-24,1,1,1,1,1,1,1,1,1,1,1,0,0,1,0,1,0,1,0,1
"403",2.60945871722377,0.530651494020161,"FL",2023-10-25,1,0,1,1,1,1,0,0,1,0,1,0,0,1,1,0,0,1,1,0
"404",1.67077851574758,0.387610138386802,"FL",2023-10-26,0,1,1,1,1,1,1,0,1,1,0,1,0,1,0,1,0,0,0,1
"405",2.3025349511291,0.267860893977729,"FL",2023-10-27,1,1,0,1,1,1,0,1,1,1,1,0,1,1,0,1,0,0,0,1
"406",0.764463290331259,0.395341885547436,"FL",2023-10-28,1,0,1,1,1,1,1,1,1,1,1,0,1,1,0,1,1,1,1,1
"407",0.805805914468274,0.40444148089943,"FL",2023-10-29,1,1,1,1,1,1,1,1,1,0,1,1,1,1,0,1,1,1,1,0
"408",2.54174679142209,0.400670564814806,"FL",2023-10-30,0,1,1,1,0,1,1,1,0,1,0,1,0,1,0,0,1,0,0,0
"409",1.65394402039157,0.443348896661464,"FL",2023-10-31,1,1,1,1,1,1,0,1,1,0,1,1,1,1,0,1,0,1,0,0
"410",1.51740276187151,0.337340358421055,"FL",2023-11-01,1,1,1,1,1,1,1,0,1,1,1,1,1,1,0,1,0,0,1,1
"411",2.24241975146419,0.388593416411937,"FL",2023-11-02,1,0,1,1,1,1,1,1,1,1,0,0,0,1,0,1,1,1,0,1
"412",2.83712444517656,0.274241718897234,"FL",2023-11-03,0,1,0,1,1,1,0,1,1,1,0,0,0,1,1,1,0,0,0,0
"413",1.07165393598227,0.45329414515398,"FL",2023-11-04,1,0,1,1,1,1,1,0,1,1,1,0,1,1,1,1,0,1,1,1
"414",0.717134181162375,0.376788660941574,"FL",2023-11-05,1,1,1,1,1,1,1,0,1,1,1,1,0,1,1,1,1,0,1,1
"415",3.32321009608264,0.448184168454946,"FL",2023-11-06,1,0,0,1,1,1,0,1,1,0,1,0,0,1,0,0,0,0,1,0
"416",1.72622138878622,0.348521404345066,"FL",2023-11-07,1,1,1,1,0,1,1,0,1,0,1,1,0,1,0,0,0,0,1,0
"417",3.07707795209577,0.44852791601165,"FL",2023-11-08,0,0,1,1,1,1,0,1,1,0,0,0,0,1,0,0,0,1,0,0
"418",2.68485454066579,0.416407362647487,"FL",2023-11-09,1,1,1,1,0,1,1,1,1,0,1,0,0,1,0,1,1,0,1,0
"419",3.12988789250289,0.506016093553669,"FL",2023-11-10,1,1,1,1,1,1,0,1,1,0,1,1,0,1,0,1,0,1,0,0
"420",0.890657021885368,0.621019407601486,"FL",2023-11-11,1,1,1,1,1,1,1,1,1,0,1,1,0,1,1,1,1,1,1,0
"421",0.379391114769698,0.27322184759798,"GA",2023-10-01,1,1,1,1,1,1,1,1,1,1,1,1,0,1,1,1,0,1,1,1
"422",1.09958585395797,0.283988804312675,"GA",2023-10-02,1,1,1,1,1,1,0,1,1,1,1,1,0,1,1,0,0,1,1,1
"423",0.579675086069907,0.360653569663727,"GA",2023-10-03,1,1,1,1,1,1,1,1,1,1,1,1,0,1,0,1,1,1,1,1
"424",1.56134450465584,0.454172297424073,"GA",2023-10-04,0,1,1,1,0,1,1,1,1,1,0,0,1,1,0,0,0,1,1,1
"425",0.868160142399301,0.360144129519612,"GA",2023-10-05,0,1,1,1,1,1,1,1,1,1,0,1,1,1,0,1,1,1,1,1
"426",0.83494306957034,0.422008488528929,"GA",2023-10-06,0,1,1,1,1,1,1,1,1,1,0,1,1,1,1,1,0,1,1,1
"427",0.401538267570798,0.297603955491444,"GA",2023-10-07,1,1,1,1,1,1,1,1,1,1,1,1,0,1,1,1,0,1,1,1
"428",0.357353467251062,0.25660312259773,"GA",2023-10-08,1,1,1,1,1,1,1,1,1,1,1,1,1,1,1,1,1,1,1,1
"429",0.764229178553678,0.404940730620596,"GA",2023-10-09,1,1,1,1,1,1,1,1,1,1,1,1,0,1,0,1,1,1,1,1
"430",1.82829652218461,0.501770922192408,"GA",2023-10-10,1,1,1,1,1,1,1,1,1,0,1,0,0,1,1,1,1,1,1,0
"431",1.61197424517563,0.488188886583756,"GA",2023-10-11,0,1,1,1,1,1,1,0,1,0,0,0,0,1,0,0,0,1,1,0
"432",1.74070775846912,0.420672228303613,"GA",2023-10-12,1,0,1,1,1,1,1,1,0,1,0,0,0,1,0,0,0,1,0,1
"433",1.51925976048698,0.574134873562936,"GA",2023-10-13,0,1,1,1,1,0,1,1,0,1,1,1,1,1,0,0,0,1,0,1
"434",1.46817612808458,0.552037438860279,"GA",2023-10-14,0,0,1,1,1,1,0,1,1,1,0,0,0,1,0,1,0,1,1,1
"435",1.43409756893266,0.328444477920481,"GA",2023-10-15,0,1,1,1,1,1,0,1,1,1,0,1,0,1,1,0,0,1,1,0
"436",1.36356370016036,0.492872658306695,"GA",2023-10-16,1,0,1,1,1,1,0,1,1,1,1,0,1,1,1,0,0,1,0,1
"437",0.403444308304237,0.299745844162284,"GA",2023-10-17,1,1,1,1,1,1,1,1,1,1,1,1,0,1,1,1,0,1,1,1
"438",1.5810127422306,0.340142112066134,"GA",2023-10-18,1,1,1,1,1,1,1,1,1,1,1,1,0,1,0,0,0,1,1,1
"439",0.709295573599381,0.485467450433914,"GA",2023-10-19,1,1,1,1,0,1,1,1,1,1,1,1,1,1,0,1,0,1,1,1
"440",1.55730090653369,0.578509770882568,"GA",2023-10-20,1,1,1,1,1,0,0,0,0,1,1,1,0,1,1,0,1,0,0,1
"441",1.75120755495045,0.489114340282837,"GA",2023-10-21,0,1,1,1,1,1,1,1,1,1,0,1,0,1,0,0,0,1,1,1
"442",0.327106239282695,0.230011437291695,"GA",2023-10-22,1,1,1,1,1,1,1,1,1,1,1,1,1,1,0,1,0,1,1,1
"443",1.23125485696796,0.322020861517127,"GA",2023-10-23,1,0,1,1,1,1,1,1,1,1,1,0,1,1,1,1,0,1,1,1
"444",0.746417954777931,0.338700025067916,"GA",2023-10-24,1,1,1,1,1,1,1,1,1,1,1,0,0,1,1,0,0,1,0,1
"445",1.75773933032407,0.422951320638309,"GA",2023-10-25,1,1,1,1,1,1,1,1,0,1,1,0,0,1,1,1,0,1,0,1
"446",0.508762042080458,0.381658206438558,"GA",2023-10-26,1,1,1,1,1,1,1,1,1,1,1,1,0,1,1,1,0,1,1,1
"447",1.94077820826603,0.392618011273959,"GA",2023-10-27,1,1,1,1,1,1,1,1,1,0,0,1,1,1,0,0,0,0,1,0
"448",0.410530477025733,0.303857971891676,"GA",2023-10-28,1,1,1,1,1,1,1,1,1,1,1,1,0,1,0,1,0,1,1,1
"449",0.781481127176306,0.220740415442943,"GA",2023-10-29,1,1,1,1,1,1,0,1,1,1,1,1,1,1,0,0,0,1,1,1
"450",1.48416332839048,0.320765688880153,"GA",2023-10-30,1,1,1,1,1,1,0,1,1,1,1,0,1,1,0,1,0,1,1,0
"451",1.1182241296254,0.343256049454225,"GA",2023-10-31,1,1,1,0,1,1,1,1,1,1,1,1,0,0,0,1,0,1,1,1
"452",2.15051776935214,0.340847399173342,"GA",2023-11-01,1,1,0,1,1,1,0,1,1,1,1,1,0,1,0,1,0,1,0,1
"453",0.840804140012091,0.407820896902196,"GA",2023-11-02,1,1,1,1,1,1,1,1,1,0,1,1,1,1,1,0,1,1,1,0
"454",0.885018936965323,0.360111226868144,"GA",2023-11-03,1,1,1,1,1,1,1,1,1,0,1,1,0,1,0,0,1,1,1,0
"455",0.3137588492448,0.215340805111736,"GA",2023-11-04,1,1,1,1,1,1,1,1,1,1,1,1,1,1,1,1,1,1,1,1
"456",0.425495968956638,0.30765737396371,"GA",2023-11-05,1,1,1,1,1,1,1,1,1,1,1,0,0,1,1,1,0,1,1,1
"457",1.1802068979463,0.372310948275397,"GA",2023-11-06,1,1,1,1,1,1,1,1,1,0,0,0,0,0,0,0,1,1,1,0
"458",1.13264609493618,0.535578581904344,"GA",2023-11-07,0,1,1,1,0,1,1,1,1,1,0,1,1,1,0,1,0,1,1,1
"459",1.66688065199894,0.411801732248285,"GA",2023-11-08,1,1,1,1,1,1,1,1,1,0,1,1,0,1,1,1,0,1,1,0
"460",0.800716628957717,0.405425967478259,"GA",2023-11-09,1,0,1,1,1,1,1,1,1,1,1,0,0,1,1,1,1,1,1,1
"461",1.70775886028359,0.33945075390283,"GA",2023-11-10,1,0,1,1,1,1,0,1,0,1,1,0,0,1,1,1,0,1,0,1
"462",0.540866415279384,0.409266221818382,"GA",2023-11-11,1,1,0,1,1,1,1,1,1,1,1,1,1,1,1,1,1,1,1,1
"463",NA,NA,"HI",2023-10-01,NA,NA,NA,NA,NA,NA,NA,NA,NA,NA,NA,NA,NA,NA,NA,NA,NA,NA,NA,NA
"464",NA,NA,"HI",2023-10-02,NA,NA,NA,NA,NA,NA,NA,NA,NA,NA,NA,NA,NA,NA,NA,NA,NA,NA,NA,NA
"465",0.333256187410747,0.2363705681025,"HI",2023-10-03,1,1,1,1,1,1,1,1,1,1,1,1,1,1,1,1,1,1,1,1
"466",NA,NA,"HI",2023-10-04,NA,NA,NA,NA,NA,NA,NA,NA,NA,NA,NA,NA,NA,NA,NA,NA,NA,NA,NA,NA
"467",NA,NA,"HI",2023-10-05,NA,NA,NA,NA,NA,NA,NA,NA,NA,NA,NA,NA,NA,NA,NA,NA,NA,NA,NA,NA
"468",NA,NA,"HI",2023-10-06,NA,NA,NA,NA,NA,NA,NA,NA,NA,NA,NA,NA,NA,NA,NA,NA,NA,NA,NA,NA
"469",NA,NA,"HI",2023-10-07,NA,NA,NA,NA,NA,NA,NA,NA,NA,NA,NA,NA,NA,NA,NA,NA,NA,NA,NA,NA
"470",NA,NA,"HI",2023-10-08,NA,NA,NA,NA,NA,NA,NA,NA,NA,NA,NA,NA,NA,NA,NA,NA,NA,NA,NA,NA
"471",NA,NA,"HI",2023-10-09,NA,NA,NA,NA,NA,NA,NA,NA,NA,NA,NA,NA,NA,NA,NA,NA,NA,NA,NA,NA
"472",NA,NA,"HI",2023-10-10,NA,NA,NA,NA,NA,NA,NA,NA,NA,NA,NA,NA,NA,NA,NA,NA,NA,NA,NA,NA
"473",NA,NA,"HI",2023-10-11,NA,NA,NA,NA,NA,NA,NA,NA,NA,NA,NA,NA,NA,NA,NA,NA,NA,NA,NA,NA
"474",NA,NA,"HI",2023-10-12,NA,NA,NA,NA,NA,NA,NA,NA,NA,NA,NA,NA,NA,NA,NA,NA,NA,NA,NA,NA
"475",NA,NA,"HI",2023-10-13,NA,NA,NA,NA,NA,NA,NA,NA,NA,NA,NA,NA,NA,NA,NA,NA,NA,NA,NA,NA
"476",NA,NA,"HI",2023-10-14,NA,NA,NA,NA,NA,NA,NA,NA,NA,NA,NA,NA,NA,NA,NA,NA,NA,NA,NA,NA
"477",NA,NA,"HI",2023-10-15,NA,NA,NA,NA,NA,NA,NA,NA,NA,NA,NA,NA,NA,NA,NA,NA,NA,NA,NA,NA
"478",NA,NA,"HI",2023-10-16,NA,NA,NA,NA,NA,NA,NA,NA,NA,NA,NA,NA,NA,NA,NA,NA,NA,NA,NA,NA
"479",NA,NA,"HI",2023-10-17,NA,NA,NA,NA,NA,NA,NA,NA,NA,NA,NA,NA,NA,NA,NA,NA,NA,NA,NA,NA
"480",NA,NA,"HI",2023-10-18,NA,NA,NA,NA,NA,NA,NA,NA,NA,NA,NA,NA,NA,NA,NA,NA,NA,NA,NA,NA
"481",NA,NA,"HI",2023-10-19,NA,NA,NA,NA,NA,NA,NA,NA,NA,NA,NA,NA,NA,NA,NA,NA,NA,NA,NA,NA
"482",NA,NA,"HI",2023-10-20,NA,NA,NA,NA,NA,NA,NA,NA,NA,NA,NA,NA,NA,NA,NA,NA,NA,NA,NA,NA
"483",NA,NA,"HI",2023-10-21,NA,NA,NA,NA,NA,NA,NA,NA,NA,NA,NA,NA,NA,NA,NA,NA,NA,NA,NA,NA
"484",NA,NA,"HI",2023-10-22,NA,NA,NA,NA,NA,NA,NA,NA,NA,NA,NA,NA,NA,NA,NA,NA,NA,NA,NA,NA
"485",0.321757825026571,0.230461701250675,"HI",2023-10-23,1,1,1,1,1,1,1,1,1,1,1,1,1,1,1,1,1,1,1,1
"486",NA,NA,"HI",2023-10-24,NA,NA,NA,NA,NA,NA,NA,NA,NA,NA,NA,NA,NA,NA,NA,NA,NA,NA,NA,NA
"487",NA,NA,"HI",2023-10-25,NA,NA,NA,NA,NA,NA,NA,NA,NA,NA,NA,NA,NA,NA,NA,NA,NA,NA,NA,NA
"488",NA,NA,"HI",2023-10-26,NA,NA,NA,NA,NA,NA,NA,NA,NA,NA,NA,NA,NA,NA,NA,NA,NA,NA,NA,NA
"489",NA,NA,"HI",2023-10-27,NA,NA,NA,NA,NA,NA,NA,NA,NA,NA,NA,NA,NA,NA,NA,NA,NA,NA,NA,NA
"490",NA,NA,"HI",2023-10-28,NA,NA,NA,NA,NA,NA,NA,NA,NA,NA,NA,NA,NA,NA,NA,NA,NA,NA,NA,NA
"491",NA,NA,"HI",2023-10-29,NA,NA,NA,NA,NA,NA,NA,NA,NA,NA,NA,NA,NA,NA,NA,NA,NA,NA,NA,NA
"492",NA,NA,"HI",2023-10-30,NA,NA,NA,NA,NA,NA,NA,NA,NA,NA,NA,NA,NA,NA,NA,NA,NA,NA,NA,NA
"493",NA,NA,"HI",2023-10-31,NA,NA,NA,NA,NA,NA,NA,NA,NA,NA,NA,NA,NA,NA,NA,NA,NA,NA,NA,NA
"494",0.332637285121632,0.231565960399411,"HI",2023-11-01,1,1,1,1,1,1,1,1,1,1,1,1,1,1,1,1,1,1,1,1
"495",NA,NA,"HI",2023-11-02,NA,NA,NA,NA,NA,NA,NA,NA,NA,NA,NA,NA,NA,NA,NA,NA,NA,NA,NA,NA
"496",NA,NA,"HI",2023-11-03,NA,NA,NA,NA,NA,NA,NA,NA,NA,NA,NA,NA,NA,NA,NA,NA,NA,NA,NA,NA
"497",NA,NA,"HI",2023-11-04,NA,NA,NA,NA,NA,NA,NA,NA,NA,NA,NA,NA,NA,NA,NA,NA,NA,NA,NA,NA
"498",NA,NA,"HI",2023-11-05,NA,NA,NA,NA,NA,NA,NA,NA,NA,NA,NA,NA,NA,NA,NA,NA,NA,NA,NA,NA
"499",NA,NA,"HI",2023-11-06,NA,NA,NA,NA,NA,NA,NA,NA,NA,NA,NA,NA,NA,NA,NA,NA,NA,NA,NA,NA
"500",NA,NA,"HI",2023-11-07,NA,NA,NA,NA,NA,NA,NA,NA,NA,NA,NA,NA,NA,NA,NA,NA,NA,NA,NA,NA
"501",NA,NA,"HI",2023-11-08,NA,NA,NA,NA,NA,NA,NA,NA,NA,NA,NA,NA,NA,NA,NA,NA,NA,NA,NA,NA
"502",NA,NA,"HI",2023-11-09,NA,NA,NA,NA,NA,NA,NA,NA,NA,NA,NA,NA,NA,NA,NA,NA,NA,NA,NA,NA
"503",NA,NA,"HI",2023-11-10,NA,NA,NA,NA,NA,NA,NA,NA,NA,NA,NA,NA,NA,NA,NA,NA,NA,NA,NA,NA
"504",NA,NA,"HI",2023-11-11,NA,NA,NA,NA,NA,NA,NA,NA,NA,NA,NA,NA,NA,NA,NA,NA,NA,NA,NA,NA
"505",3.26931590925414,0.387170876560378,"IA",2023-10-01,1,1,0,1,0,0,1,1,1,1,1,0,0,1,0,0,0,1,0,1
"506",0.581585982373819,0.267207436850161,"IA",2023-10-02,1,1,1,1,1,1,1,1,1,1,1,1,0,1,1,0,0,1,1,1
"507",2.10227442823828,0.418392248390389,"IA",2023-10-03,1,1,0,1,1,1,1,1,0,1,1,1,1,1,0,1,0,1,0,1
"508",1.11613058720021,0.477482599815046,"IA",2023-10-04,1,1,1,1,1,0,0,1,1,1,1,1,0,1,0,0,1,1,1,1
"509",1.40749337773165,0.237486800983285,"IA",2023-10-05,1,1,1,1,1,1,0,1,1,1,1,1,0,1,0,1,0,1,1,1
"510",0.805469110507553,0.431005583177334,"IA",2023-10-06,1,1,1,1,0,1,1,1,1,1,1,1,0,1,1,1,0,1,1,1
"511",1.50445251559872,0.469571142722032,"IA",2023-10-07,1,1,1,1,0,1,0,1,1,1,1,1,0,1,0,1,0,1,1,1
"512",0.773168399985278,0.372712186989561,"IA",2023-10-08,1,1,1,1,1,1,1,1,1,1,1,1,1,1,1,0,0,1,1,1
"513",0.712209995575456,0.313386583973718,"IA",2023-10-09,1,1,1,1,1,1,1,1,1,1,1,1,0,1,1,1,0,1,1,1
"514",0.9138807663328,0.250576909000871,"IA",2023-10-10,1,1,1,1,1,1,0,1,1,1,1,1,1,1,1,1,1,1,1,1
"515",1.26294925026126,0.284887540368974,"IA",2023-10-11,1,1,0,1,1,1,1,1,1,1,1,0,1,0,1,1,0,1,1,1
"516",1.2639114982032,0.420080560957804,"IA",2023-10-12,1,1,0,1,1,0,0,1,1,1,1,1,0,1,1,0,0,1,1,0
"517",0.62773539985041,0.276999418521159,"IA",2023-10-13,1,1,1,1,1,1,1,1,1,1,1,1,0,1,0,0,0,1,1,1
"518",2.96140688735781,0.213456017892954,"IA",2023-10-14,1,1,0,1,1,1,0,1,1,1,1,0,0,1,1,1,0,1,1,1
"519",1.72578242342159,0.474531087341372,"IA",2023-10-15,1,1,1,1,1,1,0,0,0,1,1,1,1,1,0,0,0,0,0,1
"520",1.51995154057373,0.342209266279239,"IA",2023-10-16,1,1,1,1,0,1,1,1,1,1,1,1,0,1,0,1,0,1,0,1
"521",0.718613218112104,0.301404925453733,"IA",2023-10-17,1,1,0,1,1,1,1,1,1,1,1,1,0,1,0,1,0,1,1,1
"522",1.15668840357829,0.378880840070026,"IA",2023-10-18,1,1,1,1,1,1,1,1,0,1,1,1,1,1,0,0,0,1,0,1
"523",1.1231712891979,0.330436209060927,"IA",2023-10-19,1,1,1,1,1,1,1,1,1,1,1,1,0,1,0,0,0,1,1,1
"524",1.30018314466486,0.29886547027951,"IA",2023-10-20,1,1,0,1,1,0,0,1,1,1,1,1,1,1,0,0,1,1,1,1
"525",0.489814974344448,0.361878525403727,"IA",2023-10-21,1,1,1,1,1,1,1,1,1,1,1,1,0,1,1,1,0,1,1,1
"526",2.12519744818152,0.43310263033572,"IA",2023-10-22,1,1,1,1,0,1,0,1,1,1,1,1,0,1,0,1,0,1,1,1
"527",0.96842914906601,0.387346710846496,"IA",2023-10-23,1,0,1,1,1,1,1,1,1,1,1,0,1,1,0,1,0,1,1,1
"528",1.74300304751249,0.422879513618446,"IA",2023-10-24,1,0,1,1,1,1,1,1,0,0,1,0,0,1,1,0,0,1,0,0
"529",2.36198740222717,0.533166799302011,"IA",2023-10-25,1,0,1,1,1,0,0,1,1,1,1,0,0,1,1,1,0,1,1,1
"530",6.08706670448148,0.458481273224841,"IA",2023-10-26,1,1,0,1,0,1,0,1,1,1,1,0,0,1,0,0,0,1,1,1
"531",1.12035890060752,0.300842069480551,"IA",2023-10-27,1,1,0,1,1,1,1,1,1,1,1,1,0,1,0,0,0,1,1,1
"532",0.689166578881643,0.176030866383941,"IA",2023-10-28,1,1,1,1,1,1,0,1,1,1,0,1,0,1,1,1,0,1,1,1
"533",0.63376413379659,0.376323552739898,"IA",2023-10-29,1,1,1,1,1,1,1,1,1,1,1,1,1,1,0,1,0,1,1,1
"534",2.74498355567319,0.353506908669837,"IA",2023-10-30,1,1,1,1,0,1,1,1,1,1,0,1,0,1,0,0,0,1,1,1
"535",1.02814219874064,0.336493632519078,"IA",2023-10-31,1,1,1,1,1,1,1,1,1,1,1,1,0,1,0,1,0,1,0,1
"536",1.16562278700515,0.40613827319388,"IA",2023-11-01,1,1,1,1,1,1,1,0,1,1,1,1,0,1,0,1,1,0,1,1
"537",0.916234064114783,0.662777335737705,"IA",2023-11-02,1,0,1,1,1,1,1,1,1,1,1,0,1,1,1,1,1,0,1,1
"538",6.78871012540544,0.525652817655751,"IA",2023-11-03,1,1,0,1,0,1,0,1,1,1,0,1,0,1,0,0,0,1,1,1
"539",1.01535913358032,0.388774795726045,"IA",2023-11-04,1,1,1,1,1,1,1,1,1,1,1,1,0,1,1,1,0,1,1,1
"540",1.20532970100546,0.303982890474545,"IA",2023-11-05,1,1,1,1,1,1,1,1,1,0,0,1,0,1,1,1,0,1,1,0
"541",2.14036816332439,0.296302507413445,"IA",2023-11-06,1,1,0,1,1,1,1,1,1,1,0,1,0,1,0,1,1,1,1,1
"542",2.07952138605357,0.380751885214912,"IA",2023-11-07,1,1,0,1,1,1,0,1,1,0,1,1,0,1,0,1,0,1,1,0
"543",0.939346995251961,0.327164816930412,"IA",2023-11-08,1,1,1,1,1,1,1,0,1,1,0,1,0,1,1,1,0,0,1,1
"544",3.39631432730503,0.463777512597297,"IA",2023-11-09,1,0,1,1,1,1,0,0,1,0,0,0,0,1,0,0,0,0,1,0
"545",0.931597389482601,0.202054458337253,"IA",2023-11-10,1,1,1,1,1,1,0,1,1,1,0,1,0,1,1,1,0,1,1,1
"546",2.33752949066649,0.504570132560593,"IA",2023-11-11,1,1,1,1,1,1,0,0,1,0,0,1,1,1,1,1,0,0,1,0
"547",NA,NA,"ID",2023-10-01,NA,NA,NA,NA,NA,NA,NA,NA,NA,NA,NA,NA,NA,NA,NA,NA,NA,NA,NA,NA
"548",NA,NA,"ID",2023-10-02,NA,NA,NA,NA,NA,NA,NA,NA,NA,NA,NA,NA,NA,NA,NA,NA,NA,NA,NA,NA
"549",NA,NA,"ID",2023-10-03,NA,NA,NA,NA,NA,NA,NA,NA,NA,NA,NA,NA,NA,NA,NA,NA,NA,NA,NA,NA
"550",0.434826985439776,0.292952359109849,"ID",2023-10-04,1,1,1,1,1,1,1,1,1,1,1,1,1,1,1,1,1,1,1,1
"551",NA,NA,"ID",2023-10-05,NA,NA,NA,NA,NA,NA,NA,NA,NA,NA,NA,NA,NA,NA,NA,NA,NA,NA,NA,NA
"552",0.667425758885002,0.4973966955561,"ID",2023-10-06,1,1,1,1,1,0,1,1,1,1,1,1,1,1,0,0,1,1,1,1
"553",0.660959224946003,0.497115489867319,"ID",2023-10-07,1,1,1,1,1,0,1,1,1,1,1,1,1,1,1,0,0,1,1,1
"554",NA,NA,"ID",2023-10-08,NA,NA,NA,NA,NA,NA,NA,NA,NA,NA,NA,NA,NA,NA,NA,NA,NA,NA,NA,NA
"555",0.745893232179179,0.411041294476759,"ID",2023-10-09,1,1,1,1,1,0,1,1,1,1,1,1,0,1,0,0,1,1,1,1
"556",0.662097355729203,0.480920891305711,"ID",2023-10-10,1,1,1,1,0,1,1,1,1,1,0,1,1,1,0,1,1,1,1,1
"557",NA,NA,"ID",2023-10-11,NA,NA,NA,NA,NA,NA,NA,NA,NA,NA,NA,NA,NA,NA,NA,NA,NA,NA,NA,NA
"558",NA,NA,"ID",2023-10-12,NA,NA,NA,NA,NA,NA,NA,NA,NA,NA,NA,NA,NA,NA,NA,NA,NA,NA,NA,NA
"559",NA,NA,"ID",2023-10-13,NA,NA,NA,NA,NA,NA,NA,NA,NA,NA,NA,NA,NA,NA,NA,NA,NA,NA,NA,NA
"560",NA,NA,"ID",2023-10-14,NA,NA,NA,NA,NA,NA,NA,NA,NA,NA,NA,NA,NA,NA,NA,NA,NA,NA,NA,NA
"561",NA,NA,"ID",2023-10-15,NA,NA,NA,NA,NA,NA,NA,NA,NA,NA,NA,NA,NA,NA,NA,NA,NA,NA,NA,NA
"562",NA,NA,"ID",2023-10-16,NA,NA,NA,NA,NA,NA,NA,NA,NA,NA,NA,NA,NA,NA,NA,NA,NA,NA,NA,NA
"563",NA,NA,"ID",2023-10-17,NA,NA,NA,NA,NA,NA,NA,NA,NA,NA,NA,NA,NA,NA,NA,NA,NA,NA,NA,NA
"564",NA,NA,"ID",2023-10-18,NA,NA,NA,NA,NA,NA,NA,NA,NA,NA,NA,NA,NA,NA,NA,NA,NA,NA,NA,NA
"565",NA,NA,"ID",2023-10-19,NA,NA,NA,NA,NA,NA,NA,NA,NA,NA,NA,NA,NA,NA,NA,NA,NA,NA,NA,NA
"566",NA,NA,"ID",2023-10-20,NA,NA,NA,NA,NA,NA,NA,NA,NA,NA,NA,NA,NA,NA,NA,NA,NA,NA,NA,NA
"567",NA,NA,"ID",2023-10-21,NA,NA,NA,NA,NA,NA,NA,NA,NA,NA,NA,NA,NA,NA,NA,NA,NA,NA,NA,NA
"568",NA,NA,"ID",2023-10-22,NA,NA,NA,NA,NA,NA,NA,NA,NA,NA,NA,NA,NA,NA,NA,NA,NA,NA,NA,NA
"569",NA,NA,"ID",2023-10-23,NA,NA,NA,NA,NA,NA,NA,NA,NA,NA,NA,NA,NA,NA,NA,NA,NA,NA,NA,NA
"570",NA,NA,"ID",2023-10-24,NA,NA,NA,NA,NA,NA,NA,NA,NA,NA,NA,NA,NA,NA,NA,NA,NA,NA,NA,NA
"571",0.436697198039098,0.294990142530165,"ID",2023-10-25,1,1,1,1,1,1,1,1,1,1,1,0,1,1,1,1,0,1,1,1
"572",NA,NA,"ID",2023-10-26,NA,NA,NA,NA,NA,NA,NA,NA,NA,NA,NA,NA,NA,NA,NA,NA,NA,NA,NA,NA
"573",NA,NA,"ID",2023-10-27,NA,NA,NA,NA,NA,NA,NA,NA,NA,NA,NA,NA,NA,NA,NA,NA,NA,NA,NA,NA
"574",NA,NA,"ID",2023-10-28,NA,NA,NA,NA,NA,NA,NA,NA,NA,NA,NA,NA,NA,NA,NA,NA,NA,NA,NA,NA
"575",NA,NA,"ID",2023-10-29,NA,NA,NA,NA,NA,NA,NA,NA,NA,NA,NA,NA,NA,NA,NA,NA,NA,NA,NA,NA
"576",NA,NA,"ID",2023-10-30,NA,NA,NA,NA,NA,NA,NA,NA,NA,NA,NA,NA,NA,NA,NA,NA,NA,NA,NA,NA
"577",NA,NA,"ID",2023-10-31,NA,NA,NA,NA,NA,NA,NA,NA,NA,NA,NA,NA,NA,NA,NA,NA,NA,NA,NA,NA
"578",NA,NA,"ID",2023-11-01,NA,NA,NA,NA,NA,NA,NA,NA,NA,NA,NA,NA,NA,NA,NA,NA,NA,NA,NA,NA
"579",NA,NA,"ID",2023-11-02,NA,NA,NA,NA,NA,NA,NA,NA,NA,NA,NA,NA,NA,NA,NA,NA,NA,NA,NA,NA
"580",NA,NA,"ID",2023-11-03,NA,NA,NA,NA,NA,NA,NA,NA,NA,NA,NA,NA,NA,NA,NA,NA,NA,NA,NA,NA
"581",NA,NA,"ID",2023-11-04,NA,NA,NA,NA,NA,NA,NA,NA,NA,NA,NA,NA,NA,NA,NA,NA,NA,NA,NA,NA
"582",NA,NA,"ID",2023-11-05,NA,NA,NA,NA,NA,NA,NA,NA,NA,NA,NA,NA,NA,NA,NA,NA,NA,NA,NA,NA
"583",NA,NA,"ID",2023-11-06,NA,NA,NA,NA,NA,NA,NA,NA,NA,NA,NA,NA,NA,NA,NA,NA,NA,NA,NA,NA
"584",NA,NA,"ID",2023-11-07,NA,NA,NA,NA,NA,NA,NA,NA,NA,NA,NA,NA,NA,NA,NA,NA,NA,NA,NA,NA
"585",NA,NA,"ID",2023-11-08,NA,NA,NA,NA,NA,NA,NA,NA,NA,NA,NA,NA,NA,NA,NA,NA,NA,NA,NA,NA
"586",NA,NA,"ID",2023-11-09,NA,NA,NA,NA,NA,NA,NA,NA,NA,NA,NA,NA,NA,NA,NA,NA,NA,NA,NA,NA
"587",NA,NA,"ID",2023-11-10,NA,NA,NA,NA,NA,NA,NA,NA,NA,NA,NA,NA,NA,NA,NA,NA,NA,NA,NA,NA
"588",NA,NA,"ID",2023-11-11,NA,NA,NA,NA,NA,NA,NA,NA,NA,NA,NA,NA,NA,NA,NA,NA,NA,NA,NA,NA
"589",1.90293616063971,0.428107265328978,"IL",2023-10-01,0,1,0,1,1,1,1,1,1,0,0,1,0,1,0,1,1,1,1,0
"590",4.38618004522501,0.348191127171277,"IL",2023-10-02,1,1,0,1,0,1,0,1,1,0,0,1,0,1,1,0,0,0,0,0
"591",3.29748716015911,0.319591177446685,"IL",2023-10-03,1,1,1,1,1,1,0,1,1,1,1,0,0,1,0,1,0,0,0,1
"592",2.12080489115968,0.411176605231076,"IL",2023-10-04,1,1,0,1,1,1,0,1,1,1,0,1,0,1,0,0,0,0,1,1
"593",1.86982333667338,0.386191792664565,"IL",2023-10-05,1,1,1,1,1,0,1,1,1,1,1,0,0,1,0,0,0,1,1,0
"594",1.68877386939711,0.398494560288439,"IL",2023-10-06,1,1,1,1,1,1,1,1,1,1,1,1,0,1,0,0,0,1,1,0
"595",2.46773319235437,0.361149285050873,"IL",2023-10-07,1,1,0,1,0,1,0,1,1,0,1,0,0,1,0,0,1,1,1,0
"596",2.03844066204581,0.431277812056717,"IL",2023-10-08,1,1,0,1,1,1,1,0,1,0,0,0,1,1,0,0,0,0,1,0
"597",2.79986795871952,0.312531533126779,"IL",2023-10-09,1,1,1,1,0,1,0,1,1,1,1,0,1,1,0,1,0,0,0,1
"598",3.22845282632915,0.305903269437749,"IL",2023-10-10,1,1,1,1,0,1,0,1,1,1,1,1,0,1,0,1,0,1,0,1
"599",2.2173636254769,0.355744019674548,"IL",2023-10-11,1,1,1,1,0,0,1,1,0,1,0,0,0,0,0,0,0,1,0,1
"600",3.05711467386461,0.326179894266231,"IL",2023-10-12,1,1,0,1,1,1,0,1,1,1,1,1,0,1,0,1,0,1,1,1
"601",2.75612219262437,0.351200088014212,"IL",2023-10-13,1,1,1,1,1,1,0,0,1,1,1,0,1,1,0,0,0,0,1,1
"602",2.33110529271909,0.338354029914404,"IL",2023-10-14,1,1,0,1,1,1,0,1,1,1,0,0,0,1,1,0,0,1,1,1
"603",1.79193874835568,0.34206835625683,"IL",2023-10-15,1,1,1,1,0,1,0,0,1,1,1,0,0,1,1,0,0,0,0,1
"604",3.41594414536812,0.32794866000735,"IL",2023-10-16,1,1,0,1,1,1,0,0,1,1,1,0,0,1,1,0,0,0,1,1
"605",3.68963902647514,0.392769892920926,"IL",2023-10-17,1,0,0,1,1,1,1,1,1,0,1,0,0,1,0,0,0,0,0,0
"606",3.06201996380666,0.379744362199646,"IL",2023-10-18,1,1,0,1,1,1,0,0,1,0,1,0,0,1,0,0,0,0,0,0
"607",3.28223847695855,0.437471752996919,"IL",2023-10-19,1,1,1,1,1,1,0,1,0,0,0,0,1,1,0,1,0,1,0,0
"608",2.39549117850828,0.404306171021535,"IL",2023-10-20,1,1,1,1,0,1,1,1,1,0,1,1,0,0,0,1,0,1,0,0
"609",1.33615346309203,0.319614805924241,"IL",2023-10-21,1,1,1,1,1,1,0,1,1,1,1,1,0,1,1,1,0,0,1,1
"610",0.909885305669697,0.322650405510654,"IL",2023-10-22,1,1,0,1,1,1,1,1,1,1,1,1,0,1,1,1,0,1,1,1
"611",1.51905241100265,0.338209010119371,"IL",2023-10-23,1,1,1,1,1,1,1,0,1,1,0,1,0,1,0,0,0,0,1,1
"612",2.74828003750947,0.367556788789323,"IL",2023-10-24,1,1,1,1,0,1,1,0,1,1,1,1,0,1,0,0,0,0,0,1
"613",3.89329174410593,0.360961910614687,"IL",2023-10-25,1,1,1,1,0,1,1,0,1,1,0,1,0,1,0,0,0,0,1,1
"614",2.31198977916121,0.381282779692581,"IL",2023-10-26,1,1,1,1,1,1,1,0,1,1,1,0,0,1,1,0,0,0,0,1
"615",3.00773133995593,0.384216815714041,"IL",2023-10-27,1,1,1,1,1,0,1,0,1,1,0,1,0,1,0,0,0,0,0,0
"616",1.84910766795693,0.350512521498825,"IL",2023-10-28,1,1,0,1,1,1,0,1,1,0,0,0,0,1,0,1,0,1,1,0
"617",2.02326707010468,0.451671490742573,"IL",2023-10-29,1,1,1,1,1,1,0,0,1,0,1,0,0,1,1,0,1,0,1,0
"618",5.57988849016162,0.29886158532028,"IL",2023-10-30,1,1,0,1,1,0,0,1,1,0,0,1,0,1,0,0,0,1,0,0
"619",2.36237221431878,0.456699613799268,"IL",2023-10-31,1,1,1,1,1,1,0,0,1,0,1,1,1,1,1,1,0,0,1,0
"620",3.31405046499437,0.404103784297852,"IL",2023-11-01,1,1,1,1,1,0,1,1,1,0,1,0,0,1,1,0,0,1,0,0
"621",2.99421802539578,0.340463625591977,"IL",2023-11-02,1,0,1,1,0,1,1,1,0,1,0,0,0,1,0,0,0,1,0,1
"622",2.4867942443455,0.315449696109019,"IL",2023-11-03,1,1,1,1,0,1,0,1,1,1,1,0,0,1,1,0,0,0,1,1
"623",1.49715492522716,0.392267349853579,"IL",2023-11-04,1,1,1,1,1,1,1,1,1,0,1,1,0,1,1,1,0,1,1,1
"624",3.15125851002608,0.4108902526296,"IL",2023-11-05,1,0,1,1,1,1,1,0,1,0,0,0,0,1,0,0,0,0,1,0
"625",8.91689667709534,0.351477945430471,"IL",2023-11-06,1,0,0,1,0,1,0,1,0,0,0,0,0,1,0,0,0,0,0,0
"626",2.40744959427842,0.346278527206843,"IL",2023-11-07,1,1,1,0,1,1,1,1,1,1,0,0,0,0,0,0,0,0,0,0
"627",3.71566084598098,0.39104804280708,"IL",2023-11-08,0,1,0,1,1,1,1,1,1,0,0,0,0,0,0,0,0,0,1,0
"628",3.14647965331626,0.434343758977416,"IL",2023-11-09,0,1,0,1,1,1,1,1,0,0,1,0,0,1,1,0,0,0,0,0
"629",2.91006997708093,0.386012028330622,"IL",2023-11-10,1,1,0,1,1,1,1,0,1,0,0,0,0,0,0,0,0,0,1,0
"630",3.53936530332579,0.404594030725794,"IL",2023-11-11,1,0,0,1,0,1,1,1,0,0,0,0,0,1,0,0,0,0,0,0
"631",NA,NA,"IN",2023-10-01,NA,NA,NA,NA,NA,NA,NA,NA,NA,NA,NA,NA,NA,NA,NA,NA,NA,NA,NA,NA
"632",0.380402772439965,0.271124876599259,"IN",2023-10-02,1,1,1,1,1,1,1,1,1,1,1,1,1,1,1,1,1,1,1,1
"633",1.05402993562512,0.305956496242481,"IN",2023-10-03,1,1,0,1,1,1,1,1,1,1,1,1,0,1,1,1,0,1,1,1
"634",1.32863066823151,0.438859031350838,"IN",2023-10-04,1,1,1,1,1,1,1,0,1,0,1,1,1,1,0,1,1,0,1,1
"635",1.22350003578378,0.395892384742509,"IN",2023-10-05,1,1,0,1,1,0,1,1,1,1,1,1,1,1,0,0,1,1,1,1
"636",0.406126471128292,0.286368410051438,"IN",2023-10-06,1,1,1,1,1,1,1,1,1,1,1,1,1,1,0,1,0,1,1,1
"637",0.469193916379179,0.312205637735466,"IN",2023-10-07,1,1,1,1,1,1,1,1,1,1,1,1,1,1,1,1,1,1,1,1
"638",NA,NA,"IN",2023-10-08,NA,NA,NA,NA,NA,NA,NA,NA,NA,NA,NA,NA,NA,NA,NA,NA,NA,NA,NA,NA
"639",0.450147627547238,0.315549972808129,"IN",2023-10-09,1,1,1,1,1,1,1,1,1,1,1,1,0,1,1,1,0,1,1,1
"640",0.642527740038801,0.274585937782129,"IN",2023-10-10,1,1,1,1,1,1,1,1,1,1,1,1,1,1,1,1,1,1,1,1
"641",1.21226832298937,0.593876195806102,"IN",2023-10-11,1,1,1,1,1,0,1,1,0,1,0,1,1,1,1,0,1,0,0,1
"642",0.46975681580092,0.320850379552867,"IN",2023-10-12,1,1,1,1,1,1,1,1,1,1,1,1,0,1,1,1,0,1,1,1
"643",0.788763760974291,0.297328266745815,"IN",2023-10-13,1,1,0,1,1,1,1,1,1,1,0,1,0,1,0,1,1,1,1,1
"644",0.898901198719914,0.333743983749322,"IN",2023-10-14,1,1,1,1,1,1,1,1,1,1,1,0,0,1,0,1,0,1,1,1
"645",NA,NA,"IN",2023-10-15,NA,NA,NA,NA,NA,NA,NA,NA,NA,NA,NA,NA,NA,NA,NA,NA,NA,NA,NA,NA
"646",0.4772308354977,0.328462379138253,"IN",2023-10-16,1,1,1,1,1,1,1,1,1,1,1,1,0,1,1,1,0,1,1,1
"647",0.840143584297992,0.425623178445985,"IN",2023-10-17,1,1,1,1,1,1,1,1,0,1,1,1,1,1,1,1,0,1,0,1
"648",0.652929682597253,0.375692795227828,"IN",2023-10-18,1,1,1,1,1,1,1,1,1,1,1,1,1,1,0,1,0,1,1,1
"649",0.39948010642182,0.283999394810033,"IN",2023-10-19,1,1,1,1,1,1,1,1,1,1,1,1,0,1,1,1,0,1,1,1
"650",0.694351395028342,0.517397309010412,"IN",2023-10-20,1,1,1,1,0,1,1,1,1,1,1,1,1,1,0,0,1,1,1,1
"651",NA,NA,"IN",2023-10-21,NA,NA,NA,NA,NA,NA,NA,NA,NA,NA,NA,NA,NA,NA,NA,NA,NA,NA,NA,NA
"652",1.12710486961655,0.341075292387768,"IN",2023-10-22,1,1,0,1,1,1,1,1,1,1,1,1,0,1,0,1,0,1,1,1
"653",NA,NA,"IN",2023-10-23,NA,NA,NA,NA,NA,NA,NA,NA,NA,NA,NA,NA,NA,NA,NA,NA,NA,NA,NA,NA
"654",0.326985762406735,0.222571932896886,"IN",2023-10-24,1,1,1,1,1,1,1,1,1,1,1,1,1,1,1,0,0,1,1,1
"655",0.998824426846133,0.452863440332932,"IN",2023-10-25,1,1,1,1,1,1,1,1,0,1,1,1,0,1,0,1,0,1,0,1
"656",1.18441186167945,0.486489317979068,"IN",2023-10-26,1,0,1,1,1,1,1,1,1,0,1,0,0,1,1,1,0,1,1,0
"657",0.84546545990701,0.625518285846933,"IN",2023-10-27,0,1,1,1,1,1,1,1,1,1,0,0,1,1,1,1,1,1,1,1
"658",0.324359765813593,0.21406872853099,"IN",2023-10-28,1,1,1,1,1,1,1,1,1,1,1,1,1,1,1,1,1,1,1,1
"659",0.84040350871755,0.613110902668644,"IN",2023-10-29,1,1,1,1,1,1,1,0,1,1,1,1,1,1,1,1,0,0,1,1
"660",1.12805629320421,0.360074502765558,"IN",2023-10-30,1,1,0,1,1,1,1,1,1,1,1,1,0,1,1,0,1,1,1,1
"661",0.51175135011698,0.362610768111484,"IN",2023-10-31,1,1,1,1,1,1,1,1,1,1,1,1,0,1,1,1,1,1,1,0
"662",1.39331521131063,0.449805123496565,"IN",2023-11-01,1,1,0,1,1,1,0,1,0,1,1,0,0,1,1,1,0,1,0,1
"663",0.870164643189997,0.631062068383684,"IN",2023-11-02,1,1,1,1,1,1,1,1,1,0,1,1,1,1,1,1,0,1,1,0
"664",0.319058063014264,0.201791487392308,"IN",2023-11-03,1,1,1,1,1,1,1,1,1,1,1,1,1,1,0,1,0,1,1,1
"665",NA,NA,"IN",2023-11-04,NA,NA,NA,NA,NA,NA,NA,NA,NA,NA,NA,NA,NA,NA,NA,NA,NA,NA,NA,NA
"666",0.990438972039498,0.497717773709865,"IN",2023-11-05,1,1,1,1,1,1,1,1,0,1,0,1,1,1,1,1,1,1,0,1
"667",0.846826739442425,0.622936858260443,"IN",2023-11-06,1,0,1,1,1,1,1,1,1,1,1,0,1,1,1,1,0,1,1,1
"668",1.28141390327465,0.38184231156368,"IN",2023-11-07,1,1,1,1,1,1,1,1,1,1,1,1,1,1,0,1,0,0,1,0
"669",0.842819244156641,0.384599605460086,"IN",2023-11-08,1,0,1,1,1,1,1,1,1,1,1,0,0,1,0,1,0,1,1,1
"670",0.829257306389964,0.288557936430142,"IN",2023-11-09,1,1,1,1,1,1,1,1,1,1,1,1,0,1,1,1,0,1,1,1
"671",NA,NA,"IN",2023-11-10,NA,NA,NA,NA,NA,NA,NA,NA,NA,NA,NA,NA,NA,NA,NA,NA,NA,NA,NA,NA
"672",NA,NA,"IN",2023-11-11,NA,NA,NA,NA,NA,NA,NA,NA,NA,NA,NA,NA,NA,NA,NA,NA,NA,NA,NA,NA
"673",NA,NA,"KS",2023-10-01,NA,NA,NA,NA,NA,NA,NA,NA,NA,NA,NA,NA,NA,NA,NA,NA,NA,NA,NA,NA
"674",NA,NA,"KS",2023-10-02,NA,NA,NA,NA,NA,NA,NA,NA,NA,NA,NA,NA,NA,NA,NA,NA,NA,NA,NA,NA
"675",0.439377019502699,0.274545792894567,"KS",2023-10-03,1,1,1,1,1,1,1,1,1,1,1,1,1,1,1,1,1,1,1,1
"676",NA,NA,"KS",2023-10-04,NA,NA,NA,NA,NA,NA,NA,NA,NA,NA,NA,NA,NA,NA,NA,NA,NA,NA,NA,NA
"677",NA,NA,"KS",2023-10-05,NA,NA,NA,NA,NA,NA,NA,NA,NA,NA,NA,NA,NA,NA,NA,NA,NA,NA,NA,NA
"678",NA,NA,"KS",2023-10-06,NA,NA,NA,NA,NA,NA,NA,NA,NA,NA,NA,NA,NA,NA,NA,NA,NA,NA,NA,NA
"679",NA,NA,"KS",2023-10-07,NA,NA,NA,NA,NA,NA,NA,NA,NA,NA,NA,NA,NA,NA,NA,NA,NA,NA,NA,NA
"680",0.406732077313126,0.323994207368336,"KS",2023-10-08,1,1,1,1,1,1,1,1,1,1,1,1,1,1,1,1,1,1,1,1
"681",NA,NA,"KS",2023-10-09,NA,NA,NA,NA,NA,NA,NA,NA,NA,NA,NA,NA,NA,NA,NA,NA,NA,NA,NA,NA
"682",1.44389805679523,0.497527975987503,"KS",2023-10-10,1,1,1,1,0,1,1,1,1,1,1,1,1,1,0,1,0,1,1,1
"683",NA,NA,"KS",2023-10-11,NA,NA,NA,NA,NA,NA,NA,NA,NA,NA,NA,NA,NA,NA,NA,NA,NA,NA,NA,NA
"684",0.828703493710762,0.592674658207829,"KS",2023-10-12,1,1,1,1,1,1,1,1,0,1,1,0,1,1,1,1,1,1,0,1
"685",NA,NA,"KS",2023-10-13,NA,NA,NA,NA,NA,NA,NA,NA,NA,NA,NA,NA,NA,NA,NA,NA,NA,NA,NA,NA
"686",NA,NA,"KS",2023-10-14,NA,NA,NA,NA,NA,NA,NA,NA,NA,NA,NA,NA,NA,NA,NA,NA,NA,NA,NA,NA
"687",NA,NA,"KS",2023-10-15,NA,NA,NA,NA,NA,NA,NA,NA,NA,NA,NA,NA,NA,NA,NA,NA,NA,NA,NA,NA
"688",NA,NA,"KS",2023-10-16,NA,NA,NA,NA,NA,NA,NA,NA,NA,NA,NA,NA,NA,NA,NA,NA,NA,NA,NA,NA
"689",1.03764379811559,0.52533143395082,"KS",2023-10-17,1,1,1,1,0,0,1,1,1,1,1,1,0,1,0,0,1,1,1,1
"690",0.679503227474244,0.506683655741081,"KS",2023-10-18,1,1,1,1,0,1,1,1,1,1,1,1,1,1,1,1,1,1,1,1
"691",0.393242247681731,0.323829622313003,"KS",2023-10-19,1,1,1,1,1,1,1,1,1,1,1,1,1,1,0,1,0,1,1,1
"692",0.390493285214273,0.324041577002529,"KS",2023-10-20,1,1,1,1,1,1,1,1,1,1,1,1,1,1,1,1,1,1,1,1
"693",NA,NA,"KS",2023-10-21,NA,NA,NA,NA,NA,NA,NA,NA,NA,NA,NA,NA,NA,NA,NA,NA,NA,NA,NA,NA
"694",NA,NA,"KS",2023-10-22,NA,NA,NA,NA,NA,NA,NA,NA,NA,NA,NA,NA,NA,NA,NA,NA,NA,NA,NA,NA
"695",0.565594828235223,0.36804348448947,"KS",2023-10-23,1,1,1,1,1,1,1,1,1,1,1,0,0,1,0,1,1,0,1,1
"696",0.67465099936923,0.419574893355917,"KS",2023-10-24,1,1,1,1,1,1,1,1,1,1,1,1,1,1,0,1,0,1,1,1
"697",0.68546997572751,0.420384997319663,"KS",2023-10-25,1,1,1,1,0,1,1,1,1,1,1,1,0,1,0,1,1,1,1,1
"698",NA,NA,"KS",2023-10-26,NA,NA,NA,NA,NA,NA,NA,NA,NA,NA,NA,NA,NA,NA,NA,NA,NA,NA,NA,NA
"699",NA,NA,"KS",2023-10-27,NA,NA,NA,NA,NA,NA,NA,NA,NA,NA,NA,NA,NA,NA,NA,NA,NA,NA,NA,NA
"700",NA,NA,"KS",2023-10-28,NA,NA,NA,NA,NA,NA,NA,NA,NA,NA,NA,NA,NA,NA,NA,NA,NA,NA,NA,NA
"701",NA,NA,"KS",2023-10-29,NA,NA,NA,NA,NA,NA,NA,NA,NA,NA,NA,NA,NA,NA,NA,NA,NA,NA,NA,NA
"702",0.39289464814897,0.328246733431136,"KS",2023-10-30,1,1,1,1,1,1,1,1,1,1,1,1,1,1,1,1,1,1,1,1
"703",NA,NA,"KS",2023-10-31,NA,NA,NA,NA,NA,NA,NA,NA,NA,NA,NA,NA,NA,NA,NA,NA,NA,NA,NA,NA
"704",NA,NA,"KS",2023-11-01,NA,NA,NA,NA,NA,NA,NA,NA,NA,NA,NA,NA,NA,NA,NA,NA,NA,NA,NA,NA
"705",0.464303212371414,0.25975080191326,"KS",2023-11-02,1,1,1,1,1,1,1,1,1,1,1,1,0,1,0,1,1,1,1,1
"706",NA,NA,"KS",2023-11-03,NA,NA,NA,NA,NA,NA,NA,NA,NA,NA,NA,NA,NA,NA,NA,NA,NA,NA,NA,NA
"707",NA,NA,"KS",2023-11-04,NA,NA,NA,NA,NA,NA,NA,NA,NA,NA,NA,NA,NA,NA,NA,NA,NA,NA,NA,NA
"708",NA,NA,"KS",2023-11-05,NA,NA,NA,NA,NA,NA,NA,NA,NA,NA,NA,NA,NA,NA,NA,NA,NA,NA,NA,NA
"709",1.25334914521539,0.365531123163243,"KS",2023-11-06,0,1,1,1,1,1,1,1,1,1,0,0,0,1,1,1,0,0,1,1
"710",1.3393697640892,0.432626321147496,"KS",2023-11-07,1,1,1,1,0,1,1,1,1,1,1,1,1,1,1,1,0,0,1,1
"711",1.53721638662619,0.437158276175424,"KS",2023-11-08,1,0,1,1,1,1,1,1,1,1,1,0,0,1,1,1,0,0,1,1
"712",0.831730631995964,0.577925372322077,"KS",2023-11-09,1,1,1,1,1,1,1,0,1,1,1,1,0,1,1,1,1,0,1,1
"713",NA,NA,"KS",2023-11-10,NA,NA,NA,NA,NA,NA,NA,NA,NA,NA,NA,NA,NA,NA,NA,NA,NA,NA,NA,NA
"714",NA,NA,"KS",2023-11-11,NA,NA,NA,NA,NA,NA,NA,NA,NA,NA,NA,NA,NA,NA,NA,NA,NA,NA,NA,NA
"715",0.760505327971599,0.401665166480969,"KY",2023-10-01,1,0,1,1,1,1,1,1,1,1,1,0,0,1,1,1,0,1,1,1
"716",0.67909157613003,0.376917230844726,"KY",2023-10-02,1,1,1,1,1,0,1,1,1,1,1,1,0,1,0,0,0,1,1,1
"717",1.38029801720397,0.496956530444568,"KY",2023-10-03,0,1,1,1,1,1,0,1,1,0,1,1,0,1,0,1,0,1,1,0
"718",NA,NA,"KY",2023-10-04,NA,NA,NA,NA,NA,NA,NA,NA,NA,NA,NA,NA,NA,NA,NA,NA,NA,NA,NA,NA
"719",0.867550686922654,0.425968335209789,"KY",2023-10-05,1,1,1,1,1,1,1,0,1,1,1,1,0,1,0,1,0,0,1,1
"720",0.700443488822902,0.370350942477074,"KY",2023-10-06,1,1,1,1,0,1,1,1,1,1,1,1,1,1,0,1,0,1,1,1
"721",0.386620659427825,0.261758934310036,"KY",2023-10-07,1,1,1,1,1,1,1,1,1,1,1,1,0,1,1,1,0,1,1,1
"722",NA,NA,"KY",2023-10-08,NA,NA,NA,NA,NA,NA,NA,NA,NA,NA,NA,NA,NA,NA,NA,NA,NA,NA,NA,NA
"723",0.942963333952914,0.26014209447396,"KY",2023-10-09,1,1,1,1,1,1,0,1,1,1,1,1,0,1,1,1,0,1,1,1
"724",0.969428651739936,0.330615998003093,"KY",2023-10-10,1,1,1,1,1,1,1,1,1,1,1,1,0,1,1,1,0,1,1,1
"725",3.05571803695108,0.471775502765978,"KY",2023-10-11,1,1,1,1,0,1,0,1,1,1,1,0,0,1,0,1,0,1,0,1
"726",0.917491591042749,0.257919965890138,"KY",2023-10-12,1,1,1,1,1,1,0,1,1,1,1,1,1,1,0,1,0,1,1,1
"727",1.1281377988375,0.377917046366575,"KY",2023-10-13,1,1,0,1,1,1,1,1,1,1,1,1,0,1,0,1,0,1,1,1
"728",1.01423288141487,0.502587842658935,"KY",2023-10-14,1,0,1,1,0,1,1,1,1,1,1,0,0,1,0,1,0,1,1,1
"729",NA,NA,"KY",2023-10-15,NA,NA,NA,NA,NA,NA,NA,NA,NA,NA,NA,NA,NA,NA,NA,NA,NA,NA,NA,NA
"730",1.05124161103604,0.521773895420552,"KY",2023-10-16,1,0,1,1,1,0,1,1,1,1,1,0,1,1,0,0,0,1,1,1
"731",0.747169768529321,0.505641798481183,"KY",2023-10-17,1,1,1,1,1,0,1,1,1,1,1,1,1,1,1,0,0,1,1,1
"732",0.844429013740411,0.463203631647446,"KY",2023-10-18,1,0,1,1,1,1,1,1,1,1,1,0,0,1,1,1,0,1,1,0
"733",0.721285120731367,0.538039134029782,"KY",2023-10-19,1,0,1,1,1,1,1,1,1,1,1,0,1,1,1,1,0,1,1,1
"734",0.370521337097009,0.253146582007136,"KY",2023-10-20,1,1,1,1,1,1,1,1,1,1,1,1,0,1,1,1,0,1,1,1
"735",NA,NA,"KY",2023-10-21,NA,NA,NA,NA,NA,NA,NA,NA,NA,NA,NA,NA,NA,NA,NA,NA,NA,NA,NA,NA
"736",NA,NA,"KY",2023-10-22,NA,NA,NA,NA,NA,NA,NA,NA,NA,NA,NA,NA,NA,NA,NA,NA,NA,NA,NA,NA
"737",1.00818616932973,0.397088636021017,"KY",2023-10-23,1,1,0,1,1,1,1,1,1,1,1,0,1,1,0,1,1,1,1,1
"738",1.45705327509147,0.394958814850225,"KY",2023-10-24,1,0,1,1,1,1,1,1,1,1,1,0,0,1,0,1,1,1,1,1
"739",0.829161907472884,0.352612598956195,"KY",2023-10-25,1,1,1,1,1,1,1,1,1,1,1,0,1,1,0,0,0,1,1,1
"740",0.983898391104588,0.497685286812767,"KY",2023-10-26,1,1,1,1,1,1,1,1,1,0,1,1,0,1,0,1,0,1,1,0
"741",0.548114542732693,0.40758403269221,"KY",2023-10-27,1,1,0,1,1,1,1,1,1,1,1,1,0,1,0,1,1,1,1,1
"742",NA,NA,"KY",2023-10-28,NA,NA,NA,NA,NA,NA,NA,NA,NA,NA,NA,NA,NA,NA,NA,NA,NA,NA,NA,NA
"743",NA,NA,"KY",2023-10-29,NA,NA,NA,NA,NA,NA,NA,NA,NA,NA,NA,NA,NA,NA,NA,NA,NA,NA,NA,NA
"744",1.05481773697553,0.377657440747067,"KY",2023-10-30,1,1,1,1,1,1,1,0,1,1,0,1,1,1,0,1,0,0,1,1
"745",0.505357800609665,0.33272584745325,"KY",2023-10-31,1,1,1,1,1,1,1,1,1,1,1,0,0,1,0,1,0,1,1,1
"746",NA,NA,"KY",2023-11-01,NA,NA,NA,NA,NA,NA,NA,NA,NA,NA,NA,NA,NA,NA,NA,NA,NA,NA,NA,NA
"747",0.627855671200765,0.368327546267265,"KY",2023-11-02,1,1,1,1,1,1,1,1,1,1,1,1,1,1,0,1,0,1,1,1
"748",0.347347637689101,0.24888247955292,"KY",2023-11-03,1,1,1,1,1,1,1,1,1,1,1,1,1,1,1,1,0,1,1,0
"749",NA,NA,"KY",2023-11-04,NA,NA,NA,NA,NA,NA,NA,NA,NA,NA,NA,NA,NA,NA,NA,NA,NA,NA,NA,NA
"750",NA,NA,"KY",2023-11-05,NA,NA,NA,NA,NA,NA,NA,NA,NA,NA,NA,NA,NA,NA,NA,NA,NA,NA,NA,NA
"751",2.32766937196345,0.425875314265643,"KY",2023-11-06,1,1,0,1,0,1,0,1,1,0,1,0,0,1,0,1,0,1,0,0
"752",0.975959671039348,0.482855027430123,"KY",2023-11-07,1,0,1,1,1,1,1,1,1,1,1,1,1,1,1,1,1,1,1,1
"753",0.635514344143399,0.368525541416671,"KY",2023-11-08,1,1,1,1,1,1,1,1,1,1,1,1,0,1,1,1,0,1,1,1
"754",0.777027764374823,0.399430818153486,"KY",2023-11-09,1,1,1,1,1,1,1,1,0,1,1,1,1,1,1,0,1,1,0,1
"755",NA,NA,"KY",2023-11-10,NA,NA,NA,NA,NA,NA,NA,NA,NA,NA,NA,NA,NA,NA,NA,NA,NA,NA,NA,NA
"756",0.343883153877793,0.249130374890469,"KY",2023-11-11,1,1,1,1,1,1,1,1,1,1,1,1,1,1,1,1,1,1,1,1
"757",0.990732273795792,0.388365762960372,"LA",2023-10-01,1,1,1,1,1,1,1,1,1,1,0,1,1,1,0,1,0,1,1,1
"758",1.43549191773175,0.408775131103037,"LA",2023-10-02,0,1,1,1,1,1,1,1,1,1,0,1,0,1,0,1,0,1,1,1
"759",1.0020853803395,0.399183352183874,"LA",2023-10-03,1,1,1,1,1,1,1,1,1,1,0,0,0,1,0,0,0,1,0,1
"760",0.769995707079496,0.414160341333805,"LA",2023-10-04,1,1,1,1,1,1,1,1,1,1,1,0,1,1,0,1,1,1,1,1
"761",1.20039473702603,0.439027089837955,"LA",2023-10-05,1,1,1,1,1,1,1,1,1,0,0,1,0,1,0,0,1,1,1,0
"762",1.1680521919018,0.398533742890507,"LA",2023-10-06,1,1,1,1,0,1,1,1,1,1,0,0,1,1,0,1,0,1,0,1
"763",1.59886928927895,0.408187939027792,"LA",2023-10-07,1,0,1,1,1,1,1,1,1,1,0,0,0,1,1,0,1,1,1,1
"764",1.47504842893613,0.436817217579544,"LA",2023-10-08,1,1,1,1,1,1,0,1,0,1,0,1,0,1,1,0,0,1,0,1
"765",1.54870052350833,0.447983026443793,"LA",2023-10-09,1,1,0,1,1,0,1,1,1,1,0,0,1,1,1,0,1,0,1,1
"766",2.10739499808358,0.379074587265147,"LA",2023-10-10,1,1,0,1,0,1,1,1,1,1,0,0,0,1,0,1,0,1,1,1
"767",1.54787884753784,0.439187846031586,"LA",2023-10-11,1,1,1,1,1,1,1,1,0,1,1,1,0,1,0,0,0,0,1,1
"768",1.34381097046313,0.435219721519186,"LA",2023-10-12,0,1,1,1,1,1,1,1,1,1,0,1,0,1,0,0,1,1,1,1
"769",1.09006306053229,0.397744126250124,"LA",2023-10-13,1,0,1,1,1,1,1,1,1,1,1,0,1,1,1,1,1,1,1,0
"770",0.895273118158352,0.424833839500342,"LA",2023-10-14,1,1,1,1,1,1,1,1,0,1,0,0,0,1,1,1,0,1,0,1
"771",0.927744709075881,0.472965363523816,"LA",2023-10-15,0,1,1,1,1,1,1,1,1,1,0,1,0,1,1,1,1,1,1,1
"772",1.26373233292538,0.425572910922612,"LA",2023-10-16,0,1,1,1,1,1,1,1,0,1,0,0,0,1,0,0,0,1,0,0
"773",1.24480781371144,0.42225914361427,"LA",2023-10-17,1,1,1,1,1,1,1,0,0,1,0,0,1,1,1,0,1,1,0,1
"774",1.82826765482061,0.41165147735362,"LA",2023-10-18,1,1,0,1,0,1,1,1,0,1,0,0,0,1,0,0,0,1,0,1
"775",0.657114996547788,0.434542741869337,"LA",2023-10-19,1,1,1,1,0,1,1,1,1,1,0,1,1,1,0,1,1,1,1,1
"776",0.97246393851696,0.428254345650683,"LA",2023-10-20,1,1,1,1,1,1,1,1,1,1,1,1,0,1,0,1,1,1,1,1
"777",0.810122111952742,0.386974108556627,"LA",2023-10-21,1,1,1,1,1,1,1,1,1,1,1,1,1,1,0,1,1,0,1,1
"778",0.468281055830117,0.325239754135798,"LA",2023-10-22,1,1,1,1,1,1,1,1,1,1,0,1,1,1,1,1,0,1,1,1
"779",2.94842602870926,0.431329524890209,"LA",2023-10-23,1,0,1,1,0,1,1,1,1,1,1,0,1,1,0,0,1,1,0,0
"780",2.26795875332501,0.453892386235015,"LA",2023-10-24,1,1,0,0,1,1,1,0,1,1,1,0,0,0,0,1,1,0,0,1
"781",1.36151457582266,0.392402041705053,"LA",2023-10-25,1,1,1,1,1,1,0,1,1,0,1,1,0,1,1,0,0,1,0,0
"782",2.05614559447291,0.390845032339085,"LA",2023-10-26,1,1,0,1,1,1,0,0,1,1,0,0,1,1,0,1,0,0,1,1
"783",2.51290829477526,0.417568927389812,"LA",2023-10-27,1,0,0,1,1,1,1,1,1,1,0,0,0,1,0,0,0,1,1,1
"784",1.74689502961717,0.422428130759782,"LA",2023-10-28,1,1,0,1,0,1,1,0,1,1,1,1,0,1,0,0,1,0,1,1
"785",1.6400968751542,0.476399182592927,"LA",2023-10-29,1,1,1,1,1,1,0,1,0,1,0,0,0,1,1,0,1,1,1,1
"786",2.06520466697444,0.331215853295481,"LA",2023-10-30,1,1,1,1,1,1,0,1,1,1,1,1,0,1,0,1,0,1,1,1
"787",0.830617608128436,0.419104196961303,"LA",2023-10-31,0,1,1,1,1,1,1,1,1,1,0,0,0,1,1,1,0,1,1,1
"788",0.756886214834532,0.407837351063051,"LA",2023-11-01,1,1,1,1,1,1,1,1,1,1,1,1,0,1,0,0,0,1,1,1
"789",1.44526506514508,0.432952474994836,"LA",2023-11-02,1,1,1,1,1,0,1,1,1,1,0,1,1,1,1,0,1,1,0,1
"790",1.65149638956609,0.421518139211727,"LA",2023-11-03,0,1,1,1,1,1,1,1,1,1,0,0,0,1,0,1,0,1,1,1
"791",0.649830962288799,0.41673019473418,"LA",2023-11-04,1,1,1,1,0,1,1,1,1,1,1,1,1,1,0,0,1,1,1,1
"792",1.31431980746309,0.476688306270592,"LA",2023-11-05,1,1,1,1,1,0,1,1,0,1,1,1,1,1,1,1,1,1,1,1
"793",1.62316662382472,0.43867029990921,"LA",2023-11-06,0,1,1,1,1,1,1,1,1,1,0,0,0,1,1,1,1,0,0,0
"794",0.845604921755666,0.420325735766247,"LA",2023-11-07,0,1,1,1,1,1,1,1,1,1,1,1,1,1,1,1,1,1,1,1
"795",1.55397071345578,0.408794541416523,"LA",2023-11-08,1,1,1,1,1,1,1,1,1,0,0,0,0,1,0,1,0,1,0,0
"796",2.10361421721803,0.410539894381542,"LA",2023-11-09,0,0,1,1,1,1,1,1,1,1,0,1,0,1,0,0,0,1,0,1
"797",0.864648232693893,0.433897464110795,"LA",2023-11-10,1,1,1,1,1,1,1,0,1,1,1,0,1,1,1,0,0,0,1,1
"798",1.45800448180426,0.404754099651971,"LA",2023-11-11,1,1,0,1,1,1,1,1,1,0,1,1,1,1,0,1,0,1,0,0
"799",1.076387975296,0.525812299169444,"MA",2023-10-01,1,1,1,1,1,1,1,0,1,1,1,0,1,1,1,1,1,0,1,1
"800",2.27417144412932,0.340874672360161,"MA",2023-10-02,0,1,0,1,1,1,0,1,1,0,0,1,0,1,0,1,0,0,0,0
"801",0.885481771363873,0.359271480742531,"MA",2023-10-03,1,1,1,1,1,1,1,0,1,1,1,0,0,1,1,1,0,0,0,0
"802",1.70742330091878,0.196666550540138,"MA",2023-10-04,1,1,1,1,1,1,0,1,1,1,1,1,1,1,0,1,0,1,1,1
"803",1.31087203200843,0.421784404976697,"MA",2023-10-05,1,1,1,1,0,1,1,1,0,1,1,1,0,1,0,0,0,0,0,1
"804",1.01091319263815,0.342011432443193,"MA",2023-10-06,1,1,1,1,1,1,1,0,1,1,1,1,0,1,0,1,0,0,0,1
"805",0.613187444226726,0.453398413751698,"MA",2023-10-07,1,1,0,1,1,1,1,1,1,1,1,1,0,1,1,1,0,1,1,1
"806",2.32233999585186,0.493267836062778,"MA",2023-10-08,1,0,1,1,1,1,0,1,0,1,1,0,1,1,0,1,0,0,1,0
"807",1.18214038288676,0.375001038960621,"MA",2023-10-09,1,1,1,1,0,0,1,1,1,1,1,1,1,1,0,0,0,1,0,1
"808",1.34145796027223,0.28133028025586,"MA",2023-10-10,1,1,1,1,1,1,0,1,1,1,1,0,0,1,0,1,0,1,1,1
"809",1.84347567814128,0.393112756041777,"MA",2023-10-11,1,1,0,1,1,1,1,1,1,1,1,1,0,1,0,0,0,1,1,1
"810",1.6281519375338,0.391530248813226,"MA",2023-10-12,1,1,0,1,1,1,1,0,1,1,1,1,0,1,1,1,0,0,0,1
"811",1.36957067559187,0.409640638840063,"MA",2023-10-13,1,1,1,1,1,1,1,0,1,1,1,1,1,1,1,1,0,1,0,1
"812",0.282888773335493,0.192360350852761,"MA",2023-10-14,1,1,1,1,1,1,1,1,1,1,1,1,1,1,1,1,1,1,1,1
"813",0.291296244694809,0.192201259564678,"MA",2023-10-15,1,1,1,1,1,1,1,1,1,1,1,1,1,1,1,1,1,1,1,1
"814",1.32241127326352,0.378165430098948,"MA",2023-10-16,1,0,0,1,1,1,1,1,1,1,1,0,0,1,0,1,0,1,0,1
"815",1.08944590094057,0.372722741755145,"MA",2023-10-17,1,1,1,1,1,1,1,1,1,1,1,1,0,1,1,0,1,1,1,1
"816",NA,NA,"MA",2023-10-18,NA,NA,NA,NA,NA,NA,NA,NA,NA,NA,NA,NA,NA,NA,NA,NA,NA,NA,NA,NA
"817",0.733365960775776,0.192059299444203,"MA",2023-10-19,1,1,1,1,1,1,0,1,1,1,1,1,1,1,1,1,1,1,1,1
"818",0.99879662887487,0.259597329813849,"MA",2023-10-20,1,1,1,1,1,1,0,1,1,1,1,1,0,1,1,1,0,1,0,1
"819",0.797511236886536,0.35327026868794,"MA",2023-10-21,1,1,1,1,1,0,1,1,1,1,1,1,1,1,1,0,0,1,1,1
"820",NA,NA,"MA",2023-10-22,NA,NA,NA,NA,NA,NA,NA,NA,NA,NA,NA,NA,NA,NA,NA,NA,NA,NA,NA,NA
"821",1.97346321596217,0.355333877646645,"MA",2023-10-23,1,1,0,1,0,1,1,1,1,0,1,0,0,1,0,0,0,1,0,0
"822",1.81878517190473,0.237814594817174,"MA",2023-10-24,1,1,1,1,1,1,0,1,1,1,1,1,1,1,1,0,0,1,1,1
"823",1.34317317185509,0.299918643280292,"MA",2023-10-25,1,1,1,1,1,1,0,1,1,1,1,1,0,1,1,1,0,1,0,1
"824",0.85772156474558,0.419157082168919,"MA",2023-10-26,1,0,1,1,1,1,1,1,1,1,1,0,0,1,1,1,0,1,1,1
"825",1.62214466185534,0.492314214559403,"MA",2023-10-27,1,1,1,1,0,0,0,1,1,1,1,0,1,1,0,0,0,1,1,1
"826",NA,NA,"MA",2023-10-28,NA,NA,NA,NA,NA,NA,NA,NA,NA,NA,NA,NA,NA,NA,NA,NA,NA,NA,NA,NA
"827",NA,NA,"MA",2023-10-29,NA,NA,NA,NA,NA,NA,NA,NA,NA,NA,NA,NA,NA,NA,NA,NA,NA,NA,NA,NA
"828",1.15064894869647,0.448778635747345,"MA",2023-10-30,1,0,1,1,1,0,1,1,1,1,1,0,1,1,0,0,1,0,1,1
"829",0.733619276363858,0.196603133091187,"MA",2023-10-31,1,1,1,1,1,1,0,1,1,1,1,1,1,1,0,1,0,1,1,1
"830",1.36174731164585,0.301249293239057,"MA",2023-11-01,1,1,1,1,1,1,0,1,1,1,1,1,1,0,0,1,0,0,1,1
"831",0.786443610442399,0.545576579652367,"MA",2023-11-02,1,1,1,1,1,0,1,1,1,1,1,1,1,1,1,0,1,0,1,1
"832",0.491601355308853,0.337996427881603,"MA",2023-11-03,1,1,1,1,1,1,1,1,1,1,1,1,0,1,1,1,1,0,1,1
"833",0.295425635183761,0.199938780273654,"MA",2023-11-04,1,1,1,1,1,1,1,1,1,1,1,1,0,1,1,1,0,1,1,1
"834",0.829054345922195,0.58132945765265,"MA",2023-11-05,1,0,1,1,1,1,1,1,1,1,1,0,1,1,1,1,0,1,1,1
"835",1.81183028791904,0.367661296924932,"MA",2023-11-06,1,0,0,1,1,1,1,0,1,1,1,0,1,1,1,1,0,0,0,1
"836",0.967638194345229,0.328258165221707,"MA",2023-11-07,1,0,1,1,1,1,1,1,1,1,1,0,1,1,0,1,0,1,0,1
"837",1.09314457675731,0.404192232949443,"MA",2023-11-08,1,1,1,1,1,1,1,1,1,0,1,1,0,1,1,1,0,1,0,0
"838",1.35777518126381,0.346595714988937,"MA",2023-11-09,1,0,1,1,1,1,1,0,1,1,1,0,1,1,0,0,0,0,0,1
"839",1.17359354433799,0.33188919043238,"MA",2023-11-10,1,1,1,1,0,1,1,1,1,1,1,1,1,1,0,0,0,1,1,1
"840",0.771387895295476,0.208346545677276,"MA",2023-11-11,1,1,1,1,1,1,0,1,1,1,1,1,1,1,1,1,1,1,1,1
"841",1.23333163808707,0.212187744591888,"MD",2023-10-01,1,1,1,1,1,1,0,1,1,1,1,1,0,1,0,1,0,1,1,1
"842",0.664694573231487,0.28369216729135,"MD",2023-10-02,1,1,1,1,1,1,1,1,1,1,1,1,0,1,1,1,1,1,0,1
"843",0.281719261150954,0.208545574528137,"MD",2023-10-03,1,1,1,1,1,1,1,1,1,1,1,1,1,1,1,1,1,1,1,1
"844",1.85712556906298,0.373433029269085,"MD",2023-10-04,1,1,0,1,1,0,1,1,1,1,1,0,1,1,0,0,0,1,0,1
"845",0.881247612544632,0.324967495162608,"MD",2023-10-05,1,1,1,1,1,1,1,1,1,1,1,0,0,1,1,0,0,1,1,1
"846",1.36019188588416,0.27356301341124,"MD",2023-10-06,1,1,1,1,1,1,0,1,1,1,0,1,0,1,0,1,0,1,1,1
"847",1.52973881610262,0.463114467752176,"MD",2023-10-07,1,1,1,1,1,1,1,1,0,1,1,0,0,1,1,1,1,1,0,1
"848",0.709935281826068,0.199928667236525,"MD",2023-10-08,1,1,1,1,1,1,0,1,1,1,1,1,1,1,0,1,0,1,1,1
"849",0.8602809109338,0.383562896345998,"MD",2023-10-09,1,1,1,1,1,1,1,1,1,0,1,1,0,1,1,1,0,1,1,0
"850",1.02625178973699,0.326158500966455,"MD",2023-10-10,1,1,1,1,0,1,1,1,1,1,1,1,0,1,0,0,1,1,1,1
"851",1.18939140286689,0.295362492093645,"MD",2023-10-11,1,1,1,1,1,1,0,1,0,1,1,1,0,1,1,1,1,1,0,1
"852",1.40397221169196,0.418296803335175,"MD",2023-10-12,1,1,1,1,1,1,1,0,0,1,1,0,0,1,0,0,0,0,0,1
"853",0.502386176785838,0.323304949094401,"MD",2023-10-13,1,1,1,1,1,1,1,1,1,1,1,1,1,0,0,1,1,1,1,1
"854",NA,NA,"MD",2023-10-14,NA,NA,NA,NA,NA,NA,NA,NA,NA,NA,NA,NA,NA,NA,NA,NA,NA,NA,NA,NA
"855",NA,NA,"MD",2023-10-15,NA,NA,NA,NA,NA,NA,NA,NA,NA,NA,NA,NA,NA,NA,NA,NA,NA,NA,NA,NA
"856",0.996962482398152,0.320533277522424,"MD",2023-10-16,1,1,1,1,0,1,1,1,1,1,1,1,0,1,0,0,1,1,1,1
"857",0.88027585323066,0.324056725566526,"MD",2023-10-17,1,1,1,1,1,1,1,1,0,1,1,1,1,1,1,0,0,1,1,1
"858",1.3029416500569,0.3218197160159,"MD",2023-10-18,1,1,1,1,1,1,1,0,1,1,0,1,0,1,0,0,0,0,1,1
"859",1.1995422158348,0.378921041580254,"MD",2023-10-19,1,1,1,1,1,1,1,0,1,1,1,1,0,1,0,1,0,0,1,1
"860",1.47693476809803,0.270413614405047,"MD",2023-10-20,1,1,1,1,1,1,0,1,1,0,1,1,0,1,1,0,0,1,1,0
"861",2.1581220443706,0.447707927523546,"MD",2023-10-21,1,0,0,1,1,1,0,1,1,1,0,0,0,1,0,1,1,1,1,1
"862",1.48954454471845,0.179373530377597,"MD",2023-10-22,1,1,1,1,1,1,0,1,1,1,1,1,0,1,1,1,0,1,1,1
"863",1.29140879204601,0.353814060667069,"MD",2023-10-23,1,0,0,1,1,1,1,1,1,1,1,0,1,1,0,1,0,1,1,1
"864",2.43717465295755,0.297294513423264,"MD",2023-10-24,1,1,1,1,0,1,0,1,1,1,1,0,0,1,0,0,0,1,1,1
"865",0.851489150756196,0.31888956749536,"MD",2023-10-25,1,1,1,1,1,1,1,1,0,1,1,1,0,1,1,1,1,1,0,1
"866",2.18900786862638,0.23411722143194,"MD",2023-10-26,1,1,1,1,1,1,0,1,1,1,1,1,0,0,1,0,0,1,1,1
"867",1.95739377637887,0.268374094216024,"MD",2023-10-27,1,1,1,1,1,1,0,1,1,1,1,0,0,1,0,0,0,0,1,1
"868",3.03485884723549,0.385595208442477,"MD",2023-10-28,1,1,0,1,1,1,1,1,1,1,1,1,0,1,1,0,0,1,1,1
"869",0.663780038365524,0.28193170568175,"MD",2023-10-29,1,1,1,1,1,1,1,1,1,1,1,1,1,1,1,1,0,1,0,1
"870",0.668503822693233,0.282056334125163,"MD",2023-10-30,1,1,1,1,1,1,1,1,1,1,1,1,0,1,1,1,1,1,0,1
"871",1.56835297619068,0.39694640853011,"MD",2023-10-31,0,0,0,1,1,1,1,1,1,1,0,0,1,1,1,0,1,0,1,1
"872",1.77550309469232,0.444570901132696,"MD",2023-11-01,1,0,1,1,1,1,1,0,1,1,1,0,0,1,1,1,0,0,1,1
"873",1.72559057795884,0.267736211680771,"MD",2023-11-02,1,0,1,1,0,1,0,1,1,1,1,1,0,1,1,0,0,1,1,1
"874",1.71337701127815,0.43775744356186,"MD",2023-11-03,0,0,0,1,1,1,1,1,1,1,0,0,0,1,1,1,0,1,0,1
"875",0.94150813169384,0.27718402818234,"MD",2023-11-04,1,1,1,1,0,1,1,1,1,1,1,1,1,1,0,1,0,1,1,1
"876",1.45625156037295,0.22364770147436,"MD",2023-11-05,1,1,1,1,1,1,0,1,1,1,1,0,0,1,0,1,0,0,1,1
"877",2.8355483510941,0.386644672237906,"MD",2023-11-06,1,1,1,1,1,0,1,1,1,0,1,0,0,1,0,0,0,1,0,0
"878",2.00254836354256,0.441802104412534,"MD",2023-11-07,1,1,1,1,1,1,1,0,1,0,1,0,1,1,1,1,0,0,0,0
"879",1.78626860336778,0.288078610459071,"MD",2023-11-08,0,0,1,1,1,1,1,1,1,1,0,0,0,1,1,0,0,1,1,1
"880",2.39872052845668,0.321254709573709,"MD",2023-11-09,0,0,1,1,0,1,1,1,1,1,0,0,0,1,0,0,0,0,0,0
"881",1.33827345023794,0.256749081792971,"MD",2023-11-10,1,1,1,1,1,1,0,1,1,0,1,1,0,1,1,1,0,1,0,0
"882",1.29608446191879,0.159580086155501,"MD",2023-11-11,1,1,1,1,1,1,0,1,1,1,1,0,1,1,1,1,0,1,1,0
"883",NA,NA,"ME",2023-10-01,NA,NA,NA,NA,NA,NA,NA,NA,NA,NA,NA,NA,NA,NA,NA,NA,NA,NA,NA,NA
"884",NA,NA,"ME",2023-10-02,NA,NA,NA,NA,NA,NA,NA,NA,NA,NA,NA,NA,NA,NA,NA,NA,NA,NA,NA,NA
"885",0.740821929513681,0.509012212888885,"ME",2023-10-03,1,1,1,1,1,0,1,1,1,1,1,1,1,1,0,0,1,1,1,1
"886",NA,NA,"ME",2023-10-04,NA,NA,NA,NA,NA,NA,NA,NA,NA,NA,NA,NA,NA,NA,NA,NA,NA,NA,NA,NA
"887",NA,NA,"ME",2023-10-05,NA,NA,NA,NA,NA,NA,NA,NA,NA,NA,NA,NA,NA,NA,NA,NA,NA,NA,NA,NA
"888",NA,NA,"ME",2023-10-06,NA,NA,NA,NA,NA,NA,NA,NA,NA,NA,NA,NA,NA,NA,NA,NA,NA,NA,NA,NA
"889",NA,NA,"ME",2023-10-07,NA,NA,NA,NA,NA,NA,NA,NA,NA,NA,NA,NA,NA,NA,NA,NA,NA,NA,NA,NA
"890",NA,NA,"ME",2023-10-08,NA,NA,NA,NA,NA,NA,NA,NA,NA,NA,NA,NA,NA,NA,NA,NA,NA,NA,NA,NA
"891",NA,NA,"ME",2023-10-09,NA,NA,NA,NA,NA,NA,NA,NA,NA,NA,NA,NA,NA,NA,NA,NA,NA,NA,NA,NA
"892",0.606021808042321,0.415912589513762,"ME",2023-10-10,1,1,1,1,0,1,1,1,1,1,1,1,0,1,0,1,1,1,1,1
"893",NA,NA,"ME",2023-10-11,NA,NA,NA,NA,NA,NA,NA,NA,NA,NA,NA,NA,NA,NA,NA,NA,NA,NA,NA,NA
"894",NA,NA,"ME",2023-10-12,NA,NA,NA,NA,NA,NA,NA,NA,NA,NA,NA,NA,NA,NA,NA,NA,NA,NA,NA,NA
"895",NA,NA,"ME",2023-10-13,NA,NA,NA,NA,NA,NA,NA,NA,NA,NA,NA,NA,NA,NA,NA,NA,NA,NA,NA,NA
"896",NA,NA,"ME",2023-10-14,NA,NA,NA,NA,NA,NA,NA,NA,NA,NA,NA,NA,NA,NA,NA,NA,NA,NA,NA,NA
"897",NA,NA,"ME",2023-10-15,NA,NA,NA,NA,NA,NA,NA,NA,NA,NA,NA,NA,NA,NA,NA,NA,NA,NA,NA,NA
"898",NA,NA,"ME",2023-10-16,NA,NA,NA,NA,NA,NA,NA,NA,NA,NA,NA,NA,NA,NA,NA,NA,NA,NA,NA,NA
"899",NA,NA,"ME",2023-10-17,NA,NA,NA,NA,NA,NA,NA,NA,NA,NA,NA,NA,NA,NA,NA,NA,NA,NA,NA,NA
"900",NA,NA,"ME",2023-10-18,NA,NA,NA,NA,NA,NA,NA,NA,NA,NA,NA,NA,NA,NA,NA,NA,NA,NA,NA,NA
"901",NA,NA,"ME",2023-10-19,NA,NA,NA,NA,NA,NA,NA,NA,NA,NA,NA,NA,NA,NA,NA,NA,NA,NA,NA,NA
"902",NA,NA,"ME",2023-10-20,NA,NA,NA,NA,NA,NA,NA,NA,NA,NA,NA,NA,NA,NA,NA,NA,NA,NA,NA,NA
"903",NA,NA,"ME",2023-10-21,NA,NA,NA,NA,NA,NA,NA,NA,NA,NA,NA,NA,NA,NA,NA,NA,NA,NA,NA,NA
"904",NA,NA,"ME",2023-10-22,NA,NA,NA,NA,NA,NA,NA,NA,NA,NA,NA,NA,NA,NA,NA,NA,NA,NA,NA,NA
"905",NA,NA,"ME",2023-10-23,NA,NA,NA,NA,NA,NA,NA,NA,NA,NA,NA,NA,NA,NA,NA,NA,NA,NA,NA,NA
"906",NA,NA,"ME",2023-10-24,NA,NA,NA,NA,NA,NA,NA,NA,NA,NA,NA,NA,NA,NA,NA,NA,NA,NA,NA,NA
"907",NA,NA,"ME",2023-10-25,NA,NA,NA,NA,NA,NA,NA,NA,NA,NA,NA,NA,NA,NA,NA,NA,NA,NA,NA,NA
"908",NA,NA,"ME",2023-10-26,NA,NA,NA,NA,NA,NA,NA,NA,NA,NA,NA,NA,NA,NA,NA,NA,NA,NA,NA,NA
"909",NA,NA,"ME",2023-10-27,NA,NA,NA,NA,NA,NA,NA,NA,NA,NA,NA,NA,NA,NA,NA,NA,NA,NA,NA,NA
"910",NA,NA,"ME",2023-10-28,NA,NA,NA,NA,NA,NA,NA,NA,NA,NA,NA,NA,NA,NA,NA,NA,NA,NA,NA,NA
"911",NA,NA,"ME",2023-10-29,NA,NA,NA,NA,NA,NA,NA,NA,NA,NA,NA,NA,NA,NA,NA,NA,NA,NA,NA,NA
"912",NA,NA,"ME",2023-10-30,NA,NA,NA,NA,NA,NA,NA,NA,NA,NA,NA,NA,NA,NA,NA,NA,NA,NA,NA,NA
"913",NA,NA,"ME",2023-10-31,NA,NA,NA,NA,NA,NA,NA,NA,NA,NA,NA,NA,NA,NA,NA,NA,NA,NA,NA,NA
"914",NA,NA,"ME",2023-11-01,NA,NA,NA,NA,NA,NA,NA,NA,NA,NA,NA,NA,NA,NA,NA,NA,NA,NA,NA,NA
"915",NA,NA,"ME",2023-11-02,NA,NA,NA,NA,NA,NA,NA,NA,NA,NA,NA,NA,NA,NA,NA,NA,NA,NA,NA,NA
"916",NA,NA,"ME",2023-11-03,NA,NA,NA,NA,NA,NA,NA,NA,NA,NA,NA,NA,NA,NA,NA,NA,NA,NA,NA,NA
"917",NA,NA,"ME",2023-11-04,NA,NA,NA,NA,NA,NA,NA,NA,NA,NA,NA,NA,NA,NA,NA,NA,NA,NA,NA,NA
"918",NA,NA,"ME",2023-11-05,NA,NA,NA,NA,NA,NA,NA,NA,NA,NA,NA,NA,NA,NA,NA,NA,NA,NA,NA,NA
"919",NA,NA,"ME",2023-11-06,NA,NA,NA,NA,NA,NA,NA,NA,NA,NA,NA,NA,NA,NA,NA,NA,NA,NA,NA,NA
"920",NA,NA,"ME",2023-11-07,NA,NA,NA,NA,NA,NA,NA,NA,NA,NA,NA,NA,NA,NA,NA,NA,NA,NA,NA,NA
"921",NA,NA,"ME",2023-11-08,NA,NA,NA,NA,NA,NA,NA,NA,NA,NA,NA,NA,NA,NA,NA,NA,NA,NA,NA,NA
"922",NA,NA,"ME",2023-11-09,NA,NA,NA,NA,NA,NA,NA,NA,NA,NA,NA,NA,NA,NA,NA,NA,NA,NA,NA,NA
"923",NA,NA,"ME",2023-11-10,NA,NA,NA,NA,NA,NA,NA,NA,NA,NA,NA,NA,NA,NA,NA,NA,NA,NA,NA,NA
"924",NA,NA,"ME",2023-11-11,NA,NA,NA,NA,NA,NA,NA,NA,NA,NA,NA,NA,NA,NA,NA,NA,NA,NA,NA,NA
"925",2.02741392831677,0.444260338494201,"MI",2023-10-01,1,1,1,1,1,1,1,1,0,0,1,1,0,1,0,0,1,1,0,0
"926",9.08775166451524,0.399107346654352,"MI",2023-10-02,1,1,0,0,1,1,0,1,1,1,0,1,0,0,0,0,0,0,0,0
"927",3.81873080735308,0.409244067224786,"MI",2023-10-03,1,0,1,0,1,1,1,1,1,0,0,0,0,0,0,0,1,0,0,0
"928",2.61884996922592,0.358350173083506,"MI",2023-10-04,1,0,1,1,1,1,1,1,1,1,0,0,1,1,0,0,0,1,1,0
"929",2.33823718284325,0.358208843799808,"MI",2023-10-05,1,1,0,1,1,1,1,1,1,1,0,0,0,1,0,1,0,0,1,0
"930",2.91401515583123,0.381143039400896,"MI",2023-10-06,1,1,1,1,0,1,1,1,1,0,0,0,0,1,0,0,0,1,0,0
"931",2.32766060825041,0.377049137217131,"MI",2023-10-07,1,1,1,1,1,1,1,1,0,1,0,0,0,0,0,0,1,0,0,1
"932",3.15389257247952,0.4045119590861,"MI",2023-10-08,0,1,1,0,0,1,1,1,1,0,0,1,1,0,0,0,0,0,0,0
"933",4.32326670151784,0.40734192076506,"MI",2023-10-09,1,1,1,1,0,0,0,1,1,1,1,0,0,1,0,0,0,0,1,0
"934",5.23667427383312,0.363923367546158,"MI",2023-10-10,1,1,0,1,1,0,0,1,1,0,0,0,0,1,0,0,0,1,0,0
"935",6.45147134681515,0.358690763654209,"MI",2023-10-11,1,1,0,1,1,0,0,0,1,1,1,0,0,1,0,0,1,0,0,0
"936",4.46924942108261,0.384200000160726,"MI",2023-10-12,1,0,1,1,0,0,1,1,0,1,0,0,0,1,0,0,1,0,0,0
"937",2.68472634234187,0.399307878967399,"MI",2023-10-13,1,1,1,1,0,1,1,0,1,1,0,0,0,1,1,1,1,0,0,1
"938",2.2564851106626,0.356872283380416,"MI",2023-10-14,1,1,0,1,0,1,1,0,1,1,1,1,0,1,0,0,0,0,0,0
"939",0.741958962574101,0.352107881944475,"MI",2023-10-15,1,1,1,1,1,1,1,1,1,1,1,1,0,1,0,1,0,1,1,1
"940",2.89527281904977,0.339785004110182,"MI",2023-10-16,1,1,1,1,1,1,0,1,1,1,0,0,0,1,1,0,1,1,0,1
"941",2.37536559217771,0.373708170576274,"MI",2023-10-17,1,1,1,1,1,1,1,1,0,1,0,1,0,1,0,0,0,1,0,0
"942",2.67568806347665,0.358319898817391,"MI",2023-10-18,1,1,0,1,1,1,1,1,1,1,0,0,0,1,0,0,0,1,0,0
"943",7.0132974620924,0.44425651519347,"MI",2023-10-19,0,1,0,1,1,1,0,0,0,1,0,1,0,0,0,0,0,0,0,1
"944",4.968253878305,0.320339443152812,"MI",2023-10-20,1,1,0,1,1,1,0,1,1,1,1,0,0,1,0,1,0,0,1,0
"945",0.94909219948522,0.352868616349354,"MI",2023-10-21,1,0,1,1,1,1,1,1,1,1,1,0,0,1,1,1,0,1,1,1
"946",0.592302289495938,0.271018928957029,"MI",2023-10-22,1,1,1,1,1,1,1,1,1,1,0,1,1,1,0,1,0,1,1,1
"947",2.45953322053781,0.377920383688074,"MI",2023-10-23,0,1,1,0,1,1,1,1,1,1,0,0,0,0,0,0,0,1,0,0
"948",3.50764458227859,0.34773279493725,"MI",2023-10-24,1,0,1,1,1,1,1,0,1,1,0,0,0,1,0,0,0,0,1,0
"949",3.23924301737392,0.340896322744355,"MI",2023-10-25,1,1,1,0,1,1,0,1,1,1,0,0,1,0,0,0,0,1,0,1
"950",3.33431768601089,0.389012654929704,"MI",2023-10-26,1,1,1,0,0,1,1,0,0,1,1,0,0,0,1,0,0,0,0,1
"951",2.60983688311996,0.357302961721032,"MI",2023-10-27,1,1,1,1,1,1,1,1,1,1,0,0,0,0,1,0,0,1,0,0
"952",2.43598884152556,0.440193382091519,"MI",2023-10-28,1,0,1,1,0,0,1,0,1,0,1,0,0,1,1,0,0,0,0,0
"953",2.83077419048133,0.359502064583,"MI",2023-10-29,1,0,0,1,1,1,1,1,1,1,1,0,1,1,0,0,1,1,0,1
"954",5.32330661608861,0.401642843695497,"MI",2023-10-30,1,0,1,1,0,1,1,0,1,1,1,0,0,1,0,0,0,0,0,1
"955",2.89157697489318,0.333923776905299,"MI",2023-10-31,1,1,1,1,0,1,0,0,1,1,1,1,0,1,0,0,0,0,1,0
"956",2.86091732758688,0.38166380492815,"MI",2023-11-01,1,1,1,1,0,1,1,0,1,0,1,0,0,1,0,0,1,0,0,0
"957",3.01673812766567,0.351997755459829,"MI",2023-11-02,1,1,1,1,0,1,1,1,1,1,0,1,0,1,0,0,1,0,0,0
"958",3.0470561872021,0.360402379840561,"MI",2023-11-03,1,1,1,0,1,0,1,1,1,1,0,0,0,0,0,0,0,1,0,0
"959",1.99986395210532,0.350452803522072,"MI",2023-11-04,1,1,0,1,1,1,0,0,0,1,1,1,0,1,1,1,0,0,1,1
"960",1.42432034979065,0.399453989610473,"MI",2023-11-05,1,1,1,1,1,1,1,0,1,1,1,1,0,1,0,0,1,0,1,1
"961",5.39120352008038,0.388332574635522,"MI",2023-11-06,0,1,1,0,0,1,1,1,1,0,0,1,0,1,0,0,1,0,1,0
"962",4.47985076272581,0.397485182873704,"MI",2023-11-07,1,1,0,0,0,1,1,0,1,1,0,1,0,0,0,0,0,0,0,1
"963",5.49139935077874,0.341631471101753,"MI",2023-11-08,1,0,1,1,1,0,0,0,1,0,1,0,0,1,0,0,0,0,1,0
"964",6.05207278830207,0.404408782208051,"MI",2023-11-09,1,1,1,1,0,1,1,0,1,0,0,1,0,1,0,1,0,0,0,0
"965",4.2000520124678,0.403596149609004,"MI",2023-11-10,0,1,1,0,1,1,1,1,0,0,0,0,0,1,0,0,0,0,0,0
"966",3.12350866705617,0.406551483031367,"MI",2023-11-11,1,1,1,1,1,1,1,1,0,0,1,0,0,1,0,1,0,0,0,0
"967",2.75062241187868,0.376132064558662,"MN",2023-10-01,1,1,1,1,0,1,1,1,0,0,0,1,0,1,0,0,0,1,0,0
"968",4.32140284441125,0.372083886937651,"MN",2023-10-02,1,0,1,1,1,1,1,0,1,1,0,0,0,1,1,0,0,0,0,1
"969",3.55885745390681,0.374268453991753,"MN",2023-10-03,1,0,0,1,1,1,1,1,0,0,0,0,1,1,0,0,0,0,0,0
"970",2.89640251103755,0.362342849019216,"MN",2023-10-04,1,0,1,1,0,1,1,1,1,1,0,0,0,1,0,0,0,0,1,0
"971",2.77988403129247,0.353949306307202,"MN",2023-10-05,1,1,1,1,1,0,1,1,1,0,0,0,0,1,0,0,0,0,0,0
"972",3.7891744039243,0.365275271378853,"MN",2023-10-06,1,0,0,1,0,1,0,1,1,1,0,0,1,1,1,0,0,0,0,1
"973",4.1524619557431,0.386939213560269,"MN",2023-10-07,1,1,0,1,1,1,0,1,0,0,1,0,0,1,0,1,0,1,0,0
"974",3.47823017318353,0.383244213972898,"MN",2023-10-08,1,0,0,1,1,0,0,1,1,1,1,0,0,1,0,0,0,0,0,1
"975",3.96190564632022,0.3534885137946,"MN",2023-10-09,1,0,0,1,1,1,1,1,1,1,0,0,0,1,1,0,0,0,0,0
"976",3.78273724970959,0.336532540522373,"MN",2023-10-10,1,1,0,1,0,1,1,1,0,1,0,0,0,1,0,0,0,1,0,0
"977",3.38038718770965,0.386571937216508,"MN",2023-10-11,1,0,0,1,1,0,1,0,1,0,0,0,0,1,0,0,0,0,0,0
"978",4.42257617983366,0.355448626877273,"MN",2023-10-12,1,0,0,1,1,1,0,1,1,1,1,0,0,1,0,0,0,1,0,0
"979",3.27669008847414,0.353503067300386,"MN",2023-10-13,1,1,1,1,0,1,1,1,0,1,0,1,0,1,0,0,0,0,0,1
"980",5.94067015581903,0.456745059870868,"MN",2023-10-14,1,1,0,1,0,1,0,1,0,0,0,0,0,1,0,1,0,0,0,0
"981",1.46159812783082,0.353590792063288,"MN",2023-10-15,0,0,1,1,1,1,1,1,1,1,0,0,0,1,0,0,1,1,1,1
"982",2.64811775471673,0.398734881345054,"MN",2023-10-16,1,1,0,1,0,1,1,1,1,0,1,0,0,1,1,0,0,0,0,0
"983",4.0670253988514,0.401251933391944,"MN",2023-10-17,1,1,1,1,0,1,0,1,1,0,0,0,0,1,0,1,0,0,0,0
"984",1.89429408620491,0.35113169094723,"MN",2023-10-18,1,1,1,1,1,0,1,1,1,1,1,1,0,1,0,1,0,0,1,0
"985",1.59388320783357,0.378278415060144,"MN",2023-10-19,1,1,1,0,1,1,1,1,0,1,1,0,0,0,0,1,0,0,0,1
"986",1.11348532229736,0.360914790365043,"MN",2023-10-20,1,0,1,1,1,1,1,1,1,1,1,1,0,1,0,0,1,0,1,1
"987",1.14447182465968,0.331240371865307,"MN",2023-10-21,1,1,1,1,1,1,1,1,1,1,0,0,0,1,0,0,0,1,0,1
"988",1.59863465388317,0.371433531548258,"MN",2023-10-22,1,1,1,1,1,1,1,1,1,1,0,0,1,1,0,0,0,0,1,1
"989",3.29471424869533,0.292229695072098,"MN",2023-10-23,1,1,1,1,1,1,0,1,1,1,0,0,0,1,0,0,0,1,1,1
"990",2.53021910444472,0.36128445002373,"MN",2023-10-24,0,1,1,1,1,1,1,1,1,1,0,0,1,0,0,0,0,0,0,1
"991",5.6985561592913,0.361682262390605,"MN",2023-10-25,0,0,0,1,1,1,0,1,1,1,0,0,0,1,0,0,0,0,0,1
"992",3.45706680586837,0.378447545702323,"MN",2023-10-26,1,1,0,1,1,0,1,0,0,1,0,0,0,1,0,0,0,0,0,0
"993",4.79629986193219,0.412694658792208,"MN",2023-10-27,1,0,0,1,1,1,1,0,1,1,0,0,0,1,0,1,0,0,0,0
"994",2.39133022732555,0.361416674125416,"MN",2023-10-28,1,0,0,1,1,1,1,1,1,1,1,0,0,1,0,0,0,0,0,1
"995",4.07764789216113,0.382492791752271,"MN",2023-10-29,1,1,0,0,0,1,1,0,1,1,1,0,0,0,0,0,0,1,0,1
"996",2.6683342080496,0.345314521705682,"MN",2023-10-30,1,1,1,1,1,1,1,0,1,1,0,0,0,1,0,1,0,0,1,0
"997",5.58822936647136,0.361489541447766,"MN",2023-10-31,1,0,0,1,1,1,0,0,0,0,1,0,0,1,1,0,0,0,0,1
"998",7.26944827223704,0.38822394607048,"MN",2023-11-01,0,0,0,1,1,0,1,0,0,0,1,0,0,1,1,0,0,0,0,0
"999",3.51053527122368,0.387436318252611,"MN",2023-11-02,1,1,1,1,1,0,1,0,1,0,1,1,0,1,0,0,0,0,0,0
"1000",6.1301860080928,0.392506574833359,"MN",2023-11-03,1,0,0,1,1,1,1,0,1,0,1,0,0,1,0,0,0,0,0,0
"1001",4.28688776324655,0.317844624014128,"MN",2023-11-04,1,1,0,1,0,1,0,1,0,1,1,0,0,1,0,0,0,0,0,1
"1002",3.09742821082964,0.353168958940464,"MN",2023-11-05,1,1,0,1,0,1,1,0,1,0,0,0,0,0,0,0,0,0,0,0
"1003",5.26599372853789,0.387751189297687,"MN",2023-11-06,1,0,0,1,1,1,1,0,1,0,0,0,0,1,0,0,0,0,0,0
"1004",8.62322826882951,0.372428128573457,"MN",2023-11-07,0,0,0,1,0,1,1,0,1,0,0,1,0,1,0,0,0,0,0,0
"1005",4.99786176480488,0.362173496765271,"MN",2023-11-08,1,0,0,1,1,1,1,1,1,0,0,0,0,1,1,0,0,1,0,0
"1006",5.92540461771419,0.407620227597666,"MN",2023-11-09,0,0,1,1,1,1,0,0,1,0,0,0,0,1,0,0,0,0,0,0
"1007",9.2145421103826,0.33893223827251,"MN",2023-11-10,0,1,0,1,0,1,0,0,0,1,0,0,0,1,0,0,0,0,1,0
"1008",5.56389195621369,0.315940930471803,"MN",2023-11-11,1,1,0,1,0,1,0,1,1,1,0,0,0,1,0,0,0,0,0,0
"1009",0.517542823453555,0.356810102431867,"MO",2023-10-01,1,1,0,1,1,1,1,1,1,1,1,0,0,1,1,1,1,1,1,1
"1010",0.518158105349963,0.356125938921646,"MO",2023-10-02,1,1,0,1,1,1,1,1,1,1,1,1,0,1,0,1,1,1,1,1
"1011",NA,NA,"MO",2023-10-03,NA,NA,NA,NA,NA,NA,NA,NA,NA,NA,NA,NA,NA,NA,NA,NA,NA,NA,NA,NA
"1012",NA,NA,"MO",2023-10-04,NA,NA,NA,NA,NA,NA,NA,NA,NA,NA,NA,NA,NA,NA,NA,NA,NA,NA,NA,NA
"1013",NA,NA,"MO",2023-10-05,NA,NA,NA,NA,NA,NA,NA,NA,NA,NA,NA,NA,NA,NA,NA,NA,NA,NA,NA,NA
"1014",0.761133062691088,0.538031699797811,"MO",2023-10-06,1,0,1,1,1,1,1,1,1,1,1,0,1,1,1,1,0,1,1,1
"1015",0.860607121145557,0.438609273995258,"MO",2023-10-07,1,1,1,1,1,0,1,1,1,1,0,1,0,1,1,0,0,1,1,1
"1016",NA,NA,"MO",2023-10-08,NA,NA,NA,NA,NA,NA,NA,NA,NA,NA,NA,NA,NA,NA,NA,NA,NA,NA,NA,NA
"1017",NA,NA,"MO",2023-10-09,NA,NA,NA,NA,NA,NA,NA,NA,NA,NA,NA,NA,NA,NA,NA,NA,NA,NA,NA,NA
"1018",0.651227144573787,0.46812013928102,"MO",2023-10-10,1,1,1,1,0,1,1,1,1,1,1,1,0,1,0,1,1,1,1,1
"1019",0.502341413589072,0.348503549082187,"MO",2023-10-11,1,1,1,1,1,1,1,1,1,1,1,1,0,1,1,1,0,1,1,1
"1020",NA,NA,"MO",2023-10-12,NA,NA,NA,NA,NA,NA,NA,NA,NA,NA,NA,NA,NA,NA,NA,NA,NA,NA,NA,NA
"1021",NA,NA,"MO",2023-10-13,NA,NA,NA,NA,NA,NA,NA,NA,NA,NA,NA,NA,NA,NA,NA,NA,NA,NA,NA,NA
"1022",NA,NA,"MO",2023-10-14,NA,NA,NA,NA,NA,NA,NA,NA,NA,NA,NA,NA,NA,NA,NA,NA,NA,NA,NA,NA
"1023",NA,NA,"MO",2023-10-15,NA,NA,NA,NA,NA,NA,NA,NA,NA,NA,NA,NA,NA,NA,NA,NA,NA,NA,NA,NA
"1024",NA,NA,"MO",2023-10-16,NA,NA,NA,NA,NA,NA,NA,NA,NA,NA,NA,NA,NA,NA,NA,NA,NA,NA,NA,NA
"1025",0.379590504803172,0.271352027761656,"MO",2023-10-17,1,1,1,1,1,1,1,1,1,1,1,1,0,1,1,1,0,1,1,1
"1026",NA,NA,"MO",2023-10-18,NA,NA,NA,NA,NA,NA,NA,NA,NA,NA,NA,NA,NA,NA,NA,NA,NA,NA,NA,NA
"1027",NA,NA,"MO",2023-10-19,NA,NA,NA,NA,NA,NA,NA,NA,NA,NA,NA,NA,NA,NA,NA,NA,NA,NA,NA,NA
"1028",1.12418434611664,0.338477339397371,"MO",2023-10-20,1,1,0,1,1,1,1,1,1,1,1,1,0,1,1,1,0,1,1,1
"1029",0.505118943163387,0.337232003348965,"MO",2023-10-21,1,1,1,1,1,1,1,1,1,1,1,1,0,1,1,1,0,1,1,1
"1030",NA,NA,"MO",2023-10-22,NA,NA,NA,NA,NA,NA,NA,NA,NA,NA,NA,NA,NA,NA,NA,NA,NA,NA,NA,NA
"1031",NA,NA,"MO",2023-10-23,NA,NA,NA,NA,NA,NA,NA,NA,NA,NA,NA,NA,NA,NA,NA,NA,NA,NA,NA,NA
"1032",0.501220819045979,0.333354361051673,"MO",2023-10-24,1,1,1,1,1,1,1,1,1,1,1,1,0,1,1,1,0,1,1,1
"1033",NA,NA,"MO",2023-10-25,NA,NA,NA,NA,NA,NA,NA,NA,NA,NA,NA,NA,NA,NA,NA,NA,NA,NA,NA,NA
"1034",0.377748930037895,0.2774301247736,"MO",2023-10-26,1,1,1,1,1,1,1,1,1,1,1,1,0,1,1,1,0,1,1,1
"1035",0.461431487640269,0.303781130951339,"MO",2023-10-27,1,1,1,1,1,1,1,1,1,1,1,0,0,1,1,1,1,1,1,1
"1036",0.369046793160271,0.279173390288876,"MO",2023-10-28,1,1,1,1,1,1,1,1,1,1,1,1,1,1,1,1,1,1,1,1
"1037",NA,NA,"MO",2023-10-29,NA,NA,NA,NA,NA,NA,NA,NA,NA,NA,NA,NA,NA,NA,NA,NA,NA,NA,NA,NA
"1038",NA,NA,"MO",2023-10-30,NA,NA,NA,NA,NA,NA,NA,NA,NA,NA,NA,NA,NA,NA,NA,NA,NA,NA,NA,NA
"1039",NA,NA,"MO",2023-10-31,NA,NA,NA,NA,NA,NA,NA,NA,NA,NA,NA,NA,NA,NA,NA,NA,NA,NA,NA,NA
"1040",NA,NA,"MO",2023-11-01,NA,NA,NA,NA,NA,NA,NA,NA,NA,NA,NA,NA,NA,NA,NA,NA,NA,NA,NA,NA
"1041",NA,NA,"MO",2023-11-02,NA,NA,NA,NA,NA,NA,NA,NA,NA,NA,NA,NA,NA,NA,NA,NA,NA,NA,NA,NA
"1042",NA,NA,"MO",2023-11-03,NA,NA,NA,NA,NA,NA,NA,NA,NA,NA,NA,NA,NA,NA,NA,NA,NA,NA,NA,NA
"1043",NA,NA,"MO",2023-11-04,NA,NA,NA,NA,NA,NA,NA,NA,NA,NA,NA,NA,NA,NA,NA,NA,NA,NA,NA,NA
"1044",0.792741230801651,0.576141053542109,"MO",2023-11-05,0,1,1,1,1,1,1,1,1,1,0,1,0,1,1,1,1,1,1,1
"1045",0.65668846967235,0.492875854445119,"MO",2023-11-06,1,1,1,1,0,1,1,1,1,1,1,1,1,1,0,1,0,1,1,1
"1046",1.47859332444471,0.289988165886222,"MO",2023-11-07,1,1,1,1,1,1,0,1,1,1,1,1,0,1,1,1,0,1,1,1
"1047",NA,NA,"MO",2023-11-08,NA,NA,NA,NA,NA,NA,NA,NA,NA,NA,NA,NA,NA,NA,NA,NA,NA,NA,NA,NA
"1048",NA,NA,"MO",2023-11-09,NA,NA,NA,NA,NA,NA,NA,NA,NA,NA,NA,NA,NA,NA,NA,NA,NA,NA,NA,NA
"1049",NA,NA,"MO",2023-11-10,NA,NA,NA,NA,NA,NA,NA,NA,NA,NA,NA,NA,NA,NA,NA,NA,NA,NA,NA,NA
"1050",NA,NA,"MO",2023-11-11,NA,NA,NA,NA,NA,NA,NA,NA,NA,NA,NA,NA,NA,NA,NA,NA,NA,NA,NA,NA
"1051",NA,NA,"MS",2023-10-01,NA,NA,NA,NA,NA,NA,NA,NA,NA,NA,NA,NA,NA,NA,NA,NA,NA,NA,NA,NA
"1052",4.49410911025441,0.482431943555313,"MS",2023-10-02,1,0,0,1,0,0,0,1,1,1,1,0,0,1,0,0,1,1,1,1
"1053",2.16299355116323,0.459762016117293,"MS",2023-10-03,1,1,0,1,1,1,0,1,0,1,1,1,0,0,0,1,1,1,0,1
"1054",1.10419479667879,0.283681635047173,"MS",2023-10-04,1,1,1,1,1,1,1,1,1,1,1,1,1,1,1,0,1,1,1,0
"1055",0.670315766142369,0.334703455214476,"MS",2023-10-05,1,1,1,1,0,1,1,1,1,1,1,1,0,1,0,0,0,1,1,1
"1056",0.317029758289848,0.275185998528468,"MS",2023-10-06,1,1,1,1,1,1,1,1,1,1,1,1,0,1,1,1,0,1,1,1
"1057",NA,NA,"MS",2023-10-07,NA,NA,NA,NA,NA,NA,NA,NA,NA,NA,NA,NA,NA,NA,NA,NA,NA,NA,NA,NA
"1058",NA,NA,"MS",2023-10-08,NA,NA,NA,NA,NA,NA,NA,NA,NA,NA,NA,NA,NA,NA,NA,NA,NA,NA,NA,NA
"1059",1.33847903839125,0.421905239279734,"MS",2023-10-09,1,0,1,1,1,1,0,0,1,1,1,0,0,1,1,1,0,0,1,1
"1060",0.296103580757512,0.20778170738134,"MS",2023-10-10,1,1,1,1,1,1,1,1,1,1,1,1,1,1,1,1,1,1,1,1
"1061",0.687214401115761,0.377074559617703,"MS",2023-10-11,1,1,1,1,0,1,1,1,1,1,1,1,0,1,0,1,0,1,1,1
"1062",0.314498950490181,0.273386099711766,"MS",2023-10-12,1,1,1,1,1,1,1,1,1,1,1,1,0,1,1,1,0,1,1,1
"1063",NA,NA,"MS",2023-10-13,NA,NA,NA,NA,NA,NA,NA,NA,NA,NA,NA,NA,NA,NA,NA,NA,NA,NA,NA,NA
"1064",NA,NA,"MS",2023-10-14,NA,NA,NA,NA,NA,NA,NA,NA,NA,NA,NA,NA,NA,NA,NA,NA,NA,NA,NA,NA
"1065",NA,NA,"MS",2023-10-15,NA,NA,NA,NA,NA,NA,NA,NA,NA,NA,NA,NA,NA,NA,NA,NA,NA,NA,NA,NA
"1066",1.08920479974104,0.326621394402471,"MS",2023-10-16,1,1,1,1,1,1,0,1,1,1,1,1,0,1,0,1,0,1,1,1
"1067",0.922628705646894,0.451226787992327,"MS",2023-10-17,1,1,1,1,0,1,1,1,1,1,1,1,1,1,0,0,1,1,1,1
"1068",0.920080710858148,0.647683134006918,"MS",2023-10-18,1,1,1,0,1,1,1,1,1,1,1,1,1,0,1,1,1,1,0,1
"1069",NA,NA,"MS",2023-10-19,NA,NA,NA,NA,NA,NA,NA,NA,NA,NA,NA,NA,NA,NA,NA,NA,NA,NA,NA,NA
"1070",0.292644287104702,0.226200157080694,"MS",2023-10-20,1,1,1,1,1,1,1,1,1,1,1,1,0,1,1,1,0,1,1,1
"1071",0.458983407486692,0.316255473368271,"MS",2023-10-21,1,1,1,1,1,1,1,1,1,1,1,1,0,1,1,1,0,1,1,1
"1072",NA,NA,"MS",2023-10-22,NA,NA,NA,NA,NA,NA,NA,NA,NA,NA,NA,NA,NA,NA,NA,NA,NA,NA,NA,NA
"1073",0.782500263101567,0.411596040607634,"MS",2023-10-23,1,1,1,1,1,0,1,1,1,1,1,1,1,1,1,0,0,1,1,1
"1074",1.00652995819962,0.47081080549439,"MS",2023-10-24,1,1,1,1,1,1,1,1,0,1,1,0,1,1,1,0,0,1,0,1
"1075",1.29201781432605,0.598833740216174,"MS",2023-10-25,1,1,1,1,0,1,1,1,0,1,1,1,0,1,0,0,1,1,0,1
"1076",0.316410384651003,0.272385185142126,"MS",2023-10-26,1,1,1,1,1,1,1,1,1,1,1,1,0,1,1,1,0,1,1,1
"1077",1.0727698082263,0.305053697100162,"MS",2023-10-27,1,1,1,1,1,1,0,1,1,1,1,1,0,1,1,1,0,1,1,1
"1078",NA,NA,"MS",2023-10-28,NA,NA,NA,NA,NA,NA,NA,NA,NA,NA,NA,NA,NA,NA,NA,NA,NA,NA,NA,NA
"1079",NA,NA,"MS",2023-10-29,NA,NA,NA,NA,NA,NA,NA,NA,NA,NA,NA,NA,NA,NA,NA,NA,NA,NA,NA,NA
"1080",0.68800336283311,0.282040804784288,"MS",2023-10-30,1,1,1,1,1,1,1,1,1,1,1,1,1,1,1,1,1,1,1,1
"1081",NA,NA,"MS",2023-10-31,NA,NA,NA,NA,NA,NA,NA,NA,NA,NA,NA,NA,NA,NA,NA,NA,NA,NA,NA,NA
"1082",NA,NA,"MS",2023-11-01,NA,NA,NA,NA,NA,NA,NA,NA,NA,NA,NA,NA,NA,NA,NA,NA,NA,NA,NA,NA
"1083",NA,NA,"MS",2023-11-02,NA,NA,NA,NA,NA,NA,NA,NA,NA,NA,NA,NA,NA,NA,NA,NA,NA,NA,NA,NA
"1084",NA,NA,"MS",2023-11-03,NA,NA,NA,NA,NA,NA,NA,NA,NA,NA,NA,NA,NA,NA,NA,NA,NA,NA,NA,NA
"1085",NA,NA,"MS",2023-11-04,NA,NA,NA,NA,NA,NA,NA,NA,NA,NA,NA,NA,NA,NA,NA,NA,NA,NA,NA,NA
"1086",NA,NA,"MS",2023-11-05,NA,NA,NA,NA,NA,NA,NA,NA,NA,NA,NA,NA,NA,NA,NA,NA,NA,NA,NA,NA
"1087",NA,NA,"MS",2023-11-06,NA,NA,NA,NA,NA,NA,NA,NA,NA,NA,NA,NA,NA,NA,NA,NA,NA,NA,NA,NA
"1088",NA,NA,"MS",2023-11-07,NA,NA,NA,NA,NA,NA,NA,NA,NA,NA,NA,NA,NA,NA,NA,NA,NA,NA,NA,NA
"1089",0.884494232736222,0.623426807136888,"MS",2023-11-08,1,1,1,1,1,1,1,0,1,1,1,1,1,1,1,1,0,0,1,1
"1090",NA,NA,"MS",2023-11-09,NA,NA,NA,NA,NA,NA,NA,NA,NA,NA,NA,NA,NA,NA,NA,NA,NA,NA,NA,NA
"1091",NA,NA,"MS",2023-11-10,NA,NA,NA,NA,NA,NA,NA,NA,NA,NA,NA,NA,NA,NA,NA,NA,NA,NA,NA,NA
"1092",NA,NA,"MS",2023-11-11,NA,NA,NA,NA,NA,NA,NA,NA,NA,NA,NA,NA,NA,NA,NA,NA,NA,NA,NA,NA
"1093",NA,NA,"MT",2023-10-01,NA,NA,NA,NA,NA,NA,NA,NA,NA,NA,NA,NA,NA,NA,NA,NA,NA,NA,NA,NA
"1094",NA,NA,"MT",2023-10-02,NA,NA,NA,NA,NA,NA,NA,NA,NA,NA,NA,NA,NA,NA,NA,NA,NA,NA,NA,NA
"1095",NA,NA,"MT",2023-10-03,NA,NA,NA,NA,NA,NA,NA,NA,NA,NA,NA,NA,NA,NA,NA,NA,NA,NA,NA,NA
"1096",NA,NA,"MT",2023-10-04,NA,NA,NA,NA,NA,NA,NA,NA,NA,NA,NA,NA,NA,NA,NA,NA,NA,NA,NA,NA
"1097",NA,NA,"MT",2023-10-05,NA,NA,NA,NA,NA,NA,NA,NA,NA,NA,NA,NA,NA,NA,NA,NA,NA,NA,NA,NA
"1098",NA,NA,"MT",2023-10-06,NA,NA,NA,NA,NA,NA,NA,NA,NA,NA,NA,NA,NA,NA,NA,NA,NA,NA,NA,NA
"1099",NA,NA,"MT",2023-10-07,NA,NA,NA,NA,NA,NA,NA,NA,NA,NA,NA,NA,NA,NA,NA,NA,NA,NA,NA,NA
"1100",NA,NA,"MT",2023-10-08,NA,NA,NA,NA,NA,NA,NA,NA,NA,NA,NA,NA,NA,NA,NA,NA,NA,NA,NA,NA
"1101",NA,NA,"MT",2023-10-09,NA,NA,NA,NA,NA,NA,NA,NA,NA,NA,NA,NA,NA,NA,NA,NA,NA,NA,NA,NA
"1102",NA,NA,"MT",2023-10-10,NA,NA,NA,NA,NA,NA,NA,NA,NA,NA,NA,NA,NA,NA,NA,NA,NA,NA,NA,NA
"1103",NA,NA,"MT",2023-10-11,NA,NA,NA,NA,NA,NA,NA,NA,NA,NA,NA,NA,NA,NA,NA,NA,NA,NA,NA,NA
"1104",NA,NA,"MT",2023-10-12,NA,NA,NA,NA,NA,NA,NA,NA,NA,NA,NA,NA,NA,NA,NA,NA,NA,NA,NA,NA
"1105",NA,NA,"MT",2023-10-13,NA,NA,NA,NA,NA,NA,NA,NA,NA,NA,NA,NA,NA,NA,NA,NA,NA,NA,NA,NA
"1106",0.840992489526015,0.268702281744737,"MT",2023-10-14,1,1,1,1,1,1,0,1,1,1,1,1,0,1,1,1,0,1,1,0
"1107",NA,NA,"MT",2023-10-15,NA,NA,NA,NA,NA,NA,NA,NA,NA,NA,NA,NA,NA,NA,NA,NA,NA,NA,NA,NA
"1108",0.348468515020887,0.266192923164271,"MT",2023-10-16,1,1,1,1,1,1,1,1,1,1,1,1,1,1,1,0,0,1,1,1
"1109",NA,NA,"MT",2023-10-17,NA,NA,NA,NA,NA,NA,NA,NA,NA,NA,NA,NA,NA,NA,NA,NA,NA,NA,NA,NA
"1110",NA,NA,"MT",2023-10-18,NA,NA,NA,NA,NA,NA,NA,NA,NA,NA,NA,NA,NA,NA,NA,NA,NA,NA,NA,NA
"1111",0.528108243234049,0.326952713904716,"MT",2023-10-19,1,1,0,1,1,1,1,1,1,1,1,1,0,1,1,1,0,1,1,1
"1112",NA,NA,"MT",2023-10-20,NA,NA,NA,NA,NA,NA,NA,NA,NA,NA,NA,NA,NA,NA,NA,NA,NA,NA,NA,NA
"1113",NA,NA,"MT",2023-10-21,NA,NA,NA,NA,NA,NA,NA,NA,NA,NA,NA,NA,NA,NA,NA,NA,NA,NA,NA,NA
"1114",NA,NA,"MT",2023-10-22,NA,NA,NA,NA,NA,NA,NA,NA,NA,NA,NA,NA,NA,NA,NA,NA,NA,NA,NA,NA
"1115",NA,NA,"MT",2023-10-23,NA,NA,NA,NA,NA,NA,NA,NA,NA,NA,NA,NA,NA,NA,NA,NA,NA,NA,NA,NA
"1116",NA,NA,"MT",2023-10-24,NA,NA,NA,NA,NA,NA,NA,NA,NA,NA,NA,NA,NA,NA,NA,NA,NA,NA,NA,NA
"1117",NA,NA,"MT",2023-10-25,NA,NA,NA,NA,NA,NA,NA,NA,NA,NA,NA,NA,NA,NA,NA,NA,NA,NA,NA,NA
"1118",0.331501756493378,0.255227234880827,"MT",2023-10-26,1,1,1,1,1,1,1,1,1,1,1,0,1,1,1,1,0,1,1,1
"1119",NA,NA,"MT",2023-10-27,NA,NA,NA,NA,NA,NA,NA,NA,NA,NA,NA,NA,NA,NA,NA,NA,NA,NA,NA,NA
"1120",NA,NA,"MT",2023-10-28,NA,NA,NA,NA,NA,NA,NA,NA,NA,NA,NA,NA,NA,NA,NA,NA,NA,NA,NA,NA
"1121",NA,NA,"MT",2023-10-29,NA,NA,NA,NA,NA,NA,NA,NA,NA,NA,NA,NA,NA,NA,NA,NA,NA,NA,NA,NA
"1122",NA,NA,"MT",2023-10-30,NA,NA,NA,NA,NA,NA,NA,NA,NA,NA,NA,NA,NA,NA,NA,NA,NA,NA,NA,NA
"1123",NA,NA,"MT",2023-10-31,NA,NA,NA,NA,NA,NA,NA,NA,NA,NA,NA,NA,NA,NA,NA,NA,NA,NA,NA,NA
"1124",NA,NA,"MT",2023-11-01,NA,NA,NA,NA,NA,NA,NA,NA,NA,NA,NA,NA,NA,NA,NA,NA,NA,NA,NA,NA
"1125",NA,NA,"MT",2023-11-02,NA,NA,NA,NA,NA,NA,NA,NA,NA,NA,NA,NA,NA,NA,NA,NA,NA,NA,NA,NA
"1126",NA,NA,"MT",2023-11-03,NA,NA,NA,NA,NA,NA,NA,NA,NA,NA,NA,NA,NA,NA,NA,NA,NA,NA,NA,NA
"1127",NA,NA,"MT",2023-11-04,NA,NA,NA,NA,NA,NA,NA,NA,NA,NA,NA,NA,NA,NA,NA,NA,NA,NA,NA,NA
"1128",NA,NA,"MT",2023-11-05,NA,NA,NA,NA,NA,NA,NA,NA,NA,NA,NA,NA,NA,NA,NA,NA,NA,NA,NA,NA
"1129",NA,NA,"MT",2023-11-06,NA,NA,NA,NA,NA,NA,NA,NA,NA,NA,NA,NA,NA,NA,NA,NA,NA,NA,NA,NA
"1130",NA,NA,"MT",2023-11-07,NA,NA,NA,NA,NA,NA,NA,NA,NA,NA,NA,NA,NA,NA,NA,NA,NA,NA,NA,NA
"1131",NA,NA,"MT",2023-11-08,NA,NA,NA,NA,NA,NA,NA,NA,NA,NA,NA,NA,NA,NA,NA,NA,NA,NA,NA,NA
"1132",NA,NA,"MT",2023-11-09,NA,NA,NA,NA,NA,NA,NA,NA,NA,NA,NA,NA,NA,NA,NA,NA,NA,NA,NA,NA
"1133",NA,NA,"MT",2023-11-10,NA,NA,NA,NA,NA,NA,NA,NA,NA,NA,NA,NA,NA,NA,NA,NA,NA,NA,NA,NA
"1134",NA,NA,"MT",2023-11-11,NA,NA,NA,NA,NA,NA,NA,NA,NA,NA,NA,NA,NA,NA,NA,NA,NA,NA,NA,NA
"1135",0.438461797044407,0.322216404483298,"NC",2023-10-01,1,1,1,1,1,1,1,1,1,1,1,1,1,1,1,1,1,1,1,1
"1136",2.10386301510634,0.374850307731399,"NC",2023-10-02,1,1,1,1,1,0,1,1,1,1,1,0,0,1,0,0,0,1,1,0
"1137",0.951272732572609,0.334241449831277,"NC",2023-10-03,1,1,1,1,1,1,1,1,1,1,1,1,1,1,0,0,0,1,1,1
"1138",1.04062223583127,0.360146753605786,"NC",2023-10-04,1,1,1,1,1,1,1,1,1,1,1,1,0,1,0,0,1,1,1,1
"1139",2.25621599945794,0.346418005300546,"NC",2023-10-05,1,1,1,1,1,1,0,1,1,1,1,0,0,1,1,0,0,0,1,1
"1140",0.906644240855272,0.360798286124066,"NC",2023-10-06,0,1,1,1,1,1,1,1,1,1,1,1,1,1,1,1,1,1,1,1
"1141",NA,NA,"NC",2023-10-07,NA,NA,NA,NA,NA,NA,NA,NA,NA,NA,NA,NA,NA,NA,NA,NA,NA,NA,NA,NA
"1142",NA,NA,"NC",2023-10-08,NA,NA,NA,NA,NA,NA,NA,NA,NA,NA,NA,NA,NA,NA,NA,NA,NA,NA,NA,NA
"1143",1.09008186490653,0.372574231481963,"NC",2023-10-09,1,1,1,1,1,1,1,1,1,0,1,1,1,1,0,1,0,1,0,0
"1144",2.04452550935637,0.318803481248324,"NC",2023-10-10,1,1,0,1,1,1,0,1,1,1,1,1,0,1,0,0,0,1,0,1
"1145",0.845687680771088,0.345178252788514,"NC",2023-10-11,1,0,1,1,1,1,1,1,1,1,1,0,1,1,0,0,0,1,1,1
"1146",1.44373187992959,0.29762782254904,"NC",2023-10-12,1,1,1,1,1,1,0,1,1,1,1,1,1,1,0,0,0,1,1,1
"1147",1.53064006423229,0.26127910210516,"NC",2023-10-13,1,1,0,1,1,1,1,1,1,1,1,1,0,1,1,1,0,1,0,1
"1148",0.380734787309814,0.260492155299356,"NC",2023-10-14,1,1,1,1,1,1,1,1,1,1,1,1,0,1,1,1,0,1,1,1
"1149",0.849166995780081,0.416085218024536,"NC",2023-10-15,1,0,1,1,1,1,1,1,1,1,1,0,1,1,1,1,0,1,1,1
"1150",0.962466532765151,0.280995165048663,"NC",2023-10-16,1,1,0,1,1,1,1,1,1,1,1,1,0,1,1,0,0,1,1,1
"1151",1.2261963159747,0.497189111478616,"NC",2023-10-17,1,0,1,1,1,1,1,1,0,1,1,0,0,1,1,1,0,1,1,1
"1152",1.16542104092461,0.401002582141845,"NC",2023-10-18,1,0,1,1,1,1,1,1,1,1,1,0,1,1,0,1,1,1,1,1
"1153",0.651544754365908,0.294589288623773,"NC",2023-10-19,1,1,1,1,1,1,1,1,1,1,1,0,0,1,0,0,0,1,1,1
"1154",1.34274757410358,0.334616088818435,"NC",2023-10-20,1,1,1,1,1,1,0,1,1,1,0,0,0,1,0,0,0,1,0,1
"1155",NA,NA,"NC",2023-10-21,NA,NA,NA,NA,NA,NA,NA,NA,NA,NA,NA,NA,NA,NA,NA,NA,NA,NA,NA,NA
"1156",NA,NA,"NC",2023-10-22,NA,NA,NA,NA,NA,NA,NA,NA,NA,NA,NA,NA,NA,NA,NA,NA,NA,NA,NA,NA
"1157",1.75723527250771,0.384988922639692,"NC",2023-10-23,1,1,0,1,1,1,0,1,0,1,1,0,0,1,0,1,0,1,0,1
"1158",0.762145815974943,0.353547657223606,"NC",2023-10-24,1,1,1,1,1,1,1,1,1,1,1,1,0,1,1,1,0,1,1,1
"1159",0.685424314869226,0.332985803891392,"NC",2023-10-25,1,1,1,1,1,1,1,1,1,1,1,1,0,1,1,1,0,1,1,1
"1160",1.55501862240615,0.370328080794015,"NC",2023-10-26,1,1,0,1,1,1,0,1,1,1,0,1,0,1,0,1,0,1,1,1
"1161",0.871417682747313,0.417785618639118,"NC",2023-10-27,1,1,1,1,1,1,1,1,1,1,1,1,1,1,1,1,1,1,1,1
"1162",0.416371526537769,0.315043253755041,"NC",2023-10-28,1,1,1,1,1,1,1,1,1,1,1,1,1,1,1,1,1,1,1,1
"1163",NA,NA,"NC",2023-10-29,NA,NA,NA,NA,NA,NA,NA,NA,NA,NA,NA,NA,NA,NA,NA,NA,NA,NA,NA,NA
"1164",2.02339847177387,0.351805666088166,"NC",2023-10-30,1,1,1,1,1,1,1,0,1,0,0,1,0,1,0,0,0,0,0,0
"1165",2.29440552630055,0.458829949386428,"NC",2023-10-31,1,1,0,1,1,1,1,1,1,0,1,1,0,1,1,0,0,1,1,0
"1166",1.90420257514605,0.44988941160027,"NC",2023-11-01,1,1,0,1,1,1,1,0,1,1,1,1,0,1,1,0,0,0,0,1
"1167",2.9527770163846,0.470686680815276,"NC",2023-11-02,1,0,0,1,1,1,1,1,0,0,1,0,1,0,1,0,1,0,0,0
"1168",2.56887193071511,0.481852729024327,"NC",2023-11-03,0,1,1,1,1,0,0,1,1,1,0,0,0,1,0,0,0,0,1,1
"1169",0.950216097313049,0.475310149057609,"NC",2023-11-04,1,1,1,1,1,1,1,1,1,0,1,1,1,1,0,1,1,1,1,0
"1170",0.405702345849052,0.319388309626768,"NC",2023-11-05,1,1,1,1,1,1,1,1,1,1,1,1,0,1,1,1,0,1,1,1
"1171",1.15128178836811,0.356287526338746,"NC",2023-11-06,1,1,1,1,1,1,1,1,1,1,1,1,1,1,1,0,0,1,0,1
"1172",1.11323612549853,0.350680556840447,"NC",2023-11-07,1,1,1,1,1,1,1,1,1,1,0,1,1,1,1,1,0,1,1,1
"1173",1.53234352345327,0.325694474290062,"NC",2023-11-08,1,1,1,1,1,1,0,0,1,1,1,1,0,1,1,1,0,0,0,1
"1174",1.10635107080714,0.361086672843895,"NC",2023-11-09,1,1,1,1,1,1,1,1,1,1,1,1,0,1,1,0,0,1,1,1
"1175",1.1512879708427,0.31148845005274,"NC",2023-11-10,1,1,1,1,1,1,1,1,1,1,1,0,0,1,0,0,1,1,1,1
"1176",0.895230630968954,0.623676936461168,"NC",2023-11-11,1,1,1,1,1,1,1,0,1,1,1,1,1,1,0,1,1,0,1,1
"1177",NA,NA,"ND",2023-10-01,NA,NA,NA,NA,NA,NA,NA,NA,NA,NA,NA,NA,NA,NA,NA,NA,NA,NA,NA,NA
"1178",NA,NA,"ND",2023-10-02,NA,NA,NA,NA,NA,NA,NA,NA,NA,NA,NA,NA,NA,NA,NA,NA,NA,NA,NA,NA
"1179",NA,NA,"ND",2023-10-03,NA,NA,NA,NA,NA,NA,NA,NA,NA,NA,NA,NA,NA,NA,NA,NA,NA,NA,NA,NA
"1180",NA,NA,"ND",2023-10-04,NA,NA,NA,NA,NA,NA,NA,NA,NA,NA,NA,NA,NA,NA,NA,NA,NA,NA,NA,NA
"1181",NA,NA,"ND",2023-10-05,NA,NA,NA,NA,NA,NA,NA,NA,NA,NA,NA,NA,NA,NA,NA,NA,NA,NA,NA,NA
"1182",0.482477380214252,0.314033644642535,"ND",2023-10-06,1,1,1,1,1,1,1,1,1,1,1,1,1,1,1,1,1,1,1,1
"1183",NA,NA,"ND",2023-10-07,NA,NA,NA,NA,NA,NA,NA,NA,NA,NA,NA,NA,NA,NA,NA,NA,NA,NA,NA,NA
"1184",NA,NA,"ND",2023-10-08,NA,NA,NA,NA,NA,NA,NA,NA,NA,NA,NA,NA,NA,NA,NA,NA,NA,NA,NA,NA
"1185",1.46491934796177,0.332996814667286,"ND",2023-10-09,1,1,0,1,1,1,1,1,1,1,1,1,0,1,1,0,1,1,1,1
"1186",0.814553183975183,0.575700066981627,"ND",2023-10-10,1,1,1,1,1,1,1,1,0,1,1,1,1,1,0,1,1,1,0,1
"1187",1.12655977343455,0.354102128228254,"ND",2023-10-11,1,1,0,1,1,1,1,1,1,1,1,1,0,1,1,1,0,1,1,1
"1188",1.11775736074246,0.535595498638113,"ND",2023-10-12,1,1,1,1,1,0,1,1,0,1,1,1,0,1,1,0,0,1,0,1
"1189",NA,NA,"ND",2023-10-13,NA,NA,NA,NA,NA,NA,NA,NA,NA,NA,NA,NA,NA,NA,NA,NA,NA,NA,NA,NA
"1190",0.819626915548568,0.576516188846247,"ND",2023-10-14,1,1,1,1,1,1,1,1,0,1,1,1,0,1,1,1,1,1,0,1
"1191",NA,NA,"ND",2023-10-15,NA,NA,NA,NA,NA,NA,NA,NA,NA,NA,NA,NA,NA,NA,NA,NA,NA,NA,NA,NA
"1192",1.55901955818031,0.554576872804143,"ND",2023-10-16,1,0,1,1,1,1,1,1,1,1,1,0,1,1,0,1,0,1,1,1
"1193",NA,NA,"ND",2023-10-17,NA,NA,NA,NA,NA,NA,NA,NA,NA,NA,NA,NA,NA,NA,NA,NA,NA,NA,NA,NA
"1194",0.476341655487033,0.312935631864728,"ND",2023-10-18,1,1,1,1,1,1,1,1,1,1,1,1,1,1,1,1,1,1,1,1
"1195",1.05817144339425,0.361531974945352,"ND",2023-10-19,1,0,1,1,1,1,1,1,1,1,1,0,0,1,1,1,0,1,1,1
"1196",0.503327177024111,0.362098582028054,"ND",2023-10-20,1,1,0,1,1,1,1,1,1,1,1,1,0,1,0,1,1,1,1,1
"1197",NA,NA,"ND",2023-10-21,NA,NA,NA,NA,NA,NA,NA,NA,NA,NA,NA,NA,NA,NA,NA,NA,NA,NA,NA,NA
"1198",NA,NA,"ND",2023-10-22,NA,NA,NA,NA,NA,NA,NA,NA,NA,NA,NA,NA,NA,NA,NA,NA,NA,NA,NA,NA
"1199",1.21959083968043,0.5836916158945,"ND",2023-10-23,1,1,1,1,1,1,1,0,1,0,1,0,1,1,1,1,0,0,1,0
"1200",0.501866987383489,0.365658917311121,"ND",2023-10-24,1,1,0,1,1,1,1,1,1,1,1,1,0,1,1,1,0,1,1,1
"1201",NA,NA,"ND",2023-10-25,NA,NA,NA,NA,NA,NA,NA,NA,NA,NA,NA,NA,NA,NA,NA,NA,NA,NA,NA,NA
"1202",NA,NA,"ND",2023-10-26,NA,NA,NA,NA,NA,NA,NA,NA,NA,NA,NA,NA,NA,NA,NA,NA,NA,NA,NA,NA
"1203",0.648351702045714,0.368813642052914,"ND",2023-10-27,1,1,1,1,1,1,1,1,1,1,1,1,1,1,0,1,0,1,1,1
"1204",NA,NA,"ND",2023-10-28,NA,NA,NA,NA,NA,NA,NA,NA,NA,NA,NA,NA,NA,NA,NA,NA,NA,NA,NA,NA
"1205",NA,NA,"ND",2023-10-29,NA,NA,NA,NA,NA,NA,NA,NA,NA,NA,NA,NA,NA,NA,NA,NA,NA,NA,NA,NA
"1206",NA,NA,"ND",2023-10-30,NA,NA,NA,NA,NA,NA,NA,NA,NA,NA,NA,NA,NA,NA,NA,NA,NA,NA,NA,NA
"1207",0.387686849179366,0.253259457496537,"ND",2023-10-31,1,1,1,1,1,1,1,1,1,1,1,1,0,1,1,1,0,1,1,1
"1208",0.38620150068356,0.252372529128911,"ND",2023-11-01,1,1,1,1,1,1,1,1,1,1,1,1,1,1,1,1,1,1,1,1
"1209",1.27835192996465,0.435280451642065,"ND",2023-11-02,1,0,0,1,1,1,1,1,1,1,1,0,1,0,1,1,1,1,1,1
"1210",0.722066190879604,0.505695463225922,"ND",2023-11-03,1,1,1,1,1,0,1,1,1,1,1,1,1,1,1,0,0,1,1,1
"1211",NA,NA,"ND",2023-11-04,NA,NA,NA,NA,NA,NA,NA,NA,NA,NA,NA,NA,NA,NA,NA,NA,NA,NA,NA,NA
"1212",0.393817620542571,0.248905877187447,"ND",2023-11-05,1,1,1,1,1,1,1,1,1,1,0,1,1,1,1,1,0,1,1,1
"1213",2.98950771516794,0.481569299198248,"ND",2023-11-06,1,1,1,1,1,0,0,1,1,1,1,1,0,1,0,0,1,1,1,1
"1214",1.06443975333305,0.449112181021111,"ND",2023-11-07,1,0,1,1,1,1,1,1,1,1,1,0,0,1,0,1,1,1,1,1
"1215",0.831200498809744,0.444199888808312,"ND",2023-11-08,1,1,1,1,1,0,1,1,1,1,1,1,0,1,0,0,0,1,1,1
"1216",0.837755309097622,0.598372760041115,"ND",2023-11-09,1,1,1,1,1,1,1,1,1,0,1,1,0,1,1,1,1,1,1,0
"1217",NA,NA,"ND",2023-11-10,NA,NA,NA,NA,NA,NA,NA,NA,NA,NA,NA,NA,NA,NA,NA,NA,NA,NA,NA,NA
"1218",NA,NA,"ND",2023-11-11,NA,NA,NA,NA,NA,NA,NA,NA,NA,NA,NA,NA,NA,NA,NA,NA,NA,NA,NA,NA
"1219",NA,NA,"NE",2023-10-01,NA,NA,NA,NA,NA,NA,NA,NA,NA,NA,NA,NA,NA,NA,NA,NA,NA,NA,NA,NA
"1220",NA,NA,"NE",2023-10-02,NA,NA,NA,NA,NA,NA,NA,NA,NA,NA,NA,NA,NA,NA,NA,NA,NA,NA,NA,NA
"1221",NA,NA,"NE",2023-10-03,NA,NA,NA,NA,NA,NA,NA,NA,NA,NA,NA,NA,NA,NA,NA,NA,NA,NA,NA,NA
"1222",NA,NA,"NE",2023-10-04,NA,NA,NA,NA,NA,NA,NA,NA,NA,NA,NA,NA,NA,NA,NA,NA,NA,NA,NA,NA
"1223",NA,NA,"NE",2023-10-05,NA,NA,NA,NA,NA,NA,NA,NA,NA,NA,NA,NA,NA,NA,NA,NA,NA,NA,NA,NA
"1224",NA,NA,"NE",2023-10-06,NA,NA,NA,NA,NA,NA,NA,NA,NA,NA,NA,NA,NA,NA,NA,NA,NA,NA,NA,NA
"1225",NA,NA,"NE",2023-10-07,NA,NA,NA,NA,NA,NA,NA,NA,NA,NA,NA,NA,NA,NA,NA,NA,NA,NA,NA,NA
"1226",NA,NA,"NE",2023-10-08,NA,NA,NA,NA,NA,NA,NA,NA,NA,NA,NA,NA,NA,NA,NA,NA,NA,NA,NA,NA
"1227",NA,NA,"NE",2023-10-09,NA,NA,NA,NA,NA,NA,NA,NA,NA,NA,NA,NA,NA,NA,NA,NA,NA,NA,NA,NA
"1228",NA,NA,"NE",2023-10-10,NA,NA,NA,NA,NA,NA,NA,NA,NA,NA,NA,NA,NA,NA,NA,NA,NA,NA,NA,NA
"1229",NA,NA,"NE",2023-10-11,NA,NA,NA,NA,NA,NA,NA,NA,NA,NA,NA,NA,NA,NA,NA,NA,NA,NA,NA,NA
"1230",NA,NA,"NE",2023-10-12,NA,NA,NA,NA,NA,NA,NA,NA,NA,NA,NA,NA,NA,NA,NA,NA,NA,NA,NA,NA
"1231",NA,NA,"NE",2023-10-13,NA,NA,NA,NA,NA,NA,NA,NA,NA,NA,NA,NA,NA,NA,NA,NA,NA,NA,NA,NA
"1232",NA,NA,"NE",2023-10-14,NA,NA,NA,NA,NA,NA,NA,NA,NA,NA,NA,NA,NA,NA,NA,NA,NA,NA,NA,NA
"1233",NA,NA,"NE",2023-10-15,NA,NA,NA,NA,NA,NA,NA,NA,NA,NA,NA,NA,NA,NA,NA,NA,NA,NA,NA,NA
"1234",NA,NA,"NE",2023-10-16,NA,NA,NA,NA,NA,NA,NA,NA,NA,NA,NA,NA,NA,NA,NA,NA,NA,NA,NA,NA
"1235",NA,NA,"NE",2023-10-17,NA,NA,NA,NA,NA,NA,NA,NA,NA,NA,NA,NA,NA,NA,NA,NA,NA,NA,NA,NA
"1236",NA,NA,"NE",2023-10-18,NA,NA,NA,NA,NA,NA,NA,NA,NA,NA,NA,NA,NA,NA,NA,NA,NA,NA,NA,NA
"1237",NA,NA,"NE",2023-10-19,NA,NA,NA,NA,NA,NA,NA,NA,NA,NA,NA,NA,NA,NA,NA,NA,NA,NA,NA,NA
"1238",NA,NA,"NE",2023-10-20,NA,NA,NA,NA,NA,NA,NA,NA,NA,NA,NA,NA,NA,NA,NA,NA,NA,NA,NA,NA
"1239",NA,NA,"NE",2023-10-21,NA,NA,NA,NA,NA,NA,NA,NA,NA,NA,NA,NA,NA,NA,NA,NA,NA,NA,NA,NA
"1240",NA,NA,"NE",2023-10-22,NA,NA,NA,NA,NA,NA,NA,NA,NA,NA,NA,NA,NA,NA,NA,NA,NA,NA,NA,NA
"1241",NA,NA,"NE",2023-10-23,NA,NA,NA,NA,NA,NA,NA,NA,NA,NA,NA,NA,NA,NA,NA,NA,NA,NA,NA,NA
"1242",NA,NA,"NE",2023-10-24,NA,NA,NA,NA,NA,NA,NA,NA,NA,NA,NA,NA,NA,NA,NA,NA,NA,NA,NA,NA
"1243",NA,NA,"NE",2023-10-25,NA,NA,NA,NA,NA,NA,NA,NA,NA,NA,NA,NA,NA,NA,NA,NA,NA,NA,NA,NA
"1244",NA,NA,"NE",2023-10-26,NA,NA,NA,NA,NA,NA,NA,NA,NA,NA,NA,NA,NA,NA,NA,NA,NA,NA,NA,NA
"1245",NA,NA,"NE",2023-10-27,NA,NA,NA,NA,NA,NA,NA,NA,NA,NA,NA,NA,NA,NA,NA,NA,NA,NA,NA,NA
"1246",NA,NA,"NE",2023-10-28,NA,NA,NA,NA,NA,NA,NA,NA,NA,NA,NA,NA,NA,NA,NA,NA,NA,NA,NA,NA
"1247",NA,NA,"NE",2023-10-29,NA,NA,NA,NA,NA,NA,NA,NA,NA,NA,NA,NA,NA,NA,NA,NA,NA,NA,NA,NA
"1248",NA,NA,"NE",2023-10-30,NA,NA,NA,NA,NA,NA,NA,NA,NA,NA,NA,NA,NA,NA,NA,NA,NA,NA,NA,NA
"1249",NA,NA,"NE",2023-10-31,NA,NA,NA,NA,NA,NA,NA,NA,NA,NA,NA,NA,NA,NA,NA,NA,NA,NA,NA,NA
"1250",NA,NA,"NE",2023-11-01,NA,NA,NA,NA,NA,NA,NA,NA,NA,NA,NA,NA,NA,NA,NA,NA,NA,NA,NA,NA
"1251",NA,NA,"NE",2023-11-02,NA,NA,NA,NA,NA,NA,NA,NA,NA,NA,NA,NA,NA,NA,NA,NA,NA,NA,NA,NA
"1252",NA,NA,"NE",2023-11-03,NA,NA,NA,NA,NA,NA,NA,NA,NA,NA,NA,NA,NA,NA,NA,NA,NA,NA,NA,NA
"1253",NA,NA,"NE",2023-11-04,NA,NA,NA,NA,NA,NA,NA,NA,NA,NA,NA,NA,NA,NA,NA,NA,NA,NA,NA,NA
"1254",NA,NA,"NE",2023-11-05,NA,NA,NA,NA,NA,NA,NA,NA,NA,NA,NA,NA,NA,NA,NA,NA,NA,NA,NA,NA
"1255",NA,NA,"NE",2023-11-06,NA,NA,NA,NA,NA,NA,NA,NA,NA,NA,NA,NA,NA,NA,NA,NA,NA,NA,NA,NA
"1256",NA,NA,"NE",2023-11-07,NA,NA,NA,NA,NA,NA,NA,NA,NA,NA,NA,NA,NA,NA,NA,NA,NA,NA,NA,NA
"1257",NA,NA,"NE",2023-11-08,NA,NA,NA,NA,NA,NA,NA,NA,NA,NA,NA,NA,NA,NA,NA,NA,NA,NA,NA,NA
"1258",NA,NA,"NE",2023-11-09,NA,NA,NA,NA,NA,NA,NA,NA,NA,NA,NA,NA,NA,NA,NA,NA,NA,NA,NA,NA
"1259",NA,NA,"NE",2023-11-10,NA,NA,NA,NA,NA,NA,NA,NA,NA,NA,NA,NA,NA,NA,NA,NA,NA,NA,NA,NA
"1260",NA,NA,"NE",2023-11-11,NA,NA,NA,NA,NA,NA,NA,NA,NA,NA,NA,NA,NA,NA,NA,NA,NA,NA,NA,NA
"1261",0.330203833700824,0.229723768386967,"NH",2023-10-01,1,1,1,1,1,1,1,1,1,1,1,1,1,1,1,0,0,1,1,1
"1262",NA,NA,"NH",2023-10-02,NA,NA,NA,NA,NA,NA,NA,NA,NA,NA,NA,NA,NA,NA,NA,NA,NA,NA,NA,NA
"1263",NA,NA,"NH",2023-10-03,NA,NA,NA,NA,NA,NA,NA,NA,NA,NA,NA,NA,NA,NA,NA,NA,NA,NA,NA,NA
"1264",0.52680727989435,0.356534282432907,"NH",2023-10-04,1,1,0,1,1,1,1,1,1,1,1,1,0,1,1,1,0,1,1,1
"1265",0.811605169908814,0.22633032911632,"NH",2023-10-05,1,1,1,1,1,1,0,1,1,1,1,1,1,1,1,1,0,1,0,1
"1266",NA,NA,"NH",2023-10-06,NA,NA,NA,NA,NA,NA,NA,NA,NA,NA,NA,NA,NA,NA,NA,NA,NA,NA,NA,NA
"1267",NA,NA,"NH",2023-10-07,NA,NA,NA,NA,NA,NA,NA,NA,NA,NA,NA,NA,NA,NA,NA,NA,NA,NA,NA,NA
"1268",NA,NA,"NH",2023-10-08,NA,NA,NA,NA,NA,NA,NA,NA,NA,NA,NA,NA,NA,NA,NA,NA,NA,NA,NA,NA
"1269",NA,NA,"NH",2023-10-09,NA,NA,NA,NA,NA,NA,NA,NA,NA,NA,NA,NA,NA,NA,NA,NA,NA,NA,NA,NA
"1270",0.32208283959683,0.223456925042716,"NH",2023-10-10,1,1,1,1,1,1,1,1,1,1,1,1,1,1,0,1,0,1,1,1
"1271",0.316115480604177,0.223066273111658,"NH",2023-10-11,1,1,1,1,1,1,1,1,1,1,1,1,1,1,1,1,1,1,1,1
"1272",NA,NA,"NH",2023-10-12,NA,NA,NA,NA,NA,NA,NA,NA,NA,NA,NA,NA,NA,NA,NA,NA,NA,NA,NA,NA
"1273",NA,NA,"NH",2023-10-13,NA,NA,NA,NA,NA,NA,NA,NA,NA,NA,NA,NA,NA,NA,NA,NA,NA,NA,NA,NA
"1274",0.310929163488494,0.222265622871141,"NH",2023-10-14,1,1,1,1,1,1,1,1,1,1,1,1,0,1,1,1,0,1,1,1
"1275",NA,NA,"NH",2023-10-15,NA,NA,NA,NA,NA,NA,NA,NA,NA,NA,NA,NA,NA,NA,NA,NA,NA,NA,NA,NA
"1276",NA,NA,"NH",2023-10-16,NA,NA,NA,NA,NA,NA,NA,NA,NA,NA,NA,NA,NA,NA,NA,NA,NA,NA,NA,NA
"1277",NA,NA,"NH",2023-10-17,NA,NA,NA,NA,NA,NA,NA,NA,NA,NA,NA,NA,NA,NA,NA,NA,NA,NA,NA,NA
"1278",0.552937831138156,0.357594323507058,"NH",2023-10-18,1,1,0,1,1,1,1,1,1,1,1,1,1,1,1,1,1,1,1,1
"1279",NA,NA,"NH",2023-10-19,NA,NA,NA,NA,NA,NA,NA,NA,NA,NA,NA,NA,NA,NA,NA,NA,NA,NA,NA,NA
"1280",NA,NA,"NH",2023-10-20,NA,NA,NA,NA,NA,NA,NA,NA,NA,NA,NA,NA,NA,NA,NA,NA,NA,NA,NA,NA
"1281",NA,NA,"NH",2023-10-21,NA,NA,NA,NA,NA,NA,NA,NA,NA,NA,NA,NA,NA,NA,NA,NA,NA,NA,NA,NA
"1282",NA,NA,"NH",2023-10-22,NA,NA,NA,NA,NA,NA,NA,NA,NA,NA,NA,NA,NA,NA,NA,NA,NA,NA,NA,NA
"1283",NA,NA,"NH",2023-10-23,NA,NA,NA,NA,NA,NA,NA,NA,NA,NA,NA,NA,NA,NA,NA,NA,NA,NA,NA,NA
"1284",NA,NA,"NH",2023-10-24,NA,NA,NA,NA,NA,NA,NA,NA,NA,NA,NA,NA,NA,NA,NA,NA,NA,NA,NA,NA
"1285",NA,NA,"NH",2023-10-25,NA,NA,NA,NA,NA,NA,NA,NA,NA,NA,NA,NA,NA,NA,NA,NA,NA,NA,NA,NA
"1286",NA,NA,"NH",2023-10-26,NA,NA,NA,NA,NA,NA,NA,NA,NA,NA,NA,NA,NA,NA,NA,NA,NA,NA,NA,NA
"1287",NA,NA,"NH",2023-10-27,NA,NA,NA,NA,NA,NA,NA,NA,NA,NA,NA,NA,NA,NA,NA,NA,NA,NA,NA,NA
"1288",NA,NA,"NH",2023-10-28,NA,NA,NA,NA,NA,NA,NA,NA,NA,NA,NA,NA,NA,NA,NA,NA,NA,NA,NA,NA
"1289",NA,NA,"NH",2023-10-29,NA,NA,NA,NA,NA,NA,NA,NA,NA,NA,NA,NA,NA,NA,NA,NA,NA,NA,NA,NA
"1290",0.798853928430554,0.590903376276036,"NH",2023-10-30,1,0,1,1,1,1,1,1,1,1,1,0,1,1,1,1,0,1,1,1
"1291",NA,NA,"NH",2023-10-31,NA,NA,NA,NA,NA,NA,NA,NA,NA,NA,NA,NA,NA,NA,NA,NA,NA,NA,NA,NA
"1292",0.306120045423335,0.229305407272769,"NH",2023-11-01,1,1,1,1,1,1,1,1,1,1,1,1,1,1,0,1,0,1,1,1
"1293",NA,NA,"NH",2023-11-02,NA,NA,NA,NA,NA,NA,NA,NA,NA,NA,NA,NA,NA,NA,NA,NA,NA,NA,NA,NA
"1294",NA,NA,"NH",2023-11-03,NA,NA,NA,NA,NA,NA,NA,NA,NA,NA,NA,NA,NA,NA,NA,NA,NA,NA,NA,NA
"1295",NA,NA,"NH",2023-11-04,NA,NA,NA,NA,NA,NA,NA,NA,NA,NA,NA,NA,NA,NA,NA,NA,NA,NA,NA,NA
"1296",NA,NA,"NH",2023-11-05,NA,NA,NA,NA,NA,NA,NA,NA,NA,NA,NA,NA,NA,NA,NA,NA,NA,NA,NA,NA
"1297",0.305364303842412,0.234797177455142,"NH",2023-11-06,1,1,1,1,1,1,1,1,1,1,1,1,1,1,1,1,0,1,0,1
"1298",NA,NA,"NH",2023-11-07,NA,NA,NA,NA,NA,NA,NA,NA,NA,NA,NA,NA,NA,NA,NA,NA,NA,NA,NA,NA
"1299",NA,NA,"NH",2023-11-08,NA,NA,NA,NA,NA,NA,NA,NA,NA,NA,NA,NA,NA,NA,NA,NA,NA,NA,NA,NA
"1300",NA,NA,"NH",2023-11-09,NA,NA,NA,NA,NA,NA,NA,NA,NA,NA,NA,NA,NA,NA,NA,NA,NA,NA,NA,NA
"1301",NA,NA,"NH",2023-11-10,NA,NA,NA,NA,NA,NA,NA,NA,NA,NA,NA,NA,NA,NA,NA,NA,NA,NA,NA,NA
"1302",NA,NA,"NH",2023-11-11,NA,NA,NA,NA,NA,NA,NA,NA,NA,NA,NA,NA,NA,NA,NA,NA,NA,NA,NA,NA
"1303",2.24618301183783,0.487644506087291,"NJ",2023-10-01,0,0,0,1,1,1,0,1,1,1,0,1,0,1,0,1,1,1,1,1
"1304",2.75549211723125,0.378686745972803,"NJ",2023-10-02,1,1,1,1,0,1,1,0,1,1,0,0,0,1,0,1,0,1,1,0
"1305",1.14813694679013,0.370917025912769,"NJ",2023-10-03,1,1,1,1,1,1,1,1,1,1,1,0,0,1,0,0,0,1,1,1
"1306",2.00373736240336,0.363581759158336,"NJ",2023-10-04,1,1,1,1,0,1,1,1,0,1,1,0,1,1,0,1,0,0,1,1
"1307",1.47570091950416,0.300757037946656,"NJ",2023-10-05,1,1,1,1,1,1,0,1,1,1,1,1,0,1,0,1,0,0,1,1
"1308",1.83148378011401,0.389803988807687,"NJ",2023-10-06,1,1,1,1,1,1,1,0,1,1,1,0,0,1,0,1,1,1,0,1
"1309",2.26901592897383,0.230941793894334,"NJ",2023-10-07,1,1,1,1,1,1,0,1,1,1,0,1,1,1,1,1,0,1,1,1
"1310",0.718196564914355,0.337478697788194,"NJ",2023-10-08,1,1,1,1,1,1,1,1,1,1,1,1,0,1,0,1,0,1,1,1
"1311",2.94056178605014,0.360160720752327,"NJ",2023-10-09,1,0,1,1,0,1,1,1,1,1,0,0,0,1,0,1,0,1,0,1
"1312",2.99020992403258,0.390741357743167,"NJ",2023-10-10,1,1,0,1,1,0,1,1,1,1,0,0,0,1,0,0,0,0,0,1
"1313",3.15332937027191,0.401836673256172,"NJ",2023-10-11,1,0,0,1,0,1,1,1,0,1,1,0,0,1,0,1,0,0,0,0
"1314",2.20312040741933,0.360271833829745,"NJ",2023-10-12,1,1,1,1,0,1,1,0,1,0,1,0,1,1,0,0,0,0,1,1
"1315",1.50519075431268,0.30777378834521,"NJ",2023-10-13,1,1,1,1,1,1,0,1,1,0,1,0,1,1,0,1,1,1,0,1
"1316",1.4627401151566,0.466121833708732,"NJ",2023-10-14,1,1,1,1,0,1,0,0,1,1,1,1,0,1,0,1,0,0,0,1
"1317",NA,NA,"NJ",2023-10-15,NA,NA,NA,NA,NA,NA,NA,NA,NA,NA,NA,NA,NA,NA,NA,NA,NA,NA,NA,NA
"1318",3.13672061140226,0.459922797876432,"NJ",2023-10-16,1,0,1,0,1,1,0,1,1,1,1,0,1,0,0,0,0,0,1,0
"1319",1.06415861283622,0.297230218328487,"NJ",2023-10-17,1,1,1,1,1,1,1,1,1,1,1,1,0,1,1,0,1,1,1,1
"1320",2.9157116875497,0.352342564183845,"NJ",2023-10-18,0,1,1,1,0,1,1,1,1,1,0,1,0,0,0,0,0,1,0,1
"1321",1.33467725289215,0.296148146129745,"NJ",2023-10-19,1,1,1,1,1,1,1,1,1,1,0,1,0,1,0,0,1,1,0,1
"1322",1.49151668485911,0.276386399914895,"NJ",2023-10-20,1,1,1,1,1,1,0,1,1,1,1,1,0,1,0,0,0,0,1,1
"1323",1.1273248489045,0.332028240320912,"NJ",2023-10-21,1,1,1,1,1,0,1,1,1,1,1,1,1,1,0,0,0,1,1,0
"1324",1.26206678881942,0.514280326657501,"NJ",2023-10-22,1,1,1,1,1,1,0,1,0,1,1,1,0,1,1,1,0,1,1,1
"1325",4.2308639871501,0.423576236006858,"NJ",2023-10-23,1,1,0,1,0,1,0,1,1,0,0,0,0,1,0,0,0,0,0,0
"1326",2.41377263478399,0.405194200113832,"NJ",2023-10-24,1,1,0,1,1,0,0,1,1,0,1,0,0,1,0,0,0,0,1,0
"1327",1.01739331132558,0.281057370541757,"NJ",2023-10-25,1,1,1,1,1,1,1,1,1,1,0,1,1,1,0,1,0,1,1,1
"1328",1.60112671115129,0.388178194343435,"NJ",2023-10-26,1,1,1,1,1,0,1,1,1,0,1,1,0,1,0,0,0,1,1,0
"1329",3.18385815625772,0.324225363743946,"NJ",2023-10-27,0,1,0,1,0,1,0,1,1,0,0,0,0,1,0,1,0,1,1,1
"1330",1.00496064056792,0.371854752040868,"NJ",2023-10-28,1,0,1,1,1,1,1,1,1,1,1,1,1,1,0,1,0,1,1,1
"1331",0.842567483590612,0.305287555378794,"NJ",2023-10-29,1,1,1,1,0,1,1,1,1,1,1,1,0,1,0,1,0,1,1,1
"1332",2.7797338291366,0.38442472024069,"NJ",2023-10-30,1,1,1,1,1,1,1,0,1,0,1,1,0,1,0,1,0,0,1,0
"1333",1.81984298487689,0.304088532406627,"NJ",2023-10-31,1,1,1,1,1,1,1,1,1,1,1,1,1,1,0,0,0,1,0,0
"1334",3.01327278842555,0.421368413451552,"NJ",2023-11-01,1,0,0,1,1,1,0,0,1,0,1,0,0,1,0,1,0,0,0,0
"1335",1.9153781263794,0.354768697663107,"NJ",2023-11-02,1,0,1,1,1,1,1,1,1,0,1,0,1,1,0,1,0,0,1,0
"1336",0.786723179518023,0.237916930456406,"NJ",2023-11-03,1,1,1,1,1,1,1,1,1,1,1,1,1,1,0,0,1,1,1,1
"1337",1.4979511547677,0.259591639532262,"NJ",2023-11-04,1,0,1,1,1,1,0,1,1,1,1,0,0,1,0,1,0,0,1,1
"1338",0.808396410592231,0.345041604992088,"NJ",2023-11-05,1,1,1,1,1,0,1,1,1,1,1,0,0,1,1,0,0,1,1,0
"1339",3.7620636162415,0.3650916913877,"NJ",2023-11-06,0,1,1,1,0,1,1,1,1,0,0,1,0,1,0,0,0,0,1,0
"1340",4.58326050336844,0.34008106253658,"NJ",2023-11-07,1,0,1,1,0,1,0,1,1,0,1,0,1,1,0,1,1,1,0,0
"1341",3.32836696036004,0.394945140217289,"NJ",2023-11-08,1,1,1,1,0,1,1,0,0,0,0,0,0,1,0,0,0,0,0,0
"1342",1.24311096766766,0.338761091577168,"NJ",2023-11-09,1,1,1,1,1,1,1,1,0,0,1,1,0,1,0,1,0,1,0,0
"1343",2.49066710138211,0.516181310830123,"NJ",2023-11-10,0,1,1,1,1,1,0,1,1,0,0,1,0,1,0,1,0,0,1,0
"1344",0.614330745218142,0.162193132082216,"NJ",2023-11-11,1,1,1,1,1,1,0,1,1,1,1,1,0,1,0,1,0,1,1,1
"1345",1.67821172043344,0.347985593902511,"NM",2023-10-01,1,1,0,1,1,1,1,1,1,1,1,0,0,1,1,0,0,0,1,1
"1346",1.88483061103477,0.411424106025073,"NM",2023-10-02,0,0,1,1,1,1,1,1,1,1,1,0,1,1,0,0,0,1,1,1
"1347",2.46462394566784,0.368148323180176,"NM",2023-10-03,1,1,1,1,1,0,1,1,1,1,0,1,1,1,0,0,0,0,0,1
"1348",6.15361879635502,0.339937742171696,"NM",2023-10-04,0,0,1,1,0,1,0,1,1,1,0,0,1,1,0,0,0,0,0,1
"1349",4.77397870059314,0.361641116514925,"NM",2023-10-05,0,1,0,1,1,0,1,1,1,1,0,0,0,1,0,0,1,1,1,1
"1350",2.73922500439556,0.380659461023259,"NM",2023-10-06,1,1,0,1,1,0,1,1,1,1,1,0,0,1,1,0,0,1,0,1
"1351",1.4974893939593,0.357447940166477,"NM",2023-10-07,1,1,1,1,1,1,1,1,1,1,0,0,1,1,1,0,0,1,1,0
"1352",2.98506940255685,0.370163963427646,"NM",2023-10-08,0,1,0,1,1,1,1,1,1,1,0,0,0,1,0,0,0,1,1,1
"1353",4.64089523202842,0.342007222078384,"NM",2023-10-09,1,0,0,1,1,1,1,1,1,1,1,0,0,1,0,0,0,1,1,0
"1354",2.08827990120352,0.382350355916396,"NM",2023-10-10,1,1,1,0,1,0,1,0,1,1,1,1,0,0,0,0,0,0,0,1
"1355",4.12955867086014,0.367511252109522,"NM",2023-10-11,1,1,0,1,1,0,1,1,1,1,0,0,0,1,1,0,0,1,1,1
"1356",1.50566194350747,0.378777396771705,"NM",2023-10-12,1,1,1,1,1,1,1,1,1,1,1,0,0,1,1,0,0,1,0,1
"1357",2.89745859901158,0.364719086946884,"NM",2023-10-13,1,1,0,1,1,0,1,1,1,1,0,0,0,1,0,0,0,1,1,1
"1358",0.992112401982267,0.434164227154897,"NM",2023-10-14,1,1,1,1,1,1,1,1,0,1,1,0,0,1,0,1,0,1,1,1
"1359",1.43034952450085,0.377355322335968,"NM",2023-10-15,1,1,1,1,1,1,1,1,1,1,0,0,1,1,1,0,0,1,0,1
"1360",2.89968705637656,0.34609091290818,"NM",2023-10-16,1,1,1,1,1,1,0,1,1,1,1,0,0,1,0,0,0,1,0,1
"1361",2.38837241921565,0.398175949216119,"NM",2023-10-17,1,1,0,1,1,1,0,1,1,0,1,0,0,1,1,1,0,1,1,0
"1362",2.5792796522168,0.408535036684776,"NM",2023-10-18,1,0,1,0,1,0,1,1,1,1,0,0,1,0,0,1,0,1,1,1
"1363",2.42587033627468,0.339533744327613,"NM",2023-10-19,1,1,0,1,1,1,1,1,1,1,0,0,0,1,0,0,0,1,0,1
"1364",1.21942993646735,0.3776938336972,"NM",2023-10-20,1,1,1,1,1,1,1,1,1,1,0,1,0,1,0,0,0,1,1,1
"1365",3.51885471380813,0.360224121008675,"NM",2023-10-21,1,0,0,1,1,1,0,1,1,1,0,1,0,1,0,0,0,1,1,1
"1366",2.27659349996874,0.343458480977997,"NM",2023-10-22,1,1,1,1,1,1,0,1,1,0,0,0,0,1,1,0,0,1,1,0
"1367",5.95434023395781,0.368910932977662,"NM",2023-10-23,1,1,0,1,1,0,0,1,0,1,1,0,0,1,0,0,0,1,0,0
"1368",3.92649953276571,0.341037926025665,"NM",2023-10-24,1,1,1,1,1,0,0,1,1,1,0,1,1,1,0,0,0,1,0,1
"1369",3.58672445507069,0.369341966893701,"NM",2023-10-25,1,0,1,1,1,1,0,0,1,1,0,0,0,1,0,0,0,0,1,1
"1370",3.34953612003588,0.377559530878519,"NM",2023-10-26,1,1,0,1,1,0,0,0,1,1,1,0,0,1,1,0,0,0,0,1
"1371",3.00244990383872,0.363846013858902,"NM",2023-10-27,1,1,0,1,1,0,1,1,1,1,0,1,0,1,0,0,0,1,1,1
"1372",0.980618931986108,0.404288122685808,"NM",2023-10-28,1,1,1,1,1,1,1,0,1,1,1,0,0,1,0,0,1,0,1,1
"1373",2.59436925758385,0.355012959912256,"NM",2023-10-29,1,1,0,1,0,1,1,1,1,1,1,0,0,1,0,0,0,1,1,1
"1374",5.67047305327442,0.360741092434598,"NM",2023-10-30,1,1,0,1,0,0,0,1,1,1,1,0,0,0,0,0,0,0,0,0
"1375",3.34449763053513,0.389127364258852,"NM",2023-10-31,1,1,0,1,1,1,1,0,1,1,0,0,0,1,0,0,1,0,1,1
"1376",5.78636405859723,0.337254146804623,"NM",2023-11-01,1,1,1,1,0,0,0,1,1,1,1,0,0,1,0,0,0,0,0,0
"1377",2.8453711764102,0.348660432157718,"NM",2023-11-02,1,1,1,1,1,0,0,1,1,1,0,0,0,1,0,0,0,1,1,0
"1378",1.83207006908693,0.366760173666969,"NM",2023-11-03,1,1,1,1,1,1,0,1,1,1,1,0,0,1,1,0,0,1,0,1
"1379",1.66170278764639,0.39249797474294,"NM",2023-11-04,1,1,1,1,0,1,1,1,1,1,0,0,0,1,0,1,0,1,1,1
"1380",1.25837307831881,0.382036594295332,"NM",2023-11-05,1,1,1,1,1,1,1,0,1,1,0,0,0,1,0,1,0,0,1,1
"1381",2.42974055056619,0.388291182759616,"NM",2023-11-06,1,1,1,1,1,1,0,1,1,0,1,0,0,1,0,0,0,1,0,0
"1382",2.56767343862297,0.366950396296502,"NM",2023-11-07,1,1,1,1,0,1,0,0,1,0,0,0,0,1,0,0,0,0,1,0
"1383",1.81727708486947,0.380134543451477,"NM",2023-11-08,1,1,1,1,1,1,1,0,1,1,1,0,0,1,0,1,0,0,0,0
"1384",2.65184489923063,0.330622293148966,"NM",2023-11-09,1,1,1,1,1,1,0,1,1,1,0,0,0,1,0,0,0,1,1,1
"1385",1.22392084726761,0.31713082939296,"NM",2023-11-10,1,1,1,1,1,1,0,1,1,1,0,1,0,1,1,1,1,1,1,1
"1386",1.31480526136525,0.340892088431979,"NM",2023-11-11,1,1,1,1,1,1,1,1,1,1,0,0,0,0,1,0,0,1,1,1
"1387",NA,NA,"NV",2023-10-01,NA,NA,NA,NA,NA,NA,NA,NA,NA,NA,NA,NA,NA,NA,NA,NA,NA,NA,NA,NA
"1388",1.908919271906,0.257425386617052,"NV",2023-10-02,1,1,1,1,1,1,0,1,1,1,0,1,0,1,0,0,0,1,1,1
"1389",2.01266838974072,0.426543501793836,"NV",2023-10-03,1,1,1,1,0,1,0,1,1,1,0,0,1,1,0,1,0,1,1,1
"1390",1.09012248289225,0.526603504796456,"NV",2023-10-04,0,1,1,1,1,1,1,1,1,1,0,1,0,1,0,1,0,1,1,1
"1391",0.837879675747393,0.381838422392662,"NV",2023-10-05,1,1,1,1,1,1,1,1,0,1,1,1,0,1,0,1,1,1,0,1
"1392",0.907761424657963,0.422632423516195,"NV",2023-10-06,1,0,1,1,1,1,1,1,1,1,1,0,0,1,0,1,1,1,0,1
"1393",0.808697561927654,0.568938121683221,"NV",2023-10-07,1,0,1,1,1,1,1,1,1,1,1,0,0,1,1,1,1,1,1,1
"1394",0.680364723919973,0.472724147749383,"NV",2023-10-08,1,1,1,1,0,1,1,1,1,1,1,1,0,1,0,1,1,1,1,1
"1395",0.906017063498782,0.379923309507692,"NV",2023-10-09,1,1,1,1,1,1,1,1,1,1,0,0,1,1,1,1,1,1,1,1
"1396",2.14729435353487,0.352004155036702,"NV",2023-10-10,1,1,0,1,1,1,0,1,1,1,0,1,0,1,0,0,0,0,1,1
"1397",1.14473151770081,0.34487463640779,"NV",2023-10-11,1,1,1,1,1,1,1,1,1,0,0,1,0,1,0,1,1,1,1,0
"1398",0.973954702940681,0.339567198093334,"NV",2023-10-12,0,1,1,1,1,1,1,1,1,1,1,1,0,1,1,1,0,1,1,1
"1399",1.37091844829796,0.48741270218705,"NV",2023-10-13,0,1,1,1,1,0,1,0,1,1,0,1,0,1,0,0,1,0,1,1
"1400",NA,NA,"NV",2023-10-14,NA,NA,NA,NA,NA,NA,NA,NA,NA,NA,NA,NA,NA,NA,NA,NA,NA,NA,NA,NA
"1401",1.20409425013496,0.491386270687864,"NV",2023-10-15,1,1,1,1,1,1,0,1,0,1,1,1,0,1,0,0,0,1,0,1
"1402",1.09134587981586,0.333576263398048,"NV",2023-10-16,1,1,1,1,1,1,1,1,1,1,1,1,0,1,1,0,0,1,0,1
"1403",1.29248787631786,0.306567323959212,"NV",2023-10-17,1,1,1,1,1,1,0,1,0,1,1,1,0,1,1,1,0,1,1,1
"1404",1.31536966547829,0.251967189344772,"NV",2023-10-18,1,1,1,1,1,1,0,1,1,1,1,0,0,1,1,1,0,1,1,1
"1405",0.675142938318261,0.46501502931396,"NV",2023-10-19,1,1,1,1,0,1,1,1,1,1,1,1,1,1,0,1,0,1,1,1
"1406",NA,NA,"NV",2023-10-20,NA,NA,NA,NA,NA,NA,NA,NA,NA,NA,NA,NA,NA,NA,NA,NA,NA,NA,NA,NA
"1407",0.733268835853851,0.207474781351953,"NV",2023-10-21,1,1,1,1,1,1,0,1,1,1,1,1,0,1,1,1,0,1,0,1
"1408",0.718801583248771,0.206750435184048,"NV",2023-10-22,1,1,1,1,1,1,0,1,1,1,1,1,1,1,1,1,1,1,1,1
"1409",1.06009604460584,0.389395292433196,"NV",2023-10-23,0,1,1,1,1,1,1,1,1,1,0,0,0,1,1,1,1,0,0,1
"1410",0.80411300681726,0.569153766299826,"NV",2023-10-24,1,1,1,1,1,0,1,1,1,1,1,0,1,1,1,0,1,1,1,1
"1411",0.756716574713437,0.393357603487048,"NV",2023-10-25,1,1,1,1,1,1,1,0,1,1,1,1,1,1,0,0,0,0,1,1
"1412",0.885281439517082,0.418244017696178,"NV",2023-10-26,1,0,1,1,1,1,1,1,1,1,1,0,1,1,1,1,0,1,1,1
"1413",1.54604561145709,0.461969101644972,"NV",2023-10-27,1,1,1,1,1,1,1,1,0,1,1,1,1,1,0,1,0,1,0,1
"1414",1.0992099169021,0.522615076817428,"NV",2023-10-28,1,1,1,1,1,1,1,1,0,1,1,0,0,1,0,1,1,1,0,1
"1415",NA,NA,"NV",2023-10-29,NA,NA,NA,NA,NA,NA,NA,NA,NA,NA,NA,NA,NA,NA,NA,NA,NA,NA,NA,NA
"1416",0.666523419785647,0.451946020210582,"NV",2023-10-30,1,1,1,1,0,1,1,1,1,1,1,1,0,1,0,1,1,1,1,1
"1417",0.781896206607496,0.376634980296051,"NV",2023-10-31,1,1,1,1,1,1,1,0,1,1,1,1,1,1,1,1,0,0,1,1
"1418",0.816078349971395,0.407934133839852,"NV",2023-11-01,1,1,1,1,1,1,1,1,1,0,1,1,0,1,1,1,1,1,1,0
"1419",1.33145294169998,0.451103716893451,"NV",2023-11-02,1,1,0,1,1,1,1,1,1,1,1,0,0,1,0,1,1,1,1,1
"1420",1.65213097584255,0.492722678952186,"NV",2023-11-03,1,1,1,1,0,1,0,1,0,1,1,1,0,1,0,1,0,1,0,0
"1421",0.925312559479566,0.42215550972228,"NV",2023-11-04,1,1,1,1,1,1,1,1,0,1,1,1,0,1,1,1,1,1,0,1
"1422",NA,NA,"NV",2023-11-05,NA,NA,NA,NA,NA,NA,NA,NA,NA,NA,NA,NA,NA,NA,NA,NA,NA,NA,NA,NA
"1423",1.88878967866953,0.343853394829078,"NV",2023-11-06,1,1,0,1,1,1,0,1,0,1,0,1,0,1,0,1,0,0,0,1
"1424",1.81163726336251,0.408662684347242,"NV",2023-11-07,1,1,1,1,1,1,1,1,0,0,1,1,0,1,1,1,1,1,1,0
"1425",0.707261705943518,0.282652767535228,"NV",2023-11-08,1,1,1,1,1,1,1,1,1,1,1,1,1,1,1,1,1,1,1,1
"1426",1.20119088329096,0.29790139365968,"NV",2023-11-09,1,1,1,1,1,1,0,0,1,1,1,0,0,1,1,1,0,0,0,1
"1427",0.283781934079796,0.207281794219951,"NV",2023-11-10,1,1,1,1,1,1,1,1,1,1,1,1,1,1,0,1,0,1,1,1
"1428",0.682721303273472,0.29396043055789,"NV",2023-11-11,1,1,1,1,1,1,1,1,1,1,1,1,0,1,0,1,0,1,1,1
"1429",4.67086240820014,0.372901064536406,"NY",2023-10-01,1,1,1,0,0,1,0,0,1,0,0,1,0,0,0,1,0,0,1,1
"1430",9.25074031821343,0.393904105199954,"NY",2023-10-02,1,1,0,1,1,0,0,1,1,0,1,1,0,0,0,0,0,0,0,0
"1431",5.88764306643592,0.366008352401211,"NY",2023-10-03,0,1,0,1,0,1,0,1,1,1,1,0,1,0,0,0,0,1,0,0
"1432",4.58906471927639,0.381052632399989,"NY",2023-10-04,0,0,1,1,1,1,1,1,0,0,0,1,0,0,0,0,0,0,0,1
"1433",7.82923431052514,0.383745455781866,"NY",2023-10-05,1,0,1,1,0,0,1,1,0,0,0,0,0,0,0,0,0,0,0,0
"1434",3.07254401706757,0.376883293274958,"NY",2023-10-06,1,1,1,1,1,1,1,1,1,1,0,0,0,1,1,1,0,0,0,0
"1435",8.23103264283029,0.335113852691208,"NY",2023-10-07,1,1,0,1,0,1,0,0,1,1,1,0,0,0,0,0,0,0,0,0
"1436",2.58286160074173,0.356849623472777,"NY",2023-10-08,0,1,1,1,1,1,1,1,1,1,0,0,0,1,0,0,0,0,0,1
"1437",13.2712102541346,0.349953202965137,"NY",2023-10-09,1,1,0,0,0,1,0,0,1,1,0,0,0,0,0,0,0,0,0,0
"1438",7.32668359825278,0.380702515366509,"NY",2023-10-10,1,1,1,0,0,1,1,0,1,0,0,1,0,0,0,0,0,0,0,0
"1439",5.65600000134497,0.356360754148655,"NY",2023-10-11,1,0,1,1,0,1,1,0,0,1,0,0,1,1,1,0,0,0,1,0
"1440",6.42550888591996,0.333603894723597,"NY",2023-10-12,1,1,0,1,0,0,0,1,0,1,0,0,0,1,0,0,0,0,0,1
"1441",7.2930372305657,0.366952479803856,"NY",2023-10-13,0,1,0,1,0,1,0,0,1,1,0,0,0,1,0,0,0,0,0,0
"1442",3.16195975078806,0.390378791116723,"NY",2023-10-14,0,1,0,1,1,1,1,0,1,1,0,0,0,1,0,0,0,0,0,1
"1443",3.06808316415325,0.337422592281485,"NY",2023-10-15,1,1,1,1,1,1,0,1,1,1,0,0,0,1,0,0,0,0,0,1
"1444",3.62433136238703,0.372278714447872,"NY",2023-10-16,1,0,1,1,1,1,1,1,0,0,0,0,0,1,0,0,0,0,0,0
"1445",4.62625405242433,0.348290936163746,"NY",2023-10-17,1,1,0,1,1,1,0,0,0,1,1,1,0,1,0,0,0,1,0,1
"1446",4.48893914583903,0.345360659824154,"NY",2023-10-18,1,1,0,1,0,1,1,1,1,1,0,1,0,1,0,0,0,0,0,0
"1447",7.44491796012558,0.351126807036189,"NY",2023-10-19,0,1,0,1,0,1,1,1,1,1,0,0,0,0,0,0,0,0,0,1
"1448",4.73626315196332,0.33434215904603,"NY",2023-10-20,0,1,0,1,0,1,0,0,1,1,0,0,0,1,0,0,0,0,0,1
"1449",4.34647737648988,0.357903038577804,"NY",2023-10-21,1,0,0,1,1,0,1,1,0,1,1,1,0,0,0,0,0,0,0,1
"1450",2.99477673774699,0.359825453268031,"NY",2023-10-22,1,1,0,1,1,0,1,1,1,1,1,0,0,1,0,0,0,0,0,0
"1451",4.2818061886014,0.341962433031623,"NY",2023-10-23,1,1,0,1,1,1,1,1,1,0,1,0,0,0,0,0,0,0,0,0
"1452",7.03591120508624,0.39398982440891,"NY",2023-10-24,1,1,1,0,1,1,0,1,1,0,1,1,1,0,0,0,0,0,0,0
"1453",9.60255182888139,0.403224142696511,"NY",2023-10-25,1,0,0,1,0,0,0,1,0,0,0,0,0,0,0,0,0,0,0,0
"1454",6.55525201361868,0.377125615273146,"NY",2023-10-26,1,0,0,1,1,0,1,1,1,0,1,0,0,1,0,0,0,0,0,0
"1455",3.55308410228423,0.359567568733172,"NY",2023-10-27,1,0,0,1,1,0,1,1,1,0,1,0,0,1,0,0,0,1,0,0
"1456",6.86491660021671,0.386211912728155,"NY",2023-10-28,0,0,0,1,0,1,1,0,0,0,0,1,0,1,0,0,0,0,0,0
"1457",3.44811179115477,0.36002178641761,"NY",2023-10-29,0,0,0,1,1,1,1,1,1,1,0,0,0,1,0,0,0,0,1,0
"1458",9.02315646404215,0.348664295908064,"NY",2023-10-30,1,0,0,1,1,1,1,0,0,0,0,0,0,0,0,0,0,1,1,0
"1459",7.15490270849761,0.378773660500009,"NY",2023-10-31,0,0,0,1,1,0,1,0,1,1,0,0,0,1,0,0,1,0,0,0
"1460",6.16810995936985,0.398462712207237,"NY",2023-11-01,1,0,0,1,1,1,0,1,1,0,0,0,0,0,0,0,0,1,1,0
"1461",5.89304477552823,0.391618944783574,"NY",2023-11-02,0,1,0,1,0,1,0,1,1,0,0,0,0,1,0,1,0,0,0,0
"1462",4.67895148288578,0.365676915500443,"NY",2023-11-03,1,0,0,0,1,1,1,1,1,0,1,0,0,1,0,0,0,1,1,0
"1463",7.83334307819214,0.387686090130412,"NY",2023-11-04,0,0,0,1,1,0,1,0,0,0,0,0,0,0,0,0,1,0,0,0
"1464",8.24842103675253,0.391708218069782,"NY",2023-11-05,0,0,0,1,1,1,0,1,1,0,0,0,0,1,0,1,0,0,0,0
"1465",15.0376940836723,0.37593810377942,"NY",2023-11-06,1,0,0,1,0,0,1,1,1,0,1,0,0,1,0,0,0,0,0,0
"1466",16.2640682887967,0.378876081413225,"NY",2023-11-07,1,0,0,1,1,1,1,1,0,0,1,0,0,1,0,0,0,0,0,0
"1467",11.54693270954,0.404906389857966,"NY",2023-11-08,0,0,0,1,1,1,0,1,1,0,0,1,0,0,0,0,0,0,0,0
"1468",7.8970149706654,0.351113558602113,"NY",2023-11-09,0,0,0,1,1,1,1,1,1,0,0,1,0,1,0,1,1,0,0,0
"1469",7.11312213922925,0.344133597083488,"NY",2023-11-10,0,1,0,1,1,1,1,1,1,0,0,1,0,1,1,0,0,1,0,0
"1470",4.92811898816017,0.426952000985518,"NY",2023-11-11,0,1,1,0,1,1,0,0,1,0,0,0,0,0,0,1,0,0,0,0
"1471",1.79595943766489,0.293372535564665,"OH",2023-10-01,1,1,0,1,1,1,1,1,1,1,1,1,0,1,0,0,0,1,1,1
"1472",0.424031713428771,0.303733225132413,"OH",2023-10-02,1,1,1,1,1,1,1,1,1,1,0,1,1,1,1,1,0,1,1,1
"1473",0.81634763833251,0.42727686286303,"OH",2023-10-03,1,0,1,1,1,1,1,1,1,1,1,1,1,1,1,1,0,1,1,0
"1474",1.59652728586629,0.364671377001838,"OH",2023-10-04,1,0,0,1,1,1,0,1,1,1,0,0,0,1,1,1,0,1,1,1
"1475",0.866466947088318,0.442212837391129,"OH",2023-10-05,0,1,1,1,1,1,1,1,1,1,0,1,1,1,0,1,1,1,1,1
"1476",1.06647277622537,0.462549094049943,"OH",2023-10-06,1,1,1,1,1,1,1,1,0,1,1,0,0,1,0,0,0,1,0,1
"1477",0.435087950204498,0.288481768316306,"OH",2023-10-07,1,1,1,1,1,1,1,1,1,1,1,1,0,1,1,1,0,1,1,1
"1478",0.901279508741556,0.455435514340257,"OH",2023-10-08,1,1,1,1,1,1,1,0,1,1,1,0,0,1,1,1,0,0,1,1
"1479",1.33849378874397,0.391037750253234,"OH",2023-10-09,1,1,1,1,0,1,1,1,1,1,1,0,1,0,0,1,0,1,0,1
"1480",1.07444414882498,0.335859503915382,"OH",2023-10-10,1,1,1,1,1,1,1,1,1,1,0,1,0,1,1,1,0,1,1,1
"1481",0.880547007210145,0.437222092892531,"OH",2023-10-11,0,1,1,1,1,1,1,1,1,1,0,0,0,1,1,0,1,1,1,1
"1482",0.408784256747863,0.296963884845035,"OH",2023-10-12,1,1,1,1,1,1,1,1,1,1,1,1,0,1,1,1,0,1,1,1
"1483",1.30619582479167,0.49187545330611,"OH",2023-10-13,1,0,0,1,1,1,1,1,0,1,1,0,0,1,1,0,0,1,0,1
"1484",0.830434344887204,0.423209766938906,"OH",2023-10-14,1,0,1,1,1,1,1,1,1,1,1,0,1,1,0,1,1,1,1,1
"1485",NA,NA,"OH",2023-10-15,NA,NA,NA,NA,NA,NA,NA,NA,NA,NA,NA,NA,NA,NA,NA,NA,NA,NA,NA,NA
"1486",1.55067143036407,0.29558248503702,"OH",2023-10-16,1,1,1,1,1,1,0,1,1,1,1,1,0,1,1,1,0,1,1,1
"1487",1.12455053986597,0.412002703576766,"OH",2023-10-17,0,1,1,1,1,1,1,1,0,1,0,1,0,1,1,1,1,0,0,1
"1488",0.857723290107018,0.4450135709109,"OH",2023-10-18,1,1,1,1,1,1,1,1,0,1,1,1,0,1,1,1,1,1,0,1
"1489",1.1664486607672,0.567529757018612,"OH",2023-10-19,0,1,1,1,1,0,1,1,1,1,0,1,0,1,1,0,0,1,1,1
"1490",2.1718220000979,0.502762413613567,"OH",2023-10-20,1,0,0,1,1,0,1,1,1,1,1,0,0,1,1,1,1,1,1,1
"1491",NA,NA,"OH",2023-10-21,NA,NA,NA,NA,NA,NA,NA,NA,NA,NA,NA,NA,NA,NA,NA,NA,NA,NA,NA,NA
"1492",NA,NA,"OH",2023-10-22,NA,NA,NA,NA,NA,NA,NA,NA,NA,NA,NA,NA,NA,NA,NA,NA,NA,NA,NA,NA
"1493",1.37437088109875,0.492155827941195,"OH",2023-10-23,1,1,1,1,1,1,0,1,1,0,1,0,1,1,1,0,0,1,1,0
"1494",0.788983266598634,0.396695692125207,"OH",2023-10-24,1,1,1,1,1,1,1,0,1,1,1,1,0,1,1,0,0,0,1,1
"1495",1.62461567090416,0.363622898879485,"OH",2023-10-25,0,1,0,1,1,1,1,0,1,1,0,0,0,0,0,0,1,0,1,1
"1496",0.767577984706542,0.40302397038221,"OH",2023-10-26,1,1,1,1,0,1,1,1,1,1,1,1,1,1,0,1,0,1,1,1
"1497",0.932028175781665,0.29589772807936,"OH",2023-10-27,1,1,1,1,1,1,0,1,1,1,1,1,0,1,1,1,0,1,1,1
"1498",0.441254925390258,0.272064137146327,"OH",2023-10-28,1,1,1,1,1,1,1,1,1,1,1,1,0,1,0,1,1,1,1,1
"1499",0.831475521973829,0.600640838907578,"OH",2023-10-29,0,1,1,1,1,1,1,1,1,1,0,1,0,1,1,1,1,1,1,1
"1500",0.814602434757981,0.4194728668194,"OH",2023-10-30,1,0,1,1,1,1,1,1,1,1,1,0,0,1,0,1,0,1,1,1
"1501",1.7041225201845,0.501393414006802,"OH",2023-10-31,1,0,1,1,1,0,1,1,1,1,1,0,0,1,1,0,0,1,1,1
"1502",1.05886986941489,0.485839502514174,"OH",2023-11-01,1,1,1,1,1,1,1,0,1,1,1,1,0,1,0,1,0,0,0,1
"1503",1.09761213804027,0.328904752266074,"OH",2023-11-02,1,1,1,1,1,1,1,1,1,1,1,1,0,1,0,1,0,1,1,1
"1504",1.14294598519265,0.493698284616134,"OH",2023-11-03,1,1,1,1,1,0,1,0,1,1,1,1,1,1,0,0,0,0,1,1
"1505",1.03760103598003,0.263630453968672,"OH",2023-11-04,1,1,0,1,1,1,1,1,1,1,1,1,0,1,0,0,1,1,1,1
"1506",1.0287215966039,0.262326730610694,"OH",2023-11-05,1,1,0,1,1,1,1,1,1,1,1,1,0,1,1,1,0,1,1,1
"1507",0.947310899713808,0.426413748897723,"OH",2023-11-06,1,0,1,1,1,0,1,1,1,1,1,0,0,1,0,0,1,1,1,1
"1508",1.6785446715586,0.398662495427093,"OH",2023-11-07,1,1,0,1,0,1,1,1,1,1,1,1,0,1,0,1,1,1,1,1
"1509",0.914188599680539,0.431967625853517,"OH",2023-11-08,0,1,1,1,1,1,1,1,1,1,0,1,0,1,1,1,1,1,1,1
"1510",1.12760986269239,0.503701199800474,"OH",2023-11-09,1,0,1,1,1,1,1,0,1,1,1,0,0,1,1,1,0,0,1,1
"1511",1.07750239135404,0.292839047876733,"OH",2023-11-10,1,1,1,1,1,1,0,1,1,1,1,1,0,0,1,1,0,0,1,1
"1512",0.848846590159867,0.465492497015778,"OH",2023-11-11,1,1,1,1,1,1,1,0,1,1,1,1,1,1,1,1,0,0,1,1
"1513",0.350789932462186,0.238109283798053,"OK",2023-10-01,1,1,1,1,1,1,1,1,1,1,0,1,0,1,1,1,1,1,1,1
"1514",1.3952616703489,0.239017185046781,"OK",2023-10-02,1,1,0,1,1,1,1,1,1,1,0,1,0,1,1,1,1,1,1,1
"1515",1.52570041407264,0.432366253807577,"OK",2023-10-03,1,1,1,1,1,0,1,1,1,1,0,1,0,1,0,0,1,1,1,1
"1516",0.600451009416622,0.369396911521537,"OK",2023-10-04,1,1,1,1,1,1,1,1,1,1,1,1,0,1,1,1,0,1,1,1
"1517",0.360143866241772,0.241909631690715,"OK",2023-10-05,1,1,1,1,1,1,1,1,1,1,1,1,1,1,1,1,1,1,1,1
"1518",0.765159566157465,0.397654590841895,"OK",2023-10-06,1,0,1,1,1,1,1,1,1,1,1,0,0,1,1,1,1,1,1,1
"1519",NA,NA,"OK",2023-10-07,NA,NA,NA,NA,NA,NA,NA,NA,NA,NA,NA,NA,NA,NA,NA,NA,NA,NA,NA,NA
"1520",NA,NA,"OK",2023-10-08,NA,NA,NA,NA,NA,NA,NA,NA,NA,NA,NA,NA,NA,NA,NA,NA,NA,NA,NA,NA
"1521",0.791423405001193,0.428466660735569,"OK",2023-10-09,1,1,1,1,1,1,1,1,1,1,0,1,0,1,0,1,0,1,1,1
"1522",1.3035670287795,0.303265691313947,"OK",2023-10-10,1,1,0,1,1,1,1,1,1,1,1,1,0,1,1,1,0,1,0,1
"1523",0.520388730260374,0.382830070746583,"OK",2023-10-11,1,1,1,1,1,1,0,1,1,1,1,1,1,1,0,1,0,1,1,1
"1524",1.69559303452035,0.433606040166696,"OK",2023-10-12,1,1,0,1,1,1,0,0,1,1,0,1,0,1,0,0,0,0,0,1
"1525",0.888940624223235,0.250923266291826,"OK",2023-10-13,1,1,0,1,1,1,1,1,1,1,0,1,0,1,1,0,1,1,1,1
"1526",0.725425103623342,0.517699140242305,"OK",2023-10-14,1,1,1,1,1,0,1,1,1,1,0,1,1,1,1,0,1,1,1,1
"1527",0.502317767939393,0.37970441271503,"OK",2023-10-15,1,1,1,1,1,1,1,1,1,1,1,1,1,1,0,1,0,1,1,1
"1528",1.37746903896814,0.473027847979667,"OK",2023-10-16,1,0,1,1,1,1,1,0,1,1,0,1,1,1,0,1,0,0,1,1
"1529",1.06614300238162,0.519618322473198,"OK",2023-10-17,1,1,1,1,1,1,1,0,1,1,1,1,0,1,0,1,0,0,1,1
"1530",0.961303281591055,0.48810690477291,"OK",2023-10-18,1,1,1,1,1,0,1,1,1,1,1,1,0,1,0,0,1,0,1,1
"1531",1.54750222461754,0.467089261670196,"OK",2023-10-19,1,1,0,1,0,1,1,0,1,1,1,1,0,1,0,1,0,0,1,1
"1532",0.752521153332383,0.41604756165362,"OK",2023-10-20,1,1,1,1,1,1,1,1,1,1,1,1,0,1,0,1,1,1,1,1
"1533",0.501855051408558,0.375787397250392,"OK",2023-10-21,1,1,1,1,1,1,1,1,1,1,1,1,1,1,1,1,0,0,1,1
"1534",2.06326694808967,0.352901153984719,"OK",2023-10-22,1,1,1,1,1,1,0,1,1,1,1,1,1,0,1,0,0,0,1,1
"1535",1.30671054386078,0.386438698547888,"OK",2023-10-23,1,1,1,1,1,1,1,1,0,1,0,1,0,1,0,0,0,0,0,1
"1536",3.3282268058116,0.266779785494615,"OK",2023-10-24,1,1,0,1,1,1,0,1,1,1,1,1,0,1,0,1,0,1,1,0
"1537",1.32892013752253,0.393493655682688,"OK",2023-10-25,1,1,1,1,0,1,1,1,1,1,0,1,0,1,0,0,0,0,1,1
"1538",1.16177862139201,0.381015026647346,"OK",2023-10-26,1,1,1,1,0,1,1,1,1,1,1,1,0,1,0,0,0,1,1,1
"1539",1.35232517329816,0.403816378941788,"OK",2023-10-27,1,0,1,1,1,1,1,1,1,1,1,0,1,1,0,0,0,0,1,1
"1540",0.943531039419878,0.273676147358625,"OK",2023-10-28,1,1,0,1,1,1,1,1,1,1,1,1,0,1,0,1,1,1,1,1
"1541",NA,NA,"OK",2023-10-29,NA,NA,NA,NA,NA,NA,NA,NA,NA,NA,NA,NA,NA,NA,NA,NA,NA,NA,NA,NA
"1542",0.95004104440881,0.425732033483596,"OK",2023-10-30,1,1,1,1,1,1,1,0,1,1,1,1,0,1,1,1,1,0,1,1
"1543",1.37115359693422,0.433103624561684,"OK",2023-10-31,1,1,1,1,0,1,1,1,1,1,1,1,0,1,0,1,1,1,1,0
"1544",1.08711337758408,0.387489828797829,"OK",2023-11-01,1,1,1,1,1,1,1,1,1,1,1,0,0,1,1,0,0,1,1,1
"1545",1.44075363208544,0.399901310945412,"OK",2023-11-02,1,1,1,1,0,1,1,1,1,1,0,1,0,1,0,1,1,1,1,1
"1546",0.413021495201212,0.285276788222566,"OK",2023-11-03,1,1,1,1,1,1,1,1,1,1,1,1,0,1,1,1,0,1,1,1
"1547",0.472249605523202,0.32931987173838,"OK",2023-11-04,1,1,1,1,1,1,1,1,1,1,0,1,0,1,0,1,0,1,1,1
"1548",0.454941542909696,0.371268058989076,"OK",2023-11-05,1,1,1,1,1,1,1,1,1,1,1,1,1,1,1,0,0,1,1,1
"1549",3.94340825408842,0.426737661715603,"OK",2023-11-06,1,0,0,1,1,1,0,1,1,1,0,0,0,1,0,1,0,1,1,1
"1550",2.20413718711524,0.409129875609945,"OK",2023-11-07,1,0,1,1,1,1,0,1,1,1,1,0,0,1,0,0,0,0,1,1
"1551",1.47414884990861,0.361843271452364,"OK",2023-11-08,1,1,0,1,1,1,0,1,1,1,1,1,0,1,1,0,0,1,1,1
"1552",0.768276891832507,0.551505886425353,"OK",2023-11-09,1,1,1,1,1,1,1,0,1,1,1,1,1,1,0,1,1,0,1,1
"1553",1.1650855943916,0.471566919494902,"OK",2023-11-10,1,0,1,1,1,1,1,1,0,1,1,0,0,1,0,1,0,1,0,1
"1554",NA,NA,"OK",2023-11-11,NA,NA,NA,NA,NA,NA,NA,NA,NA,NA,NA,NA,NA,NA,NA,NA,NA,NA,NA,NA
"1555",1.92146365422297,0.445985792617928,"OR",2023-10-01,1,1,0,1,1,1,0,1,1,1,0,1,0,1,1,0,0,1,1,1
"1556",2.77429899290562,0.441996445784678,"OR",2023-10-02,1,1,1,1,1,1,0,1,0,1,1,0,0,1,0,0,0,1,0,1
"1557",1.30039538303861,0.388905213228968,"OR",2023-10-03,1,1,1,1,1,1,1,1,1,0,1,0,0,1,0,1,0,1,1,0
"1558",1.34417630112664,0.379414343370896,"OR",2023-10-04,1,1,1,1,1,1,1,0,0,1,0,0,0,1,0,1,1,0,0,0
"1559",1.74776780321386,0.438196558323616,"OR",2023-10-05,1,1,1,1,1,1,1,1,0,1,1,1,0,1,1,0,1,1,0,1
"1560",1.64687020421923,0.318284507853817,"OR",2023-10-06,1,1,1,1,1,1,0,1,1,1,0,1,0,1,0,0,0,1,1,1
"1561",2.50450668888243,0.471969319572586,"OR",2023-10-07,1,1,0,1,0,1,0,1,0,1,0,1,0,1,0,1,0,0,0,1
"1562",1.15295574634504,0.368104815326166,"OR",2023-10-08,1,1,1,1,1,1,1,1,1,0,1,1,0,1,0,0,0,1,1,0
"1563",2.03083222269801,0.33396249178119,"OR",2023-10-09,1,1,1,1,1,1,0,1,1,1,0,1,0,1,0,0,0,0,1,1
"1564",1.02564501168269,0.398440959091306,"OR",2023-10-10,1,1,1,1,1,1,1,0,1,1,0,0,0,1,0,0,1,0,1,1
"1565",0.810485446491479,0.35420268525037,"OR",2023-10-11,1,1,1,1,1,1,1,1,1,1,1,1,0,1,1,0,1,1,1,1
"1566",1.10834055907374,0.393947148812512,"OR",2023-10-12,1,1,1,1,1,1,1,1,0,1,1,1,0,1,0,0,0,1,0,1
"1567",1.92627790549503,0.41961426933629,"OR",2023-10-13,1,0,0,1,1,1,0,1,1,1,1,0,0,1,1,0,0,1,1,1
"1568",NA,NA,"OR",2023-10-14,NA,NA,NA,NA,NA,NA,NA,NA,NA,NA,NA,NA,NA,NA,NA,NA,NA,NA,NA,NA
"1569",0.86154018407182,0.322326602305882,"OR",2023-10-15,1,1,1,1,1,1,0,1,1,1,1,1,0,1,1,1,0,1,1,1
"1570",0.85900309719465,0.443963733368916,"OR",2023-10-16,1,1,1,1,1,0,1,1,1,1,1,1,0,1,1,0,1,1,1,1
"1571",1.84733552957889,0.366077411375546,"OR",2023-10-17,1,1,0,1,1,1,0,1,1,1,1,1,0,1,1,1,0,1,1,1
"1572",0.319548611291915,0.231489741386803,"OR",2023-10-18,1,1,1,1,1,1,1,1,1,1,1,1,1,1,1,1,1,1,1,1
"1573",0.894213422618928,0.444953553860418,"OR",2023-10-19,1,1,1,1,0,1,1,1,1,1,1,1,0,1,0,1,1,1,1,1
"1574",1.59242828782756,0.404829444855662,"OR",2023-10-20,1,0,0,1,1,1,0,1,1,1,1,0,0,1,0,1,0,1,1,1
"1575",0.630256084266894,0.373694147424075,"OR",2023-10-21,1,1,1,1,1,1,1,1,1,1,1,1,1,1,1,0,0,1,1,1
"1576",1.17678183716342,0.362380887357215,"OR",2023-10-22,1,1,1,1,1,1,0,1,1,1,1,1,0,1,1,0,0,1,1,1
"1577",3.1476245885593,0.417616275910101,"OR",2023-10-23,1,1,0,1,1,1,1,1,0,1,1,0,0,1,0,1,0,0,0,0
"1578",0.522225609724084,0.360620619104064,"OR",2023-10-24,1,1,1,1,1,1,1,1,1,1,1,1,0,1,1,1,0,1,1,1
"1579",0.31319969746998,0.231424419167765,"OR",2023-10-25,1,1,1,1,1,1,1,1,1,1,1,1,1,1,1,1,1,1,1,1
"1580",0.939391154634699,0.461496921047133,"OR",2023-10-26,0,1,1,1,1,1,1,1,1,1,0,1,0,1,1,1,1,1,1,1
"1581",0.925939468078252,0.282248029013622,"OR",2023-10-27,1,1,1,1,1,1,1,1,1,1,1,1,0,1,0,0,0,1,1,1
"1582",0.854727777141365,0.315166432001463,"OR",2023-10-28,1,1,1,1,1,1,0,1,1,1,1,1,1,1,1,1,1,1,1,1
"1583",2.45839963045936,0.496862470125722,"OR",2023-10-29,1,1,0,1,1,0,1,1,1,1,1,1,0,1,0,0,0,1,1,1
"1584",1.92754546486245,0.491318978621607,"OR",2023-10-30,1,1,0,1,1,1,1,0,1,0,1,1,0,1,1,1,1,0,1,0
"1585",1.96123271257478,0.41193137614037,"OR",2023-10-31,1,0,0,1,1,1,0,1,1,1,1,0,1,1,0,1,1,1,1,1
"1586",0.527166603200467,0.351777015719808,"OR",2023-11-01,1,1,1,1,1,1,1,1,1,1,1,1,0,1,1,1,0,1,1,1
"1587",NA,NA,"OR",2023-11-02,NA,NA,NA,NA,NA,NA,NA,NA,NA,NA,NA,NA,NA,NA,NA,NA,NA,NA,NA,NA
"1588",0.864179500856809,0.411645576675038,"OR",2023-11-03,1,1,1,1,1,1,1,1,1,1,1,1,0,1,0,0,0,1,1,1
"1589",0.394311040561014,0.292402553205585,"OR",2023-11-04,1,1,1,1,1,1,1,1,1,1,1,1,0,1,1,1,0,1,1,1
"1590",0.386883569594914,0.292172481010591,"OR",2023-11-05,1,1,1,1,1,1,1,1,1,1,1,1,1,1,0,1,0,1,1,1
"1591",1.38579845382049,0.376914626289376,"OR",2023-11-06,1,1,1,1,0,1,1,1,1,1,1,1,1,1,0,0,0,1,1,0
"1592",1.14540952673137,0.342032358890474,"OR",2023-11-07,1,1,1,1,1,1,0,1,1,1,1,1,0,1,1,0,0,1,1,1
"1593",4.67498012269702,0.376088446509517,"OR",2023-11-08,1,1,0,1,1,1,0,1,1,0,1,1,0,1,0,1,0,0,1,0
"1594",NA,NA,"OR",2023-11-09,NA,NA,NA,NA,NA,NA,NA,NA,NA,NA,NA,NA,NA,NA,NA,NA,NA,NA,NA,NA
"1595",NA,NA,"OR",2023-11-10,NA,NA,NA,NA,NA,NA,NA,NA,NA,NA,NA,NA,NA,NA,NA,NA,NA,NA,NA,NA
"1596",1.7849063620622,0.371371157403527,"OR",2023-11-11,1,1,1,1,1,1,0,1,1,0,1,1,0,1,1,1,1,1,1,0
"1597",1.78845769449826,0.383139287572132,"PA",2023-10-01,1,1,1,1,0,1,1,1,1,1,1,0,1,1,0,1,0,1,1,1
"1598",2.15191878517457,0.372379085892066,"PA",2023-10-02,1,1,1,1,0,0,1,0,1,0,1,1,0,1,0,1,0,0,0,1
"1599",2.1818087949499,0.447474529413131,"PA",2023-10-03,1,1,1,1,0,1,0,1,1,0,1,1,0,1,0,1,0,1,0,0
"1600",1.61151006259412,0.343979059550636,"PA",2023-10-04,1,1,1,1,1,1,1,1,1,0,1,1,0,1,0,0,1,1,0,1
"1601",3.89285051091381,0.438776402423408,"PA",2023-10-05,1,1,1,0,0,1,0,1,1,1,1,0,0,0,0,1,0,1,0,1
"1602",0.958115513874681,0.359587466091641,"PA",2023-10-06,1,1,1,1,1,1,1,1,1,1,1,1,1,1,0,1,0,1,1,1
"1603",0.719125327867444,0.206142547731513,"PA",2023-10-07,1,1,1,1,1,1,0,1,1,1,1,1,0,1,1,1,0,1,1,1
"1604",1.16591305391788,0.204902778125821,"PA",2023-10-08,1,1,1,1,1,1,0,1,1,1,1,1,0,1,0,1,0,0,1,1
"1605",1.99392707957883,0.373660109227989,"PA",2023-10-09,1,0,1,1,1,1,1,1,1,1,1,0,0,1,1,1,0,0,0,1
"1606",2.58679124252666,0.33050325169346,"PA",2023-10-10,0,1,1,1,1,1,0,0,1,1,0,0,0,1,0,0,0,0,1,0
"1607",3.25654807628287,0.425028415689976,"PA",2023-10-11,1,0,0,1,1,1,0,0,1,1,1,1,0,1,0,1,0,1,0,1
"1608",1.65614135494257,0.459002857467129,"PA",2023-10-12,1,1,1,0,1,0,0,1,1,1,1,0,0,0,0,0,0,0,0,1
"1609",1.96875286218428,0.483219776185801,"PA",2023-10-13,1,1,1,1,1,0,0,0,1,1,1,1,0,1,1,1,0,0,0,1
"1610",0.813284460409589,0.404202880089935,"PA",2023-10-14,1,1,1,1,1,1,1,0,1,1,1,1,0,1,1,1,1,0,1,1
"1611",0.256238258102035,0.198360518436727,"PA",2023-10-15,1,1,1,1,1,1,1,1,1,1,1,1,1,1,1,1,1,1,1,1
"1612",2.06721645885835,0.38558636104901,"PA",2023-10-16,1,1,0,1,1,1,1,1,1,1,1,0,0,1,0,0,0,0,1,1
"1613",2.06377933954382,0.384828521552729,"PA",2023-10-17,1,0,1,1,1,1,1,1,1,1,1,0,0,1,0,1,0,1,0,1
"1614",3.07085134725847,0.422438680501736,"PA",2023-10-18,1,1,0,1,1,1,0,0,1,1,1,0,0,1,0,0,0,0,0,0
"1615",1.90334135503962,0.48512924414009,"PA",2023-10-19,1,1,1,1,1,1,0,0,0,1,0,1,1,0,0,1,0,0,0,1
"1616",1.22077225290597,0.458768977799679,"PA",2023-10-20,1,0,1,1,1,1,1,1,0,1,1,0,1,1,0,1,1,1,0,1
"1617",1.81269422012429,0.409648552587147,"PA",2023-10-21,1,0,1,1,0,1,1,0,1,1,1,0,0,1,0,1,1,0,0,1
"1618",1.21377317744122,0.302274431094157,"PA",2023-10-22,0,1,1,1,1,1,1,1,1,1,0,1,1,1,0,1,0,0,1,1
"1619",3.32747882793421,0.346133884240654,"PA",2023-10-23,1,0,0,1,0,1,1,0,1,1,0,0,0,1,1,1,0,0,0,1
"1620",2.3892306314309,0.414577368840324,"PA",2023-10-24,1,0,1,1,0,1,1,1,0,1,0,0,0,1,1,1,0,1,0,1
"1621",1.48452863644098,0.442631336598173,"PA",2023-10-25,0,0,1,1,1,1,1,0,1,1,0,0,1,1,0,1,1,0,1,1
"1622",1.05189465763195,0.384344439429199,"PA",2023-10-26,1,0,1,1,1,1,1,0,1,1,1,0,0,1,0,1,0,0,1,1
"1623",1.74619385704526,0.306661376042797,"PA",2023-10-27,1,0,1,1,0,1,0,1,1,1,1,0,1,1,1,1,0,0,0,1
"1624",1.17035051232569,0.538768009500221,"PA",2023-10-28,1,0,1,1,1,1,1,1,1,1,1,0,1,1,1,1,1,0,1,1
"1625",1.73089742489402,0.592078184306171,"PA",2023-10-29,1,0,1,1,1,1,1,1,1,1,1,0,1,1,0,1,1,0,1,1
"1626",3.89439387864164,0.381124602397081,"PA",2023-10-30,1,1,0,1,1,1,0,1,1,1,1,1,0,1,0,1,0,0,0,1
"1627",2.98594234680394,0.30403491986292,"PA",2023-10-31,1,0,1,1,0,1,0,1,1,1,1,0,0,1,0,1,0,0,0,1
"1628",3.02289680136358,0.43655258769732,"PA",2023-11-01,1,1,1,1,0,1,1,0,1,0,1,0,1,1,0,0,1,0,1,0
"1629",2.28526885549582,0.443755159620757,"PA",2023-11-02,1,1,1,1,1,1,0,0,0,1,1,1,1,1,0,1,0,0,0,0
"1630",0.236676318680199,0.201566824016713,"PA",2023-11-03,1,1,1,1,1,1,1,1,1,1,1,1,1,1,1,1,1,1,1,1
"1631",0.244774600511404,0.202687998480188,"PA",2023-11-04,1,1,1,1,1,1,1,1,1,1,1,1,1,1,1,1,1,1,1,1
"1632",0.83003790862651,0.412087371693273,"PA",2023-11-05,0,1,1,1,1,1,1,1,1,1,0,1,1,1,0,1,1,1,1,1
"1633",5.97987256054425,0.337501744127529,"PA",2023-11-06,0,0,1,1,0,1,0,0,1,1,0,0,0,1,0,1,0,1,0,0
"1634",3.02688137601406,0.347669898017058,"PA",2023-11-07,1,1,0,1,0,1,1,1,1,0,1,1,0,0,0,1,0,1,1,0
"1635",2.45646992483963,0.428989705908648,"PA",2023-11-08,1,1,1,1,1,1,0,0,1,0,1,0,0,1,0,0,0,1,1,0
"1636",3.49504805476172,0.494505673694159,"PA",2023-11-09,1,1,1,1,0,1,0,0,1,1,1,1,1,1,0,1,0,0,1,1
"1637",1.062767033638,0.33895249547194,"PA",2023-11-10,1,1,0,1,1,1,1,1,1,1,1,1,0,1,0,1,0,1,1,1
"1638",0.87530279209756,0.592832797914988,"PA",2023-11-11,1,1,1,1,1,1,1,0,1,1,1,1,1,1,1,1,1,0,0,1
"1639",NA,NA,"PR",2023-10-01,NA,NA,NA,NA,NA,NA,NA,NA,NA,NA,NA,NA,NA,NA,NA,NA,NA,NA,NA,NA
"1640",NA,NA,"PR",2023-10-02,NA,NA,NA,NA,NA,NA,NA,NA,NA,NA,NA,NA,NA,NA,NA,NA,NA,NA,NA,NA
"1641",NA,NA,"PR",2023-10-03,NA,NA,NA,NA,NA,NA,NA,NA,NA,NA,NA,NA,NA,NA,NA,NA,NA,NA,NA,NA
"1642",NA,NA,"PR",2023-10-04,NA,NA,NA,NA,NA,NA,NA,NA,NA,NA,NA,NA,NA,NA,NA,NA,NA,NA,NA,NA
"1643",NA,NA,"PR",2023-10-05,NA,NA,NA,NA,NA,NA,NA,NA,NA,NA,NA,NA,NA,NA,NA,NA,NA,NA,NA,NA
"1644",NA,NA,"PR",2023-10-06,NA,NA,NA,NA,NA,NA,NA,NA,NA,NA,NA,NA,NA,NA,NA,NA,NA,NA,NA,NA
"1645",NA,NA,"PR",2023-10-07,NA,NA,NA,NA,NA,NA,NA,NA,NA,NA,NA,NA,NA,NA,NA,NA,NA,NA,NA,NA
"1646",NA,NA,"PR",2023-10-08,NA,NA,NA,NA,NA,NA,NA,NA,NA,NA,NA,NA,NA,NA,NA,NA,NA,NA,NA,NA
"1647",NA,NA,"PR",2023-10-09,NA,NA,NA,NA,NA,NA,NA,NA,NA,NA,NA,NA,NA,NA,NA,NA,NA,NA,NA,NA
"1648",NA,NA,"PR",2023-10-10,NA,NA,NA,NA,NA,NA,NA,NA,NA,NA,NA,NA,NA,NA,NA,NA,NA,NA,NA,NA
"1649",NA,NA,"PR",2023-10-11,NA,NA,NA,NA,NA,NA,NA,NA,NA,NA,NA,NA,NA,NA,NA,NA,NA,NA,NA,NA
"1650",NA,NA,"PR",2023-10-12,NA,NA,NA,NA,NA,NA,NA,NA,NA,NA,NA,NA,NA,NA,NA,NA,NA,NA,NA,NA
"1651",NA,NA,"PR",2023-10-13,NA,NA,NA,NA,NA,NA,NA,NA,NA,NA,NA,NA,NA,NA,NA,NA,NA,NA,NA,NA
"1652",NA,NA,"PR",2023-10-14,NA,NA,NA,NA,NA,NA,NA,NA,NA,NA,NA,NA,NA,NA,NA,NA,NA,NA,NA,NA
"1653",NA,NA,"PR",2023-10-15,NA,NA,NA,NA,NA,NA,NA,NA,NA,NA,NA,NA,NA,NA,NA,NA,NA,NA,NA,NA
"1654",NA,NA,"PR",2023-10-16,NA,NA,NA,NA,NA,NA,NA,NA,NA,NA,NA,NA,NA,NA,NA,NA,NA,NA,NA,NA
"1655",NA,NA,"PR",2023-10-17,NA,NA,NA,NA,NA,NA,NA,NA,NA,NA,NA,NA,NA,NA,NA,NA,NA,NA,NA,NA
"1656",NA,NA,"PR",2023-10-18,NA,NA,NA,NA,NA,NA,NA,NA,NA,NA,NA,NA,NA,NA,NA,NA,NA,NA,NA,NA
"1657",NA,NA,"PR",2023-10-19,NA,NA,NA,NA,NA,NA,NA,NA,NA,NA,NA,NA,NA,NA,NA,NA,NA,NA,NA,NA
"1658",NA,NA,"PR",2023-10-20,NA,NA,NA,NA,NA,NA,NA,NA,NA,NA,NA,NA,NA,NA,NA,NA,NA,NA,NA,NA
"1659",NA,NA,"PR",2023-10-21,NA,NA,NA,NA,NA,NA,NA,NA,NA,NA,NA,NA,NA,NA,NA,NA,NA,NA,NA,NA
"1660",NA,NA,"PR",2023-10-22,NA,NA,NA,NA,NA,NA,NA,NA,NA,NA,NA,NA,NA,NA,NA,NA,NA,NA,NA,NA
"1661",NA,NA,"PR",2023-10-23,NA,NA,NA,NA,NA,NA,NA,NA,NA,NA,NA,NA,NA,NA,NA,NA,NA,NA,NA,NA
"1662",NA,NA,"PR",2023-10-24,NA,NA,NA,NA,NA,NA,NA,NA,NA,NA,NA,NA,NA,NA,NA,NA,NA,NA,NA,NA
"1663",NA,NA,"PR",2023-10-25,NA,NA,NA,NA,NA,NA,NA,NA,NA,NA,NA,NA,NA,NA,NA,NA,NA,NA,NA,NA
"1664",NA,NA,"PR",2023-10-26,NA,NA,NA,NA,NA,NA,NA,NA,NA,NA,NA,NA,NA,NA,NA,NA,NA,NA,NA,NA
"1665",NA,NA,"PR",2023-10-27,NA,NA,NA,NA,NA,NA,NA,NA,NA,NA,NA,NA,NA,NA,NA,NA,NA,NA,NA,NA
"1666",NA,NA,"PR",2023-10-28,NA,NA,NA,NA,NA,NA,NA,NA,NA,NA,NA,NA,NA,NA,NA,NA,NA,NA,NA,NA
"1667",NA,NA,"PR",2023-10-29,NA,NA,NA,NA,NA,NA,NA,NA,NA,NA,NA,NA,NA,NA,NA,NA,NA,NA,NA,NA
"1668",NA,NA,"PR",2023-10-30,NA,NA,NA,NA,NA,NA,NA,NA,NA,NA,NA,NA,NA,NA,NA,NA,NA,NA,NA,NA
"1669",NA,NA,"PR",2023-10-31,NA,NA,NA,NA,NA,NA,NA,NA,NA,NA,NA,NA,NA,NA,NA,NA,NA,NA,NA,NA
"1670",NA,NA,"PR",2023-11-01,NA,NA,NA,NA,NA,NA,NA,NA,NA,NA,NA,NA,NA,NA,NA,NA,NA,NA,NA,NA
"1671",NA,NA,"PR",2023-11-02,NA,NA,NA,NA,NA,NA,NA,NA,NA,NA,NA,NA,NA,NA,NA,NA,NA,NA,NA,NA
"1672",NA,NA,"PR",2023-11-03,NA,NA,NA,NA,NA,NA,NA,NA,NA,NA,NA,NA,NA,NA,NA,NA,NA,NA,NA,NA
"1673",NA,NA,"PR",2023-11-04,NA,NA,NA,NA,NA,NA,NA,NA,NA,NA,NA,NA,NA,NA,NA,NA,NA,NA,NA,NA
"1674",NA,NA,"PR",2023-11-05,NA,NA,NA,NA,NA,NA,NA,NA,NA,NA,NA,NA,NA,NA,NA,NA,NA,NA,NA,NA
"1675",NA,NA,"PR",2023-11-06,NA,NA,NA,NA,NA,NA,NA,NA,NA,NA,NA,NA,NA,NA,NA,NA,NA,NA,NA,NA
"1676",NA,NA,"PR",2023-11-07,NA,NA,NA,NA,NA,NA,NA,NA,NA,NA,NA,NA,NA,NA,NA,NA,NA,NA,NA,NA
"1677",NA,NA,"PR",2023-11-08,NA,NA,NA,NA,NA,NA,NA,NA,NA,NA,NA,NA,NA,NA,NA,NA,NA,NA,NA,NA
"1678",NA,NA,"PR",2023-11-09,NA,NA,NA,NA,NA,NA,NA,NA,NA,NA,NA,NA,NA,NA,NA,NA,NA,NA,NA,NA
"1679",NA,NA,"PR",2023-11-10,NA,NA,NA,NA,NA,NA,NA,NA,NA,NA,NA,NA,NA,NA,NA,NA,NA,NA,NA,NA
"1680",NA,NA,"PR",2023-11-11,NA,NA,NA,NA,NA,NA,NA,NA,NA,NA,NA,NA,NA,NA,NA,NA,NA,NA,NA,NA
"1681",NA,NA,"RI",2023-10-01,NA,NA,NA,NA,NA,NA,NA,NA,NA,NA,NA,NA,NA,NA,NA,NA,NA,NA,NA,NA
"1682",NA,NA,"RI",2023-10-02,NA,NA,NA,NA,NA,NA,NA,NA,NA,NA,NA,NA,NA,NA,NA,NA,NA,NA,NA,NA
"1683",NA,NA,"RI",2023-10-03,NA,NA,NA,NA,NA,NA,NA,NA,NA,NA,NA,NA,NA,NA,NA,NA,NA,NA,NA,NA
"1684",NA,NA,"RI",2023-10-04,NA,NA,NA,NA,NA,NA,NA,NA,NA,NA,NA,NA,NA,NA,NA,NA,NA,NA,NA,NA
"1685",NA,NA,"RI",2023-10-05,NA,NA,NA,NA,NA,NA,NA,NA,NA,NA,NA,NA,NA,NA,NA,NA,NA,NA,NA,NA
"1686",NA,NA,"RI",2023-10-06,NA,NA,NA,NA,NA,NA,NA,NA,NA,NA,NA,NA,NA,NA,NA,NA,NA,NA,NA,NA
"1687",NA,NA,"RI",2023-10-07,NA,NA,NA,NA,NA,NA,NA,NA,NA,NA,NA,NA,NA,NA,NA,NA,NA,NA,NA,NA
"1688",NA,NA,"RI",2023-10-08,NA,NA,NA,NA,NA,NA,NA,NA,NA,NA,NA,NA,NA,NA,NA,NA,NA,NA,NA,NA
"1689",NA,NA,"RI",2023-10-09,NA,NA,NA,NA,NA,NA,NA,NA,NA,NA,NA,NA,NA,NA,NA,NA,NA,NA,NA,NA
"1690",NA,NA,"RI",2023-10-10,NA,NA,NA,NA,NA,NA,NA,NA,NA,NA,NA,NA,NA,NA,NA,NA,NA,NA,NA,NA
"1691",NA,NA,"RI",2023-10-11,NA,NA,NA,NA,NA,NA,NA,NA,NA,NA,NA,NA,NA,NA,NA,NA,NA,NA,NA,NA
"1692",NA,NA,"RI",2023-10-12,NA,NA,NA,NA,NA,NA,NA,NA,NA,NA,NA,NA,NA,NA,NA,NA,NA,NA,NA,NA
"1693",NA,NA,"RI",2023-10-13,NA,NA,NA,NA,NA,NA,NA,NA,NA,NA,NA,NA,NA,NA,NA,NA,NA,NA,NA,NA
"1694",NA,NA,"RI",2023-10-14,NA,NA,NA,NA,NA,NA,NA,NA,NA,NA,NA,NA,NA,NA,NA,NA,NA,NA,NA,NA
"1695",NA,NA,"RI",2023-10-15,NA,NA,NA,NA,NA,NA,NA,NA,NA,NA,NA,NA,NA,NA,NA,NA,NA,NA,NA,NA
"1696",NA,NA,"RI",2023-10-16,NA,NA,NA,NA,NA,NA,NA,NA,NA,NA,NA,NA,NA,NA,NA,NA,NA,NA,NA,NA
"1697",NA,NA,"RI",2023-10-17,NA,NA,NA,NA,NA,NA,NA,NA,NA,NA,NA,NA,NA,NA,NA,NA,NA,NA,NA,NA
"1698",NA,NA,"RI",2023-10-18,NA,NA,NA,NA,NA,NA,NA,NA,NA,NA,NA,NA,NA,NA,NA,NA,NA,NA,NA,NA
"1699",NA,NA,"RI",2023-10-19,NA,NA,NA,NA,NA,NA,NA,NA,NA,NA,NA,NA,NA,NA,NA,NA,NA,NA,NA,NA
"1700",NA,NA,"RI",2023-10-20,NA,NA,NA,NA,NA,NA,NA,NA,NA,NA,NA,NA,NA,NA,NA,NA,NA,NA,NA,NA
"1701",NA,NA,"RI",2023-10-21,NA,NA,NA,NA,NA,NA,NA,NA,NA,NA,NA,NA,NA,NA,NA,NA,NA,NA,NA,NA
"1702",NA,NA,"RI",2023-10-22,NA,NA,NA,NA,NA,NA,NA,NA,NA,NA,NA,NA,NA,NA,NA,NA,NA,NA,NA,NA
"1703",NA,NA,"RI",2023-10-23,NA,NA,NA,NA,NA,NA,NA,NA,NA,NA,NA,NA,NA,NA,NA,NA,NA,NA,NA,NA
"1704",0.611227994912519,0.431212737603923,"RI",2023-10-24,1,1,1,1,0,1,1,1,1,1,1,1,1,1,0,1,0,1,1,1
"1705",NA,NA,"RI",2023-10-25,NA,NA,NA,NA,NA,NA,NA,NA,NA,NA,NA,NA,NA,NA,NA,NA,NA,NA,NA,NA
"1706",NA,NA,"RI",2023-10-26,NA,NA,NA,NA,NA,NA,NA,NA,NA,NA,NA,NA,NA,NA,NA,NA,NA,NA,NA,NA
"1707",NA,NA,"RI",2023-10-27,NA,NA,NA,NA,NA,NA,NA,NA,NA,NA,NA,NA,NA,NA,NA,NA,NA,NA,NA,NA
"1708",NA,NA,"RI",2023-10-28,NA,NA,NA,NA,NA,NA,NA,NA,NA,NA,NA,NA,NA,NA,NA,NA,NA,NA,NA,NA
"1709",NA,NA,"RI",2023-10-29,NA,NA,NA,NA,NA,NA,NA,NA,NA,NA,NA,NA,NA,NA,NA,NA,NA,NA,NA,NA
"1710",NA,NA,"RI",2023-10-30,NA,NA,NA,NA,NA,NA,NA,NA,NA,NA,NA,NA,NA,NA,NA,NA,NA,NA,NA,NA
"1711",NA,NA,"RI",2023-10-31,NA,NA,NA,NA,NA,NA,NA,NA,NA,NA,NA,NA,NA,NA,NA,NA,NA,NA,NA,NA
"1712",NA,NA,"RI",2023-11-01,NA,NA,NA,NA,NA,NA,NA,NA,NA,NA,NA,NA,NA,NA,NA,NA,NA,NA,NA,NA
"1713",NA,NA,"RI",2023-11-02,NA,NA,NA,NA,NA,NA,NA,NA,NA,NA,NA,NA,NA,NA,NA,NA,NA,NA,NA,NA
"1714",NA,NA,"RI",2023-11-03,NA,NA,NA,NA,NA,NA,NA,NA,NA,NA,NA,NA,NA,NA,NA,NA,NA,NA,NA,NA
"1715",NA,NA,"RI",2023-11-04,NA,NA,NA,NA,NA,NA,NA,NA,NA,NA,NA,NA,NA,NA,NA,NA,NA,NA,NA,NA
"1716",NA,NA,"RI",2023-11-05,NA,NA,NA,NA,NA,NA,NA,NA,NA,NA,NA,NA,NA,NA,NA,NA,NA,NA,NA,NA
"1717",0.41848200007841,0.310748098396192,"RI",2023-11-06,1,1,1,1,1,1,1,1,1,1,1,1,1,1,1,1,1,1,1,1
"1718",NA,NA,"RI",2023-11-07,NA,NA,NA,NA,NA,NA,NA,NA,NA,NA,NA,NA,NA,NA,NA,NA,NA,NA,NA,NA
"1719",NA,NA,"RI",2023-11-08,NA,NA,NA,NA,NA,NA,NA,NA,NA,NA,NA,NA,NA,NA,NA,NA,NA,NA,NA,NA
"1720",NA,NA,"RI",2023-11-09,NA,NA,NA,NA,NA,NA,NA,NA,NA,NA,NA,NA,NA,NA,NA,NA,NA,NA,NA,NA
"1721",NA,NA,"RI",2023-11-10,NA,NA,NA,NA,NA,NA,NA,NA,NA,NA,NA,NA,NA,NA,NA,NA,NA,NA,NA,NA
"1722",NA,NA,"RI",2023-11-11,NA,NA,NA,NA,NA,NA,NA,NA,NA,NA,NA,NA,NA,NA,NA,NA,NA,NA,NA,NA
"1723",NA,NA,"SC",2023-10-01,NA,NA,NA,NA,NA,NA,NA,NA,NA,NA,NA,NA,NA,NA,NA,NA,NA,NA,NA,NA
"1724",1.91104299289311,0.330200142581174,"SC",2023-10-02,1,1,1,1,1,1,0,1,1,1,0,0,1,1,0,1,0,1,1,1
"1725",1.57044093008245,0.463379484580053,"SC",2023-10-03,1,1,0,1,1,0,1,1,1,1,1,1,1,1,1,0,0,1,1,1
"1726",0.946555471423753,0.431916023137795,"SC",2023-10-04,1,1,1,1,1,1,1,1,0,1,1,0,0,1,0,1,0,1,0,1
"1727",2.26531902659689,0.302856260645249,"SC",2023-10-05,1,1,0,1,1,1,1,1,1,1,1,0,0,1,1,1,0,1,1,1
"1728",NA,NA,"SC",2023-10-06,NA,NA,NA,NA,NA,NA,NA,NA,NA,NA,NA,NA,NA,NA,NA,NA,NA,NA,NA,NA
"1729",NA,NA,"SC",2023-10-07,NA,NA,NA,NA,NA,NA,NA,NA,NA,NA,NA,NA,NA,NA,NA,NA,NA,NA,NA,NA
"1730",NA,NA,"SC",2023-10-08,NA,NA,NA,NA,NA,NA,NA,NA,NA,NA,NA,NA,NA,NA,NA,NA,NA,NA,NA,NA
"1731",NA,NA,"SC",2023-10-09,NA,NA,NA,NA,NA,NA,NA,NA,NA,NA,NA,NA,NA,NA,NA,NA,NA,NA,NA,NA
"1732",0.461695197295567,0.321236815877195,"SC",2023-10-10,1,1,1,1,1,1,1,1,1,1,1,1,0,1,1,1,0,1,1,1
"1733",0.657840587033635,0.436443507072569,"SC",2023-10-11,1,0,1,1,1,1,1,1,1,1,1,0,1,1,1,1,0,1,1,1
"1734",0.769965119695762,0.411612077520484,"SC",2023-10-12,1,1,1,1,0,1,1,1,1,1,1,0,0,1,0,1,1,1,0,1
"1735",0.886906178188136,0.457995227935351,"SC",2023-10-13,1,1,1,1,1,1,1,1,0,1,1,0,1,1,1,1,1,1,0,1
"1736",0.444676940444964,0.338594902387723,"SC",2023-10-14,1,1,1,1,1,1,1,1,1,1,1,1,1,1,1,0,0,1,1,1
"1737",NA,NA,"SC",2023-10-15,NA,NA,NA,NA,NA,NA,NA,NA,NA,NA,NA,NA,NA,NA,NA,NA,NA,NA,NA,NA
"1738",6.94752599300868,0.526739187335494,"SC",2023-10-16,1,0,0,1,1,1,0,1,0,1,1,1,0,0,0,0,0,1,0,1
"1739",0.836879819491956,0.412797627638754,"SC",2023-10-17,1,1,1,1,1,1,1,0,1,1,1,0,1,1,1,1,1,0,1,1
"1740",1.25632047329181,0.404739871822828,"SC",2023-10-18,1,1,0,1,1,1,1,1,1,0,1,1,0,1,0,1,0,1,0,0
"1741",1.86147435771265,0.555047755537454,"SC",2023-10-19,1,1,1,1,1,0,1,1,0,1,1,0,1,1,1,0,1,1,0,1
"1742",0.431004677267667,0.312692833255289,"SC",2023-10-20,1,1,1,1,1,1,1,1,1,1,1,1,1,1,1,1,1,1,1,1
"1743",NA,NA,"SC",2023-10-21,NA,NA,NA,NA,NA,NA,NA,NA,NA,NA,NA,NA,NA,NA,NA,NA,NA,NA,NA,NA
"1744",0.433796942940747,0.342554818002182,"SC",2023-10-22,1,1,1,1,1,1,1,1,1,1,1,0,1,1,1,1,0,1,1,1
"1745",0.445344081551019,0.316213800788301,"SC",2023-10-23,1,1,1,1,1,1,1,1,1,1,1,1,0,1,1,1,0,1,1,1
"1746",1.49387272353275,0.463072921234549,"SC",2023-10-24,1,1,0,1,1,1,1,0,1,1,1,1,1,1,0,0,1,0,1,1
"1747",0.42809360350813,0.344726579322636,"SC",2023-10-25,1,1,1,1,1,1,1,1,1,1,1,1,1,1,0,1,0,1,1,1
"1748",0.575774705770093,0.353866118302364,"SC",2023-10-26,1,1,1,1,1,1,1,1,1,1,1,1,0,1,1,0,1,1,1,1
"1749",0.699826297863886,0.394011204234482,"SC",2023-10-27,1,1,1,1,1,0,1,1,1,1,1,0,0,1,1,0,0,1,1,1
"1750",0.645448215417023,0.388766281559639,"SC",2023-10-28,1,0,1,1,1,1,1,1,1,1,0,0,1,1,1,1,1,1,1,1
"1751",NA,NA,"SC",2023-10-29,NA,NA,NA,NA,NA,NA,NA,NA,NA,NA,NA,NA,NA,NA,NA,NA,NA,NA,NA,NA
"1752",0.798811686874401,0.429191820474049,"SC",2023-10-30,1,1,1,1,0,1,1,1,1,1,1,0,0,1,0,1,0,1,1,1
"1753",NA,NA,"SC",2023-10-31,NA,NA,NA,NA,NA,NA,NA,NA,NA,NA,NA,NA,NA,NA,NA,NA,NA,NA,NA,NA
"1754",0.805379576236872,0.442188295918485,"SC",2023-11-01,1,1,1,1,0,1,1,1,1,1,0,1,0,1,0,1,0,1,1,1
"1755",0.463482433695424,0.342609949496046,"SC",2023-11-02,1,1,1,1,1,1,1,1,1,1,1,0,0,1,0,1,0,1,1,1
"1756",1.00355490376216,0.424535330529469,"SC",2023-11-03,0,1,1,1,1,1,1,1,1,1,0,1,1,1,0,1,0,1,0,1
"1757",1.02219510233222,0.33689083081272,"SC",2023-11-04,1,1,0,1,1,1,1,1,1,1,1,0,0,1,1,1,0,1,1,1
"1758",1.00273516168253,0.339096927075838,"SC",2023-11-05,1,1,0,1,1,1,1,1,1,1,1,0,0,1,1,1,1,1,1,1
"1759",2.22399167756904,0.488146190357772,"SC",2023-11-06,1,1,1,1,0,1,1,1,1,1,1,0,1,1,0,1,0,1,1,1
"1760",1.61990520835003,0.343715742928959,"SC",2023-11-07,1,1,0,1,1,1,1,1,1,1,1,0,0,1,1,1,1,1,1,1
"1761",1.20958605641282,0.424319052511163,"SC",2023-11-08,0,1,1,1,1,1,0,1,1,1,0,0,1,1,1,1,0,1,1,0
"1762",0.709327317315218,0.416702373290049,"SC",2023-11-09,1,1,1,1,0,1,1,1,1,1,1,0,0,1,1,0,0,1,1,1
"1763",0.479462145831867,0.357241965567945,"SC",2023-11-10,1,1,1,1,1,1,1,1,1,1,1,1,1,1,1,1,1,1,1,1
"1764",NA,NA,"SC",2023-11-11,NA,NA,NA,NA,NA,NA,NA,NA,NA,NA,NA,NA,NA,NA,NA,NA,NA,NA,NA,NA
"1765",0.427433682172075,0.297366895500452,"SD",2023-10-01,1,1,1,1,1,1,1,1,1,1,1,1,0,1,0,1,0,1,1,1
"1766",1.4697476663917,0.441676913536214,"SD",2023-10-02,0,1,1,1,1,1,0,1,1,1,1,0,0,1,1,1,0,1,1,1
"1767",0.969382544910894,0.371347990989695,"SD",2023-10-03,1,1,1,1,1,1,1,0,1,1,1,1,1,1,1,0,1,0,1,1
"1768",1.16018166578613,0.566672406562342,"SD",2023-10-04,1,1,1,1,1,0,1,0,1,1,1,0,1,1,1,0,0,0,1,1
"1769",0.735645879573912,0.538068494292414,"SD",2023-10-05,1,1,1,1,1,0,1,1,1,1,1,1,1,1,1,0,0,1,1,1
"1770",NA,NA,"SD",2023-10-06,NA,NA,NA,NA,NA,NA,NA,NA,NA,NA,NA,NA,NA,NA,NA,NA,NA,NA,NA,NA
"1771",NA,NA,"SD",2023-10-07,NA,NA,NA,NA,NA,NA,NA,NA,NA,NA,NA,NA,NA,NA,NA,NA,NA,NA,NA,NA
"1772",NA,NA,"SD",2023-10-08,NA,NA,NA,NA,NA,NA,NA,NA,NA,NA,NA,NA,NA,NA,NA,NA,NA,NA,NA,NA
"1773",NA,NA,"SD",2023-10-09,NA,NA,NA,NA,NA,NA,NA,NA,NA,NA,NA,NA,NA,NA,NA,NA,NA,NA,NA,NA
"1774",0.388823127305794,0.287259909879884,"SD",2023-10-10,1,1,1,1,1,1,1,1,1,1,1,1,0,1,1,1,0,1,1,1
"1775",NA,NA,"SD",2023-10-11,NA,NA,NA,NA,NA,NA,NA,NA,NA,NA,NA,NA,NA,NA,NA,NA,NA,NA,NA,NA
"1776",NA,NA,"SD",2023-10-12,NA,NA,NA,NA,NA,NA,NA,NA,NA,NA,NA,NA,NA,NA,NA,NA,NA,NA,NA,NA
"1777",NA,NA,"SD",2023-10-13,NA,NA,NA,NA,NA,NA,NA,NA,NA,NA,NA,NA,NA,NA,NA,NA,NA,NA,NA,NA
"1778",NA,NA,"SD",2023-10-14,NA,NA,NA,NA,NA,NA,NA,NA,NA,NA,NA,NA,NA,NA,NA,NA,NA,NA,NA,NA
"1779",NA,NA,"SD",2023-10-15,NA,NA,NA,NA,NA,NA,NA,NA,NA,NA,NA,NA,NA,NA,NA,NA,NA,NA,NA,NA
"1780",0.464849834207116,0.314158038891771,"SD",2023-10-16,1,1,1,1,1,1,1,1,1,1,1,1,0,1,1,0,1,1,1,1
"1781",0.462819461947935,0.315346913553281,"SD",2023-10-17,1,1,1,1,1,1,1,1,1,1,1,1,0,1,0,1,1,1,1,1
"1782",NA,NA,"SD",2023-10-18,NA,NA,NA,NA,NA,NA,NA,NA,NA,NA,NA,NA,NA,NA,NA,NA,NA,NA,NA,NA
"1783",0.393086641791022,0.278680757214885,"SD",2023-10-19,1,1,1,1,1,1,1,1,1,1,1,1,1,1,1,1,1,1,1,1
"1784",NA,NA,"SD",2023-10-20,NA,NA,NA,NA,NA,NA,NA,NA,NA,NA,NA,NA,NA,NA,NA,NA,NA,NA,NA,NA
"1785",NA,NA,"SD",2023-10-21,NA,NA,NA,NA,NA,NA,NA,NA,NA,NA,NA,NA,NA,NA,NA,NA,NA,NA,NA,NA
"1786",NA,NA,"SD",2023-10-22,NA,NA,NA,NA,NA,NA,NA,NA,NA,NA,NA,NA,NA,NA,NA,NA,NA,NA,NA,NA
"1787",NA,NA,"SD",2023-10-23,NA,NA,NA,NA,NA,NA,NA,NA,NA,NA,NA,NA,NA,NA,NA,NA,NA,NA,NA,NA
"1788",0.388536763209565,0.274370034347369,"SD",2023-10-24,1,1,1,1,1,1,1,1,1,1,1,1,1,1,0,1,0,1,1,1
"1789",NA,NA,"SD",2023-10-25,NA,NA,NA,NA,NA,NA,NA,NA,NA,NA,NA,NA,NA,NA,NA,NA,NA,NA,NA,NA
"1790",NA,NA,"SD",2023-10-26,NA,NA,NA,NA,NA,NA,NA,NA,NA,NA,NA,NA,NA,NA,NA,NA,NA,NA,NA,NA
"1791",0.464663568153482,0.328066157017182,"SD",2023-10-27,1,1,1,1,1,1,1,1,1,1,1,0,0,1,1,1,1,1,1,1
"1792",NA,NA,"SD",2023-10-28,NA,NA,NA,NA,NA,NA,NA,NA,NA,NA,NA,NA,NA,NA,NA,NA,NA,NA,NA,NA
"1793",NA,NA,"SD",2023-10-29,NA,NA,NA,NA,NA,NA,NA,NA,NA,NA,NA,NA,NA,NA,NA,NA,NA,NA,NA,NA
"1794",NA,NA,"SD",2023-10-30,NA,NA,NA,NA,NA,NA,NA,NA,NA,NA,NA,NA,NA,NA,NA,NA,NA,NA,NA,NA
"1795",NA,NA,"SD",2023-10-31,NA,NA,NA,NA,NA,NA,NA,NA,NA,NA,NA,NA,NA,NA,NA,NA,NA,NA,NA,NA
"1796",NA,NA,"SD",2023-11-01,NA,NA,NA,NA,NA,NA,NA,NA,NA,NA,NA,NA,NA,NA,NA,NA,NA,NA,NA,NA
"1797",0.949894320799754,0.267389006489809,"SD",2023-11-02,1,1,1,1,1,1,0,1,1,1,1,1,1,1,1,1,1,1,1,1
"1798",0.472514659609563,0.338073722101939,"SD",2023-11-03,1,1,1,1,1,1,1,1,1,1,1,1,0,1,1,1,0,1,1,1
"1799",NA,NA,"SD",2023-11-04,NA,NA,NA,NA,NA,NA,NA,NA,NA,NA,NA,NA,NA,NA,NA,NA,NA,NA,NA,NA
"1800",0.684969912472705,0.485780044177251,"SD",2023-11-05,1,1,1,1,0,1,1,1,1,1,1,1,1,1,0,0,1,1,1,1
"1801",0.755287750353442,0.529783895910003,"SD",2023-11-06,1,0,1,1,1,1,1,1,1,1,1,0,1,1,1,1,0,1,1,1
"1802",0.458571786687062,0.344309127549207,"SD",2023-11-07,1,1,1,1,1,1,1,1,1,1,1,1,0,1,0,1,1,1,1,1
"1803",0.822047356193645,0.576306476772542,"SD",2023-11-08,1,1,1,1,1,1,1,0,1,1,1,1,1,1,1,1,0,0,1,1
"1804",0.414346966851857,0.262700142438754,"SD",2023-11-09,1,1,1,1,1,1,1,1,1,1,1,1,1,1,0,1,0,1,1,1
"1805",0.414713941137362,0.262090418265903,"SD",2023-11-10,1,1,1,1,1,1,1,1,1,1,1,1,1,1,0,1,0,1,1,1
"1806",0.418790454158396,0.261497248126409,"SD",2023-11-11,1,1,1,1,1,1,1,1,1,1,1,1,1,1,1,1,0,1,1,0
"1807",0.861069379934048,0.43177469585452,"TN",2023-10-01,1,0,1,1,1,1,1,1,1,1,1,0,0,1,1,1,1,1,1,1
"1808",1.51785787479992,0.512297102348175,"TN",2023-10-02,1,1,0,1,1,0,1,0,0,1,1,1,0,1,0,0,1,0,0,1
"1809",0.356691573789373,0.282006052768845,"TN",2023-10-03,1,1,1,1,1,1,1,1,1,1,1,1,1,1,1,1,1,1,1,1
"1810",2.20456517962117,0.387849236609115,"TN",2023-10-04,1,0,0,1,1,1,1,1,1,1,1,0,1,1,1,0,1,0,0,1
"1811",1.47824702761144,0.364789956283081,"TN",2023-10-05,1,1,1,1,1,1,1,1,1,0,0,1,0,1,1,1,0,1,0,0
"1812",1.91971496233145,0.578749158123077,"TN",2023-10-06,1,0,1,1,1,1,1,0,1,1,1,0,0,1,1,1,0,0,1,1
"1813",NA,NA,"TN",2023-10-07,NA,NA,NA,NA,NA,NA,NA,NA,NA,NA,NA,NA,NA,NA,NA,NA,NA,NA,NA,NA
"1814",0.817536849237078,0.581225012644301,"TN",2023-10-08,1,0,1,1,1,1,1,1,1,1,1,0,1,1,0,1,1,1,1,1
"1815",1.96104264915427,0.509985307542437,"TN",2023-10-09,1,1,1,1,0,1,0,0,1,0,0,1,1,1,0,1,0,0,1,0
"1816",1.37470157629821,0.438583213397532,"TN",2023-10-10,1,1,1,1,0,1,1,1,1,1,1,0,0,1,0,1,0,1,1,1
"1817",0.817786988787736,0.41831972593571,"TN",2023-10-11,1,1,1,1,1,0,1,1,1,1,1,1,1,1,0,0,1,1,1,1
"1818",1.42317119380988,0.254476975964004,"TN",2023-10-12,1,1,1,1,1,1,0,1,1,1,1,0,0,1,1,1,0,1,1,1
"1819",0.365076628910223,0.252387840473904,"TN",2023-10-13,1,1,1,1,1,1,1,1,1,1,1,1,1,1,1,1,1,1,1,1
"1820",NA,NA,"TN",2023-10-14,NA,NA,NA,NA,NA,NA,NA,NA,NA,NA,NA,NA,NA,NA,NA,NA,NA,NA,NA,NA
"1821",0.345616654316977,0.248508086974761,"TN",2023-10-15,1,1,1,1,1,1,1,1,1,1,1,1,0,1,1,1,0,1,1,1
"1822",1.60863253981606,0.428561549078677,"TN",2023-10-16,1,1,1,1,1,1,1,1,0,1,1,1,0,1,1,1,0,0,0,1
"1823",1.32409647139827,0.44013614600436,"TN",2023-10-17,0,1,1,1,1,1,1,1,0,1,0,0,0,1,0,1,1,1,0,0
"1824",2.01932189663721,0.359828802989645,"TN",2023-10-18,1,1,1,1,1,1,0,1,1,0,0,0,0,1,1,0,0,0,1,0
"1825",1.28576980244916,0.511834165739733,"TN",2023-10-19,1,1,1,1,1,0,0,1,1,0,1,0,1,1,1,0,0,1,1,0
"1826",2.27718789892565,0.383037417654842,"TN",2023-10-20,1,0,1,1,1,1,1,1,1,0,1,0,0,1,0,0,1,1,1,0
"1827",2.59261927053373,0.361896139464124,"TN",2023-10-21,1,1,0,1,1,1,0,1,1,1,1,0,0,1,1,1,0,0,0,1
"1828",2.34309313090229,0.380696746049181,"TN",2023-10-22,0,1,0,0,1,1,0,1,1,0,0,1,0,0,1,0,0,0,0,0
"1829",2.20762248086844,0.455253872739486,"TN",2023-10-23,1,0,0,1,1,1,1,0,1,1,1,0,0,1,0,1,1,0,1,1
"1830",0.810284714684049,0.236803739142162,"TN",2023-10-24,1,1,1,1,1,1,0,1,1,1,1,1,1,1,1,1,1,1,1,1
"1831",0.330107370183572,0.236168217013873,"TN",2023-10-25,1,1,1,1,1,1,1,1,1,1,1,1,1,1,0,1,0,1,1,1
"1832",1.14874387570787,0.369396734418509,"TN",2023-10-26,1,1,0,1,1,1,1,1,1,1,1,1,0,1,1,1,0,1,1,1
"1833",NA,NA,"TN",2023-10-27,NA,NA,NA,NA,NA,NA,NA,NA,NA,NA,NA,NA,NA,NA,NA,NA,NA,NA,NA,NA
"1834",0.789760271340915,0.235160834503555,"TN",2023-10-28,1,1,1,1,1,1,0,1,1,1,1,1,0,1,1,1,0,0,1,1
"1835",NA,NA,"TN",2023-10-29,NA,NA,NA,NA,NA,NA,NA,NA,NA,NA,NA,NA,NA,NA,NA,NA,NA,NA,NA,NA
"1836",1.26600028982197,0.379307250898714,"TN",2023-10-30,1,0,0,1,1,1,1,1,1,1,1,0,0,1,0,1,0,0,1,1
"1837",1.4443007600633,0.409644195817322,"TN",2023-10-31,1,0,1,1,1,1,1,1,1,1,1,1,1,1,0,0,0,1,0,1
"1838",1.32151453549881,0.397480593048986,"TN",2023-11-01,1,1,1,1,1,1,1,0,1,1,1,1,0,1,0,1,1,0,1,1
"1839",0.60968321169536,0.369729072513973,"TN",2023-11-02,1,1,1,1,0,1,1,1,1,1,1,1,0,1,0,1,0,0,1,1
"1840",1.12466532125395,0.470987168063973,"TN",2023-11-03,1,1,1,1,1,0,1,1,1,0,1,1,0,1,1,0,1,1,1,0
"1841",0.992927689456379,0.481570907281711,"TN",2023-11-04,1,0,1,1,1,1,1,1,1,1,1,0,0,1,1,1,1,1,1,1
"1842",0.765392039194401,0.239570515154814,"TN",2023-11-05,1,1,1,1,1,1,0,1,1,1,1,1,1,1,0,1,0,1,1,1
"1843",1.29011988494484,0.321674043650423,"TN",2023-11-06,1,0,1,1,1,1,0,1,1,1,1,1,0,1,0,0,0,1,1,1
"1844",0.975860546319536,0.349172877862611,"TN",2023-11-07,1,0,1,1,1,1,1,1,1,1,1,0,0,1,1,1,1,1,1,1
"1845",0.826034547422865,0.583026190691734,"TN",2023-11-08,1,1,1,1,1,1,1,1,0,1,1,0,1,1,1,1,1,1,0,1
"1846",1.02293871164736,0.354960008986621,"TN",2023-11-09,1,1,0,1,1,1,1,1,1,1,1,1,0,1,1,1,0,1,1,1
"1847",0.855127310428965,0.597365712326805,"TN",2023-11-10,1,1,1,1,1,1,1,1,1,0,1,1,1,1,1,1,0,1,1,0
"1848",NA,NA,"TN",2023-11-11,NA,NA,NA,NA,NA,NA,NA,NA,NA,NA,NA,NA,NA,NA,NA,NA,NA,NA,NA,NA
"1849",1.15830103203775,0.386676982994586,"TX",2023-10-01,1,1,1,1,1,1,0,1,1,1,1,0,1,1,0,1,1,1,1,1
"1850",2.77517319231562,0.383865625131322,"TX",2023-10-02,0,1,1,1,1,1,0,1,1,1,0,1,0,1,0,1,0,1,1,1
"1851",2.12706920725455,0.440197278526979,"TX",2023-10-03,1,1,0,1,1,1,1,1,0,1,1,0,0,1,1,0,0,1,0,1
"1852",1.86768095790835,0.354359884740763,"TX",2023-10-04,1,1,1,1,1,1,0,1,1,1,0,0,1,1,0,0,0,1,1,1
"1853",1.13026084984995,0.378131081854121,"TX",2023-10-05,1,1,1,1,1,1,0,1,1,1,0,1,0,1,1,0,0,1,0,1
"1854",0.698467543697767,0.388529021736991,"TX",2023-10-06,1,1,1,1,1,1,1,1,1,1,1,0,1,1,0,1,1,1,1,1
"1855",0.705547129969451,0.500518431892664,"TX",2023-10-07,1,1,1,1,1,0,1,1,1,1,1,1,1,1,1,0,0,1,1,1
"1856",NA,NA,"TX",2023-10-08,NA,NA,NA,NA,NA,NA,NA,NA,NA,NA,NA,NA,NA,NA,NA,NA,NA,NA,NA,NA
"1857",0.833507190630606,0.415215072297188,"TX",2023-10-09,0,1,1,1,1,1,1,1,1,1,1,1,1,1,0,0,0,1,1,1
"1858",1.10148281231943,0.371731749127713,"TX",2023-10-10,1,1,1,1,0,1,1,1,1,1,1,1,1,1,0,1,0,1,1,1
"1859",2.20348472124458,0.361184718925877,"TX",2023-10-11,1,1,1,1,1,1,0,1,0,1,1,1,0,1,0,0,0,1,1,1
"1860",1.39321877545854,0.381893530488863,"TX",2023-10-12,1,1,1,1,0,1,1,1,1,1,1,1,0,1,0,0,0,1,1,1
"1861",1.28463032545269,0.520588373469102,"TX",2023-10-13,1,1,1,1,1,1,1,1,1,0,0,1,1,1,0,0,0,1,1,0
"1862",NA,NA,"TX",2023-10-14,NA,NA,NA,NA,NA,NA,NA,NA,NA,NA,NA,NA,NA,NA,NA,NA,NA,NA,NA,NA
"1863",NA,NA,"TX",2023-10-15,NA,NA,NA,NA,NA,NA,NA,NA,NA,NA,NA,NA,NA,NA,NA,NA,NA,NA,NA,NA
"1864",1.24742751968315,0.501247057787095,"TX",2023-10-16,1,1,1,1,1,1,1,0,0,1,1,0,0,1,1,1,0,0,0,1
"1865",0.954782825533683,0.467348456937388,"TX",2023-10-17,1,1,1,0,1,1,1,1,1,1,1,1,0,0,1,0,0,1,1,1
"1866",2.14832226305008,0.322786073549187,"TX",2023-10-18,1,1,1,1,1,1,0,1,1,1,1,1,0,1,0,1,0,1,0,1
"1867",1.08614276357706,0.366436250612489,"TX",2023-10-19,1,1,1,1,1,1,0,1,1,1,1,1,0,1,1,1,0,1,0,1
"1868",0.986098508898225,0.288771586922052,"TX",2023-10-20,1,1,1,1,1,1,0,1,1,1,1,1,1,1,1,0,0,1,1,1
"1869",NA,NA,"TX",2023-10-21,NA,NA,NA,NA,NA,NA,NA,NA,NA,NA,NA,NA,NA,NA,NA,NA,NA,NA,NA,NA
"1870",0.831469030841158,0.596648403983666,"TX",2023-10-22,1,1,1,1,1,1,1,0,1,1,1,1,0,1,1,1,1,0,1,1
"1871",0.952713848431765,0.434774469394551,"TX",2023-10-23,1,1,1,1,1,1,1,1,0,1,1,0,0,1,0,1,1,1,0,1
"1872",1.12914212764035,0.343678345307678,"TX",2023-10-24,1,1,0,1,1,1,1,1,1,1,1,1,0,1,1,1,0,1,1,1
"1873",1.3141184348824,0.434560918362446,"TX",2023-10-25,1,1,1,1,0,1,1,1,1,1,1,0,1,1,0,0,1,0,1,1
"1874",1.13962192750318,0.377377291041687,"TX",2023-10-26,1,1,1,1,1,1,0,1,0,1,1,1,0,1,0,1,0,1,0,0
"1875",0.639891814005427,0.371936996643485,"TX",2023-10-27,1,1,1,1,1,1,1,1,1,1,1,0,1,1,1,1,0,1,1,1
"1876",NA,NA,"TX",2023-10-28,NA,NA,NA,NA,NA,NA,NA,NA,NA,NA,NA,NA,NA,NA,NA,NA,NA,NA,NA,NA
"1877",NA,NA,"TX",2023-10-29,NA,NA,NA,NA,NA,NA,NA,NA,NA,NA,NA,NA,NA,NA,NA,NA,NA,NA,NA,NA
"1878",1.24527523721212,0.29262642951689,"TX",2023-10-30,1,1,1,1,1,1,0,1,1,1,1,1,1,1,1,1,1,1,1,1
"1879",0.734076187442077,0.534663230562885,"TX",2023-10-31,1,1,1,1,1,0,1,1,1,1,1,1,1,1,1,1,1,1,1,1
"1880",2.03309504980845,0.371560455937674,"TX",2023-11-01,0,1,0,1,1,1,0,1,0,1,0,0,0,1,1,1,0,1,0,1
"1881",0.923437246173153,0.336034421310587,"TX",2023-11-02,1,1,1,1,1,1,1,1,1,1,1,1,0,1,0,1,0,1,1,1
"1882",0.888728514944054,0.386769572126267,"TX",2023-11-03,1,1,1,1,1,1,1,1,1,1,1,1,0,1,0,0,0,1,1,1
"1883",NA,NA,"TX",2023-11-04,NA,NA,NA,NA,NA,NA,NA,NA,NA,NA,NA,NA,NA,NA,NA,NA,NA,NA,NA,NA
"1884",0.396426519318813,0.26555709890879,"TX",2023-11-05,1,1,1,1,1,1,1,1,1,1,1,1,0,1,1,1,0,1,1,1
"1885",1.68599556671275,0.42194343111392,"TX",2023-11-06,0,1,1,1,1,1,1,1,1,1,0,0,0,1,0,1,1,1,0,1
"1886",1.70145888818492,0.509851448220139,"TX",2023-11-07,1,1,1,1,0,1,0,0,1,1,1,0,0,1,0,1,0,0,1,1
"1887",1.6804322607321,0.332169120060481,"TX",2023-11-08,1,1,1,1,1,1,0,1,1,1,1,0,0,1,0,1,0,1,0,1
"1888",1.62547199237526,0.342414848882311,"TX",2023-11-09,1,1,1,1,1,1,1,1,1,1,1,0,0,1,0,0,0,0,1,1
"1889",2.37712373025432,0.30014247093431,"TX",2023-11-10,1,1,1,1,1,1,0,1,1,1,1,0,1,1,0,0,0,1,1,1
"1890",0.617893331336344,0.368424262874193,"TX",2023-11-11,1,1,1,1,1,1,1,1,1,1,1,0,1,1,1,1,0,1,1,1
"1891",NA,NA,"UT",2023-10-01,NA,NA,NA,NA,NA,NA,NA,NA,NA,NA,NA,NA,NA,NA,NA,NA,NA,NA,NA,NA
"1892",0.773140751715055,0.306225715898425,"UT",2023-10-02,1,1,1,1,1,1,0,1,1,1,1,1,1,1,0,1,0,1,1,1
"1893",0.699205838088527,0.381463172513618,"UT",2023-10-03,1,1,1,1,1,0,1,1,1,1,1,1,0,1,1,0,1,1,1,1
"1894",0.477166446429973,0.345380615656936,"UT",2023-10-04,1,1,1,1,1,1,1,1,1,1,1,1,0,1,1,1,0,1,1,1
"1895",3.24908167217348,0.436796574157572,"UT",2023-10-05,1,1,1,1,1,0,0,0,1,1,0,1,0,1,1,1,0,0,1,1
"1896",1.080723764144,0.348489068522025,"UT",2023-10-06,1,1,0,1,1,1,1,1,1,1,1,1,0,1,1,1,0,1,1,1
"1897",NA,NA,"UT",2023-10-07,NA,NA,NA,NA,NA,NA,NA,NA,NA,NA,NA,NA,NA,NA,NA,NA,NA,NA,NA,NA
"1898",NA,NA,"UT",2023-10-08,NA,NA,NA,NA,NA,NA,NA,NA,NA,NA,NA,NA,NA,NA,NA,NA,NA,NA,NA,NA
"1899",0.470753624312378,0.35322631484128,"UT",2023-10-09,1,1,1,1,1,1,1,1,1,1,1,1,0,1,1,1,0,1,1,1
"1900",0.455540128299159,0.314481208261557,"UT",2023-10-10,1,1,1,1,1,1,1,1,1,1,1,1,0,1,0,1,1,1,1,1
"1901",0.759614872442663,0.418150218575962,"UT",2023-10-11,1,1,1,1,1,0,1,1,1,1,1,1,0,1,1,0,0,1,0,1
"1902",1.67743595411454,0.391296457076064,"UT",2023-10-12,1,1,0,1,1,1,0,1,1,1,1,0,0,1,0,0,0,1,1,1
"1903",0.696455957044803,0.491192367153173,"UT",2023-10-13,1,1,1,1,0,1,1,1,1,1,1,1,0,1,0,1,1,1,1,1
"1904",NA,NA,"UT",2023-10-14,NA,NA,NA,NA,NA,NA,NA,NA,NA,NA,NA,NA,NA,NA,NA,NA,NA,NA,NA,NA
"1905",NA,NA,"UT",2023-10-15,NA,NA,NA,NA,NA,NA,NA,NA,NA,NA,NA,NA,NA,NA,NA,NA,NA,NA,NA,NA
"1906",0.949038298991513,0.264493904189891,"UT",2023-10-16,1,1,1,1,1,1,0,1,1,1,1,1,0,1,1,1,0,1,1,1
"1907",0.396588460865253,0.262963696892101,"UT",2023-10-17,1,1,1,1,1,1,1,1,1,1,1,0,1,1,1,1,0,1,1,1
"1908",4.19947712005601,0.424137864065295,"UT",2023-10-18,1,1,0,1,1,1,0,0,1,1,0,1,0,1,0,0,0,0,0,1
"1909",0.873873376493153,0.454071627339186,"UT",2023-10-19,1,0,1,1,1,1,1,1,1,1,1,0,0,1,1,0,0,1,1,1
"1910",NA,NA,"UT",2023-10-20,NA,NA,NA,NA,NA,NA,NA,NA,NA,NA,NA,NA,NA,NA,NA,NA,NA,NA,NA,NA
"1911",NA,NA,"UT",2023-10-21,NA,NA,NA,NA,NA,NA,NA,NA,NA,NA,NA,NA,NA,NA,NA,NA,NA,NA,NA,NA
"1912",NA,NA,"UT",2023-10-22,NA,NA,NA,NA,NA,NA,NA,NA,NA,NA,NA,NA,NA,NA,NA,NA,NA,NA,NA,NA
"1913",1.05511045234271,0.467300283285812,"UT",2023-10-23,1,0,1,1,1,1,1,1,1,1,0,0,0,1,1,1,0,1,1,1
"1914",NA,NA,"UT",2023-10-24,NA,NA,NA,NA,NA,NA,NA,NA,NA,NA,NA,NA,NA,NA,NA,NA,NA,NA,NA,NA
"1915",0.492529189776582,0.379537335867483,"UT",2023-10-25,1,1,1,1,1,1,1,1,1,1,1,1,1,1,1,1,1,1,1,1
"1916",0.49514508889143,0.381207048069301,"UT",2023-10-26,1,1,1,1,1,1,1,1,1,1,1,1,0,1,1,1,0,1,1,1
"1917",0.394846616464549,0.24901585791968,"UT",2023-10-27,1,1,1,1,1,1,1,1,1,1,1,1,1,1,0,1,0,1,1,1
"1918",NA,NA,"UT",2023-10-28,NA,NA,NA,NA,NA,NA,NA,NA,NA,NA,NA,NA,NA,NA,NA,NA,NA,NA,NA,NA
"1919",NA,NA,"UT",2023-10-29,NA,NA,NA,NA,NA,NA,NA,NA,NA,NA,NA,NA,NA,NA,NA,NA,NA,NA,NA,NA
"1920",0.485993387673551,0.387858438967611,"UT",2023-10-30,1,1,1,1,1,1,1,1,1,1,1,1,0,1,0,1,1,1,1,1
"1921",NA,NA,"UT",2023-10-31,NA,NA,NA,NA,NA,NA,NA,NA,NA,NA,NA,NA,NA,NA,NA,NA,NA,NA,NA,NA
"1922",1.9975832263921,0.401292098491558,"UT",2023-11-01,1,0,0,1,1,1,1,1,0,1,1,0,0,1,0,0,0,0,0,1
"1923",1.82171085918288,0.49447478750696,"UT",2023-11-02,1,0,1,1,1,1,1,1,1,0,1,0,1,1,0,1,0,1,1,0
"1924",NA,NA,"UT",2023-11-03,NA,NA,NA,NA,NA,NA,NA,NA,NA,NA,NA,NA,NA,NA,NA,NA,NA,NA,NA,NA
"1925",NA,NA,"UT",2023-11-04,NA,NA,NA,NA,NA,NA,NA,NA,NA,NA,NA,NA,NA,NA,NA,NA,NA,NA,NA,NA
"1926",NA,NA,"UT",2023-11-05,NA,NA,NA,NA,NA,NA,NA,NA,NA,NA,NA,NA,NA,NA,NA,NA,NA,NA,NA,NA
"1927",3.3389098102059,0.387076419786764,"UT",2023-11-06,1,1,1,1,0,1,1,1,1,1,0,0,1,1,0,0,0,1,1,1
"1928",0.494529326183924,0.400785345575305,"UT",2023-11-07,1,1,1,1,1,1,1,1,1,1,1,0,0,1,1,1,1,1,1,1
"1929",NA,NA,"UT",2023-11-08,NA,NA,NA,NA,NA,NA,NA,NA,NA,NA,NA,NA,NA,NA,NA,NA,NA,NA,NA,NA
"1930",1.15226764711361,0.46633380462589,"UT",2023-11-09,0,1,1,1,1,1,1,1,1,0,0,1,0,1,1,1,1,1,0,0
"1931",NA,NA,"UT",2023-11-10,NA,NA,NA,NA,NA,NA,NA,NA,NA,NA,NA,NA,NA,NA,NA,NA,NA,NA,NA,NA
"1932",NA,NA,"UT",2023-11-11,NA,NA,NA,NA,NA,NA,NA,NA,NA,NA,NA,NA,NA,NA,NA,NA,NA,NA,NA,NA
"1933",1.95704952275177,0.425383463567586,"VA",2023-10-01,1,0,1,1,1,1,0,1,1,0,0,0,0,1,1,0,0,1,0,0
"1934",4.26916786294321,0.361773669448064,"VA",2023-10-02,0,1,0,1,1,0,1,1,1,1,0,0,0,1,0,0,0,0,0,1
"1935",1.71062136651537,0.376602533379575,"VA",2023-10-03,1,1,1,1,1,1,1,1,1,1,0,0,0,1,0,0,1,0,0,0
"1936",3.63252621496885,0.348420561334989,"VA",2023-10-04,0,1,0,1,1,1,0,1,1,1,1,0,0,1,0,1,0,0,0,1
"1937",2.42375929581268,0.406129985248828,"VA",2023-10-05,1,1,1,1,0,1,0,1,1,1,1,1,0,1,0,0,0,1,0,0
"1938",2.61450996562131,0.395254230606175,"VA",2023-10-06,1,0,0,1,0,1,1,1,1,1,1,0,0,1,0,0,0,1,0,0
"1939",1.34861257340312,0.360247097292788,"VA",2023-10-07,1,1,1,1,1,1,1,1,1,0,1,1,0,1,0,0,0,1,1,0
"1940",3.37452404297161,0.236975385251314,"VA",2023-10-08,1,1,0,1,1,1,0,1,1,1,1,0,1,1,0,0,0,1,1,1
"1941",2.78282208642155,0.394346630203062,"VA",2023-10-09,1,1,1,1,0,0,1,1,0,1,1,1,0,1,0,0,0,1,0,0
"1942",1.88817431151063,0.360022217543221,"VA",2023-10-10,1,1,1,1,1,1,1,1,1,1,0,1,1,1,1,1,1,0,0,0
"1943",3.24404855891708,0.439362119116799,"VA",2023-10-11,1,0,0,1,1,1,0,1,1,0,1,0,0,1,0,0,0,0,1,0
"1944",2.85169701282396,0.342455878480696,"VA",2023-10-12,1,1,1,1,0,1,1,1,1,1,0,1,0,1,0,0,0,1,1,0
"1945",2.3717726646314,0.399845781638507,"VA",2023-10-13,1,0,0,1,1,1,1,1,1,0,1,0,0,1,0,1,0,0,0,0
"1946",2.41356900618878,0.388017719899994,"VA",2023-10-14,1,1,1,1,0,1,0,1,1,1,1,1,0,1,0,0,0,1,1,0
"1947",1.03629027089838,0.309956005097295,"VA",2023-10-15,1,1,1,1,1,1,1,1,1,1,1,1,0,1,1,0,0,0,1,1
"1948",2.80621621066862,0.300212674651309,"VA",2023-10-16,1,1,1,1,1,1,0,1,1,1,0,0,0,1,0,0,0,1,1,1
"1949",1.3985569393795,0.397520923323212,"VA",2023-10-17,0,1,1,1,1,1,1,0,1,1,0,1,1,1,0,0,0,0,0,1
"1950",2.04875299769779,0.400947915968734,"VA",2023-10-18,0,1,0,1,1,1,1,1,0,1,0,0,0,1,0,0,0,0,0,1
"1951",2.04410028032944,0.3211682428624,"VA",2023-10-19,1,1,1,1,1,1,1,1,1,1,0,1,0,1,0,1,0,0,1,1
"1952",3.55779412975062,0.412250767261055,"VA",2023-10-20,1,1,1,1,1,0,0,1,0,0,0,1,0,1,0,1,0,1,0,0
"1953",1.52321880817243,0.383132941463128,"VA",2023-10-21,1,0,1,1,1,1,1,1,1,0,1,0,1,1,0,0,1,0,0,0
"1954",3.12937461149575,0.373070351190133,"VA",2023-10-22,1,1,0,1,0,0,1,0,1,0,1,1,0,1,0,0,0,1,1,0
"1955",3.39878562349638,0.387717206419076,"VA",2023-10-23,1,1,1,1,1,0,1,0,1,0,0,0,0,1,0,0,1,0,0,0
"1956",1.80790078362998,0.372938918069261,"VA",2023-10-24,1,0,1,1,1,1,1,1,1,0,1,0,1,1,0,1,0,1,1,1
"1957",4.50103995809138,0.219314490125129,"VA",2023-10-25,1,1,0,1,0,1,0,1,1,1,1,1,0,1,0,0,0,1,0,1
"1958",2.63593830877672,0.396878002406792,"VA",2023-10-26,1,0,0,1,1,1,0,1,1,1,0,0,0,1,1,0,0,1,1,1
"1959",3.3392752934109,0.419359314765952,"VA",2023-10-27,0,0,1,1,0,1,1,1,1,0,0,0,0,0,1,0,0,0,1,0
"1960",1.73793380196969,0.305288209029684,"VA",2023-10-28,1,1,1,1,0,1,0,1,1,0,1,1,0,1,0,1,0,1,0,0
"1961",1.83126018910607,0.29043944020048,"VA",2023-10-29,1,1,1,1,1,1,0,1,1,1,1,1,0,1,0,1,1,1,0,1
"1962",5.08208513074923,0.397182017524299,"VA",2023-10-30,1,1,1,1,0,1,0,1,1,1,1,0,1,1,0,0,0,1,0,0
"1963",2.83923933440093,0.319206736939615,"VA",2023-10-31,1,1,0,1,1,1,0,1,1,1,1,0,0,0,0,1,0,1,1,0
"1964",1.07373069344148,0.367898450658009,"VA",2023-11-01,1,1,1,1,1,1,1,1,1,0,1,1,0,1,0,0,0,0,1,0
"1965",3.86892892286251,0.324203226323932,"VA",2023-11-02,1,1,1,0,0,0,0,1,1,1,1,0,1,0,0,0,0,1,1,1
"1966",4.13483208199729,0.437033422443139,"VA",2023-11-03,0,0,0,1,0,1,1,0,1,0,0,1,0,1,0,0,1,1,0,0
"1967",1.49060113987832,0.364688833579286,"VA",2023-11-04,0,1,1,1,1,1,1,1,1,0,0,1,1,1,0,1,0,0,0,0
"1968",3.64943809507459,0.279128005978927,"VA",2023-11-05,1,1,0,1,1,1,0,1,1,0,1,0,0,1,0,0,1,1,0,0
"1969",3.45876957804008,0.403504997839021,"VA",2023-11-06,0,1,0,1,0,1,1,1,1,0,0,0,0,1,0,0,0,1,0,0
"1970",5.92677334337345,0.464903162281062,"VA",2023-11-07,0,1,0,1,0,1,0,1,1,0,0,0,0,1,0,0,0,1,1,0
"1971",1.65220978543021,0.345581266928428,"VA",2023-11-08,0,1,1,1,1,1,1,1,1,1,0,1,0,0,0,0,1,1,1,0
"1972",4.36446486855728,0.360235323092712,"VA",2023-11-09,1,1,1,1,0,0,0,1,1,1,1,1,0,1,0,0,0,0,0,0
"1973",4.41426721063924,0.395459845153449,"VA",2023-11-10,1,0,0,1,0,1,1,1,1,0,1,0,0,1,0,1,0,0,0,0
"1974",1.82113132829585,0.349913411407478,"VA",2023-11-11,0,1,1,1,1,1,1,1,1,0,0,1,0,1,1,0,0,1,1,0
"1975",0.628931746017603,0.351006356064007,"VT",2023-10-01,1,1,1,1,1,1,1,1,1,1,1,1,0,1,0,1,0,1,1,1
"1976",0.872164539870358,0.315730176518496,"VT",2023-10-02,1,1,1,1,1,1,1,1,1,1,1,0,0,1,0,0,0,1,1,1
"1977",0.894282030862297,0.384442092965278,"VT",2023-10-03,1,1,1,1,1,1,1,0,1,1,1,1,0,1,1,1,0,0,1,1
"1978",1.55239982168626,0.402692720062869,"VT",2023-10-04,1,1,0,1,1,1,1,1,0,0,0,0,0,1,0,0,0,1,0,0
"1979",0.93698726099823,0.477539381211911,"VT",2023-10-05,1,0,1,1,1,1,1,1,1,1,0,0,1,1,1,1,1,1,1,1
"1980",1.58555310807573,0.32292142091335,"VT",2023-10-06,1,1,1,1,1,1,0,1,0,1,1,0,0,1,0,1,0,1,0,1
"1981",0.363631331040392,0.243589364345999,"VT",2023-10-07,1,1,1,1,1,1,1,1,1,1,1,1,1,1,1,1,1,1,1,1
"1982",1.5046304904181,0.330934542319012,"VT",2023-10-08,1,1,1,1,0,1,0,1,1,1,0,1,1,1,0,1,0,1,1,1
"1983",1.09185735714768,0.356941408996936,"VT",2023-10-09,1,1,1,1,1,1,1,0,1,1,1,0,0,1,1,1,0,0,1,1
"1984",0.928346248720766,0.382574181692833,"VT",2023-10-10,1,1,1,1,1,1,1,1,1,1,0,1,1,1,0,0,0,1,1,1
"1985",1.66207616180256,0.40288501685083,"VT",2023-10-11,1,0,1,1,1,1,1,1,0,1,1,0,0,1,1,0,1,1,1,1
"1986",1.34972471215598,0.421791169791856,"VT",2023-10-12,1,1,1,1,0,1,1,0,1,1,1,1,0,1,0,0,1,0,1,1
"1987",2.5502548930043,0.349425624329214,"VT",2023-10-13,1,1,1,1,1,0,0,0,1,1,0,0,0,1,0,0,0,0,0,1
"1988",1.54587367335975,0.422288270913848,"VT",2023-10-14,1,1,1,1,1,1,1,0,1,0,1,1,0,1,0,0,1,0,1,0
"1989",2.55714065520011,0.370729329488425,"VT",2023-10-15,1,1,1,1,1,1,0,0,1,0,1,0,0,1,1,0,0,0,1,0
"1990",2.61391155389653,0.391269964452658,"VT",2023-10-16,1,1,0,1,0,1,1,1,1,1,1,0,0,1,0,0,0,1,1,1
"1991",1.27595143542355,0.373717863131987,"VT",2023-10-17,1,1,1,1,1,1,1,0,1,1,0,1,1,1,0,0,0,0,0,1
"1992",NA,NA,"VT",2023-10-18,NA,NA,NA,NA,NA,NA,NA,NA,NA,NA,NA,NA,NA,NA,NA,NA,NA,NA,NA,NA
"1993",1.92284616796066,0.34510394457278,"VT",2023-10-19,1,1,1,1,0,1,0,1,1,1,0,0,0,1,0,0,0,0,1,1
"1994",1.46603284502123,0.363521751408154,"VT",2023-10-20,1,1,1,1,1,1,0,1,0,1,0,1,0,1,1,0,0,1,0,1
"1995",1.48231635919486,0.36353814917451,"VT",2023-10-21,1,1,1,1,1,1,0,1,0,1,1,1,0,1,0,0,0,1,0,1
"1996",0.910660305573019,0.240864190248104,"VT",2023-10-22,1,1,1,1,1,1,0,1,1,1,1,1,1,1,0,0,0,1,1,1
"1997",1.29964294749878,0.341869164264233,"VT",2023-10-23,1,1,1,1,1,1,0,1,1,0,1,1,0,1,1,0,0,1,1,0
"1998",1.47740604070934,0.240401366074948,"VT",2023-10-24,1,1,1,1,1,1,0,1,1,1,1,1,0,1,1,0,0,1,1,1
"1999",1.14172086028896,0.3561206471603,"VT",2023-10-25,1,1,1,1,1,1,1,0,1,1,1,1,1,1,0,1,1,0,1,1
"2000",1.39257788527929,0.542603246144356,"VT",2023-10-26,1,1,1,1,1,1,1,0,0,1,1,1,1,1,1,1,0,0,0,1
"2001",2.34255110491598,0.350477812238155,"VT",2023-10-27,1,1,0,1,1,1,0,1,0,1,1,1,1,1,1,0,0,1,0,1
"2002",0.772501795012691,0.406992601233982,"VT",2023-10-28,0,1,1,1,1,1,1,1,1,1,0,0,1,1,1,0,0,1,1,1
"2003",0.97021767363294,0.315018956137777,"VT",2023-10-29,1,1,1,1,1,1,0,1,1,1,1,1,0,1,0,1,0,1,1,1
"2004",1.79717221800849,0.497051454650951,"VT",2023-10-30,1,1,1,1,1,1,1,0,0,1,1,1,1,1,1,0,0,0,0,1
"2005",1.22552946503268,0.27541144226096,"VT",2023-10-31,1,1,1,1,1,1,0,1,1,1,1,1,0,1,1,0,0,1,1,1
"2006",0.764668384515516,0.563590901120072,"VT",2023-11-01,1,0,1,1,1,1,1,1,1,1,1,0,1,1,1,0,1,1,1,1
"2007",1.11665398636809,0.46334773348703,"VT",2023-11-02,1,0,1,1,1,1,1,0,1,1,0,0,0,1,1,0,0,0,1,1
"2008",0.796694666156833,0.28744269635612,"VT",2023-11-03,1,1,1,1,1,1,0,1,1,1,1,0,0,1,0,0,0,1,1,1
"2009",1.23474626875008,0.463500224402217,"VT",2023-11-04,1,0,1,1,1,1,1,0,1,1,1,1,0,1,1,1,0,0,1,1
"2010",NA,NA,"VT",2023-11-05,NA,NA,NA,NA,NA,NA,NA,NA,NA,NA,NA,NA,NA,NA,NA,NA,NA,NA,NA,NA
"2011",0.966427854165277,0.236108915505773,"VT",2023-11-06,1,1,1,1,1,1,0,1,1,1,1,1,0,1,0,1,0,1,1,1
"2012",0.868682691673412,0.412439798722299,"VT",2023-11-07,1,1,1,1,1,1,1,0,1,1,1,1,0,1,1,1,0,0,1,1
"2013",1.91452567303465,0.443824908623168,"VT",2023-11-08,1,1,1,1,1,1,1,0,0,1,0,1,1,1,1,0,1,0,0,1
"2014",3.00201505457574,0.538188728192162,"VT",2023-11-09,1,1,0,1,1,1,1,0,0,0,1,0,0,1,1,0,0,0,1,0
"2015",1.63419719124116,0.588989975215917,"VT",2023-11-10,1,1,1,1,1,1,1,0,1,1,0,0,1,1,1,1,1,0,1,1
"2016",0.827871582680689,0.60464693276937,"VT",2023-11-11,1,1,1,1,1,1,1,1,1,0,1,1,1,1,1,0,1,1,1,0
"2017",1.61491351263896,0.427334077832709,"WA",2023-10-01,1,1,1,1,1,1,0,1,0,1,1,0,0,1,0,0,0,1,0,1
"2018",1.72897017205797,0.344424880869361,"WA",2023-10-02,1,1,1,0,1,1,1,1,1,1,0,0,0,0,0,1,0,1,0,0
"2019",4.83280763072271,0.314180645708399,"WA",2023-10-03,1,0,1,1,0,1,0,1,1,1,0,0,0,1,0,0,0,0,0,0
"2020",2.62675931745321,0.322439153801403,"WA",2023-10-04,1,0,1,1,1,1,0,1,1,1,1,0,0,1,0,1,1,1,0,1
"2021",2.23280026371258,0.413113318278698,"WA",2023-10-05,1,0,1,1,0,1,1,1,0,1,1,0,0,1,1,0,0,0,0,0
"2022",2.59904592529155,0.383423310186069,"WA",2023-10-06,1,0,1,1,1,1,1,1,1,1,1,0,0,0,0,0,0,1,1,0
"2023",1.30873234822833,0.337168970819358,"WA",2023-10-07,1,1,1,1,1,1,1,1,1,0,1,0,0,1,1,0,0,1,0,0
"2024",1.15126982067717,0.316939365432745,"WA",2023-10-08,1,1,1,1,0,1,1,1,1,1,1,1,0,1,0,1,0,1,1,1
"2025",2.05054423555133,0.337234310182923,"WA",2023-10-09,1,0,1,1,1,1,1,0,1,1,1,0,1,1,0,0,0,0,0,1
"2026",1.74171715234644,0.352746129132382,"WA",2023-10-10,1,1,0,1,1,1,1,1,1,1,0,0,1,1,0,1,0,1,1,1
"2027",1.84961413135193,0.42502437723841,"WA",2023-10-11,1,1,1,1,1,1,1,0,0,1,1,1,0,1,1,0,0,0,0,1
"2028",1.24544564867701,0.369335158343651,"WA",2023-10-12,1,1,1,1,1,1,1,1,1,0,1,0,0,1,1,1,0,1,1,0
"2029",0.915664969773078,0.326454000855702,"WA",2023-10-13,1,0,1,1,1,1,1,1,1,1,1,0,0,1,0,1,1,1,1,0
"2030",1.64344331380532,0.472739543733682,"WA",2023-10-14,1,1,1,1,0,1,1,1,1,0,1,1,1,1,0,1,0,1,0,0
"2031",1.15042858294036,0.293885749052218,"WA",2023-10-15,1,1,1,0,1,1,1,1,1,1,1,1,0,0,0,1,0,1,1,1
"2032",1.47233229578563,0.37375949979194,"WA",2023-10-16,1,0,1,1,1,1,1,1,1,1,1,0,0,1,0,1,0,0,1,1
"2033",2.80182478026616,0.352101786692192,"WA",2023-10-17,1,1,0,1,0,1,1,0,1,1,1,0,0,1,1,0,0,0,1,1
"2034",2.70849600552274,0.444272897937428,"WA",2023-10-18,1,1,1,1,0,1,0,1,1,0,1,0,0,0,0,0,0,0,0,0
"2035",6.06652297075389,0.581032559630392,"WA",2023-10-19,1,0,0,1,1,1,0,1,0,0,1,0,0,1,1,1,0,0,0,0
"2036",1.5811378901095,0.453899210056624,"WA",2023-10-20,1,1,1,1,1,1,0,1,0,0,1,1,1,1,0,1,0,1,0,0
"2037",1.74993170788653,0.62392309843203,"WA",2023-10-21,1,0,1,1,1,1,0,0,1,0,1,0,0,1,0,1,1,0,1,0
"2038",2.98646133147552,0.449703626690712,"WA",2023-10-22,1,0,0,1,1,1,1,1,0,1,1,0,0,1,0,1,0,1,0,1
"2039",4.86717890686835,0.462497484976302,"WA",2023-10-23,0,0,1,1,0,1,0,1,1,0,0,0,0,1,0,0,0,0,1,0
"2040",1.57385835819084,0.228932520676768,"WA",2023-10-24,1,1,0,1,1,1,0,1,1,1,0,1,1,1,1,1,0,1,1,1
"2041",3.14783795057313,0.461415109617085,"WA",2023-10-25,1,1,0,1,1,1,0,0,0,1,0,0,0,1,0,1,0,0,0,1
"2042",2.24546702573137,0.363489699444878,"WA",2023-10-26,1,0,1,1,1,1,1,1,1,0,1,0,0,1,0,0,0,0,0,0
"2043",1.83648359449328,0.454832534047528,"WA",2023-10-27,0,1,1,1,1,1,0,0,0,1,0,1,0,1,0,0,0,1,0,0
"2044",2.74002694692148,0.420853883609519,"WA",2023-10-28,1,1,1,1,0,1,0,1,0,1,1,1,0,0,0,1,0,1,0,1
"2045",1.21777413699959,0.402555211538804,"WA",2023-10-29,0,1,1,1,1,1,1,1,1,0,0,1,1,1,1,1,0,1,1,0
"2046",2.6969715120157,0.36847281821798,"WA",2023-10-30,1,1,1,1,0,1,1,1,1,0,1,0,0,1,0,0,1,1,0,1
"2047",1.98320746197634,0.428159509769425,"WA",2023-10-31,1,1,1,1,1,1,0,1,1,0,1,0,0,0,1,1,0,1,0,0
"2048",2.08888431455971,0.403028594152776,"WA",2023-11-01,0,1,1,0,1,1,0,1,1,1,0,1,1,0,0,1,0,0,1,1
"2049",4.30577663976721,0.477696735534891,"WA",2023-11-02,0,0,0,1,1,0,0,1,1,1,0,0,0,1,0,0,0,1,1,1
"2050",2.33103468834556,0.367744533068184,"WA",2023-11-03,1,1,0,1,1,0,0,1,1,1,1,1,0,1,0,0,0,0,0,1
"2051",1.09212247950796,0.34862791835779,"WA",2023-11-04,0,1,1,1,1,1,1,1,1,1,0,1,0,1,1,0,1,0,1,1
"2052",3.22181706562646,0.429415110544188,"WA",2023-11-05,1,1,1,1,1,0,0,1,1,1,1,1,0,1,0,0,0,0,1,1
"2053",3.1315653353711,0.458921050078103,"WA",2023-11-06,1,1,0,1,0,0,0,1,1,1,1,0,0,1,0,0,0,1,1,1
"2054",1.80804255862589,0.33548286999008,"WA",2023-11-07,1,1,0,1,1,1,1,1,1,0,1,1,0,1,1,1,0,0,1,0
"2055",3.20712175883069,0.425776233885806,"WA",2023-11-08,1,0,0,1,1,1,0,1,1,1,1,0,0,1,0,1,0,0,1,1
"2056",1.01219603504629,0.267846028591941,"WA",2023-11-09,1,1,1,1,1,1,1,0,1,1,1,1,0,0,0,1,0,0,1,1
"2057",1.4172719408413,0.413057339156733,"WA",2023-11-10,0,1,1,1,1,1,1,0,1,1,0,0,0,1,0,1,0,0,0,1
"2058",1.11200664245432,0.404884714636991,"WA",2023-11-11,1,1,1,1,1,1,1,0,1,0,1,1,1,1,0,1,1,0,1,1
"2059",0.466828021989531,0.32951453452707,"WI",2023-10-01,1,1,1,1,1,1,1,1,1,1,1,1,1,1,1,1,1,1,1,1
"2060",1.18493003717161,0.571050302634088,"WI",2023-10-02,0,1,1,1,1,0,1,1,1,1,0,1,0,1,1,0,0,1,1,1
"2061",0.873170460298247,0.430312800995559,"WI",2023-10-03,1,1,1,1,1,1,1,0,1,1,1,1,1,0,1,1,1,0,1,1
"2062",1.79559663144567,0.395943590858361,"WI",2023-10-04,1,1,0,1,1,1,0,1,0,1,0,1,0,1,1,1,1,1,1,1
"2063",0.436828194209829,0.299724734377996,"WI",2023-10-05,1,1,1,1,1,1,1,1,1,1,1,1,0,1,1,1,1,1,0,1
"2064",0.51036123273032,0.354919843983418,"WI",2023-10-06,1,1,1,1,1,1,1,1,1,1,1,1,0,1,0,1,1,1,1,1
"2065",NA,NA,"WI",2023-10-07,NA,NA,NA,NA,NA,NA,NA,NA,NA,NA,NA,NA,NA,NA,NA,NA,NA,NA,NA,NA
"2066",0.387675733394284,0.267673988771663,"WI",2023-10-08,1,1,1,1,1,1,1,1,1,1,1,1,1,1,1,0,0,1,1,1
"2067",0.462176320015932,0.330551970948183,"WI",2023-10-09,1,1,1,1,1,1,1,1,1,1,1,1,0,1,0,1,1,1,1,1
"2068",1.15720492269639,0.399131182190396,"WI",2023-10-10,1,1,1,1,1,1,1,1,0,1,1,0,0,1,0,1,0,1,0,1
"2069",0.631711758504756,0.368186297634797,"WI",2023-10-11,1,1,1,1,1,1,1,1,1,1,1,1,0,1,0,1,0,1,1,1
"2070",0.467504454456647,0.330129728840013,"WI",2023-10-12,1,1,1,1,1,1,1,1,1,1,1,1,0,1,1,0,1,1,1,1
"2071",0.948828243700445,0.468659535111586,"WI",2023-10-13,1,1,1,1,1,1,1,1,1,0,1,1,1,1,0,1,1,1,1,0
"2072",0.936869278855757,0.26655815163343,"WI",2023-10-14,1,1,1,1,1,1,0,1,1,1,1,1,0,1,1,1,0,1,1,1
"2073",0.798618546765086,0.575848902285107,"WI",2023-10-15,1,0,1,1,1,1,1,1,1,1,1,0,1,1,1,1,0,1,1,1
"2074",NA,NA,"WI",2023-10-16,NA,NA,NA,NA,NA,NA,NA,NA,NA,NA,NA,NA,NA,NA,NA,NA,NA,NA,NA,NA
"2075",0.396481107894606,0.266825735639097,"WI",2023-10-17,1,1,1,1,1,1,1,1,1,1,1,1,1,1,1,1,1,1,1,1
"2076",0.712159368737494,0.401190872461644,"WI",2023-10-18,1,1,1,1,1,1,1,1,1,1,1,1,0,1,1,1,0,1,1,1
"2077",NA,NA,"WI",2023-10-19,NA,NA,NA,NA,NA,NA,NA,NA,NA,NA,NA,NA,NA,NA,NA,NA,NA,NA,NA,NA
"2078",NA,NA,"WI",2023-10-20,NA,NA,NA,NA,NA,NA,NA,NA,NA,NA,NA,NA,NA,NA,NA,NA,NA,NA,NA,NA
"2079",NA,NA,"WI",2023-10-21,NA,NA,NA,NA,NA,NA,NA,NA,NA,NA,NA,NA,NA,NA,NA,NA,NA,NA,NA,NA
"2080",NA,NA,"WI",2023-10-22,NA,NA,NA,NA,NA,NA,NA,NA,NA,NA,NA,NA,NA,NA,NA,NA,NA,NA,NA,NA
"2081",NA,NA,"WI",2023-10-23,NA,NA,NA,NA,NA,NA,NA,NA,NA,NA,NA,NA,NA,NA,NA,NA,NA,NA,NA,NA
"2082",1.21860599819429,0.589867043259679,"WI",2023-10-24,1,1,1,1,1,1,1,0,0,1,1,1,1,1,1,1,0,0,0,1
"2083",1.51835889597079,0.287934965028468,"WI",2023-10-25,1,1,1,1,1,1,0,1,1,1,0,0,0,1,1,0,0,1,1,1
"2084",0.388908333668125,0.271153420911784,"WI",2023-10-26,1,1,1,1,1,1,1,1,1,1,1,1,1,1,1,1,1,1,1,1
"2085",0.432987998458061,0.296573249330165,"WI",2023-10-27,1,1,1,1,1,1,1,1,1,1,0,1,1,1,1,1,0,1,1,1
"2086",0.401887688766349,0.2728752955017,"WI",2023-10-28,1,1,1,1,1,1,1,1,1,1,1,1,1,1,0,1,0,1,1,1
"2087",0.3988265386521,0.273844938744283,"WI",2023-10-29,1,1,1,1,1,1,1,1,1,1,1,1,0,1,1,1,0,1,1,1
"2088",0.941753276533462,0.462074521336457,"WI",2023-10-30,1,1,1,1,1,1,1,1,1,0,1,1,0,1,1,1,0,1,1,0
"2089",0.939747051417082,0.461410475998884,"WI",2023-10-31,1,1,1,1,1,1,1,1,1,0,1,1,1,1,1,1,0,1,1,0
"2090",0.831616630715319,0.423646544057256,"WI",2023-11-01,1,0,1,1,1,1,1,1,1,1,1,0,0,1,1,1,0,1,1,1
"2091",0.403000830404993,0.278465772273696,"WI",2023-11-02,1,1,1,1,1,1,1,1,1,1,1,1,0,1,1,1,0,1,1,1
"2092",1.57928720886604,0.355710457918966,"WI",2023-11-03,1,1,1,1,1,1,0,0,1,1,0,0,1,1,1,0,0,0,1,1
"2093",1.88890852719634,0.519908362979781,"WI",2023-11-04,1,1,1,1,1,1,0,0,0,1,1,1,0,1,0,1,0,0,0,1
"2094",NA,NA,"WI",2023-11-05,NA,NA,NA,NA,NA,NA,NA,NA,NA,NA,NA,NA,NA,NA,NA,NA,NA,NA,NA,NA
"2095",0.94774454086703,0.28430250043599,"WI",2023-11-06,1,1,1,1,1,1,0,1,1,1,1,1,1,1,1,0,0,1,1,1
"2096",0.762935482476153,0.293384346718323,"WI",2023-11-07,1,1,1,1,1,1,1,1,1,1,1,1,0,1,1,1,0,1,1,1
"2097",NA,NA,"WI",2023-11-08,NA,NA,NA,NA,NA,NA,NA,NA,NA,NA,NA,NA,NA,NA,NA,NA,NA,NA,NA,NA
"2098",0.893621362937149,0.443388325015949,"WI",2023-11-09,1,1,1,1,1,1,1,0,1,1,1,1,0,1,1,1,0,0,1,1
"2099",NA,NA,"WI",2023-11-10,NA,NA,NA,NA,NA,NA,NA,NA,NA,NA,NA,NA,NA,NA,NA,NA,NA,NA,NA,NA
"2100",NA,NA,"WI",2023-11-11,NA,NA,NA,NA,NA,NA,NA,NA,NA,NA,NA,NA,NA,NA,NA,NA,NA,NA,NA,NA
"2101",1.11180960964174,0.344377597100633,"WV",2023-10-01,1,1,0,1,1,1,1,1,1,1,1,1,1,1,0,1,0,1,1,1
"2102",2.19353832371005,0.371225167555912,"WV",2023-10-02,1,1,0,1,1,1,1,1,1,1,0,0,0,1,0,0,0,1,1,1
"2103",3.04358762440308,0.325607111352668,"WV",2023-10-03,1,1,1,1,1,0,0,1,1,1,1,0,0,1,1,0,0,0,0,1
"2104",3.66277787231127,0.354475234217916,"WV",2023-10-04,1,1,0,1,1,1,0,1,1,1,1,1,0,1,0,0,0,1,1,1
"2105",2.55867673179867,0.352579953520168,"WV",2023-10-05,1,1,0,1,1,1,0,1,0,1,1,1,0,1,1,1,0,1,1,0
"2106",1.45064408053293,0.349256122407567,"WV",2023-10-06,1,1,0,1,1,1,1,1,1,1,1,0,0,1,0,1,0,1,1,1
"2107",2.75663182814124,0.376556776041702,"WV",2023-10-07,1,1,0,1,1,1,0,1,1,1,1,1,0,1,0,0,1,1,0,1
"2108",1.22478320627788,0.361095753556097,"WV",2023-10-08,1,1,1,1,1,0,1,1,1,1,1,1,0,1,0,0,0,1,1,0
"2109",3.17486860610849,0.33349300210393,"WV",2023-10-09,1,1,0,1,0,0,0,1,1,1,1,1,1,1,0,0,0,1,1,1
"2110",2.75894262736595,0.444217654603559,"WV",2023-10-10,0,1,0,1,1,1,1,1,0,1,0,0,0,1,0,1,0,1,0,1
"2111",1.05525610764713,0.325955127611813,"WV",2023-10-11,1,1,1,1,1,1,1,1,1,1,1,1,0,1,1,0,1,1,1,1
"2112",3.11804411001683,0.363044293494859,"WV",2023-10-12,1,1,0,1,0,1,1,1,1,1,1,1,0,1,0,0,0,1,1,1
"2113",1.36061111686795,0.360153146872671,"WV",2023-10-13,1,1,1,1,1,0,1,1,1,1,0,1,0,1,0,0,0,1,0,1
"2114",1.53980435418884,0.267458921668074,"WV",2023-10-14,1,1,1,1,1,1,0,1,1,1,1,1,1,1,1,0,0,1,1,1
"2115",1.11554953288313,0.411874571563493,"WV",2023-10-15,1,0,1,1,1,1,1,1,0,1,1,0,0,1,0,0,0,1,0,1
"2116",3.17027541173269,0.335711123261114,"WV",2023-10-16,1,1,0,1,0,1,1,1,1,1,1,1,0,0,0,0,1,1,1,1
"2117",2.10027501627595,0.306579705455866,"WV",2023-10-17,1,1,1,1,0,1,0,1,1,1,1,0,0,1,0,0,0,1,0,0
"2118",1.36220543935195,0.4389129923992,"WV",2023-10-18,1,1,0,1,1,1,0,1,1,1,1,0,0,1,0,0,0,1,1,1
"2119",1.25146338361498,0.4021993888475,"WV",2023-10-19,0,0,1,1,1,1,1,1,1,1,0,1,0,1,0,1,0,0,1,1
"2120",2.0270367952429,0.372227620405859,"WV",2023-10-20,1,1,0,1,1,1,1,1,1,0,1,1,0,1,0,0,1,1,1,0
"2121",0.453947807050069,0.306892391494204,"WV",2023-10-21,1,1,1,1,1,1,1,1,1,1,1,1,0,1,1,1,0,1,1,1
"2122",0.776744400143731,0.340694889177744,"WV",2023-10-22,1,1,1,1,1,1,1,1,1,1,1,1,0,1,1,1,0,1,1,1
"2123",2.20976100324486,0.317769789615951,"WV",2023-10-23,1,1,1,1,1,1,0,1,1,1,1,0,0,1,0,0,0,0,0,1
"2124",2.45024882453301,0.375074791205619,"WV",2023-10-24,1,0,0,1,1,0,1,1,1,0,1,1,0,1,0,0,0,0,1,1
"2125",1.91440853571199,0.323267813628968,"WV",2023-10-25,1,1,1,1,1,1,0,1,1,1,1,1,0,1,1,1,0,0,1,1
"2126",1.86880597029647,0.44535584400049,"WV",2023-10-26,0,1,1,1,0,1,1,1,1,1,1,0,0,1,0,1,0,0,1,1
"2127",1.67719667983845,0.369476694246522,"WV",2023-10-27,1,1,0,1,1,1,1,1,0,1,0,1,0,1,0,0,0,0,1,1
"2128",1.43853198096021,0.394184726856692,"WV",2023-10-28,1,0,0,1,1,1,1,1,1,1,1,1,0,1,0,1,0,1,1,1
"2129",2.16396114910371,0.36989636795058,"WV",2023-10-29,1,1,0,1,1,1,1,0,1,1,1,1,0,1,0,0,1,0,1,1
"2130",2.28646371172925,0.412185692213674,"WV",2023-10-30,1,0,1,1,1,1,1,1,1,1,1,0,0,1,0,1,0,1,1,0
"2131",1.76053550851391,0.347699239885172,"WV",2023-10-31,1,1,1,1,1,1,1,1,1,1,0,0,0,1,0,0,0,1,1,1
"2132",1.48655372299508,0.32387688272649,"WV",2023-11-01,1,1,1,1,1,1,0,0,1,1,0,1,1,1,0,0,0,0,1,1
"2133",1.26572328221999,0.37131606761464,"WV",2023-11-02,1,1,1,1,1,0,1,1,1,1,1,1,1,1,1,0,0,1,0,1
"2134",1.37739722626045,0.305060737690116,"WV",2023-11-03,1,1,0,1,1,1,1,1,1,1,1,1,0,1,0,0,1,1,1,1
"2135",1.20186924057155,0.404886937204289,"WV",2023-11-04,1,1,0,1,1,1,1,1,1,0,1,1,0,1,0,1,0,1,1,0
"2136",2.34523281508694,0.368621354064861,"WV",2023-11-05,1,1,0,1,0,1,1,1,0,0,0,1,0,1,0,0,0,0,1,0
"2137",1.50141424161226,0.350748674657865,"WV",2023-11-06,1,1,1,1,1,1,1,1,1,1,0,1,0,1,1,0,0,0,1,1
"2138",1.88584551056886,0.379406977452802,"WV",2023-11-07,1,1,1,1,1,1,1,1,0,1,1,1,1,1,0,0,1,0,0,1
"2139",1.88748026236186,0.344906544796153,"WV",2023-11-08,1,0,1,1,0,1,1,1,1,1,1,0,1,1,0,1,0,1,1,1
"2140",1.40607798520771,0.357674550935136,"WV",2023-11-09,1,0,1,1,1,1,1,1,1,0,1,0,1,1,0,1,0,1,1,0
"2141",2.61353561161099,0.293375826939809,"WV",2023-11-10,1,1,1,1,0,1,0,1,1,0,1,0,0,1,0,1,0,1,1,0
"2142",3.01019120391783,0.40230721782301,"WV",2023-11-11,1,1,1,1,1,1,1,0,1,0,1,0,0,0,0,0,0,0,1,0
"2143",NA,NA,"WY",2023-10-01,NA,NA,NA,NA,NA,NA,NA,NA,NA,NA,NA,NA,NA,NA,NA,NA,NA,NA,NA,NA
"2144",NA,NA,"WY",2023-10-02,NA,NA,NA,NA,NA,NA,NA,NA,NA,NA,NA,NA,NA,NA,NA,NA,NA,NA,NA,NA
"2145",NA,NA,"WY",2023-10-03,NA,NA,NA,NA,NA,NA,NA,NA,NA,NA,NA,NA,NA,NA,NA,NA,NA,NA,NA,NA
"2146",0.408631224755838,0.302341118712271,"WY",2023-10-04,1,1,1,1,1,1,1,1,1,1,1,1,1,1,0,1,0,1,1,1
"2147",NA,NA,"WY",2023-10-05,NA,NA,NA,NA,NA,NA,NA,NA,NA,NA,NA,NA,NA,NA,NA,NA,NA,NA,NA,NA
"2148",NA,NA,"WY",2023-10-06,NA,NA,NA,NA,NA,NA,NA,NA,NA,NA,NA,NA,NA,NA,NA,NA,NA,NA,NA,NA
"2149",NA,NA,"WY",2023-10-07,NA,NA,NA,NA,NA,NA,NA,NA,NA,NA,NA,NA,NA,NA,NA,NA,NA,NA,NA,NA
"2150",NA,NA,"WY",2023-10-08,NA,NA,NA,NA,NA,NA,NA,NA,NA,NA,NA,NA,NA,NA,NA,NA,NA,NA,NA,NA
"2151",NA,NA,"WY",2023-10-09,NA,NA,NA,NA,NA,NA,NA,NA,NA,NA,NA,NA,NA,NA,NA,NA,NA,NA,NA,NA
"2152",NA,NA,"WY",2023-10-10,NA,NA,NA,NA,NA,NA,NA,NA,NA,NA,NA,NA,NA,NA,NA,NA,NA,NA,NA,NA
"2153",NA,NA,"WY",2023-10-11,NA,NA,NA,NA,NA,NA,NA,NA,NA,NA,NA,NA,NA,NA,NA,NA,NA,NA,NA,NA
"2154",NA,NA,"WY",2023-10-12,NA,NA,NA,NA,NA,NA,NA,NA,NA,NA,NA,NA,NA,NA,NA,NA,NA,NA,NA,NA
"2155",0.394528658834446,0.299675627964571,"WY",2023-10-13,1,1,1,1,1,1,1,1,1,1,1,1,0,1,1,1,0,1,1,1
"2156",NA,NA,"WY",2023-10-14,NA,NA,NA,NA,NA,NA,NA,NA,NA,NA,NA,NA,NA,NA,NA,NA,NA,NA,NA,NA
"2157",NA,NA,"WY",2023-10-15,NA,NA,NA,NA,NA,NA,NA,NA,NA,NA,NA,NA,NA,NA,NA,NA,NA,NA,NA,NA
"2158",NA,NA,"WY",2023-10-16,NA,NA,NA,NA,NA,NA,NA,NA,NA,NA,NA,NA,NA,NA,NA,NA,NA,NA,NA,NA
"2159",NA,NA,"WY",2023-10-17,NA,NA,NA,NA,NA,NA,NA,NA,NA,NA,NA,NA,NA,NA,NA,NA,NA,NA,NA,NA
"2160",0.404940905190556,0.298301806507031,"WY",2023-10-18,1,1,1,1,1,1,1,1,1,1,1,1,1,1,0,1,0,1,1,1
"2161",NA,NA,"WY",2023-10-19,NA,NA,NA,NA,NA,NA,NA,NA,NA,NA,NA,NA,NA,NA,NA,NA,NA,NA,NA,NA
"2162",NA,NA,"WY",2023-10-20,NA,NA,NA,NA,NA,NA,NA,NA,NA,NA,NA,NA,NA,NA,NA,NA,NA,NA,NA,NA
"2163",NA,NA,"WY",2023-10-21,NA,NA,NA,NA,NA,NA,NA,NA,NA,NA,NA,NA,NA,NA,NA,NA,NA,NA,NA,NA
"2164",NA,NA,"WY",2023-10-22,NA,NA,NA,NA,NA,NA,NA,NA,NA,NA,NA,NA,NA,NA,NA,NA,NA,NA,NA,NA
"2165",NA,NA,"WY",2023-10-23,NA,NA,NA,NA,NA,NA,NA,NA,NA,NA,NA,NA,NA,NA,NA,NA,NA,NA,NA,NA
"2166",NA,NA,"WY",2023-10-24,NA,NA,NA,NA,NA,NA,NA,NA,NA,NA,NA,NA,NA,NA,NA,NA,NA,NA,NA,NA
"2167",NA,NA,"WY",2023-10-25,NA,NA,NA,NA,NA,NA,NA,NA,NA,NA,NA,NA,NA,NA,NA,NA,NA,NA,NA,NA
"2168",NA,NA,"WY",2023-10-26,NA,NA,NA,NA,NA,NA,NA,NA,NA,NA,NA,NA,NA,NA,NA,NA,NA,NA,NA,NA
"2169",0.644422627761225,0.482058580135179,"WY",2023-10-27,1,1,1,1,0,1,1,1,1,1,1,1,1,1,0,0,1,1,1,1
"2170",NA,NA,"WY",2023-10-28,NA,NA,NA,NA,NA,NA,NA,NA,NA,NA,NA,NA,NA,NA,NA,NA,NA,NA,NA,NA
"2171",NA,NA,"WY",2023-10-29,NA,NA,NA,NA,NA,NA,NA,NA,NA,NA,NA,NA,NA,NA,NA,NA,NA,NA,NA,NA
"2172",1.61510582029934,0.520503228071518,"WY",2023-10-30,1,1,1,1,0,1,1,1,1,0,1,1,1,1,1,1,0,1,1,0
"2173",NA,NA,"WY",2023-10-31,NA,NA,NA,NA,NA,NA,NA,NA,NA,NA,NA,NA,NA,NA,NA,NA,NA,NA,NA,NA
"2174",NA,NA,"WY",2023-11-01,NA,NA,NA,NA,NA,NA,NA,NA,NA,NA,NA,NA,NA,NA,NA,NA,NA,NA,NA,NA
"2175",NA,NA,"WY",2023-11-02,NA,NA,NA,NA,NA,NA,NA,NA,NA,NA,NA,NA,NA,NA,NA,NA,NA,NA,NA,NA
"2176",NA,NA,"WY",2023-11-03,NA,NA,NA,NA,NA,NA,NA,NA,NA,NA,NA,NA,NA,NA,NA,NA,NA,NA,NA,NA
"2177",NA,NA,"WY",2023-11-04,NA,NA,NA,NA,NA,NA,NA,NA,NA,NA,NA,NA,NA,NA,NA,NA,NA,NA,NA,NA
"2178",NA,NA,"WY",2023-11-05,NA,NA,NA,NA,NA,NA,NA,NA,NA,NA,NA,NA,NA,NA,NA,NA,NA,NA,NA,NA
"2179",NA,NA,"WY",2023-11-06,NA,NA,NA,NA,NA,NA,NA,NA,NA,NA,NA,NA,NA,NA,NA,NA,NA,NA,NA,NA
"2180",NA,NA,"WY",2023-11-07,NA,NA,NA,NA,NA,NA,NA,NA,NA,NA,NA,NA,NA,NA,NA,NA,NA,NA,NA,NA
"2181",NA,NA,"WY",2023-11-08,NA,NA,NA,NA,NA,NA,NA,NA,NA,NA,NA,NA,NA,NA,NA,NA,NA,NA,NA,NA
"2182",NA,NA,"WY",2023-11-09,NA,NA,NA,NA,NA,NA,NA,NA,NA,NA,NA,NA,NA,NA,NA,NA,NA,NA,NA,NA
"2183",NA,NA,"WY",2023-11-10,NA,NA,NA,NA,NA,NA,NA,NA,NA,NA,NA,NA,NA,NA,NA,NA,NA,NA,NA,NA
"2184",NA,NA,"WY",2023-11-11,NA,NA,NA,NA,NA,NA,NA,NA,NA,NA,NA,NA,NA,NA,NA,NA,NA,NA,NA,NA
