"","es_score","brier_score","location","target_date","X24A_50_CI","X24B_50_CI","X24C_50_CI","recombinant_50_CI","X24G_50_CI","X24E_50_CI","other_50_CI","X24A_95_CI","X24B_95_CI","X24C_95_CI","recombinant_95_CI","X24G_95_CI","X24E_95_CI","other_95_CI"
"1",NA,NA,"AK",2024-06-02,NA,NA,NA,NA,NA,NA,NA,NA,NA,NA,NA,NA,NA,NA
"2",NA,NA,"AK",2024-06-03,NA,NA,NA,NA,NA,NA,NA,NA,NA,NA,NA,NA,NA,NA
"3",NA,NA,"AK",2024-06-04,NA,NA,NA,NA,NA,NA,NA,NA,NA,NA,NA,NA,NA,NA
"4",NA,NA,"AK",2024-06-05,NA,NA,NA,NA,NA,NA,NA,NA,NA,NA,NA,NA,NA,NA
"5",NA,NA,"AK",2024-06-06,NA,NA,NA,NA,NA,NA,NA,NA,NA,NA,NA,NA,NA,NA
"6",NA,NA,"AK",2024-06-07,NA,NA,NA,NA,NA,NA,NA,NA,NA,NA,NA,NA,NA,NA
"7",NA,NA,"AK",2024-06-08,NA,NA,NA,NA,NA,NA,NA,NA,NA,NA,NA,NA,NA,NA
"8",NA,NA,"AK",2024-06-09,NA,NA,NA,NA,NA,NA,NA,NA,NA,NA,NA,NA,NA,NA
"9",0.725918720553369,0.587306597986873,"AK",2024-06-10,1,1,0,1,1,1,1,1,1,1,1,1,1,1
"10",NA,NA,"AK",2024-06-11,NA,NA,NA,NA,NA,NA,NA,NA,NA,NA,NA,NA,NA,NA
"11",NA,NA,"AK",2024-06-12,NA,NA,NA,NA,NA,NA,NA,NA,NA,NA,NA,NA,NA,NA
"12",0.217897372774271,0.100532182635646,"AK",2024-06-13,1,1,1,1,1,1,1,0,1,0,1,1,1,1
"13",NA,NA,"AK",2024-06-14,NA,NA,NA,NA,NA,NA,NA,NA,NA,NA,NA,NA,NA,NA
"14",NA,NA,"AK",2024-06-15,NA,NA,NA,NA,NA,NA,NA,NA,NA,NA,NA,NA,NA,NA
"15",NA,NA,"AK",2024-06-16,NA,NA,NA,NA,NA,NA,NA,NA,NA,NA,NA,NA,NA,NA
"16",NA,NA,"AK",2024-06-17,NA,NA,NA,NA,NA,NA,NA,NA,NA,NA,NA,NA,NA,NA
"17",NA,NA,"AK",2024-06-18,NA,NA,NA,NA,NA,NA,NA,NA,NA,NA,NA,NA,NA,NA
"18",NA,NA,"AK",2024-06-19,NA,NA,NA,NA,NA,NA,NA,NA,NA,NA,NA,NA,NA,NA
"19",0.83849287782618,0.658570395414444,"AK",2024-06-20,1,1,1,1,0,1,1,0,1,1,1,0,1,1
"20",NA,NA,"AK",2024-06-21,NA,NA,NA,NA,NA,NA,NA,NA,NA,NA,NA,NA,NA,NA
"21",NA,NA,"AK",2024-06-22,NA,NA,NA,NA,NA,NA,NA,NA,NA,NA,NA,NA,NA,NA
"22",NA,NA,"AK",2024-06-23,NA,NA,NA,NA,NA,NA,NA,NA,NA,NA,NA,NA,NA,NA
"23",NA,NA,"AK",2024-06-24,NA,NA,NA,NA,NA,NA,NA,NA,NA,NA,NA,NA,NA,NA
"24",NA,NA,"AK",2024-06-25,NA,NA,NA,NA,NA,NA,NA,NA,NA,NA,NA,NA,NA,NA
"25",NA,NA,"AK",2024-06-26,NA,NA,NA,NA,NA,NA,NA,NA,NA,NA,NA,NA,NA,NA
"26",NA,NA,"AK",2024-06-27,NA,NA,NA,NA,NA,NA,NA,NA,NA,NA,NA,NA,NA,NA
"27",NA,NA,"AK",2024-06-28,NA,NA,NA,NA,NA,NA,NA,NA,NA,NA,NA,NA,NA,NA
"28",NA,NA,"AK",2024-06-29,NA,NA,NA,NA,NA,NA,NA,NA,NA,NA,NA,NA,NA,NA
"29",NA,NA,"AK",2024-06-30,NA,NA,NA,NA,NA,NA,NA,NA,NA,NA,NA,NA,NA,NA
"30",NA,NA,"AK",2024-07-01,NA,NA,NA,NA,NA,NA,NA,NA,NA,NA,NA,NA,NA,NA
"31",0.803430281000261,0.652229557410207,"AK",2024-07-02,1,1,1,1,0,1,1,0,1,1,1,0,1,1
"32",NA,NA,"AK",2024-07-03,NA,NA,NA,NA,NA,NA,NA,NA,NA,NA,NA,NA,NA,NA
"33",NA,NA,"AK",2024-07-04,NA,NA,NA,NA,NA,NA,NA,NA,NA,NA,NA,NA,NA,NA
"34",NA,NA,"AK",2024-07-05,NA,NA,NA,NA,NA,NA,NA,NA,NA,NA,NA,NA,NA,NA
"35",NA,NA,"AK",2024-07-06,NA,NA,NA,NA,NA,NA,NA,NA,NA,NA,NA,NA,NA,NA
"36",NA,NA,"AK",2024-07-07,NA,NA,NA,NA,NA,NA,NA,NA,NA,NA,NA,NA,NA,NA
"37",NA,NA,"AK",2024-07-08,NA,NA,NA,NA,NA,NA,NA,NA,NA,NA,NA,NA,NA,NA
"38",NA,NA,"AK",2024-07-09,NA,NA,NA,NA,NA,NA,NA,NA,NA,NA,NA,NA,NA,NA
"39",NA,NA,"AK",2024-07-10,NA,NA,NA,NA,NA,NA,NA,NA,NA,NA,NA,NA,NA,NA
"40",NA,NA,"AK",2024-07-11,NA,NA,NA,NA,NA,NA,NA,NA,NA,NA,NA,NA,NA,NA
"41",NA,NA,"AK",2024-07-12,NA,NA,NA,NA,NA,NA,NA,NA,NA,NA,NA,NA,NA,NA
"42",NA,NA,"AK",2024-07-13,NA,NA,NA,NA,NA,NA,NA,NA,NA,NA,NA,NA,NA,NA
"43",NA,NA,"AL",2024-06-02,NA,NA,NA,NA,NA,NA,NA,NA,NA,NA,NA,NA,NA,NA
"44",NA,NA,"AL",2024-06-03,NA,NA,NA,NA,NA,NA,NA,NA,NA,NA,NA,NA,NA,NA
"45",NA,NA,"AL",2024-06-04,NA,NA,NA,NA,NA,NA,NA,NA,NA,NA,NA,NA,NA,NA
"46",NA,NA,"AL",2024-06-05,NA,NA,NA,NA,NA,NA,NA,NA,NA,NA,NA,NA,NA,NA
"47",NA,NA,"AL",2024-06-06,NA,NA,NA,NA,NA,NA,NA,NA,NA,NA,NA,NA,NA,NA
"48",NA,NA,"AL",2024-06-07,NA,NA,NA,NA,NA,NA,NA,NA,NA,NA,NA,NA,NA,NA
"49",NA,NA,"AL",2024-06-08,NA,NA,NA,NA,NA,NA,NA,NA,NA,NA,NA,NA,NA,NA
"50",NA,NA,"AL",2024-06-09,NA,NA,NA,NA,NA,NA,NA,NA,NA,NA,NA,NA,NA,NA
"51",NA,NA,"AL",2024-06-10,NA,NA,NA,NA,NA,NA,NA,NA,NA,NA,NA,NA,NA,NA
"52",NA,NA,"AL",2024-06-11,NA,NA,NA,NA,NA,NA,NA,NA,NA,NA,NA,NA,NA,NA
"53",NA,NA,"AL",2024-06-12,NA,NA,NA,NA,NA,NA,NA,NA,NA,NA,NA,NA,NA,NA
"54",NA,NA,"AL",2024-06-13,NA,NA,NA,NA,NA,NA,NA,NA,NA,NA,NA,NA,NA,NA
"55",NA,NA,"AL",2024-06-14,NA,NA,NA,NA,NA,NA,NA,NA,NA,NA,NA,NA,NA,NA
"56",NA,NA,"AL",2024-06-15,NA,NA,NA,NA,NA,NA,NA,NA,NA,NA,NA,NA,NA,NA
"57",NA,NA,"AL",2024-06-16,NA,NA,NA,NA,NA,NA,NA,NA,NA,NA,NA,NA,NA,NA
"58",NA,NA,"AL",2024-06-17,NA,NA,NA,NA,NA,NA,NA,NA,NA,NA,NA,NA,NA,NA
"59",NA,NA,"AL",2024-06-18,NA,NA,NA,NA,NA,NA,NA,NA,NA,NA,NA,NA,NA,NA
"60",NA,NA,"AL",2024-06-19,NA,NA,NA,NA,NA,NA,NA,NA,NA,NA,NA,NA,NA,NA
"61",NA,NA,"AL",2024-06-20,NA,NA,NA,NA,NA,NA,NA,NA,NA,NA,NA,NA,NA,NA
"62",NA,NA,"AL",2024-06-21,NA,NA,NA,NA,NA,NA,NA,NA,NA,NA,NA,NA,NA,NA
"63",NA,NA,"AL",2024-06-22,NA,NA,NA,NA,NA,NA,NA,NA,NA,NA,NA,NA,NA,NA
"64",NA,NA,"AL",2024-06-23,NA,NA,NA,NA,NA,NA,NA,NA,NA,NA,NA,NA,NA,NA
"65",NA,NA,"AL",2024-06-24,NA,NA,NA,NA,NA,NA,NA,NA,NA,NA,NA,NA,NA,NA
"66",NA,NA,"AL",2024-06-25,NA,NA,NA,NA,NA,NA,NA,NA,NA,NA,NA,NA,NA,NA
"67",NA,NA,"AL",2024-06-26,NA,NA,NA,NA,NA,NA,NA,NA,NA,NA,NA,NA,NA,NA
"68",NA,NA,"AL",2024-06-27,NA,NA,NA,NA,NA,NA,NA,NA,NA,NA,NA,NA,NA,NA
"69",NA,NA,"AL",2024-06-28,NA,NA,NA,NA,NA,NA,NA,NA,NA,NA,NA,NA,NA,NA
"70",NA,NA,"AL",2024-06-29,NA,NA,NA,NA,NA,NA,NA,NA,NA,NA,NA,NA,NA,NA
"71",0.58271173600455,0.368343771873383,"AL",2024-06-30,1,0,1,1,1,1,1,1,0,0,1,1,1,1
"72",NA,NA,"AL",2024-07-01,NA,NA,NA,NA,NA,NA,NA,NA,NA,NA,NA,NA,NA,NA
"73",NA,NA,"AL",2024-07-02,NA,NA,NA,NA,NA,NA,NA,NA,NA,NA,NA,NA,NA,NA
"74",NA,NA,"AL",2024-07-03,NA,NA,NA,NA,NA,NA,NA,NA,NA,NA,NA,NA,NA,NA
"75",NA,NA,"AL",2024-07-04,NA,NA,NA,NA,NA,NA,NA,NA,NA,NA,NA,NA,NA,NA
"76",NA,NA,"AL",2024-07-05,NA,NA,NA,NA,NA,NA,NA,NA,NA,NA,NA,NA,NA,NA
"77",NA,NA,"AL",2024-07-06,NA,NA,NA,NA,NA,NA,NA,NA,NA,NA,NA,NA,NA,NA
"78",NA,NA,"AL",2024-07-07,NA,NA,NA,NA,NA,NA,NA,NA,NA,NA,NA,NA,NA,NA
"79",NA,NA,"AL",2024-07-08,NA,NA,NA,NA,NA,NA,NA,NA,NA,NA,NA,NA,NA,NA
"80",0.583573091075449,0.358609067143803,"AL",2024-07-09,1,0,1,1,1,1,1,1,0,1,1,1,0,1
"81",NA,NA,"AL",2024-07-10,NA,NA,NA,NA,NA,NA,NA,NA,NA,NA,NA,NA,NA,NA
"82",NA,NA,"AL",2024-07-11,NA,NA,NA,NA,NA,NA,NA,NA,NA,NA,NA,NA,NA,NA
"83",NA,NA,"AL",2024-07-12,NA,NA,NA,NA,NA,NA,NA,NA,NA,NA,NA,NA,NA,NA
"84",NA,NA,"AL",2024-07-13,NA,NA,NA,NA,NA,NA,NA,NA,NA,NA,NA,NA,NA,NA
"85",NA,NA,"AR",2024-06-02,NA,NA,NA,NA,NA,NA,NA,NA,NA,NA,NA,NA,NA,NA
"86",NA,NA,"AR",2024-06-03,NA,NA,NA,NA,NA,NA,NA,NA,NA,NA,NA,NA,NA,NA
"87",NA,NA,"AR",2024-06-04,NA,NA,NA,NA,NA,NA,NA,NA,NA,NA,NA,NA,NA,NA
"88",NA,NA,"AR",2024-06-05,NA,NA,NA,NA,NA,NA,NA,NA,NA,NA,NA,NA,NA,NA
"89",NA,NA,"AR",2024-06-06,NA,NA,NA,NA,NA,NA,NA,NA,NA,NA,NA,NA,NA,NA
"90",NA,NA,"AR",2024-06-07,NA,NA,NA,NA,NA,NA,NA,NA,NA,NA,NA,NA,NA,NA
"91",NA,NA,"AR",2024-06-08,NA,NA,NA,NA,NA,NA,NA,NA,NA,NA,NA,NA,NA,NA
"92",NA,NA,"AR",2024-06-09,NA,NA,NA,NA,NA,NA,NA,NA,NA,NA,NA,NA,NA,NA
"93",0.217949458257705,0.115307449427117,"AR",2024-06-10,1,1,1,1,1,1,1,0,1,1,1,1,0,1
"94",NA,NA,"AR",2024-06-11,NA,NA,NA,NA,NA,NA,NA,NA,NA,NA,NA,NA,NA,NA
"95",NA,NA,"AR",2024-06-12,NA,NA,NA,NA,NA,NA,NA,NA,NA,NA,NA,NA,NA,NA
"96",NA,NA,"AR",2024-06-13,NA,NA,NA,NA,NA,NA,NA,NA,NA,NA,NA,NA,NA,NA
"97",NA,NA,"AR",2024-06-14,NA,NA,NA,NA,NA,NA,NA,NA,NA,NA,NA,NA,NA,NA
"98",NA,NA,"AR",2024-06-15,NA,NA,NA,NA,NA,NA,NA,NA,NA,NA,NA,NA,NA,NA
"99",NA,NA,"AR",2024-06-16,NA,NA,NA,NA,NA,NA,NA,NA,NA,NA,NA,NA,NA,NA
"100",NA,NA,"AR",2024-06-17,NA,NA,NA,NA,NA,NA,NA,NA,NA,NA,NA,NA,NA,NA
"101",NA,NA,"AR",2024-06-18,NA,NA,NA,NA,NA,NA,NA,NA,NA,NA,NA,NA,NA,NA
"102",NA,NA,"AR",2024-06-19,NA,NA,NA,NA,NA,NA,NA,NA,NA,NA,NA,NA,NA,NA
"103",NA,NA,"AR",2024-06-20,NA,NA,NA,NA,NA,NA,NA,NA,NA,NA,NA,NA,NA,NA
"104",NA,NA,"AR",2024-06-21,NA,NA,NA,NA,NA,NA,NA,NA,NA,NA,NA,NA,NA,NA
"105",NA,NA,"AR",2024-06-22,NA,NA,NA,NA,NA,NA,NA,NA,NA,NA,NA,NA,NA,NA
"106",NA,NA,"AR",2024-06-23,NA,NA,NA,NA,NA,NA,NA,NA,NA,NA,NA,NA,NA,NA
"107",NA,NA,"AR",2024-06-24,NA,NA,NA,NA,NA,NA,NA,NA,NA,NA,NA,NA,NA,NA
"108",NA,NA,"AR",2024-06-25,NA,NA,NA,NA,NA,NA,NA,NA,NA,NA,NA,NA,NA,NA
"109",NA,NA,"AR",2024-06-26,NA,NA,NA,NA,NA,NA,NA,NA,NA,NA,NA,NA,NA,NA
"110",NA,NA,"AR",2024-06-27,NA,NA,NA,NA,NA,NA,NA,NA,NA,NA,NA,NA,NA,NA
"111",NA,NA,"AR",2024-06-28,NA,NA,NA,NA,NA,NA,NA,NA,NA,NA,NA,NA,NA,NA
"112",NA,NA,"AR",2024-06-29,NA,NA,NA,NA,NA,NA,NA,NA,NA,NA,NA,NA,NA,NA
"113",NA,NA,"AR",2024-06-30,NA,NA,NA,NA,NA,NA,NA,NA,NA,NA,NA,NA,NA,NA
"114",NA,NA,"AR",2024-07-01,NA,NA,NA,NA,NA,NA,NA,NA,NA,NA,NA,NA,NA,NA
"115",NA,NA,"AR",2024-07-02,NA,NA,NA,NA,NA,NA,NA,NA,NA,NA,NA,NA,NA,NA
"116",NA,NA,"AR",2024-07-03,NA,NA,NA,NA,NA,NA,NA,NA,NA,NA,NA,NA,NA,NA
"117",NA,NA,"AR",2024-07-04,NA,NA,NA,NA,NA,NA,NA,NA,NA,NA,NA,NA,NA,NA
"118",NA,NA,"AR",2024-07-05,NA,NA,NA,NA,NA,NA,NA,NA,NA,NA,NA,NA,NA,NA
"119",NA,NA,"AR",2024-07-06,NA,NA,NA,NA,NA,NA,NA,NA,NA,NA,NA,NA,NA,NA
"120",NA,NA,"AR",2024-07-07,NA,NA,NA,NA,NA,NA,NA,NA,NA,NA,NA,NA,NA,NA
"121",0.295606640331455,0.150037817607737,"AR",2024-07-08,1,1,1,1,1,1,1,0,0,1,1,1,1,1
"122",0.629998257403769,0.514093142237368,"AR",2024-07-09,1,0,1,1,1,1,1,1,0,0,1,1,1,1
"123",0.641425810084124,0.513651310626927,"AR",2024-07-10,1,0,1,1,1,1,1,0,0,1,1,1,1,1
"124",NA,NA,"AR",2024-07-11,NA,NA,NA,NA,NA,NA,NA,NA,NA,NA,NA,NA,NA,NA
"125",NA,NA,"AR",2024-07-12,NA,NA,NA,NA,NA,NA,NA,NA,NA,NA,NA,NA,NA,NA
"126",NA,NA,"AR",2024-07-13,NA,NA,NA,NA,NA,NA,NA,NA,NA,NA,NA,NA,NA,NA
"127",1.89760263852695,0.385819199848072,"AZ",2024-06-02,0,1,0,1,1,1,1,0,0,0,1,1,1,1
"128",1.93129114838279,0.377385452390013,"AZ",2024-06-03,0,0,1,1,1,1,1,0,0,0,1,0,1,1
"129",1.0787739423678,0.363225116849502,"AZ",2024-06-04,1,1,1,1,1,1,0,1,0,0,1,1,1,0
"130",1.40592578548357,0.350777396304063,"AZ",2024-06-05,1,0,1,1,1,1,1,1,0,0,1,1,0,0
"131",1.32233481250948,0.303567473030106,"AZ",2024-06-06,0,1,1,1,1,1,1,0,0,0,1,0,1,1
"132",1.12774373283246,0.359073506143561,"AZ",2024-06-07,1,1,0,1,1,1,1,1,0,0,1,0,1,1
"133",1.56873043396231,0.339001785402773,"AZ",2024-06-08,0,1,1,0,1,1,1,0,0,1,0,1,1,1
"134",1.72758541041992,0.431391137751984,"AZ",2024-06-09,0,1,1,1,1,0,1,0,0,0,1,1,0,1
"135",2.47207121651615,0.337245523206297,"AZ",2024-06-10,1,0,1,1,0,1,1,0,0,0,1,0,0,1
"136",3.04669489352112,0.377431999137806,"AZ",2024-06-11,1,1,0,1,0,1,1,0,0,0,0,0,1,1
"137",2.20589064488271,0.359427178387649,"AZ",2024-06-12,1,1,1,1,1,1,1,0,0,0,1,0,0,1
"138",1.82336913032551,0.374029672813486,"AZ",2024-06-13,1,0,1,1,0,1,1,0,0,0,1,0,1,1
"139",1.92628855820601,0.319677093824712,"AZ",2024-06-14,1,1,0,1,1,1,1,0,1,0,1,1,1,1
"140",0.371588332730709,0.294022595960525,"AZ",2024-06-15,1,1,1,1,1,1,1,0,0,1,1,1,1,1
"141",1.32496727192692,0.349882076435497,"AZ",2024-06-16,1,1,1,1,1,1,1,0,0,0,0,0,1,1
"142",4.43360708741587,0.360314009237754,"AZ",2024-06-17,0,1,0,1,0,1,1,0,0,1,1,0,1,1
"143",3.26705066733216,0.376211959511957,"AZ",2024-06-18,1,1,1,1,0,1,1,1,0,1,0,0,1,0
"144",1.23490368468415,0.327919654856262,"AZ",2024-06-19,1,1,1,1,1,1,1,0,1,0,0,1,0,1
"145",1.34571105065964,0.350446150316265,"AZ",2024-06-20,1,0,1,1,1,1,1,0,0,1,1,1,0,0
"146",0.873701776912738,0.323026718404401,"AZ",2024-06-21,1,1,1,1,1,1,1,0,1,0,1,1,1,1
"147",0.423278072652837,0.313451785808242,"AZ",2024-06-22,1,1,1,1,1,1,1,0,0,1,1,1,1,1
"148",1.55583582812146,0.325065781951775,"AZ",2024-06-23,1,1,0,1,1,1,1,0,0,0,1,1,0,1
"149",0.844620072877724,0.363896230362389,"AZ",2024-06-24,1,1,1,1,1,1,1,1,0,1,1,1,0,1
"150",2.74241646995383,0.354891363181731,"AZ",2024-06-25,1,1,0,1,1,1,1,0,0,0,1,0,0,1
"151",2.46591958206817,0.403915909170314,"AZ",2024-06-26,1,0,0,1,0,1,1,0,0,0,1,0,1,1
"152",NA,NA,"AZ",2024-06-27,NA,NA,NA,NA,NA,NA,NA,NA,NA,NA,NA,NA,NA,NA
"153",0.441130768841085,0.318273818853413,"AZ",2024-06-28,1,1,1,1,1,1,1,1,0,0,1,1,1,1
"154",0.988851042832333,0.363249811752495,"AZ",2024-06-29,0,1,1,1,1,1,1,0,1,0,1,0,1,1
"155",2.87742020807483,0.427021107061243,"AZ",2024-06-30,1,1,0,0,0,1,1,0,0,0,0,0,0,1
"156",5.38992806471752,0.427108358794666,"AZ",2024-07-01,1,0,0,1,1,0,0,0,0,0,0,0,0,1
"157",1.68254137451973,0.33208128583889,"AZ",2024-07-02,1,1,1,1,1,1,1,0,0,0,1,0,1,1
"158",NA,NA,"AZ",2024-07-03,NA,NA,NA,NA,NA,NA,NA,NA,NA,NA,NA,NA,NA,NA
"159",1.02444965492152,0.260092625358566,"AZ",2024-07-04,1,1,0,1,1,1,1,1,1,1,1,1,1,1
"160",0.742466583308042,0.424592698860504,"AZ",2024-07-05,1,1,1,1,1,0,1,1,0,0,1,1,0,1
"161",2.12252360020587,0.50559646129125,"AZ",2024-07-06,1,1,1,1,1,0,1,1,0,1,1,0,0,1
"162",0.877957452751022,0.382740745389666,"AZ",2024-07-07,1,1,1,1,0,1,1,1,0,1,1,0,1,1
"163",5.42255783967043,0.418696938142728,"AZ",2024-07-08,1,1,1,1,0,0,1,0,0,0,0,0,0,1
"164",3.18740143998282,0.363319702143999,"AZ",2024-07-09,1,1,1,1,1,1,1,0,0,0,0,1,0,1
"165",2.0474233153632,0.395516507958577,"AZ",2024-07-10,1,1,1,1,1,1,1,1,0,0,0,0,0,1
"166",1.00823465548162,0.420881165187947,"AZ",2024-07-11,1,1,1,1,0,1,1,1,0,0,1,0,1,1
"167",0.689950150930822,0.41587860216762,"AZ",2024-07-12,1,1,1,1,1,1,1,0,1,1,1,1,0,1
"168",NA,NA,"AZ",2024-07-13,NA,NA,NA,NA,NA,NA,NA,NA,NA,NA,NA,NA,NA,NA
"169",8.77490346747292,0.424304181926352,"CA",2024-06-02,0,1,1,1,0,0,0,0,0,0,0,0,0,0
"170",5.77600892333925,0.391696115070708,"CA",2024-06-03,0,1,0,1,0,1,0,0,0,0,1,0,0,0
"171",10.1870073352286,0.408215636143376,"CA",2024-06-04,0,0,0,1,0,1,0,0,0,0,0,0,0,0
"172",10.5651687400093,0.377392444651286,"CA",2024-06-05,1,0,0,1,0,0,0,0,0,0,1,0,0,0
"173",5.66269624153372,0.362433790281792,"CA",2024-06-06,1,1,0,1,0,1,1,0,0,0,0,1,0,1
"174",10.112575555254,0.37080230494055,"CA",2024-06-07,0,0,0,0,1,0,1,0,0,1,1,1,0,1
"175",4.50023267543731,0.400773224192508,"CA",2024-06-08,1,0,1,1,1,0,1,0,0,0,1,1,0,1
"176",5.42445932006431,0.389221034045683,"CA",2024-06-09,1,0,0,1,0,1,1,0,0,0,0,0,0,0
"177",5.61949739829526,0.369554329464033,"CA",2024-06-10,1,1,0,0,1,0,0,0,0,0,0,0,0,0
"178",10.5707348240667,0.394470417653284,"CA",2024-06-11,1,0,0,1,0,1,1,0,0,0,0,0,0,0
"179",5.57126926659406,0.378360597120934,"CA",2024-06-12,1,0,1,1,0,1,1,0,0,0,0,0,0,1
"180",6.80579091125287,0.365222772640452,"CA",2024-06-13,1,0,0,1,0,0,0,0,0,0,1,0,0,0
"181",5.80425282689736,0.412246357899357,"CA",2024-06-14,1,0,1,1,0,0,0,0,0,0,0,0,0,0
"182",3.37509311575289,0.411542856921719,"CA",2024-06-15,1,1,1,1,0,1,0,0,0,0,0,0,0,0
"183",3.97329444475407,0.348062145960474,"CA",2024-06-16,1,0,0,1,1,1,1,0,0,0,0,0,0,1
"184",5.00622141423691,0.388842629610266,"CA",2024-06-17,1,0,0,1,0,1,0,0,0,0,1,0,0,0
"185",8.04092096464859,0.377547527186254,"CA",2024-06-18,1,1,0,1,1,0,1,0,0,0,1,0,0,0
"186",7.99655986450595,0.384966937146707,"CA",2024-06-19,1,0,0,0,0,1,1,0,0,0,0,0,0,1
"187",4.61052673453522,0.386263806242011,"CA",2024-06-20,1,1,0,0,1,1,0,1,0,0,0,0,0,0
"188",4.10680887706726,0.358205452973011,"CA",2024-06-21,1,1,1,1,0,0,1,0,0,0,1,0,0,1
"189",4.76962816625326,0.39618098590095,"CA",2024-06-22,1,1,0,1,0,0,1,1,1,0,0,0,0,1
"190",5.11763169045192,0.396775203140913,"CA",2024-06-23,1,1,0,1,0,1,1,0,0,0,0,0,0,1
"191",9.80669334740917,0.433481476206616,"CA",2024-06-24,0,0,0,1,0,1,1,0,0,0,0,0,0,1
"192",11.2927385851065,0.39995163104336,"CA",2024-06-25,1,0,0,1,0,1,0,0,0,0,0,0,0,0
"193",27.7119127701755,0.399354070778046,"CA",2024-06-26,0,1,0,0,0,0,0,1,0,0,0,0,0,0
"194",19.2448630101896,0.398785316991836,"CA",2024-06-27,1,1,0,1,0,0,0,0,0,0,1,0,0,0
"195",19.1639662742145,0.406571056149089,"CA",2024-06-28,1,0,0,1,0,1,0,0,0,0,0,0,0,0
"196",14.4447315011469,0.404555993398178,"CA",2024-06-29,1,0,0,1,0,0,0,0,0,0,0,0,0,0
"197",5.71865484244328,0.376971968072665,"CA",2024-06-30,1,1,1,0,0,1,1,0,0,0,0,0,0,1
"198",18.8999268348556,0.389707137997505,"CA",2024-07-01,1,1,0,1,0,0,1,0,0,0,0,0,0,1
"199",13.4151949251248,0.408172612769013,"CA",2024-07-02,1,0,0,1,0,1,0,0,0,0,0,0,0,0
"200",16.2937629210476,0.410781119434017,"CA",2024-07-03,1,0,0,0,0,1,0,1,0,0,0,0,0,0
"201",4.66530773851917,0.403074367711602,"CA",2024-07-04,1,1,0,1,0,1,1,0,0,0,0,0,0,1
"202",8.21281001723858,0.400989702116621,"CA",2024-07-05,1,0,0,1,0,1,0,0,0,0,0,0,0,0
"203",5.89729214117003,0.397955176448836,"CA",2024-07-06,1,1,0,1,0,1,0,0,0,0,1,0,0,0
"204",8.68854393840559,0.393166841900679,"CA",2024-07-07,1,0,0,1,0,1,0,0,0,0,0,0,0,1
"205",7.52316768760509,0.393296605445112,"CA",2024-07-08,1,0,0,1,0,1,0,0,1,0,0,0,0,0
"206",7.43145085475871,0.385389869874686,"CA",2024-07-09,1,1,1,1,0,1,1,0,0,1,1,0,0,1
"207",12.2983829056796,0.416634249058265,"CA",2024-07-10,0,1,1,1,0,1,1,0,0,0,1,0,0,1
"208",11.407292864317,0.408740737565956,"CA",2024-07-11,1,0,1,1,0,1,1,0,0,0,0,0,0,1
"209",16.4188815121396,0.407788348713388,"CA",2024-07-12,1,1,0,0,0,1,1,0,0,0,0,0,0,0
"210",5.44766590923963,0.41241355931418,"CA",2024-07-13,1,1,0,1,0,1,1,0,0,0,0,0,0,1
"211",NA,NA,"CO",2024-06-02,NA,NA,NA,NA,NA,NA,NA,NA,NA,NA,NA,NA,NA,NA
"212",NA,NA,"CO",2024-06-03,NA,NA,NA,NA,NA,NA,NA,NA,NA,NA,NA,NA,NA,NA
"213",0.532143475207841,0.375121433283693,"CO",2024-06-04,1,1,1,1,1,1,1,1,1,1,1,1,1,1
"214",1.14865600667705,0.375010147301713,"CO",2024-06-05,1,0,1,1,1,1,1,1,0,1,1,0,1,1
"215",0.325502634127684,0.276225273554798,"CO",2024-06-06,1,1,1,1,1,1,1,0,0,1,1,1,1,1
"216",NA,NA,"CO",2024-06-07,NA,NA,NA,NA,NA,NA,NA,NA,NA,NA,NA,NA,NA,NA
"217",NA,NA,"CO",2024-06-08,NA,NA,NA,NA,NA,NA,NA,NA,NA,NA,NA,NA,NA,NA
"218",NA,NA,"CO",2024-06-09,NA,NA,NA,NA,NA,NA,NA,NA,NA,NA,NA,NA,NA,NA
"219",2.00000005025821,0.369864938919096,"CO",2024-06-10,0,1,0,1,1,1,1,1,1,0,0,1,1,1
"220",0.652618164872735,0.367010985170754,"CO",2024-06-11,1,1,0,1,1,1,1,1,0,0,1,1,1,1
"221",0.514578094289575,0.374929075362605,"CO",2024-06-12,1,1,1,1,1,1,1,1,0,1,0,1,1,1
"222",0.336348846101523,0.29345797798146,"CO",2024-06-13,1,1,1,1,1,1,1,0,1,0,1,1,1,1
"223",0.346922680503199,0.29604915533354,"CO",2024-06-14,1,1,1,1,1,1,1,0,0,1,1,1,1,1
"224",NA,NA,"CO",2024-06-15,NA,NA,NA,NA,NA,NA,NA,NA,NA,NA,NA,NA,NA,NA
"225",NA,NA,"CO",2024-06-16,NA,NA,NA,NA,NA,NA,NA,NA,NA,NA,NA,NA,NA,NA
"226",0.506730778823713,0.375152574174501,"CO",2024-06-17,1,1,1,1,1,1,1,0,0,1,1,1,1,1
"227",NA,NA,"CO",2024-06-18,NA,NA,NA,NA,NA,NA,NA,NA,NA,NA,NA,NA,NA,NA
"228",0.34803645855745,0.309309522156618,"CO",2024-06-19,1,1,1,1,1,1,1,0,0,1,1,1,1,1
"229",NA,NA,"CO",2024-06-20,NA,NA,NA,NA,NA,NA,NA,NA,NA,NA,NA,NA,NA,NA
"230",0.800237354543273,0.554226320052958,"CO",2024-06-21,1,1,1,1,0,1,1,1,0,1,1,0,1,1
"231",NA,NA,"CO",2024-06-22,NA,NA,NA,NA,NA,NA,NA,NA,NA,NA,NA,NA,NA,NA
"232",NA,NA,"CO",2024-06-23,NA,NA,NA,NA,NA,NA,NA,NA,NA,NA,NA,NA,NA,NA
"233",NA,NA,"CO",2024-06-24,NA,NA,NA,NA,NA,NA,NA,NA,NA,NA,NA,NA,NA,NA
"234",0.853436365642785,0.429447229766189,"CO",2024-06-25,1,1,1,1,1,0,1,0,0,1,1,1,0,0
"235",1.08320965173529,0.427535352668793,"CO",2024-06-26,1,1,1,1,0,1,1,1,1,1,1,0,0,1
"236",0.646984913935558,0.359614250622709,"CO",2024-06-27,1,1,0,1,1,1,1,0,1,0,1,1,1,1
"237",0.510601113690243,0.373592578673846,"CO",2024-06-28,1,1,1,1,1,1,1,0,0,1,1,1,1,1
"238",NA,NA,"CO",2024-06-29,NA,NA,NA,NA,NA,NA,NA,NA,NA,NA,NA,NA,NA,NA
"239",NA,NA,"CO",2024-06-30,NA,NA,NA,NA,NA,NA,NA,NA,NA,NA,NA,NA,NA,NA
"240",0.527335120941492,0.372404348596892,"CO",2024-07-01,1,0,1,1,1,1,1,1,0,0,1,1,1,1
"241",NA,NA,"CO",2024-07-02,NA,NA,NA,NA,NA,NA,NA,NA,NA,NA,NA,NA,NA,NA
"242",NA,NA,"CO",2024-07-03,NA,NA,NA,NA,NA,NA,NA,NA,NA,NA,NA,NA,NA,NA
"243",NA,NA,"CO",2024-07-04,NA,NA,NA,NA,NA,NA,NA,NA,NA,NA,NA,NA,NA,NA
"244",0.662537939731319,0.359222011621413,"CO",2024-07-05,1,1,0,1,1,1,1,1,0,0,1,1,1,1
"245",NA,NA,"CO",2024-07-06,NA,NA,NA,NA,NA,NA,NA,NA,NA,NA,NA,NA,NA,NA
"246",NA,NA,"CO",2024-07-07,NA,NA,NA,NA,NA,NA,NA,NA,NA,NA,NA,NA,NA,NA
"247",0.662937808612664,0.359105409271367,"CO",2024-07-08,1,1,0,1,1,1,1,1,1,1,1,1,1,1
"248",NA,NA,"CO",2024-07-09,NA,NA,NA,NA,NA,NA,NA,NA,NA,NA,NA,NA,NA,NA
"249",0.672869802185335,0.359056855183984,"CO",2024-07-10,1,1,0,1,1,1,1,1,1,0,0,1,1,1
"250",0.834172701397095,0.396079571301215,"CO",2024-07-11,1,1,1,1,1,0,1,1,0,1,1,1,0,1
"251",0.66099709751003,0.421141060408338,"CO",2024-07-12,1,1,1,1,1,0,1,1,1,1,1,1,1,1
"252",NA,NA,"CO",2024-07-13,NA,NA,NA,NA,NA,NA,NA,NA,NA,NA,NA,NA,NA,NA
"253",NA,NA,"CT",2024-06-02,NA,NA,NA,NA,NA,NA,NA,NA,NA,NA,NA,NA,NA,NA
"254",NA,NA,"CT",2024-06-03,NA,NA,NA,NA,NA,NA,NA,NA,NA,NA,NA,NA,NA,NA
"255",NA,NA,"CT",2024-06-04,NA,NA,NA,NA,NA,NA,NA,NA,NA,NA,NA,NA,NA,NA
"256",0.336427094486136,0.247539587530008,"CT",2024-06-05,1,1,1,1,1,1,1,1,1,1,1,1,1,1
"257",NA,NA,"CT",2024-06-06,NA,NA,NA,NA,NA,NA,NA,NA,NA,NA,NA,NA,NA,NA
"258",0.734738384535133,0.384642712129153,"CT",2024-06-07,1,1,1,1,0,1,1,0,1,1,1,0,1,1
"259",NA,NA,"CT",2024-06-08,NA,NA,NA,NA,NA,NA,NA,NA,NA,NA,NA,NA,NA,NA
"260",NA,NA,"CT",2024-06-09,NA,NA,NA,NA,NA,NA,NA,NA,NA,NA,NA,NA,NA,NA
"261",1.03526265069165,0.367124396728885,"CT",2024-06-10,1,1,1,1,1,1,1,0,0,0,1,1,1,1
"262",NA,NA,"CT",2024-06-11,NA,NA,NA,NA,NA,NA,NA,NA,NA,NA,NA,NA,NA,NA
"263",0.631211567773675,0.413189091839325,"CT",2024-06-12,1,1,0,1,1,1,1,0,1,0,1,1,1,1
"264",NA,NA,"CT",2024-06-13,NA,NA,NA,NA,NA,NA,NA,NA,NA,NA,NA,NA,NA,NA
"265",0.795190316297703,0.394267610626412,"CT",2024-06-14,1,1,1,1,0,1,1,1,0,1,1,0,1,1
"266",NA,NA,"CT",2024-06-15,NA,NA,NA,NA,NA,NA,NA,NA,NA,NA,NA,NA,NA,NA
"267",NA,NA,"CT",2024-06-16,NA,NA,NA,NA,NA,NA,NA,NA,NA,NA,NA,NA,NA,NA
"268",0.387331810754753,0.288537314367875,"CT",2024-06-17,1,1,1,1,1,1,1,0,0,1,1,1,1,1
"269",0.394970543904552,0.291797320647946,"CT",2024-06-18,1,1,1,1,1,1,1,1,1,1,1,1,1,1
"270",0.539246257364842,0.351382937227006,"CT",2024-06-19,1,1,1,1,1,1,1,0,0,0,1,0,1,1
"271",NA,NA,"CT",2024-06-20,NA,NA,NA,NA,NA,NA,NA,NA,NA,NA,NA,NA,NA,NA
"272",NA,NA,"CT",2024-06-21,NA,NA,NA,NA,NA,NA,NA,NA,NA,NA,NA,NA,NA,NA
"273",0.412727395266795,0.304646780072955,"CT",2024-06-22,1,1,1,1,1,1,1,0,1,1,1,0,1,1
"274",NA,NA,"CT",2024-06-23,NA,NA,NA,NA,NA,NA,NA,NA,NA,NA,NA,NA,NA,NA
"275",0.945530693695187,0.310942686044852,"CT",2024-06-24,0,1,1,1,1,1,1,0,0,1,1,1,1,1
"276",0.815193017119331,0.464779626871032,"CT",2024-06-25,1,1,1,1,1,0,1,1,1,0,1,1,0,1
"277",NA,NA,"CT",2024-06-26,NA,NA,NA,NA,NA,NA,NA,NA,NA,NA,NA,NA,NA,NA
"278",2.10593366700611,0.320161296284376,"CT",2024-06-27,0,1,1,1,1,1,1,0,1,0,1,1,1,1
"279",0.797138383143924,0.402695976926622,"CT",2024-06-28,1,1,1,1,0,1,1,1,0,1,1,0,1,1
"280",NA,NA,"CT",2024-06-29,NA,NA,NA,NA,NA,NA,NA,NA,NA,NA,NA,NA,NA,NA
"281",0.823934177718546,0.338699085752497,"CT",2024-06-30,1,1,1,1,1,1,1,0,0,1,1,1,1,1
"282",0.97002019381055,0.331802361921499,"CT",2024-07-01,0,1,1,1,1,1,1,1,1,1,1,1,1,1
"283",0.807328610104512,0.405548718496622,"CT",2024-07-02,1,1,1,1,0,1,1,0,1,1,1,0,1,1
"284",0.995152948868392,0.455006941373371,"CT",2024-07-03,1,1,1,1,0,1,1,1,0,1,1,1,0,1
"285",0.746885299438738,0.474096196738883,"CT",2024-07-04,1,1,1,1,0,1,1,0,1,1,1,0,1,1
"286",0.488333401952598,0.359964233994754,"CT",2024-07-05,1,1,1,1,1,1,1,1,1,1,1,1,1,1
"287",0.815770957769276,0.408271772495583,"CT",2024-07-06,1,1,1,1,0,1,1,0,1,1,1,0,1,1
"288",NA,NA,"CT",2024-07-07,NA,NA,NA,NA,NA,NA,NA,NA,NA,NA,NA,NA,NA,NA
"289",NA,NA,"CT",2024-07-08,NA,NA,NA,NA,NA,NA,NA,NA,NA,NA,NA,NA,NA,NA
"290",1.49978051958546,0.433805229228849,"CT",2024-07-09,1,1,1,1,0,1,1,1,0,1,1,0,1,1
"291",0.957711578257021,0.423305991740626,"CT",2024-07-10,1,1,1,1,0,1,1,0,1,0,1,1,1,1
"292",NA,NA,"CT",2024-07-11,NA,NA,NA,NA,NA,NA,NA,NA,NA,NA,NA,NA,NA,NA
"293",0.604663625619589,0.378272787436831,"CT",2024-07-12,1,1,0,1,1,1,1,1,0,0,1,1,1,1
"294",NA,NA,"CT",2024-07-13,NA,NA,NA,NA,NA,NA,NA,NA,NA,NA,NA,NA,NA,NA
"295",NA,NA,"DC",2024-06-02,NA,NA,NA,NA,NA,NA,NA,NA,NA,NA,NA,NA,NA,NA
"296",0.547697627177133,0.137114781135329,"DC",2024-06-03,1,1,1,1,1,1,1,1,1,1,1,1,1,1
"297",0.552670305741793,0.138387389335097,"DC",2024-06-04,1,1,1,1,1,1,1,0,1,0,1,1,1,1
"298",0.66848920484525,0.481503566732477,"DC",2024-06-05,1,0,1,1,1,1,1,0,0,1,1,1,1,1
"299",NA,NA,"DC",2024-06-06,NA,NA,NA,NA,NA,NA,NA,NA,NA,NA,NA,NA,NA,NA
"300",NA,NA,"DC",2024-06-07,NA,NA,NA,NA,NA,NA,NA,NA,NA,NA,NA,NA,NA,NA
"301",NA,NA,"DC",2024-06-08,NA,NA,NA,NA,NA,NA,NA,NA,NA,NA,NA,NA,NA,NA
"302",NA,NA,"DC",2024-06-09,NA,NA,NA,NA,NA,NA,NA,NA,NA,NA,NA,NA,NA,NA
"303",NA,NA,"DC",2024-06-10,NA,NA,NA,NA,NA,NA,NA,NA,NA,NA,NA,NA,NA,NA
"304",0.221931049266321,0.146983601578973,"DC",2024-06-11,1,1,1,1,1,1,1,1,1,1,1,1,1,1
"305",0.543803300687044,0.322407413799552,"DC",2024-06-12,1,1,1,1,1,1,1,1,0,0,1,1,1,1
"306",1.16934135949011,0.404885576482288,"DC",2024-06-13,1,1,0,1,1,1,1,0,0,0,1,1,1,1
"307",1.16045818914908,0.552077949254275,"DC",2024-06-14,1,1,1,1,0,1,1,0,1,0,1,0,1,1
"308",0.217136059187767,0.151755091937545,"DC",2024-06-15,1,1,1,1,1,1,1,1,1,1,1,1,1,1
"309",NA,NA,"DC",2024-06-16,NA,NA,NA,NA,NA,NA,NA,NA,NA,NA,NA,NA,NA,NA
"310",0.542164192158015,0.318184771958024,"DC",2024-06-17,1,1,1,1,1,1,1,0,1,0,1,1,1,1
"311",0.658013700715239,0.48452911378593,"DC",2024-06-18,1,0,1,1,1,1,1,0,0,1,1,1,1,1
"312",0.222431907138249,0.156550461020642,"DC",2024-06-19,1,1,1,1,1,1,1,1,1,1,1,1,1,1
"313",NA,NA,"DC",2024-06-20,NA,NA,NA,NA,NA,NA,NA,NA,NA,NA,NA,NA,NA,NA
"314",0.701369571166145,0.470982070833662,"DC",2024-06-21,1,1,0,1,1,1,1,0,1,0,1,1,1,1
"315",NA,NA,"DC",2024-06-22,NA,NA,NA,NA,NA,NA,NA,NA,NA,NA,NA,NA,NA,NA
"316",NA,NA,"DC",2024-06-23,NA,NA,NA,NA,NA,NA,NA,NA,NA,NA,NA,NA,NA,NA
"317",1.41815420161727,0.487087422077311,"DC",2024-06-24,1,0,1,1,1,1,1,0,0,0,1,1,1,1
"318",NA,NA,"DC",2024-06-25,NA,NA,NA,NA,NA,NA,NA,NA,NA,NA,NA,NA,NA,NA
"319",NA,NA,"DC",2024-06-26,NA,NA,NA,NA,NA,NA,NA,NA,NA,NA,NA,NA,NA,NA
"320",0.69788574090818,0.45387815424526,"DC",2024-06-27,1,1,0,1,1,1,1,0,1,0,1,1,1,1
"321",NA,NA,"DC",2024-06-28,NA,NA,NA,NA,NA,NA,NA,NA,NA,NA,NA,NA,NA,NA
"322",NA,NA,"DC",2024-06-29,NA,NA,NA,NA,NA,NA,NA,NA,NA,NA,NA,NA,NA,NA
"323",0.529867710645024,0.330527083590955,"DC",2024-06-30,1,1,1,1,1,1,1,0,0,1,1,1,1,1
"324",0.524610287688951,0.331525070524391,"DC",2024-07-01,1,1,1,1,1,1,1,1,0,0,1,1,1,1
"325",0.821735691623136,0.618409772956796,"DC",2024-07-02,1,1,1,1,1,0,1,0,1,1,1,1,0,1
"326",0.814714163710346,0.615742330274932,"DC",2024-07-03,1,1,1,1,1,0,1,1,1,0,1,1,0,1
"327",0.875322124404589,0.587044817824413,"DC",2024-07-04,1,1,1,1,0,1,1,0,1,1,1,0,1,1
"328",NA,NA,"DC",2024-07-05,NA,NA,NA,NA,NA,NA,NA,NA,NA,NA,NA,NA,NA,NA
"329",NA,NA,"DC",2024-07-06,NA,NA,NA,NA,NA,NA,NA,NA,NA,NA,NA,NA,NA,NA
"330",NA,NA,"DC",2024-07-07,NA,NA,NA,NA,NA,NA,NA,NA,NA,NA,NA,NA,NA,NA
"331",NA,NA,"DC",2024-07-08,NA,NA,NA,NA,NA,NA,NA,NA,NA,NA,NA,NA,NA,NA
"332",NA,NA,"DC",2024-07-09,NA,NA,NA,NA,NA,NA,NA,NA,NA,NA,NA,NA,NA,NA
"333",NA,NA,"DC",2024-07-10,NA,NA,NA,NA,NA,NA,NA,NA,NA,NA,NA,NA,NA,NA
"334",0.559208260355663,0.343408425622405,"DC",2024-07-11,1,1,1,1,1,1,1,0,0,1,1,1,1,1
"335",0.849221168410216,0.323784389894815,"DC",2024-07-12,1,1,1,1,0,1,1,0,1,1,1,0,1,1
"336",0.816517483995439,0.577261934244202,"DC",2024-07-13,1,1,1,1,1,0,1,0,1,1,1,1,0,1
"337",NA,NA,"DE",2024-06-02,NA,NA,NA,NA,NA,NA,NA,NA,NA,NA,NA,NA,NA,NA
"338",NA,NA,"DE",2024-06-03,NA,NA,NA,NA,NA,NA,NA,NA,NA,NA,NA,NA,NA,NA
"339",NA,NA,"DE",2024-06-04,NA,NA,NA,NA,NA,NA,NA,NA,NA,NA,NA,NA,NA,NA
"340",1.19792403067168,0.219139795470693,"DE",2024-06-05,0,1,1,1,1,1,1,0,1,0,1,1,1,1
"341",NA,NA,"DE",2024-06-06,NA,NA,NA,NA,NA,NA,NA,NA,NA,NA,NA,NA,NA,NA
"342",0.704003227796923,0.398053182570031,"DE",2024-06-07,1,1,1,1,0,1,1,1,0,1,1,0,1,1
"343",NA,NA,"DE",2024-06-08,NA,NA,NA,NA,NA,NA,NA,NA,NA,NA,NA,NA,NA,NA
"344",NA,NA,"DE",2024-06-09,NA,NA,NA,NA,NA,NA,NA,NA,NA,NA,NA,NA,NA,NA
"345",0.599053921083507,0.370922770887593,"DE",2024-06-10,1,1,0,1,1,1,1,1,1,0,1,0,1,1
"346",0.587153667518599,0.36854908003296,"DE",2024-06-11,1,1,0,1,1,1,1,1,1,1,1,1,1,1
"347",NA,NA,"DE",2024-06-12,NA,NA,NA,NA,NA,NA,NA,NA,NA,NA,NA,NA,NA,NA
"348",0.579819683277785,0.36434179905157,"DE",2024-06-13,1,1,0,1,1,1,1,0,1,0,1,1,1,1
"349",NA,NA,"DE",2024-06-14,NA,NA,NA,NA,NA,NA,NA,NA,NA,NA,NA,NA,NA,NA
"350",NA,NA,"DE",2024-06-15,NA,NA,NA,NA,NA,NA,NA,NA,NA,NA,NA,NA,NA,NA
"351",1.51561015138703,0.493245627259749,"DE",2024-06-16,1,1,1,1,1,0,1,1,1,0,1,1,0,1
"352",1.03075909325709,0.529111968047863,"DE",2024-06-17,1,1,1,1,1,0,1,0,0,0,1,1,0,1
"353",0.960342029779271,0.498085134679273,"DE",2024-06-18,1,1,1,1,0,1,1,0,1,1,1,0,1,1
"354",1.08240625297918,0.379165001057733,"DE",2024-06-19,1,0,1,1,1,1,1,1,0,0,1,1,1,1
"355",NA,NA,"DE",2024-06-20,NA,NA,NA,NA,NA,NA,NA,NA,NA,NA,NA,NA,NA,NA
"356",1.10101658397553,0.350143067939438,"DE",2024-06-21,1,1,1,1,1,1,1,0,1,0,1,1,1,1
"357",1.09241322350729,0.348493504270707,"DE",2024-06-22,1,0,1,1,1,1,1,1,0,0,1,1,1,1
"358",0.959414575445596,0.333824674993272,"DE",2024-06-23,1,1,1,1,1,1,1,0,0,1,1,1,1,1
"359",0.976119911543484,0.52138641930864,"DE",2024-06-24,1,1,1,1,1,0,1,1,1,0,1,1,0,1
"360",2.05693676355847,0.44369862225083,"DE",2024-06-25,1,0,1,1,1,1,1,0,0,0,1,1,1,1
"361",1.43357039167135,0.446154949543164,"DE",2024-06-26,0,0,1,1,1,1,1,0,0,1,1,1,1,1
"362",1.24171957085478,0.351923206637203,"DE",2024-06-27,1,1,0,1,1,1,1,0,0,0,1,1,1,1
"363",1.33369087680735,0.423732162557516,"DE",2024-06-28,1,1,1,1,0,1,1,0,0,1,1,0,1,1
"364",0.342450739265899,0.25620311209491,"DE",2024-06-29,1,1,1,1,1,1,1,0,1,1,0,1,1,1
"365",0.79762855833337,0.414631513477116,"DE",2024-06-30,1,1,1,1,1,1,1,0,0,0,1,0,1,1
"366",1.66058522552108,0.41723272049104,"DE",2024-07-01,0,1,1,1,1,1,1,1,0,0,1,1,0,1
"367",0.78214552206579,0.399843198090217,"DE",2024-07-02,1,1,1,1,1,1,1,1,1,1,1,1,1,1
"368",1.1328670351338,0.303105060093813,"DE",2024-07-03,0,1,1,1,1,1,1,0,1,0,1,1,1,1
"369",NA,NA,"DE",2024-07-04,NA,NA,NA,NA,NA,NA,NA,NA,NA,NA,NA,NA,NA,NA
"370",NA,NA,"DE",2024-07-05,NA,NA,NA,NA,NA,NA,NA,NA,NA,NA,NA,NA,NA,NA
"371",1.70749230108081,0.365061473764063,"DE",2024-07-06,1,0,1,1,1,1,1,0,0,1,1,0,0,1
"372",2.21242204694575,0.464300517309639,"DE",2024-07-07,0,1,1,1,0,1,1,0,0,0,0,0,0,1
"373",1.74879358766647,0.469893040297588,"DE",2024-07-08,1,1,1,1,0,1,1,0,0,0,1,0,0,1
"374",1.34126127142706,0.421403255904887,"DE",2024-07-09,1,1,1,1,0,1,1,1,0,0,1,0,1,1
"375",0.914083246713159,0.471510547754767,"DE",2024-07-10,1,1,1,1,1,0,1,1,0,0,1,1,0,1
"376",0.575727073905165,0.351783346801769,"DE",2024-07-11,1,1,1,1,1,1,1,0,0,1,1,1,1,1
"377",0.903829995492872,0.311817651173624,"DE",2024-07-12,1,1,1,1,1,1,1,0,0,0,1,1,1,1
"378",1.73849329329815,0.436695312788661,"DE",2024-07-13,1,1,1,1,1,0,1,0,0,0,1,0,0,1
"379",2.37543759025801,0.32189572862889,"FL",2024-06-02,1,0,0,1,1,1,1,0,0,1,0,0,1,1
"380",0.917694940604205,0.357506867784115,"FL",2024-06-03,1,1,1,1,1,1,1,0,0,0,0,1,1,1
"381",1.43175246525427,0.395642433877388,"FL",2024-06-04,1,1,1,1,1,1,1,0,1,0,1,1,0,1
"382",3.20777841729686,0.428054231786282,"FL",2024-06-05,1,0,1,1,0,1,1,1,0,0,1,0,1,1
"383",1.06599440685387,0.361403547356336,"FL",2024-06-06,1,1,0,1,1,1,1,0,0,0,1,1,1,1
"384",1.33921296121181,0.33882073903989,"FL",2024-06-07,1,0,1,1,1,1,1,0,0,0,1,1,0,1
"385",1.98624014075902,0.3307411583549,"FL",2024-06-08,1,0,0,1,1,1,1,0,0,0,1,0,0,1
"386",1.07441572727561,0.359670235807053,"FL",2024-06-09,1,1,1,1,1,1,1,0,0,1,1,0,1,1
"387",2.07878492065264,0.379987160496819,"FL",2024-06-10,1,0,1,1,1,0,1,0,0,0,0,1,0,1
"388",1.30191932109872,0.363829903803802,"FL",2024-06-11,1,1,0,1,1,1,1,0,1,1,1,0,1,1
"389",2.74394649195483,0.346476033744018,"FL",2024-06-12,0,0,1,1,1,1,1,0,0,0,1,0,0,1
"390",1.78841053181982,0.386989791643798,"FL",2024-06-13,1,1,1,1,0,1,1,0,0,1,1,0,0,1
"391",2.37335714962291,0.402587087949784,"FL",2024-06-14,1,1,1,1,0,1,1,1,0,1,1,0,0,1
"392",0.563084569533393,0.348145451346679,"FL",2024-06-15,1,1,1,1,1,1,1,0,0,0,1,1,0,1
"393",1.56997128408084,0.335158213224327,"FL",2024-06-16,1,1,0,1,1,1,1,0,1,0,1,0,1,1
"394",6.53013470901019,0.4151628088144,"FL",2024-06-17,0,0,0,1,0,1,1,0,0,0,1,0,0,1
"395",4.33900116284161,0.42583951450672,"FL",2024-06-18,0,0,0,1,0,1,1,0,0,0,1,0,1,1
"396",4.37952031510381,0.405391571696687,"FL",2024-06-19,0,1,0,1,0,1,1,0,1,0,1,0,0,1
"397",4.24754103102889,0.399743947223201,"FL",2024-06-20,0,1,0,1,1,1,1,0,0,0,1,0,0,0
"398",2.04354620204259,0.359197643986874,"FL",2024-06-21,1,0,1,1,1,1,1,0,0,0,1,0,0,1
"399",2.40714376557462,0.430856994666424,"FL",2024-06-22,1,1,1,1,0,1,1,1,0,0,1,0,0,1
"400",2.24457538008727,0.379889025104614,"FL",2024-06-23,0,1,1,1,1,1,1,0,0,0,0,0,0,1
"401",6.00084642407809,0.430202755387239,"FL",2024-06-24,0,1,0,1,0,0,1,0,1,0,1,0,0,1
"402",2.7913183283821,0.397554660093396,"FL",2024-06-25,1,0,0,1,1,1,1,1,0,0,0,1,0,1
"403",8.75596844307523,0.417330874758001,"FL",2024-06-26,0,0,0,1,0,1,1,0,0,0,1,0,0,1
"404",7.06025711175975,0.419413703748368,"FL",2024-06-27,0,0,0,1,1,1,1,0,0,1,1,1,0,1
"405",6.7310091902612,0.415553949121046,"FL",2024-06-28,1,1,0,1,0,1,1,0,0,0,1,0,0,1
"406",2.13700792811922,0.440264709320835,"FL",2024-06-29,0,1,0,1,1,0,1,0,1,0,1,1,1,1
"407",4.90355470109759,0.392015483785119,"FL",2024-06-30,0,1,1,1,1,1,1,0,0,0,1,0,0,1
"408",4.81558372008762,0.422312252968867,"FL",2024-07-01,0,1,0,0,1,1,1,0,0,0,0,0,0,1
"409",6.30941183251032,0.412582834877494,"FL",2024-07-02,0,1,0,1,0,1,1,0,0,0,1,0,0,1
"410",4.42003684520837,0.416193952431607,"FL",2024-07-03,0,1,0,1,1,1,1,0,1,0,1,1,0,0
"411",NA,NA,"FL",2024-07-04,NA,NA,NA,NA,NA,NA,NA,NA,NA,NA,NA,NA,NA,NA
"412",2.82756831743819,0.398813478574198,"FL",2024-07-05,0,1,0,1,0,1,1,1,0,0,1,0,0,1
"413",2.17503721361016,0.458769510635378,"FL",2024-07-06,1,1,0,1,0,0,1,0,0,0,1,0,1,1
"414",NA,NA,"FL",2024-07-07,NA,NA,NA,NA,NA,NA,NA,NA,NA,NA,NA,NA,NA,NA
"415",10.4404783343922,0.438332488174605,"FL",2024-07-08,0,0,0,1,0,0,1,0,0,0,1,0,0,1
"416",9.31547001130622,0.428410215921759,"FL",2024-07-09,0,0,1,1,0,1,1,0,0,0,0,0,0,1
"417",6.03356126939313,0.432260610799433,"FL",2024-07-10,0,1,0,1,1,1,1,0,0,0,1,0,0,1
"418",6.0364461895085,0.43931480661431,"FL",2024-07-11,0,0,0,1,0,1,1,0,0,0,1,0,0,1
"419",5.30471003774528,0.427989195169073,"FL",2024-07-12,0,1,0,0,1,1,1,0,0,0,0,0,0,1
"420",2.75118627293053,0.451356953373663,"FL",2024-07-13,1,0,1,1,1,0,1,0,0,0,0,0,1,1
"421",NA,NA,"GA",2024-06-02,NA,NA,NA,NA,NA,NA,NA,NA,NA,NA,NA,NA,NA,NA
"422",2.02843647315095,0.495683731894874,"GA",2024-06-03,0,0,1,1,1,1,1,0,0,1,1,0,1,1
"423",1.05451246772459,0.57696361680436,"GA",2024-06-04,1,1,1,1,1,0,1,0,0,1,1,0,0,1
"424",0.551573165253476,0.3819110039438,"GA",2024-06-05,1,1,1,1,1,1,1,0,0,1,1,1,1,1
"425",0.647545493933504,0.516649004180695,"GA",2024-06-06,1,1,0,1,1,1,1,1,1,1,1,1,1,1
"426",1.25700086182195,0.49282701683664,"GA",2024-06-07,1,1,1,0,1,1,1,0,0,1,0,0,1,1
"427",0.548667767159122,0.325737367808084,"GA",2024-06-08,1,1,1,1,1,1,1,0,1,0,1,1,1,1
"428",1.3893675169776,0.506825026526279,"GA",2024-06-09,1,1,0,1,1,1,1,0,0,0,1,1,1,1
"429",0.796350657921724,0.42293139454098,"GA",2024-06-10,1,1,1,1,0,1,1,0,0,1,1,0,1,1
"430",1.19083498309148,0.300946584003545,"GA",2024-06-11,1,1,1,1,1,1,1,0,0,0,1,1,1,0
"431",1.58445891314746,0.443893607853608,"GA",2024-06-12,1,1,0,1,1,1,1,0,0,0,1,0,1,1
"432",0.324220621324178,0.154714138034821,"GA",2024-06-13,1,1,1,1,1,1,1,0,1,1,1,0,1,1
"433",NA,NA,"GA",2024-06-14,NA,NA,NA,NA,NA,NA,NA,NA,NA,NA,NA,NA,NA,NA
"434",1.41594313888825,0.524612232317742,"GA",2024-06-15,1,0,1,1,0,1,1,0,0,1,1,0,1,1
"435",1.23711163780677,0.563956508968017,"GA",2024-06-16,1,1,1,1,0,1,1,0,1,0,1,1,0,1
"436",0.955060905008434,0.390802994363535,"GA",2024-06-17,1,1,1,1,1,1,1,0,0,1,1,1,1,1
"437",0.819526794412078,0.272606556492968,"GA",2024-06-18,1,1,1,1,1,1,1,0,1,0,1,1,1,1
"438",1.36549952315306,0.32907243178987,"GA",2024-06-19,1,1,1,1,1,1,0,0,0,1,1,1,0,0
"439",2.59211531742529,0.469243872614839,"GA",2024-06-20,0,0,1,1,1,1,1,0,0,0,1,1,0,1
"440",1.24459903546998,0.430831904234003,"GA",2024-06-21,1,1,1,0,1,1,1,0,0,0,0,0,0,1
"441",1.19101185607075,0.418200863744685,"GA",2024-06-22,1,1,0,1,1,1,1,0,0,0,1,0,0,1
"442",1.48373398934545,0.466718499898577,"GA",2024-06-23,1,1,1,1,0,1,1,1,1,1,1,1,1,1
"443",0.789177580199416,0.395740523916586,"GA",2024-06-24,1,1,1,1,0,1,1,0,0,0,1,0,1,1
"444",1.24212341975407,0.324629180224314,"GA",2024-06-25,1,1,0,1,1,1,1,1,1,0,1,0,0,1
"445",1.65638457236035,0.462253551958725,"GA",2024-06-26,1,1,1,1,0,1,1,0,0,0,1,0,0,1
"446",1.16705211828452,0.341918586400727,"GA",2024-06-27,1,1,1,1,1,1,0,0,1,1,1,1,1,0
"447",1.59113302305774,0.454503609028898,"GA",2024-06-28,1,0,0,1,1,1,1,0,0,0,1,1,0,1
"448",0.839926777397398,0.638067010367161,"GA",2024-06-29,1,1,1,0,1,1,1,0,1,1,0,1,1,1
"449",1.13646272764657,0.540703496385419,"GA",2024-06-30,1,1,1,0,1,1,1,0,0,1,0,0,0,0
"450",2.07723964044591,0.272010960525998,"GA",2024-07-01,0,1,1,1,1,1,1,0,0,0,1,0,0,1
"451",1.38587330034891,0.497176645136104,"GA",2024-07-02,1,0,1,1,0,1,1,0,0,0,1,1,1,1
"452",1.67936887274853,0.310308372366126,"GA",2024-07-03,0,1,1,1,1,1,1,0,1,1,1,1,1,0
"453",1.35028567570879,0.416175284113694,"GA",2024-07-04,1,1,1,1,1,1,0,0,1,0,1,0,1,0
"454",0.840403458994281,0.482149384895657,"GA",2024-07-05,1,1,1,1,1,1,1,0,1,0,1,1,0,1
"455",0.917593925070147,0.410739429109144,"GA",2024-07-06,1,1,1,1,0,1,1,0,1,0,1,1,1,1
"456",0.662302635544896,0.321601599095568,"GA",2024-07-07,1,1,1,1,1,1,1,1,1,1,1,1,1,1
"457",1.42901804260575,0.336144521624984,"GA",2024-07-08,1,1,1,1,1,1,1,0,0,0,1,1,0,1
"458",1.53572618121973,0.368944251795995,"GA",2024-07-09,1,1,1,0,1,1,1,0,0,1,0,0,0,1
"459",1.33663989544,0.434294893982565,"GA",2024-07-10,1,1,0,1,1,1,1,0,1,1,1,0,0,1
"460",1.69566171923665,0.439536699767237,"GA",2024-07-11,1,1,1,1,0,1,1,0,0,0,1,0,0,1
"461",0.709733190949399,0.40104815333511,"GA",2024-07-12,1,1,1,1,1,1,1,0,0,0,1,0,0,1
"462",1.75336391661903,0.458202131272925,"GA",2024-07-13,1,0,1,1,1,1,1,0,0,1,1,1,0,1
"463",NA,NA,"HI",2024-06-02,NA,NA,NA,NA,NA,NA,NA,NA,NA,NA,NA,NA,NA,NA
"464",NA,NA,"HI",2024-06-03,NA,NA,NA,NA,NA,NA,NA,NA,NA,NA,NA,NA,NA,NA
"465",NA,NA,"HI",2024-06-04,NA,NA,NA,NA,NA,NA,NA,NA,NA,NA,NA,NA,NA,NA
"466",NA,NA,"HI",2024-06-05,NA,NA,NA,NA,NA,NA,NA,NA,NA,NA,NA,NA,NA,NA
"467",NA,NA,"HI",2024-06-06,NA,NA,NA,NA,NA,NA,NA,NA,NA,NA,NA,NA,NA,NA
"468",NA,NA,"HI",2024-06-07,NA,NA,NA,NA,NA,NA,NA,NA,NA,NA,NA,NA,NA,NA
"469",NA,NA,"HI",2024-06-08,NA,NA,NA,NA,NA,NA,NA,NA,NA,NA,NA,NA,NA,NA
"470",NA,NA,"HI",2024-06-09,NA,NA,NA,NA,NA,NA,NA,NA,NA,NA,NA,NA,NA,NA
"471",NA,NA,"HI",2024-06-10,NA,NA,NA,NA,NA,NA,NA,NA,NA,NA,NA,NA,NA,NA
"472",NA,NA,"HI",2024-06-11,NA,NA,NA,NA,NA,NA,NA,NA,NA,NA,NA,NA,NA,NA
"473",NA,NA,"HI",2024-06-12,NA,NA,NA,NA,NA,NA,NA,NA,NA,NA,NA,NA,NA,NA
"474",NA,NA,"HI",2024-06-13,NA,NA,NA,NA,NA,NA,NA,NA,NA,NA,NA,NA,NA,NA
"475",NA,NA,"HI",2024-06-14,NA,NA,NA,NA,NA,NA,NA,NA,NA,NA,NA,NA,NA,NA
"476",NA,NA,"HI",2024-06-15,NA,NA,NA,NA,NA,NA,NA,NA,NA,NA,NA,NA,NA,NA
"477",NA,NA,"HI",2024-06-16,NA,NA,NA,NA,NA,NA,NA,NA,NA,NA,NA,NA,NA,NA
"478",NA,NA,"HI",2024-06-17,NA,NA,NA,NA,NA,NA,NA,NA,NA,NA,NA,NA,NA,NA
"479",NA,NA,"HI",2024-06-18,NA,NA,NA,NA,NA,NA,NA,NA,NA,NA,NA,NA,NA,NA
"480",NA,NA,"HI",2024-06-19,NA,NA,NA,NA,NA,NA,NA,NA,NA,NA,NA,NA,NA,NA
"481",NA,NA,"HI",2024-06-20,NA,NA,NA,NA,NA,NA,NA,NA,NA,NA,NA,NA,NA,NA
"482",NA,NA,"HI",2024-06-21,NA,NA,NA,NA,NA,NA,NA,NA,NA,NA,NA,NA,NA,NA
"483",NA,NA,"HI",2024-06-22,NA,NA,NA,NA,NA,NA,NA,NA,NA,NA,NA,NA,NA,NA
"484",NA,NA,"HI",2024-06-23,NA,NA,NA,NA,NA,NA,NA,NA,NA,NA,NA,NA,NA,NA
"485",NA,NA,"HI",2024-06-24,NA,NA,NA,NA,NA,NA,NA,NA,NA,NA,NA,NA,NA,NA
"486",NA,NA,"HI",2024-06-25,NA,NA,NA,NA,NA,NA,NA,NA,NA,NA,NA,NA,NA,NA
"487",NA,NA,"HI",2024-06-26,NA,NA,NA,NA,NA,NA,NA,NA,NA,NA,NA,NA,NA,NA
"488",NA,NA,"HI",2024-06-27,NA,NA,NA,NA,NA,NA,NA,NA,NA,NA,NA,NA,NA,NA
"489",NA,NA,"HI",2024-06-28,NA,NA,NA,NA,NA,NA,NA,NA,NA,NA,NA,NA,NA,NA
"490",NA,NA,"HI",2024-06-29,NA,NA,NA,NA,NA,NA,NA,NA,NA,NA,NA,NA,NA,NA
"491",NA,NA,"HI",2024-06-30,NA,NA,NA,NA,NA,NA,NA,NA,NA,NA,NA,NA,NA,NA
"492",NA,NA,"HI",2024-07-01,NA,NA,NA,NA,NA,NA,NA,NA,NA,NA,NA,NA,NA,NA
"493",NA,NA,"HI",2024-07-02,NA,NA,NA,NA,NA,NA,NA,NA,NA,NA,NA,NA,NA,NA
"494",NA,NA,"HI",2024-07-03,NA,NA,NA,NA,NA,NA,NA,NA,NA,NA,NA,NA,NA,NA
"495",NA,NA,"HI",2024-07-04,NA,NA,NA,NA,NA,NA,NA,NA,NA,NA,NA,NA,NA,NA
"496",NA,NA,"HI",2024-07-05,NA,NA,NA,NA,NA,NA,NA,NA,NA,NA,NA,NA,NA,NA
"497",NA,NA,"HI",2024-07-06,NA,NA,NA,NA,NA,NA,NA,NA,NA,NA,NA,NA,NA,NA
"498",NA,NA,"HI",2024-07-07,NA,NA,NA,NA,NA,NA,NA,NA,NA,NA,NA,NA,NA,NA
"499",NA,NA,"HI",2024-07-08,NA,NA,NA,NA,NA,NA,NA,NA,NA,NA,NA,NA,NA,NA
"500",NA,NA,"HI",2024-07-09,NA,NA,NA,NA,NA,NA,NA,NA,NA,NA,NA,NA,NA,NA
"501",NA,NA,"HI",2024-07-10,NA,NA,NA,NA,NA,NA,NA,NA,NA,NA,NA,NA,NA,NA
"502",NA,NA,"HI",2024-07-11,NA,NA,NA,NA,NA,NA,NA,NA,NA,NA,NA,NA,NA,NA
"503",NA,NA,"HI",2024-07-12,NA,NA,NA,NA,NA,NA,NA,NA,NA,NA,NA,NA,NA,NA
"504",NA,NA,"HI",2024-07-13,NA,NA,NA,NA,NA,NA,NA,NA,NA,NA,NA,NA,NA,NA
"505",0.276827001377677,0.188314503651588,"IA",2024-06-02,1,1,1,1,1,1,1,0,1,0,1,1,1,1
"506",0.917599117317316,0.42327625818762,"IA",2024-06-03,1,1,1,1,0,1,1,1,0,0,1,0,1,1
"507",NA,NA,"IA",2024-06-04,NA,NA,NA,NA,NA,NA,NA,NA,NA,NA,NA,NA,NA,NA
"508",0.869249618644017,0.617319811242462,"IA",2024-06-05,1,1,1,1,0,1,1,1,0,1,1,0,1,1
"509",0.294224119216274,0.206640677962993,"IA",2024-06-06,1,1,1,1,1,1,1,0,0,1,1,1,1,1
"510",NA,NA,"IA",2024-06-07,NA,NA,NA,NA,NA,NA,NA,NA,NA,NA,NA,NA,NA,NA
"511",NA,NA,"IA",2024-06-08,NA,NA,NA,NA,NA,NA,NA,NA,NA,NA,NA,NA,NA,NA
"512",NA,NA,"IA",2024-06-09,NA,NA,NA,NA,NA,NA,NA,NA,NA,NA,NA,NA,NA,NA
"513",1.51358663019833,0.377711602978201,"IA",2024-06-10,0,1,0,1,1,1,1,0,0,0,1,0,0,0
"514",0.340686578469227,0.229823799763554,"IA",2024-06-11,1,1,1,1,1,1,1,0,0,1,1,1,1,1
"515",0.342789330188778,0.23447887857741,"IA",2024-06-12,1,1,1,1,1,1,1,1,1,1,1,1,1,1
"516",1.70332276325643,0.386016665045283,"IA",2024-06-13,1,1,0,1,0,1,1,0,0,1,1,0,1,1
"517",1.14250257378519,0.394096653377471,"IA",2024-06-14,0,0,1,1,1,1,1,1,0,0,1,0,1,1
"518",0.479569734924962,0.321779505812951,"IA",2024-06-15,1,1,1,1,1,1,1,1,1,1,1,1,1,1
"519",0.371381659617452,0.253089707711836,"IA",2024-06-16,1,1,1,1,1,1,1,0,1,1,1,1,0,1
"520",2.46020655189658,0.476181995536082,"IA",2024-06-17,0,1,0,1,0,1,1,0,0,0,1,0,0,1
"521",1.1722730188561,0.39183237768104,"IA",2024-06-18,1,0,1,1,1,1,1,1,1,1,1,1,1,1
"522",0.516701267282412,0.39093159752489,"IA",2024-06-19,1,1,1,1,1,1,1,1,1,1,1,1,1,1
"523",0.81428478786024,0.448764260574306,"IA",2024-06-20,1,1,1,1,1,0,1,0,0,1,1,1,0,1
"524",0.507747244834582,0.389408865040139,"IA",2024-06-21,1,1,1,1,1,1,1,1,0,1,1,0,1,1
"525",0.522740314838302,0.314660975466926,"IA",2024-06-22,1,1,1,1,1,1,1,0,0,0,1,1,1,1
"526",0.517923232673307,0.388245172295763,"IA",2024-06-23,1,1,1,1,1,1,1,1,1,1,1,1,1,1
"527",1.0429747388439,0.371592050795465,"IA",2024-06-24,1,0,1,1,1,1,1,0,0,0,1,1,1,1
"528",0.614494726415061,0.361011786898435,"IA",2024-06-25,1,1,1,1,1,1,1,1,1,0,1,1,0,1
"529",1.13271642289385,0.470802967233892,"IA",2024-06-26,1,1,1,0,1,1,1,1,0,0,1,1,1,1
"530",0.803426866052913,0.459662840232729,"IA",2024-06-27,1,1,1,1,1,0,1,0,0,1,0,1,0,1
"531",0.508486185602467,0.386812559473187,"IA",2024-06-28,1,1,1,1,1,1,1,1,0,1,1,0,1,1
"532",NA,NA,"IA",2024-06-29,NA,NA,NA,NA,NA,NA,NA,NA,NA,NA,NA,NA,NA,NA
"533",0.470566382386355,0.316295780745278,"IA",2024-06-30,1,1,1,1,1,1,1,0,1,0,1,1,1,1
"534",0.569559966531422,0.35375045826708,"IA",2024-07-01,1,1,1,1,1,1,1,0,1,1,1,1,0,1
"535",0.765093499201387,0.399712114794055,"IA",2024-07-02,1,1,1,1,0,1,1,0,1,1,1,0,1,1
"536",0.498145668178988,0.387332761889884,"IA",2024-07-03,1,1,1,1,1,1,1,1,0,0,1,1,1,1
"537",1.11362274153778,0.496745320929104,"IA",2024-07-04,1,1,1,1,0,1,1,1,1,1,0,0,1,1
"538",1.55229294625738,0.472401728295517,"IA",2024-07-05,1,1,1,1,0,1,1,0,0,1,0,0,1,1
"539",0.582178086848174,0.315098368715677,"IA",2024-07-06,1,1,1,1,1,1,1,1,1,1,1,1,1,1
"540",0.901256893965456,0.438910215772079,"IA",2024-07-07,1,1,1,1,0,1,1,0,1,1,0,0,0,1
"541",1.59369389704884,0.426407107316476,"IA",2024-07-08,1,1,1,1,1,0,1,0,0,0,0,0,0,1
"542",1.42698494044539,0.305652179712915,"IA",2024-07-09,1,1,0,1,1,1,1,1,0,0,1,1,0,1
"543",1.29194506601472,0.463535564115751,"IA",2024-07-10,1,1,1,1,1,0,1,0,0,1,1,0,0,1
"544",1.28842614730082,0.461792829000401,"IA",2024-07-11,1,1,0,1,0,1,1,1,0,1,0,0,0,1
"545",1.73737454004913,0.414312531363371,"IA",2024-07-12,0,1,0,1,0,1,1,0,1,1,0,0,0,1
"546",0.691830856401703,0.611996629433708,"IA",2024-07-13,1,1,1,1,1,0,1,1,0,1,1,1,0,1
"547",NA,NA,"ID",2024-06-02,NA,NA,NA,NA,NA,NA,NA,NA,NA,NA,NA,NA,NA,NA
"548",NA,NA,"ID",2024-06-03,NA,NA,NA,NA,NA,NA,NA,NA,NA,NA,NA,NA,NA,NA
"549",NA,NA,"ID",2024-06-04,NA,NA,NA,NA,NA,NA,NA,NA,NA,NA,NA,NA,NA,NA
"550",NA,NA,"ID",2024-06-05,NA,NA,NA,NA,NA,NA,NA,NA,NA,NA,NA,NA,NA,NA
"551",NA,NA,"ID",2024-06-06,NA,NA,NA,NA,NA,NA,NA,NA,NA,NA,NA,NA,NA,NA
"552",NA,NA,"ID",2024-06-07,NA,NA,NA,NA,NA,NA,NA,NA,NA,NA,NA,NA,NA,NA
"553",NA,NA,"ID",2024-06-08,NA,NA,NA,NA,NA,NA,NA,NA,NA,NA,NA,NA,NA,NA
"554",NA,NA,"ID",2024-06-09,NA,NA,NA,NA,NA,NA,NA,NA,NA,NA,NA,NA,NA,NA
"555",NA,NA,"ID",2024-06-10,NA,NA,NA,NA,NA,NA,NA,NA,NA,NA,NA,NA,NA,NA
"556",NA,NA,"ID",2024-06-11,NA,NA,NA,NA,NA,NA,NA,NA,NA,NA,NA,NA,NA,NA
"557",NA,NA,"ID",2024-06-12,NA,NA,NA,NA,NA,NA,NA,NA,NA,NA,NA,NA,NA,NA
"558",NA,NA,"ID",2024-06-13,NA,NA,NA,NA,NA,NA,NA,NA,NA,NA,NA,NA,NA,NA
"559",NA,NA,"ID",2024-06-14,NA,NA,NA,NA,NA,NA,NA,NA,NA,NA,NA,NA,NA,NA
"560",NA,NA,"ID",2024-06-15,NA,NA,NA,NA,NA,NA,NA,NA,NA,NA,NA,NA,NA,NA
"561",NA,NA,"ID",2024-06-16,NA,NA,NA,NA,NA,NA,NA,NA,NA,NA,NA,NA,NA,NA
"562",NA,NA,"ID",2024-06-17,NA,NA,NA,NA,NA,NA,NA,NA,NA,NA,NA,NA,NA,NA
"563",NA,NA,"ID",2024-06-18,NA,NA,NA,NA,NA,NA,NA,NA,NA,NA,NA,NA,NA,NA
"564",NA,NA,"ID",2024-06-19,NA,NA,NA,NA,NA,NA,NA,NA,NA,NA,NA,NA,NA,NA
"565",NA,NA,"ID",2024-06-20,NA,NA,NA,NA,NA,NA,NA,NA,NA,NA,NA,NA,NA,NA
"566",NA,NA,"ID",2024-06-21,NA,NA,NA,NA,NA,NA,NA,NA,NA,NA,NA,NA,NA,NA
"567",NA,NA,"ID",2024-06-22,NA,NA,NA,NA,NA,NA,NA,NA,NA,NA,NA,NA,NA,NA
"568",NA,NA,"ID",2024-06-23,NA,NA,NA,NA,NA,NA,NA,NA,NA,NA,NA,NA,NA,NA
"569",NA,NA,"ID",2024-06-24,NA,NA,NA,NA,NA,NA,NA,NA,NA,NA,NA,NA,NA,NA
"570",NA,NA,"ID",2024-06-25,NA,NA,NA,NA,NA,NA,NA,NA,NA,NA,NA,NA,NA,NA
"571",NA,NA,"ID",2024-06-26,NA,NA,NA,NA,NA,NA,NA,NA,NA,NA,NA,NA,NA,NA
"572",NA,NA,"ID",2024-06-27,NA,NA,NA,NA,NA,NA,NA,NA,NA,NA,NA,NA,NA,NA
"573",NA,NA,"ID",2024-06-28,NA,NA,NA,NA,NA,NA,NA,NA,NA,NA,NA,NA,NA,NA
"574",NA,NA,"ID",2024-06-29,NA,NA,NA,NA,NA,NA,NA,NA,NA,NA,NA,NA,NA,NA
"575",NA,NA,"ID",2024-06-30,NA,NA,NA,NA,NA,NA,NA,NA,NA,NA,NA,NA,NA,NA
"576",NA,NA,"ID",2024-07-01,NA,NA,NA,NA,NA,NA,NA,NA,NA,NA,NA,NA,NA,NA
"577",NA,NA,"ID",2024-07-02,NA,NA,NA,NA,NA,NA,NA,NA,NA,NA,NA,NA,NA,NA
"578",NA,NA,"ID",2024-07-03,NA,NA,NA,NA,NA,NA,NA,NA,NA,NA,NA,NA,NA,NA
"579",NA,NA,"ID",2024-07-04,NA,NA,NA,NA,NA,NA,NA,NA,NA,NA,NA,NA,NA,NA
"580",NA,NA,"ID",2024-07-05,NA,NA,NA,NA,NA,NA,NA,NA,NA,NA,NA,NA,NA,NA
"581",NA,NA,"ID",2024-07-06,NA,NA,NA,NA,NA,NA,NA,NA,NA,NA,NA,NA,NA,NA
"582",NA,NA,"ID",2024-07-07,NA,NA,NA,NA,NA,NA,NA,NA,NA,NA,NA,NA,NA,NA
"583",NA,NA,"ID",2024-07-08,NA,NA,NA,NA,NA,NA,NA,NA,NA,NA,NA,NA,NA,NA
"584",NA,NA,"ID",2024-07-09,NA,NA,NA,NA,NA,NA,NA,NA,NA,NA,NA,NA,NA,NA
"585",NA,NA,"ID",2024-07-10,NA,NA,NA,NA,NA,NA,NA,NA,NA,NA,NA,NA,NA,NA
"586",NA,NA,"ID",2024-07-11,NA,NA,NA,NA,NA,NA,NA,NA,NA,NA,NA,NA,NA,NA
"587",NA,NA,"ID",2024-07-12,NA,NA,NA,NA,NA,NA,NA,NA,NA,NA,NA,NA,NA,NA
"588",NA,NA,"ID",2024-07-13,NA,NA,NA,NA,NA,NA,NA,NA,NA,NA,NA,NA,NA,NA
"589",0.994604532446319,0.312209511996633,"IL",2024-06-02,0,1,1,1,1,1,1,0,0,1,1,1,1,1
"590",0.981741674270899,0.397961009810752,"IL",2024-06-03,1,1,1,1,1,0,1,0,0,1,1,1,0,1
"591",1.207329805561,0.387989428526084,"IL",2024-06-04,1,1,0,1,1,1,1,0,0,1,1,1,1,1
"592",1.80642519981475,0.394723789259309,"IL",2024-06-05,1,0,0,1,1,1,1,1,0,0,1,0,1,1
"593",NA,NA,"IL",2024-06-06,NA,NA,NA,NA,NA,NA,NA,NA,NA,NA,NA,NA,NA,NA
"594",1.33401452406792,0.420153930500301,"IL",2024-06-07,1,0,1,1,0,1,1,0,0,1,0,0,1,1
"595",0.991860632714507,0.3827861299726,"IL",2024-06-08,1,0,1,1,1,1,1,0,0,0,1,0,1,1
"596",0.613923346498219,0.373042668712388,"IL",2024-06-09,1,1,1,1,1,1,1,0,0,0,1,1,1,0
"597",1.78249233959053,0.354447393012566,"IL",2024-06-10,1,0,1,1,1,1,1,0,0,0,1,0,1,0
"598",1.24873682937978,0.352465924160824,"IL",2024-06-11,1,1,1,1,1,1,1,0,0,0,1,0,1,1
"599",1.04299768925738,0.3823797877142,"IL",2024-06-12,0,1,1,1,1,1,1,1,0,0,1,0,1,1
"600",2.11320029077467,0.345383120430555,"IL",2024-06-13,1,0,0,1,1,1,1,0,0,1,1,1,1,1
"601",1.20717614357009,0.423367696863908,"IL",2024-06-14,1,0,1,1,1,0,1,1,0,0,1,1,1,1
"602",0.623166310099441,0.373880151187507,"IL",2024-06-15,1,1,1,1,1,1,1,1,0,1,1,1,1,0
"603",0.435633610322962,0.329273022693021,"IL",2024-06-16,1,1,1,1,1,1,1,0,1,0,1,1,1,1
"604",1.56061550665364,0.399023590785786,"IL",2024-06-17,1,0,1,1,0,1,1,1,1,0,1,0,0,1
"605",2.62955692800768,0.415512065704431,"IL",2024-06-18,1,0,1,1,0,1,1,0,0,0,1,0,1,1
"606",2.79637226065496,0.388436013626316,"IL",2024-06-19,0,0,1,1,0,0,1,0,0,0,1,0,0,0
"607",1.87863574284698,0.388201092898329,"IL",2024-06-20,0,1,0,1,1,1,1,0,0,0,1,0,1,1
"608",0.98559761630289,0.380307824190511,"IL",2024-06-21,1,1,1,1,1,1,1,1,1,0,1,0,1,1
"609",1.24803715985217,0.38411096793608,"IL",2024-06-22,1,1,1,1,0,1,1,0,1,0,1,0,1,1
"610",0.975619690404662,0.37948843002201,"IL",2024-06-23,1,1,1,1,1,1,1,0,0,0,1,1,1,1
"611",2.86432105869889,0.403898247329031,"IL",2024-06-24,1,1,1,1,0,1,1,0,0,0,1,0,1,1
"612",1.33337228690963,0.395228107833153,"IL",2024-06-25,1,1,1,1,1,0,1,0,0,1,0,0,0,1
"613",2.43570383934231,0.400047066071233,"IL",2024-06-26,0,1,1,1,0,1,1,0,1,0,1,0,1,1
"614",1.73574964733028,0.388634728314846,"IL",2024-06-27,0,1,0,1,1,1,1,0,0,0,1,1,1,1
"615",2.45611574364217,0.435089857879434,"IL",2024-06-28,1,1,1,1,1,0,1,0,1,0,1,0,0,1
"616",1.07359037967994,0.367788469875829,"IL",2024-06-29,1,1,1,1,1,1,1,1,1,0,1,1,0,1
"617",1.61161431885922,0.378979879694824,"IL",2024-06-30,1,1,0,1,1,1,1,0,0,0,1,1,1,1
"618",3.01138098505705,0.422522221673324,"IL",2024-07-01,1,1,0,1,1,0,1,0,0,0,1,0,0,1
"619",0.791212329265223,0.396757421514727,"IL",2024-07-02,1,1,1,1,1,1,1,0,1,1,1,0,1,1
"620",0.727756531758975,0.382945349654114,"IL",2024-07-03,1,1,1,1,1,1,1,0,0,0,1,1,0,1
"621",1.58540640581111,0.469316256674643,"IL",2024-07-04,0,1,0,1,1,1,1,0,0,0,1,0,1,1
"622",1.78636689130479,0.398650277644785,"IL",2024-07-05,0,0,1,1,1,1,1,0,0,0,1,0,0,1
"623",1.26500739535876,0.390687183789876,"IL",2024-07-06,1,1,1,1,0,1,1,0,0,0,1,0,1,1
"624",3.94221486720772,0.424202029404517,"IL",2024-07-07,0,0,0,1,1,1,1,0,0,0,1,0,0,1
"625",3.12013540922787,0.391674086989931,"IL",2024-07-08,1,1,0,1,1,1,1,0,0,0,1,0,1,1
"626",1.90390931148496,0.383285467694941,"IL",2024-07-09,1,1,1,0,1,1,1,0,0,0,0,1,0,1
"627",1.71668055947604,0.387836979999564,"IL",2024-07-10,1,1,1,1,1,1,1,0,0,0,1,0,1,1
"628",3.90392237995901,0.444414248989091,"IL",2024-07-11,0,1,0,0,1,1,1,0,1,0,0,1,0,1
"629",2.10724567262292,0.443302104090102,"IL",2024-07-12,1,1,1,0,0,1,1,0,0,0,0,0,0,1
"630",4.53549305403208,0.438823646959041,"IL",2024-07-13,0,1,0,1,1,0,1,0,0,0,1,0,0,1
"631",NA,NA,"IN",2024-06-02,NA,NA,NA,NA,NA,NA,NA,NA,NA,NA,NA,NA,NA,NA
"632",NA,NA,"IN",2024-06-03,NA,NA,NA,NA,NA,NA,NA,NA,NA,NA,NA,NA,NA,NA
"633",0.49399462597791,0.404596978415566,"IN",2024-06-04,1,1,1,1,1,1,1,0,0,1,1,1,1,1
"634",NA,NA,"IN",2024-06-05,NA,NA,NA,NA,NA,NA,NA,NA,NA,NA,NA,NA,NA,NA
"635",NA,NA,"IN",2024-06-06,NA,NA,NA,NA,NA,NA,NA,NA,NA,NA,NA,NA,NA,NA
"636",NA,NA,"IN",2024-06-07,NA,NA,NA,NA,NA,NA,NA,NA,NA,NA,NA,NA,NA,NA
"637",NA,NA,"IN",2024-06-08,NA,NA,NA,NA,NA,NA,NA,NA,NA,NA,NA,NA,NA,NA
"638",NA,NA,"IN",2024-06-09,NA,NA,NA,NA,NA,NA,NA,NA,NA,NA,NA,NA,NA,NA
"639",0.444654182182786,0.345219838147463,"IN",2024-06-10,1,1,1,1,1,1,1,1,1,1,1,1,1,1
"640",0.48479008978305,0.397480236042121,"IN",2024-06-11,1,1,1,1,1,1,1,0,0,1,1,1,1,1
"641",NA,NA,"IN",2024-06-12,NA,NA,NA,NA,NA,NA,NA,NA,NA,NA,NA,NA,NA,NA
"642",NA,NA,"IN",2024-06-13,NA,NA,NA,NA,NA,NA,NA,NA,NA,NA,NA,NA,NA,NA
"643",NA,NA,"IN",2024-06-14,NA,NA,NA,NA,NA,NA,NA,NA,NA,NA,NA,NA,NA,NA
"644",NA,NA,"IN",2024-06-15,NA,NA,NA,NA,NA,NA,NA,NA,NA,NA,NA,NA,NA,NA
"645",NA,NA,"IN",2024-06-16,NA,NA,NA,NA,NA,NA,NA,NA,NA,NA,NA,NA,NA,NA
"646",NA,NA,"IN",2024-06-17,NA,NA,NA,NA,NA,NA,NA,NA,NA,NA,NA,NA,NA,NA
"647",NA,NA,"IN",2024-06-18,NA,NA,NA,NA,NA,NA,NA,NA,NA,NA,NA,NA,NA,NA
"648",NA,NA,"IN",2024-06-19,NA,NA,NA,NA,NA,NA,NA,NA,NA,NA,NA,NA,NA,NA
"649",NA,NA,"IN",2024-06-20,NA,NA,NA,NA,NA,NA,NA,NA,NA,NA,NA,NA,NA,NA
"650",NA,NA,"IN",2024-06-21,NA,NA,NA,NA,NA,NA,NA,NA,NA,NA,NA,NA,NA,NA
"651",NA,NA,"IN",2024-06-22,NA,NA,NA,NA,NA,NA,NA,NA,NA,NA,NA,NA,NA,NA
"652",NA,NA,"IN",2024-06-23,NA,NA,NA,NA,NA,NA,NA,NA,NA,NA,NA,NA,NA,NA
"653",0.578390578159712,0.327921901019096,"IN",2024-06-24,1,1,0,1,1,1,1,1,1,1,1,1,1,1
"654",NA,NA,"IN",2024-06-25,NA,NA,NA,NA,NA,NA,NA,NA,NA,NA,NA,NA,NA,NA
"655",NA,NA,"IN",2024-06-26,NA,NA,NA,NA,NA,NA,NA,NA,NA,NA,NA,NA,NA,NA
"656",NA,NA,"IN",2024-06-27,NA,NA,NA,NA,NA,NA,NA,NA,NA,NA,NA,NA,NA,NA
"657",NA,NA,"IN",2024-06-28,NA,NA,NA,NA,NA,NA,NA,NA,NA,NA,NA,NA,NA,NA
"658",NA,NA,"IN",2024-06-29,NA,NA,NA,NA,NA,NA,NA,NA,NA,NA,NA,NA,NA,NA
"659",NA,NA,"IN",2024-06-30,NA,NA,NA,NA,NA,NA,NA,NA,NA,NA,NA,NA,NA,NA
"660",0.749228920020387,0.57062278440152,"IN",2024-07-01,1,1,1,1,0,1,1,1,0,1,1,0,1,1
"661",NA,NA,"IN",2024-07-02,NA,NA,NA,NA,NA,NA,NA,NA,NA,NA,NA,NA,NA,NA
"662",NA,NA,"IN",2024-07-03,NA,NA,NA,NA,NA,NA,NA,NA,NA,NA,NA,NA,NA,NA
"663",NA,NA,"IN",2024-07-04,NA,NA,NA,NA,NA,NA,NA,NA,NA,NA,NA,NA,NA,NA
"664",NA,NA,"IN",2024-07-05,NA,NA,NA,NA,NA,NA,NA,NA,NA,NA,NA,NA,NA,NA
"665",NA,NA,"IN",2024-07-06,NA,NA,NA,NA,NA,NA,NA,NA,NA,NA,NA,NA,NA,NA
"666",NA,NA,"IN",2024-07-07,NA,NA,NA,NA,NA,NA,NA,NA,NA,NA,NA,NA,NA,NA
"667",0.845866874430625,0.485654266060182,"IN",2024-07-08,1,1,1,1,0,1,1,1,0,1,1,0,1,1
"668",NA,NA,"IN",2024-07-09,NA,NA,NA,NA,NA,NA,NA,NA,NA,NA,NA,NA,NA,NA
"669",NA,NA,"IN",2024-07-10,NA,NA,NA,NA,NA,NA,NA,NA,NA,NA,NA,NA,NA,NA
"670",NA,NA,"IN",2024-07-11,NA,NA,NA,NA,NA,NA,NA,NA,NA,NA,NA,NA,NA,NA
"671",NA,NA,"IN",2024-07-12,NA,NA,NA,NA,NA,NA,NA,NA,NA,NA,NA,NA,NA,NA
"672",NA,NA,"IN",2024-07-13,NA,NA,NA,NA,NA,NA,NA,NA,NA,NA,NA,NA,NA,NA
"673",NA,NA,"KS",2024-06-02,NA,NA,NA,NA,NA,NA,NA,NA,NA,NA,NA,NA,NA,NA
"674",NA,NA,"KS",2024-06-03,NA,NA,NA,NA,NA,NA,NA,NA,NA,NA,NA,NA,NA,NA
"675",NA,NA,"KS",2024-06-04,NA,NA,NA,NA,NA,NA,NA,NA,NA,NA,NA,NA,NA,NA
"676",NA,NA,"KS",2024-06-05,NA,NA,NA,NA,NA,NA,NA,NA,NA,NA,NA,NA,NA,NA
"677",NA,NA,"KS",2024-06-06,NA,NA,NA,NA,NA,NA,NA,NA,NA,NA,NA,NA,NA,NA
"678",NA,NA,"KS",2024-06-07,NA,NA,NA,NA,NA,NA,NA,NA,NA,NA,NA,NA,NA,NA
"679",NA,NA,"KS",2024-06-08,NA,NA,NA,NA,NA,NA,NA,NA,NA,NA,NA,NA,NA,NA
"680",NA,NA,"KS",2024-06-09,NA,NA,NA,NA,NA,NA,NA,NA,NA,NA,NA,NA,NA,NA
"681",NA,NA,"KS",2024-06-10,NA,NA,NA,NA,NA,NA,NA,NA,NA,NA,NA,NA,NA,NA
"682",0.333663226283807,0.228698357588417,"KS",2024-06-11,1,1,1,1,1,1,1,0,1,0,1,1,1,1
"683",NA,NA,"KS",2024-06-12,NA,NA,NA,NA,NA,NA,NA,NA,NA,NA,NA,NA,NA,NA
"684",NA,NA,"KS",2024-06-13,NA,NA,NA,NA,NA,NA,NA,NA,NA,NA,NA,NA,NA,NA
"685",0.74887816670285,0.512596809424181,"KS",2024-06-14,1,1,1,1,0,1,1,1,1,0,1,0,1,1
"686",NA,NA,"KS",2024-06-15,NA,NA,NA,NA,NA,NA,NA,NA,NA,NA,NA,NA,NA,NA
"687",NA,NA,"KS",2024-06-16,NA,NA,NA,NA,NA,NA,NA,NA,NA,NA,NA,NA,NA,NA
"688",1.50976932969422,0.507059925214723,"KS",2024-06-17,1,1,1,1,0,1,1,1,1,0,1,0,1,1
"689",NA,NA,"KS",2024-06-18,NA,NA,NA,NA,NA,NA,NA,NA,NA,NA,NA,NA,NA,NA
"690",NA,NA,"KS",2024-06-19,NA,NA,NA,NA,NA,NA,NA,NA,NA,NA,NA,NA,NA,NA
"691",NA,NA,"KS",2024-06-20,NA,NA,NA,NA,NA,NA,NA,NA,NA,NA,NA,NA,NA,NA
"692",NA,NA,"KS",2024-06-21,NA,NA,NA,NA,NA,NA,NA,NA,NA,NA,NA,NA,NA,NA
"693",NA,NA,"KS",2024-06-22,NA,NA,NA,NA,NA,NA,NA,NA,NA,NA,NA,NA,NA,NA
"694",NA,NA,"KS",2024-06-23,NA,NA,NA,NA,NA,NA,NA,NA,NA,NA,NA,NA,NA,NA
"695",NA,NA,"KS",2024-06-24,NA,NA,NA,NA,NA,NA,NA,NA,NA,NA,NA,NA,NA,NA
"696",NA,NA,"KS",2024-06-25,NA,NA,NA,NA,NA,NA,NA,NA,NA,NA,NA,NA,NA,NA
"697",NA,NA,"KS",2024-06-26,NA,NA,NA,NA,NA,NA,NA,NA,NA,NA,NA,NA,NA,NA
"698",NA,NA,"KS",2024-06-27,NA,NA,NA,NA,NA,NA,NA,NA,NA,NA,NA,NA,NA,NA
"699",NA,NA,"KS",2024-06-28,NA,NA,NA,NA,NA,NA,NA,NA,NA,NA,NA,NA,NA,NA
"700",NA,NA,"KS",2024-06-29,NA,NA,NA,NA,NA,NA,NA,NA,NA,NA,NA,NA,NA,NA
"701",NA,NA,"KS",2024-06-30,NA,NA,NA,NA,NA,NA,NA,NA,NA,NA,NA,NA,NA,NA
"702",NA,NA,"KS",2024-07-01,NA,NA,NA,NA,NA,NA,NA,NA,NA,NA,NA,NA,NA,NA
"703",NA,NA,"KS",2024-07-02,NA,NA,NA,NA,NA,NA,NA,NA,NA,NA,NA,NA,NA,NA
"704",NA,NA,"KS",2024-07-03,NA,NA,NA,NA,NA,NA,NA,NA,NA,NA,NA,NA,NA,NA
"705",NA,NA,"KS",2024-07-04,NA,NA,NA,NA,NA,NA,NA,NA,NA,NA,NA,NA,NA,NA
"706",NA,NA,"KS",2024-07-05,NA,NA,NA,NA,NA,NA,NA,NA,NA,NA,NA,NA,NA,NA
"707",NA,NA,"KS",2024-07-06,NA,NA,NA,NA,NA,NA,NA,NA,NA,NA,NA,NA,NA,NA
"708",NA,NA,"KS",2024-07-07,NA,NA,NA,NA,NA,NA,NA,NA,NA,NA,NA,NA,NA,NA
"709",0.89604957253077,0.454664432362385,"KS",2024-07-08,1,1,1,1,1,0,1,0,1,1,1,1,0,1
"710",NA,NA,"KS",2024-07-09,NA,NA,NA,NA,NA,NA,NA,NA,NA,NA,NA,NA,NA,NA
"711",NA,NA,"KS",2024-07-10,NA,NA,NA,NA,NA,NA,NA,NA,NA,NA,NA,NA,NA,NA
"712",NA,NA,"KS",2024-07-11,NA,NA,NA,NA,NA,NA,NA,NA,NA,NA,NA,NA,NA,NA
"713",NA,NA,"KS",2024-07-12,NA,NA,NA,NA,NA,NA,NA,NA,NA,NA,NA,NA,NA,NA
"714",NA,NA,"KS",2024-07-13,NA,NA,NA,NA,NA,NA,NA,NA,NA,NA,NA,NA,NA,NA
"715",NA,NA,"KY",2024-06-02,NA,NA,NA,NA,NA,NA,NA,NA,NA,NA,NA,NA,NA,NA
"716",NA,NA,"KY",2024-06-03,NA,NA,NA,NA,NA,NA,NA,NA,NA,NA,NA,NA,NA,NA
"717",NA,NA,"KY",2024-06-04,NA,NA,NA,NA,NA,NA,NA,NA,NA,NA,NA,NA,NA,NA
"718",NA,NA,"KY",2024-06-05,NA,NA,NA,NA,NA,NA,NA,NA,NA,NA,NA,NA,NA,NA
"719",NA,NA,"KY",2024-06-06,NA,NA,NA,NA,NA,NA,NA,NA,NA,NA,NA,NA,NA,NA
"720",NA,NA,"KY",2024-06-07,NA,NA,NA,NA,NA,NA,NA,NA,NA,NA,NA,NA,NA,NA
"721",NA,NA,"KY",2024-06-08,NA,NA,NA,NA,NA,NA,NA,NA,NA,NA,NA,NA,NA,NA
"722",NA,NA,"KY",2024-06-09,NA,NA,NA,NA,NA,NA,NA,NA,NA,NA,NA,NA,NA,NA
"723",NA,NA,"KY",2024-06-10,NA,NA,NA,NA,NA,NA,NA,NA,NA,NA,NA,NA,NA,NA
"724",NA,NA,"KY",2024-06-11,NA,NA,NA,NA,NA,NA,NA,NA,NA,NA,NA,NA,NA,NA
"725",NA,NA,"KY",2024-06-12,NA,NA,NA,NA,NA,NA,NA,NA,NA,NA,NA,NA,NA,NA
"726",NA,NA,"KY",2024-06-13,NA,NA,NA,NA,NA,NA,NA,NA,NA,NA,NA,NA,NA,NA
"727",NA,NA,"KY",2024-06-14,NA,NA,NA,NA,NA,NA,NA,NA,NA,NA,NA,NA,NA,NA
"728",NA,NA,"KY",2024-06-15,NA,NA,NA,NA,NA,NA,NA,NA,NA,NA,NA,NA,NA,NA
"729",NA,NA,"KY",2024-06-16,NA,NA,NA,NA,NA,NA,NA,NA,NA,NA,NA,NA,NA,NA
"730",0.772056066322038,0.496477854245648,"KY",2024-06-17,1,1,1,1,0,1,1,1,0,1,1,0,1,1
"731",NA,NA,"KY",2024-06-18,NA,NA,NA,NA,NA,NA,NA,NA,NA,NA,NA,NA,NA,NA
"732",NA,NA,"KY",2024-06-19,NA,NA,NA,NA,NA,NA,NA,NA,NA,NA,NA,NA,NA,NA
"733",NA,NA,"KY",2024-06-20,NA,NA,NA,NA,NA,NA,NA,NA,NA,NA,NA,NA,NA,NA
"734",NA,NA,"KY",2024-06-21,NA,NA,NA,NA,NA,NA,NA,NA,NA,NA,NA,NA,NA,NA
"735",NA,NA,"KY",2024-06-22,NA,NA,NA,NA,NA,NA,NA,NA,NA,NA,NA,NA,NA,NA
"736",NA,NA,"KY",2024-06-23,NA,NA,NA,NA,NA,NA,NA,NA,NA,NA,NA,NA,NA,NA
"737",NA,NA,"KY",2024-06-24,NA,NA,NA,NA,NA,NA,NA,NA,NA,NA,NA,NA,NA,NA
"738",NA,NA,"KY",2024-06-25,NA,NA,NA,NA,NA,NA,NA,NA,NA,NA,NA,NA,NA,NA
"739",NA,NA,"KY",2024-06-26,NA,NA,NA,NA,NA,NA,NA,NA,NA,NA,NA,NA,NA,NA
"740",NA,NA,"KY",2024-06-27,NA,NA,NA,NA,NA,NA,NA,NA,NA,NA,NA,NA,NA,NA
"741",NA,NA,"KY",2024-06-28,NA,NA,NA,NA,NA,NA,NA,NA,NA,NA,NA,NA,NA,NA
"742",NA,NA,"KY",2024-06-29,NA,NA,NA,NA,NA,NA,NA,NA,NA,NA,NA,NA,NA,NA
"743",NA,NA,"KY",2024-06-30,NA,NA,NA,NA,NA,NA,NA,NA,NA,NA,NA,NA,NA,NA
"744",0.541206604398135,0.390632494017122,"KY",2024-07-01,1,0,1,1,1,1,1,1,1,1,1,1,1,1
"745",0.367210535801958,0.312360588609352,"KY",2024-07-02,1,1,1,1,1,1,1,1,1,1,1,1,1,1
"746",NA,NA,"KY",2024-07-03,NA,NA,NA,NA,NA,NA,NA,NA,NA,NA,NA,NA,NA,NA
"747",NA,NA,"KY",2024-07-04,NA,NA,NA,NA,NA,NA,NA,NA,NA,NA,NA,NA,NA,NA
"748",NA,NA,"KY",2024-07-05,NA,NA,NA,NA,NA,NA,NA,NA,NA,NA,NA,NA,NA,NA
"749",NA,NA,"KY",2024-07-06,NA,NA,NA,NA,NA,NA,NA,NA,NA,NA,NA,NA,NA,NA
"750",NA,NA,"KY",2024-07-07,NA,NA,NA,NA,NA,NA,NA,NA,NA,NA,NA,NA,NA,NA
"751",2.19457938948819,0.442655591212053,"KY",2024-07-08,1,1,1,1,0,1,1,1,0,0,1,0,1,1
"752",0.631129911178924,0.391109401584725,"KY",2024-07-09,1,1,0,1,1,1,1,1,0,0,1,1,1,1
"753",NA,NA,"KY",2024-07-10,NA,NA,NA,NA,NA,NA,NA,NA,NA,NA,NA,NA,NA,NA
"754",0.751404447168601,0.47818508961267,"KY",2024-07-11,1,1,1,1,0,1,1,1,1,0,1,0,1,1
"755",NA,NA,"KY",2024-07-12,NA,NA,NA,NA,NA,NA,NA,NA,NA,NA,NA,NA,NA,NA
"756",NA,NA,"KY",2024-07-13,NA,NA,NA,NA,NA,NA,NA,NA,NA,NA,NA,NA,NA,NA
"757",0.648288281370769,0.460215307540924,"LA",2024-06-02,1,0,1,1,1,1,1,0,0,1,1,1,1,1
"758",NA,NA,"LA",2024-06-03,NA,NA,NA,NA,NA,NA,NA,NA,NA,NA,NA,NA,NA,NA
"759",1.38447926961918,0.248851174715851,"LA",2024-06-04,0,1,1,1,1,1,1,0,0,1,1,1,1,1
"760",1.63010234746182,0.492447318516387,"LA",2024-06-05,1,1,1,1,0,1,1,1,0,0,1,0,1,0
"761",0.457182390225703,0.310354862687978,"LA",2024-06-06,1,1,1,1,1,1,1,1,1,1,1,1,1,1
"762",0.938083191710927,0.473633117290508,"LA",2024-06-07,1,1,1,1,0,1,1,1,0,1,1,1,0,1
"763",0.945770411863348,0.470196985717564,"LA",2024-06-08,1,1,1,1,0,1,1,0,0,1,1,1,1,1
"764",0.735372398924671,0.499771734133939,"LA",2024-06-09,1,1,1,1,0,1,1,0,1,1,1,0,1,1
"765",0.956244545873506,0.298041721447837,"LA",2024-06-10,0,1,1,1,1,1,1,0,1,0,1,0,1,1
"766",1.96191291133766,0.429930116084191,"LA",2024-06-11,1,0,1,1,1,0,1,1,0,1,1,0,1,1
"767",1.35452753959295,0.334495014355609,"LA",2024-06-12,0,1,1,1,1,1,1,0,1,0,1,0,0,1
"768",2.52821630334972,0.348899844861108,"LA",2024-06-13,1,1,0,1,1,1,1,0,1,0,1,1,0,1
"769",1.08680548413279,0.343049023990667,"LA",2024-06-14,1,1,1,1,1,1,1,0,0,0,1,1,0,1
"770",NA,NA,"LA",2024-06-15,NA,NA,NA,NA,NA,NA,NA,NA,NA,NA,NA,NA,NA,NA
"771",0.802080906965522,0.400832257919265,"LA",2024-06-16,1,1,1,1,0,1,1,0,1,0,1,0,0,1
"772",1.21267925515326,0.385115611732216,"LA",2024-06-17,1,0,1,1,1,1,1,0,0,0,1,1,1,1
"773",1.21432434804082,0.381322847165307,"LA",2024-06-18,0,1,1,1,1,1,1,1,1,1,1,0,0,1
"774",0.928519147766767,0.355056041950555,"LA",2024-06-19,1,1,1,1,1,1,1,0,0,0,1,1,0,1
"775",1.03528256229286,0.454858422487848,"LA",2024-06-20,1,1,1,1,1,1,1,1,0,0,1,0,1,1
"776",0.864344786981252,0.40148888841116,"LA",2024-06-21,1,1,1,1,1,1,1,1,1,0,1,1,0,1
"777",0.955175962886141,0.335157173027668,"LA",2024-06-22,1,1,0,1,1,1,1,1,1,0,1,0,1,1
"778",0.648039046495003,0.371854031476649,"LA",2024-06-23,1,1,1,1,1,1,1,0,1,1,1,1,0,1
"779",0.966980005385649,0.33806652980337,"LA",2024-06-24,1,1,0,1,1,1,1,1,0,0,1,1,0,1
"780",0.936648926426425,0.3877175346088,"LA",2024-06-25,0,1,1,1,1,1,1,0,1,0,1,1,1,1
"781",1.5188930955991,0.387543047270341,"LA",2024-06-26,1,1,1,1,0,1,1,1,1,0,1,0,1,1
"782",6.40580860645006,0.435137001259712,"LA",2024-06-27,1,1,1,1,0,0,1,0,0,0,1,0,0,0
"783",0.679601266596222,0.36152003943883,"LA",2024-06-28,1,1,1,1,1,1,1,1,0,0,1,1,1,1
"784",0.800228581172033,0.389761180075878,"LA",2024-06-29,1,1,1,1,0,1,1,0,1,0,1,0,0,1
"785",0.787953055016586,0.419574845411503,"LA",2024-06-30,1,1,1,1,1,1,1,0,0,0,1,0,1,1
"786",7.86249179910042,0.440698055796387,"LA",2024-07-01,1,1,0,1,0,1,1,1,0,0,0,0,0,1
"787",2.14209109634361,0.400031617067986,"LA",2024-07-02,1,1,1,1,0,0,1,0,0,0,1,0,0,1
"788",1.29532794235598,0.398867123000934,"LA",2024-07-03,1,1,1,1,1,1,1,0,0,0,1,1,0,1
"789",0.625100312705634,0.417141691754114,"LA",2024-07-04,1,0,1,1,1,1,1,1,1,1,1,1,1,1
"790",2.28119024568899,0.375178808934105,"LA",2024-07-05,1,1,0,1,1,0,1,0,0,0,1,1,0,1
"791",1.48698616520303,0.400082187091192,"LA",2024-07-06,1,1,1,1,0,1,1,1,1,1,1,0,0,1
"792",1.11295780103482,0.40264347113064,"LA",2024-07-07,0,1,1,1,1,1,1,0,1,1,1,0,1,1
"793",2.33929184400991,0.439166034123178,"LA",2024-07-08,1,0,0,1,0,1,1,0,0,0,1,0,0,1
"794",1.6587901642534,0.390184084530754,"LA",2024-07-09,1,0,1,1,1,1,1,0,0,1,1,1,0,1
"795",2.34926661524787,0.414125123607583,"LA",2024-07-10,1,0,1,1,1,0,1,0,0,0,1,0,0,1
"796",1.72612581101051,0.406230700834737,"LA",2024-07-11,0,1,1,1,1,1,1,0,0,1,1,0,0,1
"797",0.967985655309417,0.402424281836437,"LA",2024-07-12,1,1,1,1,1,1,1,0,1,0,1,0,0,1
"798",2.33213115617431,0.46032459961438,"LA",2024-07-13,1,1,0,1,0,1,1,0,0,0,1,0,0,1
"799",NA,NA,"MA",2024-06-02,NA,NA,NA,NA,NA,NA,NA,NA,NA,NA,NA,NA,NA,NA
"800",0.335367240479354,0.19811133567365,"MA",2024-06-03,1,1,1,1,1,1,1,0,1,1,1,0,1,1
"801",0.523345341576395,0.401735284959459,"MA",2024-06-04,1,1,1,1,1,1,1,0,0,1,1,1,1,1
"802",NA,NA,"MA",2024-06-05,NA,NA,NA,NA,NA,NA,NA,NA,NA,NA,NA,NA,NA,NA
"803",NA,NA,"MA",2024-06-06,NA,NA,NA,NA,NA,NA,NA,NA,NA,NA,NA,NA,NA,NA
"804",1.00950423586683,0.519032265314717,"MA",2024-06-07,1,1,0,1,0,1,1,0,1,0,1,0,1,1
"805",NA,NA,"MA",2024-06-08,NA,NA,NA,NA,NA,NA,NA,NA,NA,NA,NA,NA,NA,NA
"806",NA,NA,"MA",2024-06-09,NA,NA,NA,NA,NA,NA,NA,NA,NA,NA,NA,NA,NA,NA
"807",1.66601924391542,0.554271815420437,"MA",2024-06-10,1,1,1,1,1,0,1,0,0,1,1,1,0,1
"808",0.796275894171642,0.462081969747854,"MA",2024-06-11,1,1,1,1,1,1,1,0,0,0,1,1,1,1
"809",0.691849652040071,0.361642779289718,"MA",2024-06-12,1,1,1,1,0,1,1,1,1,1,0,0,1,1
"810",0.923444204020119,0.322783187623905,"MA",2024-06-13,1,1,1,1,1,1,1,0,1,0,0,0,1,1
"811",0.850913096087806,0.412461534141728,"MA",2024-06-14,1,1,1,1,1,1,1,0,0,0,0,0,1,1
"812",NA,NA,"MA",2024-06-15,NA,NA,NA,NA,NA,NA,NA,NA,NA,NA,NA,NA,NA,NA
"813",0.498629640359601,0.418149425365961,"MA",2024-06-16,1,1,1,1,1,1,1,1,0,1,0,1,1,1
"814",0.959211332989387,0.49955307468198,"MA",2024-06-17,1,1,0,1,0,1,1,0,1,1,1,0,1,1
"815",0.950364230886092,0.498942514931358,"MA",2024-06-18,1,1,0,1,0,1,1,0,1,0,1,0,1,1
"816",NA,NA,"MA",2024-06-19,NA,NA,NA,NA,NA,NA,NA,NA,NA,NA,NA,NA,NA,NA
"817",0.778580391409862,0.356626201381354,"MA",2024-06-20,1,1,1,1,1,1,1,0,1,1,1,0,1,1
"818",0.686892889353338,0.492751523728446,"MA",2024-06-21,1,1,1,1,0,1,1,1,0,1,1,0,1,1
"819",NA,NA,"MA",2024-06-22,NA,NA,NA,NA,NA,NA,NA,NA,NA,NA,NA,NA,NA,NA
"820",NA,NA,"MA",2024-06-23,NA,NA,NA,NA,NA,NA,NA,NA,NA,NA,NA,NA,NA,NA
"821",0.948718327141218,0.389147424236815,"MA",2024-06-24,1,1,1,1,1,0,1,1,1,0,1,0,1,1
"822",0.67216859272671,0.503890555298765,"MA",2024-06-25,1,1,0,1,1,1,1,0,1,0,1,1,1,1
"823",0.667754945336231,0.504139176187258,"MA",2024-06-26,1,1,0,1,1,1,1,1,0,0,1,1,1,1
"824",1.38643639864045,0.354522978932222,"MA",2024-06-27,1,1,1,1,1,0,1,0,0,1,0,1,0,1
"825",1.16600461766996,0.40081619568296,"MA",2024-06-28,1,1,0,1,1,1,1,0,1,0,0,1,1,1
"826",0.401263935767745,0.272041145541715,"MA",2024-06-29,1,1,1,1,1,1,1,0,1,1,0,1,1,1
"827",NA,NA,"MA",2024-06-30,NA,NA,NA,NA,NA,NA,NA,NA,NA,NA,NA,NA,NA,NA
"828",1.32614007219575,0.413360173101958,"MA",2024-07-01,1,1,1,1,1,1,1,1,1,0,0,0,1,1
"829",1.39130547509607,0.506923747016966,"MA",2024-07-02,1,1,0,1,1,1,1,0,1,0,1,1,1,1
"830",0.663005591532345,0.416946761352745,"MA",2024-07-03,1,1,1,1,1,1,1,1,1,1,1,1,1,1
"831",NA,NA,"MA",2024-07-04,NA,NA,NA,NA,NA,NA,NA,NA,NA,NA,NA,NA,NA,NA
"832",NA,NA,"MA",2024-07-05,NA,NA,NA,NA,NA,NA,NA,NA,NA,NA,NA,NA,NA,NA
"833",NA,NA,"MA",2024-07-06,NA,NA,NA,NA,NA,NA,NA,NA,NA,NA,NA,NA,NA,NA
"834",NA,NA,"MA",2024-07-07,NA,NA,NA,NA,NA,NA,NA,NA,NA,NA,NA,NA,NA,NA
"835",1.01386484897841,0.413107190062145,"MA",2024-07-08,1,1,1,1,1,1,1,0,0,0,1,0,1,1
"836",0.673797073804172,0.512529003353652,"MA",2024-07-09,1,1,0,1,1,1,1,0,1,0,1,1,1,1
"837",NA,NA,"MA",2024-07-10,NA,NA,NA,NA,NA,NA,NA,NA,NA,NA,NA,NA,NA,NA
"838",0.994391312309598,0.426902954263871,"MA",2024-07-11,1,1,0,1,1,0,1,1,1,1,1,1,1,1
"839",1.03257836407719,0.446126688990673,"MA",2024-07-12,1,1,1,1,1,0,1,0,0,0,0,1,1,1
"840",0.681438946497571,0.511468159591001,"MA",2024-07-13,1,1,1,1,0,1,1,1,1,0,1,0,1,1
"841",0.313642996763767,0.239277272788607,"MD",2024-06-02,1,1,1,1,1,1,1,0,1,0,1,1,1,1
"842",0.775734377883227,0.245341662896675,"MD",2024-06-03,0,1,1,1,1,1,1,0,0,1,1,1,1,1
"843",NA,NA,"MD",2024-06-04,NA,NA,NA,NA,NA,NA,NA,NA,NA,NA,NA,NA,NA,NA
"844",0.761903850534538,0.313052987904095,"MD",2024-06-05,1,1,1,1,1,1,1,0,0,1,1,1,1,1
"845",0.487062541475825,0.344262226080411,"MD",2024-06-06,1,1,1,1,1,1,1,0,0,1,1,1,1,1
"846",0.77314925117488,0.317688986102482,"MD",2024-06-07,1,1,1,1,1,1,1,1,0,0,1,1,1,1
"847",0.546915950588232,0.342529253179012,"MD",2024-06-08,1,1,1,1,1,1,1,1,0,0,1,1,1,1
"848",1.49796733574154,0.373315706477893,"MD",2024-06-09,0,1,0,1,1,1,1,0,0,0,1,1,1,1
"849",2.13112245398951,0.328062666216936,"MD",2024-06-10,1,0,1,1,1,1,1,1,0,1,1,0,0,1
"850",0.830793486961416,0.4433919817271,"MD",2024-06-11,1,1,1,0,1,1,1,0,1,0,0,1,1,1
"851",2.04847252633975,0.392674680496138,"MD",2024-06-12,0,1,0,1,1,1,1,0,1,0,1,1,1,1
"852",0.761139052691043,0.400023597456514,"MD",2024-06-13,1,1,1,1,0,1,1,0,0,1,1,0,1,1
"853",NA,NA,"MD",2024-06-14,NA,NA,NA,NA,NA,NA,NA,NA,NA,NA,NA,NA,NA,NA
"854",0.767467327004225,0.401440921824223,"MD",2024-06-15,1,1,1,1,0,1,1,0,0,0,1,0,0,1
"855",1.51967302448864,0.480913980613421,"MD",2024-06-16,1,1,1,1,0,1,1,0,0,1,1,0,1,1
"856",0.875673903897293,0.324115784308221,"MD",2024-06-17,0,1,1,1,1,1,1,0,1,0,1,1,1,1
"857",1.00852432450469,0.417570693494832,"MD",2024-06-18,1,1,1,1,0,1,1,0,0,0,1,0,0,1
"858",1.10925703925182,0.33089746974125,"MD",2024-06-19,0,1,1,1,1,1,1,0,1,0,1,0,1,1
"859",0.365453587529939,0.338955774043159,"MD",2024-06-20,1,1,1,1,1,1,1,1,1,1,1,1,1,1
"860",0.37239051719639,0.34371625323946,"MD",2024-06-21,1,1,1,1,1,1,1,0,0,1,1,1,1,1
"861",0.365068497183769,0.348382275606079,"MD",2024-06-22,1,1,1,1,1,1,1,0,0,1,1,1,1,1
"862",1.51862301980162,0.516423396294833,"MD",2024-06-23,1,1,1,1,1,0,1,1,1,0,0,1,0,1
"863",1.71227884382708,0.414483798596093,"MD",2024-06-24,0,1,1,1,1,1,1,0,0,0,1,1,1,1
"864",0.501298055879817,0.341690571566526,"MD",2024-06-25,1,1,1,1,1,1,1,1,0,1,1,1,0,1
"865",1.72441071028571,0.393609631599835,"MD",2024-06-26,1,0,0,1,1,1,1,0,0,0,1,0,1,1
"866",0.746863777089959,0.342171354048539,"MD",2024-06-27,1,1,1,1,1,1,1,1,1,0,1,0,1,1
"867",1.28125215174193,0.403771792343218,"MD",2024-06-28,1,1,1,1,1,1,1,0,0,0,0,0,1,1
"868",0.777373905325576,0.589778078637739,"MD",2024-06-29,1,1,1,1,1,0,1,0,1,1,1,1,0,1
"869",0.798315248964628,0.469051443908539,"MD",2024-06-30,1,1,1,1,0,1,1,1,0,1,1,0,1,1
"870",0.768519303409305,0.400900922984431,"MD",2024-07-01,1,1,1,1,1,1,1,1,0,0,1,1,1,1
"871",1.45064165836472,0.320964157699777,"MD",2024-07-02,0,1,0,1,1,1,1,0,0,0,1,1,0,1
"872",0.594416912921339,0.327571893176819,"MD",2024-07-03,1,1,0,1,1,1,1,1,1,0,1,1,0,1
"873",1.63284717646194,0.498551289543734,"MD",2024-07-04,1,1,1,1,1,0,1,0,1,0,1,1,0,1
"874",1.5679284901964,0.410902565079747,"MD",2024-07-05,1,1,1,1,1,0,1,1,0,0,1,0,1,1
"875",1.17111728626218,0.421490580891868,"MD",2024-07-06,1,1,1,1,1,1,1,0,0,0,1,1,1,1
"876",1.34749831802053,0.332399771844403,"MD",2024-07-07,1,0,1,1,1,1,1,0,1,1,1,1,0,1
"877",3.42327466069334,0.464741038940851,"MD",2024-07-08,1,0,1,1,0,0,1,1,0,0,0,0,1,1
"878",1.48626709904142,0.383556615330344,"MD",2024-07-09,1,1,1,1,1,1,1,0,1,1,1,1,0,1
"879",0.668260624004027,0.364732006529436,"MD",2024-07-10,1,1,1,1,1,1,1,1,1,0,0,1,1,1
"880",1.86928580050188,0.420557289017649,"MD",2024-07-11,1,1,1,1,0,1,1,0,1,1,1,1,0,1
"881",1.48325456313808,0.460910462017842,"MD",2024-07-12,1,1,1,1,1,0,1,0,1,0,1,0,0,1
"882",1.35513725929506,0.475002018340824,"MD",2024-07-13,1,1,1,1,1,0,1,1,1,1,0,0,0,1
"883",NA,NA,"ME",2024-06-02,NA,NA,NA,NA,NA,NA,NA,NA,NA,NA,NA,NA,NA,NA
"884",NA,NA,"ME",2024-06-03,NA,NA,NA,NA,NA,NA,NA,NA,NA,NA,NA,NA,NA,NA
"885",NA,NA,"ME",2024-06-04,NA,NA,NA,NA,NA,NA,NA,NA,NA,NA,NA,NA,NA,NA
"886",NA,NA,"ME",2024-06-05,NA,NA,NA,NA,NA,NA,NA,NA,NA,NA,NA,NA,NA,NA
"887",NA,NA,"ME",2024-06-06,NA,NA,NA,NA,NA,NA,NA,NA,NA,NA,NA,NA,NA,NA
"888",NA,NA,"ME",2024-06-07,NA,NA,NA,NA,NA,NA,NA,NA,NA,NA,NA,NA,NA,NA
"889",NA,NA,"ME",2024-06-08,NA,NA,NA,NA,NA,NA,NA,NA,NA,NA,NA,NA,NA,NA
"890",NA,NA,"ME",2024-06-09,NA,NA,NA,NA,NA,NA,NA,NA,NA,NA,NA,NA,NA,NA
"891",NA,NA,"ME",2024-06-10,NA,NA,NA,NA,NA,NA,NA,NA,NA,NA,NA,NA,NA,NA
"892",NA,NA,"ME",2024-06-11,NA,NA,NA,NA,NA,NA,NA,NA,NA,NA,NA,NA,NA,NA
"893",NA,NA,"ME",2024-06-12,NA,NA,NA,NA,NA,NA,NA,NA,NA,NA,NA,NA,NA,NA
"894",NA,NA,"ME",2024-06-13,NA,NA,NA,NA,NA,NA,NA,NA,NA,NA,NA,NA,NA,NA
"895",NA,NA,"ME",2024-06-14,NA,NA,NA,NA,NA,NA,NA,NA,NA,NA,NA,NA,NA,NA
"896",NA,NA,"ME",2024-06-15,NA,NA,NA,NA,NA,NA,NA,NA,NA,NA,NA,NA,NA,NA
"897",NA,NA,"ME",2024-06-16,NA,NA,NA,NA,NA,NA,NA,NA,NA,NA,NA,NA,NA,NA
"898",NA,NA,"ME",2024-06-17,NA,NA,NA,NA,NA,NA,NA,NA,NA,NA,NA,NA,NA,NA
"899",NA,NA,"ME",2024-06-18,NA,NA,NA,NA,NA,NA,NA,NA,NA,NA,NA,NA,NA,NA
"900",NA,NA,"ME",2024-06-19,NA,NA,NA,NA,NA,NA,NA,NA,NA,NA,NA,NA,NA,NA
"901",NA,NA,"ME",2024-06-20,NA,NA,NA,NA,NA,NA,NA,NA,NA,NA,NA,NA,NA,NA
"902",NA,NA,"ME",2024-06-21,NA,NA,NA,NA,NA,NA,NA,NA,NA,NA,NA,NA,NA,NA
"903",NA,NA,"ME",2024-06-22,NA,NA,NA,NA,NA,NA,NA,NA,NA,NA,NA,NA,NA,NA
"904",NA,NA,"ME",2024-06-23,NA,NA,NA,NA,NA,NA,NA,NA,NA,NA,NA,NA,NA,NA
"905",NA,NA,"ME",2024-06-24,NA,NA,NA,NA,NA,NA,NA,NA,NA,NA,NA,NA,NA,NA
"906",NA,NA,"ME",2024-06-25,NA,NA,NA,NA,NA,NA,NA,NA,NA,NA,NA,NA,NA,NA
"907",NA,NA,"ME",2024-06-26,NA,NA,NA,NA,NA,NA,NA,NA,NA,NA,NA,NA,NA,NA
"908",NA,NA,"ME",2024-06-27,NA,NA,NA,NA,NA,NA,NA,NA,NA,NA,NA,NA,NA,NA
"909",NA,NA,"ME",2024-06-28,NA,NA,NA,NA,NA,NA,NA,NA,NA,NA,NA,NA,NA,NA
"910",NA,NA,"ME",2024-06-29,NA,NA,NA,NA,NA,NA,NA,NA,NA,NA,NA,NA,NA,NA
"911",NA,NA,"ME",2024-06-30,NA,NA,NA,NA,NA,NA,NA,NA,NA,NA,NA,NA,NA,NA
"912",NA,NA,"ME",2024-07-01,NA,NA,NA,NA,NA,NA,NA,NA,NA,NA,NA,NA,NA,NA
"913",NA,NA,"ME",2024-07-02,NA,NA,NA,NA,NA,NA,NA,NA,NA,NA,NA,NA,NA,NA
"914",NA,NA,"ME",2024-07-03,NA,NA,NA,NA,NA,NA,NA,NA,NA,NA,NA,NA,NA,NA
"915",NA,NA,"ME",2024-07-04,NA,NA,NA,NA,NA,NA,NA,NA,NA,NA,NA,NA,NA,NA
"916",NA,NA,"ME",2024-07-05,NA,NA,NA,NA,NA,NA,NA,NA,NA,NA,NA,NA,NA,NA
"917",NA,NA,"ME",2024-07-06,NA,NA,NA,NA,NA,NA,NA,NA,NA,NA,NA,NA,NA,NA
"918",NA,NA,"ME",2024-07-07,NA,NA,NA,NA,NA,NA,NA,NA,NA,NA,NA,NA,NA,NA
"919",NA,NA,"ME",2024-07-08,NA,NA,NA,NA,NA,NA,NA,NA,NA,NA,NA,NA,NA,NA
"920",NA,NA,"ME",2024-07-09,NA,NA,NA,NA,NA,NA,NA,NA,NA,NA,NA,NA,NA,NA
"921",NA,NA,"ME",2024-07-10,NA,NA,NA,NA,NA,NA,NA,NA,NA,NA,NA,NA,NA,NA
"922",NA,NA,"ME",2024-07-11,NA,NA,NA,NA,NA,NA,NA,NA,NA,NA,NA,NA,NA,NA
"923",NA,NA,"ME",2024-07-12,NA,NA,NA,NA,NA,NA,NA,NA,NA,NA,NA,NA,NA,NA
"924",NA,NA,"ME",2024-07-13,NA,NA,NA,NA,NA,NA,NA,NA,NA,NA,NA,NA,NA,NA
"925",NA,NA,"MI",2024-06-02,NA,NA,NA,NA,NA,NA,NA,NA,NA,NA,NA,NA,NA,NA
"926",1.56628887927983,0.509538274760647,"MI",2024-06-03,1,1,0,1,1,1,1,1,0,0,1,0,1,1
"927",1.54049430823039,0.37084602870998,"MI",2024-06-04,1,0,1,1,1,0,1,1,1,1,1,0,0,1
"928",1.95628230694556,0.383908144137013,"MI",2024-06-05,1,0,0,1,1,1,1,1,0,0,0,1,1,0
"929",1.68382210367567,0.458820154340101,"MI",2024-06-06,1,1,0,0,1,1,1,1,0,0,0,1,0,1
"930",1.20758596161558,0.413687603991426,"MI",2024-06-07,1,0,1,1,1,1,1,1,0,0,1,0,1,1
"931",2.77901321532127,0.528067045929132,"MI",2024-06-08,1,0,1,1,1,0,1,0,1,1,1,1,0,1
"932",1.06305686192201,0.373486192024692,"MI",2024-06-09,1,1,1,1,1,1,1,1,0,0,1,1,1,1
"933",2.05321603392073,0.447778392752364,"MI",2024-06-10,1,0,0,1,0,1,1,0,0,0,1,0,1,1
"934",3.35229791417029,0.410897802309051,"MI",2024-06-11,0,1,0,1,1,1,1,0,0,0,1,1,0,1
"935",0.692560756823821,0.301266614514415,"MI",2024-06-12,1,1,1,1,1,1,1,1,1,1,1,1,1,1
"936",1.17711976262372,0.353227383068133,"MI",2024-06-13,1,1,0,1,1,1,1,0,1,1,0,1,1,1
"937",2.81364879889114,0.362566910898859,"MI",2024-06-14,1,1,0,1,1,1,1,1,0,0,1,0,1,1
"938",NA,NA,"MI",2024-06-15,NA,NA,NA,NA,NA,NA,NA,NA,NA,NA,NA,NA,NA,NA
"939",1.78904481309673,0.45229659666361,"MI",2024-06-16,1,0,0,1,1,1,1,1,0,0,1,1,0,1
"940",2.66504495251439,0.384387740577666,"MI",2024-06-17,1,1,0,1,1,1,1,0,1,0,0,0,0,1
"941",2.16298771686332,0.48306203422008,"MI",2024-06-18,1,0,0,1,0,1,1,0,0,0,1,0,0,0
"942",0.833458868827245,0.344130349066547,"MI",2024-06-19,1,1,1,1,1,1,1,0,1,1,1,0,1,1
"943",1.83698320665701,0.384487292551857,"MI",2024-06-20,0,0,1,1,1,1,1,0,0,0,1,1,1,1
"944",1.5893933439079,0.402659373833575,"MI",2024-06-21,1,1,1,1,1,1,0,1,0,0,1,0,0,0
"945",0.913923980369011,0.387280446363019,"MI",2024-06-22,1,1,1,1,1,1,1,1,0,0,1,0,0,1
"946",0.801982904690391,0.312690095905207,"MI",2024-06-23,0,1,1,1,1,1,1,0,0,1,1,1,1,1
"947",2.02362751014278,0.41569932367293,"MI",2024-06-24,1,1,1,0,0,1,1,0,0,0,1,0,0,1
"948",3.07388603244151,0.395176225996726,"MI",2024-06-25,1,0,1,1,0,1,1,0,0,0,1,0,0,1
"949",2.19994601979609,0.392884732514815,"MI",2024-06-26,1,1,1,1,1,1,1,0,0,0,1,0,0,1
"950",1.10488115765607,0.382720821914338,"MI",2024-06-27,1,1,1,1,1,1,1,0,0,0,1,1,0,1
"951",1.75796216433233,0.497539293370268,"MI",2024-06-28,1,0,0,1,1,1,1,0,0,0,1,0,1,1
"952",0.453386458595528,0.306696735271507,"MI",2024-06-29,1,1,1,1,1,1,1,0,0,1,1,1,1,1
"953",0.841024955698143,0.425221827692036,"MI",2024-06-30,1,1,1,1,0,1,1,1,0,1,1,0,1,1
"954",3.92497076687545,0.398229762987815,"MI",2024-07-01,1,1,0,0,0,1,1,0,0,0,0,0,0,1
"955",5.47080477057839,0.429303503239178,"MI",2024-07-02,1,0,0,0,1,1,1,0,0,0,0,0,0,1
"956",1.41323686200162,0.379361064926937,"MI",2024-07-03,1,1,1,1,1,1,1,0,1,1,1,0,0,1
"957",1.68301291456949,0.369902602710638,"MI",2024-07-04,0,0,1,1,1,1,1,0,0,1,1,1,1,1
"958",2.12818099638394,0.446542242672716,"MI",2024-07-05,0,1,0,0,1,1,1,0,0,0,0,1,0,1
"959",2.81881970773372,0.4123527339865,"MI",2024-07-06,1,1,0,0,0,1,1,0,0,0,1,0,1,1
"960",1.37366640595914,0.490226771305346,"MI",2024-07-07,1,1,1,1,1,0,1,1,0,0,1,1,0,1
"961",5.7094281763755,0.390652212890023,"MI",2024-07-08,0,0,0,1,0,1,1,0,0,0,1,0,0,1
"962",4.57250102405373,0.420762860854647,"MI",2024-07-09,1,0,0,1,1,1,1,0,0,0,1,0,0,0
"963",3.70247081533953,0.399825212658761,"MI",2024-07-10,1,1,1,1,0,1,1,0,0,0,1,0,1,1
"964",5.69716194833827,0.444551720972223,"MI",2024-07-11,1,0,0,1,0,1,1,0,0,0,1,0,0,1
"965",1.99274530385841,0.365695607800017,"MI",2024-07-12,0,1,1,1,1,1,1,1,0,0,1,0,1,1
"966",4.59797838628023,0.482890965912993,"MI",2024-07-13,0,0,0,1,1,1,1,0,0,0,1,1,0,1
"967",0.57058387203173,0.336033132986294,"MN",2024-06-02,1,1,1,1,1,1,1,1,0,1,1,0,1,1
"968",2.41453402889498,0.404296702155133,"MN",2024-06-03,0,0,1,1,1,1,0,0,0,1,1,0,1,0
"969",2.0673368395963,0.326350398266464,"MN",2024-06-04,0,1,0,1,1,1,1,0,0,0,0,0,1,1
"970",1.36429039673515,0.332673956221325,"MN",2024-06-05,0,1,1,1,1,1,1,0,1,1,0,1,0,1
"971",0.89296760902539,0.35387425034665,"MN",2024-06-06,1,1,0,1,1,1,1,1,1,1,1,1,1,1
"972",2.21568673943907,0.452191085583246,"MN",2024-06-07,1,0,0,1,1,1,1,0,1,0,1,1,1,1
"973",0.806188633767512,0.26665429727811,"MN",2024-06-08,1,0,1,1,1,1,1,0,0,1,1,1,1,1
"974",1.97039222246322,0.368389914891942,"MN",2024-06-09,1,0,0,1,1,1,1,0,0,0,1,1,1,1
"975",1.72147486377487,0.461183863406324,"MN",2024-06-10,1,0,1,1,1,0,0,0,0,1,1,0,0,0
"976",0.861053242679382,0.352690975294768,"MN",2024-06-11,1,1,1,1,1,1,1,0,0,1,1,0,1,1
"977",1.05317753415837,0.331285438963282,"MN",2024-06-12,1,1,1,1,1,1,1,0,0,1,1,0,0,1
"978",3.21861695859365,0.376915411120521,"MN",2024-06-13,1,1,0,1,1,1,1,0,0,0,1,1,1,1
"979",0.668147325020031,0.303906187750799,"MN",2024-06-14,1,1,1,1,1,1,1,0,0,0,1,0,1,1
"980",1.14131068199417,0.384257719052234,"MN",2024-06-15,1,1,1,1,1,1,1,0,1,0,1,0,0,1
"981",1.8051653170395,0.351445460583894,"MN",2024-06-16,1,1,0,1,1,1,1,0,0,0,1,0,1,1
"982",2.33255559208643,0.408958156884997,"MN",2024-06-17,0,0,0,1,1,1,1,0,0,0,1,0,1,1
"983",1.03522055242029,0.349374818435736,"MN",2024-06-18,1,1,1,1,1,1,1,0,1,0,1,0,0,1
"984",2.298268057855,0.412527892630265,"MN",2024-06-19,1,0,0,1,1,1,1,0,1,0,0,0,0,1
"985",1.94097316239078,0.355674798068428,"MN",2024-06-20,0,1,1,1,1,1,1,0,0,0,1,0,0,1
"986",1.59012418013623,0.361270299527703,"MN",2024-06-21,0,1,1,1,1,1,1,1,0,0,1,1,1,1
"987",2.05558577887596,0.415614130831098,"MN",2024-06-22,1,0,0,1,1,1,1,0,0,1,1,0,0,1
"988",2.78160493041303,0.389911040352092,"MN",2024-06-23,1,1,1,1,0,1,1,1,1,0,1,0,1,1
"989",2.76511707043261,0.38480780509091,"MN",2024-06-24,1,0,0,1,1,1,1,1,1,0,1,1,0,1
"990",4.55989769181036,0.402748563272764,"MN",2024-06-25,0,0,1,1,1,1,1,0,0,0,1,0,1,1
"991",2.36829779808929,0.378799032305571,"MN",2024-06-26,1,1,1,1,0,1,1,1,0,0,1,0,0,1
"992",1.47720017703467,0.358707773341897,"MN",2024-06-27,1,1,1,1,1,1,1,0,0,1,1,1,0,1
"993",3.9084742104321,0.419767346593541,"MN",2024-06-28,0,0,1,1,1,1,1,0,0,0,1,1,0,1
"994",0.890849199958335,0.297946214308836,"MN",2024-06-29,1,1,1,1,1,1,1,0,0,0,1,1,1,0
"995",3.34911760910819,0.439815106645031,"MN",2024-06-30,0,0,0,1,1,1,1,0,0,0,1,1,0,1
"996",1.85275385561776,0.361841235045691,"MN",2024-07-01,1,1,1,1,1,0,1,0,0,0,1,1,0,1
"997",3.82335414623087,0.46367536086095,"MN",2024-07-02,1,0,1,1,0,0,1,0,0,0,0,0,0,1
"998",1.7332062902257,0.337875660878582,"MN",2024-07-03,0,1,1,0,1,1,1,0,0,0,1,0,0,1
"999",3.65204878885295,0.411067718613622,"MN",2024-07-04,0,0,1,1,1,1,1,0,0,1,1,1,0,1
"1000",2.93813627643637,0.365363050986687,"MN",2024-07-05,1,0,0,1,1,1,1,1,0,0,1,0,0,1
"1001",4.65386676013849,0.434416058395772,"MN",2024-07-06,0,0,0,1,1,1,1,0,0,0,1,1,0,1
"1002",2.12610891181588,0.388252406264314,"MN",2024-07-07,1,1,1,1,1,0,1,1,0,0,1,0,0,1
"1003",1.46256415133388,0.378359749139418,"MN",2024-07-08,1,1,1,1,1,1,1,0,0,0,1,1,0,1
"1004",3.84258180166091,0.395155907344443,"MN",2024-07-09,1,0,0,1,0,1,1,0,0,0,1,0,0,1
"1005",5.5017315097424,0.471838197819348,"MN",2024-07-10,0,0,1,0,1,1,1,0,0,0,0,0,0,1
"1006",4.97274918073458,0.422823952038268,"MN",2024-07-11,0,0,1,1,0,1,1,0,0,0,0,0,0,1
"1007",5.48951681657031,0.49437563954282,"MN",2024-07-12,0,0,1,1,0,0,1,0,0,0,1,0,0,1
"1008",3.89425413077608,0.499624744979558,"MN",2024-07-13,1,0,1,1,1,0,1,0,0,0,1,1,0,1
"1009",NA,NA,"MO",2024-06-02,NA,NA,NA,NA,NA,NA,NA,NA,NA,NA,NA,NA,NA,NA
"1010",NA,NA,"MO",2024-06-03,NA,NA,NA,NA,NA,NA,NA,NA,NA,NA,NA,NA,NA,NA
"1011",NA,NA,"MO",2024-06-04,NA,NA,NA,NA,NA,NA,NA,NA,NA,NA,NA,NA,NA,NA
"1012",NA,NA,"MO",2024-06-05,NA,NA,NA,NA,NA,NA,NA,NA,NA,NA,NA,NA,NA,NA
"1013",NA,NA,"MO",2024-06-06,NA,NA,NA,NA,NA,NA,NA,NA,NA,NA,NA,NA,NA,NA
"1014",NA,NA,"MO",2024-06-07,NA,NA,NA,NA,NA,NA,NA,NA,NA,NA,NA,NA,NA,NA
"1015",NA,NA,"MO",2024-06-08,NA,NA,NA,NA,NA,NA,NA,NA,NA,NA,NA,NA,NA,NA
"1016",NA,NA,"MO",2024-06-09,NA,NA,NA,NA,NA,NA,NA,NA,NA,NA,NA,NA,NA,NA
"1017",NA,NA,"MO",2024-06-10,NA,NA,NA,NA,NA,NA,NA,NA,NA,NA,NA,NA,NA,NA
"1018",NA,NA,"MO",2024-06-11,NA,NA,NA,NA,NA,NA,NA,NA,NA,NA,NA,NA,NA,NA
"1019",NA,NA,"MO",2024-06-12,NA,NA,NA,NA,NA,NA,NA,NA,NA,NA,NA,NA,NA,NA
"1020",NA,NA,"MO",2024-06-13,NA,NA,NA,NA,NA,NA,NA,NA,NA,NA,NA,NA,NA,NA
"1021",NA,NA,"MO",2024-06-14,NA,NA,NA,NA,NA,NA,NA,NA,NA,NA,NA,NA,NA,NA
"1022",NA,NA,"MO",2024-06-15,NA,NA,NA,NA,NA,NA,NA,NA,NA,NA,NA,NA,NA,NA
"1023",0.80106276871019,0.416749988593174,"MO",2024-06-16,1,1,1,1,0,1,1,1,1,1,1,0,0,1
"1024",NA,NA,"MO",2024-06-17,NA,NA,NA,NA,NA,NA,NA,NA,NA,NA,NA,NA,NA,NA
"1025",NA,NA,"MO",2024-06-18,NA,NA,NA,NA,NA,NA,NA,NA,NA,NA,NA,NA,NA,NA
"1026",NA,NA,"MO",2024-06-19,NA,NA,NA,NA,NA,NA,NA,NA,NA,NA,NA,NA,NA,NA
"1027",NA,NA,"MO",2024-06-20,NA,NA,NA,NA,NA,NA,NA,NA,NA,NA,NA,NA,NA,NA
"1028",0.40018766260702,0.414069551029194,"MO",2024-06-21,1,1,1,1,1,1,1,0,1,1,1,1,0,1
"1029",NA,NA,"MO",2024-06-22,NA,NA,NA,NA,NA,NA,NA,NA,NA,NA,NA,NA,NA,NA
"1030",NA,NA,"MO",2024-06-23,NA,NA,NA,NA,NA,NA,NA,NA,NA,NA,NA,NA,NA,NA
"1031",NA,NA,"MO",2024-06-24,NA,NA,NA,NA,NA,NA,NA,NA,NA,NA,NA,NA,NA,NA
"1032",NA,NA,"MO",2024-06-25,NA,NA,NA,NA,NA,NA,NA,NA,NA,NA,NA,NA,NA,NA
"1033",1.54048917570393,0.420889243778131,"MO",2024-06-26,1,1,1,1,0,1,1,0,1,1,1,0,0,1
"1034",0.75672477513097,0.420466751520081,"MO",2024-06-27,1,1,1,1,0,1,1,1,1,1,1,0,0,1
"1035",NA,NA,"MO",2024-06-28,NA,NA,NA,NA,NA,NA,NA,NA,NA,NA,NA,NA,NA,NA
"1036",NA,NA,"MO",2024-06-29,NA,NA,NA,NA,NA,NA,NA,NA,NA,NA,NA,NA,NA,NA
"1037",0.48610304573626,0.382042656072039,"MO",2024-06-30,1,1,1,1,1,1,1,1,0,1,1,1,0,1
"1038",0.980672764205582,0.408038251436807,"MO",2024-07-01,1,1,1,1,0,1,1,1,1,0,1,0,0,1
"1039",NA,NA,"MO",2024-07-02,NA,NA,NA,NA,NA,NA,NA,NA,NA,NA,NA,NA,NA,NA
"1040",0.407597590155874,0.426075568093162,"MO",2024-07-03,1,1,1,1,1,1,1,0,0,1,1,1,1,1
"1041",NA,NA,"MO",2024-07-04,NA,NA,NA,NA,NA,NA,NA,NA,NA,NA,NA,NA,NA,NA
"1042",NA,NA,"MO",2024-07-05,NA,NA,NA,NA,NA,NA,NA,NA,NA,NA,NA,NA,NA,NA
"1043",0.632419136535091,0.404188137903947,"MO",2024-07-06,1,1,0,1,1,1,1,1,1,0,1,1,0,1
"1044",NA,NA,"MO",2024-07-07,NA,NA,NA,NA,NA,NA,NA,NA,NA,NA,NA,NA,NA,NA
"1045",0.737198870522933,0.394312986982388,"MO",2024-07-08,1,1,1,1,1,0,1,0,1,0,1,1,1,1
"1046",NA,NA,"MO",2024-07-09,NA,NA,NA,NA,NA,NA,NA,NA,NA,NA,NA,NA,NA,NA
"1047",0.39459105388158,0.423105519320022,"MO",2024-07-10,1,1,1,1,1,1,1,0,1,1,1,1,0,1
"1048",NA,NA,"MO",2024-07-11,NA,NA,NA,NA,NA,NA,NA,NA,NA,NA,NA,NA,NA,NA
"1049",NA,NA,"MO",2024-07-12,NA,NA,NA,NA,NA,NA,NA,NA,NA,NA,NA,NA,NA,NA
"1050",NA,NA,"MO",2024-07-13,NA,NA,NA,NA,NA,NA,NA,NA,NA,NA,NA,NA,NA,NA
"1051",NA,NA,"MS",2024-06-02,NA,NA,NA,NA,NA,NA,NA,NA,NA,NA,NA,NA,NA,NA
"1052",NA,NA,"MS",2024-06-03,NA,NA,NA,NA,NA,NA,NA,NA,NA,NA,NA,NA,NA,NA
"1053",NA,NA,"MS",2024-06-04,NA,NA,NA,NA,NA,NA,NA,NA,NA,NA,NA,NA,NA,NA
"1054",NA,NA,"MS",2024-06-05,NA,NA,NA,NA,NA,NA,NA,NA,NA,NA,NA,NA,NA,NA
"1055",NA,NA,"MS",2024-06-06,NA,NA,NA,NA,NA,NA,NA,NA,NA,NA,NA,NA,NA,NA
"1056",NA,NA,"MS",2024-06-07,NA,NA,NA,NA,NA,NA,NA,NA,NA,NA,NA,NA,NA,NA
"1057",NA,NA,"MS",2024-06-08,NA,NA,NA,NA,NA,NA,NA,NA,NA,NA,NA,NA,NA,NA
"1058",NA,NA,"MS",2024-06-09,NA,NA,NA,NA,NA,NA,NA,NA,NA,NA,NA,NA,NA,NA
"1059",NA,NA,"MS",2024-06-10,NA,NA,NA,NA,NA,NA,NA,NA,NA,NA,NA,NA,NA,NA
"1060",NA,NA,"MS",2024-06-11,NA,NA,NA,NA,NA,NA,NA,NA,NA,NA,NA,NA,NA,NA
"1061",NA,NA,"MS",2024-06-12,NA,NA,NA,NA,NA,NA,NA,NA,NA,NA,NA,NA,NA,NA
"1062",NA,NA,"MS",2024-06-13,NA,NA,NA,NA,NA,NA,NA,NA,NA,NA,NA,NA,NA,NA
"1063",NA,NA,"MS",2024-06-14,NA,NA,NA,NA,NA,NA,NA,NA,NA,NA,NA,NA,NA,NA
"1064",NA,NA,"MS",2024-06-15,NA,NA,NA,NA,NA,NA,NA,NA,NA,NA,NA,NA,NA,NA
"1065",NA,NA,"MS",2024-06-16,NA,NA,NA,NA,NA,NA,NA,NA,NA,NA,NA,NA,NA,NA
"1066",0.308763196356407,0.232489572149427,"MS",2024-06-17,1,1,1,1,1,1,1,0,1,1,0,1,1,1
"1067",NA,NA,"MS",2024-06-18,NA,NA,NA,NA,NA,NA,NA,NA,NA,NA,NA,NA,NA,NA
"1068",NA,NA,"MS",2024-06-19,NA,NA,NA,NA,NA,NA,NA,NA,NA,NA,NA,NA,NA,NA
"1069",NA,NA,"MS",2024-06-20,NA,NA,NA,NA,NA,NA,NA,NA,NA,NA,NA,NA,NA,NA
"1070",NA,NA,"MS",2024-06-21,NA,NA,NA,NA,NA,NA,NA,NA,NA,NA,NA,NA,NA,NA
"1071",NA,NA,"MS",2024-06-22,NA,NA,NA,NA,NA,NA,NA,NA,NA,NA,NA,NA,NA,NA
"1072",NA,NA,"MS",2024-06-23,NA,NA,NA,NA,NA,NA,NA,NA,NA,NA,NA,NA,NA,NA
"1073",NA,NA,"MS",2024-06-24,NA,NA,NA,NA,NA,NA,NA,NA,NA,NA,NA,NA,NA,NA
"1074",NA,NA,"MS",2024-06-25,NA,NA,NA,NA,NA,NA,NA,NA,NA,NA,NA,NA,NA,NA
"1075",NA,NA,"MS",2024-06-26,NA,NA,NA,NA,NA,NA,NA,NA,NA,NA,NA,NA,NA,NA
"1076",1.26152466321166,0.416890383784983,"MS",2024-06-27,1,0,1,1,1,1,1,0,0,1,1,0,1,1
"1077",NA,NA,"MS",2024-06-28,NA,NA,NA,NA,NA,NA,NA,NA,NA,NA,NA,NA,NA,NA
"1078",NA,NA,"MS",2024-06-29,NA,NA,NA,NA,NA,NA,NA,NA,NA,NA,NA,NA,NA,NA
"1079",NA,NA,"MS",2024-06-30,NA,NA,NA,NA,NA,NA,NA,NA,NA,NA,NA,NA,NA,NA
"1080",0.750956925598241,0.259016588646386,"MS",2024-07-01,0,1,1,1,1,1,1,0,0,1,1,1,1,1
"1081",0.743798000452776,0.499785215536658,"MS",2024-07-02,1,1,1,1,1,0,1,1,1,1,0,1,0,1
"1082",0.587949841551673,0.40878756288266,"MS",2024-07-03,1,0,1,1,1,1,1,1,1,1,1,1,1,1
"1083",NA,NA,"MS",2024-07-04,NA,NA,NA,NA,NA,NA,NA,NA,NA,NA,NA,NA,NA,NA
"1084",NA,NA,"MS",2024-07-05,NA,NA,NA,NA,NA,NA,NA,NA,NA,NA,NA,NA,NA,NA
"1085",NA,NA,"MS",2024-07-06,NA,NA,NA,NA,NA,NA,NA,NA,NA,NA,NA,NA,NA,NA
"1086",NA,NA,"MS",2024-07-07,NA,NA,NA,NA,NA,NA,NA,NA,NA,NA,NA,NA,NA,NA
"1087",NA,NA,"MS",2024-07-08,NA,NA,NA,NA,NA,NA,NA,NA,NA,NA,NA,NA,NA,NA
"1088",0.654071099672847,0.422993553237309,"MS",2024-07-09,1,1,0,1,1,1,1,1,1,0,1,0,1,1
"1089",NA,NA,"MS",2024-07-10,NA,NA,NA,NA,NA,NA,NA,NA,NA,NA,NA,NA,NA,NA
"1090",NA,NA,"MS",2024-07-11,NA,NA,NA,NA,NA,NA,NA,NA,NA,NA,NA,NA,NA,NA
"1091",NA,NA,"MS",2024-07-12,NA,NA,NA,NA,NA,NA,NA,NA,NA,NA,NA,NA,NA,NA
"1092",NA,NA,"MS",2024-07-13,NA,NA,NA,NA,NA,NA,NA,NA,NA,NA,NA,NA,NA,NA
"1093",NA,NA,"MT",2024-06-02,NA,NA,NA,NA,NA,NA,NA,NA,NA,NA,NA,NA,NA,NA
"1094",NA,NA,"MT",2024-06-03,NA,NA,NA,NA,NA,NA,NA,NA,NA,NA,NA,NA,NA,NA
"1095",NA,NA,"MT",2024-06-04,NA,NA,NA,NA,NA,NA,NA,NA,NA,NA,NA,NA,NA,NA
"1096",NA,NA,"MT",2024-06-05,NA,NA,NA,NA,NA,NA,NA,NA,NA,NA,NA,NA,NA,NA
"1097",NA,NA,"MT",2024-06-06,NA,NA,NA,NA,NA,NA,NA,NA,NA,NA,NA,NA,NA,NA
"1098",NA,NA,"MT",2024-06-07,NA,NA,NA,NA,NA,NA,NA,NA,NA,NA,NA,NA,NA,NA
"1099",NA,NA,"MT",2024-06-08,NA,NA,NA,NA,NA,NA,NA,NA,NA,NA,NA,NA,NA,NA
"1100",NA,NA,"MT",2024-06-09,NA,NA,NA,NA,NA,NA,NA,NA,NA,NA,NA,NA,NA,NA
"1101",NA,NA,"MT",2024-06-10,NA,NA,NA,NA,NA,NA,NA,NA,NA,NA,NA,NA,NA,NA
"1102",NA,NA,"MT",2024-06-11,NA,NA,NA,NA,NA,NA,NA,NA,NA,NA,NA,NA,NA,NA
"1103",NA,NA,"MT",2024-06-12,NA,NA,NA,NA,NA,NA,NA,NA,NA,NA,NA,NA,NA,NA
"1104",NA,NA,"MT",2024-06-13,NA,NA,NA,NA,NA,NA,NA,NA,NA,NA,NA,NA,NA,NA
"1105",NA,NA,"MT",2024-06-14,NA,NA,NA,NA,NA,NA,NA,NA,NA,NA,NA,NA,NA,NA
"1106",NA,NA,"MT",2024-06-15,NA,NA,NA,NA,NA,NA,NA,NA,NA,NA,NA,NA,NA,NA
"1107",NA,NA,"MT",2024-06-16,NA,NA,NA,NA,NA,NA,NA,NA,NA,NA,NA,NA,NA,NA
"1108",NA,NA,"MT",2024-06-17,NA,NA,NA,NA,NA,NA,NA,NA,NA,NA,NA,NA,NA,NA
"1109",NA,NA,"MT",2024-06-18,NA,NA,NA,NA,NA,NA,NA,NA,NA,NA,NA,NA,NA,NA
"1110",NA,NA,"MT",2024-06-19,NA,NA,NA,NA,NA,NA,NA,NA,NA,NA,NA,NA,NA,NA
"1111",NA,NA,"MT",2024-06-20,NA,NA,NA,NA,NA,NA,NA,NA,NA,NA,NA,NA,NA,NA
"1112",NA,NA,"MT",2024-06-21,NA,NA,NA,NA,NA,NA,NA,NA,NA,NA,NA,NA,NA,NA
"1113",NA,NA,"MT",2024-06-22,NA,NA,NA,NA,NA,NA,NA,NA,NA,NA,NA,NA,NA,NA
"1114",NA,NA,"MT",2024-06-23,NA,NA,NA,NA,NA,NA,NA,NA,NA,NA,NA,NA,NA,NA
"1115",NA,NA,"MT",2024-06-24,NA,NA,NA,NA,NA,NA,NA,NA,NA,NA,NA,NA,NA,NA
"1116",NA,NA,"MT",2024-06-25,NA,NA,NA,NA,NA,NA,NA,NA,NA,NA,NA,NA,NA,NA
"1117",NA,NA,"MT",2024-06-26,NA,NA,NA,NA,NA,NA,NA,NA,NA,NA,NA,NA,NA,NA
"1118",NA,NA,"MT",2024-06-27,NA,NA,NA,NA,NA,NA,NA,NA,NA,NA,NA,NA,NA,NA
"1119",NA,NA,"MT",2024-06-28,NA,NA,NA,NA,NA,NA,NA,NA,NA,NA,NA,NA,NA,NA
"1120",NA,NA,"MT",2024-06-29,NA,NA,NA,NA,NA,NA,NA,NA,NA,NA,NA,NA,NA,NA
"1121",NA,NA,"MT",2024-06-30,NA,NA,NA,NA,NA,NA,NA,NA,NA,NA,NA,NA,NA,NA
"1122",NA,NA,"MT",2024-07-01,NA,NA,NA,NA,NA,NA,NA,NA,NA,NA,NA,NA,NA,NA
"1123",NA,NA,"MT",2024-07-02,NA,NA,NA,NA,NA,NA,NA,NA,NA,NA,NA,NA,NA,NA
"1124",NA,NA,"MT",2024-07-03,NA,NA,NA,NA,NA,NA,NA,NA,NA,NA,NA,NA,NA,NA
"1125",NA,NA,"MT",2024-07-04,NA,NA,NA,NA,NA,NA,NA,NA,NA,NA,NA,NA,NA,NA
"1126",NA,NA,"MT",2024-07-05,NA,NA,NA,NA,NA,NA,NA,NA,NA,NA,NA,NA,NA,NA
"1127",NA,NA,"MT",2024-07-06,NA,NA,NA,NA,NA,NA,NA,NA,NA,NA,NA,NA,NA,NA
"1128",NA,NA,"MT",2024-07-07,NA,NA,NA,NA,NA,NA,NA,NA,NA,NA,NA,NA,NA,NA
"1129",NA,NA,"MT",2024-07-08,NA,NA,NA,NA,NA,NA,NA,NA,NA,NA,NA,NA,NA,NA
"1130",NA,NA,"MT",2024-07-09,NA,NA,NA,NA,NA,NA,NA,NA,NA,NA,NA,NA,NA,NA
"1131",NA,NA,"MT",2024-07-10,NA,NA,NA,NA,NA,NA,NA,NA,NA,NA,NA,NA,NA,NA
"1132",NA,NA,"MT",2024-07-11,NA,NA,NA,NA,NA,NA,NA,NA,NA,NA,NA,NA,NA,NA
"1133",NA,NA,"MT",2024-07-12,NA,NA,NA,NA,NA,NA,NA,NA,NA,NA,NA,NA,NA,NA
"1134",NA,NA,"MT",2024-07-13,NA,NA,NA,NA,NA,NA,NA,NA,NA,NA,NA,NA,NA,NA
"1135",NA,NA,"NC",2024-06-02,NA,NA,NA,NA,NA,NA,NA,NA,NA,NA,NA,NA,NA,NA
"1136",NA,NA,"NC",2024-06-03,NA,NA,NA,NA,NA,NA,NA,NA,NA,NA,NA,NA,NA,NA
"1137",0.532153698309753,0.327505128027809,"NC",2024-06-04,1,1,1,1,1,1,1,0,0,1,1,1,1,1
"1138",1.27393942679784,0.444340455238233,"NC",2024-06-05,0,1,1,1,1,1,1,0,0,0,1,0,1,1
"1139",1.05619474736431,0.358565206811595,"NC",2024-06-06,1,1,0,1,1,1,1,0,1,0,1,0,1,1
"1140",0.537721036622434,0.326782021217686,"NC",2024-06-07,1,1,1,1,1,1,1,0,0,1,1,1,1,1
"1141",NA,NA,"NC",2024-06-08,NA,NA,NA,NA,NA,NA,NA,NA,NA,NA,NA,NA,NA,NA
"1142",0.368365608815561,0.236256179443308,"NC",2024-06-09,1,1,1,1,1,1,1,1,1,1,1,1,1,1
"1143",0.731195550046755,0.392892610851488,"NC",2024-06-10,1,1,1,1,0,1,1,0,1,1,1,0,1,1
"1144",NA,NA,"NC",2024-06-11,NA,NA,NA,NA,NA,NA,NA,NA,NA,NA,NA,NA,NA,NA
"1145",0.537810738181604,0.400916415922193,"NC",2024-06-12,1,0,1,1,1,1,1,1,0,1,0,1,1,1
"1146",0.387801697379834,0.239352542909715,"NC",2024-06-13,1,1,1,1,1,1,1,0,1,1,1,0,1,1
"1147",NA,NA,"NC",2024-06-14,NA,NA,NA,NA,NA,NA,NA,NA,NA,NA,NA,NA,NA,NA
"1148",NA,NA,"NC",2024-06-15,NA,NA,NA,NA,NA,NA,NA,NA,NA,NA,NA,NA,NA,NA
"1149",NA,NA,"NC",2024-06-16,NA,NA,NA,NA,NA,NA,NA,NA,NA,NA,NA,NA,NA,NA
"1150",0.526768354120489,0.321686534152675,"NC",2024-06-17,1,1,1,1,1,1,1,0,1,0,1,1,1,1
"1151",0.828281045946634,0.414754127984839,"NC",2024-06-18,1,1,1,1,1,0,1,1,0,1,1,1,0,1
"1152",0.558522928231772,0.411788560023484,"NC",2024-06-19,1,1,0,1,1,1,1,0,1,0,1,1,1,1
"1153",NA,NA,"NC",2024-06-20,NA,NA,NA,NA,NA,NA,NA,NA,NA,NA,NA,NA,NA,NA
"1154",0.539002851910931,0.322227196448272,"NC",2024-06-21,1,1,1,1,1,1,1,0,1,1,1,0,1,1
"1155",NA,NA,"NC",2024-06-22,NA,NA,NA,NA,NA,NA,NA,NA,NA,NA,NA,NA,NA,NA
"1156",NA,NA,"NC",2024-06-23,NA,NA,NA,NA,NA,NA,NA,NA,NA,NA,NA,NA,NA,NA
"1157",1.48905114904731,0.430964661289642,"NC",2024-06-24,1,1,1,1,0,1,1,0,0,0,1,0,1,1
"1158",1.33809727313724,0.461940740792913,"NC",2024-06-25,1,1,0,1,1,1,1,1,0,0,1,1,1,1
"1159",0.862757125259331,0.485557954329861,"NC",2024-06-26,1,1,1,1,0,1,1,1,0,0,1,0,1,1
"1160",1.38595491272423,0.4455930846227,"NC",2024-06-27,1,1,1,1,0,1,1,0,0,0,1,0,1,1
"1161",0.89192632147922,0.290088654594433,"NC",2024-06-28,0,1,1,1,1,1,1,0,0,0,1,1,1,1
"1162",0.55614201486563,0.42401753210963,"NC",2024-06-29,1,1,0,1,1,1,1,1,1,1,1,1,1,1
"1163",NA,NA,"NC",2024-06-30,NA,NA,NA,NA,NA,NA,NA,NA,NA,NA,NA,NA,NA,NA
"1164",1.53855018364672,0.45330900393388,"NC",2024-07-01,1,1,1,0,1,1,1,0,0,0,0,0,0,1
"1165",0.703758050782905,0.560887407837742,"NC",2024-07-02,1,1,1,1,0,1,1,1,1,1,1,1,1,1
"1166",1.43641627942253,0.459564756171616,"NC",2024-07-03,0,1,1,1,1,1,1,1,0,0,1,0,0,1
"1167",NA,NA,"NC",2024-07-04,NA,NA,NA,NA,NA,NA,NA,NA,NA,NA,NA,NA,NA,NA
"1168",0.543891404045524,0.42643795042356,"NC",2024-07-05,1,0,1,1,1,1,1,1,0,0,1,1,1,1
"1169",NA,NA,"NC",2024-07-06,NA,NA,NA,NA,NA,NA,NA,NA,NA,NA,NA,NA,NA,NA
"1170",NA,NA,"NC",2024-07-07,NA,NA,NA,NA,NA,NA,NA,NA,NA,NA,NA,NA,NA,NA
"1171",0.422289275072377,0.20183247166135,"NC",2024-07-08,1,1,1,1,1,1,1,0,1,0,1,1,1,1
"1172",1.1847858131371,0.325135007289025,"NC",2024-07-09,1,1,0,1,1,1,1,0,0,0,1,0,1,1
"1173",1.76667879643309,0.479775451032116,"NC",2024-07-10,0,1,0,1,1,1,1,0,0,0,1,0,0,1
"1174",0.978428169878657,0.386926604798976,"NC",2024-07-11,1,1,1,1,1,1,1,0,0,0,1,1,1,1
"1175",1.56998100672341,0.487408006574543,"NC",2024-07-12,1,1,1,1,0,1,0,0,1,0,1,0,1,0
"1176",NA,NA,"NC",2024-07-13,NA,NA,NA,NA,NA,NA,NA,NA,NA,NA,NA,NA,NA,NA
"1177",NA,NA,"ND",2024-06-02,NA,NA,NA,NA,NA,NA,NA,NA,NA,NA,NA,NA,NA,NA
"1178",NA,NA,"ND",2024-06-03,NA,NA,NA,NA,NA,NA,NA,NA,NA,NA,NA,NA,NA,NA
"1179",NA,NA,"ND",2024-06-04,NA,NA,NA,NA,NA,NA,NA,NA,NA,NA,NA,NA,NA,NA
"1180",NA,NA,"ND",2024-06-05,NA,NA,NA,NA,NA,NA,NA,NA,NA,NA,NA,NA,NA,NA
"1181",NA,NA,"ND",2024-06-06,NA,NA,NA,NA,NA,NA,NA,NA,NA,NA,NA,NA,NA,NA
"1182",NA,NA,"ND",2024-06-07,NA,NA,NA,NA,NA,NA,NA,NA,NA,NA,NA,NA,NA,NA
"1183",NA,NA,"ND",2024-06-08,NA,NA,NA,NA,NA,NA,NA,NA,NA,NA,NA,NA,NA,NA
"1184",NA,NA,"ND",2024-06-09,NA,NA,NA,NA,NA,NA,NA,NA,NA,NA,NA,NA,NA,NA
"1185",NA,NA,"ND",2024-06-10,NA,NA,NA,NA,NA,NA,NA,NA,NA,NA,NA,NA,NA,NA
"1186",NA,NA,"ND",2024-06-11,NA,NA,NA,NA,NA,NA,NA,NA,NA,NA,NA,NA,NA,NA
"1187",NA,NA,"ND",2024-06-12,NA,NA,NA,NA,NA,NA,NA,NA,NA,NA,NA,NA,NA,NA
"1188",NA,NA,"ND",2024-06-13,NA,NA,NA,NA,NA,NA,NA,NA,NA,NA,NA,NA,NA,NA
"1189",NA,NA,"ND",2024-06-14,NA,NA,NA,NA,NA,NA,NA,NA,NA,NA,NA,NA,NA,NA
"1190",NA,NA,"ND",2024-06-15,NA,NA,NA,NA,NA,NA,NA,NA,NA,NA,NA,NA,NA,NA
"1191",NA,NA,"ND",2024-06-16,NA,NA,NA,NA,NA,NA,NA,NA,NA,NA,NA,NA,NA,NA
"1192",NA,NA,"ND",2024-06-17,NA,NA,NA,NA,NA,NA,NA,NA,NA,NA,NA,NA,NA,NA
"1193",NA,NA,"ND",2024-06-18,NA,NA,NA,NA,NA,NA,NA,NA,NA,NA,NA,NA,NA,NA
"1194",NA,NA,"ND",2024-06-19,NA,NA,NA,NA,NA,NA,NA,NA,NA,NA,NA,NA,NA,NA
"1195",NA,NA,"ND",2024-06-20,NA,NA,NA,NA,NA,NA,NA,NA,NA,NA,NA,NA,NA,NA
"1196",NA,NA,"ND",2024-06-21,NA,NA,NA,NA,NA,NA,NA,NA,NA,NA,NA,NA,NA,NA
"1197",NA,NA,"ND",2024-06-22,NA,NA,NA,NA,NA,NA,NA,NA,NA,NA,NA,NA,NA,NA
"1198",NA,NA,"ND",2024-06-23,NA,NA,NA,NA,NA,NA,NA,NA,NA,NA,NA,NA,NA,NA
"1199",NA,NA,"ND",2024-06-24,NA,NA,NA,NA,NA,NA,NA,NA,NA,NA,NA,NA,NA,NA
"1200",NA,NA,"ND",2024-06-25,NA,NA,NA,NA,NA,NA,NA,NA,NA,NA,NA,NA,NA,NA
"1201",NA,NA,"ND",2024-06-26,NA,NA,NA,NA,NA,NA,NA,NA,NA,NA,NA,NA,NA,NA
"1202",NA,NA,"ND",2024-06-27,NA,NA,NA,NA,NA,NA,NA,NA,NA,NA,NA,NA,NA,NA
"1203",NA,NA,"ND",2024-06-28,NA,NA,NA,NA,NA,NA,NA,NA,NA,NA,NA,NA,NA,NA
"1204",NA,NA,"ND",2024-06-29,NA,NA,NA,NA,NA,NA,NA,NA,NA,NA,NA,NA,NA,NA
"1205",NA,NA,"ND",2024-06-30,NA,NA,NA,NA,NA,NA,NA,NA,NA,NA,NA,NA,NA,NA
"1206",NA,NA,"ND",2024-07-01,NA,NA,NA,NA,NA,NA,NA,NA,NA,NA,NA,NA,NA,NA
"1207",NA,NA,"ND",2024-07-02,NA,NA,NA,NA,NA,NA,NA,NA,NA,NA,NA,NA,NA,NA
"1208",0.812636599148727,0.585026252118181,"ND",2024-07-03,1,1,1,1,0,1,1,1,0,1,1,0,1,1
"1209",NA,NA,"ND",2024-07-04,NA,NA,NA,NA,NA,NA,NA,NA,NA,NA,NA,NA,NA,NA
"1210",NA,NA,"ND",2024-07-05,NA,NA,NA,NA,NA,NA,NA,NA,NA,NA,NA,NA,NA,NA
"1211",NA,NA,"ND",2024-07-06,NA,NA,NA,NA,NA,NA,NA,NA,NA,NA,NA,NA,NA,NA
"1212",NA,NA,"ND",2024-07-07,NA,NA,NA,NA,NA,NA,NA,NA,NA,NA,NA,NA,NA,NA
"1213",NA,NA,"ND",2024-07-08,NA,NA,NA,NA,NA,NA,NA,NA,NA,NA,NA,NA,NA,NA
"1214",NA,NA,"ND",2024-07-09,NA,NA,NA,NA,NA,NA,NA,NA,NA,NA,NA,NA,NA,NA
"1215",0.633268810069435,0.344002935271052,"ND",2024-07-10,1,0,1,1,1,1,1,0,0,1,1,1,1,1
"1216",NA,NA,"ND",2024-07-11,NA,NA,NA,NA,NA,NA,NA,NA,NA,NA,NA,NA,NA,NA
"1217",NA,NA,"ND",2024-07-12,NA,NA,NA,NA,NA,NA,NA,NA,NA,NA,NA,NA,NA,NA
"1218",NA,NA,"ND",2024-07-13,NA,NA,NA,NA,NA,NA,NA,NA,NA,NA,NA,NA,NA,NA
"1219",NA,NA,"NE",2024-06-02,NA,NA,NA,NA,NA,NA,NA,NA,NA,NA,NA,NA,NA,NA
"1220",NA,NA,"NE",2024-06-03,NA,NA,NA,NA,NA,NA,NA,NA,NA,NA,NA,NA,NA,NA
"1221",NA,NA,"NE",2024-06-04,NA,NA,NA,NA,NA,NA,NA,NA,NA,NA,NA,NA,NA,NA
"1222",NA,NA,"NE",2024-06-05,NA,NA,NA,NA,NA,NA,NA,NA,NA,NA,NA,NA,NA,NA
"1223",NA,NA,"NE",2024-06-06,NA,NA,NA,NA,NA,NA,NA,NA,NA,NA,NA,NA,NA,NA
"1224",NA,NA,"NE",2024-06-07,NA,NA,NA,NA,NA,NA,NA,NA,NA,NA,NA,NA,NA,NA
"1225",NA,NA,"NE",2024-06-08,NA,NA,NA,NA,NA,NA,NA,NA,NA,NA,NA,NA,NA,NA
"1226",NA,NA,"NE",2024-06-09,NA,NA,NA,NA,NA,NA,NA,NA,NA,NA,NA,NA,NA,NA
"1227",NA,NA,"NE",2024-06-10,NA,NA,NA,NA,NA,NA,NA,NA,NA,NA,NA,NA,NA,NA
"1228",NA,NA,"NE",2024-06-11,NA,NA,NA,NA,NA,NA,NA,NA,NA,NA,NA,NA,NA,NA
"1229",NA,NA,"NE",2024-06-12,NA,NA,NA,NA,NA,NA,NA,NA,NA,NA,NA,NA,NA,NA
"1230",NA,NA,"NE",2024-06-13,NA,NA,NA,NA,NA,NA,NA,NA,NA,NA,NA,NA,NA,NA
"1231",NA,NA,"NE",2024-06-14,NA,NA,NA,NA,NA,NA,NA,NA,NA,NA,NA,NA,NA,NA
"1232",NA,NA,"NE",2024-06-15,NA,NA,NA,NA,NA,NA,NA,NA,NA,NA,NA,NA,NA,NA
"1233",NA,NA,"NE",2024-06-16,NA,NA,NA,NA,NA,NA,NA,NA,NA,NA,NA,NA,NA,NA
"1234",NA,NA,"NE",2024-06-17,NA,NA,NA,NA,NA,NA,NA,NA,NA,NA,NA,NA,NA,NA
"1235",NA,NA,"NE",2024-06-18,NA,NA,NA,NA,NA,NA,NA,NA,NA,NA,NA,NA,NA,NA
"1236",NA,NA,"NE",2024-06-19,NA,NA,NA,NA,NA,NA,NA,NA,NA,NA,NA,NA,NA,NA
"1237",NA,NA,"NE",2024-06-20,NA,NA,NA,NA,NA,NA,NA,NA,NA,NA,NA,NA,NA,NA
"1238",NA,NA,"NE",2024-06-21,NA,NA,NA,NA,NA,NA,NA,NA,NA,NA,NA,NA,NA,NA
"1239",NA,NA,"NE",2024-06-22,NA,NA,NA,NA,NA,NA,NA,NA,NA,NA,NA,NA,NA,NA
"1240",NA,NA,"NE",2024-06-23,NA,NA,NA,NA,NA,NA,NA,NA,NA,NA,NA,NA,NA,NA
"1241",NA,NA,"NE",2024-06-24,NA,NA,NA,NA,NA,NA,NA,NA,NA,NA,NA,NA,NA,NA
"1242",NA,NA,"NE",2024-06-25,NA,NA,NA,NA,NA,NA,NA,NA,NA,NA,NA,NA,NA,NA
"1243",NA,NA,"NE",2024-06-26,NA,NA,NA,NA,NA,NA,NA,NA,NA,NA,NA,NA,NA,NA
"1244",NA,NA,"NE",2024-06-27,NA,NA,NA,NA,NA,NA,NA,NA,NA,NA,NA,NA,NA,NA
"1245",NA,NA,"NE",2024-06-28,NA,NA,NA,NA,NA,NA,NA,NA,NA,NA,NA,NA,NA,NA
"1246",NA,NA,"NE",2024-06-29,NA,NA,NA,NA,NA,NA,NA,NA,NA,NA,NA,NA,NA,NA
"1247",NA,NA,"NE",2024-06-30,NA,NA,NA,NA,NA,NA,NA,NA,NA,NA,NA,NA,NA,NA
"1248",0.771291061654321,0.560412803785205,"NE",2024-07-01,1,1,1,1,0,1,1,1,0,1,1,0,1,1
"1249",NA,NA,"NE",2024-07-02,NA,NA,NA,NA,NA,NA,NA,NA,NA,NA,NA,NA,NA,NA
"1250",NA,NA,"NE",2024-07-03,NA,NA,NA,NA,NA,NA,NA,NA,NA,NA,NA,NA,NA,NA
"1251",NA,NA,"NE",2024-07-04,NA,NA,NA,NA,NA,NA,NA,NA,NA,NA,NA,NA,NA,NA
"1252",NA,NA,"NE",2024-07-05,NA,NA,NA,NA,NA,NA,NA,NA,NA,NA,NA,NA,NA,NA
"1253",NA,NA,"NE",2024-07-06,NA,NA,NA,NA,NA,NA,NA,NA,NA,NA,NA,NA,NA,NA
"1254",NA,NA,"NE",2024-07-07,NA,NA,NA,NA,NA,NA,NA,NA,NA,NA,NA,NA,NA,NA
"1255",NA,NA,"NE",2024-07-08,NA,NA,NA,NA,NA,NA,NA,NA,NA,NA,NA,NA,NA,NA
"1256",NA,NA,"NE",2024-07-09,NA,NA,NA,NA,NA,NA,NA,NA,NA,NA,NA,NA,NA,NA
"1257",NA,NA,"NE",2024-07-10,NA,NA,NA,NA,NA,NA,NA,NA,NA,NA,NA,NA,NA,NA
"1258",NA,NA,"NE",2024-07-11,NA,NA,NA,NA,NA,NA,NA,NA,NA,NA,NA,NA,NA,NA
"1259",NA,NA,"NE",2024-07-12,NA,NA,NA,NA,NA,NA,NA,NA,NA,NA,NA,NA,NA,NA
"1260",NA,NA,"NE",2024-07-13,NA,NA,NA,NA,NA,NA,NA,NA,NA,NA,NA,NA,NA,NA
"1261",NA,NA,"NH",2024-06-02,NA,NA,NA,NA,NA,NA,NA,NA,NA,NA,NA,NA,NA,NA
"1262",NA,NA,"NH",2024-06-03,NA,NA,NA,NA,NA,NA,NA,NA,NA,NA,NA,NA,NA,NA
"1263",NA,NA,"NH",2024-06-04,NA,NA,NA,NA,NA,NA,NA,NA,NA,NA,NA,NA,NA,NA
"1264",NA,NA,"NH",2024-06-05,NA,NA,NA,NA,NA,NA,NA,NA,NA,NA,NA,NA,NA,NA
"1265",NA,NA,"NH",2024-06-06,NA,NA,NA,NA,NA,NA,NA,NA,NA,NA,NA,NA,NA,NA
"1266",NA,NA,"NH",2024-06-07,NA,NA,NA,NA,NA,NA,NA,NA,NA,NA,NA,NA,NA,NA
"1267",NA,NA,"NH",2024-06-08,NA,NA,NA,NA,NA,NA,NA,NA,NA,NA,NA,NA,NA,NA
"1268",NA,NA,"NH",2024-06-09,NA,NA,NA,NA,NA,NA,NA,NA,NA,NA,NA,NA,NA,NA
"1269",NA,NA,"NH",2024-06-10,NA,NA,NA,NA,NA,NA,NA,NA,NA,NA,NA,NA,NA,NA
"1270",NA,NA,"NH",2024-06-11,NA,NA,NA,NA,NA,NA,NA,NA,NA,NA,NA,NA,NA,NA
"1271",NA,NA,"NH",2024-06-12,NA,NA,NA,NA,NA,NA,NA,NA,NA,NA,NA,NA,NA,NA
"1272",NA,NA,"NH",2024-06-13,NA,NA,NA,NA,NA,NA,NA,NA,NA,NA,NA,NA,NA,NA
"1273",NA,NA,"NH",2024-06-14,NA,NA,NA,NA,NA,NA,NA,NA,NA,NA,NA,NA,NA,NA
"1274",NA,NA,"NH",2024-06-15,NA,NA,NA,NA,NA,NA,NA,NA,NA,NA,NA,NA,NA,NA
"1275",NA,NA,"NH",2024-06-16,NA,NA,NA,NA,NA,NA,NA,NA,NA,NA,NA,NA,NA,NA
"1276",NA,NA,"NH",2024-06-17,NA,NA,NA,NA,NA,NA,NA,NA,NA,NA,NA,NA,NA,NA
"1277",NA,NA,"NH",2024-06-18,NA,NA,NA,NA,NA,NA,NA,NA,NA,NA,NA,NA,NA,NA
"1278",NA,NA,"NH",2024-06-19,NA,NA,NA,NA,NA,NA,NA,NA,NA,NA,NA,NA,NA,NA
"1279",NA,NA,"NH",2024-06-20,NA,NA,NA,NA,NA,NA,NA,NA,NA,NA,NA,NA,NA,NA
"1280",NA,NA,"NH",2024-06-21,NA,NA,NA,NA,NA,NA,NA,NA,NA,NA,NA,NA,NA,NA
"1281",NA,NA,"NH",2024-06-22,NA,NA,NA,NA,NA,NA,NA,NA,NA,NA,NA,NA,NA,NA
"1282",NA,NA,"NH",2024-06-23,NA,NA,NA,NA,NA,NA,NA,NA,NA,NA,NA,NA,NA,NA
"1283",NA,NA,"NH",2024-06-24,NA,NA,NA,NA,NA,NA,NA,NA,NA,NA,NA,NA,NA,NA
"1284",NA,NA,"NH",2024-06-25,NA,NA,NA,NA,NA,NA,NA,NA,NA,NA,NA,NA,NA,NA
"1285",NA,NA,"NH",2024-06-26,NA,NA,NA,NA,NA,NA,NA,NA,NA,NA,NA,NA,NA,NA
"1286",NA,NA,"NH",2024-06-27,NA,NA,NA,NA,NA,NA,NA,NA,NA,NA,NA,NA,NA,NA
"1287",0.216334454649876,0.138179259006843,"NH",2024-06-28,1,1,1,1,1,1,1,1,1,1,1,1,1,1
"1288",NA,NA,"NH",2024-06-29,NA,NA,NA,NA,NA,NA,NA,NA,NA,NA,NA,NA,NA,NA
"1289",NA,NA,"NH",2024-06-30,NA,NA,NA,NA,NA,NA,NA,NA,NA,NA,NA,NA,NA,NA
"1290",NA,NA,"NH",2024-07-01,NA,NA,NA,NA,NA,NA,NA,NA,NA,NA,NA,NA,NA,NA
"1291",NA,NA,"NH",2024-07-02,NA,NA,NA,NA,NA,NA,NA,NA,NA,NA,NA,NA,NA,NA
"1292",NA,NA,"NH",2024-07-03,NA,NA,NA,NA,NA,NA,NA,NA,NA,NA,NA,NA,NA,NA
"1293",NA,NA,"NH",2024-07-04,NA,NA,NA,NA,NA,NA,NA,NA,NA,NA,NA,NA,NA,NA
"1294",NA,NA,"NH",2024-07-05,NA,NA,NA,NA,NA,NA,NA,NA,NA,NA,NA,NA,NA,NA
"1295",NA,NA,"NH",2024-07-06,NA,NA,NA,NA,NA,NA,NA,NA,NA,NA,NA,NA,NA,NA
"1296",NA,NA,"NH",2024-07-07,NA,NA,NA,NA,NA,NA,NA,NA,NA,NA,NA,NA,NA,NA
"1297",NA,NA,"NH",2024-07-08,NA,NA,NA,NA,NA,NA,NA,NA,NA,NA,NA,NA,NA,NA
"1298",NA,NA,"NH",2024-07-09,NA,NA,NA,NA,NA,NA,NA,NA,NA,NA,NA,NA,NA,NA
"1299",NA,NA,"NH",2024-07-10,NA,NA,NA,NA,NA,NA,NA,NA,NA,NA,NA,NA,NA,NA
"1300",NA,NA,"NH",2024-07-11,NA,NA,NA,NA,NA,NA,NA,NA,NA,NA,NA,NA,NA,NA
"1301",NA,NA,"NH",2024-07-12,NA,NA,NA,NA,NA,NA,NA,NA,NA,NA,NA,NA,NA,NA
"1302",NA,NA,"NH",2024-07-13,NA,NA,NA,NA,NA,NA,NA,NA,NA,NA,NA,NA,NA,NA
"1303",1.69047395555329,0.358930459085329,"NJ",2024-06-02,1,1,1,1,1,0,1,0,0,1,1,0,0,1
"1304",3.44488874255361,0.463544170621616,"NJ",2024-06-03,0,1,1,0,0,1,1,1,0,0,0,0,1,1
"1305",1.15002566446061,0.37868567822613,"NJ",2024-06-04,1,1,1,1,1,0,1,0,0,1,1,0,0,1
"1306",3.29154111116127,0.362809348751158,"NJ",2024-06-05,0,0,1,1,1,1,1,0,0,0,0,0,1,1
"1307",2.80728858661039,0.37718910934929,"NJ",2024-06-06,1,0,1,1,0,1,1,0,0,0,1,0,1,1
"1308",1.72821302466821,0.327775330555409,"NJ",2024-06-07,0,0,1,1,1,1,1,0,0,0,1,1,1,1
"1309",2.71583783157564,0.402930454282227,"NJ",2024-06-08,0,1,1,1,1,1,0,0,0,0,1,0,1,0
"1310",3.44473057265241,0.248709592839349,"NJ",2024-06-09,0,0,1,1,1,1,1,0,0,0,1,1,1,1
"1311",1.83970896826612,0.368788372223948,"NJ",2024-06-10,1,1,1,1,1,0,1,0,0,1,1,1,0,1
"1312",2.36443223920163,0.352173154226212,"NJ",2024-06-11,1,1,0,1,1,1,1,0,1,0,1,0,1,1
"1313",3.38064149463422,0.37605127634291,"NJ",2024-06-12,1,1,1,1,1,0,1,0,0,1,1,0,0,1
"1314",4.66238178192389,0.418745347924586,"NJ",2024-06-13,1,0,0,0,1,0,1,1,0,1,0,0,0,1
"1315",3.59131841281393,0.370179641440649,"NJ",2024-06-14,1,1,0,1,1,0,1,0,0,1,0,0,0,1
"1316",7.1517181999141,0.438146800636556,"NJ",2024-06-15,0,0,0,1,0,0,1,0,0,0,1,0,0,1
"1317",3.31169422782269,0.388094647007463,"NJ",2024-06-16,0,0,1,1,1,0,1,0,1,0,1,0,0,0
"1318",2.39236302449292,0.324824492467285,"NJ",2024-06-17,1,1,0,1,1,0,1,0,0,0,1,1,0,1
"1319",2.74402676932111,0.351376555842063,"NJ",2024-06-18,1,1,0,1,0,0,1,1,0,0,1,0,0,1
"1320",1.1659481277598,0.348523933441199,"NJ",2024-06-19,1,1,1,1,1,1,1,0,0,0,1,1,1,1
"1321",11.8328975533316,0.444775020480099,"NJ",2024-06-20,0,1,0,1,0,0,1,0,0,0,0,0,0,1
"1322",3.6791376429391,0.372060611115813,"NJ",2024-06-21,1,1,1,1,0,0,1,0,0,0,1,0,0,1
"1323",3.45858732953943,0.443044162121132,"NJ",2024-06-22,1,0,0,1,1,0,1,0,0,0,1,1,0,1
"1324",2.83004741017078,0.481216537691356,"NJ",2024-06-23,0,1,0,1,1,0,1,0,0,0,1,0,0,1
"1325",8.4419432651644,0.428408798810844,"NJ",2024-06-24,0,0,0,0,0,0,1,0,0,0,0,0,0,1
"1326",2.38115125223466,0.332349033539366,"NJ",2024-06-25,1,1,1,1,1,1,1,0,0,0,1,0,0,1
"1327",5.63205685420967,0.39077245772988,"NJ",2024-06-26,1,0,1,1,0,0,1,0,0,0,1,0,0,1
"1328",9.51297526651548,0.435424925412676,"NJ",2024-06-27,0,0,1,1,1,0,1,0,0,0,0,1,0,1
"1329",5.41443457831363,0.395816210755025,"NJ",2024-06-28,0,1,0,1,1,1,1,0,0,0,0,1,0,1
"1330",3.54227676909939,0.402752673016341,"NJ",2024-06-29,0,0,1,1,1,1,0,0,0,1,1,0,0,0
"1331",3.43709510607575,0.402798185722684,"NJ",2024-06-30,0,1,0,1,1,0,1,0,0,0,1,0,0,1
"1332",3.54210472328029,0.387358210104905,"NJ",2024-07-01,1,0,1,1,0,0,1,0,0,1,1,0,0,1
"1333",3.66987196378735,0.413097662172707,"NJ",2024-07-02,1,1,1,1,1,0,1,0,1,0,1,0,0,1
"1334",3.96266357022914,0.410333194229908,"NJ",2024-07-03,1,0,0,1,0,0,1,0,0,0,1,0,0,1
"1335",0.814795551701276,0.58294701964908,"NJ",2024-07-04,1,1,1,1,0,1,1,1,0,1,1,0,1,1
"1336",5.23573061525546,0.424556488546539,"NJ",2024-07-05,0,1,1,1,1,0,1,0,0,0,1,0,0,1
"1337",5.10981141257211,0.45154452378982,"NJ",2024-07-06,0,1,1,1,0,0,1,0,0,0,1,0,0,1
"1338",4.14139537466646,0.440049996928253,"NJ",2024-07-07,0,1,0,1,0,1,1,0,0,0,1,0,0,1
"1339",4.83999300600489,0.357993117148205,"NJ",2024-07-08,1,1,1,1,1,0,1,0,0,0,1,0,0,1
"1340",3.83895433001829,0.37796576724926,"NJ",2024-07-09,1,1,1,1,1,0,1,0,0,0,1,0,0,1
"1341",11.6311804839087,0.462171354150124,"NJ",2024-07-10,0,1,0,1,0,0,1,0,0,0,1,0,0,1
"1342",4.57094792568017,0.376750628667793,"NJ",2024-07-11,1,0,1,1,1,0,1,0,0,1,1,0,0,1
"1343",7.6523024424659,0.416747298528034,"NJ",2024-07-12,0,1,0,1,0,0,1,0,0,0,0,0,0,1
"1344",3.18139019093176,0.448183512366382,"NJ",2024-07-13,0,1,1,1,1,0,0,0,1,1,1,0,0,0
"1345",1.03308877497809,0.339600933182479,"NM",2024-06-02,1,1,1,1,1,1,1,0,0,0,1,1,0,1
"1346",2.24721894175433,0.370737623880409,"NM",2024-06-03,1,0,1,1,0,1,1,0,0,0,1,0,1,1
"1347",1.99463830745954,0.383470975606443,"NM",2024-06-04,1,0,0,1,1,1,0,0,0,0,1,1,1,0
"1348",0.903522627687706,0.351410374724943,"NM",2024-06-05,1,1,1,1,1,1,1,0,1,0,1,0,1,0
"1349",1.4248137784592,0.364799179051205,"NM",2024-06-06,1,1,0,1,1,1,0,0,0,0,0,1,1,0
"1350",0.221785229705299,0.186912588344655,"NM",2024-06-07,1,1,1,1,1,1,1,0,0,1,1,1,1,1
"1351",0.636550068345965,0.416962002801881,"NM",2024-06-08,1,0,1,1,1,1,1,1,0,0,1,1,1,1
"1352",0.450969988865907,0.302777786752694,"NM",2024-06-09,1,1,1,1,1,1,1,1,1,1,1,1,1,1
"1353",1.76776952375302,0.265732771878634,"NM",2024-06-10,0,1,1,1,1,1,0,0,0,1,1,1,0,0
"1354",0.591966682728913,0.190139113508907,"NM",2024-06-11,1,1,1,1,1,1,1,0,0,1,0,1,1,1
"1355",1.23273837171466,0.38580854399083,"NM",2024-06-12,1,1,0,1,1,1,1,0,1,0,1,1,1,1
"1356",2.26011286556872,0.388184989042665,"NM",2024-06-13,1,1,0,1,1,1,1,0,1,0,1,1,1,1
"1357",1.40629121132343,0.404432354324556,"NM",2024-06-14,1,1,1,1,0,1,1,0,1,1,0,0,1,1
"1358",1.02022772609355,0.342596761375269,"NM",2024-06-15,1,0,1,1,1,1,1,0,0,1,0,1,1,1
"1359",1.00715737586478,0.332906188390749,"NM",2024-06-16,1,1,1,1,1,0,1,0,0,0,1,1,0,1
"1360",1.54184485394942,0.339545996206047,"NM",2024-06-17,1,1,0,1,1,1,1,1,0,0,1,0,0,1
"1361",NA,NA,"NM",2024-06-18,NA,NA,NA,NA,NA,NA,NA,NA,NA,NA,NA,NA,NA,NA
"1362",0.924810036921322,0.264318161294268,"NM",2024-06-19,1,1,1,1,1,1,1,0,1,0,1,1,1,1
"1363",1.59204762687561,0.454747560768828,"NM",2024-06-20,1,1,1,1,0,1,1,0,1,0,1,0,1,1
"1364",0.251471481556655,0.191264929689572,"NM",2024-06-21,1,1,1,1,1,1,1,1,1,1,1,1,1,1
"1365",0.948709794830925,0.26381291674747,"NM",2024-06-22,1,1,1,1,1,1,1,0,0,0,1,1,1,1
"1366",1.42931076524641,0.287989999038889,"NM",2024-06-23,1,1,0,1,1,1,1,0,0,0,1,1,1,1
"1367",NA,NA,"NM",2024-06-24,NA,NA,NA,NA,NA,NA,NA,NA,NA,NA,NA,NA,NA,NA
"1368",1.91410249433561,0.350202010179554,"NM",2024-06-25,1,0,1,1,1,0,1,0,0,1,1,0,0,1
"1369",1.78608563359908,0.447182903892805,"NM",2024-06-26,0,1,1,1,0,1,1,0,0,1,1,0,1,1
"1370",2.01549971744554,0.442637641881088,"NM",2024-06-27,0,1,0,1,1,1,1,0,0,0,1,0,1,1
"1371",1.28826535801837,0.306905511664043,"NM",2024-06-28,1,1,0,1,1,1,1,0,0,0,1,1,0,1
"1372",0.732733055647136,0.382592650805197,"NM",2024-06-29,1,1,1,1,0,1,1,0,1,1,1,0,1,1
"1373",1.43396227313604,0.419099617620924,"NM",2024-06-30,1,1,0,1,1,1,1,0,0,0,1,0,1,1
"1374",2.6522850162105,0.431240051710509,"NM",2024-07-01,1,1,0,1,1,1,1,0,0,0,1,1,1,1
"1375",1.6985911209465,0.434822429496219,"NM",2024-07-02,1,1,1,1,0,1,0,0,1,0,1,0,1,0
"1376",2.33586735108626,0.325888206340777,"NM",2024-07-03,1,0,0,1,1,1,1,0,0,0,0,1,1,1
"1377",0.952638222001478,0.345939839999587,"NM",2024-07-04,1,1,1,1,1,1,1,1,1,1,1,1,1,1
"1378",1.32537034149024,0.30557806859249,"NM",2024-07-05,1,1,0,1,1,1,1,0,0,0,1,1,1,1
"1379",1.89328024922657,0.424166834722789,"NM",2024-07-06,1,1,0,1,1,1,1,0,0,0,1,1,0,1
"1380",0.817335431582697,0.402697010486574,"NM",2024-07-07,1,1,1,1,0,1,1,1,1,0,1,0,1,1
"1381",1.1150988290703,0.460779744220868,"NM",2024-07-08,1,1,1,1,1,1,1,0,1,0,1,0,1,1
"1382",1.10379162310766,0.389137028008868,"NM",2024-07-09,1,1,1,1,1,1,1,0,0,1,1,0,0,1
"1383",1.07702206434957,0.55354223904431,"NM",2024-07-10,1,1,0,1,0,1,1,0,0,0,1,0,1,1
"1384",1.18439690262487,0.274560141803378,"NM",2024-07-11,1,1,1,1,0,1,1,1,1,1,1,0,0,1
"1385",1.96817775446159,0.350307716832021,"NM",2024-07-12,1,1,0,1,1,1,1,0,0,0,1,0,0,1
"1386",1.22883177070953,0.412180652428054,"NM",2024-07-13,1,1,0,1,1,1,1,1,1,1,1,1,1,1
"1387",NA,NA,"NV",2024-06-02,NA,NA,NA,NA,NA,NA,NA,NA,NA,NA,NA,NA,NA,NA
"1388",NA,NA,"NV",2024-06-03,NA,NA,NA,NA,NA,NA,NA,NA,NA,NA,NA,NA,NA,NA
"1389",NA,NA,"NV",2024-06-04,NA,NA,NA,NA,NA,NA,NA,NA,NA,NA,NA,NA,NA,NA
"1390",NA,NA,"NV",2024-06-05,NA,NA,NA,NA,NA,NA,NA,NA,NA,NA,NA,NA,NA,NA
"1391",NA,NA,"NV",2024-06-06,NA,NA,NA,NA,NA,NA,NA,NA,NA,NA,NA,NA,NA,NA
"1392",NA,NA,"NV",2024-06-07,NA,NA,NA,NA,NA,NA,NA,NA,NA,NA,NA,NA,NA,NA
"1393",NA,NA,"NV",2024-06-08,NA,NA,NA,NA,NA,NA,NA,NA,NA,NA,NA,NA,NA,NA
"1394",NA,NA,"NV",2024-06-09,NA,NA,NA,NA,NA,NA,NA,NA,NA,NA,NA,NA,NA,NA
"1395",1.57766084930172,0.509539897227503,"NV",2024-06-10,0,0,1,1,0,1,1,1,1,0,1,0,1,1
"1396",NA,NA,"NV",2024-06-11,NA,NA,NA,NA,NA,NA,NA,NA,NA,NA,NA,NA,NA,NA
"1397",1.01184970010265,0.395311050528115,"NV",2024-06-12,1,1,0,1,1,1,1,0,0,0,1,1,1,1
"1398",0.835971812196613,0.349687401487769,"NV",2024-06-13,1,1,1,1,1,1,1,0,0,0,1,1,1,1
"1399",1.34253399467594,0.480435498143403,"NV",2024-06-14,1,1,0,1,1,1,1,0,1,0,1,1,1,1
"1400",1.20867108038797,0.434309425570451,"NV",2024-06-15,1,1,1,1,1,1,1,0,1,0,1,0,1,1
"1401",1.17862468463573,0.516996151250189,"NV",2024-06-16,0,1,1,1,0,1,1,0,1,1,1,0,1,1
"1402",0.627490771832693,0.452205454453085,"NV",2024-06-17,1,0,1,1,1,1,1,0,0,1,1,1,1,1
"1403",1.33963137801058,0.481893821899393,"NV",2024-06-18,1,1,0,1,1,1,1,0,1,0,1,1,1,1
"1404",0.834238128322972,0.467181430479735,"NV",2024-06-19,1,1,1,1,1,1,1,0,0,1,1,1,1,1
"1405",2.03403211016875,0.475376622264243,"NV",2024-06-20,0,1,0,1,1,1,1,0,1,0,1,1,1,1
"1406",0.290607112500916,0.167640089693805,"NV",2024-06-21,1,1,1,1,1,1,1,0,1,1,1,1,0,1
"1407",NA,NA,"NV",2024-06-22,NA,NA,NA,NA,NA,NA,NA,NA,NA,NA,NA,NA,NA,NA
"1408",NA,NA,"NV",2024-06-23,NA,NA,NA,NA,NA,NA,NA,NA,NA,NA,NA,NA,NA,NA
"1409",NA,NA,"NV",2024-06-24,NA,NA,NA,NA,NA,NA,NA,NA,NA,NA,NA,NA,NA,NA
"1410",1.61999944393562,0.401450829185086,"NV",2024-06-25,1,0,1,1,1,1,1,0,0,0,1,1,1,1
"1411",2.94242169695379,0.397342014663683,"NV",2024-06-26,1,1,0,1,1,1,1,0,0,0,1,1,1,1
"1412",0.73930775922001,0.618964100775746,"NV",2024-06-27,1,1,1,1,1,0,1,1,0,1,1,1,0,1
"1413",NA,NA,"NV",2024-06-28,NA,NA,NA,NA,NA,NA,NA,NA,NA,NA,NA,NA,NA,NA
"1414",NA,NA,"NV",2024-06-29,NA,NA,NA,NA,NA,NA,NA,NA,NA,NA,NA,NA,NA,NA
"1415",0.721500466685185,0.259589971695409,"NV",2024-06-30,1,1,1,1,1,1,1,0,0,1,1,1,1,1
"1416",1.57113777297089,0.515933703202655,"NV",2024-07-01,0,1,0,1,0,1,1,0,0,0,1,0,1,1
"1417",0.306121530292554,0.163481994881681,"NV",2024-07-02,1,1,1,1,1,1,1,1,1,1,1,1,1,1
"1418",1.01160317602008,0.462344220451857,"NV",2024-07-03,1,1,1,1,0,1,1,0,0,0,1,0,0,1
"1419",0.310125027474623,0.162359066569874,"NV",2024-07-04,1,1,1,1,1,1,1,0,1,0,1,1,1,1
"1420",1.23534405335499,0.436982901969889,"NV",2024-07-05,1,1,1,1,0,1,1,0,0,1,1,0,0,1
"1421",NA,NA,"NV",2024-07-06,NA,NA,NA,NA,NA,NA,NA,NA,NA,NA,NA,NA,NA,NA
"1422",NA,NA,"NV",2024-07-07,NA,NA,NA,NA,NA,NA,NA,NA,NA,NA,NA,NA,NA,NA
"1423",0.944280010713035,0.563807793206378,"NV",2024-07-08,1,1,1,1,1,0,1,0,1,0,1,1,0,1
"1424",0.861369774109028,0.409997602397138,"NV",2024-07-09,1,1,1,1,0,1,1,0,1,1,1,0,1,1
"1425",NA,NA,"NV",2024-07-10,NA,NA,NA,NA,NA,NA,NA,NA,NA,NA,NA,NA,NA,NA
"1426",NA,NA,"NV",2024-07-11,NA,NA,NA,NA,NA,NA,NA,NA,NA,NA,NA,NA,NA,NA
"1427",0.847860218425881,0.663568392931221,"NV",2024-07-12,1,1,1,0,1,1,1,0,1,1,0,1,1,1
"1428",NA,NA,"NV",2024-07-13,NA,NA,NA,NA,NA,NA,NA,NA,NA,NA,NA,NA,NA,NA
"1429",3.39938518653905,0.339686224336037,"NY",2024-06-02,0,0,1,1,0,1,1,0,0,0,1,0,1,1
"1430",1.80710794096112,0.291780886501947,"NY",2024-06-03,1,0,1,1,1,1,0,0,0,0,1,0,1,0
"1431",4.37902579084432,0.388922552724638,"NY",2024-06-04,0,0,0,1,1,0,1,0,0,1,1,0,0,0
"1432",1.48045923278822,0.296661842814068,"NY",2024-06-05,1,1,1,1,0,1,1,0,0,0,1,0,1,1
"1433",1.64679452725481,0.302029172648503,"NY",2024-06-06,1,1,1,1,1,1,1,0,0,0,0,1,1,1
"1434",2.96555973768886,0.405028326161422,"NY",2024-06-07,0,1,1,0,1,1,1,0,0,0,0,0,0,1
"1435",4.90001362677948,0.415210270881658,"NY",2024-06-08,0,0,1,1,0,0,0,0,0,0,1,0,0,0
"1436",3.85460976320126,0.391062541230411,"NY",2024-06-09,0,1,1,0,0,1,0,0,0,0,0,0,1,0
"1437",3.93599965787833,0.336322186947833,"NY",2024-06-10,0,0,1,1,1,1,0,0,0,1,1,0,0,1
"1438",11.8064659350948,0.431785695356364,"NY",2024-06-11,0,0,0,0,0,1,1,0,0,0,0,0,0,1
"1439",2.79013842005809,0.325739714427827,"NY",2024-06-12,1,1,1,0,1,1,1,0,0,0,0,0,0,1
"1440",3.64388752237733,0.343328887732928,"NY",2024-06-13,0,1,0,0,0,1,0,0,0,0,0,0,1,0
"1441",2.76160653434017,0.280981483581432,"NY",2024-06-14,1,0,1,1,0,0,1,0,0,0,1,0,0,0
"1442",3.47595584070114,0.308933885559156,"NY",2024-06-15,1,0,1,1,0,0,1,1,0,1,1,0,0,1
"1443",9.40747913741524,0.37857120245965,"NY",2024-06-16,0,0,0,1,1,1,1,0,0,0,0,0,1,1
"1444",8.12240006429784,0.353791884613985,"NY",2024-06-17,0,1,0,1,1,0,1,0,0,0,0,0,0,1
"1445",8.56381853781967,0.367140470454249,"NY",2024-06-18,0,1,1,1,0,0,1,0,0,0,1,0,0,1
"1446",5.32236308236654,0.342548977584162,"NY",2024-06-19,0,1,0,1,1,1,1,0,0,0,1,1,1,1
"1447",13.2812738471549,0.405444079323965,"NY",2024-06-20,0,0,1,1,0,0,1,0,0,0,1,0,0,1
"1448",8.08627020849924,0.388194481604435,"NY",2024-06-21,0,0,0,1,1,1,1,0,0,0,1,0,0,1
"1449",6.10920628747777,0.362538237515349,"NY",2024-06-22,0,0,1,1,0,1,0,0,1,0,1,0,0,0
"1450",2.08442392930293,0.330450138478501,"NY",2024-06-23,1,1,0,1,1,1,1,0,0,0,1,0,0,1
"1451",5.713589398461,0.344095204911607,"NY",2024-06-24,0,0,0,1,0,1,1,0,0,0,1,0,0,1
"1452",7.18796842627246,0.362572672370286,"NY",2024-06-25,0,1,0,1,1,0,1,0,0,0,1,0,0,1
"1453",10.1545758607914,0.355481921279972,"NY",2024-06-26,0,0,1,1,0,1,1,0,0,0,0,0,0,0
"1454",4.82571442876446,0.319713079948389,"NY",2024-06-27,0,0,1,1,1,1,1,0,0,0,1,0,0,1
"1455",11.1820137028091,0.407368980384773,"NY",2024-06-28,0,1,0,1,0,0,1,0,0,0,1,1,0,1
"1456",4.46673411869241,0.393529261309969,"NY",2024-06-29,0,0,0,1,0,0,1,0,0,0,1,0,0,1
"1457",7.86336328015826,0.398977259753564,"NY",2024-06-30,0,1,1,1,0,0,1,0,0,0,1,1,0,0
"1458",10.0914290322527,0.363234629647034,"NY",2024-07-01,0,0,0,1,0,0,1,0,0,0,0,0,0,1
"1459",17.1270796588422,0.395120911150732,"NY",2024-07-02,0,0,1,1,1,0,1,0,0,0,0,0,0,0
"1460",3.5531091126997,0.298169415913372,"NY",2024-07-03,1,0,1,1,0,0,1,0,1,0,1,0,0,1
"1461",2.35983259641906,0.326276679179498,"NY",2024-07-04,1,1,1,1,1,0,1,0,0,0,1,0,0,1
"1462",13.2549109683616,0.393881528899541,"NY",2024-07-05,0,1,0,1,0,0,0,0,0,0,1,0,0,0
"1463",7.75018033489217,0.411828296619503,"NY",2024-07-06,0,1,1,1,0,0,1,0,0,0,1,0,0,0
"1464",5.15159929805427,0.337295056721088,"NY",2024-07-07,0,1,1,1,1,0,1,0,0,0,1,0,0,1
"1465",22.1916503214445,0.393190115220325,"NY",2024-07-08,0,0,0,1,1,0,0,0,0,0,1,0,0,0
"1466",16.8763103484014,0.381598169531354,"NY",2024-07-09,0,0,1,1,0,0,1,0,0,0,0,0,0,0
"1467",26.3362584478227,0.447369259561539,"NY",2024-07-10,0,0,0,0,0,0,1,0,0,0,0,0,0,1
"1468",17.2861857847154,0.444695206092684,"NY",2024-07-11,0,0,0,1,0,0,1,0,0,0,1,0,0,1
"1469",7.98274829660667,0.417512113908306,"NY",2024-07-12,0,0,0,1,0,0,1,0,0,1,1,0,0,1
"1470",10.5610321500911,0.407473753896733,"NY",2024-07-13,0,1,0,1,0,0,1,0,1,0,1,0,0,0
"1471",NA,NA,"OH",2024-06-02,NA,NA,NA,NA,NA,NA,NA,NA,NA,NA,NA,NA,NA,NA
"1472",0.455341213601208,0.34787576083703,"OH",2024-06-03,1,1,1,1,1,1,1,0,0,1,1,1,1,1
"1473",NA,NA,"OH",2024-06-04,NA,NA,NA,NA,NA,NA,NA,NA,NA,NA,NA,NA,NA,NA
"1474",0.325420977442005,0.2175469480036,"OH",2024-06-05,1,1,1,1,1,1,1,1,1,1,1,1,1,1
"1475",0.330327704534001,0.222787774285051,"OH",2024-06-06,1,1,1,1,1,1,1,0,0,1,1,1,1,1
"1476",0.334403369022008,0.228042396283203,"OH",2024-06-07,1,1,1,1,1,1,1,0,1,1,1,0,1,1
"1477",0.803294445759551,0.547406478265695,"OH",2024-06-08,1,1,1,1,0,1,1,0,1,1,1,0,1,1
"1478",NA,NA,"OH",2024-06-09,NA,NA,NA,NA,NA,NA,NA,NA,NA,NA,NA,NA,NA,NA
"1479",0.429706669445376,0.320507466979753,"OH",2024-06-10,1,1,1,1,1,1,1,1,0,0,1,1,1,1
"1480",NA,NA,"OH",2024-06-11,NA,NA,NA,NA,NA,NA,NA,NA,NA,NA,NA,NA,NA,NA
"1481",0.366231815015432,0.254222986783493,"OH",2024-06-12,1,1,1,1,1,1,1,0,0,1,1,1,1,1
"1482",0.365544323376751,0.259358794833726,"OH",2024-06-13,1,1,1,1,1,1,1,1,1,1,1,1,1,1
"1483",0.420533019616955,0.308660531040931,"OH",2024-06-14,1,1,1,1,1,1,1,1,1,1,1,1,1,1
"1484",NA,NA,"OH",2024-06-15,NA,NA,NA,NA,NA,NA,NA,NA,NA,NA,NA,NA,NA,NA
"1485",NA,NA,"OH",2024-06-16,NA,NA,NA,NA,NA,NA,NA,NA,NA,NA,NA,NA,NA,NA
"1486",0.377083768677772,0.279081849520212,"OH",2024-06-17,1,1,1,1,1,1,1,1,1,1,1,1,1,1
"1487",0.76899884767445,0.545550021925921,"OH",2024-06-18,1,1,1,1,1,0,1,0,1,1,1,1,0,1
"1488",0.401321083989052,0.288239009480092,"OH",2024-06-19,1,1,1,1,1,1,1,0,0,1,1,1,1,1
"1489",NA,NA,"OH",2024-06-20,NA,NA,NA,NA,NA,NA,NA,NA,NA,NA,NA,NA,NA,NA
"1490",0.412880186839515,0.29315259831826,"OH",2024-06-21,1,1,1,1,1,1,1,0,0,1,1,1,1,1
"1491",NA,NA,"OH",2024-06-22,NA,NA,NA,NA,NA,NA,NA,NA,NA,NA,NA,NA,NA,NA
"1492",NA,NA,"OH",2024-06-23,NA,NA,NA,NA,NA,NA,NA,NA,NA,NA,NA,NA,NA,NA
"1493",NA,NA,"OH",2024-06-24,NA,NA,NA,NA,NA,NA,NA,NA,NA,NA,NA,NA,NA,NA
"1494",NA,NA,"OH",2024-06-25,NA,NA,NA,NA,NA,NA,NA,NA,NA,NA,NA,NA,NA,NA
"1495",0.757411559609809,0.511814100386965,"OH",2024-06-26,1,1,1,1,0,1,1,0,1,1,1,0,1,1
"1496",1.50981658971049,0.377269382903703,"OH",2024-06-27,1,1,0,1,1,1,1,0,0,0,1,0,0,1
"1497",NA,NA,"OH",2024-06-28,NA,NA,NA,NA,NA,NA,NA,NA,NA,NA,NA,NA,NA,NA
"1498",NA,NA,"OH",2024-06-29,NA,NA,NA,NA,NA,NA,NA,NA,NA,NA,NA,NA,NA,NA
"1499",NA,NA,"OH",2024-06-30,NA,NA,NA,NA,NA,NA,NA,NA,NA,NA,NA,NA,NA,NA
"1500",1.10771253837711,0.38970776182905,"OH",2024-07-01,1,1,0,1,1,1,1,1,0,0,1,1,1,1
"1501",0.664759162009811,0.371683101234081,"OH",2024-07-02,1,1,1,1,1,1,1,0,1,1,1,0,1,1
"1502",NA,NA,"OH",2024-07-03,NA,NA,NA,NA,NA,NA,NA,NA,NA,NA,NA,NA,NA,NA
"1503",0.682685886783328,0.506569374207004,"OH",2024-07-04,1,1,1,1,1,0,1,1,0,1,1,1,0,1
"1504",NA,NA,"OH",2024-07-05,NA,NA,NA,NA,NA,NA,NA,NA,NA,NA,NA,NA,NA,NA
"1505",NA,NA,"OH",2024-07-06,NA,NA,NA,NA,NA,NA,NA,NA,NA,NA,NA,NA,NA,NA
"1506",NA,NA,"OH",2024-07-07,NA,NA,NA,NA,NA,NA,NA,NA,NA,NA,NA,NA,NA,NA
"1507",1.53123892263752,0.339470548826476,"OH",2024-07-08,0,1,1,1,1,1,1,0,0,0,1,1,1,1
"1508",0.441229936232198,0.262880218501617,"OH",2024-07-09,1,1,1,1,1,1,1,0,0,1,1,1,1,1
"1509",0.74392755658178,0.515342172051081,"OH",2024-07-10,1,1,0,1,1,1,1,1,1,0,1,1,0,1
"1510",0.742004353425476,0.516044769256437,"OH",2024-07-11,1,1,0,1,1,1,1,0,1,0,1,1,1,1
"1511",NA,NA,"OH",2024-07-12,NA,NA,NA,NA,NA,NA,NA,NA,NA,NA,NA,NA,NA,NA
"1512",NA,NA,"OH",2024-07-13,NA,NA,NA,NA,NA,NA,NA,NA,NA,NA,NA,NA,NA,NA
"1513",NA,NA,"OK",2024-06-02,NA,NA,NA,NA,NA,NA,NA,NA,NA,NA,NA,NA,NA,NA
"1514",NA,NA,"OK",2024-06-03,NA,NA,NA,NA,NA,NA,NA,NA,NA,NA,NA,NA,NA,NA
"1515",NA,NA,"OK",2024-06-04,NA,NA,NA,NA,NA,NA,NA,NA,NA,NA,NA,NA,NA,NA
"1516",NA,NA,"OK",2024-06-05,NA,NA,NA,NA,NA,NA,NA,NA,NA,NA,NA,NA,NA,NA
"1517",NA,NA,"OK",2024-06-06,NA,NA,NA,NA,NA,NA,NA,NA,NA,NA,NA,NA,NA,NA
"1518",0.533169572058986,0.330663038969999,"OK",2024-06-07,1,1,1,1,1,1,1,0,0,1,1,1,1,1
"1519",NA,NA,"OK",2024-06-08,NA,NA,NA,NA,NA,NA,NA,NA,NA,NA,NA,NA,NA,NA
"1520",NA,NA,"OK",2024-06-09,NA,NA,NA,NA,NA,NA,NA,NA,NA,NA,NA,NA,NA,NA
"1521",NA,NA,"OK",2024-06-10,NA,NA,NA,NA,NA,NA,NA,NA,NA,NA,NA,NA,NA,NA
"1522",NA,NA,"OK",2024-06-11,NA,NA,NA,NA,NA,NA,NA,NA,NA,NA,NA,NA,NA,NA
"1523",NA,NA,"OK",2024-06-12,NA,NA,NA,NA,NA,NA,NA,NA,NA,NA,NA,NA,NA,NA
"1524",NA,NA,"OK",2024-06-13,NA,NA,NA,NA,NA,NA,NA,NA,NA,NA,NA,NA,NA,NA
"1525",NA,NA,"OK",2024-06-14,NA,NA,NA,NA,NA,NA,NA,NA,NA,NA,NA,NA,NA,NA
"1526",NA,NA,"OK",2024-06-15,NA,NA,NA,NA,NA,NA,NA,NA,NA,NA,NA,NA,NA,NA
"1527",0.846765857583298,0.596972657174276,"OK",2024-06-16,1,1,1,0,1,1,1,0,1,1,0,1,1,1
"1528",0.521088301465497,0.350039136119206,"OK",2024-06-17,1,1,1,1,1,1,1,0,0,1,1,1,1,1
"1529",0.387815825374273,0.325159243198904,"OK",2024-06-18,1,1,1,1,1,1,1,0,1,1,1,0,1,1
"1530",NA,NA,"OK",2024-06-19,NA,NA,NA,NA,NA,NA,NA,NA,NA,NA,NA,NA,NA,NA
"1531",0.562211013334631,0.388809495279706,"OK",2024-06-20,1,1,0,1,1,1,1,1,0,0,1,1,1,1
"1532",NA,NA,"OK",2024-06-21,NA,NA,NA,NA,NA,NA,NA,NA,NA,NA,NA,NA,NA,NA
"1533",NA,NA,"OK",2024-06-22,NA,NA,NA,NA,NA,NA,NA,NA,NA,NA,NA,NA,NA,NA
"1534",NA,NA,"OK",2024-06-23,NA,NA,NA,NA,NA,NA,NA,NA,NA,NA,NA,NA,NA,NA
"1535",0.704155979370302,0.36016232794313,"OK",2024-06-24,1,1,1,1,1,1,1,0,0,1,1,1,1,1
"1536",0.532709302206152,0.337591063794343,"OK",2024-06-25,1,0,1,1,1,1,1,1,0,1,1,1,0,1
"1537",1.18864506880862,0.337880805170804,"OK",2024-06-26,1,0,1,1,1,1,1,0,0,1,1,1,1,1
"1538",0.415616067922596,0.353184561396464,"OK",2024-06-27,1,1,1,1,1,1,1,1,1,1,1,1,1,1
"1539",NA,NA,"OK",2024-06-28,NA,NA,NA,NA,NA,NA,NA,NA,NA,NA,NA,NA,NA,NA
"1540",NA,NA,"OK",2024-06-29,NA,NA,NA,NA,NA,NA,NA,NA,NA,NA,NA,NA,NA,NA
"1541",NA,NA,"OK",2024-06-30,NA,NA,NA,NA,NA,NA,NA,NA,NA,NA,NA,NA,NA,NA
"1542",0.539843274249561,0.338758248790452,"OK",2024-07-01,1,0,1,1,1,1,1,1,0,0,1,1,1,1
"1543",0.579116474950619,0.360284773375671,"OK",2024-07-02,1,1,1,1,1,1,1,0,0,0,1,1,0,1
"1544",NA,NA,"OK",2024-07-03,NA,NA,NA,NA,NA,NA,NA,NA,NA,NA,NA,NA,NA,NA
"1545",0.531558231385412,0.338964441029003,"OK",2024-07-04,1,0,1,1,1,1,1,1,0,0,1,1,1,1
"1546",NA,NA,"OK",2024-07-05,NA,NA,NA,NA,NA,NA,NA,NA,NA,NA,NA,NA,NA,NA
"1547",NA,NA,"OK",2024-07-06,NA,NA,NA,NA,NA,NA,NA,NA,NA,NA,NA,NA,NA,NA
"1548",0.722005903458084,0.355855248297194,"OK",2024-07-07,1,1,1,1,1,1,1,0,0,1,1,1,1,1
"1549",1.01756162311659,0.465838423901086,"OK",2024-07-08,1,1,1,0,1,1,1,0,1,1,0,1,1,1
"1550",NA,NA,"OK",2024-07-09,NA,NA,NA,NA,NA,NA,NA,NA,NA,NA,NA,NA,NA,NA
"1551",1.25029058286991,0.371449161434691,"OK",2024-07-10,1,1,0,1,1,1,1,0,1,0,1,1,1,1
"1552",NA,NA,"OK",2024-07-11,NA,NA,NA,NA,NA,NA,NA,NA,NA,NA,NA,NA,NA,NA
"1553",NA,NA,"OK",2024-07-12,NA,NA,NA,NA,NA,NA,NA,NA,NA,NA,NA,NA,NA,NA
"1554",NA,NA,"OK",2024-07-13,NA,NA,NA,NA,NA,NA,NA,NA,NA,NA,NA,NA,NA,NA
"1555",NA,NA,"OR",2024-06-02,NA,NA,NA,NA,NA,NA,NA,NA,NA,NA,NA,NA,NA,NA
"1556",NA,NA,"OR",2024-06-03,NA,NA,NA,NA,NA,NA,NA,NA,NA,NA,NA,NA,NA,NA
"1557",0.662187558133669,0.185305063460967,"OR",2024-06-04,1,1,1,1,1,1,1,0,0,1,1,1,1,1
"1558",0.262383157435346,0.188302186996136,"OR",2024-06-05,1,1,1,1,1,1,1,0,1,0,1,1,1,1
"1559",0.830947055725308,0.396226632879118,"OR",2024-06-06,1,1,1,1,0,1,1,0,1,1,1,0,1,1
"1560",0.505117620412975,0.246542334168514,"OR",2024-06-07,1,1,1,1,1,1,1,0,1,0,1,1,0,1
"1561",NA,NA,"OR",2024-06-08,NA,NA,NA,NA,NA,NA,NA,NA,NA,NA,NA,NA,NA,NA
"1562",NA,NA,"OR",2024-06-09,NA,NA,NA,NA,NA,NA,NA,NA,NA,NA,NA,NA,NA,NA
"1563",0.557259724235277,0.345395979187726,"OR",2024-06-10,1,1,1,1,1,1,1,1,1,0,1,1,0,1
"1564",0.685937064658116,0.563338342969015,"OR",2024-06-11,1,0,1,1,1,1,1,1,0,1,1,1,0,1
"1565",0.548995527148627,0.370204239554946,"OR",2024-06-12,1,1,1,1,1,1,1,0,0,1,1,1,1,1
"1566",NA,NA,"OR",2024-06-13,NA,NA,NA,NA,NA,NA,NA,NA,NA,NA,NA,NA,NA,NA
"1567",0.830496824910403,0.449346315269315,"OR",2024-06-14,1,1,1,1,1,1,1,1,1,1,1,1,1,1
"1568",1.20303470214571,0.339153481471669,"OR",2024-06-15,1,1,0,1,1,1,1,1,1,0,1,0,1,1
"1569",NA,NA,"OR",2024-06-16,NA,NA,NA,NA,NA,NA,NA,NA,NA,NA,NA,NA,NA,NA
"1570",0.548654022568033,0.337737692804772,"OR",2024-06-17,1,1,1,1,1,1,1,1,0,0,1,1,1,1
"1571",0.545930374538035,0.33720452890985,"OR",2024-06-18,1,1,1,1,1,1,1,1,0,0,1,1,1,1
"1572",1.04593340837027,0.48407340150701,"OR",2024-06-19,1,1,1,0,1,1,1,1,0,0,0,1,1,1
"1573",1.48699986131172,0.413210988961385,"OR",2024-06-20,1,1,1,1,0,1,1,1,0,1,1,0,1,1
"1574",0.780553423360592,0.33069819339298,"OR",2024-06-21,1,1,1,1,1,1,1,0,1,0,1,1,1,1
"1575",0.628641842039592,0.260030832467195,"OR",2024-06-22,1,1,1,1,1,1,1,0,0,0,0,1,1,1
"1576",NA,NA,"OR",2024-06-23,NA,NA,NA,NA,NA,NA,NA,NA,NA,NA,NA,NA,NA,NA
"1577",NA,NA,"OR",2024-06-24,NA,NA,NA,NA,NA,NA,NA,NA,NA,NA,NA,NA,NA,NA
"1578",0.529611127879414,0.335677635143444,"OR",2024-06-25,1,1,1,1,1,1,1,0,1,0,1,1,1,1
"1579",0.531791958328468,0.3356712067178,"OR",2024-06-26,1,1,1,1,1,1,1,1,1,1,1,1,1,1
"1580",0.791875632205857,0.439618758332264,"OR",2024-06-27,1,1,1,1,1,1,1,1,0,0,1,1,1,1
"1581",0.464689959397078,0.280817483872105,"OR",2024-06-28,1,1,1,1,1,1,1,0,0,1,1,1,1,1
"1582",NA,NA,"OR",2024-06-29,NA,NA,NA,NA,NA,NA,NA,NA,NA,NA,NA,NA,NA,NA
"1583",NA,NA,"OR",2024-06-30,NA,NA,NA,NA,NA,NA,NA,NA,NA,NA,NA,NA,NA,NA
"1584",0.602074656616993,0.382983713634004,"OR",2024-07-01,1,1,1,1,1,1,1,1,0,1,1,1,1,0
"1585",0.532640967325016,0.336220365144142,"OR",2024-07-02,1,1,1,1,1,1,1,1,0,0,1,1,1,1
"1586",0.586515115718969,0.366815275059859,"OR",2024-07-03,1,1,1,1,1,1,1,0,1,0,1,0,0,1
"1587",0.819513283375173,0.594287325733936,"OR",2024-07-04,1,1,1,1,0,1,1,1,0,1,1,0,1,1
"1588",1.0085229941203,0.481419800488097,"OR",2024-07-05,1,1,1,1,1,0,1,1,0,1,1,1,0,1
"1589",NA,NA,"OR",2024-07-06,NA,NA,NA,NA,NA,NA,NA,NA,NA,NA,NA,NA,NA,NA
"1590",0.776428641433486,0.434175850102608,"OR",2024-07-07,1,1,1,1,1,1,1,1,1,0,1,0,1,1
"1591",1.49229760398131,0.454324771919047,"OR",2024-07-08,1,1,1,1,0,1,1,0,0,0,1,0,1,1
"1592",0.967569212557795,0.553665360143487,"OR",2024-07-09,1,1,1,1,1,0,1,0,1,1,1,1,0,1
"1593",2.26223096867298,0.464102744654043,"OR",2024-07-10,1,1,1,1,0,1,1,0,0,1,1,0,1,1
"1594",0.50744065253623,0.284102038029794,"OR",2024-07-11,1,1,1,1,1,1,1,0,0,0,1,0,1,1
"1595",1.52368515314817,0.390885060349431,"OR",2024-07-12,1,1,1,0,1,1,1,0,0,1,0,0,1,1
"1596",0.914190344658371,0.443507119154053,"OR",2024-07-13,1,1,1,1,0,1,1,0,1,1,1,0,1,1
"1597",NA,NA,"PA",2024-06-02,NA,NA,NA,NA,NA,NA,NA,NA,NA,NA,NA,NA,NA,NA
"1598",1.09770497293396,0.54725476397491,"PA",2024-06-03,1,1,1,1,1,0,1,0,0,1,1,0,0,1
"1599",NA,NA,"PA",2024-06-04,NA,NA,NA,NA,NA,NA,NA,NA,NA,NA,NA,NA,NA,NA
"1600",0.551592578415432,0.369123515828537,"PA",2024-06-05,1,1,1,1,1,1,1,1,0,1,1,0,1,1
"1601",0.561691982668909,0.425039453915227,"PA",2024-06-06,1,0,1,1,1,1,1,0,0,1,1,1,1,1
"1602",0.299232697964621,0.184742868324456,"PA",2024-06-07,1,1,1,1,1,1,1,0,1,1,1,0,1,1
"1603",0.662503347947141,0.487579657625794,"PA",2024-06-08,1,1,0,1,1,1,1,0,1,0,1,1,1,1
"1604",NA,NA,"PA",2024-06-09,NA,NA,NA,NA,NA,NA,NA,NA,NA,NA,NA,NA,NA,NA
"1605",0.306674063472901,0.195923972156804,"PA",2024-06-10,1,1,1,1,1,1,1,0,1,1,1,0,1,1
"1606",0.530522293132955,0.362095707489675,"PA",2024-06-11,1,1,1,1,1,1,1,0,0,1,1,0,1,1
"1607",1.13904840616866,0.371504334299997,"PA",2024-06-12,1,1,1,0,1,1,1,0,1,0,0,0,1,1
"1608",1.74700637761183,0.39016360668892,"PA",2024-06-13,1,0,1,1,0,0,1,0,0,0,1,1,0,1
"1609",1.72575838984516,0.358908491398628,"PA",2024-06-14,1,0,1,1,1,1,1,1,0,0,1,0,1,1
"1610",0.562204726195072,0.334532026607645,"PA",2024-06-15,1,1,1,1,1,1,1,0,0,1,1,1,1,1
"1611",1.23019041679983,0.419969410422189,"PA",2024-06-16,0,0,1,1,1,1,1,1,0,0,1,0,1,1
"1612",1.91278695601211,0.317658190495132,"PA",2024-06-17,1,0,0,1,1,1,1,0,0,0,1,0,0,1
"1613",1.34173317326419,0.225184194366316,"PA",2024-06-18,0,1,1,1,1,1,1,0,1,1,1,0,1,1
"1614",1.05629336735199,0.324197766605406,"PA",2024-06-19,1,1,1,1,1,1,1,0,1,1,1,0,1,1
"1615",1.66503789876404,0.374394224765137,"PA",2024-06-20,1,1,0,1,0,1,1,0,1,0,1,0,1,1
"1616",0.820214662788517,0.350233825578064,"PA",2024-06-21,1,1,1,1,1,1,1,1,1,0,1,0,1,1
"1617",0.952671636032764,0.476277219658805,"PA",2024-06-22,1,1,1,1,0,1,1,1,1,0,1,0,1,1
"1618",0.604012069082902,0.419814453279118,"PA",2024-06-23,1,1,0,1,1,1,1,1,0,0,1,1,1,1
"1619",1.30118942236943,0.352844758170148,"PA",2024-06-24,1,1,1,1,1,1,0,0,1,0,1,0,1,0
"1620",1.31379112506857,0.395308845338343,"PA",2024-06-25,1,1,1,1,0,1,1,0,0,0,1,1,0,1
"1621",0.926586063317985,0.357677174912517,"PA",2024-06-26,1,1,1,1,1,1,1,0,0,0,1,0,0,1
"1622",0.994135931741283,0.351877841219446,"PA",2024-06-27,1,1,1,1,1,1,1,0,0,1,1,0,1,1
"1623",1.1368675557955,0.329328888540869,"PA",2024-06-28,1,1,0,1,1,1,1,0,0,0,1,0,1,1
"1624",0.554173473614982,0.351312323617172,"PA",2024-06-29,1,1,1,1,1,1,1,0,0,0,1,0,0,1
"1625",0.975443548350567,0.437255430060844,"PA",2024-06-30,1,1,1,1,1,1,1,0,0,0,1,0,0,1
"1626",1.51570614156578,0.430269844557729,"PA",2024-07-01,1,1,1,1,1,0,0,0,1,0,1,0,0,0
"1627",1.51422374785487,0.367547749411194,"PA",2024-07-02,1,0,1,1,1,1,1,0,0,0,1,0,0,1
"1628",0.956171222341559,0.447762888172756,"PA",2024-07-03,1,1,1,1,1,1,1,0,0,0,1,0,0,1
"1629",1.52868689433253,0.457919540904185,"PA",2024-07-04,0,1,0,1,1,1,1,1,0,0,1,0,0,1
"1630",1.17442370173291,0.372147184472996,"PA",2024-07-05,1,1,1,1,1,1,0,0,0,0,1,1,1,0
"1631",0.803239218666659,0.388728083574309,"PA",2024-07-06,1,1,1,1,0,1,1,0,1,0,1,1,1,1
"1632",0.579758295630974,0.350465474644438,"PA",2024-07-07,1,1,1,1,1,1,1,0,0,1,1,0,1,1
"1633",3.69844374451851,0.330243475469621,"PA",2024-07-08,0,0,1,1,1,1,1,0,0,1,1,0,1,1
"1634",1.54288107908556,0.408115829174579,"PA",2024-07-09,1,1,1,1,1,1,1,0,1,0,1,0,0,1
"1635",1.83708930358534,0.407411181551758,"PA",2024-07-10,1,1,1,1,1,1,1,0,1,0,1,1,1,1
"1636",1.46397405956831,0.463526054522901,"PA",2024-07-11,1,1,1,1,1,0,1,1,0,0,1,1,0,1
"1637",2.30885980770586,0.442230447434769,"PA",2024-07-12,0,1,0,1,1,0,1,0,0,0,1,1,0,1
"1638",NA,NA,"PA",2024-07-13,NA,NA,NA,NA,NA,NA,NA,NA,NA,NA,NA,NA,NA,NA
"1639",NA,NA,"PR",2024-06-02,NA,NA,NA,NA,NA,NA,NA,NA,NA,NA,NA,NA,NA,NA
"1640",1.28137852353834,0.376575998923109,"PR",2024-06-03,1,1,0,1,1,1,1,0,0,0,1,1,0,1
"1641",0.920574455254727,0.655705411412065,"PR",2024-06-04,1,1,1,1,0,1,1,1,1,0,1,0,1,1
"1642",0.332694277805513,0.22229054189027,"PR",2024-06-05,1,1,1,1,1,1,1,0,0,1,1,1,1,1
"1643",NA,NA,"PR",2024-06-06,NA,NA,NA,NA,NA,NA,NA,NA,NA,NA,NA,NA,NA,NA
"1644",NA,NA,"PR",2024-06-07,NA,NA,NA,NA,NA,NA,NA,NA,NA,NA,NA,NA,NA,NA
"1645",NA,NA,"PR",2024-06-08,NA,NA,NA,NA,NA,NA,NA,NA,NA,NA,NA,NA,NA,NA
"1646",NA,NA,"PR",2024-06-09,NA,NA,NA,NA,NA,NA,NA,NA,NA,NA,NA,NA,NA,NA
"1647",NA,NA,"PR",2024-06-10,NA,NA,NA,NA,NA,NA,NA,NA,NA,NA,NA,NA,NA,NA
"1648",1.27619766145255,0.59096813858456,"PR",2024-06-11,1,1,0,1,0,1,1,1,1,0,1,0,1,1
"1649",1.35681030690532,0.377312250594102,"PR",2024-06-12,0,0,1,1,1,1,1,0,0,0,1,0,1,1
"1650",2.23301262346476,0.360126644464452,"PR",2024-06-13,1,1,0,1,1,1,1,1,0,0,0,1,0,1
"1651",3.54487393604957,0.388127237243517,"PR",2024-06-14,0,0,1,1,1,1,1,0,0,0,1,0,0,1
"1652",0.926677096199262,0.383908821034234,"PR",2024-06-15,1,1,1,1,1,1,1,0,1,0,1,1,1,1
"1653",NA,NA,"PR",2024-06-16,NA,NA,NA,NA,NA,NA,NA,NA,NA,NA,NA,NA,NA,NA
"1654",4.08546418491092,0.400892627814372,"PR",2024-06-17,1,0,0,1,1,1,1,1,0,0,1,1,1,1
"1655",3.26103518062261,0.352500042266617,"PR",2024-06-18,0,0,1,1,1,1,1,0,0,1,1,0,0,1
"1656",3.41711592893237,0.423102124763045,"PR",2024-06-19,1,0,0,1,1,1,1,0,0,0,1,0,0,1
"1657",6.40394190534273,0.498077631632904,"PR",2024-06-20,1,0,0,1,1,1,1,0,0,0,0,1,1,1
"1658",8.56461153513339,0.49588305355371,"PR",2024-06-21,0,0,0,1,1,1,1,0,0,0,1,1,0,1
"1659",2.18138751691342,0.409232132901503,"PR",2024-06-22,0,0,1,1,1,1,1,1,0,0,1,1,1,1
"1660",0.213352316665506,0.131502945044021,"PR",2024-06-23,1,1,1,1,1,1,1,1,1,1,1,1,1,1
"1661",6.16842303315739,0.407871682716088,"PR",2024-06-24,1,0,0,1,0,1,1,0,0,0,0,0,1,1
"1662",20.2777985913109,0.435495238890921,"PR",2024-06-25,0,0,1,1,0,1,1,0,0,0,1,0,0,1
"1663",4.13073379779009,0.442450297891572,"PR",2024-06-26,0,0,1,1,1,1,1,1,0,0,1,1,1,1
"1664",4.22105263568687,0.471646704648446,"PR",2024-06-27,0,0,0,1,1,1,1,0,0,0,1,1,0,1
"1665",1.89371234232394,0.564024779645353,"PR",2024-06-28,1,0,0,1,0,1,1,0,0,0,1,0,0,1
"1666",1.83078198281488,0.456638457268369,"PR",2024-06-29,0,0,1,1,1,1,1,0,0,0,1,1,0,1
"1667",NA,NA,"PR",2024-06-30,NA,NA,NA,NA,NA,NA,NA,NA,NA,NA,NA,NA,NA,NA
"1668",4.06085880000621,0.489919713895784,"PR",2024-07-01,0,0,0,1,0,1,1,1,0,0,1,0,0,1
"1669",2.45791382734157,0.288473421950896,"PR",2024-07-02,1,1,0,1,1,1,1,0,0,0,1,0,0,1
"1670",5.37439959306912,0.525687290026685,"PR",2024-07-03,0,0,0,1,1,1,1,0,0,0,1,0,1,1
"1671",NA,NA,"PR",2024-07-04,NA,NA,NA,NA,NA,NA,NA,NA,NA,NA,NA,NA,NA,NA
"1672",4.84385516770706,0.489779437197355,"PR",2024-07-05,0,0,1,1,1,1,1,0,0,0,1,0,1,1
"1673",2.97961036897234,0.503844197090351,"PR",2024-07-06,0,0,1,1,1,1,1,0,0,0,1,0,1,1
"1674",NA,NA,"PR",2024-07-07,NA,NA,NA,NA,NA,NA,NA,NA,NA,NA,NA,NA,NA,NA
"1675",2.09194689669898,0.488348297904833,"PR",2024-07-08,0,0,1,1,1,1,1,0,0,0,1,0,1,1
"1676",2.80314868408826,0.409211680187968,"PR",2024-07-09,0,1,0,1,0,1,1,0,0,0,1,0,1,1
"1677",1.5897476566824,0.507768424049374,"PR",2024-07-10,0,0,1,1,1,0,1,1,1,0,1,0,1,1
"1678",0.81167553462213,0.0989999289752339,"PR",2024-07-11,1,0,1,1,1,1,1,1,0,1,1,1,0,1
"1679",NA,NA,"PR",2024-07-12,NA,NA,NA,NA,NA,NA,NA,NA,NA,NA,NA,NA,NA,NA
"1680",NA,NA,"PR",2024-07-13,NA,NA,NA,NA,NA,NA,NA,NA,NA,NA,NA,NA,NA,NA
"1681",NA,NA,"RI",2024-06-02,NA,NA,NA,NA,NA,NA,NA,NA,NA,NA,NA,NA,NA,NA
"1682",0.772589168171897,0.557413837541914,"RI",2024-06-03,1,1,1,1,0,1,1,0,1,1,1,0,1,1
"1683",NA,NA,"RI",2024-06-04,NA,NA,NA,NA,NA,NA,NA,NA,NA,NA,NA,NA,NA,NA
"1684",1.97297985282859,0.448407977515927,"RI",2024-06-05,0,0,1,1,1,1,1,0,0,1,1,0,1,1
"1685",0.296641533448887,0.193903152661215,"RI",2024-06-06,1,1,1,1,1,1,1,1,1,1,1,1,1,1
"1686",NA,NA,"RI",2024-06-07,NA,NA,NA,NA,NA,NA,NA,NA,NA,NA,NA,NA,NA,NA
"1687",0.290567684189221,0.199460156569998,"RI",2024-06-08,1,1,1,1,1,1,1,1,1,1,1,1,1,1
"1688",0.298379304944111,0.202121796556299,"RI",2024-06-09,1,1,1,1,1,1,1,1,1,1,1,1,1,1
"1689",0.734168309105094,0.535097055548331,"RI",2024-06-10,1,1,1,1,0,1,1,0,1,1,1,0,1,1
"1690",1.47136604404432,0.473148669986016,"RI",2024-06-11,1,1,0,1,1,1,1,0,1,0,1,1,1,0
"1691",1.34041918497542,0.449500446919615,"RI",2024-06-12,0,0,1,1,1,1,1,0,0,1,1,0,1,1
"1692",0.549049125586488,0.409318815672846,"RI",2024-06-13,1,1,1,1,1,1,1,0,0,1,1,1,1,1
"1693",NA,NA,"RI",2024-06-14,NA,NA,NA,NA,NA,NA,NA,NA,NA,NA,NA,NA,NA,NA
"1694",NA,NA,"RI",2024-06-15,NA,NA,NA,NA,NA,NA,NA,NA,NA,NA,NA,NA,NA,NA
"1695",0.609935873896808,0.362467964833325,"RI",2024-06-16,1,1,1,1,1,1,1,0,1,0,1,1,1,1
"1696",1.01700969417246,0.487074488309507,"RI",2024-06-17,1,1,1,1,0,1,1,0,1,0,1,0,1,1
"1697",NA,NA,"RI",2024-06-18,NA,NA,NA,NA,NA,NA,NA,NA,NA,NA,NA,NA,NA,NA
"1698",0.772551546908125,0.224835753752745,"RI",2024-06-19,0,1,1,1,1,1,1,1,1,1,1,1,1,1
"1699",2.10828744354988,0.442258114749913,"RI",2024-06-20,1,1,1,1,0,1,1,0,1,0,1,0,1,1
"1700",0.687846507580647,0.448275655615112,"RI",2024-06-21,1,1,0,1,1,1,1,0,1,0,1,1,1,1
"1701",0.68230993389142,0.369115973694801,"RI",2024-06-22,1,1,1,1,0,1,1,0,1,0,1,1,1,1
"1702",0.770598114492614,0.232179529496926,"RI",2024-06-23,0,1,1,1,1,1,1,0,1,1,1,0,1,1
"1703",0.561182314313456,0.415314522763379,"RI",2024-06-24,1,0,1,1,1,1,1,1,1,1,1,1,1,1
"1704",1.56142167206393,0.412057368723275,"RI",2024-06-25,1,0,1,1,1,1,1,0,0,0,1,1,0,1
"1705",1.24723337191646,0.311239957793065,"RI",2024-06-26,1,1,1,1,1,1,1,0,1,1,1,0,1,1
"1706",1.11192197857229,0.46459519591561,"RI",2024-06-27,1,1,1,1,1,0,1,0,0,0,1,1,0,1
"1707",0.895010619199937,0.459203717177654,"RI",2024-06-28,1,1,1,1,0,1,1,0,0,1,1,0,1,1
"1708",0.952029794274758,0.331437096381979,"RI",2024-06-29,1,0,1,1,1,1,1,0,0,1,1,1,1,1
"1709",NA,NA,"RI",2024-06-30,NA,NA,NA,NA,NA,NA,NA,NA,NA,NA,NA,NA,NA,NA
"1710",0.760757942450445,0.516666341093581,"RI",2024-07-01,1,1,1,1,1,0,1,0,1,1,1,1,0,1
"1711",1.58303522240837,0.380357882183427,"RI",2024-07-02,1,0,1,1,1,1,1,0,0,1,1,1,1,1
"1712",0.571225097381215,0.426527478215403,"RI",2024-07-03,1,0,1,1,1,1,1,1,0,1,1,0,1,1
"1713",0.763952685290177,0.354054317911004,"RI",2024-07-04,1,1,1,1,1,1,1,0,1,1,1,0,1,1
"1714",1.8364734063811,0.459496930131499,"RI",2024-07-05,0,0,1,1,0,1,1,0,0,1,1,0,1,1
"1715",0.667217849580281,0.371526751255708,"RI",2024-07-06,1,1,1,1,1,1,1,0,0,1,1,1,1,1
"1716",0.730597240530706,0.39073356156067,"RI",2024-07-07,1,1,1,1,1,1,1,0,0,1,1,0,1,1
"1717",1.00325142043454,0.372287610398721,"RI",2024-07-08,1,1,1,1,1,1,1,0,0,1,1,0,1,1
"1718",0.91676184789474,0.356723744135281,"RI",2024-07-09,1,1,1,1,1,1,1,0,1,0,1,0,1,1
"1719",1.19554734785436,0.388704240465742,"RI",2024-07-10,1,1,0,1,1,1,1,0,0,0,1,1,1,1
"1720",0.818569116030265,0.373422137897011,"RI",2024-07-11,1,1,1,1,1,1,1,0,1,0,1,0,1,1
"1721",1.61667060202606,0.447284572508078,"RI",2024-07-12,1,1,0,1,1,1,1,0,1,0,1,0,1,1
"1722",1.13128993512964,0.315650834303213,"RI",2024-07-13,1,1,1,1,1,1,1,1,0,1,1,0,1,1
"1723",NA,NA,"SC",2024-06-02,NA,NA,NA,NA,NA,NA,NA,NA,NA,NA,NA,NA,NA,NA
"1724",NA,NA,"SC",2024-06-03,NA,NA,NA,NA,NA,NA,NA,NA,NA,NA,NA,NA,NA,NA
"1725",0.716860385851068,0.438600796192104,"SC",2024-06-04,1,1,1,1,0,1,1,1,1,1,0,0,1,1
"1726",0.710745595106558,0.437121063206567,"SC",2024-06-05,1,1,1,1,0,1,1,1,1,1,0,0,1,1
"1727",1.27482209125282,0.390134990134084,"SC",2024-06-06,1,1,1,0,1,1,1,1,0,1,0,1,1,1
"1728",NA,NA,"SC",2024-06-07,NA,NA,NA,NA,NA,NA,NA,NA,NA,NA,NA,NA,NA,NA
"1729",NA,NA,"SC",2024-06-08,NA,NA,NA,NA,NA,NA,NA,NA,NA,NA,NA,NA,NA,NA
"1730",NA,NA,"SC",2024-06-09,NA,NA,NA,NA,NA,NA,NA,NA,NA,NA,NA,NA,NA,NA
"1731",1.72941952770195,0.376638694328172,"SC",2024-06-10,1,0,1,0,1,1,1,1,0,0,0,0,1,1
"1732",NA,NA,"SC",2024-06-11,NA,NA,NA,NA,NA,NA,NA,NA,NA,NA,NA,NA,NA,NA
"1733",NA,NA,"SC",2024-06-12,NA,NA,NA,NA,NA,NA,NA,NA,NA,NA,NA,NA,NA,NA
"1734",NA,NA,"SC",2024-06-13,NA,NA,NA,NA,NA,NA,NA,NA,NA,NA,NA,NA,NA,NA
"1735",NA,NA,"SC",2024-06-14,NA,NA,NA,NA,NA,NA,NA,NA,NA,NA,NA,NA,NA,NA
"1736",NA,NA,"SC",2024-06-15,NA,NA,NA,NA,NA,NA,NA,NA,NA,NA,NA,NA,NA,NA
"1737",NA,NA,"SC",2024-06-16,NA,NA,NA,NA,NA,NA,NA,NA,NA,NA,NA,NA,NA,NA
"1738",NA,NA,"SC",2024-06-17,NA,NA,NA,NA,NA,NA,NA,NA,NA,NA,NA,NA,NA,NA
"1739",0.740671570355276,0.500082164311573,"SC",2024-06-18,0,1,1,1,1,1,1,0,1,1,0,1,1,1
"1740",NA,NA,"SC",2024-06-19,NA,NA,NA,NA,NA,NA,NA,NA,NA,NA,NA,NA,NA,NA
"1741",NA,NA,"SC",2024-06-20,NA,NA,NA,NA,NA,NA,NA,NA,NA,NA,NA,NA,NA,NA
"1742",NA,NA,"SC",2024-06-21,NA,NA,NA,NA,NA,NA,NA,NA,NA,NA,NA,NA,NA,NA
"1743",NA,NA,"SC",2024-06-22,NA,NA,NA,NA,NA,NA,NA,NA,NA,NA,NA,NA,NA,NA
"1744",NA,NA,"SC",2024-06-23,NA,NA,NA,NA,NA,NA,NA,NA,NA,NA,NA,NA,NA,NA
"1745",NA,NA,"SC",2024-06-24,NA,NA,NA,NA,NA,NA,NA,NA,NA,NA,NA,NA,NA,NA
"1746",0.599236906388809,0.446056465534139,"SC",2024-06-25,1,1,0,1,1,1,1,1,1,1,1,1,1,1
"1747",0.744597073665165,0.503055320224985,"SC",2024-06-26,0,1,1,1,1,1,1,0,1,1,0,1,1,1
"1748",NA,NA,"SC",2024-06-27,NA,NA,NA,NA,NA,NA,NA,NA,NA,NA,NA,NA,NA,NA
"1749",0.607044553192902,0.45214551034645,"SC",2024-06-28,1,1,0,1,1,1,1,1,0,0,1,1,1,1
"1750",NA,NA,"SC",2024-06-29,NA,NA,NA,NA,NA,NA,NA,NA,NA,NA,NA,NA,NA,NA
"1751",NA,NA,"SC",2024-06-30,NA,NA,NA,NA,NA,NA,NA,NA,NA,NA,NA,NA,NA,NA
"1752",4.21454749366299,0.458256063941247,"SC",2024-07-01,1,0,0,1,1,1,1,0,0,0,0,0,0,1
"1753",NA,NA,"SC",2024-07-02,NA,NA,NA,NA,NA,NA,NA,NA,NA,NA,NA,NA,NA,NA
"1754",NA,NA,"SC",2024-07-03,NA,NA,NA,NA,NA,NA,NA,NA,NA,NA,NA,NA,NA,NA
"1755",NA,NA,"SC",2024-07-04,NA,NA,NA,NA,NA,NA,NA,NA,NA,NA,NA,NA,NA,NA
"1756",1.47182077126769,0.457688732187802,"SC",2024-07-05,0,1,1,1,1,1,1,0,0,0,1,1,1,1
"1757",NA,NA,"SC",2024-07-06,NA,NA,NA,NA,NA,NA,NA,NA,NA,NA,NA,NA,NA,NA
"1758",0.600514917044973,0.469786474186386,"SC",2024-07-07,1,1,0,1,1,1,1,1,1,1,1,1,1,1
"1759",NA,NA,"SC",2024-07-08,NA,NA,NA,NA,NA,NA,NA,NA,NA,NA,NA,NA,NA,NA
"1760",0.610912483856363,0.473263120779103,"SC",2024-07-09,1,1,0,1,1,1,1,1,1,0,1,1,1,0
"1761",0.606032909668273,0.474915820191249,"SC",2024-07-10,1,1,0,1,1,1,1,0,1,0,1,1,1,1
"1762",1.02252981010404,0.5004663705385,"SC",2024-07-11,0,1,1,1,1,0,1,0,1,0,1,1,0,1
"1763",0.92187841293146,0.492158090691348,"SC",2024-07-12,1,1,1,1,1,0,1,0,1,1,1,1,0,1
"1764",NA,NA,"SC",2024-07-13,NA,NA,NA,NA,NA,NA,NA,NA,NA,NA,NA,NA,NA,NA
"1765",NA,NA,"SD",2024-06-02,NA,NA,NA,NA,NA,NA,NA,NA,NA,NA,NA,NA,NA,NA
"1766",NA,NA,"SD",2024-06-03,NA,NA,NA,NA,NA,NA,NA,NA,NA,NA,NA,NA,NA,NA
"1767",0.628963449179133,0.423951278775449,"SD",2024-06-04,1,1,0,1,1,1,1,0,1,0,1,1,1,1
"1768",NA,NA,"SD",2024-06-05,NA,NA,NA,NA,NA,NA,NA,NA,NA,NA,NA,NA,NA,NA
"1769",NA,NA,"SD",2024-06-06,NA,NA,NA,NA,NA,NA,NA,NA,NA,NA,NA,NA,NA,NA
"1770",NA,NA,"SD",2024-06-07,NA,NA,NA,NA,NA,NA,NA,NA,NA,NA,NA,NA,NA,NA
"1771",NA,NA,"SD",2024-06-08,NA,NA,NA,NA,NA,NA,NA,NA,NA,NA,NA,NA,NA,NA
"1772",0.435015500113978,0.245450694156061,"SD",2024-06-09,1,1,1,1,1,1,1,1,1,1,1,1,1,1
"1773",NA,NA,"SD",2024-06-10,NA,NA,NA,NA,NA,NA,NA,NA,NA,NA,NA,NA,NA,NA
"1774",1.0193517584927,0.248930047907024,"SD",2024-06-11,0,1,1,1,1,1,1,0,1,0,1,1,1,1
"1775",0.432972597918676,0.250787717722275,"SD",2024-06-12,1,1,1,1,1,1,1,0,0,1,1,1,1,1
"1776",1.0068200859612,0.252699057357013,"SD",2024-06-13,0,1,1,1,1,1,1,0,1,0,1,1,1,1
"1777",1.43559954021302,0.468205923336477,"SD",2024-06-14,1,1,0,1,1,1,1,1,0,0,0,0,1,1
"1778",0.444009813535072,0.256590059921155,"SD",2024-06-15,1,1,1,1,1,1,1,1,1,1,1,1,1,1
"1779",1.23162581948701,0.372007559089086,"SD",2024-06-16,1,1,0,1,1,1,1,0,0,0,1,1,0,1
"1780",NA,NA,"SD",2024-06-17,NA,NA,NA,NA,NA,NA,NA,NA,NA,NA,NA,NA,NA,NA
"1781",0.54080949333328,0.434822953709257,"SD",2024-06-18,1,0,1,1,1,1,1,0,0,1,1,1,1,1
"1782",0.457985269956945,0.263945300712224,"SD",2024-06-19,1,1,1,1,1,1,1,0,0,1,1,1,1,1
"1783",0.44725293050425,0.26555969217119,"SD",2024-06-20,1,1,1,1,1,1,1,1,1,1,1,1,1,1
"1784",0.46846087307093,0.267047114930893,"SD",2024-06-21,1,1,1,1,1,1,1,0,1,1,1,0,1,1
"1785",1.03951338617436,0.268394596058926,"SD",2024-06-22,0,1,1,1,1,1,1,0,0,1,1,1,0,1
"1786",1.04046847993567,0.269592697988494,"SD",2024-06-23,0,1,1,1,1,1,1,0,0,1,1,0,1,1
"1787",0.466161206254148,0.27063548973567,"SD",2024-06-24,1,1,1,1,1,1,1,0,0,1,1,1,1,1
"1788",0.790920310460237,0.440246994738068,"SD",2024-06-25,1,1,1,1,1,1,1,1,1,0,1,1,0,1
"1789",NA,NA,"SD",2024-06-26,NA,NA,NA,NA,NA,NA,NA,NA,NA,NA,NA,NA,NA,NA
"1790",0.724630914130113,0.358446784087474,"SD",2024-06-27,1,1,0,1,1,1,1,0,0,0,1,0,1,1
"1791",NA,NA,"SD",2024-06-28,NA,NA,NA,NA,NA,NA,NA,NA,NA,NA,NA,NA,NA,NA
"1792",1.08607262954775,0.331033435404514,"SD",2024-06-29,0,1,1,1,1,1,1,0,1,0,1,0,0,1
"1793",0.647030168902465,0.446871430127959,"SD",2024-06-30,1,1,0,1,1,1,1,1,0,0,1,1,1,1
"1794",1.10124454981145,0.399249001776785,"SD",2024-07-01,1,0,1,1,1,1,1,1,0,1,1,0,1,1
"1795",NA,NA,"SD",2024-07-02,NA,NA,NA,NA,NA,NA,NA,NA,NA,NA,NA,NA,NA,NA
"1796",0.977118011168861,0.501652021616432,"SD",2024-07-03,1,1,1,1,1,1,0,1,0,1,1,1,1,0
"1797",NA,NA,"SD",2024-07-04,NA,NA,NA,NA,NA,NA,NA,NA,NA,NA,NA,NA,NA,NA
"1798",0.464537505233518,0.272964406943739,"SD",2024-07-05,1,1,1,1,1,1,1,0,0,1,1,1,1,1
"1799",NA,NA,"SD",2024-07-06,NA,NA,NA,NA,NA,NA,NA,NA,NA,NA,NA,NA,NA,NA
"1800",NA,NA,"SD",2024-07-07,NA,NA,NA,NA,NA,NA,NA,NA,NA,NA,NA,NA,NA,NA
"1801",0.995391219827596,0.325250527702138,"SD",2024-07-08,0,1,1,1,1,1,1,0,0,1,1,0,0,1
"1802",1.0432629158946,0.271425136344021,"SD",2024-07-09,0,1,1,1,1,1,1,0,1,0,1,0,1,1
"1803",0.769943559206029,0.383734234943765,"SD",2024-07-10,1,1,1,1,1,1,1,0,1,0,1,0,0,1
"1804",0.452430903754947,0.270648599994146,"SD",2024-07-11,1,1,1,1,1,1,1,0,1,1,1,0,1,1
"1805",NA,NA,"SD",2024-07-12,NA,NA,NA,NA,NA,NA,NA,NA,NA,NA,NA,NA,NA,NA
"1806",1.36904206826725,0.438136805338118,"SD",2024-07-13,1,1,0,1,1,1,1,1,1,0,1,0,0,1
"1807",1.16053773488382,0.60417906348892,"TN",2024-06-02,0,1,1,1,0,1,1,0,1,0,1,0,1,1
"1808",0.490539653130827,0.314036605210448,"TN",2024-06-03,1,1,1,1,1,1,1,0,1,0,1,1,1,1
"1809",1.91649484713277,0.367956856308597,"TN",2024-06-04,1,0,1,1,1,1,1,0,0,0,1,1,1,1
"1810",0.97547576927222,0.135692772804735,"TN",2024-06-05,0,1,1,1,1,1,1,0,0,1,1,1,1,1
"1811",0.952682551480976,0.520682513429359,"TN",2024-06-06,1,1,1,1,1,1,1,0,0,1,1,1,1,1
"1812",0.63831017960416,0.146821424420558,"TN",2024-06-07,0,1,1,1,1,1,1,0,0,1,1,1,1,1
"1813",0.935885750385683,0.514713389537842,"TN",2024-06-08,1,1,1,1,1,1,1,1,1,1,1,1,1,1
"1814",1.27616978843786,0.447785122916948,"TN",2024-06-09,1,1,0,1,1,1,1,0,1,0,1,1,0,1
"1815",1.55586727857324,0.379759071623064,"TN",2024-06-10,1,0,1,1,1,1,1,1,0,0,1,1,1,1
"1816",2.28212410836596,0.215909551751405,"TN",2024-06-11,0,1,1,1,1,1,1,0,0,0,1,1,0,1
"1817",2.42037631572889,0.459875995751807,"TN",2024-06-12,0,1,0,1,0,1,1,0,0,0,1,0,0,1
"1818",2.08397362559516,0.394100916847852,"TN",2024-06-13,1,1,0,1,1,1,1,0,0,1,1,0,0,1
"1819",0.719729363361831,0.325756309057107,"TN",2024-06-14,1,1,1,1,1,1,1,0,1,0,1,0,0,1
"1820",1.67052464177603,0.362977524935498,"TN",2024-06-15,1,0,1,1,1,1,1,1,0,0,1,1,1,1
"1821",1.17950534268177,0.433547863659425,"TN",2024-06-16,1,1,0,1,1,1,1,1,0,1,1,1,0,1
"1822",1.11178477064545,0.431176747757504,"TN",2024-06-17,1,1,0,1,1,1,1,0,0,0,1,1,1,1
"1823",1.25587247940908,0.35788945703459,"TN",2024-06-18,1,1,1,1,1,1,1,0,0,1,1,1,0,1
"1824",1.53479946224315,0.479826407626756,"TN",2024-06-19,1,1,1,1,0,1,1,1,0,0,1,0,0,1
"1825",NA,NA,"TN",2024-06-20,NA,NA,NA,NA,NA,NA,NA,NA,NA,NA,NA,NA,NA,NA
"1826",3.07465705858873,0.358709474811521,"TN",2024-06-21,0,1,1,1,0,0,1,0,0,0,1,0,1,1
"1827",2.74233265788011,0.564091552737443,"TN",2024-06-22,0,1,0,1,0,1,1,0,1,1,1,0,0,1
"1828",0.954305449977943,0.448782561307582,"TN",2024-06-23,1,1,1,1,0,1,1,0,0,0,1,0,1,1
"1829",2.02564208344871,0.42969046663936,"TN",2024-06-24,1,0,1,1,1,1,1,0,0,1,1,0,0,1
"1830",1.61223823160947,0.385153494496238,"TN",2024-06-25,1,1,1,1,1,1,1,1,1,1,1,1,1,1
"1831",2.76128128292759,0.435363198727616,"TN",2024-06-26,1,1,1,1,0,0,1,0,0,0,1,0,0,1
"1832",1.68634104071771,0.414873455403134,"TN",2024-06-27,1,1,1,1,0,1,1,0,1,0,1,0,0,1
"1833",1.91020635066642,0.419115493616019,"TN",2024-06-28,1,1,1,1,0,1,1,1,0,0,1,0,0,1
"1834",1.8621216940568,0.467519018753652,"TN",2024-06-29,1,1,1,1,0,1,1,0,1,1,1,0,0,1
"1835",1.59341307555443,0.390891462947439,"TN",2024-06-30,1,1,1,0,1,1,1,0,1,0,0,1,0,1
"1836",2.07809958809438,0.464369431820198,"TN",2024-07-01,1,1,1,0,0,0,1,1,1,0,0,0,0,1
"1837",4.39672254057042,0.434739355945754,"TN",2024-07-02,1,0,1,0,0,1,1,0,0,1,0,0,0,1
"1838",2.90826199639205,0.421058101616998,"TN",2024-07-03,1,1,1,1,0,0,1,0,1,0,1,0,0,1
"1839",2.61878323916589,0.41284630572675,"TN",2024-07-04,1,1,0,1,1,0,1,0,0,0,1,1,0,1
"1840",2.95922304597596,0.483662409388238,"TN",2024-07-05,1,1,0,1,0,0,1,0,0,1,1,0,0,1
"1841",NA,NA,"TN",2024-07-06,NA,NA,NA,NA,NA,NA,NA,NA,NA,NA,NA,NA,NA,NA
"1842",0.744112729525429,0.382657571984115,"TN",2024-07-07,1,1,1,1,1,1,1,1,1,1,1,1,1,1
"1843",1.95440459074412,0.389212836897329,"TN",2024-07-08,1,1,1,1,0,1,1,0,1,0,1,0,1,1
"1844",1.70473220148879,0.369845192725443,"TN",2024-07-09,1,1,1,1,1,1,1,1,0,0,1,1,1,1
"1845",3.35185830453487,0.391655864834137,"TN",2024-07-10,1,1,1,1,0,1,1,0,0,0,1,0,0,1
"1846",5.03079249386799,0.436766537496344,"TN",2024-07-11,1,0,1,1,0,1,0,0,0,0,1,0,0,0
"1847",3.13713911023554,0.449070016760984,"TN",2024-07-12,1,0,1,1,0,0,1,0,0,0,1,0,0,1
"1848",0.975174943014524,0.497649915443766,"TN",2024-07-13,1,1,1,1,0,1,1,0,0,1,1,0,1,1
"1849",NA,NA,"TX",2024-06-02,NA,NA,NA,NA,NA,NA,NA,NA,NA,NA,NA,NA,NA,NA
"1850",0.18561561476885,0.169902970934599,"TX",2024-06-03,1,1,1,1,1,1,1,0,1,1,0,1,1,1
"1851",NA,NA,"TX",2024-06-04,NA,NA,NA,NA,NA,NA,NA,NA,NA,NA,NA,NA,NA,NA
"1852",0.703542142615534,0.457826934228218,"TX",2024-06-05,1,0,1,1,1,1,1,0,0,1,1,1,1,1
"1853",NA,NA,"TX",2024-06-06,NA,NA,NA,NA,NA,NA,NA,NA,NA,NA,NA,NA,NA,NA
"1854",NA,NA,"TX",2024-06-07,NA,NA,NA,NA,NA,NA,NA,NA,NA,NA,NA,NA,NA,NA
"1855",NA,NA,"TX",2024-06-08,NA,NA,NA,NA,NA,NA,NA,NA,NA,NA,NA,NA,NA,NA
"1856",NA,NA,"TX",2024-06-09,NA,NA,NA,NA,NA,NA,NA,NA,NA,NA,NA,NA,NA,NA
"1857",1.49730202196731,0.544637018384173,"TX",2024-06-10,0,1,1,0,0,1,1,0,0,0,1,0,1,1
"1858",0.714143110535303,0.381613946400285,"TX",2024-06-11,1,1,1,1,0,1,1,0,0,0,1,0,1,1
"1859",1.13066101017561,0.373958424793602,"TX",2024-06-12,1,1,0,1,1,1,1,0,0,0,0,1,1,1
"1860",0.229582170906669,0.201852200973295,"TX",2024-06-13,1,1,1,1,1,1,1,1,1,1,1,1,1,1
"1861",0.82624325693349,0.561470480372888,"TX",2024-06-14,1,1,1,1,0,1,1,1,0,1,1,0,1,1
"1862",NA,NA,"TX",2024-06-15,NA,NA,NA,NA,NA,NA,NA,NA,NA,NA,NA,NA,NA,NA
"1863",0.240952462086953,0.211453287697302,"TX",2024-06-16,1,1,1,1,1,1,1,1,1,1,1,1,1,1
"1864",1.42831805931235,0.439790582876404,"TX",2024-06-17,1,0,1,1,1,1,1,0,0,1,1,1,1,1
"1865",0.241514187713486,0.217249565665036,"TX",2024-06-18,1,1,1,1,1,1,1,0,1,1,0,1,1,1
"1866",0.537607033678229,0.329538859737555,"TX",2024-06-19,1,1,1,1,1,1,1,1,0,1,0,1,1,1
"1867",NA,NA,"TX",2024-06-20,NA,NA,NA,NA,NA,NA,NA,NA,NA,NA,NA,NA,NA,NA
"1868",1.63906111466231,0.45240099392918,"TX",2024-06-21,0,0,1,1,1,0,1,0,0,0,1,1,1,1
"1869",NA,NA,"TX",2024-06-22,NA,NA,NA,NA,NA,NA,NA,NA,NA,NA,NA,NA,NA,NA
"1870",NA,NA,"TX",2024-06-23,NA,NA,NA,NA,NA,NA,NA,NA,NA,NA,NA,NA,NA,NA
"1871",0.260689905403796,0.230473999312165,"TX",2024-06-24,1,1,1,1,1,1,1,0,1,1,1,0,1,1
"1872",1.58418367933065,0.365286643519404,"TX",2024-06-25,1,1,0,1,1,1,1,0,1,0,0,0,0,1
"1873",1.80247432704614,0.298994165462604,"TX",2024-06-26,0,1,1,1,1,1,1,0,1,0,1,0,0,1
"1874",2.81900106528497,0.422328058918762,"TX",2024-06-27,1,1,1,1,0,1,1,0,0,0,1,0,0,1
"1875",0.271943764410039,0.235811247686226,"TX",2024-06-28,1,1,1,1,1,1,1,1,1,1,1,1,1,1
"1876",NA,NA,"TX",2024-06-29,NA,NA,NA,NA,NA,NA,NA,NA,NA,NA,NA,NA,NA,NA
"1877",NA,NA,"TX",2024-06-30,NA,NA,NA,NA,NA,NA,NA,NA,NA,NA,NA,NA,NA,NA
"1878",1.08592812499571,0.238348958290916,"TX",2024-07-01,0,1,1,1,1,1,1,0,1,1,0,1,1,1
"1879",0.638497228342236,0.475224098364457,"TX",2024-07-02,1,1,0,1,1,1,1,0,1,0,1,1,1,1
"1880",NA,NA,"TX",2024-07-03,NA,NA,NA,NA,NA,NA,NA,NA,NA,NA,NA,NA,NA,NA
"1881",0.789212994109604,0.551852507076276,"TX",2024-07-04,1,1,1,1,0,1,1,0,1,1,1,0,1,1
"1882",0.852202397132962,0.412563323032027,"TX",2024-07-05,1,1,1,1,0,1,1,1,0,1,0,0,1,1
"1883",NA,NA,"TX",2024-07-06,NA,NA,NA,NA,NA,NA,NA,NA,NA,NA,NA,NA,NA,NA
"1884",0.72808196344151,0.396958527487895,"TX",2024-07-07,1,1,1,1,0,1,1,0,0,0,1,0,1,1
"1885",5.80211021687157,0.496103578889608,"TX",2024-07-08,0,1,1,1,0,1,1,0,0,0,0,0,0,1
"1886",1.74741786192121,0.463972042944788,"TX",2024-07-09,1,1,0,1,0,1,1,1,1,0,0,0,1,1
"1887",1.7708593471948,0.44598854165896,"TX",2024-07-10,1,1,1,1,0,1,0,0,0,0,1,0,1,0
"1888",0.830646299188895,0.428481425267967,"TX",2024-07-11,1,1,1,1,0,1,1,1,0,0,1,0,1,1
"1889",1.28186687756977,0.425308852658278,"TX",2024-07-12,1,0,1,1,1,1,1,1,0,0,0,0,1,1
"1890",1.00715403796091,0.504715739804673,"TX",2024-07-13,1,1,1,1,0,1,1,1,0,1,0,0,0,1
"1891",NA,NA,"UT",2024-06-02,NA,NA,NA,NA,NA,NA,NA,NA,NA,NA,NA,NA,NA,NA
"1892",0.832948486878209,0.221748966452402,"UT",2024-06-03,1,1,1,1,0,1,1,0,0,1,1,0,1,1
"1893",1.00001554039956,0.746407664843368,"UT",2024-06-04,1,1,1,1,1,1,0,0,1,1,1,1,1,0
"1894",NA,NA,"UT",2024-06-05,NA,NA,NA,NA,NA,NA,NA,NA,NA,NA,NA,NA,NA,NA
"1895",NA,NA,"UT",2024-06-06,NA,NA,NA,NA,NA,NA,NA,NA,NA,NA,NA,NA,NA,NA
"1896",0.951642846324037,0.725631905322028,"UT",2024-06-07,1,1,1,1,1,0,1,0,1,1,1,1,0,1
"1897",NA,NA,"UT",2024-06-08,NA,NA,NA,NA,NA,NA,NA,NA,NA,NA,NA,NA,NA,NA
"1898",NA,NA,"UT",2024-06-09,NA,NA,NA,NA,NA,NA,NA,NA,NA,NA,NA,NA,NA,NA
"1899",NA,NA,"UT",2024-06-10,NA,NA,NA,NA,NA,NA,NA,NA,NA,NA,NA,NA,NA,NA
"1900",NA,NA,"UT",2024-06-11,NA,NA,NA,NA,NA,NA,NA,NA,NA,NA,NA,NA,NA,NA
"1901",1.16685263103282,0.630148669594046,"UT",2024-06-12,0,1,1,1,0,1,1,0,0,0,1,0,1,1
"1902",NA,NA,"UT",2024-06-13,NA,NA,NA,NA,NA,NA,NA,NA,NA,NA,NA,NA,NA,NA
"1903",0.703156458297645,0.587134677372775,"UT",2024-06-14,1,1,0,1,1,1,1,1,0,0,1,1,1,1
"1904",NA,NA,"UT",2024-06-15,NA,NA,NA,NA,NA,NA,NA,NA,NA,NA,NA,NA,NA,NA
"1905",NA,NA,"UT",2024-06-16,NA,NA,NA,NA,NA,NA,NA,NA,NA,NA,NA,NA,NA,NA
"1906",0.851526860004014,0.438579510698669,"UT",2024-06-17,1,1,1,1,0,1,1,0,1,0,1,0,1,0
"1907",NA,NA,"UT",2024-06-18,NA,NA,NA,NA,NA,NA,NA,NA,NA,NA,NA,NA,NA,NA
"1908",NA,NA,"UT",2024-06-19,NA,NA,NA,NA,NA,NA,NA,NA,NA,NA,NA,NA,NA,NA
"1909",0.755334192940789,0.59245966415855,"UT",2024-06-20,1,0,1,1,1,1,1,0,0,1,1,1,1,1
"1910",0.74550218427309,0.589766173296554,"UT",2024-06-21,1,0,1,1,1,1,1,1,1,1,1,1,1,1
"1911",NA,NA,"UT",2024-06-22,NA,NA,NA,NA,NA,NA,NA,NA,NA,NA,NA,NA,NA,NA
"1912",NA,NA,"UT",2024-06-23,NA,NA,NA,NA,NA,NA,NA,NA,NA,NA,NA,NA,NA,NA
"1913",NA,NA,"UT",2024-06-24,NA,NA,NA,NA,NA,NA,NA,NA,NA,NA,NA,NA,NA,NA
"1914",1.35835973180554,0.552425462932995,"UT",2024-06-25,1,1,0,1,1,1,1,0,1,0,1,1,0,1
"1915",0.819239279410961,0.621472552462521,"UT",2024-06-26,1,1,1,1,0,1,1,0,1,1,1,0,1,1
"1916",NA,NA,"UT",2024-06-27,NA,NA,NA,NA,NA,NA,NA,NA,NA,NA,NA,NA,NA,NA
"1917",NA,NA,"UT",2024-06-28,NA,NA,NA,NA,NA,NA,NA,NA,NA,NA,NA,NA,NA,NA
"1918",NA,NA,"UT",2024-06-29,NA,NA,NA,NA,NA,NA,NA,NA,NA,NA,NA,NA,NA,NA
"1919",NA,NA,"UT",2024-06-30,NA,NA,NA,NA,NA,NA,NA,NA,NA,NA,NA,NA,NA,NA
"1920",0.626904877286003,0.538946261817138,"UT",2024-07-01,1,1,0,1,1,1,1,0,1,0,1,1,1,1
"1921",NA,NA,"UT",2024-07-02,NA,NA,NA,NA,NA,NA,NA,NA,NA,NA,NA,NA,NA,NA
"1922",NA,NA,"UT",2024-07-03,NA,NA,NA,NA,NA,NA,NA,NA,NA,NA,NA,NA,NA,NA
"1923",NA,NA,"UT",2024-07-04,NA,NA,NA,NA,NA,NA,NA,NA,NA,NA,NA,NA,NA,NA
"1924",NA,NA,"UT",2024-07-05,NA,NA,NA,NA,NA,NA,NA,NA,NA,NA,NA,NA,NA,NA
"1925",NA,NA,"UT",2024-07-06,NA,NA,NA,NA,NA,NA,NA,NA,NA,NA,NA,NA,NA,NA
"1926",NA,NA,"UT",2024-07-07,NA,NA,NA,NA,NA,NA,NA,NA,NA,NA,NA,NA,NA,NA
"1927",2.78842892712522,0.539965951220844,"UT",2024-07-08,0,1,0,1,1,1,1,0,0,0,1,0,1,1
"1928",1.29293909382085,0.525495991044572,"UT",2024-07-09,1,1,0,1,1,1,1,0,1,0,1,1,1,1
"1929",NA,NA,"UT",2024-07-10,NA,NA,NA,NA,NA,NA,NA,NA,NA,NA,NA,NA,NA,NA
"1930",0.699301057595312,0.548062267687967,"UT",2024-07-11,1,0,1,1,1,1,1,0,0,1,1,1,1,1
"1931",NA,NA,"UT",2024-07-12,NA,NA,NA,NA,NA,NA,NA,NA,NA,NA,NA,NA,NA,NA
"1932",NA,NA,"UT",2024-07-13,NA,NA,NA,NA,NA,NA,NA,NA,NA,NA,NA,NA,NA,NA
"1933",2.55027986638649,0.373815147036816,"VA",2024-06-02,1,0,1,1,0,0,1,0,0,1,1,0,0,1
"1934",2.51756390251506,0.343810618861503,"VA",2024-06-03,1,1,0,1,1,1,1,1,0,0,0,0,1,1
"1935",5.09814019680726,0.424799673577759,"VA",2024-06-04,0,0,0,0,1,1,1,0,0,0,0,0,1,1
"1936",2.03656773928941,0.2623944012269,"VA",2024-06-05,0,1,1,1,1,1,1,0,0,0,1,0,0,0
"1937",1.92180150652045,0.265326087769078,"VA",2024-06-06,1,1,0,1,0,1,1,0,0,0,1,0,1,1
"1938",1.19636728636548,0.312595775469617,"VA",2024-06-07,1,1,1,1,1,1,1,0,0,0,1,1,1,1
"1939",0.641626717140909,0.374155650843378,"VA",2024-06-08,1,1,0,1,1,1,1,0,0,0,1,1,1,1
"1940",1.6259611141867,0.343457857247939,"VA",2024-06-09,1,0,1,1,0,1,1,0,0,0,1,0,1,1
"1941",3.56954594633835,0.231609597722002,"VA",2024-06-10,0,0,1,1,1,1,1,0,0,0,1,0,0,1
"1942",1.5826500068795,0.387882635303208,"VA",2024-06-11,0,1,1,1,1,1,1,1,0,0,1,0,1,1
"1943",2.93343957454187,0.336278055486145,"VA",2024-06-12,1,0,0,1,1,1,1,0,1,0,0,1,0,0
"1944",3.1317086970448,0.327846166211008,"VA",2024-06-13,1,0,1,1,1,1,1,0,0,1,0,0,0,1
"1945",2.19973117221835,0.274273480716245,"VA",2024-06-14,1,1,0,1,1,0,1,0,0,0,1,0,0,1
"1946",1.37223096193865,0.534034474794453,"VA",2024-06-15,0,1,1,1,0,1,1,0,0,1,1,0,1,1
"1947",4.4094457343937,0.430812672363999,"VA",2024-06-16,0,0,0,1,1,1,1,0,0,0,1,1,1,1
"1948",8.28463961403049,0.463045732095023,"VA",2024-06-17,0,1,0,1,1,1,1,0,0,0,1,1,0,1
"1949",5.1246226707721,0.538003459395985,"VA",2024-06-18,0,1,0,1,1,0,0,0,0,0,1,0,0,0
"1950",4.33478115220409,0.422988197222011,"VA",2024-06-19,0,1,1,1,0,0,1,0,0,0,1,0,0,1
"1951",4.55585881319191,0.444626973666777,"VA",2024-06-20,0,1,1,1,0,0,1,0,0,0,1,0,0,1
"1952",2.86953435681622,0.308489637132679,"VA",2024-06-21,1,1,1,1,1,1,1,0,0,0,1,0,1,1
"1953",4.15043414706524,0.477882118260157,"VA",2024-06-22,0,1,0,1,1,0,1,0,0,0,1,0,0,1
"1954",2.84762310827635,0.386585256675746,"VA",2024-06-23,0,1,1,1,0,1,1,0,0,1,0,0,1,1
"1955",5.24115645636073,0.451793945256767,"VA",2024-06-24,0,0,0,1,1,0,0,0,0,0,1,0,0,0
"1956",2.38684151453234,0.451542576520889,"VA",2024-06-25,0,1,1,1,1,0,1,0,1,1,1,1,0,1
"1957",5.00654998104604,0.42225556373685,"VA",2024-06-26,0,1,0,1,1,0,1,0,0,0,1,0,0,1
"1958",1.92429106410344,0.369755331225464,"VA",2024-06-27,1,1,1,0,1,1,1,0,0,0,0,1,1,1
"1959",5.78312566272823,0.312439069337865,"VA",2024-06-28,0,0,1,1,0,1,1,0,0,0,1,0,1,1
"1960",1.40972082553391,0.385497001553705,"VA",2024-06-29,1,0,1,1,1,1,1,0,0,1,1,0,0,1
"1961",5.88568672414481,0.457123353623807,"VA",2024-06-30,1,0,0,1,1,0,1,0,0,0,1,1,0,0
"1962",0.64459778789168,0.384787488876296,"VA",2024-07-01,1,1,1,1,1,1,1,0,0,0,1,1,1,1
"1963",2.22781645917046,0.475434253176992,"VA",2024-07-02,0,1,0,1,1,1,1,0,0,0,1,0,1,1
"1964",3.05695924423645,0.445102392440602,"VA",2024-07-03,0,1,1,1,0,0,1,0,0,0,1,0,0,1
"1965",0.431730313083884,0.279891548146052,"VA",2024-07-04,1,1,1,1,1,1,1,0,1,0,1,1,1,1
"1966",5.01661958616484,0.527222381073548,"VA",2024-07-05,0,0,0,1,1,0,1,0,0,0,1,0,0,1
"1967",5.25448453537144,0.51927713757718,"VA",2024-07-06,0,1,0,1,1,0,1,0,0,0,1,1,0,1
"1968",2.27365877400806,0.356815964523343,"VA",2024-07-07,1,1,1,1,1,0,1,0,0,0,1,0,0,1
"1969",5.68974081603436,0.459844844097802,"VA",2024-07-08,0,1,1,1,0,0,1,0,0,0,0,0,0,0
"1970",3.42400801970164,0.456672258972205,"VA",2024-07-09,1,1,1,1,0,0,1,0,1,0,1,0,0,1
"1971",1.80198347524129,0.390701048136546,"VA",2024-07-10,1,1,1,1,1,1,1,0,0,0,0,1,0,1
"1972",4.44035385201591,0.443099136767534,"VA",2024-07-11,0,1,1,1,0,0,1,0,0,0,1,0,0,1
"1973",5.27701123074403,0.486800751651124,"VA",2024-07-12,1,0,0,1,0,1,1,0,1,0,0,0,0,1
"1974",4.42307850743627,0.594646335512588,"VA",2024-07-13,0,0,0,1,0,0,1,0,1,0,1,0,0,1
"1975",0.35433458787351,0.220782257872213,"VT",2024-06-02,1,1,1,1,1,1,1,0,0,1,1,1,1,1
"1976",NA,NA,"VT",2024-06-03,NA,NA,NA,NA,NA,NA,NA,NA,NA,NA,NA,NA,NA,NA
"1977",0.855473820924733,0.614103467461841,"VT",2024-06-04,1,1,1,1,1,0,1,0,1,1,1,1,0,1
"1978",0.457388627185133,0.365765232350374,"VT",2024-06-05,1,1,1,1,1,1,1,0,0,1,1,1,1,1
"1979",NA,NA,"VT",2024-06-06,NA,NA,NA,NA,NA,NA,NA,NA,NA,NA,NA,NA,NA,NA
"1980",0.772370233838294,0.552726447060609,"VT",2024-06-07,1,1,1,1,0,1,1,1,1,0,1,0,1,1
"1981",1.01879173020381,0.356951460793101,"VT",2024-06-08,1,0,1,1,1,1,1,1,0,0,1,1,1,1
"1982",NA,NA,"VT",2024-06-09,NA,NA,NA,NA,NA,NA,NA,NA,NA,NA,NA,NA,NA,NA
"1983",0.782906987573014,0.568644853386131,"VT",2024-06-10,1,1,1,1,1,0,1,1,1,1,1,0,0,1
"1984",0.754119440159378,0.539685250675742,"VT",2024-06-11,1,1,1,1,0,1,1,1,0,1,1,0,1,1
"1985",1.01704590850603,0.27830884732125,"VT",2024-06-12,0,1,1,1,1,1,1,0,1,0,1,1,1,1
"1986",1.06790279102034,0.43943478191832,"VT",2024-06-13,1,1,1,1,1,1,0,1,0,0,1,0,1,0
"1987",0.872696668410809,0.415567164930956,"VT",2024-06-14,1,1,1,1,1,1,0,0,0,0,1,1,1,0
"1988",0.628170853120867,0.416543651155576,"VT",2024-06-15,1,1,0,1,1,1,1,1,1,1,1,1,1,1
"1989",0.695095368150861,0.356722585830016,"VT",2024-06-16,1,1,1,1,1,1,1,1,0,0,1,1,1,1
"1990",NA,NA,"VT",2024-06-17,NA,NA,NA,NA,NA,NA,NA,NA,NA,NA,NA,NA,NA,NA
"1991",0.614334640196869,0.410249906562443,"VT",2024-06-18,1,1,0,1,1,1,1,1,1,1,1,1,1,1
"1992",0.439400057068057,0.344277821631155,"VT",2024-06-19,1,1,1,1,1,1,1,0,0,1,1,1,1,1
"1993",0.569273036980326,0.356394715758444,"VT",2024-06-20,1,1,1,1,1,1,1,0,1,0,1,1,1,1
"1994",0.629779888769919,0.405484399484655,"VT",2024-06-21,1,1,0,1,1,1,1,1,1,0,1,1,0,1
"1995",0.428950362347451,0.344614514437138,"VT",2024-06-22,1,1,1,1,1,1,1,1,1,1,1,1,1,1
"1996",NA,NA,"VT",2024-06-23,NA,NA,NA,NA,NA,NA,NA,NA,NA,NA,NA,NA,NA,NA
"1997",0.95864943468507,0.417126525223384,"VT",2024-06-24,1,1,1,1,1,1,1,0,1,0,1,0,1,1
"1998",0.638796906527018,0.373355545106196,"VT",2024-06-25,1,1,1,1,1,1,1,0,0,0,1,0,1,1
"1999",0.713758614826328,0.377666248381951,"VT",2024-06-26,1,1,1,1,1,1,1,1,1,1,1,1,1,1
"2000",0.995419507759285,0.356301567764017,"VT",2024-06-27,1,1,1,1,1,1,1,0,0,0,1,0,0,1
"2001",NA,NA,"VT",2024-06-28,NA,NA,NA,NA,NA,NA,NA,NA,NA,NA,NA,NA,NA,NA
"2002",0.645617395011007,0.365365751281157,"VT",2024-06-29,1,1,1,1,1,1,1,0,0,1,1,1,0,1
"2003",1.32063854070153,0.397455442439801,"VT",2024-06-30,1,1,0,1,1,1,1,1,1,0,1,1,0,1
"2004",NA,NA,"VT",2024-07-01,NA,NA,NA,NA,NA,NA,NA,NA,NA,NA,NA,NA,NA,NA
"2005",NA,NA,"VT",2024-07-02,NA,NA,NA,NA,NA,NA,NA,NA,NA,NA,NA,NA,NA,NA
"2006",0.842524560475096,0.594116114638723,"VT",2024-07-03,1,1,1,1,1,1,0,0,1,1,1,1,1,0
"2007",1.13801754028256,0.550063862561917,"VT",2024-07-04,1,1,1,1,0,1,0,1,1,0,1,0,0,0
"2008",0.737187589870424,0.393592665202564,"VT",2024-07-05,1,1,1,1,1,1,1,1,1,1,1,1,1,1
"2009",NA,NA,"VT",2024-07-06,NA,NA,NA,NA,NA,NA,NA,NA,NA,NA,NA,NA,NA,NA
"2010",1.83001330283506,0.397535178199557,"VT",2024-07-07,1,0,1,1,1,0,1,1,0,1,1,1,0,1
"2011",1.22120251134441,0.416394922236346,"VT",2024-07-08,1,1,1,1,1,0,1,1,1,0,1,1,0,1
"2012",0.614855749652013,0.394354602934652,"VT",2024-07-09,1,1,0,1,1,1,1,1,1,1,1,1,1,1
"2013",2.32198433193073,0.402438151272929,"VT",2024-07-10,1,0,1,1,1,0,1,1,1,1,1,1,1,1
"2014",0.651547863114171,0.375264023802106,"VT",2024-07-11,1,1,1,1,1,1,1,0,0,1,1,1,1,1
"2015",0.565396260753577,0.374346442730096,"VT",2024-07-12,0,1,1,1,1,1,1,0,1,1,1,1,0,1
"2016",0.576087390017707,0.375613362282571,"VT",2024-07-13,0,1,1,1,1,1,1,0,0,1,1,1,1,1
"2017",NA,NA,"WA",2024-06-02,NA,NA,NA,NA,NA,NA,NA,NA,NA,NA,NA,NA,NA,NA
"2018",2.09060463582154,0.257489118768562,"WA",2024-06-03,0,0,1,1,1,1,1,0,0,0,1,0,1,1
"2019",1.2335824601747,0.365712907386199,"WA",2024-06-04,1,1,0,1,1,1,1,1,0,0,1,0,1,1
"2020",1.7014660277983,0.361924125398138,"WA",2024-06-05,1,0,1,1,0,1,1,1,0,1,1,0,1,1
"2021",2.1231052262305,0.357431647570368,"WA",2024-06-06,1,0,0,1,1,1,0,0,0,0,1,0,0,0
"2022",3.27429816976908,0.467342182808386,"WA",2024-06-07,0,1,0,1,1,0,1,0,1,0,1,0,0,1
"2023",2.7306614238079,0.524354029803845,"WA",2024-06-08,0,0,0,0,1,1,1,0,0,0,0,0,1,1
"2024",1.4570581079098,0.365773621478136,"WA",2024-06-09,1,1,1,1,0,1,1,0,0,1,1,0,0,0
"2025",4.19478823207187,0.401962678653633,"WA",2024-06-10,1,0,0,1,0,1,1,1,0,0,0,0,1,1
"2026",1.39715560124455,0.313780986773822,"WA",2024-06-11,1,1,1,1,0,1,1,0,0,1,1,0,1,1
"2027",2.97812438779231,0.364922852634195,"WA",2024-06-12,1,0,0,0,1,1,0,0,0,1,0,0,0,0
"2028",0.86327123822559,0.271720103931411,"WA",2024-06-13,1,1,1,1,1,1,1,0,1,0,1,1,1,1
"2029",7.06869257433182,0.434449555640564,"WA",2024-06-14,0,0,0,0,1,1,1,0,0,0,0,0,1,1
"2030",2.54364205059361,0.59565332537592,"WA",2024-06-15,0,1,0,1,1,0,1,0,1,0,1,0,0,1
"2031",3.52953140110961,0.451258309442452,"WA",2024-06-16,0,1,0,1,1,0,1,0,1,0,1,0,0,1
"2032",1.55801291921526,0.341359920948749,"WA",2024-06-17,1,1,0,1,1,1,1,0,1,0,1,1,1,1
"2033",3.85002467644434,0.392735609612977,"WA",2024-06-18,0,1,0,1,1,1,1,0,1,0,1,0,1,1
"2034",3.32474669111838,0.478753039258494,"WA",2024-06-19,0,1,1,0,1,0,1,0,1,1,0,0,0,0
"2035",4.692186069985,0.445928805433662,"WA",2024-06-20,0,1,0,1,0,1,1,0,0,0,1,0,0,1
"2036",4.83618685671331,0.468203135670975,"WA",2024-06-21,0,1,0,1,1,0,1,0,1,0,1,0,0,1
"2037",1.8457557705933,0.247245986778421,"WA",2024-06-22,0,0,1,1,1,1,1,0,1,0,0,0,0,1
"2038",1.9688817856224,0.394465674837574,"WA",2024-06-23,1,1,0,1,1,1,1,0,0,0,1,1,1,1
"2039",10.0974231458586,0.492723121874914,"WA",2024-06-24,0,0,0,1,1,1,1,0,0,0,1,0,1,1
"2040",2.50099987381103,0.501501099353453,"WA",2024-06-25,0,1,0,1,1,0,1,0,0,0,1,0,0,1
"2041",2.21551656851524,0.364655207388636,"WA",2024-06-26,1,1,0,1,1,1,1,0,0,0,1,1,0,1
"2042",4.36621025494274,0.474320507692999,"WA",2024-06-27,0,1,0,1,0,0,1,0,0,0,1,0,0,1
"2043",2.40179075067995,0.46325500773938,"WA",2024-06-28,0,1,1,1,1,0,1,0,0,0,1,0,0,1
"2044",2.25102314438951,0.185674972845882,"WA",2024-06-29,0,1,1,1,1,1,1,0,0,0,1,0,1,1
"2045",2.35212888557983,0.406402827802187,"WA",2024-06-30,1,1,1,1,1,1,0,0,1,1,1,1,0,0
"2046",3.03786877711599,0.357791244778548,"WA",2024-07-01,1,0,1,1,0,1,1,1,1,0,1,0,0,1
"2047",4.48126994132886,0.522315391302288,"WA",2024-07-02,0,1,0,1,1,1,1,0,1,0,1,0,0,1
"2048",4.61327481253421,0.429569148729804,"WA",2024-07-03,0,0,1,1,0,0,1,0,0,1,1,0,0,1
"2049",0.701896153599243,0.388110055515088,"WA",2024-07-04,1,0,1,1,1,1,1,1,1,1,1,1,1,1
"2050",3.42639639377118,0.529695912402164,"WA",2024-07-05,0,1,0,1,1,1,1,0,0,0,1,1,1,1
"2051",2.25037808146917,0.452772253457388,"WA",2024-07-06,0,1,1,1,0,1,1,0,0,0,1,0,0,0
"2052",6.07108594993253,0.504468820313768,"WA",2024-07-07,0,1,0,1,1,0,1,0,0,0,1,0,0,1
"2053",4.30549912013105,0.405364358720813,"WA",2024-07-08,0,1,0,1,1,0,1,1,0,0,1,0,0,1
"2054",7.55499596465271,0.528492530732732,"WA",2024-07-09,0,1,1,1,0,0,0,0,0,0,1,0,0,0
"2055",2.15992862019339,0.338805338241945,"WA",2024-07-10,1,1,1,1,0,1,1,0,1,0,1,0,1,1
"2056",1.9033247800725,0.443226340208994,"WA",2024-07-11,0,1,1,1,1,0,1,0,1,0,1,0,0,1
"2057",5.24521815790026,0.474101161420281,"WA",2024-07-12,0,0,1,1,0,0,1,0,0,0,1,0,0,1
"2058",1.68411742842416,0.459599842241555,"WA",2024-07-13,1,1,0,1,1,0,1,0,1,0,1,0,0,1
"2059",NA,NA,"WI",2024-06-02,NA,NA,NA,NA,NA,NA,NA,NA,NA,NA,NA,NA,NA,NA
"2060",0.355628381243001,0.236328910815997,"WI",2024-06-03,1,1,1,1,1,1,1,1,0,1,1,1,1,0
"2061",NA,NA,"WI",2024-06-04,NA,NA,NA,NA,NA,NA,NA,NA,NA,NA,NA,NA,NA,NA
"2062",NA,NA,"WI",2024-06-05,NA,NA,NA,NA,NA,NA,NA,NA,NA,NA,NA,NA,NA,NA
"2063",NA,NA,"WI",2024-06-06,NA,NA,NA,NA,NA,NA,NA,NA,NA,NA,NA,NA,NA,NA
"2064",NA,NA,"WI",2024-06-07,NA,NA,NA,NA,NA,NA,NA,NA,NA,NA,NA,NA,NA,NA
"2065",NA,NA,"WI",2024-06-08,NA,NA,NA,NA,NA,NA,NA,NA,NA,NA,NA,NA,NA,NA
"2066",NA,NA,"WI",2024-06-09,NA,NA,NA,NA,NA,NA,NA,NA,NA,NA,NA,NA,NA,NA
"2067",NA,NA,"WI",2024-06-10,NA,NA,NA,NA,NA,NA,NA,NA,NA,NA,NA,NA,NA,NA
"2068",NA,NA,"WI",2024-06-11,NA,NA,NA,NA,NA,NA,NA,NA,NA,NA,NA,NA,NA,NA
"2069",NA,NA,"WI",2024-06-12,NA,NA,NA,NA,NA,NA,NA,NA,NA,NA,NA,NA,NA,NA
"2070",NA,NA,"WI",2024-06-13,NA,NA,NA,NA,NA,NA,NA,NA,NA,NA,NA,NA,NA,NA
"2071",NA,NA,"WI",2024-06-14,NA,NA,NA,NA,NA,NA,NA,NA,NA,NA,NA,NA,NA,NA
"2072",NA,NA,"WI",2024-06-15,NA,NA,NA,NA,NA,NA,NA,NA,NA,NA,NA,NA,NA,NA
"2073",NA,NA,"WI",2024-06-16,NA,NA,NA,NA,NA,NA,NA,NA,NA,NA,NA,NA,NA,NA
"2074",NA,NA,"WI",2024-06-17,NA,NA,NA,NA,NA,NA,NA,NA,NA,NA,NA,NA,NA,NA
"2075",NA,NA,"WI",2024-06-18,NA,NA,NA,NA,NA,NA,NA,NA,NA,NA,NA,NA,NA,NA
"2076",NA,NA,"WI",2024-06-19,NA,NA,NA,NA,NA,NA,NA,NA,NA,NA,NA,NA,NA,NA
"2077",NA,NA,"WI",2024-06-20,NA,NA,NA,NA,NA,NA,NA,NA,NA,NA,NA,NA,NA,NA
"2078",0.377407567159413,0.247459408967226,"WI",2024-06-21,1,1,1,1,1,1,1,1,0,0,1,1,1,1
"2079",NA,NA,"WI",2024-06-22,NA,NA,NA,NA,NA,NA,NA,NA,NA,NA,NA,NA,NA,NA
"2080",NA,NA,"WI",2024-06-23,NA,NA,NA,NA,NA,NA,NA,NA,NA,NA,NA,NA,NA,NA
"2081",0.598128431629889,0.415300627033553,"WI",2024-06-24,1,1,0,1,1,1,1,1,0,0,1,1,1,1
"2082",NA,NA,"WI",2024-06-25,NA,NA,NA,NA,NA,NA,NA,NA,NA,NA,NA,NA,NA,NA
"2083",NA,NA,"WI",2024-06-26,NA,NA,NA,NA,NA,NA,NA,NA,NA,NA,NA,NA,NA,NA
"2084",NA,NA,"WI",2024-06-27,NA,NA,NA,NA,NA,NA,NA,NA,NA,NA,NA,NA,NA,NA
"2085",NA,NA,"WI",2024-06-28,NA,NA,NA,NA,NA,NA,NA,NA,NA,NA,NA,NA,NA,NA
"2086",NA,NA,"WI",2024-06-29,NA,NA,NA,NA,NA,NA,NA,NA,NA,NA,NA,NA,NA,NA
"2087",NA,NA,"WI",2024-06-30,NA,NA,NA,NA,NA,NA,NA,NA,NA,NA,NA,NA,NA,NA
"2088",NA,NA,"WI",2024-07-01,NA,NA,NA,NA,NA,NA,NA,NA,NA,NA,NA,NA,NA,NA
"2089",NA,NA,"WI",2024-07-02,NA,NA,NA,NA,NA,NA,NA,NA,NA,NA,NA,NA,NA,NA
"2090",NA,NA,"WI",2024-07-03,NA,NA,NA,NA,NA,NA,NA,NA,NA,NA,NA,NA,NA,NA
"2091",NA,NA,"WI",2024-07-04,NA,NA,NA,NA,NA,NA,NA,NA,NA,NA,NA,NA,NA,NA
"2092",NA,NA,"WI",2024-07-05,NA,NA,NA,NA,NA,NA,NA,NA,NA,NA,NA,NA,NA,NA
"2093",NA,NA,"WI",2024-07-06,NA,NA,NA,NA,NA,NA,NA,NA,NA,NA,NA,NA,NA,NA
"2094",NA,NA,"WI",2024-07-07,NA,NA,NA,NA,NA,NA,NA,NA,NA,NA,NA,NA,NA,NA
"2095",NA,NA,"WI",2024-07-08,NA,NA,NA,NA,NA,NA,NA,NA,NA,NA,NA,NA,NA,NA
"2096",0.711214986791919,0.573492214037638,"WI",2024-07-09,1,1,1,0,1,1,1,1,0,1,0,1,1,1
"2097",0.594759237551087,0.39276266901824,"WI",2024-07-10,1,1,0,1,1,1,1,0,1,0,1,1,1,1
"2098",0.597210069659019,0.390729169090028,"WI",2024-07-11,1,1,0,1,1,1,1,0,1,0,1,1,1,1
"2099",NA,NA,"WI",2024-07-12,NA,NA,NA,NA,NA,NA,NA,NA,NA,NA,NA,NA,NA,NA
"2100",NA,NA,"WI",2024-07-13,NA,NA,NA,NA,NA,NA,NA,NA,NA,NA,NA,NA,NA,NA
"2101",NA,NA,"WV",2024-06-02,NA,NA,NA,NA,NA,NA,NA,NA,NA,NA,NA,NA,NA,NA
"2102",NA,NA,"WV",2024-06-03,NA,NA,NA,NA,NA,NA,NA,NA,NA,NA,NA,NA,NA,NA
"2103",NA,NA,"WV",2024-06-04,NA,NA,NA,NA,NA,NA,NA,NA,NA,NA,NA,NA,NA,NA
"2104",NA,NA,"WV",2024-06-05,NA,NA,NA,NA,NA,NA,NA,NA,NA,NA,NA,NA,NA,NA
"2105",NA,NA,"WV",2024-06-06,NA,NA,NA,NA,NA,NA,NA,NA,NA,NA,NA,NA,NA,NA
"2106",NA,NA,"WV",2024-06-07,NA,NA,NA,NA,NA,NA,NA,NA,NA,NA,NA,NA,NA,NA
"2107",NA,NA,"WV",2024-06-08,NA,NA,NA,NA,NA,NA,NA,NA,NA,NA,NA,NA,NA,NA
"2108",NA,NA,"WV",2024-06-09,NA,NA,NA,NA,NA,NA,NA,NA,NA,NA,NA,NA,NA,NA
"2109",0.171118483259688,0.136408459084676,"WV",2024-06-10,1,1,1,1,1,1,1,0,1,1,1,0,1,1
"2110",NA,NA,"WV",2024-06-11,NA,NA,NA,NA,NA,NA,NA,NA,NA,NA,NA,NA,NA,NA
"2111",NA,NA,"WV",2024-06-12,NA,NA,NA,NA,NA,NA,NA,NA,NA,NA,NA,NA,NA,NA
"2112",NA,NA,"WV",2024-06-13,NA,NA,NA,NA,NA,NA,NA,NA,NA,NA,NA,NA,NA,NA
"2113",NA,NA,"WV",2024-06-14,NA,NA,NA,NA,NA,NA,NA,NA,NA,NA,NA,NA,NA,NA
"2114",NA,NA,"WV",2024-06-15,NA,NA,NA,NA,NA,NA,NA,NA,NA,NA,NA,NA,NA,NA
"2115",NA,NA,"WV",2024-06-16,NA,NA,NA,NA,NA,NA,NA,NA,NA,NA,NA,NA,NA,NA
"2116",NA,NA,"WV",2024-06-17,NA,NA,NA,NA,NA,NA,NA,NA,NA,NA,NA,NA,NA,NA
"2117",NA,NA,"WV",2024-06-18,NA,NA,NA,NA,NA,NA,NA,NA,NA,NA,NA,NA,NA,NA
"2118",NA,NA,"WV",2024-06-19,NA,NA,NA,NA,NA,NA,NA,NA,NA,NA,NA,NA,NA,NA
"2119",NA,NA,"WV",2024-06-20,NA,NA,NA,NA,NA,NA,NA,NA,NA,NA,NA,NA,NA,NA
"2120",0.678881143079483,0.494762568321171,"WV",2024-06-21,1,0,1,1,1,1,1,0,0,1,1,1,1,1
"2121",NA,NA,"WV",2024-06-22,NA,NA,NA,NA,NA,NA,NA,NA,NA,NA,NA,NA,NA,NA
"2122",NA,NA,"WV",2024-06-23,NA,NA,NA,NA,NA,NA,NA,NA,NA,NA,NA,NA,NA,NA
"2123",NA,NA,"WV",2024-06-24,NA,NA,NA,NA,NA,NA,NA,NA,NA,NA,NA,NA,NA,NA
"2124",NA,NA,"WV",2024-06-25,NA,NA,NA,NA,NA,NA,NA,NA,NA,NA,NA,NA,NA,NA
"2125",0.698212749512474,0.492405719565867,"WV",2024-06-26,1,0,1,1,1,1,1,1,0,1,1,1,1,0
"2126",NA,NA,"WV",2024-06-27,NA,NA,NA,NA,NA,NA,NA,NA,NA,NA,NA,NA,NA,NA
"2127",0.680909775860975,0.492467991941671,"WV",2024-06-28,1,0,1,1,1,1,1,1,1,1,1,1,1,1
"2128",NA,NA,"WV",2024-06-29,NA,NA,NA,NA,NA,NA,NA,NA,NA,NA,NA,NA,NA,NA
"2129",NA,NA,"WV",2024-06-30,NA,NA,NA,NA,NA,NA,NA,NA,NA,NA,NA,NA,NA,NA
"2130",0.204874799315266,0.227815146832984,"WV",2024-07-01,1,1,1,1,1,1,1,0,1,0,1,1,1,1
"2131",NA,NA,"WV",2024-07-02,NA,NA,NA,NA,NA,NA,NA,NA,NA,NA,NA,NA,NA,NA
"2132",NA,NA,"WV",2024-07-03,NA,NA,NA,NA,NA,NA,NA,NA,NA,NA,NA,NA,NA,NA
"2133",NA,NA,"WV",2024-07-04,NA,NA,NA,NA,NA,NA,NA,NA,NA,NA,NA,NA,NA,NA
"2134",NA,NA,"WV",2024-07-05,NA,NA,NA,NA,NA,NA,NA,NA,NA,NA,NA,NA,NA,NA
"2135",NA,NA,"WV",2024-07-06,NA,NA,NA,NA,NA,NA,NA,NA,NA,NA,NA,NA,NA,NA
"2136",NA,NA,"WV",2024-07-07,NA,NA,NA,NA,NA,NA,NA,NA,NA,NA,NA,NA,NA,NA
"2137",0.219017599615358,0.259331137197795,"WV",2024-07-08,1,1,1,1,1,1,1,1,1,1,1,1,1,1
"2138",NA,NA,"WV",2024-07-09,NA,NA,NA,NA,NA,NA,NA,NA,NA,NA,NA,NA,NA,NA
"2139",NA,NA,"WV",2024-07-10,NA,NA,NA,NA,NA,NA,NA,NA,NA,NA,NA,NA,NA,NA
"2140",NA,NA,"WV",2024-07-11,NA,NA,NA,NA,NA,NA,NA,NA,NA,NA,NA,NA,NA,NA
"2141",NA,NA,"WV",2024-07-12,NA,NA,NA,NA,NA,NA,NA,NA,NA,NA,NA,NA,NA,NA
"2142",NA,NA,"WV",2024-07-13,NA,NA,NA,NA,NA,NA,NA,NA,NA,NA,NA,NA,NA,NA
"2143",NA,NA,"WY",2024-06-02,NA,NA,NA,NA,NA,NA,NA,NA,NA,NA,NA,NA,NA,NA
"2144",NA,NA,"WY",2024-06-03,NA,NA,NA,NA,NA,NA,NA,NA,NA,NA,NA,NA,NA,NA
"2145",NA,NA,"WY",2024-06-04,NA,NA,NA,NA,NA,NA,NA,NA,NA,NA,NA,NA,NA,NA
"2146",NA,NA,"WY",2024-06-05,NA,NA,NA,NA,NA,NA,NA,NA,NA,NA,NA,NA,NA,NA
"2147",NA,NA,"WY",2024-06-06,NA,NA,NA,NA,NA,NA,NA,NA,NA,NA,NA,NA,NA,NA
"2148",NA,NA,"WY",2024-06-07,NA,NA,NA,NA,NA,NA,NA,NA,NA,NA,NA,NA,NA,NA
"2149",NA,NA,"WY",2024-06-08,NA,NA,NA,NA,NA,NA,NA,NA,NA,NA,NA,NA,NA,NA
"2150",NA,NA,"WY",2024-06-09,NA,NA,NA,NA,NA,NA,NA,NA,NA,NA,NA,NA,NA,NA
"2151",NA,NA,"WY",2024-06-10,NA,NA,NA,NA,NA,NA,NA,NA,NA,NA,NA,NA,NA,NA
"2152",NA,NA,"WY",2024-06-11,NA,NA,NA,NA,NA,NA,NA,NA,NA,NA,NA,NA,NA,NA
"2153",NA,NA,"WY",2024-06-12,NA,NA,NA,NA,NA,NA,NA,NA,NA,NA,NA,NA,NA,NA
"2154",NA,NA,"WY",2024-06-13,NA,NA,NA,NA,NA,NA,NA,NA,NA,NA,NA,NA,NA,NA
"2155",NA,NA,"WY",2024-06-14,NA,NA,NA,NA,NA,NA,NA,NA,NA,NA,NA,NA,NA,NA
"2156",NA,NA,"WY",2024-06-15,NA,NA,NA,NA,NA,NA,NA,NA,NA,NA,NA,NA,NA,NA
"2157",NA,NA,"WY",2024-06-16,NA,NA,NA,NA,NA,NA,NA,NA,NA,NA,NA,NA,NA,NA
"2158",NA,NA,"WY",2024-06-17,NA,NA,NA,NA,NA,NA,NA,NA,NA,NA,NA,NA,NA,NA
"2159",NA,NA,"WY",2024-06-18,NA,NA,NA,NA,NA,NA,NA,NA,NA,NA,NA,NA,NA,NA
"2160",NA,NA,"WY",2024-06-19,NA,NA,NA,NA,NA,NA,NA,NA,NA,NA,NA,NA,NA,NA
"2161",NA,NA,"WY",2024-06-20,NA,NA,NA,NA,NA,NA,NA,NA,NA,NA,NA,NA,NA,NA
"2162",NA,NA,"WY",2024-06-21,NA,NA,NA,NA,NA,NA,NA,NA,NA,NA,NA,NA,NA,NA
"2163",NA,NA,"WY",2024-06-22,NA,NA,NA,NA,NA,NA,NA,NA,NA,NA,NA,NA,NA,NA
"2164",NA,NA,"WY",2024-06-23,NA,NA,NA,NA,NA,NA,NA,NA,NA,NA,NA,NA,NA,NA
"2165",NA,NA,"WY",2024-06-24,NA,NA,NA,NA,NA,NA,NA,NA,NA,NA,NA,NA,NA,NA
"2166",NA,NA,"WY",2024-06-25,NA,NA,NA,NA,NA,NA,NA,NA,NA,NA,NA,NA,NA,NA
"2167",NA,NA,"WY",2024-06-26,NA,NA,NA,NA,NA,NA,NA,NA,NA,NA,NA,NA,NA,NA
"2168",NA,NA,"WY",2024-06-27,NA,NA,NA,NA,NA,NA,NA,NA,NA,NA,NA,NA,NA,NA
"2169",NA,NA,"WY",2024-06-28,NA,NA,NA,NA,NA,NA,NA,NA,NA,NA,NA,NA,NA,NA
"2170",NA,NA,"WY",2024-06-29,NA,NA,NA,NA,NA,NA,NA,NA,NA,NA,NA,NA,NA,NA
"2171",NA,NA,"WY",2024-06-30,NA,NA,NA,NA,NA,NA,NA,NA,NA,NA,NA,NA,NA,NA
"2172",NA,NA,"WY",2024-07-01,NA,NA,NA,NA,NA,NA,NA,NA,NA,NA,NA,NA,NA,NA
"2173",NA,NA,"WY",2024-07-02,NA,NA,NA,NA,NA,NA,NA,NA,NA,NA,NA,NA,NA,NA
"2174",NA,NA,"WY",2024-07-03,NA,NA,NA,NA,NA,NA,NA,NA,NA,NA,NA,NA,NA,NA
"2175",NA,NA,"WY",2024-07-04,NA,NA,NA,NA,NA,NA,NA,NA,NA,NA,NA,NA,NA,NA
"2176",NA,NA,"WY",2024-07-05,NA,NA,NA,NA,NA,NA,NA,NA,NA,NA,NA,NA,NA,NA
"2177",NA,NA,"WY",2024-07-06,NA,NA,NA,NA,NA,NA,NA,NA,NA,NA,NA,NA,NA,NA
"2178",NA,NA,"WY",2024-07-07,NA,NA,NA,NA,NA,NA,NA,NA,NA,NA,NA,NA,NA,NA
"2179",NA,NA,"WY",2024-07-08,NA,NA,NA,NA,NA,NA,NA,NA,NA,NA,NA,NA,NA,NA
"2180",NA,NA,"WY",2024-07-09,NA,NA,NA,NA,NA,NA,NA,NA,NA,NA,NA,NA,NA,NA
"2181",NA,NA,"WY",2024-07-10,NA,NA,NA,NA,NA,NA,NA,NA,NA,NA,NA,NA,NA,NA
"2182",NA,NA,"WY",2024-07-11,NA,NA,NA,NA,NA,NA,NA,NA,NA,NA,NA,NA,NA,NA
"2183",NA,NA,"WY",2024-07-12,NA,NA,NA,NA,NA,NA,NA,NA,NA,NA,NA,NA,NA,NA
"2184",NA,NA,"WY",2024-07-13,NA,NA,NA,NA,NA,NA,NA,NA,NA,NA,NA,NA,NA,NA
