...1,es_score,brier_score,location,target_date,X23A_50_CI,X23B_50_CI,X23D_50_CI,X23E_50_CI,X23F_50_CI,X23H_50_CI,X23G_50_CI,X24A_50_CI,X23I_50_CI,other_50_CI,X23A_95_CI,X23B_95_CI,X23D_95_CI,X23E_95_CI,X23F_95_CI,X23H_95_CI,X23G_95_CI,X24A_95_CI,X23I_95_CI,other_95_CI
1,NA,NA,AK,2023-10-15,NA,NA,NA,NA,NA,NA,NA,NA,NA,NA,NA,NA,NA,NA,NA,NA,NA,NA,NA,NA
2,NA,NA,AK,2023-10-16,NA,NA,NA,NA,NA,NA,NA,NA,NA,NA,NA,NA,NA,NA,NA,NA,NA,NA,NA,NA
3,0.76233420828811,0.3860612331400195,AK,2023-10-17,1,1,1,1,1,0,1,1,1,1,1,1,0,1,0,1,1,1,1,1
4,NA,NA,AK,2023-10-18,NA,NA,NA,NA,NA,NA,NA,NA,NA,NA,NA,NA,NA,NA,NA,NA,NA,NA,NA,NA
5,0.871360847898972,0.4564194009014245,AK,2023-10-19,1,1,1,1,1,0,1,1,1,1,1,1,1,1,1,0,1,1,1,0
6,NA,NA,AK,2023-10-20,NA,NA,NA,NA,NA,NA,NA,NA,NA,NA,NA,NA,NA,NA,NA,NA,NA,NA,NA,NA
7,NA,NA,AK,2023-10-21,NA,NA,NA,NA,NA,NA,NA,NA,NA,NA,NA,NA,NA,NA,NA,NA,NA,NA,NA,NA
8,NA,NA,AK,2023-10-22,NA,NA,NA,NA,NA,NA,NA,NA,NA,NA,NA,NA,NA,NA,NA,NA,NA,NA,NA,NA
9,NA,NA,AK,2023-10-23,NA,NA,NA,NA,NA,NA,NA,NA,NA,NA,NA,NA,NA,NA,NA,NA,NA,NA,NA,NA
10,0.892706842816024,0.2577535330274795,AK,2023-10-24,1,1,1,1,0,1,1,1,1,1,1,0,1,0,0,1,1,1,1,1
11,NA,NA,AK,2023-10-25,NA,NA,NA,NA,NA,NA,NA,NA,NA,NA,NA,NA,NA,NA,NA,NA,NA,NA,NA,NA
12,NA,NA,AK,2023-10-26,NA,NA,NA,NA,NA,NA,NA,NA,NA,NA,NA,NA,NA,NA,NA,NA,NA,NA,NA,NA
13,NA,NA,AK,2023-10-27,NA,NA,NA,NA,NA,NA,NA,NA,NA,NA,NA,NA,NA,NA,NA,NA,NA,NA,NA,NA
14,NA,NA,AK,2023-10-28,NA,NA,NA,NA,NA,NA,NA,NA,NA,NA,NA,NA,NA,NA,NA,NA,NA,NA,NA,NA
15,NA,NA,AK,2023-10-29,NA,NA,NA,NA,NA,NA,NA,NA,NA,NA,NA,NA,NA,NA,NA,NA,NA,NA,NA,NA
16,NA,NA,AK,2023-10-30,NA,NA,NA,NA,NA,NA,NA,NA,NA,NA,NA,NA,NA,NA,NA,NA,NA,NA,NA,NA
17,NA,NA,AK,2023-10-31,NA,NA,NA,NA,NA,NA,NA,NA,NA,NA,NA,NA,NA,NA,NA,NA,NA,NA,NA,NA
18,NA,NA,AK,2023-11-01,NA,NA,NA,NA,NA,NA,NA,NA,NA,NA,NA,NA,NA,NA,NA,NA,NA,NA,NA,NA
19,NA,NA,AK,2023-11-02,NA,NA,NA,NA,NA,NA,NA,NA,NA,NA,NA,NA,NA,NA,NA,NA,NA,NA,NA,NA
20,NA,NA,AK,2023-11-03,NA,NA,NA,NA,NA,NA,NA,NA,NA,NA,NA,NA,NA,NA,NA,NA,NA,NA,NA,NA
21,NA,NA,AK,2023-11-04,NA,NA,NA,NA,NA,NA,NA,NA,NA,NA,NA,NA,NA,NA,NA,NA,NA,NA,NA,NA
22,NA,NA,AK,2023-11-05,NA,NA,NA,NA,NA,NA,NA,NA,NA,NA,NA,NA,NA,NA,NA,NA,NA,NA,NA,NA
23,NA,NA,AK,2023-11-06,NA,NA,NA,NA,NA,NA,NA,NA,NA,NA,NA,NA,NA,NA,NA,NA,NA,NA,NA,NA
24,NA,NA,AK,2023-11-07,NA,NA,NA,NA,NA,NA,NA,NA,NA,NA,NA,NA,NA,NA,NA,NA,NA,NA,NA,NA
25,NA,NA,AK,2023-11-08,NA,NA,NA,NA,NA,NA,NA,NA,NA,NA,NA,NA,NA,NA,NA,NA,NA,NA,NA,NA
26,NA,NA,AK,2023-11-09,NA,NA,NA,NA,NA,NA,NA,NA,NA,NA,NA,NA,NA,NA,NA,NA,NA,NA,NA,NA
27,NA,NA,AK,2023-11-10,NA,NA,NA,NA,NA,NA,NA,NA,NA,NA,NA,NA,NA,NA,NA,NA,NA,NA,NA,NA
28,NA,NA,AK,2023-11-11,NA,NA,NA,NA,NA,NA,NA,NA,NA,NA,NA,NA,NA,NA,NA,NA,NA,NA,NA,NA
29,NA,NA,AK,2023-11-12,NA,NA,NA,NA,NA,NA,NA,NA,NA,NA,NA,NA,NA,NA,NA,NA,NA,NA,NA,NA
30,NA,NA,AK,2023-11-13,NA,NA,NA,NA,NA,NA,NA,NA,NA,NA,NA,NA,NA,NA,NA,NA,NA,NA,NA,NA
31,NA,NA,AK,2023-11-14,NA,NA,NA,NA,NA,NA,NA,NA,NA,NA,NA,NA,NA,NA,NA,NA,NA,NA,NA,NA
32,NA,NA,AK,2023-11-15,NA,NA,NA,NA,NA,NA,NA,NA,NA,NA,NA,NA,NA,NA,NA,NA,NA,NA,NA,NA
33,NA,NA,AK,2023-11-16,NA,NA,NA,NA,NA,NA,NA,NA,NA,NA,NA,NA,NA,NA,NA,NA,NA,NA,NA,NA
34,NA,NA,AK,2023-11-17,NA,NA,NA,NA,NA,NA,NA,NA,NA,NA,NA,NA,NA,NA,NA,NA,NA,NA,NA,NA
35,NA,NA,AK,2023-11-18,NA,NA,NA,NA,NA,NA,NA,NA,NA,NA,NA,NA,NA,NA,NA,NA,NA,NA,NA,NA
36,NA,NA,AK,2023-11-19,NA,NA,NA,NA,NA,NA,NA,NA,NA,NA,NA,NA,NA,NA,NA,NA,NA,NA,NA,NA
37,NA,NA,AK,2023-11-20,NA,NA,NA,NA,NA,NA,NA,NA,NA,NA,NA,NA,NA,NA,NA,NA,NA,NA,NA,NA
38,NA,NA,AK,2023-11-21,NA,NA,NA,NA,NA,NA,NA,NA,NA,NA,NA,NA,NA,NA,NA,NA,NA,NA,NA,NA
39,NA,NA,AK,2023-11-22,NA,NA,NA,NA,NA,NA,NA,NA,NA,NA,NA,NA,NA,NA,NA,NA,NA,NA,NA,NA
40,0.753672987285561,0.5366842720341,AK,2023-11-23,0,1,1,1,1,1,1,1,1,1,0,1,1,1,1,0,1,1,1,1
41,NA,NA,AK,2023-11-24,NA,NA,NA,NA,NA,NA,NA,NA,NA,NA,NA,NA,NA,NA,NA,NA,NA,NA,NA,NA
42,NA,NA,AK,2023-11-25,NA,NA,NA,NA,NA,NA,NA,NA,NA,NA,NA,NA,NA,NA,NA,NA,NA,NA,NA,NA
43,NA,NA,AL,2023-10-15,NA,NA,NA,NA,NA,NA,NA,NA,NA,NA,NA,NA,NA,NA,NA,NA,NA,NA,NA,NA
44,NA,NA,AL,2023-10-16,NA,NA,NA,NA,NA,NA,NA,NA,NA,NA,NA,NA,NA,NA,NA,NA,NA,NA,NA,NA
45,1.74724948826995,0.28855502456864,AL,2023-10-17,1,1,1,1,0,1,1,1,1,1,1,1,1,1,0,1,1,0,1,1
46,0.990815411712109,0.2870472802744205,AL,2023-10-18,1,1,1,1,0,1,1,1,1,1,0,1,1,1,0,1,1,0,1,1
47,1.4931937438969,0.38927215847702,AL,2023-10-19,1,0,1,1,0,1,1,1,1,1,1,0,0,0,1,1,1,0,1,1
48,2.1095546874469,0.3188966061974065,AL,2023-10-20,1,1,1,1,0,1,1,1,1,1,1,0,0,1,0,1,1,0,1,1
49,0.427654263855376,0.283175830098593,AL,2023-10-21,1,1,1,1,1,1,1,1,1,1,1,1,1,1,0,1,1,0,1,1
50,1.10058890083848,0.3647196122679925,AL,2023-10-22,1,1,0,1,1,1,1,1,1,1,1,0,0,1,0,1,1,0,1,1
51,1.30351035389674,0.319076850260956,AL,2023-10-23,1,1,1,1,0,1,1,1,1,1,1,0,0,1,0,1,1,0,1,1
52,0.782205636697035,0.55414777571375,AL,2023-10-24,1,1,1,0,1,1,1,1,1,1,1,1,1,0,1,1,1,0,1,1
53,1.5499257753628,0.278281143489322,AL,2023-10-25,1,1,1,1,0,1,1,1,1,1,1,1,1,1,0,1,1,0,1,1
54,0.845760592797208,0.438976524672369,AL,2023-10-26,1,1,1,1,1,1,1,1,1,0,1,0,1,1,0,1,1,0,1,0
55,NA,NA,AL,2023-10-27,NA,NA,NA,NA,NA,NA,NA,NA,NA,NA,NA,NA,NA,NA,NA,NA,NA,NA,NA,NA
56,NA,NA,AL,2023-10-28,NA,NA,NA,NA,NA,NA,NA,NA,NA,NA,NA,NA,NA,NA,NA,NA,NA,NA,NA,NA
57,NA,NA,AL,2023-10-29,NA,NA,NA,NA,NA,NA,NA,NA,NA,NA,NA,NA,NA,NA,NA,NA,NA,NA,NA,NA
58,0.780553778697986,0.55431150601529,AL,2023-10-30,1,1,1,0,1,1,1,1,1,1,1,1,1,0,1,1,1,0,1,1
59,0.414056048941958,0.271503837462321,AL,2023-10-31,1,1,1,1,1,1,1,1,1,1,1,1,1,1,1,1,1,1,1,1
60,0.410447852739946,0.270438977567257,AL,2023-11-01,1,1,1,1,1,1,1,1,1,1,1,1,1,1,0,1,1,0,1,1
61,NA,NA,AL,2023-11-02,NA,NA,NA,NA,NA,NA,NA,NA,NA,NA,NA,NA,NA,NA,NA,NA,NA,NA,NA,NA
62,0.41472052835126,0.291254395620969,AL,2023-11-03,1,1,1,1,1,1,1,1,1,1,1,0,1,1,0,1,1,0,1,1
63,NA,NA,AL,2023-11-04,NA,NA,NA,NA,NA,NA,NA,NA,NA,NA,NA,NA,NA,NA,NA,NA,NA,NA,NA,NA
64,NA,NA,AL,2023-11-05,NA,NA,NA,NA,NA,NA,NA,NA,NA,NA,NA,NA,NA,NA,NA,NA,NA,NA,NA,NA
65,0.407940381400552,0.2653852216643775,AL,2023-11-06,1,1,1,1,1,1,1,1,1,1,1,1,1,1,0,1,1,0,1,1
66,NA,NA,AL,2023-11-07,NA,NA,NA,NA,NA,NA,NA,NA,NA,NA,NA,NA,NA,NA,NA,NA,NA,NA,NA,NA
67,NA,NA,AL,2023-11-08,NA,NA,NA,NA,NA,NA,NA,NA,NA,NA,NA,NA,NA,NA,NA,NA,NA,NA,NA,NA
68,0.407651796986536,0.2625670425703275,AL,2023-11-09,1,1,1,1,1,1,1,1,1,1,1,1,1,1,0,1,1,0,1,1
69,NA,NA,AL,2023-11-10,NA,NA,NA,NA,NA,NA,NA,NA,NA,NA,NA,NA,NA,NA,NA,NA,NA,NA,NA,NA
70,NA,NA,AL,2023-11-11,NA,NA,NA,NA,NA,NA,NA,NA,NA,NA,NA,NA,NA,NA,NA,NA,NA,NA,NA,NA
71,NA,NA,AL,2023-11-12,NA,NA,NA,NA,NA,NA,NA,NA,NA,NA,NA,NA,NA,NA,NA,NA,NA,NA,NA,NA
72,0.40153151909843,0.259062595428835,AL,2023-11-13,1,1,1,1,1,1,1,1,1,1,1,1,1,1,0,1,1,0,1,1
73,NA,NA,AL,2023-11-14,NA,NA,NA,NA,NA,NA,NA,NA,NA,NA,NA,NA,NA,NA,NA,NA,NA,NA,NA,NA
74,NA,NA,AL,2023-11-15,NA,NA,NA,NA,NA,NA,NA,NA,NA,NA,NA,NA,NA,NA,NA,NA,NA,NA,NA,NA
75,NA,NA,AL,2023-11-16,NA,NA,NA,NA,NA,NA,NA,NA,NA,NA,NA,NA,NA,NA,NA,NA,NA,NA,NA,NA
76,NA,NA,AL,2023-11-17,NA,NA,NA,NA,NA,NA,NA,NA,NA,NA,NA,NA,NA,NA,NA,NA,NA,NA,NA,NA
77,NA,NA,AL,2023-11-18,NA,NA,NA,NA,NA,NA,NA,NA,NA,NA,NA,NA,NA,NA,NA,NA,NA,NA,NA,NA
78,NA,NA,AL,2023-11-19,NA,NA,NA,NA,NA,NA,NA,NA,NA,NA,NA,NA,NA,NA,NA,NA,NA,NA,NA,NA
79,NA,NA,AL,2023-11-20,NA,NA,NA,NA,NA,NA,NA,NA,NA,NA,NA,NA,NA,NA,NA,NA,NA,NA,NA,NA
80,0.769705728349057,0.55090683266231,AL,2023-11-21,1,1,1,0,1,1,1,1,1,1,1,1,1,0,1,1,1,0,1,1
81,NA,NA,AL,2023-11-22,NA,NA,NA,NA,NA,NA,NA,NA,NA,NA,NA,NA,NA,NA,NA,NA,NA,NA,NA,NA
82,NA,NA,AL,2023-11-23,NA,NA,NA,NA,NA,NA,NA,NA,NA,NA,NA,NA,NA,NA,NA,NA,NA,NA,NA,NA
83,NA,NA,AL,2023-11-24,NA,NA,NA,NA,NA,NA,NA,NA,NA,NA,NA,NA,NA,NA,NA,NA,NA,NA,NA,NA
84,NA,NA,AL,2023-11-25,NA,NA,NA,NA,NA,NA,NA,NA,NA,NA,NA,NA,NA,NA,NA,NA,NA,NA,NA,NA
85,NA,NA,AR,2023-10-15,NA,NA,NA,NA,NA,NA,NA,NA,NA,NA,NA,NA,NA,NA,NA,NA,NA,NA,NA,NA
86,2.1924180238417,0.231645382476447,AR,2023-10-16,1,0,1,1,0,1,1,1,1,1,1,0,1,0,0,1,1,1,0,1
87,0.814042765814493,0.571493330122445,AR,2023-10-17,1,1,0,1,1,1,1,1,1,1,1,1,0,1,0,1,1,1,1,1
88,NA,NA,AR,2023-10-18,NA,NA,NA,NA,NA,NA,NA,NA,NA,NA,NA,NA,NA,NA,NA,NA,NA,NA,NA,NA
89,1.5133373316353,0.1764389027794735,AR,2023-10-19,1,0,1,1,1,1,1,1,1,1,1,0,0,1,0,1,1,1,1,1
90,0.242440808723635,0.175906677248701,AR,2023-10-20,1,1,1,1,1,1,1,1,1,1,1,0,0,1,1,1,1,1,1,1
91,0.243759972992718,0.1754251794189585,AR,2023-10-21,1,1,1,1,1,1,1,1,1,1,1,1,1,1,1,1,1,1,1,1
92,NA,NA,AR,2023-10-22,NA,NA,NA,NA,NA,NA,NA,NA,NA,NA,NA,NA,NA,NA,NA,NA,NA,NA,NA,NA
93,2.46786551867558,0.401214579358397,AR,2023-10-23,1,1,1,1,0,1,0,1,1,1,0,0,0,0,0,1,0,1,1,1
94,0.603937568197868,0.420812514128934,AR,2023-10-24,1,1,1,1,0,1,1,1,1,1,1,1,1,1,0,1,0,1,1,1
95,1.19292726401899,0.562768514101095,AR,2023-10-25,1,1,0,0,1,1,1,1,1,1,1,0,0,0,1,1,1,1,1,1
96,NA,NA,AR,2023-10-26,NA,NA,NA,NA,NA,NA,NA,NA,NA,NA,NA,NA,NA,NA,NA,NA,NA,NA,NA,NA
97,0.425051045335255,0.298188774440752,AR,2023-10-27,1,1,1,1,1,1,1,1,1,1,1,1,1,1,0,1,1,1,0,1
98,NA,NA,AR,2023-10-28,NA,NA,NA,NA,NA,NA,NA,NA,NA,NA,NA,NA,NA,NA,NA,NA,NA,NA,NA,NA
99,NA,NA,AR,2023-10-29,NA,NA,NA,NA,NA,NA,NA,NA,NA,NA,NA,NA,NA,NA,NA,NA,NA,NA,NA,NA
100,0.823975240214196,0.570104495496225,AR,2023-10-30,1,1,0,1,1,1,1,1,1,1,1,0,0,1,1,1,1,1,1,1
101,NA,NA,AR,2023-10-31,NA,NA,NA,NA,NA,NA,NA,NA,NA,NA,NA,NA,NA,NA,NA,NA,NA,NA,NA,NA
102,0.902999358619908,0.63153144968942,AR,2023-11-01,1,1,1,1,1,1,1,0,1,1,1,0,1,1,1,1,1,0,1,1
103,NA,NA,AR,2023-11-02,NA,NA,NA,NA,NA,NA,NA,NA,NA,NA,NA,NA,NA,NA,NA,NA,NA,NA,NA,NA
104,0.824163825592702,0.56782634385618,AR,2023-11-03,1,1,0,1,1,1,1,1,1,1,1,0,0,1,1,1,1,1,1,1
105,NA,NA,AR,2023-11-04,NA,NA,NA,NA,NA,NA,NA,NA,NA,NA,NA,NA,NA,NA,NA,NA,NA,NA,NA,NA
106,NA,NA,AR,2023-11-05,NA,NA,NA,NA,NA,NA,NA,NA,NA,NA,NA,NA,NA,NA,NA,NA,NA,NA,NA,NA
107,2.73958428849794,0.4942258934287955,AR,2023-11-06,1,0,1,1,0,1,1,1,1,0,0,0,1,1,0,1,1,1,1,0
108,0.823186703015836,0.564537102324195,AR,2023-11-07,1,1,0,1,1,1,1,1,1,1,1,1,1,1,1,1,1,1,1,1
109,0.221883814523263,0.177120262840578,AR,2023-11-08,1,1,1,1,1,1,1,1,1,1,1,1,1,1,1,1,1,1,1,1
110,NA,NA,AR,2023-11-09,NA,NA,NA,NA,NA,NA,NA,NA,NA,NA,NA,NA,NA,NA,NA,NA,NA,NA,NA,NA
111,NA,NA,AR,2023-11-10,NA,NA,NA,NA,NA,NA,NA,NA,NA,NA,NA,NA,NA,NA,NA,NA,NA,NA,NA,NA
112,NA,NA,AR,2023-11-11,NA,NA,NA,NA,NA,NA,NA,NA,NA,NA,NA,NA,NA,NA,NA,NA,NA,NA,NA,NA
113,NA,NA,AR,2023-11-12,NA,NA,NA,NA,NA,NA,NA,NA,NA,NA,NA,NA,NA,NA,NA,NA,NA,NA,NA,NA
114,NA,NA,AR,2023-11-13,NA,NA,NA,NA,NA,NA,NA,NA,NA,NA,NA,NA,NA,NA,NA,NA,NA,NA,NA,NA
115,NA,NA,AR,2023-11-14,NA,NA,NA,NA,NA,NA,NA,NA,NA,NA,NA,NA,NA,NA,NA,NA,NA,NA,NA,NA
116,0.636494716018008,0.4214152951177535,AR,2023-11-15,1,1,1,1,0,1,1,1,1,1,1,1,1,0,0,1,1,1,1,1
117,NA,NA,AR,2023-11-16,NA,NA,NA,NA,NA,NA,NA,NA,NA,NA,NA,NA,NA,NA,NA,NA,NA,NA,NA,NA
118,NA,NA,AR,2023-11-17,NA,NA,NA,NA,NA,NA,NA,NA,NA,NA,NA,NA,NA,NA,NA,NA,NA,NA,NA,NA
119,NA,NA,AR,2023-11-18,NA,NA,NA,NA,NA,NA,NA,NA,NA,NA,NA,NA,NA,NA,NA,NA,NA,NA,NA,NA
120,NA,NA,AR,2023-11-19,NA,NA,NA,NA,NA,NA,NA,NA,NA,NA,NA,NA,NA,NA,NA,NA,NA,NA,NA,NA
121,0.64155881679304,0.4173299051345815,AR,2023-11-20,1,1,1,1,0,1,1,1,1,1,1,1,1,0,0,1,1,1,1,1
122,0.855245828808554,0.4048012032923435,AR,2023-11-21,1,1,1,1,1,1,1,0,1,1,1,1,0,0,0,1,1,0,1,1
123,NA,NA,AR,2023-11-22,NA,NA,NA,NA,NA,NA,NA,NA,NA,NA,NA,NA,NA,NA,NA,NA,NA,NA,NA,NA
124,NA,NA,AR,2023-11-23,NA,NA,NA,NA,NA,NA,NA,NA,NA,NA,NA,NA,NA,NA,NA,NA,NA,NA,NA,NA
125,NA,NA,AR,2023-11-24,NA,NA,NA,NA,NA,NA,NA,NA,NA,NA,NA,NA,NA,NA,NA,NA,NA,NA,NA,NA
126,NA,NA,AR,2023-11-25,NA,NA,NA,NA,NA,NA,NA,NA,NA,NA,NA,NA,NA,NA,NA,NA,NA,NA,NA,NA
127,1.71684864066558,0.4068875669434515,AZ,2023-10-15,1,1,1,1,1,1,0,1,1,1,0,0,0,1,0,1,1,1,1,0
128,4.02965661568656,0.3538337498242175,AZ,2023-10-16,0,0,1,1,0,1,1,1,1,1,0,0,0,0,0,0,1,1,1,0
129,5.57198697441139,0.3647028883484895,AZ,2023-10-17,0,0,0,1,0,1,1,1,1,1,0,0,0,0,0,1,0,1,1,0
130,4.6724763025777,0.354125649414823,AZ,2023-10-18,0,0,1,1,0,1,1,1,1,1,0,0,0,0,0,1,1,1,1,0
131,2.1597611434389,0.38137188009708,AZ,2023-10-19,1,0,1,1,0,1,1,1,1,1,0,0,0,1,0,0,1,1,1,0
132,1.83822657615128,0.3373448152979125,AZ,2023-10-20,1,1,1,1,0,1,1,1,1,1,1,1,0,1,0,0,1,1,1,1
133,2.70382811052095,0.341703519133602,AZ,2023-10-21,1,1,0,0,0,1,1,1,1,1,1,1,0,0,0,1,1,1,1,0
134,3.27163092943928,0.348856658576737,AZ,2023-10-22,0,1,0,1,0,1,1,1,1,1,0,0,0,0,0,1,0,1,1,0
135,3.86988346688027,0.3793507783090735,AZ,2023-10-23,0,0,1,0,1,1,1,0,1,1,0,0,1,0,0,0,0,0,1,0
136,3.6529279189119,0.3211127475485675,AZ,2023-10-24,1,1,0,1,0,1,1,1,1,1,1,0,1,0,0,1,1,1,1,0
137,1.67428579725233,0.3409311636004395,AZ,2023-10-25,1,1,1,1,0,1,1,1,1,1,1,0,0,1,0,1,1,1,1,0
138,0.377887282513701,0.2699595454316405,AZ,2023-10-26,1,1,1,1,1,1,1,1,1,1,1,1,1,1,1,1,1,1,1,1
139,1.42840384845578,0.328022826843367,AZ,2023-10-27,1,0,1,1,1,1,1,1,1,1,1,0,0,1,1,1,1,1,1,1
140,2.04916023679373,0.470563392373905,AZ,2023-10-28,1,0,1,1,1,0,0,1,1,1,1,0,1,1,1,0,1,1,1,1
141,3.84837555334922,0.359143481161495,AZ,2023-10-29,1,1,0,1,0,0,1,1,1,1,0,0,0,0,0,0,0,1,1,0
142,5.36975650849842,0.38119657746,AZ,2023-10-30,1,1,0,1,0,0,1,1,1,1,1,1,0,0,0,0,0,1,1,0
143,2.60894885434212,0.367508620926251,AZ,2023-10-31,1,1,1,1,0,1,1,1,1,1,0,0,1,1,0,1,1,1,1,1
144,1.41513217795229,0.332910155047971,AZ,2023-11-01,1,1,1,1,1,1,1,1,1,1,1,0,1,0,0,0,0,1,1,1
145,3.67800072118566,0.379435002852497,AZ,2023-11-02,0,0,0,1,0,1,1,1,1,1,0,0,0,0,0,1,1,1,1,1
146,2.12228869664547,0.4128724299240625,AZ,2023-11-03,0,1,0,1,1,1,1,1,1,1,0,0,0,0,0,1,0,1,1,0
147,0.750236021021881,0.377037297928049,AZ,2023-11-04,1,1,1,1,1,1,1,1,1,1,1,1,1,0,1,1,1,1,1,0
148,3.81088137425918,0.386595653008531,AZ,2023-11-05,0,0,1,1,0,0,1,1,0,1,1,0,0,0,0,1,0,1,0,1
149,7.67025497017103,0.373026598122979,AZ,2023-11-06,1,1,0,1,0,0,1,1,1,0,1,1,0,0,0,0,0,1,1,0
150,3.85707928147574,0.3500837926575005,AZ,2023-11-07,1,1,0,1,0,1,1,0,1,1,1,0,0,0,0,0,0,0,1,1
151,3.11110046883435,0.3900165445377875,AZ,2023-11-08,1,0,1,0,1,1,1,1,1,0,0,1,0,0,1,1,0,1,1,0
152,2.20960909508982,0.3964572027682385,AZ,2023-11-09,1,1,1,1,1,0,1,0,1,1,1,0,0,0,0,1,1,0,1,0
153,1.16805716294409,0.3603036256795955,AZ,2023-11-10,1,1,1,1,1,1,1,1,1,1,0,0,0,0,0,1,1,1,1,0
154,1.46071453413659,0.3581629465342585,AZ,2023-11-11,1,1,1,1,1,0,1,1,1,1,1,0,0,0,0,0,1,1,1,1
155,6.97022999116821,0.3514798159523215,AZ,2023-11-12,0,1,0,0,0,1,1,1,1,1,0,0,0,0,0,1,0,1,1,0
156,8.6775856244641,0.356016831887424,AZ,2023-11-13,1,0,0,0,0,0,1,1,1,0,1,0,0,0,0,0,0,1,1,0
157,3.34578182431821,0.390668341264245,AZ,2023-11-14,0,0,1,1,1,1,1,0,1,1,0,1,0,0,0,0,1,0,1,1
158,4.50277154820104,0.3633424265139185,AZ,2023-11-15,1,0,1,1,0,0,1,0,1,1,0,0,0,0,0,0,1,0,1,1
159,2.04387342754012,0.285689855431148,AZ,2023-11-16,1,1,1,1,0,1,1,1,1,1,0,1,0,1,0,0,1,1,1,1
160,0.526115644642999,0.3510746726559085,AZ,2023-11-17,1,0,1,1,1,1,1,1,1,1,1,1,1,1,1,1,1,1,1,1
161,0.822029034253091,0.350878792812353,AZ,2023-11-18,1,0,1,1,1,1,1,1,1,1,0,0,1,1,1,1,1,1,1,1
162,2.09267513710922,0.3908352286705605,AZ,2023-11-19,1,1,1,1,1,0,1,1,1,1,0,1,1,0,0,0,1,1,1,0
163,7.12344549252606,0.3896101290989405,AZ,2023-11-20,1,0,0,1,0,0,1,0,1,1,1,0,0,0,0,1,1,0,1,1
164,3.03007818868435,0.389470532499032,AZ,2023-11-21,0,1,1,1,1,1,1,1,1,1,0,1,0,1,0,0,0,0,1,1
165,1.48270804988167,0.381559824268554,AZ,2023-11-22,1,1,0,1,1,0,1,1,1,1,1,1,0,1,0,0,0,1,1,1
166,1.13409968493196,0.4883015783229085,AZ,2023-11-23,1,1,1,1,1,0,1,0,1,1,1,1,0,1,0,0,1,0,1,1
167,2.06757848931967,0.318019438250268,AZ,2023-11-24,1,0,1,1,1,1,1,1,1,1,0,0,0,1,0,1,1,1,1,1
168,2.33340122277581,0.4092970075723855,AZ,2023-11-25,1,1,0,0,1,1,0,0,1,1,0,0,0,0,1,1,1,0,1,0
169,1.78674332773972,0.413448074733962,CA,2023-10-15,1,0,1,1,1,1,1,1,1,0,1,0,0,1,0,1,1,1,1,0
170,3.57595988243082,0.352157243287587,CA,2023-10-16,1,0,1,1,1,1,1,1,1,0,0,0,1,0,0,1,0,1,1,0
171,1.8368812147157,0.3509669001240745,CA,2023-10-17,1,1,1,1,1,1,1,1,0,1,0,1,1,0,0,0,1,1,0,1
172,4.87912872247666,0.4033613651073385,CA,2023-10-18,0,0,1,1,1,1,1,1,1,0,0,0,0,1,0,1,0,1,1,0
173,2.1547694856759,0.379130857481527,CA,2023-10-19,1,0,1,0,1,1,1,1,1,0,1,0,0,0,0,1,0,1,1,1
174,1.42144647386969,0.38854027297721,CA,2023-10-20,1,1,1,1,1,1,1,1,0,1,0,1,0,0,0,1,1,1,0,1
175,0.632581346685044,0.443871777982751,CA,2023-10-21,1,0,1,1,1,1,1,1,1,1,1,0,0,1,1,1,1,1,1,1
176,0.66169591669916,0.3788807290219885,CA,2023-10-22,1,1,1,1,1,1,1,1,1,1,1,1,0,1,1,1,1,1,1,0
177,2.074000868935,0.34604617983051,CA,2023-10-23,0,1,1,1,1,1,1,1,1,1,0,0,0,1,0,0,1,0,1,0
178,1.55796792503548,0.3299794086983115,CA,2023-10-24,1,1,1,1,1,1,1,1,0,1,0,0,0,0,1,0,0,1,0,0
179,2.19636649502823,0.419540143263756,CA,2023-10-25,0,1,1,1,0,1,1,1,1,0,0,0,0,0,0,0,0,1,1,0
180,3.3518821377774,0.3624159604535855,CA,2023-10-26,0,1,1,1,1,1,1,1,1,0,0,0,0,0,0,0,0,1,1,0
181,2.05769191057797,0.4123310113521315,CA,2023-10-27,1,1,1,1,1,0,0,1,1,1,0,0,0,0,0,0,0,1,1,1
182,1.40416269585163,0.393589172468363,CA,2023-10-28,0,1,1,1,1,1,1,1,1,1,0,0,0,1,1,1,0,1,1,0
183,1.43989910905025,0.169228013410358,CA,2023-10-29,1,1,1,1,0,1,1,1,1,1,1,0,1,1,0,0,1,1,1,1
184,3.21251092746647,0.43653145944809,CA,2023-10-30,0,1,0,0,0,1,1,1,1,0,0,0,0,0,0,0,1,0,1,0
185,1.3522626938379,0.3383941074732395,CA,2023-10-31,1,1,1,1,1,0,1,1,1,1,1,1,0,1,0,1,1,1,1,1
186,2.14391197675847,0.470202122172195,CA,2023-11-01,0,1,1,0,1,0,1,0,1,1,0,1,0,0,0,0,1,0,1,1
187,1.29940471437218,0.3120439978378785,CA,2023-11-02,1,1,1,1,1,1,1,1,1,1,0,1,0,0,0,1,0,1,1,1
188,2.22587692055389,0.2667677561449315,CA,2023-11-03,1,1,1,1,0,1,1,1,1,1,0,0,0,0,0,1,0,0,1,1
189,1.70851387847865,0.60071272289677,CA,2023-11-04,1,1,1,1,1,1,1,1,1,0,1,0,1,1,0,1,1,1,1,0
190,1.15529847140319,0.4197781719231455,CA,2023-11-05,1,1,1,0,1,1,1,1,1,0,1,0,0,0,0,1,0,1,1,0
191,2.75155465826333,0.321302176986904,CA,2023-11-06,1,1,1,1,1,0,1,1,1,0,0,0,0,1,0,0,0,0,1,0
192,2.67671214126726,0.3751203690093155,CA,2023-11-07,1,1,1,1,1,0,1,1,0,1,1,0,1,1,0,0,0,0,0,0
193,3.05774640464459,0.416406884042694,CA,2023-11-08,1,1,1,1,0,1,1,0,1,1,0,0,0,0,0,0,1,0,1,1
194,3.86582444233633,0.375548023148531,CA,2023-11-09,0,1,0,1,1,0,1,0,1,1,0,0,0,0,0,0,1,0,1,0
195,2.31964376930185,0.3197439510205485,CA,2023-11-10,0,1,1,1,1,0,1,1,1,1,0,0,1,1,0,0,0,0,1,1
196,1.27754449752119,0.254318595425227,CA,2023-11-11,1,1,1,0,0,1,1,1,1,1,1,1,0,1,0,0,1,1,1,1
197,1.3237752834823,0.252739191689898,CA,2023-11-12,1,1,1,1,0,1,1,1,1,1,0,1,1,1,0,0,1,1,1,1
198,4.06449355978646,0.375935588591655,CA,2023-11-13,1,0,0,1,1,0,1,1,0,0,0,0,0,0,0,0,0,1,0,0
199,3.0543547113888,0.318544578330805,CA,2023-11-14,0,1,1,1,1,0,1,1,0,1,0,0,0,0,0,0,0,1,0,1
200,2.73778371266926,0.3273075731908395,CA,2023-11-15,1,1,0,1,1,0,0,1,1,1,0,0,1,0,0,0,1,0,1,1
201,2.1284618992438,0.3537482346551505,CA,2023-11-16,1,1,1,1,1,0,1,1,1,1,0,0,0,1,0,0,0,1,1,1
202,1.83544528163594,0.383141050078617,CA,2023-11-17,1,0,1,1,1,1,1,1,0,1,0,0,0,0,0,0,1,0,0,1
203,1.42996026563893,0.349846035392751,CA,2023-11-18,1,1,1,1,1,1,1,0,1,1,0,0,1,0,0,1,1,0,1,1
204,0.602280500407757,0.338929093180266,CA,2023-11-19,1,1,0,1,1,1,1,1,1,1,0,1,0,1,0,1,1,1,1,1
205,2.55592512783758,0.3056898866711055,CA,2023-11-20,1,1,1,1,1,1,1,0,1,1,1,0,1,0,0,0,1,0,1,1
206,1.95446963702753,0.3462927144425945,CA,2023-11-21,1,1,1,1,1,1,1,0,1,1,1,1,0,1,0,0,1,0,1,0
207,2.32449610535301,0.3247779497998045,CA,2023-11-22,1,1,0,1,1,0,1,1,1,1,1,0,0,0,0,0,1,0,1,1
208,0.939776413396652,0.4299493583422175,CA,2023-11-23,1,1,1,0,1,1,1,1,1,1,1,0,1,0,1,0,0,1,1,1
209,1.94488417394168,0.353627396048572,CA,2023-11-24,1,1,1,1,1,0,1,1,1,1,0,0,1,1,0,0,0,0,1,0
210,2.31315604048844,0.332287067467822,CA,2023-11-25,1,1,1,1,1,0,1,1,1,1,1,0,1,1,0,0,1,0,1,0
211,NA,NA,CO,2023-10-15,NA,NA,NA,NA,NA,NA,NA,NA,NA,NA,NA,NA,NA,NA,NA,NA,NA,NA,NA,NA
212,1.42844587410511,0.319807992810538,CO,2023-10-16,1,0,1,1,1,1,1,1,1,1,1,0,0,0,1,1,1,1,1,0
213,1.58879147788575,0.4125706282201705,CO,2023-10-17,0,1,1,1,1,1,0,1,1,1,0,1,0,0,1,1,0,1,1,1
214,0.699857476768131,0.3833014950925955,CO,2023-10-18,1,1,1,1,1,1,1,1,1,1,1,1,0,1,0,1,1,1,1,1
215,0.928546439954674,0.309305702936146,CO,2023-10-19,1,1,1,1,1,1,1,1,1,1,1,0,0,1,0,0,1,1,1,1
216,0.83369209073086,0.423852406793754,CO,2023-10-20,0,1,1,1,1,1,1,1,1,1,0,1,0,1,0,1,1,1,1,0
217,NA,NA,CO,2023-10-21,NA,NA,NA,NA,NA,NA,NA,NA,NA,NA,NA,NA,NA,NA,NA,NA,NA,NA,NA,NA
218,NA,NA,CO,2023-10-22,NA,NA,NA,NA,NA,NA,NA,NA,NA,NA,NA,NA,NA,NA,NA,NA,NA,NA,NA,NA
219,1.86579285373243,0.3496969160571235,CO,2023-10-23,1,1,1,1,0,0,1,1,1,1,0,0,0,1,0,1,1,1,1,1
220,1.25961776747833,0.418168970586097,CO,2023-10-24,1,1,1,0,1,0,1,1,1,1,1,1,0,1,1,0,1,1,1,1
221,2.08685319285404,0.288519990866707,CO,2023-10-25,1,1,1,1,0,1,1,1,1,1,0,1,1,1,0,1,1,1,1,0
222,0.950783096968173,0.288540360034585,CO,2023-10-26,1,1,1,1,0,1,1,1,1,1,1,0,1,1,0,1,1,1,1,1
223,1.74284959164713,0.3971054532454545,CO,2023-10-27,1,0,1,0,0,1,1,1,1,1,0,0,0,0,1,1,1,1,1,0
224,NA,NA,CO,2023-10-28,NA,NA,NA,NA,NA,NA,NA,NA,NA,NA,NA,NA,NA,NA,NA,NA,NA,NA,NA,NA
225,NA,NA,CO,2023-10-29,NA,NA,NA,NA,NA,NA,NA,NA,NA,NA,NA,NA,NA,NA,NA,NA,NA,NA,NA,NA
226,1.90757344085409,0.316282369040714,CO,2023-10-30,1,1,1,1,0,1,1,1,1,1,1,0,1,1,0,1,1,1,1,1
227,1.58747580049911,0.4254390286855975,CO,2023-10-31,0,1,1,1,1,1,1,1,1,1,0,0,1,1,1,1,1,1,1,1
228,1.59835236569767,0.368069027448601,CO,2023-11-01,1,1,1,1,0,1,1,0,1,1,1,0,0,1,0,1,1,0,1,1
229,NA,NA,CO,2023-11-02,NA,NA,NA,NA,NA,NA,NA,NA,NA,NA,NA,NA,NA,NA,NA,NA,NA,NA,NA,NA
230,0.940383933089057,0.3680775203366365,CO,2023-11-03,1,1,1,1,1,1,1,1,1,0,1,1,1,0,0,1,1,1,1,1
231,NA,NA,CO,2023-11-04,NA,NA,NA,NA,NA,NA,NA,NA,NA,NA,NA,NA,NA,NA,NA,NA,NA,NA,NA,NA
232,NA,NA,CO,2023-11-05,NA,NA,NA,NA,NA,NA,NA,NA,NA,NA,NA,NA,NA,NA,NA,NA,NA,NA,NA,NA
233,1.05999234547774,0.3739300451936105,CO,2023-11-06,1,1,1,1,1,1,0,1,1,1,0,0,0,1,0,1,0,1,1,0
234,0.76827135609433606,0.3907388443440485,CO,2023-11-07,1,1,1,0,1,1,1,1,1,1,1,0,1,0,1,1,1,1,1,1
235,1.21264630802017,0.3071060158030585,CO,2023-11-08,1,1,1,1,0,1,1,1,1,1,0,0,1,1,0,0,1,1,1,1
236,0.974863902418018,0.389697389578812,CO,2023-11-09,0,1,1,1,1,1,1,1,1,1,0,1,0,1,0,1,0,1,1,1
237,1.05927448894508,0.3684173911921255,CO,2023-11-10,1,1,1,1,1,1,1,0,1,1,1,1,1,0,0,1,0,0,1,0
238,0.60780045032681,0.4394314137054035,CO,2023-11-11,1,1,0,1,1,1,1,1,1,1,1,0,0,1,1,1,1,1,1,1
239,NA,NA,CO,2023-11-12,NA,NA,NA,NA,NA,NA,NA,NA,NA,NA,NA,NA,NA,NA,NA,NA,NA,NA,NA,NA
240,2.05292321058795,0.395720690633339,CO,2023-11-13,1,1,1,1,1,1,0,1,1,1,0,0,0,0,0,1,0,1,1,1
241,2.49036211334079,0.3909212235897585,CO,2023-11-14,1,0,1,1,0,1,1,0,1,1,0,0,1,1,0,1,1,0,1,1
242,1.4679101773522,0.34842278307809,CO,2023-11-15,1,1,0,1,0,1,1,1,1,1,0,0,0,1,0,1,1,1,1,1
243,0.810761850950409,0.4157625153233775,CO,2023-11-16,0,1,1,1,1,1,1,1,1,1,0,0,0,1,0,1,1,1,1,1
244,0.392815155262928,0.2882266076512275,CO,2023-11-17,1,1,1,1,1,1,1,1,1,1,1,1,1,1,0,1,0,1,1,1
245,0.558716634467584,0.3560711314049105,CO,2023-11-18,1,1,1,1,1,1,1,1,1,1,0,0,1,1,1,1,1,1,1,1
246,0.398280906842915,0.2880768395189895,CO,2023-11-19,1,1,1,1,1,1,1,1,1,1,1,1,0,1,0,1,1,1,1,1
247,2.01517001995643,0.38579814614466,CO,2023-11-20,1,1,1,1,0,0,1,0,1,1,1,1,0,1,0,0,1,0,1,1
248,1.42328258830762,0.3680187006066035,CO,2023-11-21,1,1,0,1,1,1,1,1,1,1,0,1,0,1,0,1,0,1,1,1
249,NA,NA,CO,2023-11-22,NA,NA,NA,NA,NA,NA,NA,NA,NA,NA,NA,NA,NA,NA,NA,NA,NA,NA,NA,NA
250,NA,NA,CO,2023-11-23,NA,NA,NA,NA,NA,NA,NA,NA,NA,NA,NA,NA,NA,NA,NA,NA,NA,NA,NA,NA
251,0.777946138665353,0.592795338740955,CO,2023-11-24,1,1,1,1,1,1,1,0,1,1,1,1,1,1,1,1,0,0,1,1
252,0.610779329081114,0.3607866873323125,CO,2023-11-25,1,1,1,1,1,1,1,1,1,1,1,0,0,1,1,1,1,1,1,1
253,0.824085280276181,0.59722626806624,CT,2023-10-15,1,1,1,1,1,0,1,1,1,1,1,1,0,1,1,0,1,1,1,1
254,0.918157163196104,0.4966310034215205,CT,2023-10-16,1,0,1,1,1,1,1,1,1,1,1,0,0,1,1,1,1,1,1,1
255,1.32403300232349,0.298423257893808,CT,2023-10-17,1,1,1,1,0,1,0,1,1,1,1,0,0,1,0,0,0,1,1,1
256,0.66447351349144,0.3884004319555765,CT,2023-10-18,1,1,1,1,1,1,1,1,1,1,1,0,0,0,0,1,1,1,1,1
257,0.977999477232135,0.4411121401298385,CT,2023-10-19,0,1,1,1,1,1,1,1,1,1,0,0,1,0,1,1,1,1,1,0
258,1.07137715154433,0.3224127289863555,CT,2023-10-20,1,1,1,1,1,1,1,1,1,0,1,0,0,1,0,1,1,1,1,0
259,1.15451158875511,0.1636000037763475,CT,2023-10-21,1,1,1,1,0,1,1,1,1,1,1,0,1,1,0,1,1,1,1,0
260,0.743704909872265,0.379872942212946,CT,2023-10-22,1,1,1,1,1,0,1,1,1,1,1,1,1,1,1,0,1,0,1,1
261,2.10271395526169,0.1624566506340635,CT,2023-10-23,1,1,1,1,0,1,1,1,1,1,1,1,1,0,0,1,1,1,1,1
262,0.747872319971384,0.3792014065407515,CT,2023-10-24,1,1,1,1,1,0,1,1,1,1,1,1,1,1,0,0,1,1,1,1
263,1.05993746782234,0.314002722204939,CT,2023-10-25,1,1,1,1,1,1,0,1,1,1,1,0,0,1,1,0,0,1,1,1
264,1.55743980035111,0.464309750822533,CT,2023-10-26,0,1,0,1,1,0,1,1,1,1,0,1,0,1,0,0,1,1,1,1
265,0.650448803821697,0.4844119513731035,CT,2023-10-27,1,1,0,1,1,1,1,1,1,1,1,1,0,0,1,1,1,1,1,1
266,1.34195147173008,0.394892406059131,CT,2023-10-28,0,1,1,1,1,0,0,1,1,1,0,0,1,1,0,0,0,1,1,1
267,0.72879840285773,0.1608203137492035,CT,2023-10-29,1,1,1,1,0,1,1,1,1,1,1,1,0,1,0,1,1,1,1,1
268,1.16869278434816,0.4543099988287815,CT,2023-10-30,0,1,1,0,1,1,1,1,1,1,0,0,0,0,0,1,1,1,1,1
269,1.20838422319229,0.16085468665633,CT,2023-10-31,1,1,1,1,0,1,1,1,1,1,1,1,0,1,0,1,1,1,1,1
270,0.626738112704183,0.351702684913132,CT,2023-11-01,1,0,1,1,1,1,1,1,1,1,1,0,1,1,0,1,1,1,1,1
271,0.782358636416643,0.3821216881897575,CT,2023-11-02,1,1,1,1,1,1,1,1,1,1,0,1,0,1,1,1,1,0,1,0
272,0.774828847846154,0.3988268520208615,CT,2023-11-03,1,1,1,1,1,1,1,1,1,1,1,1,0,1,1,1,0,1,1,1
273,0.312582789310508,0.161809274567081,CT,2023-11-04,1,1,1,1,1,1,1,1,1,1,1,1,1,0,0,1,1,1,1,1
274,0.315072059733923,0.1622315984277435,CT,2023-11-05,1,1,1,1,1,1,1,1,1,1,1,1,1,1,1,1,1,1,1,1
275,1.32107514977645,0.4575461457196285,CT,2023-11-06,1,0,1,1,1,1,1,1,1,1,1,0,0,1,0,1,1,0,1,1
276,1.87837068187783,0.309682375544661,CT,2023-11-07,0,1,1,1,0,1,1,1,1,1,0,0,0,1,1,1,0,0,1,1
277,1.07318431571124,0.544182538429185,CT,2023-11-08,1,1,0,1,1,1,1,1,1,0,1,0,0,1,0,1,1,1,1,0
278,0.805497862072464,0.402960647910082,CT,2023-11-09,1,1,1,1,1,1,1,1,1,1,1,0,0,1,0,1,1,1,1,1
279,NA,NA,CT,2023-11-10,NA,NA,NA,NA,NA,NA,NA,NA,NA,NA,NA,NA,NA,NA,NA,NA,NA,NA,NA,NA
280,NA,NA,CT,2023-11-11,NA,NA,NA,NA,NA,NA,NA,NA,NA,NA,NA,NA,NA,NA,NA,NA,NA,NA,NA,NA
281,0.559919363425202,0.3405031610695585,CT,2023-11-12,1,1,1,1,1,1,1,1,1,1,1,1,1,1,0,1,1,0,1,1
282,2.30944889556428,0.304720103485255,CT,2023-11-13,1,1,1,1,0,1,1,1,1,1,1,0,1,1,0,1,1,0,1,0
283,2.47416818177249,0.223261676070842,CT,2023-11-14,1,1,1,1,0,1,1,1,1,1,0,0,0,1,0,1,1,0,1,0
284,0.849921594100722,0.2799534006693905,CT,2023-11-15,1,1,1,1,1,1,1,1,1,1,1,1,0,1,1,1,1,0,1,1
285,NA,NA,CT,2023-11-16,NA,NA,NA,NA,NA,NA,NA,NA,NA,NA,NA,NA,NA,NA,NA,NA,NA,NA,NA,NA
286,NA,NA,CT,2023-11-17,NA,NA,NA,NA,NA,NA,NA,NA,NA,NA,NA,NA,NA,NA,NA,NA,NA,NA,NA,NA
287,0.35812149841782,0.1725061850344095,CT,2023-11-18,1,1,1,1,1,1,1,1,1,1,1,1,1,1,1,1,1,1,1,1
288,NA,NA,CT,2023-11-19,NA,NA,NA,NA,NA,NA,NA,NA,NA,NA,NA,NA,NA,NA,NA,NA,NA,NA,NA,NA
289,0.842475959704039,0.1745266060789835,CT,2023-11-20,1,1,1,1,0,1,1,1,1,1,1,1,1,1,1,1,1,1,1,1
290,1.79942570715231,0.255713235548693,CT,2023-11-21,1,1,1,1,0,0,1,1,1,1,1,1,1,1,0,0,0,0,1,1
291,0.369520469851678,0.1766282717757965,CT,2023-11-22,1,1,1,1,1,1,1,1,1,1,1,1,1,1,1,1,1,1,1,1
292,1.34417898303462,0.177715659319781,CT,2023-11-23,1,1,1,1,0,1,1,1,1,1,1,1,1,1,0,1,1,0,1,1
293,1.04018911641857,0.3539297237869825,CT,2023-11-24,0,1,1,1,1,1,1,1,1,1,0,1,1,1,1,1,1,0,1,1
294,NA,NA,CT,2023-11-25,NA,NA,NA,NA,NA,NA,NA,NA,NA,NA,NA,NA,NA,NA,NA,NA,NA,NA,NA,NA
295,0.628980071938652,0.195656709271622,DC,2023-10-15,1,1,1,1,0,1,1,1,1,1,1,0,1,1,0,1,1,1,1,1
296,0.862177348751666,0.59275621088116,DC,2023-10-16,0,1,1,1,1,1,1,1,1,1,1,1,1,1,1,1,1,1,1,1
297,0.240216604365785,0.1945446523760445,DC,2023-10-17,1,1,1,1,1,1,1,1,1,1,1,1,0,1,0,1,1,1,1,1
298,0.860245801732872,0.5935303680626,DC,2023-10-18,0,1,1,1,1,1,1,1,1,1,0,1,1,1,0,1,1,1,1,1
299,0.618520464518082,0.193633427819749,DC,2023-10-19,1,1,1,1,0,1,1,1,1,1,1,1,1,1,0,1,1,1,1,0
300,0.231210977235242,0.1932496131390875,DC,2023-10-20,1,1,1,1,1,1,1,1,1,1,1,1,1,1,1,1,1,1,1,1
301,0.86151863637442,0.611877560657565,DC,2023-10-21,1,1,1,1,1,1,0,1,1,1,1,1,1,1,0,1,0,1,1,1
302,0.519334221172365,0.3158273852732005,DC,2023-10-22,1,1,1,1,1,1,1,1,1,1,1,1,1,1,1,1,1,1,1,1
303,NA,NA,DC,2023-10-23,NA,NA,NA,NA,NA,NA,NA,NA,NA,NA,NA,NA,NA,NA,NA,NA,NA,NA,NA,NA
304,NA,NA,DC,2023-10-24,NA,NA,NA,NA,NA,NA,NA,NA,NA,NA,NA,NA,NA,NA,NA,NA,NA,NA,NA,NA
305,NA,NA,DC,2023-10-25,NA,NA,NA,NA,NA,NA,NA,NA,NA,NA,NA,NA,NA,NA,NA,NA,NA,NA,NA,NA
306,0.597431638974967,0.1918197978619595,DC,2023-10-26,1,1,1,1,0,1,1,1,1,1,1,0,1,1,0,1,1,1,1,1
307,0.230747228336012,0.1917040083982465,DC,2023-10-27,1,1,1,1,1,1,1,1,1,1,1,1,1,1,1,1,1,1,1,1
308,0.231119520060992,0.1916164948789215,DC,2023-10-28,1,1,1,1,1,1,1,1,1,1,1,1,1,1,1,1,1,1,1,1
309,NA,NA,DC,2023-10-29,NA,NA,NA,NA,NA,NA,NA,NA,NA,NA,NA,NA,NA,NA,NA,NA,NA,NA,NA,NA
310,NA,NA,DC,2023-10-30,NA,NA,NA,NA,NA,NA,NA,NA,NA,NA,NA,NA,NA,NA,NA,NA,NA,NA,NA,NA
311,0.786655750411676,0.40482475601877,DC,2023-10-31,1,1,1,1,1,0,1,1,1,1,1,0,1,1,1,0,1,1,1,1
312,NA,NA,DC,2023-11-01,NA,NA,NA,NA,NA,NA,NA,NA,NA,NA,NA,NA,NA,NA,NA,NA,NA,NA,NA,NA
313,0.703351492503844,0.468111634826586,DC,2023-11-02,1,0,1,1,1,1,1,1,1,1,1,0,1,1,1,0,1,1,1,1
314,0.618861124935401,0.3238993155358435,DC,2023-11-03,1,1,1,1,1,1,1,1,1,1,1,0,1,1,0,1,1,1,1,1
315,0.225216776491277,0.191626904862485,DC,2023-11-04,1,1,1,1,1,1,1,1,1,1,1,1,1,0,0,1,1,1,1,1
316,NA,NA,DC,2023-11-05,NA,NA,NA,NA,NA,NA,NA,NA,NA,NA,NA,NA,NA,NA,NA,NA,NA,NA,NA,NA
317,1.13145661119611,0.518915360894225,DC,2023-11-06,1,1,1,1,1,1,1,1,1,0,1,1,1,1,0,1,1,1,1,0
318,NA,NA,DC,2023-11-07,NA,NA,NA,NA,NA,NA,NA,NA,NA,NA,NA,NA,NA,NA,NA,NA,NA,NA,NA,NA
319,0.229491138002992,0.1920215388627305,DC,2023-11-08,1,1,1,1,1,1,1,1,1,1,1,1,1,1,1,1,1,1,1,1
320,0.887570073048082,0.3797151507658545,DC,2023-11-09,1,1,1,1,1,1,1,0,1,1,1,0,1,1,1,1,1,0,1,1
321,0.61368626736179,0.192322975593152,DC,2023-11-10,1,1,1,1,0,1,1,1,1,1,1,0,0,1,0,1,1,1,1,1
322,0.544035491356656,0.3269497878140895,DC,2023-11-11,1,1,1,1,1,1,1,1,1,1,1,1,1,1,1,1,1,1,1,1
323,0.707408446956386,0.4503809598115935,DC,2023-11-12,1,1,0,1,1,1,1,1,1,1,1,1,0,1,0,1,1,1,1,1
324,0.701769761515548,0.3677989513087295,DC,2023-11-13,1,1,1,1,1,1,1,1,1,1,1,0,0,1,1,1,1,1,1,1
325,0.612544036882991,0.19318297448309,DC,2023-11-14,1,1,1,1,0,1,1,1,1,1,1,1,1,1,0,1,1,1,1,0
326,NA,NA,DC,2023-11-15,NA,NA,NA,NA,NA,NA,NA,NA,NA,NA,NA,NA,NA,NA,NA,NA,NA,NA,NA,NA
327,NA,NA,DC,2023-11-16,NA,NA,NA,NA,NA,NA,NA,NA,NA,NA,NA,NA,NA,NA,NA,NA,NA,NA,NA,NA
328,NA,NA,DC,2023-11-17,NA,NA,NA,NA,NA,NA,NA,NA,NA,NA,NA,NA,NA,NA,NA,NA,NA,NA,NA,NA
329,0.671081161379979,0.453427130635184,DC,2023-11-18,1,0,1,1,1,1,1,1,1,1,1,1,1,1,1,1,1,1,1,1
330,NA,NA,DC,2023-11-19,NA,NA,NA,NA,NA,NA,NA,NA,NA,NA,NA,NA,NA,NA,NA,NA,NA,NA,NA,NA
331,0.759036507283529,0.392283919538382,DC,2023-11-20,1,1,1,1,1,1,1,1,1,0,1,0,1,1,0,1,1,1,1,1
332,NA,NA,DC,2023-11-21,NA,NA,NA,NA,NA,NA,NA,NA,NA,NA,NA,NA,NA,NA,NA,NA,NA,NA,NA,NA
333,0.835890357277183,0.58897708079831,DC,2023-11-22,0,1,1,1,1,1,1,1,1,1,0,1,1,1,0,1,1,1,1,1
334,0.262128443534385,0.1970694769888085,DC,2023-11-23,1,1,1,1,1,1,1,1,1,1,1,1,1,1,1,1,1,1,1,1
335,0.833403717316497,0.58775095556145,DC,2023-11-24,1,1,1,1,1,1,1,1,1,0,1,0,1,1,1,1,1,1,1,0
336,0.666856404445535,0.19848048171917201,DC,2023-11-25,1,1,1,1,0,1,1,1,1,1,1,0,1,1,0,1,1,1,1,1
337,NA,NA,DE,2023-10-15,NA,NA,NA,NA,NA,NA,NA,NA,NA,NA,NA,NA,NA,NA,NA,NA,NA,NA,NA,NA
338,0.875657109290603,0.621396051071585,DE,2023-10-16,1,1,1,1,1,1,1,1,0,1,1,1,1,1,0,1,1,1,0,1
339,1.29158394070653,0.4421693214135995,DE,2023-10-17,1,0,1,1,1,1,1,1,1,1,1,0,1,1,0,1,1,1,1,1
340,0.808152808358552,0.305319497740363,DE,2023-10-18,1,1,1,1,1,1,1,1,1,1,1,1,0,1,1,1,1,1,1,0
341,NA,NA,DE,2023-10-19,NA,NA,NA,NA,NA,NA,NA,NA,NA,NA,NA,NA,NA,NA,NA,NA,NA,NA,NA,NA
342,NA,NA,DE,2023-10-20,NA,NA,NA,NA,NA,NA,NA,NA,NA,NA,NA,NA,NA,NA,NA,NA,NA,NA,NA,NA
343,NA,NA,DE,2023-10-21,NA,NA,NA,NA,NA,NA,NA,NA,NA,NA,NA,NA,NA,NA,NA,NA,NA,NA,NA,NA
344,NA,NA,DE,2023-10-22,NA,NA,NA,NA,NA,NA,NA,NA,NA,NA,NA,NA,NA,NA,NA,NA,NA,NA,NA,NA
345,1.01291607536337,0.346159923527033,DE,2023-10-23,1,1,0,1,1,1,1,1,1,1,1,0,0,1,1,1,1,1,1,1
346,0.543150579834041,0.3599727325901445,DE,2023-10-24,1,1,1,1,1,1,1,1,1,1,1,0,1,1,0,1,1,1,1,1
347,NA,NA,DE,2023-10-25,NA,NA,NA,NA,NA,NA,NA,NA,NA,NA,NA,NA,NA,NA,NA,NA,NA,NA,NA,NA
348,NA,NA,DE,2023-10-26,NA,NA,NA,NA,NA,NA,NA,NA,NA,NA,NA,NA,NA,NA,NA,NA,NA,NA,NA,NA
349,NA,NA,DE,2023-10-27,NA,NA,NA,NA,NA,NA,NA,NA,NA,NA,NA,NA,NA,NA,NA,NA,NA,NA,NA,NA
350,NA,NA,DE,2023-10-28,NA,NA,NA,NA,NA,NA,NA,NA,NA,NA,NA,NA,NA,NA,NA,NA,NA,NA,NA,NA
351,0.822426648227209,0.557254323550225,DE,2023-10-29,1,1,1,1,1,0,1,1,1,1,1,0,1,1,1,0,1,1,1,1
352,1.59761990593809,0.3788269900825835,DE,2023-10-30,1,0,1,1,1,0,1,0,1,1,0,0,0,1,0,1,1,0,1,1
353,0.811882035580012,0.4067744495880505,DE,2023-10-31,1,1,1,1,1,1,1,0,1,1,1,0,1,1,1,1,1,0,1,1
354,0.335886073106678,0.223360472678353,DE,2023-11-01,1,1,1,1,1,1,1,1,1,1,1,0,1,1,0,1,1,1,1,1
355,0.611366036211808,0.4516186046044415,DE,2023-11-02,1,0,1,1,1,1,1,1,1,1,1,0,1,1,0,1,1,1,1,1
356,NA,NA,DE,2023-11-03,NA,NA,NA,NA,NA,NA,NA,NA,NA,NA,NA,NA,NA,NA,NA,NA,NA,NA,NA,NA
357,0.797332186245341,0.2240297796334045,DE,2023-11-04,1,1,1,1,0,1,1,1,1,1,1,0,1,1,0,1,1,1,1,0
358,NA,NA,DE,2023-11-05,NA,NA,NA,NA,NA,NA,NA,NA,NA,NA,NA,NA,NA,NA,NA,NA,NA,NA,NA,NA
359,1.09618938495821,0.4810560396722375,DE,2023-11-06,1,1,1,0,1,1,1,1,1,1,1,1,0,0,0,1,1,1,1,1
360,1.67481350406706,0.3908459183784525,DE,2023-11-07,1,1,0,1,1,1,0,1,0,1,0,0,0,1,0,0,0,1,0,1
361,1.1639887544247,0.372346244119289,DE,2023-11-08,1,1,1,1,1,1,1,1,1,0,1,0,0,1,1,0,1,1,1,0
362,NA,NA,DE,2023-11-09,NA,NA,NA,NA,NA,NA,NA,NA,NA,NA,NA,NA,NA,NA,NA,NA,NA,NA,NA,NA
363,NA,NA,DE,2023-11-10,NA,NA,NA,NA,NA,NA,NA,NA,NA,NA,NA,NA,NA,NA,NA,NA,NA,NA,NA,NA
364,NA,NA,DE,2023-11-11,NA,NA,NA,NA,NA,NA,NA,NA,NA,NA,NA,NA,NA,NA,NA,NA,NA,NA,NA,NA
365,NA,NA,DE,2023-11-12,NA,NA,NA,NA,NA,NA,NA,NA,NA,NA,NA,NA,NA,NA,NA,NA,NA,NA,NA,NA
366,0.83548593327683,0.407696956680421,DE,2023-11-13,0,1,1,1,1,1,1,1,1,1,0,0,0,1,0,1,1,1,1,1
367,0.777549867358096,0.4030831280949275,DE,2023-11-14,0,1,1,1,1,1,1,1,1,1,0,1,0,1,1,1,1,1,1,1
368,1.4710336558638,0.575947854497755,DE,2023-11-15,0,1,1,1,1,1,1,0,1,0,0,1,0,1,0,1,1,0,1,0
369,0.331589791329337,0.2327714796131155,DE,2023-11-16,1,1,1,1,1,1,1,1,1,1,1,1,1,1,1,1,1,1,1,1
370,NA,NA,DE,2023-11-17,NA,NA,NA,NA,NA,NA,NA,NA,NA,NA,NA,NA,NA,NA,NA,NA,NA,NA,NA,NA
371,1.40285822142715,0.343838226141743,DE,2023-11-18,1,1,0,1,1,1,1,1,1,1,1,0,0,1,1,1,1,1,1,1
372,1.6915352466103,0.474963198570319,DE,2023-11-19,0,1,1,1,1,0,1,1,1,1,0,0,1,1,0,0,1,1,1,1
373,1.25765611041028,0.350936116273977,DE,2023-11-20,1,1,1,1,1,1,1,1,0,1,1,0,0,1,0,1,1,1,0,1
374,2.23654142383647,0.294391328987302,DE,2023-11-21,1,1,1,1,0,1,0,1,1,1,1,1,1,1,1,1,1,1,1,1
375,NA,NA,DE,2023-11-22,NA,NA,NA,NA,NA,NA,NA,NA,NA,NA,NA,NA,NA,NA,NA,NA,NA,NA,NA,NA
376,NA,NA,DE,2023-11-23,NA,NA,NA,NA,NA,NA,NA,NA,NA,NA,NA,NA,NA,NA,NA,NA,NA,NA,NA,NA
377,NA,NA,DE,2023-11-24,NA,NA,NA,NA,NA,NA,NA,NA,NA,NA,NA,NA,NA,NA,NA,NA,NA,NA,NA,NA
378,NA,NA,DE,2023-11-25,NA,NA,NA,NA,NA,NA,NA,NA,NA,NA,NA,NA,NA,NA,NA,NA,NA,NA,NA,NA
379,0.549136029059615,0.396699411901374,FL,2023-10-15,1,0,1,1,1,1,1,1,1,1,1,0,1,1,0,1,1,1,1,1
380,2.09840414102521,0.451221493244808,FL,2023-10-16,0,1,1,1,0,0,1,1,1,1,0,1,0,0,0,0,0,1,1,1
381,2.45892939002198,0.477203681538064,FL,2023-10-17,0,1,1,1,0,1,1,1,0,1,0,0,0,0,0,1,0,1,0,0
382,2.18914699168635,0.4207041703031365,FL,2023-10-18,1,0,0,1,1,1,1,1,0,1,0,0,0,0,0,1,1,1,0,1
383,2.24537291924899,0.424749906010035,FL,2023-10-19,0,0,1,0,1,0,1,1,1,1,0,0,0,0,0,0,1,1,1,1
384,1.97305615139188,0.264151415407982,FL,2023-10-20,1,1,1,1,0,1,1,1,1,1,0,0,1,1,0,1,1,1,1,0
385,0.95233739436979,0.435148961992732,FL,2023-10-21,0,1,1,1,1,1,1,1,1,1,0,1,0,1,0,1,1,1,1,1
386,1.26329215113351,0.344683872869901,FL,2023-10-22,0,1,1,1,1,1,1,1,1,1,0,1,1,0,0,1,1,1,1,1
387,1.74120458517943,0.401991184583754,FL,2023-10-23,0,1,1,1,1,1,1,1,1,0,0,1,0,0,0,1,0,1,1,0
388,1.17690742038037,0.3473924608215085,FL,2023-10-24,1,1,1,1,1,1,0,1,1,1,0,0,0,1,0,1,0,1,1,0
389,2.57070017250285,0.54716270087049,FL,2023-10-25,1,1,1,1,0,0,1,1,0,1,0,0,1,1,0,0,1,1,0,1
390,1.79770745540915,0.387643263966094,FL,2023-10-26,1,1,1,1,1,0,1,1,1,1,1,1,0,1,0,0,0,1,1,0
391,2.50087888106017,0.2609157374525265,FL,2023-10-27,1,0,1,1,0,0,1,1,1,1,0,1,1,0,0,0,1,1,1,0
392,0.754233121289606,0.385409177516335,FL,2023-10-28,0,1,1,1,1,1,1,1,1,1,0,1,1,0,1,1,1,1,1,1
393,0.819720975466212,0.397230034210492,FL,2023-10-29,1,1,1,1,1,1,1,0,1,1,1,1,0,0,0,1,1,0,1,1
394,2.44506125665726,0.396934833821828,FL,2023-10-30,1,1,0,1,1,1,0,1,1,1,0,0,0,0,0,0,0,1,1,1
395,1.63321334593057,0.452131984254123,FL,2023-10-31,1,1,1,1,0,0,0,0,1,1,0,0,0,0,0,0,0,0,1,0
396,1.62555187104261,0.3344227785702855,FL,2023-11-01,1,1,1,1,1,0,1,1,1,1,1,0,1,1,0,0,1,1,1,1
397,2.07620537721324,0.3889904603832665,FL,2023-11-02,0,1,1,1,1,1,1,1,1,1,0,0,0,0,0,1,0,1,1,0
398,3.29980113554348,0.272038217668972,FL,2023-11-03,1,0,1,1,0,1,1,1,1,1,1,1,0,0,0,1,1,1,1,0
399,1.10285117350152,0.459235265493442,FL,2023-11-04,0,1,1,1,1,0,1,1,1,1,0,1,1,1,0,0,1,1,1,1
400,0.780896925680784,0.38663860747771,FL,2023-11-05,1,1,1,1,1,0,1,1,1,1,1,1,1,1,0,0,1,1,1,1
401,2.66256554158082,0.4456534655743435,FL,2023-11-06,0,0,1,1,0,1,1,0,0,1,0,0,0,1,0,1,0,0,0,0
402,1.8807607271554,0.3457423773391185,FL,2023-11-07,1,1,1,1,1,0,1,0,1,1,1,1,0,0,0,0,1,0,1,1
403,2.98083611292788,0.4387042000928405,FL,2023-11-08,0,1,1,1,1,1,1,1,1,0,0,1,1,1,0,1,1,1,1,0
404,1.98533852244055,0.406596376933496,FL,2023-11-09,1,1,1,1,1,1,1,0,0,1,0,0,0,1,0,1,1,0,0,1
405,3.08219732984935,0.51757830031192,FL,2023-11-10,1,1,1,1,0,1,1,0,1,1,1,0,1,0,0,1,0,0,1,1
406,0.865145896220212,0.61507317547131,FL,2023-11-11,1,1,1,1,1,1,1,0,1,1,1,1,1,1,0,1,1,0,1,1
407,0.241714935376058,0.158227872196622,FL,2023-11-12,1,1,1,1,1,1,1,1,1,1,0,1,1,1,0,1,1,1,1,1
408,2.52814498770373,0.3348950679413375,FL,2023-11-13,0,1,1,1,1,1,1,1,1,1,0,1,0,1,0,0,0,1,1,1
409,1.90375235522244,0.4612712446821485,FL,2023-11-14,0,1,1,1,1,0,1,0,1,1,0,0,0,0,0,0,1,0,1,0
410,0.803258013601861,0.3483072075693155,FL,2023-11-15,1,1,1,0,1,1,1,1,1,1,1,0,0,1,0,1,1,1,1,0
411,1.58773095664682,0.335773438061296,FL,2023-11-16,0,1,1,1,1,1,1,1,1,1,0,1,0,0,1,1,1,1,1,1
412,1.49413613145068,0.3065086832020055,FL,2023-11-17,1,1,1,1,1,1,1,0,1,0,1,1,1,0,0,1,1,0,1,0
413,NA,NA,FL,2023-11-18,NA,NA,NA,NA,NA,NA,NA,NA,NA,NA,NA,NA,NA,NA,NA,NA,NA,NA,NA,NA
414,0.664193531483716,0.159322235196687,FL,2023-11-19,1,1,1,1,0,1,1,1,1,1,1,1,1,0,0,1,1,1,1,1
415,2.53177393234891,0.454919918339379,FL,2023-11-20,1,1,1,1,1,0,1,0,1,1,0,1,1,0,0,0,1,0,1,1
416,0.92815466505793,0.3093227572532705,FL,2023-11-21,1,1,1,1,1,1,1,0,1,1,1,1,1,0,1,1,1,0,1,1
417,0.866844878925294,0.309185748974137,FL,2023-11-22,1,1,1,1,1,1,0,1,1,1,0,1,0,1,0,1,0,1,1,0
418,NA,NA,FL,2023-11-23,NA,NA,NA,NA,NA,NA,NA,NA,NA,NA,NA,NA,NA,NA,NA,NA,NA,NA,NA,NA
419,0.688340866474411,0.2722485181000675,FL,2023-11-24,1,1,1,1,1,1,1,1,1,1,0,1,0,1,1,1,1,1,1,1
420,0.272484064790161,0.163767706313531,FL,2023-11-25,1,1,1,1,1,1,1,1,1,1,1,1,1,1,1,1,1,1,1,1
421,1.29710547742554,0.297523094806856,GA,2023-10-15,1,1,1,1,0,1,1,1,1,0,1,1,1,0,0,1,1,0,1,0
422,1.47092165794748,0.52873090033612,GA,2023-10-16,0,1,1,1,0,1,1,1,1,1,0,1,1,0,0,1,1,1,1,1
423,0.410459456895608,0.289749211076268,GA,2023-10-17,1,1,1,1,1,1,1,1,1,1,1,0,1,0,1,1,1,1,1,1
424,1.45164976839925,0.3354786132715855,GA,2023-10-18,1,1,0,1,1,1,1,1,1,1,1,0,0,1,0,1,1,1,1,1
425,0.755870660777956,0.5557247563935,GA,2023-10-19,1,1,0,1,1,1,1,1,1,1,1,1,0,0,1,1,1,1,1,1
426,1.57582967077194,0.6041345180527,GA,2023-10-20,1,1,1,0,0,0,0,1,1,1,1,0,1,0,0,1,0,1,1,1
427,1.68744099038992,0.492518187524679,GA,2023-10-21,1,1,1,1,1,1,1,1,1,0,1,1,1,0,0,1,1,0,1,0
428,0.286927795544119,0.1813966031114745,GA,2023-10-22,1,1,1,1,1,1,1,1,1,1,1,1,1,1,1,1,1,1,1,1
429,1.12059038176522,0.3063597188735695,GA,2023-10-23,0,1,1,1,1,1,1,1,1,1,0,0,1,0,0,1,1,0,1,0
430,0.845118450922577,0.3460135213200745,GA,2023-10-24,1,1,1,1,1,1,1,1,1,1,1,0,0,0,0,1,1,1,1,1
431,1.72222802760057,0.424340506073112,GA,2023-10-25,1,1,1,1,1,1,0,1,1,1,0,0,1,0,0,1,0,1,1,1
432,0.562452843777901,0.412901103775472,GA,2023-10-26,1,0,1,1,1,1,1,1,1,1,1,0,1,1,1,0,1,1,1,1
433,2.34396410773894,0.405761963816854,GA,2023-10-27,1,1,0,1,1,1,1,0,1,1,1,0,0,0,1,0,1,0,1,0
434,0.433875999621616,0.2947644093491515,GA,2023-10-28,1,1,1,1,1,1,1,1,1,1,1,0,1,0,1,1,1,1,1,1
435,0.698912796967747,0.170373594044766,GA,2023-10-29,1,1,1,1,0,1,1,1,1,1,1,0,1,1,0,1,1,1,1,1
436,1.32511161457914,0.3064214182063415,GA,2023-10-30,1,1,1,1,1,1,1,1,1,1,0,1,0,0,0,1,1,0,1,1
437,0.994316251520523,0.3277876752452765,GA,2023-10-31,1,1,1,1,1,1,1,1,1,0,0,0,1,1,1,0,1,1,1,0
438,1.81336135142401,0.3282496877866,GA,2023-11-01,1,1,1,1,1,1,1,1,1,1,1,0,0,0,0,0,1,0,1,0
439,0.799653211024336,0.4030307168824265,GA,2023-11-02,1,1,1,1,1,1,1,1,1,0,1,1,1,0,1,1,1,1,1,0
440,0.868511812798841,0.3525178467105355,GA,2023-11-03,1,1,1,1,1,1,1,1,0,1,1,0,1,1,0,0,1,1,0,1
441,0.273398410377029,0.1643763531544615,GA,2023-11-04,1,1,1,1,1,1,1,1,1,1,1,1,1,0,0,1,1,1,1,1
442,0.437889308751897,0.299340410935557,GA,2023-11-05,1,1,1,1,1,1,1,1,1,1,1,0,1,1,1,1,0,1,1,1
443,1.1459159552465,0.3719742379173875,GA,2023-11-06,1,1,1,1,1,1,1,0,1,1,0,0,1,0,1,1,1,0,1,0
444,1.15486639811414,0.58793775135591,GA,2023-11-07,1,1,0,1,1,1,1,1,1,0,1,0,0,1,0,1,1,1,1,0
445,1.50202034218318,0.3979722991151145,GA,2023-11-08,1,1,1,1,1,1,1,0,1,1,1,0,1,1,0,1,0,0,1,1
446,0.768483890286054,0.3936358344551785,GA,2023-11-09,0,1,1,1,1,1,1,1,1,1,0,1,1,0,0,1,0,1,1,1
447,1.555734330365,0.317316670799528,GA,2023-11-10,0,1,1,1,1,1,0,1,1,1,0,0,1,0,0,1,0,0,1,1
448,0.603869785025378,0.4451601933113945,GA,2023-11-11,1,0,1,1,1,1,1,1,1,1,1,1,1,1,1,1,1,1,1,1
449,0.264381412988991,0.162012787284671,GA,2023-11-12,1,1,1,1,1,1,1,1,1,1,1,1,1,0,0,1,1,1,1,1
450,0.266691799549537,0.1622461434543965,GA,2023-11-13,1,1,1,1,1,1,1,1,1,1,1,1,1,0,0,1,1,1,1,1
451,0.602500059558565,0.2582524189148935,GA,2023-11-14,1,1,1,1,1,1,1,1,1,1,1,0,1,1,0,1,1,1,1,1
452,1.66103112889823,0.398690801806858,GA,2023-11-15,0,1,0,1,1,0,1,1,1,1,0,0,0,0,0,0,1,1,1,1
453,NA,NA,GA,2023-11-16,NA,NA,NA,NA,NA,NA,NA,NA,NA,NA,NA,NA,NA,NA,NA,NA,NA,NA,NA,NA
454,NA,NA,GA,2023-11-17,NA,NA,NA,NA,NA,NA,NA,NA,NA,NA,NA,NA,NA,NA,NA,NA,NA,NA,NA,NA
455,0.733699605325495,0.388863401756125,GA,2023-11-18,1,1,1,1,1,1,1,0,1,1,1,0,1,0,0,1,1,0,1,1
456,NA,NA,GA,2023-11-19,NA,NA,NA,NA,NA,NA,NA,NA,NA,NA,NA,NA,NA,NA,NA,NA,NA,NA,NA,NA
457,0.839164671803939,0.619796737817725,GA,2023-11-20,0,1,1,1,1,1,1,1,1,1,0,1,1,1,0,1,1,1,1,1
458,0.650171694464252,0.357479281279353,GA,2023-11-21,1,1,0,1,1,1,1,1,1,1,1,1,0,0,1,1,1,1,1,1
459,0.965400861771031,0.37027983894831,GA,2023-11-22,1,1,1,1,1,1,1,0,1,1,1,1,1,0,0,1,1,1,1,1
460,NA,NA,GA,2023-11-23,NA,NA,NA,NA,NA,NA,NA,NA,NA,NA,NA,NA,NA,NA,NA,NA,NA,NA,NA,NA
461,0.286265165841331,0.1750425986423635,GA,2023-11-24,1,1,1,1,1,1,1,1,1,1,1,0,1,1,0,1,1,1,1,1
462,0.860105480319175,0.3881894931536725,GA,2023-11-25,1,1,1,1,1,0,1,1,1,1,1,1,0,1,0,0,1,1,1,0
463,NA,NA,HI,2023-10-15,NA,NA,NA,NA,NA,NA,NA,NA,NA,NA,NA,NA,NA,NA,NA,NA,NA,NA,NA,NA
464,NA,NA,HI,2023-10-16,NA,NA,NA,NA,NA,NA,NA,NA,NA,NA,NA,NA,NA,NA,NA,NA,NA,NA,NA,NA
465,NA,NA,HI,2023-10-17,NA,NA,NA,NA,NA,NA,NA,NA,NA,NA,NA,NA,NA,NA,NA,NA,NA,NA,NA,NA
466,NA,NA,HI,2023-10-18,NA,NA,NA,NA,NA,NA,NA,NA,NA,NA,NA,NA,NA,NA,NA,NA,NA,NA,NA,NA
467,NA,NA,HI,2023-10-19,NA,NA,NA,NA,NA,NA,NA,NA,NA,NA,NA,NA,NA,NA,NA,NA,NA,NA,NA,NA
468,NA,NA,HI,2023-10-20,NA,NA,NA,NA,NA,NA,NA,NA,NA,NA,NA,NA,NA,NA,NA,NA,NA,NA,NA,NA
469,NA,NA,HI,2023-10-21,NA,NA,NA,NA,NA,NA,NA,NA,NA,NA,NA,NA,NA,NA,NA,NA,NA,NA,NA,NA
470,NA,NA,HI,2023-10-22,NA,NA,NA,NA,NA,NA,NA,NA,NA,NA,NA,NA,NA,NA,NA,NA,NA,NA,NA,NA
471,0.276842289138319,0.1773698829707755,HI,2023-10-23,1,1,1,1,1,1,1,1,1,1,1,1,1,1,1,1,1,1,1,1
472,NA,NA,HI,2023-10-24,NA,NA,NA,NA,NA,NA,NA,NA,NA,NA,NA,NA,NA,NA,NA,NA,NA,NA,NA,NA
473,NA,NA,HI,2023-10-25,NA,NA,NA,NA,NA,NA,NA,NA,NA,NA,NA,NA,NA,NA,NA,NA,NA,NA,NA,NA
474,NA,NA,HI,2023-10-26,NA,NA,NA,NA,NA,NA,NA,NA,NA,NA,NA,NA,NA,NA,NA,NA,NA,NA,NA,NA
475,NA,NA,HI,2023-10-27,NA,NA,NA,NA,NA,NA,NA,NA,NA,NA,NA,NA,NA,NA,NA,NA,NA,NA,NA,NA
476,NA,NA,HI,2023-10-28,NA,NA,NA,NA,NA,NA,NA,NA,NA,NA,NA,NA,NA,NA,NA,NA,NA,NA,NA,NA
477,NA,NA,HI,2023-10-29,NA,NA,NA,NA,NA,NA,NA,NA,NA,NA,NA,NA,NA,NA,NA,NA,NA,NA,NA,NA
478,NA,NA,HI,2023-10-30,NA,NA,NA,NA,NA,NA,NA,NA,NA,NA,NA,NA,NA,NA,NA,NA,NA,NA,NA,NA
479,NA,NA,HI,2023-10-31,NA,NA,NA,NA,NA,NA,NA,NA,NA,NA,NA,NA,NA,NA,NA,NA,NA,NA,NA,NA
480,0.295677195523856,0.1848544030873245,HI,2023-11-01,1,1,1,1,1,1,1,1,1,1,1,1,0,1,0,1,1,1,1,1
481,NA,NA,HI,2023-11-02,NA,NA,NA,NA,NA,NA,NA,NA,NA,NA,NA,NA,NA,NA,NA,NA,NA,NA,NA,NA
482,NA,NA,HI,2023-11-03,NA,NA,NA,NA,NA,NA,NA,NA,NA,NA,NA,NA,NA,NA,NA,NA,NA,NA,NA,NA
483,NA,NA,HI,2023-11-04,NA,NA,NA,NA,NA,NA,NA,NA,NA,NA,NA,NA,NA,NA,NA,NA,NA,NA,NA,NA
484,NA,NA,HI,2023-11-05,NA,NA,NA,NA,NA,NA,NA,NA,NA,NA,NA,NA,NA,NA,NA,NA,NA,NA,NA,NA
485,NA,NA,HI,2023-11-06,NA,NA,NA,NA,NA,NA,NA,NA,NA,NA,NA,NA,NA,NA,NA,NA,NA,NA,NA,NA
486,NA,NA,HI,2023-11-07,NA,NA,NA,NA,NA,NA,NA,NA,NA,NA,NA,NA,NA,NA,NA,NA,NA,NA,NA,NA
487,NA,NA,HI,2023-11-08,NA,NA,NA,NA,NA,NA,NA,NA,NA,NA,NA,NA,NA,NA,NA,NA,NA,NA,NA,NA
488,NA,NA,HI,2023-11-09,NA,NA,NA,NA,NA,NA,NA,NA,NA,NA,NA,NA,NA,NA,NA,NA,NA,NA,NA,NA
489,NA,NA,HI,2023-11-10,NA,NA,NA,NA,NA,NA,NA,NA,NA,NA,NA,NA,NA,NA,NA,NA,NA,NA,NA,NA
490,NA,NA,HI,2023-11-11,NA,NA,NA,NA,NA,NA,NA,NA,NA,NA,NA,NA,NA,NA,NA,NA,NA,NA,NA,NA
491,NA,NA,HI,2023-11-12,NA,NA,NA,NA,NA,NA,NA,NA,NA,NA,NA,NA,NA,NA,NA,NA,NA,NA,NA,NA
492,NA,NA,HI,2023-11-13,NA,NA,NA,NA,NA,NA,NA,NA,NA,NA,NA,NA,NA,NA,NA,NA,NA,NA,NA,NA
493,NA,NA,HI,2023-11-14,NA,NA,NA,NA,NA,NA,NA,NA,NA,NA,NA,NA,NA,NA,NA,NA,NA,NA,NA,NA
494,NA,NA,HI,2023-11-15,NA,NA,NA,NA,NA,NA,NA,NA,NA,NA,NA,NA,NA,NA,NA,NA,NA,NA,NA,NA
495,NA,NA,HI,2023-11-16,NA,NA,NA,NA,NA,NA,NA,NA,NA,NA,NA,NA,NA,NA,NA,NA,NA,NA,NA,NA
496,NA,NA,HI,2023-11-17,NA,NA,NA,NA,NA,NA,NA,NA,NA,NA,NA,NA,NA,NA,NA,NA,NA,NA,NA,NA
497,NA,NA,HI,2023-11-18,NA,NA,NA,NA,NA,NA,NA,NA,NA,NA,NA,NA,NA,NA,NA,NA,NA,NA,NA,NA
498,NA,NA,HI,2023-11-19,NA,NA,NA,NA,NA,NA,NA,NA,NA,NA,NA,NA,NA,NA,NA,NA,NA,NA,NA,NA
499,NA,NA,HI,2023-11-20,NA,NA,NA,NA,NA,NA,NA,NA,NA,NA,NA,NA,NA,NA,NA,NA,NA,NA,NA,NA
500,0.815245172838455,0.60423681094771,HI,2023-11-21,1,1,1,1,1,1,0,1,1,1,1,0,1,1,1,1,0,1,1,1
501,NA,NA,HI,2023-11-22,NA,NA,NA,NA,NA,NA,NA,NA,NA,NA,NA,NA,NA,NA,NA,NA,NA,NA,NA,NA
502,NA,NA,HI,2023-11-23,NA,NA,NA,NA,NA,NA,NA,NA,NA,NA,NA,NA,NA,NA,NA,NA,NA,NA,NA,NA
503,NA,NA,HI,2023-11-24,NA,NA,NA,NA,NA,NA,NA,NA,NA,NA,NA,NA,NA,NA,NA,NA,NA,NA,NA,NA
504,NA,NA,HI,2023-11-25,NA,NA,NA,NA,NA,NA,NA,NA,NA,NA,NA,NA,NA,NA,NA,NA,NA,NA,NA,NA
505,1.53017550050972,0.4550498531359145,IA,2023-10-15,1,1,1,1,0,0,0,1,1,1,1,1,1,0,0,0,0,1,1,1
506,1.46333262846657,0.3423269041570025,IA,2023-10-16,1,1,1,1,1,1,1,1,1,1,0,0,0,0,1,1,0,1,1,1
507,0.782180027655609,0.309588299622252,IA,2023-10-17,1,0,1,1,1,1,1,1,1,1,1,0,0,1,0,1,1,1,1,1
508,1.08111164856181,0.369746073286904,IA,2023-10-18,1,1,1,1,1,1,0,1,1,1,0,0,1,1,0,1,0,1,1,0
509,1.23241397397338,0.3423574547228125,IA,2023-10-19,1,1,1,1,0,1,1,1,1,1,1,1,0,0,0,1,1,1,1,0
510,1.47361781844933,0.33649813219495,IA,2023-10-20,1,1,1,0,0,1,1,1,1,1,1,0,1,0,0,1,1,1,1,0
511,0.498311286671662,0.344406358840249,IA,2023-10-21,1,1,1,1,1,1,1,1,1,1,1,1,1,1,1,1,1,1,1,1
512,1.54997820231369,0.379229614994739,IA,2023-10-22,1,1,0,1,1,1,1,1,1,1,1,0,0,1,0,1,1,1,1,1
513,0.847269170936238,0.3760165981429315,IA,2023-10-23,0,1,1,1,1,1,1,1,1,1,0,0,0,0,0,1,1,1,1,1
514,1.79397566639021,0.4206434105821175,IA,2023-10-24,0,1,0,1,1,1,0,1,1,1,0,1,0,0,0,1,1,1,1,0
515,2.23482513883319,0.4974394756980365,IA,2023-10-25,0,1,1,0,0,1,1,1,1,1,0,0,1,0,0,0,1,1,1,0
516,4.30150211839105,0.3890928563875935,IA,2023-10-26,1,0,0,1,0,1,1,1,1,1,1,1,0,0,0,1,1,1,1,0
517,1.35133548588791,0.320721465819344,IA,2023-10-27,1,0,1,1,1,1,1,1,1,1,1,0,0,1,1,1,1,1,1,1
518,0.874485718742229,0.26304629700413,IA,2023-10-28,1,1,1,1,0,1,1,1,1,1,1,0,0,1,0,1,1,1,1,1
519,0.453333439606642,0.3453434813620975,IA,2023-10-29,1,1,1,1,1,1,1,1,1,1,1,0,0,1,1,1,1,1,1,1
520,1.65861565864401,0.3421901177240595,IA,2023-10-30,1,1,1,1,1,1,1,1,1,1,1,0,0,1,0,1,0,1,1,0
521,1.74184373332252,0.3571600665014065,IA,2023-10-31,1,1,0,1,1,1,0,1,1,1,1,0,0,0,0,1,0,1,1,0
522,1.25304570649078,0.408896004996726,IA,2023-11-01,1,0,1,1,1,0,1,1,1,1,1,1,1,1,0,0,1,1,1,1
523,0.855918209312899,0.603088556060825,IA,2023-11-02,0,1,1,1,1,1,1,1,1,1,0,1,1,1,0,1,1,1,1,1
524,5.12697520640064,0.363705556055456,IA,2023-11-03,1,0,0,1,0,1,1,1,1,1,1,0,0,1,0,1,1,1,1,0
525,0.823046210887724,0.3538921545606555,IA,2023-11-04,1,0,1,1,1,1,1,1,1,1,1,0,0,0,0,1,1,1,1,1
526,1.76367554359694,0.342036195256774,IA,2023-11-05,1,1,1,1,0,1,1,1,1,0,1,0,0,1,0,1,1,1,1,0
527,3.86867679731739,0.334711804505844,IA,2023-11-06,1,0,0,1,0,1,1,1,1,1,1,0,0,1,1,1,1,1,1,1
528,2.4146062657343,0.3978173664286245,IA,2023-11-07,1,0,0,1,1,1,1,0,1,1,1,0,0,1,0,1,1,0,1,1
529,1.57475957139067,0.379990372279956,IA,2023-11-08,1,1,0,1,1,0,1,1,1,1,1,0,1,1,0,0,1,1,1,1
530,3.4790815596803,0.4630449087341315,IA,2023-11-09,1,1,0,1,1,0,1,0,1,1,0,0,0,1,0,0,0,0,1,1
531,1.85272169411261,0.3174568050391485,IA,2023-11-10,1,1,0,1,0,1,1,1,1,1,1,1,0,1,0,1,1,1,1,1
532,2.01682533248051,0.495538371823248,IA,2023-11-11,1,1,0,1,1,0,1,0,1,0,1,0,0,1,1,0,1,0,1,0
533,1.96740289977703,0.342043427100131,IA,2023-11-12,1,1,0,1,0,1,1,1,1,1,1,0,0,1,0,1,1,1,1,1
534,7.09169170305168,0.46266567875207,IA,2023-11-13,0,1,0,1,0,0,1,0,1,1,0,0,0,0,0,0,1,0,1,0
535,6.68469973359374,0.495084128782125,IA,2023-11-14,1,1,0,1,0,0,1,0,1,1,0,0,0,0,0,0,0,0,1,1
536,3.87529607852215,0.3996398476280305,IA,2023-11-15,1,1,0,1,0,1,1,0,0,1,1,1,0,1,0,1,1,0,0,1
537,4.25516699487352,0.4840875875097655,IA,2023-11-16,1,1,0,1,1,0,1,0,1,1,1,0,0,0,1,0,1,0,1,1
538,2.44043966534925,0.4877915743454505,IA,2023-11-17,0,0,0,1,1,1,1,0,1,1,0,0,0,1,0,1,1,0,1,0
539,3.37332972573122,0.492363310535458,IA,2023-11-18,1,1,0,1,1,1,1,0,1,0,1,1,0,1,0,1,1,0,1,0
540,4.04171885250787,0.409269341987405,IA,2023-11-19,1,0,0,1,0,0,1,1,1,1,0,0,0,0,0,0,1,1,1,0
541,7.55660251513114,0.4610785224768905,IA,2023-11-20,1,1,0,1,1,0,1,0,1,1,1,0,0,0,0,0,0,0,1,1
542,3.94904464154074,0.4780954469219945,IA,2023-11-21,1,0,0,1,1,0,1,0,1,1,0,1,0,0,0,0,0,0,1,0
543,5.82085875852754,0.478725872359328,IA,2023-11-22,0,0,0,1,0,1,1,0,1,1,0,0,0,0,0,0,1,0,1,0
544,1.00219662869926,0.4956831591203345,IA,2023-11-23,1,1,1,1,1,1,0,1,1,1,1,0,0,1,0,1,0,1,1,1
545,5.83070802875817,0.4721531796578385,IA,2023-11-24,0,1,0,1,0,1,1,0,1,1,1,0,0,1,0,1,0,0,1,0
546,2.02440542197629,0.4616507366966005,IA,2023-11-25,1,1,0,1,0,0,1,1,1,1,1,0,0,0,0,0,1,1,1,1
547,NA,NA,ID,2023-10-15,NA,NA,NA,NA,NA,NA,NA,NA,NA,NA,NA,NA,NA,NA,NA,NA,NA,NA,NA,NA
548,NA,NA,ID,2023-10-16,NA,NA,NA,NA,NA,NA,NA,NA,NA,NA,NA,NA,NA,NA,NA,NA,NA,NA,NA,NA
549,NA,NA,ID,2023-10-17,NA,NA,NA,NA,NA,NA,NA,NA,NA,NA,NA,NA,NA,NA,NA,NA,NA,NA,NA,NA
550,NA,NA,ID,2023-10-18,NA,NA,NA,NA,NA,NA,NA,NA,NA,NA,NA,NA,NA,NA,NA,NA,NA,NA,NA,NA
551,NA,NA,ID,2023-10-19,NA,NA,NA,NA,NA,NA,NA,NA,NA,NA,NA,NA,NA,NA,NA,NA,NA,NA,NA,NA
552,NA,NA,ID,2023-10-20,NA,NA,NA,NA,NA,NA,NA,NA,NA,NA,NA,NA,NA,NA,NA,NA,NA,NA,NA,NA
553,NA,NA,ID,2023-10-21,NA,NA,NA,NA,NA,NA,NA,NA,NA,NA,NA,NA,NA,NA,NA,NA,NA,NA,NA,NA
554,NA,NA,ID,2023-10-22,NA,NA,NA,NA,NA,NA,NA,NA,NA,NA,NA,NA,NA,NA,NA,NA,NA,NA,NA,NA
555,NA,NA,ID,2023-10-23,NA,NA,NA,NA,NA,NA,NA,NA,NA,NA,NA,NA,NA,NA,NA,NA,NA,NA,NA,NA
556,NA,NA,ID,2023-10-24,NA,NA,NA,NA,NA,NA,NA,NA,NA,NA,NA,NA,NA,NA,NA,NA,NA,NA,NA,NA
557,0.369849274533776,0.2444033729609555,ID,2023-10-25,1,1,1,1,1,1,1,1,1,1,1,1,1,1,0,1,1,0,1,1
558,NA,NA,ID,2023-10-26,NA,NA,NA,NA,NA,NA,NA,NA,NA,NA,NA,NA,NA,NA,NA,NA,NA,NA,NA,NA
559,NA,NA,ID,2023-10-27,NA,NA,NA,NA,NA,NA,NA,NA,NA,NA,NA,NA,NA,NA,NA,NA,NA,NA,NA,NA
560,NA,NA,ID,2023-10-28,NA,NA,NA,NA,NA,NA,NA,NA,NA,NA,NA,NA,NA,NA,NA,NA,NA,NA,NA,NA
561,NA,NA,ID,2023-10-29,NA,NA,NA,NA,NA,NA,NA,NA,NA,NA,NA,NA,NA,NA,NA,NA,NA,NA,NA,NA
562,NA,NA,ID,2023-10-30,NA,NA,NA,NA,NA,NA,NA,NA,NA,NA,NA,NA,NA,NA,NA,NA,NA,NA,NA,NA
563,NA,NA,ID,2023-10-31,NA,NA,NA,NA,NA,NA,NA,NA,NA,NA,NA,NA,NA,NA,NA,NA,NA,NA,NA,NA
564,NA,NA,ID,2023-11-01,NA,NA,NA,NA,NA,NA,NA,NA,NA,NA,NA,NA,NA,NA,NA,NA,NA,NA,NA,NA
565,NA,NA,ID,2023-11-02,NA,NA,NA,NA,NA,NA,NA,NA,NA,NA,NA,NA,NA,NA,NA,NA,NA,NA,NA,NA
566,NA,NA,ID,2023-11-03,NA,NA,NA,NA,NA,NA,NA,NA,NA,NA,NA,NA,NA,NA,NA,NA,NA,NA,NA,NA
567,NA,NA,ID,2023-11-04,NA,NA,NA,NA,NA,NA,NA,NA,NA,NA,NA,NA,NA,NA,NA,NA,NA,NA,NA,NA
568,NA,NA,ID,2023-11-05,NA,NA,NA,NA,NA,NA,NA,NA,NA,NA,NA,NA,NA,NA,NA,NA,NA,NA,NA,NA
569,NA,NA,ID,2023-11-06,NA,NA,NA,NA,NA,NA,NA,NA,NA,NA,NA,NA,NA,NA,NA,NA,NA,NA,NA,NA
570,NA,NA,ID,2023-11-07,NA,NA,NA,NA,NA,NA,NA,NA,NA,NA,NA,NA,NA,NA,NA,NA,NA,NA,NA,NA
571,NA,NA,ID,2023-11-08,NA,NA,NA,NA,NA,NA,NA,NA,NA,NA,NA,NA,NA,NA,NA,NA,NA,NA,NA,NA
572,NA,NA,ID,2023-11-09,NA,NA,NA,NA,NA,NA,NA,NA,NA,NA,NA,NA,NA,NA,NA,NA,NA,NA,NA,NA
573,NA,NA,ID,2023-11-10,NA,NA,NA,NA,NA,NA,NA,NA,NA,NA,NA,NA,NA,NA,NA,NA,NA,NA,NA,NA
574,NA,NA,ID,2023-11-11,NA,NA,NA,NA,NA,NA,NA,NA,NA,NA,NA,NA,NA,NA,NA,NA,NA,NA,NA,NA
575,NA,NA,ID,2023-11-12,NA,NA,NA,NA,NA,NA,NA,NA,NA,NA,NA,NA,NA,NA,NA,NA,NA,NA,NA,NA
576,NA,NA,ID,2023-11-13,NA,NA,NA,NA,NA,NA,NA,NA,NA,NA,NA,NA,NA,NA,NA,NA,NA,NA,NA,NA
577,NA,NA,ID,2023-11-14,NA,NA,NA,NA,NA,NA,NA,NA,NA,NA,NA,NA,NA,NA,NA,NA,NA,NA,NA,NA
578,NA,NA,ID,2023-11-15,NA,NA,NA,NA,NA,NA,NA,NA,NA,NA,NA,NA,NA,NA,NA,NA,NA,NA,NA,NA
579,NA,NA,ID,2023-11-16,NA,NA,NA,NA,NA,NA,NA,NA,NA,NA,NA,NA,NA,NA,NA,NA,NA,NA,NA,NA
580,NA,NA,ID,2023-11-17,NA,NA,NA,NA,NA,NA,NA,NA,NA,NA,NA,NA,NA,NA,NA,NA,NA,NA,NA,NA
581,NA,NA,ID,2023-11-18,NA,NA,NA,NA,NA,NA,NA,NA,NA,NA,NA,NA,NA,NA,NA,NA,NA,NA,NA,NA
582,NA,NA,ID,2023-11-19,NA,NA,NA,NA,NA,NA,NA,NA,NA,NA,NA,NA,NA,NA,NA,NA,NA,NA,NA,NA
583,NA,NA,ID,2023-11-20,NA,NA,NA,NA,NA,NA,NA,NA,NA,NA,NA,NA,NA,NA,NA,NA,NA,NA,NA,NA
584,NA,NA,ID,2023-11-21,NA,NA,NA,NA,NA,NA,NA,NA,NA,NA,NA,NA,NA,NA,NA,NA,NA,NA,NA,NA
585,NA,NA,ID,2023-11-22,NA,NA,NA,NA,NA,NA,NA,NA,NA,NA,NA,NA,NA,NA,NA,NA,NA,NA,NA,NA
586,NA,NA,ID,2023-11-23,NA,NA,NA,NA,NA,NA,NA,NA,NA,NA,NA,NA,NA,NA,NA,NA,NA,NA,NA,NA
587,NA,NA,ID,2023-11-24,NA,NA,NA,NA,NA,NA,NA,NA,NA,NA,NA,NA,NA,NA,NA,NA,NA,NA,NA,NA
588,NA,NA,ID,2023-11-25,NA,NA,NA,NA,NA,NA,NA,NA,NA,NA,NA,NA,NA,NA,NA,NA,NA,NA,NA,NA
589,1.44826157989872,0.332936976296139,IL,2023-10-15,1,1,1,1,1,1,1,1,1,1,0,0,0,0,0,0,0,1,1,0
590,2.59407968010524,0.3015647546489635,IL,2023-10-16,1,0,1,1,0,1,1,1,1,1,0,1,1,0,1,0,0,1,1,1
591,2.89267527472444,0.3828007605894595,IL,2023-10-17,0,0,1,1,1,1,1,1,1,1,0,1,0,1,0,1,0,1,1,0
592,2.14680564389142,0.359896300592543,IL,2023-10-18,1,0,1,1,1,0,1,0,1,1,1,0,0,0,0,0,1,0,1,0
593,3.99557938936726,0.4434987764643745,IL,2023-10-19,1,1,1,1,0,1,0,1,1,1,0,0,0,0,0,1,0,1,1,0
594,2.45919022920101,0.403268753006166,IL,2023-10-20,1,1,0,1,0,1,1,1,1,0,1,0,0,0,0,0,1,1,1,0
595,1.03823444523585,0.301366440950545,IL,2023-10-21,1,1,1,1,1,1,1,1,1,1,1,0,1,1,0,1,1,1,1,0
596,1.0316038635740299,0.354634296924249,IL,2023-10-22,1,0,1,1,1,1,1,1,1,1,1,0,1,1,0,1,0,1,1,1
597,1.45245348648284,0.3360523959858285,IL,2023-10-23,1,1,1,1,1,1,1,1,1,1,1,0,0,1,1,1,1,1,1,0
598,2.36850211790397,0.362152542854516,IL,2023-10-24,0,1,0,1,1,0,1,1,1,1,0,0,0,0,0,0,1,1,1,1
599,3.3625053034725,0.3556120122031025,IL,2023-10-25,1,1,1,1,1,0,1,1,1,1,1,0,1,0,0,0,1,0,1,0
600,2.28358466796476,0.3793261980588735,IL,2023-10-26,0,1,1,1,1,0,1,1,1,1,0,0,0,0,1,0,0,1,1,0
601,3.86374232043769,0.392250949379462,IL,2023-10-27,1,0,1,0,0,0,0,1,1,1,1,0,0,0,0,0,0,1,1,1
602,1.41541116283365,0.3189263588636115,IL,2023-10-28,1,0,1,1,1,1,1,1,1,1,0,1,0,1,1,1,1,1,1,1
603,2.37019110437085,0.468571582217161,IL,2023-10-29,1,1,1,1,0,0,1,1,0,1,1,0,0,0,1,0,1,1,0,0
604,3.96374330898255,0.2664228933853075,IL,2023-10-30,1,0,1,1,0,1,1,0,1,1,1,1,0,1,0,0,0,0,1,1
605,2.69779906742459,0.4570276544496615,IL,2023-10-31,1,1,0,1,0,0,1,1,1,0,0,1,0,0,0,0,1,0,1,0
606,3.06864985094929,0.4040285491482345,IL,2023-11-01,0,1,1,1,0,1,1,0,0,1,0,0,0,0,0,0,0,0,0,1
607,2.60054129129767,0.332312212384143,IL,2023-11-02,0,1,0,1,1,1,0,1,1,1,1,0,0,0,0,1,0,1,1,0
608,1.75156604531228,0.299559823330729,IL,2023-11-03,1,1,1,1,1,1,1,1,1,1,0,0,0,1,0,1,0,1,1,0
609,1.86131093340152,0.408421952757329,IL,2023-11-04,1,0,1,1,0,1,1,0,1,1,1,1,1,0,0,1,0,0,1,1
610,3.87594309408405,0.4163721797585035,IL,2023-11-05,0,1,1,1,0,0,1,0,1,1,0,0,0,0,0,0,0,0,1,0
611,5.62116081239534,0.327011759871558,IL,2023-11-06,0,0,1,1,0,1,0,1,0,1,0,0,1,0,0,1,0,0,0,0
612,1.5358417133319,0.336122086217871,IL,2023-11-07,1,1,1,1,1,1,1,1,1,1,1,0,1,0,0,0,1,1,1,1
613,3.11667738906298,0.3799781726380815,IL,2023-11-08,0,1,1,1,1,1,1,0,1,0,0,1,0,0,0,1,1,0,1,0
614,3.08378314605909,0.4252828201511145,IL,2023-11-09,1,1,1,1,0,1,0,0,1,0,0,1,1,0,0,0,0,1,1,1
615,2.3905951050222,0.37272226308399,IL,2023-11-10,1,1,1,1,1,0,1,1,1,0,1,0,1,0,0,0,1,1,1,0
616,3.04235300854305,0.384366686843699,IL,2023-11-11,0,1,1,1,1,1,0,0,1,1,0,0,0,0,0,1,0,0,1,1
617,1.49656552943237,0.2957481831706075,IL,2023-11-12,1,0,1,1,1,1,1,0,1,1,1,0,1,0,0,0,1,0,0,1
618,3.32410585176838,0.298459052054911,IL,2023-11-13,1,1,1,0,1,1,0,1,1,1,1,0,0,1,0,0,0,0,1,0
619,5.81291275520524,0.387991212071836,IL,2023-11-14,1,0,1,0,1,1,0,0,1,1,0,0,1,1,0,1,1,0,1,0
620,3.7877080624746,0.385196289863036,IL,2023-11-15,0,0,1,1,1,1,1,0,1,1,0,0,0,0,0,0,1,0,1,0
621,2.88941475459601,0.331450727672502,IL,2023-11-16,0,1,0,1,1,1,1,0,0,1,0,0,0,1,1,0,0,0,0,0
622,4.67670526334912,0.363094401030756,IL,2023-11-17,1,1,0,1,1,0,1,0,1,1,1,0,0,0,0,0,0,0,1,0
623,3.06304665208333,0.4077248900070645,IL,2023-11-18,1,1,1,1,0,1,0,0,1,1,0,0,0,1,0,1,0,0,1,1
624,1.84189648009109,0.364545392262167,IL,2023-11-19,0,1,1,1,1,1,1,0,0,1,0,0,0,0,0,1,0,0,0,1
625,4.32104227357497,0.3984965551864375,IL,2023-11-20,0,1,0,1,0,0,1,0,0,1,0,0,0,1,0,0,1,0,0,0
626,3.78072882766009,0.4384884691034325,IL,2023-11-21,0,1,1,1,0,1,1,0,1,1,0,0,0,1,0,0,1,0,1,1
627,2.65688727540031,0.370057354144123,IL,2023-11-22,0,1,1,1,1,1,1,0,1,1,0,0,0,0,0,1,1,0,1,0
628,2.62886102927815,0.457152066890274,IL,2023-11-23,0,1,1,1,0,1,0,0,1,1,0,1,0,1,0,1,0,0,1,1
629,5.73445250002441,0.368391284734429,IL,2023-11-24,1,0,1,1,1,1,1,0,1,0,0,0,0,1,0,0,0,0,1,0
630,4.27250379179426,0.378523055108176,IL,2023-11-25,1,0,0,1,1,1,0,0,0,1,1,0,0,1,0,1,0,0,0,0
631,NA,NA,IN,2023-10-15,NA,NA,NA,NA,NA,NA,NA,NA,NA,NA,NA,NA,NA,NA,NA,NA,NA,NA,NA,NA
632,0.446175582499692,0.2999137579094035,IN,2023-10-16,1,1,1,1,1,1,1,1,1,1,1,0,1,1,1,1,0,1,1,1
633,0.868788783619549,0.4473396930603675,IN,2023-10-17,1,1,1,1,1,1,0,1,1,1,1,1,0,1,0,1,0,1,1,1
634,0.685381522862962,0.383580915444636,IN,2023-10-18,1,1,0,1,1,1,1,1,1,1,1,0,0,0,0,1,1,1,1,1
635,0.402605588535062,0.2954935383463965,IN,2023-10-19,1,1,1,1,1,1,1,1,1,1,1,0,0,1,1,1,1,1,1,1
636,0.705271655203053,0.4760147014354455,IN,2023-10-20,1,1,0,1,1,1,1,1,1,1,1,0,0,1,1,1,1,1,1,1
637,NA,NA,IN,2023-10-21,NA,NA,NA,NA,NA,NA,NA,NA,NA,NA,NA,NA,NA,NA,NA,NA,NA,NA,NA,NA
638,1.06297341854998,0.2990797562051755,IN,2023-10-22,1,0,1,1,1,1,1,1,1,1,1,0,1,1,0,1,1,1,1,1
639,NA,NA,IN,2023-10-23,NA,NA,NA,NA,NA,NA,NA,NA,NA,NA,NA,NA,NA,NA,NA,NA,NA,NA,NA,NA
640,0.376575542853191,0.292459162206899,IN,2023-10-24,1,1,1,1,1,1,1,1,1,1,1,1,0,1,0,1,1,1,1,1
641,1.02584317257459,0.456826938755702,IN,2023-10-25,1,1,1,1,1,1,0,1,1,1,1,0,0,1,0,1,1,0,1,1
642,1.13497734196851,0.481843054809616,IN,2023-10-26,0,1,1,1,1,1,1,1,1,0,0,0,1,1,0,1,1,1,1,0
643,0.809817576656195,0.56894688335708,IN,2023-10-27,1,1,1,1,1,1,1,1,1,0,1,0,1,1,1,1,1,1,1,0
644,0.3653983483864,0.2942709933469125,IN,2023-10-28,1,1,1,1,1,1,1,1,1,1,1,1,0,1,0,1,1,1,1,1
645,0.825700312194218,0.58813779295549,IN,2023-10-29,1,1,1,1,1,0,1,1,1,1,1,1,0,1,1,0,1,1,1,1
646,1.06142181917587,0.2964946285001905,IN,2023-10-30,1,0,1,1,1,1,1,1,1,1,1,0,1,1,1,1,1,1,1,0
647,0.471179656110017,0.2960804007609985,IN,2023-10-31,1,1,1,1,1,1,1,1,1,1,1,0,1,1,0,1,1,1,1,1
648,1.30546340499904,0.396648236171955,IN,2023-11-01,1,0,1,1,1,1,0,1,1,1,1,0,0,1,0,1,0,1,1,1
649,0.861489461271297,0.61115093017152,IN,2023-11-02,1,1,1,1,1,1,1,1,0,1,1,1,0,1,1,1,1,1,0,1
650,0.354367567450204,0.2983049995645985,IN,2023-11-03,1,1,1,1,1,1,1,1,1,1,1,1,1,1,0,1,1,1,1,0
651,NA,NA,IN,2023-11-04,NA,NA,NA,NA,NA,NA,NA,NA,NA,NA,NA,NA,NA,NA,NA,NA,NA,NA,NA,NA
652,0.940211956997868,0.445185424167405,IN,2023-11-05,1,1,1,1,1,1,0,1,1,1,1,0,0,1,0,1,0,1,1,1
653,0.820587279634078,0.584496633344985,IN,2023-11-06,0,1,1,1,1,1,1,1,1,1,0,1,1,1,1,0,1,1,1,1
654,1.50575255458506,0.398764189755191,IN,2023-11-07,1,1,1,1,1,1,1,1,1,1,1,0,0,1,0,1,1,1,1,1
655,0.875155335582985,0.391412591238247,IN,2023-11-08,0,1,1,1,1,1,1,1,1,1,0,1,1,1,0,1,1,1,1,1
656,0.841531995432213,0.2977168338652465,IN,2023-11-09,1,1,1,1,1,1,1,1,1,1,1,0,0,1,1,1,1,1,1,1
657,NA,NA,IN,2023-11-10,NA,NA,NA,NA,NA,NA,NA,NA,NA,NA,NA,NA,NA,NA,NA,NA,NA,NA,NA,NA
658,NA,NA,IN,2023-11-11,NA,NA,NA,NA,NA,NA,NA,NA,NA,NA,NA,NA,NA,NA,NA,NA,NA,NA,NA,NA
659,0.841401359818205,0.4491484479214555,IN,2023-11-12,1,1,1,1,1,1,0,1,1,1,1,1,0,1,0,0,0,1,1,1
660,1.39735938817903,0.3799845641681045,IN,2023-11-13,1,1,1,1,1,0,0,1,1,1,1,0,0,1,1,0,0,1,1,0
661,0.827556790788067,0.4045758283101055,IN,2023-11-14,1,1,1,0,1,1,1,1,1,1,0,0,1,0,0,1,1,1,1,1
662,0.356321204523776,0.3092479438867295,IN,2023-11-15,1,1,1,1,1,1,1,1,1,1,1,1,1,0,0,1,1,1,1,1
663,0.692043030873222,0.4737587872547085,IN,2023-11-16,1,1,0,1,1,1,1,1,1,1,1,1,0,1,0,1,1,1,1,1
664,0.363239466570269,0.3112123134123245,IN,2023-11-17,1,1,1,1,1,1,1,1,1,1,1,0,1,1,0,1,1,1,1,1
665,NA,NA,IN,2023-11-18,NA,NA,NA,NA,NA,NA,NA,NA,NA,NA,NA,NA,NA,NA,NA,NA,NA,NA,NA,NA
666,0.485814998745909,0.28854170379736,IN,2023-11-19,1,1,1,1,1,1,1,1,1,1,1,0,0,1,1,1,1,1,1,1
667,0.825144229323846,0.58434094000177,IN,2023-11-20,1,1,1,1,1,1,0,1,1,1,1,1,0,1,1,1,0,1,1,1
668,NA,NA,IN,2023-11-21,NA,NA,NA,NA,NA,NA,NA,NA,NA,NA,NA,NA,NA,NA,NA,NA,NA,NA,NA,NA
669,0.493414133911107,0.288474504612321,IN,2023-11-22,1,1,1,1,1,1,1,1,1,1,1,0,1,1,1,1,1,1,1,0
670,0.466031011579161,0.302802983349372,IN,2023-11-23,1,1,1,1,1,1,1,1,1,1,1,0,0,1,0,0,1,1,1,1
671,0.921654145656243,0.4142276732265815,IN,2023-11-24,1,1,1,1,1,1,0,1,1,1,1,0,0,1,0,1,0,1,1,1
672,NA,NA,IN,2023-11-25,NA,NA,NA,NA,NA,NA,NA,NA,NA,NA,NA,NA,NA,NA,NA,NA,NA,NA,NA,NA
673,NA,NA,KS,2023-10-15,NA,NA,NA,NA,NA,NA,NA,NA,NA,NA,NA,NA,NA,NA,NA,NA,NA,NA,NA,NA
674,NA,NA,KS,2023-10-16,NA,NA,NA,NA,NA,NA,NA,NA,NA,NA,NA,NA,NA,NA,NA,NA,NA,NA,NA,NA
675,1.07219102248511,0.528790034744035,KS,2023-10-17,1,1,0,0,1,1,1,1,1,1,1,1,0,1,1,1,0,1,1,1
676,0.703891368623921,0.504596382395005,KS,2023-10-18,1,1,0,1,1,1,1,1,1,1,1,1,0,1,1,1,1,1,1,0
677,0.355425667902697,0.2602662984450665,KS,2023-10-19,1,1,1,1,1,1,1,1,1,1,1,1,0,1,0,1,1,1,1,1
678,0.356484857291127,0.259245797917116,KS,2023-10-20,1,1,1,1,1,1,1,1,1,1,1,1,1,1,1,1,1,1,1,1
679,NA,NA,KS,2023-10-21,NA,NA,NA,NA,NA,NA,NA,NA,NA,NA,NA,NA,NA,NA,NA,NA,NA,NA,NA,NA
680,NA,NA,KS,2023-10-22,NA,NA,NA,NA,NA,NA,NA,NA,NA,NA,NA,NA,NA,NA,NA,NA,NA,NA,NA,NA
681,0.585991218735577,0.3645679891224035,KS,2023-10-23,1,1,1,1,1,1,1,1,1,1,1,0,0,1,1,0,1,1,1,0
682,0.65843325915876,0.379718821608005,KS,2023-10-24,1,1,0,1,1,1,1,1,1,1,1,0,0,1,1,1,1,1,1,1
683,0.643373066658836,0.3792028051427985,KS,2023-10-25,1,1,0,1,1,1,1,1,1,1,1,1,0,1,1,1,1,1,1,0
684,NA,NA,KS,2023-10-26,NA,NA,NA,NA,NA,NA,NA,NA,NA,NA,NA,NA,NA,NA,NA,NA,NA,NA,NA,NA
685,NA,NA,KS,2023-10-27,NA,NA,NA,NA,NA,NA,NA,NA,NA,NA,NA,NA,NA,NA,NA,NA,NA,NA,NA,NA
686,NA,NA,KS,2023-10-28,NA,NA,NA,NA,NA,NA,NA,NA,NA,NA,NA,NA,NA,NA,NA,NA,NA,NA,NA,NA
687,NA,NA,KS,2023-10-29,NA,NA,NA,NA,NA,NA,NA,NA,NA,NA,NA,NA,NA,NA,NA,NA,NA,NA,NA,NA
688,0.343671191482293,0.251078281084308,KS,2023-10-30,1,1,1,1,1,1,1,1,1,1,1,1,1,1,1,1,1,1,1,1
689,NA,NA,KS,2023-10-31,NA,NA,NA,NA,NA,NA,NA,NA,NA,NA,NA,NA,NA,NA,NA,NA,NA,NA,NA,NA
690,NA,NA,KS,2023-11-01,NA,NA,NA,NA,NA,NA,NA,NA,NA,NA,NA,NA,NA,NA,NA,NA,NA,NA,NA,NA
691,0.518358471088251,0.3459154577401875,KS,2023-11-02,1,0,1,1,1,1,1,1,1,1,1,0,1,0,1,1,1,1,1,1
692,NA,NA,KS,2023-11-03,NA,NA,NA,NA,NA,NA,NA,NA,NA,NA,NA,NA,NA,NA,NA,NA,NA,NA,NA,NA
693,NA,NA,KS,2023-11-04,NA,NA,NA,NA,NA,NA,NA,NA,NA,NA,NA,NA,NA,NA,NA,NA,NA,NA,NA,NA
694,NA,NA,KS,2023-11-05,NA,NA,NA,NA,NA,NA,NA,NA,NA,NA,NA,NA,NA,NA,NA,NA,NA,NA,NA,NA
695,1.3904851019825,0.380253550515478,KS,2023-11-06,1,1,1,1,1,1,1,1,1,0,1,0,1,0,0,1,1,1,1,0
696,1.28620428146959,0.3729451459230205,KS,2023-11-07,1,1,0,1,1,1,1,1,1,1,0,1,0,1,1,1,1,1,1,1
697,1.65454246527487,0.493490254894623,KS,2023-11-08,0,1,1,1,1,1,1,1,1,1,0,0,0,1,0,1,1,1,1,1
698,0.83012057813016,0.581443070092155,KS,2023-11-09,1,1,1,1,1,0,1,1,1,1,1,0,1,1,1,0,1,1,1,1
699,NA,NA,KS,2023-11-10,NA,NA,NA,NA,NA,NA,NA,NA,NA,NA,NA,NA,NA,NA,NA,NA,NA,NA,NA,NA
700,NA,NA,KS,2023-11-11,NA,NA,NA,NA,NA,NA,NA,NA,NA,NA,NA,NA,NA,NA,NA,NA,NA,NA,NA,NA
701,NA,NA,KS,2023-11-12,NA,NA,NA,NA,NA,NA,NA,NA,NA,NA,NA,NA,NA,NA,NA,NA,NA,NA,NA,NA
702,0.537086929599337,0.3587918926707205,KS,2023-11-13,1,0,1,1,1,1,1,1,1,1,1,0,1,0,1,1,1,1,1,1
703,NA,NA,KS,2023-11-14,NA,NA,NA,NA,NA,NA,NA,NA,NA,NA,NA,NA,NA,NA,NA,NA,NA,NA,NA,NA
704,0.467809132673338,0.303481977242695,KS,2023-11-15,1,1,1,1,1,1,1,1,1,1,0,0,1,1,0,0,1,1,1,1
705,NA,NA,KS,2023-11-16,NA,NA,NA,NA,NA,NA,NA,NA,NA,NA,NA,NA,NA,NA,NA,NA,NA,NA,NA,NA
706,NA,NA,KS,2023-11-17,NA,NA,NA,NA,NA,NA,NA,NA,NA,NA,NA,NA,NA,NA,NA,NA,NA,NA,NA,NA
707,0.828054369694933,0.56860545799308,KS,2023-11-18,1,1,1,1,1,0,1,1,1,1,1,1,0,1,1,0,1,1,1,1
708,NA,NA,KS,2023-11-19,NA,NA,NA,NA,NA,NA,NA,NA,NA,NA,NA,NA,NA,NA,NA,NA,NA,NA,NA,NA
709,NA,NA,KS,2023-11-20,NA,NA,NA,NA,NA,NA,NA,NA,NA,NA,NA,NA,NA,NA,NA,NA,NA,NA,NA,NA
710,NA,NA,KS,2023-11-21,NA,NA,NA,NA,NA,NA,NA,NA,NA,NA,NA,NA,NA,NA,NA,NA,NA,NA,NA,NA
711,NA,NA,KS,2023-11-22,NA,NA,NA,NA,NA,NA,NA,NA,NA,NA,NA,NA,NA,NA,NA,NA,NA,NA,NA,NA
712,NA,NA,KS,2023-11-23,NA,NA,NA,NA,NA,NA,NA,NA,NA,NA,NA,NA,NA,NA,NA,NA,NA,NA,NA,NA
713,NA,NA,KS,2023-11-24,NA,NA,NA,NA,NA,NA,NA,NA,NA,NA,NA,NA,NA,NA,NA,NA,NA,NA,NA,NA
714,NA,NA,KS,2023-11-25,NA,NA,NA,NA,NA,NA,NA,NA,NA,NA,NA,NA,NA,NA,NA,NA,NA,NA,NA,NA
715,NA,NA,KY,2023-10-15,NA,NA,NA,NA,NA,NA,NA,NA,NA,NA,NA,NA,NA,NA,NA,NA,NA,NA,NA,NA
716,1.09093480151338,0.54262813215551,KY,2023-10-16,0,1,1,0,1,1,1,1,1,1,0,0,1,0,1,1,0,1,1,1
717,0.754541582991799,0.53918801084522,KY,2023-10-17,1,1,1,0,1,1,1,1,1,1,1,1,0,0,1,1,1,1,1,1
718,0.890540685292339,0.472442911340301,KY,2023-10-18,0,1,1,1,1,1,1,1,1,1,0,0,0,1,1,1,1,1,1,0
719,0.761524700851531,0.54579969322076,KY,2023-10-19,0,1,1,1,1,1,1,1,1,1,0,1,1,1,0,1,1,1,1,1
720,0.33344468797082,0.2270267953510305,KY,2023-10-20,1,1,1,1,1,1,1,1,1,1,1,1,1,1,1,1,1,1,1,1
721,NA,NA,KY,2023-10-21,NA,NA,NA,NA,NA,NA,NA,NA,NA,NA,NA,NA,NA,NA,NA,NA,NA,NA,NA,NA
722,NA,NA,KY,2023-10-22,NA,NA,NA,NA,NA,NA,NA,NA,NA,NA,NA,NA,NA,NA,NA,NA,NA,NA,NA,NA
723,1.05620939107848,0.395063053113706,KY,2023-10-23,0,0,1,1,1,1,1,1,1,1,1,0,1,0,0,1,1,1,1,0
724,1.46703883045679,0.3876187592436185,KY,2023-10-24,0,1,1,1,1,1,1,1,1,1,0,0,0,0,0,1,1,1,1,1
725,0.791299919368704,0.351099168961486,KY,2023-10-25,1,1,1,0,1,1,1,1,1,1,1,1,0,0,1,1,1,1,1,1
726,0.929560373795273,0.476365339866139,KY,2023-10-26,1,1,1,1,1,1,1,1,1,0,1,0,1,0,0,1,1,1,1,0
727,0.556611661071911,0.404658627730849,KY,2023-10-27,1,0,1,1,1,1,1,1,1,1,1,0,1,1,1,1,1,1,1,0
728,NA,NA,KY,2023-10-28,NA,NA,NA,NA,NA,NA,NA,NA,NA,NA,NA,NA,NA,NA,NA,NA,NA,NA,NA,NA
729,NA,NA,KY,2023-10-29,NA,NA,NA,NA,NA,NA,NA,NA,NA,NA,NA,NA,NA,NA,NA,NA,NA,NA,NA,NA
730,1.07091296531483,0.380021062068739,KY,2023-10-30,1,1,1,1,1,0,1,1,1,1,1,1,1,0,0,0,1,1,1,0
731,0.483861667069315,0.3244687459119125,KY,2023-10-31,1,1,1,1,1,1,1,1,1,1,1,1,1,1,1,1,1,1,1,1
732,NA,NA,KY,2023-11-01,NA,NA,NA,NA,NA,NA,NA,NA,NA,NA,NA,NA,NA,NA,NA,NA,NA,NA,NA,NA
733,0.669351583970685,0.3703476091742495,KY,2023-11-02,1,1,1,1,1,1,1,1,1,1,0,0,0,0,0,1,1,1,1,1
734,0.326865073536285,0.251386160120692,KY,2023-11-03,1,1,1,1,1,1,1,1,1,1,1,1,1,1,1,1,1,1,1,1
735,NA,NA,KY,2023-11-04,NA,NA,NA,NA,NA,NA,NA,NA,NA,NA,NA,NA,NA,NA,NA,NA,NA,NA,NA,NA
736,NA,NA,KY,2023-11-05,NA,NA,NA,NA,NA,NA,NA,NA,NA,NA,NA,NA,NA,NA,NA,NA,NA,NA,NA,NA
737,2.47766319158564,0.424901208977159,KY,2023-11-06,1,0,0,1,0,1,1,1,0,1,1,0,0,0,0,1,1,1,0,1
738,1.03379780666432,0.4897931754331205,KY,2023-11-07,0,1,0,1,1,1,1,1,1,1,0,0,0,1,0,1,1,1,1,1
739,0.669756173201966,0.369397168477251,KY,2023-11-08,1,1,1,1,1,1,1,1,1,1,1,1,0,0,1,1,1,1,1,1
740,0.757659755828464,0.404005349045494,KY,2023-11-09,1,1,1,1,1,1,0,1,1,1,1,1,0,1,1,1,0,1,1,1
741,NA,NA,KY,2023-11-10,NA,NA,NA,NA,NA,NA,NA,NA,NA,NA,NA,NA,NA,NA,NA,NA,NA,NA,NA,NA
742,0.32250721687815,0.27582640912378,KY,2023-11-11,1,1,1,1,1,1,1,1,1,1,1,1,1,0,0,1,1,1,1,1
743,NA,NA,KY,2023-11-12,NA,NA,NA,NA,NA,NA,NA,NA,NA,NA,NA,NA,NA,NA,NA,NA,NA,NA,NA,NA
744,1.2205326300232,0.488477360859952,KY,2023-11-13,1,1,1,0,1,1,0,1,1,1,1,0,1,0,0,1,0,1,1,1
745,0.687904634804824,0.368525411882573,KY,2023-11-14,1,1,1,1,1,1,1,1,1,1,0,0,0,1,0,1,1,1,1,1
746,0.730660534728898,0.3269823972628505,KY,2023-11-15,1,1,1,1,1,1,1,1,1,1,1,0,1,1,0,1,1,1,1,1
747,1.02804306489625,0.47494873032296703,KY,2023-11-16,0,1,0,1,1,1,1,1,1,1,0,0,0,1,0,1,1,1,1,1
748,NA,NA,KY,2023-11-17,NA,NA,NA,NA,NA,NA,NA,NA,NA,NA,NA,NA,NA,NA,NA,NA,NA,NA,NA,NA
749,NA,NA,KY,2023-11-18,NA,NA,NA,NA,NA,NA,NA,NA,NA,NA,NA,NA,NA,NA,NA,NA,NA,NA,NA,NA
750,NA,NA,KY,2023-11-19,NA,NA,NA,NA,NA,NA,NA,NA,NA,NA,NA,NA,NA,NA,NA,NA,NA,NA,NA,NA
751,NA,NA,KY,2023-11-20,NA,NA,NA,NA,NA,NA,NA,NA,NA,NA,NA,NA,NA,NA,NA,NA,NA,NA,NA,NA
752,0.332151036165729,0.3066850106149235,KY,2023-11-21,1,1,1,1,1,1,1,1,1,1,1,1,1,0,0,1,1,1,1,1
753,NA,NA,KY,2023-11-22,NA,NA,NA,NA,NA,NA,NA,NA,NA,NA,NA,NA,NA,NA,NA,NA,NA,NA,NA,NA
754,NA,NA,KY,2023-11-23,NA,NA,NA,NA,NA,NA,NA,NA,NA,NA,NA,NA,NA,NA,NA,NA,NA,NA,NA,NA
755,0.743694522598864,0.4755556412970475,KY,2023-11-24,1,1,1,1,1,1,1,0,1,1,1,1,1,1,0,1,1,0,1,1
756,NA,NA,KY,2023-11-25,NA,NA,NA,NA,NA,NA,NA,NA,NA,NA,NA,NA,NA,NA,NA,NA,NA,NA,NA,NA
757,0.853469112483466,0.4492272609051225,LA,2023-10-15,1,1,1,1,1,1,1,1,1,0,0,0,1,1,0,1,1,1,1,0
758,1.09431030915777,0.4188174467053745,LA,2023-10-16,1,1,1,1,1,1,1,1,1,1,1,0,0,1,0,0,1,1,1,1
759,1.29803268103467,0.4238864061012215,LA,2023-10-17,1,1,1,1,1,0,1,1,1,1,0,0,0,1,0,0,0,1,1,1
760,1.87872391713118,0.420514056422323,LA,2023-10-18,1,0,0,1,0,1,1,1,1,1,0,0,0,0,0,0,0,1,1,1
761,0.651233522803498,0.444691969338931,LA,2023-10-19,1,1,0,1,1,1,1,1,1,1,1,1,0,1,1,0,1,1,1,1
762,0.876071509957059,0.4240686795411255,LA,2023-10-20,1,1,1,1,1,1,1,1,1,1,1,0,1,0,1,0,1,1,1,0
763,0.915130624796956,0.392100331906296,LA,2023-10-21,1,1,1,1,1,1,1,1,1,1,0,0,1,1,1,1,1,1,1,1
764,0.484548146373286,0.349120834777733,LA,2023-10-22,1,1,1,1,0,1,1,1,1,1,0,1,1,1,0,1,1,1,1,1
765,2.96508951912566,0.426394168069645,LA,2023-10-23,0,1,1,1,1,1,1,1,1,1,0,1,1,0,0,1,0,1,1,0
766,1.96765685340477,0.443607500519521,LA,2023-10-24,1,0,1,1,1,1,1,1,1,1,0,0,0,0,0,1,0,1,1,0
767,1.50310192496625,0.40310940331042,LA,2023-10-25,1,1,1,1,0,1,1,1,0,1,0,0,1,1,0,0,1,1,0,1
768,2.14566380288714,0.4049503642428755,LA,2023-10-26,1,0,1,1,0,0,1,1,1,1,0,0,0,1,0,0,1,1,1,0
769,2.54737071112655,0.4150853447522065,LA,2023-10-27,0,0,1,1,1,1,1,1,1,1,0,0,0,0,0,0,1,1,1,1
770,1.61786542698858,0.425217763005942,LA,2023-10-28,1,1,0,1,1,1,1,1,1,1,0,0,0,0,0,1,1,1,1,0
771,1.5027558474886,0.45383474363577,LA,2023-10-29,1,1,1,1,0,1,0,1,1,1,1,1,1,0,0,0,0,1,1,0
772,2.14450123381225,0.35571062319397,LA,2023-10-30,1,1,1,1,0,1,1,1,1,1,1,0,0,1,0,1,1,1,1,1
773,0.759092104280631,0.4128987970146125,LA,2023-10-31,1,1,1,1,1,1,1,1,1,1,1,1,0,1,0,1,0,1,1,0
774,0.775013395169869,0.4105812749157975,LA,2023-11-01,1,1,1,1,1,1,1,1,1,1,0,1,0,1,1,1,1,1,1,1
775,1.38423633422882,0.4359496388045625,LA,2023-11-02,1,1,1,0,1,1,1,1,1,1,1,1,0,0,0,1,1,1,1,0
776,1.4449582158236,0.4094850570437255,LA,2023-11-03,1,1,1,1,1,1,1,1,1,0,1,1,1,1,1,0,1,1,1,0
777,0.634423855118425,0.4337095669915915,LA,2023-11-04,1,1,0,1,1,1,1,1,1,1,1,0,0,1,1,1,1,1,1,1
778,1.23557704863936,0.4654187971651935,LA,2023-11-05,1,1,1,0,1,1,0,1,1,1,0,0,0,0,1,1,0,1,1,1
779,1.43850472386364,0.4191197302695745,LA,2023-11-06,1,1,1,1,1,1,1,1,1,0,1,1,0,1,0,1,1,1,1,0
780,0.757983764603875,0.4018425048890035,LA,2023-11-07,1,1,1,1,1,1,1,1,1,1,1,1,1,1,1,1,1,1,1,1
781,1.44867185027726,0.410336561683707,LA,2023-11-08,1,1,1,1,1,1,1,1,0,1,1,0,0,0,0,0,0,1,0,0
782,1.78355296610075,0.4060955392827135,LA,2023-11-09,0,1,0,1,1,1,1,1,1,1,1,0,0,0,0,0,0,1,1,0
783,0.832884817811215,0.4352320319423115,LA,2023-11-10,1,1,1,1,1,0,1,1,1,1,1,0,1,1,1,0,1,1,1,1
784,1.42534623236554,0.4141073277969405,LA,2023-11-11,1,1,1,1,1,1,1,1,0,1,0,1,0,1,1,0,1,1,0,0
785,1.41211916152811,0.4850326138663465,LA,2023-11-12,1,1,1,0,1,1,1,0,1,1,0,0,0,0,0,1,1,0,1,1
786,2.16632204436563,0.389855188215823,LA,2023-11-13,1,1,1,1,0,1,1,1,1,1,1,1,0,0,0,0,0,1,1,0
787,2.55759451071692,0.347671222719358,LA,2023-11-14,1,1,1,1,0,1,1,1,1,1,0,1,1,0,0,1,0,1,1,1
788,2.09721301116827,0.4771131135765835,LA,2023-11-15,1,1,0,0,0,1,0,1,1,1,1,1,0,0,0,0,0,1,1,1
789,1.77781364176495,0.4670115188942335,LA,2023-11-16,1,1,1,1,1,0,1,1,0,1,1,0,0,1,0,0,1,1,0,1
790,0.989826810302221,0.3727929391883305,LA,2023-11-17,1,1,1,1,1,1,1,1,1,1,0,0,0,1,0,0,1,1,1,1
791,0.645349654484056,0.3741131164005755,LA,2023-11-18,0,1,1,1,1,1,1,1,1,1,0,1,1,1,0,1,1,1,1,1
792,1.61809258731157,0.4328130486886055,LA,2023-11-19,1,1,1,1,1,0,1,1,1,0,1,1,1,1,0,0,1,1,1,0
793,0.374543671663181,0.3147947475968465,LA,2023-11-20,1,1,1,1,1,1,1,1,1,1,1,1,1,1,1,1,1,1,1,1
794,1.29413374447311,0.424093779878592,LA,2023-11-21,1,0,1,0,1,1,1,1,1,1,0,0,1,0,0,0,0,1,1,1
795,0.883076505213013,0.4172977356292525,LA,2023-11-22,1,1,1,1,1,1,1,1,1,1,0,1,1,1,1,0,0,1,1,0
796,1.86834769030922,0.4507686668724475,LA,2023-11-23,1,0,0,1,0,1,1,1,1,1,1,0,1,1,0,0,1,1,1,0
797,1.90694380881409,0.439618013987891,LA,2023-11-24,1,1,0,1,1,1,1,1,1,0,1,1,0,0,0,1,1,1,1,0
798,1.19479005923906,0.4602715487288055,LA,2023-11-25,1,1,1,1,1,1,1,0,1,0,1,1,1,1,1,0,1,0,1,0
799,0.280692386563317,0.20578143768909,MA,2023-10-15,1,1,1,1,1,1,1,1,1,1,1,1,1,1,1,1,1,1,1,1
800,1.38205195148187,0.3742980571140995,MA,2023-10-16,0,0,1,1,1,1,1,1,1,1,1,0,1,1,0,1,1,1,1,1
801,1.21792365550009,0.3758292266886095,MA,2023-10-17,1,1,0,1,1,1,1,1,1,1,1,0,0,1,0,0,1,1,1,1
802,NA,NA,MA,2023-10-18,NA,NA,NA,NA,NA,NA,NA,NA,NA,NA,NA,NA,NA,NA,NA,NA,NA,NA,NA,NA
803,0.715804778630052,0.2053657897404645,MA,2023-10-19,1,1,1,1,0,1,1,1,1,1,0,1,1,1,0,1,1,1,1,1
804,1.04444224323722,0.2762041122276985,MA,2023-10-20,1,1,1,1,0,1,1,1,1,1,1,0,0,1,0,1,1,1,1,1
805,0.81121039242872806,0.350613767368426,MA,2023-10-21,1,1,1,0,1,1,1,1,1,1,1,1,1,1,1,1,1,1,1,1
806,NA,NA,MA,2023-10-22,NA,NA,NA,NA,NA,NA,NA,NA,NA,NA,NA,NA,NA,NA,NA,NA,NA,NA,NA,NA
807,2.06225086417543,0.366201193305663,MA,2023-10-23,0,0,0,1,1,1,1,1,1,1,0,0,0,1,0,1,0,1,1,0
808,1.84045067974029,0.25322987516392,MA,2023-10-24,1,1,1,1,0,1,1,1,1,1,1,0,0,1,0,1,0,1,1,0
809,1.29195398040379,0.306538902610327,MA,2023-10-25,1,1,1,1,0,1,1,1,1,1,1,0,0,1,0,0,0,1,1,1
810,0.848066052458356,0.4099238952559015,MA,2023-10-26,0,1,1,1,1,1,1,1,1,1,1,1,1,1,1,1,1,1,1,1
811,1.68900660650852,0.512272613448105,MA,2023-10-27,1,1,0,0,0,1,1,1,1,1,1,0,0,0,0,1,1,1,1,1
812,NA,NA,MA,2023-10-28,NA,NA,NA,NA,NA,NA,NA,NA,NA,NA,NA,NA,NA,NA,NA,NA,NA,NA,NA,NA
813,NA,NA,MA,2023-10-29,NA,NA,NA,NA,NA,NA,NA,NA,NA,NA,NA,NA,NA,NA,NA,NA,NA,NA,NA,NA
814,1.20271886280488,0.4575215715834025,MA,2023-10-30,0,1,1,0,1,1,1,1,1,1,0,1,0,0,0,1,1,1,1,1
815,0.717928356499396,0.2071133632470985,MA,2023-10-31,1,1,1,1,0,1,1,1,1,1,0,1,1,1,0,1,1,1,1,1
816,1.3093849251713,0.30673640679726,MA,2023-11-01,1,1,1,1,0,1,1,1,1,1,1,0,0,0,0,0,0,1,1,1
817,0.786841230749702,0.544939689345425,MA,2023-11-02,1,1,1,0,1,1,1,1,1,1,1,1,0,0,1,1,1,1,1,1
818,0.503842167652173,0.3266730243408635,MA,2023-11-03,1,1,1,1,1,1,1,1,1,1,1,1,1,1,1,1,1,1,1,1
819,0.2864206727676,0.208875523075118,MA,2023-11-04,1,1,1,1,1,1,1,1,1,1,1,1,1,1,1,1,1,1,1,1
820,0.827483522367987,0.576265982364525,MA,2023-11-05,0,1,1,1,1,1,1,1,1,1,0,1,1,1,0,1,1,1,1,1
821,1.73439829497688,0.3795687151148795,MA,2023-11-06,0,1,1,1,1,0,1,1,1,1,0,0,0,1,0,0,1,1,1,1
822,0.941424970116648,0.33196968037237,MA,2023-11-07,0,1,1,1,1,1,1,1,1,1,0,1,1,1,0,1,1,1,1,1
823,1.18815467182775,0.401510710338139,MA,2023-11-08,1,1,1,1,1,1,1,0,1,1,1,0,0,1,0,1,1,0,1,1
824,1.26765374697769,0.3538811971568135,MA,2023-11-09,0,1,1,1,1,0,1,1,1,1,0,1,0,1,0,0,1,1,1,1
825,1.26169283153923,0.355522903388899,MA,2023-11-10,1,1,0,1,1,1,1,1,1,1,1,0,0,1,1,1,1,1,1,1
826,0.729487787547462,0.214437339876386,MA,2023-11-11,1,1,1,1,0,1,1,1,1,1,1,0,1,1,0,1,1,1,1,1
827,0.292136216904231,0.215672541893903,MA,2023-11-12,1,1,1,1,1,1,1,1,1,1,1,1,1,1,1,1,1,1,1,1
828,1.64327994928375,0.4331797450460205,MA,2023-11-13,0,1,0,1,1,1,1,1,0,1,1,0,0,0,1,1,1,1,0,1
829,2.35370752365279,0.3929537655925225,MA,2023-11-14,1,1,1,1,1,1,1,0,1,1,1,0,1,1,1,0,1,0,1,1
830,1.89742276038982,0.56078598013368,MA,2023-11-15,1,1,1,1,0,1,1,0,1,0,1,0,1,1,0,1,1,0,1,0
831,0.664289482794714,0.3543427478559575,MA,2023-11-16,1,1,1,1,1,1,0,1,1,1,1,1,1,1,1,1,1,1,1,1
832,0.698637992324018,0.30110429035855,MA,2023-11-17,1,1,1,1,1,1,1,1,1,1,1,1,1,1,0,1,1,1,0,0
833,0.619290709215288,0.4534764755162635,MA,2023-11-18,1,0,1,1,1,1,1,1,1,1,1,1,1,1,1,1,1,1,1,1
834,0.618715732421274,0.4545014771181305,MA,2023-11-19,1,0,1,1,1,1,1,1,1,1,1,0,1,1,0,1,1,1,1,1
835,1.59931335020733,0.4006989699894045,MA,2023-11-20,1,1,1,1,1,1,1,0,1,1,0,0,0,1,0,1,1,0,1,0
836,1.67868783154793,0.4191898390511865,MA,2023-11-21,1,1,1,1,1,1,1,0,1,1,1,0,0,0,0,0,1,0,1,1
837,1.27291671468959,0.317829244341608,MA,2023-11-22,1,1,1,1,0,1,1,1,1,1,1,0,0,0,0,1,0,1,1,1
838,NA,NA,MA,2023-11-23,NA,NA,NA,NA,NA,NA,NA,NA,NA,NA,NA,NA,NA,NA,NA,NA,NA,NA,NA,NA
839,1.61916118766357,0.52175402181079,MA,2023-11-24,1,1,1,1,1,0,1,1,1,1,1,0,0,1,1,0,1,1,1,1
840,NA,NA,MA,2023-11-25,NA,NA,NA,NA,NA,NA,NA,NA,NA,NA,NA,NA,NA,NA,NA,NA,NA,NA,NA,NA
841,NA,NA,MD,2023-10-15,NA,NA,NA,NA,NA,NA,NA,NA,NA,NA,NA,NA,NA,NA,NA,NA,NA,NA,NA,NA
842,1.04264485338508,0.3224296495135145,MD,2023-10-16,1,1,0,1,1,1,1,1,1,1,1,0,0,1,0,1,1,1,1,1
843,0.87954970840365,0.3126082328834755,MD,2023-10-17,1,1,1,1,1,1,0,1,1,1,1,1,0,1,0,1,0,1,1,1
844,1.26292316752726,0.3148042052377715,MD,2023-10-18,1,1,1,1,1,0,1,1,1,1,1,0,0,1,0,0,1,1,0,1
845,1.30875075547781,0.387408655160487,MD,2023-10-19,1,1,1,1,1,0,1,1,1,1,1,0,0,0,0,0,1,1,1,1
846,1.36400464448652,0.244784103855253,MD,2023-10-20,1,1,1,1,0,1,1,1,1,0,1,0,1,1,0,1,0,1,1,0
847,2.15291395352083,0.461996337320866,MD,2023-10-21,0,0,1,1,0,1,1,1,1,1,0,0,1,1,0,1,1,1,1,1
848,1.42857848401723,0.1494455846452225,MD,2023-10-22,1,1,1,1,0,1,1,1,1,1,0,1,1,0,0,1,1,1,1,1
849,1.24353424701322,0.349984452559211,MD,2023-10-23,0,0,1,1,1,1,1,1,1,1,0,1,1,1,1,1,0,1,1,1
850,2.21987571098849,0.2870969339510485,MD,2023-10-24,1,1,1,1,0,1,1,1,1,1,0,0,1,1,0,1,1,1,0,1
851,0.855003701615076,0.3063221426084195,MD,2023-10-25,1,1,1,1,1,1,0,1,1,1,1,0,1,1,1,1,0,1,1,1
852,2.09857209401097,0.217321078386357,MD,2023-10-26,1,1,1,1,0,1,1,1,1,1,1,0,0,1,1,1,0,1,1,0
853,1.87575913171733,0.2533187470437015,MD,2023-10-27,1,1,1,1,0,1,1,1,1,1,0,0,0,1,0,1,1,1,1,1
854,3.02751830152346,0.397849992517691,MD,2023-10-28,1,0,1,1,1,1,1,1,1,1,1,0,0,1,0,1,1,1,1,1
855,0.641417988770377,0.2709892978454065,MD,2023-10-29,1,1,1,1,1,1,1,1,1,1,1,1,1,1,1,1,1,1,1,1
856,0.639730753557623,0.270835389837069,MD,2023-10-30,1,1,1,1,1,1,1,1,1,1,1,0,0,1,0,1,1,1,1,0
857,1.42816360462055,0.391427107265643,MD,2023-10-31,0,0,1,1,1,1,1,1,1,0,0,0,1,0,0,1,1,1,1,1
858,1.75836187476363,0.446677494763067,MD,2023-11-01,0,1,1,1,1,0,1,1,1,1,0,1,0,1,0,1,1,1,1,1
859,1.68764540357123,0.247330875818222,MD,2023-11-02,0,1,1,1,0,1,1,1,1,1,0,0,1,1,1,1,1,1,1,1
860,1.57216146609924,0.4356899957536695,MD,2023-11-03,0,0,1,1,1,1,1,1,1,0,0,0,1,0,0,1,1,1,1,0
861,1.01951063564695,0.2829076122287235,MD,2023-11-04,1,1,0,1,1,1,1,1,1,1,1,0,0,0,0,1,1,1,1,1
862,1.42993447796099,0.200757311371269,MD,2023-11-05,1,1,1,1,0,1,1,1,1,1,1,0,0,1,0,1,1,1,1,0
863,2.67353487426094,0.394250595559487,MD,2023-11-06,1,1,0,0,1,1,1,0,1,1,1,1,0,0,0,1,0,0,1,0
864,1.6675649268795,0.445510731118107,MD,2023-11-07,1,1,1,1,1,0,1,0,0,1,1,0,0,0,0,0,1,0,0,1
865,1.81861608774134,0.2771830512349905,MD,2023-11-08,1,1,1,1,1,1,1,1,1,1,0,0,0,1,0,1,1,1,1,1
866,2.30277224325174,0.306815353120441,MD,2023-11-09,0,1,1,1,1,0,1,1,1,1,0,0,0,1,0,0,1,1,1,1
867,1.32201054494191,0.226933173091345,MD,2023-11-10,1,1,1,1,0,1,1,0,1,1,1,1,1,1,1,1,1,0,0,1
868,1.34358251105949,0.125559747450622,MD,2023-11-11,1,1,1,1,0,1,1,1,1,1,1,0,1,0,0,1,1,1,1,1
869,0.221260301912991,0.1246163350065835,MD,2023-11-12,1,1,1,1,1,1,1,1,1,1,1,1,1,1,1,1,1,1,1,1
870,1.89111728758579,0.255345194122057,MD,2023-11-13,0,1,1,1,0,0,1,1,1,1,0,1,1,1,0,0,0,1,1,1
871,2.33428268326409,0.318197875817249,MD,2023-11-14,0,1,1,1,1,1,1,1,1,1,0,0,1,1,0,1,1,1,1,0
872,2.67275248034609,0.54236340433249,MD,2023-11-15,0,1,1,1,0,0,1,1,1,1,0,0,0,1,0,0,1,1,1,1
873,1.59959486573796,0.2846154825919605,MD,2023-11-16,1,1,1,1,1,1,1,0,1,1,1,0,1,1,0,1,1,0,1,1
874,2.30929149258796,0.444773401583837,MD,2023-11-17,1,1,1,1,1,1,0,0,1,0,1,1,1,1,0,1,0,0,1,0
875,1.34267821374884,0.288921403122869,MD,2023-11-18,1,1,1,1,1,0,1,1,1,1,1,1,0,0,0,0,1,1,1,1
876,0.894765510269696,0.66512813492163,MD,2023-11-19,1,1,1,1,1,0,1,1,1,1,1,0,1,1,1,0,1,1,1,1
877,2.86974334018089,0.3262969877747295,MD,2023-11-20,1,1,1,1,1,1,1,0,1,1,1,0,0,0,1,1,0,0,1,0
878,4.62086893908202,0.4923604895415115,MD,2023-11-21,0,1,0,1,0,1,1,0,0,1,0,1,0,1,0,1,0,0,0,1
879,3.56207734007745,0.444298311907761,MD,2023-11-22,0,1,0,1,1,0,1,0,1,1,0,0,0,1,0,0,1,0,1,0
880,2.38995497755189,0.3732548339690395,MD,2023-11-23,0,1,1,1,1,1,1,0,1,1,0,0,1,1,0,1,1,0,1,1
881,4.76563032211171,0.354031557411839,MD,2023-11-24,0,1,0,1,1,1,1,0,1,1,0,0,0,0,0,0,0,0,1,1
882,1.9167505199349,0.2681637962602815,MD,2023-11-25,0,1,1,1,1,1,1,1,1,1,0,1,1,1,0,1,1,1,1,1
883,NA,NA,ME,2023-10-15,NA,NA,NA,NA,NA,NA,NA,NA,NA,NA,NA,NA,NA,NA,NA,NA,NA,NA,NA,NA
884,NA,NA,ME,2023-10-16,NA,NA,NA,NA,NA,NA,NA,NA,NA,NA,NA,NA,NA,NA,NA,NA,NA,NA,NA,NA
885,NA,NA,ME,2023-10-17,NA,NA,NA,NA,NA,NA,NA,NA,NA,NA,NA,NA,NA,NA,NA,NA,NA,NA,NA,NA
886,NA,NA,ME,2023-10-18,NA,NA,NA,NA,NA,NA,NA,NA,NA,NA,NA,NA,NA,NA,NA,NA,NA,NA,NA,NA
887,NA,NA,ME,2023-10-19,NA,NA,NA,NA,NA,NA,NA,NA,NA,NA,NA,NA,NA,NA,NA,NA,NA,NA,NA,NA
888,NA,NA,ME,2023-10-20,NA,NA,NA,NA,NA,NA,NA,NA,NA,NA,NA,NA,NA,NA,NA,NA,NA,NA,NA,NA
889,NA,NA,ME,2023-10-21,NA,NA,NA,NA,NA,NA,NA,NA,NA,NA,NA,NA,NA,NA,NA,NA,NA,NA,NA,NA
890,NA,NA,ME,2023-10-22,NA,NA,NA,NA,NA,NA,NA,NA,NA,NA,NA,NA,NA,NA,NA,NA,NA,NA,NA,NA
891,NA,NA,ME,2023-10-23,NA,NA,NA,NA,NA,NA,NA,NA,NA,NA,NA,NA,NA,NA,NA,NA,NA,NA,NA,NA
892,NA,NA,ME,2023-10-24,NA,NA,NA,NA,NA,NA,NA,NA,NA,NA,NA,NA,NA,NA,NA,NA,NA,NA,NA,NA
893,NA,NA,ME,2023-10-25,NA,NA,NA,NA,NA,NA,NA,NA,NA,NA,NA,NA,NA,NA,NA,NA,NA,NA,NA,NA
894,NA,NA,ME,2023-10-26,NA,NA,NA,NA,NA,NA,NA,NA,NA,NA,NA,NA,NA,NA,NA,NA,NA,NA,NA,NA
895,NA,NA,ME,2023-10-27,NA,NA,NA,NA,NA,NA,NA,NA,NA,NA,NA,NA,NA,NA,NA,NA,NA,NA,NA,NA
896,NA,NA,ME,2023-10-28,NA,NA,NA,NA,NA,NA,NA,NA,NA,NA,NA,NA,NA,NA,NA,NA,NA,NA,NA,NA
897,NA,NA,ME,2023-10-29,NA,NA,NA,NA,NA,NA,NA,NA,NA,NA,NA,NA,NA,NA,NA,NA,NA,NA,NA,NA
898,NA,NA,ME,2023-10-30,NA,NA,NA,NA,NA,NA,NA,NA,NA,NA,NA,NA,NA,NA,NA,NA,NA,NA,NA,NA
899,NA,NA,ME,2023-10-31,NA,NA,NA,NA,NA,NA,NA,NA,NA,NA,NA,NA,NA,NA,NA,NA,NA,NA,NA,NA
900,NA,NA,ME,2023-11-01,NA,NA,NA,NA,NA,NA,NA,NA,NA,NA,NA,NA,NA,NA,NA,NA,NA,NA,NA,NA
901,NA,NA,ME,2023-11-02,NA,NA,NA,NA,NA,NA,NA,NA,NA,NA,NA,NA,NA,NA,NA,NA,NA,NA,NA,NA
902,NA,NA,ME,2023-11-03,NA,NA,NA,NA,NA,NA,NA,NA,NA,NA,NA,NA,NA,NA,NA,NA,NA,NA,NA,NA
903,NA,NA,ME,2023-11-04,NA,NA,NA,NA,NA,NA,NA,NA,NA,NA,NA,NA,NA,NA,NA,NA,NA,NA,NA,NA
904,NA,NA,ME,2023-11-05,NA,NA,NA,NA,NA,NA,NA,NA,NA,NA,NA,NA,NA,NA,NA,NA,NA,NA,NA,NA
905,NA,NA,ME,2023-11-06,NA,NA,NA,NA,NA,NA,NA,NA,NA,NA,NA,NA,NA,NA,NA,NA,NA,NA,NA,NA
906,NA,NA,ME,2023-11-07,NA,NA,NA,NA,NA,NA,NA,NA,NA,NA,NA,NA,NA,NA,NA,NA,NA,NA,NA,NA
907,NA,NA,ME,2023-11-08,NA,NA,NA,NA,NA,NA,NA,NA,NA,NA,NA,NA,NA,NA,NA,NA,NA,NA,NA,NA
908,NA,NA,ME,2023-11-09,NA,NA,NA,NA,NA,NA,NA,NA,NA,NA,NA,NA,NA,NA,NA,NA,NA,NA,NA,NA
909,NA,NA,ME,2023-11-10,NA,NA,NA,NA,NA,NA,NA,NA,NA,NA,NA,NA,NA,NA,NA,NA,NA,NA,NA,NA
910,NA,NA,ME,2023-11-11,NA,NA,NA,NA,NA,NA,NA,NA,NA,NA,NA,NA,NA,NA,NA,NA,NA,NA,NA,NA
911,NA,NA,ME,2023-11-12,NA,NA,NA,NA,NA,NA,NA,NA,NA,NA,NA,NA,NA,NA,NA,NA,NA,NA,NA,NA
912,NA,NA,ME,2023-11-13,NA,NA,NA,NA,NA,NA,NA,NA,NA,NA,NA,NA,NA,NA,NA,NA,NA,NA,NA,NA
913,NA,NA,ME,2023-11-14,NA,NA,NA,NA,NA,NA,NA,NA,NA,NA,NA,NA,NA,NA,NA,NA,NA,NA,NA,NA
914,NA,NA,ME,2023-11-15,NA,NA,NA,NA,NA,NA,NA,NA,NA,NA,NA,NA,NA,NA,NA,NA,NA,NA,NA,NA
915,NA,NA,ME,2023-11-16,NA,NA,NA,NA,NA,NA,NA,NA,NA,NA,NA,NA,NA,NA,NA,NA,NA,NA,NA,NA
916,NA,NA,ME,2023-11-17,NA,NA,NA,NA,NA,NA,NA,NA,NA,NA,NA,NA,NA,NA,NA,NA,NA,NA,NA,NA
917,NA,NA,ME,2023-11-18,NA,NA,NA,NA,NA,NA,NA,NA,NA,NA,NA,NA,NA,NA,NA,NA,NA,NA,NA,NA
918,NA,NA,ME,2023-11-19,NA,NA,NA,NA,NA,NA,NA,NA,NA,NA,NA,NA,NA,NA,NA,NA,NA,NA,NA,NA
919,0.341885803479168,0.207795734355056,ME,2023-11-20,1,1,1,1,1,1,1,1,1,1,1,0,1,1,0,1,1,1,1,1
920,NA,NA,ME,2023-11-21,NA,NA,NA,NA,NA,NA,NA,NA,NA,NA,NA,NA,NA,NA,NA,NA,NA,NA,NA,NA
921,NA,NA,ME,2023-11-22,NA,NA,NA,NA,NA,NA,NA,NA,NA,NA,NA,NA,NA,NA,NA,NA,NA,NA,NA,NA
922,NA,NA,ME,2023-11-23,NA,NA,NA,NA,NA,NA,NA,NA,NA,NA,NA,NA,NA,NA,NA,NA,NA,NA,NA,NA
923,NA,NA,ME,2023-11-24,NA,NA,NA,NA,NA,NA,NA,NA,NA,NA,NA,NA,NA,NA,NA,NA,NA,NA,NA,NA
924,NA,NA,ME,2023-11-25,NA,NA,NA,NA,NA,NA,NA,NA,NA,NA,NA,NA,NA,NA,NA,NA,NA,NA,NA,NA
925,0.801174265220389,0.3543955988323445,MI,2023-10-15,1,1,1,1,1,1,1,1,1,1,1,0,0,1,0,1,1,1,1,1
926,3.65500998909551,0.345024176156091,MI,2023-10-16,1,0,1,1,0,1,1,1,1,1,1,0,0,0,0,0,1,1,1,0
927,2.30127650310717,0.3733610689810595,MI,2023-10-17,1,1,1,1,1,1,0,1,1,1,0,0,0,0,0,0,0,1,1,1
928,2.07410333051617,0.3564156010072455,MI,2023-10-18,1,1,1,1,1,1,1,0,1,1,1,0,0,0,0,1,1,0,1,0
929,7.76905335586784,0.446162641146836,MI,2023-10-19,0,0,1,1,0,0,0,1,1,1,0,0,1,1,0,0,0,0,1,0
930,6.29284987843042,0.3296104145699855,MI,2023-10-20,1,0,1,1,0,1,1,1,1,1,1,1,0,0,0,1,1,1,1,0
931,0.856706452169214,0.348988709247387,MI,2023-10-21,0,1,1,1,1,1,1,1,1,1,0,0,1,0,0,1,1,1,1,1
932,0.598632833724027,0.273840969375118,MI,2023-10-22,1,1,1,1,1,1,1,1,1,1,1,0,1,1,0,1,1,1,1,1
933,3.04459020822689,0.378355945122178,MI,2023-10-23,1,1,0,1,1,1,1,1,0,0,1,0,0,0,0,0,1,1,0,0
934,3.03768892477586,0.3470995340290345,MI,2023-10-24,0,1,1,1,0,1,1,1,0,1,0,1,0,0,0,0,0,1,0,0
935,4.3074065750049,0.3459544822557495,MI,2023-10-25,1,0,1,1,0,1,1,0,1,1,0,0,0,0,0,1,1,0,1,0
936,2.86618745339489,0.38665343047278,MI,2023-10-26,1,1,0,1,1,0,0,1,1,1,0,0,0,1,0,0,0,1,1,1
937,3.46881982759236,0.3620340904154615,MI,2023-10-27,1,0,1,1,0,1,0,1,0,1,0,0,0,0,0,0,0,1,0,0
938,2.55944441413007,0.4443009953595545,MI,2023-10-28,0,0,1,0,1,1,1,0,1,1,0,0,1,0,0,1,0,0,1,1
939,2.20412396203718,0.352358742860772,MI,2023-10-29,0,0,1,1,1,1,1,1,1,1,0,0,0,0,0,0,0,1,1,0
940,5.1787266294484,0.401420507984206,MI,2023-10-30,0,1,0,1,1,0,1,1,1,1,0,0,1,0,0,0,0,0,1,0
941,3.13515751081184,0.337316351955176,MI,2023-10-31,1,1,1,1,0,0,1,1,1,1,0,0,1,0,0,0,0,0,1,0
942,2.84823211994145,0.383301687013552,MI,2023-11-01,1,1,0,1,1,1,1,1,0,1,0,0,1,0,0,1,0,1,0,1
943,2.94100256101017,0.3519705014360505,MI,2023-11-02,1,1,0,1,0,1,1,1,1,1,0,0,0,1,0,0,1,1,1,0
944,3.32136098973576,0.3635566670781345,MI,2023-11-03,1,0,1,1,0,1,1,1,0,1,0,0,0,0,0,1,0,0,0,1
945,2.33383594588336,0.365612981156889,MI,2023-11-04,1,0,1,1,0,1,0,1,1,1,1,0,0,1,0,0,0,1,1,0
946,1.84902273262269,0.4108742278303825,MI,2023-11-05,1,0,0,1,1,1,1,1,1,1,0,0,0,0,0,0,1,1,1,0
947,6.17007337009251,0.3906347347680835,MI,2023-11-06,1,0,1,1,1,1,1,0,0,0,0,0,1,1,0,0,0,0,0,0
948,6.77898051532633,0.4073711571774455,MI,2023-11-07,1,0,0,1,1,1,1,1,1,1,0,0,0,0,0,0,0,0,1,0
949,5.66447271903829,0.343267764982372,MI,2023-11-08,0,1,1,0,0,1,1,0,1,1,0,0,0,0,0,0,0,0,1,0
950,4.66660388105673,0.40184611671407,MI,2023-11-09,1,1,0,1,1,0,1,0,0,1,1,0,0,0,0,0,0,0,0,0
951,4.72742818867063,0.406405772451974,MI,2023-11-10,1,0,1,1,1,1,0,0,1,0,0,0,0,0,0,0,0,0,1,0
952,3.53907523461274,0.4140359284464455,MI,2023-11-11,1,0,0,1,1,1,0,0,1,1,0,0,0,0,0,0,0,1,1,0
953,3.45738955591241,0.3493716237993745,MI,2023-11-12,1,0,1,1,0,1,1,0,0,1,0,0,0,0,0,0,0,0,0,0
954,4.00800445432827,0.365759655656164,MI,2023-11-13,1,0,0,1,0,1,1,1,1,1,1,0,0,0,0,0,0,0,1,0
955,5.02407118451455,0.3056757218635135,MI,2023-11-14,1,0,1,1,0,1,1,1,1,1,1,0,0,0,0,0,0,1,1,1
956,4.50653468001226,0.3343674321505585,MI,2023-11-15,0,0,1,1,0,1,1,1,1,1,0,0,0,0,0,1,0,0,1,0
957,1.85029512123683,0.3851493568047505,MI,2023-11-16,0,1,1,1,1,1,1,0,1,1,0,1,0,0,0,1,0,0,1,1
958,1.88441511462229,0.388392049169245,MI,2023-11-17,1,1,1,1,1,1,1,0,1,1,0,0,0,1,0,1,1,0,1,1
959,2.32808701512499,0.347896240277842,MI,2023-11-18,1,0,0,1,0,1,1,1,1,1,1,0,0,0,0,1,0,1,1,1
960,2.30331188221375,0.4098417086139695,MI,2023-11-19,0,1,1,0,1,1,1,0,0,1,0,0,0,0,0,1,0,0,0,0
961,8.74557264212992,0.393965758043068,MI,2023-11-20,1,0,1,1,1,1,1,1,0,0,1,0,0,0,0,1,0,0,0,1
962,4.02704305892394,0.363225652227638,MI,2023-11-21,1,1,1,1,0,1,1,1,1,1,0,0,0,0,0,0,0,0,1,0
963,7.73476951533185,0.3647425286934745,MI,2023-11-22,0,0,1,1,0,1,1,1,0,1,0,0,0,0,0,0,0,0,0,1
964,4.35121908534345,0.378244966162314,MI,2023-11-23,1,0,1,1,0,1,1,0,0,1,0,0,0,1,0,0,1,1,0,0
965,7.06759827622297,0.3655827619417795,MI,2023-11-24,1,0,1,1,0,1,1,0,1,1,0,0,0,1,0,0,0,0,1,0
966,3.61215695925035,0.374510737237906,MI,2023-11-25,1,1,1,1,0,1,1,0,1,1,0,0,0,0,0,1,0,0,1,1
967,1.46257985422339,0.3522198484553835,MN,2023-10-15,0,1,1,1,1,1,1,1,1,1,0,0,1,1,0,1,0,1,1,1
968,2.33244948984792,0.3935375977346845,MN,2023-10-16,1,0,0,1,1,1,1,1,1,1,1,0,0,0,1,1,0,1,1,0
969,3.33808274439645,0.398045573432736,MN,2023-10-17,1,1,1,1,0,1,1,1,1,1,1,0,0,0,0,0,0,1,0,0
970,2.22797007310787,0.3526009081699115,MN,2023-10-18,1,1,1,0,1,1,1,1,0,1,0,0,0,0,0,0,1,1,0,1
971,1.38510221533508,0.376356508695802,MN,2023-10-19,1,1,1,1,1,1,0,1,1,1,0,0,0,1,0,0,0,1,1,0
972,1.11606058322528,0.362429145887051,MN,2023-10-20,1,1,1,1,1,1,1,1,1,1,0,1,0,1,1,1,1,1,1,1
973,1.29269665709353,0.3345041903232735,MN,2023-10-21,1,1,1,1,1,1,1,1,1,1,1,0,0,0,0,1,0,1,1,0
974,1.565778556445,0.3721548421370435,MN,2023-10-22,1,1,1,1,1,1,1,1,1,1,1,0,0,0,0,0,0,1,1,1
975,4.0436998390129,0.29825791986885,MN,2023-10-23,1,1,1,0,0,1,1,1,1,1,1,0,0,0,0,0,0,1,1,0
976,2.33166421989597,0.3608745565176355,MN,2023-10-24,1,1,1,1,1,1,1,1,1,1,1,0,0,0,0,0,0,1,0,0
977,5.89739060299503,0.3576418634056435,MN,2023-10-25,1,0,1,1,0,1,1,1,1,0,0,0,0,0,0,0,0,1,1,0
978,3.4619119489719,0.376107634670847,MN,2023-10-26,1,0,1,0,1,0,0,1,1,1,1,0,0,0,0,0,0,1,1,0
979,4.53059730599472,0.4072644585202935,MN,2023-10-27,0,0,1,1,1,0,1,1,1,1,0,0,0,0,0,0,0,1,1,0
980,2.34199558986042,0.3644694740564565,MN,2023-10-28,0,0,1,1,1,1,1,1,1,1,0,0,0,0,1,0,0,1,1,1
981,3.9699699205823,0.377847330828546,MN,2023-10-29,1,0,0,0,1,0,1,1,1,1,1,0,0,0,0,0,0,1,1,1
982,3.47351049188005,0.346984608360955,MN,2023-10-30,1,1,1,1,0,1,1,1,1,0,0,0,0,0,1,0,0,1,0,0
983,6.30701905903562,0.3593937488158835,MN,2023-10-31,0,0,1,1,0,0,0,1,1,1,0,0,1,0,0,0,0,1,1,0
984,7.48931334696674,0.3840869754345975,MN,2023-11-01,0,0,1,0,0,0,0,0,1,1,0,0,1,0,1,0,0,0,1,0
985,2.46846841528864,0.384399012311588,MN,2023-11-02,1,1,1,1,1,0,1,1,1,1,0,0,0,1,0,0,0,1,1,0
986,6.07565473305891,0.387338948881834,MN,2023-11-03,1,0,1,1,0,0,1,1,1,1,0,0,0,0,0,0,1,1,0,0
987,5.06115235439768,0.321745044387559,MN,2023-11-04,1,0,0,1,0,1,0,1,1,1,0,0,0,0,0,0,0,1,1,0
988,3.36472514030739,0.352897841827723,MN,2023-11-05,1,0,0,1,0,0,1,0,1,1,1,0,0,0,0,0,1,0,1,1
989,4.1620160489745,0.38416523240684203,MN,2023-11-06,0,0,1,1,1,0,1,0,1,1,0,0,0,0,0,0,0,0,0,0
990,9.91758604923233,0.3682289309198095,MN,2023-11-07,1,0,0,1,0,0,1,0,1,0,1,0,0,0,0,0,0,0,0,0
991,5.53289055244931,0.359277202809568,MN,2023-11-08,0,0,1,1,0,1,1,1,1,1,0,1,0,0,0,0,0,1,0,0
992,4.39071505231098,0.4032692699701455,MN,2023-11-09,0,1,1,1,1,0,1,0,1,0,0,0,1,0,0,0,0,0,0,0
993,10.8388421760251,0.3378189061919005,MN,2023-11-10,1,0,0,1,0,0,0,1,1,1,0,0,0,0,0,0,1,1,1,0
994,6.64074420868944,0.3122476685038355,MN,2023-11-11,1,0,0,1,0,1,1,1,1,1,0,0,0,0,0,1,1,1,0,0
995,4.34468444558022,0.349416641707737,MN,2023-11-12,1,1,0,0,0,0,1,0,1,1,0,0,0,0,0,0,0,0,0,0
996,7.58157806212052,0.3703698572531015,MN,2023-11-13,0,0,1,1,0,0,0,0,1,0,0,0,1,0,0,0,1,0,0,0
997,9.1933183208596,0.377068432160718,MN,2023-11-14,0,0,1,1,0,0,0,0,1,1,0,0,0,0,0,0,0,0,0,0
998,5.01748953686795,0.4086967968191565,MN,2023-11-15,1,0,1,1,1,0,1,0,1,0,0,0,1,0,0,0,0,0,1,0
999,4.37306941918204,0.3762207197326265,MN,2023-11-16,1,0,0,1,1,1,1,1,1,0,0,0,0,0,0,0,0,1,0,0
1000,4.65155314599892,0.41342282772904,MN,2023-11-17,0,0,1,0,1,1,1,0,1,0,0,0,0,0,0,0,1,0,0,1
1001,10.5759924140999,0.299398000054004,MN,2023-11-18,1,0,0,1,0,1,0,0,1,1,0,0,0,0,0,0,0,0,1,0
1002,5.36293603105455,0.376144851859203,MN,2023-11-19,1,0,0,0,0,0,1,1,1,1,0,0,0,0,0,0,1,1,0,0
1003,6.58470677828425,0.3875028971182385,MN,2023-11-20,0,0,1,0,1,1,0,0,1,1,0,0,0,0,0,0,0,0,0,0
1004,8.76421499938854,0.407686107731372,MN,2023-11-21,0,1,0,1,1,1,0,0,1,0,0,0,0,0,0,1,0,0,0,0
1005,7.65388090859814,0.3783658455080725,MN,2023-11-22,1,0,0,0,0,1,1,0,1,1,0,0,0,0,0,1,0,0,0,0
1006,2.80822210482868,0.4318811637906965,MN,2023-11-23,0,1,0,0,1,0,1,1,1,1,0,1,0,0,0,0,0,1,1,0
1007,5.25027412489761,0.372490051972273,MN,2023-11-24,1,1,0,1,0,0,0,0,1,1,0,0,0,0,0,0,1,0,0,1
1008,5.60002428870903,0.422441282558153,MN,2023-11-25,0,1,0,1,1,0,1,0,1,0,0,0,0,0,0,0,1,0,0,0
1009,NA,NA,MO,2023-10-15,NA,NA,NA,NA,NA,NA,NA,NA,NA,NA,NA,NA,NA,NA,NA,NA,NA,NA,NA,NA
1010,NA,NA,MO,2023-10-16,NA,NA,NA,NA,NA,NA,NA,NA,NA,NA,NA,NA,NA,NA,NA,NA,NA,NA,NA,NA
1011,0.304418463662604,0.2109286612533585,MO,2023-10-17,1,1,1,1,1,1,1,1,1,1,1,1,1,1,1,1,1,1,1,1
1012,NA,NA,MO,2023-10-18,NA,NA,NA,NA,NA,NA,NA,NA,NA,NA,NA,NA,NA,NA,NA,NA,NA,NA,NA,NA
1013,NA,NA,MO,2023-10-19,NA,NA,NA,NA,NA,NA,NA,NA,NA,NA,NA,NA,NA,NA,NA,NA,NA,NA,NA,NA
1014,1.22787655406887,0.413399238146385,MO,2023-10-20,1,0,1,1,1,1,1,1,1,1,1,0,0,1,0,1,1,1,1,1
1015,0.556703259625491,0.4131457620117545,MO,2023-10-21,1,0,1,1,1,1,1,1,1,1,1,0,0,1,1,1,1,1,1,1
1016,NA,NA,MO,2023-10-22,NA,NA,NA,NA,NA,NA,NA,NA,NA,NA,NA,NA,NA,NA,NA,NA,NA,NA,NA,NA
1017,NA,NA,MO,2023-10-23,NA,NA,NA,NA,NA,NA,NA,NA,NA,NA,NA,NA,NA,NA,NA,NA,NA,NA,NA,NA
1018,0.561104419506256,0.4122586267462825,MO,2023-10-24,1,0,1,1,1,1,1,1,1,1,1,0,1,1,0,1,1,1,1,1
1019,NA,NA,MO,2023-10-25,NA,NA,NA,NA,NA,NA,NA,NA,NA,NA,NA,NA,NA,NA,NA,NA,NA,NA,NA,NA
1020,0.311288798013639,0.212251268496112,MO,2023-10-26,1,1,1,1,1,1,1,1,1,1,1,1,1,1,1,1,1,1,1,1
1021,0.463515865595084,0.311897595925237,MO,2023-10-27,1,1,1,1,1,1,1,1,1,1,1,0,1,1,1,1,1,0,1,1
1022,0.330705582558353,0.213031890010573,MO,2023-10-28,1,1,1,1,1,1,1,1,1,1,0,1,1,1,0,1,1,1,1,1
1023,NA,NA,MO,2023-10-29,NA,NA,NA,NA,NA,NA,NA,NA,NA,NA,NA,NA,NA,NA,NA,NA,NA,NA,NA,NA
1024,NA,NA,MO,2023-10-30,NA,NA,NA,NA,NA,NA,NA,NA,NA,NA,NA,NA,NA,NA,NA,NA,NA,NA,NA,NA
1025,NA,NA,MO,2023-10-31,NA,NA,NA,NA,NA,NA,NA,NA,NA,NA,NA,NA,NA,NA,NA,NA,NA,NA,NA,NA
1026,NA,NA,MO,2023-11-01,NA,NA,NA,NA,NA,NA,NA,NA,NA,NA,NA,NA,NA,NA,NA,NA,NA,NA,NA,NA
1027,NA,NA,MO,2023-11-02,NA,NA,NA,NA,NA,NA,NA,NA,NA,NA,NA,NA,NA,NA,NA,NA,NA,NA,NA,NA
1028,NA,NA,MO,2023-11-03,NA,NA,NA,NA,NA,NA,NA,NA,NA,NA,NA,NA,NA,NA,NA,NA,NA,NA,NA,NA
1029,NA,NA,MO,2023-11-04,NA,NA,NA,NA,NA,NA,NA,NA,NA,NA,NA,NA,NA,NA,NA,NA,NA,NA,NA,NA
1030,0.804421602422149,0.563303637728305,MO,2023-11-05,1,1,1,1,1,1,1,1,1,0,0,1,1,1,1,1,1,1,1,0
1031,0.671327291214561,0.48798384872211,MO,2023-11-06,1,1,0,1,1,1,1,1,1,1,1,1,0,0,1,1,1,1,1,1
1032,1.30468917082313,0.2206157217948325,MO,2023-11-07,1,1,1,1,0,1,1,1,1,1,1,0,1,1,0,1,1,1,1,1
1033,NA,NA,MO,2023-11-08,NA,NA,NA,NA,NA,NA,NA,NA,NA,NA,NA,NA,NA,NA,NA,NA,NA,NA,NA,NA
1034,NA,NA,MO,2023-11-09,NA,NA,NA,NA,NA,NA,NA,NA,NA,NA,NA,NA,NA,NA,NA,NA,NA,NA,NA,NA
1035,NA,NA,MO,2023-11-10,NA,NA,NA,NA,NA,NA,NA,NA,NA,NA,NA,NA,NA,NA,NA,NA,NA,NA,NA,NA
1036,NA,NA,MO,2023-11-11,NA,NA,NA,NA,NA,NA,NA,NA,NA,NA,NA,NA,NA,NA,NA,NA,NA,NA,NA,NA
1037,NA,NA,MO,2023-11-12,NA,NA,NA,NA,NA,NA,NA,NA,NA,NA,NA,NA,NA,NA,NA,NA,NA,NA,NA,NA
1038,0.475074772650555,0.315078364214212,MO,2023-11-13,1,1,1,1,1,1,1,1,1,1,1,0,1,1,0,1,1,1,1,1
1039,NA,NA,MO,2023-11-14,NA,NA,NA,NA,NA,NA,NA,NA,NA,NA,NA,NA,NA,NA,NA,NA,NA,NA,NA,NA
1040,0.339404254644271,0.2335626438242025,MO,2023-11-15,1,1,1,1,1,1,1,1,1,1,1,1,1,1,0,1,1,1,1,0
1041,NA,NA,MO,2023-11-16,NA,NA,NA,NA,NA,NA,NA,NA,NA,NA,NA,NA,NA,NA,NA,NA,NA,NA,NA,NA
1042,NA,NA,MO,2023-11-17,NA,NA,NA,NA,NA,NA,NA,NA,NA,NA,NA,NA,NA,NA,NA,NA,NA,NA,NA,NA
1043,0.538875018826388,0.3959264269804185,MO,2023-11-18,1,0,1,1,1,1,1,1,1,1,1,0,1,0,1,1,1,1,1,1
1044,NA,NA,MO,2023-11-19,NA,NA,NA,NA,NA,NA,NA,NA,NA,NA,NA,NA,NA,NA,NA,NA,NA,NA,NA,NA
1045,2.46368872348868,0.52803138564333,MO,2023-11-20,0,1,1,1,0,1,1,1,1,1,0,0,0,1,1,1,1,0,1,1
1046,NA,NA,MO,2023-11-21,NA,NA,NA,NA,NA,NA,NA,NA,NA,NA,NA,NA,NA,NA,NA,NA,NA,NA,NA,NA
1047,0.524963470761197,0.3918733921435015,MO,2023-11-22,1,0,1,1,1,1,1,1,1,1,1,0,1,1,1,1,1,0,1,1
1048,NA,NA,MO,2023-11-23,NA,NA,NA,NA,NA,NA,NA,NA,NA,NA,NA,NA,NA,NA,NA,NA,NA,NA,NA,NA
1049,0.768754471758335,0.5268512061248,MO,2023-11-24,1,1,1,0,1,1,1,1,1,1,1,1,1,0,1,1,1,0,1,1
1050,0.816868405739799,0.414565783609166,MO,2023-11-25,1,1,1,1,1,0,1,1,1,1,1,1,1,1,0,0,1,0,1,1
1051,NA,NA,MS,2023-10-15,NA,NA,NA,NA,NA,NA,NA,NA,NA,NA,NA,NA,NA,NA,NA,NA,NA,NA,NA,NA
1052,1.09671997313049,0.323508581733293,MS,2023-10-16,1,1,1,1,0,1,1,1,1,1,1,0,1,1,0,1,1,1,1,1
1053,0.944670532421574,0.462426949187803,MS,2023-10-17,1,1,0,1,1,1,1,1,1,1,1,1,0,1,0,1,1,1,1,1
1054,0.862989291180647,0.617144070832725,MS,2023-10-18,1,1,1,1,1,1,1,1,1,0,1,0,1,1,1,1,1,1,1,0
1055,NA,NA,MS,2023-10-19,NA,NA,NA,NA,NA,NA,NA,NA,NA,NA,NA,NA,NA,NA,NA,NA,NA,NA,NA,NA
1056,0.310838469850707,0.224156697011138,MS,2023-10-20,1,1,1,1,1,1,1,1,1,1,1,1,1,1,1,1,1,1,1,1
1057,0.472557326243469,0.318814117422479,MS,2023-10-21,1,1,1,1,1,1,1,1,1,1,1,1,0,1,0,1,1,1,1,1
1058,NA,NA,MS,2023-10-22,NA,NA,NA,NA,NA,NA,NA,NA,NA,NA,NA,NA,NA,NA,NA,NA,NA,NA,NA,NA
1059,0.784423500706771,0.4055154743319295,MS,2023-10-23,1,1,1,0,1,1,1,1,1,1,0,0,1,0,1,1,1,1,1,0
1060,0.996682732741401,0.476451408319418,MS,2023-10-24,1,1,1,1,1,1,0,1,1,1,1,0,1,1,1,1,0,1,1,1
1061,1.29548298612006,0.614688855693075,MS,2023-10-25,1,1,0,1,1,1,0,1,1,1,1,0,0,1,1,1,0,1,1,1
1062,0.319104226013205,0.2738541525656155,MS,2023-10-26,1,1,1,1,1,1,1,1,1,1,1,0,0,1,0,1,1,1,1,0
1063,1.05227927512252,0.316184001998782,MS,2023-10-27,1,1,1,1,0,1,1,1,1,1,1,0,1,0,0,1,1,1,1,1
1064,NA,NA,MS,2023-10-28,NA,NA,NA,NA,NA,NA,NA,NA,NA,NA,NA,NA,NA,NA,NA,NA,NA,NA,NA,NA
1065,NA,NA,MS,2023-10-29,NA,NA,NA,NA,NA,NA,NA,NA,NA,NA,NA,NA,NA,NA,NA,NA,NA,NA,NA,NA
1066,0.70099199237638,0.289509811794668,MS,2023-10-30,1,1,1,1,1,1,1,1,1,1,0,0,1,1,1,1,1,1,1,1
1067,NA,NA,MS,2023-10-31,NA,NA,NA,NA,NA,NA,NA,NA,NA,NA,NA,NA,NA,NA,NA,NA,NA,NA,NA,NA
1068,NA,NA,MS,2023-11-01,NA,NA,NA,NA,NA,NA,NA,NA,NA,NA,NA,NA,NA,NA,NA,NA,NA,NA,NA,NA
1069,NA,NA,MS,2023-11-02,NA,NA,NA,NA,NA,NA,NA,NA,NA,NA,NA,NA,NA,NA,NA,NA,NA,NA,NA,NA
1070,NA,NA,MS,2023-11-03,NA,NA,NA,NA,NA,NA,NA,NA,NA,NA,NA,NA,NA,NA,NA,NA,NA,NA,NA,NA
1071,NA,NA,MS,2023-11-04,NA,NA,NA,NA,NA,NA,NA,NA,NA,NA,NA,NA,NA,NA,NA,NA,NA,NA,NA,NA
1072,NA,NA,MS,2023-11-05,NA,NA,NA,NA,NA,NA,NA,NA,NA,NA,NA,NA,NA,NA,NA,NA,NA,NA,NA,NA
1073,NA,NA,MS,2023-11-06,NA,NA,NA,NA,NA,NA,NA,NA,NA,NA,NA,NA,NA,NA,NA,NA,NA,NA,NA,NA
1074,NA,NA,MS,2023-11-07,NA,NA,NA,NA,NA,NA,NA,NA,NA,NA,NA,NA,NA,NA,NA,NA,NA,NA,NA,NA
1075,0.861236316966986,0.606419234573435,MS,2023-11-08,1,1,1,1,1,0,1,1,1,1,1,1,1,1,0,0,1,1,1,1
1076,NA,NA,MS,2023-11-09,NA,NA,NA,NA,NA,NA,NA,NA,NA,NA,NA,NA,NA,NA,NA,NA,NA,NA,NA,NA
1077,NA,NA,MS,2023-11-10,NA,NA,NA,NA,NA,NA,NA,NA,NA,NA,NA,NA,NA,NA,NA,NA,NA,NA,NA,NA
1078,NA,NA,MS,2023-11-11,NA,NA,NA,NA,NA,NA,NA,NA,NA,NA,NA,NA,NA,NA,NA,NA,NA,NA,NA,NA
1079,NA,NA,MS,2023-11-12,NA,NA,NA,NA,NA,NA,NA,NA,NA,NA,NA,NA,NA,NA,NA,NA,NA,NA,NA,NA
1080,0.86388890077651,0.599449113301225,MS,2023-11-13,1,1,1,1,1,0,1,1,1,1,1,0,1,1,1,0,1,1,1,1
1081,NA,NA,MS,2023-11-14,NA,NA,NA,NA,NA,NA,NA,NA,NA,NA,NA,NA,NA,NA,NA,NA,NA,NA,NA,NA
1082,0.371697750673656,0.2895754898855565,MS,2023-11-15,1,1,1,1,1,1,1,1,1,1,0,0,1,1,0,1,1,1,1,1
1083,1.86614188814794,0.4370273199094185,MS,2023-11-16,1,0,1,1,0,1,1,1,0,1,1,0,0,1,0,1,1,1,0,1
1084,1.16833410703401,0.579474690728325,MS,2023-11-17,0,1,1,0,1,1,1,1,1,1,0,1,1,1,0,1,1,1,1,1
1085,NA,NA,MS,2023-11-18,NA,NA,NA,NA,NA,NA,NA,NA,NA,NA,NA,NA,NA,NA,NA,NA,NA,NA,NA,NA
1086,NA,NA,MS,2023-11-19,NA,NA,NA,NA,NA,NA,NA,NA,NA,NA,NA,NA,NA,NA,NA,NA,NA,NA,NA,NA
1087,1.01938706033422,0.354881553277092,MS,2023-11-20,1,1,0,1,1,1,1,1,1,1,0,0,1,1,1,1,1,1,1,1
1088,NA,NA,MS,2023-11-21,NA,NA,NA,NA,NA,NA,NA,NA,NA,NA,NA,NA,NA,NA,NA,NA,NA,NA,NA,NA
1089,0.453970671097393,0.339735222399368,MS,2023-11-22,1,1,1,1,1,1,1,1,1,1,0,1,1,1,0,1,1,1,1,1
1090,NA,NA,MS,2023-11-23,NA,NA,NA,NA,NA,NA,NA,NA,NA,NA,NA,NA,NA,NA,NA,NA,NA,NA,NA,NA
1091,0.802016166565407,0.573999587670905,MS,2023-11-24,0,1,1,1,1,1,1,1,1,1,0,1,0,1,1,1,1,1,1,1
1092,NA,NA,MS,2023-11-25,NA,NA,NA,NA,NA,NA,NA,NA,NA,NA,NA,NA,NA,NA,NA,NA,NA,NA,NA,NA
1093,NA,NA,MT,2023-10-15,NA,NA,NA,NA,NA,NA,NA,NA,NA,NA,NA,NA,NA,NA,NA,NA,NA,NA,NA,NA
1094,0.277432355572488,0.1879185404440235,MT,2023-10-16,1,1,1,1,1,1,1,1,1,1,1,0,1,1,0,1,1,1,1,1
1095,NA,NA,MT,2023-10-17,NA,NA,NA,NA,NA,NA,NA,NA,NA,NA,NA,NA,NA,NA,NA,NA,NA,NA,NA,NA
1096,NA,NA,MT,2023-10-18,NA,NA,NA,NA,NA,NA,NA,NA,NA,NA,NA,NA,NA,NA,NA,NA,NA,NA,NA,NA
1097,0.582690155028624,0.427799458168374,MT,2023-10-19,1,0,1,1,1,1,1,1,1,1,1,0,1,0,1,1,1,1,1,1
1098,NA,NA,MT,2023-10-20,NA,NA,NA,NA,NA,NA,NA,NA,NA,NA,NA,NA,NA,NA,NA,NA,NA,NA,NA,NA
1099,NA,NA,MT,2023-10-21,NA,NA,NA,NA,NA,NA,NA,NA,NA,NA,NA,NA,NA,NA,NA,NA,NA,NA,NA,NA
1100,NA,NA,MT,2023-10-22,NA,NA,NA,NA,NA,NA,NA,NA,NA,NA,NA,NA,NA,NA,NA,NA,NA,NA,NA,NA
1101,NA,NA,MT,2023-10-23,NA,NA,NA,NA,NA,NA,NA,NA,NA,NA,NA,NA,NA,NA,NA,NA,NA,NA,NA,NA
1102,NA,NA,MT,2023-10-24,NA,NA,NA,NA,NA,NA,NA,NA,NA,NA,NA,NA,NA,NA,NA,NA,NA,NA,NA,NA
1103,NA,NA,MT,2023-10-25,NA,NA,NA,NA,NA,NA,NA,NA,NA,NA,NA,NA,NA,NA,NA,NA,NA,NA,NA,NA
1104,0.278273232824569,0.182399894567176,MT,2023-10-26,1,1,1,1,1,1,1,1,1,1,1,0,1,1,0,1,1,1,1,1
1105,NA,NA,MT,2023-10-27,NA,NA,NA,NA,NA,NA,NA,NA,NA,NA,NA,NA,NA,NA,NA,NA,NA,NA,NA,NA
1106,NA,NA,MT,2023-10-28,NA,NA,NA,NA,NA,NA,NA,NA,NA,NA,NA,NA,NA,NA,NA,NA,NA,NA,NA,NA
1107,NA,NA,MT,2023-10-29,NA,NA,NA,NA,NA,NA,NA,NA,NA,NA,NA,NA,NA,NA,NA,NA,NA,NA,NA,NA
1108,NA,NA,MT,2023-10-30,NA,NA,NA,NA,NA,NA,NA,NA,NA,NA,NA,NA,NA,NA,NA,NA,NA,NA,NA,NA
1109,NA,NA,MT,2023-10-31,NA,NA,NA,NA,NA,NA,NA,NA,NA,NA,NA,NA,NA,NA,NA,NA,NA,NA,NA,NA
1110,NA,NA,MT,2023-11-01,NA,NA,NA,NA,NA,NA,NA,NA,NA,NA,NA,NA,NA,NA,NA,NA,NA,NA,NA,NA
1111,NA,NA,MT,2023-11-02,NA,NA,NA,NA,NA,NA,NA,NA,NA,NA,NA,NA,NA,NA,NA,NA,NA,NA,NA,NA
1112,NA,NA,MT,2023-11-03,NA,NA,NA,NA,NA,NA,NA,NA,NA,NA,NA,NA,NA,NA,NA,NA,NA,NA,NA,NA
1113,NA,NA,MT,2023-11-04,NA,NA,NA,NA,NA,NA,NA,NA,NA,NA,NA,NA,NA,NA,NA,NA,NA,NA,NA,NA
1114,NA,NA,MT,2023-11-05,NA,NA,NA,NA,NA,NA,NA,NA,NA,NA,NA,NA,NA,NA,NA,NA,NA,NA,NA,NA
1115,NA,NA,MT,2023-11-06,NA,NA,NA,NA,NA,NA,NA,NA,NA,NA,NA,NA,NA,NA,NA,NA,NA,NA,NA,NA
1116,NA,NA,MT,2023-11-07,NA,NA,NA,NA,NA,NA,NA,NA,NA,NA,NA,NA,NA,NA,NA,NA,NA,NA,NA,NA
1117,NA,NA,MT,2023-11-08,NA,NA,NA,NA,NA,NA,NA,NA,NA,NA,NA,NA,NA,NA,NA,NA,NA,NA,NA,NA
1118,NA,NA,MT,2023-11-09,NA,NA,NA,NA,NA,NA,NA,NA,NA,NA,NA,NA,NA,NA,NA,NA,NA,NA,NA,NA
1119,NA,NA,MT,2023-11-10,NA,NA,NA,NA,NA,NA,NA,NA,NA,NA,NA,NA,NA,NA,NA,NA,NA,NA,NA,NA
1120,NA,NA,MT,2023-11-11,NA,NA,NA,NA,NA,NA,NA,NA,NA,NA,NA,NA,NA,NA,NA,NA,NA,NA,NA,NA
1121,NA,NA,MT,2023-11-12,NA,NA,NA,NA,NA,NA,NA,NA,NA,NA,NA,NA,NA,NA,NA,NA,NA,NA,NA,NA
1122,NA,NA,MT,2023-11-13,NA,NA,NA,NA,NA,NA,NA,NA,NA,NA,NA,NA,NA,NA,NA,NA,NA,NA,NA,NA
1123,NA,NA,MT,2023-11-14,NA,NA,NA,NA,NA,NA,NA,NA,NA,NA,NA,NA,NA,NA,NA,NA,NA,NA,NA,NA
1124,NA,NA,MT,2023-11-15,NA,NA,NA,NA,NA,NA,NA,NA,NA,NA,NA,NA,NA,NA,NA,NA,NA,NA,NA,NA
1125,NA,NA,MT,2023-11-16,NA,NA,NA,NA,NA,NA,NA,NA,NA,NA,NA,NA,NA,NA,NA,NA,NA,NA,NA,NA
1126,NA,NA,MT,2023-11-17,NA,NA,NA,NA,NA,NA,NA,NA,NA,NA,NA,NA,NA,NA,NA,NA,NA,NA,NA,NA
1127,0.592072160984852,0.436432272874667,MT,2023-11-18,1,0,1,1,1,1,1,1,1,1,1,1,1,1,1,1,1,1,1,1
1128,NA,NA,MT,2023-11-19,NA,NA,NA,NA,NA,NA,NA,NA,NA,NA,NA,NA,NA,NA,NA,NA,NA,NA,NA,NA
1129,NA,NA,MT,2023-11-20,NA,NA,NA,NA,NA,NA,NA,NA,NA,NA,NA,NA,NA,NA,NA,NA,NA,NA,NA,NA
1130,NA,NA,MT,2023-11-21,NA,NA,NA,NA,NA,NA,NA,NA,NA,NA,NA,NA,NA,NA,NA,NA,NA,NA,NA,NA
1131,NA,NA,MT,2023-11-22,NA,NA,NA,NA,NA,NA,NA,NA,NA,NA,NA,NA,NA,NA,NA,NA,NA,NA,NA,NA
1132,NA,NA,MT,2023-11-23,NA,NA,NA,NA,NA,NA,NA,NA,NA,NA,NA,NA,NA,NA,NA,NA,NA,NA,NA,NA
1133,0.777690788189393,0.513550285588575,MT,2023-11-24,1,1,1,1,1,1,1,0,1,1,1,0,1,1,1,1,1,0,1,1
1134,NA,NA,MT,2023-11-25,NA,NA,NA,NA,NA,NA,NA,NA,NA,NA,NA,NA,NA,NA,NA,NA,NA,NA,NA,NA
1135,0.85185470460883,0.421820209305667,NC,2023-10-15,0,1,1,1,1,1,1,1,1,1,1,0,1,1,0,1,1,1,1,1
1136,1.02080235836005,0.293051739912666,NC,2023-10-16,1,0,1,1,1,1,1,1,1,1,1,0,0,1,0,1,1,1,1,0
1137,1.18419452274553,0.483316283014617,NC,2023-10-17,0,1,1,1,1,1,0,1,1,1,0,0,0,1,0,1,0,1,1,1
1138,1.15846310389287,0.3871562486264985,NC,2023-10-18,0,1,1,1,1,1,1,1,1,1,0,0,1,1,0,1,1,1,1,1
1139,0.682365243959824,0.297112289002246,NC,2023-10-19,1,1,1,1,1,1,1,1,1,1,1,0,1,1,1,1,0,1,1,1
1140,1.35940617212592,0.3345758821532235,NC,2023-10-20,1,1,1,1,0,1,1,1,1,1,0,0,1,1,0,1,1,1,1,0
1141,NA,NA,NC,2023-10-21,NA,NA,NA,NA,NA,NA,NA,NA,NA,NA,NA,NA,NA,NA,NA,NA,NA,NA,NA,NA
1142,NA,NA,NC,2023-10-22,NA,NA,NA,NA,NA,NA,NA,NA,NA,NA,NA,NA,NA,NA,NA,NA,NA,NA,NA,NA
1143,1.71893082251153,0.3777562982309695,NC,2023-10-23,1,1,1,1,0,1,0,1,1,1,0,0,0,1,0,1,1,0,1,1
1144,0.809865305227668,0.3556785013971915,NC,2023-10-24,1,1,1,1,1,1,1,1,1,1,0,0,0,1,0,1,1,1,1,1
1145,0.761004048736352,0.3434475079732275,NC,2023-10-25,1,1,1,1,1,1,1,1,1,1,0,1,0,1,0,1,1,1,1,0
1146,1.53033965268808,0.357849019492601,NC,2023-10-26,1,0,1,1,0,1,1,1,1,1,1,0,1,1,0,1,1,1,1,1
1147,0.844944775248764,0.41309086423174,NC,2023-10-27,1,1,1,1,1,1,1,1,1,1,1,0,0,1,1,1,1,1,1,1
1148,0.408960510166513,0.300841905454045,NC,2023-10-28,1,1,1,1,1,1,1,1,1,1,1,0,1,1,0,1,1,1,1,1
1149,NA,NA,NC,2023-10-29,NA,NA,NA,NA,NA,NA,NA,NA,NA,NA,NA,NA,NA,NA,NA,NA,NA,NA,NA,NA
1150,1.92982372373714,0.3507933359158905,NC,2023-10-30,1,1,1,1,1,0,1,0,1,1,0,0,0,0,0,1,1,0,1,1
1151,1.95530679651947,0.406523303355112,NC,2023-10-31,1,0,1,1,1,1,1,0,1,1,1,0,0,1,0,1,1,0,1,1
1152,1.78575352560314,0.4282010699278755,NC,2023-11-01,1,0,1,1,1,0,1,1,1,1,0,0,1,1,0,0,1,1,1,1
1153,2.75039984383335,0.452370453362917,NC,2023-11-02,0,0,1,1,1,1,0,1,0,1,0,0,0,1,0,1,1,1,0,1
1154,2.32164590308601,0.4688070093476495,NC,2023-11-03,1,1,1,0,0,1,1,1,1,0,0,0,1,0,1,1,1,1,1,0
1155,0.790644543555343,0.3911490630513895,NC,2023-11-04,1,1,1,1,1,1,1,0,1,1,1,1,1,0,1,1,1,0,1,1
1156,0.40402378760107,0.303727915946949,NC,2023-11-05,1,1,1,1,1,1,1,1,1,1,1,1,1,1,1,1,1,1,1,1
1157,1.13969064583263,0.351288275843195,NC,2023-11-06,1,1,1,1,0,1,1,1,1,1,1,1,0,0,0,1,1,1,1,1
1158,1.13187074326366,0.3519445286426375,NC,2023-11-07,1,1,1,1,0,1,1,1,1,1,1,0,1,1,0,1,1,1,1,1
1159,1.69226716560967,0.339543121224549,NC,2023-11-08,1,1,1,1,0,0,1,1,1,1,1,0,1,0,0,0,0,0,1,1
1160,1.22473722642058,0.3863501800626745,NC,2023-11-09,1,1,1,1,1,1,1,1,1,1,0,1,0,1,1,1,1,1,1,1
1161,1.39816671830399,0.3386227662034435,NC,2023-11-10,1,1,1,1,1,1,1,1,1,1,0,0,0,1,0,1,1,1,1,1
1162,0.857868791706707,0.5992764910181,NC,2023-11-11,1,1,1,1,1,0,1,1,1,1,1,1,1,1,0,0,1,1,1,1
1163,0.420308513344263,0.3150180627587055,NC,2023-11-12,1,1,1,1,1,1,1,1,1,1,0,0,1,1,1,1,1,1,1,1
1164,1.77388859643934,0.3910970019034985,NC,2023-11-13,1,1,1,1,1,1,1,1,1,0,1,0,0,1,0,1,0,1,1,0
1165,1.60526688267466,0.3767948790016305,NC,2023-11-14,1,0,1,1,0,1,1,1,1,0,1,0,1,0,0,1,1,0,1,0
1166,0.995959837173962,0.4387015591182605,NC,2023-11-15,1,1,0,1,1,1,1,1,1,0,1,0,1,1,1,1,1,1,1,0
1167,0.81318656920081,0.4099206919764095,NC,2023-11-16,1,1,1,1,1,0,1,1,1,1,1,1,0,1,0,0,1,1,1,1
1168,2.34251807245543,0.4094476075832455,NC,2023-11-17,0,1,1,1,1,1,0,1,0,1,0,0,0,0,0,1,0,1,0,1
1169,0.408655987556703,0.310399621863435,NC,2023-11-18,1,1,1,1,1,1,1,1,1,1,1,0,1,1,0,1,1,1,1,1
1170,NA,NA,NC,2023-11-19,NA,NA,NA,NA,NA,NA,NA,NA,NA,NA,NA,NA,NA,NA,NA,NA,NA,NA,NA,NA
1171,2.04057607272118,0.346768147736252,NC,2023-11-20,1,1,1,1,0,1,1,1,1,1,0,0,0,1,0,1,1,1,1,1
1172,2.36265593671661,0.398841185644612,NC,2023-11-21,0,1,1,1,0,1,1,1,1,1,0,0,0,0,0,1,1,1,1,1
1173,0.947450732607186,0.310223739674713,NC,2023-11-22,1,1,1,1,0,1,1,1,1,1,1,1,1,0,0,1,1,0,1,1
1174,0.408909117647339,0.3099799825517275,NC,2023-11-23,1,1,1,1,1,1,1,1,1,1,1,0,1,1,0,1,1,1,1,1
1175,1.65586018534916,0.413616456326191,NC,2023-11-24,0,0,1,0,1,1,1,1,1,1,0,0,0,0,0,1,1,1,1,1
1176,0.855494411981186,0.60199372310967,NC,2023-11-25,1,1,1,1,1,0,1,1,1,1,1,0,1,1,1,0,1,1,1,1
1177,NA,NA,ND,2023-10-15,NA,NA,NA,NA,NA,NA,NA,NA,NA,NA,NA,NA,NA,NA,NA,NA,NA,NA,NA,NA
1178,1.54329516555819,0.51980416970623,ND,2023-10-16,0,1,1,1,1,1,1,1,1,1,0,1,1,0,1,1,1,1,1,1
1179,NA,NA,ND,2023-10-17,NA,NA,NA,NA,NA,NA,NA,NA,NA,NA,NA,NA,NA,NA,NA,NA,NA,NA,NA,NA
1180,0.600217561459423,0.344019509279479,ND,2023-10-18,1,1,1,1,1,1,1,1,1,1,1,0,1,1,0,1,1,1,1,1
1181,1.2327641998581,0.3922373164607895,ND,2023-10-19,0,1,1,1,0,1,1,1,1,1,0,1,1,1,0,1,1,1,1,1
1182,0.532433940855988,0.360874807707538,ND,2023-10-20,1,0,1,1,1,1,1,1,1,1,1,0,0,1,1,1,1,1,1,1
1183,NA,NA,ND,2023-10-21,NA,NA,NA,NA,NA,NA,NA,NA,NA,NA,NA,NA,NA,NA,NA,NA,NA,NA,NA,NA
1184,NA,NA,ND,2023-10-22,NA,NA,NA,NA,NA,NA,NA,NA,NA,NA,NA,NA,NA,NA,NA,NA,NA,NA,NA,NA
1185,1.14152583185253,0.55316066694133,ND,2023-10-23,1,1,1,1,1,0,1,0,1,1,1,1,0,0,1,0,1,0,1,1
1186,0.531474000972513,0.3631906856076955,ND,2023-10-24,1,0,1,1,1,1,1,1,1,1,1,0,1,1,0,1,1,1,1,1
1187,NA,NA,ND,2023-10-25,NA,NA,NA,NA,NA,NA,NA,NA,NA,NA,NA,NA,NA,NA,NA,NA,NA,NA,NA,NA
1188,NA,NA,ND,2023-10-26,NA,NA,NA,NA,NA,NA,NA,NA,NA,NA,NA,NA,NA,NA,NA,NA,NA,NA,NA,NA
1189,0.76521410897926,0.39523646339204,ND,2023-10-27,1,1,0,1,1,1,1,1,1,1,1,0,0,1,1,1,1,1,1,1
1190,NA,NA,ND,2023-10-28,NA,NA,NA,NA,NA,NA,NA,NA,NA,NA,NA,NA,NA,NA,NA,NA,NA,NA,NA,NA
1191,NA,NA,ND,2023-10-29,NA,NA,NA,NA,NA,NA,NA,NA,NA,NA,NA,NA,NA,NA,NA,NA,NA,NA,NA,NA
1192,NA,NA,ND,2023-10-30,NA,NA,NA,NA,NA,NA,NA,NA,NA,NA,NA,NA,NA,NA,NA,NA,NA,NA,NA,NA
1193,0.48398012750247,0.3255959782518245,ND,2023-10-31,1,1,1,1,0,1,1,1,1,1,1,1,1,1,1,1,1,1,1,1
1194,0.478018991054965,0.3250739266061255,ND,2023-11-01,1,1,1,1,0,1,1,1,1,1,1,1,1,0,0,1,1,1,1,1
1195,1.35485313076049,0.418852707310892,ND,2023-11-02,0,0,1,1,1,1,1,1,1,1,0,0,0,1,0,1,1,1,1,0
1196,0.723882592746618,0.50023736990978,ND,2023-11-03,1,1,1,0,1,1,1,1,1,1,1,1,0,0,1,1,1,1,1,1
1197,NA,NA,ND,2023-11-04,NA,NA,NA,NA,NA,NA,NA,NA,NA,NA,NA,NA,NA,NA,NA,NA,NA,NA,NA,NA
1198,0.489571164250505,0.322502443829591,ND,2023-11-05,1,1,1,1,0,1,1,1,1,1,1,1,1,1,1,1,1,1,1,1
1199,2.99991985701412,0.4751081996629495,ND,2023-11-06,1,1,1,0,1,1,1,1,1,1,1,0,0,0,1,1,1,1,1,1
1200,1.22143651688395,0.4528009616342665,ND,2023-11-07,0,1,1,0,1,1,1,1,1,1,0,0,0,0,0,1,1,1,1,1
1201,0.872732877872493,0.436733950551608,ND,2023-11-08,1,1,1,0,1,1,1,1,1,1,1,0,0,0,0,1,1,1,1,1
1202,0.751897696729725,0.553508747895715,ND,2023-11-09,1,1,1,1,1,1,1,0,1,1,1,0,1,1,1,1,1,0,1,1
1203,NA,NA,ND,2023-11-10,NA,NA,NA,NA,NA,NA,NA,NA,NA,NA,NA,NA,NA,NA,NA,NA,NA,NA,NA,NA
1204,NA,NA,ND,2023-11-11,NA,NA,NA,NA,NA,NA,NA,NA,NA,NA,NA,NA,NA,NA,NA,NA,NA,NA,NA,NA
1205,NA,NA,ND,2023-11-12,NA,NA,NA,NA,NA,NA,NA,NA,NA,NA,NA,NA,NA,NA,NA,NA,NA,NA,NA,NA
1206,0.486375098180889,0.315095743699626,ND,2023-11-13,1,1,1,1,0,1,1,1,1,1,1,1,1,1,0,0,1,1,1,1
1207,2.19909230901567,0.4519567460103465,ND,2023-11-14,0,1,0,1,1,0,1,1,1,1,0,0,1,1,1,1,1,1,1,1
1208,3.92779477057826,0.4432725951779155,ND,2023-11-15,1,1,1,1,1,0,1,1,1,1,0,0,0,1,0,0,1,1,1,1
1209,1.03717166113914,0.3603976594256335,ND,2023-11-16,1,1,1,1,0,1,1,1,1,1,1,1,0,0,0,1,1,1,0,1
1210,1.10782193034854,0.489732999266155,ND,2023-11-17,1,1,0,1,1,0,1,1,1,1,1,1,0,0,0,0,1,1,0,1
1211,NA,NA,ND,2023-11-18,NA,NA,NA,NA,NA,NA,NA,NA,NA,NA,NA,NA,NA,NA,NA,NA,NA,NA,NA,NA
1212,0.677368246024323,0.474145694031909,ND,2023-11-19,1,1,0,1,1,1,1,1,1,1,1,1,0,1,0,1,1,1,1,1
1213,1.2136310265304,0.398094517388138,ND,2023-11-20,0,1,1,1,1,1,1,1,1,1,0,0,0,0,0,1,1,1,1,1
1214,1.08149831614432,0.3053955117103985,ND,2023-11-21,1,1,1,1,0,1,1,1,1,1,1,1,1,1,1,1,1,1,1,1
1215,0.551259824539041,0.380800506612638,ND,2023-11-22,1,0,1,1,1,1,1,1,1,1,1,0,1,1,0,1,1,1,1,1
1216,NA,NA,ND,2023-11-23,NA,NA,NA,NA,NA,NA,NA,NA,NA,NA,NA,NA,NA,NA,NA,NA,NA,NA,NA,NA
1217,NA,NA,ND,2023-11-24,NA,NA,NA,NA,NA,NA,NA,NA,NA,NA,NA,NA,NA,NA,NA,NA,NA,NA,NA,NA
1218,NA,NA,ND,2023-11-25,NA,NA,NA,NA,NA,NA,NA,NA,NA,NA,NA,NA,NA,NA,NA,NA,NA,NA,NA,NA
1219,NA,NA,NE,2023-10-15,NA,NA,NA,NA,NA,NA,NA,NA,NA,NA,NA,NA,NA,NA,NA,NA,NA,NA,NA,NA
1220,NA,NA,NE,2023-10-16,NA,NA,NA,NA,NA,NA,NA,NA,NA,NA,NA,NA,NA,NA,NA,NA,NA,NA,NA,NA
1221,NA,NA,NE,2023-10-17,NA,NA,NA,NA,NA,NA,NA,NA,NA,NA,NA,NA,NA,NA,NA,NA,NA,NA,NA,NA
1222,NA,NA,NE,2023-10-18,NA,NA,NA,NA,NA,NA,NA,NA,NA,NA,NA,NA,NA,NA,NA,NA,NA,NA,NA,NA
1223,NA,NA,NE,2023-10-19,NA,NA,NA,NA,NA,NA,NA,NA,NA,NA,NA,NA,NA,NA,NA,NA,NA,NA,NA,NA
1224,NA,NA,NE,2023-10-20,NA,NA,NA,NA,NA,NA,NA,NA,NA,NA,NA,NA,NA,NA,NA,NA,NA,NA,NA,NA
1225,NA,NA,NE,2023-10-21,NA,NA,NA,NA,NA,NA,NA,NA,NA,NA,NA,NA,NA,NA,NA,NA,NA,NA,NA,NA
1226,NA,NA,NE,2023-10-22,NA,NA,NA,NA,NA,NA,NA,NA,NA,NA,NA,NA,NA,NA,NA,NA,NA,NA,NA,NA
1227,NA,NA,NE,2023-10-23,NA,NA,NA,NA,NA,NA,NA,NA,NA,NA,NA,NA,NA,NA,NA,NA,NA,NA,NA,NA
1228,NA,NA,NE,2023-10-24,NA,NA,NA,NA,NA,NA,NA,NA,NA,NA,NA,NA,NA,NA,NA,NA,NA,NA,NA,NA
1229,NA,NA,NE,2023-10-25,NA,NA,NA,NA,NA,NA,NA,NA,NA,NA,NA,NA,NA,NA,NA,NA,NA,NA,NA,NA
1230,NA,NA,NE,2023-10-26,NA,NA,NA,NA,NA,NA,NA,NA,NA,NA,NA,NA,NA,NA,NA,NA,NA,NA,NA,NA
1231,NA,NA,NE,2023-10-27,NA,NA,NA,NA,NA,NA,NA,NA,NA,NA,NA,NA,NA,NA,NA,NA,NA,NA,NA,NA
1232,NA,NA,NE,2023-10-28,NA,NA,NA,NA,NA,NA,NA,NA,NA,NA,NA,NA,NA,NA,NA,NA,NA,NA,NA,NA
1233,NA,NA,NE,2023-10-29,NA,NA,NA,NA,NA,NA,NA,NA,NA,NA,NA,NA,NA,NA,NA,NA,NA,NA,NA,NA
1234,NA,NA,NE,2023-10-30,NA,NA,NA,NA,NA,NA,NA,NA,NA,NA,NA,NA,NA,NA,NA,NA,NA,NA,NA,NA
1235,NA,NA,NE,2023-10-31,NA,NA,NA,NA,NA,NA,NA,NA,NA,NA,NA,NA,NA,NA,NA,NA,NA,NA,NA,NA
1236,NA,NA,NE,2023-11-01,NA,NA,NA,NA,NA,NA,NA,NA,NA,NA,NA,NA,NA,NA,NA,NA,NA,NA,NA,NA
1237,NA,NA,NE,2023-11-02,NA,NA,NA,NA,NA,NA,NA,NA,NA,NA,NA,NA,NA,NA,NA,NA,NA,NA,NA,NA
1238,NA,NA,NE,2023-11-03,NA,NA,NA,NA,NA,NA,NA,NA,NA,NA,NA,NA,NA,NA,NA,NA,NA,NA,NA,NA
1239,NA,NA,NE,2023-11-04,NA,NA,NA,NA,NA,NA,NA,NA,NA,NA,NA,NA,NA,NA,NA,NA,NA,NA,NA,NA
1240,NA,NA,NE,2023-11-05,NA,NA,NA,NA,NA,NA,NA,NA,NA,NA,NA,NA,NA,NA,NA,NA,NA,NA,NA,NA
1241,NA,NA,NE,2023-11-06,NA,NA,NA,NA,NA,NA,NA,NA,NA,NA,NA,NA,NA,NA,NA,NA,NA,NA,NA,NA
1242,NA,NA,NE,2023-11-07,NA,NA,NA,NA,NA,NA,NA,NA,NA,NA,NA,NA,NA,NA,NA,NA,NA,NA,NA,NA
1243,NA,NA,NE,2023-11-08,NA,NA,NA,NA,NA,NA,NA,NA,NA,NA,NA,NA,NA,NA,NA,NA,NA,NA,NA,NA
1244,NA,NA,NE,2023-11-09,NA,NA,NA,NA,NA,NA,NA,NA,NA,NA,NA,NA,NA,NA,NA,NA,NA,NA,NA,NA
1245,NA,NA,NE,2023-11-10,NA,NA,NA,NA,NA,NA,NA,NA,NA,NA,NA,NA,NA,NA,NA,NA,NA,NA,NA,NA
1246,NA,NA,NE,2023-11-11,NA,NA,NA,NA,NA,NA,NA,NA,NA,NA,NA,NA,NA,NA,NA,NA,NA,NA,NA,NA
1247,NA,NA,NE,2023-11-12,NA,NA,NA,NA,NA,NA,NA,NA,NA,NA,NA,NA,NA,NA,NA,NA,NA,NA,NA,NA
1248,NA,NA,NE,2023-11-13,NA,NA,NA,NA,NA,NA,NA,NA,NA,NA,NA,NA,NA,NA,NA,NA,NA,NA,NA,NA
1249,NA,NA,NE,2023-11-14,NA,NA,NA,NA,NA,NA,NA,NA,NA,NA,NA,NA,NA,NA,NA,NA,NA,NA,NA,NA
1250,NA,NA,NE,2023-11-15,NA,NA,NA,NA,NA,NA,NA,NA,NA,NA,NA,NA,NA,NA,NA,NA,NA,NA,NA,NA
1251,NA,NA,NE,2023-11-16,NA,NA,NA,NA,NA,NA,NA,NA,NA,NA,NA,NA,NA,NA,NA,NA,NA,NA,NA,NA
1252,NA,NA,NE,2023-11-17,NA,NA,NA,NA,NA,NA,NA,NA,NA,NA,NA,NA,NA,NA,NA,NA,NA,NA,NA,NA
1253,NA,NA,NE,2023-11-18,NA,NA,NA,NA,NA,NA,NA,NA,NA,NA,NA,NA,NA,NA,NA,NA,NA,NA,NA,NA
1254,NA,NA,NE,2023-11-19,NA,NA,NA,NA,NA,NA,NA,NA,NA,NA,NA,NA,NA,NA,NA,NA,NA,NA,NA,NA
1255,NA,NA,NE,2023-11-20,NA,NA,NA,NA,NA,NA,NA,NA,NA,NA,NA,NA,NA,NA,NA,NA,NA,NA,NA,NA
1256,NA,NA,NE,2023-11-21,NA,NA,NA,NA,NA,NA,NA,NA,NA,NA,NA,NA,NA,NA,NA,NA,NA,NA,NA,NA
1257,NA,NA,NE,2023-11-22,NA,NA,NA,NA,NA,NA,NA,NA,NA,NA,NA,NA,NA,NA,NA,NA,NA,NA,NA,NA
1258,NA,NA,NE,2023-11-23,NA,NA,NA,NA,NA,NA,NA,NA,NA,NA,NA,NA,NA,NA,NA,NA,NA,NA,NA,NA
1259,NA,NA,NE,2023-11-24,NA,NA,NA,NA,NA,NA,NA,NA,NA,NA,NA,NA,NA,NA,NA,NA,NA,NA,NA,NA
1260,NA,NA,NE,2023-11-25,NA,NA,NA,NA,NA,NA,NA,NA,NA,NA,NA,NA,NA,NA,NA,NA,NA,NA,NA,NA
1261,NA,NA,NH,2023-10-15,NA,NA,NA,NA,NA,NA,NA,NA,NA,NA,NA,NA,NA,NA,NA,NA,NA,NA,NA,NA
1262,NA,NA,NH,2023-10-16,NA,NA,NA,NA,NA,NA,NA,NA,NA,NA,NA,NA,NA,NA,NA,NA,NA,NA,NA,NA
1263,NA,NA,NH,2023-10-17,NA,NA,NA,NA,NA,NA,NA,NA,NA,NA,NA,NA,NA,NA,NA,NA,NA,NA,NA,NA
1264,0.583174664586376,0.3785177138193405,NH,2023-10-18,1,0,1,1,1,1,1,1,1,1,1,0,1,1,0,1,1,1,1,1
1265,NA,NA,NH,2023-10-19,NA,NA,NA,NA,NA,NA,NA,NA,NA,NA,NA,NA,NA,NA,NA,NA,NA,NA,NA,NA
1266,NA,NA,NH,2023-10-20,NA,NA,NA,NA,NA,NA,NA,NA,NA,NA,NA,NA,NA,NA,NA,NA,NA,NA,NA,NA
1267,NA,NA,NH,2023-10-21,NA,NA,NA,NA,NA,NA,NA,NA,NA,NA,NA,NA,NA,NA,NA,NA,NA,NA,NA,NA
1268,NA,NA,NH,2023-10-22,NA,NA,NA,NA,NA,NA,NA,NA,NA,NA,NA,NA,NA,NA,NA,NA,NA,NA,NA,NA
1269,NA,NA,NH,2023-10-23,NA,NA,NA,NA,NA,NA,NA,NA,NA,NA,NA,NA,NA,NA,NA,NA,NA,NA,NA,NA
1270,NA,NA,NH,2023-10-24,NA,NA,NA,NA,NA,NA,NA,NA,NA,NA,NA,NA,NA,NA,NA,NA,NA,NA,NA,NA
1271,NA,NA,NH,2023-10-25,NA,NA,NA,NA,NA,NA,NA,NA,NA,NA,NA,NA,NA,NA,NA,NA,NA,NA,NA,NA
1272,NA,NA,NH,2023-10-26,NA,NA,NA,NA,NA,NA,NA,NA,NA,NA,NA,NA,NA,NA,NA,NA,NA,NA,NA,NA
1273,NA,NA,NH,2023-10-27,NA,NA,NA,NA,NA,NA,NA,NA,NA,NA,NA,NA,NA,NA,NA,NA,NA,NA,NA,NA
1274,NA,NA,NH,2023-10-28,NA,NA,NA,NA,NA,NA,NA,NA,NA,NA,NA,NA,NA,NA,NA,NA,NA,NA,NA,NA
1275,NA,NA,NH,2023-10-29,NA,NA,NA,NA,NA,NA,NA,NA,NA,NA,NA,NA,NA,NA,NA,NA,NA,NA,NA,NA
1276,0.834038854727226,0.58940539152352,NH,2023-10-30,0,1,1,1,1,1,1,1,1,1,0,0,1,1,1,1,1,1,1,1
1277,NA,NA,NH,2023-10-31,NA,NA,NA,NA,NA,NA,NA,NA,NA,NA,NA,NA,NA,NA,NA,NA,NA,NA,NA,NA
1278,0.269798063075766,0.2074494299129725,NH,2023-11-01,1,1,1,1,1,1,1,1,1,1,1,1,1,0,0,1,1,1,1,1
1279,NA,NA,NH,2023-11-02,NA,NA,NA,NA,NA,NA,NA,NA,NA,NA,NA,NA,NA,NA,NA,NA,NA,NA,NA,NA
1280,NA,NA,NH,2023-11-03,NA,NA,NA,NA,NA,NA,NA,NA,NA,NA,NA,NA,NA,NA,NA,NA,NA,NA,NA,NA
1281,NA,NA,NH,2023-11-04,NA,NA,NA,NA,NA,NA,NA,NA,NA,NA,NA,NA,NA,NA,NA,NA,NA,NA,NA,NA
1282,NA,NA,NH,2023-11-05,NA,NA,NA,NA,NA,NA,NA,NA,NA,NA,NA,NA,NA,NA,NA,NA,NA,NA,NA,NA
1283,0.279374834493589,0.20766777438181,NH,2023-11-06,1,1,1,1,1,1,1,1,1,1,1,0,1,1,0,1,1,1,1,1
1284,NA,NA,NH,2023-11-07,NA,NA,NA,NA,NA,NA,NA,NA,NA,NA,NA,NA,NA,NA,NA,NA,NA,NA,NA,NA
1285,NA,NA,NH,2023-11-08,NA,NA,NA,NA,NA,NA,NA,NA,NA,NA,NA,NA,NA,NA,NA,NA,NA,NA,NA,NA
1286,NA,NA,NH,2023-11-09,NA,NA,NA,NA,NA,NA,NA,NA,NA,NA,NA,NA,NA,NA,NA,NA,NA,NA,NA,NA
1287,NA,NA,NH,2023-11-10,NA,NA,NA,NA,NA,NA,NA,NA,NA,NA,NA,NA,NA,NA,NA,NA,NA,NA,NA,NA
1288,NA,NA,NH,2023-11-11,NA,NA,NA,NA,NA,NA,NA,NA,NA,NA,NA,NA,NA,NA,NA,NA,NA,NA,NA,NA
1289,NA,NA,NH,2023-11-12,NA,NA,NA,NA,NA,NA,NA,NA,NA,NA,NA,NA,NA,NA,NA,NA,NA,NA,NA,NA
1290,NA,NA,NH,2023-11-13,NA,NA,NA,NA,NA,NA,NA,NA,NA,NA,NA,NA,NA,NA,NA,NA,NA,NA,NA,NA
1291,NA,NA,NH,2023-11-14,NA,NA,NA,NA,NA,NA,NA,NA,NA,NA,NA,NA,NA,NA,NA,NA,NA,NA,NA,NA
1292,NA,NA,NH,2023-11-15,NA,NA,NA,NA,NA,NA,NA,NA,NA,NA,NA,NA,NA,NA,NA,NA,NA,NA,NA,NA
1293,NA,NA,NH,2023-11-16,NA,NA,NA,NA,NA,NA,NA,NA,NA,NA,NA,NA,NA,NA,NA,NA,NA,NA,NA,NA
1294,NA,NA,NH,2023-11-17,NA,NA,NA,NA,NA,NA,NA,NA,NA,NA,NA,NA,NA,NA,NA,NA,NA,NA,NA,NA
1295,NA,NA,NH,2023-11-18,NA,NA,NA,NA,NA,NA,NA,NA,NA,NA,NA,NA,NA,NA,NA,NA,NA,NA,NA,NA
1296,0.769336689250223,0.56471921023325,NH,2023-11-19,1,1,1,1,1,1,1,0,1,1,1,0,1,1,1,1,1,0,1,1
1297,0.829393177377921,0.6082206693037,NH,2023-11-20,1,1,1,1,1,0,1,1,1,1,1,1,1,1,0,0,1,1,1,1
1298,0.812872985090919,0.582119754394955,NH,2023-11-21,0,1,1,1,1,1,1,1,1,1,0,1,1,1,0,1,1,1,1,1
1299,NA,NA,NH,2023-11-22,NA,NA,NA,NA,NA,NA,NA,NA,NA,NA,NA,NA,NA,NA,NA,NA,NA,NA,NA,NA
1300,NA,NA,NH,2023-11-23,NA,NA,NA,NA,NA,NA,NA,NA,NA,NA,NA,NA,NA,NA,NA,NA,NA,NA,NA,NA
1301,NA,NA,NH,2023-11-24,NA,NA,NA,NA,NA,NA,NA,NA,NA,NA,NA,NA,NA,NA,NA,NA,NA,NA,NA,NA
1302,NA,NA,NH,2023-11-25,NA,NA,NA,NA,NA,NA,NA,NA,NA,NA,NA,NA,NA,NA,NA,NA,NA,NA,NA,NA
1303,NA,NA,NJ,2023-10-15,NA,NA,NA,NA,NA,NA,NA,NA,NA,NA,NA,NA,NA,NA,NA,NA,NA,NA,NA,NA
1304,2.89364405513483,0.4594001053961465,NJ,2023-10-16,0,1,1,1,0,1,1,1,1,1,0,1,0,1,0,1,0,0,1,0
1305,1.15527732872273,0.299780888818841,NJ,2023-10-17,1,1,1,1,1,1,1,1,1,1,1,0,0,1,1,1,0,1,1,0
1306,2.66307980123872,0.34573927931183,NJ,2023-10-18,1,1,0,1,1,1,1,1,1,0,0,0,0,0,0,0,1,0,1,0
1307,1.45594683523934,0.296464291634355,NJ,2023-10-19,1,1,1,1,1,1,1,1,1,1,0,0,0,1,0,1,1,0,1,0
1308,1.52237981959579,0.26780222076397,NJ,2023-10-20,1,1,1,1,0,1,1,1,1,1,1,0,0,1,0,1,1,1,1,1
1309,1.11190150416516,0.3219769216473155,NJ,2023-10-21,1,1,1,0,1,1,1,1,1,1,1,0,0,0,0,1,0,1,1,1
1310,1.26324128127613,0.53543499235853,NJ,2023-10-22,1,1,1,1,0,1,0,1,1,1,0,0,1,1,0,1,0,1,1,1
1311,3.45444446732005,0.423072601175189,NJ,2023-10-23,1,0,0,1,1,1,1,1,0,1,0,0,0,1,1,0,0,0,0,0
1312,2.3302420982323,0.41049283236561,NJ,2023-10-24,1,0,1,0,1,1,1,1,1,1,0,1,0,0,0,1,0,0,1,1
1313,1.15388629761286,0.283662235522194,NJ,2023-10-25,1,1,1,1,1,1,1,1,1,1,1,1,1,0,0,1,1,1,1,0
1314,1.43153861733776,0.3786087850274615,NJ,2023-10-26,1,1,1,0,1,1,1,1,1,1,1,0,0,0,0,1,0,0,1,1
1315,3.42878042754376,0.3087571432089995,NJ,2023-10-27,1,0,0,1,0,1,1,1,1,0,1,0,0,0,0,1,1,0,1,0
1316,1.00092027019866,0.368219100971386,NJ,2023-10-28,0,1,1,1,1,1,1,1,1,1,0,0,0,1,0,1,1,1,1,1
1317,0.938731729885816,0.323519358752211,NJ,2023-10-29,1,1,0,1,1,1,1,1,1,1,1,1,0,1,0,1,1,1,1,1
1318,2.69773296924295,0.3870519402884975,NJ,2023-10-30,1,1,1,1,1,0,1,1,1,1,1,0,1,0,1,0,0,1,1,0
1319,2.25691733448311,0.31464171677027297,NJ,2023-10-31,1,1,0,1,1,1,1,1,1,1,1,0,1,0,0,1,0,0,1,0
1320,2.76837293173924,0.4270305413769685,NJ,2023-11-01,1,0,1,1,1,0,1,1,0,1,1,0,0,0,0,0,1,1,0,1
1321,1.98437318748413,0.354040095909748,NJ,2023-11-02,0,1,1,1,1,1,1,1,0,1,0,0,0,0,0,1,1,0,0,1
1322,0.905941149080151,0.2443470559158735,NJ,2023-11-03,1,1,1,1,0,1,1,1,1,1,1,1,0,1,0,1,1,1,1,0
1323,1.57155699516722,0.250602855481444,NJ,2023-11-04,0,1,1,1,0,1,1,1,1,1,1,1,0,1,0,1,1,1,1,1
1324,0.932196629867489,0.355951455786723,NJ,2023-11-05,1,1,1,0,1,1,1,1,1,1,1,1,0,0,1,1,1,1,1,1
1325,3.1505698516759,0.3467321998564575,NJ,2023-11-06,1,1,0,1,1,0,1,1,1,1,1,0,0,0,0,0,0,0,1,0
1326,4.22170372277311,0.321031112086931,NJ,2023-11-07,0,1,0,1,0,1,1,1,1,1,0,0,0,1,0,0,0,0,1,1
1327,3.11316329041556,0.394360430051653,NJ,2023-11-08,1,1,0,1,1,0,0,1,1,1,0,0,0,0,1,0,0,1,1,1
1328,1.35232294005667,0.3448567696799085,NJ,2023-11-09,1,1,1,1,1,1,0,1,1,0,0,0,0,1,0,1,0,1,1,0
1329,1.97033839994038,0.512362396401885,NJ,2023-11-10,1,1,1,1,0,1,1,1,0,0,1,0,0,1,0,0,0,0,0,0
1330,0.712140971343102,0.1576072465396985,NJ,2023-11-11,1,1,1,1,0,1,1,1,1,1,1,1,1,1,0,0,1,1,1,1
1331,0.79625046535714,0.3941323959848955,NJ,2023-11-12,1,1,1,1,1,1,0,1,1,1,1,0,0,1,0,1,0,1,1,1
1332,4.56418898164315,0.420097650984034,NJ,2023-11-13,1,1,1,0,1,0,0,1,1,1,0,0,0,0,0,0,0,0,1,1
1333,3.02769208516761,0.3743834321822875,NJ,2023-11-14,0,1,1,1,1,1,0,1,1,1,1,0,0,0,0,0,0,0,0,0
1334,2.73490225542052,0.374428509069957,NJ,2023-11-15,0,1,1,1,1,1,1,1,0,1,0,0,0,0,0,0,0,0,0,1
1335,2.28275904876943,0.3254601525011005,NJ,2023-11-16,0,1,0,1,1,1,0,1,1,1,0,0,0,0,0,0,0,0,1,1
1336,1.73651459302557,0.301464502952985,NJ,2023-11-17,0,1,1,1,0,1,1,1,1,1,0,0,0,1,0,1,1,1,1,1
1337,2.7980466971419,0.367422574978271,NJ,2023-11-18,1,0,1,1,1,1,1,1,0,1,0,0,0,0,1,0,1,0,0,0
1338,2.19459871041514,0.3595277543117545,NJ,2023-11-19,1,1,1,1,1,0,1,1,0,1,1,0,0,1,0,0,0,1,0,1
1339,3.97315651479849,0.3069261635454385,NJ,2023-11-20,1,1,1,1,0,1,1,1,1,1,1,0,0,0,0,0,0,0,1,0
1340,4.43829406714998,0.365590990673223,NJ,2023-11-21,1,1,1,1,1,1,1,1,0,0,0,0,0,1,0,0,1,0,0,0
1341,2.08336125366694,0.3942276567940205,NJ,2023-11-22,0,1,0,1,1,1,1,1,1,1,0,0,0,1,0,1,1,0,1,1
1342,1.21032051748045,0.441068245994596,NJ,2023-11-23,1,1,1,1,1,1,1,0,1,1,1,1,1,1,0,1,1,0,1,1
1343,1.24783032516081,0.409597176791287,NJ,2023-11-24,1,0,1,1,1,1,1,1,1,1,1,0,1,1,1,0,0,0,1,1
1344,3.35972686231062,0.250963667072893,NJ,2023-11-25,0,1,1,1,0,1,1,1,1,1,0,0,1,1,0,0,1,0,1,0
1345,1.29373656998477,0.3695222170477785,NM,2023-10-15,1,1,1,1,1,1,1,1,1,1,1,0,0,0,0,1,0,1,1,0
1346,2.71974458139566,0.341381736887228,NM,2023-10-16,1,1,1,1,0,1,1,1,1,1,1,0,0,1,0,1,1,1,1,0
1347,2.90771495889645,0.410993521943115,NM,2023-10-17,1,0,1,1,0,1,1,0,1,1,0,0,0,0,0,1,1,0,1,1
1348,2.66617379656277,0.4068042327089925,NM,2023-10-18,0,1,1,1,1,1,1,1,1,1,0,0,0,0,0,1,0,1,1,0
1349,1.55507202645505,0.3037930757905885,NM,2023-10-19,1,0,1,1,1,1,1,1,1,1,0,0,0,0,0,1,0,1,1,0
1350,1.08701116616222,0.370286169725233,NM,2023-10-20,1,1,1,1,1,1,1,1,1,1,0,0,0,0,1,1,1,1,1,0
1351,3.95033950369017,0.384062939457463,NM,2023-10-21,0,0,1,1,0,1,1,1,1,1,0,0,1,0,0,0,1,1,1,0
1352,2.2646047044414,0.343747835895641,NM,2023-10-22,1,0,1,1,0,1,1,0,1,1,1,0,1,1,0,1,0,0,1,1
1353,7.01103371352637,0.381392721250087,NM,2023-10-23,1,0,0,0,0,1,0,1,1,1,0,0,0,1,0,1,0,1,1,0
1354,3.92274587405852,0.338603553181022,NM,2023-10-24,1,0,1,1,0,1,1,1,1,1,0,0,0,0,0,0,1,1,1,1
1355,3.78467303717943,0.3682052077398285,NM,2023-10-25,1,0,0,1,0,0,1,1,1,1,1,0,0,1,1,0,1,1,1,1
1356,3.77639685399803,0.3854718143287915,NM,2023-10-26,1,0,1,1,0,0,1,1,1,1,0,0,1,0,0,0,0,1,1,1
1357,1.88563746947106,0.3294042444858815,NM,2023-10-27,1,0,1,1,1,1,1,1,1,1,0,0,0,1,0,1,1,1,1,0
1358,1.06935187305968,0.404871053254532,NM,2023-10-28,1,1,1,1,1,0,1,1,1,1,1,0,0,1,0,0,0,1,1,0
1359,1.78789591731971,0.346835252590621,NM,2023-10-29,1,1,1,1,1,1,1,1,1,1,0,0,0,0,0,0,1,1,1,0
1360,6.59715004944333,0.375862440130098,NM,2023-10-30,1,0,0,1,0,1,1,1,1,1,1,0,0,1,0,1,0,1,1,0
1361,2.41046839326762,0.3668887040894855,NM,2023-10-31,0,1,1,1,1,0,1,1,1,1,0,1,1,0,0,0,1,1,1,1
1362,5.04583527396101,0.3312820603305915,NM,2023-11-01,1,1,0,1,0,1,1,1,1,1,1,0,0,0,0,1,1,1,1,1
1363,2.23031277767533,0.335556569302905,NM,2023-11-02,1,1,1,1,0,1,1,1,1,1,1,0,0,1,0,1,1,1,1,0
1364,1.78400916209313,0.365791331431352,NM,2023-11-03,1,1,1,1,0,1,0,1,1,1,0,0,0,1,0,1,0,1,1,0
1365,2.11944462115633,0.399708099347557,NM,2023-11-04,1,1,0,1,1,1,1,1,1,1,1,0,0,1,0,0,1,1,1,0
1366,1.172409126511,0.378329155622159,NM,2023-11-05,0,1,1,1,1,0,1,1,1,1,0,0,0,1,0,1,1,1,1,1
1367,2.79646929579491,0.4037392078130055,NM,2023-11-06,1,0,0,1,0,1,0,1,1,1,1,0,0,1,0,1,0,1,1,0
1368,2.41922186249873,0.3702227034326315,NM,2023-11-07,1,1,1,1,0,0,1,1,0,1,1,0,0,1,0,0,1,1,0,0
1369,1.64219191934475,0.3768773337334575,NM,2023-11-08,1,1,1,1,1,0,0,1,1,1,1,0,1,0,0,0,0,1,1,0
1370,2.17257189929883,0.321605893706731,NM,2023-11-09,1,1,1,1,0,1,1,1,1,1,0,0,0,0,0,1,1,1,1,1
1371,0.945444709634587,0.2947782903577255,NM,2023-11-10,1,1,1,1,0,1,1,1,1,1,1,0,0,1,1,1,1,1,1,1
1372,0.987781271756843,0.3285377654557905,NM,2023-11-11,1,1,1,1,1,1,1,1,1,1,1,1,1,0,0,1,1,1,1,1
1373,3.74017202682634,0.4384726727180675,NM,2023-11-12,1,0,0,1,1,1,1,1,0,1,1,0,0,1,0,1,0,1,0,0
1374,1.67780700356357,0.355376672046517,NM,2023-11-13,1,1,1,1,1,1,1,0,1,1,1,0,1,1,0,0,1,0,1,1
1375,1.21557974633632,0.3478941331923845,NM,2023-11-14,1,1,1,1,1,1,1,1,1,1,1,1,1,0,0,1,1,1,1,1
1376,1.27944372885327,0.3924224841659515,NM,2023-11-15,0,1,1,1,1,1,1,1,0,1,1,0,0,1,1,0,1,1,0,1
1377,1.28152303542886,0.318545730098275,NM,2023-11-16,1,1,1,1,1,1,1,1,1,0,1,1,0,1,0,1,0,1,1,0
1378,1.71738362888769,0.342656524988138,NM,2023-11-17,1,0,1,1,1,1,1,1,0,1,0,0,1,0,0,1,1,1,0,0
1379,1.54742450021544,0.3971571255568625,NM,2023-11-18,1,1,1,1,1,1,1,1,0,1,0,1,0,0,0,1,1,1,0,1
1380,1.30900774143788,0.3953776698042095,NM,2023-11-19,1,1,1,1,1,1,0,1,1,1,0,1,0,1,0,1,0,1,1,1
1381,1.27837549670976,0.338700860664941,NM,2023-11-20,1,1,1,1,0,1,1,1,1,1,1,0,0,1,0,1,1,1,1,1
1382,2.74699899295769,0.398486173678481,NM,2023-11-21,1,1,1,1,1,0,0,0,1,1,0,0,0,0,0,1,0,0,1,1
1383,4.74360800083512,0.361672720290828,NM,2023-11-22,1,0,0,1,0,1,1,1,1,1,1,0,0,1,0,1,1,1,1,0
1384,2.18009550901149,0.41985124107714,NM,2023-11-23,1,1,1,1,1,1,0,0,1,1,1,0,0,1,0,1,0,0,1,0
1385,2.57694181138904,0.4126098221830475,NM,2023-11-24,0,1,0,1,1,1,1,1,1,1,0,0,0,0,0,0,0,1,1,0
1386,1.66040048576586,0.4005893264577695,NM,2023-11-25,0,1,1,1,0,1,1,1,1,1,0,0,0,0,0,0,1,1,1,1
1387,1.28068767262085,0.50899604790346,NV,2023-10-15,1,1,1,1,0,1,0,1,1,1,1,1,0,1,0,1,0,1,1,1
1388,1.07757723688321,0.3316114631831985,NV,2023-10-16,1,1,1,1,1,1,1,1,1,1,1,1,1,0,1,1,1,1,1,0
1389,1.2430267608864,0.302248695805579,NV,2023-10-17,1,1,1,1,0,1,0,1,1,1,1,0,1,1,0,1,0,1,1,1
1390,1.24183761273627,0.2422468477651695,NV,2023-10-18,1,1,1,1,0,1,1,1,1,1,1,1,0,1,0,0,1,1,1,1
1391,0.71936778641675,0.4985952089178085,NV,2023-10-19,1,1,0,1,1,1,1,1,1,1,1,1,0,1,1,0,1,1,1,1
1392,NA,NA,NV,2023-10-20,NA,NA,NA,NA,NA,NA,NA,NA,NA,NA,NA,NA,NA,NA,NA,NA,NA,NA,NA,NA
1393,0.682079184177408,0.1959821796170545,NV,2023-10-21,1,1,1,1,0,1,1,1,1,1,1,1,1,1,0,1,1,1,1,0
1394,0.676385445338068,0.1954545133541285,NV,2023-10-22,1,1,1,1,0,1,1,1,1,1,1,0,1,0,0,1,1,1,1,1
1395,1.04485922185904,0.388731075151788,NV,2023-10-23,1,1,1,1,1,1,1,1,1,1,1,1,1,1,0,0,1,1,1,0
1396,0.809576919890613,0.55955276462741,NV,2023-10-24,1,1,1,0,1,1,1,1,1,1,1,1,1,0,0,1,1,1,1,1
1397,0.742403417964368,0.394987131792527,NV,2023-10-25,1,1,1,1,1,0,1,1,1,1,1,1,0,1,0,0,1,0,1,1
1398,0.945262785191713,0.4248419844940925,NV,2023-10-26,0,1,1,1,1,1,1,1,1,1,0,0,1,1,0,1,1,0,1,1
1399,1.56182704279551,0.4717601382353665,NV,2023-10-27,1,1,1,1,1,1,0,1,1,1,1,0,1,1,0,1,0,1,1,1
1400,1.15002462871642,0.548876959567455,NV,2023-10-28,1,1,0,1,1,1,0,1,1,1,1,1,0,1,0,1,0,1,1,1
1401,NA,NA,NV,2023-10-29,NA,NA,NA,NA,NA,NA,NA,NA,NA,NA,NA,NA,NA,NA,NA,NA,NA,NA,NA,NA
1402,0.722270671886794,0.484208666499186,NV,2023-10-30,1,1,0,1,1,1,1,1,1,1,1,1,0,1,0,1,1,1,1,1
1403,0.822007678659139,0.38104808381287403,NV,2023-10-31,1,1,1,1,1,0,1,1,1,1,1,0,1,0,1,0,1,1,1,0
1404,0.734502791398268,0.386510064160557,NV,2023-11-01,1,1,1,1,1,1,1,1,1,0,1,0,1,1,0,1,1,1,1,1
1405,1.34050673628365,0.4412587437657615,NV,2023-11-02,1,0,1,1,1,1,1,1,1,1,1,0,1,1,1,0,1,1,1,1
1406,1.73716200598845,0.52005480371103,NV,2023-11-03,1,1,0,1,0,1,0,1,1,1,1,1,0,1,0,1,0,1,1,0
1407,1.01353663483952,0.4300888283575515,NV,2023-11-04,1,1,1,1,1,1,0,1,1,1,1,0,1,1,1,1,0,1,1,1
1408,NA,NA,NV,2023-11-05,NA,NA,NA,NA,NA,NA,NA,NA,NA,NA,NA,NA,NA,NA,NA,NA,NA,NA,NA,NA
1409,1.76144674747473,0.3461581998749085,NV,2023-11-06,1,1,1,1,1,1,0,1,1,1,0,1,1,1,0,0,0,0,1,0
1410,1.68921936644626,0.408330413347974,NV,2023-11-07,1,1,1,1,1,1,0,0,1,1,1,1,0,0,1,1,0,0,1,1
1411,0.724029993184754,0.2880878152972175,NV,2023-11-08,1,1,1,1,1,1,1,1,1,1,1,1,1,1,0,1,1,0,1,1
1412,1.15342264561764,0.2986585006987075,NV,2023-11-09,1,1,1,1,0,0,1,1,1,1,1,1,0,1,0,0,1,0,1,1
1413,0.269461013589648,0.2017753153946795,NV,2023-11-10,1,1,1,1,1,1,1,1,1,1,1,1,1,1,0,1,1,0,1,1
1414,0.660987493174405,0.284856552039365,NV,2023-11-11,1,1,1,1,1,1,1,1,1,1,1,0,0,1,1,1,1,1,1,1
1415,NA,NA,NV,2023-11-12,NA,NA,NA,NA,NA,NA,NA,NA,NA,NA,NA,NA,NA,NA,NA,NA,NA,NA,NA,NA
1416,2.15526706639757,0.303173813872222,NV,2023-11-13,1,1,1,1,0,1,0,1,1,1,1,0,1,0,0,0,0,0,1,1
1417,1.48134197294522,0.2878020997802935,NV,2023-11-14,1,1,0,1,1,1,1,1,1,1,1,0,0,0,0,1,1,0,1,1
1418,0.271519627712576,0.209094930947784,NV,2023-11-15,1,1,1,1,1,1,1,1,1,1,1,1,1,1,0,1,1,1,1,0
1419,1.59398739386754,0.4245075185295275,NV,2023-11-16,1,1,1,1,1,1,0,0,0,1,1,0,0,1,0,1,0,1,0,0
1420,1.53736661168096,0.4578015029466055,NV,2023-11-17,1,1,1,1,1,0,1,1,1,1,1,1,0,0,0,0,1,0,1,1
1421,NA,NA,NV,2023-11-18,NA,NA,NA,NA,NA,NA,NA,NA,NA,NA,NA,NA,NA,NA,NA,NA,NA,NA,NA,NA
1422,0.872965173907228,0.3266299588843115,NV,2023-11-19,1,1,1,0,1,1,1,1,1,1,1,1,1,0,0,1,1,0,1,1
1423,1.43333218855946,0.4815647481937925,NV,2023-11-20,0,1,1,0,1,1,1,1,0,1,0,1,1,0,0,1,1,0,0,1
1424,0.945643120316424,0.4157475651247095,NV,2023-11-21,1,1,1,1,1,1,1,0,1,1,1,1,1,1,1,1,1,1,1,1
1425,NA,NA,NV,2023-11-22,NA,NA,NA,NA,NA,NA,NA,NA,NA,NA,NA,NA,NA,NA,NA,NA,NA,NA,NA,NA
1426,NA,NA,NV,2023-11-23,NA,NA,NA,NA,NA,NA,NA,NA,NA,NA,NA,NA,NA,NA,NA,NA,NA,NA,NA,NA
1427,1.99178134381353,0.504240848196985,NV,2023-11-24,0,1,1,1,1,1,1,0,1,0,1,1,1,0,1,0,1,0,1,0
1428,1.05391520879455,0.3984771338995645,NV,2023-11-25,0,1,1,1,1,1,1,0,1,1,0,1,1,1,0,1,1,1,1,1
1429,2.97263874864254,0.336149674519157,NY,2023-10-15,1,1,1,1,0,1,1,1,1,1,1,0,0,0,0,1,0,1,0,0
1430,3.6319581213601,0.3722375675771085,NY,2023-10-16,1,1,1,1,1,1,0,0,1,0,0,0,0,0,0,0,0,0,0,0
1431,4.87591370868341,0.3472262917160565,NY,2023-10-17,0,1,1,1,0,0,0,1,1,1,1,1,0,1,0,0,0,1,0,0
1432,4.33481348706411,0.3446582162824355,NY,2023-10-18,1,1,0,1,1,1,1,1,0,0,0,0,0,0,0,0,0,0,0,1
1433,5.86622610862749,0.347274906367187,NY,2023-10-19,0,0,0,1,1,1,1,1,1,1,0,0,0,0,0,0,1,0,1,0
1434,4.48476660721759,0.33122726594979,NY,2023-10-20,1,1,0,1,0,0,1,1,1,1,0,0,0,0,0,0,0,0,0,1
1435,3.53501351802439,0.3512147119006405,NY,2023-10-21,1,0,0,0,1,1,0,1,1,1,1,0,0,0,1,1,0,1,1,0
1436,2.30173802039925,0.358264391062069,NY,2023-10-22,1,1,1,1,1,1,1,1,1,1,1,0,0,1,0,0,0,0,1,0
1437,3.34664650199046,0.3396635383941715,NY,2023-10-23,1,1,1,0,1,1,1,1,1,1,0,0,0,0,0,1,0,1,1,0
1438,6.17111040442051,0.3948731818054795,NY,2023-10-24,1,1,1,1,0,0,1,1,0,0,0,0,0,1,0,0,0,1,0,0
1439,8.01699360056106,0.4008909975811615,NY,2023-10-25,0,1,0,0,0,1,0,1,1,0,0,0,0,0,0,0,0,0,1,0
1440,3.97975150809769,0.371207707253012,NY,2023-10-26,0,0,1,0,1,1,1,1,0,1,0,0,0,1,0,0,0,0,0,0
1441,2.39175956903553,0.355865023610697,NY,2023-10-27,1,1,1,1,1,1,1,1,1,0,0,0,1,0,0,1,0,0,0,0
1442,5.75473081975568,0.3769742243353295,NY,2023-10-28,0,1,0,0,1,0,0,0,1,1,0,1,0,0,0,0,0,0,1,1
1443,2.70359449056228,0.3539778575112125,NY,2023-10-29,0,0,1,1,1,0,1,1,0,1,0,0,0,0,0,0,1,0,0,1
1444,5.65270385804733,0.3425692539651445,NY,2023-10-30,0,1,1,0,1,1,0,1,1,1,0,0,0,0,0,0,0,0,0,0
1445,5.81538797138579,0.373435053033157,NY,2023-10-31,1,1,1,0,1,0,1,0,1,0,0,0,0,0,0,0,0,0,0,0
1446,3.83174226882435,0.3929992726019695,NY,2023-11-01,0,1,1,1,0,0,1,1,1,1,0,0,0,0,0,0,1,0,1,0
1447,5.61847335077795,0.389452070857248,NY,2023-11-02,0,1,0,1,0,1,1,0,1,0,0,0,0,0,0,0,0,0,0,0
1448,3.06862893016516,0.3587506246745535,NY,2023-11-03,0,0,1,1,1,0,1,1,1,1,1,0,0,0,0,0,0,0,1,0
1449,3.62112454082588,0.377350051023098,NY,2023-11-04,1,0,1,0,1,1,0,1,0,1,0,0,0,1,0,1,0,0,0,1
1450,4.19952456826158,0.384935429842605,NY,2023-11-05,0,1,0,1,1,1,1,1,0,1,1,0,0,1,0,0,1,0,0,1
1451,8.94181688879016,0.3756783487873955,NY,2023-11-06,1,1,0,1,1,0,1,0,0,0,0,1,0,0,0,0,1,0,0,0
1452,6.06852945191255,0.372011788779018,NY,2023-11-07,1,1,1,1,1,0,0,1,0,1,0,0,1,0,0,0,0,0,0,0
1453,5.47640177498204,0.3918256645960205,NY,2023-11-08,0,1,1,1,1,0,1,1,1,0,0,0,0,0,0,0,0,0,1,0
1454,4.64264237305425,0.3428391350043775,NY,2023-11-09,0,0,1,0,0,1,1,1,1,1,0,0,0,0,0,1,1,0,1,0
1455,6.67485442898371,0.351019802264064,NY,2023-11-10,1,1,0,1,0,1,1,0,0,1,0,0,1,0,0,0,0,0,0,0
1456,6.01583268728421,0.4466210690766135,NY,2023-11-11,1,1,0,1,0,0,1,0,1,0,1,0,1,1,0,0,0,0,0,0
1457,7.28986431513462,0.337320472498896,NY,2023-11-12,1,1,0,1,0,0,1,0,1,1,0,0,0,1,0,0,1,0,0,0
1458,9.51662063104129,0.3489519208303835,NY,2023-11-13,0,1,0,0,0,1,1,0,1,1,0,1,0,0,0,0,0,0,1,1
1459,5.89695744968143,0.3887842555233175,NY,2023-11-14,1,1,1,1,1,1,0,0,1,0,0,0,0,1,0,0,0,0,0,0
1460,10.4896537914821,0.378813633466394,NY,2023-11-15,1,1,1,1,1,0,1,0,1,0,1,0,0,0,0,0,0,0,0,0
1461,5.02854195321777,0.376813104404299,NY,2023-11-16,0,1,1,1,1,0,1,0,1,1,0,0,0,0,0,0,0,0,0,1
1462,9.40257684665139,0.4129569092781585,NY,2023-11-17,1,0,0,1,1,0,1,0,0,0,0,0,0,0,0,0,0,0,0,0
1463,8.48906196053339,0.4085472652082045,NY,2023-11-18,1,1,1,1,1,0,1,0,0,1,0,0,0,1,0,0,0,0,0,0
1464,20.3618806158016,0.390300544581639,NY,2023-11-19,0,1,1,0,0,0,0,0,1,1,0,0,0,0,0,0,1,0,0,1
1465,25.3842659530637,0.40905406692829,NY,2023-11-20,1,1,0,1,1,0,1,0,0,1,0,0,0,0,0,0,0,0,0,0
1466,19.799829696601,0.4243799198413025,NY,2023-11-21,0,0,0,1,0,0,1,0,0,1,0,0,0,1,0,0,0,0,1,1
1467,7.71815747777963,0.396879218643957,NY,2023-11-22,1,0,1,1,0,1,1,0,1,1,0,0,0,1,0,0,0,0,0,0
1468,4.1342034670495,0.3994090019352625,NY,2023-11-23,1,1,1,1,0,1,1,0,1,1,0,0,1,0,0,0,0,0,1,0
1469,14.6913580114717,0.40927572046881,NY,2023-11-24,0,1,0,1,0,1,0,0,1,1,0,0,1,0,0,0,0,0,1,0
1470,14.7468036904969,0.442403373623144,NY,2023-11-25,1,0,1,1,0,0,1,0,1,1,0,0,0,1,0,0,0,0,0,0
1471,NA,NA,OH,2023-10-15,NA,NA,NA,NA,NA,NA,NA,NA,NA,NA,NA,NA,NA,NA,NA,NA,NA,NA,NA,NA
1472,1.60925456399826,0.295832887007042,OH,2023-10-16,1,1,1,1,0,1,1,1,1,1,1,0,1,1,0,1,1,1,1,1
1473,1.11420661555292,0.4065553449091575,OH,2023-10-17,1,1,1,1,1,1,0,1,1,0,1,0,1,0,0,1,1,1,1,1
1474,0.892852542336266,0.4421890382167655,OH,2023-10-18,1,1,1,1,1,1,0,1,1,1,1,0,1,1,1,1,0,1,1,1
1475,1.16065132557321,0.562372060043875,OH,2023-10-19,1,1,1,0,1,1,1,1,1,0,1,0,1,0,1,1,0,1,1,0
1476,2.25464889184485,0.5062889779,OH,2023-10-20,0,0,1,0,1,1,1,1,1,1,0,0,1,0,0,1,1,1,1,0
1477,NA,NA,OH,2023-10-21,NA,NA,NA,NA,NA,NA,NA,NA,NA,NA,NA,NA,NA,NA,NA,NA,NA,NA,NA,NA
1478,NA,NA,OH,2023-10-22,NA,NA,NA,NA,NA,NA,NA,NA,NA,NA,NA,NA,NA,NA,NA,NA,NA,NA,NA,NA
1479,1.28540017327988,0.485875060370671,OH,2023-10-23,1,1,1,0,0,1,1,1,1,0,1,0,0,0,0,1,1,1,1,0
1480,0.785542277177935,0.392901088298151,OH,2023-10-24,1,1,1,1,1,0,1,1,1,1,1,0,1,1,0,0,1,1,1,1
1481,1.43494427783758,0.3608333301075365,OH,2023-10-25,1,1,1,1,1,0,1,1,1,1,1,0,1,0,0,0,0,1,1,0
1482,0.735478841404994,0.407388975460236,OH,2023-10-26,1,1,0,1,1,1,1,1,1,1,0,0,0,1,0,1,1,1,1,1
1483,0.989668452939112,0.2896128698892885,OH,2023-10-27,1,1,1,1,0,1,1,1,1,1,1,1,1,1,1,1,1,1,1,1
1484,0.40078843468033,0.2801193523368275,OH,2023-10-28,1,1,1,1,1,1,1,1,1,1,1,0,0,1,1,1,1,1,1,1
1485,0.812424368242237,0.576850561386345,OH,2023-10-29,1,1,1,1,1,1,1,1,1,0,1,0,1,1,1,1,1,1,1,0
1486,0.842659261955091,0.4197380491330885,OH,2023-10-30,0,1,1,1,1,1,1,1,1,1,0,0,0,1,0,1,1,1,1,1
1487,1.74930831069518,0.500153497671715,OH,2023-10-31,0,0,1,0,1,1,1,1,1,1,0,0,1,0,1,1,0,1,1,0
1488,1.10739835904161,0.4799657053085275,OH,2023-11-01,1,1,1,1,1,0,1,1,1,1,1,0,0,1,0,0,1,1,1,1
1489,1.04408666826124,0.3301271664273695,OH,2023-11-02,1,1,1,1,1,1,1,1,1,1,0,0,0,1,1,0,1,1,1,0
1490,1.18077031974387,0.489440191485634,OH,2023-11-03,1,1,1,0,1,0,1,1,1,1,1,0,1,0,0,0,1,1,1,0
1491,0.966950564526833,0.2772047064333905,OH,2023-11-04,1,0,1,1,1,1,1,1,1,1,1,0,1,1,1,1,0,1,1,1
1492,0.949111950639705,0.2767915270715505,OH,2023-11-05,1,0,1,1,1,1,1,1,1,1,1,0,1,1,0,1,1,1,1,1
1493,0.950628004265568,0.42857809018949,OH,2023-11-06,0,1,1,0,1,1,1,1,1,1,0,0,1,0,0,1,1,1,1,0
1494,1.82394697554271,0.3923947454158035,OH,2023-11-07,1,0,0,1,0,1,1,1,1,1,1,0,0,1,1,1,1,1,1,1
1495,0.85710068796208,0.430341418643566,OH,2023-11-08,1,1,1,1,1,1,1,1,1,0,1,0,1,1,0,1,1,1,1,0
1496,1.18143050419683,0.4920601176286835,OH,2023-11-09,0,1,1,1,1,0,1,1,1,1,0,0,0,1,0,0,1,1,1,1
1497,1.17519819076484,0.2803664456877055,OH,2023-11-10,1,1,1,1,0,1,1,1,1,1,1,0,1,1,0,1,1,1,1,1
1498,0.892570218123886,0.44786939380769353,OH,2023-11-11,1,1,1,1,1,0,1,1,1,1,1,0,1,1,1,0,1,1,1,1
1499,0.418781304152166,0.281193286794053,OH,2023-11-12,1,1,1,1,1,1,1,1,1,1,1,0,1,1,0,1,1,1,1,1
1500,1.12241309578685,0.41009193459640497,OH,2023-11-13,1,1,1,0,1,1,1,1,0,1,1,0,1,0,1,1,1,1,0,1
1501,2.64466207022046,0.331059299623579,OH,2023-11-14,1,0,1,1,0,1,1,1,1,1,0,0,1,1,0,1,1,0,1,0
1502,1.18705983828018,0.395031869551741,OH,2023-11-15,1,1,0,1,1,1,1,1,1,1,1,0,0,1,1,1,1,1,1,1
1503,0.419396119369103,0.272799595480748,OH,2023-11-16,1,1,1,1,1,1,1,1,1,1,1,0,1,1,0,1,1,1,1,1
1504,1.1214440281692,0.596266794772275,OH,2023-11-17,1,1,0,1,1,0,1,1,1,1,1,0,0,1,0,0,1,1,1,1
1505,NA,NA,OH,2023-11-18,NA,NA,NA,NA,NA,NA,NA,NA,NA,NA,NA,NA,NA,NA,NA,NA,NA,NA,NA,NA
1506,0.858216181763998,0.454178626844998,OH,2023-11-19,1,1,1,1,1,1,1,0,1,1,1,0,1,1,1,1,1,0,1,1
1507,1.26451318757395,0.3398929472937435,OH,2023-11-20,1,1,1,1,0,1,1,1,1,0,1,0,1,1,0,1,0,1,1,0
1508,1.13036116594233,0.37731463401599,OH,2023-11-21,1,1,0,1,1,1,1,1,1,1,1,1,0,1,1,1,1,1,1,0
1509,0.796192138170815,0.5972437402249,OH,2023-11-22,1,1,1,1,1,1,1,1,1,0,1,0,1,1,1,1,1,1,1,0
1510,NA,NA,OH,2023-11-23,NA,NA,NA,NA,NA,NA,NA,NA,NA,NA,NA,NA,NA,NA,NA,NA,NA,NA,NA,NA
1511,1.13804663534882,0.59671213128276,OH,2023-11-24,0,1,1,1,1,1,1,1,1,0,0,0,1,1,1,1,1,1,1,0
1512,NA,NA,OH,2023-11-25,NA,NA,NA,NA,NA,NA,NA,NA,NA,NA,NA,NA,NA,NA,NA,NA,NA,NA,NA,NA
1513,0.574922488142852,0.4170403773053375,OK,2023-10-15,1,1,1,1,0,1,1,1,1,1,1,0,1,1,0,1,1,1,1,1
1514,1.29222901537517,0.4721435068992035,OK,2023-10-16,0,1,1,1,1,0,1,1,1,1,0,1,1,0,0,0,1,1,1,1
1515,1.03656938136793,0.52605211168872,OK,2023-10-17,1,1,1,1,1,0,1,1,1,1,1,0,0,1,1,0,1,1,1,1
1516,0.954034155599491,0.4998858152884135,OK,2023-10-18,1,1,1,0,1,1,1,1,1,1,1,1,0,0,0,1,1,1,1,1
1517,1.56747808990158,0.4832216609583635,OK,2023-10-19,1,0,0,1,1,0,1,1,1,1,1,0,0,1,0,0,1,1,1,0
1518,0.809568539837052,0.4411706554478425,OK,2023-10-20,1,1,1,1,1,1,1,1,1,1,1,1,0,1,0,1,1,1,1,1
1519,0.567842029955962,0.413230621863349,OK,2023-10-21,1,1,1,1,0,1,1,1,1,1,1,1,0,1,0,1,1,1,1,1
1520,2.34185889755232,0.3756479739348425,OK,2023-10-22,1,1,1,1,0,1,1,1,1,1,1,1,0,1,0,0,1,1,1,1
1521,1.27402939598516,0.385361062612925,OK,2023-10-23,1,1,1,1,1,1,1,1,1,1,0,1,1,0,0,0,0,1,1,1
1522,3.09559104883107,0.22989915544632,OK,2023-10-24,1,0,1,1,1,1,1,1,1,1,0,0,0,1,0,0,1,1,1,1
1523,1.47367679167054,0.3995172661150105,OK,2023-10-25,1,1,0,1,1,1,1,1,1,1,0,0,0,0,0,1,1,0,1,0
1524,1.28464223608047,0.3956833102876065,OK,2023-10-26,1,1,0,1,1,1,1,1,1,1,0,1,0,1,1,1,1,1,1,0
1525,1.42294276532221,0.4054383473721065,OK,2023-10-27,0,1,1,1,1,1,1,1,1,1,0,1,0,1,1,0,1,1,1,1
1526,0.869368578397472,0.234615736512828,OK,2023-10-28,1,0,1,1,1,1,1,1,1,1,1,0,1,1,0,1,1,1,1,1
1527,NA,NA,OK,2023-10-29,NA,NA,NA,NA,NA,NA,NA,NA,NA,NA,NA,NA,NA,NA,NA,NA,NA,NA,NA,NA
1528,0.871616076795175,0.4222584537509335,OK,2023-10-30,1,1,1,1,1,0,1,1,1,1,1,0,0,1,1,1,1,1,1,0
1529,1.3462047355227,0.457950161547843,OK,2023-10-31,1,1,0,1,1,1,1,1,1,1,1,0,0,1,1,0,1,1,1,1
1530,1.17002838952342,0.3922760697490755,OK,2023-11-01,1,1,1,1,1,1,1,1,1,1,1,1,1,0,0,1,1,1,1,0
1531,1.62193518397045,0.4308708448077385,OK,2023-11-02,1,0,0,1,0,1,1,1,1,1,1,0,0,1,1,1,1,1,1,1
1532,0.37435150829249503,0.2432338725825235,OK,2023-11-03,1,1,1,1,1,1,1,1,1,1,1,0,0,1,1,1,1,1,1,1
1533,0.548632010142472,0.324838372288616,OK,2023-11-04,1,1,1,1,1,1,1,1,1,1,0,0,0,1,0,1,1,1,1,1
1534,0.567668378730283,0.4043187798098185,OK,2023-11-05,1,1,1,1,0,1,1,1,1,1,1,1,1,1,1,1,1,1,1,1
1535,4.72149625959494,0.4499156932834925,OK,2023-11-06,0,0,1,1,0,1,1,1,1,1,0,0,0,0,0,0,1,1,1,1
1536,2.59689225267127,0.417595600912059,OK,2023-11-07,0,1,1,1,0,1,1,1,1,1,0,1,0,0,0,1,1,0,1,1
1537,1.2477186270248,0.346559957903225,OK,2023-11-08,1,0,1,1,1,1,1,1,1,1,1,0,0,0,0,1,1,1,1,0
1538,0.757539008710693,0.561431378537985,OK,2023-11-09,1,1,1,1,1,0,1,1,1,1,1,1,0,1,1,0,1,1,1,1
1539,1.07763143769845,0.453477069151953,OK,2023-11-10,0,1,1,1,1,1,0,1,1,1,0,0,0,1,0,1,0,1,1,1
1540,NA,NA,OK,2023-11-11,NA,NA,NA,NA,NA,NA,NA,NA,NA,NA,NA,NA,NA,NA,NA,NA,NA,NA,NA,NA
1541,0.925524395260117,0.474774400097111,OK,2023-11-12,1,1,1,1,1,1,1,1,1,0,1,1,0,1,0,1,1,0,1,0
1542,1.25582410093217,0.390728158848789,OK,2023-11-13,1,1,1,1,1,1,0,1,1,1,1,0,1,1,0,0,0,1,1,1
1543,2.79472616574834,0.469298353986287,OK,2023-11-14,1,0,0,1,1,1,0,1,1,1,1,0,0,1,0,1,0,0,1,1
1544,3.8591059707881,0.449834807907562,OK,2023-11-15,0,0,1,1,0,1,1,1,1,1,0,0,0,0,0,0,1,1,1,0
1545,0.985218161497233,0.4949372487167735,OK,2023-11-16,1,1,1,1,1,1,1,1,0,1,1,1,1,1,0,1,1,1,0,1
1546,2.01987319935871,0.4228011629234035,OK,2023-11-17,1,0,0,1,0,1,1,1,1,1,1,1,1,1,0,1,1,1,1,0
1547,0.749860239226603,0.510291986731915,OK,2023-11-18,0,1,1,1,1,1,1,1,1,1,0,1,0,1,1,1,1,1,1,1
1548,1.21507383676399,0.398377336695698,OK,2023-11-19,1,1,1,1,0,1,1,1,1,1,1,1,1,1,1,1,1,1,1,1
1549,2.43762878109267,0.4222088903119435,OK,2023-11-20,1,0,1,1,0,1,1,1,1,1,0,1,0,1,0,1,1,0,1,1
1550,0.779467087687704,0.4012274452125135,OK,2023-11-21,1,1,1,0,1,1,1,1,1,1,1,1,1,0,0,1,1,1,1,1
1551,0.601990604031099,0.338979955095132,OK,2023-11-22,1,1,1,1,1,1,1,1,1,1,1,0,0,1,1,1,1,1,1,1
1552,NA,NA,OK,2023-11-23,NA,NA,NA,NA,NA,NA,NA,NA,NA,NA,NA,NA,NA,NA,NA,NA,NA,NA,NA,NA
1553,0.434675622260283,0.2852681037075145,OK,2023-11-24,1,1,1,1,1,1,1,1,1,1,1,0,1,1,1,1,0,1,1,1
1554,1.23186666126166,0.342277264423438,OK,2023-11-25,1,1,1,1,0,1,1,1,1,1,1,0,1,1,1,1,1,0,1,1
1555,0.766804807589477,0.30868207531114,OR,2023-10-15,1,1,1,1,0,1,1,1,1,1,1,0,1,1,0,1,1,1,1,1
1556,0.807818148394791,0.4243535827348385,OR,2023-10-16,1,1,1,0,1,1,1,1,1,1,1,0,1,0,0,1,1,1,1,0
1557,1.67640779380821,0.331239427267828,OR,2023-10-17,1,1,1,1,0,1,1,1,1,1,1,0,1,1,0,1,1,1,1,1
1558,0.361956392978055,0.2601509820883105,OR,2023-10-18,1,1,1,1,1,1,1,1,1,1,1,0,1,1,0,1,1,1,1,1
1559,0.833221999902873,0.423229166060966,OR,2023-10-19,1,1,0,1,1,1,1,1,1,1,1,0,1,1,0,1,1,1,1,1
1560,1.35088823789877,0.390984658119226,OR,2023-10-20,0,1,1,1,1,1,1,1,1,1,0,0,0,1,0,1,1,1,1,1
1561,0.616098335434869,0.37036018025515,OR,2023-10-21,1,1,1,1,1,1,1,1,1,1,1,1,1,0,0,1,1,1,1,1
1562,1.01605409637076,0.328783405978806,OR,2023-10-22,1,1,1,1,0,1,1,1,1,1,0,0,1,1,0,1,1,1,1,1
1563,2.68586154792701,0.4104347677037315,OR,2023-10-23,1,0,1,1,1,1,0,1,1,1,0,0,1,0,0,1,0,1,1,0
1564,0.439080685141871,0.32762660776042,OR,2023-10-24,1,1,1,1,1,1,1,1,1,1,1,0,1,1,0,1,1,1,1,1
1565,0.368193470758863,0.2574906692880415,OR,2023-10-25,1,1,1,1,1,1,1,1,1,1,1,0,1,1,0,1,1,1,1,1
1566,0.857274136475406,0.4469648028985515,OR,2023-10-26,1,1,1,1,1,1,1,1,1,0,1,1,1,0,1,1,1,1,1,0
1567,0.959739198405672,0.284541169031269,OR,2023-10-27,1,1,1,1,1,1,1,1,1,1,1,0,1,0,1,0,1,0,1,1
1568,0.710166004517045,0.3022932174864185,OR,2023-10-28,1,1,1,1,0,1,1,1,1,1,1,0,0,1,0,1,1,1,1,1
1569,2.40070298218057,0.488313740127949,OR,2023-10-29,1,0,1,0,1,1,1,1,1,1,1,0,1,0,0,1,1,1,1,0
1570,1.60933304682568,0.470505340528188,OR,2023-10-30,1,0,1,1,1,0,1,1,1,1,1,0,1,1,1,0,1,1,1,0
1571,1.69940838746004,0.38925326434257,OR,2023-10-31,0,0,1,1,0,1,1,1,1,1,0,1,0,1,0,1,0,1,1,1
1572,0.430951219894667,0.3216073068828565,OR,2023-11-01,1,1,1,1,1,1,1,1,1,1,1,1,1,1,1,1,1,1,1,1
1573,NA,NA,OR,2023-11-02,NA,NA,NA,NA,NA,NA,NA,NA,NA,NA,NA,NA,NA,NA,NA,NA,NA,NA,NA,NA
1574,0.832292792903859,0.409585262730475,OR,2023-11-03,1,1,1,1,1,1,1,1,1,1,1,0,0,0,0,1,1,1,1,1
1575,0.360652387001691,0.288237569277865,OR,2023-11-04,1,1,1,1,1,1,1,1,1,1,1,0,1,1,0,1,1,1,1,1
1576,0.364926562030271,0.2878714578765555,OR,2023-11-05,1,1,1,1,1,1,1,1,1,1,1,0,1,0,1,1,1,1,1,1
1577,1.62031543659363,0.3797592532404105,OR,2023-11-06,1,1,0,0,1,1,1,1,1,1,1,0,0,0,0,0,1,1,1,1
1578,0.914679759472197,0.334060819412131,OR,2023-11-07,1,1,1,1,1,1,1,1,1,1,0,0,1,0,0,1,1,1,1,1
1579,3.86028426342519,0.352254048452048,OR,2023-11-08,1,0,1,1,0,1,1,0,1,1,1,0,1,1,0,1,1,0,1,0
1580,NA,NA,OR,2023-11-09,NA,NA,NA,NA,NA,NA,NA,NA,NA,NA,NA,NA,NA,NA,NA,NA,NA,NA,NA,NA
1581,NA,NA,OR,2023-11-10,NA,NA,NA,NA,NA,NA,NA,NA,NA,NA,NA,NA,NA,NA,NA,NA,NA,NA,NA,NA
1582,1.31915202477675,0.3638694509651655,OR,2023-11-11,1,1,1,1,1,1,1,0,1,1,0,0,1,0,0,0,0,0,1,1
1583,0.925414861574292,0.374394358679298,OR,2023-11-12,1,1,1,1,1,1,1,1,1,1,1,0,1,0,0,1,0,1,1,0
1584,1.44676959805203,0.3734019052303385,OR,2023-11-13,1,1,0,1,1,1,1,1,1,1,1,0,0,1,0,1,1,1,1,1
1585,0.937947140642215,0.2890361795734805,OR,2023-11-14,1,1,1,1,1,1,1,1,1,1,1,1,1,1,1,1,1,1,1,1
1586,1.14180702162412,0.353230413085941,OR,2023-11-15,1,1,0,1,1,1,1,1,1,1,1,0,0,1,0,1,1,1,1,0
1587,0.383356060430175,0.302092677064485,OR,2023-11-16,1,1,1,1,1,1,1,1,1,1,1,1,1,1,1,1,1,1,1,1
1588,0.870795345056833,0.460710235106414,OR,2023-11-17,1,1,1,1,1,1,1,0,1,1,1,0,1,1,1,1,1,0,1,1
1589,0.926760141604269,0.4452625151746655,OR,2023-11-18,1,1,1,1,1,1,1,0,1,1,1,0,0,1,0,1,1,0,1,1
1590,0.769891980151497,0.52929081888918,OR,2023-11-19,1,1,0,1,1,1,1,1,1,1,1,1,0,1,0,1,1,1,1,1
1591,5.854546158679,0.293121521075416,OR,2023-11-20,1,0,1,1,0,1,1,1,1,1,1,0,0,0,0,1,1,1,1,0
1592,0.764335426214254,0.411212739659975,OR,2023-11-21,1,1,0,1,1,1,1,1,1,1,1,1,1,1,1,1,1,1,1,1
1593,0.354614121412787,0.290954177051886,OR,2023-11-22,1,1,1,1,1,1,1,1,1,1,1,1,1,1,1,1,1,1,1,1
1594,1.83062163384655,0.349736567525111,OR,2023-11-23,1,0,1,1,0,1,1,1,1,0,1,0,1,0,0,1,1,1,1,0
1595,0.841303613217409,0.598721788284995,OR,2023-11-24,0,1,1,1,1,1,1,1,1,1,0,1,1,1,0,1,1,1,1,1
1596,0.978807029489028,0.3736843469536,OR,2023-11-25,1,1,1,0,1,1,1,1,1,1,1,0,1,0,0,1,1,1,1,0
1597,0.276985860058151,0.209007505611342,PA,2023-10-15,1,1,1,1,1,1,1,1,1,1,1,1,0,1,0,1,1,1,1,1
1598,1.74977267647888,0.3821162954844355,PA,2023-10-16,1,0,1,1,1,1,1,1,1,1,0,0,0,0,0,1,0,1,1,1
1599,2.05337241317804,0.383829566958513,PA,2023-10-17,0,1,1,1,1,1,1,1,1,1,0,0,1,1,1,1,0,1,1,1
1600,2.83039484211782,0.4202441502987745,PA,2023-10-18,1,0,1,1,0,0,1,1,1,1,0,0,1,0,0,0,1,1,1,0
1601,1.80512206585985,0.4805407834149945,PA,2023-10-19,1,1,1,1,1,0,0,1,1,1,1,0,1,1,0,0,0,1,1,1
1602,1.13546108327424,0.448835002543581,PA,2023-10-20,0,1,1,1,1,1,0,1,1,1,0,1,0,1,0,1,0,1,1,1
1603,1.77761934447103,0.4107686662878535,PA,2023-10-21,0,1,0,1,1,0,1,1,1,1,0,1,0,1,0,0,1,1,0,0
1604,1.22212243553785,0.30742351976583,PA,2023-10-22,1,1,1,1,0,1,1,1,1,0,1,1,0,1,0,1,0,1,1,0
1605,3.64050890449262,0.353236319886609,PA,2023-10-23,0,0,1,1,0,0,1,1,1,1,0,0,0,0,0,0,1,1,1,0
1606,2.37362277054839,0.418054081985036,PA,2023-10-24,0,1,1,1,1,1,0,1,1,1,1,0,1,1,0,1,0,1,1,0
1607,1.40728578596207,0.44059044822833,PA,2023-10-25,0,1,1,1,1,0,1,1,1,0,0,0,0,0,0,0,1,1,1,0
1608,1.04054619297677,0.38654598884564,PA,2023-10-26,0,1,1,1,1,0,1,1,1,1,0,1,0,1,0,0,1,1,0,1
1609,1.87377462864932,0.3211006526608145,PA,2023-10-27,0,1,1,1,0,1,1,1,1,1,0,1,0,1,0,1,0,1,1,0
1610,1.07791137674077,0.50091893540148,PA,2023-10-28,0,1,1,1,1,1,1,1,1,1,0,0,0,1,1,1,0,1,1,1
1611,1.67371882114571,0.5687861969161,PA,2023-10-29,0,1,1,1,1,1,1,1,1,1,0,1,0,1,1,1,0,1,1,1
1612,3.30591338449459,0.369195805561104,PA,2023-10-30,1,0,1,1,1,1,1,1,1,1,0,0,0,0,1,1,0,1,1,0
1613,3.13256171068065,0.3133726282585375,PA,2023-10-31,0,1,0,1,0,1,1,1,1,1,0,1,0,1,0,1,1,1,1,0
1614,2.77673762916366,0.4325087693601315,PA,2023-11-01,1,1,0,1,1,0,1,0,1,1,1,0,0,0,1,0,0,0,1,1
1615,2.27455202312653,0.4522817203857565,PA,2023-11-02,1,1,1,1,1,0,0,1,1,1,1,0,0,1,0,0,0,1,1,1
1616,0.284290584262474,0.2392483172612505,PA,2023-11-03,1,1,1,1,1,1,1,1,1,1,1,1,1,0,0,1,1,1,1,1
1617,0.285547042302522,0.242105990211663,PA,2023-11-04,1,1,1,1,1,1,1,1,1,1,1,1,1,1,1,1,1,1,1,1
1618,0.778427001306463,0.4091126306560305,PA,2023-11-05,1,1,1,1,1,1,1,1,1,0,1,0,1,1,0,1,1,1,1,1
1619,6.22597366842717,0.352573241538479,PA,2023-11-06,0,1,0,1,0,0,1,1,1,1,1,0,0,0,0,0,0,1,1,1
1620,2.89572121784391,0.34790535646831,PA,2023-11-07,1,0,0,1,0,0,1,0,1,1,1,0,1,1,0,0,1,0,1,0
1621,2.15563686083379,0.423061693906309,PA,2023-11-08,1,1,1,1,1,0,1,1,0,1,0,0,0,0,0,0,0,1,0,0
1622,3.33864861553579,0.4854154864740315,PA,2023-11-09,1,1,0,1,0,0,1,1,1,1,1,0,0,1,0,0,1,1,1,1
1623,1.00234115458818,0.3361129086692905,PA,2023-11-10,1,0,1,1,1,1,1,1,1,1,1,1,1,1,1,1,1,1,1,1
1624,0.850470672865058,0.589171710693775,PA,2023-11-11,1,1,1,1,1,0,1,1,1,1,1,1,1,1,0,0,1,1,1,1
1625,0.810451982299756,0.4285547085605615,PA,2023-11-12,1,1,1,1,1,0,1,1,1,1,1,1,1,1,0,0,1,1,1,1
1626,2.8640936716878,0.3555826232247035,PA,2023-11-13,0,1,1,1,0,1,1,0,1,1,0,1,0,0,0,1,1,0,1,0
1627,2.02665365639881,0.354141301517079,PA,2023-11-14,0,1,1,1,0,1,1,1,1,1,0,0,1,1,0,1,0,1,1,0
1628,2.55606545786308,0.3701906899593965,PA,2023-11-15,1,1,1,1,1,1,1,0,1,1,1,0,1,0,1,1,0,0,1,0
1629,0.754512446394572,0.28506649710679,PA,2023-11-16,1,1,1,1,0,1,1,1,1,1,1,1,0,1,0,1,1,1,1,0
1630,1.28938626742039,0.375652498699761,PA,2023-11-17,1,1,1,1,1,1,1,0,1,1,0,1,0,1,0,1,0,0,1,1
1631,1.27884768553447,0.419949119447025,PA,2023-11-18,1,1,1,1,1,0,1,0,1,1,1,1,1,1,1,0,0,0,1,1
1632,1.70223688352139,0.3392531821344705,PA,2023-11-19,1,1,1,1,0,1,1,1,0,1,0,1,0,1,0,1,0,1,0,1
1633,4.68152653797544,0.3683756839124075,PA,2023-11-20,1,1,0,1,0,0,1,0,1,1,1,0,0,1,0,0,1,0,1,1
1634,2.4446264437892,0.366949668252408,PA,2023-11-21,1,1,1,1,1,1,1,1,1,1,0,0,0,0,0,1,0,1,1,0
1635,1.01335011221676,0.389640111339853,PA,2023-11-22,0,1,1,1,1,1,1,1,1,1,1,0,0,1,0,1,1,1,1,1
1636,0.326364512608641,0.3166997970445405,PA,2023-11-23,1,1,1,1,1,1,1,1,1,1,1,1,1,1,1,1,1,1,1,1
1637,1.19542608720546,0.547172350215685,PA,2023-11-24,0,1,1,1,1,1,1,1,1,0,0,0,1,1,0,1,1,1,1,0
1638,1.85336809643417,0.445246672380737,PA,2023-11-25,1,1,1,0,1,1,1,0,1,1,1,1,0,0,1,1,0,0,1,0
1639,NA,NA,PR,2023-10-15,NA,NA,NA,NA,NA,NA,NA,NA,NA,NA,NA,NA,NA,NA,NA,NA,NA,NA,NA,NA
1640,NA,NA,PR,2023-10-16,NA,NA,NA,NA,NA,NA,NA,NA,NA,NA,NA,NA,NA,NA,NA,NA,NA,NA,NA,NA
1641,NA,NA,PR,2023-10-17,NA,NA,NA,NA,NA,NA,NA,NA,NA,NA,NA,NA,NA,NA,NA,NA,NA,NA,NA,NA
1642,NA,NA,PR,2023-10-18,NA,NA,NA,NA,NA,NA,NA,NA,NA,NA,NA,NA,NA,NA,NA,NA,NA,NA,NA,NA
1643,NA,NA,PR,2023-10-19,NA,NA,NA,NA,NA,NA,NA,NA,NA,NA,NA,NA,NA,NA,NA,NA,NA,NA,NA,NA
1644,NA,NA,PR,2023-10-20,NA,NA,NA,NA,NA,NA,NA,NA,NA,NA,NA,NA,NA,NA,NA,NA,NA,NA,NA,NA
1645,NA,NA,PR,2023-10-21,NA,NA,NA,NA,NA,NA,NA,NA,NA,NA,NA,NA,NA,NA,NA,NA,NA,NA,NA,NA
1646,NA,NA,PR,2023-10-22,NA,NA,NA,NA,NA,NA,NA,NA,NA,NA,NA,NA,NA,NA,NA,NA,NA,NA,NA,NA
1647,NA,NA,PR,2023-10-23,NA,NA,NA,NA,NA,NA,NA,NA,NA,NA,NA,NA,NA,NA,NA,NA,NA,NA,NA,NA
1648,NA,NA,PR,2023-10-24,NA,NA,NA,NA,NA,NA,NA,NA,NA,NA,NA,NA,NA,NA,NA,NA,NA,NA,NA,NA
1649,NA,NA,PR,2023-10-25,NA,NA,NA,NA,NA,NA,NA,NA,NA,NA,NA,NA,NA,NA,NA,NA,NA,NA,NA,NA
1650,NA,NA,PR,2023-10-26,NA,NA,NA,NA,NA,NA,NA,NA,NA,NA,NA,NA,NA,NA,NA,NA,NA,NA,NA,NA
1651,NA,NA,PR,2023-10-27,NA,NA,NA,NA,NA,NA,NA,NA,NA,NA,NA,NA,NA,NA,NA,NA,NA,NA,NA,NA
1652,NA,NA,PR,2023-10-28,NA,NA,NA,NA,NA,NA,NA,NA,NA,NA,NA,NA,NA,NA,NA,NA,NA,NA,NA,NA
1653,NA,NA,PR,2023-10-29,NA,NA,NA,NA,NA,NA,NA,NA,NA,NA,NA,NA,NA,NA,NA,NA,NA,NA,NA,NA
1654,NA,NA,PR,2023-10-30,NA,NA,NA,NA,NA,NA,NA,NA,NA,NA,NA,NA,NA,NA,NA,NA,NA,NA,NA,NA
1655,NA,NA,PR,2023-10-31,NA,NA,NA,NA,NA,NA,NA,NA,NA,NA,NA,NA,NA,NA,NA,NA,NA,NA,NA,NA
1656,NA,NA,PR,2023-11-01,NA,NA,NA,NA,NA,NA,NA,NA,NA,NA,NA,NA,NA,NA,NA,NA,NA,NA,NA,NA
1657,NA,NA,PR,2023-11-02,NA,NA,NA,NA,NA,NA,NA,NA,NA,NA,NA,NA,NA,NA,NA,NA,NA,NA,NA,NA
1658,NA,NA,PR,2023-11-03,NA,NA,NA,NA,NA,NA,NA,NA,NA,NA,NA,NA,NA,NA,NA,NA,NA,NA,NA,NA
1659,NA,NA,PR,2023-11-04,NA,NA,NA,NA,NA,NA,NA,NA,NA,NA,NA,NA,NA,NA,NA,NA,NA,NA,NA,NA
1660,NA,NA,PR,2023-11-05,NA,NA,NA,NA,NA,NA,NA,NA,NA,NA,NA,NA,NA,NA,NA,NA,NA,NA,NA,NA
1661,NA,NA,PR,2023-11-06,NA,NA,NA,NA,NA,NA,NA,NA,NA,NA,NA,NA,NA,NA,NA,NA,NA,NA,NA,NA
1662,NA,NA,PR,2023-11-07,NA,NA,NA,NA,NA,NA,NA,NA,NA,NA,NA,NA,NA,NA,NA,NA,NA,NA,NA,NA
1663,NA,NA,PR,2023-11-08,NA,NA,NA,NA,NA,NA,NA,NA,NA,NA,NA,NA,NA,NA,NA,NA,NA,NA,NA,NA
1664,NA,NA,PR,2023-11-09,NA,NA,NA,NA,NA,NA,NA,NA,NA,NA,NA,NA,NA,NA,NA,NA,NA,NA,NA,NA
1665,NA,NA,PR,2023-11-10,NA,NA,NA,NA,NA,NA,NA,NA,NA,NA,NA,NA,NA,NA,NA,NA,NA,NA,NA,NA
1666,NA,NA,PR,2023-11-11,NA,NA,NA,NA,NA,NA,NA,NA,NA,NA,NA,NA,NA,NA,NA,NA,NA,NA,NA,NA
1667,NA,NA,PR,2023-11-12,NA,NA,NA,NA,NA,NA,NA,NA,NA,NA,NA,NA,NA,NA,NA,NA,NA,NA,NA,NA
1668,NA,NA,PR,2023-11-13,NA,NA,NA,NA,NA,NA,NA,NA,NA,NA,NA,NA,NA,NA,NA,NA,NA,NA,NA,NA
1669,NA,NA,PR,2023-11-14,NA,NA,NA,NA,NA,NA,NA,NA,NA,NA,NA,NA,NA,NA,NA,NA,NA,NA,NA,NA
1670,NA,NA,PR,2023-11-15,NA,NA,NA,NA,NA,NA,NA,NA,NA,NA,NA,NA,NA,NA,NA,NA,NA,NA,NA,NA
1671,NA,NA,PR,2023-11-16,NA,NA,NA,NA,NA,NA,NA,NA,NA,NA,NA,NA,NA,NA,NA,NA,NA,NA,NA,NA
1672,NA,NA,PR,2023-11-17,NA,NA,NA,NA,NA,NA,NA,NA,NA,NA,NA,NA,NA,NA,NA,NA,NA,NA,NA,NA
1673,NA,NA,PR,2023-11-18,NA,NA,NA,NA,NA,NA,NA,NA,NA,NA,NA,NA,NA,NA,NA,NA,NA,NA,NA,NA
1674,NA,NA,PR,2023-11-19,NA,NA,NA,NA,NA,NA,NA,NA,NA,NA,NA,NA,NA,NA,NA,NA,NA,NA,NA,NA
1675,NA,NA,PR,2023-11-20,NA,NA,NA,NA,NA,NA,NA,NA,NA,NA,NA,NA,NA,NA,NA,NA,NA,NA,NA,NA
1676,NA,NA,PR,2023-11-21,NA,NA,NA,NA,NA,NA,NA,NA,NA,NA,NA,NA,NA,NA,NA,NA,NA,NA,NA,NA
1677,NA,NA,PR,2023-11-22,NA,NA,NA,NA,NA,NA,NA,NA,NA,NA,NA,NA,NA,NA,NA,NA,NA,NA,NA,NA
1678,NA,NA,PR,2023-11-23,NA,NA,NA,NA,NA,NA,NA,NA,NA,NA,NA,NA,NA,NA,NA,NA,NA,NA,NA,NA
1679,NA,NA,PR,2023-11-24,NA,NA,NA,NA,NA,NA,NA,NA,NA,NA,NA,NA,NA,NA,NA,NA,NA,NA,NA,NA
1680,NA,NA,PR,2023-11-25,NA,NA,NA,NA,NA,NA,NA,NA,NA,NA,NA,NA,NA,NA,NA,NA,NA,NA,NA,NA
1681,NA,NA,RI,2023-10-15,NA,NA,NA,NA,NA,NA,NA,NA,NA,NA,NA,NA,NA,NA,NA,NA,NA,NA,NA,NA
1682,NA,NA,RI,2023-10-16,NA,NA,NA,NA,NA,NA,NA,NA,NA,NA,NA,NA,NA,NA,NA,NA,NA,NA,NA,NA
1683,NA,NA,RI,2023-10-17,NA,NA,NA,NA,NA,NA,NA,NA,NA,NA,NA,NA,NA,NA,NA,NA,NA,NA,NA,NA
1684,NA,NA,RI,2023-10-18,NA,NA,NA,NA,NA,NA,NA,NA,NA,NA,NA,NA,NA,NA,NA,NA,NA,NA,NA,NA
1685,NA,NA,RI,2023-10-19,NA,NA,NA,NA,NA,NA,NA,NA,NA,NA,NA,NA,NA,NA,NA,NA,NA,NA,NA,NA
1686,NA,NA,RI,2023-10-20,NA,NA,NA,NA,NA,NA,NA,NA,NA,NA,NA,NA,NA,NA,NA,NA,NA,NA,NA,NA
1687,NA,NA,RI,2023-10-21,NA,NA,NA,NA,NA,NA,NA,NA,NA,NA,NA,NA,NA,NA,NA,NA,NA,NA,NA,NA
1688,NA,NA,RI,2023-10-22,NA,NA,NA,NA,NA,NA,NA,NA,NA,NA,NA,NA,NA,NA,NA,NA,NA,NA,NA,NA
1689,NA,NA,RI,2023-10-23,NA,NA,NA,NA,NA,NA,NA,NA,NA,NA,NA,NA,NA,NA,NA,NA,NA,NA,NA,NA
1690,0.588397921126271,0.383721349055843,RI,2023-10-24,1,1,0,1,1,1,1,1,1,1,1,1,1,1,1,1,1,1,1,1
1691,NA,NA,RI,2023-10-25,NA,NA,NA,NA,NA,NA,NA,NA,NA,NA,NA,NA,NA,NA,NA,NA,NA,NA,NA,NA
1692,NA,NA,RI,2023-10-26,NA,NA,NA,NA,NA,NA,NA,NA,NA,NA,NA,NA,NA,NA,NA,NA,NA,NA,NA,NA
1693,NA,NA,RI,2023-10-27,NA,NA,NA,NA,NA,NA,NA,NA,NA,NA,NA,NA,NA,NA,NA,NA,NA,NA,NA,NA
1694,NA,NA,RI,2023-10-28,NA,NA,NA,NA,NA,NA,NA,NA,NA,NA,NA,NA,NA,NA,NA,NA,NA,NA,NA,NA
1695,NA,NA,RI,2023-10-29,NA,NA,NA,NA,NA,NA,NA,NA,NA,NA,NA,NA,NA,NA,NA,NA,NA,NA,NA,NA
1696,NA,NA,RI,2023-10-30,NA,NA,NA,NA,NA,NA,NA,NA,NA,NA,NA,NA,NA,NA,NA,NA,NA,NA,NA,NA
1697,NA,NA,RI,2023-10-31,NA,NA,NA,NA,NA,NA,NA,NA,NA,NA,NA,NA,NA,NA,NA,NA,NA,NA,NA,NA
1698,NA,NA,RI,2023-11-01,NA,NA,NA,NA,NA,NA,NA,NA,NA,NA,NA,NA,NA,NA,NA,NA,NA,NA,NA,NA
1699,NA,NA,RI,2023-11-02,NA,NA,NA,NA,NA,NA,NA,NA,NA,NA,NA,NA,NA,NA,NA,NA,NA,NA,NA,NA
1700,NA,NA,RI,2023-11-03,NA,NA,NA,NA,NA,NA,NA,NA,NA,NA,NA,NA,NA,NA,NA,NA,NA,NA,NA,NA
1701,NA,NA,RI,2023-11-04,NA,NA,NA,NA,NA,NA,NA,NA,NA,NA,NA,NA,NA,NA,NA,NA,NA,NA,NA,NA
1702,NA,NA,RI,2023-11-05,NA,NA,NA,NA,NA,NA,NA,NA,NA,NA,NA,NA,NA,NA,NA,NA,NA,NA,NA,NA
1703,0.416920439614998,0.3058931074095485,RI,2023-11-06,1,1,1,1,1,1,1,1,1,1,1,1,1,1,1,1,1,1,1,1
1704,NA,NA,RI,2023-11-07,NA,NA,NA,NA,NA,NA,NA,NA,NA,NA,NA,NA,NA,NA,NA,NA,NA,NA,NA,NA
1705,NA,NA,RI,2023-11-08,NA,NA,NA,NA,NA,NA,NA,NA,NA,NA,NA,NA,NA,NA,NA,NA,NA,NA,NA,NA
1706,NA,NA,RI,2023-11-09,NA,NA,NA,NA,NA,NA,NA,NA,NA,NA,NA,NA,NA,NA,NA,NA,NA,NA,NA,NA
1707,NA,NA,RI,2023-11-10,NA,NA,NA,NA,NA,NA,NA,NA,NA,NA,NA,NA,NA,NA,NA,NA,NA,NA,NA,NA
1708,NA,NA,RI,2023-11-11,NA,NA,NA,NA,NA,NA,NA,NA,NA,NA,NA,NA,NA,NA,NA,NA,NA,NA,NA,NA
1709,NA,NA,RI,2023-11-12,NA,NA,NA,NA,NA,NA,NA,NA,NA,NA,NA,NA,NA,NA,NA,NA,NA,NA,NA,NA
1710,NA,NA,RI,2023-11-13,NA,NA,NA,NA,NA,NA,NA,NA,NA,NA,NA,NA,NA,NA,NA,NA,NA,NA,NA,NA
1711,NA,NA,RI,2023-11-14,NA,NA,NA,NA,NA,NA,NA,NA,NA,NA,NA,NA,NA,NA,NA,NA,NA,NA,NA,NA
1712,NA,NA,RI,2023-11-15,NA,NA,NA,NA,NA,NA,NA,NA,NA,NA,NA,NA,NA,NA,NA,NA,NA,NA,NA,NA
1713,NA,NA,RI,2023-11-16,NA,NA,NA,NA,NA,NA,NA,NA,NA,NA,NA,NA,NA,NA,NA,NA,NA,NA,NA,NA
1714,NA,NA,RI,2023-11-17,NA,NA,NA,NA,NA,NA,NA,NA,NA,NA,NA,NA,NA,NA,NA,NA,NA,NA,NA,NA
1715,NA,NA,RI,2023-11-18,NA,NA,NA,NA,NA,NA,NA,NA,NA,NA,NA,NA,NA,NA,NA,NA,NA,NA,NA,NA
1716,NA,NA,RI,2023-11-19,NA,NA,NA,NA,NA,NA,NA,NA,NA,NA,NA,NA,NA,NA,NA,NA,NA,NA,NA,NA
1717,NA,NA,RI,2023-11-20,NA,NA,NA,NA,NA,NA,NA,NA,NA,NA,NA,NA,NA,NA,NA,NA,NA,NA,NA,NA
1718,NA,NA,RI,2023-11-21,NA,NA,NA,NA,NA,NA,NA,NA,NA,NA,NA,NA,NA,NA,NA,NA,NA,NA,NA,NA
1719,NA,NA,RI,2023-11-22,NA,NA,NA,NA,NA,NA,NA,NA,NA,NA,NA,NA,NA,NA,NA,NA,NA,NA,NA,NA
1720,NA,NA,RI,2023-11-23,NA,NA,NA,NA,NA,NA,NA,NA,NA,NA,NA,NA,NA,NA,NA,NA,NA,NA,NA,NA
1721,0.77868181260042,0.559751172240215,RI,2023-11-24,1,1,1,1,1,1,1,0,1,1,1,1,1,0,1,1,1,0,1,1
1722,NA,NA,RI,2023-11-25,NA,NA,NA,NA,NA,NA,NA,NA,NA,NA,NA,NA,NA,NA,NA,NA,NA,NA,NA,NA
1723,NA,NA,SC,2023-10-15,NA,NA,NA,NA,NA,NA,NA,NA,NA,NA,NA,NA,NA,NA,NA,NA,NA,NA,NA,NA
1724,6.34077175734502,0.476274830040428,SC,2023-10-16,1,0,1,1,0,1,0,1,1,1,0,0,1,0,0,1,0,1,1,1
1725,0.827098961155542,0.404004810666548,SC,2023-10-17,1,1,1,1,1,0,1,1,1,1,0,1,1,0,0,0,1,1,1,1
1726,1.32627467916993,0.421388787118734,SC,2023-10-18,1,0,1,1,1,1,1,1,0,1,0,0,1,1,1,1,0,1,0,1
1727,1.65871082135035,0.51459523361859,SC,2023-10-19,1,1,1,0,1,1,0,1,1,1,1,0,0,0,0,1,0,1,1,1
1728,0.477078793511207,0.334524937767854,SC,2023-10-20,1,1,1,1,1,1,1,1,1,1,1,0,1,1,0,1,1,1,1,1
1729,NA,NA,SC,2023-10-21,NA,NA,NA,NA,NA,NA,NA,NA,NA,NA,NA,NA,NA,NA,NA,NA,NA,NA,NA,NA
1730,0.40741688203454,0.2899346290314745,SC,2023-10-22,1,1,1,1,1,1,1,1,1,1,1,0,1,1,0,1,1,1,1,1
1731,0.486350222079369,0.3387670457009115,SC,2023-10-23,1,1,1,1,1,1,1,1,1,1,1,0,1,1,1,1,0,1,1,1
1732,1.37999482248312,0.4426760155390525,SC,2023-10-24,1,0,1,1,1,0,1,1,1,1,0,1,0,0,0,0,0,1,1,1
1733,0.417414777963977,0.2892960931149915,SC,2023-10-25,1,1,1,1,1,1,1,1,1,1,1,1,1,1,0,1,0,1,1,1
1734,0.666622961958609,0.3752237200020705,SC,2023-10-26,1,1,1,1,1,1,1,1,1,1,0,0,0,1,1,1,0,1,1,1
1735,0.71052038262247,0.3851180041898785,SC,2023-10-27,1,1,1,0,1,1,1,1,1,1,0,0,1,0,1,1,0,1,1,1
1736,0.692855001683238,0.493316540139264,SC,2023-10-28,0,1,1,1,1,1,1,1,1,1,0,1,1,1,1,1,0,1,1,1
1737,NA,NA,SC,2023-10-29,NA,NA,NA,NA,NA,NA,NA,NA,NA,NA,NA,NA,NA,NA,NA,NA,NA,NA,NA,NA
1738,0.82856087681216,0.4371833235552395,SC,2023-10-30,1,1,0,1,1,1,1,1,1,1,1,0,0,1,0,1,0,1,1,1
1739,NA,NA,SC,2023-10-31,NA,NA,NA,NA,NA,NA,NA,NA,NA,NA,NA,NA,NA,NA,NA,NA,NA,NA,NA,NA
1740,0.762965035649601,0.4072048836208525,SC,2023-11-01,1,1,0,1,1,1,1,1,1,1,1,1,0,1,0,1,1,1,1,1
1741,0.518386039106167,0.322344923876529,SC,2023-11-02,1,1,1,1,1,1,1,1,1,1,1,1,1,1,1,1,1,1,1,1
1742,0.994330848067783,0.4438083848839665,SC,2023-11-03,1,1,1,1,1,1,1,1,1,0,0,1,1,1,1,1,0,1,1,0
1743,1.12784164717264,0.3577906536004515,SC,2023-11-04,1,0,1,1,1,1,1,1,1,1,1,0,0,1,0,1,1,1,1,1
1744,1.14519767757985,0.3595469183391695,SC,2023-11-05,1,0,1,1,1,1,1,1,1,1,1,0,1,1,1,1,0,1,1,1
1745,2.2187372482011,0.482409433274008,SC,2023-11-06,1,1,0,1,1,1,1,1,1,1,0,1,0,1,1,1,0,1,1,1
1746,1.80077179123592,0.363151648972753,SC,2023-11-07,1,0,1,1,1,1,1,1,1,1,1,0,0,1,1,1,0,1,1,1
1747,1.1320288583813,0.377769159305139,SC,2023-11-08,1,1,1,1,0,1,1,1,1,0,1,1,1,1,0,0,0,1,1,1
1748,0.752824364003418,0.3945434900756365,SC,2023-11-09,1,1,0,1,1,1,1,1,1,1,0,0,0,1,0,1,1,1,1,1
1749,0.537429551948486,0.332585945857446,SC,2023-11-10,1,1,1,1,1,1,1,1,1,1,1,0,0,1,0,1,0,1,1,1
1750,NA,NA,SC,2023-11-11,NA,NA,NA,NA,NA,NA,NA,NA,NA,NA,NA,NA,NA,NA,NA,NA,NA,NA,NA,NA
1751,NA,NA,SC,2023-11-12,NA,NA,NA,NA,NA,NA,NA,NA,NA,NA,NA,NA,NA,NA,NA,NA,NA,NA,NA,NA
1752,2.76697455301518,0.300302148939504,SC,2023-11-13,1,1,1,1,0,1,1,1,1,1,1,1,1,1,0,1,0,1,1,1
1753,1.16118360345647,0.3768706933075985,SC,2023-11-14,1,0,1,1,1,1,1,1,1,1,1,0,1,1,1,1,0,1,1,1
1754,1.49529482287332,0.4713584321009635,SC,2023-11-15,1,1,1,0,1,1,1,1,1,1,1,1,1,0,0,1,1,1,1,1
1755,1.33434898514022,0.432862111130571,SC,2023-11-16,1,1,1,1,1,0,1,1,1,0,1,0,1,1,0,0,0,0,1,1
1756,0.984397088279759,0.3788131553946585,SC,2023-11-17,1,1,1,1,1,1,1,1,1,1,1,1,1,0,0,1,0,0,1,1
1757,NA,NA,SC,2023-11-18,NA,NA,NA,NA,NA,NA,NA,NA,NA,NA,NA,NA,NA,NA,NA,NA,NA,NA,NA,NA
1758,0.439273414386061,0.311652483772949,SC,2023-11-19,1,1,1,1,1,1,1,1,1,1,0,1,1,1,0,1,1,1,1,1
1759,2.83932083328941,0.397522031019196,SC,2023-11-20,1,0,1,1,1,1,1,1,1,1,0,0,1,0,0,0,0,0,1,1
1760,NA,NA,SC,2023-11-21,NA,NA,NA,NA,NA,NA,NA,NA,NA,NA,NA,NA,NA,NA,NA,NA,NA,NA,NA,NA
1761,NA,NA,SC,2023-11-22,NA,NA,NA,NA,NA,NA,NA,NA,NA,NA,NA,NA,NA,NA,NA,NA,NA,NA,NA,NA
1762,NA,NA,SC,2023-11-23,NA,NA,NA,NA,NA,NA,NA,NA,NA,NA,NA,NA,NA,NA,NA,NA,NA,NA,NA,NA
1763,1.01494813598438,0.3253224199802045,SC,2023-11-24,1,1,1,1,0,1,1,1,1,1,1,1,1,1,0,1,1,0,1,1
1764,NA,NA,SC,2023-11-25,NA,NA,NA,NA,NA,NA,NA,NA,NA,NA,NA,NA,NA,NA,NA,NA,NA,NA,NA,NA
1765,NA,NA,SD,2023-10-15,NA,NA,NA,NA,NA,NA,NA,NA,NA,NA,NA,NA,NA,NA,NA,NA,NA,NA,NA,NA
1766,0.492815681090497,0.3950090157306115,SD,2023-10-16,1,1,1,1,1,1,1,1,1,1,1,1,1,1,1,1,1,1,1,1
1767,0.494678836755664,0.3970995302586305,SD,2023-10-17,1,1,1,1,1,1,1,1,1,1,1,1,1,1,1,1,1,1,1,1
1768,NA,NA,SD,2023-10-18,NA,NA,NA,NA,NA,NA,NA,NA,NA,NA,NA,NA,NA,NA,NA,NA,NA,NA,NA,NA
1769,0.340694597185136,0.2054251304695085,SD,2023-10-19,1,1,1,1,1,1,1,1,1,1,1,1,1,0,0,1,1,1,1,1
1770,NA,NA,SD,2023-10-20,NA,NA,NA,NA,NA,NA,NA,NA,NA,NA,NA,NA,NA,NA,NA,NA,NA,NA,NA,NA
1771,NA,NA,SD,2023-10-21,NA,NA,NA,NA,NA,NA,NA,NA,NA,NA,NA,NA,NA,NA,NA,NA,NA,NA,NA,NA
1772,NA,NA,SD,2023-10-22,NA,NA,NA,NA,NA,NA,NA,NA,NA,NA,NA,NA,NA,NA,NA,NA,NA,NA,NA,NA
1773,NA,NA,SD,2023-10-23,NA,NA,NA,NA,NA,NA,NA,NA,NA,NA,NA,NA,NA,NA,NA,NA,NA,NA,NA,NA
1774,0.342258773960635,0.2018010031853175,SD,2023-10-24,1,1,1,1,1,1,1,1,1,1,1,1,1,1,1,1,1,1,1,1
1775,NA,NA,SD,2023-10-25,NA,NA,NA,NA,NA,NA,NA,NA,NA,NA,NA,NA,NA,NA,NA,NA,NA,NA,NA,NA
1776,NA,NA,SD,2023-10-26,NA,NA,NA,NA,NA,NA,NA,NA,NA,NA,NA,NA,NA,NA,NA,NA,NA,NA,NA,NA
1777,0.495322388800594,0.418919651413877,SD,2023-10-27,1,1,1,1,1,1,1,1,1,1,1,0,1,1,1,0,1,1,1,1
1778,NA,NA,SD,2023-10-28,NA,NA,NA,NA,NA,NA,NA,NA,NA,NA,NA,NA,NA,NA,NA,NA,NA,NA,NA,NA
1779,NA,NA,SD,2023-10-29,NA,NA,NA,NA,NA,NA,NA,NA,NA,NA,NA,NA,NA,NA,NA,NA,NA,NA,NA,NA
1780,NA,NA,SD,2023-10-30,NA,NA,NA,NA,NA,NA,NA,NA,NA,NA,NA,NA,NA,NA,NA,NA,NA,NA,NA,NA
1781,NA,NA,SD,2023-10-31,NA,NA,NA,NA,NA,NA,NA,NA,NA,NA,NA,NA,NA,NA,NA,NA,NA,NA,NA,NA
1782,NA,NA,SD,2023-11-01,NA,NA,NA,NA,NA,NA,NA,NA,NA,NA,NA,NA,NA,NA,NA,NA,NA,NA,NA,NA
1783,0.844144442471978,0.1970235621940445,SD,2023-11-02,1,1,1,1,0,1,1,1,1,1,1,0,1,1,0,1,1,1,1,1
1784,0.509832488673339,0.435329587367115,SD,2023-11-03,1,0,1,1,1,1,1,1,1,1,1,0,1,1,0,1,1,1,1,1
1785,NA,NA,SD,2023-11-04,NA,NA,NA,NA,NA,NA,NA,NA,NA,NA,NA,NA,NA,NA,NA,NA,NA,NA,NA,NA
1786,0.69769222008974,0.487840665477739,SD,2023-11-05,1,1,0,1,1,1,1,1,1,1,1,1,1,1,1,1,1,1,1,1
1787,0.80056852100154,0.56021022982902,SD,2023-11-06,0,1,1,1,1,1,1,1,1,1,0,1,1,1,0,1,1,1,1,1
1788,0.50106208769679,0.445138574373135,SD,2023-11-07,1,1,1,1,1,1,1,1,1,1,1,0,1,1,0,1,1,1,1,1
1789,0.815480922179938,0.58690720695543,SD,2023-11-08,1,1,1,1,1,0,1,1,1,1,1,0,1,1,1,0,1,1,1,1
1790,0.361531040038927,0.195223382511547,SD,2023-11-09,1,1,1,1,1,1,1,1,1,1,1,1,1,0,0,1,1,1,1,1
1791,0.343771360239565,0.1951359770711705,SD,2023-11-10,1,1,1,1,1,1,1,1,1,1,1,1,1,1,1,1,1,1,1,1
1792,0.344403824840197,0.1950967764107395,SD,2023-11-11,1,1,1,1,1,1,1,1,1,1,1,1,1,1,1,1,1,1,1,1
1793,0.4594069532857,0.3264453873262015,SD,2023-11-12,1,1,1,1,1,1,1,1,1,1,1,0,1,1,0,1,1,1,1,1
1794,0.501775021068349,0.460352990679736,SD,2023-11-13,1,1,1,1,1,1,1,1,1,1,1,0,1,1,0,1,1,1,1,1
1795,0.349710208699906,0.195290858008973,SD,2023-11-14,1,1,1,1,1,1,1,1,1,1,1,1,1,1,1,1,1,1,1,1
1796,0.360906099078928,0.195467469450608,SD,2023-11-15,1,1,1,1,1,1,1,1,1,1,1,0,1,1,0,1,1,1,1,1
1797,0.352981213957431,0.1957043165796275,SD,2023-11-16,1,1,1,1,1,1,1,1,1,1,1,1,1,1,1,1,1,1,1,1
1798,0.910866290974408,0.379150916192714,SD,2023-11-17,1,0,1,1,1,1,1,1,1,1,1,0,0,1,0,1,1,1,1,1
1799,NA,NA,SD,2023-11-18,NA,NA,NA,NA,NA,NA,NA,NA,NA,NA,NA,NA,NA,NA,NA,NA,NA,NA,NA,NA
1800,NA,NA,SD,2023-11-19,NA,NA,NA,NA,NA,NA,NA,NA,NA,NA,NA,NA,NA,NA,NA,NA,NA,NA,NA,NA
1801,NA,NA,SD,2023-11-20,NA,NA,NA,NA,NA,NA,NA,NA,NA,NA,NA,NA,NA,NA,NA,NA,NA,NA,NA,NA
1802,0.3441693906843,0.1978907988597575,SD,2023-11-21,1,1,1,1,1,1,1,1,1,1,1,1,1,1,1,1,1,1,1,1
1803,0.829250552576531,0.198549607625535,SD,2023-11-22,1,1,1,1,0,1,1,1,1,1,0,1,1,1,0,1,1,1,1,1
1804,NA,NA,SD,2023-11-23,NA,NA,NA,NA,NA,NA,NA,NA,NA,NA,NA,NA,NA,NA,NA,NA,NA,NA,NA,NA
1805,0.837797714376082,0.2001143152715755,SD,2023-11-24,1,1,1,1,0,1,1,1,1,1,1,1,1,1,1,1,1,1,1,1
1806,NA,NA,SD,2023-11-25,NA,NA,NA,NA,NA,NA,NA,NA,NA,NA,NA,NA,NA,NA,NA,NA,NA,NA,NA,NA
1807,0.339478005844776,0.222166768568089,TN,2023-10-15,1,1,1,1,1,1,1,1,1,1,1,1,1,1,0,0,1,1,1,1
1808,1.5367233371982,0.4257294364786555,TN,2023-10-16,1,1,1,1,1,0,0,1,1,1,1,0,0,0,0,0,0,1,1,0
1809,1.2943218597662,0.4437274890419375,TN,2023-10-17,1,1,1,1,1,1,0,1,1,1,0,0,0,1,0,1,0,1,1,0
1810,1.88986578434038,0.349670518584238,TN,2023-10-18,1,1,1,1,0,1,1,0,1,1,0,0,0,0,0,1,0,0,1,1
1811,1.20303578634094,0.502282428770525,TN,2023-10-19,1,1,1,0,0,1,1,1,1,0,0,0,1,0,0,1,1,1,1,1
1812,2.2058226142725,0.3807855908413365,TN,2023-10-20,0,1,1,1,1,1,1,1,0,1,0,0,0,0,0,1,1,1,0,1
1813,2.39022143491525,0.3490630374468065,TN,2023-10-21,1,0,1,1,0,1,1,1,1,1,1,0,1,0,0,0,0,1,1,1
1814,2.2514795222483,0.3588701424567755,TN,2023-10-22,1,0,1,1,0,1,1,0,1,0,1,1,0,0,0,0,0,0,1,0
1815,2.15038930595485,0.46445980342478,TN,2023-10-23,0,0,1,1,1,0,1,1,1,1,0,0,1,0,0,0,1,1,1,1
1816,0.792612857772152,0.2046954728879095,TN,2023-10-24,1,1,1,1,0,1,1,1,1,1,1,0,1,1,0,1,1,1,1,1
1817,0.310658879026419,0.2032484071030895,TN,2023-10-25,1,1,1,1,1,1,1,1,1,1,1,1,1,1,1,1,1,1,1,1
1818,1.22726556517577,0.4106302828346235,TN,2023-10-26,1,0,1,1,1,1,1,1,1,1,0,0,1,1,0,1,1,1,1,1
1819,NA,NA,TN,2023-10-27,NA,NA,NA,NA,NA,NA,NA,NA,NA,NA,NA,NA,NA,NA,NA,NA,NA,NA,NA,NA
1820,0.776567532291262,0.199495915009613,TN,2023-10-28,1,1,1,1,0,1,1,1,1,1,1,1,1,1,1,1,1,1,1,1
1821,NA,NA,TN,2023-10-29,NA,NA,NA,NA,NA,NA,NA,NA,NA,NA,NA,NA,NA,NA,NA,NA,NA,NA,NA,NA
1822,1.2574173715058,0.377227214542593,TN,2023-10-30,1,1,1,1,1,1,1,1,1,1,0,1,1,0,0,0,1,1,1,1
1823,1.47613852013773,0.4157389651283295,TN,2023-10-31,1,0,1,1,1,1,1,1,1,1,0,0,1,0,1,1,0,1,1,1
1824,1.43218594770385,0.4393810358839845,TN,2023-11-01,1,1,1,1,1,0,1,1,1,1,0,1,1,0,1,0,1,1,1,1
1825,0.64416843636061,0.360993823627907,TN,2023-11-02,1,1,0,1,1,1,1,1,1,1,1,1,1,1,1,1,1,1,1,1
1826,1.02261730915352,0.441453437006679,TN,2023-11-03,1,1,1,0,1,1,1,0,1,1,1,1,0,0,0,1,1,0,1,1
1827,0.995625386205219,0.50569514522302506,TN,2023-11-04,0,1,1,1,1,1,1,1,1,1,0,0,1,1,0,1,1,1,1,1
1828,0.744401364717533,0.1935011901844525,TN,2023-11-05,1,1,1,1,0,1,1,1,1,1,0,1,1,1,0,1,1,1,1,1
1829,1.21816942598068,0.2875714515706265,TN,2023-11-06,0,1,1,1,0,1,1,1,1,1,0,1,1,0,1,1,1,1,1,1
1830,0.903706370163687,0.3187145941128515,TN,2023-11-07,0,1,1,1,1,1,1,1,1,1,0,0,1,1,0,1,1,1,1,1
1831,0.784176569605424,0.57481520210751,TN,2023-11-08,1,1,1,1,1,1,0,1,1,1,1,0,1,1,1,1,0,1,1,1
1832,1.08717829232724,0.366249902613045,TN,2023-11-09,1,0,1,1,1,1,1,1,1,1,1,0,0,1,0,1,1,1,1,1
1833,0.855461729566407,0.614446812462155,TN,2023-11-10,1,1,1,1,1,1,1,1,0,1,1,1,1,1,0,1,1,1,0,1
1834,NA,NA,TN,2023-11-11,NA,NA,NA,NA,NA,NA,NA,NA,NA,NA,NA,NA,NA,NA,NA,NA,NA,NA,NA,NA
1835,1.2162262291956,0.587701826708145,TN,2023-11-12,1,1,1,1,1,1,1,0,0,1,1,1,1,0,0,1,1,0,0,1
1836,1.09828851354478,0.3275205274629665,TN,2023-11-13,1,0,1,1,1,1,1,1,1,1,1,0,0,0,1,1,1,1,1,1
1837,NA,NA,TN,2023-11-14,NA,NA,NA,NA,NA,NA,NA,NA,NA,NA,NA,NA,NA,NA,NA,NA,NA,NA,NA,NA
1838,0.661497488731555,0.466560746468885,TN,2023-11-15,1,0,1,1,1,1,1,1,1,1,1,0,1,1,0,1,1,1,1,1
1839,0.787202661378596,0.565675829292205,TN,2023-11-16,0,1,1,1,1,1,1,1,1,1,0,1,0,1,1,1,1,1,1,1
1840,0.999932124002181,0.505926667679505,TN,2023-11-17,1,0,1,0,1,1,1,1,1,1,1,0,1,0,0,1,1,1,1,1
1841,0.697584450032401,0.3837956151921535,TN,2023-11-18,1,1,1,1,1,1,0,1,1,1,1,1,1,1,0,1,0,1,1,1
1842,NA,NA,TN,2023-11-19,NA,NA,NA,NA,NA,NA,NA,NA,NA,NA,NA,NA,NA,NA,NA,NA,NA,NA,NA,NA
1843,1.6526630816056,0.195884096597465,TN,2023-11-20,1,1,1,1,0,1,1,1,1,1,1,1,1,0,0,1,1,1,1,1
1844,1.13329533715329,0.54540926824109,TN,2023-11-21,1,1,1,1,1,0,1,1,1,0,0,1,1,1,0,0,1,1,1,0
1845,1.18502338069712,0.2884379523757555,TN,2023-11-22,0,1,1,1,0,1,1,1,1,1,1,0,0,0,0,1,1,1,1,1
1846,0.2930181912373,0.1985218276341415,TN,2023-11-23,1,1,1,1,1,1,1,1,1,1,1,1,1,1,1,1,1,1,1,1
1847,0.615963870577568,0.3403856147123045,TN,2023-11-24,1,0,1,1,1,1,1,1,1,1,1,0,0,1,1,1,1,1,1,1
1848,0.920185963940457,0.3216929039627765,TN,2023-11-25,1,1,1,1,1,1,1,1,1,0,1,0,1,0,0,1,1,1,1,0
1849,NA,NA,TX,2023-10-15,NA,NA,NA,NA,NA,NA,NA,NA,NA,NA,NA,NA,NA,NA,NA,NA,NA,NA,NA,NA
1850,1.31818144953536,0.522352552254345,TX,2023-10-16,1,1,1,1,1,0,0,1,1,1,1,1,1,1,0,0,0,1,1,1
1851,0.942964428375925,0.474886670929756,TX,2023-10-17,1,1,1,1,1,1,1,1,1,0,1,0,1,1,0,1,1,1,1,1
1852,1.72433916126314,0.293948721957868,TX,2023-10-18,1,1,1,1,0,1,1,1,1,1,0,1,1,0,0,1,1,1,1,1
1853,0.949900324373844,0.328157406188035,TX,2023-10-19,1,1,1,0,1,1,1,1,1,1,1,1,0,0,1,1,1,1,1,1
1854,0.834943701355364,0.2279281332335675,TX,2023-10-20,1,1,1,1,0,1,1,1,1,1,0,1,1,1,0,1,1,1,1,1
1855,NA,NA,TX,2023-10-21,NA,NA,NA,NA,NA,NA,NA,NA,NA,NA,NA,NA,NA,NA,NA,NA,NA,NA,NA,NA
1856,0.844421742079932,0.596675437926585,TX,2023-10-22,1,1,1,1,1,0,1,1,1,1,1,0,1,1,1,0,1,1,1,1
1857,1.07871537688703,0.4496147238925565,TX,2023-10-23,1,1,1,1,1,1,0,1,1,1,0,0,1,0,0,1,0,1,1,0
1858,1.26132847593735,0.4129032526099725,TX,2023-10-24,1,0,1,1,1,1,1,1,1,1,1,0,1,1,0,1,1,1,1,1
1859,1.34940242297074,0.4387788091039155,TX,2023-10-25,1,1,0,1,1,1,1,1,1,1,1,0,0,0,0,1,1,1,1,1
1860,1.00588006173802,0.336833575604726,TX,2023-10-26,1,1,1,1,1,1,0,1,1,1,1,0,0,1,0,1,0,1,1,1
1861,0.608544688940432,0.3574551695604845,TX,2023-10-27,1,1,0,1,1,1,1,1,1,1,1,1,0,1,0,1,1,1,1,1
1862,NA,NA,TX,2023-10-28,NA,NA,NA,NA,NA,NA,NA,NA,NA,NA,NA,NA,NA,NA,NA,NA,NA,NA,NA,NA
1863,NA,NA,TX,2023-10-29,NA,NA,NA,NA,NA,NA,NA,NA,NA,NA,NA,NA,NA,NA,NA,NA,NA,NA,NA,NA
1864,1.01144367621423,0.257935085174689,TX,2023-10-30,1,1,1,1,0,1,1,1,1,1,1,0,1,1,0,1,1,1,1,1
1865,0.758545857950809,0.545209610638575,TX,2023-10-31,1,1,1,0,1,1,1,1,1,1,1,1,1,0,0,1,1,1,1,1
1866,1.63290977680467,0.323959860861852,TX,2023-11-01,1,1,1,1,0,1,0,1,1,1,1,0,1,0,0,1,0,1,1,1
1867,0.765679063893841,0.300439284088967,TX,2023-11-02,1,1,1,1,1,1,1,1,1,1,1,0,0,1,0,1,1,1,1,1
1868,0.884971390063253,0.3838289683242445,TX,2023-11-03,1,1,1,1,1,1,1,1,1,1,0,1,0,0,0,1,0,1,1,0
1869,NA,NA,TX,2023-11-04,NA,NA,NA,NA,NA,NA,NA,NA,NA,NA,NA,NA,NA,NA,NA,NA,NA,NA,NA,NA
1870,0.290820998267366,0.1857124814984945,TX,2023-11-05,1,1,1,1,1,1,1,1,1,1,1,1,1,1,1,1,1,1,1,1
1871,1.60986328352355,0.4121450858404625,TX,2023-11-06,1,1,1,1,1,1,0,1,1,0,1,0,0,1,1,1,0,1,1,0
1872,1.89570441245268,0.548074709498235,TX,2023-11-07,1,1,0,1,0,0,1,1,1,1,1,1,0,1,0,0,1,1,1,1
1873,1.3551535609408,0.3184967081315925,TX,2023-11-08,1,1,1,1,1,1,1,1,1,1,0,0,0,1,0,1,1,1,1,1
1874,1.42077037142669,0.336256938849453,TX,2023-11-09,1,0,1,1,1,1,1,1,1,1,1,0,0,0,0,1,1,1,1,1
1875,1.8895891797684,0.238682686911394,TX,2023-11-10,1,1,1,1,0,1,1,1,1,1,0,0,0,1,0,1,1,1,1,1
1876,0.591046802480229,0.3516405745584805,TX,2023-11-11,1,1,0,1,1,1,1,1,1,1,0,1,0,1,1,1,1,1,1,1
1877,0.696611439943745,0.1734057576718455,TX,2023-11-12,1,1,1,1,0,1,1,1,1,1,1,0,1,1,0,0,1,1,1,1
1878,2.98176097942313,0.452547693127884,TX,2023-11-13,0,1,1,1,1,0,1,1,1,0,0,0,1,1,0,0,1,1,1,0
1879,2.05460700656556,0.171287474897621,TX,2023-11-14,1,1,1,1,0,1,1,1,1,1,0,1,1,1,0,1,1,1,1,1
1880,1.71058082904996,0.3849342366129055,TX,2023-11-15,1,1,1,1,1,0,1,1,1,1,0,0,0,0,1,0,1,1,1,0
1881,0.676647088264154,0.3621777494301545,TX,2023-11-16,0,1,1,1,1,1,1,1,1,1,0,0,1,1,1,1,1,1,1,1
1882,NA,NA,TX,2023-11-17,NA,NA,NA,NA,NA,NA,NA,NA,NA,NA,NA,NA,NA,NA,NA,NA,NA,NA,NA,NA
1883,NA,NA,TX,2023-11-18,NA,NA,NA,NA,NA,NA,NA,NA,NA,NA,NA,NA,NA,NA,NA,NA,NA,NA,NA,NA
1884,NA,NA,TX,2023-11-19,NA,NA,NA,NA,NA,NA,NA,NA,NA,NA,NA,NA,NA,NA,NA,NA,NA,NA,NA,NA
1885,1.97392496793856,0.459307189165875,TX,2023-11-20,1,1,1,1,1,0,1,0,1,1,1,1,0,0,0,0,1,0,1,1
1886,2.98455301962864,0.3983332495811175,TX,2023-11-21,1,1,1,1,1,0,1,0,0,1,0,1,0,1,0,0,1,0,0,1
1887,0.818571035354828,0.594719594581875,TX,2023-11-22,1,1,1,1,1,1,0,1,1,1,1,1,1,0,1,1,0,1,1,1
1888,0.272674898779596,0.1725297542919745,TX,2023-11-23,1,1,1,1,1,1,1,1,1,1,1,1,1,1,1,1,1,1,1,1
1889,0.732944470405012,0.390751231251783,TX,2023-11-24,1,1,1,1,1,1,1,0,1,1,0,1,0,1,0,1,1,0,1,1
1890,NA,NA,TX,2023-11-25,NA,NA,NA,NA,NA,NA,NA,NA,NA,NA,NA,NA,NA,NA,NA,NA,NA,NA,NA,NA
1891,NA,NA,UT,2023-10-15,NA,NA,NA,NA,NA,NA,NA,NA,NA,NA,NA,NA,NA,NA,NA,NA,NA,NA,NA,NA
1892,0.922003152436941,0.252991978581983,UT,2023-10-16,1,1,1,1,0,1,1,1,1,1,0,1,1,1,0,1,1,1,1,1
1893,0.395799513562506,0.251787059175746,UT,2023-10-17,1,1,1,1,1,1,1,1,1,1,1,1,1,1,1,1,1,1,1,1
1894,4.22732420714776,0.4290234896055055,UT,2023-10-18,1,0,1,1,0,0,1,1,1,1,0,0,0,0,1,0,0,1,1,1
1895,0.875677603537192,0.470090674025802,UT,2023-10-19,0,1,1,1,1,1,1,1,1,1,0,1,1,0,1,1,1,1,1,1
1896,NA,NA,UT,2023-10-20,NA,NA,NA,NA,NA,NA,NA,NA,NA,NA,NA,NA,NA,NA,NA,NA,NA,NA,NA,NA
1897,NA,NA,UT,2023-10-21,NA,NA,NA,NA,NA,NA,NA,NA,NA,NA,NA,NA,NA,NA,NA,NA,NA,NA,NA,NA
1898,NA,NA,UT,2023-10-22,NA,NA,NA,NA,NA,NA,NA,NA,NA,NA,NA,NA,NA,NA,NA,NA,NA,NA,NA,NA
1899,1.0580869261066,0.4806850845081085,UT,2023-10-23,0,1,1,1,1,1,1,1,1,1,0,1,0,1,1,1,1,1,1,1
1900,NA,NA,UT,2023-10-24,NA,NA,NA,NA,NA,NA,NA,NA,NA,NA,NA,NA,NA,NA,NA,NA,NA,NA,NA,NA
1901,0.498588317096985,0.391193726326108,UT,2023-10-25,1,0,1,1,1,1,1,1,1,1,1,1,1,1,1,1,1,1,1,1
1902,0.482682374330995,0.392618045599494,UT,2023-10-26,1,1,1,1,1,1,1,1,1,1,1,0,1,0,1,1,1,1,1,1
1903,0.398271573039939,0.2403734484834695,UT,2023-10-27,1,1,1,1,1,1,1,1,1,1,1,1,1,1,0,1,1,1,1,0
1904,NA,NA,UT,2023-10-28,NA,NA,NA,NA,NA,NA,NA,NA,NA,NA,NA,NA,NA,NA,NA,NA,NA,NA,NA,NA
1905,NA,NA,UT,2023-10-29,NA,NA,NA,NA,NA,NA,NA,NA,NA,NA,NA,NA,NA,NA,NA,NA,NA,NA,NA,NA
1906,0.500068786590036,0.39835056386565,UT,2023-10-30,1,0,1,1,1,1,1,1,1,1,1,1,1,1,1,1,1,1,1,1
1907,NA,NA,UT,2023-10-31,NA,NA,NA,NA,NA,NA,NA,NA,NA,NA,NA,NA,NA,NA,NA,NA,NA,NA,NA,NA
1908,1.97096984625998,0.3978204009130015,UT,2023-11-01,0,0,1,1,1,1,0,1,1,1,0,0,0,1,0,1,0,1,1,1
1909,1.81366232148466,0.498947357433313,UT,2023-11-02,0,1,1,1,1,1,1,1,0,1,0,0,1,1,1,1,1,1,0,1
1910,NA,NA,UT,2023-11-03,NA,NA,NA,NA,NA,NA,NA,NA,NA,NA,NA,NA,NA,NA,NA,NA,NA,NA,NA,NA
1911,NA,NA,UT,2023-11-04,NA,NA,NA,NA,NA,NA,NA,NA,NA,NA,NA,NA,NA,NA,NA,NA,NA,NA,NA,NA
1912,NA,NA,UT,2023-11-05,NA,NA,NA,NA,NA,NA,NA,NA,NA,NA,NA,NA,NA,NA,NA,NA,NA,NA,NA,NA
1913,3.5943302507898802,0.3911927442093155,UT,2023-11-06,1,1,0,1,1,1,1,1,1,1,1,0,0,0,0,1,1,1,1,0
1914,0.497906821758841,0.410116845552557,UT,2023-11-07,1,0,1,1,1,1,1,1,1,1,1,1,1,1,1,1,1,1,1,1
1915,NA,NA,UT,2023-11-08,NA,NA,NA,NA,NA,NA,NA,NA,NA,NA,NA,NA,NA,NA,NA,NA,NA,NA,NA,NA
1916,1.04706161744039,0.4532902386635975,UT,2023-11-09,1,1,1,1,1,1,1,0,1,0,1,0,1,1,0,1,1,0,1,0
1917,NA,NA,UT,2023-11-10,NA,NA,NA,NA,NA,NA,NA,NA,NA,NA,NA,NA,NA,NA,NA,NA,NA,NA,NA,NA
1918,NA,NA,UT,2023-11-11,NA,NA,NA,NA,NA,NA,NA,NA,NA,NA,NA,NA,NA,NA,NA,NA,NA,NA,NA,NA
1919,NA,NA,UT,2023-11-12,NA,NA,NA,NA,NA,NA,NA,NA,NA,NA,NA,NA,NA,NA,NA,NA,NA,NA,NA,NA
1920,0.507192422130497,0.3207016907266115,UT,2023-11-13,1,1,1,1,1,1,1,1,1,1,1,1,1,1,1,1,1,1,1,1
1921,0.413992169030107,0.221036430281286,UT,2023-11-14,1,1,1,1,1,1,1,1,1,1,1,0,1,1,0,1,1,1,1,1
1922,0.691614792972971,0.50155299588939,UT,2023-11-15,1,1,0,1,1,1,1,1,1,1,1,0,0,1,1,1,1,1,1,1
1923,0.743274659200035,0.3603991274460655,UT,2023-11-16,1,1,0,1,1,1,1,1,1,1,0,1,0,1,0,1,1,1,1,1
1924,0.418308094266269,0.218233807765656,UT,2023-11-17,1,1,1,1,1,1,1,1,1,1,1,0,1,1,0,1,1,1,1,1
1925,NA,NA,UT,2023-11-18,NA,NA,NA,NA,NA,NA,NA,NA,NA,NA,NA,NA,NA,NA,NA,NA,NA,NA,NA,NA
1926,NA,NA,UT,2023-11-19,NA,NA,NA,NA,NA,NA,NA,NA,NA,NA,NA,NA,NA,NA,NA,NA,NA,NA,NA,NA
1927,0.78818094797386,0.4066210918306465,UT,2023-11-20,0,1,1,1,1,1,1,1,1,1,0,1,1,0,1,1,1,1,1,1
1928,NA,NA,UT,2023-11-21,NA,NA,NA,NA,NA,NA,NA,NA,NA,NA,NA,NA,NA,NA,NA,NA,NA,NA,NA,NA
1929,0.433813446923509,0.2142440990750165,UT,2023-11-22,1,1,1,1,1,1,1,1,1,1,1,1,1,1,0,0,1,1,1,1
1930,NA,NA,UT,2023-11-23,NA,NA,NA,NA,NA,NA,NA,NA,NA,NA,NA,NA,NA,NA,NA,NA,NA,NA,NA,NA
1931,NA,NA,UT,2023-11-24,NA,NA,NA,NA,NA,NA,NA,NA,NA,NA,NA,NA,NA,NA,NA,NA,NA,NA,NA,NA
1932,NA,NA,UT,2023-11-25,NA,NA,NA,NA,NA,NA,NA,NA,NA,NA,NA,NA,NA,NA,NA,NA,NA,NA,NA,NA
1933,0.974028205027075,0.3041532738448025,VA,2023-10-15,1,1,1,1,1,1,1,1,1,1,1,0,0,1,0,1,1,1,1,1
1934,2.49788514473445,0.289313526978929,VA,2023-10-16,1,1,1,1,0,1,1,1,1,1,0,0,1,1,0,0,1,0,1,0
1935,1.31275857510851,0.395453180884323,VA,2023-10-17,1,1,1,1,1,0,1,1,1,1,0,0,0,1,0,0,0,1,1,0
1936,2.02763116285128,0.3972823998457425,VA,2023-10-18,1,0,1,1,1,0,0,1,1,1,0,1,0,0,0,0,0,0,1,1
1937,1.74708485662229,0.3143706085042605,VA,2023-10-19,1,1,1,1,1,1,1,1,1,1,1,0,0,0,0,0,0,0,1,0
1938,4.0321330824913,0.4183817485765685,VA,2023-10-20,1,1,1,0,0,1,0,1,1,0,0,0,0,0,0,1,0,0,1,0
1939,1.47199016278671,0.3799378689538165,VA,2023-10-21,1,1,1,1,1,0,1,1,0,1,0,0,0,1,1,1,1,1,0,1
1940,2.96986847915564,0.362863118533666,VA,2023-10-22,1,0,0,0,1,0,1,1,1,1,1,1,0,0,0,0,0,0,1,1
1941,2.65050418305642,0.387609992344657,VA,2023-10-23,1,1,1,0,1,0,1,0,0,1,0,0,0,0,0,0,0,0,0,0
1942,1.79885872832997,0.3715199826616435,VA,2023-10-24,0,1,1,1,1,1,1,1,0,1,0,1,1,0,1,0,1,1,0,0
1943,4.30149665368751,0.1911516584180385,VA,2023-10-25,1,0,1,1,0,1,1,1,1,1,1,0,0,0,0,1,1,1,1,0
1944,2.68463830912712,0.4011505966195455,VA,2023-10-26,0,1,1,1,0,1,1,1,0,1,0,0,0,0,0,0,1,0,0,0
1945,2.82938018676697,0.4080511924302725,VA,2023-10-27,0,1,0,1,1,1,1,1,1,0,0,0,0,0,1,0,1,0,1,0
1946,1.57470728582988,0.27949558340928,VA,2023-10-28,1,1,1,1,0,1,1,1,0,1,0,1,0,1,0,1,1,1,0,1
1947,1.64000710369268,0.2694354474147535,VA,2023-10-29,1,1,1,1,0,1,1,1,1,1,1,0,1,0,0,1,1,0,1,1
1948,6.11216139737498,0.4272819010525695,VA,2023-10-30,1,1,0,1,0,1,1,1,1,1,1,0,0,1,0,0,0,1,1,1
1949,2.87289792838219,0.313586564452038,VA,2023-10-31,1,0,1,1,0,1,1,1,1,1,0,0,0,0,0,0,1,1,1,1
1950,1.23994219225622,0.3738630621889475,VA,2023-11-01,1,1,1,1,1,0,1,1,0,1,1,0,0,0,0,0,1,1,0,1
1951,3.10824197348236,0.3014196108205515,VA,2023-11-02,1,1,0,0,0,1,1,1,1,1,1,1,0,0,0,1,1,1,1,0
1952,3.59656136318913,0.4276366914337925,VA,2023-11-03,1,0,0,1,0,0,1,1,1,1,0,0,1,0,0,0,0,0,1,0
1953,1.69571617865808,0.372448843833914,VA,2023-11-04,1,1,0,1,1,0,1,1,1,1,1,0,0,0,0,0,1,0,1,1
1954,3.23953951330191,0.250462599319458,VA,2023-11-05,1,0,1,1,0,1,1,1,1,1,1,0,0,1,0,0,1,0,1,0
1955,2.6550964320446,0.393790944589746,VA,2023-11-06,1,0,1,1,1,1,1,1,0,0,0,0,0,0,0,1,1,0,0,0
1956,4.69776995549724,0.460338817086486,VA,2023-11-07,1,0,0,1,0,1,1,1,0,0,1,0,1,0,0,0,0,0,0,0
1957,2.00102996227727,0.3435337728125835,VA,2023-11-08,1,1,1,1,1,1,1,1,1,1,0,0,0,0,0,0,1,0,1,0
1958,3.61572228547812,0.3367066653308995,VA,2023-11-09,1,1,0,0,1,0,0,1,1,1,0,0,0,0,1,0,0,0,1,0
1959,3.34906751012186,0.3682390278111915,VA,2023-11-10,0,0,0,1,1,1,1,1,1,1,0,0,0,1,0,0,0,0,1,1
1960,1.42545064143139,0.3215257603274425,VA,2023-11-11,1,1,1,1,1,1,1,1,1,1,1,0,1,1,1,1,0,0,1,0
1961,1.51488226535596,0.2647916417865815,VA,2023-11-12,1,1,1,1,0,1,1,1,1,1,0,1,0,0,0,1,1,1,1,1
1962,3.27861305912848,0.332783559768545,VA,2023-11-13,1,0,1,1,1,0,0,1,1,1,0,1,0,0,0,0,0,0,1,1
1963,2.13607106886148,0.3216244090990785,VA,2023-11-14,1,0,1,1,1,1,1,1,1,1,1,0,0,0,0,1,1,0,1,0
1964,3.34155424049858,0.3852609060694315,VA,2023-11-15,0,0,1,1,1,0,1,1,1,1,0,0,1,0,0,0,1,0,1,1
1965,1.93892787994349,0.276639299962729,VA,2023-11-16,0,1,1,1,0,1,1,1,1,1,0,0,0,0,0,1,1,0,1,1
1966,1.76654392411077,0.370675010666117,VA,2023-11-17,0,0,1,1,1,1,1,1,1,1,0,0,0,1,0,1,1,1,1,0
1967,1.12981550069538,0.359727173725813,VA,2023-11-18,1,1,1,1,1,1,1,0,1,1,1,0,1,1,1,1,1,0,1,1
1968,1.57930378808081,0.325540083214695,VA,2023-11-19,1,1,1,1,1,1,0,1,1,1,1,0,1,0,0,0,0,0,1,1
1969,4.64007671359003,0.4702746894432815,VA,2023-11-20,0,1,1,1,0,0,1,1,1,1,0,1,0,1,0,0,1,0,1,0
1970,3.01683760186512,0.2974467589260345,VA,2023-11-21,0,1,0,1,0,1,0,1,1,1,0,0,1,0,0,1,0,1,1,1
1971,2.84312247372007,0.3627418178887305,VA,2023-11-22,1,1,1,1,1,0,0,0,1,1,1,0,1,1,0,0,0,0,1,1
1972,2.46575421178603,0.39668520092419,VA,2023-11-23,0,1,1,0,1,1,1,1,1,1,0,0,0,0,0,1,1,0,1,0
1973,3.26429217644405,0.2455736761077935,VA,2023-11-24,1,1,1,1,0,0,1,1,1,1,0,1,1,0,0,0,1,0,1,0
1974,2.68806050280117,0.4072152503875755,VA,2023-11-25,1,1,1,1,1,0,0,1,0,1,1,1,0,1,0,0,1,0,0,1
1975,1.53159212568453,0.3439954380981145,VT,2023-10-15,1,1,1,1,1,0,1,1,1,1,1,0,1,1,0,0,1,1,1,1
1976,2.56239751856814,0.3886324163801125,VT,2023-10-16,1,1,0,1,1,1,1,1,1,1,1,0,0,0,0,1,1,1,1,1
1977,1.02951965403761,0.368792686189246,VT,2023-10-17,1,1,1,1,1,1,1,1,1,1,1,0,1,0,1,1,0,1,1,0
1978,NA,NA,VT,2023-10-18,NA,NA,NA,NA,NA,NA,NA,NA,NA,NA,NA,NA,NA,NA,NA,NA,NA,NA,NA,NA
1979,1.2794246192999,0.3354810558012075,VT,2023-10-19,1,1,0,1,1,1,1,1,1,1,1,1,0,0,0,0,0,1,1,0
1980,1.15359928947718,0.3349694331334035,VT,2023-10-20,1,1,1,0,1,1,0,1,1,1,1,0,0,0,1,1,0,1,1,1
1981,1.15406524713257,0.3344636496896535,VT,2023-10-21,1,1,1,0,1,1,0,1,1,1,1,1,0,1,0,0,0,1,1,0
1982,0.578685769961515,0.154204435089231,VT,2023-10-22,1,1,1,1,1,1,1,1,1,1,1,1,1,1,1,1,1,1,1,1
1983,0.879660597968332,0.311732164481321,VT,2023-10-23,1,1,1,1,1,1,1,1,1,0,1,0,1,1,0,1,0,1,1,0
1984,0.966787383113901,0.150693768884785,VT,2023-10-24,1,1,1,1,0,1,1,1,1,1,1,0,0,1,0,1,1,1,1,1
1985,0.811767795961407,0.3044905964343615,VT,2023-10-25,1,1,1,1,1,0,1,1,1,1,1,0,0,1,0,0,1,1,1,1
1986,1.56488525995994,0.58493903003091,VT,2023-10-26,1,1,1,1,0,0,0,1,1,1,1,1,0,1,0,1,0,1,1,1
1987,1.69404660442392,0.3043317455615935,VT,2023-10-27,1,1,1,1,1,1,0,1,1,1,1,0,1,0,0,1,0,1,1,0
1988,0.747121673687192,0.381152262314498,VT,2023-10-28,1,1,1,1,1,1,1,1,1,0,1,0,0,1,0,1,1,1,1,0
1989,0.628163580080641,0.26882195828761,VT,2023-10-29,1,1,1,1,1,1,1,1,1,1,1,0,1,1,0,1,1,1,0,1
1990,1.80405371262454,0.50253755733902,VT,2023-10-30,1,1,1,1,1,0,0,1,1,1,1,0,0,1,1,0,0,1,1,0
1991,0.733335220809961,0.231538660697378,VT,2023-10-31,1,1,1,1,1,1,1,1,1,1,1,0,0,1,0,0,0,1,1,1
1992,0.895406191447017,0.63352764586299,VT,2023-11-01,0,1,1,1,1,1,1,1,1,1,0,0,1,1,1,1,1,1,1,1
1993,1.11199206525621,0.4653081066254485,VT,2023-11-02,0,1,1,1,1,0,1,1,1,1,0,0,1,1,0,0,1,1,1,1
1994,0.564115959443976,0.2619217335909595,VT,2023-11-03,1,1,1,1,1,1,1,1,1,1,1,1,1,1,1,1,1,1,1,1
1995,1.3227646021379,0.482229517400258,VT,2023-11-04,0,1,1,1,1,0,1,1,1,1,0,1,0,1,0,0,0,1,1,1
1996,NA,NA,VT,2023-11-05,NA,NA,NA,NA,NA,NA,NA,NA,NA,NA,NA,NA,NA,NA,NA,NA,NA,NA,NA,NA
1997,0.510684749742981,0.129186842424491,VT,2023-11-06,1,1,1,1,1,1,1,1,1,1,1,1,0,1,0,1,1,1,1,1
1998,0.73302649445897,0.3799669919696015,VT,2023-11-07,1,1,1,1,1,0,1,1,1,1,1,0,1,1,0,1,1,1,1,1
1999,1.6876789717132,0.431980762431722,VT,2023-11-08,1,1,1,1,1,0,0,1,1,1,1,0,0,1,1,0,0,1,1,1
2000,3.03496487668883,0.5772109135495,VT,2023-11-09,0,1,1,1,0,1,0,0,0,1,0,0,0,0,0,1,0,0,0,0
2001,1.74894625139766,0.63635561217654,VT,2023-11-10,1,1,1,1,0,0,1,1,1,1,1,0,1,1,0,0,1,1,1,1
2002,0.925959950196392,0.665478970261855,VT,2023-11-11,1,1,1,1,1,1,1,0,1,1,0,1,1,1,1,1,1,0,1,1
2003,1.41193976526903,0.493556764856624,VT,2023-11-12,0,1,1,1,1,1,1,0,1,1,0,0,0,1,1,1,1,1,1,1
2004,1.90174585295221,0.59819881277977,VT,2023-11-13,1,1,1,1,0,0,1,0,1,1,1,1,0,1,0,1,0,0,1,1
2005,0.702002795818894,0.2262007762358665,VT,2023-11-14,1,1,1,1,1,1,1,1,1,1,1,0,0,0,0,1,0,1,1,1
2006,1.08857497639243,0.38420713002378,VT,2023-11-15,0,1,1,1,1,1,0,1,1,1,0,0,0,0,0,1,0,1,1,0
2007,2.71779533280836,0.447614699011868,VT,2023-11-16,1,1,1,1,0,0,1,0,1,1,1,0,0,1,0,0,0,0,1,1
2008,1.13163691669382,0.3285586775891475,VT,2023-11-17,1,1,1,0,1,1,1,1,0,1,1,0,1,0,0,1,0,1,0,1
2009,1.86574273797454,0.51849422682115,VT,2023-11-18,1,1,1,1,1,0,1,0,1,1,1,1,0,1,1,0,1,0,1,0
2010,2.5241836469511,0.660899354567275,VT,2023-11-19,1,1,1,1,0,0,0,1,0,1,1,1,0,1,0,1,1,1,0,1
2011,0.586210693988964,0.3264644968050775,VT,2023-11-20,1,1,0,1,1,1,1,1,1,1,1,1,0,1,1,1,0,1,1,1
2012,2.28277951796601,0.4756098591451945,VT,2023-11-21,1,1,1,1,1,0,1,0,1,1,1,1,0,1,0,0,0,0,1,1
2013,1.72194599822594,0.496083969370846,VT,2023-11-22,1,1,1,1,1,0,1,1,1,1,1,0,0,1,1,0,0,1,1,0
2014,0.587620696531688,0.3248923889930835,VT,2023-11-23,1,1,0,1,1,1,1,1,1,1,1,0,1,1,0,1,1,1,1,1
2015,1.70335385654443,0.4394214664501195,VT,2023-11-24,1,1,1,1,1,0,1,0,1,1,1,0,0,1,1,0,1,0,1,1
2016,0.895973842635126,0.66065511174347,VT,2023-11-25,1,1,1,1,1,1,1,0,1,1,1,1,1,1,1,1,0,0,1,1
2017,1.07991337523465,0.285679537029335,WA,2023-10-15,1,1,1,1,1,1,1,1,1,0,1,0,0,1,0,0,1,1,1,1
2018,1.47282020106689,0.3752535096167185,WA,2023-10-16,0,1,1,1,1,1,1,1,1,1,0,0,0,1,0,0,0,1,1,1
2019,2.95778678176117,0.360857179362176,WA,2023-10-17,1,0,0,1,1,0,1,1,1,1,0,0,1,1,0,0,0,1,1,1
2020,2.49834702178066,0.443611265321151,WA,2023-10-18,1,1,0,1,0,1,1,1,1,1,1,0,0,1,0,1,1,1,1,1
2021,5.71908275666942,0.56852978192434,WA,2023-10-19,0,0,1,1,0,1,0,1,1,0,0,0,1,0,0,0,0,1,1,0
2022,1.54267664315478,0.456384212122352,WA,2023-10-20,1,1,1,1,0,1,0,1,1,0,1,0,1,1,0,1,0,1,1,0
2023,1.67490097326431,0.61408592388936,WA,2023-10-21,0,1,1,1,0,0,1,1,1,0,1,1,0,1,0,0,1,1,1,0
2024,2.88855526423615,0.4437095033029635,WA,2023-10-22,0,0,1,1,1,1,0,1,1,1,0,0,0,0,1,1,0,1,1,1
2025,5.03971203362491,0.4570173723718915,WA,2023-10-23,0,1,0,1,0,1,1,1,1,0,0,0,0,0,0,1,0,1,1,0
2026,1.54974746667405,0.2203600068707425,WA,2023-10-24,1,1,1,1,0,1,1,1,1,1,0,1,0,1,0,0,1,1,0,1
2027,3.12324543610606,0.4700630348100395,WA,2023-10-25,1,0,1,1,0,0,0,1,1,1,0,0,1,0,0,0,1,1,0,0
2028,2.02807457456826,0.359768921381823,WA,2023-10-26,0,1,1,1,1,1,1,1,1,1,0,0,1,1,0,0,0,1,1,0
2029,1.68360667668802,0.4547040034912235,WA,2023-10-27,1,1,1,1,0,1,0,1,1,1,0,0,0,1,1,0,0,1,1,0
2030,2.60952237522936,0.416522529196236,WA,2023-10-28,1,1,0,1,0,1,0,1,1,1,1,0,0,0,0,1,0,1,1,1
2031,1.14669654038396,0.3926907830705055,WA,2023-10-29,1,1,1,1,1,1,1,0,1,0,0,1,1,1,0,1,1,0,1,0
2032,2.3897879978843,0.362657907794588,WA,2023-10-30,1,1,0,1,1,1,1,1,1,1,0,0,0,0,0,1,0,1,1,1
2033,1.69253813984883,0.420894392133316,WA,2023-10-31,1,1,1,1,1,1,0,1,1,1,0,0,0,1,0,0,0,1,1,0
2034,2.15404699837566,0.403396807508178,WA,2023-11-01,1,1,1,1,0,1,1,1,1,0,1,0,1,1,0,0,0,1,1,0
2035,4.22002161272247,0.482398610172234,WA,2023-11-02,0,0,1,0,0,1,1,1,1,1,0,0,0,0,0,0,1,1,1,0
2036,2.50851709499319,0.3759418809209355,WA,2023-11-03,1,0,1,0,1,1,1,1,1,1,0,0,1,0,0,0,1,1,1,1
2037,1.01937001789147,0.347200356371878,WA,2023-11-04,1,1,1,1,1,1,1,1,1,1,1,0,1,0,0,1,1,1,0,0
2038,3.15939420161442,0.432098682233552,WA,2023-11-05,1,1,1,0,1,1,1,1,1,1,1,0,0,0,0,0,1,1,1,1
2039,2.85786292879714,0.4344586311278845,WA,2023-11-06,1,1,0,0,0,1,1,1,1,1,0,1,0,0,0,1,1,1,1,1
2040,1.98334191046607,0.347404670225619,WA,2023-11-07,1,0,1,1,1,1,1,1,1,1,1,0,1,0,0,1,1,1,1,0
2041,3.2655433732735,0.4354244016732095,WA,2023-11-08,0,0,1,1,0,1,1,1,1,1,0,0,1,1,0,0,1,1,1,1
2042,1.02028614323596,0.268214689573736,WA,2023-11-09,1,1,1,1,1,0,1,1,1,1,0,0,1,1,0,0,1,1,1,1
2043,1.38915263010228,0.418623209762566,WA,2023-11-10,1,1,1,1,1,0,1,1,1,0,1,0,0,1,0,1,1,1,1,0
2044,1.09862651137492,0.412055598090193,WA,2023-11-11,1,1,1,1,1,0,1,0,1,1,1,0,0,1,0,0,1,0,1,1
2045,0.561707750771551,0.147960323751554,WA,2023-11-12,1,1,1,1,1,1,1,1,1,1,0,1,1,1,0,1,1,1,1,1
2046,1.31500307763693,0.333993253667746,WA,2023-11-13,1,0,1,1,1,1,1,1,1,1,1,0,1,1,0,0,1,1,1,0
2047,1.9335662366426,0.4284368657474775,WA,2023-11-14,1,0,1,1,1,0,1,1,1,1,1,0,0,1,0,0,0,1,1,1
2048,3.21295414487386,0.228378572545681,WA,2023-11-15,1,0,1,1,0,1,1,1,1,1,0,1,1,1,0,0,0,1,1,1
2049,1.51803565462343,0.3405146588310395,WA,2023-11-16,1,1,1,1,1,1,1,0,1,1,1,0,1,1,0,1,1,0,1,1
2050,1.365077280021,0.1514544295724985,WA,2023-11-17,1,1,1,1,0,1,1,1,1,1,1,1,0,1,0,1,1,1,1,1
2051,0.583787791456163,0.152511232502213,WA,2023-11-18,1,1,1,1,0,1,1,1,1,1,1,1,1,1,0,1,1,1,1,0
2052,1.74780356158797,0.3831616909200185,WA,2023-11-19,1,1,0,1,1,1,1,1,1,1,1,0,0,1,0,1,1,1,1,1
2053,2.40256911146759,0.475148261184041,WA,2023-11-20,1,1,1,1,1,1,1,0,1,1,0,1,0,1,0,0,1,0,1,0
2054,1.86803471677225,0.301648077210386,WA,2023-11-21,1,1,1,1,1,1,1,0,1,1,1,0,1,1,1,0,0,0,1,0
2055,1.5545295378975,0.2846016962926265,WA,2023-11-22,1,1,1,1,1,1,1,1,1,1,1,0,1,1,0,0,1,1,1,1
2056,1.49960175653144,0.3754293725944025,WA,2023-11-23,1,1,1,1,1,1,0,0,1,1,0,0,0,1,0,1,0,0,1,0
2057,2.21142788264909,0.4389971838639435,WA,2023-11-24,1,1,1,1,1,1,1,0,1,1,1,0,1,1,0,0,1,0,1,0
2058,1.92391865144507,0.274548419890558,WA,2023-11-25,1,1,1,1,0,1,1,1,0,1,0,1,0,1,0,1,1,1,0,1
2059,0.802080654719131,0.574194839093155,WI,2023-10-15,0,1,1,1,1,1,1,1,1,1,0,1,1,0,1,1,1,1,1,1
2060,NA,NA,WI,2023-10-16,NA,NA,NA,NA,NA,NA,NA,NA,NA,NA,NA,NA,NA,NA,NA,NA,NA,NA,NA,NA
2061,0.451536823720298,0.2915067626181335,WI,2023-10-17,1,1,1,1,1,1,1,1,1,1,1,1,1,1,1,1,1,1,1,1
2062,0.642738865569823,0.3818574091244315,WI,2023-10-18,1,1,1,1,1,1,1,1,1,1,1,0,0,0,0,1,1,1,1,1
2063,NA,NA,WI,2023-10-19,NA,NA,NA,NA,NA,NA,NA,NA,NA,NA,NA,NA,NA,NA,NA,NA,NA,NA,NA,NA
2064,NA,NA,WI,2023-10-20,NA,NA,NA,NA,NA,NA,NA,NA,NA,NA,NA,NA,NA,NA,NA,NA,NA,NA,NA,NA
2065,NA,NA,WI,2023-10-21,NA,NA,NA,NA,NA,NA,NA,NA,NA,NA,NA,NA,NA,NA,NA,NA,NA,NA,NA,NA
2066,NA,NA,WI,2023-10-22,NA,NA,NA,NA,NA,NA,NA,NA,NA,NA,NA,NA,NA,NA,NA,NA,NA,NA,NA,NA
2067,NA,NA,WI,2023-10-23,NA,NA,NA,NA,NA,NA,NA,NA,NA,NA,NA,NA,NA,NA,NA,NA,NA,NA,NA,NA
2068,1.18856659974828,0.567011594734435,WI,2023-10-24,1,1,1,1,1,0,0,1,1,1,1,0,1,1,0,0,0,1,1,1
2069,1.70256815967318,0.3077668762743455,WI,2023-10-25,1,1,1,1,0,1,1,1,1,1,1,1,1,0,0,1,1,1,1,1
2070,0.449254113341578,0.2895280445643125,WI,2023-10-26,1,1,1,1,1,1,1,1,1,1,1,1,1,1,1,1,1,1,1,1
2071,0.458396727431698,0.3185762798480345,WI,2023-10-27,1,1,1,1,1,1,1,1,1,1,1,0,0,0,0,1,1,1,1,1
2072,0.453130797989961,0.2894337277601645,WI,2023-10-28,1,1,1,1,1,1,1,1,1,1,1,1,1,1,1,1,1,1,1,1
2073,0.477353207463855,0.2894140600152865,WI,2023-10-29,1,1,1,1,1,1,1,1,1,1,1,0,1,1,0,1,1,1,1,1
2074,0.892729610339592,0.4345351289807905,WI,2023-10-30,1,1,1,1,1,1,1,0,1,1,1,0,1,1,0,1,1,0,1,1
2075,0.838700140851,0.4581206245101885,WI,2023-10-31,1,1,1,1,1,1,1,1,1,0,1,1,1,1,0,1,1,1,1,0
2076,0.876003760071436,0.426983840550027,WI,2023-11-01,0,1,1,1,1,1,1,1,1,1,0,1,1,1,0,1,1,1,1,1
2077,0.444679655736494,0.2894790838316635,WI,2023-11-02,1,1,1,1,1,1,1,1,1,1,1,1,1,1,1,1,1,1,1,1
2078,1.71305449698477,0.3525300676200475,WI,2023-11-03,1,0,1,1,0,0,1,1,1,1,0,0,1,1,0,0,1,1,1,1
2079,1.80155670611369,0.51056900416119,WI,2023-11-04,1,1,1,1,1,0,0,1,1,1,0,0,1,1,0,0,0,1,1,1
2080,NA,NA,WI,2023-11-05,NA,NA,NA,NA,NA,NA,NA,NA,NA,NA,NA,NA,NA,NA,NA,NA,NA,NA,NA,NA
2081,1.04753532432823,0.289767002585432,WI,2023-11-06,1,1,1,1,0,1,1,1,1,1,1,0,1,1,0,1,1,1,1,1
2082,0.84989256061515,0.3156997694060145,WI,2023-11-07,1,1,1,1,0,1,1,1,1,1,1,0,1,1,0,1,1,1,1,1
2083,NA,NA,WI,2023-11-08,NA,NA,NA,NA,NA,NA,NA,NA,NA,NA,NA,NA,NA,NA,NA,NA,NA,NA,NA,NA
2084,0.838116369755893,0.4513591110142495,WI,2023-11-09,1,1,1,1,1,0,1,1,1,1,1,0,1,1,0,0,1,1,1,1
2085,NA,NA,WI,2023-11-10,NA,NA,NA,NA,NA,NA,NA,NA,NA,NA,NA,NA,NA,NA,NA,NA,NA,NA,NA,NA
2086,NA,NA,WI,2023-11-11,NA,NA,NA,NA,NA,NA,NA,NA,NA,NA,NA,NA,NA,NA,NA,NA,NA,NA,NA,NA
2087,0.792091583526806,0.52654951866601,WI,2023-11-12,1,1,1,1,1,0,1,1,1,1,1,1,1,1,0,0,1,1,1,1
2088,0.804049013761347,0.477621011183569,WI,2023-11-13,1,1,1,1,1,1,1,0,1,1,0,1,1,1,1,1,1,0,1,1
2089,NA,NA,WI,2023-11-14,NA,NA,NA,NA,NA,NA,NA,NA,NA,NA,NA,NA,NA,NA,NA,NA,NA,NA,NA,NA
2090,NA,NA,WI,2023-11-15,NA,NA,NA,NA,NA,NA,NA,NA,NA,NA,NA,NA,NA,NA,NA,NA,NA,NA,NA,NA
2091,NA,NA,WI,2023-11-16,NA,NA,NA,NA,NA,NA,NA,NA,NA,NA,NA,NA,NA,NA,NA,NA,NA,NA,NA,NA
2092,0.462322592206214,0.2924783513735585,WI,2023-11-17,1,1,1,1,1,1,1,1,1,1,1,1,1,1,1,1,1,1,1,1
2093,NA,NA,WI,2023-11-18,NA,NA,NA,NA,NA,NA,NA,NA,NA,NA,NA,NA,NA,NA,NA,NA,NA,NA,NA,NA
2094,NA,NA,WI,2023-11-19,NA,NA,NA,NA,NA,NA,NA,NA,NA,NA,NA,NA,NA,NA,NA,NA,NA,NA,NA,NA
2095,NA,NA,WI,2023-11-20,NA,NA,NA,NA,NA,NA,NA,NA,NA,NA,NA,NA,NA,NA,NA,NA,NA,NA,NA,NA
2096,NA,NA,WI,2023-11-21,NA,NA,NA,NA,NA,NA,NA,NA,NA,NA,NA,NA,NA,NA,NA,NA,NA,NA,NA,NA
2097,0.463175560983214,0.2952171945926195,WI,2023-11-22,1,1,1,1,1,1,1,1,1,1,1,1,1,1,1,1,1,1,1,1
2098,NA,NA,WI,2023-11-23,NA,NA,NA,NA,NA,NA,NA,NA,NA,NA,NA,NA,NA,NA,NA,NA,NA,NA,NA,NA
2099,NA,NA,WI,2023-11-24,NA,NA,NA,NA,NA,NA,NA,NA,NA,NA,NA,NA,NA,NA,NA,NA,NA,NA,NA,NA
2100,NA,NA,WI,2023-11-25,NA,NA,NA,NA,NA,NA,NA,NA,NA,NA,NA,NA,NA,NA,NA,NA,NA,NA,NA,NA
2101,1.21048304242562,0.418111701758829,WV,2023-10-15,0,1,1,1,1,1,0,1,1,1,0,0,0,0,0,0,0,1,1,1
2102,3.11060539989523,0.3370112155827845,WV,2023-10-16,1,0,0,1,1,1,1,1,1,1,0,0,0,0,0,1,1,1,1,1
2103,1.82169572622058,0.2865041091747845,WV,2023-10-17,1,1,1,1,0,1,1,1,1,1,0,0,0,1,0,1,0,1,1,0
2104,1.49787603926488,0.4729287535217115,WV,2023-10-18,1,0,1,1,0,1,1,1,1,1,1,0,0,1,0,1,1,1,1,1
2105,1.19657992622128,0.3982392769631055,WV,2023-10-19,0,1,1,1,1,1,1,1,1,0,0,0,1,1,0,1,1,1,1,0
2106,2.01516221239247,0.375977965514004,WV,2023-10-20,1,0,1,1,1,1,1,1,1,0,1,0,0,1,0,1,1,1,1,0
2107,0.436443161428256,0.302152215122246,WV,2023-10-21,1,1,1,1,1,1,1,1,1,1,1,1,1,1,1,1,1,1,1,1
2108,0.717688790819345,0.3355900256243985,WV,2023-10-22,1,1,1,1,1,1,1,1,1,1,1,0,1,1,0,1,1,1,1,1
2109,1.86472726242851,0.30731750180114,WV,2023-10-23,1,1,1,1,0,1,1,1,1,1,1,0,0,1,0,0,0,1,1,1
2110,2.51543058015549,0.3774673983649895,WV,2023-10-24,0,0,1,0,1,1,1,1,0,1,0,0,0,0,0,0,1,1,0,0
2111,1.65299846911194,0.3132712504088155,WV,2023-10-25,1,1,1,1,1,1,1,1,1,1,0,0,0,1,0,0,1,1,1,1
2112,2.10423629792054,0.461716119000112,WV,2023-10-26,1,1,0,1,0,1,1,1,1,1,0,0,0,1,1,1,1,1,1,0
2113,1.61277042867309,0.3646162408034,WV,2023-10-27,1,0,1,1,1,1,0,1,1,1,0,0,0,0,0,0,0,1,1,0
2114,1.5042984291359,0.395282576310485,WV,2023-10-28,0,0,0,1,1,1,1,1,1,1,1,0,0,0,0,1,1,1,1,1
2115,2.02506063955363,0.3561096508005655,WV,2023-10-29,1,0,1,1,1,0,1,1,1,1,0,0,0,0,0,0,1,1,1,0
2116,2.36764802299927,0.4121382393994655,WV,2023-10-30,0,1,1,1,1,1,0,1,1,1,0,0,0,0,1,0,0,1,1,1
2117,1.58082796901632,0.3385322134951095,WV,2023-10-31,1,1,1,1,1,1,0,1,1,1,0,0,0,0,1,0,0,1,1,0
2118,1.32054143624107,0.306487405876351,WV,2023-11-01,1,1,1,1,1,0,1,1,1,1,1,0,0,1,0,0,1,1,1,1
2119,1.27073800582147,0.3792730334929805,WV,2023-11-02,1,1,1,0,1,1,1,1,1,1,1,0,0,0,1,1,1,1,1,1
2120,1.32643647896277,0.30420614651021,WV,2023-11-03,1,0,1,1,1,1,1,1,1,1,1,1,1,1,0,1,1,1,1,0
2121,1.2464416095913,0.425391025095783,WV,2023-11-04,1,0,1,1,1,1,1,1,0,1,1,0,1,1,1,1,1,1,0,1
2122,2.39967112539683,0.378883086527908,WV,2023-11-05,1,0,1,1,1,1,0,1,0,1,1,0,0,0,0,1,0,1,0,0
2123,1.35596437153748,0.344332332896184,WV,2023-11-06,1,1,1,1,1,1,1,1,1,1,1,0,0,1,1,0,1,1,1,1
2124,1.81065045421219,0.3704491440008115,WV,2023-11-07,1,1,1,1,1,0,0,1,1,1,1,0,0,0,0,0,0,1,1,1
2125,1.75632074372277,0.3355098941758505,WV,2023-11-08,0,1,1,1,1,1,1,1,1,1,0,0,0,1,0,1,1,1,1,1
2126,1.32423471453929,0.348931442588873,WV,2023-11-09,0,1,1,1,1,1,1,1,0,1,0,0,1,1,0,0,1,1,0,1
2127,2.24437812614799,0.2724235375801825,WV,2023-11-10,1,1,1,1,0,1,1,1,0,1,0,0,0,1,0,1,1,1,0,1
2128,3.04452646912736,0.398023115980907,WV,2023-11-11,1,1,1,1,1,0,1,1,0,1,0,0,0,0,0,0,0,0,0,0
2129,2.41704061691225,0.2856851293603015,WV,2023-11-12,1,1,1,0,0,1,1,1,1,1,1,0,1,0,1,1,1,1,1,1
2130,3.60768822430871,0.304095248342269,WV,2023-11-13,0,1,1,1,0,1,1,1,0,1,0,0,0,0,0,0,1,1,0,1
2131,1.96143281471981,0.3580012154759985,WV,2023-11-14,1,1,1,1,1,1,1,1,1,1,1,0,0,1,0,1,0,1,1,0
2132,2.89637013015434,0.392498016173858,WV,2023-11-15,1,1,1,1,1,0,1,1,1,1,0,0,0,1,1,0,0,1,1,1
2133,1.98071191850933,0.4308942570875405,WV,2023-11-16,1,1,1,1,1,1,1,1,0,0,0,0,1,0,0,1,1,1,0,0
2134,2.57023066269338,0.2860889797137085,WV,2023-11-17,1,0,1,1,0,0,1,1,1,1,0,0,0,1,1,0,1,1,1,1
2135,3.00208600362177,0.282480257158533,WV,2023-11-18,0,1,1,1,0,1,1,1,0,1,0,0,1,1,0,1,1,1,0,0
2136,1.66289628953758,0.438427836621248,WV,2023-11-19,0,0,1,1,1,1,1,1,1,0,0,0,1,1,1,1,1,1,1,0
2137,3.20006146712297,0.3773211357158845,WV,2023-11-20,1,1,0,1,1,0,1,0,1,1,0,0,1,1,1,0,1,0,1,1
2138,1.72843280532875,0.443612805604387,WV,2023-11-21,1,0,1,1,1,1,1,0,1,1,1,0,1,1,1,1,1,0,1,1
2139,0.277588527194634,0.146461763831197,WV,2023-11-22,1,1,1,1,1,1,1,1,1,1,1,1,1,1,1,1,1,1,1,1
2140,0.78772700863567,0.2901648907167585,WV,2023-11-23,1,1,1,1,1,1,1,1,1,1,1,0,0,1,1,1,1,1,1,1
2141,1.79724781793628,0.3916397852448035,WV,2023-11-24,0,1,1,1,1,1,1,0,1,1,0,0,0,0,1,1,1,0,1,1
2142,0.70910240183281,0.337020819994109,WV,2023-11-25,1,1,1,1,1,1,1,1,1,1,1,0,0,1,1,1,1,1,1,1
2143,NA,NA,WY,2023-10-15,NA,NA,NA,NA,NA,NA,NA,NA,NA,NA,NA,NA,NA,NA,NA,NA,NA,NA,NA,NA
2144,NA,NA,WY,2023-10-16,NA,NA,NA,NA,NA,NA,NA,NA,NA,NA,NA,NA,NA,NA,NA,NA,NA,NA,NA,NA
2145,NA,NA,WY,2023-10-17,NA,NA,NA,NA,NA,NA,NA,NA,NA,NA,NA,NA,NA,NA,NA,NA,NA,NA,NA,NA
2146,0.39085482895873,0.2121912756398035,WY,2023-10-18,1,1,1,1,1,1,1,1,1,1,1,1,1,1,1,1,1,1,1,1
2147,NA,NA,WY,2023-10-19,NA,NA,NA,NA,NA,NA,NA,NA,NA,NA,NA,NA,NA,NA,NA,NA,NA,NA,NA,NA
2148,NA,NA,WY,2023-10-20,NA,NA,NA,NA,NA,NA,NA,NA,NA,NA,NA,NA,NA,NA,NA,NA,NA,NA,NA,NA
2149,NA,NA,WY,2023-10-21,NA,NA,NA,NA,NA,NA,NA,NA,NA,NA,NA,NA,NA,NA,NA,NA,NA,NA,NA,NA
2150,NA,NA,WY,2023-10-22,NA,NA,NA,NA,NA,NA,NA,NA,NA,NA,NA,NA,NA,NA,NA,NA,NA,NA,NA,NA
2151,NA,NA,WY,2023-10-23,NA,NA,NA,NA,NA,NA,NA,NA,NA,NA,NA,NA,NA,NA,NA,NA,NA,NA,NA,NA
2152,NA,NA,WY,2023-10-24,NA,NA,NA,NA,NA,NA,NA,NA,NA,NA,NA,NA,NA,NA,NA,NA,NA,NA,NA,NA
2153,NA,NA,WY,2023-10-25,NA,NA,NA,NA,NA,NA,NA,NA,NA,NA,NA,NA,NA,NA,NA,NA,NA,NA,NA,NA
2154,NA,NA,WY,2023-10-26,NA,NA,NA,NA,NA,NA,NA,NA,NA,NA,NA,NA,NA,NA,NA,NA,NA,NA,NA,NA
2155,0.635209691079304,0.463687081069305,WY,2023-10-27,1,1,0,1,1,1,1,1,1,1,1,1,0,1,0,1,1,1,1,1
2156,NA,NA,WY,2023-10-28,NA,NA,NA,NA,NA,NA,NA,NA,NA,NA,NA,NA,NA,NA,NA,NA,NA,NA,NA,NA
2157,NA,NA,WY,2023-10-29,NA,NA,NA,NA,NA,NA,NA,NA,NA,NA,NA,NA,NA,NA,NA,NA,NA,NA,NA,NA
2158,1.6123819570319,0.4967659467823815,WY,2023-10-30,1,1,0,1,1,1,1,1,0,1,1,1,0,1,0,1,1,1,0,1
2159,NA,NA,WY,2023-10-31,NA,NA,NA,NA,NA,NA,NA,NA,NA,NA,NA,NA,NA,NA,NA,NA,NA,NA,NA,NA
2160,NA,NA,WY,2023-11-01,NA,NA,NA,NA,NA,NA,NA,NA,NA,NA,NA,NA,NA,NA,NA,NA,NA,NA,NA,NA
2161,NA,NA,WY,2023-11-02,NA,NA,NA,NA,NA,NA,NA,NA,NA,NA,NA,NA,NA,NA,NA,NA,NA,NA,NA,NA
2162,NA,NA,WY,2023-11-03,NA,NA,NA,NA,NA,NA,NA,NA,NA,NA,NA,NA,NA,NA,NA,NA,NA,NA,NA,NA
2163,NA,NA,WY,2023-11-04,NA,NA,NA,NA,NA,NA,NA,NA,NA,NA,NA,NA,NA,NA,NA,NA,NA,NA,NA,NA
2164,NA,NA,WY,2023-11-05,NA,NA,NA,NA,NA,NA,NA,NA,NA,NA,NA,NA,NA,NA,NA,NA,NA,NA,NA,NA
2165,NA,NA,WY,2023-11-06,NA,NA,NA,NA,NA,NA,NA,NA,NA,NA,NA,NA,NA,NA,NA,NA,NA,NA,NA,NA
2166,NA,NA,WY,2023-11-07,NA,NA,NA,NA,NA,NA,NA,NA,NA,NA,NA,NA,NA,NA,NA,NA,NA,NA,NA,NA
2167,NA,NA,WY,2023-11-08,NA,NA,NA,NA,NA,NA,NA,NA,NA,NA,NA,NA,NA,NA,NA,NA,NA,NA,NA,NA
2168,NA,NA,WY,2023-11-09,NA,NA,NA,NA,NA,NA,NA,NA,NA,NA,NA,NA,NA,NA,NA,NA,NA,NA,NA,NA
2169,NA,NA,WY,2023-11-10,NA,NA,NA,NA,NA,NA,NA,NA,NA,NA,NA,NA,NA,NA,NA,NA,NA,NA,NA,NA
2170,NA,NA,WY,2023-11-11,NA,NA,NA,NA,NA,NA,NA,NA,NA,NA,NA,NA,NA,NA,NA,NA,NA,NA,NA,NA
2171,NA,NA,WY,2023-11-12,NA,NA,NA,NA,NA,NA,NA,NA,NA,NA,NA,NA,NA,NA,NA,NA,NA,NA,NA,NA
2172,NA,NA,WY,2023-11-13,NA,NA,NA,NA,NA,NA,NA,NA,NA,NA,NA,NA,NA,NA,NA,NA,NA,NA,NA,NA
2173,NA,NA,WY,2023-11-14,NA,NA,NA,NA,NA,NA,NA,NA,NA,NA,NA,NA,NA,NA,NA,NA,NA,NA,NA,NA
2174,NA,NA,WY,2023-11-15,NA,NA,NA,NA,NA,NA,NA,NA,NA,NA,NA,NA,NA,NA,NA,NA,NA,NA,NA,NA
2175,NA,NA,WY,2023-11-16,NA,NA,NA,NA,NA,NA,NA,NA,NA,NA,NA,NA,NA,NA,NA,NA,NA,NA,NA,NA
2176,NA,NA,WY,2023-11-17,NA,NA,NA,NA,NA,NA,NA,NA,NA,NA,NA,NA,NA,NA,NA,NA,NA,NA,NA,NA
2177,NA,NA,WY,2023-11-18,NA,NA,NA,NA,NA,NA,NA,NA,NA,NA,NA,NA,NA,NA,NA,NA,NA,NA,NA,NA
2178,NA,NA,WY,2023-11-19,NA,NA,NA,NA,NA,NA,NA,NA,NA,NA,NA,NA,NA,NA,NA,NA,NA,NA,NA,NA
2179,NA,NA,WY,2023-11-20,NA,NA,NA,NA,NA,NA,NA,NA,NA,NA,NA,NA,NA,NA,NA,NA,NA,NA,NA,NA
2180,NA,NA,WY,2023-11-21,NA,NA,NA,NA,NA,NA,NA,NA,NA,NA,NA,NA,NA,NA,NA,NA,NA,NA,NA,NA
2181,NA,NA,WY,2023-11-22,NA,NA,NA,NA,NA,NA,NA,NA,NA,NA,NA,NA,NA,NA,NA,NA,NA,NA,NA,NA
2182,NA,NA,WY,2023-11-23,NA,NA,NA,NA,NA,NA,NA,NA,NA,NA,NA,NA,NA,NA,NA,NA,NA,NA,NA,NA
2183,NA,NA,WY,2023-11-24,NA,NA,NA,NA,NA,NA,NA,NA,NA,NA,NA,NA,NA,NA,NA,NA,NA,NA,NA,NA
2184,NA,NA,WY,2023-11-25,NA,NA,NA,NA,NA,NA,NA,NA,NA,NA,NA,NA,NA,NA,NA,NA,NA,NA,NA,NA
