"","es_score","brier_score","location","target_date","X21L_50_CI","X22A_50_CI","X22B_50_CI","X22D_50_CI","X22E_50_CI","X22F_50_CI","X23A_50_CI","other_50_CI","X21L_95_CI","X22A_95_CI","X22B_95_CI","X22D_95_CI","X22E_95_CI","X22F_95_CI","X23A_95_CI","other_95_CI"
"1",NA,NA,"AK",2022-11-13,NA,NA,NA,NA,NA,NA,NA,NA,NA,NA,NA,NA,NA,NA,NA,NA
"2",0.872027431140047,0.59964769134287,"AK",2022-11-14,1,1,1,1,0,1,1,1,1,1,1,1,1,1,1,1
"3",NA,NA,"AK",2022-11-15,NA,NA,NA,NA,NA,NA,NA,NA,NA,NA,NA,NA,NA,NA,NA,NA
"4",NA,NA,"AK",2022-11-16,NA,NA,NA,NA,NA,NA,NA,NA,NA,NA,NA,NA,NA,NA,NA,NA
"5",0.0824517477237273,0.0618385009033379,"AK",2022-11-17,1,1,1,1,1,1,1,1,1,1,1,1,1,1,1,1
"6",NA,NA,"AK",2022-11-18,NA,NA,NA,NA,NA,NA,NA,NA,NA,NA,NA,NA,NA,NA,NA,NA
"7",NA,NA,"AK",2022-11-19,NA,NA,NA,NA,NA,NA,NA,NA,NA,NA,NA,NA,NA,NA,NA,NA
"8",NA,NA,"AK",2022-11-20,NA,NA,NA,NA,NA,NA,NA,NA,NA,NA,NA,NA,NA,NA,NA,NA
"9",NA,NA,"AK",2022-11-21,NA,NA,NA,NA,NA,NA,NA,NA,NA,NA,NA,NA,NA,NA,NA,NA
"10",0.926959234259233,0.299701465587664,"AK",2022-11-22,0,1,1,1,1,1,1,1,0,1,1,1,0,1,1,1
"11",1.05230294734669,0.71689384588509,"AK",2022-11-23,1,1,1,0,1,1,1,1,1,0,1,0,1,1,1,1
"12",NA,NA,"AK",2022-11-24,NA,NA,NA,NA,NA,NA,NA,NA,NA,NA,NA,NA,NA,NA,NA,NA
"13",NA,NA,"AK",2022-11-25,NA,NA,NA,NA,NA,NA,NA,NA,NA,NA,NA,NA,NA,NA,NA,NA
"14",0.465293816119086,0.309617220738242,"AK",2022-11-26,1,1,1,1,1,1,1,1,1,0,1,1,0,1,1,1
"15",1.37156789657155,0.62101756020269,"AK",2022-11-27,1,0,0,1,1,1,1,1,1,0,0,1,0,1,1,1
"16",0.110618653374849,0.0796509277933995,"AK",2022-11-28,1,1,1,1,1,1,1,1,1,1,0,1,1,0,1,1
"17",NA,NA,"AK",2022-11-29,NA,NA,NA,NA,NA,NA,NA,NA,NA,NA,NA,NA,NA,NA,NA,NA
"18",0.757176771844846,0.529023002936805,"AK",2022-11-30,1,1,1,1,0,1,1,1,1,1,0,1,0,1,1,1
"19",NA,NA,"AK",2022-12-01,NA,NA,NA,NA,NA,NA,NA,NA,NA,NA,NA,NA,NA,NA,NA,NA
"20",NA,NA,"AK",2022-12-02,NA,NA,NA,NA,NA,NA,NA,NA,NA,NA,NA,NA,NA,NA,NA,NA
"21",NA,NA,"AK",2022-12-03,NA,NA,NA,NA,NA,NA,NA,NA,NA,NA,NA,NA,NA,NA,NA,NA
"22",NA,NA,"AK",2022-12-04,NA,NA,NA,NA,NA,NA,NA,NA,NA,NA,NA,NA,NA,NA,NA,NA
"23",NA,NA,"AK",2022-12-05,NA,NA,NA,NA,NA,NA,NA,NA,NA,NA,NA,NA,NA,NA,NA,NA
"24",NA,NA,"AK",2022-12-06,NA,NA,NA,NA,NA,NA,NA,NA,NA,NA,NA,NA,NA,NA,NA,NA
"25",NA,NA,"AK",2022-12-07,NA,NA,NA,NA,NA,NA,NA,NA,NA,NA,NA,NA,NA,NA,NA,NA
"26",NA,NA,"AK",2022-12-08,NA,NA,NA,NA,NA,NA,NA,NA,NA,NA,NA,NA,NA,NA,NA,NA
"27",0.656133418972531,0.50785689159767,"AK",2022-12-09,1,1,1,1,1,1,1,1,1,1,1,0,0,1,1,1
"28",NA,NA,"AK",2022-12-10,NA,NA,NA,NA,NA,NA,NA,NA,NA,NA,NA,NA,NA,NA,NA,NA
"29",NA,NA,"AK",2022-12-11,NA,NA,NA,NA,NA,NA,NA,NA,NA,NA,NA,NA,NA,NA,NA,NA
"30",0.656234422103276,0.503263694879716,"AK",2022-12-12,1,1,1,1,1,1,1,1,1,1,0,1,0,1,1,1
"31",0.65818429733792,0.501967513752861,"AK",2022-12-13,1,1,1,1,1,1,1,1,1,1,1,1,1,1,1,1
"32",NA,NA,"AK",2022-12-14,NA,NA,NA,NA,NA,NA,NA,NA,NA,NA,NA,NA,NA,NA,NA,NA
"33",0.663754460294254,0.499701148422908,"AK",2022-12-15,1,1,1,1,1,1,1,1,1,1,0,1,0,1,1,1
"34",0.850132396192216,0.386681210417986,"AK",2022-12-16,1,0,1,1,1,1,1,1,1,0,0,1,1,1,1,1
"35",NA,NA,"AK",2022-12-17,NA,NA,NA,NA,NA,NA,NA,NA,NA,NA,NA,NA,NA,NA,NA,NA
"36",NA,NA,"AK",2022-12-18,NA,NA,NA,NA,NA,NA,NA,NA,NA,NA,NA,NA,NA,NA,NA,NA
"37",0.175049897987689,0.102545710375578,"AK",2022-12-19,1,1,1,1,1,1,1,1,1,1,0,1,0,1,1,1
"38",NA,NA,"AK",2022-12-20,NA,NA,NA,NA,NA,NA,NA,NA,NA,NA,NA,NA,NA,NA,NA,NA
"39",0.167787982056387,0.104225602347018,"AK",2022-12-21,1,1,1,1,1,1,1,1,1,1,1,1,1,1,1,1
"40",NA,NA,"AK",2022-12-22,NA,NA,NA,NA,NA,NA,NA,NA,NA,NA,NA,NA,NA,NA,NA,NA
"41",NA,NA,"AK",2022-12-23,NA,NA,NA,NA,NA,NA,NA,NA,NA,NA,NA,NA,NA,NA,NA,NA
"42",NA,NA,"AK",2022-12-24,NA,NA,NA,NA,NA,NA,NA,NA,NA,NA,NA,NA,NA,NA,NA,NA
"43",0.22595896162176,0.257705597053378,"AL",2022-11-13,1,1,1,1,1,1,1,1,1,1,0,1,0,1,1,1
"44",0.809289793379946,0.254193476543823,"AL",2022-11-14,1,1,1,1,0,1,1,1,1,1,0,0,0,1,1,1
"45",NA,NA,"AL",2022-11-15,NA,NA,NA,NA,NA,NA,NA,NA,NA,NA,NA,NA,NA,NA,NA,NA
"46",0.445688363964482,0.258330079764128,"AL",2022-11-16,1,1,1,1,1,1,1,1,1,1,0,1,0,1,1,1
"47",0.742694918754914,0.3413942207237,"AL",2022-11-17,1,1,1,0,1,1,1,1,1,1,0,0,0,1,1,1
"48",1.06783875654877,0.192905244714448,"AL",2022-11-18,1,1,1,1,0,1,1,1,1,1,0,1,0,1,1,1
"49",NA,NA,"AL",2022-11-19,NA,NA,NA,NA,NA,NA,NA,NA,NA,NA,NA,NA,NA,NA,NA,NA
"50",NA,NA,"AL",2022-11-20,NA,NA,NA,NA,NA,NA,NA,NA,NA,NA,NA,NA,NA,NA,NA,NA
"51",0.935672568591899,0.429215937602792,"AL",2022-11-21,1,1,1,1,1,1,1,0,0,1,1,1,1,1,1,0
"52",0.866913778047811,0.408736064370965,"AL",2022-11-22,1,0,1,1,1,1,1,1,1,0,0,1,1,1,1,1
"53",0.164809648296994,0.132812763370342,"AL",2022-11-23,1,1,1,1,1,1,1,1,1,1,0,1,0,1,1,1
"54",NA,NA,"AL",2022-11-24,NA,NA,NA,NA,NA,NA,NA,NA,NA,NA,NA,NA,NA,NA,NA,NA
"55",0.936879588447605,0.4123126191453,"AL",2022-11-25,1,1,1,0,1,1,1,1,1,1,0,0,0,1,1,1
"56",NA,NA,"AL",2022-11-26,NA,NA,NA,NA,NA,NA,NA,NA,NA,NA,NA,NA,NA,NA,NA,NA
"57",NA,NA,"AL",2022-11-27,NA,NA,NA,NA,NA,NA,NA,NA,NA,NA,NA,NA,NA,NA,NA,NA
"58",0.440106367324738,0.174054326288339,"AL",2022-11-28,1,1,1,1,1,1,1,1,1,0,0,1,0,1,1,1
"59",1.18315820904492,0.377162690051598,"AL",2022-11-29,1,1,0,1,0,1,1,1,1,1,0,0,1,1,1,1
"60",0.910398763224431,0.253827182748526,"AL",2022-11-30,1,1,1,1,1,0,1,1,1,1,0,1,1,0,1,1
"61",1.48392470719967,0.313454655758375,"AL",2022-12-01,1,1,0,1,1,1,1,1,1,1,0,1,0,1,1,1
"62",1.04980697437446,0.318139557673264,"AL",2022-12-02,1,1,0,1,1,1,1,1,1,1,0,1,0,1,1,1
"63",NA,NA,"AL",2022-12-03,NA,NA,NA,NA,NA,NA,NA,NA,NA,NA,NA,NA,NA,NA,NA,NA
"64",1.40815853925606,0.288926480928256,"AL",2022-12-04,1,1,0,1,1,1,1,1,1,1,0,1,0,1,1,1
"65",1.7220986264011,0.331431384487283,"AL",2022-12-05,1,1,0,1,0,1,1,1,1,1,0,1,0,1,1,1
"66",1.6142477762827,0.365292712343499,"AL",2022-12-06,1,1,1,1,0,0,1,1,1,1,0,0,0,0,1,1
"67",0.462555979250031,0.242942005841998,"AL",2022-12-07,1,1,1,1,1,1,1,1,1,1,0,1,0,1,1,1
"68",1.8589144102422,0.342925362241592,"AL",2022-12-08,1,1,0,1,0,1,1,1,1,1,0,1,0,1,1,1
"69",0.855308659682664,0.227984014791431,"AL",2022-12-09,1,1,1,1,1,1,0,1,1,1,0,1,1,1,0,1
"70",0.477148799907869,0.131388597466972,"AL",2022-12-10,1,1,1,1,1,1,1,1,1,1,0,1,0,1,1,1
"71",1.93556316044482,0.551158938927511,"AL",2022-12-11,1,0,1,0,0,1,1,1,1,0,0,0,1,1,1,1
"72",1.69886097287987,0.447820597436999,"AL",2022-12-12,1,1,1,0,0,0,1,1,1,1,1,0,0,0,1,1
"73",0.0477285621423633,0.0420383512160608,"AL",2022-12-13,1,1,1,1,1,1,1,1,1,1,1,1,1,1,1,1
"74",1.36645708601821,0.357479656082823,"AL",2022-12-14,1,1,0,1,0,1,1,1,0,1,0,1,1,1,1,1
"75",1.88278946916314,0.313515280883391,"AL",2022-12-15,1,1,0,1,0,1,1,1,1,1,0,1,0,1,1,1
"76",0.895506472837009,0.286424543496817,"AL",2022-12-16,1,1,1,1,1,1,1,0,1,1,0,1,0,1,1,0
"77",0.146433668988052,0.0461535088115041,"AL",2022-12-17,1,1,1,1,1,1,1,1,1,1,1,1,1,1,1,1
"78",0.147910653756944,0.0486564664750272,"AL",2022-12-18,1,1,1,1,1,1,1,1,1,1,1,1,1,1,1,1
"79",0.530520277107887,0.206127590791531,"AL",2022-12-19,1,1,1,1,1,1,1,1,1,1,0,1,0,1,1,1
"80",1.59744129790154,0.228265858480062,"AL",2022-12-20,1,0,1,0,1,1,1,1,0,0,0,0,0,1,1,1
"81",2.95421666550939,0.423718871681961,"AL",2022-12-21,1,1,1,1,0,1,0,0,1,1,0,0,0,1,0,0
"82",NA,NA,"AL",2022-12-22,NA,NA,NA,NA,NA,NA,NA,NA,NA,NA,NA,NA,NA,NA,NA,NA
"83",NA,NA,"AL",2022-12-23,NA,NA,NA,NA,NA,NA,NA,NA,NA,NA,NA,NA,NA,NA,NA,NA
"84",0.0487160791833104,0.0721966053281363,"AL",2022-12-24,1,1,1,1,1,1,1,1,1,1,1,1,1,1,1,1
"85",NA,NA,"AR",2022-11-13,NA,NA,NA,NA,NA,NA,NA,NA,NA,NA,NA,NA,NA,NA,NA,NA
"86",2.76897216512484,0.382390172180024,"AR",2022-11-14,1,0,0,1,0,1,1,1,1,0,0,1,0,1,1,1
"87",0.788092141134463,0.397134671239875,"AR",2022-11-15,1,0,1,1,1,1,1,1,1,0,0,1,0,1,1,1
"88",0.207012057866508,0.148695313250439,"AR",2022-11-16,1,1,1,1,1,1,1,1,1,1,1,1,1,1,1,1
"89",1.20419044166246,0.243573478795328,"AR",2022-11-17,1,1,1,1,1,1,1,1,1,1,1,0,0,0,1,1
"90",1.13397049724657,0.286658293762747,"AR",2022-11-18,1,1,1,1,0,1,1,1,1,0,0,1,0,1,1,1
"91",0.908046286267243,0.437358522062899,"AR",2022-11-19,1,1,1,1,1,1,1,0,1,1,0,1,1,1,1,0
"92",0.624810433216358,0.28284764647309,"AR",2022-11-20,1,1,1,1,1,1,1,1,1,1,1,1,1,1,1,1
"93",2.33806627979748,0.265468186125992,"AR",2022-11-21,1,1,0,1,0,1,1,1,1,0,0,1,0,1,1,1
"94",3.38302987020951,0.327117071151649,"AR",2022-11-22,1,1,0,1,0,1,1,1,1,1,0,0,0,0,1,1
"95",1.74398978650225,0.352953843879937,"AR",2022-11-23,1,1,0,1,1,1,1,0,1,0,0,0,0,0,1,0
"96",0.830767513244152,0.398535375192062,"AR",2022-11-24,1,1,1,1,1,1,1,0,1,0,1,1,0,1,1,0
"97",2.43598011036357,0.246291823387998,"AR",2022-11-25,1,1,0,1,0,1,1,1,1,1,0,1,0,1,1,0
"98",1.9160437072934,0.670338681803582,"AR",2022-11-26,1,1,0,0,0,1,0,0,1,1,0,0,0,1,0,0
"99",0.768042880991597,0.385648100981685,"AR",2022-11-27,1,0,1,1,1,1,1,1,1,1,0,1,0,1,1,1
"100",5.15329038120334,0.296979137189343,"AR",2022-11-28,1,1,0,1,0,1,1,1,1,0,0,0,0,0,1,1
"101",3.0363225453267,0.286048385621726,"AR",2022-11-29,1,1,0,1,0,1,1,1,1,1,0,1,0,1,1,0
"102",1.36002846798531,0.304302122739036,"AR",2022-11-30,1,0,1,1,1,1,1,1,0,0,0,1,0,1,1,1
"103",2.27315476141495,0.328670240468845,"AR",2022-12-01,1,1,0,1,1,0,1,1,1,0,0,0,1,0,1,1
"104",1.59762537404981,0.240461176732578,"AR",2022-12-02,1,1,1,1,0,1,1,1,1,1,1,0,0,1,1,1
"105",0.876303410929126,0.406956960303035,"AR",2022-12-03,1,1,1,0,1,1,1,1,1,1,0,1,0,1,1,1
"106",0.387716106336885,0.279882777323208,"AR",2022-12-04,1,1,1,1,1,1,1,1,1,1,0,1,0,1,1,1
"107",3.28692617158545,0.346243174314394,"AR",2022-12-05,1,1,0,0,0,1,1,1,1,0,1,0,0,1,0,1
"108",3.66966771131355,0.359830440841486,"AR",2022-12-06,1,0,1,0,1,1,1,1,1,0,0,0,0,1,0,1
"109",2.53380318552874,0.286829895929636,"AR",2022-12-07,1,1,0,1,1,1,1,1,1,1,0,0,0,1,1,1
"110",4.20951854707638,0.377712864981675,"AR",2022-12-08,1,1,0,0,0,1,1,1,1,1,0,0,0,1,0,1
"111",1.56948886898163,0.271971316910373,"AR",2022-12-09,1,1,1,0,1,1,1,1,1,0,0,0,0,1,1,1
"112",0.9151538362842,0.271009131199269,"AR",2022-12-10,1,1,0,1,1,1,1,1,1,1,0,1,0,1,1,1
"113",0.888724357571842,0.274383787467477,"AR",2022-12-11,1,1,1,0,1,1,1,1,1,0,1,0,1,1,1,1
"114",7.71727375754026,0.355851048977496,"AR",2022-12-12,1,1,0,0,1,1,1,1,1,1,0,0,0,1,0,1
"115",2.47869848881038,0.303136818048187,"AR",2022-12-13,1,0,1,0,1,1,1,1,1,0,1,0,0,1,0,1
"116",6.36865709766651,0.317353161430947,"AR",2022-12-14,1,1,0,0,1,1,1,1,1,1,0,0,0,1,0,1
"117",1.7402046464888,0.209635794893161,"AR",2022-12-15,1,1,1,0,1,1,1,1,1,0,1,1,0,1,0,1
"118",3.8606374312727,0.471043084828823,"AR",2022-12-16,1,1,0,0,0,1,1,0,1,1,0,0,0,1,1,0
"119",1.12977939796619,0.295960108053621,"AR",2022-12-17,1,1,1,1,1,0,1,1,1,1,0,1,0,0,0,1
"120",1.14692052171811,0.30121734885374,"AR",2022-12-18,1,1,1,0,1,1,1,1,0,1,0,0,0,1,1,1
"121",3.93902940762808,0.268319970312934,"AR",2022-12-19,1,1,0,1,1,1,1,1,0,1,0,1,0,1,1,0
"122",5.23551864287619,0.370497002268088,"AR",2022-12-20,1,1,0,0,1,1,1,0,0,1,0,0,0,1,0,0
"123",4.10644014431367,0.293345388867967,"AR",2022-12-21,1,1,0,0,1,1,1,0,1,1,0,0,0,1,0,0
"124",2.27383620639215,0.360347944710355,"AR",2022-12-22,1,1,0,1,1,1,1,1,1,1,0,1,0,1,1,0
"125",2.41951782605392,0.443698388164262,"AR",2022-12-23,1,1,0,1,1,1,1,1,1,1,0,1,0,1,1,1
"126",1.94599029829994,0.194897066443871,"AR",2022-12-24,1,1,1,1,0,1,1,1,1,1,1,1,0,1,0,1
"127",4.20722670064392,0.319941139461196,"AZ",2022-11-13,1,1,0,1,0,1,1,0,1,0,0,0,0,0,1,0
"128",3.83974747672521,0.279535095483202,"AZ",2022-11-14,1,1,1,1,1,0,1,1,1,0,0,0,0,1,1,0
"129",2.52340716725484,0.281625335109155,"AZ",2022-11-15,1,1,1,1,1,1,1,1,1,0,0,0,0,0,1,0
"130",2.72133062237833,0.298716827109885,"AZ",2022-11-16,1,1,1,1,1,1,1,1,1,0,0,1,0,1,1,1
"131",4.18454885010508,0.281740431074783,"AZ",2022-11-17,1,1,1,0,1,1,1,1,1,0,0,0,0,0,1,1
"132",2.58882039014662,0.281035849686116,"AZ",2022-11-18,1,1,1,1,1,1,1,1,1,0,0,0,0,0,1,1
"133",2.57402989558018,0.247681040873775,"AZ",2022-11-19,1,1,1,1,0,1,1,1,1,1,0,0,0,0,1,0
"134",2.40962359840865,0.291511086310916,"AZ",2022-11-20,1,1,0,1,1,1,1,1,1,0,0,0,0,1,1,1
"135",5.61489346019785,0.274271103199743,"AZ",2022-11-21,1,1,1,1,0,1,1,1,0,0,0,0,0,0,1,1
"136",10.9864374838316,0.306688587130167,"AZ",2022-11-22,1,0,0,0,0,1,1,1,1,0,0,0,0,0,1,1
"137",6.5992791728571,0.280786737986138,"AZ",2022-11-23,1,1,0,1,0,1,1,1,0,0,0,1,0,0,1,1
"138",2.43303778439018,0.342432811859894,"AZ",2022-11-24,0,1,1,0,0,1,1,1,0,1,0,0,1,0,1,1
"139",3.30825645405149,0.270555273238663,"AZ",2022-11-25,1,1,1,1,1,1,1,1,1,1,0,0,0,1,1,1
"140",3.10292186506136,0.301319686241159,"AZ",2022-11-26,0,0,1,0,1,1,1,0,0,0,0,0,0,0,1,0
"141",2.64706813047763,0.272915890793525,"AZ",2022-11-27,1,1,1,1,1,1,1,1,1,0,0,0,0,0,1,1
"142",6.52184428086117,0.271309985448245,"AZ",2022-11-28,1,1,1,1,0,1,1,1,0,0,0,0,0,0,1,1
"143",3.77998367609192,0.30272407207047,"AZ",2022-11-29,1,1,1,1,1,1,0,1,0,0,0,0,0,0,0,1
"144",2.69810381817211,0.283713504694366,"AZ",2022-11-30,1,1,1,1,1,1,1,1,1,0,0,0,0,0,1,1
"145",6.128268127619,0.330744646794362,"AZ",2022-12-01,1,1,0,0,0,1,1,0,0,0,0,0,0,0,1,0
"146",4.41108669569299,0.323441034429998,"AZ",2022-12-02,1,1,1,0,0,1,1,0,1,0,0,0,1,0,1,0
"147",2.67581762004621,0.27695097261035,"AZ",2022-12-03,0,1,0,1,1,1,1,1,0,0,0,0,0,0,1,1
"148",2.46475315792744,0.290135926117557,"AZ",2022-12-04,1,1,1,0,1,1,1,1,1,0,0,0,0,1,1,1
"149",5.6042994356046,0.30549438885147,"AZ",2022-12-05,0,1,1,1,0,1,1,1,0,0,0,0,0,1,1,1
"150",4.07725071276687,0.286635042254616,"AZ",2022-12-06,1,1,1,0,1,1,1,1,1,0,0,0,0,0,1,0
"151",3.35106175039792,0.257050428029019,"AZ",2022-12-07,1,1,1,1,1,1,0,1,0,1,0,0,0,0,0,1
"152",4.34701697411935,0.250669269671843,"AZ",2022-12-08,1,1,0,0,0,1,1,0,1,1,0,0,0,1,1,0
"153",2.49600885459656,0.263795648157012,"AZ",2022-12-09,1,0,1,1,1,1,0,1,1,0,0,0,0,0,0,0
"154",2.01381144003335,0.296421301932646,"AZ",2022-12-10,1,1,1,1,1,0,1,1,1,1,0,0,0,0,1,1
"155",5.79564823703552,0.221944982817394,"AZ",2022-12-11,1,1,0,1,0,1,1,0,1,1,0,0,0,0,1,0
"156",3.6165954381099,0.288089133710697,"AZ",2022-12-12,0,1,1,1,1,0,1,1,0,1,0,0,0,1,1,1
"157",4.0150799547331,0.275596431498654,"AZ",2022-12-13,0,1,1,0,1,1,1,1,0,0,0,0,1,0,1,1
"158",4.48413895187815,0.239949580984744,"AZ",2022-12-14,1,1,1,1,0,1,1,1,1,0,0,0,0,0,1,1
"159",3.13616144374639,0.260179511587986,"AZ",2022-12-15,1,1,1,1,1,1,0,1,1,1,0,0,0,0,0,0
"160",2.50493208215531,0.234545662181498,"AZ",2022-12-16,0,1,1,0,1,1,1,1,0,0,0,1,0,1,1,1
"161",1.71932511647286,0.296745529444327,"AZ",2022-12-17,1,1,1,0,1,1,1,1,1,1,1,0,0,1,1,1
"162",2.2080075050822,0.216209002366985,"AZ",2022-12-18,0,1,1,1,1,1,1,1,0,1,0,1,0,0,1,1
"163",5.44750037760293,0.244410976568035,"AZ",2022-12-19,1,1,1,1,1,1,0,1,0,1,0,0,0,0,0,1
"164",2.4713101552237,0.289630037960515,"AZ",2022-12-20,1,1,1,0,1,1,0,1,1,1,0,0,0,1,0,1
"165",1.93572818635534,0.256143713392747,"AZ",2022-12-21,1,1,1,1,1,1,0,1,1,1,0,0,0,1,0,1
"166",3.7038691583457,0.216527744194009,"AZ",2022-12-22,1,1,0,1,0,1,0,1,1,1,0,1,0,1,0,1
"167",2.03619694786131,0.242786648322939,"AZ",2022-12-23,1,1,1,1,1,0,1,0,1,1,0,1,0,1,1,1
"168",0.837851169179499,0.23243052175253,"AZ",2022-12-24,1,1,1,1,1,1,1,1,1,1,1,0,0,0,1,1
"169",9.08269396392875,0.309668207466952,"CA",2022-11-13,1,0,0,1,1,0,1,1,0,0,0,0,0,0,1,0
"170",8.96209496556928,0.311475257341075,"CA",2022-11-14,0,1,1,1,1,1,1,0,0,0,0,0,0,0,1,1
"171",8.15350200481829,0.309814825910036,"CA",2022-11-15,1,1,1,1,1,0,1,1,0,0,0,0,0,0,1,0
"172",11.6907438967367,0.312497922653583,"CA",2022-11-16,0,0,1,1,1,1,1,1,0,0,0,0,0,0,1,0
"173",12.5714024247725,0.307586951762805,"CA",2022-11-17,0,1,0,1,1,1,1,0,0,0,0,0,0,0,1,0
"174",14.4670812241032,0.304471722415431,"CA",2022-11-18,1,0,0,1,0,1,1,1,0,0,0,0,0,0,0,0
"175",12.376281074377,0.309294308475267,"CA",2022-11-19,1,1,0,1,0,0,1,1,0,0,0,0,0,0,1,0
"176",8.44312055100988,0.286485574948804,"CA",2022-11-20,1,1,0,1,1,0,1,1,0,0,0,0,1,0,1,0
"177",8.62138602635709,0.310446716504049,"CA",2022-11-21,1,1,1,1,1,1,1,0,0,0,0,0,0,0,1,0
"178",8.71403770699467,0.291676630389455,"CA",2022-11-22,1,1,1,1,1,0,1,1,0,1,0,0,0,0,1,0
"179",6.96100983664441,0.295562502373768,"CA",2022-11-23,1,1,1,1,1,1,1,1,1,0,0,0,0,0,1,0
"180",1.29433501136162,0.268398023371259,"CA",2022-11-24,1,1,1,1,1,1,1,1,0,0,0,0,0,0,0,0
"181",18.8205039392763,0.276046033635017,"CA",2022-11-25,1,1,0,1,0,1,1,1,0,0,0,0,0,0,0,0
"182",16.2285089562541,0.272321199480908,"CA",2022-11-26,1,1,1,1,0,0,1,1,0,0,1,0,1,0,0,0
"183",12.9391744412712,0.298274150024141,"CA",2022-11-27,1,1,1,1,1,1,1,1,1,0,0,0,0,0,0,0
"184",12.2208812218833,0.273042400439253,"CA",2022-11-28,1,1,1,1,1,1,1,1,0,0,0,0,0,0,1,0
"185",9.23243376100793,0.269128862158668,"CA",2022-11-29,1,1,1,1,1,1,1,1,0,0,0,0,0,0,1,0
"186",7.96800534460847,0.260671447945219,"CA",2022-11-30,1,0,1,1,1,1,1,1,1,0,0,0,0,0,1,1
"187",9.00320631484484,0.267425603060857,"CA",2022-12-01,0,1,1,1,1,1,1,0,0,0,0,0,0,0,0,0
"188",13.3457295665417,0.287203321844709,"CA",2022-12-02,1,0,1,0,1,1,1,1,0,1,0,0,0,0,0,0
"189",16.30782803399,0.284696166891828,"CA",2022-12-03,1,1,0,0,1,0,1,1,0,0,0,0,0,0,1,0
"190",6.43109212380728,0.271946824228425,"CA",2022-12-04,1,1,1,1,1,1,1,1,0,0,0,0,0,0,1,0
"191",16.4278705530744,0.258538099133253,"CA",2022-12-05,1,0,1,1,1,0,1,1,0,0,0,0,0,0,0,0
"192",10.3674254064201,0.245732525795511,"CA",2022-12-06,1,1,1,1,0,1,1,0,0,1,0,0,0,0,0,0
"193",17.5627998135335,0.26142773736252,"CA",2022-12-07,0,1,1,0,1,0,1,1,0,0,0,0,0,0,0,0
"194",16.5274986457688,0.236218827498583,"CA",2022-12-08,0,1,1,1,1,1,1,1,0,0,0,0,0,1,0,0
"195",18.3537700589997,0.221996304029701,"CA",2022-12-09,1,1,1,1,0,0,1,1,0,0,0,0,0,0,0,0
"196",19.1516540986856,0.2712421978324,"CA",2022-12-10,1,1,0,0,1,0,1,1,0,0,0,0,0,0,0,0
"197",13.5485879404531,0.242632005598536,"CA",2022-12-11,1,1,1,1,1,0,1,1,0,0,0,1,0,0,0,0
"198",12.9862345511249,0.229778363112602,"CA",2022-12-12,1,1,1,0,1,0,1,1,0,0,0,0,0,0,1,0
"199",13.7260248498051,0.244252198043118,"CA",2022-12-13,1,1,1,1,1,0,1,1,0,0,0,0,0,0,0,0
"200",12.9673061831006,0.27744198944887,"CA",2022-12-14,1,0,1,1,1,1,0,1,0,0,0,0,0,0,0,0
"201",15.892202325664,0.225804383906379,"CA",2022-12-15,1,1,1,1,1,0,1,1,0,0,0,0,0,0,0,0
"202",8.97766799511491,0.233729444747267,"CA",2022-12-16,1,1,1,1,1,1,1,0,0,1,1,0,0,0,0,0
"203",9.8742446019997,0.25143351672662,"CA",2022-12-17,1,1,0,0,1,0,1,1,0,1,0,0,0,0,1,1
"204",14.9489482415667,0.200935153980994,"CA",2022-12-18,1,1,1,1,0,0,1,1,1,0,0,0,1,0,0,0
"205",15.2958597190258,0.222663069178452,"CA",2022-12-19,1,1,1,0,1,0,1,1,1,0,0,0,0,0,0,0
"206",21.085298754919,0.183426482246421,"CA",2022-12-20,1,1,1,1,0,0,1,1,0,0,0,0,0,0,0,0
"207",15.8493810545729,0.222819236315299,"CA",2022-12-21,1,1,1,1,1,0,1,1,0,0,0,0,0,0,0,0
"208",21.6123551401769,0.244719183206604,"CA",2022-12-22,1,1,0,1,1,0,1,0,0,0,0,0,0,0,0,0
"209",37.0304499391563,0.219656958363082,"CA",2022-12-23,1,1,1,0,1,0,1,1,0,0,0,0,0,0,0,0
"210",12.517108720128,0.243011303437648,"CA",2022-12-24,1,1,1,0,1,1,1,0,0,1,0,0,0,0,0,1
"211",1.30238679272368,0.352820281748094,"CO",2022-11-13,1,1,1,0,0,1,1,1,1,1,0,1,0,1,1,1
"212",1.79067093369244,0.297547546752098,"CO",2022-11-14,1,0,1,1,1,1,1,1,1,0,0,0,0,1,1,1
"213",2.05881987017178,0.330367858344307,"CO",2022-11-15,0,0,1,1,1,1,1,1,0,0,0,0,0,0,1,1
"214",1.69658583568685,0.319414240155577,"CO",2022-11-16,1,0,1,1,1,1,1,0,1,0,0,0,0,1,1,0
"215",1.73768224733488,0.257422355871726,"CO",2022-11-17,1,1,0,1,1,1,1,1,1,1,0,1,0,1,1,1
"216",3.78979338550503,0.342109375368792,"CO",2022-11-18,1,1,0,1,0,1,1,1,1,0,0,1,0,1,1,1
"217",0.751917858358439,0.228107976375823,"CO",2022-11-19,1,1,1,1,1,1,1,1,1,1,0,1,0,1,1,1
"218",1.36396117378742,0.140764823315058,"CO",2022-11-20,1,1,0,1,0,1,1,1,1,1,0,1,0,1,1,1
"219",2.22382817154813,0.303818972929218,"CO",2022-11-21,1,1,0,1,0,1,1,1,1,1,0,0,0,1,1,1
"220",1.34983292804949,0.2915039692447,"CO",2022-11-22,1,1,1,1,1,0,1,1,1,1,0,1,0,0,1,1
"221",6.18627761860806,0.16833093598232,"CO",2022-11-23,1,1,0,1,0,1,1,1,1,0,0,0,0,1,1,1
"222",0.164677617321507,0.107371704745732,"CO",2022-11-24,1,1,1,1,1,1,1,1,1,1,1,1,1,1,1,1
"223",3.35737814994223,0.1664698785339,"CO",2022-11-25,1,1,0,1,0,1,1,1,1,0,0,0,0,1,1,1
"224",2.18394755272525,0.403417359773605,"CO",2022-11-26,1,1,1,1,0,0,1,1,1,1,0,1,0,0,1,1
"225",0.911080116248714,0.237882869951436,"CO",2022-11-27,1,1,1,0,1,1,1,1,1,1,1,1,1,1,1,1
"226",3.2588218089259,0.300191925891732,"CO",2022-11-28,1,1,0,1,0,1,1,1,1,1,0,0,0,1,1,1
"227",1.70625546770882,0.344659428523639,"CO",2022-11-29,1,1,1,0,1,1,1,1,1,1,0,0,0,1,1,1
"228",4.25816990060137,0.370514094602974,"CO",2022-11-30,1,1,0,1,0,0,1,1,1,0,0,0,0,0,1,1
"229",3.22542443304845,0.211432718963529,"CO",2022-12-01,1,1,0,0,1,1,1,1,1,1,0,0,0,1,1,1
"230",3.7530385732415,0.366488660419602,"CO",2022-12-02,1,1,0,1,0,1,1,1,1,0,0,0,0,1,1,1
"231",1.36057043281342,0.321781247269961,"CO",2022-12-03,1,1,0,1,1,1,1,1,1,1,0,1,0,1,1,1
"232",1.77834087963043,0.330544457424263,"CO",2022-12-04,1,1,1,1,0,0,1,1,1,1,0,0,0,0,1,1
"233",1.82399734525849,0.312363251778057,"CO",2022-12-05,1,1,1,1,1,1,1,0,1,1,0,1,0,1,1,0
"234",1.3992901836068,0.204181589829764,"CO",2022-12-06,1,1,1,1,1,1,1,1,1,1,0,1,0,1,1,1
"235",1.53274425438053,0.240310249327658,"CO",2022-12-07,1,1,0,1,1,1,1,1,1,1,1,1,1,1,1,1
"236",1.30426347138059,0.366054361193011,"CO",2022-12-08,0,1,1,1,1,1,1,1,0,1,1,1,0,1,1,1
"237",2.20624975357733,0.496238031309343,"CO",2022-12-09,1,1,0,1,0,1,1,1,1,1,0,1,0,1,1,1
"238",0.883272939945103,0.227319469930372,"CO",2022-12-10,1,1,1,1,1,1,0,1,1,1,1,1,0,1,0,1
"239",3.47739806810742,0.429447618950528,"CO",2022-12-11,1,1,0,1,0,1,1,1,1,1,0,1,0,1,1,1
"240",1.20809130602556,0.232205605551917,"CO",2022-12-12,1,1,1,1,1,1,0,0,1,1,0,0,0,1,0,0
"241",1.5637175102282,0.18801623765641,"CO",2022-12-13,1,1,1,0,1,1,1,1,1,1,0,0,0,1,1,1
"242",0.798460393973622,0.267999657877082,"CO",2022-12-14,1,1,1,0,1,1,1,1,1,1,1,0,0,1,1,1
"243",1.18756311487515,0.251847620178317,"CO",2022-12-15,1,1,0,1,1,1,1,1,1,1,0,1,0,1,1,1
"244",8.30247406155111,0.630152359474571,"CO",2022-12-16,1,1,0,1,0,1,1,1,1,1,0,1,0,1,1,1
"245",1.00627267075571,0.298828755968498,"CO",2022-12-17,1,1,0,1,1,1,1,1,1,1,0,1,0,1,1,1
"246",1.16489322841277,0.367674683089345,"CO",2022-12-18,1,1,0,1,1,1,1,1,1,1,0,0,0,1,1,1
"247",1.577712989797,0.310614659616968,"CO",2022-12-19,0,1,1,1,1,1,0,1,1,1,1,1,0,0,0,1
"248",1.61953659141248,0.359277911649084,"CO",2022-12-20,0,1,1,0,0,1,0,1,0,1,0,0,0,1,0,1
"249",1.34632063281665,0.257700813507042,"CO",2022-12-21,1,1,0,1,1,1,1,1,1,1,0,1,0,1,1,1
"250",0.635820146127455,0.372681009807887,"CO",2022-12-22,1,1,0,1,1,1,1,1,1,1,0,1,0,1,1,1
"251",1.60848858596352,0.0303763917209818,"CO",2022-12-23,1,1,1,1,0,1,1,1,1,1,1,1,1,1,1,1
"252",0.868211148585665,0.411677589175881,"CO",2022-12-24,1,1,1,0,1,1,1,1,1,1,1,0,0,1,1,1
"253",1.81056936399752,0.335731364678749,"CT",2022-11-13,1,1,1,1,0,1,1,0,1,0,0,1,0,1,1,0
"254",3.42483759800863,0.315932068873469,"CT",2022-11-14,1,0,0,1,0,0,1,1,1,0,0,0,0,0,1,1
"255",NA,NA,"CT",2022-11-15,NA,NA,NA,NA,NA,NA,NA,NA,NA,NA,NA,NA,NA,NA,NA,NA
"256",0.452773963444188,0.304129589821469,"CT",2022-11-16,1,1,1,1,1,1,1,1,1,1,0,1,0,1,1,1
"257",1.05231159624753,0.283341151571577,"CT",2022-11-17,1,1,1,1,1,1,1,1,1,0,0,1,0,1,0,1
"258",2.05109326099156,0.348662723410668,"CT",2022-11-18,1,1,0,0,0,1,1,1,1,1,0,0,0,1,1,1
"259",1.0145986404346,0.341186833491636,"CT",2022-11-19,1,1,1,1,1,1,1,1,1,1,0,1,0,0,1,1
"260",1.8347822600027,0.390608416635473,"CT",2022-11-20,0,1,1,0,1,1,0,1,0,0,0,0,0,1,0,1
"261",0.891800767114535,0.628223194452385,"CT",2022-11-21,1,1,1,1,1,0,1,1,1,1,1,1,1,0,1,0
"262",2.19189273847145,0.359000180225537,"CT",2022-11-22,1,1,0,1,1,1,1,0,1,1,0,0,0,0,0,0
"263",NA,NA,"CT",2022-11-23,NA,NA,NA,NA,NA,NA,NA,NA,NA,NA,NA,NA,NA,NA,NA,NA
"264",NA,NA,"CT",2022-11-24,NA,NA,NA,NA,NA,NA,NA,NA,NA,NA,NA,NA,NA,NA,NA,NA
"265",0.327820902665939,0.275281689721155,"CT",2022-11-25,1,1,1,1,1,1,1,1,1,1,0,1,1,0,1,1
"266",2.63307633993588,0.295581573410449,"CT",2022-11-26,1,1,1,0,0,1,0,1,1,0,0,0,0,1,0,1
"267",6.6992514755339,0.386582214184705,"CT",2022-11-27,1,1,0,1,0,1,1,1,1,0,0,1,0,0,0,1
"268",2.03049712417283,0.314245952308401,"CT",2022-11-28,1,1,1,1,1,1,1,1,1,1,1,1,0,0,0,0
"269",3.01577627056462,0.263050334592072,"CT",2022-11-29,1,1,0,1,0,1,1,1,1,1,0,1,0,0,0,1
"270",1.03086671537726,0.321149849784254,"CT",2022-11-30,1,1,1,0,1,1,1,1,1,1,0,0,1,1,1,1
"271",2.00271411722257,0.190882263198089,"CT",2022-12-01,1,1,0,1,0,1,1,1,0,1,0,1,0,0,1,1
"272",3.69918611077939,0.304104397785661,"CT",2022-12-02,0,1,1,0,0,0,1,1,1,1,1,0,0,0,0,1
"273",3.56326032758115,0.289994719210801,"CT",2022-12-03,1,1,1,1,0,0,1,1,1,1,0,0,0,0,0,1
"274",2.9619378384146,0.303224648279468,"CT",2022-12-04,1,1,0,1,0,0,1,1,1,1,0,1,0,0,0,1
"275",3.75901425730958,0.296198211310156,"CT",2022-12-05,1,1,0,1,0,1,0,0,0,1,0,1,0,0,0,0
"276",1.83771034523149,0.22645902804418,"CT",2022-12-06,1,1,1,1,0,1,1,1,1,1,0,1,0,0,0,1
"277",1.66974814825845,0.333739977993207,"CT",2022-12-07,1,1,1,1,1,1,1,0,1,0,1,0,0,0,1,0
"278",2.13033846108601,0.354999176543692,"CT",2022-12-08,1,1,1,0,1,1,0,1,1,1,0,1,0,0,0,1
"279",1.7571201449523,0.327379998929306,"CT",2022-12-09,1,1,1,1,1,1,1,1,1,0,0,0,0,0,0,1
"280",2.68517912322655,0.292533374236837,"CT",2022-12-10,1,1,0,1,0,1,0,1,1,0,0,1,0,1,0,1
"281",3.09040469612539,0.313215024745637,"CT",2022-12-11,1,1,1,1,1,1,0,1,1,1,1,0,1,1,0,1
"282",1.26565328100275,0.347739776324241,"CT",2022-12-12,1,1,1,1,1,1,0,1,1,1,0,1,1,0,0,1
"283",0.257326523697382,0.219233678770928,"CT",2022-12-13,1,1,1,1,1,1,1,1,1,1,0,1,0,1,1,1
"284",0.629629466749182,0.348789792298574,"CT",2022-12-14,1,1,1,1,1,1,0,1,1,1,1,1,1,1,1,1
"285",0.254259759161097,0.226616936653298,"CT",2022-12-15,1,1,1,1,1,1,1,1,1,1,1,1,0,0,1,1
"286",2.57322147754428,0.36827367317792,"CT",2022-12-16,1,1,0,1,1,1,0,1,1,1,0,1,1,0,0,1
"287",7.77975778679331,0.415794861445297,"CT",2022-12-17,1,1,1,1,0,0,0,1,1,1,0,1,0,0,0,1
"288",6.2499976693893,0.393665819448951,"CT",2022-12-18,1,1,1,1,0,0,0,1,1,0,0,1,0,0,0,1
"289",6.83345137779569,0.368904978494171,"CT",2022-12-19,1,1,1,1,1,0,0,1,1,1,0,1,0,0,0,0
"290",0.905944907356101,0.425302485705555,"CT",2022-12-20,1,1,1,1,1,1,0,1,1,1,1,1,0,1,0,1
"291",NA,NA,"CT",2022-12-21,NA,NA,NA,NA,NA,NA,NA,NA,NA,NA,NA,NA,NA,NA,NA,NA
"292",NA,NA,"CT",2022-12-22,NA,NA,NA,NA,NA,NA,NA,NA,NA,NA,NA,NA,NA,NA,NA,NA
"293",4.64431094164148,0.361746217932908,"CT",2022-12-23,1,1,1,1,1,0,0,1,1,0,0,0,1,0,0,1
"294",1.10476235329628,0.427768434151157,"CT",2022-12-24,1,1,1,1,0,1,1,1,1,1,1,1,0,0,0,1
"295",1.94507728530335,0.108369081556175,"DC",2022-11-13,1,1,0,1,0,1,1,1,1,1,0,1,0,1,1,1
"296",0.558370476182146,0.177345353594711,"DC",2022-11-14,1,1,1,1,1,1,1,1,1,1,1,1,0,1,1,0
"297",0.700083623832015,0.293111917403168,"DC",2022-11-15,1,1,1,1,1,1,1,1,1,1,1,1,1,1,1,1
"298",1.16849583127386,0.380037953378396,"DC",2022-11-16,1,1,1,0,1,1,1,1,1,0,0,0,0,1,1,1
"299",0.35305567731897,0.19340442928594,"DC",2022-11-17,1,1,1,1,1,1,1,1,1,1,0,1,0,1,1,1
"300",1.62766930873263,0.323026410139363,"DC",2022-11-18,1,0,0,1,0,1,1,1,1,0,0,1,0,0,0,1
"301",1.68586869102792,0.259497048079949,"DC",2022-11-19,1,1,0,1,1,0,1,1,1,1,0,1,0,0,1,1
"302",1.81927375217619,0.343955975683141,"DC",2022-11-20,1,1,1,1,0,0,1,1,1,1,0,1,0,0,1,1
"303",0.464931159377289,0.313215063620721,"DC",2022-11-21,1,1,1,1,1,1,1,1,1,1,0,1,0,1,1,1
"304",0.833252972045309,0.290156035833971,"DC",2022-11-22,1,1,1,0,1,1,1,1,1,1,1,0,0,1,1,1
"305",0.996270522179785,0.269307624964162,"DC",2022-11-23,1,1,1,0,1,1,1,1,1,0,0,0,0,1,1,1
"306",NA,NA,"DC",2022-11-24,NA,NA,NA,NA,NA,NA,NA,NA,NA,NA,NA,NA,NA,NA,NA,NA
"307",0.800400612003026,0.125567624737332,"DC",2022-11-25,1,1,1,1,1,1,1,1,1,1,1,1,0,0,1,0
"308",0.83697102131223,0.155345759653592,"DC",2022-11-26,1,1,1,1,1,1,1,1,1,1,0,1,1,1,0,1
"309",6.38281226631931,0.438406581979101,"DC",2022-11-27,1,0,0,1,0,1,1,0,1,0,0,0,0,1,1,0
"310",1.74794216083781,0.114356119132605,"DC",2022-11-28,1,1,0,1,0,1,1,1,1,1,0,0,0,0,1,1
"311",0.784900283614886,0.209966282877132,"DC",2022-11-29,1,1,1,0,1,1,1,1,1,0,1,0,1,1,1,1
"312",1.60504374732872,0.419077384695906,"DC",2022-11-30,1,1,0,1,0,0,1,1,1,0,0,1,0,1,0,1
"313",1.12755842983652,0.24936363637598,"DC",2022-12-01,1,0,1,1,1,1,1,1,1,0,0,1,0,0,1,1
"314",1.22243805696114,0.335104248705905,"DC",2022-12-02,1,1,1,1,1,1,0,1,1,1,1,1,0,0,0,1
"315",1.12104730071566,0.134126475304399,"DC",2022-12-03,1,1,1,0,1,1,1,1,1,1,0,0,0,1,1,1
"316",0.952168679922081,0.0428180084950953,"DC",2022-12-04,1,1,1,1,0,1,1,1,1,1,0,1,0,1,1,1
"317",2.78120416395085,0.570632819521633,"DC",2022-12-05,1,1,0,1,0,0,1,1,1,1,0,1,0,0,0,1
"318",2.39142655274137,0.589638420455605,"DC",2022-12-06,1,1,1,1,0,0,0,1,1,1,1,1,0,0,0,1
"319",1.57641796150961,0.0397896269461445,"DC",2022-12-07,1,1,1,1,0,1,1,1,0,1,1,1,0,1,1,1
"320",1.25518049351189,0.159602225863181,"DC",2022-12-08,1,1,1,0,1,1,1,1,1,1,0,0,0,0,1,1
"321",0.867487893681387,0.196681140847318,"DC",2022-12-09,1,1,0,1,1,1,1,1,1,1,0,1,0,0,1,1
"322",1.69065809304178,0.340808277681159,"DC",2022-12-10,1,1,1,0,0,1,1,1,1,0,0,0,0,1,1,1
"323",1.27251938380092,0.401215599237364,"DC",2022-12-11,1,1,1,0,0,0,1,1,1,1,0,0,0,1,0,1
"324",2.1375386792887,0.334292495558347,"DC",2022-12-12,1,1,0,1,0,1,0,1,1,1,0,0,1,0,0,1
"325",1.39678159882163,0.295804588393898,"DC",2022-12-13,1,1,1,0,1,1,0,1,1,0,0,0,0,0,0,1
"326",0.853516993085672,0.210549186183616,"DC",2022-12-14,1,1,1,1,1,1,0,1,1,0,1,1,0,1,0,1
"327",2.09671761500537,0.346240341271903,"DC",2022-12-15,1,1,0,1,0,1,0,1,1,1,0,0,0,0,0,1
"328",1.55114705716295,0.237160859817135,"DC",2022-12-16,1,1,1,1,1,1,0,1,1,0,1,0,0,1,0,1
"329",2.12696816450616,0.306362700186608,"DC",2022-12-17,1,1,1,1,1,0,1,1,1,1,1,1,0,0,0,1
"330",2.37921151370793,0.518083711259597,"DC",2022-12-18,1,1,1,0,0,1,0,0,1,1,0,0,0,0,0,0
"331",1.1619419785042,0.23594220073501,"DC",2022-12-19,1,1,1,0,1,1,0,1,1,1,1,0,1,0,1,1
"332",4.85002397680252,0.398615327287989,"DC",2022-12-20,1,1,1,1,0,1,0,1,1,1,0,1,0,0,0,1
"333",3.95792953928853,0.396178410839882,"DC",2022-12-21,1,0,1,1,0,0,0,1,1,0,0,1,0,0,0,0
"334",3.62561114365042,0.361709092400369,"DC",2022-12-22,1,1,1,1,0,1,0,1,1,1,0,1,0,0,0,1
"335",1.58119315364481,0.32866067515618,"DC",2022-12-23,1,1,1,1,1,1,0,1,1,1,0,1,0,1,0,1
"336",0.450707170798152,0.0385779476680797,"DC",2022-12-24,1,1,1,1,1,1,1,1,1,1,1,1,1,1,1,1
"337",0.405039083720682,0.255895088034865,"DE",2022-11-13,1,1,1,1,1,1,1,1,1,0,0,1,1,1,1,1
"338",0.946389968217672,0.445555379183127,"DE",2022-11-14,1,0,1,1,1,1,1,1,1,0,1,1,0,1,1,1
"339",0.336033122895159,0.228092603291238,"DE",2022-11-15,1,1,1,1,1,1,1,1,1,1,0,1,0,1,1,1
"340",1.2741055439761,0.290315459973956,"DE",2022-11-16,1,1,1,1,1,1,1,1,1,0,1,1,1,1,1,0
"341",0.889838795128599,0.267523429724421,"DE",2022-11-17,1,1,1,1,1,1,1,1,1,1,1,1,1,1,1,1
"342",0.984283687305189,0.701822118142568,"DE",2022-11-18,0,1,1,1,1,1,1,1,0,1,1,1,0,1,1,1
"343",1.08210365140376,0.17052365746731,"DE",2022-11-19,1,1,1,1,0,1,1,1,1,1,0,1,0,1,1,1
"344",1.27017647485138,0.321066937131513,"DE",2022-11-20,1,1,0,1,1,1,1,1,1,0,0,1,0,1,1,1
"345",0.53058306028402,0.394951526845354,"DE",2022-11-21,1,1,1,1,1,1,1,1,1,1,1,1,1,1,1,1
"346",0.213833177580845,0.13368581741798,"DE",2022-11-22,1,1,1,1,1,1,1,1,1,1,1,1,1,1,1,1
"347",NA,NA,"DE",2022-11-23,NA,NA,NA,NA,NA,NA,NA,NA,NA,NA,NA,NA,NA,NA,NA,NA
"348",NA,NA,"DE",2022-11-24,NA,NA,NA,NA,NA,NA,NA,NA,NA,NA,NA,NA,NA,NA,NA,NA
"349",0.628352301818435,0.177067079756252,"DE",2022-11-25,1,1,1,1,1,1,1,1,1,1,0,1,0,1,1,1
"350",0.804785392656183,0.297361985089317,"DE",2022-11-26,1,0,1,1,1,1,1,1,1,0,0,1,0,1,1,1
"351",1.36816823291848,0.319630075878025,"DE",2022-11-27,1,1,1,0,1,1,1,1,1,1,1,0,0,1,1,1
"352",1.52488172951349,0.128328714934068,"DE",2022-11-28,1,1,1,1,0,1,1,1,1,1,0,0,0,1,1,1
"353",NA,NA,"DE",2022-11-29,NA,NA,NA,NA,NA,NA,NA,NA,NA,NA,NA,NA,NA,NA,NA,NA
"354",NA,NA,"DE",2022-11-30,NA,NA,NA,NA,NA,NA,NA,NA,NA,NA,NA,NA,NA,NA,NA,NA
"355",1.42798953218484,0.36583444220128,"DE",2022-12-01,0,1,1,1,0,1,1,1,0,1,0,0,0,1,1,1
"356",1.36951402271761,0.108112460712484,"DE",2022-12-02,1,1,1,1,0,1,1,1,1,1,0,1,0,1,1,1
"357",0.889119721263988,0.294113909252107,"DE",2022-12-03,1,1,1,1,1,1,0,1,1,1,1,0,1,1,0,1
"358",0.991144762848668,0.343406540370785,"DE",2022-12-04,1,1,0,1,1,1,1,1,1,1,1,1,1,1,1,1
"359",0.72786679196518,0.246057612488527,"DE",2022-12-05,1,1,1,1,1,1,1,1,1,1,0,1,0,1,1,1
"360",0.223235843784896,0.0350873002165729,"DE",2022-12-06,1,1,1,1,1,1,1,1,1,1,1,1,1,1,1,1
"361",0.447736439272199,0.141797044042105,"DE",2022-12-07,1,1,1,1,1,1,1,1,1,1,1,1,1,1,1,1
"362",0.0603916849307924,0.0287143923596443,"DE",2022-12-08,1,1,1,1,1,1,1,1,1,1,1,1,1,1,1,1
"363",2.87037414832775,0.482786019514265,"DE",2022-12-09,1,0,0,0,0,1,1,1,1,0,0,0,0,1,1,1
"364",0.875125624882556,0.226025809779378,"DE",2022-12-10,1,1,1,1,1,1,1,0,1,1,0,1,0,1,1,0
"365",2.52559911325613,0.634128830452239,"DE",2022-12-11,1,1,1,1,0,1,0,0,1,1,0,1,0,1,0,0
"366",0.874046493826034,0.242952953467762,"DE",2022-12-12,1,1,1,1,1,1,0,1,1,1,1,0,1,1,0,1
"367",0.723395944010063,0.394663775024366,"DE",2022-12-13,1,1,0,1,1,1,1,1,1,1,0,1,0,1,1,1
"368",0.506443845642067,0.207788528050456,"DE",2022-12-14,1,1,1,1,1,1,1,1,1,1,0,1,0,1,1,1
"369",1.03631896489609,0.237149956729729,"DE",2022-12-15,1,1,0,1,1,1,1,1,1,1,0,1,0,1,1,1
"370",1.70944925342126,0.250415996037581,"DE",2022-12-16,1,1,1,1,1,1,0,1,1,1,0,1,0,1,0,1
"371",1.38868115137101,0.25797465471069,"DE",2022-12-17,1,0,0,1,1,1,1,1,1,0,0,1,0,1,1,1
"372",2.98129791734569,0.423678486005843,"DE",2022-12-18,1,0,0,1,0,0,1,1,1,0,1,0,0,0,1,1
"373",2.11710100244263,0.316540021218356,"DE",2022-12-19,1,1,0,1,0,1,0,1,1,1,1,1,0,1,0,1
"374",0.117394199459295,0.00996854099132065,"DE",2022-12-20,1,1,1,1,1,1,1,1,1,1,1,1,1,1,1,1
"375",1.30488672828813,0.435814690979295,"DE",2022-12-21,1,1,0,1,0,1,0,1,1,1,1,0,1,1,0,1
"376",1.10332406553109,0.254324663608932,"DE",2022-12-22,1,1,1,1,1,1,1,0,1,1,1,0,1,1,1,0
"377",1.84322283293223,0.322509749125942,"DE",2022-12-23,1,1,1,1,0,0,0,0,0,1,0,1,0,0,0,0
"378",1.29130499411068,0.441566776860258,"DE",2022-12-24,1,1,0,1,0,1,0,1,1,1,0,1,1,1,0,1
"379",1.17691733669692,0.301460397716136,"FL",2022-11-13,0,1,1,1,1,1,1,1,0,1,0,1,0,1,1,1
"380",7.69939714771777,0.310109398572121,"FL",2022-11-14,1,1,0,1,0,1,1,0,1,1,0,0,1,0,1,0
"381",4.19088429878718,0.293671440149714,"FL",2022-11-15,1,0,0,1,1,1,1,1,1,0,0,0,0,0,1,0
"382",8.62370052458778,0.273426450811495,"FL",2022-11-16,1,1,0,1,0,1,1,1,1,1,0,1,0,1,1,1
"383",3.29635191931581,0.316114474107382,"FL",2022-11-17,1,0,1,1,1,1,1,1,1,0,0,0,0,0,1,0
"384",2.00088112038575,0.292313088246649,"FL",2022-11-18,1,1,1,1,1,1,1,1,1,0,0,1,0,0,1,1
"385",1.52742376522918,0.281582983369645,"FL",2022-11-19,1,1,1,1,1,1,1,0,1,1,0,0,0,0,1,0
"386",2.47117318706054,0.229114497905106,"FL",2022-11-20,1,1,1,1,0,1,1,1,1,0,0,0,0,1,0,1
"387",6.81325806108053,0.258327409910606,"FL",2022-11-21,1,1,1,1,0,0,1,1,1,0,0,1,0,0,1,1
"388",4.67298321880138,0.268548754336447,"FL",2022-11-22,1,1,0,1,0,1,1,1,1,1,0,1,1,0,1,1
"389",3.31062378069572,0.294916607505706,"FL",2022-11-23,1,1,0,1,1,1,1,1,1,1,0,0,0,0,0,1
"390",0.885039743329882,0.145991560578289,"FL",2022-11-24,1,1,1,1,0,1,1,1,1,1,0,0,0,1,1,1
"391",4.97622561474546,0.262820008959275,"FL",2022-11-25,1,1,0,1,1,0,1,1,1,1,0,0,0,0,1,1
"392",2.65157842570034,0.264859573433282,"FL",2022-11-26,1,1,1,1,1,0,1,1,1,1,0,1,1,0,1,0
"393",2.93129593249098,0.273751227811221,"FL",2022-11-27,1,1,1,1,1,1,1,1,1,1,0,0,0,1,1,1
"394",10.9005535455643,0.286982718177247,"FL",2022-11-28,1,1,0,1,0,1,1,1,1,1,0,0,0,1,0,0
"395",4.86962230865294,0.251595525411726,"FL",2022-11-29,0,1,1,1,1,1,1,1,0,0,0,0,0,0,1,1
"396",4.98775445676895,0.276483615739442,"FL",2022-11-30,1,1,1,0,1,1,0,0,1,1,0,0,0,0,0,0
"397",3.7621461756844,0.258127518031875,"FL",2022-12-01,1,1,1,1,1,1,1,0,0,0,0,0,0,0,1,0
"398",4.52331842658895,0.237350932174097,"FL",2022-12-02,1,1,1,1,1,1,1,0,1,1,0,0,0,0,1,0
"399",2.73005492021553,0.274870178562572,"FL",2022-12-03,1,1,1,0,1,1,1,0,1,0,0,0,0,0,1,0
"400",7.56840838266477,0.173474164331767,"FL",2022-12-04,1,1,0,0,0,1,1,1,0,1,0,0,0,1,1,0
"401",2.45380073513679,0.299001513884222,"FL",2022-12-05,1,1,1,1,1,0,1,1,0,1,0,0,0,0,1,1
"402",4.75652360378667,0.253849179205673,"FL",2022-12-06,0,1,1,1,1,0,1,0,0,0,0,1,0,0,1,0
"403",3.04147305109772,0.247407343524765,"FL",2022-12-07,1,1,1,1,1,1,0,1,1,1,0,0,0,0,0,0
"404",13.3415908330978,0.176605255813562,"FL",2022-12-08,1,1,0,0,0,1,1,1,1,0,0,0,0,0,0,1
"405",4.58744410037479,0.226670486961484,"FL",2022-12-09,1,1,1,1,1,0,1,0,0,0,0,0,0,0,1,0
"406",3.2942402643931,0.214016628339387,"FL",2022-12-10,1,1,1,1,1,0,0,1,1,1,0,0,0,0,0,1
"407",0.525521394618788,0.181520397410603,"FL",2022-12-11,1,1,1,1,1,1,1,1,1,1,1,0,0,1,1,1
"408",5.11218150853619,0.354577881756945,"FL",2022-12-12,1,0,0,1,0,0,0,0,0,1,0,0,0,0,0,0
"409",5.99576256708612,0.224387904307462,"FL",2022-12-13,1,1,1,1,0,0,0,0,1,1,0,0,0,0,1,0
"410",5.72034177896021,0.297239661134504,"FL",2022-12-14,1,1,0,0,1,0,0,1,0,1,0,0,0,0,0,0
"411",6.55556903775305,0.225199444640044,"FL",2022-12-15,1,0,0,0,0,0,1,1,1,1,0,0,0,0,0,0
"412",3.12974295530967,0.157780257778859,"FL",2022-12-16,1,1,0,1,0,1,0,1,1,1,0,1,0,0,0,1
"413",3.20608307345289,0.251563714187383,"FL",2022-12-17,1,1,1,0,1,0,0,0,1,1,1,0,0,0,0,1
"414",0.993237335252473,0.17378963496543,"FL",2022-12-18,1,1,1,1,1,1,1,1,1,1,0,1,0,0,0,1
"415",2.00198524092188,0.285616202929259,"FL",2022-12-19,1,1,1,1,1,1,0,1,0,0,0,0,0,1,0,1
"416",3.10286986016952,0.269643083820456,"FL",2022-12-20,1,1,1,1,1,1,0,0,0,1,0,0,0,0,0,0
"417",16.4123295438902,0.256796017657282,"FL",2022-12-21,1,1,1,0,1,0,0,1,0,0,0,0,0,0,0,0
"418",11.4133872235365,0.284068119446392,"FL",2022-12-22,1,1,0,1,1,0,0,0,1,1,0,0,0,0,0,0
"419",13.0198616466415,0.256722192399472,"FL",2022-12-23,1,1,1,0,0,0,1,0,1,1,0,1,0,0,0,0
"420",0.7178354111774,0.138365416386099,"FL",2022-12-24,1,1,1,1,0,1,1,1,1,1,1,1,0,0,1,1
"421",3.6308813387559,0.389023768803668,"GA",2022-11-13,1,0,1,1,0,0,1,1,1,1,0,0,0,0,0,1
"422",2.04093906373481,0.322402193952563,"GA",2022-11-14,1,1,1,1,1,1,1,1,0,1,0,0,0,0,1,1
"423",2.18481287057087,0.300289901385655,"GA",2022-11-15,1,1,1,1,1,1,1,0,1,0,0,0,0,0,1,0
"424",2.39144395174752,0.281245813353776,"GA",2022-11-16,1,1,1,1,1,1,1,1,1,1,0,0,0,0,0,0
"425",1.4123377930973,0.318662371356852,"GA",2022-11-17,1,1,1,1,1,1,1,1,1,0,0,0,0,1,1,1
"426",6.7014829821776,0.33629131889831,"GA",2022-11-18,1,1,0,0,0,1,1,1,0,0,0,0,0,0,1,1
"427",1.18613979147168,0.304596552292482,"GA",2022-11-19,1,1,1,1,1,1,1,1,1,1,1,0,0,1,1,1
"428",2.87627745548177,0.394117283852073,"GA",2022-11-20,1,0,1,1,0,1,1,0,1,0,0,0,1,1,1,0
"429",10.7128840018687,0.278799529774186,"GA",2022-11-21,1,1,0,0,0,1,0,1,1,0,0,0,0,0,0,1
"430",2.26169911367293,0.317804195342842,"GA",2022-11-22,1,1,1,0,1,1,1,1,1,0,0,0,0,0,1,0
"431",4.52416971291418,0.271127844005815,"GA",2022-11-23,1,0,1,0,0,1,0,1,0,1,0,0,0,1,1,0
"432",0.95925433722412,0.326989386433889,"GA",2022-11-24,1,1,1,0,1,1,1,1,1,1,0,0,0,1,1,1
"433",6.6659032443359,0.305251154412472,"GA",2022-11-25,1,1,0,1,0,1,0,0,0,1,0,1,0,0,0,0
"434",2.57852985025802,0.299788121215477,"GA",2022-11-26,1,1,1,0,1,1,1,0,1,0,0,1,1,0,1,0
"435",2.15707066007656,0.279575665672976,"GA",2022-11-27,1,1,1,1,1,1,1,1,1,0,0,0,0,0,1,1
"436",4.014047897716,0.365842572513027,"GA",2022-11-28,1,1,1,1,1,0,1,0,1,0,0,1,0,0,0,0
"437",5.3765623703566,0.28661346044611,"GA",2022-11-29,1,1,1,0,0,1,1,0,1,0,0,0,0,0,0,1
"438",7.38189188388455,0.248053999059494,"GA",2022-11-30,1,1,1,1,0,0,1,1,1,1,0,1,0,0,1,1
"439",5.95655786982683,0.264329975774098,"GA",2022-12-01,1,1,1,1,0,1,1,1,1,0,0,0,0,0,0,0
"440",6.40761991487746,0.302358298686987,"GA",2022-12-02,1,1,0,0,0,1,1,1,1,0,0,0,0,0,1,0
"441",0.883462286723195,0.195541576741736,"GA",2022-12-03,1,1,1,1,0,1,1,1,1,0,0,0,0,1,1,1
"442",3.36003104550404,0.248880906006139,"GA",2022-12-04,0,1,0,1,0,1,1,1,0,1,0,0,0,1,1,1
"443",2.76564055193595,0.275315616191067,"GA",2022-12-05,1,1,1,0,0,1,1,0,1,0,0,0,0,1,0,0
"444",6.2785329376929,0.256245212190793,"GA",2022-12-06,1,1,1,1,0,1,1,1,0,0,0,0,0,0,0,0
"445",3.69056860113555,0.274134523194154,"GA",2022-12-07,1,1,1,1,0,1,1,1,0,0,0,0,0,1,0,1
"446",4.97967823691407,0.259411954312221,"GA",2022-12-08,1,1,0,0,0,1,1,1,1,0,0,0,0,0,1,1
"447",8.77576015507787,0.249568397962063,"GA",2022-12-09,1,1,0,1,0,1,1,1,0,0,0,0,0,0,0,1
"448",4.21217791037385,0.213853171900241,"GA",2022-12-10,1,1,0,1,0,1,1,0,1,1,0,0,0,0,1,0
"449",1.92248826203346,0.27274192545355,"GA",2022-12-11,0,1,1,1,1,1,1,1,0,1,0,0,0,0,0,1
"450",5.33029399466829,0.250886872606886,"GA",2022-12-12,1,1,1,1,0,1,1,1,1,0,0,1,0,0,0,1
"451",2.01271126820486,0.2826340524899,"GA",2022-12-13,1,1,1,1,1,1,1,1,1,0,1,0,0,1,0,1
"452",4.97423679428659,0.17617097142589,"GA",2022-12-14,1,1,0,1,0,1,1,0,1,1,0,0,0,1,1,0
"453",12.5446913074996,0.199685018232852,"GA",2022-12-15,1,1,0,1,0,0,1,1,1,0,0,0,0,0,0,1
"454",4.99371787039372,0.221506785087093,"GA",2022-12-16,1,1,0,1,0,1,1,1,0,1,0,0,0,1,0,1
"455",0.99149052627002,0.305882384454552,"GA",2022-12-17,1,1,1,1,1,1,1,0,1,1,0,1,0,0,1,0
"456",6.15947789083634,0.213129591338399,"GA",2022-12-18,1,1,1,0,0,1,1,1,1,1,0,0,0,1,0,0
"457",6.59682961336016,0.239300528220943,"GA",2022-12-19,1,1,1,1,0,1,1,1,1,0,0,1,0,0,1,0
"458",3.87723699126544,0.301468123189457,"GA",2022-12-20,1,1,1,0,1,1,0,0,0,1,0,0,0,1,0,1
"459",1.63692708723944,0.325566797762854,"GA",2022-12-21,1,1,1,1,1,1,1,1,1,0,0,0,0,0,1,1
"460",7.77097348341765,0.213054235127485,"GA",2022-12-22,1,1,0,0,0,0,1,1,1,1,0,0,0,0,0,1
"461",11.2465590855395,0.199792434502761,"GA",2022-12-23,1,1,0,1,0,0,1,1,1,0,0,0,0,0,0,0
"462",2.12542349056187,0.245210526990658,"GA",2022-12-24,1,1,1,1,0,1,1,1,0,0,1,1,1,0,0,1
"463",NA,NA,"HI",2022-11-13,NA,NA,NA,NA,NA,NA,NA,NA,NA,NA,NA,NA,NA,NA,NA,NA
"464",0.33447915674608,0.248828832488227,"HI",2022-11-14,1,1,1,1,1,1,1,1,1,1,1,1,0,1,1,0
"465",0.775552688286471,0.387514873610023,"HI",2022-11-15,1,1,1,0,1,1,1,1,1,1,0,0,1,1,1,1
"466",0.749552121265335,0.226821558882381,"HI",2022-11-16,1,1,1,1,0,1,1,1,1,1,1,0,0,1,1,0
"467",1.19706935741756,0.216463033967644,"HI",2022-11-17,1,1,0,1,0,1,1,1,1,1,0,1,0,1,1,1
"468",0.960568344096093,0.679399785783283,"HI",2022-11-18,1,1,1,1,1,0,1,1,1,1,1,1,0,0,1,1
"469",0.492015023982445,0.320627603220485,"HI",2022-11-19,1,1,1,1,1,1,1,1,1,1,0,1,0,1,1,1
"470",NA,NA,"HI",2022-11-20,NA,NA,NA,NA,NA,NA,NA,NA,NA,NA,NA,NA,NA,NA,NA,NA
"471",NA,NA,"HI",2022-11-21,NA,NA,NA,NA,NA,NA,NA,NA,NA,NA,NA,NA,NA,NA,NA,NA
"472",NA,NA,"HI",2022-11-22,NA,NA,NA,NA,NA,NA,NA,NA,NA,NA,NA,NA,NA,NA,NA,NA
"473",1.38258028839194,0.339900372417741,"HI",2022-11-23,1,1,1,0,1,1,1,1,1,1,0,1,0,1,1,1
"474",NA,NA,"HI",2022-11-24,NA,NA,NA,NA,NA,NA,NA,NA,NA,NA,NA,NA,NA,NA,NA,NA
"475",1.27165597899276,0.182959298304036,"HI",2022-11-25,1,1,1,1,0,1,1,1,1,1,0,1,0,1,1,1
"476",1.31515315989107,0.237312335920178,"HI",2022-11-26,1,1,1,1,1,1,1,1,0,1,0,1,0,1,1,1
"477",1.22525286648478,0.553789751000751,"HI",2022-11-27,1,0,1,1,0,1,1,1,1,0,1,1,0,1,1,1
"478",0.156158012978932,0.129227902676325,"HI",2022-11-28,1,1,1,1,1,1,1,1,1,1,1,1,1,1,1,1
"479",NA,NA,"HI",2022-11-29,NA,NA,NA,NA,NA,NA,NA,NA,NA,NA,NA,NA,NA,NA,NA,NA
"480",NA,NA,"HI",2022-11-30,NA,NA,NA,NA,NA,NA,NA,NA,NA,NA,NA,NA,NA,NA,NA,NA
"481",2.97996371987605,0.112901198723487,"HI",2022-12-01,1,1,0,1,0,1,1,1,1,1,0,0,0,1,1,1
"482",0.340797689929934,0.226454751769232,"HI",2022-12-02,1,1,1,1,1,1,1,1,1,1,0,1,1,1,0,1
"483",1.89409634801721,0.493059198200377,"HI",2022-12-03,1,1,1,0,0,1,1,1,1,1,0,0,1,1,1,1
"484",0.851499967691479,0.153877177295768,"HI",2022-12-04,1,1,1,1,1,1,1,1,0,1,0,0,0,1,1,1
"485",NA,NA,"HI",2022-12-05,NA,NA,NA,NA,NA,NA,NA,NA,NA,NA,NA,NA,NA,NA,NA,NA
"486",1.16354975511935,0.363705889905359,"HI",2022-12-06,1,1,0,1,1,1,1,1,1,0,0,1,0,1,1,1
"487",0.382739378815887,0.22793224064958,"HI",2022-12-07,1,1,1,1,1,1,1,1,1,1,0,1,0,1,1,1
"488",0.470857324486694,0.170784913901531,"HI",2022-12-08,1,1,1,1,1,1,1,1,1,1,0,0,0,1,0,1
"489",0.52182255529108,0.302811645220426,"HI",2022-12-09,1,1,1,1,1,1,1,1,1,1,1,1,1,1,1,1
"490",0.951421011562136,0.21169933626269,"HI",2022-12-10,0,1,1,1,1,1,1,1,0,1,0,1,0,1,0,1
"491",0.596176983517737,0.152764855628172,"HI",2022-12-11,1,1,1,1,1,1,1,1,1,1,1,1,1,1,1,1
"492",0.548659381100858,0.309578918653737,"HI",2022-12-12,1,1,1,1,1,1,1,1,1,1,1,1,1,1,1,1
"493",1.01468923649818,0.730384316569427,"HI",2022-12-13,1,1,1,0,1,1,1,1,1,1,1,0,0,1,1,1
"494",0.0930674286763312,0.0681979678097809,"HI",2022-12-14,1,1,1,1,1,1,1,1,1,1,1,1,1,1,1,1
"495",0.433829429226539,0.0661013228383627,"HI",2022-12-15,1,1,1,1,1,1,1,1,1,1,1,1,0,1,0,1
"496",0.0873015527040981,0.0641535488513346,"HI",2022-12-16,1,1,1,1,1,1,1,1,0,1,1,1,0,1,1,1
"497",NA,NA,"HI",2022-12-17,NA,NA,NA,NA,NA,NA,NA,NA,NA,NA,NA,NA,NA,NA,NA,NA
"498",NA,NA,"HI",2022-12-18,NA,NA,NA,NA,NA,NA,NA,NA,NA,NA,NA,NA,NA,NA,NA,NA
"499",NA,NA,"HI",2022-12-19,NA,NA,NA,NA,NA,NA,NA,NA,NA,NA,NA,NA,NA,NA,NA,NA
"500",0.804989489658061,0.405761553141973,"HI",2022-12-20,1,1,1,1,1,1,0,1,1,1,1,1,0,1,0,1
"501",0.927003927645165,0.302992737342362,"HI",2022-12-21,1,1,1,0,1,1,1,1,0,1,1,0,0,1,0,1
"502",1.25591736003333,0.408634717818868,"HI",2022-12-22,0,1,1,0,1,1,1,1,0,1,0,0,1,1,0,1
"503",0.801425018504952,0.229154573949505,"HI",2022-12-23,1,1,1,0,1,1,1,1,1,1,0,0,0,1,0,1
"504",NA,NA,"HI",2022-12-24,NA,NA,NA,NA,NA,NA,NA,NA,NA,NA,NA,NA,NA,NA,NA,NA
"505",1.01744660498602,0.180555748077983,"IA",2022-11-13,1,1,1,1,1,1,1,1,0,1,0,0,0,1,1,1
"506",2.48521239756458,0.151633207621301,"IA",2022-11-14,1,0,0,1,1,1,1,1,1,0,0,1,0,1,1,1
"507",1.18820560282939,0.217514154800723,"IA",2022-11-15,1,1,1,1,1,1,1,1,1,1,0,0,0,1,0,1
"508",2.29314562929258,0.221519229639983,"IA",2022-11-16,0,1,1,1,0,0,1,1,0,0,0,0,0,0,1,1
"509",2.66741174716367,0.164467572692933,"IA",2022-11-17,1,0,0,1,1,1,1,1,1,0,0,0,0,1,1,1
"510",2.3184770756588,0.315877617863825,"IA",2022-11-18,1,0,1,0,1,1,1,1,1,0,0,0,0,0,1,1
"511",1.88694940174842,0.307909234433927,"IA",2022-11-19,1,0,1,1,1,1,1,1,1,0,1,0,0,1,1,1
"512",2.02054685878757,0.323473337015864,"IA",2022-11-20,1,0,1,1,1,1,1,1,1,0,0,0,0,1,1,1
"513",3.6285778162335,0.20370178358592,"IA",2022-11-21,1,0,0,1,0,1,1,1,1,0,1,1,0,1,1,0
"514",2.14028228663613,0.311002236443107,"IA",2022-11-22,1,1,1,0,1,1,1,0,1,0,0,0,0,1,1,0
"515",1.55255034209098,0.282817266963219,"IA",2022-11-23,1,1,1,1,1,1,1,1,1,0,0,1,0,1,1,0
"516",1.02352818507026,0.325296924481592,"IA",2022-11-24,1,1,1,0,1,1,1,1,1,0,0,0,1,1,1,1
"517",3.54328432439662,0.346669766130073,"IA",2022-11-25,1,0,0,1,1,1,1,0,1,0,0,1,0,1,1,0
"518",0.45397168874909,0.20462907867681,"IA",2022-11-26,1,1,1,1,1,1,1,1,1,1,0,1,0,1,1,1
"519",1.09490021394761,0.264740145932786,"IA",2022-11-27,1,1,1,1,1,0,1,1,1,1,0,0,0,0,1,1
"520",2.25397639632513,0.270930429575578,"IA",2022-11-28,1,0,1,1,1,1,1,0,0,0,0,0,0,0,1,0
"521",1.60306774162853,0.256132748468498,"IA",2022-11-29,1,1,1,1,1,1,1,1,1,0,0,1,0,1,1,1
"522",1.37406648487115,0.240778126637756,"IA",2022-11-30,1,1,1,1,1,1,1,1,1,1,0,0,0,0,1,1
"523",1.56235972118843,0.272064041579781,"IA",2022-12-01,1,1,1,1,1,1,1,1,1,0,0,1,0,1,1,1
"524",2.30443986769301,0.313599720208862,"IA",2022-12-02,1,0,1,1,1,1,1,1,1,0,0,0,0,1,1,1
"525",1.45365361577368,0.278615232437067,"IA",2022-12-03,1,1,1,1,1,1,1,1,1,0,0,0,0,1,1,1
"526",2.18024141598871,0.228130093311311,"IA",2022-12-04,1,1,0,1,0,1,1,1,0,0,0,1,0,1,1,1
"527",1.7592627068442,0.307694844620842,"IA",2022-12-05,1,1,1,1,1,1,1,1,1,0,0,1,0,1,1,1
"528",3.04545739984678,0.357792855245991,"IA",2022-12-06,1,0,1,1,1,1,1,0,0,0,1,0,1,1,1,0
"529",2.72053129287734,0.30780941454322,"IA",2022-12-07,1,1,0,1,0,1,1,0,1,1,0,1,0,1,1,0
"530",3.26793396228209,0.259416249471621,"IA",2022-12-08,1,1,0,1,1,1,1,1,1,1,0,1,0,1,1,1
"531",2.61930728107808,0.333135359807703,"IA",2022-12-09,1,1,1,1,1,0,1,1,1,1,0,1,1,0,1,1
"532",2.70112704312738,0.323599627718968,"IA",2022-12-10,1,1,0,0,0,1,1,1,1,1,0,0,0,0,1,1
"533",1.15902498570569,0.207145926187307,"IA",2022-12-11,1,1,1,1,0,1,1,1,0,1,0,1,0,1,1,1
"534",3.45274480012512,0.288768355550352,"IA",2022-12-12,1,1,0,1,1,1,1,1,1,0,0,0,0,0,1,1
"535",3.555594947274,0.270795440047546,"IA",2022-12-13,1,1,0,1,1,1,1,1,1,1,0,1,0,0,1,0
"536",4.35357029840633,0.3080421952929,"IA",2022-12-14,1,1,0,1,0,1,1,1,1,0,1,1,1,0,1,1
"537",1.53500187645291,0.305524474690367,"IA",2022-12-15,1,1,1,1,1,1,1,1,1,0,1,0,1,0,1,0
"538",2.53758003793187,0.298731645692891,"IA",2022-12-16,1,1,1,1,1,1,0,1,0,1,0,1,0,0,0,1
"539",5.32161827622742,0.367870920289536,"IA",2022-12-17,1,1,0,1,0,1,1,0,1,1,0,0,0,0,1,0
"540",1.13670440627796,0.249749446680539,"IA",2022-12-18,1,1,1,1,1,1,1,1,0,1,0,0,0,0,1,1
"541",3.29129911218971,0.300693405424876,"IA",2022-12-19,1,1,1,1,1,1,1,1,1,1,0,0,0,0,0,1
"542",1.65503191397736,0.223280631329189,"IA",2022-12-20,1,1,1,1,1,1,1,1,1,1,0,0,0,1,1,0
"543",1.35927717069816,0.254702290579055,"IA",2022-12-21,1,1,1,1,1,1,0,1,1,0,0,1,0,1,0,1
"544",1.2459935276775,0.423753981547183,"IA",2022-12-22,1,1,1,1,1,0,0,1,0,1,1,1,0,0,0,1
"545",1.49175114626592,0.326927858270621,"IA",2022-12-23,1,1,0,1,1,1,1,1,1,1,1,1,1,1,1,1
"546",3.49914489660177,0.42332602584794,"IA",2022-12-24,1,1,0,1,0,1,1,1,0,1,0,1,0,0,1,1
"547",NA,NA,"ID",2022-11-13,NA,NA,NA,NA,NA,NA,NA,NA,NA,NA,NA,NA,NA,NA,NA,NA
"548",0.399690006120806,0.197819636268982,"ID",2022-11-14,1,1,1,1,1,1,1,1,1,1,1,0,0,1,1,1
"549",1.07226247487094,0.312160091974651,"ID",2022-11-15,1,1,1,1,0,1,1,1,1,1,0,1,0,1,1,1
"550",0.297078293775734,0.225983209694929,"ID",2022-11-16,1,1,1,1,1,1,1,1,1,1,1,1,1,1,1,1
"551",0.546787656687876,0.424482777124698,"ID",2022-11-17,1,1,1,1,1,1,1,1,1,1,0,1,0,1,1,1
"552",1.97705462135795,0.359133690304514,"ID",2022-11-18,1,1,0,1,0,1,1,1,1,1,0,1,0,1,1,1
"553",0.6143559091062,0.136436862437656,"ID",2022-11-19,1,1,1,1,1,1,1,1,1,1,0,0,0,1,1,1
"554",NA,NA,"ID",2022-11-20,NA,NA,NA,NA,NA,NA,NA,NA,NA,NA,NA,NA,NA,NA,NA,NA
"555",0.999363384898157,0.309849345610178,"ID",2022-11-21,1,1,1,1,1,1,1,0,1,1,0,1,0,1,1,0
"556",1.35680857976106,0.282683541069739,"ID",2022-11-22,1,1,1,0,0,1,1,1,1,0,1,0,1,1,1,1
"557",NA,NA,"ID",2022-11-23,NA,NA,NA,NA,NA,NA,NA,NA,NA,NA,NA,NA,NA,NA,NA,NA
"558",NA,NA,"ID",2022-11-24,NA,NA,NA,NA,NA,NA,NA,NA,NA,NA,NA,NA,NA,NA,NA,NA
"559",NA,NA,"ID",2022-11-25,NA,NA,NA,NA,NA,NA,NA,NA,NA,NA,NA,NA,NA,NA,NA,NA
"560",0.242337163369982,0.261405286209979,"ID",2022-11-26,1,1,1,1,1,1,1,1,1,1,0,1,0,1,1,1
"561",0.411192058491676,0.233062651307559,"ID",2022-11-27,1,1,1,1,1,1,1,1,1,1,1,1,1,1,1,1
"562",1.85263851390085,0.184553352212374,"ID",2022-11-28,1,1,0,1,0,1,1,1,1,1,0,0,0,1,1,1
"563",1.14544254311674,0.367050603883499,"ID",2022-11-29,1,1,1,0,1,1,1,1,1,1,0,0,1,1,1,1
"564",0.37358559829303,0.196584207808832,"ID",2022-11-30,1,1,1,1,1,1,1,1,1,1,1,1,1,1,1,1
"565",NA,NA,"ID",2022-12-01,NA,NA,NA,NA,NA,NA,NA,NA,NA,NA,NA,NA,NA,NA,NA,NA
"566",0.773465433604882,0.279050504480593,"ID",2022-12-02,1,1,1,1,1,1,1,1,1,1,0,0,0,1,1,1
"567",0.446054442573746,0.255122526948973,"ID",2022-12-03,1,1,1,1,1,1,1,1,1,1,0,1,0,1,1,1
"568",0.793546855463479,0.28709623291124,"ID",2022-12-04,1,1,1,1,0,1,1,1,1,1,0,1,0,1,1,1
"569",0.717230685155387,0.279584966603706,"ID",2022-12-05,1,1,1,1,1,1,1,1,1,1,0,1,0,1,1,1
"570",0.740318344417606,0.250214370632288,"ID",2022-12-06,1,1,1,1,1,1,1,1,1,1,0,1,0,1,1,1
"571",0.871112272915804,0.395864398277746,"ID",2022-12-07,1,0,1,1,1,1,1,1,1,0,1,1,0,1,1,1
"572",1.26628708642189,0.252181520940229,"ID",2022-12-08,1,1,0,1,1,1,1,1,1,1,0,1,0,1,1,1
"573",NA,NA,"ID",2022-12-09,NA,NA,NA,NA,NA,NA,NA,NA,NA,NA,NA,NA,NA,NA,NA,NA
"574",NA,NA,"ID",2022-12-10,NA,NA,NA,NA,NA,NA,NA,NA,NA,NA,NA,NA,NA,NA,NA,NA
"575",NA,NA,"ID",2022-12-11,NA,NA,NA,NA,NA,NA,NA,NA,NA,NA,NA,NA,NA,NA,NA,NA
"576",0.489867639686164,0.278218381505459,"ID",2022-12-12,1,1,1,1,1,1,1,1,1,1,0,1,0,1,1,1
"577",0.828863939689328,0.235793695816756,"ID",2022-12-13,1,1,1,1,1,1,1,1,1,1,0,1,0,1,1,1
"578",0.224645971632105,0.216928555696553,"ID",2022-12-14,1,1,1,1,1,1,1,1,1,1,0,1,0,1,1,1
"579",2.47460229056688,0.300290393017124,"ID",2022-12-15,1,1,0,1,0,1,1,1,1,1,0,1,0,1,1,1
"580",0.974365595462576,0.684384931894609,"ID",2022-12-16,1,0,1,1,1,1,1,1,1,0,1,0,1,1,1,1
"581",NA,NA,"ID",2022-12-17,NA,NA,NA,NA,NA,NA,NA,NA,NA,NA,NA,NA,NA,NA,NA,NA
"582",NA,NA,"ID",2022-12-18,NA,NA,NA,NA,NA,NA,NA,NA,NA,NA,NA,NA,NA,NA,NA,NA
"583",0.498819290668669,0.187386847512746,"ID",2022-12-19,1,1,1,1,1,1,1,1,1,1,1,1,1,1,1,1
"584",0.590179094600297,0.336801643644239,"ID",2022-12-20,1,1,1,1,1,1,1,1,1,1,0,1,0,1,1,1
"585",NA,NA,"ID",2022-12-21,NA,NA,NA,NA,NA,NA,NA,NA,NA,NA,NA,NA,NA,NA,NA,NA
"586",NA,NA,"ID",2022-12-22,NA,NA,NA,NA,NA,NA,NA,NA,NA,NA,NA,NA,NA,NA,NA,NA
"587",0.194973819475023,0.167264921206037,"ID",2022-12-23,1,1,1,1,1,1,1,1,1,1,1,1,1,1,1,1
"588",0.184934345681823,0.16276367183677,"ID",2022-12-24,1,1,1,1,1,1,1,1,1,1,1,1,1,1,1,1
"589",2.05441602524905,0.298062255452913,"IL",2022-11-13,1,1,1,1,1,1,1,1,0,0,0,0,0,0,1,1
"590",3.30677085195028,0.302424520430054,"IL",2022-11-14,1,1,1,1,1,1,1,1,1,0,0,0,0,0,1,1
"591",4.06057789019141,0.338370504103857,"IL",2022-11-15,0,1,1,1,1,1,1,0,0,0,0,0,0,0,1,0
"592",3.63251814655846,0.304595156337087,"IL",2022-11-16,0,1,1,1,1,1,1,1,0,0,0,0,0,1,1,1
"593",3.64244139948138,0.325824309497133,"IL",2022-11-17,1,1,1,1,1,0,1,1,1,0,0,0,0,0,1,0
"594",2.72280189927086,0.285547410519481,"IL",2022-11-18,1,0,1,1,1,1,1,1,0,1,0,0,0,1,1,0
"595",2.32793649182885,0.293550459866197,"IL",2022-11-19,1,1,1,1,1,1,1,0,0,0,0,0,0,0,1,0
"596",2.4017449296578,0.292805532783851,"IL",2022-11-20,1,0,1,1,1,1,1,1,0,0,0,0,0,0,1,1
"597",2.60675251100391,0.315268238932822,"IL",2022-11-21,1,1,0,1,1,1,1,0,0,0,0,0,1,1,1,0
"598",7.0360882135552,0.332677545965529,"IL",2022-11-22,1,1,0,1,0,1,1,0,0,0,0,0,0,0,1,0
"599",9.05652011408436,0.272956828443165,"IL",2022-11-23,1,0,0,1,0,1,1,0,0,0,0,0,0,0,1,0
"600",3.2275332610419,0.336441197911401,"IL",2022-11-24,1,1,0,1,0,1,1,1,1,0,0,1,0,1,1,1
"601",4.4479184371387,0.327828340515379,"IL",2022-11-25,0,0,1,1,1,1,1,1,0,0,0,0,0,0,1,0
"602",4.45407255742562,0.30295900225234,"IL",2022-11-26,1,1,0,1,1,1,1,1,1,0,0,0,0,0,1,0
"603",3.63082406193067,0.296749364325859,"IL",2022-11-27,1,0,1,1,1,1,0,1,0,0,0,0,0,0,0,0
"604",6.37061322870054,0.296433088338905,"IL",2022-11-28,1,1,1,0,1,1,1,0,0,0,0,0,0,0,1,0
"605",5.68351167433243,0.322872786958181,"IL",2022-11-29,1,1,1,1,0,1,1,0,0,0,0,0,0,0,1,0
"606",5.80479377767454,0.29510080503554,"IL",2022-11-30,1,1,0,1,1,1,1,0,1,0,0,0,0,1,1,0
"607",5.65134456158895,0.27656323800714,"IL",2022-12-01,1,1,1,0,1,1,1,1,0,0,0,0,0,0,1,0
"608",4.4006711890583,0.308823237426508,"IL",2022-12-02,1,1,1,1,1,1,1,1,0,1,0,0,0,0,1,0
"609",2.98261239266948,0.260754935903677,"IL",2022-12-03,1,0,1,1,1,1,1,1,0,0,0,0,0,0,1,1
"610",2.67130437030455,0.288850218896761,"IL",2022-12-04,1,1,1,1,1,1,0,1,0,0,0,0,0,0,0,1
"611",9.96009011463749,0.362916279423502,"IL",2022-12-05,1,1,0,1,0,1,0,0,1,0,0,0,0,0,0,0
"612",3.38389211178805,0.268992265554014,"IL",2022-12-06,1,1,1,1,1,1,1,1,0,0,0,0,0,1,1,0
"613",8.04688936937353,0.230182426141691,"IL",2022-12-07,0,1,1,0,0,0,1,1,0,1,0,0,0,0,0,0
"614",7.57655722127054,0.279424051964749,"IL",2022-12-08,1,1,0,0,1,1,1,1,0,0,0,0,0,0,1,0
"615",3.34274522890181,0.259638925455277,"IL",2022-12-09,1,1,1,1,1,1,1,0,0,0,0,0,1,0,1,0
"616",3.41515497590875,0.241804790613858,"IL",2022-12-10,1,1,1,1,1,0,1,0,1,0,0,0,0,0,0,0
"617",8.49455633264258,0.308146359280891,"IL",2022-12-11,1,1,0,1,0,1,1,1,1,1,0,0,0,1,0,1
"618",7.32621739998832,0.243554293270339,"IL",2022-12-12,0,1,1,0,1,1,1,1,1,0,0,0,0,0,0,0
"619",2.94493349661333,0.227456267788393,"IL",2022-12-13,1,1,1,1,1,1,1,1,0,0,0,1,0,0,0,0
"620",4.58703806377585,0.2190848547787,"IL",2022-12-14,1,1,1,1,0,1,1,1,0,0,0,0,0,1,1,1
"621",7.70726564630158,0.234954827462456,"IL",2022-12-15,1,1,0,0,1,1,1,1,1,0,0,0,0,1,1,0
"622",5.50574118564089,0.32192575888795,"IL",2022-12-16,1,1,0,1,0,1,1,0,1,1,0,1,0,0,0,0
"623",4.20138695762951,0.258996785876129,"IL",2022-12-17,1,0,1,0,1,1,1,1,0,0,0,0,0,1,0,0
"624",6.66748217412043,0.246179987209269,"IL",2022-12-18,1,1,0,1,1,0,1,1,1,0,0,0,0,1,0,0
"625",9.06314081558129,0.217411091238139,"IL",2022-12-19,1,1,0,0,1,0,1,0,0,1,0,0,0,0,1,0
"626",6.1403928536804,0.270618623386396,"IL",2022-12-20,1,1,0,0,1,1,0,1,1,0,0,0,0,0,0,1
"627",4.69995409015554,0.242278680681196,"IL",2022-12-21,1,1,0,1,1,0,1,0,0,0,0,0,0,1,0,0
"628",3.8600586458253,0.258756936845309,"IL",2022-12-22,1,1,0,1,1,1,1,1,0,1,0,0,0,0,0,0
"629",2.92845205070383,0.2278405077155,"IL",2022-12-23,1,0,1,0,1,1,1,0,0,0,0,0,0,1,0,0
"630",2.33569041907285,0.303037285906246,"IL",2022-12-24,1,1,0,1,1,1,1,1,1,1,0,1,0,0,1,1
"631",1.26344158126113,0.305647852191217,"IN",2022-11-13,0,1,1,0,1,1,1,1,0,1,0,0,0,1,1,1
"632",1.82156926251786,0.270851473637049,"IN",2022-11-14,1,1,1,1,0,1,1,1,1,0,0,1,0,1,1,1
"633",1.50532865311131,0.279557785581092,"IN",2022-11-15,1,1,1,0,1,1,1,1,1,0,0,0,0,1,1,1
"634",3.37082663294789,0.297590995081212,"IN",2022-11-16,1,1,0,1,0,1,1,1,1,0,1,1,0,1,1,1
"635",1.49085957442053,0.252893991278355,"IN",2022-11-17,1,1,1,1,1,1,1,1,1,0,1,0,0,1,1,1
"636",1.34394776561827,0.287142411930505,"IN",2022-11-18,1,1,1,1,1,1,1,1,1,0,0,1,1,1,1,1
"637",0.800322531710012,0.259235974033496,"IN",2022-11-19,1,1,1,1,1,1,1,1,1,1,0,1,0,0,1,1
"638",0.726437278819456,0.300135110103989,"IN",2022-11-20,1,1,1,1,1,1,1,1,1,0,1,1,0,1,1,1
"639",1.52193019115735,0.294793297318543,"IN",2022-11-21,0,1,1,1,1,1,1,1,0,0,0,0,0,1,1,1
"640",2.70629950391155,0.261197538032049,"IN",2022-11-22,1,1,0,1,1,1,1,1,1,0,0,1,1,1,1,1
"641",1.80989748988272,0.278067355500677,"IN",2022-11-23,1,1,1,1,1,1,1,1,0,0,0,0,0,1,1,1
"642",NA,NA,"IN",2022-11-24,NA,NA,NA,NA,NA,NA,NA,NA,NA,NA,NA,NA,NA,NA,NA,NA
"643",2.44625787301431,0.308022245331781,"IN",2022-11-25,0,0,1,1,1,1,1,1,0,0,0,0,0,1,1,1
"644",1.13736672255248,0.252751571740294,"IN",2022-11-26,1,1,1,1,1,1,1,1,0,1,0,0,0,1,1,1
"645",1.92859599880756,0.305441067654293,"IN",2022-11-27,1,1,1,1,1,1,1,0,1,0,0,0,0,1,1,0
"646",3.00854550359223,0.305410543037446,"IN",2022-11-28,0,0,1,0,1,1,1,1,0,1,1,1,0,0,1,1
"647",4.82987499558646,0.32589217837536,"IN",2022-11-29,1,1,0,1,0,0,1,0,1,0,0,0,0,0,1,0
"648",1.90618404478193,0.291375195716343,"IN",2022-11-30,1,1,1,1,1,1,1,0,1,1,0,0,0,1,1,0
"649",2.44549796840377,0.266162769912326,"IN",2022-12-01,1,1,1,1,1,1,1,1,1,1,1,0,0,1,1,0
"650",5.37063380572208,0.335108271476174,"IN",2022-12-02,0,1,0,1,1,0,1,0,0,0,0,0,0,0,1,0
"651",0.901544459026373,0.246217855421725,"IN",2022-12-03,1,1,1,1,1,1,1,1,1,1,1,1,1,1,1,1
"652",5.8781012031073,0.257331335167942,"IN",2022-12-04,1,1,0,1,0,1,0,1,1,0,0,0,0,0,0,1
"653",2.00714595639109,0.304828569960096,"IN",2022-12-05,0,1,1,1,1,1,0,1,0,1,0,0,0,1,0,1
"654",4.71913819746077,0.318120908808367,"IN",2022-12-06,1,1,1,0,0,1,1,0,0,1,0,0,0,0,1,0
"655",5.2562126133402,0.327053134744196,"IN",2022-12-07,1,1,0,1,0,0,1,1,1,0,0,0,0,0,1,1
"656",4.69365295574164,0.33649292231822,"IN",2022-12-08,1,1,1,0,1,0,1,1,0,0,0,0,0,0,1,1
"657",2.04533086884484,0.304865820944989,"IN",2022-12-09,1,1,1,1,1,1,1,0,1,0,0,0,0,1,1,0
"658",2.09062496935129,0.311109301284569,"IN",2022-12-10,1,0,1,1,1,1,0,1,0,0,0,0,1,0,0,1
"659",4.19332113899157,0.204545549573576,"IN",2022-12-11,0,1,0,1,0,1,1,1,1,1,0,0,0,1,1,1
"660",3.37371177843067,0.295852844851806,"IN",2022-12-12,1,1,1,0,1,1,0,1,1,1,0,0,0,1,0,1
"661",2.01720006282556,0.242241965810639,"IN",2022-12-13,1,1,1,1,1,1,1,0,1,0,0,0,0,1,1,0
"662",2.88842402184309,0.263461125717777,"IN",2022-12-14,1,1,1,1,1,1,1,0,0,1,0,0,0,0,1,0
"663",4.89093629969115,0.251396791591888,"IN",2022-12-15,0,1,0,0,1,0,1,0,0,0,0,0,0,0,1,1
"664",3.15887734342029,0.218070629273004,"IN",2022-12-16,1,1,0,1,0,1,0,1,0,0,0,0,0,0,0,1
"665",2.06784124873,0.220557142275396,"IN",2022-12-17,1,1,1,1,1,1,1,0,1,1,0,1,1,0,1,0
"666",2.17430287212484,0.308078388288273,"IN",2022-12-18,1,1,1,1,1,0,1,1,1,1,0,0,0,1,1,1
"667",2.99166517751888,0.254138550143446,"IN",2022-12-19,1,1,1,0,1,1,0,0,0,1,1,0,0,0,0,0
"668",2.94740324674392,0.283063243340579,"IN",2022-12-20,0,1,1,1,1,1,0,1,0,1,0,1,0,0,0,1
"669",4.34279374186194,0.354302490848001,"IN",2022-12-21,1,1,1,0,0,0,1,1,0,1,0,0,0,0,1,1
"670",2.27454244710474,0.363601839099041,"IN",2022-12-22,1,1,1,0,0,1,1,1,1,1,0,0,0,0,1,1
"671",2.57104901448066,0.409783973751476,"IN",2022-12-23,1,1,1,0,1,1,1,1,1,1,0,0,0,1,1,1
"672",1.96126862121448,0.692828879250603,"IN",2022-12-24,1,1,1,1,0,0,0,1,1,1,0,1,0,0,0,1
"673",0.32197509001254,0.277255775770882,"KS",2022-11-13,1,1,1,1,1,1,1,1,1,1,0,1,0,1,1,1
"674",1.28566389194039,0.357646791177321,"KS",2022-11-14,1,0,1,1,1,1,1,1,1,0,0,0,1,1,1,1
"675",0.911785607475545,0.224233829711914,"KS",2022-11-15,1,1,1,1,1,1,1,1,1,0,0,0,0,1,1,1
"676",0.8941934862653,0.296195207985714,"KS",2022-11-16,1,1,1,1,1,1,1,1,1,0,0,1,1,1,1,1
"677",1.48022859320687,0.33992622653603,"KS",2022-11-17,1,1,1,0,1,1,1,1,1,0,0,0,0,1,1,1
"678",1.86944016152261,0.267758517416798,"KS",2022-11-18,1,1,0,1,0,1,1,1,0,1,0,0,0,1,1,1
"679",1.68314814643343,0.293881454743599,"KS",2022-11-19,1,1,0,1,0,1,1,1,0,0,1,0,0,1,1,1
"680",0.738573235340615,0.267855331952345,"KS",2022-11-20,1,1,1,1,1,1,1,1,1,1,0,0,0,1,1,1
"681",1.28639530259391,0.283438451489794,"KS",2022-11-21,1,1,1,1,1,1,1,1,1,0,0,1,0,1,1,0
"682",1.25744563877781,0.342587710617089,"KS",2022-11-22,0,1,1,1,1,0,1,1,0,1,1,0,1,0,1,1
"683",0.239431607595489,0.257633919146601,"KS",2022-11-23,1,1,1,1,1,1,1,1,1,1,0,1,0,1,1,1
"684",NA,NA,"KS",2022-11-24,NA,NA,NA,NA,NA,NA,NA,NA,NA,NA,NA,NA,NA,NA,NA,NA
"685",2.78582101104649,0.274129641935824,"KS",2022-11-25,1,1,0,1,0,1,1,1,1,0,0,1,0,1,1,1
"686",1.12682241658872,0.233652668335006,"KS",2022-11-26,1,1,1,1,0,1,1,1,1,1,0,1,0,1,1,1
"687",0.847949153843661,0.246312830530839,"KS",2022-11-27,1,1,1,1,1,1,1,1,1,0,1,0,0,1,1,1
"688",3.06614350966492,0.322136368621531,"KS",2022-11-28,1,1,0,1,0,0,1,1,1,0,0,1,0,0,1,1
"689",1.6773774085982,0.217998789086192,"KS",2022-11-29,1,1,1,1,0,1,1,1,1,1,0,0,0,1,1,1
"690",2.30692939053401,0.347538729073831,"KS",2022-11-30,1,0,0,1,0,1,1,1,1,0,0,1,0,1,1,1
"691",0.287728852224416,0.268412540037132,"KS",2022-12-01,1,1,1,1,1,1,1,1,1,1,0,0,1,1,1,1
"692",2.69898908489055,0.391171810946343,"KS",2022-12-02,1,1,0,1,0,1,1,1,1,1,0,1,0,1,1,1
"693",1.75124355297882,0.175098545710495,"KS",2022-12-03,1,1,1,1,0,1,1,1,1,1,0,1,0,1,1,1
"694",0.834860655988156,0.403759717182998,"KS",2022-12-04,1,1,1,0,1,1,1,1,1,1,1,0,1,1,1,0
"695",3.642767586901,0.380155315094157,"KS",2022-12-05,1,1,0,1,0,1,1,0,1,0,0,0,0,1,1,1
"696",1.21689707522225,0.201144920232809,"KS",2022-12-06,1,1,1,1,1,1,1,1,1,0,0,1,0,1,1,0
"697",2.62555697699228,0.391687387869115,"KS",2022-12-07,1,0,1,1,0,1,1,1,1,0,0,0,0,1,1,1
"698",1.04855639538263,0.316653304285976,"KS",2022-12-08,1,0,1,1,1,1,1,1,1,0,0,1,0,1,1,1
"699",0.402185766407276,0.196907944657536,"KS",2022-12-09,1,1,1,1,1,1,1,1,1,0,1,0,0,1,1,1
"700",1.34448555092113,0.323752802057301,"KS",2022-12-10,1,1,1,1,1,0,1,1,1,1,0,1,0,0,1,1
"701",NA,NA,"KS",2022-12-11,NA,NA,NA,NA,NA,NA,NA,NA,NA,NA,NA,NA,NA,NA,NA,NA
"702",1.13842502080016,0.242324453181438,"KS",2022-12-12,1,1,1,1,1,1,1,1,1,1,0,0,0,1,1,0
"703",0.916616356521967,0.17149542936504,"KS",2022-12-13,1,1,1,1,1,1,1,1,1,1,0,0,0,1,1,1
"704",0.759356530772756,0.0761410570773628,"KS",2022-12-14,1,1,1,1,1,1,1,1,0,1,0,0,0,1,1,1
"705",1.20207768390626,0.254753715690665,"KS",2022-12-15,1,1,0,1,1,1,1,1,1,1,0,0,0,1,1,1
"706",0.0889713853709369,0.0694129098432975,"KS",2022-12-16,1,1,1,1,1,1,1,1,1,1,1,1,1,1,1,1
"707",0.888081974250255,0.236934209614757,"KS",2022-12-17,1,1,1,1,1,1,1,0,1,1,0,1,0,1,1,0
"708",0.909311821657472,0.214958946848135,"KS",2022-12-18,1,1,1,1,1,1,1,0,1,1,0,1,0,1,1,0
"709",3.00401183495924,0.354679449201409,"KS",2022-12-19,0,1,0,1,0,1,1,0,0,1,0,0,0,1,1,0
"710",0.486133236845855,0.167820383895429,"KS",2022-12-20,1,1,1,1,1,1,1,1,1,1,0,1,0,1,1,1
"711",0.681553968003973,0.136303023715937,"KS",2022-12-21,1,1,1,1,1,1,1,1,1,1,0,1,0,1,1,1
"712",0.742927573527871,0.276352008722566,"KS",2022-12-22,1,1,1,0,1,1,1,1,1,1,0,0,1,1,1,1
"713",NA,NA,"KS",2022-12-23,NA,NA,NA,NA,NA,NA,NA,NA,NA,NA,NA,NA,NA,NA,NA,NA
"714",2.29490721144007,0.656658619277479,"KS",2022-12-24,1,1,0,0,0,1,1,1,1,0,0,0,0,1,1,1
"715",0.140057644129447,0.0890548935144711,"KY",2022-11-13,1,1,1,1,1,1,1,1,1,1,0,1,0,1,1,1
"716",1.76164153053441,0.323862577227009,"KY",2022-11-14,1,1,0,1,0,1,1,1,1,0,0,1,0,1,1,1
"717",0.36828494662059,0.195448385666762,"KY",2022-11-15,1,1,1,1,1,1,1,1,1,1,0,1,0,1,1,1
"718",0.894411106612526,0.41982799727955,"KY",2022-11-16,1,0,1,1,1,1,1,1,1,0,0,1,0,1,1,1
"719",0.390108568099515,0.197733267134105,"KY",2022-11-17,1,1,1,1,1,1,1,1,1,0,1,1,0,1,1,1
"720",0.488433542248764,0.226722691078872,"KY",2022-11-18,1,1,1,1,1,1,1,1,1,1,0,1,0,1,1,1
"721",0.589205521712276,0.43484086008721,"KY",2022-11-19,1,1,1,1,1,1,1,1,1,1,0,1,0,1,1,1
"722",NA,NA,"KY",2022-11-20,NA,NA,NA,NA,NA,NA,NA,NA,NA,NA,NA,NA,NA,NA,NA,NA
"723",0.561907354046225,0.136220337318919,"KY",2022-11-21,1,1,1,1,1,1,1,1,1,0,0,1,0,1,1,1
"724",0.699215807360602,0.270572202233916,"KY",2022-11-22,1,1,1,1,1,1,1,1,1,1,0,1,0,1,1,1
"725",0.900514712796369,0.291612610448184,"KY",2022-11-23,1,1,1,1,0,1,1,1,1,1,0,1,0,1,1,1
"726",NA,NA,"KY",2022-11-24,NA,NA,NA,NA,NA,NA,NA,NA,NA,NA,NA,NA,NA,NA,NA,NA
"727",1.18555115484679,0.32875166545224,"KY",2022-11-25,1,1,1,0,1,0,1,1,1,1,0,1,0,0,1,1
"728",0.751714196770111,0.261962403422684,"KY",2022-11-26,1,1,1,1,1,1,1,1,1,1,0,1,0,1,1,1
"729",1.37401749211674,0.271467697707111,"KY",2022-11-27,1,1,1,1,1,1,1,1,1,1,0,1,0,1,1,1
"730",2.70627867862017,0.25742386205655,"KY",2022-11-28,1,1,0,1,0,1,1,0,1,0,0,1,0,0,1,0
"731",4.14109162901189,0.556025558410697,"KY",2022-11-29,0,0,0,0,1,0,1,1,0,0,0,0,0,0,1,1
"732",2.25312105848138,0.311647209008713,"KY",2022-11-30,1,1,1,1,0,0,1,1,1,0,0,1,0,1,1,0
"733",0.882311524289831,0.252568838666817,"KY",2022-12-01,1,1,1,1,1,1,1,1,1,1,0,1,0,1,1,1
"734",3.54976332329662,0.331576806134043,"KY",2022-12-02,1,1,0,1,0,1,1,1,1,1,0,0,0,1,1,1
"735",0.660166939862063,0.256865276811781,"KY",2022-12-03,1,1,1,1,1,1,1,1,1,1,1,1,1,1,1,1
"736",0.799200174305749,0.258400296045355,"KY",2022-12-04,1,1,1,1,0,1,1,1,1,1,1,1,1,1,1,1
"737",2.8963680378616,0.332597926963761,"KY",2022-12-05,1,1,0,1,0,0,1,1,1,1,0,0,0,0,1,1
"738",3.06056509885092,0.272903618792236,"KY",2022-12-06,1,1,0,1,0,1,1,0,1,1,0,1,0,1,1,0
"739",1.66732798720497,0.272209117433141,"KY",2022-12-07,1,1,0,1,0,1,1,1,1,1,0,1,0,1,1,1
"740",0.948903481162442,0.256541871092794,"KY",2022-12-08,1,1,1,1,1,1,1,1,1,1,0,1,0,1,1,1
"741",1.29570555589849,0.225762745037804,"KY",2022-12-09,1,1,1,1,0,1,1,1,0,1,1,0,0,1,1,1
"742",0.926376701902256,0.429885399511764,"KY",2022-12-10,1,1,1,0,1,1,1,1,1,1,1,0,0,1,1,1
"743",1.62150667359244,0.549884522269028,"KY",2022-12-11,1,1,1,0,0,0,1,1,1,1,0,0,0,0,1,1
"744",1.06593743809854,0.28041490645259,"KY",2022-12-12,1,1,1,1,1,1,1,1,1,1,0,0,0,1,1,1
"745",1.5376537982501,0.672099752499007,"KY",2022-12-13,0,1,1,0,0,1,1,1,0,1,0,0,0,1,1,1
"746",0.938175155555309,0.170071596336344,"KY",2022-12-14,1,1,1,1,0,1,1,1,1,1,0,1,0,1,1,1
"747",1.42475648256926,0.262553875925979,"KY",2022-12-15,1,1,0,1,1,0,1,1,1,1,0,0,0,0,1,1
"748",0.882562084708653,0.213163567651593,"KY",2022-12-16,1,1,1,1,1,1,1,1,1,1,0,0,1,1,1,1
"749",0.50230139988096,0.150988375506904,"KY",2022-12-17,1,1,1,1,1,1,1,1,1,1,1,1,1,1,1,1
"750",1.0632829783527,0.351514592580968,"KY",2022-12-18,1,1,1,0,1,1,1,1,1,1,1,0,0,1,1,1
"751",4.61663465375681,0.33231674253656,"KY",2022-12-19,1,1,0,1,0,1,0,1,1,1,0,1,0,1,0,1
"752",0.58862806151237,0.25007386537142,"KY",2022-12-20,1,1,1,1,1,1,1,1,1,1,0,1,0,1,1,1
"753",2.12385391630343,0.453936722835186,"KY",2022-12-21,1,0,1,1,0,0,1,1,1,0,0,0,0,0,1,1
"754",1.40079203348064,0.291066675619641,"KY",2022-12-22,1,1,1,1,1,1,0,1,1,1,0,1,0,1,0,1
"755",NA,NA,"KY",2022-12-23,NA,NA,NA,NA,NA,NA,NA,NA,NA,NA,NA,NA,NA,NA,NA,NA
"756",0.981596865396342,0.663691073113922,"KY",2022-12-24,1,1,1,0,1,1,1,1,1,1,1,0,0,1,1,1
"757",0.525015696175494,0.275832666659309,"LA",2022-11-13,1,1,1,1,1,1,1,1,1,1,1,1,1,1,1,1
"758",1.26987188144808,0.236039080031949,"LA",2022-11-14,1,1,0,1,1,1,1,1,1,1,1,1,0,0,1,1
"759",1.41983513728851,0.241099415536094,"LA",2022-11-15,1,1,0,1,1,1,1,1,1,1,1,1,1,1,1,1
"760",2.5515763443898,0.244018348298993,"LA",2022-11-16,1,1,0,1,0,1,1,1,1,1,0,1,0,0,1,1
"761",1.13791329224835,0.299383460268125,"LA",2022-11-17,0,1,1,1,1,1,1,1,0,0,0,1,0,1,1,1
"762",0.872594653057937,0.400323539429553,"LA",2022-11-18,0,1,1,1,1,1,1,1,0,1,1,1,0,1,1,1
"763",NA,NA,"LA",2022-11-19,NA,NA,NA,NA,NA,NA,NA,NA,NA,NA,NA,NA,NA,NA,NA,NA
"764",NA,NA,"LA",2022-11-20,NA,NA,NA,NA,NA,NA,NA,NA,NA,NA,NA,NA,NA,NA,NA,NA
"765",1.706083109516,0.403631926928515,"LA",2022-11-21,1,1,0,0,1,1,1,0,1,1,0,0,0,1,1,0
"766",0.458566893334684,0.289966310233849,"LA",2022-11-22,1,1,1,1,1,1,1,1,1,1,0,1,0,1,1,1
"767",2.32219029384963,0.298058494326579,"LA",2022-11-23,1,1,0,1,0,1,1,1,1,1,0,1,0,1,1,1
"768",0.269864078496149,0.213095306480868,"LA",2022-11-24,1,1,1,1,1,1,1,1,1,1,0,1,0,1,1,1
"769",0.351257120228755,0.242426801563642,"LA",2022-11-25,1,1,1,1,1,1,1,1,1,1,1,1,1,1,1,1
"770",0.794418934992498,0.384226843043725,"LA",2022-11-26,1,1,1,0,1,1,1,1,1,1,0,0,1,1,1,1
"771",0.636040062557836,0.195305427613076,"LA",2022-11-27,1,1,1,1,1,1,1,1,1,1,0,1,0,1,1,1
"772",1.04066434360948,0.303652864202616,"LA",2022-11-28,1,1,1,1,1,1,1,1,1,1,1,0,0,1,1,1
"773",1.13642434841623,0.364603339234799,"LA",2022-11-29,1,0,1,0,1,1,1,1,1,0,0,0,1,1,1,1
"774",1.2122758893292,0.208541280982682,"LA",2022-11-30,1,1,1,1,0,1,1,1,1,0,0,1,0,1,1,1
"775",0.908141747638281,0.315043564941255,"LA",2022-12-01,1,1,1,1,1,1,1,0,1,1,1,0,0,0,1,0
"776",1.211621953535,0.301034070481105,"LA",2022-12-02,1,1,0,1,1,0,1,1,1,1,1,1,0,0,1,1
"777",0.215393479398992,0.168561393463335,"LA",2022-12-03,1,1,1,1,1,1,1,1,1,1,1,1,1,1,1,1
"778",NA,NA,"LA",2022-12-04,NA,NA,NA,NA,NA,NA,NA,NA,NA,NA,NA,NA,NA,NA,NA,NA
"779",1.6267675284844,0.397754575082104,"LA",2022-12-05,1,1,1,0,1,1,1,1,1,1,0,0,1,1,1,1
"780",0.198134402944458,0.159109462849016,"LA",2022-12-06,1,1,1,1,1,1,1,1,1,1,0,1,0,1,1,1
"781",0.880640799909552,0.424872670272568,"LA",2022-12-07,1,1,1,1,1,1,0,1,1,1,0,1,0,1,0,1
"782",0.920289069856837,0.154110289765328,"LA",2022-12-08,1,1,1,1,0,1,1,1,1,1,1,1,0,1,0,0
"783",0.736212291870064,0.332716713613685,"LA",2022-12-09,1,1,1,0,1,1,1,1,1,1,1,1,1,1,1,1
"784",0.963678100729685,0.693589387017037,"LA",2022-12-10,1,1,1,1,1,1,0,1,1,1,1,1,0,1,0,1
"785",0.839419406911297,0.393820414034354,"LA",2022-12-11,1,1,1,0,1,1,1,1,1,1,0,0,0,1,1,1
"786",0.87732686670586,0.322976470203578,"LA",2022-12-12,1,1,1,1,1,1,0,1,1,1,0,1,0,1,0,1
"787",0.502858063231434,0.210341596515568,"LA",2022-12-13,1,1,1,1,1,1,1,1,1,0,0,1,1,1,1,1
"788",1.32555954840998,0.352166939639371,"LA",2022-12-14,1,1,0,0,1,0,1,1,1,1,1,0,0,0,1,1
"789",0.996245502817508,0.292811968455268,"LA",2022-12-15,1,1,1,1,1,1,0,1,1,1,0,1,0,1,0,0
"790",0.499828378536956,0.143504484023489,"LA",2022-12-16,1,1,1,1,1,1,1,1,1,1,0,1,0,0,1,1
"791",0.508305320695039,0.143168663498256,"LA",2022-12-17,1,1,1,1,1,1,1,1,1,1,1,1,1,1,1,1
"792",0.580417655185275,0.41012847646197,"LA",2022-12-18,1,1,1,1,1,1,1,1,1,1,0,1,0,1,1,1
"793",1.22538611404406,0.143131893200833,"LA",2022-12-19,1,1,1,1,0,1,1,1,1,1,0,1,0,1,1,1
"794",0.382457194805792,0.232349416120228,"LA",2022-12-20,1,1,1,1,1,1,1,1,1,1,0,1,0,1,1,1
"795",1.57244448915684,0.234718522076693,"LA",2022-12-21,1,1,0,1,0,1,0,1,1,1,0,1,1,1,0,1
"796",3.04455062440634,0.498235881404309,"LA",2022-12-22,1,0,0,1,0,1,0,1,1,1,0,1,0,1,1,1
"797",0.973471122587291,0.324319198499428,"LA",2022-12-23,1,1,1,1,1,1,1,0,1,1,0,1,0,1,1,0
"798",NA,NA,"LA",2022-12-24,NA,NA,NA,NA,NA,NA,NA,NA,NA,NA,NA,NA,NA,NA,NA,NA
"799",3.91818061300754,0.389018612605322,"MA",2022-11-13,1,0,1,1,0,0,1,1,1,0,0,1,1,0,0,1
"800",3.06443498729207,0.338527365032837,"MA",2022-11-14,0,0,1,1,1,1,1,1,0,0,0,0,0,1,0,0
"801",1.65515457010425,0.305265452666177,"MA",2022-11-15,1,1,0,1,0,1,1,1,1,1,0,1,0,1,1,1
"802",NA,NA,"MA",2022-11-16,NA,NA,NA,NA,NA,NA,NA,NA,NA,NA,NA,NA,NA,NA,NA,NA
"803",0.483812443889489,0.331272171615047,"MA",2022-11-17,1,1,1,1,1,1,1,1,1,1,0,1,0,1,1,1
"804",0.38018460401631,0.239664688748694,"MA",2022-11-18,1,1,1,1,1,1,1,1,1,1,0,1,0,1,1,1
"805",7.29778128121461,0.250162343270675,"MA",2022-11-19,1,1,0,1,0,1,1,0,1,0,0,1,0,1,0,0
"806",2.27804024579526,0.264649121326463,"MA",2022-11-20,1,1,0,1,1,1,1,1,1,1,0,1,0,0,0,1
"807",3.36814239923182,0.338594392887355,"MA",2022-11-21,1,1,1,1,1,1,1,0,0,1,0,0,0,0,0,0
"808",3.29345502295407,0.281632695337257,"MA",2022-11-22,1,1,1,1,1,1,1,1,1,0,0,0,0,1,1,0
"809",3.78135707940508,0.413777574218747,"MA",2022-11-23,1,0,0,0,0,1,0,0,1,0,0,1,0,0,0,1
"810",NA,NA,"MA",2022-11-24,NA,NA,NA,NA,NA,NA,NA,NA,NA,NA,NA,NA,NA,NA,NA,NA
"811",2.06628183838511,0.309959367249864,"MA",2022-11-25,1,1,1,0,1,1,1,1,0,0,0,1,0,1,0,0
"812",5.75404349463911,0.352295658713706,"MA",2022-11-26,0,1,0,1,0,1,0,1,0,0,0,1,0,0,0,1
"813",3.27589218449965,0.300851841673051,"MA",2022-11-27,1,1,1,1,1,1,1,1,1,0,0,1,0,0,0,1
"814",5.37249778304161,0.318880439408414,"MA",2022-11-28,1,1,1,0,1,1,1,1,1,0,0,0,0,0,0,1
"815",8.10918622013744,0.308648914689577,"MA",2022-11-29,0,1,0,1,1,1,0,1,1,0,0,0,0,0,0,0
"816",7.64302600240649,0.333544530414074,"MA",2022-11-30,1,1,0,0,0,1,1,1,0,0,0,0,0,0,0,0
"817",8.70994008588017,0.338871186610364,"MA",2022-12-01,1,1,1,0,0,1,0,1,0,0,0,0,0,1,0,0
"818",5.06616294555173,0.339319077757237,"MA",2022-12-02,0,1,1,1,0,1,1,1,0,0,0,0,0,0,0,1
"819",3.41878363989698,0.281679074565918,"MA",2022-12-03,1,0,1,0,1,0,1,1,1,0,0,0,0,0,0,1
"820",5.57140501905156,0.318522580129439,"MA",2022-12-04,1,0,0,1,1,1,0,1,1,0,0,0,0,0,0,1
"821",11.9513753933934,0.344976089387899,"MA",2022-12-05,1,1,1,1,0,1,0,1,0,0,0,0,0,0,0,0
"822",13.0303263465413,0.354357344160561,"MA",2022-12-06,0,0,1,1,0,1,0,1,0,0,0,1,0,0,0,0
"823",11.9317859998232,0.324220552363533,"MA",2022-12-07,1,0,0,1,0,1,0,1,0,0,0,0,0,0,0,1
"824",5.66785084424841,0.320781945657675,"MA",2022-12-08,1,1,1,1,0,1,1,1,0,0,0,0,0,1,0,0
"825",7.45961762716474,0.331858713993185,"MA",2022-12-09,1,1,1,1,0,1,0,1,0,1,0,0,0,1,0,0
"826",15.0582748822656,0.423153854736111,"MA",2022-12-10,0,1,1,1,0,1,0,1,0,0,0,0,0,0,0,0
"827",13.8566910300673,0.380290780916463,"MA",2022-12-11,1,0,1,1,0,1,0,1,1,0,0,0,0,1,0,0
"828",16.4780097589014,0.341265362014996,"MA",2022-12-12,1,1,1,1,0,1,0,1,1,0,0,0,0,0,0,1
"829",0.945475354691735,0.363823203097451,"MA",2022-12-13,1,1,1,0,1,1,1,1,1,1,0,0,0,1,0,1
"830",0.104482465566546,0.0596976743768224,"MA",2022-12-14,1,1,1,1,1,1,1,1,1,1,1,1,1,1,1,1
"831",NA,NA,"MA",2022-12-15,NA,NA,NA,NA,NA,NA,NA,NA,NA,NA,NA,NA,NA,NA,NA,NA
"832",1.04036371803066,0.756428789609036,"MA",2022-12-16,0,1,1,1,1,1,1,1,0,1,1,1,0,1,1,1
"833",0.644153264883322,0.369959466764622,"MA",2022-12-17,1,1,1,1,1,1,0,1,1,1,1,1,0,1,0,1
"834",1.80329309253424,0.651297707973305,"MA",2022-12-18,1,1,0,1,0,1,1,1,1,1,0,1,1,1,0,1
"835",2.62658154741156,0.511861162469733,"MA",2022-12-19,1,1,1,1,0,0,0,1,1,1,1,1,0,0,0,1
"836",1.27943499954112,0.333205301700002,"MA",2022-12-20,1,1,1,1,1,0,0,1,1,1,0,1,0,0,0,1
"837",0.869375101862706,0.70297489745037,"MA",2022-12-21,1,1,1,1,1,1,0,1,1,1,1,1,1,1,1,1
"838",1.21580272579899,0.49156395573149,"MA",2022-12-22,1,1,1,1,1,0,1,1,1,1,0,1,0,1,1,1
"839",0.933363683510793,0.683617652464917,"MA",2022-12-23,1,1,0,1,1,1,1,1,1,1,0,1,0,1,1,1
"840",NA,NA,"MA",2022-12-24,NA,NA,NA,NA,NA,NA,NA,NA,NA,NA,NA,NA,NA,NA,NA,NA
"841",3.34726118177167,0.290282122286848,"MD",2022-11-13,1,1,0,1,0,1,1,1,1,1,0,0,0,1,1,0
"842",1.97087280824497,0.265512401437439,"MD",2022-11-14,1,1,1,1,1,1,1,1,1,0,0,0,0,0,1,1
"843",1.58421819641759,0.304231100348722,"MD",2022-11-15,1,1,1,1,1,1,1,1,1,1,0,0,0,1,1,1
"844",2.10057112821387,0.268665917425155,"MD",2022-11-16,1,1,0,1,1,0,1,1,1,0,0,0,0,1,1,1
"845",1.30421986103436,0.221718323030973,"MD",2022-11-17,1,1,1,1,1,1,1,1,0,0,0,0,0,1,1,1
"846",4.37059541419844,0.220957757997151,"MD",2022-11-18,0,1,1,1,0,1,1,1,1,0,1,1,0,1,1,1
"847",2.11444844281903,0.311816193527919,"MD",2022-11-19,0,1,1,0,1,1,1,1,0,0,0,1,0,1,1,1
"848",2.37770776105842,0.307876316671275,"MD",2022-11-20,0,1,1,1,1,0,1,1,0,0,0,1,0,0,1,1
"849",2.16800428241811,0.251783801367978,"MD",2022-11-21,1,1,1,1,1,0,1,0,0,1,0,1,1,0,1,0
"850",1.69670801286934,0.248865004876516,"MD",2022-11-22,1,1,1,0,1,1,1,1,1,1,0,0,0,1,1,1
"851",1.6076295610461,0.228509902605716,"MD",2022-11-23,1,0,1,1,1,1,1,1,1,0,0,0,0,1,1,0
"852",0.805323915169664,0.348099661988764,"MD",2022-11-24,1,1,1,0,1,1,1,1,1,1,0,0,1,1,1,1
"853",1.77993334730915,0.235362054501247,"MD",2022-11-25,1,1,1,1,1,1,1,1,0,1,0,0,0,1,1,1
"854",2.67246964967963,0.2613608941953,"MD",2022-11-26,1,1,1,1,1,0,1,0,1,1,0,0,0,1,1,0
"855",2.23229837272438,0.224924866424615,"MD",2022-11-27,1,1,1,1,1,1,1,0,0,0,0,0,0,0,1,0
"856",2.42133897871376,0.15013902902584,"MD",2022-11-28,1,1,1,1,0,1,1,0,1,1,0,0,0,1,1,0
"857",1.02521792077571,0.14812051211047,"MD",2022-11-29,1,1,1,1,1,1,1,1,1,1,0,1,1,0,1,1
"858",2.83098456494231,0.317985298600133,"MD",2022-11-30,1,1,0,1,0,1,0,1,1,1,1,0,0,0,0,1
"859",4.68313190451218,0.426916259065354,"MD",2022-12-01,1,1,0,0,0,0,1,1,1,1,0,0,0,0,1,1
"860",1.40920688203949,0.220450797583907,"MD",2022-12-02,1,1,1,1,1,0,1,1,1,1,1,0,0,0,1,1
"861",4.69930728128369,0.252685622689464,"MD",2022-12-03,1,1,0,1,0,1,1,1,0,0,0,0,1,0,1,1
"862",2.31850136613828,0.197734644749535,"MD",2022-12-04,1,1,1,0,1,1,1,0,1,0,0,0,0,0,0,1
"863",3.68177417076931,0.184462041701759,"MD",2022-12-05,1,1,1,1,1,1,1,1,1,0,0,0,0,0,1,1
"864",4.01559843342828,0.2772707545271,"MD",2022-12-06,1,1,0,1,0,1,1,0,1,1,0,0,0,0,0,0
"865",6.07147447749698,0.266406935622371,"MD",2022-12-07,1,1,0,1,0,0,1,1,0,0,0,1,0,0,1,1
"866",2.01978139679125,0.274640678925083,"MD",2022-12-08,1,1,0,1,0,1,0,1,0,1,0,0,0,0,0,1
"867",3.59196974487646,0.163185257144864,"MD",2022-12-09,1,1,1,0,1,0,1,0,1,1,0,0,0,0,0,0
"868",1.99799920209544,0.171067908655586,"MD",2022-12-10,1,0,1,1,1,1,1,1,1,0,1,0,1,0,0,1
"869",1.80321238644041,0.210718670362303,"MD",2022-12-11,1,0,1,1,1,1,0,1,0,0,1,1,0,0,0,1
"870",5.91091374188574,0.149563233798907,"MD",2022-12-12,1,1,1,0,0,1,1,1,1,0,0,0,0,0,0,0
"871",3.39326260103779,0.251824697788689,"MD",2022-12-13,1,1,1,0,0,1,1,0,1,1,0,0,0,0,0,0
"872",0.92172152434856,0.225705504356624,"MD",2022-12-14,1,1,1,1,1,1,1,1,0,1,0,0,1,1,0,1
"873",4.27196009127967,0.0900204749571512,"MD",2022-12-15,1,1,1,1,0,1,1,1,0,1,0,0,0,0,1,0
"874",6.75055166403894,0.255423216186199,"MD",2022-12-16,1,0,0,1,0,1,1,1,1,0,0,0,0,0,0,1
"875",2.8884826685784,0.18151571202031,"MD",2022-12-17,1,1,1,1,1,1,1,0,1,1,0,0,0,0,0,0
"876",6.10963044770237,0.206331925885801,"MD",2022-12-18,1,1,0,1,1,1,1,1,1,1,0,0,0,0,1,0
"877",3.26131685230708,0.241752082725213,"MD",2022-12-19,1,0,1,1,1,1,1,1,0,0,0,1,0,0,0,1
"878",2.74916032483127,0.23537934919287,"MD",2022-12-20,1,1,0,1,1,0,1,1,1,1,0,1,0,0,0,1
"879",3.34784960830037,0.255784397525044,"MD",2022-12-21,1,1,1,1,1,1,0,1,1,1,0,0,0,0,0,1
"880",4.99077205448585,0.314874268616098,"MD",2022-12-22,1,1,1,1,0,1,0,1,1,1,1,0,0,0,0,1
"881",6.80294016526301,0.236442685286239,"MD",2022-12-23,1,1,0,0,1,0,1,1,1,1,0,0,0,0,1,0
"882",2.56801519581985,0.239629004026635,"MD",2022-12-24,1,0,1,1,1,1,1,1,1,0,0,1,0,0,0,1
"883",NA,NA,"ME",2022-11-13,NA,NA,NA,NA,NA,NA,NA,NA,NA,NA,NA,NA,NA,NA,NA,NA
"884",NA,NA,"ME",2022-11-14,NA,NA,NA,NA,NA,NA,NA,NA,NA,NA,NA,NA,NA,NA,NA,NA
"885",NA,NA,"ME",2022-11-15,NA,NA,NA,NA,NA,NA,NA,NA,NA,NA,NA,NA,NA,NA,NA,NA
"886",0.0784230492597911,0.0629576859728156,"ME",2022-11-16,1,1,1,1,1,1,1,1,1,1,1,1,1,1,1,1
"887",NA,NA,"ME",2022-11-17,NA,NA,NA,NA,NA,NA,NA,NA,NA,NA,NA,NA,NA,NA,NA,NA
"888",NA,NA,"ME",2022-11-18,NA,NA,NA,NA,NA,NA,NA,NA,NA,NA,NA,NA,NA,NA,NA,NA
"889",NA,NA,"ME",2022-11-19,NA,NA,NA,NA,NA,NA,NA,NA,NA,NA,NA,NA,NA,NA,NA,NA
"890",0.863197350341561,0.57688554591675,"ME",2022-11-20,1,1,1,1,0,1,1,1,1,1,0,1,0,1,1,1
"891",0.0907848455652477,0.0722507398045814,"ME",2022-11-21,1,1,1,1,1,1,1,1,1,1,0,1,0,1,1,1
"892",0.093591225098789,0.0742664687800904,"ME",2022-11-22,1,1,1,1,1,1,1,1,1,1,1,1,1,1,1,1
"893",NA,NA,"ME",2022-11-23,NA,NA,NA,NA,NA,NA,NA,NA,NA,NA,NA,NA,NA,NA,NA,NA
"894",NA,NA,"ME",2022-11-24,NA,NA,NA,NA,NA,NA,NA,NA,NA,NA,NA,NA,NA,NA,NA,NA
"895",NA,NA,"ME",2022-11-25,NA,NA,NA,NA,NA,NA,NA,NA,NA,NA,NA,NA,NA,NA,NA,NA
"896",NA,NA,"ME",2022-11-26,NA,NA,NA,NA,NA,NA,NA,NA,NA,NA,NA,NA,NA,NA,NA,NA
"897",NA,NA,"ME",2022-11-27,NA,NA,NA,NA,NA,NA,NA,NA,NA,NA,NA,NA,NA,NA,NA,NA
"898",0.936269933186166,0.262764583929771,"ME",2022-11-28,1,1,1,1,1,1,1,1,1,0,0,1,0,1,1,1
"899",3.32075803149351,0.323803637086891,"ME",2022-11-29,1,1,0,1,0,1,1,1,1,0,0,1,0,1,1,1
"900",2.22787212980268,0.33208207796024,"ME",2022-11-30,1,1,0,1,0,1,1,1,1,1,0,1,0,1,1,1
"901",1.38657720093966,0.270887739621968,"ME",2022-12-01,1,1,1,1,0,1,1,1,1,0,0,1,0,1,1,1
"902",0.518224316905486,0.297898490067608,"ME",2022-12-02,1,1,1,1,1,1,1,1,1,0,1,1,0,1,1,1
"903",2.71629578858648,0.549916782012918,"ME",2022-12-03,1,1,0,1,0,1,0,1,1,0,0,1,0,1,0,1
"904",2.4249371557422,0.717284892051006,"ME",2022-12-04,1,1,0,0,1,1,0,1,1,1,0,0,1,1,0,1
"905",NA,NA,"ME",2022-12-05,NA,NA,NA,NA,NA,NA,NA,NA,NA,NA,NA,NA,NA,NA,NA,NA
"906",3.80465864895944,0.407749607923924,"ME",2022-12-06,1,1,0,1,0,1,1,1,1,1,0,1,0,1,1,1
"907",2.47848815128918,0.397405532613458,"ME",2022-12-07,1,1,0,1,0,0,1,1,1,0,0,1,0,0,1,1
"908",7.25516361140086,0.372865891194961,"ME",2022-12-08,1,1,0,1,0,0,0,1,1,0,0,0,0,0,0,1
"909",4.64989315958069,0.426427249865901,"ME",2022-12-09,1,1,0,1,0,1,0,0,1,0,0,1,0,1,0,0
"910",1.70490836144106,0.280629936968357,"ME",2022-12-10,1,1,1,1,0,1,1,1,1,1,0,1,0,1,1,1
"911",0.829557081333563,0.249398571578851,"ME",2022-12-11,1,1,1,1,1,1,1,1,1,0,0,1,0,1,1,1
"912",7.29806656220886,0.348257739835547,"ME",2022-12-12,1,1,0,1,0,1,1,1,1,0,0,0,0,1,1,1
"913",3.10807945965776,0.354629142504815,"ME",2022-12-13,1,1,1,1,1,0,1,0,1,1,0,0,0,0,1,0
"914",6.27366457670088,0.345047545045753,"ME",2022-12-14,1,1,0,1,0,1,0,1,1,0,0,1,0,1,0,1
"915",0.967951288431521,0.666834318141143,"ME",2022-12-15,1,1,1,0,1,1,1,1,1,1,0,0,1,1,1,1
"916",NA,NA,"ME",2022-12-16,NA,NA,NA,NA,NA,NA,NA,NA,NA,NA,NA,NA,NA,NA,NA,NA
"917",NA,NA,"ME",2022-12-17,NA,NA,NA,NA,NA,NA,NA,NA,NA,NA,NA,NA,NA,NA,NA,NA
"918",NA,NA,"ME",2022-12-18,NA,NA,NA,NA,NA,NA,NA,NA,NA,NA,NA,NA,NA,NA,NA,NA
"919",9.358022459621,0.381056572912694,"ME",2022-12-19,1,1,0,1,0,1,0,0,1,0,0,1,0,1,0,0
"920",6.00490510928702,0.366123177029668,"ME",2022-12-20,1,1,1,1,1,1,0,0,1,0,0,0,0,1,0,0
"921",3.46329018341351,0.391189032749982,"ME",2022-12-21,1,1,0,0,0,1,0,1,1,1,0,0,0,1,0,1
"922",0.247290854157352,0.200192171458411,"ME",2022-12-22,1,1,1,1,1,1,1,1,1,1,1,1,1,1,1,1
"923",NA,NA,"ME",2022-12-23,NA,NA,NA,NA,NA,NA,NA,NA,NA,NA,NA,NA,NA,NA,NA,NA
"924",NA,NA,"ME",2022-12-24,NA,NA,NA,NA,NA,NA,NA,NA,NA,NA,NA,NA,NA,NA,NA,NA
"925",1.68972885768083,0.253090664407782,"MI",2022-11-13,1,1,1,1,1,1,1,1,1,1,0,0,1,1,1,1
"926",2.95068517478392,0.292478861579159,"MI",2022-11-14,1,0,1,1,1,1,1,1,0,0,0,0,0,0,1,1
"927",3.0335303859848,0.299617863041862,"MI",2022-11-15,0,1,1,1,1,1,1,1,0,0,0,0,0,0,1,0
"928",3.02602158461281,0.312012429216578,"MI",2022-11-16,1,1,1,0,1,1,1,0,0,0,0,0,0,1,1,0
"929",5.00258139012568,0.287402602174726,"MI",2022-11-17,1,0,0,1,0,1,1,1,0,1,0,1,0,0,1,0
"930",2.24309033614996,0.28487995816964,"MI",2022-11-18,1,1,1,1,1,1,1,1,0,0,0,1,0,0,1,1
"931",1.3531277990927,0.31109099940995,"MI",2022-11-19,1,0,1,1,1,1,1,1,1,1,0,1,0,1,1,1
"932",2.52962390767701,0.289526106640472,"MI",2022-11-20,0,0,1,1,1,1,1,0,0,0,0,0,0,1,1,0
"933",3.78960897412266,0.285631420753811,"MI",2022-11-21,0,1,0,1,0,1,1,1,0,1,0,0,0,0,1,1
"934",5.59171877541303,0.278279218748512,"MI",2022-11-22,1,1,0,1,0,1,1,0,1,0,0,1,0,1,1,0
"935",4.04193735826468,0.273640492012086,"MI",2022-11-23,1,0,1,1,0,1,1,1,0,0,1,0,0,0,1,1
"936",1.18539173426709,0.229022009043134,"MI",2022-11-24,1,1,1,1,0,1,1,1,1,1,1,1,1,1,1,1
"937",9.47805485867553,0.28933239897265,"MI",2022-11-25,1,1,0,0,0,1,1,1,0,0,0,1,0,0,1,0
"938",2.06377718804072,0.256988005481533,"MI",2022-11-26,1,1,1,1,1,1,1,1,1,1,0,1,0,0,1,1
"939",2.6628941465437,0.27631949898274,"MI",2022-11-27,1,1,1,0,1,1,1,1,0,0,1,0,0,0,1,0
"940",3.52512201223367,0.263597642823662,"MI",2022-11-28,1,1,1,1,1,1,1,1,1,1,0,0,0,1,0,1
"941",3.54956809180021,0.370556882188837,"MI",2022-11-29,1,0,1,0,0,1,1,0,1,0,0,0,0,1,1,0
"942",2.03667270859873,0.285407606248724,"MI",2022-11-30,1,1,1,0,1,1,1,1,0,0,1,0,0,0,1,1
"943",3.81987717635308,0.252531255293492,"MI",2022-12-01,1,1,1,1,1,1,1,0,1,0,0,0,0,0,1,0
"944",5.21540523355867,0.285860699929857,"MI",2022-12-02,1,1,0,1,0,1,1,1,1,0,0,1,0,1,1,1
"945",12.7544265660164,0.391179075579719,"MI",2022-12-03,1,1,0,1,0,1,1,1,1,1,0,0,0,0,1,1
"946",7.55154576800364,0.300952336190896,"MI",2022-12-04,1,1,0,1,0,1,1,1,1,0,0,1,0,1,1,1
"947",3.42779371403146,0.319053474543634,"MI",2022-12-05,0,0,1,1,0,1,1,1,0,0,0,0,1,0,1,1
"948",6.89732056157555,0.292923503455423,"MI",2022-12-06,1,0,0,1,0,1,1,1,0,0,0,0,0,0,1,1
"949",15.248303022358,0.344824460096969,"MI",2022-12-07,1,1,0,1,0,1,0,0,0,0,0,0,0,0,0,0
"950",10.2888212382116,0.315466894233888,"MI",2022-12-08,1,1,0,1,0,1,0,0,0,0,0,0,0,1,0,0
"951",9.95944102460059,0.299785515033007,"MI",2022-12-09,0,1,0,1,0,1,1,1,1,0,0,0,0,1,1,1
"952",10.6441698477528,0.313121189645302,"MI",2022-12-10,1,1,0,0,0,1,1,1,1,0,0,0,0,1,1,1
"953",15.2730798072312,0.343249108289297,"MI",2022-12-11,1,1,0,1,0,1,1,1,0,1,0,0,0,1,1,1
"954",17.7687472014847,0.296055812455428,"MI",2022-12-12,1,0,0,1,0,1,1,1,1,0,0,0,0,1,1,0
"955",4.53095995646155,0.261836757926293,"MI",2022-12-13,1,1,0,1,0,1,1,1,0,0,1,1,0,1,1,0
"956",6.77616975178651,0.277176253222872,"MI",2022-12-14,1,0,0,1,0,1,1,1,0,0,0,0,0,1,1,0
"957",9.2331004211013,0.248473213236269,"MI",2022-12-15,1,1,0,1,0,1,1,1,0,0,0,0,0,1,1,0
"958",4.55781976303615,0.296125118112251,"MI",2022-12-16,1,1,0,1,0,1,0,1,0,0,0,0,0,1,0,1
"959",10.0270012801708,0.357990154746408,"MI",2022-12-17,1,0,0,1,0,1,1,1,1,0,0,0,0,1,1,1
"960",7.07889085745962,0.261342051197744,"MI",2022-12-18,1,1,0,1,0,1,1,0,1,1,0,1,0,1,1,0
"961",24.4212845080056,0.349268743170825,"MI",2022-12-19,1,1,0,0,0,1,1,1,0,0,0,0,0,0,1,1
"962",13.3426890510795,0.467217338311308,"MI",2022-12-20,1,0,0,1,0,0,1,1,1,0,0,1,0,0,1,1
"963",9.87991679738226,0.357091915921267,"MI",2022-12-21,1,0,0,1,0,0,0,1,0,0,0,0,0,0,0,1
"964",4.21730368006267,0.259202999634878,"MI",2022-12-22,1,0,0,1,0,1,1,1,0,0,0,0,0,1,1,1
"965",5.49773480158041,0.458827614216531,"MI",2022-12-23,1,1,0,1,0,1,0,0,1,1,0,1,0,1,0,0
"966",1.4419833532892,0.203981561550514,"MI",2022-12-24,1,1,0,1,1,1,1,0,1,1,0,1,0,1,1,0
"967",2.614579208016,0.274373197150898,"MN",2022-11-13,1,0,1,1,1,1,1,1,1,0,0,0,0,0,1,1
"968",3.53705008448346,0.269716314370062,"MN",2022-11-14,1,1,0,1,1,1,1,0,0,0,0,0,0,0,1,0
"969",3.57819570050249,0.312574633864044,"MN",2022-11-15,1,1,0,1,0,1,1,1,1,0,0,0,1,0,1,1
"970",2.61670595556464,0.284646381578351,"MN",2022-11-16,1,0,1,0,1,1,1,1,0,0,0,0,0,0,1,1
"971",4.72516093991357,0.308390566181457,"MN",2022-11-17,1,1,0,1,0,1,1,1,0,0,0,1,1,0,1,1
"972",2.0632037523938,0.300124829194693,"MN",2022-11-18,1,1,1,1,1,1,1,1,1,0,0,0,0,0,1,1
"973",5.8053708592457,0.330023150417657,"MN",2022-11-19,0,1,0,1,0,1,1,1,0,1,0,0,0,1,1,1
"974",1.5753767238439,0.28290602599694,"MN",2022-11-20,1,1,1,1,1,1,1,1,1,0,0,0,0,0,1,1
"975",3.65016362497162,0.294047141838188,"MN",2022-11-21,1,1,0,1,0,0,1,0,1,1,0,0,0,0,1,0
"976",4.42855298969262,0.309952201116164,"MN",2022-11-22,1,1,1,1,0,0,1,0,1,1,0,0,0,0,1,0
"977",5.85995687014385,0.277759215997781,"MN",2022-11-23,1,1,0,0,0,1,1,1,1,0,0,0,0,1,1,1
"978",1.01221015539702,0.295194652688859,"MN",2022-11-24,1,1,1,1,1,1,1,0,1,1,1,1,0,1,1,0
"979",4.94272020554713,0.28960941641037,"MN",2022-11-25,1,1,0,1,0,1,1,1,1,0,0,0,0,0,1,1
"980",2.4397855618661,0.274542311068826,"MN",2022-11-26,1,1,0,1,1,1,1,0,1,1,0,1,0,0,1,0
"981",2.15061635649795,0.274794562266175,"MN",2022-11-27,1,1,1,1,1,1,1,1,0,0,0,1,0,0,1,0
"982",2.94964432953714,0.270690954449078,"MN",2022-11-28,1,1,1,1,1,1,1,1,1,0,0,0,0,0,1,1
"983",1.99009689665887,0.268392416364761,"MN",2022-11-29,1,1,1,1,1,0,1,0,1,0,0,0,0,0,1,0
"984",8.58389017345516,0.375990557198326,"MN",2022-11-30,1,0,0,0,0,1,1,1,1,0,0,0,0,0,1,1
"985",8.33789459072969,0.319556251122788,"MN",2022-12-01,1,1,0,1,0,1,1,0,1,1,0,0,0,1,1,0
"986",4.05439519204172,0.274469149173617,"MN",2022-12-02,1,1,0,1,1,0,1,0,1,0,0,0,1,1,1,0
"987",2.25621368324463,0.282372142934755,"MN",2022-12-03,1,1,1,1,1,1,1,1,1,0,0,1,0,0,1,1
"988",5.766130814278,0.325839136210724,"MN",2022-12-04,0,1,0,1,0,1,1,0,0,1,0,0,0,1,1,0
"989",8.81064535980683,0.298340260182789,"MN",2022-12-05,1,1,0,1,0,1,1,1,0,0,0,0,0,0,1,1
"990",7.76153419713776,0.316203923453796,"MN",2022-12-06,1,1,0,1,0,1,0,1,1,1,0,0,0,0,0,1
"991",4.97985555860967,0.302777240247459,"MN",2022-12-07,1,1,0,1,0,1,1,0,1,1,0,0,0,1,1,0
"992",3.99842571649265,0.28068383909467,"MN",2022-12-08,1,1,0,1,0,1,1,0,1,0,0,0,0,1,1,0
"993",1.94022568076821,0.234163166747858,"MN",2022-12-09,1,1,1,0,1,1,1,1,1,1,0,0,0,0,1,1
"994",2.65024619348077,0.264463021094069,"MN",2022-12-10,1,1,0,0,1,1,1,1,1,1,1,0,0,0,1,1
"995",6.76102526428837,0.330488035500034,"MN",2022-12-11,1,1,0,1,0,1,0,1,0,0,0,0,0,0,0,1
"996",10.0133530575695,0.284681503072682,"MN",2022-12-12,1,1,0,1,0,1,0,1,0,0,0,0,0,1,0,1
"997",14.8649080439851,0.411604451595188,"MN",2022-12-13,0,1,0,1,0,1,1,1,0,1,0,1,0,0,1,1
"998",2.89857059396442,0.211245600627578,"MN",2022-12-14,0,1,1,0,1,1,1,0,0,1,0,0,0,0,1,0
"999",8.52117235606311,0.317172677601959,"MN",2022-12-15,1,1,0,0,0,1,0,0,1,1,0,0,0,1,0,0
"1000",2.77122150683862,0.221527349123963,"MN",2022-12-16,1,1,0,1,1,1,0,1,1,1,0,0,0,1,0,1
"1001",5.65727335680383,0.275406694780243,"MN",2022-12-17,1,1,0,1,0,1,0,0,0,1,0,0,0,0,0,1
"1002",5.90578229377287,0.294849374355139,"MN",2022-12-18,1,1,0,0,0,0,1,0,1,1,0,0,0,1,1,0
"1003",7.8155805541974,0.255770725046179,"MN",2022-12-19,1,0,0,1,0,1,1,1,0,1,0,1,0,0,1,1
"1004",2.96854440180409,0.235053013317627,"MN",2022-12-20,0,1,1,0,0,1,0,0,0,1,0,0,0,0,0,0
"1005",1.92629309330051,0.21829758612841,"MN",2022-12-21,1,1,1,0,1,1,1,1,1,1,0,0,1,1,1,1
"1006",3.36742371740637,0.276289437573524,"MN",2022-12-22,1,1,0,1,0,1,1,1,1,1,0,0,0,1,1,1
"1007",7.62887393018936,0.356010257878563,"MN",2022-12-23,1,1,0,1,0,1,0,0,1,1,0,1,0,0,0,0
"1008",2.42684735357151,0.231317376197319,"MN",2022-12-24,1,0,1,1,0,1,0,1,0,0,0,1,0,0,0,1
"1009",0.431744237782723,0.0948625462005791,"MO",2022-11-13,1,1,1,1,1,1,1,1,1,1,1,1,1,1,1,1
"1010",0.920844606474718,0.267100041639624,"MO",2022-11-14,1,1,1,1,1,1,1,1,1,1,0,1,0,1,1,1
"1011",4.73502216831695,0.367215486092809,"MO",2022-11-15,1,1,0,0,0,1,1,1,1,0,0,0,0,1,1,1
"1012",1.45138042320748,0.271879967445376,"MO",2022-11-16,1,1,1,1,1,1,1,1,1,0,1,0,0,0,1,1
"1013",1.13814106751987,0.30205315377976,"MO",2022-11-17,1,1,1,1,1,1,1,1,1,0,1,0,1,1,1,1
"1014",1.07662006449801,0.3357995535244,"MO",2022-11-18,1,1,1,1,1,1,1,1,1,0,0,1,0,1,1,1
"1015",0.83576851280952,0.273294454504761,"MO",2022-11-19,1,1,1,0,1,1,1,1,1,0,1,0,1,1,1,1
"1016",0.308176275967221,0.277480582013934,"MO",2022-11-20,1,1,1,1,1,1,1,1,1,0,0,1,1,1,1,1
"1017",1.64438204981928,0.405778099348817,"MO",2022-11-21,1,1,0,1,0,1,1,1,1,0,0,1,0,1,1,1
"1018",3.87881909951524,0.275632562185417,"MO",2022-11-22,1,1,0,0,0,1,1,0,1,1,0,0,0,1,1,0
"1019",2.16491160450559,0.229999849024282,"MO",2022-11-23,1,0,0,1,1,1,1,1,1,1,0,0,1,1,1,1
"1020",0.814055631150237,0.401634110140869,"MO",2022-11-24,1,0,1,1,1,1,1,1,1,1,1,1,1,1,1,1
"1021",2.11452143295155,0.263842097855221,"MO",2022-11-25,1,0,1,1,1,0,1,1,1,0,0,0,0,1,1,1
"1022",6.59305513716349,0.242820263952851,"MO",2022-11-26,1,1,0,1,0,1,0,1,0,1,0,1,0,1,0,1
"1023",2.23037982530817,0.288646822428677,"MO",2022-11-27,1,1,1,1,0,1,1,1,1,0,0,1,0,1,1,1
"1024",2.94504336648219,0.306973078122458,"MO",2022-11-28,1,1,1,1,1,0,1,1,0,0,0,0,0,0,1,1
"1025",6.80145640903263,0.303242941890386,"MO",2022-11-29,1,0,0,1,0,1,0,1,1,0,0,0,0,0,0,1
"1026",3.53196283985954,0.283445887802246,"MO",2022-11-30,1,1,1,1,0,1,1,1,1,1,0,1,0,1,1,1
"1027",2.14759083342323,0.269446266193389,"MO",2022-12-01,1,1,1,1,0,1,1,1,1,0,0,1,0,1,1,0
"1028",1.69446295364609,0.282245142388458,"MO",2022-12-02,1,1,1,1,1,1,1,1,1,0,0,0,0,1,1,1
"1029",1.84189532487943,0.285425139265985,"MO",2022-12-03,1,1,0,1,0,1,1,1,1,0,1,1,0,1,1,1
"1030",1.27588876582699,0.359207467966853,"MO",2022-12-04,1,0,0,1,1,1,1,1,1,0,1,0,1,1,1,1
"1031",3.93173658044621,0.316498606762219,"MO",2022-12-05,1,1,0,1,0,1,0,1,1,1,1,0,0,1,0,0
"1032",3.38873496175646,0.306421848385481,"MO",2022-12-06,1,1,0,1,0,0,1,1,1,0,0,1,0,0,1,1
"1033",1.78165056757908,0.323959733389527,"MO",2022-12-07,1,1,1,0,1,0,1,1,0,0,1,0,0,0,1,1
"1034",9.18904681237855,0.341545473534138,"MO",2022-12-08,1,1,0,0,0,1,1,1,1,0,0,1,0,1,1,1
"1035",2.57142306856912,0.269585587707244,"MO",2022-12-09,1,1,1,1,0,1,1,1,1,0,0,1,1,1,1,1
"1036",3.12767033073096,0.312004330503682,"MO",2022-12-10,1,1,1,0,0,1,1,1,1,1,0,0,0,0,1,1
"1037",2.60264870360595,0.315785519155545,"MO",2022-12-11,1,1,0,0,0,1,1,1,1,1,0,0,0,1,1,1
"1038",9.63534792606701,0.317132673781287,"MO",2022-12-12,1,1,0,1,0,0,1,1,1,0,0,0,0,0,0,1
"1039",6.99473814148536,0.302377398435376,"MO",2022-12-13,1,1,0,1,0,1,1,0,1,0,0,0,0,1,1,1
"1040",4.43370702530305,0.265793467301883,"MO",2022-12-14,1,1,0,1,0,1,1,1,1,0,1,1,0,1,1,1
"1041",6.40187580272005,0.300445014214875,"MO",2022-12-15,1,1,0,1,0,1,1,1,1,0,0,0,0,0,0,1
"1042",3.80793221948553,0.4084587710202,"MO",2022-12-16,1,1,0,0,0,1,1,1,1,0,0,0,0,1,1,0
"1043",1.5741752360192,0.290386846944722,"MO",2022-12-17,1,1,1,1,1,1,1,1,1,0,1,1,1,0,1,1
"1044",3.07564914564656,0.361882034637692,"MO",2022-12-18,1,1,0,0,0,1,1,1,0,1,0,0,0,1,1,1
"1045",2.00341048897916,0.291697149968801,"MO",2022-12-19,1,1,1,1,1,1,1,0,0,1,0,0,0,1,1,0
"1046",0.978717569539402,0.365045459789021,"MO",2022-12-20,1,1,1,0,1,1,1,1,1,1,0,0,1,1,1,1
"1047",4.99536575563367,0.299432050895075,"MO",2022-12-21,1,0,1,1,0,0,1,1,1,1,0,0,0,0,0,1
"1048",4.04634063411498,0.288200039368903,"MO",2022-12-22,1,1,0,1,0,1,1,1,1,1,0,1,0,1,1,0
"1049",2.35684112616545,0.27355452841232,"MO",2022-12-23,1,1,1,1,0,1,1,1,1,1,1,1,0,1,0,1
"1050",0.935643758351414,0.456333544402579,"MO",2022-12-24,1,1,1,1,1,1,1,0,1,1,0,1,0,1,1,0
"1051",0.383292717596373,0.256445968224371,"MS",2022-11-13,1,1,1,1,1,1,1,1,1,1,0,1,0,1,1,1
"1052",1.49233134627865,0.322655515998481,"MS",2022-11-14,1,1,0,1,0,1,1,1,1,0,0,1,0,1,1,1
"1053",1.34459901527507,0.183825786734877,"MS",2022-11-15,1,1,0,1,0,1,1,1,1,0,0,1,0,1,1,1
"1054",0.326835827424607,0.175724001183427,"MS",2022-11-16,1,1,1,1,1,1,1,1,1,1,0,1,0,1,1,1
"1055",0.725624688311433,0.214922111172376,"MS",2022-11-17,1,1,1,1,1,1,1,1,1,1,1,1,1,1,1,1
"1056",0.369562901428578,0.229224815328271,"MS",2022-11-18,1,1,1,1,1,1,1,1,1,1,0,1,0,1,1,1
"1057",0.434954830147929,0.375796288768951,"MS",2022-11-19,1,1,1,1,1,1,1,1,1,1,1,1,1,1,1,1
"1058",NA,NA,"MS",2022-11-20,NA,NA,NA,NA,NA,NA,NA,NA,NA,NA,NA,NA,NA,NA,NA,NA
"1059",1.02207709064045,0.192767495704875,"MS",2022-11-21,1,1,1,1,0,1,1,1,1,1,0,1,0,1,1,1
"1060",1.47029412528579,0.47293565271074,"MS",2022-11-22,1,0,1,1,0,1,1,0,1,0,0,0,0,1,1,0
"1061",0.467651179012228,0.412633056585285,"MS",2022-11-23,1,1,1,1,1,1,1,1,1,1,0,1,0,1,1,1
"1062",0.260802363680753,0.127098403471729,"MS",2022-11-24,1,1,1,1,1,1,1,1,1,1,0,1,0,1,1,1
"1063",0.949411556741447,0.701724999750471,"MS",2022-11-25,1,0,1,1,1,1,1,1,1,0,1,1,0,1,1,1
"1064",NA,NA,"MS",2022-11-26,NA,NA,NA,NA,NA,NA,NA,NA,NA,NA,NA,NA,NA,NA,NA,NA
"1065",0.257330059264648,0.115145133217911,"MS",2022-11-27,1,1,1,1,1,1,1,1,1,1,1,1,1,1,1,1
"1066",2.60108981772698,0.426321208665818,"MS",2022-11-28,1,0,1,1,0,1,1,1,1,0,0,1,0,1,1,1
"1067",2.96816021055579,0.35725089711983,"MS",2022-11-29,1,1,0,1,0,1,1,1,1,0,0,1,0,1,1,1
"1068",2.09741609153972,0.446744425482299,"MS",2022-11-30,1,1,0,0,0,1,1,1,1,0,1,0,0,1,0,1
"1069",NA,NA,"MS",2022-12-01,NA,NA,NA,NA,NA,NA,NA,NA,NA,NA,NA,NA,NA,NA,NA,NA
"1070",1.26606368588947,0.427732955287755,"MS",2022-12-02,0,0,1,1,1,1,1,1,0,1,0,1,0,1,1,1
"1071",0.494241844663514,0.475886034861555,"MS",2022-12-03,1,1,1,1,1,1,1,1,1,1,1,1,1,1,1,1
"1072",1.05398695238041,0.0974979933235043,"MS",2022-12-04,1,1,1,1,0,1,1,1,1,1,0,1,0,1,1,1
"1073",1.56706857735837,0.30713313647684,"MS",2022-12-05,1,1,0,1,1,1,1,1,1,1,0,0,0,1,1,1
"1074",0.908518418855786,0.352125596426144,"MS",2022-12-06,1,1,1,1,1,1,1,1,1,0,0,1,0,1,1,1
"1075",1.59543909800746,0.298342032422667,"MS",2022-12-07,1,1,1,0,1,1,1,1,1,1,0,0,1,1,1,1
"1076",1.14140435739412,0.258459790458256,"MS",2022-12-08,1,1,1,1,1,1,1,1,1,0,0,1,0,1,1,1
"1077",1.95149253578347,0.377637081341451,"MS",2022-12-09,1,1,0,1,1,1,1,1,1,0,0,1,0,1,1,1
"1078",0.63615207806213,0.0918186906142364,"MS",2022-12-10,1,1,1,1,1,1,1,1,1,1,0,1,0,1,1,1
"1079",0.547074274973868,0.252304259938246,"MS",2022-12-11,1,1,1,1,1,1,1,1,1,0,0,1,0,1,0,1
"1080",0.986950757318745,0.292506831727822,"MS",2022-12-12,1,1,1,1,1,1,1,1,1,1,0,1,0,1,0,1
"1081",1.96483941059232,0.197090200456606,"MS",2022-12-13,1,0,0,1,0,1,1,1,1,0,0,1,0,1,0,1
"1082",0.252772176225459,0.0923289231956934,"MS",2022-12-14,1,1,1,1,1,1,1,1,1,1,1,1,1,1,1,1
"1083",0.685074851872022,0.358119298273311,"MS",2022-12-15,1,1,1,1,1,1,1,1,1,1,0,1,0,1,1,1
"1084",0.959592156598502,0.172859520333346,"MS",2022-12-16,1,1,1,1,1,1,1,1,1,1,0,1,0,1,1,1
"1085",0.556762891731819,0.290770495219984,"MS",2022-12-17,1,1,1,1,1,1,1,1,1,1,1,1,1,1,1,1
"1086",NA,NA,"MS",2022-12-18,NA,NA,NA,NA,NA,NA,NA,NA,NA,NA,NA,NA,NA,NA,NA,NA
"1087",1.63925747436008,0.351623148087833,"MS",2022-12-19,1,1,0,0,1,0,1,1,1,1,0,0,0,0,1,1
"1088",0.836000825071459,0.351775427283979,"MS",2022-12-20,1,1,1,0,1,1,1,1,1,1,0,1,0,0,1,1
"1089",0.297708529320372,0.101591577484711,"MS",2022-12-21,1,1,1,1,1,1,1,1,1,1,1,1,1,1,1,1
"1090",NA,NA,"MS",2022-12-22,NA,NA,NA,NA,NA,NA,NA,NA,NA,NA,NA,NA,NA,NA,NA,NA
"1091",NA,NA,"MS",2022-12-23,NA,NA,NA,NA,NA,NA,NA,NA,NA,NA,NA,NA,NA,NA,NA,NA
"1092",0.418457307679113,0.458449947298628,"MS",2022-12-24,1,1,1,1,1,1,1,1,1,1,0,1,0,1,1,1
"1093",NA,NA,"MT",2022-11-13,NA,NA,NA,NA,NA,NA,NA,NA,NA,NA,NA,NA,NA,NA,NA,NA
"1094",NA,NA,"MT",2022-11-14,NA,NA,NA,NA,NA,NA,NA,NA,NA,NA,NA,NA,NA,NA,NA,NA
"1095",NA,NA,"MT",2022-11-15,NA,NA,NA,NA,NA,NA,NA,NA,NA,NA,NA,NA,NA,NA,NA,NA
"1096",NA,NA,"MT",2022-11-16,NA,NA,NA,NA,NA,NA,NA,NA,NA,NA,NA,NA,NA,NA,NA,NA
"1097",NA,NA,"MT",2022-11-17,NA,NA,NA,NA,NA,NA,NA,NA,NA,NA,NA,NA,NA,NA,NA,NA
"1098",NA,NA,"MT",2022-11-18,NA,NA,NA,NA,NA,NA,NA,NA,NA,NA,NA,NA,NA,NA,NA,NA
"1099",NA,NA,"MT",2022-11-19,NA,NA,NA,NA,NA,NA,NA,NA,NA,NA,NA,NA,NA,NA,NA,NA
"1100",NA,NA,"MT",2022-11-20,NA,NA,NA,NA,NA,NA,NA,NA,NA,NA,NA,NA,NA,NA,NA,NA
"1101",0.551123748897168,0.34713288928562,"MT",2022-11-21,1,1,1,1,1,1,1,1,1,1,1,1,1,1,1,1
"1102",0.0970641234865141,0.0485504669574559,"MT",2022-11-22,1,1,1,1,1,1,1,1,1,1,0,1,0,1,1,1
"1103",NA,NA,"MT",2022-11-23,NA,NA,NA,NA,NA,NA,NA,NA,NA,NA,NA,NA,NA,NA,NA,NA
"1104",NA,NA,"MT",2022-11-24,NA,NA,NA,NA,NA,NA,NA,NA,NA,NA,NA,NA,NA,NA,NA,NA
"1105",NA,NA,"MT",2022-11-25,NA,NA,NA,NA,NA,NA,NA,NA,NA,NA,NA,NA,NA,NA,NA,NA
"1106",0.764367920522062,0.641829488158863,"MT",2022-11-26,1,1,1,1,0,1,1,1,1,1,1,1,1,1,1,1
"1107",NA,NA,"MT",2022-11-27,NA,NA,NA,NA,NA,NA,NA,NA,NA,NA,NA,NA,NA,NA,NA,NA
"1108",NA,NA,"MT",2022-11-28,NA,NA,NA,NA,NA,NA,NA,NA,NA,NA,NA,NA,NA,NA,NA,NA
"1109",NA,NA,"MT",2022-11-29,NA,NA,NA,NA,NA,NA,NA,NA,NA,NA,NA,NA,NA,NA,NA,NA
"1110",NA,NA,"MT",2022-11-30,NA,NA,NA,NA,NA,NA,NA,NA,NA,NA,NA,NA,NA,NA,NA,NA
"1111",NA,NA,"MT",2022-12-01,NA,NA,NA,NA,NA,NA,NA,NA,NA,NA,NA,NA,NA,NA,NA,NA
"1112",NA,NA,"MT",2022-12-02,NA,NA,NA,NA,NA,NA,NA,NA,NA,NA,NA,NA,NA,NA,NA,NA
"1113",NA,NA,"MT",2022-12-03,NA,NA,NA,NA,NA,NA,NA,NA,NA,NA,NA,NA,NA,NA,NA,NA
"1114",NA,NA,"MT",2022-12-04,NA,NA,NA,NA,NA,NA,NA,NA,NA,NA,NA,NA,NA,NA,NA,NA
"1115",NA,NA,"MT",2022-12-05,NA,NA,NA,NA,NA,NA,NA,NA,NA,NA,NA,NA,NA,NA,NA,NA
"1116",NA,NA,"MT",2022-12-06,NA,NA,NA,NA,NA,NA,NA,NA,NA,NA,NA,NA,NA,NA,NA,NA
"1117",NA,NA,"MT",2022-12-07,NA,NA,NA,NA,NA,NA,NA,NA,NA,NA,NA,NA,NA,NA,NA,NA
"1118",NA,NA,"MT",2022-12-08,NA,NA,NA,NA,NA,NA,NA,NA,NA,NA,NA,NA,NA,NA,NA,NA
"1119",NA,NA,"MT",2022-12-09,NA,NA,NA,NA,NA,NA,NA,NA,NA,NA,NA,NA,NA,NA,NA,NA
"1120",NA,NA,"MT",2022-12-10,NA,NA,NA,NA,NA,NA,NA,NA,NA,NA,NA,NA,NA,NA,NA,NA
"1121",NA,NA,"MT",2022-12-11,NA,NA,NA,NA,NA,NA,NA,NA,NA,NA,NA,NA,NA,NA,NA,NA
"1122",NA,NA,"MT",2022-12-12,NA,NA,NA,NA,NA,NA,NA,NA,NA,NA,NA,NA,NA,NA,NA,NA
"1123",NA,NA,"MT",2022-12-13,NA,NA,NA,NA,NA,NA,NA,NA,NA,NA,NA,NA,NA,NA,NA,NA
"1124",NA,NA,"MT",2022-12-14,NA,NA,NA,NA,NA,NA,NA,NA,NA,NA,NA,NA,NA,NA,NA,NA
"1125",NA,NA,"MT",2022-12-15,NA,NA,NA,NA,NA,NA,NA,NA,NA,NA,NA,NA,NA,NA,NA,NA
"1126",NA,NA,"MT",2022-12-16,NA,NA,NA,NA,NA,NA,NA,NA,NA,NA,NA,NA,NA,NA,NA,NA
"1127",NA,NA,"MT",2022-12-17,NA,NA,NA,NA,NA,NA,NA,NA,NA,NA,NA,NA,NA,NA,NA,NA
"1128",NA,NA,"MT",2022-12-18,NA,NA,NA,NA,NA,NA,NA,NA,NA,NA,NA,NA,NA,NA,NA,NA
"1129",NA,NA,"MT",2022-12-19,NA,NA,NA,NA,NA,NA,NA,NA,NA,NA,NA,NA,NA,NA,NA,NA
"1130",NA,NA,"MT",2022-12-20,NA,NA,NA,NA,NA,NA,NA,NA,NA,NA,NA,NA,NA,NA,NA,NA
"1131",NA,NA,"MT",2022-12-21,NA,NA,NA,NA,NA,NA,NA,NA,NA,NA,NA,NA,NA,NA,NA,NA
"1132",NA,NA,"MT",2022-12-22,NA,NA,NA,NA,NA,NA,NA,NA,NA,NA,NA,NA,NA,NA,NA,NA
"1133",NA,NA,"MT",2022-12-23,NA,NA,NA,NA,NA,NA,NA,NA,NA,NA,NA,NA,NA,NA,NA,NA
"1134",0.496234711971567,0.582998230587487,"MT",2022-12-24,1,1,1,1,1,1,1,1,1,1,1,1,1,1,1,1
"1135",2.26003217149445,0.322560204486138,"NC",2022-11-13,1,1,1,1,1,0,1,0,1,0,1,0,0,0,1,1
"1136",3.47107227681083,0.291303073054197,"NC",2022-11-14,1,1,1,1,1,1,1,1,0,0,0,0,0,0,1,1
"1137",5.17349790054768,0.266944870608978,"NC",2022-11-15,1,0,1,0,0,1,1,1,1,0,0,0,0,1,1,0
"1138",3.73584202033822,0.324373184074497,"NC",2022-11-16,0,1,0,0,1,1,1,1,0,0,0,0,0,0,1,0
"1139",8.56109075197621,0.275479802308453,"NC",2022-11-17,1,0,0,0,0,0,1,1,1,0,0,0,0,0,1,0
"1140",1.64808510831627,0.306939852093618,"NC",2022-11-18,1,1,1,1,1,1,1,0,1,1,0,0,1,1,1,1
"1141",2.65438114337179,0.300511325010655,"NC",2022-11-19,1,1,0,0,1,1,1,1,1,1,0,0,0,0,1,0
"1142",5.65204868868232,0.292509894111787,"NC",2022-11-20,1,1,0,1,0,1,1,1,1,0,0,0,0,0,1,1
"1143",3.31960236088531,0.33478816520094,"NC",2022-11-21,1,1,1,0,1,1,1,1,0,1,0,0,0,0,1,0
"1144",2.52462470188718,0.295148104088859,"NC",2022-11-22,1,1,1,1,1,1,1,1,1,0,0,0,0,0,1,0
"1145",6.36230970793131,0.316640322400859,"NC",2022-11-23,1,0,0,1,0,1,1,1,1,0,0,0,0,0,0,0
"1146",0.297366968462084,0.20705263580995,"NC",2022-11-24,1,1,1,1,1,1,1,1,1,1,0,1,0,1,1,1
"1147",3.84055407927639,0.295843158536051,"NC",2022-11-25,1,1,1,0,1,0,1,0,1,1,0,1,0,0,1,0
"1148",3.85690167012892,0.295097329255956,"NC",2022-11-26,1,0,1,1,1,0,1,1,1,0,0,0,0,0,1,1
"1149",3.57115727976449,0.311807243473119,"NC",2022-11-27,1,0,1,1,1,1,1,1,0,0,0,1,0,0,1,1
"1150",2.64480382017099,0.292345960251889,"NC",2022-11-28,1,1,1,1,1,1,1,1,1,0,0,0,0,0,0,0
"1151",4.56282511042594,0.311968986337591,"NC",2022-11-29,1,0,1,1,1,1,1,1,1,0,0,0,1,0,0,0
"1152",4.85763658593543,0.295043405587841,"NC",2022-11-30,1,0,0,1,1,1,1,1,0,0,0,1,0,0,0,0
"1153",3.9927725686699,0.309050941696421,"NC",2022-12-01,1,1,0,1,1,1,1,0,0,0,0,0,0,0,1,0
"1154",3.61947004231271,0.322524227675398,"NC",2022-12-02,0,1,1,1,1,1,1,0,0,0,0,0,0,0,1,0
"1155",2.27064855447804,0.336490716355739,"NC",2022-12-03,1,1,1,0,1,1,1,0,1,1,0,0,1,0,1,1
"1156",2.8035659964679,0.227645738704829,"NC",2022-12-04,1,1,0,1,0,0,1,1,1,1,0,0,0,0,1,1
"1157",3.19848080241814,0.254582423809292,"NC",2022-12-05,1,1,1,0,1,0,1,1,0,0,0,0,0,0,0,0
"1158",7.93623125548493,0.315687227551908,"NC",2022-12-06,1,1,0,1,0,1,1,0,0,1,0,0,0,1,0,1
"1159",3.53213578659522,0.283185784708439,"NC",2022-12-07,1,1,0,1,1,1,1,1,0,0,0,0,0,0,1,1
"1160",3.89967192110999,0.240089168735603,"NC",2022-12-08,1,1,1,1,1,1,1,1,0,1,0,0,0,0,0,1
"1161",4.29832941834591,0.288248973411208,"NC",2022-12-09,1,1,0,1,1,1,1,1,1,1,0,0,0,0,0,0
"1162",3.69938670590761,0.302649975949986,"NC",2022-12-10,1,1,0,1,0,1,1,1,1,0,0,0,0,0,1,1
"1163",5.4985278501496,0.303838579782116,"NC",2022-12-11,1,1,0,1,0,1,1,1,0,0,0,0,0,0,0,1
"1164",6.10505962585843,0.307938101512518,"NC",2022-12-12,1,1,0,1,0,1,1,0,0,1,0,0,0,0,0,0
"1165",2.82701566250305,0.254476469710692,"NC",2022-12-13,1,1,1,0,1,1,1,1,1,0,0,0,0,0,0,1
"1166",4.06794659938787,0.28917541250442,"NC",2022-12-14,1,0,0,1,1,1,1,1,1,0,0,0,0,1,0,0
"1167",8.05210653663267,0.321452414779992,"NC",2022-12-15,1,0,0,0,0,1,0,1,0,0,0,0,0,0,0,1
"1168",4.28232642025548,0.265908230986264,"NC",2022-12-16,1,1,0,0,1,1,1,1,0,1,0,0,0,0,0,0
"1169",4.53724133258526,0.26153573000044,"NC",2022-12-17,1,1,0,1,1,0,1,1,1,0,0,0,0,0,0,1
"1170",7.12969841679204,0.256756220613042,"NC",2022-12-18,1,1,0,1,1,0,1,1,1,0,0,0,0,0,0,0
"1171",6.71158480680042,0.268000037421513,"NC",2022-12-19,1,0,1,0,1,1,1,1,1,0,0,0,0,0,0,0
"1172",13.6969115317077,0.331433256848618,"NC",2022-12-20,1,1,0,1,0,1,0,1,1,0,0,0,0,0,0,0
"1173",10.4382198106542,0.312006616620054,"NC",2022-12-21,1,0,0,1,0,1,0,0,0,0,0,1,0,0,0,0
"1174",7.32584533636658,0.251720232928394,"NC",2022-12-22,1,1,0,1,1,1,1,1,1,0,0,0,0,1,0,0
"1175",6.70955920678301,0.24922844530992,"NC",2022-12-23,1,1,0,1,1,1,1,1,0,0,0,0,0,1,0,0
"1176",2.51275998533874,0.287675499658373,"NC",2022-12-24,0,1,0,1,1,1,1,1,1,1,0,1,0,1,0,1
"1177",NA,NA,"ND",2022-11-13,NA,NA,NA,NA,NA,NA,NA,NA,NA,NA,NA,NA,NA,NA,NA,NA
"1178",0.69954917493533,0.0241642017410268,"ND",2022-11-14,1,1,1,1,1,1,1,1,1,1,1,1,1,1,1,1
"1179",0.837880949061273,0.120547226353864,"ND",2022-11-15,1,1,1,1,1,1,1,1,1,1,0,1,0,1,1,1
"1180",NA,NA,"ND",2022-11-16,NA,NA,NA,NA,NA,NA,NA,NA,NA,NA,NA,NA,NA,NA,NA,NA
"1181",0.755860927987603,0.216835571197249,"ND",2022-11-17,1,0,1,1,1,1,1,1,1,0,1,1,0,1,1,1
"1182",0.993157226936044,0.724251144157417,"ND",2022-11-18,1,1,0,1,0,1,1,1,1,1,0,1,0,1,1,1
"1183",NA,NA,"ND",2022-11-19,NA,NA,NA,NA,NA,NA,NA,NA,NA,NA,NA,NA,NA,NA,NA,NA
"1184",NA,NA,"ND",2022-11-20,NA,NA,NA,NA,NA,NA,NA,NA,NA,NA,NA,NA,NA,NA,NA,NA
"1185",0.491337078904893,0.0293770872185793,"ND",2022-11-21,1,1,1,1,1,1,1,1,1,1,0,1,0,1,1,1
"1186",1.12520858220957,0.301390397858102,"ND",2022-11-22,1,1,1,1,0,1,1,1,1,1,0,1,0,1,1,1
"1187",1.11896874210557,0.300272144168143,"ND",2022-11-23,1,1,1,1,0,1,1,1,1,1,0,1,0,1,1,1
"1188",NA,NA,"ND",2022-11-24,NA,NA,NA,NA,NA,NA,NA,NA,NA,NA,NA,NA,NA,NA,NA,NA
"1189",0.925540805654598,0.69604582184168,"ND",2022-11-25,1,1,0,1,0,1,1,1,1,1,1,1,1,1,1,1
"1190",NA,NA,"ND",2022-11-26,NA,NA,NA,NA,NA,NA,NA,NA,NA,NA,NA,NA,NA,NA,NA,NA
"1191",0.189063798700648,0.0345194705293725,"ND",2022-11-27,1,1,1,1,1,1,1,1,1,1,1,1,1,1,1,1
"1192",4.62424116263195,0.359528801233952,"ND",2022-11-28,1,1,0,1,0,1,1,1,1,1,0,1,0,1,1,1
"1193",1.23052717689426,0.357888960224783,"ND",2022-11-29,1,1,1,1,0,1,1,1,1,1,0,1,0,1,1,1
"1194",0.467020723897734,0.249970460306895,"ND",2022-11-30,1,1,1,1,1,1,1,1,1,1,0,1,0,1,1,1
"1195",0.883270923933447,0.670618290481772,"ND",2022-12-01,1,1,1,1,0,1,1,1,1,1,0,1,0,1,1,1
"1196",2.97252897754421,0.457280249755726,"ND",2022-12-02,1,1,0,1,0,1,1,1,1,0,0,0,0,1,1,1
"1197",NA,NA,"ND",2022-12-03,NA,NA,NA,NA,NA,NA,NA,NA,NA,NA,NA,NA,NA,NA,NA,NA
"1198",NA,NA,"ND",2022-12-04,NA,NA,NA,NA,NA,NA,NA,NA,NA,NA,NA,NA,NA,NA,NA,NA
"1199",1.10908338801325,0.316681598832727,"ND",2022-12-05,1,1,1,1,1,1,1,1,1,0,0,0,0,1,1,1
"1200",0.64313440845157,0.130524433365501,"ND",2022-12-06,1,1,1,1,1,1,1,1,1,1,0,1,0,1,1,1
"1201",0.242820879413864,0.0457955057090869,"ND",2022-12-07,1,1,1,1,1,1,1,1,1,1,0,0,1,1,1,1
"1202",2.3049134886796,0.465409569691766,"ND",2022-12-08,1,1,0,1,0,1,0,1,1,1,0,1,0,1,0,1
"1203",0.534617156758169,0.340014708667786,"ND",2022-12-09,1,1,1,1,1,1,1,1,1,1,1,1,1,1,1,1
"1204",NA,NA,"ND",2022-12-10,NA,NA,NA,NA,NA,NA,NA,NA,NA,NA,NA,NA,NA,NA,NA,NA
"1205",NA,NA,"ND",2022-12-11,NA,NA,NA,NA,NA,NA,NA,NA,NA,NA,NA,NA,NA,NA,NA,NA
"1206",4.34934101401207,0.410951879674811,"ND",2022-12-12,0,1,0,1,0,1,1,1,0,0,0,0,0,1,1,1
"1207",NA,NA,"ND",2022-12-13,NA,NA,NA,NA,NA,NA,NA,NA,NA,NA,NA,NA,NA,NA,NA,NA
"1208",NA,NA,"ND",2022-12-14,NA,NA,NA,NA,NA,NA,NA,NA,NA,NA,NA,NA,NA,NA,NA,NA
"1209",NA,NA,"ND",2022-12-15,NA,NA,NA,NA,NA,NA,NA,NA,NA,NA,NA,NA,NA,NA,NA,NA
"1210",NA,NA,"ND",2022-12-16,NA,NA,NA,NA,NA,NA,NA,NA,NA,NA,NA,NA,NA,NA,NA,NA
"1211",NA,NA,"ND",2022-12-17,NA,NA,NA,NA,NA,NA,NA,NA,NA,NA,NA,NA,NA,NA,NA,NA
"1212",NA,NA,"ND",2022-12-18,NA,NA,NA,NA,NA,NA,NA,NA,NA,NA,NA,NA,NA,NA,NA,NA
"1213",1.10638234919851,0.463450282309755,"ND",2022-12-19,0,1,1,1,1,1,1,1,0,1,0,1,1,1,1,1
"1214",3.0495145229101,0.560013403414984,"ND",2022-12-20,1,1,0,1,0,1,1,1,1,1,0,0,0,1,1,1
"1215",NA,NA,"ND",2022-12-21,NA,NA,NA,NA,NA,NA,NA,NA,NA,NA,NA,NA,NA,NA,NA,NA
"1216",0.126293046956936,0.0770177061044692,"ND",2022-12-22,1,1,1,1,1,1,1,1,1,0,0,1,1,1,1,1
"1217",NA,NA,"ND",2022-12-23,NA,NA,NA,NA,NA,NA,NA,NA,NA,NA,NA,NA,NA,NA,NA,NA
"1218",NA,NA,"ND",2022-12-24,NA,NA,NA,NA,NA,NA,NA,NA,NA,NA,NA,NA,NA,NA,NA,NA
"1219",0.332511750654652,0.0585279356225729,"NE",2022-11-13,1,1,1,1,1,1,1,1,1,1,0,1,0,1,1,1
"1220",3.30074060486647,0.48348093739729,"NE",2022-11-14,1,0,0,1,0,1,1,1,1,0,0,1,0,1,1,1
"1221",0.791123993745412,0.281592996411447,"NE",2022-11-15,1,0,1,1,1,1,1,1,1,0,0,0,0,1,1,1
"1222",0.974615123780566,0.442103712289912,"NE",2022-11-16,1,0,1,1,1,1,1,1,1,1,1,1,1,1,1,1
"1223",0.394110901762188,0.305676254101972,"NE",2022-11-17,1,1,1,1,1,1,1,1,1,1,0,1,0,1,1,1
"1224",0.674837807550095,0.515922463863975,"NE",2022-11-18,1,1,1,1,1,1,1,1,1,1,0,1,0,1,1,1
"1225",0.156221907152211,0.0920875110537443,"NE",2022-11-19,1,1,1,1,1,1,1,1,1,1,1,1,1,1,1,1
"1226",NA,NA,"NE",2022-11-20,NA,NA,NA,NA,NA,NA,NA,NA,NA,NA,NA,NA,NA,NA,NA,NA
"1227",0.842476904912689,0.106956854857258,"NE",2022-11-21,1,1,0,1,1,1,1,1,1,1,0,0,1,1,1,1
"1228",1.22814562077138,0.590313764015063,"NE",2022-11-22,1,1,0,1,1,1,1,0,1,1,0,1,0,1,1,0
"1229",0.561842081390152,0.2777257997397,"NE",2022-11-23,1,1,1,1,1,1,1,1,1,1,0,1,0,1,1,1
"1230",NA,NA,"NE",2022-11-24,NA,NA,NA,NA,NA,NA,NA,NA,NA,NA,NA,NA,NA,NA,NA,NA
"1231",0.571537151290019,0.14314810080182,"NE",2022-11-25,1,1,1,1,1,1,1,1,1,1,0,1,0,1,1,1
"1232",1.02039055034323,0.153613959163426,"NE",2022-11-26,1,1,0,1,1,1,1,1,1,1,0,1,0,1,1,1
"1233",0.651694402981519,0.296718775944672,"NE",2022-11-27,1,1,1,1,1,1,1,1,1,1,1,1,1,1,1,1
"1234",1.20417597290378,0.364309379688017,"NE",2022-11-28,1,1,1,0,1,1,1,1,1,1,0,0,0,1,1,1
"1235",0.262585913257329,0.188470968619674,"NE",2022-11-29,1,1,1,1,1,1,1,1,1,1,1,1,1,1,1,1
"1236",1.06680257451346,0.357467205471966,"NE",2022-11-30,1,0,1,1,0,1,1,1,1,0,1,1,0,1,1,1
"1237",0.291693369934064,0.214504027551487,"NE",2022-12-01,1,1,1,1,1,1,1,1,1,1,0,1,0,1,1,1
"1238",0.549035311909567,0.263069872761281,"NE",2022-12-02,1,1,1,1,1,1,1,1,1,1,0,1,0,1,1,1
"1239",0.413164210362701,0.250053282649215,"NE",2022-12-03,1,1,1,1,1,1,1,1,1,1,0,1,0,1,1,1
"1240",0.33890995855401,0.257295592593305,"NE",2022-12-04,1,1,1,1,1,1,1,1,1,1,1,1,1,1,1,1
"1241",0.455861377917996,0.247799028434889,"NE",2022-12-05,1,1,1,1,1,1,1,1,1,1,0,1,0,1,1,1
"1242",0.859209125896905,0.27127152610145,"NE",2022-12-06,1,1,1,1,1,1,1,1,1,1,0,1,0,1,1,1
"1243",0.805852059663595,0.208136797725506,"NE",2022-12-07,1,1,1,1,0,1,1,1,1,1,1,1,1,1,1,1
"1244",NA,NA,"NE",2022-12-08,NA,NA,NA,NA,NA,NA,NA,NA,NA,NA,NA,NA,NA,NA,NA,NA
"1245",NA,NA,"NE",2022-12-09,NA,NA,NA,NA,NA,NA,NA,NA,NA,NA,NA,NA,NA,NA,NA,NA
"1246",0.419387591514205,0.351560446984495,"NE",2022-12-10,1,1,1,1,1,1,1,1,1,1,1,1,1,1,1,1
"1247",0.259861699326895,0.264336439059778,"NE",2022-12-11,1,1,1,1,1,1,1,1,1,1,0,1,0,1,1,1
"1248",1.54835212564431,0.151373858175963,"NE",2022-12-12,1,1,0,1,0,1,1,1,1,1,0,1,0,1,1,1
"1249",0.272658978426286,0.270393604320848,"NE",2022-12-13,1,1,1,1,1,1,1,1,1,1,0,1,0,1,1,1
"1250",NA,NA,"NE",2022-12-14,NA,NA,NA,NA,NA,NA,NA,NA,NA,NA,NA,NA,NA,NA,NA,NA
"1251",0.385810815556409,0.227443092396165,"NE",2022-12-15,1,1,1,1,1,1,1,1,1,1,1,1,1,1,1,1
"1252",0.246251421340302,0.12260695453601,"NE",2022-12-16,1,1,1,1,1,1,1,1,1,1,1,1,1,1,1,1
"1253",0.870414413282396,0.398328206690656,"NE",2022-12-17,1,1,1,0,1,1,1,1,1,1,0,0,0,1,1,0
"1254",0.575715405127318,0.116224702868969,"NE",2022-12-18,1,1,1,1,1,1,1,1,1,1,1,1,0,1,1,0
"1255",1.69501988122203,0.200805159847998,"NE",2022-12-19,1,1,0,1,1,1,0,1,1,0,1,1,1,1,0,1
"1256",1.60808220166384,0.114219663199928,"NE",2022-12-20,1,1,1,1,0,1,1,1,1,1,1,1,1,1,1,1
"1257",NA,NA,"NE",2022-12-21,NA,NA,NA,NA,NA,NA,NA,NA,NA,NA,NA,NA,NA,NA,NA,NA
"1258",0.514683613530144,0.112891606515517,"NE",2022-12-22,1,1,1,1,1,1,1,1,1,1,1,1,0,0,1,1
"1259",NA,NA,"NE",2022-12-23,NA,NA,NA,NA,NA,NA,NA,NA,NA,NA,NA,NA,NA,NA,NA,NA
"1260",NA,NA,"NE",2022-12-24,NA,NA,NA,NA,NA,NA,NA,NA,NA,NA,NA,NA,NA,NA,NA,NA
"1261",0.21367730295617,0.103110506028699,"NH",2022-11-13,1,1,1,1,1,1,1,1,1,1,0,1,0,1,1,1
"1262",0.710478877127068,0.338985465819865,"NH",2022-11-14,1,0,1,1,1,1,1,1,1,0,0,1,0,0,1,1
"1263",NA,NA,"NH",2022-11-15,NA,NA,NA,NA,NA,NA,NA,NA,NA,NA,NA,NA,NA,NA,NA,NA
"1264",1.46682828640552,0.525573763266612,"NH",2022-11-16,0,1,0,1,1,1,1,1,0,1,0,1,0,0,1,1
"1265",NA,NA,"NH",2022-11-17,NA,NA,NA,NA,NA,NA,NA,NA,NA,NA,NA,NA,NA,NA,NA,NA
"1266",0.438281484701055,0.405417893542843,"NH",2022-11-18,1,1,1,1,1,1,1,1,1,1,0,1,0,1,1,1
"1267",1.27043042559753,0.361351931693111,"NH",2022-11-19,1,0,1,1,1,0,1,1,1,0,0,1,0,1,1,1
"1268",0.387073617707169,0.373752759123746,"NH",2022-11-20,1,1,1,1,1,1,1,1,1,1,1,1,0,0,1,1
"1269",0.360387223936456,0.174899967718611,"NH",2022-11-21,1,1,1,1,1,1,1,1,1,1,0,1,0,1,1,1
"1270",NA,NA,"NH",2022-11-22,NA,NA,NA,NA,NA,NA,NA,NA,NA,NA,NA,NA,NA,NA,NA,NA
"1271",NA,NA,"NH",2022-11-23,NA,NA,NA,NA,NA,NA,NA,NA,NA,NA,NA,NA,NA,NA,NA,NA
"1272",NA,NA,"NH",2022-11-24,NA,NA,NA,NA,NA,NA,NA,NA,NA,NA,NA,NA,NA,NA,NA,NA
"1273",NA,NA,"NH",2022-11-25,NA,NA,NA,NA,NA,NA,NA,NA,NA,NA,NA,NA,NA,NA,NA,NA
"1274",0.876811913269012,0.397298721479504,"NH",2022-11-26,1,1,1,1,1,1,1,0,1,1,0,1,0,1,1,1
"1275",0.75962029399144,0.323332046872604,"NH",2022-11-27,1,1,1,0,1,1,1,1,1,0,1,0,1,1,1,1
"1276",1.38305406574631,0.360435175031058,"NH",2022-11-28,1,0,1,1,1,1,1,1,1,0,0,0,0,0,1,1
"1277",0.56291625323579,0.279195386945898,"NH",2022-11-29,1,1,1,1,1,1,1,1,1,1,0,1,0,1,1,1
"1278",NA,NA,"NH",2022-11-30,NA,NA,NA,NA,NA,NA,NA,NA,NA,NA,NA,NA,NA,NA,NA,NA
"1279",0.603787308031708,0.309578390749046,"NH",2022-12-01,1,1,1,1,1,1,1,1,1,1,0,1,0,1,1,1
"1280",0.820617395930662,0.321104274018518,"NH",2022-12-02,1,1,1,1,1,1,0,1,1,1,1,1,1,0,0,1
"1281",0.786387108849674,0.190755697787846,"NH",2022-12-03,1,1,1,1,0,1,1,1,1,1,0,1,0,0,1,1
"1282",1.44591069291647,0.391994914532372,"NH",2022-12-04,1,1,0,1,0,1,0,1,1,1,0,1,0,1,0,1
"1283",0.840876209791936,0.346567455230753,"NH",2022-12-05,1,1,1,1,1,1,0,1,1,1,0,0,0,1,0,1
"1284",0.92916940576593,0.396671570506602,"NH",2022-12-06,1,1,1,0,1,1,1,1,0,1,0,0,0,1,1,1
"1285",1.28807668488007,0.293650561821708,"NH",2022-12-07,1,1,1,1,1,1,0,1,1,1,0,0,0,1,0,1
"1286",0.981447213319417,0.677535126909811,"NH",2022-12-08,1,1,1,1,1,1,0,1,1,1,1,0,1,1,0,1
"1287",0.795022967439242,0.405590914871929,"NH",2022-12-09,1,1,1,1,1,1,0,1,1,1,1,1,1,1,1,1
"1288",NA,NA,"NH",2022-12-10,NA,NA,NA,NA,NA,NA,NA,NA,NA,NA,NA,NA,NA,NA,NA,NA
"1289",1.03802417987895,0.422551769414183,"NH",2022-12-11,1,1,1,1,1,1,0,1,1,1,1,1,1,0,0,1
"1290",0.985309685118255,0.658496212839287,"NH",2022-12-12,1,1,1,0,1,1,1,1,1,1,1,0,0,1,1,1
"1291",NA,NA,"NH",2022-12-13,NA,NA,NA,NA,NA,NA,NA,NA,NA,NA,NA,NA,NA,NA,NA,NA
"1292",0.761060693725179,0.390320057500312,"NH",2022-12-14,1,1,1,1,1,1,0,1,1,1,1,1,0,1,0,1
"1293",1.91299187318898,0.303473653856689,"NH",2022-12-15,1,1,1,1,1,1,0,1,1,1,0,1,0,0,0,0
"1294",0.739043676263389,0.384728430608769,"NH",2022-12-16,1,1,1,1,1,1,0,1,1,1,1,1,0,1,0,1
"1295",0.696636667396292,0.284037885658302,"NH",2022-12-17,1,1,1,1,1,1,0,1,1,1,1,1,1,0,0,1
"1296",0.10458935182417,0.0855012097612468,"NH",2022-12-18,1,1,1,1,1,1,1,1,1,1,1,1,1,1,1,1
"1297",3.73896110868848,0.545029070203677,"NH",2022-12-19,1,1,0,1,0,1,0,1,1,1,0,1,0,1,0,1
"1298",0.992880394581796,0.679514509544771,"NH",2022-12-20,1,1,1,0,1,1,1,1,1,1,0,0,1,1,1,1
"1299",NA,NA,"NH",2022-12-21,NA,NA,NA,NA,NA,NA,NA,NA,NA,NA,NA,NA,NA,NA,NA,NA
"1300",1.86815515718274,0.274400793633285,"NH",2022-12-22,1,1,0,1,1,1,1,1,1,1,0,1,0,0,0,1
"1301",1.60019044560053,0.404770575127267,"NH",2022-12-23,1,1,0,1,1,1,1,1,1,1,0,1,0,0,0,1
"1302",NA,NA,"NH",2022-12-24,NA,NA,NA,NA,NA,NA,NA,NA,NA,NA,NA,NA,NA,NA,NA,NA
"1303",2.44978478444492,0.279295252428708,"NJ",2022-11-13,1,1,1,1,1,0,1,1,1,0,0,0,0,0,0,1
"1304",9.55565947374827,0.244528822623362,"NJ",2022-11-14,1,1,0,1,0,1,1,1,1,0,0,1,0,0,0,0
"1305",2.61752194100218,0.252859999577611,"NJ",2022-11-15,1,1,1,1,1,1,1,1,1,0,0,0,0,0,1,1
"1306",4.52005560765075,0.233147010625075,"NJ",2022-11-16,1,1,0,0,0,1,1,1,1,0,0,1,0,0,0,1
"1307",2.20213871899267,0.258507100952344,"NJ",2022-11-17,0,1,1,1,1,1,1,1,0,1,0,0,0,0,0,1
"1308",3.03168254293723,0.252131266864947,"NJ",2022-11-18,1,1,1,1,1,1,1,1,0,0,1,0,0,0,0,1
"1309",5.30531299799329,0.318960908042389,"NJ",2022-11-19,0,1,1,0,0,1,0,1,0,0,0,0,0,0,0,1
"1310",4.05958405085032,0.219449018497228,"NJ",2022-11-20,1,0,1,1,0,1,1,0,1,1,0,0,0,0,1,0
"1311",9.39582108707788,0.333996804092097,"NJ",2022-11-21,1,0,0,1,0,1,1,0,0,0,0,0,0,0,1,0
"1312",1.04915657969852,0.325649949647426,"NJ",2022-11-22,1,1,1,0,1,0,1,1,1,1,1,0,0,0,1,1
"1313",2.38517331469856,0.161599341833584,"NJ",2022-11-23,1,1,1,1,0,1,1,1,0,1,0,1,0,1,0,1
"1314",NA,NA,"NJ",2022-11-24,NA,NA,NA,NA,NA,NA,NA,NA,NA,NA,NA,NA,NA,NA,NA,NA
"1315",1.13432913363918,0.28570970014925,"NJ",2022-11-25,1,1,1,0,1,0,1,1,1,1,0,1,0,0,1,1
"1316",4.00396870579719,0.26885586009784,"NJ",2022-11-26,1,0,0,1,1,1,1,1,0,1,0,0,0,0,0,1
"1317",5.11278612324046,0.215513333993285,"NJ",2022-11-27,1,1,1,1,0,1,1,1,1,0,0,0,1,0,0,1
"1318",6.66500159554397,0.260464656210276,"NJ",2022-11-28,1,1,1,1,1,1,1,1,0,0,1,0,0,0,0,1
"1319",4.12548077303167,0.246593695033878,"NJ",2022-11-29,1,0,1,0,1,0,1,1,1,0,0,0,1,0,0,0
"1320",0.718239057974728,0.298555240159809,"NJ",2022-11-30,1,1,1,1,1,1,0,1,1,1,0,1,0,0,1,1
"1321",4.66237664019143,0.276762933274536,"NJ",2022-12-01,1,1,0,1,1,1,1,1,0,0,0,0,0,0,0,0
"1322",5.10508688708678,0.252852220865263,"NJ",2022-12-02,1,1,1,1,1,1,1,1,1,0,0,0,0,0,0,0
"1323",4.73477247104352,0.261483214865713,"NJ",2022-12-03,1,1,0,1,1,1,0,0,0,0,0,1,0,0,0,0
"1324",4.70671844346831,0.256176006446425,"NJ",2022-12-04,1,1,0,1,1,0,1,1,0,1,0,1,0,0,0,1
"1325",6.984374858274,0.249670792184998,"NJ",2022-12-05,1,1,1,1,1,1,1,0,1,1,0,0,0,0,0,0
"1326",8.77458311541588,0.183324953233401,"NJ",2022-12-06,1,1,1,1,0,0,0,1,0,0,0,0,0,0,0,1
"1327",1.0609264633261,0.222306969073633,"NJ",2022-12-07,1,1,1,1,1,1,1,1,1,1,0,1,0,0,0,1
"1328",0.768507214914072,0.190154402846816,"NJ",2022-12-08,1,1,1,1,1,1,1,1,1,1,0,1,1,0,1,1
"1329",5.14215998672305,0.267601278894938,"NJ",2022-12-09,1,1,0,1,1,1,1,1,0,0,0,0,0,0,0,1
"1330",8.36242914280598,0.219059404562217,"NJ",2022-12-10,1,1,1,1,0,0,1,1,1,0,0,1,0,0,0,0
"1331",8.79324940281323,0.274191165490831,"NJ",2022-12-11,1,1,0,0,1,0,1,1,1,1,0,0,0,0,0,0
"1332",16.8692362045942,0.278501483699658,"NJ",2022-12-12,1,1,0,0,1,0,1,1,0,0,0,0,0,0,0,0
"1333",14.3120324995118,0.232441992323887,"NJ",2022-12-13,1,1,0,1,0,0,0,1,1,0,0,0,0,0,0,0
"1334",0.197593056121463,0.131947570258887,"NJ",2022-12-14,1,1,1,1,1,1,1,1,1,1,1,1,1,1,1,1
"1335",1.33033027652561,0.368605929989054,"NJ",2022-12-15,1,1,1,1,1,1,1,1,1,1,1,1,0,0,0,1
"1336",6.27064683843233,0.286238520460937,"NJ",2022-12-16,1,1,1,0,1,0,1,1,1,1,0,0,0,0,1,1
"1337",14.5314654680434,0.298487615780377,"NJ",2022-12-17,1,1,0,0,1,1,1,1,0,0,0,0,0,0,0,0
"1338",7.31170044603038,0.316798637224053,"NJ",2022-12-18,1,0,0,0,1,1,1,0,0,0,0,1,0,0,0,0
"1339",18.3747685025022,0.307692816527752,"NJ",2022-12-19,1,1,1,0,1,1,1,0,1,0,1,0,0,0,0,0
"1340",13.2632253063903,0.281728725345577,"NJ",2022-12-20,1,1,0,1,0,0,0,1,1,0,0,0,0,0,0,1
"1341",0.69078074776375,0.293900739600083,"NJ",2022-12-21,1,1,1,1,1,1,1,1,1,1,0,1,0,0,0,1
"1342",0.701751572139067,0.269810946472042,"NJ",2022-12-22,1,1,1,1,1,1,1,1,1,1,1,1,0,0,0,1
"1343",13.909233349621,0.346997918030751,"NJ",2022-12-23,1,0,0,1,1,0,1,1,1,0,0,0,0,0,0,1
"1344",10.2103858140277,0.329120502726376,"NJ",2022-12-24,1,0,0,1,0,1,0,0,1,1,0,1,0,0,0,0
"1345",1.53643255290364,0.261873346237227,"NM",2022-11-13,1,1,1,1,1,1,1,1,1,0,0,0,0,1,1,1
"1346",5.74090291663109,0.265571092505509,"NM",2022-11-14,0,0,0,1,1,1,1,1,0,1,0,0,0,1,1,1
"1347",2.11235761594149,0.264005904985647,"NM",2022-11-15,1,1,1,1,1,1,1,1,1,0,0,0,0,1,1,0
"1348",3.16723089090122,0.289718237713766,"NM",2022-11-16,1,1,1,0,1,0,1,1,1,1,0,0,0,0,1,1
"1349",1.8466179271631,0.260456311462417,"NM",2022-11-17,1,1,1,1,1,1,1,1,0,0,0,1,0,0,1,0
"1350",10.1690109521463,0.28276023904618,"NM",2022-11-18,1,1,0,1,0,1,1,1,1,1,0,0,0,1,1,1
"1351",2.42156879804951,0.314621459601757,"NM",2022-11-19,0,1,1,1,1,1,1,0,0,0,0,1,0,1,1,0
"1352",4.09587292198116,0.299100351297521,"NM",2022-11-20,1,1,0,1,0,1,1,0,1,1,0,1,0,1,1,0
"1353",2.42098926135705,0.254888517999818,"NM",2022-11-21,1,1,1,1,1,1,1,1,1,0,0,0,0,0,1,0
"1354",2.19597352765373,0.262857985657326,"NM",2022-11-22,1,1,1,1,1,1,1,0,1,1,0,0,0,1,1,0
"1355",1.70416897629554,0.256343255638633,"NM",2022-11-23,1,1,1,1,1,1,1,1,1,1,0,0,0,1,1,0
"1356",3.85028206559679,0.299729030967227,"NM",2022-11-24,1,1,0,1,0,1,1,1,1,1,0,0,0,1,1,1
"1357",3.47193408258175,0.277981496935213,"NM",2022-11-25,1,1,0,1,0,1,1,1,1,1,0,0,0,1,1,1
"1358",1.6190787050255,0.274755009250872,"NM",2022-11-26,0,1,1,1,1,1,1,1,0,0,1,1,1,1,1,1
"1359",4.6036777305122,0.279504508951001,"NM",2022-11-27,1,1,0,1,0,1,1,1,1,0,0,1,0,1,1,1
"1360",2.89951071535611,0.267661361743093,"NM",2022-11-28,1,1,1,1,1,1,1,0,1,0,0,0,0,0,1,0
"1361",2.5224740894485,0.283858482559365,"NM",2022-11-29,1,1,1,0,1,1,1,1,1,1,0,0,0,1,1,1
"1362",3.85825756239792,0.306631083275373,"NM",2022-11-30,1,1,0,0,0,1,1,1,1,1,0,0,0,1,1,1
"1363",6.04048721548152,0.281127206202357,"NM",2022-12-01,1,1,0,1,0,1,1,1,1,0,0,0,0,1,1,1
"1364",3.9391854501448,0.303245298495603,"NM",2022-12-02,1,0,0,1,0,1,1,1,1,0,0,1,1,1,1,1
"1365",0.7696606428645,0.230262859331545,"NM",2022-12-03,1,1,1,1,1,1,1,1,1,1,0,0,0,0,1,1
"1366",1.96109541564387,0.319273243076953,"NM",2022-12-04,1,1,1,1,0,1,1,0,1,1,1,0,0,1,1,0
"1367",3.57957993585912,0.289406772255866,"NM",2022-12-05,1,1,1,0,0,1,1,1,1,0,0,0,0,0,1,1
"1368",2.39732699571981,0.302472239450002,"NM",2022-12-06,1,0,1,1,0,1,1,1,1,0,0,1,0,0,1,1
"1369",4.25541185895241,0.33429450469474,"NM",2022-12-07,1,1,0,1,0,1,0,1,1,1,0,1,0,1,0,1
"1370",0.890062300721562,0.229880623615143,"NM",2022-12-08,1,1,1,1,1,1,1,1,1,1,0,1,1,0,1,1
"1371",1.48365005053236,0.223133315678942,"NM",2022-12-09,1,1,1,1,1,1,1,1,1,1,0,1,0,1,1,1
"1372",2.06473670013786,0.270171797277196,"NM",2022-12-10,1,1,0,1,1,0,1,0,1,0,0,1,0,1,1,0
"1373",1.6077802497452,0.249507679584058,"NM",2022-12-11,1,1,1,1,1,0,1,1,0,1,0,0,0,1,1,1
"1374",1.43516201236336,0.224168069638584,"NM",2022-12-12,1,1,1,1,1,0,1,1,1,1,0,0,0,1,1,0
"1375",1.1359487114643,0.261569772348705,"NM",2022-12-13,1,1,1,1,1,1,1,1,1,1,0,0,0,1,1,1
"1376",1.08738850842781,0.281062051988063,"NM",2022-12-14,1,1,1,0,1,1,1,1,1,0,0,0,0,1,1,1
"1377",1.86807612640478,0.303909158243448,"NM",2022-12-15,0,1,1,1,1,1,1,1,0,1,0,1,0,1,1,1
"1378",1.52952931549762,0.192084815959877,"NM",2022-12-16,1,1,0,1,1,1,0,1,1,1,0,1,0,0,0,1
"1379",4.3898198620096,0.317734662267138,"NM",2022-12-17,1,1,0,1,1,0,1,1,1,1,0,1,0,0,1,1
"1380",0.985067102135396,0.263014835489568,"NM",2022-12-18,1,1,1,1,1,0,1,1,1,1,1,1,0,0,1,1
"1381",2.48883498217688,0.279714011834395,"NM",2022-12-19,1,1,1,0,1,1,1,1,1,1,0,0,0,0,1,1
"1382",2.36251144250254,0.288172541762041,"NM",2022-12-20,1,0,1,1,1,0,1,1,1,0,0,0,0,0,1,1
"1383",1.35697704004866,0.140706875304217,"NM",2022-12-21,1,1,1,1,1,1,1,1,1,1,0,1,0,0,1,1
"1384",1.19165095737539,0.313821881206848,"NM",2022-12-22,1,1,0,1,1,1,1,1,1,1,0,1,0,1,1,1
"1385",0.77578260488879,0.133517073764053,"NM",2022-12-23,1,1,1,1,1,1,1,1,1,1,1,1,0,0,1,1
"1386",1.03139219743246,0.24249564445185,"NM",2022-12-24,1,1,1,1,1,1,0,1,1,1,0,1,0,0,0,1
"1387",1.6948423120435,0.313729976701947,"NV",2022-11-13,1,1,1,0,1,1,1,1,1,0,0,0,1,1,1,1
"1388",10.8136516449348,0.267344456149425,"NV",2022-11-14,1,1,0,1,0,0,1,1,0,0,0,0,0,1,1,1
"1389",2.19619547223255,0.296386850933726,"NV",2022-11-15,1,1,1,0,1,1,1,0,1,1,0,0,0,0,1,0
"1390",2.63447981162626,0.271165952805353,"NV",2022-11-16,1,1,1,1,1,1,1,1,1,0,0,0,0,1,1,0
"1391",4.50854432774659,0.325714490497523,"NV",2022-11-17,1,1,1,0,1,0,1,1,0,1,0,0,1,0,1,1
"1392",1.95027740595893,0.300989723278549,"NV",2022-11-18,1,1,1,0,1,1,1,1,1,0,0,0,0,1,1,0
"1393",2.72054050078916,0.322036158655831,"NV",2022-11-19,1,1,1,1,0,1,1,0,0,1,1,0,0,1,1,1
"1394",1.41565006670295,0.266989733097579,"NV",2022-11-20,1,1,1,1,1,1,1,1,1,0,0,0,0,1,1,1
"1395",1.58674468456151,0.287102434615658,"NV",2022-11-21,1,0,1,1,1,1,1,1,1,0,0,0,0,1,1,1
"1396",2.41071315576639,0.295586497559701,"NV",2022-11-22,1,1,1,0,1,1,1,1,1,0,0,0,0,0,1,0
"1397",3.11939236732115,0.247101160095626,"NV",2022-11-23,1,1,1,0,0,1,1,1,1,1,1,0,0,0,1,1
"1398",0.750593592853774,0.311440125030639,"NV",2022-11-24,1,1,1,1,1,1,1,1,1,1,0,1,0,1,1,1
"1399",5.51160843774267,0.315296142889488,"NV",2022-11-25,1,0,0,1,0,1,1,1,1,0,0,0,0,1,1,1
"1400",1.94669029251343,0.254183334147197,"NV",2022-11-26,1,1,1,1,1,1,1,1,0,1,0,0,0,0,1,0
"1401",2.0704862670083,0.265735064261934,"NV",2022-11-27,1,1,1,1,1,1,1,1,0,0,0,0,0,1,1,0
"1402",2.76894557012269,0.261226114006538,"NV",2022-11-28,1,0,1,1,1,1,1,1,1,1,0,0,1,0,1,1
"1403",2.49406080057105,0.237958503168318,"NV",2022-11-29,1,1,1,1,1,1,1,1,0,0,0,0,0,0,1,1
"1404",9.41659628186465,0.212506361521412,"NV",2022-11-30,1,1,0,1,0,1,1,1,1,0,0,0,0,0,1,0
"1405",4.0875719842574,0.222895130383493,"NV",2022-12-01,1,1,0,1,0,1,1,1,0,1,0,0,0,1,1,1
"1406",8.09188736197916,0.224980235108703,"NV",2022-12-02,0,1,0,1,0,1,1,1,0,0,0,0,0,1,1,1
"1407",5.09116915029637,0.237454498003951,"NV",2022-12-03,1,1,0,1,0,1,1,1,1,1,0,0,0,0,1,0
"1408",1.29297557176104,0.232199766540613,"NV",2022-12-04,1,0,1,1,1,1,1,1,0,1,0,0,0,1,1,1
"1409",2.48873043888251,0.261475173456502,"NV",2022-12-05,1,1,1,1,1,1,1,1,0,1,0,0,0,0,1,1
"1410",8.21793954013923,0.192511215316074,"NV",2022-12-06,1,1,0,1,0,1,1,1,0,0,0,1,0,1,1,0
"1411",1.85013146315132,0.239683927610619,"NV",2022-12-07,1,1,1,1,1,0,1,1,0,0,0,0,0,0,1,1
"1412",1.97800500320291,0.287570091949396,"NV",2022-12-08,1,1,1,1,1,1,0,0,1,1,0,1,0,1,0,0
"1413",3.34107918584045,0.289550499749574,"NV",2022-12-09,1,1,0,1,1,0,1,0,0,1,1,0,0,0,1,0
"1414",1.71590330000724,0.259888101140018,"NV",2022-12-10,1,1,1,1,1,1,1,0,0,0,0,0,0,1,1,0
"1415",4.33798039080773,0.246343212284029,"NV",2022-12-11,1,1,0,0,0,1,1,0,0,1,0,0,0,1,1,0
"1416",7.85311213851849,0.195849568886083,"NV",2022-12-12,1,1,0,0,0,1,0,1,1,1,0,0,0,1,0,1
"1417",1.90705233537772,0.312444652651711,"NV",2022-12-13,1,1,1,1,1,0,1,1,1,1,1,1,0,0,1,1
"1418",2.00149706259584,0.332286968204907,"NV",2022-12-14,1,1,1,1,1,0,0,1,1,1,0,1,0,0,0,1
"1419",4.7055812180089,0.175316683877964,"NV",2022-12-15,1,1,0,1,0,1,1,1,1,1,1,0,0,1,1,1
"1420",1.26243075925994,0.123797442983498,"NV",2022-12-16,1,1,1,1,0,1,1,1,1,1,0,0,0,1,1,0
"1421",1.39651908972953,0.266488878496699,"NV",2022-12-17,1,1,1,1,1,1,1,0,0,1,0,0,0,1,1,0
"1422",2.65406667234541,0.176280426574702,"NV",2022-12-18,1,1,1,1,0,1,1,1,1,1,1,0,0,1,1,1
"1423",2.13840344945282,0.271085041518037,"NV",2022-12-19,1,0,1,1,1,0,1,0,1,0,0,1,1,0,1,0
"1424",0.686468515846663,0.1321099971703,"NV",2022-12-20,1,1,1,1,1,1,1,1,1,1,0,1,0,1,1,1
"1425",2.4226011836744,0.243925323211576,"NV",2022-12-21,1,1,1,1,1,1,0,1,0,1,0,1,0,1,0,1
"1426",2.25325254951458,0.215642776398093,"NV",2022-12-22,1,1,1,1,1,1,1,1,0,0,0,0,0,1,1,1
"1427",2.1333802793397,0.229766450150911,"NV",2022-12-23,1,1,1,0,1,1,0,1,0,0,1,0,0,1,0,1
"1428",3.03399329224006,0.144783673812618,"NV",2022-12-24,1,1,0,1,0,1,1,1,0,1,0,1,0,1,1,0
"1429",5.50046440773321,0.313599364710675,"NY",2022-11-13,1,1,0,0,0,1,1,1,1,0,0,0,0,1,1,1
"1430",7.32473423516821,0.314262633238953,"NY",2022-11-14,0,1,1,1,1,1,1,0,0,0,1,1,0,0,0,0
"1431",3.21310554339107,0.288347221715223,"NY",2022-11-15,0,1,1,1,1,1,1,1,0,0,0,0,0,1,1,0
"1432",2.61923082407132,0.299050454313986,"NY",2022-11-16,1,1,1,0,1,1,1,1,1,0,0,1,0,1,0,1
"1433",2.38810659943361,0.287623639596142,"NY",2022-11-17,1,1,1,1,1,1,1,1,0,1,0,1,1,1,0,0
"1434",10.3878496951744,0.267552234514722,"NY",2022-11-18,1,0,0,1,0,0,1,1,1,0,0,0,0,0,0,1
"1435",3.67937406936703,0.295825564522548,"NY",2022-11-19,1,0,1,1,1,1,1,1,1,0,0,1,0,0,0,0
"1436",3.76215782885419,0.283119943960274,"NY",2022-11-20,1,1,1,1,1,1,1,1,0,0,0,0,0,0,0,1
"1437",3.93220948069814,0.265954633967735,"NY",2022-11-21,1,1,1,1,1,0,1,1,1,0,0,0,0,0,0,0
"1438",1.44710450340852,0.332139128137108,"NY",2022-11-22,1,1,1,0,1,1,1,1,1,1,0,0,0,0,0,1
"1439",4.08599919663708,0.268286836436852,"NY",2022-11-23,1,1,0,0,1,1,0,1,1,0,0,0,0,0,0,0
"1440",1.72879743767865,0.386073864164672,"NY",2022-11-24,1,0,1,1,1,0,1,1,1,0,0,1,1,0,0,1
"1441",2.7762700368742,0.320048595383644,"NY",2022-11-25,1,1,1,1,1,0,1,1,0,0,1,1,0,0,0,1
"1442",5.66176999606143,0.309235720386985,"NY",2022-11-26,1,1,0,1,1,1,1,1,0,0,0,0,0,0,0,0
"1443",6.47785027402363,0.256390003213226,"NY",2022-11-27,1,1,1,1,0,1,1,1,0,0,0,1,0,1,0,1
"1444",7.89771444400054,0.260469625656731,"NY",2022-11-28,1,0,1,0,0,0,1,1,0,0,0,0,0,0,0,0
"1445",9.98189197628721,0.234380224423655,"NY",2022-11-29,1,1,0,1,0,0,0,1,1,0,0,0,0,0,0,1
"1446",3.28880864885373,0.26281366207019,"NY",2022-11-30,1,1,0,1,1,1,0,1,0,1,0,1,1,1,0,1
"1447",4.29825948335337,0.365912055290151,"NY",2022-12-01,1,1,0,1,0,1,1,1,1,1,0,1,0,0,0,1
"1448",5.72407809817365,0.294550800465248,"NY",2022-12-02,1,1,1,1,1,1,1,1,0,0,0,0,0,0,0,1
"1449",6.09998506343041,0.327105616150614,"NY",2022-12-03,1,0,0,0,1,1,1,1,0,1,0,1,0,1,0,1
"1450",6.61875611779918,0.287946035529902,"NY",2022-12-04,1,1,1,0,1,1,0,1,0,0,0,0,0,0,0,1
"1451",5.19262197095861,0.295159442051648,"NY",2022-12-05,1,1,1,1,1,1,1,1,0,0,0,0,0,0,0,0
"1452",10.3994913610769,0.220412760186632,"NY",2022-12-06,1,1,1,1,0,0,0,1,1,0,0,0,1,0,0,1
"1453",9.36047367060926,0.263615658346888,"NY",2022-12-07,1,1,0,1,0,0,0,1,1,1,0,1,0,0,0,1
"1454",3.21035026369594,0.376674676369843,"NY",2022-12-08,1,0,0,1,0,1,1,1,1,0,0,0,0,0,0,1
"1455",5.32473556792516,0.318537898047782,"NY",2022-12-09,1,1,1,1,1,1,1,1,1,0,0,0,0,0,0,0
"1456",10.1279317013998,0.291674384309695,"NY",2022-12-10,1,1,0,1,0,0,0,1,0,0,0,0,0,0,0,0
"1457",5.47972870228433,0.329017725708724,"NY",2022-12-11,1,1,0,1,1,1,1,1,0,0,0,1,0,0,0,1
"1458",10.2139881517454,0.280388087130259,"NY",2022-12-12,1,1,1,0,0,0,1,1,1,1,0,0,0,0,0,1
"1459",1.70894804320478,0.367701062222757,"NY",2022-12-13,1,1,1,1,1,0,1,1,1,1,0,0,0,0,0,1
"1460",2.64106360403665,0.421034161878164,"NY",2022-12-14,1,1,0,1,0,1,1,1,1,1,0,0,0,1,0,1
"1461",4.12626549451051,0.325896428747747,"NY",2022-12-15,1,1,0,1,0,1,0,1,1,1,0,0,0,0,0,1
"1462",6.35708133546759,0.33877854628972,"NY",2022-12-16,1,1,1,1,1,1,1,0,0,0,0,1,0,0,0,0
"1463",14.0941245499294,0.320179634343592,"NY",2022-12-17,1,1,0,1,0,0,1,1,1,1,0,0,0,0,0,1
"1464",14.5473557070323,0.334353287573109,"NY",2022-12-18,1,1,1,0,0,0,1,0,1,1,1,0,0,0,0,0
"1465",20.4340155151125,0.363871707363241,"NY",2022-12-19,1,1,0,1,0,1,0,1,1,0,0,0,0,0,0,1
"1466",22.7847474539835,0.363706684252328,"NY",2022-12-20,1,1,1,0,0,0,0,1,1,0,0,0,0,0,0,1
"1467",2.45078203008786,0.459750324844747,"NY",2022-12-21,1,1,0,0,0,1,0,1,1,1,0,0,0,1,1,1
"1468",1.58896126818385,0.292688145906532,"NY",2022-12-22,1,1,1,1,1,1,1,1,0,1,0,1,0,0,0,1
"1469",9.02176244714139,0.314691500891333,"NY",2022-12-23,1,0,0,1,1,1,1,1,1,1,0,1,0,0,0,1
"1470",6.40826371150816,0.366818520291495,"NY",2022-12-24,1,1,0,1,0,1,1,1,1,1,0,0,0,0,0,1
"1471",1.50246795110909,0.22635446794054,"OH",2022-11-13,1,1,1,1,1,1,1,1,1,0,0,1,0,0,1,1
"1472",1.79277311232503,0.279656139562866,"OH",2022-11-14,1,1,1,1,1,1,1,0,1,0,0,0,0,0,1,0
"1473",4.35427062229082,0.327362001000923,"OH",2022-11-15,1,0,1,0,0,1,1,1,1,0,0,0,0,1,1,1
"1474",2.01396830561329,0.263013765290337,"OH",2022-11-16,1,1,1,0,1,1,1,1,1,0,0,0,0,1,1,1
"1475",2.71549991582939,0.307612002269685,"OH",2022-11-17,0,1,1,1,1,0,1,1,0,0,0,0,0,0,1,1
"1476",2.94019792112845,0.260790634032232,"OH",2022-11-18,1,1,1,1,1,1,1,1,1,0,0,0,0,0,1,1
"1477",2.65391034652186,0.30877102987986,"OH",2022-11-19,1,0,1,1,0,1,1,1,1,0,0,0,0,1,1,1
"1478",1.90178689907153,0.279760794640521,"OH",2022-11-20,1,1,1,1,1,1,1,1,1,1,0,0,0,1,1,1
"1479",2.04806443865345,0.283172260448594,"OH",2022-11-21,1,1,1,0,0,1,1,1,1,0,0,0,0,0,1,1
"1480",3.32120325781362,0.337858661515994,"OH",2022-11-22,1,0,0,1,1,1,1,0,1,0,0,0,0,1,1,0
"1481",4.60545187652954,0.311396957784723,"OH",2022-11-23,1,1,1,1,0,1,1,0,1,0,0,0,0,0,1,0
"1482",0.933617790621668,0.4502998558374,"OH",2022-11-24,1,1,1,0,1,1,1,1,1,1,1,0,0,1,1,1
"1483",1.8573931551795,0.280071121559662,"OH",2022-11-25,1,1,1,1,1,1,1,1,0,1,0,0,1,1,1,1
"1484",2.08705951040177,0.274658119055606,"OH",2022-11-26,1,1,1,1,1,0,1,1,1,0,0,0,0,0,1,1
"1485",3.41481045022834,0.251901265412381,"OH",2022-11-27,1,1,1,1,0,1,1,1,1,0,0,0,0,1,1,1
"1486",5.23528517833645,0.31220664092306,"OH",2022-11-28,0,1,0,1,0,1,1,1,0,0,0,0,0,1,1,1
"1487",6.50773906219716,0.314088684526236,"OH",2022-11-29,1,1,0,1,0,1,1,1,1,0,0,0,0,1,1,1
"1488",2.73358625462575,0.272597808822869,"OH",2022-11-30,1,1,1,1,1,1,1,1,1,0,1,1,0,1,0,1
"1489",13.4494759871681,0.315150651030927,"OH",2022-12-01,1,0,0,1,0,1,1,1,0,0,0,0,0,0,1,0
"1490",6.13926082893227,0.376151543019164,"OH",2022-12-02,1,1,0,1,0,0,1,1,1,0,0,0,0,0,1,1
"1491",6.17159337648324,0.309310556376695,"OH",2022-12-03,0,1,0,0,0,1,1,1,0,1,0,0,0,0,1,1
"1492",3.06833900848631,0.300323936292577,"OH",2022-12-04,1,0,0,1,0,1,1,1,1,0,0,0,0,1,1,1
"1493",2.10871323914717,0.298954158390018,"OH",2022-12-05,1,1,0,1,1,1,1,1,1,1,0,0,0,1,1,1
"1494",4.23778810464532,0.301908145543297,"OH",2022-12-06,1,1,1,0,0,1,1,1,0,0,1,0,0,1,1,0
"1495",15.3844561843202,0.351127481705281,"OH",2022-12-07,0,0,0,1,0,1,1,1,0,0,0,0,0,0,1,0
"1496",5.96084200913864,0.288231521611914,"OH",2022-12-08,1,1,0,1,0,1,1,1,1,0,0,0,0,0,1,0
"1497",10.2535289411144,0.34571083302977,"OH",2022-12-09,1,0,0,1,0,0,0,1,0,1,0,1,0,0,0,1
"1498",6.56410044237369,0.261456467233046,"OH",2022-12-10,1,1,0,0,1,1,1,1,1,0,0,0,0,0,1,0
"1499",6.21285831871511,0.31226854580253,"OH",2022-12-11,1,1,0,1,0,1,1,0,0,0,0,0,0,0,1,0
"1500",11.4312917960685,0.286577859961355,"OH",2022-12-12,1,1,0,0,0,1,1,1,0,0,0,0,0,0,0,0
"1501",9.93918178484373,0.386258654199044,"OH",2022-12-13,1,1,0,1,0,1,1,1,1,0,0,1,0,1,1,1
"1502",5.18567066917263,0.259416334530996,"OH",2022-12-14,1,1,0,1,0,1,0,1,0,0,0,0,0,0,0,0
"1503",8.49733719515573,0.312908422271535,"OH",2022-12-15,1,0,0,1,0,1,1,1,0,0,0,0,0,0,0,0
"1504",2.55036203050128,0.329602912330954,"OH",2022-12-16,1,1,0,1,0,1,1,0,1,1,0,0,0,1,1,1
"1505",3.58521141440978,0.278183077166274,"OH",2022-12-17,1,1,0,1,0,1,1,1,1,1,0,0,0,0,1,1
"1506",3.19732812877946,0.250387510515129,"OH",2022-12-18,1,1,0,1,1,1,1,0,1,1,0,0,0,0,0,0
"1507",20.7383405177993,0.345722887514956,"OH",2022-12-19,1,1,0,1,0,1,1,1,1,1,0,0,0,0,0,0
"1508",6.10313568864604,0.318747099058685,"OH",2022-12-20,1,1,0,1,0,0,0,1,0,1,0,0,0,0,0,1
"1509",12.066531112295,0.372325585128387,"OH",2022-12-21,1,0,0,1,0,1,1,1,0,0,0,0,0,0,0,0
"1510",8.36566436968131,0.374453960711072,"OH",2022-12-22,0,1,0,1,0,1,1,1,1,1,0,1,0,0,0,1
"1511",5.02124334238776,0.31855805227947,"OH",2022-12-23,1,0,0,1,0,1,1,1,1,0,0,0,0,1,1,1
"1512",0.941045324079334,0.163495042147949,"OH",2022-12-24,0,1,1,1,1,1,1,1,0,1,0,1,1,1,0,1
"1513",0.675476842323855,0.263581961777318,"OK",2022-11-13,1,1,1,1,1,1,1,1,1,0,1,1,0,0,1,1
"1514",1.44319879819602,0.498629459763915,"OK",2022-11-14,0,0,0,1,1,1,1,1,0,0,0,1,0,1,0,0
"1515",1.00825697148009,0.366520975405187,"OK",2022-11-15,1,1,1,1,0,1,1,1,1,1,0,1,0,0,1,1
"1516",NA,NA,"OK",2022-11-16,NA,NA,NA,NA,NA,NA,NA,NA,NA,NA,NA,NA,NA,NA,NA,NA
"1517",0.620888869390153,0.469460798931392,"OK",2022-11-17,1,1,1,1,1,1,1,1,1,1,0,1,0,1,1,1
"1518",0.601956509585423,0.45320675608945,"OK",2022-11-18,1,1,1,1,1,1,1,1,1,1,1,1,1,1,1,1
"1519",0.957764595001473,0.688394948022492,"OK",2022-11-19,1,1,1,1,1,0,1,1,1,1,0,1,1,0,1,1
"1520",0.779532295344912,0.399757519792881,"OK",2022-11-20,1,0,1,1,1,1,1,1,1,0,0,1,0,1,1,1
"1521",NA,NA,"OK",2022-11-21,NA,NA,NA,NA,NA,NA,NA,NA,NA,NA,NA,NA,NA,NA,NA,NA
"1522",0.866724870793857,0.413752378352642,"OK",2022-11-22,1,1,1,0,1,1,1,1,1,1,1,0,1,1,0,1
"1523",0.476748574428671,0.372057170967571,"OK",2022-11-23,1,1,1,1,1,1,1,1,1,1,0,1,0,1,1,1
"1524",NA,NA,"OK",2022-11-24,NA,NA,NA,NA,NA,NA,NA,NA,NA,NA,NA,NA,NA,NA,NA,NA
"1525",0.419087358342074,0.237986620493769,"OK",2022-11-25,1,1,1,1,1,1,1,1,1,1,0,1,0,1,1,1
"1526",1.11016449585812,0.352135135819438,"OK",2022-11-26,1,1,1,0,1,1,1,1,1,1,0,0,1,0,1,1
"1527",1.63289207799123,0.368680317940347,"OK",2022-11-27,1,0,1,1,1,1,1,1,1,0,1,1,0,1,1,1
"1528",1.09952839973256,0.263328821796536,"OK",2022-11-28,1,1,1,1,1,1,1,1,1,1,0,1,0,1,0,1
"1529",NA,NA,"OK",2022-11-29,NA,NA,NA,NA,NA,NA,NA,NA,NA,NA,NA,NA,NA,NA,NA,NA
"1530",0.573037865974364,0.254451752865076,"OK",2022-11-30,1,1,1,1,1,1,1,1,1,1,1,1,0,1,0,1
"1531",1.96767107995474,0.408938862561074,"OK",2022-12-01,1,0,0,1,1,1,1,1,1,0,0,1,0,0,1,1
"1532",1.5606490336257,0.354199312993876,"OK",2022-12-02,1,1,1,1,1,1,1,0,1,0,0,0,0,1,1,0
"1533",0.645407467963689,0.253431834113906,"OK",2022-12-03,1,1,1,1,1,1,1,1,1,0,0,1,0,1,0,1
"1534",1.14078081425991,0.220276527290252,"OK",2022-12-04,1,1,1,1,0,1,1,1,1,0,0,1,0,1,1,1
"1535",1.8083058885416,0.305574554320101,"OK",2022-12-05,1,1,1,1,1,1,1,1,0,0,1,0,0,0,0,1
"1536",2.04264524882987,0.322601335933458,"OK",2022-12-06,1,1,1,1,1,1,1,0,1,0,0,1,0,1,0,0
"1537",1.99626888647674,0.336972239535503,"OK",2022-12-07,1,1,1,1,1,1,1,0,1,0,0,0,0,0,0,0
"1538",2.13955889172918,0.26828405456903,"OK",2022-12-08,1,1,1,1,1,1,1,1,0,1,0,1,0,0,0,1
"1539",1.68240157403127,0.308882734652362,"OK",2022-12-09,0,1,1,1,1,1,1,0,0,1,0,1,0,1,0,0
"1540",4.13327245737156,0.163709207751665,"OK",2022-12-10,1,1,0,1,0,1,1,1,1,1,0,1,0,1,0,1
"1541",1.24252831278592,0.156068019544029,"OK",2022-12-11,1,1,1,1,0,1,1,1,1,1,0,1,0,1,0,1
"1542",3.66175191388416,0.231106037279497,"OK",2022-12-12,1,1,1,1,0,1,1,1,0,0,0,0,0,0,0,1
"1543",4.37892504040058,0.276804138657158,"OK",2022-12-13,1,1,0,1,1,1,1,1,1,1,0,0,0,0,0,1
"1544",2.83409670597222,0.241760104412299,"OK",2022-12-14,1,0,1,1,1,1,1,1,0,0,0,0,0,0,0,1
"1545",3.107579194588,0.24256018228432,"OK",2022-12-15,1,1,1,1,1,1,1,0,0,1,1,1,0,0,0,0
"1546",2.28970004643761,0.250108362459215,"OK",2022-12-16,1,1,1,0,1,1,1,1,1,1,0,0,0,0,0,1
"1547",2.12406381753277,0.291998284054501,"OK",2022-12-17,1,1,0,1,1,1,1,1,1,1,0,0,0,0,0,1
"1548",2.42167902812035,0.248187745750552,"OK",2022-12-18,1,1,1,0,1,1,1,1,0,1,0,0,0,0,0,1
"1549",3.69754444821647,0.269596842971202,"OK",2022-12-19,1,0,0,1,1,1,1,1,0,1,0,1,0,0,0,1
"1550",3.80722555190077,0.197626817179013,"OK",2022-12-20,1,1,1,1,0,1,1,1,0,1,0,0,0,0,0,0
"1551",19.5007025039373,0.485894681772472,"OK",2022-12-21,1,1,1,1,0,0,1,0,1,1,0,0,0,0,0,0
"1552",1.68735744662836,0.234674630310571,"OK",2022-12-22,1,1,1,1,1,1,1,1,1,1,0,1,0,0,0,1
"1553",2.55279031044748,0.184315428676329,"OK",2022-12-23,1,1,1,1,0,1,1,1,1,1,0,0,0,0,0,1
"1554",1.11552046257687,0.306705494518476,"OK",2022-12-24,1,1,0,1,1,1,1,1,1,1,0,1,0,1,0,1
"1555",2.85464601450303,0.32076167047759,"OR",2022-11-13,1,0,1,1,0,1,1,0,1,0,1,0,0,1,1,0
"1556",2.99342750705704,0.303030963162072,"OR",2022-11-14,1,1,0,1,0,0,1,1,1,1,0,0,0,0,1,1
"1557",2.36864468484421,0.317583678303905,"OR",2022-11-15,1,1,0,1,0,1,1,1,1,0,0,1,0,0,1,1
"1558",0.77383616467439,0.215949712598943,"OR",2022-11-16,1,1,1,1,1,1,1,1,1,0,0,1,0,0,1,1
"1559",0.807330046196857,0.201148932221465,"OR",2022-11-17,1,1,1,1,1,1,1,1,1,1,1,1,1,1,1,1
"1560",1.67603072146324,0.314649413423007,"OR",2022-11-18,1,1,1,1,1,0,1,1,1,0,1,0,0,0,1,1
"1561",0.695069149253383,0.239438861897553,"OR",2022-11-19,1,1,1,1,1,1,1,1,1,1,0,1,0,1,1,1
"1562",2.99318211223261,0.304682063525793,"OR",2022-11-20,1,1,0,1,0,1,1,1,1,0,0,1,0,0,1,1
"1563",2.62359449478881,0.298020593885668,"OR",2022-11-21,1,1,0,1,0,1,1,1,1,0,0,1,0,1,1,1
"1564",1.60958354253547,0.274252753272643,"OR",2022-11-22,1,1,1,1,1,1,1,1,1,0,0,0,1,0,1,1
"1565",1.40816764142976,0.338882393417909,"OR",2022-11-23,1,1,1,0,1,1,1,1,1,1,0,0,0,1,1,1
"1566",0.258448714997504,0.261794826226958,"OR",2022-11-24,1,1,1,1,1,1,1,1,1,1,0,1,0,1,1,1
"1567",1.44278761898347,0.302163756825251,"OR",2022-11-25,1,1,1,0,1,1,1,1,1,0,1,0,1,1,1,1
"1568",1.3024451274074,0.3065692777901,"OR",2022-11-26,1,1,1,1,1,0,1,1,1,0,1,1,1,0,1,1
"1569",1.16453479209515,0.303843217685517,"OR",2022-11-27,1,1,1,1,1,1,1,1,1,1,0,1,0,1,1,1
"1570",1.65258724075156,0.277364759294709,"OR",2022-11-28,1,1,1,1,1,1,1,1,1,1,0,0,0,0,1,1
"1571",1.50759032790286,0.309757659236459,"OR",2022-11-29,1,1,1,0,1,1,1,1,1,1,1,0,0,1,1,1
"1572",7.18541100081265,0.371439845851977,"OR",2022-11-30,1,0,0,0,0,1,0,1,1,0,0,0,0,0,0,1
"1573",2.81848973534038,0.327356594239617,"OR",2022-12-01,1,1,0,0,0,1,1,1,1,1,0,0,1,1,1,1
"1574",4.10955406886311,0.268791464052704,"OR",2022-12-02,1,1,0,0,1,1,1,1,1,0,0,0,0,0,1,1
"1575",1.02720158671934,0.294709338176604,"OR",2022-12-03,1,1,1,1,1,1,1,1,1,0,1,0,0,0,1,1
"1576",1.3523950637775,0.224851162772283,"OR",2022-12-04,1,1,0,1,0,1,1,1,1,1,0,1,0,1,1,1
"1577",1.40637453369911,0.321033982341023,"OR",2022-12-05,1,1,1,0,1,1,1,1,1,1,1,0,0,1,1,1
"1578",4.22895107646264,0.283726239273134,"OR",2022-12-06,1,1,0,1,0,0,1,1,1,1,0,0,0,0,1,1
"1579",1.57009165587339,0.318503540689914,"OR",2022-12-07,1,0,1,1,1,1,1,1,1,0,0,1,0,0,1,1
"1580",2.95694110174196,0.245910769406652,"OR",2022-12-08,1,1,0,1,0,1,1,1,1,1,0,0,0,1,1,0
"1581",1.31567929369465,0.263636375600798,"OR",2022-12-09,1,1,1,1,1,1,1,1,0,1,0,0,0,0,1,1
"1582",0.779026297850218,0.241291280404929,"OR",2022-12-10,1,1,1,1,1,1,1,1,1,1,0,0,0,0,1,1
"1583",3.52039376545868,0.360619386157639,"OR",2022-12-11,1,1,0,1,0,1,1,1,1,1,0,1,0,0,1,1
"1584",1.29359870073884,0.296578149737609,"OR",2022-12-12,1,1,1,1,1,1,0,1,1,1,0,1,0,1,0,1
"1585",1.9177272807557,0.239678053753392,"OR",2022-12-13,1,1,1,1,0,1,0,1,1,1,0,0,0,1,0,1
"1586",1.76741803235736,0.286463662430341,"OR",2022-12-14,1,1,1,0,1,1,0,1,1,0,0,0,0,1,0,1
"1587",1.68934314929075,0.236726365797595,"OR",2022-12-15,1,1,1,1,1,1,1,1,1,1,1,1,0,0,1,1
"1588",0.787162253089111,0.291997246869873,"OR",2022-12-16,1,1,1,1,1,1,1,1,1,1,0,1,1,0,1,1
"1589",1.06667217169357,0.267097448840919,"OR",2022-12-17,1,1,1,1,1,1,0,1,1,1,0,1,0,1,0,1
"1590",0.852653265630677,0.270445252293677,"OR",2022-12-18,1,1,1,1,1,1,1,1,1,1,0,0,0,0,1,1
"1591",1.26485477924364,0.229941212058747,"OR",2022-12-19,1,1,1,1,1,1,1,1,1,1,0,0,0,1,1,1
"1592",1.2988655500887,0.179619626529493,"OR",2022-12-20,1,1,1,1,0,1,1,1,1,1,0,0,0,1,1,0
"1593",1.8582756112289,0.32566568517777,"OR",2022-12-21,1,1,0,1,1,1,1,1,1,1,0,1,0,1,1,1
"1594",1.62651369710133,0.0947487091421422,"OR",2022-12-22,1,1,1,1,0,1,1,1,0,1,0,0,0,1,1,1
"1595",0.708781308910501,0.516616065467183,"OR",2022-12-23,1,1,0,1,1,1,1,1,1,1,0,1,0,1,1,1
"1596",0.933326307154958,0.0875202085571419,"OR",2022-12-24,1,1,1,1,0,1,1,1,1,1,0,0,0,1,1,1
"1597",3.14553914588056,0.307131083735826,"PA",2022-11-13,1,0,1,1,1,0,1,1,1,0,0,0,0,0,1,0
"1598",5.86939516901741,0.299394239417022,"PA",2022-11-14,1,1,1,0,0,1,1,1,1,0,0,0,0,0,1,1
"1599",3.06007626593727,0.291549674726233,"PA",2022-11-15,1,1,0,1,1,1,1,1,1,1,1,1,0,0,1,1
"1600",2.92658524311318,0.327233401376313,"PA",2022-11-16,1,1,1,0,1,1,1,1,1,0,0,0,1,0,1,0
"1601",2.98880205014012,0.313418070435627,"PA",2022-11-17,0,1,1,1,1,1,1,1,0,0,0,1,0,0,0,1
"1602",3.56893562657455,0.325813207904824,"PA",2022-11-18,1,1,1,0,1,1,0,1,1,0,0,0,0,0,0,1
"1603",1.6921674169553,0.311996896927912,"PA",2022-11-19,1,1,1,1,1,1,1,1,1,0,0,0,0,1,1,1
"1604",2.57254563789166,0.32053397505236,"PA",2022-11-20,0,1,1,1,1,0,1,1,0,0,0,1,0,0,1,1
"1605",4.91128325114475,0.293731225514742,"PA",2022-11-21,1,1,0,1,1,0,1,1,1,1,0,0,0,0,1,0
"1606",2.39054934153905,0.268927485150226,"PA",2022-11-22,1,1,1,1,1,1,1,1,1,1,0,0,0,1,1,1
"1607",2.76506205332172,0.311156430587428,"PA",2022-11-23,0,1,1,1,1,1,1,1,1,0,0,0,0,0,1,0
"1608",0.231402956751472,0.174590048750534,"PA",2022-11-24,1,1,1,1,1,1,1,1,1,1,1,1,1,1,1,1
"1609",2.00764707430441,0.293098520423844,"PA",2022-11-25,1,1,1,1,1,1,1,0,0,0,0,0,0,0,1,0
"1610",2.76931594751466,0.303970466899004,"PA",2022-11-26,1,1,0,0,1,1,1,1,1,0,0,0,0,0,1,1
"1611",1.7904847208423,0.278762894553182,"PA",2022-11-27,1,1,1,1,1,0,1,1,1,0,0,0,1,0,1,1
"1612",6.86774328749628,0.312731444149041,"PA",2022-11-28,1,0,0,0,1,0,1,1,1,0,0,0,0,0,1,1
"1613",3.20894674174786,0.276424961048052,"PA",2022-11-29,1,1,1,1,1,0,1,1,0,0,0,0,0,1,0,0
"1614",3.61886803967638,0.296552443676489,"PA",2022-11-30,1,1,0,1,1,1,1,0,1,0,0,0,0,1,0,0
"1615",2.53683216839824,0.305727620996218,"PA",2022-12-01,1,1,1,1,1,1,1,0,1,0,0,0,0,0,0,0
"1616",5.23116632208444,0.299610253290675,"PA",2022-12-02,1,1,0,0,1,0,1,0,1,0,0,1,0,0,1,0
"1617",4.51490387853209,0.280479817163066,"PA",2022-12-03,1,1,0,1,1,1,1,0,1,1,0,0,0,0,1,0
"1618",5.22631702626176,0.308873484205526,"PA",2022-12-04,1,1,1,1,0,0,1,0,1,1,0,0,0,0,0,0
"1619",4.71934251044114,0.27226172996168,"PA",2022-12-05,1,1,1,1,1,0,1,1,1,0,0,0,0,0,0,1
"1620",3.39459343016053,0.26495952846212,"PA",2022-12-06,0,1,1,0,1,1,1,1,0,0,0,0,0,0,0,0
"1621",4.17921771516133,0.256131400430439,"PA",2022-12-07,1,0,1,1,1,1,1,1,0,0,0,0,0,0,0,1
"1622",3.71296921763988,0.257022040602089,"PA",2022-12-08,1,1,0,1,1,1,0,1,1,0,0,0,0,1,0,1
"1623",3.34679913967874,0.272975889512148,"PA",2022-12-09,1,1,1,1,1,1,1,1,1,0,0,0,0,0,0,1
"1624",4.63024421783276,0.333529014053636,"PA",2022-12-10,1,1,1,0,0,1,1,0,1,1,0,0,0,0,0,0
"1625",5.44927311829767,0.342318206478304,"PA",2022-12-11,1,1,0,1,0,1,0,1,1,1,0,1,0,0,0,1
"1626",11.2300063227173,0.326981155520742,"PA",2022-12-12,1,0,1,0,0,0,0,1,1,1,0,0,0,0,0,1
"1627",5.47837984237814,0.29907162022695,"PA",2022-12-13,1,1,1,1,1,0,1,0,0,1,0,0,0,0,0,0
"1628",7.51371100677337,0.321614596776329,"PA",2022-12-14,1,0,0,1,0,1,1,1,1,0,0,0,0,0,0,1
"1629",2.86488167469009,0.23527319796864,"PA",2022-12-15,1,1,1,1,1,1,1,1,1,0,0,0,0,0,0,1
"1630",4.25424457033558,0.310134022928054,"PA",2022-12-16,1,1,1,1,1,0,0,1,1,0,1,0,0,0,0,0
"1631",3.87023238175637,0.255672139065888,"PA",2022-12-17,1,1,1,1,1,1,0,1,1,0,0,1,0,1,0,0
"1632",3.27562051120949,0.28311303822849,"PA",2022-12-18,1,0,1,0,1,1,1,0,0,0,0,1,0,0,0,0
"1633",15.8802308520407,0.324480680140988,"PA",2022-12-19,1,1,0,1,0,1,0,0,1,1,1,0,0,0,0,0
"1634",6.98571878062013,0.331903476530215,"PA",2022-12-20,1,0,1,0,0,1,0,0,1,0,0,1,0,0,0,0
"1635",3.31650941007509,0.272907824726071,"PA",2022-12-21,1,1,0,1,1,1,1,1,1,0,0,0,0,0,0,1
"1636",4.89467266024789,0.167213697256823,"PA",2022-12-22,1,1,1,1,0,1,1,1,1,1,0,0,0,0,0,1
"1637",10.3275206271686,0.346004601655922,"PA",2022-12-23,1,0,0,1,0,1,1,1,0,0,0,0,0,0,0,1
"1638",2.72554130557277,0.240414732396151,"PA",2022-12-24,1,1,0,1,1,1,1,1,0,0,1,0,0,1,0,1
"1639",NA,NA,"PR",2022-11-13,NA,NA,NA,NA,NA,NA,NA,NA,NA,NA,NA,NA,NA,NA,NA,NA
"1640",NA,NA,"PR",2022-11-14,NA,NA,NA,NA,NA,NA,NA,NA,NA,NA,NA,NA,NA,NA,NA,NA
"1641",NA,NA,"PR",2022-11-15,NA,NA,NA,NA,NA,NA,NA,NA,NA,NA,NA,NA,NA,NA,NA,NA
"1642",NA,NA,"PR",2022-11-16,NA,NA,NA,NA,NA,NA,NA,NA,NA,NA,NA,NA,NA,NA,NA,NA
"1643",NA,NA,"PR",2022-11-17,NA,NA,NA,NA,NA,NA,NA,NA,NA,NA,NA,NA,NA,NA,NA,NA
"1644",NA,NA,"PR",2022-11-18,NA,NA,NA,NA,NA,NA,NA,NA,NA,NA,NA,NA,NA,NA,NA,NA
"1645",NA,NA,"PR",2022-11-19,NA,NA,NA,NA,NA,NA,NA,NA,NA,NA,NA,NA,NA,NA,NA,NA
"1646",NA,NA,"PR",2022-11-20,NA,NA,NA,NA,NA,NA,NA,NA,NA,NA,NA,NA,NA,NA,NA,NA
"1647",NA,NA,"PR",2022-11-21,NA,NA,NA,NA,NA,NA,NA,NA,NA,NA,NA,NA,NA,NA,NA,NA
"1648",NA,NA,"PR",2022-11-22,NA,NA,NA,NA,NA,NA,NA,NA,NA,NA,NA,NA,NA,NA,NA,NA
"1649",NA,NA,"PR",2022-11-23,NA,NA,NA,NA,NA,NA,NA,NA,NA,NA,NA,NA,NA,NA,NA,NA
"1650",NA,NA,"PR",2022-11-24,NA,NA,NA,NA,NA,NA,NA,NA,NA,NA,NA,NA,NA,NA,NA,NA
"1651",NA,NA,"PR",2022-11-25,NA,NA,NA,NA,NA,NA,NA,NA,NA,NA,NA,NA,NA,NA,NA,NA
"1652",NA,NA,"PR",2022-11-26,NA,NA,NA,NA,NA,NA,NA,NA,NA,NA,NA,NA,NA,NA,NA,NA
"1653",0.421342600338313,0.327857026720471,"PR",2022-11-27,1,1,1,1,1,1,1,1,1,1,1,1,1,1,1,1
"1654",0.297884485777422,0.189759612640133,"PR",2022-11-28,1,1,1,1,1,1,1,1,1,1,1,1,1,1,1,1
"1655",NA,NA,"PR",2022-11-29,NA,NA,NA,NA,NA,NA,NA,NA,NA,NA,NA,NA,NA,NA,NA,NA
"1656",NA,NA,"PR",2022-11-30,NA,NA,NA,NA,NA,NA,NA,NA,NA,NA,NA,NA,NA,NA,NA,NA
"1657",NA,NA,"PR",2022-12-01,NA,NA,NA,NA,NA,NA,NA,NA,NA,NA,NA,NA,NA,NA,NA,NA
"1658",NA,NA,"PR",2022-12-02,NA,NA,NA,NA,NA,NA,NA,NA,NA,NA,NA,NA,NA,NA,NA,NA
"1659",NA,NA,"PR",2022-12-03,NA,NA,NA,NA,NA,NA,NA,NA,NA,NA,NA,NA,NA,NA,NA,NA
"1660",NA,NA,"PR",2022-12-04,NA,NA,NA,NA,NA,NA,NA,NA,NA,NA,NA,NA,NA,NA,NA,NA
"1661",0.293137140729154,0.257012756482759,"PR",2022-12-05,1,1,1,1,1,1,1,1,1,1,0,0,0,1,0,1
"1662",NA,NA,"PR",2022-12-06,NA,NA,NA,NA,NA,NA,NA,NA,NA,NA,NA,NA,NA,NA,NA,NA
"1663",NA,NA,"PR",2022-12-07,NA,NA,NA,NA,NA,NA,NA,NA,NA,NA,NA,NA,NA,NA,NA,NA
"1664",NA,NA,"PR",2022-12-08,NA,NA,NA,NA,NA,NA,NA,NA,NA,NA,NA,NA,NA,NA,NA,NA
"1665",NA,NA,"PR",2022-12-09,NA,NA,NA,NA,NA,NA,NA,NA,NA,NA,NA,NA,NA,NA,NA,NA
"1666",NA,NA,"PR",2022-12-10,NA,NA,NA,NA,NA,NA,NA,NA,NA,NA,NA,NA,NA,NA,NA,NA
"1667",NA,NA,"PR",2022-12-11,NA,NA,NA,NA,NA,NA,NA,NA,NA,NA,NA,NA,NA,NA,NA,NA
"1668",NA,NA,"PR",2022-12-12,NA,NA,NA,NA,NA,NA,NA,NA,NA,NA,NA,NA,NA,NA,NA,NA
"1669",NA,NA,"PR",2022-12-13,NA,NA,NA,NA,NA,NA,NA,NA,NA,NA,NA,NA,NA,NA,NA,NA
"1670",NA,NA,"PR",2022-12-14,NA,NA,NA,NA,NA,NA,NA,NA,NA,NA,NA,NA,NA,NA,NA,NA
"1671",NA,NA,"PR",2022-12-15,NA,NA,NA,NA,NA,NA,NA,NA,NA,NA,NA,NA,NA,NA,NA,NA
"1672",NA,NA,"PR",2022-12-16,NA,NA,NA,NA,NA,NA,NA,NA,NA,NA,NA,NA,NA,NA,NA,NA
"1673",NA,NA,"PR",2022-12-17,NA,NA,NA,NA,NA,NA,NA,NA,NA,NA,NA,NA,NA,NA,NA,NA
"1674",NA,NA,"PR",2022-12-18,NA,NA,NA,NA,NA,NA,NA,NA,NA,NA,NA,NA,NA,NA,NA,NA
"1675",NA,NA,"PR",2022-12-19,NA,NA,NA,NA,NA,NA,NA,NA,NA,NA,NA,NA,NA,NA,NA,NA
"1676",NA,NA,"PR",2022-12-20,NA,NA,NA,NA,NA,NA,NA,NA,NA,NA,NA,NA,NA,NA,NA,NA
"1677",0.326591833141724,0.27875464955713,"PR",2022-12-21,1,1,1,1,1,1,1,1,1,1,1,1,0,1,0,1
"1678",0.34769575541255,0.255323795598739,"PR",2022-12-22,1,1,1,1,1,1,1,1,1,1,0,1,0,1,0,1
"1679",NA,NA,"PR",2022-12-23,NA,NA,NA,NA,NA,NA,NA,NA,NA,NA,NA,NA,NA,NA,NA,NA
"1680",NA,NA,"PR",2022-12-24,NA,NA,NA,NA,NA,NA,NA,NA,NA,NA,NA,NA,NA,NA,NA,NA
"1681",1.34122695476786,0.325033303693217,"RI",2022-11-13,1,0,1,1,1,1,1,1,1,0,0,1,0,0,1,1
"1682",2.79005838939425,0.354041948785015,"RI",2022-11-14,0,0,0,1,1,1,1,1,0,0,0,0,0,1,0,0
"1683",0.24847916806565,0.258804299478009,"RI",2022-11-15,1,1,1,1,1,1,1,1,1,1,1,1,1,1,1,1
"1684",NA,NA,"RI",2022-11-16,NA,NA,NA,NA,NA,NA,NA,NA,NA,NA,NA,NA,NA,NA,NA,NA
"1685",1.03547737846312,0.288636283127596,"RI",2022-11-17,1,1,1,1,1,1,1,1,1,1,1,0,1,0,1,1
"1686",0.85262950120111,0.316606649727126,"RI",2022-11-18,1,1,1,1,1,0,1,1,1,1,1,1,0,0,1,1
"1687",1.29956917406888,0.29201818106692,"RI",2022-11-19,1,1,1,1,1,1,1,1,1,0,0,1,0,0,1,1
"1688",1.52951953669143,0.303104257606355,"RI",2022-11-20,1,1,0,1,0,1,1,1,1,0,0,1,0,1,1,1
"1689",NA,NA,"RI",2022-11-21,NA,NA,NA,NA,NA,NA,NA,NA,NA,NA,NA,NA,NA,NA,NA,NA
"1690",0.72631986247609,0.386650057279089,"RI",2022-11-22,1,0,1,1,1,1,1,1,1,0,0,1,0,1,1,1
"1691",0.237417047738453,0.256876790918385,"RI",2022-11-23,1,1,1,1,1,1,1,1,1,1,1,1,1,1,1,1
"1692",NA,NA,"RI",2022-11-24,NA,NA,NA,NA,NA,NA,NA,NA,NA,NA,NA,NA,NA,NA,NA,NA
"1693",0.564565430843161,0.277718547547855,"RI",2022-11-25,1,1,1,1,1,1,1,1,1,1,0,1,1,1,1,0
"1694",1.20547337797149,0.249036501891246,"RI",2022-11-26,1,1,1,1,1,1,1,1,1,1,1,0,0,0,1,1
"1695",2.50466500044337,0.316701894739025,"RI",2022-11-27,1,1,0,1,1,1,0,1,1,1,1,1,1,1,1,1
"1696",2.66142463683472,0.334951246167419,"RI",2022-11-28,1,0,0,1,1,1,1,0,1,0,0,0,0,0,0,0
"1697",NA,NA,"RI",2022-11-29,NA,NA,NA,NA,NA,NA,NA,NA,NA,NA,NA,NA,NA,NA,NA,NA
"1698",NA,NA,"RI",2022-11-30,NA,NA,NA,NA,NA,NA,NA,NA,NA,NA,NA,NA,NA,NA,NA,NA
"1699",1.38266096943287,0.47730941528425,"RI",2022-12-01,1,1,1,1,0,1,0,1,1,1,1,1,0,1,0,1
"1700",1.27630132492536,0.328630057090577,"RI",2022-12-02,1,1,1,1,1,1,1,1,1,0,0,1,0,0,0,1
"1701",1.33903903934538,0.308099536886248,"RI",2022-12-03,1,1,1,1,1,1,1,1,0,0,0,0,0,0,0,1
"1702",2.05640151436413,0.362923919377105,"RI",2022-12-04,1,1,1,1,1,1,0,1,1,1,0,0,0,0,0,1
"1703",1.7484056383497,0.333278429450482,"RI",2022-12-05,1,1,1,1,1,1,0,1,1,1,0,1,0,0,0,1
"1704",1.10365727484689,0.420171259885443,"RI",2022-12-06,1,0,1,1,1,1,1,1,1,0,1,0,1,1,1,1
"1705",1.14503577956576,0.413016115701479,"RI",2022-12-07,1,0,1,1,1,1,1,1,1,0,0,1,0,1,0,1
"1706",1.28938012520995,0.399657000960199,"RI",2022-12-08,1,1,1,1,1,1,0,0,1,1,1,1,0,1,0,0
"1707",1.4094581136345,0.282969511121327,"RI",2022-12-09,1,1,1,1,1,0,1,1,1,1,0,1,0,0,1,1
"1708",1.21685587172836,0.488881571468914,"RI",2022-12-10,1,1,1,1,1,0,0,1,1,1,0,0,1,0,0,1
"1709",4.59338016720815,0.385344802364349,"RI",2022-12-11,1,1,0,1,1,0,0,1,1,1,0,0,0,0,0,1
"1710",0.870091492080825,0.43439996636766,"RI",2022-12-12,1,1,1,1,1,0,1,1,1,1,1,1,0,0,1,1
"1711",0.348543921637965,0.300287130422403,"RI",2022-12-13,1,1,1,1,1,1,1,1,1,1,0,1,0,1,1,1
"1712",0.523367043014864,0.0951276374124353,"RI",2022-12-14,1,1,1,1,1,1,1,1,1,1,0,1,0,1,1,1
"1713",1.64705110977479,0.092459918075253,"RI",2022-12-15,1,1,1,1,0,1,1,1,1,1,1,1,0,1,0,1
"1714",1.63258641577948,0.336882333782991,"RI",2022-12-16,1,0,1,1,1,1,1,1,1,0,0,1,0,1,0,1
"1715",4.54713501280756,0.388837198721547,"RI",2022-12-17,1,1,0,1,1,1,0,1,1,1,1,0,0,1,0,1
"1716",2.75666371812265,0.394122463069793,"RI",2022-12-18,1,1,1,1,0,1,1,1,1,1,0,0,0,1,0,1
"1717",6.22687199038914,0.417967172749028,"RI",2022-12-19,1,1,1,1,0,1,0,1,1,1,0,0,0,1,0,1
"1718",0.865448778296658,0.630766327420964,"RI",2022-12-20,1,1,1,1,1,1,0,1,1,1,1,1,0,1,0,1
"1719",0.791045195275009,0.423595708787229,"RI",2022-12-21,1,1,1,1,1,1,0,1,1,1,0,1,0,1,1,1
"1720",7.16504678980858,0.617438046296963,"RI",2022-12-22,1,1,1,1,0,1,0,1,1,0,0,1,0,1,0,1
"1721",5.16799066008915,0.43101688662724,"RI",2022-12-23,1,1,1,1,0,1,0,1,1,1,0,1,0,1,0,1
"1722",0.702453915338955,0.346885778897751,"RI",2022-12-24,1,1,1,1,1,1,0,1,1,1,1,1,0,1,0,1
"1723",1.13620371975667,0.245974339061624,"SC",2022-11-13,1,1,1,1,1,1,1,1,1,1,0,1,0,1,1,1
"1724",7.64905260813406,0.242221286388881,"SC",2022-11-14,1,0,0,1,0,1,1,1,1,1,0,0,0,1,1,1
"1725",1.18808635581393,0.313676670670281,"SC",2022-11-15,1,1,1,1,1,1,1,1,1,0,0,0,0,1,1,1
"1726",1.47115420808664,0.276549158113782,"SC",2022-11-16,1,1,1,1,1,1,1,0,1,0,0,0,0,1,1,0
"1727",2.96531385298852,0.28305106406513,"SC",2022-11-17,1,1,0,1,0,1,1,1,1,1,0,0,0,1,1,0
"1728",1.35279771566038,0.257851413282408,"SC",2022-11-18,1,1,1,1,1,1,1,1,1,0,1,1,0,1,1,1
"1729",0.785571528423812,0.339203028168072,"SC",2022-11-19,1,1,1,0,1,1,1,1,1,0,1,0,1,1,1,1
"1730",1.71313358887892,0.40287570456823,"SC",2022-11-20,1,1,1,0,1,1,0,0,1,1,1,0,1,1,0,0
"1731",4.1744861939021,0.237420452860085,"SC",2022-11-21,1,1,0,1,0,1,1,1,1,1,0,0,0,0,1,1
"1732",4.12116242761845,0.219118739910586,"SC",2022-11-22,1,1,0,1,0,1,1,1,1,0,0,1,0,1,1,1
"1733",1.31528132479855,0.303651091221211,"SC",2022-11-23,1,0,1,1,1,1,1,1,1,0,1,0,0,0,1,1
"1734",NA,NA,"SC",2022-11-24,NA,NA,NA,NA,NA,NA,NA,NA,NA,NA,NA,NA,NA,NA,NA,NA
"1735",3.88238584634493,0.349606960808799,"SC",2022-11-25,1,0,0,0,0,1,1,1,1,0,0,0,0,0,1,1
"1736",1.28076474560781,0.273938969774757,"SC",2022-11-26,1,1,1,1,1,1,1,1,1,0,0,1,0,1,1,1
"1737",1.23079878439843,0.219965134436925,"SC",2022-11-27,1,1,1,1,1,1,1,1,1,1,0,0,1,1,1,1
"1738",2.49792627925468,0.205128214778159,"SC",2022-11-28,1,1,1,1,0,1,1,1,1,0,0,1,0,1,1,0
"1739",3.24989978968435,0.268158574695287,"SC",2022-11-29,0,0,1,0,1,1,1,1,0,0,0,0,0,1,1,1
"1740",2.54697560415405,0.267787379749624,"SC",2022-11-30,1,0,1,1,1,1,1,1,0,0,0,0,0,1,1,0
"1741",5.13422586663065,0.28092685965394,"SC",2022-12-01,1,1,0,1,0,1,1,1,1,1,0,0,0,1,1,1
"1742",1.64352697159808,0.30244119508474,"SC",2022-12-02,1,1,1,1,1,0,1,0,1,0,1,0,0,0,1,0
"1743",0.771516543817515,0.548534090018629,"SC",2022-12-03,1,1,0,1,1,1,1,1,1,0,0,1,1,1,1,1
"1744",1.42820700164882,0.381440374189468,"SC",2022-12-04,1,1,1,1,1,0,1,0,1,1,1,1,0,0,1,1
"1745",3.74526731858076,0.421700557255527,"SC",2022-12-05,1,0,0,1,0,1,0,1,1,0,0,0,0,0,1,1
"1746",5.83203219462891,0.315633142757974,"SC",2022-12-06,1,1,0,1,0,1,0,1,0,1,0,1,0,0,0,1
"1747",2.50433980055217,0.261968289784501,"SC",2022-12-07,0,1,1,1,0,0,1,0,1,0,0,0,0,0,1,0
"1748",4.39660610147614,0.272819253442805,"SC",2022-12-08,1,0,0,1,0,1,0,1,1,0,0,0,0,0,0,1
"1749",4.79001305190191,0.321660249638274,"SC",2022-12-09,1,1,0,0,0,1,1,1,1,1,0,0,0,0,1,1
"1750",2.49024092690727,0.502420579710669,"SC",2022-12-10,1,1,0,1,0,1,1,1,1,1,0,1,0,1,1,1
"1751",0.848977439538658,0.283328352304979,"SC",2022-12-11,1,1,1,0,1,1,1,1,1,1,1,0,0,1,1,1
"1752",4.14802908338341,0.39976756240294,"SC",2022-12-12,1,0,0,1,0,1,1,1,1,0,0,1,0,1,1,1
"1753",1.85750678584668,0.349093979835183,"SC",2022-12-13,1,1,1,0,0,1,1,0,1,1,1,0,0,1,1,0
"1754",1.06625084000581,0.185250299879727,"SC",2022-12-14,1,1,0,1,1,1,1,1,1,1,0,1,1,1,0,1
"1755",1.65292664845357,0.175154888299386,"SC",2022-12-15,0,0,1,1,1,1,1,1,0,0,0,0,0,0,1,1
"1756",3.31814408551731,0.425062806817157,"SC",2022-12-16,1,1,0,1,0,1,1,1,1,1,0,1,0,1,1,1
"1757",1.55420297562101,0.378793399993506,"SC",2022-12-17,1,1,0,1,0,1,1,1,1,1,0,1,0,0,1,1
"1758",3.15314226476674,0.210867011491941,"SC",2022-12-18,1,1,0,1,0,1,1,1,1,1,0,1,0,1,1,1
"1759",6.00059988743151,0.226756473504811,"SC",2022-12-19,1,1,1,1,0,1,1,0,1,1,0,0,0,0,0,0
"1760",2.47720122295995,0.216811101460617,"SC",2022-12-20,1,1,0,1,0,1,0,1,1,1,0,1,0,1,0,1
"1761",1.53720777533308,0.214982557747979,"SC",2022-12-21,0,1,1,1,1,1,1,0,0,1,1,0,1,0,1,0
"1762",1.6569967135842,0.10340637933929,"SC",2022-12-22,1,0,1,1,1,1,1,0,1,0,0,1,0,0,1,0
"1763",9.00540657594596,0.304023049510402,"SC",2022-12-23,1,0,0,1,0,1,0,0,1,1,0,1,0,0,0,0
"1764",3.84974067781775,0.288952930889701,"SC",2022-12-24,1,1,0,1,0,1,1,1,1,1,0,1,0,1,0,1
"1765",1.09798791443062,0.8012326694144,"SD",2022-11-13,1,1,0,1,0,1,1,1,1,1,0,1,0,1,1,1
"1766",0.275722027736769,0.0232223209300512,"SD",2022-11-14,1,1,1,1,1,1,1,1,1,1,1,1,1,1,1,1
"1767",1.09673636371028,0.798819086046799,"SD",2022-11-15,1,1,0,1,0,1,1,1,1,1,0,1,0,1,1,1
"1768",0.147093863316414,0.0233563787496214,"SD",2022-11-16,1,1,1,1,1,1,1,1,1,1,1,1,1,1,1,1
"1769",0.274298704010281,0.0234155709141864,"SD",2022-11-17,1,1,1,1,1,1,1,1,1,0,0,1,1,1,1,1
"1770",0.153406041134049,0.0234693162623291,"SD",2022-11-18,1,1,1,1,1,1,1,1,1,1,1,1,1,1,1,1
"1771",NA,NA,"SD",2022-11-19,NA,NA,NA,NA,NA,NA,NA,NA,NA,NA,NA,NA,NA,NA,NA,NA
"1772",NA,NA,"SD",2022-11-20,NA,NA,NA,NA,NA,NA,NA,NA,NA,NA,NA,NA,NA,NA,NA,NA
"1773",0.861366822093386,0.408104636550611,"SD",2022-11-21,1,1,1,1,0,1,1,1,1,1,0,1,0,1,1,1
"1774",0.727159208863098,0.279663230117747,"SD",2022-11-22,1,1,1,1,0,1,1,1,1,0,1,1,0,1,1,1
"1775",0.174666213061289,0.0236526089947599,"SD",2022-11-23,1,1,1,1,1,1,1,1,1,0,0,1,1,1,1,1
"1776",NA,NA,"SD",2022-11-24,NA,NA,NA,NA,NA,NA,NA,NA,NA,NA,NA,NA,NA,NA,NA,NA
"1777",2.54739125500805,0.48309459667861,"SD",2022-11-25,1,1,0,1,0,1,1,1,1,1,0,1,0,1,1,1
"1778",1.0132910177167,0.788665383373894,"SD",2022-11-26,1,1,0,1,0,1,1,1,1,1,0,1,0,1,1,1
"1779",NA,NA,"SD",2022-11-27,NA,NA,NA,NA,NA,NA,NA,NA,NA,NA,NA,NA,NA,NA,NA,NA
"1780",0.692860570143183,0.176430795508902,"SD",2022-11-28,1,1,1,1,1,1,1,1,1,0,1,1,0,1,1,1
"1781",1.6099497839925,0.482122816297971,"SD",2022-11-29,1,1,0,1,1,0,1,1,1,0,0,1,0,0,1,1
"1782",0.792847638188646,0.404966909628419,"SD",2022-11-30,1,1,1,1,0,1,1,1,1,1,0,1,0,1,1,1
"1783",1.50791875079276,0.404704657208284,"SD",2022-12-01,1,1,1,1,0,1,1,1,1,1,0,1,0,1,1,1
"1784",2.37540732281802,0.622130301379832,"SD",2022-12-02,1,1,0,1,1,0,1,1,1,1,0,1,0,0,1,1
"1785",3.97428451129953,0.784845285387711,"SD",2022-12-03,1,1,0,1,0,1,1,1,1,1,0,1,0,1,1,1
"1786",NA,NA,"SD",2022-12-04,NA,NA,NA,NA,NA,NA,NA,NA,NA,NA,NA,NA,NA,NA,NA,NA
"1787",1.10645179872947,0.839699299071537,"SD",2022-12-05,1,1,1,1,1,0,1,1,1,1,0,1,1,0,1,1
"1788",1.87920707950718,0.783690745102242,"SD",2022-12-06,1,1,0,1,0,1,1,1,1,1,0,1,0,1,1,1
"1789",2.82337509239558,0.403405521472301,"SD",2022-12-07,1,1,0,1,0,1,1,1,1,0,0,0,0,1,1,1
"1790",1.69042061236391,0.834397597631242,"SD",2022-12-08,1,1,0,0,1,1,1,0,1,0,0,0,1,1,1,0
"1791",2.79532843886201,0.782725814377824,"SD",2022-12-09,1,1,0,1,0,1,1,1,1,1,0,1,0,1,1,1
"1792",0.695665719520921,0.402879645015662,"SD",2022-12-10,1,1,1,1,0,1,1,1,1,1,0,1,0,1,1,1
"1793",1.0633181577878,0.826641369774037,"SD",2022-12-11,1,1,1,0,1,1,1,1,1,1,1,0,0,1,1,1
"1794",1.82606295663636,0.781860007337968,"SD",2022-12-12,1,1,0,1,0,1,1,1,1,1,0,1,0,1,1,1
"1795",0.867014270313913,0.78157537728728,"SD",2022-12-13,1,1,1,1,0,1,1,1,1,1,0,1,0,1,1,1
"1796",1.04467267119828,0.825827263155597,"SD",2022-12-14,1,1,1,0,1,1,1,1,1,1,0,0,1,1,1,1
"1797",0.870124493634854,0.780985873096789,"SD",2022-12-15,1,1,1,1,0,1,1,1,1,1,0,1,0,1,1,1
"1798",NA,NA,"SD",2022-12-16,NA,NA,NA,NA,NA,NA,NA,NA,NA,NA,NA,NA,NA,NA,NA,NA
"1799",NA,NA,"SD",2022-12-17,NA,NA,NA,NA,NA,NA,NA,NA,NA,NA,NA,NA,NA,NA,NA,NA
"1800",NA,NA,"SD",2022-12-18,NA,NA,NA,NA,NA,NA,NA,NA,NA,NA,NA,NA,NA,NA,NA,NA
"1801",NA,NA,"SD",2022-12-19,NA,NA,NA,NA,NA,NA,NA,NA,NA,NA,NA,NA,NA,NA,NA,NA
"1802",NA,NA,"SD",2022-12-20,NA,NA,NA,NA,NA,NA,NA,NA,NA,NA,NA,NA,NA,NA,NA,NA
"1803",0.60262950938116,0.400824918209255,"SD",2022-12-21,1,1,1,1,1,1,1,1,1,1,0,1,0,1,1,1
"1804",NA,NA,"SD",2022-12-22,NA,NA,NA,NA,NA,NA,NA,NA,NA,NA,NA,NA,NA,NA,NA,NA
"1805",NA,NA,"SD",2022-12-23,NA,NA,NA,NA,NA,NA,NA,NA,NA,NA,NA,NA,NA,NA,NA,NA
"1806",NA,NA,"SD",2022-12-24,NA,NA,NA,NA,NA,NA,NA,NA,NA,NA,NA,NA,NA,NA,NA,NA
"1807",1.07407916203673,0.253567344798138,"TN",2022-11-13,1,1,1,1,1,1,1,1,1,0,0,1,0,1,1,1
"1808",2.27588092512884,0.368450982667864,"TN",2022-11-14,1,1,0,0,1,0,1,1,1,0,0,0,0,0,1,1
"1809",1.08259365958557,0.346749243833699,"TN",2022-11-15,1,1,1,1,1,1,1,1,1,0,0,0,1,1,1,1
"1810",1.01659640471745,0.28799026232058,"TN",2022-11-16,1,1,1,1,1,1,1,1,1,0,0,0,0,1,1,1
"1811",1.0621652745221,0.224006779772483,"TN",2022-11-17,1,1,1,1,1,1,1,1,1,1,1,1,1,1,1,1
"1812",1.62507034749842,0.256804946353695,"TN",2022-11-18,1,1,1,1,1,1,1,1,1,1,0,1,1,0,1,1
"1813",2.05450049343349,0.327253306529021,"TN",2022-11-19,1,1,0,1,0,1,1,1,1,1,0,1,0,1,1,1
"1814",1.33793426158027,0.295222001507921,"TN",2022-11-20,1,1,1,1,1,1,1,1,1,1,1,1,1,1,1,1
"1815",1.9312275281288,0.272506540349863,"TN",2022-11-21,1,1,1,1,1,1,1,1,1,0,0,1,0,1,1,1
"1816",2.15305565588246,0.328037853803853,"TN",2022-11-22,1,1,1,1,1,1,1,0,0,0,0,1,0,1,1,0
"1817",2.09068815721528,0.320540255584391,"TN",2022-11-23,1,1,0,1,0,1,1,1,1,1,1,0,0,1,1,1
"1818",0.812426992478926,0.227433237943574,"TN",2022-11-24,1,1,0,1,1,1,1,1,1,1,0,1,0,1,1,1
"1819",1.45724237608248,0.317332280406973,"TN",2022-11-25,1,1,1,1,1,1,1,0,1,1,0,0,0,1,1,0
"1820",2.04722234031615,0.256632809016258,"TN",2022-11-26,1,1,0,1,1,1,1,1,1,1,0,0,0,1,1,1
"1821",1.30451907876164,0.287910173892398,"TN",2022-11-27,1,1,1,1,1,0,1,1,1,0,0,1,0,1,1,1
"1822",1.59690581929749,0.29677264342308,"TN",2022-11-28,1,1,1,1,1,1,1,1,1,1,0,1,0,0,1,1
"1823",1.60582868402099,0.271128570878823,"TN",2022-11-29,1,1,1,1,1,1,1,1,1,1,0,1,0,1,1,1
"1824",2.38496402642799,0.317540312674609,"TN",2022-11-30,1,0,1,0,1,1,0,1,1,0,0,0,0,0,0,1
"1825",3.08086598128215,0.274582148703473,"TN",2022-12-01,0,1,1,0,0,1,1,1,0,1,0,0,0,1,1,1
"1826",1.48294025539919,0.263189100424792,"TN",2022-12-02,1,1,1,1,1,1,1,1,1,0,0,1,0,1,1,1
"1827",2.29215258309728,0.251096722681184,"TN",2022-12-03,1,1,0,1,0,1,1,0,1,1,0,0,0,1,1,0
"1828",0.84052543201066,0.282150418857026,"TN",2022-12-04,1,1,1,1,1,1,1,1,1,1,0,1,0,1,1,1
"1829",2.03724158271082,0.245067789819118,"TN",2022-12-05,1,1,1,0,1,1,1,1,0,1,0,0,0,1,1,1
"1830",2.1213691405552,0.27665626920942,"TN",2022-12-06,0,1,1,1,1,1,1,1,0,1,0,0,0,0,1,0
"1831",3.00229352645781,0.23012221041941,"TN",2022-12-07,1,1,1,1,0,1,1,0,1,1,0,1,0,1,1,0
"1832",1.87070801709574,0.242052131215819,"TN",2022-12-08,1,1,1,1,1,1,1,1,0,1,0,0,1,1,1,1
"1833",2.55436703632365,0.213426186556928,"TN",2022-12-09,1,1,1,0,0,1,1,1,1,1,0,1,0,0,1,1
"1834",2.20785475902346,0.207330671784088,"TN",2022-12-10,1,1,1,1,0,0,1,1,1,1,0,0,0,0,1,1
"1835",4.2679201229945,0.36684928837669,"TN",2022-12-11,1,0,0,1,0,0,1,1,1,0,0,0,0,0,1,1
"1836",2.46784310078974,0.24308914938931,"TN",2022-12-12,1,0,1,1,1,1,1,1,1,0,0,0,0,1,1,1
"1837",2.38474008698557,0.302872795044081,"TN",2022-12-13,1,1,1,1,1,1,1,0,1,1,0,0,0,1,1,0
"1838",3.27636737334425,0.210600895905397,"TN",2022-12-14,1,1,0,1,1,1,0,1,1,1,0,0,0,1,0,1
"1839",2.26368223156605,0.327041257345503,"TN",2022-12-15,1,1,1,1,1,0,0,1,1,0,0,1,0,0,0,1
"1840",4.32098473298518,0.312734529188198,"TN",2022-12-16,1,1,0,1,0,1,1,1,1,1,0,1,0,1,1,1
"1841",1.63971338403946,0.26622941536141,"TN",2022-12-17,1,1,1,1,1,0,0,0,1,1,0,0,0,1,0,0
"1842",1.2516755610843,0.222210548810554,"TN",2022-12-18,1,1,0,1,1,1,1,1,1,1,0,0,0,1,1,1
"1843",2.51180786535933,0.259552871229237,"TN",2022-12-19,0,1,1,0,1,1,0,0,0,1,0,0,0,1,0,0
"1844",4.65951407698547,0.238980883111757,"TN",2022-12-20,1,1,1,0,1,0,0,1,0,1,0,0,0,0,0,0
"1845",2.85454203279745,0.252126858087723,"TN",2022-12-21,1,1,1,1,1,1,1,0,1,1,0,0,0,0,1,0
"1846",2.57208489312744,0.225972980320494,"TN",2022-12-22,1,0,1,1,1,1,0,1,1,0,0,1,0,1,0,1
"1847",0.985149010246412,0.21924481767992,"TN",2022-12-23,1,1,0,1,1,1,1,1,0,1,0,1,1,1,1,1
"1848",2.34777186662319,0.283980352704963,"TN",2022-12-24,1,1,1,1,1,0,0,0,1,1,0,0,0,0,0,0
"1849",3.59860061683685,0.261033823844973,"TX",2022-11-13,1,0,1,0,1,1,1,1,1,1,0,0,0,1,1,0
"1850",4.92363274909327,0.315782178573818,"TX",2022-11-14,0,1,1,1,1,0,1,1,0,0,0,0,0,0,1,0
"1851",5.37754576579896,0.294045752073977,"TX",2022-11-15,1,0,0,0,1,1,1,1,0,0,0,0,0,0,1,1
"1852",6.18246274351994,0.254311429839546,"TX",2022-11-16,1,0,1,1,0,1,1,1,1,0,0,0,1,0,0,0
"1853",3.43165896289558,0.303328541419973,"TX",2022-11-17,1,1,1,1,1,1,1,1,0,1,0,1,0,0,1,1
"1854",1.83039950097164,0.291559753419445,"TX",2022-11-18,1,1,1,1,1,1,1,1,1,0,0,0,0,0,1,1
"1855",2.39052725943341,0.247416985964589,"TX",2022-11-19,1,1,1,0,1,1,1,1,1,0,0,1,0,1,1,1
"1856",4.4557488993593,0.276996004100202,"TX",2022-11-20,1,1,0,0,1,1,1,1,0,0,0,0,0,1,1,1
"1857",5.30879361345388,0.285520788997489,"TX",2022-11-21,1,1,1,0,1,0,1,1,1,0,0,0,0,0,0,0
"1858",6.91997902990333,0.253254885697017,"TX",2022-11-22,1,0,1,0,0,1,1,1,0,0,0,0,0,0,0,1
"1859",3.58143688792435,0.285725841235846,"TX",2022-11-23,1,1,1,1,1,1,1,0,0,0,0,0,0,0,1,0
"1860",0.600141196784414,0.430615278481221,"TX",2022-11-24,1,1,1,1,1,1,1,1,1,1,0,1,0,1,1,1
"1861",14.7270704314692,0.285707498614461,"TX",2022-11-25,1,1,0,1,0,0,0,0,0,0,0,0,1,0,0,1
"1862",3.05305012387376,0.343970036965414,"TX",2022-11-26,1,1,1,0,0,1,1,1,1,0,0,1,0,0,1,1
"1863",1.49985379807734,0.22093231009831,"TX",2022-11-27,1,1,1,1,1,1,1,1,1,1,0,0,0,1,1,1
"1864",6.05437803111688,0.255653832766664,"TX",2022-11-28,1,1,1,0,1,1,1,1,1,0,0,0,0,0,1,0
"1865",4.87172940548363,0.271623783731191,"TX",2022-11-29,1,0,1,1,1,1,1,1,0,0,0,0,0,1,0,0
"1866",17.0595906501588,0.293353606433444,"TX",2022-11-30,1,0,0,1,0,1,1,1,0,0,0,0,0,0,0,1
"1867",5.40163787003821,0.260482633003554,"TX",2022-12-01,0,1,1,1,1,1,1,1,0,0,0,0,0,0,0,0
"1868",6.5407339791642,0.243925477661122,"TX",2022-12-02,1,1,0,1,1,1,1,1,1,0,0,0,0,0,0,1
"1869",2.93114128786547,0.227890342026566,"TX",2022-12-03,1,1,1,1,1,1,1,1,1,0,0,0,1,0,0,0
"1870",2.30748970230096,0.220177254965582,"TX",2022-12-04,1,1,1,1,1,1,1,1,0,0,1,0,0,0,1,1
"1871",2.33629458037521,0.229930849784064,"TX",2022-12-05,1,1,1,1,1,0,1,1,0,1,0,0,0,0,1,1
"1872",2.50467103087936,0.251438467146589,"TX",2022-12-06,1,1,1,1,1,1,0,1,1,1,0,0,0,1,0,1
"1873",2.89669993425482,0.271748838500893,"TX",2022-12-07,1,1,1,1,0,1,0,0,1,1,0,1,0,0,0,0
"1874",4.34674400184524,0.265379842740098,"TX",2022-12-08,1,1,0,1,0,1,0,0,1,1,0,0,0,0,0,0
"1875",4.44651204901011,0.176652051529508,"TX",2022-12-09,1,1,1,1,1,1,1,0,1,0,0,0,0,0,0,0
"1876",4.90889546029026,0.23961918692696,"TX",2022-12-10,1,1,1,0,1,1,1,1,1,1,0,0,0,0,0,0
"1877",6.94828202972188,0.237471910325928,"TX",2022-12-11,1,1,1,0,1,1,0,0,1,0,0,0,0,1,0,0
"1878",7.78692232517895,0.204394746606128,"TX",2022-12-12,1,1,0,0,1,1,1,0,0,0,0,0,0,0,0,0
"1879",4.41238748764225,0.202191010021328,"TX",2022-12-13,1,1,1,1,1,1,1,0,0,1,0,0,0,0,0,0
"1880",4.12289982697066,0.197175220546339,"TX",2022-12-14,1,1,1,1,1,1,1,0,1,0,0,0,0,0,0,0
"1881",4.17642546776124,0.184104480296692,"TX",2022-12-15,1,1,1,1,1,1,1,1,1,1,0,0,0,0,0,1
"1882",4.5010708854482,0.239605914641589,"TX",2022-12-16,1,1,0,1,0,1,0,1,1,0,0,0,0,0,1,1
"1883",5.71257746038379,0.231670737215642,"TX",2022-12-17,1,0,0,1,1,1,1,0,1,0,0,0,0,0,0,0
"1884",5.19035548161384,0.221282609833529,"TX",2022-12-18,0,1,0,1,1,1,1,1,0,1,0,1,1,1,1,1
"1885",10.7022812629727,0.229144539041399,"TX",2022-12-19,1,1,0,0,0,1,1,0,0,0,0,0,1,0,0,1
"1886",2.46275927161869,0.170560240555132,"TX",2022-12-20,1,1,1,1,1,1,0,1,0,1,0,1,0,0,0,1
"1887",3.48249490799238,0.230032549811616,"TX",2022-12-21,1,1,0,1,1,1,1,1,0,1,0,1,0,0,0,1
"1888",3.56892671041402,0.224899005440239,"TX",2022-12-22,1,1,0,1,1,1,1,0,0,1,1,0,0,0,0,1
"1889",1.74113824006478,0.18691262823489,"TX",2022-12-23,1,0,1,1,1,1,1,0,1,0,0,0,0,0,1,0
"1890",1.28885150874846,0.186176573488183,"TX",2022-12-24,1,0,1,1,1,1,1,1,1,0,0,0,0,1,1,1
"1891",1.1087568157857,0.285050077657613,"UT",2022-11-13,1,0,1,1,0,1,1,1,1,1,0,1,0,1,1,1
"1892",2.41723292616714,0.321565907490265,"UT",2022-11-14,1,1,0,1,0,1,1,1,1,0,0,0,0,1,1,1
"1893",1.22456368231562,0.255756445097097,"UT",2022-11-15,1,1,1,1,1,1,1,1,1,0,0,1,0,1,1,1
"1894",1.99057438888099,0.277280191619756,"UT",2022-11-16,1,0,1,1,0,1,1,1,1,0,0,0,0,1,1,1
"1895",1.60424070909178,0.286632107667147,"UT",2022-11-17,1,1,1,1,0,1,1,1,1,1,0,0,0,1,1,1
"1896",2.42724009001934,0.305217543706248,"UT",2022-11-18,0,1,0,1,1,1,1,1,0,0,0,0,0,1,1,1
"1897",0.899225890061939,0.27785211243929,"UT",2022-11-19,1,1,1,1,1,1,1,1,1,0,0,1,1,1,1,1
"1898",0.660092165658592,0.269069176590652,"UT",2022-11-20,1,1,1,1,1,1,1,1,1,1,1,0,0,1,1,1
"1899",1.08029531619244,0.294544243532464,"UT",2022-11-21,1,1,1,1,1,1,1,1,1,1,0,0,0,1,1,1
"1900",1.67439213079458,0.289890121182941,"UT",2022-11-22,1,1,1,1,0,1,1,1,1,1,1,0,0,1,1,1
"1901",1.08818750400952,0.308328325641965,"UT",2022-11-23,1,0,1,1,1,1,1,1,1,0,0,0,0,1,1,1
"1902",0.221900640314683,0.2526702942662,"UT",2022-11-24,1,1,1,1,1,1,1,1,1,1,1,1,1,1,1,1
"1903",1.43764655376386,0.251897972073538,"UT",2022-11-25,1,1,1,1,0,1,1,1,1,1,0,1,0,1,1,1
"1904",1.09389308183017,0.254675011768312,"UT",2022-11-26,1,1,1,1,1,1,1,1,1,0,0,0,1,1,1,1
"1905",1.57121719561135,0.289073017687559,"UT",2022-11-27,1,1,0,1,0,1,1,1,1,0,0,0,0,1,1,1
"1906",3.04663052776871,0.240259680157179,"UT",2022-11-28,1,1,0,1,0,1,1,1,1,0,0,1,0,1,1,1
"1907",3.22939074300276,0.278690388464892,"UT",2022-11-29,1,1,0,1,0,1,1,0,1,0,0,1,0,1,1,0
"1908",1.13328202475724,0.31740605694641,"UT",2022-11-30,1,1,1,1,1,1,1,1,1,0,0,0,0,1,1,1
"1909",1.34599366797033,0.279185962958356,"UT",2022-12-01,1,1,0,1,1,1,1,1,1,1,0,1,0,1,1,1
"1910",0.384045324570289,0.256371867999879,"UT",2022-12-02,1,1,1,1,1,1,1,1,1,1,0,0,0,1,1,1
"1911",1.1575189221037,0.302575363242876,"UT",2022-12-03,0,1,1,1,1,1,1,1,0,1,0,1,0,1,1,1
"1912",0.516052349585887,0.242853794401391,"UT",2022-12-04,1,1,1,1,1,1,1,1,1,1,0,0,1,1,1,1
"1913",1.9650639253606,0.310375589352619,"UT",2022-12-05,0,1,1,1,1,1,1,1,0,0,1,1,0,1,1,1
"1914",1.72663479603627,0.298056261315292,"UT",2022-12-06,1,1,1,1,1,1,0,1,1,1,1,0,0,1,0,1
"1915",2.94036429591351,0.303493217443944,"UT",2022-12-07,1,1,0,1,1,0,1,0,1,1,0,1,0,0,1,0
"1916",0.245216246064175,0.263082195081483,"UT",2022-12-08,1,1,1,1,1,1,1,1,1,1,0,0,1,1,1,1
"1917",1.59610235595335,0.344831379048886,"UT",2022-12-09,1,0,0,1,1,0,1,1,1,0,1,1,0,0,1,1
"1918",1.22631261633677,0.276086290487376,"UT",2022-12-10,1,1,1,1,1,1,1,1,1,1,0,1,0,0,1,1
"1919",1.03314396640427,0.215048547503389,"UT",2022-12-11,1,1,1,1,1,1,1,1,1,1,0,1,0,1,1,1
"1920",1.00709746826676,0.256639156992182,"UT",2022-12-12,1,1,1,1,1,1,1,1,1,1,1,1,1,1,1,1
"1921",1.30116233168006,0.225734646627505,"UT",2022-12-13,1,1,1,1,1,1,1,1,1,1,0,1,0,1,1,0
"1922",1.47274470332762,0.260689833035071,"UT",2022-12-14,1,1,1,1,1,0,1,1,1,1,1,1,0,0,1,1
"1923",1.9353286006221,0.489376609029143,"UT",2022-12-15,1,1,0,1,0,0,1,1,1,1,0,1,0,0,1,1
"1924",1.21611195875478,0.277262390361119,"UT",2022-12-16,1,1,1,1,1,1,0,1,1,1,0,1,1,1,0,1
"1925",1.05144662089282,0.294864255527592,"UT",2022-12-17,1,1,1,1,1,1,1,1,1,0,0,0,0,1,1,1
"1926",1.3554590130898,0.274876720298891,"UT",2022-12-18,1,1,0,1,1,0,1,1,1,1,0,1,1,0,1,1
"1927",1.65993901255608,0.244080650108528,"UT",2022-12-19,1,1,0,1,1,1,0,1,1,1,0,1,1,1,0,1
"1928",1.10896902791397,0.428358229818671,"UT",2022-12-20,1,1,1,1,1,0,1,1,1,1,0,1,1,0,1,1
"1929",2.62460698069077,0.171656503616023,"UT",2022-12-21,1,1,1,1,0,1,1,1,1,1,1,1,1,1,1,1
"1930",0.388968039315215,0.224562140373753,"UT",2022-12-22,1,1,1,1,1,1,1,1,1,1,0,1,0,1,1,1
"1931",1.6334164955213,0.162580345294032,"UT",2022-12-23,1,1,1,1,0,1,1,1,1,1,0,0,0,1,1,1
"1932",0.477350675859625,0.44365964552815,"UT",2022-12-24,1,1,1,1,1,1,1,1,0,1,0,1,1,1,1,1
"1933",1.88481296823835,0.325853415881519,"VA",2022-11-13,1,1,1,1,1,1,1,0,1,1,0,0,0,0,1,0
"1934",5.39414654352396,0.271473229275594,"VA",2022-11-14,1,0,0,1,1,1,1,1,1,0,0,0,0,0,1,1
"1935",6.78969048805024,0.341060974002547,"VA",2022-11-15,1,0,0,1,0,1,1,1,0,0,0,1,0,1,1,1
"1936",3.79282162689477,0.350128853709075,"VA",2022-11-16,1,1,1,0,0,0,1,1,1,0,1,0,0,0,1,1
"1937",2.9220145235421,0.298218254118779,"VA",2022-11-17,1,0,1,1,1,1,0,1,1,0,0,0,0,1,0,1
"1938",4.98248889773633,0.295193854563415,"VA",2022-11-18,1,1,0,1,0,1,1,0,0,0,0,0,0,0,1,0
"1939",1.61103154080933,0.312347132622467,"VA",2022-11-19,1,1,1,1,1,1,1,0,1,0,1,0,0,1,1,1
"1940",3.37432241408154,0.235156252866792,"VA",2022-11-20,1,1,1,1,0,1,1,1,1,0,0,0,0,0,0,1
"1941",7.98437247634988,0.339993009537335,"VA",2022-11-21,0,1,0,1,0,1,1,0,0,1,0,0,0,1,1,0
"1942",3.05451155186884,0.305614698911135,"VA",2022-11-22,1,0,1,1,1,1,1,1,0,0,0,0,0,0,1,0
"1943",6.070187885105,0.246600421579373,"VA",2022-11-23,1,1,1,0,0,0,1,1,1,0,0,0,0,0,1,0
"1944",1.48441333073448,0.184535363912264,"VA",2022-11-24,1,1,1,1,0,1,1,1,1,1,1,1,0,0,1,1
"1945",8.73895167425079,0.315566125388985,"VA",2022-11-25,1,1,0,1,0,1,1,1,0,0,0,0,0,1,0,1
"1946",7.41196989612645,0.340107600920251,"VA",2022-11-26,0,1,0,0,0,1,1,1,0,0,0,0,0,0,0,1
"1947",3.21210306371494,0.310461666181959,"VA",2022-11-27,1,0,1,0,1,1,1,1,1,0,0,0,0,0,0,0
"1948",4.88947338323598,0.294474765228233,"VA",2022-11-28,1,0,1,1,1,0,1,1,0,0,0,0,0,0,0,1
"1949",6.92841744371145,0.276453530752172,"VA",2022-11-29,1,1,0,1,1,0,1,1,1,0,0,0,0,0,0,0
"1950",7.52965092989062,0.292004701766049,"VA",2022-11-30,1,1,0,0,1,1,1,1,1,0,0,0,0,0,0,1
"1951",4.24683209337705,0.306046894906391,"VA",2022-12-01,1,1,0,1,1,1,0,0,1,1,0,0,0,0,0,1
"1952",5.63803757757388,0.2680268395609,"VA",2022-12-02,1,1,0,1,1,0,0,1,0,1,0,0,0,0,0,1
"1953",8.6876817962743,0.351704858411961,"VA",2022-12-03,1,0,0,1,0,1,1,1,0,0,0,0,0,0,0,0
"1954",5.30795819613389,0.274439092788712,"VA",2022-12-04,1,1,0,1,1,1,0,0,0,0,0,0,0,0,0,0
"1955",10.4606360842905,0.273067277852574,"VA",2022-12-05,1,1,0,1,1,0,0,1,1,1,0,0,0,0,0,0
"1956",10.6500698577779,0.295604710709764,"VA",2022-12-06,1,0,0,1,1,0,0,0,0,0,0,0,0,0,0,0
"1957",12.3927103139177,0.272690673165977,"VA",2022-12-07,1,1,0,1,1,0,0,1,0,0,0,0,0,0,1,0
"1958",9.80544260444852,0.279881920820475,"VA",2022-12-08,1,1,0,0,1,0,1,0,1,1,0,0,0,0,0,0
"1959",15.1947441292966,0.275283356994688,"VA",2022-12-09,1,1,0,1,0,0,0,1,0,0,0,0,0,0,0,0
"1960",14.6985217004505,0.333254606383641,"VA",2022-12-10,1,1,0,0,1,0,1,1,0,1,0,0,0,0,0,0
"1961",8.29676170029819,0.303478215681553,"VA",2022-12-11,1,1,0,0,1,0,0,1,1,0,0,1,0,0,0,0
"1962",24.2779797759937,0.328531199752098,"VA",2022-12-12,1,0,0,0,1,0,0,0,0,0,0,1,0,0,0,0
"1963",17.4445144401255,0.341408699289276,"VA",2022-12-13,1,0,0,0,1,0,0,1,0,0,0,0,0,0,0,0
"1964",22.2379661959644,0.345449321405455,"VA",2022-12-14,1,0,0,1,0,0,0,0,0,1,0,0,0,0,0,0
"1965",17.5947635773482,0.358716002853022,"VA",2022-12-15,1,0,0,0,1,0,0,0,0,0,0,0,0,0,0,0
"1966",17.1048525852189,0.361303053351805,"VA",2022-12-16,1,0,0,1,1,0,1,1,0,0,0,0,0,0,0,0
"1967",12.7661564073463,0.355079515502472,"VA",2022-12-17,1,0,0,1,0,0,0,0,1,0,0,1,0,0,0,0
"1968",9.36705253118417,0.371367781278678,"VA",2022-12-18,1,0,0,0,0,0,1,0,0,0,0,0,0,0,0,0
"1969",29.6731567726544,0.428382930183486,"VA",2022-12-19,1,0,0,0,1,0,0,1,0,0,0,0,0,0,0,0
"1970",25.7565639907506,0.439573582932437,"VA",2022-12-20,1,0,0,0,1,0,1,0,1,0,0,0,0,0,0,0
"1971",30.0729669022596,0.436394469778127,"VA",2022-12-21,1,1,0,1,0,0,0,0,0,1,0,0,0,0,0,0
"1972",32.1153797830328,0.421246499544871,"VA",2022-12-22,1,1,0,1,0,0,0,0,0,1,0,1,0,0,0,1
"1973",26.7191414128165,0.449707493245047,"VA",2022-12-23,1,0,0,0,0,0,0,0,0,0,0,1,0,0,0,0
"1974",11.8832193841906,0.411400203362605,"VA",2022-12-24,1,1,0,0,0,0,1,1,1,1,0,0,0,0,0,1
"1975",0.563853438432355,0.302578130224036,"VT",2022-11-13,1,1,1,1,1,1,1,1,1,0,1,1,0,1,1,1
"1976",0.543570078824354,0.234986011167287,"VT",2022-11-14,1,1,1,1,1,1,1,1,1,1,1,1,1,1,1,1
"1977",2.31663757180104,0.405485368656221,"VT",2022-11-15,1,1,0,0,1,1,1,1,1,1,0,0,0,1,1,1
"1978",1.33860664780485,0.272769840778282,"VT",2022-11-16,1,1,1,1,0,1,1,1,1,0,0,1,0,1,1,1
"1979",0.52670131275377,0.286427605001382,"VT",2022-11-17,1,1,1,1,1,1,1,1,1,1,0,1,0,1,1,1
"1980",1.52016975950275,0.264462438147182,"VT",2022-11-18,1,1,1,1,0,1,1,1,1,1,0,1,0,1,1,1
"1981",0.323833871287799,0.255024475611451,"VT",2022-11-19,1,1,1,1,1,1,1,1,1,1,0,1,0,1,1,1
"1982",0.522861807786217,0.277250553302746,"VT",2022-11-20,1,1,1,1,1,1,1,1,1,1,0,1,0,1,1,1
"1983",1.21315984478289,0.257706176015569,"VT",2022-11-21,1,1,1,1,1,1,1,1,1,1,0,1,0,1,1,1
"1984",1.53273996372177,0.281524304861949,"VT",2022-11-22,1,1,1,1,1,1,1,1,1,0,0,0,0,1,1,1
"1985",0.975339014549378,0.248073637965338,"VT",2022-11-23,1,1,1,1,1,1,1,1,1,0,0,1,0,1,1,1
"1986",0.629086856393575,0.252002296542653,"VT",2022-11-24,1,1,1,1,1,1,1,1,1,1,0,1,0,1,1,1
"1987",1.34471480593935,0.258989647323333,"VT",2022-11-25,1,1,1,1,0,1,1,1,1,1,1,0,0,1,1,1
"1988",0.924188125999598,0.257099707898502,"VT",2022-11-26,1,1,1,1,1,1,1,1,1,0,0,1,0,1,1,1
"1989",0.837721703131343,0.25487321337148,"VT",2022-11-27,1,1,1,1,1,1,1,1,1,1,0,1,0,1,1,1
"1990",0.838939600532292,0.254919125143295,"VT",2022-11-28,1,1,1,1,1,1,1,1,1,0,0,1,1,1,1,1
"1991",1.69520524943897,0.284977225292322,"VT",2022-11-29,1,1,1,1,1,1,1,1,1,1,0,0,0,1,1,1
"1992",2.60489807733233,0.398268971969254,"VT",2022-11-30,1,0,0,1,0,0,1,1,1,0,0,1,0,0,1,1
"1993",1.12363311490472,0.259525785037224,"VT",2022-12-01,1,1,1,1,0,1,1,1,1,1,0,0,0,1,1,1
"1994",1.55947401773059,0.346468447026384,"VT",2022-12-02,1,1,1,1,1,0,0,1,1,1,1,1,0,0,0,1
"1995",2.07530536534803,0.461726594696852,"VT",2022-12-03,1,1,0,0,1,1,1,1,1,1,0,0,0,1,1,1
"1996",1.43759050322883,0.34741666002427,"VT",2022-12-04,1,1,1,1,1,1,0,1,1,1,0,1,0,0,0,1
"1997",1.55866275152864,0.266356432436502,"VT",2022-12-05,1,1,0,1,0,1,1,1,1,1,0,1,0,1,1,1
"1998",1.62993736670296,0.32429932650396,"VT",2022-12-06,1,1,1,1,1,1,1,0,1,0,1,1,0,1,1,0
"1999",2.04918495780898,0.303511584279529,"VT",2022-12-07,1,1,1,1,1,1,0,1,1,1,1,0,1,1,0,1
"2000",0.942303425043404,0.335918910575538,"VT",2022-12-08,1,1,1,0,1,1,1,1,1,1,0,0,1,1,1,1
"2001",1.35665173099655,0.307936135107594,"VT",2022-12-09,1,1,1,0,1,1,1,1,1,1,0,0,0,1,1,1
"2002",1.49451880365387,0.273567473839308,"VT",2022-12-10,1,1,0,1,0,1,1,1,1,1,0,1,0,1,1,1
"2003",1.01660779057693,0.464999726461869,"VT",2022-12-11,1,1,1,0,1,1,1,1,1,1,0,0,1,1,1,1
"2004",4.02428589465586,0.402931449379187,"VT",2022-12-12,1,1,0,0,1,1,1,1,1,0,0,0,0,1,1,1
"2005",2.07544763229139,0.356780241139726,"VT",2022-12-13,1,1,1,0,1,1,0,1,1,1,0,0,0,1,0,1
"2006",1.7283786643509,0.267482468071221,"VT",2022-12-14,1,1,1,1,0,1,1,1,1,1,1,0,0,1,1,1
"2007",0.9284272716142,0.283674699720151,"VT",2022-12-15,1,1,1,1,0,1,1,1,1,1,0,1,0,1,1,1
"2008",NA,NA,"VT",2022-12-16,NA,NA,NA,NA,NA,NA,NA,NA,NA,NA,NA,NA,NA,NA,NA,NA
"2009",0.425985180617125,0.288048726812336,"VT",2022-12-17,1,1,1,1,1,1,1,1,1,1,0,1,0,1,1,1
"2010",NA,NA,"VT",2022-12-18,NA,NA,NA,NA,NA,NA,NA,NA,NA,NA,NA,NA,NA,NA,NA,NA
"2011",2.50994469604009,0.296391046071192,"VT",2022-12-19,1,1,1,1,1,1,0,1,1,0,1,0,0,1,0,1
"2012",2.53505573874689,0.374301458504096,"VT",2022-12-20,1,1,1,0,1,1,1,1,1,1,0,0,0,1,1,1
"2013",3.65716985809342,0.312368749836856,"VT",2022-12-21,1,1,1,1,0,0,1,1,1,1,0,0,0,0,1,1
"2014",3.38453333182978,0.525577061710498,"VT",2022-12-22,1,1,0,0,1,0,0,1,1,1,0,0,0,0,0,1
"2015",1.58663264360343,0.28426409813893,"VT",2022-12-23,1,1,1,1,0,1,1,1,1,1,0,1,1,0,1,1
"2016",1.5640765352376,0.333172187798926,"VT",2022-12-24,1,1,1,1,1,1,0,1,1,1,0,0,0,1,0,1
"2017",2.03892598533599,0.354416518747023,"WA",2022-11-13,1,0,0,1,1,1,1,1,1,0,0,1,0,1,1,1
"2018",5.37498172334439,0.318499678698181,"WA",2022-11-14,1,1,1,1,1,0,1,1,0,0,0,0,0,0,1,1
"2019",8.01126537747551,0.325224717158652,"WA",2022-11-15,1,0,0,0,1,1,1,1,0,0,0,0,0,1,1,1
"2020",7.59984792905331,0.306827817254834,"WA",2022-11-16,1,0,0,1,0,1,1,1,1,0,0,0,0,0,1,0
"2021",4.50166278750561,0.345322008223101,"WA",2022-11-17,1,0,0,0,1,1,1,0,0,0,0,0,0,1,1,0
"2022",1.96368447791432,0.2913262292861,"WA",2022-11-18,1,1,1,1,1,1,1,1,0,1,0,0,0,0,1,1
"2023",2.12622457572199,0.308720020337685,"WA",2022-11-19,1,1,1,1,1,0,1,1,1,1,0,0,0,0,1,1
"2024",4.59306176653139,0.300635745099937,"WA",2022-11-20,0,1,1,0,0,0,1,1,0,0,0,0,0,0,1,1
"2025",6.16129020571556,0.319422955208013,"WA",2022-11-21,1,1,0,1,0,1,1,1,0,0,0,0,0,1,1,1
"2026",5.55217622363668,0.292584685540967,"WA",2022-11-22,1,1,1,1,0,0,1,1,1,0,1,0,0,0,1,0
"2027",5.4025759342487,0.307221321376232,"WA",2022-11-23,1,0,1,1,1,0,1,1,1,1,1,0,0,1,0,0
"2028",0.24696939713075,0.261176012119442,"WA",2022-11-24,1,1,1,1,1,1,1,1,1,1,1,1,1,1,1,1
"2029",3.49830762039119,0.293891077447888,"WA",2022-11-25,1,1,1,1,1,1,1,1,0,0,0,1,0,1,1,0
"2030",4.54218443890977,0.317688929618349,"WA",2022-11-26,1,0,1,0,1,1,1,1,0,0,0,1,0,0,1,0
"2031",3.74235685275938,0.307089676720492,"WA",2022-11-27,1,1,1,1,1,1,1,1,0,1,0,0,0,0,1,0
"2032",8.3552388629751,0.30887787245015,"WA",2022-11-28,0,1,0,0,0,1,1,1,1,0,1,0,0,0,1,0
"2033",4.53868179966619,0.2926161860817,"WA",2022-11-29,1,1,1,1,1,1,1,0,0,0,0,0,0,0,1,0
"2034",4.28273621438641,0.279786414856369,"WA",2022-11-30,1,1,1,1,0,1,1,1,1,0,0,0,0,1,1,0
"2035",2.84281940426789,0.309600946868617,"WA",2022-12-01,1,1,1,1,1,1,1,1,1,0,0,0,0,0,1,0
"2036",2.72762233981239,0.302888541861376,"WA",2022-12-02,1,1,1,1,1,1,1,1,1,0,0,0,0,0,1,0
"2037",3.32617710312406,0.305566753598396,"WA",2022-12-03,1,1,1,0,1,1,1,1,0,1,0,0,1,0,1,0
"2038",3.71478124025626,0.332240970502982,"WA",2022-12-04,1,1,1,0,1,0,0,0,0,1,0,0,0,0,0,0
"2039",8.1766438619777,0.308963113916572,"WA",2022-12-05,1,1,0,1,1,1,1,0,0,0,0,0,0,0,1,0
"2040",11.0865348523569,0.339309967710119,"WA",2022-12-06,1,0,0,1,0,1,0,0,0,0,0,0,0,0,0,0
"2041",2.36739927246941,0.316548023125496,"WA",2022-12-07,1,1,1,1,1,1,0,1,1,1,0,0,0,0,0,0
"2042",3.19884381923044,0.167023612936321,"WA",2022-12-08,1,1,0,1,0,1,1,1,1,0,0,1,0,1,1,1
"2043",6.97932341565556,0.311538675340352,"WA",2022-12-09,0,1,1,1,1,1,0,0,0,0,0,0,0,0,0,0
"2044",6.25549033562984,0.290648887274571,"WA",2022-12-10,1,1,0,1,1,1,0,1,0,0,0,0,1,0,0,0
"2045",1.7851522248658,0.104566693902609,"WA",2022-12-11,1,1,0,1,0,1,1,1,1,1,0,1,0,1,1,1
"2046",6.84401346950043,0.251809064095723,"WA",2022-12-12,1,1,1,0,0,1,0,1,0,0,1,0,0,0,0,0
"2047",4.84083724848067,0.280949557587212,"WA",2022-12-13,0,1,1,1,1,1,1,1,0,0,1,0,0,0,1,1
"2048",0.872731209289723,0.200639183453124,"WA",2022-12-14,1,1,1,1,1,1,1,1,1,1,1,1,1,1,1,1
"2049",11.3852034343326,0.339508265866538,"WA",2022-12-15,1,1,0,1,0,1,0,0,0,0,0,0,0,0,0,0
"2050",6.68124049613775,0.315124975356969,"WA",2022-12-16,1,1,0,1,0,1,0,0,1,1,0,0,0,0,0,0
"2051",3.99451927065307,0.295971693772652,"WA",2022-12-17,1,1,1,1,1,0,0,1,1,1,1,1,0,1,0,0
"2052",8.22273159740139,0.314435131205757,"WA",2022-12-18,1,1,0,1,0,1,1,1,1,1,0,0,0,0,1,1
"2053",6.08819153356357,0.274571358404015,"WA",2022-12-19,0,1,0,1,1,1,0,1,0,0,0,0,0,0,0,1
"2054",0.873979966267452,0.253539389242901,"WA",2022-12-20,1,1,1,1,1,1,1,1,1,1,1,0,1,0,1,1
"2055",3.85564058549742,0.239416414085804,"WA",2022-12-21,1,1,1,0,1,1,0,0,0,0,0,0,0,0,0,0
"2056",9.18179063950168,0.324779270564854,"WA",2022-12-22,1,1,0,1,0,0,0,0,0,1,0,0,0,1,0,0
"2057",1.79682851859285,0.320245106223424,"WA",2022-12-23,1,1,1,1,1,1,1,0,1,1,0,1,0,0,1,0
"2058",8.18742542329899,0.296704250789242,"WA",2022-12-24,1,1,0,1,0,1,1,1,0,0,0,0,0,0,1,0
"2059",0.657939412250943,0.241771482085384,"WI",2022-11-13,1,1,1,1,1,1,1,1,1,1,1,1,1,1,1,1
"2060",0.963400173371988,0.237710039486694,"WI",2022-11-14,1,1,1,1,1,1,1,1,1,1,0,1,0,1,1,1
"2061",1.64866805192378,0.23949175951044,"WI",2022-11-15,1,1,0,1,1,1,1,1,1,0,0,1,0,1,1,1
"2062",2.14251135191939,0.289919606663758,"WI",2022-11-16,1,1,0,1,0,1,1,1,1,1,1,1,0,0,1,1
"2063",0.755287071301816,0.301901027166541,"WI",2022-11-17,1,1,1,1,1,1,1,1,1,1,0,0,0,1,1,1
"2064",1.54916688091499,0.264075788285914,"WI",2022-11-18,1,1,1,1,0,1,1,1,1,0,0,1,0,1,1,1
"2065",1.41523815499097,0.303004340592669,"WI",2022-11-19,0,1,1,1,1,1,1,1,0,0,0,1,0,1,1,1
"2066",0.601663090611116,0.256650155699199,"WI",2022-11-20,1,1,1,1,1,1,1,1,1,0,1,1,0,1,1,1
"2067",3.147849502349,0.247340517667087,"WI",2022-11-21,1,1,0,1,0,1,1,1,1,1,0,1,0,1,1,1
"2068",1.85170752013586,0.347627187786291,"WI",2022-11-22,1,1,1,1,1,0,1,1,1,1,0,0,0,0,1,1
"2069",1.38017852909779,0.275209842000776,"WI",2022-11-23,1,1,1,1,1,0,1,1,1,0,0,0,0,0,1,1
"2070",NA,NA,"WI",2022-11-24,NA,NA,NA,NA,NA,NA,NA,NA,NA,NA,NA,NA,NA,NA,NA,NA
"2071",2.46045815704305,0.321041500447193,"WI",2022-11-25,0,1,0,1,0,1,1,1,0,1,0,0,0,1,1,1
"2072",1.06741852625356,0.252432922525155,"WI",2022-11-26,1,1,1,1,1,1,1,1,1,1,0,1,0,1,1,1
"2073",4.03465752597901,0.237829953228491,"WI",2022-11-27,1,1,0,1,0,1,1,1,1,1,0,1,0,1,1,1
"2074",6.16489096355356,0.316341443407665,"WI",2022-11-28,1,1,0,0,0,1,1,1,1,1,0,0,0,1,1,1
"2075",2.06108403333607,0.307485248282483,"WI",2022-11-29,1,1,1,1,1,1,1,0,1,0,0,0,1,1,1,0
"2076",5.87489107725758,0.33709747315782,"WI",2022-11-30,1,1,1,1,0,0,1,0,1,0,0,1,0,0,1,0
"2077",2.15624722535062,0.305215464461817,"WI",2022-12-01,1,1,1,0,1,0,1,1,1,0,0,0,0,0,1,1
"2078",3.11508139778083,0.297576871002697,"WI",2022-12-02,1,1,0,1,0,0,1,1,1,0,0,0,0,0,0,1
"2079",2.44633670837054,0.257267056912562,"WI",2022-12-03,1,1,0,1,0,1,1,0,1,1,0,1,1,1,1,0
"2080",1.751797282621,0.293835959447945,"WI",2022-12-04,1,1,0,1,1,1,1,0,1,1,0,0,0,1,1,0
"2081",3.11438219765992,0.294048302370164,"WI",2022-12-05,0,1,1,1,1,1,1,0,0,1,0,1,0,1,1,0
"2082",4.50175599193974,0.343474834297356,"WI",2022-12-06,0,1,1,0,0,0,1,0,0,1,1,0,0,0,0,0
"2083",6.74570064171773,0.380614252033719,"WI",2022-12-07,1,1,0,1,0,1,1,0,1,0,0,0,0,1,1,0
"2084",3.98566147302725,0.278229237969183,"WI",2022-12-08,1,1,0,1,1,1,1,0,1,1,1,0,0,1,1,0
"2085",7.05206393223942,0.383689499467232,"WI",2022-12-09,1,1,1,1,0,1,1,0,1,0,0,0,0,1,0,0
"2086",2.01805014944488,0.308986938226324,"WI",2022-12-10,1,1,1,0,1,1,1,1,1,1,0,0,0,1,0,1
"2087",1.25575848988775,0.237103045081416,"WI",2022-12-11,1,1,1,1,1,1,1,1,1,1,1,1,0,1,0,1
"2088",9.31643826976215,0.337113702290662,"WI",2022-12-12,1,1,0,1,0,1,1,0,1,0,0,0,0,0,0,0
"2089",2.59211940707069,0.290161730829709,"WI",2022-12-13,1,1,1,1,1,1,1,0,0,1,0,1,0,1,1,0
"2090",4.10204731620321,0.387613559299591,"WI",2022-12-14,1,0,1,1,0,1,1,0,1,0,0,1,0,1,0,0
"2091",6.85059405789496,0.31463310884515,"WI",2022-12-15,1,1,0,1,0,1,0,1,1,0,0,1,0,0,1,1
"2092",1.69346996627148,0.287391831363113,"WI",2022-12-16,1,1,1,1,1,1,0,0,1,1,1,1,0,1,0,0
"2093",2.2205650939041,0.309665666156813,"WI",2022-12-17,1,1,1,0,1,1,1,1,1,0,0,1,0,1,0,1
"2094",1.71750556164445,0.310497782890891,"WI",2022-12-18,1,1,1,1,1,1,0,0,1,0,0,0,0,1,0,0
"2095",3.60825599524851,0.331038457117833,"WI",2022-12-19,1,0,1,1,1,1,0,0,1,0,0,0,0,0,0,0
"2096",3.01403130605501,0.299570967562608,"WI",2022-12-20,1,1,1,1,1,0,0,1,1,1,0,0,0,0,0,1
"2097",1.95261896867826,0.292331228633145,"WI",2022-12-21,1,1,1,1,1,1,0,0,1,1,0,0,0,1,0,0
"2098",1.55791548399169,0.244623795966548,"WI",2022-12-22,1,1,1,1,1,1,1,1,1,1,0,0,0,1,0,1
"2099",1.98811110566418,0.38826359635046,"WI",2022-12-23,0,1,0,1,1,1,0,0,0,1,0,1,1,1,1,0
"2100",0.855081415536637,0.298915118533272,"WI",2022-12-24,1,1,1,0,1,1,1,1,1,1,1,0,0,1,0,1
"2101",1.15232371183657,0.303364853442415,"WV",2022-11-13,0,1,1,1,1,1,1,1,0,1,1,1,0,1,1,1
"2102",1.68180234202213,0.25335175685411,"WV",2022-11-14,1,1,0,1,0,1,1,0,1,0,0,0,0,1,1,0
"2103",1.15409916358314,0.278966506486819,"WV",2022-11-15,1,1,1,1,0,1,1,1,1,0,0,1,0,1,1,1
"2104",1.19730956134695,0.256160734808891,"WV",2022-11-16,1,1,1,1,1,1,1,1,0,1,0,0,0,0,1,1
"2105",1.23288911878187,0.277998247928834,"WV",2022-11-17,1,1,1,1,1,1,1,1,0,1,0,1,0,1,1,1
"2106",0.766963090775413,0.257792103396799,"WV",2022-11-18,1,1,1,1,1,1,1,1,1,0,1,1,0,1,1,1
"2107",0.415762893446,0.256407128185282,"WV",2022-11-19,1,1,1,1,1,1,1,1,1,1,0,1,0,1,1,1
"2108",1.78100315066915,0.288181692285839,"WV",2022-11-20,1,1,0,1,0,1,1,1,1,0,0,0,0,1,1,1
"2109",1.23788903679031,0.302868667146067,"WV",2022-11-21,1,1,1,1,1,1,1,1,1,0,0,0,0,0,1,1
"2110",1.35896811286313,0.261105766965395,"WV",2022-11-22,1,1,0,1,1,1,1,1,1,1,0,1,0,1,1,1
"2111",2.9634754633989,0.318043259211595,"WV",2022-11-23,1,1,0,1,0,1,1,1,1,0,0,0,1,0,1,1
"2112",1.70695752698825,0.349596208675971,"WV",2022-11-24,1,0,0,1,1,1,1,1,1,0,1,0,0,1,1,1
"2113",0.478778741087681,0.26142864868056,"WV",2022-11-25,1,1,1,1,1,1,1,1,1,1,1,1,0,0,1,1
"2114",0.28419446200642,0.264481347783236,"WV",2022-11-26,1,1,1,1,1,1,1,1,1,1,0,0,1,1,1,1
"2115",1.70313877659992,0.27604160652281,"WV",2022-11-27,1,1,1,0,1,1,1,1,1,1,0,0,0,0,1,1
"2116",2.35043011301899,0.284557842192066,"WV",2022-11-28,1,1,1,1,1,0,1,0,1,0,0,0,0,0,1,0
"2117",1.65054343905352,0.273865557416471,"WV",2022-11-29,1,1,1,1,1,1,1,1,1,1,1,1,1,1,1,1
"2118",3.63464069847771,0.350878963361446,"WV",2022-11-30,1,1,0,1,0,1,1,0,0,0,0,0,0,1,1,0
"2119",0.821365564455725,0.242439633022442,"WV",2022-12-01,1,1,1,1,1,1,1,1,1,1,0,1,1,0,1,1
"2120",1.18637085373948,0.2976423168789,"WV",2022-12-02,1,1,1,1,1,0,1,1,1,1,1,0,0,1,0,1
"2121",2.93713468032996,0.543104042440636,"WV",2022-12-03,1,0,1,1,0,1,0,1,1,0,0,1,0,1,0,1
"2122",1.51584571782741,0.329227780589828,"WV",2022-12-04,1,0,1,1,1,1,1,1,1,1,0,1,1,0,1,1
"2123",9.64257224424425,0.486829538125609,"WV",2022-12-05,1,1,0,1,0,1,0,1,1,1,0,0,0,0,0,1
"2124",6.41870909461389,0.341833315216563,"WV",2022-12-06,1,1,0,1,0,1,1,1,1,1,0,1,0,0,1,1
"2125",3.91094932847595,0.300114590407319,"WV",2022-12-07,0,1,0,1,0,0,0,1,0,0,0,1,0,0,0,1
"2126",4.98958549474321,0.30708327334147,"WV",2022-12-08,1,1,0,1,0,1,1,0,1,0,0,0,0,0,1,0
"2127",3.37064977302952,0.404279615639207,"WV",2022-12-09,1,1,0,1,0,1,0,1,1,1,0,0,0,1,0,1
"2128",0.523073618845794,0.24377060007876,"WV",2022-12-10,1,1,1,1,1,1,1,1,1,1,1,1,0,0,1,1
"2129",1.04357930704986,0.188785153314071,"WV",2022-12-11,1,1,1,1,1,0,1,1,1,1,0,0,1,0,1,1
"2130",7.78126248894783,0.358295794364593,"WV",2022-12-12,1,1,0,1,0,1,1,0,1,1,0,1,0,0,0,1
"2131",1.01442750733448,0.165491856304836,"WV",2022-12-13,1,1,1,1,1,1,1,1,1,1,0,1,0,0,1,1
"2132",5.08295379501863,0.291849262043216,"WV",2022-12-14,1,1,0,0,0,1,0,1,1,1,0,0,0,0,0,0
"2133",3.97394975414535,0.294111688922604,"WV",2022-12-15,1,1,0,1,0,1,0,1,1,1,0,1,1,0,0,1
"2134",7.54880525480884,0.39580398189238,"WV",2022-12-16,1,1,0,1,0,1,1,0,1,1,0,0,0,0,0,0
"2135",4.28154942584635,0.384254086588319,"WV",2022-12-17,1,1,0,1,0,1,0,0,1,1,0,1,0,0,0,0
"2136",3.89571532676337,0.36631420614204,"WV",2022-12-18,1,1,0,1,0,0,0,1,0,1,0,0,0,1,0,1
"2137",7.7296036593873,0.328959404505885,"WV",2022-12-19,1,1,0,0,0,1,0,0,1,1,0,0,0,0,0,0
"2138",8.01856857947521,0.323611214197508,"WV",2022-12-20,1,0,0,1,0,1,1,0,1,0,0,1,0,0,1,0
"2139",14.0463729299201,0.390223737926995,"WV",2022-12-21,1,0,0,1,0,0,1,0,0,0,0,0,0,0,1,0
"2140",9.28670690143094,0.409657351002579,"WV",2022-12-22,1,0,0,1,0,1,1,1,0,0,0,0,0,0,1,1
"2141",3.19161547249572,0.371508804458712,"WV",2022-12-23,1,1,0,1,0,1,1,0,1,1,0,0,1,0,0,0
"2142",5.81873593795247,0.415533305538376,"WV",2022-12-24,1,1,0,0,0,1,1,0,1,1,0,1,0,0,0,0
"2143",NA,NA,"WY",2022-11-13,NA,NA,NA,NA,NA,NA,NA,NA,NA,NA,NA,NA,NA,NA,NA,NA
"2144",0.213035306564453,0.256711046180085,"WY",2022-11-14,1,1,1,1,1,1,1,1,1,1,1,1,1,1,1,1
"2145",NA,NA,"WY",2022-11-15,NA,NA,NA,NA,NA,NA,NA,NA,NA,NA,NA,NA,NA,NA,NA,NA
"2146",NA,NA,"WY",2022-11-16,NA,NA,NA,NA,NA,NA,NA,NA,NA,NA,NA,NA,NA,NA,NA,NA
"2147",NA,NA,"WY",2022-11-17,NA,NA,NA,NA,NA,NA,NA,NA,NA,NA,NA,NA,NA,NA,NA,NA
"2148",NA,NA,"WY",2022-11-18,NA,NA,NA,NA,NA,NA,NA,NA,NA,NA,NA,NA,NA,NA,NA,NA
"2149",NA,NA,"WY",2022-11-19,NA,NA,NA,NA,NA,NA,NA,NA,NA,NA,NA,NA,NA,NA,NA,NA
"2150",NA,NA,"WY",2022-11-20,NA,NA,NA,NA,NA,NA,NA,NA,NA,NA,NA,NA,NA,NA,NA,NA
"2151",0.905851643551978,0.676927137951428,"WY",2022-11-21,1,1,1,1,1,0,1,1,1,1,0,1,1,0,1,1
"2152",NA,NA,"WY",2022-11-22,NA,NA,NA,NA,NA,NA,NA,NA,NA,NA,NA,NA,NA,NA,NA,NA
"2153",NA,NA,"WY",2022-11-23,NA,NA,NA,NA,NA,NA,NA,NA,NA,NA,NA,NA,NA,NA,NA,NA
"2154",NA,NA,"WY",2022-11-24,NA,NA,NA,NA,NA,NA,NA,NA,NA,NA,NA,NA,NA,NA,NA,NA
"2155",NA,NA,"WY",2022-11-25,NA,NA,NA,NA,NA,NA,NA,NA,NA,NA,NA,NA,NA,NA,NA,NA
"2156",NA,NA,"WY",2022-11-26,NA,NA,NA,NA,NA,NA,NA,NA,NA,NA,NA,NA,NA,NA,NA,NA
"2157",NA,NA,"WY",2022-11-27,NA,NA,NA,NA,NA,NA,NA,NA,NA,NA,NA,NA,NA,NA,NA,NA
"2158",NA,NA,"WY",2022-11-28,NA,NA,NA,NA,NA,NA,NA,NA,NA,NA,NA,NA,NA,NA,NA,NA
"2159",NA,NA,"WY",2022-11-29,NA,NA,NA,NA,NA,NA,NA,NA,NA,NA,NA,NA,NA,NA,NA,NA
"2160",NA,NA,"WY",2022-11-30,NA,NA,NA,NA,NA,NA,NA,NA,NA,NA,NA,NA,NA,NA,NA,NA
"2161",NA,NA,"WY",2022-12-01,NA,NA,NA,NA,NA,NA,NA,NA,NA,NA,NA,NA,NA,NA,NA,NA
"2162",NA,NA,"WY",2022-12-02,NA,NA,NA,NA,NA,NA,NA,NA,NA,NA,NA,NA,NA,NA,NA,NA
"2163",NA,NA,"WY",2022-12-03,NA,NA,NA,NA,NA,NA,NA,NA,NA,NA,NA,NA,NA,NA,NA,NA
"2164",NA,NA,"WY",2022-12-04,NA,NA,NA,NA,NA,NA,NA,NA,NA,NA,NA,NA,NA,NA,NA,NA
"2165",NA,NA,"WY",2022-12-05,NA,NA,NA,NA,NA,NA,NA,NA,NA,NA,NA,NA,NA,NA,NA,NA
"2166",NA,NA,"WY",2022-12-06,NA,NA,NA,NA,NA,NA,NA,NA,NA,NA,NA,NA,NA,NA,NA,NA
"2167",NA,NA,"WY",2022-12-07,NA,NA,NA,NA,NA,NA,NA,NA,NA,NA,NA,NA,NA,NA,NA,NA
"2168",NA,NA,"WY",2022-12-08,NA,NA,NA,NA,NA,NA,NA,NA,NA,NA,NA,NA,NA,NA,NA,NA
"2169",NA,NA,"WY",2022-12-09,NA,NA,NA,NA,NA,NA,NA,NA,NA,NA,NA,NA,NA,NA,NA,NA
"2170",NA,NA,"WY",2022-12-10,NA,NA,NA,NA,NA,NA,NA,NA,NA,NA,NA,NA,NA,NA,NA,NA
"2171",NA,NA,"WY",2022-12-11,NA,NA,NA,NA,NA,NA,NA,NA,NA,NA,NA,NA,NA,NA,NA,NA
"2172",NA,NA,"WY",2022-12-12,NA,NA,NA,NA,NA,NA,NA,NA,NA,NA,NA,NA,NA,NA,NA,NA
"2173",NA,NA,"WY",2022-12-13,NA,NA,NA,NA,NA,NA,NA,NA,NA,NA,NA,NA,NA,NA,NA,NA
"2174",NA,NA,"WY",2022-12-14,NA,NA,NA,NA,NA,NA,NA,NA,NA,NA,NA,NA,NA,NA,NA,NA
"2175",NA,NA,"WY",2022-12-15,NA,NA,NA,NA,NA,NA,NA,NA,NA,NA,NA,NA,NA,NA,NA,NA
"2176",NA,NA,"WY",2022-12-16,NA,NA,NA,NA,NA,NA,NA,NA,NA,NA,NA,NA,NA,NA,NA,NA
"2177",NA,NA,"WY",2022-12-17,NA,NA,NA,NA,NA,NA,NA,NA,NA,NA,NA,NA,NA,NA,NA,NA
"2178",NA,NA,"WY",2022-12-18,NA,NA,NA,NA,NA,NA,NA,NA,NA,NA,NA,NA,NA,NA,NA,NA
"2179",NA,NA,"WY",2022-12-19,NA,NA,NA,NA,NA,NA,NA,NA,NA,NA,NA,NA,NA,NA,NA,NA
"2180",NA,NA,"WY",2022-12-20,NA,NA,NA,NA,NA,NA,NA,NA,NA,NA,NA,NA,NA,NA,NA,NA
"2181",NA,NA,"WY",2022-12-21,NA,NA,NA,NA,NA,NA,NA,NA,NA,NA,NA,NA,NA,NA,NA,NA
"2182",NA,NA,"WY",2022-12-22,NA,NA,NA,NA,NA,NA,NA,NA,NA,NA,NA,NA,NA,NA,NA,NA
"2183",NA,NA,"WY",2022-12-23,NA,NA,NA,NA,NA,NA,NA,NA,NA,NA,NA,NA,NA,NA,NA,NA
"2184",NA,NA,"WY",2022-12-24,NA,NA,NA,NA,NA,NA,NA,NA,NA,NA,NA,NA,NA,NA,NA,NA
