...1,es_score,brier_score,location,target_date,X22F_50_CI,X23A_50_CI,X23B_50_CI,X23D_50_CI,X23E_50_CI,X23F_50_CI,recombinant_50_CI,X23H_50_CI,X24A_50_CI,other_50_CI,X22F_95_CI,X23A_95_CI,X23B_95_CI,X23D_95_CI,X23E_95_CI,X23F_95_CI,recombinant_95_CI,X23H_95_CI,X24A_95_CI,other_95_CI
1,NA,NA,AK,2023-12-17,NA,NA,NA,NA,NA,NA,NA,NA,NA,NA,NA,NA,NA,NA,NA,NA,NA,NA,NA,NA
2,NA,NA,AK,2023-12-18,NA,NA,NA,NA,NA,NA,NA,NA,NA,NA,NA,NA,NA,NA,NA,NA,NA,NA,NA,NA
3,NA,NA,AK,2023-12-19,NA,NA,NA,NA,NA,NA,NA,NA,NA,NA,NA,NA,NA,NA,NA,NA,NA,NA,NA,NA
4,NA,NA,AK,2023-12-20,NA,NA,NA,NA,NA,NA,NA,NA,NA,NA,NA,NA,NA,NA,NA,NA,NA,NA,NA,NA
5,0.364120153886476,0.3849114068572315,AK,2023-12-21,1,1,1,1,1,1,1,1,1,1,1,1,1,1,1,0,1,1,0,1
6,NA,NA,AK,2023-12-22,NA,NA,NA,NA,NA,NA,NA,NA,NA,NA,NA,NA,NA,NA,NA,NA,NA,NA,NA,NA
7,NA,NA,AK,2023-12-23,NA,NA,NA,NA,NA,NA,NA,NA,NA,NA,NA,NA,NA,NA,NA,NA,NA,NA,NA,NA
8,NA,NA,AK,2023-12-24,NA,NA,NA,NA,NA,NA,NA,NA,NA,NA,NA,NA,NA,NA,NA,NA,NA,NA,NA,NA
9,NA,NA,AK,2023-12-25,NA,NA,NA,NA,NA,NA,NA,NA,NA,NA,NA,NA,NA,NA,NA,NA,NA,NA,NA,NA
10,NA,NA,AK,2023-12-26,NA,NA,NA,NA,NA,NA,NA,NA,NA,NA,NA,NA,NA,NA,NA,NA,NA,NA,NA,NA
11,NA,NA,AK,2023-12-27,NA,NA,NA,NA,NA,NA,NA,NA,NA,NA,NA,NA,NA,NA,NA,NA,NA,NA,NA,NA
12,NA,NA,AK,2023-12-28,NA,NA,NA,NA,NA,NA,NA,NA,NA,NA,NA,NA,NA,NA,NA,NA,NA,NA,NA,NA
13,NA,NA,AK,2023-12-29,NA,NA,NA,NA,NA,NA,NA,NA,NA,NA,NA,NA,NA,NA,NA,NA,NA,NA,NA,NA
14,NA,NA,AK,2023-12-30,NA,NA,NA,NA,NA,NA,NA,NA,NA,NA,NA,NA,NA,NA,NA,NA,NA,NA,NA,NA
15,NA,NA,AK,2023-12-31,NA,NA,NA,NA,NA,NA,NA,NA,NA,NA,NA,NA,NA,NA,NA,NA,NA,NA,NA,NA
16,NA,NA,AK,2024-01-01,NA,NA,NA,NA,NA,NA,NA,NA,NA,NA,NA,NA,NA,NA,NA,NA,NA,NA,NA,NA
17,NA,NA,AK,2024-01-02,NA,NA,NA,NA,NA,NA,NA,NA,NA,NA,NA,NA,NA,NA,NA,NA,NA,NA,NA,NA
18,NA,NA,AK,2024-01-03,NA,NA,NA,NA,NA,NA,NA,NA,NA,NA,NA,NA,NA,NA,NA,NA,NA,NA,NA,NA
19,0.309925043544478,0.3537752102991985,AK,2024-01-04,1,1,1,1,1,1,1,1,1,1,1,1,1,1,1,0,1,1,0,1
20,0.972491587505574,0.4257214125090615,AK,2024-01-05,1,1,1,0,1,1,1,1,1,1,1,0,1,0,1,0,1,1,0,1
21,NA,NA,AK,2024-01-06,NA,NA,NA,NA,NA,NA,NA,NA,NA,NA,NA,NA,NA,NA,NA,NA,NA,NA,NA,NA
22,NA,NA,AK,2024-01-07,NA,NA,NA,NA,NA,NA,NA,NA,NA,NA,NA,NA,NA,NA,NA,NA,NA,NA,NA,NA
23,0.299514324530008,0.3503818242273765,AK,2024-01-08,1,1,1,1,1,1,1,1,1,1,1,1,1,0,1,1,1,1,0,1
24,1.24341423673189,0.3498454663599225,AK,2024-01-09,1,1,1,1,1,1,1,1,0,1,1,1,1,1,1,0,1,1,0,1
25,0.760526695455986,0.3494243628902975,AK,2024-01-10,1,1,1,1,1,1,1,1,0,1,1,1,0,1,1,0,1,1,0,1
26,0.301405637183097,0.3491136987456395,AK,2024-01-11,1,1,1,1,1,1,1,1,1,1,1,1,1,1,1,1,1,1,1,1
27,NA,NA,AK,2024-01-12,NA,NA,NA,NA,NA,NA,NA,NA,NA,NA,NA,NA,NA,NA,NA,NA,NA,NA,NA,NA
28,NA,NA,AK,2024-01-13,NA,NA,NA,NA,NA,NA,NA,NA,NA,NA,NA,NA,NA,NA,NA,NA,NA,NA,NA,NA
29,NA,NA,AK,2024-01-14,NA,NA,NA,NA,NA,NA,NA,NA,NA,NA,NA,NA,NA,NA,NA,NA,NA,NA,NA,NA
30,0.518500670203914,0.2288011709546945,AK,2024-01-15,1,1,1,1,1,1,1,1,1,1,1,1,1,1,1,1,1,1,1,1
31,0.320820059987669,0.349047471785051,AK,2024-01-16,1,1,1,1,1,1,1,1,1,1,1,1,0,1,1,1,1,1,0,1
32,1.21576100409968,0.3492976346139595,AK,2024-01-17,1,1,1,1,1,1,1,1,0,1,1,1,0,1,1,1,1,1,0,1
33,0.796535235093277,0.4572963619976365,AK,2024-01-18,1,1,1,0,1,1,1,1,1,1,1,1,1,0,1,0,1,1,0,1
34,NA,NA,AK,2024-01-19,NA,NA,NA,NA,NA,NA,NA,NA,NA,NA,NA,NA,NA,NA,NA,NA,NA,NA,NA,NA
35,NA,NA,AK,2024-01-20,NA,NA,NA,NA,NA,NA,NA,NA,NA,NA,NA,NA,NA,NA,NA,NA,NA,NA,NA,NA
36,NA,NA,AK,2024-01-21,NA,NA,NA,NA,NA,NA,NA,NA,NA,NA,NA,NA,NA,NA,NA,NA,NA,NA,NA,NA
37,NA,NA,AK,2024-01-22,NA,NA,NA,NA,NA,NA,NA,NA,NA,NA,NA,NA,NA,NA,NA,NA,NA,NA,NA,NA
38,0.732546058730225,0.352233601104192,AK,2024-01-23,1,1,1,1,1,1,1,1,0,1,1,1,1,1,1,0,1,1,0,1
39,NA,NA,AK,2024-01-24,NA,NA,NA,NA,NA,NA,NA,NA,NA,NA,NA,NA,NA,NA,NA,NA,NA,NA,NA,NA
40,0.815154903490036,0.556295426510505,AK,2024-01-25,1,1,1,0,1,1,1,1,1,1,1,1,1,0,1,1,1,1,0,1
41,0.78772756957623,0.3544048678933515,AK,2024-01-26,1,1,1,1,1,1,1,1,0,1,1,1,0,1,1,0,1,1,0,1
42,0.321409603208335,0.355200288244102,AK,2024-01-27,1,1,1,1,1,1,1,1,1,1,1,1,1,1,1,1,1,1,1,1
43,NA,NA,AL,2023-12-17,NA,NA,NA,NA,NA,NA,NA,NA,NA,NA,NA,NA,NA,NA,NA,NA,NA,NA,NA,NA
44,0.873121933366127,0.618891802450785,AL,2023-12-18,1,0,1,1,1,1,1,1,1,1,1,0,1,1,1,1,1,1,0,1
45,NA,NA,AL,2023-12-19,NA,NA,NA,NA,NA,NA,NA,NA,NA,NA,NA,NA,NA,NA,NA,NA,NA,NA,NA,NA
46,NA,NA,AL,2023-12-20,NA,NA,NA,NA,NA,NA,NA,NA,NA,NA,NA,NA,NA,NA,NA,NA,NA,NA,NA,NA
47,NA,NA,AL,2023-12-21,NA,NA,NA,NA,NA,NA,NA,NA,NA,NA,NA,NA,NA,NA,NA,NA,NA,NA,NA,NA
48,NA,NA,AL,2023-12-22,NA,NA,NA,NA,NA,NA,NA,NA,NA,NA,NA,NA,NA,NA,NA,NA,NA,NA,NA,NA
49,NA,NA,AL,2023-12-23,NA,NA,NA,NA,NA,NA,NA,NA,NA,NA,NA,NA,NA,NA,NA,NA,NA,NA,NA,NA
50,NA,NA,AL,2023-12-24,NA,NA,NA,NA,NA,NA,NA,NA,NA,NA,NA,NA,NA,NA,NA,NA,NA,NA,NA,NA
51,NA,NA,AL,2023-12-25,NA,NA,NA,NA,NA,NA,NA,NA,NA,NA,NA,NA,NA,NA,NA,NA,NA,NA,NA,NA
52,NA,NA,AL,2023-12-26,NA,NA,NA,NA,NA,NA,NA,NA,NA,NA,NA,NA,NA,NA,NA,NA,NA,NA,NA,NA
53,NA,NA,AL,2023-12-27,NA,NA,NA,NA,NA,NA,NA,NA,NA,NA,NA,NA,NA,NA,NA,NA,NA,NA,NA,NA
54,0.218063995406252,0.1570192349037695,AL,2023-12-28,1,1,1,1,1,1,1,1,1,1,1,1,1,1,1,1,1,1,1,1
55,NA,NA,AL,2023-12-29,NA,NA,NA,NA,NA,NA,NA,NA,NA,NA,NA,NA,NA,NA,NA,NA,NA,NA,NA,NA
56,NA,NA,AL,2023-12-30,NA,NA,NA,NA,NA,NA,NA,NA,NA,NA,NA,NA,NA,NA,NA,NA,NA,NA,NA,NA
57,NA,NA,AL,2023-12-31,NA,NA,NA,NA,NA,NA,NA,NA,NA,NA,NA,NA,NA,NA,NA,NA,NA,NA,NA,NA
58,NA,NA,AL,2024-01-01,NA,NA,NA,NA,NA,NA,NA,NA,NA,NA,NA,NA,NA,NA,NA,NA,NA,NA,NA,NA
59,0.639037995270276,0.4922634940560285,AL,2024-01-02,1,1,1,1,1,1,1,1,0,1,1,1,1,1,1,1,1,1,0,0
60,0.761717068747017,0.3793341931248455,AL,2024-01-03,1,0,1,1,1,1,1,1,1,1,1,0,1,1,1,0,1,1,1,1
61,0.628201329300463,0.4884471395608475,AL,2024-01-04,1,1,1,1,1,1,1,1,0,1,1,1,1,1,1,1,1,1,1,1
62,NA,NA,AL,2024-01-05,NA,NA,NA,NA,NA,NA,NA,NA,NA,NA,NA,NA,NA,NA,NA,NA,NA,NA,NA,NA
63,NA,NA,AL,2024-01-06,NA,NA,NA,NA,NA,NA,NA,NA,NA,NA,NA,NA,NA,NA,NA,NA,NA,NA,NA,NA
64,1.53982689799818,0.515998755400775,AL,2024-01-07,1,1,1,0,1,0,1,1,0,1,1,1,1,0,0,0,1,1,0,1
65,NA,NA,AL,2024-01-08,NA,NA,NA,NA,NA,NA,NA,NA,NA,NA,NA,NA,NA,NA,NA,NA,NA,NA,NA,NA
66,NA,NA,AL,2024-01-09,NA,NA,NA,NA,NA,NA,NA,NA,NA,NA,NA,NA,NA,NA,NA,NA,NA,NA,NA,NA
67,NA,NA,AL,2024-01-10,NA,NA,NA,NA,NA,NA,NA,NA,NA,NA,NA,NA,NA,NA,NA,NA,NA,NA,NA,NA
68,NA,NA,AL,2024-01-11,NA,NA,NA,NA,NA,NA,NA,NA,NA,NA,NA,NA,NA,NA,NA,NA,NA,NA,NA,NA
69,NA,NA,AL,2024-01-12,NA,NA,NA,NA,NA,NA,NA,NA,NA,NA,NA,NA,NA,NA,NA,NA,NA,NA,NA,NA
70,NA,NA,AL,2024-01-13,NA,NA,NA,NA,NA,NA,NA,NA,NA,NA,NA,NA,NA,NA,NA,NA,NA,NA,NA,NA
71,NA,NA,AL,2024-01-14,NA,NA,NA,NA,NA,NA,NA,NA,NA,NA,NA,NA,NA,NA,NA,NA,NA,NA,NA,NA
72,0.611984457539748,0.473432837768885,AL,2024-01-15,1,1,1,1,1,1,1,1,0,1,1,1,1,1,1,0,1,1,0,1
73,NA,NA,AL,2024-01-16,NA,NA,NA,NA,NA,NA,NA,NA,NA,NA,NA,NA,NA,NA,NA,NA,NA,NA,NA,NA
74,NA,NA,AL,2024-01-17,NA,NA,NA,NA,NA,NA,NA,NA,NA,NA,NA,NA,NA,NA,NA,NA,NA,NA,NA,NA
75,0.454692942505829,0.3346879708404015,AL,2024-01-18,1,1,1,1,1,1,1,1,1,1,1,0,1,1,1,1,1,1,0,1
76,NA,NA,AL,2024-01-19,NA,NA,NA,NA,NA,NA,NA,NA,NA,NA,NA,NA,NA,NA,NA,NA,NA,NA,NA,NA
77,NA,NA,AL,2024-01-20,NA,NA,NA,NA,NA,NA,NA,NA,NA,NA,NA,NA,NA,NA,NA,NA,NA,NA,NA,NA
78,NA,NA,AL,2024-01-21,NA,NA,NA,NA,NA,NA,NA,NA,NA,NA,NA,NA,NA,NA,NA,NA,NA,NA,NA,NA
79,0.579490072578998,0.466980991084955,AL,2024-01-22,1,1,1,1,1,1,1,1,0,1,1,1,1,1,1,0,1,1,0,1
80,NA,NA,AL,2024-01-23,NA,NA,NA,NA,NA,NA,NA,NA,NA,NA,NA,NA,NA,NA,NA,NA,NA,NA,NA,NA
81,NA,NA,AL,2024-01-24,NA,NA,NA,NA,NA,NA,NA,NA,NA,NA,NA,NA,NA,NA,NA,NA,NA,NA,NA,NA
82,NA,NA,AL,2024-01-25,NA,NA,NA,NA,NA,NA,NA,NA,NA,NA,NA,NA,NA,NA,NA,NA,NA,NA,NA,NA
83,0.300964826853275,0.219945187674603,AL,2024-01-26,1,1,1,1,1,1,1,1,1,1,0,1,1,1,1,0,1,1,1,1
84,NA,NA,AL,2024-01-27,NA,NA,NA,NA,NA,NA,NA,NA,NA,NA,NA,NA,NA,NA,NA,NA,NA,NA,NA,NA
85,NA,NA,AR,2023-12-17,NA,NA,NA,NA,NA,NA,NA,NA,NA,NA,NA,NA,NA,NA,NA,NA,NA,NA,NA,NA
86,1.70122196661097,0.470113124530299,AR,2023-12-18,0,1,1,1,1,1,1,1,1,1,0,1,1,0,1,1,1,1,0,1
87,1.06079746318222,0.330069957508719,AR,2023-12-19,1,1,1,1,1,0,1,1,1,1,1,1,0,0,0,0,1,1,1,1
88,NA,NA,AR,2023-12-20,NA,NA,NA,NA,NA,NA,NA,NA,NA,NA,NA,NA,NA,NA,NA,NA,NA,NA,NA,NA
89,1.6900624875005,0.334831506681331,AR,2023-12-21,1,1,1,1,1,0,1,1,1,1,1,1,1,0,1,0,1,0,0,1
90,1.08845179575329,0.2761660797149925,AR,2023-12-22,1,1,1,1,1,0,1,1,1,1,1,1,1,1,0,0,1,1,0,1
91,NA,NA,AR,2023-12-23,NA,NA,NA,NA,NA,NA,NA,NA,NA,NA,NA,NA,NA,NA,NA,NA,NA,NA,NA,NA
92,NA,NA,AR,2023-12-24,NA,NA,NA,NA,NA,NA,NA,NA,NA,NA,NA,NA,NA,NA,NA,NA,NA,NA,NA,NA
93,NA,NA,AR,2023-12-25,NA,NA,NA,NA,NA,NA,NA,NA,NA,NA,NA,NA,NA,NA,NA,NA,NA,NA,NA,NA
94,NA,NA,AR,2023-12-26,NA,NA,NA,NA,NA,NA,NA,NA,NA,NA,NA,NA,NA,NA,NA,NA,NA,NA,NA,NA
95,0.778563934687014,0.4547598354120055,AR,2023-12-27,1,1,1,1,1,1,1,0,1,1,1,1,1,1,1,0,1,0,0,1
96,1.37745152933857,0.287445626187957,AR,2023-12-28,1,1,1,1,1,0,1,1,1,1,1,1,1,1,1,0,0,1,1,1
97,NA,NA,AR,2023-12-29,NA,NA,NA,NA,NA,NA,NA,NA,NA,NA,NA,NA,NA,NA,NA,NA,NA,NA,NA,NA
98,NA,NA,AR,2023-12-30,NA,NA,NA,NA,NA,NA,NA,NA,NA,NA,NA,NA,NA,NA,NA,NA,NA,NA,NA,NA
99,NA,NA,AR,2023-12-31,NA,NA,NA,NA,NA,NA,NA,NA,NA,NA,NA,NA,NA,NA,NA,NA,NA,NA,NA,NA
100,NA,NA,AR,2024-01-01,NA,NA,NA,NA,NA,NA,NA,NA,NA,NA,NA,NA,NA,NA,NA,NA,NA,NA,NA,NA
101,0.405512530282937,0.36615927043726,AR,2024-01-02,1,1,1,1,1,1,1,1,1,1,1,1,1,1,0,1,1,1,0,1
102,1.4235858016796,0.368065939470882,AR,2024-01-03,1,1,1,1,1,1,1,1,0,1,1,1,1,1,1,0,1,1,0,1
103,1.42963742856388,0.434406586123391,AR,2024-01-04,1,1,1,1,1,1,1,1,1,1,1,1,1,0,1,0,1,0,0,1
104,0.369789000699444,0.3724873683229295,AR,2024-01-05,1,1,1,1,1,1,1,1,1,1,1,1,1,0,1,1,1,1,0,1
105,NA,NA,AR,2024-01-06,NA,NA,NA,NA,NA,NA,NA,NA,NA,NA,NA,NA,NA,NA,NA,NA,NA,NA,NA,NA
106,NA,NA,AR,2024-01-07,NA,NA,NA,NA,NA,NA,NA,NA,NA,NA,NA,NA,NA,NA,NA,NA,NA,NA,NA,NA
107,NA,NA,AR,2024-01-08,NA,NA,NA,NA,NA,NA,NA,NA,NA,NA,NA,NA,NA,NA,NA,NA,NA,NA,NA,NA
108,NA,NA,AR,2024-01-09,NA,NA,NA,NA,NA,NA,NA,NA,NA,NA,NA,NA,NA,NA,NA,NA,NA,NA,NA,NA
109,0.826510755590058,0.588748970718765,AR,2024-01-10,1,1,1,1,1,1,1,1,1,0,1,1,1,1,1,1,1,1,0,0
110,0.913421143367006,0.389950452184899,AR,2024-01-11,1,1,1,1,1,1,1,1,0,1,1,1,0,1,1,0,1,1,0,1
111,0.854971753285551,0.491995165468095,AR,2024-01-12,1,1,1,1,1,1,1,1,1,0,1,1,1,1,1,0,1,1,0,1
112,NA,NA,AR,2024-01-13,NA,NA,NA,NA,NA,NA,NA,NA,NA,NA,NA,NA,NA,NA,NA,NA,NA,NA,NA,NA
113,NA,NA,AR,2024-01-14,NA,NA,NA,NA,NA,NA,NA,NA,NA,NA,NA,NA,NA,NA,NA,NA,NA,NA,NA,NA
114,NA,NA,AR,2024-01-15,NA,NA,NA,NA,NA,NA,NA,NA,NA,NA,NA,NA,NA,NA,NA,NA,NA,NA,NA,NA
115,NA,NA,AR,2024-01-16,NA,NA,NA,NA,NA,NA,NA,NA,NA,NA,NA,NA,NA,NA,NA,NA,NA,NA,NA,NA
116,NA,NA,AR,2024-01-17,NA,NA,NA,NA,NA,NA,NA,NA,NA,NA,NA,NA,NA,NA,NA,NA,NA,NA,NA,NA
117,NA,NA,AR,2024-01-18,NA,NA,NA,NA,NA,NA,NA,NA,NA,NA,NA,NA,NA,NA,NA,NA,NA,NA,NA,NA
118,0.397304095342686,0.4200114245780205,AR,2024-01-19,1,1,1,1,1,1,1,1,1,1,1,1,1,1,1,0,1,1,0,1
119,NA,NA,AR,2024-01-20,NA,NA,NA,NA,NA,NA,NA,NA,NA,NA,NA,NA,NA,NA,NA,NA,NA,NA,NA,NA
120,NA,NA,AR,2024-01-21,NA,NA,NA,NA,NA,NA,NA,NA,NA,NA,NA,NA,NA,NA,NA,NA,NA,NA,NA,NA
121,0.40960434508716,0.432296533679534,AR,2024-01-22,1,1,1,1,1,1,1,1,1,1,1,1,1,1,1,1,1,0,0,1
122,NA,NA,AR,2024-01-23,NA,NA,NA,NA,NA,NA,NA,NA,NA,NA,NA,NA,NA,NA,NA,NA,NA,NA,NA,NA
123,0.964116567511493,0.440571386043264,AR,2024-01-24,1,1,1,1,1,1,1,1,0,1,1,1,1,0,1,1,1,1,0,1
124,NA,NA,AR,2024-01-25,NA,NA,NA,NA,NA,NA,NA,NA,NA,NA,NA,NA,NA,NA,NA,NA,NA,NA,NA,NA
125,NA,NA,AR,2024-01-26,NA,NA,NA,NA,NA,NA,NA,NA,NA,NA,NA,NA,NA,NA,NA,NA,NA,NA,NA,NA
126,NA,NA,AR,2024-01-27,NA,NA,NA,NA,NA,NA,NA,NA,NA,NA,NA,NA,NA,NA,NA,NA,NA,NA,NA,NA
127,2.29092377147734,0.2829865686299785,AZ,2023-12-17,1,1,1,1,1,0,1,1,1,1,1,1,1,1,1,0,0,1,0,1
128,3.94143521315138,0.402806230398279,AZ,2023-12-18,1,0,1,1,1,1,0,0,0,1,1,0,0,0,0,0,0,0,0,0
129,3.70648232883847,0.3724628822237015,AZ,2023-12-19,1,1,1,1,1,0,1,0,0,1,1,1,0,0,1,0,1,0,0,1
130,1.01291403543863,0.343332448728691,AZ,2023-12-20,1,1,1,1,1,1,1,1,1,1,1,1,0,0,1,0,1,0,1,1
131,1.74355040878948,0.39182196534107,AZ,2023-12-21,1,1,0,1,1,1,1,0,1,1,1,1,0,0,0,0,1,1,0,0
132,0.959640126859701,0.37987609569527653,AZ,2023-12-22,1,1,1,1,1,1,1,1,1,0,1,1,0,0,1,1,1,0,0,0
133,1.25878786050143,0.357539886274792,AZ,2023-12-23,1,1,1,1,1,0,1,1,1,1,1,1,0,1,1,0,1,1,0,1
134,2.19607070923149,0.334808285166702,AZ,2023-12-24,1,1,0,1,1,1,1,1,0,1,1,0,0,0,1,0,1,0,0,1
135,2.04779350551576,0.3488369597278355,AZ,2023-12-25,1,1,1,1,0,0,1,1,0,1,1,1,0,1,0,0,1,0,0,1
136,5.06543176309641,0.3200282358025055,AZ,2023-12-26,1,1,1,1,1,0,1,1,0,1,0,0,0,0,0,1,1,0,0,1
137,2.06624713278301,0.32697830907895,AZ,2023-12-27,1,1,1,1,1,1,1,1,0,1,0,0,0,0,1,0,1,0,0,1
138,1.02752856840245,0.315875401884085,AZ,2023-12-28,1,1,1,1,1,1,1,1,1,1,1,1,1,1,1,1,1,1,0,0
139,0.707938711028116,0.340163675464341,AZ,2023-12-29,1,0,1,1,1,1,1,1,1,1,1,1,1,1,1,1,1,1,1,1
140,0.649706489078221,0.178808403226966,AZ,2023-12-30,1,1,1,1,1,1,1,1,0,1,1,1,1,1,1,1,1,1,1,1
141,1.37178638447712,0.2115797376155965,AZ,2023-12-31,1,1,1,1,1,1,1,1,0,1,1,1,0,1,1,0,1,0,0,1
142,2.9430181679166,0.3084163289592185,AZ,2024-01-01,1,0,1,1,1,1,1,1,1,1,0,0,0,0,1,0,1,0,1,1
143,4.01803905960222,0.306081326508023,AZ,2024-01-02,0,1,0,1,1,1,1,1,0,1,0,0,0,1,0,0,1,0,0,0
144,0.88917049464782,0.3140172444253175,AZ,2024-01-03,1,1,1,1,1,1,1,1,1,1,1,1,1,1,1,0,1,0,0,1
145,0.954945704325495,0.248514173740614,AZ,2024-01-04,1,1,1,1,1,1,1,0,1,1,1,1,1,1,1,0,1,0,0,0
146,0.435482912899302,0.247137085564246,AZ,2024-01-05,1,1,1,1,1,1,1,1,1,1,1,1,1,1,1,0,1,1,0,1
147,1.74150868391308,0.169437685627652,AZ,2024-01-06,1,1,1,1,1,1,1,1,0,1,1,1,1,1,1,1,1,1,1,1
148,1.83720444651918,0.1164026898150675,AZ,2024-01-07,1,1,1,1,1,1,1,1,0,1,1,1,1,1,1,0,1,0,0,1
149,2.75595555344693,0.1952584885920715,AZ,2024-01-08,1,1,1,1,1,1,1,1,0,1,1,1,0,0,0,0,1,1,0,1
150,2.989151935394,0.2061189602573515,AZ,2024-01-09,1,1,1,1,1,1,1,1,0,1,1,0,1,1,1,0,1,1,0,1
151,0.406986018256566,0.097905996122129,AZ,2024-01-10,1,1,1,1,1,1,1,1,1,1,1,1,1,1,1,1,1,1,1,1
152,1.44328968036415,0.311480375567164,AZ,2024-01-11,1,1,1,0,1,0,1,1,1,1,1,1,1,0,1,0,1,1,0,1
153,0.897997335106551,0.2242236720091565,AZ,2024-01-12,1,1,1,1,1,1,1,1,1,1,1,1,1,1,1,0,1,1,0,1
154,1.13821705540657,0.1815922101288365,AZ,2024-01-13,1,1,0,1,1,1,1,1,1,1,1,1,1,1,1,0,1,0,0,1
155,1.78722829798272,0.244981979484455,AZ,2024-01-14,1,1,1,1,0,0,1,1,1,1,1,1,1,1,0,0,1,1,0,1
156,4.73397992270641,0.189735442869696,AZ,2024-01-15,1,1,1,1,1,0,0,0,0,1,1,1,0,1,1,1,0,1,0,0
157,0.306776176618999,0.068321685410272,AZ,2024-01-16,1,1,1,1,1,1,1,1,1,1,1,1,1,1,1,1,1,1,1,1
158,2.26000860767365,0.1890422566014105,AZ,2024-01-17,1,1,1,1,1,1,0,1,0,1,1,1,0,0,1,0,0,1,0,1
159,0.760287956468656,0.224015527050259,AZ,2024-01-18,1,1,0,1,1,1,1,1,1,1,1,1,0,1,1,1,1,1,0,1
160,0.664912865390724,0.05685293857379,AZ,2024-01-19,1,1,1,1,1,1,1,1,1,1,1,1,1,1,1,1,1,1,1,1
161,0.529457066907956,0.204779390568133,AZ,2024-01-20,1,1,1,1,1,1,1,1,1,1,1,1,1,1,1,0,1,1,0,1
162,2.26892399529229,0.203067301029863,AZ,2024-01-21,1,1,1,1,1,1,1,1,1,0,1,1,1,1,0,0,1,0,0,0
163,2.81970692507498,0.085902718790885,AZ,2024-01-22,1,1,1,0,1,1,1,1,0,1,1,1,1,0,1,0,1,1,1,1
164,2.97422007180418,0.0960981449039925,AZ,2024-01-23,1,1,1,1,1,1,1,1,0,1,1,1,1,1,0,0,1,1,0,1
165,1.56185926596283,0.315610669050122,AZ,2024-01-24,1,1,1,1,1,0,0,1,1,1,1,0,1,0,1,0,0,0,0,1
166,0.321758604743335,0.0394448213416294,AZ,2024-01-25,1,1,1,1,1,1,1,1,1,1,1,1,1,1,1,1,1,1,1,1
167,0.928355922987365,0.4025557868395975,AZ,2024-01-26,1,1,1,1,1,1,1,1,1,0,1,1,1,1,1,1,1,1,0,0
168,1.78647191944475,0.138778771857631,AZ,2024-01-27,1,1,1,1,1,1,0,1,1,0,1,1,1,1,1,0,0,1,0,0
169,0.737283567597921,0.2649072999791675,CA,2023-12-17,1,1,1,1,1,1,1,1,1,1,1,1,1,1,1,0,1,1,0,1
170,2.13402940792227,0.316496798495819,CA,2023-12-18,1,1,1,1,1,1,1,1,0,1,1,1,1,1,0,1,1,1,1,0
171,1.80546432131918,0.3184015204156205,CA,2023-12-19,1,0,1,1,1,1,1,1,1,1,1,0,0,0,1,0,0,1,0,1
172,2.02632397873739,0.3451883640874705,CA,2023-12-20,1,1,1,1,1,1,0,1,1,1,1,0,1,0,1,0,0,0,0,0
173,6.21880435236357,0.335459569978322,CA,2023-12-21,1,0,1,1,1,0,1,1,0,0,1,0,0,1,1,0,1,0,0,0
174,2.44439082421149,0.2665114914901885,CA,2023-12-22,1,1,1,1,1,1,1,1,0,1,1,0,1,1,1,0,1,0,0,0
175,0.604459585529914,0.274454645197379,CA,2023-12-23,1,1,1,1,1,1,1,1,1,1,1,1,1,1,1,0,1,0,1,1
176,1.8780945958383,0.2496504645163075,CA,2023-12-24,1,1,1,1,1,0,1,1,0,0,1,1,1,1,1,0,1,1,0,0
177,0.849742990324163,0.406120137854539,CA,2023-12-25,1,1,1,0,1,1,1,1,1,1,1,1,1,0,1,0,1,1,1,1
178,2.49269726590944,0.289608203662764,CA,2023-12-26,1,1,1,1,1,1,0,1,1,1,1,0,1,1,0,0,0,1,0,0
179,2.459918202401,0.371038046290726,CA,2023-12-27,1,0,1,1,1,1,1,0,1,1,1,0,1,0,0,0,0,0,0,1
180,2.80144483850934,0.247034085334462,CA,2023-12-28,1,1,1,1,1,1,1,0,0,1,1,0,1,1,1,0,1,1,0,1
181,3.62571845087633,0.242880132659374,CA,2023-12-29,1,1,1,1,1,0,1,1,0,1,1,0,0,1,1,0,1,0,0,1
182,1.2373324257329,0.339056406388671,CA,2023-12-30,1,0,1,1,1,1,0,1,1,1,1,0,0,1,1,0,0,1,0,1
183,0.476584765106544,0.1189918745827405,CA,2023-12-31,1,1,1,1,1,1,1,1,1,1,1,1,1,1,1,1,1,1,1,1
184,0.359909089768389,0.23366482420747,CA,2024-01-01,1,1,1,1,1,1,1,1,1,1,1,1,1,1,1,1,1,1,1,1
185,1.25476494229274,0.268557249508854,CA,2024-01-02,1,1,1,1,1,1,0,1,1,1,1,0,0,1,0,0,0,1,1,1
186,1.47774705806702,0.243967914861982,CA,2024-01-03,1,1,1,1,1,1,1,1,1,1,1,0,1,0,1,1,0,1,0,0
187,2.43899437263862,0.270046162072958,CA,2024-01-04,1,1,1,1,1,1,1,1,1,0,1,0,1,1,1,0,1,1,0,0
188,1.43371894375268,0.2282950140005115,CA,2024-01-05,1,1,1,1,1,1,1,1,1,1,1,0,0,1,1,0,1,1,0,1
189,3.14065432242754,0.4041560958368685,CA,2024-01-06,1,1,1,1,1,0,0,1,0,1,1,0,1,1,1,0,0,1,0,1
190,1.51200685918992,0.50459250403736,CA,2024-01-07,1,0,1,1,1,1,1,1,0,0,1,1,1,1,1,1,0,1,1,0
191,2.93106971821621,0.2214921651210115,CA,2024-01-08,1,0,1,1,1,0,1,1,1,1,0,0,1,1,1,0,1,0,0,1
192,10.7607095504321,0.1484543625411205,CA,2024-01-09,1,0,1,1,1,0,1,1,0,1,1,0,0,0,1,1,1,1,0,0
193,10.3285639824297,0.1524581828977295,CA,2024-01-10,1,1,1,1,1,0,1,1,0,1,1,0,0,0,1,0,1,1,0,0
194,7.91994419189193,0.148080243780803,CA,2024-01-11,1,1,1,1,1,0,1,1,0,1,1,0,0,0,1,0,1,0,0,1
195,5.29440897978073,0.168272455892821,CA,2024-01-12,1,0,1,1,1,1,1,1,0,1,1,0,1,0,1,1,0,0,0,0
196,4.01183966207334,0.1282711930759025,CA,2024-01-13,1,1,1,1,1,1,1,1,0,1,1,0,0,1,1,0,1,1,0,0
197,1.70314675712582,0.1992819840665835,CA,2024-01-14,1,1,0,1,1,1,1,1,1,1,1,0,0,0,1,0,1,0,0,0
198,1.80753177852554,0.2296757401648615,CA,2024-01-15,1,1,1,1,1,1,0,1,1,1,0,0,1,0,1,0,0,0,0,1
199,1.99775443592861,0.1725726225775805,CA,2024-01-16,1,1,1,1,1,1,1,1,1,1,1,0,1,1,1,1,1,0,0,1
200,3.56188688592973,0.04446472762533765,CA,2024-01-17,1,1,1,1,1,0,1,1,0,1,1,1,1,0,1,0,1,1,0,0
201,1.75679307526399,0.1548173612435785,CA,2024-01-18,1,1,1,0,1,1,1,1,1,1,1,0,1,0,1,1,0,1,0,1
202,2.01899088804739,0.0394544330927538,CA,2024-01-19,1,1,1,1,1,1,1,1,0,1,1,0,1,1,1,1,1,1,0,1
203,1.86214006566429,0.093996646448804,CA,2024-01-20,1,1,1,1,1,1,0,1,0,1,1,0,1,1,1,0,1,0,0,0
204,0.828690002560878,0.2354235464459945,CA,2024-01-21,1,1,1,1,1,1,1,1,1,0,1,0,1,1,1,1,1,1,1,0
205,2.71882945368306,0.074766370849467,CA,2024-01-22,1,1,1,1,1,0,0,1,0,1,1,0,1,1,1,1,0,1,0,1
206,2.28425894842415,0.03109153529727185,CA,2024-01-23,1,1,1,1,1,1,1,1,0,1,1,0,1,1,1,1,1,1,0,1
207,1.16015679674524,0.103600447998851,CA,2024-01-24,1,1,1,1,1,1,1,1,1,1,1,1,1,1,1,1,1,1,1,1
208,2.11344871656319,0.1476257446325385,CA,2024-01-25,1,1,1,0,1,1,1,1,1,1,1,0,1,0,1,0,0,1,0,0
209,2.79320551600549,0.134811862634749,CA,2024-01-26,0,1,1,1,1,1,0,1,1,1,0,0,1,1,1,1,0,1,0,1
210,2.78723468446756,0.0245976169349427,CA,2024-01-27,1,1,1,1,1,1,1,1,0,1,1,0,1,1,1,1,1,1,0,1
211,NA,NA,CO,2023-12-17,NA,NA,NA,NA,NA,NA,NA,NA,NA,NA,NA,NA,NA,NA,NA,NA,NA,NA,NA,NA
212,1.10588157433895,0.381909603697599,CO,2023-12-18,1,1,1,1,1,1,1,1,1,0,1,1,0,1,1,0,1,1,0,0
213,1.13187042413798,0.45965153428697,CO,2023-12-19,1,1,1,1,1,1,1,1,1,0,1,1,0,0,1,1,1,1,0,0
214,NA,NA,CO,2023-12-20,NA,NA,NA,NA,NA,NA,NA,NA,NA,NA,NA,NA,NA,NA,NA,NA,NA,NA,NA,NA
215,0.471683950482919,0.321732113584224,CO,2023-12-21,1,1,1,1,1,1,1,1,1,1,0,1,1,1,1,0,1,1,1,1
216,NA,NA,CO,2023-12-22,NA,NA,NA,NA,NA,NA,NA,NA,NA,NA,NA,NA,NA,NA,NA,NA,NA,NA,NA,NA
217,NA,NA,CO,2023-12-23,NA,NA,NA,NA,NA,NA,NA,NA,NA,NA,NA,NA,NA,NA,NA,NA,NA,NA,NA,NA
218,NA,NA,CO,2023-12-24,NA,NA,NA,NA,NA,NA,NA,NA,NA,NA,NA,NA,NA,NA,NA,NA,NA,NA,NA,NA
219,NA,NA,CO,2023-12-25,NA,NA,NA,NA,NA,NA,NA,NA,NA,NA,NA,NA,NA,NA,NA,NA,NA,NA,NA,NA
220,1.65097382092672,0.3080463610648625,CO,2023-12-26,1,1,1,1,1,0,1,1,1,1,1,0,0,0,1,0,1,1,0,1
221,0.870989143843585,0.613822597559725,CO,2023-12-27,1,1,1,1,1,1,0,1,1,1,1,1,1,1,1,0,0,1,1,1
222,1.26029960986375,0.418442587172403,CO,2023-12-28,1,1,1,1,1,1,1,0,1,0,1,1,1,1,1,0,1,0,0,0
223,NA,NA,CO,2023-12-29,NA,NA,NA,NA,NA,NA,NA,NA,NA,NA,NA,NA,NA,NA,NA,NA,NA,NA,NA,NA
224,NA,NA,CO,2023-12-30,NA,NA,NA,NA,NA,NA,NA,NA,NA,NA,NA,NA,NA,NA,NA,NA,NA,NA,NA,NA
225,NA,NA,CO,2023-12-31,NA,NA,NA,NA,NA,NA,NA,NA,NA,NA,NA,NA,NA,NA,NA,NA,NA,NA,NA,NA
226,0.52556062227321,0.3505742653485575,CO,2024-01-01,1,1,1,1,1,1,1,1,1,1,1,1,1,1,1,1,1,1,1,1
227,1.16551111868684,0.305285324288418,CO,2024-01-02,1,1,1,1,1,0,1,1,1,1,1,0,1,0,1,0,1,1,1,1
228,1.22105792408209,0.256878376326826,CO,2024-01-03,1,1,1,1,1,1,1,1,0,1,1,1,1,0,1,1,1,1,0,1
229,0.408000848804788,0.293596231335651,CO,2024-01-04,1,1,1,1,1,1,1,1,1,1,1,0,1,1,1,1,1,1,0,1
230,1.28360736377852,0.356640095870138,CO,2024-01-05,1,1,1,1,1,1,1,1,1,0,1,0,0,0,1,0,1,1,0,0
231,NA,NA,CO,2024-01-06,NA,NA,NA,NA,NA,NA,NA,NA,NA,NA,NA,NA,NA,NA,NA,NA,NA,NA,NA,NA
232,NA,NA,CO,2024-01-07,NA,NA,NA,NA,NA,NA,NA,NA,NA,NA,NA,NA,NA,NA,NA,NA,NA,NA,NA,NA
233,1.1798231667443,0.3630856926295215,CO,2024-01-08,1,1,1,1,1,0,1,1,1,1,1,1,1,0,1,0,1,1,0,1
234,0.283953209434714,0.22416987584458,CO,2024-01-09,1,1,1,1,1,1,1,1,1,1,1,1,1,1,1,1,1,1,1,1
235,0.549833702995353,0.36597961153329,CO,2024-01-10,1,1,1,1,1,0,1,1,1,1,1,1,1,0,1,0,1,1,1,1
236,1.14566953863951,0.222321205174723,CO,2024-01-11,1,1,1,1,1,1,1,1,0,1,1,0,1,1,1,1,1,1,0,1
237,0.835165612382688,0.4199345631404045,CO,2024-01-12,1,1,1,1,0,1,1,1,1,1,1,0,1,0,0,1,1,1,0,1
238,0.294347636686997,0.220868753549309,CO,2024-01-13,1,1,1,1,1,1,1,1,1,1,1,1,1,1,1,0,1,1,0,1
239,NA,NA,CO,2024-01-14,NA,NA,NA,NA,NA,NA,NA,NA,NA,NA,NA,NA,NA,NA,NA,NA,NA,NA,NA,NA
240,0.279791405174028,0.219780962732913,CO,2024-01-15,1,1,1,1,1,1,1,1,1,1,1,1,0,1,1,1,1,1,0,1
241,0.282413993517499,0.219364834213528,CO,2024-01-16,1,1,1,1,1,1,1,1,1,1,1,1,1,1,1,1,1,1,1,1
242,0.68969522654915,0.219029496530634,CO,2024-01-17,1,1,1,1,1,1,1,1,0,1,1,1,1,1,1,1,1,1,1,1
243,1.12900611128041,0.218771909488908,CO,2024-01-18,1,1,1,1,1,1,1,1,0,1,1,0,1,1,0,1,1,1,0,1
244,0.687665797099676,0.218589230911747,CO,2024-01-19,1,1,1,1,1,1,1,1,0,1,1,1,1,1,1,0,1,1,0,1
245,NA,NA,CO,2024-01-20,NA,NA,NA,NA,NA,NA,NA,NA,NA,NA,NA,NA,NA,NA,NA,NA,NA,NA,NA,NA
246,NA,NA,CO,2024-01-21,NA,NA,NA,NA,NA,NA,NA,NA,NA,NA,NA,NA,NA,NA,NA,NA,NA,NA,NA,NA
247,2.07042138116454,0.2184651368834775,CO,2024-01-22,1,1,1,1,1,1,1,1,0,1,1,0,1,1,1,0,1,1,0,1
248,0.712489552586536,0.2185575278431785,CO,2024-01-23,1,1,1,1,1,1,1,1,0,1,1,0,1,0,1,1,1,1,0,1
249,NA,NA,CO,2024-01-24,NA,NA,NA,NA,NA,NA,NA,NA,NA,NA,NA,NA,NA,NA,NA,NA,NA,NA,NA,NA
250,NA,NA,CO,2024-01-25,NA,NA,NA,NA,NA,NA,NA,NA,NA,NA,NA,NA,NA,NA,NA,NA,NA,NA,NA,NA
251,0.724723190705301,0.219209255381556,CO,2024-01-26,1,1,1,1,1,1,1,1,0,1,1,1,1,1,1,0,1,1,0,1
252,NA,NA,CO,2024-01-27,NA,NA,NA,NA,NA,NA,NA,NA,NA,NA,NA,NA,NA,NA,NA,NA,NA,NA,NA,NA
253,0.873439061929041,0.327761218577766,CT,2023-12-17,1,0,1,1,1,1,1,1,1,1,1,1,0,1,1,0,1,1,1,0
254,0.870086385315524,0.3576034405349595,CT,2023-12-18,1,1,1,0,1,1,1,1,1,1,1,1,1,0,1,0,1,1,0,0
255,0.947921299606884,0.3042154654990305,CT,2023-12-19,1,1,1,1,1,1,1,1,1,1,1,1,0,0,1,1,1,1,1,1
256,0.4696986425806,0.250054264955653,CT,2023-12-20,1,1,1,1,1,1,1,1,1,1,1,1,1,0,1,1,1,1,0,1
257,1.53565516106899,0.319787945234044,CT,2023-12-21,1,1,1,1,1,0,1,0,1,1,0,1,1,1,0,0,1,0,0,1
258,0.710790118938098,0.2340655560372885,CT,2023-12-22,1,1,1,1,1,1,1,1,1,1,1,1,1,1,1,0,1,1,0,1
259,1.13451300057183,0.192931110725085,CT,2023-12-23,1,1,1,1,1,1,1,1,0,1,1,1,1,0,1,1,1,1,0,1
260,0.699201862177391,0.184738342664768,CT,2023-12-24,1,1,1,1,1,1,1,1,0,1,1,1,1,1,1,1,1,1,1,1
261,1.49483617344226,0.1768292658863755,CT,2023-12-25,1,1,1,1,1,1,1,1,0,1,1,1,1,1,1,1,1,1,1,1
262,0.810431023237788,0.3059375621601135,CT,2023-12-26,1,0,1,1,1,1,1,1,1,1,1,1,1,1,1,0,1,1,0,1
263,1.54892331408129,0.252420923593326,CT,2023-12-27,1,1,1,1,1,1,1,1,0,0,1,0,1,1,1,0,1,1,0,0
264,0.796268968205595,0.31463423471711,CT,2023-12-28,1,1,1,1,1,0,1,1,1,1,1,1,0,0,1,0,1,1,0,1
265,1.1462846906588,0.321174073447476,CT,2023-12-29,1,1,1,1,1,1,0,1,1,1,1,0,0,1,1,1,0,1,0,1
266,0.855776119267476,0.3046596936751605,CT,2023-12-30,1,1,1,1,0,1,1,1,1,1,0,1,1,1,0,0,1,1,0,1
267,0.338776691354926,0.2805995011746915,CT,2023-12-31,1,1,1,1,1,1,1,1,1,1,1,1,1,1,1,0,1,1,0,1
268,NA,NA,CT,2024-01-01,NA,NA,NA,NA,NA,NA,NA,NA,NA,NA,NA,NA,NA,NA,NA,NA,NA,NA,NA,NA
269,4.86901457506201,0.159885880074366,CT,2024-01-02,1,1,1,1,1,0,1,1,0,1,1,0,0,0,1,0,1,0,0,0
270,2.71884541784131,0.2216430276398045,CT,2024-01-03,1,1,1,1,1,0,0,1,0,1,1,1,1,0,1,0,0,1,0,1
271,0.813256502223074,0.295141751456402,CT,2024-01-04,1,0,1,1,1,1,1,1,1,1,1,0,1,0,1,1,1,1,1,1
272,0.95952644055844,0.218450508639775,CT,2024-01-05,1,1,1,1,1,1,1,1,1,1,0,0,1,1,1,0,1,1,0,0
273,0.731031309848916,0.102201539460428,CT,2024-01-06,1,1,1,1,1,1,1,1,1,1,1,0,1,1,1,1,1,1,0,1
274,0.340238861797819,0.2312215881158425,CT,2024-01-07,1,1,1,1,1,1,1,1,1,1,1,1,1,1,1,0,1,0,1,1
275,2.15787644549086,0.1594563083130775,CT,2024-01-08,1,1,1,0,1,0,1,1,0,1,0,1,0,1,1,1,1,1,0,0
276,1.56835422740136,0.088655034032424,CT,2024-01-09,1,1,1,1,1,1,1,1,0,1,1,1,1,1,1,1,1,1,1,1
277,1.82879210268647,0.0845246787125435,CT,2024-01-10,1,1,1,1,1,0,1,1,0,1,1,1,1,1,1,1,1,1,1,1
278,1.60812742173383,0.126391208363913,CT,2024-01-11,1,1,1,1,1,1,1,1,0,1,0,1,0,1,1,1,1,1,0,1
279,0.329209973572346,0.0768040697265885,CT,2024-01-12,1,1,1,1,1,1,1,1,1,1,1,1,1,1,1,1,1,1,1,1
280,NA,NA,CT,2024-01-13,NA,NA,NA,NA,NA,NA,NA,NA,NA,NA,NA,NA,NA,NA,NA,NA,NA,NA,NA,NA
281,NA,NA,CT,2024-01-14,NA,NA,NA,NA,NA,NA,NA,NA,NA,NA,NA,NA,NA,NA,NA,NA,NA,NA,NA,NA
282,0.958014255990881,0.3218500893984215,CT,2024-01-15,1,1,1,1,1,0,1,1,1,1,1,1,1,1,1,0,1,0,0,1
283,0.777013230215667,0.0633561132146085,CT,2024-01-16,1,1,1,1,1,1,1,1,0,1,1,1,0,1,1,0,1,1,0,1
284,1.40105927963257,0.0603761632444305,CT,2024-01-17,1,1,1,1,1,1,1,1,0,1,1,0,1,0,1,1,1,1,0,1
285,0.28024365191507,0.0575382229521115,CT,2024-01-18,1,1,1,1,1,1,1,1,1,1,1,1,1,1,1,0,1,1,0,1
286,0.885862934307946,0.0548371564819685,CT,2024-01-19,1,1,1,1,1,1,1,1,0,1,1,1,1,0,1,0,1,1,0,1
287,0.889539513459797,0.0522679842668365,CT,2024-01-20,1,1,1,1,1,1,1,1,0,1,0,1,1,1,1,0,1,1,0,1
288,0.243085215675359,0.0498258843203468,CT,2024-01-21,1,1,1,1,1,1,1,1,1,1,1,1,1,1,1,1,1,1,1,1
289,1.52589233346606,0.0475061929393119,CT,2024-01-22,1,1,1,1,1,1,1,1,0,1,0,0,0,1,1,1,1,1,0,1
290,1.79134519352602,0.04530440484568185,CT,2024-01-23,1,1,1,1,1,1,1,1,0,1,1,1,1,1,1,1,1,1,0,0
291,0.952718894554187,0.0432161727921096,CT,2024-01-24,1,1,1,1,1,1,1,1,0,1,1,0,1,1,1,1,0,1,0,1
292,0.889869341196993,0.187046865881861,CT,2024-01-25,1,1,1,1,1,1,1,0,1,1,1,1,1,1,1,1,1,0,0,1
293,0.347178264250141,0.03936377202914505,CT,2024-01-26,1,1,1,1,1,1,1,1,1,1,1,1,1,0,1,1,1,1,0,1
294,NA,NA,CT,2024-01-27,NA,NA,NA,NA,NA,NA,NA,NA,NA,NA,NA,NA,NA,NA,NA,NA,NA,NA,NA,NA
295,0.909920311134053,0.41660373047467403,DC,2023-12-17,1,0,1,1,1,1,1,1,1,1,1,0,1,1,1,0,1,1,1,1
296,0.399689915938847,0.2625627236511835,DC,2023-12-18,1,1,1,1,1,1,1,1,1,1,1,1,1,1,1,1,1,1,1,1
297,0.786047842715835,0.51905025435199,DC,2023-12-19,1,1,1,0,1,1,1,1,1,1,1,1,1,0,1,1,1,1,0,1
298,NA,NA,DC,2023-12-20,NA,NA,NA,NA,NA,NA,NA,NA,NA,NA,NA,NA,NA,NA,NA,NA,NA,NA,NA,NA
299,NA,NA,DC,2023-12-21,NA,NA,NA,NA,NA,NA,NA,NA,NA,NA,NA,NA,NA,NA,NA,NA,NA,NA,NA,NA
300,NA,NA,DC,2023-12-22,NA,NA,NA,NA,NA,NA,NA,NA,NA,NA,NA,NA,NA,NA,NA,NA,NA,NA,NA,NA
301,NA,NA,DC,2023-12-23,NA,NA,NA,NA,NA,NA,NA,NA,NA,NA,NA,NA,NA,NA,NA,NA,NA,NA,NA,NA
302,0.579520435982124,0.2713373994220895,DC,2023-12-24,1,1,1,1,1,1,1,1,1,1,1,1,0,1,1,0,1,0,0,1
303,0.342672487884174,0.216306200184309,DC,2023-12-25,1,1,1,1,1,1,1,1,1,1,1,1,1,0,1,1,1,1,0,1
304,1.80898309940526,0.210824877509118,DC,2023-12-26,1,1,1,1,1,1,1,1,0,1,1,0,1,1,1,0,1,0,0,1
305,0.561923044566788,0.2672182383661855,DC,2023-12-27,1,1,1,1,1,1,1,1,1,1,1,1,0,0,1,0,1,1,0,1
306,NA,NA,DC,2023-12-28,NA,NA,NA,NA,NA,NA,NA,NA,NA,NA,NA,NA,NA,NA,NA,NA,NA,NA,NA,NA
307,0.536074044323563,0.265102777707353,DC,2023-12-29,1,1,1,1,1,1,1,1,1,1,1,1,1,1,1,1,1,0,0,1
308,0.294489468106148,0.1914131111796485,DC,2023-12-30,1,1,1,1,1,1,1,1,1,1,1,1,1,1,1,0,1,1,0,1
309,NA,NA,DC,2023-12-31,NA,NA,NA,NA,NA,NA,NA,NA,NA,NA,NA,NA,NA,NA,NA,NA,NA,NA,NA,NA
310,NA,NA,DC,2024-01-01,NA,NA,NA,NA,NA,NA,NA,NA,NA,NA,NA,NA,NA,NA,NA,NA,NA,NA,NA,NA
311,NA,NA,DC,2024-01-02,NA,NA,NA,NA,NA,NA,NA,NA,NA,NA,NA,NA,NA,NA,NA,NA,NA,NA,NA,NA
312,0.272221643187092,0.1756241310299535,DC,2024-01-03,1,1,1,1,1,1,1,1,1,1,1,1,1,1,1,0,1,1,0,1
313,0.267467453171971,0.172182276508745,DC,2024-01-04,1,1,1,1,1,1,1,1,1,1,1,1,1,1,1,0,1,1,0,1
314,0.37785359451281,0.30687283321434,DC,2024-01-05,1,1,1,1,1,1,1,1,1,1,1,1,1,1,1,1,1,1,1,1
315,NA,NA,DC,2024-01-06,NA,NA,NA,NA,NA,NA,NA,NA,NA,NA,NA,NA,NA,NA,NA,NA,NA,NA,NA,NA
316,0.628426227011898,0.1629504452751465,DC,2024-01-07,1,1,1,1,1,1,1,1,1,1,1,1,0,1,1,0,1,1,0,1
317,1.0796408033164,0.1602151158041505,DC,2024-01-08,1,1,1,1,1,1,1,1,0,1,1,0,1,1,1,1,1,1,0,1
318,2.83152610690928,0.157640267511739,DC,2024-01-09,1,1,1,1,1,0,1,1,0,1,0,0,0,1,1,0,1,1,0,1
319,0.572725620318562,0.470267152851271,DC,2024-01-10,1,1,1,1,1,1,1,1,1,1,1,1,1,1,1,0,1,1,0,1
320,NA,NA,DC,2024-01-11,NA,NA,NA,NA,NA,NA,NA,NA,NA,NA,NA,NA,NA,NA,NA,NA,NA,NA,NA,NA
321,NA,NA,DC,2024-01-12,NA,NA,NA,NA,NA,NA,NA,NA,NA,NA,NA,NA,NA,NA,NA,NA,NA,NA,NA,NA
322,0.239910851374861,0.1488352008825135,DC,2024-01-13,1,1,1,1,1,1,1,1,1,1,1,0,1,1,1,1,1,1,0,1
323,NA,NA,DC,2024-01-14,NA,NA,NA,NA,NA,NA,NA,NA,NA,NA,NA,NA,NA,NA,NA,NA,NA,NA,NA,NA
324,NA,NA,DC,2024-01-15,NA,NA,NA,NA,NA,NA,NA,NA,NA,NA,NA,NA,NA,NA,NA,NA,NA,NA,NA,NA
325,NA,NA,DC,2024-01-16,NA,NA,NA,NA,NA,NA,NA,NA,NA,NA,NA,NA,NA,NA,NA,NA,NA,NA,NA,NA
326,0.232591447660303,0.142196492836061,DC,2024-01-17,1,1,1,1,1,1,1,1,1,1,1,1,1,1,1,1,1,1,0,0
327,0.233119401867888,0.1408461669836155,DC,2024-01-18,1,1,1,1,1,1,1,1,1,1,1,1,1,0,1,1,1,1,0,1
328,NA,NA,DC,2024-01-19,NA,NA,NA,NA,NA,NA,NA,NA,NA,NA,NA,NA,NA,NA,NA,NA,NA,NA,NA,NA
329,NA,NA,DC,2024-01-20,NA,NA,NA,NA,NA,NA,NA,NA,NA,NA,NA,NA,NA,NA,NA,NA,NA,NA,NA,NA
330,0.58912081028084,0.516024924920315,DC,2024-01-21,1,1,1,1,1,0,1,1,1,1,1,1,0,1,1,0,1,1,1,1
331,NA,NA,DC,2024-01-22,NA,NA,NA,NA,NA,NA,NA,NA,NA,NA,NA,NA,NA,NA,NA,NA,NA,NA,NA,NA
332,0.565688989467919,0.1358020959985165,DC,2024-01-23,1,1,1,1,1,1,1,1,1,1,1,1,0,1,1,1,1,1,0,1
333,NA,NA,DC,2024-01-24,NA,NA,NA,NA,NA,NA,NA,NA,NA,NA,NA,NA,NA,NA,NA,NA,NA,NA,NA,NA
334,NA,NA,DC,2024-01-25,NA,NA,NA,NA,NA,NA,NA,NA,NA,NA,NA,NA,NA,NA,NA,NA,NA,NA,NA,NA
335,NA,NA,DC,2024-01-26,NA,NA,NA,NA,NA,NA,NA,NA,NA,NA,NA,NA,NA,NA,NA,NA,NA,NA,NA,NA
336,NA,NA,DC,2024-01-27,NA,NA,NA,NA,NA,NA,NA,NA,NA,NA,NA,NA,NA,NA,NA,NA,NA,NA,NA,NA
337,NA,NA,DE,2023-12-17,NA,NA,NA,NA,NA,NA,NA,NA,NA,NA,NA,NA,NA,NA,NA,NA,NA,NA,NA,NA
338,NA,NA,DE,2023-12-18,NA,NA,NA,NA,NA,NA,NA,NA,NA,NA,NA,NA,NA,NA,NA,NA,NA,NA,NA,NA
339,NA,NA,DE,2023-12-19,NA,NA,NA,NA,NA,NA,NA,NA,NA,NA,NA,NA,NA,NA,NA,NA,NA,NA,NA,NA
340,2.46220823407397,0.3454342020145855,DE,2023-12-20,1,1,1,1,1,0,1,1,0,1,1,1,0,1,1,0,1,1,0,1
341,1.91374878520744,0.2761546560134685,DE,2023-12-21,1,1,1,1,0,1,1,1,0,1,1,0,1,0,0,0,1,1,0,1
342,0.938282578698366,0.33080944876904,DE,2023-12-22,1,1,1,0,1,1,1,1,1,1,1,1,0,0,1,1,1,0,0,1
343,1.17728430031187,0.3338677458919945,DE,2023-12-23,1,0,1,1,1,1,1,1,1,1,1,0,1,0,1,0,1,0,1,1
344,0.537500700036232,0.3747278490619325,DE,2023-12-24,1,1,1,1,1,1,1,1,1,1,1,1,1,1,1,1,1,1,1,1
345,0.793815766451021,0.392186285150882,DE,2023-12-25,1,1,1,1,1,1,1,0,1,1,1,0,1,1,1,1,1,0,1,1
346,2.34882089202834,0.2722323067628145,DE,2023-12-26,1,1,1,1,1,1,1,1,0,1,1,0,0,0,1,1,1,0,0,0
347,0.99182755859675,0.254293101261782,DE,2023-12-27,1,1,1,1,1,1,1,1,1,1,1,1,1,0,1,0,1,0,0,1
348,2.09425129008331,0.2944274468691875,DE,2023-12-28,1,1,1,1,1,0,1,1,1,1,1,1,1,0,0,0,0,0,0,0
349,1.1172429042106,0.278388621250722,DE,2023-12-29,1,1,0,1,1,1,1,1,1,1,1,1,0,1,1,1,0,1,0,0
350,NA,NA,DE,2023-12-30,NA,NA,NA,NA,NA,NA,NA,NA,NA,NA,NA,NA,NA,NA,NA,NA,NA,NA,NA,NA
351,0.55931646780328,0.150971403052498,DE,2023-12-31,1,1,1,1,1,1,1,1,1,1,1,0,1,1,1,1,1,0,0,1
352,1.5250760480905,0.450224876536668,DE,2024-01-01,1,0,1,1,1,1,1,0,0,1,1,0,1,1,1,0,1,0,0,1
353,2.58495396351329,0.17229368120979,DE,2024-01-02,1,1,1,1,1,1,1,1,0,1,1,0,1,1,1,1,0,0,0,1
354,2.85290960004398,0.139451342398339,DE,2024-01-03,1,1,1,1,1,0,1,1,0,1,1,0,1,0,1,0,1,1,0,1
355,1.62194044186251,0.226225438597068,DE,2024-01-04,1,0,1,1,1,1,1,1,0,1,1,0,1,1,1,0,1,0,0,1
356,0.181335553993769,0.1327716573634465,DE,2024-01-05,1,1,1,1,1,1,1,1,1,1,1,1,1,1,1,1,1,1,1,1
357,1.23994586970457,0.2348387971827545,DE,2024-01-06,1,1,0,1,1,1,1,1,1,1,1,1,0,1,0,1,1,1,1,1
358,0.481497755716499,0.1268542056795,DE,2024-01-07,1,1,1,1,1,1,1,1,1,1,1,1,1,1,1,0,1,1,0,1
359,1.06287641557724,0.368470643219299,DE,2024-01-08,1,1,1,1,1,1,1,1,1,0,1,0,1,1,1,1,1,1,1,0
360,1.1356313189458,0.1216680151877605,DE,2024-01-09,1,1,1,1,1,1,1,1,0,1,1,1,1,0,1,0,1,1,0,1
361,0.928127416341399,0.649967381497425,DE,2024-01-10,1,0,1,1,1,1,1,1,1,1,1,0,1,1,1,1,1,1,0,1
362,0.694834791212851,0.190289397946464,DE,2024-01-11,1,1,1,1,1,1,1,1,1,1,1,1,1,1,1,0,1,1,0,1
363,NA,NA,DE,2024-01-12,NA,NA,NA,NA,NA,NA,NA,NA,NA,NA,NA,NA,NA,NA,NA,NA,NA,NA,NA,NA
364,0.755824121571485,0.1133725340795195,DE,2024-01-13,1,1,1,1,1,1,1,1,0,1,1,1,1,1,1,1,1,1,0,0
365,0.990688743386898,0.2514265042411395,DE,2024-01-14,1,1,0,1,1,1,1,1,1,1,1,1,0,1,1,1,1,0,1,1
366,0.161534386238201,0.110208343815747,DE,2024-01-15,1,1,1,1,1,1,1,1,1,1,1,1,1,1,0,1,1,1,0,1
367,1.36755316589142,0.1088608742913545,DE,2024-01-16,1,1,1,1,1,1,1,1,0,1,1,1,1,1,1,0,1,1,0,1
368,0.42297075365332,0.107665810322912,DE,2024-01-17,1,1,1,1,1,1,1,1,1,1,1,0,1,1,1,1,1,0,0,1
369,0.676996551184544,0.106620286516903,DE,2024-01-18,1,1,1,1,1,1,1,1,1,1,1,1,1,1,1,0,1,1,0,1
370,NA,NA,DE,2024-01-19,NA,NA,NA,NA,NA,NA,NA,NA,NA,NA,NA,NA,NA,NA,NA,NA,NA,NA,NA,NA
371,NA,NA,DE,2024-01-20,NA,NA,NA,NA,NA,NA,NA,NA,NA,NA,NA,NA,NA,NA,NA,NA,NA,NA,NA,NA
372,0.142634624064569,0.104354130018941,DE,2024-01-21,1,1,1,1,1,1,1,1,1,1,1,1,1,1,1,1,1,1,1,1
373,1.05456957164014,0.2270501087885145,DE,2024-01-22,1,1,1,1,1,1,1,1,1,0,1,1,0,1,1,1,1,1,0,0
374,0.946601945976264,0.103544057420613,DE,2024-01-23,1,1,1,1,1,1,1,1,0,1,1,1,1,1,1,0,1,1,0,1
375,0.982880315522498,0.1033424684330375,DE,2024-01-24,1,1,1,1,1,1,1,1,0,1,1,1,1,1,1,1,1,0,0,1
376,0.136877332368004,0.1032737553514975,DE,2024-01-25,1,1,1,1,1,1,1,1,1,1,1,1,1,1,1,1,1,1,1,1
377,0.392199533783482,0.103335954028935,DE,2024-01-26,1,1,1,1,1,1,1,1,1,1,1,1,1,1,1,1,1,1,1,1
378,0.663771578867956,0.103527153162014,DE,2024-01-27,1,1,1,1,1,1,1,1,1,1,1,1,1,1,1,0,1,1,0,1
379,0.475205441456284,0.123424465191158,FL,2023-12-17,1,1,1,1,1,1,1,1,1,1,1,1,1,1,1,1,1,1,1,1
380,3.4654919616602,0.3029868956688915,FL,2023-12-18,1,1,1,1,1,0,1,1,1,1,1,1,0,1,1,0,1,0,0,0
381,1.56411873573437,0.262216941831348,FL,2023-12-19,1,1,1,1,1,1,1,1,1,1,1,1,1,0,1,1,1,0,0,0
382,2.56137921053959,0.2682876242108745,FL,2023-12-20,1,1,1,1,1,0,1,1,1,0,1,1,0,0,1,1,1,1,0,1
383,2.23707143141333,0.3153543947463315,FL,2023-12-21,1,1,1,1,0,1,0,1,1,1,1,0,1,1,0,0,0,1,0,0
384,1.44793317100473,0.265040488117503,FL,2023-12-22,0,1,1,1,1,1,0,1,1,1,0,1,0,0,1,1,1,1,0,1
385,1.18081792394263,0.3925991841107485,FL,2023-12-23,1,1,0,1,1,1,1,1,1,0,1,1,0,1,1,1,1,1,0,0
386,1.19392228857053,0.2796819528130145,FL,2023-12-24,1,1,1,1,1,0,1,1,1,1,1,1,1,1,1,0,1,1,0,0
387,0.109930398043805,0.080033267814062,FL,2023-12-25,1,1,1,1,1,1,1,1,1,1,1,1,1,1,1,1,1,1,1,1
388,2.40634878376117,0.280093698828218,FL,2023-12-26,1,1,1,1,0,1,0,0,1,1,1,0,1,0,0,0,0,0,0,0
389,1.5258503424956,0.261238262655045,FL,2023-12-27,1,0,1,1,1,1,1,1,1,1,1,0,0,1,1,1,0,1,0,0
390,2.37169574470069,0.1970695098725565,FL,2023-12-28,1,1,1,1,1,1,1,1,0,1,1,0,0,1,1,0,1,0,0,1
391,1.97935425210182,0.2205543164588755,FL,2023-12-29,0,1,1,1,1,1,1,1,1,1,0,0,1,1,1,0,0,1,0,0
392,0.508338748551433,0.061566366928753,FL,2023-12-30,1,1,1,1,1,1,1,1,1,1,1,1,1,1,1,1,0,1,0,1
393,1.22765889930242,0.1550299814491635,FL,2023-12-31,1,1,1,1,1,1,1,1,1,0,1,0,1,1,1,1,1,1,1,0
394,0.692001239102411,0.0555741969897105,FL,2024-01-01,1,1,1,1,1,1,1,1,1,1,1,0,1,1,1,0,1,1,0,1
395,3.17458866078788,0.141942290799995,FL,2024-01-02,1,1,1,1,1,1,1,1,0,1,1,0,1,1,1,1,0,0,0,1
396,4.0552914488117,0.1482766615013385,FL,2024-01-03,1,1,1,1,1,1,1,1,0,1,1,0,1,1,1,0,1,0,0,1
397,8.03070489192259,0.113550016088717,FL,2024-01-04,1,1,1,1,1,0,1,1,0,1,1,0,1,0,0,0,0,0,0,0
398,2.17016433361653,0.1239766883542145,FL,2024-01-05,1,1,1,1,1,1,1,1,0,1,1,1,0,0,1,1,0,0,0,1
399,1.84591909853288,0.0870035138130145,FL,2024-01-06,1,1,1,1,1,1,1,1,0,1,1,0,1,1,1,1,1,1,0,1
400,0.765175387508862,0.233752637565977,FL,2024-01-07,1,1,1,1,1,1,1,1,1,0,0,1,1,1,1,0,1,1,0,0
401,2.56088294832774,0.1267621428514885,FL,2024-01-08,1,1,1,1,1,0,1,1,0,1,1,0,0,1,1,0,0,1,0,0
402,1.14250695081323,0.03752323411004395,FL,2024-01-09,1,1,1,1,1,1,1,1,0,1,1,1,1,1,1,1,1,1,1,1
403,3.17636307672475,0.1428680524464365,FL,2024-01-10,1,1,1,1,1,1,0,1,0,1,1,0,1,0,1,1,1,0,0,1
404,2.05468543748981,0.0966124227014485,FL,2024-01-11,1,1,1,1,1,1,1,1,0,1,1,1,1,0,1,0,1,1,0,1
405,1.73535123972031,0.076875282436148,FL,2024-01-12,1,1,1,1,1,1,1,1,0,1,1,1,0,1,1,0,1,0,0,1
406,0.516242979130837,0.03117947572006185,FL,2024-01-13,1,1,1,1,1,1,1,1,1,1,1,0,1,1,1,1,1,0,0,1
407,0.332951782181053,0.02980687901466065,FL,2024-01-14,1,1,1,1,1,1,1,1,1,1,1,1,1,1,1,1,1,1,0,0
408,2.38686468388097,0.062815405774851,FL,2024-01-15,1,1,1,1,1,1,1,1,0,1,1,1,1,1,1,0,1,0,0,0
409,4.84977595728124,0.077572830496461,FL,2024-01-16,1,1,1,1,1,1,1,1,0,1,1,1,1,1,1,0,0,0,0,0
410,2.13432031068653,0.149943151829545,FL,2024-01-17,1,1,1,1,1,1,0,1,1,1,1,1,0,1,0,0,0,0,0,0
411,2.40552556749945,0.1197530678750955,FL,2024-01-18,1,1,0,1,1,0,1,1,1,1,1,0,0,1,1,0,0,0,1,0
412,2.2450300329432,0.0993126247248865,FL,2024-01-19,1,1,1,1,1,0,1,1,0,1,1,1,1,1,0,0,0,0,0,0
413,1.4061775634738,0.023022407838608,FL,2024-01-20,1,1,1,1,1,1,1,1,0,1,1,1,1,1,1,0,1,1,0,1
414,0.759582855195362,0.0945725552197435,FL,2024-01-21,1,1,1,1,1,1,1,1,1,1,1,1,1,1,1,0,0,0,0,1
415,1.52901226420321,0.0668795380755015,FL,2024-01-22,1,1,1,1,1,1,1,1,0,1,1,1,1,1,1,0,0,1,0,0
416,1.73435936217306,0.11003878136288,FL,2024-01-23,1,1,1,1,1,1,1,1,1,1,0,0,1,1,1,0,0,1,0,1
417,1.05383782034387,0.200530049408412,FL,2024-01-24,1,1,1,0,1,1,1,0,1,1,1,1,1,0,0,0,0,0,0,0
418,1.68924731038367,0.0188952048753455,FL,2024-01-25,1,1,1,1,1,1,1,1,0,1,1,0,1,1,0,1,1,0,0,1
419,1.83589522266448,0.066192722504788,FL,2024-01-26,1,1,1,1,1,1,1,1,0,1,1,1,1,1,1,1,1,0,0,0
420,0.236647562912869,0.01755146468066885,FL,2024-01-27,1,1,1,1,1,1,1,1,1,1,1,1,1,1,1,1,1,0,0,1
421,0.323342649219477,0.2295101332743265,GA,2023-12-17,1,1,1,1,1,1,1,1,1,1,1,1,1,1,1,0,1,1,0,1
422,2.47779390761996,0.399150204972812,GA,2023-12-18,0,1,1,1,0,1,1,0,0,1,0,0,0,1,0,0,1,1,0,1
423,1.34258413246813,0.2994214175018845,GA,2023-12-19,1,1,1,1,1,0,1,1,1,1,0,1,0,1,1,0,0,1,0,0
424,1.05653574429498,0.4010435860897515,GA,2023-12-20,1,1,1,1,1,1,1,0,1,0,1,1,1,1,1,0,1,1,1,0
425,1.69700176368108,0.29108194719048,GA,2023-12-21,1,1,1,1,1,1,1,1,0,1,1,1,1,1,1,0,1,1,0,1
426,2.25090407987375,0.2900569274155945,GA,2023-12-22,1,1,1,1,1,1,1,1,0,1,1,1,1,1,1,0,1,1,0,1
427,1.25748984353475,0.405421833828925,GA,2023-12-23,1,1,1,1,0,0,1,1,1,1,1,1,0,1,0,0,1,1,0,1
428,1.17150122484787,0.3256683010780335,GA,2023-12-24,1,1,1,1,1,1,1,1,1,1,1,1,1,1,1,1,1,1,1,1
429,1.26437917497572,0.32485888828418,GA,2023-12-25,1,1,1,1,1,1,1,1,0,0,1,1,0,0,1,0,1,1,0,0
430,3.2357492723726198,0.3453082207571425,GA,2023-12-26,1,1,1,1,1,0,0,1,0,1,1,0,1,1,1,0,0,0,0,1
431,1.15095963230486,0.3169004315236955,GA,2023-12-27,1,1,1,1,1,1,0,1,1,1,1,1,1,1,1,0,0,0,0,1
432,0.978600177366368,0.308457033709762,GA,2023-12-28,1,1,1,1,1,1,1,1,1,1,1,0,0,1,1,0,1,0,1,1
433,3.79290207085338,0.349007648701608,GA,2023-12-29,1,0,1,1,1,0,1,1,0,1,1,0,1,1,1,0,1,1,0,0
434,1.19019378180282,0.3187310121106665,GA,2023-12-30,1,1,1,1,1,1,1,0,1,1,1,1,0,1,1,0,1,1,0,1
435,0.304732576918058,0.2665609938244235,GA,2023-12-31,1,1,1,1,1,1,1,1,1,1,1,1,1,1,1,1,1,1,1,1
436,0.56844929891206,0.2662033565202405,GA,2024-01-01,1,1,1,1,1,1,1,1,1,1,1,1,0,1,1,0,1,1,0,0
437,2.82926309664739,0.399137854153374,GA,2024-01-02,1,1,1,0,1,0,1,0,0,1,1,1,1,1,1,0,1,0,0,1
438,9.52237982261151,0.290930923073174,GA,2024-01-03,1,1,1,1,1,0,1,1,0,1,1,1,0,1,1,0,1,0,0,1
439,1.90244940688897,0.3033935187809975,GA,2024-01-04,1,1,1,1,1,1,1,0,0,1,1,1,1,0,1,0,0,0,0,1
440,4.5512804413354,0.260916764288811,GA,2024-01-05,1,1,1,1,1,0,1,1,0,1,1,0,1,1,1,0,1,1,0,1
441,1.06880490200074,0.3775444604139345,GA,2024-01-06,1,0,1,1,1,1,1,1,1,1,1,0,1,1,1,0,1,1,0,1
442,0.358771866763091,0.2569027419337395,GA,2024-01-07,1,1,1,1,1,1,1,1,1,1,1,1,1,1,1,0,1,1,0,1
443,1.15971504123935,0.300704799475361,GA,2024-01-08,1,1,1,1,1,1,1,1,1,0,1,1,0,1,1,0,1,1,1,0
444,2.04275314201726,0.30763519956356,GA,2024-01-09,1,1,1,1,1,1,1,1,0,1,1,0,0,1,1,0,1,0,0,0
445,4.27181175701283,0.321450933211682,GA,2024-01-10,1,1,1,1,1,0,1,1,0,0,1,0,1,0,1,0,1,1,0,0
446,6.76882680390012,0.2969377162716235,GA,2024-01-11,1,1,1,1,1,0,0,1,0,1,1,1,0,0,1,0,0,0,0,0
447,2.22972409073888,0.3586090958733275,GA,2024-01-12,0,1,1,1,1,0,1,1,1,1,0,0,0,1,1,0,1,1,0,0
448,4.0667061531026,0.2833453447931775,GA,2024-01-13,1,1,1,1,1,0,1,1,0,1,0,0,0,1,1,0,1,1,0,1
449,3.37886384942408,0.2524585936138345,GA,2024-01-14,1,1,1,1,1,0,1,1,0,1,1,1,0,1,1,0,1,1,0,0
450,3.99956208695407,0.2822378362980965,GA,2024-01-15,1,1,1,1,1,0,1,1,0,1,1,0,0,0,1,0,1,1,0,1
451,6.89321033225452,0.270807418259588,GA,2024-01-16,1,1,1,1,0,0,1,1,0,1,1,1,0,1,0,0,1,1,0,1
452,6.98156984023491,0.2709865227141275,GA,2024-01-17,1,1,1,1,1,0,0,1,0,1,1,1,0,0,1,0,0,1,0,1
453,2.77689812281011,0.3113634419359435,GA,2024-01-18,1,1,1,1,1,0,1,1,0,1,1,0,1,1,1,0,1,0,0,0
454,2.78289349230524,0.2461704536607,GA,2024-01-19,1,1,1,1,1,0,1,1,0,1,1,1,0,1,1,0,1,0,0,1
455,4.65231901936336,0.281468797949733,GA,2024-01-20,1,1,1,1,1,0,1,1,0,1,1,1,0,0,1,0,1,1,0,0
456,3.17317672630573,0.295873026015606,GA,2024-01-21,0,1,1,1,1,0,1,1,0,1,0,1,0,1,1,0,1,0,0,1
457,4.43727004589318,0.247711830008682,GA,2024-01-22,1,1,1,1,1,0,1,1,0,1,1,0,1,1,1,0,1,1,0,1
458,5.83333025575945,0.268389782911491,GA,2024-01-23,1,1,1,1,1,0,1,1,0,1,1,1,0,1,1,0,1,1,0,1
459,2.19105935318726,0.243904061725288,GA,2024-01-24,1,1,1,1,1,0,1,1,0,1,1,1,0,1,1,0,1,0,0,1
460,1.70012012263966,0.2434911795760575,GA,2024-01-25,1,1,1,1,1,1,1,1,0,1,1,1,1,1,1,0,1,0,0,1
461,2.21029778559336,0.243077509807841,GA,2024-01-26,1,1,1,1,1,0,1,1,0,1,1,1,0,0,1,0,1,0,0,1
462,1.64877201503347,0.242657133270035,GA,2024-01-27,1,1,1,1,1,1,1,1,0,1,1,0,1,1,1,0,1,1,0,1
463,NA,NA,HI,2023-12-17,NA,NA,NA,NA,NA,NA,NA,NA,NA,NA,NA,NA,NA,NA,NA,NA,NA,NA,NA,NA
464,NA,NA,HI,2023-12-18,NA,NA,NA,NA,NA,NA,NA,NA,NA,NA,NA,NA,NA,NA,NA,NA,NA,NA,NA,NA
465,NA,NA,HI,2023-12-19,NA,NA,NA,NA,NA,NA,NA,NA,NA,NA,NA,NA,NA,NA,NA,NA,NA,NA,NA,NA
466,NA,NA,HI,2023-12-20,NA,NA,NA,NA,NA,NA,NA,NA,NA,NA,NA,NA,NA,NA,NA,NA,NA,NA,NA,NA
467,NA,NA,HI,2023-12-21,NA,NA,NA,NA,NA,NA,NA,NA,NA,NA,NA,NA,NA,NA,NA,NA,NA,NA,NA,NA
468,NA,NA,HI,2023-12-22,NA,NA,NA,NA,NA,NA,NA,NA,NA,NA,NA,NA,NA,NA,NA,NA,NA,NA,NA,NA
469,NA,NA,HI,2023-12-23,NA,NA,NA,NA,NA,NA,NA,NA,NA,NA,NA,NA,NA,NA,NA,NA,NA,NA,NA,NA
470,NA,NA,HI,2023-12-24,NA,NA,NA,NA,NA,NA,NA,NA,NA,NA,NA,NA,NA,NA,NA,NA,NA,NA,NA,NA
471,NA,NA,HI,2023-12-25,NA,NA,NA,NA,NA,NA,NA,NA,NA,NA,NA,NA,NA,NA,NA,NA,NA,NA,NA,NA
472,NA,NA,HI,2023-12-26,NA,NA,NA,NA,NA,NA,NA,NA,NA,NA,NA,NA,NA,NA,NA,NA,NA,NA,NA,NA
473,NA,NA,HI,2023-12-27,NA,NA,NA,NA,NA,NA,NA,NA,NA,NA,NA,NA,NA,NA,NA,NA,NA,NA,NA,NA
474,NA,NA,HI,2023-12-28,NA,NA,NA,NA,NA,NA,NA,NA,NA,NA,NA,NA,NA,NA,NA,NA,NA,NA,NA,NA
475,NA,NA,HI,2023-12-29,NA,NA,NA,NA,NA,NA,NA,NA,NA,NA,NA,NA,NA,NA,NA,NA,NA,NA,NA,NA
476,NA,NA,HI,2023-12-30,NA,NA,NA,NA,NA,NA,NA,NA,NA,NA,NA,NA,NA,NA,NA,NA,NA,NA,NA,NA
477,NA,NA,HI,2023-12-31,NA,NA,NA,NA,NA,NA,NA,NA,NA,NA,NA,NA,NA,NA,NA,NA,NA,NA,NA,NA
478,NA,NA,HI,2024-01-01,NA,NA,NA,NA,NA,NA,NA,NA,NA,NA,NA,NA,NA,NA,NA,NA,NA,NA,NA,NA
479,NA,NA,HI,2024-01-02,NA,NA,NA,NA,NA,NA,NA,NA,NA,NA,NA,NA,NA,NA,NA,NA,NA,NA,NA,NA
480,NA,NA,HI,2024-01-03,NA,NA,NA,NA,NA,NA,NA,NA,NA,NA,NA,NA,NA,NA,NA,NA,NA,NA,NA,NA
481,NA,NA,HI,2024-01-04,NA,NA,NA,NA,NA,NA,NA,NA,NA,NA,NA,NA,NA,NA,NA,NA,NA,NA,NA,NA
482,NA,NA,HI,2024-01-05,NA,NA,NA,NA,NA,NA,NA,NA,NA,NA,NA,NA,NA,NA,NA,NA,NA,NA,NA,NA
483,NA,NA,HI,2024-01-06,NA,NA,NA,NA,NA,NA,NA,NA,NA,NA,NA,NA,NA,NA,NA,NA,NA,NA,NA,NA
484,NA,NA,HI,2024-01-07,NA,NA,NA,NA,NA,NA,NA,NA,NA,NA,NA,NA,NA,NA,NA,NA,NA,NA,NA,NA
485,NA,NA,HI,2024-01-08,NA,NA,NA,NA,NA,NA,NA,NA,NA,NA,NA,NA,NA,NA,NA,NA,NA,NA,NA,NA
486,0.39434198253884,0.262989941519701,HI,2024-01-09,1,1,1,1,1,1,1,1,1,1,1,1,0,1,1,1,1,1,0,1
487,NA,NA,HI,2024-01-10,NA,NA,NA,NA,NA,NA,NA,NA,NA,NA,NA,NA,NA,NA,NA,NA,NA,NA,NA,NA
488,NA,NA,HI,2024-01-11,NA,NA,NA,NA,NA,NA,NA,NA,NA,NA,NA,NA,NA,NA,NA,NA,NA,NA,NA,NA
489,0.370812113417,0.258278629838162,HI,2024-01-12,1,1,1,1,1,1,1,1,1,1,1,1,1,1,1,1,1,1,1,1
490,NA,NA,HI,2024-01-13,NA,NA,NA,NA,NA,NA,NA,NA,NA,NA,NA,NA,NA,NA,NA,NA,NA,NA,NA,NA
491,NA,NA,HI,2024-01-14,NA,NA,NA,NA,NA,NA,NA,NA,NA,NA,NA,NA,NA,NA,NA,NA,NA,NA,NA,NA
492,NA,NA,HI,2024-01-15,NA,NA,NA,NA,NA,NA,NA,NA,NA,NA,NA,NA,NA,NA,NA,NA,NA,NA,NA,NA
493,NA,NA,HI,2024-01-16,NA,NA,NA,NA,NA,NA,NA,NA,NA,NA,NA,NA,NA,NA,NA,NA,NA,NA,NA,NA
494,NA,NA,HI,2024-01-17,NA,NA,NA,NA,NA,NA,NA,NA,NA,NA,NA,NA,NA,NA,NA,NA,NA,NA,NA,NA
495,NA,NA,HI,2024-01-18,NA,NA,NA,NA,NA,NA,NA,NA,NA,NA,NA,NA,NA,NA,NA,NA,NA,NA,NA,NA
496,NA,NA,HI,2024-01-19,NA,NA,NA,NA,NA,NA,NA,NA,NA,NA,NA,NA,NA,NA,NA,NA,NA,NA,NA,NA
497,NA,NA,HI,2024-01-20,NA,NA,NA,NA,NA,NA,NA,NA,NA,NA,NA,NA,NA,NA,NA,NA,NA,NA,NA,NA
498,NA,NA,HI,2024-01-21,NA,NA,NA,NA,NA,NA,NA,NA,NA,NA,NA,NA,NA,NA,NA,NA,NA,NA,NA,NA
499,NA,NA,HI,2024-01-22,NA,NA,NA,NA,NA,NA,NA,NA,NA,NA,NA,NA,NA,NA,NA,NA,NA,NA,NA,NA
500,NA,NA,HI,2024-01-23,NA,NA,NA,NA,NA,NA,NA,NA,NA,NA,NA,NA,NA,NA,NA,NA,NA,NA,NA,NA
501,NA,NA,HI,2024-01-24,NA,NA,NA,NA,NA,NA,NA,NA,NA,NA,NA,NA,NA,NA,NA,NA,NA,NA,NA,NA
502,NA,NA,HI,2024-01-25,NA,NA,NA,NA,NA,NA,NA,NA,NA,NA,NA,NA,NA,NA,NA,NA,NA,NA,NA,NA
503,NA,NA,HI,2024-01-26,NA,NA,NA,NA,NA,NA,NA,NA,NA,NA,NA,NA,NA,NA,NA,NA,NA,NA,NA,NA
504,NA,NA,HI,2024-01-27,NA,NA,NA,NA,NA,NA,NA,NA,NA,NA,NA,NA,NA,NA,NA,NA,NA,NA,NA,NA
505,0.900767654372877,0.2763950795745825,IA,2023-12-17,1,1,1,1,1,1,1,0,1,1,1,1,0,1,1,1,1,0,0,0
506,4.79432469042767,0.2707038166821085,IA,2023-12-18,1,1,1,1,0,0,1,1,0,1,1,0,0,0,0,0,1,0,0,0
507,1.87302506545759,0.282345889108244,IA,2023-12-19,1,1,1,0,1,1,1,1,1,1,1,0,0,1,0,0,1,0,0,1
508,1.48292611174788,0.364030771070467,IA,2023-12-20,1,1,1,0,1,1,1,1,1,0,1,0,1,0,1,0,1,0,0,0
509,1.38268885153306,0.307829629704679,IA,2023-12-21,1,1,1,1,1,1,1,1,1,1,1,0,0,0,1,0,1,0,0,0
510,2.12059155671916,0.1656052662251045,IA,2023-12-22,1,1,1,1,1,1,1,1,0,1,1,0,1,1,1,1,1,1,0,1
511,1.43185936310785,0.446555284396828,IA,2023-12-23,1,1,1,1,1,0,1,1,0,0,1,0,1,1,1,0,1,1,0,1
512,1.85143290384487,0.194081887960934,IA,2023-12-24,1,1,1,1,1,1,1,1,0,1,1,1,0,1,1,0,1,0,1,1
513,2.37323590681335,0.375277664348865,IA,2023-12-25,1,1,0,0,0,1,1,1,1,1,1,1,0,1,0,0,1,1,0,1
514,1.55273955481054,0.2517371451702045,IA,2023-12-26,1,1,1,1,1,1,0,1,1,1,1,1,1,0,0,0,0,1,1,0
515,1.23834462437362,0.235200092725168,IA,2023-12-27,1,1,1,1,1,1,1,1,1,1,1,1,1,1,1,0,1,1,0,1
516,2.95003700454937,0.198621722656172,IA,2023-12-28,1,1,1,1,1,0,1,0,0,1,1,0,0,1,1,0,1,0,0,0
517,1.81386347093628,0.2024419564887685,IA,2023-12-29,1,1,1,1,1,0,1,1,0,1,1,0,1,1,0,0,1,0,1,1
518,0.933373718224958,0.215937863070005,IA,2023-12-30,1,1,1,1,1,1,1,1,1,0,1,1,1,1,1,1,1,1,0,0
519,3.09805388700671,0.3819519250661125,IA,2023-12-31,1,0,1,1,1,0,1,1,0,1,1,0,1,1,1,0,1,1,0,1
520,0.848906057005957,0.070665134341863,IA,2024-01-01,1,1,1,1,1,1,1,1,0,1,1,1,1,1,1,0,1,1,0,1
521,1.23184658147318,0.261779081156394,IA,2024-01-02,1,1,1,0,1,1,1,1,1,1,1,0,0,0,0,1,1,1,1,1
522,1.56482122478227,0.2424231092877105,IA,2024-01-03,1,1,1,1,0,1,1,1,1,1,1,1,0,1,0,0,1,0,0,0
523,1.02181235744295,0.194733517329792,IA,2024-01-04,1,1,1,1,1,1,1,1,1,1,1,1,0,1,1,1,1,1,0,1
524,1.57424363612425,0.729609056583035,IA,2024-01-05,1,0,1,1,0,1,1,1,0,1,1,0,1,0,0,0,1,1,1,1
525,2.23201118722894,0.56611040968366,IA,2024-01-06,1,0,1,1,1,1,1,1,0,0,1,0,1,1,0,1,1,1,0,0
526,1.43759806943154,0.230589642439641,IA,2024-01-07,1,1,1,0,1,1,1,1,1,1,1,0,1,0,0,1,1,1,1,0
527,0.780668092224567,0.2105500636789385,IA,2024-01-08,1,0,1,1,1,1,1,1,1,1,0,0,1,1,1,0,1,1,0,1
528,0.0770753602989666,0.0543168563078015,IA,2024-01-09,1,1,1,1,1,1,1,1,1,1,1,1,1,1,1,1,1,1,1,1
529,2.43582536744587,0.152401085454534,IA,2024-01-10,1,1,1,1,1,0,1,1,0,0,1,0,1,0,1,0,1,1,0,0
530,0.99532175745886,0.115142360470364,IA,2024-01-11,1,1,1,1,1,1,1,1,0,1,1,1,0,1,1,1,1,1,0,0
531,0.0716591344900639,0.0499881780338707,IA,2024-01-12,1,1,1,1,1,1,1,1,1,1,1,1,1,1,1,1,1,0,0,1
532,0.8946795991008,0.407160792639461,IA,2024-01-13,1,1,1,1,1,1,0,1,1,1,1,0,1,1,1,1,0,1,1,1
533,1.54947708518187,0.0475190952438899,IA,2024-01-14,1,1,1,1,1,1,1,1,0,1,1,1,1,1,1,0,1,1,0,1
534,0.444033094874237,0.04639592032933195,IA,2024-01-15,1,1,1,1,1,1,1,1,1,1,1,1,1,1,0,0,1,1,0,0
535,0.403753137757002,0.0453417199745438,IA,2024-01-16,1,1,1,1,1,1,1,1,1,1,1,1,1,1,1,0,1,1,0,1
536,0.838475661103867,0.2859597034640385,IA,2024-01-17,1,1,1,0,1,1,1,1,1,1,1,1,1,0,1,1,1,1,0,1
537,0.622959072882986,0.04342627441878365,IA,2024-01-18,1,1,1,1,1,1,1,1,1,1,1,1,1,1,1,1,1,0,0,1
538,0.406472362450457,0.0425587535070578,IA,2024-01-19,1,1,1,1,1,1,1,1,1,1,1,1,0,1,1,1,1,1,0,1
539,0.383419347976414,0.0417476254707624,IA,2024-01-20,1,1,1,1,1,1,1,1,1,1,1,1,1,1,1,0,1,1,0,0
540,0.208449536030185,0.04099039487246425,IA,2024-01-21,1,1,1,1,1,1,1,1,1,1,1,1,1,1,1,1,1,1,1,1
541,1.66437339524886,0.308936924029711,IA,2024-01-22,1,1,1,1,1,0,1,1,1,1,1,1,1,1,1,0,1,1,0,1
542,1.16855140582962,0.289863029279702,IA,2024-01-23,1,1,1,1,1,1,0,1,1,1,1,1,1,1,1,1,0,1,0,1
543,1.03684965285874,0.163597195089468,IA,2024-01-24,1,1,1,1,1,1,1,1,1,0,1,1,1,1,1,0,1,1,0,1
544,0.855849975229684,0.10924641655415,IA,2024-01-25,1,1,1,1,1,1,1,1,1,1,1,1,1,1,1,0,1,1,0,1
545,0.204615834673669,0.0379410944969868,IA,2024-01-26,1,1,1,1,1,1,1,1,1,1,1,1,1,1,1,0,1,1,0,1
546,NA,NA,IA,2024-01-27,NA,NA,NA,NA,NA,NA,NA,NA,NA,NA,NA,NA,NA,NA,NA,NA,NA,NA,NA,NA
547,NA,NA,ID,2023-12-17,NA,NA,NA,NA,NA,NA,NA,NA,NA,NA,NA,NA,NA,NA,NA,NA,NA,NA,NA,NA
548,NA,NA,ID,2023-12-18,NA,NA,NA,NA,NA,NA,NA,NA,NA,NA,NA,NA,NA,NA,NA,NA,NA,NA,NA,NA
549,NA,NA,ID,2023-12-19,NA,NA,NA,NA,NA,NA,NA,NA,NA,NA,NA,NA,NA,NA,NA,NA,NA,NA,NA,NA
550,NA,NA,ID,2023-12-20,NA,NA,NA,NA,NA,NA,NA,NA,NA,NA,NA,NA,NA,NA,NA,NA,NA,NA,NA,NA
551,0.353370165040592,0.246759604747131,ID,2023-12-21,1,1,1,1,1,1,1,1,1,1,1,1,0,1,1,1,1,1,0,1
552,NA,NA,ID,2023-12-22,NA,NA,NA,NA,NA,NA,NA,NA,NA,NA,NA,NA,NA,NA,NA,NA,NA,NA,NA,NA
553,NA,NA,ID,2023-12-23,NA,NA,NA,NA,NA,NA,NA,NA,NA,NA,NA,NA,NA,NA,NA,NA,NA,NA,NA,NA
554,NA,NA,ID,2023-12-24,NA,NA,NA,NA,NA,NA,NA,NA,NA,NA,NA,NA,NA,NA,NA,NA,NA,NA,NA,NA
555,NA,NA,ID,2023-12-25,NA,NA,NA,NA,NA,NA,NA,NA,NA,NA,NA,NA,NA,NA,NA,NA,NA,NA,NA,NA
556,NA,NA,ID,2023-12-26,NA,NA,NA,NA,NA,NA,NA,NA,NA,NA,NA,NA,NA,NA,NA,NA,NA,NA,NA,NA
557,NA,NA,ID,2023-12-27,NA,NA,NA,NA,NA,NA,NA,NA,NA,NA,NA,NA,NA,NA,NA,NA,NA,NA,NA,NA
558,NA,NA,ID,2023-12-28,NA,NA,NA,NA,NA,NA,NA,NA,NA,NA,NA,NA,NA,NA,NA,NA,NA,NA,NA,NA
559,NA,NA,ID,2023-12-29,NA,NA,NA,NA,NA,NA,NA,NA,NA,NA,NA,NA,NA,NA,NA,NA,NA,NA,NA,NA
560,NA,NA,ID,2023-12-30,NA,NA,NA,NA,NA,NA,NA,NA,NA,NA,NA,NA,NA,NA,NA,NA,NA,NA,NA,NA
561,NA,NA,ID,2023-12-31,NA,NA,NA,NA,NA,NA,NA,NA,NA,NA,NA,NA,NA,NA,NA,NA,NA,NA,NA,NA
562,NA,NA,ID,2024-01-01,NA,NA,NA,NA,NA,NA,NA,NA,NA,NA,NA,NA,NA,NA,NA,NA,NA,NA,NA,NA
563,NA,NA,ID,2024-01-02,NA,NA,NA,NA,NA,NA,NA,NA,NA,NA,NA,NA,NA,NA,NA,NA,NA,NA,NA,NA
564,0.319276502434833,0.2123024954627015,ID,2024-01-03,1,1,1,1,1,1,1,1,1,1,1,1,1,1,1,0,1,1,0,1
565,NA,NA,ID,2024-01-04,NA,NA,NA,NA,NA,NA,NA,NA,NA,NA,NA,NA,NA,NA,NA,NA,NA,NA,NA,NA
566,NA,NA,ID,2024-01-05,NA,NA,NA,NA,NA,NA,NA,NA,NA,NA,NA,NA,NA,NA,NA,NA,NA,NA,NA,NA
567,NA,NA,ID,2024-01-06,NA,NA,NA,NA,NA,NA,NA,NA,NA,NA,NA,NA,NA,NA,NA,NA,NA,NA,NA,NA
568,NA,NA,ID,2024-01-07,NA,NA,NA,NA,NA,NA,NA,NA,NA,NA,NA,NA,NA,NA,NA,NA,NA,NA,NA,NA
569,NA,NA,ID,2024-01-08,NA,NA,NA,NA,NA,NA,NA,NA,NA,NA,NA,NA,NA,NA,NA,NA,NA,NA,NA,NA
570,0.314694096918049,0.207605364720081,ID,2024-01-09,1,1,1,1,1,1,1,1,1,1,1,1,1,0,1,1,1,1,0,1
571,NA,NA,ID,2024-01-10,NA,NA,NA,NA,NA,NA,NA,NA,NA,NA,NA,NA,NA,NA,NA,NA,NA,NA,NA,NA
572,NA,NA,ID,2024-01-11,NA,NA,NA,NA,NA,NA,NA,NA,NA,NA,NA,NA,NA,NA,NA,NA,NA,NA,NA,NA
573,NA,NA,ID,2024-01-12,NA,NA,NA,NA,NA,NA,NA,NA,NA,NA,NA,NA,NA,NA,NA,NA,NA,NA,NA,NA
574,NA,NA,ID,2024-01-13,NA,NA,NA,NA,NA,NA,NA,NA,NA,NA,NA,NA,NA,NA,NA,NA,NA,NA,NA,NA
575,NA,NA,ID,2024-01-14,NA,NA,NA,NA,NA,NA,NA,NA,NA,NA,NA,NA,NA,NA,NA,NA,NA,NA,NA,NA
576,NA,NA,ID,2024-01-15,NA,NA,NA,NA,NA,NA,NA,NA,NA,NA,NA,NA,NA,NA,NA,NA,NA,NA,NA,NA
577,NA,NA,ID,2024-01-16,NA,NA,NA,NA,NA,NA,NA,NA,NA,NA,NA,NA,NA,NA,NA,NA,NA,NA,NA,NA
578,NA,NA,ID,2024-01-17,NA,NA,NA,NA,NA,NA,NA,NA,NA,NA,NA,NA,NA,NA,NA,NA,NA,NA,NA,NA
579,NA,NA,ID,2024-01-18,NA,NA,NA,NA,NA,NA,NA,NA,NA,NA,NA,NA,NA,NA,NA,NA,NA,NA,NA,NA
580,NA,NA,ID,2024-01-19,NA,NA,NA,NA,NA,NA,NA,NA,NA,NA,NA,NA,NA,NA,NA,NA,NA,NA,NA,NA
581,NA,NA,ID,2024-01-20,NA,NA,NA,NA,NA,NA,NA,NA,NA,NA,NA,NA,NA,NA,NA,NA,NA,NA,NA,NA
582,NA,NA,ID,2024-01-21,NA,NA,NA,NA,NA,NA,NA,NA,NA,NA,NA,NA,NA,NA,NA,NA,NA,NA,NA,NA
583,NA,NA,ID,2024-01-22,NA,NA,NA,NA,NA,NA,NA,NA,NA,NA,NA,NA,NA,NA,NA,NA,NA,NA,NA,NA
584,NA,NA,ID,2024-01-23,NA,NA,NA,NA,NA,NA,NA,NA,NA,NA,NA,NA,NA,NA,NA,NA,NA,NA,NA,NA
585,NA,NA,ID,2024-01-24,NA,NA,NA,NA,NA,NA,NA,NA,NA,NA,NA,NA,NA,NA,NA,NA,NA,NA,NA,NA
586,NA,NA,ID,2024-01-25,NA,NA,NA,NA,NA,NA,NA,NA,NA,NA,NA,NA,NA,NA,NA,NA,NA,NA,NA,NA
587,NA,NA,ID,2024-01-26,NA,NA,NA,NA,NA,NA,NA,NA,NA,NA,NA,NA,NA,NA,NA,NA,NA,NA,NA,NA
588,NA,NA,ID,2024-01-27,NA,NA,NA,NA,NA,NA,NA,NA,NA,NA,NA,NA,NA,NA,NA,NA,NA,NA,NA,NA
589,2.42902496672832,0.3680397158276465,IL,2023-12-17,1,1,0,1,1,1,1,1,1,1,1,0,0,0,0,0,0,1,0,1
590,3.0486233659002,0.338362804034592,IL,2023-12-18,1,1,1,1,1,0,1,1,1,1,1,0,0,0,0,0,1,1,0,1
591,4.27758284275965,0.3299425430509575,IL,2023-12-19,1,0,1,1,0,1,1,1,0,1,0,0,1,0,0,0,1,1,0,0
592,3.97318550071019,0.3200545275564175,IL,2023-12-20,1,1,1,1,1,1,0,1,0,0,1,0,0,0,1,0,0,1,0,1
593,2.27523800939083,0.317139532275447,IL,2023-12-21,1,1,1,1,1,1,1,1,1,1,0,0,1,0,1,0,0,1,0,0
594,2.41726406640662,0.333475424341965,IL,2023-12-22,1,1,1,1,1,1,1,1,1,1,0,0,0,0,1,0,1,1,0,0
595,1.47569094984012,0.3477101381322425,IL,2023-12-23,1,1,1,1,0,1,1,1,1,1,0,1,1,0,0,0,1,0,0,0
596,2.00178623105071,0.3189667876435685,IL,2023-12-24,1,1,1,1,1,1,1,0,1,1,1,0,1,1,1,0,1,0,0,0
597,1.21644665594966,0.301903312863846,IL,2023-12-25,1,1,1,1,1,1,1,0,1,1,1,1,1,1,1,0,1,0,0,1
598,3.34583428817437,0.2964737338431875,IL,2023-12-26,1,1,1,1,1,0,1,1,1,1,1,0,0,0,1,0,1,0,0,0
599,4.53780960094694,0.2620309370717095,IL,2023-12-27,1,1,0,1,1,1,1,1,0,1,0,1,0,0,1,0,1,0,0,0
600,3.05381640116102,0.2790463375731275,IL,2023-12-28,0,1,1,1,1,1,1,1,0,1,0,0,1,0,1,1,1,1,0,0
601,3.02741726720532,0.2298579304173975,IL,2023-12-29,1,1,1,1,1,1,1,1,0,1,1,0,1,1,0,1,0,0,0,0
602,3.20679604476368,0.246131629148378,IL,2023-12-30,1,1,1,1,1,1,0,1,0,1,0,1,0,0,1,0,1,0,0,0
603,1.92281162045126,0.300463389767924,IL,2023-12-31,1,0,1,1,1,1,1,1,1,1,1,0,0,0,1,0,1,0,0,1
604,3.42198523039132,0.2856075789830955,IL,2024-01-01,1,1,1,1,0,0,1,1,0,0,1,0,0,1,0,0,1,0,0,0
605,3.05977103640271,0.298791139683071,IL,2024-01-02,1,1,1,1,1,1,1,1,1,1,0,0,0,0,0,0,1,0,0,0
606,4.48539870986201,0.252873807170396,IL,2024-01-03,1,0,1,1,1,0,1,1,0,1,1,0,0,0,1,0,1,0,0,1
607,1.51015456693611,0.311339494462417,IL,2024-01-04,0,1,1,1,1,1,1,1,1,1,0,0,0,0,1,0,1,1,0,0
608,1.91546000454147,0.248633395284618,IL,2024-01-05,1,1,1,1,1,1,0,1,1,1,1,0,0,1,1,1,0,1,0,0
609,2.11740293031296,0.2379342102381155,IL,2024-01-06,1,1,1,1,1,1,1,0,0,1,1,0,1,0,1,0,1,0,0,0
610,4.9568397050811,0.137929737088291,IL,2024-01-07,1,1,1,1,1,0,1,1,0,1,0,0,1,0,1,0,1,1,0,0
611,5.80035567743324,0.226669681174994,IL,2024-01-08,1,0,1,1,1,0,1,1,0,1,0,0,0,1,1,0,0,0,0,0
612,1.15901922750592,0.264113448985999,IL,2024-01-09,1,1,1,1,1,1,1,1,1,1,0,1,1,1,1,0,1,1,0,0
613,4.82868140161089,0.141785889385122,IL,2024-01-10,1,1,1,1,1,0,1,1,0,1,1,0,1,1,1,0,1,1,0,0
614,4.4833247918707,0.2424036046132385,IL,2024-01-11,1,1,0,1,1,0,1,1,0,1,0,0,0,1,1,0,0,1,0,0
615,1.65476535118972,0.25941557850401,IL,2024-01-12,0,1,1,1,1,1,1,1,1,1,1,0,0,0,1,0,1,1,0,1
616,1.32695504954705,0.298280343986009,IL,2024-01-13,0,1,1,1,1,1,1,0,1,1,0,1,0,1,1,1,1,0,0,1
617,0.804449421910671,0.2637041011458845,IL,2024-01-14,1,1,1,1,1,1,1,1,1,0,1,1,1,0,0,1,1,1,0,0
618,0.931620260808991,0.2734315937025215,IL,2024-01-15,1,1,0,1,1,1,1,1,1,1,1,0,0,1,1,0,1,1,0,1
619,2.58144742886504,0.309237085512638,IL,2024-01-16,0,1,1,1,0,0,0,1,1,1,0,0,0,1,0,1,0,0,0,0
620,3.70778897987784,0.1253874202514585,IL,2024-01-17,1,1,1,1,1,0,1,1,0,1,1,0,0,0,1,0,1,1,0,0
621,1.80268534525637,0.345413061854207,IL,2024-01-18,1,1,1,1,1,1,1,1,1,0,1,1,0,1,1,0,1,1,0,0
622,2.05541295078593,0.121881300658593,IL,2024-01-19,1,1,1,1,1,1,1,1,0,1,1,0,1,0,1,0,0,1,0,1
623,0.444422802308775,0.237538969058616,IL,2024-01-20,1,1,1,1,1,1,1,1,1,1,1,1,1,1,1,0,1,1,0,1
624,0.805207913892195,0.3000435920705445,IL,2024-01-21,1,1,1,1,1,1,1,1,1,0,1,1,1,1,1,1,1,1,0,0
625,2.59574640131783,0.1435879083076535,IL,2024-01-22,1,1,1,1,1,1,0,1,0,1,1,0,0,1,1,0,0,1,0,0
626,4.28464633828849,0.130023609194827,IL,2024-01-23,0,1,1,1,1,0,1,1,0,1,0,0,0,1,1,0,1,1,0,1
627,4.43995529651573,0.1168684331162955,IL,2024-01-24,1,1,1,1,1,0,1,1,0,1,1,0,0,0,1,0,0,1,0,1
628,2.98321648019595,0.063525230858673,IL,2024-01-25,1,1,1,1,1,0,1,1,0,1,1,0,1,1,1,0,1,1,0,1
629,3.03827884475598,0.1058602240412305,IL,2024-01-26,1,1,1,1,1,0,1,1,0,1,0,0,1,0,1,0,1,1,0,0
630,1.28876354525399,0.1577013898377655,IL,2024-01-27,1,1,1,1,1,1,1,0,1,1,0,1,1,1,1,1,1,0,1,1
631,1.48716571401409,0.2958351311002625,IN,2023-12-17,1,1,1,1,1,0,1,1,1,1,1,0,1,1,1,0,1,1,0,1
632,0.691902853923593,0.3826799711005795,IN,2023-12-18,1,1,1,0,1,1,1,1,1,1,1,1,1,0,1,1,1,1,0,1
633,1.63150055505655,0.3761063846987935,IN,2023-12-19,1,1,1,1,0,0,1,1,1,1,1,1,1,1,0,0,1,1,0,1
634,1.00372580862278,0.4067984876250845,IN,2023-12-20,1,1,1,1,1,1,0,1,1,1,1,0,0,1,0,0,0,0,0,1
635,0.916712049287969,0.240861989000409,IN,2023-12-21,1,1,1,1,1,1,1,1,0,1,1,1,0,1,1,1,1,1,0,1
636,0.781639688617261,0.315966209091412,IN,2023-12-22,1,1,1,1,1,1,1,1,1,1,1,1,0,1,1,0,1,1,1,1
637,NA,NA,IN,2023-12-23,NA,NA,NA,NA,NA,NA,NA,NA,NA,NA,NA,NA,NA,NA,NA,NA,NA,NA,NA,NA
638,0.447714840720276,0.3302974565117295,IN,2023-12-24,1,1,1,1,1,1,1,1,1,1,1,1,1,1,1,1,1,1,1,1
639,0.444002530122173,0.3351406267893785,IN,2023-12-25,1,1,1,1,1,1,1,1,1,1,1,1,1,1,1,0,1,1,0,1
640,0.814318427844243,0.2111544748804375,IN,2023-12-26,1,1,1,1,1,1,1,1,0,1,1,1,1,1,1,0,1,1,0,1
641,0.55403784741611,0.2521545105670525,IN,2023-12-27,1,1,1,1,1,1,1,1,1,1,1,1,1,1,1,1,1,1,1,1
642,1.07928492990531,0.33891634382993,IN,2023-12-28,1,0,1,1,1,1,1,1,1,1,1,0,1,1,1,1,1,0,1,1
643,NA,NA,IN,2023-12-29,NA,NA,NA,NA,NA,NA,NA,NA,NA,NA,NA,NA,NA,NA,NA,NA,NA,NA,NA,NA
644,NA,NA,IN,2023-12-30,NA,NA,NA,NA,NA,NA,NA,NA,NA,NA,NA,NA,NA,NA,NA,NA,NA,NA,NA,NA
645,0.763618790472091,0.1870251452046675,IN,2023-12-31,1,1,1,1,1,1,1,1,0,1,1,1,1,0,1,1,1,1,0,1
646,0.312464235617979,0.182814176036564,IN,2024-01-01,1,1,1,1,1,1,1,1,1,1,1,1,0,1,1,1,1,1,0,1
647,2.39619920201356,0.2557875645652785,IN,2024-01-02,1,1,1,1,1,1,1,1,0,1,1,1,1,0,1,0,1,1,0,1
648,0.801449166911579,0.225079261880061,IN,2024-01-03,1,1,1,1,1,1,1,1,0,1,1,1,1,1,1,1,1,1,1,1
649,0.323593221507753,0.275363924728401,IN,2024-01-04,1,1,1,1,1,1,1,1,1,1,1,1,1,1,1,0,1,1,0,1
650,0.280809907598312,0.1678324433579025,IN,2024-01-05,1,1,1,1,1,1,1,1,1,1,1,1,1,1,1,0,1,1,0,1
651,NA,NA,IN,2024-01-06,NA,NA,NA,NA,NA,NA,NA,NA,NA,NA,NA,NA,NA,NA,NA,NA,NA,NA,NA,NA
652,0.499802023245707,0.390671710116924,IN,2024-01-07,1,1,1,1,1,1,1,1,1,1,1,0,1,1,1,0,1,1,1,1
653,0.332911997441708,0.2762848634550665,IN,2024-01-08,1,1,1,1,1,1,1,1,1,1,1,1,1,1,1,0,1,1,0,1
654,0.917632099072791,0.67338384454339,IN,2024-01-09,0,1,1,1,1,1,1,1,1,1,0,1,1,1,1,0,1,1,1,1
655,0.702713932153229,0.1528738979587885,IN,2024-01-10,1,1,1,1,1,1,1,1,0,1,1,1,1,1,1,0,1,1,0,1
656,1.13986592919211,0.403923026086306,IN,2024-01-11,1,1,1,1,1,0,1,1,1,1,1,1,1,1,1,1,1,1,1,1
657,NA,NA,IN,2024-01-12,NA,NA,NA,NA,NA,NA,NA,NA,NA,NA,NA,NA,NA,NA,NA,NA,NA,NA,NA,NA
658,0.667013262171335,0.1456525656698915,IN,2024-01-13,1,1,1,1,1,1,1,1,0,1,1,1,1,1,1,0,1,1,0,1
659,0.678777273298207,0.143507868674423,IN,2024-01-14,1,1,1,1,1,1,1,1,0,1,1,1,1,1,1,1,1,1,1,1
660,0.650258139092887,0.1414865188811075,IN,2024-01-15,1,1,1,1,1,1,1,1,1,1,1,1,1,1,1,0,1,1,0,1
661,NA,NA,IN,2024-01-16,NA,NA,NA,NA,NA,NA,NA,NA,NA,NA,NA,NA,NA,NA,NA,NA,NA,NA,NA,NA
662,NA,NA,IN,2024-01-17,NA,NA,NA,NA,NA,NA,NA,NA,NA,NA,NA,NA,NA,NA,NA,NA,NA,NA,NA,NA
663,NA,NA,IN,2024-01-18,NA,NA,NA,NA,NA,NA,NA,NA,NA,NA,NA,NA,NA,NA,NA,NA,NA,NA,NA,NA
664,NA,NA,IN,2024-01-19,NA,NA,NA,NA,NA,NA,NA,NA,NA,NA,NA,NA,NA,NA,NA,NA,NA,NA,NA,NA
665,NA,NA,IN,2024-01-20,NA,NA,NA,NA,NA,NA,NA,NA,NA,NA,NA,NA,NA,NA,NA,NA,NA,NA,NA,NA
666,NA,NA,IN,2024-01-21,NA,NA,NA,NA,NA,NA,NA,NA,NA,NA,NA,NA,NA,NA,NA,NA,NA,NA,NA,NA
667,0.252264671531595,0.1304122113186795,IN,2024-01-22,1,1,1,1,1,1,1,1,1,1,1,1,1,1,1,0,1,1,0,1
668,NA,NA,IN,2024-01-23,NA,NA,NA,NA,NA,NA,NA,NA,NA,NA,NA,NA,NA,NA,NA,NA,NA,NA,NA,NA
669,0.994844197035839,0.3170699999168175,IN,2024-01-24,1,1,1,1,1,1,0,1,1,1,1,1,1,0,1,0,0,1,0,1
670,0.243383721488756,0.1270693937904935,IN,2024-01-25,1,1,1,1,1,1,1,1,1,1,1,1,1,1,1,0,1,1,0,1
671,0.933886334378247,0.694283038800285,IN,2024-01-26,1,1,1,1,1,1,1,1,1,0,1,1,1,1,1,0,1,1,1,0
672,NA,NA,IN,2024-01-27,NA,NA,NA,NA,NA,NA,NA,NA,NA,NA,NA,NA,NA,NA,NA,NA,NA,NA,NA,NA
673,NA,NA,KS,2023-12-17,NA,NA,NA,NA,NA,NA,NA,NA,NA,NA,NA,NA,NA,NA,NA,NA,NA,NA,NA,NA
674,0.823362245066228,0.421163166013529,KS,2023-12-18,1,1,1,1,0,1,1,1,1,1,1,1,1,1,0,0,1,0,0,1
675,NA,NA,KS,2023-12-19,NA,NA,NA,NA,NA,NA,NA,NA,NA,NA,NA,NA,NA,NA,NA,NA,NA,NA,NA,NA
676,0.451814516256536,0.32382448907317,KS,2023-12-20,1,1,1,1,1,1,1,1,1,1,1,1,1,1,1,0,1,1,1,0
677,NA,NA,KS,2023-12-21,NA,NA,NA,NA,NA,NA,NA,NA,NA,NA,NA,NA,NA,NA,NA,NA,NA,NA,NA,NA
678,0.369559374874143,0.259263267359125,KS,2023-12-22,1,1,1,1,1,1,1,1,1,1,1,1,1,1,1,1,1,1,0,0
679,NA,NA,KS,2023-12-23,NA,NA,NA,NA,NA,NA,NA,NA,NA,NA,NA,NA,NA,NA,NA,NA,NA,NA,NA,NA
680,NA,NA,KS,2023-12-24,NA,NA,NA,NA,NA,NA,NA,NA,NA,NA,NA,NA,NA,NA,NA,NA,NA,NA,NA,NA
681,NA,NA,KS,2023-12-25,NA,NA,NA,NA,NA,NA,NA,NA,NA,NA,NA,NA,NA,NA,NA,NA,NA,NA,NA,NA
682,1.37386861767605,0.3216871914565005,KS,2023-12-26,1,0,1,1,1,1,1,1,0,1,1,0,1,1,1,0,1,0,0,1
683,0.329138054101724,0.238932249403958,KS,2023-12-27,1,1,1,1,1,1,1,1,1,1,1,1,1,1,1,1,1,1,1,1
684,0.330746354325709,0.2355414933079625,KS,2023-12-28,1,1,1,1,1,1,1,1,1,1,1,1,1,1,1,1,1,1,1,1
685,NA,NA,KS,2023-12-29,NA,NA,NA,NA,NA,NA,NA,NA,NA,NA,NA,NA,NA,NA,NA,NA,NA,NA,NA,NA
686,NA,NA,KS,2023-12-30,NA,NA,NA,NA,NA,NA,NA,NA,NA,NA,NA,NA,NA,NA,NA,NA,NA,NA,NA,NA
687,NA,NA,KS,2023-12-31,NA,NA,NA,NA,NA,NA,NA,NA,NA,NA,NA,NA,NA,NA,NA,NA,NA,NA,NA,NA
688,NA,NA,KS,2024-01-01,NA,NA,NA,NA,NA,NA,NA,NA,NA,NA,NA,NA,NA,NA,NA,NA,NA,NA,NA,NA
689,1.24057125703574,0.2217361845890505,KS,2024-01-02,1,1,1,1,1,1,1,1,0,1,1,1,1,1,1,1,1,1,1,1
690,1.79575001374174,0.2551684678873735,KS,2024-01-03,1,1,1,1,1,1,1,1,0,1,1,1,1,1,1,0,1,0,0,1
691,NA,NA,KS,2024-01-04,NA,NA,NA,NA,NA,NA,NA,NA,NA,NA,NA,NA,NA,NA,NA,NA,NA,NA,NA,NA
692,0.723761394435639,0.4375824418515285,KS,2024-01-05,1,1,1,1,1,1,1,0,1,1,1,1,1,1,1,1,1,0,0,1
693,0.310088936781651,0.214187869310146,KS,2024-01-06,1,1,1,1,1,1,1,1,1,1,1,1,1,1,1,1,1,1,1,1
694,NA,NA,KS,2024-01-07,NA,NA,NA,NA,NA,NA,NA,NA,NA,NA,NA,NA,NA,NA,NA,NA,NA,NA,NA,NA
695,0.292181301954915,0.211472456757594,KS,2024-01-08,1,1,1,1,1,1,1,1,1,1,1,1,1,1,1,1,1,1,1,1
696,NA,NA,KS,2024-01-09,NA,NA,NA,NA,NA,NA,NA,NA,NA,NA,NA,NA,NA,NA,NA,NA,NA,NA,NA,NA
697,0.658092223434945,0.3212495677780965,KS,2024-01-10,1,1,1,1,1,1,1,0,1,1,1,1,1,0,1,1,1,0,1,1
698,0.788254290539254,0.391276991638951,KS,2024-01-11,1,0,1,1,1,1,1,1,1,1,1,0,1,1,1,1,1,0,1,1
699,NA,NA,KS,2024-01-12,NA,NA,NA,NA,NA,NA,NA,NA,NA,NA,NA,NA,NA,NA,NA,NA,NA,NA,NA,NA
700,NA,NA,KS,2024-01-13,NA,NA,NA,NA,NA,NA,NA,NA,NA,NA,NA,NA,NA,NA,NA,NA,NA,NA,NA,NA
701,0.278301771653657,0.207093807841582,KS,2024-01-14,1,1,1,1,1,1,1,1,1,1,1,1,1,1,1,1,1,0,0,1
702,NA,NA,KS,2024-01-15,NA,NA,NA,NA,NA,NA,NA,NA,NA,NA,NA,NA,NA,NA,NA,NA,NA,NA,NA,NA
703,NA,NA,KS,2024-01-16,NA,NA,NA,NA,NA,NA,NA,NA,NA,NA,NA,NA,NA,NA,NA,NA,NA,NA,NA,NA
704,0.457668297757112,0.3348744885336825,KS,2024-01-17,1,1,1,1,1,1,1,1,1,1,1,1,1,1,1,0,1,1,0,1
705,NA,NA,KS,2024-01-18,NA,NA,NA,NA,NA,NA,NA,NA,NA,NA,NA,NA,NA,NA,NA,NA,NA,NA,NA,NA
706,NA,NA,KS,2024-01-19,NA,NA,NA,NA,NA,NA,NA,NA,NA,NA,NA,NA,NA,NA,NA,NA,NA,NA,NA,NA
707,NA,NA,KS,2024-01-20,NA,NA,NA,NA,NA,NA,NA,NA,NA,NA,NA,NA,NA,NA,NA,NA,NA,NA,NA,NA
708,NA,NA,KS,2024-01-21,NA,NA,NA,NA,NA,NA,NA,NA,NA,NA,NA,NA,NA,NA,NA,NA,NA,NA,NA,NA
709,1.11868085139672,0.2085516847894465,KS,2024-01-22,1,1,1,1,1,1,1,1,0,1,1,1,1,0,1,1,1,0,0,1
710,0.290618836381822,0.209199098647333,KS,2024-01-23,1,1,1,1,1,1,1,1,1,1,1,1,1,1,1,1,1,0,0,1
711,0.281576680118593,0.2099299560892855,KS,2024-01-24,1,1,1,1,1,1,1,1,1,1,1,1,1,1,1,1,1,0,0,1
712,0.286515934132806,0.210737759308848,KS,2024-01-25,1,1,1,1,1,1,1,1,1,1,1,1,1,1,1,1,1,1,1,1
713,NA,NA,KS,2024-01-26,NA,NA,NA,NA,NA,NA,NA,NA,NA,NA,NA,NA,NA,NA,NA,NA,NA,NA,NA,NA
714,NA,NA,KS,2024-01-27,NA,NA,NA,NA,NA,NA,NA,NA,NA,NA,NA,NA,NA,NA,NA,NA,NA,NA,NA,NA
715,NA,NA,KY,2023-12-17,NA,NA,NA,NA,NA,NA,NA,NA,NA,NA,NA,NA,NA,NA,NA,NA,NA,NA,NA,NA
716,0.957355885314513,0.461815325556177,KY,2023-12-18,1,1,1,0,1,1,1,1,1,1,1,1,0,0,1,0,1,1,0,1
717,1.29809455187295,0.4105686005568135,KY,2023-12-19,1,1,1,1,1,1,1,0,1,0,1,1,0,1,1,0,1,0,1,0
718,0.333364445441559,0.269038603174342,KY,2023-12-20,1,1,1,1,1,1,1,1,1,1,1,1,1,1,1,1,1,1,1,1
719,0.349774866502736,0.263104566878811,KY,2023-12-21,1,1,1,1,1,1,1,1,1,1,1,1,1,0,1,1,1,1,0,1
720,0.349662139542579,0.257378419486359,KY,2023-12-22,1,1,1,1,1,1,1,1,1,1,1,1,1,1,1,1,1,1,1,1
721,NA,NA,KY,2023-12-23,NA,NA,NA,NA,NA,NA,NA,NA,NA,NA,NA,NA,NA,NA,NA,NA,NA,NA,NA,NA
722,NA,NA,KY,2023-12-24,NA,NA,NA,NA,NA,NA,NA,NA,NA,NA,NA,NA,NA,NA,NA,NA,NA,NA,NA,NA
723,NA,NA,KY,2023-12-25,NA,NA,NA,NA,NA,NA,NA,NA,NA,NA,NA,NA,NA,NA,NA,NA,NA,NA,NA,NA
724,0.508890956146077,0.325309697360293,KY,2023-12-26,1,1,1,1,1,1,1,1,1,1,1,1,0,1,1,0,1,1,0,1
725,1.02165165667819,0.3280340076320435,KY,2023-12-27,1,1,1,1,1,0,1,1,1,1,1,1,1,0,1,0,1,1,1,1
726,NA,NA,KY,2023-12-28,NA,NA,NA,NA,NA,NA,NA,NA,NA,NA,NA,NA,NA,NA,NA,NA,NA,NA,NA,NA
727,0.666545692672229,0.2895204915383805,KY,2023-12-29,1,1,1,1,1,1,1,1,1,1,1,1,0,1,1,0,1,1,1,1
728,NA,NA,KY,2023-12-30,NA,NA,NA,NA,NA,NA,NA,NA,NA,NA,NA,NA,NA,NA,NA,NA,NA,NA,NA,NA
729,NA,NA,KY,2023-12-31,NA,NA,NA,NA,NA,NA,NA,NA,NA,NA,NA,NA,NA,NA,NA,NA,NA,NA,NA,NA
730,NA,NA,KY,2024-01-01,NA,NA,NA,NA,NA,NA,NA,NA,NA,NA,NA,NA,NA,NA,NA,NA,NA,NA,NA,NA
731,1.68171661152883,0.59598484183815,KY,2024-01-02,1,0,1,1,1,1,1,1,1,1,1,0,0,1,1,1,1,1,1,1
732,0.988235564278544,0.33503084169633,KY,2024-01-03,1,0,1,1,1,1,1,1,1,1,1,0,1,0,1,0,1,1,0,1
733,0.84686836345134,0.410181678027416,KY,2024-01-04,1,1,1,0,1,1,1,1,1,1,1,1,0,0,1,0,1,1,0,1
734,0.486542277661557,0.3192621112230785,KY,2024-01-05,1,1,1,1,1,1,1,1,1,1,1,1,0,0,1,1,1,1,1,1
735,NA,NA,KY,2024-01-06,NA,NA,NA,NA,NA,NA,NA,NA,NA,NA,NA,NA,NA,NA,NA,NA,NA,NA,NA,NA
736,NA,NA,KY,2024-01-07,NA,NA,NA,NA,NA,NA,NA,NA,NA,NA,NA,NA,NA,NA,NA,NA,NA,NA,NA,NA
737,0.795703406279736,0.3958256508416515,KY,2024-01-08,1,1,1,1,1,1,1,1,1,0,1,1,1,1,1,1,1,1,1,1
738,NA,NA,KY,2024-01-09,NA,NA,NA,NA,NA,NA,NA,NA,NA,NA,NA,NA,NA,NA,NA,NA,NA,NA,NA,NA
739,0.276025241337665,0.1832962305230895,KY,2024-01-10,1,1,1,1,1,1,1,1,1,1,1,1,0,1,1,1,1,1,0,1
740,1.14982803402893,0.1808793306206405,KY,2024-01-11,1,1,1,1,1,1,1,1,0,1,1,1,1,1,1,0,1,1,0,1
741,0.258568132524902,0.178573981691549,KY,2024-01-12,1,1,1,1,1,1,1,1,1,1,1,1,1,1,1,1,1,1,1,1
742,0.690510173439009,0.1763753080394485,KY,2024-01-13,1,1,1,1,1,1,1,1,0,1,1,1,1,1,1,0,1,1,0,1
743,NA,NA,KY,2024-01-14,NA,NA,NA,NA,NA,NA,NA,NA,NA,NA,NA,NA,NA,NA,NA,NA,NA,NA,NA,NA
744,NA,NA,KY,2024-01-15,NA,NA,NA,NA,NA,NA,NA,NA,NA,NA,NA,NA,NA,NA,NA,NA,NA,NA,NA,NA
745,1.57191796319544,0.170372759129616,KY,2024-01-16,1,1,1,1,1,1,1,1,0,1,1,0,0,1,1,0,1,1,0,1
746,1.0898082265481,0.3276196822363465,KY,2024-01-17,1,1,1,1,1,0,1,1,1,1,1,1,0,1,1,0,1,1,0,0
747,0.269870202047308,0.166821838219275,KY,2024-01-18,1,1,1,1,1,1,1,1,1,1,1,1,1,1,1,1,1,1,1,1
748,0.672773641380103,0.1651693847395005,KY,2024-01-19,1,1,1,1,1,1,1,1,0,1,1,1,1,1,1,0,1,1,0,1
749,NA,NA,KY,2024-01-20,NA,NA,NA,NA,NA,NA,NA,NA,NA,NA,NA,NA,NA,NA,NA,NA,NA,NA,NA,NA
750,NA,NA,KY,2024-01-21,NA,NA,NA,NA,NA,NA,NA,NA,NA,NA,NA,NA,NA,NA,NA,NA,NA,NA,NA,NA
751,0.282552643024167,0.160660205796162,KY,2024-01-22,1,1,1,1,1,1,1,1,1,1,1,1,1,1,1,1,1,1,1,1
752,0.95519875106176,0.243748020659336,KY,2024-01-23,1,1,1,1,1,1,1,1,1,1,1,1,0,1,1,1,1,1,0,1
753,1.08819230591151,0.1579950618240025,KY,2024-01-24,1,1,1,1,1,1,1,1,0,1,1,0,0,1,1,1,1,1,0,1
754,0.638520887258303,0.265276156258887,KY,2024-01-25,1,1,1,1,1,1,1,1,1,1,1,1,0,0,1,1,1,1,1,1
755,NA,NA,KY,2024-01-26,NA,NA,NA,NA,NA,NA,NA,NA,NA,NA,NA,NA,NA,NA,NA,NA,NA,NA,NA,NA
756,NA,NA,KY,2024-01-27,NA,NA,NA,NA,NA,NA,NA,NA,NA,NA,NA,NA,NA,NA,NA,NA,NA,NA,NA,NA
757,0.77293545579398,0.414415733744009,LA,2023-12-17,1,1,0,1,1,1,1,1,1,1,1,1,0,1,1,1,1,0,0,0
758,2.139530040526,0.362804699523856,LA,2023-12-18,1,1,1,0,1,1,0,1,1,1,0,1,0,0,1,0,0,1,0,0
759,3.59932621825873,0.325962272306585,LA,2023-12-19,1,1,1,1,1,1,1,1,0,1,0,1,1,0,1,0,1,0,0,0
760,1.7973980044064,0.410390325608426,LA,2023-12-20,1,0,1,1,1,1,1,1,1,1,1,0,0,0,0,0,1,1,0,0
761,3.44576773492599,0.4178286077194805,LA,2023-12-21,1,1,0,1,1,1,1,1,1,0,0,1,1,0,1,0,1,0,0,0
762,0.735124911574143,0.514082087185705,LA,2023-12-22,1,1,0,1,1,1,1,1,1,1,1,1,0,1,1,0,1,1,1,1
763,1.16308903269277,0.374503564540796,LA,2023-12-23,1,1,1,1,1,1,1,1,1,1,0,0,1,0,1,0,1,1,0,0
764,1.16678044472846,0.3935237108763565,LA,2023-12-24,1,0,1,1,1,1,1,1,1,1,1,0,1,1,1,0,1,1,0,1
765,1.42567561129754,0.393339857496671,LA,2023-12-25,1,0,1,1,1,1,1,1,1,1,0,0,0,1,1,0,1,1,0,1
766,3.49857765536717,0.473752862247333,LA,2023-12-26,1,1,0,1,0,0,0,1,1,1,0,1,0,0,0,0,0,1,0,0
767,1.67907095540542,0.361834621202319,LA,2023-12-27,1,1,1,1,1,1,1,1,1,0,0,0,0,1,1,0,1,1,0,0
768,1.71768274247934,0.46852923082343,LA,2023-12-28,0,1,1,1,1,0,1,0,1,0,1,1,0,0,1,0,1,0,0,0
769,1.40629471026372,0.370364470350561,LA,2023-12-29,1,0,1,1,1,1,1,1,1,1,1,0,1,0,0,0,1,1,0,0
770,1.85009398580921,0.3082527287117025,LA,2023-12-30,0,1,1,1,1,1,1,1,0,1,0,1,0,1,1,0,1,0,0,1
771,1.24435931724933,0.4140813188730745,LA,2023-12-31,0,1,1,1,1,1,1,1,1,0,0,0,1,1,1,0,1,1,1,0
772,1.41921086846868,0.338282012851803,LA,2024-01-01,1,1,1,1,1,1,1,0,1,1,0,1,1,0,0,0,1,0,0,0
773,2.15602798363859,0.39448567550943,LA,2024-01-02,1,0,1,1,1,1,1,1,1,0,0,0,0,0,1,1,1,0,0,1
774,1.53234643373997,0.3484041380153585,LA,2024-01-03,1,0,1,1,1,1,1,1,1,1,0,0,0,1,0,1,1,1,0,0
775,3.36619205257041,0.270823419534646,LA,2024-01-04,1,1,1,1,1,1,1,1,0,1,0,1,0,1,0,0,1,0,0,0
776,1.12345879046755,0.3480633821530555,LA,2024-01-05,1,1,1,1,1,1,1,0,1,1,1,1,1,1,1,0,1,1,0,1
777,0.983656756023306,0.357705904805687,LA,2024-01-06,0,1,1,1,1,1,1,1,1,1,0,1,0,0,1,0,1,0,0,1
778,1.8403301177298,0.361707595909918,LA,2024-01-07,1,1,0,1,1,0,1,0,1,1,0,1,0,1,1,0,0,0,0,1
779,1.94169370420538,0.3550261966530675,LA,2024-01-08,1,1,1,0,1,1,1,0,1,1,1,0,0,1,1,1,1,0,1,1
780,1.83005066583703,0.320690165355218,LA,2024-01-09,1,1,0,1,1,1,1,1,1,1,0,1,0,1,1,0,1,0,0,1
781,2.31052689260739,0.268331660216242,LA,2024-01-10,1,0,1,1,1,1,1,1,0,1,1,1,0,1,1,0,1,0,0,1
782,3.31877901729418,0.33707703476080503,LA,2024-01-11,1,1,0,0,1,0,1,1,1,1,0,0,0,0,1,0,1,1,0,0
783,3.53861997453039,0.2743108553213375,LA,2024-01-12,1,1,1,1,1,1,1,1,0,1,0,0,0,1,1,0,1,0,0,0
784,0.736138098157809,0.2421722307488765,LA,2024-01-13,1,1,1,1,1,1,1,1,1,1,1,1,1,1,1,1,1,1,0,0
785,2.44908363391796,0.352863199388391,LA,2024-01-14,0,1,1,0,1,0,1,1,1,1,1,1,0,0,1,0,1,1,0,0
786,0.802884420865989,0.40257518304836,LA,2024-01-15,1,1,1,1,1,1,1,0,1,1,1,1,1,1,1,0,1,0,1,1
787,1.50962341139758,0.185246330680986,LA,2024-01-16,1,1,1,1,1,1,1,1,0,1,0,1,1,1,1,0,1,1,0,1
788,1.35982185746455,0.2198459331933405,LA,2024-01-17,1,1,1,1,1,1,1,1,0,1,1,0,0,1,1,0,1,1,0,1
789,3.53485326632795,0.2656617096381365,LA,2024-01-18,1,1,1,1,1,0,1,1,0,1,0,1,0,0,0,0,1,1,0,0
790,1.55239667198196,0.33082794579462,LA,2024-01-19,1,1,1,1,1,1,1,0,1,1,0,1,0,0,0,1,1,1,0,0
791,0.824832837422699,0.350913248223153,LA,2024-01-20,1,1,1,1,0,1,1,1,1,1,1,1,1,1,0,0,1,0,0,1
792,1.30989909691375,0.3167231514255885,LA,2024-01-21,1,0,1,1,1,1,1,1,1,1,0,0,0,1,1,0,1,1,0,0
793,2.935601153576,0.301403866542024,LA,2024-01-22,0,1,1,1,1,0,1,1,0,1,0,0,0,1,1,0,1,0,0,1
794,2.16820802628533,0.240803961930502,LA,2024-01-23,1,1,1,1,1,1,1,1,0,1,1,1,1,1,1,0,1,0,0,0
795,1.72298738345219,0.2846535927612275,LA,2024-01-24,1,1,1,1,1,1,1,1,1,1,1,0,0,1,1,1,1,0,0,1
796,2.8059684318164,0.227525896129186,LA,2024-01-25,1,1,1,1,1,1,1,1,0,1,0,0,1,1,1,0,1,0,0,1
797,2.88566905354555,0.1670348959887125,LA,2024-01-26,1,1,1,1,1,0,1,1,0,1,1,0,0,1,1,0,1,0,0,1
798,2.20023687648283,0.2220212852761565,LA,2024-01-27,1,1,1,1,1,0,1,1,0,0,1,0,0,0,0,0,1,1,0,0
799,0.976983373753199,0.1470585168747545,MA,2023-12-17,1,1,1,1,1,1,1,1,0,1,1,1,1,1,1,0,1,1,0,1
800,2.94784925468796,0.469568418921057,MA,2023-12-18,1,0,1,1,1,0,1,1,0,1,1,0,1,0,1,0,1,1,1,1
801,1.30935633308316,0.2346353409401495,MA,2023-12-19,1,1,1,1,1,1,1,1,0,1,1,1,1,1,1,0,1,0,0,1
802,1.75633107996831,0.389204326994883,MA,2023-12-20,1,1,1,1,1,1,1,1,0,0,1,0,1,1,1,0,1,1,0,0
803,1.03357877704945,0.318113416435425,MA,2023-12-21,1,1,1,1,1,1,0,1,1,1,1,0,1,1,1,0,0,0,0,1
804,1.05242803068293,0.4006961652303395,MA,2023-12-22,1,0,1,1,1,1,1,0,1,1,1,0,1,0,1,0,1,0,0,0
805,0.779438912899827,0.3800425902629655,MA,2023-12-23,1,0,1,1,1,1,1,1,1,1,1,0,0,1,1,1,1,1,1,1
806,0.925681944113936,0.65695396462704,MA,2023-12-24,1,0,1,1,1,1,1,1,1,1,1,0,1,1,1,1,1,1,0,1
807,NA,NA,MA,2023-12-25,NA,NA,NA,NA,NA,NA,NA,NA,NA,NA,NA,NA,NA,NA,NA,NA,NA,NA,NA,NA
808,1.87860488395199,0.186828878429509,MA,2023-12-26,1,1,1,1,1,1,1,1,0,0,1,1,0,1,1,0,1,1,0,1
809,1.3325530452976,0.224180018570953,MA,2023-12-27,1,1,1,1,1,1,1,1,1,1,1,0,1,1,1,0,1,1,0,0
810,0.733012332973253,0.214243228828839,MA,2023-12-28,1,1,1,1,1,1,1,1,1,1,1,1,1,1,1,1,1,0,0,1
811,1.31061143565158,0.080779883166723,MA,2023-12-29,1,1,1,1,1,1,1,1,0,1,1,1,1,1,1,0,1,1,0,1
812,0.710565754804208,0.295038278603144,MA,2023-12-30,1,0,1,1,1,1,1,1,1,1,1,0,1,1,1,0,1,1,0,1
813,0.653280555916953,0.0734914889331995,MA,2023-12-31,1,1,1,1,1,1,1,1,1,1,1,1,1,1,1,0,1,1,0,1
814,0.904663473867424,0.2337523417521055,MA,2024-01-01,1,1,0,1,1,1,1,1,1,1,1,0,0,0,1,0,1,1,0,1
815,1.23984886645125,0.195162329861308,MA,2024-01-02,1,1,1,1,1,1,1,1,1,1,1,0,1,1,1,0,1,1,0,1
816,1.02193291569035,0.2353520045744585,MA,2024-01-03,1,1,1,1,1,1,1,1,1,1,1,1,1,0,1,0,1,0,0,0
817,1.36179052601443,0.2930015231042875,MA,2024-01-04,1,1,1,1,1,1,1,1,1,0,1,0,1,0,1,0,1,0,0,0
818,1.05313725033342,0.16817975696843,MA,2024-01-05,1,1,1,1,1,1,1,1,1,1,1,0,1,1,1,0,1,1,0,1
819,0.330886266593765,0.0560354475021385,MA,2024-01-06,1,1,1,1,1,1,1,1,1,1,1,1,1,0,1,1,1,1,0,1
820,0.329145909604764,0.0536634906092065,MA,2024-01-07,1,1,1,1,1,1,1,1,1,1,1,1,1,1,1,0,1,1,0,1
821,0.895469931177905,0.235921382169301,MA,2024-01-08,1,1,1,1,1,1,0,1,1,1,0,1,1,1,1,0,1,1,0,1
822,0.755062592354092,0.196008751543943,MA,2024-01-09,1,1,1,1,1,1,1,1,1,1,1,1,1,1,1,0,1,1,0,1
823,1.86445341059619,0.0472988317588191,MA,2024-01-10,1,1,1,1,1,1,1,1,0,1,1,1,1,1,1,1,1,1,1,1
824,1.48474775065859,0.0454037175526879,MA,2024-01-11,1,1,1,1,1,1,1,1,0,1,1,1,1,1,1,0,1,1,0,1
825,0.95719414535734,0.04361091215902005,MA,2024-01-12,1,1,1,1,1,1,1,1,0,1,1,1,1,1,1,1,1,1,1,1
826,0.0946780623581502,0.04191446786388485,MA,2024-01-13,1,1,1,1,1,1,1,1,1,1,1,1,1,1,1,1,1,1,1,1
827,0.0900816278669078,0.0403088064271983,MA,2024-01-14,1,1,1,1,1,1,1,1,1,1,1,1,1,1,1,1,1,1,1,1
828,0.510868074364893,0.03878869838726425,MA,2024-01-15,1,1,1,1,1,1,1,1,1,1,1,1,1,1,1,1,1,1,1,1
829,0.27145520430723,0.0373492429060142,MA,2024-01-16,1,1,1,1,1,1,1,1,1,1,1,1,1,1,1,0,1,1,0,1
830,0.889272324388487,0.1172376554854095,MA,2024-01-17,1,1,1,1,1,1,1,1,1,1,1,1,1,1,1,1,1,1,1,1
831,0.866374918322068,0.116791340256739,MA,2024-01-18,1,1,1,1,1,1,1,1,1,1,1,1,1,1,1,0,1,1,0,1
832,0.723166821124526,0.1282296578890315,MA,2024-01-19,1,1,1,1,1,1,1,1,1,1,1,1,1,1,1,1,1,1,1,1
833,0.0848056213332085,0.03231036056531665,MA,2024-01-20,1,1,1,1,1,1,1,1,1,1,1,1,1,1,1,1,1,1,1,1
834,NA,NA,MA,2024-01-21,NA,NA,NA,NA,NA,NA,NA,NA,NA,NA,NA,NA,NA,NA,NA,NA,NA,NA,NA,NA
835,0.873769627725163,0.0301684195571626,MA,2024-01-22,1,1,1,1,1,1,1,1,0,1,1,1,1,1,0,1,0,1,0,0
836,0.703837663882027,0.1273766184187695,MA,2024-01-23,1,1,1,1,1,1,1,1,1,1,1,1,0,1,1,1,1,1,0,1
837,0.458714169533906,0.2014684010666235,MA,2024-01-24,1,1,1,1,1,1,1,1,1,1,1,1,1,1,1,0,1,1,1,0
838,1.04501765049842,0.0273537799445379,MA,2024-01-25,1,1,1,1,1,1,1,1,0,1,1,0,1,1,1,1,1,1,0,1
839,0.639471898654381,0.02651067474553225,MA,2024-01-26,1,1,1,1,1,1,1,1,1,1,1,0,1,1,1,0,1,1,0,1
840,0.434375649926607,0.0257109971934646,MA,2024-01-27,1,1,1,1,1,1,1,1,1,1,1,1,1,1,1,0,1,1,0,1
841,0.827907002956751,0.4164312501603735,MD,2023-12-17,1,0,1,1,1,1,1,1,1,1,1,0,1,1,1,1,1,1,0,1
842,3.53444858581849,0.4688914869295735,MD,2023-12-18,0,1,1,1,1,0,0,1,1,0,0,0,1,1,1,0,0,1,1,0
843,4.85107754818223,0.394736440729099,MD,2023-12-19,0,1,1,1,1,1,1,1,0,0,0,1,0,1,1,0,1,0,0,0
844,1.38229403872297,0.319150090456583,MD,2023-12-20,1,1,1,1,1,1,0,1,1,1,1,0,0,1,1,0,0,0,0,1
845,0.807560826670035,0.2370728866046005,MD,2023-12-21,1,1,1,1,1,1,1,1,0,1,1,1,1,1,1,1,1,1,0,0
846,1.11890870427156,0.365417006132263,MD,2023-12-22,1,1,1,1,0,1,1,1,1,1,1,0,1,1,0,1,1,1,0,1
847,0.787192145512752,0.3966834944768015,MD,2023-12-23,1,0,1,1,1,1,1,1,1,1,1,0,1,1,1,0,1,1,1,1
848,1.13217755729051,0.215090436068647,MD,2023-12-24,1,1,1,1,1,1,1,1,0,1,1,0,1,1,1,1,0,1,0,1
849,0.511491785272218,0.3868881186423375,MD,2023-12-25,1,1,1,1,1,1,1,1,1,1,1,1,1,1,1,0,0,1,1,1
850,1.44754145664537,0.2885203812951215,MD,2023-12-26,1,1,1,1,1,1,1,1,1,1,1,0,1,1,1,0,1,0,0,0
851,2.11662686818971,0.234936890747169,MD,2023-12-27,1,1,1,1,1,0,1,1,0,0,1,0,1,1,0,0,1,1,0,0
852,0.992132701525704,0.291571536927856,MD,2023-12-28,1,1,1,1,1,1,1,1,1,1,1,1,1,1,1,0,1,1,1,0
853,1.12504219659173,0.2932867689998505,MD,2023-12-29,1,1,1,1,1,1,1,1,1,1,1,1,1,1,1,0,1,1,0,1
854,1.74964180059517,0.2183216274446545,MD,2023-12-30,1,1,1,1,1,0,1,1,0,0,1,1,1,1,1,0,1,1,0,0
855,0.906747652357478,0.123071106242261,MD,2023-12-31,1,1,1,1,1,1,1,1,0,1,1,1,1,1,1,1,1,1,1,1
856,2.03039252198626,0.116923582442199,MD,2024-01-01,1,1,1,1,1,0,1,1,0,1,1,0,1,1,1,0,0,1,0,1
857,1.74433359730743,0.2474396659284895,MD,2024-01-02,1,1,1,1,1,1,0,1,0,1,1,1,1,1,1,0,0,1,0,0
858,1.18068634056627,0.220654933479839,MD,2024-01-03,1,1,1,1,1,1,1,1,1,1,1,1,1,1,1,0,1,1,0,1
859,1.33471739583518,0.2465500457226845,MD,2024-01-04,1,1,1,1,1,1,1,1,1,1,1,1,0,0,1,0,1,0,1,1
860,1.59304852073228,0.244334380077741,MD,2024-01-05,1,1,1,1,1,0,0,1,1,1,1,0,1,1,1,0,0,0,1,1
861,0.40556550735435,0.234165086783234,MD,2024-01-06,1,1,1,1,1,1,1,1,1,1,1,1,1,1,1,0,1,1,0,1
862,0.449721880880564,0.3090472280019325,MD,2024-01-07,1,1,1,1,1,1,1,1,1,1,1,1,1,1,1,0,1,1,0,1
863,1.15827397190238,0.209958031086364,MD,2024-01-08,0,1,1,1,1,1,1,1,1,1,0,0,1,1,1,1,1,1,1,1
864,1.23131686345975,0.077413338051006,MD,2024-01-09,1,1,1,1,1,1,1,1,0,1,1,1,1,1,1,0,1,1,0,1
865,0.798631226208164,0.1550810080931415,MD,2024-01-10,1,1,1,1,1,1,1,1,1,1,1,0,1,1,1,0,1,1,0,1
866,0.580114423355153,0.069863917883463,MD,2024-01-11,1,1,1,1,1,1,1,1,1,1,1,1,1,1,1,1,1,1,1,1
867,0.568670873395706,0.066386928101227,MD,2024-01-12,1,1,1,1,1,1,1,1,1,1,1,1,1,1,1,1,1,0,0,1
868,0.322423508639916,0.063096754028203,MD,2024-01-13,1,1,1,1,1,1,1,1,1,1,1,1,1,1,1,0,1,1,0,1
869,0.437371701936473,0.240297046017343,MD,2024-01-14,1,1,1,1,1,1,1,1,1,1,1,1,1,1,1,0,1,1,0,1
870,0.293630276177391,0.057043339907701,MD,2024-01-15,1,1,1,1,1,1,1,1,1,1,1,1,1,1,1,1,1,1,1,1
871,0.0943402350174032,0.054263981575042,MD,2024-01-16,1,1,1,1,1,1,1,1,1,1,1,1,1,1,1,1,1,1,1,1
872,0.472382063198449,0.2435542521274795,MD,2024-01-17,1,1,1,1,1,1,1,1,1,1,1,1,1,1,1,1,1,1,1,1
873,1.61837507299516,0.304438426882858,MD,2024-01-18,0,1,1,0,1,1,1,1,1,1,0,0,1,0,1,0,1,0,0,1
874,0.245745583383125,0.0468240443891938,MD,2024-01-19,1,1,1,1,1,1,1,1,1,1,1,1,1,1,1,1,1,1,1,1
875,0.863271852215409,0.2678044697907255,MD,2024-01-20,1,1,1,1,1,1,0,1,1,1,1,1,1,1,1,1,0,1,0,1
876,0.442568853105041,0.04254169335518275,MD,2024-01-21,1,1,1,1,1,1,1,1,1,1,1,1,1,1,1,1,1,1,1,1
877,0.82990085556794,0.118907833635074,MD,2024-01-22,1,1,1,1,1,1,1,1,1,1,1,1,1,1,1,1,1,1,1,1
878,0.415114504635957,0.03874011821756965,MD,2024-01-23,1,1,1,1,1,1,1,1,1,1,1,1,1,1,1,1,1,1,1,1
879,1.15741833752753,0.037004464579769,MD,2024-01-24,1,1,1,1,1,1,1,1,0,1,1,1,1,1,1,0,1,1,0,1
880,1.02525269696343,0.100673883785113,MD,2024-01-25,1,1,1,1,1,1,1,1,1,1,1,1,1,1,1,0,1,1,0,1
881,0.871576724210177,0.03383526704530615,MD,2024-01-26,1,1,1,1,1,1,1,1,0,1,1,0,1,1,1,0,1,1,0,1
882,0.0587596683294054,0.0323911801901285,MD,2024-01-27,1,1,1,1,1,1,1,1,1,1,1,1,1,1,1,1,1,1,1,1
883,0.21582730352034,0.1744829457878095,ME,2023-12-17,1,1,1,1,1,1,1,1,1,1,1,1,1,1,1,1,1,1,1,1
884,NA,NA,ME,2023-12-18,NA,NA,NA,NA,NA,NA,NA,NA,NA,NA,NA,NA,NA,NA,NA,NA,NA,NA,NA,NA
885,NA,NA,ME,2023-12-19,NA,NA,NA,NA,NA,NA,NA,NA,NA,NA,NA,NA,NA,NA,NA,NA,NA,NA,NA,NA
886,NA,NA,ME,2023-12-20,NA,NA,NA,NA,NA,NA,NA,NA,NA,NA,NA,NA,NA,NA,NA,NA,NA,NA,NA,NA
887,NA,NA,ME,2023-12-21,NA,NA,NA,NA,NA,NA,NA,NA,NA,NA,NA,NA,NA,NA,NA,NA,NA,NA,NA,NA
888,NA,NA,ME,2023-12-22,NA,NA,NA,NA,NA,NA,NA,NA,NA,NA,NA,NA,NA,NA,NA,NA,NA,NA,NA,NA
889,NA,NA,ME,2023-12-23,NA,NA,NA,NA,NA,NA,NA,NA,NA,NA,NA,NA,NA,NA,NA,NA,NA,NA,NA,NA
890,NA,NA,ME,2023-12-24,NA,NA,NA,NA,NA,NA,NA,NA,NA,NA,NA,NA,NA,NA,NA,NA,NA,NA,NA,NA
891,NA,NA,ME,2023-12-25,NA,NA,NA,NA,NA,NA,NA,NA,NA,NA,NA,NA,NA,NA,NA,NA,NA,NA,NA,NA
892,NA,NA,ME,2023-12-26,NA,NA,NA,NA,NA,NA,NA,NA,NA,NA,NA,NA,NA,NA,NA,NA,NA,NA,NA,NA
893,NA,NA,ME,2023-12-27,NA,NA,NA,NA,NA,NA,NA,NA,NA,NA,NA,NA,NA,NA,NA,NA,NA,NA,NA,NA
894,NA,NA,ME,2023-12-28,NA,NA,NA,NA,NA,NA,NA,NA,NA,NA,NA,NA,NA,NA,NA,NA,NA,NA,NA,NA
895,NA,NA,ME,2023-12-29,NA,NA,NA,NA,NA,NA,NA,NA,NA,NA,NA,NA,NA,NA,NA,NA,NA,NA,NA,NA
896,NA,NA,ME,2023-12-30,NA,NA,NA,NA,NA,NA,NA,NA,NA,NA,NA,NA,NA,NA,NA,NA,NA,NA,NA,NA
897,NA,NA,ME,2023-12-31,NA,NA,NA,NA,NA,NA,NA,NA,NA,NA,NA,NA,NA,NA,NA,NA,NA,NA,NA,NA
898,NA,NA,ME,2024-01-01,NA,NA,NA,NA,NA,NA,NA,NA,NA,NA,NA,NA,NA,NA,NA,NA,NA,NA,NA,NA
899,NA,NA,ME,2024-01-02,NA,NA,NA,NA,NA,NA,NA,NA,NA,NA,NA,NA,NA,NA,NA,NA,NA,NA,NA,NA
900,NA,NA,ME,2024-01-03,NA,NA,NA,NA,NA,NA,NA,NA,NA,NA,NA,NA,NA,NA,NA,NA,NA,NA,NA,NA
901,1.25187747877295,0.3922632499864685,ME,2024-01-04,1,1,1,1,1,1,1,1,0,1,1,1,0,1,1,0,1,1,0,1
902,NA,NA,ME,2024-01-05,NA,NA,NA,NA,NA,NA,NA,NA,NA,NA,NA,NA,NA,NA,NA,NA,NA,NA,NA,NA
903,NA,NA,ME,2024-01-06,NA,NA,NA,NA,NA,NA,NA,NA,NA,NA,NA,NA,NA,NA,NA,NA,NA,NA,NA,NA
904,NA,NA,ME,2024-01-07,NA,NA,NA,NA,NA,NA,NA,NA,NA,NA,NA,NA,NA,NA,NA,NA,NA,NA,NA,NA
905,0.42076047844007203,0.297398330804646,ME,2024-01-08,1,1,1,1,1,1,1,1,1,1,1,1,1,1,1,0,1,1,0,1
906,NA,NA,ME,2024-01-09,NA,NA,NA,NA,NA,NA,NA,NA,NA,NA,NA,NA,NA,NA,NA,NA,NA,NA,NA,NA
907,NA,NA,ME,2024-01-10,NA,NA,NA,NA,NA,NA,NA,NA,NA,NA,NA,NA,NA,NA,NA,NA,NA,NA,NA,NA
908,NA,NA,ME,2024-01-11,NA,NA,NA,NA,NA,NA,NA,NA,NA,NA,NA,NA,NA,NA,NA,NA,NA,NA,NA,NA
909,NA,NA,ME,2024-01-12,NA,NA,NA,NA,NA,NA,NA,NA,NA,NA,NA,NA,NA,NA,NA,NA,NA,NA,NA,NA
910,NA,NA,ME,2024-01-13,NA,NA,NA,NA,NA,NA,NA,NA,NA,NA,NA,NA,NA,NA,NA,NA,NA,NA,NA,NA
911,NA,NA,ME,2024-01-14,NA,NA,NA,NA,NA,NA,NA,NA,NA,NA,NA,NA,NA,NA,NA,NA,NA,NA,NA,NA
912,NA,NA,ME,2024-01-15,NA,NA,NA,NA,NA,NA,NA,NA,NA,NA,NA,NA,NA,NA,NA,NA,NA,NA,NA,NA
913,NA,NA,ME,2024-01-16,NA,NA,NA,NA,NA,NA,NA,NA,NA,NA,NA,NA,NA,NA,NA,NA,NA,NA,NA,NA
914,0.886308117233067,0.605081343887945,ME,2024-01-17,1,1,1,1,1,1,0,1,1,1,1,1,1,1,1,0,0,1,1,1
915,NA,NA,ME,2024-01-18,NA,NA,NA,NA,NA,NA,NA,NA,NA,NA,NA,NA,NA,NA,NA,NA,NA,NA,NA,NA
916,NA,NA,ME,2024-01-19,NA,NA,NA,NA,NA,NA,NA,NA,NA,NA,NA,NA,NA,NA,NA,NA,NA,NA,NA,NA
917,NA,NA,ME,2024-01-20,NA,NA,NA,NA,NA,NA,NA,NA,NA,NA,NA,NA,NA,NA,NA,NA,NA,NA,NA,NA
918,NA,NA,ME,2024-01-21,NA,NA,NA,NA,NA,NA,NA,NA,NA,NA,NA,NA,NA,NA,NA,NA,NA,NA,NA,NA
919,NA,NA,ME,2024-01-22,NA,NA,NA,NA,NA,NA,NA,NA,NA,NA,NA,NA,NA,NA,NA,NA,NA,NA,NA,NA
920,NA,NA,ME,2024-01-23,NA,NA,NA,NA,NA,NA,NA,NA,NA,NA,NA,NA,NA,NA,NA,NA,NA,NA,NA,NA
921,NA,NA,ME,2024-01-24,NA,NA,NA,NA,NA,NA,NA,NA,NA,NA,NA,NA,NA,NA,NA,NA,NA,NA,NA,NA
922,NA,NA,ME,2024-01-25,NA,NA,NA,NA,NA,NA,NA,NA,NA,NA,NA,NA,NA,NA,NA,NA,NA,NA,NA,NA
923,NA,NA,ME,2024-01-26,NA,NA,NA,NA,NA,NA,NA,NA,NA,NA,NA,NA,NA,NA,NA,NA,NA,NA,NA,NA
924,NA,NA,ME,2024-01-27,NA,NA,NA,NA,NA,NA,NA,NA,NA,NA,NA,NA,NA,NA,NA,NA,NA,NA,NA,NA
925,1.85123912992693,0.3800915178274295,MI,2023-12-17,1,1,1,1,0,1,1,1,1,1,1,0,1,0,0,1,1,0,1,1
926,6.78521782977114,0.3745469394078175,MI,2023-12-18,1,1,1,1,1,0,1,1,0,1,1,0,0,0,0,0,0,0,0,1
927,4.12000494467505,0.377507508880241,MI,2023-12-19,1,1,1,1,1,1,1,0,1,1,0,0,0,0,0,0,0,0,0,0
928,3.6447533815058,0.3880963287909365,MI,2023-12-20,1,0,0,1,0,1,1,0,1,1,1,1,0,0,0,0,0,0,0,0
929,10.9928515994336,0.3483077235114885,MI,2023-12-21,1,0,1,0,0,0,1,1,0,1,0,0,0,0,0,0,1,0,0,0
930,4.61813129045802,0.3889832174687955,MI,2023-12-22,1,1,1,1,0,1,1,0,1,1,0,1,0,1,0,0,0,0,0,0
931,5.5938852517633,0.3924176217685335,MI,2023-12-23,1,1,1,1,0,0,0,1,0,1,1,0,0,1,0,0,0,0,0,1
932,1.49861484086399,0.3931362050352695,MI,2023-12-24,1,1,1,0,1,1,1,1,1,1,1,0,0,0,0,0,1,1,0,1
933,1.3950192994521,0.359756058761809,MI,2023-12-25,1,1,1,1,1,1,1,1,1,1,1,0,1,1,0,1,1,1,1,1
934,2.01659947228593,0.372103632464856,MI,2023-12-26,1,1,1,1,1,1,1,1,1,0,1,0,0,1,0,0,1,0,0,0
935,6.94067654678579,0.4085159993154745,MI,2023-12-27,0,0,1,1,0,0,1,1,1,0,0,0,0,1,0,0,1,0,0,0
936,6.42572106711321,0.362901483708826,MI,2023-12-28,0,1,0,0,0,0,1,1,0,1,0,0,0,0,0,0,1,1,0,0
937,7.75146068656031,0.3151080725996615,MI,2023-12-29,1,1,1,1,1,0,1,0,0,1,0,1,0,0,0,0,1,0,0,1
938,2.89856034110949,0.3937232212353565,MI,2023-12-30,1,1,1,1,0,1,1,1,1,1,1,0,0,0,0,1,1,0,0,0
939,2.32225755010122,0.4260122032619475,MI,2023-12-31,0,1,1,1,1,1,0,1,0,1,0,0,0,0,0,0,0,0,0,0
940,3.92249753898302,0.325231736473357,MI,2024-01-01,0,1,1,1,1,0,1,1,0,1,0,0,0,1,0,0,0,0,0,1
941,6.74648845190788,0.306982334399462,MI,2024-01-02,1,0,1,1,1,1,1,1,0,1,1,1,0,1,0,0,0,0,0,0
942,3.36694852979601,0.361697030755199,MI,2024-01-03,1,1,1,1,0,1,0,1,1,1,0,1,1,0,0,0,0,0,0,0
943,5.03539540023035,0.3243908488100805,MI,2024-01-04,1,1,1,1,0,0,0,0,0,1,0,1,0,0,0,0,0,1,0,1
944,2.16254044595636,0.3751137750305685,MI,2024-01-05,1,0,1,1,0,1,1,0,1,1,1,0,0,1,0,0,1,0,0,1
945,1.08773425666661,0.358301897675702,MI,2024-01-06,1,1,1,1,1,1,1,1,1,1,1,1,0,0,0,1,1,0,0,0
946,2.33449996405148,0.209532771828934,MI,2024-01-07,1,1,1,1,1,0,1,1,0,1,1,1,0,1,1,0,1,1,0,1
947,5.47585671348807,0.3005078629894655,MI,2024-01-08,1,1,1,1,1,0,1,1,0,0,0,1,0,0,0,0,0,0,0,0
948,4.52040950773344,0.273461690890912,MI,2024-01-09,1,1,1,1,1,1,1,1,0,0,1,0,0,0,0,1,1,1,0,1
949,8.86014025508652,0.228310466113355,MI,2024-01-10,1,1,1,1,1,0,1,1,0,1,1,0,1,1,1,0,0,0,0,0
950,7.89680730490299,0.2206006949158885,MI,2024-01-11,1,1,1,1,1,1,1,1,0,1,1,1,0,0,0,0,0,0,0,1
951,4.74622295078232,0.2547125053213035,MI,2024-01-12,1,1,0,1,0,0,0,1,0,1,1,0,0,1,0,0,1,0,0,1
952,1.63606760469298,0.276393784844574,MI,2024-01-13,1,1,0,1,1,1,1,1,1,1,1,0,0,0,1,1,1,1,1,0
953,1.84127052344138,0.182603460892978,MI,2024-01-14,1,1,1,1,1,1,1,1,0,0,1,0,1,1,0,0,0,1,0,0
954,8.11702808479255,0.1764387259870495,MI,2024-01-15,1,1,0,1,1,0,1,1,0,1,0,0,0,1,1,1,1,0,0,0
955,5.75935828737872,0.197829233847039,MI,2024-01-16,1,1,1,1,1,0,0,1,0,1,1,1,0,0,0,0,0,1,0,0
956,4.61335032286846,0.202351526151804,MI,2024-01-17,1,1,1,1,1,0,0,1,0,1,1,1,0,0,0,1,0,1,0,0
957,3.89724933602431,0.2305612286520915,MI,2024-01-18,1,1,1,1,1,1,1,1,0,0,1,0,0,0,0,1,0,0,0,0
958,2.17553732287377,0.231266782249664,MI,2024-01-19,1,1,1,1,1,1,1,1,1,1,1,1,1,0,0,0,1,0,0,0
959,0.855302537988627,0.2694657818689255,MI,2024-01-20,1,1,1,0,1,1,1,1,1,1,1,1,0,0,0,0,1,0,0,1
960,1.20179102469949,0.2726787450759495,MI,2024-01-21,1,1,1,1,1,1,0,1,1,1,1,0,1,0,1,1,0,1,0,1
961,2.75353326177338,0.2447553797405405,MI,2024-01-22,0,1,1,1,1,0,0,1,1,1,0,0,1,0,1,1,0,0,0,1
962,2.7664019212019,0.1481429595194305,MI,2024-01-23,0,1,1,1,1,1,1,1,0,1,0,0,0,0,1,0,1,0,0,1
963,4.80239596273203,0.144538189701431,MI,2024-01-24,1,1,1,1,1,0,0,1,0,1,0,0,1,0,0,1,0,1,0,0
964,3.61968797972474,0.1617485896398695,MI,2024-01-25,1,1,1,1,1,1,0,1,0,1,0,0,0,1,0,1,0,1,0,0
965,3.12893593420231,0.1287579647888985,MI,2024-01-26,1,1,1,1,1,1,1,1,0,1,1,1,0,0,0,0,1,1,0,0
966,1.7961437066698,0.117604779381402,MI,2024-01-27,1,1,1,1,1,1,1,1,0,1,1,0,1,1,1,0,1,0,0,0
967,6.94965285818858,0.422588336066302,MN,2023-12-17,1,0,0,1,1,0,1,1,0,1,0,0,0,0,0,0,0,0,0,1
968,5.19892597844211,0.3886018743374505,MN,2023-12-18,1,0,1,1,1,1,1,1,1,0,0,0,0,0,0,0,0,0,0,0
969,8.09712863150614,0.360982062995355,MN,2023-12-19,1,1,0,1,0,0,1,1,0,1,0,0,1,1,0,0,1,0,0,0
970,3.37801037697307,0.3693724379823495,MN,2023-12-20,1,1,0,1,1,0,1,1,1,1,0,1,0,1,0,0,0,0,0,1
971,3.17831569556836,0.3702370935117605,MN,2023-12-21,1,1,0,1,1,1,1,1,1,1,0,0,0,0,0,0,1,0,1,0
972,2.82481398412069,0.3690599782405215,MN,2023-12-22,1,1,1,1,0,1,1,1,1,1,0,0,1,0,0,0,0,0,1,1
973,5.99010105199013,0.28218870406693,MN,2023-12-23,0,1,1,1,1,0,1,1,0,1,0,1,0,0,0,0,1,1,0,1
974,2.23398207478837,0.306252087042707,MN,2023-12-24,1,1,1,1,1,1,1,1,0,1,1,0,0,0,0,1,0,1,0,0
975,4.27913272712886,0.3120516784501,MN,2023-12-25,1,1,1,0,1,0,0,1,0,1,0,0,0,0,1,0,0,0,0,0
976,4.02224250159656,0.3237645823712575,MN,2023-12-26,1,1,1,0,1,1,1,1,1,1,0,0,0,0,0,0,1,0,0,0
977,3.21511575010302,0.345215498277436,MN,2023-12-27,0,1,1,1,0,1,1,1,1,1,0,0,0,0,0,0,0,1,0,0
978,3.08891303215309,0.337832304942521,MN,2023-12-28,1,1,0,1,0,1,1,1,1,1,0,0,0,1,1,0,1,0,0,0
979,3.77981475825395,0.313937767080675,MN,2023-12-29,1,1,1,1,0,0,1,0,1,0,1,1,1,1,0,0,0,0,0,0
980,2.77531270810918,0.3418995360702,MN,2023-12-30,1,1,1,1,1,1,0,1,1,0,1,0,1,1,0,0,0,0,0,0
981,2.219498561889,0.307656943877461,MN,2023-12-31,1,1,1,0,0,1,1,0,1,1,1,0,0,0,0,0,0,0,0,0
982,1.97252777422222,0.255792315680039,MN,2024-01-01,1,1,1,1,1,1,1,1,1,1,0,0,1,0,0,0,0,1,0,0
983,2.99963905091572,0.2883284905776575,MN,2024-01-02,1,1,1,0,1,1,1,1,1,1,0,0,1,0,0,0,0,0,0,0
984,3.28389361728222,0.2384613893890945,MN,2024-01-03,1,0,0,1,1,1,1,1,1,1,1,0,0,1,0,0,1,0,0,1
985,1.72211154349999,0.300569030117674,MN,2024-01-04,1,1,1,1,1,1,1,1,1,1,1,1,0,1,0,0,0,1,0,1
986,3.63232800408321,0.349290546563157,MN,2024-01-05,0,1,1,1,0,0,1,1,0,1,0,1,0,1,0,0,1,0,0,0
987,2.41944841553768,0.172798967736401,MN,2024-01-06,1,1,1,1,1,0,1,1,0,1,0,0,1,1,0,0,0,0,0,1
988,2.23702549072816,0.193441440114179,MN,2024-01-07,1,1,1,1,0,1,1,1,1,1,0,0,0,1,0,0,1,0,0,0
989,4.5181431526367,0.1849729641240585,MN,2024-01-08,1,1,1,1,1,1,1,1,0,1,0,0,1,0,0,0,0,0,1,1
990,4.98746274891843,0.263648804988174,MN,2024-01-09,1,1,1,1,0,0,1,1,1,1,1,1,1,1,0,0,0,1,0,0
991,2.44149172734317,0.212136464238313,MN,2024-01-10,1,1,0,1,0,1,1,1,1,0,0,1,0,0,0,0,0,1,0,0
992,2.45446196337706,0.197732485708059,MN,2024-01-11,1,1,1,1,0,1,1,1,1,1,1,0,1,1,0,0,1,1,0,1
993,2.57110141930148,0.2569130974624745,MN,2024-01-12,1,0,1,1,1,0,1,1,1,0,0,0,0,1,0,0,1,0,0,0
994,1.79315688066178,0.2166039548218515,MN,2024-01-13,1,1,1,1,1,1,1,0,1,1,1,1,1,1,1,0,0,0,0,0
995,1.33835909936846,0.1513757089637255,MN,2024-01-14,1,1,1,1,1,1,1,1,1,1,1,1,1,1,0,0,1,1,0,0
996,3.77490299368862,0.280762220713387,MN,2024-01-15,1,1,1,1,1,0,1,0,0,1,1,1,1,1,0,0,1,0,0,0
997,3.37892977637243,0.1901816899002115,MN,2024-01-16,1,1,1,0,0,1,1,1,1,1,0,1,1,0,0,0,1,1,0,1
998,1.84090714379725,0.2262914825597505,MN,2024-01-17,1,0,1,1,1,1,1,1,1,0,1,0,1,1,0,0,1,1,0,0
999,1.28129993457965,0.1407955010727105,MN,2024-01-18,1,1,0,1,1,1,1,1,1,1,1,1,0,1,0,0,1,0,0,1
1000,1.42221180411566,0.1026115770663785,MN,2024-01-19,1,1,1,1,1,1,1,1,0,1,1,1,1,1,0,0,0,1,0,1
1001,0.853246575857049,0.094432913060489,MN,2024-01-20,1,1,1,1,1,1,1,1,1,1,0,1,1,1,0,1,1,1,1,1
1002,1.11109243037036,0.126045499011671,MN,2024-01-21,1,1,1,1,1,1,1,1,1,1,1,1,1,1,1,1,0,1,0,1
1003,1.45172423726755,0.1640314564188425,MN,2024-01-22,1,1,1,1,1,1,1,0,1,1,1,1,1,1,0,0,1,0,0,0
1004,1.83121930668043,0.1963282673203375,MN,2024-01-23,1,1,1,1,1,1,1,1,1,0,1,0,1,1,1,0,1,1,0,0
1005,1.54724039852833,0.085821105332853,MN,2024-01-24,1,1,1,1,1,1,1,1,1,1,1,1,1,1,0,1,1,1,0,1
1006,1.2709284616866,0.144333839842572,MN,2024-01-25,1,0,1,1,1,1,1,1,1,1,1,0,0,1,1,1,1,1,0,0
1007,1.62682561771686,0.2230775242206535,MN,2024-01-26,0,1,1,1,1,1,0,1,1,1,0,1,1,1,1,1,0,1,0,1
1008,0.744751740255215,0.129612147235233,MN,2024-01-27,1,1,1,1,1,1,1,1,1,1,1,1,1,1,0,1,1,1,0,1
1009,0.451570852043835,0.3105752091013945,MO,2023-12-17,1,1,1,1,1,1,1,1,1,1,1,1,1,0,1,1,1,1,0,1
1010,0.762424910697598,0.2984482824324845,MO,2023-12-18,1,1,1,1,1,0,1,1,1,1,1,1,1,1,1,0,1,1,0,1
1011,NA,NA,MO,2023-12-19,NA,NA,NA,NA,NA,NA,NA,NA,NA,NA,NA,NA,NA,NA,NA,NA,NA,NA,NA,NA
1012,0.394035437713177,0.283168597697553,MO,2023-12-20,1,1,1,1,1,1,1,1,1,1,1,0,1,1,1,0,1,1,1,1
1013,0.808096719255723,0.57995370556283,MO,2023-12-21,0,1,1,1,1,1,1,1,1,1,0,1,1,1,1,1,1,1,0,1
1014,NA,NA,MO,2023-12-22,NA,NA,NA,NA,NA,NA,NA,NA,NA,NA,NA,NA,NA,NA,NA,NA,NA,NA,NA,NA
1015,0.434348822912992,0.3058534829797775,MO,2023-12-23,1,1,1,1,1,1,1,1,1,1,1,1,1,1,1,0,1,0,1,1
1016,NA,NA,MO,2023-12-24,NA,NA,NA,NA,NA,NA,NA,NA,NA,NA,NA,NA,NA,NA,NA,NA,NA,NA,NA,NA
1017,NA,NA,MO,2023-12-25,NA,NA,NA,NA,NA,NA,NA,NA,NA,NA,NA,NA,NA,NA,NA,NA,NA,NA,NA,NA
1018,0.848176464272662,0.4375491015705085,MO,2023-12-26,1,1,1,1,1,1,1,1,1,0,1,1,1,1,1,1,1,1,0,0
1019,0.439720376320655,0.30433004386592,MO,2023-12-27,1,1,1,1,1,1,1,1,1,1,1,1,1,0,1,1,1,1,0,1
1020,0.779723861641493,0.550626923854605,MO,2023-12-28,1,1,1,1,1,1,1,0,1,1,1,1,1,1,1,0,1,0,1,1
1021,0.843900694833515,0.4342703214008045,MO,2023-12-29,1,1,1,1,0,1,1,1,1,1,1,1,1,1,0,1,1,1,0,1
1022,0.794815189131175,0.569283652995975,MO,2023-12-30,1,1,1,1,1,1,1,1,1,0,1,1,1,1,1,1,1,1,0,0
1023,0.397446676348539,0.290686916878112,MO,2023-12-31,1,1,1,1,1,1,1,1,1,1,1,1,1,1,1,0,1,1,0,1
1024,NA,NA,MO,2024-01-01,NA,NA,NA,NA,NA,NA,NA,NA,NA,NA,NA,NA,NA,NA,NA,NA,NA,NA,NA,NA
1025,0.799234040820042,0.56941360456563,MO,2024-01-02,1,1,1,1,1,1,1,1,1,0,1,1,1,1,1,0,1,1,1,0
1026,0.392284287741251,0.2836231689752515,MO,2024-01-03,1,1,1,1,1,1,1,1,1,1,1,1,1,1,1,1,0,1,0,1
1027,0.38469127614177,0.2816462240276445,MO,2024-01-04,1,1,1,1,1,1,1,1,1,1,1,1,1,1,1,1,1,1,1,1
1028,0.453850986235047,0.32931910301335,MO,2024-01-05,1,1,1,1,1,1,1,1,1,1,0,1,1,1,1,0,1,1,1,1
1029,NA,NA,MO,2024-01-06,NA,NA,NA,NA,NA,NA,NA,NA,NA,NA,NA,NA,NA,NA,NA,NA,NA,NA,NA,NA
1030,NA,NA,MO,2024-01-07,NA,NA,NA,NA,NA,NA,NA,NA,NA,NA,NA,NA,NA,NA,NA,NA,NA,NA,NA,NA
1031,0.377715540459306,0.275523514814352,MO,2024-01-08,1,1,1,1,1,1,1,1,1,1,1,1,1,0,1,1,1,1,0,1
1032,NA,NA,MO,2024-01-09,NA,NA,NA,NA,NA,NA,NA,NA,NA,NA,NA,NA,NA,NA,NA,NA,NA,NA,NA,NA
1033,NA,NA,MO,2024-01-10,NA,NA,NA,NA,NA,NA,NA,NA,NA,NA,NA,NA,NA,NA,NA,NA,NA,NA,NA,NA
1034,0.800431083859862,0.4173491068133275,MO,2024-01-11,1,1,1,0,1,1,1,1,1,1,1,1,1,0,0,1,1,1,1,1
1035,0.729608402956185,0.3765705724112665,MO,2024-01-12,1,1,0,1,1,1,1,1,1,1,1,1,0,0,0,1,1,1,0,1
1036,NA,NA,MO,2024-01-13,NA,NA,NA,NA,NA,NA,NA,NA,NA,NA,NA,NA,NA,NA,NA,NA,NA,NA,NA,NA
1037,0.361162382819282,0.271282721899689,MO,2024-01-14,1,1,1,1,1,1,1,1,1,1,1,1,1,1,1,0,1,1,0,1
1038,NA,NA,MO,2024-01-15,NA,NA,NA,NA,NA,NA,NA,NA,NA,NA,NA,NA,NA,NA,NA,NA,NA,NA,NA,NA
1039,0.817734339594945,0.2710741033416205,MO,2024-01-16,1,1,1,1,1,1,1,1,0,1,1,1,0,1,1,1,1,1,0,1
1040,NA,NA,MO,2024-01-17,NA,NA,NA,NA,NA,NA,NA,NA,NA,NA,NA,NA,NA,NA,NA,NA,NA,NA,NA,NA
1041,0.348002842756709,0.2714241675999965,MO,2024-01-18,1,1,1,1,1,1,1,1,1,1,1,1,1,1,1,0,1,1,0,1
1042,NA,NA,MO,2024-01-19,NA,NA,NA,NA,NA,NA,NA,NA,NA,NA,NA,NA,NA,NA,NA,NA,NA,NA,NA,NA
1043,NA,NA,MO,2024-01-20,NA,NA,NA,NA,NA,NA,NA,NA,NA,NA,NA,NA,NA,NA,NA,NA,NA,NA,NA,NA
1044,0.804008810201224,0.2729432000553785,MO,2024-01-21,1,1,1,1,1,1,1,1,0,1,1,1,1,1,1,1,1,1,1,1
1045,1.29261786210889,0.2737028105080275,MO,2024-01-22,1,1,1,1,1,1,1,1,0,1,1,0,1,1,1,0,1,1,0,1
1046,1.27351668894416,0.2745842869933335,MO,2024-01-23,1,1,1,1,1,1,1,1,0,1,1,1,1,1,1,1,0,1,0,1
1047,1.27912258192838,0.275584827331886,MO,2024-01-24,1,1,1,1,1,1,1,1,0,1,1,1,1,0,1,1,1,1,0,1
1048,NA,NA,MO,2024-01-25,NA,NA,NA,NA,NA,NA,NA,NA,NA,NA,NA,NA,NA,NA,NA,NA,NA,NA,NA,NA
1049,NA,NA,MO,2024-01-26,NA,NA,NA,NA,NA,NA,NA,NA,NA,NA,NA,NA,NA,NA,NA,NA,NA,NA,NA,NA
1050,NA,NA,MO,2024-01-27,NA,NA,NA,NA,NA,NA,NA,NA,NA,NA,NA,NA,NA,NA,NA,NA,NA,NA,NA,NA
1051,NA,NA,MS,2023-12-17,NA,NA,NA,NA,NA,NA,NA,NA,NA,NA,NA,NA,NA,NA,NA,NA,NA,NA,NA,NA
1052,1.08457605288791,0.3422286776897755,MS,2023-12-18,1,1,1,1,1,1,1,1,0,1,1,1,1,1,1,0,1,1,0,1
1053,0.464284219465829,0.3361246538216835,MS,2023-12-19,1,1,1,1,1,1,1,1,1,1,1,1,1,1,1,1,1,1,1,1
1054,NA,NA,MS,2023-12-20,NA,NA,NA,NA,NA,NA,NA,NA,NA,NA,NA,NA,NA,NA,NA,NA,NA,NA,NA,NA
1055,NA,NA,MS,2023-12-21,NA,NA,NA,NA,NA,NA,NA,NA,NA,NA,NA,NA,NA,NA,NA,NA,NA,NA,NA,NA
1056,NA,NA,MS,2023-12-22,NA,NA,NA,NA,NA,NA,NA,NA,NA,NA,NA,NA,NA,NA,NA,NA,NA,NA,NA,NA
1057,NA,NA,MS,2023-12-23,NA,NA,NA,NA,NA,NA,NA,NA,NA,NA,NA,NA,NA,NA,NA,NA,NA,NA,NA,NA
1058,NA,NA,MS,2023-12-24,NA,NA,NA,NA,NA,NA,NA,NA,NA,NA,NA,NA,NA,NA,NA,NA,NA,NA,NA,NA
1059,NA,NA,MS,2023-12-25,NA,NA,NA,NA,NA,NA,NA,NA,NA,NA,NA,NA,NA,NA,NA,NA,NA,NA,NA,NA
1060,NA,NA,MS,2023-12-26,NA,NA,NA,NA,NA,NA,NA,NA,NA,NA,NA,NA,NA,NA,NA,NA,NA,NA,NA,NA
1061,NA,NA,MS,2023-12-27,NA,NA,NA,NA,NA,NA,NA,NA,NA,NA,NA,NA,NA,NA,NA,NA,NA,NA,NA,NA
1062,NA,NA,MS,2023-12-28,NA,NA,NA,NA,NA,NA,NA,NA,NA,NA,NA,NA,NA,NA,NA,NA,NA,NA,NA,NA
1063,NA,NA,MS,2023-12-29,NA,NA,NA,NA,NA,NA,NA,NA,NA,NA,NA,NA,NA,NA,NA,NA,NA,NA,NA,NA
1064,NA,NA,MS,2023-12-30,NA,NA,NA,NA,NA,NA,NA,NA,NA,NA,NA,NA,NA,NA,NA,NA,NA,NA,NA,NA
1065,NA,NA,MS,2023-12-31,NA,NA,NA,NA,NA,NA,NA,NA,NA,NA,NA,NA,NA,NA,NA,NA,NA,NA,NA,NA
1066,NA,NA,MS,2024-01-01,NA,NA,NA,NA,NA,NA,NA,NA,NA,NA,NA,NA,NA,NA,NA,NA,NA,NA,NA,NA
1067,0.883122449044399,0.357065927387689,MS,2024-01-02,1,1,1,1,1,1,1,1,1,1,1,1,0,0,1,1,1,1,0,1
1068,1.12375029570647,0.3402259792081825,MS,2024-01-03,1,0,1,1,1,1,1,1,1,1,1,0,0,1,0,1,1,1,0,1
1069,1.06063560407855,0.3728207347300045,MS,2024-01-04,1,1,1,0,1,1,1,1,1,1,1,1,0,1,1,0,1,1,0,1
1070,1.28525560680909,0.406003034467279,MS,2024-01-05,0,1,1,1,1,0,1,1,1,1,0,1,0,1,1,0,1,1,0,1
1071,NA,NA,MS,2024-01-06,NA,NA,NA,NA,NA,NA,NA,NA,NA,NA,NA,NA,NA,NA,NA,NA,NA,NA,NA,NA
1072,NA,NA,MS,2024-01-07,NA,NA,NA,NA,NA,NA,NA,NA,NA,NA,NA,NA,NA,NA,NA,NA,NA,NA,NA,NA
1073,3.40809502836886,0.287377218180106,MS,2024-01-08,1,1,1,1,1,0,1,1,0,1,1,1,0,0,0,0,1,1,0,1
1074,0.62344765536593,0.268715927317701,MS,2024-01-09,1,1,1,1,1,1,1,1,1,1,1,0,1,1,1,0,1,1,0,1
1075,0.740947366515996,0.2779452882627715,MS,2024-01-10,1,1,1,1,1,1,1,1,1,1,1,1,0,1,1,1,1,1,0,1
1076,1.08372622577417,0.36969530874093,MS,2024-01-11,1,1,1,1,1,1,1,0,1,1,1,1,1,1,1,0,1,0,0,1
1077,0.869048224939391,0.354505425136384,MS,2024-01-12,1,1,1,1,1,1,1,1,1,0,1,1,1,1,1,1,1,1,0,0
1078,NA,NA,MS,2024-01-13,NA,NA,NA,NA,NA,NA,NA,NA,NA,NA,NA,NA,NA,NA,NA,NA,NA,NA,NA,NA
1079,NA,NA,MS,2024-01-14,NA,NA,NA,NA,NA,NA,NA,NA,NA,NA,NA,NA,NA,NA,NA,NA,NA,NA,NA,NA
1080,NA,NA,MS,2024-01-15,NA,NA,NA,NA,NA,NA,NA,NA,NA,NA,NA,NA,NA,NA,NA,NA,NA,NA,NA,NA
1081,NA,NA,MS,2024-01-16,NA,NA,NA,NA,NA,NA,NA,NA,NA,NA,NA,NA,NA,NA,NA,NA,NA,NA,NA,NA
1082,0.844301406713342,0.2332554274055755,MS,2024-01-17,1,1,1,1,1,1,1,1,0,1,1,1,1,1,1,1,1,1,1,1
1083,0.344235886878728,0.2315126424813975,MS,2024-01-18,1,1,1,1,1,1,1,1,1,1,1,1,1,1,1,0,1,1,0,1
1084,0.829545331176591,0.2298409713163135,MS,2024-01-19,1,1,1,1,1,1,1,1,0,1,1,1,1,0,1,1,1,1,0,1
1085,NA,NA,MS,2024-01-20,NA,NA,NA,NA,NA,NA,NA,NA,NA,NA,NA,NA,NA,NA,NA,NA,NA,NA,NA,NA
1086,NA,NA,MS,2024-01-21,NA,NA,NA,NA,NA,NA,NA,NA,NA,NA,NA,NA,NA,NA,NA,NA,NA,NA,NA,NA
1087,0.617912706979656,0.2617960052873275,MS,2024-01-22,1,1,1,1,1,1,1,1,1,1,1,1,1,1,1,1,1,1,1,1
1088,1.27889483684146,0.223793455465496,MS,2024-01-23,1,1,1,1,1,1,1,1,0,1,1,1,1,1,0,0,1,1,0,1
1089,NA,NA,MS,2024-01-24,NA,NA,NA,NA,NA,NA,NA,NA,NA,NA,NA,NA,NA,NA,NA,NA,NA,NA,NA,NA
1090,0.356443081367125,0.2211066758129505,MS,2024-01-25,1,1,1,1,1,1,1,1,1,1,1,1,1,1,1,0,1,1,0,1
1091,1.2658025569887,0.2198367052664245,MS,2024-01-26,1,1,1,1,1,1,1,1,0,1,1,1,0,1,1,0,1,1,0,1
1092,NA,NA,MS,2024-01-27,NA,NA,NA,NA,NA,NA,NA,NA,NA,NA,NA,NA,NA,NA,NA,NA,NA,NA,NA,NA
1093,NA,NA,MT,2023-12-17,NA,NA,NA,NA,NA,NA,NA,NA,NA,NA,NA,NA,NA,NA,NA,NA,NA,NA,NA,NA
1094,NA,NA,MT,2023-12-18,NA,NA,NA,NA,NA,NA,NA,NA,NA,NA,NA,NA,NA,NA,NA,NA,NA,NA,NA,NA
1095,NA,NA,MT,2023-12-19,NA,NA,NA,NA,NA,NA,NA,NA,NA,NA,NA,NA,NA,NA,NA,NA,NA,NA,NA,NA
1096,NA,NA,MT,2023-12-20,NA,NA,NA,NA,NA,NA,NA,NA,NA,NA,NA,NA,NA,NA,NA,NA,NA,NA,NA,NA
1097,NA,NA,MT,2023-12-21,NA,NA,NA,NA,NA,NA,NA,NA,NA,NA,NA,NA,NA,NA,NA,NA,NA,NA,NA,NA
1098,NA,NA,MT,2023-12-22,NA,NA,NA,NA,NA,NA,NA,NA,NA,NA,NA,NA,NA,NA,NA,NA,NA,NA,NA,NA
1099,NA,NA,MT,2023-12-23,NA,NA,NA,NA,NA,NA,NA,NA,NA,NA,NA,NA,NA,NA,NA,NA,NA,NA,NA,NA
1100,NA,NA,MT,2023-12-24,NA,NA,NA,NA,NA,NA,NA,NA,NA,NA,NA,NA,NA,NA,NA,NA,NA,NA,NA,NA
1101,NA,NA,MT,2023-12-25,NA,NA,NA,NA,NA,NA,NA,NA,NA,NA,NA,NA,NA,NA,NA,NA,NA,NA,NA,NA
1102,NA,NA,MT,2023-12-26,NA,NA,NA,NA,NA,NA,NA,NA,NA,NA,NA,NA,NA,NA,NA,NA,NA,NA,NA,NA
1103,NA,NA,MT,2023-12-27,NA,NA,NA,NA,NA,NA,NA,NA,NA,NA,NA,NA,NA,NA,NA,NA,NA,NA,NA,NA
1104,NA,NA,MT,2023-12-28,NA,NA,NA,NA,NA,NA,NA,NA,NA,NA,NA,NA,NA,NA,NA,NA,NA,NA,NA,NA
1105,NA,NA,MT,2023-12-29,NA,NA,NA,NA,NA,NA,NA,NA,NA,NA,NA,NA,NA,NA,NA,NA,NA,NA,NA,NA
1106,NA,NA,MT,2023-12-30,NA,NA,NA,NA,NA,NA,NA,NA,NA,NA,NA,NA,NA,NA,NA,NA,NA,NA,NA,NA
1107,NA,NA,MT,2023-12-31,NA,NA,NA,NA,NA,NA,NA,NA,NA,NA,NA,NA,NA,NA,NA,NA,NA,NA,NA,NA
1108,NA,NA,MT,2024-01-01,NA,NA,NA,NA,NA,NA,NA,NA,NA,NA,NA,NA,NA,NA,NA,NA,NA,NA,NA,NA
1109,NA,NA,MT,2024-01-02,NA,NA,NA,NA,NA,NA,NA,NA,NA,NA,NA,NA,NA,NA,NA,NA,NA,NA,NA,NA
1110,NA,NA,MT,2024-01-03,NA,NA,NA,NA,NA,NA,NA,NA,NA,NA,NA,NA,NA,NA,NA,NA,NA,NA,NA,NA
1111,NA,NA,MT,2024-01-04,NA,NA,NA,NA,NA,NA,NA,NA,NA,NA,NA,NA,NA,NA,NA,NA,NA,NA,NA,NA
1112,NA,NA,MT,2024-01-05,NA,NA,NA,NA,NA,NA,NA,NA,NA,NA,NA,NA,NA,NA,NA,NA,NA,NA,NA,NA
1113,NA,NA,MT,2024-01-06,NA,NA,NA,NA,NA,NA,NA,NA,NA,NA,NA,NA,NA,NA,NA,NA,NA,NA,NA,NA
1114,NA,NA,MT,2024-01-07,NA,NA,NA,NA,NA,NA,NA,NA,NA,NA,NA,NA,NA,NA,NA,NA,NA,NA,NA,NA
1115,NA,NA,MT,2024-01-08,NA,NA,NA,NA,NA,NA,NA,NA,NA,NA,NA,NA,NA,NA,NA,NA,NA,NA,NA,NA
1116,NA,NA,MT,2024-01-09,NA,NA,NA,NA,NA,NA,NA,NA,NA,NA,NA,NA,NA,NA,NA,NA,NA,NA,NA,NA
1117,NA,NA,MT,2024-01-10,NA,NA,NA,NA,NA,NA,NA,NA,NA,NA,NA,NA,NA,NA,NA,NA,NA,NA,NA,NA
1118,NA,NA,MT,2024-01-11,NA,NA,NA,NA,NA,NA,NA,NA,NA,NA,NA,NA,NA,NA,NA,NA,NA,NA,NA,NA
1119,NA,NA,MT,2024-01-12,NA,NA,NA,NA,NA,NA,NA,NA,NA,NA,NA,NA,NA,NA,NA,NA,NA,NA,NA,NA
1120,NA,NA,MT,2024-01-13,NA,NA,NA,NA,NA,NA,NA,NA,NA,NA,NA,NA,NA,NA,NA,NA,NA,NA,NA,NA
1121,NA,NA,MT,2024-01-14,NA,NA,NA,NA,NA,NA,NA,NA,NA,NA,NA,NA,NA,NA,NA,NA,NA,NA,NA,NA
1122,NA,NA,MT,2024-01-15,NA,NA,NA,NA,NA,NA,NA,NA,NA,NA,NA,NA,NA,NA,NA,NA,NA,NA,NA,NA
1123,NA,NA,MT,2024-01-16,NA,NA,NA,NA,NA,NA,NA,NA,NA,NA,NA,NA,NA,NA,NA,NA,NA,NA,NA,NA
1124,NA,NA,MT,2024-01-17,NA,NA,NA,NA,NA,NA,NA,NA,NA,NA,NA,NA,NA,NA,NA,NA,NA,NA,NA,NA
1125,NA,NA,MT,2024-01-18,NA,NA,NA,NA,NA,NA,NA,NA,NA,NA,NA,NA,NA,NA,NA,NA,NA,NA,NA,NA
1126,NA,NA,MT,2024-01-19,NA,NA,NA,NA,NA,NA,NA,NA,NA,NA,NA,NA,NA,NA,NA,NA,NA,NA,NA,NA
1127,NA,NA,MT,2024-01-20,NA,NA,NA,NA,NA,NA,NA,NA,NA,NA,NA,NA,NA,NA,NA,NA,NA,NA,NA,NA
1128,NA,NA,MT,2024-01-21,NA,NA,NA,NA,NA,NA,NA,NA,NA,NA,NA,NA,NA,NA,NA,NA,NA,NA,NA,NA
1129,NA,NA,MT,2024-01-22,NA,NA,NA,NA,NA,NA,NA,NA,NA,NA,NA,NA,NA,NA,NA,NA,NA,NA,NA,NA
1130,NA,NA,MT,2024-01-23,NA,NA,NA,NA,NA,NA,NA,NA,NA,NA,NA,NA,NA,NA,NA,NA,NA,NA,NA,NA
1131,NA,NA,MT,2024-01-24,NA,NA,NA,NA,NA,NA,NA,NA,NA,NA,NA,NA,NA,NA,NA,NA,NA,NA,NA,NA
1132,NA,NA,MT,2024-01-25,NA,NA,NA,NA,NA,NA,NA,NA,NA,NA,NA,NA,NA,NA,NA,NA,NA,NA,NA,NA
1133,NA,NA,MT,2024-01-26,NA,NA,NA,NA,NA,NA,NA,NA,NA,NA,NA,NA,NA,NA,NA,NA,NA,NA,NA,NA
1134,NA,NA,MT,2024-01-27,NA,NA,NA,NA,NA,NA,NA,NA,NA,NA,NA,NA,NA,NA,NA,NA,NA,NA,NA,NA
1135,1.71976809064553,0.415571914489365,NC,2023-12-17,0,1,1,0,1,1,1,1,0,0,0,1,1,0,1,0,1,1,0,0
1136,2.25885923683026,0.4564303368086375,NC,2023-12-18,1,0,1,1,1,0,1,1,1,0,1,0,1,1,1,0,1,0,1,0
1137,2.57346800362057,0.331627436339841,NC,2023-12-19,1,0,1,1,1,0,1,1,1,1,1,0,0,0,0,1,1,1,0,1
1138,1.59141638966929,0.398966602098051,NC,2023-12-20,1,1,1,1,0,1,1,1,1,0,1,1,1,1,1,0,1,0,1,0
1139,0.68652429862837006,0.285290263398887,NC,2023-12-21,1,1,1,1,1,1,1,1,1,1,1,1,1,1,1,1,1,1,1,1
1140,1.64992647946835,0.3955146796352465,NC,2023-12-22,0,1,1,1,1,0,1,1,1,1,0,0,1,1,0,1,1,1,0,1
1141,NA,NA,NC,2023-12-23,NA,NA,NA,NA,NA,NA,NA,NA,NA,NA,NA,NA,NA,NA,NA,NA,NA,NA,NA,NA
1142,NA,NA,NC,2023-12-24,NA,NA,NA,NA,NA,NA,NA,NA,NA,NA,NA,NA,NA,NA,NA,NA,NA,NA,NA,NA
1143,0.345562815215351,0.257958477411874,NC,2023-12-25,1,1,1,1,1,1,1,1,1,1,1,1,1,1,1,1,1,1,0,0
1144,1.6181512024582,0.4008930568534425,NC,2023-12-26,1,1,1,1,0,1,0,1,1,1,0,1,0,1,0,0,0,0,1,1
1145,1.7056434418808,0.323120154498673,NC,2023-12-27,1,0,1,1,1,1,1,1,0,1,0,0,0,0,1,0,1,1,0,0
1146,4.24252510822573,0.3258221573786555,NC,2023-12-28,1,1,1,0,1,0,1,1,0,1,0,0,1,0,1,0,1,0,0,1
1147,2.55418554849366,0.44549878148638,NC,2023-12-29,1,0,1,1,1,0,0,0,1,1,0,0,0,1,0,0,0,0,0,0
1148,NA,NA,NC,2023-12-30,NA,NA,NA,NA,NA,NA,NA,NA,NA,NA,NA,NA,NA,NA,NA,NA,NA,NA,NA,NA
1149,0.536516771496121,0.2549562118618655,NC,2023-12-31,1,1,1,1,1,1,1,1,1,1,1,1,1,1,1,1,1,0,0,1
1150,NA,NA,NC,2024-01-01,NA,NA,NA,NA,NA,NA,NA,NA,NA,NA,NA,NA,NA,NA,NA,NA,NA,NA,NA,NA
1151,1.77074121102873,0.3731587023104315,NC,2024-01-02,1,1,1,1,1,1,1,1,1,0,0,1,1,0,1,0,0,1,1,0
1152,1.72205300044519,0.4149293439920215,NC,2024-01-03,0,1,1,0,1,1,1,1,1,1,0,1,1,0,1,0,1,0,0,1
1153,1.70802349277975,0.351562810769066,NC,2024-01-04,1,1,1,1,0,1,1,1,1,0,0,1,0,1,0,0,1,0,1,0
1154,1.60797477517337,0.331495527975531,NC,2024-01-05,1,1,1,1,1,1,0,1,1,1,1,0,0,1,1,0,0,0,0,1
1155,NA,NA,NC,2024-01-06,NA,NA,NA,NA,NA,NA,NA,NA,NA,NA,NA,NA,NA,NA,NA,NA,NA,NA,NA,NA
1156,NA,NA,NC,2024-01-07,NA,NA,NA,NA,NA,NA,NA,NA,NA,NA,NA,NA,NA,NA,NA,NA,NA,NA,NA,NA
1157,1.4851749803549401,0.246925147620286,NC,2024-01-08,1,1,1,1,1,1,0,1,0,1,1,1,0,0,1,0,0,1,0,1
1158,1.79700955850694,0.142450725864298,NC,2024-01-09,1,1,1,1,1,1,1,1,0,1,1,0,1,0,1,1,1,1,0,1
1159,1.28353230137942,0.1361760852516475,NC,2024-01-10,1,1,1,1,1,1,1,1,0,1,0,1,0,1,1,1,1,1,0,1
1160,0.933048103209476,0.295907872671089,NC,2024-01-11,1,1,1,1,1,1,1,1,1,1,1,0,1,1,1,1,1,0,0,0
1161,1.21381946446934,0.2327320057582715,NC,2024-01-12,1,1,1,1,0,1,1,1,1,1,1,1,1,1,0,0,1,0,0,1
1162,0.891484577242024,0.654438304590005,NC,2024-01-13,1,1,1,0,1,1,1,1,1,1,1,1,1,0,1,0,1,1,1,1
1163,NA,NA,NC,2024-01-14,NA,NA,NA,NA,NA,NA,NA,NA,NA,NA,NA,NA,NA,NA,NA,NA,NA,NA,NA,NA
1164,1.13826147353635,0.2212098715271,NC,2024-01-15,0,1,1,1,1,1,1,1,1,1,0,1,1,1,1,1,1,1,0,1
1165,1.44652288779145,0.102444802078566,NC,2024-01-16,1,1,1,1,1,1,1,1,0,1,1,0,1,1,1,1,1,0,0,1
1166,1.07773889147057,0.3887421374961215,NC,2024-01-17,0,1,1,1,1,1,1,1,1,0,0,1,1,1,1,0,1,1,0,1
1167,1.52587264676464,0.1968277729860475,NC,2024-01-18,0,1,1,1,1,1,1,1,0,1,0,1,1,1,1,0,1,0,0,0
1168,2.62903748737639,0.2070558875833485,NC,2024-01-19,1,1,1,1,1,1,0,1,0,1,0,0,1,1,1,1,0,0,0,1
1169,NA,NA,NC,2024-01-20,NA,NA,NA,NA,NA,NA,NA,NA,NA,NA,NA,NA,NA,NA,NA,NA,NA,NA,NA,NA
1170,NA,NA,NC,2024-01-21,NA,NA,NA,NA,NA,NA,NA,NA,NA,NA,NA,NA,NA,NA,NA,NA,NA,NA,NA,NA
1171,2.05994452453906,0.121294617793279,NC,2024-01-22,1,1,1,1,1,1,1,1,0,1,1,0,1,1,1,0,1,0,0,1
1172,0.587194036602541,0.331738388927361,NC,2024-01-23,1,1,1,1,1,0,1,1,1,1,1,1,0,1,1,0,1,1,1,1
1173,1.70349811822398,0.067625400430776,NC,2024-01-24,1,1,1,1,1,1,1,1,0,1,1,1,1,1,0,0,1,1,0,1
1174,1.69554483313689,0.137731034526002,NC,2024-01-25,1,1,1,1,0,1,1,1,0,1,1,1,1,1,0,1,1,1,0,1
1175,1.11456864404063,0.151446616257881,NC,2024-01-26,1,1,1,1,1,1,1,1,1,1,1,0,1,0,0,0,1,1,0,1
1176,0.105294761541387,0.057349856537438,NC,2024-01-27,1,1,1,1,1,1,1,1,1,1,1,1,1,1,1,1,1,0,0,1
1177,NA,NA,ND,2023-12-17,NA,NA,NA,NA,NA,NA,NA,NA,NA,NA,NA,NA,NA,NA,NA,NA,NA,NA,NA,NA
1178,0.790377090100805,0.4260232640782355,ND,2023-12-18,1,1,0,1,1,1,1,1,1,1,1,0,0,1,1,1,1,1,1,1
1179,1.9066656257035,0.4025383714207775,ND,2023-12-19,1,1,1,1,1,0,1,1,1,0,1,1,0,1,1,0,1,0,0,0
1180,0.383355848444687,0.2576264522425775,ND,2023-12-20,1,1,1,1,1,1,1,1,1,1,1,1,1,1,1,0,1,1,0,1
1181,0.878707196540476,0.252610388930993,ND,2023-12-21,1,1,1,1,1,1,1,1,0,1,1,1,1,1,1,0,1,1,0,1
1182,NA,NA,ND,2023-12-22,NA,NA,NA,NA,NA,NA,NA,NA,NA,NA,NA,NA,NA,NA,NA,NA,NA,NA,NA,NA
1183,NA,NA,ND,2023-12-23,NA,NA,NA,NA,NA,NA,NA,NA,NA,NA,NA,NA,NA,NA,NA,NA,NA,NA,NA,NA
1184,NA,NA,ND,2023-12-24,NA,NA,NA,NA,NA,NA,NA,NA,NA,NA,NA,NA,NA,NA,NA,NA,NA,NA,NA,NA
1185,NA,NA,ND,2023-12-25,NA,NA,NA,NA,NA,NA,NA,NA,NA,NA,NA,NA,NA,NA,NA,NA,NA,NA,NA,NA
1186,0.333880124301127,0.230371462978721,ND,2023-12-26,1,1,1,1,1,1,1,1,1,1,1,1,1,1,1,0,1,1,0,1
1187,0.778143180275639,0.391216694850133,ND,2023-12-27,1,1,1,1,0,1,1,1,1,1,1,1,0,1,0,0,1,0,0,0
1188,0.853806236998494,0.610105296375995,ND,2023-12-28,1,1,1,1,1,1,0,1,1,1,1,0,1,1,1,1,0,1,1,1
1189,0.761820415294297,0.386621857871019,ND,2023-12-29,1,0,1,1,1,1,1,1,1,1,0,0,0,1,1,1,1,1,0,1
1190,NA,NA,ND,2023-12-30,NA,NA,NA,NA,NA,NA,NA,NA,NA,NA,NA,NA,NA,NA,NA,NA,NA,NA,NA,NA
1191,NA,NA,ND,2023-12-31,NA,NA,NA,NA,NA,NA,NA,NA,NA,NA,NA,NA,NA,NA,NA,NA,NA,NA,NA,NA
1192,NA,NA,ND,2024-01-01,NA,NA,NA,NA,NA,NA,NA,NA,NA,NA,NA,NA,NA,NA,NA,NA,NA,NA,NA,NA
1193,0.305510957767305,0.206234255472646,ND,2024-01-02,1,1,1,1,1,1,1,1,1,1,1,1,1,1,1,0,1,1,0,1
1194,0.981401110393848,0.3289366310135385,ND,2024-01-03,1,1,1,1,1,1,1,1,1,0,1,1,1,1,1,0,1,1,0,0
1195,NA,NA,ND,2024-01-04,NA,NA,NA,NA,NA,NA,NA,NA,NA,NA,NA,NA,NA,NA,NA,NA,NA,NA,NA,NA
1196,NA,NA,ND,2024-01-05,NA,NA,NA,NA,NA,NA,NA,NA,NA,NA,NA,NA,NA,NA,NA,NA,NA,NA,NA,NA
1197,NA,NA,ND,2024-01-06,NA,NA,NA,NA,NA,NA,NA,NA,NA,NA,NA,NA,NA,NA,NA,NA,NA,NA,NA,NA
1198,NA,NA,ND,2024-01-07,NA,NA,NA,NA,NA,NA,NA,NA,NA,NA,NA,NA,NA,NA,NA,NA,NA,NA,NA,NA
1199,NA,NA,ND,2024-01-08,NA,NA,NA,NA,NA,NA,NA,NA,NA,NA,NA,NA,NA,NA,NA,NA,NA,NA,NA,NA
1200,NA,NA,ND,2024-01-09,NA,NA,NA,NA,NA,NA,NA,NA,NA,NA,NA,NA,NA,NA,NA,NA,NA,NA,NA,NA
1201,NA,NA,ND,2024-01-10,NA,NA,NA,NA,NA,NA,NA,NA,NA,NA,NA,NA,NA,NA,NA,NA,NA,NA,NA,NA
1202,NA,NA,ND,2024-01-11,NA,NA,NA,NA,NA,NA,NA,NA,NA,NA,NA,NA,NA,NA,NA,NA,NA,NA,NA,NA
1203,NA,NA,ND,2024-01-12,NA,NA,NA,NA,NA,NA,NA,NA,NA,NA,NA,NA,NA,NA,NA,NA,NA,NA,NA,NA
1204,NA,NA,ND,2024-01-13,NA,NA,NA,NA,NA,NA,NA,NA,NA,NA,NA,NA,NA,NA,NA,NA,NA,NA,NA,NA
1205,NA,NA,ND,2024-01-14,NA,NA,NA,NA,NA,NA,NA,NA,NA,NA,NA,NA,NA,NA,NA,NA,NA,NA,NA,NA
1206,NA,NA,ND,2024-01-15,NA,NA,NA,NA,NA,NA,NA,NA,NA,NA,NA,NA,NA,NA,NA,NA,NA,NA,NA,NA
1207,NA,NA,ND,2024-01-16,NA,NA,NA,NA,NA,NA,NA,NA,NA,NA,NA,NA,NA,NA,NA,NA,NA,NA,NA,NA
1208,NA,NA,ND,2024-01-17,NA,NA,NA,NA,NA,NA,NA,NA,NA,NA,NA,NA,NA,NA,NA,NA,NA,NA,NA,NA
1209,NA,NA,ND,2024-01-18,NA,NA,NA,NA,NA,NA,NA,NA,NA,NA,NA,NA,NA,NA,NA,NA,NA,NA,NA,NA
1210,0.3007386375059,0.169783955707934,ND,2024-01-19,1,1,1,1,1,1,1,1,1,1,1,1,1,1,1,0,1,1,0,1
1211,NA,NA,ND,2024-01-20,NA,NA,NA,NA,NA,NA,NA,NA,NA,NA,NA,NA,NA,NA,NA,NA,NA,NA,NA,NA
1212,NA,NA,ND,2024-01-21,NA,NA,NA,NA,NA,NA,NA,NA,NA,NA,NA,NA,NA,NA,NA,NA,NA,NA,NA,NA
1213,NA,NA,ND,2024-01-22,NA,NA,NA,NA,NA,NA,NA,NA,NA,NA,NA,NA,NA,NA,NA,NA,NA,NA,NA,NA
1214,NA,NA,ND,2024-01-23,NA,NA,NA,NA,NA,NA,NA,NA,NA,NA,NA,NA,NA,NA,NA,NA,NA,NA,NA,NA
1215,NA,NA,ND,2024-01-24,NA,NA,NA,NA,NA,NA,NA,NA,NA,NA,NA,NA,NA,NA,NA,NA,NA,NA,NA,NA
1216,0.287626869578795,0.160575595957469,ND,2024-01-25,1,1,1,1,1,1,1,1,1,1,1,1,0,1,1,1,1,1,0,1
1217,0.667702219875829,0.1590944918509215,ND,2024-01-26,1,1,1,1,1,1,1,1,0,1,1,1,1,1,1,0,1,1,0,1
1218,0.753373916663498,0.3783264704310395,ND,2024-01-27,1,0,1,1,1,1,1,1,1,1,1,1,1,1,1,1,1,1,1,1
1219,NA,NA,NE,2023-12-17,NA,NA,NA,NA,NA,NA,NA,NA,NA,NA,NA,NA,NA,NA,NA,NA,NA,NA,NA,NA
1220,NA,NA,NE,2023-12-18,NA,NA,NA,NA,NA,NA,NA,NA,NA,NA,NA,NA,NA,NA,NA,NA,NA,NA,NA,NA
1221,NA,NA,NE,2023-12-19,NA,NA,NA,NA,NA,NA,NA,NA,NA,NA,NA,NA,NA,NA,NA,NA,NA,NA,NA,NA
1222,NA,NA,NE,2023-12-20,NA,NA,NA,NA,NA,NA,NA,NA,NA,NA,NA,NA,NA,NA,NA,NA,NA,NA,NA,NA
1223,NA,NA,NE,2023-12-21,NA,NA,NA,NA,NA,NA,NA,NA,NA,NA,NA,NA,NA,NA,NA,NA,NA,NA,NA,NA
1224,NA,NA,NE,2023-12-22,NA,NA,NA,NA,NA,NA,NA,NA,NA,NA,NA,NA,NA,NA,NA,NA,NA,NA,NA,NA
1225,NA,NA,NE,2023-12-23,NA,NA,NA,NA,NA,NA,NA,NA,NA,NA,NA,NA,NA,NA,NA,NA,NA,NA,NA,NA
1226,NA,NA,NE,2023-12-24,NA,NA,NA,NA,NA,NA,NA,NA,NA,NA,NA,NA,NA,NA,NA,NA,NA,NA,NA,NA
1227,NA,NA,NE,2023-12-25,NA,NA,NA,NA,NA,NA,NA,NA,NA,NA,NA,NA,NA,NA,NA,NA,NA,NA,NA,NA
1228,NA,NA,NE,2023-12-26,NA,NA,NA,NA,NA,NA,NA,NA,NA,NA,NA,NA,NA,NA,NA,NA,NA,NA,NA,NA
1229,NA,NA,NE,2023-12-27,NA,NA,NA,NA,NA,NA,NA,NA,NA,NA,NA,NA,NA,NA,NA,NA,NA,NA,NA,NA
1230,NA,NA,NE,2023-12-28,NA,NA,NA,NA,NA,NA,NA,NA,NA,NA,NA,NA,NA,NA,NA,NA,NA,NA,NA,NA
1231,NA,NA,NE,2023-12-29,NA,NA,NA,NA,NA,NA,NA,NA,NA,NA,NA,NA,NA,NA,NA,NA,NA,NA,NA,NA
1232,NA,NA,NE,2023-12-30,NA,NA,NA,NA,NA,NA,NA,NA,NA,NA,NA,NA,NA,NA,NA,NA,NA,NA,NA,NA
1233,NA,NA,NE,2023-12-31,NA,NA,NA,NA,NA,NA,NA,NA,NA,NA,NA,NA,NA,NA,NA,NA,NA,NA,NA,NA
1234,NA,NA,NE,2024-01-01,NA,NA,NA,NA,NA,NA,NA,NA,NA,NA,NA,NA,NA,NA,NA,NA,NA,NA,NA,NA
1235,NA,NA,NE,2024-01-02,NA,NA,NA,NA,NA,NA,NA,NA,NA,NA,NA,NA,NA,NA,NA,NA,NA,NA,NA,NA
1236,NA,NA,NE,2024-01-03,NA,NA,NA,NA,NA,NA,NA,NA,NA,NA,NA,NA,NA,NA,NA,NA,NA,NA,NA,NA
1237,NA,NA,NE,2024-01-04,NA,NA,NA,NA,NA,NA,NA,NA,NA,NA,NA,NA,NA,NA,NA,NA,NA,NA,NA,NA
1238,0.278021021914728,0.146463232265225,NE,2024-01-05,1,1,1,1,1,1,1,1,1,1,1,1,1,1,1,1,1,1,1,1
1239,NA,NA,NE,2024-01-06,NA,NA,NA,NA,NA,NA,NA,NA,NA,NA,NA,NA,NA,NA,NA,NA,NA,NA,NA,NA
1240,NA,NA,NE,2024-01-07,NA,NA,NA,NA,NA,NA,NA,NA,NA,NA,NA,NA,NA,NA,NA,NA,NA,NA,NA,NA
1241,NA,NA,NE,2024-01-08,NA,NA,NA,NA,NA,NA,NA,NA,NA,NA,NA,NA,NA,NA,NA,NA,NA,NA,NA,NA
1242,NA,NA,NE,2024-01-09,NA,NA,NA,NA,NA,NA,NA,NA,NA,NA,NA,NA,NA,NA,NA,NA,NA,NA,NA,NA
1243,NA,NA,NE,2024-01-10,NA,NA,NA,NA,NA,NA,NA,NA,NA,NA,NA,NA,NA,NA,NA,NA,NA,NA,NA,NA
1244,NA,NA,NE,2024-01-11,NA,NA,NA,NA,NA,NA,NA,NA,NA,NA,NA,NA,NA,NA,NA,NA,NA,NA,NA,NA
1245,NA,NA,NE,2024-01-12,NA,NA,NA,NA,NA,NA,NA,NA,NA,NA,NA,NA,NA,NA,NA,NA,NA,NA,NA,NA
1246,NA,NA,NE,2024-01-13,NA,NA,NA,NA,NA,NA,NA,NA,NA,NA,NA,NA,NA,NA,NA,NA,NA,NA,NA,NA
1247,NA,NA,NE,2024-01-14,NA,NA,NA,NA,NA,NA,NA,NA,NA,NA,NA,NA,NA,NA,NA,NA,NA,NA,NA,NA
1248,NA,NA,NE,2024-01-15,NA,NA,NA,NA,NA,NA,NA,NA,NA,NA,NA,NA,NA,NA,NA,NA,NA,NA,NA,NA
1249,NA,NA,NE,2024-01-16,NA,NA,NA,NA,NA,NA,NA,NA,NA,NA,NA,NA,NA,NA,NA,NA,NA,NA,NA,NA
1250,NA,NA,NE,2024-01-17,NA,NA,NA,NA,NA,NA,NA,NA,NA,NA,NA,NA,NA,NA,NA,NA,NA,NA,NA,NA
1251,NA,NA,NE,2024-01-18,NA,NA,NA,NA,NA,NA,NA,NA,NA,NA,NA,NA,NA,NA,NA,NA,NA,NA,NA,NA
1252,NA,NA,NE,2024-01-19,NA,NA,NA,NA,NA,NA,NA,NA,NA,NA,NA,NA,NA,NA,NA,NA,NA,NA,NA,NA
1253,NA,NA,NE,2024-01-20,NA,NA,NA,NA,NA,NA,NA,NA,NA,NA,NA,NA,NA,NA,NA,NA,NA,NA,NA,NA
1254,NA,NA,NE,2024-01-21,NA,NA,NA,NA,NA,NA,NA,NA,NA,NA,NA,NA,NA,NA,NA,NA,NA,NA,NA,NA
1255,NA,NA,NE,2024-01-22,NA,NA,NA,NA,NA,NA,NA,NA,NA,NA,NA,NA,NA,NA,NA,NA,NA,NA,NA,NA
1256,NA,NA,NE,2024-01-23,NA,NA,NA,NA,NA,NA,NA,NA,NA,NA,NA,NA,NA,NA,NA,NA,NA,NA,NA,NA
1257,NA,NA,NE,2024-01-24,NA,NA,NA,NA,NA,NA,NA,NA,NA,NA,NA,NA,NA,NA,NA,NA,NA,NA,NA,NA
1258,NA,NA,NE,2024-01-25,NA,NA,NA,NA,NA,NA,NA,NA,NA,NA,NA,NA,NA,NA,NA,NA,NA,NA,NA,NA
1259,NA,NA,NE,2024-01-26,NA,NA,NA,NA,NA,NA,NA,NA,NA,NA,NA,NA,NA,NA,NA,NA,NA,NA,NA,NA
1260,NA,NA,NE,2024-01-27,NA,NA,NA,NA,NA,NA,NA,NA,NA,NA,NA,NA,NA,NA,NA,NA,NA,NA,NA,NA
1261,NA,NA,NH,2023-12-17,NA,NA,NA,NA,NA,NA,NA,NA,NA,NA,NA,NA,NA,NA,NA,NA,NA,NA,NA,NA
1262,0.221302544470126,0.1539135681054705,NH,2023-12-18,1,1,1,1,1,1,1,1,1,1,1,1,1,1,1,0,1,1,0,1
1263,0.233789625958749,0.1474368720931835,NH,2023-12-19,1,1,1,1,1,1,1,1,1,1,1,1,1,1,1,1,1,1,1,1
1264,0.864820839170541,0.615781392380715,NH,2023-12-20,1,1,1,1,1,1,1,0,1,1,1,1,1,1,1,1,1,0,0,1
1265,0.220946304072307,0.135609439573121,NH,2023-12-21,1,1,1,1,1,1,1,1,1,1,1,1,1,1,1,1,1,1,1,1
1266,0.843276441063042,0.60315953623898,NH,2023-12-22,1,1,0,1,1,1,1,1,1,1,1,1,0,1,1,1,1,1,0,1
1267,0.203469141745938,0.12518293973047,NH,2023-12-23,1,1,1,1,1,1,1,1,1,1,1,0,1,1,1,1,1,1,0,1
1268,0.190559945794702,0.1204574066478655,NH,2023-12-24,1,1,1,1,1,1,1,1,1,1,1,1,1,1,1,1,1,0,0,1
1269,NA,NA,NH,2023-12-25,NA,NA,NA,NA,NA,NA,NA,NA,NA,NA,NA,NA,NA,NA,NA,NA,NA,NA,NA,NA
1270,NA,NA,NH,2023-12-26,NA,NA,NA,NA,NA,NA,NA,NA,NA,NA,NA,NA,NA,NA,NA,NA,NA,NA,NA,NA
1271,0.454087548570496,0.242915465196918,NH,2023-12-27,1,1,1,1,1,1,1,1,1,1,1,1,0,1,1,1,1,1,0,1
1272,0.916445291064936,0.653990637050665,NH,2023-12-28,1,0,1,1,1,1,1,1,1,1,1,0,1,1,1,1,1,1,0,1
1273,0.461897205263024,0.101134988839512,NH,2023-12-29,1,1,1,1,1,1,1,1,1,1,1,1,1,1,1,0,1,1,0,1
1274,0.695086771862972,0.53436645975242,NH,2023-12-30,1,1,1,1,1,0,1,1,1,1,1,0,1,1,1,0,1,1,1,1
1275,0.168430261264163,0.0951723651387855,NH,2023-12-31,1,1,1,1,1,1,1,1,1,1,1,0,1,1,1,1,1,1,0,1
1276,NA,NA,NH,2024-01-01,NA,NA,NA,NA,NA,NA,NA,NA,NA,NA,NA,NA,NA,NA,NA,NA,NA,NA,NA,NA
1277,0.152964605599017,0.090082063377137,NH,2024-01-02,1,1,1,1,1,1,1,1,1,1,1,1,1,1,1,0,1,1,0,1
1278,NA,NA,NH,2024-01-03,NA,NA,NA,NA,NA,NA,NA,NA,NA,NA,NA,NA,NA,NA,NA,NA,NA,NA,NA,NA
1279,NA,NA,NH,2024-01-04,NA,NA,NA,NA,NA,NA,NA,NA,NA,NA,NA,NA,NA,NA,NA,NA,NA,NA,NA,NA
1280,0.147945915220399,0.0839182530587355,NH,2024-01-05,1,1,1,1,1,1,1,1,1,1,1,0,1,1,1,1,1,1,0,1
1281,NA,NA,NH,2024-01-06,NA,NA,NA,NA,NA,NA,NA,NA,NA,NA,NA,NA,NA,NA,NA,NA,NA,NA,NA,NA
1282,NA,NA,NH,2024-01-07,NA,NA,NA,NA,NA,NA,NA,NA,NA,NA,NA,NA,NA,NA,NA,NA,NA,NA,NA,NA
1283,0.137684890732739,0.0793359451306125,NH,2024-01-08,1,1,1,1,1,1,1,1,1,1,1,1,1,1,1,0,1,1,0,1
1284,0.129564872440446,0.078130754456532,NH,2024-01-09,1,1,1,1,1,1,1,1,1,1,1,1,1,1,1,1,1,1,1,1
1285,NA,NA,NH,2024-01-10,NA,NA,NA,NA,NA,NA,NA,NA,NA,NA,NA,NA,NA,NA,NA,NA,NA,NA,NA,NA
1286,NA,NA,NH,2024-01-11,NA,NA,NA,NA,NA,NA,NA,NA,NA,NA,NA,NA,NA,NA,NA,NA,NA,NA,NA,NA
1287,NA,NA,NH,2024-01-12,NA,NA,NA,NA,NA,NA,NA,NA,NA,NA,NA,NA,NA,NA,NA,NA,NA,NA,NA,NA
1288,NA,NA,NH,2024-01-13,NA,NA,NA,NA,NA,NA,NA,NA,NA,NA,NA,NA,NA,NA,NA,NA,NA,NA,NA,NA
1289,0.125641377328786,0.0743161631651655,NH,2024-01-14,1,1,1,1,1,1,1,1,1,1,1,1,1,1,1,1,1,1,1,1
1290,0.139560123772291,0.07397200707597,NH,2024-01-15,1,1,1,1,1,1,1,1,1,1,1,1,1,1,1,1,1,0,0,1
1291,NA,NA,NH,2024-01-16,NA,NA,NA,NA,NA,NA,NA,NA,NA,NA,NA,NA,NA,NA,NA,NA,NA,NA,NA,NA
1292,0.612764124278994,0.0736827566746735,NH,2024-01-17,1,1,1,1,1,1,1,1,1,1,1,1,1,1,1,1,1,1,1,1
1293,NA,NA,NH,2024-01-18,NA,NA,NA,NA,NA,NA,NA,NA,NA,NA,NA,NA,NA,NA,NA,NA,NA,NA,NA,NA
1294,NA,NA,NH,2024-01-19,NA,NA,NA,NA,NA,NA,NA,NA,NA,NA,NA,NA,NA,NA,NA,NA,NA,NA,NA,NA
1295,NA,NA,NH,2024-01-20,NA,NA,NA,NA,NA,NA,NA,NA,NA,NA,NA,NA,NA,NA,NA,NA,NA,NA,NA,NA
1296,NA,NA,NH,2024-01-21,NA,NA,NA,NA,NA,NA,NA,NA,NA,NA,NA,NA,NA,NA,NA,NA,NA,NA,NA,NA
1297,NA,NA,NH,2024-01-22,NA,NA,NA,NA,NA,NA,NA,NA,NA,NA,NA,NA,NA,NA,NA,NA,NA,NA,NA,NA
1298,NA,NA,NH,2024-01-23,NA,NA,NA,NA,NA,NA,NA,NA,NA,NA,NA,NA,NA,NA,NA,NA,NA,NA,NA,NA
1299,NA,NA,NH,2024-01-24,NA,NA,NA,NA,NA,NA,NA,NA,NA,NA,NA,NA,NA,NA,NA,NA,NA,NA,NA,NA
1300,0.12399500646655,0.077639893624285,NH,2024-01-25,1,1,1,1,1,1,1,1,1,1,1,1,1,1,1,1,1,1,1,1
1301,NA,NA,NH,2024-01-26,NA,NA,NA,NA,NA,NA,NA,NA,NA,NA,NA,NA,NA,NA,NA,NA,NA,NA,NA,NA
1302,NA,NA,NH,2024-01-27,NA,NA,NA,NA,NA,NA,NA,NA,NA,NA,NA,NA,NA,NA,NA,NA,NA,NA,NA,NA
1303,0.913522854837484,0.2034598115035955,NJ,2023-12-17,1,1,1,1,1,1,1,1,1,1,1,1,1,0,1,1,1,0,0,1
1304,2.26816901962425,0.2902145383399915,NJ,2023-12-18,1,0,1,1,0,1,1,1,1,1,1,0,1,0,0,0,1,1,0,0
1305,3.48224050144378,0.191473852655607,NJ,2023-12-19,1,1,1,1,1,0,1,1,0,1,1,1,0,1,1,0,1,0,0,1
1306,2.81457381188852,0.251238209671537,NJ,2023-12-20,1,0,1,1,1,1,1,1,1,1,1,0,0,0,1,0,1,0,0,0
1307,1.46906503487105,0.266778929477135,NJ,2023-12-21,1,0,1,1,1,1,1,1,1,1,0,0,1,1,1,0,1,0,0,0
1308,2.34348611099875,0.2644069887387225,NJ,2023-12-22,1,1,1,1,1,1,1,0,1,1,1,0,0,1,1,0,1,0,0,1
1309,2.00647856082029,0.2713810210266785,NJ,2023-12-23,1,1,1,0,1,1,1,1,1,1,1,0,0,0,1,0,1,1,0,1
1310,2.14040658874878,0.3036002107695985,NJ,2023-12-24,0,1,1,1,1,0,1,1,1,1,0,0,0,1,1,0,1,1,0,0
1311,1.28359062902047,0.3071552817863825,NJ,2023-12-25,1,1,1,1,1,1,1,1,1,0,1,1,0,1,1,0,1,1,0,0
1312,4.63094498914569,0.2115990876021235,NJ,2023-12-26,1,1,0,1,1,1,1,0,1,1,1,0,0,0,0,0,1,0,0,0
1313,3.16248670244921,0.244901065027983,NJ,2023-12-27,1,0,0,1,1,1,1,1,1,1,0,1,0,0,1,0,1,0,0,0
1314,3.0744209202914,0.243088630657356,NJ,2023-12-28,0,1,1,1,1,1,1,1,1,1,0,0,1,0,1,0,1,0,0,0
1315,3.32674374443854,0.208351603639588,NJ,2023-12-29,1,1,1,0,1,1,0,1,1,1,1,0,1,0,1,0,0,1,0,1
1316,2.98449082657067,0.1782479997562055,NJ,2023-12-30,1,1,1,1,1,0,0,1,1,1,1,1,0,0,1,0,0,0,0,0
1317,2.34977500436256,0.04907412194779765,NJ,2023-12-31,1,1,1,1,1,0,1,1,0,1,1,0,1,1,1,0,1,1,0,1
1318,3.32367096470564,0.1186439241921645,NJ,2024-01-01,1,1,1,0,1,0,1,1,0,1,1,0,1,0,1,0,1,0,1,1
1319,3.68725574317229,0.1860270915819825,NJ,2024-01-02,1,1,1,0,1,1,0,1,1,1,1,0,0,0,1,0,0,0,0,1
1320,4.14870704051458,0.1580973686286195,NJ,2024-01-03,0,1,1,1,1,1,0,1,0,1,0,1,0,1,1,0,1,1,0,0
1321,3.33981407423629,0.1694194945809025,NJ,2024-01-04,0,1,1,1,1,1,0,1,1,1,0,0,0,1,1,0,0,0,1,0
1322,1.82143731392583,0.1021616333575405,NJ,2024-01-05,1,1,1,1,1,1,1,1,0,1,0,1,1,1,1,0,1,1,0,1
1323,1.48841191226734,0.1615304308242365,NJ,2024-01-06,1,1,1,1,1,1,1,0,1,1,1,1,0,1,1,1,1,0,0,1
1324,0.874861840205965,0.0870727770575515,NJ,2024-01-07,1,1,1,1,1,1,1,1,1,1,1,1,1,1,1,0,1,1,0,1
1325,6.27877444006149,0.1116348606898025,NJ,2024-01-08,1,1,1,1,1,0,0,0,0,1,1,0,0,1,1,0,0,1,0,1
1326,3.46991877671972,0.100140630696395,NJ,2024-01-09,1,0,1,1,1,0,1,1,0,1,0,0,1,1,1,0,1,0,0,0
1327,3.0506451614756,0.0868172789217705,NJ,2024-01-10,1,1,1,1,1,1,1,1,0,1,1,1,1,0,1,0,0,0,0,0
1328,2.87124581674558,0.119366715300494,NJ,2024-01-11,1,1,1,1,0,1,0,1,1,0,1,1,1,1,0,0,0,0,0,0
1329,1.24342998129574,0.0851816101982125,NJ,2024-01-12,1,1,1,1,1,1,1,1,1,0,1,1,1,1,1,0,1,1,0,0
1330,1.35065702271596,0.124110576242066,NJ,2024-01-13,1,1,1,1,1,1,0,1,1,1,1,1,1,1,1,0,0,1,1,0
1331,0.553988531557461,0.0871485617457795,NJ,2024-01-14,1,1,1,1,1,1,1,1,1,1,1,1,1,1,1,0,1,1,0,1
1332,2.08466845153182,0.0878866137750195,NJ,2024-01-15,1,1,1,0,0,1,1,1,1,1,1,1,1,0,0,0,1,0,1,1
1333,1.25113785892064,0.110542636074653,NJ,2024-01-16,1,1,1,1,1,1,1,1,1,1,0,0,1,0,1,0,1,0,0,1
1334,3.09959872359817,0.0608737440190845,NJ,2024-01-17,1,1,1,1,1,1,1,1,0,1,1,0,0,1,1,0,1,0,0,0
1335,1.52469590614492,0.088792002559436,NJ,2024-01-18,1,1,1,1,1,1,1,1,1,1,1,0,1,0,1,0,1,1,1,0
1336,0.630337267170676,0.0162164319028213,NJ,2024-01-19,1,1,1,1,1,1,1,1,1,1,1,1,0,1,1,0,1,1,0,1
1337,2.13087233989256,0.01535468032727885,NJ,2024-01-20,1,1,1,1,1,1,1,1,0,1,0,1,0,1,1,0,1,1,0,1
1338,1.01066661523834,0.01454499765627285,NJ,2024-01-21,1,1,1,1,1,1,1,1,0,1,1,1,1,1,1,0,1,1,0,1
1339,3.44807605724304,0.0137841702945182,NJ,2024-01-22,1,1,1,1,1,0,1,1,0,1,1,0,1,1,1,0,1,1,0,1
1340,4.65298727679454,0.02671041647833085,NJ,2024-01-23,1,1,1,1,1,0,1,1,0,1,1,1,0,1,1,0,1,1,0,0
1341,3.18679626885096,0.01239730213016505,NJ,2024-01-24,1,1,1,1,1,0,1,1,0,1,1,1,1,1,1,0,1,1,0,1
1342,1.85136590125825,0.0383549284660489,NJ,2024-01-25,1,1,1,1,1,1,1,1,0,1,1,0,1,1,1,0,1,1,0,1
1343,0.138410441115644,0.0111724518173491,NJ,2024-01-26,1,1,1,1,1,1,1,1,1,1,1,1,1,1,1,0,1,1,0,1
1344,0.892293085476824,0.072032855377316,NJ,2024-01-27,1,1,1,1,1,1,1,1,1,0,1,1,1,1,1,1,1,1,0,0
1345,1.60844371776136,0.440141975967278,NM,2023-12-17,1,0,0,1,1,0,1,0,1,1,1,1,0,1,1,0,1,0,0,1
1346,1.12671877214132,0.38902456738433,NM,2023-12-18,1,1,1,1,1,1,1,1,0,1,1,1,1,0,1,0,1,1,1,1
1347,0.678532369770557,0.474467162141624,NM,2023-12-19,1,1,1,1,1,1,1,1,0,1,1,0,1,1,1,1,1,1,0,1
1348,1.47691504186372,0.4328499207056755,NM,2023-12-20,1,1,0,1,1,0,1,1,1,1,1,1,0,1,1,0,1,1,0,1
1349,0.646565418688233,0.2166568905329595,NM,2023-12-21,1,1,1,1,1,0,1,1,1,1,1,1,1,1,1,1,1,1,1,1
1350,NA,NA,NM,2023-12-22,NA,NA,NA,NA,NA,NA,NA,NA,NA,NA,NA,NA,NA,NA,NA,NA,NA,NA,NA,NA
1351,0.257003192084085,0.2202625461335,NM,2023-12-23,1,1,1,1,1,1,1,1,1,1,1,1,0,1,1,0,1,1,1,1
1352,0.254795251172641,0.222110483369155,NM,2023-12-24,1,1,1,1,1,1,1,1,1,1,1,1,1,1,1,1,1,1,1,1
1353,NA,NA,NM,2023-12-25,NA,NA,NA,NA,NA,NA,NA,NA,NA,NA,NA,NA,NA,NA,NA,NA,NA,NA,NA,NA
1354,1.73488396449355,0.479077561126511,NM,2023-12-26,0,1,0,1,1,0,1,1,1,1,0,1,0,1,1,0,1,1,0,1
1355,0.551933440691607,0.3208588636562995,NM,2023-12-27,1,1,1,1,1,1,1,1,1,1,1,0,0,1,1,1,1,1,1,1
1356,NA,NA,NM,2023-12-28,NA,NA,NA,NA,NA,NA,NA,NA,NA,NA,NA,NA,NA,NA,NA,NA,NA,NA,NA,NA
1357,1.7483163521236,0.517239225599725,NM,2023-12-29,1,0,1,1,1,0,1,1,1,1,1,0,1,1,1,0,1,1,1,1
1358,0.628113619838668,0.4434826030914325,NM,2023-12-30,1,1,1,1,1,1,1,1,0,1,1,1,1,1,1,0,1,1,0,1
1359,2.87914335190528,0.404856440234319,NM,2023-12-31,1,1,0,1,1,0,1,1,0,1,1,0,0,1,1,0,1,1,0,1
1360,1.80675735687253,0.423727473764447,NM,2024-01-01,1,1,1,1,0,1,1,1,0,0,1,0,1,1,0,0,1,1,1,0
1361,5.74025272071788,0.4578320511551655,NM,2024-01-02,1,1,0,1,0,0,1,1,0,1,1,0,1,1,0,0,0,0,0,1
1362,0.905783183141013,0.4081528848254025,NM,2024-01-03,1,0,1,1,1,1,1,1,1,1,1,0,0,1,1,0,1,1,0,1
1363,2.53082065503576,0.3864831066635325,NM,2024-01-04,1,1,1,1,1,1,1,1,0,1,1,0,0,1,0,0,1,1,0,1
1364,5.01043679654091,0.467491554085812,NM,2024-01-05,1,1,1,1,1,0,0,1,0,0,1,1,0,0,1,0,0,1,0,0
1365,1.55224980959485,0.389906683648756,NM,2024-01-06,1,1,1,1,1,1,1,1,0,1,1,1,0,0,1,0,1,1,0,1
1366,4.48198476221188,0.406916138175479,NM,2024-01-07,1,1,1,1,1,0,1,1,0,1,1,0,0,1,1,0,1,1,0,1
1367,2.31567920982646,0.3506057611336735,NM,2024-01-08,1,1,1,1,1,1,1,1,0,1,1,1,1,0,1,0,1,0,0,1
1368,3.52537825233639,0.421087328100465,NM,2024-01-09,1,1,1,1,1,0,1,1,0,1,1,1,0,1,1,0,1,1,0,0
1369,5.6188336729711,0.4462818213080115,NM,2024-01-10,1,1,1,1,1,0,1,1,0,1,1,0,0,1,1,0,1,1,0,1
1370,4.15170191598404,0.403648158053045,NM,2024-01-11,1,1,1,1,1,0,1,1,0,1,1,1,0,1,1,0,1,1,0,1
1371,2.02098416001957,0.459857680150002,NM,2024-01-12,1,1,1,1,1,0,0,0,0,1,1,0,0,1,1,0,0,0,0,1
1372,3.25651246960727,0.421730819460276,NM,2024-01-13,1,1,1,1,1,0,1,1,0,1,1,1,1,1,1,0,1,1,0,1
1373,3.45945076189119,0.4142748721502235,NM,2024-01-14,1,1,1,1,1,0,1,1,0,1,1,0,1,0,1,1,1,1,0,0
1374,2.01812858295523,0.4438623732015705,NM,2024-01-15,1,1,1,1,1,0,1,0,0,1,1,1,0,1,1,0,1,0,0,1
1375,NA,NA,NM,2024-01-16,NA,NA,NA,NA,NA,NA,NA,NA,NA,NA,NA,NA,NA,NA,NA,NA,NA,NA,NA,NA
1376,NA,NA,NM,2024-01-17,NA,NA,NA,NA,NA,NA,NA,NA,NA,NA,NA,NA,NA,NA,NA,NA,NA,NA,NA,NA
1377,NA,NA,NM,2024-01-18,NA,NA,NA,NA,NA,NA,NA,NA,NA,NA,NA,NA,NA,NA,NA,NA,NA,NA,NA,NA
1378,NA,NA,NM,2024-01-19,NA,NA,NA,NA,NA,NA,NA,NA,NA,NA,NA,NA,NA,NA,NA,NA,NA,NA,NA,NA
1379,0.540776683445178,0.4159360920217745,NM,2024-01-20,1,1,1,1,1,1,1,1,0,1,1,1,1,0,1,1,1,1,0,1
1380,2.51041857887183,0.415306609866338,NM,2024-01-21,1,1,1,1,1,0,1,1,0,1,1,0,1,1,1,0,1,1,0,1
1381,2.43699550336532,0.381115586119684,NM,2024-01-22,1,1,1,1,1,1,1,1,0,1,1,1,1,0,1,0,1,1,0,1
1382,1.15847704669411,0.4141776562655605,NM,2024-01-23,1,1,1,1,1,1,1,1,0,1,1,1,1,1,1,0,1,1,0,1
1383,0.932881130333479,0.37735153175966,NM,2024-01-24,1,1,1,1,1,1,1,1,0,1,1,1,1,1,1,0,1,1,0,1
1384,NA,NA,NM,2024-01-25,NA,NA,NA,NA,NA,NA,NA,NA,NA,NA,NA,NA,NA,NA,NA,NA,NA,NA,NA,NA
1385,0.339221057371534,0.3127193256150425,NM,2024-01-26,1,1,1,1,1,1,1,1,1,1,1,0,1,1,1,0,1,1,1,1
1386,0.530680810853504,0.412399816695813,NM,2024-01-27,1,1,1,1,1,1,1,1,0,1,1,1,1,1,1,0,1,1,0,1
1387,0.160690581573527,0.100223554110044,NV,2023-12-17,1,1,1,1,1,1,1,1,1,1,1,1,1,1,1,1,1,1,1,1
1388,1.31973602785352,0.3848122029818,NV,2023-12-18,1,1,1,1,1,1,0,0,1,1,1,1,0,1,0,1,0,0,1,1
1389,0.429577049014264,0.197416608466699,NV,2023-12-19,1,1,1,1,1,1,1,1,1,1,1,1,1,1,1,1,1,0,0,1
1390,3.09468708374138,0.1292622172308655,NV,2023-12-20,1,1,1,1,1,0,1,1,0,1,1,0,1,0,1,0,0,0,0,1
1391,1.62533818258037,0.155342644400004,NV,2023-12-21,1,1,1,1,1,0,1,1,0,0,0,1,1,1,1,0,1,1,0,0
1392,1.59696294195204,0.12033438141122,NV,2023-12-22,1,1,1,1,1,1,1,1,0,1,1,1,1,1,1,0,1,0,0,1
1393,1.50828962136103,0.3790501756457765,NV,2023-12-23,1,0,1,1,1,1,0,1,1,0,1,1,1,1,1,1,0,1,0,0
1394,0.482185984585672,0.1675714968993815,NV,2023-12-24,1,1,1,1,1,1,1,1,1,1,1,0,1,1,1,1,1,1,0,1
1395,0.412827740082034,0.2393983886454785,NV,2023-12-25,1,1,1,1,1,1,1,1,1,1,1,1,1,1,1,0,1,1,0,1
1396,0.952926121096626,0.1792184414961135,NV,2023-12-26,1,0,1,1,1,1,1,1,1,1,1,0,1,1,1,0,1,1,0,1
1397,0.441556566915329,0.0502982138454875,NV,2023-12-27,1,1,1,1,1,1,1,1,1,1,1,1,0,1,1,1,1,0,0,1
1398,1.84489554356793,0.277076190191151,NV,2023-12-28,1,0,0,0,1,1,1,1,1,1,1,0,0,0,1,1,1,1,0,1
1399,1.53812211977184,0.1169597840606335,NV,2023-12-29,1,1,1,1,1,0,0,1,0,1,1,1,1,1,1,1,0,1,1,0
1400,NA,NA,NV,2023-12-30,NA,NA,NA,NA,NA,NA,NA,NA,NA,NA,NA,NA,NA,NA,NA,NA,NA,NA,NA,NA
1401,NA,NA,NV,2023-12-31,NA,NA,NA,NA,NA,NA,NA,NA,NA,NA,NA,NA,NA,NA,NA,NA,NA,NA,NA,NA
1402,NA,NA,NV,2024-01-01,NA,NA,NA,NA,NA,NA,NA,NA,NA,NA,NA,NA,NA,NA,NA,NA,NA,NA,NA,NA
1403,0.946557291981358,0.68344212226226,NV,2024-01-02,1,1,1,1,1,0,1,1,0,1,1,1,1,1,1,0,1,1,0,1
1404,0.616482540007281,0.03218688943234595,NV,2024-01-03,1,1,1,1,1,1,1,1,1,1,0,0,1,1,1,0,1,1,0,1
1405,0.948892841943543,0.2061509371444225,NV,2024-01-04,1,1,1,1,1,1,1,1,1,0,0,1,1,1,1,0,0,1,1,0
1406,0.719578354835796,0.3682358550391775,NV,2024-01-05,1,1,1,1,1,0,1,1,1,1,1,1,1,1,1,0,1,1,0,1
1407,1.22525140519321,0.3958651249120685,NV,2024-01-06,1,1,1,1,1,1,0,1,0,1,1,1,0,1,1,0,0,1,0,1
1408,0.83633939375405,0.025466941562471,NV,2024-01-07,1,1,1,1,1,1,1,1,0,1,1,1,1,1,1,1,1,1,1,1
1409,0.813864408734083,0.1907767856722665,NV,2024-01-08,1,1,1,1,1,1,1,0,1,1,1,1,1,1,1,1,1,0,0,1
1410,NA,NA,NV,2024-01-09,NA,NA,NA,NA,NA,NA,NA,NA,NA,NA,NA,NA,NA,NA,NA,NA,NA,NA,NA,NA
1411,0.528961092542444,0.101711944919124,NV,2024-01-10,1,1,1,1,1,1,1,1,1,1,1,1,1,1,1,0,1,1,0,1
1412,0.817756125537162,0.02051141061958835,NV,2024-01-11,1,1,1,1,1,1,1,1,0,1,1,1,1,1,1,0,1,1,0,1
1413,0.649382375897644,0.0862961594555975,NV,2024-01-12,1,1,1,1,1,1,1,1,1,1,1,1,0,1,1,0,1,1,1,1
1414,0.0947230729557023,0.01854045164897965,NV,2024-01-13,1,1,1,1,1,1,1,1,1,1,1,1,1,1,1,1,1,1,1,1
1415,0.0270041250755393,0.0176602212989499,NV,2024-01-14,1,1,1,1,1,1,1,1,1,1,1,1,1,1,1,1,1,1,1,1
1416,0.582227808475563,0.2051980178634015,NV,2024-01-15,1,1,1,1,1,1,1,1,1,1,1,1,1,1,1,0,1,1,0,1
1417,0.99386474983981,0.184751006359234,NV,2024-01-16,1,1,1,1,1,0,1,1,1,1,0,1,1,1,1,0,1,1,0,1
1418,0.425172028955086,0.01538116470363705,NV,2024-01-17,1,1,1,1,1,1,1,1,1,1,1,1,1,1,1,1,1,1,1,1
1419,0.749932985027278,0.0696791951903965,NV,2024-01-18,1,1,1,1,1,1,1,1,1,1,1,1,1,1,1,0,0,1,1,1
1420,0.424632593950464,0.01412148649926425,NV,2024-01-19,1,1,1,1,1,1,1,1,1,1,1,1,1,1,1,0,1,1,0,1
1421,0.019839365626499902,0.01355882135803995,NV,2024-01-20,1,1,1,1,1,1,1,1,1,1,1,1,1,1,1,1,1,1,1,1
1422,0.0212693759513499,0.0130368559901373,NV,2024-01-21,1,1,1,1,1,1,1,1,1,1,1,1,1,1,1,1,1,1,1,1
1423,0.929609337306158,0.0837277536554605,NV,2024-01-22,1,1,1,1,1,1,0,1,1,1,0,1,1,1,1,0,0,1,0,1
1424,0.853535107136893,0.183445416560374,NV,2024-01-23,1,1,1,1,1,1,0,1,1,1,1,1,1,1,1,0,0,1,1,1
1425,0.486460094799755,0.0116889057449486,NV,2024-01-24,1,1,1,1,1,1,1,1,1,1,1,1,1,1,1,1,1,1,1,1
1426,1.73952665036775,0.2266541593448765,NV,2024-01-25,1,1,1,1,1,1,1,1,1,0,1,1,1,1,1,1,1,1,0,0
1427,0.253430919099075,0.0109494085590112,NV,2024-01-26,1,1,1,1,1,1,1,1,1,1,1,1,1,1,1,1,1,1,1,1
1428,NA,NA,NV,2024-01-27,NA,NA,NA,NA,NA,NA,NA,NA,NA,NA,NA,NA,NA,NA,NA,NA,NA,NA,NA,NA
1429,5.09022504787254,0.2732353690628455,NY,2023-12-17,1,1,1,1,1,0,1,1,1,0,0,0,1,0,0,0,0,0,0,0
1430,11.1446369893795,0.2192973936301795,NY,2023-12-18,1,0,1,1,1,1,1,0,0,1,0,0,0,0,0,0,0,0,0,0
1431,11.6508922483106,0.266774654975762,NY,2023-12-19,1,1,1,1,0,0,1,1,1,1,1,0,0,0,0,0,0,0,0,0
1432,4.77418994401037,0.245891518151386,NY,2023-12-20,1,1,1,1,0,1,1,1,1,0,1,0,0,0,0,0,0,0,0,0
1433,6.03233248068688,0.257426947977228,NY,2023-12-21,1,1,1,1,1,1,0,1,1,1,0,0,0,0,0,0,0,0,0,0
1434,6.83570343273757,0.172684833284949,NY,2023-12-22,1,1,1,1,1,1,1,1,0,1,0,0,0,1,0,0,0,1,0,0
1435,2.79158547007132,0.229974563706564,NY,2023-12-23,1,1,1,1,1,1,1,1,1,1,0,0,0,1,1,0,0,0,0,0
1436,2.80290056256296,0.220447769029714,NY,2023-12-24,0,1,1,0,1,1,1,1,1,1,0,0,0,0,0,0,1,0,0,0
1437,4.47853238913338,0.146833036409047,NY,2023-12-25,1,1,1,1,1,1,1,1,0,1,0,0,1,0,0,0,0,1,0,0
1438,7.07347933931536,0.1921168230916305,NY,2023-12-26,1,1,1,1,1,1,1,1,1,1,0,0,0,0,0,1,0,0,0,0
1439,9.35355778727451,0.157378600130584,NY,2023-12-27,1,1,1,1,1,1,1,1,0,0,0,0,0,0,1,0,0,1,0,0
1440,7.67572757526064,0.1971286325581305,NY,2023-12-28,1,1,1,1,1,1,0,1,1,0,1,0,0,0,0,0,0,0,1,0
1441,5.24974842774379,0.1868507441065295,NY,2023-12-29,1,1,1,1,1,0,1,1,1,1,1,0,0,1,1,0,1,1,0,0
1442,4.96419765245591,0.11415499490231,NY,2023-12-30,1,1,1,1,1,1,1,1,0,1,1,0,1,1,1,0,1,0,0,0
1443,3.47965429372963,0.1566583303656375,NY,2023-12-31,1,1,1,0,1,1,1,1,1,1,1,0,0,0,1,0,0,1,0,1
1444,4.86622497665956,0.130564619830101,NY,2024-01-01,1,1,1,0,1,1,1,1,1,1,1,0,0,0,0,0,0,0,0,0
1445,6.41441477541113,0.141472087720371,NY,2024-01-02,0,1,1,1,1,1,1,1,1,0,0,0,0,0,1,0,0,0,0,0
1446,6.49347267504033,0.103869780098444,NY,2024-01-03,1,1,1,1,1,1,1,1,0,1,1,0,0,0,0,0,0,0,0,0
1447,5.71599286669025,0.104053579627603,NY,2024-01-04,1,1,1,1,1,1,0,1,1,1,1,1,0,0,0,0,0,0,0,1
1448,4.81660704338395,0.077899326534272,NY,2024-01-05,1,1,1,1,1,1,1,1,0,1,1,0,1,1,1,0,0,1,0,1
1449,2.32100665253968,0.1129848914176035,NY,2024-01-06,1,1,1,1,1,1,1,1,1,1,0,1,0,0,1,0,1,1,0,0
1450,4.30426869757414,0.1276516536785885,NY,2024-01-07,1,1,1,1,1,0,0,1,1,1,1,0,0,1,0,0,0,1,0,1
1451,5.31822943483184,0.093121419155872,NY,2024-01-08,1,0,1,1,1,1,1,1,1,0,1,1,1,1,1,0,0,1,0,0
1452,2.6324925993669,0.0991552490510055,NY,2024-01-09,1,1,1,1,1,1,1,1,1,0,0,0,0,0,0,0,0,0,0,0
1453,4.0662363921849,0.085472275129622,NY,2024-01-10,1,1,1,1,1,1,0,1,1,1,1,0,0,0,0,0,0,0,0,0
1454,3.77978911259398,0.0836983614369435,NY,2024-01-11,1,1,1,1,0,1,0,1,1,0,0,0,0,0,0,0,0,0,0,0
1455,3.02159274364363,0.04758950030566545,NY,2024-01-12,1,1,1,1,1,1,1,0,0,1,1,1,1,1,0,0,1,0,0,0
1456,2.7288533812032,0.0457409221514884,NY,2024-01-13,1,1,1,1,1,1,1,1,0,0,0,1,0,0,1,0,1,0,0,0
1457,3.37130949901468,0.11251685141803,NY,2024-01-14,1,1,1,0,1,1,1,1,0,0,1,0,1,0,1,1,1,0,0,0
1458,3.410339169401,0.0813216594290525,NY,2024-01-15,1,1,1,1,1,1,1,1,1,0,0,0,1,0,1,0,0,0,0,0
1459,2.75440695894212,0.0639977223998235,NY,2024-01-16,1,1,1,1,1,1,0,1,1,0,1,0,1,1,0,0,1,0,0,0
1460,4.20177566187575,0.02109683696588735,NY,2024-01-17,1,1,1,1,1,1,0,1,0,1,1,0,1,1,1,0,0,1,0,1
1461,2.93558747444863,0.04058034762615095,NY,2024-01-18,1,1,1,1,1,1,0,1,1,1,1,1,1,0,1,0,0,0,0,0
1462,1.58654180100468,0.0472982089927036,NY,2024-01-19,1,1,1,1,1,0,1,1,1,1,1,0,1,0,1,0,0,0,0,0
1463,1.42905243622062,0.03116394982440915,NY,2024-01-20,1,1,1,1,1,1,0,1,1,0,1,1,1,1,1,1,0,1,0,0
1464,1.49997076384581,0.061889441003005,NY,2024-01-21,1,1,1,1,1,1,1,0,1,1,1,1,1,0,0,0,1,0,0,0
1465,2.42096504718203,0.04579390802709055,NY,2024-01-22,1,1,1,1,1,1,0,1,1,0,1,1,1,1,1,0,0,0,0,0
1466,3.30263759588545,0.04596710657396975,NY,2024-01-23,1,1,1,1,1,0,0,1,1,0,0,1,0,1,1,0,0,0,0,0
1467,1.48098554306578,0.02803287361092325,NY,2024-01-24,1,1,0,1,1,1,0,1,1,1,1,0,0,1,1,0,0,1,0,1
1468,1.79613870817045,0.03769349999409675,NY,2024-01-25,1,1,1,1,1,1,0,1,1,1,1,1,1,1,1,1,0,0,0,0
1469,0.577135734426239,0.00128960660582099,NY,2024-01-26,1,1,1,1,1,1,1,1,1,1,1,1,1,1,1,1,1,1,1,1
1470,1.27715373980875,0.0292982903110019,NY,2024-01-27,1,1,1,1,1,0,1,1,1,1,1,1,1,0,1,0,1,0,0,1
1471,0.590770258896696,0.3483004534774435,OH,2023-12-17,1,1,1,1,1,1,1,1,1,1,1,1,1,1,1,1,1,1,1,1
1472,0.839091635628108,0.3578264666845515,OH,2023-12-18,1,1,1,1,1,1,1,1,0,1,1,1,0,1,1,0,1,1,0,0
1473,1.05264679192592,0.3867927888697775,OH,2023-12-19,1,1,1,0,1,1,1,1,0,1,1,0,1,0,1,0,1,1,0,0
1474,1.39988863305772,0.435835267930644,OH,2023-12-20,1,1,1,1,1,1,0,0,1,1,1,0,0,1,0,0,0,0,1,1
1475,0.978116511141327,0.441924383817143,OH,2023-12-21,1,1,1,1,1,1,1,1,1,0,1,1,1,1,1,1,1,1,0,0
1476,1.10028127383451,0.3708652955890295,OH,2023-12-22,1,1,1,1,1,1,1,1,0,1,1,1,0,1,1,0,1,0,0,1
1477,0.417624024976918,0.298918005398081,OH,2023-12-23,1,1,1,1,1,1,1,1,1,1,1,1,0,1,1,0,1,1,1,1
1478,NA,NA,OH,2023-12-24,NA,NA,NA,NA,NA,NA,NA,NA,NA,NA,NA,NA,NA,NA,NA,NA,NA,NA,NA,NA
1479,NA,NA,OH,2023-12-25,NA,NA,NA,NA,NA,NA,NA,NA,NA,NA,NA,NA,NA,NA,NA,NA,NA,NA,NA,NA
1480,1.86335956710057,0.31603890638939,OH,2023-12-26,1,1,1,1,1,0,1,1,1,1,1,0,0,1,1,0,0,1,0,1
1481,1.03758989794796,0.377842761690341,OH,2023-12-27,1,1,1,1,0,1,1,1,1,1,1,0,1,1,0,0,1,1,0,1
1482,1.18787704772003,0.39483693238205553,OH,2023-12-28,1,1,1,1,0,1,1,1,1,1,1,1,0,1,0,0,1,1,0,0
1483,2.44437523598285,0.358290700137224,OH,2023-12-29,1,1,1,1,0,1,1,1,0,1,1,0,0,1,0,0,1,1,0,1
1484,0.444711037164348,0.30612431553599,OH,2023-12-30,1,1,1,1,1,1,1,1,1,1,0,1,1,1,1,0,1,1,1,1
1485,NA,NA,OH,2023-12-31,NA,NA,NA,NA,NA,NA,NA,NA,NA,NA,NA,NA,NA,NA,NA,NA,NA,NA,NA,NA
1486,0.844318526461402,0.3152390471188005,OH,2024-01-01,1,1,1,1,1,1,1,1,0,1,1,0,0,1,1,0,1,1,0,1
1487,1.63743238786672,0.3908928306711325,OH,2024-01-02,1,1,0,1,1,1,1,1,1,0,1,1,0,1,1,0,1,0,0,0
1488,1.84733303954898,0.356814968116475,OH,2024-01-03,1,1,1,1,1,1,1,1,0,0,1,0,0,1,1,0,1,1,0,1
1489,1.13652518649758,0.395793237468156,OH,2024-01-04,1,0,1,1,1,1,1,1,0,1,1,0,0,1,1,0,1,1,0,0
1490,0.989860935178442,0.3132892575742975,OH,2024-01-05,1,1,1,1,1,1,1,1,0,1,0,1,0,1,1,1,1,1,0,1
1491,NA,NA,OH,2024-01-06,NA,NA,NA,NA,NA,NA,NA,NA,NA,NA,NA,NA,NA,NA,NA,NA,NA,NA,NA,NA
1492,0.424171437785257,0.3114351550929765,OH,2024-01-07,1,1,1,1,1,1,1,1,1,1,1,0,1,1,1,1,1,1,0,1
1493,0.486991587927547,0.309459498816807,OH,2024-01-08,1,1,1,1,1,1,1,1,1,1,1,0,0,1,1,0,1,1,0,1
1494,0.467047987244861,0.309061062737348,OH,2024-01-09,1,1,1,1,1,1,1,1,1,1,1,0,1,0,1,0,1,1,0,1
1495,1.53860698858941,0.3099266448082395,OH,2024-01-10,1,1,1,1,1,1,1,1,0,1,1,0,1,1,1,0,1,1,0,1
1496,1.13985923824493,0.4084781681077675,OH,2024-01-11,1,1,1,1,1,1,1,1,1,0,1,1,0,1,1,0,1,1,0,0
1497,0.958101676231561,0.309707681850328,OH,2024-01-12,1,1,1,1,1,1,1,1,0,1,1,1,1,1,1,0,1,1,0,1
1498,0.644885797016591,0.375582208340959,OH,2024-01-13,1,1,1,1,1,1,1,1,1,1,1,1,0,1,1,0,1,1,0,1
1499,NA,NA,OH,2024-01-14,NA,NA,NA,NA,NA,NA,NA,NA,NA,NA,NA,NA,NA,NA,NA,NA,NA,NA,NA,NA
1500,0.920704764309261,0.3104434125754465,OH,2024-01-15,1,1,1,1,1,1,1,1,0,1,1,1,1,1,1,0,1,1,0,1
1501,0.389744119766904,0.3109475404727425,OH,2024-01-16,1,1,1,1,1,1,1,1,1,1,1,1,1,1,1,0,1,1,0,1
1502,1.46682300839294,0.3115702077812505,OH,2024-01-17,1,1,1,1,1,1,1,1,0,1,1,1,0,1,1,0,1,1,0,1
1503,1.53522232741357,0.3785278841751135,OH,2024-01-18,1,1,1,1,1,1,1,1,0,0,0,0,0,1,1,1,1,1,0,0
1504,NA,NA,OH,2024-01-19,NA,NA,NA,NA,NA,NA,NA,NA,NA,NA,NA,NA,NA,NA,NA,NA,NA,NA,NA,NA
1505,0.90137702893217,0.314080609992167,OH,2024-01-20,1,1,1,1,1,1,1,1,0,1,1,1,1,1,1,0,1,1,0,1
1506,0.896947392299117,0.3151078013568445,OH,2024-01-21,1,1,1,1,1,1,1,1,0,1,1,1,1,1,1,0,1,1,0,1
1507,1.98097081878719,0.3733350971105395,OH,2024-01-22,1,1,1,1,1,1,0,1,0,1,1,1,0,1,1,0,0,1,0,1
1508,0.763635207103494,0.3099329838049605,OH,2024-01-23,1,1,1,1,1,1,1,1,1,1,1,1,0,1,1,0,1,1,0,1
1509,2.00753327718272,0.3186567628869015,OH,2024-01-24,1,1,1,1,1,1,1,1,0,1,1,1,0,1,1,0,1,1,0,1
1510,0.885466601636432,0.3199699799631375,OH,2024-01-25,1,1,1,1,1,1,1,1,0,1,1,1,1,1,1,0,1,1,0,1
1511,1.10641492625465,0.410854001230829,OH,2024-01-26,1,1,1,1,1,1,1,0,1,1,1,1,0,1,1,0,1,0,0,1
1512,NA,NA,OH,2024-01-27,NA,NA,NA,NA,NA,NA,NA,NA,NA,NA,NA,NA,NA,NA,NA,NA,NA,NA,NA,NA
1513,0.586907301893752,0.3398231526100795,OK,2023-12-17,1,1,1,1,1,1,1,1,1,1,1,1,1,1,0,0,1,1,1,1
1514,1.60513843777505,0.4463075676975785,OK,2023-12-18,0,1,1,1,1,1,1,1,1,1,0,1,1,1,0,1,1,1,1,1
1515,1.23263245964248,0.422720405734074,OK,2023-12-19,1,1,1,1,1,1,1,1,1,1,1,0,0,1,0,1,1,1,1,0
1516,1.12918358280871,0.413214189494416,OK,2023-12-20,1,1,1,1,1,1,1,0,1,1,1,0,0,0,1,0,1,0,1,1
1517,1.32064802949119,0.537236230428855,OK,2023-12-21,1,1,1,1,1,1,0,1,1,0,1,1,1,0,0,1,0,1,1,0
1518,1.08661502410288,0.3671031507811135,OK,2023-12-22,1,1,0,1,1,1,1,1,1,1,1,0,0,1,1,0,1,1,0,1
1519,0.940277089575531,0.2592817353496535,OK,2023-12-23,1,1,1,1,1,0,1,1,1,1,1,1,1,0,1,0,1,1,1,1
1520,0.580315284953638,0.356545335480622,OK,2023-12-24,1,1,1,1,1,1,1,1,1,1,1,1,1,0,0,0,1,1,0,1
1521,0.800198463824528,0.566751528097045,OK,2023-12-25,1,1,1,1,1,1,1,0,1,1,1,1,1,0,1,1,1,0,1,1
1522,1.04161228009117,0.4150532615242975,OK,2023-12-26,1,1,1,1,1,1,1,0,1,1,1,1,0,1,1,0,1,1,0,1
1523,2.18492174247185,0.383345245368318,OK,2023-12-27,1,1,1,1,1,1,1,1,0,1,1,1,1,0,0,0,1,1,0,1
1524,1.96964534571871,0.519828838993465,OK,2023-12-28,1,1,1,1,1,0,0,1,1,0,1,0,0,0,1,0,0,1,0,0
1525,0.830240405073022,0.4441446987339575,OK,2023-12-29,1,1,1,0,1,1,1,1,1,1,1,1,1,0,1,1,1,1,0,1
1526,0.770929291327042,0.4343793537722765,OK,2023-12-30,1,1,1,1,1,1,1,1,1,1,1,1,0,0,1,0,1,1,0,1
1527,0.545769310013624,0.431962616110786,OK,2023-12-31,1,1,1,1,1,1,1,1,0,1,1,1,1,1,1,1,1,1,0,0
1528,0.523867243161221,0.429224386692581,OK,2024-01-01,1,1,1,1,1,1,1,1,0,1,1,1,1,1,1,1,1,1,1,1
1529,1.38900108107603,0.4392962204082915,OK,2024-01-02,1,1,1,1,1,1,1,0,1,1,1,1,1,0,1,0,1,0,0,0
1530,0.922004754012327,0.426587233252573,OK,2024-01-03,1,1,1,1,1,1,1,1,1,0,1,1,0,1,1,0,1,1,0,0
1531,1.05228770316312,0.3876035176726,OK,2024-01-04,0,1,1,1,1,1,1,1,1,1,0,1,1,0,1,0,1,1,0,0
1532,0.832333947997698,0.416841071504696,OK,2024-01-05,1,1,1,1,1,1,1,1,1,0,1,1,1,1,1,1,1,1,0,0
1533,0.42289264935365,0.2741709470291575,OK,2024-01-06,1,1,1,1,1,1,1,1,1,1,1,1,1,0,1,0,1,1,1,1
1534,NA,NA,OK,2024-01-07,NA,NA,NA,NA,NA,NA,NA,NA,NA,NA,NA,NA,NA,NA,NA,NA,NA,NA,NA,NA
1535,1.45858552739823,0.4530539511018065,OK,2024-01-08,0,1,1,1,1,1,1,1,1,1,0,0,1,0,1,0,1,1,0,0
1536,1.38531782607485,0.384594299509008,OK,2024-01-09,1,1,1,1,1,1,1,1,0,1,1,0,1,0,1,1,1,1,0,0
1537,1.43242804289525,0.4317297369512925,OK,2024-01-10,1,0,1,1,1,1,1,1,1,1,1,0,1,0,1,0,1,1,1,0
1538,1.62524150082623,0.281078883246845,OK,2024-01-11,1,1,1,1,1,0,1,1,1,1,1,1,1,1,0,0,0,1,1,1
1539,0.521196133747625,0.342815569711356,OK,2024-01-12,1,1,1,1,1,1,1,1,1,1,1,1,1,0,1,1,1,1,0,1
1540,0.915999530504505,0.4932320521898155,OK,2024-01-13,0,1,1,1,1,1,1,1,1,1,0,1,0,1,1,1,1,1,0,0
1541,1.05870248442874,0.2857166776246945,OK,2024-01-14,1,1,1,1,1,0,1,1,1,1,1,1,1,0,1,0,1,1,1,1
1542,0.462682141891056,0.2873560319810665,OK,2024-01-15,1,1,1,1,1,1,1,1,1,1,1,1,1,1,1,0,1,1,0,1
1543,0.503625969957438,0.3420492778906615,OK,2024-01-16,1,1,1,1,1,1,1,1,1,1,1,1,1,0,1,0,1,1,0,1
1544,0.865948914078838,0.3249095812839145,OK,2024-01-17,1,1,1,1,1,0,1,1,1,1,1,1,1,0,1,0,1,1,0,1
1545,0.735962956315791,0.4215633160434805,OK,2024-01-18,1,1,1,0,1,1,1,1,1,1,1,1,0,0,0,1,1,1,0,1
1546,0.47411276341333,0.2944417423707655,OK,2024-01-19,1,1,1,1,1,1,1,1,1,1,1,1,1,1,1,0,1,1,0,1
1547,0.513193231861619,0.3420048239715555,OK,2024-01-20,1,1,1,1,1,1,1,1,1,1,1,1,1,0,1,0,1,1,0,1
1548,2.02032130416248,0.3858777378754645,OK,2024-01-21,1,1,1,1,1,1,1,1,0,1,1,1,1,0,1,1,1,1,0,0
1549,0.939002374803078,0.384129888706024,OK,2024-01-22,1,1,1,1,1,1,1,1,0,1,1,1,0,1,1,1,1,1,0,1
1550,1.58880268073275,0.3557701256805075,OK,2024-01-23,1,1,1,1,1,1,1,1,0,1,1,1,0,0,1,0,1,1,0,0
1551,1.00269157898467,0.3426947217439115,OK,2024-01-24,1,1,1,1,1,1,1,1,1,1,1,1,1,0,0,0,0,1,0,1
1552,0.905760460532421,0.3790208794179015,OK,2024-01-25,1,1,1,1,1,1,1,1,0,1,1,1,1,0,1,1,1,1,0,0
1553,NA,NA,OK,2024-01-26,NA,NA,NA,NA,NA,NA,NA,NA,NA,NA,NA,NA,NA,NA,NA,NA,NA,NA,NA,NA
1554,0.375188425713606,0.375705679063847,OK,2024-01-27,1,1,1,1,1,1,1,1,1,1,1,1,1,0,1,1,1,1,0,1
1555,0.829322551444808,0.590213116098385,OR,2023-12-17,1,0,1,1,1,1,1,1,1,1,1,0,1,1,1,0,1,1,1,1
1556,2.16088394895659,0.328775664831893,OR,2023-12-18,1,1,1,1,1,1,1,1,0,1,1,1,0,1,1,0,1,1,0,0
1557,2.07189969356541,0.3724062071823115,OR,2023-12-19,1,1,1,1,1,1,1,0,0,1,1,1,1,0,1,0,0,0,0,1
1558,0.858514454940322,0.2630286558196975,OR,2023-12-20,1,1,1,1,1,0,1,1,1,1,1,1,0,1,1,0,1,1,0,1
1559,0.467502417905093,0.295872161449628,OR,2023-12-21,1,1,1,1,1,1,1,1,1,1,1,1,1,1,1,0,1,1,0,1
1560,0.726255934278161,0.278867041955237,OR,2023-12-22,1,1,1,1,1,1,1,1,0,1,1,1,0,1,1,0,1,1,0,1
1561,0.6164137591143,0.3433483134663605,OR,2023-12-23,1,1,1,1,1,1,1,1,1,1,1,1,0,1,1,0,1,1,0,0
1562,0.348878636798977,0.276656349782224,OR,2023-12-24,1,1,1,1,1,1,1,1,1,1,1,1,1,1,1,1,1,1,1,1
1563,0.615063816859725,0.369267652582623,OR,2023-12-25,1,1,0,1,1,1,1,1,1,1,1,1,0,1,1,1,1,1,0,1
1564,2.99009171263102,0.3053720205750715,OR,2023-12-26,0,1,1,1,1,0,1,1,0,1,1,1,0,1,1,0,1,1,0,1
1565,0.933555635076413,0.266740274892706,OR,2023-12-27,1,1,1,1,1,1,1,1,0,1,1,1,0,1,1,1,1,1,0,1
1566,0.360528673574678,0.306190001338702,OR,2023-12-28,1,1,1,1,1,1,1,1,1,1,1,1,0,1,1,0,1,1,1,1
1567,0.790558990273057,0.3939215272700425,OR,2023-12-29,1,1,1,1,1,1,0,1,1,1,1,1,1,1,1,0,0,1,0,0
1568,0.966043713602389,0.222863483418434,OR,2023-12-30,1,1,1,1,1,1,1,1,0,1,1,1,1,1,1,0,1,1,0,1
1569,0.749540002447198,0.3358030631070245,OR,2023-12-31,1,1,1,1,1,1,1,1,1,1,1,1,0,1,1,0,1,1,0,1
1570,1.70023288290842,0.245445284462889,OR,2024-01-01,1,1,1,1,1,1,1,1,0,1,1,1,1,1,1,0,1,1,0,1
1571,1.55618117084989,0.295823238764705,OR,2024-01-02,1,1,1,0,1,1,1,1,0,1,1,1,1,0,1,0,1,1,0,1
1572,0.994140817322248,0.234841725644662,OR,2024-01-03,1,1,1,1,1,1,1,1,0,1,1,1,1,1,1,0,0,1,0,1
1573,1.88765169047295,0.2177526654413975,OR,2024-01-04,1,1,1,1,1,1,1,1,0,1,1,1,0,1,1,0,0,1,0,1
1574,1.93096631715693,0.1829625701395485,OR,2024-01-05,1,1,1,1,1,0,1,1,0,1,1,1,0,0,1,0,1,1,0,1
1575,1.27410271106119,0.3628349336352,OR,2024-01-06,1,0,1,1,0,1,1,1,1,1,1,1,1,1,0,0,1,1,0,1
1576,4.43070204220124,0.2147355580400615,OR,2024-01-07,1,1,1,1,1,0,1,1,0,1,1,1,1,1,1,0,1,1,0,1
1577,2.30905133286693,0.2542722496227595,OR,2024-01-08,1,1,1,1,1,0,1,1,0,0,1,1,1,1,0,0,1,1,0,0
1578,0.887687406307336,0.220353851726999,OR,2024-01-09,1,1,1,1,1,1,1,1,0,1,1,1,1,1,1,0,1,1,0,1
1579,0.787142751670317,0.3859862156496165,OR,2024-01-10,1,1,0,1,1,1,1,1,1,1,1,1,0,1,1,0,1,1,1,1
1580,0.800851725831816,0.1497833821348045,OR,2024-01-11,1,1,1,1,1,1,1,1,0,1,1,1,0,1,1,1,1,1,0,1
1581,NA,NA,OR,2024-01-12,NA,NA,NA,NA,NA,NA,NA,NA,NA,NA,NA,NA,NA,NA,NA,NA,NA,NA,NA,NA
1582,1.85141153785329,0.3097981539706015,OR,2024-01-13,0,0,1,1,1,0,1,1,1,1,0,0,1,1,0,0,1,1,0,1
1583,0.309919006946769,0.2883482084110975,OR,2024-01-14,1,1,1,1,1,1,1,1,1,1,1,1,0,1,1,1,1,1,0,1
1584,1.20491918597373,0.1946893680236955,OR,2024-01-15,1,1,1,1,1,1,1,1,0,1,1,0,1,1,1,0,1,1,0,1
1585,2.67761785469149,0.1267840226789815,OR,2024-01-16,1,1,1,1,1,0,1,1,0,1,1,1,1,1,1,0,1,1,0,1
1586,0.727128673572867,0.122648450395122,OR,2024-01-17,1,1,1,1,1,1,1,1,0,1,1,1,1,1,0,0,1,1,0,1
1587,1.19938789548082,0.1186591484396125,OR,2024-01-18,1,1,1,1,1,1,1,1,0,1,1,1,1,1,1,0,1,1,0,0
1588,0.692555982923827,0.1148125255150935,OR,2024-01-19,1,1,1,1,1,1,1,1,0,1,1,1,1,1,1,0,1,1,0,1
1589,0.904566943645374,0.668713511152915,OR,2024-01-20,1,1,1,1,1,1,1,0,1,1,1,1,0,1,1,1,1,0,1,1
1590,0.850842051587884,0.3891005367885805,OR,2024-01-21,1,1,1,1,1,1,1,0,1,1,1,1,1,0,1,0,1,0,0,1
1591,0.782495162556761,0.3780923229154155,OR,2024-01-22,1,0,1,1,1,1,1,1,1,1,1,0,0,1,1,0,1,1,0,1
1592,0.665041755026876,0.100782806548106,OR,2024-01-23,1,1,1,1,1,1,1,1,1,1,1,1,1,1,1,1,1,1,1,1
1593,0.253661122563539,0.097597640865866,OR,2024-01-24,1,1,1,1,1,1,1,1,1,1,1,1,1,1,0,1,1,1,0,1
1594,1.450636477858,0.094534881302464,OR,2024-01-25,1,1,1,1,1,1,1,1,0,1,1,1,1,1,1,0,1,1,0,0
1595,0.25040819095438,0.091591432007776,OR,2024-01-26,1,1,1,1,1,1,1,1,1,1,1,1,1,1,1,0,1,1,0,1
1596,1.03414129615908,0.0887642936059745,OR,2024-01-27,1,1,1,1,1,1,1,1,0,1,1,1,1,1,0,0,1,1,0,1
1597,0.761381613138432,0.388337185431946,PA,2023-12-17,1,1,1,1,1,1,1,0,1,1,1,1,1,1,1,0,1,0,1,1
1598,2.60340528501668,0.38862802123267,PA,2023-12-18,1,1,1,1,1,1,0,1,1,0,1,1,0,0,1,0,0,0,0,0
1599,1.31542453299436,0.3473378214549455,PA,2023-12-19,1,1,1,1,1,1,1,1,1,1,1,0,0,0,1,0,0,0,0,0
1600,2.84386241415766,0.342366086031758,PA,2023-12-20,0,1,1,0,0,1,1,1,1,1,0,0,1,0,0,0,1,0,0,0
1601,2.6749687155836,0.3028486576495655,PA,2023-12-21,1,1,1,1,1,0,1,0,0,1,1,1,0,0,0,0,0,0,0,0
1602,1.34356954683825,0.3479582846450865,PA,2023-12-22,0,1,1,1,1,1,1,1,1,1,0,0,0,1,1,1,1,0,1,0
1603,1.59531979030494,0.3011734800385505,PA,2023-12-23,1,1,1,1,1,0,1,1,1,1,1,0,1,1,1,0,1,1,0,1
1604,0.953146433592334,0.224373899715501,PA,2023-12-24,1,1,1,1,1,1,1,1,1,1,1,1,0,1,1,0,1,1,0,1
1605,0.774218509145316,0.3855779565589875,PA,2023-12-25,1,0,1,1,1,1,1,1,1,1,1,0,1,1,1,1,1,1,0,1
1606,4.6760289709895,0.2892834448139515,PA,2023-12-26,1,0,0,0,1,1,0,1,1,0,0,0,0,1,0,0,0,0,0,0
1607,3.45981099449965,0.2634975345324325,PA,2023-12-27,1,0,1,1,1,1,1,0,1,1,1,0,0,0,0,0,0,0,0,0
1608,3.45397002647214,0.226844015087828,PA,2023-12-28,1,1,1,1,1,1,1,1,0,1,1,1,1,0,1,1,1,0,0,0
1609,2.92760020469299,0.2521462700932605,PA,2023-12-29,1,1,1,1,1,1,1,1,1,1,1,1,0,1,0,1,1,1,0,0
1610,1.13134506779248,0.264550330029785,PA,2023-12-30,1,1,1,1,1,1,1,1,1,1,1,1,1,1,1,0,1,1,0,0
1611,1.47863338135551,0.2480027794482395,PA,2023-12-31,1,1,1,1,0,1,1,1,1,1,1,1,0,0,0,0,1,0,0,0
1612,0.810127212723275,0.234476686351772,PA,2024-01-01,1,1,1,1,1,1,1,1,1,1,1,1,1,1,1,0,1,1,0,1
1613,4.92713025327571,0.243646557811,PA,2024-01-02,1,0,1,1,1,1,0,0,1,1,1,0,0,1,0,1,0,0,0,0
1614,5.46827815343264,0.1736276551812255,PA,2024-01-03,0,1,1,1,1,0,1,1,0,1,0,1,1,0,1,0,1,0,0,0
1615,4.11233392782161,0.1623331512641945,PA,2024-01-04,1,1,1,1,1,1,1,1,0,1,1,1,0,0,1,0,0,0,0,1
1616,1.22112478114364,0.1575824194457865,PA,2024-01-05,1,0,1,1,1,1,1,1,1,1,1,0,1,1,1,0,1,1,0,1
1617,1.03084595279733,0.3114830102733615,PA,2024-01-06,1,1,1,1,1,1,1,1,1,0,1,1,1,1,1,0,1,1,1,0
1618,0.799117673419812,0.233810975602831,PA,2024-01-07,1,1,1,0,1,1,1,1,1,1,1,1,0,0,1,0,1,1,1,1
1619,1.95870807654502,0.2473134993060975,PA,2024-01-08,0,1,1,1,1,1,1,1,1,0,1,1,0,1,1,0,1,0,0,1
1620,2.24566853892675,0.154541688026242,PA,2024-01-09,1,1,1,1,0,1,1,1,0,1,0,1,1,1,1,0,0,0,0,0
1621,3.03210170044413,0.1359309005958825,PA,2024-01-10,1,1,1,1,1,1,1,1,0,1,1,0,0,1,1,0,1,1,0,0
1622,5.29571331689072,0.1201393239814815,PA,2024-01-11,1,1,1,1,1,0,1,1,0,1,1,0,1,1,1,0,1,0,0,0
1623,1.15878599546011,0.2508148132237225,PA,2024-01-12,0,1,1,1,1,1,1,1,1,0,0,1,1,1,1,0,1,1,0,0
1624,1.08515463889976,0.1292007550466905,PA,2024-01-13,1,1,1,1,1,1,1,0,1,1,1,1,1,1,1,0,1,0,1,1
1625,0.937101631303011,0.2207722105652605,PA,2024-01-14,1,1,1,1,1,1,1,1,1,1,1,1,1,0,1,0,1,0,0,1
1626,2.20840191723813,0.0837428469722165,PA,2024-01-15,1,1,1,1,1,0,1,1,0,1,1,0,1,1,1,0,0,1,0,1
1627,2.19609220251538,0.1156071499140545,PA,2024-01-16,1,1,1,1,1,1,1,1,0,1,1,0,1,0,1,0,0,0,0,1
1628,3.77539969052756,0.0615642454036705,PA,2024-01-17,1,1,1,1,1,0,1,1,0,1,1,1,1,1,1,0,0,1,0,1
1629,3.29627547938978,0.056607147825418,PA,2024-01-18,1,1,1,1,1,1,1,1,0,1,1,1,1,0,1,1,1,0,0,1
1630,0.878866262926461,0.137587963960384,PA,2024-01-19,1,1,1,1,1,1,1,1,1,0,1,1,1,1,1,1,0,1,0,1
1631,0.611439672905744,0.02446301075451035,PA,2024-01-20,1,1,1,1,1,1,1,1,1,1,1,1,1,1,1,1,1,1,1,1
1632,0.948071363987741,0.4201332774955885,PA,2024-01-21,1,0,1,1,1,1,1,1,1,1,1,0,1,1,1,0,1,1,1,1
1633,2.17082863194757,0.097001196138062,PA,2024-01-22,1,1,1,1,1,1,1,1,0,1,0,1,1,1,1,1,1,1,0,1
1634,3.14210416316922,0.02021183894289955,PA,2024-01-23,1,1,1,1,1,0,1,1,0,1,1,1,1,1,1,0,0,0,0,1
1635,0.87796460730312,0.0811926288542765,PA,2024-01-24,1,1,1,1,1,1,1,1,1,1,1,1,0,1,1,0,1,0,0,1
1636,1.5246228007188,0.120271479978476,PA,2024-01-25,1,1,1,1,0,1,1,1,1,0,1,0,1,1,0,0,1,0,0,0
1637,0.341672756679828,0.01671388467270445,PA,2024-01-26,1,1,1,1,1,1,1,1,1,1,1,1,1,1,1,0,1,1,0,1
1638,0.614861310978657,0.0156929994046514,PA,2024-01-27,1,1,1,1,1,1,1,1,1,1,1,1,1,1,1,0,1,1,0,1
1639,NA,NA,PR,2023-12-17,NA,NA,NA,NA,NA,NA,NA,NA,NA,NA,NA,NA,NA,NA,NA,NA,NA,NA,NA,NA
1640,NA,NA,PR,2023-12-18,NA,NA,NA,NA,NA,NA,NA,NA,NA,NA,NA,NA,NA,NA,NA,NA,NA,NA,NA,NA
1641,NA,NA,PR,2023-12-19,NA,NA,NA,NA,NA,NA,NA,NA,NA,NA,NA,NA,NA,NA,NA,NA,NA,NA,NA,NA
1642,NA,NA,PR,2023-12-20,NA,NA,NA,NA,NA,NA,NA,NA,NA,NA,NA,NA,NA,NA,NA,NA,NA,NA,NA,NA
1643,NA,NA,PR,2023-12-21,NA,NA,NA,NA,NA,NA,NA,NA,NA,NA,NA,NA,NA,NA,NA,NA,NA,NA,NA,NA
1644,NA,NA,PR,2023-12-22,NA,NA,NA,NA,NA,NA,NA,NA,NA,NA,NA,NA,NA,NA,NA,NA,NA,NA,NA,NA
1645,NA,NA,PR,2023-12-23,NA,NA,NA,NA,NA,NA,NA,NA,NA,NA,NA,NA,NA,NA,NA,NA,NA,NA,NA,NA
1646,NA,NA,PR,2023-12-24,NA,NA,NA,NA,NA,NA,NA,NA,NA,NA,NA,NA,NA,NA,NA,NA,NA,NA,NA,NA
1647,NA,NA,PR,2023-12-25,NA,NA,NA,NA,NA,NA,NA,NA,NA,NA,NA,NA,NA,NA,NA,NA,NA,NA,NA,NA
1648,NA,NA,PR,2023-12-26,NA,NA,NA,NA,NA,NA,NA,NA,NA,NA,NA,NA,NA,NA,NA,NA,NA,NA,NA,NA
1649,NA,NA,PR,2023-12-27,NA,NA,NA,NA,NA,NA,NA,NA,NA,NA,NA,NA,NA,NA,NA,NA,NA,NA,NA,NA
1650,NA,NA,PR,2023-12-28,NA,NA,NA,NA,NA,NA,NA,NA,NA,NA,NA,NA,NA,NA,NA,NA,NA,NA,NA,NA
1651,NA,NA,PR,2023-12-29,NA,NA,NA,NA,NA,NA,NA,NA,NA,NA,NA,NA,NA,NA,NA,NA,NA,NA,NA,NA
1652,NA,NA,PR,2023-12-30,NA,NA,NA,NA,NA,NA,NA,NA,NA,NA,NA,NA,NA,NA,NA,NA,NA,NA,NA,NA
1653,NA,NA,PR,2023-12-31,NA,NA,NA,NA,NA,NA,NA,NA,NA,NA,NA,NA,NA,NA,NA,NA,NA,NA,NA,NA
1654,NA,NA,PR,2024-01-01,NA,NA,NA,NA,NA,NA,NA,NA,NA,NA,NA,NA,NA,NA,NA,NA,NA,NA,NA,NA
1655,NA,NA,PR,2024-01-02,NA,NA,NA,NA,NA,NA,NA,NA,NA,NA,NA,NA,NA,NA,NA,NA,NA,NA,NA,NA
1656,NA,NA,PR,2024-01-03,NA,NA,NA,NA,NA,NA,NA,NA,NA,NA,NA,NA,NA,NA,NA,NA,NA,NA,NA,NA
1657,NA,NA,PR,2024-01-04,NA,NA,NA,NA,NA,NA,NA,NA,NA,NA,NA,NA,NA,NA,NA,NA,NA,NA,NA,NA
1658,NA,NA,PR,2024-01-05,NA,NA,NA,NA,NA,NA,NA,NA,NA,NA,NA,NA,NA,NA,NA,NA,NA,NA,NA,NA
1659,NA,NA,PR,2024-01-06,NA,NA,NA,NA,NA,NA,NA,NA,NA,NA,NA,NA,NA,NA,NA,NA,NA,NA,NA,NA
1660,NA,NA,PR,2024-01-07,NA,NA,NA,NA,NA,NA,NA,NA,NA,NA,NA,NA,NA,NA,NA,NA,NA,NA,NA,NA
1661,NA,NA,PR,2024-01-08,NA,NA,NA,NA,NA,NA,NA,NA,NA,NA,NA,NA,NA,NA,NA,NA,NA,NA,NA,NA
1662,NA,NA,PR,2024-01-09,NA,NA,NA,NA,NA,NA,NA,NA,NA,NA,NA,NA,NA,NA,NA,NA,NA,NA,NA,NA
1663,NA,NA,PR,2024-01-10,NA,NA,NA,NA,NA,NA,NA,NA,NA,NA,NA,NA,NA,NA,NA,NA,NA,NA,NA,NA
1664,NA,NA,PR,2024-01-11,NA,NA,NA,NA,NA,NA,NA,NA,NA,NA,NA,NA,NA,NA,NA,NA,NA,NA,NA,NA
1665,NA,NA,PR,2024-01-12,NA,NA,NA,NA,NA,NA,NA,NA,NA,NA,NA,NA,NA,NA,NA,NA,NA,NA,NA,NA
1666,NA,NA,PR,2024-01-13,NA,NA,NA,NA,NA,NA,NA,NA,NA,NA,NA,NA,NA,NA,NA,NA,NA,NA,NA,NA
1667,NA,NA,PR,2024-01-14,NA,NA,NA,NA,NA,NA,NA,NA,NA,NA,NA,NA,NA,NA,NA,NA,NA,NA,NA,NA
1668,NA,NA,PR,2024-01-15,NA,NA,NA,NA,NA,NA,NA,NA,NA,NA,NA,NA,NA,NA,NA,NA,NA,NA,NA,NA
1669,NA,NA,PR,2024-01-16,NA,NA,NA,NA,NA,NA,NA,NA,NA,NA,NA,NA,NA,NA,NA,NA,NA,NA,NA,NA
1670,NA,NA,PR,2024-01-17,NA,NA,NA,NA,NA,NA,NA,NA,NA,NA,NA,NA,NA,NA,NA,NA,NA,NA,NA,NA
1671,NA,NA,PR,2024-01-18,NA,NA,NA,NA,NA,NA,NA,NA,NA,NA,NA,NA,NA,NA,NA,NA,NA,NA,NA,NA
1672,NA,NA,PR,2024-01-19,NA,NA,NA,NA,NA,NA,NA,NA,NA,NA,NA,NA,NA,NA,NA,NA,NA,NA,NA,NA
1673,NA,NA,PR,2024-01-20,NA,NA,NA,NA,NA,NA,NA,NA,NA,NA,NA,NA,NA,NA,NA,NA,NA,NA,NA,NA
1674,NA,NA,PR,2024-01-21,NA,NA,NA,NA,NA,NA,NA,NA,NA,NA,NA,NA,NA,NA,NA,NA,NA,NA,NA,NA
1675,NA,NA,PR,2024-01-22,NA,NA,NA,NA,NA,NA,NA,NA,NA,NA,NA,NA,NA,NA,NA,NA,NA,NA,NA,NA
1676,NA,NA,PR,2024-01-23,NA,NA,NA,NA,NA,NA,NA,NA,NA,NA,NA,NA,NA,NA,NA,NA,NA,NA,NA,NA
1677,NA,NA,PR,2024-01-24,NA,NA,NA,NA,NA,NA,NA,NA,NA,NA,NA,NA,NA,NA,NA,NA,NA,NA,NA,NA
1678,NA,NA,PR,2024-01-25,NA,NA,NA,NA,NA,NA,NA,NA,NA,NA,NA,NA,NA,NA,NA,NA,NA,NA,NA,NA
1679,NA,NA,PR,2024-01-26,NA,NA,NA,NA,NA,NA,NA,NA,NA,NA,NA,NA,NA,NA,NA,NA,NA,NA,NA,NA
1680,NA,NA,PR,2024-01-27,NA,NA,NA,NA,NA,NA,NA,NA,NA,NA,NA,NA,NA,NA,NA,NA,NA,NA,NA,NA
1681,NA,NA,RI,2023-12-17,NA,NA,NA,NA,NA,NA,NA,NA,NA,NA,NA,NA,NA,NA,NA,NA,NA,NA,NA,NA
1682,1.35456349736259,0.414810719251355,RI,2023-12-18,1,1,1,1,1,0,1,1,1,1,1,1,1,0,1,0,1,1,0,1
1683,0.759828829080967,0.395039274309202,RI,2023-12-19,1,1,1,1,1,1,1,1,1,0,1,1,1,1,1,0,1,1,0,0
1684,0.857288320057853,0.403806970436901,RI,2023-12-20,1,1,1,1,1,1,1,1,1,0,1,1,1,1,1,0,0,1,0,0
1685,1.68067854301748,0.4838137241152065,RI,2023-12-21,1,1,1,1,1,0,1,1,0,0,1,1,1,1,1,0,1,1,0,1
1686,NA,NA,RI,2023-12-22,NA,NA,NA,NA,NA,NA,NA,NA,NA,NA,NA,NA,NA,NA,NA,NA,NA,NA,NA,NA
1687,NA,NA,RI,2023-12-23,NA,NA,NA,NA,NA,NA,NA,NA,NA,NA,NA,NA,NA,NA,NA,NA,NA,NA,NA,NA
1688,0.189969101504589,0.1789446665594275,RI,2023-12-24,1,1,1,1,1,1,1,1,1,1,1,1,1,1,0,1,1,1,0,1
1689,NA,NA,RI,2023-12-25,NA,NA,NA,NA,NA,NA,NA,NA,NA,NA,NA,NA,NA,NA,NA,NA,NA,NA,NA,NA
1690,1.9818812560513,0.381951858610542,RI,2023-12-26,0,0,1,1,1,1,1,1,1,1,0,0,1,1,1,0,1,1,0,1
1691,1.47894626662703,0.31890011380624,RI,2023-12-27,1,1,1,1,1,1,1,1,1,1,0,0,0,0,1,0,1,0,0,0
1692,3.57525630010263,0.223888596389756,RI,2023-12-28,1,1,1,1,1,0,1,1,0,1,1,0,1,0,1,0,1,0,0,1
1693,3.68384310009647,0.2000096971265925,RI,2023-12-29,1,1,1,1,1,0,1,1,0,1,1,1,1,0,1,1,1,1,0,0
1694,1.12533287624435,0.2122330268892225,RI,2023-12-30,1,1,1,1,1,1,1,1,0,1,1,1,1,0,1,1,1,1,0,0
1695,NA,NA,RI,2023-12-31,NA,NA,NA,NA,NA,NA,NA,NA,NA,NA,NA,NA,NA,NA,NA,NA,NA,NA,NA,NA
1696,NA,NA,RI,2024-01-01,NA,NA,NA,NA,NA,NA,NA,NA,NA,NA,NA,NA,NA,NA,NA,NA,NA,NA,NA,NA
1697,6.10192910197794,0.158247136496517,RI,2024-01-02,1,1,1,1,1,0,1,1,0,1,1,0,1,0,1,0,1,1,0,0
1698,1.9256127383685,0.259200279911704,RI,2024-01-03,1,1,1,1,1,0,1,1,1,1,1,1,1,0,1,0,1,1,0,1
1699,0.961210226143239,0.2795739393476805,RI,2024-01-04,1,1,1,1,1,0,1,1,1,1,1,1,1,1,0,0,1,1,1,1
1700,0.774029220398055,0.154292363246923,RI,2024-01-05,1,1,1,1,1,1,1,1,0,1,1,1,1,1,1,0,1,1,0,1
1701,1.46773499775724,0.1532439037665195,RI,2024-01-06,1,1,1,1,1,1,1,1,0,1,1,1,1,1,1,0,1,1,0,1
1702,0.175192761812798,0.1523204052733465,RI,2024-01-07,1,1,1,1,1,1,1,1,1,1,1,1,1,1,1,1,1,1,1,1
1703,5.88110491168105,0.1793053651688315,RI,2024-01-08,1,1,1,1,1,1,1,1,0,1,1,1,1,1,1,0,1,1,1,0
1704,7.84575981282603,0.1627245379014845,RI,2024-01-09,1,1,1,1,1,0,1,1,0,1,1,1,0,0,1,0,1,0,0,0
1705,8.52615515169565,0.1502434171450245,RI,2024-01-10,1,1,1,1,1,0,1,1,0,1,1,1,1,0,0,0,1,1,0,1
1706,1.56272836320099,0.282215056065967,RI,2024-01-11,1,1,1,1,1,1,1,1,1,1,1,0,1,1,1,0,1,1,0,0
1707,2.38392597777018,0.2924564901284575,RI,2024-01-12,1,1,1,1,1,1,1,1,1,0,1,0,1,1,1,0,1,0,0,0
1708,0.470820409489923,0.1490948608569145,RI,2024-01-13,1,1,1,1,1,1,1,1,1,1,1,1,1,1,1,1,1,1,1,1
1709,1.16138948009942,0.148894741978202,RI,2024-01-14,1,1,1,1,1,1,1,1,0,1,1,1,1,1,1,0,1,1,0,1
1710,0.465323695297395,0.148777973896743,RI,2024-01-15,1,1,1,1,1,1,1,1,1,1,1,1,1,1,1,1,1,1,1,1
1711,2.81961089209514,0.1487399132614315,RI,2024-01-16,1,1,1,1,1,1,1,1,0,1,1,1,0,1,0,0,1,1,0,1
1712,3.34892900775188,0.173958383507111,RI,2024-01-17,1,1,1,1,1,1,1,1,0,1,1,1,1,1,1,0,0,0,0,1
1713,4.70723513005618,0.1488818558958815,RI,2024-01-18,1,1,1,1,1,0,1,1,0,1,1,1,1,1,1,0,1,0,0,1
1714,0.494678413336834,0.1490530770372295,RI,2024-01-19,1,1,1,1,1,1,1,1,1,1,1,1,1,1,1,1,1,1,1,1
1715,1.18155206588733,0.1492854366421175,RI,2024-01-20,1,1,1,1,1,1,1,1,0,1,1,1,1,1,1,0,1,1,0,1
1716,0.499270176418747,0.1495747817176935,RI,2024-01-21,1,1,1,1,1,1,1,1,1,1,1,1,1,1,1,1,1,1,1,1
1717,4.95453755719432,0.1499170534060255,RI,2024-01-22,1,1,1,1,1,0,1,1,0,1,1,1,1,0,0,0,0,1,0,1
1718,2.91067297439514,0.150308287639178,RI,2024-01-23,1,1,1,1,1,1,1,1,0,1,1,1,1,1,1,1,1,1,1,1
1719,1.8897672027668,0.1507446164806655,RI,2024-01-24,1,1,1,1,1,1,1,1,0,1,1,1,1,1,1,0,1,1,0,1
1720,5.12257940333738,0.15122227004169,RI,2024-01-25,1,1,1,1,1,0,1,1,0,1,1,1,1,1,1,0,1,0,0,1
1721,4.72981754434107,0.15173757884648,RI,2024-01-26,1,1,1,1,1,0,1,1,0,1,1,1,1,0,1,0,1,1,0,1
1722,1.25062220333188,0.152286976510362,RI,2024-01-27,1,1,1,1,1,1,1,1,0,1,1,0,1,1,1,0,1,1,0,1
1723,NA,NA,SC,2023-12-17,NA,NA,NA,NA,NA,NA,NA,NA,NA,NA,NA,NA,NA,NA,NA,NA,NA,NA,NA,NA
1724,4.14331302661726,0.4546463512961685,SC,2023-12-18,0,1,1,0,1,1,1,1,0,1,0,0,0,0,1,0,1,1,0,0
1725,1.28782212710314,0.4779625861234765,SC,2023-12-19,1,1,1,1,1,1,1,0,1,0,1,1,0,1,1,1,1,0,0,0
1726,1.9368252871871,0.3784121211340645,SC,2023-12-20,0,1,1,1,1,1,1,1,1,1,1,0,0,0,1,0,1,1,0,1
1727,0.763471360272287,0.39890477700983,SC,2023-12-21,1,0,1,1,1,1,1,1,1,1,1,0,1,1,1,0,1,1,1,1
1728,2.9116156899928902,0.442899383562049,SC,2023-12-22,1,0,1,1,1,1,1,1,1,1,1,0,1,0,1,1,1,1,0,1
1729,NA,NA,SC,2023-12-23,NA,NA,NA,NA,NA,NA,NA,NA,NA,NA,NA,NA,NA,NA,NA,NA,NA,NA,NA,NA
1730,NA,NA,SC,2023-12-24,NA,NA,NA,NA,NA,NA,NA,NA,NA,NA,NA,NA,NA,NA,NA,NA,NA,NA,NA,NA
1731,NA,NA,SC,2023-12-25,NA,NA,NA,NA,NA,NA,NA,NA,NA,NA,NA,NA,NA,NA,NA,NA,NA,NA,NA,NA
1732,2.20623810371498,0.50813440862999,SC,2023-12-26,1,1,1,0,1,1,1,1,1,1,1,1,1,0,1,0,1,1,0,1
1733,2.08141898693264,0.315851725690329,SC,2023-12-27,1,1,1,1,1,1,1,1,0,1,1,1,0,0,1,1,1,1,0,1
1734,1.58196671979945,0.3811243902480535,SC,2023-12-28,1,0,1,1,1,0,1,1,1,1,1,0,1,0,1,0,1,1,1,1
1735,2.4133440270458,0.54328616270787,SC,2023-12-29,1,0,1,1,1,1,1,1,0,1,1,0,1,1,1,1,1,0,0,1
1736,NA,NA,SC,2023-12-30,NA,NA,NA,NA,NA,NA,NA,NA,NA,NA,NA,NA,NA,NA,NA,NA,NA,NA,NA,NA
1737,NA,NA,SC,2023-12-31,NA,NA,NA,NA,NA,NA,NA,NA,NA,NA,NA,NA,NA,NA,NA,NA,NA,NA,NA,NA
1738,0.316707512835702,0.216731853504169,SC,2024-01-01,1,1,1,1,1,1,1,1,1,1,1,1,0,1,1,1,1,1,0,1
1739,0.449850673366689,0.303608654897851,SC,2024-01-02,1,1,1,1,1,1,1,1,1,1,1,1,1,1,1,0,1,1,0,1
1740,1.65862768846984,0.4659517218910105,SC,2024-01-03,0,1,1,1,1,1,0,1,1,1,0,1,0,0,1,0,0,0,0,1
1741,1.97823484409595,0.35570462552653,SC,2024-01-04,1,1,1,1,1,0,0,1,1,1,1,1,0,0,1,0,0,1,0,1
1742,1.3755600776964,0.3064632539089885,SC,2024-01-05,0,1,1,1,1,1,1,1,0,1,0,0,0,0,1,1,1,1,0,1
1743,NA,NA,SC,2024-01-06,NA,NA,NA,NA,NA,NA,NA,NA,NA,NA,NA,NA,NA,NA,NA,NA,NA,NA,NA,NA
1744,1.26038742159477,0.4102399974697805,SC,2024-01-07,1,1,1,1,1,0,1,1,1,1,1,0,1,1,1,0,1,1,0,1
1745,2.74897219756227,0.225382255923027,SC,2024-01-08,1,1,1,1,1,1,1,1,0,1,0,1,0,0,1,0,1,1,0,1
1746,0.274136361145899,0.1965598320401095,SC,2024-01-09,1,1,1,1,1,1,1,1,1,1,1,0,1,1,1,1,1,1,0,1
1747,1.22677681783124,0.4061432426406275,SC,2024-01-10,1,1,1,1,1,0,1,0,1,1,1,1,0,1,1,0,1,0,0,1
1748,0.481868501854584,0.3074341389262655,SC,2024-01-11,1,1,1,1,1,1,1,1,1,1,1,1,1,1,1,1,1,1,1,1
1749,0.488706982837848,0.3079811957412825,SC,2024-01-12,1,1,1,1,1,1,1,1,1,1,1,0,1,0,1,0,1,1,0,1
1750,NA,NA,SC,2024-01-13,NA,NA,NA,NA,NA,NA,NA,NA,NA,NA,NA,NA,NA,NA,NA,NA,NA,NA,NA,NA
1751,NA,NA,SC,2024-01-14,NA,NA,NA,NA,NA,NA,NA,NA,NA,NA,NA,NA,NA,NA,NA,NA,NA,NA,NA,NA
1752,0.622697493032914,0.4318112603835115,SC,2024-01-15,1,1,1,1,1,0,1,1,1,1,1,1,1,0,1,0,1,1,1,1
1753,1.16948917062368,0.186606701173838,SC,2024-01-16,1,1,1,1,1,1,1,1,0,1,1,1,0,0,1,0,1,1,0,1
1754,NA,NA,SC,2024-01-17,NA,NA,NA,NA,NA,NA,NA,NA,NA,NA,NA,NA,NA,NA,NA,NA,NA,NA,NA,NA
1755,1.37117068183721,0.2497635657538765,SC,2024-01-18,1,1,1,1,1,1,1,1,0,1,1,1,1,0,1,1,1,1,0,1
1756,0.686006422664033,0.3625037974868485,SC,2024-01-19,1,0,1,1,1,1,1,1,1,1,1,0,0,1,1,1,1,1,1,1
1757,NA,NA,SC,2024-01-20,NA,NA,NA,NA,NA,NA,NA,NA,NA,NA,NA,NA,NA,NA,NA,NA,NA,NA,NA,NA
1758,NA,NA,SC,2024-01-21,NA,NA,NA,NA,NA,NA,NA,NA,NA,NA,NA,NA,NA,NA,NA,NA,NA,NA,NA,NA
1759,1.18307854092078,0.183174946903966,SC,2024-01-22,1,1,1,1,1,1,1,1,0,1,1,1,1,0,1,1,1,1,0,1
1760,0.744931963474517,0.183046371337744,SC,2024-01-23,1,1,1,1,1,1,1,1,0,1,1,1,0,0,1,1,1,1,0,1
1761,0.84183460800981,0.61056417871062,SC,2024-01-24,1,1,1,1,1,1,1,1,1,0,1,1,1,0,1,1,1,1,1,0
1762,1.75257062803077,0.227533826266126,SC,2024-01-25,1,1,1,1,1,1,1,1,0,1,1,0,1,0,1,1,1,1,0,1
1763,1.65638456424985,0.1834218255981655,SC,2024-01-26,1,1,1,1,1,1,1,1,0,1,1,1,1,0,1,1,1,1,0,1
1764,NA,NA,SC,2024-01-27,NA,NA,NA,NA,NA,NA,NA,NA,NA,NA,NA,NA,NA,NA,NA,NA,NA,NA,NA,NA
1765,0.809186336897073,0.393767059153342,SD,2023-12-17,1,1,1,1,0,1,1,1,1,1,1,1,0,1,0,1,1,1,1,1
1766,1.71671766268497,0.470889300692479,SD,2023-12-18,0,1,1,1,0,0,1,1,0,1,0,1,0,1,0,0,1,1,0,1
1767,1.67573559609891,0.51189754470791,SD,2023-12-19,1,1,1,1,1,0,1,0,0,1,1,1,0,1,1,0,1,0,0,0
1768,0.661550295276739,0.4516038689970765,SD,2023-12-20,1,1,1,1,1,1,1,1,0,1,0,1,1,1,1,1,1,1,0,1
1769,NA,NA,SD,2023-12-21,NA,NA,NA,NA,NA,NA,NA,NA,NA,NA,NA,NA,NA,NA,NA,NA,NA,NA,NA,NA
1770,1.09798835757982,0.524302430767385,SD,2023-12-22,1,0,1,1,1,1,1,1,1,1,1,0,0,1,1,0,1,1,0,1
1771,0.903216242409888,0.623974465421995,SD,2023-12-23,1,1,1,1,0,1,1,1,1,1,1,1,1,1,0,1,1,1,0,1
1772,1.33196087311461,0.62115147519692,SD,2023-12-24,0,0,1,1,1,1,1,1,1,1,0,0,1,1,1,1,1,1,0,1
1773,NA,NA,SD,2023-12-25,NA,NA,NA,NA,NA,NA,NA,NA,NA,NA,NA,NA,NA,NA,NA,NA,NA,NA,NA,NA
1774,1.40581301479494,0.51939900130177,SD,2023-12-26,1,1,1,1,0,0,1,1,1,1,1,1,1,1,0,0,1,1,1,1
1775,1.09910449086957,0.3828206723573075,SD,2023-12-27,1,1,1,1,1,1,1,1,0,1,1,1,0,1,1,0,1,1,0,1
1776,1.47987546815807,0.4736336103379005,SD,2023-12-28,0,1,1,1,0,0,1,1,1,1,0,1,1,1,0,0,1,1,0,1
1777,0.89317124782534,0.4053285277637985,SD,2023-12-29,1,1,1,1,0,1,1,1,1,1,1,1,0,1,0,1,1,1,1,1
1778,NA,NA,SD,2023-12-30,NA,NA,NA,NA,NA,NA,NA,NA,NA,NA,NA,NA,NA,NA,NA,NA,NA,NA,NA,NA
1779,NA,NA,SD,2023-12-31,NA,NA,NA,NA,NA,NA,NA,NA,NA,NA,NA,NA,NA,NA,NA,NA,NA,NA,NA,NA
1780,1.28295271427487,0.4044021879181175,SD,2024-01-01,1,1,1,1,1,1,0,1,0,1,1,1,0,1,1,1,1,1,0,1
1781,2.47357409581751,0.3933201377230145,SD,2024-01-02,1,0,1,1,1,0,1,1,0,1,1,0,0,1,1,0,1,1,0,1
1782,1.28546620008336,0.385886084614978,SD,2024-01-03,1,1,1,1,1,1,1,1,0,1,1,1,0,1,1,1,1,1,0,1
1783,1.07630763529305,0.497153504448989,SD,2024-01-04,1,1,1,1,1,1,1,1,1,0,1,1,1,1,1,0,1,1,0,0
1784,NA,NA,SD,2024-01-05,NA,NA,NA,NA,NA,NA,NA,NA,NA,NA,NA,NA,NA,NA,NA,NA,NA,NA,NA,NA
1785,NA,NA,SD,2024-01-06,NA,NA,NA,NA,NA,NA,NA,NA,NA,NA,NA,NA,NA,NA,NA,NA,NA,NA,NA,NA
1786,NA,NA,SD,2024-01-07,NA,NA,NA,NA,NA,NA,NA,NA,NA,NA,NA,NA,NA,NA,NA,NA,NA,NA,NA,NA
1787,NA,NA,SD,2024-01-08,NA,NA,NA,NA,NA,NA,NA,NA,NA,NA,NA,NA,NA,NA,NA,NA,NA,NA,NA,NA
1788,NA,NA,SD,2024-01-09,NA,NA,NA,NA,NA,NA,NA,NA,NA,NA,NA,NA,NA,NA,NA,NA,NA,NA,NA,NA
1789,NA,NA,SD,2024-01-10,NA,NA,NA,NA,NA,NA,NA,NA,NA,NA,NA,NA,NA,NA,NA,NA,NA,NA,NA,NA
1790,NA,NA,SD,2024-01-11,NA,NA,NA,NA,NA,NA,NA,NA,NA,NA,NA,NA,NA,NA,NA,NA,NA,NA,NA,NA
1791,NA,NA,SD,2024-01-12,NA,NA,NA,NA,NA,NA,NA,NA,NA,NA,NA,NA,NA,NA,NA,NA,NA,NA,NA,NA
1792,NA,NA,SD,2024-01-13,NA,NA,NA,NA,NA,NA,NA,NA,NA,NA,NA,NA,NA,NA,NA,NA,NA,NA,NA,NA
1793,NA,NA,SD,2024-01-14,NA,NA,NA,NA,NA,NA,NA,NA,NA,NA,NA,NA,NA,NA,NA,NA,NA,NA,NA,NA
1794,NA,NA,SD,2024-01-15,NA,NA,NA,NA,NA,NA,NA,NA,NA,NA,NA,NA,NA,NA,NA,NA,NA,NA,NA,NA
1795,0.564467984897099,0.342542456784398,SD,2024-01-16,1,1,1,1,1,1,1,1,0,1,1,1,1,1,1,1,1,1,1,1
1796,1.84114207135535,0.531501515501665,SD,2024-01-17,1,1,1,1,1,0,0,1,1,1,1,1,0,1,1,0,0,1,0,1
1797,NA,NA,SD,2024-01-18,NA,NA,NA,NA,NA,NA,NA,NA,NA,NA,NA,NA,NA,NA,NA,NA,NA,NA,NA,NA
1798,0.538964283790525,0.3341018019958225,SD,2024-01-19,1,1,1,1,1,1,1,1,1,1,1,1,1,1,1,1,1,1,0,0
1799,NA,NA,SD,2024-01-20,NA,NA,NA,NA,NA,NA,NA,NA,NA,NA,NA,NA,NA,NA,NA,NA,NA,NA,NA,NA
1800,1.90770758860793,0.328681144927958,SD,2024-01-21,1,1,1,1,1,0,1,1,0,1,1,1,0,1,1,1,1,0,0,1
1801,NA,NA,SD,2024-01-22,NA,NA,NA,NA,NA,NA,NA,NA,NA,NA,NA,NA,NA,NA,NA,NA,NA,NA,NA,NA
1802,NA,NA,SD,2024-01-23,NA,NA,NA,NA,NA,NA,NA,NA,NA,NA,NA,NA,NA,NA,NA,NA,NA,NA,NA,NA
1803,NA,NA,SD,2024-01-24,NA,NA,NA,NA,NA,NA,NA,NA,NA,NA,NA,NA,NA,NA,NA,NA,NA,NA,NA,NA
1804,NA,NA,SD,2024-01-25,NA,NA,NA,NA,NA,NA,NA,NA,NA,NA,NA,NA,NA,NA,NA,NA,NA,NA,NA,NA
1805,NA,NA,SD,2024-01-26,NA,NA,NA,NA,NA,NA,NA,NA,NA,NA,NA,NA,NA,NA,NA,NA,NA,NA,NA,NA
1806,NA,NA,SD,2024-01-27,NA,NA,NA,NA,NA,NA,NA,NA,NA,NA,NA,NA,NA,NA,NA,NA,NA,NA,NA,NA
1807,0.47114424416352,0.3671061099530055,TN,2023-12-17,1,1,1,1,1,1,1,1,1,1,1,1,0,1,1,1,1,1,0,1
1808,1.64985023522889,0.4299290476678125,TN,2023-12-18,1,1,1,1,1,1,1,1,1,0,0,1,0,0,1,0,1,0,1,0
1809,1.35849103881759,0.3064492799489285,TN,2023-12-19,1,1,1,1,1,1,1,1,1,1,1,1,0,0,1,1,1,1,0,1
1810,2.72377683399384,0.4706251618154325,TN,2023-12-20,0,1,1,0,1,0,1,1,1,1,0,0,1,0,1,0,1,1,0,0
1811,1.4650229248576,0.3009044005387585,TN,2023-12-21,1,1,1,1,0,0,1,1,1,1,0,1,0,1,0,0,1,1,0,0
1812,0.850719861750818,0.3469846662788405,TN,2023-12-22,1,1,1,1,1,1,1,1,1,0,1,1,0,1,1,0,1,1,0,0
1813,1.5021474190921,0.533540493519885,TN,2023-12-23,1,0,1,0,1,0,1,0,1,1,1,0,0,0,1,0,1,0,0,1
1814,0.922871779375079,0.38313284879924703,TN,2023-12-24,1,1,1,1,1,1,1,0,1,1,0,1,0,0,1,0,1,0,0,1
1815,0.709612079923994,0.38675789948232703,TN,2023-12-25,1,0,1,1,1,1,1,1,1,1,1,0,1,0,0,0,1,1,1,1
1816,2.60680365115008,0.4168671500692775,TN,2023-12-26,0,1,1,1,1,1,1,1,1,1,0,1,0,0,1,0,1,1,1,1
1817,1.66977360426511,0.295204639720774,TN,2023-12-27,1,1,1,1,1,0,1,1,1,1,1,1,0,1,0,0,1,1,0,0
1818,0.697067272673733,0.281978744668569,TN,2023-12-28,1,1,1,1,1,1,1,1,1,1,1,1,0,1,1,0,1,1,0,0
1819,4.14774118702134,0.3438052568885415,TN,2023-12-29,1,1,1,1,1,0,1,1,0,1,1,1,0,1,1,0,1,1,0,1
1820,1.05438661185775,0.449752819792721,TN,2023-12-30,1,1,1,1,0,1,1,0,1,1,1,1,1,1,0,0,1,0,1,1
1821,0.627743236572907,0.254366401190861,TN,2023-12-31,1,1,1,1,1,1,1,1,1,1,1,1,1,1,1,1,1,1,1,1
1822,1.6869419249836901,0.3792860692092905,TN,2024-01-01,1,1,1,1,1,1,1,0,0,1,1,0,1,1,1,0,1,0,0,0
1823,1.50054440243463,0.367046897915396,TN,2024-01-02,1,1,0,1,1,1,1,1,1,1,1,1,0,1,1,0,1,0,0,0
1824,2.82388181419401,0.4594155485031155,TN,2024-01-03,1,0,1,1,1,0,1,1,1,1,0,0,1,0,1,0,1,1,0,0
1825,1.59058555029924,0.37733717256982,TN,2024-01-04,1,1,1,1,1,1,1,1,0,1,1,1,0,0,1,0,1,1,0,1
1826,1.55320310048512,0.372706823031764,TN,2024-01-05,1,1,1,1,1,1,1,1,0,1,1,1,0,1,1,0,1,1,0,1
1827,1.53841012409824,0.37492952526556,TN,2024-01-06,1,1,1,1,1,1,1,1,0,1,1,1,1,1,1,0,1,1,0,1
1828,0.860528421908532,0.348179723388677,TN,2024-01-07,1,0,1,1,1,1,1,1,1,1,0,0,0,0,1,0,1,1,0,1
1829,1.40604926412271,0.389703473084965,TN,2024-01-08,1,1,1,1,1,1,1,1,1,1,1,0,1,0,1,0,1,0,0,0
1830,2.75798806026424,0.3822725436127205,TN,2024-01-09,1,1,1,1,1,0,1,1,0,1,1,1,0,0,1,0,1,1,0,1
1831,1.7074412299593,0.344596420465566,TN,2024-01-10,1,1,1,1,0,1,1,1,0,1,1,0,0,0,0,1,1,1,0,1
1832,1.13533840806554,0.4700627296374225,TN,2024-01-11,1,1,0,1,1,1,0,1,1,1,1,1,0,1,1,1,0,0,1,0
1833,0.42708263874699,0.390349931342975,TN,2024-01-12,1,1,1,1,1,1,1,1,1,1,1,1,1,1,1,1,1,1,1,1
1834,0.420022177512798,0.3931405154066025,TN,2024-01-13,1,1,1,1,1,1,1,1,1,1,0,1,1,1,1,1,1,1,0,1
1835,0.966396400281782,0.395955965609538,TN,2024-01-14,1,1,1,1,1,1,1,1,0,1,1,0,1,0,1,1,1,1,0,1
1836,1.08506672043191,0.3133441299537445,TN,2024-01-15,1,1,0,1,1,1,1,1,1,1,1,1,0,1,1,1,1,1,0,1
1837,0.803688990783968,0.4953584073006255,TN,2024-01-16,1,1,1,0,1,1,1,1,1,1,1,1,1,0,1,0,1,1,0,1
1838,2.10745421650878,0.4044029103784095,TN,2024-01-17,1,1,1,1,1,0,1,1,0,1,1,1,1,1,1,0,1,1,0,1
1839,0.98434708889675,0.4071689746288145,TN,2024-01-18,1,1,1,1,1,1,1,1,0,1,1,1,1,1,1,0,1,1,0,1
1840,1.6737275360877,0.361386225297328,TN,2024-01-19,1,1,1,1,1,1,1,1,0,1,1,1,1,1,1,0,1,1,0,1
1841,0.430671870361201,0.412537968120798,TN,2024-01-20,1,1,1,1,1,1,1,1,1,1,1,1,1,1,1,0,1,1,0,1
1842,1.21343609786694,0.3524989657285465,TN,2024-01-21,1,1,1,1,1,1,1,1,0,1,1,1,0,0,1,0,1,1,0,1
1843,NA,NA,TN,2024-01-22,NA,NA,NA,NA,NA,NA,NA,NA,NA,NA,NA,NA,NA,NA,NA,NA,NA,NA,NA,NA
1844,1.54064633598913,0.4199706777374645,TN,2024-01-23,1,1,1,1,1,1,1,1,0,1,1,1,1,0,1,1,1,1,0,1
1845,1.21468937694109,0.3570019388400825,TN,2024-01-24,1,1,1,1,1,1,1,1,0,1,1,1,1,1,1,1,1,1,0,0
1846,3.28022815789977,0.424357616571844,TN,2024-01-25,1,1,1,1,1,0,1,1,0,1,1,1,1,0,1,0,1,1,0,1
1847,2.12226604856324,0.4263449105825995,TN,2024-01-26,1,1,1,1,1,1,1,1,0,1,0,1,1,1,1,0,1,1,0,0
1848,0.977655276260744,0.428180821039729,TN,2024-01-27,1,1,1,1,1,1,1,1,0,1,1,1,1,1,1,1,1,1,1,1
1849,0.967847973230294,0.4714401134184965,TX,2023-12-17,1,1,0,1,1,1,1,1,1,1,1,1,1,1,1,0,1,1,0,1
1850,0.926937928661989,0.357589939091751,TX,2023-12-18,1,1,1,1,1,1,1,1,1,1,1,1,1,1,1,0,1,0,1,1
1851,1.0083739924333,0.483914553295393,TX,2023-12-19,1,1,0,1,1,1,1,1,1,1,0,1,0,1,1,0,1,1,0,1
1852,2.72259529008121,0.3971326363403995,TX,2023-12-20,1,0,1,1,1,0,1,1,0,1,1,0,1,1,1,0,1,0,0,0
1853,1.86112660855925,0.275132000741965,TX,2023-12-21,1,1,1,1,1,0,1,1,1,1,1,0,0,1,1,0,1,0,0,1
1854,1.47245059853119,0.327789889732764,TX,2023-12-22,0,1,1,1,0,1,1,1,1,1,0,0,0,0,0,1,1,1,0,1
1855,0.531281941805557,0.2560742528867855,TX,2023-12-23,1,1,1,1,1,1,1,1,1,1,1,1,1,0,1,1,1,1,0,1
1856,0.506454140281532,0.1600304566417075,TX,2023-12-24,1,1,1,1,1,1,1,1,1,1,1,1,1,1,1,1,1,1,1,1
1857,NA,NA,TX,2023-12-25,NA,NA,NA,NA,NA,NA,NA,NA,NA,NA,NA,NA,NA,NA,NA,NA,NA,NA,NA,NA
1858,1.48879304829027,0.387009151649663,TX,2023-12-26,1,1,0,1,1,1,1,1,1,0,1,1,0,1,1,0,1,1,1,0
1859,1.19078678995532,0.347558391920746,TX,2023-12-27,1,1,1,1,1,1,1,1,1,1,1,0,0,1,0,0,1,1,1,1
1860,1.8595442809186,0.330492605677482,TX,2023-12-28,0,1,1,1,1,0,1,1,1,1,0,1,1,0,1,0,1,0,0,1
1861,0.778137649894078,0.3386551373898625,TX,2023-12-29,1,1,0,1,1,1,1,1,1,1,1,1,1,1,1,0,1,0,1,1
1862,0.766654831093698,0.48869226996411,TX,2023-12-30,1,1,1,1,1,0,1,1,1,1,1,1,1,1,1,0,1,1,0,1
1863,NA,NA,TX,2023-12-31,NA,NA,NA,NA,NA,NA,NA,NA,NA,NA,NA,NA,NA,NA,NA,NA,NA,NA,NA,NA
1864,0.656260918424488,0.285195510815541,TX,2024-01-01,1,1,1,1,1,1,1,0,1,1,1,1,0,1,1,1,1,1,0,1
1865,1.56728753404183,0.301864005902713,TX,2024-01-02,1,1,1,1,1,1,1,0,1,0,1,0,1,0,1,1,1,0,0,0
1866,2.23241285105499,0.116096641022062,TX,2024-01-03,1,1,1,1,1,1,1,1,0,1,1,0,1,0,1,0,1,1,0,1
1867,0.364892320883465,0.112904280689805,TX,2024-01-04,1,1,1,1,1,1,1,1,1,1,1,1,1,1,1,1,1,1,1,1
1868,1.08859552635187,0.228926649408183,TX,2024-01-05,1,1,1,1,1,0,1,1,1,1,1,1,1,1,1,0,1,1,0,1
1869,0.708400340671663,0.281541970212628,TX,2024-01-06,1,0,1,1,1,1,1,1,1,1,1,0,1,1,1,0,1,1,1,1
1870,NA,NA,TX,2024-01-07,NA,NA,NA,NA,NA,NA,NA,NA,NA,NA,NA,NA,NA,NA,NA,NA,NA,NA,NA,NA
1871,1.97518097052664,0.2489413905424435,TX,2024-01-08,1,1,1,1,1,1,1,1,1,1,1,1,0,1,1,1,1,0,0,0
1872,1.95105400745267,0.1403301664653125,TX,2024-01-09,1,1,1,1,1,1,1,1,0,1,0,1,1,1,1,1,1,0,0,1
1873,0.595209851908502,0.211213999123072,TX,2024-01-10,1,1,1,1,1,1,1,1,1,1,0,1,1,0,1,1,1,1,0,1
1874,2.08794239468106,0.095362531922225,TX,2024-01-11,1,1,1,1,1,1,1,1,0,1,1,0,0,1,1,0,1,1,0,1
1875,1.69981254625314,0.14821144880019,TX,2024-01-12,1,1,1,1,1,1,1,1,0,1,0,1,1,1,1,1,0,1,0,1
1876,0.292634242736194,0.091713687625673,TX,2024-01-13,1,1,1,1,1,1,1,1,1,1,0,1,1,1,1,1,1,1,0,1
1877,1.22295756755021,0.0900913558398615,TX,2024-01-14,1,1,1,1,1,1,1,1,0,1,0,0,1,1,1,1,1,1,0,1
1878,0.690237387506749,0.0885983813056555,TX,2024-01-15,1,1,1,1,1,1,1,1,0,1,1,1,1,1,1,0,1,1,0,1
1879,1.08788494229651,0.1919894583443435,TX,2024-01-16,1,1,1,1,1,1,1,1,1,1,1,0,0,0,1,0,1,1,1,1
1880,1.88118368659443,0.1971152121094165,TX,2024-01-17,1,1,1,1,1,1,0,1,1,1,1,0,1,0,0,0,0,0,0,1
1881,0.947903071944411,0.3036334297115685,TX,2024-01-18,1,1,1,1,1,1,1,1,1,0,1,1,1,0,1,1,1,1,1,0
1882,2.31219654521678,0.289026372276564,TX,2024-01-19,1,1,1,1,1,1,0,1,1,1,1,1,1,0,1,1,0,1,0,1
1883,1.29629250474418,0.082959011261598,TX,2024-01-20,1,1,1,1,1,1,1,1,0,1,1,0,1,1,1,0,1,1,0,0
1884,2.44996647421235,0.519213394040715,TX,2024-01-21,1,0,1,1,1,0,1,1,0,0,1,0,0,1,1,1,1,1,0,0
1885,2.61476921866156,0.200486049191792,TX,2024-01-22,0,1,1,1,1,1,0,1,1,1,0,0,0,0,0,0,0,0,0,1
1886,2.08098403934619,0.14556006447167,TX,2024-01-23,1,1,1,1,1,1,1,1,0,1,1,0,1,1,0,0,1,0,0,1
1887,1.80281594747917,0.0804908692294235,TX,2024-01-24,1,1,1,1,1,1,1,1,0,1,1,1,0,0,1,0,1,1,0,0
1888,1.57189502562925,0.135256696766682,TX,2024-01-25,1,1,1,1,1,1,1,1,0,0,0,1,0,1,0,0,1,0,0,0
1889,2.01986184412391,0.079901463782572,TX,2024-01-26,1,1,1,1,1,1,1,1,0,1,1,0,1,1,1,1,1,0,0,1
1890,NA,NA,TX,2024-01-27,NA,NA,NA,NA,NA,NA,NA,NA,NA,NA,NA,NA,NA,NA,NA,NA,NA,NA,NA,NA
1891,NA,NA,UT,2023-12-17,NA,NA,NA,NA,NA,NA,NA,NA,NA,NA,NA,NA,NA,NA,NA,NA,NA,NA,NA,NA
1892,0.761698595344563,0.390011531936707,UT,2023-12-18,1,1,1,1,1,1,1,1,1,1,1,1,0,0,1,1,1,1,1,1
1893,NA,NA,UT,2023-12-19,NA,NA,NA,NA,NA,NA,NA,NA,NA,NA,NA,NA,NA,NA,NA,NA,NA,NA,NA,NA
1894,0.734667376051499,0.197754187161951,UT,2023-12-20,1,1,1,1,1,0,1,1,1,1,1,1,0,1,1,0,1,1,1,1
1895,1.33599676746091,0.4349143139817955,UT,2023-12-21,1,1,1,1,1,1,1,1,0,1,0,1,1,1,1,0,1,1,0,1
1896,0.61413529263081,0.4333270076020565,UT,2023-12-22,1,1,1,1,1,1,1,1,0,1,1,1,1,1,1,1,1,1,1,1
1897,NA,NA,UT,2023-12-23,NA,NA,NA,NA,NA,NA,NA,NA,NA,NA,NA,NA,NA,NA,NA,NA,NA,NA,NA,NA
1898,NA,NA,UT,2023-12-24,NA,NA,NA,NA,NA,NA,NA,NA,NA,NA,NA,NA,NA,NA,NA,NA,NA,NA,NA,NA
1899,NA,NA,UT,2023-12-25,NA,NA,NA,NA,NA,NA,NA,NA,NA,NA,NA,NA,NA,NA,NA,NA,NA,NA,NA,NA
1900,0.918946964035836,0.4750755269051505,UT,2023-12-26,1,1,0,1,1,1,1,1,1,1,1,1,0,1,1,0,1,1,0,1
1901,0.609972045881793,0.4276564662009415,UT,2023-12-27,1,1,1,1,1,1,1,1,0,1,1,1,1,1,1,1,1,0,0,1
1902,NA,NA,UT,2023-12-28,NA,NA,NA,NA,NA,NA,NA,NA,NA,NA,NA,NA,NA,NA,NA,NA,NA,NA,NA,NA
1903,NA,NA,UT,2023-12-29,NA,NA,NA,NA,NA,NA,NA,NA,NA,NA,NA,NA,NA,NA,NA,NA,NA,NA,NA,NA
1904,NA,NA,UT,2023-12-30,NA,NA,NA,NA,NA,NA,NA,NA,NA,NA,NA,NA,NA,NA,NA,NA,NA,NA,NA,NA
1905,NA,NA,UT,2023-12-31,NA,NA,NA,NA,NA,NA,NA,NA,NA,NA,NA,NA,NA,NA,NA,NA,NA,NA,NA,NA
1906,NA,NA,UT,2024-01-01,NA,NA,NA,NA,NA,NA,NA,NA,NA,NA,NA,NA,NA,NA,NA,NA,NA,NA,NA,NA
1907,0.879818806316946,0.3532376365742615,UT,2024-01-02,1,1,1,1,0,1,1,1,1,1,1,1,1,0,0,1,1,1,0,1
1908,1.23862439389332,0.4252164279635465,UT,2024-01-03,1,1,1,1,1,1,1,1,0,1,1,1,1,1,1,0,1,1,0,1
1909,0.712459641740203,0.1860780590131595,UT,2024-01-04,1,1,1,1,1,0,1,1,1,1,1,1,1,0,1,0,1,1,1,1
1910,2.3998372824191,0.305325628352067,UT,2024-01-05,1,1,1,1,1,1,1,1,0,1,1,1,1,0,1,0,1,1,0,1
1911,NA,NA,UT,2024-01-06,NA,NA,NA,NA,NA,NA,NA,NA,NA,NA,NA,NA,NA,NA,NA,NA,NA,NA,NA,NA
1912,NA,NA,UT,2024-01-07,NA,NA,NA,NA,NA,NA,NA,NA,NA,NA,NA,NA,NA,NA,NA,NA,NA,NA,NA,NA
1913,0.464016829745838,0.304498693844375,UT,2024-01-08,1,1,1,1,1,1,1,1,1,1,1,1,1,1,1,1,1,1,0,0
1914,NA,NA,UT,2024-01-09,NA,NA,NA,NA,NA,NA,NA,NA,NA,NA,NA,NA,NA,NA,NA,NA,NA,NA,NA,NA
1915,NA,NA,UT,2024-01-10,NA,NA,NA,NA,NA,NA,NA,NA,NA,NA,NA,NA,NA,NA,NA,NA,NA,NA,NA,NA
1916,NA,NA,UT,2024-01-11,NA,NA,NA,NA,NA,NA,NA,NA,NA,NA,NA,NA,NA,NA,NA,NA,NA,NA,NA,NA
1917,NA,NA,UT,2024-01-12,NA,NA,NA,NA,NA,NA,NA,NA,NA,NA,NA,NA,NA,NA,NA,NA,NA,NA,NA,NA
1918,NA,NA,UT,2024-01-13,NA,NA,NA,NA,NA,NA,NA,NA,NA,NA,NA,NA,NA,NA,NA,NA,NA,NA,NA,NA
1919,NA,NA,UT,2024-01-14,NA,NA,NA,NA,NA,NA,NA,NA,NA,NA,NA,NA,NA,NA,NA,NA,NA,NA,NA,NA
1920,NA,NA,UT,2024-01-15,NA,NA,NA,NA,NA,NA,NA,NA,NA,NA,NA,NA,NA,NA,NA,NA,NA,NA,NA,NA
1921,NA,NA,UT,2024-01-16,NA,NA,NA,NA,NA,NA,NA,NA,NA,NA,NA,NA,NA,NA,NA,NA,NA,NA,NA,NA
1922,NA,NA,UT,2024-01-17,NA,NA,NA,NA,NA,NA,NA,NA,NA,NA,NA,NA,NA,NA,NA,NA,NA,NA,NA,NA
1923,NA,NA,UT,2024-01-18,NA,NA,NA,NA,NA,NA,NA,NA,NA,NA,NA,NA,NA,NA,NA,NA,NA,NA,NA,NA
1924,1.20327881554576,0.432707630262283,UT,2024-01-19,1,1,1,1,1,1,1,1,0,1,1,1,0,1,1,0,1,1,0,1
1925,NA,NA,UT,2024-01-20,NA,NA,NA,NA,NA,NA,NA,NA,NA,NA,NA,NA,NA,NA,NA,NA,NA,NA,NA,NA
1926,NA,NA,UT,2024-01-21,NA,NA,NA,NA,NA,NA,NA,NA,NA,NA,NA,NA,NA,NA,NA,NA,NA,NA,NA,NA
1927,0.567814509251578,0.434331459111551,UT,2024-01-22,1,1,1,1,1,1,1,1,0,1,1,1,1,1,1,0,1,1,0,1
1928,NA,NA,UT,2024-01-23,NA,NA,NA,NA,NA,NA,NA,NA,NA,NA,NA,NA,NA,NA,NA,NA,NA,NA,NA,NA
1929,NA,NA,UT,2024-01-24,NA,NA,NA,NA,NA,NA,NA,NA,NA,NA,NA,NA,NA,NA,NA,NA,NA,NA,NA,NA
1930,1.19130531163184,0.435539383831788,UT,2024-01-25,1,1,1,1,1,1,1,1,0,1,1,1,1,1,1,0,1,1,0,1
1931,NA,NA,UT,2024-01-26,NA,NA,NA,NA,NA,NA,NA,NA,NA,NA,NA,NA,NA,NA,NA,NA,NA,NA,NA,NA
1932,NA,NA,UT,2024-01-27,NA,NA,NA,NA,NA,NA,NA,NA,NA,NA,NA,NA,NA,NA,NA,NA,NA,NA,NA,NA
1933,2.37727839346629,0.432293060904564,VA,2023-12-17,1,1,1,1,1,0,1,0,1,1,1,1,0,0,1,0,1,0,0,0
1934,3.066080645735,0.415871523815923,VA,2023-12-18,0,1,1,1,0,0,1,0,1,1,0,0,0,0,0,0,1,1,0,0
1935,2.67893051915797,0.3930927820353,VA,2023-12-19,1,0,1,1,1,0,1,1,1,1,0,0,0,0,1,0,0,0,0,1
1936,3.91710930370589,0.3750972343259465,VA,2023-12-20,1,0,1,1,1,0,1,1,0,1,1,0,0,0,1,1,1,0,1,0
1937,4.55818156844606,0.394233127157042,VA,2023-12-21,1,1,1,0,1,0,1,0,1,1,1,0,0,1,0,0,1,0,0,1
1938,2.9845270219181,0.2846491417005565,VA,2023-12-22,1,1,1,1,1,0,1,1,1,1,1,0,0,0,1,0,0,0,0,0
1939,2.80594444078654,0.35856641539793,VA,2023-12-23,1,1,1,1,1,0,1,0,0,1,1,0,0,0,1,0,1,1,0,0
1940,2.01820872465025,0.3265198074711915,VA,2023-12-24,1,0,1,1,1,0,1,1,0,1,1,0,0,1,1,1,1,1,1,1
1941,0.820007429618335,0.351023595061551,VA,2023-12-25,1,1,1,1,1,1,1,0,1,1,1,1,0,1,1,0,1,0,0,1
1942,3.98332191215143,0.3384788145087845,VA,2023-12-26,1,1,0,1,1,0,1,1,0,0,0,0,0,0,0,0,1,1,0,0
1943,2.21865534888976,0.3539156685190385,VA,2023-12-27,1,1,1,0,1,1,1,1,1,1,0,1,0,0,1,0,1,0,0,0
1944,5.76470237277599,0.348356045399477,VA,2023-12-28,1,1,1,0,0,0,1,1,0,1,1,0,0,0,0,0,1,0,0,0
1945,8.14684021903311,0.2987774081651465,VA,2023-12-29,1,1,1,1,0,0,1,1,0,1,1,0,0,1,0,0,1,1,0,0
1946,1.61281665099053,0.2660872279676395,VA,2023-12-30,1,1,1,1,1,1,1,1,0,1,1,0,1,1,1,0,1,1,0,0
1947,1.34430654299873,0.259156578800171,VA,2023-12-31,1,1,1,1,1,1,1,1,0,1,1,1,0,1,1,0,1,0,0,1
1948,1.27729768795904,0.420263585279625,VA,2024-01-01,0,1,1,1,1,1,0,1,1,1,0,0,1,1,1,0,0,1,0,1
1949,4.45474978951567,0.3136656405977965,VA,2024-01-02,0,1,1,1,1,0,1,1,0,1,1,0,0,1,0,0,0,0,0,1
1950,2.48773142540357,0.3475162273324405,VA,2024-01-03,1,0,1,1,1,1,1,1,1,1,1,0,0,1,1,0,1,0,0,1
1951,6.84999747529172,0.27761025953414,VA,2024-01-04,1,1,1,1,1,0,1,1,0,1,0,0,0,0,1,0,1,1,0,0
1952,7.71473431718632,0.25641223889353,VA,2024-01-05,1,1,1,1,1,0,1,1,0,1,1,1,0,0,1,0,1,1,0,0
1953,0.74541024225805,0.225898624826956,VA,2024-01-06,1,1,1,1,1,1,1,1,0,1,1,1,0,1,1,1,1,1,0,1
1954,0.288715304843319,0.2220437283026845,VA,2024-01-07,1,1,1,1,1,1,1,1,1,1,1,1,1,1,1,0,1,1,0,1
1955,1.77803818454137,0.278723497009839,VA,2024-01-08,1,1,1,1,1,1,1,1,0,1,1,1,1,1,1,0,1,0,0,1
1956,3.89589757181744,0.319706283397709,VA,2024-01-09,1,1,1,1,1,0,0,1,0,1,1,1,0,1,1,0,0,1,0,0
1957,8.44003539332384,0.252385876798685,VA,2024-01-10,1,1,1,1,1,0,0,1,0,1,1,0,0,0,1,0,0,0,0,0
1958,2.97981984243643,0.381842649837276,VA,2024-01-11,1,1,1,1,1,0,0,1,1,1,0,0,1,0,1,0,0,0,0,0
1959,2.24909273264242,0.232378479879718,VA,2024-01-12,1,1,1,1,1,1,1,1,0,1,1,0,0,0,0,0,1,1,0,0
1960,0.707366895784258,0.260603231027111,VA,2024-01-13,1,1,1,1,1,1,1,1,1,1,1,0,1,1,1,1,1,1,0,1
1961,4.48127520803455,0.232970330520275,VA,2024-01-14,1,1,1,1,1,0,1,1,0,1,1,1,1,1,1,0,1,1,0,0
1962,1.84879605538111,0.3458117125755955,VA,2024-01-15,1,1,1,1,0,1,1,1,1,1,0,1,0,1,0,0,0,0,0,0
1963,4.63389466258629,0.252705154660817,VA,2024-01-16,1,1,1,1,1,0,1,1,0,1,1,0,1,1,1,0,1,1,0,1
1964,6.44583166306763,0.1975961169382405,VA,2024-01-17,1,1,1,1,1,0,1,1,0,1,0,0,1,0,0,0,1,0,0,1
1965,8.90079314488682,0.2199741562539355,VA,2024-01-18,1,1,1,1,1,0,1,1,0,1,1,0,0,1,1,0,1,0,0,0
1966,4.70886068614389,0.222797659730114,VA,2024-01-19,1,1,1,1,1,0,0,1,0,1,1,0,0,1,1,0,0,0,0,0
1967,2.9564050100468098,0.178254357854656,VA,2024-01-20,1,1,1,1,1,0,1,1,0,1,0,0,1,1,1,0,1,0,0,0
1968,3.15926882892472,0.221014101448248,VA,2024-01-21,1,1,1,1,1,0,1,1,0,0,1,0,1,1,1,0,1,1,0,0
1969,4.63176386595274,0.1870499814497365,VA,2024-01-22,1,1,1,1,1,0,1,1,0,1,1,1,0,1,1,0,1,1,0,1
1970,7.79162665082836,0.1694300803111975,VA,2024-01-23,1,1,1,1,1,0,1,1,0,1,1,1,0,1,1,0,1,0,0,0
1971,3.69316168243632,0.3217689189723185,VA,2024-01-24,1,1,1,1,1,0,1,0,1,1,1,0,0,1,1,0,1,0,0,1
1972,2.07129665543887,0.2762944307888355,VA,2024-01-25,1,1,1,1,1,0,1,0,1,1,1,0,1,1,1,0,1,0,0,1
1973,3.40570718027341,0.1966117273841295,VA,2024-01-26,1,1,1,1,1,0,1,1,0,1,1,0,0,1,1,0,1,1,0,0
1974,0.833708336732623,0.244698206573929,VA,2024-01-27,1,1,1,1,1,1,1,1,1,1,1,0,0,1,1,0,1,1,1,1
1975,0.808716756143598,0.34875226819093,VT,2023-12-17,1,1,1,1,1,1,1,1,1,1,1,1,1,1,1,0,1,1,0,1
1976,1.03800880417626,0.256360042454671,VT,2023-12-18,1,1,1,1,1,1,1,1,1,1,1,1,1,0,1,0,1,0,0,1
1977,0.973092006006176,0.395286701499058,VT,2023-12-19,1,1,0,1,1,1,1,1,1,0,1,1,0,1,1,0,1,0,0,1
1978,1.19887760952741,0.3371164672213985,VT,2023-12-20,1,0,1,1,1,1,1,1,1,0,1,1,1,1,1,0,1,1,0,0
1979,0.839480327160502,0.301090714664429,VT,2023-12-21,1,1,1,1,1,1,1,1,1,0,1,1,1,1,1,1,1,1,1,1
1980,0.809533910141086,0.2962932329214515,VT,2023-12-22,1,1,0,1,1,1,1,1,1,1,1,1,0,1,1,0,1,1,0,1
1981,1.76989539855473,0.129262383260683,VT,2023-12-23,1,1,1,1,1,1,1,1,0,1,1,1,0,1,1,0,1,1,0,1
1982,1.78219004974452,0.3157173417938605,VT,2023-12-24,1,0,0,1,1,0,1,1,1,1,1,0,0,1,1,0,1,0,0,0
1983,1.21685844892069,0.263725998835847,VT,2023-12-25,1,1,1,1,1,1,0,1,1,1,1,0,1,1,1,0,0,1,0,1
1984,0.614917847009575,0.2128411823299905,VT,2023-12-26,1,1,1,1,1,1,1,1,1,1,1,1,1,1,1,0,1,0,1,1
1985,0.952502956864235,0.66628780920575,VT,2023-12-27,1,1,1,1,1,1,0,1,1,1,1,1,1,1,1,0,0,1,1,1
1986,0.457476146743224,0.3120938817107095,VT,2023-12-28,1,1,1,1,1,1,1,1,1,1,1,0,1,1,1,0,1,1,1,1
1987,0.165178376172381,0.105500502869382,VT,2023-12-29,1,1,1,1,1,1,1,1,1,1,1,1,1,1,1,1,1,0,0,1
1988,0.720405720117037,0.527005412197615,VT,2023-12-30,1,1,1,1,1,0,1,1,1,1,1,1,1,1,1,0,1,1,0,1
1989,NA,NA,VT,2023-12-31,NA,NA,NA,NA,NA,NA,NA,NA,NA,NA,NA,NA,NA,NA,NA,NA,NA,NA,NA,NA
1990,NA,NA,VT,2024-01-01,NA,NA,NA,NA,NA,NA,NA,NA,NA,NA,NA,NA,NA,NA,NA,NA,NA,NA,NA,NA
1991,NA,NA,VT,2024-01-02,NA,NA,NA,NA,NA,NA,NA,NA,NA,NA,NA,NA,NA,NA,NA,NA,NA,NA,NA,NA
1992,1.66180523770211,0.369653274363517,VT,2024-01-03,1,1,1,1,1,0,1,1,1,0,1,1,1,1,1,0,1,0,0,0
1993,0.988930564169724,0.2052136157898335,VT,2024-01-04,1,1,1,1,1,1,1,1,1,1,1,1,0,1,1,0,1,1,0,1
1994,1.66418869271372,0.3065907524288465,VT,2024-01-05,1,1,1,1,1,1,1,1,1,0,1,0,1,1,1,0,1,0,0,0
1995,0.961403660575829,0.2175501767079215,VT,2024-01-06,1,1,1,1,1,1,1,1,1,1,1,0,0,1,1,1,0,0,0,1
1996,0.876713214749356,0.08425846470732,VT,2024-01-07,1,1,1,1,1,1,1,1,0,1,1,0,0,1,1,0,1,1,0,1
1997,1.31354410555441,0.168287843753312,VT,2024-01-08,1,1,1,1,1,1,1,1,0,0,1,1,1,0,1,1,1,0,0,1
1998,1.45566878050454,0.311012301161307,VT,2024-01-09,1,1,1,1,1,0,1,1,1,0,1,0,1,1,1,0,1,1,0,0
1999,0.738854103916046,0.29511318682363,VT,2024-01-10,1,1,1,1,1,1,1,0,1,1,1,0,1,1,1,0,1,0,0,1
2000,0.33278403362273,0.0789882929935585,VT,2024-01-11,1,1,1,1,1,1,1,1,1,1,1,1,1,1,1,1,1,1,0,0
2001,2.22142464617747,0.179659034143243,VT,2024-01-12,1,1,1,1,1,0,1,1,0,0,1,0,1,0,1,1,1,1,0,0
2002,0.78795432204413,0.300001238748295,VT,2024-01-13,1,1,1,1,1,1,1,1,1,0,1,0,1,1,1,0,1,1,1,1
2003,1.52176909947044,0.50511400757228,VT,2024-01-14,1,1,0,1,1,1,1,1,0,0,1,1,0,1,1,1,1,0,1,1
2004,0.510198204535397,0.202559867879395,VT,2024-01-15,1,1,1,1,1,1,1,1,1,1,1,0,1,1,1,0,1,1,1,1
2005,0.31275241356702,0.0753033168697075,VT,2024-01-16,1,1,1,1,1,1,1,1,1,1,1,1,1,1,1,0,1,1,0,1
2006,0.594421108543792,0.1769861052200845,VT,2024-01-17,1,1,1,1,1,1,1,1,1,1,1,0,1,1,1,0,1,1,1,1
2007,0.0962616421297294,0.0746585258307925,VT,2024-01-18,1,1,1,1,1,1,1,1,1,1,1,1,1,1,1,0,1,1,0,1
2008,0.0909018717249946,0.074507295624955,VT,2024-01-19,1,1,1,1,1,1,1,1,1,1,1,1,1,1,1,1,1,1,1,1
2009,0.0936209094279555,0.0744691498593475,VT,2024-01-20,1,1,1,1,1,1,1,1,1,1,1,1,1,1,1,0,1,1,0,1
2010,0.272871322608704,0.0745437655725905,VT,2024-01-21,1,1,1,1,1,1,1,1,1,1,1,1,0,1,1,1,1,1,0,1
2011,0.724811818345657,0.074731161148014,VT,2024-01-22,1,1,1,1,1,1,1,1,1,1,1,1,1,1,1,1,1,1,1,1
2012,0.934612359171596,0.173401629299783,VT,2024-01-23,1,1,1,1,1,1,1,1,1,1,1,0,0,1,0,0,1,1,0,1
2013,1.09286833265362,0.323341318492585,VT,2024-01-24,1,1,1,1,1,1,1,0,1,0,1,0,0,1,1,1,0,0,0,0
2014,1.01301028852766,0.2457042386964605,VT,2024-01-25,1,1,1,1,1,0,1,1,1,1,1,1,0,1,1,0,1,0,1,1
2015,0.793269163666113,0.19307677736622,VT,2024-01-26,1,1,0,1,1,1,1,1,1,1,1,0,0,1,1,1,1,0,0,0
2016,0.669238126958062,0.0773825514309735,VT,2024-01-27,1,1,1,1,1,1,1,1,1,1,1,0,1,1,1,1,1,1,0,1
2017,2.6544085006836,0.43066213268493,WA,2023-12-17,0,1,1,0,1,0,1,1,1,1,0,1,1,0,1,0,0,1,1,0
2018,1.00271875116195,0.3086629342864225,WA,2023-12-18,1,1,1,1,1,1,1,1,1,1,0,1,1,0,1,0,1,0,0,1
2019,1.92494065019192,0.3602944527269855,WA,2023-12-19,0,1,1,1,1,0,1,1,0,0,0,0,1,1,1,0,1,1,1,0
2020,1.75772810851585,0.357661459520424,WA,2023-12-20,1,1,1,1,1,0,1,1,1,1,1,0,0,1,0,0,1,1,0,0
2021,1.17868193605,0.3559234730691435,WA,2023-12-21,1,0,1,1,1,1,1,1,1,1,1,0,1,0,1,0,1,1,1,0
2022,0.872281962894891,0.2461259463726885,WA,2023-12-22,1,1,1,1,1,1,1,1,1,1,1,0,1,1,1,0,1,1,0,1
2023,0.9508740125605,0.3229560961324825,WA,2023-12-23,1,1,1,0,1,1,1,1,1,1,1,0,1,0,1,0,1,1,0,1
2024,1.12231556551047,0.366011683194076,WA,2023-12-24,0,1,1,1,1,1,1,0,1,1,0,1,0,1,1,0,1,0,0,0
2025,1.03869198764717,0.2294472620939945,WA,2023-12-25,1,1,1,1,1,1,1,1,0,1,1,0,1,0,1,0,1,1,0,1
2026,1.2900224873669,0.264588131615094,WA,2023-12-26,1,1,1,1,1,1,1,1,1,0,1,1,0,1,1,0,1,1,0,0
2027,1.07363225589636,0.3281353908958125,WA,2023-12-27,1,0,1,1,1,1,1,1,1,1,1,0,0,1,1,0,1,0,0,0
2028,3.9311796397234,0.2000574903743745,WA,2023-12-28,1,1,1,1,1,1,1,1,0,1,1,1,1,0,1,0,0,0,0,1
2029,2.26654639972614,0.2251904112091325,WA,2023-12-29,1,1,1,1,1,1,1,1,0,1,1,0,0,1,1,0,1,0,0,1
2030,3.19681480379341,0.159547469378607,WA,2023-12-30,1,1,1,1,1,0,1,1,0,1,1,1,1,0,1,0,1,1,0,1
2031,1.30605286328923,0.196960973296137,WA,2023-12-31,1,1,1,1,1,1,1,1,0,1,0,1,1,1,1,0,1,1,0,1
2032,0.935733197675463,0.2920226294672665,WA,2024-01-01,1,1,1,1,1,1,1,1,1,0,0,1,1,1,1,1,1,1,1,0
2033,1.66162256312767,0.3172826022973325,WA,2024-01-02,1,1,1,1,1,1,1,1,1,1,0,0,0,0,1,1,0,1,0,1
2034,2.71910800665226,0.266888021253807,WA,2024-01-03,1,1,1,1,1,1,1,1,1,0,0,1,0,0,1,0,0,1,1,0
2035,1.62746877282247,0.294572974560514,WA,2024-01-04,1,1,1,1,1,1,1,1,1,1,1,1,0,0,1,0,1,1,0,1
2036,1.65405902872811,0.1914226124007685,WA,2024-01-05,1,1,1,1,1,1,1,1,0,1,0,1,1,1,1,0,1,1,0,1
2037,1.25295954426573,0.2525822911757045,WA,2024-01-06,1,1,1,1,1,1,1,1,1,1,1,1,1,0,1,1,1,1,0,1
2038,0.532048027461432,0.174317092998245,WA,2024-01-07,1,1,1,1,1,1,1,1,1,1,1,1,1,1,1,1,1,1,1,1
2039,3.08439228239745,0.4033598522646485,WA,2024-01-08,0,1,0,1,1,1,1,0,0,1,0,1,0,1,1,0,1,0,0,1
2040,2.96591965257283,0.1823852393164745,WA,2024-01-09,1,1,1,1,1,0,0,1,0,1,0,1,1,0,1,0,0,1,0,0
2041,1.92006121152224,0.20869586093356,WA,2024-01-10,1,1,1,1,1,1,1,0,1,1,1,1,1,1,1,0,1,0,0,1
2042,1.2292671730495,0.191868665486101,WA,2024-01-11,1,1,1,1,1,1,1,1,1,1,1,0,1,1,1,0,1,1,0,1
2043,1.60873038974995,0.26680568182023,WA,2024-01-12,1,1,1,1,0,1,1,1,1,1,1,1,1,1,0,0,1,0,1,0
2044,1.13345238482508,0.185472652347801,WA,2024-01-13,1,1,1,1,1,1,1,1,1,0,1,1,1,1,1,0,1,1,0,0
2045,1.86180332691391,0.066611178014445993,WA,2024-01-14,1,1,1,1,1,0,1,1,0,1,1,0,1,1,1,0,1,1,0,1
2046,1.01239007100459,0.1482427061159095,WA,2024-01-15,1,1,1,1,1,1,1,1,1,1,1,0,1,1,1,0,1,0,0,1
2047,1.42508834327566,0.1694832074194555,WA,2024-01-16,1,0,1,1,1,1,1,1,1,1,1,0,0,1,1,0,1,0,0,1
2048,2.22558443407517,0.0934319345695,WA,2024-01-17,1,1,1,1,1,1,1,1,0,1,1,0,1,1,1,0,1,1,0,1
2049,1.35681846129254,0.1444136009643,WA,2024-01-18,1,1,1,1,1,0,1,1,1,0,0,1,1,1,1,0,1,1,0,0
2050,0.880241567119326,0.1142204836851655,WA,2024-01-19,1,1,1,1,1,1,1,1,1,1,1,1,1,1,1,0,1,1,0,1
2051,1.17255585252161,0.1017486269732315,WA,2024-01-20,1,1,1,1,1,1,1,1,0,1,1,1,1,1,1,0,1,1,0,1
2052,2.34691681492041,0.04893790421614205,WA,2024-01-21,1,1,1,1,1,0,1,1,0,1,1,1,1,0,1,0,0,1,0,1
2053,1.56843208810596,0.201193203639525,WA,2024-01-22,1,1,1,1,1,1,1,1,1,0,1,1,0,1,1,0,1,1,0,0
2054,0.790293104600257,0.1423197770069155,WA,2024-01-23,1,1,1,1,1,1,1,1,1,1,1,1,1,1,1,0,1,1,0,1
2055,0.866496686207499,0.1920825680523375,WA,2024-01-24,1,1,1,1,1,1,1,1,1,0,1,1,1,1,1,0,1,1,0,1
2056,1.98282582718064,0.143226324006703,WA,2024-01-25,1,1,1,1,1,1,1,1,1,1,0,1,1,1,1,0,1,1,0,0
2057,1.37978100537031,0.107420416519859,WA,2024-01-26,1,1,1,1,1,1,1,1,1,1,1,0,1,1,1,0,1,1,0,1
2058,2.54569227966426,0.06771344911342,WA,2024-01-27,1,1,1,1,1,1,1,1,0,1,1,0,1,1,1,0,1,1,0,1
2059,NA,NA,WI,2023-12-17,NA,NA,NA,NA,NA,NA,NA,NA,NA,NA,NA,NA,NA,NA,NA,NA,NA,NA,NA,NA
2060,1.92621415229696,0.33485539863918,WI,2023-12-18,1,1,1,1,0,0,1,1,0,1,1,1,0,1,0,0,1,0,0,0
2061,0.819417569368592,0.540864042896125,WI,2023-12-19,1,0,1,1,1,1,1,1,1,1,1,0,1,1,1,1,1,1,0,1
2062,NA,NA,WI,2023-12-20,NA,NA,NA,NA,NA,NA,NA,NA,NA,NA,NA,NA,NA,NA,NA,NA,NA,NA,NA,NA
2063,0.342431039215028,0.276229096178332,WI,2023-12-21,1,1,1,1,1,1,1,1,1,1,1,1,1,1,1,0,1,1,0,1
2064,NA,NA,WI,2023-12-22,NA,NA,NA,NA,NA,NA,NA,NA,NA,NA,NA,NA,NA,NA,NA,NA,NA,NA,NA,NA
2065,NA,NA,WI,2023-12-23,NA,NA,NA,NA,NA,NA,NA,NA,NA,NA,NA,NA,NA,NA,NA,NA,NA,NA,NA,NA
2066,NA,NA,WI,2023-12-24,NA,NA,NA,NA,NA,NA,NA,NA,NA,NA,NA,NA,NA,NA,NA,NA,NA,NA,NA,NA
2067,NA,NA,WI,2023-12-25,NA,NA,NA,NA,NA,NA,NA,NA,NA,NA,NA,NA,NA,NA,NA,NA,NA,NA,NA,NA
2068,NA,NA,WI,2023-12-26,NA,NA,NA,NA,NA,NA,NA,NA,NA,NA,NA,NA,NA,NA,NA,NA,NA,NA,NA,NA
2069,0.407950521162712,0.2972755838966195,WI,2023-12-27,1,1,1,1,1,1,1,1,1,1,1,1,1,1,1,0,1,1,0,1
2070,NA,NA,WI,2023-12-28,NA,NA,NA,NA,NA,NA,NA,NA,NA,NA,NA,NA,NA,NA,NA,NA,NA,NA,NA,NA
2071,0.405103355734339,0.294544739375522,WI,2023-12-29,1,1,1,1,1,1,1,1,1,1,1,1,1,0,1,1,1,1,0,1
2072,NA,NA,WI,2023-12-30,NA,NA,NA,NA,NA,NA,NA,NA,NA,NA,NA,NA,NA,NA,NA,NA,NA,NA,NA,NA
2073,0.376530005083615,0.291669895508439,WI,2023-12-31,1,1,1,1,1,1,1,1,1,1,1,0,1,1,1,0,1,1,1,1
2074,NA,NA,WI,2024-01-01,NA,NA,NA,NA,NA,NA,NA,NA,NA,NA,NA,NA,NA,NA,NA,NA,NA,NA,NA,NA
2075,0.389390099524537,0.2912347746612295,WI,2024-01-02,1,1,1,1,1,1,1,1,1,1,1,1,1,1,1,0,1,1,0,1
2076,NA,NA,WI,2024-01-03,NA,NA,NA,NA,NA,NA,NA,NA,NA,NA,NA,NA,NA,NA,NA,NA,NA,NA,NA,NA
2077,NA,NA,WI,2024-01-04,NA,NA,NA,NA,NA,NA,NA,NA,NA,NA,NA,NA,NA,NA,NA,NA,NA,NA,NA,NA
2078,NA,NA,WI,2024-01-05,NA,NA,NA,NA,NA,NA,NA,NA,NA,NA,NA,NA,NA,NA,NA,NA,NA,NA,NA,NA
2079,NA,NA,WI,2024-01-06,NA,NA,NA,NA,NA,NA,NA,NA,NA,NA,NA,NA,NA,NA,NA,NA,NA,NA,NA,NA
2080,NA,NA,WI,2024-01-07,NA,NA,NA,NA,NA,NA,NA,NA,NA,NA,NA,NA,NA,NA,NA,NA,NA,NA,NA,NA
2081,0.752413339338601,0.3879801386455235,WI,2024-01-08,1,1,1,1,1,1,1,1,1,0,0,1,1,1,0,0,1,1,1,0
2082,1.5705683228908,0.3668370507978685,WI,2024-01-09,1,1,1,1,0,0,1,1,0,1,1,1,0,1,1,0,1,1,0,1
2083,0.906406104120297,0.2919944799331025,WI,2024-01-10,1,1,1,1,1,1,1,1,0,1,1,0,1,1,1,1,1,1,0,1
2084,NA,NA,WI,2024-01-11,NA,NA,NA,NA,NA,NA,NA,NA,NA,NA,NA,NA,NA,NA,NA,NA,NA,NA,NA,NA
2085,NA,NA,WI,2024-01-12,NA,NA,NA,NA,NA,NA,NA,NA,NA,NA,NA,NA,NA,NA,NA,NA,NA,NA,NA,NA
2086,NA,NA,WI,2024-01-13,NA,NA,NA,NA,NA,NA,NA,NA,NA,NA,NA,NA,NA,NA,NA,NA,NA,NA,NA,NA
2087,NA,NA,WI,2024-01-14,NA,NA,NA,NA,NA,NA,NA,NA,NA,NA,NA,NA,NA,NA,NA,NA,NA,NA,NA,NA
2088,0.392442028976895,0.296527520768107,WI,2024-01-15,1,1,1,1,1,1,1,1,1,1,1,1,1,1,1,0,1,1,0,1
2089,1.95372677919942,0.3557779883612745,WI,2024-01-16,1,1,1,1,0,0,1,1,0,1,1,1,0,1,0,0,1,1,0,1
2090,0.886707512773499,0.299049229662882,WI,2024-01-17,1,1,1,1,1,1,1,1,0,1,1,1,0,1,1,1,1,1,0,1
2091,NA,NA,WI,2024-01-18,NA,NA,NA,NA,NA,NA,NA,NA,NA,NA,NA,NA,NA,NA,NA,NA,NA,NA,NA,NA
2092,NA,NA,WI,2024-01-19,NA,NA,NA,NA,NA,NA,NA,NA,NA,NA,NA,NA,NA,NA,NA,NA,NA,NA,NA,NA
2093,NA,NA,WI,2024-01-20,NA,NA,NA,NA,NA,NA,NA,NA,NA,NA,NA,NA,NA,NA,NA,NA,NA,NA,NA,NA
2094,NA,NA,WI,2024-01-21,NA,NA,NA,NA,NA,NA,NA,NA,NA,NA,NA,NA,NA,NA,NA,NA,NA,NA,NA,NA
2095,NA,NA,WI,2024-01-22,NA,NA,NA,NA,NA,NA,NA,NA,NA,NA,NA,NA,NA,NA,NA,NA,NA,NA,NA,NA
2096,NA,NA,WI,2024-01-23,NA,NA,NA,NA,NA,NA,NA,NA,NA,NA,NA,NA,NA,NA,NA,NA,NA,NA,NA,NA
2097,NA,NA,WI,2024-01-24,NA,NA,NA,NA,NA,NA,NA,NA,NA,NA,NA,NA,NA,NA,NA,NA,NA,NA,NA,NA
2098,NA,NA,WI,2024-01-25,NA,NA,NA,NA,NA,NA,NA,NA,NA,NA,NA,NA,NA,NA,NA,NA,NA,NA,NA,NA
2099,NA,NA,WI,2024-01-26,NA,NA,NA,NA,NA,NA,NA,NA,NA,NA,NA,NA,NA,NA,NA,NA,NA,NA,NA,NA
2100,NA,NA,WI,2024-01-27,NA,NA,NA,NA,NA,NA,NA,NA,NA,NA,NA,NA,NA,NA,NA,NA,NA,NA,NA,NA
2101,NA,NA,WV,2023-12-17,NA,NA,NA,NA,NA,NA,NA,NA,NA,NA,NA,NA,NA,NA,NA,NA,NA,NA,NA,NA
2102,0.871696291739925,0.251704076610125,WV,2023-12-18,1,1,1,1,1,1,1,1,1,1,1,1,0,1,1,0,1,0,0,1
2103,1.05379414017752,0.17748037093736,WV,2023-12-19,1,1,1,1,1,0,1,1,1,1,1,1,1,1,1,0,1,0,1,1
2104,1.11042401012285,0.533313391060055,WV,2023-12-20,1,0,0,1,1,1,1,1,1,1,1,0,0,1,1,0,1,1,0,1
2105,NA,NA,WV,2023-12-21,NA,NA,NA,NA,NA,NA,NA,NA,NA,NA,NA,NA,NA,NA,NA,NA,NA,NA,NA,NA
2106,0.794700057876401,0.553224481595235,WV,2023-12-22,1,0,1,1,1,1,1,1,1,1,1,0,1,1,1,1,1,1,0,1
2107,NA,NA,WV,2023-12-23,NA,NA,NA,NA,NA,NA,NA,NA,NA,NA,NA,NA,NA,NA,NA,NA,NA,NA,NA,NA
2108,NA,NA,WV,2023-12-24,NA,NA,NA,NA,NA,NA,NA,NA,NA,NA,NA,NA,NA,NA,NA,NA,NA,NA,NA,NA
2109,NA,NA,WV,2023-12-25,NA,NA,NA,NA,NA,NA,NA,NA,NA,NA,NA,NA,NA,NA,NA,NA,NA,NA,NA,NA
2110,0.47073433267788,0.316906020098585,WV,2023-12-26,1,1,1,1,1,1,1,1,1,1,1,1,1,1,1,1,1,1,1,1
2111,0.866895730976539,0.60856903581852,WV,2023-12-27,0,1,1,1,1,1,1,1,1,1,0,1,1,1,1,0,1,1,1,1
2112,0.622694537323578,0.4374827062726955,WV,2023-12-28,1,1,1,1,1,1,1,1,0,1,1,1,1,1,1,0,1,1,0,1
2113,NA,NA,WV,2023-12-29,NA,NA,NA,NA,NA,NA,NA,NA,NA,NA,NA,NA,NA,NA,NA,NA,NA,NA,NA,NA
2114,0.477069708701648,0.3128690486008675,WV,2023-12-30,1,1,1,1,1,1,1,1,1,1,1,1,1,1,0,1,1,1,0,1
2115,1.16204965236764,0.5523535226565,WV,2023-12-31,1,1,0,1,1,1,1,1,1,0,1,0,0,1,1,0,1,1,1,0
2116,0.777245112860887,0.548777674266785,WV,2024-01-01,1,0,1,1,1,1,1,1,1,1,1,0,1,0,1,1,1,1,1,1
2117,NA,NA,WV,2024-01-02,NA,NA,NA,NA,NA,NA,NA,NA,NA,NA,NA,NA,NA,NA,NA,NA,NA,NA,NA,NA
2118,0.797194753546969,0.3930571539693775,WV,2024-01-03,1,1,1,1,0,1,1,1,1,1,1,0,1,1,0,0,1,1,1,1
2119,NA,NA,WV,2024-01-04,NA,NA,NA,NA,NA,NA,NA,NA,NA,NA,NA,NA,NA,NA,NA,NA,NA,NA,NA,NA
2120,NA,NA,WV,2024-01-05,NA,NA,NA,NA,NA,NA,NA,NA,NA,NA,NA,NA,NA,NA,NA,NA,NA,NA,NA,NA
2121,NA,NA,WV,2024-01-06,NA,NA,NA,NA,NA,NA,NA,NA,NA,NA,NA,NA,NA,NA,NA,NA,NA,NA,NA,NA
2122,NA,NA,WV,2024-01-07,NA,NA,NA,NA,NA,NA,NA,NA,NA,NA,NA,NA,NA,NA,NA,NA,NA,NA,NA,NA
2123,NA,NA,WV,2024-01-08,NA,NA,NA,NA,NA,NA,NA,NA,NA,NA,NA,NA,NA,NA,NA,NA,NA,NA,NA,NA
2124,NA,NA,WV,2024-01-09,NA,NA,NA,NA,NA,NA,NA,NA,NA,NA,NA,NA,NA,NA,NA,NA,NA,NA,NA,NA
2125,0.841256901754114,0.57698490809636,WV,2024-01-10,1,1,1,1,1,1,1,1,1,0,1,1,1,1,1,1,1,1,0,0
2126,NA,NA,WV,2024-01-11,NA,NA,NA,NA,NA,NA,NA,NA,NA,NA,NA,NA,NA,NA,NA,NA,NA,NA,NA,NA
2127,NA,NA,WV,2024-01-12,NA,NA,NA,NA,NA,NA,NA,NA,NA,NA,NA,NA,NA,NA,NA,NA,NA,NA,NA,NA
2128,NA,NA,WV,2024-01-13,NA,NA,NA,NA,NA,NA,NA,NA,NA,NA,NA,NA,NA,NA,NA,NA,NA,NA,NA,NA
2129,0.782584759014467,0.53599687216615,WV,2024-01-14,1,1,0,1,1,1,1,1,1,1,1,1,0,1,1,1,1,1,0,1
2130,NA,NA,WV,2024-01-15,NA,NA,NA,NA,NA,NA,NA,NA,NA,NA,NA,NA,NA,NA,NA,NA,NA,NA,NA,NA
2131,NA,NA,WV,2024-01-16,NA,NA,NA,NA,NA,NA,NA,NA,NA,NA,NA,NA,NA,NA,NA,NA,NA,NA,NA,NA
2132,1.17141656792007,0.3874212426193605,WV,2024-01-17,1,1,1,1,1,1,1,1,0,1,1,0,1,1,1,1,1,1,0,1
2133,0.855990631175665,0.575204782108775,WV,2024-01-18,1,1,1,1,1,1,1,1,1,0,1,1,1,1,1,0,1,1,1,0
2134,NA,NA,WV,2024-01-19,NA,NA,NA,NA,NA,NA,NA,NA,NA,NA,NA,NA,NA,NA,NA,NA,NA,NA,NA,NA
2135,NA,NA,WV,2024-01-20,NA,NA,NA,NA,NA,NA,NA,NA,NA,NA,NA,NA,NA,NA,NA,NA,NA,NA,NA,NA
2136,NA,NA,WV,2024-01-21,NA,NA,NA,NA,NA,NA,NA,NA,NA,NA,NA,NA,NA,NA,NA,NA,NA,NA,NA,NA
2137,NA,NA,WV,2024-01-22,NA,NA,NA,NA,NA,NA,NA,NA,NA,NA,NA,NA,NA,NA,NA,NA,NA,NA,NA,NA
2138,NA,NA,WV,2024-01-23,NA,NA,NA,NA,NA,NA,NA,NA,NA,NA,NA,NA,NA,NA,NA,NA,NA,NA,NA,NA
2139,NA,NA,WV,2024-01-24,NA,NA,NA,NA,NA,NA,NA,NA,NA,NA,NA,NA,NA,NA,NA,NA,NA,NA,NA,NA
2140,NA,NA,WV,2024-01-25,NA,NA,NA,NA,NA,NA,NA,NA,NA,NA,NA,NA,NA,NA,NA,NA,NA,NA,NA,NA
2141,NA,NA,WV,2024-01-26,NA,NA,NA,NA,NA,NA,NA,NA,NA,NA,NA,NA,NA,NA,NA,NA,NA,NA,NA,NA
2142,NA,NA,WV,2024-01-27,NA,NA,NA,NA,NA,NA,NA,NA,NA,NA,NA,NA,NA,NA,NA,NA,NA,NA,NA,NA
2143,NA,NA,WY,2023-12-17,NA,NA,NA,NA,NA,NA,NA,NA,NA,NA,NA,NA,NA,NA,NA,NA,NA,NA,NA,NA
2144,NA,NA,WY,2023-12-18,NA,NA,NA,NA,NA,NA,NA,NA,NA,NA,NA,NA,NA,NA,NA,NA,NA,NA,NA,NA
2145,NA,NA,WY,2023-12-19,NA,NA,NA,NA,NA,NA,NA,NA,NA,NA,NA,NA,NA,NA,NA,NA,NA,NA,NA,NA
2146,NA,NA,WY,2023-12-20,NA,NA,NA,NA,NA,NA,NA,NA,NA,NA,NA,NA,NA,NA,NA,NA,NA,NA,NA,NA
2147,NA,NA,WY,2023-12-21,NA,NA,NA,NA,NA,NA,NA,NA,NA,NA,NA,NA,NA,NA,NA,NA,NA,NA,NA,NA
2148,NA,NA,WY,2023-12-22,NA,NA,NA,NA,NA,NA,NA,NA,NA,NA,NA,NA,NA,NA,NA,NA,NA,NA,NA,NA
2149,NA,NA,WY,2023-12-23,NA,NA,NA,NA,NA,NA,NA,NA,NA,NA,NA,NA,NA,NA,NA,NA,NA,NA,NA,NA
2150,NA,NA,WY,2023-12-24,NA,NA,NA,NA,NA,NA,NA,NA,NA,NA,NA,NA,NA,NA,NA,NA,NA,NA,NA,NA
2151,NA,NA,WY,2023-12-25,NA,NA,NA,NA,NA,NA,NA,NA,NA,NA,NA,NA,NA,NA,NA,NA,NA,NA,NA,NA
2152,NA,NA,WY,2023-12-26,NA,NA,NA,NA,NA,NA,NA,NA,NA,NA,NA,NA,NA,NA,NA,NA,NA,NA,NA,NA
2153,NA,NA,WY,2023-12-27,NA,NA,NA,NA,NA,NA,NA,NA,NA,NA,NA,NA,NA,NA,NA,NA,NA,NA,NA,NA
2154,NA,NA,WY,2023-12-28,NA,NA,NA,NA,NA,NA,NA,NA,NA,NA,NA,NA,NA,NA,NA,NA,NA,NA,NA,NA
2155,NA,NA,WY,2023-12-29,NA,NA,NA,NA,NA,NA,NA,NA,NA,NA,NA,NA,NA,NA,NA,NA,NA,NA,NA,NA
2156,NA,NA,WY,2023-12-30,NA,NA,NA,NA,NA,NA,NA,NA,NA,NA,NA,NA,NA,NA,NA,NA,NA,NA,NA,NA
2157,NA,NA,WY,2023-12-31,NA,NA,NA,NA,NA,NA,NA,NA,NA,NA,NA,NA,NA,NA,NA,NA,NA,NA,NA,NA
2158,NA,NA,WY,2024-01-01,NA,NA,NA,NA,NA,NA,NA,NA,NA,NA,NA,NA,NA,NA,NA,NA,NA,NA,NA,NA
2159,NA,NA,WY,2024-01-02,NA,NA,NA,NA,NA,NA,NA,NA,NA,NA,NA,NA,NA,NA,NA,NA,NA,NA,NA,NA
2160,0.49873849231658,0.3746256588160475,WY,2024-01-03,1,1,1,1,1,1,1,1,1,1,1,1,1,1,1,0,1,1,0,1
2161,NA,NA,WY,2024-01-04,NA,NA,NA,NA,NA,NA,NA,NA,NA,NA,NA,NA,NA,NA,NA,NA,NA,NA,NA,NA
2162,NA,NA,WY,2024-01-05,NA,NA,NA,NA,NA,NA,NA,NA,NA,NA,NA,NA,NA,NA,NA,NA,NA,NA,NA,NA
2163,NA,NA,WY,2024-01-06,NA,NA,NA,NA,NA,NA,NA,NA,NA,NA,NA,NA,NA,NA,NA,NA,NA,NA,NA,NA
2164,NA,NA,WY,2024-01-07,NA,NA,NA,NA,NA,NA,NA,NA,NA,NA,NA,NA,NA,NA,NA,NA,NA,NA,NA,NA
2165,NA,NA,WY,2024-01-08,NA,NA,NA,NA,NA,NA,NA,NA,NA,NA,NA,NA,NA,NA,NA,NA,NA,NA,NA,NA
2166,NA,NA,WY,2024-01-09,NA,NA,NA,NA,NA,NA,NA,NA,NA,NA,NA,NA,NA,NA,NA,NA,NA,NA,NA,NA
2167,NA,NA,WY,2024-01-10,NA,NA,NA,NA,NA,NA,NA,NA,NA,NA,NA,NA,NA,NA,NA,NA,NA,NA,NA,NA
2168,NA,NA,WY,2024-01-11,NA,NA,NA,NA,NA,NA,NA,NA,NA,NA,NA,NA,NA,NA,NA,NA,NA,NA,NA,NA
2169,NA,NA,WY,2024-01-12,NA,NA,NA,NA,NA,NA,NA,NA,NA,NA,NA,NA,NA,NA,NA,NA,NA,NA,NA,NA
2170,NA,NA,WY,2024-01-13,NA,NA,NA,NA,NA,NA,NA,NA,NA,NA,NA,NA,NA,NA,NA,NA,NA,NA,NA,NA
2171,NA,NA,WY,2024-01-14,NA,NA,NA,NA,NA,NA,NA,NA,NA,NA,NA,NA,NA,NA,NA,NA,NA,NA,NA,NA
2172,NA,NA,WY,2024-01-15,NA,NA,NA,NA,NA,NA,NA,NA,NA,NA,NA,NA,NA,NA,NA,NA,NA,NA,NA,NA
2173,NA,NA,WY,2024-01-16,NA,NA,NA,NA,NA,NA,NA,NA,NA,NA,NA,NA,NA,NA,NA,NA,NA,NA,NA,NA
2174,NA,NA,WY,2024-01-17,NA,NA,NA,NA,NA,NA,NA,NA,NA,NA,NA,NA,NA,NA,NA,NA,NA,NA,NA,NA
2175,NA,NA,WY,2024-01-18,NA,NA,NA,NA,NA,NA,NA,NA,NA,NA,NA,NA,NA,NA,NA,NA,NA,NA,NA,NA
2176,NA,NA,WY,2024-01-19,NA,NA,NA,NA,NA,NA,NA,NA,NA,NA,NA,NA,NA,NA,NA,NA,NA,NA,NA,NA
2177,NA,NA,WY,2024-01-20,NA,NA,NA,NA,NA,NA,NA,NA,NA,NA,NA,NA,NA,NA,NA,NA,NA,NA,NA,NA
2178,NA,NA,WY,2024-01-21,NA,NA,NA,NA,NA,NA,NA,NA,NA,NA,NA,NA,NA,NA,NA,NA,NA,NA,NA,NA
2179,NA,NA,WY,2024-01-22,NA,NA,NA,NA,NA,NA,NA,NA,NA,NA,NA,NA,NA,NA,NA,NA,NA,NA,NA,NA
2180,NA,NA,WY,2024-01-23,NA,NA,NA,NA,NA,NA,NA,NA,NA,NA,NA,NA,NA,NA,NA,NA,NA,NA,NA,NA
2181,NA,NA,WY,2024-01-24,NA,NA,NA,NA,NA,NA,NA,NA,NA,NA,NA,NA,NA,NA,NA,NA,NA,NA,NA,NA
2182,NA,NA,WY,2024-01-25,NA,NA,NA,NA,NA,NA,NA,NA,NA,NA,NA,NA,NA,NA,NA,NA,NA,NA,NA,NA
2183,NA,NA,WY,2024-01-26,NA,NA,NA,NA,NA,NA,NA,NA,NA,NA,NA,NA,NA,NA,NA,NA,NA,NA,NA,NA
2184,NA,NA,WY,2024-01-27,NA,NA,NA,NA,NA,NA,NA,NA,NA,NA,NA,NA,NA,NA,NA,NA,NA,NA,NA,NA
