...1,es_score,brier_score,location,target_date,X22A_50_CI,X22B_50_CI,X22D_50_CI,X22E_50_CI,X22F_50_CI,X23A_50_CI,other_50_CI,X22A_95_CI,X22B_95_CI,X22D_95_CI,X22E_95_CI,X22F_95_CI,X23A_95_CI,other_95_CI
1,NA,NA,AK,2022-12-04,NA,NA,NA,NA,NA,NA,NA,NA,NA,NA,NA,NA,NA,NA
2,NA,NA,AK,2022-12-05,NA,NA,NA,NA,NA,NA,NA,NA,NA,NA,NA,NA,NA,NA
3,NA,NA,AK,2022-12-06,NA,NA,NA,NA,NA,NA,NA,NA,NA,NA,NA,NA,NA,NA
4,NA,NA,AK,2022-12-07,NA,NA,NA,NA,NA,NA,NA,NA,NA,NA,NA,NA,NA,NA
5,NA,NA,AK,2022-12-08,NA,NA,NA,NA,NA,NA,NA,NA,NA,NA,NA,NA,NA,NA
6,0.165929832711235,0.149155242573486,AK,2022-12-09,1,1,1,1,1,1,1,1,1,1,1,1,1,1
7,NA,NA,AK,2022-12-10,NA,NA,NA,NA,NA,NA,NA,NA,NA,NA,NA,NA,NA,NA
8,NA,NA,AK,2022-12-11,NA,NA,NA,NA,NA,NA,NA,NA,NA,NA,NA,NA,NA,NA
9,0.127882990692516,0.128172275949968,AK,2022-12-12,1,1,1,1,1,1,1,1,1,1,1,1,1,1
10,0.131511169726318,0.122265288943906,AK,2022-12-13,1,1,1,1,1,1,1,1,1,1,1,1,1,1
11,NA,NA,AK,2022-12-14,NA,NA,NA,NA,NA,NA,NA,NA,NA,NA,NA,NA,NA,NA
12,0.120471578244434,0.1121730282513935,AK,2022-12-15,1,1,1,1,1,1,1,1,1,1,1,1,1,1
13,1.39449133237563,0.591846571421165,AK,2022-12-16,0,1,1,0,1,1,1,0,1,1,0,1,1,1
14,NA,NA,AK,2022-12-17,NA,NA,NA,NA,NA,NA,NA,NA,NA,NA,NA,NA,NA,NA
15,NA,NA,AK,2022-12-18,NA,NA,NA,NA,NA,NA,NA,NA,NA,NA,NA,NA,NA,NA
16,0.828954403374029,0.52826640850942,AK,2022-12-19,1,0,1,1,1,1,1,1,0,1,0,1,1,1
17,NA,NA,AK,2022-12-20,NA,NA,NA,NA,NA,NA,NA,NA,NA,NA,NA,NA,NA,NA
18,0.871839015443695,0.54875380017712,AK,2022-12-21,1,0,1,1,1,1,1,1,0,1,0,1,1,1
19,NA,NA,AK,2022-12-22,NA,NA,NA,NA,NA,NA,NA,NA,NA,NA,NA,NA,NA,NA
20,NA,NA,AK,2022-12-23,NA,NA,NA,NA,NA,NA,NA,NA,NA,NA,NA,NA,NA,NA
21,NA,NA,AK,2022-12-24,NA,NA,NA,NA,NA,NA,NA,NA,NA,NA,NA,NA,NA,NA
22,NA,NA,AK,2022-12-25,NA,NA,NA,NA,NA,NA,NA,NA,NA,NA,NA,NA,NA,NA
23,NA,NA,AK,2022-12-26,NA,NA,NA,NA,NA,NA,NA,NA,NA,NA,NA,NA,NA,NA
24,NA,NA,AK,2022-12-27,NA,NA,NA,NA,NA,NA,NA,NA,NA,NA,NA,NA,NA,NA
25,0.115911602177305,0.1148166129606135,AK,2022-12-28,1,1,1,1,1,1,1,1,1,1,0,1,0,1
26,1.04226880512018,0.69822788505545,AK,2022-12-29,1,1,1,1,1,1,0,1,1,1,1,1,0,0
27,0.936289931780229,0.61836093730206,AK,2022-12-30,1,0,1,1,1,1,1,1,0,1,0,1,1,1
28,NA,NA,AK,2022-12-31,NA,NA,NA,NA,NA,NA,NA,NA,NA,NA,NA,NA,NA,NA
29,NA,NA,AK,2023-01-01,NA,NA,NA,NA,NA,NA,NA,NA,NA,NA,NA,NA,NA,NA
30,NA,NA,AK,2023-01-02,NA,NA,NA,NA,NA,NA,NA,NA,NA,NA,NA,NA,NA,NA
31,0.47214926469787,0.268388149348325,AK,2023-01-03,1,1,1,1,1,1,1,1,1,1,1,1,1,1
32,0.407728153608382,0.1742389076307655,AK,2023-01-04,1,1,1,1,1,1,1,1,1,1,0,1,0,1
33,0.165390536517085,0.185519743170046,AK,2023-01-05,1,1,1,1,1,1,1,1,1,1,0,1,1,0
34,0.1808073311066,0.197284519571923,AK,2023-01-06,1,1,1,1,1,1,1,1,1,1,0,1,0,1
35,NA,NA,AK,2023-01-07,NA,NA,NA,NA,NA,NA,NA,NA,NA,NA,NA,NA,NA,NA
36,NA,NA,AK,2023-01-08,NA,NA,NA,NA,NA,NA,NA,NA,NA,NA,NA,NA,NA,NA
37,0.527541468752837,0.272588608513644,AK,2023-01-09,1,1,1,1,1,1,1,1,1,1,1,1,1,1
38,0.480223121740645,0.2510134557112125,AK,2023-01-10,1,1,1,1,1,1,1,1,1,1,0,1,0,1
39,0.248233031533949,0.260226004929732,AK,2023-01-11,1,1,1,1,1,1,1,1,1,1,1,1,1,1
40,0.259088421699866,0.273014833262576,AK,2023-01-12,1,1,1,1,1,1,1,1,1,1,0,1,0,1
41,NA,NA,AK,2023-01-13,NA,NA,NA,NA,NA,NA,NA,NA,NA,NA,NA,NA,NA,NA
42,NA,NA,AK,2023-01-14,NA,NA,NA,NA,NA,NA,NA,NA,NA,NA,NA,NA,NA,NA
43,0.762396174470152,0.258320691498008,AL,2022-12-04,1,1,1,1,1,1,1,1,0,1,1,0,1,1
44,0.99164101769589,0.2853079477357795,AL,2022-12-05,1,0,1,1,1,1,1,1,0,1,0,1,1,1
45,1.08438271028187,0.344924266972065,AL,2022-12-06,1,1,1,1,0,1,1,1,0,1,1,0,1,1
46,0.30053265392803,0.228304419229115,AL,2022-12-07,1,1,1,1,1,1,1,1,0,0,0,1,1,1
47,1.15392668674128,0.2982801361386065,AL,2022-12-08,1,0,1,1,1,1,1,1,0,1,0,1,1,1
48,0.968935012434686,0.24572107162079,AL,2022-12-09,1,1,1,1,1,0,1,1,0,1,0,1,0,1
49,0.854518580118021,0.144037464180725,AL,2022-12-10,1,1,1,1,1,1,1,1,0,0,0,1,1,1
50,1.59399597795173,0.51695038609091,AL,2022-12-11,0,1,0,0,1,1,1,0,0,0,0,1,1,1
51,1.3551650469321599,0.429809874966436,AL,2022-12-12,1,1,0,0,0,1,1,0,1,0,0,0,1,1
52,0.10170534612091,0.0640509754563165,AL,2022-12-13,1,1,1,1,1,1,1,1,1,1,1,1,1,1
53,1.01377284978671,0.326253345787019,AL,2022-12-14,1,0,1,1,1,1,1,1,0,1,0,1,1,1
54,1.37957299995495,0.2916354681527375,AL,2022-12-15,1,0,1,1,1,1,1,1,0,1,0,0,1,1
55,0.868571828671792,0.290947326679294,AL,2022-12-16,1,1,1,1,1,1,0,1,0,0,0,1,1,0
56,0.233308564600484,0.050317839552077,AL,2022-12-17,1,1,1,1,1,1,1,1,1,1,0,1,0,1
57,0.227676877800845,0.04784757605255065,AL,2022-12-18,1,1,1,1,1,1,1,1,1,1,1,1,1,1
58,0.411986059917914,0.196902104921503,AL,2022-12-19,1,1,1,1,1,1,1,1,1,1,0,0,1,1
59,1.54044629762013,0.227659612691725,AL,2022-12-20,0,1,0,1,1,1,1,0,0,0,0,0,1,1
60,2.69756947961921,0.449113525126514,AL,2022-12-21,1,1,1,0,1,0,0,1,1,1,0,1,0,0
61,NA,NA,AL,2022-12-22,NA,NA,NA,NA,NA,NA,NA,NA,NA,NA,NA,NA,NA,NA
62,NA,NA,AL,2022-12-23,NA,NA,NA,NA,NA,NA,NA,NA,NA,NA,NA,NA,NA,NA
63,0.0603353285126161,0.0410444271410142,AL,2022-12-24,1,1,1,1,1,1,1,1,1,1,1,1,1,1
64,NA,NA,AL,2022-12-25,NA,NA,NA,NA,NA,NA,NA,NA,NA,NA,NA,NA,NA,NA
65,1.35319806432822,0.2843681546266245,AL,2022-12-26,1,1,1,1,1,1,1,1,1,0,0,1,1,1
66,1.09740096933058,0.2170823906887195,AL,2022-12-27,1,1,1,1,1,1,1,0,1,1,1,0,1,1
67,2.30754150026721,0.380805027010319,AL,2022-12-28,1,0,1,0,0,1,1,1,0,0,0,0,0,1
68,2.47153361132375,0.3036253571746635,AL,2022-12-29,1,1,1,1,0,1,0,1,0,0,0,0,0,0
69,2.01316438183508,0.4062362728278925,AL,2022-12-30,1,0,1,0,1,1,1,1,0,0,0,1,0,1
70,NA,NA,AL,2022-12-31,NA,NA,NA,NA,NA,NA,NA,NA,NA,NA,NA,NA,NA,NA
71,NA,NA,AL,2023-01-01,NA,NA,NA,NA,NA,NA,NA,NA,NA,NA,NA,NA,NA,NA
72,1.61777793011659,0.2314459200165,AL,2023-01-02,1,1,1,1,1,1,1,1,0,1,0,0,0,1
73,2.5591246583605,0.2575670482748,AL,2023-01-03,1,0,1,1,1,0,0,1,0,1,0,1,0,0
74,2.07241336499412,0.3530771700086185,AL,2023-01-04,1,1,1,0,0,1,1,1,0,1,0,0,1,1
75,0.969676966120532,0.2278887165662075,AL,2023-01-05,1,1,1,1,1,1,1,1,1,1,0,1,0,1
76,1.74704228128689,0.412421440034823,AL,2023-01-06,1,1,0,1,1,1,1,1,0,0,0,1,1,1
77,2.75666752850818,0.460064665767307,AL,2023-01-07,1,0,1,0,1,1,0,1,0,1,0,1,0,0
78,1.58148488455072,0.721833961260005,AL,2023-01-08,1,0,1,0,1,1,0,1,0,1,0,1,1,0
79,1.35243645737505,0.3056471804575055,AL,2023-01-09,1,1,1,1,1,1,0,1,0,1,0,0,0,0
80,1.2261888932902,0.2508939450089295,AL,2023-01-10,1,0,1,1,1,1,1,1,0,1,0,1,0,1
81,0.308342573595682,0.2610099234890115,AL,2023-01-11,1,1,1,1,1,1,1,1,1,1,0,0,1,1
82,0.978378584676263,0.413243287390088,AL,2023-01-12,1,1,1,1,1,1,0,1,1,1,0,1,1,0
83,NA,NA,AL,2023-01-13,NA,NA,NA,NA,NA,NA,NA,NA,NA,NA,NA,NA,NA,NA
84,NA,NA,AL,2023-01-14,NA,NA,NA,NA,NA,NA,NA,NA,NA,NA,NA,NA,NA,NA
85,0.250311882670964,0.259762546517055,AR,2022-12-04,1,1,1,1,1,1,1,1,0,1,0,1,1,1
86,1.82589924843043,0.316508971047075,AR,2022-12-05,1,1,0,1,1,1,1,1,0,0,0,1,1,0
87,4.04157026748037,0.367246674692657,AR,2022-12-06,0,0,0,1,1,1,1,0,0,0,1,1,0,1
88,1.20199300891129,0.2714893221907035,AR,2022-12-07,1,1,1,1,1,1,1,0,0,1,0,1,1,1
89,2.92976702900486,0.351869838372739,AR,2022-12-08,1,1,0,0,1,1,1,1,0,0,0,1,1,1
90,1.71198741048284,0.2766232447303925,AR,2022-12-09,1,0,0,1,1,1,1,0,0,0,0,1,1,1
91,0.531374479975895,0.247772797404185,AR,2022-12-10,1,1,1,1,1,1,1,1,0,1,0,1,1,1
92,0.783763017644563,0.2705867759483975,AR,2022-12-11,1,1,1,1,1,1,1,1,0,0,1,1,1,1
93,4.53832956651787,0.3285068526355505,AR,2022-12-12,1,1,0,0,1,1,1,0,0,0,0,1,1,1
94,1.25447711300315,0.2849506674018195,AR,2022-12-13,1,1,0,1,1,1,1,0,1,0,0,1,0,1
95,2.68298537857206,0.292813543569542,AR,2022-12-14,1,1,0,1,1,1,1,1,0,0,0,1,0,1
96,1.72053284859624,0.1919367288319305,AR,2022-12-15,1,0,1,0,1,1,1,1,0,1,0,0,1,1
97,3.13334013052752,0.4336570300142795,AR,2022-12-16,1,0,0,0,1,1,0,1,1,0,0,1,1,0
98,0.80418665364784,0.2669886554191925,AR,2022-12-17,1,1,1,1,0,1,1,1,0,1,0,0,1,1
99,0.705070751784523,0.2611024343669785,AR,2022-12-18,1,1,0,1,1,1,1,0,0,0,0,1,1,1
100,1.59702248421525,0.2339564589930805,AR,2022-12-19,1,1,1,1,1,1,1,0,0,1,0,1,0,1
101,3.01417759283177,0.3209069584752045,AR,2022-12-20,1,0,0,0,1,0,0,0,0,0,0,0,1,0
102,1.63505893436977,0.241252189013921,AR,2022-12-21,1,1,1,1,1,1,0,1,0,0,0,1,0,0
103,1.46426486684223,0.2883567873989015,AR,2022-12-22,1,0,1,1,1,1,1,1,0,1,0,1,1,1
104,1.95663620956718,0.378051462842778,AR,2022-12-23,1,0,1,0,1,1,1,1,0,1,0,1,0,1
105,1.70390887780782,0.0768717997773995,AR,2022-12-24,1,1,1,0,1,1,1,0,0,1,0,1,1,1
106,0.819270396876793,0.2324363786505155,AR,2022-12-25,1,1,0,1,1,1,1,1,0,0,1,1,1,1
107,3.84085106577564,0.131354725630033,AR,2022-12-26,1,1,1,0,1,0,1,1,1,0,0,1,1,1
108,1.00621545045571,0.303539117864868,AR,2022-12-27,1,0,1,1,1,1,1,1,0,1,0,1,1,1
109,1.39968381019627,0.294747226029158,AR,2022-12-28,1,0,0,1,1,1,1,1,0,0,0,1,1,1
110,6.5234046397608,0.41540613100873103,AR,2022-12-29,1,0,1,0,1,0,1,1,0,0,0,0,0,1
111,1.34482485069551,0.2075931068540925,AR,2022-12-30,1,1,1,1,1,1,1,1,0,1,1,0,0,1
112,1.12647173080355,0.32704164954006,AR,2022-12-31,1,1,0,1,1,1,1,1,1,0,1,0,1,1
113,0.16083313431287,0.1099878971549465,AR,2023-01-01,1,1,1,1,1,1,1,1,1,1,1,1,1,1
114,2.03016071064873,0.185276961435683,AR,2023-01-02,1,1,1,0,1,0,1,1,1,1,0,1,0,1
115,5.12046674904465,0.280585229853766,AR,2023-01-03,1,0,1,1,1,0,1,1,0,0,0,0,1,1
116,9.33630157654789,0.264147045297979,AR,2023-01-04,1,0,1,0,1,0,0,1,0,0,1,1,0,0
117,5.14308281578558,0.3682817032999035,AR,2023-01-05,0,1,1,1,1,0,0,0,1,0,0,0,0,0
118,2.62930693590597,0.364060040681338,AR,2023-01-06,1,1,0,1,1,0,1,1,0,0,0,1,0,1
119,1.72837964858651,0.285845224259452,AR,2023-01-07,1,0,1,0,1,0,1,1,0,1,0,1,0,1
120,2.25180860638995,0.209675178412382,AR,2023-01-08,1,1,1,0,1,0,1,1,1,1,1,1,1,1
121,4.31449660384909,0.3433458884471665,AR,2023-01-09,0,0,1,1,1,0,1,0,0,1,0,0,0,1
122,10.4568776462822,0.3258431134150785,AR,2023-01-10,1,0,1,0,0,0,1,1,0,1,0,0,0,1
123,8.42272809520408,0.340075893598624,AR,2023-01-11,0,0,1,0,1,0,1,0,0,0,0,1,0,1
124,7.06120521045966,0.3974224921729275,AR,2023-01-12,0,1,0,0,1,0,1,0,0,0,0,1,0,1
125,3.8227064316527,0.3976986367522475,AR,2023-01-13,1,1,1,0,1,0,0,1,1,1,0,1,0,0
126,1.75291991923185,0.596906306528495,AR,2023-01-14,1,0,1,1,0,0,1,1,0,1,0,0,0,1
127,3.07263667696203,0.2881648511472915,AZ,2022-12-04,1,1,0,0,1,1,1,0,0,1,0,0,1,1
128,11.4647806348262,0.3088247305225465,AZ,2022-12-05,1,0,1,0,1,1,0,0,0,0,0,0,0,0
129,3.44100640260641,0.285724849252905,AZ,2022-12-06,1,1,0,0,1,1,1,0,0,0,0,0,1,0
130,3.96970904571314,0.2588127737662975,AZ,2022-12-07,1,0,0,1,1,0,1,1,0,0,0,0,0,0
131,2.3532398383718,0.2413016749672165,AZ,2022-12-08,1,0,0,1,1,1,0,0,0,1,0,0,1,0
132,3.20258027781988,0.2672424672835775,AZ,2022-12-09,0,0,1,1,0,0,1,1,0,0,0,0,0,1
133,2.33364796017493,0.29828778920036503,AZ,2022-12-10,1,1,1,0,0,1,1,1,0,0,0,0,1,1
134,2.39789440257839,0.213162399720849,AZ,2022-12-11,1,1,1,1,1,1,0,1,0,1,0,0,1,0
135,5.85800927208742,0.292803591423963,AZ,2022-12-12,1,0,1,0,0,1,0,0,0,0,0,0,1,0
136,5.68784653500817,0.2787149853025215,AZ,2022-12-13,1,0,0,0,0,1,0,1,0,0,0,0,1,0
137,2.02470674304683,0.238141890046233,AZ,2022-12-14,1,1,1,1,1,1,1,1,0,0,0,0,0,1
138,3.57030087172682,0.2632418450696185,AZ,2022-12-15,1,0,1,0,1,0,1,1,0,0,0,1,0,1
139,2.04541315016068,0.235922027881047,AZ,2022-12-16,1,0,0,1,1,1,0,1,0,0,0,0,1,0
140,2.54588312039819,0.3032898039576545,AZ,2022-12-17,1,1,0,0,1,1,1,1,0,0,0,1,1,1
141,1.53944302327503,0.215681340492162,AZ,2022-12-18,1,1,1,1,1,1,0,1,0,0,0,1,1,0
142,5.56642759849271,0.245294199695564,AZ,2022-12-19,1,0,1,0,1,1,1,1,0,0,0,1,0,0
143,6.14433887982954,0.30260480026332,AZ,2022-12-20,1,0,0,0,1,1,1,1,0,0,0,0,1,1
144,5.34668435213557,0.292656527788167,AZ,2022-12-21,1,0,0,0,1,1,1,1,0,0,0,1,1,1
145,1.62603319779311,0.1995235092691655,AZ,2022-12-22,1,1,1,1,1,0,1,1,0,0,1,0,0,1
146,1.66632298232454,0.2440893660672975,AZ,2022-12-23,1,1,1,1,0,1,0,1,1,0,0,0,0,0
147,0.740401780554361,0.2329622266657685,AZ,2022-12-24,1,1,1,1,1,1,1,1,0,1,1,1,1,0
148,0.0451686941725569,0.0333555956168491,AZ,2022-12-25,1,1,1,1,1,1,1,1,1,1,0,0,1,1
149,2.71995089487028,0.2423502672902695,AZ,2022-12-26,1,0,1,0,1,1,0,1,0,0,0,0,1,0
150,3.55140406374831,0.2029913715162885,AZ,2022-12-27,1,0,1,1,1,1,1,0,0,0,0,0,0,0
151,4.42441292597045,0.3036340140212375,AZ,2022-12-28,1,0,1,0,1,1,1,1,0,0,0,0,0,1
152,3.80297896799418,0.303614199678228,AZ,2022-12-29,1,0,1,0,1,1,0,1,0,0,1,0,0,0
153,2.98521275764384,0.2745338273753295,AZ,2022-12-30,1,1,0,0,0,1,1,1,0,0,1,0,0,1
154,0.93418990483919,0.2379726303552065,AZ,2022-12-31,1,1,1,1,1,1,1,1,1,0,0,0,0,1
155,0.593187179384392,0.0303426522307992,AZ,2023-01-01,1,1,1,1,1,1,1,1,0,1,0,0,1,1
156,6.95127051761238,0.2826552176244415,AZ,2023-01-02,1,0,1,0,0,1,0,1,0,0,0,0,0,0
157,3.70155368703744,0.2526124755069765,AZ,2023-01-03,1,0,0,0,1,1,0,1,0,0,0,0,1,0
158,2.10574902986234,0.242743588721593,AZ,2023-01-04,1,1,1,1,1,1,0,1,0,1,0,0,0,0
159,1.90395826656672,0.241772773521051,AZ,2023-01-05,1,0,1,1,1,1,1,1,0,0,0,0,0,1
160,2.59871526680023,0.1938304837393515,AZ,2023-01-06,1,0,1,1,0,0,1,1,0,1,0,0,0,1
161,0.774958234323391,0.1558609095099775,AZ,2023-01-07,1,0,1,1,1,1,1,1,0,0,0,1,0,1
162,1.41905380290936,0.263620090692926,AZ,2023-01-08,1,0,1,1,1,1,1,1,0,1,0,1,1,1
163,7.72158234481462,0.326335142125492,AZ,2023-01-09,1,0,1,0,0,1,1,1,0,0,0,0,0,1
164,1.54287480250795,0.2119115028492625,AZ,2023-01-10,1,1,1,1,1,1,0,1,0,0,0,0,0,0
165,2.86078972717561,0.302681489806023,AZ,2023-01-11,1,0,0,0,1,1,1,1,0,1,0,0,1,1
166,2.18397169366329,0.3527986633162745,AZ,2023-01-12,1,1,0,0,1,0,1,0,0,0,0,1,0,1
167,1.8326793656131,0.3828142090091125,AZ,2023-01-13,1,0,1,0,1,1,1,1,0,0,1,1,1,1
168,1.57072687855,0.3712520078841245,AZ,2023-01-14,1,1,1,0,1,0,1,1,0,1,0,0,0,1
169,8.49442326944314,0.2728978602973745,CA,2022-12-04,1,0,1,0,0,1,1,0,0,0,0,0,0,0
170,16.8971051134054,0.2586270909529975,CA,2022-12-05,0,0,1,0,0,1,0,0,0,0,0,0,0,0
171,3.641811737328,0.2442186265587905,CA,2022-12-06,1,1,1,1,1,1,0,0,0,0,0,0,1,0
172,21.5426380616262,0.262217037380972,CA,2022-12-07,1,0,0,0,0,1,1,0,0,0,0,0,0,0
173,10.754163032291,0.235327280530568,CA,2022-12-08,0,0,0,1,1,1,0,0,0,0,0,0,1,0
174,5.5953883213726,0.2189744037059055,CA,2022-12-09,1,1,1,1,0,1,1,0,0,0,0,0,0,0
175,41.1263186836412,0.276148566129994,CA,2022-12-10,1,0,0,0,0,0,1,0,0,0,0,1,0,0
176,19.8626024989907,0.244331472773218,CA,2022-12-11,0,0,1,0,0,0,1,0,0,1,0,0,0,0
177,7.60265990013014,0.2278619956014515,CA,2022-12-12,1,1,0,1,1,0,0,0,0,0,0,0,0,0
178,18.0899807090268,0.245488271639031,CA,2022-12-13,0,0,0,0,0,0,0,0,0,0,0,0,0,0
179,32.786484828196,0.2845386253416525,CA,2022-12-14,0,0,0,0,0,0,0,0,0,0,0,0,0,1
180,10.5891416663081,0.2247395603674115,CA,2022-12-15,1,0,1,0,0,1,0,0,0,1,0,0,0,0
181,10.7260013243881,0.2349743346335785,CA,2022-12-16,1,0,1,0,1,1,0,0,0,1,0,0,0,0
182,20.04707008178,0.257798898469738,CA,2022-12-17,1,0,0,0,0,0,1,0,0,0,0,0,0,1
183,10.1228808322127,0.197756884623104,CA,2022-12-18,1,0,1,1,0,0,1,0,0,0,0,0,0,0
184,15.8996530410878,0.222226634336654,CA,2022-12-19,0,0,0,0,0,0,1,0,0,0,0,0,0,1
185,6.05186633033149,0.1748981418803725,CA,2022-12-20,1,1,1,0,0,0,1,0,0,0,0,0,0,0
186,17.2112697676966,0.2230247069490085,CA,2022-12-21,1,0,0,0,0,1,0,1,0,1,0,0,0,0
187,42.6625427240265,0.249310581870821,CA,2022-12-22,1,0,0,0,0,1,0,0,0,0,0,0,0,0
188,39.8471994111782,0.218564420463695,CA,2022-12-23,1,0,0,0,0,0,0,1,0,0,0,0,0,0
189,14.2441878285334,0.2425929995168795,CA,2022-12-24,1,1,0,0,1,1,0,1,0,0,0,0,0,0
190,0.283613673025523,0.03169242647276005,CA,2022-12-25,1,1,1,1,1,1,1,1,1,1,1,1,1,1
191,30.578509221339498,0.233278479721653,CA,2022-12-26,1,0,0,0,1,0,0,0,0,0,0,0,0,0
192,37.582423733709,0.229449390326369,CA,2022-12-27,1,0,0,0,0,0,0,1,0,0,0,0,0,0
193,27.3464269891629,0.2186429799107735,CA,2022-12-28,1,0,1,0,1,0,0,0,0,0,0,0,0,0
194,24.8374974552242,0.2334443533787845,CA,2022-12-29,1,0,0,0,0,0,0,0,0,0,0,0,0,0
195,41.9006363136351,0.2621341796149055,CA,2022-12-30,1,0,0,0,0,0,0,1,0,0,0,0,0,0
196,14.3323672180707,0.2794403004786,CA,2022-12-31,1,0,0,0,1,0,0,1,0,0,0,0,0,0
197,0.873343233706588,0.192837437554104,CA,2023-01-01,1,1,1,1,1,1,1,1,1,0,0,0,1,1
198,38.9383790978329,0.2362539169634845,CA,2023-01-02,1,0,0,1,1,0,0,1,0,0,0,0,0,0
199,33.6217841943922,0.3046265722339015,CA,2023-01-03,1,0,0,0,0,0,0,1,0,0,0,0,0,0
200,16.2200080490195,0.2674589962161195,CA,2023-01-04,0,0,0,1,0,0,0,1,0,0,0,0,0,0
201,18.4767590986004,0.267720891207899,CA,2023-01-05,1,0,0,1,1,0,0,1,0,0,0,0,0,0
202,14.0952320088856,0.2835003718742195,CA,2023-01-06,1,0,1,0,1,0,0,1,0,0,0,0,0,0
203,18.2671033882367,0.278411035224454,CA,2023-01-07,0,0,1,1,0,0,0,0,0,0,0,0,0,0
204,10.6414783197299,0.2691813973970235,CA,2023-01-08,1,0,0,1,0,0,0,1,0,0,0,0,0,0
205,33.6002473741474,0.2652589470207285,CA,2023-01-09,1,0,0,0,0,0,0,1,0,0,0,0,0,0
206,25.5267005506149,0.310976848603779,CA,2023-01-10,0,0,0,1,1,0,0,0,0,0,0,1,0,0
207,31.9186277856626,0.32947131064729,CA,2023-01-11,1,0,0,1,0,0,0,1,0,0,0,0,0,0
208,36.0104141150648,0.3074725146807305,CA,2023-01-12,1,0,0,0,0,0,0,1,0,0,0,0,0,0
209,28.9480169601341,0.3263022741774835,CA,2023-01-13,1,0,0,1,1,0,0,0,0,0,0,1,0,0
210,24.2170308436693,0.321762151798342,CA,2023-01-14,1,0,0,0,1,0,0,1,0,0,0,1,0,0
211,1.83731729662718,0.325408654707548,CO,2022-12-04,1,1,1,0,0,1,1,0,0,0,0,1,1,1
212,1.91494719038407,0.3094363469257205,CO,2022-12-05,1,1,1,0,1,1,0,0,1,1,1,1,1,0
213,1.39838730938283,0.2026096716751065,CO,2022-12-06,1,0,1,1,1,1,1,0,0,1,0,1,1,1
214,1.6931412888483,0.2378282089636165,CO,2022-12-07,1,0,1,1,1,1,1,1,0,1,0,1,1,1
215,1.47095683739795,0.3647849984051715,CO,2022-12-08,1,1,1,0,1,1,0,1,0,1,0,1,1,0
216,2.46272154106916,0.493320002697052,CO,2022-12-09,1,0,1,0,1,1,1,1,0,1,0,1,1,1
217,0.905968438261185,0.230038998361004,CO,2022-12-10,1,1,1,1,1,0,1,1,0,1,1,1,0,1
218,4.00399290229059,0.4325351833516985,CO,2022-12-11,1,0,1,0,1,1,1,1,0,1,0,1,1,1
219,1.24130050402966,0.233863031460876,CO,2022-12-12,1,1,1,1,1,0,0,1,1,1,0,1,0,0
220,1.34173564547941,0.187220612355506,CO,2022-12-13,1,1,0,1,1,1,1,1,0,0,1,0,1,1
221,0.895134728983943,0.2703469711595635,CO,2022-12-14,1,1,0,1,1,1,1,1,0,0,0,1,1,1
222,1.58121114863722,0.25659824219658,CO,2022-12-15,1,0,1,1,1,1,1,1,0,1,0,0,1,1
223,9.50656428612174,0.659381339920285,CO,2022-12-16,1,0,1,0,1,1,1,1,0,1,0,1,1,1
224,1.32343328545272,0.3090913912182005,CO,2022-12-17,1,0,1,0,1,1,1,1,1,1,1,1,1,1
225,1.57222033982246,0.3849890769425205,CO,2022-12-18,1,0,1,0,1,1,1,1,0,1,0,1,1,1
226,2.43151822814282,0.322111968761103,CO,2022-12-19,1,1,1,0,0,0,0,1,0,1,0,0,0,0
227,2.2596947030283,0.3745922873197245,CO,2022-12-20,1,1,0,0,1,0,0,1,0,0,0,1,0,0
228,2.00396337968036,0.269478106879915,CO,2022-12-21,1,0,1,0,1,1,1,1,0,0,1,1,1,1
229,0.875485620653277,0.398977153303308,CO,2022-12-22,1,0,1,1,1,1,1,1,0,1,0,1,1,1
230,0.831566104070337,0.01532026037168165,CO,2022-12-23,1,1,1,0,1,1,1,1,0,1,0,1,1,1
231,1.01994402055261,0.4282188377794395,CO,2022-12-24,1,1,0,1,1,1,1,1,1,0,0,1,1,1
232,NA,NA,CO,2022-12-25,NA,NA,NA,NA,NA,NA,NA,NA,NA,NA,NA,NA,NA,NA
233,1.57307891381396,0.423476640910686,CO,2022-12-26,1,1,0,0,1,0,1,1,1,1,0,1,0,1
234,0.837690237023444,0.2219254828061975,CO,2022-12-27,1,1,0,1,1,1,1,1,1,0,0,1,1,1
235,0.130144498094327,0.01452660140973235,CO,2022-12-28,1,1,1,1,1,1,1,1,0,0,0,1,1,1
236,2.2775188880892,0.419104057299019,CO,2022-12-29,1,0,0,0,1,1,1,1,0,0,0,1,1,1
237,8.42951398764887,0.507170603841015,CO,2022-12-30,1,0,1,0,1,1,1,1,0,1,0,1,1,1
238,0.983515508250897,0.296410186311422,CO,2022-12-31,1,1,1,1,1,1,0,1,1,1,0,1,1,0
239,NA,NA,CO,2023-01-01,NA,NA,NA,NA,NA,NA,NA,NA,NA,NA,NA,NA,NA,NA
240,0.92484805765531,0.175201086083022,CO,2023-01-02,1,1,1,1,0,1,1,0,0,1,1,0,0,1
241,3.81743476835673,0.328183428324113,CO,2023-01-03,0,0,1,0,1,1,1,0,0,1,0,1,1,1
242,2.09885399772169,0.425725412658944,CO,2023-01-04,1,0,1,0,0,1,0,1,0,1,0,0,1,0
243,2.33978334932008,0.2858352698403605,CO,2023-01-05,1,1,1,0,1,0,1,1,1,1,0,1,0,1
244,0.167819385526428,0.027837853526016,CO,2023-01-06,1,1,1,1,1,1,1,1,1,1,1,1,1,1
245,1.02645484415462,0.4237671254615645,CO,2023-01-07,1,1,0,1,1,1,1,1,1,0,0,1,1,1
246,0.514667799453986,0.1614525342809255,CO,2023-01-08,1,1,1,1,1,1,1,1,1,1,0,1,0,1
247,3.11845980088674,0.4112049874828665,CO,2023-01-09,1,0,0,0,1,0,1,1,0,0,0,1,0,1
248,2.44101917702342,0.425314019335399,CO,2023-01-10,1,0,1,0,0,0,1,1,0,0,0,0,0,1
249,4.90450318056978,0.545059018110275,CO,2023-01-11,0,0,0,0,1,0,1,0,1,0,0,0,0,1
250,1.23487855063731,0.3694790865083775,CO,2023-01-12,1,0,1,0,1,1,1,1,0,1,0,1,0,1
251,1.14030965534897,0.782063196425915,CO,2023-01-13,1,1,0,0,1,1,1,1,1,0,0,1,1,1
252,NA,NA,CO,2023-01-14,NA,NA,NA,NA,NA,NA,NA,NA,NA,NA,NA,NA,NA,NA
253,1.84720930847754,0.2568148577378015,CT,2022-12-04,1,0,1,1,0,1,1,1,1,1,0,0,1,1
254,1.46044421677816,0.258277449556306,CT,2022-12-05,1,1,1,1,1,1,0,0,1,1,1,0,0,0
255,1.47034736129957,0.178276420811,CT,2022-12-06,1,1,1,0,1,0,1,1,1,1,0,0,0,1
256,3.30790160815139,0.3622067152538875,CT,2022-12-07,1,0,1,1,1,0,0,0,0,0,1,0,0,0
257,1.41417507659241,0.34441337304212,CT,2022-12-08,1,1,0,1,1,1,1,1,0,0,0,0,0,1
258,1.70385242924755,0.324176877990467,CT,2022-12-09,1,1,1,1,1,1,1,1,0,0,0,1,0,1
259,1.14573499093264,0.224503204217948,CT,2022-12-10,1,1,1,1,1,1,1,1,1,1,0,0,1,1
260,1.10266180884337,0.2797305661022225,CT,2022-12-11,1,1,1,1,1,1,1,0,1,0,0,1,1,1
261,0.506667905866395,0.265757582297331,CT,2022-12-12,1,1,1,1,1,1,1,1,1,1,0,1,0,1
262,0.275291264463901,0.1906356284795555,CT,2022-12-13,1,1,1,1,1,1,1,1,1,1,0,0,1,1
263,0.226105039389448,0.2575853119377145,CT,2022-12-14,1,1,1,1,1,1,1,1,0,1,1,1,0,1
264,0.320878240658651,0.2301753766684275,CT,2022-12-15,1,1,1,1,1,1,1,1,1,1,0,1,0,1
265,0.65557096563603,0.253921422575428,CT,2022-12-16,1,1,1,1,1,1,1,1,1,1,0,1,0,1
266,3.6076043933661,0.2941582485618675,CT,2022-12-17,1,0,1,0,1,0,1,1,0,1,0,1,0,1
267,4.0566517889735,0.363332163583653,CT,2022-12-18,0,0,1,0,1,1,1,0,0,1,0,0,0,1
268,2.00372830647075,0.3034332974247465,CT,2022-12-19,1,0,1,1,1,1,1,1,0,1,0,1,0,1
269,0.927987760346881,0.4321620983072995,CT,2022-12-20,1,0,1,1,1,1,1,1,0,1,1,1,0,1
270,NA,NA,CT,2022-12-21,NA,NA,NA,NA,NA,NA,NA,NA,NA,NA,NA,NA,NA,NA
271,NA,NA,CT,2022-12-22,NA,NA,NA,NA,NA,NA,NA,NA,NA,NA,NA,NA,NA,NA
272,7.36325118774464,0.383700926732528,CT,2022-12-23,1,0,0,0,1,0,1,1,0,0,0,1,0,1
273,1.52345852762537,0.529868593052255,CT,2022-12-24,1,0,1,1,0,0,1,1,0,0,1,0,0,1
274,0.961380315050329,0.3092910571894285,CT,2022-12-25,1,0,1,1,1,1,1,1,0,1,0,1,1,1
275,5.48997610626299,0.373588125113392,CT,2022-12-26,1,0,1,0,0,0,0,1,0,1,0,0,0,0
276,0.463026837438778,0.061445575304956,CT,2022-12-27,1,1,1,1,1,1,1,1,1,1,1,1,1,1
277,3.69417302140114,0.3991850183007755,CT,2022-12-28,1,0,1,0,1,0,1,1,1,1,0,1,0,1
278,3.34561655029464,0.4315048850638935,CT,2022-12-29,1,1,1,0,1,0,0,1,1,1,0,1,0,0
279,1.42353982062026,0.2369838436203375,CT,2022-12-30,1,0,0,1,1,1,1,1,0,0,0,1,1,1
280,1.45842015820676,0.1172936558573495,CT,2022-12-31,1,1,1,0,1,1,0,1,1,0,0,1,0,0
281,1.20054608801943,0.84365212765127,CT,2023-01-01,1,1,1,1,0,0,1,1,1,1,1,0,0,1
282,10.7249379280552,0.3445383115409195,CT,2023-01-02,1,0,0,0,0,0,1,1,0,0,0,0,0,1
283,0.993350348911471,0.189753820179095,CT,2023-01-03,1,1,1,1,1,1,0,1,1,1,1,1,0,0
284,1.28742663210353,0.1767250595708475,CT,2023-01-04,1,1,1,0,1,1,1,1,0,1,0,1,0,1
285,3.68713758453087,0.3188411764773245,CT,2023-01-05,1,0,1,0,1,0,1,1,0,1,0,1,0,1
286,3.39458574665517,0.265029179849004,CT,2023-01-06,1,0,1,0,1,0,1,1,0,1,0,1,0,1
287,1.11160122620924,0.123612602412496,CT,2023-01-07,1,0,1,1,1,1,1,1,0,1,0,1,1,1
288,1.28005412750289,0.20010045365897,CT,2023-01-08,1,1,1,1,0,0,1,1,1,1,0,0,0,1
289,3.93529045122469,0.175884118721932,CT,2023-01-09,1,0,0,1,1,0,0,0,0,0,1,1,0,0
290,1.65460380154595,0.22020434517014,CT,2023-01-10,1,1,1,0,1,0,1,1,1,1,0,1,0,1
291,2.92520780135484,0.4509965150790545,CT,2023-01-11,1,0,1,0,1,0,1,1,0,1,0,1,0,1
292,3.4329234342828,0.4465137828517525,CT,2023-01-12,1,1,1,0,1,0,1,1,1,1,0,1,0,1
293,4.09530204401762,0.4068205118898675,CT,2023-01-13,1,0,1,0,1,0,1,1,0,1,0,1,0,1
294,1.57476889948103,0.141742590464211,CT,2023-01-14,1,1,1,0,1,0,1,1,1,0,0,1,1,1
295,0.903515583225512,0.03958504756610345,DC,2022-12-04,1,1,1,0,1,1,1,1,1,0,0,1,1,1
296,2.87491975498514,0.57526879869657,DC,2022-12-05,1,0,1,0,0,1,1,1,0,1,0,0,1,0
297,2.32301650326402,0.56748344603437,DC,2022-12-06,1,1,1,0,1,0,1,1,1,1,0,0,0,0
298,1.61196705295311,0.0373466163119798,DC,2022-12-07,1,1,1,0,1,1,1,1,1,1,1,1,1,1
299,1.03736319229575,0.156037306425376,DC,2022-12-08,1,1,0,1,1,1,1,1,1,1,0,1,1,0
300,1.09276337634581,0.2061958698272615,DC,2022-12-09,1,0,1,1,1,1,1,1,0,0,1,0,1,1
301,1.82990726218562,0.346468847033449,DC,2022-12-10,1,0,0,0,1,1,1,1,0,0,0,1,1,1
302,1.22998589721337,0.3923402739718805,DC,2022-12-11,1,1,0,0,1,1,1,1,1,0,0,0,1,1
303,2.38541951692374,0.341278064446128,DC,2022-12-12,1,0,1,0,1,1,1,1,0,1,0,1,0,1
304,1.20463480106171,0.290040119296527,DC,2022-12-13,1,1,0,1,1,1,1,0,0,0,0,1,0,1
305,0.741614524809566,0.208555662526877,DC,2022-12-14,1,1,1,1,1,1,1,1,1,1,0,1,0,1
306,2.00983653017657,0.3345733226294075,DC,2022-12-15,1,0,1,0,1,0,1,1,0,1,0,1,0,1
307,0.870601102080721,0.217900826361943,DC,2022-12-16,1,1,1,1,1,1,1,1,1,0,0,0,0,1
308,1.97514898902035,0.2943542444424885,DC,2022-12-17,1,1,1,1,0,1,1,1,0,1,1,0,0,1
309,2.22805945720171,0.4933808581045255,DC,2022-12-18,1,0,0,0,1,1,0,1,0,0,0,1,0,0
310,0.891304817636845,0.2308173327526525,DC,2022-12-19,1,1,0,1,1,1,1,0,0,0,0,1,1,1
311,3.18478699184746,0.3459899146102315,DC,2022-12-20,1,1,0,0,1,0,1,1,0,0,0,1,0,1
312,2.74722990066092,0.3584315764165185,DC,2022-12-21,0,1,1,0,0,1,1,0,0,1,0,0,0,1
313,2.30888130887048,0.316137053928198,DC,2022-12-22,1,0,1,0,1,0,1,1,0,1,0,1,0,1
314,0.800528188705035,0.2559290601703995,DC,2022-12-23,1,1,1,1,1,1,1,1,1,1,0,1,0,1
315,0.887630423921423,0.111480838459789,DC,2022-12-24,1,1,1,0,1,1,1,1,1,1,0,0,0,1
316,NA,NA,DC,2022-12-25,NA,NA,NA,NA,NA,NA,NA,NA,NA,NA,NA,NA,NA,NA
317,0.816864600055655,0.3050148353346685,DC,2022-12-26,1,0,1,1,1,1,1,1,0,1,1,1,0,1
318,1.73633105543586,0.251996543374191,DC,2022-12-27,1,1,1,1,1,0,1,1,1,0,1,0,0,1
319,1.37739884927939,0.2457446153134425,DC,2022-12-28,1,1,1,1,1,0,1,1,1,0,0,0,0,1
320,2.88420731312547,0.43996294898398,DC,2022-12-29,1,0,1,0,1,1,1,1,0,0,0,1,0,1
321,0.86858668955911,0.2515104306515045,DC,2022-12-30,1,1,1,1,1,1,1,1,0,1,0,1,0,1
322,0.48480758044043,0.2543903133519605,DC,2022-12-31,1,1,1,1,1,1,1,1,0,1,0,1,0,1
323,0.267154204903835,0.2610623952971545,DC,2023-01-01,1,1,1,1,1,1,1,1,1,1,1,1,1,1
324,0.958444358340713,0.318822624071325,DC,2023-01-02,1,0,1,1,1,1,1,1,0,1,0,1,0,1
325,2.5711510249617,0.3879476498427405,DC,2023-01-03,1,0,0,1,0,0,1,1,0,0,0,0,0,1
326,1.40425689922274,0.333443432274128,DC,2023-01-04,1,1,1,1,1,1,0,1,1,1,0,0,0,0
327,1.16341000259555,0.218508215833194,DC,2023-01-05,1,1,1,1,1,0,1,1,1,1,0,1,0,1
328,0.851384940140432,0.2876451191981305,DC,2023-01-06,1,1,1,1,1,1,1,1,1,1,0,1,0,1
329,1.80995753368139,0.3797252482507395,DC,2023-01-07,1,0,1,1,1,1,0,1,0,1,0,0,0,0
330,2.04277518446295,0.3814866839363015,DC,2023-01-08,1,0,1,0,0,1,1,1,0,1,0,0,1,1
331,2.77253789581547,0.478378930224527,DC,2023-01-09,1,0,0,1,1,0,0,1,0,0,1,0,0,0
332,1.8443127512775,0.434058221158591,DC,2023-01-10,1,1,0,1,1,1,0,1,1,0,0,0,0,0
333,1.53288431729634,0.3479711822418215,DC,2023-01-11,1,1,1,1,0,1,1,1,1,0,0,0,1,1
334,2.49105995591622,0.341663050864858,DC,2023-01-12,1,0,1,0,0,1,0,1,0,1,0,0,0,0
335,0.764935954735988,0.327497679251906,DC,2023-01-13,1,1,1,1,1,1,1,1,1,1,0,1,0,1
336,0.805454116256389,0.233323094482617,DC,2023-01-14,1,1,1,1,0,1,1,1,1,1,0,0,0,1
337,0.861465678019098,0.2921563523896515,DE,2022-12-04,1,0,1,1,1,1,1,1,0,0,1,1,1,1
338,0.61707397777164,0.229045148630347,DE,2022-12-05,1,1,1,1,1,1,1,1,0,1,0,1,1,1
339,0.322115770294544,0.0882175683724495,DE,2022-12-06,1,1,1,1,1,1,1,1,0,0,0,1,1,1
340,0.58785565438114,0.1571672789305445,DE,2022-12-07,1,1,1,1,1,1,1,1,1,1,1,1,1,1
341,0.0908274699602206,0.07826647061428,DE,2022-12-08,1,1,1,1,1,1,1,1,1,1,1,1,1,1
342,2.33257486028139,0.4157007637232645,DE,2022-12-09,0,0,1,0,1,1,1,0,0,0,0,1,1,1
343,0.884855979170156,0.238997714843484,DE,2022-12-10,1,1,1,1,1,1,0,1,1,1,0,1,1,0
344,2.14777913412451,0.54633155617949,DE,2022-12-11,1,1,1,0,1,0,0,1,0,1,0,1,0,0
345,0.570437103845838,0.2281381268492485,DE,2022-12-12,1,1,1,1,1,1,1,1,1,1,0,1,0,1
346,0.609404874801441,0.332718193466399,DE,2022-12-13,1,1,1,1,1,1,1,1,1,1,1,1,1,1
347,0.485227082707337,0.199791216236055,DE,2022-12-14,1,1,1,1,1,1,1,0,1,1,0,1,1,1
348,0.977287424791637,0.221678945759505,DE,2022-12-15,1,0,1,1,1,1,1,1,1,1,1,1,1,1
349,0.876636879364254,0.2326049965552595,DE,2022-12-16,1,1,1,1,1,1,1,1,0,0,0,1,0,1
350,1.3426918482819,0.2460648613931185,DE,2022-12-17,0,1,1,1,1,1,1,0,0,0,0,1,0,1
351,2.54591886758657,0.374393785188726,DE,2022-12-18,0,0,1,0,0,0,1,0,0,0,0,0,1,1
352,0.98860586175855,0.2693594897995295,DE,2022-12-19,1,1,1,1,1,1,1,1,1,1,0,1,0,1
353,0.301556947135963,0.0726888236635155,DE,2022-12-20,1,1,1,1,1,1,1,1,1,1,1,1,1,1
354,0.740125026284234,0.3416619571041445,DE,2022-12-21,1,1,1,1,1,1,1,0,0,1,0,1,0,1
355,1.32270288337961,0.2599838459670355,DE,2022-12-22,1,1,1,1,1,0,0,1,1,1,0,1,1,0
356,1.52964167316782,0.2985436791711205,DE,2022-12-23,1,1,1,1,0,1,0,1,0,1,1,0,0,0
357,0.73451099798776,0.3380977100453075,DE,2022-12-24,1,0,1,1,1,1,1,1,0,1,0,1,1,1
358,1.52817724040653,0.3784938155523555,DE,2022-12-25,1,1,1,0,1,0,1,1,1,0,0,1,0,1
359,1.71287641619656,0.2252737849464955,DE,2022-12-26,1,1,1,1,1,1,0,1,0,1,0,1,0,0
360,0.45928793329268103,0.2044297921373335,DE,2022-12-27,1,1,1,1,1,1,1,1,1,1,0,1,0,1
361,0.693076739603957,0.2661223588835735,DE,2022-12-28,1,1,1,1,1,1,1,1,1,1,0,1,0,1
362,0.82473547756308,0.294408850302344,DE,2022-12-29,1,0,1,1,1,1,1,1,0,1,1,1,0,1
363,2.19492254544825,0.3175053186518155,DE,2022-12-30,1,1,1,1,1,0,0,1,0,1,0,1,0,0
364,2.8462527407621,0.209377373870416,DE,2022-12-31,1,1,1,0,1,0,1,1,1,1,0,1,0,1
365,0.357976510888315,0.251927587346577,DE,2023-01-01,1,1,1,1,1,1,1,1,1,1,0,1,0,1
366,0.611376679429489,0.2512783730929085,DE,2023-01-02,1,1,1,1,1,1,1,1,1,1,0,1,0,1
367,0.996083557170243,0.319716113807979,DE,2023-01-03,1,1,1,1,1,1,0,1,1,1,0,1,0,0
368,0.920861520121076,0.3447194299969325,DE,2023-01-04,1,0,1,1,1,1,1,1,0,1,0,1,1,1
369,3.6498773491445,0.330077311069421,DE,2023-01-05,1,1,1,0,0,0,1,1,1,1,0,0,0,1
370,0.874691153468415,0.2091584092243005,DE,2023-01-06,1,1,1,1,1,1,1,1,1,1,0,1,0,1
371,0.556032941117738,0.2348282557278285,DE,2023-01-07,1,1,1,1,1,1,1,1,1,1,0,1,0,1
372,0.980847560978667,0.2989707095000995,DE,2023-01-08,1,1,1,1,0,1,1,1,1,1,0,0,1,1
373,1.79421416043127,0.3279946414602145,DE,2023-01-09,1,0,1,1,1,1,1,1,0,1,1,1,0,1
374,1.17908399770839,0.45028234369767,DE,2023-01-10,1,1,0,1,1,0,1,1,1,0,0,1,1,1
375,0.616741572410847,0.254552240610449,DE,2023-01-11,1,1,1,1,1,1,1,1,1,1,0,1,0,1
376,0.994720530474685,0.3084225622436625,DE,2023-01-12,1,0,1,1,1,1,1,1,0,1,0,1,1,1
377,1.87651258816862,0.3461723805078495,DE,2023-01-13,1,1,0,1,1,0,1,1,1,0,0,1,0,1
378,0.527911878487199,0.1187190388714335,DE,2023-01-14,1,1,1,1,1,1,1,1,1,1,0,1,0,1
379,5.39829604424959,0.154463333917873,FL,2022-12-04,1,0,0,0,1,1,1,0,0,0,0,0,0,0
380,3.5485395716135,0.3093153051473425,FL,2022-12-05,1,1,1,0,0,1,1,0,0,0,0,0,1,0
381,6.09039618892074,0.253469916689831,FL,2022-12-06,1,0,1,0,1,1,0,0,0,0,0,0,1,0
382,3.51547908390803,0.2460968813803025,FL,2022-12-07,1,1,1,0,0,1,1,0,0,0,0,0,1,1
383,7.62044012242877,0.157817009140522,FL,2022-12-08,0,0,0,0,1,1,1,0,0,0,0,0,0,1
384,3.93267595817256,0.2212024426971395,FL,2022-12-09,1,0,1,1,1,1,0,1,0,0,1,0,0,0
385,1.51464743528133,0.201369086982619,FL,2022-12-10,1,1,1,1,1,1,1,0,0,0,0,1,0,1
386,0.406738407799876,0.165161427506424,FL,2022-12-11,1,1,1,1,1,1,1,1,1,1,0,0,1,1
387,9.36435507089872,0.397387589673446,FL,2022-12-12,1,0,1,0,0,1,0,1,0,1,0,0,1,0
388,2.92670692455542,0.207823731815562,FL,2022-12-13,1,1,1,1,0,1,0,1,1,0,0,0,0,0
389,9.29763655521351,0.309926521218708,FL,2022-12-14,1,0,0,0,1,1,0,1,0,0,0,0,1,0
390,3.1271266593697,0.2029363641302275,FL,2022-12-15,0,1,0,1,1,1,0,1,0,0,0,0,0,0
391,1.60432931954014,0.112288573766815,FL,2022-12-16,1,0,1,1,1,1,1,1,0,1,0,0,1,1
392,2.87747705801173,0.24039699740885,FL,2022-12-17,1,0,0,0,1,1,0,1,0,0,0,1,0,0
393,0.503525910104626,0.1283067863028285,FL,2022-12-18,1,1,1,1,1,1,1,1,1,1,1,1,1,1
394,5.34061123536183,0.311132206037548,FL,2022-12-19,1,1,1,0,0,1,1,1,0,0,0,0,1,1
395,6.81726676147496,0.2839530023959335,FL,2022-12-20,1,1,0,0,0,1,0,0,1,1,0,0,0,0
396,13.9772167093655,0.2338460483200975,FL,2022-12-21,1,0,0,0,1,1,0,0,0,0,0,0,0,0
397,19.807969742696,0.281137333564866,FL,2022-12-22,1,0,1,0,0,1,0,0,0,0,0,0,0,0
398,7.97997646214366,0.2207959704077605,FL,2022-12-23,1,0,0,0,1,0,0,0,0,0,0,0,0,0
399,0.215076075603427,0.02682005160541865,FL,2022-12-24,1,1,1,1,1,1,1,1,1,1,1,1,1,1
400,1.0970241561711,0.76920865285806,FL,2022-12-25,1,0,1,0,1,1,1,1,0,1,1,1,0,1
401,1.27521553831928,0.242686480138541,FL,2022-12-26,1,1,1,1,1,0,1,1,1,0,0,0,0,1
402,13.2037258519237,0.382981017807961,FL,2022-12-27,1,0,0,0,0,1,0,1,0,0,0,0,0,0
403,5.18125432917342,0.287692191848639,FL,2022-12-28,1,0,1,0,0,1,1,1,0,0,0,0,0,1
404,7.99986629423032,0.3658916863555705,FL,2022-12-29,1,0,1,0,0,0,1,1,0,0,0,0,0,1
405,6.29906608502647,0.3039230023903745,FL,2022-12-30,1,0,1,0,0,1,0,1,0,0,0,0,0,0
406,4.27713741190124,0.2163937608020415,FL,2022-12-31,1,0,1,1,1,0,0,1,0,0,0,0,0,0
407,1.33763137555913,0.180950590044421,FL,2023-01-01,1,1,1,1,1,0,1,1,0,0,0,1,0,1
408,12.8885273763916,0.2150545310949495,FL,2023-01-02,1,0,1,1,0,0,0,1,0,0,0,0,0,0
409,15.6107358105401,0.2565426453751115,FL,2023-01-03,0,0,0,0,1,0,1,0,0,0,0,0,0,1
410,36.9140221928295,0.340602405222215,FL,2023-01-04,1,0,0,0,0,0,0,0,0,0,0,0,0,0
411,10.1247179487529,0.332559842233232,FL,2023-01-05,1,0,1,0,0,0,0,1,0,0,0,0,0,0
412,17.0196207655008,0.32763450518394,FL,2023-01-06,1,0,1,0,0,0,0,0,0,0,0,0,0,0
413,12.6952786954574,0.362635731279716,FL,2023-01-07,1,0,0,0,0,1,0,1,0,0,0,0,0,0
414,2.64388399131684,0.3607170474367765,FL,2023-01-08,1,1,1,0,1,0,1,1,1,1,0,1,0,1
415,17.7379008327805,0.393639891794553,FL,2023-01-09,1,0,0,0,0,0,0,1,1,0,0,0,0,0
416,21.5892842420629,0.3999509472445805,FL,2023-01-10,1,0,1,0,0,1,0,1,0,0,0,0,0,0
417,18.6631058785733,0.3541812544324745,FL,2023-01-11,1,0,1,0,0,0,0,1,0,0,0,0,0,0
418,14.7918806647088,0.337345554027687,FL,2023-01-12,1,0,0,0,0,0,0,1,1,0,0,0,1,1
419,7.88769453365709,0.3119741718540185,FL,2023-01-13,1,0,1,0,0,1,1,1,0,0,0,0,0,0
420,7.08871045217763,0.328124360914151,FL,2023-01-14,0,0,1,0,1,1,0,1,0,0,0,1,0,0
421,1.16836507675507,0.2339135806179525,GA,2022-12-04,1,1,1,1,1,1,0,0,1,1,0,0,1,0
422,2.56554776600691,0.2783985974124185,GA,2022-12-05,1,0,0,1,1,1,1,0,0,0,0,0,0,0
423,2.46733907312911,0.251791309344683,GA,2022-12-06,1,0,1,1,1,1,1,0,0,1,1,1,0,0
424,4.34227293969126,0.280810220682045,GA,2022-12-07,1,0,1,0,1,1,1,0,0,0,0,0,1,0
425,2.48970306882167,0.254798195912067,GA,2022-12-08,1,1,0,1,1,1,1,1,0,0,0,0,0,0
426,2.23953615065453,0.237972310615896,GA,2022-12-09,0,1,1,1,1,1,1,0,1,0,0,0,0,1
427,1.81777792092427,0.1867214967415545,GA,2022-12-10,1,1,1,1,1,1,0,1,0,0,0,1,0,0
428,3.09548806658831,0.2887881656279125,GA,2022-12-11,1,0,1,0,1,1,0,1,0,0,0,0,0,0
429,3.8469597239379,0.252125774905367,GA,2022-12-12,1,0,1,0,1,1,1,0,0,0,0,0,0,1
430,3.02651024115847,0.295037217768329,GA,2022-12-13,1,0,1,0,1,1,1,0,0,0,0,0,0,0
431,1.71010971433895,0.140836306875841,GA,2022-12-14,1,1,1,0,1,1,0,1,0,0,0,0,0,0
432,2.65215222660048,0.1773108778401695,GA,2022-12-15,1,1,1,1,0,1,1,0,0,0,0,0,0,1
433,1.38876914306117,0.198976296575094,GA,2022-12-16,1,1,1,1,1,1,0,0,1,0,1,0,1,0
434,1.58559528079528,0.3357130898977365,GA,2022-12-17,1,0,1,0,1,1,0,1,0,0,0,1,1,0
435,2.32501194810457,0.19520891307696,GA,2022-12-18,1,0,0,1,1,0,0,0,1,0,1,0,0,0
436,5.03782617771913,0.2384675793496565,GA,2022-12-19,1,0,1,0,1,1,1,1,0,0,0,0,0,1
437,6.32942987990416,0.3214362303204265,GA,2022-12-20,1,0,0,0,1,0,0,1,0,0,0,0,0,0
438,4.32946783940535,0.36523741786333,GA,2022-12-21,1,0,1,0,0,1,1,1,0,0,0,0,1,1
439,2.72293554528729,0.188103649078316,GA,2022-12-22,1,1,0,1,0,0,1,1,0,0,0,1,0,1
440,2.70554751820897,0.170224503252732,GA,2022-12-23,1,1,1,0,0,1,1,0,0,0,0,0,0,0
441,1.63542354817282,0.2413169684923095,GA,2022-12-24,1,0,1,1,1,1,1,1,0,0,0,0,1,1
442,1.03594514086782,0.263752433243251,GA,2022-12-25,1,1,1,1,1,1,1,1,1,1,0,0,0,1
443,4.94466003396804,0.21007379553685,GA,2022-12-26,1,0,1,1,0,0,0,1,0,1,0,0,0,0
444,4.92697186290079,0.258365935813036,GA,2022-12-27,1,0,1,1,0,1,0,1,0,0,0,0,0,0
445,3.6363113507855,0.2907418457837985,GA,2022-12-28,1,0,1,0,1,1,0,1,0,0,0,0,1,0
446,3.09295573460759,0.2784500274338455,GA,2022-12-29,1,0,1,1,1,1,0,1,0,0,0,0,0,0
447,8.54829565470561,0.254456512680457,GA,2022-12-30,1,0,1,1,0,0,0,1,0,1,0,0,0,0
448,3.10671063862141,0.1783456010143775,GA,2022-12-31,0,0,1,0,1,0,1,0,0,1,0,1,0,1
449,0.11305087442308,0.0627791786642445,GA,2023-01-01,1,1,1,1,1,1,1,1,1,1,0,1,0,1
450,11.5712637156943,0.322376331812241,GA,2023-01-02,1,0,0,0,1,0,1,1,0,0,0,0,1,1
451,12.6356098413911,0.255789807604234,GA,2023-01-03,0,0,0,1,1,0,0,0,0,0,0,1,0,0
452,2.69950566178454,0.336330801773669,GA,2023-01-04,0,1,1,0,1,1,1,0,0,0,0,0,0,1
453,10.0179747945973,0.3300609894111625,GA,2023-01-05,1,0,1,1,1,0,0,1,0,0,0,1,0,0
454,7.38874977610077,0.277531957315734,GA,2023-01-06,0,0,0,0,1,0,0,0,0,1,0,0,0,0
455,5.95524842108289,0.258571729507997,GA,2023-01-07,1,0,1,0,1,0,0,1,0,1,0,0,0,0
456,6.49405873119979,0.3912827511737895,GA,2023-01-08,1,0,1,0,1,0,0,1,0,1,0,0,0,0
457,12.2896062181292,0.3185516280049035,GA,2023-01-09,1,0,1,0,0,0,0,1,0,0,0,0,0,0
458,5.1293687307832,0.3363007210239395,GA,2023-01-10,1,0,0,1,1,0,1,1,0,0,0,0,0,1
459,5.02733455067365,0.38648641872555,GA,2023-01-11,1,0,1,0,1,0,0,1,0,1,0,0,0,0
460,6.24254489199087,0.331451905757348,GA,2023-01-12,1,1,1,1,0,0,1,1,0,1,0,0,0,1
461,14.2360172617022,0.319436532649583,GA,2023-01-13,0,1,0,0,0,0,0,0,0,0,0,0,0,0
462,3.72132799264033,0.310220164992063,GA,2023-01-14,1,0,1,1,0,0,1,1,0,1,0,0,0,1
463,0.609822054810449,0.138329116108979,HI,2022-12-04,1,1,1,1,1,1,1,1,0,1,0,1,1,1
464,NA,NA,HI,2022-12-05,NA,NA,NA,NA,NA,NA,NA,NA,NA,NA,NA,NA,NA,NA
465,1.42841449287642,0.417483752420354,HI,2022-12-06,1,0,1,0,1,1,1,1,0,1,0,1,1,1
466,0.432987437127154,0.2392411538807735,HI,2022-12-07,1,1,1,1,1,1,1,1,0,1,1,1,0,1
467,0.361703049387766,0.1644117972912375,HI,2022-12-08,1,1,1,1,1,1,1,1,0,1,0,1,1,1
468,0.646935122304184,0.342014126282254,HI,2022-12-09,1,1,1,1,1,1,1,1,0,1,0,1,1,1
469,0.888950077697011,0.191819797960349,HI,2022-12-10,1,1,1,1,1,1,0,1,0,1,1,1,1,0
470,0.394910269155931,0.143458596461086,HI,2022-12-11,1,1,1,1,1,1,1,1,0,1,0,1,1,1
471,0.710850836935701,0.35590898887642203,HI,2022-12-12,1,0,1,1,1,1,1,1,0,1,0,1,1,1
472,1.10782703658859,0.76433446719702,HI,2022-12-13,1,1,0,0,1,1,1,1,1,1,1,1,1,1
473,0.037877150475905,0.0321801931473332,HI,2022-12-14,1,1,1,1,1,1,1,1,1,1,0,1,1,0
474,0.233186639938977,0.03021865876024015,HI,2022-12-15,1,1,1,1,1,1,1,1,1,1,1,1,1,1
475,0.030790201052873,0.0284783535720565,HI,2022-12-16,1,1,1,1,1,1,1,1,1,1,0,1,0,1
476,NA,NA,HI,2022-12-17,NA,NA,NA,NA,NA,NA,NA,NA,NA,NA,NA,NA,NA,NA
477,NA,NA,HI,2022-12-18,NA,NA,NA,NA,NA,NA,NA,NA,NA,NA,NA,NA,NA,NA
478,NA,NA,HI,2022-12-19,NA,NA,NA,NA,NA,NA,NA,NA,NA,NA,NA,NA,NA,NA
479,0.991248944296734,0.4098515949728545,HI,2022-12-20,1,1,1,1,1,0,1,0,1,1,0,1,1,1
480,1.18287978490161,0.3237540582335655,HI,2022-12-21,1,1,0,0,1,1,1,1,1,0,1,1,0,1
481,1.54910892877813,0.417985795677633,HI,2022-12-22,1,1,0,0,1,1,0,1,1,0,0,1,1,0
482,0.773198127376461,0.2162406427133005,HI,2022-12-23,1,1,0,1,1,1,1,1,0,0,0,1,1,1
483,NA,NA,HI,2022-12-24,NA,NA,NA,NA,NA,NA,NA,NA,NA,NA,NA,NA,NA,NA
484,NA,NA,HI,2022-12-25,NA,NA,NA,NA,NA,NA,NA,NA,NA,NA,NA,NA,NA,NA
485,NA,NA,HI,2022-12-26,NA,NA,NA,NA,NA,NA,NA,NA,NA,NA,NA,NA,NA,NA
486,3.36352859927419,0.77917209690182,HI,2022-12-27,1,0,1,0,1,1,1,1,0,1,0,1,0,1
487,NA,NA,HI,2022-12-28,NA,NA,NA,NA,NA,NA,NA,NA,NA,NA,NA,NA,NA,NA
488,NA,NA,HI,2022-12-29,NA,NA,NA,NA,NA,NA,NA,NA,NA,NA,NA,NA,NA,NA
489,0.985068244539932,0.4114866073356525,HI,2022-12-30,1,1,0,1,1,1,1,1,1,0,1,1,0,1
490,NA,NA,HI,2022-12-31,NA,NA,NA,NA,NA,NA,NA,NA,NA,NA,NA,NA,NA,NA
491,NA,NA,HI,2023-01-01,NA,NA,NA,NA,NA,NA,NA,NA,NA,NA,NA,NA,NA,NA
492,0.563790609807006,0.03385630863706445,HI,2023-01-02,1,1,1,1,1,1,1,1,1,1,0,0,0,1
493,NA,NA,HI,2023-01-03,NA,NA,NA,NA,NA,NA,NA,NA,NA,NA,NA,NA,NA,NA
494,NA,NA,HI,2023-01-04,NA,NA,NA,NA,NA,NA,NA,NA,NA,NA,NA,NA,NA,NA
495,1.20953204401668,0.37304719251378,HI,2023-01-05,1,0,1,0,1,1,1,1,0,1,1,0,1,1
496,NA,NA,HI,2023-01-06,NA,NA,NA,NA,NA,NA,NA,NA,NA,NA,NA,NA,NA,NA
497,NA,NA,HI,2023-01-07,NA,NA,NA,NA,NA,NA,NA,NA,NA,NA,NA,NA,NA,NA
498,0.337338820459311,0.062863184413961,HI,2023-01-08,1,1,1,1,1,1,1,1,1,1,0,1,0,1
499,2.47782204537466,0.434683360098327,HI,2023-01-09,1,0,1,0,1,1,0,1,0,1,1,1,0,0
500,0.079878317453931,0.0782646895401365,HI,2023-01-10,1,1,1,1,1,1,1,1,1,1,1,1,1,1
501,0.406110011065349,0.1907122193241535,HI,2023-01-11,1,1,1,1,1,1,1,1,1,1,0,1,0,1
502,0.27788816461817,0.0969815051218165,HI,2023-01-12,1,1,1,1,1,1,1,1,1,1,0,1,0,1
503,0.47229734510503,0.28127379046427,HI,2023-01-13,1,1,1,1,1,1,1,1,1,1,0,1,0,1
504,1.94676482587404,0.43062461544147,HI,2023-01-14,1,1,1,0,0,1,0,1,1,0,0,0,1,0
505,1.87134119585874,0.2108189395406035,IA,2022-12-04,1,0,1,0,1,1,1,1,0,0,0,1,1,1
506,1.27814741732191,0.304851982871594,IA,2022-12-05,1,1,0,1,1,1,1,0,1,1,1,0,1,1
507,3.00015574186493,0.3578573943614825,IA,2022-12-06,0,0,1,1,1,1,0,0,0,0,0,0,1,0
508,1.75530263334777,0.3024559822626445,IA,2022-12-07,1,1,1,1,1,1,0,0,0,1,0,0,0,0
509,2.60542379083751,0.249591124238612,IA,2022-12-08,1,0,1,1,1,1,1,0,0,0,0,0,1,1
510,2.36674158033413,0.332466372026928,IA,2022-12-09,1,1,1,1,0,1,1,0,1,1,0,0,1,0
511,2.09570733262335,0.314776692509465,IA,2022-12-10,1,0,0,0,1,1,1,0,0,0,0,1,1,1
512,1.39674850919576,0.233674721744763,IA,2022-12-11,1,0,1,0,1,1,1,1,0,1,0,1,1,1
513,1.84325713468953,0.2857843830808185,IA,2022-12-12,1,1,1,1,1,1,1,0,0,0,1,0,1,1
514,2.68763662790128,0.263371536107456,IA,2022-12-13,1,0,1,1,1,1,1,0,0,0,0,1,0,1
515,3.13426345635485,0.299662020433118,IA,2022-12-14,1,0,1,0,1,1,1,1,0,0,0,0,1,1
516,1.06551291580459,0.303417663059248,IA,2022-12-15,1,1,1,1,1,1,1,0,0,0,0,1,1,1
517,1.55563175191263,0.294702765416625,IA,2022-12-16,1,1,1,1,1,0,1,0,0,0,0,0,0,1
518,4.61225539868703,0.353575293447936,IA,2022-12-17,1,0,1,0,1,1,0,0,0,0,0,1,1,0
519,1.28255995142229,0.254440083171285,IA,2022-12-18,1,1,1,1,1,1,1,1,0,0,0,0,1,1
520,1.94748089207592,0.2985685119115695,IA,2022-12-19,1,1,0,1,1,1,1,1,0,0,0,0,1,1
521,2.17164277641671,0.2281531126212445,IA,2022-12-20,1,1,1,0,1,1,1,0,0,1,0,1,1,1
522,1.11125280629519,0.254339943878637,IA,2022-12-21,1,1,1,1,1,0,1,1,0,0,0,1,0,1
523,1.20654324434136,0.4157703074759555,IA,2022-12-22,1,1,1,1,0,0,1,1,0,1,0,0,0,1
524,1.20365848675338,0.3168761837501395,IA,2022-12-23,1,0,1,1,1,1,1,0,0,1,1,1,1,1
525,3.27911362171213,0.4057653646642065,IA,2022-12-24,1,0,1,0,1,1,1,1,0,1,0,1,1,1
526,1.35058713666048,0.360459813631228,IA,2022-12-25,1,1,1,1,0,1,1,1,1,0,0,1,1,1
527,1.50790441953624,0.3489469189935235,IA,2022-12-26,1,1,1,1,0,1,1,1,0,1,0,0,1,1
528,6.77459064444998,0.408238743023411,IA,2022-12-27,1,0,1,0,1,1,1,1,0,0,0,0,1,1
529,1.53639890286981,0.174948185330651,IA,2022-12-28,1,0,0,0,1,1,1,1,0,0,0,1,1,1
530,1.06696547954502,0.22368507443859,IA,2022-12-29,1,1,1,1,1,1,1,1,0,0,0,1,1,1
531,0.976858614447291,0.27863257504377,IA,2022-12-30,1,1,1,1,1,1,1,1,1,0,0,1,1,1
532,2.9341816213218,0.482384829360044,IA,2022-12-31,1,1,0,0,1,1,1,1,0,0,0,1,1,1
533,0.808831871153523,0.270896937902916,IA,2023-01-01,1,0,1,1,1,1,1,1,0,1,1,1,0,1
534,1.12472988033817,0.2214465709768055,IA,2023-01-02,1,1,1,1,1,1,1,1,0,0,0,1,0,1
535,1.31826088772341,0.2999389759942875,IA,2023-01-03,1,1,1,1,1,1,0,1,0,0,0,1,1,0
536,1.66296264638606,0.3048355383413815,IA,2023-01-04,1,1,0,1,1,1,0,0,0,0,0,1,0,0
537,1.87411800132293,0.3051819541196845,IA,2023-01-05,1,1,0,1,1,1,1,1,0,0,0,1,1,1
538,2.37537978490356,0.370808918920948,IA,2023-01-06,1,0,1,0,1,1,1,1,0,1,0,1,0,1
539,0.870016670810393,0.072533310698637,IA,2023-01-07,1,1,1,0,1,1,1,1,1,1,1,1,1,1
540,1.2994193613793,0.321531361309644,IA,2023-01-08,1,0,0,1,1,1,1,1,1,0,0,0,0,1
541,2.03025983329344,0.3587997068396575,IA,2023-01-09,1,0,1,1,1,1,0,1,0,0,0,0,0,0
542,5.0155104357301,0.4629282702608785,IA,2023-01-10,1,0,1,0,1,1,0,1,0,1,0,1,1,0
543,0.72252634623409,0.2294843428449635,IA,2023-01-11,1,1,1,1,1,1,1,1,1,1,0,1,0,1
544,4.94392503966811,0.542027558569205,IA,2023-01-12,1,0,1,0,1,1,1,1,0,1,0,1,0,1
545,2.1719271728274,0.260149160906795,IA,2023-01-13,1,0,1,1,1,1,1,1,0,1,0,1,0,1
546,1.2187994126371,0.3097608799629115,IA,2023-01-14,1,0,1,1,1,1,1,1,0,1,1,1,0,1
547,0.683254255487478,0.192503390610002,ID,2022-12-04,1,1,1,1,1,1,1,1,0,1,0,1,1,1
548,0.64785953539043,0.1812022727324545,ID,2022-12-05,1,1,1,1,1,1,1,1,1,1,1,1,1,1
549,0.882438044020275,0.279322426888955,ID,2022-12-06,1,1,1,1,1,1,1,1,0,1,0,1,1,1
550,0.942732347460535,0.413863356909567,ID,2022-12-07,0,1,1,1,1,1,1,0,1,0,1,1,1,1
551,1.66244506035399,0.305246197111346,ID,2022-12-08,1,0,1,0,1,1,1,1,0,1,0,1,1,1
552,NA,NA,ID,2022-12-09,NA,NA,NA,NA,NA,NA,NA,NA,NA,NA,NA,NA,NA,NA
553,NA,NA,ID,2022-12-10,NA,NA,NA,NA,NA,NA,NA,NA,NA,NA,NA,NA,NA,NA
554,NA,NA,ID,2022-12-11,NA,NA,NA,NA,NA,NA,NA,NA,NA,NA,NA,NA,NA,NA
555,0.639145956372021,0.4443379853663305,ID,2022-12-12,1,1,1,1,1,1,1,1,0,1,0,1,1,1
556,0.522028064634652,0.178890453406756,ID,2022-12-13,1,1,1,1,1,1,1,1,1,0,0,0,1,1
557,0.132063688832998,0.10200586816178,ID,2022-12-14,1,1,1,1,1,1,1,1,0,1,0,1,1,1
558,3.20428983339528,0.48886991406658997,ID,2022-12-15,1,0,1,0,1,1,1,1,0,1,0,1,1,1
559,1.04188999387735,0.74295691471176,ID,2022-12-16,0,1,1,1,1,1,1,0,0,1,1,1,1,1
560,NA,NA,ID,2022-12-17,NA,NA,NA,NA,NA,NA,NA,NA,NA,NA,NA,NA,NA,NA
561,NA,NA,ID,2022-12-18,NA,NA,NA,NA,NA,NA,NA,NA,NA,NA,NA,NA,NA,NA
562,0.313156660842837,0.076012370081453,ID,2022-12-19,1,1,1,1,1,1,1,1,0,0,0,1,1,1
563,0.806577104196655,0.55556319327653,ID,2022-12-20,1,0,1,1,1,1,1,1,1,1,1,1,1,1
564,NA,NA,ID,2022-12-21,NA,NA,NA,NA,NA,NA,NA,NA,NA,NA,NA,NA,NA,NA
565,NA,NA,ID,2022-12-22,NA,NA,NA,NA,NA,NA,NA,NA,NA,NA,NA,NA,NA,NA
566,0.0890496903772898,0.0648285765419145,ID,2022-12-23,1,1,1,1,1,1,1,1,1,1,1,1,1,1
567,0.0825621695094327,0.06348405026125,ID,2022-12-24,1,1,1,1,1,1,1,1,1,1,1,1,1,1
568,NA,NA,ID,2022-12-25,NA,NA,NA,NA,NA,NA,NA,NA,NA,NA,NA,NA,NA,NA
569,NA,NA,ID,2022-12-26,NA,NA,NA,NA,NA,NA,NA,NA,NA,NA,NA,NA,NA,NA
570,0.0824387228073054,0.063433568563078,ID,2022-12-27,1,1,1,1,1,1,1,1,1,1,1,1,1,1
571,2.33354388829337,0.54059126069058006,ID,2022-12-28,1,0,1,0,0,1,1,1,0,1,0,0,0,1
572,0.917441604562465,0.635377579134715,ID,2022-12-29,1,0,1,1,1,1,1,1,1,1,1,1,1,1
573,0.689668969901047,0.355490106927259,ID,2022-12-30,1,0,1,1,1,1,1,1,0,1,0,1,1,1
574,0.834124174195861,0.5710518284566,ID,2022-12-31,1,1,1,1,1,0,1,1,1,1,0,1,0,1
575,0.286393004681985,0.0799456033349825,ID,2023-01-01,1,1,1,1,1,1,1,1,1,1,1,1,1,1
576,NA,NA,ID,2023-01-02,NA,NA,NA,NA,NA,NA,NA,NA,NA,NA,NA,NA,NA,NA
577,2.23006008437002,0.393424806950827,ID,2023-01-03,1,0,1,0,1,1,1,1,0,1,0,1,0,1
578,0.824634898023545,0.2141466148663145,ID,2023-01-04,1,1,1,1,1,1,1,1,0,1,0,1,1,1
579,1.34946157613586,0.582746688600185,ID,2023-01-05,1,1,0,0,1,1,1,1,0,0,0,1,0,1
580,NA,NA,ID,2023-01-06,NA,NA,NA,NA,NA,NA,NA,NA,NA,NA,NA,NA,NA,NA
581,0.142560505149597,0.139203650650434,ID,2023-01-07,1,1,1,1,1,1,1,1,1,1,1,1,1,1
582,NA,NA,ID,2023-01-08,NA,NA,NA,NA,NA,NA,NA,NA,NA,NA,NA,NA,NA,NA
583,0.449572009810439,0.1712272527563765,ID,2023-01-09,1,1,1,1,1,1,1,1,1,1,1,1,1,1
584,0.775151460793922,0.1897275933240735,ID,2023-01-10,1,1,1,1,1,1,1,1,1,1,1,1,1,1
585,1.17657896769683,0.4887620595924735,ID,2023-01-11,1,0,1,0,1,1,1,1,0,1,0,1,1,1
586,NA,NA,ID,2023-01-12,NA,NA,NA,NA,NA,NA,NA,NA,NA,NA,NA,NA,NA,NA
587,0.237420576893395,0.2548937628138355,ID,2023-01-13,1,1,1,1,1,1,1,1,1,1,1,1,1,1
588,NA,NA,ID,2023-01-14,NA,NA,NA,NA,NA,NA,NA,NA,NA,NA,NA,NA,NA,NA
589,2.41681398429013,0.2874225853311325,IL,2022-12-04,1,1,1,1,1,1,0,0,1,1,1,0,0,0
590,13.0026308455602,0.356560986828346,IL,2022-12-05,1,0,1,0,0,0,0,1,0,1,0,0,0,0
591,3.03096230224153,0.2671456076046305,IL,2022-12-06,1,1,1,1,1,1,0,0,0,1,0,0,0,0
592,4.05330687771409,0.229461833113056,IL,2022-12-07,1,1,0,0,0,1,1,0,0,0,0,0,0,0
593,9.36873911335214,0.275296932625437,IL,2022-12-08,1,0,0,0,1,1,0,0,0,0,1,0,0,0
594,2.79361600609743,0.257312467592887,IL,2022-12-09,1,1,1,1,1,1,0,1,0,0,1,0,0,0
595,1.94305187185996,0.2402541023320115,IL,2022-12-10,1,1,1,1,1,1,0,0,1,0,1,0,0,0
596,11.0749039237585,0.3033382126167695,IL,2022-12-11,1,0,0,0,1,1,1,1,0,0,0,0,0,1
597,5.76749502153859,0.240346285241424,IL,2022-12-12,1,0,1,0,1,1,1,1,0,1,0,0,0,1
598,1.80144572630996,0.225300377616249,IL,2022-12-13,1,1,1,1,1,1,1,0,0,0,1,0,1,0
599,2.23282758283177,0.2148148281070915,IL,2022-12-14,1,1,1,1,1,0,0,0,0,0,0,0,0,1
600,6.75586114779761,0.227392904445554,IL,2022-12-15,1,0,0,1,1,0,1,0,0,0,0,0,0,0
601,8.29576727729505,0.320997708913946,IL,2022-12-16,1,0,0,0,0,1,0,1,0,0,0,0,0,0
602,5.05642648500789,0.2530777496694945,IL,2022-12-17,0,0,1,0,1,1,0,0,0,1,0,1,1,0
603,6.75632355016722,0.2364313910988585,IL,2022-12-18,1,0,1,0,0,1,0,0,0,1,0,0,0,0
604,7.18960731248419,0.204387224708057,IL,2022-12-19,0,0,0,1,1,0,0,0,0,0,0,1,1,0
605,8.281786880606,0.265303968714138,IL,2022-12-20,1,0,1,0,0,1,0,0,0,0,0,0,1,1
606,4.3029335158468,0.232153866499426,IL,2022-12-21,1,0,1,0,1,1,0,1,0,1,1,1,0,1
607,5.04854126669065,0.2486056661488925,IL,2022-12-22,1,0,0,0,1,1,1,0,0,0,0,0,0,1
608,2.26943882713378,0.215387299047501,IL,2022-12-23,1,1,0,1,1,1,0,1,0,0,0,1,0,0
609,3.61332756955892,0.2982133248796195,IL,2022-12-24,1,0,0,0,0,1,1,1,0,0,0,0,0,0
610,0.0473376169415667,0.0379430863024366,IL,2022-12-25,1,1,1,1,1,1,1,1,1,1,1,1,1,1
611,16.8811779921313,0.3114730268231855,IL,2022-12-26,0,0,0,0,0,0,1,0,0,0,0,0,0,1
612,4.73646066614252,0.2720625912601405,IL,2022-12-27,1,1,1,0,1,1,0,0,1,0,0,1,0,0
613,3.38517714160965,0.2622556406574345,IL,2022-12-28,1,1,1,0,0,1,0,0,0,0,0,0,0,0
614,7.40328296897413,0.3103382420063245,IL,2022-12-29,1,0,1,0,0,1,0,0,0,0,0,0,1,0
615,6.48313509121862,0.24469975361965501,IL,2022-12-30,1,0,1,0,1,0,0,1,0,0,0,0,0,0
616,5.70192341792266,0.358666581887432,IL,2022-12-31,0,0,0,0,1,1,1,0,0,0,0,1,0,0
617,0.208391134711098,0.0529831267789925,IL,2023-01-01,1,1,1,1,1,1,1,1,0,1,0,1,1,1
618,5.76252557830299,0.2068399492412905,IL,2023-01-02,1,0,1,1,1,0,0,1,0,0,0,0,0,0
619,13.9949198913272,0.2779630678662115,IL,2023-01-03,1,0,1,0,1,0,0,1,0,0,0,0,0,0
620,5.30194320764054,0.2995853475822355,IL,2023-01-04,1,0,0,0,0,1,0,1,0,0,0,0,0,0
621,8.33804038520947,0.3299134791843255,IL,2023-01-05,1,0,0,0,1,1,0,1,0,0,0,1,0,0
622,6.85799594883877,0.3653181800261455,IL,2023-01-06,1,0,1,0,0,1,0,1,0,0,0,0,0,0
623,6.57441194908114,0.415452573874704,IL,2023-01-07,1,0,1,0,0,1,0,1,0,0,0,0,0,0
624,6.21135646480228,0.319439231576368,IL,2023-01-08,1,0,1,1,0,0,0,1,0,0,0,0,0,0
625,9.3053841506371,0.337618041421923,IL,2023-01-09,1,0,0,0,1,0,0,1,0,0,0,0,0,0
626,6.95581834959654,0.328625299135076,IL,2023-01-10,1,0,0,1,1,0,0,1,0,0,0,0,0,0
627,3.71409086468534,0.310826282611242,IL,2023-01-11,1,0,1,1,0,1,0,0,0,1,0,0,0,0
628,7.51000076736436,0.2774510483116675,IL,2023-01-12,1,0,1,0,1,0,0,0,0,0,0,1,0,0
629,5.97410209529068,0.358123334676506,IL,2023-01-13,1,0,0,1,0,0,0,1,0,0,1,0,0,0
630,3.3201532071975,0.334690775199713,IL,2023-01-14,1,0,1,1,1,1,0,1,0,1,0,0,0,0
631,5.14090406923284,0.2490864378149715,IN,2022-12-04,1,0,1,0,1,0,1,1,0,0,0,0,0,0
632,2.3856637217868,0.306334206290954,IN,2022-12-05,1,1,1,0,1,0,1,0,0,0,0,0,0,1
633,6.30749537080431,0.322792113232119,IN,2022-12-06,1,0,1,0,1,1,0,0,0,1,0,0,1,0
634,7.63761126072927,0.334452315835064,IN,2022-12-07,1,0,1,0,0,1,1,1,0,0,0,0,1,1
635,4.9056866440488,0.3360448765762535,IN,2022-12-08,1,1,0,0,0,1,1,0,0,0,1,0,0,0
636,2.19738543627583,0.307338170075229,IN,2022-12-09,1,1,1,0,1,1,0,0,0,1,1,0,1,0
637,2.61200506932552,0.3158062563340615,IN,2022-12-10,0,1,1,0,1,0,1,0,0,0,0,0,0,1
638,3.15100854281715,0.1969331512364945,IN,2022-12-11,1,1,0,0,1,1,1,1,0,0,0,0,1,0
639,3.53979394978928,0.2963215971901405,IN,2022-12-12,1,1,0,0,1,1,1,0,0,0,0,1,1,1
640,1.93426793570437,0.2435571973376795,IN,2022-12-13,1,1,1,1,1,1,1,0,0,1,0,1,0,0
641,1.75381175759469,0.259864267100817,IN,2022-12-14,1,1,1,1,1,1,0,1,0,0,0,0,0,0
642,3.12928522685567,0.2455709219001245,IN,2022-12-15,1,1,0,1,0,1,0,1,0,1,0,0,0,0
643,1.5722066157152,0.210614196750432,IN,2022-12-16,1,1,1,1,1,1,1,1,1,0,0,1,0,0
644,1.43777466301131,0.218591095334297,IN,2022-12-17,1,1,1,1,1,1,0,1,0,0,0,1,0,1
645,3.57452031135194,0.3248590932514225,IN,2022-12-18,1,0,1,0,1,1,1,1,0,1,0,0,0,1
646,2.15326346464917,0.2503569917493665,IN,2022-12-19,1,1,0,1,1,1,0,1,0,0,0,0,0,0
647,2.48243589087064,0.280469568029998,IN,2022-12-20,1,1,1,0,1,0,0,0,0,0,0,1,1,0
648,6.31230706388023,0.371309224413443,IN,2022-12-21,1,0,0,0,1,1,1,0,0,0,0,1,1,1
649,3.15197840745953,0.3864096874343495,IN,2022-12-22,1,0,0,0,1,1,1,1,0,0,0,1,0,1
650,2.57861403138403,0.3961080184561405,IN,2022-12-23,1,1,0,0,1,1,1,1,0,0,0,1,1,1
651,2.10140007081862,0.706417311639065,IN,2022-12-24,1,1,1,0,0,0,1,1,1,1,0,0,0,1
652,NA,NA,IN,2022-12-25,NA,NA,NA,NA,NA,NA,NA,NA,NA,NA,NA,NA,NA,NA
653,4.68257020275622,0.325607443845969,IN,2022-12-26,1,0,1,0,1,0,0,1,0,0,0,0,0,0
654,4.13837433885543,0.3328754862436425,IN,2022-12-27,0,1,0,0,1,1,0,0,0,0,0,1,0,0
655,5.65552879003811,0.307999603539908,IN,2022-12-28,0,0,1,0,1,1,1,0,0,0,0,1,0,1
656,0.984563483799041,0.193603638478032,IN,2022-12-29,1,1,1,1,1,1,1,1,0,0,1,1,1,1
657,2.017355257196,0.272576719583918,IN,2022-12-30,0,0,1,1,1,0,1,0,0,0,0,0,0,1
658,0.827536988745878,0.2353519691711185,IN,2022-12-31,1,1,0,1,1,1,1,1,0,0,1,1,1,1
659,NA,NA,IN,2023-01-01,NA,NA,NA,NA,NA,NA,NA,NA,NA,NA,NA,NA,NA,NA
660,3.79848295896304,0.335452667966297,IN,2023-01-02,1,0,1,0,1,1,0,1,0,1,0,1,0,0
661,3.72937155911545,0.282928152615421,IN,2023-01-03,1,0,1,1,1,1,1,1,0,0,1,0,0,1
662,1.13947004282388,0.1950428714309015,IN,2023-01-04,1,1,1,1,1,1,1,1,0,1,0,0,0,1
663,1.35121439395679,0.20192250395899,IN,2023-01-05,1,1,1,1,1,1,1,1,1,0,1,0,1,1
664,0.927833484011823,0.186586026381289,IN,2023-01-06,1,1,1,1,1,1,1,1,0,1,0,1,0,1
665,1.31637959707436,0.292969560799071,IN,2023-01-07,1,0,1,1,1,1,1,1,0,1,0,1,0,1
666,1.31991503598092,0.1404076559954875,IN,2023-01-08,1,1,1,0,1,1,1,1,1,1,0,1,0,1
667,3.06628129210399,0.3316191799185655,IN,2023-01-09,1,0,1,1,1,1,0,1,0,1,0,1,0,0
668,1.40513584234867,0.215410333162966,IN,2023-01-10,1,1,1,1,1,1,1,1,0,1,0,0,0,1
669,1.74013841332385,0.2144416904449665,IN,2023-01-11,1,0,1,0,1,0,1,1,1,1,0,1,0,1
670,2.61110424643377,0.2152961815288695,IN,2023-01-12,1,1,1,0,0,0,1,1,0,1,0,0,0,1
671,2.56461136980954,0.379722137531042,IN,2023-01-13,1,1,0,1,0,0,1,1,0,0,1,0,0,1
672,1.6612753930327,0.268767902030817,IN,2023-01-14,1,1,0,1,1,0,1,1,1,0,0,0,0,1
673,0.814792516076614,0.4045116649290965,KS,2022-12-04,1,1,0,1,1,1,1,1,1,0,1,1,1,0
674,3.37347975325152,0.375149701912889,KS,2022-12-05,1,0,1,0,1,1,0,1,0,0,0,1,1,0
675,1.32317442950999,0.2008805100650405,KS,2022-12-06,1,1,1,0,1,1,1,1,0,1,0,1,1,1
676,2.46121602363637,0.3893200549478965,KS,2022-12-07,0,1,1,0,1,1,1,0,1,0,0,1,1,1
677,0.927664975520833,0.3169953683195815,KS,2022-12-08,1,1,1,1,1,1,1,0,0,0,0,1,1,0
678,0.380266165430679,0.1950829782005495,KS,2022-12-09,1,1,1,1,1,1,1,1,0,1,0,1,1,1
679,1.26624320137285,0.3269367321452,KS,2022-12-10,1,1,1,1,0,1,1,0,1,0,0,0,1,1
680,NA,NA,KS,2022-12-11,NA,NA,NA,NA,NA,NA,NA,NA,NA,NA,NA,NA,NA,NA
681,0.886713249432581,0.2421949094343945,KS,2022-12-12,1,1,1,1,1,1,1,1,0,0,0,1,1,1
682,0.860504068675103,0.16765133177829,KS,2022-12-13,1,1,1,1,1,1,1,1,1,0,0,1,1,1
683,0.830762357659188,0.065548877762433,KS,2022-12-14,1,1,1,0,1,1,1,1,1,1,1,1,1,1
684,1.04780945340912,0.257338400515151,KS,2022-12-15,1,0,1,1,1,1,1,1,0,0,0,1,1,1
685,0.0885899295517207,0.0562668181877185,KS,2022-12-16,1,1,1,1,1,1,1,1,1,1,1,1,1,1
686,0.916176941126079,0.232598805704238,KS,2022-12-17,1,1,1,1,1,1,0,1,0,1,1,1,1,0
687,0.855688473257943,0.212113655629133,KS,2022-12-18,1,1,1,1,1,1,0,0,0,1,0,1,1,1
688,3.52154538485166,0.367359265499595,KS,2022-12-19,1,0,1,0,1,1,0,1,0,0,0,1,1,0
689,0.387756126896828,0.1642457450713685,KS,2022-12-20,1,1,1,1,1,1,1,1,0,1,0,1,1,1
690,0.537846705564984,0.1288480884856305,KS,2022-12-21,1,1,1,1,1,1,1,0,1,1,0,1,1,1
691,0.778473178078179,0.279815397850562,KS,2022-12-22,1,1,0,1,1,1,1,0,1,0,1,1,1,1
692,NA,NA,KS,2022-12-23,NA,NA,NA,NA,NA,NA,NA,NA,NA,NA,NA,NA,NA,NA
693,2.41812988604958,0.720118115366155,KS,2022-12-24,1,0,0,0,1,1,1,1,1,0,0,1,1,1
694,NA,NA,KS,2022-12-25,NA,NA,NA,NA,NA,NA,NA,NA,NA,NA,NA,NA,NA,NA
695,3.75118727066985,0.454587069223943,KS,2022-12-26,0,0,1,0,1,1,1,0,0,0,0,1,1,1
696,0.30594372294368,0.03108065419093235,KS,2022-12-27,1,1,1,1,1,1,1,1,1,1,1,1,1,1
697,NA,NA,KS,2022-12-28,NA,NA,NA,NA,NA,NA,NA,NA,NA,NA,NA,NA,NA,NA
698,0.616521715567379,0.2638963706300505,KS,2022-12-29,1,0,1,1,1,1,1,1,0,1,1,1,0,1
699,3.17234960612103,0.592119645508495,KS,2022-12-30,1,0,1,0,1,1,1,1,0,1,0,1,0,1
700,1.23404123580478,0.267624876510007,KS,2022-12-31,1,0,1,1,1,1,1,1,0,0,1,1,1,1
701,0.797839156655086,0.387518882586483,KS,2023-01-01,1,0,1,1,1,1,1,1,1,1,1,1,1,1
702,0.942732651960541,0.2429093763322485,KS,2023-01-02,1,1,0,1,1,1,1,0,0,0,0,1,1,1
703,0.319919376153107,0.0374722949672462,KS,2023-01-03,1,1,1,1,1,1,1,1,1,1,1,1,1,1
704,2.42078512644912,0.501732953692475,KS,2023-01-04,1,0,0,0,1,1,1,1,0,1,0,1,0,1
705,1.92006421008759,0.53024294064294,KS,2023-01-05,1,1,0,0,1,1,1,1,1,0,0,1,1,0
706,6.93430092384797,0.590654015593975,KS,2023-01-06,1,0,1,0,1,1,1,1,0,1,0,1,1,1
707,0.607045691602917,0.330039148232427,KS,2023-01-07,1,1,1,1,1,1,1,1,1,1,1,1,1,1
708,1.07512798655541,0.76305242372419,KS,2023-01-08,1,1,0,1,1,1,1,1,1,0,0,1,1,1
709,2.02372280012611,0.407585922290861,KS,2023-01-09,1,0,1,1,0,1,1,1,0,1,0,0,0,1
710,0.0934983678448206,0.0713021740774375,KS,2023-01-10,1,1,1,1,1,1,1,1,1,1,1,1,1,1
711,0.510793572654912,0.167900784437206,KS,2023-01-11,1,1,1,1,1,1,1,1,1,1,1,1,1,1
712,NA,NA,KS,2023-01-12,NA,NA,NA,NA,NA,NA,NA,NA,NA,NA,NA,NA,NA,NA
713,1.38784042742759,0.4198201105736685,KS,2023-01-13,1,0,1,1,0,1,1,1,0,1,0,0,1,1
714,NA,NA,KS,2023-01-14,NA,NA,NA,NA,NA,NA,NA,NA,NA,NA,NA,NA,NA,NA
715,0.788685277061202,0.2149486001654735,KY,2022-12-04,1,1,1,0,1,1,1,1,0,1,0,1,1,1
716,3.13155602044266,0.3574280315750015,KY,2022-12-05,1,0,1,0,1,1,1,0,0,0,0,0,1,1
717,2.92242087646792,0.2531429661902425,KY,2022-12-06,1,0,1,0,1,1,0,0,0,1,0,0,1,0
718,1.85780099714215,0.3085373684316485,KY,2022-12-07,1,0,1,0,1,1,1,1,0,1,0,1,1,1
719,1.06980118935695,0.2628532684955445,KY,2022-12-08,1,1,1,1,1,1,1,1,1,1,1,1,1,1
720,1.22574542936914,0.195415355988027,KY,2022-12-09,1,1,1,0,1,1,1,1,0,1,0,1,1,1
721,0.870589972065991,0.4155605922789835,KY,2022-12-10,1,1,0,1,1,1,1,1,0,0,1,1,1,1
722,1.61197355953196,0.589521649037875,KY,2022-12-11,1,1,0,0,0,1,1,1,0,0,0,0,1,1
723,1.09251268706994,0.284249077714924,KY,2022-12-12,1,1,1,1,1,1,1,1,0,1,0,0,1,1
724,1.51523344957419,0.704374685803505,KY,2022-12-13,1,1,0,0,1,1,0,1,1,0,0,1,1,0
725,0.842393058442862,0.117040153235394,KY,2022-12-14,1,1,1,0,1,1,1,0,1,1,0,1,1,1
726,1.21369243826344,0.2266534387947945,KY,2022-12-15,1,0,1,1,0,1,1,1,1,1,1,1,1,1
727,0.748956098133005,0.1959093783430235,KY,2022-12-16,1,1,1,1,1,1,1,1,0,1,0,1,1,1
728,0.427076311858067,0.0962511647695675,KY,2022-12-17,1,1,1,1,1,1,1,1,0,1,0,0,1,1
729,1.19606578930418,0.3801933678634585,KY,2022-12-18,1,1,0,1,1,1,1,1,0,0,0,0,1,1
730,6.32245768052917,0.3784945399813575,KY,2022-12-19,1,0,1,0,1,1,1,1,0,1,0,1,1,1
731,0.697732680598679,0.260631957176416,KY,2022-12-20,1,1,1,1,1,1,1,1,0,0,1,1,1,1
732,2.16002073991952,0.4811920781745635,KY,2022-12-21,0,1,1,0,1,1,1,0,1,1,0,0,1,1
733,1.70819536211599,0.3095345540115065,KY,2022-12-22,1,0,1,1,1,1,1,1,0,0,0,0,0,1
734,NA,NA,KY,2022-12-23,NA,NA,NA,NA,NA,NA,NA,NA,NA,NA,NA,NA,NA,NA
735,1.0213963140213,0.737665172243685,KY,2022-12-24,1,1,0,1,1,1,1,1,1,0,1,0,1,1
736,NA,NA,KY,2022-12-25,NA,NA,NA,NA,NA,NA,NA,NA,NA,NA,NA,NA,NA,NA
737,0.475743764366588,0.165781566912636,KY,2022-12-26,1,1,1,1,1,1,1,1,1,1,0,0,1,1
738,0.966562117631122,0.052026378429815,KY,2022-12-27,1,1,1,0,1,1,1,1,1,1,0,0,1,1
739,0.596990057014853,0.146386017220806,KY,2022-12-28,1,1,1,1,1,1,1,1,0,1,0,0,1,1
740,0.918040597279377,0.311040864404345,KY,2022-12-29,0,1,1,1,1,1,1,0,1,1,0,1,1,1
741,0.695281225334687,0.04516742537292975,KY,2022-12-30,1,1,1,1,1,1,1,1,1,1,0,0,1,1
742,1.08722090266913,0.289954361226741,KY,2022-12-31,1,0,1,1,1,1,1,1,0,0,1,1,0,1
743,NA,NA,KY,2023-01-01,NA,NA,NA,NA,NA,NA,NA,NA,NA,NA,NA,NA,NA,NA
744,1.78791100828362,0.3542701508232905,KY,2023-01-02,0,1,1,1,1,1,1,0,0,1,1,0,0,1
745,2.51323887572496,0.4163348372222495,KY,2023-01-03,1,1,0,0,1,1,1,1,0,0,0,0,1,1
746,1.10858845716013,0.3177232501056195,KY,2023-01-04,1,1,1,1,1,0,1,1,0,0,1,1,0,1
747,1.02312922992982,0.211670741375456,KY,2023-01-05,1,1,1,1,1,1,1,1,1,1,1,1,1,1
748,0.736197865615178,0.207220154866136,KY,2023-01-06,1,1,1,1,1,1,1,1,0,1,1,0,1,1
749,1.62677840550207,0.4824951427139445,KY,2023-01-07,1,0,1,1,1,1,1,1,0,1,0,1,1,1
750,0.537808225548409,0.04097398092725135,KY,2023-01-08,1,1,1,1,1,1,1,1,1,1,1,1,1,1
751,1.57650673486382,0.533519191016485,KY,2023-01-09,1,0,1,0,1,0,1,1,0,1,0,1,0,1
752,0.796915753502076,0.255515328607894,KY,2023-01-10,1,1,1,1,1,1,1,1,1,1,0,0,0,1
753,0.615046507277019,0.0463933965713636,KY,2023-01-11,1,1,1,1,1,1,1,1,1,1,0,0,1,1
754,1.26168452485467,0.396625208288417,KY,2023-01-12,1,0,1,1,1,1,0,1,0,1,0,0,0,0
755,1.07178161206481,0.1850460259847785,KY,2023-01-13,1,0,1,1,1,1,1,1,0,1,0,0,0,1
756,1.00665985513541,0.750764673945255,KY,2023-01-14,1,1,0,1,1,1,1,1,1,0,0,1,1,1
757,0.836394178529126,0.248523390795021,LA,2022-12-04,1,1,1,1,1,1,1,1,0,0,0,1,1,1
758,1.8044075218673,0.3412659344495535,LA,2022-12-05,1,1,0,1,1,1,1,1,0,0,0,0,0,1
759,1.77705661059122,0.2521255329187205,LA,2022-12-06,1,0,1,1,1,1,1,1,1,0,0,1,0,1
760,1.41779026718654,0.282970534158623,LA,2022-12-07,1,0,1,1,1,1,1,1,0,1,0,0,1,1
761,1.38791355751726,0.253636458432996,LA,2022-12-08,1,1,1,1,1,1,1,0,0,1,0,0,0,1
762,1.46901004416005,0.3048558331609465,LA,2022-12-09,1,0,1,1,1,1,1,1,1,0,1,1,0,1
763,0.580617466660693,0.2849954135985965,LA,2022-12-10,1,1,1,1,1,1,1,1,1,0,0,1,1,1
764,1.55813460269194,0.3487019169784945,LA,2022-12-11,1,1,1,1,1,1,0,1,0,0,0,1,1,0
765,3.01858865529509,0.30255621250876,LA,2022-12-12,1,0,1,1,1,1,1,1,0,0,0,0,0,1
766,1.92872889229027,0.2870723447882595,LA,2022-12-13,0,1,1,1,1,0,1,0,0,0,1,1,0,1
767,2.34501410991362,0.2320962712400035,LA,2022-12-14,1,1,1,0,1,0,1,0,0,1,0,0,0,1
768,2.28924283249921,0.2873953417723855,LA,2022-12-15,0,0,1,1,1,0,1,0,0,1,1,1,0,1
769,1.60978536325759,0.1818637344761855,LA,2022-12-16,1,1,1,0,1,1,1,1,0,1,0,0,0,1
770,1.82814540973119,0.3279065497943795,LA,2022-12-17,1,0,1,1,1,1,1,1,0,1,0,1,0,0
771,1.49074592836253,0.3198492901445455,LA,2022-12-18,1,0,1,1,1,0,1,1,0,0,0,1,0,1
772,2.40499993603082,0.307274627383108,LA,2022-12-19,1,0,1,1,1,0,1,1,0,0,1,1,0,1
773,3.67670547336748,0.283370436574605,LA,2022-12-20,1,0,1,0,1,0,1,1,0,0,0,1,0,1
774,3.22876037765184,0.2528884450425565,LA,2022-12-21,0,1,1,0,1,0,1,0,1,1,0,1,0,1
775,4.37110564727668,0.415171364103582,LA,2022-12-22,0,0,1,1,1,0,0,0,0,0,0,1,0,0
776,5.36220357925186,0.349763149782884,LA,2022-12-23,1,0,1,0,1,0,0,1,0,0,0,1,0,0
777,1.47231583343059,0.4014199334106045,LA,2022-12-24,1,1,0,1,1,0,1,1,0,0,0,1,0,1
778,4.62581205552056,0.2900617474216555,LA,2022-12-25,1,1,1,0,0,0,1,1,0,1,0,0,0,1
779,4.99289423755286,0.3335285076801205,LA,2022-12-26,1,0,1,0,1,0,1,1,0,1,0,1,0,1
780,6.43716895845779,0.4628131566044355,LA,2022-12-27,1,0,1,1,0,0,1,1,0,0,0,0,0,1
781,13.5535668457459,0.407886108060252,LA,2022-12-28,1,0,1,0,1,0,1,1,0,0,0,0,0,0
782,15.8486385794373,0.4868824084659625,LA,2022-12-29,1,0,0,1,1,0,0,1,0,0,0,1,0,0
783,7.10083099567583,0.4427373182102265,LA,2022-12-30,1,0,1,0,1,0,1,1,0,1,0,0,0,1
784,6.45792451116164,0.427164786554592,LA,2022-12-31,1,0,1,0,1,0,1,1,0,1,0,1,0,1
785,7.81137795409497,0.406738039324196,LA,2023-01-01,1,1,1,0,1,0,1,1,0,1,0,1,0,1
786,9.47687245142946,0.4945962181478125,LA,2023-01-02,1,0,1,0,0,0,0,1,0,1,0,0,0,0
787,14.4677032973253,0.4982745787804355,LA,2023-01-03,1,0,1,0,1,0,1,1,0,0,0,1,0,1
788,10.1517530922854,0.4821602506809065,LA,2023-01-04,1,0,0,0,1,0,1,1,0,0,0,1,0,1
789,17.8365132263813,0.544387589736045,LA,2023-01-05,1,1,1,0,1,0,0,1,0,1,0,1,0,0
790,15.1520380569775,0.63462943812715,LA,2023-01-06,1,0,0,0,1,0,0,1,0,0,0,1,0,0
791,5.46220404444844,0.58341963863042,LA,2023-01-07,1,0,0,0,1,0,1,1,0,0,0,0,0,1
792,6.69763476518333,0.6051671945292,LA,2023-01-08,1,0,0,0,1,0,1,1,1,0,0,1,0,1
793,16.7157693869379,0.67950178940359,LA,2023-01-09,1,1,0,0,1,0,0,1,1,0,0,1,0,0
794,20.7428705637055,0.60105388390401,LA,2023-01-10,1,1,0,0,0,0,1,1,1,1,0,0,0,1
795,15.0318771433426,0.590560243981575,LA,2023-01-11,1,0,0,0,1,0,0,1,1,0,0,1,0,0
796,5.3102362510258,0.4801059751875795,LA,2023-01-12,1,0,1,0,1,0,1,1,0,1,0,1,0,1
797,9.52877542980647,0.64031392700931,LA,2023-01-13,1,0,0,0,0,0,1,1,0,0,0,0,0,1
798,4.47498188781098,0.65776985061945,LA,2023-01-14,1,1,1,0,0,0,1,1,1,1,0,0,0,1
799,6.60905446350923,0.322711404354458,MA,2022-12-04,0,0,1,1,1,0,1,0,0,0,0,0,0,1
800,8.1559375041661,0.331520352332194,MA,2022-12-05,1,0,1,0,0,0,1,0,0,0,0,1,0,0
801,7.07408370271018,0.3383240598392785,MA,2022-12-06,0,1,1,0,1,0,0,0,0,0,0,0,0,0
802,5.56534697354835,0.313634866886547,MA,2022-12-07,0,0,0,1,1,1,1,0,0,0,0,0,0,0
803,6.80134235253497,0.3203688205756,MA,2022-12-08,1,0,1,1,1,0,0,0,0,0,0,0,0,0
804,6.43075075996217,0.3270812722919625,MA,2022-12-09,1,0,0,1,1,0,0,0,0,0,0,0,0,0
805,8.84801575371468,0.3716332896626535,MA,2022-12-10,1,0,0,0,1,0,1,1,0,0,0,1,0,0
806,4.52271464580215,0.335664574264787,MA,2022-12-11,0,0,1,0,1,1,1,1,0,1,0,0,0,0
807,6.88656754487655,0.3210578544464265,MA,2022-12-12,1,0,1,1,1,0,1,0,0,0,0,0,0,1
808,1.23026472662184,0.405313345881393,MA,2022-12-13,1,1,0,1,1,0,1,1,0,0,0,0,0,1
809,0.784823179840289,0.401593235728446,MA,2022-12-14,1,0,1,1,1,1,1,1,1,1,0,1,0,1
810,NA,NA,MA,2022-12-15,NA,NA,NA,NA,NA,NA,NA,NA,NA,NA,NA,NA,NA,NA
811,1.44254028715098,0.530244925328415,MA,2022-12-16,1,1,0,1,1,0,0,0,1,0,0,1,1,0
812,0.22349019935217,0.255820306204468,MA,2022-12-17,1,1,1,1,1,1,1,1,0,1,0,1,1,1
813,1.85538682285935,0.649492223306815,MA,2022-12-18,1,0,1,1,1,1,1,1,0,1,0,1,0,1
814,2.28871279395513,0.4399279296558055,MA,2022-12-19,1,1,0,0,0,1,1,1,0,0,1,1,0,1
815,1.44101547774835,0.336410619556505,MA,2022-12-20,1,1,1,1,0,0,1,1,1,1,1,0,0,1
816,1.8804954287661,0.52844312504493,MA,2022-12-21,1,1,0,0,1,1,1,1,1,0,0,1,0,1
817,1.6743827751451,0.59117887956296,MA,2022-12-22,1,0,1,1,0,0,1,1,1,1,1,0,0,1
818,0.996077210198208,0.70698978786057,MA,2022-12-23,1,0,1,1,1,1,1,1,0,1,1,1,0,1
819,NA,NA,MA,2022-12-24,NA,NA,NA,NA,NA,NA,NA,NA,NA,NA,NA,NA,NA,NA
820,NA,NA,MA,2022-12-25,NA,NA,NA,NA,NA,NA,NA,NA,NA,NA,NA,NA,NA,NA
821,1.82765569930557,0.3206952297312985,MA,2022-12-26,1,1,1,0,1,0,1,1,1,1,0,1,0,1
822,7.45719099297358,0.52811967930497,MA,2022-12-27,1,0,1,0,1,0,1,1,0,0,0,0,0,1
823,20.1470613045657,0.356720620400489,MA,2022-12-28,1,0,1,0,1,0,1,1,0,1,0,0,0,1
824,44.0892439916995,0.4087764742641605,MA,2022-12-29,1,0,0,0,0,0,0,1,0,0,0,0,0,0
825,11.380513726319,0.355455896623925,MA,2022-12-30,0,0,0,0,0,0,0,0,0,0,0,0,0,0
826,0.396386248016426,0.239985622893169,MA,2022-12-31,1,1,1,1,1,1,1,1,1,1,0,1,0,1
827,0.923959474492112,0.66447724295601,MA,2023-01-01,1,1,1,0,1,0,1,1,1,1,1,1,1,1
828,27.736559311854,0.374451622991493,MA,2023-01-02,1,0,1,0,0,0,0,1,0,0,0,0,0,0
829,12.3607312137892,0.3999247972194585,MA,2023-01-03,1,0,0,0,1,0,1,1,0,0,0,1,0,1
830,5.4371172580982,0.333519088947238,MA,2023-01-04,1,1,1,0,1,0,1,1,1,0,0,1,0,1
831,25.208622599821,0.329694196030187,MA,2023-01-05,0,0,1,0,0,0,0,0,0,1,0,0,0,0
832,18.4248399425108,0.3896207546140355,MA,2023-01-06,1,0,0,0,1,0,0,1,0,0,0,1,0,0
833,13.5136009937139,0.2719684073377565,MA,2023-01-07,1,1,0,0,1,0,1,1,1,0,0,0,0,1
834,27.3345479406665,0.535562740197395,MA,2023-01-08,1,0,1,0,0,0,0,1,0,0,0,0,0,0
835,21.3358853237,0.303414497090266,MA,2023-01-09,1,0,0,0,1,0,0,1,0,0,0,0,0,0
836,9.66630528880896,0.1934875544715615,MA,2023-01-10,0,0,1,0,0,0,1,0,0,1,1,0,0,1
837,9.88523868292155,0.25243915141494,MA,2023-01-11,1,1,0,0,1,0,1,1,1,0,0,0,0,1
838,17.9838175635877,0.321397546775936,MA,2023-01-12,1,0,0,0,0,0,0,1,0,0,0,0,0,0
839,19.749246997627,0.346197435384974,MA,2023-01-13,1,0,1,0,0,0,0,1,0,1,0,0,0,0
840,2.6875696353415,0.134972598195828,MA,2023-01-14,1,1,1,0,1,0,1,1,1,1,0,1,0,1
841,2.10823643827922,0.197020309862371,MD,2022-12-04,1,1,0,1,1,1,0,1,0,0,0,0,0,1
842,3.03993010402395,0.1838577128066895,MD,2022-12-05,0,0,1,1,1,1,1,0,0,0,1,1,0,1
843,4.60297395843225,0.2780895073776785,MD,2022-12-06,1,0,1,0,0,1,0,1,0,0,0,0,0,0
844,7.15399600734855,0.2678467830133045,MD,2022-12-07,1,0,1,0,0,1,1,1,0,0,0,0,0,0
845,2.16777168343011,0.275401383644464,MD,2022-12-08,1,0,1,0,1,0,1,1,0,0,0,0,0,1
846,2.76953787639978,0.1612735024670715,MD,2022-12-09,1,1,0,1,0,1,0,1,1,0,0,0,0,0
847,1.55029098169375,0.1691220000680225,MD,2022-12-10,0,1,1,1,1,1,1,0,1,0,0,1,0,1
848,1.81484397456335,0.210654016017587,MD,2022-12-11,1,1,1,1,1,0,1,0,0,0,0,0,0,1
849,3.98970905650977,0.146686477027759,MD,2022-12-12,1,0,0,1,1,0,1,1,0,0,0,0,0,0
850,4.47848175141792,0.254235266433429,MD,2022-12-13,1,1,0,0,1,1,0,0,0,0,0,0,0,0
851,1.02497969353104,0.229918720123228,MD,2022-12-14,1,1,1,1,1,1,1,1,0,0,1,0,0,1
852,3.22251540402773,0.079814499225834,MD,2022-12-15,1,1,1,0,1,0,1,1,0,0,0,0,0,1
853,8.43696653865029,0.257644265307694,MD,2022-12-16,1,0,1,0,0,1,0,0,0,0,0,0,0,0
854,2.44172233538463,0.179640126949906,MD,2022-12-17,1,0,1,1,0,1,0,1,0,0,0,0,0,0
855,7.06582355101587,0.204725494244383,MD,2022-12-18,1,0,1,0,1,1,1,1,0,1,0,0,0,1
856,4.09017248404908,0.2456574002392955,MD,2022-12-19,0,1,1,0,0,1,1,0,0,0,0,0,0,1
857,3.40403958687352,0.244135034725643,MD,2022-12-20,1,0,1,0,0,0,1,1,0,0,0,0,0,1
858,4.22519046193782,0.2627297107118085,MD,2022-12-21,1,0,1,0,0,0,1,1,1,0,0,0,0,1
859,6.33420463824583,0.323492956519168,MD,2022-12-22,1,1,1,0,1,0,1,1,1,0,0,1,0,1
860,7.81349744810981,0.2284960643892375,MD,2022-12-23,1,0,0,0,0,0,0,1,0,0,1,0,0,0
861,2.27970968054408,0.234870698055584,MD,2022-12-24,0,1,1,0,1,0,1,0,1,0,0,0,0,1
862,0.746743737459386,0.3732231489800435,MD,2022-12-25,1,1,1,1,1,0,1,1,1,1,0,1,0,1
863,6.52073334487467,0.2018744967548525,MD,2022-12-26,1,0,1,1,0,0,0,1,0,0,0,1,0,0
864,4.41066588356447,0.239869244687567,MD,2022-12-27,1,0,1,0,1,1,0,1,0,0,0,1,0,0
865,4.31962773238211,0.27980801042866,MD,2022-12-28,1,0,1,0,1,1,0,1,0,1,0,0,0,0
866,8.25219070449928,0.374138853670789,MD,2022-12-29,1,0,1,0,1,1,0,1,0,1,0,1,0,0
867,4.07992373476947,0.53068932050732,MD,2022-12-30,1,1,1,0,0,0,1,1,1,1,0,0,0,1
868,8.71051087014351,0.228075262632112,MD,2022-12-31,1,0,0,1,1,0,0,0,0,0,0,1,0,0
869,2.38857461601778,0.431026483830311,MD,2023-01-01,1,1,1,0,0,0,0,1,1,1,0,0,1,0
870,2.85712113841179,0.345814728614809,MD,2023-01-02,1,0,1,0,1,1,0,1,0,1,0,0,0,0
871,8.81039691925255,0.3397567470552345,MD,2023-01-03,0,0,1,0,1,1,0,0,0,1,0,0,0,0
872,5.31374033402867,0.2734099840114195,MD,2023-01-04,1,0,1,1,1,0,0,1,0,0,0,1,0,0
873,6.99135556020837,0.448737118257974,MD,2023-01-05,1,0,1,0,0,1,1,1,0,0,0,0,1,1
874,14.9967693866443,0.3775371708179395,MD,2023-01-06,1,1,1,0,0,0,1,1,1,1,0,0,0,1
875,9.73595926369468,0.414700516227668,MD,2023-01-07,1,0,1,0,0,1,0,1,0,1,0,0,0,0
876,7.92051527415584,0.328344780239946,MD,2023-01-08,1,1,1,0,1,0,0,1,1,1,0,0,0,0
877,13.8873847356142,0.3402394792186005,MD,2023-01-09,1,0,1,0,1,0,0,1,0,0,0,0,0,0
878,7.53783795521734,0.3225886941149675,MD,2023-01-10,1,0,1,0,0,0,1,1,0,1,0,0,0,1
879,3.71784467042464,0.353882785747447,MD,2023-01-11,1,0,1,1,1,1,1,1,0,1,0,0,0,1
880,11.0631483750651,0.358687720356704,MD,2023-01-12,0,1,1,0,0,1,0,0,0,1,0,0,0,0
881,7.45038555945824,0.321674750153945,MD,2023-01-13,1,0,0,0,0,0,1,1,0,1,0,0,0,1
882,2.04654828196297,0.2824270520570245,MD,2023-01-14,1,1,1,1,1,1,0,1,1,1,0,0,0,0
883,2.04365151483375,0.5754841081076,ME,2022-12-04,1,0,0,0,1,0,1,1,1,0,0,1,0,1
884,NA,NA,ME,2022-12-05,NA,NA,NA,NA,NA,NA,NA,NA,NA,NA,NA,NA,NA,NA
885,1.81325753262439,0.310817494021355,ME,2022-12-06,0,1,1,0,1,1,1,1,0,1,0,1,1,1
886,1.14796367214247,0.326964548413969,ME,2022-12-07,1,1,1,1,0,1,1,1,1,1,1,0,0,1
887,2.17729438266476,0.327402746341047,ME,2022-12-08,1,1,1,1,0,0,1,0,0,0,0,1,0,0
888,1.58121592850346,0.344820117709898,ME,2022-12-09,1,1,1,1,1,1,0,0,0,0,0,1,0,0
889,1.43048819139048,0.298948278131054,ME,2022-12-10,1,0,1,1,1,1,1,1,1,1,0,1,0,1
890,1.22709180671271,0.319474959227806,ME,2022-12-11,1,0,1,1,1,1,1,1,0,1,0,1,1,1
891,4.40422425134075,0.306864577315616,ME,2022-12-12,1,1,1,0,1,0,1,0,0,0,0,1,1,0
892,5.20639254127598,0.416743147159813,ME,2022-12-13,0,0,1,0,0,0,0,0,0,0,0,0,0,0
893,3.69413861665947,0.3114033405973795,ME,2022-12-14,1,1,1,0,1,0,1,1,0,1,0,0,0,1
894,0.891705420828061,0.620495638669985,ME,2022-12-15,1,1,0,1,1,1,1,1,1,0,0,1,1,1
895,NA,NA,ME,2022-12-16,NA,NA,NA,NA,NA,NA,NA,NA,NA,NA,NA,NA,NA,NA
896,NA,NA,ME,2022-12-17,NA,NA,NA,NA,NA,NA,NA,NA,NA,NA,NA,NA,NA,NA
897,NA,NA,ME,2022-12-18,NA,NA,NA,NA,NA,NA,NA,NA,NA,NA,NA,NA,NA,NA
898,8.62696038852639,0.406591315819648,ME,2022-12-19,0,1,1,0,1,0,0,0,0,0,0,1,0,0
899,7.40838543793416,0.419670221441461,ME,2022-12-20,1,0,1,1,1,0,0,1,0,0,0,0,0,0
900,2.82161249450376,0.404625133391812,ME,2022-12-21,1,1,0,0,1,0,1,1,0,0,0,1,0,1
901,0.811315907531417,0.588582667081915,ME,2022-12-22,1,0,1,1,1,1,1,1,0,1,1,1,0,1
902,NA,NA,ME,2022-12-23,NA,NA,NA,NA,NA,NA,NA,NA,NA,NA,NA,NA,NA,NA
903,NA,NA,ME,2022-12-24,NA,NA,NA,NA,NA,NA,NA,NA,NA,NA,NA,NA,NA,NA
904,NA,NA,ME,2022-12-25,NA,NA,NA,NA,NA,NA,NA,NA,NA,NA,NA,NA,NA,NA
905,5.53032598395588,0.534942068337515,ME,2022-12-26,1,0,0,0,0,0,1,1,0,0,0,0,0,1
906,7.59435914186905,0.450396508571892,ME,2022-12-27,1,0,1,0,0,0,0,1,0,1,0,0,0,0
907,5.17409251677702,0.4949714706375795,ME,2022-12-28,1,1,1,0,1,0,1,1,1,1,0,1,0,1
908,3.91905529559388,0.4336571305655625,ME,2022-12-29,1,1,0,0,0,0,0,1,1,0,0,0,0,0
909,NA,NA,ME,2022-12-30,NA,NA,NA,NA,NA,NA,NA,NA,NA,NA,NA,NA,NA,NA
910,NA,NA,ME,2022-12-31,NA,NA,NA,NA,NA,NA,NA,NA,NA,NA,NA,NA,NA,NA
911,NA,NA,ME,2023-01-01,NA,NA,NA,NA,NA,NA,NA,NA,NA,NA,NA,NA,NA,NA
912,9.64475071827728,0.5561918844401,ME,2023-01-02,1,0,1,0,1,0,1,1,0,1,0,0,0,1
913,3.00203084324141,0.599213327629575,ME,2023-01-03,1,0,1,0,1,0,1,1,1,1,0,1,0,1
914,1.95030084645368,0.73789873174549,ME,2023-01-04,1,1,1,0,1,0,1,1,1,1,0,1,0,1
915,0.129587410132225,0.01687541691172745,ME,2023-01-05,1,1,1,1,1,1,1,1,0,1,1,1,0,1
916,1.19122145675423,0.8699226070395,ME,2023-01-06,1,0,1,1,1,0,1,1,0,1,1,1,0,1
917,NA,NA,ME,2023-01-07,NA,NA,NA,NA,NA,NA,NA,NA,NA,NA,NA,NA,NA,NA
918,3.3151248524532,0.81805604649209,ME,2023-01-08,1,1,1,0,1,0,1,1,1,1,0,1,0,1
919,NA,NA,ME,2023-01-09,NA,NA,NA,NA,NA,NA,NA,NA,NA,NA,NA,NA,NA,NA
920,NA,NA,ME,2023-01-10,NA,NA,NA,NA,NA,NA,NA,NA,NA,NA,NA,NA,NA,NA
921,NA,NA,ME,2023-01-11,NA,NA,NA,NA,NA,NA,NA,NA,NA,NA,NA,NA,NA,NA
922,NA,NA,ME,2023-01-12,NA,NA,NA,NA,NA,NA,NA,NA,NA,NA,NA,NA,NA,NA
923,0.00830683589395861,0.003259713317937585,ME,2023-01-13,1,1,1,1,1,1,1,1,1,1,1,1,1,1
924,NA,NA,ME,2023-01-14,NA,NA,NA,NA,NA,NA,NA,NA,NA,NA,NA,NA,NA,NA
925,4.53797581699105,0.27372692987347,MI,2022-12-04,0,0,1,0,1,1,1,0,0,0,0,1,1,1
926,2.84895067861996,0.3140703117459015,MI,2022-12-05,0,0,1,1,1,1,0,1,0,0,0,1,0,0
927,2.5333700014693,0.280093083552035,MI,2022-12-06,1,1,1,1,1,1,1,0,0,1,0,1,1,0
928,8.66557897499047,0.313567295175524,MI,2022-12-07,1,0,0,0,1,0,0,1,0,0,0,0,0,0
929,4.82196400437638,0.28994086765855,MI,2022-12-08,1,0,1,0,1,0,0,0,0,0,0,0,0,0
930,3.60301075180941,0.2783065618453245,MI,2022-12-09,1,0,1,0,1,1,0,0,0,0,0,0,1,0
931,5.7916683970074,0.2869939260280215,MI,2022-12-10,0,0,0,0,1,1,1,0,0,0,0,1,1,1
932,9.1986900531857,0.305164073552894,MI,2022-12-11,1,0,1,0,1,1,0,0,0,0,0,0,1,0
933,7.38840346313261,0.27006308281241,MI,2022-12-12,1,0,1,0,1,1,1,0,0,0,0,0,0,0
934,1.57113773821442,0.2490895157497345,MI,2022-12-13,1,1,1,1,1,1,1,0,0,1,0,0,0,1
935,2.20916746426459,0.258954273732929,MI,2022-12-14,1,1,1,1,1,1,1,0,0,0,1,0,0,0
936,2.47350829467952,0.2323702777057535,MI,2022-12-15,1,1,1,1,1,1,1,0,0,1,0,1,1,0
937,2.43906974882588,0.276028497994794,MI,2022-12-16,1,1,0,0,1,0,0,0,0,0,0,1,0,1
938,6.63730813145419,0.307531215837008,MI,2022-12-17,1,0,1,0,1,1,1,1,0,0,0,0,0,1
939,2.84344872601059,0.23844354524403,MI,2022-12-18,1,0,1,0,1,1,1,0,0,0,0,1,1,1
940,16.2429275980421,0.3073511747720025,MI,2022-12-19,1,0,0,0,1,1,1,0,0,0,0,0,0,0
941,10.0409311129503,0.399283117266448,MI,2022-12-20,0,0,1,0,0,1,1,0,0,0,0,1,0,1
942,5.9118638593222,0.313102669559567,MI,2022-12-21,1,0,1,0,0,1,1,0,0,0,0,0,0,1
943,2.11602583138908,0.231840302472254,MI,2022-12-22,1,0,1,1,1,1,1,0,1,1,1,1,0,1
944,4.01000189491789,0.392748522658928,MI,2022-12-23,1,0,1,0,1,1,0,1,0,1,0,1,0,0
945,0.913538184134806,0.192959062054612,MI,2022-12-24,1,1,1,1,1,1,0,0,0,1,1,1,1,1
946,3.1373216474157,0.4031034967170415,MI,2022-12-25,1,0,1,0,1,1,1,1,0,1,0,1,0,1
947,8.59954534217363,0.2487995403749945,MI,2022-12-26,1,0,0,0,1,0,0,0,0,0,0,1,0,0
948,11.4246939738289,0.3479220055320495,MI,2022-12-27,1,0,0,0,1,1,1,0,0,1,0,1,0,1
949,6.07900824319963,0.4009628632357575,MI,2022-12-28,1,0,1,0,1,0,1,1,0,1,0,1,0,1
950,2.74324660394791,0.25663221689249,MI,2022-12-29,1,0,1,0,1,1,0,1,0,0,0,1,0,0
951,9.28086447642233,0.3502624292650435,MI,2022-12-30,1,0,0,0,1,1,0,1,0,1,0,1,0,0
952,1.16691120247776,0.225678251664454,MI,2022-12-31,1,1,0,1,1,1,1,1,0,0,0,1,1,1
953,0.54366515285498,0.204372767963901,MI,2023-01-01,1,1,1,1,1,1,1,1,1,1,1,1,1,1
954,3.55848278713096,0.232830062106916,MI,2023-01-02,1,0,1,0,1,1,0,1,0,0,0,0,1,0
955,7.97775803985273,0.2652194024144155,MI,2023-01-03,1,0,1,0,0,0,0,1,0,0,0,0,0,0
956,2.27086833843684,0.2767170933305685,MI,2023-01-04,0,1,0,0,1,1,1,1,1,0,0,1,1,1
957,5.15255680426546,0.2578441630335075,MI,2023-01-05,1,0,1,0,1,1,1,0,0,0,0,0,0,0
958,3.36055152903333,0.314273678403864,MI,2023-01-06,1,0,1,0,1,1,0,1,0,0,0,1,0,0
959,1.93464401263991,0.261558763277043,MI,2023-01-07,1,1,1,0,1,1,1,0,0,1,0,1,0,0
960,2.87400405241807,0.260132810415747,MI,2023-01-08,0,0,1,1,0,0,1,0,0,0,0,0,0,1
961,8.5257997345936,0.359037484160925,MI,2023-01-09,1,0,0,0,0,1,1,0,0,1,0,0,0,0
962,3.99957804630412,0.2820321982964875,MI,2023-01-10,1,1,0,0,0,1,1,1,1,0,0,0,0,1
963,8.18687138642034,0.3657263680795865,MI,2023-01-11,1,0,0,0,1,1,1,1,0,0,0,1,0,1
964,3.56480780394951,0.3342921278334525,MI,2023-01-12,1,0,0,0,1,1,1,1,0,0,0,0,0,0
965,3.05805881838908,0.2240875582130695,MI,2023-01-13,0,0,0,1,1,0,1,0,0,0,0,1,1,1
966,4.24377817980299,0.433366539636971,MI,2023-01-14,1,0,0,0,1,1,1,1,0,0,0,1,0,1
967,4.50358037922751,0.3160171904519515,MN,2022-12-04,1,0,1,0,1,1,0,0,0,1,0,0,0,0
968,6.94979730770918,0.2863668619540645,MN,2022-12-05,1,0,1,0,1,1,1,1,0,0,0,1,1,1
969,5.87788305388217,0.3039999505599435,MN,2022-12-06,1,0,1,0,1,0,1,1,0,0,0,1,0,1
970,3.64821205281555,0.293004188813014,MN,2022-12-07,1,0,1,0,0,1,0,0,0,0,0,0,1,0
971,2.86671332161074,0.272273011193019,MN,2022-12-08,1,0,1,1,1,1,0,1,0,1,0,1,0,0
972,1.6027567653701,0.2333257016252875,MN,2022-12-09,1,1,0,1,1,1,1,1,0,0,0,0,1,0
973,1.68135987231651,0.260537309832723,MN,2022-12-10,1,1,0,1,1,1,1,0,0,0,0,0,0,1
974,5.35440064513582,0.319025333507141,MN,2022-12-11,1,0,1,0,1,0,1,1,0,0,0,0,1,1
975,6.45268288435281,0.2786004890080465,MN,2022-12-12,1,0,0,0,1,0,1,0,0,0,0,0,0,0
976,13.0389408838039,0.39168445647755,MN,2022-12-13,1,0,1,0,1,1,0,1,0,0,0,0,1,0
977,3.68768224447003,0.212750361713586,MN,2022-12-14,1,0,0,1,0,1,0,1,0,0,0,0,1,0
978,6.56073447947262,0.3105186067009595,MN,2022-12-15,1,0,0,0,1,1,0,1,0,0,0,0,0,0
979,1.93176578983293,0.217826486984904,MN,2022-12-16,1,0,1,1,0,1,1,1,0,0,0,0,0,0
980,3.81009926142459,0.269984812436772,MN,2022-12-17,1,0,1,0,1,0,0,0,0,0,0,0,1,0
981,3.87363089822962,0.2896353010043355,MN,2022-12-18,1,1,0,0,1,1,0,0,1,0,0,0,1,0
982,5.92778979994541,0.2481383214628535,MN,2022-12-19,1,0,1,0,0,1,1,0,0,0,0,0,1,1
983,2.13868593776176,0.233544564395091,MN,2022-12-20,1,1,0,1,1,1,0,1,0,1,0,0,0,0
984,1.36498226386606,0.2167406919944305,MN,2022-12-21,1,1,0,1,1,1,1,1,0,0,0,1,0,1
985,2.71746335131558,0.266273699327691,MN,2022-12-22,1,0,1,0,1,1,1,1,0,1,0,0,0,1
986,6.68842329955641,0.3428347975026155,MN,2022-12-23,1,0,1,0,1,1,0,0,0,1,0,0,1,1
987,1.68809476408825,0.230336264727705,MN,2022-12-24,0,1,1,1,1,0,1,0,1,0,0,0,0,1
988,4.40321726096702,0.3847487598903305,MN,2022-12-25,1,0,0,0,1,1,0,1,0,1,0,1,0,0
989,2.5475374656859,0.2290073515168595,MN,2022-12-26,0,0,1,1,0,1,0,0,0,0,0,0,0,0
990,2.42213646547411,0.274516867983023,MN,2022-12-27,0,1,1,0,1,1,0,0,1,0,0,0,0,0
991,11.6622302023327,0.401229533581527,MN,2022-12-28,0,0,1,0,0,1,0,1,0,1,0,0,1,0
992,1.6015081666324,0.220818157880574,MN,2022-12-29,1,1,1,1,1,1,1,0,0,0,0,0,1,1
993,3.69180425115696,0.320407709545161,MN,2022-12-30,1,1,0,0,1,0,1,1,1,0,0,0,0,1
994,2.65708567340882,0.201651930026848,MN,2022-12-31,1,1,0,1,1,0,1,1,0,0,0,0,0,1
995,7.56561157762636,0.522762038359505,MN,2023-01-01,1,0,1,0,1,0,0,1,0,0,0,1,0,0
996,7.81866491174386,0.3292228904551575,MN,2023-01-02,1,0,0,0,1,1,0,1,0,0,0,0,0,0
997,3.59457813125782,0.2711724518241695,MN,2023-01-03,0,0,0,0,1,0,0,0,0,0,0,1,0,0
998,7.82347308090673,0.346498086009375,MN,2023-01-04,1,0,1,0,0,1,1,0,0,1,0,0,0,1
999,3.05813285406886,0.2934901951517575,MN,2023-01-05,1,1,0,0,1,1,0,1,0,0,0,0,0,0
1000,11.2990437295393,0.389625615884479,MN,2023-01-06,1,0,0,0,1,1,0,1,0,0,0,0,0,0
1001,5.51951663044247,0.358555066824857,MN,2023-01-07,1,0,1,0,0,0,0,1,0,1,0,0,0,0
1002,5.42313130928848,0.384495156638101,MN,2023-01-08,1,0,0,0,1,1,0,1,0,0,0,0,0,0
1003,2.36731772931163,0.251784159448125,MN,2023-01-09,1,0,0,1,1,1,0,1,0,0,1,0,1,0
1004,4.26375887318291,0.265600042853368,MN,2023-01-10,1,0,0,1,0,1,0,1,1,0,0,0,0,0
1005,3.76059205512568,0.3154554762397665,MN,2023-01-11,1,0,0,0,1,1,0,1,0,0,0,0,0,0
1006,3.82144734044267,0.300305430267126,MN,2023-01-12,1,0,1,0,1,1,1,1,0,1,0,0,1,1
1007,5.03979724122286,0.314616662106732,MN,2023-01-13,1,0,1,0,1,0,1,1,0,0,0,0,0,1
1008,2.11963026011381,0.3267788793791805,MN,2023-01-14,1,1,1,0,1,0,1,1,1,1,0,0,0,1
1009,0.915199491599778,0.31928486520743,MO,2022-12-04,0,1,1,1,1,1,1,0,0,1,0,1,1,1
1010,1.49594799942313,0.2943786760972865,MO,2022-12-05,1,1,1,1,1,0,1,0,0,0,0,1,0,1
1011,1.58284652345552,0.2932638588476175,MO,2022-12-06,1,1,1,1,0,1,1,0,0,0,1,0,0,0
1012,4.41366408153948,0.352928095457115,MO,2022-12-07,1,0,0,0,0,1,1,1,0,1,0,0,1,1
1013,4.18225297084073,0.272949597118111,MO,2022-12-08,1,0,0,0,1,1,1,1,0,0,0,1,1,1
1014,0.914897208306351,0.229879887353748,MO,2022-12-09,1,1,1,1,1,1,1,0,1,1,0,0,1,0
1015,2.36117020083805,0.3047185719574595,MO,2022-12-10,1,1,0,1,1,1,1,1,0,0,0,0,1,1
1016,1.27620465530506,0.2892853229267315,MO,2022-12-11,1,1,0,1,1,1,1,1,0,0,0,0,1,1
1017,3.09486424000462,0.237271472376716,MO,2022-12-12,1,0,1,0,1,1,1,1,1,0,0,0,0,1
1018,1.41401549745309,0.265599526495459,MO,2022-12-13,1,1,1,1,1,1,0,0,0,0,0,1,1,0
1019,1.46179658313786,0.227188739402438,MO,2022-12-14,1,1,1,1,1,1,1,0,0,1,1,0,1,1
1020,1.14450225391634,0.2408811812082275,MO,2022-12-15,1,1,1,1,1,1,1,1,0,0,0,1,0,1
1021,2.04885134555922,0.299307924208899,MO,2022-12-16,0,0,0,1,1,1,1,0,0,0,0,0,1,1
1022,1.8788521022059,0.2975305004135655,MO,2022-12-17,0,0,1,0,1,1,1,0,0,1,0,0,0,1
1023,1.40281901543353,0.271379572489504,MO,2022-12-18,1,1,0,1,1,1,1,1,0,0,1,0,1,1
1024,6.67058413212183,0.3505234953735175,MO,2022-12-19,1,0,1,0,1,1,0,1,0,0,0,1,0,0
1025,0.881405635309823,0.350753119736012,MO,2022-12-20,1,1,0,1,1,1,1,1,1,0,1,1,0,1
1026,5.54510056679297,0.300077972507897,MO,2022-12-21,1,0,1,0,1,0,1,1,0,0,1,0,0,1
1027,1.51779795290495,0.0733079719307705,MO,2022-12-22,1,1,1,0,1,1,1,1,0,1,0,1,1,1
1028,0.71787068039856206,0.196468132182375,MO,2022-12-23,1,1,1,1,1,1,1,1,0,1,0,1,1,1
1029,1.50942690479402,0.66469553603449,MO,2022-12-24,1,1,1,0,1,1,0,1,0,1,0,1,1,0
1030,NA,NA,MO,2022-12-25,NA,NA,NA,NA,NA,NA,NA,NA,NA,NA,NA,NA,NA,NA
1031,2.73636171059237,0.177695298870549,MO,2022-12-26,1,0,1,1,1,0,1,0,1,1,0,1,0,1
1032,1.51945282313898,0.246846803835959,MO,2022-12-27,0,0,1,1,1,1,1,0,0,1,0,1,1,1
1033,1.53038776608314,0.3615890027175415,MO,2022-12-28,1,0,1,0,0,1,1,1,0,1,0,0,0,1
1034,3.68848872149209,0.291497775934694,MO,2022-12-29,1,0,1,1,1,0,1,0,0,1,0,1,1,1
1035,2.77702796749706,0.1926542638836095,MO,2022-12-30,1,1,1,1,1,0,0,1,0,0,0,1,0,0
1036,1.96991609076111,0.1213931227473735,MO,2022-12-31,1,1,1,0,1,0,1,1,0,1,0,1,0,1
1037,NA,NA,MO,2023-01-01,NA,NA,NA,NA,NA,NA,NA,NA,NA,NA,NA,NA,NA,NA
1038,1.62746360743518,0.2624601690160985,MO,2023-01-02,1,0,1,1,1,1,1,1,0,1,0,1,0,1
1039,5.23331770814512,0.3207787075674605,MO,2023-01-03,1,0,1,0,1,1,1,1,0,0,0,1,0,1
1040,3.02300823654212,0.3669673759541265,MO,2023-01-04,1,0,0,0,1,1,1,1,0,0,1,1,0,1
1041,5.3640680863515,0.376022489892589,MO,2023-01-05,1,0,1,0,1,1,1,1,0,0,0,0,0,1
1042,1.98248568975701,0.36240985088486,MO,2023-01-06,1,0,0,1,1,1,0,1,0,0,0,1,0,0
1043,3.41780442438245,0.470475508718006,MO,2023-01-07,0,0,1,0,1,1,1,0,0,1,0,1,0,1
1044,2.17497162070709,0.54267182793271,MO,2023-01-08,1,0,0,0,1,1,1,1,0,0,0,1,1,1
1045,1.93893808768261,0.230642206771948,MO,2023-01-09,1,1,0,1,1,1,1,1,0,0,0,1,0,1
1046,1.86029916098386,0.318357687941741,MO,2023-01-10,1,1,0,1,0,0,1,1,0,0,0,0,0,1
1047,2.04461374444164,0.390195442459756,MO,2023-01-11,1,1,1,1,1,1,0,1,0,1,0,1,0,0
1048,1.32577614890537,0.4193315173713635,MO,2023-01-12,1,0,1,1,0,1,1,1,0,1,1,0,0,1
1049,1.28924714402353,0.238274248693809,MO,2023-01-13,1,1,1,1,1,1,1,1,1,1,0,1,0,1
1050,1.32899502248233,0.320724667602507,MO,2023-01-14,1,0,1,1,1,0,1,1,0,1,0,1,0,1
1051,0.801637155824347,0.1241640746426745,MS,2022-12-04,1,1,1,0,1,1,1,1,0,0,0,1,1,1
1052,2.42089177030087,0.293164872622266,MS,2022-12-05,1,0,1,0,1,1,1,0,0,1,0,1,1,1
1053,1.39062003322696,0.3443592297642805,MS,2022-12-06,0,1,1,0,1,1,1,0,0,1,0,1,1,1
1054,1.57087098500529,0.2971306848086525,MS,2022-12-07,1,1,0,1,1,1,1,1,0,0,0,1,1,1
1055,1.48896914048616,0.25772069536264,MS,2022-12-08,1,0,1,1,1,1,1,0,0,1,0,1,1,1
1056,3.30666899095273,0.3843717804957245,MS,2022-12-09,1,0,1,0,1,1,1,1,0,1,0,1,1,1
1057,0.315460174702482,0.080301560460414,MS,2022-12-10,1,1,1,1,1,1,1,1,0,1,0,1,1,1
1058,0.698224768903281,0.2582945680817995,MS,2022-12-11,1,1,1,1,1,1,1,0,0,1,0,1,1,1
1059,1.96819425152564,0.309030456138148,MS,2022-12-12,1,0,1,0,1,1,1,1,0,1,0,1,1,1
1060,1.08196025417111,0.1800583146011395,MS,2022-12-13,0,1,1,1,1,1,1,0,1,1,0,1,1,1
1061,0.0794968191953384,0.0589497448701295,MS,2022-12-14,1,1,1,1,1,1,1,1,1,1,1,1,1,1
1062,1.38506335112676,0.413386283503136,MS,2022-12-15,1,0,1,0,1,1,1,1,0,1,0,1,1,1
1063,0.349785344343819,0.1616406190728615,MS,2022-12-16,1,1,1,1,1,1,1,1,1,1,1,1,1,1
1064,1.18257586115747,0.333482399321975,MS,2022-12-17,1,0,1,1,1,1,1,1,0,1,0,1,1,1
1065,NA,NA,MS,2022-12-18,NA,NA,NA,NA,NA,NA,NA,NA,NA,NA,NA,NA,NA,NA
1066,1.31248063114062,0.3461315907312585,MS,2022-12-19,1,1,0,1,0,1,1,0,1,0,0,0,1,1
1067,1.11059288338066,0.3842323448162185,MS,2022-12-20,1,1,0,0,1,1,1,1,1,0,0,1,1,1
1068,0.0547797036795208,0.0340110810956946,MS,2022-12-21,1,1,1,1,1,1,1,1,1,1,1,1,1,1
1069,NA,NA,MS,2022-12-22,NA,NA,NA,NA,NA,NA,NA,NA,NA,NA,NA,NA,NA,NA
1070,NA,NA,MS,2022-12-23,NA,NA,NA,NA,NA,NA,NA,NA,NA,NA,NA,NA,NA,NA
1071,0.975853772448259,0.704326416100365,MS,2022-12-24,1,0,1,0,1,1,1,1,0,1,0,1,1,1
1072,1.02117432494789,0.82062096677777,MS,2022-12-25,1,1,1,0,1,0,1,1,1,1,0,1,0,1
1073,0.514172651847322,0.198820018851587,MS,2022-12-26,1,1,1,1,1,1,1,1,1,1,1,1,1,1
1074,1.76011771805848,0.359129038068771,MS,2022-12-27,1,0,0,0,1,1,1,1,0,1,0,1,0,1
1075,0.819781637647239,0.2249377577633185,MS,2022-12-28,1,1,0,1,1,1,1,0,1,1,0,1,1,1
1076,1.4453264236674,0.53586673744957,MS,2022-12-29,1,0,0,0,1,1,1,1,1,0,0,1,1,1
1077,0.0506311364812455,0.0193211345059254,MS,2022-12-30,1,1,1,1,1,1,1,1,1,1,1,1,1,1
1078,NA,NA,MS,2022-12-31,NA,NA,NA,NA,NA,NA,NA,NA,NA,NA,NA,NA,NA,NA
1079,0.187993779405951,0.01824210489689475,MS,2023-01-01,1,1,1,1,1,1,1,1,1,0,0,1,1,1
1080,1.32600911322147,0.558795128778985,MS,2023-01-02,1,1,1,0,1,1,0,1,1,0,1,1,1,0
1081,1.29390823095747,0.414311632180687,MS,2023-01-03,1,0,0,1,1,1,1,1,0,0,0,1,0,1
1082,1.20875228697775,0.0182032018335049,MS,2023-01-04,1,1,1,0,1,1,1,1,0,1,0,1,1,1
1083,0.0877915494311401,0.01866558200887745,MS,2023-01-05,1,1,1,1,1,1,1,1,1,1,1,1,1,1
1084,0.0967374543031436,0.01939938346908955,MS,2023-01-06,1,1,1,1,1,1,1,1,1,1,1,1,1,1
1085,NA,NA,MS,2023-01-07,NA,NA,NA,NA,NA,NA,NA,NA,NA,NA,NA,NA,NA,NA
1086,NA,NA,MS,2023-01-08,NA,NA,NA,NA,NA,NA,NA,NA,NA,NA,NA,NA,NA,NA
1087,0.96852907508577,0.295961316558099,MS,2023-01-09,1,1,1,1,1,1,0,1,1,1,0,1,0,0
1088,0.961819249954246,0.2160009240382375,MS,2023-01-10,1,0,1,1,1,1,1,1,1,1,0,1,0,1
1089,0.152372007722225,0.0282204466209644,MS,2023-01-11,1,1,1,1,1,1,1,1,1,1,0,1,0,1
1090,0.375595111652059,0.3603328623968645,MS,2023-01-12,1,1,1,1,1,1,1,1,1,1,0,1,0,1
1091,1.03518781956215,0.294959909526576,MS,2023-01-13,1,1,0,1,1,1,1,1,0,0,0,1,0,1
1092,0.977123256855353,0.4243775033917,MS,2023-01-14,1,1,0,1,1,1,1,1,1,0,0,1,1,1
1093,NA,NA,MT,2022-12-04,NA,NA,NA,NA,NA,NA,NA,NA,NA,NA,NA,NA,NA,NA
1094,NA,NA,MT,2022-12-05,NA,NA,NA,NA,NA,NA,NA,NA,NA,NA,NA,NA,NA,NA
1095,NA,NA,MT,2022-12-06,NA,NA,NA,NA,NA,NA,NA,NA,NA,NA,NA,NA,NA,NA
1096,NA,NA,MT,2022-12-07,NA,NA,NA,NA,NA,NA,NA,NA,NA,NA,NA,NA,NA,NA
1097,NA,NA,MT,2022-12-08,NA,NA,NA,NA,NA,NA,NA,NA,NA,NA,NA,NA,NA,NA
1098,NA,NA,MT,2022-12-09,NA,NA,NA,NA,NA,NA,NA,NA,NA,NA,NA,NA,NA,NA
1099,NA,NA,MT,2022-12-10,NA,NA,NA,NA,NA,NA,NA,NA,NA,NA,NA,NA,NA,NA
1100,NA,NA,MT,2022-12-11,NA,NA,NA,NA,NA,NA,NA,NA,NA,NA,NA,NA,NA,NA
1101,NA,NA,MT,2022-12-12,NA,NA,NA,NA,NA,NA,NA,NA,NA,NA,NA,NA,NA,NA
1102,NA,NA,MT,2022-12-13,NA,NA,NA,NA,NA,NA,NA,NA,NA,NA,NA,NA,NA,NA
1103,NA,NA,MT,2022-12-14,NA,NA,NA,NA,NA,NA,NA,NA,NA,NA,NA,NA,NA,NA
1104,NA,NA,MT,2022-12-15,NA,NA,NA,NA,NA,NA,NA,NA,NA,NA,NA,NA,NA,NA
1105,NA,NA,MT,2022-12-16,NA,NA,NA,NA,NA,NA,NA,NA,NA,NA,NA,NA,NA,NA
1106,NA,NA,MT,2022-12-17,NA,NA,NA,NA,NA,NA,NA,NA,NA,NA,NA,NA,NA,NA
1107,NA,NA,MT,2022-12-18,NA,NA,NA,NA,NA,NA,NA,NA,NA,NA,NA,NA,NA,NA
1108,NA,NA,MT,2022-12-19,NA,NA,NA,NA,NA,NA,NA,NA,NA,NA,NA,NA,NA,NA
1109,NA,NA,MT,2022-12-20,NA,NA,NA,NA,NA,NA,NA,NA,NA,NA,NA,NA,NA,NA
1110,NA,NA,MT,2022-12-21,NA,NA,NA,NA,NA,NA,NA,NA,NA,NA,NA,NA,NA,NA
1111,NA,NA,MT,2022-12-22,NA,NA,NA,NA,NA,NA,NA,NA,NA,NA,NA,NA,NA,NA
1112,NA,NA,MT,2022-12-23,NA,NA,NA,NA,NA,NA,NA,NA,NA,NA,NA,NA,NA,NA
1113,0.134049965906508,0.079031291681345,MT,2022-12-24,1,1,1,1,1,1,1,1,1,1,1,1,1,1
1114,NA,NA,MT,2022-12-25,NA,NA,NA,NA,NA,NA,NA,NA,NA,NA,NA,NA,NA,NA
1115,NA,NA,MT,2022-12-26,NA,NA,NA,NA,NA,NA,NA,NA,NA,NA,NA,NA,NA,NA
1116,NA,NA,MT,2022-12-27,NA,NA,NA,NA,NA,NA,NA,NA,NA,NA,NA,NA,NA,NA
1117,NA,NA,MT,2022-12-28,NA,NA,NA,NA,NA,NA,NA,NA,NA,NA,NA,NA,NA,NA
1118,NA,NA,MT,2022-12-29,NA,NA,NA,NA,NA,NA,NA,NA,NA,NA,NA,NA,NA,NA
1119,NA,NA,MT,2022-12-30,NA,NA,NA,NA,NA,NA,NA,NA,NA,NA,NA,NA,NA,NA
1120,NA,NA,MT,2022-12-31,NA,NA,NA,NA,NA,NA,NA,NA,NA,NA,NA,NA,NA,NA
1121,NA,NA,MT,2023-01-01,NA,NA,NA,NA,NA,NA,NA,NA,NA,NA,NA,NA,NA,NA
1122,NA,NA,MT,2023-01-02,NA,NA,NA,NA,NA,NA,NA,NA,NA,NA,NA,NA,NA,NA
1123,NA,NA,MT,2023-01-03,NA,NA,NA,NA,NA,NA,NA,NA,NA,NA,NA,NA,NA,NA
1124,NA,NA,MT,2023-01-04,NA,NA,NA,NA,NA,NA,NA,NA,NA,NA,NA,NA,NA,NA
1125,0.475636394463856,0.375153964715515,MT,2023-01-05,1,1,1,1,1,1,1,1,1,1,0,1,0,1
1126,NA,NA,MT,2023-01-06,NA,NA,NA,NA,NA,NA,NA,NA,NA,NA,NA,NA,NA,NA
1127,NA,NA,MT,2023-01-07,NA,NA,NA,NA,NA,NA,NA,NA,NA,NA,NA,NA,NA,NA
1128,0.396160392403496,0.3226163516064945,MT,2023-01-08,1,1,1,1,1,1,1,1,1,1,0,1,0,1
1129,NA,NA,MT,2023-01-09,NA,NA,NA,NA,NA,NA,NA,NA,NA,NA,NA,NA,NA,NA
1130,NA,NA,MT,2023-01-10,NA,NA,NA,NA,NA,NA,NA,NA,NA,NA,NA,NA,NA,NA
1131,0.387135037015286,0.2322511641139675,MT,2023-01-11,1,1,1,1,1,1,1,1,1,1,1,1,1,1
1132,NA,NA,MT,2023-01-12,NA,NA,NA,NA,NA,NA,NA,NA,NA,NA,NA,NA,NA,NA
1133,NA,NA,MT,2023-01-13,NA,NA,NA,NA,NA,NA,NA,NA,NA,NA,NA,NA,NA,NA
1134,NA,NA,MT,2023-01-14,NA,NA,NA,NA,NA,NA,NA,NA,NA,NA,NA,NA,NA,NA
1135,3.20267246953245,0.2301906838352625,NC,2022-12-04,1,0,1,0,0,1,1,0,0,1,0,0,1,0
1136,2.95587397894238,0.2545711149873755,NC,2022-12-05,1,1,0,0,0,1,1,0,0,0,0,0,0,0
1137,8.31613397638177,0.315799797839555,NC,2022-12-06,0,0,1,0,1,0,0,0,0,0,0,0,0,0
1138,3.35803141391126,0.2830657728720115,NC,2022-12-07,1,0,1,1,1,1,1,0,0,0,0,0,0,0
1139,3.53966242997293,0.2397875942438155,NC,2022-12-08,1,1,1,0,1,1,1,0,0,0,0,0,1,1
1140,4.66781405232673,0.289246284463089,NC,2022-12-09,0,0,0,0,1,1,1,0,0,0,1,1,0,1
1141,3.96347405983183,0.304246321767883,NC,2022-12-10,1,0,1,0,1,1,1,0,0,0,0,1,0,1
1142,5.9626132563417,0.306524908917868,NC,2022-12-11,1,0,1,0,0,1,1,0,0,0,0,0,0,0
1143,7.89248657007526,0.3103326773311325,NC,2022-12-12,0,0,0,0,1,1,0,0,0,0,0,0,0,0
1144,2.67044328899713,0.2550612555716415,NC,2022-12-13,1,1,0,1,1,1,1,0,0,0,0,1,1,1
1145,4.42030493259014,0.2913423950461815,NC,2022-12-14,0,0,1,0,1,1,1,0,1,0,1,0,0,0
1146,9.1882678487154,0.325563629139825,NC,2022-12-15,0,0,0,0,1,0,1,0,0,0,0,1,0,0
1147,4.63553688241513,0.2681402366083955,NC,2022-12-16,0,0,0,0,0,1,1,0,0,0,0,0,0,0
1148,5.04551246732522,0.2649910981474515,NC,2022-12-17,1,0,1,0,0,1,1,0,0,1,0,0,1,1
1149,8.5987193716304,0.2607733455119615,NC,2022-12-18,1,0,1,0,0,1,1,1,0,0,0,0,0,1
1150,7.28035636442728,0.2694948973761535,NC,2022-12-19,1,0,0,0,1,0,0,0,0,0,0,0,0,0
1151,17.3481433266904,0.339272319575273,NC,2022-12-20,1,0,1,0,1,1,0,0,0,0,0,1,0,0
1152,13.0307975360532,0.316641980345712,NC,2022-12-21,1,0,1,0,1,1,0,0,0,0,0,1,0,0
1153,9.06530942084198,0.254841195199182,NC,2022-12-22,1,0,0,0,0,0,1,0,0,0,0,0,0,0
1154,8.83708673899474,0.2541793410243055,NC,2022-12-23,1,0,1,1,0,0,1,1,0,0,0,0,0,0
1155,2.76446837893685,0.295517700713568,NC,2022-12-24,1,0,1,1,1,1,0,0,0,1,0,0,1,0
1156,2.02383682138581,0.371693729157674,NC,2022-12-25,1,1,1,0,0,1,1,1,0,1,0,0,1,1
1157,9.99888597523653,0.2559594891611385,NC,2022-12-26,0,0,0,1,1,0,0,1,0,1,0,0,0,0
1158,20.7032437013049,0.3385447142211335,NC,2022-12-27,1,0,0,0,1,0,0,0,0,0,0,0,1,0
1159,11.9733123408818,0.329978663935534,NC,2022-12-28,1,0,1,0,1,1,0,0,0,1,0,0,0,0
1160,14.3280870934192,0.31690334840667,NC,2022-12-29,1,0,0,0,1,0,0,0,0,0,0,1,0,0
1161,26.5146092650692,0.304296711708474,NC,2022-12-30,0,0,0,0,0,0,0,0,0,0,1,0,0,0
1162,5.93288849380794,0.285622053195203,NC,2022-12-31,1,0,1,1,1,0,0,1,0,0,0,1,0,0
1163,1.04862426849117,0.205418122934356,NC,2023-01-01,1,1,1,1,1,1,1,1,0,1,0,0,0,1
1164,19.3171735817632,0.318781956738367,NC,2023-01-02,1,0,0,1,1,0,0,1,0,1,1,0,0,0
1165,22.0837989917558,0.3129360561344025,NC,2023-01-03,1,0,0,1,1,0,0,1,0,0,1,0,0,0
1166,18.5902460750826,0.3227311870143125,NC,2023-01-04,1,0,0,1,1,0,0,1,0,0,0,0,0,0
1167,11.4913082547584,0.29688563540542,NC,2023-01-05,1,0,1,1,1,0,0,0,0,0,0,1,0,0
1168,22.5334737134714,0.310465770861541,NC,2023-01-06,1,0,0,0,1,0,0,1,0,0,0,0,0,0
1169,10.4595892056573,0.3214269350424745,NC,2023-01-07,1,1,0,0,1,0,0,1,1,0,0,0,0,0
1170,8.790146486632,0.316434471717494,NC,2023-01-08,1,0,0,0,1,0,0,0,0,0,0,0,0,0
1171,22.497075367485,0.349282137812838,NC,2023-01-09,1,0,0,0,1,0,0,0,0,0,0,0,0,0
1172,3.66256622316096,0.29805011968281,NC,2023-01-10,1,0,1,1,0,1,0,1,0,0,0,0,0,0
1173,27.1746100018164,0.333950388290601,NC,2023-01-11,1,0,0,0,0,0,0,1,0,0,0,0,0,0
1174,14.394047322957,0.397665112381541,NC,2023-01-12,1,0,1,0,0,0,0,1,0,1,0,0,0,0
1175,8.38985876372787,0.337636673137689,NC,2023-01-13,1,0,1,0,0,0,0,0,0,0,0,0,0,0
1176,6.95416225275682,0.3119082800435415,NC,2023-01-14,1,0,1,0,1,0,1,1,0,1,0,1,0,1
1177,NA,NA,ND,2022-12-04,NA,NA,NA,NA,NA,NA,NA,NA,NA,NA,NA,NA,NA,NA
1178,0.898100008084368,0.3063390146749705,ND,2022-12-05,1,1,1,1,1,1,1,1,0,1,1,0,1,1
1179,2.24788494274985,0.2471506206925215,ND,2022-12-06,1,0,1,0,1,1,1,1,0,1,0,0,1,1
1180,0.849358127192996,0.258059634420337,ND,2022-12-07,1,0,1,1,1,1,1,1,0,1,0,1,1,1
1181,0.923763228668418,0.32437010915162,ND,2022-12-08,1,1,1,1,1,0,1,1,0,1,1,1,0,1
1182,0.207013741554042,0.2540969998301015,ND,2022-12-09,1,1,1,1,1,1,1,1,0,1,1,0,1,1
1183,NA,NA,ND,2022-12-10,NA,NA,NA,NA,NA,NA,NA,NA,NA,NA,NA,NA,NA,NA
1184,NA,NA,ND,2022-12-11,NA,NA,NA,NA,NA,NA,NA,NA,NA,NA,NA,NA,NA,NA
1185,1.06518088553283,0.28191140769756,ND,2022-12-12,1,1,1,1,1,1,0,1,0,0,1,1,1,0
1186,NA,NA,ND,2022-12-13,NA,NA,NA,NA,NA,NA,NA,NA,NA,NA,NA,NA,NA,NA
1187,NA,NA,ND,2022-12-14,NA,NA,NA,NA,NA,NA,NA,NA,NA,NA,NA,NA,NA,NA
1188,NA,NA,ND,2022-12-15,NA,NA,NA,NA,NA,NA,NA,NA,NA,NA,NA,NA,NA,NA
1189,NA,NA,ND,2022-12-16,NA,NA,NA,NA,NA,NA,NA,NA,NA,NA,NA,NA,NA,NA
1190,NA,NA,ND,2022-12-17,NA,NA,NA,NA,NA,NA,NA,NA,NA,NA,NA,NA,NA,NA
1191,NA,NA,ND,2022-12-18,NA,NA,NA,NA,NA,NA,NA,NA,NA,NA,NA,NA,NA,NA
1192,0.945932847009516,0.424073139285281,ND,2022-12-19,1,1,1,1,1,1,0,1,0,1,0,1,1,0
1193,1.2534122325481,0.120625543931342,ND,2022-12-20,1,1,1,0,1,1,1,1,0,1,0,1,1,1
1194,NA,NA,ND,2022-12-21,NA,NA,NA,NA,NA,NA,NA,NA,NA,NA,NA,NA,NA,NA
1195,0.634237447356673,0.470962093439047,ND,2022-12-22,1,1,1,1,1,1,1,1,0,1,1,1,0,1
1196,NA,NA,ND,2022-12-23,NA,NA,NA,NA,NA,NA,NA,NA,NA,NA,NA,NA,NA,NA
1197,NA,NA,ND,2022-12-24,NA,NA,NA,NA,NA,NA,NA,NA,NA,NA,NA,NA,NA,NA
1198,0.164031661120933,0.0990129008280435,ND,2022-12-25,1,1,1,1,1,1,1,1,1,1,1,1,1,1
1199,0.147478899489474,0.096893761401991,ND,2022-12-26,1,1,1,1,1,1,1,1,0,1,0,1,1,1
1200,NA,NA,ND,2022-12-27,NA,NA,NA,NA,NA,NA,NA,NA,NA,NA,NA,NA,NA,NA
1201,1.53811245035028,0.54128282071917,ND,2022-12-28,1,0,1,0,1,1,1,1,0,1,0,1,1,1
1202,0.500268870874894,0.3233325591844665,ND,2022-12-29,1,1,1,1,1,1,1,1,0,1,0,1,1,1
1203,NA,NA,ND,2022-12-30,NA,NA,NA,NA,NA,NA,NA,NA,NA,NA,NA,NA,NA,NA
1204,NA,NA,ND,2022-12-31,NA,NA,NA,NA,NA,NA,NA,NA,NA,NA,NA,NA,NA,NA
1205,0.159700462380394,0.1021624471232585,ND,2023-01-01,1,1,1,1,1,1,1,1,1,1,0,0,1,1
1206,0.438551587304079,0.106332176744661,ND,2023-01-02,1,1,1,1,1,1,1,1,1,1,1,1,1,1
1207,1.44385382104901,0.1115070503914145,ND,2023-01-03,1,1,1,0,1,1,1,1,1,1,1,1,1,1
1208,0.631639771105957,0.3591404282916355,ND,2023-01-04,1,0,1,1,1,1,1,1,0,1,0,1,1,1
1209,0.43381010837211,0.288105274077605,ND,2023-01-05,1,1,1,1,1,1,1,1,1,1,0,1,0,1
1210,NA,NA,ND,2023-01-06,NA,NA,NA,NA,NA,NA,NA,NA,NA,NA,NA,NA,NA,NA
1211,NA,NA,ND,2023-01-07,NA,NA,NA,NA,NA,NA,NA,NA,NA,NA,NA,NA,NA,NA
1212,NA,NA,ND,2023-01-08,NA,NA,NA,NA,NA,NA,NA,NA,NA,NA,NA,NA,NA,NA
1213,0.359296849278368,0.2671292866978085,ND,2023-01-09,1,1,1,1,1,1,1,1,1,1,0,1,0,1
1214,0.701577888201589,0.2925085444408875,ND,2023-01-10,1,1,1,1,1,1,1,1,1,1,0,1,0,1
1215,0.27813117500668,0.18784236204616,ND,2023-01-11,1,1,1,1,1,1,1,1,1,1,1,1,1,1
1216,1.0991520920456,0.201129006063474,ND,2023-01-12,1,1,1,0,1,1,1,1,1,0,0,1,0,1
1217,0.314177074547899,0.2150229934962115,ND,2023-01-13,1,1,1,1,1,1,1,1,1,1,1,1,1,1
1218,NA,NA,ND,2023-01-14,NA,NA,NA,NA,NA,NA,NA,NA,NA,NA,NA,NA,NA,NA
1219,0.38153589681789,0.2626151277013145,NE,2022-12-04,1,1,1,1,1,1,1,1,0,1,0,1,1,1
1220,0.529705222418161,0.2544446815771425,NE,2022-12-05,1,1,1,1,1,1,1,1,0,0,0,1,0,1
1221,0.690366344834061,0.262218601876446,NE,2022-12-06,1,1,1,1,1,1,1,1,0,1,0,1,1,1
1222,1.19338817714451,0.20794624374197,NE,2022-12-07,1,0,1,0,1,1,1,1,0,1,0,1,1,1
1223,0.682829730754105,0.196301271496867,NE,2022-12-08,1,1,1,1,1,1,1,1,1,1,0,0,1,1
1224,NA,NA,NE,2022-12-09,NA,NA,NA,NA,NA,NA,NA,NA,NA,NA,NA,NA,NA,NA
1225,0.511791202597711,0.3488631793921815,NE,2022-12-10,1,1,1,1,1,1,1,1,1,1,1,1,1,1
1226,0.255673210045352,0.2640893200491245,NE,2022-12-11,1,1,1,1,1,1,1,1,1,1,1,1,1,1
1227,1.35865848958275,0.154631268602781,NE,2022-12-12,1,0,1,0,1,1,1,1,0,1,0,1,0,1
1228,0.287153054196382,0.22838228765644,NE,2022-12-13,1,1,1,1,1,1,1,1,0,1,0,1,1,1
1229,NA,NA,NE,2022-12-14,NA,NA,NA,NA,NA,NA,NA,NA,NA,NA,NA,NA,NA,NA
1230,0.290871603733931,0.2273385928965825,NE,2022-12-15,1,1,1,1,1,1,1,1,0,1,0,1,1,1
1231,0.339098093235798,0.280240216639704,NE,2022-12-16,1,1,1,1,1,1,1,1,0,1,0,1,1,1
1232,0.860943038990311,0.402203059464429,NE,2022-12-17,1,1,0,1,1,1,1,1,0,0,1,1,1,1
1233,0.299246068394977,0.228136594561058,NE,2022-12-18,1,1,1,1,1,1,1,1,1,0,0,1,1,1
1234,0.751047295076984,0.250515313563904,NE,2022-12-19,1,1,1,1,1,1,1,1,0,1,0,1,0,1
1235,0.97197547596567,0.1768569157234225,NE,2022-12-20,1,1,1,1,1,1,1,1,0,1,0,1,0,1
1236,2.01467809204842,0.51397630968222,NE,2022-12-21,1,1,1,0,1,1,0,1,1,1,0,1,0,0
1237,1.38798621186451,0.390085063549115,NE,2022-12-22,1,1,1,0,1,1,0,1,0,1,1,1,0,0
1238,1.02737135217604,0.7235420884247,NE,2022-12-23,0,1,1,1,1,1,1,0,1,1,1,1,0,1
1239,NA,NA,NE,2022-12-24,NA,NA,NA,NA,NA,NA,NA,NA,NA,NA,NA,NA,NA,NA
1240,NA,NA,NE,2022-12-25,NA,NA,NA,NA,NA,NA,NA,NA,NA,NA,NA,NA,NA,NA
1241,0.101638255826077,0.0765902032890765,NE,2022-12-26,1,1,1,1,1,1,1,1,0,1,0,1,1,1
1242,0.917612499049107,0.24068877289094,NE,2022-12-27,1,1,1,1,1,1,0,1,0,1,0,1,0,0
1243,NA,NA,NE,2022-12-28,NA,NA,NA,NA,NA,NA,NA,NA,NA,NA,NA,NA,NA,NA
1244,0.297851734833278,0.073055886571822,NE,2022-12-29,1,1,1,1,1,1,1,1,1,1,1,1,1,1
1245,0.882524883831867,0.608547048814335,NE,2022-12-30,1,0,1,1,1,1,1,1,0,1,0,1,1,1
1246,2.14862556671764,0.54323700630319,NE,2022-12-31,1,1,1,0,1,1,0,1,0,0,0,1,0,0
1247,NA,NA,NE,2023-01-01,NA,NA,NA,NA,NA,NA,NA,NA,NA,NA,NA,NA,NA,NA
1248,0.58943517191058,0.2605344441344055,NE,2023-01-02,1,1,1,1,1,1,1,1,0,1,0,1,1,1
1249,0.118642222295666,0.0762740072663965,NE,2023-01-03,1,1,1,1,1,1,1,1,1,1,0,0,1,1
1250,0.921584373475653,0.64528695810982,NE,2023-01-04,1,0,1,1,1,1,1,1,0,1,1,1,0,1
1251,1.0277519877508,0.7392426267943,NE,2023-01-05,0,1,1,1,1,1,1,0,1,1,0,1,1,1
1252,NA,NA,NE,2023-01-06,NA,NA,NA,NA,NA,NA,NA,NA,NA,NA,NA,NA,NA,NA
1253,1.0175454670517,0.722283347853945,NE,2023-01-07,1,1,0,1,1,1,1,1,1,0,1,1,0,1
1254,NA,NA,NE,2023-01-08,NA,NA,NA,NA,NA,NA,NA,NA,NA,NA,NA,NA,NA,NA
1255,0.182554040420466,0.09546879895758,NE,2023-01-09,1,1,1,1,1,1,1,1,1,1,0,1,0,1
1256,NA,NA,NE,2023-01-10,NA,NA,NA,NA,NA,NA,NA,NA,NA,NA,NA,NA,NA,NA
1257,0.199519483716228,0.106079390364732,NE,2023-01-11,1,1,1,1,1,1,1,1,1,1,0,1,0,1
1258,NA,NA,NE,2023-01-12,NA,NA,NA,NA,NA,NA,NA,NA,NA,NA,NA,NA,NA,NA
1259,1.06349731897519,0.4388375592561265,NE,2023-01-13,1,1,1,1,1,0,1,1,1,1,1,1,1,1
1260,NA,NA,NE,2023-01-14,NA,NA,NA,NA,NA,NA,NA,NA,NA,NA,NA,NA,NA,NA
1261,0.915126493878976,0.3798427812993575,NH,2022-12-04,1,1,1,1,1,1,1,1,1,1,1,1,1,1
1262,0.520310594558181,0.3198533428557205,NH,2022-12-05,1,1,1,1,1,1,1,1,1,1,1,1,0,0
1263,0.844201696626407,0.410652289290853,NH,2022-12-06,1,1,0,1,1,1,1,1,1,0,1,0,1,1
1264,0.982334770992051,0.2942419480702885,NH,2022-12-07,1,1,1,1,1,1,1,1,0,0,0,1,0,1
1265,0.65563144382658,0.477025197134078,NH,2022-12-08,1,1,1,1,1,0,1,1,1,1,0,1,0,1
1266,0.475869708563392,0.311866399017581,NH,2022-12-09,1,1,1,1,1,1,1,1,1,1,1,1,1,1
1267,NA,NA,NH,2022-12-10,NA,NA,NA,NA,NA,NA,NA,NA,NA,NA,NA,NA,NA,NA
1268,0.520624606820583,0.3633218094221075,NH,2022-12-11,1,1,1,1,1,1,1,1,0,1,0,1,1,1
1269,0.894512790313076,0.64185119271543,NH,2022-12-12,1,1,0,1,1,1,1,1,1,1,1,1,1,1
1270,NA,NA,NH,2022-12-13,NA,NA,NA,NA,NA,NA,NA,NA,NA,NA,NA,NA,NA,NA
1271,0.324136249493326,0.274895005097108,NH,2022-12-14,1,1,1,1,1,1,1,1,0,1,1,1,0,1
1272,3.52212721096604,0.340793333827633,NH,2022-12-15,1,1,1,0,0,0,1,1,0,0,0,0,0,1
1273,0.287052029660293,0.2655931741787405,NH,2022-12-16,1,1,1,1,1,1,1,1,1,1,0,1,0,1
1274,0.555324368759072,0.2600157108034305,NH,2022-12-17,1,1,1,1,1,1,1,1,0,1,0,1,1,1
1275,0.424901030354685,0.274740954016184,NH,2022-12-18,1,1,1,1,1,1,1,1,1,1,1,1,1,1
1276,2.12751846984116,0.3989710639640265,NH,2022-12-19,1,0,1,0,1,1,1,1,0,1,0,1,1,1
1277,0.964140110153126,0.679306587275685,NH,2022-12-20,1,1,0,1,1,1,1,1,1,1,1,1,1,1
1278,NA,NA,NH,2022-12-21,NA,NA,NA,NA,NA,NA,NA,NA,NA,NA,NA,NA,NA,NA
1279,5.21281899244221,0.4286761031769845,NH,2022-12-22,1,0,1,0,1,0,1,1,0,1,0,1,0,1
1280,2.0032759695524,0.4553623515930265,NH,2022-12-23,1,0,1,1,1,0,1,1,0,0,0,1,0,1
1281,NA,NA,NH,2022-12-24,NA,NA,NA,NA,NA,NA,NA,NA,NA,NA,NA,NA,NA,NA
1282,NA,NA,NH,2022-12-25,NA,NA,NA,NA,NA,NA,NA,NA,NA,NA,NA,NA,NA,NA
1283,1.94108854525061,0.386448000447608,NH,2022-12-26,1,1,1,0,1,0,1,1,1,1,0,1,0,1
1284,NA,NA,NH,2022-12-27,NA,NA,NA,NA,NA,NA,NA,NA,NA,NA,NA,NA,NA,NA
1285,1.10656230537996,0.768296731532635,NH,2022-12-28,1,1,0,1,1,1,1,1,1,0,1,1,0,1
1286,2.57289497868059,0.3234853070178135,NH,2022-12-29,1,0,1,1,1,0,1,1,0,1,0,1,1,1
1287,NA,NA,NH,2022-12-30,NA,NA,NA,NA,NA,NA,NA,NA,NA,NA,NA,NA,NA,NA
1288,3.04739940753721,0.613582109370165,NH,2022-12-31,1,0,0,1,1,0,1,1,0,0,0,1,0,1
1289,NA,NA,NH,2023-01-01,NA,NA,NA,NA,NA,NA,NA,NA,NA,NA,NA,NA,NA,NA
1290,1.43408103412504,0.3544897214458635,NH,2023-01-02,1,1,1,0,1,0,1,1,1,1,0,1,0,1
1291,NA,NA,NH,2023-01-03,NA,NA,NA,NA,NA,NA,NA,NA,NA,NA,NA,NA,NA,NA
1292,1.84923429060777,0.786657339608845,NH,2023-01-04,1,1,1,0,0,0,1,1,1,1,0,0,0,1
1293,1.91867140621095,0.804019948139545,NH,2023-01-05,1,0,1,0,1,0,1,1,0,1,0,1,0,1
1294,4.28137492011214,0.2643470425945235,NH,2023-01-06,1,0,1,0,1,0,1,1,0,1,0,1,0,1
1295,NA,NA,NH,2023-01-07,NA,NA,NA,NA,NA,NA,NA,NA,NA,NA,NA,NA,NA,NA
1296,1.19029459753673,0.454748295344861,NH,2023-01-08,1,1,1,1,1,0,0,1,1,1,1,0,1,0
1297,3.14554081424642,0.387761795672611,NH,2023-01-09,1,0,1,0,0,0,1,1,0,1,1,0,0,1
1298,2.1019817067143,0.875086099267785,NH,2023-01-10,1,1,0,0,1,0,1,1,1,0,0,1,0,1
1299,0.00529195886071375,0.00604691911301755,NH,2023-01-11,1,1,1,1,1,1,1,1,1,1,1,1,1,1
1300,2.65244998271285,0.335441865258953,NH,2023-01-12,1,1,1,0,1,0,0,1,1,1,0,1,0,0
1301,1.07671191591294,0.1591285766620955,NH,2023-01-13,1,1,0,1,1,1,1,1,1,0,1,1,0,1
1302,1.16760604089849,0.4458134563658085,NH,2023-01-14,1,1,1,0,1,0,1,1,1,1,0,1,0,1
1303,5.3705184269529,0.257715025357697,NJ,2022-12-04,1,0,1,0,1,1,1,0,0,1,0,0,0,1
1304,6.28943535604583,0.250259491645523,NJ,2022-12-05,1,1,1,0,0,1,0,0,0,0,1,0,0,0
1305,4.79721076165691,0.1720432399077955,NJ,2022-12-06,1,0,1,0,0,0,1,0,0,1,0,0,0,1
1306,0.965570424772557,0.221999650686138,NJ,2022-12-07,1,1,1,1,1,0,1,1,0,1,0,1,0,0
1307,0.559782672466192,0.173196049170918,NJ,2022-12-08,1,1,1,1,1,1,1,1,0,1,0,1,1,1
1308,6.14011257111392,0.2690206557706975,NJ,2022-12-09,1,0,1,0,1,1,1,0,0,0,0,1,0,0
1309,3.31518340833036,0.203644243697431,NJ,2022-12-10,1,0,1,1,0,0,0,1,0,0,0,0,0,0
1310,7.43943358912805,0.268900722791359,NJ,2022-12-11,1,0,0,0,0,0,1,1,0,0,0,0,0,0
1311,14.6023975054926,0.272842270199671,NJ,2022-12-12,1,0,0,0,1,0,1,0,0,0,0,0,0,0
1312,9.67127527319277,0.1995287052565025,NJ,2022-12-13,1,0,1,0,0,0,0,0,0,0,0,0,0,0
1313,0.0918521949629209,0.060596679720722,NJ,2022-12-14,1,1,1,1,1,1,1,1,1,1,1,1,1,1
1314,2.1712454716614,0.4191861887571065,NJ,2022-12-15,1,1,1,0,1,0,1,1,0,1,0,0,0,1
1315,4.80194013356992,0.2891725954577335,NJ,2022-12-16,1,1,0,0,1,0,1,0,1,0,0,0,0,1
1316,8.62745286238829,0.2870063151827045,NJ,2022-12-17,1,0,0,1,0,0,0,1,0,0,0,0,0,1
1317,4.85479969040461,0.315200710001551,NJ,2022-12-18,1,0,0,0,1,1,0,0,0,0,0,0,0,0
1318,9.66676152725615,0.299515395284754,NJ,2022-12-19,1,0,0,1,0,0,0,0,0,0,0,0,0,0
1319,11.3765226801526,0.2404008014796735,NJ,2022-12-20,1,0,0,0,0,0,1,1,0,1,0,0,0,1
1320,0.81674534995518,0.327795813182503,NJ,2022-12-21,1,1,1,1,1,0,1,1,1,1,0,1,0,1
1321,0.479992280986969,0.270850093269075,NJ,2022-12-22,1,1,1,1,1,1,1,1,1,1,0,1,0,1
1322,16.8657766909854,0.3612790712183645,NJ,2022-12-23,0,0,1,0,1,0,1,0,0,0,0,0,0,0
1323,10.4913792409192,0.3113494405768545,NJ,2022-12-24,0,0,1,0,1,0,0,0,0,0,0,0,0,0
1324,1.96969655099141,0.2685453217395695,NJ,2022-12-25,1,0,1,0,1,0,1,1,0,1,0,0,0,1
1325,28.3609942073482,0.304429227306534,NJ,2022-12-26,1,0,1,0,1,0,0,0,0,1,0,1,0,0
1326,27.2449685170813,0.2778132241547965,NJ,2022-12-27,1,1,0,0,0,0,1,1,0,0,0,0,0,1
1327,35.0143692357961,0.356378901794659,NJ,2022-12-28,1,0,0,0,0,0,0,1,0,0,0,1,0,0
1328,1.18843797308256,0.3299157990700235,NJ,2022-12-29,1,0,1,1,1,1,1,1,0,1,0,0,0,1
1329,4.23626428991165,0.2630114177696505,NJ,2022-12-30,1,0,1,0,1,0,1,1,0,0,0,0,0,1
1330,12.4893694875812,0.352107178412093,NJ,2022-12-31,1,0,0,1,1,0,0,1,0,0,0,0,0,0
1331,2.7512771320136298,0.279032041896881,NJ,2023-01-01,1,1,1,0,1,0,1,1,0,1,0,1,1,1
1332,4.86023742206329,0.280013547161525,NJ,2023-01-02,1,0,0,1,0,1,0,1,1,0,0,0,0,0
1333,41.4260539469684,0.51668102035109,NJ,2023-01-03,0,0,0,0,0,0,0,0,0,0,0,0,0,0
1334,25.7831306680278,0.4701385169135395,NJ,2023-01-04,1,0,0,0,1,0,0,1,0,0,0,1,0,0
1335,2.34479060642715,0.340305825396973,NJ,2023-01-05,1,0,1,1,1,0,0,1,0,1,1,1,0,0
1336,6.91199944887955,0.2286761681060965,NJ,2023-01-06,0,0,0,1,1,0,0,1,1,0,0,0,0,0
1337,2.84541982762525,0.213064149239944,NJ,2023-01-07,1,0,1,1,1,1,0,1,0,1,0,0,0,0
1338,5.43006208685364,0.2158255562140765,NJ,2023-01-08,1,0,1,1,1,0,1,1,0,1,0,1,0,1
1339,10.431254296871,0.21375075587389,NJ,2023-01-09,1,0,0,1,0,0,0,1,0,0,1,0,0,0
1340,7.02926054108499,0.2249985280448305,NJ,2023-01-10,1,0,0,1,0,0,0,1,0,0,0,0,0,0
1341,1.28634582121809,0.2911928895697215,NJ,2023-01-11,1,1,1,0,1,0,1,1,1,1,0,1,0,1
1342,2.73678295253206,0.262420167976781,NJ,2023-01-12,1,0,1,0,1,0,1,1,0,1,0,0,0,1
1343,7.83849582743499,0.2009739622711725,NJ,2023-01-13,0,0,1,1,0,0,0,0,0,1,0,0,0,0
1344,13.9315532008143,0.2570461943593235,NJ,2023-01-14,1,0,0,0,0,0,0,1,0,0,0,0,0,0
1345,2.81554019611477,0.306318090729437,NM,2022-12-04,1,0,1,0,1,1,0,1,0,1,0,1,1,0
1346,7.0176584323768,0.2979761664708695,NM,2022-12-05,1,0,0,0,1,1,1,1,0,0,0,1,1,1
1347,5.37586064103601,0.3004997037544935,NM,2022-12-06,0,0,1,0,1,1,1,0,0,1,0,1,1,1
1348,6.64246391686348,0.347291621336589,NM,2022-12-07,1,0,1,0,1,0,1,1,0,0,0,1,0,1
1349,1.68982883818978,0.2359419762285345,NM,2022-12-08,1,0,1,1,1,1,1,1,0,0,0,0,1,1
1350,3.17086934842034,0.2341665891745235,NM,2022-12-09,1,0,1,0,1,1,1,1,0,0,0,1,1,1
1351,1.71720866577235,0.266830611798446,NM,2022-12-10,1,1,0,1,0,1,0,1,0,1,0,0,1,0
1352,1.55081163764245,0.2670730156882575,NM,2022-12-11,1,1,0,0,0,1,1,1,0,0,0,0,1,0
1353,1.71386225719772,0.2281402409302245,NM,2022-12-12,1,1,1,1,0,1,1,1,0,0,0,0,1,1
1354,2.64681132212572,0.2777070806055025,NM,2022-12-13,1,0,0,0,1,1,1,1,0,0,0,1,1,1
1355,2.09487775394437,0.3008916748359965,NM,2022-12-14,1,0,0,0,1,1,1,1,0,0,0,1,1,1
1356,2.87150686973294,0.3219612756285775,NM,2022-12-15,1,0,1,0,1,1,0,1,0,1,0,1,0,0
1357,0.81655359404748,0.175701547544818,NM,2022-12-16,1,1,1,1,1,0,1,1,0,1,0,1,0,0
1358,5.04818203959699,0.325319438063165,NM,2022-12-17,1,1,1,0,0,1,1,1,0,0,1,0,1,1
1359,1.72076790220894,0.279066325825846,NM,2022-12-18,1,0,1,0,0,1,1,1,0,1,0,0,1,1
1360,6.03908534720734,0.305783197510455,NM,2022-12-19,1,0,0,0,1,1,1,1,0,0,0,1,0,1
1361,5.59159731893079,0.316081302248459,NM,2022-12-20,0,0,1,0,0,1,1,1,0,0,0,0,0,1
1362,0.584196002923908,0.132525163584915,NM,2022-12-21,1,1,1,1,1,1,1,1,0,0,0,1,0,1
1363,2.2769001862085,0.365944974309934,NM,2022-12-22,1,0,1,0,1,1,1,1,0,0,0,1,0,1
1364,0.38179399363974,0.125767602924061,NM,2022-12-23,1,1,1,1,1,1,1,1,0,1,1,1,0,1
1365,0.734704622620644,0.213433038426673,NM,2022-12-24,1,1,1,1,1,0,1,1,1,1,0,1,0,1
1366,4.73047799803605,0.56318384605744,NM,2022-12-25,1,0,1,0,1,0,1,1,0,1,0,1,0,1
1367,2.4240953244073,0.2796915723831675,NM,2022-12-26,1,1,0,0,1,1,0,1,0,0,0,1,0,0
1368,5.90838063042545,0.295719042728597,NM,2022-12-27,1,0,1,0,1,1,1,1,0,1,0,1,0,1
1369,6.20781999326134,0.3989203035427905,NM,2022-12-28,1,0,1,0,0,1,0,1,0,1,0,0,0,0
1370,3.96028601591781,0.256015470646645,NM,2022-12-29,1,0,1,0,1,1,1,1,0,1,0,1,0,1
1371,3.36335528719583,0.2544906781381465,NM,2022-12-30,1,0,1,0,0,1,1,1,0,0,0,0,0,0
1372,2.36222784453051,0.252876865394613,NM,2022-12-31,1,1,0,0,1,0,1,1,0,0,0,1,0,1
1373,3.8558580198799,0.3605559752054885,NM,2023-01-01,1,0,1,0,1,1,0,1,0,0,0,1,0,0
1374,14.5000983262349,0.438088770705498,NM,2023-01-02,1,0,0,0,1,1,1,1,0,0,0,1,0,1
1375,7.1401142504386,0.290429792541931,NM,2023-01-03,1,0,0,0,1,1,1,1,0,0,0,0,0,0
1376,8.57244981745882,0.2866795502362545,NM,2023-01-04,1,0,0,0,1,1,1,1,0,0,0,1,0,1
1377,1.58180229814158,0.244264839913822,NM,2023-01-05,1,0,1,1,0,1,1,1,0,1,1,0,0,1
1378,1.72528071877735,0.065941537421569,NM,2023-01-06,1,1,1,0,1,1,1,1,1,1,0,1,0,1
1379,0.994883184471035,0.120672395910442,NM,2023-01-07,1,1,1,1,1,1,1,1,1,0,0,1,1,1
1380,0.846408595678365,0.0842206079553955,NM,2023-01-08,1,1,1,1,1,1,1,1,1,1,1,1,1,1
1381,2.20720635640688,0.2230983203158155,NM,2023-01-09,1,0,0,1,1,0,1,1,0,0,0,1,0,1
1382,4.84207339935382,0.3112985313797615,NM,2023-01-10,1,0,0,1,1,1,1,1,0,0,0,1,0,1
1383,2.7299521092261,0.2665097746463335,NM,2023-01-11,1,0,1,1,1,1,0,1,0,1,1,1,1,0
1384,3.25849036121693,0.303869289370813,NM,2023-01-12,1,0,1,1,1,1,1,1,0,0,0,1,1,1
1385,4.4509841655408,0.2858181621719885,NM,2023-01-13,1,0,1,1,1,0,1,1,0,0,1,1,0,1
1386,2.91959256985437,0.3105803335239975,NM,2023-01-14,1,0,1,1,1,0,1,1,0,1,0,1,0,1
1387,1.00629157968153,0.2232740776552285,NV,2022-12-04,0,1,1,1,1,1,1,0,0,0,0,1,1,1
1388,7.70829562855233,0.2816936356913175,NV,2022-12-05,1,0,1,0,1,1,1,1,0,0,0,1,1,0
1389,2.88691623669417,0.1573343618508005,NV,2022-12-06,1,0,1,0,1,1,1,0,0,0,0,0,1,0
1390,3.18521826206163,0.242362529832145,NV,2022-12-07,1,0,1,0,0,1,1,1,0,0,0,0,1,0
1391,5.6513105218297,0.314582215865887,NV,2022-12-08,1,0,1,0,1,0,0,1,0,0,0,1,0,1
1392,4.44175200103666,0.2925377767823395,NV,2022-12-09,1,1,0,0,0,1,0,0,0,0,0,0,1,0
1393,4.8361558473556,0.273528330133362,NV,2022-12-10,0,0,1,0,1,1,0,0,0,0,0,1,1,0
1394,2.5041976712177,0.2216416881494,NV,2022-12-11,1,1,0,1,1,1,0,1,0,0,1,1,1,0
1395,1.67599484944991,0.1647337242915925,NV,2022-12-12,1,1,1,1,1,0,1,1,0,1,0,1,0,1
1396,3.81164463961975,0.363512963876988,NV,2022-12-13,1,0,1,0,0,1,1,1,0,0,0,0,1,1
1397,2.46844904090824,0.33917310718902,NV,2022-12-14,1,1,1,0,0,0,1,1,1,1,0,0,0,1
1398,0.823620388319735,0.126836093411195,NV,2022-12-15,1,1,1,1,1,1,1,1,0,0,0,1,1,1
1399,0.418291084267926,0.0202063116015257,NV,2022-12-16,1,1,1,1,1,1,1,1,1,1,1,1,1,1
1400,4.19606785458866,0.2869457764738265,NV,2022-12-17,1,0,1,0,1,1,0,1,0,1,0,1,1,0
1401,1.0758172084997,0.1361108236484545,NV,2022-12-18,1,0,1,1,1,1,1,1,1,0,0,1,1,1
1402,4.8559624377928,0.281550824739546,NV,2022-12-19,0,0,1,0,0,1,0,0,0,0,0,0,1,0
1403,0.13903858438648,0.01484399433626675,NV,2022-12-20,1,1,1,1,1,1,1,1,0,0,0,1,1,1
1404,4.70046880213758,0.2462222513689145,NV,2022-12-21,1,0,1,0,1,0,1,1,0,0,0,1,0,1
1405,3.80374748125453,0.211616194617243,NV,2022-12-22,1,0,1,0,1,1,1,1,0,0,0,1,1,1
1406,4.50877803671111,0.2376893382862395,NV,2022-12-23,1,0,1,0,1,1,1,1,0,1,0,1,1,1
1407,0.735796267155619,0.0113858185054277,NV,2022-12-24,1,1,1,1,1,1,1,1,1,0,0,1,0,1
1408,NA,NA,NV,2022-12-25,NA,NA,NA,NA,NA,NA,NA,NA,NA,NA,NA,NA,NA,NA
1409,1.80692175424565,0.2594273201927335,NV,2022-12-26,1,0,1,0,1,0,1,1,0,1,0,1,0,1
1410,8.42345773620464,0.294691909949449,NV,2022-12-27,1,0,0,0,1,1,1,1,0,1,0,1,0,1
1411,1.23553238455299,0.165826411951716,NV,2022-12-28,1,0,1,1,1,1,1,1,0,0,1,1,1,1
1412,1.84598285843617,0.168487588522863,NV,2022-12-29,1,0,1,0,1,1,1,1,0,0,0,1,0,1
1413,3.39441876584972,0.2618923434249415,NV,2022-12-30,1,0,0,0,1,1,1,1,0,0,0,1,1,1
1414,1.9879050899366,0.234025480208669,NV,2022-12-31,1,0,1,0,1,1,1,1,0,0,0,1,1,1
1415,0.0131633866691326,0.00906935869742385,NV,2023-01-01,1,1,1,1,1,1,1,1,1,1,1,1,1,1
1416,3.08119997069177,0.18624566458093,NV,2023-01-02,1,0,1,0,1,1,0,1,0,1,0,1,1,0
1417,1.43644068892052,0.177438013984502,NV,2023-01-03,1,0,1,1,1,1,1,1,0,0,0,1,0,1
1418,3.73948338361819,0.240542808033753,NV,2023-01-04,1,0,1,0,1,1,0,1,0,0,0,1,0,0
1419,7.57122097814398,0.354947360055706,NV,2023-01-05,1,0,1,0,0,0,1,1,0,1,0,0,0,1
1420,6.02736661109201,0.3873373897489085,NV,2023-01-06,1,0,1,0,0,0,1,1,0,0,0,0,0,1
1421,4.46030174716973,0.4013618652404255,NV,2023-01-07,1,1,0,0,0,1,0,1,0,0,0,0,0,0
1422,2.79562040220746,0.2584290100991655,NV,2023-01-08,1,1,1,0,0,0,0,1,1,1,0,0,0,0
1423,2.67125453927017,0.3775330891109765,NV,2023-01-09,1,0,0,0,1,1,1,1,0,0,0,1,0,0
1424,8.06855813796697,0.3973937285942485,NV,2023-01-10,1,0,1,0,1,0,0,1,0,0,0,1,0,0
1425,5.3760658113011,0.2744265562625895,NV,2023-01-11,1,1,1,0,1,0,1,1,0,1,0,1,0,1
1426,5.9175936612056,0.4470836624394465,NV,2023-01-12,1,1,1,0,0,0,0,0,0,1,0,0,0,0
1427,4.69231200178754,0.3466194432375315,NV,2023-01-13,1,1,1,0,0,0,1,1,1,1,0,0,0,1
1428,4.09243572639112,0.351909650753944,NV,2023-01-14,1,0,1,0,1,1,1,1,0,1,0,1,0,1
1429,4.77101536505598,0.283787693208611,NY,2022-12-04,1,1,0,1,1,0,0,0,0,0,0,1,0,0
1430,6.93355713592568,0.2971505067892325,NY,2022-12-05,1,1,0,0,0,0,0,0,0,0,0,0,0,0
1431,6.83549222648102,0.1921958224222055,NY,2022-12-06,1,1,1,0,0,0,1,1,0,0,0,0,0,1
1432,7.90354125138068,0.240992412545772,NY,2022-12-07,1,0,1,1,0,0,1,0,0,0,0,0,0,1
1433,4.78359258491056,0.396076868459839,NY,2022-12-08,0,0,1,0,0,1,1,0,0,0,0,0,0,1
1434,6.91452768630512,0.320220607364868,NY,2022-12-09,1,0,1,0,1,1,0,1,0,0,0,0,0,0
1435,7.93806567963147,0.2737865446363525,NY,2022-12-10,1,0,1,1,0,0,1,0,0,0,0,0,0,1
1436,7.04669269593563,0.3313820031459735,NY,2022-12-11,1,0,1,0,1,1,1,1,0,0,0,0,0,1
1437,3.59787429971898,0.264030683194679,NY,2022-12-12,1,0,0,1,0,1,0,0,0,0,0,0,0,0
1438,2.56430313120265,0.392496927145587,NY,2022-12-13,1,1,1,0,0,1,1,1,0,0,0,0,0,1
1439,3.23478670255459,0.496072469774038,NY,2022-12-14,1,0,1,0,1,1,1,1,0,1,0,1,0,1
1440,3.48074870323895,0.285471317317067,NY,2022-12-15,1,0,1,1,1,0,1,1,0,0,0,0,0,1
1441,12.0634618395756,0.3636295309952705,NY,2022-12-16,1,0,1,0,0,0,0,1,0,0,0,0,0,0
1442,9.8961149972005,0.2897760235899825,NY,2022-12-17,1,0,0,0,0,0,1,1,0,0,0,1,0,1
1443,11.9225428707598,0.3001837426584845,NY,2022-12-18,1,0,0,0,0,0,0,0,0,0,0,0,0,1
1444,21.6589375607293,0.334256270935783,NY,2022-12-19,1,0,1,0,1,0,0,1,0,0,0,0,0,0
1445,23.5603614513587,0.26812767228498,NY,2022-12-20,1,1,0,0,0,0,1,1,0,0,0,0,0,1
1446,2.45451609647416,0.388070251350239,NY,2022-12-21,1,0,0,1,1,0,1,1,0,0,0,1,0,1
1447,1.51528000085712,0.311482979042787,NY,2022-12-22,1,1,1,0,1,1,1,1,0,1,0,1,0,1
1448,11.2219354823221,0.331633783291282,NY,2022-12-23,0,0,1,0,0,1,1,0,0,1,0,0,0,1
1449,7.18257672968883,0.3387150568570775,NY,2022-12-24,1,0,1,0,1,0,1,1,0,0,0,1,0,1
1450,3.29620045074859,0.31181320438276,NY,2022-12-25,1,1,1,0,0,1,0,1,1,0,1,0,0,0
1451,28.7984389693931,0.3310516650610735,NY,2022-12-26,0,0,1,0,1,0,0,0,0,0,0,0,0,0
1452,33.8261781667424,0.4529214430839775,NY,2022-12-27,0,0,1,0,0,0,1,0,0,1,0,0,0,1
1453,35.6622905646519,0.478904212608897,NY,2022-12-28,1,0,0,0,0,0,0,1,0,0,0,0,0,0
1454,4.55862802578672,0.3553155061949235,NY,2022-12-29,1,0,0,0,1,0,1,1,0,0,0,0,0,1
1455,3.72235067012226,0.2270753119988665,NY,2022-12-30,1,0,1,0,1,1,1,1,0,1,0,0,0,1
1456,27.4398366235148,0.364351741444568,NY,2022-12-31,1,0,0,0,1,0,0,1,0,0,0,0,0,0
1457,12.3412910077569,0.4114360985758825,NY,2023-01-01,1,0,0,0,1,0,0,1,0,0,0,0,0,0
1458,21.5077643746775,0.291333716994819,NY,2023-01-02,1,0,0,0,0,0,0,1,0,0,0,1,0,0
1459,51.1572174944261,0.55691813313373,NY,2023-01-03,1,0,0,0,0,0,0,1,0,0,0,0,0,0
1460,11.0743155719741,0.4613793300179595,NY,2023-01-04,0,0,1,0,1,0,1,0,0,1,0,1,0,1
1461,5.87431377790666,0.415418370635627,NY,2023-01-05,1,0,1,0,1,0,1,1,0,1,0,0,0,1
1462,26.5396788030965,0.329864469293397,NY,2023-01-06,0,0,1,0,1,0,0,0,0,1,0,0,0,0
1463,16.4004852877284,0.2443992563165535,NY,2023-01-07,1,0,1,0,1,0,0,1,0,1,0,0,0,0
1464,15.8356307218946,0.234019558779342,NY,2023-01-08,1,0,0,0,0,0,0,1,0,0,0,0,0,0
1465,39.5790514455138,0.278010848235182,NY,2023-01-09,1,0,0,0,0,0,0,1,0,0,0,0,0,0
1466,4.7183440615771,0.32482760590259,NY,2023-01-10,1,1,1,0,1,0,0,1,1,1,0,1,0,0
1467,13.9049934368381,0.60663256714235,NY,2023-01-11,1,0,1,0,1,0,0,1,0,1,0,1,0,0
1468,6.0254177023088,0.2832734017012175,NY,2023-01-12,1,0,1,0,0,0,1,1,0,1,0,0,0,1
1469,13.4497527180466,0.170930891315235,NY,2023-01-13,1,0,1,0,1,0,0,1,0,1,0,0,0,0
1470,10.2186407938946,0.17625277667975,NY,2023-01-14,1,0,0,0,0,0,1,1,0,0,0,0,0,1
1471,1.3589563051504,0.285266790185577,OH,2022-12-04,1,1,1,1,1,1,1,0,0,1,0,1,1,1
1472,1.18488854340955,0.2622120553508925,OH,2022-12-05,1,1,1,1,1,1,1,1,0,1,0,1,1,1
1473,4.98250761324717,0.2990087894210775,OH,2022-12-06,1,0,0,1,1,1,0,1,0,0,0,1,1,1
1474,8.17701235212665,0.3061524321586075,OH,2022-12-07,1,0,1,0,1,1,1,0,0,0,0,0,1,1
1475,2.32365374174238,0.2727213257318445,OH,2022-12-08,0,1,0,1,1,1,1,0,1,0,1,1,0,0
1476,4.04242588929862,0.312952139756544,OH,2022-12-09,1,1,1,0,0,0,1,0,0,0,0,0,0,1
1477,2.16121033745662,0.242529438612374,OH,2022-12-10,1,1,1,1,1,1,1,0,1,0,0,1,0,1
1478,2.17373417809733,0.2845480193802695,OH,2022-12-11,1,1,1,1,1,1,1,0,0,0,0,1,1,0
1479,4.95505962262146,0.250966363134627,OH,2022-12-12,1,0,0,1,1,1,1,0,0,0,0,1,0,1
1480,6.74980294006722,0.3082319659834275,OH,2022-12-13,1,0,1,0,1,1,1,1,0,0,0,1,1,1
1481,1.71308374841234,0.2368072786296345,OH,2022-12-14,1,1,1,1,1,0,1,0,0,0,1,1,0,1
1482,3.8878662617043,0.272945800339554,OH,2022-12-15,1,0,1,0,1,1,1,0,0,0,0,1,0,1
1483,1.41056975735472,0.2869968421135025,OH,2022-12-16,1,1,1,1,1,1,0,0,0,0,0,1,1,0
1484,1.45781428723734,0.2509955120168495,OH,2022-12-17,1,1,1,1,1,1,1,1,0,0,0,1,1,1
1485,1.31328954173195,0.2334161017219,OH,2022-12-18,1,1,1,1,1,1,0,0,0,0,0,1,1,0
1486,13.5598472695914,0.2933323158336145,OH,2022-12-19,1,0,1,0,1,1,1,1,0,1,0,0,0,0
1487,3.41905350157319,0.283878800941838,OH,2022-12-20,1,0,1,0,0,1,1,0,0,0,0,0,1,1
1488,8.46672305827206,0.316723079978412,OH,2022-12-21,1,0,1,0,1,1,1,1,0,0,0,0,0,1
1489,5.78863069044438,0.323667042323863,OH,2022-12-22,1,0,1,0,1,1,0,0,1,0,0,1,0,0
1490,3.06016020545228,0.27990712724365,OH,2022-12-23,0,0,1,0,1,1,1,0,0,1,0,1,1,1
1491,0.995659181962871,0.164352943651089,OH,2022-12-24,1,1,1,1,1,1,0,1,0,0,0,1,0,1
1492,1.29590498018358,0.3540352962173115,OH,2022-12-25,1,0,1,0,1,1,1,1,0,1,0,1,1,1
1493,13.7283306649019,0.3447862241401195,OH,2022-12-26,1,0,1,0,1,1,0,0,0,0,0,1,0,0
1494,8.36786332166823,0.401470849760918,OH,2022-12-27,1,0,1,0,1,1,1,1,0,1,0,0,0,1
1495,15.9142760227873,0.4499729789334305,OH,2022-12-28,1,0,0,0,0,1,0,0,0,1,0,0,0,0
1496,4.05896229675488,0.2721886220561185,OH,2022-12-29,1,0,0,0,1,1,1,0,0,1,0,1,0,1
1497,7.44839346241603,0.3286203235643215,OH,2022-12-30,1,0,0,0,0,1,1,1,0,0,0,0,0,0
1498,7.04263731902567,0.2960624784757745,OH,2022-12-31,1,0,1,0,1,1,1,1,0,1,0,1,0,1
1499,0.0376861467920417,0.02346434722609705,OH,2023-01-01,1,1,1,1,1,1,1,1,1,1,1,1,1,1
1500,8.71505443360188,0.2527204450500255,OH,2023-01-02,1,0,1,0,1,1,0,1,0,0,0,1,0,0
1501,5.66201469177257,0.3189679082373985,OH,2023-01-03,0,0,1,0,0,1,0,0,0,0,0,0,0,0
1502,1.34939475367954,0.269632984192682,OH,2023-01-04,1,0,1,0,1,1,1,1,0,1,0,1,0,1
1503,2.99256846229947,0.2650770571281725,OH,2023-01-05,1,1,1,0,1,0,0,1,1,0,0,1,0,0
1504,1.04009461393407,0.2084036409656545,OH,2023-01-06,1,0,1,1,1,1,1,0,0,1,1,1,0,1
1505,4.13527240212867,0.396316988953563,OH,2023-01-07,1,0,1,0,0,0,1,1,0,0,0,0,0,1
1506,0.884109197320195,0.26814063586189,OH,2023-01-08,1,1,1,1,1,1,1,1,0,1,1,1,0,1
1507,3.41661241623263,0.279656425988379,OH,2023-01-09,0,0,1,0,0,1,1,0,0,1,0,0,0,1
1508,8.71135937685533,0.440237785190826,OH,2023-01-10,1,0,0,0,0,0,0,1,0,1,0,0,0,0
1509,2.98033918661507,0.308589588221507,OH,2023-01-11,1,0,1,0,1,1,1,1,0,0,0,1,1,1
1510,3.97689814362361,0.4474845116763425,OH,2023-01-12,1,0,0,0,1,0,0,1,0,0,0,0,0,0
1511,5.740619198868,0.471516950514912,OH,2023-01-13,1,0,0,0,1,0,1,1,0,0,0,1,0,1
1512,2.5052004248759,0.290878130447932,OH,2023-01-14,1,0,1,0,1,1,1,1,0,0,0,1,1,1
1513,1.05506433369603,0.1774676709758335,OK,2022-12-04,1,1,1,0,1,1,1,1,0,0,0,1,1,1
1514,1.21237411106592,0.2976163691326205,OK,2022-12-05,1,1,1,1,1,1,1,0,0,1,0,1,0,1
1515,1.97511011868531,0.3137690639176655,OK,2022-12-06,1,1,1,1,1,1,0,0,0,1,0,1,1,0
1516,1.70165926338496,0.3293845289156895,OK,2022-12-07,1,1,1,1,1,0,0,1,1,0,0,1,0,0
1517,1.39294494037595,0.2677051206756675,OK,2022-12-08,1,1,1,1,1,1,1,0,0,0,0,0,1,1
1518,1.73772059019399,0.302499440060653,OK,2022-12-09,1,1,1,1,1,1,0,0,0,1,0,1,1,0
1519,3.84282841338271,0.123673679876673,OK,2022-12-10,1,0,1,0,1,1,1,1,0,1,0,1,1,1
1520,1.08231797095546,0.116589244519073,OK,2022-12-11,1,1,1,0,1,1,1,1,0,0,0,1,1,1
1521,2.53325368637443,0.2135222895714015,OK,2022-12-12,1,1,1,0,1,1,1,1,0,0,0,0,1,1
1522,4.53545739409192,0.2884037098865005,OK,2022-12-13,1,0,1,0,1,1,1,0,0,1,0,0,1,1
1523,1.67002504922805,0.230933351993397,OK,2022-12-14,0,1,1,1,1,1,1,1,1,0,0,0,1,1
1524,1.96072932127774,0.241928977502028,OK,2022-12-15,1,0,1,1,1,1,0,1,0,1,0,0,1,0
1525,1.45075604006794,0.2446431007736175,OK,2022-12-16,1,1,0,1,1,1,1,1,1,0,0,0,1,0
1526,2.20747944763383,0.306473933509242,OK,2022-12-17,1,0,1,1,1,1,1,1,0,0,0,0,0,0
1527,1.53616760627557,0.2456220172695745,OK,2022-12-18,1,1,0,1,1,1,1,1,0,0,0,0,0,1
1528,3.50511235042569,0.2834173389979895,OK,2022-12-19,1,0,1,1,1,1,1,0,0,0,0,0,1,1
1529,2.13325272559809,0.1930029984881595,OK,2022-12-20,1,1,1,1,1,1,1,0,0,1,0,0,1,1
1530,23.0881830592753,0.497673437523032,OK,2022-12-21,1,1,1,0,1,1,0,0,0,0,0,1,0,0
1531,1.25158516020638,0.2431896563571595,OK,2022-12-22,1,1,1,1,1,1,1,1,0,1,0,1,1,1
1532,1.53501739757861,0.182023135983124,OK,2022-12-23,1,1,1,1,1,1,1,0,0,0,0,1,0,1
1533,1.22254934212267,0.3424516329162835,OK,2022-12-24,1,0,1,1,1,1,1,1,1,1,0,0,1,1
1534,0.696707574688759,0.081656091570086,OK,2022-12-25,1,1,1,1,1,1,1,1,0,1,0,1,0,0
1535,2.62562843971711,0.303403816654147,OK,2022-12-26,1,0,1,1,1,1,1,0,0,1,0,0,0,1
1536,1.96592558429492,0.3066984375964195,OK,2022-12-27,1,0,1,1,1,1,0,1,1,0,0,0,0,0
1537,1.93099278952663,0.223817156551415,OK,2022-12-28,1,0,1,1,1,1,1,1,0,0,0,0,0,1
1538,3.10622950992511,0.1314019249238755,OK,2022-12-29,1,1,1,0,1,1,1,1,0,1,0,1,0,1
1539,2.34186598381012,0.241858135242601,OK,2022-12-30,1,1,1,1,1,0,0,1,0,1,0,0,0,1
1540,1.89705299729945,0.1752682981344215,OK,2022-12-31,1,1,1,0,1,1,0,1,1,1,0,1,0,0
1541,1.55164068729371,0.235855353586988,OK,2023-01-01,1,1,1,1,1,1,0,1,0,1,0,0,0,0
1542,2.97578644621458,0.219685372275205,OK,2023-01-02,1,1,1,0,1,0,1,1,0,0,0,0,0,1
1543,4.07088724006123,0.3043753389820805,OK,2023-01-03,1,0,1,1,1,1,0,1,0,0,0,0,0,0
1544,2.88569547312762,0.162509144442796,OK,2023-01-04,1,1,1,0,1,1,1,1,0,1,0,0,0,1
1545,2.36572212311388,0.221434191436901,OK,2023-01-05,1,1,1,0,1,0,1,1,0,1,0,1,0,1
1546,2.64727113316702,0.299536002559639,OK,2023-01-06,1,1,0,1,1,1,1,0,0,0,0,0,0,0
1547,2.27828395944323,0.3176450462510835,OK,2023-01-07,1,0,0,1,1,1,1,1,1,0,0,1,0,1
1548,0.79473449982985,0.2305645870905785,OK,2023-01-08,1,1,1,1,1,1,1,1,1,1,0,1,0,1
1549,12.1965916173636,0.479033869082493,OK,2023-01-09,1,1,1,1,1,0,0,1,0,0,0,0,0,0
1550,4.46069110158574,0.3762573187088875,OK,2023-01-10,1,0,1,1,1,0,0,1,0,1,0,1,0,0
1551,5.62641611901885,0.378206586600421,OK,2023-01-11,1,0,0,1,1,0,1,1,0,0,0,1,0,1
1552,1.18136740275651,0.3541678485684645,OK,2023-01-12,1,1,0,1,1,1,1,1,1,0,0,0,0,1
1553,1.05223166324775,0.3426486140777945,OK,2023-01-13,1,1,1,0,1,1,1,1,1,1,0,1,0,1
1554,0.601217073601262,0.2274093008886285,OK,2023-01-14,1,1,1,1,1,1,1,1,1,1,1,1,1,1
1555,1.08005581601438,0.1799423981938905,OR,2022-12-04,1,1,1,0,1,1,1,1,0,1,0,1,1,0
1556,1.56630051570829,0.3250516953375575,OR,2022-12-05,1,1,0,1,1,1,1,1,0,1,0,0,0,1
1557,4.00772896283955,0.2422049077269705,OR,2022-12-06,1,0,1,0,0,1,1,1,0,0,0,0,1,1
1558,1.4705547990398,0.3139231875574805,OR,2022-12-07,0,1,1,1,1,1,1,0,0,0,0,0,1,1
1559,2.47531329349306,0.2180959617616195,OR,2022-12-08,1,0,1,0,1,1,1,0,0,0,0,0,1,1
1560,1.97431434430067,0.277983134481583,OR,2022-12-09,1,0,1,1,1,1,1,1,1,1,0,1,0,0
1561,0.805376738265116,0.242995947790553,OR,2022-12-10,1,1,1,1,1,1,1,0,0,1,1,1,1,1
1562,4.64298873792161,0.4049288207385585,OR,2022-12-11,1,0,1,0,1,1,1,1,0,0,0,0,0,1
1563,1.72823838676342,0.306840496941154,OR,2022-12-12,1,0,1,1,1,1,1,1,0,1,0,0,0,1
1564,1.21893838049268,0.23614551889914,OR,2022-12-13,1,1,1,1,1,1,1,0,0,1,0,1,1,1
1565,1.49037072498716,0.2862390035202135,OR,2022-12-14,1,1,1,1,1,1,1,1,1,0,0,1,0,1
1566,1.48793372996256,0.2352498200630995,OR,2022-12-15,1,1,1,1,1,1,1,1,0,0,0,0,0,0
1567,0.859342183773931,0.2982588838449185,OR,2022-12-16,1,1,1,1,1,1,1,1,0,1,0,0,0,1
1568,0.783471479299362,0.2329167634909635,OR,2022-12-17,1,1,1,1,1,1,1,1,0,1,1,1,0,1
1569,0.891962340565841,0.2746168413532125,OR,2022-12-18,1,1,1,1,1,1,1,1,1,1,1,1,1,1
1570,1.66366693026357,0.2403130533990635,OR,2022-12-19,1,0,1,1,1,1,1,1,0,1,0,1,1,1
1571,1.29610345077669,0.1792170982425195,OR,2022-12-20,1,1,1,0,1,1,1,1,1,0,0,1,1,1
1572,2.52625620326009,0.3608153258030055,OR,2022-12-21,1,0,1,0,1,1,1,1,0,1,0,1,0,1
1573,1.56016954654492,0.0831193258295245,OR,2022-12-22,1,1,1,0,1,1,1,1,1,0,0,1,0,1
1574,0.840896842927692,0.585820154858365,OR,2022-12-23,1,0,1,1,1,1,1,1,1,1,1,1,1,1
1575,0.95443496374486,0.0853654657444325,OR,2022-12-24,1,1,1,0,1,1,1,1,0,0,0,1,0,1
1576,1.65426963249478,0.0878699129979845,OR,2022-12-25,1,1,1,0,1,1,1,1,0,1,0,0,0,1
1577,3.62080507171939,0.217231834326186,OR,2022-12-26,1,0,1,0,1,0,1,0,0,0,0,1,0,1
1578,2.7637176432996,0.290075039251362,OR,2022-12-27,1,0,0,1,1,0,1,0,0,0,1,0,0,1
1579,2.38580275568885,0.204065301309862,OR,2022-12-28,1,1,1,0,1,0,0,1,1,0,0,1,0,0
1580,5.04372053354672,0.1882569095582095,OR,2022-12-29,1,1,1,0,1,0,1,1,0,0,0,1,0,1
1581,1.60126097548067,0.28697534406243,OR,2022-12-30,1,0,1,1,1,0,1,1,0,1,1,1,0,1
1582,0.207312337831279,0.127441973321738,OR,2022-12-31,1,1,1,1,1,1,1,1,1,1,0,0,1,1
1583,1.61652133359326,0.2443300816180695,OR,2023-01-01,1,1,1,0,1,1,0,1,0,1,0,0,0,0
1584,3.81026653966867,0.40129079057006,OR,2023-01-02,1,0,0,1,1,0,1,1,0,0,1,0,0,1
1585,4.86105733409751,0.238911637071952,OR,2023-01-03,1,0,1,0,1,0,1,1,0,1,0,0,0,1
1586,1.73926216378466,0.276255448062206,OR,2023-01-04,1,0,1,0,1,0,1,1,0,1,1,1,0,1
1587,4.59114080510297,0.365711959977056,OR,2023-01-05,1,0,1,1,1,0,1,1,0,1,0,1,0,1
1588,4.73757083262451,0.265149627844186,OR,2023-01-06,1,1,1,0,1,0,1,1,1,1,0,1,0,1
1589,2.1391345696954,0.327330734335982,OR,2023-01-07,1,0,1,0,1,0,1,1,0,1,0,1,0,1
1590,8.19075813356406,0.455464123839825,OR,2023-01-08,1,0,1,1,1,0,1,1,0,1,0,0,0,1
1591,5.99943392296692,0.368780591040531,OR,2023-01-09,1,0,1,0,1,0,1,1,0,1,0,0,0,1
1592,2.3620694689938,0.405279373276662,OR,2023-01-10,1,0,1,1,0,0,1,1,0,1,0,0,0,1
1593,2.72112471354378,0.4704922997876545,OR,2023-01-11,1,0,1,1,0,0,1,1,0,1,0,0,0,1
1594,1.83620724199375,0.469042423548435,OR,2023-01-12,1,1,0,1,1,0,0,1,1,0,1,1,0,0
1595,3.4820094695652,0.50680323758905,OR,2023-01-13,1,0,0,0,1,0,1,1,1,0,0,1,0,1
1596,0.628949999853626,0.427719173849842,OR,2023-01-14,1,1,1,1,1,1,1,1,1,1,0,1,0,1
1597,5.90605848957997,0.310637584919304,PA,2022-12-04,1,0,1,0,1,1,0,0,0,0,0,0,1,0
1598,4.09246580248071,0.271828078371222,PA,2022-12-05,0,0,1,1,1,1,1,0,0,0,0,0,0,0
1599,3.67963703920437,0.264614575747744,PA,2022-12-06,1,0,0,1,1,1,1,1,0,0,0,0,1,0
1600,4.32781290690787,0.2551440696868705,PA,2022-12-07,0,0,1,1,1,0,1,0,0,0,0,1,0,0
1601,2.6593498632755,0.25290092711055,PA,2022-12-08,1,0,1,1,1,0,1,0,0,0,0,1,0,0
1602,3.85408492225077,0.274417993045058,PA,2022-12-09,0,0,1,1,1,1,1,1,0,0,0,0,0,1
1603,5.68065535158091,0.340421040411459,PA,2022-12-10,1,0,0,0,1,1,0,0,0,0,0,0,0,0
1604,6.4739534210654,0.3528102464589095,PA,2022-12-11,1,0,0,0,1,0,1,0,0,0,0,1,0,1
1605,12.4383361072964,0.333000464449318,PA,2022-12-12,1,0,0,0,1,0,1,0,0,0,0,0,0,1
1606,6.73568936122896,0.3011804082939105,PA,2022-12-13,1,0,1,0,1,0,0,1,0,0,0,0,0,0
1607,10.7763896395956,0.330126563034575,PA,2022-12-14,0,0,1,0,1,1,1,0,0,0,0,0,0,0
1608,2.67926123637756,0.2293781035043945,PA,2022-12-15,1,1,1,0,1,0,1,0,0,0,0,0,0,1
1609,4.14368356816188,0.315103407715832,PA,2022-12-16,1,0,1,0,1,1,1,1,0,0,0,0,1,1
1610,2.41229590661168,0.2524376443768265,PA,2022-12-17,1,1,1,1,0,1,1,1,1,0,0,0,1,1
1611,4.55416203030582,0.285586141269174,PA,2022-12-18,0,0,1,1,1,0,0,1,0,0,0,0,0,0
1612,14.90828543191,0.3321817881343615,PA,2022-12-19,0,0,1,0,0,1,0,0,0,1,0,0,0,0
1613,4.82515144102036,0.33727449518368,PA,2022-12-20,0,1,0,0,0,1,0,0,0,0,0,1,0,0
1614,5.48102189479442,0.2775498015137455,PA,2022-12-21,1,0,1,1,1,0,1,1,0,0,0,0,0,0
1615,9.25090398356549,0.1610616981140045,PA,2022-12-22,1,1,0,0,0,0,1,1,1,0,0,1,0,1
1616,17.0827820496787,0.36406376604258,PA,2022-12-23,0,0,0,0,1,0,1,0,0,0,0,0,0,1
1617,6.8017057564817,0.25043329999336,PA,2022-12-24,1,0,1,0,0,0,1,1,0,0,0,0,0,1
1618,1.29031641162698,0.397730266588091,PA,2022-12-25,0,0,1,1,1,0,1,0,0,1,1,0,0,1
1619,15.6662518812654,0.3170282717707445,PA,2022-12-26,1,0,0,1,1,0,0,1,0,0,0,0,0,1
1620,9.40305573536051,0.364454683383303,PA,2022-12-27,1,0,1,0,1,0,1,1,0,1,0,0,0,1
1621,8.90113042975333,0.330243256989994,PA,2022-12-28,1,0,1,1,1,0,0,0,0,0,0,0,0,0
1622,7.33904780618941,0.3064548710362905,PA,2022-12-29,1,0,0,0,1,0,1,1,0,0,0,1,0,1
1623,19.706830048007,0.3680317809558645,PA,2022-12-30,1,0,1,1,0,0,0,1,0,1,0,0,0,0
1624,4.04914291812528,0.2767686028847835,PA,2022-12-31,1,1,1,0,1,0,1,1,1,0,0,1,0,1
1625,0.996776689725218,0.320292037756787,PA,2023-01-01,1,0,1,1,1,1,1,1,0,1,0,1,0,1
1626,63.0094431177794,0.351459534476633,PA,2023-01-02,1,0,0,0,0,0,0,0,0,0,0,0,0,0
1627,33.5246142190841,0.3384595853671365,PA,2023-01-03,1,0,1,0,1,0,1,1,0,1,0,1,0,1
1628,9.66196829165385,0.315998661748387,PA,2023-01-04,1,0,1,0,1,0,1,1,0,1,0,0,0,1
1629,23.8056186902524,0.39247737749289,PA,2023-01-05,1,0,0,1,0,0,0,1,0,0,0,0,0,0
1630,23.7674942747631,0.3961174970377475,PA,2023-01-06,1,0,0,0,0,0,1,1,0,0,0,0,0,1
1631,36.928000318765,0.383221822680346,PA,2023-01-07,1,0,1,0,1,0,0,1,0,1,0,0,0,0
1632,16.8651541667422,0.394195959878776,PA,2023-01-08,1,0,0,0,0,0,1,1,0,0,0,0,0,1
1633,22.948659832504,0.351485939495547,PA,2023-01-09,1,0,0,0,0,0,0,1,0,0,0,0,0,0
1634,6.30681358413191,0.3247910904888935,PA,2023-01-10,1,0,1,1,0,0,0,1,0,0,0,0,0,0
1635,15.0519263974957,0.3471082023545535,PA,2023-01-11,1,0,0,0,0,0,0,0,0,0,0,0,0,0
1636,15.4207878862271,0.337694425674101,PA,2023-01-12,1,0,0,0,0,0,0,1,0,0,0,1,0,0
1637,19.4824829681209,0.3627305890491915,PA,2023-01-13,1,0,0,0,0,0,0,1,0,0,0,0,0,0
1638,10.8877726973611,0.29639975433138,PA,2023-01-14,1,0,1,0,1,0,0,1,0,0,0,1,0,0
1639,NA,NA,PR,2022-12-04,NA,NA,NA,NA,NA,NA,NA,NA,NA,NA,NA,NA,NA,NA
1640,0.486073772488828,0.3329306645804245,PR,2022-12-05,1,1,1,1,1,1,1,1,0,1,0,1,1,1
1641,NA,NA,PR,2022-12-06,NA,NA,NA,NA,NA,NA,NA,NA,NA,NA,NA,NA,NA,NA
1642,0.962344273766232,0.191882759472328,PR,2022-12-07,1,1,1,1,1,0,1,1,0,1,0,1,0,1
1643,2.0148335827269,0.37267041485454,PR,2022-12-08,1,1,1,0,0,0,1,1,0,0,0,1,0,1
1644,0.22101483630741,0.03711536239172435,PR,2022-12-09,1,1,1,1,1,1,1,1,1,1,1,1,1,1
1645,NA,NA,PR,2022-12-10,NA,NA,NA,NA,NA,NA,NA,NA,NA,NA,NA,NA,NA,NA
1646,NA,NA,PR,2022-12-11,NA,NA,NA,NA,NA,NA,NA,NA,NA,NA,NA,NA,NA,NA
1647,NA,NA,PR,2022-12-12,NA,NA,NA,NA,NA,NA,NA,NA,NA,NA,NA,NA,NA,NA
1648,NA,NA,PR,2022-12-13,NA,NA,NA,NA,NA,NA,NA,NA,NA,NA,NA,NA,NA,NA
1649,NA,NA,PR,2022-12-14,NA,NA,NA,NA,NA,NA,NA,NA,NA,NA,NA,NA,NA,NA
1650,1.19967001062737,0.206195591451264,PR,2022-12-15,1,1,1,1,1,1,1,1,0,0,0,1,1,1
1651,1.2772363848239,0.227272787729926,PR,2022-12-16,1,1,1,1,0,1,1,1,1,0,0,0,0,1
1652,NA,NA,PR,2022-12-17,NA,NA,NA,NA,NA,NA,NA,NA,NA,NA,NA,NA,NA,NA
1653,NA,NA,PR,2022-12-18,NA,NA,NA,NA,NA,NA,NA,NA,NA,NA,NA,NA,NA,NA
1654,2.76494777173251,0.2987004219695565,PR,2022-12-19,1,1,0,0,1,0,1,1,0,0,0,1,0,1
1655,NA,NA,PR,2022-12-20,NA,NA,NA,NA,NA,NA,NA,NA,NA,NA,NA,NA,NA,NA
1656,0.0425725516284338,0.02435711864718415,PR,2022-12-21,1,1,1,1,1,1,1,1,1,1,1,1,1,1
1657,0.571607264319681,0.2090235651173705,PR,2022-12-22,1,1,1,1,1,1,1,1,0,1,0,1,1,1
1658,0.408176123017952,0.0256012122694055,PR,2022-12-23,1,1,1,1,1,1,1,1,1,1,1,1,1,1
1659,NA,NA,PR,2022-12-24,NA,NA,NA,NA,NA,NA,NA,NA,NA,NA,NA,NA,NA,NA
1660,NA,NA,PR,2022-12-25,NA,NA,NA,NA,NA,NA,NA,NA,NA,NA,NA,NA,NA,NA
1661,0.956009329748203,0.713315706787855,PR,2022-12-26,1,1,1,0,1,0,1,1,1,1,0,1,0,1
1662,1.1867618600123,0.210340829414919,PR,2022-12-27,1,0,1,1,1,1,1,1,0,1,0,1,0,1
1663,2.35605679317119,0.273936764834342,PR,2022-12-28,1,1,1,1,1,0,1,0,0,1,0,1,0,1
1664,7.88352696284085,0.475173979545624,PR,2022-12-29,1,0,0,0,1,0,1,1,0,0,0,0,0,1
1665,4.08977401261711,0.4155469492351525,PR,2022-12-30,1,0,1,0,0,0,1,0,0,0,0,0,0,0
1666,NA,NA,PR,2022-12-31,NA,NA,NA,NA,NA,NA,NA,NA,NA,NA,NA,NA,NA,NA
1667,NA,NA,PR,2023-01-01,NA,NA,NA,NA,NA,NA,NA,NA,NA,NA,NA,NA,NA,NA
1668,5.17910672374537,0.467374280630474,PR,2023-01-02,1,1,1,0,1,0,1,1,1,0,0,1,0,1
1669,3.26830947468746,0.251836573472073,PR,2023-01-03,1,1,1,1,1,1,1,0,1,1,0,1,0,1
1670,0.87833928823477,0.175595541008731,PR,2023-01-04,1,1,1,1,1,1,1,1,1,1,0,1,0,1
1671,1.38966232883518,0.650735771325145,PR,2023-01-05,1,0,1,0,1,1,1,1,1,1,0,1,0,1
1672,NA,NA,PR,2023-01-06,NA,NA,NA,NA,NA,NA,NA,NA,NA,NA,NA,NA,NA,NA
1673,NA,NA,PR,2023-01-07,NA,NA,NA,NA,NA,NA,NA,NA,NA,NA,NA,NA,NA,NA
1674,NA,NA,PR,2023-01-08,NA,NA,NA,NA,NA,NA,NA,NA,NA,NA,NA,NA,NA,NA
1675,3.44918700726717,0.2516680467426115,PR,2023-01-09,1,0,1,1,1,1,1,1,0,1,0,0,0,0
1676,3.53935151348953,0.292941448674603,PR,2023-01-10,1,1,0,1,1,1,1,1,0,0,0,1,0,1
1677,4.42955215772563,0.2835974364660275,PR,2023-01-11,1,1,1,1,1,1,1,1,0,1,0,1,0,1
1678,10.9391383030586,0.3232018242038275,PR,2023-01-12,1,0,1,1,1,1,0,1,0,0,0,1,0,0
1679,5.35890788992498,0.3294502537823865,PR,2023-01-13,1,0,0,1,1,1,1,1,0,0,0,0,0,1
1680,2.71466532363438,0.3722995713241745,PR,2023-01-14,1,1,0,0,1,1,1,0,0,0,0,1,0,1
1681,1.91199250898363,0.3556103830094605,RI,2022-12-04,1,1,1,0,1,0,1,0,0,1,0,0,0,1
1682,2.41281584575807,0.3342172924242335,RI,2022-12-05,1,0,1,0,1,1,1,1,0,1,0,1,0,1
1683,1.39624947697751,0.4289284457004965,RI,2022-12-06,0,0,1,0,1,1,1,0,0,1,0,1,1,1
1684,1.29564859977375,0.406090999021568,RI,2022-12-07,0,1,1,0,1,1,1,0,0,1,0,1,1,1
1685,1.02229784166959,0.3725723556699935,RI,2022-12-08,1,1,1,1,1,1,0,1,1,1,0,1,0,0
1686,1.37033132061292,0.2906054080973375,RI,2022-12-09,1,1,0,1,1,0,1,1,1,0,0,1,0,1
1687,0.970239280944992,0.430545805225935,RI,2022-12-10,1,1,1,1,0,1,1,1,0,1,0,0,0,1
1688,2.35937856029545,0.354793355016478,RI,2022-12-11,1,1,1,1,0,1,1,0,1,0,0,0,0,1
1689,1.00093867197956,0.4355588224542725,RI,2022-12-12,1,1,1,1,0,1,1,1,0,1,0,0,1,1
1690,0.59128742243246,0.3407005236777965,RI,2022-12-13,1,1,1,1,1,1,1,1,0,1,0,1,1,1
1691,0.548163187034831,0.148600910812102,RI,2022-12-14,1,1,1,1,1,1,1,1,1,1,1,1,1,1
1692,1.79911308863138,0.157588503557214,RI,2022-12-15,1,1,1,0,1,0,1,1,1,1,0,1,0,1
1693,1.79102664501053,0.3491437821715425,RI,2022-12-16,0,1,1,1,1,0,1,0,0,1,0,0,0,1
1694,1.97261260603493,0.281413186560795,RI,2022-12-17,1,1,1,1,1,0,1,1,0,1,0,1,0,1
1695,5.43475314426417,0.41568198238299,RI,2022-12-18,1,0,0,1,1,0,1,0,0,0,0,0,0,1
1696,2.310111428594,0.3217760660341175,RI,2022-12-19,1,0,1,0,1,0,1,1,0,1,0,0,0,1
1697,0.420874820914478,0.289616505287394,RI,2022-12-20,1,1,1,1,1,1,1,1,1,1,0,1,0,1
1698,0.687673459292767,0.378569920384645,RI,2022-12-21,1,0,1,1,1,1,1,1,1,1,0,1,0,1
1699,4.26529021043206,0.2843016073736115,RI,2022-12-22,1,1,1,0,1,0,1,1,1,1,0,0,0,1
1700,4.60032188268316,0.3878915687116425,RI,2022-12-23,1,0,0,1,1,0,1,1,0,0,0,1,0,1
1701,0.239724368945214,0.2586298192803105,RI,2022-12-24,1,1,1,1,1,1,1,1,1,1,0,1,0,1
1702,NA,NA,RI,2022-12-25,NA,NA,NA,NA,NA,NA,NA,NA,NA,NA,NA,NA,NA,NA
1703,5.15875185578542,0.2838579842745165,RI,2022-12-26,1,0,1,0,1,0,1,1,0,1,0,1,0,1
1704,0.276312210637943,0.2704971531396075,RI,2022-12-27,1,1,1,1,1,1,1,1,1,1,1,1,1,1
1705,0.171464640342117,0.1203607414839035,RI,2022-12-28,1,1,1,1,1,1,1,1,1,1,1,1,1,1
1706,0.154629629969198,0.1051331802387575,RI,2022-12-29,1,1,1,1,1,1,1,1,1,1,0,1,0,1
1707,1.07230142469804,0.291606958931398,RI,2022-12-30,1,1,1,0,1,1,1,1,1,1,0,1,0,1
1708,1.76007691255991,0.25260841059187,RI,2022-12-31,1,0,0,1,1,1,1,1,0,0,0,0,0,1
1709,NA,NA,RI,2023-01-01,NA,NA,NA,NA,NA,NA,NA,NA,NA,NA,NA,NA,NA,NA
1710,4.37204729411305,0.288953981268894,RI,2023-01-02,1,0,1,1,0,0,0,1,0,1,0,0,0,0
1711,0.830786377894536,0.2118796253493285,RI,2023-01-03,1,1,1,1,0,1,1,1,1,1,0,0,0,1
1712,0.943750577089299,0.2684396195596295,RI,2023-01-04,1,0,1,1,1,1,1,1,0,1,1,1,0,1
1713,1.88508167013793,0.4413916338736325,RI,2023-01-05,1,1,1,0,0,0,1,1,1,1,0,0,0,1
1714,1.46721375318294,0.163291204782633,RI,2023-01-06,1,1,0,0,0,1,1,1,1,0,0,0,0,1
1715,4.71111308555258,0.513323370037475,RI,2023-01-07,1,1,1,0,1,0,1,1,1,1,0,1,0,1
1716,2.445946019008,0.2659405564216665,RI,2023-01-08,1,1,1,0,0,0,1,1,1,1,0,0,0,1
1717,1.01335104218249,0.1110786690107665,RI,2023-01-09,1,0,1,1,1,1,1,1,0,1,0,0,0,1
1718,NA,NA,RI,2023-01-10,NA,NA,NA,NA,NA,NA,NA,NA,NA,NA,NA,NA,NA,NA
1719,0.195528870336152,0.01237089533225585,RI,2023-01-11,1,1,1,1,1,1,1,1,1,1,1,1,1,1
1720,0.306623805259784,0.0102731490533611,RI,2023-01-12,1,1,1,1,1,1,1,1,1,1,0,1,0,1
1721,0.982358982449407,0.1582285175698745,RI,2023-01-13,1,0,1,1,1,1,1,1,0,1,1,1,0,1
1722,1.32652447542194,0.192149077141876,RI,2023-01-14,1,1,1,0,1,0,1,1,1,1,0,1,0,1
1723,1.31484278852828,0.3750409963161095,SC,2022-12-04,1,1,1,1,0,1,0,1,0,1,0,0,1,0
1724,2.85935371753701,0.391348784347864,SC,2022-12-05,1,0,1,0,1,0,1,0,0,0,0,1,0,1
1725,3.9394700264833,0.298403438200763,SC,2022-12-06,1,0,1,0,1,0,1,0,0,1,0,0,1,1
1726,1.85960811107823,0.257766933034999,SC,2022-12-07,1,1,1,1,0,1,0,1,1,0,0,0,1,0
1727,2.40543943896553,0.261299408356087,SC,2022-12-08,1,0,1,1,1,1,1,0,1,0,0,1,0,1
1728,3.48600289427579,0.3048355103804605,SC,2022-12-09,1,0,0,0,1,1,1,1,0,0,0,1,0,1
1729,2.18002761056809,0.442248222500918,SC,2022-12-10,1,0,1,0,1,1,1,1,0,1,0,1,1,1
1730,0.834577545895763,0.290702913245901,SC,2022-12-11,1,1,0,1,1,1,1,1,1,0,0,1,1,1
1731,3.23229018191088,0.3722036808255895,SC,2022-12-12,1,0,1,0,1,1,1,0,0,0,0,1,1,1
1732,1.50426947079037,0.336222507585384,SC,2022-12-13,1,1,0,0,1,1,0,1,0,0,0,1,1,0
1733,0.815844918658653,0.180604086413466,SC,2022-12-14,1,1,1,1,1,1,1,1,0,1,0,1,1,1
1734,1.53532058256252,0.1748961432055165,SC,2022-12-15,1,1,1,1,1,1,0,1,1,0,0,1,0,0
1735,2.90286259805817,0.3897295980955705,SC,2022-12-16,1,0,1,0,1,1,1,1,0,1,0,1,1,0
1736,1.2741758972779,0.350716300531385,SC,2022-12-17,1,0,1,0,1,1,1,1,0,1,0,1,1,1
1737,2.24221884998992,0.2043716064183275,SC,2022-12-18,1,0,1,1,1,1,1,0,0,1,1,0,1,1
1738,3.726869075025,0.224069272855495,SC,2022-12-19,1,1,1,1,1,1,0,0,1,1,0,0,0,0
1739,1.38536031571538,0.211387240733654,SC,2022-12-20,1,1,1,1,1,1,1,1,1,1,0,1,0,1
1740,1.64815279185228,0.2129296416968625,SC,2022-12-21,1,1,1,1,1,1,0,1,0,0,0,1,0,0
1741,2.36253833755926,0.108470950987591,SC,2022-12-22,0,0,1,0,1,1,0,0,0,1,1,1,0,0
1742,6.89544415565095,0.2958791539390785,SC,2022-12-23,1,0,1,0,1,1,0,0,0,0,0,0,0,1
1743,3.27146614323266,0.27788395352829,SC,2022-12-24,1,0,1,0,1,1,1,1,0,1,0,1,0,1
1744,NA,NA,SC,2022-12-25,NA,NA,NA,NA,NA,NA,NA,NA,NA,NA,NA,NA,NA,NA
1745,6.32928314371824,0.2562834930230665,SC,2022-12-26,1,0,0,0,1,0,0,0,0,0,0,1,0,0
1746,2.00723851235442,0.203429620619197,SC,2022-12-27,1,0,1,1,1,1,0,1,0,0,0,1,0,0
1747,3.5158636572508,0.327374066959233,SC,2022-12-28,1,0,0,0,1,0,1,1,1,0,1,1,0,0
1748,4.36276581404812,0.3472335278057705,SC,2022-12-29,1,1,0,0,1,1,0,1,1,0,0,1,0,0
1749,11.6722629562388,0.3071750046247815,SC,2022-12-30,1,0,0,0,1,0,0,0,0,0,0,1,0,0
1750,4.13838030258315,0.2345658100835615,SC,2022-12-31,0,0,1,1,1,0,1,0,0,0,0,0,0,0
1751,0.0657836145532121,0.04812240681321015,SC,2023-01-01,1,1,1,1,1,1,1,1,1,1,1,1,1,1
1752,3.1484338484062,0.288576607452453,SC,2023-01-02,1,0,1,1,1,0,0,1,0,0,1,1,0,0
1753,11.9344355410447,0.2405283499332785,SC,2023-01-03,1,0,0,1,1,0,0,1,0,0,0,0,0,0
1754,4.40053236570391,0.2829373049291505,SC,2023-01-04,1,0,0,1,1,0,0,1,0,0,0,0,0,0
1755,6.77830463930537,0.207456311884431,SC,2023-01-05,1,0,1,0,1,0,0,1,0,0,1,1,0,0
1756,6.85573472286729,0.3128410413633345,SC,2023-01-06,0,0,1,1,1,0,0,1,0,1,0,0,0,0
1757,2.87117202731069,0.365451068713339,SC,2023-01-07,0,1,1,0,0,1,0,0,1,0,0,0,0,0
1758,2.15569650014893,0.2996500270631945,SC,2023-01-08,1,0,1,1,0,1,0,1,0,1,0,0,0,0
1759,7.23204610828148,0.345987051376962,SC,2023-01-09,0,0,1,0,0,0,0,0,0,0,0,0,0,0
1760,2.32907411143511,0.381458288095293,SC,2023-01-10,1,0,1,0,1,1,1,1,0,1,0,1,0,1
1761,4.24367552377448,0.382563037121057,SC,2023-01-11,1,0,1,0,0,1,1,1,0,1,0,0,0,1
1762,2.28085646248815,0.24433385550377,SC,2023-01-12,1,1,1,1,1,0,1,1,0,1,1,0,1,1
1763,3.90727005724808,0.2818171259868095,SC,2023-01-13,1,1,0,1,1,0,0,1,0,0,0,1,0,0
1764,2.87637914368294,0.329500591131457,SC,2023-01-14,1,0,1,1,1,1,0,1,0,0,0,1,0,0
1765,NA,NA,SD,2022-12-04,NA,NA,NA,NA,NA,NA,NA,NA,NA,NA,NA,NA,NA,NA
1766,0.734375873207562,0.60373011231415,SD,2022-12-05,1,1,1,1,0,1,1,1,0,1,1,0,1,1
1767,0.893214093268294,0.2611685891991805,SD,2022-12-06,1,1,1,0,1,1,1,1,0,1,0,1,1,1
1768,1.27449599652258,0.2646903510516305,SD,2022-12-07,1,1,1,1,1,1,1,0,0,1,1,1,0,1
1769,1.31785703556934,0.633158742433195,SD,2022-12-08,1,1,0,1,1,1,0,1,1,0,0,1,1,0
1770,1.32624604491893,0.2298947128177395,SD,2022-12-09,1,1,1,0,1,1,1,1,0,1,0,0,1,1
1771,0.375368937231194,0.268554195730695,SD,2022-12-10,1,1,1,1,1,1,1,1,1,1,1,1,1,1
1772,0.858334746649269,0.611149857802245,SD,2022-12-11,1,1,0,1,1,1,1,1,0,0,1,1,1,1
1773,0.775357448206038,0.203163330763264,SD,2022-12-12,1,1,1,0,1,1,1,1,0,1,0,1,1,1
1774,0.300549542926117,0.195402228016507,SD,2022-12-13,1,1,1,1,1,1,1,1,0,1,0,1,1,1
1775,0.853887978389528,0.611839715863155,SD,2022-12-14,1,1,0,1,1,1,1,1,0,0,1,1,1,1
1776,0.295433710225637,0.1817951219372515,SD,2022-12-15,1,1,1,1,1,1,1,1,0,1,0,1,1,1
1777,NA,NA,SD,2022-12-16,NA,NA,NA,NA,NA,NA,NA,NA,NA,NA,NA,NA,NA,NA
1778,NA,NA,SD,2022-12-17,NA,NA,NA,NA,NA,NA,NA,NA,NA,NA,NA,NA,NA,NA
1779,NA,NA,SD,2022-12-18,NA,NA,NA,NA,NA,NA,NA,NA,NA,NA,NA,NA,NA,NA
1780,NA,NA,SD,2022-12-19,NA,NA,NA,NA,NA,NA,NA,NA,NA,NA,NA,NA,NA,NA
1781,NA,NA,SD,2022-12-20,NA,NA,NA,NA,NA,NA,NA,NA,NA,NA,NA,NA,NA,NA
1782,0.543028093240537,0.30495411870012,SD,2022-12-21,1,1,1,1,1,1,1,1,0,1,0,1,1,1
1783,NA,NA,SD,2022-12-22,NA,NA,NA,NA,NA,NA,NA,NA,NA,NA,NA,NA,NA,NA
1784,NA,NA,SD,2022-12-23,NA,NA,NA,NA,NA,NA,NA,NA,NA,NA,NA,NA,NA,NA
1785,NA,NA,SD,2022-12-24,NA,NA,NA,NA,NA,NA,NA,NA,NA,NA,NA,NA,NA,NA
1786,NA,NA,SD,2022-12-25,NA,NA,NA,NA,NA,NA,NA,NA,NA,NA,NA,NA,NA,NA
1787,NA,NA,SD,2022-12-26,NA,NA,NA,NA,NA,NA,NA,NA,NA,NA,NA,NA,NA,NA
1788,0.285300954897871,0.1713703180234965,SD,2022-12-27,1,1,1,1,1,1,1,1,0,1,0,1,1,1
1789,0.669485542002882,0.349256896159025,SD,2022-12-28,1,0,1,1,1,1,1,1,0,1,1,1,0,1
1790,NA,NA,SD,2022-12-29,NA,NA,NA,NA,NA,NA,NA,NA,NA,NA,NA,NA,NA,NA
1791,NA,NA,SD,2022-12-30,NA,NA,NA,NA,NA,NA,NA,NA,NA,NA,NA,NA,NA,NA
1792,NA,NA,SD,2022-12-31,NA,NA,NA,NA,NA,NA,NA,NA,NA,NA,NA,NA,NA,NA
1793,0.324644899457501,0.216852359434304,SD,2023-01-01,1,1,1,1,1,1,1,1,1,1,1,1,1,1
1794,0.336795666823458,0.2302183771053065,SD,2023-01-02,1,1,1,1,1,1,1,1,1,1,1,1,1,1
1795,1.57723531924795,0.4108685865244925,SD,2023-01-03,1,0,1,1,1,1,1,1,0,1,0,1,0,1
1796,0.907700801282099,0.449914851937544,SD,2023-01-04,1,1,0,1,1,1,1,1,1,0,0,1,0,1
1797,0.931806374282488,0.426289060951267,SD,2023-01-05,1,0,1,1,1,1,1,1,0,1,0,1,0,1
1798,NA,NA,SD,2023-01-06,NA,NA,NA,NA,NA,NA,NA,NA,NA,NA,NA,NA,NA,NA
1799,NA,NA,SD,2023-01-07,NA,NA,NA,NA,NA,NA,NA,NA,NA,NA,NA,NA,NA,NA
1800,0.872453618465164,0.6298178144169,SD,2023-01-08,1,0,1,1,1,1,1,1,0,1,1,0,1,1
1801,0.442611354062655,0.3606938445766785,SD,2023-01-09,1,1,1,1,1,1,1,1,1,1,0,1,0,1
1802,NA,NA,SD,2023-01-10,NA,NA,NA,NA,NA,NA,NA,NA,NA,NA,NA,NA,NA,NA
1803,1.05551825363403,0.4073220210948755,SD,2023-01-11,1,1,1,0,1,1,1,1,1,1,0,1,0,1
1804,1.43797201259757,0.525373015789955,SD,2023-01-12,1,1,1,1,1,1,0,1,1,1,0,1,0,0
1805,0.912588320551045,0.69197511486368,SD,2023-01-13,1,0,1,1,1,1,1,1,0,1,1,0,1,1
1806,0.282264751526295,0.1031611120801915,SD,2023-01-14,1,1,1,1,1,1,1,1,1,1,1,1,1,1
1807,0.852461633577842,0.283387981478401,TN,2022-12-04,1,1,1,1,1,1,1,0,0,0,0,1,1,1
1808,1.65631151458543,0.241457228076179,TN,2022-12-05,1,0,1,1,1,1,1,1,0,1,0,1,1,1
1809,1.47649736446807,0.2743028549136615,TN,2022-12-06,1,1,1,1,1,1,1,0,0,0,0,1,1,0
1810,2.58466586189198,0.2241388906990025,TN,2022-12-07,1,0,1,0,1,1,0,1,0,1,0,1,1,0
1811,1.44840784175379,0.2400100707850285,TN,2022-12-08,1,1,1,1,1,1,1,1,0,0,1,0,1,1
1812,1.85295533049054,0.205324393454696,TN,2022-12-09,1,1,1,0,1,1,1,0,0,0,0,0,1,1
1813,1.66674094109239,0.198747624173284,TN,2022-12-10,1,1,1,0,1,1,1,0,0,1,0,0,1,0
1814,4.8816496801841,0.3711855119805845,TN,2022-12-11,0,0,1,0,1,1,1,0,0,0,0,0,1,0
1815,3.55469134032951,0.233382290257362,TN,2022-12-12,0,0,1,1,1,0,1,0,0,1,1,0,0,1
1816,2.63448060126169,0.262495011384462,TN,2022-12-13,1,0,1,1,1,1,0,1,0,0,0,0,1,0
1817,6.42220039455915,0.208149478372775,TN,2022-12-14,1,0,1,0,1,0,1,1,0,0,0,0,0,0
1818,4.25222414084443,0.3241929311031345,TN,2022-12-15,1,1,1,0,0,0,1,1,0,1,0,0,0,1
1819,7.02705773692202,0.3482170174849095,TN,2022-12-16,1,0,1,0,1,0,1,1,0,0,0,1,0,1
1820,2.72361763697193,0.2923672409920085,TN,2022-12-17,1,1,1,0,0,1,0,1,0,0,0,0,0,1
1821,1.48791840679066,0.2749057912949975,TN,2022-12-18,1,1,1,1,1,0,0,1,0,0,0,1,0,0
1822,4.4224896853161,0.2668177742738105,TN,2022-12-19,1,0,0,0,1,0,0,1,0,0,0,0,0,0
1823,5.12515063157716,0.242479509509779,TN,2022-12-20,1,0,0,0,1,0,1,1,1,1,0,0,0,1
1824,5.32736535598736,0.2656497710486575,TN,2022-12-21,1,1,0,0,1,0,1,0,0,1,0,0,0,0
1825,2.62614941302685,0.2401486123623145,TN,2022-12-22,1,0,1,1,1,0,0,1,0,0,0,0,0,0
1826,0.881418685877052,0.217698085728914,TN,2022-12-23,1,0,1,1,1,1,1,1,0,0,1,1,1,0
1827,4.70370543138928,0.3356391206299485,TN,2022-12-24,1,1,0,0,1,0,0,0,1,0,0,0,0,0
1828,2.21468943466394,0.468519296859864,TN,2022-12-25,1,1,1,0,0,0,1,1,0,1,0,0,0,1
1829,5.14487056341925,0.377132099337677,TN,2022-12-26,1,1,1,0,0,0,0,1,1,1,0,0,0,0
1830,1.98649157776749,0.391674265858754,TN,2022-12-27,1,1,1,0,1,1,0,1,0,0,0,0,1,0
1831,0.75849143440993,0.138622543910492,TN,2022-12-28,1,1,1,1,1,0,1,1,1,1,0,1,0,1
1832,1.52735281053707,0.368261335070735,TN,2022-12-29,1,0,1,0,1,1,1,1,0,1,0,1,1,1
1833,1.61185092067861,0.1986957925777695,TN,2022-12-30,1,0,1,1,1,1,0,1,0,0,0,1,0,0
1834,4.18508150983059,0.53075055163464,TN,2022-12-31,1,0,1,0,1,1,0,0,0,1,0,1,1,0
1835,NA,NA,TN,2023-01-01,NA,NA,NA,NA,NA,NA,NA,NA,NA,NA,NA,NA,NA,NA
1836,0.598105395934989,0.150098023450235,TN,2023-01-02,1,1,1,1,1,1,1,1,1,1,1,1,1,1
1837,3.69719362074466,0.359219124600247,TN,2023-01-03,1,1,0,0,1,0,1,1,0,0,0,1,0,1
1838,3.21611952604265,0.284676837346325,TN,2023-01-04,1,1,1,0,1,1,0,0,1,0,0,1,0,0
1839,1.24767225532944,0.176965723455368,TN,2023-01-05,1,1,1,1,1,1,1,1,0,0,1,0,1,1
1840,1.48535116155075,0.254323713063627,TN,2023-01-06,1,1,1,1,1,1,0,1,1,1,0,0,0,0
1841,1.45335525912688,0.273174906117866,TN,2023-01-07,1,0,1,1,1,1,1,1,0,1,0,1,0,1
1842,0.489305978639426,0.1665068892849565,TN,2023-01-08,1,1,1,1,1,1,1,1,0,1,1,1,0,1
1843,4.28401177532785,0.389339125942448,TN,2023-01-09,1,0,1,0,1,1,0,1,0,1,0,1,0,0
1844,0.0640173466640123,0.054415339197122,TN,2023-01-10,1,1,1,1,1,1,1,1,1,1,0,0,1,1
1845,2.65613701067644,0.4295361555895625,TN,2023-01-11,1,0,0,0,1,0,1,1,1,0,0,1,0,1
1846,0.805026231289493,0.2308231214885935,TN,2023-01-12,1,0,1,1,1,1,1,1,0,1,0,1,1,1
1847,1.09062148458249,0.1196400050973375,TN,2023-01-13,1,1,1,1,1,1,1,1,1,1,1,0,0,1
1848,2.32479553550085,0.3935720505991305,TN,2023-01-14,1,0,1,0,1,1,1,1,0,1,0,0,0,1
1849,1.82768210165673,0.2201166793360515,TX,2022-12-04,1,1,1,1,1,1,1,1,0,0,0,0,0,1
1850,2.05192038022462,0.2298818513266265,TX,2022-12-05,1,1,1,1,0,1,1,1,0,0,0,0,1,1
1851,2.79707496233463,0.252932842172167,TX,2022-12-06,1,0,1,0,0,0,1,1,0,1,0,0,0,1
1852,3.24552099536754,0.2731964669488685,TX,2022-12-07,1,1,1,0,1,1,0,0,0,0,0,0,0,0
1853,5.72642445489936,0.267803205179338,TX,2022-12-08,1,0,1,0,1,0,1,0,0,0,0,1,0,1
1854,3.14003940760655,0.1756132273602815,TX,2022-12-09,1,1,1,0,1,1,0,0,0,0,0,0,1,0
1855,5.43144526872536,0.240824487648999,TX,2022-12-10,1,1,0,0,0,1,1,0,0,0,0,0,1,0
1856,8.6746383474426,0.239040236572142,TX,2022-12-11,1,0,0,0,0,1,0,0,0,0,0,0,0,0
1857,9.22997037170083,0.205292670625618,TX,2022-12-12,1,0,0,0,1,0,0,0,0,0,0,0,0,0
1858,4.98355516813967,0.20265832066393,TX,2022-12-13,1,1,0,0,1,0,0,0,0,1,0,0,0,0
1859,3.90090270455002,0.197994989341248,TX,2022-12-14,1,0,1,0,1,1,0,0,0,1,0,0,0,0
1860,3.47408305503663,0.1842988587905295,TX,2022-12-15,1,0,1,1,1,1,1,0,0,1,0,1,0,0
1861,5.94369248606642,0.2432998451696845,TX,2022-12-16,1,0,1,0,0,1,1,1,1,0,1,0,0,1
1862,8.12361378912475,0.2352949156329995,TX,2022-12-17,1,0,1,0,1,0,0,0,0,0,0,0,0,0
1863,7.65527776335312,0.224039295438838,TX,2022-12-18,1,0,1,0,1,1,0,1,0,0,0,0,0,0
1864,17.2839324761798,0.232376714528169,TX,2022-12-19,1,0,0,0,1,1,0,0,0,0,0,0,0,0
1865,1.69040631793927,0.1701656178925315,TX,2022-12-20,1,1,1,1,0,1,0,1,1,0,0,0,0,0
1866,4.74121208318443,0.2335868369284245,TX,2022-12-21,1,0,1,0,1,1,0,0,0,0,0,0,0,0
1867,5.05890810637824,0.2285272592619185,TX,2022-12-22,1,0,1,0,1,0,0,1,0,0,0,1,0,0
1868,1.84397855016365,0.1879260913717505,TX,2022-12-23,0,1,1,1,1,1,0,0,0,0,0,1,0,0
1869,1.33483636980498,0.1874419635580285,TX,2022-12-24,0,0,1,1,1,1,1,1,0,1,0,1,1,1
1870,NA,NA,TX,2022-12-25,NA,NA,NA,NA,NA,NA,NA,NA,NA,NA,NA,NA,NA,NA
1871,2.56534605773115,0.160440426139714,TX,2022-12-26,1,1,1,1,1,0,0,1,0,0,0,0,0,0
1872,2.04233487997344,0.1952838463303375,TX,2022-12-27,1,0,1,1,1,1,0,1,1,1,0,1,0,0
1873,11.6864396610779,0.287974151382501,TX,2022-12-28,1,0,1,0,0,0,0,1,0,0,0,0,0,0
1874,12.4905208972606,0.2542205788368295,TX,2022-12-29,0,0,0,0,1,0,1,0,0,0,0,0,0,0
1875,23.5260197531131,0.2119990835439355,TX,2022-12-30,1,0,1,0,1,0,0,1,0,1,0,0,0,0
1876,10.4222002252834,0.1894818708021235,TX,2022-12-31,1,0,0,1,0,0,0,0,0,0,0,0,0,0
1877,0.152114392905919,0.0342145275598444,TX,2023-01-01,1,1,1,1,1,1,1,1,1,1,1,1,1,1
1878,16.3692558688413,0.18108310799844,TX,2023-01-02,1,0,1,1,0,0,0,0,0,0,0,0,0,0
1879,13.642811782664,0.1861039798517855,TX,2023-01-03,1,0,1,1,1,0,0,1,0,1,0,0,0,0
1880,8.4082059495124,0.289444432131685,TX,2023-01-04,1,0,0,0,0,1,0,0,0,1,0,0,0,0
1881,14.611247485426,0.2857042768313345,TX,2023-01-05,0,0,0,0,0,0,0,0,0,1,0,0,0,0
1882,9.339139575925,0.2535520798306625,TX,2023-01-06,1,0,1,1,0,0,0,0,0,0,0,0,0,0
1883,16.1255400983004,0.332865845866948,TX,2023-01-07,1,0,0,0,0,1,0,0,0,0,0,0,0,0
1884,6.65605573006769,0.2831251201287805,TX,2023-01-08,1,0,1,0,1,1,0,1,0,0,0,1,0,0
1885,12.7549793218408,0.2803749733028615,TX,2023-01-09,0,0,1,1,0,0,0,1,0,1,0,0,0,0
1886,11.2884721229002,0.2951401741759995,TX,2023-01-10,1,0,0,0,0,1,1,0,0,0,0,0,0,1
1887,12.7858921323943,0.291043885398,TX,2023-01-11,1,0,0,1,0,0,0,1,0,0,0,0,0,0
1888,12.4085823308862,0.288329445299916,TX,2023-01-12,1,0,1,1,0,0,0,1,0,0,0,0,0,0
1889,10.1888378417395,0.3057875896115935,TX,2023-01-13,1,0,0,1,0,0,0,1,1,0,0,0,0,0
1890,7.4391641603964,0.352576960441423,TX,2023-01-14,0,0,0,0,0,0,0,1,0,0,0,0,0,0
1891,0.460493230676377,0.2459731679879135,UT,2022-12-04,1,1,1,1,1,1,1,1,0,1,0,1,1,1
1892,1.76782345992115,0.3118779422628525,UT,2022-12-05,1,1,1,1,1,1,0,1,0,1,1,1,1,0
1893,1.24517197361471,0.2962690255448675,UT,2022-12-06,1,1,1,1,1,0,1,1,0,1,1,1,0,1
1894,1.55974045919815,0.2894804911569255,UT,2022-12-07,0,1,1,1,0,1,0,1,0,1,0,0,1,0
1895,0.39122575691409,0.295418795157801,UT,2022-12-08,1,1,1,1,1,1,1,1,1,1,1,1,1,1
1896,1.29938123821924,0.334712120356111,UT,2022-12-09,0,1,1,1,0,1,1,0,0,1,1,0,1,1
1897,3.25897670231518,0.3262325737730575,UT,2022-12-10,1,0,1,0,1,1,1,0,0,1,0,1,1,1
1898,0.496713674766036,0.2072103568094455,UT,2022-12-11,1,1,1,1,1,1,1,1,0,1,0,1,1,1
1899,2.3037417280968,0.2926912276409975,UT,2022-12-12,1,0,1,0,1,1,1,1,0,1,0,1,1,0
1900,1.20820400900689,0.2336032737246735,UT,2022-12-13,1,0,1,1,1,1,1,1,0,0,0,1,1,1
1901,0.951016834944256,0.255511420878235,UT,2022-12-14,1,1,1,1,0,1,1,0,0,1,0,0,1,1
1902,3.26410927479038,0.653205335114645,UT,2022-12-15,1,0,1,0,0,1,1,1,0,1,0,0,1,1
1903,0.861957146537609,0.2640371734987265,UT,2022-12-16,1,1,1,1,1,0,1,1,0,1,0,1,0,1
1904,2.88708313268389,0.383106981078191,UT,2022-12-17,1,0,1,0,1,1,1,1,0,1,0,1,1,1
1905,0.883101837370756,0.2291427569824405,UT,2022-12-18,1,1,1,1,0,1,1,1,0,1,0,0,1,1
1906,0.849653403240528,0.1853026665693745,UT,2022-12-19,1,1,1,1,1,0,1,1,0,1,1,1,0,1
1907,2.2310631352204,0.54542123487978,UT,2022-12-20,1,0,1,0,0,1,1,1,0,1,0,0,1,1
1908,0.624728854602565,0.1425345308629295,UT,2022-12-21,1,1,1,1,1,1,1,1,0,1,0,1,1,1
1909,0.529206692984349,0.252840124887572,UT,2022-12-22,1,1,1,1,1,1,1,1,0,0,1,1,1,1
1910,0.388635579909379,0.127261786480958,UT,2022-12-23,1,1,1,1,1,1,1,1,0,1,0,1,1,1
1911,1.02895764729664,0.710138577277425,UT,2022-12-24,1,0,1,0,1,1,1,1,0,0,1,1,1,1
1912,0.0339144816525642,0.02982158193738255,UT,2022-12-25,1,1,1,1,1,1,1,1,1,1,1,1,1,1
1913,0.930923332748093,0.265138450846227,UT,2022-12-26,1,1,1,1,1,0,1,1,0,1,0,1,1,1
1914,1.92735356283995,0.4123527940300645,UT,2022-12-27,1,1,0,0,1,1,1,1,1,0,0,1,1,1
1915,0.031013024541957,0.02972345295536825,UT,2022-12-28,1,1,1,1,1,1,1,1,1,0,0,1,1,1
1916,1.01811653234365,0.2428570044039575,UT,2022-12-29,1,1,1,1,0,1,1,1,1,1,1,1,1,1
1917,0.853884042732028,0.387240264803801,UT,2022-12-30,1,0,1,1,1,1,1,1,0,1,0,1,1,1
1918,0.43351323478058,0.0327481869390949,UT,2022-12-31,1,1,1,1,1,1,1,1,1,1,0,1,1,0
1919,NA,NA,UT,2023-01-01,NA,NA,NA,NA,NA,NA,NA,NA,NA,NA,NA,NA,NA,NA
1920,0.585761491297915,0.138572647545579,UT,2023-01-02,1,1,1,1,1,1,1,1,0,0,1,1,1,1
1921,1.68191068205887,0.3434064640483705,UT,2023-01-03,1,1,0,0,0,1,1,1,1,0,0,0,0,1
1922,0.662907907599161,0.143682075647495,UT,2023-01-04,1,1,1,1,1,1,1,1,0,1,0,1,1,1
1923,1.14045790394959,0.2408989926939585,UT,2023-01-05,1,1,1,1,1,0,1,1,1,1,0,1,0,1
1924,0.6570234189368,0.1128153469642825,UT,2023-01-06,1,1,1,1,1,1,1,1,0,0,0,1,0,1
1925,0.938598517312902,0.2994566932037185,UT,2023-01-07,1,1,1,1,1,1,0,1,1,1,0,1,1,0
1926,0.161765946692098,0.0601316741803365,UT,2023-01-08,1,1,1,1,1,1,1,1,1,1,1,1,1,1
1927,1.81124211190047,0.4033854897119425,UT,2023-01-09,1,1,0,0,1,0,1,1,1,1,0,1,0,1
1928,0.825197190306365,0.20680107072481,UT,2023-01-10,1,0,1,1,1,1,1,1,1,1,1,1,1,1
1929,2.84183591531765,0.635490744980125,UT,2023-01-11,1,0,0,0,1,0,1,1,0,0,0,1,0,1
1930,0.56218292735468,0.293803268820793,UT,2023-01-12,1,1,1,1,1,1,1,1,1,1,0,1,0,1
1931,2.97058211331056,0.549300650261905,UT,2023-01-13,1,1,1,0,0,0,1,1,1,1,0,1,0,1
1932,0.101437875924098,0.104842089986164,UT,2023-01-14,1,1,1,1,1,1,1,1,1,1,1,1,1,1
1933,2.72400862785862,0.2688763055758395,VA,2022-12-04,0,1,1,1,1,1,0,0,0,0,0,0,0,1
1934,3.87977996144215,0.263227258080356,VA,2022-12-05,1,0,1,1,1,1,1,0,0,0,0,0,0,1
1935,4.84414283677659,0.28899425833254,VA,2022-12-06,1,0,1,0,1,1,0,0,0,0,0,0,0,1
1936,4.03877394131338,0.2588176014474595,VA,2022-12-07,1,0,0,1,1,1,1,0,0,0,0,0,0,0
1937,4.89397010648034,0.270680196879645,VA,2022-12-08,0,1,0,1,1,0,0,0,0,0,0,0,0,0
1938,3.59121626800109,0.2544495825670065,VA,2022-12-09,1,0,1,1,0,1,0,0,0,0,0,0,0,0
1939,12.5670370017125,0.3266689628695425,VA,2022-12-10,0,0,0,0,1,0,1,0,0,0,0,0,0,0
1940,4.57452712787145,0.2881962028932475,VA,2022-12-11,1,1,0,0,0,1,1,1,0,0,1,0,1,0
1941,13.7026300053687,0.293937325030407,VA,2022-12-12,1,0,1,0,1,0,0,0,0,1,0,0,0,0
1942,9.80021670561393,0.309189150685963,VA,2022-12-13,1,0,0,0,1,1,1,0,0,0,0,1,0,1
1943,11.3473083309754,0.283161704903478,VA,2022-12-14,1,0,1,0,1,0,0,0,0,0,0,0,0,0
1944,10.1616101727773,0.312670108411338,VA,2022-12-15,1,0,1,0,1,1,0,0,0,0,0,0,0,0
1945,11.2672687167342,0.3128374553902665,VA,2022-12-16,1,0,1,0,0,0,1,0,0,0,0,0,1,1
1946,2.6190565508252,0.2599734483086985,VA,2022-12-17,1,0,1,1,1,1,0,0,0,0,0,0,0,0
1947,3.36550492161572,0.3020542364540695,VA,2022-12-18,1,1,1,0,1,1,0,0,1,0,0,1,0,0
1948,23.0909734837399,0.358034850476471,VA,2022-12-19,1,0,0,0,1,1,1,0,0,0,0,0,0,0
1949,26.2897409162823,0.403189444715329,VA,2022-12-20,1,0,0,0,1,0,0,0,0,0,0,0,0,0
1950,10.8932930288697,0.280913349382353,VA,2022-12-21,1,0,1,0,1,0,0,0,0,0,0,0,0,0
1951,8.37157817001508,0.2707634637799145,VA,2022-12-22,1,0,0,0,0,1,0,1,0,0,0,0,0,0
1952,5.57775024672309,0.293429971461954,VA,2022-12-23,0,0,1,0,1,1,0,0,0,0,0,0,0,0
1953,6.19272214722135,0.335450016755478,VA,2022-12-24,1,1,0,0,1,0,1,1,0,0,0,0,0,1
1954,3.3961819821323602,0.3633432287490855,VA,2022-12-25,1,0,1,0,1,0,0,1,0,1,0,0,0,1
1955,5.26244804263266,0.303337591900069,VA,2022-12-26,1,0,1,0,1,1,1,1,0,1,0,0,1,1
1956,7.44273046588024,0.29156340930944,VA,2022-12-27,0,0,1,1,1,0,0,0,0,0,0,0,0,0
1957,5.04509797715098,0.2939468981783655,VA,2022-12-28,1,0,1,1,1,1,0,0,0,0,0,0,0,0
1958,8.30109037304523,0.2787861023796355,VA,2022-12-29,1,0,1,1,1,0,0,1,0,0,0,0,0,0
1959,14.2001100246675,0.275257129206421,VA,2022-12-30,1,0,1,0,1,0,0,0,0,0,0,1,0,0
1960,25.555877397039,0.301940896279775,VA,2022-12-31,1,0,1,0,1,0,0,0,0,0,0,0,0,0
1961,2.7082850744805,0.3099195782313665,VA,2023-01-01,1,1,1,1,1,1,0,1,1,1,0,1,0,0
1962,8.04618382147535,0.3658917503751775,VA,2023-01-02,0,0,1,0,1,0,0,0,0,0,0,0,0,0
1963,7.72940872393977,0.316743050230842,VA,2023-01-03,1,0,0,1,0,0,0,1,0,1,0,0,0,0
1964,19.9758074275418,0.3372291119113475,VA,2023-01-04,1,0,1,0,0,0,0,1,0,1,0,0,0,0
1965,13.2076098954283,0.313394745550113,VA,2023-01-05,1,0,0,1,0,0,0,1,0,0,0,0,0,0
1966,18.5268974780398,0.3446539747889425,VA,2023-01-06,1,0,0,1,0,0,0,1,0,0,0,0,0,0
1967,23.5743102355117,0.3346299611412015,VA,2023-01-07,0,0,1,0,1,0,1,0,0,1,0,0,0,1
1968,13.22440598741,0.400169226281703,VA,2023-01-08,1,0,0,1,1,0,0,1,0,0,0,0,0,0
1969,14.3578611878379,0.3726419522561895,VA,2023-01-09,1,0,0,1,0,0,0,0,0,0,0,0,0,0
1970,18.8576936932007,0.3480067766844705,VA,2023-01-10,1,0,0,1,0,0,0,0,0,0,0,0,0,0
1971,11.2427487526257,0.322393696380062,VA,2023-01-11,0,0,0,0,0,0,0,0,0,0,0,1,0,0
1972,11.4458130025841,0.319613303144296,VA,2023-01-12,1,0,1,0,0,0,0,1,0,0,0,0,0,0
1973,11.6944356583265,0.311057902413429,VA,2023-01-13,1,0,1,0,1,0,0,1,0,0,0,0,0,0
1974,14.5204952561742,0.330853087424352,VA,2023-01-14,1,0,1,0,0,0,0,1,0,1,0,0,0,0
1975,0.861319358970706,0.2980700814441895,VT,2022-12-04,1,1,1,1,1,0,1,1,0,1,0,1,0,1
1976,0.485774066005196,0.065211551328405,VT,2022-12-05,1,1,1,1,1,1,1,1,0,1,0,1,1,1
1977,4.82087025863703,0.453034052070318,VT,2022-12-06,0,0,1,0,1,1,0,0,0,0,0,1,1,0
1978,1.47152990680016,0.292896526036426,VT,2022-12-07,1,0,1,1,1,0,1,1,0,1,0,0,0,1
1979,1.62967759367094,0.422965306943567,VT,2022-12-08,1,0,0,0,1,1,1,1,1,0,0,1,1,1
1980,1.9712258970718,0.361779418303811,VT,2022-12-09,1,0,0,0,1,1,1,1,0,0,0,1,1,1
1981,0.393090883330593,0.061402149312632,VT,2022-12-10,1,1,1,1,1,1,1,1,0,1,0,1,1,1
1982,0.885711590185307,0.3939632308155175,VT,2022-12-11,1,1,0,1,1,1,1,1,1,1,1,1,1,1
1983,2.36808190906441,0.283801847789741,VT,2022-12-12,1,1,0,1,1,1,1,1,0,0,0,1,1,1
1984,1.63303602221708,0.3339177148725605,VT,2022-12-13,1,1,0,0,1,1,1,1,0,0,0,0,0,1
1985,0.975023670603679,0.237847581481249,VT,2022-12-14,1,0,1,1,1,1,1,1,0,1,1,1,1,0
1986,0.182364883389754,0.066720785571886,VT,2022-12-15,1,1,1,1,1,1,1,1,1,1,1,1,1,1
1987,NA,NA,VT,2022-12-16,NA,NA,NA,NA,NA,NA,NA,NA,NA,NA,NA,NA,NA,NA
1988,0.0537209385495464,0.07117161811434,VT,2022-12-17,1,1,1,1,1,1,1,1,1,1,1,1,1,1
1989,NA,NA,VT,2022-12-18,NA,NA,NA,NA,NA,NA,NA,NA,NA,NA,NA,NA,NA,NA
1990,3.50937837039685,0.3295819122334695,VT,2022-12-19,1,0,1,0,1,1,1,1,0,0,0,1,0,1
1991,1.71322761897373,0.316567509372549,VT,2022-12-20,1,1,0,1,1,1,1,1,1,0,0,1,1,1
1992,1.19827121603962,0.232122941573825,VT,2022-12-21,1,0,1,1,1,1,1,1,1,1,0,0,1,1
1993,2.83181405699864,0.4268685194956555,VT,2022-12-22,1,1,0,0,1,0,1,1,0,0,0,1,0,1
1994,0.820734360759899,0.263216671456118,VT,2022-12-23,1,1,1,1,1,1,1,1,1,1,0,1,0,1
1995,1.51690330813206,0.325794557575552,VT,2022-12-24,1,0,1,1,1,1,1,1,0,1,0,1,0,1
1996,0.377247411360235,0.0998576288576225,VT,2022-12-25,1,1,1,1,1,1,1,1,1,1,1,1,1,1
1997,1.57617433040121,0.319684225995324,VT,2022-12-26,1,0,1,1,1,1,1,1,0,1,0,0,1,1
1998,2.48547702594284,0.35099111911849,VT,2022-12-27,1,1,0,0,1,1,0,0,0,0,0,1,0,0
1999,1.35870855674556,0.2396507096008765,VT,2022-12-28,1,1,1,1,1,1,1,1,0,1,0,1,0,1
2000,2.59740035223911,0.37013794727365,VT,2022-12-29,0,0,1,0,1,1,1,0,0,0,0,0,0,1
2001,1.95544610431081,0.2594641384548805,VT,2022-12-30,1,1,0,1,1,1,0,1,0,0,0,0,1,0
2002,1.66655029009424,0.356327346822375,VT,2022-12-31,1,1,0,1,1,1,0,1,1,0,0,0,1,0
2003,2.11615183686294,0.418372751165969,VT,2023-01-01,1,0,1,0,1,1,1,1,0,1,0,0,0,1
2004,3.14082172888285,0.39577607549274,VT,2023-01-02,0,0,1,0,1,1,1,0,0,1,0,1,0,1
2005,1.47902031177466,0.205100278024823,VT,2023-01-03,1,1,1,1,1,1,1,1,0,0,1,0,0,1
2006,1.3618735612856,0.341455643218672,VT,2023-01-04,1,1,1,1,1,1,0,1,1,1,0,0,0,0
2007,1.01287557301316,0.412714409125825,VT,2023-01-05,1,0,1,1,1,1,1,1,0,1,0,1,0,1
2008,2.31653791697003,0.3259915541424485,VT,2023-01-06,1,0,1,1,1,1,1,1,0,1,0,1,0,1
2009,1.15937351166475,0.304883815018014,VT,2023-01-07,1,1,0,1,1,1,1,1,1,0,0,1,1,1
2010,0.676795240152025,0.263944414994901,VT,2023-01-08,1,1,1,1,1,1,1,1,1,1,0,1,0,1
2011,1.03845753867271,0.321177506650621,VT,2023-01-09,0,1,1,1,1,1,1,0,1,1,0,1,0,1
2012,4.24559499388498,0.511438850385215,VT,2023-01-10,1,0,1,0,1,1,1,1,0,1,0,0,0,1
2013,1.50909647646988,0.3714826747074855,VT,2023-01-11,1,0,1,1,1,1,1,1,0,1,0,1,0,1
2014,2.16990846543564,0.41841287979907,VT,2023-01-12,1,0,0,1,1,1,1,1,0,0,0,1,0,1
2015,1.00352467094053,0.70192631276242,VT,2023-01-13,1,1,0,1,1,1,1,1,1,0,0,1,1,1
2016,1.70801606038772,0.3909796042533925,VT,2023-01-14,1,0,1,0,1,1,1,1,0,1,0,0,0,1
2017,4.45147327526094,0.333102837763361,WA,2022-12-04,1,1,0,1,0,0,0,0,0,1,0,0,0,0
2018,11.4720234992855,0.3088953759961915,WA,2022-12-05,1,0,1,0,0,1,0,0,0,0,0,0,0,0
2019,16.7195211851498,0.3411748076508375,WA,2022-12-06,0,0,1,0,1,0,0,1,0,0,0,0,0,0
2020,2.52198751972795,0.3174900063942505,WA,2022-12-07,1,1,1,0,1,0,1,0,0,0,0,0,1,0
2021,2.90935562244988,0.158924132942211,WA,2022-12-08,1,0,1,0,1,1,1,1,1,1,0,0,1,1
2022,8.70915129615301,0.312247779409747,WA,2022-12-09,1,0,1,0,1,0,0,1,0,1,0,0,0,0
2023,7.82372747513908,0.2912475962202115,WA,2022-12-10,1,0,1,0,0,1,1,0,0,0,0,0,1,0
2024,1.57185724661356,0.090215681519699,WA,2022-12-11,1,0,1,0,1,1,1,1,0,1,0,0,1,1
2025,4.61071748248895,0.2492108799417445,WA,2022-12-12,1,1,0,1,1,1,0,1,0,0,0,1,0,0
2026,6.65083328204521,0.282314816793825,WA,2022-12-13,1,0,0,0,1,0,1,0,0,0,0,0,0,0
2027,0.787725959738193,0.1816268865400705,WA,2022-12-14,1,1,1,1,1,1,1,1,0,1,0,0,1,1
2028,17.1175416453306,0.346059069160953,WA,2022-12-15,1,0,0,0,1,1,0,1,0,0,0,0,0,0
2029,11.9117630587039,0.320114173005437,WA,2022-12-16,1,0,0,0,1,1,0,0,0,0,0,0,0,0
2030,5.25117455444143,0.2987660103944565,WA,2022-12-17,1,0,0,0,0,0,1,0,0,0,0,0,0,0
2031,11.2926850044342,0.321337535923234,WA,2022-12-18,1,0,1,0,1,1,1,0,0,0,0,0,0,1
2032,9.72512017810666,0.2777515320631835,WA,2022-12-19,1,0,0,0,0,1,1,0,0,0,0,1,0,1
2033,0.872960674322857,0.2543831225034595,WA,2022-12-20,1,1,1,1,1,1,1,1,0,0,1,1,1,0
2034,3.12490595152133,0.23650184339063,WA,2022-12-21,1,1,0,1,1,1,0,1,0,1,0,0,1,0
2035,14.4483690477079,0.3301519591504275,WA,2022-12-22,1,0,1,0,0,0,0,1,0,0,0,0,0,0
2036,2.51804001685189,0.328603460460662,WA,2022-12-23,1,0,1,0,1,1,0,1,0,1,0,0,0,0
2037,13.3633345816873,0.3038467206107235,WA,2022-12-24,1,0,1,0,1,0,0,0,0,0,0,0,0,0
2038,1.58993197191477,0.252214444719693,WA,2022-12-25,1,0,1,1,1,1,1,1,0,1,0,0,0,1
2039,29.8924017320213,0.3249824065199775,WA,2022-12-26,1,0,1,0,0,0,0,0,0,0,0,0,0,0
2040,6.79803077959712,0.273128363398025,WA,2022-12-27,1,0,1,0,1,1,0,0,0,0,0,1,0,0
2041,9.33979809425467,0.284622079864086,WA,2022-12-28,1,0,0,0,1,1,1,1,0,0,1,0,0,1
2042,16.6812531538764,0.3469150737508,WA,2022-12-29,1,0,0,0,1,0,1,1,0,0,0,0,0,1
2043,5.81629665082728,0.220689653916252,WA,2022-12-30,1,0,0,1,1,0,0,1,0,0,0,0,0,0
2044,6.47675129615711,0.306206210049513,WA,2022-12-31,0,0,1,0,0,1,0,1,0,0,0,1,0,1
2045,1.80565349395442,0.2822653463772955,WA,2023-01-01,1,0,1,1,1,1,1,1,0,1,0,1,1,1
2046,15.9726386248047,0.2757208857584465,WA,2023-01-02,1,0,0,0,0,0,0,0,0,0,0,0,0,0
2047,9.79998261000486,0.2997955332363105,WA,2023-01-03,1,0,1,0,0,1,0,1,0,0,0,0,0,0
2048,11.085564440787,0.294814220402252,WA,2023-01-04,1,0,1,0,1,0,1,1,0,0,0,0,0,1
2049,1.38787755448201,0.2504112453586765,WA,2023-01-05,1,0,1,1,1,1,1,1,0,0,0,0,0,1
2050,14.6902582279758,0.3208306885236035,WA,2023-01-06,1,0,0,0,1,0,0,1,0,0,0,0,0,0
2051,5.50646586311437,0.2838211321972255,WA,2023-01-07,1,1,0,1,1,0,0,1,0,0,0,0,0,0
2052,9.36999283329773,0.3729386665484275,WA,2023-01-08,1,0,1,0,1,0,0,1,0,0,0,0,0,0
2053,13.4199367835637,0.2579806051040815,WA,2023-01-09,1,0,1,0,1,0,0,1,0,0,0,0,0,0
2054,17.853082610371,0.27603514365534,WA,2023-01-10,1,0,0,0,1,0,0,1,0,0,0,0,0,0
2055,10.9170064528139,0.3417225210743135,WA,2023-01-11,1,0,0,1,0,0,0,1,0,0,0,0,0,0
2056,7.14209038659021,0.3217754227860725,WA,2023-01-12,1,0,0,1,1,0,0,1,0,0,0,0,0,0
2057,12.9276016805494,0.3419149727124085,WA,2023-01-13,0,0,1,1,1,0,0,1,0,0,0,1,0,0
2058,9.78022366173001,0.3415446866581895,WA,2023-01-14,1,0,1,1,0,0,0,1,0,0,0,0,0,0
2059,1.30191391043795,0.274492039214991,WI,2022-12-04,1,1,1,1,1,1,0,1,0,1,0,1,1,0
2060,4.64522415415423,0.308982798543364,WI,2022-12-05,1,0,1,0,1,1,0,0,0,1,0,0,1,0
2061,6.15475825753199,0.36373568046354,WI,2022-12-06,1,0,0,0,1,1,0,1,0,1,0,0,1,0
2062,8.30846944889012,0.4185538893832855,WI,2022-12-07,1,0,1,0,1,1,0,0,0,0,0,1,1,0
2063,6.64858980527063,0.2949756556449245,WI,2022-12-08,1,0,1,0,1,1,0,1,0,0,0,0,1,0
2064,8.67368183103674,0.4044353095369555,WI,2022-12-09,1,1,1,0,1,1,0,0,0,0,0,0,1,0
2065,2.38075170505488,0.314052578926647,WI,2022-12-10,1,1,0,0,1,1,1,1,0,0,0,0,1,1
2066,1.51861987076024,0.237640085407294,WI,2022-12-11,1,0,1,1,1,1,1,1,0,0,0,0,0,1
2067,15.3164332485241,0.39671789209793,WI,2022-12-12,1,0,1,0,1,1,0,1,0,0,0,0,1,0
2068,1.84647097408342,0.2701837438407755,WI,2022-12-13,1,1,1,1,1,1,0,0,1,0,0,0,0,0
2069,5.23731105500089,0.4112693464906005,WI,2022-12-14,0,1,1,0,1,1,0,1,1,0,0,0,1,0
2070,11.3658017215481,0.3979845656472345,WI,2022-12-15,0,0,0,0,1,0,1,0,0,0,0,0,0,1
2071,2.7071137967563,0.300362509647348,WI,2022-12-16,1,0,1,0,1,0,0,1,0,1,0,1,0,1
2072,3.30780428695632,0.3152721117089565,WI,2022-12-17,0,0,0,0,1,1,1,0,0,0,0,0,1,1
2073,1.58465107207905,0.2897683435893335,WI,2022-12-18,1,1,1,0,1,0,0,1,0,0,0,1,0,0
2074,5.21716052012233,0.3328004999293185,WI,2022-12-19,0,1,1,0,1,1,0,0,0,0,0,0,0,0
2075,7.25108509359132,0.33686138694013,WI,2022-12-20,1,0,1,0,1,1,1,1,0,0,0,0,0,0
2076,1.40539789432821,0.2536438790386005,WI,2022-12-21,1,1,1,1,1,0,0,1,1,1,0,0,0,0
2077,1.1496676031708,0.2081207156571715,WI,2022-12-22,1,1,1,1,1,1,1,1,1,0,0,1,0,1
2078,2.06780201050376,0.3212640125795235,WI,2022-12-23,1,1,1,1,1,0,0,1,1,0,0,1,0,0
2079,1.36848978019581,0.3222530760130725,WI,2022-12-24,1,0,1,0,1,1,1,1,0,0,1,0,1,1
2080,NA,NA,WI,2022-12-25,NA,NA,NA,NA,NA,NA,NA,NA,NA,NA,NA,NA,NA,NA
2081,8.81685144925389,0.3595729476469,WI,2022-12-26,0,0,1,0,1,1,0,0,0,0,0,0,1,1
2082,3.98756083728223,0.293839736263709,WI,2022-12-27,1,0,0,0,1,1,1,1,0,0,0,0,0,1
2083,1.22130047451115,0.2274649896447565,WI,2022-12-28,1,1,1,1,1,1,0,1,0,0,0,0,1,0
2084,2.50834927349957,0.280572498727751,WI,2022-12-29,1,0,1,0,1,1,1,1,0,0,0,1,0,1
2085,5.32110499464762,0.3670103888582645,WI,2022-12-30,1,0,0,0,1,1,0,1,1,0,0,0,0,0
2086,3.55728316411847,0.372375227321968,WI,2022-12-31,1,0,1,0,1,0,0,1,1,1,0,1,0,0
2087,0.810966332855552,0.3830175359137235,WI,2023-01-01,1,0,1,1,1,1,1,1,0,1,0,1,1,1
2088,5.25308118337001,0.3830297005883975,WI,2023-01-02,1,0,0,0,1,1,0,1,0,0,0,0,0,0
2089,8.6964632410187,0.3588050669792745,WI,2023-01-03,1,0,1,0,1,1,1,1,0,1,0,0,0,1
2090,0.966413436742337,0.155119163749336,WI,2023-01-04,1,1,1,1,1,1,1,1,1,1,0,1,0,1
2091,5.51390169802809,0.381597464342276,WI,2023-01-05,1,0,1,0,0,1,0,1,0,0,0,0,0,0
2092,1.75366846813709,0.2568016484556935,WI,2023-01-06,1,1,1,1,1,1,0,1,1,1,0,0,0,0
2093,3.74406000413889,0.316985231446287,WI,2023-01-07,1,1,1,0,1,0,0,1,0,0,0,0,0,0
2094,0.760975322918249,0.2175051549137875,WI,2023-01-08,1,1,0,1,1,1,1,1,1,0,1,1,0,1
2095,1.59682028841314,0.321940671211465,WI,2023-01-09,1,1,0,0,0,1,1,1,1,0,0,0,0,1
2096,1.22178039501289,0.3923496449368585,WI,2023-01-10,1,1,1,0,1,1,0,1,1,0,1,0,0,0
2097,0.490639393934641,0.14394149402877,WI,2023-01-11,1,1,1,1,1,1,1,1,1,1,1,1,1,1
2098,1.06284786765201,0.2901841136085065,WI,2023-01-12,1,1,1,1,1,0,1,1,1,1,1,0,0,1
2099,2.23017997648084,0.37157010542367,WI,2023-01-13,1,1,1,0,1,1,0,1,1,1,0,0,0,0
2100,0.84164229452634,0.1883487894792045,WI,2023-01-14,1,0,1,1,1,1,1,1,0,1,0,1,1,1
2101,0.916267511397507,0.3130129728056395,WV,2022-12-04,1,1,1,1,1,1,1,0,0,0,0,1,1,1
2102,8.04245958046998,0.4303979764268675,WV,2022-12-05,1,0,1,0,1,0,1,1,0,0,0,1,0,1
2103,4.46858439192775,0.310903401432199,WV,2022-12-06,1,0,1,0,1,1,1,0,0,0,0,1,1,1
2104,1.88254538784418,0.2906102827572405,WV,2022-12-07,1,1,1,1,0,1,0,1,0,0,0,0,0,0
2105,2.527211730871,0.2912846803734365,WV,2022-12-08,1,0,1,1,1,1,0,1,0,0,0,1,1,0
2106,2.21431614348535,0.3871466493243475,WV,2022-12-09,1,0,1,0,1,1,1,1,0,0,0,0,0,1
2107,0.33035196376667,0.23096879224974,WV,2022-12-10,1,1,1,1,1,1,1,1,0,1,0,1,1,1
2108,1.40750706763631,0.1888537730017985,WV,2022-12-11,1,1,1,1,0,1,1,0,0,1,0,0,1,1
2109,5.03271890893488,0.3467024144869575,WV,2022-12-12,1,0,1,0,0,1,0,1,0,1,0,0,0,0
2110,1.68584108810847,0.163386890084652,WV,2022-12-13,1,1,1,0,1,1,1,1,0,0,0,1,0,1
2111,2.62446943332103,0.292361128723436,WV,2022-12-14,1,1,0,0,0,1,1,1,0,0,0,0,0,1
2112,2.22797809019946,0.292084983278435,WV,2022-12-15,1,0,1,0,1,0,1,1,0,0,0,1,0,1
2113,5.58871217883261,0.3843793052323635,WV,2022-12-16,1,0,1,0,1,1,0,1,0,0,0,1,0,0
2114,2.91716273756374,0.3842040801013495,WV,2022-12-17,1,0,1,0,1,1,0,1,0,0,0,1,0,0
2115,2.74122186481523,0.371141219269358,WV,2022-12-18,1,1,1,0,0,1,1,1,0,0,0,0,0,1
2116,4.79887832623676,0.329421737058787,WV,2022-12-19,1,0,0,0,0,1,0,0,0,0,0,0,1,0
2117,6.15685188335259,0.309687927447579,WV,2022-12-20,1,0,1,0,1,0,0,0,0,1,0,1,0,0
2118,11.0082885458843,0.385346821707063,WV,2022-12-21,1,0,1,0,0,1,0,1,0,1,0,0,0,0
2119,7.99233425722688,0.3971823714474055,WV,2022-12-22,0,0,1,0,1,0,1,1,0,0,0,0,1,1
2120,2.21978615255493,0.369516379960683,WV,2022-12-23,1,0,1,0,1,1,0,0,0,1,0,1,1,0
2121,4.60446088730901,0.4171179567723075,WV,2022-12-24,1,0,0,0,1,1,0,1,0,0,0,1,0,0
2122,2.04099936492975,0.361137001923158,WV,2022-12-25,1,0,1,0,1,1,1,1,1,1,0,1,0,1
2123,4.61000040012951,0.371898579790473,WV,2022-12-26,1,0,1,0,1,1,1,1,0,1,0,0,0,1
2124,11.2642055991428,0.3590931663314165,WV,2022-12-27,1,0,1,0,0,1,1,0,0,0,0,0,0,1
2125,9.6133427537458,0.3880945642488595,WV,2022-12-28,1,0,0,0,1,0,0,1,0,1,0,1,0,0
2126,4.84030538319015,0.3637877044904095,WV,2022-12-29,1,0,1,0,0,0,0,1,0,1,0,0,0,0
2127,4.46053632034611,0.36012612790544,WV,2022-12-30,1,0,1,0,1,1,1,1,0,0,0,1,0,1
2128,1.89715326595488,0.4139533573384265,WV,2022-12-31,1,0,0,1,1,1,1,1,1,0,0,1,0,1
2129,4.24415477270244,0.320795755112641,WV,2023-01-01,1,0,1,1,1,0,1,1,0,0,1,1,0,1
2130,10.7253549255975,0.43983639154062,WV,2023-01-02,1,0,1,0,0,0,0,0,0,0,0,0,0,0
2131,6.58541828597216,0.3041274301959315,WV,2023-01-03,1,0,1,1,1,0,1,1,0,0,0,0,0,1
2132,8.11878180227766,0.3240454439729355,WV,2023-01-04,1,0,0,1,1,0,0,1,0,0,0,0,0,0
2133,3.05758827748547,0.350550046697929,WV,2023-01-05,1,1,0,1,1,1,0,1,0,0,0,1,0,0
2134,1.81597847427785,0.387511382334367,WV,2023-01-06,1,0,1,1,1,1,1,1,0,0,0,0,0,1
2135,0.968458271249567,0.362798469813282,WV,2023-01-07,1,1,0,1,1,1,1,1,1,0,0,1,0,1
2136,0.579497832657313,0.2506580798675385,WV,2023-01-08,1,1,1,1,1,1,1,1,1,1,0,1,0,1
2137,4.44448256241285,0.588893561827395,WV,2023-01-09,1,0,0,1,1,0,1,1,0,0,0,1,0,1
2138,0.972078223252759,0.2983623778843415,WV,2023-01-10,1,1,1,0,1,1,1,1,1,1,0,1,0,1
2139,1.15474480026749,0.52384045290635,WV,2023-01-11,1,0,1,1,1,0,1,1,1,1,1,1,1,1
2140,2.08481935960135,0.4657689028906325,WV,2023-01-12,1,0,1,1,1,0,1,1,0,1,0,1,1,1
2141,1.1238896476743,0.3496695660239415,WV,2023-01-13,1,1,1,1,0,1,1,1,1,1,0,0,0,1
2142,NA,NA,WV,2023-01-14,NA,NA,NA,NA,NA,NA,NA,NA,NA,NA,NA,NA,NA,NA
2143,NA,NA,WY,2022-12-04,NA,NA,NA,NA,NA,NA,NA,NA,NA,NA,NA,NA,NA,NA
2144,NA,NA,WY,2022-12-05,NA,NA,NA,NA,NA,NA,NA,NA,NA,NA,NA,NA,NA,NA
2145,NA,NA,WY,2022-12-06,NA,NA,NA,NA,NA,NA,NA,NA,NA,NA,NA,NA,NA,NA
2146,NA,NA,WY,2022-12-07,NA,NA,NA,NA,NA,NA,NA,NA,NA,NA,NA,NA,NA,NA
2147,NA,NA,WY,2022-12-08,NA,NA,NA,NA,NA,NA,NA,NA,NA,NA,NA,NA,NA,NA
2148,NA,NA,WY,2022-12-09,NA,NA,NA,NA,NA,NA,NA,NA,NA,NA,NA,NA,NA,NA
2149,NA,NA,WY,2022-12-10,NA,NA,NA,NA,NA,NA,NA,NA,NA,NA,NA,NA,NA,NA
2150,NA,NA,WY,2022-12-11,NA,NA,NA,NA,NA,NA,NA,NA,NA,NA,NA,NA,NA,NA
2151,NA,NA,WY,2022-12-12,NA,NA,NA,NA,NA,NA,NA,NA,NA,NA,NA,NA,NA,NA
2152,NA,NA,WY,2022-12-13,NA,NA,NA,NA,NA,NA,NA,NA,NA,NA,NA,NA,NA,NA
2153,NA,NA,WY,2022-12-14,NA,NA,NA,NA,NA,NA,NA,NA,NA,NA,NA,NA,NA,NA
2154,NA,NA,WY,2022-12-15,NA,NA,NA,NA,NA,NA,NA,NA,NA,NA,NA,NA,NA,NA
2155,NA,NA,WY,2022-12-16,NA,NA,NA,NA,NA,NA,NA,NA,NA,NA,NA,NA,NA,NA
2156,NA,NA,WY,2022-12-17,NA,NA,NA,NA,NA,NA,NA,NA,NA,NA,NA,NA,NA,NA
2157,NA,NA,WY,2022-12-18,NA,NA,NA,NA,NA,NA,NA,NA,NA,NA,NA,NA,NA,NA
2158,NA,NA,WY,2022-12-19,NA,NA,NA,NA,NA,NA,NA,NA,NA,NA,NA,NA,NA,NA
2159,NA,NA,WY,2022-12-20,NA,NA,NA,NA,NA,NA,NA,NA,NA,NA,NA,NA,NA,NA
2160,NA,NA,WY,2022-12-21,NA,NA,NA,NA,NA,NA,NA,NA,NA,NA,NA,NA,NA,NA
2161,NA,NA,WY,2022-12-22,NA,NA,NA,NA,NA,NA,NA,NA,NA,NA,NA,NA,NA,NA
2162,NA,NA,WY,2022-12-23,NA,NA,NA,NA,NA,NA,NA,NA,NA,NA,NA,NA,NA,NA
2163,NA,NA,WY,2022-12-24,NA,NA,NA,NA,NA,NA,NA,NA,NA,NA,NA,NA,NA,NA
2164,NA,NA,WY,2022-12-25,NA,NA,NA,NA,NA,NA,NA,NA,NA,NA,NA,NA,NA,NA
2165,NA,NA,WY,2022-12-26,NA,NA,NA,NA,NA,NA,NA,NA,NA,NA,NA,NA,NA,NA
2166,NA,NA,WY,2022-12-27,NA,NA,NA,NA,NA,NA,NA,NA,NA,NA,NA,NA,NA,NA
2167,NA,NA,WY,2022-12-28,NA,NA,NA,NA,NA,NA,NA,NA,NA,NA,NA,NA,NA,NA
2168,0.982561953021162,0.6215800909923,WY,2022-12-29,1,0,1,1,1,1,1,1,0,1,1,0,1,1
2169,NA,NA,WY,2022-12-30,NA,NA,NA,NA,NA,NA,NA,NA,NA,NA,NA,NA,NA,NA
2170,NA,NA,WY,2022-12-31,NA,NA,NA,NA,NA,NA,NA,NA,NA,NA,NA,NA,NA,NA
2171,NA,NA,WY,2023-01-01,NA,NA,NA,NA,NA,NA,NA,NA,NA,NA,NA,NA,NA,NA
2172,NA,NA,WY,2023-01-02,NA,NA,NA,NA,NA,NA,NA,NA,NA,NA,NA,NA,NA,NA
2173,NA,NA,WY,2023-01-03,NA,NA,NA,NA,NA,NA,NA,NA,NA,NA,NA,NA,NA,NA
2174,NA,NA,WY,2023-01-04,NA,NA,NA,NA,NA,NA,NA,NA,NA,NA,NA,NA,NA,NA
2175,NA,NA,WY,2023-01-05,NA,NA,NA,NA,NA,NA,NA,NA,NA,NA,NA,NA,NA,NA
2176,NA,NA,WY,2023-01-06,NA,NA,NA,NA,NA,NA,NA,NA,NA,NA,NA,NA,NA,NA
2177,NA,NA,WY,2023-01-07,NA,NA,NA,NA,NA,NA,NA,NA,NA,NA,NA,NA,NA,NA
2178,NA,NA,WY,2023-01-08,NA,NA,NA,NA,NA,NA,NA,NA,NA,NA,NA,NA,NA,NA
2179,NA,NA,WY,2023-01-09,NA,NA,NA,NA,NA,NA,NA,NA,NA,NA,NA,NA,NA,NA
2180,NA,NA,WY,2023-01-10,NA,NA,NA,NA,NA,NA,NA,NA,NA,NA,NA,NA,NA,NA
2181,NA,NA,WY,2023-01-11,NA,NA,NA,NA,NA,NA,NA,NA,NA,NA,NA,NA,NA,NA
2182,NA,NA,WY,2023-01-12,NA,NA,NA,NA,NA,NA,NA,NA,NA,NA,NA,NA,NA,NA
2183,NA,NA,WY,2023-01-13,NA,NA,NA,NA,NA,NA,NA,NA,NA,NA,NA,NA,NA,NA
2184,NA,NA,WY,2023-01-14,NA,NA,NA,NA,NA,NA,NA,NA,NA,NA,NA,NA,NA,NA
