...1,es_score,brier_score,location,target_date,X24A_50_CI,X24B_50_CI,recombinant_50_CI,X24C_50_CI,X24D_50_CI,X24G_50_CI,other_50_CI,X24A_95_CI,X24B_95_CI,recombinant_95_CI,X24C_95_CI,X24D_95_CI,X24G_95_CI,other_95_CI
1,NA,NA,AK,2024-05-05,NA,NA,NA,NA,NA,NA,NA,NA,NA,NA,NA,NA,NA,NA
2,NA,NA,AK,2024-05-06,NA,NA,NA,NA,NA,NA,NA,NA,NA,NA,NA,NA,NA,NA
3,NA,NA,AK,2024-05-07,NA,NA,NA,NA,NA,NA,NA,NA,NA,NA,NA,NA,NA,NA
4,NA,NA,AK,2024-05-08,NA,NA,NA,NA,NA,NA,NA,NA,NA,NA,NA,NA,NA,NA
5,NA,NA,AK,2024-05-09,NA,NA,NA,NA,NA,NA,NA,NA,NA,NA,NA,NA,NA,NA
6,NA,NA,AK,2024-05-10,NA,NA,NA,NA,NA,NA,NA,NA,NA,NA,NA,NA,NA,NA
7,NA,NA,AK,2024-05-11,NA,NA,NA,NA,NA,NA,NA,NA,NA,NA,NA,NA,NA,NA
8,NA,NA,AK,2024-05-12,NA,NA,NA,NA,NA,NA,NA,NA,NA,NA,NA,NA,NA,NA
9,NA,NA,AK,2024-05-13,NA,NA,NA,NA,NA,NA,NA,NA,NA,NA,NA,NA,NA,NA
10,NA,NA,AK,2024-05-14,NA,NA,NA,NA,NA,NA,NA,NA,NA,NA,NA,NA,NA,NA
11,NA,NA,AK,2024-05-15,NA,NA,NA,NA,NA,NA,NA,NA,NA,NA,NA,NA,NA,NA
12,NA,NA,AK,2024-05-16,NA,NA,NA,NA,NA,NA,NA,NA,NA,NA,NA,NA,NA,NA
13,NA,NA,AK,2024-05-17,NA,NA,NA,NA,NA,NA,NA,NA,NA,NA,NA,NA,NA,NA
14,NA,NA,AK,2024-05-18,NA,NA,NA,NA,NA,NA,NA,NA,NA,NA,NA,NA,NA,NA
15,NA,NA,AK,2024-05-19,NA,NA,NA,NA,NA,NA,NA,NA,NA,NA,NA,NA,NA,NA
16,NA,NA,AK,2024-05-20,NA,NA,NA,NA,NA,NA,NA,NA,NA,NA,NA,NA,NA,NA
17,NA,NA,AK,2024-05-21,NA,NA,NA,NA,NA,NA,NA,NA,NA,NA,NA,NA,NA,NA
18,NA,NA,AK,2024-05-22,NA,NA,NA,NA,NA,NA,NA,NA,NA,NA,NA,NA,NA,NA
19,NA,NA,AK,2024-05-23,NA,NA,NA,NA,NA,NA,NA,NA,NA,NA,NA,NA,NA,NA
20,NA,NA,AK,2024-05-24,NA,NA,NA,NA,NA,NA,NA,NA,NA,NA,NA,NA,NA,NA
21,NA,NA,AK,2024-05-25,NA,NA,NA,NA,NA,NA,NA,NA,NA,NA,NA,NA,NA,NA
22,NA,NA,AK,2024-05-26,NA,NA,NA,NA,NA,NA,NA,NA,NA,NA,NA,NA,NA,NA
23,NA,NA,AK,2024-05-27,NA,NA,NA,NA,NA,NA,NA,NA,NA,NA,NA,NA,NA,NA
24,NA,NA,AK,2024-05-28,NA,NA,NA,NA,NA,NA,NA,NA,NA,NA,NA,NA,NA,NA
25,NA,NA,AK,2024-05-29,NA,NA,NA,NA,NA,NA,NA,NA,NA,NA,NA,NA,NA,NA
26,NA,NA,AK,2024-05-30,NA,NA,NA,NA,NA,NA,NA,NA,NA,NA,NA,NA,NA,NA
27,0.457064531972727,0.2825200959545295,AK,2024-05-31,1,1,1,1,1,1,1,0,0,1,1,1,1,1
28,NA,NA,AK,2024-06-01,NA,NA,NA,NA,NA,NA,NA,NA,NA,NA,NA,NA,NA,NA
29,NA,NA,AK,2024-06-02,NA,NA,NA,NA,NA,NA,NA,NA,NA,NA,NA,NA,NA,NA
30,NA,NA,AK,2024-06-03,NA,NA,NA,NA,NA,NA,NA,NA,NA,NA,NA,NA,NA,NA
31,NA,NA,AK,2024-06-04,NA,NA,NA,NA,NA,NA,NA,NA,NA,NA,NA,NA,NA,NA
32,NA,NA,AK,2024-06-05,NA,NA,NA,NA,NA,NA,NA,NA,NA,NA,NA,NA,NA,NA
33,NA,NA,AK,2024-06-06,NA,NA,NA,NA,NA,NA,NA,NA,NA,NA,NA,NA,NA,NA
34,NA,NA,AK,2024-06-07,NA,NA,NA,NA,NA,NA,NA,NA,NA,NA,NA,NA,NA,NA
35,NA,NA,AK,2024-06-08,NA,NA,NA,NA,NA,NA,NA,NA,NA,NA,NA,NA,NA,NA
36,NA,NA,AK,2024-06-09,NA,NA,NA,NA,NA,NA,NA,NA,NA,NA,NA,NA,NA,NA
37,0.458241426359539,0.3932686486768465,AK,2024-06-10,1,1,1,1,1,1,1,1,0,1,0,1,1,1
38,NA,NA,AK,2024-06-11,NA,NA,NA,NA,NA,NA,NA,NA,NA,NA,NA,NA,NA,NA
39,NA,NA,AK,2024-06-12,NA,NA,NA,NA,NA,NA,NA,NA,NA,NA,NA,NA,NA,NA
40,0.695470349140238,0.572884237019345,AK,2024-06-13,0,1,1,1,1,1,1,1,1,1,1,1,1,1
41,NA,NA,AK,2024-06-14,NA,NA,NA,NA,NA,NA,NA,NA,NA,NA,NA,NA,NA,NA
42,NA,NA,AK,2024-06-15,NA,NA,NA,NA,NA,NA,NA,NA,NA,NA,NA,NA,NA,NA
43,NA,NA,AL,2024-05-05,NA,NA,NA,NA,NA,NA,NA,NA,NA,NA,NA,NA,NA,NA
44,1.41849617178623,0.420212658396631,AL,2024-05-06,1,1,1,0,1,1,1,0,0,1,0,1,1,1
45,NA,NA,AL,2024-05-07,NA,NA,NA,NA,NA,NA,NA,NA,NA,NA,NA,NA,NA,NA
46,NA,NA,AL,2024-05-08,NA,NA,NA,NA,NA,NA,NA,NA,NA,NA,NA,NA,NA,NA
47,NA,NA,AL,2024-05-09,NA,NA,NA,NA,NA,NA,NA,NA,NA,NA,NA,NA,NA,NA
48,NA,NA,AL,2024-05-10,NA,NA,NA,NA,NA,NA,NA,NA,NA,NA,NA,NA,NA,NA
49,NA,NA,AL,2024-05-11,NA,NA,NA,NA,NA,NA,NA,NA,NA,NA,NA,NA,NA,NA
50,NA,NA,AL,2024-05-12,NA,NA,NA,NA,NA,NA,NA,NA,NA,NA,NA,NA,NA,NA
51,NA,NA,AL,2024-05-13,NA,NA,NA,NA,NA,NA,NA,NA,NA,NA,NA,NA,NA,NA
52,NA,NA,AL,2024-05-14,NA,NA,NA,NA,NA,NA,NA,NA,NA,NA,NA,NA,NA,NA
53,NA,NA,AL,2024-05-15,NA,NA,NA,NA,NA,NA,NA,NA,NA,NA,NA,NA,NA,NA
54,NA,NA,AL,2024-05-16,NA,NA,NA,NA,NA,NA,NA,NA,NA,NA,NA,NA,NA,NA
55,NA,NA,AL,2024-05-17,NA,NA,NA,NA,NA,NA,NA,NA,NA,NA,NA,NA,NA,NA
56,NA,NA,AL,2024-05-18,NA,NA,NA,NA,NA,NA,NA,NA,NA,NA,NA,NA,NA,NA
57,NA,NA,AL,2024-05-19,NA,NA,NA,NA,NA,NA,NA,NA,NA,NA,NA,NA,NA,NA
58,NA,NA,AL,2024-05-20,NA,NA,NA,NA,NA,NA,NA,NA,NA,NA,NA,NA,NA,NA
59,NA,NA,AL,2024-05-21,NA,NA,NA,NA,NA,NA,NA,NA,NA,NA,NA,NA,NA,NA
60,NA,NA,AL,2024-05-22,NA,NA,NA,NA,NA,NA,NA,NA,NA,NA,NA,NA,NA,NA
61,NA,NA,AL,2024-05-23,NA,NA,NA,NA,NA,NA,NA,NA,NA,NA,NA,NA,NA,NA
62,NA,NA,AL,2024-05-24,NA,NA,NA,NA,NA,NA,NA,NA,NA,NA,NA,NA,NA,NA
63,NA,NA,AL,2024-05-25,NA,NA,NA,NA,NA,NA,NA,NA,NA,NA,NA,NA,NA,NA
64,NA,NA,AL,2024-05-26,NA,NA,NA,NA,NA,NA,NA,NA,NA,NA,NA,NA,NA,NA
65,NA,NA,AL,2024-05-27,NA,NA,NA,NA,NA,NA,NA,NA,NA,NA,NA,NA,NA,NA
66,NA,NA,AL,2024-05-28,NA,NA,NA,NA,NA,NA,NA,NA,NA,NA,NA,NA,NA,NA
67,NA,NA,AL,2024-05-29,NA,NA,NA,NA,NA,NA,NA,NA,NA,NA,NA,NA,NA,NA
68,NA,NA,AL,2024-05-30,NA,NA,NA,NA,NA,NA,NA,NA,NA,NA,NA,NA,NA,NA
69,NA,NA,AL,2024-05-31,NA,NA,NA,NA,NA,NA,NA,NA,NA,NA,NA,NA,NA,NA
70,NA,NA,AL,2024-06-01,NA,NA,NA,NA,NA,NA,NA,NA,NA,NA,NA,NA,NA,NA
71,NA,NA,AL,2024-06-02,NA,NA,NA,NA,NA,NA,NA,NA,NA,NA,NA,NA,NA,NA
72,NA,NA,AL,2024-06-03,NA,NA,NA,NA,NA,NA,NA,NA,NA,NA,NA,NA,NA,NA
73,NA,NA,AL,2024-06-04,NA,NA,NA,NA,NA,NA,NA,NA,NA,NA,NA,NA,NA,NA
74,NA,NA,AL,2024-06-05,NA,NA,NA,NA,NA,NA,NA,NA,NA,NA,NA,NA,NA,NA
75,NA,NA,AL,2024-06-06,NA,NA,NA,NA,NA,NA,NA,NA,NA,NA,NA,NA,NA,NA
76,NA,NA,AL,2024-06-07,NA,NA,NA,NA,NA,NA,NA,NA,NA,NA,NA,NA,NA,NA
77,NA,NA,AL,2024-06-08,NA,NA,NA,NA,NA,NA,NA,NA,NA,NA,NA,NA,NA,NA
78,NA,NA,AL,2024-06-09,NA,NA,NA,NA,NA,NA,NA,NA,NA,NA,NA,NA,NA,NA
79,NA,NA,AL,2024-06-10,NA,NA,NA,NA,NA,NA,NA,NA,NA,NA,NA,NA,NA,NA
80,NA,NA,AL,2024-06-11,NA,NA,NA,NA,NA,NA,NA,NA,NA,NA,NA,NA,NA,NA
81,NA,NA,AL,2024-06-12,NA,NA,NA,NA,NA,NA,NA,NA,NA,NA,NA,NA,NA,NA
82,NA,NA,AL,2024-06-13,NA,NA,NA,NA,NA,NA,NA,NA,NA,NA,NA,NA,NA,NA
83,NA,NA,AL,2024-06-14,NA,NA,NA,NA,NA,NA,NA,NA,NA,NA,NA,NA,NA,NA
84,NA,NA,AL,2024-06-15,NA,NA,NA,NA,NA,NA,NA,NA,NA,NA,NA,NA,NA,NA
85,NA,NA,AR,2024-05-05,NA,NA,NA,NA,NA,NA,NA,NA,NA,NA,NA,NA,NA,NA
86,NA,NA,AR,2024-05-06,NA,NA,NA,NA,NA,NA,NA,NA,NA,NA,NA,NA,NA,NA
87,NA,NA,AR,2024-05-07,NA,NA,NA,NA,NA,NA,NA,NA,NA,NA,NA,NA,NA,NA
88,0.166155286628368,0.1060686645307645,AR,2024-05-08,1,1,1,1,1,1,1,0,0,1,1,1,1,1
89,NA,NA,AR,2024-05-09,NA,NA,NA,NA,NA,NA,NA,NA,NA,NA,NA,NA,NA,NA
90,NA,NA,AR,2024-05-10,NA,NA,NA,NA,NA,NA,NA,NA,NA,NA,NA,NA,NA,NA
91,NA,NA,AR,2024-05-11,NA,NA,NA,NA,NA,NA,NA,NA,NA,NA,NA,NA,NA,NA
92,NA,NA,AR,2024-05-12,NA,NA,NA,NA,NA,NA,NA,NA,NA,NA,NA,NA,NA,NA
93,NA,NA,AR,2024-05-13,NA,NA,NA,NA,NA,NA,NA,NA,NA,NA,NA,NA,NA,NA
94,NA,NA,AR,2024-05-14,NA,NA,NA,NA,NA,NA,NA,NA,NA,NA,NA,NA,NA,NA
95,NA,NA,AR,2024-05-15,NA,NA,NA,NA,NA,NA,NA,NA,NA,NA,NA,NA,NA,NA
96,NA,NA,AR,2024-05-16,NA,NA,NA,NA,NA,NA,NA,NA,NA,NA,NA,NA,NA,NA
97,NA,NA,AR,2024-05-17,NA,NA,NA,NA,NA,NA,NA,NA,NA,NA,NA,NA,NA,NA
98,NA,NA,AR,2024-05-18,NA,NA,NA,NA,NA,NA,NA,NA,NA,NA,NA,NA,NA,NA
99,NA,NA,AR,2024-05-19,NA,NA,NA,NA,NA,NA,NA,NA,NA,NA,NA,NA,NA,NA
100,NA,NA,AR,2024-05-20,NA,NA,NA,NA,NA,NA,NA,NA,NA,NA,NA,NA,NA,NA
101,NA,NA,AR,2024-05-21,NA,NA,NA,NA,NA,NA,NA,NA,NA,NA,NA,NA,NA,NA
102,NA,NA,AR,2024-05-22,NA,NA,NA,NA,NA,NA,NA,NA,NA,NA,NA,NA,NA,NA
103,NA,NA,AR,2024-05-23,NA,NA,NA,NA,NA,NA,NA,NA,NA,NA,NA,NA,NA,NA
104,NA,NA,AR,2024-05-24,NA,NA,NA,NA,NA,NA,NA,NA,NA,NA,NA,NA,NA,NA
105,NA,NA,AR,2024-05-25,NA,NA,NA,NA,NA,NA,NA,NA,NA,NA,NA,NA,NA,NA
106,NA,NA,AR,2024-05-26,NA,NA,NA,NA,NA,NA,NA,NA,NA,NA,NA,NA,NA,NA
107,NA,NA,AR,2024-05-27,NA,NA,NA,NA,NA,NA,NA,NA,NA,NA,NA,NA,NA,NA
108,NA,NA,AR,2024-05-28,NA,NA,NA,NA,NA,NA,NA,NA,NA,NA,NA,NA,NA,NA
109,NA,NA,AR,2024-05-29,NA,NA,NA,NA,NA,NA,NA,NA,NA,NA,NA,NA,NA,NA
110,NA,NA,AR,2024-05-30,NA,NA,NA,NA,NA,NA,NA,NA,NA,NA,NA,NA,NA,NA
111,NA,NA,AR,2024-05-31,NA,NA,NA,NA,NA,NA,NA,NA,NA,NA,NA,NA,NA,NA
112,NA,NA,AR,2024-06-01,NA,NA,NA,NA,NA,NA,NA,NA,NA,NA,NA,NA,NA,NA
113,NA,NA,AR,2024-06-02,NA,NA,NA,NA,NA,NA,NA,NA,NA,NA,NA,NA,NA,NA
114,NA,NA,AR,2024-06-03,NA,NA,NA,NA,NA,NA,NA,NA,NA,NA,NA,NA,NA,NA
115,NA,NA,AR,2024-06-04,NA,NA,NA,NA,NA,NA,NA,NA,NA,NA,NA,NA,NA,NA
116,NA,NA,AR,2024-06-05,NA,NA,NA,NA,NA,NA,NA,NA,NA,NA,NA,NA,NA,NA
117,NA,NA,AR,2024-06-06,NA,NA,NA,NA,NA,NA,NA,NA,NA,NA,NA,NA,NA,NA
118,NA,NA,AR,2024-06-07,NA,NA,NA,NA,NA,NA,NA,NA,NA,NA,NA,NA,NA,NA
119,NA,NA,AR,2024-06-08,NA,NA,NA,NA,NA,NA,NA,NA,NA,NA,NA,NA,NA,NA
120,NA,NA,AR,2024-06-09,NA,NA,NA,NA,NA,NA,NA,NA,NA,NA,NA,NA,NA,NA
121,0.619936934078317,0.4564297817553805,AR,2024-06-10,0,1,1,1,1,1,1,0,0,1,1,1,1,1
122,NA,NA,AR,2024-06-11,NA,NA,NA,NA,NA,NA,NA,NA,NA,NA,NA,NA,NA,NA
123,NA,NA,AR,2024-06-12,NA,NA,NA,NA,NA,NA,NA,NA,NA,NA,NA,NA,NA,NA
124,NA,NA,AR,2024-06-13,NA,NA,NA,NA,NA,NA,NA,NA,NA,NA,NA,NA,NA,NA
125,NA,NA,AR,2024-06-14,NA,NA,NA,NA,NA,NA,NA,NA,NA,NA,NA,NA,NA,NA
126,NA,NA,AR,2024-06-15,NA,NA,NA,NA,NA,NA,NA,NA,NA,NA,NA,NA,NA,NA
127,NA,NA,AZ,2024-05-05,NA,NA,NA,NA,NA,NA,NA,NA,NA,NA,NA,NA,NA,NA
128,1.29861691819725,0.088385108387766,AZ,2024-05-06,0,1,1,1,1,1,1,0,0,1,0,1,1,1
129,1.03740337028369,0.0951898070514155,AZ,2024-05-07,0,1,1,1,1,1,1,1,1,1,1,1,1,1
130,1.89122307220328,0.1502217289296775,AZ,2024-05-08,0,1,1,0,1,1,1,0,1,1,0,0,1,1
131,0.49462246490154,0.247118849026164,AZ,2024-05-09,1,1,1,1,1,1,1,0,1,1,0,1,1,1
132,1.64209264356046,0.384455341319332,AZ,2024-05-10,0,0,1,1,1,1,1,0,0,1,0,1,1,1
133,1.01302798423102,0.512692652709215,AZ,2024-05-11,0,1,1,1,1,1,1,0,1,1,0,1,1,1
134,0.195710921721428,0.135380338835922,AZ,2024-05-12,1,1,1,1,1,1,1,1,1,1,1,1,1,1
135,1.3306101655877,0.427483111216348,AZ,2024-05-13,1,1,1,1,0,0,1,1,1,1,0,0,0,1
136,0.532633558977432,0.2643079489716615,AZ,2024-05-14,1,1,1,1,1,1,1,1,1,1,1,1,1,1
137,0.541830577618831,0.266409526248113,AZ,2024-05-15,1,1,1,1,1,1,1,0,0,1,0,1,0,1
138,0.619684496814746,0.456501535235019,AZ,2024-05-16,1,1,1,0,1,1,1,1,1,1,1,1,1,1
139,0.648813520247244,0.439798808646706,AZ,2024-05-17,1,0,1,1,1,1,1,0,0,1,1,1,1,1
140,0.290794212926852,0.1970938023075385,AZ,2024-05-18,1,1,1,1,1,1,1,1,1,1,1,1,1,1
141,0.298507856954038,0.208675114589804,AZ,2024-05-19,1,1,1,1,1,1,1,0,0,1,1,1,1,1
142,0.525259889693437,0.403385154436653,AZ,2024-05-20,1,1,1,1,1,1,1,0,1,1,0,1,1,1
143,0.844473138894761,0.232768359550778,AZ,2024-05-21,0,1,1,1,1,1,1,0,1,1,0,1,1,1
144,0.409183275965829,0.3118094011430195,AZ,2024-05-22,1,1,1,1,1,1,1,1,0,1,0,1,1,1
145,NA,NA,AZ,2024-05-23,NA,NA,NA,NA,NA,NA,NA,NA,NA,NA,NA,NA,NA,NA
146,0.401523033633406,0.2708097549849305,AZ,2024-05-24,1,1,1,1,1,1,1,0,0,1,1,1,1,1
147,NA,NA,AZ,2024-05-25,NA,NA,NA,NA,NA,NA,NA,NA,NA,NA,NA,NA,NA,NA
148,0.80987888538803,0.3385852702944135,AZ,2024-05-26,1,1,1,1,1,1,1,0,1,1,0,1,1,1
149,1.98515294494873,0.4625227763687795,AZ,2024-05-27,1,1,1,0,0,1,1,0,0,1,0,0,1,1
150,1.31710090829953,0.3176700933921915,AZ,2024-05-28,1,0,1,1,1,1,1,0,0,1,0,1,1,1
151,0.907140233840945,0.41349072440974,AZ,2024-05-29,1,1,1,1,1,1,0,0,1,1,0,1,1,0
152,0.578422525092595,0.3722808895188325,AZ,2024-05-30,1,0,1,1,1,1,1,1,1,1,1,1,1,1
153,NA,NA,AZ,2024-05-31,NA,NA,NA,NA,NA,NA,NA,NA,NA,NA,NA,NA,NA,NA
154,0.726124188644281,0.3733522300907185,AZ,2024-06-01,1,1,1,1,1,1,1,0,1,1,0,1,1,1
155,1.29302871627567,0.266742275864952,AZ,2024-06-02,1,1,1,0,1,1,1,0,0,1,0,1,1,1
156,1.04649399022104,0.326820388935712,AZ,2024-06-03,1,1,1,1,1,1,1,1,0,1,0,1,1,1
157,1.31771315292774,0.371872806333507,AZ,2024-06-04,1,1,1,1,0,1,1,0,0,1,0,0,0,1
158,1.62911318182432,0.368641226589827,AZ,2024-06-05,1,0,1,0,1,1,1,0,0,1,1,1,1,1
159,3.48275260146433,0.3859157324522285,AZ,2024-06-06,0,1,1,0,1,1,1,0,0,1,1,1,0,1
160,0.65722927638334006,0.231481850443808,AZ,2024-06-07,1,1,1,0,1,1,1,1,0,1,0,1,1,1
161,2.92997488254514,0.452868723454909,AZ,2024-06-08,0,0,0,0,1,1,1,0,0,0,0,1,0,1
162,1.17404403104521,0.3680221397414265,AZ,2024-06-09,1,1,1,1,1,1,0,1,0,1,1,1,1,0
163,6.66882362639747,0.3886598847514845,AZ,2024-06-10,0,0,1,0,1,1,1,0,0,1,0,1,1,1
164,6.97252506528678,0.418335003707083,AZ,2024-06-11,0,1,1,0,1,0,1,0,0,1,0,1,0,1
165,9.95901199858896,0.4203819665559345,AZ,2024-06-12,0,1,1,0,1,1,0,0,0,1,0,1,0,0
166,3.10112240220324,0.4194537573292975,AZ,2024-06-13,0,0,1,1,1,0,1,0,0,1,0,1,0,1
167,1.11914465563039,0.262041002741244,AZ,2024-06-14,1,1,1,1,1,1,1,0,0,1,0,1,1,1
168,0.801900964585834,0.535042345824285,AZ,2024-06-15,0,1,1,1,1,1,1,0,1,1,0,1,1,1
169,2.28171484806705,0.201612700628983,CA,2024-05-05,0,1,1,1,1,1,1,0,0,1,0,1,1,1
170,4.63929151119319,0.2692934704621785,CA,2024-05-06,0,0,1,1,1,1,1,0,0,1,0,0,1,1
171,7.18538599705556,0.4099342588486325,CA,2024-05-07,0,0,1,0,1,0,1,0,0,0,0,1,0,1
172,3.26546797840433,0.2953350875853975,CA,2024-05-08,0,0,1,1,0,1,1,1,0,0,1,0,1,1
173,3.84688633501798,0.3222203777838915,CA,2024-05-09,0,0,1,1,0,0,1,0,0,0,0,0,0,1
174,2.25187739564361,0.333131184245384,CA,2024-05-10,1,1,1,0,1,0,1,1,0,0,0,0,0,1
175,3.10784936965028,0.387752266013609,CA,2024-05-11,1,0,1,0,1,1,1,0,0,0,0,1,1,1
176,3.62033274784625,0.361287396723264,CA,2024-05-12,0,1,1,0,1,1,1,0,0,0,0,0,1,1
177,3.00592907481873,0.4186147964569345,CA,2024-05-13,1,0,0,1,1,0,1,0,0,0,1,0,0,1
178,8.91702070846993,0.4125159564624585,CA,2024-05-14,0,0,1,0,1,0,1,0,0,1,0,0,0,1
179,2.36999991478124,0.3397306952696725,CA,2024-05-15,1,1,0,1,0,1,1,0,0,0,0,0,1,1
180,5.78648257376573,0.3266848778905635,CA,2024-05-16,0,0,1,1,0,1,1,0,0,1,0,0,1,1
181,5.79387188003787,0.337875960641301,CA,2024-05-17,0,0,1,0,0,1,1,0,0,0,0,0,0,1
182,4.72790226656947,0.3435114241504515,CA,2024-05-18,0,0,1,1,1,1,1,0,0,1,0,0,1,1
183,5.49212580527788,0.4187195766099365,CA,2024-05-19,1,0,1,1,0,0,1,0,0,0,0,0,0,1
184,7.72968815688891,0.3050990315134255,CA,2024-05-20,0,1,1,0,0,1,1,0,1,0,0,0,1,1
185,11.5195280658056,0.3769151281824955,CA,2024-05-21,0,0,0,1,0,1,1,0,0,0,0,0,0,1
186,12.6049356424578,0.377403843361805,CA,2024-05-22,0,0,1,0,0,0,1,0,0,0,1,0,0,1
187,5.39521954990388,0.333392316436455,CA,2024-05-23,0,1,1,1,0,1,1,0,0,1,0,0,1,1
188,7.70914895879654,0.4070234976053175,CA,2024-05-24,0,0,0,1,0,0,1,0,0,0,0,0,0,1
189,3.45534951573379,0.34827196920297,CA,2024-05-25,0,1,1,1,0,1,0,0,0,0,0,0,1,0
190,10.1949132761918,0.443330083636983,CA,2024-05-26,0,0,1,1,1,0,0,0,0,1,0,0,0,0
191,8.25947505935655,0.3894636556594785,CA,2024-05-27,0,0,0,1,0,1,1,0,0,0,0,0,0,1
192,8.84567896829459,0.3798070882629085,CA,2024-05-28,0,1,0,1,0,1,1,0,0,0,0,0,1,1
193,5.92124575078232,0.3788777688299915,CA,2024-05-29,0,1,1,1,0,1,1,0,1,0,0,0,0,1
194,6.56134343083379,0.4036012590724405,CA,2024-05-30,1,1,0,1,0,0,0,0,0,1,0,0,0,0
195,23.7784160998229,0.443559095852801,CA,2024-05-31,0,0,1,1,0,0,0,0,0,1,0,0,0,0
196,2.34965228593053,0.3639397449716865,CA,2024-06-01,1,1,1,1,1,0,1,0,0,0,0,0,0,1
197,5.7304571703644704,0.4051959177115205,CA,2024-06-02,0,1,1,1,0,0,0,0,0,1,0,0,0,0
198,11.587509728335,0.4252483070736745,CA,2024-06-03,0,0,0,1,0,0,1,0,0,1,0,0,0,1
199,12.9288540347892,0.4275110508373065,CA,2024-06-04,0,0,1,1,0,0,0,0,0,0,0,0,0,0
200,24.3315646311031,0.4488798374268775,CA,2024-06-05,0,0,0,1,0,0,0,0,0,1,0,0,0,0
201,24.1732689908416,0.4228911848810495,CA,2024-06-06,0,0,0,1,0,1,0,0,0,0,0,0,0,0
202,9.98270207722012,0.3638761745808755,CA,2024-06-07,0,1,1,1,0,1,1,0,0,1,0,0,0,1
203,9.09122500815573,0.4769972411979005,CA,2024-06-08,0,0,1,1,0,1,0,0,0,1,0,0,1,0
204,12.21388296749,0.4582052232421425,CA,2024-06-09,0,0,0,1,0,0,0,0,0,0,1,0,0,0
205,14.0285807927256,0.420255289579071,CA,2024-06-10,0,0,1,1,0,1,1,0,0,0,1,0,0,1
206,20.1516144318118,0.4639101307790155,CA,2024-06-11,0,0,1,1,0,0,0,0,0,1,0,0,0,0
207,19.3336095750214,0.4784070866846615,CA,2024-06-12,0,0,0,1,0,0,0,0,0,0,0,0,0,0
208,15.6560272525434,0.47127617979985,CA,2024-06-13,0,0,0,1,0,1,1,0,0,1,1,0,0,1
209,11.7524652263714,0.50621571397231,CA,2024-06-14,0,0,0,1,0,0,0,0,0,0,0,0,0,0
210,5.42320392164618,0.4486627403628185,CA,2024-06-15,0,0,1,1,1,1,0,0,0,1,0,0,1,0
211,NA,NA,CO,2024-05-05,NA,NA,NA,NA,NA,NA,NA,NA,NA,NA,NA,NA,NA,NA
212,0.490434003904222,0.334260081735153,CO,2024-05-06,1,1,1,1,1,1,1,1,1,1,1,1,1,1
213,NA,NA,CO,2024-05-07,NA,NA,NA,NA,NA,NA,NA,NA,NA,NA,NA,NA,NA,NA
214,NA,NA,CO,2024-05-08,NA,NA,NA,NA,NA,NA,NA,NA,NA,NA,NA,NA,NA,NA
215,NA,NA,CO,2024-05-09,NA,NA,NA,NA,NA,NA,NA,NA,NA,NA,NA,NA,NA,NA
216,0.378641751180885,0.300355615081476,CO,2024-05-10,1,1,1,1,1,1,1,0,0,1,1,1,1,1
217,NA,NA,CO,2024-05-11,NA,NA,NA,NA,NA,NA,NA,NA,NA,NA,NA,NA,NA,NA
218,NA,NA,CO,2024-05-12,NA,NA,NA,NA,NA,NA,NA,NA,NA,NA,NA,NA,NA,NA
219,0.431410471570777,0.3413233661825185,CO,2024-05-13,1,1,1,1,1,1,1,0,1,1,0,1,1,1
220,NA,NA,CO,2024-05-14,NA,NA,NA,NA,NA,NA,NA,NA,NA,NA,NA,NA,NA,NA
221,0.474234385610678,0.3685286477146965,CO,2024-05-15,1,1,1,1,1,1,1,0,0,1,1,1,1,1
222,NA,NA,CO,2024-05-16,NA,NA,NA,NA,NA,NA,NA,NA,NA,NA,NA,NA,NA,NA
223,NA,NA,CO,2024-05-17,NA,NA,NA,NA,NA,NA,NA,NA,NA,NA,NA,NA,NA,NA
224,NA,NA,CO,2024-05-18,NA,NA,NA,NA,NA,NA,NA,NA,NA,NA,NA,NA,NA,NA
225,NA,NA,CO,2024-05-19,NA,NA,NA,NA,NA,NA,NA,NA,NA,NA,NA,NA,NA,NA
226,0.788250749074539,0.5707600341756,CO,2024-05-20,1,1,1,1,1,0,1,0,1,1,1,1,0,1
227,NA,NA,CO,2024-05-21,NA,NA,NA,NA,NA,NA,NA,NA,NA,NA,NA,NA,NA,NA
228,0.694351074265007,0.3927611194132185,CO,2024-05-22,1,1,1,1,1,1,1,1,0,1,0,1,1,1
229,NA,NA,CO,2024-05-23,NA,NA,NA,NA,NA,NA,NA,NA,NA,NA,NA,NA,NA,NA
230,0.611166674456588,0.4813834063587865,CO,2024-05-24,0,1,1,1,1,1,1,0,0,1,1,1,1,1
231,NA,NA,CO,2024-05-25,NA,NA,NA,NA,NA,NA,NA,NA,NA,NA,NA,NA,NA,NA
232,NA,NA,CO,2024-05-26,NA,NA,NA,NA,NA,NA,NA,NA,NA,NA,NA,NA,NA,NA
233,NA,NA,CO,2024-05-27,NA,NA,NA,NA,NA,NA,NA,NA,NA,NA,NA,NA,NA,NA
234,NA,NA,CO,2024-05-28,NA,NA,NA,NA,NA,NA,NA,NA,NA,NA,NA,NA,NA,NA
235,0.670305818792648,0.532505436667145,CO,2024-05-29,0,1,1,1,1,1,1,0,0,1,1,1,1,1
236,NA,NA,CO,2024-05-30,NA,NA,NA,NA,NA,NA,NA,NA,NA,NA,NA,NA,NA,NA
237,NA,NA,CO,2024-05-31,NA,NA,NA,NA,NA,NA,NA,NA,NA,NA,NA,NA,NA,NA
238,NA,NA,CO,2024-06-01,NA,NA,NA,NA,NA,NA,NA,NA,NA,NA,NA,NA,NA,NA
239,NA,NA,CO,2024-06-02,NA,NA,NA,NA,NA,NA,NA,NA,NA,NA,NA,NA,NA,NA
240,NA,NA,CO,2024-06-03,NA,NA,NA,NA,NA,NA,NA,NA,NA,NA,NA,NA,NA,NA
241,0.401330163248093,0.287865404307056,CO,2024-06-04,1,1,1,1,1,1,1,1,1,1,1,1,1,1
242,0.919220876393652,0.2916492744971195,CO,2024-06-05,1,0,1,1,1,1,1,1,0,1,1,1,0,1
243,0.760686510483641,0.593801820575145,CO,2024-06-06,0,1,1,1,1,1,1,0,0,1,1,1,1,1
244,NA,NA,CO,2024-06-07,NA,NA,NA,NA,NA,NA,NA,NA,NA,NA,NA,NA,NA,NA
245,NA,NA,CO,2024-06-08,NA,NA,NA,NA,NA,NA,NA,NA,NA,NA,NA,NA,NA,NA
246,NA,NA,CO,2024-06-09,NA,NA,NA,NA,NA,NA,NA,NA,NA,NA,NA,NA,NA,NA
247,1.07062592004856,0.251313009348058,CO,2024-06-10,1,1,1,0,1,1,1,0,0,1,0,1,1,1
248,0.370571951612669,0.2270044488556625,CO,2024-06-11,1,1,1,1,1,1,1,1,0,1,0,1,1,1
249,0.426904037599793,0.322041686467794,CO,2024-06-12,1,1,1,1,1,1,1,1,1,1,1,1,1,1
250,0.818735296147457,0.62921901876551,CO,2024-06-13,0,1,1,1,1,1,1,0,0,1,1,1,1,1
251,0.819161426984068,0.6331586780756,CO,2024-06-14,0,1,1,1,1,1,1,0,0,1,1,1,1,1
252,NA,NA,CO,2024-06-15,NA,NA,NA,NA,NA,NA,NA,NA,NA,NA,NA,NA,NA,NA
253,NA,NA,CT,2024-05-05,NA,NA,NA,NA,NA,NA,NA,NA,NA,NA,NA,NA,NA,NA
254,0.956439590023354,0.659566340463295,CT,2024-05-06,1,1,0,1,1,1,1,0,1,0,1,1,1,1
255,1.28468315749129,0.595790560341145,CT,2024-05-07,0,1,1,0,0,1,1,0,1,1,0,0,1,1
256,NA,NA,CT,2024-05-08,NA,NA,NA,NA,NA,NA,NA,NA,NA,NA,NA,NA,NA,NA
257,0.242878903813797,0.2412615122229275,CT,2024-05-09,1,1,1,1,1,1,1,1,1,1,1,1,1,1
258,0.84798544170143,0.4522770188201745,CT,2024-05-10,1,1,1,1,1,0,1,1,1,1,1,1,1,1
259,NA,NA,CT,2024-05-11,NA,NA,NA,NA,NA,NA,NA,NA,NA,NA,NA,NA,NA,NA
260,NA,NA,CT,2024-05-12,NA,NA,NA,NA,NA,NA,NA,NA,NA,NA,NA,NA,NA,NA
261,0.509287026327402,0.264303083694982,CT,2024-05-13,1,1,1,1,1,1,1,1,0,1,1,1,0,1
262,0.318141115133445,0.303151029351264,CT,2024-05-14,1,1,1,1,1,1,1,1,1,1,1,1,1,1
263,0.342398427404881,0.3155874935866405,CT,2024-05-15,1,1,1,1,1,1,1,0,0,1,1,1,1,1
264,NA,NA,CT,2024-05-16,NA,NA,NA,NA,NA,NA,NA,NA,NA,NA,NA,NA,NA,NA
265,NA,NA,CT,2024-05-17,NA,NA,NA,NA,NA,NA,NA,NA,NA,NA,NA,NA,NA,NA
266,NA,NA,CT,2024-05-18,NA,NA,NA,NA,NA,NA,NA,NA,NA,NA,NA,NA,NA,NA
267,0.413591210989255,0.364354817142355,CT,2024-05-19,1,1,1,1,1,1,1,0,0,1,1,1,1,1
268,NA,NA,CT,2024-05-20,NA,NA,NA,NA,NA,NA,NA,NA,NA,NA,NA,NA,NA,NA
269,NA,NA,CT,2024-05-21,NA,NA,NA,NA,NA,NA,NA,NA,NA,NA,NA,NA,NA,NA
270,0.465240991462917,0.3990313083265545,CT,2024-05-22,1,1,1,1,1,1,1,0,1,1,1,1,0,1
271,0.484309851158246,0.410085785930497,CT,2024-05-23,1,1,1,1,1,1,1,0,0,1,1,1,1,1
272,0.502391052395888,0.4208520438174085,CT,2024-05-24,1,1,1,1,1,1,1,1,1,1,1,1,1,1
273,NA,NA,CT,2024-05-25,NA,NA,NA,NA,NA,NA,NA,NA,NA,NA,NA,NA,NA,NA
274,NA,NA,CT,2024-05-26,NA,NA,NA,NA,NA,NA,NA,NA,NA,NA,NA,NA,NA,NA
275,NA,NA,CT,2024-05-27,NA,NA,NA,NA,NA,NA,NA,NA,NA,NA,NA,NA,NA,NA
276,NA,NA,CT,2024-05-28,NA,NA,NA,NA,NA,NA,NA,NA,NA,NA,NA,NA,NA,NA
277,0.71015623100746,0.4399123265966535,CT,2024-05-29,1,1,1,1,1,1,1,0,0,1,0,1,0,1
278,0.396280784500191,0.209449264723441,CT,2024-05-30,1,1,1,1,1,1,1,1,0,1,1,1,0,1
279,0.614508121733431,0.486958826430651,CT,2024-05-31,0,1,1,1,1,1,1,0,1,1,1,1,0,1
280,NA,NA,CT,2024-06-01,NA,NA,NA,NA,NA,NA,NA,NA,NA,NA,NA,NA,NA,NA
281,NA,NA,CT,2024-06-02,NA,NA,NA,NA,NA,NA,NA,NA,NA,NA,NA,NA,NA,NA
282,NA,NA,CT,2024-06-03,NA,NA,NA,NA,NA,NA,NA,NA,NA,NA,NA,NA,NA,NA
283,NA,NA,CT,2024-06-04,NA,NA,NA,NA,NA,NA,NA,NA,NA,NA,NA,NA,NA,NA
284,0.681056373352982,0.523513503204805,CT,2024-06-05,0,1,1,1,1,1,1,0,1,1,0,1,1,1
285,NA,NA,CT,2024-06-06,NA,NA,NA,NA,NA,NA,NA,NA,NA,NA,NA,NA,NA,NA
286,0.972725213520219,0.441144121342178,CT,2024-06-07,1,1,1,1,1,0,1,1,1,1,1,1,1,1
287,NA,NA,CT,2024-06-08,NA,NA,NA,NA,NA,NA,NA,NA,NA,NA,NA,NA,NA,NA
288,NA,NA,CT,2024-06-09,NA,NA,NA,NA,NA,NA,NA,NA,NA,NA,NA,NA,NA,NA
289,1.61241923326504,0.50315534266056,CT,2024-06-10,0,1,1,1,1,1,1,0,0,1,0,1,0,1
290,NA,NA,CT,2024-06-11,NA,NA,NA,NA,NA,NA,NA,NA,NA,NA,NA,NA,NA,NA
291,0.460276550335757,0.349599807797666,CT,2024-06-12,1,1,1,1,1,1,1,1,1,1,0,1,0,1
292,NA,NA,CT,2024-06-13,NA,NA,NA,NA,NA,NA,NA,NA,NA,NA,NA,NA,NA,NA
293,1.09653858066849,0.553540809686245,CT,2024-06-14,0,1,1,1,1,0,1,0,0,1,1,1,1,1
294,NA,NA,CT,2024-06-15,NA,NA,NA,NA,NA,NA,NA,NA,NA,NA,NA,NA,NA,NA
295,NA,NA,DC,2024-05-05,NA,NA,NA,NA,NA,NA,NA,NA,NA,NA,NA,NA,NA,NA
296,NA,NA,DC,2024-05-06,NA,NA,NA,NA,NA,NA,NA,NA,NA,NA,NA,NA,NA,NA
297,NA,NA,DC,2024-05-07,NA,NA,NA,NA,NA,NA,NA,NA,NA,NA,NA,NA,NA,NA
298,NA,NA,DC,2024-05-08,NA,NA,NA,NA,NA,NA,NA,NA,NA,NA,NA,NA,NA,NA
299,NA,NA,DC,2024-05-09,NA,NA,NA,NA,NA,NA,NA,NA,NA,NA,NA,NA,NA,NA
300,NA,NA,DC,2024-05-10,NA,NA,NA,NA,NA,NA,NA,NA,NA,NA,NA,NA,NA,NA
301,NA,NA,DC,2024-05-11,NA,NA,NA,NA,NA,NA,NA,NA,NA,NA,NA,NA,NA,NA
302,NA,NA,DC,2024-05-12,NA,NA,NA,NA,NA,NA,NA,NA,NA,NA,NA,NA,NA,NA
303,NA,NA,DC,2024-05-13,NA,NA,NA,NA,NA,NA,NA,NA,NA,NA,NA,NA,NA,NA
304,NA,NA,DC,2024-05-14,NA,NA,NA,NA,NA,NA,NA,NA,NA,NA,NA,NA,NA,NA
305,NA,NA,DC,2024-05-15,NA,NA,NA,NA,NA,NA,NA,NA,NA,NA,NA,NA,NA,NA
306,0.489315290268844,0.4425260132092,DC,2024-05-16,1,1,1,1,1,1,1,0,0,1,1,1,1,1
307,0.513403490880931,0.454297289482873,DC,2024-05-17,1,1,1,1,1,1,1,0,0,1,1,1,1,1
308,0.534629973782885,0.4658098156395065,DC,2024-05-18,1,1,1,1,1,1,1,0,0,1,1,1,1,1
309,0.756613136971153,0.510885864476945,DC,2024-05-19,1,1,1,0,1,1,1,0,1,1,0,1,1,1
310,0.266332744780208,0.138231703418077,DC,2024-05-20,1,1,1,1,1,1,1,1,0,0,1,1,1,1
311,0.580431429603988,0.4985954375327055,DC,2024-05-21,0,1,1,1,1,1,1,0,0,1,1,1,1,1
312,0.588820572739567,0.508883233709055,DC,2024-05-22,0,1,1,1,1,1,1,0,1,1,0,1,1,1
313,0.601645227008801,0.51882731393829,DC,2024-05-23,0,1,1,1,1,1,1,1,1,1,1,1,1,1
314,0.628496164526811,0.52841673506227,DC,2024-05-24,0,1,1,1,1,1,1,0,0,1,1,1,1,1
315,0.63756001481107,0.53764258406315,DC,2024-05-25,0,1,1,1,1,1,1,0,0,1,1,1,1,1
316,0.247180927316717,0.1275193863520625,DC,2024-05-26,1,1,1,1,1,1,1,1,0,1,0,1,1,1
317,NA,NA,DC,2024-05-27,NA,NA,NA,NA,NA,NA,NA,NA,NA,NA,NA,NA,NA,NA
318,NA,NA,DC,2024-05-28,NA,NA,NA,NA,NA,NA,NA,NA,NA,NA,NA,NA,NA,NA
319,NA,NA,DC,2024-05-29,NA,NA,NA,NA,NA,NA,NA,NA,NA,NA,NA,NA,NA,NA
320,NA,NA,DC,2024-05-30,NA,NA,NA,NA,NA,NA,NA,NA,NA,NA,NA,NA,NA,NA
321,0.707039181618853,0.467105669374922,DC,2024-05-31,1,1,1,0,1,1,1,1,0,1,0,1,1,1
322,NA,NA,DC,2024-06-01,NA,NA,NA,NA,NA,NA,NA,NA,NA,NA,NA,NA,NA,NA
323,NA,NA,DC,2024-06-02,NA,NA,NA,NA,NA,NA,NA,NA,NA,NA,NA,NA,NA,NA
324,1.52819137356921,0.60377605991458,DC,2024-06-03,0,1,1,1,1,1,1,0,1,1,1,1,0,1
325,1.53551874210548,0.60927768143192,DC,2024-06-04,0,1,1,1,1,1,1,0,0,1,0,1,1,1
326,0.233847566288147,0.1304512518083615,DC,2024-06-05,1,1,1,1,1,1,1,1,1,1,1,1,1,1
327,NA,NA,DC,2024-06-06,NA,NA,NA,NA,NA,NA,NA,NA,NA,NA,NA,NA,NA,NA
328,NA,NA,DC,2024-06-07,NA,NA,NA,NA,NA,NA,NA,NA,NA,NA,NA,NA,NA,NA
329,NA,NA,DC,2024-06-08,NA,NA,NA,NA,NA,NA,NA,NA,NA,NA,NA,NA,NA,NA
330,NA,NA,DC,2024-06-09,NA,NA,NA,NA,NA,NA,NA,NA,NA,NA,NA,NA,NA,NA
331,NA,NA,DC,2024-06-10,NA,NA,NA,NA,NA,NA,NA,NA,NA,NA,NA,NA,NA,NA
332,0.822286527800849,0.638591431589895,DC,2024-06-11,0,1,1,1,1,1,1,1,1,1,1,1,1,1
333,1.06254886411005,0.530199861096635,DC,2024-06-12,0,1,1,1,1,1,1,0,0,1,1,1,1,1
334,1.29826873370546,0.404729410968066,DC,2024-06-13,0,1,1,0,1,1,1,1,1,1,1,1,1,1
335,0.90756045315238,0.53587269394236,DC,2024-06-14,1,1,1,1,1,1,1,1,0,1,0,1,0,1
336,0.830161236609846,0.64907453527105,DC,2024-06-15,0,1,1,1,1,1,1,0,0,1,1,1,1,1
337,NA,NA,DE,2024-05-05,NA,NA,NA,NA,NA,NA,NA,NA,NA,NA,NA,NA,NA,NA
338,NA,NA,DE,2024-05-06,NA,NA,NA,NA,NA,NA,NA,NA,NA,NA,NA,NA,NA,NA
339,NA,NA,DE,2024-05-07,NA,NA,NA,NA,NA,NA,NA,NA,NA,NA,NA,NA,NA,NA
340,NA,NA,DE,2024-05-08,NA,NA,NA,NA,NA,NA,NA,NA,NA,NA,NA,NA,NA,NA
341,NA,NA,DE,2024-05-09,NA,NA,NA,NA,NA,NA,NA,NA,NA,NA,NA,NA,NA,NA
342,NA,NA,DE,2024-05-10,NA,NA,NA,NA,NA,NA,NA,NA,NA,NA,NA,NA,NA,NA
343,NA,NA,DE,2024-05-11,NA,NA,NA,NA,NA,NA,NA,NA,NA,NA,NA,NA,NA,NA
344,0.585592729513623,0.18828613056525,DE,2024-05-12,1,1,1,1,1,1,1,0,1,1,1,1,0,1
345,0.254301464337478,0.1995131373485155,DE,2024-05-13,1,1,1,1,1,1,1,0,0,1,1,1,1,1
346,0.262256542902367,0.2110136423995515,DE,2024-05-14,1,1,1,1,1,1,1,0,0,1,1,1,1,1
347,NA,NA,DE,2024-05-15,NA,NA,NA,NA,NA,NA,NA,NA,NA,NA,NA,NA,NA,NA
348,1.61628081297114,0.311446129345319,DE,2024-05-16,0,0,1,1,1,1,1,0,0,1,0,1,1,1
349,NA,NA,DE,2024-05-17,NA,NA,NA,NA,NA,NA,NA,NA,NA,NA,NA,NA,NA,NA
350,NA,NA,DE,2024-05-18,NA,NA,NA,NA,NA,NA,NA,NA,NA,NA,NA,NA,NA,NA
351,NA,NA,DE,2024-05-19,NA,NA,NA,NA,NA,NA,NA,NA,NA,NA,NA,NA,NA,NA
352,NA,NA,DE,2024-05-20,NA,NA,NA,NA,NA,NA,NA,NA,NA,NA,NA,NA,NA,NA
353,NA,NA,DE,2024-05-21,NA,NA,NA,NA,NA,NA,NA,NA,NA,NA,NA,NA,NA,NA
354,1.0838420845585,0.4024481515044235,DE,2024-05-22,1,1,1,1,1,1,1,0,1,1,1,1,0,1
355,0.777086989553216,0.585458363453045,DE,2024-05-23,1,1,1,0,1,1,1,1,0,1,0,1,1,1
356,NA,NA,DE,2024-05-24,NA,NA,NA,NA,NA,NA,NA,NA,NA,NA,NA,NA,NA,NA
357,NA,NA,DE,2024-05-25,NA,NA,NA,NA,NA,NA,NA,NA,NA,NA,NA,NA,NA,NA
358,0.809692240918099,0.3542966289282465,DE,2024-05-26,1,1,1,1,1,1,1,1,0,1,0,1,1,1
359,NA,NA,DE,2024-05-27,NA,NA,NA,NA,NA,NA,NA,NA,NA,NA,NA,NA,NA,NA
360,0.354388384572737,0.2293460429999405,DE,2024-05-28,1,1,1,1,1,1,1,1,1,1,1,1,1,1
361,NA,NA,DE,2024-05-29,NA,NA,NA,NA,NA,NA,NA,NA,NA,NA,NA,NA,NA,NA
362,2.07888353347323,0.480101081811553,DE,2024-05-30,1,1,1,0,1,1,1,0,0,1,0,1,0,1
363,NA,NA,DE,2024-05-31,NA,NA,NA,NA,NA,NA,NA,NA,NA,NA,NA,NA,NA,NA
364,NA,NA,DE,2024-06-01,NA,NA,NA,NA,NA,NA,NA,NA,NA,NA,NA,NA,NA,NA
365,NA,NA,DE,2024-06-02,NA,NA,NA,NA,NA,NA,NA,NA,NA,NA,NA,NA,NA,NA
366,NA,NA,DE,2024-06-03,NA,NA,NA,NA,NA,NA,NA,NA,NA,NA,NA,NA,NA,NA
367,NA,NA,DE,2024-06-04,NA,NA,NA,NA,NA,NA,NA,NA,NA,NA,NA,NA,NA,NA
368,2.0219311353308,0.4675229099624245,DE,2024-06-05,0,0,1,1,1,1,1,0,0,1,1,1,0,1
369,NA,NA,DE,2024-06-06,NA,NA,NA,NA,NA,NA,NA,NA,NA,NA,NA,NA,NA,NA
370,0.840246567975096,0.4201259891123485,DE,2024-06-07,1,1,1,1,1,1,1,0,1,1,0,1,1,1
371,NA,NA,DE,2024-06-08,NA,NA,NA,NA,NA,NA,NA,NA,NA,NA,NA,NA,NA,NA
372,NA,NA,DE,2024-06-09,NA,NA,NA,NA,NA,NA,NA,NA,NA,NA,NA,NA,NA,NA
373,0.672633416318683,0.550395280510955,DE,2024-06-10,1,1,1,0,1,1,1,0,1,1,0,1,1,1
374,0.656202333619427,0.54995903669185,DE,2024-06-11,1,1,1,0,1,1,1,1,1,1,1,1,1,1
375,NA,NA,DE,2024-06-12,NA,NA,NA,NA,NA,NA,NA,NA,NA,NA,NA,NA,NA,NA
376,0.656649705940668,0.54942391244336,DE,2024-06-13,1,1,1,0,1,1,1,1,0,1,0,1,1,1
377,NA,NA,DE,2024-06-14,NA,NA,NA,NA,NA,NA,NA,NA,NA,NA,NA,NA,NA,NA
378,NA,NA,DE,2024-06-15,NA,NA,NA,NA,NA,NA,NA,NA,NA,NA,NA,NA,NA,NA
379,0.158843095405454,0.1367680692643795,FL,2024-05-05,1,1,1,1,1,1,1,1,1,1,1,1,1,1
380,0.47693121379234,0.1463113669762945,FL,2024-05-06,1,1,1,1,1,1,1,0,1,1,1,1,0,1
381,1.83380976066432,0.3827860705693445,FL,2024-05-07,0,1,1,0,1,1,1,0,1,1,0,1,1,1
382,0.899852132213458,0.324939448156349,FL,2024-05-08,1,1,1,1,0,1,1,1,1,0,1,0,1,1
383,0.567995475759341,0.331510465709862,FL,2024-05-09,1,1,1,1,1,1,1,0,1,1,0,1,1,1
384,0.223245603201388,0.1885902808495615,FL,2024-05-10,1,1,1,1,1,1,1,0,0,1,1,1,1,1
385,0.432563290772469,0.3034303697730575,FL,2024-05-11,1,1,1,1,1,1,1,1,0,1,1,0,1,1
386,NA,NA,FL,2024-05-12,NA,NA,NA,NA,NA,NA,NA,NA,NA,NA,NA,NA,NA,NA
387,0.684672323796738,0.224109778181649,FL,2024-05-13,0,1,1,1,1,1,1,0,1,1,1,1,0,1
388,3.09504873518858,0.50592777199335,FL,2024-05-14,0,1,1,1,1,0,1,0,1,1,0,0,0,1
389,0.597493427674421,0.291145787320121,FL,2024-05-15,1,1,1,1,1,1,1,0,1,1,1,0,1,1
390,0.312091859044396,0.26209402640054,FL,2024-05-16,1,1,1,1,1,1,1,1,1,1,1,1,1,1
391,0.97690096039303,0.3812508229190235,FL,2024-05-17,1,1,1,1,1,0,1,0,1,1,1,1,0,1
392,NA,NA,FL,2024-05-18,NA,NA,NA,NA,NA,NA,NA,NA,NA,NA,NA,NA,NA,NA
393,NA,NA,FL,2024-05-19,NA,NA,NA,NA,NA,NA,NA,NA,NA,NA,NA,NA,NA,NA
394,0.478163140522482,0.3321228714510695,FL,2024-05-20,1,1,1,1,1,1,1,1,0,1,0,1,1,1
395,0.791484056026842,0.334197356928263,FL,2024-05-21,1,1,1,1,1,1,1,0,0,1,0,1,1,1
396,0.41817855209685,0.341560040191225,FL,2024-05-22,1,1,1,1,1,1,1,0,0,1,1,1,1,1
397,0.499090249639196,0.3414182059321595,FL,2024-05-23,1,1,1,1,1,1,1,1,1,1,1,1,1,1
398,1.64746409129543,0.487791386228075,FL,2024-05-24,1,1,1,1,1,0,1,0,0,1,0,0,0,1
399,0.486425231799363,0.380918631572789,FL,2024-05-25,1,1,1,1,1,1,1,1,1,1,1,1,1,1
400,1.14172544151618,0.3937322700242825,FL,2024-05-26,0,1,1,1,1,1,1,0,0,1,0,1,1,1
401,0.519355717863837,0.4063379361818585,FL,2024-05-27,1,1,1,1,1,1,1,0,1,1,1,0,1,1
402,0.794916036595396,0.551235128352145,FL,2024-05-28,1,1,1,1,1,0,1,1,0,1,1,1,0,1
403,2.42354088065315,0.3405750776663755,FL,2024-05-29,1,0,1,0,1,1,1,0,0,1,0,1,1,1
404,0.828743748464021,0.4079453721431155,FL,2024-05-30,1,1,1,1,1,0,1,0,1,1,1,1,0,1
405,3.34045789936214,0.4397161664035025,FL,2024-05-31,1,0,1,0,0,1,0,0,0,1,0,1,1,0
406,1.59034285261312,0.54280289854945,FL,2024-06-01,1,1,1,1,1,0,1,1,1,1,0,0,0,1
407,3.13164724564157,0.3966499036645285,FL,2024-06-02,0,0,1,0,1,1,1,0,0,1,0,0,0,1
408,1.7343831775713,0.3884757305038945,FL,2024-06-03,0,1,1,1,1,1,1,0,1,1,0,0,0,1
409,1.42441565689224,0.392291307286632,FL,2024-06-04,1,1,1,1,1,0,1,0,0,1,0,0,0,1
410,4.17086366710196,0.4788271484004505,FL,2024-06-05,0,1,1,0,1,0,1,0,0,1,0,0,0,1
411,0.854020178017037,0.324016113348843,FL,2024-06-06,1,1,1,1,1,1,1,0,0,1,0,1,0,1
412,1.73345033520852,0.370232512250787,FL,2024-06-07,1,0,1,1,1,1,1,0,0,1,0,0,0,1
413,3.05404272265953,0.4403734658609975,FL,2024-06-08,0,0,1,0,1,1,1,0,0,1,0,1,1,1
414,2.56445074475266,0.4248530921202995,FL,2024-06-09,0,1,1,0,1,1,1,0,0,1,0,1,0,1
415,4.12989047564845,0.4292713333436665,FL,2024-06-10,0,0,1,0,1,1,0,0,0,1,0,0,0,0
416,2.31158005372829,0.4650903339877895,FL,2024-06-11,0,0,1,0,1,1,1,0,0,0,0,0,0,1
417,3.15392415228074,0.367982700734374,FL,2024-06-12,1,0,1,0,1,1,1,0,0,1,0,0,0,1
418,4.27317773627587,0.4443361103969035,FL,2024-06-13,0,1,1,0,1,0,1,0,0,1,0,0,0,1
419,3.69343075280509,0.4363287291199725,FL,2024-06-14,0,1,1,0,1,0,1,0,0,1,1,1,0,1
420,0.966544772919118,0.4934748776213435,FL,2024-06-15,0,1,1,1,1,1,1,0,1,1,1,0,1,1
421,0.0635009890038513,0.0519800942345405,GA,2024-05-05,1,1,1,1,1,1,1,1,1,1,1,1,1,1
422,NA,NA,GA,2024-05-06,NA,NA,NA,NA,NA,NA,NA,NA,NA,NA,NA,NA,NA,NA
423,0.0755231902052892,0.0619019380672815,GA,2024-05-07,1,1,1,1,1,1,1,1,1,1,1,1,1,1
424,0.247810101202897,0.0674103820885525,GA,2024-05-08,1,1,1,1,1,1,1,1,1,1,1,1,1,1
425,0.0868172976978057,0.073302190939812,GA,2024-05-09,1,1,1,1,1,1,1,1,1,1,1,1,1,1
426,NA,NA,GA,2024-05-10,NA,NA,NA,NA,NA,NA,NA,NA,NA,NA,NA,NA,NA,NA
427,0.099469941164448,0.0862859609750505,GA,2024-05-11,1,1,1,1,1,1,1,1,1,1,1,1,1,1
428,1.00103588135651,0.613536000296715,GA,2024-05-12,1,1,1,1,1,0,1,0,1,1,1,1,0,1
429,0.880970373510301,0.1009424855408275,GA,2024-05-13,0,1,1,1,1,1,1,0,1,1,0,1,1,1
430,0.818045909473784,0.59390974766277,GA,2024-05-14,1,0,1,1,1,1,1,0,0,1,1,1,1,1
431,NA,NA,GA,2024-05-15,NA,NA,NA,NA,NA,NA,NA,NA,NA,NA,NA,NA,NA,NA
432,0.514800366226398,0.2539696530275845,GA,2024-05-16,1,1,1,1,1,1,1,1,1,1,1,1,1,1
433,0.934658325333995,0.348019242086458,GA,2024-05-17,1,1,1,1,1,0,1,0,0,1,1,1,0,1
434,NA,NA,GA,2024-05-18,NA,NA,NA,NA,NA,NA,NA,NA,NA,NA,NA,NA,NA,NA
435,0.185778588741435,0.1554734757063905,GA,2024-05-19,1,1,1,1,1,1,1,1,1,1,1,1,1,1
436,1.01312593804783,0.50029242016491,GA,2024-05-20,0,1,1,1,1,1,1,0,0,1,0,1,1,1
437,NA,NA,GA,2024-05-21,NA,NA,NA,NA,NA,NA,NA,NA,NA,NA,NA,NA,NA,NA
438,0.224189746315658,0.1886407360390275,GA,2024-05-22,1,1,1,1,1,1,1,1,1,1,1,1,1,1
439,NA,NA,GA,2024-05-23,NA,NA,NA,NA,NA,NA,NA,NA,NA,NA,NA,NA,NA,NA
440,0.447217753745984,0.308783078628682,GA,2024-05-24,1,1,1,1,1,1,1,1,1,1,1,1,1,1
441,0.263682876260686,0.225320167908222,GA,2024-05-25,1,1,1,1,1,1,1,1,1,1,1,1,1,1
442,NA,NA,GA,2024-05-26,NA,NA,NA,NA,NA,NA,NA,NA,NA,NA,NA,NA,NA,NA
443,NA,NA,GA,2024-05-27,NA,NA,NA,NA,NA,NA,NA,NA,NA,NA,NA,NA,NA,NA
444,NA,NA,GA,2024-05-28,NA,NA,NA,NA,NA,NA,NA,NA,NA,NA,NA,NA,NA,NA
445,NA,NA,GA,2024-05-29,NA,NA,NA,NA,NA,NA,NA,NA,NA,NA,NA,NA,NA,NA
446,NA,NA,GA,2024-05-30,NA,NA,NA,NA,NA,NA,NA,NA,NA,NA,NA,NA,NA,NA
447,NA,NA,GA,2024-05-31,NA,NA,NA,NA,NA,NA,NA,NA,NA,NA,NA,NA,NA,NA
448,NA,NA,GA,2024-06-01,NA,NA,NA,NA,NA,NA,NA,NA,NA,NA,NA,NA,NA,NA
449,NA,NA,GA,2024-06-02,NA,NA,NA,NA,NA,NA,NA,NA,NA,NA,NA,NA,NA,NA
450,0.638935874973333,0.497069389402342,GA,2024-06-03,1,0,1,1,1,1,1,1,1,1,1,1,1,1
451,1.11861843635086,0.560624968949885,GA,2024-06-04,1,1,1,1,1,1,0,0,0,1,1,1,1,0
452,NA,NA,GA,2024-06-05,NA,NA,NA,NA,NA,NA,NA,NA,NA,NA,NA,NA,NA,NA
453,NA,NA,GA,2024-06-06,NA,NA,NA,NA,NA,NA,NA,NA,NA,NA,NA,NA,NA,NA
454,0.476747881551849,0.4021597095637275,GA,2024-06-07,1,1,1,1,1,1,1,1,1,1,1,1,1,1
455,NA,NA,GA,2024-06-08,NA,NA,NA,NA,NA,NA,NA,NA,NA,NA,NA,NA,NA,NA
456,NA,NA,GA,2024-06-09,NA,NA,NA,NA,NA,NA,NA,NA,NA,NA,NA,NA,NA,NA
457,NA,NA,GA,2024-06-10,NA,NA,NA,NA,NA,NA,NA,NA,NA,NA,NA,NA,NA,NA
458,1.17389669224184,0.452412915517079,GA,2024-06-11,0,1,1,1,1,1,1,1,1,1,1,1,1,1
459,0.821441018571702,0.372153665303635,GA,2024-06-12,1,1,1,1,1,1,1,0,0,1,0,1,0,1
460,0.573820928818691,0.4754528953194305,GA,2024-06-13,0,1,1,1,1,1,1,1,1,1,1,1,1,1
461,NA,NA,GA,2024-06-14,NA,NA,NA,NA,NA,NA,NA,NA,NA,NA,NA,NA,NA,NA
462,NA,NA,GA,2024-06-15,NA,NA,NA,NA,NA,NA,NA,NA,NA,NA,NA,NA,NA,NA
463,NA,NA,HI,2024-05-05,NA,NA,NA,NA,NA,NA,NA,NA,NA,NA,NA,NA,NA,NA
464,NA,NA,HI,2024-05-06,NA,NA,NA,NA,NA,NA,NA,NA,NA,NA,NA,NA,NA,NA
465,NA,NA,HI,2024-05-07,NA,NA,NA,NA,NA,NA,NA,NA,NA,NA,NA,NA,NA,NA
466,NA,NA,HI,2024-05-08,NA,NA,NA,NA,NA,NA,NA,NA,NA,NA,NA,NA,NA,NA
467,NA,NA,HI,2024-05-09,NA,NA,NA,NA,NA,NA,NA,NA,NA,NA,NA,NA,NA,NA
468,NA,NA,HI,2024-05-10,NA,NA,NA,NA,NA,NA,NA,NA,NA,NA,NA,NA,NA,NA
469,NA,NA,HI,2024-05-11,NA,NA,NA,NA,NA,NA,NA,NA,NA,NA,NA,NA,NA,NA
470,NA,NA,HI,2024-05-12,NA,NA,NA,NA,NA,NA,NA,NA,NA,NA,NA,NA,NA,NA
471,NA,NA,HI,2024-05-13,NA,NA,NA,NA,NA,NA,NA,NA,NA,NA,NA,NA,NA,NA
472,NA,NA,HI,2024-05-14,NA,NA,NA,NA,NA,NA,NA,NA,NA,NA,NA,NA,NA,NA
473,NA,NA,HI,2024-05-15,NA,NA,NA,NA,NA,NA,NA,NA,NA,NA,NA,NA,NA,NA
474,NA,NA,HI,2024-05-16,NA,NA,NA,NA,NA,NA,NA,NA,NA,NA,NA,NA,NA,NA
475,NA,NA,HI,2024-05-17,NA,NA,NA,NA,NA,NA,NA,NA,NA,NA,NA,NA,NA,NA
476,NA,NA,HI,2024-05-18,NA,NA,NA,NA,NA,NA,NA,NA,NA,NA,NA,NA,NA,NA
477,NA,NA,HI,2024-05-19,NA,NA,NA,NA,NA,NA,NA,NA,NA,NA,NA,NA,NA,NA
478,NA,NA,HI,2024-05-20,NA,NA,NA,NA,NA,NA,NA,NA,NA,NA,NA,NA,NA,NA
479,NA,NA,HI,2024-05-21,NA,NA,NA,NA,NA,NA,NA,NA,NA,NA,NA,NA,NA,NA
480,NA,NA,HI,2024-05-22,NA,NA,NA,NA,NA,NA,NA,NA,NA,NA,NA,NA,NA,NA
481,NA,NA,HI,2024-05-23,NA,NA,NA,NA,NA,NA,NA,NA,NA,NA,NA,NA,NA,NA
482,NA,NA,HI,2024-05-24,NA,NA,NA,NA,NA,NA,NA,NA,NA,NA,NA,NA,NA,NA
483,NA,NA,HI,2024-05-25,NA,NA,NA,NA,NA,NA,NA,NA,NA,NA,NA,NA,NA,NA
484,NA,NA,HI,2024-05-26,NA,NA,NA,NA,NA,NA,NA,NA,NA,NA,NA,NA,NA,NA
485,NA,NA,HI,2024-05-27,NA,NA,NA,NA,NA,NA,NA,NA,NA,NA,NA,NA,NA,NA
486,NA,NA,HI,2024-05-28,NA,NA,NA,NA,NA,NA,NA,NA,NA,NA,NA,NA,NA,NA
487,NA,NA,HI,2024-05-29,NA,NA,NA,NA,NA,NA,NA,NA,NA,NA,NA,NA,NA,NA
488,NA,NA,HI,2024-05-30,NA,NA,NA,NA,NA,NA,NA,NA,NA,NA,NA,NA,NA,NA
489,NA,NA,HI,2024-05-31,NA,NA,NA,NA,NA,NA,NA,NA,NA,NA,NA,NA,NA,NA
490,NA,NA,HI,2024-06-01,NA,NA,NA,NA,NA,NA,NA,NA,NA,NA,NA,NA,NA,NA
491,NA,NA,HI,2024-06-02,NA,NA,NA,NA,NA,NA,NA,NA,NA,NA,NA,NA,NA,NA
492,NA,NA,HI,2024-06-03,NA,NA,NA,NA,NA,NA,NA,NA,NA,NA,NA,NA,NA,NA
493,NA,NA,HI,2024-06-04,NA,NA,NA,NA,NA,NA,NA,NA,NA,NA,NA,NA,NA,NA
494,NA,NA,HI,2024-06-05,NA,NA,NA,NA,NA,NA,NA,NA,NA,NA,NA,NA,NA,NA
495,NA,NA,HI,2024-06-06,NA,NA,NA,NA,NA,NA,NA,NA,NA,NA,NA,NA,NA,NA
496,NA,NA,HI,2024-06-07,NA,NA,NA,NA,NA,NA,NA,NA,NA,NA,NA,NA,NA,NA
497,NA,NA,HI,2024-06-08,NA,NA,NA,NA,NA,NA,NA,NA,NA,NA,NA,NA,NA,NA
498,NA,NA,HI,2024-06-09,NA,NA,NA,NA,NA,NA,NA,NA,NA,NA,NA,NA,NA,NA
499,NA,NA,HI,2024-06-10,NA,NA,NA,NA,NA,NA,NA,NA,NA,NA,NA,NA,NA,NA
500,NA,NA,HI,2024-06-11,NA,NA,NA,NA,NA,NA,NA,NA,NA,NA,NA,NA,NA,NA
501,NA,NA,HI,2024-06-12,NA,NA,NA,NA,NA,NA,NA,NA,NA,NA,NA,NA,NA,NA
502,NA,NA,HI,2024-06-13,NA,NA,NA,NA,NA,NA,NA,NA,NA,NA,NA,NA,NA,NA
503,NA,NA,HI,2024-06-14,NA,NA,NA,NA,NA,NA,NA,NA,NA,NA,NA,NA,NA,NA
504,NA,NA,HI,2024-06-15,NA,NA,NA,NA,NA,NA,NA,NA,NA,NA,NA,NA,NA,NA
505,NA,NA,IA,2024-05-05,NA,NA,NA,NA,NA,NA,NA,NA,NA,NA,NA,NA,NA,NA
506,NA,NA,IA,2024-05-06,NA,NA,NA,NA,NA,NA,NA,NA,NA,NA,NA,NA,NA,NA
507,0.744312420599968,0.4945122210734915,IA,2024-05-07,1,0,1,1,1,1,1,1,1,1,1,1,1,1
508,0.11581980558818,0.0976118786008795,IA,2024-05-08,1,1,1,1,1,1,1,1,1,1,1,1,1,1
509,0.307959320197885,0.2250211726073855,IA,2024-05-09,1,1,1,1,1,1,1,0,0,1,1,1,1,1
510,0.130620625313942,0.11147934182581,IA,2024-05-10,1,1,1,1,1,1,1,1,1,1,1,1,1,1
511,0.674241433690391,0.438270577094878,IA,2024-05-11,1,1,1,1,1,1,1,1,0,1,1,1,0,1
512,NA,NA,IA,2024-05-12,NA,NA,NA,NA,NA,NA,NA,NA,NA,NA,NA,NA,NA,NA
513,0.163040679262692,0.1348285965313215,IA,2024-05-13,1,1,1,1,1,1,1,0,0,1,1,1,1,1
514,0.613254407183912,0.3970510651007795,IA,2024-05-14,1,1,1,1,1,1,1,1,0,1,0,1,1,1
515,0.601380274133989,0.3836598292563255,IA,2024-05-15,1,1,1,1,1,1,1,1,0,0,1,1,1,1
516,NA,NA,IA,2024-05-16,NA,NA,NA,NA,NA,NA,NA,NA,NA,NA,NA,NA,NA,NA
517,0.552348202985544,0.357583138955029,IA,2024-05-17,1,1,1,1,1,1,1,0,0,1,1,1,1,1
518,0.579380746825801,0.180311460886087,IA,2024-05-18,1,1,1,1,1,1,1,1,1,1,1,1,1,1
519,0.239561738636975,0.190311665804813,IA,2024-05-19,1,1,1,1,1,1,1,1,1,1,1,1,1,1
520,1.07639215276652,0.2005794751933025,IA,2024-05-20,0,1,1,1,1,1,1,0,1,1,0,1,0,1
521,NA,NA,IA,2024-05-21,NA,NA,NA,NA,NA,NA,NA,NA,NA,NA,NA,NA,NA,NA
522,0.81483656231732,0.426396899518926,IA,2024-05-22,1,1,1,0,1,1,1,0,1,1,0,1,1,1
523,0.295119033573125,0.2327929440690825,IA,2024-05-23,1,1,1,1,1,1,1,0,0,1,1,1,1,1
524,0.846218273980202,0.62030875850707,IA,2024-05-24,1,1,1,0,1,1,1,1,0,1,0,1,1,1
525,0.326884320790533,0.2552162390508745,IA,2024-05-25,1,1,1,1,1,1,1,0,1,1,1,1,0,1
526,NA,NA,IA,2024-05-26,NA,NA,NA,NA,NA,NA,NA,NA,NA,NA,NA,NA,NA,NA
527,0.825174960014969,0.60552229880733,IA,2024-05-27,1,1,1,0,1,1,1,1,1,1,1,1,1,1
528,NA,NA,IA,2024-05-28,NA,NA,NA,NA,NA,NA,NA,NA,NA,NA,NA,NA,NA,NA
529,NA,NA,IA,2024-05-29,NA,NA,NA,NA,NA,NA,NA,NA,NA,NA,NA,NA,NA,NA
530,3.4241393085601,0.59209169398758,IA,2024-05-30,0,0,1,0,1,1,1,0,0,1,0,1,0,1
531,0.348641826732168,0.216877929489586,IA,2024-05-31,1,1,1,1,1,1,1,1,1,1,1,1,1,1
532,NA,NA,IA,2024-06-01,NA,NA,NA,NA,NA,NA,NA,NA,NA,NA,NA,NA,NA,NA
533,0.437248359248578,0.3477915398518745,IA,2024-06-02,1,1,1,1,1,1,1,0,1,1,1,1,0,1
534,1.16027564436969,0.50359432371983,IA,2024-06-03,1,0,1,1,1,0,1,1,0,1,0,1,0,1
535,NA,NA,IA,2024-06-04,NA,NA,NA,NA,NA,NA,NA,NA,NA,NA,NA,NA,NA,NA
536,0.799943424296512,0.564496764839115,IA,2024-06-05,1,1,1,1,1,0,1,1,0,1,1,1,0,1
537,0.51173900394153,0.3925899605625585,IA,2024-06-06,1,1,1,1,1,1,1,1,1,1,1,1,1,1
538,NA,NA,IA,2024-06-07,NA,NA,NA,NA,NA,NA,NA,NA,NA,NA,NA,NA,NA,NA
539,NA,NA,IA,2024-06-08,NA,NA,NA,NA,NA,NA,NA,NA,NA,NA,NA,NA,NA,NA
540,NA,NA,IA,2024-06-09,NA,NA,NA,NA,NA,NA,NA,NA,NA,NA,NA,NA,NA,NA
541,1.69194835703475,0.4060186729967685,IA,2024-06-10,1,1,1,0,1,1,1,0,0,1,0,1,0,1
542,0.586963894175321,0.443956655483009,IA,2024-06-11,0,1,1,1,1,1,1,1,1,1,1,1,1,1
543,0.600551559096627,0.453426789617421,IA,2024-06-12,0,1,1,1,1,1,1,0,0,1,1,1,1,1
544,2.05323649562928,0.4326990461234425,IA,2024-06-13,0,0,1,1,1,0,1,0,1,1,1,1,0,1
545,0.733506760112408,0.2917845490873725,IA,2024-06-14,1,1,1,1,1,1,1,0,1,1,0,1,1,1
546,0.498322947967938,0.3236992616515355,IA,2024-06-15,1,1,1,1,1,1,1,0,0,1,0,0,1,1
547,NA,NA,ID,2024-05-05,NA,NA,NA,NA,NA,NA,NA,NA,NA,NA,NA,NA,NA,NA
548,NA,NA,ID,2024-05-06,NA,NA,NA,NA,NA,NA,NA,NA,NA,NA,NA,NA,NA,NA
549,NA,NA,ID,2024-05-07,NA,NA,NA,NA,NA,NA,NA,NA,NA,NA,NA,NA,NA,NA
550,NA,NA,ID,2024-05-08,NA,NA,NA,NA,NA,NA,NA,NA,NA,NA,NA,NA,NA,NA
551,NA,NA,ID,2024-05-09,NA,NA,NA,NA,NA,NA,NA,NA,NA,NA,NA,NA,NA,NA
552,NA,NA,ID,2024-05-10,NA,NA,NA,NA,NA,NA,NA,NA,NA,NA,NA,NA,NA,NA
553,NA,NA,ID,2024-05-11,NA,NA,NA,NA,NA,NA,NA,NA,NA,NA,NA,NA,NA,NA
554,NA,NA,ID,2024-05-12,NA,NA,NA,NA,NA,NA,NA,NA,NA,NA,NA,NA,NA,NA
555,NA,NA,ID,2024-05-13,NA,NA,NA,NA,NA,NA,NA,NA,NA,NA,NA,NA,NA,NA
556,NA,NA,ID,2024-05-14,NA,NA,NA,NA,NA,NA,NA,NA,NA,NA,NA,NA,NA,NA
557,NA,NA,ID,2024-05-15,NA,NA,NA,NA,NA,NA,NA,NA,NA,NA,NA,NA,NA,NA
558,NA,NA,ID,2024-05-16,NA,NA,NA,NA,NA,NA,NA,NA,NA,NA,NA,NA,NA,NA
559,NA,NA,ID,2024-05-17,NA,NA,NA,NA,NA,NA,NA,NA,NA,NA,NA,NA,NA,NA
560,NA,NA,ID,2024-05-18,NA,NA,NA,NA,NA,NA,NA,NA,NA,NA,NA,NA,NA,NA
561,NA,NA,ID,2024-05-19,NA,NA,NA,NA,NA,NA,NA,NA,NA,NA,NA,NA,NA,NA
562,NA,NA,ID,2024-05-20,NA,NA,NA,NA,NA,NA,NA,NA,NA,NA,NA,NA,NA,NA
563,NA,NA,ID,2024-05-21,NA,NA,NA,NA,NA,NA,NA,NA,NA,NA,NA,NA,NA,NA
564,NA,NA,ID,2024-05-22,NA,NA,NA,NA,NA,NA,NA,NA,NA,NA,NA,NA,NA,NA
565,NA,NA,ID,2024-05-23,NA,NA,NA,NA,NA,NA,NA,NA,NA,NA,NA,NA,NA,NA
566,NA,NA,ID,2024-05-24,NA,NA,NA,NA,NA,NA,NA,NA,NA,NA,NA,NA,NA,NA
567,NA,NA,ID,2024-05-25,NA,NA,NA,NA,NA,NA,NA,NA,NA,NA,NA,NA,NA,NA
568,NA,NA,ID,2024-05-26,NA,NA,NA,NA,NA,NA,NA,NA,NA,NA,NA,NA,NA,NA
569,NA,NA,ID,2024-05-27,NA,NA,NA,NA,NA,NA,NA,NA,NA,NA,NA,NA,NA,NA
570,NA,NA,ID,2024-05-28,NA,NA,NA,NA,NA,NA,NA,NA,NA,NA,NA,NA,NA,NA
571,NA,NA,ID,2024-05-29,NA,NA,NA,NA,NA,NA,NA,NA,NA,NA,NA,NA,NA,NA
572,NA,NA,ID,2024-05-30,NA,NA,NA,NA,NA,NA,NA,NA,NA,NA,NA,NA,NA,NA
573,NA,NA,ID,2024-05-31,NA,NA,NA,NA,NA,NA,NA,NA,NA,NA,NA,NA,NA,NA
574,NA,NA,ID,2024-06-01,NA,NA,NA,NA,NA,NA,NA,NA,NA,NA,NA,NA,NA,NA
575,NA,NA,ID,2024-06-02,NA,NA,NA,NA,NA,NA,NA,NA,NA,NA,NA,NA,NA,NA
576,NA,NA,ID,2024-06-03,NA,NA,NA,NA,NA,NA,NA,NA,NA,NA,NA,NA,NA,NA
577,NA,NA,ID,2024-06-04,NA,NA,NA,NA,NA,NA,NA,NA,NA,NA,NA,NA,NA,NA
578,NA,NA,ID,2024-06-05,NA,NA,NA,NA,NA,NA,NA,NA,NA,NA,NA,NA,NA,NA
579,NA,NA,ID,2024-06-06,NA,NA,NA,NA,NA,NA,NA,NA,NA,NA,NA,NA,NA,NA
580,NA,NA,ID,2024-06-07,NA,NA,NA,NA,NA,NA,NA,NA,NA,NA,NA,NA,NA,NA
581,NA,NA,ID,2024-06-08,NA,NA,NA,NA,NA,NA,NA,NA,NA,NA,NA,NA,NA,NA
582,NA,NA,ID,2024-06-09,NA,NA,NA,NA,NA,NA,NA,NA,NA,NA,NA,NA,NA,NA
583,NA,NA,ID,2024-06-10,NA,NA,NA,NA,NA,NA,NA,NA,NA,NA,NA,NA,NA,NA
584,NA,NA,ID,2024-06-11,NA,NA,NA,NA,NA,NA,NA,NA,NA,NA,NA,NA,NA,NA
585,NA,NA,ID,2024-06-12,NA,NA,NA,NA,NA,NA,NA,NA,NA,NA,NA,NA,NA,NA
586,NA,NA,ID,2024-06-13,NA,NA,NA,NA,NA,NA,NA,NA,NA,NA,NA,NA,NA,NA
587,NA,NA,ID,2024-06-14,NA,NA,NA,NA,NA,NA,NA,NA,NA,NA,NA,NA,NA,NA
588,NA,NA,ID,2024-06-15,NA,NA,NA,NA,NA,NA,NA,NA,NA,NA,NA,NA,NA,NA
589,0.903990454382612,0.2568956687626225,IL,2024-05-05,0,1,1,1,1,1,1,1,1,1,1,1,1,1
590,0.852596742081271,0.3544494735573335,IL,2024-05-06,1,1,1,1,1,0,1,0,1,1,1,1,0,1
591,0.696275051585019,0.3176293725175975,IL,2024-05-07,1,1,1,1,1,1,1,1,0,1,0,1,1,1
592,0.999827984311098,0.3307643995670295,IL,2024-05-08,1,1,1,1,1,1,1,0,0,1,1,1,1,1
593,1.47625400880039,0.334179534797905,IL,2024-05-09,0,1,1,1,0,1,1,1,0,0,1,0,1,1
594,1.41225600986828,0.365301021200234,IL,2024-05-10,1,1,1,1,1,0,1,0,0,1,0,1,0,1
595,1.64405778213465,0.3411967610071355,IL,2024-05-11,0,1,1,1,1,1,1,1,1,1,0,1,0,1
596,1.65026836088756,0.379124738954261,IL,2024-05-12,0,0,1,1,1,1,1,1,0,1,0,1,1,1
597,1.2428447883916,0.3229364540890185,IL,2024-05-13,0,1,1,1,1,1,1,0,1,1,0,1,1,1
598,0.885819519208679,0.451012512127413,IL,2024-05-14,1,1,1,1,1,0,1,0,0,0,1,1,0,1
599,2.12612419210876,0.399567738929529,IL,2024-05-15,1,1,1,0,1,1,1,0,0,0,0,1,0,1
600,0.335813368272657,0.215365416643707,IL,2024-05-16,1,1,1,1,1,1,1,1,0,1,1,1,0,1
601,1.09083403436133,0.554825214429275,IL,2024-05-17,1,1,0,1,1,1,1,1,0,0,0,1,1,0
602,0.994676325497511,0.341888465532484,IL,2024-05-18,0,1,1,1,1,1,1,0,0,1,1,1,1,1
603,1.11104250775244,0.389771010475465,IL,2024-05-19,0,1,1,1,1,1,1,0,0,1,1,1,0,1
604,0.569484114004227,0.327633609518926,IL,2024-05-20,1,1,1,1,1,1,1,1,1,1,0,1,0,1
605,1.64498312833126,0.398995099831307,IL,2024-05-21,0,1,1,1,1,1,1,1,1,1,1,1,1,1
606,2.75254052061868,0.498564306232872,IL,2024-05-22,0,0,1,0,1,0,0,0,0,1,0,1,1,0
607,0.574837508079003,0.373597813751505,IL,2024-05-23,1,1,1,1,1,1,1,1,0,1,0,1,1,1
608,0.67672712018633,0.285383813962488,IL,2024-05-24,1,1,1,1,1,1,1,1,1,1,1,1,1,1
609,1.28634369438651,0.4095196045073155,IL,2024-05-25,1,1,1,1,1,0,1,1,0,1,0,1,0,1
610,0.653296240990259,0.335796695922061,IL,2024-05-26,1,1,1,1,1,1,1,0,0,1,0,1,1,1
611,2.15933794414689,0.465348951778077,IL,2024-05-27,1,0,1,1,1,0,1,1,0,1,1,1,0,1
612,1.12888625039359,0.4018485405234745,IL,2024-05-28,1,1,1,0,0,1,1,0,0,1,0,0,1,1
613,1.35532495408128,0.4154332185669715,IL,2024-05-29,0,1,1,1,1,1,1,0,1,1,1,1,0,1
614,1.11108356077087,0.3910663848733395,IL,2024-05-30,0,1,1,1,1,1,1,1,0,1,0,1,0,1
615,0.660186833282078,0.3900853470405795,IL,2024-05-31,1,1,1,1,1,1,1,1,1,1,0,0,1,1
616,0.709461270171328,0.4018537410049305,IL,2024-06-01,1,1,1,1,1,1,1,0,0,1,0,1,0,1
617,1.56222038760698,0.5464586366561,IL,2024-06-02,0,1,1,1,1,1,1,0,0,1,1,1,1,1
618,1.67161907194855,0.4776101676178655,IL,2024-06-03,0,1,1,1,1,1,0,0,0,1,1,0,1,0
619,0.815205544624059,0.348446703385698,IL,2024-06-04,1,1,1,0,1,1,1,0,0,1,0,1,1,1
620,2.05508877119366,0.4569975302079785,IL,2024-06-05,0,0,1,1,1,1,1,0,0,1,0,1,0,1
621,NA,NA,IL,2024-06-06,NA,NA,NA,NA,NA,NA,NA,NA,NA,NA,NA,NA,NA,NA
622,1.37280350680783,0.4380514473771315,IL,2024-06-07,0,0,1,1,1,0,1,0,0,1,0,1,0,1
623,1.63993162252931,0.4843736840229195,IL,2024-06-08,0,0,1,1,1,1,1,1,0,1,0,1,0,1
624,0.931526607397489,0.4064679122637625,IL,2024-06-09,0,1,1,1,1,1,1,0,0,1,1,0,0,1
625,3.5628905372256,0.389930977470878,IL,2024-06-10,0,1,1,0,1,1,1,0,0,1,0,0,0,1
626,3.2023026681994,0.4049553018862375,IL,2024-06-11,0,1,1,1,1,1,1,0,0,1,0,1,1,1
627,0.630445037397276,0.3232653130915105,IL,2024-06-12,1,1,1,1,1,1,1,1,0,1,0,1,0,1
628,2.90241266225236,0.3704948083881985,IL,2024-06-13,0,0,1,0,1,1,1,0,1,1,0,1,1,1
629,1.99604884767043,0.516008133862245,IL,2024-06-14,0,0,1,1,1,1,0,0,0,1,0,1,0,0
630,0.985718552903005,0.4133314797845755,IL,2024-06-15,0,1,1,1,1,1,1,0,0,1,1,1,1,1
631,NA,NA,IN,2024-05-05,NA,NA,NA,NA,NA,NA,NA,NA,NA,NA,NA,NA,NA,NA
632,NA,NA,IN,2024-05-06,NA,NA,NA,NA,NA,NA,NA,NA,NA,NA,NA,NA,NA,NA
633,NA,NA,IN,2024-05-07,NA,NA,NA,NA,NA,NA,NA,NA,NA,NA,NA,NA,NA,NA
634,NA,NA,IN,2024-05-08,NA,NA,NA,NA,NA,NA,NA,NA,NA,NA,NA,NA,NA,NA
635,NA,NA,IN,2024-05-09,NA,NA,NA,NA,NA,NA,NA,NA,NA,NA,NA,NA,NA,NA
636,NA,NA,IN,2024-05-10,NA,NA,NA,NA,NA,NA,NA,NA,NA,NA,NA,NA,NA,NA
637,NA,NA,IN,2024-05-11,NA,NA,NA,NA,NA,NA,NA,NA,NA,NA,NA,NA,NA,NA
638,NA,NA,IN,2024-05-12,NA,NA,NA,NA,NA,NA,NA,NA,NA,NA,NA,NA,NA,NA
639,NA,NA,IN,2024-05-13,NA,NA,NA,NA,NA,NA,NA,NA,NA,NA,NA,NA,NA,NA
640,NA,NA,IN,2024-05-14,NA,NA,NA,NA,NA,NA,NA,NA,NA,NA,NA,NA,NA,NA
641,NA,NA,IN,2024-05-15,NA,NA,NA,NA,NA,NA,NA,NA,NA,NA,NA,NA,NA,NA
642,NA,NA,IN,2024-05-16,NA,NA,NA,NA,NA,NA,NA,NA,NA,NA,NA,NA,NA,NA
643,NA,NA,IN,2024-05-17,NA,NA,NA,NA,NA,NA,NA,NA,NA,NA,NA,NA,NA,NA
644,NA,NA,IN,2024-05-18,NA,NA,NA,NA,NA,NA,NA,NA,NA,NA,NA,NA,NA,NA
645,NA,NA,IN,2024-05-19,NA,NA,NA,NA,NA,NA,NA,NA,NA,NA,NA,NA,NA,NA
646,0.631011456575318,0.460713651471316,IN,2024-05-20,1,1,1,0,1,1,1,1,1,1,1,1,1,1
647,NA,NA,IN,2024-05-21,NA,NA,NA,NA,NA,NA,NA,NA,NA,NA,NA,NA,NA,NA
648,NA,NA,IN,2024-05-22,NA,NA,NA,NA,NA,NA,NA,NA,NA,NA,NA,NA,NA,NA
649,NA,NA,IN,2024-05-23,NA,NA,NA,NA,NA,NA,NA,NA,NA,NA,NA,NA,NA,NA
650,NA,NA,IN,2024-05-24,NA,NA,NA,NA,NA,NA,NA,NA,NA,NA,NA,NA,NA,NA
651,NA,NA,IN,2024-05-25,NA,NA,NA,NA,NA,NA,NA,NA,NA,NA,NA,NA,NA,NA
652,NA,NA,IN,2024-05-26,NA,NA,NA,NA,NA,NA,NA,NA,NA,NA,NA,NA,NA,NA
653,NA,NA,IN,2024-05-27,NA,NA,NA,NA,NA,NA,NA,NA,NA,NA,NA,NA,NA,NA
654,NA,NA,IN,2024-05-28,NA,NA,NA,NA,NA,NA,NA,NA,NA,NA,NA,NA,NA,NA
655,NA,NA,IN,2024-05-29,NA,NA,NA,NA,NA,NA,NA,NA,NA,NA,NA,NA,NA,NA
656,NA,NA,IN,2024-05-30,NA,NA,NA,NA,NA,NA,NA,NA,NA,NA,NA,NA,NA,NA
657,NA,NA,IN,2024-05-31,NA,NA,NA,NA,NA,NA,NA,NA,NA,NA,NA,NA,NA,NA
658,NA,NA,IN,2024-06-01,NA,NA,NA,NA,NA,NA,NA,NA,NA,NA,NA,NA,NA,NA
659,NA,NA,IN,2024-06-02,NA,NA,NA,NA,NA,NA,NA,NA,NA,NA,NA,NA,NA,NA
660,NA,NA,IN,2024-06-03,NA,NA,NA,NA,NA,NA,NA,NA,NA,NA,NA,NA,NA,NA
661,0.482634347600566,0.4413232523164165,IN,2024-06-04,1,1,1,1,1,1,1,1,0,1,1,1,0,1
662,NA,NA,IN,2024-06-05,NA,NA,NA,NA,NA,NA,NA,NA,NA,NA,NA,NA,NA,NA
663,NA,NA,IN,2024-06-06,NA,NA,NA,NA,NA,NA,NA,NA,NA,NA,NA,NA,NA,NA
664,NA,NA,IN,2024-06-07,NA,NA,NA,NA,NA,NA,NA,NA,NA,NA,NA,NA,NA,NA
665,NA,NA,IN,2024-06-08,NA,NA,NA,NA,NA,NA,NA,NA,NA,NA,NA,NA,NA,NA
666,NA,NA,IN,2024-06-09,NA,NA,NA,NA,NA,NA,NA,NA,NA,NA,NA,NA,NA,NA
667,0.73096650201015,0.4605653407075935,IN,2024-06-10,1,1,1,1,1,1,1,1,0,1,1,1,0,1
668,0.494999297611298,0.459298969334592,IN,2024-06-11,1,1,1,1,1,1,1,1,0,1,0,1,1,1
669,NA,NA,IN,2024-06-12,NA,NA,NA,NA,NA,NA,NA,NA,NA,NA,NA,NA,NA,NA
670,NA,NA,IN,2024-06-13,NA,NA,NA,NA,NA,NA,NA,NA,NA,NA,NA,NA,NA,NA
671,NA,NA,IN,2024-06-14,NA,NA,NA,NA,NA,NA,NA,NA,NA,NA,NA,NA,NA,NA
672,NA,NA,IN,2024-06-15,NA,NA,NA,NA,NA,NA,NA,NA,NA,NA,NA,NA,NA,NA
673,NA,NA,KS,2024-05-05,NA,NA,NA,NA,NA,NA,NA,NA,NA,NA,NA,NA,NA,NA
674,NA,NA,KS,2024-05-06,NA,NA,NA,NA,NA,NA,NA,NA,NA,NA,NA,NA,NA,NA
675,0.191590384231683,0.19951327406772,KS,2024-05-07,1,1,1,1,1,1,1,0,1,1,0,1,1,1
676,0.220085330867235,0.2114878784087125,KS,2024-05-08,1,1,1,1,1,1,1,0,0,1,1,1,1,1
677,NA,NA,KS,2024-05-09,NA,NA,NA,NA,NA,NA,NA,NA,NA,NA,NA,NA,NA,NA
678,NA,NA,KS,2024-05-10,NA,NA,NA,NA,NA,NA,NA,NA,NA,NA,NA,NA,NA,NA
679,NA,NA,KS,2024-05-11,NA,NA,NA,NA,NA,NA,NA,NA,NA,NA,NA,NA,NA,NA
680,NA,NA,KS,2024-05-12,NA,NA,NA,NA,NA,NA,NA,NA,NA,NA,NA,NA,NA,NA
681,NA,NA,KS,2024-05-13,NA,NA,NA,NA,NA,NA,NA,NA,NA,NA,NA,NA,NA,NA
682,NA,NA,KS,2024-05-14,NA,NA,NA,NA,NA,NA,NA,NA,NA,NA,NA,NA,NA,NA
683,NA,NA,KS,2024-05-15,NA,NA,NA,NA,NA,NA,NA,NA,NA,NA,NA,NA,NA,NA
684,NA,NA,KS,2024-05-16,NA,NA,NA,NA,NA,NA,NA,NA,NA,NA,NA,NA,NA,NA
685,NA,NA,KS,2024-05-17,NA,NA,NA,NA,NA,NA,NA,NA,NA,NA,NA,NA,NA,NA
686,NA,NA,KS,2024-05-18,NA,NA,NA,NA,NA,NA,NA,NA,NA,NA,NA,NA,NA,NA
687,NA,NA,KS,2024-05-19,NA,NA,NA,NA,NA,NA,NA,NA,NA,NA,NA,NA,NA,NA
688,0.368008194586695,0.367721977010197,KS,2024-05-20,1,1,1,1,1,1,1,1,1,1,1,1,1,1
689,0.391841355941547,0.380739298690896,KS,2024-05-21,1,1,1,1,1,1,1,0,1,1,0,1,1,1
690,NA,NA,KS,2024-05-22,NA,NA,NA,NA,NA,NA,NA,NA,NA,NA,NA,NA,NA,NA
691,NA,NA,KS,2024-05-23,NA,NA,NA,NA,NA,NA,NA,NA,NA,NA,NA,NA,NA,NA
692,NA,NA,KS,2024-05-24,NA,NA,NA,NA,NA,NA,NA,NA,NA,NA,NA,NA,NA,NA
693,NA,NA,KS,2024-05-25,NA,NA,NA,NA,NA,NA,NA,NA,NA,NA,NA,NA,NA,NA
694,NA,NA,KS,2024-05-26,NA,NA,NA,NA,NA,NA,NA,NA,NA,NA,NA,NA,NA,NA
695,NA,NA,KS,2024-05-27,NA,NA,NA,NA,NA,NA,NA,NA,NA,NA,NA,NA,NA,NA
696,NA,NA,KS,2024-05-28,NA,NA,NA,NA,NA,NA,NA,NA,NA,NA,NA,NA,NA,NA
697,NA,NA,KS,2024-05-29,NA,NA,NA,NA,NA,NA,NA,NA,NA,NA,NA,NA,NA,NA
698,NA,NA,KS,2024-05-30,NA,NA,NA,NA,NA,NA,NA,NA,NA,NA,NA,NA,NA,NA
699,NA,NA,KS,2024-05-31,NA,NA,NA,NA,NA,NA,NA,NA,NA,NA,NA,NA,NA,NA
700,NA,NA,KS,2024-06-01,NA,NA,NA,NA,NA,NA,NA,NA,NA,NA,NA,NA,NA,NA
701,NA,NA,KS,2024-06-02,NA,NA,NA,NA,NA,NA,NA,NA,NA,NA,NA,NA,NA,NA
702,NA,NA,KS,2024-06-03,NA,NA,NA,NA,NA,NA,NA,NA,NA,NA,NA,NA,NA,NA
703,NA,NA,KS,2024-06-04,NA,NA,NA,NA,NA,NA,NA,NA,NA,NA,NA,NA,NA,NA
704,NA,NA,KS,2024-06-05,NA,NA,NA,NA,NA,NA,NA,NA,NA,NA,NA,NA,NA,NA
705,NA,NA,KS,2024-06-06,NA,NA,NA,NA,NA,NA,NA,NA,NA,NA,NA,NA,NA,NA
706,NA,NA,KS,2024-06-07,NA,NA,NA,NA,NA,NA,NA,NA,NA,NA,NA,NA,NA,NA
707,NA,NA,KS,2024-06-08,NA,NA,NA,NA,NA,NA,NA,NA,NA,NA,NA,NA,NA,NA
708,NA,NA,KS,2024-06-09,NA,NA,NA,NA,NA,NA,NA,NA,NA,NA,NA,NA,NA,NA
709,NA,NA,KS,2024-06-10,NA,NA,NA,NA,NA,NA,NA,NA,NA,NA,NA,NA,NA,NA
710,0.664258726539176,0.583756894770655,KS,2024-06-11,0,1,1,1,1,1,1,0,0,1,1,1,1,1
711,NA,NA,KS,2024-06-12,NA,NA,NA,NA,NA,NA,NA,NA,NA,NA,NA,NA,NA,NA
712,NA,NA,KS,2024-06-13,NA,NA,NA,NA,NA,NA,NA,NA,NA,NA,NA,NA,NA,NA
713,0.571532236363648,0.2950563234808735,KS,2024-06-14,1,1,1,1,1,0,1,1,1,1,0,1,0,1
714,NA,NA,KS,2024-06-15,NA,NA,NA,NA,NA,NA,NA,NA,NA,NA,NA,NA,NA,NA
715,NA,NA,KY,2024-05-05,NA,NA,NA,NA,NA,NA,NA,NA,NA,NA,NA,NA,NA,NA
716,NA,NA,KY,2024-05-06,NA,NA,NA,NA,NA,NA,NA,NA,NA,NA,NA,NA,NA,NA
717,NA,NA,KY,2024-05-07,NA,NA,NA,NA,NA,NA,NA,NA,NA,NA,NA,NA,NA,NA
718,NA,NA,KY,2024-05-08,NA,NA,NA,NA,NA,NA,NA,NA,NA,NA,NA,NA,NA,NA
719,NA,NA,KY,2024-05-09,NA,NA,NA,NA,NA,NA,NA,NA,NA,NA,NA,NA,NA,NA
720,NA,NA,KY,2024-05-10,NA,NA,NA,NA,NA,NA,NA,NA,NA,NA,NA,NA,NA,NA
721,NA,NA,KY,2024-05-11,NA,NA,NA,NA,NA,NA,NA,NA,NA,NA,NA,NA,NA,NA
722,NA,NA,KY,2024-05-12,NA,NA,NA,NA,NA,NA,NA,NA,NA,NA,NA,NA,NA,NA
723,NA,NA,KY,2024-05-13,NA,NA,NA,NA,NA,NA,NA,NA,NA,NA,NA,NA,NA,NA
724,NA,NA,KY,2024-05-14,NA,NA,NA,NA,NA,NA,NA,NA,NA,NA,NA,NA,NA,NA
725,NA,NA,KY,2024-05-15,NA,NA,NA,NA,NA,NA,NA,NA,NA,NA,NA,NA,NA,NA
726,NA,NA,KY,2024-05-16,NA,NA,NA,NA,NA,NA,NA,NA,NA,NA,NA,NA,NA,NA
727,NA,NA,KY,2024-05-17,NA,NA,NA,NA,NA,NA,NA,NA,NA,NA,NA,NA,NA,NA
728,NA,NA,KY,2024-05-18,NA,NA,NA,NA,NA,NA,NA,NA,NA,NA,NA,NA,NA,NA
729,NA,NA,KY,2024-05-19,NA,NA,NA,NA,NA,NA,NA,NA,NA,NA,NA,NA,NA,NA
730,NA,NA,KY,2024-05-20,NA,NA,NA,NA,NA,NA,NA,NA,NA,NA,NA,NA,NA,NA
731,NA,NA,KY,2024-05-21,NA,NA,NA,NA,NA,NA,NA,NA,NA,NA,NA,NA,NA,NA
732,NA,NA,KY,2024-05-22,NA,NA,NA,NA,NA,NA,NA,NA,NA,NA,NA,NA,NA,NA
733,NA,NA,KY,2024-05-23,NA,NA,NA,NA,NA,NA,NA,NA,NA,NA,NA,NA,NA,NA
734,NA,NA,KY,2024-05-24,NA,NA,NA,NA,NA,NA,NA,NA,NA,NA,NA,NA,NA,NA
735,NA,NA,KY,2024-05-25,NA,NA,NA,NA,NA,NA,NA,NA,NA,NA,NA,NA,NA,NA
736,NA,NA,KY,2024-05-26,NA,NA,NA,NA,NA,NA,NA,NA,NA,NA,NA,NA,NA,NA
737,NA,NA,KY,2024-05-27,NA,NA,NA,NA,NA,NA,NA,NA,NA,NA,NA,NA,NA,NA
738,NA,NA,KY,2024-05-28,NA,NA,NA,NA,NA,NA,NA,NA,NA,NA,NA,NA,NA,NA
739,NA,NA,KY,2024-05-29,NA,NA,NA,NA,NA,NA,NA,NA,NA,NA,NA,NA,NA,NA
740,NA,NA,KY,2024-05-30,NA,NA,NA,NA,NA,NA,NA,NA,NA,NA,NA,NA,NA,NA
741,NA,NA,KY,2024-05-31,NA,NA,NA,NA,NA,NA,NA,NA,NA,NA,NA,NA,NA,NA
742,NA,NA,KY,2024-06-01,NA,NA,NA,NA,NA,NA,NA,NA,NA,NA,NA,NA,NA,NA
743,NA,NA,KY,2024-06-02,NA,NA,NA,NA,NA,NA,NA,NA,NA,NA,NA,NA,NA,NA
744,NA,NA,KY,2024-06-03,NA,NA,NA,NA,NA,NA,NA,NA,NA,NA,NA,NA,NA,NA
745,NA,NA,KY,2024-06-04,NA,NA,NA,NA,NA,NA,NA,NA,NA,NA,NA,NA,NA,NA
746,NA,NA,KY,2024-06-05,NA,NA,NA,NA,NA,NA,NA,NA,NA,NA,NA,NA,NA,NA
747,NA,NA,KY,2024-06-06,NA,NA,NA,NA,NA,NA,NA,NA,NA,NA,NA,NA,NA,NA
748,NA,NA,KY,2024-06-07,NA,NA,NA,NA,NA,NA,NA,NA,NA,NA,NA,NA,NA,NA
749,NA,NA,KY,2024-06-08,NA,NA,NA,NA,NA,NA,NA,NA,NA,NA,NA,NA,NA,NA
750,NA,NA,KY,2024-06-09,NA,NA,NA,NA,NA,NA,NA,NA,NA,NA,NA,NA,NA,NA
751,NA,NA,KY,2024-06-10,NA,NA,NA,NA,NA,NA,NA,NA,NA,NA,NA,NA,NA,NA
752,NA,NA,KY,2024-06-11,NA,NA,NA,NA,NA,NA,NA,NA,NA,NA,NA,NA,NA,NA
753,NA,NA,KY,2024-06-12,NA,NA,NA,NA,NA,NA,NA,NA,NA,NA,NA,NA,NA,NA
754,NA,NA,KY,2024-06-13,NA,NA,NA,NA,NA,NA,NA,NA,NA,NA,NA,NA,NA,NA
755,NA,NA,KY,2024-06-14,NA,NA,NA,NA,NA,NA,NA,NA,NA,NA,NA,NA,NA,NA
756,NA,NA,KY,2024-06-15,NA,NA,NA,NA,NA,NA,NA,NA,NA,NA,NA,NA,NA,NA
757,1.12833879010132,0.818320855770875,LA,2024-05-05,0,1,1,0,1,1,1,0,1,1,0,1,1,1
758,NA,NA,LA,2024-05-06,NA,NA,NA,NA,NA,NA,NA,NA,NA,NA,NA,NA,NA,NA
759,NA,NA,LA,2024-05-07,NA,NA,NA,NA,NA,NA,NA,NA,NA,NA,NA,NA,NA,NA
760,0.0402591245169051,0.02366496625203345,LA,2024-05-08,1,1,1,1,1,1,1,1,1,1,1,1,1,1
761,1.08198168975923,0.78657602737832,LA,2024-05-09,0,1,1,0,1,1,1,0,1,1,0,1,1,1
762,0.0454914601332533,0.02809773727904845,LA,2024-05-10,1,1,1,1,1,1,1,1,1,1,1,1,1,1
763,NA,NA,LA,2024-05-11,NA,NA,NA,NA,NA,NA,NA,NA,NA,NA,NA,NA,NA,NA
764,NA,NA,LA,2024-05-12,NA,NA,NA,NA,NA,NA,NA,NA,NA,NA,NA,NA,NA,NA
765,1.05289121776964,0.746093602226535,LA,2024-05-13,1,1,1,1,1,0,1,0,1,1,1,1,0,1
766,0.214312474334524,0.03924600914802355,LA,2024-05-14,1,1,1,1,1,1,1,0,1,1,0,1,1,1
767,0.912097348080618,0.680861480372735,LA,2024-05-15,1,0,1,1,1,1,1,0,0,1,1,1,1,1
768,1.04501317139969,0.75818578659572,LA,2024-05-16,1,1,0,1,1,1,1,0,1,0,1,1,1,1
769,1.44470925571337,0.4571557682283805,LA,2024-05-17,0,0,1,1,1,1,1,0,0,1,1,1,1,1
770,NA,NA,LA,2024-05-18,NA,NA,NA,NA,NA,NA,NA,NA,NA,NA,NA,NA,NA,NA
771,NA,NA,LA,2024-05-19,NA,NA,NA,NA,NA,NA,NA,NA,NA,NA,NA,NA,NA,NA
772,0.551511116879949,0.0626901718565445,LA,2024-05-20,1,1,1,1,1,1,1,1,1,1,1,1,1,1
773,1.38937749057955,0.666399176389175,LA,2024-05-21,0,1,1,0,1,0,1,0,0,1,0,1,0,1
774,1.67406583536043,0.640933232974875,LA,2024-05-22,0,1,1,0,1,0,1,0,1,1,0,1,1,1
775,0.507425067363355,0.2523627223195635,LA,2024-05-23,1,1,1,1,1,1,1,1,0,1,1,1,0,1
776,0.77952141680725,0.59202610382467,LA,2024-05-24,1,0,1,1,1,1,1,0,0,1,1,1,1,1
777,NA,NA,LA,2024-05-25,NA,NA,NA,NA,NA,NA,NA,NA,NA,NA,NA,NA,NA,NA
778,0.836035154996774,0.4336681861685295,LA,2024-05-26,1,1,1,1,1,1,1,0,1,1,0,1,1,1
779,NA,NA,LA,2024-05-27,NA,NA,NA,NA,NA,NA,NA,NA,NA,NA,NA,NA,NA,NA
780,0.190026688285597,0.1081206965311325,LA,2024-05-28,1,1,1,1,1,1,1,1,1,1,1,1,1,1
781,0.521160488580737,0.114952265364772,LA,2024-05-29,1,1,1,1,1,1,1,1,1,1,1,1,1,1
782,0.67717902476446,0.280650645068394,LA,2024-05-30,1,1,1,1,1,1,1,0,1,1,0,1,1,1
783,0.747161792169941,0.58969761512304,LA,2024-05-31,1,1,1,0,1,1,1,0,1,1,0,1,1,1
784,NA,NA,LA,2024-06-01,NA,NA,NA,NA,NA,NA,NA,NA,NA,NA,NA,NA,NA,NA
785,0.659213194237547,0.516196169391975,LA,2024-06-02,1,0,1,1,1,1,1,0,0,1,1,1,1,1
786,NA,NA,LA,2024-06-03,NA,NA,NA,NA,NA,NA,NA,NA,NA,NA,NA,NA,NA,NA
787,1.14603646751798,0.160928490773458,LA,2024-06-04,0,1,1,1,1,1,1,1,1,1,1,1,1,1
788,1.5136455926556,0.4897549314123185,LA,2024-06-05,0,1,1,1,1,0,1,0,0,1,1,1,1,1
789,0.599362483025955,0.3611921294856065,LA,2024-06-06,1,1,1,1,1,1,1,1,0,1,0,1,1,1
790,0.896693697128973,0.4757773870598645,LA,2024-06-07,1,1,1,1,1,1,1,0,1,1,1,1,0,1
791,0.87335840084112,0.468482041530091,LA,2024-06-08,1,1,1,1,1,1,1,0,1,1,1,1,0,1
792,0.642070394549975,0.449647448183064,LA,2024-06-09,1,1,1,1,1,0,1,0,1,1,1,1,0,1
793,0.873963948215987,0.2142725240479685,LA,2024-06-10,0,1,1,1,1,1,1,0,0,1,0,1,1,1
794,2.35827282375712,0.4829621303222845,LA,2024-06-11,1,0,1,1,1,1,0,0,0,1,1,1,0,0
795,1.57387032578319,0.3437406590939755,LA,2024-06-12,0,1,1,1,1,1,1,0,1,1,0,1,0,1
796,2.94792276777891,0.4520467123352185,LA,2024-06-13,1,1,1,0,1,1,1,0,0,1,0,1,0,1
797,1.32386675149545,0.367076339558384,LA,2024-06-14,1,1,1,1,1,1,1,0,0,1,0,1,1,1
798,NA,NA,LA,2024-06-15,NA,NA,NA,NA,NA,NA,NA,NA,NA,NA,NA,NA,NA,NA
799,NA,NA,MA,2024-05-05,NA,NA,NA,NA,NA,NA,NA,NA,NA,NA,NA,NA,NA,NA
800,0.139598830809324,0.0882510732758375,MA,2024-05-06,1,1,1,1,1,1,1,1,1,1,1,1,1,1
801,0.421717069567615,0.0957785303490855,MA,2024-05-07,1,1,1,1,1,1,1,0,0,1,1,1,1,1
802,0.15845093398528,0.103781080952618,MA,2024-05-08,1,1,1,1,1,1,1,0,1,1,0,1,1,1
803,0.838067416688643,0.356477212347333,MA,2024-05-09,1,1,0,1,1,1,1,0,0,0,1,0,1,1
804,0.868665152943491,0.296612059617669,MA,2024-05-10,1,1,1,1,0,1,1,0,1,1,1,0,1,1
805,NA,NA,MA,2024-05-11,NA,NA,NA,NA,NA,NA,NA,NA,NA,NA,NA,NA,NA,NA
806,NA,NA,MA,2024-05-12,NA,NA,NA,NA,NA,NA,NA,NA,NA,NA,NA,NA,NA,NA
807,NA,NA,MA,2024-05-13,NA,NA,NA,NA,NA,NA,NA,NA,NA,NA,NA,NA,NA,NA
808,0.853642038857959,0.4045223820454795,MA,2024-05-14,1,1,0,1,1,1,1,1,0,0,1,1,1,1
809,NA,NA,MA,2024-05-15,NA,NA,NA,NA,NA,NA,NA,NA,NA,NA,NA,NA,NA,NA
810,0.552749613333051,0.4453212349426735,MA,2024-05-16,1,1,1,1,1,1,1,0,0,1,1,1,1,1
811,0.545745310540744,0.43659214522867,MA,2024-05-17,1,1,1,1,1,1,1,0,0,1,1,1,1,1
812,NA,NA,MA,2024-05-18,NA,NA,NA,NA,NA,NA,NA,NA,NA,NA,NA,NA,NA,NA
813,NA,NA,MA,2024-05-19,NA,NA,NA,NA,NA,NA,NA,NA,NA,NA,NA,NA,NA,NA
814,1.36723271239299,0.315524108097149,MA,2024-05-20,0,1,1,1,1,1,1,0,0,1,1,1,0,1
815,NA,NA,MA,2024-05-21,NA,NA,NA,NA,NA,NA,NA,NA,NA,NA,NA,NA,NA,NA
816,0.983415724072443,0.507775084262575,MA,2024-05-22,1,1,0,1,1,1,1,0,1,0,1,1,1,1
817,0.466685313637428,0.397908014238548,MA,2024-05-23,1,1,1,1,1,1,1,1,0,1,1,1,0,1
818,0.421970992080127,0.2881502338721455,MA,2024-05-24,1,1,1,1,1,1,1,1,1,1,1,1,1,1
819,NA,NA,MA,2024-05-25,NA,NA,NA,NA,NA,NA,NA,NA,NA,NA,NA,NA,NA,NA
820,NA,NA,MA,2024-05-26,NA,NA,NA,NA,NA,NA,NA,NA,NA,NA,NA,NA,NA,NA
821,NA,NA,MA,2024-05-27,NA,NA,NA,NA,NA,NA,NA,NA,NA,NA,NA,NA,NA,NA
822,0.776758826455794,0.444984486467257,MA,2024-05-28,1,1,1,1,1,0,1,1,0,1,0,1,1,1
823,0.546226864553915,0.3247939816282275,MA,2024-05-29,1,1,1,0,1,1,1,1,0,1,0,1,1,1
824,0.517678686910991,0.36891917081077,MA,2024-05-30,0,1,1,1,1,1,1,0,1,1,1,1,0,1
825,0.743588066690724,0.436862073217746,MA,2024-05-31,1,1,1,1,1,0,1,1,0,1,0,1,1,1
826,NA,NA,MA,2024-06-01,NA,NA,NA,NA,NA,NA,NA,NA,NA,NA,NA,NA,NA,NA
827,NA,NA,MA,2024-06-02,NA,NA,NA,NA,NA,NA,NA,NA,NA,NA,NA,NA,NA,NA
828,0.5870887976898,0.419164341770362,MA,2024-06-03,0,1,1,1,1,1,1,1,1,1,1,1,1,1
829,0.438354613835905,0.388260863858705,MA,2024-06-04,1,1,1,1,1,1,1,0,0,1,1,1,1,1
830,NA,NA,MA,2024-06-05,NA,NA,NA,NA,NA,NA,NA,NA,NA,NA,NA,NA,NA,NA
831,NA,NA,MA,2024-06-06,NA,NA,NA,NA,NA,NA,NA,NA,NA,NA,NA,NA,NA,NA
832,0.725435718385531,0.3672707774468815,MA,2024-06-07,1,1,1,1,1,1,1,1,0,1,0,1,0,1
833,NA,NA,MA,2024-06-08,NA,NA,NA,NA,NA,NA,NA,NA,NA,NA,NA,NA,NA,NA
834,NA,NA,MA,2024-06-09,NA,NA,NA,NA,NA,NA,NA,NA,NA,NA,NA,NA,NA,NA
835,1.71383029666134,0.616197170955175,MA,2024-06-10,1,1,1,1,1,1,0,1,0,1,1,1,0,0
836,0.508770764550717,0.33461634999301,MA,2024-06-11,1,1,1,1,1,1,1,1,0,1,0,1,0,1
837,0.909268236532206,0.4786786599446895,MA,2024-06-12,0,1,1,1,1,1,1,0,1,1,1,1,0,1
838,1.4172912180982,0.4310927007980525,MA,2024-06-13,0,1,1,1,1,1,1,0,0,1,1,1,0,1
839,0.864741987685432,0.406025746889094,MA,2024-06-14,1,1,1,1,1,1,1,0,1,1,1,1,0,1
840,NA,NA,MA,2024-06-15,NA,NA,NA,NA,NA,NA,NA,NA,NA,NA,NA,NA,NA,NA
841,0.57767620220596,0.441020660845468,MD,2024-05-05,1,1,1,1,1,1,1,1,1,1,1,1,1,1
842,0.495036841070378,0.2040805010123815,MD,2024-05-06,1,1,1,1,1,1,1,0,1,1,0,1,1,1
843,3.57948216704409,0.529472123331775,MD,2024-05-07,0,1,1,0,1,1,1,0,1,1,0,1,1,1
844,0.888051565309019,0.4203899758371105,MD,2024-05-08,1,1,1,1,1,0,1,1,0,1,1,1,0,1
845,0.52905807228652,0.247784327650388,MD,2024-05-09,1,1,1,1,1,1,1,0,0,1,0,1,1,1
846,0.66970684837355,0.3018222814104805,MD,2024-05-10,1,1,1,1,1,1,1,0,0,1,0,1,1,1
847,0.273439846774099,0.1780354992189725,MD,2024-05-11,1,1,1,1,1,1,1,1,1,1,1,1,1,1
848,1.02841630907473,0.498914962053608,MD,2024-05-12,1,1,0,1,1,1,1,0,0,1,1,1,1,1
849,0.262586252278619,0.264276338169916,MD,2024-05-13,1,1,1,1,1,1,1,0,0,1,1,1,1,1
850,0.266799228073923,0.263609203854702,MD,2024-05-14,1,1,1,1,1,1,1,0,0,1,1,1,1,1
851,0.878349669432083,0.452230969551906,MD,2024-05-15,1,1,1,0,1,1,1,0,1,1,0,1,1,1
852,0.51127582306294606,0.2535571745543455,MD,2024-05-16,1,1,1,1,1,1,1,0,0,1,1,1,1,1
853,NA,NA,MD,2024-05-17,NA,NA,NA,NA,NA,NA,NA,NA,NA,NA,NA,NA,NA,NA
854,0.359956892882711,0.2704473585259195,MD,2024-05-18,1,1,1,1,1,1,1,0,0,1,1,1,1,1
855,NA,NA,MD,2024-05-19,NA,NA,NA,NA,NA,NA,NA,NA,NA,NA,NA,NA,NA,NA
856,0.288629791880474,0.266556693165795,MD,2024-05-20,1,1,1,1,1,1,1,1,1,1,1,1,1,1
857,0.741299387446813,0.3901479200805585,MD,2024-05-21,1,1,1,1,1,0,1,0,1,1,1,1,0,1
858,1.57809430533938,0.4766450884983255,MD,2024-05-22,1,0,1,0,1,1,1,1,0,1,0,1,1,1
859,1.28066077698392,0.3988519933543035,MD,2024-05-23,0,0,1,1,1,1,1,0,0,1,0,1,1,1
860,1.80098385918025,0.4421014605713055,MD,2024-05-24,1,0,1,0,1,1,1,0,0,1,0,1,1,1
861,1.14505877194918,0.3449578982236525,MD,2024-05-25,0,1,1,1,1,1,1,0,0,1,1,1,1,1
862,0.763156943540523,0.542727361222025,MD,2024-05-26,1,1,1,0,1,1,1,0,1,1,0,1,1,1
863,NA,NA,MD,2024-05-27,NA,NA,NA,NA,NA,NA,NA,NA,NA,NA,NA,NA,NA,NA
864,NA,NA,MD,2024-05-28,NA,NA,NA,NA,NA,NA,NA,NA,NA,NA,NA,NA,NA,NA
865,NA,NA,MD,2024-05-29,NA,NA,NA,NA,NA,NA,NA,NA,NA,NA,NA,NA,NA,NA
866,0.751039834459722,0.526394955265805,MD,2024-05-30,1,1,1,0,1,1,1,1,0,1,0,1,1,1
867,0.432794781629469,0.2962954898909035,MD,2024-05-31,1,1,1,1,1,1,1,0,0,1,1,1,1,1
868,0.732435685339992,0.51878002862378,MD,2024-06-01,1,1,1,0,1,1,1,1,1,1,1,1,1,1
869,0.638752578681782,0.438021375398007,MD,2024-06-02,0,1,1,1,1,1,1,0,1,1,0,1,1,1
870,1.38849243224782,0.448506412918818,MD,2024-06-03,0,1,1,1,1,1,1,0,0,1,1,1,1,1
871,NA,NA,MD,2024-06-04,NA,NA,NA,NA,NA,NA,NA,NA,NA,NA,NA,NA,NA,NA
872,1.55285124263569,0.480406864189149,MD,2024-06-05,0,0,1,1,1,1,1,0,0,1,0,1,1,1
873,0.699236478235969,0.379593452699583,MD,2024-06-06,1,1,1,1,1,1,1,0,0,1,1,1,1,1
874,1.59976118813588,0.49044674758832,MD,2024-06-07,0,0,1,1,1,1,1,0,0,1,0,1,1,1
875,0.998377896769466,0.494757125268564,MD,2024-06-08,1,1,1,1,1,1,1,0,1,1,0,1,1,1
876,1.04434299376167,0.3236690050820805,MD,2024-06-09,1,1,1,0,1,1,1,0,0,1,1,1,1,1
877,1.15720675486656,0.227881405371028,MD,2024-06-10,1,0,1,1,1,1,1,1,0,1,0,1,0,1
878,1.22997787588279,0.58283483989685,MD,2024-06-11,0,1,0,1,1,1,1,0,1,0,0,1,1,1
879,2.18901219313856,0.4798283032212355,MD,2024-06-12,1,0,1,0,1,1,1,0,0,1,0,1,1,1
880,0.867728559138869,0.41650097115917,MD,2024-06-13,1,1,1,1,1,1,1,0,1,1,0,1,0,1
881,NA,NA,MD,2024-06-14,NA,NA,NA,NA,NA,NA,NA,NA,NA,NA,NA,NA,NA,NA
882,0.883649506713662,0.418655251212512,MD,2024-06-15,1,1,1,1,1,1,1,0,0,1,1,1,0,1
883,NA,NA,ME,2024-05-05,NA,NA,NA,NA,NA,NA,NA,NA,NA,NA,NA,NA,NA,NA
884,NA,NA,ME,2024-05-06,NA,NA,NA,NA,NA,NA,NA,NA,NA,NA,NA,NA,NA,NA
885,NA,NA,ME,2024-05-07,NA,NA,NA,NA,NA,NA,NA,NA,NA,NA,NA,NA,NA,NA
886,NA,NA,ME,2024-05-08,NA,NA,NA,NA,NA,NA,NA,NA,NA,NA,NA,NA,NA,NA
887,NA,NA,ME,2024-05-09,NA,NA,NA,NA,NA,NA,NA,NA,NA,NA,NA,NA,NA,NA
888,NA,NA,ME,2024-05-10,NA,NA,NA,NA,NA,NA,NA,NA,NA,NA,NA,NA,NA,NA
889,NA,NA,ME,2024-05-11,NA,NA,NA,NA,NA,NA,NA,NA,NA,NA,NA,NA,NA,NA
890,NA,NA,ME,2024-05-12,NA,NA,NA,NA,NA,NA,NA,NA,NA,NA,NA,NA,NA,NA
891,NA,NA,ME,2024-05-13,NA,NA,NA,NA,NA,NA,NA,NA,NA,NA,NA,NA,NA,NA
892,NA,NA,ME,2024-05-14,NA,NA,NA,NA,NA,NA,NA,NA,NA,NA,NA,NA,NA,NA
893,NA,NA,ME,2024-05-15,NA,NA,NA,NA,NA,NA,NA,NA,NA,NA,NA,NA,NA,NA
894,NA,NA,ME,2024-05-16,NA,NA,NA,NA,NA,NA,NA,NA,NA,NA,NA,NA,NA,NA
895,NA,NA,ME,2024-05-17,NA,NA,NA,NA,NA,NA,NA,NA,NA,NA,NA,NA,NA,NA
896,NA,NA,ME,2024-05-18,NA,NA,NA,NA,NA,NA,NA,NA,NA,NA,NA,NA,NA,NA
897,NA,NA,ME,2024-05-19,NA,NA,NA,NA,NA,NA,NA,NA,NA,NA,NA,NA,NA,NA
898,NA,NA,ME,2024-05-20,NA,NA,NA,NA,NA,NA,NA,NA,NA,NA,NA,NA,NA,NA
899,NA,NA,ME,2024-05-21,NA,NA,NA,NA,NA,NA,NA,NA,NA,NA,NA,NA,NA,NA
900,NA,NA,ME,2024-05-22,NA,NA,NA,NA,NA,NA,NA,NA,NA,NA,NA,NA,NA,NA
901,NA,NA,ME,2024-05-23,NA,NA,NA,NA,NA,NA,NA,NA,NA,NA,NA,NA,NA,NA
902,NA,NA,ME,2024-05-24,NA,NA,NA,NA,NA,NA,NA,NA,NA,NA,NA,NA,NA,NA
903,NA,NA,ME,2024-05-25,NA,NA,NA,NA,NA,NA,NA,NA,NA,NA,NA,NA,NA,NA
904,NA,NA,ME,2024-05-26,NA,NA,NA,NA,NA,NA,NA,NA,NA,NA,NA,NA,NA,NA
905,NA,NA,ME,2024-05-27,NA,NA,NA,NA,NA,NA,NA,NA,NA,NA,NA,NA,NA,NA
906,NA,NA,ME,2024-05-28,NA,NA,NA,NA,NA,NA,NA,NA,NA,NA,NA,NA,NA,NA
907,NA,NA,ME,2024-05-29,NA,NA,NA,NA,NA,NA,NA,NA,NA,NA,NA,NA,NA,NA
908,NA,NA,ME,2024-05-30,NA,NA,NA,NA,NA,NA,NA,NA,NA,NA,NA,NA,NA,NA
909,NA,NA,ME,2024-05-31,NA,NA,NA,NA,NA,NA,NA,NA,NA,NA,NA,NA,NA,NA
910,NA,NA,ME,2024-06-01,NA,NA,NA,NA,NA,NA,NA,NA,NA,NA,NA,NA,NA,NA
911,NA,NA,ME,2024-06-02,NA,NA,NA,NA,NA,NA,NA,NA,NA,NA,NA,NA,NA,NA
912,NA,NA,ME,2024-06-03,NA,NA,NA,NA,NA,NA,NA,NA,NA,NA,NA,NA,NA,NA
913,NA,NA,ME,2024-06-04,NA,NA,NA,NA,NA,NA,NA,NA,NA,NA,NA,NA,NA,NA
914,NA,NA,ME,2024-06-05,NA,NA,NA,NA,NA,NA,NA,NA,NA,NA,NA,NA,NA,NA
915,NA,NA,ME,2024-06-06,NA,NA,NA,NA,NA,NA,NA,NA,NA,NA,NA,NA,NA,NA
916,NA,NA,ME,2024-06-07,NA,NA,NA,NA,NA,NA,NA,NA,NA,NA,NA,NA,NA,NA
917,NA,NA,ME,2024-06-08,NA,NA,NA,NA,NA,NA,NA,NA,NA,NA,NA,NA,NA,NA
918,NA,NA,ME,2024-06-09,NA,NA,NA,NA,NA,NA,NA,NA,NA,NA,NA,NA,NA,NA
919,NA,NA,ME,2024-06-10,NA,NA,NA,NA,NA,NA,NA,NA,NA,NA,NA,NA,NA,NA
920,NA,NA,ME,2024-06-11,NA,NA,NA,NA,NA,NA,NA,NA,NA,NA,NA,NA,NA,NA
921,NA,NA,ME,2024-06-12,NA,NA,NA,NA,NA,NA,NA,NA,NA,NA,NA,NA,NA,NA
922,NA,NA,ME,2024-06-13,NA,NA,NA,NA,NA,NA,NA,NA,NA,NA,NA,NA,NA,NA
923,NA,NA,ME,2024-06-14,NA,NA,NA,NA,NA,NA,NA,NA,NA,NA,NA,NA,NA,NA
924,NA,NA,ME,2024-06-15,NA,NA,NA,NA,NA,NA,NA,NA,NA,NA,NA,NA,NA,NA
925,0.422976245133547,0.248507042043987,MI,2024-05-05,1,1,1,1,1,1,1,0,0,1,1,1,1,1
926,0.856377719454491,0.356609388170799,MI,2024-05-06,1,1,1,0,1,1,1,0,0,0,0,1,1,1
927,0.275491892214918,0.2666377137290485,MI,2024-05-07,1,1,1,1,1,1,1,0,0,1,1,1,1,1
928,NA,NA,MI,2024-05-08,NA,NA,NA,NA,NA,NA,NA,NA,NA,NA,NA,NA,NA,NA
929,1.13789338731637,0.316786608686379,MI,2024-05-09,1,1,1,1,1,1,1,0,0,0,0,1,1,1
930,0.991750555024971,0.2742898600120255,MI,2024-05-10,0,1,1,1,1,1,1,0,1,1,1,1,0,1
931,1.46772153565842,0.256349436479209,MI,2024-05-11,0,0,1,1,1,1,1,0,0,1,1,1,1,1
932,0.602111435349097,0.2762035846005745,MI,2024-05-12,1,1,1,1,1,1,1,0,0,1,1,1,0,1
933,1.37190280592717,0.4351700151526015,MI,2024-05-13,1,0,1,0,1,1,1,0,1,1,1,1,0,1
934,1.29240963758809,0.327287321748769,MI,2024-05-14,1,1,1,1,1,1,1,0,0,1,0,1,1,1
935,0.739054424145002,0.386935585422121,MI,2024-05-15,1,1,1,0,1,1,1,1,0,1,0,1,1,1
936,1.92972233495743,0.2573556386393565,MI,2024-05-16,1,0,1,1,1,1,1,0,0,1,0,1,0,1
937,1.17712634206765,0.3101905419210355,MI,2024-05-17,0,1,1,1,1,1,1,0,1,1,1,1,0,1
938,1.8555153562588,0.3835503815953885,MI,2024-05-18,0,0,1,1,1,1,1,0,0,1,1,1,0,1
939,0.652308692488222,0.4530428675818775,MI,2024-05-19,1,1,1,1,1,0,1,1,0,1,1,1,0,1
940,1.80959917250149,0.32420377214413,MI,2024-05-20,0,1,1,1,1,0,1,0,0,1,1,1,0,1
941,1.63791156078718,0.3685173177046665,MI,2024-05-21,0,1,1,1,1,1,1,0,0,1,0,1,1,1
942,1.00008218752376,0.32592222381149,MI,2024-05-22,1,1,1,1,1,1,1,0,0,1,1,1,0,1
943,2.08487610692191,0.4455787350624805,MI,2024-05-23,0,0,1,1,1,1,1,0,0,1,1,1,0,1
944,0.618118765236926,0.273999911360815,MI,2024-05-24,1,1,1,1,1,1,1,1,0,1,1,1,0,1
945,1.30648671267139,0.427989825998574,MI,2024-05-25,0,1,1,1,1,1,1,0,0,1,0,1,0,1
946,0.563261604162345,0.3847878292275685,MI,2024-05-26,1,1,1,1,1,1,1,1,0,1,1,1,0,1
947,0.577515762865423,0.3518347737606615,MI,2024-05-27,1,1,1,1,1,1,1,0,0,1,1,1,1,1
948,4.3038377788771,0.4605459424694865,MI,2024-05-28,0,0,1,1,1,1,1,0,0,1,0,1,0,1
949,2.07445775498733,0.558168733154995,MI,2024-05-29,0,0,1,1,1,1,0,0,0,1,0,1,1,0
950,3.33275429836599,0.495781887271532,MI,2024-05-30,0,0,1,0,1,1,0,1,0,1,0,1,0,0
951,3.48551563083358,0.4157870528295865,MI,2024-05-31,0,1,1,1,1,0,1,0,0,1,1,1,0,1
952,1.50623719478448,0.4676883326464425,MI,2024-06-01,0,0,1,1,1,1,1,0,1,1,1,0,0,1
953,NA,NA,MI,2024-06-02,NA,NA,NA,NA,NA,NA,NA,NA,NA,NA,NA,NA,NA,NA
954,1.63988142079669,0.55908975816919,MI,2024-06-03,1,1,1,0,1,1,1,1,0,1,0,1,0,1
955,3.53481091042227,0.530251334954725,MI,2024-06-04,0,0,1,1,1,0,0,0,0,1,0,1,0,0
956,3.44611679735852,0.52000512071836,MI,2024-06-05,0,0,1,0,1,0,1,0,0,1,0,1,0,1
957,1.88405496758781,0.481972628076549,MI,2024-06-06,1,0,0,0,1,1,1,0,0,1,0,1,0,1
958,1.79652440338436,0.50049261058809,MI,2024-06-07,0,0,1,1,1,1,1,0,0,1,0,1,1,1
959,3.2050584448431,0.56691119411589,MI,2024-06-08,1,0,1,1,1,1,0,1,0,1,0,1,1,0
960,1.94714763648176,0.58453883222107506,MI,2024-06-09,0,0,1,0,1,1,1,0,0,1,0,1,0,1
961,2.32349972848568,0.4716693376874695,MI,2024-06-10,0,0,1,0,1,1,1,0,0,0,0,1,1,1
962,3.79067955428805,0.4548899492159185,MI,2024-06-11,1,1,1,0,1,0,1,0,0,1,0,1,0,1
963,1.6566594811405,0.510134743039625,MI,2024-06-12,0,1,1,1,1,0,1,0,0,1,1,1,0,1
964,3.16454617492671,0.51524144151822,MI,2024-06-13,0,1,1,0,1,0,1,0,0,1,0,1,0,1
965,7.08634876674148,0.5229898933247,MI,2024-06-14,0,1,1,0,1,0,1,0,0,1,0,1,0,1
966,NA,NA,MI,2024-06-15,NA,NA,NA,NA,NA,NA,NA,NA,NA,NA,NA,NA,NA,NA
967,1.07657866190193,0.170773275694694,MN,2024-05-05,1,1,1,0,1,1,1,0,0,1,0,1,0,1
968,NA,NA,MN,2024-05-06,NA,NA,NA,NA,NA,NA,NA,NA,NA,NA,NA,NA,NA,NA
969,1.00444294811023,0.750729632175155,MN,2024-05-07,1,1,1,0,1,1,1,1,0,1,0,1,1,1
970,1.02420432577849,0.461696980722103,MN,2024-05-08,1,1,1,1,1,0,1,1,0,1,1,1,0,1
971,0.412415706855826,0.312644845474291,MN,2024-05-09,1,1,1,1,1,1,1,0,0,1,1,1,1,1
972,0.393444248718791,0.3084363363461235,MN,2024-05-10,1,1,1,1,1,1,1,1,0,1,1,1,0,1
973,0.319028705823468,0.229824049667531,MN,2024-05-11,1,1,1,1,1,1,1,0,1,0,1,1,1,1
974,0.160084647639041,0.0867056147349845,MN,2024-05-12,1,1,1,1,1,1,1,1,1,1,1,1,1,1
975,0.635915864294623,0.50024647296425,MN,2024-05-13,1,1,1,1,1,1,1,0,0,1,1,1,1,1
976,0.336776641946291,0.2929977772734625,MN,2024-05-14,1,1,1,1,1,1,1,1,0,1,0,1,1,1
977,1.31746798580264,0.1065461347467045,MN,2024-05-15,0,1,1,1,1,1,1,0,0,1,0,1,1,0
978,0.87050802826183,0.212442381303147,MN,2024-05-16,1,1,1,1,1,1,1,0,0,1,1,0,1,1
979,0.219873976654543,0.121522462696463,MN,2024-05-17,1,1,1,1,1,1,1,1,1,1,1,1,1,1
980,1.05944140063971,0.1295385070129485,MN,2024-05-18,0,1,1,1,1,1,1,0,0,1,1,1,1,1
981,0.757779949943835,0.3984343166177775,MN,2024-05-19,1,1,1,0,1,1,1,1,0,1,0,1,1,1
982,1.51827222159006,0.4018755453998485,MN,2024-05-20,1,1,1,0,1,1,1,0,0,1,1,1,1,1
983,1.12557915291311,0.3927126191412355,MN,2024-05-21,1,0,1,1,1,1,1,1,0,1,1,0,1,1
984,2.27419587485027,0.448516291027477,MN,2024-05-22,1,0,1,0,1,1,1,1,0,1,0,1,1,1
985,0.739743830268646,0.2520196482136675,MN,2024-05-23,1,1,1,1,1,1,1,0,0,1,0,1,1,1
986,0.893781944735105,0.418982172728705,MN,2024-05-24,1,1,0,1,1,1,1,1,0,0,1,1,1,1
987,0.870746682167394,0.479952897032802,MN,2024-05-25,1,1,1,1,1,0,1,0,0,1,1,1,0,1
988,1.05301757959211,0.4480197924437675,MN,2024-05-26,1,1,0,1,1,1,1,1,0,0,1,1,0,1
989,0.750141651027419,0.410685702121494,MN,2024-05-27,1,1,1,0,1,1,1,1,1,1,1,1,1,1
990,1.24980008456359,0.372088917621507,MN,2024-05-28,1,1,0,1,1,1,1,0,0,0,0,0,0,1
991,0.409995120421284,0.2384114839184745,MN,2024-05-29,1,1,1,1,1,1,1,1,1,1,1,1,1,1
992,2.00564299596959,0.480825986210126,MN,2024-05-30,1,1,1,0,1,1,1,0,0,1,0,1,1,1
993,0.654044700558227,0.277088203990572,MN,2024-05-31,1,1,1,1,1,1,1,0,1,1,1,1,0,1
994,0.703405176091003,0.577962531152565,MN,2024-06-01,1,1,1,0,1,1,1,1,1,0,0,1,1,1
995,0.678632186817304,0.3489694441205145,MN,2024-06-02,1,1,1,1,1,1,1,1,0,1,0,0,0,1
996,2.4829540491374,0.420840031557635,MN,2024-06-03,0,0,1,1,1,1,0,0,0,1,0,1,1,0
997,2.26546617935263,0.3239006667440975,MN,2024-06-04,0,1,1,1,1,1,1,1,0,1,1,1,0,1
998,1.78997072164199,0.362165516952517,MN,2024-06-05,0,1,1,1,1,1,1,0,0,1,0,1,0,1
999,1.03944115193432,0.3862508213866255,MN,2024-06-06,1,1,1,0,1,1,1,1,0,1,0,1,0,1
1000,2.18947530230091,0.552704740360365,MN,2024-06-07,1,0,1,0,1,1,1,0,0,1,0,1,1,1
1001,0.81749545329246,0.23403221684262,MN,2024-06-08,1,0,1,1,1,1,1,1,0,1,1,1,0,1
1002,2.22230509620865,0.4235306744110735,MN,2024-06-09,0,0,1,0,1,1,1,0,0,1,0,1,1,1
1003,1.99468883012837,0.4701845830907315,MN,2024-06-10,1,0,1,1,1,1,0,0,0,1,0,1,0,0
1004,1.08512830567429,0.36050716684826,MN,2024-06-11,1,1,1,1,1,1,1,0,1,1,0,1,1,1
1005,1.3225907208943,0.3253232494507855,MN,2024-06-12,1,1,1,1,1,1,1,0,0,0,0,0,0,1
1006,4.10208789263193,0.402284729429609,MN,2024-06-13,1,1,0,0,0,1,0,0,0,0,0,0,0,0
1007,0.97554235489151,0.3204973264043725,MN,2024-06-14,1,1,1,1,1,1,1,1,0,1,1,0,0,1
1008,1.54840903570277,0.4256481584436405,MN,2024-06-15,1,1,1,1,1,1,0,0,0,1,0,1,0,0
1009,NA,NA,MO,2024-05-05,NA,NA,NA,NA,NA,NA,NA,NA,NA,NA,NA,NA,NA,NA
1010,NA,NA,MO,2024-05-06,NA,NA,NA,NA,NA,NA,NA,NA,NA,NA,NA,NA,NA,NA
1011,NA,NA,MO,2024-05-07,NA,NA,NA,NA,NA,NA,NA,NA,NA,NA,NA,NA,NA,NA
1012,NA,NA,MO,2024-05-08,NA,NA,NA,NA,NA,NA,NA,NA,NA,NA,NA,NA,NA,NA
1013,NA,NA,MO,2024-05-09,NA,NA,NA,NA,NA,NA,NA,NA,NA,NA,NA,NA,NA,NA
1014,NA,NA,MO,2024-05-10,NA,NA,NA,NA,NA,NA,NA,NA,NA,NA,NA,NA,NA,NA
1015,NA,NA,MO,2024-05-11,NA,NA,NA,NA,NA,NA,NA,NA,NA,NA,NA,NA,NA,NA
1016,NA,NA,MO,2024-05-12,NA,NA,NA,NA,NA,NA,NA,NA,NA,NA,NA,NA,NA,NA
1017,NA,NA,MO,2024-05-13,NA,NA,NA,NA,NA,NA,NA,NA,NA,NA,NA,NA,NA,NA
1018,NA,NA,MO,2024-05-14,NA,NA,NA,NA,NA,NA,NA,NA,NA,NA,NA,NA,NA,NA
1019,NA,NA,MO,2024-05-15,NA,NA,NA,NA,NA,NA,NA,NA,NA,NA,NA,NA,NA,NA
1020,NA,NA,MO,2024-05-16,NA,NA,NA,NA,NA,NA,NA,NA,NA,NA,NA,NA,NA,NA
1021,0.458788415847245,0.3204286178385145,MO,2024-05-17,1,1,1,1,1,1,1,1,1,1,1,1,1,1
1022,0.453868734564171,0.386108878706822,MO,2024-05-18,1,1,1,1,1,1,1,0,0,1,1,1,1,1
1023,NA,NA,MO,2024-05-19,NA,NA,NA,NA,NA,NA,NA,NA,NA,NA,NA,NA,NA,NA
1024,NA,NA,MO,2024-05-20,NA,NA,NA,NA,NA,NA,NA,NA,NA,NA,NA,NA,NA,NA
1025,NA,NA,MO,2024-05-21,NA,NA,NA,NA,NA,NA,NA,NA,NA,NA,NA,NA,NA,NA
1026,NA,NA,MO,2024-05-22,NA,NA,NA,NA,NA,NA,NA,NA,NA,NA,NA,NA,NA,NA
1027,NA,NA,MO,2024-05-23,NA,NA,NA,NA,NA,NA,NA,NA,NA,NA,NA,NA,NA,NA
1028,NA,NA,MO,2024-05-24,NA,NA,NA,NA,NA,NA,NA,NA,NA,NA,NA,NA,NA,NA
1029,NA,NA,MO,2024-05-25,NA,NA,NA,NA,NA,NA,NA,NA,NA,NA,NA,NA,NA,NA
1030,NA,NA,MO,2024-05-26,NA,NA,NA,NA,NA,NA,NA,NA,NA,NA,NA,NA,NA,NA
1031,NA,NA,MO,2024-05-27,NA,NA,NA,NA,NA,NA,NA,NA,NA,NA,NA,NA,NA,NA
1032,NA,NA,MO,2024-05-28,NA,NA,NA,NA,NA,NA,NA,NA,NA,NA,NA,NA,NA,NA
1033,NA,NA,MO,2024-05-29,NA,NA,NA,NA,NA,NA,NA,NA,NA,NA,NA,NA,NA,NA
1034,NA,NA,MO,2024-05-30,NA,NA,NA,NA,NA,NA,NA,NA,NA,NA,NA,NA,NA,NA
1035,NA,NA,MO,2024-05-31,NA,NA,NA,NA,NA,NA,NA,NA,NA,NA,NA,NA,NA,NA
1036,NA,NA,MO,2024-06-01,NA,NA,NA,NA,NA,NA,NA,NA,NA,NA,NA,NA,NA,NA
1037,NA,NA,MO,2024-06-02,NA,NA,NA,NA,NA,NA,NA,NA,NA,NA,NA,NA,NA,NA
1038,NA,NA,MO,2024-06-03,NA,NA,NA,NA,NA,NA,NA,NA,NA,NA,NA,NA,NA,NA
1039,NA,NA,MO,2024-06-04,NA,NA,NA,NA,NA,NA,NA,NA,NA,NA,NA,NA,NA,NA
1040,NA,NA,MO,2024-06-05,NA,NA,NA,NA,NA,NA,NA,NA,NA,NA,NA,NA,NA,NA
1041,NA,NA,MO,2024-06-06,NA,NA,NA,NA,NA,NA,NA,NA,NA,NA,NA,NA,NA,NA
1042,NA,NA,MO,2024-06-07,NA,NA,NA,NA,NA,NA,NA,NA,NA,NA,NA,NA,NA,NA
1043,NA,NA,MO,2024-06-08,NA,NA,NA,NA,NA,NA,NA,NA,NA,NA,NA,NA,NA,NA
1044,NA,NA,MO,2024-06-09,NA,NA,NA,NA,NA,NA,NA,NA,NA,NA,NA,NA,NA,NA
1045,NA,NA,MO,2024-06-10,NA,NA,NA,NA,NA,NA,NA,NA,NA,NA,NA,NA,NA,NA
1046,NA,NA,MO,2024-06-11,NA,NA,NA,NA,NA,NA,NA,NA,NA,NA,NA,NA,NA,NA
1047,NA,NA,MO,2024-06-12,NA,NA,NA,NA,NA,NA,NA,NA,NA,NA,NA,NA,NA,NA
1048,NA,NA,MO,2024-06-13,NA,NA,NA,NA,NA,NA,NA,NA,NA,NA,NA,NA,NA,NA
1049,NA,NA,MO,2024-06-14,NA,NA,NA,NA,NA,NA,NA,NA,NA,NA,NA,NA,NA,NA
1050,NA,NA,MO,2024-06-15,NA,NA,NA,NA,NA,NA,NA,NA,NA,NA,NA,NA,NA,NA
1051,NA,NA,MS,2024-05-05,NA,NA,NA,NA,NA,NA,NA,NA,NA,NA,NA,NA,NA,NA
1052,NA,NA,MS,2024-05-06,NA,NA,NA,NA,NA,NA,NA,NA,NA,NA,NA,NA,NA,NA
1053,NA,NA,MS,2024-05-07,NA,NA,NA,NA,NA,NA,NA,NA,NA,NA,NA,NA,NA,NA
1054,NA,NA,MS,2024-05-08,NA,NA,NA,NA,NA,NA,NA,NA,NA,NA,NA,NA,NA,NA
1055,NA,NA,MS,2024-05-09,NA,NA,NA,NA,NA,NA,NA,NA,NA,NA,NA,NA,NA,NA
1056,0.365951093679275,0.3224546408841825,MS,2024-05-10,1,1,1,1,1,1,1,1,1,1,1,1,1,1
1057,NA,NA,MS,2024-05-11,NA,NA,NA,NA,NA,NA,NA,NA,NA,NA,NA,NA,NA,NA
1058,NA,NA,MS,2024-05-12,NA,NA,NA,NA,NA,NA,NA,NA,NA,NA,NA,NA,NA,NA
1059,NA,NA,MS,2024-05-13,NA,NA,NA,NA,NA,NA,NA,NA,NA,NA,NA,NA,NA,NA
1060,NA,NA,MS,2024-05-14,NA,NA,NA,NA,NA,NA,NA,NA,NA,NA,NA,NA,NA,NA
1061,NA,NA,MS,2024-05-15,NA,NA,NA,NA,NA,NA,NA,NA,NA,NA,NA,NA,NA,NA
1062,NA,NA,MS,2024-05-16,NA,NA,NA,NA,NA,NA,NA,NA,NA,NA,NA,NA,NA,NA
1063,NA,NA,MS,2024-05-17,NA,NA,NA,NA,NA,NA,NA,NA,NA,NA,NA,NA,NA,NA
1064,NA,NA,MS,2024-05-18,NA,NA,NA,NA,NA,NA,NA,NA,NA,NA,NA,NA,NA,NA
1065,NA,NA,MS,2024-05-19,NA,NA,NA,NA,NA,NA,NA,NA,NA,NA,NA,NA,NA,NA
1066,NA,NA,MS,2024-05-20,NA,NA,NA,NA,NA,NA,NA,NA,NA,NA,NA,NA,NA,NA
1067,NA,NA,MS,2024-05-21,NA,NA,NA,NA,NA,NA,NA,NA,NA,NA,NA,NA,NA,NA
1068,NA,NA,MS,2024-05-22,NA,NA,NA,NA,NA,NA,NA,NA,NA,NA,NA,NA,NA,NA
1069,NA,NA,MS,2024-05-23,NA,NA,NA,NA,NA,NA,NA,NA,NA,NA,NA,NA,NA,NA
1070,NA,NA,MS,2024-05-24,NA,NA,NA,NA,NA,NA,NA,NA,NA,NA,NA,NA,NA,NA
1071,NA,NA,MS,2024-05-25,NA,NA,NA,NA,NA,NA,NA,NA,NA,NA,NA,NA,NA,NA
1072,NA,NA,MS,2024-05-26,NA,NA,NA,NA,NA,NA,NA,NA,NA,NA,NA,NA,NA,NA
1073,NA,NA,MS,2024-05-27,NA,NA,NA,NA,NA,NA,NA,NA,NA,NA,NA,NA,NA,NA
1074,NA,NA,MS,2024-05-28,NA,NA,NA,NA,NA,NA,NA,NA,NA,NA,NA,NA,NA,NA
1075,NA,NA,MS,2024-05-29,NA,NA,NA,NA,NA,NA,NA,NA,NA,NA,NA,NA,NA,NA
1076,NA,NA,MS,2024-05-30,NA,NA,NA,NA,NA,NA,NA,NA,NA,NA,NA,NA,NA,NA
1077,NA,NA,MS,2024-05-31,NA,NA,NA,NA,NA,NA,NA,NA,NA,NA,NA,NA,NA,NA
1078,NA,NA,MS,2024-06-01,NA,NA,NA,NA,NA,NA,NA,NA,NA,NA,NA,NA,NA,NA
1079,NA,NA,MS,2024-06-02,NA,NA,NA,NA,NA,NA,NA,NA,NA,NA,NA,NA,NA,NA
1080,NA,NA,MS,2024-06-03,NA,NA,NA,NA,NA,NA,NA,NA,NA,NA,NA,NA,NA,NA
1081,NA,NA,MS,2024-06-04,NA,NA,NA,NA,NA,NA,NA,NA,NA,NA,NA,NA,NA,NA
1082,NA,NA,MS,2024-06-05,NA,NA,NA,NA,NA,NA,NA,NA,NA,NA,NA,NA,NA,NA
1083,NA,NA,MS,2024-06-06,NA,NA,NA,NA,NA,NA,NA,NA,NA,NA,NA,NA,NA,NA
1084,NA,NA,MS,2024-06-07,NA,NA,NA,NA,NA,NA,NA,NA,NA,NA,NA,NA,NA,NA
1085,NA,NA,MS,2024-06-08,NA,NA,NA,NA,NA,NA,NA,NA,NA,NA,NA,NA,NA,NA
1086,NA,NA,MS,2024-06-09,NA,NA,NA,NA,NA,NA,NA,NA,NA,NA,NA,NA,NA,NA
1087,NA,NA,MS,2024-06-10,NA,NA,NA,NA,NA,NA,NA,NA,NA,NA,NA,NA,NA,NA
1088,NA,NA,MS,2024-06-11,NA,NA,NA,NA,NA,NA,NA,NA,NA,NA,NA,NA,NA,NA
1089,NA,NA,MS,2024-06-12,NA,NA,NA,NA,NA,NA,NA,NA,NA,NA,NA,NA,NA,NA
1090,NA,NA,MS,2024-06-13,NA,NA,NA,NA,NA,NA,NA,NA,NA,NA,NA,NA,NA,NA
1091,NA,NA,MS,2024-06-14,NA,NA,NA,NA,NA,NA,NA,NA,NA,NA,NA,NA,NA,NA
1092,NA,NA,MS,2024-06-15,NA,NA,NA,NA,NA,NA,NA,NA,NA,NA,NA,NA,NA,NA
1093,NA,NA,MT,2024-05-05,NA,NA,NA,NA,NA,NA,NA,NA,NA,NA,NA,NA,NA,NA
1094,NA,NA,MT,2024-05-06,NA,NA,NA,NA,NA,NA,NA,NA,NA,NA,NA,NA,NA,NA
1095,NA,NA,MT,2024-05-07,NA,NA,NA,NA,NA,NA,NA,NA,NA,NA,NA,NA,NA,NA
1096,NA,NA,MT,2024-05-08,NA,NA,NA,NA,NA,NA,NA,NA,NA,NA,NA,NA,NA,NA
1097,NA,NA,MT,2024-05-09,NA,NA,NA,NA,NA,NA,NA,NA,NA,NA,NA,NA,NA,NA
1098,NA,NA,MT,2024-05-10,NA,NA,NA,NA,NA,NA,NA,NA,NA,NA,NA,NA,NA,NA
1099,NA,NA,MT,2024-05-11,NA,NA,NA,NA,NA,NA,NA,NA,NA,NA,NA,NA,NA,NA
1100,NA,NA,MT,2024-05-12,NA,NA,NA,NA,NA,NA,NA,NA,NA,NA,NA,NA,NA,NA
1101,NA,NA,MT,2024-05-13,NA,NA,NA,NA,NA,NA,NA,NA,NA,NA,NA,NA,NA,NA
1102,NA,NA,MT,2024-05-14,NA,NA,NA,NA,NA,NA,NA,NA,NA,NA,NA,NA,NA,NA
1103,NA,NA,MT,2024-05-15,NA,NA,NA,NA,NA,NA,NA,NA,NA,NA,NA,NA,NA,NA
1104,NA,NA,MT,2024-05-16,NA,NA,NA,NA,NA,NA,NA,NA,NA,NA,NA,NA,NA,NA
1105,NA,NA,MT,2024-05-17,NA,NA,NA,NA,NA,NA,NA,NA,NA,NA,NA,NA,NA,NA
1106,NA,NA,MT,2024-05-18,NA,NA,NA,NA,NA,NA,NA,NA,NA,NA,NA,NA,NA,NA
1107,NA,NA,MT,2024-05-19,NA,NA,NA,NA,NA,NA,NA,NA,NA,NA,NA,NA,NA,NA
1108,NA,NA,MT,2024-05-20,NA,NA,NA,NA,NA,NA,NA,NA,NA,NA,NA,NA,NA,NA
1109,NA,NA,MT,2024-05-21,NA,NA,NA,NA,NA,NA,NA,NA,NA,NA,NA,NA,NA,NA
1110,NA,NA,MT,2024-05-22,NA,NA,NA,NA,NA,NA,NA,NA,NA,NA,NA,NA,NA,NA
1111,NA,NA,MT,2024-05-23,NA,NA,NA,NA,NA,NA,NA,NA,NA,NA,NA,NA,NA,NA
1112,NA,NA,MT,2024-05-24,NA,NA,NA,NA,NA,NA,NA,NA,NA,NA,NA,NA,NA,NA
1113,NA,NA,MT,2024-05-25,NA,NA,NA,NA,NA,NA,NA,NA,NA,NA,NA,NA,NA,NA
1114,NA,NA,MT,2024-05-26,NA,NA,NA,NA,NA,NA,NA,NA,NA,NA,NA,NA,NA,NA
1115,NA,NA,MT,2024-05-27,NA,NA,NA,NA,NA,NA,NA,NA,NA,NA,NA,NA,NA,NA
1116,NA,NA,MT,2024-05-28,NA,NA,NA,NA,NA,NA,NA,NA,NA,NA,NA,NA,NA,NA
1117,NA,NA,MT,2024-05-29,NA,NA,NA,NA,NA,NA,NA,NA,NA,NA,NA,NA,NA,NA
1118,NA,NA,MT,2024-05-30,NA,NA,NA,NA,NA,NA,NA,NA,NA,NA,NA,NA,NA,NA
1119,NA,NA,MT,2024-05-31,NA,NA,NA,NA,NA,NA,NA,NA,NA,NA,NA,NA,NA,NA
1120,NA,NA,MT,2024-06-01,NA,NA,NA,NA,NA,NA,NA,NA,NA,NA,NA,NA,NA,NA
1121,NA,NA,MT,2024-06-02,NA,NA,NA,NA,NA,NA,NA,NA,NA,NA,NA,NA,NA,NA
1122,NA,NA,MT,2024-06-03,NA,NA,NA,NA,NA,NA,NA,NA,NA,NA,NA,NA,NA,NA
1123,NA,NA,MT,2024-06-04,NA,NA,NA,NA,NA,NA,NA,NA,NA,NA,NA,NA,NA,NA
1124,NA,NA,MT,2024-06-05,NA,NA,NA,NA,NA,NA,NA,NA,NA,NA,NA,NA,NA,NA
1125,NA,NA,MT,2024-06-06,NA,NA,NA,NA,NA,NA,NA,NA,NA,NA,NA,NA,NA,NA
1126,NA,NA,MT,2024-06-07,NA,NA,NA,NA,NA,NA,NA,NA,NA,NA,NA,NA,NA,NA
1127,NA,NA,MT,2024-06-08,NA,NA,NA,NA,NA,NA,NA,NA,NA,NA,NA,NA,NA,NA
1128,NA,NA,MT,2024-06-09,NA,NA,NA,NA,NA,NA,NA,NA,NA,NA,NA,NA,NA,NA
1129,NA,NA,MT,2024-06-10,NA,NA,NA,NA,NA,NA,NA,NA,NA,NA,NA,NA,NA,NA
1130,NA,NA,MT,2024-06-11,NA,NA,NA,NA,NA,NA,NA,NA,NA,NA,NA,NA,NA,NA
1131,NA,NA,MT,2024-06-12,NA,NA,NA,NA,NA,NA,NA,NA,NA,NA,NA,NA,NA,NA
1132,NA,NA,MT,2024-06-13,NA,NA,NA,NA,NA,NA,NA,NA,NA,NA,NA,NA,NA,NA
1133,NA,NA,MT,2024-06-14,NA,NA,NA,NA,NA,NA,NA,NA,NA,NA,NA,NA,NA,NA
1134,NA,NA,MT,2024-06-15,NA,NA,NA,NA,NA,NA,NA,NA,NA,NA,NA,NA,NA,NA
1135,NA,NA,NC,2024-05-05,NA,NA,NA,NA,NA,NA,NA,NA,NA,NA,NA,NA,NA,NA
1136,NA,NA,NC,2024-05-06,NA,NA,NA,NA,NA,NA,NA,NA,NA,NA,NA,NA,NA,NA
1137,0.22372287199911,0.158779770150345,NC,2024-05-07,1,1,1,1,1,1,1,1,1,1,1,1,1,1
1138,0.868785234825377,0.319409552127599,NC,2024-05-08,1,1,1,1,1,0,1,0,0,1,1,1,0,1
1139,0.754786809587167,0.3958387094563695,NC,2024-05-09,1,1,1,1,1,0,1,0,0,1,1,1,1,1
1140,0.802763719701555,0.559082414414225,NC,2024-05-10,1,1,1,0,1,1,1,1,1,1,0,1,0,1
1141,NA,NA,NC,2024-05-11,NA,NA,NA,NA,NA,NA,NA,NA,NA,NA,NA,NA,NA,NA
1142,NA,NA,NC,2024-05-12,NA,NA,NA,NA,NA,NA,NA,NA,NA,NA,NA,NA,NA,NA
1143,NA,NA,NC,2024-05-13,NA,NA,NA,NA,NA,NA,NA,NA,NA,NA,NA,NA,NA,NA
1144,0.46574330588457,0.3358840956288405,NC,2024-05-14,1,1,1,1,1,1,1,0,0,1,1,1,1,1
1145,0.451743737139324,0.3277619511474235,NC,2024-05-15,1,1,1,1,1,1,1,1,0,1,0,1,1,1
1146,0.374114104035049,0.251184994879074,NC,2024-05-16,1,1,1,1,1,1,1,0,0,1,1,1,1,1
1147,NA,NA,NC,2024-05-17,NA,NA,NA,NA,NA,NA,NA,NA,NA,NA,NA,NA,NA,NA
1148,NA,NA,NC,2024-05-18,NA,NA,NA,NA,NA,NA,NA,NA,NA,NA,NA,NA,NA,NA
1149,NA,NA,NC,2024-05-19,NA,NA,NA,NA,NA,NA,NA,NA,NA,NA,NA,NA,NA,NA
1150,NA,NA,NC,2024-05-20,NA,NA,NA,NA,NA,NA,NA,NA,NA,NA,NA,NA,NA,NA
1151,0.691039155860698,0.3819287679078025,NC,2024-05-21,1,1,1,1,1,1,1,0,0,1,0,1,1,1
1152,1.12062060408595,0.384772853930943,NC,2024-05-22,0,1,1,1,1,1,1,0,0,1,0,1,0,1
1153,0.485228382872763,0.329138494989693,NC,2024-05-23,1,1,1,1,1,1,1,0,0,1,1,1,1,1
1154,NA,NA,NC,2024-05-24,NA,NA,NA,NA,NA,NA,NA,NA,NA,NA,NA,NA,NA,NA
1155,NA,NA,NC,2024-05-25,NA,NA,NA,NA,NA,NA,NA,NA,NA,NA,NA,NA,NA,NA
1156,NA,NA,NC,2024-05-26,NA,NA,NA,NA,NA,NA,NA,NA,NA,NA,NA,NA,NA,NA
1157,NA,NA,NC,2024-05-27,NA,NA,NA,NA,NA,NA,NA,NA,NA,NA,NA,NA,NA,NA
1158,0.38084163119609,0.2707516838781645,NC,2024-05-28,1,1,1,1,1,1,1,1,0,1,1,0,1,1
1159,NA,NA,NC,2024-05-29,NA,NA,NA,NA,NA,NA,NA,NA,NA,NA,NA,NA,NA,NA
1160,NA,NA,NC,2024-05-30,NA,NA,NA,NA,NA,NA,NA,NA,NA,NA,NA,NA,NA,NA
1161,0.869369558221427,0.607246606889425,NC,2024-05-31,1,1,0,1,1,1,1,0,1,0,1,1,1,1
1162,NA,NA,NC,2024-06-01,NA,NA,NA,NA,NA,NA,NA,NA,NA,NA,NA,NA,NA,NA
1163,NA,NA,NC,2024-06-02,NA,NA,NA,NA,NA,NA,NA,NA,NA,NA,NA,NA,NA,NA
1164,NA,NA,NC,2024-06-03,NA,NA,NA,NA,NA,NA,NA,NA,NA,NA,NA,NA,NA,NA
1165,0.873349805795043,0.4254243437868405,NC,2024-06-04,1,1,1,1,1,1,1,0,0,1,0,1,1,1
1166,0.711964157273258,0.3449932234042455,NC,2024-06-05,1,1,1,1,1,1,1,0,0,1,0,1,0,1
1167,1.37640811386103,0.418158205060128,NC,2024-06-06,1,1,1,0,1,1,1,1,0,0,0,1,1,1
1168,0.885001526994042,0.4324251766676805,NC,2024-06-07,0,1,1,1,1,1,1,1,0,1,0,1,1,1
1169,NA,NA,NC,2024-06-08,NA,NA,NA,NA,NA,NA,NA,NA,NA,NA,NA,NA,NA,NA
1170,0.726180831008601,0.489268563943049,NC,2024-06-09,0,1,1,1,1,1,1,0,1,1,1,0,1,1
1171,0.839213668494934,0.4478958248486285,NC,2024-06-10,0,1,1,1,1,1,1,0,0,1,1,1,1,1
1172,NA,NA,NC,2024-06-11,NA,NA,NA,NA,NA,NA,NA,NA,NA,NA,NA,NA,NA,NA
1173,0.447561243059332,0.300105354867084,NC,2024-06-12,1,1,1,1,1,1,1,1,0,1,1,0,1,1
1174,0.771004244993746,0.51648330101379,NC,2024-06-13,0,1,1,1,1,1,1,0,1,1,1,1,0,1
1175,NA,NA,NC,2024-06-14,NA,NA,NA,NA,NA,NA,NA,NA,NA,NA,NA,NA,NA,NA
1176,NA,NA,NC,2024-06-15,NA,NA,NA,NA,NA,NA,NA,NA,NA,NA,NA,NA,NA,NA
1177,NA,NA,ND,2024-05-05,NA,NA,NA,NA,NA,NA,NA,NA,NA,NA,NA,NA,NA,NA
1178,NA,NA,ND,2024-05-06,NA,NA,NA,NA,NA,NA,NA,NA,NA,NA,NA,NA,NA,NA
1179,NA,NA,ND,2024-05-07,NA,NA,NA,NA,NA,NA,NA,NA,NA,NA,NA,NA,NA,NA
1180,NA,NA,ND,2024-05-08,NA,NA,NA,NA,NA,NA,NA,NA,NA,NA,NA,NA,NA,NA
1181,NA,NA,ND,2024-05-09,NA,NA,NA,NA,NA,NA,NA,NA,NA,NA,NA,NA,NA,NA
1182,NA,NA,ND,2024-05-10,NA,NA,NA,NA,NA,NA,NA,NA,NA,NA,NA,NA,NA,NA
1183,NA,NA,ND,2024-05-11,NA,NA,NA,NA,NA,NA,NA,NA,NA,NA,NA,NA,NA,NA
1184,NA,NA,ND,2024-05-12,NA,NA,NA,NA,NA,NA,NA,NA,NA,NA,NA,NA,NA,NA
1185,NA,NA,ND,2024-05-13,NA,NA,NA,NA,NA,NA,NA,NA,NA,NA,NA,NA,NA,NA
1186,NA,NA,ND,2024-05-14,NA,NA,NA,NA,NA,NA,NA,NA,NA,NA,NA,NA,NA,NA
1187,NA,NA,ND,2024-05-15,NA,NA,NA,NA,NA,NA,NA,NA,NA,NA,NA,NA,NA,NA
1188,NA,NA,ND,2024-05-16,NA,NA,NA,NA,NA,NA,NA,NA,NA,NA,NA,NA,NA,NA
1189,NA,NA,ND,2024-05-17,NA,NA,NA,NA,NA,NA,NA,NA,NA,NA,NA,NA,NA,NA
1190,NA,NA,ND,2024-05-18,NA,NA,NA,NA,NA,NA,NA,NA,NA,NA,NA,NA,NA,NA
1191,NA,NA,ND,2024-05-19,NA,NA,NA,NA,NA,NA,NA,NA,NA,NA,NA,NA,NA,NA
1192,0.471236238713911,0.420068748107864,ND,2024-05-20,1,1,1,1,1,1,1,1,1,1,1,1,1,1
1193,NA,NA,ND,2024-05-21,NA,NA,NA,NA,NA,NA,NA,NA,NA,NA,NA,NA,NA,NA
1194,NA,NA,ND,2024-05-22,NA,NA,NA,NA,NA,NA,NA,NA,NA,NA,NA,NA,NA,NA
1195,NA,NA,ND,2024-05-23,NA,NA,NA,NA,NA,NA,NA,NA,NA,NA,NA,NA,NA,NA
1196,NA,NA,ND,2024-05-24,NA,NA,NA,NA,NA,NA,NA,NA,NA,NA,NA,NA,NA,NA
1197,NA,NA,ND,2024-05-25,NA,NA,NA,NA,NA,NA,NA,NA,NA,NA,NA,NA,NA,NA
1198,NA,NA,ND,2024-05-26,NA,NA,NA,NA,NA,NA,NA,NA,NA,NA,NA,NA,NA,NA
1199,NA,NA,ND,2024-05-27,NA,NA,NA,NA,NA,NA,NA,NA,NA,NA,NA,NA,NA,NA
1200,NA,NA,ND,2024-05-28,NA,NA,NA,NA,NA,NA,NA,NA,NA,NA,NA,NA,NA,NA
1201,NA,NA,ND,2024-05-29,NA,NA,NA,NA,NA,NA,NA,NA,NA,NA,NA,NA,NA,NA
1202,NA,NA,ND,2024-05-30,NA,NA,NA,NA,NA,NA,NA,NA,NA,NA,NA,NA,NA,NA
1203,NA,NA,ND,2024-05-31,NA,NA,NA,NA,NA,NA,NA,NA,NA,NA,NA,NA,NA,NA
1204,NA,NA,ND,2024-06-01,NA,NA,NA,NA,NA,NA,NA,NA,NA,NA,NA,NA,NA,NA
1205,NA,NA,ND,2024-06-02,NA,NA,NA,NA,NA,NA,NA,NA,NA,NA,NA,NA,NA,NA
1206,NA,NA,ND,2024-06-03,NA,NA,NA,NA,NA,NA,NA,NA,NA,NA,NA,NA,NA,NA
1207,NA,NA,ND,2024-06-04,NA,NA,NA,NA,NA,NA,NA,NA,NA,NA,NA,NA,NA,NA
1208,NA,NA,ND,2024-06-05,NA,NA,NA,NA,NA,NA,NA,NA,NA,NA,NA,NA,NA,NA
1209,NA,NA,ND,2024-06-06,NA,NA,NA,NA,NA,NA,NA,NA,NA,NA,NA,NA,NA,NA
1210,NA,NA,ND,2024-06-07,NA,NA,NA,NA,NA,NA,NA,NA,NA,NA,NA,NA,NA,NA
1211,NA,NA,ND,2024-06-08,NA,NA,NA,NA,NA,NA,NA,NA,NA,NA,NA,NA,NA,NA
1212,NA,NA,ND,2024-06-09,NA,NA,NA,NA,NA,NA,NA,NA,NA,NA,NA,NA,NA,NA
1213,NA,NA,ND,2024-06-10,NA,NA,NA,NA,NA,NA,NA,NA,NA,NA,NA,NA,NA,NA
1214,NA,NA,ND,2024-06-11,NA,NA,NA,NA,NA,NA,NA,NA,NA,NA,NA,NA,NA,NA
1215,NA,NA,ND,2024-06-12,NA,NA,NA,NA,NA,NA,NA,NA,NA,NA,NA,NA,NA,NA
1216,NA,NA,ND,2024-06-13,NA,NA,NA,NA,NA,NA,NA,NA,NA,NA,NA,NA,NA,NA
1217,NA,NA,ND,2024-06-14,NA,NA,NA,NA,NA,NA,NA,NA,NA,NA,NA,NA,NA,NA
1218,NA,NA,ND,2024-06-15,NA,NA,NA,NA,NA,NA,NA,NA,NA,NA,NA,NA,NA,NA
1219,NA,NA,NE,2024-05-05,NA,NA,NA,NA,NA,NA,NA,NA,NA,NA,NA,NA,NA,NA
1220,NA,NA,NE,2024-05-06,NA,NA,NA,NA,NA,NA,NA,NA,NA,NA,NA,NA,NA,NA
1221,NA,NA,NE,2024-05-07,NA,NA,NA,NA,NA,NA,NA,NA,NA,NA,NA,NA,NA,NA
1222,NA,NA,NE,2024-05-08,NA,NA,NA,NA,NA,NA,NA,NA,NA,NA,NA,NA,NA,NA
1223,NA,NA,NE,2024-05-09,NA,NA,NA,NA,NA,NA,NA,NA,NA,NA,NA,NA,NA,NA
1224,NA,NA,NE,2024-05-10,NA,NA,NA,NA,NA,NA,NA,NA,NA,NA,NA,NA,NA,NA
1225,NA,NA,NE,2024-05-11,NA,NA,NA,NA,NA,NA,NA,NA,NA,NA,NA,NA,NA,NA
1226,NA,NA,NE,2024-05-12,NA,NA,NA,NA,NA,NA,NA,NA,NA,NA,NA,NA,NA,NA
1227,NA,NA,NE,2024-05-13,NA,NA,NA,NA,NA,NA,NA,NA,NA,NA,NA,NA,NA,NA
1228,NA,NA,NE,2024-05-14,NA,NA,NA,NA,NA,NA,NA,NA,NA,NA,NA,NA,NA,NA
1229,NA,NA,NE,2024-05-15,NA,NA,NA,NA,NA,NA,NA,NA,NA,NA,NA,NA,NA,NA
1230,NA,NA,NE,2024-05-16,NA,NA,NA,NA,NA,NA,NA,NA,NA,NA,NA,NA,NA,NA
1231,NA,NA,NE,2024-05-17,NA,NA,NA,NA,NA,NA,NA,NA,NA,NA,NA,NA,NA,NA
1232,NA,NA,NE,2024-05-18,NA,NA,NA,NA,NA,NA,NA,NA,NA,NA,NA,NA,NA,NA
1233,NA,NA,NE,2024-05-19,NA,NA,NA,NA,NA,NA,NA,NA,NA,NA,NA,NA,NA,NA
1234,NA,NA,NE,2024-05-20,NA,NA,NA,NA,NA,NA,NA,NA,NA,NA,NA,NA,NA,NA
1235,NA,NA,NE,2024-05-21,NA,NA,NA,NA,NA,NA,NA,NA,NA,NA,NA,NA,NA,NA
1236,NA,NA,NE,2024-05-22,NA,NA,NA,NA,NA,NA,NA,NA,NA,NA,NA,NA,NA,NA
1237,NA,NA,NE,2024-05-23,NA,NA,NA,NA,NA,NA,NA,NA,NA,NA,NA,NA,NA,NA
1238,NA,NA,NE,2024-05-24,NA,NA,NA,NA,NA,NA,NA,NA,NA,NA,NA,NA,NA,NA
1239,NA,NA,NE,2024-05-25,NA,NA,NA,NA,NA,NA,NA,NA,NA,NA,NA,NA,NA,NA
1240,NA,NA,NE,2024-05-26,NA,NA,NA,NA,NA,NA,NA,NA,NA,NA,NA,NA,NA,NA
1241,NA,NA,NE,2024-05-27,NA,NA,NA,NA,NA,NA,NA,NA,NA,NA,NA,NA,NA,NA
1242,NA,NA,NE,2024-05-28,NA,NA,NA,NA,NA,NA,NA,NA,NA,NA,NA,NA,NA,NA
1243,NA,NA,NE,2024-05-29,NA,NA,NA,NA,NA,NA,NA,NA,NA,NA,NA,NA,NA,NA
1244,NA,NA,NE,2024-05-30,NA,NA,NA,NA,NA,NA,NA,NA,NA,NA,NA,NA,NA,NA
1245,NA,NA,NE,2024-05-31,NA,NA,NA,NA,NA,NA,NA,NA,NA,NA,NA,NA,NA,NA
1246,NA,NA,NE,2024-06-01,NA,NA,NA,NA,NA,NA,NA,NA,NA,NA,NA,NA,NA,NA
1247,NA,NA,NE,2024-06-02,NA,NA,NA,NA,NA,NA,NA,NA,NA,NA,NA,NA,NA,NA
1248,NA,NA,NE,2024-06-03,NA,NA,NA,NA,NA,NA,NA,NA,NA,NA,NA,NA,NA,NA
1249,NA,NA,NE,2024-06-04,NA,NA,NA,NA,NA,NA,NA,NA,NA,NA,NA,NA,NA,NA
1250,NA,NA,NE,2024-06-05,NA,NA,NA,NA,NA,NA,NA,NA,NA,NA,NA,NA,NA,NA
1251,NA,NA,NE,2024-06-06,NA,NA,NA,NA,NA,NA,NA,NA,NA,NA,NA,NA,NA,NA
1252,NA,NA,NE,2024-06-07,NA,NA,NA,NA,NA,NA,NA,NA,NA,NA,NA,NA,NA,NA
1253,NA,NA,NE,2024-06-08,NA,NA,NA,NA,NA,NA,NA,NA,NA,NA,NA,NA,NA,NA
1254,NA,NA,NE,2024-06-09,NA,NA,NA,NA,NA,NA,NA,NA,NA,NA,NA,NA,NA,NA
1255,NA,NA,NE,2024-06-10,NA,NA,NA,NA,NA,NA,NA,NA,NA,NA,NA,NA,NA,NA
1256,NA,NA,NE,2024-06-11,NA,NA,NA,NA,NA,NA,NA,NA,NA,NA,NA,NA,NA,NA
1257,NA,NA,NE,2024-06-12,NA,NA,NA,NA,NA,NA,NA,NA,NA,NA,NA,NA,NA,NA
1258,NA,NA,NE,2024-06-13,NA,NA,NA,NA,NA,NA,NA,NA,NA,NA,NA,NA,NA,NA
1259,NA,NA,NE,2024-06-14,NA,NA,NA,NA,NA,NA,NA,NA,NA,NA,NA,NA,NA,NA
1260,NA,NA,NE,2024-06-15,NA,NA,NA,NA,NA,NA,NA,NA,NA,NA,NA,NA,NA,NA
1261,NA,NA,NH,2024-05-05,NA,NA,NA,NA,NA,NA,NA,NA,NA,NA,NA,NA,NA,NA
1262,NA,NA,NH,2024-05-06,NA,NA,NA,NA,NA,NA,NA,NA,NA,NA,NA,NA,NA,NA
1263,NA,NA,NH,2024-05-07,NA,NA,NA,NA,NA,NA,NA,NA,NA,NA,NA,NA,NA,NA
1264,NA,NA,NH,2024-05-08,NA,NA,NA,NA,NA,NA,NA,NA,NA,NA,NA,NA,NA,NA
1265,NA,NA,NH,2024-05-09,NA,NA,NA,NA,NA,NA,NA,NA,NA,NA,NA,NA,NA,NA
1266,0.0997160284664222,0.1194273407083515,NH,2024-05-10,1,1,1,1,1,1,1,0,1,0,1,1,1,1
1267,NA,NA,NH,2024-05-11,NA,NA,NA,NA,NA,NA,NA,NA,NA,NA,NA,NA,NA,NA
1268,NA,NA,NH,2024-05-12,NA,NA,NA,NA,NA,NA,NA,NA,NA,NA,NA,NA,NA,NA
1269,NA,NA,NH,2024-05-13,NA,NA,NA,NA,NA,NA,NA,NA,NA,NA,NA,NA,NA,NA
1270,NA,NA,NH,2024-05-14,NA,NA,NA,NA,NA,NA,NA,NA,NA,NA,NA,NA,NA,NA
1271,NA,NA,NH,2024-05-15,NA,NA,NA,NA,NA,NA,NA,NA,NA,NA,NA,NA,NA,NA
1272,0.145989265913119,0.1792550567939285,NH,2024-05-16,1,1,1,1,1,1,1,1,1,1,1,1,1,1
1273,NA,NA,NH,2024-05-17,NA,NA,NA,NA,NA,NA,NA,NA,NA,NA,NA,NA,NA,NA
1274,NA,NA,NH,2024-05-18,NA,NA,NA,NA,NA,NA,NA,NA,NA,NA,NA,NA,NA,NA
1275,NA,NA,NH,2024-05-19,NA,NA,NA,NA,NA,NA,NA,NA,NA,NA,NA,NA,NA,NA
1276,NA,NA,NH,2024-05-20,NA,NA,NA,NA,NA,NA,NA,NA,NA,NA,NA,NA,NA,NA
1277,NA,NA,NH,2024-05-21,NA,NA,NA,NA,NA,NA,NA,NA,NA,NA,NA,NA,NA,NA
1278,NA,NA,NH,2024-05-22,NA,NA,NA,NA,NA,NA,NA,NA,NA,NA,NA,NA,NA,NA
1279,NA,NA,NH,2024-05-23,NA,NA,NA,NA,NA,NA,NA,NA,NA,NA,NA,NA,NA,NA
1280,NA,NA,NH,2024-05-24,NA,NA,NA,NA,NA,NA,NA,NA,NA,NA,NA,NA,NA,NA
1281,NA,NA,NH,2024-05-25,NA,NA,NA,NA,NA,NA,NA,NA,NA,NA,NA,NA,NA,NA
1282,NA,NA,NH,2024-05-26,NA,NA,NA,NA,NA,NA,NA,NA,NA,NA,NA,NA,NA,NA
1283,NA,NA,NH,2024-05-27,NA,NA,NA,NA,NA,NA,NA,NA,NA,NA,NA,NA,NA,NA
1284,NA,NA,NH,2024-05-28,NA,NA,NA,NA,NA,NA,NA,NA,NA,NA,NA,NA,NA,NA
1285,NA,NA,NH,2024-05-29,NA,NA,NA,NA,NA,NA,NA,NA,NA,NA,NA,NA,NA,NA
1286,NA,NA,NH,2024-05-30,NA,NA,NA,NA,NA,NA,NA,NA,NA,NA,NA,NA,NA,NA
1287,NA,NA,NH,2024-05-31,NA,NA,NA,NA,NA,NA,NA,NA,NA,NA,NA,NA,NA,NA
1288,NA,NA,NH,2024-06-01,NA,NA,NA,NA,NA,NA,NA,NA,NA,NA,NA,NA,NA,NA
1289,NA,NA,NH,2024-06-02,NA,NA,NA,NA,NA,NA,NA,NA,NA,NA,NA,NA,NA,NA
1290,NA,NA,NH,2024-06-03,NA,NA,NA,NA,NA,NA,NA,NA,NA,NA,NA,NA,NA,NA
1291,NA,NA,NH,2024-06-04,NA,NA,NA,NA,NA,NA,NA,NA,NA,NA,NA,NA,NA,NA
1292,NA,NA,NH,2024-06-05,NA,NA,NA,NA,NA,NA,NA,NA,NA,NA,NA,NA,NA,NA
1293,NA,NA,NH,2024-06-06,NA,NA,NA,NA,NA,NA,NA,NA,NA,NA,NA,NA,NA,NA
1294,NA,NA,NH,2024-06-07,NA,NA,NA,NA,NA,NA,NA,NA,NA,NA,NA,NA,NA,NA
1295,NA,NA,NH,2024-06-08,NA,NA,NA,NA,NA,NA,NA,NA,NA,NA,NA,NA,NA,NA
1296,NA,NA,NH,2024-06-09,NA,NA,NA,NA,NA,NA,NA,NA,NA,NA,NA,NA,NA,NA
1297,NA,NA,NH,2024-06-10,NA,NA,NA,NA,NA,NA,NA,NA,NA,NA,NA,NA,NA,NA
1298,NA,NA,NH,2024-06-11,NA,NA,NA,NA,NA,NA,NA,NA,NA,NA,NA,NA,NA,NA
1299,NA,NA,NH,2024-06-12,NA,NA,NA,NA,NA,NA,NA,NA,NA,NA,NA,NA,NA,NA
1300,NA,NA,NH,2024-06-13,NA,NA,NA,NA,NA,NA,NA,NA,NA,NA,NA,NA,NA,NA
1301,NA,NA,NH,2024-06-14,NA,NA,NA,NA,NA,NA,NA,NA,NA,NA,NA,NA,NA,NA
1302,NA,NA,NH,2024-06-15,NA,NA,NA,NA,NA,NA,NA,NA,NA,NA,NA,NA,NA,NA
1303,0.616667396517522,0.225003514884361,NJ,2024-05-05,1,1,1,1,1,1,1,0,0,1,1,1,1,1
1304,3.80446940982741,0.218304608232188,NJ,2024-05-06,0,0,1,1,1,1,1,0,0,1,1,1,1,1
1305,0.86078743143457,0.303127584652394,NJ,2024-05-07,1,1,1,1,1,1,1,0,0,1,0,1,0,1
1306,1.16549522705842,0.279183290254819,NJ,2024-05-08,1,1,1,1,1,1,1,0,0,1,0,1,0,1
1307,2.86587960780552,0.243552979949416,NJ,2024-05-09,0,0,1,1,1,1,1,0,0,1,1,1,0,1
1308,1.33868918126805,0.26055660916415,NJ,2024-05-10,0,1,1,1,1,1,1,0,0,1,1,1,0,1
1309,1.0283729099658,0.3125649817985925,NJ,2024-05-11,1,1,1,1,1,1,1,1,0,1,1,1,0,1
1310,1.89864185277921,0.443655987457128,NJ,2024-05-12,0,1,1,1,0,1,1,0,1,1,1,0,1,1
1311,1.70133520245852,0.347091948206427,NJ,2024-05-13,1,1,0,1,1,0,1,1,0,0,0,1,0,1
1312,5.27456508651337,0.3406326378087225,NJ,2024-05-14,0,0,1,1,1,1,1,0,1,1,0,1,1,1
1313,2.21497614794047,0.4074583747972615,NJ,2024-05-15,1,0,0,1,0,1,1,0,0,0,0,0,0,1
1314,6.519050725099,0.349599753788587,NJ,2024-05-16,0,0,1,1,1,1,1,0,0,1,0,1,0,1
1315,1.95855807897188,0.3695545118362985,NJ,2024-05-17,1,1,1,1,1,0,0,0,0,1,0,1,0,0
1316,0.989782119403453,0.3617508667642025,NJ,2024-05-18,1,1,0,1,1,1,1,0,0,0,1,1,0,1
1317,NA,NA,NJ,2024-05-19,NA,NA,NA,NA,NA,NA,NA,NA,NA,NA,NA,NA,NA,NA
1318,4.78946498913834,0.354003281826494,NJ,2024-05-20,0,0,1,1,1,1,1,0,0,1,0,1,0,1
1319,2.5424154319771,0.3150372257917055,NJ,2024-05-21,0,1,1,1,1,1,1,0,0,1,0,1,0,1
1320,2.59187163218475,0.343505078327634,NJ,2024-05-22,1,1,0,1,1,0,1,1,0,0,0,1,0,1
1321,1.92585357100695,0.356579006292221,NJ,2024-05-23,1,1,1,1,0,0,1,0,0,1,0,0,0,1
1322,3.50842856374604,0.483427093507266,NJ,2024-05-24,0,0,1,0,1,1,0,0,0,1,0,1,0,0
1323,3.39133385301053,0.3656370295260425,NJ,2024-05-25,0,1,0,0,1,0,1,0,0,0,1,1,0,1
1324,2.15002408097541,0.3541345569082225,NJ,2024-05-26,1,1,0,1,1,0,1,1,0,0,0,1,0,1
1325,1.34886469817753,0.3954627566459425,NJ,2024-05-27,1,1,0,1,1,1,1,0,0,0,1,1,1,1
1326,4.87381405793931,0.391347426014534,NJ,2024-05-28,0,0,1,1,1,0,1,0,0,1,1,1,0,1
1327,3.0185931159304,0.4161498617649585,NJ,2024-05-29,1,0,0,0,1,1,0,0,0,0,0,1,0,0
1328,5.70710800563998,0.4284011148451775,NJ,2024-05-30,0,0,1,0,1,0,1,0,0,1,0,1,0,1
1329,4.18728408950775,0.4103990699815085,NJ,2024-05-31,0,0,1,1,1,1,1,0,0,1,0,1,0,1
1330,2.74658830200702,0.395120446558234,NJ,2024-06-01,0,0,1,1,1,1,1,0,0,1,0,1,0,1
1331,3.61587300616484,0.4313052016555365,NJ,2024-06-02,0,0,1,1,1,0,0,0,0,1,1,1,0,0
1332,2.31487270576249,0.4017622799390635,NJ,2024-06-03,1,0,0,1,1,0,1,0,1,0,1,0,0,1
1333,1.93054399041157,0.582264170870665,NJ,2024-06-04,0,0,1,1,1,1,0,0,0,1,1,1,0,0
1334,1.76119592333966,0.336266654072778,NJ,2024-06-05,0,1,1,1,1,1,1,0,1,1,1,1,0,1
1335,7.14699489608169,0.4413651380625695,NJ,2024-06-06,0,0,1,1,1,1,1,0,0,1,0,1,0,1
1336,4.73176560327754,0.4748716340441625,NJ,2024-06-07,0,0,1,1,1,1,1,0,0,1,0,1,0,1
1337,2.00297475158221,0.3903282278977815,NJ,2024-06-08,1,1,1,1,0,0,1,0,1,1,1,0,0,1
1338,5.94411452409944,0.528576284912855,NJ,2024-06-09,0,0,1,1,1,0,1,0,0,1,1,1,0,1
1339,7.42061160892518,0.4696504818836205,NJ,2024-06-10,0,0,1,1,1,1,0,0,0,1,0,1,0,0
1340,7.45647032084316,0.4421912627200205,NJ,2024-06-11,0,0,1,0,1,0,1,0,0,1,0,1,0,1
1341,14.2759703648656,0.4576293398922535,NJ,2024-06-12,0,0,1,1,1,1,0,0,0,1,0,1,0,0
1342,10.2321135804284,0.529433581713445,NJ,2024-06-13,0,0,0,0,1,1,0,0,0,0,0,1,0,0
1343,7.24987373171075,0.4432723346035655,NJ,2024-06-14,0,1,1,0,1,0,0,0,0,1,1,1,0,0
1344,2.76868249979551,0.332829881157368,NJ,2024-06-15,1,1,1,0,1,1,0,1,0,1,0,1,0,0
1345,0.519839051421879,0.323267204176204,NM,2024-05-05,1,1,1,1,1,1,1,1,1,1,1,1,1,1
1346,0.710724028730058,0.234624271785901,NM,2024-05-06,1,1,1,1,1,1,1,0,0,1,1,1,1,1
1347,0.164717667824989,0.1627986692988635,NM,2024-05-07,1,1,1,1,1,1,1,1,1,1,1,1,1,1
1348,0.165831078162363,0.172484361298135,NM,2024-05-08,1,1,1,1,1,1,1,1,1,1,1,1,1,1
1349,1.64735017434891,0.457894558970534,NM,2024-05-09,0,0,1,1,1,1,1,0,0,1,0,1,1,1
1350,NA,NA,NM,2024-05-10,NA,NA,NA,NA,NA,NA,NA,NA,NA,NA,NA,NA,NA,NA
1351,NA,NA,NM,2024-05-11,NA,NA,NA,NA,NA,NA,NA,NA,NA,NA,NA,NA,NA,NA
1352,1.3446927503683,0.425028319441712,NM,2024-05-12,1,0,0,1,1,1,1,0,0,0,1,1,1,1
1353,0.487307056714311,0.3329342396201985,NM,2024-05-13,1,1,1,1,1,1,1,1,1,1,1,1,1,1
1354,1.48291736791178,0.237172355957153,NM,2024-05-14,0,1,1,1,1,1,1,0,0,1,1,1,0,1
1355,0.656669241018717,0.287211178863489,NM,2024-05-15,1,1,1,1,1,1,1,0,1,0,1,1,0,1
1356,1.2300337380184,0.2935547450343545,NM,2024-05-16,0,1,1,1,1,1,1,0,0,1,0,1,1,1
1357,1.17106059288421,0.272831966481574,NM,2024-05-17,0,1,1,1,1,1,1,0,1,0,0,1,1,1
1358,0.303032180733963,0.285042641195041,NM,2024-05-18,1,1,1,1,1,1,1,0,0,1,1,1,1,1
1359,0.810855947527519,0.442922056811309,NM,2024-05-19,1,1,0,1,1,1,1,0,1,1,1,1,0,1
1360,1.5151415383929,0.3097508996801645,NM,2024-05-20,0,1,1,1,1,1,1,0,0,0,0,1,1,1
1361,0.759886994542316,0.351250490486511,NM,2024-05-21,1,1,1,1,1,1,1,0,0,1,1,1,1,1
1362,0.619640343404047,0.3418623401181255,NM,2024-05-22,1,1,1,1,1,1,1,0,1,1,0,1,1,1
1363,1.18294369348293,0.376412802993011,NM,2024-05-23,1,1,1,1,1,1,1,0,1,1,0,1,1,1
1364,2.89027063621964,0.3551101500631715,NM,2024-05-24,0,1,1,1,1,1,1,0,0,1,0,1,1,1
1365,1.51998908844774,0.3720574134769835,NM,2024-05-25,0,1,1,1,1,1,1,0,0,1,0,1,1,1
1366,0.982807500689107,0.384354614886915,NM,2024-05-26,0,1,1,1,1,1,1,0,0,1,0,1,1,1
1367,1.4989944793637,0.400578993709102,NM,2024-05-27,0,1,1,1,1,1,1,0,0,1,0,1,1,1
1368,1.12039301133149,0.352459387488957,NM,2024-05-28,1,1,1,1,1,1,1,0,1,1,0,1,1,1
1369,1.64764617674619,0.3905065715716815,NM,2024-05-29,0,1,1,1,1,1,1,0,0,1,0,0,1,1
1370,1.25794569744208,0.421475865154867,NM,2024-05-30,1,0,1,1,1,1,1,0,0,1,0,1,1,1
1371,1.63289969500149,0.3281957625345225,NM,2024-05-31,1,1,1,1,1,1,1,0,0,1,0,1,0,1
1372,1.57594277264391,0.214386498527535,NM,2024-06-01,1,1,1,0,1,1,1,1,0,1,0,1,1,1
1373,1.29688098307199,0.378637877979551,NM,2024-06-02,0,1,1,1,1,1,1,0,0,0,1,1,1,1
1374,2.63270794346997,0.465065730104434,NM,2024-06-03,0,0,1,1,1,0,1,0,0,1,0,1,0,1
1375,1.9373478047562,0.385147599819421,NM,2024-06-04,0,0,1,1,1,1,0,0,0,1,0,1,0,0
1376,1.48545841348817,0.439030285315566,NM,2024-06-05,0,1,1,1,1,1,1,0,1,1,0,1,0,1
1377,1.90361743954891,0.4237725353274525,NM,2024-06-06,0,1,1,1,1,1,0,0,0,1,0,1,0,0
1378,0.607238059972424,0.51651880933804994,NM,2024-06-07,0,1,1,1,1,1,1,0,1,0,1,1,1,1
1379,0.548580144214661,0.4383601774255695,NM,2024-06-08,1,0,1,1,1,1,1,1,0,1,0,1,1,1
1380,0.784390750221589,0.4884914778063995,NM,2024-06-09,1,1,1,1,1,1,1,0,0,1,1,1,1,1
1381,3.75130919646239,0.561427490065685,NM,2024-06-10,0,1,1,0,1,1,0,0,0,1,0,1,0,0
1382,1.39684221025964,0.55148566967708,NM,2024-06-11,0,1,1,1,1,1,1,0,1,1,0,1,1,1
1383,0.919226260499971,0.2970060746711825,NM,2024-06-12,1,1,1,1,1,1,1,1,1,1,0,1,0,1
1384,1.76036453328751,0.37047309983891,NM,2024-06-13,0,1,1,1,1,1,1,0,0,1,0,1,0,1
1385,1.45689801977913,0.469074645680743,NM,2024-06-14,0,1,1,1,1,1,1,0,1,1,0,1,1,1
1386,1.3567960811571,0.50570366077294,NM,2024-06-15,1,0,1,1,1,1,1,0,0,1,0,1,0,1
1387,NA,NA,NV,2024-05-05,NA,NA,NA,NA,NA,NA,NA,NA,NA,NA,NA,NA,NA,NA
1388,NA,NA,NV,2024-05-06,NA,NA,NA,NA,NA,NA,NA,NA,NA,NA,NA,NA,NA,NA
1389,NA,NA,NV,2024-05-07,NA,NA,NA,NA,NA,NA,NA,NA,NA,NA,NA,NA,NA,NA
1390,NA,NA,NV,2024-05-08,NA,NA,NA,NA,NA,NA,NA,NA,NA,NA,NA,NA,NA,NA
1391,NA,NA,NV,2024-05-09,NA,NA,NA,NA,NA,NA,NA,NA,NA,NA,NA,NA,NA,NA
1392,NA,NA,NV,2024-05-10,NA,NA,NA,NA,NA,NA,NA,NA,NA,NA,NA,NA,NA,NA
1393,NA,NA,NV,2024-05-11,NA,NA,NA,NA,NA,NA,NA,NA,NA,NA,NA,NA,NA,NA
1394,0.753440942815998,0.523759747327375,NV,2024-05-12,1,1,1,0,1,1,1,1,0,1,0,1,1,1
1395,0.291592140497444,0.1326342620146535,NV,2024-05-13,1,1,1,1,1,1,1,0,1,1,1,1,0,1
1396,NA,NA,NV,2024-05-14,NA,NA,NA,NA,NA,NA,NA,NA,NA,NA,NA,NA,NA,NA
1397,NA,NA,NV,2024-05-15,NA,NA,NA,NA,NA,NA,NA,NA,NA,NA,NA,NA,NA,NA
1398,NA,NA,NV,2024-05-16,NA,NA,NA,NA,NA,NA,NA,NA,NA,NA,NA,NA,NA,NA
1399,NA,NA,NV,2024-05-17,NA,NA,NA,NA,NA,NA,NA,NA,NA,NA,NA,NA,NA,NA
1400,NA,NA,NV,2024-05-18,NA,NA,NA,NA,NA,NA,NA,NA,NA,NA,NA,NA,NA,NA
1401,NA,NA,NV,2024-05-19,NA,NA,NA,NA,NA,NA,NA,NA,NA,NA,NA,NA,NA,NA
1402,0.407520133586808,0.2137219287470725,NV,2024-05-20,1,1,1,1,1,1,1,0,1,1,1,1,0,1
1403,0.646622931785388,0.395301649943374,NV,2024-05-21,1,1,1,0,1,1,1,1,1,1,0,1,0,1
1404,NA,NA,NV,2024-05-22,NA,NA,NA,NA,NA,NA,NA,NA,NA,NA,NA,NA,NA,NA
1405,NA,NA,NV,2024-05-23,NA,NA,NA,NA,NA,NA,NA,NA,NA,NA,NA,NA,NA,NA
1406,NA,NA,NV,2024-05-24,NA,NA,NA,NA,NA,NA,NA,NA,NA,NA,NA,NA,NA,NA
1407,NA,NA,NV,2024-05-25,NA,NA,NA,NA,NA,NA,NA,NA,NA,NA,NA,NA,NA,NA
1408,NA,NA,NV,2024-05-26,NA,NA,NA,NA,NA,NA,NA,NA,NA,NA,NA,NA,NA,NA
1409,NA,NA,NV,2024-05-27,NA,NA,NA,NA,NA,NA,NA,NA,NA,NA,NA,NA,NA,NA
1410,NA,NA,NV,2024-05-28,NA,NA,NA,NA,NA,NA,NA,NA,NA,NA,NA,NA,NA,NA
1411,NA,NA,NV,2024-05-29,NA,NA,NA,NA,NA,NA,NA,NA,NA,NA,NA,NA,NA,NA
1412,NA,NA,NV,2024-05-30,NA,NA,NA,NA,NA,NA,NA,NA,NA,NA,NA,NA,NA,NA
1413,0.599658667202973,0.367796121820077,NV,2024-05-31,0,1,1,1,1,1,1,0,1,1,1,1,0,1
1414,NA,NA,NV,2024-06-01,NA,NA,NA,NA,NA,NA,NA,NA,NA,NA,NA,NA,NA,NA
1415,NA,NA,NV,2024-06-02,NA,NA,NA,NA,NA,NA,NA,NA,NA,NA,NA,NA,NA,NA
1416,NA,NA,NV,2024-06-03,NA,NA,NA,NA,NA,NA,NA,NA,NA,NA,NA,NA,NA,NA
1417,NA,NA,NV,2024-06-04,NA,NA,NA,NA,NA,NA,NA,NA,NA,NA,NA,NA,NA,NA
1418,NA,NA,NV,2024-06-05,NA,NA,NA,NA,NA,NA,NA,NA,NA,NA,NA,NA,NA,NA
1419,NA,NA,NV,2024-06-06,NA,NA,NA,NA,NA,NA,NA,NA,NA,NA,NA,NA,NA,NA
1420,NA,NA,NV,2024-06-07,NA,NA,NA,NA,NA,NA,NA,NA,NA,NA,NA,NA,NA,NA
1421,NA,NA,NV,2024-06-08,NA,NA,NA,NA,NA,NA,NA,NA,NA,NA,NA,NA,NA,NA
1422,NA,NA,NV,2024-06-09,NA,NA,NA,NA,NA,NA,NA,NA,NA,NA,NA,NA,NA,NA
1423,1.02798566604409,0.4513953324491665,NV,2024-06-10,1,1,1,1,1,0,1,1,0,1,1,1,0,1
1424,NA,NA,NV,2024-06-11,NA,NA,NA,NA,NA,NA,NA,NA,NA,NA,NA,NA,NA,NA
1425,0.983555399225581,0.36487128064785,NV,2024-06-12,1,1,1,1,1,1,1,0,0,1,0,1,0,1
1426,1.43802531212412,0.397919856945655,NV,2024-06-13,0,1,1,1,1,1,1,0,1,1,0,1,0,1
1427,1.05841697503757,0.2246757692083515,NV,2024-06-14,1,1,1,0,1,1,1,0,1,1,0,1,0,1
1428,1.01040257101348,0.429801373721164,NV,2024-06-15,1,1,1,1,1,1,1,0,0,1,0,0,0,1
1429,1.27734481173263,0.230600771779821,NY,2024-05-05,1,0,1,1,1,1,1,1,1,1,1,1,1,1
1430,2.44535251971341,0.313521676388164,NY,2024-05-06,0,1,1,1,0,0,1,0,0,1,1,0,0,1
1431,0.932950456596529,0.253490015264196,NY,2024-05-07,1,1,1,1,1,1,1,0,0,1,1,0,0,1
1432,2.77288463493848,0.3231377678612335,NY,2024-05-08,0,1,0,1,1,1,1,0,0,0,1,1,1,1
1433,2.80817821218815,0.333073038464112,NY,2024-05-09,0,1,1,0,1,0,1,0,0,1,0,1,0,1
1434,2.70090383409026,0.203232137556816,NY,2024-05-10,0,0,1,1,1,0,1,0,0,1,1,1,1,1
1435,2.63228797724207,0.3157615220085265,NY,2024-05-11,1,0,0,1,1,0,1,0,0,0,1,0,0,1
1436,0.824736437917544,0.262288645328112,NY,2024-05-12,1,1,1,1,1,1,1,0,0,1,1,0,0,1
1437,3.53381138938721,0.2192495320116695,NY,2024-05-13,0,1,1,0,1,1,1,0,0,1,0,1,0,1
1438,1.21309451015949,0.257487747122952,NY,2024-05-14,1,1,1,1,1,1,1,0,0,1,0,0,0,1
1439,1.30875266118142,0.268822837934271,NY,2024-05-15,1,1,0,1,1,1,1,0,0,0,1,1,0,1
1440,1.52799997151436,0.2768648139126365,NY,2024-05-16,1,1,1,1,1,1,1,0,0,0,0,1,0,1
1441,4.30123730979689,0.2570986330674045,NY,2024-05-17,0,0,0,0,1,1,1,0,0,0,0,1,0,1
1442,2.05719321429269,0.236708908070184,NY,2024-05-18,0,0,1,1,1,1,1,0,0,1,0,1,0,1
1443,3.13463724300515,0.2278860863759765,NY,2024-05-19,0,1,1,1,1,0,1,0,0,1,1,1,0,1
1444,6.12824137785679,0.282447184209618,NY,2024-05-20,0,0,1,0,1,0,0,1,0,1,0,0,0,0
1445,7.66033096251838,0.335364813316367,NY,2024-05-21,0,0,1,0,1,0,1,0,0,1,0,0,0,1
1446,5.77359223476087,0.313140775849846,NY,2024-05-22,0,0,0,0,1,0,1,0,0,0,0,0,0,1
1447,3.82785149930019,0.3156570715500155,NY,2024-05-23,0,0,1,0,1,1,1,0,0,1,0,1,1,1
1448,4.06290207434838,0.2831779658406,NY,2024-05-24,0,0,1,1,1,0,1,0,0,0,0,1,0,1
1449,2.07036585979419,0.293970314378975,NY,2024-05-25,1,1,1,1,1,0,1,0,0,1,1,0,0,1
1450,1.13181286611377,0.321463610562272,NY,2024-05-26,1,1,1,1,1,1,1,0,1,1,1,1,0,1
1451,1.9482495879244,0.3094640607662275,NY,2024-05-27,0,0,1,1,1,1,1,0,0,1,0,0,0,1
1452,8.95048388806592,0.3304428712709515,NY,2024-05-28,0,0,1,1,1,1,1,0,0,1,0,0,1,1
1453,2.78458133405324,0.3098541265927915,NY,2024-05-29,0,1,1,1,1,1,1,0,0,1,1,0,0,1
1454,8.25612092210022,0.3882650124299085,NY,2024-05-30,0,0,1,0,1,0,0,0,0,1,1,0,0,0
1455,2.15418061054341,0.362191918135634,NY,2024-05-31,1,1,1,1,1,1,1,0,0,0,1,1,0,1
1456,4.97325780538411,0.390410285517156,NY,2024-06-01,0,0,1,0,1,1,1,0,0,1,0,0,0,1
1457,2.68403776672124,0.321530286039627,NY,2024-06-02,0,1,1,1,1,0,1,0,0,1,0,0,0,1
1458,8.06862075759611,0.368954281338066,NY,2024-06-03,0,0,1,1,1,1,1,0,0,1,1,0,0,1
1459,6.60943703657763,0.4274896874021825,NY,2024-06-04,0,0,1,0,1,0,0,0,0,1,0,0,0,0
1460,8.304843901667,0.3637675515705395,NY,2024-06-05,0,0,1,1,1,1,1,0,0,1,0,0,1,1
1461,6.80524820778158,0.361942446357313,NY,2024-06-06,0,0,1,1,1,0,1,0,0,1,0,1,0,1
1462,2.44891599706962,0.387558727978261,NY,2024-06-07,0,1,0,1,1,1,1,0,0,0,0,0,0,1
1463,2.8525859227299,0.3583258646707875,NY,2024-06-08,1,1,1,1,1,0,0,0,0,1,1,0,1,0
1464,5.4456010000504,0.4131455782355705,NY,2024-06-09,0,0,0,1,0,1,1,0,0,0,0,1,0,1
1465,8.39919309689014,0.370365633015086,NY,2024-06-10,0,1,1,1,1,0,1,0,0,1,0,0,1,1
1466,5.37717898665737,0.383360970892614,NY,2024-06-11,0,0,0,0,1,0,1,0,0,0,0,0,0,1
1467,14.838422433727,0.4047432622675785,NY,2024-06-12,0,0,0,0,1,0,0,0,0,0,0,0,0,0
1468,15.6473830571487,0.419899479854278,NY,2024-06-13,0,0,0,1,1,0,1,0,0,0,0,0,0,1
1469,17.9829318660126,0.4168821455923445,NY,2024-06-14,0,0,1,0,1,0,0,0,0,1,1,0,0,0
1470,14.0137660642525,0.4547529788592935,NY,2024-06-15,0,0,1,1,1,0,0,0,0,1,0,0,1,0
1471,0.641802839385553,0.4733409065821425,OH,2024-05-05,1,1,1,1,1,1,1,0,0,1,1,1,1,1
1472,NA,NA,OH,2024-05-06,NA,NA,NA,NA,NA,NA,NA,NA,NA,NA,NA,NA,NA,NA
1473,NA,NA,OH,2024-05-07,NA,NA,NA,NA,NA,NA,NA,NA,NA,NA,NA,NA,NA,NA
1474,NA,NA,OH,2024-05-08,NA,NA,NA,NA,NA,NA,NA,NA,NA,NA,NA,NA,NA,NA
1475,0.210393555632705,0.140016536212846,OH,2024-05-09,1,1,1,1,1,1,1,1,1,1,1,1,1,1
1476,1.20399592825926,0.4094041469228365,OH,2024-05-10,0,0,1,1,1,1,1,0,0,1,1,1,1,1
1477,NA,NA,OH,2024-05-11,NA,NA,NA,NA,NA,NA,NA,NA,NA,NA,NA,NA,NA,NA
1478,0.25319748680792,0.167503216364566,OH,2024-05-12,1,1,1,1,1,1,1,1,1,1,1,1,1,1
1479,NA,NA,OH,2024-05-13,NA,NA,NA,NA,NA,NA,NA,NA,NA,NA,NA,NA,NA,NA
1480,0.285515553297596,0.275532677822451,OH,2024-05-14,1,1,1,1,1,1,1,1,1,1,1,1,1,1
1481,0.462504403292915,0.353213296615539,OH,2024-05-15,1,1,1,1,1,1,1,1,0,1,0,1,1,1
1482,NA,NA,OH,2024-05-16,NA,NA,NA,NA,NA,NA,NA,NA,NA,NA,NA,NA,NA,NA
1483,NA,NA,OH,2024-05-17,NA,NA,NA,NA,NA,NA,NA,NA,NA,NA,NA,NA,NA,NA
1484,0.416532732720492,0.324758260082178,OH,2024-05-18,1,1,1,1,1,1,1,0,0,1,1,1,1,1
1485,0.871102832386517,0.562300377038555,OH,2024-05-19,1,1,1,1,1,0,1,0,1,1,1,1,0,1
1486,NA,NA,OH,2024-05-20,NA,NA,NA,NA,NA,NA,NA,NA,NA,NA,NA,NA,NA,NA
1487,NA,NA,OH,2024-05-21,NA,NA,NA,NA,NA,NA,NA,NA,NA,NA,NA,NA,NA,NA
1488,NA,NA,OH,2024-05-22,NA,NA,NA,NA,NA,NA,NA,NA,NA,NA,NA,NA,NA,NA
1489,NA,NA,OH,2024-05-23,NA,NA,NA,NA,NA,NA,NA,NA,NA,NA,NA,NA,NA,NA
1490,0.428574704626715,0.301229825971118,OH,2024-05-24,1,1,1,1,1,1,1,0,0,1,1,1,1,1
1491,NA,NA,OH,2024-05-25,NA,NA,NA,NA,NA,NA,NA,NA,NA,NA,NA,NA,NA,NA
1492,NA,NA,OH,2024-05-26,NA,NA,NA,NA,NA,NA,NA,NA,NA,NA,NA,NA,NA,NA
1493,NA,NA,OH,2024-05-27,NA,NA,NA,NA,NA,NA,NA,NA,NA,NA,NA,NA,NA,NA
1494,0.499535415700703,0.349727106676723,OH,2024-05-28,1,1,1,1,1,1,1,1,1,1,1,1,1,1
1495,0.305683802836915,0.2625070663132415,OH,2024-05-29,1,1,1,1,1,1,1,1,1,1,1,1,1,1
1496,0.897817712046922,0.444248051956542,OH,2024-05-30,1,1,1,1,1,1,0,1,1,1,0,1,1,0
1497,0.91403636208767,0.62737751267422,OH,2024-05-31,1,1,1,1,1,1,0,1,1,1,1,1,0,0
1498,1.21076975308988,0.3969569055203285,OH,2024-06-01,0,1,1,1,1,1,1,0,0,1,1,1,1,1
1499,NA,NA,OH,2024-06-02,NA,NA,NA,NA,NA,NA,NA,NA,NA,NA,NA,NA,NA,NA
1500,0.279789029250238,0.2561113426217645,OH,2024-06-03,1,1,1,1,1,1,1,1,1,1,1,1,1,1
1501,NA,NA,OH,2024-06-04,NA,NA,NA,NA,NA,NA,NA,NA,NA,NA,NA,NA,NA,NA
1502,0.612468203410172,0.440906595429047,OH,2024-06-05,0,1,1,1,1,1,1,1,1,1,1,1,1,1
1503,0.613732934604034,0.4511848251699775,OH,2024-06-06,0,1,1,1,1,1,1,0,1,1,1,1,0,1
1504,0.629082836894543,0.461139929725603,OH,2024-06-07,0,1,1,1,1,1,1,1,1,1,1,1,1,1
1505,0.738732358106899,0.4000018038366895,OH,2024-06-08,1,1,1,1,1,0,1,0,1,1,1,1,0,1
1506,NA,NA,OH,2024-06-09,NA,NA,NA,NA,NA,NA,NA,NA,NA,NA,NA,NA,NA,NA
1507,0.269950812209575,0.264546788058846,OH,2024-06-10,1,1,1,1,1,1,1,1,1,1,1,1,1,1
1508,NA,NA,OH,2024-06-11,NA,NA,NA,NA,NA,NA,NA,NA,NA,NA,NA,NA,NA,NA
1509,0.698376529604305,0.505677930973945,OH,2024-06-12,0,1,1,1,1,1,1,0,0,1,1,1,1,1
1510,0.708705789881864,0.51350270732771,OH,2024-06-13,0,1,1,1,1,1,1,0,1,1,0,1,1,1
1511,0.273476474910379,0.2754445414072975,OH,2024-06-14,1,1,1,1,1,1,1,0,0,1,1,1,1,1
1512,NA,NA,OH,2024-06-15,NA,NA,NA,NA,NA,NA,NA,NA,NA,NA,NA,NA,NA,NA
1513,NA,NA,OK,2024-05-05,NA,NA,NA,NA,NA,NA,NA,NA,NA,NA,NA,NA,NA,NA
1514,0.473104881460156,0.2867862055539355,OK,2024-05-06,1,1,1,1,1,1,1,0,0,1,1,1,1,1
1515,NA,NA,OK,2024-05-07,NA,NA,NA,NA,NA,NA,NA,NA,NA,NA,NA,NA,NA,NA
1516,NA,NA,OK,2024-05-08,NA,NA,NA,NA,NA,NA,NA,NA,NA,NA,NA,NA,NA,NA
1517,NA,NA,OK,2024-05-09,NA,NA,NA,NA,NA,NA,NA,NA,NA,NA,NA,NA,NA,NA
1518,NA,NA,OK,2024-05-10,NA,NA,NA,NA,NA,NA,NA,NA,NA,NA,NA,NA,NA,NA
1519,NA,NA,OK,2024-05-11,NA,NA,NA,NA,NA,NA,NA,NA,NA,NA,NA,NA,NA,NA
1520,NA,NA,OK,2024-05-12,NA,NA,NA,NA,NA,NA,NA,NA,NA,NA,NA,NA,NA,NA
1521,NA,NA,OK,2024-05-13,NA,NA,NA,NA,NA,NA,NA,NA,NA,NA,NA,NA,NA,NA
1522,NA,NA,OK,2024-05-14,NA,NA,NA,NA,NA,NA,NA,NA,NA,NA,NA,NA,NA,NA
1523,0.424718710038154,0.220999177072419,OK,2024-05-15,1,1,1,1,1,1,1,1,1,1,1,1,1,1
1524,NA,NA,OK,2024-05-16,NA,NA,NA,NA,NA,NA,NA,NA,NA,NA,NA,NA,NA,NA
1525,NA,NA,OK,2024-05-17,NA,NA,NA,NA,NA,NA,NA,NA,NA,NA,NA,NA,NA,NA
1526,NA,NA,OK,2024-05-18,NA,NA,NA,NA,NA,NA,NA,NA,NA,NA,NA,NA,NA,NA
1527,NA,NA,OK,2024-05-19,NA,NA,NA,NA,NA,NA,NA,NA,NA,NA,NA,NA,NA,NA
1528,0.537222015243319,0.388863369450265,OK,2024-05-20,0,1,1,1,1,1,1,0,1,1,0,1,1,1
1529,0.550911956085591,0.3986918469454105,OK,2024-05-21,0,1,1,1,1,1,1,1,1,1,1,1,1,1
1530,NA,NA,OK,2024-05-22,NA,NA,NA,NA,NA,NA,NA,NA,NA,NA,NA,NA,NA,NA
1531,NA,NA,OK,2024-05-23,NA,NA,NA,NA,NA,NA,NA,NA,NA,NA,NA,NA,NA,NA
1532,NA,NA,OK,2024-05-24,NA,NA,NA,NA,NA,NA,NA,NA,NA,NA,NA,NA,NA,NA
1533,NA,NA,OK,2024-05-25,NA,NA,NA,NA,NA,NA,NA,NA,NA,NA,NA,NA,NA,NA
1534,NA,NA,OK,2024-05-26,NA,NA,NA,NA,NA,NA,NA,NA,NA,NA,NA,NA,NA,NA
1535,NA,NA,OK,2024-05-27,NA,NA,NA,NA,NA,NA,NA,NA,NA,NA,NA,NA,NA,NA
1536,NA,NA,OK,2024-05-28,NA,NA,NA,NA,NA,NA,NA,NA,NA,NA,NA,NA,NA,NA
1537,NA,NA,OK,2024-05-29,NA,NA,NA,NA,NA,NA,NA,NA,NA,NA,NA,NA,NA,NA
1538,NA,NA,OK,2024-05-30,NA,NA,NA,NA,NA,NA,NA,NA,NA,NA,NA,NA,NA,NA
1539,0.49301853590718,0.50229760711057,OK,2024-05-31,1,1,1,1,1,1,1,1,1,1,1,1,1,1
1540,NA,NA,OK,2024-06-01,NA,NA,NA,NA,NA,NA,NA,NA,NA,NA,NA,NA,NA,NA
1541,NA,NA,OK,2024-06-02,NA,NA,NA,NA,NA,NA,NA,NA,NA,NA,NA,NA,NA,NA
1542,NA,NA,OK,2024-06-03,NA,NA,NA,NA,NA,NA,NA,NA,NA,NA,NA,NA,NA,NA
1543,NA,NA,OK,2024-06-04,NA,NA,NA,NA,NA,NA,NA,NA,NA,NA,NA,NA,NA,NA
1544,NA,NA,OK,2024-06-05,NA,NA,NA,NA,NA,NA,NA,NA,NA,NA,NA,NA,NA,NA
1545,NA,NA,OK,2024-06-06,NA,NA,NA,NA,NA,NA,NA,NA,NA,NA,NA,NA,NA,NA
1546,0.443931777126931,0.1790800203085805,OK,2024-06-07,1,1,1,1,1,1,1,0,0,1,1,1,1,1
1547,NA,NA,OK,2024-06-08,NA,NA,NA,NA,NA,NA,NA,NA,NA,NA,NA,NA,NA,NA
1548,NA,NA,OK,2024-06-09,NA,NA,NA,NA,NA,NA,NA,NA,NA,NA,NA,NA,NA,NA
1549,NA,NA,OK,2024-06-10,NA,NA,NA,NA,NA,NA,NA,NA,NA,NA,NA,NA,NA,NA
1550,NA,NA,OK,2024-06-11,NA,NA,NA,NA,NA,NA,NA,NA,NA,NA,NA,NA,NA,NA
1551,NA,NA,OK,2024-06-12,NA,NA,NA,NA,NA,NA,NA,NA,NA,NA,NA,NA,NA,NA
1552,NA,NA,OK,2024-06-13,NA,NA,NA,NA,NA,NA,NA,NA,NA,NA,NA,NA,NA,NA
1553,NA,NA,OK,2024-06-14,NA,NA,NA,NA,NA,NA,NA,NA,NA,NA,NA,NA,NA,NA
1554,NA,NA,OK,2024-06-15,NA,NA,NA,NA,NA,NA,NA,NA,NA,NA,NA,NA,NA,NA
1555,NA,NA,OR,2024-05-05,NA,NA,NA,NA,NA,NA,NA,NA,NA,NA,NA,NA,NA,NA
1556,0.712444687732177,0.533891103468565,OR,2024-05-06,1,1,1,0,1,1,1,0,1,1,0,1,1,1
1557,1.02676788118786,0.4432260560569785,OR,2024-05-07,1,1,0,1,1,1,1,0,0,0,0,1,1,1
1558,0.162350472327702,0.101603197667078,OR,2024-05-08,1,1,1,1,1,1,1,1,1,1,1,1,1,1
1559,NA,NA,OR,2024-05-09,NA,NA,NA,NA,NA,NA,NA,NA,NA,NA,NA,NA,NA,NA
1560,NA,NA,OR,2024-05-10,NA,NA,NA,NA,NA,NA,NA,NA,NA,NA,NA,NA,NA,NA
1561,1.33896916678075,0.130123667388928,OR,2024-05-11,0,1,1,1,1,1,1,0,0,1,0,0,1,1
1562,NA,NA,OR,2024-05-12,NA,NA,NA,NA,NA,NA,NA,NA,NA,NA,NA,NA,NA,NA
1563,0.52236995843699,0.408745771992646,OR,2024-05-13,1,1,1,1,1,1,1,1,1,1,0,0,1,1
1564,NA,NA,OR,2024-05-14,NA,NA,NA,NA,NA,NA,NA,NA,NA,NA,NA,NA,NA,NA
1565,1.64990303293112,0.569399887424995,OR,2024-05-15,1,0,1,1,1,1,1,0,0,1,0,1,1,1
1566,0.293391812122266,0.1882069899900465,OR,2024-05-16,1,1,1,1,1,1,1,1,1,1,1,1,1,1
1567,0.321120339862826,0.2012716309301565,OR,2024-05-17,1,1,1,1,1,1,1,1,1,1,1,1,1,1
1568,NA,NA,OR,2024-05-18,NA,NA,NA,NA,NA,NA,NA,NA,NA,NA,NA,NA,NA,NA
1569,NA,NA,OR,2024-05-19,NA,NA,NA,NA,NA,NA,NA,NA,NA,NA,NA,NA,NA,NA
1570,0.374360926716158,0.295752710772123,OR,2024-05-20,1,1,1,1,1,1,1,1,0,1,0,1,1,1
1571,0.292758606945926,0.269422934004998,OR,2024-05-21,1,1,1,1,1,1,1,0,1,1,0,1,1,1
1572,NA,NA,OR,2024-05-22,NA,NA,NA,NA,NA,NA,NA,NA,NA,NA,NA,NA,NA,NA
1573,NA,NA,OR,2024-05-23,NA,NA,NA,NA,NA,NA,NA,NA,NA,NA,NA,NA,NA,NA
1574,NA,NA,OR,2024-05-24,NA,NA,NA,NA,NA,NA,NA,NA,NA,NA,NA,NA,NA,NA
1575,0.866641518034797,0.42432085688493,OR,2024-05-25,1,0,1,1,1,1,1,0,0,1,0,1,1,1
1576,NA,NA,OR,2024-05-26,NA,NA,NA,NA,NA,NA,NA,NA,NA,NA,NA,NA,NA,NA
1577,0.922455378136147,0.43933871022586,OR,2024-05-27,1,0,1,1,1,1,1,0,0,1,0,1,1,1
1578,0.938472743895611,0.4472341265520085,OR,2024-05-28,1,0,1,1,1,1,1,0,0,1,0,1,1,1
1579,1.27092649477375,0.3800278433796855,OR,2024-05-29,0,1,1,1,1,1,1,0,1,1,0,0,1,1
1580,0.617219607431335,0.395450743129259,OR,2024-05-30,0,1,1,1,1,1,1,0,1,1,0,1,1,1
1581,NA,NA,OR,2024-05-31,NA,NA,NA,NA,NA,NA,NA,NA,NA,NA,NA,NA,NA,NA
1582,NA,NA,OR,2024-06-01,NA,NA,NA,NA,NA,NA,NA,NA,NA,NA,NA,NA,NA,NA
1583,NA,NA,OR,2024-06-02,NA,NA,NA,NA,NA,NA,NA,NA,NA,NA,NA,NA,NA,NA
1584,NA,NA,OR,2024-06-03,NA,NA,NA,NA,NA,NA,NA,NA,NA,NA,NA,NA,NA,NA
1585,1.50155827785776,0.4699378763944445,OR,2024-06-04,0,1,1,0,1,1,1,0,1,1,0,0,1,1
1586,0.745995956960248,0.4840639342423095,OR,2024-06-05,0,1,1,1,1,1,1,0,1,1,1,0,1,1
1587,0.939999185846788,0.416110892594234,OR,2024-06-06,1,1,1,1,1,0,1,0,0,1,0,1,0,1
1588,1.27483252135077,0.3809273869822685,OR,2024-06-07,0,1,1,1,1,1,1,0,1,1,0,0,1,1
1589,NA,NA,OR,2024-06-08,NA,NA,NA,NA,NA,NA,NA,NA,NA,NA,NA,NA,NA,NA
1590,NA,NA,OR,2024-06-09,NA,NA,NA,NA,NA,NA,NA,NA,NA,NA,NA,NA,NA,NA
1591,0.127003943815798,0.10569288036287,OR,2024-06-10,1,1,1,1,1,1,1,1,1,1,1,1,1,1
1592,0.850506805919324,0.567899038952365,OR,2024-06-11,1,0,1,1,1,1,1,1,0,1,1,1,0,1
1593,0.964882958919025,0.4140963195799835,OR,2024-06-12,1,1,1,1,1,1,1,0,0,1,0,0,1,1
1594,NA,NA,OR,2024-06-13,NA,NA,NA,NA,NA,NA,NA,NA,NA,NA,NA,NA,NA,NA
1595,0.646696341149209,0.3354666512533305,OR,2024-06-14,1,0,1,1,1,1,1,1,1,1,1,1,1,1
1596,0.297955033455021,0.0879337800715045,OR,2024-06-15,1,1,1,1,1,1,1,1,1,1,1,1,1,1
1597,NA,NA,PA,2024-05-05,NA,NA,NA,NA,NA,NA,NA,NA,NA,NA,NA,NA,NA,NA
1598,0.298643262094891,0.2272330404577855,PA,2024-05-06,1,1,1,1,1,1,1,0,0,1,1,1,1,1
1599,0.29580360672892,0.227504790219991,PA,2024-05-07,1,1,1,1,1,1,1,0,1,1,1,1,0,1
1600,0.838532988475108,0.345734983742401,PA,2024-05-08,1,1,1,1,1,0,1,0,0,1,0,1,0,1
1601,0.653946733677324,0.4265664845004135,PA,2024-05-09,1,1,1,1,1,1,1,1,0,1,0,1,1,1
1602,NA,NA,PA,2024-05-10,NA,NA,NA,NA,NA,NA,NA,NA,NA,NA,NA,NA,NA,NA
1603,NA,NA,PA,2024-05-11,NA,NA,NA,NA,NA,NA,NA,NA,NA,NA,NA,NA,NA,NA
1604,0.199154164060795,0.1581918199142405,PA,2024-05-12,1,1,1,1,1,1,1,1,1,1,1,1,1,1
1605,1.35864381858592,0.168250385071282,PA,2024-05-13,0,0,1,1,1,1,1,0,0,1,1,1,1,1
1606,0.223506030646256,0.1786438726419465,PA,2024-05-14,1,1,1,1,1,1,1,1,1,1,1,1,1,1
1607,0.632094378944781,0.189353484065313,PA,2024-05-15,1,1,1,1,1,1,1,1,1,1,1,1,1,1
1608,1.13516947146252,0.332878175216687,PA,2024-05-16,0,0,1,1,1,1,1,0,0,1,0,1,1,1
1609,NA,NA,PA,2024-05-17,NA,NA,NA,NA,NA,NA,NA,NA,NA,NA,NA,NA,NA,NA
1610,NA,NA,PA,2024-05-18,NA,NA,NA,NA,NA,NA,NA,NA,NA,NA,NA,NA,NA,NA
1611,NA,NA,PA,2024-05-19,NA,NA,NA,NA,NA,NA,NA,NA,NA,NA,NA,NA,NA,NA
1612,1.41203065289075,0.3391380058910805,PA,2024-05-20,1,0,1,1,1,0,1,0,0,1,0,1,0,1
1613,1.29064310804665,0.581608047469855,PA,2024-05-21,1,1,1,0,1,0,1,0,1,1,0,0,0,1
1614,1.58421359541182,0.392784610607246,PA,2024-05-22,1,0,1,1,1,0,1,0,1,1,0,1,1,1
1615,0.87157885423705,0.4409725732462115,PA,2024-05-23,1,1,1,1,1,0,1,1,1,1,0,1,0,1
1616,NA,NA,PA,2024-05-24,NA,NA,NA,NA,NA,NA,NA,NA,NA,NA,NA,NA,NA,NA
1617,NA,NA,PA,2024-05-25,NA,NA,NA,NA,NA,NA,NA,NA,NA,NA,NA,NA,NA,NA
1618,NA,NA,PA,2024-05-26,NA,NA,NA,NA,NA,NA,NA,NA,NA,NA,NA,NA,NA,NA
1619,0.77802483942613,0.516020667218805,PA,2024-05-27,1,1,1,0,1,1,1,1,0,1,0,1,1,1
1620,0.806336311133601,0.4020427445442405,PA,2024-05-28,1,1,1,1,0,1,1,0,0,1,1,0,0,1
1621,0.464137720949347,0.3570572143096895,PA,2024-05-29,1,1,1,1,1,1,1,1,1,1,1,1,1,1
1622,0.742880076762788,0.50015327615194,PA,2024-05-30,1,1,1,0,1,1,1,0,1,1,0,1,1,1
1623,0.586076778073235,0.3616187263188885,PA,2024-05-31,1,1,1,1,1,1,1,0,1,1,0,1,1,1
1624,1.14857489303102,0.3924177111762875,PA,2024-06-01,0,1,1,1,1,1,1,1,1,1,1,1,1,1
1625,NA,NA,PA,2024-06-02,NA,NA,NA,NA,NA,NA,NA,NA,NA,NA,NA,NA,NA,NA
1626,NA,NA,PA,2024-06-03,NA,NA,NA,NA,NA,NA,NA,NA,NA,NA,NA,NA,NA,NA
1627,NA,NA,PA,2024-06-04,NA,NA,NA,NA,NA,NA,NA,NA,NA,NA,NA,NA,NA,NA
1628,0.599785409183022,0.367432010048747,PA,2024-06-05,1,1,1,1,1,1,1,1,0,1,0,1,1,1
1629,0.271616006231738,0.1915308573862195,PA,2024-06-06,1,1,1,1,1,1,1,0,0,1,1,1,1,1
1630,0.60809174982482,0.456669916739315,PA,2024-06-07,0,1,1,1,1,1,1,0,1,1,0,1,1,1
1631,0.672259964876378,0.460436875238678,PA,2024-06-08,1,1,1,0,1,1,1,0,1,1,0,1,1,1
1632,NA,NA,PA,2024-06-09,NA,NA,NA,NA,NA,NA,NA,NA,NA,NA,NA,NA,NA,NA
1633,0.648009186270937,0.484686544812474,PA,2024-06-10,0,1,1,1,1,1,1,0,0,1,1,1,1,1
1634,0.655957209160662,0.376930441090282,PA,2024-06-11,1,1,1,1,1,1,1,1,1,1,1,1,1,1
1635,2.33325722192368,0.4618723659510365,PA,2024-06-12,0,0,0,1,1,1,1,0,0,0,0,1,0,1
1636,2.91196666926868,0.528150577397095,PA,2024-06-13,0,0,1,1,1,0,0,0,0,1,0,1,0,0
1637,1.16082474075389,0.3192127817864735,PA,2024-06-14,1,1,1,1,1,1,1,0,0,1,0,1,0,1
1638,0.947677593772268,0.479805514381415,PA,2024-06-15,1,1,1,1,1,1,1,0,1,1,0,1,1,1
1639,NA,NA,PR,2024-05-05,NA,NA,NA,NA,NA,NA,NA,NA,NA,NA,NA,NA,NA,NA
1640,0.455530186000035,0.143901730510899,PR,2024-05-06,1,1,1,1,1,1,1,0,1,1,1,1,0,1
1641,2.06160240017168,0.78728722429939,PR,2024-05-07,0,0,1,1,1,1,1,0,0,1,1,1,1,1
1642,0.129805853595619,0.01632316390843555,PR,2024-05-08,1,1,1,1,1,1,1,0,0,1,1,1,1,1
1643,0.76908675491798,0.2206530191374915,PR,2024-05-09,1,1,1,0,1,1,1,0,0,1,1,1,0,1
1644,0.860852672381911,0.22529086785884,PR,2024-05-10,1,1,0,1,1,1,1,0,1,0,1,1,1,1
1645,0.0557688894958245,0.0217254814322008,PR,2024-05-11,1,1,1,1,1,1,1,0,1,1,1,1,0,1
1646,NA,NA,PR,2024-05-12,NA,NA,NA,NA,NA,NA,NA,NA,NA,NA,NA,NA,NA,NA
1647,1.4030077759781,0.2371099802486815,PR,2024-05-13,1,0,1,1,1,1,1,0,1,1,1,1,0,1
1648,1.91477051792922,0.373686439535877,PR,2024-05-14,0,0,1,1,1,1,1,0,0,1,1,1,0,1
1649,0.235761941877676,0.0316553160409807,PR,2024-05-15,1,1,1,1,1,1,1,0,1,1,1,1,0,1
1650,1.42834497497127,0.244128553261731,PR,2024-05-16,1,1,1,0,1,1,1,0,0,1,0,1,0,1
1651,0.474351208138986,0.03807896062941135,PR,2024-05-17,1,1,1,1,1,1,1,0,0,0,1,1,1,1
1652,0.51031059958234,0.04171555009314755,PR,2024-05-18,1,1,1,1,1,1,1,1,1,1,1,1,1,1
1653,0.106277583411386,0.0456583534658093,PR,2024-05-19,1,1,1,1,1,1,1,0,0,1,1,1,1,1
1654,1.32307283831299,0.1167700775795535,PR,2024-05-20,0,1,1,1,1,1,1,0,1,1,0,1,0,1
1655,0.348257976632735,0.054529235743765,PR,2024-05-21,1,1,1,1,1,1,1,0,0,1,1,1,1,1
1656,0.490190865153541,0.2491918586883555,PR,2024-05-22,1,1,1,1,1,1,1,0,0,1,1,1,0,1
1657,1.01858814205954,0.3467517782703745,PR,2024-05-23,1,1,1,1,1,1,1,1,0,1,1,1,0,1
1658,3.23954207610163,0.6058640930105,PR,2024-05-24,0,0,1,1,1,1,1,0,0,1,1,1,0,1
1659,0.520910583903636,0.335651891488926,PR,2024-05-25,1,1,1,1,1,1,1,0,0,1,0,1,0,1
1660,NA,NA,PR,2024-05-26,NA,NA,NA,NA,NA,NA,NA,NA,NA,NA,NA,NA,NA,NA
1661,0.187749337765686,0.0900184255741855,PR,2024-05-27,1,1,1,1,1,1,1,0,1,1,1,1,0,1
1662,1.88505080211705,0.337976570223972,PR,2024-05-28,1,0,1,1,1,1,1,0,0,1,1,1,0,1
1663,2.02256660158992,0.342137833622457,PR,2024-05-29,1,0,1,1,1,1,1,0,0,1,0,1,0,1
1664,14.5588823023367,0.474530298556275,PR,2024-05-30,0,0,1,0,1,0,1,0,0,1,0,1,0,1
1665,1.59528836105098,0.3684129685389975,PR,2024-05-31,1,0,1,1,1,1,1,0,0,1,1,1,0,1
1666,1.50500697565052,0.36672908618989303,PR,2024-06-01,1,0,1,1,1,1,1,0,0,1,0,1,0,1
1667,NA,NA,PR,2024-06-02,NA,NA,NA,NA,NA,NA,NA,NA,NA,NA,NA,NA,NA,NA
1668,1.69429051156191,0.466957880458515,PR,2024-06-03,1,1,1,0,1,1,1,0,0,1,0,1,0,1
1669,NA,NA,PR,2024-06-04,NA,NA,NA,NA,NA,NA,NA,NA,NA,NA,NA,NA,NA,NA
1670,NA,NA,PR,2024-06-05,NA,NA,NA,NA,NA,NA,NA,NA,NA,NA,NA,NA,NA,NA
1671,NA,NA,PR,2024-06-06,NA,NA,NA,NA,NA,NA,NA,NA,NA,NA,NA,NA,NA,NA
1672,NA,NA,PR,2024-06-07,NA,NA,NA,NA,NA,NA,NA,NA,NA,NA,NA,NA,NA,NA
1673,NA,NA,PR,2024-06-08,NA,NA,NA,NA,NA,NA,NA,NA,NA,NA,NA,NA,NA,NA
1674,NA,NA,PR,2024-06-09,NA,NA,NA,NA,NA,NA,NA,NA,NA,NA,NA,NA,NA,NA
1675,NA,NA,PR,2024-06-10,NA,NA,NA,NA,NA,NA,NA,NA,NA,NA,NA,NA,NA,NA
1676,0.83591875239903,0.450695078921444,PR,2024-06-11,1,1,1,0,1,1,1,1,0,1,0,1,1,1
1677,1.27861044303196,0.343820947522592,PR,2024-06-12,1,1,1,1,1,1,1,0,1,1,0,1,0,1
1678,2.62394077522108,0.4310144723599475,PR,2024-06-13,1,0,1,0,1,1,1,0,0,1,0,1,0,1
1679,3.20525390577117,0.3650404743573305,PR,2024-06-14,0,1,1,1,1,1,1,0,0,1,0,1,0,1
1680,1.04256158048078,0.3795835943840625,PR,2024-06-15,1,1,1,1,1,1,1,0,0,1,1,1,0,1
1681,NA,NA,RI,2024-05-05,NA,NA,NA,NA,NA,NA,NA,NA,NA,NA,NA,NA,NA,NA
1682,NA,NA,RI,2024-05-06,NA,NA,NA,NA,NA,NA,NA,NA,NA,NA,NA,NA,NA,NA
1683,NA,NA,RI,2024-05-07,NA,NA,NA,NA,NA,NA,NA,NA,NA,NA,NA,NA,NA,NA
1684,NA,NA,RI,2024-05-08,NA,NA,NA,NA,NA,NA,NA,NA,NA,NA,NA,NA,NA,NA
1685,NA,NA,RI,2024-05-09,NA,NA,NA,NA,NA,NA,NA,NA,NA,NA,NA,NA,NA,NA
1686,0.960938486223544,0.704201873688585,RI,2024-05-10,1,1,1,0,1,1,1,0,1,1,0,1,1,1
1687,NA,NA,RI,2024-05-11,NA,NA,NA,NA,NA,NA,NA,NA,NA,NA,NA,NA,NA,NA
1688,NA,NA,RI,2024-05-12,NA,NA,NA,NA,NA,NA,NA,NA,NA,NA,NA,NA,NA,NA
1689,NA,NA,RI,2024-05-13,NA,NA,NA,NA,NA,NA,NA,NA,NA,NA,NA,NA,NA,NA
1690,NA,NA,RI,2024-05-14,NA,NA,NA,NA,NA,NA,NA,NA,NA,NA,NA,NA,NA,NA
1691,0.505837250350116,0.3675327291332095,RI,2024-05-15,1,1,1,1,1,1,1,0,0,1,1,1,1,1
1692,NA,NA,RI,2024-05-16,NA,NA,NA,NA,NA,NA,NA,NA,NA,NA,NA,NA,NA,NA
1693,NA,NA,RI,2024-05-17,NA,NA,NA,NA,NA,NA,NA,NA,NA,NA,NA,NA,NA,NA
1694,0.304580164728175,0.216491515057083,RI,2024-05-18,1,1,1,1,1,1,1,0,0,1,1,1,1,1
1695,NA,NA,RI,2024-05-19,NA,NA,NA,NA,NA,NA,NA,NA,NA,NA,NA,NA,NA,NA
1696,NA,NA,RI,2024-05-20,NA,NA,NA,NA,NA,NA,NA,NA,NA,NA,NA,NA,NA,NA
1697,0.34724060979645,0.253893846744099,RI,2024-05-21,1,1,1,1,1,1,1,0,0,1,1,1,1,1
1698,0.870549327498007,0.266846690919885,RI,2024-05-22,0,1,1,1,1,1,1,0,0,1,1,1,1,1
1699,NA,NA,RI,2024-05-23,NA,NA,NA,NA,NA,NA,NA,NA,NA,NA,NA,NA,NA,NA
1700,0.832850462696667,0.63531761073026,RI,2024-05-24,1,1,1,0,1,1,1,1,0,1,0,1,1,1
1701,NA,NA,RI,2024-05-25,NA,NA,NA,NA,NA,NA,NA,NA,NA,NA,NA,NA,NA,NA
1702,NA,NA,RI,2024-05-26,NA,NA,NA,NA,NA,NA,NA,NA,NA,NA,NA,NA,NA,NA
1703,NA,NA,RI,2024-05-27,NA,NA,NA,NA,NA,NA,NA,NA,NA,NA,NA,NA,NA,NA
1704,0.896085458363352,0.4873628163554175,RI,2024-05-28,1,1,1,0,1,1,1,0,1,1,0,1,1,1
1705,NA,NA,RI,2024-05-29,NA,NA,NA,NA,NA,NA,NA,NA,NA,NA,NA,NA,NA,NA
1706,NA,NA,RI,2024-05-30,NA,NA,NA,NA,NA,NA,NA,NA,NA,NA,NA,NA,NA,NA
1707,NA,NA,RI,2024-05-31,NA,NA,NA,NA,NA,NA,NA,NA,NA,NA,NA,NA,NA,NA
1708,0.548355453816087,0.402579547280721,RI,2024-06-01,1,1,1,1,1,1,1,1,1,1,1,1,1,1
1709,NA,NA,RI,2024-06-02,NA,NA,NA,NA,NA,NA,NA,NA,NA,NA,NA,NA,NA,NA
1710,0.622604621553062,0.331267090577754,RI,2024-06-03,1,1,1,1,1,0,1,1,0,1,1,1,0,1
1711,NA,NA,RI,2024-06-04,NA,NA,NA,NA,NA,NA,NA,NA,NA,NA,NA,NA,NA,NA
1712,1.02451260904267,0.2800726451653275,RI,2024-06-05,1,1,1,1,1,1,1,0,0,0,1,1,0,1
1713,0.620184223323386,0.468290612038448,RI,2024-06-06,0,1,1,1,1,1,1,1,1,1,1,1,1,1
1714,NA,NA,RI,2024-06-07,NA,NA,NA,NA,NA,NA,NA,NA,NA,NA,NA,NA,NA,NA
1715,0.653064957344906,0.4929003896016315,RI,2024-06-08,0,1,1,1,1,1,1,0,1,1,0,1,1,1
1716,0.662876728620564,0.50473944541932,RI,2024-06-09,0,1,1,1,1,1,1,1,1,1,1,1,1,1
1717,0.551600366840985,0.2648253608137115,RI,2024-06-10,1,1,1,1,1,1,1,1,1,1,1,1,1,1
1718,1.53741925874544,0.63132957356504,RI,2024-06-11,1,1,1,0,1,1,1,0,0,1,0,1,1,1
1719,0.647360119547273,0.2808846378698545,RI,2024-06-12,1,1,1,1,1,1,1,1,1,1,1,1,1,1
1720,0.312980310455305,0.30263504011242,RI,2024-06-13,1,1,1,1,1,1,1,1,1,1,1,1,1,1
1721,NA,NA,RI,2024-06-14,NA,NA,NA,NA,NA,NA,NA,NA,NA,NA,NA,NA,NA,NA
1722,NA,NA,RI,2024-06-15,NA,NA,NA,NA,NA,NA,NA,NA,NA,NA,NA,NA,NA,NA
1723,NA,NA,SC,2024-05-05,NA,NA,NA,NA,NA,NA,NA,NA,NA,NA,NA,NA,NA,NA
1724,3.21548880666546,0.1409610095019155,SC,2024-05-06,0,0,1,1,1,1,1,0,0,0,0,1,1,1
1725,NA,NA,SC,2024-05-07,NA,NA,NA,NA,NA,NA,NA,NA,NA,NA,NA,NA,NA,NA
1726,NA,NA,SC,2024-05-08,NA,NA,NA,NA,NA,NA,NA,NA,NA,NA,NA,NA,NA,NA
1727,NA,NA,SC,2024-05-09,NA,NA,NA,NA,NA,NA,NA,NA,NA,NA,NA,NA,NA,NA
1728,NA,NA,SC,2024-05-10,NA,NA,NA,NA,NA,NA,NA,NA,NA,NA,NA,NA,NA,NA
1729,NA,NA,SC,2024-05-11,NA,NA,NA,NA,NA,NA,NA,NA,NA,NA,NA,NA,NA,NA
1730,NA,NA,SC,2024-05-12,NA,NA,NA,NA,NA,NA,NA,NA,NA,NA,NA,NA,NA,NA
1731,0.947641187612735,0.71542533767449,SC,2024-05-13,1,1,1,1,1,1,0,1,0,1,1,1,1,0
1732,0.214367524009554,0.094788832635626,SC,2024-05-14,1,1,1,1,1,1,1,1,1,1,1,1,1,1
1733,NA,NA,SC,2024-05-15,NA,NA,NA,NA,NA,NA,NA,NA,NA,NA,NA,NA,NA,NA
1734,NA,NA,SC,2024-05-16,NA,NA,NA,NA,NA,NA,NA,NA,NA,NA,NA,NA,NA,NA
1735,NA,NA,SC,2024-05-17,NA,NA,NA,NA,NA,NA,NA,NA,NA,NA,NA,NA,NA,NA
1736,NA,NA,SC,2024-05-18,NA,NA,NA,NA,NA,NA,NA,NA,NA,NA,NA,NA,NA,NA
1737,NA,NA,SC,2024-05-19,NA,NA,NA,NA,NA,NA,NA,NA,NA,NA,NA,NA,NA,NA
1738,NA,NA,SC,2024-05-20,NA,NA,NA,NA,NA,NA,NA,NA,NA,NA,NA,NA,NA,NA
1739,NA,NA,SC,2024-05-21,NA,NA,NA,NA,NA,NA,NA,NA,NA,NA,NA,NA,NA,NA
1740,0.687950141106266,0.607601550498325,SC,2024-05-22,1,1,1,0,1,1,1,1,1,1,1,1,1,1
1741,0.192376361696624,0.0727396808583325,SC,2024-05-23,1,1,1,1,1,1,1,1,1,1,1,1,1,1
1742,NA,NA,SC,2024-05-24,NA,NA,NA,NA,NA,NA,NA,NA,NA,NA,NA,NA,NA,NA
1743,NA,NA,SC,2024-05-25,NA,NA,NA,NA,NA,NA,NA,NA,NA,NA,NA,NA,NA,NA
1744,NA,NA,SC,2024-05-26,NA,NA,NA,NA,NA,NA,NA,NA,NA,NA,NA,NA,NA,NA
1745,NA,NA,SC,2024-05-27,NA,NA,NA,NA,NA,NA,NA,NA,NA,NA,NA,NA,NA,NA
1746,NA,NA,SC,2024-05-28,NA,NA,NA,NA,NA,NA,NA,NA,NA,NA,NA,NA,NA,NA
1747,NA,NA,SC,2024-05-29,NA,NA,NA,NA,NA,NA,NA,NA,NA,NA,NA,NA,NA,NA
1748,0.647171420315783,0.59789283358969,SC,2024-05-30,1,1,1,0,1,1,1,1,0,1,0,1,1,1
1749,NA,NA,SC,2024-05-31,NA,NA,NA,NA,NA,NA,NA,NA,NA,NA,NA,NA,NA,NA
1750,NA,NA,SC,2024-06-01,NA,NA,NA,NA,NA,NA,NA,NA,NA,NA,NA,NA,NA,NA
1751,NA,NA,SC,2024-06-02,NA,NA,NA,NA,NA,NA,NA,NA,NA,NA,NA,NA,NA,NA
1752,NA,NA,SC,2024-06-03,NA,NA,NA,NA,NA,NA,NA,NA,NA,NA,NA,NA,NA,NA
1753,0.842142821622573,0.6525482372823,SC,2024-06-04,1,1,1,1,1,0,1,1,0,1,1,1,0,1
1754,0.839577721064557,0.64929960288762,SC,2024-06-05,1,1,1,1,1,0,1,1,0,1,1,1,0,1
1755,2.13460597443443,0.700989759682385,SC,2024-06-06,1,0,0,1,1,0,1,1,0,0,1,1,0,1
1756,NA,NA,SC,2024-06-07,NA,NA,NA,NA,NA,NA,NA,NA,NA,NA,NA,NA,NA,NA
1757,NA,NA,SC,2024-06-08,NA,NA,NA,NA,NA,NA,NA,NA,NA,NA,NA,NA,NA,NA
1758,NA,NA,SC,2024-06-09,NA,NA,NA,NA,NA,NA,NA,NA,NA,NA,NA,NA,NA,NA
1759,2.8785188978923,0.689676259673035,SC,2024-06-10,1,0,0,1,1,1,1,1,0,0,0,1,1,1
1760,NA,NA,SC,2024-06-11,NA,NA,NA,NA,NA,NA,NA,NA,NA,NA,NA,NA,NA,NA
1761,NA,NA,SC,2024-06-12,NA,NA,NA,NA,NA,NA,NA,NA,NA,NA,NA,NA,NA,NA
1762,NA,NA,SC,2024-06-13,NA,NA,NA,NA,NA,NA,NA,NA,NA,NA,NA,NA,NA,NA
1763,NA,NA,SC,2024-06-14,NA,NA,NA,NA,NA,NA,NA,NA,NA,NA,NA,NA,NA,NA
1764,NA,NA,SC,2024-06-15,NA,NA,NA,NA,NA,NA,NA,NA,NA,NA,NA,NA,NA,NA
1765,NA,NA,SD,2024-05-05,NA,NA,NA,NA,NA,NA,NA,NA,NA,NA,NA,NA,NA,NA
1766,NA,NA,SD,2024-05-06,NA,NA,NA,NA,NA,NA,NA,NA,NA,NA,NA,NA,NA,NA
1767,NA,NA,SD,2024-05-07,NA,NA,NA,NA,NA,NA,NA,NA,NA,NA,NA,NA,NA,NA
1768,NA,NA,SD,2024-05-08,NA,NA,NA,NA,NA,NA,NA,NA,NA,NA,NA,NA,NA,NA
1769,NA,NA,SD,2024-05-09,NA,NA,NA,NA,NA,NA,NA,NA,NA,NA,NA,NA,NA,NA
1770,NA,NA,SD,2024-05-10,NA,NA,NA,NA,NA,NA,NA,NA,NA,NA,NA,NA,NA,NA
1771,NA,NA,SD,2024-05-11,NA,NA,NA,NA,NA,NA,NA,NA,NA,NA,NA,NA,NA,NA
1772,NA,NA,SD,2024-05-12,NA,NA,NA,NA,NA,NA,NA,NA,NA,NA,NA,NA,NA,NA
1773,0.539938422532198,0.422276116290385,SD,2024-05-13,0,1,1,1,1,1,1,0,1,0,1,1,1,1
1774,NA,NA,SD,2024-05-14,NA,NA,NA,NA,NA,NA,NA,NA,NA,NA,NA,NA,NA,NA
1775,0.356327596766554,0.1917204307906875,SD,2024-05-15,1,1,1,1,1,1,1,1,0,1,1,0,1,1
1776,NA,NA,SD,2024-05-16,NA,NA,NA,NA,NA,NA,NA,NA,NA,NA,NA,NA,NA,NA
1777,0.7481145338538,0.604288322277485,SD,2024-05-17,1,1,1,1,1,0,1,1,0,1,1,1,0,1
1778,NA,NA,SD,2024-05-18,NA,NA,NA,NA,NA,NA,NA,NA,NA,NA,NA,NA,NA,NA
1779,NA,NA,SD,2024-05-19,NA,NA,NA,NA,NA,NA,NA,NA,NA,NA,NA,NA,NA,NA
1780,0.634546509714178,0.4893201379200055,SD,2024-05-20,0,1,1,1,1,1,1,0,1,1,1,0,1,1
1781,NA,NA,SD,2024-05-21,NA,NA,NA,NA,NA,NA,NA,NA,NA,NA,NA,NA,NA,NA
1782,0.74318140339429,0.553385603287075,SD,2024-05-22,1,1,0,1,1,1,1,0,1,0,1,1,1,1
1783,NA,NA,SD,2024-05-23,NA,NA,NA,NA,NA,NA,NA,NA,NA,NA,NA,NA,NA,NA
1784,NA,NA,SD,2024-05-24,NA,NA,NA,NA,NA,NA,NA,NA,NA,NA,NA,NA,NA,NA
1785,NA,NA,SD,2024-05-25,NA,NA,NA,NA,NA,NA,NA,NA,NA,NA,NA,NA,NA,NA
1786,NA,NA,SD,2024-05-26,NA,NA,NA,NA,NA,NA,NA,NA,NA,NA,NA,NA,NA,NA
1787,0.707004943649253,0.544379295899205,SD,2024-05-27,0,1,1,1,1,1,1,0,1,1,0,1,1,1
1788,NA,NA,SD,2024-05-28,NA,NA,NA,NA,NA,NA,NA,NA,NA,NA,NA,NA,NA,NA
1789,NA,NA,SD,2024-05-29,NA,NA,NA,NA,NA,NA,NA,NA,NA,NA,NA,NA,NA,NA
1790,NA,NA,SD,2024-05-30,NA,NA,NA,NA,NA,NA,NA,NA,NA,NA,NA,NA,NA,NA
1791,NA,NA,SD,2024-05-31,NA,NA,NA,NA,NA,NA,NA,NA,NA,NA,NA,NA,NA,NA
1792,NA,NA,SD,2024-06-01,NA,NA,NA,NA,NA,NA,NA,NA,NA,NA,NA,NA,NA,NA
1793,NA,NA,SD,2024-06-02,NA,NA,NA,NA,NA,NA,NA,NA,NA,NA,NA,NA,NA,NA
1794,NA,NA,SD,2024-06-03,NA,NA,NA,NA,NA,NA,NA,NA,NA,NA,NA,NA,NA,NA
1795,0.507747004450295,0.4351745563990485,SD,2024-06-04,1,1,1,1,1,1,1,1,1,1,0,0,1,1
1796,NA,NA,SD,2024-06-05,NA,NA,NA,NA,NA,NA,NA,NA,NA,NA,NA,NA,NA,NA
1797,NA,NA,SD,2024-06-06,NA,NA,NA,NA,NA,NA,NA,NA,NA,NA,NA,NA,NA,NA
1798,NA,NA,SD,2024-06-07,NA,NA,NA,NA,NA,NA,NA,NA,NA,NA,NA,NA,NA,NA
1799,NA,NA,SD,2024-06-08,NA,NA,NA,NA,NA,NA,NA,NA,NA,NA,NA,NA,NA,NA
1800,0.803183331115919,0.60755332987679,SD,2024-06-09,0,1,1,1,1,1,1,0,1,1,1,0,1,1
1801,NA,NA,SD,2024-06-10,NA,NA,NA,NA,NA,NA,NA,NA,NA,NA,NA,NA,NA,NA
1802,1.63043276391806,0.613112072292155,SD,2024-06-11,0,1,1,1,1,1,1,0,0,1,1,0,1,1
1803,0.821782120362918,0.61554002629452,SD,2024-06-12,0,1,1,1,1,1,1,0,1,1,0,1,1,1
1804,1.6443190399375,0.617746948915015,SD,2024-06-13,0,1,1,1,1,1,1,0,0,1,1,0,1,1
1805,1.09386375324405,0.456723461010868,SD,2024-06-14,1,1,1,0,1,1,1,1,1,1,0,0,0,1
1806,0.831133734817271,0.62153835340604,SD,2024-06-15,0,1,1,1,1,1,1,0,0,1,1,1,1,1
1807,NA,NA,TN,2024-05-05,NA,NA,NA,NA,NA,NA,NA,NA,NA,NA,NA,NA,NA,NA
1808,1.07524687951795,0.805250261429085,TN,2024-05-06,0,0,1,1,1,1,1,0,0,1,1,1,1,1
1809,0.0335791433290618,0.01731380413811985,TN,2024-05-07,1,1,1,1,1,1,1,0,1,1,1,1,0,1
1810,0.876526357009614,0.403889587759635,TN,2024-05-08,1,1,1,0,1,1,1,0,1,1,0,1,1,1
1811,NA,NA,TN,2024-05-09,NA,NA,NA,NA,NA,NA,NA,NA,NA,NA,NA,NA,NA,NA
1812,1.02931924754943,0.77394347176341,TN,2024-05-10,0,0,1,1,1,1,1,0,0,1,1,1,1,1
1813,NA,NA,TN,2024-05-11,NA,NA,NA,NA,NA,NA,NA,NA,NA,NA,NA,NA,NA,NA
1814,NA,NA,TN,2024-05-12,NA,NA,NA,NA,NA,NA,NA,NA,NA,NA,NA,NA,NA,NA
1815,NA,NA,TN,2024-05-13,NA,NA,NA,NA,NA,NA,NA,NA,NA,NA,NA,NA,NA,NA
1816,NA,NA,TN,2024-05-14,NA,NA,NA,NA,NA,NA,NA,NA,NA,NA,NA,NA,NA,NA
1817,NA,NA,TN,2024-05-15,NA,NA,NA,NA,NA,NA,NA,NA,NA,NA,NA,NA,NA,NA
1818,NA,NA,TN,2024-05-16,NA,NA,NA,NA,NA,NA,NA,NA,NA,NA,NA,NA,NA,NA
1819,1.14365362814755,0.4815336775018285,TN,2024-05-17,0,1,1,0,1,1,1,0,0,1,0,1,0,1
1820,1.57618311032979,0.4674158096260155,TN,2024-05-18,0,1,1,0,1,1,1,0,1,1,0,1,1,1
1821,NA,NA,TN,2024-05-19,NA,NA,NA,NA,NA,NA,NA,NA,NA,NA,NA,NA,NA,NA
1822,0.894946006397957,0.683263835068995,TN,2024-05-20,1,0,1,1,1,1,1,0,0,1,1,1,1,1
1823,0.104190713307746,0.0601379964250895,TN,2024-05-21,1,1,1,1,1,1,1,1,1,1,1,1,1,1
1824,1.74801799260693,0.664260486783545,TN,2024-05-22,0,0,1,1,1,1,1,0,0,1,1,1,0,1
1825,0.853957981989412,0.654838137058465,TN,2024-05-23,1,0,1,1,1,1,1,1,0,1,1,0,1,1
1826,0.126926614617188,0.0770846119591395,TN,2024-05-24,1,1,1,1,1,1,1,1,1,1,1,1,1,1
1827,0.822848041326611,0.585851306924925,TN,2024-05-25,1,1,1,0,1,1,1,1,0,1,0,1,1,1
1828,0.402779522600451,0.090361429792181,TN,2024-05-26,1,1,1,1,1,1,1,0,0,1,1,1,1,1
1829,NA,NA,TN,2024-05-27,NA,NA,NA,NA,NA,NA,NA,NA,NA,NA,NA,NA,NA,NA
1830,0.578113239058825,0.2521527807205745,TN,2024-05-28,1,1,1,1,1,1,1,0,1,1,0,1,0,1
1831,0.172857965938071,0.1133676395001035,TN,2024-05-29,1,1,1,1,1,1,1,1,1,1,1,1,1,1
1832,NA,NA,TN,2024-05-30,NA,NA,NA,NA,NA,NA,NA,NA,NA,NA,NA,NA,NA,NA
1833,NA,NA,TN,2024-05-31,NA,NA,NA,NA,NA,NA,NA,NA,NA,NA,NA,NA,NA,NA
1834,1.53798739004994,0.578777634492785,TN,2024-06-01,1,0,1,1,1,1,1,0,0,1,1,1,0,1
1835,NA,NA,TN,2024-06-02,NA,NA,NA,NA,NA,NA,NA,NA,NA,NA,NA,NA,NA,NA
1836,NA,NA,TN,2024-06-03,NA,NA,NA,NA,NA,NA,NA,NA,NA,NA,NA,NA,NA,NA
1837,0.586852113925601,0.3647518938757475,TN,2024-06-04,1,1,1,1,1,1,1,0,0,1,1,1,0,1
1838,0.264324787805631,0.180728371381138,TN,2024-06-05,1,1,1,1,1,1,1,0,1,1,1,1,0,1
1839,NA,NA,TN,2024-06-06,NA,NA,NA,NA,NA,NA,NA,NA,NA,NA,NA,NA,NA,NA
1840,0.284055980315923,0.202877473733459,TN,2024-06-07,1,1,1,1,1,1,1,0,0,1,1,1,1,1
1841,0.690819919890303,0.5399483150263,TN,2024-06-08,1,0,1,1,1,1,1,1,0,1,1,1,0,1
1842,0.867295572169718,0.472864920819356,TN,2024-06-09,1,1,1,1,1,1,1,1,0,1,0,1,0,1
1843,0.332260934568731,0.237681708856145,TN,2024-06-10,1,1,1,1,1,1,1,0,0,1,1,1,1,1
1844,1.13216948624915,0.375718120195355,TN,2024-06-11,1,1,1,1,1,1,0,0,1,1,1,1,0,0
1845,0.522085940864673,0.3232962823754125,TN,2024-06-12,1,1,1,1,1,1,1,0,1,1,0,1,0,1
1846,0.66922600335972,0.3511033697644275,TN,2024-06-13,1,1,1,1,1,1,1,0,0,1,0,1,0,1
1847,0.948457954502885,0.3651974220838085,TN,2024-06-14,1,1,1,1,1,1,1,0,0,1,1,1,0,1
1848,0.971083731007618,0.3728321027006725,TN,2024-06-15,1,1,1,1,1,1,1,0,1,1,1,1,0,1
1849,0.878041374281768,0.672726916557275,TX,2024-05-05,1,1,1,0,1,1,1,0,1,1,0,1,1,1
1850,0.122254463137777,0.069777264607111,TX,2024-05-06,1,1,1,1,1,1,1,1,1,1,1,1,1,1
1851,NA,NA,TX,2024-05-07,NA,NA,NA,NA,NA,NA,NA,NA,NA,NA,NA,NA,NA,NA
1852,0.151196060838181,0.0801093591362605,TX,2024-05-08,1,1,1,1,1,1,1,1,1,1,1,1,1,1
1853,NA,NA,TX,2024-05-09,NA,NA,NA,NA,NA,NA,NA,NA,NA,NA,NA,NA,NA,NA
1854,NA,NA,TX,2024-05-10,NA,NA,NA,NA,NA,NA,NA,NA,NA,NA,NA,NA,NA,NA
1855,NA,NA,TX,2024-05-11,NA,NA,NA,NA,NA,NA,NA,NA,NA,NA,NA,NA,NA,NA
1856,NA,NA,TX,2024-05-12,NA,NA,NA,NA,NA,NA,NA,NA,NA,NA,NA,NA,NA,NA
1857,NA,NA,TX,2024-05-13,NA,NA,NA,NA,NA,NA,NA,NA,NA,NA,NA,NA,NA,NA
1858,0.892915110832424,0.678133722799785,TX,2024-05-14,1,1,1,1,1,0,1,0,1,1,1,1,0,1
1859,NA,NA,TX,2024-05-15,NA,NA,NA,NA,NA,NA,NA,NA,NA,NA,NA,NA,NA,NA
1860,NA,NA,TX,2024-05-16,NA,NA,NA,NA,NA,NA,NA,NA,NA,NA,NA,NA,NA,NA
1861,NA,NA,TX,2024-05-17,NA,NA,NA,NA,NA,NA,NA,NA,NA,NA,NA,NA,NA,NA
1862,NA,NA,TX,2024-05-18,NA,NA,NA,NA,NA,NA,NA,NA,NA,NA,NA,NA,NA,NA
1863,NA,NA,TX,2024-05-19,NA,NA,NA,NA,NA,NA,NA,NA,NA,NA,NA,NA,NA,NA
1864,0.598361493823796,0.50674353293736,TX,2024-05-20,1,1,1,0,1,1,1,1,0,1,0,1,1,1
1865,1.41461096868594,0.291397397422358,TX,2024-05-21,0,1,0,1,1,1,1,0,0,0,1,0,1,1
1866,NA,NA,TX,2024-05-22,NA,NA,NA,NA,NA,NA,NA,NA,NA,NA,NA,NA,NA,NA
1867,NA,NA,TX,2024-05-23,NA,NA,NA,NA,NA,NA,NA,NA,NA,NA,NA,NA,NA,NA
1868,NA,NA,TX,2024-05-24,NA,NA,NA,NA,NA,NA,NA,NA,NA,NA,NA,NA,NA,NA
1869,NA,NA,TX,2024-05-25,NA,NA,NA,NA,NA,NA,NA,NA,NA,NA,NA,NA,NA,NA
1870,NA,NA,TX,2024-05-26,NA,NA,NA,NA,NA,NA,NA,NA,NA,NA,NA,NA,NA,NA
1871,NA,NA,TX,2024-05-27,NA,NA,NA,NA,NA,NA,NA,NA,NA,NA,NA,NA,NA,NA
1872,NA,NA,TX,2024-05-28,NA,NA,NA,NA,NA,NA,NA,NA,NA,NA,NA,NA,NA,NA
1873,0.853297830013948,0.416681040509472,TX,2024-05-29,1,1,1,1,1,0,1,1,0,1,1,1,0,1
1874,NA,NA,TX,2024-05-30,NA,NA,NA,NA,NA,NA,NA,NA,NA,NA,NA,NA,NA,NA
1875,0.483586381931203,0.2817748204079675,TX,2024-05-31,1,1,1,1,1,1,1,0,0,1,1,1,1,1
1876,NA,NA,TX,2024-06-01,NA,NA,NA,NA,NA,NA,NA,NA,NA,NA,NA,NA,NA,NA
1877,NA,NA,TX,2024-06-02,NA,NA,NA,NA,NA,NA,NA,NA,NA,NA,NA,NA,NA,NA
1878,0.538676717695817,0.3144800730010795,TX,2024-06-03,0,1,1,1,1,1,1,0,0,1,1,1,1,1
1879,NA,NA,TX,2024-06-04,NA,NA,NA,NA,NA,NA,NA,NA,NA,NA,NA,NA,NA,NA
1880,0.531293631947284,0.322748260342074,TX,2024-06-05,1,1,1,1,1,1,1,1,0,1,1,1,0,1
1881,NA,NA,TX,2024-06-06,NA,NA,NA,NA,NA,NA,NA,NA,NA,NA,NA,NA,NA,NA
1882,NA,NA,TX,2024-06-07,NA,NA,NA,NA,NA,NA,NA,NA,NA,NA,NA,NA,NA,NA
1883,NA,NA,TX,2024-06-08,NA,NA,NA,NA,NA,NA,NA,NA,NA,NA,NA,NA,NA,NA
1884,NA,NA,TX,2024-06-09,NA,NA,NA,NA,NA,NA,NA,NA,NA,NA,NA,NA,NA,NA
1885,1.08856056104996,0.487484719864521,TX,2024-06-10,1,1,0,1,1,1,1,0,1,0,0,1,0,1
1886,0.98522055585089,0.454038468205441,TX,2024-06-11,1,1,1,1,1,0,1,1,1,1,1,0,0,1
1887,0.839485884539136,0.3581628832442155,TX,2024-06-12,1,1,1,1,1,1,1,0,0,1,0,1,1,1
1888,0.694580469306347,0.417055786196548,TX,2024-06-13,0,1,1,1,1,1,1,0,1,1,0,1,1,1
1889,0.707825243994524,0.4996706714335435,TX,2024-06-14,1,1,1,1,1,0,1,0,1,1,1,1,0,1
1890,NA,NA,TX,2024-06-15,NA,NA,NA,NA,NA,NA,NA,NA,NA,NA,NA,NA,NA,NA
1891,NA,NA,UT,2024-05-05,NA,NA,NA,NA,NA,NA,NA,NA,NA,NA,NA,NA,NA,NA
1892,NA,NA,UT,2024-05-06,NA,NA,NA,NA,NA,NA,NA,NA,NA,NA,NA,NA,NA,NA
1893,NA,NA,UT,2024-05-07,NA,NA,NA,NA,NA,NA,NA,NA,NA,NA,NA,NA,NA,NA
1894,0.315232008872027,0.0628726465311875,UT,2024-05-08,1,1,1,1,1,1,1,1,1,1,1,1,1,1
1895,0.705650704459886,0.3742834685218415,UT,2024-05-09,1,1,1,0,1,1,1,0,1,1,0,1,1,1
1896,NA,NA,UT,2024-05-10,NA,NA,NA,NA,NA,NA,NA,NA,NA,NA,NA,NA,NA,NA
1897,NA,NA,UT,2024-05-11,NA,NA,NA,NA,NA,NA,NA,NA,NA,NA,NA,NA,NA,NA
1898,0.922356208792474,0.705896306275125,UT,2024-05-12,1,1,1,1,1,0,1,0,1,1,1,1,0,1
1899,0.778549740904901,0.3938290770099005,UT,2024-05-13,1,1,1,1,1,0,1,0,1,1,1,1,0,1
1900,0.778348370810868,0.392897835219186,UT,2024-05-14,1,1,1,1,1,0,1,1,1,1,1,0,0,1
1901,0.179117430733256,0.1027786124217325,UT,2024-05-15,1,1,1,1,1,1,1,1,1,1,1,1,1,1
1902,0.46480690477567,0.302355177852603,UT,2024-05-16,1,1,1,1,1,1,1,0,0,1,1,1,1,1
1903,0.643547837474244,0.4838329831598415,UT,2024-05-17,1,0,1,1,1,1,1,0,0,1,1,1,1,1
1904,0.763095920235155,0.581139064777655,UT,2024-05-18,1,1,1,0,1,1,1,1,0,1,0,1,1,1
1905,NA,NA,UT,2024-05-19,NA,NA,NA,NA,NA,NA,NA,NA,NA,NA,NA,NA,NA,NA
1906,0.604327478581705,0.3494679652409405,UT,2024-05-20,1,1,1,1,1,1,1,1,0,1,0,1,1,1
1907,NA,NA,UT,2024-05-21,NA,NA,NA,NA,NA,NA,NA,NA,NA,NA,NA,NA,NA,NA
1908,NA,NA,UT,2024-05-22,NA,NA,NA,NA,NA,NA,NA,NA,NA,NA,NA,NA,NA,NA
1909,0.580292990044049,0.345949309167564,UT,2024-05-23,1,1,1,1,1,1,1,0,1,1,0,1,1,1
1910,0.570430309280428,0.4135811570210775,UT,2024-05-24,1,0,1,1,1,1,1,1,0,0,1,1,1,1
1911,NA,NA,UT,2024-05-25,NA,NA,NA,NA,NA,NA,NA,NA,NA,NA,NA,NA,NA,NA
1912,0.755726736233706,0.5976303251737,UT,2024-05-26,1,1,1,1,1,0,1,0,1,1,1,1,0,1
1913,0.704699332407432,0.265049973783448,UT,2024-05-27,1,1,1,1,1,1,1,0,0,1,1,1,1,1
1914,NA,NA,UT,2024-05-28,NA,NA,NA,NA,NA,NA,NA,NA,NA,NA,NA,NA,NA,NA
1915,NA,NA,UT,2024-05-29,NA,NA,NA,NA,NA,NA,NA,NA,NA,NA,NA,NA,NA,NA
1916,1.15875286873583,0.3684686659310245,UT,2024-05-30,1,0,1,1,1,1,1,0,0,1,1,1,1,1
1917,NA,NA,UT,2024-05-31,NA,NA,NA,NA,NA,NA,NA,NA,NA,NA,NA,NA,NA,NA
1918,0.506414772843839,0.3569977920611625,UT,2024-06-01,1,1,1,1,1,1,1,0,0,1,1,1,1,1
1919,NA,NA,UT,2024-06-02,NA,NA,NA,NA,NA,NA,NA,NA,NA,NA,NA,NA,NA,NA
1920,1.53807466257352,0.34269019264219,UT,2024-06-03,0,1,1,1,1,1,1,0,0,1,0,1,0,1
1921,0.77178100184316,0.57468005381175,UT,2024-06-04,1,1,1,1,0,1,1,0,1,1,1,0,1,1
1922,NA,NA,UT,2024-06-05,NA,NA,NA,NA,NA,NA,NA,NA,NA,NA,NA,NA,NA,NA
1923,NA,NA,UT,2024-06-06,NA,NA,NA,NA,NA,NA,NA,NA,NA,NA,NA,NA,NA,NA
1924,0.863983200646574,0.62320868521548,UT,2024-06-07,1,1,1,1,1,1,0,1,1,1,0,1,1,0
1925,NA,NA,UT,2024-06-08,NA,NA,NA,NA,NA,NA,NA,NA,NA,NA,NA,NA,NA,NA
1926,NA,NA,UT,2024-06-09,NA,NA,NA,NA,NA,NA,NA,NA,NA,NA,NA,NA,NA,NA
1927,NA,NA,UT,2024-06-10,NA,NA,NA,NA,NA,NA,NA,NA,NA,NA,NA,NA,NA,NA
1928,NA,NA,UT,2024-06-11,NA,NA,NA,NA,NA,NA,NA,NA,NA,NA,NA,NA,NA,NA
1929,0.739674082907417,0.423090418971484,UT,2024-06-12,1,1,1,1,1,1,1,0,1,1,0,1,0,1
1930,NA,NA,UT,2024-06-13,NA,NA,NA,NA,NA,NA,NA,NA,NA,NA,NA,NA,NA,NA
1931,0.475923423404211,0.342010125153944,UT,2024-06-14,1,1,1,1,1,1,1,0,1,1,0,1,1,1
1932,NA,NA,UT,2024-06-15,NA,NA,NA,NA,NA,NA,NA,NA,NA,NA,NA,NA,NA,NA
1933,0.808138732604419,0.0769126290345785,VA,2024-05-05,0,1,1,1,1,1,1,0,0,1,1,1,1,1
1934,0.600433340366447,0.3003875783921425,VA,2024-05-06,1,1,1,1,1,1,1,1,0,1,1,0,1,1
1935,0.818134002831599,0.298891375922852,VA,2024-05-07,1,1,0,1,1,1,1,1,1,0,1,1,0,1
1936,1.44650446353697,0.3930623156728895,VA,2024-05-08,0,0,1,1,1,1,1,0,0,1,1,1,1,1
1937,0.767932958679939,0.2897717551265905,VA,2024-05-09,1,1,1,1,1,1,1,0,0,1,1,0,1,1
1938,2.93203966212949,0.51582911277393,VA,2024-05-10,0,1,1,0,1,1,1,0,0,0,0,1,0,1
1939,2.56251985688314,0.55020376827545,VA,2024-05-11,0,0,1,0,1,1,1,0,0,0,0,1,1,1
1940,1.90894905638354,0.719209635799005,VA,2024-05-12,0,1,1,1,1,0,1,1,0,1,0,1,0,1
1941,1.99784803066481,0.2188320749384375,VA,2024-05-13,0,0,1,1,1,1,1,0,0,1,0,1,1,1
1942,1.49025605313834,0.355967825773692,VA,2024-05-14,1,1,1,1,1,0,1,0,0,1,0,1,0,1
1943,4.00222273450251,0.4846315678555445,VA,2024-05-15,0,1,0,1,1,0,1,0,0,0,0,1,0,1
1944,1.27972547774466,0.1503623731730915,VA,2024-05-16,0,0,1,1,1,1,1,0,0,1,1,1,1,1
1945,0.959432445716526,0.3233219610678895,VA,2024-05-17,1,1,1,1,1,1,0,0,0,1,1,1,1,0
1946,1.88794822268404,0.54766956101983,VA,2024-05-18,1,0,0,1,0,1,0,0,0,0,1,0,1,0
1947,1.91496059342862,0.2066859463747825,VA,2024-05-19,0,0,1,1,1,1,1,0,0,1,1,1,1,1
1948,2.47296229258592,0.452062104675816,VA,2024-05-20,1,0,1,0,1,1,1,1,0,1,0,1,1,1
1949,3.30821768829447,0.195350478914211,VA,2024-05-21,0,0,1,1,1,1,1,0,0,1,0,1,1,1
1950,1.78822427134201,0.448027219590013,VA,2024-05-22,1,0,1,1,1,0,1,0,0,1,0,1,0,1
1951,0.652692530962234,0.330646551556288,VA,2024-05-23,1,1,1,1,1,1,1,0,0,1,1,1,1,1
1952,2.65826231990246,0.4139313861024665,VA,2024-05-24,1,0,1,0,1,1,1,0,0,1,0,1,1,1
1953,3.37891102857033,0.3603686915980105,VA,2024-05-25,0,0,1,0,1,1,1,0,0,1,0,1,1,1
1954,1.86466169650744,0.4009771109096925,VA,2024-05-26,1,0,0,1,1,1,1,0,0,0,0,1,1,1
1955,1.36166530036886,0.2697138299041395,VA,2024-05-27,1,1,1,1,1,1,1,0,1,1,0,1,0,1
1956,2.24059072799536,0.400629472600436,VA,2024-05-28,1,0,1,0,1,1,1,0,0,1,0,0,1,1
1957,1.93266711048639,0.3411976447358005,VA,2024-05-29,0,1,1,1,1,1,0,1,0,1,0,1,1,0
1958,2.22702022200851,0.411260604390113,VA,2024-05-30,1,1,1,1,1,0,1,0,0,1,0,1,0,1
1959,4.44935213908303,0.3750699650195355,VA,2024-05-31,0,0,1,1,1,0,1,0,0,1,0,1,0,1
1960,2.85426407894994,0.4322118706096545,VA,2024-06-01,0,0,1,0,1,1,1,0,0,1,0,1,1,1
1961,4.54971103675719,0.4636043502069405,VA,2024-06-02,0,0,1,1,1,0,0,0,0,1,0,1,0,0
1962,4.521288818873,0.3705044882184665,VA,2024-06-03,0,0,1,0,1,1,1,0,0,1,0,0,1,1
1963,6.25964524469192,0.444491988801512,VA,2024-06-04,0,0,1,0,1,1,1,0,0,1,0,0,0,1
1964,7.75508643175482,0.361626569825352,VA,2024-06-05,0,0,1,1,1,1,1,0,0,1,0,0,0,1
1965,3.98419498298895,0.3859301195446295,VA,2024-06-06,0,0,1,1,1,0,1,0,0,1,1,1,0,1
1966,2.25474646741169,0.3432942266998915,VA,2024-06-07,0,1,1,1,1,1,1,0,0,1,0,0,1,1
1967,0.946014366336356,0.450440847631638,VA,2024-06-08,1,1,1,1,1,1,1,0,0,1,0,1,1,1
1968,4.34447481755046,0.421253917355494,VA,2024-06-09,0,0,1,1,1,1,1,0,0,1,0,0,0,1
1969,7.74078426725733,0.416108929510061,VA,2024-06-10,0,0,1,1,1,1,0,0,0,1,0,1,1,0
1970,1.15471483711978,0.3813821801590875,VA,2024-06-11,1,1,1,1,1,1,1,0,0,1,1,1,1,1
1971,5.50069803489236,0.447554544763894,VA,2024-06-12,0,0,1,1,1,1,0,0,0,1,1,0,0,0
1972,5.38136630136209,0.335126880443649,VA,2024-06-13,0,1,1,0,1,1,0,0,0,1,0,1,0,0
1973,6.1326320681639,0.4176800122209335,VA,2024-06-14,0,0,1,0,1,1,0,0,0,1,1,1,0,0
1974,0.800300964055952,0.426002375647644,VA,2024-06-15,1,1,1,1,1,0,1,1,0,1,0,1,0,1
1975,0.584908106259275,0.3261918115622595,VT,2024-05-05,1,1,1,1,1,1,1,0,0,1,0,1,1,1
1976,0.301090621594482,0.0913867900773345,VT,2024-05-06,1,1,1,1,1,1,1,0,0,1,1,1,1,1
1977,0.101919670182414,0.0992171654410855,VT,2024-05-07,1,1,1,1,1,1,1,0,0,1,1,1,1,1
1978,NA,NA,VT,2024-05-08,NA,NA,NA,NA,NA,NA,NA,NA,NA,NA,NA,NA,NA,NA
1979,NA,NA,VT,2024-05-09,NA,NA,NA,NA,NA,NA,NA,NA,NA,NA,NA,NA,NA,NA
1980,1.12930058565012,0.450434033864699,VT,2024-05-10,1,1,1,1,1,0,1,0,0,1,1,1,0,1
1981,0.144465040681093,0.1350566912756555,VT,2024-05-11,1,1,1,1,1,1,1,0,0,1,1,1,1,1
1982,0.461381176824653,0.2988619289840035,VT,2024-05-12,1,1,1,1,1,1,1,1,1,1,0,1,0,1
1983,NA,NA,VT,2024-05-13,NA,NA,NA,NA,NA,NA,NA,NA,NA,NA,NA,NA,NA,NA
1984,0.195851126851912,0.166429728934158,VT,2024-05-14,1,1,1,1,1,1,1,0,0,1,1,1,1,1
1985,1.60757458527297,0.506200834392825,VT,2024-05-15,0,0,1,1,1,1,1,1,0,1,1,1,0,1
1986,NA,NA,VT,2024-05-16,NA,NA,NA,NA,NA,NA,NA,NA,NA,NA,NA,NA,NA,NA
1987,1.27280470243606,0.390830201148165,VT,2024-05-17,1,0,1,1,1,1,1,0,0,1,0,1,0,1
1988,0.75490876922041,0.487246557320382,VT,2024-05-18,1,0,1,1,1,1,1,0,0,1,1,1,1,1
1989,0.73990226626405,0.4820413804842395,VT,2024-05-19,1,0,1,1,1,1,1,1,0,1,1,1,0,1
1990,NA,NA,VT,2024-05-20,NA,NA,NA,NA,NA,NA,NA,NA,NA,NA,NA,NA,NA,NA
1991,0.78936881607243,0.325261795925406,VT,2024-05-21,1,1,1,1,1,1,1,0,1,1,1,1,0,1
1992,NA,NA,VT,2024-05-22,NA,NA,NA,NA,NA,NA,NA,NA,NA,NA,NA,NA,NA,NA
1993,0.333949151907341,0.277368249239153,VT,2024-05-23,1,1,1,1,1,1,1,0,1,1,1,1,0,1
1994,NA,NA,VT,2024-05-24,NA,NA,NA,NA,NA,NA,NA,NA,NA,NA,NA,NA,NA,NA
1995,NA,NA,VT,2024-05-25,NA,NA,NA,NA,NA,NA,NA,NA,NA,NA,NA,NA,NA,NA
1996,0.683631141108435,0.3890420527493105,VT,2024-05-26,1,1,1,1,1,1,1,1,0,0,1,1,1,1
1997,NA,NA,VT,2024-05-27,NA,NA,NA,NA,NA,NA,NA,NA,NA,NA,NA,NA,NA,NA
1998,0.426494368213993,0.3435933547916225,VT,2024-05-28,1,1,1,1,1,1,1,0,0,1,1,1,1,1
1999,1.00217026264207,0.356723304972264,VT,2024-05-29,0,1,1,1,1,1,1,0,0,1,0,1,1,1
2000,NA,NA,VT,2024-05-30,NA,NA,NA,NA,NA,NA,NA,NA,NA,NA,NA,NA,NA,NA
2001,1.43594085005251,0.4606199462583575,VT,2024-05-31,1,0,1,1,1,1,1,1,0,1,0,1,0,1
2002,0.687902538703781,0.4617636429185265,VT,2024-06-01,1,0,1,1,1,1,1,1,0,1,1,1,0,1
2003,0.514880028865564,0.407861110133913,VT,2024-06-02,1,1,1,1,1,1,1,0,1,1,1,1,0,1
2004,NA,NA,VT,2024-06-03,NA,NA,NA,NA,NA,NA,NA,NA,NA,NA,NA,NA,NA,NA
2005,0.902452750971275,0.65098038154797,VT,2024-06-04,1,1,1,1,1,1,0,1,1,1,1,0,1,0
2006,0.69166201331652,0.469587475216115,VT,2024-06-05,1,0,1,1,1,1,1,1,0,1,0,1,1,1
2007,NA,NA,VT,2024-06-06,NA,NA,NA,NA,NA,NA,NA,NA,NA,NA,NA,NA,NA,NA
2008,0.717822956035187,0.561049014692315,VT,2024-06-07,1,1,1,1,1,0,1,1,0,1,1,1,0,1
2009,1.43869413796018,0.4781997164347205,VT,2024-06-08,1,0,1,1,1,1,1,1,0,1,0,1,0,1
2010,NA,NA,VT,2024-06-09,NA,NA,NA,NA,NA,NA,NA,NA,NA,NA,NA,NA,NA,NA
2011,0.913594773904881,0.659668356291095,VT,2024-06-10,1,1,1,1,1,1,0,1,1,1,1,1,0,0
2012,0.705695480740496,0.555665571564705,VT,2024-06-11,1,1,1,1,1,0,1,1,0,1,1,1,0,1
2013,1.4129064039972,0.518731809142295,VT,2024-06-12,0,1,1,1,1,1,1,0,1,1,1,1,0,1
2014,0.903905612057483,0.4251246197517055,VT,2024-06-13,1,1,1,1,0,1,1,0,1,1,1,0,0,1
2015,1.32215887119172,0.5449426793068,VT,2024-06-14,1,1,1,0,0,1,1,0,1,1,0,0,0,1
2016,0.235363065825512,0.1430827124890105,VT,2024-06-15,1,1,1,1,1,1,1,1,1,1,0,1,0,1
2017,0.670127174484438,0.3552704000076875,WA,2024-05-05,1,0,1,1,1,1,1,0,0,1,1,1,1,1
2018,0.213092988868761,0.0702800456260555,WA,2024-05-06,1,1,1,1,1,1,1,1,1,1,1,1,1,1
2019,0.520479049038778,0.186420333715878,WA,2024-05-07,1,1,1,1,1,1,1,1,1,1,1,1,1,1
2020,3.1070817057707,0.4153346101146045,WA,2024-05-08,0,0,0,1,1,1,1,0,0,0,0,1,1,1
2021,3.52585143138702,0.4093597898927425,WA,2024-05-09,0,0,1,1,1,0,0,0,0,1,0,1,0,0
2022,0.991437474060371,0.099753108011321,WA,2024-05-10,0,1,1,1,1,1,1,0,1,1,0,1,1,1
2023,0.787551015928074,0.108258247680525,WA,2024-05-11,0,1,1,1,1,1,1,0,1,1,0,1,1,1
2024,0.110380924059314,0.1172122587642895,WA,2024-05-12,1,1,1,1,1,1,1,1,1,1,1,1,1,1
2025,0.87148897219402,0.126607131398044,WA,2024-05-13,0,1,1,1,1,1,1,0,1,1,0,1,1,1
2026,2.78201590578557,0.4053468848977255,WA,2024-05-14,0,1,1,0,1,0,1,0,1,1,0,1,0,1
2027,NA,NA,WA,2024-05-15,NA,NA,NA,NA,NA,NA,NA,NA,NA,NA,NA,NA,NA,NA
2028,0.893608119894568,0.303993322305154,WA,2024-05-16,1,1,1,1,1,1,1,0,1,1,0,1,0,1
2029,NA,NA,WA,2024-05-17,NA,NA,NA,NA,NA,NA,NA,NA,NA,NA,NA,NA,NA,NA
2030,0.606519126108947,0.30240069212424753,WA,2024-05-18,1,1,1,1,1,1,1,0,1,1,0,1,1,1
2031,0.769891802523825,0.417434914577419,WA,2024-05-19,1,1,1,1,1,1,1,1,1,1,1,1,1,1
2032,0.555677476473605,0.307571031946046,WA,2024-05-20,1,1,1,1,1,1,1,1,1,1,1,1,1,1
2033,1.45599000231385,0.324502973610288,WA,2024-05-21,1,1,1,1,1,1,1,0,0,1,0,1,1,1
2034,1.37828239565334,0.2283587296698635,WA,2024-05-22,0,1,1,1,1,1,1,0,0,1,0,1,1,1
2035,1.82075476928597,0.3910575830565245,WA,2024-05-23,1,1,1,0,1,1,0,0,0,1,0,1,1,0
2036,1.8842263506337,0.406003789241102,WA,2024-05-24,1,0,1,1,1,1,1,0,0,1,0,1,1,1
2037,1.69595348388374,0.4799068635466135,WA,2024-05-25,0,0,1,1,1,0,1,0,0,1,1,1,0,1
2038,NA,NA,WA,2024-05-26,NA,NA,NA,NA,NA,NA,NA,NA,NA,NA,NA,NA,NA,NA
2039,2.12843961602911,0.2938637863015725,WA,2024-05-27,0,1,1,1,1,1,1,0,1,1,0,1,1,1
2040,2.70115515134304,0.369049322577111,WA,2024-05-28,1,1,1,0,1,1,1,0,0,1,0,0,0,1
2041,1.72899498560525,0.4118629552400465,WA,2024-05-29,1,0,1,1,1,1,1,0,0,1,0,1,1,1
2042,1.45962865458207,0.4043544917976795,WA,2024-05-30,1,1,1,1,1,0,1,0,0,1,0,0,0,1
2043,2.27991777589225,0.4248338002620485,WA,2024-05-31,0,1,1,1,1,0,1,1,0,1,0,0,0,1
2044,0.383009507459461,0.360591814968998,WA,2024-06-01,1,1,1,1,1,1,1,0,1,1,0,1,1,1
2045,NA,NA,WA,2024-06-02,NA,NA,NA,NA,NA,NA,NA,NA,NA,NA,NA,NA,NA,NA
2046,3.14805318977038,0.4079511501388535,WA,2024-06-03,0,0,1,1,1,1,1,0,0,1,0,1,1,1
2047,1.12679240338434,0.4408375674691865,WA,2024-06-04,1,1,1,1,1,1,1,1,1,1,1,1,1,1
2048,1.98950794657265,0.397661121967734,WA,2024-06-05,0,1,1,1,1,0,1,0,1,1,0,1,0,1
2049,2.21179592567892,0.4338685519225195,WA,2024-06-06,0,0,1,1,1,1,1,0,0,1,0,0,1,1
2050,2.24160448244699,0.4916526722610995,WA,2024-06-07,1,1,1,1,1,1,0,0,1,1,0,1,0,0
2051,1.69747478258805,0.4712053331298165,WA,2024-06-08,1,1,0,0,1,1,1,0,0,0,1,1,0,1
2052,2.1584600092793,0.447189183986727,WA,2024-06-09,0,1,1,1,1,1,1,0,1,1,0,1,0,1
2053,3.50114515678016,0.4533266365643655,WA,2024-06-10,0,0,1,0,1,1,1,0,0,1,0,1,0,1
2054,4.10461349176912,0.4655466954063405,WA,2024-06-11,0,1,1,1,1,1,1,0,1,1,0,1,0,1
2055,4.39156877407435,0.4813628551541855,WA,2024-06-12,0,1,0,1,1,1,1,0,0,0,0,0,1,1
2056,1.69816183347906,0.499862792134746,WA,2024-06-13,0,1,1,1,1,1,1,0,1,1,0,0,1,1
2057,4.24017257337505,0.511685309314095,WA,2024-06-14,1,0,0,1,0,1,1,0,0,0,0,1,0,1
2058,1.89711789347216,0.563613036050075,WA,2024-06-15,1,1,1,1,1,1,0,1,1,1,0,1,1,0
2059,NA,NA,WI,2024-05-05,NA,NA,NA,NA,NA,NA,NA,NA,NA,NA,NA,NA,NA,NA
2060,NA,NA,WI,2024-05-06,NA,NA,NA,NA,NA,NA,NA,NA,NA,NA,NA,NA,NA,NA
2061,NA,NA,WI,2024-05-07,NA,NA,NA,NA,NA,NA,NA,NA,NA,NA,NA,NA,NA,NA
2062,NA,NA,WI,2024-05-08,NA,NA,NA,NA,NA,NA,NA,NA,NA,NA,NA,NA,NA,NA
2063,NA,NA,WI,2024-05-09,NA,NA,NA,NA,NA,NA,NA,NA,NA,NA,NA,NA,NA,NA
2064,NA,NA,WI,2024-05-10,NA,NA,NA,NA,NA,NA,NA,NA,NA,NA,NA,NA,NA,NA
2065,NA,NA,WI,2024-05-11,NA,NA,NA,NA,NA,NA,NA,NA,NA,NA,NA,NA,NA,NA
2066,NA,NA,WI,2024-05-12,NA,NA,NA,NA,NA,NA,NA,NA,NA,NA,NA,NA,NA,NA
2067,NA,NA,WI,2024-05-13,NA,NA,NA,NA,NA,NA,NA,NA,NA,NA,NA,NA,NA,NA
2068,NA,NA,WI,2024-05-14,NA,NA,NA,NA,NA,NA,NA,NA,NA,NA,NA,NA,NA,NA
2069,NA,NA,WI,2024-05-15,NA,NA,NA,NA,NA,NA,NA,NA,NA,NA,NA,NA,NA,NA
2070,NA,NA,WI,2024-05-16,NA,NA,NA,NA,NA,NA,NA,NA,NA,NA,NA,NA,NA,NA
2071,NA,NA,WI,2024-05-17,NA,NA,NA,NA,NA,NA,NA,NA,NA,NA,NA,NA,NA,NA
2072,NA,NA,WI,2024-05-18,NA,NA,NA,NA,NA,NA,NA,NA,NA,NA,NA,NA,NA,NA
2073,NA,NA,WI,2024-05-19,NA,NA,NA,NA,NA,NA,NA,NA,NA,NA,NA,NA,NA,NA
2074,NA,NA,WI,2024-05-20,NA,NA,NA,NA,NA,NA,NA,NA,NA,NA,NA,NA,NA,NA
2075,NA,NA,WI,2024-05-21,NA,NA,NA,NA,NA,NA,NA,NA,NA,NA,NA,NA,NA,NA
2076,NA,NA,WI,2024-05-22,NA,NA,NA,NA,NA,NA,NA,NA,NA,NA,NA,NA,NA,NA
2077,NA,NA,WI,2024-05-23,NA,NA,NA,NA,NA,NA,NA,NA,NA,NA,NA,NA,NA,NA
2078,NA,NA,WI,2024-05-24,NA,NA,NA,NA,NA,NA,NA,NA,NA,NA,NA,NA,NA,NA
2079,NA,NA,WI,2024-05-25,NA,NA,NA,NA,NA,NA,NA,NA,NA,NA,NA,NA,NA,NA
2080,NA,NA,WI,2024-05-26,NA,NA,NA,NA,NA,NA,NA,NA,NA,NA,NA,NA,NA,NA
2081,NA,NA,WI,2024-05-27,NA,NA,NA,NA,NA,NA,NA,NA,NA,NA,NA,NA,NA,NA
2082,NA,NA,WI,2024-05-28,NA,NA,NA,NA,NA,NA,NA,NA,NA,NA,NA,NA,NA,NA
2083,NA,NA,WI,2024-05-29,NA,NA,NA,NA,NA,NA,NA,NA,NA,NA,NA,NA,NA,NA
2084,NA,NA,WI,2024-05-30,NA,NA,NA,NA,NA,NA,NA,NA,NA,NA,NA,NA,NA,NA
2085,NA,NA,WI,2024-05-31,NA,NA,NA,NA,NA,NA,NA,NA,NA,NA,NA,NA,NA,NA
2086,NA,NA,WI,2024-06-01,NA,NA,NA,NA,NA,NA,NA,NA,NA,NA,NA,NA,NA,NA
2087,NA,NA,WI,2024-06-02,NA,NA,NA,NA,NA,NA,NA,NA,NA,NA,NA,NA,NA,NA
2088,0.323961707129601,0.1848161490207245,WI,2024-06-03,1,1,1,1,1,1,1,1,1,1,1,1,1,1
2089,NA,NA,WI,2024-06-04,NA,NA,NA,NA,NA,NA,NA,NA,NA,NA,NA,NA,NA,NA
2090,NA,NA,WI,2024-06-05,NA,NA,NA,NA,NA,NA,NA,NA,NA,NA,NA,NA,NA,NA
2091,NA,NA,WI,2024-06-06,NA,NA,NA,NA,NA,NA,NA,NA,NA,NA,NA,NA,NA,NA
2092,NA,NA,WI,2024-06-07,NA,NA,NA,NA,NA,NA,NA,NA,NA,NA,NA,NA,NA,NA
2093,NA,NA,WI,2024-06-08,NA,NA,NA,NA,NA,NA,NA,NA,NA,NA,NA,NA,NA,NA
2094,NA,NA,WI,2024-06-09,NA,NA,NA,NA,NA,NA,NA,NA,NA,NA,NA,NA,NA,NA
2095,NA,NA,WI,2024-06-10,NA,NA,NA,NA,NA,NA,NA,NA,NA,NA,NA,NA,NA,NA
2096,NA,NA,WI,2024-06-11,NA,NA,NA,NA,NA,NA,NA,NA,NA,NA,NA,NA,NA,NA
2097,NA,NA,WI,2024-06-12,NA,NA,NA,NA,NA,NA,NA,NA,NA,NA,NA,NA,NA,NA
2098,NA,NA,WI,2024-06-13,NA,NA,NA,NA,NA,NA,NA,NA,NA,NA,NA,NA,NA,NA
2099,NA,NA,WI,2024-06-14,NA,NA,NA,NA,NA,NA,NA,NA,NA,NA,NA,NA,NA,NA
2100,NA,NA,WI,2024-06-15,NA,NA,NA,NA,NA,NA,NA,NA,NA,NA,NA,NA,NA,NA
2101,NA,NA,WV,2024-05-05,NA,NA,NA,NA,NA,NA,NA,NA,NA,NA,NA,NA,NA,NA
2102,NA,NA,WV,2024-05-06,NA,NA,NA,NA,NA,NA,NA,NA,NA,NA,NA,NA,NA,NA
2103,0.569967564476445,0.51754521486856,WV,2024-05-07,1,1,1,1,1,1,1,0,0,1,1,1,1,1
2104,NA,NA,WV,2024-05-08,NA,NA,NA,NA,NA,NA,NA,NA,NA,NA,NA,NA,NA,NA
2105,NA,NA,WV,2024-05-09,NA,NA,NA,NA,NA,NA,NA,NA,NA,NA,NA,NA,NA,NA
2106,NA,NA,WV,2024-05-10,NA,NA,NA,NA,NA,NA,NA,NA,NA,NA,NA,NA,NA,NA
2107,NA,NA,WV,2024-05-11,NA,NA,NA,NA,NA,NA,NA,NA,NA,NA,NA,NA,NA,NA
2108,NA,NA,WV,2024-05-12,NA,NA,NA,NA,NA,NA,NA,NA,NA,NA,NA,NA,NA,NA
2109,NA,NA,WV,2024-05-13,NA,NA,NA,NA,NA,NA,NA,NA,NA,NA,NA,NA,NA,NA
2110,NA,NA,WV,2024-05-14,NA,NA,NA,NA,NA,NA,NA,NA,NA,NA,NA,NA,NA,NA
2111,NA,NA,WV,2024-05-15,NA,NA,NA,NA,NA,NA,NA,NA,NA,NA,NA,NA,NA,NA
2112,NA,NA,WV,2024-05-16,NA,NA,NA,NA,NA,NA,NA,NA,NA,NA,NA,NA,NA,NA
2113,NA,NA,WV,2024-05-17,NA,NA,NA,NA,NA,NA,NA,NA,NA,NA,NA,NA,NA,NA
2114,NA,NA,WV,2024-05-18,NA,NA,NA,NA,NA,NA,NA,NA,NA,NA,NA,NA,NA,NA
2115,NA,NA,WV,2024-05-19,NA,NA,NA,NA,NA,NA,NA,NA,NA,NA,NA,NA,NA,NA
2116,NA,NA,WV,2024-05-20,NA,NA,NA,NA,NA,NA,NA,NA,NA,NA,NA,NA,NA,NA
2117,NA,NA,WV,2024-05-21,NA,NA,NA,NA,NA,NA,NA,NA,NA,NA,NA,NA,NA,NA
2118,NA,NA,WV,2024-05-22,NA,NA,NA,NA,NA,NA,NA,NA,NA,NA,NA,NA,NA,NA
2119,NA,NA,WV,2024-05-23,NA,NA,NA,NA,NA,NA,NA,NA,NA,NA,NA,NA,NA,NA
2120,NA,NA,WV,2024-05-24,NA,NA,NA,NA,NA,NA,NA,NA,NA,NA,NA,NA,NA,NA
2121,NA,NA,WV,2024-05-25,NA,NA,NA,NA,NA,NA,NA,NA,NA,NA,NA,NA,NA,NA
2122,NA,NA,WV,2024-05-26,NA,NA,NA,NA,NA,NA,NA,NA,NA,NA,NA,NA,NA,NA
2123,NA,NA,WV,2024-05-27,NA,NA,NA,NA,NA,NA,NA,NA,NA,NA,NA,NA,NA,NA
2124,0.520391996988635,0.3017564035203175,WV,2024-05-28,1,1,1,1,1,1,1,0,0,1,1,1,1,1
2125,NA,NA,WV,2024-05-29,NA,NA,NA,NA,NA,NA,NA,NA,NA,NA,NA,NA,NA,NA
2126,NA,NA,WV,2024-05-30,NA,NA,NA,NA,NA,NA,NA,NA,NA,NA,NA,NA,NA,NA
2127,NA,NA,WV,2024-05-31,NA,NA,NA,NA,NA,NA,NA,NA,NA,NA,NA,NA,NA,NA
2128,NA,NA,WV,2024-06-01,NA,NA,NA,NA,NA,NA,NA,NA,NA,NA,NA,NA,NA,NA
2129,NA,NA,WV,2024-06-02,NA,NA,NA,NA,NA,NA,NA,NA,NA,NA,NA,NA,NA,NA
2130,NA,NA,WV,2024-06-03,NA,NA,NA,NA,NA,NA,NA,NA,NA,NA,NA,NA,NA,NA
2131,NA,NA,WV,2024-06-04,NA,NA,NA,NA,NA,NA,NA,NA,NA,NA,NA,NA,NA,NA
2132,NA,NA,WV,2024-06-05,NA,NA,NA,NA,NA,NA,NA,NA,NA,NA,NA,NA,NA,NA
2133,NA,NA,WV,2024-06-06,NA,NA,NA,NA,NA,NA,NA,NA,NA,NA,NA,NA,NA,NA
2134,NA,NA,WV,2024-06-07,NA,NA,NA,NA,NA,NA,NA,NA,NA,NA,NA,NA,NA,NA
2135,NA,NA,WV,2024-06-08,NA,NA,NA,NA,NA,NA,NA,NA,NA,NA,NA,NA,NA,NA
2136,NA,NA,WV,2024-06-09,NA,NA,NA,NA,NA,NA,NA,NA,NA,NA,NA,NA,NA,NA
2137,0.67983676970423,0.4202056813570625,WV,2024-06-10,0,1,1,1,1,1,1,0,1,1,0,1,1,1
2138,NA,NA,WV,2024-06-11,NA,NA,NA,NA,NA,NA,NA,NA,NA,NA,NA,NA,NA,NA
2139,NA,NA,WV,2024-06-12,NA,NA,NA,NA,NA,NA,NA,NA,NA,NA,NA,NA,NA,NA
2140,NA,NA,WV,2024-06-13,NA,NA,NA,NA,NA,NA,NA,NA,NA,NA,NA,NA,NA,NA
2141,NA,NA,WV,2024-06-14,NA,NA,NA,NA,NA,NA,NA,NA,NA,NA,NA,NA,NA,NA
2142,NA,NA,WV,2024-06-15,NA,NA,NA,NA,NA,NA,NA,NA,NA,NA,NA,NA,NA,NA
2143,NA,NA,WY,2024-05-05,NA,NA,NA,NA,NA,NA,NA,NA,NA,NA,NA,NA,NA,NA
2144,NA,NA,WY,2024-05-06,NA,NA,NA,NA,NA,NA,NA,NA,NA,NA,NA,NA,NA,NA
2145,NA,NA,WY,2024-05-07,NA,NA,NA,NA,NA,NA,NA,NA,NA,NA,NA,NA,NA,NA
2146,NA,NA,WY,2024-05-08,NA,NA,NA,NA,NA,NA,NA,NA,NA,NA,NA,NA,NA,NA
2147,NA,NA,WY,2024-05-09,NA,NA,NA,NA,NA,NA,NA,NA,NA,NA,NA,NA,NA,NA
2148,NA,NA,WY,2024-05-10,NA,NA,NA,NA,NA,NA,NA,NA,NA,NA,NA,NA,NA,NA
2149,NA,NA,WY,2024-05-11,NA,NA,NA,NA,NA,NA,NA,NA,NA,NA,NA,NA,NA,NA
2150,NA,NA,WY,2024-05-12,NA,NA,NA,NA,NA,NA,NA,NA,NA,NA,NA,NA,NA,NA
2151,NA,NA,WY,2024-05-13,NA,NA,NA,NA,NA,NA,NA,NA,NA,NA,NA,NA,NA,NA
2152,NA,NA,WY,2024-05-14,NA,NA,NA,NA,NA,NA,NA,NA,NA,NA,NA,NA,NA,NA
2153,NA,NA,WY,2024-05-15,NA,NA,NA,NA,NA,NA,NA,NA,NA,NA,NA,NA,NA,NA
2154,NA,NA,WY,2024-05-16,NA,NA,NA,NA,NA,NA,NA,NA,NA,NA,NA,NA,NA,NA
2155,NA,NA,WY,2024-05-17,NA,NA,NA,NA,NA,NA,NA,NA,NA,NA,NA,NA,NA,NA
2156,NA,NA,WY,2024-05-18,NA,NA,NA,NA,NA,NA,NA,NA,NA,NA,NA,NA,NA,NA
2157,NA,NA,WY,2024-05-19,NA,NA,NA,NA,NA,NA,NA,NA,NA,NA,NA,NA,NA,NA
2158,NA,NA,WY,2024-05-20,NA,NA,NA,NA,NA,NA,NA,NA,NA,NA,NA,NA,NA,NA
2159,NA,NA,WY,2024-05-21,NA,NA,NA,NA,NA,NA,NA,NA,NA,NA,NA,NA,NA,NA
2160,NA,NA,WY,2024-05-22,NA,NA,NA,NA,NA,NA,NA,NA,NA,NA,NA,NA,NA,NA
2161,NA,NA,WY,2024-05-23,NA,NA,NA,NA,NA,NA,NA,NA,NA,NA,NA,NA,NA,NA
2162,NA,NA,WY,2024-05-24,NA,NA,NA,NA,NA,NA,NA,NA,NA,NA,NA,NA,NA,NA
2163,NA,NA,WY,2024-05-25,NA,NA,NA,NA,NA,NA,NA,NA,NA,NA,NA,NA,NA,NA
2164,NA,NA,WY,2024-05-26,NA,NA,NA,NA,NA,NA,NA,NA,NA,NA,NA,NA,NA,NA
2165,NA,NA,WY,2024-05-27,NA,NA,NA,NA,NA,NA,NA,NA,NA,NA,NA,NA,NA,NA
2166,NA,NA,WY,2024-05-28,NA,NA,NA,NA,NA,NA,NA,NA,NA,NA,NA,NA,NA,NA
2167,NA,NA,WY,2024-05-29,NA,NA,NA,NA,NA,NA,NA,NA,NA,NA,NA,NA,NA,NA
2168,NA,NA,WY,2024-05-30,NA,NA,NA,NA,NA,NA,NA,NA,NA,NA,NA,NA,NA,NA
2169,NA,NA,WY,2024-05-31,NA,NA,NA,NA,NA,NA,NA,NA,NA,NA,NA,NA,NA,NA
2170,NA,NA,WY,2024-06-01,NA,NA,NA,NA,NA,NA,NA,NA,NA,NA,NA,NA,NA,NA
2171,NA,NA,WY,2024-06-02,NA,NA,NA,NA,NA,NA,NA,NA,NA,NA,NA,NA,NA,NA
2172,NA,NA,WY,2024-06-03,NA,NA,NA,NA,NA,NA,NA,NA,NA,NA,NA,NA,NA,NA
2173,NA,NA,WY,2024-06-04,NA,NA,NA,NA,NA,NA,NA,NA,NA,NA,NA,NA,NA,NA
2174,NA,NA,WY,2024-06-05,NA,NA,NA,NA,NA,NA,NA,NA,NA,NA,NA,NA,NA,NA
2175,NA,NA,WY,2024-06-06,NA,NA,NA,NA,NA,NA,NA,NA,NA,NA,NA,NA,NA,NA
2176,NA,NA,WY,2024-06-07,NA,NA,NA,NA,NA,NA,NA,NA,NA,NA,NA,NA,NA,NA
2177,NA,NA,WY,2024-06-08,NA,NA,NA,NA,NA,NA,NA,NA,NA,NA,NA,NA,NA,NA
2178,NA,NA,WY,2024-06-09,NA,NA,NA,NA,NA,NA,NA,NA,NA,NA,NA,NA,NA,NA
2179,NA,NA,WY,2024-06-10,NA,NA,NA,NA,NA,NA,NA,NA,NA,NA,NA,NA,NA,NA
2180,NA,NA,WY,2024-06-11,NA,NA,NA,NA,NA,NA,NA,NA,NA,NA,NA,NA,NA,NA
2181,NA,NA,WY,2024-06-12,NA,NA,NA,NA,NA,NA,NA,NA,NA,NA,NA,NA,NA,NA
2182,NA,NA,WY,2024-06-13,NA,NA,NA,NA,NA,NA,NA,NA,NA,NA,NA,NA,NA,NA
2183,NA,NA,WY,2024-06-14,NA,NA,NA,NA,NA,NA,NA,NA,NA,NA,NA,NA,NA,NA
2184,NA,NA,WY,2024-06-15,NA,NA,NA,NA,NA,NA,NA,NA,NA,NA,NA,NA,NA,NA
