"","es_score","brier_score","location","target_date","X22F_50_CI","X23A_50_CI","X23B_50_CI","X23D_50_CI","X23E_50_CI","X23F_50_CI","X23H_50_CI","X23I_50_CI","X24A_50_CI","other_50_CI","X22F_95_CI","X23A_95_CI","X23B_95_CI","X23D_95_CI","X23E_95_CI","X23F_95_CI","X23H_95_CI","X23I_95_CI","X24A_95_CI","other_95_CI"
"1",NA,NA,"AK",2023-11-26,NA,NA,NA,NA,NA,NA,NA,NA,NA,NA,NA,NA,NA,NA,NA,NA,NA,NA,NA,NA
"2",NA,NA,"AK",2023-11-27,NA,NA,NA,NA,NA,NA,NA,NA,NA,NA,NA,NA,NA,NA,NA,NA,NA,NA,NA,NA
"3",NA,NA,"AK",2023-11-28,NA,NA,NA,NA,NA,NA,NA,NA,NA,NA,NA,NA,NA,NA,NA,NA,NA,NA,NA,NA
"4",NA,NA,"AK",2023-11-29,NA,NA,NA,NA,NA,NA,NA,NA,NA,NA,NA,NA,NA,NA,NA,NA,NA,NA,NA,NA
"5",0.675897393010871,0.532354425394653,"AK",2023-11-30,1,1,0,1,1,1,1,1,1,1,1,1,0,1,1,1,0,1,1,1
"6",NA,NA,"AK",2023-12-01,NA,NA,NA,NA,NA,NA,NA,NA,NA,NA,NA,NA,NA,NA,NA,NA,NA,NA,NA,NA
"7",NA,NA,"AK",2023-12-02,NA,NA,NA,NA,NA,NA,NA,NA,NA,NA,NA,NA,NA,NA,NA,NA,NA,NA,NA,NA
"8",NA,NA,"AK",2023-12-03,NA,NA,NA,NA,NA,NA,NA,NA,NA,NA,NA,NA,NA,NA,NA,NA,NA,NA,NA,NA
"9",NA,NA,"AK",2023-12-04,NA,NA,NA,NA,NA,NA,NA,NA,NA,NA,NA,NA,NA,NA,NA,NA,NA,NA,NA,NA
"10",NA,NA,"AK",2023-12-05,NA,NA,NA,NA,NA,NA,NA,NA,NA,NA,NA,NA,NA,NA,NA,NA,NA,NA,NA,NA
"11",0.308353965461336,0.18210420680526,"AK",2023-12-06,1,1,1,1,1,1,1,1,1,1,1,1,1,1,1,0,1,1,0,1
"12",NA,NA,"AK",2023-12-07,NA,NA,NA,NA,NA,NA,NA,NA,NA,NA,NA,NA,NA,NA,NA,NA,NA,NA,NA,NA
"13",NA,NA,"AK",2023-12-08,NA,NA,NA,NA,NA,NA,NA,NA,NA,NA,NA,NA,NA,NA,NA,NA,NA,NA,NA,NA
"14",NA,NA,"AK",2023-12-09,NA,NA,NA,NA,NA,NA,NA,NA,NA,NA,NA,NA,NA,NA,NA,NA,NA,NA,NA,NA
"15",NA,NA,"AK",2023-12-10,NA,NA,NA,NA,NA,NA,NA,NA,NA,NA,NA,NA,NA,NA,NA,NA,NA,NA,NA,NA
"16",NA,NA,"AK",2023-12-11,NA,NA,NA,NA,NA,NA,NA,NA,NA,NA,NA,NA,NA,NA,NA,NA,NA,NA,NA,NA
"17",NA,NA,"AK",2023-12-12,NA,NA,NA,NA,NA,NA,NA,NA,NA,NA,NA,NA,NA,NA,NA,NA,NA,NA,NA,NA
"18",NA,NA,"AK",2023-12-13,NA,NA,NA,NA,NA,NA,NA,NA,NA,NA,NA,NA,NA,NA,NA,NA,NA,NA,NA,NA
"19",NA,NA,"AK",2023-12-14,NA,NA,NA,NA,NA,NA,NA,NA,NA,NA,NA,NA,NA,NA,NA,NA,NA,NA,NA,NA
"20",NA,NA,"AK",2023-12-15,NA,NA,NA,NA,NA,NA,NA,NA,NA,NA,NA,NA,NA,NA,NA,NA,NA,NA,NA,NA
"21",NA,NA,"AK",2023-12-16,NA,NA,NA,NA,NA,NA,NA,NA,NA,NA,NA,NA,NA,NA,NA,NA,NA,NA,NA,NA
"22",NA,NA,"AK",2023-12-17,NA,NA,NA,NA,NA,NA,NA,NA,NA,NA,NA,NA,NA,NA,NA,NA,NA,NA,NA,NA
"23",NA,NA,"AK",2023-12-18,NA,NA,NA,NA,NA,NA,NA,NA,NA,NA,NA,NA,NA,NA,NA,NA,NA,NA,NA,NA
"24",NA,NA,"AK",2023-12-19,NA,NA,NA,NA,NA,NA,NA,NA,NA,NA,NA,NA,NA,NA,NA,NA,NA,NA,NA,NA
"25",NA,NA,"AK",2023-12-20,NA,NA,NA,NA,NA,NA,NA,NA,NA,NA,NA,NA,NA,NA,NA,NA,NA,NA,NA,NA
"26",0.255419343573499,0.272904113845448,"AK",2023-12-21,1,1,1,1,1,1,1,1,1,1,1,1,0,1,1,1,1,1,0,1
"27",NA,NA,"AK",2023-12-22,NA,NA,NA,NA,NA,NA,NA,NA,NA,NA,NA,NA,NA,NA,NA,NA,NA,NA,NA,NA
"28",NA,NA,"AK",2023-12-23,NA,NA,NA,NA,NA,NA,NA,NA,NA,NA,NA,NA,NA,NA,NA,NA,NA,NA,NA,NA
"29",NA,NA,"AK",2023-12-24,NA,NA,NA,NA,NA,NA,NA,NA,NA,NA,NA,NA,NA,NA,NA,NA,NA,NA,NA,NA
"30",NA,NA,"AK",2023-12-25,NA,NA,NA,NA,NA,NA,NA,NA,NA,NA,NA,NA,NA,NA,NA,NA,NA,NA,NA,NA
"31",NA,NA,"AK",2023-12-26,NA,NA,NA,NA,NA,NA,NA,NA,NA,NA,NA,NA,NA,NA,NA,NA,NA,NA,NA,NA
"32",NA,NA,"AK",2023-12-27,NA,NA,NA,NA,NA,NA,NA,NA,NA,NA,NA,NA,NA,NA,NA,NA,NA,NA,NA,NA
"33",NA,NA,"AK",2023-12-28,NA,NA,NA,NA,NA,NA,NA,NA,NA,NA,NA,NA,NA,NA,NA,NA,NA,NA,NA,NA
"34",NA,NA,"AK",2023-12-29,NA,NA,NA,NA,NA,NA,NA,NA,NA,NA,NA,NA,NA,NA,NA,NA,NA,NA,NA,NA
"35",NA,NA,"AK",2023-12-30,NA,NA,NA,NA,NA,NA,NA,NA,NA,NA,NA,NA,NA,NA,NA,NA,NA,NA,NA,NA
"36",NA,NA,"AK",2023-12-31,NA,NA,NA,NA,NA,NA,NA,NA,NA,NA,NA,NA,NA,NA,NA,NA,NA,NA,NA,NA
"37",NA,NA,"AK",2024-01-01,NA,NA,NA,NA,NA,NA,NA,NA,NA,NA,NA,NA,NA,NA,NA,NA,NA,NA,NA,NA
"38",NA,NA,"AK",2024-01-02,NA,NA,NA,NA,NA,NA,NA,NA,NA,NA,NA,NA,NA,NA,NA,NA,NA,NA,NA,NA
"39",NA,NA,"AK",2024-01-03,NA,NA,NA,NA,NA,NA,NA,NA,NA,NA,NA,NA,NA,NA,NA,NA,NA,NA,NA,NA
"40",0.0886787845819105,0.128212682154179,"AK",2024-01-04,1,1,1,1,1,1,1,1,1,1,1,1,1,1,1,1,1,1,1,1
"41",0.844327566341417,0.306466038542791,"AK",2024-01-05,1,1,1,0,1,1,1,1,1,1,1,1,1,0,1,1,1,1,0,1
"42",NA,NA,"AK",2024-01-06,NA,NA,NA,NA,NA,NA,NA,NA,NA,NA,NA,NA,NA,NA,NA,NA,NA,NA,NA,NA
"43",NA,NA,"AL",2023-11-26,NA,NA,NA,NA,NA,NA,NA,NA,NA,NA,NA,NA,NA,NA,NA,NA,NA,NA,NA,NA
"44",0.227111228680424,0.148389143664218,"AL",2023-11-27,1,1,1,1,1,1,1,1,1,1,1,1,0,1,1,0,1,1,1,1
"45",NA,NA,"AL",2023-11-28,NA,NA,NA,NA,NA,NA,NA,NA,NA,NA,NA,NA,NA,NA,NA,NA,NA,NA,NA,NA
"46",NA,NA,"AL",2023-11-29,NA,NA,NA,NA,NA,NA,NA,NA,NA,NA,NA,NA,NA,NA,NA,NA,NA,NA,NA,NA
"47",NA,NA,"AL",2023-11-30,NA,NA,NA,NA,NA,NA,NA,NA,NA,NA,NA,NA,NA,NA,NA,NA,NA,NA,NA,NA
"48",0.21861314867575,0.148408674655712,"AL",2023-12-01,1,1,1,1,1,1,1,1,1,1,1,1,1,1,1,1,1,1,1,1
"49",NA,NA,"AL",2023-12-02,NA,NA,NA,NA,NA,NA,NA,NA,NA,NA,NA,NA,NA,NA,NA,NA,NA,NA,NA,NA
"50",0.638596930333921,0.472069145187191,"AL",2023-12-03,1,1,0,1,1,1,1,1,1,1,1,1,0,1,1,0,1,1,1,1
"51",NA,NA,"AL",2023-12-04,NA,NA,NA,NA,NA,NA,NA,NA,NA,NA,NA,NA,NA,NA,NA,NA,NA,NA,NA,NA
"52",NA,NA,"AL",2023-12-05,NA,NA,NA,NA,NA,NA,NA,NA,NA,NA,NA,NA,NA,NA,NA,NA,NA,NA,NA,NA
"53",NA,NA,"AL",2023-12-06,NA,NA,NA,NA,NA,NA,NA,NA,NA,NA,NA,NA,NA,NA,NA,NA,NA,NA,NA,NA
"54",0.67819843147211,0.481755775581745,"AL",2023-12-07,1,1,0,1,1,1,1,1,1,1,1,1,0,1,1,1,0,1,1,1
"55",NA,NA,"AL",2023-12-08,NA,NA,NA,NA,NA,NA,NA,NA,NA,NA,NA,NA,NA,NA,NA,NA,NA,NA,NA,NA
"56",NA,NA,"AL",2023-12-09,NA,NA,NA,NA,NA,NA,NA,NA,NA,NA,NA,NA,NA,NA,NA,NA,NA,NA,NA,NA
"57",NA,NA,"AL",2023-12-10,NA,NA,NA,NA,NA,NA,NA,NA,NA,NA,NA,NA,NA,NA,NA,NA,NA,NA,NA,NA
"58",0.251161174834521,0.166400563341278,"AL",2023-12-11,1,1,1,1,1,1,1,1,1,1,1,1,1,1,1,1,1,1,1,1
"59",NA,NA,"AL",2023-12-12,NA,NA,NA,NA,NA,NA,NA,NA,NA,NA,NA,NA,NA,NA,NA,NA,NA,NA,NA,NA
"60",NA,NA,"AL",2023-12-13,NA,NA,NA,NA,NA,NA,NA,NA,NA,NA,NA,NA,NA,NA,NA,NA,NA,NA,NA,NA
"61",NA,NA,"AL",2023-12-14,NA,NA,NA,NA,NA,NA,NA,NA,NA,NA,NA,NA,NA,NA,NA,NA,NA,NA,NA,NA
"62",0.847332476675874,0.405946804929304,"AL",2023-12-15,0,1,1,1,1,1,1,1,1,1,0,1,1,1,1,1,1,1,0,1
"63",NA,NA,"AL",2023-12-16,NA,NA,NA,NA,NA,NA,NA,NA,NA,NA,NA,NA,NA,NA,NA,NA,NA,NA,NA,NA
"64",NA,NA,"AL",2023-12-17,NA,NA,NA,NA,NA,NA,NA,NA,NA,NA,NA,NA,NA,NA,NA,NA,NA,NA,NA,NA
"65",0.881392028044922,0.61733323639297,"AL",2023-12-18,1,0,1,1,1,1,1,1,1,1,1,0,1,1,1,0,1,1,1,1
"66",NA,NA,"AL",2023-12-19,NA,NA,NA,NA,NA,NA,NA,NA,NA,NA,NA,NA,NA,NA,NA,NA,NA,NA,NA,NA
"67",NA,NA,"AL",2023-12-20,NA,NA,NA,NA,NA,NA,NA,NA,NA,NA,NA,NA,NA,NA,NA,NA,NA,NA,NA,NA
"68",NA,NA,"AL",2023-12-21,NA,NA,NA,NA,NA,NA,NA,NA,NA,NA,NA,NA,NA,NA,NA,NA,NA,NA,NA,NA
"69",NA,NA,"AL",2023-12-22,NA,NA,NA,NA,NA,NA,NA,NA,NA,NA,NA,NA,NA,NA,NA,NA,NA,NA,NA,NA
"70",NA,NA,"AL",2023-12-23,NA,NA,NA,NA,NA,NA,NA,NA,NA,NA,NA,NA,NA,NA,NA,NA,NA,NA,NA,NA
"71",NA,NA,"AL",2023-12-24,NA,NA,NA,NA,NA,NA,NA,NA,NA,NA,NA,NA,NA,NA,NA,NA,NA,NA,NA,NA
"72",NA,NA,"AL",2023-12-25,NA,NA,NA,NA,NA,NA,NA,NA,NA,NA,NA,NA,NA,NA,NA,NA,NA,NA,NA,NA
"73",NA,NA,"AL",2023-12-26,NA,NA,NA,NA,NA,NA,NA,NA,NA,NA,NA,NA,NA,NA,NA,NA,NA,NA,NA,NA
"74",NA,NA,"AL",2023-12-27,NA,NA,NA,NA,NA,NA,NA,NA,NA,NA,NA,NA,NA,NA,NA,NA,NA,NA,NA,NA
"75",0.472604066004966,0.308161056525343,"AL",2023-12-28,1,1,1,1,1,1,1,1,1,1,1,1,1,1,1,0,0,1,1,1
"76",NA,NA,"AL",2023-12-29,NA,NA,NA,NA,NA,NA,NA,NA,NA,NA,NA,NA,NA,NA,NA,NA,NA,NA,NA,NA
"77",NA,NA,"AL",2023-12-30,NA,NA,NA,NA,NA,NA,NA,NA,NA,NA,NA,NA,NA,NA,NA,NA,NA,NA,NA,NA
"78",NA,NA,"AL",2023-12-31,NA,NA,NA,NA,NA,NA,NA,NA,NA,NA,NA,NA,NA,NA,NA,NA,NA,NA,NA,NA
"79",NA,NA,"AL",2024-01-01,NA,NA,NA,NA,NA,NA,NA,NA,NA,NA,NA,NA,NA,NA,NA,NA,NA,NA,NA,NA
"80",0.212357360860449,0.165468187191949,"AL",2024-01-02,1,1,1,1,1,1,1,1,1,1,1,1,1,1,1,1,1,1,1,1
"81",1.18008693942543,0.537151417362557,"AL",2024-01-03,1,0,1,1,1,1,1,1,0,1,1,0,1,1,1,1,1,1,0,1
"82",0.18122636257128,0.142485049013348,"AL",2024-01-04,1,1,1,1,1,1,1,1,1,1,1,1,1,1,1,0,1,1,0,1
"83",NA,NA,"AL",2024-01-05,NA,NA,NA,NA,NA,NA,NA,NA,NA,NA,NA,NA,NA,NA,NA,NA,NA,NA,NA,NA
"84",NA,NA,"AL",2024-01-06,NA,NA,NA,NA,NA,NA,NA,NA,NA,NA,NA,NA,NA,NA,NA,NA,NA,NA,NA,NA
"85",NA,NA,"AR",2023-11-26,NA,NA,NA,NA,NA,NA,NA,NA,NA,NA,NA,NA,NA,NA,NA,NA,NA,NA,NA,NA
"86",0.349373682286745,0.237118133558762,"AR",2023-11-27,1,1,1,1,1,1,1,1,1,1,1,1,0,1,1,0,1,1,1,1
"87",1.26227330799145,0.503554501222547,"AR",2023-11-28,1,1,0,0,1,1,1,1,1,0,1,1,0,0,1,0,1,1,0,0
"88",0.884058348630184,0.241342885299655,"AR",2023-11-29,1,1,0,1,1,1,1,1,1,1,1,1,0,1,1,0,1,1,1,1
"89",NA,NA,"AR",2023-11-30,NA,NA,NA,NA,NA,NA,NA,NA,NA,NA,NA,NA,NA,NA,NA,NA,NA,NA,NA,NA
"90",0.739469417970252,0.529836469909974,"AR",2023-12-01,1,1,1,1,1,1,1,1,0,1,1,1,1,1,1,0,1,1,0,1
"91",NA,NA,"AR",2023-12-02,NA,NA,NA,NA,NA,NA,NA,NA,NA,NA,NA,NA,NA,NA,NA,NA,NA,NA,NA,NA
"92",NA,NA,"AR",2023-12-03,NA,NA,NA,NA,NA,NA,NA,NA,NA,NA,NA,NA,NA,NA,NA,NA,NA,NA,NA,NA
"93",NA,NA,"AR",2023-12-04,NA,NA,NA,NA,NA,NA,NA,NA,NA,NA,NA,NA,NA,NA,NA,NA,NA,NA,NA,NA
"94",0.426982710357007,0.318772062082372,"AR",2023-12-05,1,1,1,1,1,1,1,1,1,1,1,1,1,1,1,1,1,1,1,1
"95",NA,NA,"AR",2023-12-06,NA,NA,NA,NA,NA,NA,NA,NA,NA,NA,NA,NA,NA,NA,NA,NA,NA,NA,NA,NA
"96",1.65938507429945,0.593811494392987,"AR",2023-12-07,1,1,1,1,1,1,0,1,1,1,1,1,1,1,1,0,0,1,1,1
"97",NA,NA,"AR",2023-12-08,NA,NA,NA,NA,NA,NA,NA,NA,NA,NA,NA,NA,NA,NA,NA,NA,NA,NA,NA,NA
"98",NA,NA,"AR",2023-12-09,NA,NA,NA,NA,NA,NA,NA,NA,NA,NA,NA,NA,NA,NA,NA,NA,NA,NA,NA,NA
"99",0.46212116565068,0.328714443354762,"AR",2023-12-10,1,1,1,1,1,1,1,1,1,1,1,1,1,1,1,0,1,1,0,1
"100",NA,NA,"AR",2023-12-11,NA,NA,NA,NA,NA,NA,NA,NA,NA,NA,NA,NA,NA,NA,NA,NA,NA,NA,NA,NA
"101",0.972748627259477,0.496636882779333,"AR",2023-12-12,1,1,1,1,1,1,0,1,1,1,1,1,1,1,1,0,1,1,0,1
"102",0.824781002660243,0.588206157512803,"AR",2023-12-13,1,1,1,1,1,1,0,1,1,1,1,1,1,1,1,0,0,1,1,1
"103",2.13121095103023,0.389576133712202,"AR",2023-12-14,1,1,0,0,1,0,1,1,1,1,1,1,1,0,0,0,1,1,0,1
"104",0.457573479096235,0.362624018101585,"AR",2023-12-15,1,1,1,1,1,1,1,1,1,1,1,1,1,1,1,1,1,1,1,1
"105",NA,NA,"AR",2023-12-16,NA,NA,NA,NA,NA,NA,NA,NA,NA,NA,NA,NA,NA,NA,NA,NA,NA,NA,NA,NA
"106",NA,NA,"AR",2023-12-17,NA,NA,NA,NA,NA,NA,NA,NA,NA,NA,NA,NA,NA,NA,NA,NA,NA,NA,NA,NA
"107",1.76781902821105,0.483082154823392,"AR",2023-12-18,0,1,1,1,1,1,1,1,0,1,0,1,0,1,1,0,1,1,0,1
"108",1.10175668541981,0.36232563791824,"AR",2023-12-19,1,1,1,1,1,0,1,1,1,1,1,1,0,1,1,0,1,1,0,1
"109",NA,NA,"AR",2023-12-20,NA,NA,NA,NA,NA,NA,NA,NA,NA,NA,NA,NA,NA,NA,NA,NA,NA,NA,NA,NA
"110",2.10078368424466,0.442443255269262,"AR",2023-12-21,1,1,1,0,1,0,1,1,0,1,1,1,0,0,1,0,1,1,0,0
"111",1.29465660540554,0.39795811219264,"AR",2023-12-22,1,1,1,1,1,0,1,1,1,1,1,1,1,1,1,0,0,1,0,1
"112",NA,NA,"AR",2023-12-23,NA,NA,NA,NA,NA,NA,NA,NA,NA,NA,NA,NA,NA,NA,NA,NA,NA,NA,NA,NA
"113",NA,NA,"AR",2023-12-24,NA,NA,NA,NA,NA,NA,NA,NA,NA,NA,NA,NA,NA,NA,NA,NA,NA,NA,NA,NA
"114",NA,NA,"AR",2023-12-25,NA,NA,NA,NA,NA,NA,NA,NA,NA,NA,NA,NA,NA,NA,NA,NA,NA,NA,NA,NA
"115",NA,NA,"AR",2023-12-26,NA,NA,NA,NA,NA,NA,NA,NA,NA,NA,NA,NA,NA,NA,NA,NA,NA,NA,NA,NA
"116",0.800694735872355,0.407179423386866,"AR",2023-12-27,1,1,1,1,1,1,0,1,1,1,1,1,0,1,1,1,0,1,1,1
"117",1.93567536424119,0.391207624102681,"AR",2023-12-28,1,1,1,1,1,0,1,1,1,1,1,1,0,1,1,0,1,1,1,1
"118",NA,NA,"AR",2023-12-29,NA,NA,NA,NA,NA,NA,NA,NA,NA,NA,NA,NA,NA,NA,NA,NA,NA,NA,NA,NA
"119",NA,NA,"AR",2023-12-30,NA,NA,NA,NA,NA,NA,NA,NA,NA,NA,NA,NA,NA,NA,NA,NA,NA,NA,NA,NA
"120",NA,NA,"AR",2023-12-31,NA,NA,NA,NA,NA,NA,NA,NA,NA,NA,NA,NA,NA,NA,NA,NA,NA,NA,NA,NA
"121",NA,NA,"AR",2024-01-01,NA,NA,NA,NA,NA,NA,NA,NA,NA,NA,NA,NA,NA,NA,NA,NA,NA,NA,NA,NA
"122",0.133471199006156,0.125162030961409,"AR",2024-01-02,1,1,1,1,1,1,1,1,1,1,1,1,1,1,1,0,1,1,0,1
"123",0.590901668447586,0.11561475525899,"AR",2024-01-03,1,1,1,1,1,1,1,1,1,1,1,1,0,1,1,0,0,1,0,1
"124",1.22001823261783,0.337634692665841,"AR",2024-01-04,1,1,1,0,1,1,0,1,1,1,1,1,1,0,1,0,0,1,1,0
"125",0.0965388987036315,0.0980928516358836,"AR",2024-01-05,1,1,1,1,1,1,1,1,1,1,1,1,1,1,1,0,1,1,0,1
"126",NA,NA,"AR",2024-01-06,NA,NA,NA,NA,NA,NA,NA,NA,NA,NA,NA,NA,NA,NA,NA,NA,NA,NA,NA,NA
"127",4.05930857233582,0.466961916726061,"AZ",2023-11-26,0,1,1,0,1,0,1,1,0,1,0,1,0,0,0,0,0,1,0,0
"128",2.03637727317684,0.323028633544311,"AZ",2023-11-27,1,1,1,0,1,1,1,1,1,0,1,1,0,0,0,0,0,1,0,0
"129",3.90234522465513,0.351897938715752,"AZ",2023-11-28,1,0,0,1,1,1,1,1,0,1,1,0,0,0,0,0,0,1,0,0
"130",2.60675902643042,0.337785471291256,"AZ",2023-11-29,1,0,1,1,1,1,1,1,1,1,1,0,0,0,0,0,1,1,0,0
"131",0.786533187909315,0.346043049032995,"AZ",2023-11-30,1,1,1,1,1,1,0,1,1,1,1,1,0,1,1,0,0,1,1,0
"132",1.06208251506048,0.328475555686258,"AZ",2023-12-01,1,1,1,1,1,1,1,0,1,1,1,1,1,0,1,0,0,0,0,1
"133",1.31514364752387,0.32639192072044,"AZ",2023-12-02,1,1,1,1,1,1,1,1,0,0,1,1,0,0,1,1,1,1,0,0
"134",2.29214909474836,0.329881761364251,"AZ",2023-12-03,1,1,1,0,0,1,1,1,1,1,1,0,0,0,0,0,1,1,0,0
"135",2.54740759812723,0.366326979354226,"AZ",2023-12-04,1,1,1,1,1,1,0,1,0,1,1,0,0,1,0,0,0,0,0,1
"136",3.97218155578664,0.303255764738781,"AZ",2023-12-05,1,1,0,1,1,0,1,0,1,1,1,0,0,1,1,0,0,0,0,0
"137",2.74591939278081,0.404738289336156,"AZ",2023-12-06,1,0,1,1,1,1,1,0,1,1,1,0,0,1,0,0,1,0,0,0
"138",1.64945291116724,0.300774277355852,"AZ",2023-12-07,1,1,1,1,1,0,1,1,1,1,1,0,1,1,1,1,0,1,0,0
"139",0.745840841033193,0.295397765423605,"AZ",2023-12-08,1,1,1,1,1,1,1,1,1,1,1,1,1,0,1,0,1,1,1,1
"140",1.10009627177613,0.181505060687872,"AZ",2023-12-09,1,1,1,1,1,0,1,1,1,1,1,0,1,1,1,0,1,1,1,1
"141",1.0778736480603,0.452533279696586,"AZ",2023-12-10,1,1,1,0,1,1,1,0,1,1,1,1,0,0,1,1,1,0,1,1
"142",1.87180530770295,0.397488778279501,"AZ",2023-12-11,1,1,0,1,0,1,1,1,1,1,1,0,0,0,0,0,0,1,0,1
"143",3.72344791997417,0.472436729602957,"AZ",2023-12-12,1,1,1,0,1,0,0,1,0,1,1,1,0,0,1,0,0,1,0,0
"144",2.97999398210249,0.422030051044822,"AZ",2023-12-13,0,1,0,0,1,1,1,1,0,1,0,0,0,0,1,0,1,1,0,0
"145",2.15264650623367,0.379378814757089,"AZ",2023-12-14,0,1,1,1,1,1,1,1,0,1,0,1,1,0,1,0,0,1,0,1
"146",1.10663601218418,0.366665991657999,"AZ",2023-12-15,0,1,1,1,1,1,1,1,1,1,0,1,0,1,1,0,1,1,0,1
"147",2.00372020273941,0.390838178497039,"AZ",2023-12-16,1,1,0,1,1,0,1,1,1,0,1,1,0,0,1,0,1,1,0,0
"148",2.07166161987898,0.262573885147491,"AZ",2023-12-17,1,1,1,1,1,0,1,1,1,1,1,1,0,0,1,0,0,1,0,1
"149",5.01104736074071,0.406919966311703,"AZ",2023-12-18,1,0,1,0,1,1,0,1,0,1,1,0,1,1,0,0,1,0,0,1
"150",3.85755074004255,0.379418434604517,"AZ",2023-12-19,1,1,1,1,1,0,1,1,0,1,1,0,0,0,1,0,0,1,0,1
"151",0.934445633672257,0.342603089245993,"AZ",2023-12-20,1,1,1,1,1,1,1,1,1,1,1,1,1,1,1,1,1,1,1,1
"152",1.89287066966834,0.390066140306826,"AZ",2023-12-21,1,1,0,1,1,1,0,1,0,1,1,0,0,1,1,1,0,1,0,0
"153",0.956964903887418,0.37983051912741,"AZ",2023-12-22,1,1,1,1,1,1,1,0,1,1,1,1,0,1,1,1,0,0,0,1
"154",1.25076684538655,0.349780562824813,"AZ",2023-12-23,1,1,1,1,1,0,1,1,1,1,1,1,0,1,1,1,1,1,0,0
"155",2.22414042554298,0.335937004277337,"AZ",2023-12-24,1,1,0,1,1,1,1,1,1,1,1,1,0,1,1,0,1,1,0,1
"156",2.10825909336378,0.352977099367949,"AZ",2023-12-25,1,0,1,1,0,0,1,1,1,1,1,1,1,0,0,0,1,1,1,1
"157",4.38149491216188,0.318565399562828,"AZ",2023-12-26,1,0,1,1,1,0,1,1,0,1,1,0,0,0,1,0,1,1,0,1
"158",2.03939986638676,0.327812220074608,"AZ",2023-12-27,1,0,1,1,1,1,1,1,1,1,1,0,1,0,1,1,1,1,0,1
"159",1.05210509932362,0.313295877122426,"AZ",2023-12-28,1,0,1,1,1,1,1,1,1,1,1,1,1,1,1,0,1,1,0,1
"160",0.806098363914162,0.346380978626489,"AZ",2023-12-29,1,0,1,1,1,1,1,1,1,1,1,0,1,1,1,0,1,1,1,1
"161",0.552609927827388,0.154898729596682,"AZ",2023-12-30,1,1,1,1,1,1,1,1,1,1,1,1,1,1,1,0,1,1,0,1
"162",1.10810133976867,0.19107637183998,"AZ",2023-12-31,1,1,1,1,1,1,1,1,0,1,1,1,1,1,1,0,1,1,0,1
"163",3.18615895988351,0.307973282172623,"AZ",2024-01-01,0,0,1,1,1,1,1,1,1,1,0,0,0,1,1,0,1,1,0,1
"164",2.8031042645259,0.302150400107406,"AZ",2024-01-02,0,1,1,1,1,1,1,1,1,1,0,0,0,0,1,0,1,0,0,0
"165",0.903780495021335,0.313557135896693,"AZ",2024-01-03,1,1,1,1,1,1,1,1,1,1,1,1,0,0,1,1,0,1,0,1
"166",0.808391089687831,0.235431712405541,"AZ",2024-01-04,1,1,1,1,1,1,0,1,1,1,1,1,1,1,1,0,1,1,0,1
"167",0.373396428104479,0.235463308643708,"AZ",2024-01-05,1,1,1,1,1,1,1,1,1,1,1,1,1,1,1,0,1,1,0,1
"168",1.01583028382573,0.141912945833241,"AZ",2024-01-06,1,1,1,1,1,1,1,1,0,1,1,0,1,1,1,0,0,1,0,1
"169",1.11955668672908,0.252482332003651,"CA",2023-11-26,1,1,1,1,1,1,1,1,1,1,1,0,0,1,1,0,1,1,0,0
"170",2.21053016335433,0.370927007501181,"CA",2023-11-27,1,1,1,1,1,1,1,1,1,1,0,0,0,0,0,0,0,0,0,0
"171",2.72112963618586,0.351642139856319,"CA",2023-11-28,1,1,1,1,1,1,1,0,1,0,0,1,0,0,1,0,0,0,0,0
"172",2.44342606694957,0.327336109458239,"CA",2023-11-29,1,0,1,1,1,1,1,1,1,1,1,0,0,0,1,0,1,0,0,0
"173",3.2272450572064,0.295354995824348,"CA",2023-11-30,0,1,1,1,1,0,0,1,0,1,0,0,0,0,0,0,0,1,0,1
"174",1.58277796798844,0.318139933143447,"CA",2023-12-01,1,1,1,1,1,1,1,1,1,1,1,0,1,1,0,0,0,1,1,0
"175",1.08588654944809,0.370241927419843,"CA",2023-12-02,1,1,1,1,1,1,1,1,0,0,1,0,1,1,1,0,1,1,0,0
"176",1.42642500345499,0.283792145301637,"CA",2023-12-03,1,1,1,1,1,0,1,1,1,1,1,1,1,0,1,0,0,1,0,1
"177",4.33078289912142,0.380014264943118,"CA",2023-12-04,1,1,0,0,1,1,1,0,0,1,0,1,0,0,1,0,0,0,0,0
"178",2.67421753280194,0.339275538617045,"CA",2023-12-05,1,0,0,1,0,1,1,1,1,1,1,0,0,1,1,0,0,1,0,1
"179",3.08059875997082,0.410146443526121,"CA",2023-12-06,1,1,1,1,1,0,0,1,1,0,1,1,1,0,1,0,0,0,0,0
"180",2.57231033561222,0.535205828898825,"CA",2023-12-07,1,1,1,0,1,0,1,1,1,0,1,1,1,0,1,0,0,1,0,0
"181",1.10313535755368,0.388379562360496,"CA",2023-12-08,1,1,0,0,1,1,1,1,1,1,1,1,0,0,1,0,1,1,0,1
"182",1.29020821588552,0.398229272646148,"CA",2023-12-09,1,1,1,1,0,1,1,0,1,1,1,1,1,0,0,1,0,0,1,1
"183",2.12465300211127,0.3928864694907,"CA",2023-12-10,1,1,0,1,1,1,1,1,1,1,1,0,0,1,1,0,1,0,0,1
"184",3.39768862252497,0.344990032392142,"CA",2023-12-11,1,0,1,1,1,0,0,1,0,0,1,0,0,0,0,1,1,0,0,1
"185",2.94796329464661,0.347710667498603,"CA",2023-12-12,1,0,1,1,1,1,1,1,1,1,1,0,1,0,0,0,1,1,0,0
"186",6.56319613690874,0.355386724447777,"CA",2023-12-13,1,1,0,1,1,0,1,1,0,1,1,0,0,0,1,0,0,1,0,0
"187",2.52375730522968,0.370938046488706,"CA",2023-12-14,1,1,1,1,1,0,1,1,1,0,1,0,1,0,1,0,0,0,1,0
"188",2.01628560139922,0.384827853250595,"CA",2023-12-15,1,0,1,1,0,1,1,1,1,1,1,0,0,1,0,0,0,1,0,0
"189",2.36201036965145,0.311518291628434,"CA",2023-12-16,1,0,1,1,1,1,1,1,0,1,1,0,0,1,1,1,0,0,0,1
"190",0.700495647626038,0.26203803114138,"CA",2023-12-17,1,1,1,1,1,1,1,1,1,1,1,1,1,1,1,1,0,1,0,1
"191",2.42111015999041,0.318430120362029,"CA",2023-12-18,1,0,1,1,1,1,1,1,1,1,1,0,1,0,1,0,0,0,0,0
"192",1.84138249766376,0.321060056435885,"CA",2023-12-19,1,0,1,1,1,1,1,1,1,1,1,0,1,1,1,0,1,1,0,1
"193",1.8482373891144,0.343735139001843,"CA",2023-12-20,1,1,1,1,1,1,1,1,1,0,1,0,0,0,1,0,1,0,0,0
"194",6.25241994049381,0.33794339653315,"CA",2023-12-21,1,0,1,1,1,0,1,0,0,1,0,0,0,1,0,1,1,0,0,0
"195",1.95803941509149,0.261038686496215,"CA",2023-12-22,1,1,1,1,1,1,1,1,1,1,1,1,0,1,1,1,0,1,0,1
"196",0.628702092632207,0.272555114777398,"CA",2023-12-23,1,1,1,1,1,1,1,1,1,1,1,1,1,1,1,1,1,1,1,1
"197",1.63929309874631,0.235074624062237,"CA",2023-12-24,1,1,1,1,1,0,1,0,0,1,1,1,1,1,1,0,1,0,0,1
"198",0.854436841105432,0.40766166412181,"CA",2023-12-25,1,1,1,0,1,1,1,1,1,1,1,1,1,0,1,1,0,1,1,1
"199",2.26556648679264,0.28352102542216,"CA",2023-12-26,1,1,1,1,1,1,1,1,1,0,1,1,1,1,1,1,1,0,0,0
"200",3.92267910737063,0.382427134495905,"CA",2023-12-27,1,0,1,1,0,1,1,1,0,1,1,0,1,1,0,0,1,0,0,0
"201",1.53408795394465,0.235739526370431,"CA",2023-12-28,1,1,1,1,1,1,1,1,1,1,1,1,1,1,1,0,0,0,0,0
"202",2.01125455919474,0.226688683115879,"CA",2023-12-29,1,1,1,1,1,0,1,1,1,0,1,1,1,1,1,0,1,1,1,0
"203",1.29330484847738,0.342492844436731,"CA",2023-12-30,1,0,1,1,1,1,1,1,1,0,1,0,1,0,1,0,1,1,0,0
"204",0.284402408723213,0.0779533938707741,"CA",2023-12-31,1,1,1,1,1,1,1,1,1,1,1,1,1,1,1,1,1,1,1,1
"205",0.384432671384962,0.232759057671639,"CA",2024-01-01,1,1,1,1,1,1,1,1,1,1,1,1,1,1,1,0,1,1,0,1
"206",1.68871612823266,0.274413030238706,"CA",2024-01-02,1,1,1,1,1,0,1,1,1,0,1,1,0,1,1,0,0,1,0,0
"207",1.75885981509736,0.245860812379649,"CA",2024-01-03,1,1,1,1,1,0,1,1,1,0,1,1,1,1,1,0,1,0,0,0
"208",3.02534971794618,0.273927843199874,"CA",2024-01-04,1,0,1,1,1,1,1,1,0,0,1,0,1,0,1,0,0,0,0,0
"209",1.18542195366601,0.224372161405095,"CA",2024-01-05,1,0,1,1,1,1,1,1,1,1,1,0,1,1,1,0,1,1,0,1
"210",4.48156617282757,0.462851166192934,"CA",2024-01-06,1,1,1,1,1,0,1,1,0,0,1,1,1,1,1,0,1,1,0,0
"211",NA,NA,"CO",2023-11-26,NA,NA,NA,NA,NA,NA,NA,NA,NA,NA,NA,NA,NA,NA,NA,NA,NA,NA,NA,NA
"212",3.0758728105995,0.471641363252811,"CO",2023-11-27,1,1,0,0,1,0,1,1,1,1,1,0,0,0,1,0,0,1,1,1
"213",1.87842355033954,0.457404484322814,"CO",2023-11-28,1,0,0,1,1,0,1,1,1,1,1,0,0,1,1,0,1,1,0,1
"214",1.47389528820839,0.387572938904655,"CO",2023-11-29,1,0,1,1,1,1,1,0,1,1,1,0,0,0,1,0,0,0,0,1
"215",0.832955623751344,0.590644990296142,"CO",2023-11-30,1,0,1,1,1,1,1,1,1,1,1,0,1,1,1,0,1,1,1,1
"216",0.487894836623494,0.318303535138105,"CO",2023-12-01,1,1,1,1,1,1,1,1,1,1,1,1,0,1,1,0,1,1,1,1
"217",0.847196047201313,0.606043124751217,"CO",2023-12-02,1,1,1,1,1,1,1,0,1,1,1,1,1,1,1,0,1,0,1,1
"218",NA,NA,"CO",2023-12-03,NA,NA,NA,NA,NA,NA,NA,NA,NA,NA,NA,NA,NA,NA,NA,NA,NA,NA,NA,NA
"219",1.46531474264471,0.46344441164701,"CO",2023-12-04,0,1,1,1,1,0,1,1,1,1,0,1,0,1,1,0,1,1,0,1
"220",0.635430710309998,0.279156570084044,"CO",2023-12-05,1,1,1,1,1,1,1,1,1,1,1,1,1,0,1,0,0,1,1,1
"221",1.05325408335485,0.391681096181188,"CO",2023-12-06,0,1,1,1,1,1,1,1,1,1,0,1,0,1,1,1,1,1,0,1
"222",NA,NA,"CO",2023-12-07,NA,NA,NA,NA,NA,NA,NA,NA,NA,NA,NA,NA,NA,NA,NA,NA,NA,NA,NA,NA
"223",NA,NA,"CO",2023-12-08,NA,NA,NA,NA,NA,NA,NA,NA,NA,NA,NA,NA,NA,NA,NA,NA,NA,NA,NA,NA
"224",NA,NA,"CO",2023-12-09,NA,NA,NA,NA,NA,NA,NA,NA,NA,NA,NA,NA,NA,NA,NA,NA,NA,NA,NA,NA
"225",0.391607416735887,0.294490065359022,"CO",2023-12-10,1,1,1,1,1,1,1,1,1,1,1,1,1,1,1,1,1,1,0,0
"226",0.376299346885918,0.279051039640754,"CO",2023-12-11,1,1,1,1,1,1,1,1,1,1,1,1,1,1,1,1,1,1,1,1
"227",NA,NA,"CO",2023-12-12,NA,NA,NA,NA,NA,NA,NA,NA,NA,NA,NA,NA,NA,NA,NA,NA,NA,NA,NA,NA
"228",0.719949790451009,0.291101340892651,"CO",2023-12-13,1,1,1,1,1,0,1,1,1,1,1,1,0,0,1,0,1,1,1,1
"229",1.01264823563509,0.473865130725497,"CO",2023-12-14,1,0,1,1,1,1,1,1,1,1,1,0,1,1,1,0,0,1,0,1
"230",NA,NA,"CO",2023-12-15,NA,NA,NA,NA,NA,NA,NA,NA,NA,NA,NA,NA,NA,NA,NA,NA,NA,NA,NA,NA
"231",NA,NA,"CO",2023-12-16,NA,NA,NA,NA,NA,NA,NA,NA,NA,NA,NA,NA,NA,NA,NA,NA,NA,NA,NA,NA
"232",NA,NA,"CO",2023-12-17,NA,NA,NA,NA,NA,NA,NA,NA,NA,NA,NA,NA,NA,NA,NA,NA,NA,NA,NA,NA
"233",0.92225388926543,0.332667253007081,"CO",2023-12-18,1,1,1,1,1,1,1,0,1,1,1,1,1,1,0,1,1,0,1,1
"234",1.50689352428084,0.545032598390452,"CO",2023-12-19,1,1,0,1,1,1,1,0,0,1,1,1,1,1,1,0,1,0,0,1
"235",NA,NA,"CO",2023-12-20,NA,NA,NA,NA,NA,NA,NA,NA,NA,NA,NA,NA,NA,NA,NA,NA,NA,NA,NA,NA
"236",0.650256201941254,0.436433351127843,"CO",2023-12-21,1,1,1,1,1,0,1,1,1,1,1,1,1,1,1,0,1,1,0,1
"237",NA,NA,"CO",2023-12-22,NA,NA,NA,NA,NA,NA,NA,NA,NA,NA,NA,NA,NA,NA,NA,NA,NA,NA,NA,NA
"238",NA,NA,"CO",2023-12-23,NA,NA,NA,NA,NA,NA,NA,NA,NA,NA,NA,NA,NA,NA,NA,NA,NA,NA,NA,NA
"239",NA,NA,"CO",2023-12-24,NA,NA,NA,NA,NA,NA,NA,NA,NA,NA,NA,NA,NA,NA,NA,NA,NA,NA,NA,NA
"240",NA,NA,"CO",2023-12-25,NA,NA,NA,NA,NA,NA,NA,NA,NA,NA,NA,NA,NA,NA,NA,NA,NA,NA,NA,NA
"241",2.59163365431579,0.381479605823495,"CO",2023-12-26,1,1,1,1,1,0,1,1,0,1,1,1,1,1,1,0,1,1,0,1
"242",1.03925068953309,0.724213047409237,"CO",2023-12-27,1,1,1,1,1,1,1,1,1,0,1,1,1,1,1,1,1,1,0,0
"243",1.26594773047841,0.398439265194765,"CO",2023-12-28,1,1,1,1,1,1,0,0,1,1,1,1,1,1,1,0,0,0,1,1
"244",NA,NA,"CO",2023-12-29,NA,NA,NA,NA,NA,NA,NA,NA,NA,NA,NA,NA,NA,NA,NA,NA,NA,NA,NA,NA
"245",NA,NA,"CO",2023-12-30,NA,NA,NA,NA,NA,NA,NA,NA,NA,NA,NA,NA,NA,NA,NA,NA,NA,NA,NA,NA
"246",NA,NA,"CO",2023-12-31,NA,NA,NA,NA,NA,NA,NA,NA,NA,NA,NA,NA,NA,NA,NA,NA,NA,NA,NA,NA
"247",0.950294153331537,0.639190577471647,"CO",2024-01-01,1,1,1,1,1,0,1,1,0,1,1,1,1,1,1,0,0,1,1,1
"248",2.36962777542018,0.410568073471619,"CO",2024-01-02,1,1,1,1,1,0,1,1,0,1,1,1,0,1,1,0,1,1,0,1
"249",0.427401079544829,0.164178467330212,"CO",2024-01-03,1,1,1,1,1,1,1,1,1,1,1,1,1,1,1,0,1,1,0,1
"250",0.762583056100304,0.361639784090002,"CO",2024-01-04,1,1,1,1,1,0,1,1,1,1,1,1,1,1,1,0,1,1,0,1
"251",1.39251738948042,0.338352008976795,"CO",2024-01-05,1,1,0,1,1,1,1,1,0,0,1,0,0,0,1,1,1,1,1,0
"252",NA,NA,"CO",2024-01-06,NA,NA,NA,NA,NA,NA,NA,NA,NA,NA,NA,NA,NA,NA,NA,NA,NA,NA,NA,NA
"253",0.790471274972361,0.289180263999833,"CT",2023-11-26,1,1,1,1,1,1,1,1,1,0,1,1,0,0,1,0,1,1,1,0
"254",0.961817280153698,0.398501242116013,"CT",2023-11-27,1,0,1,1,1,1,1,1,1,1,1,0,0,0,1,0,1,1,0,1
"255",3.09604244656531,0.224212372715784,"CT",2023-11-28,1,0,1,1,1,0,1,1,0,1,1,0,0,1,0,0,1,0,0,0
"256",2.39014988434734,0.22882383386277,"CT",2023-11-29,1,1,1,1,1,0,1,1,0,1,1,0,1,0,1,0,1,1,0,0
"257",0.221609598511873,0.14062253846881,"CT",2023-11-30,1,1,1,1,1,1,1,1,1,1,1,1,1,1,1,0,0,1,1,1
"258",0.889468696185879,0.304057198305843,"CT",2023-12-01,1,1,1,1,1,1,1,1,0,1,1,1,1,1,1,0,1,1,0,1
"259",0.227340458558212,0.1515221281722,"CT",2023-12-02,1,1,1,1,1,1,1,1,1,1,1,1,1,0,1,0,1,1,1,1
"260",2.6713331094841,0.637051004928345,"CT",2023-12-03,1,0,1,1,1,0,1,1,1,1,1,0,1,1,1,0,1,1,0,1
"261",1.55161808699105,0.274812446087499,"CT",2023-12-04,0,1,1,1,1,0,1,1,1,1,0,0,0,1,0,0,0,1,0,1
"262",1.6579026255092,0.553253904475296,"CT",2023-12-05,1,0,1,0,1,0,1,1,1,1,1,0,1,0,1,0,0,1,0,1
"263",1.5663270401933,0.397003517993504,"CT",2023-12-06,1,1,0,1,1,1,1,1,1,1,1,1,0,1,1,0,1,1,1,1
"264",1.01937592865733,0.503390753938839,"CT",2023-12-07,1,1,1,1,1,1,1,0,1,1,1,1,1,1,1,1,1,0,0,1
"265",NA,NA,"CT",2023-12-08,NA,NA,NA,NA,NA,NA,NA,NA,NA,NA,NA,NA,NA,NA,NA,NA,NA,NA,NA,NA
"266",NA,NA,"CT",2023-12-09,NA,NA,NA,NA,NA,NA,NA,NA,NA,NA,NA,NA,NA,NA,NA,NA,NA,NA,NA,NA
"267",NA,NA,"CT",2023-12-10,NA,NA,NA,NA,NA,NA,NA,NA,NA,NA,NA,NA,NA,NA,NA,NA,NA,NA,NA,NA
"268",1.61076282163209,0.39189738139087,"CT",2023-12-11,1,0,0,1,1,1,1,1,0,1,1,0,0,1,1,1,1,1,0,0
"269",0.543682763232317,0.260005014496365,"CT",2023-12-12,1,1,1,1,1,1,1,1,1,1,1,1,1,1,1,1,1,1,1,1
"270",3.70130287707492,0.303851246117082,"CT",2023-12-13,1,1,1,1,1,0,1,1,0,0,1,1,1,1,1,0,1,1,0,0
"271",0.730049173344457,0.335400269412285,"CT",2023-12-14,1,1,1,0,1,1,1,1,1,1,1,1,1,0,1,0,1,1,0,1
"272",1.20503427969394,0.456344941916792,"CT",2023-12-15,0,1,0,1,1,1,1,1,1,1,0,1,0,1,1,0,0,1,1,1
"273",0.633716097413818,0.277126536242817,"CT",2023-12-16,1,1,1,1,1,1,1,1,1,1,1,1,1,1,1,0,1,1,0,1
"274",1.08785626709965,0.339954441787,"CT",2023-12-17,1,0,1,1,1,1,1,1,1,1,1,0,1,1,1,0,0,1,0,1
"275",0.979687493760012,0.376293979940538,"CT",2023-12-18,1,1,1,0,1,1,1,1,1,1,1,1,1,1,1,0,1,1,0,1
"276",0.833122853218309,0.297898450833344,"CT",2023-12-19,1,1,1,0,1,1,1,1,1,1,1,1,1,0,1,0,1,1,1,1
"277",0.386454271442249,0.23694845078429,"CT",2023-12-20,1,1,1,1,1,1,1,1,1,1,1,1,0,1,1,1,1,1,0,0
"278",2.10675504162771,0.33826977070149,"CT",2023-12-21,1,1,1,1,1,0,1,1,0,1,1,1,1,1,1,0,0,1,0,1
"279",0.513633438613721,0.21051711609607,"CT",2023-12-22,1,1,1,1,1,1,1,1,1,1,1,1,1,1,1,0,1,1,0,1
"280",0.836639736347528,0.133434643895787,"CT",2023-12-23,1,1,1,1,1,1,1,1,0,1,1,1,1,1,1,1,1,1,1,1
"281",0.451872218586305,0.122251624489598,"CT",2023-12-24,1,1,1,1,1,1,1,1,1,1,1,1,1,1,1,1,1,1,1,1
"282",1.10538875400391,0.111712166544637,"CT",2023-12-25,1,1,1,1,1,1,1,1,0,1,1,1,1,1,1,1,1,1,1,1
"283",0.825694755519038,0.302051891351806,"CT",2023-12-26,1,0,1,1,1,1,1,1,1,1,1,0,0,1,1,0,1,1,0,1
"284",1.02306414499352,0.222177395975524,"CT",2023-12-27,1,1,1,1,1,1,1,0,1,1,1,1,0,0,1,0,1,0,1,1
"285",1.18398412530223,0.376576141779338,"CT",2023-12-28,1,1,1,1,1,0,1,1,1,1,1,1,1,1,1,0,1,1,0,1
"286",1.30966909233059,0.327079207599904,"CT",2023-12-29,1,1,0,1,1,1,1,1,1,0,1,1,0,1,1,0,1,1,1,0
"287",0.904914150415924,0.305010741772939,"CT",2023-12-30,1,1,1,1,0,1,1,1,1,1,1,1,1,1,0,1,1,1,0,1
"288",0.526708384364399,0.321370137008849,"CT",2023-12-31,1,1,1,1,1,1,1,1,1,1,1,1,1,1,1,0,1,1,0,1
"289",NA,NA,"CT",2024-01-01,NA,NA,NA,NA,NA,NA,NA,NA,NA,NA,NA,NA,NA,NA,NA,NA,NA,NA,NA,NA
"290",2.57067278238216,0.0987308782215533,"CT",2024-01-02,1,0,1,1,1,0,1,1,0,1,1,0,1,1,1,0,1,0,0,1
"291",1.53296761114425,0.179996946415662,"CT",2024-01-03,1,0,1,1,1,0,1,1,1,0,1,0,1,1,1,0,1,1,0,0
"292",1.40164392943435,0.324287191901702,"CT",2024-01-04,1,0,1,1,1,1,1,1,0,1,1,0,1,1,1,0,0,0,1,1
"293",1.2236275373653,0.226359503412767,"CT",2024-01-05,1,1,1,1,1,0,1,1,1,1,1,1,1,1,1,0,1,1,0,1
"294",0.274454703575842,0.0316278895974884,"CT",2024-01-06,1,1,1,1,1,1,1,1,1,1,1,1,1,1,1,1,1,1,1,1
"295",0.180029343904434,0.110937611393533,"DC",2023-11-26,1,1,1,1,1,1,1,1,1,1,1,1,1,1,1,1,1,1,1,1
"296",0.185459669425307,0.113347017780392,"DC",2023-11-27,1,1,1,1,1,1,1,1,1,1,1,1,1,1,1,1,1,1,1,1
"297",0.740766585776686,0.374469840527915,"DC",2023-11-28,1,1,1,1,1,1,1,1,1,0,1,1,1,1,1,1,1,0,1,0
"298",NA,NA,"DC",2023-11-29,NA,NA,NA,NA,NA,NA,NA,NA,NA,NA,NA,NA,NA,NA,NA,NA,NA,NA,NA,NA
"299",0.177131068777202,0.122690641684842,"DC",2023-11-30,1,1,1,1,1,1,1,1,1,1,1,1,1,1,1,1,1,1,1,1
"300",0.829988914693292,0.591020700052292,"DC",2023-12-01,1,1,1,0,1,1,1,1,1,1,1,1,1,0,1,0,1,1,1,1
"301",0.554882294898663,0.130949812617696,"DC",2023-12-02,1,1,1,1,1,1,1,1,1,1,1,1,1,1,1,1,1,1,1,1
"302",NA,NA,"DC",2023-12-03,NA,NA,NA,NA,NA,NA,NA,NA,NA,NA,NA,NA,NA,NA,NA,NA,NA,NA,NA,NA
"303",NA,NA,"DC",2023-12-04,NA,NA,NA,NA,NA,NA,NA,NA,NA,NA,NA,NA,NA,NA,NA,NA,NA,NA,NA,NA
"304",NA,NA,"DC",2023-12-05,NA,NA,NA,NA,NA,NA,NA,NA,NA,NA,NA,NA,NA,NA,NA,NA,NA,NA,NA,NA
"305",NA,NA,"DC",2023-12-06,NA,NA,NA,NA,NA,NA,NA,NA,NA,NA,NA,NA,NA,NA,NA,NA,NA,NA,NA,NA
"306",0.248811699399452,0.160389380409556,"DC",2023-12-07,1,1,1,1,1,1,1,1,1,1,1,1,0,1,1,0,1,1,1,1
"307",0.663430608389153,0.168016991526016,"DC",2023-12-08,1,1,1,1,1,0,1,1,1,1,1,1,1,0,1,0,0,1,1,1
"308",NA,NA,"DC",2023-12-09,NA,NA,NA,NA,NA,NA,NA,NA,NA,NA,NA,NA,NA,NA,NA,NA,NA,NA,NA,NA
"309",NA,NA,"DC",2023-12-10,NA,NA,NA,NA,NA,NA,NA,NA,NA,NA,NA,NA,NA,NA,NA,NA,NA,NA,NA,NA
"310",0.29808250393198,0.194843758626912,"DC",2023-12-11,1,1,1,1,1,1,1,1,1,1,1,1,1,1,1,1,1,1,1,1
"311",3.03416620813759,0.479949771628121,"DC",2023-12-12,1,0,0,1,1,0,1,1,1,1,0,0,0,0,1,0,0,1,0,1
"312",0.90929477271437,0.651158728556778,"DC",2023-12-13,0,1,1,1,1,1,1,1,1,1,0,1,1,1,1,1,1,1,0,1
"313",0.300109431880164,0.267853647619766,"DC",2023-12-14,1,1,1,1,1,1,1,1,1,1,1,1,1,1,1,1,1,1,0,0
"314",0.354775582078469,0.240427245853265,"DC",2023-12-15,1,1,1,1,1,1,1,1,1,1,1,1,1,1,1,0,1,1,0,1
"315",NA,NA,"DC",2023-12-16,NA,NA,NA,NA,NA,NA,NA,NA,NA,NA,NA,NA,NA,NA,NA,NA,NA,NA,NA,NA
"316",0.927787934382885,0.456762045938365,"DC",2023-12-17,1,0,1,1,1,1,1,1,1,1,1,0,1,1,1,1,1,1,0,1
"317",0.332229213664134,0.244294843796613,"DC",2023-12-18,1,1,1,1,1,1,1,1,1,1,1,1,1,1,1,1,1,1,1,1
"318",0.889028116569144,0.629815405149838,"DC",2023-12-19,1,1,1,0,1,1,1,1,1,1,1,1,1,0,1,0,1,1,1,1
"319",NA,NA,"DC",2023-12-20,NA,NA,NA,NA,NA,NA,NA,NA,NA,NA,NA,NA,NA,NA,NA,NA,NA,NA,NA,NA
"320",NA,NA,"DC",2023-12-21,NA,NA,NA,NA,NA,NA,NA,NA,NA,NA,NA,NA,NA,NA,NA,NA,NA,NA,NA,NA
"321",NA,NA,"DC",2023-12-22,NA,NA,NA,NA,NA,NA,NA,NA,NA,NA,NA,NA,NA,NA,NA,NA,NA,NA,NA,NA
"322",NA,NA,"DC",2023-12-23,NA,NA,NA,NA,NA,NA,NA,NA,NA,NA,NA,NA,NA,NA,NA,NA,NA,NA,NA,NA
"323",0.377092639002358,0.233784540975163,"DC",2023-12-24,1,1,1,1,1,1,1,1,1,1,1,1,1,1,0,0,1,1,1,1
"324",0.196896018546615,0.147290904704283,"DC",2023-12-25,1,1,1,1,1,1,1,1,1,1,1,1,1,1,1,1,1,1,1,1
"325",1.21525398281847,0.135593488509901,"DC",2023-12-26,1,1,1,1,1,1,1,1,0,1,1,1,1,1,1,0,1,1,0,1
"326",0.358659665605648,0.229059854208533,"DC",2023-12-27,1,1,1,1,1,1,1,1,1,1,1,1,1,1,1,0,1,1,0,1
"327",NA,NA,"DC",2023-12-28,NA,NA,NA,NA,NA,NA,NA,NA,NA,NA,NA,NA,NA,NA,NA,NA,NA,NA,NA,NA
"328",0.347686752649776,0.228329541155697,"DC",2023-12-29,1,1,1,1,1,1,1,1,1,1,1,1,1,1,1,1,1,1,1,1
"329",0.130415776471054,0.0950007563147963,"DC",2023-12-30,1,1,1,1,1,1,1,1,1,1,1,1,1,1,1,1,1,1,1,1
"330",NA,NA,"DC",2023-12-31,NA,NA,NA,NA,NA,NA,NA,NA,NA,NA,NA,NA,NA,NA,NA,NA,NA,NA,NA,NA
"331",NA,NA,"DC",2024-01-01,NA,NA,NA,NA,NA,NA,NA,NA,NA,NA,NA,NA,NA,NA,NA,NA,NA,NA,NA,NA
"332",NA,NA,"DC",2024-01-02,NA,NA,NA,NA,NA,NA,NA,NA,NA,NA,NA,NA,NA,NA,NA,NA,NA,NA,NA,NA
"333",0.0863732912129762,0.0641474330441103,"DC",2024-01-03,1,1,1,1,1,1,1,1,1,1,1,1,1,1,1,1,1,0,0,1
"334",0.0839315666465795,0.0578434816477479,"DC",2024-01-04,1,1,1,1,1,1,1,1,1,1,1,1,1,1,1,1,1,1,1,1
"335",0.582120327585974,0.330759626635841,"DC",2024-01-05,1,1,1,1,1,1,1,1,1,1,1,1,1,1,1,0,1,1,0,1
"336",NA,NA,"DC",2024-01-06,NA,NA,NA,NA,NA,NA,NA,NA,NA,NA,NA,NA,NA,NA,NA,NA,NA,NA,NA,NA
"337",0.780230621298682,0.346642045350204,"DE",2023-11-26,1,1,0,1,1,1,1,1,1,1,1,1,0,1,1,0,0,1,0,1
"338",1.44650723643121,0.375058100803341,"DE",2023-11-27,0,1,1,1,0,1,1,1,1,1,0,0,1,1,0,0,0,1,0,1
"339",1.12109544465641,0.375936393720388,"DE",2023-11-28,1,0,1,1,1,1,1,1,0,1,1,1,1,1,1,0,0,1,0,0
"340",1.34917043716731,0.415095184542614,"DE",2023-11-29,1,1,1,1,0,1,1,1,1,0,1,1,0,1,0,0,1,1,1,0
"341",NA,NA,"DE",2023-11-30,NA,NA,NA,NA,NA,NA,NA,NA,NA,NA,NA,NA,NA,NA,NA,NA,NA,NA,NA,NA
"342",0.869155290678824,0.622596545065191,"DE",2023-12-01,1,1,1,1,0,1,1,1,1,1,1,1,1,1,0,0,1,1,1,1
"343",0.831382452518086,0.591094748553292,"DE",2023-12-02,1,1,1,1,1,1,1,1,1,0,1,1,1,1,1,0,1,1,1,0
"344",0.814238115136017,0.303776703086452,"DE",2023-12-03,1,1,1,0,1,1,1,1,1,1,1,0,1,0,1,1,1,1,1,1
"345",1.08202333336985,0.30874186689411,"DE",2023-12-04,1,1,1,1,1,1,1,1,1,1,1,1,1,0,1,1,0,1,0,1
"346",1.69336193291742,0.415995248821769,"DE",2023-12-05,1,1,1,1,1,1,1,0,1,0,1,1,1,1,1,0,0,0,0,0
"347",0.896617030981794,0.387005558845741,"DE",2023-12-06,1,1,1,1,1,1,1,1,1,0,1,1,1,1,1,1,1,1,0,0
"348",0.939788859765328,0.326367231363368,"DE",2023-12-07,1,1,1,1,1,1,1,0,1,1,1,0,1,1,1,0,1,0,0,1
"349",0.796788564927508,0.345940857632774,"DE",2023-12-08,1,1,1,1,1,1,1,1,1,0,1,1,1,1,1,0,1,1,0,0
"350",NA,NA,"DE",2023-12-09,NA,NA,NA,NA,NA,NA,NA,NA,NA,NA,NA,NA,NA,NA,NA,NA,NA,NA,NA,NA
"351",NA,NA,"DE",2023-12-10,NA,NA,NA,NA,NA,NA,NA,NA,NA,NA,NA,NA,NA,NA,NA,NA,NA,NA,NA,NA
"352",NA,NA,"DE",2023-12-11,NA,NA,NA,NA,NA,NA,NA,NA,NA,NA,NA,NA,NA,NA,NA,NA,NA,NA,NA,NA
"353",NA,NA,"DE",2023-12-12,NA,NA,NA,NA,NA,NA,NA,NA,NA,NA,NA,NA,NA,NA,NA,NA,NA,NA,NA,NA
"354",NA,NA,"DE",2023-12-13,NA,NA,NA,NA,NA,NA,NA,NA,NA,NA,NA,NA,NA,NA,NA,NA,NA,NA,NA,NA
"355",NA,NA,"DE",2023-12-14,NA,NA,NA,NA,NA,NA,NA,NA,NA,NA,NA,NA,NA,NA,NA,NA,NA,NA,NA,NA
"356",NA,NA,"DE",2023-12-15,NA,NA,NA,NA,NA,NA,NA,NA,NA,NA,NA,NA,NA,NA,NA,NA,NA,NA,NA,NA
"357",NA,NA,"DE",2023-12-16,NA,NA,NA,NA,NA,NA,NA,NA,NA,NA,NA,NA,NA,NA,NA,NA,NA,NA,NA,NA
"358",NA,NA,"DE",2023-12-17,NA,NA,NA,NA,NA,NA,NA,NA,NA,NA,NA,NA,NA,NA,NA,NA,NA,NA,NA,NA
"359",NA,NA,"DE",2023-12-18,NA,NA,NA,NA,NA,NA,NA,NA,NA,NA,NA,NA,NA,NA,NA,NA,NA,NA,NA,NA
"360",NA,NA,"DE",2023-12-19,NA,NA,NA,NA,NA,NA,NA,NA,NA,NA,NA,NA,NA,NA,NA,NA,NA,NA,NA,NA
"361",2.7044788462901,0.374042754961624,"DE",2023-12-20,1,1,1,1,1,0,1,1,0,1,1,1,1,1,1,0,1,1,0,1
"362",1.32985428601276,0.259682736692792,"DE",2023-12-21,1,1,1,1,0,1,1,1,1,1,1,0,1,1,0,0,1,1,1,0
"363",0.853085188580021,0.315365736953804,"DE",2023-12-22,1,1,1,0,1,1,1,1,1,1,1,1,1,0,1,0,0,1,0,1
"364",1.02411026385165,0.327180273757566,"DE",2023-12-23,1,0,1,1,1,1,1,1,1,1,1,0,1,1,1,0,0,1,0,1
"365",0.668029486454252,0.444267433169657,"DE",2023-12-24,1,1,1,1,1,0,1,1,1,1,1,1,1,1,1,1,1,1,1,1
"366",0.801108590497174,0.386644271390967,"DE",2023-12-25,1,1,1,1,1,1,0,1,1,1,1,1,1,1,1,0,0,1,1,1
"367",1.69311085450959,0.26048100410334,"DE",2023-12-26,1,1,1,1,1,1,0,1,1,1,1,1,1,1,1,0,0,0,0,1
"368",1.08138947861994,0.249192908350007,"DE",2023-12-27,1,1,1,1,1,0,1,1,1,1,1,1,1,1,1,0,1,1,0,1
"369",3.29861574833104,0.323645543760452,"DE",2023-12-28,1,1,1,1,1,0,1,1,0,1,1,1,1,1,1,0,1,1,0,1
"370",0.882316554854802,0.241845579664961,"DE",2023-12-29,1,1,0,1,1,1,1,1,1,1,1,1,0,1,1,0,1,1,1,1
"371",NA,NA,"DE",2023-12-30,NA,NA,NA,NA,NA,NA,NA,NA,NA,NA,NA,NA,NA,NA,NA,NA,NA,NA,NA,NA
"372",0.234709060950869,0.0676276105963224,"DE",2023-12-31,1,1,1,1,1,1,1,1,1,1,1,1,1,1,1,1,1,1,1,1
"373",2.46607458879131,0.543463607569915,"DE",2024-01-01,1,0,1,1,1,0,0,1,0,1,1,0,0,1,1,0,0,1,0,1
"374",0.926578215536397,0.110642217288221,"DE",2024-01-02,1,1,1,1,1,1,1,1,1,1,1,1,1,1,1,0,1,1,0,1
"375",1.31431101005157,0.0498023780530008,"DE",2024-01-03,1,1,1,1,1,1,1,1,0,1,1,1,1,1,1,1,1,1,1,1
"376",0.832667940049141,0.192830409386541,"DE",2024-01-04,1,0,1,1,1,1,1,1,1,1,1,0,1,1,1,0,1,1,0,1
"377",0.0451927923740872,0.0402772327133816,"DE",2024-01-05,1,1,1,1,1,1,1,1,1,1,1,1,1,1,1,1,1,1,1,1
"378",0.847613960727106,0.188372587927917,"DE",2024-01-06,1,1,0,1,1,1,1,1,1,1,1,1,0,1,1,1,1,1,0,1
"379",1.23241958889635,0.294523395606578,"FL",2023-11-26,1,1,1,1,1,0,1,0,1,1,1,1,1,1,1,0,0,0,0,0
"380",1.57101280381736,0.389451124655689,"FL",2023-11-27,1,1,1,1,1,1,1,1,1,1,1,0,0,1,1,0,0,0,0,0
"381",1.90427240167041,0.364111177006787,"FL",2023-11-28,1,0,1,1,1,1,1,1,1,1,1,1,0,0,1,0,0,1,0,1
"382",1.95139876206481,0.360879777521297,"FL",2023-11-29,1,0,1,1,1,1,1,1,1,1,1,1,1,0,0,0,0,1,0,0
"383",2.81247442264505,0.387725189135229,"FL",2023-11-30,1,0,1,1,1,1,1,1,0,1,1,0,0,0,1,0,1,1,0,0
"384",0.79358580218457,0.347259659085685,"FL",2023-12-01,1,1,1,1,1,1,1,1,1,0,1,1,1,1,1,1,1,1,1,1
"385",NA,NA,"FL",2023-12-02,NA,NA,NA,NA,NA,NA,NA,NA,NA,NA,NA,NA,NA,NA,NA,NA,NA,NA,NA,NA
"386",1.03698068582909,0.351690920975601,"FL",2023-12-03,1,1,0,1,1,1,1,1,1,1,1,1,0,1,1,0,0,1,0,1
"387",1.20285593826057,0.313358537670917,"FL",2023-12-04,1,1,1,1,1,0,1,1,1,1,1,1,1,1,1,0,1,1,0,1
"388",1.07796198733591,0.343488334143355,"FL",2023-12-05,1,1,1,1,1,1,1,1,1,1,1,0,0,1,0,0,1,1,1,1
"389",0.80423717881342,0.356094984824815,"FL",2023-12-06,1,1,1,0,1,1,1,1,1,1,1,0,1,0,1,0,1,1,0,1
"390",1.94291417753485,0.269107885777716,"FL",2023-12-07,1,1,1,1,1,1,1,1,0,1,1,0,1,1,1,1,0,1,0,1
"391",0.914971836700104,0.359873160614026,"FL",2023-12-08,1,0,1,1,1,1,1,1,1,1,1,0,1,1,1,0,1,1,0,1
"392",0.96016777402763,0.459829155777913,"FL",2023-12-09,1,1,1,0,1,1,1,1,1,1,1,1,1,0,1,0,1,1,0,1
"393",0.936051057581051,0.391342966282513,"FL",2023-12-10,1,1,1,1,1,1,1,1,1,0,1,1,1,1,1,1,0,1,0,0
"394",2.92532292963578,0.381946890116475,"FL",2023-12-11,1,1,1,1,1,1,1,1,1,0,1,0,1,0,1,0,0,0,1,0
"395",1.88712550762752,0.313716879849482,"FL",2023-12-12,1,1,1,1,0,1,1,1,1,1,1,1,1,1,0,1,1,0,0,0
"396",2.22419799222156,0.393810968955093,"FL",2023-12-13,1,0,1,1,1,1,1,1,0,1,1,0,0,1,1,0,0,0,1,0
"397",3.19989939279075,0.183925364549087,"FL",2023-12-14,1,1,1,1,1,0,1,1,0,1,1,1,1,1,1,0,0,1,0,1
"398",1.61488243589387,0.319399566175201,"FL",2023-12-15,1,1,1,1,1,1,1,1,1,1,1,0,1,1,0,1,0,0,1,1
"399",2.00840218242473,0.25270975230548,"FL",2023-12-16,1,1,0,0,1,0,1,1,0,1,1,1,0,0,1,0,1,1,0,1
"400",0.455474954564694,0.125759783392887,"FL",2023-12-17,1,1,1,1,1,1,1,1,1,1,1,1,1,1,1,1,1,1,1,1
"401",3.88886508121053,0.302791246729107,"FL",2023-12-18,1,1,1,1,1,0,0,1,1,0,1,0,1,0,1,0,0,1,0,0
"402",1.44386344985974,0.261701865959625,"FL",2023-12-19,1,1,1,1,1,1,1,1,1,1,1,1,0,0,1,0,0,0,0,1
"403",2.18429860655168,0.267385010144255,"FL",2023-12-20,1,1,1,1,1,0,1,0,1,1,1,0,0,0,1,0,0,0,0,0
"404",2.45950131492542,0.315899691915275,"FL",2023-12-21,1,1,1,1,0,1,1,1,1,0,1,1,1,1,0,1,1,0,0,0
"405",1.46105698781729,0.264203988930119,"FL",2023-12-22,0,1,1,0,1,1,1,1,1,0,0,1,1,0,1,1,0,1,0,0
"406",1.28393891647002,0.398851526070418,"FL",2023-12-23,1,1,0,1,1,1,1,0,1,1,1,1,0,1,1,1,1,0,0,1
"407",1.52631417962334,0.288823885383425,"FL",2023-12-24,1,1,1,1,1,0,1,1,1,1,1,1,0,1,1,0,1,1,0,1
"408",0.061602873989291,0.0562419214645618,"FL",2023-12-25,1,1,1,1,1,1,1,1,1,1,1,1,1,1,1,0,1,1,0,1
"409",3.46191419776858,0.282655401676598,"FL",2023-12-26,1,1,1,1,0,1,1,1,0,0,0,1,0,0,0,0,1,0,0,0
"410",2.26423673667245,0.265140552573692,"FL",2023-12-27,1,0,1,1,1,1,1,1,0,0,1,0,1,1,1,0,0,0,0,0
"411",1.74369762590637,0.193298482121688,"FL",2023-12-28,1,1,1,1,1,1,1,1,1,0,1,1,1,1,1,0,0,0,0,1
"412",2.56365248582165,0.222159267648245,"FL",2023-12-29,0,0,1,1,1,0,1,1,1,0,0,1,1,1,1,0,0,1,0,0
"413",0.250571914130595,0.0315229949029915,"FL",2023-12-30,1,1,1,1,1,1,1,1,1,1,1,1,1,1,1,1,1,1,0,0
"414",0.836280717981901,0.139152158337019,"FL",2023-12-31,1,1,1,1,1,1,1,0,1,1,1,1,1,1,1,0,0,0,0,1
"415",0.293948459905484,0.0246897461998866,"FL",2024-01-01,1,1,1,1,1,1,1,1,1,1,1,1,1,1,1,1,1,1,1,1
"416",1.74150374121568,0.134866098420975,"FL",2024-01-02,1,1,1,1,1,0,1,1,1,1,1,1,1,1,1,0,1,1,0,1
"417",1.4151836470434,0.139170363686323,"FL",2024-01-03,1,0,1,1,1,1,1,1,1,1,1,0,1,0,1,1,0,0,0,1
"418",2.58537917411814,0.0953153786915403,"FL",2024-01-04,1,0,1,1,1,0,1,0,1,0,1,0,1,0,1,0,1,1,0,0
"419",1.1763061761493,0.115636403910608,"FL",2024-01-05,1,1,1,1,1,0,1,1,1,1,1,1,1,1,1,0,0,0,0,1
"420",0.589294000003502,0.0692902090589038,"FL",2024-01-06,1,1,1,1,1,1,1,1,1,1,1,1,1,1,1,0,1,1,0,1
"421",NA,NA,"GA",2023-11-26,NA,NA,NA,NA,NA,NA,NA,NA,NA,NA,NA,NA,NA,NA,NA,NA,NA,NA,NA,NA
"422",1.46164379399097,0.325149834308323,"GA",2023-11-27,1,0,1,1,1,1,1,1,1,1,1,0,0,1,0,1,1,1,1,1
"423",1.01661910620939,0.147305624799936,"GA",2023-11-28,1,1,1,1,1,0,1,1,1,1,1,1,0,1,1,0,0,1,1,1
"424",1.25438721916633,0.430678513447909,"GA",2023-11-29,1,1,1,1,1,1,1,0,1,1,1,1,1,0,1,0,0,0,1,0
"425",0.721602823663454,0.521102796622956,"GA",2023-11-30,1,1,1,1,1,1,1,1,0,1,1,1,1,1,1,1,1,1,1,1
"426",1.54000624954556,0.427308717696977,"GA",2023-12-01,1,1,0,1,1,1,1,0,1,1,1,1,0,1,1,0,0,0,1,1
"427",0.753992000784658,0.399823473453826,"GA",2023-12-02,1,1,1,1,1,1,1,1,1,1,1,1,0,1,1,0,0,1,1,1
"428",0.849692283959206,0.241753830172146,"GA",2023-12-03,1,1,1,1,1,1,1,1,1,1,1,1,0,1,1,0,0,1,0,1
"429",1.73644910742438,0.492145555127658,"GA",2023-12-04,0,0,1,1,1,1,1,1,1,1,0,0,0,1,1,1,0,1,0,1
"430",1.22235349874199,0.469104990986385,"GA",2023-12-05,1,1,1,0,1,1,1,1,1,0,1,1,1,1,1,1,0,1,1,0
"431",1.70540682497505,0.439370119841368,"GA",2023-12-06,1,1,0,1,1,0,1,0,1,1,1,1,0,1,1,0,1,1,0,1
"432",1.0107209877233,0.511176109106479,"GA",2023-12-07,1,1,1,0,1,1,1,1,1,1,1,1,1,0,1,0,1,1,1,1
"433",1.41171528915536,0.445813238294641,"GA",2023-12-08,1,0,1,1,1,1,1,1,1,0,1,0,0,1,1,0,0,1,0,0
"434",1.08385887962484,0.385203230223144,"GA",2023-12-09,1,1,1,0,1,1,1,0,1,1,1,1,1,0,1,0,0,0,0,1
"435",0.885837936278735,0.386243866223928,"GA",2023-12-10,1,1,1,0,1,1,1,1,1,1,1,1,0,0,1,0,0,1,1,1
"436",1.18289705785376,0.400313069063488,"GA",2023-12-11,1,0,1,1,0,1,1,1,1,1,0,0,0,1,1,0,1,1,1,1
"437",0.979715589996664,0.432043644275371,"GA",2023-12-12,1,1,1,0,1,1,0,1,1,1,1,1,1,0,1,0,0,1,1,0
"438",1.11964573783266,0.288352317548581,"GA",2023-12-13,1,1,1,1,1,1,1,1,0,1,1,1,0,1,1,0,1,1,1,1
"439",0.870589795274125,0.272789753059097,"GA",2023-12-14,1,1,1,1,1,1,1,1,1,1,0,1,1,1,1,0,0,1,1,1
"440",0.575952112021148,0.265724991260478,"GA",2023-12-15,1,1,1,1,1,1,1,1,1,1,1,1,1,1,1,0,0,1,0,1
"441",0.357862400235938,0.242264746364976,"GA",2023-12-16,1,1,1,1,1,1,1,1,1,1,1,1,1,1,1,0,1,1,0,1
"442",0.361437404827252,0.253076477864537,"GA",2023-12-17,1,1,1,1,1,1,1,1,1,1,1,1,1,1,1,0,1,1,0,1
"443",2.72506953260565,0.413413454735195,"GA",2023-12-18,0,1,1,1,0,0,1,1,0,1,0,1,1,1,1,0,0,1,0,1
"444",1.75306294147404,0.317903706148884,"GA",2023-12-19,1,0,1,1,1,0,1,1,1,1,1,1,1,0,0,0,0,1,0,1
"445",1.06838785258459,0.402048384130714,"GA",2023-12-20,1,1,1,1,1,1,1,0,1,1,1,1,1,1,1,1,0,0,0,1
"446",1.31332446035172,0.254588800447585,"GA",2023-12-21,1,1,1,1,1,1,1,1,0,1,1,1,1,1,1,1,1,1,1,1
"447",1.70661431588687,0.242802543575667,"GA",2023-12-22,1,1,1,1,1,1,1,1,0,1,1,1,1,1,1,0,1,1,0,1
"448",1.05102002080738,0.355283139958409,"GA",2023-12-23,1,1,1,1,0,1,1,1,1,1,1,1,1,1,0,0,1,1,0,1
"449",1.27694691723593,0.329301292002354,"GA",2023-12-24,1,1,1,1,1,1,1,1,1,1,1,1,0,1,0,0,0,1,0,1
"450",0.939987662300167,0.301344656880203,"GA",2023-12-25,1,1,1,1,1,1,1,1,1,0,1,0,1,1,1,0,0,0,0,0
"451",1.62195554859293,0.306879542597223,"GA",2023-12-26,1,0,1,1,1,1,1,1,1,1,1,0,1,1,1,0,0,1,0,0
"452",1.05185704145872,0.310645396433171,"GA",2023-12-27,1,1,1,1,1,1,1,1,1,0,0,1,1,0,1,0,0,1,1,0
"453",1.67289119470002,0.344266427731245,"GA",2023-12-28,1,1,0,1,1,0,1,1,1,1,1,1,1,0,0,0,1,1,0,1
"454",2.49054184416641,0.256257918945433,"GA",2023-12-29,1,0,1,1,1,0,1,1,0,1,1,0,1,1,1,0,0,1,0,1
"455",0.760355257258196,0.292391163513117,"GA",2023-12-30,1,1,1,1,1,1,1,1,1,1,1,1,1,1,1,0,0,1,0,1
"456",0.402261952429837,0.2922859297817,"GA",2023-12-31,1,1,1,1,1,1,1,1,1,1,1,1,1,1,1,0,0,1,1,1
"457",0.786818743726373,0.296614924045326,"GA",2024-01-01,1,1,1,1,1,0,1,1,1,1,1,1,0,1,1,0,0,1,0,1
"458",1.7893582030822,0.315532764589558,"GA",2024-01-02,1,1,1,0,1,0,0,1,1,1,1,1,1,0,1,0,0,1,0,1
"459",3.23080778625315,0.186255655156656,"GA",2024-01-03,1,1,0,1,1,1,1,1,0,1,1,1,0,1,0,0,0,1,0,1
"460",0.801166727485401,0.250797800686132,"GA",2024-01-04,1,1,1,1,1,1,1,1,1,1,1,1,1,1,1,0,0,0,0,1
"461",1.71009540948408,0.117442841686848,"GA",2024-01-05,1,1,1,1,1,1,1,1,0,1,1,1,1,1,0,0,0,1,0,0
"462",0.859905259521173,0.292270635865152,"GA",2024-01-06,1,0,1,1,1,1,1,1,1,1,1,0,1,1,1,1,1,1,0,1
"463",NA,NA,"HI",2023-11-26,NA,NA,NA,NA,NA,NA,NA,NA,NA,NA,NA,NA,NA,NA,NA,NA,NA,NA,NA,NA
"464",NA,NA,"HI",2023-11-27,NA,NA,NA,NA,NA,NA,NA,NA,NA,NA,NA,NA,NA,NA,NA,NA,NA,NA,NA,NA
"465",NA,NA,"HI",2023-11-28,NA,NA,NA,NA,NA,NA,NA,NA,NA,NA,NA,NA,NA,NA,NA,NA,NA,NA,NA,NA
"466",NA,NA,"HI",2023-11-29,NA,NA,NA,NA,NA,NA,NA,NA,NA,NA,NA,NA,NA,NA,NA,NA,NA,NA,NA,NA
"467",NA,NA,"HI",2023-11-30,NA,NA,NA,NA,NA,NA,NA,NA,NA,NA,NA,NA,NA,NA,NA,NA,NA,NA,NA,NA
"468",NA,NA,"HI",2023-12-01,NA,NA,NA,NA,NA,NA,NA,NA,NA,NA,NA,NA,NA,NA,NA,NA,NA,NA,NA,NA
"469",NA,NA,"HI",2023-12-02,NA,NA,NA,NA,NA,NA,NA,NA,NA,NA,NA,NA,NA,NA,NA,NA,NA,NA,NA,NA
"470",NA,NA,"HI",2023-12-03,NA,NA,NA,NA,NA,NA,NA,NA,NA,NA,NA,NA,NA,NA,NA,NA,NA,NA,NA,NA
"471",NA,NA,"HI",2023-12-04,NA,NA,NA,NA,NA,NA,NA,NA,NA,NA,NA,NA,NA,NA,NA,NA,NA,NA,NA,NA
"472",NA,NA,"HI",2023-12-05,NA,NA,NA,NA,NA,NA,NA,NA,NA,NA,NA,NA,NA,NA,NA,NA,NA,NA,NA,NA
"473",NA,NA,"HI",2023-12-06,NA,NA,NA,NA,NA,NA,NA,NA,NA,NA,NA,NA,NA,NA,NA,NA,NA,NA,NA,NA
"474",NA,NA,"HI",2023-12-07,NA,NA,NA,NA,NA,NA,NA,NA,NA,NA,NA,NA,NA,NA,NA,NA,NA,NA,NA,NA
"475",NA,NA,"HI",2023-12-08,NA,NA,NA,NA,NA,NA,NA,NA,NA,NA,NA,NA,NA,NA,NA,NA,NA,NA,NA,NA
"476",NA,NA,"HI",2023-12-09,NA,NA,NA,NA,NA,NA,NA,NA,NA,NA,NA,NA,NA,NA,NA,NA,NA,NA,NA,NA
"477",NA,NA,"HI",2023-12-10,NA,NA,NA,NA,NA,NA,NA,NA,NA,NA,NA,NA,NA,NA,NA,NA,NA,NA,NA,NA
"478",NA,NA,"HI",2023-12-11,NA,NA,NA,NA,NA,NA,NA,NA,NA,NA,NA,NA,NA,NA,NA,NA,NA,NA,NA,NA
"479",NA,NA,"HI",2023-12-12,NA,NA,NA,NA,NA,NA,NA,NA,NA,NA,NA,NA,NA,NA,NA,NA,NA,NA,NA,NA
"480",NA,NA,"HI",2023-12-13,NA,NA,NA,NA,NA,NA,NA,NA,NA,NA,NA,NA,NA,NA,NA,NA,NA,NA,NA,NA
"481",NA,NA,"HI",2023-12-14,NA,NA,NA,NA,NA,NA,NA,NA,NA,NA,NA,NA,NA,NA,NA,NA,NA,NA,NA,NA
"482",NA,NA,"HI",2023-12-15,NA,NA,NA,NA,NA,NA,NA,NA,NA,NA,NA,NA,NA,NA,NA,NA,NA,NA,NA,NA
"483",NA,NA,"HI",2023-12-16,NA,NA,NA,NA,NA,NA,NA,NA,NA,NA,NA,NA,NA,NA,NA,NA,NA,NA,NA,NA
"484",NA,NA,"HI",2023-12-17,NA,NA,NA,NA,NA,NA,NA,NA,NA,NA,NA,NA,NA,NA,NA,NA,NA,NA,NA,NA
"485",NA,NA,"HI",2023-12-18,NA,NA,NA,NA,NA,NA,NA,NA,NA,NA,NA,NA,NA,NA,NA,NA,NA,NA,NA,NA
"486",NA,NA,"HI",2023-12-19,NA,NA,NA,NA,NA,NA,NA,NA,NA,NA,NA,NA,NA,NA,NA,NA,NA,NA,NA,NA
"487",NA,NA,"HI",2023-12-20,NA,NA,NA,NA,NA,NA,NA,NA,NA,NA,NA,NA,NA,NA,NA,NA,NA,NA,NA,NA
"488",NA,NA,"HI",2023-12-21,NA,NA,NA,NA,NA,NA,NA,NA,NA,NA,NA,NA,NA,NA,NA,NA,NA,NA,NA,NA
"489",NA,NA,"HI",2023-12-22,NA,NA,NA,NA,NA,NA,NA,NA,NA,NA,NA,NA,NA,NA,NA,NA,NA,NA,NA,NA
"490",NA,NA,"HI",2023-12-23,NA,NA,NA,NA,NA,NA,NA,NA,NA,NA,NA,NA,NA,NA,NA,NA,NA,NA,NA,NA
"491",NA,NA,"HI",2023-12-24,NA,NA,NA,NA,NA,NA,NA,NA,NA,NA,NA,NA,NA,NA,NA,NA,NA,NA,NA,NA
"492",NA,NA,"HI",2023-12-25,NA,NA,NA,NA,NA,NA,NA,NA,NA,NA,NA,NA,NA,NA,NA,NA,NA,NA,NA,NA
"493",NA,NA,"HI",2023-12-26,NA,NA,NA,NA,NA,NA,NA,NA,NA,NA,NA,NA,NA,NA,NA,NA,NA,NA,NA,NA
"494",NA,NA,"HI",2023-12-27,NA,NA,NA,NA,NA,NA,NA,NA,NA,NA,NA,NA,NA,NA,NA,NA,NA,NA,NA,NA
"495",NA,NA,"HI",2023-12-28,NA,NA,NA,NA,NA,NA,NA,NA,NA,NA,NA,NA,NA,NA,NA,NA,NA,NA,NA,NA
"496",NA,NA,"HI",2023-12-29,NA,NA,NA,NA,NA,NA,NA,NA,NA,NA,NA,NA,NA,NA,NA,NA,NA,NA,NA,NA
"497",NA,NA,"HI",2023-12-30,NA,NA,NA,NA,NA,NA,NA,NA,NA,NA,NA,NA,NA,NA,NA,NA,NA,NA,NA,NA
"498",NA,NA,"HI",2023-12-31,NA,NA,NA,NA,NA,NA,NA,NA,NA,NA,NA,NA,NA,NA,NA,NA,NA,NA,NA,NA
"499",NA,NA,"HI",2024-01-01,NA,NA,NA,NA,NA,NA,NA,NA,NA,NA,NA,NA,NA,NA,NA,NA,NA,NA,NA,NA
"500",NA,NA,"HI",2024-01-02,NA,NA,NA,NA,NA,NA,NA,NA,NA,NA,NA,NA,NA,NA,NA,NA,NA,NA,NA,NA
"501",NA,NA,"HI",2024-01-03,NA,NA,NA,NA,NA,NA,NA,NA,NA,NA,NA,NA,NA,NA,NA,NA,NA,NA,NA,NA
"502",NA,NA,"HI",2024-01-04,NA,NA,NA,NA,NA,NA,NA,NA,NA,NA,NA,NA,NA,NA,NA,NA,NA,NA,NA,NA
"503",NA,NA,"HI",2024-01-05,NA,NA,NA,NA,NA,NA,NA,NA,NA,NA,NA,NA,NA,NA,NA,NA,NA,NA,NA,NA
"504",NA,NA,"HI",2024-01-06,NA,NA,NA,NA,NA,NA,NA,NA,NA,NA,NA,NA,NA,NA,NA,NA,NA,NA,NA,NA
"505",1.81283132171935,0.323574002213559,"IA",2023-11-26,1,1,1,1,1,1,1,1,1,1,1,1,0,0,1,0,0,1,1,0
"506",2.76804080656544,0.33159749978484,"IA",2023-11-27,0,1,1,1,1,0,1,1,0,0,0,0,0,1,0,0,0,1,1,0
"507",1.85989060988338,0.416451046670058,"IA",2023-11-28,0,1,1,1,1,1,1,0,1,1,1,0,1,1,1,0,0,1,0,0
"508",4.97781330931901,0.371454887984178,"IA",2023-11-29,0,1,1,0,1,1,1,1,0,1,0,0,0,0,0,0,1,0,0,0
"509",3.32857580912788,0.437834279215639,"IA",2023-11-30,0,0,1,1,1,1,0,0,0,0,0,0,1,1,1,0,0,1,0,1
"510",1.6080542218973,0.384349103328423,"IA",2023-12-01,1,1,1,1,1,1,1,1,1,0,1,1,0,1,0,0,0,0,0,0
"511",2.17266595326608,0.326219070907359,"IA",2023-12-02,1,1,1,1,1,1,1,1,0,1,1,1,0,0,0,0,1,1,0,1
"512",2.04720514122541,0.439097005393225,"IA",2023-12-03,1,1,1,0,1,1,1,1,1,0,1,1,1,1,1,1,1,0,1,0
"513",5.25566251484735,0.386654475653228,"IA",2023-12-04,0,1,0,1,1,1,1,1,0,0,0,1,0,1,1,0,0,0,1,0
"514",1.61128941905469,0.393034883852859,"IA",2023-12-05,1,1,1,1,1,1,1,1,1,1,1,1,0,0,0,0,1,1,0,0
"515",1.71655375005428,0.338886804809565,"IA",2023-12-06,1,1,1,1,0,1,1,1,0,1,1,1,0,0,0,0,0,1,0,1
"516",1.58178172416439,0.329338731711587,"IA",2023-12-07,1,1,1,1,1,1,1,1,1,1,1,0,0,0,0,0,0,1,0,0
"517",2.97609641366687,0.310818914295561,"IA",2023-12-08,1,1,1,1,0,0,1,1,1,1,1,1,0,0,0,0,0,1,0,0
"518",1.68090810377166,0.309802324443712,"IA",2023-12-09,0,1,1,1,1,1,1,1,1,1,0,0,0,1,1,0,1,1,0,1
"519",2.14025161403312,0.279683002604136,"IA",2023-12-10,1,0,1,1,1,1,1,1,0,1,1,0,1,0,0,1,1,1,0,1
"520",2.46573434958998,0.375714002039778,"IA",2023-12-11,1,0,0,1,1,1,0,0,1,1,1,0,0,0,1,0,0,1,0,0
"521",5.1478704839834,0.343941559564944,"IA",2023-12-12,1,0,1,1,1,0,1,1,0,1,1,0,0,0,1,0,0,1,0,0
"522",1.5501811260078,0.290252710041187,"IA",2023-12-13,1,1,1,1,1,1,1,1,1,1,1,1,0,0,1,0,1,1,1,0
"523",2.20362106654644,0.384896591438246,"IA",2023-12-14,1,0,1,1,1,1,1,0,1,1,1,0,0,1,0,0,1,0,0,1
"524",2.56892263947399,0.403077448228906,"IA",2023-12-15,0,0,0,1,0,1,1,1,1,1,0,0,0,1,0,0,1,1,0,1
"525",1.37282728338117,0.238680143721437,"IA",2023-12-16,1,1,1,1,0,1,1,1,1,1,1,1,0,0,0,0,1,1,0,0
"526",0.830747705682623,0.273902391370663,"IA",2023-12-17,1,1,1,1,1,1,0,1,1,1,1,1,0,1,1,1,0,1,0,1
"527",3.55191929487891,0.268155310456353,"IA",2023-12-18,1,1,1,0,0,0,1,1,1,1,0,1,0,0,0,0,1,1,0,1
"528",1.77420964928276,0.281001997196662,"IA",2023-12-19,1,0,1,0,1,1,1,1,1,1,1,0,0,0,1,1,1,1,0,1
"529",1.94469229133794,0.374432873721627,"IA",2023-12-20,1,1,1,0,1,1,0,0,0,1,1,1,1,0,1,0,0,0,0,1
"530",2.13640314097697,0.313540274299539,"IA",2023-12-21,1,1,1,1,1,1,1,0,0,1,1,1,0,0,1,0,0,0,0,1
"531",1.31511559021873,0.14779076495144,"IA",2023-12-22,1,1,1,1,1,1,1,1,0,1,1,1,0,1,1,0,1,1,0,1
"532",1.86904805346438,0.489120157565531,"IA",2023-12-23,1,1,1,1,1,0,1,1,0,0,1,1,1,0,1,0,1,1,0,0
"533",1.25541018178089,0.184964920923365,"IA",2023-12-24,1,1,1,1,1,1,1,1,1,1,0,1,0,1,1,0,0,1,1,1
"534",3.12530729335555,0.392634401641053,"IA",2023-12-25,1,1,0,0,0,1,1,1,0,1,1,1,0,0,0,0,1,1,0,1
"535",2.21251513476389,0.255505960104719,"IA",2023-12-26,1,1,1,1,1,0,1,0,0,0,1,0,1,1,1,0,0,0,0,0
"536",1.61065592299755,0.238997365335518,"IA",2023-12-27,1,1,1,1,1,0,1,1,1,1,1,1,0,1,1,0,1,0,1,1
"537",1.70100732834523,0.181686185915697,"IA",2023-12-28,1,0,1,1,1,1,0,1,1,1,1,0,1,1,1,0,0,1,0,1
"538",1.14574298012993,0.189564229009207,"IA",2023-12-29,1,1,1,1,0,1,0,1,1,1,1,1,0,1,0,0,1,1,0,1
"539",0.896048936961241,0.211566257477082,"IA",2023-12-30,1,1,1,1,1,1,1,1,1,0,1,0,1,1,1,1,1,1,1,0
"540",4.98129594213788,0.452828163001978,"IA",2023-12-31,1,0,1,1,1,0,1,1,0,1,1,0,0,1,1,0,0,1,0,1
"541",0.258129997592112,0.022522766533433,"IA",2024-01-01,1,1,1,1,1,1,1,1,1,1,1,1,1,1,1,1,0,1,0,1
"542",2.90854452240759,0.27931892836913,"IA",2024-01-02,1,0,1,0,0,0,1,1,0,1,1,0,0,0,0,0,1,0,0,1
"543",2.55763352652029,0.252466507486745,"IA",2024-01-03,1,1,0,1,0,1,1,1,0,1,1,1,0,1,0,0,1,1,0,0
"544",1.79493883694584,0.206155766408899,"IA",2024-01-04,1,1,1,1,1,0,1,1,0,1,1,1,1,1,1,0,1,1,0,1
"545",2.04681220348776,0.87270993126788,"IA",2024-01-05,1,0,1,1,0,1,1,1,0,1,1,0,1,1,0,0,1,1,1,1
"546",3.03351664428026,0.66221769187006,"IA",2024-01-06,1,0,1,1,1,1,1,1,0,0,1,0,1,1,1,0,1,0,0,0
"547",NA,NA,"ID",2023-11-26,NA,NA,NA,NA,NA,NA,NA,NA,NA,NA,NA,NA,NA,NA,NA,NA,NA,NA,NA,NA
"548",NA,NA,"ID",2023-11-27,NA,NA,NA,NA,NA,NA,NA,NA,NA,NA,NA,NA,NA,NA,NA,NA,NA,NA,NA,NA
"549",NA,NA,"ID",2023-11-28,NA,NA,NA,NA,NA,NA,NA,NA,NA,NA,NA,NA,NA,NA,NA,NA,NA,NA,NA,NA
"550",NA,NA,"ID",2023-11-29,NA,NA,NA,NA,NA,NA,NA,NA,NA,NA,NA,NA,NA,NA,NA,NA,NA,NA,NA,NA
"551",NA,NA,"ID",2023-11-30,NA,NA,NA,NA,NA,NA,NA,NA,NA,NA,NA,NA,NA,NA,NA,NA,NA,NA,NA,NA
"552",NA,NA,"ID",2023-12-01,NA,NA,NA,NA,NA,NA,NA,NA,NA,NA,NA,NA,NA,NA,NA,NA,NA,NA,NA,NA
"553",NA,NA,"ID",2023-12-02,NA,NA,NA,NA,NA,NA,NA,NA,NA,NA,NA,NA,NA,NA,NA,NA,NA,NA,NA,NA
"554",NA,NA,"ID",2023-12-03,NA,NA,NA,NA,NA,NA,NA,NA,NA,NA,NA,NA,NA,NA,NA,NA,NA,NA,NA,NA
"555",NA,NA,"ID",2023-12-04,NA,NA,NA,NA,NA,NA,NA,NA,NA,NA,NA,NA,NA,NA,NA,NA,NA,NA,NA,NA
"556",NA,NA,"ID",2023-12-05,NA,NA,NA,NA,NA,NA,NA,NA,NA,NA,NA,NA,NA,NA,NA,NA,NA,NA,NA,NA
"557",NA,NA,"ID",2023-12-06,NA,NA,NA,NA,NA,NA,NA,NA,NA,NA,NA,NA,NA,NA,NA,NA,NA,NA,NA,NA
"558",NA,NA,"ID",2023-12-07,NA,NA,NA,NA,NA,NA,NA,NA,NA,NA,NA,NA,NA,NA,NA,NA,NA,NA,NA,NA
"559",0.315303014936974,0.251521329857362,"ID",2023-12-08,1,1,1,1,1,1,1,1,1,1,1,1,1,1,1,1,1,1,1,1
"560",0.800119805130895,0.561860922709649,"ID",2023-12-09,1,1,1,0,1,1,1,1,1,1,1,1,1,0,1,0,1,1,1,1
"561",NA,NA,"ID",2023-12-10,NA,NA,NA,NA,NA,NA,NA,NA,NA,NA,NA,NA,NA,NA,NA,NA,NA,NA,NA,NA
"562",NA,NA,"ID",2023-12-11,NA,NA,NA,NA,NA,NA,NA,NA,NA,NA,NA,NA,NA,NA,NA,NA,NA,NA,NA,NA
"563",NA,NA,"ID",2023-12-12,NA,NA,NA,NA,NA,NA,NA,NA,NA,NA,NA,NA,NA,NA,NA,NA,NA,NA,NA,NA
"564",NA,NA,"ID",2023-12-13,NA,NA,NA,NA,NA,NA,NA,NA,NA,NA,NA,NA,NA,NA,NA,NA,NA,NA,NA,NA
"565",NA,NA,"ID",2023-12-14,NA,NA,NA,NA,NA,NA,NA,NA,NA,NA,NA,NA,NA,NA,NA,NA,NA,NA,NA,NA
"566",NA,NA,"ID",2023-12-15,NA,NA,NA,NA,NA,NA,NA,NA,NA,NA,NA,NA,NA,NA,NA,NA,NA,NA,NA,NA
"567",NA,NA,"ID",2023-12-16,NA,NA,NA,NA,NA,NA,NA,NA,NA,NA,NA,NA,NA,NA,NA,NA,NA,NA,NA,NA
"568",NA,NA,"ID",2023-12-17,NA,NA,NA,NA,NA,NA,NA,NA,NA,NA,NA,NA,NA,NA,NA,NA,NA,NA,NA,NA
"569",NA,NA,"ID",2023-12-18,NA,NA,NA,NA,NA,NA,NA,NA,NA,NA,NA,NA,NA,NA,NA,NA,NA,NA,NA,NA
"570",NA,NA,"ID",2023-12-19,NA,NA,NA,NA,NA,NA,NA,NA,NA,NA,NA,NA,NA,NA,NA,NA,NA,NA,NA,NA
"571",NA,NA,"ID",2023-12-20,NA,NA,NA,NA,NA,NA,NA,NA,NA,NA,NA,NA,NA,NA,NA,NA,NA,NA,NA,NA
"572",0.311025400596761,0.163818334652897,"ID",2023-12-21,1,1,1,1,1,1,1,1,1,1,1,1,1,1,1,1,0,1,0,1
"573",NA,NA,"ID",2023-12-22,NA,NA,NA,NA,NA,NA,NA,NA,NA,NA,NA,NA,NA,NA,NA,NA,NA,NA,NA,NA
"574",NA,NA,"ID",2023-12-23,NA,NA,NA,NA,NA,NA,NA,NA,NA,NA,NA,NA,NA,NA,NA,NA,NA,NA,NA,NA
"575",NA,NA,"ID",2023-12-24,NA,NA,NA,NA,NA,NA,NA,NA,NA,NA,NA,NA,NA,NA,NA,NA,NA,NA,NA,NA
"576",NA,NA,"ID",2023-12-25,NA,NA,NA,NA,NA,NA,NA,NA,NA,NA,NA,NA,NA,NA,NA,NA,NA,NA,NA,NA
"577",NA,NA,"ID",2023-12-26,NA,NA,NA,NA,NA,NA,NA,NA,NA,NA,NA,NA,NA,NA,NA,NA,NA,NA,NA,NA
"578",NA,NA,"ID",2023-12-27,NA,NA,NA,NA,NA,NA,NA,NA,NA,NA,NA,NA,NA,NA,NA,NA,NA,NA,NA,NA
"579",NA,NA,"ID",2023-12-28,NA,NA,NA,NA,NA,NA,NA,NA,NA,NA,NA,NA,NA,NA,NA,NA,NA,NA,NA,NA
"580",NA,NA,"ID",2023-12-29,NA,NA,NA,NA,NA,NA,NA,NA,NA,NA,NA,NA,NA,NA,NA,NA,NA,NA,NA,NA
"581",NA,NA,"ID",2023-12-30,NA,NA,NA,NA,NA,NA,NA,NA,NA,NA,NA,NA,NA,NA,NA,NA,NA,NA,NA,NA
"582",NA,NA,"ID",2023-12-31,NA,NA,NA,NA,NA,NA,NA,NA,NA,NA,NA,NA,NA,NA,NA,NA,NA,NA,NA,NA
"583",NA,NA,"ID",2024-01-01,NA,NA,NA,NA,NA,NA,NA,NA,NA,NA,NA,NA,NA,NA,NA,NA,NA,NA,NA,NA
"584",NA,NA,"ID",2024-01-02,NA,NA,NA,NA,NA,NA,NA,NA,NA,NA,NA,NA,NA,NA,NA,NA,NA,NA,NA,NA
"585",0.117902786584683,0.0544729425536344,"ID",2024-01-03,1,1,1,1,1,1,1,1,1,1,1,1,1,1,1,0,1,1,0,1
"586",NA,NA,"ID",2024-01-04,NA,NA,NA,NA,NA,NA,NA,NA,NA,NA,NA,NA,NA,NA,NA,NA,NA,NA,NA,NA
"587",NA,NA,"ID",2024-01-05,NA,NA,NA,NA,NA,NA,NA,NA,NA,NA,NA,NA,NA,NA,NA,NA,NA,NA,NA,NA
"588",NA,NA,"ID",2024-01-06,NA,NA,NA,NA,NA,NA,NA,NA,NA,NA,NA,NA,NA,NA,NA,NA,NA,NA,NA,NA
"589",2.90994967067176,0.340499154700756,"IL",2023-11-26,0,1,0,1,1,1,1,1,0,1,0,0,0,0,1,0,1,0,0,0
"590",3.5426255461557,0.354556871484095,"IL",2023-11-27,1,0,1,1,1,1,0,1,0,0,1,0,0,1,0,0,1,0,0,0
"591",2.79048273943944,0.321721353325951,"IL",2023-11-28,1,0,1,1,1,1,1,1,1,1,1,0,0,0,1,1,0,0,0,0
"592",5.25455282302106,0.399480069806602,"IL",2023-11-29,1,1,1,1,0,0,1,1,0,1,0,1,0,0,0,0,1,1,0,0
"593",2.01110606476085,0.348579432734878,"IL",2023-11-30,1,1,1,1,1,1,1,1,1,1,0,1,1,0,0,0,0,0,0,0
"594",2.42462119931955,0.355051399509331,"IL",2023-12-01,1,1,1,1,1,1,1,1,0,1,0,1,0,0,1,1,0,0,0,1
"595",4.06374284912335,0.318904446552106,"IL",2023-12-02,1,0,1,0,1,0,1,1,1,0,0,0,0,0,1,0,0,1,0,0
"596",1.67563450912651,0.33318745770746,"IL",2023-12-03,1,1,1,1,1,1,1,1,1,1,1,0,0,0,1,0,0,0,0,1
"597",2.98717019870732,0.35084079273275,"IL",2023-12-04,1,1,1,1,1,1,1,1,1,1,0,0,0,0,0,0,0,0,0,0
"598",3.94579987536951,0.362565082327937,"IL",2023-12-05,1,0,0,0,1,1,1,1,1,1,1,0,0,0,0,0,0,1,0,0
"599",2.77202090668695,0.396375600362127,"IL",2023-12-06,1,0,1,1,1,1,1,1,1,1,1,0,0,0,0,0,0,1,0,0
"600",4.24367598179072,0.383336459190741,"IL",2023-12-07,1,0,1,1,1,1,1,1,1,1,1,0,0,0,0,1,0,1,0,1
"601",2.39570037956521,0.329244340419694,"IL",2023-12-08,1,1,0,1,1,0,1,1,1,1,1,0,0,1,1,0,1,1,0,0
"602",3.48167776748829,0.387015351657676,"IL",2023-12-09,1,1,0,1,1,0,1,1,0,1,1,1,0,0,1,0,1,1,0,1
"603",4.54394045389269,0.43019561506472,"IL",2023-12-10,1,0,1,1,1,1,0,1,0,1,1,0,0,0,0,0,0,1,0,0
"604",5.00845318376789,0.369608437288655,"IL",2023-12-11,1,0,1,0,1,0,1,1,0,1,1,0,0,0,1,0,0,0,0,0
"605",3.05171351844272,0.357389202016516,"IL",2023-12-12,1,1,1,0,1,0,1,1,0,1,1,0,1,1,1,0,0,1,0,0
"606",2.51145219569997,0.335304875841353,"IL",2023-12-13,1,1,1,0,1,0,1,1,1,1,1,0,1,0,1,0,0,0,0,0
"607",4.19807180792738,0.377842763929944,"IL",2023-12-14,0,0,1,1,0,0,1,1,1,0,0,0,1,1,1,0,0,1,0,0
"608",3.19191934381561,0.383465747554645,"IL",2023-12-15,0,0,1,1,1,1,1,1,0,0,0,1,0,0,1,0,1,1,0,1
"609",4.56354457652188,0.39335445729959,"IL",2023-12-16,1,0,1,1,1,1,1,1,0,0,1,0,1,0,1,0,0,0,0,0
"610",2.95588042994537,0.372973658912692,"IL",2023-12-17,1,1,0,1,1,1,1,1,0,1,1,1,1,1,1,0,1,1,0,0
"611",3.60702242524264,0.342787612374518,"IL",2023-12-18,1,0,1,1,0,0,1,1,1,1,1,0,1,0,0,0,0,0,0,0
"612",3.39425451544449,0.322215171216242,"IL",2023-12-19,1,1,0,1,0,1,0,1,1,1,1,0,0,1,0,0,0,1,0,0
"613",3.59083185717101,0.315904068918106,"IL",2023-12-20,0,0,1,1,1,1,0,1,1,1,0,0,0,0,0,0,0,0,0,0
"614",2.05294752327041,0.315067833849712,"IL",2023-12-21,1,1,1,1,1,1,1,0,1,1,1,0,0,1,1,0,1,0,0,0
"615",2.62427154282292,0.332988108912104,"IL",2023-12-22,0,0,1,1,1,1,1,1,1,1,0,0,0,0,0,0,0,1,1,0
"616",2.07970743810348,0.36034350857128,"IL",2023-12-23,1,1,1,1,0,1,1,1,0,1,1,1,1,1,0,0,1,1,0,0
"617",2.63152965105715,0.327165587937418,"IL",2023-12-24,1,0,1,1,1,1,0,1,1,1,1,0,0,1,1,0,0,1,0,1
"618",1.07588575759955,0.297287912828861,"IL",2023-12-25,1,0,1,1,1,1,1,1,1,1,0,0,1,1,1,0,0,1,0,1
"619",5.13766933694531,0.316246042292853,"IL",2023-12-26,1,1,1,1,1,0,1,1,0,1,1,0,0,1,1,0,0,0,0,0
"620",2.49215718925881,0.249811403370573,"IL",2023-12-27,0,1,1,1,1,1,1,1,1,1,0,0,1,0,1,0,1,0,0,1
"621",1.92536835648672,0.270195911685577,"IL",2023-12-28,0,0,0,1,1,1,1,1,1,1,0,0,0,1,1,0,1,0,0,1
"622",1.0528768822074,0.193770769664849,"IL",2023-12-29,1,1,1,1,1,1,1,1,1,1,1,1,0,1,1,1,0,1,1,1
"623",2.05006779057281,0.235917869080943,"IL",2023-12-30,1,1,1,1,1,0,1,1,1,1,1,1,0,1,1,0,1,1,0,0
"624",3.84188972620237,0.327843091385116,"IL",2023-12-31,1,0,1,1,1,0,1,1,0,1,1,0,1,0,1,0,0,1,0,1
"625",2.62706849583788,0.273461915514775,"IL",2024-01-01,1,0,1,1,0,1,1,0,1,1,1,0,1,0,0,1,0,0,0,1
"626",9.61754486198581,0.327620011764903,"IL",2024-01-02,1,0,0,0,1,0,1,1,0,1,1,0,0,0,1,0,1,0,0,1
"627",3.96575403747052,0.241285401203382,"IL",2024-01-03,1,0,1,1,1,1,1,1,1,1,1,0,1,1,1,0,1,1,0,1
"628",2.29228664246714,0.326040745581839,"IL",2024-01-04,0,0,0,1,1,1,1,0,0,1,0,0,0,1,1,0,1,0,0,1
"629",2.63992475611883,0.259350434863211,"IL",2024-01-05,1,1,1,1,1,0,1,1,0,0,1,1,1,1,1,0,1,1,0,1
"630",1.45611369125754,0.22916855153547,"IL",2024-01-06,1,0,1,1,1,1,1,1,1,1,1,0,1,1,1,0,0,1,0,1
"631",0.768298048389284,0.541885628444665,"IN",2023-11-26,1,1,1,0,1,1,1,1,1,1,1,1,0,0,1,1,1,1,1,1
"632",0.726311563800723,0.343616673074696,"IN",2023-11-27,1,1,1,1,1,1,1,1,1,1,1,1,0,0,1,0,0,1,1,1
"633",1.45854299365292,0.485766387691398,"IN",2023-11-28,1,1,1,1,1,1,1,1,0,1,1,1,1,1,1,0,1,1,0,1
"634",1.40003344915515,0.308998412902022,"IN",2023-11-29,1,0,1,1,1,0,1,1,1,1,0,0,0,1,1,0,1,1,1,1
"635",1.10033844907781,0.392764808641069,"IN",2023-11-30,1,1,1,1,1,1,1,1,0,1,1,0,0,1,1,0,1,1,0,1
"636",0.985834611289436,0.334904972302194,"IN",2023-12-01,1,1,1,1,1,1,1,1,1,0,1,1,0,1,1,0,1,1,1,0
"637",NA,NA,"IN",2023-12-02,NA,NA,NA,NA,NA,NA,NA,NA,NA,NA,NA,NA,NA,NA,NA,NA,NA,NA,NA,NA
"638",0.607428738394869,0.442134352915295,"IN",2023-12-03,1,1,0,1,1,1,1,1,1,1,1,1,0,1,1,1,1,1,0,1
"639",3.43961689790715,0.437250764696595,"IN",2023-12-04,1,1,0,1,1,0,1,1,1,1,1,1,0,1,1,0,1,0,1,1
"640",1.4764051332981,0.367595768943072,"IN",2023-12-05,1,0,1,1,1,1,1,1,1,1,1,0,0,0,1,0,1,1,1,0
"641",1.10731126924716,0.465731346264629,"IN",2023-12-06,0,1,1,1,1,1,0,1,1,1,0,1,1,1,1,0,0,1,0,1
"642",NA,NA,"IN",2023-12-07,NA,NA,NA,NA,NA,NA,NA,NA,NA,NA,NA,NA,NA,NA,NA,NA,NA,NA,NA,NA
"643",NA,NA,"IN",2023-12-08,NA,NA,NA,NA,NA,NA,NA,NA,NA,NA,NA,NA,NA,NA,NA,NA,NA,NA,NA,NA
"644",NA,NA,"IN",2023-12-09,NA,NA,NA,NA,NA,NA,NA,NA,NA,NA,NA,NA,NA,NA,NA,NA,NA,NA,NA,NA
"645",NA,NA,"IN",2023-12-10,NA,NA,NA,NA,NA,NA,NA,NA,NA,NA,NA,NA,NA,NA,NA,NA,NA,NA,NA,NA
"646",0.93333917698251,0.365112339284442,"IN",2023-12-11,1,1,1,1,1,1,1,1,1,1,0,1,0,1,1,0,0,1,0,1
"647",1.20606507673148,0.587544804660599,"IN",2023-12-12,0,1,1,1,1,1,0,1,1,1,0,1,1,1,1,0,0,1,1,1
"648",0.940803621895784,0.390316518338882,"IN",2023-12-13,1,1,1,1,1,1,1,1,1,0,1,1,1,1,1,0,1,0,0,0
"649",1.27308304206599,0.378074706979626,"IN",2023-12-14,1,0,1,1,1,1,1,1,1,1,1,1,1,1,1,0,1,1,0,1
"650",1.41880534235213,0.322377722047216,"IN",2023-12-15,1,0,1,1,1,1,1,1,1,1,1,0,0,0,1,0,1,1,1,1
"651",0.961902780019369,0.48035605010697,"IN",2023-12-16,0,1,1,1,1,1,1,1,1,1,0,1,1,1,1,1,1,1,0,1
"652",1.79454312057432,0.346174544798658,"IN",2023-12-17,1,1,1,1,1,0,1,1,0,1,1,1,1,1,1,0,1,1,0,1
"653",0.773858575394332,0.39076026539529,"IN",2023-12-18,1,1,1,0,1,1,1,1,1,1,1,0,1,0,1,0,1,1,0,1
"654",2.15804719390171,0.412621621404681,"IN",2023-12-19,1,1,1,1,0,0,1,1,0,1,1,1,1,1,0,0,1,1,0,1
"655",1.20302746431987,0.431213085358635,"IN",2023-12-20,1,1,1,1,1,1,1,1,1,0,1,1,0,1,1,0,0,1,1,0
"656",0.667560810157317,0.165882685606589,"IN",2023-12-21,1,1,1,1,1,1,1,1,0,1,1,1,1,1,1,0,1,1,0,1
"657",0.731804910929947,0.315616993562763,"IN",2023-12-22,1,1,1,1,1,1,1,1,1,1,1,1,0,1,1,1,0,1,1,1
"658",NA,NA,"IN",2023-12-23,NA,NA,NA,NA,NA,NA,NA,NA,NA,NA,NA,NA,NA,NA,NA,NA,NA,NA,NA,NA
"659",0.641336332727223,0.459049391174553,"IN",2023-12-24,1,1,1,1,1,0,1,1,1,1,1,1,0,1,1,0,1,1,1,1
"660",0.641805356658163,0.477072623811281,"IN",2023-12-25,1,1,1,1,1,0,1,1,1,1,1,1,1,0,1,0,1,1,1,1
"661",0.454150680925132,0.107977999582798,"IN",2023-12-26,1,1,1,1,1,1,1,1,1,1,1,1,1,1,1,1,1,1,1,1
"662",0.425545518895582,0.236778676107379,"IN",2023-12-27,1,1,1,1,1,1,1,1,1,1,1,1,0,1,1,1,1,1,0,1
"663",0.864391706821905,0.296746486895215,"IN",2023-12-28,1,0,1,1,1,1,1,1,1,1,1,0,1,1,1,0,1,1,1,1
"664",NA,NA,"IN",2023-12-29,NA,NA,NA,NA,NA,NA,NA,NA,NA,NA,NA,NA,NA,NA,NA,NA,NA,NA,NA,NA
"665",NA,NA,"IN",2023-12-30,NA,NA,NA,NA,NA,NA,NA,NA,NA,NA,NA,NA,NA,NA,NA,NA,NA,NA,NA,NA
"666",0.311768041656319,0.0655052463580174,"IN",2023-12-31,1,1,1,1,1,1,1,1,1,1,1,1,1,1,1,1,1,1,1,1
"667",0.0999661745574751,0.0588206284723783,"IN",2024-01-01,1,1,1,1,1,1,1,1,1,1,1,1,1,1,1,1,1,1,1,1
"668",0.897601298246498,0.218261718304752,"IN",2024-01-02,1,1,1,1,1,1,1,1,1,1,1,1,1,1,1,0,1,1,0,1
"669",0.439236441155431,0.195987122641299,"IN",2024-01-03,1,1,1,1,1,1,1,1,1,1,1,1,1,1,1,0,1,1,0,1
"670",0.624770366018786,0.351069479796406,"IN",2024-01-04,1,1,1,1,1,0,1,1,1,1,1,1,1,1,1,0,1,1,0,1
"671",0.0643458118986626,0.0373900117068455,"IN",2024-01-05,1,1,1,1,1,1,1,1,1,1,1,1,1,1,1,1,1,1,1,1
"672",NA,NA,"IN",2024-01-06,NA,NA,NA,NA,NA,NA,NA,NA,NA,NA,NA,NA,NA,NA,NA,NA,NA,NA,NA,NA
"673",NA,NA,"KS",2023-11-26,NA,NA,NA,NA,NA,NA,NA,NA,NA,NA,NA,NA,NA,NA,NA,NA,NA,NA,NA,NA
"674",1.23850953305467,0.468080397908926,"KS",2023-11-27,0,1,1,1,0,1,1,1,1,1,0,1,1,0,0,1,1,1,1,0
"675",1.74329601701846,0.407971224364594,"KS",2023-11-28,1,1,1,1,1,1,0,1,1,1,1,0,1,0,0,0,0,1,1,1
"676",0.881139148843441,0.415398213449013,"KS",2023-11-29,1,0,1,1,1,1,1,1,1,1,1,0,1,1,1,0,0,1,0,1
"677",NA,NA,"KS",2023-11-30,NA,NA,NA,NA,NA,NA,NA,NA,NA,NA,NA,NA,NA,NA,NA,NA,NA,NA,NA,NA
"678",1.00390714150088,0.444070533141814,"KS",2023-12-01,1,1,1,0,0,1,1,1,1,1,1,1,1,0,0,1,0,1,1,0
"679",NA,NA,"KS",2023-12-02,NA,NA,NA,NA,NA,NA,NA,NA,NA,NA,NA,NA,NA,NA,NA,NA,NA,NA,NA,NA
"680",NA,NA,"KS",2023-12-03,NA,NA,NA,NA,NA,NA,NA,NA,NA,NA,NA,NA,NA,NA,NA,NA,NA,NA,NA,NA
"681",0.581275022334995,0.393027463634706,"KS",2023-12-04,1,1,1,1,1,1,1,1,0,1,1,1,1,1,1,1,0,1,0,1
"682",0.985981963859378,0.479306794731296,"KS",2023-12-05,1,1,0,1,1,1,0,1,1,1,1,1,0,1,1,1,0,0,0,1
"683",1.13027728294171,0.474229184151831,"KS",2023-12-06,1,1,1,1,1,1,1,0,1,1,1,1,0,1,1,1,0,0,0,1
"684",1.46213906166281,0.4846456983331,"KS",2023-12-07,1,1,1,1,1,1,0,1,1,1,1,1,1,0,1,1,0,1,0,1
"685",0.690798225994908,0.485446004851848,"KS",2023-12-08,1,1,1,1,1,1,0,1,1,1,1,1,1,1,1,0,0,1,1,1
"686",NA,NA,"KS",2023-12-09,NA,NA,NA,NA,NA,NA,NA,NA,NA,NA,NA,NA,NA,NA,NA,NA,NA,NA,NA,NA
"687",NA,NA,"KS",2023-12-10,NA,NA,NA,NA,NA,NA,NA,NA,NA,NA,NA,NA,NA,NA,NA,NA,NA,NA,NA,NA
"688",1.19231460778681,0.398152091883211,"KS",2023-12-11,1,0,1,1,1,0,1,1,1,1,1,0,1,1,1,1,0,1,1,1
"689",0.60729503111215,0.366041665414967,"KS",2023-12-12,1,1,1,1,1,1,1,1,1,1,0,1,0,1,1,0,1,1,0,1
"690",1.17169420262824,0.550458932154667,"KS",2023-12-13,1,0,0,1,1,1,1,1,1,1,1,0,0,1,1,1,1,0,0,1
"691",NA,NA,"KS",2023-12-14,NA,NA,NA,NA,NA,NA,NA,NA,NA,NA,NA,NA,NA,NA,NA,NA,NA,NA,NA,NA
"692",0.757776698204007,0.387955761979443,"KS",2023-12-15,1,1,0,1,1,1,1,1,1,1,1,1,0,1,1,0,1,1,1,1
"693",NA,NA,"KS",2023-12-16,NA,NA,NA,NA,NA,NA,NA,NA,NA,NA,NA,NA,NA,NA,NA,NA,NA,NA,NA,NA
"694",NA,NA,"KS",2023-12-17,NA,NA,NA,NA,NA,NA,NA,NA,NA,NA,NA,NA,NA,NA,NA,NA,NA,NA,NA,NA
"695",0.847055261465469,0.412334824399755,"KS",2023-12-18,1,1,1,1,0,1,1,1,1,1,1,1,1,1,0,1,1,0,1,1
"696",NA,NA,"KS",2023-12-19,NA,NA,NA,NA,NA,NA,NA,NA,NA,NA,NA,NA,NA,NA,NA,NA,NA,NA,NA,NA
"697",0.400957241230969,0.29722398794524,"KS",2023-12-20,1,1,1,1,1,1,1,1,1,1,1,1,1,1,1,1,0,1,0,1
"698",NA,NA,"KS",2023-12-21,NA,NA,NA,NA,NA,NA,NA,NA,NA,NA,NA,NA,NA,NA,NA,NA,NA,NA,NA,NA
"699",0.231929256301655,0.159056583775511,"KS",2023-12-22,1,1,1,1,1,1,1,1,1,1,1,1,1,1,1,0,1,1,0,1
"700",NA,NA,"KS",2023-12-23,NA,NA,NA,NA,NA,NA,NA,NA,NA,NA,NA,NA,NA,NA,NA,NA,NA,NA,NA,NA
"701",NA,NA,"KS",2023-12-24,NA,NA,NA,NA,NA,NA,NA,NA,NA,NA,NA,NA,NA,NA,NA,NA,NA,NA,NA,NA
"702",NA,NA,"KS",2023-12-25,NA,NA,NA,NA,NA,NA,NA,NA,NA,NA,NA,NA,NA,NA,NA,NA,NA,NA,NA,NA
"703",1.0089132864993,0.255689594605561,"KS",2023-12-26,1,0,1,1,1,1,1,1,1,1,1,0,1,0,1,1,0,1,0,1
"704",0.155895718771006,0.108013818758173,"KS",2023-12-27,1,1,1,1,1,1,1,1,1,1,1,1,1,1,1,1,0,1,0,1
"705",0.141024202507805,0.0992584462811302,"KS",2023-12-28,1,1,1,1,1,1,1,1,1,1,1,1,1,1,1,1,1,1,1,1
"706",NA,NA,"KS",2023-12-29,NA,NA,NA,NA,NA,NA,NA,NA,NA,NA,NA,NA,NA,NA,NA,NA,NA,NA,NA,NA
"707",NA,NA,"KS",2023-12-30,NA,NA,NA,NA,NA,NA,NA,NA,NA,NA,NA,NA,NA,NA,NA,NA,NA,NA,NA,NA
"708",NA,NA,"KS",2023-12-31,NA,NA,NA,NA,NA,NA,NA,NA,NA,NA,NA,NA,NA,NA,NA,NA,NA,NA,NA,NA
"709",NA,NA,"KS",2024-01-01,NA,NA,NA,NA,NA,NA,NA,NA,NA,NA,NA,NA,NA,NA,NA,NA,NA,NA,NA,NA
"710",0.449012207168224,0.0628902062463883,"KS",2024-01-02,1,1,1,1,1,1,1,1,1,1,1,1,1,1,1,1,1,1,1,1
"711",0.590560917080237,0.152783307378292,"KS",2024-01-03,1,1,1,1,1,1,1,1,1,1,1,1,1,1,1,1,1,1,1,1
"712",NA,NA,"KS",2024-01-04,NA,NA,NA,NA,NA,NA,NA,NA,NA,NA,NA,NA,NA,NA,NA,NA,NA,NA,NA,NA
"713",0.998656141790646,0.703131309090931,"KS",2024-01-05,1,1,1,1,1,1,0,1,1,1,1,1,1,1,1,1,0,1,0,1
"714",0.0588677708158588,0.0420590256748065,"KS",2024-01-06,1,1,1,1,1,1,1,1,1,1,1,1,1,1,1,1,1,1,1,1
"715",NA,NA,"KY",2023-11-26,NA,NA,NA,NA,NA,NA,NA,NA,NA,NA,NA,NA,NA,NA,NA,NA,NA,NA,NA,NA
"716",1.20072185078278,0.347033290121176,"KY",2023-11-27,1,1,1,1,1,1,1,1,1,1,1,1,1,0,1,0,1,1,1,0
"717",0.899724774578186,0.462522510550646,"KY",2023-11-28,1,1,1,1,1,1,1,1,0,1,1,1,0,1,1,0,1,1,1,1
"718",1.23776718571958,0.399866597686442,"KY",2023-11-29,1,1,0,1,1,1,1,1,1,1,1,1,0,1,1,1,1,1,0,1
"719",NA,NA,"KY",2023-11-30,NA,NA,NA,NA,NA,NA,NA,NA,NA,NA,NA,NA,NA,NA,NA,NA,NA,NA,NA,NA
"720",NA,NA,"KY",2023-12-01,NA,NA,NA,NA,NA,NA,NA,NA,NA,NA,NA,NA,NA,NA,NA,NA,NA,NA,NA,NA
"721",NA,NA,"KY",2023-12-02,NA,NA,NA,NA,NA,NA,NA,NA,NA,NA,NA,NA,NA,NA,NA,NA,NA,NA,NA,NA
"722",NA,NA,"KY",2023-12-03,NA,NA,NA,NA,NA,NA,NA,NA,NA,NA,NA,NA,NA,NA,NA,NA,NA,NA,NA,NA
"723",1.01805132982532,0.387459588869404,"KY",2023-12-04,1,1,1,1,1,1,1,0,1,1,1,1,0,0,1,0,0,0,1,0
"724",1.17526784147727,0.375890947340713,"KY",2023-12-05,0,1,1,1,1,1,1,1,1,1,0,0,0,1,1,1,1,1,0,1
"725",0.599681252233005,0.418427924805653,"KY",2023-12-06,1,1,0,1,1,1,1,1,1,1,1,1,0,1,1,1,0,1,1,1
"726",NA,NA,"KY",2023-12-07,NA,NA,NA,NA,NA,NA,NA,NA,NA,NA,NA,NA,NA,NA,NA,NA,NA,NA,NA,NA
"727",NA,NA,"KY",2023-12-08,NA,NA,NA,NA,NA,NA,NA,NA,NA,NA,NA,NA,NA,NA,NA,NA,NA,NA,NA,NA
"728",NA,NA,"KY",2023-12-09,NA,NA,NA,NA,NA,NA,NA,NA,NA,NA,NA,NA,NA,NA,NA,NA,NA,NA,NA,NA
"729",0.544967125564426,0.406997715498144,"KY",2023-12-10,1,1,1,1,1,1,1,1,0,1,1,1,1,1,1,0,1,1,0,1
"730",NA,NA,"KY",2023-12-11,NA,NA,NA,NA,NA,NA,NA,NA,NA,NA,NA,NA,NA,NA,NA,NA,NA,NA,NA,NA
"731",0.634095884727769,0.4412777230376,"KY",2023-12-12,1,1,0,1,1,1,1,1,1,1,1,1,0,1,1,1,1,1,0,1
"732",0.841022085821094,0.600503273060988,"KY",2023-12-13,0,1,1,1,1,1,1,1,1,1,0,0,1,1,1,1,1,1,1,1
"733",0.635403367568955,0.451179170355756,"KY",2023-12-14,1,1,0,1,1,1,1,1,1,1,1,1,1,1,1,1,1,1,1,1
"734",0.928950108854971,0.470900341765889,"KY",2023-12-15,0,1,1,1,1,1,1,1,1,1,0,0,1,1,1,0,1,1,0,1
"735",0.42420020281449,0.324730539729231,"KY",2023-12-16,1,1,1,1,1,1,1,1,1,1,1,1,1,1,1,1,1,1,1,1
"736",NA,NA,"KY",2023-12-17,NA,NA,NA,NA,NA,NA,NA,NA,NA,NA,NA,NA,NA,NA,NA,NA,NA,NA,NA,NA
"737",1.08391427297071,0.522757990913232,"KY",2023-12-18,1,1,1,0,1,1,1,1,1,1,1,1,0,0,1,0,1,0,1,1
"738",1.08339799793887,0.388613845973285,"KY",2023-12-19,1,1,1,1,1,1,1,1,1,0,1,1,0,1,1,0,0,1,1,0
"739",0.340993462878698,0.266523632844438,"KY",2023-12-20,1,1,1,1,1,1,1,1,1,1,1,1,1,1,1,0,1,1,0,1
"740",0.318522571030759,0.252051805632495,"KY",2023-12-21,1,1,1,1,1,1,1,1,1,1,1,1,1,1,1,1,1,1,1,1
"741",0.297947036460675,0.237730447689575,"KY",2023-12-22,1,1,1,1,1,1,1,1,1,1,1,1,1,1,1,1,1,1,1,1
"742",NA,NA,"KY",2023-12-23,NA,NA,NA,NA,NA,NA,NA,NA,NA,NA,NA,NA,NA,NA,NA,NA,NA,NA,NA,NA
"743",NA,NA,"KY",2023-12-24,NA,NA,NA,NA,NA,NA,NA,NA,NA,NA,NA,NA,NA,NA,NA,NA,NA,NA,NA,NA
"744",NA,NA,"KY",2023-12-25,NA,NA,NA,NA,NA,NA,NA,NA,NA,NA,NA,NA,NA,NA,NA,NA,NA,NA,NA,NA
"745",0.668214868940971,0.364421294639639,"KY",2023-12-26,1,1,0,1,1,1,1,1,1,1,1,1,0,1,1,1,1,1,0,1
"746",0.784690284821463,0.291410232751953,"KY",2023-12-27,1,1,1,1,1,0,1,1,1,1,1,0,1,1,1,0,0,1,1,1
"747",NA,NA,"KY",2023-12-28,NA,NA,NA,NA,NA,NA,NA,NA,NA,NA,NA,NA,NA,NA,NA,NA,NA,NA,NA,NA
"748",0.712583266138244,0.290586792822329,"KY",2023-12-29,1,1,0,1,1,1,1,1,1,1,1,1,0,1,1,0,1,1,1,1
"749",NA,NA,"KY",2023-12-30,NA,NA,NA,NA,NA,NA,NA,NA,NA,NA,NA,NA,NA,NA,NA,NA,NA,NA,NA,NA
"750",NA,NA,"KY",2023-12-31,NA,NA,NA,NA,NA,NA,NA,NA,NA,NA,NA,NA,NA,NA,NA,NA,NA,NA,NA,NA
"751",NA,NA,"KY",2024-01-01,NA,NA,NA,NA,NA,NA,NA,NA,NA,NA,NA,NA,NA,NA,NA,NA,NA,NA,NA,NA
"752",1.95103007405684,0.682997103163671,"KY",2024-01-02,1,0,1,1,1,1,1,1,0,1,1,0,1,1,1,1,1,1,0,1
"753",0.821309231641397,0.294474360739818,"KY",2024-01-03,1,0,1,1,1,1,1,1,1,1,1,0,1,1,1,0,1,0,0,1
"754",1.1143226237176,0.443763775240166,"KY",2024-01-04,1,1,1,0,1,1,1,1,1,1,1,1,1,0,1,0,0,1,0,1
"755",0.791948379863042,0.372895688452794,"KY",2024-01-05,1,1,0,1,1,1,1,1,1,1,0,1,0,1,1,1,1,1,1,1
"756",NA,NA,"KY",2024-01-06,NA,NA,NA,NA,NA,NA,NA,NA,NA,NA,NA,NA,NA,NA,NA,NA,NA,NA,NA,NA
"757",1.29637302709521,0.365536340859161,"LA",2023-11-26,1,1,1,0,1,1,1,1,1,1,0,1,0,0,1,0,1,1,0,0
"758",2.95906023362602,0.445943597545401,"LA",2023-11-27,0,1,0,1,1,0,1,1,1,1,0,0,0,0,1,0,0,1,1,0
"759",1.86666966708892,0.402029125923007,"LA",2023-11-28,1,1,0,1,1,1,0,1,1,1,0,1,0,0,1,0,0,1,0,1
"760",2.66844527902011,0.395234711147311,"LA",2023-11-29,1,1,0,1,1,1,1,1,1,1,1,1,0,0,1,0,1,0,0,0
"761",1.4702875583898,0.374074192896794,"LA",2023-11-30,1,1,1,0,1,1,1,1,1,1,0,1,1,0,1,0,1,1,0,1
"762",1.12915358736613,0.446508759650141,"LA",2023-12-01,1,1,1,1,1,1,1,1,1,0,0,1,0,0,1,0,0,1,0,0
"763",1.88631622687344,0.244800729943515,"LA",2023-12-02,1,1,1,1,1,0,1,1,1,1,1,0,0,1,1,0,1,1,1,1
"764",1.67393131324553,0.296787369404317,"LA",2023-12-03,1,1,1,1,1,0,1,1,1,1,0,0,0,0,1,0,0,1,0,1
"765",1.27437737987131,0.402256480717027,"LA",2023-12-04,1,1,1,1,0,1,1,1,1,1,0,0,1,0,1,1,0,1,0,1
"766",1.87965223028282,0.426659440773725,"LA",2023-12-05,1,1,1,1,1,1,1,1,1,0,0,0,0,1,0,0,1,1,1,0
"767",2.87144948568446,0.450054815580785,"LA",2023-12-06,1,1,1,0,1,1,1,1,0,1,0,1,0,1,0,0,1,1,0,1
"768",1.57426655734106,0.365333011992347,"LA",2023-12-07,1,1,1,1,1,0,1,0,1,1,1,0,1,0,1,0,1,0,0,1
"769",1.56813830314566,0.34124281884928,"LA",2023-12-08,1,1,0,1,1,0,1,1,1,1,0,1,0,0,1,0,0,1,0,0
"770",2.10605473377781,0.453056254534249,"LA",2023-12-09,1,1,1,0,1,1,1,1,1,0,1,0,1,0,1,0,1,1,0,0
"771",NA,NA,"LA",2023-12-10,NA,NA,NA,NA,NA,NA,NA,NA,NA,NA,NA,NA,NA,NA,NA,NA,NA,NA,NA,NA
"772",2.79437080662335,0.404229713470185,"LA",2023-12-11,1,1,0,1,1,1,1,1,0,1,1,0,0,1,1,0,0,0,1,1
"773",1.37894975091066,0.408936383781233,"LA",2023-12-12,1,1,1,1,1,1,1,1,1,1,1,0,0,0,0,1,0,0,1,1
"774",3.51281699028121,0.434631609815157,"LA",2023-12-13,1,1,1,1,1,0,1,1,0,0,0,1,0,1,1,1,1,1,0,0
"775",0.972124265585601,0.39832921992245,"LA",2023-12-14,1,1,1,1,1,1,1,0,1,1,1,1,0,0,0,0,1,0,0,1
"776",1.58225225721552,0.38244041293423,"LA",2023-12-15,1,1,1,1,1,1,1,1,0,1,0,1,1,1,1,0,1,1,1,1
"777",1.68350645955195,0.466548368959654,"LA",2023-12-16,1,1,1,1,1,1,1,1,1,0,0,1,1,0,1,1,1,1,1,0
"778",0.87152280822944,0.44697217034333,"LA",2023-12-17,1,1,0,1,1,1,1,1,1,1,1,1,0,1,1,0,0,1,0,1
"779",3.41245273076555,0.384910929448856,"LA",2023-12-18,1,1,1,0,1,1,0,1,0,1,1,1,1,0,0,0,0,1,0,0
"780",4.60014329244705,0.380213252280468,"LA",2023-12-19,1,1,1,1,1,1,1,1,0,1,1,1,0,1,0,0,0,1,0,1
"781",2.0856855540448,0.413340642938459,"LA",2023-12-20,1,0,1,1,1,1,0,1,1,1,0,1,0,0,0,1,0,1,0,1
"782",3.01947937694217,0.424758611250749,"LA",2023-12-21,1,1,1,1,1,1,1,1,1,0,0,0,0,0,1,0,0,0,0,0
"783",0.731378164992978,0.499407658210285,"LA",2023-12-22,1,1,0,1,1,1,1,1,1,1,1,0,0,1,1,1,1,1,1,1
"784",1.60743298368454,0.393404899981079,"LA",2023-12-23,1,1,1,1,1,1,1,1,0,1,1,0,0,0,1,0,1,0,1,1
"785",1.26719223492797,0.39719624753594,"LA",2023-12-24,1,1,1,1,1,1,1,1,1,0,1,0,0,1,1,0,1,0,0,1
"786",1.45905815917712,0.392672045142369,"LA",2023-12-25,1,0,1,1,1,0,1,1,1,0,0,0,0,0,1,0,1,1,0,1
"787",3.93548332650031,0.471967699505763,"LA",2023-12-26,1,1,0,1,0,0,1,1,1,0,0,0,0,1,0,0,0,1,0,0
"788",2.06446719833321,0.376584301978203,"LA",2023-12-27,1,1,1,1,1,1,1,1,0,0,1,1,0,0,1,0,1,0,0,0
"789",1.53982171382467,0.455512199161534,"LA",2023-12-28,0,1,1,1,1,0,1,1,1,0,0,0,0,0,1,0,0,1,1,0
"790",1.73391788784144,0.378154358244022,"LA",2023-12-29,0,1,1,1,1,1,1,1,1,1,0,0,1,1,0,0,0,1,0,0
"791",1.89669388057412,0.313376626928283,"LA",2023-12-30,0,1,1,1,1,1,1,1,0,1,0,1,0,1,1,0,1,1,0,1
"792",1.18238276131002,0.403704990265559,"LA",2023-12-31,0,1,1,1,1,1,1,0,1,1,0,1,1,1,0,0,0,0,0,1
"793",1.3173814691534,0.331790769569302,"LA",2024-01-01,1,1,1,1,1,1,1,1,1,0,1,1,1,1,1,1,0,1,0,1
"794",2.84320338767323,0.401915506803704,"LA",2024-01-02,1,0,0,1,1,1,1,1,1,0,1,0,0,1,1,0,0,0,0,0
"795",1.72178747716109,0.351228157802081,"LA",2024-01-03,1,1,1,1,1,0,1,1,1,1,1,0,0,1,1,0,1,0,0,1
"796",3.04874688394978,0.260052248740859,"LA",2024-01-04,1,1,1,1,1,1,1,1,0,1,1,1,0,1,1,1,0,0,0,1
"797",0.897539176447295,0.335195194614232,"LA",2024-01-05,1,1,1,1,1,1,1,1,1,1,1,0,0,0,1,0,1,0,0,1
"798",1.08248918498162,0.360880686728663,"LA",2024-01-06,0,1,0,1,1,1,1,1,1,1,0,1,0,1,1,0,1,1,0,1
"799",1.19342091534616,0.579584475119531,"MA",2023-11-26,1,0,1,0,1,1,1,1,1,1,1,0,1,1,1,1,1,1,0,1
"800",2.71461165294031,0.403164218277301,"MA",2023-11-27,1,0,1,1,1,1,0,1,1,1,0,0,0,0,0,0,0,0,0,1
"801",2.74523291080261,0.263859770761847,"MA",2023-11-28,1,1,1,1,1,0,1,1,1,1,1,0,0,0,1,0,0,1,1,1
"802",1.06523108857016,0.455924280504505,"MA",2023-11-29,1,0,1,1,1,1,0,1,1,1,1,0,1,1,1,0,0,1,1,1
"803",0.548868200138539,0.26275794179345,"MA",2023-11-30,1,1,1,1,1,1,1,1,1,1,1,1,1,1,1,0,1,1,0,1
"804",NA,NA,"MA",2023-12-01,NA,NA,NA,NA,NA,NA,NA,NA,NA,NA,NA,NA,NA,NA,NA,NA,NA,NA,NA,NA
"805",0.323165165442034,0.235324516462448,"MA",2023-12-02,1,1,1,1,1,1,1,1,1,1,1,1,0,1,1,0,1,1,1,1
"806",NA,NA,"MA",2023-12-03,NA,NA,NA,NA,NA,NA,NA,NA,NA,NA,NA,NA,NA,NA,NA,NA,NA,NA,NA,NA
"807",1.41396252430862,0.324821044030391,"MA",2023-12-04,1,1,1,1,1,0,1,1,1,1,1,0,1,0,1,0,0,1,0,0
"808",1.20235236290533,0.372037564729435,"MA",2023-12-05,1,1,1,1,0,1,1,1,1,1,1,1,0,0,0,0,1,1,0,0
"809",1.56193089087894,0.360245826633914,"MA",2023-12-06,1,0,1,1,1,0,1,1,1,1,1,0,0,0,0,0,0,0,0,1
"810",2.03114601172167,0.42881725056776,"MA",2023-12-07,1,0,1,1,1,1,1,1,0,1,1,0,0,0,1,0,0,1,1,0
"811",NA,NA,"MA",2023-12-08,NA,NA,NA,NA,NA,NA,NA,NA,NA,NA,NA,NA,NA,NA,NA,NA,NA,NA,NA,NA
"812",NA,NA,"MA",2023-12-09,NA,NA,NA,NA,NA,NA,NA,NA,NA,NA,NA,NA,NA,NA,NA,NA,NA,NA,NA,NA
"813",NA,NA,"MA",2023-12-10,NA,NA,NA,NA,NA,NA,NA,NA,NA,NA,NA,NA,NA,NA,NA,NA,NA,NA,NA,NA
"814",5.81228157927551,0.429936939047654,"MA",2023-12-11,1,0,1,1,1,0,1,1,0,0,1,0,1,1,0,0,1,0,0,0
"815",2.45003915932871,0.38988204468805,"MA",2023-12-12,0,1,1,1,1,0,1,1,0,1,0,1,0,0,1,0,0,1,0,1
"816",2.13729050485496,0.228854480248677,"MA",2023-12-13,1,1,1,1,1,0,1,1,0,1,0,0,1,0,1,0,0,1,0,1
"817",1.52517914054153,0.316858176515838,"MA",2023-12-14,1,0,1,1,1,1,1,0,1,1,1,0,1,0,1,0,1,0,0,1
"818",1.7133365782352,0.331529530873608,"MA",2023-12-15,1,0,1,1,1,1,1,1,1,1,1,0,0,1,1,0,1,1,0,1
"819",NA,NA,"MA",2023-12-16,NA,NA,NA,NA,NA,NA,NA,NA,NA,NA,NA,NA,NA,NA,NA,NA,NA,NA,NA,NA
"820",0.762481551848443,0.113509943433788,"MA",2023-12-17,1,1,1,1,1,1,1,1,0,1,1,1,1,0,1,0,1,1,0,1
"821",3.70087946322532,0.515721109240761,"MA",2023-12-18,1,0,1,1,1,0,1,1,0,1,1,0,1,1,1,1,0,1,0,1
"822",0.88818586647584,0.217699302883804,"MA",2023-12-19,1,1,1,1,1,1,1,1,1,1,1,1,1,1,1,0,0,1,0,1
"823",2.8866506465288,0.413174917571519,"MA",2023-12-20,1,0,0,1,1,1,1,1,0,0,1,0,0,1,1,0,0,1,1,0
"824",1.29880270751123,0.326436283801701,"MA",2023-12-21,1,0,1,1,1,1,1,1,1,0,1,1,1,1,1,1,1,0,1,0
"825",1.3986788037473,0.429580840460528,"MA",2023-12-22,1,0,1,1,1,1,0,1,0,1,1,0,1,1,1,0,0,1,1,1
"826",0.904652928199751,0.406690729203536,"MA",2023-12-23,1,0,1,1,1,1,1,1,1,1,1,1,1,1,1,1,1,1,1,1
"827",1.0777118961463,0.760772118634277,"MA",2023-12-24,1,0,1,1,1,1,1,1,1,1,1,0,1,1,1,0,1,1,1,1
"828",NA,NA,"MA",2023-12-25,NA,NA,NA,NA,NA,NA,NA,NA,NA,NA,NA,NA,NA,NA,NA,NA,NA,NA,NA,NA
"829",0.974839178178146,0.165489753770503,"MA",2023-12-26,1,1,1,1,1,1,1,0,1,1,0,1,1,1,1,0,1,0,0,1
"830",1.7967296616558,0.230750051371139,"MA",2023-12-27,1,1,1,1,1,0,1,1,1,1,1,1,1,1,1,0,0,1,0,0
"831",0.893040626927481,0.218926563649958,"MA",2023-12-28,1,1,1,1,1,0,1,1,1,1,1,1,1,1,1,1,1,0,0,1
"832",0.572958339252266,0.0318443201649716,"MA",2023-12-29,1,1,1,1,1,1,1,1,1,1,1,1,1,1,1,1,1,1,1,1
"833",1.13799778582768,0.322662858218056,"MA",2023-12-30,1,0,1,1,1,1,1,1,1,1,1,0,1,1,1,0,1,1,1,1
"834",0.211889648440054,0.0250536116318388,"MA",2023-12-31,1,1,1,1,1,1,1,1,1,1,1,1,1,1,1,1,1,1,1,1
"835",0.88156028481915,0.225267544533514,"MA",2024-01-01,1,1,0,1,1,1,1,1,1,1,1,1,0,1,1,1,1,1,0,1
"836",1.22133373266122,0.196240394142696,"MA",2024-01-02,1,0,1,1,1,1,1,1,1,1,1,0,1,0,1,0,0,1,0,1
"837",2.02819901982959,0.25306593394455,"MA",2024-01-03,1,1,1,1,1,0,1,1,0,1,1,1,1,0,1,0,0,1,0,1
"838",3.90830450573057,0.332123341174878,"MA",2024-01-04,1,0,1,1,1,0,1,0,0,1,1,0,1,1,1,0,1,0,1,1
"839",1.02920901073313,0.169742607686778,"MA",2024-01-05,1,1,1,1,1,0,1,1,1,1,1,1,1,1,1,0,1,1,0,1
"840",0.0564089756232997,0.0117949225495457,"MA",2024-01-06,1,1,1,1,1,1,1,1,1,1,1,1,1,1,1,1,1,1,1,1
"841",1.8451095081548,0.276334854121772,"MD",2023-11-26,1,1,1,0,1,1,0,1,1,1,1,1,0,0,0,0,0,1,0,1
"842",3.22239041760489,0.369125241803127,"MD",2023-11-27,1,1,0,1,1,1,0,1,0,1,0,0,0,0,1,0,0,0,1,0
"843",4.03150849956449,0.39432043404273,"MD",2023-11-28,1,0,0,1,1,0,1,1,1,1,0,0,0,1,1,0,0,0,0,1
"844",5.24513729667379,0.401771569572766,"MD",2023-11-29,0,0,0,1,0,0,1,1,0,1,0,1,0,0,0,0,0,0,0,0
"845",3.66157049542036,0.35880310783595,"MD",2023-11-30,1,1,0,1,1,1,1,1,0,1,1,1,0,0,1,0,1,1,0,0
"846",3.24608721126705,0.428754518012212,"MD",2023-12-01,1,0,0,0,0,0,1,1,1,1,1,0,0,0,0,0,0,1,0,0
"847",2.4190318610776,0.424762887712376,"MD",2023-12-02,1,0,0,1,1,1,1,1,0,1,1,0,0,1,1,0,0,1,0,1
"848",2.61452013232089,0.345975022452571,"MD",2023-12-03,1,1,1,0,0,1,1,1,0,1,1,1,1,1,0,0,1,0,0,0
"849",2.09248412283908,0.360266048062043,"MD",2023-12-04,1,1,0,1,1,1,1,1,1,0,1,0,0,0,1,0,1,1,0,0
"850",1.35727951671219,0.31990385542218,"MD",2023-12-05,1,0,1,1,1,1,1,1,1,1,1,0,0,1,1,0,0,0,0,0
"851",3.15643393333172,0.425390330342281,"MD",2023-12-06,1,0,1,1,1,0,1,1,1,0,1,0,0,0,0,0,0,1,1,0
"852",3.00295630277465,0.362799005071957,"MD",2023-12-07,1,0,1,1,1,1,1,1,1,0,0,0,0,0,1,0,0,1,0,0
"853",1.90414576102357,0.313960647174211,"MD",2023-12-08,1,0,1,1,1,1,1,1,1,1,1,0,1,0,1,1,0,1,0,0
"854",1.87582189738345,0.403552803985266,"MD",2023-12-09,0,0,1,1,1,1,1,1,1,1,0,0,1,0,1,0,1,0,1,0
"855",2.5588422408258,0.312614997785594,"MD",2023-12-10,1,1,0,1,1,1,1,1,1,1,1,1,0,0,0,1,0,1,1,1
"856",5.2168411242197,0.321696081467237,"MD",2023-12-11,1,1,1,1,1,0,1,1,0,1,1,1,1,1,1,0,0,1,0,0
"857",1.49634971432685,0.383530084796644,"MD",2023-12-12,0,0,1,1,1,1,1,1,1,1,0,0,0,1,1,0,0,0,0,1
"858",1.13930711737048,0.449261771875721,"MD",2023-12-13,1,1,0,1,1,1,1,0,1,1,1,0,0,0,1,0,1,0,0,1
"859",1.10004485171275,0.302808241410981,"MD",2023-12-14,1,1,1,1,1,1,1,1,1,1,1,1,1,1,1,0,0,0,0,0
"860",1.56037115263094,0.305780695784397,"MD",2023-12-15,1,1,1,1,1,0,1,0,1,1,1,1,1,1,1,0,1,0,0,1
"861",0.886281954245267,0.623348881709188,"MD",2023-12-16,1,1,1,0,1,1,1,1,1,1,1,1,1,0,1,1,1,1,0,1
"862",0.926748937887125,0.447362806449251,"MD",2023-12-17,1,0,1,1,1,1,1,1,1,1,1,0,1,1,1,1,0,1,0,1
"863",4.76011657746188,0.474941704115138,"MD",2023-12-18,0,1,1,1,1,0,1,1,1,0,0,1,1,1,1,0,0,1,1,0
"864",4.92109392078628,0.400357443039809,"MD",2023-12-19,0,1,1,1,1,1,1,0,0,0,0,1,1,1,1,0,0,0,0,0
"865",1.27865527221225,0.318823319178044,"MD",2023-12-20,1,0,1,1,1,1,1,1,1,0,1,0,1,1,0,0,0,1,0,0
"866",0.607521780796611,0.226924809849302,"MD",2023-12-21,1,1,1,1,1,1,1,1,1,1,1,1,1,0,1,0,1,1,0,1
"867",1.2234704390582,0.372628941590701,"MD",2023-12-22,1,0,1,1,0,1,1,1,1,1,1,0,1,1,0,0,0,1,0,1
"868",0.888170093225854,0.41945799507318,"MD",2023-12-23,1,0,1,1,1,1,1,1,1,1,1,0,1,1,1,1,1,1,0,1
"869",0.770743644366198,0.198275588373687,"MD",2023-12-24,1,1,1,1,1,1,1,1,1,1,1,1,1,1,1,0,1,1,0,1
"870",0.599542616735523,0.420595000877074,"MD",2023-12-25,1,1,1,1,1,1,1,1,1,1,1,1,1,1,1,0,1,1,0,1
"871",1.26121125686367,0.285662780899346,"MD",2023-12-26,1,0,1,1,1,1,1,1,1,0,1,0,1,1,1,1,0,1,0,0
"872",1.33066039831386,0.216262080452116,"MD",2023-12-27,1,1,1,1,1,1,1,0,1,1,1,1,1,1,1,0,1,0,0,1
"873",0.97587141122086,0.292850979559483,"MD",2023-12-28,1,1,1,1,1,1,1,1,1,1,1,1,1,1,1,1,0,1,0,1
"874",1.28625178563855,0.297480683481066,"MD",2023-12-29,1,0,1,1,1,1,1,1,1,1,1,0,1,1,1,0,0,0,0,1
"875",1.23989234181196,0.190717675707684,"MD",2023-12-30,1,1,1,1,1,0,1,0,1,1,1,1,1,1,1,0,1,0,1,1
"876",0.587999906607282,0.0770749085984713,"MD",2023-12-31,1,1,1,1,1,1,1,1,1,1,1,1,1,1,1,1,1,1,1,1
"877",1.20468057751009,0.0695664535062928,"MD",2024-01-01,1,1,1,1,1,1,1,1,0,1,1,1,1,1,1,1,1,0,0,1
"878",1.28267678189691,0.23613265340373,"MD",2024-01-02,1,0,1,1,1,1,1,1,1,0,1,0,1,1,1,0,1,1,0,0
"879",0.981829468421914,0.218539968183216,"MD",2024-01-03,1,1,1,1,1,1,1,1,1,1,1,1,1,1,1,1,0,1,0,1
"880",1.23040004549803,0.245851513059555,"MD",2024-01-04,1,0,1,1,1,1,1,1,1,1,1,0,1,1,1,0,0,1,0,1
"881",1.36830793473304,0.230729325444398,"MD",2024-01-05,1,0,1,1,1,1,1,1,1,0,1,0,1,1,1,1,1,1,0,0
"882",0.478757312844876,0.244310100761003,"MD",2024-01-06,1,1,1,1,1,1,1,1,1,1,1,1,1,1,1,0,1,1,0,1
"883",NA,NA,"ME",2023-11-26,NA,NA,NA,NA,NA,NA,NA,NA,NA,NA,NA,NA,NA,NA,NA,NA,NA,NA,NA,NA
"884",NA,NA,"ME",2023-11-27,NA,NA,NA,NA,NA,NA,NA,NA,NA,NA,NA,NA,NA,NA,NA,NA,NA,NA,NA,NA
"885",NA,NA,"ME",2023-11-28,NA,NA,NA,NA,NA,NA,NA,NA,NA,NA,NA,NA,NA,NA,NA,NA,NA,NA,NA,NA
"886",NA,NA,"ME",2023-11-29,NA,NA,NA,NA,NA,NA,NA,NA,NA,NA,NA,NA,NA,NA,NA,NA,NA,NA,NA,NA
"887",0.22504427075556,0.178345006435006,"ME",2023-11-30,1,1,1,1,1,1,1,1,1,1,1,1,1,1,1,1,1,1,1,1
"888",NA,NA,"ME",2023-12-01,NA,NA,NA,NA,NA,NA,NA,NA,NA,NA,NA,NA,NA,NA,NA,NA,NA,NA,NA,NA
"889",NA,NA,"ME",2023-12-02,NA,NA,NA,NA,NA,NA,NA,NA,NA,NA,NA,NA,NA,NA,NA,NA,NA,NA,NA,NA
"890",NA,NA,"ME",2023-12-03,NA,NA,NA,NA,NA,NA,NA,NA,NA,NA,NA,NA,NA,NA,NA,NA,NA,NA,NA,NA
"891",0.733314180755021,0.506842862555667,"ME",2023-12-04,1,1,1,1,1,1,0,1,1,1,1,1,1,0,1,1,0,1,1,1
"892",NA,NA,"ME",2023-12-05,NA,NA,NA,NA,NA,NA,NA,NA,NA,NA,NA,NA,NA,NA,NA,NA,NA,NA,NA,NA
"893",0.258812947065328,0.202846048360021,"ME",2023-12-06,1,1,1,1,1,1,1,1,1,1,1,1,1,1,1,1,1,1,1,1
"894",0.293167843218911,0.208385479216958,"ME",2023-12-07,1,1,1,1,1,1,1,1,1,1,0,1,1,1,1,0,1,1,1,1
"895",NA,NA,"ME",2023-12-08,NA,NA,NA,NA,NA,NA,NA,NA,NA,NA,NA,NA,NA,NA,NA,NA,NA,NA,NA,NA
"896",NA,NA,"ME",2023-12-09,NA,NA,NA,NA,NA,NA,NA,NA,NA,NA,NA,NA,NA,NA,NA,NA,NA,NA,NA,NA
"897",NA,NA,"ME",2023-12-10,NA,NA,NA,NA,NA,NA,NA,NA,NA,NA,NA,NA,NA,NA,NA,NA,NA,NA,NA,NA
"898",NA,NA,"ME",2023-12-11,NA,NA,NA,NA,NA,NA,NA,NA,NA,NA,NA,NA,NA,NA,NA,NA,NA,NA,NA,NA
"899",NA,NA,"ME",2023-12-12,NA,NA,NA,NA,NA,NA,NA,NA,NA,NA,NA,NA,NA,NA,NA,NA,NA,NA,NA,NA
"900",NA,NA,"ME",2023-12-13,NA,NA,NA,NA,NA,NA,NA,NA,NA,NA,NA,NA,NA,NA,NA,NA,NA,NA,NA,NA
"901",0.74399569332594,0.50453602630634,"ME",2023-12-14,1,1,1,1,1,1,0,1,1,1,1,1,1,1,1,1,0,1,0,1
"902",NA,NA,"ME",2023-12-15,NA,NA,NA,NA,NA,NA,NA,NA,NA,NA,NA,NA,NA,NA,NA,NA,NA,NA,NA,NA
"903",NA,NA,"ME",2023-12-16,NA,NA,NA,NA,NA,NA,NA,NA,NA,NA,NA,NA,NA,NA,NA,NA,NA,NA,NA,NA
"904",0.405781004460129,0.292654681005429,"ME",2023-12-17,1,1,1,1,1,1,1,1,1,1,1,1,1,1,1,0,1,1,0,1
"905",NA,NA,"ME",2023-12-18,NA,NA,NA,NA,NA,NA,NA,NA,NA,NA,NA,NA,NA,NA,NA,NA,NA,NA,NA,NA
"906",NA,NA,"ME",2023-12-19,NA,NA,NA,NA,NA,NA,NA,NA,NA,NA,NA,NA,NA,NA,NA,NA,NA,NA,NA,NA
"907",NA,NA,"ME",2023-12-20,NA,NA,NA,NA,NA,NA,NA,NA,NA,NA,NA,NA,NA,NA,NA,NA,NA,NA,NA,NA
"908",NA,NA,"ME",2023-12-21,NA,NA,NA,NA,NA,NA,NA,NA,NA,NA,NA,NA,NA,NA,NA,NA,NA,NA,NA,NA
"909",NA,NA,"ME",2023-12-22,NA,NA,NA,NA,NA,NA,NA,NA,NA,NA,NA,NA,NA,NA,NA,NA,NA,NA,NA,NA
"910",NA,NA,"ME",2023-12-23,NA,NA,NA,NA,NA,NA,NA,NA,NA,NA,NA,NA,NA,NA,NA,NA,NA,NA,NA,NA
"911",NA,NA,"ME",2023-12-24,NA,NA,NA,NA,NA,NA,NA,NA,NA,NA,NA,NA,NA,NA,NA,NA,NA,NA,NA,NA
"912",NA,NA,"ME",2023-12-25,NA,NA,NA,NA,NA,NA,NA,NA,NA,NA,NA,NA,NA,NA,NA,NA,NA,NA,NA,NA
"913",NA,NA,"ME",2023-12-26,NA,NA,NA,NA,NA,NA,NA,NA,NA,NA,NA,NA,NA,NA,NA,NA,NA,NA,NA,NA
"914",NA,NA,"ME",2023-12-27,NA,NA,NA,NA,NA,NA,NA,NA,NA,NA,NA,NA,NA,NA,NA,NA,NA,NA,NA,NA
"915",NA,NA,"ME",2023-12-28,NA,NA,NA,NA,NA,NA,NA,NA,NA,NA,NA,NA,NA,NA,NA,NA,NA,NA,NA,NA
"916",NA,NA,"ME",2023-12-29,NA,NA,NA,NA,NA,NA,NA,NA,NA,NA,NA,NA,NA,NA,NA,NA,NA,NA,NA,NA
"917",NA,NA,"ME",2023-12-30,NA,NA,NA,NA,NA,NA,NA,NA,NA,NA,NA,NA,NA,NA,NA,NA,NA,NA,NA,NA
"918",NA,NA,"ME",2023-12-31,NA,NA,NA,NA,NA,NA,NA,NA,NA,NA,NA,NA,NA,NA,NA,NA,NA,NA,NA,NA
"919",NA,NA,"ME",2024-01-01,NA,NA,NA,NA,NA,NA,NA,NA,NA,NA,NA,NA,NA,NA,NA,NA,NA,NA,NA,NA
"920",NA,NA,"ME",2024-01-02,NA,NA,NA,NA,NA,NA,NA,NA,NA,NA,NA,NA,NA,NA,NA,NA,NA,NA,NA,NA
"921",NA,NA,"ME",2024-01-03,NA,NA,NA,NA,NA,NA,NA,NA,NA,NA,NA,NA,NA,NA,NA,NA,NA,NA,NA,NA
"922",0.327738748278266,0.0799484923760889,"ME",2024-01-04,1,1,1,1,1,1,1,1,1,1,1,1,1,1,1,1,1,1,1,1
"923",NA,NA,"ME",2024-01-05,NA,NA,NA,NA,NA,NA,NA,NA,NA,NA,NA,NA,NA,NA,NA,NA,NA,NA,NA,NA
"924",NA,NA,"ME",2024-01-06,NA,NA,NA,NA,NA,NA,NA,NA,NA,NA,NA,NA,NA,NA,NA,NA,NA,NA,NA,NA
"925",2.95918834021909,0.326051288426513,"MI",2023-11-26,1,1,1,1,1,0,1,1,1,1,1,1,0,0,0,0,0,0,0,1
"926",6.70231038213116,0.31364707237384,"MI",2023-11-27,1,1,1,0,1,0,1,1,1,1,0,0,0,0,0,0,0,0,0,0
"927",3.63916863052318,0.372712452945082,"MI",2023-11-28,1,1,1,1,1,1,1,1,1,1,0,0,1,0,0,0,0,1,0,0
"928",4.32802691435408,0.372038537693077,"MI",2023-11-29,1,1,0,1,1,1,0,1,1,1,0,0,1,1,1,0,0,0,0,0
"929",7.93520050057419,0.430839122565408,"MI",2023-11-30,0,0,1,0,1,0,1,0,1,0,0,0,0,0,1,0,0,0,0,0
"930",8.96604259126394,0.330629283323567,"MI",2023-12-01,1,1,1,1,0,0,0,1,0,1,0,0,0,0,1,0,0,1,0,0
"931",6.09905636725126,0.414062098723306,"MI",2023-12-02,0,0,0,0,1,0,0,0,1,1,0,0,0,0,1,0,0,0,0,1
"932",3.52284051804758,0.397858989341961,"MI",2023-12-03,1,0,1,0,1,1,1,0,0,1,1,0,0,0,0,0,1,0,0,1
"933",5.97131868206433,0.387592000488928,"MI",2023-12-04,1,0,1,0,1,1,1,1,0,1,0,0,0,0,0,0,0,0,0,0
"934",8.5902053456549,0.414079999496648,"MI",2023-12-05,0,0,0,1,1,0,0,1,1,1,0,0,0,0,0,0,0,0,0,0
"935",3.05839669234263,0.384048685879999,"MI",2023-12-06,1,0,1,1,1,1,1,1,1,1,0,0,0,0,0,0,0,0,0,0
"936",4.69714563784408,0.362785924276958,"MI",2023-12-07,1,1,1,1,1,1,1,1,0,1,1,1,1,0,0,0,0,0,0,0
"937",6.92814249390165,0.394611605485799,"MI",2023-12-08,0,1,1,0,0,0,1,1,0,1,0,0,0,0,0,1,0,0,0,0
"938",8.38286983696289,0.420776936161199,"MI",2023-12-09,1,1,0,0,1,0,1,1,0,1,1,1,0,0,0,0,0,0,0,1
"939",2.68178629284985,0.391780698034304,"MI",2023-12-10,0,1,1,1,1,1,1,1,1,1,0,0,0,0,0,0,0,0,0,0
"940",3.20590382825105,0.393961418300021,"MI",2023-12-11,0,0,1,1,0,1,1,1,1,1,0,0,1,1,0,0,0,0,0,0
"941",5.63424105914913,0.396239876183446,"MI",2023-12-12,1,1,1,1,0,0,1,1,0,1,0,0,0,0,0,0,1,0,0,0
"942",10.8846264428489,0.443010726271647,"MI",2023-12-13,1,0,0,1,0,0,1,0,0,1,0,0,0,0,0,0,1,0,0,0
"943",10.5181917756367,0.452096565986956,"MI",2023-12-14,1,0,1,1,0,0,1,1,0,1,0,0,1,0,0,0,1,1,0,0
"944",11.4162111709098,0.422185359549492,"MI",2023-12-15,0,1,1,0,0,0,1,0,1,1,0,0,0,0,0,0,0,0,0,0
"945",3.91316025941303,0.397579257429302,"MI",2023-12-16,1,0,0,1,1,0,1,1,1,1,1,0,0,0,0,0,0,1,1,0
"946",2.30071120921119,0.386321596173256,"MI",2023-12-17,1,1,1,1,0,1,1,1,1,0,0,1,0,0,0,0,0,0,0,0
"947",5.47122049701066,0.368394135996136,"MI",2023-12-18,1,0,1,1,0,0,1,1,0,1,0,0,0,1,0,0,0,1,0,0
"948",4.99377375009559,0.379905451184373,"MI",2023-12-19,0,0,1,1,0,1,0,1,1,1,0,0,0,0,0,0,0,0,0,0
"949",5.4522950948799,0.399164388624078,"MI",2023-12-20,1,1,0,1,0,1,0,1,0,0,0,1,0,0,0,0,0,1,0,1
"950",7.20700433115046,0.324900285472355,"MI",2023-12-21,1,1,1,1,0,0,1,1,0,1,1,1,0,0,0,0,0,0,0,0
"951",5.97055052957642,0.392965479671829,"MI",2023-12-22,1,0,1,1,0,0,0,1,1,1,1,1,0,0,0,0,0,0,0,0
"952",4.93712368074591,0.363552174652483,"MI",2023-12-23,0,0,1,1,0,0,1,1,0,0,0,0,1,0,0,0,1,0,0,1
"953",1.70926673840337,0.401364813428264,"MI",2023-12-24,1,0,1,0,1,1,1,1,1,1,1,0,0,0,1,0,1,1,0,1
"954",2.01939861795577,0.37901610466721,"MI",2023-12-25,1,1,1,1,0,0,1,1,0,1,0,0,0,0,1,0,1,0,0,1
"955",2.90693187210403,0.382856554334969,"MI",2023-12-26,1,1,0,1,1,1,1,1,0,0,1,1,0,0,1,0,1,0,0,0
"956",9.16596514522733,0.420767237514434,"MI",2023-12-27,0,0,1,1,0,0,1,0,0,1,0,0,0,1,0,0,0,0,0,0
"957",6.63634407709514,0.362330597180903,"MI",2023-12-28,0,0,1,1,0,1,1,1,1,1,0,0,0,1,0,0,0,0,0,0
"958",3.51044656985666,0.288524476739741,"MI",2023-12-29,0,1,1,0,0,1,0,1,1,1,0,0,0,0,0,0,0,1,0,0
"959",5.82835047950856,0.428385559972704,"MI",2023-12-30,1,0,0,1,0,1,1,1,0,1,1,0,0,0,0,0,1,0,0,1
"960",4.83921776103077,0.482765665814166,"MI",2023-12-31,0,1,0,0,1,1,1,1,0,0,0,0,0,0,1,0,1,1,0,0
"961",3.10317476825834,0.282576940347907,"MI",2024-01-01,0,1,1,0,1,0,1,1,1,1,0,1,1,0,1,0,1,0,0,1
"962",3.3662575304926,0.292925554909311,"MI",2024-01-02,0,1,1,1,0,1,1,1,1,1,0,1,0,0,0,0,1,0,0,1
"963",10.0979810243972,0.387659194024011,"MI",2024-01-03,0,0,1,0,0,1,1,1,0,0,0,0,0,0,0,0,1,0,0,0
"964",3.61151981914957,0.295173680304942,"MI",2024-01-04,1,1,1,0,0,0,0,1,1,0,1,1,0,0,0,0,0,0,0,0
"965",3.38725516457022,0.403757103380969,"MI",2024-01-05,1,0,1,1,0,1,0,1,0,1,1,0,1,1,0,0,0,0,1,1
"966",1.66990595400067,0.384535261518082,"MI",2024-01-06,1,1,0,1,0,1,1,0,0,1,1,1,0,1,0,0,1,0,0,1
"967",4.41618847040511,0.370384130178144,"MN",2023-11-26,1,1,1,1,1,1,0,1,1,0,1,0,1,0,0,0,0,0,0,0
"968",7.22307959223505,0.409209046470886,"MN",2023-11-27,1,1,1,1,0,0,1,1,1,0,0,0,0,0,0,0,0,0,0,0
"969",7.47170596765539,0.388908830542299,"MN",2023-11-28,0,1,0,1,0,1,1,1,1,0,0,0,0,0,0,0,1,0,0,0
"970",7.70619032745299,0.418317832303024,"MN",2023-11-29,1,0,1,1,0,0,1,1,1,0,0,1,0,0,0,0,0,1,0,0
"971",9.00933240065273,0.416587466715669,"MN",2023-11-30,1,0,1,1,1,0,1,1,0,0,0,0,0,0,0,0,1,0,0,0
"972",5.92449702371977,0.374134199395679,"MN",2023-12-01,0,1,0,1,0,1,1,1,0,1,0,0,0,0,0,1,0,1,0,0
"973",5.38502354896992,0.342350690649091,"MN",2023-12-02,0,1,1,1,0,0,0,0,0,1,1,0,0,0,1,0,0,0,0,1
"974",4.78152544349186,0.415312489714092,"MN",2023-12-03,0,0,0,1,0,0,1,1,0,1,1,0,0,1,1,0,0,1,0,0
"975",3.15670838018598,0.364791460679465,"MN",2023-12-04,1,1,1,1,0,1,0,1,1,1,0,0,0,1,0,0,0,0,0,0
"976",7.40196623424263,0.385400179977448,"MN",2023-12-05,0,1,1,1,0,1,0,0,0,1,1,1,0,0,0,0,0,0,0,0
"977",7.09381521595953,0.395385989816683,"MN",2023-12-06,1,0,1,1,0,0,1,1,0,0,1,0,0,0,0,0,1,0,0,0
"978",7.60577632306721,0.359615411559176,"MN",2023-12-07,0,1,0,0,0,1,1,0,0,1,0,0,0,0,0,0,0,0,0,0
"979",8.14439196855219,0.386652179520921,"MN",2023-12-08,1,1,1,1,1,0,0,1,0,1,0,0,0,0,0,0,0,0,0,0
"980",7.56646581609031,0.434668165001821,"MN",2023-12-09,1,0,1,1,0,0,1,1,1,1,1,0,0,1,0,0,0,0,0,0
"981",12.302436199988,0.40452496556332,"MN",2023-12-10,0,1,0,1,0,0,1,1,0,1,0,0,0,0,0,0,0,1,0,0
"982",12.9427311933956,0.411336704112124,"MN",2023-12-11,0,0,1,1,0,0,0,1,0,1,0,0,0,0,0,0,0,0,0,0
"983",14.3423011489327,0.389416456665456,"MN",2023-12-12,1,1,0,1,0,0,0,1,0,0,1,1,0,0,0,0,0,0,0,0
"984",13.9196217356751,0.376940996488581,"MN",2023-12-13,1,1,1,0,0,0,0,0,0,1,0,0,0,0,0,0,0,0,0,0
"985",22.3676903110807,0.404325631065557,"MN",2023-12-14,0,0,1,1,0,0,0,1,0,0,0,0,0,1,0,0,0,0,0,0
"986",7.25705409350478,0.39104334668988,"MN",2023-12-15,0,1,1,1,0,0,1,1,0,1,0,0,0,0,0,0,0,0,0,0
"987",3.59229467392112,0.38903836505255,"MN",2023-12-16,1,0,1,1,0,1,1,1,1,1,1,0,0,0,0,0,0,0,1,0
"988",5.13241265425601,0.412821852716484,"MN",2023-12-17,0,0,0,1,0,1,1,1,0,1,0,0,0,1,0,0,0,1,0,0
"989",10.808053009622,0.397629649361387,"MN",2023-12-18,0,0,1,0,0,0,0,1,1,1,0,0,0,0,0,0,0,0,0,0
"990",17.3206751823084,0.387418350969044,"MN",2023-12-19,0,1,1,1,0,0,0,1,0,1,0,1,0,0,0,0,0,0,0,1
"991",2.34654652153666,0.362310963129137,"MN",2023-12-20,0,1,0,1,1,1,0,1,1,1,0,0,0,1,0,0,0,0,0,0
"992",5.0027620478502,0.382614938320619,"MN",2023-12-21,1,1,0,1,0,0,0,1,1,1,0,1,0,0,0,0,0,0,1,0
"993",6.07162302830381,0.385515283169575,"MN",2023-12-22,0,0,1,1,0,0,0,1,1,1,0,0,0,1,0,0,0,0,0,0
"994",7.99322187113579,0.311120418723454,"MN",2023-12-23,0,1,1,1,0,0,0,1,0,1,0,0,0,1,0,0,0,1,0,0
"995",3.83060285678765,0.323830051128331,"MN",2023-12-24,1,1,1,1,0,0,0,1,0,0,1,1,1,0,0,0,1,0,0,0
"996",6.59007949027989,0.333905480641469,"MN",2023-12-25,0,1,1,0,0,0,1,1,0,0,0,1,0,0,0,0,0,0,0,0
"997",7.3646366993359,0.331253437722013,"MN",2023-12-26,1,1,1,0,0,0,0,1,1,0,1,0,0,0,0,0,0,0,0,0
"998",6.99015920240852,0.360186761044641,"MN",2023-12-27,0,1,1,1,0,0,0,1,1,0,0,0,0,0,0,0,1,0,0,0
"999",6.6987157543603,0.353093991756133,"MN",2023-12-28,0,1,0,1,0,0,0,1,1,1,1,0,1,1,0,0,0,0,0,0
"1000",5.86968830864337,0.326787136235987,"MN",2023-12-29,1,1,1,1,0,0,1,0,1,1,1,1,0,0,0,0,0,0,0,0
"1001",4.3934870778096,0.353921340689511,"MN",2023-12-30,1,1,1,1,0,0,1,0,1,0,1,1,1,1,0,0,0,0,0,0
"1002",1.66938988767527,0.303199673944933,"MN",2023-12-31,1,0,1,0,1,1,1,1,1,1,1,0,0,0,0,0,0,0,0,1
"1003",3.43250179551957,0.264147264804847,"MN",2024-01-01,0,0,1,1,0,0,0,1,1,1,0,0,1,1,0,0,0,0,1,1
"1004",4.95466604281515,0.293494556307433,"MN",2024-01-02,0,1,1,0,0,1,0,1,1,1,0,1,0,0,0,0,0,0,0,0
"1005",4.23445584629834,0.242817961576187,"MN",2024-01-03,1,0,0,1,0,0,0,1,1,1,1,0,0,1,0,0,0,0,0,0
"1006",1.86705008029319,0.302897402092272,"MN",2024-01-04,1,1,1,1,0,1,1,1,1,0,1,1,0,1,0,0,1,0,0,0
"1007",5.41485885892558,0.37168101959902,"MN",2024-01-05,0,1,1,1,0,0,1,1,0,1,0,1,0,1,0,0,0,1,0,0
"1008",2.53480729487838,0.170000831320242,"MN",2024-01-06,0,1,1,1,0,0,1,1,0,1,0,1,1,1,0,0,0,1,0,1
"1009",0.232737309680953,0.167079750549718,"MO",2023-11-26,1,1,1,1,1,1,1,1,1,1,1,1,1,1,1,1,1,1,1,1
"1010",2.36132902227413,0.491965473618715,"MO",2023-11-27,1,1,1,1,1,1,1,1,1,0,1,1,1,1,1,1,0,0,0,0
"1011",0.768934517080314,0.389774683278141,"MO",2023-11-28,1,1,1,1,0,1,1,1,1,1,1,1,0,1,0,0,1,1,1,1
"1012",NA,NA,"MO",2023-11-29,NA,NA,NA,NA,NA,NA,NA,NA,NA,NA,NA,NA,NA,NA,NA,NA,NA,NA,NA,NA
"1013",NA,NA,"MO",2023-11-30,NA,NA,NA,NA,NA,NA,NA,NA,NA,NA,NA,NA,NA,NA,NA,NA,NA,NA,NA,NA
"1014",0.669312673184351,0.452482197234818,"MO",2023-12-01,1,1,0,1,1,1,1,1,1,1,1,1,0,1,1,0,1,1,1,1
"1015",NA,NA,"MO",2023-12-02,NA,NA,NA,NA,NA,NA,NA,NA,NA,NA,NA,NA,NA,NA,NA,NA,NA,NA,NA,NA
"1016",0.885052659823642,0.409823359175247,"MO",2023-12-03,1,1,1,1,1,1,1,1,1,0,1,1,0,1,1,0,0,1,1,0
"1017",0.70717848921946,0.379728162860649,"MO",2023-12-04,1,0,1,1,1,1,1,1,1,1,1,0,1,1,1,0,1,1,1,1
"1018",0.528200967106974,0.332665767367706,"MO",2023-12-05,1,1,1,1,1,1,1,1,1,1,1,1,0,1,1,0,0,1,0,1
"1019",NA,NA,"MO",2023-12-06,NA,NA,NA,NA,NA,NA,NA,NA,NA,NA,NA,NA,NA,NA,NA,NA,NA,NA,NA,NA
"1020",NA,NA,"MO",2023-12-07,NA,NA,NA,NA,NA,NA,NA,NA,NA,NA,NA,NA,NA,NA,NA,NA,NA,NA,NA,NA
"1021",0.281031727107409,0.189838999497441,"MO",2023-12-08,1,1,1,1,1,1,1,1,1,1,1,0,1,1,1,0,1,1,1,1
"1022",NA,NA,"MO",2023-12-09,NA,NA,NA,NA,NA,NA,NA,NA,NA,NA,NA,NA,NA,NA,NA,NA,NA,NA,NA,NA
"1023",NA,NA,"MO",2023-12-10,NA,NA,NA,NA,NA,NA,NA,NA,NA,NA,NA,NA,NA,NA,NA,NA,NA,NA,NA,NA
"1024",NA,NA,"MO",2023-12-11,NA,NA,NA,NA,NA,NA,NA,NA,NA,NA,NA,NA,NA,NA,NA,NA,NA,NA,NA,NA
"1025",0.790204179014522,0.210390600547485,"MO",2023-12-12,1,1,1,1,1,0,1,1,1,1,1,1,1,1,1,0,1,1,0,1
"1026",1.48408934277024,0.564753655226286,"MO",2023-12-13,1,1,1,1,0,0,1,1,1,0,1,0,0,0,0,0,1,1,1,0
"1027",2.15160879790339,0.505893429772068,"MO",2023-12-14,0,1,1,1,1,0,0,1,1,1,0,1,1,1,1,0,0,1,0,1
"1028",0.465984980931679,0.354269636191104,"MO",2023-12-15,1,1,1,1,1,1,1,1,1,1,1,1,1,1,1,1,0,1,0,1
"1029",NA,NA,"MO",2023-12-16,NA,NA,NA,NA,NA,NA,NA,NA,NA,NA,NA,NA,NA,NA,NA,NA,NA,NA,NA,NA
"1030",0.373644636040345,0.286838889816193,"MO",2023-12-17,1,1,1,1,1,1,1,1,1,1,1,1,0,0,1,0,1,1,0,1
"1031",0.642301434716472,0.275877430226786,"MO",2023-12-18,1,1,1,1,1,1,1,1,1,1,1,1,0,1,1,0,1,1,1,1
"1032",NA,NA,"MO",2023-12-19,NA,NA,NA,NA,NA,NA,NA,NA,NA,NA,NA,NA,NA,NA,NA,NA,NA,NA,NA,NA
"1033",0.428460959478748,0.281058608356209,"MO",2023-12-20,1,1,1,1,1,1,1,1,1,1,1,1,1,1,1,0,1,0,1,1
"1034",0.894194196309045,0.629530597660941,"MO",2023-12-21,0,1,1,1,1,1,1,1,1,1,0,1,1,1,1,0,1,1,1,1
"1035",NA,NA,"MO",2023-12-22,NA,NA,NA,NA,NA,NA,NA,NA,NA,NA,NA,NA,NA,NA,NA,NA,NA,NA,NA,NA
"1036",0.336902062810648,0.276406028584596,"MO",2023-12-23,1,1,1,1,1,1,1,1,1,1,1,1,1,1,1,0,1,1,0,1
"1037",NA,NA,"MO",2023-12-24,NA,NA,NA,NA,NA,NA,NA,NA,NA,NA,NA,NA,NA,NA,NA,NA,NA,NA,NA,NA
"1038",NA,NA,"MO",2023-12-25,NA,NA,NA,NA,NA,NA,NA,NA,NA,NA,NA,NA,NA,NA,NA,NA,NA,NA,NA,NA
"1039",0.849556431548071,0.41583529677857,"MO",2023-12-26,1,1,1,1,1,1,1,1,1,0,1,1,1,1,1,0,1,1,0,0
"1040",0.354849105000339,0.278365688320371,"MO",2023-12-27,1,1,1,1,1,1,1,1,1,1,1,1,1,1,1,0,1,1,0,1
"1041",0.905949987948006,0.635872154557944,"MO",2023-12-28,1,1,1,1,1,1,0,1,1,1,1,1,1,1,1,1,0,1,0,1
"1042",0.853317580879426,0.41139892204415,"MO",2023-12-29,1,1,1,1,0,1,1,1,1,1,1,0,1,1,0,1,1,1,1,1
"1043",0.949923516180362,0.667471885321046,"MO",2023-12-30,1,1,1,1,1,1,1,1,1,0,1,1,1,1,1,1,1,1,0,0
"1044",0.162629100673152,0.131198629021037,"MO",2023-12-31,1,1,1,1,1,1,1,1,1,1,1,1,1,1,1,1,1,1,1,1
"1045",NA,NA,"MO",2024-01-01,NA,NA,NA,NA,NA,NA,NA,NA,NA,NA,NA,NA,NA,NA,NA,NA,NA,NA,NA,NA
"1046",0.991959119294417,0.678082973763974,"MO",2024-01-02,1,1,1,1,1,1,1,0,1,1,1,1,1,1,1,1,1,0,0,1
"1047",0.122544475912521,0.101396689304511,"MO",2024-01-03,1,1,1,1,1,1,1,1,1,1,1,1,1,1,1,1,1,1,1,1
"1048",0.115038947555948,0.0926296927127929,"MO",2024-01-04,1,1,1,1,1,1,1,1,1,1,1,1,1,1,1,1,1,1,1,1
"1049",0.784578983938601,0.533555554215652,"MO",2024-01-05,1,1,1,1,1,0,1,1,1,1,1,1,1,1,1,0,1,1,0,1
"1050",NA,NA,"MO",2024-01-06,NA,NA,NA,NA,NA,NA,NA,NA,NA,NA,NA,NA,NA,NA,NA,NA,NA,NA,NA,NA
"1051",NA,NA,"MS",2023-11-26,NA,NA,NA,NA,NA,NA,NA,NA,NA,NA,NA,NA,NA,NA,NA,NA,NA,NA,NA,NA
"1052",1.44016178226783,0.364559232945601,"MS",2023-11-27,1,0,1,1,1,1,1,1,1,1,1,0,0,0,1,0,1,1,0,1
"1053",1.66955622995149,0.600898728526463,"MS",2023-11-28,1,1,1,0,1,1,1,1,1,1,1,1,1,0,1,0,1,1,1,1
"1054",1.18239393370996,0.291760448556096,"MS",2023-11-29,1,1,1,0,1,1,1,1,1,1,1,1,1,1,1,1,1,1,1,1
"1055",0.275182978129789,0.188187847568159,"MS",2023-11-30,1,1,1,1,1,1,1,1,1,1,1,1,1,1,1,1,1,1,1,1
"1056",NA,NA,"MS",2023-12-01,NA,NA,NA,NA,NA,NA,NA,NA,NA,NA,NA,NA,NA,NA,NA,NA,NA,NA,NA,NA
"1057",NA,NA,"MS",2023-12-02,NA,NA,NA,NA,NA,NA,NA,NA,NA,NA,NA,NA,NA,NA,NA,NA,NA,NA,NA,NA
"1058",NA,NA,"MS",2023-12-03,NA,NA,NA,NA,NA,NA,NA,NA,NA,NA,NA,NA,NA,NA,NA,NA,NA,NA,NA,NA
"1059",0.973169449759615,0.441681251296963,"MS",2023-12-04,1,1,1,0,1,1,1,1,1,1,1,1,1,0,1,0,1,1,0,1
"1060",1.17658276245257,0.188911225991791,"MS",2023-12-05,1,1,1,1,1,0,1,1,1,1,1,1,1,1,1,0,0,1,1,1
"1061",0.290161394852551,0.189865129320032,"MS",2023-12-06,1,1,1,1,1,1,1,1,1,1,1,1,0,1,1,0,1,1,1,1
"1062",0.949277295775723,0.42867000932602,"MS",2023-12-07,1,1,1,1,0,1,1,1,1,1,1,1,1,1,0,0,1,1,0,1
"1063",0.84240957237865,0.453478986493678,"MS",2023-12-08,1,1,1,1,1,1,1,1,1,1,1,1,0,1,0,0,1,1,0,1
"1064",NA,NA,"MS",2023-12-09,NA,NA,NA,NA,NA,NA,NA,NA,NA,NA,NA,NA,NA,NA,NA,NA,NA,NA,NA,NA
"1065",NA,NA,"MS",2023-12-10,NA,NA,NA,NA,NA,NA,NA,NA,NA,NA,NA,NA,NA,NA,NA,NA,NA,NA,NA,NA
"1066",1.01491014907489,0.347224232878024,"MS",2023-12-11,1,1,0,1,1,1,1,1,1,1,1,1,0,1,1,1,1,1,0,1
"1067",1.39957991330818,0.545348349401184,"MS",2023-12-12,1,0,1,0,1,0,1,1,1,1,1,0,0,0,1,0,1,1,0,1
"1068",0.796009085681851,0.207147103678211,"MS",2023-12-13,1,1,1,1,1,0,1,1,1,1,1,1,0,1,1,0,1,1,1,1
"1069",1.49760971784442,0.383552539720019,"MS",2023-12-14,1,1,1,1,1,1,1,1,0,1,1,1,1,1,1,0,1,0,0,1
"1070",0.994614983996338,0.264849303930118,"MS",2023-12-15,1,1,1,1,1,0,1,1,1,1,1,1,1,1,1,1,1,0,0,1
"1071",NA,NA,"MS",2023-12-16,NA,NA,NA,NA,NA,NA,NA,NA,NA,NA,NA,NA,NA,NA,NA,NA,NA,NA,NA,NA
"1072",NA,NA,"MS",2023-12-17,NA,NA,NA,NA,NA,NA,NA,NA,NA,NA,NA,NA,NA,NA,NA,NA,NA,NA,NA,NA
"1073",1.14384449039903,0.366727393942282,"MS",2023-12-18,1,1,1,1,1,1,1,1,0,1,1,1,1,1,1,0,1,1,0,1
"1074",0.459960515990578,0.351681823301608,"MS",2023-12-19,1,1,1,1,1,1,1,1,1,1,1,1,0,1,1,1,1,1,0,1
"1075",NA,NA,"MS",2023-12-20,NA,NA,NA,NA,NA,NA,NA,NA,NA,NA,NA,NA,NA,NA,NA,NA,NA,NA,NA,NA
"1076",NA,NA,"MS",2023-12-21,NA,NA,NA,NA,NA,NA,NA,NA,NA,NA,NA,NA,NA,NA,NA,NA,NA,NA,NA,NA
"1077",NA,NA,"MS",2023-12-22,NA,NA,NA,NA,NA,NA,NA,NA,NA,NA,NA,NA,NA,NA,NA,NA,NA,NA,NA,NA
"1078",NA,NA,"MS",2023-12-23,NA,NA,NA,NA,NA,NA,NA,NA,NA,NA,NA,NA,NA,NA,NA,NA,NA,NA,NA,NA
"1079",NA,NA,"MS",2023-12-24,NA,NA,NA,NA,NA,NA,NA,NA,NA,NA,NA,NA,NA,NA,NA,NA,NA,NA,NA,NA
"1080",NA,NA,"MS",2023-12-25,NA,NA,NA,NA,NA,NA,NA,NA,NA,NA,NA,NA,NA,NA,NA,NA,NA,NA,NA,NA
"1081",NA,NA,"MS",2023-12-26,NA,NA,NA,NA,NA,NA,NA,NA,NA,NA,NA,NA,NA,NA,NA,NA,NA,NA,NA,NA
"1082",NA,NA,"MS",2023-12-27,NA,NA,NA,NA,NA,NA,NA,NA,NA,NA,NA,NA,NA,NA,NA,NA,NA,NA,NA,NA
"1083",NA,NA,"MS",2023-12-28,NA,NA,NA,NA,NA,NA,NA,NA,NA,NA,NA,NA,NA,NA,NA,NA,NA,NA,NA,NA
"1084",NA,NA,"MS",2023-12-29,NA,NA,NA,NA,NA,NA,NA,NA,NA,NA,NA,NA,NA,NA,NA,NA,NA,NA,NA,NA
"1085",NA,NA,"MS",2023-12-30,NA,NA,NA,NA,NA,NA,NA,NA,NA,NA,NA,NA,NA,NA,NA,NA,NA,NA,NA,NA
"1086",NA,NA,"MS",2023-12-31,NA,NA,NA,NA,NA,NA,NA,NA,NA,NA,NA,NA,NA,NA,NA,NA,NA,NA,NA,NA
"1087",NA,NA,"MS",2024-01-01,NA,NA,NA,NA,NA,NA,NA,NA,NA,NA,NA,NA,NA,NA,NA,NA,NA,NA,NA,NA
"1088",1.06353761508313,0.362873526350494,"MS",2024-01-02,1,1,1,0,1,1,1,1,1,1,1,0,0,0,1,0,1,0,0,1
"1089",0.854519868125997,0.30610211801404,"MS",2024-01-03,1,0,1,1,1,1,1,1,1,1,1,0,1,1,1,0,1,1,0,1
"1090",0.88653664078001,0.312569474853859,"MS",2024-01-04,1,1,1,0,1,1,1,1,1,1,1,1,1,0,1,0,1,1,0,1
"1091",1.9021285941863,0.547297110730181,"MS",2024-01-05,0,1,1,1,1,0,1,1,0,1,0,1,1,1,1,0,1,1,0,1
"1092",NA,NA,"MS",2024-01-06,NA,NA,NA,NA,NA,NA,NA,NA,NA,NA,NA,NA,NA,NA,NA,NA,NA,NA,NA,NA
"1093",NA,NA,"MT",2023-11-26,NA,NA,NA,NA,NA,NA,NA,NA,NA,NA,NA,NA,NA,NA,NA,NA,NA,NA,NA,NA
"1094",NA,NA,"MT",2023-11-27,NA,NA,NA,NA,NA,NA,NA,NA,NA,NA,NA,NA,NA,NA,NA,NA,NA,NA,NA,NA
"1095",NA,NA,"MT",2023-11-28,NA,NA,NA,NA,NA,NA,NA,NA,NA,NA,NA,NA,NA,NA,NA,NA,NA,NA,NA,NA
"1096",NA,NA,"MT",2023-11-29,NA,NA,NA,NA,NA,NA,NA,NA,NA,NA,NA,NA,NA,NA,NA,NA,NA,NA,NA,NA
"1097",NA,NA,"MT",2023-11-30,NA,NA,NA,NA,NA,NA,NA,NA,NA,NA,NA,NA,NA,NA,NA,NA,NA,NA,NA,NA
"1098",NA,NA,"MT",2023-12-01,NA,NA,NA,NA,NA,NA,NA,NA,NA,NA,NA,NA,NA,NA,NA,NA,NA,NA,NA,NA
"1099",NA,NA,"MT",2023-12-02,NA,NA,NA,NA,NA,NA,NA,NA,NA,NA,NA,NA,NA,NA,NA,NA,NA,NA,NA,NA
"1100",NA,NA,"MT",2023-12-03,NA,NA,NA,NA,NA,NA,NA,NA,NA,NA,NA,NA,NA,NA,NA,NA,NA,NA,NA,NA
"1101",NA,NA,"MT",2023-12-04,NA,NA,NA,NA,NA,NA,NA,NA,NA,NA,NA,NA,NA,NA,NA,NA,NA,NA,NA,NA
"1102",NA,NA,"MT",2023-12-05,NA,NA,NA,NA,NA,NA,NA,NA,NA,NA,NA,NA,NA,NA,NA,NA,NA,NA,NA,NA
"1103",NA,NA,"MT",2023-12-06,NA,NA,NA,NA,NA,NA,NA,NA,NA,NA,NA,NA,NA,NA,NA,NA,NA,NA,NA,NA
"1104",NA,NA,"MT",2023-12-07,NA,NA,NA,NA,NA,NA,NA,NA,NA,NA,NA,NA,NA,NA,NA,NA,NA,NA,NA,NA
"1105",NA,NA,"MT",2023-12-08,NA,NA,NA,NA,NA,NA,NA,NA,NA,NA,NA,NA,NA,NA,NA,NA,NA,NA,NA,NA
"1106",NA,NA,"MT",2023-12-09,NA,NA,NA,NA,NA,NA,NA,NA,NA,NA,NA,NA,NA,NA,NA,NA,NA,NA,NA,NA
"1107",NA,NA,"MT",2023-12-10,NA,NA,NA,NA,NA,NA,NA,NA,NA,NA,NA,NA,NA,NA,NA,NA,NA,NA,NA,NA
"1108",NA,NA,"MT",2023-12-11,NA,NA,NA,NA,NA,NA,NA,NA,NA,NA,NA,NA,NA,NA,NA,NA,NA,NA,NA,NA
"1109",NA,NA,"MT",2023-12-12,NA,NA,NA,NA,NA,NA,NA,NA,NA,NA,NA,NA,NA,NA,NA,NA,NA,NA,NA,NA
"1110",NA,NA,"MT",2023-12-13,NA,NA,NA,NA,NA,NA,NA,NA,NA,NA,NA,NA,NA,NA,NA,NA,NA,NA,NA,NA
"1111",NA,NA,"MT",2023-12-14,NA,NA,NA,NA,NA,NA,NA,NA,NA,NA,NA,NA,NA,NA,NA,NA,NA,NA,NA,NA
"1112",NA,NA,"MT",2023-12-15,NA,NA,NA,NA,NA,NA,NA,NA,NA,NA,NA,NA,NA,NA,NA,NA,NA,NA,NA,NA
"1113",NA,NA,"MT",2023-12-16,NA,NA,NA,NA,NA,NA,NA,NA,NA,NA,NA,NA,NA,NA,NA,NA,NA,NA,NA,NA
"1114",NA,NA,"MT",2023-12-17,NA,NA,NA,NA,NA,NA,NA,NA,NA,NA,NA,NA,NA,NA,NA,NA,NA,NA,NA,NA
"1115",NA,NA,"MT",2023-12-18,NA,NA,NA,NA,NA,NA,NA,NA,NA,NA,NA,NA,NA,NA,NA,NA,NA,NA,NA,NA
"1116",NA,NA,"MT",2023-12-19,NA,NA,NA,NA,NA,NA,NA,NA,NA,NA,NA,NA,NA,NA,NA,NA,NA,NA,NA,NA
"1117",NA,NA,"MT",2023-12-20,NA,NA,NA,NA,NA,NA,NA,NA,NA,NA,NA,NA,NA,NA,NA,NA,NA,NA,NA,NA
"1118",NA,NA,"MT",2023-12-21,NA,NA,NA,NA,NA,NA,NA,NA,NA,NA,NA,NA,NA,NA,NA,NA,NA,NA,NA,NA
"1119",NA,NA,"MT",2023-12-22,NA,NA,NA,NA,NA,NA,NA,NA,NA,NA,NA,NA,NA,NA,NA,NA,NA,NA,NA,NA
"1120",NA,NA,"MT",2023-12-23,NA,NA,NA,NA,NA,NA,NA,NA,NA,NA,NA,NA,NA,NA,NA,NA,NA,NA,NA,NA
"1121",NA,NA,"MT",2023-12-24,NA,NA,NA,NA,NA,NA,NA,NA,NA,NA,NA,NA,NA,NA,NA,NA,NA,NA,NA,NA
"1122",NA,NA,"MT",2023-12-25,NA,NA,NA,NA,NA,NA,NA,NA,NA,NA,NA,NA,NA,NA,NA,NA,NA,NA,NA,NA
"1123",NA,NA,"MT",2023-12-26,NA,NA,NA,NA,NA,NA,NA,NA,NA,NA,NA,NA,NA,NA,NA,NA,NA,NA,NA,NA
"1124",NA,NA,"MT",2023-12-27,NA,NA,NA,NA,NA,NA,NA,NA,NA,NA,NA,NA,NA,NA,NA,NA,NA,NA,NA,NA
"1125",NA,NA,"MT",2023-12-28,NA,NA,NA,NA,NA,NA,NA,NA,NA,NA,NA,NA,NA,NA,NA,NA,NA,NA,NA,NA
"1126",NA,NA,"MT",2023-12-29,NA,NA,NA,NA,NA,NA,NA,NA,NA,NA,NA,NA,NA,NA,NA,NA,NA,NA,NA,NA
"1127",NA,NA,"MT",2023-12-30,NA,NA,NA,NA,NA,NA,NA,NA,NA,NA,NA,NA,NA,NA,NA,NA,NA,NA,NA,NA
"1128",NA,NA,"MT",2023-12-31,NA,NA,NA,NA,NA,NA,NA,NA,NA,NA,NA,NA,NA,NA,NA,NA,NA,NA,NA,NA
"1129",NA,NA,"MT",2024-01-01,NA,NA,NA,NA,NA,NA,NA,NA,NA,NA,NA,NA,NA,NA,NA,NA,NA,NA,NA,NA
"1130",NA,NA,"MT",2024-01-02,NA,NA,NA,NA,NA,NA,NA,NA,NA,NA,NA,NA,NA,NA,NA,NA,NA,NA,NA,NA
"1131",NA,NA,"MT",2024-01-03,NA,NA,NA,NA,NA,NA,NA,NA,NA,NA,NA,NA,NA,NA,NA,NA,NA,NA,NA,NA
"1132",NA,NA,"MT",2024-01-04,NA,NA,NA,NA,NA,NA,NA,NA,NA,NA,NA,NA,NA,NA,NA,NA,NA,NA,NA,NA
"1133",NA,NA,"MT",2024-01-05,NA,NA,NA,NA,NA,NA,NA,NA,NA,NA,NA,NA,NA,NA,NA,NA,NA,NA,NA,NA
"1134",NA,NA,"MT",2024-01-06,NA,NA,NA,NA,NA,NA,NA,NA,NA,NA,NA,NA,NA,NA,NA,NA,NA,NA,NA,NA
"1135",NA,NA,"NC",2023-11-26,NA,NA,NA,NA,NA,NA,NA,NA,NA,NA,NA,NA,NA,NA,NA,NA,NA,NA,NA,NA
"1136",1.69098433657804,0.379992044792513,"NC",2023-11-27,1,0,1,1,1,1,1,1,1,1,0,0,0,0,1,0,0,1,0,0
"1137",1.02571265600533,0.340681298285913,"NC",2023-11-28,1,1,1,1,0,1,1,1,1,1,1,1,0,1,0,0,1,1,0,1
"1138",0.883267903828898,0.311565208282366,"NC",2023-11-29,1,1,1,1,1,1,1,0,1,1,1,1,0,1,1,0,0,0,1,1
"1139",0.972252550580196,0.337810141264695,"NC",2023-11-30,1,1,1,1,1,1,1,1,1,1,1,1,0,1,1,0,1,1,0,1
"1140",1.91096108304449,0.43320927009575,"NC",2023-12-01,1,0,1,1,1,1,1,1,0,1,1,0,1,1,0,0,0,0,0,1
"1141",0.589065218914153,0.264879062795554,"NC",2023-12-02,1,1,1,1,1,1,1,1,1,1,1,1,1,1,1,0,1,1,0,1
"1142",NA,NA,"NC",2023-12-03,NA,NA,NA,NA,NA,NA,NA,NA,NA,NA,NA,NA,NA,NA,NA,NA,NA,NA,NA,NA
"1143",2.6213534170511,0.374533009109455,"NC",2023-12-04,0,1,0,1,1,1,0,1,1,0,0,1,0,1,0,0,0,0,0,1
"1144",1.30699381195233,0.370112570586237,"NC",2023-12-05,1,0,1,1,0,1,1,1,1,1,1,0,0,0,1,0,0,0,1,1
"1145",1.44113602219213,0.372438590671635,"NC",2023-12-06,1,1,1,1,1,1,1,0,1,1,1,1,0,1,1,0,1,0,1,0
"1146",1.34767005432385,0.382835022782101,"NC",2023-12-07,0,1,1,1,1,1,1,1,1,1,0,1,0,1,1,1,1,1,0,0
"1147",1.35311482095148,0.35346575860032,"NC",2023-12-08,1,1,1,1,1,1,1,1,0,1,1,1,0,1,0,0,1,1,0,1
"1148",NA,NA,"NC",2023-12-09,NA,NA,NA,NA,NA,NA,NA,NA,NA,NA,NA,NA,NA,NA,NA,NA,NA,NA,NA,NA
"1149",0.256819330214502,0.183560420740664,"NC",2023-12-10,1,1,1,1,1,1,1,1,1,1,1,1,1,1,1,0,1,1,1,0
"1150",1.7204035995019,0.475415460503274,"NC",2023-12-11,1,1,1,1,1,1,0,1,1,0,1,1,0,1,1,1,1,1,1,0
"1151",2.80527278086417,0.363160322981816,"NC",2023-12-12,0,1,1,1,1,1,1,1,0,1,1,0,0,0,1,0,0,0,0,0
"1152",2.07648242714369,0.405018205809023,"NC",2023-12-13,0,1,1,1,1,1,0,1,1,1,0,1,0,1,1,0,0,1,0,0
"1153",0.872753499077178,0.351716566139597,"NC",2023-12-14,1,1,1,0,1,1,1,1,1,1,1,0,0,0,1,0,1,1,0,1
"1154",0.936587468783186,0.366423952243564,"NC",2023-12-15,1,1,1,1,1,1,1,1,1,1,1,1,0,1,1,1,1,1,0,1
"1155",0.294476075568779,0.224120044197299,"NC",2023-12-16,1,1,1,1,1,1,1,1,1,1,1,1,1,1,1,1,1,1,1,1
"1156",1.68522348735279,0.420878299676204,"NC",2023-12-17,0,1,1,0,1,1,1,0,0,1,0,1,1,1,1,1,0,0,0,1
"1157",2.43933257064999,0.469076531042925,"NC",2023-12-18,1,0,1,1,1,0,1,0,1,0,1,0,0,1,1,0,1,0,0,0
"1158",2.71558484068719,0.33743407411748,"NC",2023-12-19,1,0,0,1,1,1,1,1,1,1,1,0,1,0,1,0,0,1,0,1
"1159",1.58974793702029,0.404743161057009,"NC",2023-12-20,1,0,1,1,0,1,1,1,1,1,1,0,0,1,0,0,0,0,0,1
"1160",0.648795933119881,0.274758622800882,"NC",2023-12-21,1,1,1,1,1,1,1,1,1,1,1,1,0,1,1,0,1,1,1,1
"1161",1.7590485691159,0.39204740625132,"NC",2023-12-22,0,0,1,1,1,0,1,1,1,1,0,0,0,1,1,0,0,1,0,1
"1162",NA,NA,"NC",2023-12-23,NA,NA,NA,NA,NA,NA,NA,NA,NA,NA,NA,NA,NA,NA,NA,NA,NA,NA,NA,NA
"1163",NA,NA,"NC",2023-12-24,NA,NA,NA,NA,NA,NA,NA,NA,NA,NA,NA,NA,NA,NA,NA,NA,NA,NA,NA,NA
"1164",0.347599664475095,0.212274925051127,"NC",2023-12-25,1,1,1,1,1,1,1,1,1,1,1,1,1,1,1,1,1,1,1,1
"1165",1.73873798839921,0.403181050205782,"NC",2023-12-26,1,1,1,1,0,1,1,1,1,0,1,1,1,1,0,0,0,1,0,0
"1166",1.68847166519568,0.318369458020366,"NC",2023-12-27,1,0,1,1,1,1,1,1,1,1,1,0,0,1,1,0,0,1,0,1
"1167",3.85471318083209,0.291661575307181,"NC",2023-12-28,0,1,1,0,1,0,1,1,0,1,0,1,0,0,1,0,1,0,0,1
"1168",3.50276177182407,0.456641870527765,"NC",2023-12-29,0,0,1,1,1,0,0,1,1,0,1,0,1,1,1,0,1,1,0,0
"1169",NA,NA,"NC",2023-12-30,NA,NA,NA,NA,NA,NA,NA,NA,NA,NA,NA,NA,NA,NA,NA,NA,NA,NA,NA,NA
"1170",0.380501890445725,0.234314062105689,"NC",2023-12-31,1,1,1,1,1,1,1,1,1,1,1,1,0,1,1,1,1,1,0,1
"1171",NA,NA,"NC",2024-01-01,NA,NA,NA,NA,NA,NA,NA,NA,NA,NA,NA,NA,NA,NA,NA,NA,NA,NA,NA,NA
"1172",2.23547114355026,0.382978386711209,"NC",2024-01-02,0,0,1,1,1,1,1,1,1,0,0,0,0,1,1,1,0,0,0,0
"1173",2.54118859444172,0.445239221203524,"NC",2024-01-03,0,0,1,0,1,1,1,1,0,1,0,0,1,0,1,1,0,1,0,0
"1174",1.74832990304166,0.359445852527351,"NC",2024-01-04,0,1,1,1,0,1,1,1,1,0,0,1,0,1,0,0,1,0,0,0
"1175",1.57373234072431,0.328023941263705,"NC",2024-01-05,1,0,1,0,1,1,1,1,1,0,1,0,0,0,1,0,0,0,0,0
"1176",NA,NA,"NC",2024-01-06,NA,NA,NA,NA,NA,NA,NA,NA,NA,NA,NA,NA,NA,NA,NA,NA,NA,NA,NA,NA
"1177",NA,NA,"ND",2023-11-26,NA,NA,NA,NA,NA,NA,NA,NA,NA,NA,NA,NA,NA,NA,NA,NA,NA,NA,NA,NA
"1178",NA,NA,"ND",2023-11-27,NA,NA,NA,NA,NA,NA,NA,NA,NA,NA,NA,NA,NA,NA,NA,NA,NA,NA,NA,NA
"1179",0.782121392057456,0.534987983844766,"ND",2023-11-28,1,1,1,1,1,1,1,0,1,1,1,1,1,1,1,1,1,0,0,1
"1180",1.77603549821912,0.466413383011311,"ND",2023-11-29,1,1,0,1,1,0,1,1,1,1,1,1,0,1,0,1,0,0,0,0
"1181",1.11191456160533,0.531506372509815,"ND",2023-11-30,1,1,0,1,1,1,1,0,1,1,1,1,0,0,1,1,1,1,1,1
"1182",0.774689855370457,0.530120195574729,"ND",2023-12-01,1,1,1,1,1,1,1,0,1,1,1,1,1,1,1,1,1,0,0,1
"1183",0.837700848730868,0.260112437206928,"ND",2023-12-02,1,1,1,1,1,0,1,1,1,1,1,1,1,1,1,0,1,1,0,1
"1184",0.603732648881797,0.417768055022005,"ND",2023-12-03,1,1,1,1,1,1,0,1,1,1,1,1,1,1,1,1,0,1,0,1
"1185",1.11683460115154,0.547695369781509,"ND",2023-12-04,1,1,0,1,1,1,1,1,1,0,1,0,0,1,1,1,1,1,0,0
"1186",NA,NA,"ND",2023-12-05,NA,NA,NA,NA,NA,NA,NA,NA,NA,NA,NA,NA,NA,NA,NA,NA,NA,NA,NA,NA
"1187",NA,NA,"ND",2023-12-06,NA,NA,NA,NA,NA,NA,NA,NA,NA,NA,NA,NA,NA,NA,NA,NA,NA,NA,NA,NA
"1188",0.382741811062213,0.290788380919202,"ND",2023-12-07,1,1,1,1,1,1,1,1,1,1,1,1,0,1,1,0,1,1,1,1
"1189",0.391867292763734,0.298010631269986,"ND",2023-12-08,1,1,1,1,1,1,1,1,1,1,1,1,1,1,1,1,1,1,1,1
"1190",NA,NA,"ND",2023-12-09,NA,NA,NA,NA,NA,NA,NA,NA,NA,NA,NA,NA,NA,NA,NA,NA,NA,NA,NA,NA
"1191",NA,NA,"ND",2023-12-10,NA,NA,NA,NA,NA,NA,NA,NA,NA,NA,NA,NA,NA,NA,NA,NA,NA,NA,NA,NA
"1192",2.98919427276669,0.41875777879438,"ND",2023-12-11,1,0,1,1,1,0,0,0,0,1,1,0,0,0,0,0,0,0,0,0
"1193",0.763364154312484,0.526856388153257,"ND",2023-12-12,1,1,1,1,1,1,1,0,1,1,1,1,1,1,1,1,1,0,0,1
"1194",0.803830461172677,0.566757976753246,"ND",2023-12-13,1,1,0,1,1,1,1,1,1,1,1,1,0,1,1,0,1,1,1,1
"1195",0.43988838397222,0.317233476011679,"ND",2023-12-14,1,1,1,1,1,1,1,1,1,1,1,1,1,1,1,1,1,1,1,1
"1196",0.478158460659921,0.359047326888163,"ND",2023-12-15,1,1,1,1,1,1,1,1,1,1,1,1,1,1,1,0,1,1,0,1
"1197",NA,NA,"ND",2023-12-16,NA,NA,NA,NA,NA,NA,NA,NA,NA,NA,NA,NA,NA,NA,NA,NA,NA,NA,NA,NA
"1198",NA,NA,"ND",2023-12-17,NA,NA,NA,NA,NA,NA,NA,NA,NA,NA,NA,NA,NA,NA,NA,NA,NA,NA,NA,NA
"1199",0.979998202091412,0.489943073770962,"ND",2023-12-18,1,1,0,1,1,1,1,1,1,1,1,1,0,1,1,0,0,1,0,1
"1200",1.78637656334883,0.39689733242785,"ND",2023-12-19,1,0,1,1,1,0,1,0,1,1,1,0,1,1,1,0,0,0,1,1
"1201",0.302467273173485,0.216645849449724,"ND",2023-12-20,1,1,1,1,1,1,1,1,1,1,1,1,1,1,1,1,1,1,1,1
"1202",0.716761811217519,0.20584434177377,"ND",2023-12-21,1,1,1,1,1,1,1,1,0,1,1,1,1,1,1,0,1,1,0,1
"1203",NA,NA,"ND",2023-12-22,NA,NA,NA,NA,NA,NA,NA,NA,NA,NA,NA,NA,NA,NA,NA,NA,NA,NA,NA,NA
"1204",NA,NA,"ND",2023-12-23,NA,NA,NA,NA,NA,NA,NA,NA,NA,NA,NA,NA,NA,NA,NA,NA,NA,NA,NA,NA
"1205",NA,NA,"ND",2023-12-24,NA,NA,NA,NA,NA,NA,NA,NA,NA,NA,NA,NA,NA,NA,NA,NA,NA,NA,NA,NA
"1206",NA,NA,"ND",2023-12-25,NA,NA,NA,NA,NA,NA,NA,NA,NA,NA,NA,NA,NA,NA,NA,NA,NA,NA,NA,NA
"1207",0.218559224717047,0.156016304418207,"ND",2023-12-26,1,1,1,1,1,1,1,1,1,1,1,1,1,1,1,1,1,1,1,1
"1208",0.971958587906781,0.433555080759411,"ND",2023-12-27,1,1,1,1,0,1,1,1,1,1,1,1,1,1,0,0,1,1,0,1
"1209",0.937758479397855,0.65260403711079,"ND",2023-12-28,1,1,1,1,1,1,1,1,1,0,1,1,1,1,1,1,1,1,0,0
"1210",0.83180965180199,0.398674802000538,"ND",2023-12-29,1,0,1,1,1,1,1,1,1,1,1,0,1,1,1,1,1,1,0,1
"1211",NA,NA,"ND",2023-12-30,NA,NA,NA,NA,NA,NA,NA,NA,NA,NA,NA,NA,NA,NA,NA,NA,NA,NA,NA,NA
"1212",NA,NA,"ND",2023-12-31,NA,NA,NA,NA,NA,NA,NA,NA,NA,NA,NA,NA,NA,NA,NA,NA,NA,NA,NA,NA
"1213",NA,NA,"ND",2024-01-01,NA,NA,NA,NA,NA,NA,NA,NA,NA,NA,NA,NA,NA,NA,NA,NA,NA,NA,NA,NA
"1214",0.116234057004203,0.100400195335934,"ND",2024-01-02,1,1,1,1,1,1,1,1,1,1,1,1,1,1,1,1,1,1,1,1
"1215",0.741671370711064,0.275622883121863,"ND",2024-01-03,1,1,1,1,1,1,1,0,1,1,1,1,1,1,1,1,1,0,0,1
"1216",NA,NA,"ND",2024-01-04,NA,NA,NA,NA,NA,NA,NA,NA,NA,NA,NA,NA,NA,NA,NA,NA,NA,NA,NA,NA
"1217",NA,NA,"ND",2024-01-05,NA,NA,NA,NA,NA,NA,NA,NA,NA,NA,NA,NA,NA,NA,NA,NA,NA,NA,NA,NA
"1218",NA,NA,"ND",2024-01-06,NA,NA,NA,NA,NA,NA,NA,NA,NA,NA,NA,NA,NA,NA,NA,NA,NA,NA,NA,NA
"1219",NA,NA,"NE",2023-11-26,NA,NA,NA,NA,NA,NA,NA,NA,NA,NA,NA,NA,NA,NA,NA,NA,NA,NA,NA,NA
"1220",NA,NA,"NE",2023-11-27,NA,NA,NA,NA,NA,NA,NA,NA,NA,NA,NA,NA,NA,NA,NA,NA,NA,NA,NA,NA
"1221",NA,NA,"NE",2023-11-28,NA,NA,NA,NA,NA,NA,NA,NA,NA,NA,NA,NA,NA,NA,NA,NA,NA,NA,NA,NA
"1222",NA,NA,"NE",2023-11-29,NA,NA,NA,NA,NA,NA,NA,NA,NA,NA,NA,NA,NA,NA,NA,NA,NA,NA,NA,NA
"1223",NA,NA,"NE",2023-11-30,NA,NA,NA,NA,NA,NA,NA,NA,NA,NA,NA,NA,NA,NA,NA,NA,NA,NA,NA,NA
"1224",NA,NA,"NE",2023-12-01,NA,NA,NA,NA,NA,NA,NA,NA,NA,NA,NA,NA,NA,NA,NA,NA,NA,NA,NA,NA
"1225",NA,NA,"NE",2023-12-02,NA,NA,NA,NA,NA,NA,NA,NA,NA,NA,NA,NA,NA,NA,NA,NA,NA,NA,NA,NA
"1226",NA,NA,"NE",2023-12-03,NA,NA,NA,NA,NA,NA,NA,NA,NA,NA,NA,NA,NA,NA,NA,NA,NA,NA,NA,NA
"1227",NA,NA,"NE",2023-12-04,NA,NA,NA,NA,NA,NA,NA,NA,NA,NA,NA,NA,NA,NA,NA,NA,NA,NA,NA,NA
"1228",NA,NA,"NE",2023-12-05,NA,NA,NA,NA,NA,NA,NA,NA,NA,NA,NA,NA,NA,NA,NA,NA,NA,NA,NA,NA
"1229",NA,NA,"NE",2023-12-06,NA,NA,NA,NA,NA,NA,NA,NA,NA,NA,NA,NA,NA,NA,NA,NA,NA,NA,NA,NA
"1230",NA,NA,"NE",2023-12-07,NA,NA,NA,NA,NA,NA,NA,NA,NA,NA,NA,NA,NA,NA,NA,NA,NA,NA,NA,NA
"1231",NA,NA,"NE",2023-12-08,NA,NA,NA,NA,NA,NA,NA,NA,NA,NA,NA,NA,NA,NA,NA,NA,NA,NA,NA,NA
"1232",NA,NA,"NE",2023-12-09,NA,NA,NA,NA,NA,NA,NA,NA,NA,NA,NA,NA,NA,NA,NA,NA,NA,NA,NA,NA
"1233",NA,NA,"NE",2023-12-10,NA,NA,NA,NA,NA,NA,NA,NA,NA,NA,NA,NA,NA,NA,NA,NA,NA,NA,NA,NA
"1234",NA,NA,"NE",2023-12-11,NA,NA,NA,NA,NA,NA,NA,NA,NA,NA,NA,NA,NA,NA,NA,NA,NA,NA,NA,NA
"1235",NA,NA,"NE",2023-12-12,NA,NA,NA,NA,NA,NA,NA,NA,NA,NA,NA,NA,NA,NA,NA,NA,NA,NA,NA,NA
"1236",0.501669011546049,0.252353792461145,"NE",2023-12-13,1,1,1,1,1,1,1,1,1,1,1,1,1,1,1,0,1,1,0,1
"1237",0.361379832269355,0.307104695696762,"NE",2023-12-14,1,1,1,1,1,1,1,1,1,1,1,1,1,1,1,1,1,1,1,1
"1238",NA,NA,"NE",2023-12-15,NA,NA,NA,NA,NA,NA,NA,NA,NA,NA,NA,NA,NA,NA,NA,NA,NA,NA,NA,NA
"1239",NA,NA,"NE",2023-12-16,NA,NA,NA,NA,NA,NA,NA,NA,NA,NA,NA,NA,NA,NA,NA,NA,NA,NA,NA,NA
"1240",NA,NA,"NE",2023-12-17,NA,NA,NA,NA,NA,NA,NA,NA,NA,NA,NA,NA,NA,NA,NA,NA,NA,NA,NA,NA
"1241",NA,NA,"NE",2023-12-18,NA,NA,NA,NA,NA,NA,NA,NA,NA,NA,NA,NA,NA,NA,NA,NA,NA,NA,NA,NA
"1242",NA,NA,"NE",2023-12-19,NA,NA,NA,NA,NA,NA,NA,NA,NA,NA,NA,NA,NA,NA,NA,NA,NA,NA,NA,NA
"1243",NA,NA,"NE",2023-12-20,NA,NA,NA,NA,NA,NA,NA,NA,NA,NA,NA,NA,NA,NA,NA,NA,NA,NA,NA,NA
"1244",NA,NA,"NE",2023-12-21,NA,NA,NA,NA,NA,NA,NA,NA,NA,NA,NA,NA,NA,NA,NA,NA,NA,NA,NA,NA
"1245",NA,NA,"NE",2023-12-22,NA,NA,NA,NA,NA,NA,NA,NA,NA,NA,NA,NA,NA,NA,NA,NA,NA,NA,NA,NA
"1246",NA,NA,"NE",2023-12-23,NA,NA,NA,NA,NA,NA,NA,NA,NA,NA,NA,NA,NA,NA,NA,NA,NA,NA,NA,NA
"1247",NA,NA,"NE",2023-12-24,NA,NA,NA,NA,NA,NA,NA,NA,NA,NA,NA,NA,NA,NA,NA,NA,NA,NA,NA,NA
"1248",NA,NA,"NE",2023-12-25,NA,NA,NA,NA,NA,NA,NA,NA,NA,NA,NA,NA,NA,NA,NA,NA,NA,NA,NA,NA
"1249",NA,NA,"NE",2023-12-26,NA,NA,NA,NA,NA,NA,NA,NA,NA,NA,NA,NA,NA,NA,NA,NA,NA,NA,NA,NA
"1250",NA,NA,"NE",2023-12-27,NA,NA,NA,NA,NA,NA,NA,NA,NA,NA,NA,NA,NA,NA,NA,NA,NA,NA,NA,NA
"1251",NA,NA,"NE",2023-12-28,NA,NA,NA,NA,NA,NA,NA,NA,NA,NA,NA,NA,NA,NA,NA,NA,NA,NA,NA,NA
"1252",NA,NA,"NE",2023-12-29,NA,NA,NA,NA,NA,NA,NA,NA,NA,NA,NA,NA,NA,NA,NA,NA,NA,NA,NA,NA
"1253",NA,NA,"NE",2023-12-30,NA,NA,NA,NA,NA,NA,NA,NA,NA,NA,NA,NA,NA,NA,NA,NA,NA,NA,NA,NA
"1254",NA,NA,"NE",2023-12-31,NA,NA,NA,NA,NA,NA,NA,NA,NA,NA,NA,NA,NA,NA,NA,NA,NA,NA,NA,NA
"1255",NA,NA,"NE",2024-01-01,NA,NA,NA,NA,NA,NA,NA,NA,NA,NA,NA,NA,NA,NA,NA,NA,NA,NA,NA,NA
"1256",NA,NA,"NE",2024-01-02,NA,NA,NA,NA,NA,NA,NA,NA,NA,NA,NA,NA,NA,NA,NA,NA,NA,NA,NA,NA
"1257",NA,NA,"NE",2024-01-03,NA,NA,NA,NA,NA,NA,NA,NA,NA,NA,NA,NA,NA,NA,NA,NA,NA,NA,NA,NA
"1258",NA,NA,"NE",2024-01-04,NA,NA,NA,NA,NA,NA,NA,NA,NA,NA,NA,NA,NA,NA,NA,NA,NA,NA,NA,NA
"1259",0.105248615764205,0.0364708709238519,"NE",2024-01-05,1,1,1,1,1,1,1,1,1,1,1,1,0,1,1,1,1,1,0,1
"1260",NA,NA,"NE",2024-01-06,NA,NA,NA,NA,NA,NA,NA,NA,NA,NA,NA,NA,NA,NA,NA,NA,NA,NA,NA,NA
"1261",0.20655325868477,0.137197911691085,"NH",2023-11-26,1,1,1,1,1,1,1,1,1,1,1,1,1,1,1,1,1,1,1,1
"1262",0.694310952088343,0.270171406141845,"NH",2023-11-27,1,1,1,1,1,1,1,1,1,1,1,1,0,1,1,0,1,1,1,1
"1263",0.827460795847562,0.584439675434535,"NH",2023-11-28,1,1,1,0,1,1,1,1,1,1,1,1,1,0,1,1,1,1,0,1
"1264",0.225859663863332,0.142187097440976,"NH",2023-11-29,1,1,1,1,1,1,1,1,1,1,1,1,1,1,1,0,1,1,0,1
"1265",NA,NA,"NH",2023-11-30,NA,NA,NA,NA,NA,NA,NA,NA,NA,NA,NA,NA,NA,NA,NA,NA,NA,NA,NA,NA
"1266",NA,NA,"NH",2023-12-01,NA,NA,NA,NA,NA,NA,NA,NA,NA,NA,NA,NA,NA,NA,NA,NA,NA,NA,NA,NA
"1267",NA,NA,"NH",2023-12-02,NA,NA,NA,NA,NA,NA,NA,NA,NA,NA,NA,NA,NA,NA,NA,NA,NA,NA,NA,NA
"1268",NA,NA,"NH",2023-12-03,NA,NA,NA,NA,NA,NA,NA,NA,NA,NA,NA,NA,NA,NA,NA,NA,NA,NA,NA,NA
"1269",NA,NA,"NH",2023-12-04,NA,NA,NA,NA,NA,NA,NA,NA,NA,NA,NA,NA,NA,NA,NA,NA,NA,NA,NA,NA
"1270",0.579132601782582,0.461269989026321,"NH",2023-12-05,1,1,1,1,1,1,1,1,0,1,1,1,1,1,1,1,1,0,0,1
"1271",0.270170128482063,0.166106138086821,"NH",2023-12-06,1,1,1,1,1,1,1,1,1,1,1,1,1,1,1,0,1,1,0,1
"1272",0.824401851956986,0.59547554801219,"NH",2023-12-07,1,0,1,1,1,1,1,1,1,1,1,0,1,1,1,1,1,0,1,1
"1273",NA,NA,"NH",2023-12-08,NA,NA,NA,NA,NA,NA,NA,NA,NA,NA,NA,NA,NA,NA,NA,NA,NA,NA,NA,NA
"1274",NA,NA,"NH",2023-12-09,NA,NA,NA,NA,NA,NA,NA,NA,NA,NA,NA,NA,NA,NA,NA,NA,NA,NA,NA,NA
"1275",NA,NA,"NH",2023-12-10,NA,NA,NA,NA,NA,NA,NA,NA,NA,NA,NA,NA,NA,NA,NA,NA,NA,NA,NA,NA
"1276",1.01765090325875,0.380026018280854,"NH",2023-12-11,1,1,1,1,1,1,1,1,0,1,1,1,1,0,1,1,1,1,0,1
"1277",NA,NA,"NH",2023-12-12,NA,NA,NA,NA,NA,NA,NA,NA,NA,NA,NA,NA,NA,NA,NA,NA,NA,NA,NA,NA
"1278",NA,NA,"NH",2023-12-13,NA,NA,NA,NA,NA,NA,NA,NA,NA,NA,NA,NA,NA,NA,NA,NA,NA,NA,NA,NA
"1279",NA,NA,"NH",2023-12-14,NA,NA,NA,NA,NA,NA,NA,NA,NA,NA,NA,NA,NA,NA,NA,NA,NA,NA,NA,NA
"1280",0.913077975481645,0.419317445708213,"NH",2023-12-15,1,0,1,1,1,1,1,1,1,1,1,0,1,1,1,0,1,0,0,1
"1281",NA,NA,"NH",2023-12-16,NA,NA,NA,NA,NA,NA,NA,NA,NA,NA,NA,NA,NA,NA,NA,NA,NA,NA,NA,NA
"1282",NA,NA,"NH",2023-12-17,NA,NA,NA,NA,NA,NA,NA,NA,NA,NA,NA,NA,NA,NA,NA,NA,NA,NA,NA,NA
"1283",0.290172199370966,0.274797849285085,"NH",2023-12-18,1,1,1,1,1,1,1,1,1,1,1,1,1,1,1,0,1,1,0,1
"1284",0.279035507986072,0.259845377118719,"NH",2023-12-19,1,1,1,1,1,1,1,1,1,1,1,1,1,1,1,0,1,1,0,1
"1285",0.867723569079888,0.591372208214705,"NH",2023-12-20,1,1,1,1,1,1,0,1,1,1,1,1,1,1,1,1,1,1,1,1
"1286",0.246259623759402,0.230587659746001,"NH",2023-12-21,1,1,1,1,1,1,1,1,1,1,1,1,1,0,1,1,1,1,0,1
"1287",0.90795552662942,0.608609013271383,"NH",2023-12-22,1,1,0,1,1,1,1,1,1,1,1,1,0,1,1,1,1,1,0,1
"1288",0.207205324283993,0.202554590390951,"NH",2023-12-23,1,1,1,1,1,1,1,1,1,1,1,1,1,1,1,1,1,1,1,1
"1289",0.193255139868259,0.189119662809552,"NH",2023-12-24,1,1,1,1,1,1,1,1,1,1,1,1,1,1,1,1,0,1,0,1
"1290",NA,NA,"NH",2023-12-25,NA,NA,NA,NA,NA,NA,NA,NA,NA,NA,NA,NA,NA,NA,NA,NA,NA,NA,NA,NA
"1291",NA,NA,"NH",2023-12-26,NA,NA,NA,NA,NA,NA,NA,NA,NA,NA,NA,NA,NA,NA,NA,NA,NA,NA,NA,NA
"1292",0.362514912873306,0.235623146219185,"NH",2023-12-27,1,1,1,1,1,1,1,1,1,1,1,1,1,1,1,1,1,1,1,1
"1293",0.993410243830564,0.670311091810361,"NH",2023-12-28,1,0,1,1,1,1,1,1,1,1,1,0,1,1,1,0,1,1,1,1
"1294",0.338046594898493,0.129238585159944,"NH",2023-12-29,1,1,1,1,1,1,1,1,1,1,1,1,0,1,1,1,1,1,0,1
"1295",0.766626617567342,0.456893075880568,"NH",2023-12-30,1,1,1,1,1,0,1,1,1,1,1,1,1,1,1,1,1,1,1,1
"1296",0.103341506355561,0.109118860287147,"NH",2023-12-31,1,1,1,1,1,1,1,1,1,1,1,1,1,1,1,1,1,1,1,1
"1297",NA,NA,"NH",2024-01-01,NA,NA,NA,NA,NA,NA,NA,NA,NA,NA,NA,NA,NA,NA,NA,NA,NA,NA,NA,NA
"1298",0.0865778713434164,0.0912952465975512,"NH",2024-01-02,1,1,1,1,1,1,1,1,1,1,1,1,1,1,1,1,0,1,0,1
"1299",NA,NA,"NH",2024-01-03,NA,NA,NA,NA,NA,NA,NA,NA,NA,NA,NA,NA,NA,NA,NA,NA,NA,NA,NA,NA
"1300",NA,NA,"NH",2024-01-04,NA,NA,NA,NA,NA,NA,NA,NA,NA,NA,NA,NA,NA,NA,NA,NA,NA,NA,NA,NA
"1301",0.0552708600493742,0.0687553473896846,"NH",2024-01-05,1,1,1,1,1,1,1,1,1,1,1,1,1,1,1,1,1,1,1,1
"1302",NA,NA,"NH",2024-01-06,NA,NA,NA,NA,NA,NA,NA,NA,NA,NA,NA,NA,NA,NA,NA,NA,NA,NA,NA,NA
"1303",1.48887734206691,0.407094889882871,"NJ",2023-11-26,1,1,1,1,0,1,1,1,1,1,1,0,0,0,0,0,0,1,1,0
"1304",7.87146659078838,0.294415612446816,"NJ",2023-11-27,1,1,1,1,1,0,1,1,0,1,1,0,0,1,1,0,0,0,0,0
"1305",3.1405175779874,0.34944328335427,"NJ",2023-11-28,1,1,0,0,1,1,1,1,1,1,0,0,1,0,0,0,0,1,1,0
"1306",4.38362740666101,0.356160520201275,"NJ",2023-11-29,1,0,1,0,1,1,0,1,1,1,0,0,0,0,1,1,0,0,0,0
"1307",1.94410419463534,0.299235031162141,"NJ",2023-11-30,1,1,1,1,1,1,1,1,0,1,1,0,0,1,1,0,0,0,0,0
"1308",2.51131299193403,0.312230142717343,"NJ",2023-12-01,1,1,1,1,1,1,1,1,0,1,1,1,1,0,1,0,0,1,0,1
"1309",2.3689371556634,0.403431841476198,"NJ",2023-12-02,1,1,1,1,1,1,1,0,1,1,1,1,1,1,1,0,1,0,0,1
"1310",1.4746393193916,0.40286682499092,"NJ",2023-12-03,1,0,1,1,1,1,1,1,1,1,1,0,1,1,1,0,0,1,0,1
"1311",4.21197207313817,0.350919778088068,"NJ",2023-12-04,0,1,1,1,1,1,0,1,1,1,0,1,0,0,0,1,0,1,0,0
"1312",2.59706505754845,0.378277590202617,"NJ",2023-12-05,0,0,1,1,1,1,1,1,1,1,0,0,0,0,1,0,0,0,0,1
"1313",4.18557611562662,0.38839695022111,"NJ",2023-12-06,1,0,1,1,1,0,1,1,1,1,1,0,0,1,1,0,1,0,0,0
"1314",3.58174422932367,0.40621651418562,"NJ",2023-12-07,0,0,1,1,1,1,0,1,0,1,0,0,0,0,0,0,0,0,0,1
"1315",1.55443884661776,0.341625692700605,"NJ",2023-12-08,1,1,1,1,1,1,0,1,1,1,1,1,1,0,1,0,1,1,1,1
"1316",0.790221981432992,0.39077584052644,"NJ",2023-12-09,1,0,1,1,1,1,1,1,1,1,1,0,1,1,1,0,1,1,0,0
"1317",0.801528058629914,0.350502254849757,"NJ",2023-12-10,1,0,1,1,1,1,1,1,1,1,1,0,1,1,1,0,1,1,1,1
"1318",2.85224488612042,0.392994487241806,"NJ",2023-12-11,1,1,1,1,1,0,1,0,1,0,1,1,0,0,1,0,0,0,0,0
"1319",1.37930893624184,0.332629289954816,"NJ",2023-12-12,1,1,1,1,1,1,1,1,1,1,1,1,0,0,0,0,0,1,1,0
"1320",4.09173889997874,0.294385111135681,"NJ",2023-12-13,1,0,1,1,1,0,1,1,0,1,1,0,0,1,1,0,0,0,0,1
"1321",3.62814302388559,0.286028612975408,"NJ",2023-12-14,1,0,1,1,1,0,1,1,0,1,1,0,1,0,1,0,0,1,0,0
"1322",1.68128330535023,0.330197851459184,"NJ",2023-12-15,1,0,1,1,1,1,1,1,1,0,1,0,1,0,0,1,0,1,0,0
"1323",1.50261440036232,0.284115091742897,"NJ",2023-12-16,1,1,1,1,1,1,1,1,1,1,1,0,0,0,1,0,0,0,0,1
"1324",0.894798962223248,0.207350698006181,"NJ",2023-12-17,1,1,1,1,1,1,1,1,1,1,1,1,1,1,1,0,1,0,0,1
"1325",2.60685277312049,0.295078276356794,"NJ",2023-12-18,1,0,1,1,0,1,1,1,1,1,1,0,0,0,0,0,0,0,0,0
"1326",3.17731601444622,0.195016440887402,"NJ",2023-12-19,1,1,1,1,1,0,1,1,0,1,1,1,0,1,1,0,0,1,0,1
"1327",2.69691038817612,0.251010293215126,"NJ",2023-12-20,1,1,1,1,1,1,1,1,1,1,1,1,0,0,1,0,0,0,0,0
"1328",1.74593917931479,0.268591633049518,"NJ",2023-12-21,1,0,1,1,1,1,1,1,1,1,1,0,0,0,1,1,1,0,0,1
"1329",2.59610453147607,0.263643513155315,"NJ",2023-12-22,1,1,1,1,1,0,0,1,1,1,1,1,0,1,1,0,0,1,0,1
"1330",2.45687668068975,0.272936778882234,"NJ",2023-12-23,1,0,1,0,1,1,1,1,1,1,1,0,0,1,1,0,0,1,0,1
"1331",2.96300888110655,0.30735048663895,"NJ",2023-12-24,0,0,1,1,1,0,1,1,0,1,0,0,1,1,1,0,0,0,0,0
"1332",1.63491507236751,0.311899834691244,"NJ",2023-12-25,1,1,1,1,1,0,1,0,0,1,1,1,1,1,1,0,1,0,0,1
"1333",5.04066151285678,0.21130537515522,"NJ",2023-12-26,1,1,0,1,0,0,0,1,1,1,1,0,0,0,0,0,1,0,0,0
"1334",4.68191473893268,0.246016691739587,"NJ",2023-12-27,0,1,0,1,1,1,1,1,0,1,0,0,0,0,1,0,0,0,0,1
"1335",5.96230075047013,0.245257305938675,"NJ",2023-12-28,0,0,1,1,1,0,1,1,0,1,0,0,1,0,1,0,0,0,0,1
"1336",4.12058290404337,0.207930056680136,"NJ",2023-12-29,1,1,1,0,1,0,1,1,1,1,1,1,1,0,1,0,0,1,0,1
"1337",1.77764135612758,0.172913529950113,"NJ",2023-12-30,1,1,1,1,1,1,1,1,1,0,1,1,1,0,1,0,0,1,0,0
"1338",1.53922218559518,0.03089715645069,"NJ",2023-12-31,1,1,1,1,1,1,1,1,0,1,1,1,1,1,1,0,1,1,0,1
"1339",1.96802500785122,0.108499592937385,"NJ",2024-01-01,1,0,1,0,1,1,1,1,1,1,1,0,1,1,1,0,0,1,0,1
"1340",5.13654889683281,0.186031834282722,"NJ",2024-01-02,1,0,1,0,1,0,1,1,0,1,1,0,0,0,1,0,0,0,0,0
"1341",2.59438827350516,0.154089042248092,"NJ",2024-01-03,0,0,1,1,1,1,1,1,1,1,0,0,1,0,1,1,0,0,0,0
"1342",4.76346854962514,0.168820520565765,"NJ",2024-01-04,0,0,1,1,1,1,1,1,0,0,0,0,1,1,1,0,0,0,0,0
"1343",1.03560987573337,0.0926812812034804,"NJ",2024-01-05,1,0,1,1,1,1,1,1,1,1,1,0,0,1,1,0,1,0,0,0
"1344",1.42912469657679,0.158043460496151,"NJ",2024-01-06,1,1,1,1,1,1,0,1,1,1,1,1,1,1,1,1,0,0,1,1
"1345",1.64441700511842,0.304728604526505,"NM",2023-11-26,1,1,1,1,1,0,1,1,1,1,1,0,0,0,1,0,1,1,0,0
"1346",1.8995147886829,0.39924765524711,"NM",2023-11-27,1,1,1,1,1,1,1,0,1,0,1,1,0,1,1,0,0,0,1,0
"1347",0.679301219937246,0.172177215976259,"NM",2023-11-28,1,1,1,1,1,0,1,1,1,1,1,1,1,0,1,0,1,1,1,1
"1348",1.12577493955657,0.464497651548887,"NM",2023-11-29,1,0,1,0,1,1,1,1,1,1,1,0,0,1,1,1,1,1,1,1
"1349",NA,NA,"NM",2023-11-30,NA,NA,NA,NA,NA,NA,NA,NA,NA,NA,NA,NA,NA,NA,NA,NA,NA,NA,NA,NA
"1350",0.267538135580924,0.170783989305938,"NM",2023-12-01,1,1,1,1,1,1,1,1,1,1,1,1,1,1,1,1,1,1,1,1
"1351",0.552353011291715,0.403707266774757,"NM",2023-12-02,1,1,1,1,1,1,1,1,1,1,1,1,0,1,1,0,1,1,1,1
"1352",1.26781359200553,0.604247818030196,"NM",2023-12-03,1,1,1,0,1,1,0,1,1,1,1,1,0,0,1,0,0,1,1,1
"1353",0.266124091722177,0.170576330401207,"NM",2023-12-04,1,1,1,1,1,1,1,1,1,1,1,1,1,1,1,1,1,1,1,1
"1354",0.893766637090227,0.63758138019475,"NM",2023-12-05,1,1,1,1,0,1,1,1,1,1,1,1,1,1,0,0,1,1,1,1
"1355",3.42132864210781,0.453802683379032,"NM",2023-12-06,1,1,1,1,0,0,0,1,0,1,1,0,0,0,0,0,0,1,0,0
"1356",1.25302299452442,0.315107616810234,"NM",2023-12-07,1,1,1,1,0,1,1,1,1,1,1,1,0,1,0,0,1,1,0,1
"1357",1.62615200323829,0.342186890228033,"NM",2023-12-08,1,0,1,1,1,1,1,1,1,1,1,0,0,1,1,0,1,1,1,1
"1358",1.43519009089068,0.395184724523733,"NM",2023-12-09,1,1,0,1,1,1,1,0,1,1,1,1,0,0,1,0,0,0,0,1
"1359",3.97280764433708,0.5035418705319,"NM",2023-12-10,1,1,1,0,0,0,0,1,1,1,1,1,0,0,0,0,0,1,0,0
"1360",1.59550668105511,0.361221293399096,"NM",2023-12-11,1,1,0,1,1,1,1,1,1,1,1,1,0,1,1,0,1,0,1,1
"1361",0.800662446437565,0.400884482885,"NM",2023-12-12,1,1,1,1,1,1,0,1,1,1,1,1,1,1,1,0,0,1,1,1
"1362",0.450862918112195,0.304113939964131,"NM",2023-12-13,1,1,1,1,1,1,1,1,1,1,1,1,1,1,1,1,1,1,1,1
"1363",0.624453182567333,0.492693051555014,"NM",2023-12-14,1,1,1,1,1,1,1,1,0,1,1,1,0,1,1,1,1,1,0,1
"1364",1.73789607436878,0.271313878710026,"NM",2023-12-15,1,1,1,1,1,0,1,0,1,1,0,1,0,1,1,0,1,0,0,1
"1365",1.58874057668668,0.337081129401176,"NM",2023-12-16,1,1,0,1,1,1,1,1,1,1,1,0,0,1,1,0,1,1,0,1
"1366",1.26109706041667,0.415499033659516,"NM",2023-12-17,1,1,0,1,1,1,0,1,1,1,1,1,0,1,1,1,0,1,0,1
"1367",0.88920409416893,0.387251937890954,"NM",2023-12-18,1,1,1,0,1,1,1,1,1,1,1,1,0,0,1,1,1,1,1,1
"1368",NA,NA,"NM",2023-12-19,NA,NA,NA,NA,NA,NA,NA,NA,NA,NA,NA,NA,NA,NA,NA,NA,NA,NA,NA,NA
"1369",0.737907341518458,0.434451268911822,"NM",2023-12-20,1,1,1,1,1,1,1,1,1,1,1,1,0,1,1,0,1,1,1,1
"1370",0.860301459932703,0.211663473947529,"NM",2023-12-21,1,1,1,1,1,0,1,1,1,1,1,1,1,1,1,0,1,1,0,1
"1371",NA,NA,"NM",2023-12-22,NA,NA,NA,NA,NA,NA,NA,NA,NA,NA,NA,NA,NA,NA,NA,NA,NA,NA,NA,NA
"1372",NA,NA,"NM",2023-12-23,NA,NA,NA,NA,NA,NA,NA,NA,NA,NA,NA,NA,NA,NA,NA,NA,NA,NA,NA,NA
"1373",0.380343064260547,0.23114199204712,"NM",2023-12-24,1,1,1,1,1,1,1,1,1,1,1,1,1,1,1,1,1,1,1,1
"1374",NA,NA,"NM",2023-12-25,NA,NA,NA,NA,NA,NA,NA,NA,NA,NA,NA,NA,NA,NA,NA,NA,NA,NA,NA,NA
"1375",1.75627609395235,0.527306917014144,"NM",2023-12-26,0,1,0,1,1,1,1,1,1,1,0,1,0,1,1,0,1,1,1,1
"1376",0.693242708079858,0.481763168212334,"NM",2023-12-27,1,1,0,1,1,1,1,1,1,1,1,1,0,1,1,1,1,1,0,1
"1377",NA,NA,"NM",2023-12-28,NA,NA,NA,NA,NA,NA,NA,NA,NA,NA,NA,NA,NA,NA,NA,NA,NA,NA,NA,NA
"1378",NA,NA,"NM",2023-12-29,NA,NA,NA,NA,NA,NA,NA,NA,NA,NA,NA,NA,NA,NA,NA,NA,NA,NA,NA,NA
"1379",NA,NA,"NM",2023-12-30,NA,NA,NA,NA,NA,NA,NA,NA,NA,NA,NA,NA,NA,NA,NA,NA,NA,NA,NA,NA
"1380",NA,NA,"NM",2023-12-31,NA,NA,NA,NA,NA,NA,NA,NA,NA,NA,NA,NA,NA,NA,NA,NA,NA,NA,NA,NA
"1381",NA,NA,"NM",2024-01-01,NA,NA,NA,NA,NA,NA,NA,NA,NA,NA,NA,NA,NA,NA,NA,NA,NA,NA,NA,NA
"1382",0.253368550065159,0.235821644903273,"NM",2024-01-02,1,1,1,1,1,1,1,1,1,1,1,1,1,1,1,0,1,1,0,1
"1383",NA,NA,"NM",2024-01-03,NA,NA,NA,NA,NA,NA,NA,NA,NA,NA,NA,NA,NA,NA,NA,NA,NA,NA,NA,NA
"1384",NA,NA,"NM",2024-01-04,NA,NA,NA,NA,NA,NA,NA,NA,NA,NA,NA,NA,NA,NA,NA,NA,NA,NA,NA,NA
"1385",NA,NA,"NM",2024-01-05,NA,NA,NA,NA,NA,NA,NA,NA,NA,NA,NA,NA,NA,NA,NA,NA,NA,NA,NA,NA
"1386",NA,NA,"NM",2024-01-06,NA,NA,NA,NA,NA,NA,NA,NA,NA,NA,NA,NA,NA,NA,NA,NA,NA,NA,NA,NA
"1387",2.9303831151497,0.437637224857903,"NV",2023-11-26,1,1,0,1,1,0,1,1,1,1,1,1,0,0,1,0,0,1,0,1
"1388",1.422783664202,0.436159684376612,"NV",2023-11-27,1,1,1,1,1,1,0,1,1,1,1,1,0,0,0,1,0,1,0,1
"1389",1.23960897370931,0.357691579652057,"NV",2023-11-28,1,1,1,1,0,1,1,1,1,1,0,1,0,1,0,0,0,0,0,1
"1390",1.10524757238187,0.22661991359373,"NV",2023-11-29,1,1,1,1,1,0,1,1,1,1,1,1,1,1,1,0,1,1,0,1
"1391",2.67665799393023,0.402907135240285,"NV",2023-11-30,1,1,1,1,0,1,1,1,0,1,0,1,1,0,0,0,1,0,0,0
"1392",1.32380206013604,0.423295425361444,"NV",2023-12-01,1,0,1,1,1,1,1,1,1,1,1,0,1,0,1,0,1,0,1,0
"1393",1.7901302541,0.442724119728205,"NV",2023-12-02,1,0,1,1,1,1,1,1,1,0,1,1,0,1,1,1,0,0,0,0
"1394",1.51152891800487,0.397339152561343,"NV",2023-12-03,0,0,1,1,1,1,1,1,0,1,0,0,1,0,0,0,0,1,0,1
"1395",3.134071262254,0.326951822806944,"NV",2023-12-04,0,1,1,1,1,0,1,1,0,0,0,1,0,1,1,0,0,0,0,0
"1396",1.22518195425795,0.366933838427222,"NV",2023-12-05,0,0,1,1,1,1,1,1,1,1,0,0,1,1,1,0,1,1,1,1
"1397",1.67924289195792,0.333351913317816,"NV",2023-12-06,1,1,1,1,1,0,1,1,0,1,1,1,1,1,1,0,1,1,0,1
"1398",0.426946874170459,0.317469486432987,"NV",2023-12-07,1,1,1,1,1,1,1,1,1,1,1,1,1,1,1,1,1,1,1,1
"1399",0.928752619263911,0.392490923545052,"NV",2023-12-08,1,1,1,1,1,1,1,1,1,0,1,1,0,1,1,0,1,0,0,0
"1400",0.940341145363474,0.263245953731344,"NV",2023-12-09,1,1,1,1,1,0,1,1,1,1,1,1,1,1,1,0,1,1,0,1
"1401",0.615358470419333,0.274047321197056,"NV",2023-12-10,1,1,1,1,1,1,1,1,1,1,1,1,0,1,1,1,1,1,0,1
"1402",0.570293455409908,0.271976251322284,"NV",2023-12-11,1,1,1,1,1,1,1,1,1,1,1,0,1,1,1,0,1,0,0,0
"1403",1.06983976906365,0.363831980657597,"NV",2023-12-12,1,1,0,1,1,1,1,1,1,1,1,1,0,1,1,0,1,0,0,1
"1404",1.14580674943701,0.330579777657554,"NV",2023-12-13,1,1,1,1,1,1,1,1,1,1,1,1,0,1,1,1,1,1,0,0
"1405",1.15347828946741,0.264894507612446,"NV",2023-12-14,1,1,1,1,1,1,1,1,1,1,1,1,1,0,1,0,1,0,0,1
"1406",3.43583879115557,0.32779227568238,"NV",2023-12-15,1,1,1,1,1,0,1,1,0,0,0,1,1,0,1,0,0,1,0,0
"1407",1.7327081678579,0.207171557405174,"NV",2023-12-16,1,1,1,1,1,1,1,1,0,1,0,1,1,1,1,0,1,0,0,1
"1408",0.217591252112376,0.166807716176723,"NV",2023-12-17,1,1,1,1,1,1,1,1,1,1,1,1,1,1,1,1,1,1,1,1
"1409",1.0157187035854,0.362557833990801,"NV",2023-12-18,1,1,1,1,1,1,1,1,1,0,1,1,1,1,1,0,0,1,0,0
"1410",0.508054264490253,0.211958343271259,"NV",2023-12-19,1,1,1,1,1,1,1,1,1,1,1,1,1,1,1,0,1,1,0,1
"1411",4.14932887149001,0.172630168270555,"NV",2023-12-20,1,0,1,1,1,0,1,1,0,1,1,0,1,0,1,1,1,0,0,1
"1412",2.0626753135948,0.189151106704995,"NV",2023-12-21,1,1,1,1,1,0,1,0,0,1,1,1,1,1,1,1,0,0,0,0
"1413",1.9876363129891,0.14568111954956,"NV",2023-12-22,1,1,1,1,1,1,1,1,0,1,1,1,1,1,1,0,1,0,0,1
"1414",1.84120324867251,0.375708222854335,"NV",2023-12-23,1,0,1,1,1,1,1,1,1,0,1,0,1,0,1,1,1,1,1,0
"1415",0.515862222808737,0.17553323780328,"NV",2023-12-24,1,1,1,1,1,1,1,1,1,1,1,1,1,1,1,0,0,1,0,1
"1416",0.378525133604433,0.23362409716932,"NV",2023-12-25,1,1,1,1,1,1,1,1,1,1,1,1,1,1,1,0,1,1,0,1
"1417",1.17116457265609,0.188395609166133,"NV",2023-12-26,1,0,1,1,1,1,1,1,1,1,1,0,1,0,1,0,1,0,0,1
"1418",0.463118399245684,0.0660718746405867,"NV",2023-12-27,1,1,1,1,1,1,1,1,1,1,1,1,1,1,1,0,1,1,0,1
"1419",2.10440907347749,0.280790237664671,"NV",2023-12-28,1,0,0,0,1,1,1,1,1,1,1,0,0,0,1,0,0,0,0,1
"1420",1.67075459442463,0.124044667982233,"NV",2023-12-29,1,1,1,1,1,0,1,1,0,0,1,1,1,1,1,1,1,1,0,0
"1421",NA,NA,"NV",2023-12-30,NA,NA,NA,NA,NA,NA,NA,NA,NA,NA,NA,NA,NA,NA,NA,NA,NA,NA,NA,NA
"1422",NA,NA,"NV",2023-12-31,NA,NA,NA,NA,NA,NA,NA,NA,NA,NA,NA,NA,NA,NA,NA,NA,NA,NA,NA,NA
"1423",NA,NA,"NV",2024-01-01,NA,NA,NA,NA,NA,NA,NA,NA,NA,NA,NA,NA,NA,NA,NA,NA,NA,NA,NA,NA
"1424",0.972891433447106,0.685425735255037,"NV",2024-01-02,1,1,1,1,1,0,1,1,0,1,1,1,1,1,1,0,1,1,0,1
"1425",0.513127259747274,0.0300844313208935,"NV",2024-01-03,1,1,1,1,1,1,1,1,1,1,1,1,1,1,1,0,1,1,0,1
"1426",1.1197816845713,0.207407890859406,"NV",2024-01-04,1,1,1,1,1,1,1,0,1,1,1,1,1,1,1,0,0,0,0,1
"1427",0.789930826438364,0.378438748206208,"NV",2024-01-05,1,1,1,1,1,0,1,1,1,1,1,1,1,1,1,0,1,1,0,1
"1428",1.43136108952275,0.406914107723297,"NV",2024-01-06,1,1,1,1,1,1,1,1,0,0,1,1,1,1,1,0,1,1,0,0
"1429",4.82026607267113,0.372155365812581,"NY",2023-11-26,0,0,0,1,1,1,1,1,1,1,0,0,0,0,1,1,0,0,0,0
"1430",11.7144317320653,0.352950297055026,"NY",2023-11-27,1,1,1,1,1,0,1,1,1,1,0,0,1,0,0,0,0,0,0,0
"1431",8.88985699201802,0.385215230301482,"NY",2023-11-28,1,0,1,1,1,1,1,1,0,1,0,0,0,0,0,0,0,0,0,0
"1432",9.42024409231569,0.378203042965307,"NY",2023-11-29,0,0,0,0,0,1,1,1,1,0,0,0,0,0,0,0,0,0,0,0
"1433",3.96947482473933,0.388415588961555,"NY",2023-11-30,1,1,1,0,1,0,1,1,0,1,1,0,0,0,0,0,0,1,0,1
"1434",5.46807213544529,0.376523124654869,"NY",2023-12-01,1,0,1,0,0,1,1,1,0,1,0,0,0,0,1,0,0,0,1,1
"1435",2.5574110487183,0.332134810837324,"NY",2023-12-02,1,0,1,1,1,1,1,1,0,1,1,0,0,0,0,0,0,1,0,0
"1436",7.16097449234643,0.410888543624395,"NY",2023-12-03,1,0,1,1,0,1,1,0,0,1,0,0,0,0,0,0,0,0,0,1
"1437",8.49326083481168,0.361926032367396,"NY",2023-12-04,0,0,1,1,0,1,0,1,1,1,0,0,0,0,0,0,0,0,0,0
"1438",7.33163592524787,0.351086643135451,"NY",2023-12-05,1,0,1,1,0,1,1,0,1,1,0,0,0,1,0,0,1,1,0,0
"1439",5.61422578584621,0.358707748691087,"NY",2023-12-06,1,0,1,1,0,1,1,1,1,0,1,0,1,0,0,0,0,0,0,0
"1440",4.84990773679379,0.342330548530078,"NY",2023-12-07,0,1,1,1,0,1,1,0,1,0,0,0,0,0,0,0,0,0,0,0
"1441",2.54595980554959,0.347073638649999,"NY",2023-12-08,1,1,1,1,1,1,1,1,1,1,1,0,0,0,0,0,0,1,0,0
"1442",3.90626328543499,0.277986223051457,"NY",2023-12-09,1,1,1,1,1,0,1,1,0,0,1,0,1,0,1,0,0,0,0,0
"1443",4.45549758337161,0.302821307721541,"NY",2023-12-10,1,0,1,0,1,1,1,1,1,1,1,0,0,0,0,1,0,0,0,1
"1444",6.25998115975735,0.317476388838103,"NY",2023-12-11,1,1,1,0,1,0,1,1,1,1,0,0,0,0,0,0,0,0,0,0
"1445",6.22049991754761,0.320730559709048,"NY",2023-12-12,0,0,0,1,1,1,1,1,1,1,0,0,0,0,0,0,0,0,0,0
"1446",7.14316056517169,0.275657505624454,"NY",2023-12-13,0,1,1,1,1,1,0,1,1,1,0,0,0,0,0,0,0,0,0,0
"1447",7.35872008679444,0.26147114539012,"NY",2023-12-14,0,0,1,1,0,0,1,1,1,1,0,0,0,0,0,0,0,0,0,0
"1448",3.48187126091632,0.255368406029047,"NY",2023-12-15,1,0,1,1,1,1,1,1,1,1,0,0,0,0,0,0,0,1,0,0
"1449",5.29071720719134,0.296619066352336,"NY",2023-12-16,0,0,0,1,1,1,1,1,0,1,0,0,0,1,1,0,0,0,0,0
"1450",7.85914312190722,0.274877052177189,"NY",2023-12-17,0,1,1,0,1,0,1,1,0,0,0,0,0,0,1,0,0,0,0,0
"1451",8.16132933307652,0.217080524887283,"NY",2023-12-18,0,1,1,1,1,1,0,1,1,1,0,0,0,0,1,0,0,0,0,1
"1452",17.8148908929605,0.269855889325652,"NY",2023-12-19,0,0,1,1,0,0,1,1,0,1,0,0,0,0,0,0,0,1,0,0
"1453",6.9762394351074,0.2474091925657,"NY",2023-12-20,1,0,1,1,0,1,1,0,0,1,1,0,1,0,1,0,0,0,0,0
"1454",9.94126444717323,0.260446884906283,"NY",2023-12-21,0,0,0,1,1,0,1,1,0,1,0,0,0,0,1,0,1,0,0,0
"1455",4.4450379403026,0.169278777813172,"NY",2023-12-22,1,1,0,1,1,1,1,1,1,1,1,0,0,0,1,0,0,0,0,0
"1456",5.06121805193223,0.232232173647799,"NY",2023-12-23,0,0,1,1,1,0,1,1,0,1,0,0,0,0,1,0,1,0,0,0
"1457",3.98250485279385,0.221695158194309,"NY",2023-12-24,0,0,0,1,1,1,1,1,0,1,0,0,0,0,1,0,0,0,0,0
"1458",3.21966678221774,0.142745019830656,"NY",2023-12-25,0,0,1,1,0,1,0,1,1,1,0,0,1,0,0,1,0,1,1,1
"1459",10.7062916601302,0.192521622344686,"NY",2023-12-26,0,0,1,1,0,1,1,1,1,1,0,0,0,0,0,0,0,0,0,0
"1460",6.07108478451622,0.155469167515267,"NY",2023-12-27,0,1,1,1,1,1,1,1,1,0,1,0,1,0,0,0,0,0,0,0
"1461",12.5700547180315,0.199725072954503,"NY",2023-12-28,1,0,1,1,1,0,1,0,0,0,1,0,0,0,1,1,0,0,0,0
"1462",9.42290431499044,0.189699770600846,"NY",2023-12-29,1,0,1,0,1,0,1,1,0,1,1,0,0,0,1,0,0,0,0,0
"1463",2.53861552582153,0.11035580735195,"NY",2023-12-30,1,0,0,1,1,1,1,1,1,1,1,0,0,1,1,0,0,0,0,0
"1464",5.4907241407542,0.15781352199978,"NY",2023-12-31,1,0,0,0,1,0,1,1,0,1,1,0,0,0,1,1,1,0,0,0
"1465",4.11845225324063,0.129178524334302,"NY",2024-01-01,0,0,1,0,1,1,1,0,1,1,0,1,1,0,0,0,0,0,0,0
"1466",10.8880965776064,0.142168951680898,"NY",2024-01-02,1,0,0,1,1,1,1,1,0,0,1,0,0,0,1,0,0,0,0,0
"1467",3.89415241324139,0.102169817362077,"NY",2024-01-03,1,1,1,1,0,1,1,1,1,1,1,0,1,1,0,0,0,0,0,0
"1468",4.3207365088629,0.102628243912984,"NY",2024-01-04,1,0,1,1,1,1,1,1,1,0,1,0,1,0,1,0,0,0,0,0
"1469",2.66132704381094,0.0751293965137626,"NY",2024-01-05,1,0,1,1,1,1,1,1,1,1,1,0,1,0,1,0,0,0,0,0
"1470",3.72486279894123,0.113530076483333,"NY",2024-01-06,1,0,0,1,1,1,1,1,0,0,1,0,0,1,1,0,1,0,0,0
"1471",0.769705304026459,0.545587946314851,"OH",2023-11-26,1,1,1,0,1,1,1,1,1,1,1,1,1,0,1,1,1,1,0,1
"1472",3.03221672602086,0.380061861180192,"OH",2023-11-27,1,1,0,1,1,0,1,1,1,1,0,1,0,1,1,1,1,0,0,0
"1473",0.449723384606478,0.30440072828702,"OH",2023-11-28,1,1,1,1,1,1,1,1,1,1,1,0,1,1,1,0,1,1,1,1
"1474",1.56473385060426,0.459754671320621,"OH",2023-11-29,1,1,1,0,1,1,1,1,1,1,1,0,0,0,1,0,1,1,0,1
"1475",0.672157727425282,0.333778770218414,"OH",2023-11-30,1,1,1,1,1,1,1,1,1,1,1,1,0,1,1,1,1,1,0,1
"1476",1.1840387493167,0.401689499414723,"OH",2023-12-01,1,1,0,1,1,1,1,0,1,1,1,1,0,0,1,1,1,0,0,1
"1477",0.348986555632602,0.2309432180854,"OH",2023-12-02,1,1,1,1,1,1,1,1,1,1,1,1,1,1,1,0,1,0,1,1
"1478",0.817673457571859,0.414443599166226,"OH",2023-12-03,0,1,1,1,1,1,1,1,1,1,0,1,0,1,1,0,1,1,0,1
"1479",1.27683106205391,0.398190326294161,"OH",2023-12-04,0,1,1,1,0,1,1,1,1,1,0,0,0,1,1,1,1,1,0,1
"1480",0.860548250282323,0.413643841380037,"OH",2023-12-05,1,1,1,1,1,1,1,1,1,0,1,1,1,1,1,1,1,1,0,0
"1481",2.49222806642876,0.437084397781022,"OH",2023-12-06,1,1,1,1,1,0,1,1,0,1,0,1,0,0,1,0,0,0,0,0
"1482",1.20948335240576,0.318030325086497,"OH",2023-12-07,1,1,1,1,1,0,1,1,1,1,1,0,0,1,1,0,1,1,0,1
"1483",0.361697676831895,0.2510733443047,"OH",2023-12-08,1,1,1,1,1,1,1,1,1,1,1,1,1,1,1,0,1,1,0,1
"1484",0.359363729476484,0.256274144863994,"OH",2023-12-09,1,1,1,1,1,1,1,1,1,1,1,1,0,1,1,0,1,1,1,1
"1485",0.369938412371784,0.262093770483344,"OH",2023-12-10,1,1,1,1,1,1,1,1,1,1,1,1,1,1,1,0,1,1,0,1
"1486",2.56373889990472,0.473735634864712,"OH",2023-12-11,1,1,0,1,0,0,1,0,1,1,1,0,0,1,0,1,1,0,0,1
"1487",2.40594525451911,0.451565787967233,"OH",2023-12-12,1,1,1,0,1,0,1,1,1,0,1,0,0,0,1,1,1,0,0,1
"1488",2.66797748757724,0.412586266972029,"OH",2023-12-13,0,0,1,1,1,1,1,1,0,1,1,0,0,1,1,0,1,0,0,1
"1489",2.39662591161896,0.430542270044588,"OH",2023-12-14,0,0,1,1,1,1,1,1,0,1,0,0,0,0,1,0,0,1,0,1
"1490",2.32064418341059,0.557086347751102,"OH",2023-12-15,1,0,1,0,1,0,1,0,0,1,1,0,1,0,1,0,1,0,0,1
"1491",1.61820009147999,0.507727956435935,"OH",2023-12-16,1,1,0,1,1,1,0,1,1,1,1,1,0,1,1,0,0,1,0,1
"1492",0.749001809615371,0.40109302855001,"OH",2023-12-17,1,1,1,1,1,1,1,1,1,1,1,1,0,1,1,1,1,1,0,1
"1493",0.640024182922067,0.329869770443788,"OH",2023-12-18,1,1,1,1,1,1,1,1,1,1,1,1,0,1,1,0,1,1,0,1
"1494",0.832690494796066,0.352003274520096,"OH",2023-12-19,1,1,1,0,1,1,1,1,1,1,1,1,1,0,1,0,1,1,0,1
"1495",1.64305508744552,0.482431162325224,"OH",2023-12-20,1,1,1,1,1,1,0,1,0,0,1,1,1,0,1,0,0,1,0,0
"1496",1.02179213920744,0.44705617486285,"OH",2023-12-21,1,1,1,1,1,1,1,0,1,1,1,1,1,1,1,0,1,0,1,1
"1497",0.817252330675101,0.303304314419933,"OH",2023-12-22,1,1,1,1,1,1,1,1,1,1,1,1,0,1,1,1,1,1,0,1
"1498",0.570155866992933,0.403619456524941,"OH",2023-12-23,1,1,1,1,1,0,1,1,1,1,1,1,1,1,1,1,1,1,1,1
"1499",NA,NA,"OH",2023-12-24,NA,NA,NA,NA,NA,NA,NA,NA,NA,NA,NA,NA,NA,NA,NA,NA,NA,NA,NA,NA
"1500",NA,NA,"OH",2023-12-25,NA,NA,NA,NA,NA,NA,NA,NA,NA,NA,NA,NA,NA,NA,NA,NA,NA,NA,NA,NA
"1501",1.81387832864288,0.317951325838031,"OH",2023-12-26,1,1,1,1,1,0,1,1,1,1,1,1,1,0,0,0,1,1,1,1
"1502",1.36089957036495,0.435656414765987,"OH",2023-12-27,1,1,1,1,0,0,1,1,1,1,1,1,1,0,0,0,1,1,0,1
"1503",1.49665981330981,0.410567594536331,"OH",2023-12-28,1,1,1,1,0,1,1,0,0,1,1,1,0,1,0,1,1,0,0,1
"1504",1.02645636897699,0.246618026378671,"OH",2023-12-29,1,1,1,1,0,1,1,1,1,1,1,1,1,1,0,0,1,1,0,1
"1505",0.723369869321751,0.524407753450919,"OH",2023-12-30,1,1,1,1,1,0,1,1,1,1,1,1,1,1,1,0,1,1,0,1
"1506",NA,NA,"OH",2023-12-31,NA,NA,NA,NA,NA,NA,NA,NA,NA,NA,NA,NA,NA,NA,NA,NA,NA,NA,NA,NA
"1507",0.422201911947832,0.239145998216442,"OH",2024-01-01,1,1,1,1,1,1,1,1,1,1,1,1,1,1,1,1,1,1,1,1
"1508",2.65079380533824,0.443456711914475,"OH",2024-01-02,1,1,0,1,1,1,1,1,0,0,1,1,0,1,1,1,1,1,0,0
"1509",0.785211395897104,0.263608612584758,"OH",2024-01-03,1,1,1,1,1,1,1,0,1,1,1,1,0,1,1,0,1,0,0,1
"1510",0.827717749115502,0.286463478844921,"OH",2024-01-04,1,0,1,1,1,1,1,1,1,1,1,0,1,1,1,1,1,1,0,1
"1511",0.249122819968745,0.050581899384753,"OH",2024-01-05,1,1,1,1,1,1,1,1,1,1,1,1,1,1,1,1,1,1,1,1
"1512",NA,NA,"OH",2024-01-06,NA,NA,NA,NA,NA,NA,NA,NA,NA,NA,NA,NA,NA,NA,NA,NA,NA,NA,NA,NA
"1513",0.830114811478843,0.225693805983118,"OK",2023-11-26,1,1,1,1,1,0,1,1,1,1,1,1,0,1,1,0,1,1,0,1
"1514",2.06324641302819,0.387558617918727,"OK",2023-11-27,1,1,1,1,1,1,1,1,1,1,0,0,0,0,1,0,1,1,1,1
"1515",1.40396714565217,0.377480903148664,"OK",2023-11-28,1,1,1,1,1,1,1,1,1,1,0,0,0,0,0,0,1,1,1,1
"1516",2.51356612405235,0.343345650407197,"OK",2023-11-29,1,0,1,1,1,0,1,1,1,1,1,0,0,0,0,0,0,1,0,1
"1517",2.08463497202672,0.40173351454244,"OK",2023-11-30,1,1,0,1,0,1,1,1,1,1,1,1,0,1,0,0,1,1,1,0
"1518",3.55900743683477,0.503063616929268,"OK",2023-12-01,0,0,0,0,0,0,1,1,1,1,0,0,0,0,0,0,1,1,0,0
"1519",NA,NA,"OK",2023-12-02,NA,NA,NA,NA,NA,NA,NA,NA,NA,NA,NA,NA,NA,NA,NA,NA,NA,NA,NA,NA
"1520",1.47648044376016,0.502113416221857,"OK",2023-12-03,1,1,1,0,1,1,1,1,1,1,1,1,1,0,1,1,0,1,0,1
"1521",2.72403019244522,0.460105206144454,"OK",2023-12-04,1,0,1,1,0,1,1,1,1,0,0,0,0,0,0,0,0,1,0,0
"1522",1.79652389605327,0.295716090388556,"OK",2023-12-05,1,1,1,1,1,0,1,1,1,1,0,1,1,0,1,0,0,1,1,1
"1523",2.10495754259697,0.417369357815239,"OK",2023-12-06,1,1,0,1,1,1,1,1,1,1,1,0,0,0,1,0,0,1,0,1
"1524",0.775482266267177,0.40796494399106,"OK",2023-12-07,1,1,1,1,1,1,1,1,1,1,1,1,0,0,0,1,0,0,0,1
"1525",0.673626650938784,0.371477728743689,"OK",2023-12-08,1,1,1,0,1,1,1,1,1,1,1,1,1,0,1,0,1,1,1,1
"1526",0.600756266744682,0.432100939851567,"OK",2023-12-09,1,1,0,1,1,1,1,1,1,1,1,1,1,1,1,1,1,1,1,1
"1527",1.52072857589476,0.519668031483356,"OK",2023-12-10,1,0,1,1,1,0,1,1,1,0,1,0,0,0,1,0,1,1,0,0
"1528",1.90079386600535,0.423416128065327,"OK",2023-12-11,1,1,1,0,1,1,1,1,1,1,1,0,0,0,1,0,0,0,0,1
"1529",1.23785412145406,0.374620935410484,"OK",2023-12-12,1,1,1,1,0,1,1,1,1,1,1,1,1,0,0,0,0,1,1,0
"1530",2.86773523979492,0.363131046240753,"OK",2023-12-13,1,1,0,1,1,0,1,1,0,1,1,0,0,0,0,0,0,1,0,1
"1531",4.40530119142128,0.507068672185637,"OK",2023-12-14,1,1,0,1,0,1,1,1,0,1,1,0,0,0,0,0,0,1,1,0
"1532",1.23580644047271,0.347330886205429,"OK",2023-12-15,1,0,1,1,1,0,1,1,1,1,1,0,1,1,1,0,0,1,0,1
"1533",1.38359952116298,0.316811619724325,"OK",2023-12-16,1,1,1,1,1,0,1,1,1,1,0,1,0,1,1,0,0,1,1,0
"1534",0.681331775679645,0.370541826295663,"OK",2023-12-17,1,1,0,1,1,1,1,1,1,1,1,1,0,1,1,1,0,1,1,1
"1535",1.38107603813427,0.425049403983206,"OK",2023-12-18,0,0,1,1,1,1,1,0,1,1,0,1,0,0,1,0,1,0,0,1
"1536",1.11908225639261,0.40789353579581,"OK",2023-12-19,1,0,1,1,1,1,1,1,1,0,1,1,0,1,1,1,0,1,0,0
"1537",1.08477723505637,0.403329676902549,"OK",2023-12-20,1,0,1,1,1,1,1,1,1,1,0,1,1,0,1,1,0,1,0,1
"1538",1.16332349328932,0.481968350439305,"OK",2023-12-21,1,1,1,1,1,1,1,0,1,0,1,1,1,1,1,1,0,1,1,0
"1539",1.27230088231877,0.380739500484147,"OK",2023-12-22,1,1,0,1,1,1,1,1,1,1,1,1,0,1,1,1,0,1,1,1
"1540",1.09202664086987,0.324851415434602,"OK",2023-12-23,1,1,1,1,1,0,1,1,1,1,1,1,0,1,1,0,1,1,1,1
"1541",0.406010651019645,0.29509120877874,"OK",2023-12-24,1,1,1,1,1,1,1,1,1,1,1,1,1,1,1,1,1,1,1,1
"1542",0.784180684886333,0.5458360104982,"OK",2023-12-25,1,1,1,1,1,1,0,1,1,1,1,1,0,1,1,1,0,1,1,1
"1543",1.38221657123497,0.437421872263049,"OK",2023-12-26,1,0,1,1,1,1,1,1,1,1,1,0,1,0,0,0,0,1,0,1
"1544",1.08212677867271,0.267134617619768,"OK",2023-12-27,1,1,1,1,1,1,1,1,1,1,1,1,1,1,1,0,1,1,1,0
"1545",2.67686129581492,0.523713773004939,"OK",2023-12-28,1,1,1,0,1,1,1,1,1,0,1,1,0,0,1,1,1,1,0,0
"1546",0.754171270622339,0.390902420709467,"OK",2023-12-29,1,1,1,0,1,1,1,1,1,1,1,1,1,0,1,0,1,1,1,1
"1547",0.696468696533597,0.370368357904351,"OK",2023-12-30,1,1,0,1,1,1,1,1,1,1,1,1,0,0,1,0,1,1,0,1
"1548",0.206845831182065,0.168398876941527,"OK",2023-12-31,1,1,1,1,1,1,1,1,1,1,1,1,1,1,1,0,1,1,0,1
"1549",0.189966471071154,0.15739486057932,"OK",2024-01-01,1,1,1,1,1,1,1,1,1,1,1,1,1,1,0,1,1,1,0,1
"1550",1.72084784830322,0.440634572847585,"OK",2024-01-02,1,1,1,1,0,1,1,1,0,0,1,1,1,1,0,0,1,1,0,1
"1551",1.33287045335176,0.47087895681956,"OK",2024-01-03,1,1,1,0,1,1,1,1,1,0,1,1,1,0,1,1,1,1,0,0
"1552",1.51693481031664,0.439433382582601,"OK",2024-01-04,0,1,1,1,1,0,1,1,0,1,0,1,1,1,1,0,1,1,0,1
"1553",1.2649748883709,0.580689427557837,"OK",2024-01-05,1,1,1,1,1,1,1,1,0,0,1,0,1,1,1,1,1,1,1,0
"1554",0.768804520578498,0.508980567204932,"OK",2024-01-06,1,1,1,1,1,0,1,1,1,1,1,1,1,1,1,1,1,1,1,1
"1555",0.906078283853253,0.31315005108424,"OR",2023-11-26,1,0,1,1,1,1,1,1,1,1,1,1,0,1,1,0,1,1,1,0
"1556",0.849456246281843,0.384115781549529,"OR",2023-11-27,1,1,1,1,1,1,1,1,1,1,1,1,1,0,1,0,1,1,0,1
"1557",1.21932671743952,0.381082041375038,"OR",2023-11-28,1,1,1,1,1,1,1,1,0,1,1,1,1,1,1,0,1,1,0,1
"1558",1.16631032795637,0.284626966539598,"OR",2023-11-29,1,1,1,1,1,0,1,1,1,1,1,1,1,1,1,1,1,1,1,1
"1559",0.952013096206133,0.32986754506442,"OR",2023-11-30,1,0,1,1,1,1,1,1,1,1,1,0,0,1,1,1,1,1,1,1
"1560",0.75242526882966,0.547381235159868,"OR",2023-12-01,1,1,1,1,1,1,1,1,0,1,1,1,0,1,1,1,1,1,0,1
"1561",0.538814957061545,0.394796553754653,"OR",2023-12-02,1,1,0,1,1,1,1,1,1,1,1,1,0,1,1,0,1,1,1,1
"1562",0.633359390577351,0.362657810402681,"OR",2023-12-03,1,1,1,1,1,1,1,1,0,1,1,1,0,1,1,1,1,1,0,1
"1563",1.01383832488448,0.502055167401185,"OR",2023-12-04,1,0,1,1,1,1,1,1,1,1,1,0,0,1,1,1,1,1,0,1
"1564",1.11193260842154,0.368120469542839,"OR",2023-12-05,1,1,1,1,1,1,1,1,1,1,1,1,0,0,1,0,1,0,1,0
"1565",1.4303391704407,0.270878904185106,"OR",2023-12-06,1,1,1,1,1,0,1,1,1,1,1,1,0,1,1,0,1,1,0,1
"1566",1.15252041209817,0.346456877557249,"OR",2023-12-07,1,1,1,1,1,1,1,1,0,1,1,1,0,1,1,0,1,1,0,1
"1567",0.560519228591333,0.324247289844807,"OR",2023-12-08,1,1,1,1,1,1,1,1,1,1,1,1,0,1,0,0,1,1,0,1
"1568",1.75434860279911,0.376121470134085,"OR",2023-12-09,1,1,0,1,0,1,1,1,0,1,1,1,0,1,0,0,0,0,0,1
"1569",0.977623911041806,0.386000927352311,"OR",2023-12-10,1,1,1,1,1,1,1,1,0,1,1,1,0,1,1,0,1,1,0,1
"1570",2.31954408668518,0.347992823014861,"OR",2023-12-11,1,1,0,1,1,1,1,1,0,1,0,0,0,0,1,0,1,1,0,1
"1571",2.54917204256905,0.501091101832846,"OR",2023-12-12,1,0,1,0,1,0,1,1,1,1,1,0,1,1,1,0,0,1,0,1
"1572",1.23156806311714,0.416034832839509,"OR",2023-12-13,1,0,1,1,1,1,1,1,0,1,1,0,0,1,1,0,1,1,0,1
"1573",0.844173288584238,0.367898878319223,"OR",2023-12-14,1,1,1,1,1,1,1,1,0,1,0,1,0,1,1,0,1,1,0,1
"1574",0.9979515950159,0.498521791067038,"OR",2023-12-15,1,0,1,1,1,1,1,1,1,1,1,0,1,1,1,1,1,1,0,1
"1575",0.853742047572635,0.330745541048003,"OR",2023-12-16,1,1,1,1,1,1,1,1,0,1,1,1,1,1,1,1,1,1,1,1
"1576",0.855478417201339,0.606358198499163,"OR",2023-12-17,1,0,1,1,1,1,1,1,1,1,1,0,1,1,1,1,1,1,0,1
"1577",1.83719784978719,0.336870592415315,"OR",2023-12-18,1,1,1,1,1,1,1,1,0,1,1,1,1,1,0,0,1,1,1,1
"1578",2.42466341500241,0.378870915713597,"OR",2023-12-19,1,1,0,0,1,0,0,1,0,1,1,1,0,0,1,0,0,1,0,1
"1579",1.12487015246022,0.280542717913452,"OR",2023-12-20,1,1,1,1,1,0,1,1,1,1,1,1,0,0,1,0,1,1,0,1
"1580",0.402077122567826,0.301019974592441,"OR",2023-12-21,1,1,1,1,1,1,1,1,1,1,1,1,1,1,1,0,1,1,0,1
"1581",0.652451572875552,0.286549398513839,"OR",2023-12-22,1,1,1,1,1,1,1,1,1,1,1,1,0,1,1,1,1,1,0,1
"1582",0.717166748670626,0.340061376550454,"OR",2023-12-23,1,1,1,1,1,1,1,1,1,1,0,1,1,1,1,0,1,1,1,1
"1583",0.464390780341838,0.312603764980682,"OR",2023-12-24,1,1,1,1,1,1,1,1,1,1,1,1,1,1,1,0,0,1,1,1
"1584",0.558217876002029,0.357254881653289,"OR",2023-12-25,1,1,1,1,1,1,1,1,1,1,1,1,0,1,1,1,1,1,0,1
"1585",2.07419558784806,0.289880508651734,"OR",2023-12-26,0,1,1,1,1,1,1,1,0,1,0,0,0,1,1,1,1,1,0,1
"1586",0.767707181014486,0.266850320141421,"OR",2023-12-27,1,1,1,1,1,1,1,1,1,1,0,1,1,1,1,1,1,1,0,1
"1587",0.546352333434006,0.368730730838638,"OR",2023-12-28,1,1,1,1,1,1,1,1,1,1,0,1,1,1,1,0,1,1,1,1
"1588",0.864891954411447,0.402796580712509,"OR",2023-12-29,1,1,1,1,1,1,1,1,1,0,1,1,1,1,1,0,1,1,0,0
"1589",0.563903905229956,0.167270673732016,"OR",2023-12-30,1,1,1,1,1,1,1,1,1,1,1,1,1,1,1,0,1,1,0,1
"1590",0.585139460704382,0.324698682889401,"OR",2023-12-31,1,1,1,1,1,1,1,1,1,1,1,1,1,1,1,0,1,1,0,1
"1591",0.89519337809793,0.225764609619768,"OR",2024-01-01,1,1,1,1,1,1,1,1,1,1,1,0,0,1,1,1,1,1,0,1
"1592",0.891501521514998,0.274397977365679,"OR",2024-01-02,1,1,1,0,1,1,1,1,1,1,0,1,1,0,1,1,1,1,1,1
"1593",0.480641449367176,0.207151720359047,"OR",2024-01-03,1,1,1,1,1,1,1,1,1,1,1,1,0,1,1,0,1,1,1,1
"1594",0.817900094329051,0.172174112545027,"OR",2024-01-04,1,1,1,1,1,1,1,1,1,1,1,1,1,1,1,0,1,1,0,1
"1595",0.964179887200852,0.0988896156478448,"OR",2024-01-05,1,1,1,1,1,1,1,1,0,1,1,1,0,1,1,1,1,1,0,1
"1596",1.29261861654756,0.372238025900099,"OR",2024-01-06,1,0,1,1,0,1,1,1,1,1,1,0,1,1,0,1,1,1,0,1
"1597",1.36896415928307,0.436332560046635,"PA",2023-11-26,1,1,1,1,1,1,1,0,1,1,0,0,0,0,1,0,0,0,1,1
"1598",2.51315995090133,0.362353729399207,"PA",2023-11-27,1,1,0,1,0,1,1,1,0,1,1,0,0,0,0,1,1,0,0,1
"1599",3.68982897332585,0.386701386041173,"PA",2023-11-28,1,0,0,1,1,1,0,1,0,1,1,0,0,0,1,0,0,1,0,0
"1600",3.02147613279029,0.387966676502011,"PA",2023-11-29,1,1,1,1,1,1,0,0,1,0,1,0,0,1,1,0,0,0,0,0
"1601",1.09955785337686,0.333201380447658,"PA",2023-11-30,1,1,1,1,1,1,1,0,1,1,1,0,0,1,1,1,0,0,1,1
"1602",1.50934571818624,0.421208987761659,"PA",2023-12-01,1,1,1,1,1,1,1,1,1,0,1,1,0,1,1,0,1,1,0,1
"1603",0.274045512116989,0.194476156979823,"PA",2023-12-02,1,1,1,1,1,1,1,1,1,1,1,1,0,1,1,0,1,1,1,1
"1604",1.25567218628448,0.276278396277382,"PA",2023-12-03,1,1,1,1,1,0,1,1,1,1,1,1,0,1,1,0,0,1,0,1
"1605",5.46444039155919,0.481301584932085,"PA",2023-12-04,1,0,0,1,1,0,1,0,1,1,1,0,0,0,1,0,0,0,0,1
"1606",2.64816903061,0.407106140575542,"PA",2023-12-05,1,0,1,1,0,1,1,1,1,1,1,0,0,0,0,0,0,1,0,1
"1607",4.44135145308437,0.41633254252879,"PA",2023-12-06,1,0,1,1,1,0,1,1,0,1,0,0,0,1,1,0,0,0,0,0
"1608",1.5182030234143,0.413116402978936,"PA",2023-12-07,0,1,1,1,1,1,1,1,1,1,0,1,0,0,1,0,0,1,0,1
"1609",1.39849524447187,0.376413898428749,"PA",2023-12-08,1,1,1,1,1,1,1,1,1,1,1,0,1,0,1,1,0,0,1,1
"1610",1.27495561846931,0.41863044582347,"PA",2023-12-09,1,1,0,1,1,1,1,1,0,1,1,1,0,1,1,0,1,1,0,1
"1611",1.235332655165,0.413067142392308,"PA",2023-12-10,1,0,1,1,1,1,1,1,0,1,1,0,1,0,1,0,1,1,0,1
"1612",1.99177786945702,0.416191022166244,"PA",2023-12-11,1,1,1,1,1,0,1,0,1,1,1,1,0,0,1,0,1,0,0,0
"1613",1.78495983083187,0.388112503908186,"PA",2023-12-12,1,1,1,1,1,1,1,1,0,1,1,0,0,0,1,0,0,1,0,0
"1614",1.81029905466678,0.372359649738092,"PA",2023-12-13,1,1,1,1,1,0,1,1,1,1,1,0,1,0,1,0,1,1,0,1
"1615",1.56394793519316,0.356865049257012,"PA",2023-12-14,1,0,1,1,1,1,1,1,1,1,1,0,1,1,0,0,0,1,0,1
"1616",2.93042701563625,0.299447102906116,"PA",2023-12-15,1,1,1,1,1,0,1,1,0,1,1,1,1,0,1,1,1,1,0,1
"1617",1.74476379142446,0.344600925502129,"PA",2023-12-16,1,1,1,1,1,0,1,1,0,1,1,1,1,1,1,0,1,1,0,1
"1618",0.710031934796815,0.387893171021466,"PA",2023-12-17,1,1,1,1,1,1,0,1,1,1,1,1,1,1,1,1,0,1,0,1
"1619",3.77146520269908,0.389807188808226,"PA",2023-12-18,1,1,1,1,0,1,1,1,1,0,1,1,0,0,0,0,0,1,0,0
"1620",1.27797263151741,0.346461558380305,"PA",2023-12-19,1,1,1,1,1,1,1,1,1,1,1,0,0,0,1,0,0,1,0,1
"1621",3.18802211300536,0.346471741045027,"PA",2023-12-20,0,1,1,0,0,1,1,1,1,1,0,0,1,0,0,0,0,1,0,1
"1622",2.56161760015622,0.305766869413675,"PA",2023-12-21,1,1,1,1,1,0,1,1,0,1,1,1,0,1,1,0,0,1,0,1
"1623",1.52600756473348,0.349925311965801,"PA",2023-12-22,0,1,1,1,1,1,1,1,1,1,0,0,0,0,1,0,0,0,0,1
"1624",1.40888402840218,0.303159284603717,"PA",2023-12-23,1,1,0,1,1,1,1,1,1,1,1,0,0,1,1,0,0,0,0,1
"1625",0.90461722017462,0.226301575433234,"PA",2023-12-24,1,1,1,1,1,1,1,1,1,1,1,1,1,0,1,0,1,0,0,1
"1626",0.821016849709956,0.39430012927418,"PA",2023-12-25,1,0,1,1,1,1,1,1,1,1,1,0,1,1,1,1,0,1,1,1
"1627",4.53787834607809,0.290276108611939,"PA",2023-12-26,1,1,0,1,0,1,1,0,1,1,1,0,0,1,0,0,0,0,0,0
"1628",3.29739014888134,0.263863867045671,"PA",2023-12-27,1,1,1,1,0,1,0,1,1,1,1,1,1,1,0,0,0,0,0,1
"1629",2.66928119520083,0.226159218343797,"PA",2023-12-28,1,1,1,1,1,1,0,1,1,1,1,1,0,1,1,0,0,1,0,0
"1630",2.60224514134014,0.252470873730431,"PA",2023-12-29,1,1,1,0,1,1,1,1,1,1,1,0,0,1,1,0,0,1,0,0
"1631",1.15408157091954,0.265293763386933,"PA",2023-12-30,1,1,1,1,1,1,1,1,1,1,1,1,1,1,1,0,0,0,0,1
"1632",1.37642791237353,0.248979131273036,"PA",2023-12-31,1,1,1,1,0,1,1,1,1,0,1,1,1,1,0,0,1,1,0,0
"1633",0.631393118552726,0.229785290174584,"PA",2024-01-01,1,1,1,1,1,1,1,1,1,1,1,1,0,1,1,0,0,1,0,1
"1634",4.37864090131463,0.243311855484758,"PA",2024-01-02,1,0,1,1,1,1,0,1,1,0,1,0,0,0,1,0,0,0,0,0
"1635",3.1409528088843,0.165491077919688,"PA",2024-01-03,0,1,1,1,1,1,1,1,0,1,1,1,1,1,1,0,1,1,0,0
"1636",2.19194573149108,0.155804943904311,"PA",2024-01-04,1,1,0,1,1,1,1,1,0,0,1,0,0,1,1,0,0,0,0,0
"1637",0.936649517177359,0.147797186651697,"PA",2024-01-05,1,0,1,1,1,1,1,1,1,1,1,0,1,1,1,1,1,1,0,1
"1638",1.59691474612495,0.327416097382207,"PA",2024-01-06,1,1,1,1,1,0,1,1,0,0,1,1,1,1,1,0,1,1,0,0
"1639",NA,NA,"PR",2023-11-26,NA,NA,NA,NA,NA,NA,NA,NA,NA,NA,NA,NA,NA,NA,NA,NA,NA,NA,NA,NA
"1640",NA,NA,"PR",2023-11-27,NA,NA,NA,NA,NA,NA,NA,NA,NA,NA,NA,NA,NA,NA,NA,NA,NA,NA,NA,NA
"1641",NA,NA,"PR",2023-11-28,NA,NA,NA,NA,NA,NA,NA,NA,NA,NA,NA,NA,NA,NA,NA,NA,NA,NA,NA,NA
"1642",NA,NA,"PR",2023-11-29,NA,NA,NA,NA,NA,NA,NA,NA,NA,NA,NA,NA,NA,NA,NA,NA,NA,NA,NA,NA
"1643",NA,NA,"PR",2023-11-30,NA,NA,NA,NA,NA,NA,NA,NA,NA,NA,NA,NA,NA,NA,NA,NA,NA,NA,NA,NA
"1644",NA,NA,"PR",2023-12-01,NA,NA,NA,NA,NA,NA,NA,NA,NA,NA,NA,NA,NA,NA,NA,NA,NA,NA,NA,NA
"1645",NA,NA,"PR",2023-12-02,NA,NA,NA,NA,NA,NA,NA,NA,NA,NA,NA,NA,NA,NA,NA,NA,NA,NA,NA,NA
"1646",NA,NA,"PR",2023-12-03,NA,NA,NA,NA,NA,NA,NA,NA,NA,NA,NA,NA,NA,NA,NA,NA,NA,NA,NA,NA
"1647",NA,NA,"PR",2023-12-04,NA,NA,NA,NA,NA,NA,NA,NA,NA,NA,NA,NA,NA,NA,NA,NA,NA,NA,NA,NA
"1648",NA,NA,"PR",2023-12-05,NA,NA,NA,NA,NA,NA,NA,NA,NA,NA,NA,NA,NA,NA,NA,NA,NA,NA,NA,NA
"1649",NA,NA,"PR",2023-12-06,NA,NA,NA,NA,NA,NA,NA,NA,NA,NA,NA,NA,NA,NA,NA,NA,NA,NA,NA,NA
"1650",NA,NA,"PR",2023-12-07,NA,NA,NA,NA,NA,NA,NA,NA,NA,NA,NA,NA,NA,NA,NA,NA,NA,NA,NA,NA
"1651",NA,NA,"PR",2023-12-08,NA,NA,NA,NA,NA,NA,NA,NA,NA,NA,NA,NA,NA,NA,NA,NA,NA,NA,NA,NA
"1652",NA,NA,"PR",2023-12-09,NA,NA,NA,NA,NA,NA,NA,NA,NA,NA,NA,NA,NA,NA,NA,NA,NA,NA,NA,NA
"1653",NA,NA,"PR",2023-12-10,NA,NA,NA,NA,NA,NA,NA,NA,NA,NA,NA,NA,NA,NA,NA,NA,NA,NA,NA,NA
"1654",NA,NA,"PR",2023-12-11,NA,NA,NA,NA,NA,NA,NA,NA,NA,NA,NA,NA,NA,NA,NA,NA,NA,NA,NA,NA
"1655",NA,NA,"PR",2023-12-12,NA,NA,NA,NA,NA,NA,NA,NA,NA,NA,NA,NA,NA,NA,NA,NA,NA,NA,NA,NA
"1656",0.382146356331847,0.275561997535816,"PR",2023-12-13,1,1,1,1,1,1,1,1,1,1,1,1,1,1,1,0,1,0,1,1
"1657",NA,NA,"PR",2023-12-14,NA,NA,NA,NA,NA,NA,NA,NA,NA,NA,NA,NA,NA,NA,NA,NA,NA,NA,NA,NA
"1658",0.425817596377632,0.29444165645684,"PR",2023-12-15,1,1,1,1,1,1,1,1,1,1,1,1,1,1,1,0,1,1,0,1
"1659",NA,NA,"PR",2023-12-16,NA,NA,NA,NA,NA,NA,NA,NA,NA,NA,NA,NA,NA,NA,NA,NA,NA,NA,NA,NA
"1660",NA,NA,"PR",2023-12-17,NA,NA,NA,NA,NA,NA,NA,NA,NA,NA,NA,NA,NA,NA,NA,NA,NA,NA,NA,NA
"1661",NA,NA,"PR",2023-12-18,NA,NA,NA,NA,NA,NA,NA,NA,NA,NA,NA,NA,NA,NA,NA,NA,NA,NA,NA,NA
"1662",NA,NA,"PR",2023-12-19,NA,NA,NA,NA,NA,NA,NA,NA,NA,NA,NA,NA,NA,NA,NA,NA,NA,NA,NA,NA
"1663",NA,NA,"PR",2023-12-20,NA,NA,NA,NA,NA,NA,NA,NA,NA,NA,NA,NA,NA,NA,NA,NA,NA,NA,NA,NA
"1664",NA,NA,"PR",2023-12-21,NA,NA,NA,NA,NA,NA,NA,NA,NA,NA,NA,NA,NA,NA,NA,NA,NA,NA,NA,NA
"1665",NA,NA,"PR",2023-12-22,NA,NA,NA,NA,NA,NA,NA,NA,NA,NA,NA,NA,NA,NA,NA,NA,NA,NA,NA,NA
"1666",NA,NA,"PR",2023-12-23,NA,NA,NA,NA,NA,NA,NA,NA,NA,NA,NA,NA,NA,NA,NA,NA,NA,NA,NA,NA
"1667",NA,NA,"PR",2023-12-24,NA,NA,NA,NA,NA,NA,NA,NA,NA,NA,NA,NA,NA,NA,NA,NA,NA,NA,NA,NA
"1668",NA,NA,"PR",2023-12-25,NA,NA,NA,NA,NA,NA,NA,NA,NA,NA,NA,NA,NA,NA,NA,NA,NA,NA,NA,NA
"1669",NA,NA,"PR",2023-12-26,NA,NA,NA,NA,NA,NA,NA,NA,NA,NA,NA,NA,NA,NA,NA,NA,NA,NA,NA,NA
"1670",NA,NA,"PR",2023-12-27,NA,NA,NA,NA,NA,NA,NA,NA,NA,NA,NA,NA,NA,NA,NA,NA,NA,NA,NA,NA
"1671",NA,NA,"PR",2023-12-28,NA,NA,NA,NA,NA,NA,NA,NA,NA,NA,NA,NA,NA,NA,NA,NA,NA,NA,NA,NA
"1672",NA,NA,"PR",2023-12-29,NA,NA,NA,NA,NA,NA,NA,NA,NA,NA,NA,NA,NA,NA,NA,NA,NA,NA,NA,NA
"1673",NA,NA,"PR",2023-12-30,NA,NA,NA,NA,NA,NA,NA,NA,NA,NA,NA,NA,NA,NA,NA,NA,NA,NA,NA,NA
"1674",NA,NA,"PR",2023-12-31,NA,NA,NA,NA,NA,NA,NA,NA,NA,NA,NA,NA,NA,NA,NA,NA,NA,NA,NA,NA
"1675",NA,NA,"PR",2024-01-01,NA,NA,NA,NA,NA,NA,NA,NA,NA,NA,NA,NA,NA,NA,NA,NA,NA,NA,NA,NA
"1676",NA,NA,"PR",2024-01-02,NA,NA,NA,NA,NA,NA,NA,NA,NA,NA,NA,NA,NA,NA,NA,NA,NA,NA,NA,NA
"1677",NA,NA,"PR",2024-01-03,NA,NA,NA,NA,NA,NA,NA,NA,NA,NA,NA,NA,NA,NA,NA,NA,NA,NA,NA,NA
"1678",NA,NA,"PR",2024-01-04,NA,NA,NA,NA,NA,NA,NA,NA,NA,NA,NA,NA,NA,NA,NA,NA,NA,NA,NA,NA
"1679",NA,NA,"PR",2024-01-05,NA,NA,NA,NA,NA,NA,NA,NA,NA,NA,NA,NA,NA,NA,NA,NA,NA,NA,NA,NA
"1680",NA,NA,"PR",2024-01-06,NA,NA,NA,NA,NA,NA,NA,NA,NA,NA,NA,NA,NA,NA,NA,NA,NA,NA,NA,NA
"1681",NA,NA,"RI",2023-11-26,NA,NA,NA,NA,NA,NA,NA,NA,NA,NA,NA,NA,NA,NA,NA,NA,NA,NA,NA,NA
"1682",NA,NA,"RI",2023-11-27,NA,NA,NA,NA,NA,NA,NA,NA,NA,NA,NA,NA,NA,NA,NA,NA,NA,NA,NA,NA
"1683",NA,NA,"RI",2023-11-28,NA,NA,NA,NA,NA,NA,NA,NA,NA,NA,NA,NA,NA,NA,NA,NA,NA,NA,NA,NA
"1684",NA,NA,"RI",2023-11-29,NA,NA,NA,NA,NA,NA,NA,NA,NA,NA,NA,NA,NA,NA,NA,NA,NA,NA,NA,NA
"1685",0.927760951031658,0.486197168674406,"RI",2023-11-30,1,1,1,1,1,1,0,1,1,1,1,1,1,1,1,0,0,1,1,1
"1686",0.740999270518692,0.201803746620761,"RI",2023-12-01,1,1,1,1,1,0,1,1,1,1,1,1,1,1,1,0,1,1,0,1
"1687",0.308818463903755,0.207304724367393,"RI",2023-12-02,1,1,1,1,1,1,1,1,1,1,1,1,1,1,1,1,1,1,1,1
"1688",0.763598814724035,0.534902058603826,"RI",2023-12-03,1,1,0,1,1,1,1,1,1,1,1,1,0,1,1,1,1,1,0,1
"1689",0.519131197390006,0.381278042416571,"RI",2023-12-04,1,1,1,1,1,1,1,1,0,1,1,1,1,0,1,1,1,1,0,1
"1690",0.721110160213448,0.388218807949138,"RI",2023-12-05,1,1,1,0,1,1,1,1,1,1,1,1,1,1,1,0,1,1,0,1
"1691",0.343866296365662,0.234946531934658,"RI",2023-12-06,1,1,1,1,1,1,1,1,1,1,1,1,1,1,1,0,1,1,0,1
"1692",NA,NA,"RI",2023-12-07,NA,NA,NA,NA,NA,NA,NA,NA,NA,NA,NA,NA,NA,NA,NA,NA,NA,NA,NA,NA
"1693",NA,NA,"RI",2023-12-08,NA,NA,NA,NA,NA,NA,NA,NA,NA,NA,NA,NA,NA,NA,NA,NA,NA,NA,NA,NA
"1694",NA,NA,"RI",2023-12-09,NA,NA,NA,NA,NA,NA,NA,NA,NA,NA,NA,NA,NA,NA,NA,NA,NA,NA,NA,NA
"1695",NA,NA,"RI",2023-12-10,NA,NA,NA,NA,NA,NA,NA,NA,NA,NA,NA,NA,NA,NA,NA,NA,NA,NA,NA,NA
"1696",NA,NA,"RI",2023-12-11,NA,NA,NA,NA,NA,NA,NA,NA,NA,NA,NA,NA,NA,NA,NA,NA,NA,NA,NA,NA
"1697",NA,NA,"RI",2023-12-12,NA,NA,NA,NA,NA,NA,NA,NA,NA,NA,NA,NA,NA,NA,NA,NA,NA,NA,NA,NA
"1698",0.369265976320093,0.279374821230716,"RI",2023-12-13,1,1,1,1,1,1,1,1,1,1,1,1,1,0,1,0,1,1,1,1
"1699",0.459134091965042,0.320397573561251,"RI",2023-12-14,1,1,1,1,1,1,1,1,1,1,1,1,1,1,1,1,1,1,1,1
"1700",NA,NA,"RI",2023-12-15,NA,NA,NA,NA,NA,NA,NA,NA,NA,NA,NA,NA,NA,NA,NA,NA,NA,NA,NA,NA
"1701",0.292633680501621,0.209556729474156,"RI",2023-12-16,1,1,1,1,1,1,1,1,1,1,1,1,1,1,1,1,0,1,0,1
"1702",NA,NA,"RI",2023-12-17,NA,NA,NA,NA,NA,NA,NA,NA,NA,NA,NA,NA,NA,NA,NA,NA,NA,NA,NA,NA
"1703",1.21316824915034,0.377780593035355,"RI",2023-12-18,1,1,1,1,1,0,1,1,1,1,1,1,1,1,1,1,1,1,1,1
"1704",0.830517308024943,0.405490391686402,"RI",2023-12-19,1,1,1,1,1,1,1,1,1,0,1,1,1,1,1,1,0,1,1,0
"1705",0.861769305739414,0.402844516954054,"RI",2023-12-20,1,1,1,1,1,1,1,0,1,1,1,1,0,1,1,0,1,0,0,1
"1706",1.61919596356637,0.502041789639998,"RI",2023-12-21,1,1,1,1,1,0,1,1,0,0,1,1,1,1,1,0,1,1,0,0
"1707",NA,NA,"RI",2023-12-22,NA,NA,NA,NA,NA,NA,NA,NA,NA,NA,NA,NA,NA,NA,NA,NA,NA,NA,NA,NA
"1708",NA,NA,"RI",2023-12-23,NA,NA,NA,NA,NA,NA,NA,NA,NA,NA,NA,NA,NA,NA,NA,NA,NA,NA,NA,NA
"1709",0.155630624443363,0.11645209603428,"RI",2023-12-24,1,1,1,1,1,1,1,1,1,1,1,1,1,1,1,0,1,1,0,1
"1710",NA,NA,"RI",2023-12-25,NA,NA,NA,NA,NA,NA,NA,NA,NA,NA,NA,NA,NA,NA,NA,NA,NA,NA,NA,NA
"1711",2.51801408545701,0.401877702914259,"RI",2023-12-26,0,0,0,1,1,1,1,1,0,1,0,0,0,0,1,0,0,1,1,0
"1712",1.58745754485076,0.31564071256592,"RI",2023-12-27,1,0,1,1,1,1,1,1,1,0,1,0,1,0,1,0,0,0,0,0
"1713",2.68519189477033,0.163678733372768,"RI",2023-12-28,1,0,1,1,1,0,1,1,0,1,1,0,0,1,1,0,0,0,0,1
"1714",2.63309776930975,0.12437523622179,"RI",2023-12-29,1,1,1,1,1,0,1,1,0,1,1,1,1,1,1,0,0,1,0,1
"1715",0.625891995070497,0.153853118329029,"RI",2023-12-30,1,1,1,1,1,1,1,1,1,1,1,1,0,1,1,1,1,1,0,1
"1716",NA,NA,"RI",2023-12-31,NA,NA,NA,NA,NA,NA,NA,NA,NA,NA,NA,NA,NA,NA,NA,NA,NA,NA,NA,NA
"1717",NA,NA,"RI",2024-01-01,NA,NA,NA,NA,NA,NA,NA,NA,NA,NA,NA,NA,NA,NA,NA,NA,NA,NA,NA,NA
"1718",3.55407806004934,0.0515366995244457,"RI",2024-01-02,1,1,1,1,1,0,1,1,0,1,1,1,1,0,1,0,0,1,0,1
"1719",1.91019875634809,0.246319252357211,"RI",2024-01-03,1,1,1,1,1,0,1,1,1,1,1,1,1,1,1,0,0,1,1,1
"1720",1.1651412913057,0.28983869609664,"RI",2024-01-04,1,1,1,1,1,0,1,1,1,1,1,1,1,1,1,0,1,1,0,1
"1721",0.304913203195237,0.0382100555728395,"RI",2024-01-05,1,1,1,1,1,1,1,1,1,1,1,1,1,1,1,0,1,0,0,1
"1722",0.533992912653511,0.0345019672456467,"RI",2024-01-06,1,1,1,1,1,1,1,1,1,1,1,1,1,1,1,0,1,1,0,1
"1723",0.793955163348982,0.566795228130125,"SC",2023-11-26,1,0,1,1,1,1,1,1,1,1,1,0,0,1,1,1,1,1,1,1
"1724",1.48744342435698,0.563628926332649,"SC",2023-11-27,1,1,1,1,1,0,0,1,1,0,1,1,0,1,1,0,0,1,0,0
"1725",0.92156001583677,0.252980573407618,"SC",2023-11-28,1,1,1,1,1,0,1,1,1,1,1,1,1,0,1,0,1,1,1,1
"1726",NA,NA,"SC",2023-11-29,NA,NA,NA,NA,NA,NA,NA,NA,NA,NA,NA,NA,NA,NA,NA,NA,NA,NA,NA,NA
"1727",1.29762692543427,0.423274738473205,"SC",2023-11-30,1,1,1,1,1,1,1,1,1,0,1,0,1,1,1,0,1,1,0,0
"1728",0.284834179689162,0.205482418930258,"SC",2023-12-01,1,1,1,1,1,1,1,1,1,1,1,1,1,1,1,0,0,1,1,1
"1729",NA,NA,"SC",2023-12-02,NA,NA,NA,NA,NA,NA,NA,NA,NA,NA,NA,NA,NA,NA,NA,NA,NA,NA,NA,NA
"1730",NA,NA,"SC",2023-12-03,NA,NA,NA,NA,NA,NA,NA,NA,NA,NA,NA,NA,NA,NA,NA,NA,NA,NA,NA,NA
"1731",1.0415184823682,0.356674869067081,"SC",2023-12-04,1,1,0,1,1,1,1,1,1,1,1,1,0,1,1,1,0,1,1,1
"1732",0.821476780564925,0.408682717452553,"SC",2023-12-05,1,0,1,1,1,1,1,1,1,1,1,0,1,1,1,0,1,1,0,1
"1733",1.45817421432656,0.323046112333898,"SC",2023-12-06,1,1,1,1,1,1,1,1,0,1,1,1,0,1,1,1,1,1,0,1
"1734",1.07552456774942,0.41264803788926,"SC",2023-12-07,1,1,1,1,1,1,0,1,1,1,1,1,0,0,1,0,1,1,0,1
"1735",0.867995375335244,0.361012568513312,"SC",2023-12-08,1,1,1,1,1,1,1,1,1,0,1,1,1,0,1,0,1,1,0,0
"1736",NA,NA,"SC",2023-12-09,NA,NA,NA,NA,NA,NA,NA,NA,NA,NA,NA,NA,NA,NA,NA,NA,NA,NA,NA,NA
"1737",NA,NA,"SC",2023-12-10,NA,NA,NA,NA,NA,NA,NA,NA,NA,NA,NA,NA,NA,NA,NA,NA,NA,NA,NA,NA
"1738",0.849079532992526,0.251244736082329,"SC",2023-12-11,1,1,1,1,1,0,1,1,1,1,1,1,1,1,1,0,1,1,0,1
"1739",1.42031835117445,0.360586907493853,"SC",2023-12-12,0,1,1,1,1,1,1,1,1,1,0,0,0,0,0,0,1,1,0,1
"1740",1.12878848740298,0.281569465776752,"SC",2023-12-13,1,1,1,1,1,0,1,1,1,1,0,1,1,1,1,0,1,1,1,1
"1741",2.75045301941912,0.574083137911806,"SC",2023-12-14,1,1,1,1,0,0,1,1,0,1,1,1,0,1,0,1,1,1,0,1
"1742",0.880157381841624,0.350162460752593,"SC",2023-12-15,1,1,1,0,1,1,1,1,1,1,1,1,1,1,1,0,1,1,0,0
"1743",NA,NA,"SC",2023-12-16,NA,NA,NA,NA,NA,NA,NA,NA,NA,NA,NA,NA,NA,NA,NA,NA,NA,NA,NA,NA
"1744",NA,NA,"SC",2023-12-17,NA,NA,NA,NA,NA,NA,NA,NA,NA,NA,NA,NA,NA,NA,NA,NA,NA,NA,NA,NA
"1745",5.34785864963553,0.515727188219935,"SC",2023-12-18,0,1,1,0,1,1,1,1,0,1,0,1,0,0,0,1,0,1,0,1
"1746",1.55169589322134,0.513627545429616,"SC",2023-12-19,1,1,1,0,1,0,0,1,1,0,1,1,0,1,1,0,0,1,1,0
"1747",2.43266767874565,0.386920920240915,"SC",2023-12-20,0,1,1,0,1,1,1,1,1,1,0,0,0,0,1,0,1,1,1,1
"1748",0.822486134883238,0.411669752858667,"SC",2023-12-21,1,0,1,1,1,1,1,1,1,1,1,0,1,1,1,0,1,1,1,1
"1749",3.56966404830194,0.495694951941533,"SC",2023-12-22,1,0,1,1,1,1,1,1,0,1,1,0,0,1,1,0,1,1,0,1
"1750",NA,NA,"SC",2023-12-23,NA,NA,NA,NA,NA,NA,NA,NA,NA,NA,NA,NA,NA,NA,NA,NA,NA,NA,NA,NA
"1751",NA,NA,"SC",2023-12-24,NA,NA,NA,NA,NA,NA,NA,NA,NA,NA,NA,NA,NA,NA,NA,NA,NA,NA,NA,NA
"1752",NA,NA,"SC",2023-12-25,NA,NA,NA,NA,NA,NA,NA,NA,NA,NA,NA,NA,NA,NA,NA,NA,NA,NA,NA,NA
"1753",2.85007206370752,0.664523446395087,"SC",2023-12-26,1,1,1,0,1,1,1,1,0,1,1,1,1,0,1,0,1,1,0,1
"1754",1.23550399398179,0.285151277715532,"SC",2023-12-27,1,1,1,0,1,1,1,0,1,1,1,1,1,0,1,0,1,0,0,1
"1755",1.93938078187139,0.397579674285105,"SC",2023-12-28,1,0,1,0,1,0,1,1,1,1,1,0,1,0,1,1,0,1,0,1
"1756",2.94403884704408,0.69299163219148,"SC",2023-12-29,1,0,1,1,1,1,1,1,0,1,1,0,1,1,1,0,1,1,0,1
"1757",NA,NA,"SC",2023-12-30,NA,NA,NA,NA,NA,NA,NA,NA,NA,NA,NA,NA,NA,NA,NA,NA,NA,NA,NA,NA
"1758",NA,NA,"SC",2023-12-31,NA,NA,NA,NA,NA,NA,NA,NA,NA,NA,NA,NA,NA,NA,NA,NA,NA,NA,NA,NA
"1759",0.0930319601996235,0.0754330475746602,"SC",2024-01-01,1,1,1,1,1,1,1,1,1,1,1,1,1,1,1,1,1,1,1,1
"1760",0.53121941335908,0.323593507534249,"SC",2024-01-02,1,1,1,1,1,1,1,1,1,1,1,1,1,1,1,1,1,1,1,1
"1761",2.93406958072381,0.577114472689317,"SC",2024-01-03,0,1,0,1,1,0,1,1,0,0,0,0,0,1,1,0,1,1,0,0
"1762",2.88919282231118,0.423212005304366,"SC",2024-01-04,1,1,1,1,1,0,1,1,0,0,1,1,0,1,1,0,0,1,0,0
"1763",0.884337417088779,0.230340947587521,"SC",2024-01-05,0,1,1,1,1,1,1,1,1,1,0,1,1,1,1,0,0,1,0,1
"1764",NA,NA,"SC",2024-01-06,NA,NA,NA,NA,NA,NA,NA,NA,NA,NA,NA,NA,NA,NA,NA,NA,NA,NA,NA,NA
"1765",NA,NA,"SD",2023-11-26,NA,NA,NA,NA,NA,NA,NA,NA,NA,NA,NA,NA,NA,NA,NA,NA,NA,NA,NA,NA
"1766",0.869922100846794,0.305848063709575,"SD",2023-11-27,1,1,1,0,1,1,1,1,1,1,1,1,1,0,1,1,0,1,1,1
"1767",0.817884351074222,0.40902433728659,"SD",2023-11-28,1,0,1,1,1,1,1,1,1,1,1,0,0,0,1,0,1,1,1,1
"1768",0.67777983768881,0.175831220000979,"SD",2023-11-29,1,1,1,1,1,0,1,1,1,1,0,1,1,1,1,0,1,1,1,1
"1769",0.857338942425786,0.618198853607802,"SD",2023-11-30,0,1,1,1,1,1,1,1,1,1,0,1,1,0,1,1,1,1,1,1
"1770",1.21625753685343,0.285289115843304,"SD",2023-12-01,1,0,1,1,1,0,1,1,1,1,1,0,1,1,1,1,0,1,1,1
"1771",NA,NA,"SD",2023-12-02,NA,NA,NA,NA,NA,NA,NA,NA,NA,NA,NA,NA,NA,NA,NA,NA,NA,NA,NA,NA
"1772",NA,NA,"SD",2023-12-03,NA,NA,NA,NA,NA,NA,NA,NA,NA,NA,NA,NA,NA,NA,NA,NA,NA,NA,NA,NA
"1773",1.01652096137861,0.443701873363013,"SD",2023-12-04,1,1,1,0,1,1,0,1,1,1,1,1,1,0,1,0,0,1,1,1
"1774",0.298482231520352,0.192826460771311,"SD",2023-12-05,1,1,1,1,1,1,1,1,1,1,1,1,1,0,1,0,1,1,1,1
"1775",NA,NA,"SD",2023-12-06,NA,NA,NA,NA,NA,NA,NA,NA,NA,NA,NA,NA,NA,NA,NA,NA,NA,NA,NA,NA
"1776",NA,NA,"SD",2023-12-07,NA,NA,NA,NA,NA,NA,NA,NA,NA,NA,NA,NA,NA,NA,NA,NA,NA,NA,NA,NA
"1777",NA,NA,"SD",2023-12-08,NA,NA,NA,NA,NA,NA,NA,NA,NA,NA,NA,NA,NA,NA,NA,NA,NA,NA,NA,NA
"1778",0.310978632670728,0.212717404259174,"SD",2023-12-09,1,1,1,1,1,1,1,1,1,1,1,1,1,1,1,1,1,1,1,1
"1779",NA,NA,"SD",2023-12-10,NA,NA,NA,NA,NA,NA,NA,NA,NA,NA,NA,NA,NA,NA,NA,NA,NA,NA,NA,NA
"1780",NA,NA,"SD",2023-12-11,NA,NA,NA,NA,NA,NA,NA,NA,NA,NA,NA,NA,NA,NA,NA,NA,NA,NA,NA,NA
"1781",NA,NA,"SD",2023-12-12,NA,NA,NA,NA,NA,NA,NA,NA,NA,NA,NA,NA,NA,NA,NA,NA,NA,NA,NA,NA
"1782",0.854462502774778,0.610786375584493,"SD",2023-12-13,1,1,1,1,0,1,1,1,1,1,1,1,0,1,0,1,1,1,1,1
"1783",0.830497742343736,0.397097424279625,"SD",2023-12-14,1,1,1,1,0,1,1,1,1,1,1,1,1,1,0,0,1,1,0,0
"1784",0.836117593101576,0.590095061403499,"SD",2023-12-15,1,1,1,0,1,1,1,1,1,1,1,1,1,0,1,0,1,1,1,1
"1785",0.68623585980268,0.514476553851137,"SD",2023-12-16,1,1,0,1,1,1,1,1,1,1,1,1,0,1,1,0,1,1,1,1
"1786",0.9210030998946,0.448863818464947,"SD",2023-12-17,1,1,1,1,0,1,1,1,1,1,1,1,0,1,0,0,0,1,1,1
"1787",1.23388698454419,0.416444553427892,"SD",2023-12-18,0,1,1,1,0,1,1,1,1,1,0,1,1,0,0,0,1,1,0,1
"1788",1.05678096316056,0.362796671994283,"SD",2023-12-19,1,1,1,1,1,1,0,1,1,1,1,1,0,1,1,0,0,1,0,1
"1789",0.340808992830264,0.243791593761697,"SD",2023-12-20,1,1,1,1,1,1,1,1,1,1,1,1,0,1,1,1,1,1,0,1
"1790",NA,NA,"SD",2023-12-21,NA,NA,NA,NA,NA,NA,NA,NA,NA,NA,NA,NA,NA,NA,NA,NA,NA,NA,NA,NA
"1791",0.86239300807707,0.424471195060479,"SD",2023-12-22,1,0,1,1,1,1,1,1,1,1,1,0,0,1,1,0,1,1,0,1
"1792",0.89605781863567,0.641724607418214,"SD",2023-12-23,1,1,1,1,0,1,1,1,1,1,1,1,1,1,0,1,1,1,0,1
"1793",1.35843671069373,0.646776462913384,"SD",2023-12-24,0,0,1,1,1,1,1,1,1,1,0,1,0,1,1,1,1,1,1,1
"1794",NA,NA,"SD",2023-12-25,NA,NA,NA,NA,NA,NA,NA,NA,NA,NA,NA,NA,NA,NA,NA,NA,NA,NA,NA,NA
"1795",1.14592605077151,0.472346578480827,"SD",2023-12-26,1,1,0,1,0,1,1,1,1,1,1,1,1,1,0,0,1,1,1,1
"1796",0.646383432386961,0.331238648704714,"SD",2023-12-27,1,1,1,1,1,1,1,1,1,1,1,1,0,1,1,0,1,1,1,1
"1797",1.64107943489576,0.505869004883616,"SD",2023-12-28,0,1,1,1,0,1,1,1,0,1,0,1,1,1,0,1,1,1,0,0
"1798",0.949470514822806,0.418839921534996,"SD",2023-12-29,1,1,1,1,0,1,1,1,1,1,1,1,0,1,0,1,1,1,1,1
"1799",NA,NA,"SD",2023-12-30,NA,NA,NA,NA,NA,NA,NA,NA,NA,NA,NA,NA,NA,NA,NA,NA,NA,NA,NA,NA
"1800",NA,NA,"SD",2023-12-31,NA,NA,NA,NA,NA,NA,NA,NA,NA,NA,NA,NA,NA,NA,NA,NA,NA,NA,NA,NA
"1801",0.887573625792306,0.349435228710631,"SD",2024-01-01,1,1,1,1,1,1,1,1,1,0,1,1,1,1,1,1,1,1,0,0
"1802",0.888246874753078,0.26805123434014,"SD",2024-01-02,1,0,1,1,1,1,1,1,1,1,1,0,1,1,1,0,1,0,0,1
"1803",0.339184529665787,0.0910633142101703,"SD",2024-01-03,1,1,1,1,1,1,1,1,1,1,1,1,1,1,1,0,1,1,0,1
"1804",0.848630094665376,0.394812886779351,"SD",2024-01-04,1,1,1,1,1,1,1,0,1,1,1,1,1,1,1,0,1,0,1,1
"1805",NA,NA,"SD",2024-01-05,NA,NA,NA,NA,NA,NA,NA,NA,NA,NA,NA,NA,NA,NA,NA,NA,NA,NA,NA,NA
"1806",NA,NA,"SD",2024-01-06,NA,NA,NA,NA,NA,NA,NA,NA,NA,NA,NA,NA,NA,NA,NA,NA,NA,NA,NA,NA
"1807",1.06560382380852,0.452573261365082,"TN",2023-11-26,1,1,1,1,0,1,1,1,1,0,1,1,1,1,0,0,0,1,1,0
"1808",1.12801251825499,0.341558147404801,"TN",2023-11-27,1,1,0,1,1,1,1,1,1,1,1,0,0,1,1,0,1,1,0,1
"1809",0.728179086389346,0.520125421778124,"TN",2023-11-28,1,1,0,1,1,1,1,1,1,1,1,1,0,1,1,0,1,1,1,1
"1810",1.33882929215016,0.482749939211621,"TN",2023-11-29,1,1,1,1,0,1,1,1,1,0,1,1,1,1,0,0,0,1,1,0
"1811",0.958318380748282,0.426233128677974,"TN",2023-11-30,1,1,1,0,1,1,1,1,1,1,0,1,0,0,1,1,1,1,0,1
"1812",1.03873181477776,0.443985813291125,"TN",2023-12-01,1,0,1,0,1,1,1,1,1,1,1,0,0,0,1,1,1,1,1,0
"1813",0.730065542758676,0.376325827804299,"TN",2023-12-02,1,1,1,0,1,1,1,1,1,1,1,1,0,0,1,1,1,1,1,1
"1814",NA,NA,"TN",2023-12-03,NA,NA,NA,NA,NA,NA,NA,NA,NA,NA,NA,NA,NA,NA,NA,NA,NA,NA,NA,NA
"1815",1.66988684082446,0.338262090694824,"TN",2023-12-04,1,1,1,1,1,1,1,1,0,1,0,0,0,1,1,1,0,1,0,0
"1816",1.11463539841521,0.225765643074333,"TN",2023-12-05,1,1,1,1,1,0,1,1,1,1,1,0,0,1,1,0,1,0,0,1
"1817",0.90953322704881,0.386950352708144,"TN",2023-12-06,1,1,1,1,1,1,1,1,1,0,1,1,1,1,0,0,1,1,1,0
"1818",0.72783466538013,0.388874040114452,"TN",2023-12-07,1,1,1,1,1,1,1,1,1,1,1,1,0,1,1,0,0,1,0,1
"1819",2.14014317883389,0.444422553118833,"TN",2023-12-08,1,1,1,1,1,0,1,1,0,1,1,1,0,1,1,0,1,1,0,1
"1820",NA,NA,"TN",2023-12-09,NA,NA,NA,NA,NA,NA,NA,NA,NA,NA,NA,NA,NA,NA,NA,NA,NA,NA,NA,NA
"1821",0.259560373075536,0.186259164759962,"TN",2023-12-10,1,1,1,1,1,1,1,1,1,1,1,1,1,1,1,0,1,1,0,1
"1822",1.27511471985202,0.388003204031596,"TN",2023-12-11,1,1,1,1,1,1,1,0,1,1,1,1,0,0,0,0,1,0,0,1
"1823",1.16218921418443,0.199648642897254,"TN",2023-12-12,1,1,1,1,1,0,1,1,1,1,1,1,1,1,1,1,1,1,1,1
"1824",0.993639006407019,0.377415477996313,"TN",2023-12-13,1,1,1,1,1,1,1,1,1,1,1,1,1,1,1,0,0,1,0,0
"1825",1.56945683581365,0.474173809965863,"TN",2023-12-14,1,1,1,0,1,1,1,1,1,1,1,0,1,0,1,1,1,1,0,1
"1826",0.971720655780551,0.352949420666862,"TN",2023-12-15,0,1,1,1,1,1,1,1,1,1,0,1,1,1,1,0,1,1,0,1
"1827",NA,NA,"TN",2023-12-16,NA,NA,NA,NA,NA,NA,NA,NA,NA,NA,NA,NA,NA,NA,NA,NA,NA,NA,NA,NA
"1828",0.468705956085328,0.316491798327615,"TN",2023-12-17,1,1,1,1,1,1,1,1,1,1,1,1,0,1,1,1,1,1,0,1
"1829",1.90898875633003,0.434652467334058,"TN",2023-12-18,1,0,1,0,1,1,1,1,1,0,1,0,1,0,1,0,0,1,0,0
"1830",1.27247426146448,0.305575886543226,"TN",2023-12-19,1,1,1,1,1,1,1,1,1,1,1,1,0,1,1,0,0,1,0,1
"1831",2.94024608972726,0.464588864680881,"TN",2023-12-20,0,1,1,0,1,0,1,0,1,1,0,1,0,0,1,0,1,0,0,0
"1832",1.61872355786213,0.342164109647517,"TN",2023-12-21,1,1,1,1,0,0,1,1,1,1,1,1,1,1,0,0,0,1,0,1
"1833",0.832749259184891,0.342833614256722,"TN",2023-12-22,1,1,1,1,1,1,1,1,1,0,1,1,0,1,1,1,1,0,0,0
"1834",1.53878561949236,0.512221993116887,"TN",2023-12-23,1,0,1,0,1,0,1,1,1,1,1,0,1,0,1,0,0,1,0,1
"1835",0.673578574346001,0.334289645867647,"TN",2023-12-24,1,1,1,1,1,1,1,1,1,1,1,1,1,1,0,0,0,0,1,1
"1836",0.792531021068417,0.393546757599524,"TN",2023-12-25,1,0,1,1,1,1,1,1,1,1,1,0,1,1,1,0,1,1,1,1
"1837",2.94436713059851,0.416441080638409,"TN",2023-12-26,0,1,0,1,1,1,1,1,1,1,0,1,0,1,1,0,1,1,0,0
"1838",2.17942681326486,0.328620228026941,"TN",2023-12-27,1,1,1,1,1,0,1,1,1,1,1,1,0,0,1,0,0,0,1,1
"1839",0.80633836145029,0.319596198877425,"TN",2023-12-28,1,1,1,1,1,0,1,1,1,1,1,0,1,1,1,0,1,1,1,1
"1840",1.91674044029253,0.182029045595495,"TN",2023-12-29,1,1,1,1,1,1,1,1,0,1,1,0,1,1,1,0,1,1,0,1
"1841",1.26964586579428,0.467520112535191,"TN",2023-12-30,1,1,1,1,0,1,0,1,1,1,1,1,1,1,0,0,0,1,0,1
"1842",0.952206482102721,0.343481392709632,"TN",2023-12-31,1,1,1,1,1,0,1,1,1,1,1,1,1,1,1,0,1,1,0,1
"1843",0.72197991100368,0.26183588035732,"TN",2024-01-01,1,1,1,1,1,1,1,1,1,1,1,1,1,1,1,0,0,1,1,1
"1844",2.25748841956643,0.37748272656123,"TN",2024-01-02,1,1,0,1,1,1,1,1,0,1,1,1,0,1,1,0,1,0,0,1
"1845",2.88415926455487,0.408874201729281,"TN",2024-01-03,1,0,0,1,1,1,1,1,1,0,1,0,1,1,0,0,1,1,0,0
"1846",0.802430014882002,0.263967939016748,"TN",2024-01-04,1,1,0,1,1,1,1,1,1,1,1,1,0,1,1,0,1,1,0,1
"1847",0.591905277015074,0.0807903754379803,"TN",2024-01-05,1,1,1,1,1,1,1,1,1,1,1,1,1,1,1,1,1,1,1,1
"1848",0.593980650259027,0.0733905743760424,"TN",2024-01-06,1,1,1,1,1,1,1,1,1,1,1,1,1,1,1,0,1,1,0,1
"1849",0.810042578036675,0.566420550869227,"TX",2023-11-26,1,1,1,1,1,1,1,1,1,0,1,1,1,1,1,0,1,1,1,0
"1850",1.9076778885421,0.375246328663297,"TX",2023-11-27,1,0,1,1,0,1,1,1,1,1,0,1,1,0,0,0,0,1,1,1
"1851",0.915132781245287,0.387647427060608,"TX",2023-11-28,1,1,1,1,1,1,1,1,1,0,1,1,0,1,1,0,1,1,0,0
"1852",1.0825557332739,0.337948853660892,"TX",2023-11-29,1,1,1,1,1,1,1,1,0,1,1,0,1,1,1,0,1,1,1,1
"1853",1.79407757737356,0.430646805675161,"TX",2023-11-30,0,1,0,1,1,1,0,1,1,1,0,0,0,1,1,0,0,0,1,1
"1854",1.56937054621468,0.526261754775189,"TX",2023-12-01,0,1,1,1,1,0,1,1,1,1,0,1,1,0,1,0,0,0,0,1
"1855",0.288025607185825,0.20874303793012,"TX",2023-12-02,1,1,1,1,1,1,1,1,1,1,1,1,1,1,1,0,1,1,0,1
"1856",1.48483114116073,0.561566782947809,"TX",2023-12-03,1,0,1,0,1,0,1,1,1,0,1,0,1,0,1,0,1,1,1,0
"1857",2.55214616193949,0.420827666136047,"TX",2023-12-04,1,1,0,1,1,0,1,1,1,1,1,0,0,0,0,0,0,0,1,1
"1858",2.51048046255429,0.484430972627369,"TX",2023-12-05,0,1,1,1,1,0,1,1,0,0,0,1,1,0,1,0,0,1,0,0
"1859",2.61948233197841,0.465752761741723,"TX",2023-12-06,1,0,1,1,0,0,0,1,1,1,1,0,0,0,0,0,0,1,0,0
"1860",1.15126463311159,0.397254223310022,"TX",2023-12-07,1,1,0,0,1,1,1,1,1,1,1,0,0,0,1,1,1,1,1,1
"1861",1.02424596755432,0.435277497377001,"TX",2023-12-08,0,1,0,1,1,1,1,1,1,1,0,1,0,1,1,1,0,1,0,1
"1862",0.46758210889957,0.322542086184357,"TX",2023-12-09,1,1,1,1,1,1,1,1,1,1,1,1,1,0,1,1,1,1,0,1
"1863",NA,NA,"TX",2023-12-10,NA,NA,NA,NA,NA,NA,NA,NA,NA,NA,NA,NA,NA,NA,NA,NA,NA,NA,NA,NA
"1864",2.13146928676841,0.395465451069908,"TX",2023-12-11,0,0,1,1,1,0,1,1,1,1,0,0,1,1,1,0,1,0,0,0
"1865",1.56510377327525,0.393462693420711,"TX",2023-12-12,0,1,0,1,1,1,1,1,1,1,0,0,0,0,1,0,1,0,0,1
"1866",2.10425305321507,0.409369126195441,"TX",2023-12-13,1,1,0,1,0,0,1,1,1,1,0,0,0,1,0,0,0,0,0,1
"1867",1.42454660122318,0.40388033841299,"TX",2023-12-14,1,1,1,1,1,1,0,1,1,1,1,0,0,0,1,0,0,1,1,0
"1868",1.09461941474217,0.367431728565459,"TX",2023-12-15,1,1,1,1,1,1,1,1,1,0,1,1,1,1,1,0,0,0,0,0
"1869",0.318382280998853,0.219749610668433,"TX",2023-12-16,1,1,1,1,1,1,1,1,1,1,1,1,1,1,0,1,1,1,0,1
"1870",0.977328540504221,0.478677056061455,"TX",2023-12-17,1,1,0,1,1,1,1,1,1,1,1,1,0,1,1,0,1,1,0,0
"1871",0.880823479670221,0.356022857788452,"TX",2023-12-18,1,1,0,1,1,1,1,1,1,1,1,1,0,1,1,1,0,0,0,1
"1872",1.03125015320928,0.501951935502684,"TX",2023-12-19,1,1,0,1,1,1,1,1,1,1,1,1,0,1,1,0,1,1,0,1
"1873",2.58809021001735,0.403088509214695,"TX",2023-12-20,1,0,1,1,0,1,1,0,0,1,1,0,0,1,0,0,1,0,0,1
"1874",1.35169838750743,0.261065519762895,"TX",2023-12-21,1,1,1,1,1,0,1,1,1,1,1,1,0,1,1,0,1,1,0,1
"1875",1.62982714220522,0.327620927596538,"TX",2023-12-22,0,0,1,1,0,1,1,1,1,1,0,0,1,1,0,0,1,1,0,1
"1876",0.388341295093738,0.239542262248114,"TX",2023-12-23,1,1,1,1,1,1,1,1,1,1,1,1,1,1,1,0,1,1,0,1
"1877",0.453917428423049,0.121051765539854,"TX",2023-12-24,1,1,1,1,1,1,1,1,1,1,1,1,1,1,1,1,1,1,1,1
"1878",NA,NA,"TX",2023-12-25,NA,NA,NA,NA,NA,NA,NA,NA,NA,NA,NA,NA,NA,NA,NA,NA,NA,NA,NA,NA
"1879",1.84308542662545,0.40814759899434,"TX",2023-12-26,1,1,0,1,1,1,1,0,1,1,1,1,0,1,1,0,1,0,0,1
"1880",1.53353003545361,0.359849792240568,"TX",2023-12-27,1,0,0,1,1,1,1,0,1,1,1,0,0,1,1,0,1,1,0,1
"1881",1.93661365864131,0.338342389989694,"TX",2023-12-28,0,1,1,1,1,0,1,1,0,1,0,1,1,1,1,0,0,1,0,0
"1882",0.909565488914743,0.357267286925075,"TX",2023-12-29,1,1,0,1,1,1,1,1,1,1,1,0,0,1,1,1,1,1,1,1
"1883",0.808068859077825,0.580276865569466,"TX",2023-12-30,1,1,1,1,1,0,1,1,1,1,1,1,1,1,1,1,1,1,1,1
"1884",NA,NA,"TX",2023-12-31,NA,NA,NA,NA,NA,NA,NA,NA,NA,NA,NA,NA,NA,NA,NA,NA,NA,NA,NA,NA
"1885",0.706599988414304,0.270789028775508,"TX",2024-01-01,1,1,1,1,1,1,0,1,1,1,1,1,1,0,1,1,0,1,0,1
"1886",1.87102479678098,0.298285511457499,"TX",2024-01-02,1,1,0,1,1,0,0,0,1,1,1,1,0,1,1,0,0,0,1,1
"1887",1.44635558944106,0.0465210629715992,"TX",2024-01-03,1,1,1,1,1,1,1,1,0,1,1,1,1,1,1,1,1,0,0,1
"1888",0.163249805797577,0.0418429987704819,"TX",2024-01-04,1,1,1,1,1,1,1,1,1,1,1,1,1,1,1,1,1,1,1,1
"1889",0.978889034518394,0.221526599753279,"TX",2024-01-05,1,1,1,1,1,0,1,1,1,1,1,1,1,1,1,1,1,1,1,1
"1890",0.902975069000125,0.288527328103685,"TX",2024-01-06,1,0,1,1,1,1,1,1,1,1,1,0,1,1,1,1,1,1,0,1
"1891",NA,NA,"UT",2023-11-26,NA,NA,NA,NA,NA,NA,NA,NA,NA,NA,NA,NA,NA,NA,NA,NA,NA,NA,NA,NA
"1892",1.99287885455983,0.534962033946695,"UT",2023-11-27,1,1,1,0,1,0,0,1,1,1,1,1,1,0,1,0,1,1,1,1
"1893",NA,NA,"UT",2023-11-28,NA,NA,NA,NA,NA,NA,NA,NA,NA,NA,NA,NA,NA,NA,NA,NA,NA,NA,NA,NA
"1894",1.83309812260894,0.337856653984352,"UT",2023-11-29,1,1,1,1,1,0,1,1,1,1,1,0,0,0,0,0,0,1,0,1
"1895",1.22486021534175,0.240513102077391,"UT",2023-11-30,1,1,1,1,1,0,1,1,1,1,1,0,1,1,1,0,1,1,0,1
"1896",NA,NA,"UT",2023-12-01,NA,NA,NA,NA,NA,NA,NA,NA,NA,NA,NA,NA,NA,NA,NA,NA,NA,NA,NA,NA
"1897",NA,NA,"UT",2023-12-02,NA,NA,NA,NA,NA,NA,NA,NA,NA,NA,NA,NA,NA,NA,NA,NA,NA,NA,NA,NA
"1898",NA,NA,"UT",2023-12-03,NA,NA,NA,NA,NA,NA,NA,NA,NA,NA,NA,NA,NA,NA,NA,NA,NA,NA,NA,NA
"1899",0.743063363941611,0.381234389504898,"UT",2023-12-04,1,1,1,0,1,1,1,1,1,1,1,1,0,0,1,1,1,1,1,1
"1900",0.721360341784846,0.200916617534558,"UT",2023-12-05,1,1,1,1,1,0,1,1,1,1,1,1,1,1,1,1,1,1,1,1
"1901",0.899325868549185,0.360522113491025,"UT",2023-12-06,1,0,1,1,1,1,1,1,1,1,1,0,0,1,1,1,1,1,1,0
"1902",0.826161897354707,0.574628977964651,"UT",2023-12-07,1,0,1,1,1,1,1,1,1,1,1,0,1,1,1,0,1,1,1,1
"1903",1.52432048102516,0.370027786373953,"UT",2023-12-08,1,1,1,1,0,1,1,1,1,1,1,0,0,1,0,0,1,0,1,1
"1904",NA,NA,"UT",2023-12-09,NA,NA,NA,NA,NA,NA,NA,NA,NA,NA,NA,NA,NA,NA,NA,NA,NA,NA,NA,NA
"1905",NA,NA,"UT",2023-12-10,NA,NA,NA,NA,NA,NA,NA,NA,NA,NA,NA,NA,NA,NA,NA,NA,NA,NA,NA,NA
"1906",1.42593082043898,0.539989526637772,"UT",2023-12-11,1,1,1,0,1,0,1,0,1,1,1,1,0,0,1,0,0,0,0,1
"1907",0.672607154462971,0.480879974441081,"UT",2023-12-12,1,1,0,1,1,1,1,1,1,1,1,1,0,1,1,0,1,1,1,1
"1908",NA,NA,"UT",2023-12-13,NA,NA,NA,NA,NA,NA,NA,NA,NA,NA,NA,NA,NA,NA,NA,NA,NA,NA,NA,NA
"1909",0.874909076830348,0.2497102262372,"UT",2023-12-14,1,1,1,1,1,0,1,1,1,1,1,1,1,1,1,1,1,1,1,1
"1910",1.50764383018526,0.306628008558465,"UT",2023-12-15,1,1,1,1,1,1,1,1,0,1,1,1,1,1,1,0,1,1,0,0
"1911",NA,NA,"UT",2023-12-16,NA,NA,NA,NA,NA,NA,NA,NA,NA,NA,NA,NA,NA,NA,NA,NA,NA,NA,NA,NA
"1912",NA,NA,"UT",2023-12-17,NA,NA,NA,NA,NA,NA,NA,NA,NA,NA,NA,NA,NA,NA,NA,NA,NA,NA,NA,NA
"1913",0.757612461827001,0.387316189674924,"UT",2023-12-18,1,1,1,0,1,1,1,1,1,1,1,1,1,1,1,1,1,1,1,1
"1914",NA,NA,"UT",2023-12-19,NA,NA,NA,NA,NA,NA,NA,NA,NA,NA,NA,NA,NA,NA,NA,NA,NA,NA,NA,NA
"1915",1.03558116467711,0.310254566874101,"UT",2023-12-20,1,1,1,1,1,0,1,1,1,1,1,1,1,1,1,0,1,1,0,1
"1916",0.773384776565693,0.242426555718232,"UT",2023-12-21,1,1,1,1,1,1,1,1,0,1,1,1,1,1,1,1,1,1,1,1
"1917",0.313574562973607,0.22809828157308,"UT",2023-12-22,1,1,1,1,1,1,1,1,1,1,1,1,1,1,1,0,1,1,0,1
"1918",NA,NA,"UT",2023-12-23,NA,NA,NA,NA,NA,NA,NA,NA,NA,NA,NA,NA,NA,NA,NA,NA,NA,NA,NA,NA
"1919",NA,NA,"UT",2023-12-24,NA,NA,NA,NA,NA,NA,NA,NA,NA,NA,NA,NA,NA,NA,NA,NA,NA,NA,NA,NA
"1920",NA,NA,"UT",2023-12-25,NA,NA,NA,NA,NA,NA,NA,NA,NA,NA,NA,NA,NA,NA,NA,NA,NA,NA,NA,NA
"1921",0.726190026316409,0.37657901252299,"UT",2023-12-26,1,1,0,1,1,1,1,1,1,1,1,1,0,1,1,1,1,1,0,1
"1922",0.210492578849125,0.161611488488055,"UT",2023-12-27,1,1,1,1,1,1,1,1,1,1,1,1,1,1,1,0,1,1,0,1
"1923",NA,NA,"UT",2023-12-28,NA,NA,NA,NA,NA,NA,NA,NA,NA,NA,NA,NA,NA,NA,NA,NA,NA,NA,NA,NA
"1924",NA,NA,"UT",2023-12-29,NA,NA,NA,NA,NA,NA,NA,NA,NA,NA,NA,NA,NA,NA,NA,NA,NA,NA,NA,NA
"1925",NA,NA,"UT",2023-12-30,NA,NA,NA,NA,NA,NA,NA,NA,NA,NA,NA,NA,NA,NA,NA,NA,NA,NA,NA,NA
"1926",NA,NA,"UT",2023-12-31,NA,NA,NA,NA,NA,NA,NA,NA,NA,NA,NA,NA,NA,NA,NA,NA,NA,NA,NA,NA
"1927",NA,NA,"UT",2024-01-01,NA,NA,NA,NA,NA,NA,NA,NA,NA,NA,NA,NA,NA,NA,NA,NA,NA,NA,NA,NA
"1928",1.5691986131711,0.45600990196386,"UT",2024-01-02,1,1,1,1,0,0,1,1,0,1,1,1,0,1,0,0,1,0,1,1
"1929",0.322066016604928,0.0895146647531069,"UT",2024-01-03,1,1,1,1,1,1,1,1,1,1,1,1,1,1,1,1,1,1,1,1
"1930",1.64198965914007,0.549867219124189,"UT",2024-01-04,1,1,1,1,1,0,1,1,0,1,1,1,1,1,1,0,1,0,1,1
"1931",2.69370870733198,0.32084445042922,"UT",2024-01-05,1,1,1,1,1,0,1,1,0,1,1,1,1,1,1,0,0,0,1,1
"1932",NA,NA,"UT",2024-01-06,NA,NA,NA,NA,NA,NA,NA,NA,NA,NA,NA,NA,NA,NA,NA,NA,NA,NA,NA,NA
"1933",2.31074570608777,0.306470209750038,"VA",2023-11-26,0,1,0,1,1,0,1,1,1,1,0,0,1,0,1,0,1,0,0,0
"1934",2.68176966755824,0.386907777959115,"VA",2023-11-27,1,1,1,1,1,1,1,0,1,0,0,0,0,0,1,0,0,0,1,1
"1935",3.10979921256878,0.442674786169836,"VA",2023-11-28,0,0,1,1,1,0,1,1,1,1,0,0,0,1,0,0,0,1,0,1
"1936",2.86888857715311,0.314750475943155,"VA",2023-11-29,1,1,1,1,1,0,1,1,1,0,0,1,0,0,1,0,0,0,0,0
"1937",3.04672786682704,0.286464496219189,"VA",2023-11-30,0,1,1,0,1,0,1,1,1,1,0,0,0,0,1,0,0,1,0,1
"1938",3.68891237809712,0.319062614107075,"VA",2023-12-01,0,1,1,1,1,0,0,1,1,0,0,0,0,0,0,0,0,1,0,0
"1939",1.70578521435354,0.308824646998892,"VA",2023-12-02,0,0,1,1,1,1,1,1,1,1,0,0,1,1,1,0,0,1,1,1
"1940",3.70548965986937,0.278215010343241,"VA",2023-12-03,1,0,1,1,0,0,1,1,0,1,0,1,0,1,0,0,0,0,0,1
"1941",7.71367815043543,0.305740399225672,"VA",2023-12-04,1,0,1,0,1,0,1,1,0,1,1,0,0,0,0,0,0,0,0,0
"1942",2.56833144209039,0.363997897240272,"VA",2023-12-05,0,1,0,1,1,1,1,1,0,1,0,1,0,0,0,0,0,1,0,1
"1943",3.13992980808877,0.35563853105826,"VA",2023-12-06,1,0,1,0,1,1,0,0,1,1,1,0,0,0,0,1,0,0,0,0
"1944",3.15060703110773,0.35014417213939,"VA",2023-12-07,1,1,1,1,1,1,1,1,0,1,0,1,0,0,1,0,0,0,0,1
"1945",2.67848286914039,0.347499210257956,"VA",2023-12-08,1,0,0,1,1,0,1,1,0,1,1,0,0,0,0,0,0,0,0,1
"1946",1.51791623088253,0.335921111343539,"VA",2023-12-09,0,1,1,1,1,1,1,1,1,1,0,1,1,1,1,1,1,0,1,1
"1947",1.02982363297032,0.30618390442414,"VA",2023-12-10,1,1,1,1,1,1,1,1,1,1,1,0,1,0,1,0,1,0,0,0
"1948",1.63918984608677,0.355529695422714,"VA",2023-12-11,1,0,1,1,1,1,1,1,1,1,1,0,0,0,1,0,0,0,1,1
"1949",4.1020524972873,0.449149711217538,"VA",2023-12-12,0,1,0,1,1,0,1,0,0,1,0,1,0,0,1,0,0,0,0,0
"1950",4.21360830725805,0.416908767672051,"VA",2023-12-13,1,0,1,0,1,1,1,1,0,1,1,0,0,0,0,1,0,1,0,0
"1951",2.15802938852075,0.364587255348702,"VA",2023-12-14,0,0,1,1,1,1,1,1,1,1,0,0,1,1,1,0,0,0,0,0
"1952",2.55128731328051,0.368806845962512,"VA",2023-12-15,1,0,1,1,1,1,1,1,0,1,1,0,0,0,1,0,0,1,0,1
"1953",2.8029302905574,0.383041613704738,"VA",2023-12-16,1,1,0,0,1,1,1,1,0,1,1,1,0,0,1,0,0,0,0,1
"1954",1.8306221940025,0.403661178757573,"VA",2023-12-17,1,1,0,1,1,0,0,1,1,1,1,1,0,1,1,0,0,1,0,1
"1955",3.91641316692363,0.424939272695574,"VA",2023-12-18,0,0,1,0,0,1,0,1,0,1,0,0,1,0,1,0,0,0,0,1
"1956",2.7691047343684,0.388966826889566,"VA",2023-12-19,1,0,1,1,1,1,1,1,1,1,1,0,0,0,0,1,1,0,0,0
"1957",3.5021029835825,0.364997493841516,"VA",2023-12-20,1,0,0,1,1,1,1,1,1,1,1,0,0,0,1,0,0,1,0,0
"1958",3.88553404228375,0.382497180521588,"VA",2023-12-21,1,0,1,0,1,1,0,1,0,1,0,0,0,0,1,0,0,0,1,1
"1959",5.69441831539419,0.320284869244195,"VA",2023-12-22,1,1,1,1,1,0,1,1,0,1,1,0,0,1,1,0,0,1,0,1
"1960",1.81411638071395,0.339482073784004,"VA",2023-12-23,1,1,1,1,1,1,0,1,1,1,1,1,0,0,1,0,0,1,0,0
"1961",3.31522536839039,0.494327860478717,"VA",2023-12-24,1,0,1,1,1,0,1,1,0,1,1,0,1,1,1,0,1,1,0,1
"1962",1.50230507881057,0.425124006631799,"VA",2023-12-25,1,1,1,1,1,0,0,1,0,1,1,1,0,0,1,0,0,1,0,1
"1963",2.63130899884085,0.314206068018988,"VA",2023-12-26,1,1,0,1,1,1,1,1,1,1,1,1,0,0,1,0,0,0,0,0
"1964",4.19043772514608,0.368128739833882,"VA",2023-12-27,0,0,1,0,1,0,1,1,0,1,0,0,0,0,1,0,1,0,0,1
"1965",4.10648130735111,0.325355992257908,"VA",2023-12-28,1,0,1,0,0,1,1,1,0,1,1,0,0,0,0,0,0,1,0,1
"1966",2.59189154730762,0.172195337446402,"VA",2023-12-29,1,1,0,1,0,0,1,1,0,1,0,1,1,1,0,0,1,1,1,0
"1967",1.09223238608296,0.23394247242105,"VA",2023-12-30,1,1,1,1,1,0,1,1,1,1,1,1,1,1,1,0,1,1,0,1
"1968",0.400259443320427,0.167202185672978,"VA",2023-12-31,1,1,1,1,1,1,1,1,1,1,1,1,1,0,1,1,1,1,0,1
"1969",2.5613197762993,0.554778872869601,"VA",2024-01-01,0,1,1,1,1,0,1,1,0,0,0,1,1,1,1,0,1,1,0,0
"1970",1.82336119859435,0.245263367898622,"VA",2024-01-02,0,1,0,1,1,1,1,1,1,1,0,1,0,1,1,0,0,1,1,1
"1971",7.36826464027236,0.401224670281225,"VA",2024-01-03,1,0,0,1,1,0,1,1,0,1,1,0,0,1,1,0,1,1,0,1
"1972",1.24384639818126,0.185783260122882,"VA",2024-01-04,0,1,1,1,1,1,1,1,1,1,0,1,1,1,1,0,0,0,0,1
"1973",1.22753236606376,0.133644880250769,"VA",2024-01-05,1,1,1,1,1,1,1,1,1,0,1,1,1,1,1,0,1,0,0,0
"1974",0.112199916967521,0.0335749267953781,"VA",2024-01-06,1,1,1,1,1,1,1,1,1,1,1,1,1,1,1,1,1,1,1,1
"1975",1.41888266201299,0.290931033885244,"VT",2023-11-26,1,1,1,1,1,0,1,1,1,1,1,1,0,1,1,0,1,1,0,1
"1976",0.813875877336383,0.42789638097639,"VT",2023-11-27,1,1,1,1,1,1,1,1,1,1,1,1,1,1,1,0,0,1,1,1
"1977",1.0658636498064,0.328189318396849,"VT",2023-11-28,1,1,1,1,1,1,0,1,1,1,1,1,1,1,1,0,0,1,1,1
"1978",1.78525943222275,0.475697554019544,"VT",2023-11-29,1,0,1,1,0,0,1,1,1,1,1,0,0,1,0,0,1,0,0,1
"1979",1.46944074895093,0.404166574308542,"VT",2023-11-30,1,1,0,1,1,1,1,1,1,1,1,1,0,1,1,0,1,0,0,0
"1980",2.3663335667813,0.3497962151342,"VT",2023-12-01,1,1,1,1,1,0,0,1,1,0,1,1,0,0,1,0,0,0,0,0
"1981",1.52113090690908,0.446534235422512,"VT",2023-12-02,1,1,1,0,1,1,0,1,0,0,1,1,1,0,1,0,0,1,0,0
"1982",1.75633279095327,0.389022356299519,"VT",2023-12-03,1,1,1,1,1,1,1,1,0,1,1,1,0,1,1,0,0,1,0,0
"1983",1.36871437663676,0.396162540318153,"VT",2023-12-04,1,1,1,1,1,1,1,1,1,1,1,1,0,1,1,0,0,0,1,1
"1984",1.5518247052966,0.40888823347787,"VT",2023-12-05,1,1,0,1,1,1,1,1,1,1,1,1,0,1,1,1,1,0,0,1
"1985",1.64116642095541,0.392023794377947,"VT",2023-12-06,1,0,1,1,1,1,1,1,1,1,1,0,1,0,1,0,0,1,1,1
"1986",1.95870708543792,0.336078736281284,"VT",2023-12-07,1,1,1,1,1,0,0,1,1,1,1,1,0,1,1,0,0,0,0,1
"1987",1.49585406346131,0.353007417860147,"VT",2023-12-08,1,1,1,1,1,1,0,1,1,1,1,1,1,1,1,0,0,1,0,1
"1988",1.783596037693,0.410187703940673,"VT",2023-12-09,1,0,0,1,1,1,1,1,1,1,1,0,0,1,1,0,1,0,0,1
"1989",0.961807753321472,0.360854248896334,"VT",2023-12-10,1,1,1,1,1,1,1,1,1,0,1,1,1,1,1,1,0,1,1,0
"1990",1.05621521387835,0.347181845094483,"VT",2023-12-11,1,1,1,1,0,1,1,1,1,1,1,1,1,1,0,1,0,0,0,1
"1991",1.17547841799997,0.396785711270077,"VT",2023-12-12,1,1,1,1,1,1,1,1,1,0,1,1,1,1,1,0,1,1,1,0
"1992",3.72153060675819,0.401413671561628,"VT",2023-12-13,1,0,1,1,1,0,0,1,0,1,1,0,1,1,1,0,1,1,0,0
"1993",0.494227183622616,0.319265005032156,"VT",2023-12-14,1,1,1,1,1,1,1,1,1,1,1,1,1,1,1,1,0,1,0,1
"1994",2.48703837239475,0.381937665305483,"VT",2023-12-15,1,1,0,1,1,0,1,1,1,0,1,1,0,1,1,0,1,0,0,1
"1995",1.58861029218908,0.455807653929653,"VT",2023-12-16,1,1,1,1,1,1,1,0,0,0,1,1,1,1,1,0,0,0,0,0
"1996",0.849597228799443,0.34297347139905,"VT",2023-12-17,1,1,1,1,1,1,1,1,1,1,1,1,1,1,1,1,0,1,0,1
"1997",0.771771568897017,0.244202516113675,"VT",2023-12-18,1,1,1,1,1,1,1,1,1,1,1,1,0,1,1,1,1,1,0,1
"1998",1.26365998518445,0.41472825374668,"VT",2023-12-19,1,1,0,1,1,1,1,1,1,0,1,1,0,1,1,1,0,1,0,0
"1999",1.24384372173281,0.344995674679595,"VT",2023-12-20,1,0,1,1,1,1,1,0,1,1,1,0,1,1,1,1,0,0,0,1
"2000",0.813874640824294,0.301431043408869,"VT",2023-12-21,1,1,1,1,1,1,1,0,1,1,1,1,1,1,1,1,1,0,1,0
"2001",0.863846945395838,0.305267311750237,"VT",2023-12-22,1,1,0,1,1,1,1,1,1,1,1,1,0,1,1,1,1,1,0,1
"2002",1.28999816990123,0.112449327935668,"VT",2023-12-23,1,1,1,1,1,1,1,1,0,1,1,1,1,0,1,1,1,1,0,1
"2003",1.98131319786318,0.324747661323364,"VT",2023-12-24,1,0,0,1,1,1,1,1,1,1,1,0,0,1,1,0,1,1,0,1
"2004",1.22319066262078,0.267547451743223,"VT",2023-12-25,1,1,1,1,1,1,1,1,1,0,1,1,1,1,1,0,1,1,1,0
"2005",0.551842404686808,0.211902372393175,"VT",2023-12-26,1,1,1,1,1,1,1,1,1,1,1,1,1,1,1,0,0,1,1,1
"2006",1.03702864889996,0.716222055777025,"VT",2023-12-27,1,1,1,1,1,1,1,1,1,0,1,1,1,1,1,1,1,1,0,0
"2007",0.636007249412346,0.344162328728138,"VT",2023-12-28,1,1,1,1,1,0,1,1,1,1,1,1,1,1,1,0,1,1,0,1
"2008",0.0759555152907052,0.0680940472038978,"VT",2023-12-29,1,1,1,1,1,1,1,1,1,1,1,1,1,1,1,1,1,1,1,1
"2009",0.958650119006837,0.644089516003206,"VT",2023-12-30,1,1,1,1,1,0,1,1,1,1,1,1,1,1,1,0,1,1,0,1
"2010",NA,NA,"VT",2023-12-31,NA,NA,NA,NA,NA,NA,NA,NA,NA,NA,NA,NA,NA,NA,NA,NA,NA,NA,NA,NA
"2011",NA,NA,"VT",2024-01-01,NA,NA,NA,NA,NA,NA,NA,NA,NA,NA,NA,NA,NA,NA,NA,NA,NA,NA,NA,NA
"2012",NA,NA,"VT",2024-01-02,NA,NA,NA,NA,NA,NA,NA,NA,NA,NA,NA,NA,NA,NA,NA,NA,NA,NA,NA,NA
"2013",2.86795431291443,0.430185292404245,"VT",2024-01-03,1,1,1,1,1,0,1,1,0,0,1,1,1,1,1,0,1,1,0,0
"2014",1.17191932306722,0.207916343366287,"VT",2024-01-04,1,1,1,1,1,0,1,1,1,1,1,1,1,1,1,0,1,0,0,1
"2015",1.72253730193504,0.31829807733118,"VT",2024-01-05,1,1,0,1,1,1,1,0,0,0,1,1,0,1,1,1,0,0,0,0
"2016",1.03532431861721,0.217403836806214,"VT",2024-01-06,1,1,0,1,1,1,1,1,1,1,1,1,0,0,1,1,1,1,1,1
"2017",1.24442226111899,0.473317327747257,"WA",2023-11-26,1,0,1,1,1,1,1,1,1,0,1,0,1,1,1,0,1,1,0,0
"2018",3.84830171383107,0.248617188938794,"WA",2023-11-27,1,0,1,1,1,0,0,1,1,1,1,0,0,0,0,0,0,0,0,0
"2019",1.35933861714875,0.32436919587953,"WA",2023-11-28,0,1,1,1,1,1,1,1,1,1,0,0,0,1,1,0,0,1,0,0
"2020",4.94658779932993,0.47665477426744,"WA",2023-11-29,1,0,1,0,1,0,0,1,0,1,1,0,0,0,1,0,1,0,0,0
"2021",3.55489645194577,0.445599905060712,"WA",2023-11-30,0,1,1,0,0,0,1,1,1,0,0,0,0,0,1,0,0,1,0,0
"2022",1.448975561981,0.370586524520004,"WA",2023-12-01,1,1,1,1,1,1,1,1,1,0,1,1,0,0,1,0,1,1,0,0
"2023",2.10681248408784,0.457719003474445,"WA",2023-12-02,1,0,1,1,1,0,1,1,0,1,0,0,1,0,1,0,0,1,0,0
"2024",1.35468782896288,0.410472612623943,"WA",2023-12-03,1,1,1,1,1,1,1,1,0,0,1,1,1,1,1,0,0,1,1,0
"2025",2.27064087739965,0.342258267290762,"WA",2023-12-04,1,1,0,1,1,1,1,1,0,1,1,1,0,1,1,0,0,1,0,0
"2026",2.83369301459389,0.395881782958394,"WA",2023-12-05,1,1,1,1,1,1,1,1,0,1,1,1,0,0,1,1,1,0,0,1
"2027",8.76968449732145,0.246604611693827,"WA",2023-12-06,1,1,1,0,1,0,1,1,0,1,1,1,1,0,1,0,1,0,0,0
"2028",1.65902644063446,0.370122145029199,"WA",2023-12-07,1,1,1,1,1,1,1,1,1,0,1,1,1,0,1,1,0,0,0,0
"2029",2.19725446056436,0.431368592756298,"WA",2023-12-08,1,1,1,1,1,0,1,0,0,1,1,1,0,0,1,0,1,0,1,1
"2030",1.97331604575307,0.332289999924822,"WA",2023-12-09,1,1,1,1,1,1,1,0,0,1,1,1,1,1,1,1,0,0,0,0
"2031",4.95879068702092,0.565359865993648,"WA",2023-12-10,0,1,1,1,1,0,1,0,1,1,0,1,0,1,1,0,0,0,0,0
"2032",1.46079763199793,0.375408163847295,"WA",2023-12-11,1,1,1,1,0,1,1,1,0,1,1,1,0,1,0,0,1,0,0,1
"2033",1.66927594895627,0.445356085297297,"WA",2023-12-12,1,0,0,0,1,1,1,1,1,1,1,0,0,0,1,1,0,1,0,0
"2034",1.33095464964647,0.368063844656382,"WA",2023-12-13,1,1,1,1,1,1,1,1,1,1,1,1,0,0,0,1,0,1,0,1
"2035",2.35098934549593,0.419877384449291,"WA",2023-12-14,0,0,1,1,1,0,1,1,1,1,0,0,0,0,1,0,0,0,1,0
"2036",1.41074099572096,0.326905020688866,"WA",2023-12-15,1,1,1,1,1,1,1,1,0,1,1,1,1,1,0,0,0,0,0,1
"2037",0.940955735270216,0.260530363776633,"WA",2023-12-16,1,1,1,1,1,0,1,1,1,1,1,1,1,1,1,0,0,1,0,1
"2038",3.07047809101943,0.463215020753584,"WA",2023-12-17,0,1,1,0,1,0,1,1,0,0,0,1,0,0,1,0,0,1,1,0
"2039",1.37575750301331,0.325104413913126,"WA",2023-12-18,1,1,1,1,1,1,1,1,0,1,1,1,1,1,1,1,0,1,0,1
"2040",2.36326000850869,0.399449401145044,"WA",2023-12-19,0,1,1,1,1,0,1,1,0,0,0,1,1,1,1,0,1,1,0,0
"2041",1.50058291745315,0.350640853001856,"WA",2023-12-20,1,1,1,1,1,1,1,1,1,1,1,1,0,1,1,0,0,1,0,0
"2042",1.29129328176988,0.35830194643153,"WA",2023-12-21,1,0,1,1,1,1,1,1,1,1,1,0,1,0,1,0,0,1,0,1
"2043",1.16593533091974,0.266517748676607,"WA",2023-12-22,1,1,1,1,1,1,1,1,0,1,1,1,1,1,1,0,1,1,0,1
"2044",1.01304275255219,0.325545576724615,"WA",2023-12-23,1,1,1,0,1,1,1,1,1,1,1,1,0,0,1,1,1,0,0,1
"2045",1.12067216271609,0.366147823351384,"WA",2023-12-24,0,1,1,1,1,1,1,1,1,1,0,1,1,1,1,0,0,0,0,1
"2046",1.32875523755868,0.246172544340224,"WA",2023-12-25,1,1,1,1,1,1,1,1,0,1,1,1,1,1,1,0,0,1,0,1
"2047",1.51641874931323,0.274561529947572,"WA",2023-12-26,1,1,1,1,1,1,1,1,0,1,1,1,0,1,1,0,1,0,0,1
"2048",1.1637844437269,0.329810803268655,"WA",2023-12-27,1,0,1,1,1,1,1,1,1,1,1,0,0,1,1,0,0,0,0,1
"2049",4.63226585588805,0.212540171224662,"WA",2023-12-28,1,1,1,1,1,1,0,1,0,1,1,1,1,1,1,0,1,0,0,1
"2050",2.85709920834848,0.233715861465829,"WA",2023-12-29,1,1,1,1,1,1,1,1,0,1,1,1,0,0,1,1,0,0,0,1
"2051",3.69334997000167,0.166960701641568,"WA",2023-12-30,1,1,1,1,1,0,1,1,0,1,1,0,1,1,1,1,0,0,0,0
"2052",1.38104578773674,0.202724240772025,"WA",2023-12-31,1,1,1,1,1,1,1,1,0,1,1,1,1,1,1,0,1,0,1,1
"2053",1.16981761138117,0.298932745136158,"WA",2024-01-01,1,1,1,1,1,1,1,1,1,0,1,1,0,1,1,0,0,1,1,0
"2054",1.86555161314691,0.319516125114656,"WA",2024-01-02,1,0,1,1,1,1,1,1,1,1,1,0,0,0,1,0,1,1,0,0
"2055",2.38965348238348,0.265512741239111,"WA",2024-01-03,1,1,1,0,1,1,0,1,1,1,1,1,0,0,1,0,1,0,0,0
"2056",2.10466347730669,0.302204844605123,"WA",2024-01-04,1,1,1,0,1,0,1,1,1,1,1,1,1,1,1,0,0,0,0,1
"2057",1.8062034080218,0.192841380181941,"WA",2024-01-05,1,1,1,1,1,1,1,1,1,1,1,1,1,1,1,0,1,0,0,1
"2058",1.55735934940792,0.256178291831513,"WA",2024-01-06,1,1,1,0,1,1,1,1,1,1,1,1,0,0,1,0,0,1,0,1
"2059",0.768308194964943,0.384623727542895,"WI",2023-11-26,1,0,1,1,1,1,1,1,1,1,1,0,1,1,1,1,1,1,0,1
"2060",0.272102425102563,0.178504358354337,"WI",2023-11-27,1,1,1,1,1,1,1,1,1,1,1,1,1,0,1,0,1,1,1,1
"2061",2.92326110156852,0.515319987669005,"WI",2023-11-28,0,0,1,1,1,0,1,1,1,1,0,0,0,0,1,0,0,0,0,1
"2062",0.695068696959667,0.365494115237287,"WI",2023-11-29,1,1,1,0,1,1,1,1,1,1,1,1,1,1,1,1,1,1,1,1
"2063",1.14884214939565,0.187683850255483,"WI",2023-11-30,1,1,1,1,1,0,1,1,1,1,1,1,1,1,1,0,0,1,0,1
"2064",0.781130197958812,0.548700635798279,"WI",2023-12-01,1,1,1,0,1,1,1,1,1,1,1,1,1,0,1,1,1,1,0,1
"2065",1.27959220134687,0.443358643776486,"WI",2023-12-02,1,1,1,1,1,1,1,1,0,1,1,1,1,1,1,0,0,1,0,1
"2066",NA,NA,"WI",2023-12-03,NA,NA,NA,NA,NA,NA,NA,NA,NA,NA,NA,NA,NA,NA,NA,NA,NA,NA,NA,NA
"2067",1.25082015171187,0.595106373021365,"WI",2023-12-04,1,1,1,1,0,1,1,1,1,0,1,1,1,1,0,1,1,1,0,1
"2068",0.809147653160498,0.211392075928794,"WI",2023-12-05,1,1,1,1,1,0,1,1,1,1,1,1,0,1,1,0,0,1,1,1
"2069",0.526412586997104,0.392196491872291,"WI",2023-12-06,1,1,1,1,1,1,1,1,1,1,1,1,1,1,1,1,1,1,1,1
"2070",0.807497679851251,0.346252498305056,"WI",2023-12-07,1,1,1,0,1,1,1,1,1,1,1,0,0,0,1,0,1,1,1,1
"2071",0.485013931554938,0.364691240539871,"WI",2023-12-08,1,1,1,1,1,1,1,1,1,1,1,1,1,1,1,0,1,1,0,1
"2072",NA,NA,"WI",2023-12-09,NA,NA,NA,NA,NA,NA,NA,NA,NA,NA,NA,NA,NA,NA,NA,NA,NA,NA,NA,NA
"2073",NA,NA,"WI",2023-12-10,NA,NA,NA,NA,NA,NA,NA,NA,NA,NA,NA,NA,NA,NA,NA,NA,NA,NA,NA,NA
"2074",0.91316069470002,0.257197612097275,"WI",2023-12-11,1,1,1,1,1,0,1,1,1,1,1,1,1,1,1,0,0,1,0,1
"2075",0.760633861465856,0.421253568327831,"WI",2023-12-12,1,1,1,1,1,1,0,1,1,1,1,1,1,1,1,0,0,1,1,1
"2076",1.80897592916997,0.493022631957635,"WI",2023-12-13,1,1,1,0,1,1,1,1,0,1,1,1,0,0,1,0,1,1,1,1
"2077",0.360424629935778,0.278657293723005,"WI",2023-12-14,1,1,1,1,1,1,1,1,1,1,1,1,1,1,1,1,1,1,1,1
"2078",0.3402390081936,0.264342880278788,"WI",2023-12-15,1,1,1,1,1,1,1,1,1,1,1,1,1,1,1,1,0,1,0,1
"2079",0.32785100649139,0.25017669099702,"WI",2023-12-16,1,1,1,1,1,1,1,1,1,1,1,1,1,1,1,1,0,1,0,1
"2080",NA,NA,"WI",2023-12-17,NA,NA,NA,NA,NA,NA,NA,NA,NA,NA,NA,NA,NA,NA,NA,NA,NA,NA,NA,NA
"2081",2.55374773490265,0.397223807540724,"WI",2023-12-18,1,1,1,1,0,0,1,1,0,1,1,1,0,0,0,0,0,1,0,1
"2082",0.915954375094385,0.629172652440766,"WI",2023-12-19,1,0,1,1,1,1,1,1,1,1,1,0,1,1,1,0,1,1,1,1
"2083",NA,NA,"WI",2023-12-20,NA,NA,NA,NA,NA,NA,NA,NA,NA,NA,NA,NA,NA,NA,NA,NA,NA,NA,NA,NA
"2084",0.579878684238514,0.381431065921386,"WI",2023-12-21,1,1,1,1,1,1,1,1,1,1,1,1,1,0,1,0,1,1,1,1
"2085",NA,NA,"WI",2023-12-22,NA,NA,NA,NA,NA,NA,NA,NA,NA,NA,NA,NA,NA,NA,NA,NA,NA,NA,NA,NA
"2086",NA,NA,"WI",2023-12-23,NA,NA,NA,NA,NA,NA,NA,NA,NA,NA,NA,NA,NA,NA,NA,NA,NA,NA,NA,NA
"2087",NA,NA,"WI",2023-12-24,NA,NA,NA,NA,NA,NA,NA,NA,NA,NA,NA,NA,NA,NA,NA,NA,NA,NA,NA,NA
"2088",NA,NA,"WI",2023-12-25,NA,NA,NA,NA,NA,NA,NA,NA,NA,NA,NA,NA,NA,NA,NA,NA,NA,NA,NA,NA
"2089",NA,NA,"WI",2023-12-26,NA,NA,NA,NA,NA,NA,NA,NA,NA,NA,NA,NA,NA,NA,NA,NA,NA,NA,NA,NA
"2090",0.144567528734591,0.116574802981218,"WI",2023-12-27,1,1,1,1,1,1,1,1,1,1,1,1,1,1,1,1,1,1,1,1
"2091",NA,NA,"WI",2023-12-28,NA,NA,NA,NA,NA,NA,NA,NA,NA,NA,NA,NA,NA,NA,NA,NA,NA,NA,NA,NA
"2092",0.119901876447745,0.0984052154219204,"WI",2023-12-29,1,1,1,1,1,1,1,1,1,1,1,1,1,1,1,1,1,1,1,1
"2093",NA,NA,"WI",2023-12-30,NA,NA,NA,NA,NA,NA,NA,NA,NA,NA,NA,NA,NA,NA,NA,NA,NA,NA,NA,NA
"2094",0.820827724134196,0.548260960868448,"WI",2023-12-31,1,1,1,1,1,0,1,1,1,1,1,1,1,1,1,0,1,1,0,1
"2095",NA,NA,"WI",2024-01-01,NA,NA,NA,NA,NA,NA,NA,NA,NA,NA,NA,NA,NA,NA,NA,NA,NA,NA,NA,NA
"2096",0.0827282830320605,0.0683036436887852,"WI",2024-01-02,1,1,1,1,1,1,1,1,1,1,1,1,1,1,1,1,1,1,1,1
"2097",NA,NA,"WI",2024-01-03,NA,NA,NA,NA,NA,NA,NA,NA,NA,NA,NA,NA,NA,NA,NA,NA,NA,NA,NA,NA
"2098",NA,NA,"WI",2024-01-04,NA,NA,NA,NA,NA,NA,NA,NA,NA,NA,NA,NA,NA,NA,NA,NA,NA,NA,NA,NA
"2099",NA,NA,"WI",2024-01-05,NA,NA,NA,NA,NA,NA,NA,NA,NA,NA,NA,NA,NA,NA,NA,NA,NA,NA,NA,NA
"2100",NA,NA,"WI",2024-01-06,NA,NA,NA,NA,NA,NA,NA,NA,NA,NA,NA,NA,NA,NA,NA,NA,NA,NA,NA,NA
"2101",0.57187412791167,0.145774061906073,"WV",2023-11-26,1,1,1,1,1,1,1,1,1,1,1,0,1,1,1,0,1,1,1,1
"2102",0.226084014664062,0.145633857405722,"WV",2023-11-27,1,1,1,1,1,1,1,1,1,1,1,1,1,0,1,0,1,1,1,1
"2103",NA,NA,"WV",2023-11-28,NA,NA,NA,NA,NA,NA,NA,NA,NA,NA,NA,NA,NA,NA,NA,NA,NA,NA,NA,NA
"2104",0.208593587008142,0.14572329329051,"WV",2023-11-29,1,1,1,1,1,1,1,1,1,1,1,1,1,1,1,0,1,1,0,1
"2105",1.29833902570569,0.419701331892925,"WV",2023-11-30,1,1,0,1,1,1,0,1,1,1,1,1,0,1,1,0,0,1,0,1
"2106",0.767201750986094,0.294270691960636,"WV",2023-12-01,1,1,1,0,1,1,1,1,1,1,1,1,1,1,1,1,1,1,1,1
"2107",0.455932696542221,0.311864629230389,"WV",2023-12-02,1,1,1,1,1,1,1,1,1,1,1,1,1,1,1,1,1,1,1,1
"2108",NA,NA,"WV",2023-12-03,NA,NA,NA,NA,NA,NA,NA,NA,NA,NA,NA,NA,NA,NA,NA,NA,NA,NA,NA,NA
"2109",1.413074384945,0.271897889679758,"WV",2023-12-04,1,1,1,1,1,0,1,1,1,1,1,1,0,1,1,0,1,1,0,0
"2110",1.84520848829406,0.509753684188773,"WV",2023-12-05,1,0,1,1,1,0,1,0,1,0,1,0,1,0,1,0,1,0,1,0
"2111",0.780751714800542,0.388843024072658,"WV",2023-12-06,1,1,1,1,0,1,1,1,1,1,1,1,0,1,0,0,1,1,1,1
"2112",0.862779560346595,0.306073556199293,"WV",2023-12-07,1,1,1,1,1,1,1,1,1,0,1,1,1,1,1,0,0,1,1,1
"2113",NA,NA,"WV",2023-12-08,NA,NA,NA,NA,NA,NA,NA,NA,NA,NA,NA,NA,NA,NA,NA,NA,NA,NA,NA,NA
"2114",0.67656372790414,0.487800696334742,"WV",2023-12-09,1,1,0,1,1,1,1,1,1,1,1,1,0,1,1,1,1,1,0,1
"2115",NA,NA,"WV",2023-12-10,NA,NA,NA,NA,NA,NA,NA,NA,NA,NA,NA,NA,NA,NA,NA,NA,NA,NA,NA,NA
"2116",1.16185728853597,0.561951064896493,"WV",2023-12-11,1,0,1,1,1,1,1,1,0,1,1,0,1,1,1,0,1,1,1,1
"2117",1.44834954975948,0.164159123758624,"WV",2023-12-12,1,1,1,1,1,0,1,1,1,1,1,1,0,1,1,0,1,1,1,1
"2118",0.246377456080864,0.167428030038367,"WV",2023-12-13,1,1,1,1,1,1,1,1,1,1,1,1,1,1,1,1,1,1,1,1
"2119",0.86697665223527,0.60921427958987,"WV",2023-12-14,1,0,1,1,1,1,1,1,1,1,1,0,1,1,1,1,1,1,0,1
"2120",0.263832415286019,0.175073554891225,"WV",2023-12-15,1,1,1,1,1,1,1,1,1,1,1,1,1,1,1,0,0,1,1,1
"2121",NA,NA,"WV",2023-12-16,NA,NA,NA,NA,NA,NA,NA,NA,NA,NA,NA,NA,NA,NA,NA,NA,NA,NA,NA,NA
"2122",NA,NA,"WV",2023-12-17,NA,NA,NA,NA,NA,NA,NA,NA,NA,NA,NA,NA,NA,NA,NA,NA,NA,NA,NA,NA
"2123",0.899817265640125,0.250469940163698,"WV",2023-12-18,1,1,1,1,1,0,1,1,1,1,1,1,1,1,1,0,1,1,0,1
"2124",1.20553606281527,0.195445706935878,"WV",2023-12-19,1,1,1,1,1,0,1,1,1,1,1,1,0,1,1,0,1,1,1,1
"2125",1.15589467749274,0.557982948529877,"WV",2023-12-20,1,0,0,1,1,1,1,1,1,1,1,0,1,1,1,0,1,1,1,1
"2126",NA,NA,"WV",2023-12-21,NA,NA,NA,NA,NA,NA,NA,NA,NA,NA,NA,NA,NA,NA,NA,NA,NA,NA,NA,NA
"2127",0.861980023632558,0.607121509278979,"WV",2023-12-22,1,0,1,1,1,1,1,1,1,1,1,0,1,1,1,1,1,1,0,1
"2128",NA,NA,"WV",2023-12-23,NA,NA,NA,NA,NA,NA,NA,NA,NA,NA,NA,NA,NA,NA,NA,NA,NA,NA,NA,NA
"2129",NA,NA,"WV",2023-12-24,NA,NA,NA,NA,NA,NA,NA,NA,NA,NA,NA,NA,NA,NA,NA,NA,NA,NA,NA,NA
"2130",NA,NA,"WV",2023-12-25,NA,NA,NA,NA,NA,NA,NA,NA,NA,NA,NA,NA,NA,NA,NA,NA,NA,NA,NA,NA
"2131",0.355158432360139,0.286164868874453,"WV",2023-12-26,1,1,1,1,1,1,1,1,1,1,1,1,1,1,1,0,1,0,1,1
"2132",0.895222159879138,0.627885865941092,"WV",2023-12-27,0,1,1,1,1,1,1,1,1,1,0,1,0,1,1,1,1,1,1,1
"2133",0.386366680676514,0.292104495840724,"WV",2023-12-28,1,1,1,1,1,1,1,1,1,1,1,1,1,1,1,0,1,1,0,1
"2134",NA,NA,"WV",2023-12-29,NA,NA,NA,NA,NA,NA,NA,NA,NA,NA,NA,NA,NA,NA,NA,NA,NA,NA,NA,NA
"2135",0.330980526653526,0.279480313404689,"WV",2023-12-30,1,1,1,1,1,1,1,1,1,1,1,1,1,1,1,1,1,1,1,1
"2136",1.1987167847131,0.567605597081183,"WV",2023-12-31,1,1,0,1,1,1,1,0,1,1,1,1,0,1,1,1,0,0,0,1
"2137",0.894358598601784,0.627844878256894,"WV",2024-01-01,1,0,1,1,1,1,1,1,1,1,1,0,1,1,1,1,1,1,0,1
"2138",NA,NA,"WV",2024-01-02,NA,NA,NA,NA,NA,NA,NA,NA,NA,NA,NA,NA,NA,NA,NA,NA,NA,NA,NA,NA
"2139",1.04640759919658,0.496796923637453,"WV",2024-01-03,1,1,1,1,0,1,1,1,1,1,1,1,0,1,0,0,1,1,0,1
"2140",NA,NA,"WV",2024-01-04,NA,NA,NA,NA,NA,NA,NA,NA,NA,NA,NA,NA,NA,NA,NA,NA,NA,NA,NA,NA
"2141",NA,NA,"WV",2024-01-05,NA,NA,NA,NA,NA,NA,NA,NA,NA,NA,NA,NA,NA,NA,NA,NA,NA,NA,NA,NA
"2142",NA,NA,"WV",2024-01-06,NA,NA,NA,NA,NA,NA,NA,NA,NA,NA,NA,NA,NA,NA,NA,NA,NA,NA,NA,NA
"2143",NA,NA,"WY",2023-11-26,NA,NA,NA,NA,NA,NA,NA,NA,NA,NA,NA,NA,NA,NA,NA,NA,NA,NA,NA,NA
"2144",NA,NA,"WY",2023-11-27,NA,NA,NA,NA,NA,NA,NA,NA,NA,NA,NA,NA,NA,NA,NA,NA,NA,NA,NA,NA
"2145",NA,NA,"WY",2023-11-28,NA,NA,NA,NA,NA,NA,NA,NA,NA,NA,NA,NA,NA,NA,NA,NA,NA,NA,NA,NA
"2146",NA,NA,"WY",2023-11-29,NA,NA,NA,NA,NA,NA,NA,NA,NA,NA,NA,NA,NA,NA,NA,NA,NA,NA,NA,NA
"2147",NA,NA,"WY",2023-11-30,NA,NA,NA,NA,NA,NA,NA,NA,NA,NA,NA,NA,NA,NA,NA,NA,NA,NA,NA,NA
"2148",NA,NA,"WY",2023-12-01,NA,NA,NA,NA,NA,NA,NA,NA,NA,NA,NA,NA,NA,NA,NA,NA,NA,NA,NA,NA
"2149",NA,NA,"WY",2023-12-02,NA,NA,NA,NA,NA,NA,NA,NA,NA,NA,NA,NA,NA,NA,NA,NA,NA,NA,NA,NA
"2150",NA,NA,"WY",2023-12-03,NA,NA,NA,NA,NA,NA,NA,NA,NA,NA,NA,NA,NA,NA,NA,NA,NA,NA,NA,NA
"2151",NA,NA,"WY",2023-12-04,NA,NA,NA,NA,NA,NA,NA,NA,NA,NA,NA,NA,NA,NA,NA,NA,NA,NA,NA,NA
"2152",NA,NA,"WY",2023-12-05,NA,NA,NA,NA,NA,NA,NA,NA,NA,NA,NA,NA,NA,NA,NA,NA,NA,NA,NA,NA
"2153",NA,NA,"WY",2023-12-06,NA,NA,NA,NA,NA,NA,NA,NA,NA,NA,NA,NA,NA,NA,NA,NA,NA,NA,NA,NA
"2154",NA,NA,"WY",2023-12-07,NA,NA,NA,NA,NA,NA,NA,NA,NA,NA,NA,NA,NA,NA,NA,NA,NA,NA,NA,NA
"2155",NA,NA,"WY",2023-12-08,NA,NA,NA,NA,NA,NA,NA,NA,NA,NA,NA,NA,NA,NA,NA,NA,NA,NA,NA,NA
"2156",NA,NA,"WY",2023-12-09,NA,NA,NA,NA,NA,NA,NA,NA,NA,NA,NA,NA,NA,NA,NA,NA,NA,NA,NA,NA
"2157",NA,NA,"WY",2023-12-10,NA,NA,NA,NA,NA,NA,NA,NA,NA,NA,NA,NA,NA,NA,NA,NA,NA,NA,NA,NA
"2158",NA,NA,"WY",2023-12-11,NA,NA,NA,NA,NA,NA,NA,NA,NA,NA,NA,NA,NA,NA,NA,NA,NA,NA,NA,NA
"2159",NA,NA,"WY",2023-12-12,NA,NA,NA,NA,NA,NA,NA,NA,NA,NA,NA,NA,NA,NA,NA,NA,NA,NA,NA,NA
"2160",NA,NA,"WY",2023-12-13,NA,NA,NA,NA,NA,NA,NA,NA,NA,NA,NA,NA,NA,NA,NA,NA,NA,NA,NA,NA
"2161",NA,NA,"WY",2023-12-14,NA,NA,NA,NA,NA,NA,NA,NA,NA,NA,NA,NA,NA,NA,NA,NA,NA,NA,NA,NA
"2162",NA,NA,"WY",2023-12-15,NA,NA,NA,NA,NA,NA,NA,NA,NA,NA,NA,NA,NA,NA,NA,NA,NA,NA,NA,NA
"2163",NA,NA,"WY",2023-12-16,NA,NA,NA,NA,NA,NA,NA,NA,NA,NA,NA,NA,NA,NA,NA,NA,NA,NA,NA,NA
"2164",NA,NA,"WY",2023-12-17,NA,NA,NA,NA,NA,NA,NA,NA,NA,NA,NA,NA,NA,NA,NA,NA,NA,NA,NA,NA
"2165",NA,NA,"WY",2023-12-18,NA,NA,NA,NA,NA,NA,NA,NA,NA,NA,NA,NA,NA,NA,NA,NA,NA,NA,NA,NA
"2166",NA,NA,"WY",2023-12-19,NA,NA,NA,NA,NA,NA,NA,NA,NA,NA,NA,NA,NA,NA,NA,NA,NA,NA,NA,NA
"2167",NA,NA,"WY",2023-12-20,NA,NA,NA,NA,NA,NA,NA,NA,NA,NA,NA,NA,NA,NA,NA,NA,NA,NA,NA,NA
"2168",NA,NA,"WY",2023-12-21,NA,NA,NA,NA,NA,NA,NA,NA,NA,NA,NA,NA,NA,NA,NA,NA,NA,NA,NA,NA
"2169",NA,NA,"WY",2023-12-22,NA,NA,NA,NA,NA,NA,NA,NA,NA,NA,NA,NA,NA,NA,NA,NA,NA,NA,NA,NA
"2170",NA,NA,"WY",2023-12-23,NA,NA,NA,NA,NA,NA,NA,NA,NA,NA,NA,NA,NA,NA,NA,NA,NA,NA,NA,NA
"2171",NA,NA,"WY",2023-12-24,NA,NA,NA,NA,NA,NA,NA,NA,NA,NA,NA,NA,NA,NA,NA,NA,NA,NA,NA,NA
"2172",NA,NA,"WY",2023-12-25,NA,NA,NA,NA,NA,NA,NA,NA,NA,NA,NA,NA,NA,NA,NA,NA,NA,NA,NA,NA
"2173",NA,NA,"WY",2023-12-26,NA,NA,NA,NA,NA,NA,NA,NA,NA,NA,NA,NA,NA,NA,NA,NA,NA,NA,NA,NA
"2174",NA,NA,"WY",2023-12-27,NA,NA,NA,NA,NA,NA,NA,NA,NA,NA,NA,NA,NA,NA,NA,NA,NA,NA,NA,NA
"2175",NA,NA,"WY",2023-12-28,NA,NA,NA,NA,NA,NA,NA,NA,NA,NA,NA,NA,NA,NA,NA,NA,NA,NA,NA,NA
"2176",NA,NA,"WY",2023-12-29,NA,NA,NA,NA,NA,NA,NA,NA,NA,NA,NA,NA,NA,NA,NA,NA,NA,NA,NA,NA
"2177",NA,NA,"WY",2023-12-30,NA,NA,NA,NA,NA,NA,NA,NA,NA,NA,NA,NA,NA,NA,NA,NA,NA,NA,NA,NA
"2178",NA,NA,"WY",2023-12-31,NA,NA,NA,NA,NA,NA,NA,NA,NA,NA,NA,NA,NA,NA,NA,NA,NA,NA,NA,NA
"2179",NA,NA,"WY",2024-01-01,NA,NA,NA,NA,NA,NA,NA,NA,NA,NA,NA,NA,NA,NA,NA,NA,NA,NA,NA,NA
"2180",NA,NA,"WY",2024-01-02,NA,NA,NA,NA,NA,NA,NA,NA,NA,NA,NA,NA,NA,NA,NA,NA,NA,NA,NA,NA
"2181",0.863048433651685,0.574297255116907,"WY",2024-01-03,1,1,1,1,1,0,1,1,1,1,1,1,1,1,1,0,0,1,1,1
"2182",NA,NA,"WY",2024-01-04,NA,NA,NA,NA,NA,NA,NA,NA,NA,NA,NA,NA,NA,NA,NA,NA,NA,NA,NA,NA
"2183",NA,NA,"WY",2024-01-05,NA,NA,NA,NA,NA,NA,NA,NA,NA,NA,NA,NA,NA,NA,NA,NA,NA,NA,NA,NA
"2184",NA,NA,"WY",2024-01-06,NA,NA,NA,NA,NA,NA,NA,NA,NA,NA,NA,NA,NA,NA,NA,NA,NA,NA,NA,NA
