"","es_score","brier_score","location","target_date","X22E_50_CI","X22F_50_CI","X23A_50_CI","X23B_50_CI","X23D_50_CI","X23E_50_CI","X23F_50_CI","other_50_CI","X22E_95_CI","X22F_95_CI","X23A_95_CI","X23B_95_CI","X23D_95_CI","X23E_95_CI","X23F_95_CI","other_95_CI"
"1",NA,NA,"AK",2023-05-14,NA,NA,NA,NA,NA,NA,NA,NA,NA,NA,NA,NA,NA,NA,NA,NA
"2",NA,NA,"AK",2023-05-15,NA,NA,NA,NA,NA,NA,NA,NA,NA,NA,NA,NA,NA,NA,NA,NA
"3",NA,NA,"AK",2023-05-16,NA,NA,NA,NA,NA,NA,NA,NA,NA,NA,NA,NA,NA,NA,NA,NA
"4",NA,NA,"AK",2023-05-17,NA,NA,NA,NA,NA,NA,NA,NA,NA,NA,NA,NA,NA,NA,NA,NA
"5",NA,NA,"AK",2023-05-18,NA,NA,NA,NA,NA,NA,NA,NA,NA,NA,NA,NA,NA,NA,NA,NA
"6",NA,NA,"AK",2023-05-19,NA,NA,NA,NA,NA,NA,NA,NA,NA,NA,NA,NA,NA,NA,NA,NA
"7",NA,NA,"AK",2023-05-20,NA,NA,NA,NA,NA,NA,NA,NA,NA,NA,NA,NA,NA,NA,NA,NA
"8",NA,NA,"AK",2023-05-21,NA,NA,NA,NA,NA,NA,NA,NA,NA,NA,NA,NA,NA,NA,NA,NA
"9",NA,NA,"AK",2023-05-22,NA,NA,NA,NA,NA,NA,NA,NA,NA,NA,NA,NA,NA,NA,NA,NA
"10",NA,NA,"AK",2023-05-23,NA,NA,NA,NA,NA,NA,NA,NA,NA,NA,NA,NA,NA,NA,NA,NA
"11",NA,NA,"AK",2023-05-24,NA,NA,NA,NA,NA,NA,NA,NA,NA,NA,NA,NA,NA,NA,NA,NA
"12",NA,NA,"AK",2023-05-25,NA,NA,NA,NA,NA,NA,NA,NA,NA,NA,NA,NA,NA,NA,NA,NA
"13",NA,NA,"AK",2023-05-26,NA,NA,NA,NA,NA,NA,NA,NA,NA,NA,NA,NA,NA,NA,NA,NA
"14",NA,NA,"AK",2023-05-27,NA,NA,NA,NA,NA,NA,NA,NA,NA,NA,NA,NA,NA,NA,NA,NA
"15",NA,NA,"AK",2023-05-28,NA,NA,NA,NA,NA,NA,NA,NA,NA,NA,NA,NA,NA,NA,NA,NA
"16",NA,NA,"AK",2023-05-29,NA,NA,NA,NA,NA,NA,NA,NA,NA,NA,NA,NA,NA,NA,NA,NA
"17",NA,NA,"AK",2023-05-30,NA,NA,NA,NA,NA,NA,NA,NA,NA,NA,NA,NA,NA,NA,NA,NA
"18",NA,NA,"AK",2023-05-31,NA,NA,NA,NA,NA,NA,NA,NA,NA,NA,NA,NA,NA,NA,NA,NA
"19",NA,NA,"AK",2023-06-01,NA,NA,NA,NA,NA,NA,NA,NA,NA,NA,NA,NA,NA,NA,NA,NA
"20",NA,NA,"AK",2023-06-02,NA,NA,NA,NA,NA,NA,NA,NA,NA,NA,NA,NA,NA,NA,NA,NA
"21",NA,NA,"AK",2023-06-03,NA,NA,NA,NA,NA,NA,NA,NA,NA,NA,NA,NA,NA,NA,NA,NA
"22",NA,NA,"AK",2023-06-04,NA,NA,NA,NA,NA,NA,NA,NA,NA,NA,NA,NA,NA,NA,NA,NA
"23",NA,NA,"AK",2023-06-05,NA,NA,NA,NA,NA,NA,NA,NA,NA,NA,NA,NA,NA,NA,NA,NA
"24",1.90732980741293,0.649870534930742,"AK",2023-06-06,1,1,0,0,1,1,1,1,1,1,0,0,0,1,1,1
"25",NA,NA,"AK",2023-06-07,NA,NA,NA,NA,NA,NA,NA,NA,NA,NA,NA,NA,NA,NA,NA,NA
"26",0.936541774959814,0.634930783925759,"AK",2023-06-08,1,1,1,0,1,1,1,1,1,1,1,1,1,1,1,1
"27",NA,NA,"AK",2023-06-09,NA,NA,NA,NA,NA,NA,NA,NA,NA,NA,NA,NA,NA,NA,NA,NA
"28",NA,NA,"AK",2023-06-10,NA,NA,NA,NA,NA,NA,NA,NA,NA,NA,NA,NA,NA,NA,NA,NA
"29",NA,NA,"AK",2023-06-11,NA,NA,NA,NA,NA,NA,NA,NA,NA,NA,NA,NA,NA,NA,NA,NA
"30",NA,NA,"AK",2023-06-12,NA,NA,NA,NA,NA,NA,NA,NA,NA,NA,NA,NA,NA,NA,NA,NA
"31",NA,NA,"AK",2023-06-13,NA,NA,NA,NA,NA,NA,NA,NA,NA,NA,NA,NA,NA,NA,NA,NA
"32",NA,NA,"AK",2023-06-14,NA,NA,NA,NA,NA,NA,NA,NA,NA,NA,NA,NA,NA,NA,NA,NA
"33",NA,NA,"AK",2023-06-15,NA,NA,NA,NA,NA,NA,NA,NA,NA,NA,NA,NA,NA,NA,NA,NA
"34",NA,NA,"AK",2023-06-16,NA,NA,NA,NA,NA,NA,NA,NA,NA,NA,NA,NA,NA,NA,NA,NA
"35",NA,NA,"AK",2023-06-17,NA,NA,NA,NA,NA,NA,NA,NA,NA,NA,NA,NA,NA,NA,NA,NA
"36",NA,NA,"AK",2023-06-18,NA,NA,NA,NA,NA,NA,NA,NA,NA,NA,NA,NA,NA,NA,NA,NA
"37",1.05543569907455,0.723203996460239,"AK",2023-06-19,0,1,1,1,1,1,1,1,0,1,0,1,1,1,1,1
"38",NA,NA,"AK",2023-06-20,NA,NA,NA,NA,NA,NA,NA,NA,NA,NA,NA,NA,NA,NA,NA,NA
"39",1.04598571191518,0.716697822234089,"AK",2023-06-21,0,1,1,1,1,1,1,1,0,1,0,1,1,1,1,1
"40",NA,NA,"AK",2023-06-22,NA,NA,NA,NA,NA,NA,NA,NA,NA,NA,NA,NA,NA,NA,NA,NA
"41",NA,NA,"AK",2023-06-23,NA,NA,NA,NA,NA,NA,NA,NA,NA,NA,NA,NA,NA,NA,NA,NA
"42",NA,NA,"AK",2023-06-24,NA,NA,NA,NA,NA,NA,NA,NA,NA,NA,NA,NA,NA,NA,NA,NA
"43",NA,NA,"AL",2023-05-14,NA,NA,NA,NA,NA,NA,NA,NA,NA,NA,NA,NA,NA,NA,NA,NA
"44",NA,NA,"AL",2023-05-15,NA,NA,NA,NA,NA,NA,NA,NA,NA,NA,NA,NA,NA,NA,NA,NA
"45",NA,NA,"AL",2023-05-16,NA,NA,NA,NA,NA,NA,NA,NA,NA,NA,NA,NA,NA,NA,NA,NA
"46",NA,NA,"AL",2023-05-17,NA,NA,NA,NA,NA,NA,NA,NA,NA,NA,NA,NA,NA,NA,NA,NA
"47",NA,NA,"AL",2023-05-18,NA,NA,NA,NA,NA,NA,NA,NA,NA,NA,NA,NA,NA,NA,NA,NA
"48",0.519573086017306,0.320558629700524,"AL",2023-05-19,1,1,1,1,1,1,1,1,1,1,0,0,1,1,1,1
"49",NA,NA,"AL",2023-05-20,NA,NA,NA,NA,NA,NA,NA,NA,NA,NA,NA,NA,NA,NA,NA,NA
"50",NA,NA,"AL",2023-05-21,NA,NA,NA,NA,NA,NA,NA,NA,NA,NA,NA,NA,NA,NA,NA,NA
"51",NA,NA,"AL",2023-05-22,NA,NA,NA,NA,NA,NA,NA,NA,NA,NA,NA,NA,NA,NA,NA,NA
"52",0.211321760546712,0.175735166078425,"AL",2023-05-23,1,1,1,1,1,1,1,1,1,1,0,1,1,1,1,0
"53",NA,NA,"AL",2023-05-24,NA,NA,NA,NA,NA,NA,NA,NA,NA,NA,NA,NA,NA,NA,NA,NA
"54",NA,NA,"AL",2023-05-25,NA,NA,NA,NA,NA,NA,NA,NA,NA,NA,NA,NA,NA,NA,NA,NA
"55",NA,NA,"AL",2023-05-26,NA,NA,NA,NA,NA,NA,NA,NA,NA,NA,NA,NA,NA,NA,NA,NA
"56",NA,NA,"AL",2023-05-27,NA,NA,NA,NA,NA,NA,NA,NA,NA,NA,NA,NA,NA,NA,NA,NA
"57",NA,NA,"AL",2023-05-28,NA,NA,NA,NA,NA,NA,NA,NA,NA,NA,NA,NA,NA,NA,NA,NA
"58",NA,NA,"AL",2023-05-29,NA,NA,NA,NA,NA,NA,NA,NA,NA,NA,NA,NA,NA,NA,NA,NA
"59",NA,NA,"AL",2023-05-30,NA,NA,NA,NA,NA,NA,NA,NA,NA,NA,NA,NA,NA,NA,NA,NA
"60",0.708053102026499,0.24296162474076,"AL",2023-05-31,1,1,0,1,1,1,1,1,1,1,0,1,0,1,1,1
"61",NA,NA,"AL",2023-06-01,NA,NA,NA,NA,NA,NA,NA,NA,NA,NA,NA,NA,NA,NA,NA,NA
"62",NA,NA,"AL",2023-06-02,NA,NA,NA,NA,NA,NA,NA,NA,NA,NA,NA,NA,NA,NA,NA,NA
"63",NA,NA,"AL",2023-06-03,NA,NA,NA,NA,NA,NA,NA,NA,NA,NA,NA,NA,NA,NA,NA,NA
"64",NA,NA,"AL",2023-06-04,NA,NA,NA,NA,NA,NA,NA,NA,NA,NA,NA,NA,NA,NA,NA,NA
"65",NA,NA,"AL",2023-06-05,NA,NA,NA,NA,NA,NA,NA,NA,NA,NA,NA,NA,NA,NA,NA,NA
"66",NA,NA,"AL",2023-06-06,NA,NA,NA,NA,NA,NA,NA,NA,NA,NA,NA,NA,NA,NA,NA,NA
"67",0.46980419188757,0.312359930476302,"AL",2023-06-07,1,1,1,1,1,1,1,1,1,1,1,1,1,1,1,1
"68",0.398831417570336,0.318727203085381,"AL",2023-06-08,1,1,1,1,1,1,1,1,1,1,0,1,1,1,1,0
"69",NA,NA,"AL",2023-06-09,NA,NA,NA,NA,NA,NA,NA,NA,NA,NA,NA,NA,NA,NA,NA,NA
"70",NA,NA,"AL",2023-06-10,NA,NA,NA,NA,NA,NA,NA,NA,NA,NA,NA,NA,NA,NA,NA,NA
"71",NA,NA,"AL",2023-06-11,NA,NA,NA,NA,NA,NA,NA,NA,NA,NA,NA,NA,NA,NA,NA,NA
"72",NA,NA,"AL",2023-06-12,NA,NA,NA,NA,NA,NA,NA,NA,NA,NA,NA,NA,NA,NA,NA,NA
"73",NA,NA,"AL",2023-06-13,NA,NA,NA,NA,NA,NA,NA,NA,NA,NA,NA,NA,NA,NA,NA,NA
"74",NA,NA,"AL",2023-06-14,NA,NA,NA,NA,NA,NA,NA,NA,NA,NA,NA,NA,NA,NA,NA,NA
"75",NA,NA,"AL",2023-06-15,NA,NA,NA,NA,NA,NA,NA,NA,NA,NA,NA,NA,NA,NA,NA,NA
"76",NA,NA,"AL",2023-06-16,NA,NA,NA,NA,NA,NA,NA,NA,NA,NA,NA,NA,NA,NA,NA,NA
"77",NA,NA,"AL",2023-06-17,NA,NA,NA,NA,NA,NA,NA,NA,NA,NA,NA,NA,NA,NA,NA,NA
"78",NA,NA,"AL",2023-06-18,NA,NA,NA,NA,NA,NA,NA,NA,NA,NA,NA,NA,NA,NA,NA,NA
"79",NA,NA,"AL",2023-06-19,NA,NA,NA,NA,NA,NA,NA,NA,NA,NA,NA,NA,NA,NA,NA,NA
"80",NA,NA,"AL",2023-06-20,NA,NA,NA,NA,NA,NA,NA,NA,NA,NA,NA,NA,NA,NA,NA,NA
"81",0.563127169075821,0.441278598418529,"AL",2023-06-21,1,1,0,1,1,1,1,1,1,1,0,0,1,1,1,1
"82",NA,NA,"AL",2023-06-22,NA,NA,NA,NA,NA,NA,NA,NA,NA,NA,NA,NA,NA,NA,NA,NA
"83",NA,NA,"AL",2023-06-23,NA,NA,NA,NA,NA,NA,NA,NA,NA,NA,NA,NA,NA,NA,NA,NA
"84",NA,NA,"AL",2023-06-24,NA,NA,NA,NA,NA,NA,NA,NA,NA,NA,NA,NA,NA,NA,NA,NA
"85",NA,NA,"AR",2023-05-14,NA,NA,NA,NA,NA,NA,NA,NA,NA,NA,NA,NA,NA,NA,NA,NA
"86",NA,NA,"AR",2023-05-15,NA,NA,NA,NA,NA,NA,NA,NA,NA,NA,NA,NA,NA,NA,NA,NA
"87",NA,NA,"AR",2023-05-16,NA,NA,NA,NA,NA,NA,NA,NA,NA,NA,NA,NA,NA,NA,NA,NA
"88",NA,NA,"AR",2023-05-17,NA,NA,NA,NA,NA,NA,NA,NA,NA,NA,NA,NA,NA,NA,NA,NA
"89",NA,NA,"AR",2023-05-18,NA,NA,NA,NA,NA,NA,NA,NA,NA,NA,NA,NA,NA,NA,NA,NA
"90",NA,NA,"AR",2023-05-19,NA,NA,NA,NA,NA,NA,NA,NA,NA,NA,NA,NA,NA,NA,NA,NA
"91",NA,NA,"AR",2023-05-20,NA,NA,NA,NA,NA,NA,NA,NA,NA,NA,NA,NA,NA,NA,NA,NA
"92",NA,NA,"AR",2023-05-21,NA,NA,NA,NA,NA,NA,NA,NA,NA,NA,NA,NA,NA,NA,NA,NA
"93",NA,NA,"AR",2023-05-22,NA,NA,NA,NA,NA,NA,NA,NA,NA,NA,NA,NA,NA,NA,NA,NA
"94",0.29717778041847,0.0329069623588506,"AR",2023-05-23,1,1,1,1,1,1,1,1,1,1,1,1,1,1,1,1
"95",NA,NA,"AR",2023-05-24,NA,NA,NA,NA,NA,NA,NA,NA,NA,NA,NA,NA,NA,NA,NA,NA
"96",NA,NA,"AR",2023-05-25,NA,NA,NA,NA,NA,NA,NA,NA,NA,NA,NA,NA,NA,NA,NA,NA
"97",0.0594983262211159,0.0390395732680726,"AR",2023-05-26,1,1,1,1,1,1,1,1,1,1,1,1,1,1,1,1
"98",NA,NA,"AR",2023-05-27,NA,NA,NA,NA,NA,NA,NA,NA,NA,NA,NA,NA,NA,NA,NA,NA
"99",NA,NA,"AR",2023-05-28,NA,NA,NA,NA,NA,NA,NA,NA,NA,NA,NA,NA,NA,NA,NA,NA
"100",0.897805037123841,0.664277963975922,"AR",2023-05-29,1,1,1,0,1,1,1,1,1,1,0,0,1,1,1,1
"101",0.875524979258329,0.655211154607164,"AR",2023-05-30,1,1,1,0,1,1,1,1,1,1,0,0,1,1,1,1
"102",0.0766342812340142,0.0517385597340466,"AR",2023-05-31,1,1,1,1,1,1,1,1,1,1,0,1,0,1,1,1
"103",NA,NA,"AR",2023-06-01,NA,NA,NA,NA,NA,NA,NA,NA,NA,NA,NA,NA,NA,NA,NA,NA
"104",NA,NA,"AR",2023-06-02,NA,NA,NA,NA,NA,NA,NA,NA,NA,NA,NA,NA,NA,NA,NA,NA
"105",NA,NA,"AR",2023-06-03,NA,NA,NA,NA,NA,NA,NA,NA,NA,NA,NA,NA,NA,NA,NA,NA
"106",NA,NA,"AR",2023-06-04,NA,NA,NA,NA,NA,NA,NA,NA,NA,NA,NA,NA,NA,NA,NA,NA
"107",NA,NA,"AR",2023-06-05,NA,NA,NA,NA,NA,NA,NA,NA,NA,NA,NA,NA,NA,NA,NA,NA
"108",NA,NA,"AR",2023-06-06,NA,NA,NA,NA,NA,NA,NA,NA,NA,NA,NA,NA,NA,NA,NA,NA
"109",0.105590105918354,0.0757614316869294,"AR",2023-06-07,1,1,1,1,1,1,1,1,1,1,1,1,1,1,1,1
"110",0.11233591875019,0.0798682905518052,"AR",2023-06-08,1,1,1,1,1,1,1,1,1,1,1,1,1,1,1,1
"111",0.121868411121679,0.084155879933674,"AR",2023-06-09,1,1,1,1,1,1,1,1,1,1,0,1,0,1,1,1
"112",NA,NA,"AR",2023-06-10,NA,NA,NA,NA,NA,NA,NA,NA,NA,NA,NA,NA,NA,NA,NA,NA
"113",NA,NA,"AR",2023-06-11,NA,NA,NA,NA,NA,NA,NA,NA,NA,NA,NA,NA,NA,NA,NA,NA
"114",0.384701625670909,0.0981339208935625,"AR",2023-06-12,1,1,1,1,1,1,1,1,1,1,0,1,0,1,1,1
"115",0.682308404821531,0.516854721140018,"AR",2023-06-13,1,1,1,0,1,1,1,1,1,1,0,0,1,1,1,1
"116",0.692231517124102,0.506568998748238,"AR",2023-06-14,1,1,1,0,1,1,1,1,1,1,1,0,1,0,1,1
"117",NA,NA,"AR",2023-06-15,NA,NA,NA,NA,NA,NA,NA,NA,NA,NA,NA,NA,NA,NA,NA,NA
"118",0.647443175606923,0.486043211340861,"AR",2023-06-16,1,1,1,0,1,1,1,1,1,1,0,0,1,1,1,1
"119",NA,NA,"AR",2023-06-17,NA,NA,NA,NA,NA,NA,NA,NA,NA,NA,NA,NA,NA,NA,NA,NA
"120",NA,NA,"AR",2023-06-18,NA,NA,NA,NA,NA,NA,NA,NA,NA,NA,NA,NA,NA,NA,NA,NA
"121",0.199678738286973,0.137483889842859,"AR",2023-06-19,1,1,1,1,1,1,1,1,1,1,1,1,1,1,1,1
"122",NA,NA,"AR",2023-06-20,NA,NA,NA,NA,NA,NA,NA,NA,NA,NA,NA,NA,NA,NA,NA,NA
"123",NA,NA,"AR",2023-06-21,NA,NA,NA,NA,NA,NA,NA,NA,NA,NA,NA,NA,NA,NA,NA,NA
"124",0.219469836840874,0.157230069097069,"AR",2023-06-22,1,1,1,1,1,1,1,1,1,1,1,1,1,1,1,1
"125",0.223903396360581,0.164180469572676,"AR",2023-06-23,1,1,1,1,1,1,1,1,1,1,0,1,0,1,1,1
"126",NA,NA,"AR",2023-06-24,NA,NA,NA,NA,NA,NA,NA,NA,NA,NA,NA,NA,NA,NA,NA,NA
"127",1.61998228984895,0.390641539783559,"AZ",2023-05-14,1,1,0,0,1,1,1,1,1,1,0,0,1,1,1,1
"128",2.00604592546902,0.211121453141698,"AZ",2023-05-15,1,1,1,1,1,1,1,0,1,0,0,0,0,0,1,0
"129",1.39889892562999,0.193810732204342,"AZ",2023-05-16,0,1,1,1,1,1,1,1,0,1,0,0,0,0,1,1
"130",0.982276568027054,0.179234362336956,"AZ",2023-05-17,1,1,1,1,1,1,1,1,1,1,0,0,0,1,1,1
"131",1.32433949694423,0.268566930236583,"AZ",2023-05-18,1,1,1,0,1,1,1,1,1,1,0,0,0,0,1,1
"132",0.911742564333959,0.649441775483481,"AZ",2023-05-19,1,1,1,1,0,1,1,1,1,1,0,1,0,1,1,1
"133",1.84594666199034,0.641479160704529,"AZ",2023-05-20,1,1,0,1,0,1,1,1,1,1,0,1,0,1,1,1
"134",1.11315851532407,0.196169078696183,"AZ",2023-05-21,1,1,1,1,1,1,0,1,1,1,0,1,0,1,0,1
"135",1.31545011604891,0.203471201729086,"AZ",2023-05-22,1,1,1,1,1,1,1,1,1,1,1,0,0,0,1,1
"136",1.15944499640109,0.172329114638626,"AZ",2023-05-23,1,0,1,1,1,1,1,1,1,0,0,1,0,0,1,1
"137",1.24670388370972,0.275839382011297,"AZ",2023-05-24,1,0,1,1,1,1,1,1,1,1,0,0,0,1,1,1
"138",0.489911034247842,0.0645461253487594,"AZ",2023-05-25,1,1,1,1,1,1,1,1,1,1,0,1,0,1,1,1
"139",0.921592914203479,0.277768075558028,"AZ",2023-05-26,1,1,1,1,0,1,1,1,1,1,0,0,1,0,1,1
"140",0.540041853475591,0.0718020518136262,"AZ",2023-05-27,1,1,1,1,1,1,1,1,1,1,0,1,1,0,1,1
"141",2.10534757940024,0.297879553173905,"AZ",2023-05-28,1,0,1,0,1,1,1,1,1,0,0,0,0,1,1,1
"142",1.56125148628491,0.299985512603497,"AZ",2023-05-29,0,0,1,1,1,1,1,1,0,0,1,0,0,0,1,1
"143",1.75668013776361,0.356249873939969,"AZ",2023-05-30,1,1,0,1,1,0,1,1,1,1,0,0,0,0,1,1
"144",1.71523688470449,0.22770367329479,"AZ",2023-05-31,0,1,1,1,0,1,0,1,0,1,0,1,0,1,0,1
"145",2.11183920312322,0.429994590636655,"AZ",2023-06-01,1,1,0,1,0,1,1,1,1,1,0,1,0,1,1,1
"146",0.803204382990586,0.293983766188594,"AZ",2023-06-02,1,1,1,1,1,0,1,1,1,1,0,1,0,1,1,1
"147",0.868180120910602,0.223727944674015,"AZ",2023-06-03,1,1,1,1,1,1,1,1,1,0,1,0,0,1,1,1
"148",0.843194321041248,0.201316725106113,"AZ",2023-06-04,1,1,1,1,1,1,1,1,1,0,0,0,1,1,1,1
"149",0.633592560119075,0.234630668257577,"AZ",2023-06-05,1,1,1,1,1,1,1,1,1,1,1,0,0,1,1,1
"150",1.26111814078352,0.381381079765597,"AZ",2023-06-06,1,1,1,1,1,0,1,1,1,1,0,1,0,0,1,1
"151",1.04323086677146,0.283859775326482,"AZ",2023-06-07,1,1,1,1,1,1,0,1,1,1,1,1,0,1,0,1
"152",1.49250344407428,0.362996786577538,"AZ",2023-06-08,1,1,1,1,0,1,0,1,1,1,0,0,0,0,1,1
"153",1.2145887154036,0.392739240282143,"AZ",2023-06-09,1,0,1,1,1,0,1,1,1,0,0,0,0,1,1,1
"154",1.02594735477349,0.431933280019193,"AZ",2023-06-10,1,1,1,1,1,1,1,0,1,1,1,0,1,1,1,0
"155",1.14916786039462,0.234465711398897,"AZ",2023-06-11,1,1,0,1,1,1,1,1,1,1,0,1,0,0,1,1
"156",1.2848333260798,0.348214918052126,"AZ",2023-06-12,1,0,1,1,1,1,1,1,1,0,0,0,0,0,1,1
"157",2.44375285007096,0.450389207767206,"AZ",2023-06-13,1,0,0,1,1,1,1,1,1,0,0,0,0,0,0,1
"158",2.2388805133434,0.296535671698865,"AZ",2023-06-14,1,1,1,0,0,1,1,1,1,1,0,0,0,1,1,1
"159",1.37345852858641,0.641703542002789,"AZ",2023-06-15,0,1,1,1,1,0,1,1,0,1,1,0,1,0,1,1
"160",1.04392514300174,0.261199189292735,"AZ",2023-06-16,1,1,0,1,1,1,1,1,1,1,1,1,1,1,1,1
"161",0.526654732700504,0.326574788387463,"AZ",2023-06-17,1,1,1,1,1,1,1,1,1,1,0,0,1,1,1,1
"162",6.43299763065234,0.436158019478184,"AZ",2023-06-18,1,0,0,0,0,1,1,1,1,0,0,0,0,1,0,1
"163",4.25387104599103,0.409071317639391,"AZ",2023-06-19,0,0,0,1,1,1,1,0,0,0,0,0,0,0,1,0
"164",3.49147692782248,0.454076841431927,"AZ",2023-06-20,1,0,0,0,1,0,1,1,1,0,0,0,0,0,1,1
"165",2.11221276234845,0.37342196662689,"AZ",2023-06-21,1,1,1,1,1,0,1,1,1,1,0,0,0,0,0,1
"166",2.11019908278847,0.414020360887025,"AZ",2023-06-22,1,0,1,1,0,1,0,0,1,0,0,0,0,0,0,0
"167",0.313617908620641,0.242292681948872,"AZ",2023-06-23,1,1,1,1,1,1,1,1,1,1,1,1,1,1,1,1
"168",1.21882949610328,0.413616128591263,"AZ",2023-06-24,1,1,1,0,1,0,1,1,1,1,0,1,1,0,1,1
"169",4.8870207208796,0.540647917634025,"CA",2023-05-14,1,1,0,1,0,0,1,0,1,1,0,0,0,0,1,0
"170",4.573409867629,0.350978958525428,"CA",2023-05-15,1,1,0,0,1,1,1,1,1,1,0,0,0,0,1,1
"171",1.49988316251188,0.235750153139397,"CA",2023-05-16,1,1,1,1,1,1,1,1,1,1,0,0,0,0,1,0
"172",1.78748667478723,0.318651924479991,"CA",2023-05-17,0,1,1,1,1,1,1,1,0,0,0,0,0,1,1,0
"173",1.50777449105063,0.321484880102148,"CA",2023-05-18,1,1,1,1,1,1,1,1,1,0,0,0,0,0,1,1
"174",2.12308787655721,0.242624925713087,"CA",2023-05-19,1,0,0,0,1,1,1,1,1,1,0,0,0,1,1,1
"175",1.1006145356509,0.117190026850367,"CA",2023-05-20,1,1,0,1,1,1,1,1,1,1,0,1,0,1,1,1
"176",1.0398890351583,0.439731963724654,"CA",2023-05-21,1,0,1,1,1,1,1,1,1,0,1,0,1,1,1,1
"177",1.52579082445039,0.288047641190457,"CA",2023-05-22,1,1,1,1,1,1,1,0,1,1,0,0,0,0,1,1
"178",1.33370020121073,0.282571490240831,"CA",2023-05-23,1,1,1,1,1,1,1,1,1,1,0,1,0,1,1,1
"179",1.51957000133376,0.278127755643123,"CA",2023-05-24,1,1,1,1,0,1,1,0,1,1,0,0,0,1,1,1
"180",2.46947528602768,0.282423714235159,"CA",2023-05-25,1,0,0,0,1,1,0,1,1,0,0,0,1,0,0,1
"181",1.94744708152738,0.32942784083558,"CA",2023-05-26,1,0,1,1,1,1,1,0,1,0,0,0,0,0,1,0
"182",1.05493893525277,0.309210320451371,"CA",2023-05-27,1,1,1,1,1,1,1,1,1,1,1,0,0,0,1,1
"183",1.45499878385989,0.408890771377845,"CA",2023-05-28,1,0,0,1,1,1,1,1,1,0,0,0,0,0,1,1
"184",1.75977424887745,0.470913615745908,"CA",2023-05-29,1,0,0,1,1,1,1,1,1,0,1,0,0,0,1,1
"185",2.49366629245273,0.295625914670612,"CA",2023-05-30,1,0,0,1,1,1,1,1,1,0,0,0,0,0,1,1
"186",2.10298020957039,0.325408687521651,"CA",2023-05-31,1,0,1,1,1,0,1,0,1,0,1,0,1,1,1,0
"187",2.41127084797979,0.324072568298401,"CA",2023-06-01,1,0,1,1,0,1,1,1,1,0,1,0,1,0,1,1
"188",1.42632510704875,0.371174744593772,"CA",2023-06-02,1,1,1,1,1,0,0,1,1,1,1,0,0,0,0,1
"189",1.56298782701487,0.310018861369028,"CA",2023-06-03,1,0,1,1,0,1,1,1,1,0,0,1,0,0,1,1
"190",2.1709230874977,0.426033255206289,"CA",2023-06-04,1,1,0,1,1,0,1,1,1,1,1,0,1,0,0,1
"191",1.8823610412426,0.311755484989576,"CA",2023-06-05,1,1,0,0,1,1,1,1,1,1,0,0,0,1,1,0
"192",2.24192339329463,0.412616783308404,"CA",2023-06-06,1,1,1,0,1,0,0,1,1,1,0,1,0,0,0,1
"193",1.76971967990682,0.391544982504803,"CA",2023-06-07,1,0,1,1,1,1,1,0,1,1,0,0,0,1,0,0
"194",1.09993184906703,0.361363059049045,"CA",2023-06-08,1,1,1,1,1,1,1,1,1,1,1,0,0,1,1,1
"195",3.44817820270839,0.46941331852747,"CA",2023-06-09,1,0,0,1,1,1,1,0,1,0,0,0,1,0,0,0
"196",1.25439078807769,0.595940137422526,"CA",2023-06-10,1,1,1,1,1,0,1,0,1,1,0,0,1,0,1,0
"197",0.896574785630527,0.354137681592289,"CA",2023-06-11,1,1,1,1,0,1,1,1,1,1,0,0,0,1,1,1
"198",1.81105699141511,0.379052219452676,"CA",2023-06-12,1,0,1,1,1,1,1,0,1,0,1,1,0,0,1,0
"199",2.22072262866544,0.341141677366144,"CA",2023-06-13,1,1,0,1,1,1,1,1,1,1,0,0,0,1,1,1
"200",3.47584714111729,0.41183516257005,"CA",2023-06-14,1,0,1,0,1,1,1,0,1,0,1,0,0,0,0,0
"201",1.86956351445449,0.374401757894674,"CA",2023-06-15,1,0,1,0,1,1,1,1,1,0,0,0,1,0,1,1
"202",2.54151487184126,0.414866648111833,"CA",2023-06-16,1,0,1,0,1,1,1,0,1,0,0,0,0,0,1,0
"203",1.35839679762853,0.484379612440214,"CA",2023-06-17,1,0,0,1,1,1,0,1,1,0,0,1,1,1,0,1
"204",0.629620181519324,0.443849119354695,"CA",2023-06-18,1,1,1,1,0,1,1,1,1,1,0,1,0,1,1,1
"205",2.72696966700073,0.402178671811671,"CA",2023-06-19,1,1,0,0,0,1,1,0,1,1,0,0,0,0,0,0
"206",2.88217855642166,0.39681891673944,"CA",2023-06-20,1,1,1,1,0,0,1,1,1,1,0,1,0,0,1,1
"207",3.45036527650755,0.453894596331923,"CA",2023-06-21,1,0,1,0,0,0,1,0,1,0,0,0,0,0,0,0
"208",3.53899619010364,0.447429523300264,"CA",2023-06-22,1,0,1,0,1,0,1,1,1,0,0,0,1,0,0,1
"209",5.60121245298946,0.442078104706556,"CA",2023-06-23,1,0,1,0,1,1,1,1,1,0,0,0,0,0,1,1
"210",1.93355011170159,0.433155385600057,"CA",2023-06-24,1,0,1,1,0,1,1,0,1,0,0,1,0,1,1,0
"211",0.0751228687730219,0.0530962008408645,"CO",2023-05-14,1,1,1,1,1,1,1,1,1,1,1,1,1,1,1,1
"212",0.766169182793156,0.160955878975059,"CO",2023-05-15,1,1,1,1,1,1,1,1,1,1,0,1,0,1,1,1
"213",0.717669533637042,0.367879293114709,"CO",2023-05-16,1,1,1,0,1,1,1,1,1,1,0,0,1,1,1,1
"214",0.0907379643822845,0.0629636108067154,"CO",2023-05-17,1,1,1,1,1,1,1,1,1,1,0,1,0,1,1,1
"215",1.10771402798105,0.456426041048448,"CO",2023-05-18,1,1,0,1,1,0,1,1,1,1,0,1,0,0,1,1
"216",1.03643791775078,0.738876024527178,"CO",2023-05-19,1,0,1,1,1,1,1,1,1,0,0,1,1,1,1,1
"217",NA,NA,"CO",2023-05-20,NA,NA,NA,NA,NA,NA,NA,NA,NA,NA,NA,NA,NA,NA,NA,NA
"218",0.11518988656864,0.0785061453304758,"CO",2023-05-21,1,1,1,1,1,1,1,1,1,1,1,1,1,1,1,1
"219",1.67590140468156,0.477758041534164,"CO",2023-05-22,1,1,1,1,1,0,1,1,1,1,0,0,1,0,1,1
"220",0.364138046688878,0.0873707935394311,"CO",2023-05-23,1,1,1,1,1,1,1,1,1,1,0,1,0,1,1,1
"221",NA,NA,"CO",2023-05-24,NA,NA,NA,NA,NA,NA,NA,NA,NA,NA,NA,NA,NA,NA,NA,NA
"222",NA,NA,"CO",2023-05-25,NA,NA,NA,NA,NA,NA,NA,NA,NA,NA,NA,NA,NA,NA,NA,NA
"223",0.767679343987624,0.532089783774726,"CO",2023-05-26,1,1,1,1,0,1,1,1,1,1,1,1,1,1,1,1
"224",NA,NA,"CO",2023-05-27,NA,NA,NA,NA,NA,NA,NA,NA,NA,NA,NA,NA,NA,NA,NA,NA
"225",0.159130025193642,0.112892842836834,"CO",2023-05-28,1,1,1,1,1,1,1,1,1,1,0,0,1,1,1,1
"226",0.164420272860283,0.118583362588306,"CO",2023-05-29,1,1,1,1,1,1,1,1,1,1,0,0,1,1,1,1
"227",0.177351700249167,0.124469234155595,"CO",2023-05-30,1,1,1,1,1,1,1,1,1,1,1,1,1,1,1,1
"228",0.507879572818138,0.130549211168872,"CO",2023-05-31,1,1,1,1,1,1,1,1,1,1,1,1,1,1,1,1
"229",0.201519125099059,0.136821385754458,"CO",2023-06-01,1,1,1,1,1,1,1,1,1,1,1,1,1,1,1,1
"230",NA,NA,"CO",2023-06-02,NA,NA,NA,NA,NA,NA,NA,NA,NA,NA,NA,NA,NA,NA,NA,NA
"231",NA,NA,"CO",2023-06-03,NA,NA,NA,NA,NA,NA,NA,NA,NA,NA,NA,NA,NA,NA,NA,NA
"232",NA,NA,"CO",2023-06-04,NA,NA,NA,NA,NA,NA,NA,NA,NA,NA,NA,NA,NA,NA,NA,NA
"233",NA,NA,"CO",2023-06-05,NA,NA,NA,NA,NA,NA,NA,NA,NA,NA,NA,NA,NA,NA,NA,NA
"234",0.927636783216084,0.659251983956441,"CO",2023-06-06,1,0,1,1,1,1,1,1,1,0,0,1,1,1,1,1
"235",0.271805468424576,0.178297048948626,"CO",2023-06-07,1,1,1,1,1,1,1,1,1,1,0,1,1,0,1,1
"236",0.72394523009798,0.375426493048824,"CO",2023-06-08,1,1,1,1,1,0,1,1,1,1,1,1,0,0,1,1
"237",1.06591604325141,0.346972177923482,"CO",2023-06-09,1,1,1,1,1,1,1,0,1,1,0,0,1,1,1,0
"238",0.617787131318176,0.424157017614162,"CO",2023-06-10,1,1,1,1,0,1,1,1,1,1,1,0,0,1,1,1
"239",NA,NA,"CO",2023-06-11,NA,NA,NA,NA,NA,NA,NA,NA,NA,NA,NA,NA,NA,NA,NA,NA
"240",NA,NA,"CO",2023-06-12,NA,NA,NA,NA,NA,NA,NA,NA,NA,NA,NA,NA,NA,NA,NA,NA
"241",0.330135880628358,0.225445158717281,"CO",2023-06-13,1,1,1,1,1,1,1,1,1,1,0,1,0,1,1,1
"242",0.343802769792134,0.23373142306257,"CO",2023-06-14,1,1,1,1,1,1,1,1,1,1,0,1,0,1,1,1
"243",0.356970936549905,0.242113132403199,"CO",2023-06-15,1,1,1,1,1,1,1,1,1,1,0,1,1,0,1,1
"244",0.539382749643183,0.407916168635905,"CO",2023-06-16,1,1,1,1,1,1,1,1,1,1,0,0,1,1,1,1
"245",0.381313370354904,0.259118240620674,"CO",2023-06-17,1,1,1,1,1,1,1,1,1,1,0,1,0,1,1,1
"246",NA,NA,"CO",2023-06-18,NA,NA,NA,NA,NA,NA,NA,NA,NA,NA,NA,NA,NA,NA,NA,NA
"247",NA,NA,"CO",2023-06-19,NA,NA,NA,NA,NA,NA,NA,NA,NA,NA,NA,NA,NA,NA,NA,NA
"248",0.940597381475644,0.454719914490623,"CO",2023-06-20,1,0,1,1,1,1,1,1,1,0,0,1,1,0,0,1
"249",0.499592241318499,0.333455290175161,"CO",2023-06-21,1,1,1,1,1,1,1,1,1,1,1,0,1,0,1,1
"250",1.60420570901507,0.404868062230142,"CO",2023-06-22,1,0,1,0,1,1,1,1,1,1,1,0,0,1,1,1
"251",NA,NA,"CO",2023-06-23,NA,NA,NA,NA,NA,NA,NA,NA,NA,NA,NA,NA,NA,NA,NA,NA
"252",NA,NA,"CO",2023-06-24,NA,NA,NA,NA,NA,NA,NA,NA,NA,NA,NA,NA,NA,NA,NA,NA
"253",NA,NA,"CT",2023-05-14,NA,NA,NA,NA,NA,NA,NA,NA,NA,NA,NA,NA,NA,NA,NA,NA
"254",NA,NA,"CT",2023-05-15,NA,NA,NA,NA,NA,NA,NA,NA,NA,NA,NA,NA,NA,NA,NA,NA
"255",0.206150151251193,0.133956438825821,"CT",2023-05-16,1,1,1,1,1,1,1,1,1,1,1,1,1,1,1,1
"256",1.90571705976928,0.576260408954528,"CT",2023-05-17,1,0,0,1,1,1,1,1,1,0,0,0,0,1,1,1
"257",1.28970044470055,0.443881073815254,"CT",2023-05-18,1,1,1,0,1,1,1,1,1,1,0,0,0,0,1,1
"258",0.255176975650722,0.156005287442368,"CT",2023-05-19,1,1,1,1,1,1,1,1,1,1,0,1,1,0,1,1
"259",1.57981697686272,0.457721701266888,"CT",2023-05-20,1,0,1,1,1,1,1,1,1,0,1,1,0,0,1,1
"260",0.517149228765173,0.316395936256027,"CT",2023-05-21,1,1,1,1,1,1,1,1,1,1,0,1,0,1,1,1
"261",NA,NA,"CT",2023-05-22,NA,NA,NA,NA,NA,NA,NA,NA,NA,NA,NA,NA,NA,NA,NA,NA
"262",NA,NA,"CT",2023-05-23,NA,NA,NA,NA,NA,NA,NA,NA,NA,NA,NA,NA,NA,NA,NA,NA
"263",1.33290553805974,0.295175839026543,"CT",2023-05-24,1,0,0,1,1,1,1,1,1,0,1,0,1,1,1,1
"264",NA,NA,"CT",2023-05-25,NA,NA,NA,NA,NA,NA,NA,NA,NA,NA,NA,NA,NA,NA,NA,NA
"265",NA,NA,"CT",2023-05-26,NA,NA,NA,NA,NA,NA,NA,NA,NA,NA,NA,NA,NA,NA,NA,NA
"266",NA,NA,"CT",2023-05-27,NA,NA,NA,NA,NA,NA,NA,NA,NA,NA,NA,NA,NA,NA,NA,NA
"267",NA,NA,"CT",2023-05-28,NA,NA,NA,NA,NA,NA,NA,NA,NA,NA,NA,NA,NA,NA,NA,NA
"268",NA,NA,"CT",2023-05-29,NA,NA,NA,NA,NA,NA,NA,NA,NA,NA,NA,NA,NA,NA,NA,NA
"269",0.949192594975176,0.459796230863685,"CT",2023-05-30,1,1,1,1,1,0,1,1,1,1,1,0,1,0,1,1
"270",1.12544984370378,0.343096135047153,"CT",2023-05-31,1,1,1,1,1,0,1,1,1,1,0,0,0,0,1,1
"271",0.817683177904355,0.56724967389688,"CT",2023-06-01,1,0,1,1,1,1,1,1,1,0,1,0,1,1,1,1
"272",NA,NA,"CT",2023-06-02,NA,NA,NA,NA,NA,NA,NA,NA,NA,NA,NA,NA,NA,NA,NA,NA
"273",0.63053799591542,0.344817451557628,"CT",2023-06-03,1,1,1,1,1,1,1,1,1,1,0,1,0,1,1,1
"274",NA,NA,"CT",2023-06-04,NA,NA,NA,NA,NA,NA,NA,NA,NA,NA,NA,NA,NA,NA,NA,NA
"275",0.586934266504349,0.392864018698976,"CT",2023-06-05,1,1,1,1,0,1,1,1,1,1,0,1,0,1,1,1
"276",1.01099983623184,0.463037750843605,"CT",2023-06-06,1,1,1,1,1,1,1,0,1,1,0,1,1,1,1,0
"277",1.0362058028356,0.389423586539477,"CT",2023-06-07,1,1,1,1,1,1,0,1,1,0,0,1,0,1,0,1
"278",0.829025396950164,0.560304113395827,"CT",2023-06-08,1,0,1,1,1,1,1,1,1,0,1,0,1,1,1,1
"279",1.25114556277562,0.456435061590951,"CT",2023-06-09,1,1,1,1,1,1,0,0,1,1,1,0,1,1,0,0
"280",NA,NA,"CT",2023-06-10,NA,NA,NA,NA,NA,NA,NA,NA,NA,NA,NA,NA,NA,NA,NA,NA
"281",NA,NA,"CT",2023-06-11,NA,NA,NA,NA,NA,NA,NA,NA,NA,NA,NA,NA,NA,NA,NA,NA
"282",NA,NA,"CT",2023-06-12,NA,NA,NA,NA,NA,NA,NA,NA,NA,NA,NA,NA,NA,NA,NA,NA
"283",1.1019471115656,0.495060564779291,"CT",2023-06-13,1,1,1,1,1,1,1,0,1,1,1,0,1,1,1,0
"284",0.831214090417093,0.515186734887408,"CT",2023-06-14,1,1,1,1,1,1,0,1,1,1,0,1,1,1,0,1
"285",NA,NA,"CT",2023-06-15,NA,NA,NA,NA,NA,NA,NA,NA,NA,NA,NA,NA,NA,NA,NA,NA
"286",NA,NA,"CT",2023-06-16,NA,NA,NA,NA,NA,NA,NA,NA,NA,NA,NA,NA,NA,NA,NA,NA
"287",0.702896045074717,0.448366235492937,"CT",2023-06-17,1,1,1,1,1,0,1,1,1,1,0,1,1,0,1,1
"288",NA,NA,"CT",2023-06-18,NA,NA,NA,NA,NA,NA,NA,NA,NA,NA,NA,NA,NA,NA,NA,NA
"289",0.673639021141917,0.441373747796926,"CT",2023-06-19,1,1,0,1,1,1,1,1,1,1,1,1,1,1,1,1
"290",NA,NA,"CT",2023-06-20,NA,NA,NA,NA,NA,NA,NA,NA,NA,NA,NA,NA,NA,NA,NA,NA
"291",1.5011330213134,0.42548447205919,"CT",2023-06-21,1,1,1,0,0,1,1,1,1,1,1,0,0,0,1,1
"292",0.725207639837036,0.464828075520428,"CT",2023-06-22,1,1,0,1,1,1,1,1,1,1,0,1,0,1,1,1
"293",NA,NA,"CT",2023-06-23,NA,NA,NA,NA,NA,NA,NA,NA,NA,NA,NA,NA,NA,NA,NA,NA
"294",NA,NA,"CT",2023-06-24,NA,NA,NA,NA,NA,NA,NA,NA,NA,NA,NA,NA,NA,NA,NA,NA
"295",0.323217646905647,0.232219734616859,"DC",2023-05-14,1,1,1,1,1,1,1,1,1,1,1,1,1,1,1,1
"296",0.334605332936823,0.24202536293442,"DC",2023-05-15,1,1,1,1,1,1,1,1,1,1,1,1,1,1,1,1
"297",NA,NA,"DC",2023-05-16,NA,NA,NA,NA,NA,NA,NA,NA,NA,NA,NA,NA,NA,NA,NA,NA
"298",0.930895369407413,0.460109978203722,"DC",2023-05-17,1,0,1,1,1,1,1,1,1,0,0,0,0,1,1,1
"299",0.834826720781798,0.319719396367154,"DC",2023-05-18,1,1,1,1,1,1,1,1,1,1,0,0,0,0,1,1
"300",NA,NA,"DC",2023-05-19,NA,NA,NA,NA,NA,NA,NA,NA,NA,NA,NA,NA,NA,NA,NA,NA
"301",NA,NA,"DC",2023-05-20,NA,NA,NA,NA,NA,NA,NA,NA,NA,NA,NA,NA,NA,NA,NA,NA
"302",NA,NA,"DC",2023-05-21,NA,NA,NA,NA,NA,NA,NA,NA,NA,NA,NA,NA,NA,NA,NA,NA
"303",NA,NA,"DC",2023-05-22,NA,NA,NA,NA,NA,NA,NA,NA,NA,NA,NA,NA,NA,NA,NA,NA
"304",NA,NA,"DC",2023-05-23,NA,NA,NA,NA,NA,NA,NA,NA,NA,NA,NA,NA,NA,NA,NA,NA
"305",0.471620112894946,0.335390091620843,"DC",2023-05-24,1,1,1,1,1,1,1,1,1,1,1,1,1,1,1,1
"306",0.477675124843392,0.345962338717294,"DC",2023-05-25,1,1,1,1,1,1,1,1,1,0,0,1,1,1,1,1
"307",0.406186530261725,0.314100828413016,"DC",2023-05-26,1,1,1,1,1,1,1,1,1,1,0,0,1,1,1,1
"308",NA,NA,"DC",2023-05-27,NA,NA,NA,NA,NA,NA,NA,NA,NA,NA,NA,NA,NA,NA,NA,NA
"309",0.517878359688638,0.377380415879059,"DC",2023-05-28,1,1,1,1,1,1,1,1,1,0,0,1,1,1,1,1
"310",0.535411154122488,0.340223212645058,"DC",2023-05-29,1,1,1,1,1,1,1,1,1,0,1,0,1,1,1,1
"311",1.2140866530494,0.397882933692175,"DC",2023-05-30,1,1,0,1,1,1,1,1,1,1,0,1,1,1,0,1
"312",0.818401956746779,0.411031106184045,"DC",2023-05-31,1,0,1,1,1,1,1,1,1,0,1,1,1,0,1,1
"313",1.64406716080863,0.544720954265338,"DC",2023-06-01,1,0,1,1,1,1,1,1,1,0,1,1,0,0,1,1
"314",0.32629631915138,0.267590221267949,"DC",2023-06-02,1,1,1,1,1,1,1,1,1,1,1,1,1,1,1,1
"315",NA,NA,"DC",2023-06-03,NA,NA,NA,NA,NA,NA,NA,NA,NA,NA,NA,NA,NA,NA,NA,NA
"316",0.726509324485681,0.471181453335635,"DC",2023-06-04,1,1,1,1,1,0,1,1,1,1,0,1,1,0,1,1
"317",1.13342273078043,0.387549264475413,"DC",2023-06-05,1,1,0,1,1,1,1,1,1,1,0,0,1,1,0,1
"318",NA,NA,"DC",2023-06-06,NA,NA,NA,NA,NA,NA,NA,NA,NA,NA,NA,NA,NA,NA,NA,NA
"319",NA,NA,"DC",2023-06-07,NA,NA,NA,NA,NA,NA,NA,NA,NA,NA,NA,NA,NA,NA,NA,NA
"320",NA,NA,"DC",2023-06-08,NA,NA,NA,NA,NA,NA,NA,NA,NA,NA,NA,NA,NA,NA,NA,NA
"321",NA,NA,"DC",2023-06-09,NA,NA,NA,NA,NA,NA,NA,NA,NA,NA,NA,NA,NA,NA,NA,NA
"322",1.64890080319526,0.488401021424351,"DC",2023-06-10,1,1,0,0,1,1,1,1,1,1,0,0,0,1,1,1
"323",NA,NA,"DC",2023-06-11,NA,NA,NA,NA,NA,NA,NA,NA,NA,NA,NA,NA,NA,NA,NA,NA
"324",0.618515592733036,0.418086247559996,"DC",2023-06-12,1,1,1,1,0,1,1,1,1,1,1,1,0,0,1,1
"325",0.486883268490375,0.318707483015865,"DC",2023-06-13,1,1,1,1,1,1,1,1,1,1,1,1,0,0,1,1
"326",NA,NA,"DC",2023-06-14,NA,NA,NA,NA,NA,NA,NA,NA,NA,NA,NA,NA,NA,NA,NA,NA
"327",0.24450461300225,0.209398677574826,"DC",2023-06-15,1,1,1,1,1,1,1,1,1,1,1,0,0,1,1,1
"328",0.796280780876364,0.541409663061401,"DC",2023-06-16,1,1,0,1,1,1,1,1,1,1,0,1,1,0,1,1
"329",NA,NA,"DC",2023-06-17,NA,NA,NA,NA,NA,NA,NA,NA,NA,NA,NA,NA,NA,NA,NA,NA
"330",NA,NA,"DC",2023-06-18,NA,NA,NA,NA,NA,NA,NA,NA,NA,NA,NA,NA,NA,NA,NA,NA
"331",0.648500922475208,0.44175327960129,"DC",2023-06-19,1,1,1,1,0,1,1,1,1,1,1,0,0,1,1,1
"332",0.694646525682923,0.380203630954385,"DC",2023-06-20,1,1,0,1,1,1,1,1,1,1,1,0,1,0,1,1
"333",0.655436536913393,0.449094555115708,"DC",2023-06-21,1,1,1,1,0,1,1,1,1,1,1,1,0,0,1,1
"334",2.29345659950496,0.482031823889818,"DC",2023-06-22,1,0,0,0,1,0,1,1,1,0,0,0,1,0,0,1
"335",0.943400682387106,0.638245986801909,"DC",2023-06-23,1,1,1,1,1,1,1,0,1,1,1,1,1,0,1,0
"336",NA,NA,"DC",2023-06-24,NA,NA,NA,NA,NA,NA,NA,NA,NA,NA,NA,NA,NA,NA,NA,NA
"337",NA,NA,"DE",2023-05-14,NA,NA,NA,NA,NA,NA,NA,NA,NA,NA,NA,NA,NA,NA,NA,NA
"338",NA,NA,"DE",2023-05-15,NA,NA,NA,NA,NA,NA,NA,NA,NA,NA,NA,NA,NA,NA,NA,NA
"339",NA,NA,"DE",2023-05-16,NA,NA,NA,NA,NA,NA,NA,NA,NA,NA,NA,NA,NA,NA,NA,NA
"340",1.98307567294037,0.603021041565078,"DE",2023-05-17,1,1,0,1,0,1,1,1,1,0,0,0,0,1,1,1
"341",0.126644917426493,0.0785681193067421,"DE",2023-05-18,1,1,1,1,1,1,1,1,1,1,1,1,1,1,1,1
"342",NA,NA,"DE",2023-05-19,NA,NA,NA,NA,NA,NA,NA,NA,NA,NA,NA,NA,NA,NA,NA,NA
"343",0.509982587442987,0.252645379866663,"DE",2023-05-20,1,1,1,1,1,1,1,1,1,1,1,1,1,1,1,1
"344",NA,NA,"DE",2023-05-21,NA,NA,NA,NA,NA,NA,NA,NA,NA,NA,NA,NA,NA,NA,NA,NA
"345",0.164068628662588,0.100162447807609,"DE",2023-05-22,1,1,1,1,1,1,1,1,1,1,0,0,1,1,1,1
"346",NA,NA,"DE",2023-05-23,NA,NA,NA,NA,NA,NA,NA,NA,NA,NA,NA,NA,NA,NA,NA,NA
"347",NA,NA,"DE",2023-05-24,NA,NA,NA,NA,NA,NA,NA,NA,NA,NA,NA,NA,NA,NA,NA,NA
"348",NA,NA,"DE",2023-05-25,NA,NA,NA,NA,NA,NA,NA,NA,NA,NA,NA,NA,NA,NA,NA,NA
"349",NA,NA,"DE",2023-05-26,NA,NA,NA,NA,NA,NA,NA,NA,NA,NA,NA,NA,NA,NA,NA,NA
"350",NA,NA,"DE",2023-05-27,NA,NA,NA,NA,NA,NA,NA,NA,NA,NA,NA,NA,NA,NA,NA,NA
"351",NA,NA,"DE",2023-05-28,NA,NA,NA,NA,NA,NA,NA,NA,NA,NA,NA,NA,NA,NA,NA,NA
"352",NA,NA,"DE",2023-05-29,NA,NA,NA,NA,NA,NA,NA,NA,NA,NA,NA,NA,NA,NA,NA,NA
"353",0.67574631245039,0.48730340703559,"DE",2023-05-30,1,1,1,1,0,1,1,1,1,1,1,0,0,1,1,1
"354",0.880199527623922,0.418081348072925,"DE",2023-05-31,1,1,1,1,1,0,1,1,1,1,0,1,1,0,1,1
"355",0.249359792022132,0.172508890754654,"DE",2023-06-01,1,1,1,1,1,1,1,1,1,1,0,1,0,1,1,1
"356",NA,NA,"DE",2023-06-02,NA,NA,NA,NA,NA,NA,NA,NA,NA,NA,NA,NA,NA,NA,NA,NA
"357",NA,NA,"DE",2023-06-03,NA,NA,NA,NA,NA,NA,NA,NA,NA,NA,NA,NA,NA,NA,NA,NA
"358",0.655549857847506,0.454594398163253,"DE",2023-06-04,1,1,1,1,0,1,1,1,1,1,1,0,0,1,1,1
"359",NA,NA,"DE",2023-06-05,NA,NA,NA,NA,NA,NA,NA,NA,NA,NA,NA,NA,NA,NA,NA,NA
"360",0.559510642211076,0.330758138036606,"DE",2023-06-06,1,1,1,1,1,1,1,1,1,1,0,1,0,1,1,1
"361",0.484088272088128,0.375376352099945,"DE",2023-06-07,1,1,1,1,1,1,1,1,1,1,0,0,1,1,1,1
"362",0.349819102952505,0.237342917577885,"DE",2023-06-08,1,1,1,1,1,1,1,1,1,1,0,1,1,0,1,1
"363",NA,NA,"DE",2023-06-09,NA,NA,NA,NA,NA,NA,NA,NA,NA,NA,NA,NA,NA,NA,NA,NA
"364",NA,NA,"DE",2023-06-10,NA,NA,NA,NA,NA,NA,NA,NA,NA,NA,NA,NA,NA,NA,NA,NA
"365",0.987227592421942,0.490111680074247,"DE",2023-06-11,1,0,1,1,1,1,1,1,1,1,1,0,0,1,1,1
"366",NA,NA,"DE",2023-06-12,NA,NA,NA,NA,NA,NA,NA,NA,NA,NA,NA,NA,NA,NA,NA,NA
"367",NA,NA,"DE",2023-06-13,NA,NA,NA,NA,NA,NA,NA,NA,NA,NA,NA,NA,NA,NA,NA,NA
"368",0.849447262939156,0.593152004287148,"DE",2023-06-14,1,1,1,1,1,0,1,1,1,1,1,0,1,0,1,1
"369",NA,NA,"DE",2023-06-15,NA,NA,NA,NA,NA,NA,NA,NA,NA,NA,NA,NA,NA,NA,NA,NA
"370",NA,NA,"DE",2023-06-16,NA,NA,NA,NA,NA,NA,NA,NA,NA,NA,NA,NA,NA,NA,NA,NA
"371",NA,NA,"DE",2023-06-17,NA,NA,NA,NA,NA,NA,NA,NA,NA,NA,NA,NA,NA,NA,NA,NA
"372",NA,NA,"DE",2023-06-18,NA,NA,NA,NA,NA,NA,NA,NA,NA,NA,NA,NA,NA,NA,NA,NA
"373",1.46281446689443,0.544858826972487,"DE",2023-06-19,1,0,1,1,1,1,1,0,1,0,1,0,1,0,1,0
"374",NA,NA,"DE",2023-06-20,NA,NA,NA,NA,NA,NA,NA,NA,NA,NA,NA,NA,NA,NA,NA,NA
"375",0.316463235594951,0.253412079740987,"DE",2023-06-21,1,1,1,1,1,1,1,1,1,1,0,0,1,1,1,1
"376",0.620083927280021,0.404696247203067,"DE",2023-06-22,1,1,1,1,0,1,1,1,1,1,1,0,0,1,1,1
"377",0.578616427914481,0.393811104166709,"DE",2023-06-23,1,1,0,1,1,1,1,1,1,1,0,0,1,1,1,1
"378",0.306857925361831,0.233750881165402,"DE",2023-06-24,1,1,1,1,1,1,1,1,1,1,1,0,0,1,1,1
"379",0.873601742062288,0.198201452321512,"FL",2023-05-14,1,0,1,1,1,1,1,1,1,0,1,1,1,0,1,1
"380",2.24105927763134,0.341372365656139,"FL",2023-05-15,1,0,0,1,1,1,1,1,1,0,0,0,0,1,1,1
"381",1.31001885289275,0.20692300064271,"FL",2023-05-16,1,1,1,1,1,1,1,1,1,0,0,0,0,0,1,1
"382",2.56843709963937,0.287672030191271,"FL",2023-05-17,1,1,1,0,1,1,1,1,1,0,0,0,0,0,1,1
"383",2.09054275542241,0.24567485395637,"FL",2023-05-18,1,0,1,1,1,1,1,1,1,0,0,1,0,0,1,1
"384",1.42891544006337,0.267552663822179,"FL",2023-05-19,1,1,1,1,1,1,1,1,1,1,0,0,1,0,1,1
"385",0.779128130582227,0.26524931254411,"FL",2023-05-20,1,1,1,1,1,1,1,1,1,0,0,0,0,1,1,1
"386",1.96421209844655,0.379698984547693,"FL",2023-05-21,1,1,1,0,1,1,1,1,1,1,1,0,0,1,1,1
"387",2.32084417572092,0.304567680526348,"FL",2023-05-22,1,0,1,1,1,1,1,1,1,0,0,0,1,0,1,1
"388",1.70289830548576,0.299011169629885,"FL",2023-05-23,1,1,1,0,1,0,1,1,1,1,1,0,1,0,1,1
"389",2.52103475785428,0.222986315209417,"FL",2023-05-24,1,1,0,1,1,1,1,1,1,0,0,0,0,0,1,1
"390",2.2593872394922,0.325683323570431,"FL",2023-05-25,1,0,1,1,1,0,1,1,1,0,1,0,0,1,1,1
"391",1.5548050640465,0.323894636243447,"FL",2023-05-26,1,0,1,1,1,1,1,1,1,0,0,0,0,0,1,1
"392",0.740910911678674,0.497770742107917,"FL",2023-05-27,1,1,1,0,1,1,1,1,1,1,1,0,1,0,1,1
"393",2.23543431041275,0.449408319056347,"FL",2023-05-28,1,0,0,0,1,1,1,1,1,0,0,0,0,0,1,1
"394",0.500934987866945,0.258848700427355,"FL",2023-05-29,1,1,1,1,1,1,1,1,1,1,0,0,0,0,1,1
"395",2.78587404265385,0.33837571674147,"FL",2023-05-30,1,0,1,1,0,1,0,0,1,0,1,0,0,0,0,0
"396",3.4017638658292,0.304962858263472,"FL",2023-05-31,0,1,1,0,1,1,1,1,0,0,0,0,0,0,1,1
"397",5.35365180537112,0.470278285022232,"FL",2023-06-01,1,0,0,1,1,0,1,1,1,0,0,0,0,0,1,1
"398",1.15638888129853,0.291874926820147,"FL",2023-06-02,1,1,1,1,1,1,1,1,0,0,0,0,0,0,1,1
"399",1.23185754066556,0.352207957739342,"FL",2023-06-03,1,1,1,0,1,0,1,1,1,1,1,0,0,0,1,1
"400",1.60890171111192,0.403157619760619,"FL",2023-06-04,1,1,1,1,1,0,1,1,1,1,1,1,0,0,1,1
"401",2.17284227137793,0.309459888790602,"FL",2023-06-05,1,1,1,0,1,1,1,1,1,1,0,0,0,0,1,1
"402",4.05200173168065,0.369441446209964,"FL",2023-06-06,0,1,1,0,0,1,1,0,0,1,1,0,0,0,1,0
"403",2.65428575758549,0.327956653833419,"FL",2023-06-07,1,1,1,0,1,1,1,1,1,1,0,0,0,0,1,1
"404",4.46441840690543,0.412242100262627,"FL",2023-06-08,1,1,1,1,0,0,1,0,1,0,0,0,0,0,1,0
"405",2.05628313986562,0.366368717705195,"FL",2023-06-09,1,1,1,1,0,0,0,1,1,0,0,0,0,0,0,1
"406",0.932992825651115,0.319156664325076,"FL",2023-06-10,1,1,1,1,1,1,1,1,1,0,0,0,0,0,1,1
"407",0.740860258212161,0.392247232366753,"FL",2023-06-11,1,1,1,1,1,1,1,1,1,1,0,0,0,1,1,1
"408",1.88095187606256,0.401312036363068,"FL",2023-06-12,1,0,0,1,1,1,1,1,1,0,0,0,1,0,1,1
"409",2.49610145637371,0.415389468087277,"FL",2023-06-13,1,1,1,0,0,0,1,0,1,1,0,1,0,1,1,0
"410",1.6579369765751,0.421939356707758,"FL",2023-06-14,1,1,0,1,1,1,1,0,1,0,0,0,0,0,1,0
"411",1.2382646004607,0.374060437485555,"FL",2023-06-15,1,1,1,1,1,1,1,0,1,1,1,0,0,1,1,0
"412",2.06404525698325,0.357577056362143,"FL",2023-06-16,1,1,0,0,1,0,1,1,1,1,0,1,0,0,1,1
"413",1.5639940311098,0.410112125842204,"FL",2023-06-17,1,1,1,1,1,0,1,1,1,1,0,0,0,0,1,1
"414",0.958825753403222,0.320570153005703,"FL",2023-06-18,1,1,0,1,1,1,1,1,1,1,1,1,1,1,1,1
"415",3.41717502361272,0.447561711726543,"FL",2023-06-19,1,1,1,0,0,0,1,0,1,0,0,0,0,0,1,0
"416",2.91925366247263,0.35304519431821,"FL",2023-06-20,1,1,1,0,0,1,1,0,1,0,1,0,0,0,1,0
"417",6.58102035758591,0.410749970251079,"FL",2023-06-21,1,1,1,0,1,0,1,0,0,0,0,0,0,0,1,0
"418",1.51165399212819,0.368295822874521,"FL",2023-06-22,1,1,1,1,1,1,1,1,1,0,0,0,0,1,1,1
"419",5.17567669805885,0.414766230269535,"FL",2023-06-23,1,0,0,0,1,1,1,0,1,0,0,0,0,1,0,0
"420",5.20802147761778,0.421674909439048,"FL",2023-06-24,1,1,0,0,0,0,1,0,1,1,0,0,0,1,1,0
"421",NA,NA,"GA",2023-05-14,NA,NA,NA,NA,NA,NA,NA,NA,NA,NA,NA,NA,NA,NA,NA,NA
"422",0.841771265312272,0.576800701874168,"GA",2023-05-15,1,1,1,1,0,1,1,1,1,1,0,1,0,1,1,1
"423",1.03204497620618,0.439155529186696,"GA",2023-05-16,1,0,1,1,1,1,1,1,1,0,0,0,0,1,1,1
"424",0.996389029098169,0.318574752889686,"GA",2023-05-17,1,0,1,1,1,1,1,1,1,0,0,0,0,1,1,1
"425",2.42549575220822,0.2295278068132,"GA",2023-05-18,1,1,0,0,1,1,1,1,1,1,0,0,0,1,1,1
"426",1.54362089974711,0.187172719363732,"GA",2023-05-19,1,1,0,0,1,1,1,1,1,1,0,0,1,1,1,1
"427",NA,NA,"GA",2023-05-20,NA,NA,NA,NA,NA,NA,NA,NA,NA,NA,NA,NA,NA,NA,NA,NA
"428",1.28215492785623,0.418699995384862,"GA",2023-05-21,1,1,1,1,0,1,1,1,1,1,1,0,0,1,1,1
"429",0.638498985312777,0.275370267227487,"GA",2023-05-22,1,1,1,1,1,1,1,1,1,1,1,1,1,1,1,1
"430",0.90896172490215,0.321275280345051,"GA",2023-05-23,1,0,1,1,1,1,1,1,1,0,0,0,1,0,1,1
"431",0.632351816154285,0.162633712749262,"GA",2023-05-24,1,1,1,1,1,1,1,1,1,1,0,1,1,0,1,1
"432",NA,NA,"GA",2023-05-25,NA,NA,NA,NA,NA,NA,NA,NA,NA,NA,NA,NA,NA,NA,NA,NA
"433",1.85202126472591,0.559020593635423,"GA",2023-05-26,1,0,0,1,0,1,1,1,1,0,0,1,0,1,1,1
"434",1.58357473888427,0.187171143969621,"GA",2023-05-27,1,1,0,1,1,1,1,1,1,1,0,0,1,1,1,1
"435",0.949297716550771,0.339056153274746,"GA",2023-05-28,1,1,1,1,1,0,1,1,1,1,0,1,0,1,1,1
"436",0.90997836113108,0.651853498497916,"GA",2023-05-29,1,0,1,1,1,1,1,1,1,0,0,1,1,1,1,1
"437",0.800092064427181,0.425205023115203,"GA",2023-05-30,1,1,1,1,1,1,1,1,1,1,1,0,0,1,1,1
"438",0.960531556297648,0.482226412772246,"GA",2023-05-31,1,1,1,1,1,0,1,1,1,1,0,1,1,0,1,1
"439",0.80536491842804,0.354136686195986,"GA",2023-06-01,1,1,1,1,1,0,1,1,1,1,0,0,1,0,1,1
"440",1.14828357706869,0.378594398648177,"GA",2023-06-02,1,1,0,1,1,1,1,1,1,1,0,0,1,1,1,1
"441",1.04361068958919,0.316850735267762,"GA",2023-06-03,1,1,1,0,1,1,1,1,1,1,0,0,1,1,1,1
"442",NA,NA,"GA",2023-06-04,NA,NA,NA,NA,NA,NA,NA,NA,NA,NA,NA,NA,NA,NA,NA,NA
"443",1.26649899459699,0.379008542529966,"GA",2023-06-05,1,1,1,1,1,1,0,1,1,1,1,0,0,1,0,1
"444",1.16572711236721,0.553463125904885,"GA",2023-06-06,1,1,1,1,1,1,0,1,1,1,0,1,1,1,0,1
"445",1.14572322853597,0.34507233838339,"GA",2023-06-07,1,1,1,1,1,1,1,1,1,1,0,1,0,1,1,1
"446",1.51420286529732,0.416261199363839,"GA",2023-06-08,1,1,0,1,0,1,1,1,1,1,0,0,0,0,1,1
"447",1.04184699230633,0.31410013501888,"GA",2023-06-09,1,1,0,1,1,1,1,1,1,1,0,1,1,0,0,1
"448",NA,NA,"GA",2023-06-10,NA,NA,NA,NA,NA,NA,NA,NA,NA,NA,NA,NA,NA,NA,NA,NA
"449",NA,NA,"GA",2023-06-11,NA,NA,NA,NA,NA,NA,NA,NA,NA,NA,NA,NA,NA,NA,NA,NA
"450",0.833907007505636,0.600987451491132,"GA",2023-06-12,1,1,1,1,1,0,1,1,1,1,0,1,1,0,1,1
"451",0.528182955988335,0.356984953424158,"GA",2023-06-13,1,1,1,1,1,1,1,1,1,1,0,1,0,1,1,1
"452",1.15951209801064,0.367753314855734,"GA",2023-06-14,1,1,0,1,1,1,1,1,1,1,0,1,0,1,1,1
"453",0.832746814983599,0.601920135718443,"GA",2023-06-15,1,1,1,1,1,0,1,1,1,1,1,0,1,0,1,1
"454",NA,NA,"GA",2023-06-16,NA,NA,NA,NA,NA,NA,NA,NA,NA,NA,NA,NA,NA,NA,NA,NA
"455",NA,NA,"GA",2023-06-17,NA,NA,NA,NA,NA,NA,NA,NA,NA,NA,NA,NA,NA,NA,NA,NA
"456",NA,NA,"GA",2023-06-18,NA,NA,NA,NA,NA,NA,NA,NA,NA,NA,NA,NA,NA,NA,NA,NA
"457",0.848761440081579,0.605577771132433,"GA",2023-06-19,1,1,1,1,1,0,1,1,1,1,0,1,1,0,1,1
"458",1.09364888346802,0.179470283765424,"GA",2023-06-20,1,1,1,0,1,1,1,1,1,1,0,0,1,1,1,1
"459",0.460565214089175,0.307732224242147,"GA",2023-06-21,1,1,1,1,1,1,1,1,1,1,0,1,0,1,1,1
"460",NA,NA,"GA",2023-06-22,NA,NA,NA,NA,NA,NA,NA,NA,NA,NA,NA,NA,NA,NA,NA,NA
"461",NA,NA,"GA",2023-06-23,NA,NA,NA,NA,NA,NA,NA,NA,NA,NA,NA,NA,NA,NA,NA,NA
"462",NA,NA,"GA",2023-06-24,NA,NA,NA,NA,NA,NA,NA,NA,NA,NA,NA,NA,NA,NA,NA,NA
"463",0.117399383127902,0.0822735560585949,"HI",2023-05-14,1,1,1,1,1,1,1,1,1,1,1,1,1,1,1,1
"464",NA,NA,"HI",2023-05-15,NA,NA,NA,NA,NA,NA,NA,NA,NA,NA,NA,NA,NA,NA,NA,NA
"465",0.993872861365783,0.720861822949461,"HI",2023-05-16,1,1,1,1,1,1,1,0,1,1,1,1,1,0,1,0
"466",0.738795884592927,0.519328660187572,"HI",2023-05-17,1,1,1,1,0,1,1,1,1,1,0,1,0,1,1,1
"467",NA,NA,"HI",2023-05-18,NA,NA,NA,NA,NA,NA,NA,NA,NA,NA,NA,NA,NA,NA,NA,NA
"468",NA,NA,"HI",2023-05-19,NA,NA,NA,NA,NA,NA,NA,NA,NA,NA,NA,NA,NA,NA,NA,NA
"469",0.163649724459598,0.109047908731451,"HI",2023-05-20,1,1,1,1,1,1,1,1,1,1,0,1,0,1,1,1
"470",NA,NA,"HI",2023-05-21,NA,NA,NA,NA,NA,NA,NA,NA,NA,NA,NA,NA,NA,NA,NA,NA
"471",NA,NA,"HI",2023-05-22,NA,NA,NA,NA,NA,NA,NA,NA,NA,NA,NA,NA,NA,NA,NA,NA
"472",NA,NA,"HI",2023-05-23,NA,NA,NA,NA,NA,NA,NA,NA,NA,NA,NA,NA,NA,NA,NA,NA
"473",0.193723018281327,0.130397795075662,"HI",2023-05-24,1,1,1,1,1,1,1,1,1,1,1,1,1,1,1,1
"474",NA,NA,"HI",2023-05-25,NA,NA,NA,NA,NA,NA,NA,NA,NA,NA,NA,NA,NA,NA,NA,NA
"475",NA,NA,"HI",2023-05-26,NA,NA,NA,NA,NA,NA,NA,NA,NA,NA,NA,NA,NA,NA,NA,NA
"476",NA,NA,"HI",2023-05-27,NA,NA,NA,NA,NA,NA,NA,NA,NA,NA,NA,NA,NA,NA,NA,NA
"477",NA,NA,"HI",2023-05-28,NA,NA,NA,NA,NA,NA,NA,NA,NA,NA,NA,NA,NA,NA,NA,NA
"478",NA,NA,"HI",2023-05-29,NA,NA,NA,NA,NA,NA,NA,NA,NA,NA,NA,NA,NA,NA,NA,NA
"479",NA,NA,"HI",2023-05-30,NA,NA,NA,NA,NA,NA,NA,NA,NA,NA,NA,NA,NA,NA,NA,NA
"480",NA,NA,"HI",2023-05-31,NA,NA,NA,NA,NA,NA,NA,NA,NA,NA,NA,NA,NA,NA,NA,NA
"481",NA,NA,"HI",2023-06-01,NA,NA,NA,NA,NA,NA,NA,NA,NA,NA,NA,NA,NA,NA,NA,NA
"482",0.877973908037467,0.421315458707393,"HI",2023-06-02,1,0,1,1,1,1,1,1,1,0,1,1,0,1,1,1
"483",NA,NA,"HI",2023-06-03,NA,NA,NA,NA,NA,NA,NA,NA,NA,NA,NA,NA,NA,NA,NA,NA
"484",NA,NA,"HI",2023-06-04,NA,NA,NA,NA,NA,NA,NA,NA,NA,NA,NA,NA,NA,NA,NA,NA
"485",NA,NA,"HI",2023-06-05,NA,NA,NA,NA,NA,NA,NA,NA,NA,NA,NA,NA,NA,NA,NA,NA
"486",NA,NA,"HI",2023-06-06,NA,NA,NA,NA,NA,NA,NA,NA,NA,NA,NA,NA,NA,NA,NA,NA
"487",NA,NA,"HI",2023-06-07,NA,NA,NA,NA,NA,NA,NA,NA,NA,NA,NA,NA,NA,NA,NA,NA
"488",NA,NA,"HI",2023-06-08,NA,NA,NA,NA,NA,NA,NA,NA,NA,NA,NA,NA,NA,NA,NA,NA
"489",NA,NA,"HI",2023-06-09,NA,NA,NA,NA,NA,NA,NA,NA,NA,NA,NA,NA,NA,NA,NA,NA
"490",NA,NA,"HI",2023-06-10,NA,NA,NA,NA,NA,NA,NA,NA,NA,NA,NA,NA,NA,NA,NA,NA
"491",NA,NA,"HI",2023-06-11,NA,NA,NA,NA,NA,NA,NA,NA,NA,NA,NA,NA,NA,NA,NA,NA
"492",NA,NA,"HI",2023-06-12,NA,NA,NA,NA,NA,NA,NA,NA,NA,NA,NA,NA,NA,NA,NA,NA
"493",0.418497132006925,0.274308344950253,"HI",2023-06-13,1,1,1,1,1,1,1,1,1,1,1,1,1,1,1,1
"494",NA,NA,"HI",2023-06-14,NA,NA,NA,NA,NA,NA,NA,NA,NA,NA,NA,NA,NA,NA,NA,NA
"495",NA,NA,"HI",2023-06-15,NA,NA,NA,NA,NA,NA,NA,NA,NA,NA,NA,NA,NA,NA,NA,NA
"496",NA,NA,"HI",2023-06-16,NA,NA,NA,NA,NA,NA,NA,NA,NA,NA,NA,NA,NA,NA,NA,NA
"497",NA,NA,"HI",2023-06-17,NA,NA,NA,NA,NA,NA,NA,NA,NA,NA,NA,NA,NA,NA,NA,NA
"498",NA,NA,"HI",2023-06-18,NA,NA,NA,NA,NA,NA,NA,NA,NA,NA,NA,NA,NA,NA,NA,NA
"499",NA,NA,"HI",2023-06-19,NA,NA,NA,NA,NA,NA,NA,NA,NA,NA,NA,NA,NA,NA,NA,NA
"500",NA,NA,"HI",2023-06-20,NA,NA,NA,NA,NA,NA,NA,NA,NA,NA,NA,NA,NA,NA,NA,NA
"501",NA,NA,"HI",2023-06-21,NA,NA,NA,NA,NA,NA,NA,NA,NA,NA,NA,NA,NA,NA,NA,NA
"502",0.513183637375142,0.330966126139211,"HI",2023-06-22,1,1,1,1,1,1,1,1,1,1,1,1,1,1,1,1
"503",NA,NA,"HI",2023-06-23,NA,NA,NA,NA,NA,NA,NA,NA,NA,NA,NA,NA,NA,NA,NA,NA
"504",NA,NA,"HI",2023-06-24,NA,NA,NA,NA,NA,NA,NA,NA,NA,NA,NA,NA,NA,NA,NA,NA
"505",0.867387141878915,0.600643019710844,"IA",2023-05-14,1,1,1,1,0,1,1,1,1,1,0,1,0,1,1,1
"506",0.441675391933898,0.0583021876157788,"IA",2023-05-15,1,1,1,1,1,1,1,1,1,1,0,1,0,1,1,1
"507",0.255712090713617,0.0603149132638164,"IA",2023-05-16,1,1,1,1,1,1,1,1,1,1,0,1,1,0,1,1
"508",2.22989885465415,0.478816806480457,"IA",2023-05-17,1,1,0,1,1,0,1,0,1,1,0,1,0,0,1,0
"509",0.871848717452003,0.29354185093228,"IA",2023-05-18,1,0,1,1,1,1,1,1,1,0,1,1,0,1,1,1
"510",NA,NA,"IA",2023-05-19,NA,NA,NA,NA,NA,NA,NA,NA,NA,NA,NA,NA,NA,NA,NA,NA
"511",0.90469438291707,0.238217724840669,"IA",2023-05-20,1,0,1,1,1,1,1,1,1,0,0,1,1,1,1,1
"512",0.369789864102425,0.194149416658897,"IA",2023-05-21,1,1,1,1,1,1,1,1,1,1,0,1,0,1,1,1
"513",1.0458185660218,0.73981767866707,"IA",2023-05-22,1,0,1,1,1,1,1,1,1,0,0,1,1,1,1,1
"514",NA,NA,"IA",2023-05-23,NA,NA,NA,NA,NA,NA,NA,NA,NA,NA,NA,NA,NA,NA,NA,NA
"515",0.316587249903645,0.0789817791963829,"IA",2023-05-24,1,1,1,1,1,1,1,1,1,1,1,1,1,1,1,1
"516",0.483359601142996,0.310941194387358,"IA",2023-05-25,1,1,1,1,1,1,1,1,1,1,0,1,0,1,1,1
"517",NA,NA,"IA",2023-05-26,NA,NA,NA,NA,NA,NA,NA,NA,NA,NA,NA,NA,NA,NA,NA,NA
"518",NA,NA,"IA",2023-05-27,NA,NA,NA,NA,NA,NA,NA,NA,NA,NA,NA,NA,NA,NA,NA,NA
"519",1.54499823932547,0.523716733198836,"IA",2023-05-28,1,1,0,1,0,1,1,1,1,1,0,1,0,1,1,1
"520",NA,NA,"IA",2023-05-29,NA,NA,NA,NA,NA,NA,NA,NA,NA,NA,NA,NA,NA,NA,NA,NA
"521",0.908620475735009,0.628292169046409,"IA",2023-05-30,1,1,1,0,1,1,1,1,1,1,1,0,1,0,1,1
"522",0.886205233193866,0.621779321138032,"IA",2023-05-31,1,1,1,0,1,1,1,1,1,1,1,0,0,1,1,1
"523",0.126386158774182,0.10282039658963,"IA",2023-06-01,1,1,1,1,1,1,1,1,1,1,1,1,1,1,1,1
"524",0.866377885122193,0.406730777987705,"IA",2023-06-02,1,0,1,1,1,1,1,1,1,0,0,1,1,1,1,1
"525",0.139356802303737,0.10968182513534,"IA",2023-06-03,1,1,1,1,1,1,1,1,1,1,1,1,1,1,1,1
"526",NA,NA,"IA",2023-06-04,NA,NA,NA,NA,NA,NA,NA,NA,NA,NA,NA,NA,NA,NA,NA,NA
"527",0.432872940057769,0.298967070926178,"IA",2023-06-05,1,1,1,1,1,1,1,1,1,1,1,1,1,1,1,1
"528",1.0076432992418,0.702381043371272,"IA",2023-06-06,1,1,1,1,1,1,0,1,1,1,0,1,1,1,0,1
"529",NA,NA,"IA",2023-06-07,NA,NA,NA,NA,NA,NA,NA,NA,NA,NA,NA,NA,NA,NA,NA,NA
"530",0.177287622238731,0.128520776628978,"IA",2023-06-08,1,1,1,1,1,1,1,1,1,1,0,1,0,1,1,1
"531",NA,NA,"IA",2023-06-09,NA,NA,NA,NA,NA,NA,NA,NA,NA,NA,NA,NA,NA,NA,NA,NA
"532",NA,NA,"IA",2023-06-10,NA,NA,NA,NA,NA,NA,NA,NA,NA,NA,NA,NA,NA,NA,NA,NA
"533",NA,NA,"IA",2023-06-11,NA,NA,NA,NA,NA,NA,NA,NA,NA,NA,NA,NA,NA,NA,NA,NA
"534",NA,NA,"IA",2023-06-12,NA,NA,NA,NA,NA,NA,NA,NA,NA,NA,NA,NA,NA,NA,NA,NA
"535",1.15408232378627,0.45008141492151,"IA",2023-06-13,1,0,1,1,1,1,1,1,1,0,0,0,0,1,1,1
"536",NA,NA,"IA",2023-06-14,NA,NA,NA,NA,NA,NA,NA,NA,NA,NA,NA,NA,NA,NA,NA,NA
"537",0.955270148540886,0.67303871822001,"IA",2023-06-15,1,1,1,1,1,1,0,1,1,1,1,1,0,1,0,1
"538",NA,NA,"IA",2023-06-16,NA,NA,NA,NA,NA,NA,NA,NA,NA,NA,NA,NA,NA,NA,NA,NA
"539",NA,NA,"IA",2023-06-17,NA,NA,NA,NA,NA,NA,NA,NA,NA,NA,NA,NA,NA,NA,NA,NA
"540",0.616261760588239,0.420984334714369,"IA",2023-06-18,1,1,1,1,0,1,1,1,1,1,0,1,0,1,1,1
"541",NA,NA,"IA",2023-06-19,NA,NA,NA,NA,NA,NA,NA,NA,NA,NA,NA,NA,NA,NA,NA,NA
"542",0.241607384400857,0.183851607115912,"IA",2023-06-20,1,1,1,1,1,1,1,1,1,1,1,1,1,1,1,1
"543",0.587336963728684,0.409714840141355,"IA",2023-06-21,1,1,1,1,1,1,1,1,1,1,0,1,0,1,1,1
"544",0.553516027939979,0.330016713786752,"IA",2023-06-22,1,1,1,1,1,1,1,1,1,1,0,0,1,1,1,1
"545",1.18895613273186,0.372155128625314,"IA",2023-06-23,1,1,1,0,1,1,1,1,1,1,0,0,1,1,1,1
"546",0.572532707452531,0.399657156973844,"IA",2023-06-24,1,1,1,1,1,1,1,1,1,1,1,1,1,1,1,1
"547",NA,NA,"ID",2023-05-14,NA,NA,NA,NA,NA,NA,NA,NA,NA,NA,NA,NA,NA,NA,NA,NA
"548",NA,NA,"ID",2023-05-15,NA,NA,NA,NA,NA,NA,NA,NA,NA,NA,NA,NA,NA,NA,NA,NA
"549",NA,NA,"ID",2023-05-16,NA,NA,NA,NA,NA,NA,NA,NA,NA,NA,NA,NA,NA,NA,NA,NA
"550",NA,NA,"ID",2023-05-17,NA,NA,NA,NA,NA,NA,NA,NA,NA,NA,NA,NA,NA,NA,NA,NA
"551",NA,NA,"ID",2023-05-18,NA,NA,NA,NA,NA,NA,NA,NA,NA,NA,NA,NA,NA,NA,NA,NA
"552",NA,NA,"ID",2023-05-19,NA,NA,NA,NA,NA,NA,NA,NA,NA,NA,NA,NA,NA,NA,NA,NA
"553",NA,NA,"ID",2023-05-20,NA,NA,NA,NA,NA,NA,NA,NA,NA,NA,NA,NA,NA,NA,NA,NA
"554",NA,NA,"ID",2023-05-21,NA,NA,NA,NA,NA,NA,NA,NA,NA,NA,NA,NA,NA,NA,NA,NA
"555",NA,NA,"ID",2023-05-22,NA,NA,NA,NA,NA,NA,NA,NA,NA,NA,NA,NA,NA,NA,NA,NA
"556",NA,NA,"ID",2023-05-23,NA,NA,NA,NA,NA,NA,NA,NA,NA,NA,NA,NA,NA,NA,NA,NA
"557",NA,NA,"ID",2023-05-24,NA,NA,NA,NA,NA,NA,NA,NA,NA,NA,NA,NA,NA,NA,NA,NA
"558",NA,NA,"ID",2023-05-25,NA,NA,NA,NA,NA,NA,NA,NA,NA,NA,NA,NA,NA,NA,NA,NA
"559",NA,NA,"ID",2023-05-26,NA,NA,NA,NA,NA,NA,NA,NA,NA,NA,NA,NA,NA,NA,NA,NA
"560",NA,NA,"ID",2023-05-27,NA,NA,NA,NA,NA,NA,NA,NA,NA,NA,NA,NA,NA,NA,NA,NA
"561",NA,NA,"ID",2023-05-28,NA,NA,NA,NA,NA,NA,NA,NA,NA,NA,NA,NA,NA,NA,NA,NA
"562",NA,NA,"ID",2023-05-29,NA,NA,NA,NA,NA,NA,NA,NA,NA,NA,NA,NA,NA,NA,NA,NA
"563",NA,NA,"ID",2023-05-30,NA,NA,NA,NA,NA,NA,NA,NA,NA,NA,NA,NA,NA,NA,NA,NA
"564",NA,NA,"ID",2023-05-31,NA,NA,NA,NA,NA,NA,NA,NA,NA,NA,NA,NA,NA,NA,NA,NA
"565",NA,NA,"ID",2023-06-01,NA,NA,NA,NA,NA,NA,NA,NA,NA,NA,NA,NA,NA,NA,NA,NA
"566",NA,NA,"ID",2023-06-02,NA,NA,NA,NA,NA,NA,NA,NA,NA,NA,NA,NA,NA,NA,NA,NA
"567",NA,NA,"ID",2023-06-03,NA,NA,NA,NA,NA,NA,NA,NA,NA,NA,NA,NA,NA,NA,NA,NA
"568",NA,NA,"ID",2023-06-04,NA,NA,NA,NA,NA,NA,NA,NA,NA,NA,NA,NA,NA,NA,NA,NA
"569",NA,NA,"ID",2023-06-05,NA,NA,NA,NA,NA,NA,NA,NA,NA,NA,NA,NA,NA,NA,NA,NA
"570",NA,NA,"ID",2023-06-06,NA,NA,NA,NA,NA,NA,NA,NA,NA,NA,NA,NA,NA,NA,NA,NA
"571",NA,NA,"ID",2023-06-07,NA,NA,NA,NA,NA,NA,NA,NA,NA,NA,NA,NA,NA,NA,NA,NA
"572",NA,NA,"ID",2023-06-08,NA,NA,NA,NA,NA,NA,NA,NA,NA,NA,NA,NA,NA,NA,NA,NA
"573",NA,NA,"ID",2023-06-09,NA,NA,NA,NA,NA,NA,NA,NA,NA,NA,NA,NA,NA,NA,NA,NA
"574",NA,NA,"ID",2023-06-10,NA,NA,NA,NA,NA,NA,NA,NA,NA,NA,NA,NA,NA,NA,NA,NA
"575",NA,NA,"ID",2023-06-11,NA,NA,NA,NA,NA,NA,NA,NA,NA,NA,NA,NA,NA,NA,NA,NA
"576",NA,NA,"ID",2023-06-12,NA,NA,NA,NA,NA,NA,NA,NA,NA,NA,NA,NA,NA,NA,NA,NA
"577",NA,NA,"ID",2023-06-13,NA,NA,NA,NA,NA,NA,NA,NA,NA,NA,NA,NA,NA,NA,NA,NA
"578",0.808284597334691,0.530970627977868,"ID",2023-06-14,1,1,1,1,0,1,1,1,1,1,0,1,0,1,1,1
"579",NA,NA,"ID",2023-06-15,NA,NA,NA,NA,NA,NA,NA,NA,NA,NA,NA,NA,NA,NA,NA,NA
"580",NA,NA,"ID",2023-06-16,NA,NA,NA,NA,NA,NA,NA,NA,NA,NA,NA,NA,NA,NA,NA,NA
"581",NA,NA,"ID",2023-06-17,NA,NA,NA,NA,NA,NA,NA,NA,NA,NA,NA,NA,NA,NA,NA,NA
"582",NA,NA,"ID",2023-06-18,NA,NA,NA,NA,NA,NA,NA,NA,NA,NA,NA,NA,NA,NA,NA,NA
"583",NA,NA,"ID",2023-06-19,NA,NA,NA,NA,NA,NA,NA,NA,NA,NA,NA,NA,NA,NA,NA,NA
"584",0.201650349979794,0.167301572280847,"ID",2023-06-20,1,1,1,1,1,1,1,1,1,1,1,1,1,1,1,1
"585",NA,NA,"ID",2023-06-21,NA,NA,NA,NA,NA,NA,NA,NA,NA,NA,NA,NA,NA,NA,NA,NA
"586",NA,NA,"ID",2023-06-22,NA,NA,NA,NA,NA,NA,NA,NA,NA,NA,NA,NA,NA,NA,NA,NA
"587",NA,NA,"ID",2023-06-23,NA,NA,NA,NA,NA,NA,NA,NA,NA,NA,NA,NA,NA,NA,NA,NA
"588",NA,NA,"ID",2023-06-24,NA,NA,NA,NA,NA,NA,NA,NA,NA,NA,NA,NA,NA,NA,NA,NA
"589",0.447827920070414,0.201035346667121,"IL",2023-05-14,1,1,1,1,1,1,1,1,1,1,0,1,1,0,1,1
"590",1.17959277108725,0.27570078137922,"IL",2023-05-15,1,0,1,1,1,1,1,1,1,0,0,1,1,0,1,1
"591",1.93697691020065,0.456825285088513,"IL",2023-05-16,1,1,0,0,1,0,1,1,1,1,0,0,0,0,1,1
"592",1.3121650859755,0.329487412028775,"IL",2023-05-17,1,1,1,1,1,1,1,1,1,1,0,0,0,0,1,1
"593",0.796747945849498,0.272790943759041,"IL",2023-05-18,1,1,1,1,1,1,1,1,1,1,0,0,1,1,1,1
"594",4.10911854340806,0.4455577448798,"IL",2023-05-19,1,0,0,1,0,0,1,1,1,0,0,1,0,0,1,1
"595",0.882138712342392,0.316801868144794,"IL",2023-05-20,1,1,1,1,1,0,1,1,1,1,0,0,0,0,1,1
"596",0.46891807385253,0.20252249535149,"IL",2023-05-21,1,1,1,1,1,1,1,1,1,1,0,0,1,1,1,1
"597",1.83902980335453,0.132325340571648,"IL",2023-05-22,1,1,0,1,1,1,1,1,1,1,0,0,1,1,1,1
"598",1.92252301952615,0.288676407364963,"IL",2023-05-23,1,0,1,0,1,1,1,0,1,0,1,0,0,1,1,0
"599",2.36612706473047,0.340737253632576,"IL",2023-05-24,1,0,1,0,1,1,1,0,1,0,0,0,0,0,1,0
"600",1.01554945907408,0.0993168806571109,"IL",2023-05-25,1,1,0,1,1,1,1,1,1,1,0,0,0,1,1,1
"601",0.782554516920091,0.226315475416754,"IL",2023-05-26,1,1,1,1,1,1,1,1,1,1,0,0,1,1,1,1
"602",0.45286617091245,0.109815580374442,"IL",2023-05-27,1,1,1,1,1,1,1,1,1,1,1,1,1,1,1,1
"603",0.620615879650044,0.347970542163367,"IL",2023-05-28,1,1,1,1,0,1,1,1,1,1,1,1,0,0,1,1
"604",0.931710807241543,0.657086981817419,"IL",2023-05-29,1,1,1,1,1,0,1,1,1,1,0,1,1,0,1,1
"605",1.25939900357371,0.295392172360439,"IL",2023-05-30,1,0,1,0,1,1,1,1,1,0,0,1,0,1,1,1
"606",0.984329284664124,0.321222827750279,"IL",2023-05-31,1,0,1,1,1,1,1,1,1,0,1,0,0,0,1,1
"607",1.01929761237157,0.395067524292442,"IL",2023-06-01,1,0,1,1,1,1,1,1,1,0,0,0,0,1,1,1
"608",1.68636757727718,0.419643032879173,"IL",2023-06-02,1,0,1,1,1,1,1,1,1,0,1,0,1,1,1,1
"609",0.865596613301013,0.383628708929342,"IL",2023-06-03,1,1,1,1,1,0,1,1,1,1,0,0,0,1,1,1
"610",0.217268670004828,0.160317177373499,"IL",2023-06-04,1,1,1,1,1,1,1,1,1,1,1,1,1,1,1,1
"611",1.26473554813379,0.308001232518139,"IL",2023-06-05,1,1,1,1,1,1,1,0,1,1,0,0,0,1,1,0
"612",1.32844394019629,0.407080513653042,"IL",2023-06-06,1,1,1,1,0,1,1,1,1,1,1,0,0,0,1,1
"613",1.56700256878912,0.18272300097521,"IL",2023-06-07,1,1,0,0,1,1,1,1,1,1,0,0,1,1,1,1
"614",0.995116955508481,0.331260559852051,"IL",2023-06-08,1,0,1,1,1,1,1,1,1,0,1,1,0,1,1,1
"615",0.898204822534685,0.349693715834069,"IL",2023-06-09,1,1,1,1,1,1,1,1,1,1,0,0,1,1,1,1
"616",1.61482017626851,0.514537005550136,"IL",2023-06-10,1,0,1,0,1,1,1,0,1,0,1,0,0,0,1,0
"617",0.68949977166235,0.368230680112582,"IL",2023-06-11,1,1,1,1,0,1,1,1,1,1,1,0,0,1,1,1
"618",0.709055295635411,0.371236927661424,"IL",2023-06-12,1,1,1,1,0,1,1,1,1,1,0,1,0,1,1,1
"619",1.26858871151342,0.500317980783542,"IL",2023-06-13,1,1,0,1,1,1,1,0,1,1,1,0,0,1,1,0
"620",0.413705436962805,0.315406881010659,"IL",2023-06-14,1,1,1,1,1,1,1,1,1,1,1,1,1,1,1,1
"621",1.28142343118182,0.287574877612373,"IL",2023-06-15,1,1,1,0,1,1,1,1,1,1,1,0,0,1,1,1
"622",2.53452160168538,0.474892649392314,"IL",2023-06-16,1,0,1,0,1,1,1,0,1,0,0,0,0,1,1,0
"623",0.945322268752113,0.268940558528458,"IL",2023-06-17,1,1,0,1,1,1,1,1,1,1,0,0,1,1,1,1
"624",0.430786237655322,0.278316904167616,"IL",2023-06-18,1,1,1,1,1,1,1,1,1,1,0,0,1,1,1,1
"625",2.55844056102761,0.458646859131429,"IL",2023-06-19,1,1,1,0,0,1,1,0,1,1,1,0,0,0,1,0
"626",1.7567792676895,0.381662044888264,"IL",2023-06-20,1,0,1,1,0,1,1,1,1,0,0,0,0,1,1,1
"627",0.879906073676215,0.373993014329337,"IL",2023-06-21,1,1,1,1,1,1,0,1,1,1,1,0,0,1,0,1
"628",NA,NA,"IL",2023-06-22,NA,NA,NA,NA,NA,NA,NA,NA,NA,NA,NA,NA,NA,NA,NA,NA
"629",0.464328894341036,0.326347493831645,"IL",2023-06-23,1,1,1,1,1,1,1,1,1,1,0,0,1,1,1,1
"630",0.755431822234326,0.231797139030571,"IL",2023-06-24,1,1,1,0,1,1,1,1,1,1,0,0,1,1,1,1
"631",0.0627992845222122,0.0457426950078214,"IN",2023-05-14,1,1,1,1,1,1,1,1,1,1,1,1,1,1,1,1
"632",NA,NA,"IN",2023-05-15,NA,NA,NA,NA,NA,NA,NA,NA,NA,NA,NA,NA,NA,NA,NA,NA
"633",1.10602285361293,0.774362875967959,"IN",2023-05-16,1,1,1,1,1,1,1,0,1,1,0,1,1,1,1,0
"634",0.0719051369431262,0.0551377865557488,"IN",2023-05-17,1,1,1,1,1,1,1,1,1,1,1,1,1,1,1,1
"635",0.082158920655255,0.0586401017786286,"IN",2023-05-18,1,1,1,1,1,1,1,1,1,1,1,1,1,1,1,1
"636",0.0815575404812417,0.0623395737087519,"IN",2023-05-19,1,1,1,1,1,1,1,1,1,1,0,0,1,1,1,1
"637",1.82745438629013,0.38418448812188,"IN",2023-05-20,1,1,1,1,0,1,1,0,1,1,0,0,0,1,1,0
"638",0.421765694142456,0.196897795064622,"IN",2023-05-21,1,1,1,1,1,1,1,1,1,1,1,0,1,0,1,1
"639",1.07167686704422,0.742460704907986,"IN",2023-05-22,1,0,1,1,1,1,1,1,1,0,1,0,1,1,1,1
"640",NA,NA,"IN",2023-05-23,NA,NA,NA,NA,NA,NA,NA,NA,NA,NA,NA,NA,NA,NA,NA,NA
"641",NA,NA,"IN",2023-05-24,NA,NA,NA,NA,NA,NA,NA,NA,NA,NA,NA,NA,NA,NA,NA,NA
"642",NA,NA,"IN",2023-05-25,NA,NA,NA,NA,NA,NA,NA,NA,NA,NA,NA,NA,NA,NA,NA,NA
"643",0.754748468148593,0.517839225409087,"IN",2023-05-26,1,1,1,0,1,1,1,1,1,1,0,0,1,1,1,1
"644",NA,NA,"IN",2023-05-27,NA,NA,NA,NA,NA,NA,NA,NA,NA,NA,NA,NA,NA,NA,NA,NA
"645",0.802093132577293,0.2359467367981,"IN",2023-05-28,1,1,1,1,1,1,1,1,1,1,1,1,1,1,1,1
"646",NA,NA,"IN",2023-05-29,NA,NA,NA,NA,NA,NA,NA,NA,NA,NA,NA,NA,NA,NA,NA,NA
"647",1.01496662032919,0.706451198423288,"IN",2023-05-30,1,0,1,1,1,1,1,1,1,0,0,1,1,1,1,1
"648",0.854276573799464,0.349010890935418,"IN",2023-05-31,1,1,1,1,1,1,1,1,1,1,0,0,1,0,1,1
"649",0.176740364017551,0.131104454491031,"IN",2023-06-01,1,1,1,1,1,1,1,1,1,1,1,1,1,1,1,1
"650",0.79528620990172,0.390170388199418,"IN",2023-06-02,1,1,1,1,1,0,1,1,1,1,1,0,1,0,1,1
"651",0.852006848091589,0.596202228449839,"IN",2023-06-03,1,1,1,1,0,1,1,1,1,0,1,1,0,1,1,1
"652",NA,NA,"IN",2023-06-04,NA,NA,NA,NA,NA,NA,NA,NA,NA,NA,NA,NA,NA,NA,NA,NA
"653",0.997955350531925,0.16073440501494,"IN",2023-06-05,1,1,0,1,1,1,1,1,1,1,0,0,1,1,1,1
"654",0.580027247386681,0.386280674352463,"IN",2023-06-06,1,1,1,1,1,1,1,1,1,1,1,0,0,1,1,1
"655",NA,NA,"IN",2023-06-07,NA,NA,NA,NA,NA,NA,NA,NA,NA,NA,NA,NA,NA,NA,NA,NA
"656",0.25812169357219,0.185561298774947,"IN",2023-06-08,1,1,1,1,1,1,1,1,1,1,1,1,1,1,1,1
"657",NA,NA,"IN",2023-06-09,NA,NA,NA,NA,NA,NA,NA,NA,NA,NA,NA,NA,NA,NA,NA,NA
"658",0.981314466930053,0.474467268001807,"IN",2023-06-10,1,1,1,1,1,0,1,1,1,1,0,1,1,0,1,1
"659",NA,NA,"IN",2023-06-11,NA,NA,NA,NA,NA,NA,NA,NA,NA,NA,NA,NA,NA,NA,NA,NA
"660",NA,NA,"IN",2023-06-12,NA,NA,NA,NA,NA,NA,NA,NA,NA,NA,NA,NA,NA,NA,NA,NA
"661",0.313325463406058,0.231418196924539,"IN",2023-06-13,1,1,1,1,1,1,1,1,1,1,0,1,0,1,1,1
"662",NA,NA,"IN",2023-06-14,NA,NA,NA,NA,NA,NA,NA,NA,NA,NA,NA,NA,NA,NA,NA,NA
"663",NA,NA,"IN",2023-06-15,NA,NA,NA,NA,NA,NA,NA,NA,NA,NA,NA,NA,NA,NA,NA,NA
"664",0.853043711000296,0.426456548013339,"IN",2023-06-16,1,1,1,1,1,0,1,1,1,1,0,1,1,0,1,1
"665",NA,NA,"IN",2023-06-17,NA,NA,NA,NA,NA,NA,NA,NA,NA,NA,NA,NA,NA,NA,NA,NA
"666",0.3024067695124,0.270573878139279,"IN",2023-06-18,1,1,1,1,1,1,1,1,1,1,0,1,1,0,1,1
"667",NA,NA,"IN",2023-06-19,NA,NA,NA,NA,NA,NA,NA,NA,NA,NA,NA,NA,NA,NA,NA,NA
"668",0.308555856061827,0.27211100343238,"IN",2023-06-20,1,1,1,1,1,1,1,1,1,1,0,0,1,1,1,1
"669",NA,NA,"IN",2023-06-21,NA,NA,NA,NA,NA,NA,NA,NA,NA,NA,NA,NA,NA,NA,NA,NA
"670",1.00062987168663,0.324129098367692,"IN",2023-06-22,1,1,0,1,1,1,1,1,1,0,0,1,1,1,1,1
"671",0.750097069156822,0.386172141094144,"IN",2023-06-23,1,1,1,1,0,1,1,1,1,1,1,0,0,1,1,1
"672",NA,NA,"IN",2023-06-24,NA,NA,NA,NA,NA,NA,NA,NA,NA,NA,NA,NA,NA,NA,NA,NA
"673",NA,NA,"KS",2023-05-14,NA,NA,NA,NA,NA,NA,NA,NA,NA,NA,NA,NA,NA,NA,NA,NA
"674",NA,NA,"KS",2023-05-15,NA,NA,NA,NA,NA,NA,NA,NA,NA,NA,NA,NA,NA,NA,NA,NA
"675",0.859481999166731,0.687238626778641,"KS",2023-05-16,1,1,1,0,1,1,1,1,1,1,0,0,1,1,1,1
"676",NA,NA,"KS",2023-05-17,NA,NA,NA,NA,NA,NA,NA,NA,NA,NA,NA,NA,NA,NA,NA,NA
"677",NA,NA,"KS",2023-05-18,NA,NA,NA,NA,NA,NA,NA,NA,NA,NA,NA,NA,NA,NA,NA,NA
"678",NA,NA,"KS",2023-05-19,NA,NA,NA,NA,NA,NA,NA,NA,NA,NA,NA,NA,NA,NA,NA,NA
"679",NA,NA,"KS",2023-05-20,NA,NA,NA,NA,NA,NA,NA,NA,NA,NA,NA,NA,NA,NA,NA,NA
"680",NA,NA,"KS",2023-05-21,NA,NA,NA,NA,NA,NA,NA,NA,NA,NA,NA,NA,NA,NA,NA,NA
"681",NA,NA,"KS",2023-05-22,NA,NA,NA,NA,NA,NA,NA,NA,NA,NA,NA,NA,NA,NA,NA,NA
"682",0.700596250930184,0.548013948515576,"KS",2023-05-23,1,1,1,1,0,1,1,1,1,1,0,1,0,1,1,1
"683",NA,NA,"KS",2023-05-24,NA,NA,NA,NA,NA,NA,NA,NA,NA,NA,NA,NA,NA,NA,NA,NA
"684",0.171481681595931,0.0911910620603186,"KS",2023-05-25,1,1,1,1,1,1,1,1,1,1,1,1,1,1,1,1
"685",NA,NA,"KS",2023-05-26,NA,NA,NA,NA,NA,NA,NA,NA,NA,NA,NA,NA,NA,NA,NA,NA
"686",NA,NA,"KS",2023-05-27,NA,NA,NA,NA,NA,NA,NA,NA,NA,NA,NA,NA,NA,NA,NA,NA
"687",NA,NA,"KS",2023-05-28,NA,NA,NA,NA,NA,NA,NA,NA,NA,NA,NA,NA,NA,NA,NA,NA
"688",NA,NA,"KS",2023-05-29,NA,NA,NA,NA,NA,NA,NA,NA,NA,NA,NA,NA,NA,NA,NA,NA
"689",0.673482821219378,0.576701433158298,"KS",2023-05-30,1,1,1,0,1,1,1,1,1,1,0,0,1,1,1,1
"690",NA,NA,"KS",2023-05-31,NA,NA,NA,NA,NA,NA,NA,NA,NA,NA,NA,NA,NA,NA,NA,NA
"691",NA,NA,"KS",2023-06-01,NA,NA,NA,NA,NA,NA,NA,NA,NA,NA,NA,NA,NA,NA,NA,NA
"692",NA,NA,"KS",2023-06-02,NA,NA,NA,NA,NA,NA,NA,NA,NA,NA,NA,NA,NA,NA,NA,NA
"693",NA,NA,"KS",2023-06-03,NA,NA,NA,NA,NA,NA,NA,NA,NA,NA,NA,NA,NA,NA,NA,NA
"694",NA,NA,"KS",2023-06-04,NA,NA,NA,NA,NA,NA,NA,NA,NA,NA,NA,NA,NA,NA,NA,NA
"695",NA,NA,"KS",2023-06-05,NA,NA,NA,NA,NA,NA,NA,NA,NA,NA,NA,NA,NA,NA,NA,NA
"696",NA,NA,"KS",2023-06-06,NA,NA,NA,NA,NA,NA,NA,NA,NA,NA,NA,NA,NA,NA,NA,NA
"697",NA,NA,"KS",2023-06-07,NA,NA,NA,NA,NA,NA,NA,NA,NA,NA,NA,NA,NA,NA,NA,NA
"698",NA,NA,"KS",2023-06-08,NA,NA,NA,NA,NA,NA,NA,NA,NA,NA,NA,NA,NA,NA,NA,NA
"699",NA,NA,"KS",2023-06-09,NA,NA,NA,NA,NA,NA,NA,NA,NA,NA,NA,NA,NA,NA,NA,NA
"700",NA,NA,"KS",2023-06-10,NA,NA,NA,NA,NA,NA,NA,NA,NA,NA,NA,NA,NA,NA,NA,NA
"701",NA,NA,"KS",2023-06-11,NA,NA,NA,NA,NA,NA,NA,NA,NA,NA,NA,NA,NA,NA,NA,NA
"702",NA,NA,"KS",2023-06-12,NA,NA,NA,NA,NA,NA,NA,NA,NA,NA,NA,NA,NA,NA,NA,NA
"703",NA,NA,"KS",2023-06-13,NA,NA,NA,NA,NA,NA,NA,NA,NA,NA,NA,NA,NA,NA,NA,NA
"704",0.359629092311289,0.204211082555921,"KS",2023-06-14,1,1,1,1,1,1,1,1,1,1,0,0,1,1,1,1
"705",0.850784514998009,0.636085165471571,"KS",2023-06-15,1,1,1,1,1,0,1,1,1,1,1,0,1,0,1,1
"706",NA,NA,"KS",2023-06-16,NA,NA,NA,NA,NA,NA,NA,NA,NA,NA,NA,NA,NA,NA,NA,NA
"707",NA,NA,"KS",2023-06-17,NA,NA,NA,NA,NA,NA,NA,NA,NA,NA,NA,NA,NA,NA,NA,NA
"708",NA,NA,"KS",2023-06-18,NA,NA,NA,NA,NA,NA,NA,NA,NA,NA,NA,NA,NA,NA,NA,NA
"709",NA,NA,"KS",2023-06-19,NA,NA,NA,NA,NA,NA,NA,NA,NA,NA,NA,NA,NA,NA,NA,NA
"710",0.435700134816165,0.247888573701715,"KS",2023-06-20,1,1,1,1,1,1,1,1,1,1,1,1,1,1,1,1
"711",NA,NA,"KS",2023-06-21,NA,NA,NA,NA,NA,NA,NA,NA,NA,NA,NA,NA,NA,NA,NA,NA
"712",NA,NA,"KS",2023-06-22,NA,NA,NA,NA,NA,NA,NA,NA,NA,NA,NA,NA,NA,NA,NA,NA
"713",NA,NA,"KS",2023-06-23,NA,NA,NA,NA,NA,NA,NA,NA,NA,NA,NA,NA,NA,NA,NA,NA
"714",NA,NA,"KS",2023-06-24,NA,NA,NA,NA,NA,NA,NA,NA,NA,NA,NA,NA,NA,NA,NA,NA
"715",NA,NA,"KY",2023-05-14,NA,NA,NA,NA,NA,NA,NA,NA,NA,NA,NA,NA,NA,NA,NA,NA
"716",0.847189357897238,0.624127730275127,"KY",2023-05-15,1,1,1,1,0,1,1,1,1,1,0,1,0,1,1,1
"717",NA,NA,"KY",2023-05-16,NA,NA,NA,NA,NA,NA,NA,NA,NA,NA,NA,NA,NA,NA,NA,NA
"718",NA,NA,"KY",2023-05-17,NA,NA,NA,NA,NA,NA,NA,NA,NA,NA,NA,NA,NA,NA,NA,NA
"719",NA,NA,"KY",2023-05-18,NA,NA,NA,NA,NA,NA,NA,NA,NA,NA,NA,NA,NA,NA,NA,NA
"720",NA,NA,"KY",2023-05-19,NA,NA,NA,NA,NA,NA,NA,NA,NA,NA,NA,NA,NA,NA,NA,NA
"721",NA,NA,"KY",2023-05-20,NA,NA,NA,NA,NA,NA,NA,NA,NA,NA,NA,NA,NA,NA,NA,NA
"722",NA,NA,"KY",2023-05-21,NA,NA,NA,NA,NA,NA,NA,NA,NA,NA,NA,NA,NA,NA,NA,NA
"723",0.452712442836664,0.100911154959505,"KY",2023-05-22,1,1,1,1,1,1,1,1,1,1,0,0,1,1,1,1
"724",0.694683933140104,0.519820977607992,"KY",2023-05-23,1,1,1,0,1,1,1,1,1,1,0,0,1,1,1,1
"725",0.673321318039761,0.508687629210054,"KY",2023-05-24,1,1,1,0,1,1,1,1,1,1,1,0,0,1,1,1
"726",NA,NA,"KY",2023-05-25,NA,NA,NA,NA,NA,NA,NA,NA,NA,NA,NA,NA,NA,NA,NA,NA
"727",NA,NA,"KY",2023-05-26,NA,NA,NA,NA,NA,NA,NA,NA,NA,NA,NA,NA,NA,NA,NA,NA
"728",NA,NA,"KY",2023-05-27,NA,NA,NA,NA,NA,NA,NA,NA,NA,NA,NA,NA,NA,NA,NA,NA
"729",NA,NA,"KY",2023-05-28,NA,NA,NA,NA,NA,NA,NA,NA,NA,NA,NA,NA,NA,NA,NA,NA
"730",NA,NA,"KY",2023-05-29,NA,NA,NA,NA,NA,NA,NA,NA,NA,NA,NA,NA,NA,NA,NA,NA
"731",NA,NA,"KY",2023-05-30,NA,NA,NA,NA,NA,NA,NA,NA,NA,NA,NA,NA,NA,NA,NA,NA
"732",NA,NA,"KY",2023-05-31,NA,NA,NA,NA,NA,NA,NA,NA,NA,NA,NA,NA,NA,NA,NA,NA
"733",NA,NA,"KY",2023-06-01,NA,NA,NA,NA,NA,NA,NA,NA,NA,NA,NA,NA,NA,NA,NA,NA
"734",NA,NA,"KY",2023-06-02,NA,NA,NA,NA,NA,NA,NA,NA,NA,NA,NA,NA,NA,NA,NA,NA
"735",NA,NA,"KY",2023-06-03,NA,NA,NA,NA,NA,NA,NA,NA,NA,NA,NA,NA,NA,NA,NA,NA
"736",NA,NA,"KY",2023-06-04,NA,NA,NA,NA,NA,NA,NA,NA,NA,NA,NA,NA,NA,NA,NA,NA
"737",NA,NA,"KY",2023-06-05,NA,NA,NA,NA,NA,NA,NA,NA,NA,NA,NA,NA,NA,NA,NA,NA
"738",0.355533206868771,0.284873430526437,"KY",2023-06-06,1,1,1,1,1,1,1,1,1,1,0,1,1,0,1,1
"739",NA,NA,"KY",2023-06-07,NA,NA,NA,NA,NA,NA,NA,NA,NA,NA,NA,NA,NA,NA,NA,NA
"740",NA,NA,"KY",2023-06-08,NA,NA,NA,NA,NA,NA,NA,NA,NA,NA,NA,NA,NA,NA,NA,NA
"741",NA,NA,"KY",2023-06-09,NA,NA,NA,NA,NA,NA,NA,NA,NA,NA,NA,NA,NA,NA,NA,NA
"742",NA,NA,"KY",2023-06-10,NA,NA,NA,NA,NA,NA,NA,NA,NA,NA,NA,NA,NA,NA,NA,NA
"743",NA,NA,"KY",2023-06-11,NA,NA,NA,NA,NA,NA,NA,NA,NA,NA,NA,NA,NA,NA,NA,NA
"744",0.940039815853672,0.257036467877749,"KY",2023-06-12,1,1,0,1,1,1,1,1,1,1,0,0,1,1,1,1
"745",NA,NA,"KY",2023-06-13,NA,NA,NA,NA,NA,NA,NA,NA,NA,NA,NA,NA,NA,NA,NA,NA
"746",0.666228287467675,0.479538752416165,"KY",2023-06-14,1,1,1,1,0,1,1,1,1,1,0,1,0,1,1,1
"747",NA,NA,"KY",2023-06-15,NA,NA,NA,NA,NA,NA,NA,NA,NA,NA,NA,NA,NA,NA,NA,NA
"748",NA,NA,"KY",2023-06-16,NA,NA,NA,NA,NA,NA,NA,NA,NA,NA,NA,NA,NA,NA,NA,NA
"749",NA,NA,"KY",2023-06-17,NA,NA,NA,NA,NA,NA,NA,NA,NA,NA,NA,NA,NA,NA,NA,NA
"750",NA,NA,"KY",2023-06-18,NA,NA,NA,NA,NA,NA,NA,NA,NA,NA,NA,NA,NA,NA,NA,NA
"751",0.655647551714674,0.476980343050439,"KY",2023-06-19,1,1,1,1,0,1,1,1,1,1,1,1,0,0,1,1
"752",NA,NA,"KY",2023-06-20,NA,NA,NA,NA,NA,NA,NA,NA,NA,NA,NA,NA,NA,NA,NA,NA
"753",NA,NA,"KY",2023-06-21,NA,NA,NA,NA,NA,NA,NA,NA,NA,NA,NA,NA,NA,NA,NA,NA
"754",NA,NA,"KY",2023-06-22,NA,NA,NA,NA,NA,NA,NA,NA,NA,NA,NA,NA,NA,NA,NA,NA
"755",NA,NA,"KY",2023-06-23,NA,NA,NA,NA,NA,NA,NA,NA,NA,NA,NA,NA,NA,NA,NA,NA
"756",NA,NA,"KY",2023-06-24,NA,NA,NA,NA,NA,NA,NA,NA,NA,NA,NA,NA,NA,NA,NA,NA
"757",NA,NA,"LA",2023-05-14,NA,NA,NA,NA,NA,NA,NA,NA,NA,NA,NA,NA,NA,NA,NA,NA
"758",0.789281183305997,0.374521686005657,"LA",2023-05-15,1,1,1,1,0,1,1,1,1,1,0,1,0,1,1,1
"759",0.679826771418753,0.267959260568247,"LA",2023-05-16,1,1,1,1,0,1,1,1,1,1,0,1,0,1,1,1
"760",0.590909389288974,0.331626678675672,"LA",2023-05-17,1,1,1,1,1,1,1,1,1,1,1,0,0,1,1,1
"761",NA,NA,"LA",2023-05-18,NA,NA,NA,NA,NA,NA,NA,NA,NA,NA,NA,NA,NA,NA,NA,NA
"762",NA,NA,"LA",2023-05-19,NA,NA,NA,NA,NA,NA,NA,NA,NA,NA,NA,NA,NA,NA,NA,NA
"763",NA,NA,"LA",2023-05-20,NA,NA,NA,NA,NA,NA,NA,NA,NA,NA,NA,NA,NA,NA,NA,NA
"764",0.0898666674102347,0.0761712998426548,"LA",2023-05-21,1,1,1,1,1,1,1,1,1,1,1,1,1,1,1,1
"765",0.507470016932941,0.314302710537894,"LA",2023-05-22,1,1,1,1,1,1,1,1,1,1,0,0,1,1,1,1
"766",0.430504765597886,0.19800115960045,"LA",2023-05-23,1,1,1,1,1,1,1,1,1,1,1,0,1,0,1,1
"767",NA,NA,"LA",2023-05-24,NA,NA,NA,NA,NA,NA,NA,NA,NA,NA,NA,NA,NA,NA,NA,NA
"768",0.854969585295775,0.0947364027260675,"LA",2023-05-25,1,1,0,1,1,1,1,1,1,1,0,1,0,1,1,1
"769",NA,NA,"LA",2023-05-26,NA,NA,NA,NA,NA,NA,NA,NA,NA,NA,NA,NA,NA,NA,NA,NA
"770",NA,NA,"LA",2023-05-27,NA,NA,NA,NA,NA,NA,NA,NA,NA,NA,NA,NA,NA,NA,NA,NA
"771",0.137668994989328,0.110927596242846,"LA",2023-05-28,1,1,1,1,1,1,1,1,1,1,1,1,1,1,1,1
"772",1.41692967871778,0.468370307021019,"LA",2023-05-29,1,1,0,0,1,1,1,1,1,1,0,0,1,1,1,1
"773",1.13930726154537,0.365565813593599,"LA",2023-05-30,1,1,1,1,1,0,1,1,1,1,0,0,1,0,1,1
"774",1.28878577559663,0.307273562517193,"LA",2023-05-31,1,0,1,1,1,1,1,1,1,0,1,0,1,0,1,0
"775",0.17334663330909,0.13567882417462,"LA",2023-06-01,1,1,1,1,1,1,1,1,1,1,0,1,0,1,1,1
"776",0.620582564869185,0.42245065949249,"LA",2023-06-02,1,1,1,1,1,1,1,1,1,1,0,0,1,1,1,1
"777",NA,NA,"LA",2023-06-03,NA,NA,NA,NA,NA,NA,NA,NA,NA,NA,NA,NA,NA,NA,NA,NA
"778",0.604706207436407,0.399761900609621,"LA",2023-06-04,1,1,1,1,1,1,1,1,1,1,1,0,0,1,1,1
"779",0.218418963034891,0.164079178129949,"LA",2023-06-05,1,1,1,1,1,1,1,1,1,1,1,1,1,1,1,1
"780",0.219773595779419,0.171738797008453,"LA",2023-06-06,1,1,1,1,1,1,1,1,1,1,0,0,1,1,1,1
"781",0.822999594204878,0.408519113761576,"LA",2023-06-07,1,1,1,1,1,0,1,1,1,1,0,1,1,0,1,1
"782",NA,NA,"LA",2023-06-08,NA,NA,NA,NA,NA,NA,NA,NA,NA,NA,NA,NA,NA,NA,NA,NA
"783",0.950562667754842,0.460690499633199,"LA",2023-06-09,1,1,1,1,0,1,1,1,1,1,0,1,0,1,1,1
"784",NA,NA,"LA",2023-06-10,NA,NA,NA,NA,NA,NA,NA,NA,NA,NA,NA,NA,NA,NA,NA,NA
"785",0.273314278746352,0.21319503736357,"LA",2023-06-11,1,1,1,1,1,1,1,1,1,1,0,0,1,1,1,1
"786",NA,NA,"LA",2023-06-12,NA,NA,NA,NA,NA,NA,NA,NA,NA,NA,NA,NA,NA,NA,NA,NA
"787",NA,NA,"LA",2023-06-13,NA,NA,NA,NA,NA,NA,NA,NA,NA,NA,NA,NA,NA,NA,NA,NA
"788",0.309418203465661,0.240364618593005,"LA",2023-06-14,1,1,1,1,1,1,1,1,1,1,0,1,0,1,1,1
"789",NA,NA,"LA",2023-06-15,NA,NA,NA,NA,NA,NA,NA,NA,NA,NA,NA,NA,NA,NA,NA,NA
"790",1.3926349955955,0.642960640411294,"LA",2023-06-16,1,0,1,1,1,0,1,1,1,0,0,0,1,0,1,1
"791",NA,NA,"LA",2023-06-17,NA,NA,NA,NA,NA,NA,NA,NA,NA,NA,NA,NA,NA,NA,NA,NA
"792",NA,NA,"LA",2023-06-18,NA,NA,NA,NA,NA,NA,NA,NA,NA,NA,NA,NA,NA,NA,NA,NA
"793",0.574342310694401,0.274755234767222,"LA",2023-06-19,1,1,1,1,1,1,1,1,1,1,0,0,0,1,1,1
"794",0.927604651275183,0.456211636297445,"LA",2023-06-20,1,1,1,1,1,0,1,1,1,1,1,0,1,0,1,1
"795",0.395667284398427,0.308853177025909,"LA",2023-06-21,1,1,1,1,1,1,1,1,1,1,0,0,1,1,1,1
"796",0.883325006012848,0.42816129783757,"LA",2023-06-22,1,1,1,1,1,1,0,1,1,1,0,1,1,1,0,1
"797",1.11166476138263,0.398112284872993,"LA",2023-06-23,1,1,1,1,1,1,1,0,1,1,1,0,1,1,1,0
"798",1.00912453560879,0.339626529052283,"LA",2023-06-24,1,1,0,1,1,1,1,1,1,1,0,0,1,1,1,1
"799",NA,NA,"MA",2023-05-14,NA,NA,NA,NA,NA,NA,NA,NA,NA,NA,NA,NA,NA,NA,NA,NA
"800",1.22466061849799,0.581472980556435,"MA",2023-05-15,1,0,1,1,1,0,1,1,1,0,0,1,0,0,1,1
"801",NA,NA,"MA",2023-05-16,NA,NA,NA,NA,NA,NA,NA,NA,NA,NA,NA,NA,NA,NA,NA,NA
"802",0.752366973516434,0.201178181573777,"MA",2023-05-17,1,1,0,1,1,1,1,1,1,1,0,1,0,1,1,1
"803",1.45285644472492,0.414742604343575,"MA",2023-05-18,1,0,1,1,1,1,1,1,1,0,1,1,0,1,0,1
"804",1.42272942655552,0.444554228392116,"MA",2023-05-19,1,0,0,1,0,1,1,1,1,0,1,1,1,1,0,1
"805",0.328624680336231,0.23041330618934,"MA",2023-05-20,1,1,1,1,1,1,1,1,1,1,0,1,1,0,1,1
"806",NA,NA,"MA",2023-05-21,NA,NA,NA,NA,NA,NA,NA,NA,NA,NA,NA,NA,NA,NA,NA,NA
"807",0.897169932951108,0.250728238461062,"MA",2023-05-22,1,1,0,1,1,1,1,1,1,1,0,0,0,1,1,1
"808",0.943155817523832,0.44400855563143,"MA",2023-05-23,1,1,1,1,1,1,1,1,1,1,1,1,0,0,1,1
"809",1.04582712351569,0.3854123233788,"MA",2023-05-24,1,1,1,0,1,1,1,1,1,1,0,0,0,1,0,1
"810",0.461630886099612,0.332784408107048,"MA",2023-05-25,1,1,1,1,1,1,1,1,1,1,1,1,0,1,1,0
"811",0.404223545280553,0.29254634070225,"MA",2023-05-26,1,1,1,1,1,1,1,1,1,1,0,1,1,0,1,1
"812",0.41335558892848,0.303109252057199,"MA",2023-05-27,1,1,1,1,1,1,1,1,1,1,0,1,0,1,1,1
"813",0.815138922900851,0.569331438660664,"MA",2023-05-28,1,0,1,1,1,1,1,1,1,0,0,1,1,1,1,1
"814",1.67370823877063,0.324193940159596,"MA",2023-05-29,1,1,0,1,1,1,1,1,1,1,0,0,1,1,1,1
"815",0.947220372784517,0.465269337909894,"MA",2023-05-30,1,1,1,1,1,1,1,0,1,1,0,1,0,1,1,0
"816",1.35630080120068,0.472692182033821,"MA",2023-05-31,1,1,0,1,1,1,0,0,1,0,1,0,1,0,0,0
"817",0.525202567634282,0.328838440411766,"MA",2023-06-01,1,1,1,1,1,1,1,1,1,1,1,1,1,1,1,1
"818",1.65203490687769,0.485821542383924,"MA",2023-06-02,1,1,1,1,1,0,1,0,1,1,0,1,1,1,1,0
"819",0.561308137009217,0.408569432306232,"MA",2023-06-03,1,1,1,0,1,1,1,1,1,1,1,0,1,1,0,1
"820",0.543198510091579,0.385439988630842,"MA",2023-06-04,1,1,0,1,1,1,1,1,1,1,0,1,1,0,1,1
"821",NA,NA,"MA",2023-06-05,NA,NA,NA,NA,NA,NA,NA,NA,NA,NA,NA,NA,NA,NA,NA,NA
"822",0.827124493081532,0.429356673847562,"MA",2023-06-06,1,1,1,1,1,1,1,1,1,1,1,1,1,1,1,1
"823",1.51058443683254,0.474530962188216,"MA",2023-06-07,1,1,0,1,1,1,1,0,1,1,0,0,1,0,1,0
"824",1.41873108755623,0.449100441604698,"MA",2023-06-08,1,0,1,0,1,1,1,1,1,0,0,0,1,1,1,1
"825",0.994903278662507,0.290926862928508,"MA",2023-06-09,1,1,1,1,0,1,1,1,1,1,1,1,0,0,1,1
"826",0.746951445869404,0.410705730545147,"MA",2023-06-10,1,1,1,1,1,1,1,1,1,1,1,0,0,1,1,1
"827",0.828886478834968,0.574053187757584,"MA",2023-06-11,1,0,1,1,1,1,1,1,1,0,1,0,1,1,1,1
"828",0.5012287386404,0.374860993727745,"MA",2023-06-12,1,1,1,1,1,1,1,1,1,1,1,0,1,1,0,1
"829",0.661403768798608,0.464616559423242,"MA",2023-06-13,1,1,0,1,1,1,1,1,1,1,0,0,1,1,1,1
"830",NA,NA,"MA",2023-06-14,NA,NA,NA,NA,NA,NA,NA,NA,NA,NA,NA,NA,NA,NA,NA,NA
"831",0.788572943885629,0.423221502718087,"MA",2023-06-15,1,1,0,1,1,1,1,1,1,1,0,1,0,1,1,1
"832",0.675978809344901,0.486452180681557,"MA",2023-06-16,1,1,0,1,1,1,1,1,1,1,0,1,1,0,1,1
"833",1.10294930305521,0.536623839199459,"MA",2023-06-17,1,0,0,1,1,1,1,1,1,0,1,0,1,1,1,1
"834",NA,NA,"MA",2023-06-18,NA,NA,NA,NA,NA,NA,NA,NA,NA,NA,NA,NA,NA,NA,NA,NA
"835",0.620914848635617,0.427287256236876,"MA",2023-06-19,1,1,1,1,1,0,1,1,1,1,1,0,1,0,1,1
"836",0.723399171986727,0.511888773958593,"MA",2023-06-20,1,1,0,1,1,1,1,1,1,1,0,1,0,1,1,1
"837",0.804751683888564,0.414182681916418,"MA",2023-06-21,1,1,0,1,1,1,1,1,1,1,0,0,1,1,1,1
"838",2.33763846503185,0.52311795247,"MA",2023-06-22,1,1,0,1,1,1,1,1,1,1,0,1,0,1,0,1
"839",0.522056405246812,0.335736089155361,"MA",2023-06-23,1,1,1,1,1,1,1,1,1,1,1,0,1,0,1,1
"840",NA,NA,"MA",2023-06-24,NA,NA,NA,NA,NA,NA,NA,NA,NA,NA,NA,NA,NA,NA,NA,NA
"841",0.956187958999551,0.686447769923976,"MD",2023-05-14,1,1,1,1,1,1,1,0,1,1,1,0,1,1,1,0
"842",0.729678197239594,0.378731496687749,"MD",2023-05-15,1,1,1,1,1,0,1,1,1,1,0,1,1,0,1,1
"843",1.25763092726196,0.597089945548555,"MD",2023-05-16,1,1,0,1,1,1,1,0,1,1,0,0,0,1,1,0
"844",0.907917469009652,0.421548691616481,"MD",2023-05-17,1,1,1,1,1,0,1,1,1,1,1,0,1,0,1,1
"845",1.06710792619774,0.15045303169508,"MD",2023-05-18,1,1,0,1,1,1,1,1,1,1,0,0,1,0,1,1
"846",0.629528837415335,0.473864076678495,"MD",2023-05-19,1,1,1,1,0,1,1,1,1,1,0,1,0,1,1,1
"847",NA,NA,"MD",2023-05-20,NA,NA,NA,NA,NA,NA,NA,NA,NA,NA,NA,NA,NA,NA,NA,NA
"848",1.14041206358047,0.366207238006538,"MD",2023-05-21,1,1,1,0,1,1,1,1,1,1,1,0,0,1,1,1
"849",0.973554967342049,0.362183662075734,"MD",2023-05-22,1,1,1,1,1,1,1,1,1,1,0,0,0,1,1,1
"850",0.633837776428529,0.44020693092278,"MD",2023-05-23,1,1,1,0,1,1,1,1,1,1,1,0,0,1,1,1
"851",1.00413832664124,0.50229533343772,"MD",2023-05-24,1,1,1,1,1,0,1,1,1,1,1,0,0,0,1,1
"852",0.772061271723514,0.425745366431633,"MD",2023-05-25,1,1,1,1,1,1,1,1,1,0,1,1,0,1,1,1
"853",0.330301796158407,0.221262844478766,"MD",2023-05-26,1,1,1,1,1,1,1,1,1,1,0,0,1,1,1,1
"854",0.774555660455897,0.560456703995894,"MD",2023-05-27,1,1,1,1,1,0,1,1,1,1,1,0,1,0,1,1
"855",0.560605513144932,0.389151759637731,"MD",2023-05-28,1,1,1,0,1,1,1,1,1,1,0,0,1,1,1,1
"856",1.16165346672944,0.390032397791689,"MD",2023-05-29,1,1,1,0,1,1,1,1,1,1,1,0,1,0,1,1
"857",1.06839249083998,0.356979745358894,"MD",2023-05-30,1,1,1,1,1,0,1,1,1,1,0,0,0,0,1,1
"858",0.894442173267255,0.473649779358402,"MD",2023-05-31,1,1,1,1,1,0,1,1,1,1,0,0,0,0,1,1
"859",1.01934840837115,0.507220957558104,"MD",2023-06-01,1,0,1,1,1,1,1,1,1,0,1,0,1,1,1,1
"860",0.99636718241583,0.292686392924244,"MD",2023-06-02,1,1,0,1,1,1,1,1,1,1,1,1,1,1,1,1
"861",0.509761466770936,0.392928862302413,"MD",2023-06-03,1,1,1,1,1,1,1,1,1,1,0,1,0,1,1,1
"862",0.595432163494061,0.358308145664942,"MD",2023-06-04,1,1,1,1,1,1,1,1,1,1,0,1,0,1,1,1
"863",2.42488791300487,0.324445801516788,"MD",2023-06-05,1,1,0,1,1,1,1,1,1,1,0,0,0,1,1,1
"864",0.534248597210506,0.322699722092584,"MD",2023-06-06,1,1,1,1,1,1,1,1,1,0,0,0,1,1,1,1
"865",0.537784480297068,0.343840612438908,"MD",2023-06-07,1,1,1,1,1,1,1,1,1,1,1,1,0,0,1,1
"866",1.00942936765978,0.335906410702214,"MD",2023-06-08,1,1,0,1,1,1,1,1,1,1,1,0,1,1,1,0
"867",1.30841950126503,0.408912412311169,"MD",2023-06-09,1,0,0,1,1,1,1,1,1,0,0,0,0,1,1,1
"868",0.423786007894791,0.281548114854314,"MD",2023-06-10,1,1,1,1,1,1,1,1,1,1,1,1,1,1,1,1
"869",1.20591768567484,0.509768689698035,"MD",2023-06-11,1,1,1,1,1,1,1,0,1,1,0,0,0,1,1,0
"870",0.914575491461257,0.422350924629457,"MD",2023-06-12,1,0,1,1,1,1,1,1,1,1,1,1,1,1,1,1
"871",0.635153606176514,0.328715530403081,"MD",2023-06-13,1,1,1,1,1,1,1,1,1,0,1,0,1,0,1,1
"872",0.571034378848943,0.336896690232772,"MD",2023-06-14,1,1,1,1,1,1,1,1,1,1,0,1,0,1,1,1
"873",NA,NA,"MD",2023-06-15,NA,NA,NA,NA,NA,NA,NA,NA,NA,NA,NA,NA,NA,NA,NA,NA
"874",1.33519627538424,0.379292160788778,"MD",2023-06-16,1,1,1,1,0,1,0,1,1,1,1,1,0,1,0,1
"875",1.09735988218992,0.533806260906638,"MD",2023-06-17,1,0,1,1,1,1,1,1,1,0,1,1,0,1,1,1
"876",0.3609139761104,0.235167624857207,"MD",2023-06-18,1,1,1,1,1,1,1,1,1,1,1,0,0,1,1,1
"877",0.503618335174229,0.389765442836479,"MD",2023-06-19,1,1,1,1,1,1,1,1,1,1,0,1,0,1,1,1
"878",0.868913191907262,0.225740770127129,"MD",2023-06-20,1,1,1,0,1,1,1,1,1,1,1,0,1,1,0,1
"879",0.827855785716648,0.577842215041792,"MD",2023-06-21,1,1,1,1,1,1,0,1,1,1,1,1,0,1,0,1
"880",0.889989244429236,0.628759415019104,"MD",2023-06-22,1,0,1,1,1,1,1,1,1,0,1,0,1,1,1,1
"881",3.19597668378268,0.41225403788721,"MD",2023-06-23,1,1,0,1,1,1,1,1,1,1,0,1,0,0,0,1
"882",0.722883252586281,0.519342525238652,"MD",2023-06-24,1,1,1,1,1,0,1,1,1,1,1,0,1,0,1,1
"883",0.399185995594257,0.0689166427514196,"ME",2023-05-14,1,1,1,1,1,1,1,1,1,1,0,1,0,1,1,1
"884",0.153764131251653,0.073522205770219,"ME",2023-05-15,1,1,1,1,1,1,1,1,1,1,1,1,1,1,1,1
"885",0.872469443547895,0.65012239624753,"ME",2023-05-16,1,1,1,1,0,1,1,1,1,1,1,0,0,1,1,1
"886",NA,NA,"ME",2023-05-17,NA,NA,NA,NA,NA,NA,NA,NA,NA,NA,NA,NA,NA,NA,NA,NA
"887",NA,NA,"ME",2023-05-18,NA,NA,NA,NA,NA,NA,NA,NA,NA,NA,NA,NA,NA,NA,NA,NA
"888",NA,NA,"ME",2023-05-19,NA,NA,NA,NA,NA,NA,NA,NA,NA,NA,NA,NA,NA,NA,NA,NA
"889",NA,NA,"ME",2023-05-20,NA,NA,NA,NA,NA,NA,NA,NA,NA,NA,NA,NA,NA,NA,NA,NA
"890",0.209013424613901,0.106773282890175,"ME",2023-05-21,1,1,1,1,1,1,1,1,1,1,1,1,1,1,1,1
"891",NA,NA,"ME",2023-05-22,NA,NA,NA,NA,NA,NA,NA,NA,NA,NA,NA,NA,NA,NA,NA,NA
"892",NA,NA,"ME",2023-05-23,NA,NA,NA,NA,NA,NA,NA,NA,NA,NA,NA,NA,NA,NA,NA,NA
"893",NA,NA,"ME",2023-05-24,NA,NA,NA,NA,NA,NA,NA,NA,NA,NA,NA,NA,NA,NA,NA,NA
"894",NA,NA,"ME",2023-05-25,NA,NA,NA,NA,NA,NA,NA,NA,NA,NA,NA,NA,NA,NA,NA,NA
"895",NA,NA,"ME",2023-05-26,NA,NA,NA,NA,NA,NA,NA,NA,NA,NA,NA,NA,NA,NA,NA,NA
"896",NA,NA,"ME",2023-05-27,NA,NA,NA,NA,NA,NA,NA,NA,NA,NA,NA,NA,NA,NA,NA,NA
"897",NA,NA,"ME",2023-05-28,NA,NA,NA,NA,NA,NA,NA,NA,NA,NA,NA,NA,NA,NA,NA,NA
"898",NA,NA,"ME",2023-05-29,NA,NA,NA,NA,NA,NA,NA,NA,NA,NA,NA,NA,NA,NA,NA,NA
"899",NA,NA,"ME",2023-05-30,NA,NA,NA,NA,NA,NA,NA,NA,NA,NA,NA,NA,NA,NA,NA,NA
"900",0.368510622196307,0.185262669046171,"ME",2023-05-31,1,1,1,1,1,1,1,1,1,1,0,0,1,1,1,1
"901",0.385072915631961,0.349072434403957,"ME",2023-06-01,1,1,1,1,1,1,1,1,1,1,1,1,1,1,1,1
"902",NA,NA,"ME",2023-06-02,NA,NA,NA,NA,NA,NA,NA,NA,NA,NA,NA,NA,NA,NA,NA,NA
"903",NA,NA,"ME",2023-06-03,NA,NA,NA,NA,NA,NA,NA,NA,NA,NA,NA,NA,NA,NA,NA,NA
"904",NA,NA,"ME",2023-06-04,NA,NA,NA,NA,NA,NA,NA,NA,NA,NA,NA,NA,NA,NA,NA,NA
"905",NA,NA,"ME",2023-06-05,NA,NA,NA,NA,NA,NA,NA,NA,NA,NA,NA,NA,NA,NA,NA,NA
"906",NA,NA,"ME",2023-06-06,NA,NA,NA,NA,NA,NA,NA,NA,NA,NA,NA,NA,NA,NA,NA,NA
"907",NA,NA,"ME",2023-06-07,NA,NA,NA,NA,NA,NA,NA,NA,NA,NA,NA,NA,NA,NA,NA,NA
"908",NA,NA,"ME",2023-06-08,NA,NA,NA,NA,NA,NA,NA,NA,NA,NA,NA,NA,NA,NA,NA,NA
"909",NA,NA,"ME",2023-06-09,NA,NA,NA,NA,NA,NA,NA,NA,NA,NA,NA,NA,NA,NA,NA,NA
"910",NA,NA,"ME",2023-06-10,NA,NA,NA,NA,NA,NA,NA,NA,NA,NA,NA,NA,NA,NA,NA,NA
"911",NA,NA,"ME",2023-06-11,NA,NA,NA,NA,NA,NA,NA,NA,NA,NA,NA,NA,NA,NA,NA,NA
"912",NA,NA,"ME",2023-06-12,NA,NA,NA,NA,NA,NA,NA,NA,NA,NA,NA,NA,NA,NA,NA,NA
"913",NA,NA,"ME",2023-06-13,NA,NA,NA,NA,NA,NA,NA,NA,NA,NA,NA,NA,NA,NA,NA,NA
"914",NA,NA,"ME",2023-06-14,NA,NA,NA,NA,NA,NA,NA,NA,NA,NA,NA,NA,NA,NA,NA,NA
"915",NA,NA,"ME",2023-06-15,NA,NA,NA,NA,NA,NA,NA,NA,NA,NA,NA,NA,NA,NA,NA,NA
"916",NA,NA,"ME",2023-06-16,NA,NA,NA,NA,NA,NA,NA,NA,NA,NA,NA,NA,NA,NA,NA,NA
"917",NA,NA,"ME",2023-06-17,NA,NA,NA,NA,NA,NA,NA,NA,NA,NA,NA,NA,NA,NA,NA,NA
"918",NA,NA,"ME",2023-06-18,NA,NA,NA,NA,NA,NA,NA,NA,NA,NA,NA,NA,NA,NA,NA,NA
"919",NA,NA,"ME",2023-06-19,NA,NA,NA,NA,NA,NA,NA,NA,NA,NA,NA,NA,NA,NA,NA,NA
"920",NA,NA,"ME",2023-06-20,NA,NA,NA,NA,NA,NA,NA,NA,NA,NA,NA,NA,NA,NA,NA,NA
"921",NA,NA,"ME",2023-06-21,NA,NA,NA,NA,NA,NA,NA,NA,NA,NA,NA,NA,NA,NA,NA,NA
"922",NA,NA,"ME",2023-06-22,NA,NA,NA,NA,NA,NA,NA,NA,NA,NA,NA,NA,NA,NA,NA,NA
"923",NA,NA,"ME",2023-06-23,NA,NA,NA,NA,NA,NA,NA,NA,NA,NA,NA,NA,NA,NA,NA,NA
"924",NA,NA,"ME",2023-06-24,NA,NA,NA,NA,NA,NA,NA,NA,NA,NA,NA,NA,NA,NA,NA,NA
"925",0.976233682526263,0.0557551906199898,"MI",2023-05-14,1,1,0,1,1,1,1,1,1,1,1,1,1,1,1,1
"926",1.54471366660608,0.277542184375255,"MI",2023-05-15,1,1,1,1,1,0,1,1,0,1,0,0,0,0,1,1
"927",1.24923973035227,0.336086900562874,"MI",2023-05-16,1,1,1,1,1,0,1,0,1,1,0,1,0,0,1,0
"928",3.26994647933024,0.666092074393677,"MI",2023-05-17,1,1,0,1,0,0,1,1,1,0,0,0,0,0,1,1
"929",0.85743283409881,0.232789523570708,"MI",2023-05-18,1,1,1,1,1,0,1,1,1,1,0,1,1,0,1,1
"930",0.511622166300972,0.251794445020243,"MI",2023-05-19,1,1,1,1,1,1,1,1,1,1,0,0,1,1,1,1
"931",0.480139373776903,0.256941762378195,"MI",2023-05-20,1,1,1,1,1,1,1,1,1,1,0,0,1,1,1,1
"932",1.81780087700483,0.398705655998699,"MI",2023-05-21,1,1,1,0,1,1,1,1,1,1,1,0,0,1,0,1
"933",4.44460039428715,0.427760592758558,"MI",2023-05-22,1,1,0,1,1,0,1,1,1,1,0,0,0,0,1,1
"934",0.932461884392176,0.289717314354889,"MI",2023-05-23,1,1,1,0,1,1,1,1,1,1,0,0,1,1,1,1
"935",3.75431774924096,0.47366149051551,"MI",2023-05-24,1,1,0,0,1,0,1,0,1,1,1,0,0,0,1,0
"936",1.0891302940556,0.251832096047956,"MI",2023-05-25,1,1,1,1,1,1,1,0,1,1,0,1,1,1,1,0
"937",0.496508019054151,0.333410850119628,"MI",2023-05-26,1,1,1,1,1,1,1,1,1,1,1,0,0,1,1,1
"938",1.78581269745316,0.379728161005494,"MI",2023-05-27,1,1,1,1,1,1,1,0,1,1,1,0,1,0,1,0
"939",0.18454402273318,0.109479873933641,"MI",2023-05-28,1,1,1,1,1,1,1,1,1,1,0,1,1,0,1,1
"940",0.47329080198629,0.25608970030162,"MI",2023-05-29,1,1,1,1,1,1,1,1,1,1,1,1,1,1,1,1
"941",0.642207448362827,0.293736663543257,"MI",2023-05-30,1,1,1,1,1,1,1,1,1,1,0,0,0,1,1,1
"942",2.8530049214266,0.496931458341178,"MI",2023-05-31,1,1,0,1,1,0,1,0,1,1,0,1,0,0,1,0
"943",2.20642318580362,0.130799303249871,"MI",2023-06-01,1,1,0,0,1,1,1,1,1,1,0,0,0,1,1,1
"944",1.28341872268544,0.379341455450134,"MI",2023-06-02,1,1,1,0,1,1,1,1,1,1,0,0,0,1,1,1
"945",0.541841499278746,0.316999348679973,"MI",2023-06-03,1,1,1,1,1,1,1,1,1,1,0,1,0,1,1,1
"946",0.2544293940894,0.148627376175295,"MI",2023-06-04,1,1,1,1,1,1,1,1,1,1,1,1,1,1,1,1
"947",0.249320575879977,0.154915837181111,"MI",2023-06-05,1,1,1,1,1,1,1,1,1,1,0,1,0,1,1,1
"948",0.537752463982417,0.36645396691802,"MI",2023-06-06,1,1,1,1,1,1,1,1,1,1,0,0,0,0,1,1
"949",0.548791127850067,0.263685108049104,"MI",2023-06-07,1,1,1,1,1,1,1,1,1,1,1,1,1,1,1,1
"950",NA,NA,"MI",2023-06-08,NA,NA,NA,NA,NA,NA,NA,NA,NA,NA,NA,NA,NA,NA,NA,NA
"951",1.49514721511563,0.514095511044804,"MI",2023-06-09,1,1,0,0,1,1,1,0,1,1,0,1,1,1,1,0
"952",0.75474612044869,0.276698812086217,"MI",2023-06-10,1,1,1,1,1,1,1,1,1,1,0,1,1,1,0,1
"953",0.335300645100067,0.196100230645647,"MI",2023-06-11,1,1,1,1,1,1,1,1,1,1,0,0,1,1,1,1
"954",1.51949468700574,0.530968778637165,"MI",2023-06-12,1,0,0,1,1,0,1,1,1,0,0,1,0,0,1,1
"955",0.711186829166377,0.362790453737206,"MI",2023-06-13,1,1,1,1,1,1,1,1,1,1,1,1,1,1,1,1
"956",0.450999278909956,0.348394361262733,"MI",2023-06-14,1,1,1,1,1,1,1,1,1,1,1,0,1,0,1,1
"957",0.921367678583458,0.497988122804838,"MI",2023-06-15,1,1,1,1,1,0,1,1,1,1,0,0,1,0,1,1
"958",0.41810745951165,0.234458703633152,"MI",2023-06-16,1,1,1,1,1,1,1,1,1,1,1,1,1,1,1,1
"959",0.89948004574173,0.631156571291771,"MI",2023-06-17,1,1,1,1,1,1,0,1,1,1,1,1,1,0,0,1
"960",0.990572282266212,0.250645759398041,"MI",2023-06-18,1,1,0,1,1,1,1,1,1,1,0,1,0,1,1,1
"961",NA,NA,"MI",2023-06-19,NA,NA,NA,NA,NA,NA,NA,NA,NA,NA,NA,NA,NA,NA,NA,NA
"962",0.660908712314014,0.316987162047418,"MI",2023-06-20,1,1,1,1,1,1,1,1,1,1,1,0,1,0,1,1
"963",0.79569615157842,0.405600212657299,"MI",2023-06-21,1,1,1,1,1,0,1,1,1,1,0,0,0,0,1,1
"964",1.005872775182,0.451932284710921,"MI",2023-06-22,1,1,1,1,1,1,0,1,1,1,1,1,0,1,0,1
"965",NA,NA,"MI",2023-06-23,NA,NA,NA,NA,NA,NA,NA,NA,NA,NA,NA,NA,NA,NA,NA,NA
"966",0.508660091313867,0.301269387897992,"MI",2023-06-24,1,1,1,1,1,1,1,1,1,1,1,1,1,1,1,1
"967",0.586168173482894,0.334382748269269,"MN",2023-05-14,1,1,1,1,1,1,1,1,1,1,1,1,1,1,1,1
"968",1.28917180956658,0.168189830917769,"MN",2023-05-15,1,1,1,1,1,1,1,1,1,1,1,0,0,1,1,1
"969",1.10218015752913,0.256562574046229,"MN",2023-05-16,1,1,1,0,1,1,1,1,1,1,1,0,0,1,1,1
"970",0.694739306106922,0.187093562581381,"MN",2023-05-17,1,1,1,1,1,1,1,1,1,1,0,0,1,1,1,1
"971",1.67265909520931,0.27698194144859,"MN",2023-05-18,1,1,1,0,1,1,1,1,0,1,0,0,0,1,1,1
"972",1.34029483111228,0.351590303380215,"MN",2023-05-19,1,1,1,1,1,1,1,0,1,1,0,0,0,1,1,0
"973",0.362694004229706,0.0983960236526328,"MN",2023-05-20,1,1,1,1,1,1,1,1,1,1,0,0,1,1,1,1
"974",0.532390012626913,0.212655755841354,"MN",2023-05-21,1,1,1,1,1,1,1,1,1,1,1,0,0,1,1,1
"975",0.934004633850202,0.31804549489538,"MN",2023-05-22,0,1,1,1,1,1,1,1,0,1,0,1,0,1,1,1
"976",2.10474086856586,0.411146537364292,"MN",2023-05-23,1,1,0,1,0,1,1,1,1,1,0,0,0,0,1,1
"977",0.989154196086572,0.432226415467052,"MN",2023-05-24,1,1,1,1,1,0,1,1,1,1,0,1,0,0,1,1
"978",0.493988776530314,0.281839423782871,"MN",2023-05-25,1,1,1,1,1,1,1,1,1,1,1,0,1,0,1,1
"979",0.639044802350578,0.225782901523569,"MN",2023-05-26,1,1,1,1,1,1,1,1,1,1,1,1,1,1,1,1
"980",1.49920229076993,0.491859512973348,"MN",2023-05-27,1,1,0,1,0,1,1,1,1,1,0,1,0,1,1,1
"981",0.497042428520464,0.316551071893755,"MN",2023-05-28,1,1,1,1,1,1,1,1,1,1,1,1,1,1,1,1
"982",0.508441086934613,0.263050136024251,"MN",2023-05-29,1,1,1,1,1,1,1,1,1,1,1,0,0,1,1,1
"983",2.49765696966749,0.345398290713207,"MN",2023-05-30,1,1,1,0,0,1,1,1,1,1,0,0,0,0,1,1
"984",1.17958631295316,0.555063934983534,"MN",2023-05-31,1,1,0,1,1,1,0,1,1,1,0,0,0,1,0,1
"985",0.881764783716033,0.422185814786161,"MN",2023-06-01,1,0,1,1,1,1,1,1,1,0,0,1,1,1,1,1
"986",0.237470442033453,0.187149614955969,"MN",2023-06-02,1,1,1,1,1,1,1,1,1,1,1,1,1,1,1,1
"987",0.488998961139911,0.320629637844126,"MN",2023-06-03,1,1,1,1,1,1,1,1,1,1,1,0,0,1,1,1
"988",0.629034385928483,0.415271772290048,"MN",2023-06-04,1,1,1,0,1,1,1,1,1,1,0,0,1,1,1,1
"989",1.01678031983129,0.341272770012256,"MN",2023-06-05,1,1,1,0,1,1,1,1,1,1,1,1,1,1,1,1
"990",1.05337867339475,0.498343849435109,"MN",2023-06-06,1,1,1,1,1,0,1,1,1,1,0,0,1,0,1,1
"991",0.834188433319424,0.409967550155261,"MN",2023-06-07,1,1,1,1,1,0,1,1,1,1,0,1,1,0,1,1
"992",0.596153892310706,0.42098274736134,"MN",2023-06-08,1,1,1,1,0,1,1,1,1,1,0,1,0,1,1,1
"993",1.29313329753084,0.248948502165013,"MN",2023-06-09,1,1,0,1,1,1,1,1,1,1,1,1,1,1,1,1
"994",NA,NA,"MN",2023-06-10,NA,NA,NA,NA,NA,NA,NA,NA,NA,NA,NA,NA,NA,NA,NA,NA
"995",1.47329110238844,0.347379783688479,"MN",2023-06-11,1,1,0,1,1,0,1,1,1,1,0,0,0,0,1,1
"996",1.41516023800095,0.27735212106096,"MN",2023-06-12,1,1,0,1,1,1,1,1,1,1,0,1,0,1,1,1
"997",1.1472349032354,0.334434098893647,"MN",2023-06-13,1,1,1,0,1,1,1,1,1,1,0,0,1,1,1,1
"998",1.37967066937122,0.358768083196327,"MN",2023-06-14,1,1,1,0,0,1,1,1,1,1,1,1,0,0,1,1
"999",0.764981751411213,0.310492508568073,"MN",2023-06-15,1,1,1,1,1,1,1,1,1,1,0,1,0,1,1,1
"1000",1.24014870107026,0.397382523500835,"MN",2023-06-16,1,1,1,1,0,1,1,1,1,1,1,0,0,1,1,1
"1001",0.791045672614932,0.400272369913149,"MN",2023-06-17,1,1,1,1,1,1,0,1,1,1,1,0,1,1,0,1
"1002",0.761616136609245,0.34237159534213,"MN",2023-06-18,1,1,1,1,1,1,1,1,1,1,1,0,1,0,1,1
"1003",0.791653205471719,0.563538492144765,"MN",2023-06-19,1,1,1,1,1,1,0,1,1,1,1,0,1,1,0,1
"1004",1.99034111299841,0.36835454076734,"MN",2023-06-20,1,1,1,1,0,1,1,1,1,1,0,0,0,1,1,1
"1005",0.542137906388537,0.39245104323875,"MN",2023-06-21,1,1,1,1,0,1,1,1,1,1,0,1,0,1,1,1
"1006",0.548411485030769,0.392291731045963,"MN",2023-06-22,1,1,1,1,0,1,1,1,1,1,1,1,1,1,1,1
"1007",NA,NA,"MN",2023-06-23,NA,NA,NA,NA,NA,NA,NA,NA,NA,NA,NA,NA,NA,NA,NA,NA
"1008",NA,NA,"MN",2023-06-24,NA,NA,NA,NA,NA,NA,NA,NA,NA,NA,NA,NA,NA,NA,NA,NA
"1009",NA,NA,"MO",2023-05-14,NA,NA,NA,NA,NA,NA,NA,NA,NA,NA,NA,NA,NA,NA,NA,NA
"1010",NA,NA,"MO",2023-05-15,NA,NA,NA,NA,NA,NA,NA,NA,NA,NA,NA,NA,NA,NA,NA,NA
"1011",NA,NA,"MO",2023-05-16,NA,NA,NA,NA,NA,NA,NA,NA,NA,NA,NA,NA,NA,NA,NA,NA
"1012",NA,NA,"MO",2023-05-17,NA,NA,NA,NA,NA,NA,NA,NA,NA,NA,NA,NA,NA,NA,NA,NA
"1013",NA,NA,"MO",2023-05-18,NA,NA,NA,NA,NA,NA,NA,NA,NA,NA,NA,NA,NA,NA,NA,NA
"1014",NA,NA,"MO",2023-05-19,NA,NA,NA,NA,NA,NA,NA,NA,NA,NA,NA,NA,NA,NA,NA,NA
"1015",NA,NA,"MO",2023-05-20,NA,NA,NA,NA,NA,NA,NA,NA,NA,NA,NA,NA,NA,NA,NA,NA
"1016",NA,NA,"MO",2023-05-21,NA,NA,NA,NA,NA,NA,NA,NA,NA,NA,NA,NA,NA,NA,NA,NA
"1017",NA,NA,"MO",2023-05-22,NA,NA,NA,NA,NA,NA,NA,NA,NA,NA,NA,NA,NA,NA,NA,NA
"1018",NA,NA,"MO",2023-05-23,NA,NA,NA,NA,NA,NA,NA,NA,NA,NA,NA,NA,NA,NA,NA,NA
"1019",NA,NA,"MO",2023-05-24,NA,NA,NA,NA,NA,NA,NA,NA,NA,NA,NA,NA,NA,NA,NA,NA
"1020",NA,NA,"MO",2023-05-25,NA,NA,NA,NA,NA,NA,NA,NA,NA,NA,NA,NA,NA,NA,NA,NA
"1021",NA,NA,"MO",2023-05-26,NA,NA,NA,NA,NA,NA,NA,NA,NA,NA,NA,NA,NA,NA,NA,NA
"1022",NA,NA,"MO",2023-05-27,NA,NA,NA,NA,NA,NA,NA,NA,NA,NA,NA,NA,NA,NA,NA,NA
"1023",NA,NA,"MO",2023-05-28,NA,NA,NA,NA,NA,NA,NA,NA,NA,NA,NA,NA,NA,NA,NA,NA
"1024",NA,NA,"MO",2023-05-29,NA,NA,NA,NA,NA,NA,NA,NA,NA,NA,NA,NA,NA,NA,NA,NA
"1025",0.125041835644715,0.0884279468947564,"MO",2023-05-30,1,1,1,1,1,1,1,1,1,1,1,1,1,1,1,1
"1026",NA,NA,"MO",2023-05-31,NA,NA,NA,NA,NA,NA,NA,NA,NA,NA,NA,NA,NA,NA,NA,NA
"1027",NA,NA,"MO",2023-06-01,NA,NA,NA,NA,NA,NA,NA,NA,NA,NA,NA,NA,NA,NA,NA,NA
"1028",NA,NA,"MO",2023-06-02,NA,NA,NA,NA,NA,NA,NA,NA,NA,NA,NA,NA,NA,NA,NA,NA
"1029",NA,NA,"MO",2023-06-03,NA,NA,NA,NA,NA,NA,NA,NA,NA,NA,NA,NA,NA,NA,NA,NA
"1030",NA,NA,"MO",2023-06-04,NA,NA,NA,NA,NA,NA,NA,NA,NA,NA,NA,NA,NA,NA,NA,NA
"1031",NA,NA,"MO",2023-06-05,NA,NA,NA,NA,NA,NA,NA,NA,NA,NA,NA,NA,NA,NA,NA,NA
"1032",0.786016532004142,0.526876687162684,"MO",2023-06-06,1,1,1,1,0,1,1,1,1,1,0,1,0,1,1,1
"1033",NA,NA,"MO",2023-06-07,NA,NA,NA,NA,NA,NA,NA,NA,NA,NA,NA,NA,NA,NA,NA,NA
"1034",NA,NA,"MO",2023-06-08,NA,NA,NA,NA,NA,NA,NA,NA,NA,NA,NA,NA,NA,NA,NA,NA
"1035",NA,NA,"MO",2023-06-09,NA,NA,NA,NA,NA,NA,NA,NA,NA,NA,NA,NA,NA,NA,NA,NA
"1036",NA,NA,"MO",2023-06-10,NA,NA,NA,NA,NA,NA,NA,NA,NA,NA,NA,NA,NA,NA,NA,NA
"1037",NA,NA,"MO",2023-06-11,NA,NA,NA,NA,NA,NA,NA,NA,NA,NA,NA,NA,NA,NA,NA,NA
"1038",NA,NA,"MO",2023-06-12,NA,NA,NA,NA,NA,NA,NA,NA,NA,NA,NA,NA,NA,NA,NA,NA
"1039",NA,NA,"MO",2023-06-13,NA,NA,NA,NA,NA,NA,NA,NA,NA,NA,NA,NA,NA,NA,NA,NA
"1040",NA,NA,"MO",2023-06-14,NA,NA,NA,NA,NA,NA,NA,NA,NA,NA,NA,NA,NA,NA,NA,NA
"1041",NA,NA,"MO",2023-06-15,NA,NA,NA,NA,NA,NA,NA,NA,NA,NA,NA,NA,NA,NA,NA,NA
"1042",NA,NA,"MO",2023-06-16,NA,NA,NA,NA,NA,NA,NA,NA,NA,NA,NA,NA,NA,NA,NA,NA
"1043",NA,NA,"MO",2023-06-17,NA,NA,NA,NA,NA,NA,NA,NA,NA,NA,NA,NA,NA,NA,NA,NA
"1044",NA,NA,"MO",2023-06-18,NA,NA,NA,NA,NA,NA,NA,NA,NA,NA,NA,NA,NA,NA,NA,NA
"1045",NA,NA,"MO",2023-06-19,NA,NA,NA,NA,NA,NA,NA,NA,NA,NA,NA,NA,NA,NA,NA,NA
"1046",NA,NA,"MO",2023-06-20,NA,NA,NA,NA,NA,NA,NA,NA,NA,NA,NA,NA,NA,NA,NA,NA
"1047",NA,NA,"MO",2023-06-21,NA,NA,NA,NA,NA,NA,NA,NA,NA,NA,NA,NA,NA,NA,NA,NA
"1048",NA,NA,"MO",2023-06-22,NA,NA,NA,NA,NA,NA,NA,NA,NA,NA,NA,NA,NA,NA,NA,NA
"1049",NA,NA,"MO",2023-06-23,NA,NA,NA,NA,NA,NA,NA,NA,NA,NA,NA,NA,NA,NA,NA,NA
"1050",NA,NA,"MO",2023-06-24,NA,NA,NA,NA,NA,NA,NA,NA,NA,NA,NA,NA,NA,NA,NA,NA
"1051",NA,NA,"MS",2023-05-14,NA,NA,NA,NA,NA,NA,NA,NA,NA,NA,NA,NA,NA,NA,NA,NA
"1052",NA,NA,"MS",2023-05-15,NA,NA,NA,NA,NA,NA,NA,NA,NA,NA,NA,NA,NA,NA,NA,NA
"1053",0.613949031406958,0.0647405732974606,"MS",2023-05-16,1,1,1,1,1,1,1,1,1,1,0,0,1,1,1,1
"1054",0.324821174768296,0.0685073920050168,"MS",2023-05-17,1,1,1,1,1,1,1,1,1,1,0,0,1,1,1,1
"1055",NA,NA,"MS",2023-05-18,NA,NA,NA,NA,NA,NA,NA,NA,NA,NA,NA,NA,NA,NA,NA,NA
"1056",NA,NA,"MS",2023-05-19,NA,NA,NA,NA,NA,NA,NA,NA,NA,NA,NA,NA,NA,NA,NA,NA
"1057",NA,NA,"MS",2023-05-20,NA,NA,NA,NA,NA,NA,NA,NA,NA,NA,NA,NA,NA,NA,NA,NA
"1058",NA,NA,"MS",2023-05-21,NA,NA,NA,NA,NA,NA,NA,NA,NA,NA,NA,NA,NA,NA,NA,NA
"1059",1.20611492626801,0.484975740523492,"MS",2023-05-22,1,1,1,1,1,0,1,1,1,1,0,0,1,0,1,1
"1060",0.163110852531935,0.0952618518579794,"MS",2023-05-23,1,1,1,1,1,1,1,1,1,1,1,1,1,1,1,1
"1061",1.00827884074732,0.251735089085367,"MS",2023-05-24,1,1,1,1,1,0,1,1,1,1,0,0,1,0,1,1
"1062",0.379792104431225,0.295007859660631,"MS",2023-05-25,1,1,1,1,1,1,1,1,1,1,0,0,1,1,1,1
"1063",1.36328413616804,0.663315024002658,"MS",2023-05-26,1,1,0,1,0,0,1,1,1,0,1,0,0,0,1,1
"1064",NA,NA,"MS",2023-05-27,NA,NA,NA,NA,NA,NA,NA,NA,NA,NA,NA,NA,NA,NA,NA,NA
"1065",NA,NA,"MS",2023-05-28,NA,NA,NA,NA,NA,NA,NA,NA,NA,NA,NA,NA,NA,NA,NA,NA
"1066",NA,NA,"MS",2023-05-29,NA,NA,NA,NA,NA,NA,NA,NA,NA,NA,NA,NA,NA,NA,NA,NA
"1067",0.983242087744774,0.136311725121579,"MS",2023-05-30,1,1,0,1,1,1,1,1,1,1,0,0,1,1,1,1
"1068",0.670851419187231,0.388541057311588,"MS",2023-05-31,1,1,1,1,1,1,1,1,1,1,0,1,0,1,1,1
"1069",1.17660107458279,0.403918567065933,"MS",2023-06-01,1,1,0,0,1,1,1,1,1,1,0,0,1,1,1,1
"1070",0.712851384453934,0.157304577007185,"MS",2023-06-02,1,1,0,1,1,1,1,1,1,1,1,1,1,1,1,1
"1071",NA,NA,"MS",2023-06-03,NA,NA,NA,NA,NA,NA,NA,NA,NA,NA,NA,NA,NA,NA,NA,NA
"1072",NA,NA,"MS",2023-06-04,NA,NA,NA,NA,NA,NA,NA,NA,NA,NA,NA,NA,NA,NA,NA,NA
"1073",0.294029595929337,0.269800651050082,"MS",2023-06-05,1,1,1,1,1,1,1,1,1,1,1,0,0,1,1,1
"1074",1.29883207034957,0.188399113274128,"MS",2023-06-06,1,1,0,1,1,1,1,1,1,1,0,0,0,1,1,1
"1075",0.423093976545286,0.337666305014627,"MS",2023-06-07,1,1,1,1,1,1,1,1,1,1,1,1,1,1,1,1
"1076",1.49905186551647,0.456056223719502,"MS",2023-06-08,1,1,1,0,0,1,1,1,1,1,1,0,0,0,1,1
"1077",0.363931822944897,0.213905820095772,"MS",2023-06-09,1,1,1,1,1,1,1,1,1,1,0,0,1,1,1,1
"1078",NA,NA,"MS",2023-06-10,NA,NA,NA,NA,NA,NA,NA,NA,NA,NA,NA,NA,NA,NA,NA,NA
"1079",NA,NA,"MS",2023-06-11,NA,NA,NA,NA,NA,NA,NA,NA,NA,NA,NA,NA,NA,NA,NA,NA
"1080",0.500687713666808,0.271235704421654,"MS",2023-06-12,1,1,1,1,1,1,1,1,1,1,1,0,1,0,1,1
"1081",0.636614567777839,0.259187657856145,"MS",2023-06-13,1,1,1,1,1,1,1,1,1,1,0,0,1,1,1,1
"1082",0.343331949786549,0.267056025810051,"MS",2023-06-14,1,1,1,1,1,1,1,1,1,1,0,0,1,1,1,1
"1083",1.59961026634323,0.571130188497648,"MS",2023-06-15,1,1,1,1,0,1,1,1,1,1,0,1,0,1,1,1
"1084",NA,NA,"MS",2023-06-16,NA,NA,NA,NA,NA,NA,NA,NA,NA,NA,NA,NA,NA,NA,NA,NA
"1085",NA,NA,"MS",2023-06-17,NA,NA,NA,NA,NA,NA,NA,NA,NA,NA,NA,NA,NA,NA,NA,NA
"1086",NA,NA,"MS",2023-06-18,NA,NA,NA,NA,NA,NA,NA,NA,NA,NA,NA,NA,NA,NA,NA,NA
"1087",0.927838782264825,0.451407505892247,"MS",2023-06-19,1,0,1,1,1,1,1,1,1,0,1,0,1,1,1,1
"1088",0.500597065835963,0.319903075646097,"MS",2023-06-20,1,1,1,1,1,1,1,1,1,1,0,1,1,1,0,1
"1089",1.15101625455205,0.330197601810092,"MS",2023-06-21,1,1,0,1,1,1,1,1,1,1,0,0,1,1,1,1
"1090",0.913376369420543,0.44044194829349,"MS",2023-06-22,1,0,1,1,1,1,1,1,1,0,1,0,1,1,1,1
"1091",1.41376610503062,0.665356616353214,"MS",2023-06-23,1,0,1,0,1,0,1,1,1,0,1,0,1,0,1,1
"1092",NA,NA,"MS",2023-06-24,NA,NA,NA,NA,NA,NA,NA,NA,NA,NA,NA,NA,NA,NA,NA,NA
"1093",NA,NA,"MT",2023-05-14,NA,NA,NA,NA,NA,NA,NA,NA,NA,NA,NA,NA,NA,NA,NA,NA
"1094",NA,NA,"MT",2023-05-15,NA,NA,NA,NA,NA,NA,NA,NA,NA,NA,NA,NA,NA,NA,NA,NA
"1095",NA,NA,"MT",2023-05-16,NA,NA,NA,NA,NA,NA,NA,NA,NA,NA,NA,NA,NA,NA,NA,NA
"1096",NA,NA,"MT",2023-05-17,NA,NA,NA,NA,NA,NA,NA,NA,NA,NA,NA,NA,NA,NA,NA,NA
"1097",NA,NA,"MT",2023-05-18,NA,NA,NA,NA,NA,NA,NA,NA,NA,NA,NA,NA,NA,NA,NA,NA
"1098",NA,NA,"MT",2023-05-19,NA,NA,NA,NA,NA,NA,NA,NA,NA,NA,NA,NA,NA,NA,NA,NA
"1099",NA,NA,"MT",2023-05-20,NA,NA,NA,NA,NA,NA,NA,NA,NA,NA,NA,NA,NA,NA,NA,NA
"1100",NA,NA,"MT",2023-05-21,NA,NA,NA,NA,NA,NA,NA,NA,NA,NA,NA,NA,NA,NA,NA,NA
"1101",NA,NA,"MT",2023-05-22,NA,NA,NA,NA,NA,NA,NA,NA,NA,NA,NA,NA,NA,NA,NA,NA
"1102",0.114240991697788,0.0867410070050548,"MT",2023-05-23,1,1,1,1,1,1,1,1,1,1,0,0,1,1,1,1
"1103",NA,NA,"MT",2023-05-24,NA,NA,NA,NA,NA,NA,NA,NA,NA,NA,NA,NA,NA,NA,NA,NA
"1104",NA,NA,"MT",2023-05-25,NA,NA,NA,NA,NA,NA,NA,NA,NA,NA,NA,NA,NA,NA,NA,NA
"1105",NA,NA,"MT",2023-05-26,NA,NA,NA,NA,NA,NA,NA,NA,NA,NA,NA,NA,NA,NA,NA,NA
"1106",NA,NA,"MT",2023-05-27,NA,NA,NA,NA,NA,NA,NA,NA,NA,NA,NA,NA,NA,NA,NA,NA
"1107",NA,NA,"MT",2023-05-28,NA,NA,NA,NA,NA,NA,NA,NA,NA,NA,NA,NA,NA,NA,NA,NA
"1108",NA,NA,"MT",2023-05-29,NA,NA,NA,NA,NA,NA,NA,NA,NA,NA,NA,NA,NA,NA,NA,NA
"1109",NA,NA,"MT",2023-05-30,NA,NA,NA,NA,NA,NA,NA,NA,NA,NA,NA,NA,NA,NA,NA,NA
"1110",NA,NA,"MT",2023-05-31,NA,NA,NA,NA,NA,NA,NA,NA,NA,NA,NA,NA,NA,NA,NA,NA
"1111",NA,NA,"MT",2023-06-01,NA,NA,NA,NA,NA,NA,NA,NA,NA,NA,NA,NA,NA,NA,NA,NA
"1112",NA,NA,"MT",2023-06-02,NA,NA,NA,NA,NA,NA,NA,NA,NA,NA,NA,NA,NA,NA,NA,NA
"1113",NA,NA,"MT",2023-06-03,NA,NA,NA,NA,NA,NA,NA,NA,NA,NA,NA,NA,NA,NA,NA,NA
"1114",NA,NA,"MT",2023-06-04,NA,NA,NA,NA,NA,NA,NA,NA,NA,NA,NA,NA,NA,NA,NA,NA
"1115",NA,NA,"MT",2023-06-05,NA,NA,NA,NA,NA,NA,NA,NA,NA,NA,NA,NA,NA,NA,NA,NA
"1116",NA,NA,"MT",2023-06-06,NA,NA,NA,NA,NA,NA,NA,NA,NA,NA,NA,NA,NA,NA,NA,NA
"1117",NA,NA,"MT",2023-06-07,NA,NA,NA,NA,NA,NA,NA,NA,NA,NA,NA,NA,NA,NA,NA,NA
"1118",NA,NA,"MT",2023-06-08,NA,NA,NA,NA,NA,NA,NA,NA,NA,NA,NA,NA,NA,NA,NA,NA
"1119",NA,NA,"MT",2023-06-09,NA,NA,NA,NA,NA,NA,NA,NA,NA,NA,NA,NA,NA,NA,NA,NA
"1120",NA,NA,"MT",2023-06-10,NA,NA,NA,NA,NA,NA,NA,NA,NA,NA,NA,NA,NA,NA,NA,NA
"1121",NA,NA,"MT",2023-06-11,NA,NA,NA,NA,NA,NA,NA,NA,NA,NA,NA,NA,NA,NA,NA,NA
"1122",NA,NA,"MT",2023-06-12,NA,NA,NA,NA,NA,NA,NA,NA,NA,NA,NA,NA,NA,NA,NA,NA
"1123",NA,NA,"MT",2023-06-13,NA,NA,NA,NA,NA,NA,NA,NA,NA,NA,NA,NA,NA,NA,NA,NA
"1124",NA,NA,"MT",2023-06-14,NA,NA,NA,NA,NA,NA,NA,NA,NA,NA,NA,NA,NA,NA,NA,NA
"1125",NA,NA,"MT",2023-06-15,NA,NA,NA,NA,NA,NA,NA,NA,NA,NA,NA,NA,NA,NA,NA,NA
"1126",NA,NA,"MT",2023-06-16,NA,NA,NA,NA,NA,NA,NA,NA,NA,NA,NA,NA,NA,NA,NA,NA
"1127",NA,NA,"MT",2023-06-17,NA,NA,NA,NA,NA,NA,NA,NA,NA,NA,NA,NA,NA,NA,NA,NA
"1128",NA,NA,"MT",2023-06-18,NA,NA,NA,NA,NA,NA,NA,NA,NA,NA,NA,NA,NA,NA,NA,NA
"1129",NA,NA,"MT",2023-06-19,NA,NA,NA,NA,NA,NA,NA,NA,NA,NA,NA,NA,NA,NA,NA,NA
"1130",NA,NA,"MT",2023-06-20,NA,NA,NA,NA,NA,NA,NA,NA,NA,NA,NA,NA,NA,NA,NA,NA
"1131",NA,NA,"MT",2023-06-21,NA,NA,NA,NA,NA,NA,NA,NA,NA,NA,NA,NA,NA,NA,NA,NA
"1132",NA,NA,"MT",2023-06-22,NA,NA,NA,NA,NA,NA,NA,NA,NA,NA,NA,NA,NA,NA,NA,NA
"1133",NA,NA,"MT",2023-06-23,NA,NA,NA,NA,NA,NA,NA,NA,NA,NA,NA,NA,NA,NA,NA,NA
"1134",NA,NA,"MT",2023-06-24,NA,NA,NA,NA,NA,NA,NA,NA,NA,NA,NA,NA,NA,NA,NA,NA
"1135",NA,NA,"NC",2023-05-14,NA,NA,NA,NA,NA,NA,NA,NA,NA,NA,NA,NA,NA,NA,NA,NA
"1136",1.77330414641597,0.375230207023721,"NC",2023-05-15,1,0,1,1,1,0,1,1,1,0,0,1,1,0,1,1
"1137",1.76352992717305,0.634176636454602,"NC",2023-05-16,1,0,0,1,1,1,1,1,1,0,0,0,0,1,1,1
"1138",1.27174014282564,0.40202475052191,"NC",2023-05-17,1,1,1,1,1,1,0,0,1,1,0,1,1,1,0,0
"1139",1.0329303116343,0.371239028617689,"NC",2023-05-18,1,1,1,1,1,1,0,1,1,1,0,0,0,1,0,1
"1140",0.138453317821928,0.0972754780828631,"NC",2023-05-19,1,1,1,1,1,1,1,1,1,1,1,1,1,1,1,1
"1141",0.594988651763723,0.336862132907933,"NC",2023-05-20,1,1,1,0,1,1,1,1,1,1,0,0,0,1,1,0
"1142",NA,NA,"NC",2023-05-21,NA,NA,NA,NA,NA,NA,NA,NA,NA,NA,NA,NA,NA,NA,NA,NA
"1143",0.520505277681002,0.283156887879451,"NC",2023-05-22,1,1,1,1,1,1,1,1,1,1,1,0,0,1,1,1
"1144",1.34617505520289,0.271152013305251,"NC",2023-05-23,1,1,1,1,1,1,1,0,1,1,0,1,1,1,1,0
"1145",0.901675947980425,0.207007782336915,"NC",2023-05-24,1,1,1,1,1,1,1,1,1,1,0,1,0,1,1,1
"1146",0.898756231331371,0.132545824456838,"NC",2023-05-25,1,1,0,1,1,1,1,1,1,1,0,0,1,1,1,1
"1147",0.516338778546451,0.139200842445287,"NC",2023-05-26,1,1,1,1,1,1,1,1,1,1,1,1,1,1,1,1
"1148",NA,NA,"NC",2023-05-27,NA,NA,NA,NA,NA,NA,NA,NA,NA,NA,NA,NA,NA,NA,NA,NA
"1149",0.680719719712649,0.477182678358415,"NC",2023-05-28,1,1,1,1,0,1,1,1,1,1,0,1,0,1,1,1
"1150",0.67696342706647,0.47018017779244,"NC",2023-05-29,1,1,1,1,0,1,1,1,1,1,0,1,0,1,1,1
"1151",0.862031846278609,0.415353043465381,"NC",2023-05-30,1,1,1,1,1,1,1,0,1,1,0,1,1,1,1,0
"1152",0.997885396724359,0.336857001973379,"NC",2023-05-31,1,1,1,1,1,1,1,0,1,1,0,1,0,0,1,0
"1153",0.829229114313105,0.592764811450189,"NC",2023-06-01,1,1,1,1,1,0,1,1,1,1,0,1,1,0,1,1
"1154",0.979563414407785,0.316385605918472,"NC",2023-06-02,1,1,1,0,1,1,1,1,1,1,1,0,0,0,1,1
"1155",0.718036221653607,0.199846477096719,"NC",2023-06-03,1,1,0,1,1,1,1,1,1,1,0,0,0,1,1,1
"1156",0.61634592041894,0.422354985763333,"NC",2023-06-04,1,1,1,0,1,1,1,1,1,1,1,0,0,1,1,1
"1157",0.600720501040186,0.413165383543592,"NC",2023-06-05,1,1,1,0,1,1,1,1,1,1,0,0,1,1,1,1
"1158",0.685367698433771,0.285051234396909,"NC",2023-06-06,1,1,1,1,1,1,1,1,1,1,0,0,0,1,1,1
"1159",1.43428724411171,0.405675487764754,"NC",2023-06-07,1,1,1,1,1,1,0,1,1,1,0,0,1,0,0,1
"1160",0.516506956416053,0.321839663103476,"NC",2023-06-08,1,1,1,1,1,1,1,1,1,1,0,1,0,1,1,1
"1161",2.67483503073245,0.378074924901619,"NC",2023-06-09,1,1,0,0,1,1,1,1,1,1,0,0,0,1,1,1
"1162",1.23874771558184,0.406457945791527,"NC",2023-06-10,1,1,1,1,0,1,1,1,1,1,1,0,0,1,1,1
"1163",NA,NA,"NC",2023-06-11,NA,NA,NA,NA,NA,NA,NA,NA,NA,NA,NA,NA,NA,NA,NA,NA
"1164",0.977761254279545,0.374443388743572,"NC",2023-06-12,1,1,1,1,1,1,0,1,1,1,0,0,1,0,0,1
"1165",0.550055282021046,0.397111022509273,"NC",2023-06-13,1,1,1,1,0,1,1,1,1,1,1,1,1,1,1,1
"1166",NA,NA,"NC",2023-06-14,NA,NA,NA,NA,NA,NA,NA,NA,NA,NA,NA,NA,NA,NA,NA,NA
"1167",0.420443344432813,0.308064620853865,"NC",2023-06-15,1,1,1,1,1,1,1,1,1,1,0,1,0,1,1,1
"1168",1.41725792922722,0.377088337555096,"NC",2023-06-16,1,1,0,0,1,1,1,1,1,1,0,0,0,0,1,1
"1169",NA,NA,"NC",2023-06-17,NA,NA,NA,NA,NA,NA,NA,NA,NA,NA,NA,NA,NA,NA,NA,NA
"1170",0.739748032235718,0.539237850178704,"NC",2023-06-18,1,1,1,1,1,0,1,1,1,1,1,1,0,0,1,1
"1171",1.64236490921946,0.345503933563938,"NC",2023-06-19,1,1,0,1,1,1,1,1,1,1,0,1,0,1,1,1
"1172",NA,NA,"NC",2023-06-20,NA,NA,NA,NA,NA,NA,NA,NA,NA,NA,NA,NA,NA,NA,NA,NA
"1173",1.18258109005978,0.577556356430795,"NC",2023-06-21,1,0,1,1,1,0,1,1,1,0,0,1,0,0,1,1
"1174",1.59591958498282,0.421117792593066,"NC",2023-06-22,1,1,1,1,0,1,0,1,1,1,0,0,0,0,0,1
"1175",0.957563756154387,0.395178212845895,"NC",2023-06-23,1,1,1,1,1,1,1,1,1,1,0,0,1,1,0,1
"1176",NA,NA,"NC",2023-06-24,NA,NA,NA,NA,NA,NA,NA,NA,NA,NA,NA,NA,NA,NA,NA,NA
"1177",NA,NA,"ND",2023-05-14,NA,NA,NA,NA,NA,NA,NA,NA,NA,NA,NA,NA,NA,NA,NA,NA
"1178",NA,NA,"ND",2023-05-15,NA,NA,NA,NA,NA,NA,NA,NA,NA,NA,NA,NA,NA,NA,NA,NA
"1179",NA,NA,"ND",2023-05-16,NA,NA,NA,NA,NA,NA,NA,NA,NA,NA,NA,NA,NA,NA,NA,NA
"1180",NA,NA,"ND",2023-05-17,NA,NA,NA,NA,NA,NA,NA,NA,NA,NA,NA,NA,NA,NA,NA,NA
"1181",NA,NA,"ND",2023-05-18,NA,NA,NA,NA,NA,NA,NA,NA,NA,NA,NA,NA,NA,NA,NA,NA
"1182",NA,NA,"ND",2023-05-19,NA,NA,NA,NA,NA,NA,NA,NA,NA,NA,NA,NA,NA,NA,NA,NA
"1183",NA,NA,"ND",2023-05-20,NA,NA,NA,NA,NA,NA,NA,NA,NA,NA,NA,NA,NA,NA,NA,NA
"1184",NA,NA,"ND",2023-05-21,NA,NA,NA,NA,NA,NA,NA,NA,NA,NA,NA,NA,NA,NA,NA,NA
"1185",0.0428014138129486,0.0533049396290684,"ND",2023-05-22,1,1,1,1,1,1,1,1,1,1,1,1,1,1,1,1
"1186",1.0123539173914,0.667769844320023,"ND",2023-05-23,1,1,0,0,1,1,1,1,1,1,0,0,1,1,1,1
"1187",NA,NA,"ND",2023-05-24,NA,NA,NA,NA,NA,NA,NA,NA,NA,NA,NA,NA,NA,NA,NA,NA
"1188",NA,NA,"ND",2023-05-25,NA,NA,NA,NA,NA,NA,NA,NA,NA,NA,NA,NA,NA,NA,NA,NA
"1189",NA,NA,"ND",2023-05-26,NA,NA,NA,NA,NA,NA,NA,NA,NA,NA,NA,NA,NA,NA,NA,NA
"1190",NA,NA,"ND",2023-05-27,NA,NA,NA,NA,NA,NA,NA,NA,NA,NA,NA,NA,NA,NA,NA,NA
"1191",NA,NA,"ND",2023-05-28,NA,NA,NA,NA,NA,NA,NA,NA,NA,NA,NA,NA,NA,NA,NA,NA
"1192",NA,NA,"ND",2023-05-29,NA,NA,NA,NA,NA,NA,NA,NA,NA,NA,NA,NA,NA,NA,NA,NA
"1193",NA,NA,"ND",2023-05-30,NA,NA,NA,NA,NA,NA,NA,NA,NA,NA,NA,NA,NA,NA,NA,NA
"1194",NA,NA,"ND",2023-05-31,NA,NA,NA,NA,NA,NA,NA,NA,NA,NA,NA,NA,NA,NA,NA,NA
"1195",NA,NA,"ND",2023-06-01,NA,NA,NA,NA,NA,NA,NA,NA,NA,NA,NA,NA,NA,NA,NA,NA
"1196",NA,NA,"ND",2023-06-02,NA,NA,NA,NA,NA,NA,NA,NA,NA,NA,NA,NA,NA,NA,NA,NA
"1197",NA,NA,"ND",2023-06-03,NA,NA,NA,NA,NA,NA,NA,NA,NA,NA,NA,NA,NA,NA,NA,NA
"1198",NA,NA,"ND",2023-06-04,NA,NA,NA,NA,NA,NA,NA,NA,NA,NA,NA,NA,NA,NA,NA,NA
"1199",NA,NA,"ND",2023-06-05,NA,NA,NA,NA,NA,NA,NA,NA,NA,NA,NA,NA,NA,NA,NA,NA
"1200",0.104803096073776,0.106476284918736,"ND",2023-06-06,1,1,1,1,1,1,1,1,1,1,1,1,1,1,1,1
"1201",NA,NA,"ND",2023-06-07,NA,NA,NA,NA,NA,NA,NA,NA,NA,NA,NA,NA,NA,NA,NA,NA
"1202",NA,NA,"ND",2023-06-08,NA,NA,NA,NA,NA,NA,NA,NA,NA,NA,NA,NA,NA,NA,NA,NA
"1203",NA,NA,"ND",2023-06-09,NA,NA,NA,NA,NA,NA,NA,NA,NA,NA,NA,NA,NA,NA,NA,NA
"1204",NA,NA,"ND",2023-06-10,NA,NA,NA,NA,NA,NA,NA,NA,NA,NA,NA,NA,NA,NA,NA,NA
"1205",NA,NA,"ND",2023-06-11,NA,NA,NA,NA,NA,NA,NA,NA,NA,NA,NA,NA,NA,NA,NA,NA
"1206",NA,NA,"ND",2023-06-12,NA,NA,NA,NA,NA,NA,NA,NA,NA,NA,NA,NA,NA,NA,NA,NA
"1207",NA,NA,"ND",2023-06-13,NA,NA,NA,NA,NA,NA,NA,NA,NA,NA,NA,NA,NA,NA,NA,NA
"1208",NA,NA,"ND",2023-06-14,NA,NA,NA,NA,NA,NA,NA,NA,NA,NA,NA,NA,NA,NA,NA,NA
"1209",NA,NA,"ND",2023-06-15,NA,NA,NA,NA,NA,NA,NA,NA,NA,NA,NA,NA,NA,NA,NA,NA
"1210",NA,NA,"ND",2023-06-16,NA,NA,NA,NA,NA,NA,NA,NA,NA,NA,NA,NA,NA,NA,NA,NA
"1211",NA,NA,"ND",2023-06-17,NA,NA,NA,NA,NA,NA,NA,NA,NA,NA,NA,NA,NA,NA,NA,NA
"1212",0.80594864180066,0.473472914377064,"ND",2023-06-18,1,1,1,1,0,1,1,1,1,1,0,1,0,1,1,1
"1213",NA,NA,"ND",2023-06-19,NA,NA,NA,NA,NA,NA,NA,NA,NA,NA,NA,NA,NA,NA,NA,NA
"1214",NA,NA,"ND",2023-06-20,NA,NA,NA,NA,NA,NA,NA,NA,NA,NA,NA,NA,NA,NA,NA,NA
"1215",NA,NA,"ND",2023-06-21,NA,NA,NA,NA,NA,NA,NA,NA,NA,NA,NA,NA,NA,NA,NA,NA
"1216",NA,NA,"ND",2023-06-22,NA,NA,NA,NA,NA,NA,NA,NA,NA,NA,NA,NA,NA,NA,NA,NA
"1217",NA,NA,"ND",2023-06-23,NA,NA,NA,NA,NA,NA,NA,NA,NA,NA,NA,NA,NA,NA,NA,NA
"1218",NA,NA,"ND",2023-06-24,NA,NA,NA,NA,NA,NA,NA,NA,NA,NA,NA,NA,NA,NA,NA,NA
"1219",NA,NA,"NE",2023-05-14,NA,NA,NA,NA,NA,NA,NA,NA,NA,NA,NA,NA,NA,NA,NA,NA
"1220",NA,NA,"NE",2023-05-15,NA,NA,NA,NA,NA,NA,NA,NA,NA,NA,NA,NA,NA,NA,NA,NA
"1221",NA,NA,"NE",2023-05-16,NA,NA,NA,NA,NA,NA,NA,NA,NA,NA,NA,NA,NA,NA,NA,NA
"1222",NA,NA,"NE",2023-05-17,NA,NA,NA,NA,NA,NA,NA,NA,NA,NA,NA,NA,NA,NA,NA,NA
"1223",NA,NA,"NE",2023-05-18,NA,NA,NA,NA,NA,NA,NA,NA,NA,NA,NA,NA,NA,NA,NA,NA
"1224",NA,NA,"NE",2023-05-19,NA,NA,NA,NA,NA,NA,NA,NA,NA,NA,NA,NA,NA,NA,NA,NA
"1225",NA,NA,"NE",2023-05-20,NA,NA,NA,NA,NA,NA,NA,NA,NA,NA,NA,NA,NA,NA,NA,NA
"1226",NA,NA,"NE",2023-05-21,NA,NA,NA,NA,NA,NA,NA,NA,NA,NA,NA,NA,NA,NA,NA,NA
"1227",0.189817186718447,0.173696297262831,"NE",2023-05-22,1,1,1,1,1,1,1,1,1,1,0,1,0,1,1,1
"1228",NA,NA,"NE",2023-05-23,NA,NA,NA,NA,NA,NA,NA,NA,NA,NA,NA,NA,NA,NA,NA,NA
"1229",1.01309850078577,0.701297025036446,"NE",2023-05-24,1,1,1,1,1,0,1,1,1,1,1,1,0,0,1,1
"1230",NA,NA,"NE",2023-05-25,NA,NA,NA,NA,NA,NA,NA,NA,NA,NA,NA,NA,NA,NA,NA,NA
"1231",NA,NA,"NE",2023-05-26,NA,NA,NA,NA,NA,NA,NA,NA,NA,NA,NA,NA,NA,NA,NA,NA
"1232",NA,NA,"NE",2023-05-27,NA,NA,NA,NA,NA,NA,NA,NA,NA,NA,NA,NA,NA,NA,NA,NA
"1233",NA,NA,"NE",2023-05-28,NA,NA,NA,NA,NA,NA,NA,NA,NA,NA,NA,NA,NA,NA,NA,NA
"1234",NA,NA,"NE",2023-05-29,NA,NA,NA,NA,NA,NA,NA,NA,NA,NA,NA,NA,NA,NA,NA,NA
"1235",NA,NA,"NE",2023-05-30,NA,NA,NA,NA,NA,NA,NA,NA,NA,NA,NA,NA,NA,NA,NA,NA
"1236",NA,NA,"NE",2023-05-31,NA,NA,NA,NA,NA,NA,NA,NA,NA,NA,NA,NA,NA,NA,NA,NA
"1237",NA,NA,"NE",2023-06-01,NA,NA,NA,NA,NA,NA,NA,NA,NA,NA,NA,NA,NA,NA,NA,NA
"1238",NA,NA,"NE",2023-06-02,NA,NA,NA,NA,NA,NA,NA,NA,NA,NA,NA,NA,NA,NA,NA,NA
"1239",NA,NA,"NE",2023-06-03,NA,NA,NA,NA,NA,NA,NA,NA,NA,NA,NA,NA,NA,NA,NA,NA
"1240",NA,NA,"NE",2023-06-04,NA,NA,NA,NA,NA,NA,NA,NA,NA,NA,NA,NA,NA,NA,NA,NA
"1241",NA,NA,"NE",2023-06-05,NA,NA,NA,NA,NA,NA,NA,NA,NA,NA,NA,NA,NA,NA,NA,NA
"1242",NA,NA,"NE",2023-06-06,NA,NA,NA,NA,NA,NA,NA,NA,NA,NA,NA,NA,NA,NA,NA,NA
"1243",NA,NA,"NE",2023-06-07,NA,NA,NA,NA,NA,NA,NA,NA,NA,NA,NA,NA,NA,NA,NA,NA
"1244",NA,NA,"NE",2023-06-08,NA,NA,NA,NA,NA,NA,NA,NA,NA,NA,NA,NA,NA,NA,NA,NA
"1245",NA,NA,"NE",2023-06-09,NA,NA,NA,NA,NA,NA,NA,NA,NA,NA,NA,NA,NA,NA,NA,NA
"1246",NA,NA,"NE",2023-06-10,NA,NA,NA,NA,NA,NA,NA,NA,NA,NA,NA,NA,NA,NA,NA,NA
"1247",NA,NA,"NE",2023-06-11,NA,NA,NA,NA,NA,NA,NA,NA,NA,NA,NA,NA,NA,NA,NA,NA
"1248",NA,NA,"NE",2023-06-12,NA,NA,NA,NA,NA,NA,NA,NA,NA,NA,NA,NA,NA,NA,NA,NA
"1249",NA,NA,"NE",2023-06-13,NA,NA,NA,NA,NA,NA,NA,NA,NA,NA,NA,NA,NA,NA,NA,NA
"1250",NA,NA,"NE",2023-06-14,NA,NA,NA,NA,NA,NA,NA,NA,NA,NA,NA,NA,NA,NA,NA,NA
"1251",NA,NA,"NE",2023-06-15,NA,NA,NA,NA,NA,NA,NA,NA,NA,NA,NA,NA,NA,NA,NA,NA
"1252",NA,NA,"NE",2023-06-16,NA,NA,NA,NA,NA,NA,NA,NA,NA,NA,NA,NA,NA,NA,NA,NA
"1253",NA,NA,"NE",2023-06-17,NA,NA,NA,NA,NA,NA,NA,NA,NA,NA,NA,NA,NA,NA,NA,NA
"1254",NA,NA,"NE",2023-06-18,NA,NA,NA,NA,NA,NA,NA,NA,NA,NA,NA,NA,NA,NA,NA,NA
"1255",NA,NA,"NE",2023-06-19,NA,NA,NA,NA,NA,NA,NA,NA,NA,NA,NA,NA,NA,NA,NA,NA
"1256",NA,NA,"NE",2023-06-20,NA,NA,NA,NA,NA,NA,NA,NA,NA,NA,NA,NA,NA,NA,NA,NA
"1257",NA,NA,"NE",2023-06-21,NA,NA,NA,NA,NA,NA,NA,NA,NA,NA,NA,NA,NA,NA,NA,NA
"1258",NA,NA,"NE",2023-06-22,NA,NA,NA,NA,NA,NA,NA,NA,NA,NA,NA,NA,NA,NA,NA,NA
"1259",NA,NA,"NE",2023-06-23,NA,NA,NA,NA,NA,NA,NA,NA,NA,NA,NA,NA,NA,NA,NA,NA
"1260",NA,NA,"NE",2023-06-24,NA,NA,NA,NA,NA,NA,NA,NA,NA,NA,NA,NA,NA,NA,NA,NA
"1261",NA,NA,"NH",2023-05-14,NA,NA,NA,NA,NA,NA,NA,NA,NA,NA,NA,NA,NA,NA,NA,NA
"1262",NA,NA,"NH",2023-05-15,NA,NA,NA,NA,NA,NA,NA,NA,NA,NA,NA,NA,NA,NA,NA,NA
"1263",NA,NA,"NH",2023-05-16,NA,NA,NA,NA,NA,NA,NA,NA,NA,NA,NA,NA,NA,NA,NA,NA
"1264",NA,NA,"NH",2023-05-17,NA,NA,NA,NA,NA,NA,NA,NA,NA,NA,NA,NA,NA,NA,NA,NA
"1265",NA,NA,"NH",2023-05-18,NA,NA,NA,NA,NA,NA,NA,NA,NA,NA,NA,NA,NA,NA,NA,NA
"1266",NA,NA,"NH",2023-05-19,NA,NA,NA,NA,NA,NA,NA,NA,NA,NA,NA,NA,NA,NA,NA,NA
"1267",NA,NA,"NH",2023-05-20,NA,NA,NA,NA,NA,NA,NA,NA,NA,NA,NA,NA,NA,NA,NA,NA
"1268",NA,NA,"NH",2023-05-21,NA,NA,NA,NA,NA,NA,NA,NA,NA,NA,NA,NA,NA,NA,NA,NA
"1269",0.0847636333338443,0.0661334000517948,"NH",2023-05-22,1,1,1,1,1,1,1,1,1,1,1,1,1,1,1,1
"1270",0.093272475501204,0.0699864472993348,"NH",2023-05-23,1,1,1,1,1,1,1,1,1,1,1,1,1,1,1,1
"1271",NA,NA,"NH",2023-05-24,NA,NA,NA,NA,NA,NA,NA,NA,NA,NA,NA,NA,NA,NA,NA,NA
"1272",NA,NA,"NH",2023-05-25,NA,NA,NA,NA,NA,NA,NA,NA,NA,NA,NA,NA,NA,NA,NA,NA
"1273",NA,NA,"NH",2023-05-26,NA,NA,NA,NA,NA,NA,NA,NA,NA,NA,NA,NA,NA,NA,NA,NA
"1274",NA,NA,"NH",2023-05-27,NA,NA,NA,NA,NA,NA,NA,NA,NA,NA,NA,NA,NA,NA,NA,NA
"1275",NA,NA,"NH",2023-05-28,NA,NA,NA,NA,NA,NA,NA,NA,NA,NA,NA,NA,NA,NA,NA,NA
"1276",NA,NA,"NH",2023-05-29,NA,NA,NA,NA,NA,NA,NA,NA,NA,NA,NA,NA,NA,NA,NA,NA
"1277",NA,NA,"NH",2023-05-30,NA,NA,NA,NA,NA,NA,NA,NA,NA,NA,NA,NA,NA,NA,NA,NA
"1278",0.142315421923865,0.107813200013657,"NH",2023-05-31,1,1,1,1,1,1,1,1,1,1,1,1,1,1,1,1
"1279",NA,NA,"NH",2023-06-01,NA,NA,NA,NA,NA,NA,NA,NA,NA,NA,NA,NA,NA,NA,NA,NA
"1280",0.562723496169689,0.323575031148247,"NH",2023-06-02,1,1,1,1,1,1,1,1,1,1,1,1,1,1,1,1
"1281",NA,NA,"NH",2023-06-03,NA,NA,NA,NA,NA,NA,NA,NA,NA,NA,NA,NA,NA,NA,NA,NA
"1282",NA,NA,"NH",2023-06-04,NA,NA,NA,NA,NA,NA,NA,NA,NA,NA,NA,NA,NA,NA,NA,NA
"1283",0.714418350016627,0.503578797969955,"NH",2023-06-05,1,1,1,1,0,1,1,1,1,1,1,1,1,1,1,1
"1284",NA,NA,"NH",2023-06-06,NA,NA,NA,NA,NA,NA,NA,NA,NA,NA,NA,NA,NA,NA,NA,NA
"1285",NA,NA,"NH",2023-06-07,NA,NA,NA,NA,NA,NA,NA,NA,NA,NA,NA,NA,NA,NA,NA,NA
"1286",NA,NA,"NH",2023-06-08,NA,NA,NA,NA,NA,NA,NA,NA,NA,NA,NA,NA,NA,NA,NA,NA
"1287",NA,NA,"NH",2023-06-09,NA,NA,NA,NA,NA,NA,NA,NA,NA,NA,NA,NA,NA,NA,NA,NA
"1288",0.649685849597836,0.448960394737791,"NH",2023-06-10,1,1,1,0,1,1,1,1,1,1,1,1,1,1,1,1
"1289",NA,NA,"NH",2023-06-11,NA,NA,NA,NA,NA,NA,NA,NA,NA,NA,NA,NA,NA,NA,NA,NA
"1290",NA,NA,"NH",2023-06-12,NA,NA,NA,NA,NA,NA,NA,NA,NA,NA,NA,NA,NA,NA,NA,NA
"1291",NA,NA,"NH",2023-06-13,NA,NA,NA,NA,NA,NA,NA,NA,NA,NA,NA,NA,NA,NA,NA,NA
"1292",0.251895689064738,0.20516401943595,"NH",2023-06-14,1,1,1,1,1,1,1,1,1,1,1,1,1,1,1,1
"1293",NA,NA,"NH",2023-06-15,NA,NA,NA,NA,NA,NA,NA,NA,NA,NA,NA,NA,NA,NA,NA,NA
"1294",NA,NA,"NH",2023-06-16,NA,NA,NA,NA,NA,NA,NA,NA,NA,NA,NA,NA,NA,NA,NA,NA
"1295",NA,NA,"NH",2023-06-17,NA,NA,NA,NA,NA,NA,NA,NA,NA,NA,NA,NA,NA,NA,NA,NA
"1296",NA,NA,"NH",2023-06-18,NA,NA,NA,NA,NA,NA,NA,NA,NA,NA,NA,NA,NA,NA,NA,NA
"1297",NA,NA,"NH",2023-06-19,NA,NA,NA,NA,NA,NA,NA,NA,NA,NA,NA,NA,NA,NA,NA,NA
"1298",NA,NA,"NH",2023-06-20,NA,NA,NA,NA,NA,NA,NA,NA,NA,NA,NA,NA,NA,NA,NA,NA
"1299",0.811768356877815,0.572634391254954,"NH",2023-06-21,1,1,1,1,1,0,1,1,1,1,0,1,1,0,1,1
"1300",NA,NA,"NH",2023-06-22,NA,NA,NA,NA,NA,NA,NA,NA,NA,NA,NA,NA,NA,NA,NA,NA
"1301",NA,NA,"NH",2023-06-23,NA,NA,NA,NA,NA,NA,NA,NA,NA,NA,NA,NA,NA,NA,NA,NA
"1302",NA,NA,"NH",2023-06-24,NA,NA,NA,NA,NA,NA,NA,NA,NA,NA,NA,NA,NA,NA,NA,NA
"1303",0.59905624038486,0.415475327335631,"NJ",2023-05-14,1,1,1,0,1,1,1,1,1,1,0,0,1,1,1,1
"1304",NA,NA,"NJ",2023-05-15,NA,NA,NA,NA,NA,NA,NA,NA,NA,NA,NA,NA,NA,NA,NA,NA
"1305",0.423943072118108,0.304253178735463,"NJ",2023-05-16,1,1,1,1,1,1,1,1,1,1,1,1,1,1,1,1
"1306",3.72321730064306,0.34177795514352,"NJ",2023-05-17,1,1,0,1,0,0,1,1,1,1,0,0,0,0,1,1
"1307",1.45628495458989,0.359454328480033,"NJ",2023-05-18,1,1,1,0,1,1,1,1,1,0,0,0,1,1,1,1
"1308",1.12586984566554,0.338035703925693,"NJ",2023-05-19,1,1,1,1,1,1,1,1,1,1,0,0,0,0,1,1
"1309",1.73513347330464,0.364169258675082,"NJ",2023-05-20,1,1,1,0,0,1,1,1,1,1,1,0,0,1,0,1
"1310",1.86417334339085,0.390714744796331,"NJ",2023-05-21,1,1,1,0,0,1,1,1,1,1,1,0,0,0,1,1
"1311",1.51182305746788,0.369166816400549,"NJ",2023-05-22,1,1,1,1,0,1,1,1,1,0,0,0,1,1,0,1
"1312",2.03450434433535,0.462925744180819,"NJ",2023-05-23,1,0,1,1,0,0,1,0,1,0,1,0,0,0,1,0
"1313",0.435807396992055,0.345069745754112,"NJ",2023-05-24,1,1,1,1,1,1,1,1,1,1,1,1,0,0,1,1
"1314",1.35852877316371,0.406256377976103,"NJ",2023-05-25,1,1,1,1,1,0,1,1,1,1,0,1,0,0,1,1
"1315",2.14212018023277,0.357465114458302,"NJ",2023-05-26,1,1,0,0,1,1,1,1,1,1,0,0,0,1,1,1
"1316",2.00153089489937,0.46788049746003,"NJ",2023-05-27,1,0,0,1,1,1,1,1,1,0,0,0,0,1,1,1
"1317",0.461485014128086,0.346807146341068,"NJ",2023-05-28,1,1,1,1,1,1,1,1,1,1,0,1,0,1,1,1
"1318",1.79093768395505,0.528203368001784,"NJ",2023-05-29,1,0,1,0,1,1,1,1,1,0,0,0,1,1,1,1
"1319",0.94265207691283,0.429171449943604,"NJ",2023-05-30,1,0,1,1,1,1,1,1,1,0,0,0,0,1,1,1
"1320",4.28357160985364,0.477398402464584,"NJ",2023-05-31,1,0,1,0,0,1,0,1,1,0,1,0,0,1,0,1
"1321",2.38923967071383,0.402589602317226,"NJ",2023-06-01,1,0,0,0,1,1,1,1,1,0,0,0,1,0,1,1
"1322",5.59852010572674,0.407690822497354,"NJ",2023-06-02,1,1,0,0,1,1,1,1,1,1,0,0,0,0,0,1
"1323",0.900408257434739,0.431719382186651,"NJ",2023-06-03,1,1,1,1,1,1,1,0,1,1,1,1,0,1,1,0
"1324",1.61957468453176,0.426106581701015,"NJ",2023-06-04,1,1,1,0,1,0,1,1,1,1,1,0,1,0,1,1
"1325",3.45227122483827,0.464260766530062,"NJ",2023-06-05,1,1,0,0,1,1,0,1,1,1,0,0,0,0,1,1
"1326",1.22538095277703,0.41423177867147,"NJ",2023-06-06,1,0,1,1,1,1,1,1,1,0,1,0,1,1,1,1
"1327",1.42920338326901,0.539331316251091,"NJ",2023-06-07,1,0,1,0,1,0,1,1,1,1,0,0,0,0,1,1
"1328",3.58289318014255,0.409000838230027,"NJ",2023-06-08,1,1,0,0,1,1,1,1,1,1,0,0,0,1,1,1
"1329",1.09704644899294,0.396638527132024,"NJ",2023-06-09,1,1,0,1,1,1,1,1,1,1,0,1,0,1,1,1
"1330",1.05350125930083,0.387703906038295,"NJ",2023-06-10,1,1,1,1,0,1,1,1,1,1,0,0,0,1,1,1
"1331",0.638683400098215,0.288229622391452,"NJ",2023-06-11,1,1,1,1,1,1,1,1,1,1,0,1,1,0,1,1
"1332",0.929596869068046,0.651487575439379,"NJ",2023-06-12,1,1,1,1,1,1,1,0,1,1,1,1,0,1,1,0
"1333",0.565921389713198,0.345586687088524,"NJ",2023-06-13,1,1,1,1,1,1,1,1,1,1,0,0,0,1,1,1
"1334",1.01079829774001,0.439140446152001,"NJ",2023-06-14,1,1,1,1,1,1,0,1,1,1,1,1,0,1,0,1
"1335",2.25761641619364,0.449170661361552,"NJ",2023-06-15,1,0,1,1,1,0,1,1,1,0,1,0,1,0,1,1
"1336",0.895788117020557,0.312970167775769,"NJ",2023-06-16,1,1,1,1,1,1,1,1,1,1,0,0,0,1,1,1
"1337",NA,NA,"NJ",2023-06-17,NA,NA,NA,NA,NA,NA,NA,NA,NA,NA,NA,NA,NA,NA,NA,NA
"1338",0.81214770551954,0.558487209973874,"NJ",2023-06-18,1,1,0,1,1,1,1,1,1,1,0,0,1,1,1,1
"1339",2.4136126581356,0.46910056373626,"NJ",2023-06-19,1,1,1,0,0,1,0,1,1,1,0,0,0,1,0,1
"1340",1.01814770806908,0.266419919397065,"NJ",2023-06-20,1,1,1,1,1,1,0,1,1,1,1,0,0,1,1,1
"1341",4.42979150945363,0.495553290995334,"NJ",2023-06-21,1,1,0,0,1,1,1,0,1,1,0,0,0,1,0,0
"1342",2.89911361289763,0.594837393077654,"NJ",2023-06-22,1,1,0,0,1,1,0,1,1,1,0,1,0,1,0,1
"1343",1.95016805859064,0.355932221098574,"NJ",2023-06-23,1,1,1,1,0,1,0,0,1,1,1,0,0,0,0,0
"1344",2.3910346580731,0.483325361063964,"NJ",2023-06-24,1,1,0,0,1,1,1,1,1,1,0,0,1,0,1,1
"1345",1.32985261896786,0.17416153690625,"NM",2023-05-14,1,1,0,1,0,1,1,1,1,1,0,1,0,1,1,1
"1346",1.68595901436126,0.284028946358874,"NM",2023-05-15,1,1,0,1,0,1,1,1,1,1,0,1,0,1,1,1
"1347",1.3203459713252,0.252413284230941,"NM",2023-05-16,1,1,0,1,1,0,1,1,1,1,0,1,0,0,1,1
"1348",1.47879810073118,0.243213833109489,"NM",2023-05-17,1,1,0,1,0,1,1,1,1,1,0,1,0,1,1,1
"1349",0.855713055049295,0.118309037192168,"NM",2023-05-18,1,1,1,1,1,1,1,1,1,1,0,1,0,1,1,1
"1350",1.36769620160006,0.185426548072033,"NM",2023-05-19,1,0,1,1,1,0,1,1,1,0,0,0,1,0,1,1
"1351",1.70730276618744,0.360089635142645,"NM",2023-05-20,1,0,0,1,1,0,1,1,1,0,0,1,1,0,1,1
"1352",0.154599044309178,0.011104316001379,"NM",2023-05-21,1,1,1,1,1,1,1,1,1,1,1,1,1,1,1,1
"1353",1.88698292739655,0.323917589167581,"NM",2023-05-22,1,1,0,0,1,0,1,1,1,1,0,0,0,0,1,1
"1354",1.60100333798587,0.427414778691505,"NM",2023-05-23,1,0,0,1,1,1,1,1,1,0,0,1,1,1,1,1
"1355",0.53065998979929,0.144167721096446,"NM",2023-05-24,1,1,1,1,1,1,1,1,1,1,0,1,0,1,1,1
"1356",0.121019262110038,0.013387862672854,"NM",2023-05-25,1,1,1,1,1,1,1,1,1,1,1,1,1,1,1,1
"1357",0.574552497746578,0.169769803991431,"NM",2023-05-26,1,1,1,1,1,1,1,1,1,1,0,1,0,1,1,1
"1358",1.02337035420864,0.42117076652192,"NM",2023-05-27,1,1,0,0,1,1,1,1,1,1,0,0,1,1,1,1
"1359",0.112220503764375,0.0154040740650328,"NM",2023-05-28,1,1,1,1,1,1,1,1,1,1,1,1,1,1,1,1
"1360",0.978174110725791,0.417612725257453,"NM",2023-05-29,1,1,1,0,1,1,1,1,1,1,1,0,0,1,1,1
"1361",1.89585308523496,0.814661749972424,"NM",2023-05-30,1,1,0,1,0,0,1,1,1,1,0,1,0,0,1,1
"1362",1.16604139842547,0.8101501197806,"NM",2023-05-31,1,1,0,0,1,1,1,1,1,1,0,0,1,1,1,1
"1363",1.21506399432964,0.85640083686287,"NM",2023-06-01,1,0,0,1,1,1,1,1,1,0,0,1,1,1,1,1
"1364",0.748516256173093,0.2147919180128,"NM",2023-06-02,1,1,1,0,1,1,1,1,1,1,0,0,1,1,1,1
"1365",1.83990430773818,0.799128389389444,"NM",2023-06-03,1,1,0,1,0,0,1,1,1,1,1,0,1,0,1,1
"1366",1.80265376827164,0.771308458673194,"NM",2023-06-04,1,1,0,0,0,1,1,1,1,1,0,0,0,1,1,1
"1367",1.31407242268239,0.286599466313627,"NM",2023-06-05,1,1,0,1,1,1,0,1,1,1,0,0,0,1,0,1
"1368",0.717956956975712,0.207873958713987,"NM",2023-06-06,1,1,1,1,1,1,1,1,1,1,1,0,1,1,0,1
"1369",0.811830763744233,0.380520589712923,"NM",2023-06-07,1,1,1,1,0,1,1,1,1,1,0,1,0,1,1,1
"1370",0.0305532920002738,0.0256398207228496,"NM",2023-06-08,1,1,1,1,1,1,1,1,1,1,1,1,1,1,1,1
"1371",0.544185976976438,0.201701272911322,"NM",2023-06-09,1,1,1,1,1,1,1,1,1,1,0,1,0,1,1,1
"1372",0.830737742405699,0.374583900925017,"NM",2023-06-10,1,1,1,1,0,1,1,1,1,1,0,1,0,1,1,1
"1373",0.792025118580542,0.372602569992059,"NM",2023-06-11,1,1,1,1,0,1,1,1,1,1,1,1,1,1,1,1
"1374",0.610301926700352,0.257330999998281,"NM",2023-06-12,1,1,1,1,1,1,1,1,1,1,0,1,0,1,1,1
"1375",1.78473685263727,0.775435932100213,"NM",2023-06-13,1,1,0,0,1,0,1,1,1,1,0,0,1,0,1,1
"1376",0.275876891758276,0.0336344229981737,"NM",2023-06-14,1,1,1,1,1,1,1,1,1,1,1,1,1,1,1,1
"1377",2.24399770414,0.538663440248521,"NM",2023-06-15,1,1,0,1,0,1,1,1,1,1,0,0,0,1,1,1
"1378",0.590230457606298,0.254100592081085,"NM",2023-06-16,1,1,1,1,1,1,1,1,1,1,0,1,0,1,1,1
"1379",0.0483696534352019,0.0384253557871344,"NM",2023-06-17,1,1,1,1,1,1,1,1,1,1,1,1,1,1,1,1
"1380",NA,NA,"NM",2023-06-18,NA,NA,NA,NA,NA,NA,NA,NA,NA,NA,NA,NA,NA,NA,NA,NA
"1381",0.70540720425836,0.0419467635413323,"NM",2023-06-19,1,1,1,1,1,1,1,1,1,1,0,1,0,1,1,1
"1382",NA,NA,"NM",2023-06-20,NA,NA,NA,NA,NA,NA,NA,NA,NA,NA,NA,NA,NA,NA,NA,NA
"1383",0.896342109754747,0.232560342175757,"NM",2023-06-21,1,1,1,1,1,1,1,0,1,1,0,1,1,1,1,0
"1384",0.0610155369583756,0.0477567646924945,"NM",2023-06-22,1,1,1,1,1,1,1,1,1,1,1,1,1,1,1,1
"1385",NA,NA,"NM",2023-06-23,NA,NA,NA,NA,NA,NA,NA,NA,NA,NA,NA,NA,NA,NA,NA,NA
"1386",NA,NA,"NM",2023-06-24,NA,NA,NA,NA,NA,NA,NA,NA,NA,NA,NA,NA,NA,NA,NA,NA
"1387",NA,NA,"NV",2023-05-14,NA,NA,NA,NA,NA,NA,NA,NA,NA,NA,NA,NA,NA,NA,NA,NA
"1388",0.420947354674429,0.241883367472672,"NV",2023-05-15,1,1,1,1,1,1,1,1,1,1,1,0,0,1,1,1
"1389",3.39217671668971,0.566126924113704,"NV",2023-05-16,1,0,0,1,0,1,1,0,1,0,0,0,0,0,1,0
"1390",1.1486891596901,0.0750999027627738,"NV",2023-05-17,1,1,0,1,1,1,1,1,1,1,0,1,0,1,1,1
"1391",0.860233240580799,0.0794670587860897,"NV",2023-05-18,1,1,0,1,1,1,1,1,1,1,1,1,1,1,1,1
"1392",0.122350205399285,0.0840422652706431,"NV",2023-05-19,1,1,1,1,1,1,1,1,1,1,1,1,1,1,1,1
"1393",1.44115525635206,0.668982509538399,"NV",2023-05-20,1,1,0,0,1,1,1,0,1,1,0,0,0,1,1,0
"1394",0.606031913008849,0.346603263041943,"NV",2023-05-21,1,1,1,0,1,1,1,1,1,1,1,0,0,1,1,1
"1395",1.8250168780048,0.432935845299772,"NV",2023-05-22,1,1,1,1,1,1,1,0,1,1,0,1,0,1,1,0
"1396",NA,NA,"NV",2023-05-23,NA,NA,NA,NA,NA,NA,NA,NA,NA,NA,NA,NA,NA,NA,NA,NA
"1397",NA,NA,"NV",2023-05-24,NA,NA,NA,NA,NA,NA,NA,NA,NA,NA,NA,NA,NA,NA,NA,NA
"1398",0.961526403079341,0.680225214307155,"NV",2023-05-25,1,1,1,1,1,0,1,1,1,1,0,1,1,0,1,1
"1399",NA,NA,"NV",2023-05-26,NA,NA,NA,NA,NA,NA,NA,NA,NA,NA,NA,NA,NA,NA,NA,NA
"1400",NA,NA,"NV",2023-05-27,NA,NA,NA,NA,NA,NA,NA,NA,NA,NA,NA,NA,NA,NA,NA,NA
"1401",NA,NA,"NV",2023-05-28,NA,NA,NA,NA,NA,NA,NA,NA,NA,NA,NA,NA,NA,NA,NA,NA
"1402",NA,NA,"NV",2023-05-29,NA,NA,NA,NA,NA,NA,NA,NA,NA,NA,NA,NA,NA,NA,NA,NA
"1403",0.631720490373654,0.260793176278964,"NV",2023-05-30,1,1,1,1,1,1,1,1,1,1,1,0,1,0,1,1
"1404",0.212898424826223,0.156135210124424,"NV",2023-05-31,1,1,1,1,1,1,1,1,1,1,1,1,1,1,1,1
"1405",0.94785611005083,0.32434391509623,"NV",2023-06-01,1,1,1,1,1,0,1,1,1,1,0,1,0,0,0,1
"1406",NA,NA,"NV",2023-06-02,NA,NA,NA,NA,NA,NA,NA,NA,NA,NA,NA,NA,NA,NA,NA,NA
"1407",0.254575765192229,0.179087402281793,"NV",2023-06-03,1,1,1,1,1,1,1,1,1,1,0,1,0,1,1,1
"1408",0.670069263228418,0.45990272229741,"NV",2023-06-04,1,1,1,0,1,1,1,1,1,1,1,0,1,0,1,1
"1409",2.71589360871169,0.454990426205093,"NV",2023-06-05,1,0,0,1,0,1,1,0,1,0,0,0,0,1,1,0
"1410",0.935331414505679,0.341682777849785,"NV",2023-06-06,1,1,1,1,0,1,1,1,1,1,1,0,0,1,1,1
"1411",0.280467795198548,0.212372922388472,"NV",2023-06-07,1,1,1,1,1,1,1,1,1,1,0,1,0,1,1,1
"1412",1.55110137387464,0.354518571542826,"NV",2023-06-08,1,1,1,1,0,1,1,1,1,1,0,1,0,1,1,1
"1413",1.40203479323539,0.364758818386928,"NV",2023-06-09,1,1,1,1,0,1,1,1,1,1,0,1,0,1,1,1
"1414",1.02474760321843,0.348974083142056,"NV",2023-06-10,1,1,1,0,1,1,1,1,1,1,1,0,0,0,1,1
"1415",0.346408769371265,0.248179437855521,"NV",2023-06-11,1,1,1,1,1,1,1,1,1,1,0,1,0,1,1,1
"1416",0.984831946240283,0.343435269100858,"NV",2023-06-12,1,1,1,0,1,1,1,1,1,1,0,0,0,1,1,1
"1417",0.792105014661197,0.378404298616821,"NV",2023-06-13,1,1,1,1,1,0,1,1,1,1,0,0,0,0,0,1
"1418",NA,NA,"NV",2023-06-14,NA,NA,NA,NA,NA,NA,NA,NA,NA,NA,NA,NA,NA,NA,NA,NA
"1419",NA,NA,"NV",2023-06-15,NA,NA,NA,NA,NA,NA,NA,NA,NA,NA,NA,NA,NA,NA,NA,NA
"1420",NA,NA,"NV",2023-06-16,NA,NA,NA,NA,NA,NA,NA,NA,NA,NA,NA,NA,NA,NA,NA,NA
"1421",0.497333456932657,0.345720684150112,"NV",2023-06-17,1,1,1,1,1,1,1,1,1,1,1,1,1,1,1,1
"1422",NA,NA,"NV",2023-06-18,NA,NA,NA,NA,NA,NA,NA,NA,NA,NA,NA,NA,NA,NA,NA,NA
"1423",NA,NA,"NV",2023-06-19,NA,NA,NA,NA,NA,NA,NA,NA,NA,NA,NA,NA,NA,NA,NA,NA
"1424",NA,NA,"NV",2023-06-20,NA,NA,NA,NA,NA,NA,NA,NA,NA,NA,NA,NA,NA,NA,NA,NA
"1425",0.516347756286959,0.354217208938614,"NV",2023-06-21,1,1,1,1,1,1,1,1,1,1,0,1,0,1,1,1
"1426",0.948583283660589,0.43270773418156,"NV",2023-06-22,1,1,1,1,1,0,1,1,1,1,0,0,1,1,1,1
"1427",NA,NA,"NV",2023-06-23,NA,NA,NA,NA,NA,NA,NA,NA,NA,NA,NA,NA,NA,NA,NA,NA
"1428",0.504533381710749,0.324231356718182,"NV",2023-06-24,1,1,1,1,1,1,1,1,1,1,1,0,1,1,0,1
"1429",2.22505519144533,0.352796146743574,"NY",2023-05-14,1,0,1,1,1,1,1,1,1,0,1,0,1,1,1,0
"1430",1.56679994232394,0.368527105535234,"NY",2023-05-15,1,1,1,1,1,1,1,0,1,0,0,0,1,1,1,0
"1431",4.05593134646586,0.286741816694292,"NY",2023-05-16,1,1,0,1,1,0,0,0,1,1,0,0,0,0,0,0
"1432",3.11859422003183,0.331705584461781,"NY",2023-05-17,1,1,1,1,1,0,0,0,1,0,0,0,0,0,0,0
"1433",7.47744972297964,0.432471506634039,"NY",2023-05-18,1,1,0,1,0,1,1,1,1,1,0,0,0,0,1,1
"1434",2.90701093652412,0.315695971675041,"NY",2023-05-19,1,1,1,0,1,0,1,1,1,0,0,0,0,1,1,1
"1435",1.9867170103694,0.332063370173028,"NY",2023-05-20,1,1,1,0,1,1,1,1,1,0,0,0,0,0,1,1
"1436",1.92175912268277,0.337089819179729,"NY",2023-05-21,1,1,1,0,1,1,1,1,1,0,1,1,0,1,1,1
"1437",7.2697801272898,0.328271848427893,"NY",2023-05-22,1,0,0,1,0,1,1,1,1,0,0,0,0,0,0,1
"1438",3.75674961121953,0.359119613956295,"NY",2023-05-23,1,1,1,1,1,0,0,1,1,1,0,0,0,0,0,1
"1439",3.44848299933083,0.340298448953204,"NY",2023-05-24,1,1,0,0,0,1,0,1,1,0,0,0,0,1,0,1
"1440",6.18765626244847,0.431939160071108,"NY",2023-05-25,1,0,1,0,0,0,1,1,1,0,1,0,0,0,1,1
"1441",2.27366203310156,0.350502052365965,"NY",2023-05-26,1,1,0,0,1,1,1,1,1,1,0,0,1,1,1,1
"1442",1.31293130290269,0.400620974001491,"NY",2023-05-27,1,0,1,1,1,0,1,1,1,0,0,0,0,0,1,1
"1443",3.40092031385779,0.332956575515362,"NY",2023-05-28,1,1,1,0,0,1,1,1,1,1,0,0,0,0,1,1
"1444",3.15487112697672,0.345301008589472,"NY",2023-05-29,1,1,0,1,1,1,1,1,1,0,0,0,0,0,1,1
"1445",3.64644062272456,0.367424318676639,"NY",2023-05-30,1,0,0,0,1,1,1,1,1,0,0,1,1,0,0,1
"1446",2.78339552106289,0.374986850444034,"NY",2023-05-31,0,1,1,1,1,1,1,1,0,0,0,0,0,0,1,1
"1447",3.44049954105088,0.359769996739123,"NY",2023-06-01,1,0,0,1,0,1,1,1,1,0,0,0,0,0,0,1
"1448",5.61080711296907,0.41734210652414,"NY",2023-06-02,1,0,0,0,0,0,1,0,1,0,0,0,0,0,0,0
"1449",5.50171316961319,0.367284058321229,"NY",2023-06-03,1,1,0,0,1,1,1,1,1,0,0,0,0,0,1,1
"1450",5.1572462605774,0.388732338704534,"NY",2023-06-04,1,1,0,0,0,1,1,1,1,1,0,0,1,1,1,1
"1451",5.16683608240779,0.408597167705217,"NY",2023-06-05,1,1,0,0,0,0,1,0,1,0,0,0,0,0,0,0
"1452",7.88928668109775,0.432959705644439,"NY",2023-06-06,0,0,0,0,0,1,0,0,0,0,0,0,0,0,0,0
"1453",4.3474877820928,0.380851423318076,"NY",2023-06-07,1,1,0,1,0,1,0,0,1,0,0,0,0,0,0,0
"1454",4.38076573552558,0.42671675399093,"NY",2023-06-08,1,0,1,0,0,1,0,1,1,0,0,0,0,0,0,1
"1455",6.7275611488362,0.411810505505114,"NY",2023-06-09,1,1,0,0,0,1,1,0,1,0,0,0,0,1,1,0
"1456",5.44609950745133,0.446231060457254,"NY",2023-06-10,1,1,1,0,0,1,1,0,1,1,0,0,0,0,0,1
"1457",10.2546407219777,0.374299094779558,"NY",2023-06-11,1,1,0,0,0,1,1,1,1,1,0,0,0,0,1,1
"1458",5.2809921001349,0.393823473093047,"NY",2023-06-12,1,0,0,0,0,1,1,0,0,0,0,0,0,0,0,0
"1459",4.49588460400216,0.405810860573708,"NY",2023-06-13,1,1,0,0,0,0,1,0,1,0,0,0,0,0,0,0
"1460",7.77491331269923,0.432544527195268,"NY",2023-06-14,1,1,0,0,1,1,1,1,1,1,0,0,0,1,0,1
"1461",2.43113027348968,0.447815766194579,"NY",2023-06-15,1,1,1,0,1,1,0,1,1,1,0,0,1,1,0,1
"1462",1.51665378871291,0.470315163331084,"NY",2023-06-16,1,0,1,0,1,1,0,1,1,0,0,0,1,0,0,1
"1463",2.75031424579427,0.406406117418506,"NY",2023-06-17,1,1,0,1,0,1,0,1,1,1,0,0,1,0,0,1
"1464",2.03312901681509,0.362261792383104,"NY",2023-06-18,1,1,1,1,0,0,1,0,1,1,0,0,0,0,1,0
"1465",8.71550256676348,0.452263640101079,"NY",2023-06-19,1,1,0,0,0,1,1,1,1,1,0,0,0,0,1,1
"1466",11.1380501621353,0.453302599482314,"NY",2023-06-20,1,0,0,0,0,1,1,0,1,0,0,0,0,0,0,0
"1467",9.05883727029373,0.410811948449762,"NY",2023-06-21,1,1,0,0,1,1,0,0,1,0,0,0,1,0,0,0
"1468",9.07059955700257,0.450947694173961,"NY",2023-06-22,1,1,0,0,1,1,1,1,1,0,0,0,0,0,1,0
"1469",12.2371772620311,0.45502750088732,"NY",2023-06-23,1,1,0,0,0,1,1,1,1,1,0,0,0,1,0,1
"1470",3.49155444525915,0.40264098305874,"NY",2023-06-24,1,1,1,0,0,0,1,1,1,1,1,0,0,0,0,1
"1471",0.0430838605444165,0.0396783660317002,"OH",2023-05-14,1,1,1,1,1,1,1,1,1,1,1,1,1,1,1,1
"1472",1.27328864549337,0.473826438333878,"OH",2023-05-15,1,1,0,1,1,1,1,1,1,1,0,0,0,1,1,1
"1473",0.752111098586121,0.353438316640924,"OH",2023-05-16,1,1,1,0,1,1,1,1,1,1,1,1,1,1,1,1
"1474",0.74815963943559,0.371186364867007,"OH",2023-05-17,1,1,1,1,0,1,1,1,1,1,1,1,1,1,1,1
"1475",0.342285099188142,0.0502533953687378,"OH",2023-05-18,1,1,1,1,1,1,1,1,1,1,1,1,1,1,1,1
"1476",1.89661437346441,0.632442046883244,"OH",2023-05-19,1,1,0,0,1,1,1,1,1,1,0,0,0,1,1,1
"1477",1.34481279410639,0.3393223082987,"OH",2023-05-20,1,1,1,0,1,1,1,1,1,1,0,0,1,1,1,1
"1478",0.204781663102294,0.0598626101940508,"OH",2023-05-21,1,1,1,1,1,1,1,1,1,1,1,1,1,1,1,1
"1479",0.228947310187556,0.063419846202405,"OH",2023-05-22,1,1,1,1,1,1,1,1,1,1,0,0,1,1,1,1
"1480",1.57277262067694,0.705976029340562,"OH",2023-05-23,1,1,0,1,0,1,0,1,1,1,0,1,0,1,0,1
"1481",1.97463951767209,0.66114727750022,"OH",2023-05-24,1,1,0,1,1,1,1,0,1,1,0,0,0,1,1,0
"1482",0.0925301548055981,0.0752427020335289,"OH",2023-05-25,1,1,1,1,1,1,1,1,1,1,0,0,1,1,1,1
"1483",0.661702408330028,0.358576989963948,"OH",2023-05-26,1,1,1,1,0,1,1,1,1,1,1,0,0,1,1,1
"1484",0.0955055752862606,0.084143812458382,"OH",2023-05-27,1,1,1,1,1,1,1,1,1,1,0,0,1,1,1,1
"1485",NA,NA,"OH",2023-05-28,NA,NA,NA,NA,NA,NA,NA,NA,NA,NA,NA,NA,NA,NA,NA,NA
"1486",0.324885930100391,0.0939116073084654,"OH",2023-05-29,1,1,1,1,1,1,1,1,1,1,0,1,1,0,1,1
"1487",1.41201751063294,0.619660729280964,"OH",2023-05-30,1,1,0,1,1,1,1,0,1,1,1,0,0,0,1,0
"1488",0.517744093840552,0.30227463485852,"OH",2023-05-31,1,1,1,1,1,1,1,1,1,1,0,0,1,1,1,1
"1489",1.44120375104014,0.65595829993155,"OH",2023-06-01,1,0,0,1,1,1,1,1,1,0,0,1,0,1,1,1
"1490",NA,NA,"OH",2023-06-02,NA,NA,NA,NA,NA,NA,NA,NA,NA,NA,NA,NA,NA,NA,NA,NA
"1491",0.842924655473982,0.590643959975235,"OH",2023-06-03,1,1,1,1,0,1,1,1,1,1,0,1,0,1,1,1
"1492",1.07975339748285,0.427590073235749,"OH",2023-06-04,1,1,1,1,1,1,0,1,1,1,1,1,1,0,0,1
"1493",NA,NA,"OH",2023-06-05,NA,NA,NA,NA,NA,NA,NA,NA,NA,NA,NA,NA,NA,NA,NA,NA
"1494",0.679513805683069,0.429916096696123,"OH",2023-06-06,1,1,1,0,1,1,1,1,1,1,1,1,1,1,1,1
"1495",NA,NA,"OH",2023-06-07,NA,NA,NA,NA,NA,NA,NA,NA,NA,NA,NA,NA,NA,NA,NA,NA
"1496",1.79943165067526,0.515691064992364,"OH",2023-06-08,1,1,1,1,1,1,1,0,1,1,0,0,1,1,1,0
"1497",0.409779164219776,0.279826086384643,"OH",2023-06-09,1,1,1,1,1,1,1,1,1,1,0,0,1,1,1,1
"1498",0.390286183188413,0.278047675987409,"OH",2023-06-10,1,1,1,1,1,1,1,1,1,1,1,1,1,1,1,1
"1499",NA,NA,"OH",2023-06-11,NA,NA,NA,NA,NA,NA,NA,NA,NA,NA,NA,NA,NA,NA,NA,NA
"1500",NA,NA,"OH",2023-06-12,NA,NA,NA,NA,NA,NA,NA,NA,NA,NA,NA,NA,NA,NA,NA,NA
"1501",NA,NA,"OH",2023-06-13,NA,NA,NA,NA,NA,NA,NA,NA,NA,NA,NA,NA,NA,NA,NA,NA
"1502",0.597660171198074,0.339347775469952,"OH",2023-06-14,1,1,1,1,1,1,1,1,1,1,0,0,1,1,1,1
"1503",0.965608841642537,0.671767433650883,"OH",2023-06-15,1,0,1,1,1,1,1,1,1,0,1,0,1,1,1,1
"1504",0.940218051340463,0.662496117360934,"OH",2023-06-16,1,1,1,1,1,1,0,1,1,1,1,0,1,1,0,1
"1505",NA,NA,"OH",2023-06-17,NA,NA,NA,NA,NA,NA,NA,NA,NA,NA,NA,NA,NA,NA,NA,NA
"1506",NA,NA,"OH",2023-06-18,NA,NA,NA,NA,NA,NA,NA,NA,NA,NA,NA,NA,NA,NA,NA,NA
"1507",NA,NA,"OH",2023-06-19,NA,NA,NA,NA,NA,NA,NA,NA,NA,NA,NA,NA,NA,NA,NA,NA
"1508",NA,NA,"OH",2023-06-20,NA,NA,NA,NA,NA,NA,NA,NA,NA,NA,NA,NA,NA,NA,NA,NA
"1509",0.951129543355253,0.672638374117393,"OH",2023-06-21,1,1,1,1,1,1,1,0,1,1,1,0,1,1,1,0
"1510",NA,NA,"OH",2023-06-22,NA,NA,NA,NA,NA,NA,NA,NA,NA,NA,NA,NA,NA,NA,NA,NA
"1511",NA,NA,"OH",2023-06-23,NA,NA,NA,NA,NA,NA,NA,NA,NA,NA,NA,NA,NA,NA,NA,NA
"1512",0.343997054422389,0.303461969605056,"OH",2023-06-24,1,1,1,1,1,1,1,1,1,1,0,0,1,1,1,1
"1513",0.0691014444157392,0.0467077276413562,"OK",2023-05-14,1,1,1,1,1,1,1,1,1,1,1,1,1,1,1,1
"1514",0.0821468008467244,0.0496246408991322,"OK",2023-05-15,1,1,1,1,1,1,1,1,1,1,1,1,1,1,1,1
"1515",0.845923693343089,0.618986235766344,"OK",2023-05-16,1,1,1,0,1,1,1,1,1,1,0,0,1,1,1,1
"1516",0.831759255568665,0.608281142765302,"OK",2023-05-17,1,1,1,0,1,1,1,1,1,1,0,0,1,1,1,1
"1517",NA,NA,"OK",2023-05-18,NA,NA,NA,NA,NA,NA,NA,NA,NA,NA,NA,NA,NA,NA,NA,NA
"1518",NA,NA,"OK",2023-05-19,NA,NA,NA,NA,NA,NA,NA,NA,NA,NA,NA,NA,NA,NA,NA,NA
"1519",NA,NA,"OK",2023-05-20,NA,NA,NA,NA,NA,NA,NA,NA,NA,NA,NA,NA,NA,NA,NA,NA
"1520",NA,NA,"OK",2023-05-21,NA,NA,NA,NA,NA,NA,NA,NA,NA,NA,NA,NA,NA,NA,NA,NA
"1521",0.917888566745919,0.682181803630528,"OK",2023-05-22,1,1,1,1,0,1,1,1,1,1,0,1,0,1,1,1
"1522",0.112764665878039,0.0795490511018873,"OK",2023-05-23,1,1,1,1,1,1,1,1,1,1,1,1,1,1,1,1
"1523",NA,NA,"OK",2023-05-24,NA,NA,NA,NA,NA,NA,NA,NA,NA,NA,NA,NA,NA,NA,NA,NA
"1524",NA,NA,"OK",2023-05-25,NA,NA,NA,NA,NA,NA,NA,NA,NA,NA,NA,NA,NA,NA,NA,NA
"1525",NA,NA,"OK",2023-05-26,NA,NA,NA,NA,NA,NA,NA,NA,NA,NA,NA,NA,NA,NA,NA,NA
"1526",NA,NA,"OK",2023-05-27,NA,NA,NA,NA,NA,NA,NA,NA,NA,NA,NA,NA,NA,NA,NA,NA
"1527",NA,NA,"OK",2023-05-28,NA,NA,NA,NA,NA,NA,NA,NA,NA,NA,NA,NA,NA,NA,NA,NA
"1528",NA,NA,"OK",2023-05-29,NA,NA,NA,NA,NA,NA,NA,NA,NA,NA,NA,NA,NA,NA,NA,NA
"1529",0.997974009983631,0.714366326479947,"OK",2023-05-30,1,0,1,1,1,1,1,1,1,0,0,1,1,1,1,1
"1530",NA,NA,"OK",2023-05-31,NA,NA,NA,NA,NA,NA,NA,NA,NA,NA,NA,NA,NA,NA,NA,NA
"1531",NA,NA,"OK",2023-06-01,NA,NA,NA,NA,NA,NA,NA,NA,NA,NA,NA,NA,NA,NA,NA,NA
"1532",NA,NA,"OK",2023-06-02,NA,NA,NA,NA,NA,NA,NA,NA,NA,NA,NA,NA,NA,NA,NA,NA
"1533",NA,NA,"OK",2023-06-03,NA,NA,NA,NA,NA,NA,NA,NA,NA,NA,NA,NA,NA,NA,NA,NA
"1534",NA,NA,"OK",2023-06-04,NA,NA,NA,NA,NA,NA,NA,NA,NA,NA,NA,NA,NA,NA,NA,NA
"1535",NA,NA,"OK",2023-06-05,NA,NA,NA,NA,NA,NA,NA,NA,NA,NA,NA,NA,NA,NA,NA,NA
"1536",NA,NA,"OK",2023-06-06,NA,NA,NA,NA,NA,NA,NA,NA,NA,NA,NA,NA,NA,NA,NA,NA
"1537",NA,NA,"OK",2023-06-07,NA,NA,NA,NA,NA,NA,NA,NA,NA,NA,NA,NA,NA,NA,NA,NA
"1538",0.519245734399191,0.35840284113375,"OK",2023-06-08,1,1,1,1,1,1,1,1,1,1,1,0,0,1,1,1
"1539",NA,NA,"OK",2023-06-09,NA,NA,NA,NA,NA,NA,NA,NA,NA,NA,NA,NA,NA,NA,NA,NA
"1540",NA,NA,"OK",2023-06-10,NA,NA,NA,NA,NA,NA,NA,NA,NA,NA,NA,NA,NA,NA,NA,NA
"1541",0.303876607623361,0.204748765810559,"OK",2023-06-11,1,1,1,1,1,1,1,1,1,1,1,1,1,1,1,1
"1542",0.797864289956367,0.600106958522058,"OK",2023-06-12,1,1,1,1,0,1,1,1,1,1,1,0,0,1,1,1
"1543",0.756485269281696,0.410218345432562,"OK",2023-06-13,1,1,1,1,0,1,1,1,1,1,0,1,0,1,1,1
"1544",NA,NA,"OK",2023-06-14,NA,NA,NA,NA,NA,NA,NA,NA,NA,NA,NA,NA,NA,NA,NA,NA
"1545",0.348055239237463,0.239946190865098,"OK",2023-06-15,1,1,1,1,1,1,1,1,1,1,1,1,1,1,1,1
"1546",NA,NA,"OK",2023-06-16,NA,NA,NA,NA,NA,NA,NA,NA,NA,NA,NA,NA,NA,NA,NA,NA
"1547",NA,NA,"OK",2023-06-17,NA,NA,NA,NA,NA,NA,NA,NA,NA,NA,NA,NA,NA,NA,NA,NA
"1548",NA,NA,"OK",2023-06-18,NA,NA,NA,NA,NA,NA,NA,NA,NA,NA,NA,NA,NA,NA,NA,NA
"1549",1.61035195246622,0.59269117767322,"OK",2023-06-19,1,1,1,1,0,1,1,1,1,1,0,0,0,1,1,1
"1550",0.347998670693792,0.244654730743525,"OK",2023-06-20,1,1,1,1,1,1,1,1,1,1,0,0,1,1,1,1
"1551",NA,NA,"OK",2023-06-21,NA,NA,NA,NA,NA,NA,NA,NA,NA,NA,NA,NA,NA,NA,NA,NA
"1552",0.874376284234478,0.632164703715876,"OK",2023-06-22,1,1,1,1,1,0,1,1,1,1,1,1,0,0,1,1
"1553",NA,NA,"OK",2023-06-23,NA,NA,NA,NA,NA,NA,NA,NA,NA,NA,NA,NA,NA,NA,NA,NA
"1554",NA,NA,"OK",2023-06-24,NA,NA,NA,NA,NA,NA,NA,NA,NA,NA,NA,NA,NA,NA,NA,NA
"1555",0.548626236365276,0.0723018151512327,"OR",2023-05-14,1,1,1,1,1,1,1,1,1,0,0,1,0,1,1,1
"1556",0.496815917427258,0.201080259033305,"OR",2023-05-15,1,1,1,1,1,1,1,1,1,1,1,1,1,1,1,1
"1557",0.665631225658559,0.355509952205772,"OR",2023-05-16,1,1,1,0,1,1,1,1,1,1,0,0,1,1,1,1
"1558",0.955827167189123,0.422541539217105,"OR",2023-05-17,1,1,1,1,1,1,1,1,1,1,1,1,1,1,1,1
"1559",1.14985534832067,0.454325805031684,"OR",2023-05-18,0,1,1,1,1,1,1,1,0,1,0,0,0,1,1,1
"1560",1.40113608979839,0.631611462944501,"OR",2023-05-19,0,1,0,1,1,1,1,1,0,1,0,1,0,1,1,1
"1561",2.26614909426605,0.638998897035671,"OR",2023-05-20,1,0,0,1,1,1,1,0,1,0,0,1,0,0,1,0
"1562",0.521850761175832,0.315549412851042,"OR",2023-05-21,1,1,1,1,1,1,1,1,1,1,0,1,0,1,1,1
"1563",0.793260570896763,0.34655611264852,"OR",2023-05-22,1,1,1,1,1,1,1,1,1,1,0,0,0,0,1,1
"1564",0.440747845483392,0.111122592373489,"OR",2023-05-23,1,1,1,1,1,1,1,1,1,1,1,1,1,1,1,1
"1565",0.741697634110404,0.382119496485221,"OR",2023-05-24,1,1,1,1,1,0,1,1,1,1,1,1,0,0,1,1
"1566",0.166427508592973,0.121747886886506,"OR",2023-05-25,1,1,1,1,1,1,1,1,1,1,0,1,1,0,1,1
"1567",1.71344807422754,0.350863110123298,"OR",2023-05-26,1,0,1,1,1,1,1,1,1,0,0,1,1,1,1,1
"1568",1.05172488460063,0.510629219882418,"OR",2023-05-27,1,1,0,1,1,1,1,1,1,1,0,0,0,1,1,1
"1569",1.01035566904647,0.440833043815905,"OR",2023-05-28,1,1,1,1,1,1,0,1,1,1,0,1,1,1,0,1
"1570",0.520978242444126,0.253835274589286,"OR",2023-05-29,1,1,1,1,1,1,1,1,1,1,0,1,1,1,1,0
"1571",0.863779801041767,0.316313828883016,"OR",2023-05-30,1,1,1,1,1,1,1,1,1,1,0,0,0,0,1,1
"1572",1.0942155099412,0.53503768783332,"OR",2023-05-31,1,1,0,1,1,0,1,1,1,1,0,0,0,0,1,1
"1573",0.951326345678863,0.361804232225791,"OR",2023-06-01,0,1,1,1,1,1,1,1,0,1,0,1,0,0,1,1
"1574",NA,NA,"OR",2023-06-02,NA,NA,NA,NA,NA,NA,NA,NA,NA,NA,NA,NA,NA,NA,NA,NA
"1575",1.49694203066289,0.178564008761465,"OR",2023-06-03,1,1,0,1,1,1,1,1,1,1,0,0,0,0,1,1
"1576",1.25111702561073,0.421874418984114,"OR",2023-06-04,1,1,1,1,1,1,0,0,1,1,0,0,1,1,0,0
"1577",1.36346104002116,0.458270197147136,"OR",2023-06-05,1,1,1,0,1,1,1,1,1,1,0,0,1,1,1,1
"1578",NA,NA,"OR",2023-06-06,NA,NA,NA,NA,NA,NA,NA,NA,NA,NA,NA,NA,NA,NA,NA,NA
"1579",0.494002284862791,0.324974281857138,"OR",2023-06-07,1,1,1,1,1,1,1,1,1,1,1,0,0,1,1,1
"1580",1.38088540313534,0.28121093715142,"OR",2023-06-08,1,1,0,1,1,1,1,1,1,1,0,0,0,1,1,1
"1581",0.789608394020579,0.575424965447973,"OR",2023-06-09,1,1,1,1,1,0,1,1,1,1,1,1,0,0,1,1
"1582",NA,NA,"OR",2023-06-10,NA,NA,NA,NA,NA,NA,NA,NA,NA,NA,NA,NA,NA,NA,NA,NA
"1583",0.605558497394714,0.398679132441596,"OR",2023-06-11,1,1,1,1,0,1,1,1,1,1,1,1,1,1,1,1
"1584",1.79001715746243,0.311491898152816,"OR",2023-06-12,1,1,0,1,1,1,1,1,1,1,0,0,1,0,1,1
"1585",0.545410384141275,0.323623947130426,"OR",2023-06-13,1,1,1,1,1,1,1,1,1,1,1,0,0,1,1,1
"1586",0.890369851742441,0.629345238473704,"OR",2023-06-14,1,0,1,1,1,1,1,1,1,0,0,1,1,1,1,1
"1587",0.351960024351746,0.272826475356198,"OR",2023-06-15,1,1,1,1,1,1,1,1,1,1,0,0,1,1,1,1
"1588",0.395913088932261,0.281259070851693,"OR",2023-06-16,1,1,1,1,1,1,1,1,1,1,0,0,1,1,1,1
"1589",0.498055370591823,0.368609282513322,"OR",2023-06-17,1,1,1,1,1,1,1,1,1,1,1,1,1,1,1,1
"1590",NA,NA,"OR",2023-06-18,NA,NA,NA,NA,NA,NA,NA,NA,NA,NA,NA,NA,NA,NA,NA,NA
"1591",NA,NA,"OR",2023-06-19,NA,NA,NA,NA,NA,NA,NA,NA,NA,NA,NA,NA,NA,NA,NA,NA
"1592",1.18833744441614,0.409243601598956,"OR",2023-06-20,1,1,1,1,1,1,1,0,1,1,0,0,0,0,1,0
"1593",1.06610624609606,0.495666500113595,"OR",2023-06-21,1,0,1,1,1,1,1,1,1,0,0,1,1,1,1,1
"1594",1.03255225761495,0.332322584713094,"OR",2023-06-22,1,1,0,1,1,1,1,1,1,1,0,1,0,0,1,1
"1595",NA,NA,"OR",2023-06-23,NA,NA,NA,NA,NA,NA,NA,NA,NA,NA,NA,NA,NA,NA,NA,NA
"1596",0.898207981545631,0.456046948753912,"OR",2023-06-24,1,1,1,1,1,0,1,1,1,1,1,0,0,0,1,1
"1597",0.548674891773285,0.333596550661729,"PA",2023-05-14,1,1,1,1,1,1,1,1,1,1,1,0,1,1,1,0
"1598",0.504218715784165,0.250301463397409,"PA",2023-05-15,1,1,1,1,1,1,1,1,1,1,0,1,0,1,1,1
"1599",0.725159853565048,0.525911819952913,"PA",2023-05-16,1,1,1,0,1,1,1,1,1,1,0,0,1,1,1,1
"1600",1.07658355932216,0.229873737616334,"PA",2023-05-17,1,1,0,1,1,1,1,1,1,0,1,1,0,1,1,1
"1601",2.30954596989783,0.557749137292072,"PA",2023-05-18,0,1,0,0,1,0,1,1,0,1,0,0,0,0,1,1
"1602",1.08837011696866,0.397698200243388,"PA",2023-05-19,1,1,1,1,1,1,1,1,1,1,0,0,1,0,1,1
"1603",NA,NA,"PA",2023-05-20,NA,NA,NA,NA,NA,NA,NA,NA,NA,NA,NA,NA,NA,NA,NA,NA
"1604",0.771265353108059,0.392444210593093,"PA",2023-05-21,1,1,1,1,1,0,1,1,1,1,1,1,0,0,1,1
"1605",1.38683143934343,0.487656837266719,"PA",2023-05-22,0,0,1,1,1,1,1,1,0,0,1,1,0,1,1,1
"1606",1.61374594598528,0.280127740031353,"PA",2023-05-23,1,0,0,1,1,1,1,1,1,0,0,0,0,1,1,1
"1607",0.611214998053828,0.440283491338285,"PA",2023-05-24,1,1,1,0,1,1,1,1,1,1,0,0,1,1,1,1
"1608",NA,NA,"PA",2023-05-25,NA,NA,NA,NA,NA,NA,NA,NA,NA,NA,NA,NA,NA,NA,NA,NA
"1609",1.11821122300915,0.52429052058758,"PA",2023-05-26,1,0,1,1,1,1,1,1,1,0,0,1,0,1,1,1
"1610",0.299307863418073,0.226742443064839,"PA",2023-05-27,1,1,1,1,1,1,1,1,1,1,1,1,1,1,1,1
"1611",0.322802363032441,0.236498034809132,"PA",2023-05-28,1,1,1,1,1,1,1,1,1,1,1,1,1,1,1,1
"1612",0.821455754832406,0.246406615214531,"PA",2023-05-29,1,1,0,1,1,1,1,1,1,1,0,1,0,1,1,1
"1613",0.905522584322751,0.639348780821822,"PA",2023-05-30,1,1,1,1,1,1,1,0,1,1,1,0,1,1,1,0
"1614",0.939920287640702,0.266616712777096,"PA",2023-05-31,1,1,0,1,1,1,1,1,1,1,0,0,1,1,1,1
"1615",1.39172950953208,0.358575628785457,"PA",2023-06-01,1,1,1,1,0,1,1,1,1,1,1,0,0,0,1,1
"1616",0.936737925649853,0.453030429136728,"PA",2023-06-02,1,1,1,1,1,1,0,1,1,1,0,0,1,1,0,1
"1617",0.762708302877648,0.401477024183516,"PA",2023-06-03,1,1,1,1,1,0,1,1,1,1,1,1,1,0,1,0
"1618",0.435380338739948,0.308113118700803,"PA",2023-06-04,1,1,1,1,1,1,1,1,1,1,1,1,1,1,1,1
"1619",1.01357470064679,0.318603724887591,"PA",2023-06-05,1,1,0,1,1,1,1,1,1,1,0,1,0,1,1,1
"1620",0.555411870412022,0.369504506193162,"PA",2023-06-06,1,1,1,1,0,1,1,1,1,1,1,1,1,1,1,1
"1621",0.450996579866204,0.339593309088146,"PA",2023-06-07,1,1,1,1,1,1,1,1,1,1,0,1,0,1,1,1
"1622",0.554447093928686,0.366014254017118,"PA",2023-06-08,1,1,1,1,0,1,1,1,1,1,0,1,0,1,1,1
"1623",1.54274387025546,0.373531537097707,"PA",2023-06-09,1,1,0,1,0,1,1,1,1,1,0,0,0,1,1,1
"1624",0.49523077069319,0.330976088594961,"PA",2023-06-10,1,1,1,1,1,1,1,1,1,1,0,0,1,1,1,1
"1625",NA,NA,"PA",2023-06-11,NA,NA,NA,NA,NA,NA,NA,NA,NA,NA,NA,NA,NA,NA,NA,NA
"1626",0.747658415733422,0.405505863561625,"PA",2023-06-12,1,1,1,1,1,1,1,1,1,1,0,0,0,0,1,1
"1627",1.23587704231135,0.401327487143231,"PA",2023-06-13,1,1,0,1,1,1,1,1,1,1,0,1,0,1,1,1
"1628",0.489888764217668,0.314128452890888,"PA",2023-06-14,1,1,1,1,1,1,1,1,1,1,1,0,0,1,1,1
"1629",0.593835303362186,0.421050507827682,"PA",2023-06-15,1,1,0,1,1,1,1,1,1,1,0,0,1,1,1,1
"1630",0.537881505356477,0.364507103138843,"PA",2023-06-16,1,1,1,1,1,1,1,1,1,1,1,0,0,1,1,1
"1631",NA,NA,"PA",2023-06-17,NA,NA,NA,NA,NA,NA,NA,NA,NA,NA,NA,NA,NA,NA,NA,NA
"1632",NA,NA,"PA",2023-06-18,NA,NA,NA,NA,NA,NA,NA,NA,NA,NA,NA,NA,NA,NA,NA,NA
"1633",0.567749313934044,0.3682610728705,"PA",2023-06-19,1,1,1,1,0,1,1,1,1,1,1,1,1,1,1,1
"1634",0.553341209448026,0.349872444088372,"PA",2023-06-20,1,1,1,1,1,1,1,1,1,1,0,1,0,1,1,1
"1635",1.12169520935287,0.46050620743495,"PA",2023-06-21,1,1,1,1,1,1,0,1,1,1,1,0,0,0,0,1
"1636",1.18439530542622,0.559635238362121,"PA",2023-06-22,1,0,1,1,1,1,1,1,1,0,1,0,1,1,1,1
"1637",0.940461357866854,0.43359445000223,"PA",2023-06-23,1,1,1,1,1,1,0,1,1,1,0,1,0,1,0,1
"1638",1.28565338739421,0.378408578269968,"PA",2023-06-24,1,1,1,1,0,1,1,1,1,1,1,0,0,0,1,1
"1639",NA,NA,"PR",2023-05-14,NA,NA,NA,NA,NA,NA,NA,NA,NA,NA,NA,NA,NA,NA,NA,NA
"1640",NA,NA,"PR",2023-05-15,NA,NA,NA,NA,NA,NA,NA,NA,NA,NA,NA,NA,NA,NA,NA,NA
"1641",NA,NA,"PR",2023-05-16,NA,NA,NA,NA,NA,NA,NA,NA,NA,NA,NA,NA,NA,NA,NA,NA
"1642",1.48167972899486,0.459884772615192,"PR",2023-05-17,1,1,0,1,0,1,1,1,1,1,1,0,0,1,1,1
"1643",NA,NA,"PR",2023-05-18,NA,NA,NA,NA,NA,NA,NA,NA,NA,NA,NA,NA,NA,NA,NA,NA
"1644",NA,NA,"PR",2023-05-19,NA,NA,NA,NA,NA,NA,NA,NA,NA,NA,NA,NA,NA,NA,NA,NA
"1645",NA,NA,"PR",2023-05-20,NA,NA,NA,NA,NA,NA,NA,NA,NA,NA,NA,NA,NA,NA,NA,NA
"1646",NA,NA,"PR",2023-05-21,NA,NA,NA,NA,NA,NA,NA,NA,NA,NA,NA,NA,NA,NA,NA,NA
"1647",NA,NA,"PR",2023-05-22,NA,NA,NA,NA,NA,NA,NA,NA,NA,NA,NA,NA,NA,NA,NA,NA
"1648",NA,NA,"PR",2023-05-23,NA,NA,NA,NA,NA,NA,NA,NA,NA,NA,NA,NA,NA,NA,NA,NA
"1649",0.233456790799243,0.199142160372241,"PR",2023-05-24,1,1,1,1,1,1,1,1,1,1,1,1,1,1,1,1
"1650",NA,NA,"PR",2023-05-25,NA,NA,NA,NA,NA,NA,NA,NA,NA,NA,NA,NA,NA,NA,NA,NA
"1651",NA,NA,"PR",2023-05-26,NA,NA,NA,NA,NA,NA,NA,NA,NA,NA,NA,NA,NA,NA,NA,NA
"1652",NA,NA,"PR",2023-05-27,NA,NA,NA,NA,NA,NA,NA,NA,NA,NA,NA,NA,NA,NA,NA,NA
"1653",NA,NA,"PR",2023-05-28,NA,NA,NA,NA,NA,NA,NA,NA,NA,NA,NA,NA,NA,NA,NA,NA
"1654",NA,NA,"PR",2023-05-29,NA,NA,NA,NA,NA,NA,NA,NA,NA,NA,NA,NA,NA,NA,NA,NA
"1655",0.300301702028697,0.246633767571439,"PR",2023-05-30,1,1,1,1,1,1,1,1,1,1,0,0,1,1,1,1
"1656",NA,NA,"PR",2023-05-31,NA,NA,NA,NA,NA,NA,NA,NA,NA,NA,NA,NA,NA,NA,NA,NA
"1657",0.775255342632417,0.558038030389784,"PR",2023-06-01,1,1,1,1,1,0,1,1,1,0,1,1,1,0,1,1
"1658",NA,NA,"PR",2023-06-02,NA,NA,NA,NA,NA,NA,NA,NA,NA,NA,NA,NA,NA,NA,NA,NA
"1659",NA,NA,"PR",2023-06-03,NA,NA,NA,NA,NA,NA,NA,NA,NA,NA,NA,NA,NA,NA,NA,NA
"1660",NA,NA,"PR",2023-06-04,NA,NA,NA,NA,NA,NA,NA,NA,NA,NA,NA,NA,NA,NA,NA,NA
"1661",NA,NA,"PR",2023-06-05,NA,NA,NA,NA,NA,NA,NA,NA,NA,NA,NA,NA,NA,NA,NA,NA
"1662",NA,NA,"PR",2023-06-06,NA,NA,NA,NA,NA,NA,NA,NA,NA,NA,NA,NA,NA,NA,NA,NA
"1663",0.877634618245509,0.613178749637629,"PR",2023-06-07,1,1,1,1,1,1,1,0,1,1,1,0,1,1,1,0
"1664",0.537207703385109,0.347925448397809,"PR",2023-06-08,1,1,1,1,0,1,1,1,1,1,1,0,0,1,1,1
"1665",NA,NA,"PR",2023-06-09,NA,NA,NA,NA,NA,NA,NA,NA,NA,NA,NA,NA,NA,NA,NA,NA
"1666",NA,NA,"PR",2023-06-10,NA,NA,NA,NA,NA,NA,NA,NA,NA,NA,NA,NA,NA,NA,NA,NA
"1667",NA,NA,"PR",2023-06-11,NA,NA,NA,NA,NA,NA,NA,NA,NA,NA,NA,NA,NA,NA,NA,NA
"1668",0.521301534343449,0.342032461670448,"PR",2023-06-12,1,1,1,1,1,1,1,1,1,1,1,0,0,1,1,1
"1669",NA,NA,"PR",2023-06-13,NA,NA,NA,NA,NA,NA,NA,NA,NA,NA,NA,NA,NA,NA,NA,NA
"1670",NA,NA,"PR",2023-06-14,NA,NA,NA,NA,NA,NA,NA,NA,NA,NA,NA,NA,NA,NA,NA,NA
"1671",NA,NA,"PR",2023-06-15,NA,NA,NA,NA,NA,NA,NA,NA,NA,NA,NA,NA,NA,NA,NA,NA
"1672",0.512413301116311,0.38881302324612,"PR",2023-06-16,1,1,1,1,1,1,1,1,1,1,0,0,1,1,1,1
"1673",NA,NA,"PR",2023-06-17,NA,NA,NA,NA,NA,NA,NA,NA,NA,NA,NA,NA,NA,NA,NA,NA
"1674",NA,NA,"PR",2023-06-18,NA,NA,NA,NA,NA,NA,NA,NA,NA,NA,NA,NA,NA,NA,NA,NA
"1675",NA,NA,"PR",2023-06-19,NA,NA,NA,NA,NA,NA,NA,NA,NA,NA,NA,NA,NA,NA,NA,NA
"1676",NA,NA,"PR",2023-06-20,NA,NA,NA,NA,NA,NA,NA,NA,NA,NA,NA,NA,NA,NA,NA,NA
"1677",NA,NA,"PR",2023-06-21,NA,NA,NA,NA,NA,NA,NA,NA,NA,NA,NA,NA,NA,NA,NA,NA
"1678",NA,NA,"PR",2023-06-22,NA,NA,NA,NA,NA,NA,NA,NA,NA,NA,NA,NA,NA,NA,NA,NA
"1679",NA,NA,"PR",2023-06-23,NA,NA,NA,NA,NA,NA,NA,NA,NA,NA,NA,NA,NA,NA,NA,NA
"1680",NA,NA,"PR",2023-06-24,NA,NA,NA,NA,NA,NA,NA,NA,NA,NA,NA,NA,NA,NA,NA,NA
"1681",NA,NA,"RI",2023-05-14,NA,NA,NA,NA,NA,NA,NA,NA,NA,NA,NA,NA,NA,NA,NA,NA
"1682",0.041383254589844,0.030236054635113,"RI",2023-05-15,1,1,1,1,1,1,1,1,1,1,1,1,1,1,1,1
"1683",0.0443866764979532,0.0323927413161036,"RI",2023-05-16,1,1,1,1,1,1,1,1,1,1,1,1,1,1,1,1
"1684",1.0100454400145,0.735265004719777,"RI",2023-05-17,1,1,0,1,0,1,1,1,1,1,0,1,0,1,1,1
"1685",NA,NA,"RI",2023-05-18,NA,NA,NA,NA,NA,NA,NA,NA,NA,NA,NA,NA,NA,NA,NA,NA
"1686",NA,NA,"RI",2023-05-19,NA,NA,NA,NA,NA,NA,NA,NA,NA,NA,NA,NA,NA,NA,NA,NA
"1687",NA,NA,"RI",2023-05-20,NA,NA,NA,NA,NA,NA,NA,NA,NA,NA,NA,NA,NA,NA,NA,NA
"1688",NA,NA,"RI",2023-05-21,NA,NA,NA,NA,NA,NA,NA,NA,NA,NA,NA,NA,NA,NA,NA,NA
"1689",0.067618443500335,0.0485731839826437,"RI",2023-05-22,1,1,1,1,1,1,1,1,1,1,1,1,1,1,1,1
"1690",NA,NA,"RI",2023-05-23,NA,NA,NA,NA,NA,NA,NA,NA,NA,NA,NA,NA,NA,NA,NA,NA
"1691",0.0768567228795559,0.0553598682256852,"RI",2023-05-24,1,1,1,1,1,1,1,1,1,1,0,1,1,1,1,0
"1692",NA,NA,"RI",2023-05-25,NA,NA,NA,NA,NA,NA,NA,NA,NA,NA,NA,NA,NA,NA,NA,NA
"1693",NA,NA,"RI",2023-05-26,NA,NA,NA,NA,NA,NA,NA,NA,NA,NA,NA,NA,NA,NA,NA,NA
"1694",NA,NA,"RI",2023-05-27,NA,NA,NA,NA,NA,NA,NA,NA,NA,NA,NA,NA,NA,NA,NA,NA
"1695",NA,NA,"RI",2023-05-28,NA,NA,NA,NA,NA,NA,NA,NA,NA,NA,NA,NA,NA,NA,NA,NA
"1696",NA,NA,"RI",2023-05-29,NA,NA,NA,NA,NA,NA,NA,NA,NA,NA,NA,NA,NA,NA,NA,NA
"1697",0.116102931124297,0.0805452930141682,"RI",2023-05-30,1,1,1,1,1,1,1,1,1,1,1,1,1,1,1,1
"1698",NA,NA,"RI",2023-05-31,NA,NA,NA,NA,NA,NA,NA,NA,NA,NA,NA,NA,NA,NA,NA,NA
"1699",NA,NA,"RI",2023-06-01,NA,NA,NA,NA,NA,NA,NA,NA,NA,NA,NA,NA,NA,NA,NA,NA
"1700",NA,NA,"RI",2023-06-02,NA,NA,NA,NA,NA,NA,NA,NA,NA,NA,NA,NA,NA,NA,NA,NA
"1701",NA,NA,"RI",2023-06-03,NA,NA,NA,NA,NA,NA,NA,NA,NA,NA,NA,NA,NA,NA,NA,NA
"1702",NA,NA,"RI",2023-06-04,NA,NA,NA,NA,NA,NA,NA,NA,NA,NA,NA,NA,NA,NA,NA,NA
"1703",NA,NA,"RI",2023-06-05,NA,NA,NA,NA,NA,NA,NA,NA,NA,NA,NA,NA,NA,NA,NA,NA
"1704",NA,NA,"RI",2023-06-06,NA,NA,NA,NA,NA,NA,NA,NA,NA,NA,NA,NA,NA,NA,NA,NA
"1705",0.169241044046374,0.126340733702857,"RI",2023-06-07,1,1,1,1,1,1,1,1,1,1,1,1,1,1,1,1
"1706",NA,NA,"RI",2023-06-08,NA,NA,NA,NA,NA,NA,NA,NA,NA,NA,NA,NA,NA,NA,NA,NA
"1707",NA,NA,"RI",2023-06-09,NA,NA,NA,NA,NA,NA,NA,NA,NA,NA,NA,NA,NA,NA,NA,NA
"1708",NA,NA,"RI",2023-06-10,NA,NA,NA,NA,NA,NA,NA,NA,NA,NA,NA,NA,NA,NA,NA,NA
"1709",NA,NA,"RI",2023-06-11,NA,NA,NA,NA,NA,NA,NA,NA,NA,NA,NA,NA,NA,NA,NA,NA
"1710",0.452807076375727,0.295684332050855,"RI",2023-06-12,1,1,1,1,1,1,1,1,1,1,0,1,1,0,1,1
"1711",0.229964149992268,0.169676774660366,"RI",2023-06-13,1,1,1,1,1,1,1,1,1,1,1,1,1,1,1,1
"1712",0.613649227292021,0.40893038216944,"RI",2023-06-14,1,1,1,0,1,1,1,1,1,1,0,0,1,1,1,1
"1713",NA,NA,"RI",2023-06-15,NA,NA,NA,NA,NA,NA,NA,NA,NA,NA,NA,NA,NA,NA,NA,NA
"1714",0.585275139337813,0.389190557156593,"RI",2023-06-16,1,1,1,0,1,1,1,1,1,1,1,1,1,1,1,1
"1715",NA,NA,"RI",2023-06-17,NA,NA,NA,NA,NA,NA,NA,NA,NA,NA,NA,NA,NA,NA,NA,NA
"1716",NA,NA,"RI",2023-06-18,NA,NA,NA,NA,NA,NA,NA,NA,NA,NA,NA,NA,NA,NA,NA,NA
"1717",0.300365525468535,0.219384053488176,"RI",2023-06-19,1,1,1,1,1,1,1,1,1,1,0,1,0,1,1,1
"1718",0.803625036607653,0.228149856821307,"RI",2023-06-20,1,1,0,1,1,1,1,1,1,1,0,0,0,1,1,1
"1719",0.713023398053675,0.525682805457193,"RI",2023-06-21,1,1,1,1,0,1,1,1,1,1,1,0,0,1,1,1
"1720",0.800739933987207,0.245994947787188,"RI",2023-06-22,1,1,0,1,1,1,1,1,1,1,0,1,0,0,1,1
"1721",NA,NA,"RI",2023-06-23,NA,NA,NA,NA,NA,NA,NA,NA,NA,NA,NA,NA,NA,NA,NA,NA
"1722",NA,NA,"RI",2023-06-24,NA,NA,NA,NA,NA,NA,NA,NA,NA,NA,NA,NA,NA,NA,NA,NA
"1723",NA,NA,"SC",2023-05-14,NA,NA,NA,NA,NA,NA,NA,NA,NA,NA,NA,NA,NA,NA,NA,NA
"1724",NA,NA,"SC",2023-05-15,NA,NA,NA,NA,NA,NA,NA,NA,NA,NA,NA,NA,NA,NA,NA,NA
"1725",0.220602232181935,0.0545825936128497,"SC",2023-05-16,1,1,1,1,1,1,1,1,1,1,0,1,0,1,1,1
"1726",NA,NA,"SC",2023-05-17,NA,NA,NA,NA,NA,NA,NA,NA,NA,NA,NA,NA,NA,NA,NA,NA
"1727",0.0698247156567958,0.0602799762035575,"SC",2023-05-18,1,1,1,1,1,1,1,1,1,1,0,1,1,0,1,1
"1728",0.936952589844271,0.66663694397541,"SC",2023-05-19,1,1,1,0,1,1,1,1,1,1,0,0,1,1,1,1
"1729",NA,NA,"SC",2023-05-20,NA,NA,NA,NA,NA,NA,NA,NA,NA,NA,NA,NA,NA,NA,NA,NA
"1730",0.279455744014181,0.0697942353973904,"SC",2023-05-21,1,1,1,1,1,1,1,1,1,1,1,1,1,1,1,1
"1731",0.885033848789472,0.40724026630865,"SC",2023-05-22,1,0,1,1,1,1,1,1,1,0,0,0,1,1,1,1
"1732",0.306105118560992,0.0768167340721202,"SC",2023-05-23,1,1,1,1,1,1,1,1,1,1,1,1,1,1,1,1
"1733",0.654421449783982,0.353763544810683,"SC",2023-05-24,1,1,1,0,1,1,1,1,1,1,0,1,0,1,1,1
"1734",0.110674090535799,0.0844070395598995,"SC",2023-05-25,1,1,1,1,1,1,1,1,1,1,0,1,0,1,1,1
"1735",0.123184322698194,0.0884206048466952,"SC",2023-05-26,1,1,1,1,1,1,1,1,1,1,0,0,1,1,1,1
"1736",NA,NA,"SC",2023-05-27,NA,NA,NA,NA,NA,NA,NA,NA,NA,NA,NA,NA,NA,NA,NA,NA
"1737",NA,NA,"SC",2023-05-28,NA,NA,NA,NA,NA,NA,NA,NA,NA,NA,NA,NA,NA,NA,NA,NA
"1738",NA,NA,"SC",2023-05-29,NA,NA,NA,NA,NA,NA,NA,NA,NA,NA,NA,NA,NA,NA,NA,NA
"1739",0.397905065270956,0.105969725802782,"SC",2023-05-30,1,1,1,1,1,1,1,1,1,1,1,1,1,1,1,1
"1740",1.59719498899952,0.509056671318845,"SC",2023-05-31,1,1,0,1,0,1,1,1,1,1,1,0,0,0,1,1
"1741",0.749793007243668,0.501825388671137,"SC",2023-06-01,1,1,1,1,0,1,1,1,1,1,0,1,0,1,1,1
"1742",NA,NA,"SC",2023-06-02,NA,NA,NA,NA,NA,NA,NA,NA,NA,NA,NA,NA,NA,NA,NA,NA
"1743",NA,NA,"SC",2023-06-03,NA,NA,NA,NA,NA,NA,NA,NA,NA,NA,NA,NA,NA,NA,NA,NA
"1744",NA,NA,"SC",2023-06-04,NA,NA,NA,NA,NA,NA,NA,NA,NA,NA,NA,NA,NA,NA,NA,NA
"1745",1.03830281969296,0.432999796475204,"SC",2023-06-05,1,0,1,1,1,1,1,1,1,0,0,1,0,1,0,1
"1746",0.538647271319621,0.14253578066084,"SC",2023-06-06,1,1,1,1,1,1,1,1,1,1,1,1,1,1,1,1
"1747",0.93503062296308,0.148360968766149,"SC",2023-06-07,1,1,0,1,1,1,1,1,1,1,0,0,1,1,1,1
"1748",0.957927229549911,0.678512797192365,"SC",2023-06-08,1,0,1,1,1,1,1,1,1,0,0,1,1,1,1,1
"1749",0.8501648539653,0.414097456042936,"SC",2023-06-09,1,1,1,1,1,1,0,1,1,1,1,1,0,1,0,1
"1750",NA,NA,"SC",2023-06-10,NA,NA,NA,NA,NA,NA,NA,NA,NA,NA,NA,NA,NA,NA,NA,NA
"1751",NA,NA,"SC",2023-06-11,NA,NA,NA,NA,NA,NA,NA,NA,NA,NA,NA,NA,NA,NA,NA,NA
"1752",1.59614742693923,0.285888467808125,"SC",2023-06-12,1,1,1,0,1,1,1,0,1,1,0,1,1,1,1,0
"1753",NA,NA,"SC",2023-06-13,NA,NA,NA,NA,NA,NA,NA,NA,NA,NA,NA,NA,NA,NA,NA,NA
"1754",NA,NA,"SC",2023-06-14,NA,NA,NA,NA,NA,NA,NA,NA,NA,NA,NA,NA,NA,NA,NA,NA
"1755",0.268365945482432,0.199940336206147,"SC",2023-06-15,1,1,1,1,1,1,1,1,1,1,0,1,1,0,1,1
"1756",NA,NA,"SC",2023-06-16,NA,NA,NA,NA,NA,NA,NA,NA,NA,NA,NA,NA,NA,NA,NA,NA
"1757",NA,NA,"SC",2023-06-17,NA,NA,NA,NA,NA,NA,NA,NA,NA,NA,NA,NA,NA,NA,NA,NA
"1758",NA,NA,"SC",2023-06-18,NA,NA,NA,NA,NA,NA,NA,NA,NA,NA,NA,NA,NA,NA,NA,NA
"1759",NA,NA,"SC",2023-06-19,NA,NA,NA,NA,NA,NA,NA,NA,NA,NA,NA,NA,NA,NA,NA,NA
"1760",NA,NA,"SC",2023-06-20,NA,NA,NA,NA,NA,NA,NA,NA,NA,NA,NA,NA,NA,NA,NA,NA
"1761",NA,NA,"SC",2023-06-21,NA,NA,NA,NA,NA,NA,NA,NA,NA,NA,NA,NA,NA,NA,NA,NA
"1762",NA,NA,"SC",2023-06-22,NA,NA,NA,NA,NA,NA,NA,NA,NA,NA,NA,NA,NA,NA,NA,NA
"1763",0.361076610599881,0.258745938294998,"SC",2023-06-23,1,1,1,1,1,1,1,1,1,1,0,0,1,1,1,1
"1764",NA,NA,"SC",2023-06-24,NA,NA,NA,NA,NA,NA,NA,NA,NA,NA,NA,NA,NA,NA,NA,NA
"1765",NA,NA,"SD",2023-05-14,NA,NA,NA,NA,NA,NA,NA,NA,NA,NA,NA,NA,NA,NA,NA,NA
"1766",NA,NA,"SD",2023-05-15,NA,NA,NA,NA,NA,NA,NA,NA,NA,NA,NA,NA,NA,NA,NA,NA
"1767",NA,NA,"SD",2023-05-16,NA,NA,NA,NA,NA,NA,NA,NA,NA,NA,NA,NA,NA,NA,NA,NA
"1768",NA,NA,"SD",2023-05-17,NA,NA,NA,NA,NA,NA,NA,NA,NA,NA,NA,NA,NA,NA,NA,NA
"1769",NA,NA,"SD",2023-05-18,NA,NA,NA,NA,NA,NA,NA,NA,NA,NA,NA,NA,NA,NA,NA,NA
"1770",NA,NA,"SD",2023-05-19,NA,NA,NA,NA,NA,NA,NA,NA,NA,NA,NA,NA,NA,NA,NA,NA
"1771",NA,NA,"SD",2023-05-20,NA,NA,NA,NA,NA,NA,NA,NA,NA,NA,NA,NA,NA,NA,NA,NA
"1772",NA,NA,"SD",2023-05-21,NA,NA,NA,NA,NA,NA,NA,NA,NA,NA,NA,NA,NA,NA,NA,NA
"1773",NA,NA,"SD",2023-05-22,NA,NA,NA,NA,NA,NA,NA,NA,NA,NA,NA,NA,NA,NA,NA,NA
"1774",0.369783216434954,0.320366628868433,"SD",2023-05-23,1,1,1,1,1,1,1,1,1,1,1,1,1,1,1,1
"1775",0.37295341655211,0.327779822552733,"SD",2023-05-24,1,1,1,1,1,1,1,1,1,1,1,1,1,1,1,1
"1776",NA,NA,"SD",2023-05-25,NA,NA,NA,NA,NA,NA,NA,NA,NA,NA,NA,NA,NA,NA,NA,NA
"1777",NA,NA,"SD",2023-05-26,NA,NA,NA,NA,NA,NA,NA,NA,NA,NA,NA,NA,NA,NA,NA,NA
"1778",NA,NA,"SD",2023-05-27,NA,NA,NA,NA,NA,NA,NA,NA,NA,NA,NA,NA,NA,NA,NA,NA
"1779",NA,NA,"SD",2023-05-28,NA,NA,NA,NA,NA,NA,NA,NA,NA,NA,NA,NA,NA,NA,NA,NA
"1780",NA,NA,"SD",2023-05-29,NA,NA,NA,NA,NA,NA,NA,NA,NA,NA,NA,NA,NA,NA,NA,NA
"1781",NA,NA,"SD",2023-05-30,NA,NA,NA,NA,NA,NA,NA,NA,NA,NA,NA,NA,NA,NA,NA,NA
"1782",NA,NA,"SD",2023-05-31,NA,NA,NA,NA,NA,NA,NA,NA,NA,NA,NA,NA,NA,NA,NA,NA
"1783",NA,NA,"SD",2023-06-01,NA,NA,NA,NA,NA,NA,NA,NA,NA,NA,NA,NA,NA,NA,NA,NA
"1784",NA,NA,"SD",2023-06-02,NA,NA,NA,NA,NA,NA,NA,NA,NA,NA,NA,NA,NA,NA,NA,NA
"1785",NA,NA,"SD",2023-06-03,NA,NA,NA,NA,NA,NA,NA,NA,NA,NA,NA,NA,NA,NA,NA,NA
"1786",0.469303942163933,0.316638497827132,"SD",2023-06-04,1,1,1,1,1,1,1,1,1,1,1,0,0,1,1,1
"1787",NA,NA,"SD",2023-06-05,NA,NA,NA,NA,NA,NA,NA,NA,NA,NA,NA,NA,NA,NA,NA,NA
"1788",NA,NA,"SD",2023-06-06,NA,NA,NA,NA,NA,NA,NA,NA,NA,NA,NA,NA,NA,NA,NA,NA
"1789",NA,NA,"SD",2023-06-07,NA,NA,NA,NA,NA,NA,NA,NA,NA,NA,NA,NA,NA,NA,NA,NA
"1790",0.517921281034585,0.433643939226579,"SD",2023-06-08,1,1,1,1,1,1,1,1,1,1,1,1,1,1,1,1
"1791",NA,NA,"SD",2023-06-09,NA,NA,NA,NA,NA,NA,NA,NA,NA,NA,NA,NA,NA,NA,NA,NA
"1792",NA,NA,"SD",2023-06-10,NA,NA,NA,NA,NA,NA,NA,NA,NA,NA,NA,NA,NA,NA,NA,NA
"1793",0.552099768149539,0.452596454108145,"SD",2023-06-11,1,1,0,1,1,1,1,1,1,1,1,1,1,1,1,1
"1794",NA,NA,"SD",2023-06-12,NA,NA,NA,NA,NA,NA,NA,NA,NA,NA,NA,NA,NA,NA,NA,NA
"1795",NA,NA,"SD",2023-06-13,NA,NA,NA,NA,NA,NA,NA,NA,NA,NA,NA,NA,NA,NA,NA,NA
"1796",NA,NA,"SD",2023-06-14,NA,NA,NA,NA,NA,NA,NA,NA,NA,NA,NA,NA,NA,NA,NA,NA
"1797",NA,NA,"SD",2023-06-15,NA,NA,NA,NA,NA,NA,NA,NA,NA,NA,NA,NA,NA,NA,NA,NA
"1798",NA,NA,"SD",2023-06-16,NA,NA,NA,NA,NA,NA,NA,NA,NA,NA,NA,NA,NA,NA,NA,NA
"1799",NA,NA,"SD",2023-06-17,NA,NA,NA,NA,NA,NA,NA,NA,NA,NA,NA,NA,NA,NA,NA,NA
"1800",NA,NA,"SD",2023-06-18,NA,NA,NA,NA,NA,NA,NA,NA,NA,NA,NA,NA,NA,NA,NA,NA
"1801",NA,NA,"SD",2023-06-19,NA,NA,NA,NA,NA,NA,NA,NA,NA,NA,NA,NA,NA,NA,NA,NA
"1802",NA,NA,"SD",2023-06-20,NA,NA,NA,NA,NA,NA,NA,NA,NA,NA,NA,NA,NA,NA,NA,NA
"1803",NA,NA,"SD",2023-06-21,NA,NA,NA,NA,NA,NA,NA,NA,NA,NA,NA,NA,NA,NA,NA,NA
"1804",NA,NA,"SD",2023-06-22,NA,NA,NA,NA,NA,NA,NA,NA,NA,NA,NA,NA,NA,NA,NA,NA
"1805",NA,NA,"SD",2023-06-23,NA,NA,NA,NA,NA,NA,NA,NA,NA,NA,NA,NA,NA,NA,NA,NA
"1806",NA,NA,"SD",2023-06-24,NA,NA,NA,NA,NA,NA,NA,NA,NA,NA,NA,NA,NA,NA,NA,NA
"1807",0.369365505053689,0.0360567936213783,"TN",2023-05-14,1,1,1,1,1,1,1,1,1,1,0,1,0,1,1,1
"1808",2.35428288364613,0.495940669456339,"TN",2023-05-15,0,1,0,1,1,1,1,0,0,1,0,1,1,1,1,0
"1809",NA,NA,"TN",2023-05-16,NA,NA,NA,NA,NA,NA,NA,NA,NA,NA,NA,NA,NA,NA,NA,NA
"1810",0.0694568079991159,0.0426231799751865,"TN",2023-05-17,1,1,1,1,1,1,1,1,1,1,1,1,1,1,1,1
"1811",0.0698009710110743,0.045060193267558,"TN",2023-05-18,1,1,1,1,1,1,1,1,1,1,0,0,1,1,1,1
"1812",0.227785019590596,0.047629967889302,"TN",2023-05-19,1,1,1,1,1,1,1,1,1,1,1,1,1,1,1,1
"1813",NA,NA,"TN",2023-05-20,NA,NA,NA,NA,NA,NA,NA,NA,NA,NA,NA,NA,NA,NA,NA,NA
"1814",NA,NA,"TN",2023-05-21,NA,NA,NA,NA,NA,NA,NA,NA,NA,NA,NA,NA,NA,NA,NA,NA
"1815",0.0865391077518,0.0561883546795548,"TN",2023-05-22,1,1,1,1,1,1,1,1,1,1,1,1,1,1,1,1
"1816",0.0850891004449739,0.0593416144196096,"TN",2023-05-23,1,1,1,1,1,1,1,1,1,1,1,1,1,1,1,1
"1817",NA,NA,"TN",2023-05-24,NA,NA,NA,NA,NA,NA,NA,NA,NA,NA,NA,NA,NA,NA,NA,NA
"1818",0.851817286939015,0.614774249471526,"TN",2023-05-25,1,1,1,0,1,1,1,1,1,1,1,1,1,1,1,1
"1819",NA,NA,"TN",2023-05-26,NA,NA,NA,NA,NA,NA,NA,NA,NA,NA,NA,NA,NA,NA,NA,NA
"1820",NA,NA,"TN",2023-05-27,NA,NA,NA,NA,NA,NA,NA,NA,NA,NA,NA,NA,NA,NA,NA,NA
"1821",NA,NA,"TN",2023-05-28,NA,NA,NA,NA,NA,NA,NA,NA,NA,NA,NA,NA,NA,NA,NA,NA
"1822",NA,NA,"TN",2023-05-29,NA,NA,NA,NA,NA,NA,NA,NA,NA,NA,NA,NA,NA,NA,NA,NA
"1823",NA,NA,"TN",2023-05-30,NA,NA,NA,NA,NA,NA,NA,NA,NA,NA,NA,NA,NA,NA,NA,NA
"1824",0.383994594599072,0.0906884540133165,"TN",2023-05-31,1,1,1,1,1,1,1,1,1,1,1,1,1,1,1,1
"1825",0.144246756820844,0.0954375461109751,"TN",2023-06-01,1,1,1,1,1,1,1,1,1,1,1,1,1,1,1,1
"1826",NA,NA,"TN",2023-06-02,NA,NA,NA,NA,NA,NA,NA,NA,NA,NA,NA,NA,NA,NA,NA,NA
"1827",NA,NA,"TN",2023-06-03,NA,NA,NA,NA,NA,NA,NA,NA,NA,NA,NA,NA,NA,NA,NA,NA
"1828",NA,NA,"TN",2023-06-04,NA,NA,NA,NA,NA,NA,NA,NA,NA,NA,NA,NA,NA,NA,NA,NA
"1829",0.890358084044163,0.411402556417679,"TN",2023-06-05,1,0,1,1,1,1,1,1,1,0,1,1,0,1,1,1
"1830",NA,NA,"TN",2023-06-06,NA,NA,NA,NA,NA,NA,NA,NA,NA,NA,NA,NA,NA,NA,NA,NA
"1831",1.12846567463883,0.458392758375267,"TN",2023-06-07,1,0,1,1,1,1,1,1,1,0,0,1,0,1,1,1
"1832",NA,NA,"TN",2023-06-08,NA,NA,NA,NA,NA,NA,NA,NA,NA,NA,NA,NA,NA,NA,NA,NA
"1833",NA,NA,"TN",2023-06-09,NA,NA,NA,NA,NA,NA,NA,NA,NA,NA,NA,NA,NA,NA,NA,NA
"1834",NA,NA,"TN",2023-06-10,NA,NA,NA,NA,NA,NA,NA,NA,NA,NA,NA,NA,NA,NA,NA,NA
"1835",NA,NA,"TN",2023-06-11,NA,NA,NA,NA,NA,NA,NA,NA,NA,NA,NA,NA,NA,NA,NA,NA
"1836",0.96653980428668,0.682492025563172,"TN",2023-06-12,1,1,1,1,1,1,1,0,1,1,0,1,1,1,1,0
"1837",NA,NA,"TN",2023-06-13,NA,NA,NA,NA,NA,NA,NA,NA,NA,NA,NA,NA,NA,NA,NA,NA
"1838",NA,NA,"TN",2023-06-14,NA,NA,NA,NA,NA,NA,NA,NA,NA,NA,NA,NA,NA,NA,NA,NA
"1839",NA,NA,"TN",2023-06-15,NA,NA,NA,NA,NA,NA,NA,NA,NA,NA,NA,NA,NA,NA,NA,NA
"1840",NA,NA,"TN",2023-06-16,NA,NA,NA,NA,NA,NA,NA,NA,NA,NA,NA,NA,NA,NA,NA,NA
"1841",NA,NA,"TN",2023-06-17,NA,NA,NA,NA,NA,NA,NA,NA,NA,NA,NA,NA,NA,NA,NA,NA
"1842",NA,NA,"TN",2023-06-18,NA,NA,NA,NA,NA,NA,NA,NA,NA,NA,NA,NA,NA,NA,NA,NA
"1843",NA,NA,"TN",2023-06-19,NA,NA,NA,NA,NA,NA,NA,NA,NA,NA,NA,NA,NA,NA,NA,NA
"1844",0.931738836931709,0.660085911686114,"TN",2023-06-20,1,0,1,1,1,1,1,1,1,0,0,1,1,1,1,1
"1845",NA,NA,"TN",2023-06-21,NA,NA,NA,NA,NA,NA,NA,NA,NA,NA,NA,NA,NA,NA,NA,NA
"1846",NA,NA,"TN",2023-06-22,NA,NA,NA,NA,NA,NA,NA,NA,NA,NA,NA,NA,NA,NA,NA,NA
"1847",0.883555548483603,0.610327240427032,"TN",2023-06-23,1,1,1,1,1,1,0,1,1,1,0,1,1,1,0,1
"1848",NA,NA,"TN",2023-06-24,NA,NA,NA,NA,NA,NA,NA,NA,NA,NA,NA,NA,NA,NA,NA,NA
"1849",0.0798538798293301,0.0583014883825013,"TX",2023-05-14,1,1,1,1,1,1,1,1,1,1,1,1,1,1,1,1
"1850",1.90428021006115,0.341255188180837,"TX",2023-05-15,1,0,0,1,1,1,1,1,1,0,0,1,1,0,1,1
"1851",0.901132991631298,0.277350067003715,"TX",2023-05-16,1,1,1,1,1,1,1,1,1,1,0,1,0,0,1,1
"1852",0.891688758947927,0.276696958574566,"TX",2023-05-17,1,1,1,1,1,1,1,1,1,1,0,1,0,1,1,1
"1853",1.13039151618825,0.334047569060877,"TX",2023-05-18,1,1,1,0,1,1,1,1,1,1,1,0,0,1,1,1
"1854",1.04828110107667,0.277718298666328,"TX",2023-05-19,1,1,1,1,1,1,1,0,1,1,0,0,1,1,1,0
"1855",NA,NA,"TX",2023-05-20,NA,NA,NA,NA,NA,NA,NA,NA,NA,NA,NA,NA,NA,NA,NA,NA
"1856",NA,NA,"TX",2023-05-21,NA,NA,NA,NA,NA,NA,NA,NA,NA,NA,NA,NA,NA,NA,NA,NA
"1857",1.06880002688743,0.209348863180566,"TX",2023-05-22,1,1,1,1,1,0,1,1,1,1,0,1,1,0,1,1
"1858",1.16158109323406,0.21883755541836,"TX",2023-05-23,1,0,1,1,1,1,1,1,1,0,1,1,0,1,1,1
"1859",0.528096229694432,0.207233962442485,"TX",2023-05-24,1,1,1,1,1,1,1,1,1,1,0,0,1,1,1,1
"1860",NA,NA,"TX",2023-05-25,NA,NA,NA,NA,NA,NA,NA,NA,NA,NA,NA,NA,NA,NA,NA,NA
"1861",NA,NA,"TX",2023-05-26,NA,NA,NA,NA,NA,NA,NA,NA,NA,NA,NA,NA,NA,NA,NA,NA
"1862",NA,NA,"TX",2023-05-27,NA,NA,NA,NA,NA,NA,NA,NA,NA,NA,NA,NA,NA,NA,NA,NA
"1863",0.479975640803049,0.119245872967083,"TX",2023-05-28,1,1,1,1,1,1,1,1,1,1,0,0,1,1,1,1
"1864",0.176834465786654,0.125033027909426,"TX",2023-05-29,1,1,1,1,1,1,1,1,1,1,1,1,1,1,1,1
"1865",1.24671584883072,0.131022414449931,"TX",2023-05-30,1,1,0,1,1,1,1,1,1,1,0,0,1,1,1,1
"1866",1.37128779304517,0.350115973529146,"TX",2023-05-31,1,0,1,1,1,0,1,1,1,0,0,1,0,0,1,1
"1867",0.990134302481848,0.324846324706944,"TX",2023-06-01,1,0,1,1,1,1,1,1,1,0,0,0,1,1,1,1
"1868",1.56988960969391,0.260897806882957,"TX",2023-06-02,1,1,1,0,1,1,1,1,1,1,0,0,0,0,1,1
"1869",0.210204248998413,0.156996111292141,"TX",2023-06-03,1,1,1,1,1,1,1,1,1,1,0,1,0,1,1,1
"1870",0.211693302740832,0.163986924144986,"TX",2023-06-04,1,1,1,1,1,1,1,1,1,1,1,1,1,1,1,1
"1871",0.893317026644215,0.25013312201603,"TX",2023-06-05,1,1,1,1,1,1,1,1,1,1,0,0,1,0,1,1
"1872",1.35250633767188,0.302116568247444,"TX",2023-06-06,1,0,1,1,1,1,1,1,1,0,1,1,0,1,1,1
"1873",0.778418685541825,0.352927310830856,"TX",2023-06-07,1,1,1,1,1,1,1,1,1,1,1,0,1,1,0,1
"1874",1.94723049570156,0.453228933579184,"TX",2023-06-08,1,0,1,1,1,0,1,1,1,0,1,1,0,0,1,1
"1875",0.582612973258121,0.308120700523561,"TX",2023-06-09,1,1,1,1,1,1,1,1,1,1,0,1,0,0,1,1
"1876",0.30151400829883,0.209864630322637,"TX",2023-06-10,1,1,1,1,1,1,1,1,1,1,1,1,1,1,1,1
"1877",NA,NA,"TX",2023-06-11,NA,NA,NA,NA,NA,NA,NA,NA,NA,NA,NA,NA,NA,NA,NA,NA
"1878",1.08515385098802,0.391014037514078,"TX",2023-06-12,1,1,1,1,0,1,1,1,1,1,0,0,0,1,1,1
"1879",1.5168631168336,0.321358471085392,"TX",2023-06-13,1,0,0,1,1,1,1,1,1,0,0,0,1,1,1,1
"1880",1.65423067119061,0.483201361229415,"TX",2023-06-14,1,1,1,1,1,0,1,1,1,1,0,1,0,0,1,1
"1881",1.78121585627131,0.377887235499849,"TX",2023-06-15,1,1,0,0,1,1,1,0,1,1,0,0,1,1,1,0
"1882",0.722770896577679,0.396157622274923,"TX",2023-06-16,1,1,1,1,1,1,1,1,1,1,1,0,0,0,0,1
"1883",0.930850526966376,0.65530321695719,"TX",2023-06-17,1,0,1,1,1,1,1,1,1,0,0,1,1,1,1,1
"1884",NA,NA,"TX",2023-06-18,NA,NA,NA,NA,NA,NA,NA,NA,NA,NA,NA,NA,NA,NA,NA,NA
"1885",0.8522370030782,0.350577075568382,"TX",2023-06-19,1,1,1,1,1,1,1,1,1,1,1,0,0,0,1,1
"1886",0.923614491138826,0.6541562242053,"TX",2023-06-20,1,0,1,1,1,1,1,1,1,0,1,0,1,1,1,1
"1887",0.661924805333403,0.372528530932242,"TX",2023-06-21,1,1,1,1,1,1,1,1,1,1,0,1,0,1,1,1
"1888",0.341931553084476,0.250851720588389,"TX",2023-06-22,1,1,1,1,1,1,1,1,1,1,1,0,0,1,1,1
"1889",0.949498135974779,0.460072453971647,"TX",2023-06-23,1,1,1,1,1,0,1,1,1,1,1,0,1,0,1,1
"1890",0.696907218258242,0.486224031020687,"TX",2023-06-24,1,1,1,1,0,1,1,1,1,1,0,1,0,1,1,1
"1891",NA,NA,"UT",2023-05-14,NA,NA,NA,NA,NA,NA,NA,NA,NA,NA,NA,NA,NA,NA,NA,NA
"1892",0.0607956267498907,0.0497243775689329,"UT",2023-05-15,1,1,1,1,1,1,1,1,1,1,0,0,1,1,1,1
"1893",NA,NA,"UT",2023-05-16,NA,NA,NA,NA,NA,NA,NA,NA,NA,NA,NA,NA,NA,NA,NA,NA
"1894",2.4038877813726,0.409071547783189,"UT",2023-05-17,1,0,0,1,0,1,1,1,1,0,0,0,0,1,0,1
"1895",0.0720457097727096,0.0581868730657367,"UT",2023-05-18,1,1,1,1,1,1,1,1,1,1,1,1,1,1,1,1
"1896",NA,NA,"UT",2023-05-19,NA,NA,NA,NA,NA,NA,NA,NA,NA,NA,NA,NA,NA,NA,NA,NA
"1897",NA,NA,"UT",2023-05-20,NA,NA,NA,NA,NA,NA,NA,NA,NA,NA,NA,NA,NA,NA,NA,NA
"1898",NA,NA,"UT",2023-05-21,NA,NA,NA,NA,NA,NA,NA,NA,NA,NA,NA,NA,NA,NA,NA,NA
"1899",0.0897587629157134,0.0714601328691521,"UT",2023-05-22,1,1,1,1,1,1,1,1,1,1,1,1,1,1,1,1
"1900",NA,NA,"UT",2023-05-23,NA,NA,NA,NA,NA,NA,NA,NA,NA,NA,NA,NA,NA,NA,NA,NA
"1901",NA,NA,"UT",2023-05-24,NA,NA,NA,NA,NA,NA,NA,NA,NA,NA,NA,NA,NA,NA,NA,NA
"1902",NA,NA,"UT",2023-05-25,NA,NA,NA,NA,NA,NA,NA,NA,NA,NA,NA,NA,NA,NA,NA,NA
"1903",NA,NA,"UT",2023-05-26,NA,NA,NA,NA,NA,NA,NA,NA,NA,NA,NA,NA,NA,NA,NA,NA
"1904",0.938911695350669,0.187028767941185,"UT",2023-05-27,1,1,1,1,1,1,1,1,1,1,0,0,1,1,1,1
"1905",NA,NA,"UT",2023-05-28,NA,NA,NA,NA,NA,NA,NA,NA,NA,NA,NA,NA,NA,NA,NA,NA
"1906",NA,NA,"UT",2023-05-29,NA,NA,NA,NA,NA,NA,NA,NA,NA,NA,NA,NA,NA,NA,NA,NA
"1907",NA,NA,"UT",2023-05-30,NA,NA,NA,NA,NA,NA,NA,NA,NA,NA,NA,NA,NA,NA,NA,NA
"1908",NA,NA,"UT",2023-05-31,NA,NA,NA,NA,NA,NA,NA,NA,NA,NA,NA,NA,NA,NA,NA,NA
"1909",0.768006866928418,0.294960972079864,"UT",2023-06-01,1,1,1,1,1,1,1,1,1,1,0,1,1,0,0,1
"1910",0.143834485282651,0.121631290782931,"UT",2023-06-02,1,1,1,1,1,1,1,1,1,1,1,1,1,1,1,1
"1911",NA,NA,"UT",2023-06-03,NA,NA,NA,NA,NA,NA,NA,NA,NA,NA,NA,NA,NA,NA,NA,NA
"1912",NA,NA,"UT",2023-06-04,NA,NA,NA,NA,NA,NA,NA,NA,NA,NA,NA,NA,NA,NA,NA,NA
"1913",NA,NA,"UT",2023-06-05,NA,NA,NA,NA,NA,NA,NA,NA,NA,NA,NA,NA,NA,NA,NA,NA
"1914",NA,NA,"UT",2023-06-06,NA,NA,NA,NA,NA,NA,NA,NA,NA,NA,NA,NA,NA,NA,NA,NA
"1915",NA,NA,"UT",2023-06-07,NA,NA,NA,NA,NA,NA,NA,NA,NA,NA,NA,NA,NA,NA,NA,NA
"1916",NA,NA,"UT",2023-06-08,NA,NA,NA,NA,NA,NA,NA,NA,NA,NA,NA,NA,NA,NA,NA,NA
"1917",NA,NA,"UT",2023-06-09,NA,NA,NA,NA,NA,NA,NA,NA,NA,NA,NA,NA,NA,NA,NA,NA
"1918",NA,NA,"UT",2023-06-10,NA,NA,NA,NA,NA,NA,NA,NA,NA,NA,NA,NA,NA,NA,NA,NA
"1919",NA,NA,"UT",2023-06-11,NA,NA,NA,NA,NA,NA,NA,NA,NA,NA,NA,NA,NA,NA,NA,NA
"1920",NA,NA,"UT",2023-06-12,NA,NA,NA,NA,NA,NA,NA,NA,NA,NA,NA,NA,NA,NA,NA,NA
"1921",NA,NA,"UT",2023-06-13,NA,NA,NA,NA,NA,NA,NA,NA,NA,NA,NA,NA,NA,NA,NA,NA
"1922",NA,NA,"UT",2023-06-14,NA,NA,NA,NA,NA,NA,NA,NA,NA,NA,NA,NA,NA,NA,NA,NA
"1923",0.757190176744073,0.316793746341569,"UT",2023-06-15,1,1,1,1,1,1,1,1,1,1,0,0,1,1,1,1
"1924",NA,NA,"UT",2023-06-16,NA,NA,NA,NA,NA,NA,NA,NA,NA,NA,NA,NA,NA,NA,NA,NA
"1925",NA,NA,"UT",2023-06-17,NA,NA,NA,NA,NA,NA,NA,NA,NA,NA,NA,NA,NA,NA,NA,NA
"1926",NA,NA,"UT",2023-06-18,NA,NA,NA,NA,NA,NA,NA,NA,NA,NA,NA,NA,NA,NA,NA,NA
"1927",NA,NA,"UT",2023-06-19,NA,NA,NA,NA,NA,NA,NA,NA,NA,NA,NA,NA,NA,NA,NA,NA
"1928",NA,NA,"UT",2023-06-20,NA,NA,NA,NA,NA,NA,NA,NA,NA,NA,NA,NA,NA,NA,NA,NA
"1929",NA,NA,"UT",2023-06-21,NA,NA,NA,NA,NA,NA,NA,NA,NA,NA,NA,NA,NA,NA,NA,NA
"1930",1.66250275300486,0.399324728617892,"UT",2023-06-22,1,0,1,1,1,1,1,1,1,0,0,0,1,1,0,1
"1931",NA,NA,"UT",2023-06-23,NA,NA,NA,NA,NA,NA,NA,NA,NA,NA,NA,NA,NA,NA,NA,NA
"1932",NA,NA,"UT",2023-06-24,NA,NA,NA,NA,NA,NA,NA,NA,NA,NA,NA,NA,NA,NA,NA,NA
"1933",1.09681573059273,0.220039875267798,"VA",2023-05-14,1,0,1,1,1,1,1,1,1,0,0,1,0,0,1,1
"1934",1.07169338670041,0.446945373476621,"VA",2023-05-15,1,1,1,1,1,1,1,0,1,1,1,0,0,1,1,0
"1935",0.783070194956502,0.114192422134162,"VA",2023-05-16,1,1,0,1,1,1,1,1,1,1,0,0,1,1,1,1
"1936",2.25850379964629,0.371496960188761,"VA",2023-05-17,1,1,0,1,0,1,1,1,1,1,0,0,0,0,1,1
"1937",0.877369195687355,0.276407176266383,"VA",2023-05-18,1,1,1,1,1,1,1,1,0,0,0,0,0,0,1,1
"1938",0.832056452294966,0.383250239461874,"VA",2023-05-19,1,1,1,1,1,0,1,1,1,1,1,0,1,1,0,1
"1939",0.52063853234537,0.318373112511033,"VA",2023-05-20,1,1,1,1,1,1,1,1,1,1,0,0,0,1,1,1
"1940",0.861926338013947,0.411652170806153,"VA",2023-05-21,0,1,1,1,1,1,1,1,0,1,1,1,0,1,1,1
"1941",1.38088464318405,0.317444378894885,"VA",2023-05-22,1,1,1,1,0,1,1,0,1,1,0,1,0,0,1,0
"1942",0.237246628592127,0.162825706053499,"VA",2023-05-23,1,1,1,1,1,1,1,1,1,1,1,1,1,1,1,1
"1943",1.4078543854695,0.528783629596694,"VA",2023-05-24,1,1,0,1,1,1,1,0,1,1,0,1,1,1,1,0
"1944",1.33788062329085,0.467313969162284,"VA",2023-05-25,1,1,0,1,1,1,0,1,1,1,0,0,1,0,0,1
"1945",1.03776100719761,0.352725070244255,"VA",2023-05-26,1,1,1,0,1,1,1,1,1,1,0,0,1,1,1,1
"1946",1.15014813284149,0.377030830501056,"VA",2023-05-27,1,1,1,1,1,1,1,1,1,1,0,0,0,1,0,1
"1947",1.40494887842386,0.43483568569908,"VA",2023-05-28,1,1,0,1,0,1,1,1,1,1,0,0,0,1,0,1
"1948",0.771943609742448,0.353856758964085,"VA",2023-05-29,1,1,1,1,1,1,1,1,1,1,0,0,1,1,1,1
"1949",0.77514303283383,0.398997111860216,"VA",2023-05-30,1,1,1,1,1,0,1,1,1,1,0,0,0,0,1,1
"1950",1.87980999085476,0.491169226902675,"VA",2023-05-31,1,0,1,1,1,1,1,1,1,0,0,1,0,0,1,1
"1951",0.784340618193481,0.573370140562588,"VA",2023-06-01,1,1,1,1,1,0,1,1,1,1,0,1,1,0,1,1
"1952",1.30826734139719,0.353399281970444,"VA",2023-06-02,1,1,1,0,1,1,1,1,1,1,0,0,1,1,1,1
"1953",0.781319752696426,0.413974664636359,"VA",2023-06-03,1,1,1,1,1,0,1,1,1,1,0,1,0,1,1,1
"1954",1.26603462145797,0.392819576443378,"VA",2023-06-04,1,1,0,1,0,1,1,1,1,1,0,1,0,1,1,1
"1955",0.776181638350349,0.562060752207979,"VA",2023-06-05,1,1,1,1,1,0,1,1,1,1,1,1,0,0,1,1
"1956",1.93963822879548,0.501784469186331,"VA",2023-06-06,1,0,1,0,1,1,1,1,1,0,1,0,0,0,0,1
"1957",1.59812510301524,0.415235354245537,"VA",2023-06-07,1,0,1,0,1,1,1,1,1,0,0,0,0,0,1,1
"1958",1.27013122068977,0.408546776847287,"VA",2023-06-08,1,1,1,1,1,0,1,1,1,1,1,1,0,0,0,1
"1959",3.35888697965443,0.370548244439792,"VA",2023-06-09,1,1,0,0,0,1,0,1,1,0,0,0,0,1,0,1
"1960",0.458109352863884,0.330691507761161,"VA",2023-06-10,1,1,1,1,1,1,1,1,1,1,1,1,1,1,1,1
"1961",1.08783456781658,0.513370482509773,"VA",2023-06-11,1,0,1,1,1,1,1,1,1,0,0,1,0,1,0,1
"1962",1.47718591741867,0.487017578424898,"VA",2023-06-12,0,0,1,1,1,1,1,1,0,0,0,0,1,0,0,1
"1963",1.34871459098819,0.435863813038517,"VA",2023-06-13,1,1,0,1,1,1,0,1,1,1,0,0,1,1,1,1
"1964",0.382511873923871,0.264982976280818,"VA",2023-06-14,1,1,1,1,1,1,1,1,1,1,1,1,1,1,1,1
"1965",1.15345535259635,0.472115057382293,"VA",2023-06-15,1,1,1,1,1,1,1,0,1,1,1,0,0,0,1,0
"1966",0.825103754434283,0.579113558451959,"VA",2023-06-16,1,1,1,1,1,1,0,1,1,1,1,1,1,0,0,1
"1967",1.32861175283991,0.449780348378349,"VA",2023-06-17,1,1,0,1,1,1,1,1,1,1,0,0,0,0,0,1
"1968",0.886283509929675,0.626224781413624,"VA",2023-06-18,1,0,1,1,1,1,1,1,1,0,1,1,0,1,1,1
"1969",1.39462465711144,0.539686319056577,"VA",2023-06-19,1,0,1,0,1,1,0,1,1,0,0,1,0,1,0,1
"1970",1.70405450572102,0.412656187758202,"VA",2023-06-20,1,1,0,1,1,1,1,1,1,1,0,1,0,0,0,1
"1971",1.53185024947862,0.432899481662444,"VA",2023-06-21,1,0,1,1,1,0,1,1,1,0,0,1,0,0,0,1
"1972",3.17945052273099,0.437618016216156,"VA",2023-06-22,1,1,0,0,0,1,1,0,1,1,0,0,0,0,0,0
"1973",1.48803286080044,0.469984978312539,"VA",2023-06-23,1,1,0,0,1,1,1,1,1,1,0,1,0,0,0,1
"1974",1.39336943638815,0.423442679044448,"VA",2023-06-24,1,1,1,1,1,1,1,0,1,1,0,0,1,1,0,0
"1975",NA,NA,"VT",2023-05-14,NA,NA,NA,NA,NA,NA,NA,NA,NA,NA,NA,NA,NA,NA,NA,NA
"1976",0.736832708636116,0.377740141285569,"VT",2023-05-15,1,1,1,1,1,0,1,1,1,1,1,1,0,0,1,1
"1977",0.935414147437465,0.146611193493925,"VT",2023-05-16,1,1,0,1,1,1,1,1,1,1,0,0,1,1,1,1
"1978",NA,NA,"VT",2023-05-17,NA,NA,NA,NA,NA,NA,NA,NA,NA,NA,NA,NA,NA,NA,NA,NA
"1979",0.453211602318643,0.300444354413872,"VT",2023-05-18,1,1,1,1,1,1,1,1,1,1,1,1,1,1,1,1
"1980",0.938307646798846,0.659604779937543,"VT",2023-05-19,0,1,1,1,1,1,1,1,0,1,0,1,1,1,1,1
"1981",0.417884129811604,0.29712591182357,"VT",2023-05-20,1,1,1,1,1,1,1,1,1,1,1,0,0,1,1,1
"1982",0.411786165859151,0.295801208452416,"VT",2023-05-21,1,1,1,1,1,1,1,1,1,1,0,0,1,1,1,1
"1983",1.10050329988867,0.33569922840713,"VT",2023-05-22,1,1,1,1,1,1,1,0,1,1,1,0,0,1,1,0
"1984",0.762416228786697,0.211027682954616,"VT",2023-05-23,1,1,0,1,1,1,1,1,1,1,0,1,0,1,1,1
"1985",0.299267148208222,0.221339111018696,"VT",2023-05-24,1,1,1,1,1,1,1,1,1,1,1,1,1,1,1,1
"1986",0.86447571845579,0.313191113488372,"VT",2023-05-25,1,1,1,0,1,1,1,1,1,1,0,0,1,1,1,1
"1987",0.732506665434678,0.373873445708104,"VT",2023-05-26,1,1,1,1,1,1,1,1,1,1,1,0,0,0,1,0
"1988",0.835724401710431,0.329443308178659,"VT",2023-05-27,1,1,1,1,1,1,1,1,1,1,0,0,1,1,0,1
"1989",NA,NA,"VT",2023-05-28,NA,NA,NA,NA,NA,NA,NA,NA,NA,NA,NA,NA,NA,NA,NA,NA
"1990",0.365972985704643,0.275975779785908,"VT",2023-05-29,1,1,1,1,1,1,1,1,1,1,1,1,1,1,1,1
"1991",0.377683338685064,0.287365320520872,"VT",2023-05-30,1,1,1,1,1,1,1,1,1,1,0,1,1,1,0,1
"1992",NA,NA,"VT",2023-05-31,NA,NA,NA,NA,NA,NA,NA,NA,NA,NA,NA,NA,NA,NA,NA,NA
"1993",NA,NA,"VT",2023-06-01,NA,NA,NA,NA,NA,NA,NA,NA,NA,NA,NA,NA,NA,NA,NA,NA
"1994",1.2411781061483,0.581944218542315,"VT",2023-06-02,1,0,1,1,1,0,1,1,1,0,0,1,0,0,1,1
"1995",1.92594073690928,0.576804743089891,"VT",2023-06-03,1,0,1,1,1,1,0,1,1,0,0,1,1,1,0,1
"1996",NA,NA,"VT",2023-06-04,NA,NA,NA,NA,NA,NA,NA,NA,NA,NA,NA,NA,NA,NA,NA,NA
"1997",0.370844173643847,0.250963740617891,"VT",2023-06-05,1,1,1,1,1,1,1,1,1,1,1,0,1,1,0,1
"1998",2.33522051707214,0.389598616210692,"VT",2023-06-06,1,1,0,0,1,1,1,1,1,1,0,0,0,1,0,1
"1999",1.73454478284633,0.494470947322596,"VT",2023-06-07,1,1,1,0,1,1,0,1,1,1,0,0,0,0,0,1
"2000",0.63432246992838,0.477236381779759,"VT",2023-06-08,1,1,1,1,0,1,1,1,1,1,0,1,0,1,1,1
"2001",1.33358670900057,0.453479110469075,"VT",2023-06-09,1,1,1,1,0,1,1,1,1,1,0,0,0,1,1,1
"2002",0.640189561159312,0.481076135210319,"VT",2023-06-10,1,1,1,1,0,1,1,1,1,1,1,0,0,1,1,1
"2003",1.29079669524294,0.424331105969715,"VT",2023-06-11,1,1,0,1,1,1,1,1,1,1,0,1,1,1,0,1
"2004",0.826612454255023,0.408458400436292,"VT",2023-06-12,1,1,1,1,1,0,1,1,1,1,0,0,1,0,0,1
"2005",NA,NA,"VT",2023-06-13,NA,NA,NA,NA,NA,NA,NA,NA,NA,NA,NA,NA,NA,NA,NA,NA
"2006",0.869539443699076,0.473617807109813,"VT",2023-06-14,1,1,1,1,1,1,1,1,1,1,1,1,0,1,0,1
"2007",3.85391081781048,0.486295950987456,"VT",2023-06-15,1,1,1,0,0,1,1,1,1,1,0,0,0,1,1,1
"2008",7.33451333686647,0.470493556546865,"VT",2023-06-16,1,1,1,0,0,1,1,1,1,1,1,0,0,1,1,1
"2009",NA,NA,"VT",2023-06-17,NA,NA,NA,NA,NA,NA,NA,NA,NA,NA,NA,NA,NA,NA,NA,NA
"2010",0.678421947947482,0.504427931224171,"VT",2023-06-18,1,1,1,1,0,1,1,1,1,1,0,1,0,1,1,1
"2011",1.89964481238483,0.525227044905334,"VT",2023-06-19,0,1,1,0,1,1,0,1,0,1,0,0,0,1,0,1
"2012",2.04472728178706,0.451672589352515,"VT",2023-06-20,1,1,0,1,1,1,1,1,1,1,0,1,0,0,0,1
"2013",1.23434865676652,0.591215086961118,"VT",2023-06-21,1,0,1,1,1,0,1,1,1,0,1,0,0,0,1,1
"2014",1.01245447440441,0.523841650054856,"VT",2023-06-22,1,1,0,1,1,1,1,1,1,1,0,0,0,1,1,1
"2015",0.753018108444298,0.2987055642551,"VT",2023-06-23,1,1,1,1,1,1,1,1,1,1,0,0,1,1,1,1
"2016",1.84200866073377,0.539898444637095,"VT",2023-06-24,1,1,0,0,1,1,1,1,1,1,1,0,1,0,1,1
"2017",1.24253009506047,0.382303378549724,"WA",2023-05-14,1,1,1,1,0,1,1,1,1,1,0,0,0,0,1,1
"2018",1.01251825105739,0.363801748004968,"WA",2023-05-15,1,1,1,1,0,1,1,1,1,1,1,0,0,0,1,1
"2019",2.12717823574615,0.188293255856842,"WA",2023-05-16,1,1,0,1,1,1,1,1,1,1,0,1,1,0,0,1
"2020",1.43402971335408,0.388978797012367,"WA",2023-05-17,1,1,1,1,1,1,1,0,0,1,0,0,0,0,1,0
"2021",0.72379675989946,0.230297615112289,"WA",2023-05-18,1,1,1,1,1,1,1,1,1,1,0,1,0,1,1,1
"2022",0.72700882465079,0.5178012837258,"WA",2023-05-19,1,1,1,1,0,1,1,1,1,1,0,1,0,1,1,1
"2023",2.24432048683477,0.414673345113929,"WA",2023-05-20,1,0,1,1,0,1,1,0,1,0,0,0,1,0,1,0
"2024",1.29555252933178,0.428568051070835,"WA",2023-05-21,1,1,0,0,1,1,1,1,1,1,0,0,0,1,1,1
"2025",1.8053775880808,0.299919322593491,"WA",2023-05-22,1,1,0,0,1,1,1,1,1,1,0,0,0,1,1,1
"2026",1.18406297075743,0.414364774632415,"WA",2023-05-23,1,0,1,1,1,1,1,1,1,0,1,0,1,0,1,1
"2027",0.633233230717201,0.357904838461881,"WA",2023-05-24,1,1,1,1,1,1,1,1,1,1,1,1,1,1,1,1
"2028",0.76876197368176,0.353151690119919,"WA",2023-05-25,1,1,1,1,1,1,1,1,1,1,0,0,0,0,1,1
"2029",1.28594747470094,0.323164702440082,"WA",2023-05-26,1,1,1,1,1,1,1,1,1,1,0,0,1,1,1,1
"2030",0.462243212174207,0.324807629104962,"WA",2023-05-27,1,1,1,1,1,1,1,1,1,1,0,0,1,1,1,1
"2031",0.433235259562439,0.314823744672322,"WA",2023-05-28,1,1,1,1,1,1,1,1,1,1,1,0,0,1,1,1
"2032",1.73393502038675,0.334404053590682,"WA",2023-05-29,1,0,0,1,1,1,1,1,1,0,0,0,0,1,0,1
"2033",3.6535120092839,0.367076915328588,"WA",2023-05-30,1,1,0,0,1,1,1,0,1,1,0,0,1,0,1,0
"2034",2.11049869049383,0.468528400407265,"WA",2023-05-31,1,0,0,1,1,1,0,0,1,0,0,0,0,1,0,0
"2035",1.59239676967075,0.45802458536554,"WA",2023-06-01,1,0,1,0,1,1,1,1,1,0,0,0,0,0,1,1
"2036",1.0712612726629,0.390256444846171,"WA",2023-06-02,1,1,1,1,1,1,0,1,1,1,0,0,0,0,1,1
"2037",1.0703220207138,0.38317045805318,"WA",2023-06-03,1,0,1,1,1,1,1,1,1,0,0,0,1,0,1,1
"2038",1.11168253893434,0.448011400517812,"WA",2023-06-04,1,1,1,1,1,1,1,0,1,1,0,1,1,0,0,0
"2039",1.73378293282654,0.431681853918519,"WA",2023-06-05,1,1,1,0,1,0,0,1,1,0,0,1,1,0,0,1
"2040",2.94078524429818,0.409079792583871,"WA",2023-06-06,1,1,1,0,0,1,1,1,1,1,0,0,0,0,1,1
"2041",0.383304692273109,0.291301871698671,"WA",2023-06-07,1,1,1,1,1,1,1,1,1,1,0,0,1,1,1,1
"2042",1.99582838875193,0.471350338998364,"WA",2023-06-08,1,1,1,0,0,1,1,0,1,1,0,0,0,1,1,0
"2043",2.18948770942158,0.486652470109392,"WA",2023-06-09,1,1,1,0,0,1,0,1,1,1,0,0,0,1,0,1
"2044",1.98770431765538,0.480765833327445,"WA",2023-06-10,1,1,1,0,1,0,1,1,1,1,1,0,1,0,1,1
"2045",0.738478778797702,0.388597630646412,"WA",2023-06-11,1,1,1,1,1,0,1,1,1,1,1,0,1,0,1,1
"2046",5.41738668932407,0.469989201938829,"WA",2023-06-12,1,0,0,0,1,1,1,1,1,0,0,0,0,1,1,1
"2047",2.63975442000963,0.507076518028297,"WA",2023-06-13,1,0,1,0,1,1,1,0,1,0,0,0,1,0,1,0
"2048",3.47635180407874,0.485181863022791,"WA",2023-06-14,1,0,0,0,1,0,1,0,1,0,0,0,1,1,0,0
"2049",1.09038561074573,0.40369807585345,"WA",2023-06-15,1,1,1,1,1,1,1,0,1,1,1,0,0,0,1,0
"2050",2.72744999405144,0.535820063693058,"WA",2023-06-16,1,1,1,0,1,0,1,1,1,1,0,0,1,0,1,1
"2051",0.65740038458281,0.458539874136211,"WA",2023-06-17,1,1,0,1,1,1,1,1,1,1,1,1,1,1,1,1
"2052",NA,NA,"WA",2023-06-18,NA,NA,NA,NA,NA,NA,NA,NA,NA,NA,NA,NA,NA,NA,NA,NA
"2053",1.17578369288005,0.547698501916546,"WA",2023-06-19,1,1,1,0,1,1,0,1,1,1,0,0,0,1,0,1
"2054",3.14650066121068,0.487304700373733,"WA",2023-06-20,1,1,0,0,1,1,1,1,1,1,0,0,1,1,1,1
"2055",1.41174204450723,0.348631819316154,"WA",2023-06-21,1,1,0,1,1,1,1,1,1,1,0,0,0,0,1,1
"2056",2.44234092285145,0.45638429175308,"WA",2023-06-22,1,1,0,0,1,0,1,1,1,1,0,1,0,0,0,1
"2057",0.696653469423401,0.229846457100684,"WA",2023-06-23,1,1,1,1,1,1,1,1,1,1,0,0,1,0,1,1
"2058",1.24997399018516,0.569975350972496,"WA",2023-06-24,1,1,1,0,1,1,0,1,1,1,0,0,1,1,1,1
"2059",NA,NA,"WI",2023-05-14,NA,NA,NA,NA,NA,NA,NA,NA,NA,NA,NA,NA,NA,NA,NA,NA
"2060",0.1206499388591,0.0977332153145209,"WI",2023-05-15,1,1,1,1,1,1,1,1,1,1,1,1,1,1,1,1
"2061",NA,NA,"WI",2023-05-16,NA,NA,NA,NA,NA,NA,NA,NA,NA,NA,NA,NA,NA,NA,NA,NA
"2062",0.785959199802864,0.519182116227064,"WI",2023-05-17,1,1,1,0,1,1,1,1,1,1,0,0,1,1,1,1
"2063",NA,NA,"WI",2023-05-18,NA,NA,NA,NA,NA,NA,NA,NA,NA,NA,NA,NA,NA,NA,NA,NA
"2064",0.758687420606602,0.49684567841587,"WI",2023-05-19,1,1,1,0,1,1,1,1,1,1,1,0,0,1,1,1
"2065",0.164222565808967,0.126259242475747,"WI",2023-05-20,1,1,1,1,1,1,1,1,1,1,0,1,1,0,1,1
"2066",0.160150776263649,0.13263946244806,"WI",2023-05-21,1,1,1,1,1,1,1,1,1,1,1,1,1,1,1,1
"2067",0.177185572588195,0.139245599622318,"WI",2023-05-22,1,1,1,1,1,1,1,1,1,1,1,1,1,1,1,1
"2068",NA,NA,"WI",2023-05-23,NA,NA,NA,NA,NA,NA,NA,NA,NA,NA,NA,NA,NA,NA,NA,NA
"2069",NA,NA,"WI",2023-05-24,NA,NA,NA,NA,NA,NA,NA,NA,NA,NA,NA,NA,NA,NA,NA,NA
"2070",0.975783754672893,0.684192487974453,"WI",2023-05-25,1,0,1,1,1,1,1,1,1,0,1,0,1,1,1,1
"2071",NA,NA,"WI",2023-05-26,NA,NA,NA,NA,NA,NA,NA,NA,NA,NA,NA,NA,NA,NA,NA,NA
"2072",NA,NA,"WI",2023-05-27,NA,NA,NA,NA,NA,NA,NA,NA,NA,NA,NA,NA,NA,NA,NA,NA
"2073",NA,NA,"WI",2023-05-28,NA,NA,NA,NA,NA,NA,NA,NA,NA,NA,NA,NA,NA,NA,NA,NA
"2074",NA,NA,"WI",2023-05-29,NA,NA,NA,NA,NA,NA,NA,NA,NA,NA,NA,NA,NA,NA,NA,NA
"2075",NA,NA,"WI",2023-05-30,NA,NA,NA,NA,NA,NA,NA,NA,NA,NA,NA,NA,NA,NA,NA,NA
"2076",0.553365927615345,0.365022782337735,"WI",2023-05-31,1,1,1,1,1,1,1,1,1,1,1,0,0,1,1,1
"2077",NA,NA,"WI",2023-06-01,NA,NA,NA,NA,NA,NA,NA,NA,NA,NA,NA,NA,NA,NA,NA,NA
"2078",NA,NA,"WI",2023-06-02,NA,NA,NA,NA,NA,NA,NA,NA,NA,NA,NA,NA,NA,NA,NA,NA
"2079",NA,NA,"WI",2023-06-03,NA,NA,NA,NA,NA,NA,NA,NA,NA,NA,NA,NA,NA,NA,NA,NA
"2080",NA,NA,"WI",2023-06-04,NA,NA,NA,NA,NA,NA,NA,NA,NA,NA,NA,NA,NA,NA,NA,NA
"2081",NA,NA,"WI",2023-06-05,NA,NA,NA,NA,NA,NA,NA,NA,NA,NA,NA,NA,NA,NA,NA,NA
"2082",NA,NA,"WI",2023-06-06,NA,NA,NA,NA,NA,NA,NA,NA,NA,NA,NA,NA,NA,NA,NA,NA
"2083",NA,NA,"WI",2023-06-07,NA,NA,NA,NA,NA,NA,NA,NA,NA,NA,NA,NA,NA,NA,NA,NA
"2084",NA,NA,"WI",2023-06-08,NA,NA,NA,NA,NA,NA,NA,NA,NA,NA,NA,NA,NA,NA,NA,NA
"2085",NA,NA,"WI",2023-06-09,NA,NA,NA,NA,NA,NA,NA,NA,NA,NA,NA,NA,NA,NA,NA,NA
"2086",NA,NA,"WI",2023-06-10,NA,NA,NA,NA,NA,NA,NA,NA,NA,NA,NA,NA,NA,NA,NA,NA
"2087",NA,NA,"WI",2023-06-11,NA,NA,NA,NA,NA,NA,NA,NA,NA,NA,NA,NA,NA,NA,NA,NA
"2088",0.668803584507673,0.464248276940976,"WI",2023-06-12,1,1,1,1,0,1,1,1,1,1,1,0,0,1,1,1
"2089",NA,NA,"WI",2023-06-13,NA,NA,NA,NA,NA,NA,NA,NA,NA,NA,NA,NA,NA,NA,NA,NA
"2090",0.438272193299427,0.342501240246697,"WI",2023-06-14,1,1,1,1,1,1,1,1,1,1,0,0,1,1,1,1
"2091",NA,NA,"WI",2023-06-15,NA,NA,NA,NA,NA,NA,NA,NA,NA,NA,NA,NA,NA,NA,NA,NA
"2092",0.92845005500582,0.662401244750261,"WI",2023-06-16,1,0,1,1,1,1,1,1,1,0,1,0,1,1,1,1
"2093",NA,NA,"WI",2023-06-17,NA,NA,NA,NA,NA,NA,NA,NA,NA,NA,NA,NA,NA,NA,NA,NA
"2094",NA,NA,"WI",2023-06-18,NA,NA,NA,NA,NA,NA,NA,NA,NA,NA,NA,NA,NA,NA,NA,NA
"2095",NA,NA,"WI",2023-06-19,NA,NA,NA,NA,NA,NA,NA,NA,NA,NA,NA,NA,NA,NA,NA,NA
"2096",NA,NA,"WI",2023-06-20,NA,NA,NA,NA,NA,NA,NA,NA,NA,NA,NA,NA,NA,NA,NA,NA
"2097",NA,NA,"WI",2023-06-21,NA,NA,NA,NA,NA,NA,NA,NA,NA,NA,NA,NA,NA,NA,NA,NA
"2098",NA,NA,"WI",2023-06-22,NA,NA,NA,NA,NA,NA,NA,NA,NA,NA,NA,NA,NA,NA,NA,NA
"2099",NA,NA,"WI",2023-06-23,NA,NA,NA,NA,NA,NA,NA,NA,NA,NA,NA,NA,NA,NA,NA,NA
"2100",NA,NA,"WI",2023-06-24,NA,NA,NA,NA,NA,NA,NA,NA,NA,NA,NA,NA,NA,NA,NA,NA
"2101",NA,NA,"WV",2023-05-14,NA,NA,NA,NA,NA,NA,NA,NA,NA,NA,NA,NA,NA,NA,NA,NA
"2102",NA,NA,"WV",2023-05-15,NA,NA,NA,NA,NA,NA,NA,NA,NA,NA,NA,NA,NA,NA,NA,NA
"2103",0.842130518004832,0.636238635468119,"WV",2023-05-16,1,1,1,1,0,1,1,1,1,1,1,0,0,1,1,1
"2104",NA,NA,"WV",2023-05-17,NA,NA,NA,NA,NA,NA,NA,NA,NA,NA,NA,NA,NA,NA,NA,NA
"2105",0.10997887729337,0.0567896802968785,"WV",2023-05-18,1,1,1,1,1,1,1,1,1,1,0,1,0,1,1,1
"2106",NA,NA,"WV",2023-05-19,NA,NA,NA,NA,NA,NA,NA,NA,NA,NA,NA,NA,NA,NA,NA,NA
"2107",NA,NA,"WV",2023-05-20,NA,NA,NA,NA,NA,NA,NA,NA,NA,NA,NA,NA,NA,NA,NA,NA
"2108",NA,NA,"WV",2023-05-21,NA,NA,NA,NA,NA,NA,NA,NA,NA,NA,NA,NA,NA,NA,NA,NA
"2109",NA,NA,"WV",2023-05-22,NA,NA,NA,NA,NA,NA,NA,NA,NA,NA,NA,NA,NA,NA,NA,NA
"2110",0.134445931567266,0.0738877301511533,"WV",2023-05-23,1,1,1,1,1,1,1,1,1,1,1,1,1,1,1,1
"2111",NA,NA,"WV",2023-05-24,NA,NA,NA,NA,NA,NA,NA,NA,NA,NA,NA,NA,NA,NA,NA,NA
"2112",NA,NA,"WV",2023-05-25,NA,NA,NA,NA,NA,NA,NA,NA,NA,NA,NA,NA,NA,NA,NA,NA
"2113",NA,NA,"WV",2023-05-26,NA,NA,NA,NA,NA,NA,NA,NA,NA,NA,NA,NA,NA,NA,NA,NA
"2114",NA,NA,"WV",2023-05-27,NA,NA,NA,NA,NA,NA,NA,NA,NA,NA,NA,NA,NA,NA,NA,NA
"2115",NA,NA,"WV",2023-05-28,NA,NA,NA,NA,NA,NA,NA,NA,NA,NA,NA,NA,NA,NA,NA,NA
"2116",NA,NA,"WV",2023-05-29,NA,NA,NA,NA,NA,NA,NA,NA,NA,NA,NA,NA,NA,NA,NA,NA
"2117",0.188741875277201,0.10438948446957,"WV",2023-05-30,1,1,1,1,1,1,1,1,1,1,0,0,1,1,1,1
"2118",NA,NA,"WV",2023-05-31,NA,NA,NA,NA,NA,NA,NA,NA,NA,NA,NA,NA,NA,NA,NA,NA
"2119",NA,NA,"WV",2023-06-01,NA,NA,NA,NA,NA,NA,NA,NA,NA,NA,NA,NA,NA,NA,NA,NA
"2120",NA,NA,"WV",2023-06-02,NA,NA,NA,NA,NA,NA,NA,NA,NA,NA,NA,NA,NA,NA,NA,NA
"2121",NA,NA,"WV",2023-06-03,NA,NA,NA,NA,NA,NA,NA,NA,NA,NA,NA,NA,NA,NA,NA,NA
"2122",NA,NA,"WV",2023-06-04,NA,NA,NA,NA,NA,NA,NA,NA,NA,NA,NA,NA,NA,NA,NA,NA
"2123",NA,NA,"WV",2023-06-05,NA,NA,NA,NA,NA,NA,NA,NA,NA,NA,NA,NA,NA,NA,NA,NA
"2124",NA,NA,"WV",2023-06-06,NA,NA,NA,NA,NA,NA,NA,NA,NA,NA,NA,NA,NA,NA,NA,NA
"2125",0.265779179174121,0.149119718603919,"WV",2023-06-07,1,1,1,1,1,1,1,1,1,1,1,1,1,1,1,1
"2126",NA,NA,"WV",2023-06-08,NA,NA,NA,NA,NA,NA,NA,NA,NA,NA,NA,NA,NA,NA,NA,NA
"2127",NA,NA,"WV",2023-06-09,NA,NA,NA,NA,NA,NA,NA,NA,NA,NA,NA,NA,NA,NA,NA,NA
"2128",NA,NA,"WV",2023-06-10,NA,NA,NA,NA,NA,NA,NA,NA,NA,NA,NA,NA,NA,NA,NA,NA
"2129",NA,NA,"WV",2023-06-11,NA,NA,NA,NA,NA,NA,NA,NA,NA,NA,NA,NA,NA,NA,NA,NA
"2130",NA,NA,"WV",2023-06-12,NA,NA,NA,NA,NA,NA,NA,NA,NA,NA,NA,NA,NA,NA,NA,NA
"2131",NA,NA,"WV",2023-06-13,NA,NA,NA,NA,NA,NA,NA,NA,NA,NA,NA,NA,NA,NA,NA,NA
"2132",NA,NA,"WV",2023-06-14,NA,NA,NA,NA,NA,NA,NA,NA,NA,NA,NA,NA,NA,NA,NA,NA
"2133",NA,NA,"WV",2023-06-15,NA,NA,NA,NA,NA,NA,NA,NA,NA,NA,NA,NA,NA,NA,NA,NA
"2134",NA,NA,"WV",2023-06-16,NA,NA,NA,NA,NA,NA,NA,NA,NA,NA,NA,NA,NA,NA,NA,NA
"2135",NA,NA,"WV",2023-06-17,NA,NA,NA,NA,NA,NA,NA,NA,NA,NA,NA,NA,NA,NA,NA,NA
"2136",NA,NA,"WV",2023-06-18,NA,NA,NA,NA,NA,NA,NA,NA,NA,NA,NA,NA,NA,NA,NA,NA
"2137",NA,NA,"WV",2023-06-19,NA,NA,NA,NA,NA,NA,NA,NA,NA,NA,NA,NA,NA,NA,NA,NA
"2138",0.482803699478471,0.388148003248241,"WV",2023-06-20,1,1,1,1,1,1,1,1,1,1,1,0,1,0,1,1
"2139",NA,NA,"WV",2023-06-21,NA,NA,NA,NA,NA,NA,NA,NA,NA,NA,NA,NA,NA,NA,NA,NA
"2140",NA,NA,"WV",2023-06-22,NA,NA,NA,NA,NA,NA,NA,NA,NA,NA,NA,NA,NA,NA,NA,NA
"2141",NA,NA,"WV",2023-06-23,NA,NA,NA,NA,NA,NA,NA,NA,NA,NA,NA,NA,NA,NA,NA,NA
"2142",NA,NA,"WV",2023-06-24,NA,NA,NA,NA,NA,NA,NA,NA,NA,NA,NA,NA,NA,NA,NA,NA
"2143",NA,NA,"WY",2023-05-14,NA,NA,NA,NA,NA,NA,NA,NA,NA,NA,NA,NA,NA,NA,NA,NA
"2144",NA,NA,"WY",2023-05-15,NA,NA,NA,NA,NA,NA,NA,NA,NA,NA,NA,NA,NA,NA,NA,NA
"2145",NA,NA,"WY",2023-05-16,NA,NA,NA,NA,NA,NA,NA,NA,NA,NA,NA,NA,NA,NA,NA,NA
"2146",NA,NA,"WY",2023-05-17,NA,NA,NA,NA,NA,NA,NA,NA,NA,NA,NA,NA,NA,NA,NA,NA
"2147",NA,NA,"WY",2023-05-18,NA,NA,NA,NA,NA,NA,NA,NA,NA,NA,NA,NA,NA,NA,NA,NA
"2148",NA,NA,"WY",2023-05-19,NA,NA,NA,NA,NA,NA,NA,NA,NA,NA,NA,NA,NA,NA,NA,NA
"2149",NA,NA,"WY",2023-05-20,NA,NA,NA,NA,NA,NA,NA,NA,NA,NA,NA,NA,NA,NA,NA,NA
"2150",NA,NA,"WY",2023-05-21,NA,NA,NA,NA,NA,NA,NA,NA,NA,NA,NA,NA,NA,NA,NA,NA
"2151",NA,NA,"WY",2023-05-22,NA,NA,NA,NA,NA,NA,NA,NA,NA,NA,NA,NA,NA,NA,NA,NA
"2152",NA,NA,"WY",2023-05-23,NA,NA,NA,NA,NA,NA,NA,NA,NA,NA,NA,NA,NA,NA,NA,NA
"2153",NA,NA,"WY",2023-05-24,NA,NA,NA,NA,NA,NA,NA,NA,NA,NA,NA,NA,NA,NA,NA,NA
"2154",NA,NA,"WY",2023-05-25,NA,NA,NA,NA,NA,NA,NA,NA,NA,NA,NA,NA,NA,NA,NA,NA
"2155",NA,NA,"WY",2023-05-26,NA,NA,NA,NA,NA,NA,NA,NA,NA,NA,NA,NA,NA,NA,NA,NA
"2156",NA,NA,"WY",2023-05-27,NA,NA,NA,NA,NA,NA,NA,NA,NA,NA,NA,NA,NA,NA,NA,NA
"2157",NA,NA,"WY",2023-05-28,NA,NA,NA,NA,NA,NA,NA,NA,NA,NA,NA,NA,NA,NA,NA,NA
"2158",NA,NA,"WY",2023-05-29,NA,NA,NA,NA,NA,NA,NA,NA,NA,NA,NA,NA,NA,NA,NA,NA
"2159",NA,NA,"WY",2023-05-30,NA,NA,NA,NA,NA,NA,NA,NA,NA,NA,NA,NA,NA,NA,NA,NA
"2160",NA,NA,"WY",2023-05-31,NA,NA,NA,NA,NA,NA,NA,NA,NA,NA,NA,NA,NA,NA,NA,NA
"2161",NA,NA,"WY",2023-06-01,NA,NA,NA,NA,NA,NA,NA,NA,NA,NA,NA,NA,NA,NA,NA,NA
"2162",NA,NA,"WY",2023-06-02,NA,NA,NA,NA,NA,NA,NA,NA,NA,NA,NA,NA,NA,NA,NA,NA
"2163",NA,NA,"WY",2023-06-03,NA,NA,NA,NA,NA,NA,NA,NA,NA,NA,NA,NA,NA,NA,NA,NA
"2164",NA,NA,"WY",2023-06-04,NA,NA,NA,NA,NA,NA,NA,NA,NA,NA,NA,NA,NA,NA,NA,NA
"2165",NA,NA,"WY",2023-06-05,NA,NA,NA,NA,NA,NA,NA,NA,NA,NA,NA,NA,NA,NA,NA,NA
"2166",NA,NA,"WY",2023-06-06,NA,NA,NA,NA,NA,NA,NA,NA,NA,NA,NA,NA,NA,NA,NA,NA
"2167",NA,NA,"WY",2023-06-07,NA,NA,NA,NA,NA,NA,NA,NA,NA,NA,NA,NA,NA,NA,NA,NA
"2168",NA,NA,"WY",2023-06-08,NA,NA,NA,NA,NA,NA,NA,NA,NA,NA,NA,NA,NA,NA,NA,NA
"2169",NA,NA,"WY",2023-06-09,NA,NA,NA,NA,NA,NA,NA,NA,NA,NA,NA,NA,NA,NA,NA,NA
"2170",NA,NA,"WY",2023-06-10,NA,NA,NA,NA,NA,NA,NA,NA,NA,NA,NA,NA,NA,NA,NA,NA
"2171",NA,NA,"WY",2023-06-11,NA,NA,NA,NA,NA,NA,NA,NA,NA,NA,NA,NA,NA,NA,NA,NA
"2172",NA,NA,"WY",2023-06-12,NA,NA,NA,NA,NA,NA,NA,NA,NA,NA,NA,NA,NA,NA,NA,NA
"2173",NA,NA,"WY",2023-06-13,NA,NA,NA,NA,NA,NA,NA,NA,NA,NA,NA,NA,NA,NA,NA,NA
"2174",NA,NA,"WY",2023-06-14,NA,NA,NA,NA,NA,NA,NA,NA,NA,NA,NA,NA,NA,NA,NA,NA
"2175",NA,NA,"WY",2023-06-15,NA,NA,NA,NA,NA,NA,NA,NA,NA,NA,NA,NA,NA,NA,NA,NA
"2176",NA,NA,"WY",2023-06-16,NA,NA,NA,NA,NA,NA,NA,NA,NA,NA,NA,NA,NA,NA,NA,NA
"2177",NA,NA,"WY",2023-06-17,NA,NA,NA,NA,NA,NA,NA,NA,NA,NA,NA,NA,NA,NA,NA,NA
"2178",NA,NA,"WY",2023-06-18,NA,NA,NA,NA,NA,NA,NA,NA,NA,NA,NA,NA,NA,NA,NA,NA
"2179",NA,NA,"WY",2023-06-19,NA,NA,NA,NA,NA,NA,NA,NA,NA,NA,NA,NA,NA,NA,NA,NA
"2180",NA,NA,"WY",2023-06-20,NA,NA,NA,NA,NA,NA,NA,NA,NA,NA,NA,NA,NA,NA,NA,NA
"2181",NA,NA,"WY",2023-06-21,NA,NA,NA,NA,NA,NA,NA,NA,NA,NA,NA,NA,NA,NA,NA,NA
"2182",NA,NA,"WY",2023-06-22,NA,NA,NA,NA,NA,NA,NA,NA,NA,NA,NA,NA,NA,NA,NA,NA
"2183",NA,NA,"WY",2023-06-23,NA,NA,NA,NA,NA,NA,NA,NA,NA,NA,NA,NA,NA,NA,NA,NA
"2184",NA,NA,"WY",2023-06-24,NA,NA,NA,NA,NA,NA,NA,NA,NA,NA,NA,NA,NA,NA,NA,NA
