"","es_score","brier_score","location","target_date","X22F_50_CI","X23A_50_CI","X23B_50_CI","X23D_50_CI","X23E_50_CI","X23F_50_CI","recombinant_50_CI","X23G_50_CI","other_50_CI","X22F_95_CI","X23A_95_CI","X23B_95_CI","X23D_95_CI","X23E_95_CI","X23F_95_CI","recombinant_95_CI","X23G_95_CI","other_95_CI"
"1",NA,NA,"AK",2023-08-13,NA,NA,NA,NA,NA,NA,NA,NA,NA,NA,NA,NA,NA,NA,NA,NA,NA,NA
"2",NA,NA,"AK",2023-08-14,NA,NA,NA,NA,NA,NA,NA,NA,NA,NA,NA,NA,NA,NA,NA,NA,NA,NA
"3",NA,NA,"AK",2023-08-15,NA,NA,NA,NA,NA,NA,NA,NA,NA,NA,NA,NA,NA,NA,NA,NA,NA,NA
"4",NA,NA,"AK",2023-08-16,NA,NA,NA,NA,NA,NA,NA,NA,NA,NA,NA,NA,NA,NA,NA,NA,NA,NA
"5",NA,NA,"AK",2023-08-17,NA,NA,NA,NA,NA,NA,NA,NA,NA,NA,NA,NA,NA,NA,NA,NA,NA,NA
"6",0.776866909811783,0.5539807060315,"AK",2023-08-18,0,1,1,1,1,1,1,1,1,0,1,1,0,1,1,1,1,1
"7",NA,NA,"AK",2023-08-19,NA,NA,NA,NA,NA,NA,NA,NA,NA,NA,NA,NA,NA,NA,NA,NA,NA,NA
"8",NA,NA,"AK",2023-08-20,NA,NA,NA,NA,NA,NA,NA,NA,NA,NA,NA,NA,NA,NA,NA,NA,NA,NA
"9",NA,NA,"AK",2023-08-21,NA,NA,NA,NA,NA,NA,NA,NA,NA,NA,NA,NA,NA,NA,NA,NA,NA,NA
"10",NA,NA,"AK",2023-08-22,NA,NA,NA,NA,NA,NA,NA,NA,NA,NA,NA,NA,NA,NA,NA,NA,NA,NA
"11",0.351531404623814,0.279265923142134,"AK",2023-08-23,1,1,1,1,1,1,1,1,1,0,1,0,1,1,1,1,1,1
"12",NA,NA,"AK",2023-08-24,NA,NA,NA,NA,NA,NA,NA,NA,NA,NA,NA,NA,NA,NA,NA,NA,NA,NA
"13",NA,NA,"AK",2023-08-25,NA,NA,NA,NA,NA,NA,NA,NA,NA,NA,NA,NA,NA,NA,NA,NA,NA,NA
"14",NA,NA,"AK",2023-08-26,NA,NA,NA,NA,NA,NA,NA,NA,NA,NA,NA,NA,NA,NA,NA,NA,NA,NA
"15",NA,NA,"AK",2023-08-27,NA,NA,NA,NA,NA,NA,NA,NA,NA,NA,NA,NA,NA,NA,NA,NA,NA,NA
"16",NA,NA,"AK",2023-08-28,NA,NA,NA,NA,NA,NA,NA,NA,NA,NA,NA,NA,NA,NA,NA,NA,NA,NA
"17",0.508161255899527,0.303436561592848,"AK",2023-08-29,1,1,1,1,1,1,1,1,1,1,1,1,1,1,0,1,0,1
"18",NA,NA,"AK",2023-08-30,NA,NA,NA,NA,NA,NA,NA,NA,NA,NA,NA,NA,NA,NA,NA,NA,NA,NA
"19",NA,NA,"AK",2023-08-31,NA,NA,NA,NA,NA,NA,NA,NA,NA,NA,NA,NA,NA,NA,NA,NA,NA,NA
"20",NA,NA,"AK",2023-09-01,NA,NA,NA,NA,NA,NA,NA,NA,NA,NA,NA,NA,NA,NA,NA,NA,NA,NA
"21",NA,NA,"AK",2023-09-02,NA,NA,NA,NA,NA,NA,NA,NA,NA,NA,NA,NA,NA,NA,NA,NA,NA,NA
"22",NA,NA,"AK",2023-09-03,NA,NA,NA,NA,NA,NA,NA,NA,NA,NA,NA,NA,NA,NA,NA,NA,NA,NA
"23",NA,NA,"AK",2023-09-04,NA,NA,NA,NA,NA,NA,NA,NA,NA,NA,NA,NA,NA,NA,NA,NA,NA,NA
"24",NA,NA,"AK",2023-09-05,NA,NA,NA,NA,NA,NA,NA,NA,NA,NA,NA,NA,NA,NA,NA,NA,NA,NA
"25",0.759029575535962,0.529176467169109,"AK",2023-09-06,1,1,1,0,1,1,1,1,1,1,1,0,0,1,1,1,1,1
"26",NA,NA,"AK",2023-09-07,NA,NA,NA,NA,NA,NA,NA,NA,NA,NA,NA,NA,NA,NA,NA,NA,NA,NA
"27",NA,NA,"AK",2023-09-08,NA,NA,NA,NA,NA,NA,NA,NA,NA,NA,NA,NA,NA,NA,NA,NA,NA,NA
"28",NA,NA,"AK",2023-09-09,NA,NA,NA,NA,NA,NA,NA,NA,NA,NA,NA,NA,NA,NA,NA,NA,NA,NA
"29",NA,NA,"AK",2023-09-10,NA,NA,NA,NA,NA,NA,NA,NA,NA,NA,NA,NA,NA,NA,NA,NA,NA,NA
"30",NA,NA,"AK",2023-09-11,NA,NA,NA,NA,NA,NA,NA,NA,NA,NA,NA,NA,NA,NA,NA,NA,NA,NA
"31",NA,NA,"AK",2023-09-12,NA,NA,NA,NA,NA,NA,NA,NA,NA,NA,NA,NA,NA,NA,NA,NA,NA,NA
"32",NA,NA,"AK",2023-09-13,NA,NA,NA,NA,NA,NA,NA,NA,NA,NA,NA,NA,NA,NA,NA,NA,NA,NA
"33",0.878251667885851,0.630558280686851,"AK",2023-09-14,1,1,1,1,1,1,0,1,1,1,1,0,1,1,1,0,1,1
"34",NA,NA,"AK",2023-09-15,NA,NA,NA,NA,NA,NA,NA,NA,NA,NA,NA,NA,NA,NA,NA,NA,NA,NA
"35",NA,NA,"AK",2023-09-16,NA,NA,NA,NA,NA,NA,NA,NA,NA,NA,NA,NA,NA,NA,NA,NA,NA,NA
"36",NA,NA,"AK",2023-09-17,NA,NA,NA,NA,NA,NA,NA,NA,NA,NA,NA,NA,NA,NA,NA,NA,NA,NA
"37",NA,NA,"AK",2023-09-18,NA,NA,NA,NA,NA,NA,NA,NA,NA,NA,NA,NA,NA,NA,NA,NA,NA,NA
"38",NA,NA,"AK",2023-09-19,NA,NA,NA,NA,NA,NA,NA,NA,NA,NA,NA,NA,NA,NA,NA,NA,NA,NA
"39",NA,NA,"AK",2023-09-20,NA,NA,NA,NA,NA,NA,NA,NA,NA,NA,NA,NA,NA,NA,NA,NA,NA,NA
"40",NA,NA,"AK",2023-09-21,NA,NA,NA,NA,NA,NA,NA,NA,NA,NA,NA,NA,NA,NA,NA,NA,NA,NA
"41",NA,NA,"AK",2023-09-22,NA,NA,NA,NA,NA,NA,NA,NA,NA,NA,NA,NA,NA,NA,NA,NA,NA,NA
"42",NA,NA,"AK",2023-09-23,NA,NA,NA,NA,NA,NA,NA,NA,NA,NA,NA,NA,NA,NA,NA,NA,NA,NA
"43",NA,NA,"AL",2023-08-13,NA,NA,NA,NA,NA,NA,NA,NA,NA,NA,NA,NA,NA,NA,NA,NA,NA,NA
"44",0.364730599263045,0.274048602738825,"AL",2023-08-14,1,1,1,1,1,1,1,1,1,1,1,0,1,1,0,1,1,1
"45",NA,NA,"AL",2023-08-15,NA,NA,NA,NA,NA,NA,NA,NA,NA,NA,NA,NA,NA,NA,NA,NA,NA,NA
"46",0.873498525505578,0.441866083249066,"AL",2023-08-16,1,1,1,0,1,1,1,1,1,1,0,1,0,0,0,1,1,1
"47",0.663357352176243,0.370503545517462,"AL",2023-08-17,1,0,1,1,1,1,1,1,1,1,1,0,1,0,1,1,1,1
"48",0.79271185177037,0.317457005359195,"AL",2023-08-18,1,1,1,1,1,1,1,1,1,1,1,0,0,0,0,1,0,1
"49",0.881869015620727,0.273088780360073,"AL",2023-08-19,1,1,0,1,1,1,1,1,1,0,1,0,1,1,1,1,1,0
"50",0.970190427367544,0.340614966285831,"AL",2023-08-20,1,1,1,1,1,1,1,1,1,1,1,0,0,0,0,1,1,1
"51",NA,NA,"AL",2023-08-21,NA,NA,NA,NA,NA,NA,NA,NA,NA,NA,NA,NA,NA,NA,NA,NA,NA,NA
"52",0.365956863829139,0.273720832145599,"AL",2023-08-22,1,1,1,1,1,1,1,1,1,1,0,0,1,1,1,1,1,1
"53",0.846214044990887,0.432907398760752,"AL",2023-08-23,1,1,1,0,1,1,1,1,1,1,1,0,0,1,1,1,1,1
"54",1.59480696690479,0.473049044565058,"AL",2023-08-24,0,0,0,1,1,1,1,1,1,0,0,0,1,1,0,1,1,1
"55",0.826139586801783,0.430388660967312,"AL",2023-08-25,1,1,1,0,1,1,1,1,1,1,1,0,0,1,0,1,1,1
"56",0.710301319952028,0.485690061408167,"AL",2023-08-26,1,1,1,0,1,1,1,1,1,1,1,1,0,0,1,1,1,1
"57",NA,NA,"AL",2023-08-27,NA,NA,NA,NA,NA,NA,NA,NA,NA,NA,NA,NA,NA,NA,NA,NA,NA,NA
"58",0.792897513985598,0.352156841661151,"AL",2023-08-28,1,1,1,1,1,1,1,1,1,0,1,0,0,0,0,1,1,1
"59",0.702575669256995,0.485874653366906,"AL",2023-08-29,1,1,1,1,0,1,1,1,1,1,1,1,1,0,0,1,1,1
"60",1.10318890578725,0.466156794051501,"AL",2023-08-30,0,0,1,1,1,1,1,1,1,1,1,1,1,1,1,1,1,1
"61",NA,NA,"AL",2023-08-31,NA,NA,NA,NA,NA,NA,NA,NA,NA,NA,NA,NA,NA,NA,NA,NA,NA,NA
"62",0.443955974806294,0.314237933923768,"AL",2023-09-01,1,1,1,1,1,1,1,1,1,1,0,1,1,1,0,1,1,1
"63",0.393762112634436,0.283646548788923,"AL",2023-09-02,1,1,1,1,1,1,1,1,1,1,1,0,1,1,0,1,1,1
"64",NA,NA,"AL",2023-09-03,NA,NA,NA,NA,NA,NA,NA,NA,NA,NA,NA,NA,NA,NA,NA,NA,NA,NA
"65",0.427658379254339,0.286711243708657,"AL",2023-09-04,1,1,1,1,1,1,1,1,1,1,1,0,1,1,0,1,1,1
"66",0.400027672663285,0.28838601717265,"AL",2023-09-05,1,1,1,1,1,1,1,1,1,1,1,1,1,1,1,1,1,1
"67",1.04275454510312,0.358248247671252,"AL",2023-09-06,1,1,1,1,1,1,1,1,1,1,1,0,0,0,0,1,1,1
"68",NA,NA,"AL",2023-09-07,NA,NA,NA,NA,NA,NA,NA,NA,NA,NA,NA,NA,NA,NA,NA,NA,NA,NA
"69",NA,NA,"AL",2023-09-08,NA,NA,NA,NA,NA,NA,NA,NA,NA,NA,NA,NA,NA,NA,NA,NA,NA,NA
"70",NA,NA,"AL",2023-09-09,NA,NA,NA,NA,NA,NA,NA,NA,NA,NA,NA,NA,NA,NA,NA,NA,NA,NA
"71",0.40989093542955,0.298162947797155,"AL",2023-09-10,1,1,1,1,1,1,1,1,1,1,1,0,1,1,0,1,1,1
"72",0.423594905264798,0.300955166721131,"AL",2023-09-11,1,1,1,1,1,1,1,1,1,1,1,1,1,1,0,1,0,1
"73",NA,NA,"AL",2023-09-12,NA,NA,NA,NA,NA,NA,NA,NA,NA,NA,NA,NA,NA,NA,NA,NA,NA,NA
"74",0.424999473877206,0.305129623879608,"AL",2023-09-13,1,1,1,1,1,1,1,1,1,1,1,0,1,1,0,1,1,1
"75",0.414689673141689,0.307631131729595,"AL",2023-09-14,1,1,1,1,1,1,1,1,1,1,1,0,1,1,0,1,1,1
"76",NA,NA,"AL",2023-09-15,NA,NA,NA,NA,NA,NA,NA,NA,NA,NA,NA,NA,NA,NA,NA,NA,NA,NA
"77",NA,NA,"AL",2023-09-16,NA,NA,NA,NA,NA,NA,NA,NA,NA,NA,NA,NA,NA,NA,NA,NA,NA,NA
"78",NA,NA,"AL",2023-09-17,NA,NA,NA,NA,NA,NA,NA,NA,NA,NA,NA,NA,NA,NA,NA,NA,NA,NA
"79",NA,NA,"AL",2023-09-18,NA,NA,NA,NA,NA,NA,NA,NA,NA,NA,NA,NA,NA,NA,NA,NA,NA,NA
"80",NA,NA,"AL",2023-09-19,NA,NA,NA,NA,NA,NA,NA,NA,NA,NA,NA,NA,NA,NA,NA,NA,NA,NA
"81",0.433703590607295,0.324464948833459,"AL",2023-09-20,1,1,1,1,1,1,1,1,1,1,1,0,1,0,1,1,1,1
"82",NA,NA,"AL",2023-09-21,NA,NA,NA,NA,NA,NA,NA,NA,NA,NA,NA,NA,NA,NA,NA,NA,NA,NA
"83",NA,NA,"AL",2023-09-22,NA,NA,NA,NA,NA,NA,NA,NA,NA,NA,NA,NA,NA,NA,NA,NA,NA,NA
"84",NA,NA,"AL",2023-09-23,NA,NA,NA,NA,NA,NA,NA,NA,NA,NA,NA,NA,NA,NA,NA,NA,NA,NA
"85",NA,NA,"AR",2023-08-13,NA,NA,NA,NA,NA,NA,NA,NA,NA,NA,NA,NA,NA,NA,NA,NA,NA,NA
"86",0.579506375052463,0.344114410318202,"AR",2023-08-14,1,1,1,1,1,1,1,1,1,1,0,0,1,0,1,1,1,1
"87",0.545497915345464,0.338067818685439,"AR",2023-08-15,1,1,1,1,1,1,1,1,1,1,0,1,1,1,0,1,1,1
"88",1.42923049079153,0.444185524733308,"AR",2023-08-16,1,0,0,1,1,1,1,1,1,1,1,1,1,1,1,1,1,1
"89",1.27830541252163,0.309489377251075,"AR",2023-08-17,1,1,0,1,1,1,1,1,1,1,1,0,1,0,1,1,1,1
"90",1.26695857600491,0.415631678907984,"AR",2023-08-18,1,0,1,1,1,1,1,1,1,1,0,0,0,0,0,1,1,1
"91",0.714086405992302,0.517238840965935,"AR",2023-08-19,1,1,1,1,0,1,1,1,1,1,1,0,1,0,1,1,1,1
"92",NA,NA,"AR",2023-08-20,NA,NA,NA,NA,NA,NA,NA,NA,NA,NA,NA,NA,NA,NA,NA,NA,NA,NA
"93",1.98483829331889,0.39566548622132,"AR",2023-08-21,1,1,1,1,1,0,1,1,1,1,0,0,0,0,0,0,1,1
"94",0.535052837972008,0.37487372934916,"AR",2023-08-22,1,1,1,1,1,0,1,1,1,1,1,1,1,0,0,1,1,1
"95",2.00795637184587,0.378106274646,"AR",2023-08-23,1,1,1,1,1,0,1,1,1,1,1,0,1,1,0,0,0,1
"96",2.18110010055302,0.493966464470641,"AR",2023-08-24,1,1,0,0,0,1,1,1,1,0,0,0,0,0,0,1,0,1
"97",0.377293524990651,0.269552332836029,"AR",2023-08-25,1,1,1,1,1,1,1,1,1,1,1,0,1,1,1,1,0,1
"98",NA,NA,"AR",2023-08-26,NA,NA,NA,NA,NA,NA,NA,NA,NA,NA,NA,NA,NA,NA,NA,NA,NA,NA
"99",0.388609100238526,0.271193964231104,"AR",2023-08-27,1,1,1,1,1,1,1,1,1,1,1,1,1,1,1,1,1,1
"100",2.0226279375732,0.360691227323206,"AR",2023-08-28,1,1,0,1,1,1,1,0,0,1,0,0,0,0,0,1,0,0
"101",2.39083135133617,0.344492181700186,"AR",2023-08-29,1,1,0,1,1,1,1,1,1,0,1,0,1,1,1,1,1,1
"102",1.84177663231775,0.462649962378054,"AR",2023-08-30,1,1,0,1,0,1,1,0,1,0,0,0,0,0,0,1,0,1
"103",1.06785221009433,0.518627880297861,"AR",2023-08-31,1,1,1,0,0,1,1,1,1,1,1,0,0,0,0,1,1,1
"104",NA,NA,"AR",2023-09-01,NA,NA,NA,NA,NA,NA,NA,NA,NA,NA,NA,NA,NA,NA,NA,NA,NA,NA
"105",NA,NA,"AR",2023-09-02,NA,NA,NA,NA,NA,NA,NA,NA,NA,NA,NA,NA,NA,NA,NA,NA,NA,NA
"106",NA,NA,"AR",2023-09-03,NA,NA,NA,NA,NA,NA,NA,NA,NA,NA,NA,NA,NA,NA,NA,NA,NA,NA
"107",NA,NA,"AR",2023-09-04,NA,NA,NA,NA,NA,NA,NA,NA,NA,NA,NA,NA,NA,NA,NA,NA,NA,NA
"108",1.90065253284156,0.352780765310897,"AR",2023-09-05,1,1,1,1,0,0,1,1,1,1,0,0,0,0,0,1,1,1
"109",0.764089310230325,0.419036467771693,"AR",2023-09-06,1,1,1,1,0,1,1,1,1,1,1,1,1,0,0,1,1,1
"110",0.811208383052923,0.412799500067345,"AR",2023-09-07,1,1,1,1,0,1,1,1,1,1,1,0,1,1,0,1,1,1
"111",2.00038801627075,0.441717800488037,"AR",2023-09-08,0,1,1,0,1,1,1,1,1,0,0,1,0,0,0,1,1,1
"112",NA,NA,"AR",2023-09-09,NA,NA,NA,NA,NA,NA,NA,NA,NA,NA,NA,NA,NA,NA,NA,NA,NA,NA
"113",NA,NA,"AR",2023-09-10,NA,NA,NA,NA,NA,NA,NA,NA,NA,NA,NA,NA,NA,NA,NA,NA,NA,NA
"114",2.67024996233601,0.446924831712858,"AR",2023-09-11,0,1,0,1,1,1,1,1,1,0,1,1,0,1,0,1,0,1
"115",0.715232207204217,0.292211132181166,"AR",2023-09-12,1,1,1,1,1,1,1,1,1,1,1,0,1,1,1,0,1,1
"116",1.1333081512022,0.550102422446369,"AR",2023-09-13,1,0,1,1,0,1,1,1,1,1,1,0,1,0,1,1,1,1
"117",0.761152112042149,0.549144600935681,"AR",2023-09-14,1,1,1,1,0,1,1,1,1,1,1,0,1,0,1,1,1,1
"118",0.873954075794637,0.259502413452865,"AR",2023-09-15,1,1,1,1,1,0,1,1,1,1,1,1,0,1,0,1,1,1
"119",NA,NA,"AR",2023-09-16,NA,NA,NA,NA,NA,NA,NA,NA,NA,NA,NA,NA,NA,NA,NA,NA,NA,NA
"120",NA,NA,"AR",2023-09-17,NA,NA,NA,NA,NA,NA,NA,NA,NA,NA,NA,NA,NA,NA,NA,NA,NA,NA
"121",0.491799229106708,0.319980080908977,"AR",2023-09-18,1,1,1,1,1,1,1,1,1,1,1,0,1,0,1,1,1,1
"122",0.7783585204156,0.398104507647353,"AR",2023-09-19,1,1,1,0,1,1,1,1,1,1,1,0,0,1,1,1,1,1
"123",1.52558769154701,0.453864376001209,"AR",2023-09-20,0,1,1,0,1,0,1,1,1,0,1,0,1,1,0,1,1,1
"124",0.97487043304004,0.432845717179817,"AR",2023-09-21,0,1,1,1,1,1,1,1,1,0,1,0,1,1,0,1,1,1
"125",NA,NA,"AR",2023-09-22,NA,NA,NA,NA,NA,NA,NA,NA,NA,NA,NA,NA,NA,NA,NA,NA,NA,NA
"126",NA,NA,"AR",2023-09-23,NA,NA,NA,NA,NA,NA,NA,NA,NA,NA,NA,NA,NA,NA,NA,NA,NA,NA
"127",1.71972156766546,0.382740748312439,"AZ",2023-08-13,1,1,1,1,1,1,1,1,1,0,0,0,1,0,0,1,1,1
"128",8.18113174476395,0.443489670464959,"AZ",2023-08-14,0,0,0,1,0,0,1,0,1,1,0,0,0,0,0,0,0,1
"129",2.10999272629893,0.367744692970016,"AZ",2023-08-15,1,1,1,1,1,1,1,1,1,1,0,0,1,0,0,1,1,1
"130",3.08530982995895,0.378176734893995,"AZ",2023-08-16,1,0,1,0,1,1,1,1,1,1,0,1,0,0,0,1,0,1
"131",2.01146029635515,0.464529093129055,"AZ",2023-08-17,1,1,1,1,1,0,0,1,1,0,1,0,0,0,0,0,1,0
"132",1.50172480853074,0.421141386887275,"AZ",2023-08-18,1,1,1,1,1,1,1,0,1,0,1,1,1,0,0,1,0,1
"133",1.10894384378787,0.395348756678934,"AZ",2023-08-19,1,0,1,1,1,1,1,1,1,1,0,1,1,0,0,1,0,1
"134",2.22547026618312,0.409675779631371,"AZ",2023-08-20,0,1,1,1,1,1,1,1,1,0,0,0,0,1,0,1,1,1
"135",2.51168823708409,0.369012989106919,"AZ",2023-08-21,1,1,1,1,1,1,1,1,0,0,0,0,0,0,0,1,1,1
"136",2.85907126885741,0.355576869994886,"AZ",2023-08-22,1,1,0,1,1,0,1,1,1,1,0,0,0,1,0,1,1,1
"137",2.67443448836374,0.345958230062245,"AZ",2023-08-23,1,1,0,1,1,0,1,1,1,1,1,0,1,0,0,1,1,1
"138",2.59500435664548,0.416156188339089,"AZ",2023-08-24,1,0,1,1,1,1,1,1,1,0,0,0,0,1,0,1,1,1
"139",0.947616730303959,0.44140285440008,"AZ",2023-08-25,1,1,1,1,1,1,1,1,1,1,0,1,0,0,0,1,1,1
"140",1.65731643180936,0.440141976547839,"AZ",2023-08-26,0,1,0,0,1,1,1,1,1,0,1,0,0,0,1,1,1,1
"141",3.95609568593198,0.43247516314019,"AZ",2023-08-27,0,1,0,1,1,1,1,0,0,0,0,0,0,0,0,1,0,0
"142",3.36951619088905,0.363274099320513,"AZ",2023-08-28,1,1,0,1,1,1,1,1,1,0,0,0,0,1,0,1,1,1
"143",1.57558431397825,0.425540120329794,"AZ",2023-08-29,1,0,1,1,0,1,1,1,1,0,0,0,0,0,0,1,1,1
"144",2.03998332071435,0.379583730237386,"AZ",2023-08-30,1,1,1,1,0,1,1,1,1,1,0,0,1,1,0,1,1,1
"145",1.31898382268577,0.506788352516737,"AZ",2023-08-31,1,1,1,1,1,1,1,0,0,1,1,0,0,1,0,1,0,0
"146",0.370854539835224,0.272624560035306,"AZ",2023-09-01,1,1,1,1,1,1,1,1,1,1,1,0,1,1,0,1,1,1
"147",NA,NA,"AZ",2023-09-02,NA,NA,NA,NA,NA,NA,NA,NA,NA,NA,NA,NA,NA,NA,NA,NA,NA,NA
"148",2.90229598540075,0.394909124399647,"AZ",2023-09-03,1,1,0,0,1,1,1,1,1,1,0,0,0,1,0,1,0,1
"149",6.27095789322868,0.409210113828926,"AZ",2023-09-04,1,1,0,1,0,0,1,0,1,0,1,0,0,0,0,1,0,0
"150",3.00735157286359,0.38765812605831,"AZ",2023-09-05,1,1,0,0,1,1,1,1,0,1,0,0,0,1,0,1,0,0
"151",NA,NA,"AZ",2023-09-06,NA,NA,NA,NA,NA,NA,NA,NA,NA,NA,NA,NA,NA,NA,NA,NA,NA,NA
"152",NA,NA,"AZ",2023-09-07,NA,NA,NA,NA,NA,NA,NA,NA,NA,NA,NA,NA,NA,NA,NA,NA,NA,NA
"153",NA,NA,"AZ",2023-09-08,NA,NA,NA,NA,NA,NA,NA,NA,NA,NA,NA,NA,NA,NA,NA,NA,NA,NA
"154",2.30238532220973,0.543451210510847,"AZ",2023-09-09,0,1,1,1,1,0,1,0,1,0,1,0,1,1,0,1,0,1
"155",2.75864794760815,0.396571052797268,"AZ",2023-09-10,1,0,0,1,0,1,1,1,1,1,1,0,0,0,0,1,1,1
"156",6.67242264611605,0.388400453044672,"AZ",2023-09-11,1,1,1,0,1,1,0,1,1,1,0,0,0,0,0,0,0,1
"157",3.56152892972774,0.396746877729606,"AZ",2023-09-12,1,1,1,0,1,0,1,1,1,1,0,0,0,0,0,1,1,1
"158",2.0109538235277,0.409322432173891,"AZ",2023-09-13,1,0,1,1,1,1,1,0,1,0,0,0,0,0,0,0,0,1
"159",1.55362465107988,0.468089214959058,"AZ",2023-09-14,1,0,1,1,1,1,1,1,1,1,0,1,1,0,1,1,0,1
"160",1.03290018557036,0.362700106883383,"AZ",2023-09-15,1,1,1,1,1,1,1,0,1,1,1,0,1,1,1,1,0,1
"161",1.50606260209969,0.392442983555437,"AZ",2023-09-16,1,1,1,0,1,1,1,0,1,0,1,0,0,1,0,1,0,1
"162",4.63211064465833,0.356549528829739,"AZ",2023-09-17,1,1,0,0,1,1,1,1,1,0,0,0,0,1,0,0,1,1
"163",6.16664157852835,0.409086408123209,"AZ",2023-09-18,1,0,1,1,1,0,1,1,1,0,0,1,0,1,0,1,0,1
"164",6.0431105258711,0.4208872744513,"AZ",2023-09-19,1,0,0,0,1,0,1,1,0,1,0,1,0,0,0,1,0,0
"165",2.20263002267708,0.388822580791223,"AZ",2023-09-20,1,1,1,1,1,0,1,1,0,1,0,0,0,1,1,1,1,0
"166",2.97278848094978,0.49596022710334,"AZ",2023-09-21,0,1,1,0,1,0,1,1,1,0,0,0,0,1,0,1,0,1
"167",1.1174434457883,0.306325015609371,"AZ",2023-09-22,1,1,1,1,1,1,1,1,1,1,0,0,0,0,0,1,1,1
"168",2.15144770091989,0.505714345427898,"AZ",2023-09-23,0,1,1,0,1,0,1,0,1,0,1,0,0,1,0,1,0,1
"169",1.71706380758832,0.423594638367591,"CA",2023-08-13,1,0,1,1,1,1,1,1,1,0,0,1,0,0,0,1,1,1
"170",3.42103270217335,0.408776661867295,"CA",2023-08-14,1,0,1,1,1,1,1,1,1,0,0,0,1,0,0,1,1,1
"171",3.78786078366323,0.411597233843564,"CA",2023-08-15,1,1,1,1,1,0,1,1,1,1,0,0,0,0,0,1,1,0
"172",7.30555282859724,0.429441716292417,"CA",2023-08-16,0,0,1,0,1,1,1,1,1,0,0,0,0,0,1,0,0,1
"173",6.34594070367311,0.429261855256059,"CA",2023-08-17,1,0,0,1,0,1,1,1,1,1,0,0,0,0,0,1,1,0
"174",8.51783391294489,0.410145259427343,"CA",2023-08-18,1,0,0,0,1,1,1,0,1,0,0,0,0,0,0,1,0,1
"175",2.69170806719353,0.412768092900344,"CA",2023-08-19,0,1,1,1,1,1,0,1,1,0,0,0,0,0,0,0,0,0
"176",2.35743568618898,0.437177489216929,"CA",2023-08-20,1,1,1,1,1,0,1,0,0,1,0,0,0,0,0,1,0,0
"177",6.67419950304614,0.406791623653656,"CA",2023-08-21,0,0,0,1,1,0,1,1,1,0,0,0,0,0,0,0,0,1
"178",5.15296836035993,0.430300513329474,"CA",2023-08-22,0,1,1,1,0,0,0,0,1,0,0,0,0,0,0,0,0,1
"179",5.41840289865986,0.408148693050904,"CA",2023-08-23,0,0,1,1,1,0,1,1,1,0,0,0,0,0,0,1,0,1
"180",5.12951214464762,0.405284319148106,"CA",2023-08-24,1,1,1,0,1,1,1,1,1,0,0,0,0,0,0,1,0,1
"181",3.50259944179047,0.404472893416891,"CA",2023-08-25,1,1,1,1,0,1,1,1,0,1,0,0,0,0,0,1,1,0
"182",2.85131935802444,0.403605670137887,"CA",2023-08-26,1,1,1,0,1,1,1,1,1,0,1,0,0,0,0,1,0,1
"183",2.31351774567989,0.381464278681884,"CA",2023-08-27,1,0,1,1,1,1,0,1,1,0,0,0,0,0,1,0,1,1
"184",7.009765756765,0.417610965024518,"CA",2023-08-28,1,0,0,1,0,1,1,1,0,0,0,0,1,0,1,0,1,0
"185",4.79378200058814,0.393455071209147,"CA",2023-08-29,1,1,1,1,1,1,1,1,1,1,0,0,0,0,0,1,0,0
"186",14.286480090761,0.413002886172859,"CA",2023-08-30,1,0,0,0,0,0,1,1,1,0,0,0,0,0,0,1,0,1
"187",5.02096156041388,0.393086371035052,"CA",2023-08-31,1,1,0,0,1,1,1,1,0,0,0,0,0,0,0,1,1,0
"188",3.72325004792841,0.387137572926717,"CA",2023-09-01,1,0,0,0,1,1,1,1,1,1,1,1,0,0,1,1,1,1
"189",1.50949605189669,0.412181634487569,"CA",2023-09-02,1,1,1,1,1,1,1,1,1,0,0,0,0,0,0,1,1,1
"190",1.53700461514546,0.429009526334404,"CA",2023-09-03,1,1,0,0,1,1,1,1,1,0,0,0,0,0,0,1,1,1
"191",1.60626979903765,0.378909068569022,"CA",2023-09-04,1,1,0,0,1,1,1,1,1,0,0,0,0,1,0,1,1,1
"192",6.35025706500949,0.437485725380967,"CA",2023-09-05,1,0,1,1,0,0,0,1,1,0,0,0,0,0,0,0,0,1
"193",4.82487575250023,0.379169950348521,"CA",2023-09-06,0,1,0,1,0,1,1,1,0,0,0,0,0,0,0,1,0,0
"194",4.34822576264953,0.402037599732869,"CA",2023-09-07,1,0,1,1,0,1,1,1,1,0,0,0,1,0,0,1,1,1
"195",4.84329585261193,0.353161705464181,"CA",2023-09-08,1,1,0,1,0,1,0,1,1,0,1,0,0,0,0,0,0,1
"196",3.19223440872469,0.386493922068557,"CA",2023-09-09,1,1,1,1,0,1,1,0,1,0,0,0,1,0,1,0,0,1
"197",2.56862084832456,0.376761890040566,"CA",2023-09-10,1,0,1,0,1,1,1,1,1,0,0,0,1,0,1,1,0,1
"198",6.16122696618484,0.440022981685412,"CA",2023-09-11,1,0,1,0,1,0,1,1,1,0,0,1,0,0,0,0,1,1
"199",10.5745094211562,0.429991317261569,"CA",2023-09-12,1,0,1,0,1,0,1,1,1,0,0,0,0,0,0,0,0,1
"200",8.89886100288658,0.42964631240071,"CA",2023-09-13,1,0,0,1,0,0,1,1,1,1,0,0,0,0,0,1,0,1
"201",4.98277272041751,0.40924724949853,"CA",2023-09-14,1,0,1,1,0,0,1,1,0,0,0,0,0,0,0,1,0,0
"202",2.29897933805659,0.378418057481336,"CA",2023-09-15,1,0,1,1,1,1,1,1,1,0,0,0,1,0,0,1,0,1
"203",2.23818489351529,0.423942545877713,"CA",2023-09-16,1,1,0,0,1,0,1,1,1,1,1,0,0,0,0,1,0,1
"204",3.42750938469435,0.412917502938808,"CA",2023-09-17,1,1,0,1,1,0,1,1,1,1,0,0,0,1,0,1,0,1
"205",4.88079491651784,0.419917293771898,"CA",2023-09-18,1,1,1,0,0,0,1,1,0,0,0,0,0,0,0,1,1,0
"206",3.40194518036788,0.386794185218728,"CA",2023-09-19,1,0,1,1,1,1,1,1,0,1,0,0,0,1,0,1,0,0
"207",3.72282378552927,0.377181045484923,"CA",2023-09-20,1,1,0,1,1,1,0,0,1,0,0,0,0,0,0,0,0,1
"208",2.6411497889501,0.38162124092799,"CA",2023-09-21,1,1,1,1,1,1,1,1,0,1,0,0,1,0,0,1,0,0
"209",2.68032272867488,0.332255554833023,"CA",2023-09-22,1,0,1,1,0,1,1,0,1,0,0,0,1,0,0,1,0,1
"210",1.63404810520397,0.374466984523333,"CA",2023-09-23,1,1,0,0,1,1,1,1,1,0,1,0,0,1,0,1,1,1
"211",0.711895171316307,0.38602420952432,"CO",2023-08-13,1,1,1,1,1,1,1,1,1,1,0,1,0,1,1,1,1,1
"212",0.705897765151161,0.384662138743644,"CO",2023-08-14,1,1,1,1,1,1,1,1,1,1,0,1,0,1,1,1,1,1
"213",NA,NA,"CO",2023-08-15,NA,NA,NA,NA,NA,NA,NA,NA,NA,NA,NA,NA,NA,NA,NA,NA,NA,NA
"214",0.932980767621191,0.437683661138511,"CO",2023-08-16,0,1,1,1,1,1,1,1,1,0,1,1,0,0,1,1,1,1
"215",NA,NA,"CO",2023-08-17,NA,NA,NA,NA,NA,NA,NA,NA,NA,NA,NA,NA,NA,NA,NA,NA,NA,NA
"216",2.68240447493932,0.44051442526538,"CO",2023-08-18,1,1,0,0,1,1,1,1,1,1,0,1,0,0,0,1,1,0
"217",NA,NA,"CO",2023-08-19,NA,NA,NA,NA,NA,NA,NA,NA,NA,NA,NA,NA,NA,NA,NA,NA,NA,NA
"218",1.09981888743125,0.343726060996198,"CO",2023-08-20,1,1,0,1,1,1,1,1,1,1,0,0,0,1,1,1,1,1
"219",0.808975228557882,0.424332486368421,"CO",2023-08-21,1,1,1,1,0,1,1,1,1,1,1,1,0,0,1,1,1,1
"220",0.968964467672193,0.342105373240914,"CO",2023-08-22,1,1,1,1,1,0,1,1,1,1,1,0,0,0,0,1,1,1
"221",2.81834969109652,0.415360850209872,"CO",2023-08-23,1,1,0,1,1,0,1,1,1,0,1,0,0,1,0,1,0,1
"222",0.766437858707604,0.416882463188598,"CO",2023-08-24,1,1,1,1,1,1,1,1,1,1,1,0,0,1,0,1,1,1
"223",1.36600717756506,0.317863154737931,"CO",2023-08-25,1,1,0,1,1,1,1,1,1,1,1,0,1,0,1,1,1,1
"224",1.26572195717446,0.409852309540086,"CO",2023-08-26,1,1,1,0,1,1,1,1,1,1,1,0,1,1,0,1,1,1
"225",0.66418654510222,0.490477209561835,"CO",2023-08-27,1,1,1,0,1,1,1,1,1,1,1,0,0,1,1,1,1,1
"226",1.24289455561653,0.411122591255515,"CO",2023-08-28,1,1,1,1,0,1,1,1,1,0,1,1,1,0,1,0,1,1
"227",0.915540320243362,0.325395752883069,"CO",2023-08-29,1,1,0,1,1,1,1,1,1,1,1,0,1,0,0,1,1,1
"228",1.7034474647532,0.392050607766707,"CO",2023-08-30,1,0,1,1,1,1,1,1,1,0,1,0,1,1,0,1,0,1
"229",1.37546128687633,0.408898079891692,"CO",2023-08-31,1,1,0,1,1,1,1,1,1,1,0,0,0,0,1,1,0,1
"230",3.28832096276946,0.378173403245048,"CO",2023-09-01,1,1,0,1,1,0,1,1,1,1,1,0,1,1,0,1,1,1
"231",1.67703809909513,0.536010413306761,"CO",2023-09-02,0,1,1,0,1,0,1,1,1,0,1,0,0,1,0,1,1,1
"232",0.682415707900758,0.377797484057753,"CO",2023-09-03,1,1,1,1,0,1,1,1,1,1,1,1,1,1,1,1,1,1
"233",0.552382427021255,0.389275686548183,"CO",2023-09-04,1,1,0,1,1,1,1,1,1,1,1,0,0,1,1,1,1,1
"234",1.03609311809853,0.381650260115048,"CO",2023-09-05,0,1,1,1,1,1,1,1,1,1,1,1,0,0,1,1,1,1
"235",2.69032998322719,0.530217843534406,"CO",2023-09-06,0,1,1,0,1,0,1,0,1,0,0,1,0,1,0,1,0,1
"236",0.978964756348653,0.316432459304367,"CO",2023-09-07,1,0,1,1,1,1,1,1,1,1,0,0,1,0,0,1,1,1
"237",2.8563949860819,0.3935253368146,"CO",2023-09-08,1,1,0,1,1,0,1,1,1,0,1,0,0,1,1,1,1,1
"238",NA,NA,"CO",2023-09-09,NA,NA,NA,NA,NA,NA,NA,NA,NA,NA,NA,NA,NA,NA,NA,NA,NA,NA
"239",0.268356951124017,0.182360453141557,"CO",2023-09-10,1,1,1,1,1,1,1,1,1,1,1,1,0,1,0,1,1,1
"240",0.8901144511332,0.349984390249434,"CO",2023-09-11,1,1,1,1,1,1,1,1,1,1,0,0,1,1,1,1,0,1
"241",1.68225659814012,0.388730543161156,"CO",2023-09-12,1,1,0,0,1,1,1,1,1,1,0,0,1,1,0,1,1,1
"242",1.25632451817628,0.466719746310044,"CO",2023-09-13,1,0,1,1,1,0,1,1,1,1,0,0,1,1,0,1,1,1
"243",1.09572422209921,0.305948467564548,"CO",2023-09-14,0,1,1,1,1,1,1,1,1,0,0,0,0,0,0,1,1,1
"244",NA,NA,"CO",2023-09-15,NA,NA,NA,NA,NA,NA,NA,NA,NA,NA,NA,NA,NA,NA,NA,NA,NA,NA
"245",NA,NA,"CO",2023-09-16,NA,NA,NA,NA,NA,NA,NA,NA,NA,NA,NA,NA,NA,NA,NA,NA,NA,NA
"246",NA,NA,"CO",2023-09-17,NA,NA,NA,NA,NA,NA,NA,NA,NA,NA,NA,NA,NA,NA,NA,NA,NA,NA
"247",1.46302749233245,0.357682782595441,"CO",2023-09-18,1,1,1,1,1,1,1,0,1,0,0,1,0,1,0,1,0,1
"248",NA,NA,"CO",2023-09-19,NA,NA,NA,NA,NA,NA,NA,NA,NA,NA,NA,NA,NA,NA,NA,NA,NA,NA
"249",2.51333058207815,0.568766068888254,"CO",2023-09-20,1,0,1,1,1,0,1,1,0,0,0,0,0,0,0,1,1,0
"250",0.847173913057228,0.305299997459406,"CO",2023-09-21,1,1,1,1,1,1,1,0,1,0,1,0,1,1,0,1,0,1
"251",0.747557484515296,0.400425442561848,"CO",2023-09-22,1,1,1,0,1,1,1,1,1,1,1,1,1,1,0,1,0,1
"252",0.831175199460611,0.600945093859397,"CO",2023-09-23,1,1,1,0,1,1,1,1,1,1,1,0,0,1,1,1,1,1
"253",NA,NA,"CT",2023-08-13,NA,NA,NA,NA,NA,NA,NA,NA,NA,NA,NA,NA,NA,NA,NA,NA,NA,NA
"254",0.568906268184344,0.422960477437649,"CT",2023-08-14,1,1,1,0,1,1,1,1,1,1,1,1,0,1,0,1,1,1
"255",1.14128121702549,0.348604825303539,"CT",2023-08-15,1,1,1,1,1,0,1,1,1,0,0,1,1,1,0,1,1,1
"256",0.575730188031426,0.427460541277466,"CT",2023-08-16,1,1,1,0,1,1,1,1,1,1,1,1,1,1,1,1,1,1
"257",1.82563809813732,0.422055682096904,"CT",2023-08-17,1,1,0,1,1,0,1,0,1,0,0,0,0,0,0,1,0,1
"258",1.06091854342764,0.375557364433777,"CT",2023-08-18,1,1,0,1,1,1,1,1,1,1,1,1,1,1,1,1,1,1
"259",0.689712711208762,0.381905724420594,"CT",2023-08-19,1,1,1,1,1,1,1,1,1,1,1,1,0,1,0,1,1,1
"260",0.727749993201233,0.401063382132039,"CT",2023-08-20,1,1,1,1,1,1,1,1,1,1,1,0,0,1,1,1,1,1
"261",1.73363006226553,0.485601003385238,"CT",2023-08-21,1,1,1,1,0,1,1,0,1,0,1,0,0,0,0,1,0,1
"262",1.76134732652345,0.420474025913133,"CT",2023-08-22,1,1,1,1,0,0,1,1,1,0,0,0,1,0,0,1,0,1
"263",1.12158150473978,0.385953062314379,"CT",2023-08-23,1,1,0,1,1,1,1,1,1,1,0,0,0,1,0,1,0,1
"264",1.33978451509753,0.447566405287053,"CT",2023-08-24,1,0,1,0,1,1,1,1,1,1,0,1,0,0,0,1,1,1
"265",1.48903540066414,0.397480487925915,"CT",2023-08-25,1,1,1,1,1,1,1,1,0,1,0,1,0,0,0,1,0,0
"266",1.62636265376878,0.434480420213123,"CT",2023-08-26,1,1,0,1,0,1,1,0,1,1,1,0,1,0,1,1,1,1
"267",1.61351131664228,0.289601679748315,"CT",2023-08-27,1,1,1,1,1,0,1,1,1,1,1,0,1,0,0,1,1,1
"268",1.89254427785933,0.396392591254108,"CT",2023-08-28,1,1,1,1,1,1,1,0,1,1,0,0,0,0,0,1,0,1
"269",1.25358408284742,0.400500965399309,"CT",2023-08-29,1,1,1,1,1,1,1,1,1,0,0,0,1,0,1,0,0,1
"270",1.32454511590121,0.368512835996281,"CT",2023-08-30,1,1,1,1,1,0,1,1,1,0,1,0,1,1,0,1,1,1
"271",1.11018862485067,0.395665979592536,"CT",2023-08-31,1,1,1,0,1,1,1,1,1,1,1,1,0,0,0,1,0,1
"272",1.35199414102008,0.435300562568695,"CT",2023-09-01,0,1,0,1,1,1,1,1,1,0,1,0,1,1,0,1,0,1
"273",0.642447876530761,0.474893852044108,"CT",2023-09-02,1,1,1,0,1,1,1,1,1,1,1,1,0,1,0,1,1,1
"274",0.633765429312188,0.371355243575055,"CT",2023-09-03,1,1,1,1,1,1,1,1,1,1,1,0,1,0,0,1,1,0
"275",NA,NA,"CT",2023-09-04,NA,NA,NA,NA,NA,NA,NA,NA,NA,NA,NA,NA,NA,NA,NA,NA,NA,NA
"276",1.23628159756353,0.405025604790872,"CT",2023-09-05,1,1,1,0,1,1,1,1,1,1,0,1,0,1,1,0,1,1
"277",3.5766700335441,0.447017220213051,"CT",2023-09-06,1,1,0,0,1,1,1,1,1,1,1,0,0,1,0,1,1,1
"278",1.81081679165712,0.3808528907431,"CT",2023-09-07,1,1,0,0,1,1,1,1,1,1,1,0,0,1,1,1,0,1
"279",2.95098445900995,0.438809002453764,"CT",2023-09-08,1,0,0,1,1,0,1,0,1,0,0,0,0,0,0,1,0,1
"280",2.87131462221901,0.47640189110395,"CT",2023-09-09,1,1,1,1,0,0,1,1,1,1,1,1,1,0,0,1,1,1
"281",0.954619497711178,0.43710179214259,"CT",2023-09-10,1,0,1,1,1,1,1,1,1,1,0,1,1,0,0,1,0,1
"282",2.21411889336931,0.490467974293276,"CT",2023-09-11,1,0,1,1,1,0,1,1,0,1,0,0,0,0,0,1,0,0
"283",1.70368132742057,0.353219155042341,"CT",2023-09-12,1,1,1,1,1,0,0,1,1,1,1,0,0,1,1,0,0,1
"284",1.46751482972549,0.38728041429249,"CT",2023-09-13,1,1,1,1,0,1,1,1,1,0,1,1,0,0,1,1,1,1
"285",2.67409400080332,0.256665219473472,"CT",2023-09-14,1,1,0,1,1,0,1,1,1,0,1,0,1,0,0,1,0,1
"286",1.47825820048551,0.369993071287967,"CT",2023-09-15,1,1,1,0,1,1,1,1,1,0,1,1,0,1,0,1,0,1
"287",0.82844302556683,0.304345636138046,"CT",2023-09-16,1,1,1,1,1,1,1,1,1,1,0,0,0,1,0,1,1,1
"288",1.28369175159151,0.350710501580208,"CT",2023-09-17,1,1,1,1,0,1,1,1,1,1,1,1,1,0,0,1,0,1
"289",1.99771512805502,0.422737693088411,"CT",2023-09-18,1,1,1,0,1,0,1,1,1,1,1,0,0,1,0,1,1,1
"290",1.91108896184764,0.398091404757422,"CT",2023-09-19,1,1,1,0,1,1,1,0,1,1,0,0,0,0,0,1,0,1
"291",0.826645446405413,0.303825916646536,"CT",2023-09-20,1,1,1,1,1,1,1,1,1,1,1,1,0,1,1,1,0,1
"292",1.24746262102666,0.335674764580118,"CT",2023-09-21,1,1,1,0,1,1,1,1,1,0,1,1,0,1,1,1,0,1
"293",0.959166116749488,0.412371534889577,"CT",2023-09-22,0,1,1,1,1,1,1,1,1,0,1,0,0,0,0,1,1,1
"294",0.92453429853564,0.438535003547058,"CT",2023-09-23,1,1,1,1,1,1,1,0,1,1,1,1,0,0,0,1,0,1
"295",NA,NA,"DC",2023-08-13,NA,NA,NA,NA,NA,NA,NA,NA,NA,NA,NA,NA,NA,NA,NA,NA,NA,NA
"296",0.654536234696965,0.471303676053438,"DC",2023-08-14,1,1,1,1,0,1,1,1,1,1,1,1,1,0,1,1,0,1
"297",NA,NA,"DC",2023-08-15,NA,NA,NA,NA,NA,NA,NA,NA,NA,NA,NA,NA,NA,NA,NA,NA,NA,NA
"298",0.871159409274616,0.455080960817377,"DC",2023-08-16,1,1,1,1,1,1,1,1,1,1,1,1,0,1,0,1,1,1
"299",0.74782058969597,0.527263481675884,"DC",2023-08-17,1,1,1,1,1,1,1,0,1,1,1,0,1,1,1,1,0,1
"300",0.881695043051456,0.41049293708433,"DC",2023-08-18,1,1,1,1,1,1,1,0,1,1,0,1,0,1,1,1,1,1
"301",0.672377658835813,0.380179167734684,"DC",2023-08-19,1,1,1,1,1,1,1,1,1,1,1,0,1,1,0,1,1,1
"302",0.660432967851563,0.445119970564415,"DC",2023-08-20,1,1,1,0,1,1,1,1,1,1,1,0,0,1,1,1,1,1
"303",0.416598366629945,0.320623126990877,"DC",2023-08-21,1,1,1,1,1,1,1,1,1,1,1,0,0,1,1,1,1,1
"304",1.10607606315793,0.368282555939194,"DC",2023-08-22,1,1,1,1,1,1,1,1,1,1,0,1,0,1,1,1,1,1
"305",0.648693609345568,0.477933744063283,"DC",2023-08-23,1,1,1,1,0,1,1,1,1,1,1,1,1,0,0,1,1,1
"306",1.17010408823701,0.357710205588798,"DC",2023-08-24,1,1,0,1,1,1,1,1,1,1,1,0,0,0,0,1,1,1
"307",0.848341510267777,0.424564975497382,"DC",2023-08-25,1,1,1,1,1,1,1,0,1,1,1,0,1,0,0,1,0,1
"308",1.55571547105387,0.46568999239993,"DC",2023-08-26,1,0,1,1,1,1,1,1,1,1,0,0,1,0,0,1,1,1
"309",0.483160859374011,0.315617506493167,"DC",2023-08-27,1,1,1,1,1,1,1,1,1,1,1,1,1,1,1,1,1,1
"310",1.76063741083791,0.36760651631097,"DC",2023-08-28,0,1,1,1,1,0,1,1,1,0,1,0,1,0,0,1,1,1
"311",0.979468418580707,0.446979066131591,"DC",2023-08-29,1,0,1,1,1,1,1,1,1,1,0,1,1,0,1,1,1,1
"312",NA,NA,"DC",2023-08-30,NA,NA,NA,NA,NA,NA,NA,NA,NA,NA,NA,NA,NA,NA,NA,NA,NA,NA
"313",0.960553723760618,0.414141681816227,"DC",2023-08-31,1,1,1,1,1,1,1,1,1,0,0,1,1,0,1,1,0,1
"314",0.484983646626068,0.318951035500693,"DC",2023-09-01,1,1,1,1,1,1,1,1,1,1,1,0,1,1,1,1,0,1
"315",NA,NA,"DC",2023-09-02,NA,NA,NA,NA,NA,NA,NA,NA,NA,NA,NA,NA,NA,NA,NA,NA,NA,NA
"316",0.677811036171574,0.49286137927431,"DC",2023-09-03,1,1,1,1,0,1,1,1,1,1,1,1,1,0,0,1,1,1
"317",NA,NA,"DC",2023-09-04,NA,NA,NA,NA,NA,NA,NA,NA,NA,NA,NA,NA,NA,NA,NA,NA,NA,NA
"318",2.09079403537673,0.322736391798664,"DC",2023-09-05,1,1,0,1,1,0,1,1,1,1,0,0,0,1,0,1,0,1
"319",1.80949474847679,0.4075045207802,"DC",2023-09-06,1,1,1,0,1,1,1,1,1,1,0,1,0,0,0,1,0,1
"320",2.70357742716269,0.45458578326283,"DC",2023-09-07,1,1,1,0,1,1,1,1,1,0,1,1,0,0,0,1,0,1
"321",0.669942592316644,0.502212379520348,"DC",2023-09-08,1,1,1,1,0,1,1,1,1,1,1,1,1,1,1,1,1,1
"322",0.402739441346194,0.253642244242535,"DC",2023-09-09,1,1,1,1,1,1,1,1,1,1,1,1,1,1,1,1,1,1
"323",0.376282560281527,0.248987257703376,"DC",2023-09-10,1,1,1,1,1,1,1,1,1,1,1,1,1,1,1,1,1,1
"324",1.60731546829667,0.503178011202717,"DC",2023-09-11,1,1,1,0,1,1,1,1,1,1,0,1,0,0,0,1,1,0
"325",0.499322322184014,0.382482948997575,"DC",2023-09-12,1,1,1,1,1,1,1,1,1,1,0,0,1,1,1,1,1,1
"326",1.48017630004277,0.370942335973556,"DC",2023-09-13,1,1,1,0,1,1,1,1,1,1,1,1,0,1,0,1,0,1
"327",0.373549069310386,0.230662081873441,"DC",2023-09-14,1,1,1,1,1,1,1,1,1,1,1,1,1,1,1,1,1,1
"328",0.739550282813022,0.513080633878615,"DC",2023-09-15,1,1,1,0,1,1,1,1,1,1,1,1,0,1,0,1,1,1
"329",NA,NA,"DC",2023-09-16,NA,NA,NA,NA,NA,NA,NA,NA,NA,NA,NA,NA,NA,NA,NA,NA,NA,NA
"330",NA,NA,"DC",2023-09-17,NA,NA,NA,NA,NA,NA,NA,NA,NA,NA,NA,NA,NA,NA,NA,NA,NA,NA
"331",0.4410050456556,0.309507121171276,"DC",2023-09-18,1,1,1,1,1,1,1,1,1,1,1,1,1,1,1,1,1,1
"332",NA,NA,"DC",2023-09-19,NA,NA,NA,NA,NA,NA,NA,NA,NA,NA,NA,NA,NA,NA,NA,NA,NA,NA
"333",0.809428629043574,0.204275683603531,"DC",2023-09-20,1,1,1,1,1,0,1,1,1,1,1,1,1,1,1,1,1,1
"334",0.718464721036707,0.36662790205243,"DC",2023-09-21,1,1,1,0,1,1,1,1,1,1,1,1,0,1,0,1,1,1
"335",0.783122514415818,0.195830521469759,"DC",2023-09-22,1,1,1,1,1,0,1,1,1,1,1,1,1,1,1,1,1,1
"336",NA,NA,"DC",2023-09-23,NA,NA,NA,NA,NA,NA,NA,NA,NA,NA,NA,NA,NA,NA,NA,NA,NA,NA
"337",0.891780614095103,0.452789390742741,"DE",2023-08-13,1,0,1,1,1,1,1,1,1,1,0,0,1,1,1,1,1,1
"338",0.688335800858833,0.385084058394903,"DE",2023-08-14,1,1,1,1,1,1,1,1,1,1,0,1,0,1,1,1,1,1
"339",1.12504834875158,0.461709328082934,"DE",2023-08-15,0,1,1,1,1,1,1,1,1,0,0,1,1,1,0,1,1,1
"340",1.73248323508732,0.389134320521684,"DE",2023-08-16,1,1,1,1,1,0,0,1,1,1,1,0,0,0,0,0,1,1
"341",1.39362213023594,0.360560245468421,"DE",2023-08-17,1,1,0,1,1,1,1,1,1,1,0,0,0,0,1,1,1,1
"342",1.04531874568639,0.505297695415153,"DE",2023-08-18,0,0,1,1,1,1,1,1,1,0,0,0,1,1,1,1,1,1
"343",0.522730970061641,0.332624628566605,"DE",2023-08-19,1,1,1,1,1,1,1,1,1,1,1,1,0,1,0,1,1,1
"344",NA,NA,"DE",2023-08-20,NA,NA,NA,NA,NA,NA,NA,NA,NA,NA,NA,NA,NA,NA,NA,NA,NA,NA
"345",1.63637217490204,0.388250766029401,"DE",2023-08-21,1,1,1,0,1,1,1,1,1,1,0,0,0,0,0,1,1,1
"346",1.88760743319171,0.42576409746986,"DE",2023-08-22,1,1,1,0,1,1,1,1,0,1,1,0,0,0,1,1,0,0
"347",1.030821362769,0.378074216763696,"DE",2023-08-23,1,1,1,1,1,1,1,1,1,1,0,0,1,0,0,1,1,1
"348",1.67489798789293,0.502784005635802,"DE",2023-08-24,1,1,1,0,1,1,1,1,0,0,0,0,0,1,1,1,1,0
"349",1.84396036119292,0.484966650774723,"DE",2023-08-25,1,0,1,1,1,0,0,1,1,0,0,0,0,1,0,0,1,1
"350",0.969419640120364,0.372560827585563,"DE",2023-08-26,1,1,1,1,1,1,1,1,1,1,1,0,1,1,0,1,1,1
"351",0.492151354334456,0.330651380074794,"DE",2023-08-27,1,1,1,1,1,1,1,1,1,1,1,0,1,1,0,1,1,1
"352",1.95538023465476,0.369795919476467,"DE",2023-08-28,1,1,1,0,1,1,1,1,1,1,0,0,0,1,0,1,1,1
"353",1.09992825192339,0.320706087911942,"DE",2023-08-29,1,1,1,1,1,0,1,1,1,1,1,0,1,1,0,1,1,1
"354",NA,NA,"DE",2023-08-30,NA,NA,NA,NA,NA,NA,NA,NA,NA,NA,NA,NA,NA,NA,NA,NA,NA,NA
"355",NA,NA,"DE",2023-08-31,NA,NA,NA,NA,NA,NA,NA,NA,NA,NA,NA,NA,NA,NA,NA,NA,NA,NA
"356",NA,NA,"DE",2023-09-01,NA,NA,NA,NA,NA,NA,NA,NA,NA,NA,NA,NA,NA,NA,NA,NA,NA,NA
"357",NA,NA,"DE",2023-09-02,NA,NA,NA,NA,NA,NA,NA,NA,NA,NA,NA,NA,NA,NA,NA,NA,NA,NA
"358",NA,NA,"DE",2023-09-03,NA,NA,NA,NA,NA,NA,NA,NA,NA,NA,NA,NA,NA,NA,NA,NA,NA,NA
"359",0.804861663937917,0.347193705657829,"DE",2023-09-04,1,1,1,1,1,1,1,1,1,1,1,0,0,0,0,1,1,1
"360",3.94153860530965,0.382327823177833,"DE",2023-09-05,1,1,0,0,1,0,1,1,1,0,0,0,0,1,0,1,1,1
"361",1.51979182551215,0.38466958868046,"DE",2023-09-06,1,1,0,0,1,1,1,1,1,1,0,1,1,1,0,1,1,1
"362",2.61521243624459,0.38930766083592,"DE",2023-09-07,1,1,1,0,1,1,1,1,1,1,0,1,0,0,0,1,0,1
"363",3.18983639443178,0.370543655346995,"DE",2023-09-08,1,0,0,1,1,0,0,1,1,0,0,0,1,0,0,0,1,1
"364",4.10398825141954,0.475124818813566,"DE",2023-09-09,0,1,1,0,1,0,1,1,1,1,1,0,0,0,0,1,1,1
"365",2.63861348382441,0.411846448585174,"DE",2023-09-10,1,1,0,0,1,1,1,0,1,0,1,0,0,0,0,1,0,1
"366",1.98162711504587,0.434699717582705,"DE",2023-09-11,1,0,1,0,1,0,1,1,1,1,1,1,0,0,0,1,1,1
"367",0.984897505061892,0.383025743439581,"DE",2023-09-12,1,1,1,1,1,1,1,0,1,1,0,1,1,0,0,1,0,1
"368",NA,NA,"DE",2023-09-13,NA,NA,NA,NA,NA,NA,NA,NA,NA,NA,NA,NA,NA,NA,NA,NA,NA,NA
"369",0.826052578599697,0.567224868800688,"DE",2023-09-14,0,1,1,1,1,1,1,1,1,0,1,1,1,0,1,1,1,1
"370",NA,NA,"DE",2023-09-15,NA,NA,NA,NA,NA,NA,NA,NA,NA,NA,NA,NA,NA,NA,NA,NA,NA,NA
"371",NA,NA,"DE",2023-09-16,NA,NA,NA,NA,NA,NA,NA,NA,NA,NA,NA,NA,NA,NA,NA,NA,NA,NA
"372",NA,NA,"DE",2023-09-17,NA,NA,NA,NA,NA,NA,NA,NA,NA,NA,NA,NA,NA,NA,NA,NA,NA,NA
"373",NA,NA,"DE",2023-09-18,NA,NA,NA,NA,NA,NA,NA,NA,NA,NA,NA,NA,NA,NA,NA,NA,NA,NA
"374",0.476014017791133,0.374183701371474,"DE",2023-09-19,1,1,1,1,1,1,1,1,1,1,1,1,1,1,1,1,1,1
"375",0.924606438464716,0.318850952170261,"DE",2023-09-20,1,1,1,1,1,1,1,1,1,1,1,0,0,1,0,1,1,1
"376",1.22158268110085,0.394356350198815,"DE",2023-09-21,1,0,1,1,1,1,1,1,0,0,0,0,0,1,0,1,1,0
"377",1.33929431420463,0.325520854178364,"DE",2023-09-22,1,1,1,1,1,1,1,1,1,0,0,0,1,1,0,1,1,1
"378",NA,NA,"DE",2023-09-23,NA,NA,NA,NA,NA,NA,NA,NA,NA,NA,NA,NA,NA,NA,NA,NA,NA,NA
"379",1.16087847872778,0.408092583047978,"FL",2023-08-13,1,0,1,1,1,1,1,1,1,1,0,0,1,1,1,1,1,1
"380",2.90324894750084,0.43939524655549,"FL",2023-08-14,0,0,0,1,1,1,1,1,1,1,0,0,0,0,0,1,0,1
"381",3.74353839783081,0.391997275029258,"FL",2023-08-15,1,1,1,1,0,1,0,1,1,0,0,0,0,0,1,1,0,1
"382",3.11902724212186,0.411427553720255,"FL",2023-08-16,1,0,1,1,1,1,1,1,1,0,0,0,1,0,0,0,0,1
"383",4.30921337416926,0.401754784372232,"FL",2023-08-17,1,0,1,1,1,1,1,1,1,0,0,0,0,0,0,0,0,1
"384",3.91347742435352,0.393717016157241,"FL",2023-08-18,1,1,1,0,1,1,1,1,1,0,0,0,0,0,0,1,0,1
"385",2.73119778888636,0.386214486131626,"FL",2023-08-19,1,0,1,1,1,1,1,1,1,0,0,0,0,0,0,1,0,1
"386",0.917731879588959,0.393655530706002,"FL",2023-08-20,1,1,1,1,1,1,1,1,1,0,0,0,0,0,0,1,1,1
"387",4.97089497253511,0.397255774344834,"FL",2023-08-21,1,0,1,1,1,1,1,1,0,0,0,0,0,1,0,1,0,0
"388",4.7048578227335,0.391244316697476,"FL",2023-08-22,1,1,0,1,1,1,1,1,1,0,0,0,1,0,0,0,0,0
"389",4.38457307730176,0.394128098723997,"FL",2023-08-23,1,1,1,0,1,1,0,1,1,0,0,0,0,0,0,0,0,1
"390",8.62486757344217,0.370899735637486,"FL",2023-08-24,1,1,0,1,0,1,1,1,1,0,0,0,0,0,0,0,0,1
"391",4.49919898516182,0.394048952290401,"FL",2023-08-25,1,1,1,1,1,1,1,1,1,0,0,1,0,0,0,1,1,1
"392",2.35365228672409,0.375834834828217,"FL",2023-08-26,1,1,1,1,1,0,1,1,1,1,0,0,1,1,1,1,1,0
"393",3.47821216561652,0.394546873097476,"FL",2023-08-27,1,1,1,0,0,1,1,1,1,0,0,0,0,0,0,0,0,1
"394",6.71826651821793,0.40876668834301,"FL",2023-08-28,1,0,1,0,1,1,1,1,0,0,0,0,0,0,0,0,1,0
"395",3.87830238376867,0.393594629079202,"FL",2023-08-29,1,1,1,1,1,1,1,1,0,0,0,0,0,0,0,1,0,0
"396",3.87949813936179,0.371406907919154,"FL",2023-08-30,1,1,1,1,1,0,1,0,1,0,0,0,0,0,0,0,0,0
"397",2.36293644772906,0.396323866938193,"FL",2023-08-31,1,1,1,0,1,1,1,1,1,0,1,0,0,0,0,1,0,1
"398",2.12566519256236,0.39916395003422,"FL",2023-09-01,1,1,1,1,1,1,1,1,1,0,0,0,0,1,0,1,0,1
"399",1.8384230106305,0.385155405059332,"FL",2023-09-02,1,1,1,0,1,1,1,1,1,1,0,0,0,1,0,1,0,0
"400",2.53404642988872,0.366139646654413,"FL",2023-09-03,1,0,0,0,1,1,1,1,1,0,0,0,1,1,0,1,1,1
"401",2.98382064462998,0.400791015538573,"FL",2023-09-04,0,1,1,1,1,1,1,1,1,0,0,0,1,0,0,1,0,1
"402",10.6303054304841,0.415791111676683,"FL",2023-09-05,0,0,0,1,0,1,0,0,0,0,0,0,0,0,0,0,0,0
"403",4.25065804317892,0.386542150655079,"FL",2023-09-06,1,1,1,1,1,1,1,1,1,0,0,0,0,0,0,0,0,1
"404",5.81041535608509,0.382840839943829,"FL",2023-09-07,1,1,0,0,1,0,1,0,0,0,0,0,0,0,0,1,0,0
"405",4.40353902146299,0.404293045874829,"FL",2023-09-08,0,1,1,0,1,1,1,1,1,0,0,0,0,0,0,1,1,1
"406",5.50450102027459,0.39571287429275,"FL",2023-09-09,1,0,0,1,1,0,1,1,0,0,0,0,0,1,0,1,0,0
"407",1.601675948541,0.365612576588093,"FL",2023-09-10,1,1,1,1,1,0,1,1,1,1,0,0,0,0,0,1,0,1
"408",3.98627674276658,0.384019532285806,"FL",2023-09-11,1,1,1,0,1,1,1,1,1,0,1,0,0,0,0,1,0,1
"409",3.71423041690275,0.379102238138784,"FL",2023-09-12,1,1,1,1,1,1,1,1,0,0,0,0,0,0,0,0,0,0
"410",3.31346352951343,0.394822769864724,"FL",2023-09-13,1,0,1,0,1,1,1,1,1,0,0,0,0,0,0,1,0,1
"411",4.3828415156112,0.375842131793655,"FL",2023-09-14,1,1,0,1,1,0,0,1,1,0,1,0,0,0,0,0,0,1
"412",1.81438697856193,0.407771980461491,"FL",2023-09-15,1,0,1,1,1,1,1,1,1,0,0,0,0,1,0,1,0,1
"413",1.38812151985835,0.385713551079535,"FL",2023-09-16,1,0,1,1,1,1,1,1,1,1,0,0,1,0,0,1,0,1
"414",3.32563582478643,0.411380009616714,"FL",2023-09-17,1,1,1,0,1,1,0,1,1,0,0,0,0,0,0,0,1,1
"415",5.03031551276486,0.40006470435475,"FL",2023-09-18,1,1,0,0,0,0,1,1,0,0,1,0,0,0,0,1,0,0
"416",5.83591694936173,0.411822635012204,"FL",2023-09-19,1,1,1,0,1,1,1,1,0,0,1,0,0,0,0,1,0,0
"417",5.98025695637565,0.447186275457116,"FL",2023-09-20,1,1,0,0,1,1,0,1,0,0,0,0,0,0,0,0,0,0
"418",3.3735344453543,0.373806534526282,"FL",2023-09-21,1,0,1,1,0,1,1,1,0,0,1,0,0,0,0,0,1,0
"419",1.65017060841681,0.402307076032495,"FL",2023-09-22,1,0,1,1,1,1,1,1,1,0,0,0,0,1,0,1,0,1
"420",1.49752096061187,0.255076711845588,"FL",2023-09-23,1,1,1,1,1,0,1,1,1,1,1,1,0,1,0,1,1,1
"421",0.747053529210339,0.344344153393263,"GA",2023-08-13,1,1,1,1,1,1,1,1,1,1,0,0,1,0,0,1,1,1
"422",1.59757868016122,0.362022942465075,"GA",2023-08-14,1,1,1,1,1,1,0,1,1,1,0,0,0,1,0,0,0,0
"423",1.65618931561001,0.358291576571023,"GA",2023-08-15,1,0,1,1,1,1,1,1,1,0,0,1,1,0,0,1,1,1
"424",2.7620919411657,0.397953728960817,"GA",2023-08-16,1,1,1,1,1,0,1,1,1,0,0,0,0,1,0,0,1,1
"425",2.8725840284905,0.392061963627609,"GA",2023-08-17,1,0,1,1,1,0,0,1,1,0,0,1,0,0,0,1,1,1
"426",2.09818790384207,0.410651993674013,"GA",2023-08-18,1,1,1,1,1,0,0,1,1,0,1,0,0,1,0,0,1,1
"427",1.0149004614343,0.265972037296366,"GA",2023-08-19,1,1,0,1,1,1,1,1,1,1,1,1,1,1,1,1,1,1
"428",1.90198169633027,0.330786615186538,"GA",2023-08-20,1,1,1,0,1,1,1,1,1,1,1,0,0,0,0,1,1,1
"429",5.01059819885642,0.432992543403767,"GA",2023-08-21,1,1,0,1,0,0,1,1,1,0,0,1,0,0,1,1,0,1
"430",2.38189204059661,0.410604405403308,"GA",2023-08-22,1,0,1,1,1,1,1,1,1,0,0,0,0,0,1,1,1,1
"431",2.33818425455226,0.359753925498722,"GA",2023-08-23,1,1,1,1,1,1,1,1,1,0,0,0,0,0,0,0,1,0
"432",3.10079065249829,0.414673872575629,"GA",2023-08-24,0,0,0,1,1,1,1,1,0,0,0,1,0,0,0,1,0,0
"433",1.55253854650876,0.43881275939467,"GA",2023-08-25,1,1,1,1,1,1,1,0,1,0,0,0,1,0,0,1,0,1
"434",1.57391213206802,0.466898401238039,"GA",2023-08-26,1,0,0,1,1,0,1,1,1,1,0,0,1,0,1,1,1,1
"435",1.28604477682956,0.419353069468105,"GA",2023-08-27,1,1,1,0,1,1,1,1,1,1,1,0,0,0,0,1,1,1
"436",1.47687733438751,0.360305709717667,"GA",2023-08-28,1,0,1,1,1,1,1,1,1,0,1,0,1,0,1,1,1,0
"437",2.12461193606234,0.384342723563528,"GA",2023-08-29,1,1,1,1,1,1,1,0,1,0,0,0,0,0,0,1,0,1
"438",2.47953858877272,0.438445643947266,"GA",2023-08-30,1,0,0,1,1,1,1,1,0,1,0,0,1,1,0,1,1,0
"439",1.24236104439737,0.373161087977646,"GA",2023-08-31,1,1,1,1,1,1,1,0,1,1,0,0,0,1,0,1,0,1
"440",0.953770720942335,0.407882792874064,"GA",2023-09-01,1,0,1,1,1,1,1,1,1,1,1,1,0,1,0,1,1,1
"441",1.2465126539515,0.305380430725169,"GA",2023-09-02,1,1,0,1,1,1,1,1,1,1,0,0,1,0,0,1,1,1
"442",3.07382194255013,0.469973591879573,"GA",2023-09-03,1,1,0,0,0,1,1,0,1,1,1,0,0,0,0,1,0,1
"443",0.804075580954668,0.409360429486037,"GA",2023-09-04,1,1,1,1,1,1,1,1,1,1,1,0,0,0,0,1,1,1
"444",2.93064440253483,0.427985615977944,"GA",2023-09-05,0,1,1,1,0,0,1,1,1,0,1,0,0,0,0,1,0,1
"445",2.39239144948646,0.352315741128984,"GA",2023-09-06,1,1,0,1,1,1,0,1,1,1,0,0,0,0,0,1,0,1
"446",1.7635287368532,0.413838640809046,"GA",2023-09-07,1,1,1,1,1,0,1,0,0,0,1,0,0,0,0,1,0,0
"447",2.67579657498394,0.464757725173286,"GA",2023-09-08,0,1,0,1,1,1,1,1,1,0,0,0,0,0,0,1,1,1
"448",2.27582238579998,0.483610130815628,"GA",2023-09-09,1,1,0,1,0,1,1,1,1,0,1,0,1,0,1,1,1,1
"449",1.26453978282659,0.399008084212853,"GA",2023-09-10,1,0,1,1,1,1,1,1,1,1,0,0,1,0,0,1,1,1
"450",1.48665338356713,0.370264804318204,"GA",2023-09-11,1,0,1,0,1,1,1,1,1,1,1,0,0,1,0,1,0,1
"451",2.2145256699082,0.390626243070203,"GA",2023-09-12,1,0,1,1,1,1,1,1,1,0,0,0,0,1,0,1,0,1
"452",1.78265066425291,0.289254549701819,"GA",2023-09-13,1,1,1,1,1,0,1,1,1,1,1,1,1,0,0,1,0,1
"453",1.32098275739573,0.36386638476735,"GA",2023-09-14,1,1,1,0,1,1,1,1,1,1,1,0,0,0,0,1,0,1
"454",1.05390119839561,0.343203490529644,"GA",2023-09-15,1,1,1,1,1,1,1,1,1,0,0,0,0,1,1,1,1,1
"455",0.951390643665724,0.366700484114646,"GA",2023-09-16,1,0,1,1,1,1,1,1,1,1,0,0,0,1,0,1,1,1
"456",0.378758650098545,0.267740658930916,"GA",2023-09-17,1,1,1,1,1,1,1,1,1,1,1,1,1,1,1,1,1,1
"457",1.48141309831124,0.363633056625181,"GA",2023-09-18,1,1,1,1,1,1,1,1,0,0,1,0,0,0,0,1,1,0
"458",1.61618356846,0.397725664645813,"GA",2023-09-19,1,0,1,1,1,1,1,1,1,0,0,1,1,1,0,1,1,1
"459",0.853767671448467,0.356281518612224,"GA",2023-09-20,1,1,1,1,1,1,1,1,1,1,1,0,0,1,1,1,1,1
"460",1.15901349447277,0.45489571866679,"GA",2023-09-21,1,1,1,1,1,1,1,0,0,1,1,1,1,0,1,1,0,0
"461",1.23303301980307,0.591846104802175,"GA",2023-09-22,1,1,1,1,0,1,1,0,1,0,1,1,1,0,1,1,0,1
"462",1.47649783057108,0.449180456048509,"GA",2023-09-23,1,1,0,1,1,1,1,0,0,1,1,0,0,0,0,1,0,0
"463",NA,NA,"HI",2023-08-13,NA,NA,NA,NA,NA,NA,NA,NA,NA,NA,NA,NA,NA,NA,NA,NA,NA,NA
"464",0.512073550596365,0.327960875238546,"HI",2023-08-14,1,1,1,1,1,0,1,1,1,1,1,0,1,1,0,1,1,1
"465",0.657127512346275,0.461542579031413,"HI",2023-08-15,1,1,1,1,0,1,1,1,1,1,1,1,1,0,0,1,1,1
"466",NA,NA,"HI",2023-08-16,NA,NA,NA,NA,NA,NA,NA,NA,NA,NA,NA,NA,NA,NA,NA,NA,NA,NA
"467",NA,NA,"HI",2023-08-17,NA,NA,NA,NA,NA,NA,NA,NA,NA,NA,NA,NA,NA,NA,NA,NA,NA,NA
"468",NA,NA,"HI",2023-08-18,NA,NA,NA,NA,NA,NA,NA,NA,NA,NA,NA,NA,NA,NA,NA,NA,NA,NA
"469",NA,NA,"HI",2023-08-19,NA,NA,NA,NA,NA,NA,NA,NA,NA,NA,NA,NA,NA,NA,NA,NA,NA,NA
"470",NA,NA,"HI",2023-08-20,NA,NA,NA,NA,NA,NA,NA,NA,NA,NA,NA,NA,NA,NA,NA,NA,NA,NA
"471",NA,NA,"HI",2023-08-21,NA,NA,NA,NA,NA,NA,NA,NA,NA,NA,NA,NA,NA,NA,NA,NA,NA,NA
"472",NA,NA,"HI",2023-08-22,NA,NA,NA,NA,NA,NA,NA,NA,NA,NA,NA,NA,NA,NA,NA,NA,NA,NA
"473",NA,NA,"HI",2023-08-23,NA,NA,NA,NA,NA,NA,NA,NA,NA,NA,NA,NA,NA,NA,NA,NA,NA,NA
"474",0.646878635913289,0.420170729780288,"HI",2023-08-24,1,1,1,0,1,1,1,1,1,0,1,1,0,1,1,1,1,1
"475",NA,NA,"HI",2023-08-25,NA,NA,NA,NA,NA,NA,NA,NA,NA,NA,NA,NA,NA,NA,NA,NA,NA,NA
"476",NA,NA,"HI",2023-08-26,NA,NA,NA,NA,NA,NA,NA,NA,NA,NA,NA,NA,NA,NA,NA,NA,NA,NA
"477",NA,NA,"HI",2023-08-27,NA,NA,NA,NA,NA,NA,NA,NA,NA,NA,NA,NA,NA,NA,NA,NA,NA,NA
"478",NA,NA,"HI",2023-08-28,NA,NA,NA,NA,NA,NA,NA,NA,NA,NA,NA,NA,NA,NA,NA,NA,NA,NA
"479",NA,NA,"HI",2023-08-29,NA,NA,NA,NA,NA,NA,NA,NA,NA,NA,NA,NA,NA,NA,NA,NA,NA,NA
"480",NA,NA,"HI",2023-08-30,NA,NA,NA,NA,NA,NA,NA,NA,NA,NA,NA,NA,NA,NA,NA,NA,NA,NA
"481",NA,NA,"HI",2023-08-31,NA,NA,NA,NA,NA,NA,NA,NA,NA,NA,NA,NA,NA,NA,NA,NA,NA,NA
"482",NA,NA,"HI",2023-09-01,NA,NA,NA,NA,NA,NA,NA,NA,NA,NA,NA,NA,NA,NA,NA,NA,NA,NA
"483",NA,NA,"HI",2023-09-02,NA,NA,NA,NA,NA,NA,NA,NA,NA,NA,NA,NA,NA,NA,NA,NA,NA,NA
"484",NA,NA,"HI",2023-09-03,NA,NA,NA,NA,NA,NA,NA,NA,NA,NA,NA,NA,NA,NA,NA,NA,NA,NA
"485",NA,NA,"HI",2023-09-04,NA,NA,NA,NA,NA,NA,NA,NA,NA,NA,NA,NA,NA,NA,NA,NA,NA,NA
"486",NA,NA,"HI",2023-09-05,NA,NA,NA,NA,NA,NA,NA,NA,NA,NA,NA,NA,NA,NA,NA,NA,NA,NA
"487",NA,NA,"HI",2023-09-06,NA,NA,NA,NA,NA,NA,NA,NA,NA,NA,NA,NA,NA,NA,NA,NA,NA,NA
"488",NA,NA,"HI",2023-09-07,NA,NA,NA,NA,NA,NA,NA,NA,NA,NA,NA,NA,NA,NA,NA,NA,NA,NA
"489",NA,NA,"HI",2023-09-08,NA,NA,NA,NA,NA,NA,NA,NA,NA,NA,NA,NA,NA,NA,NA,NA,NA,NA
"490",NA,NA,"HI",2023-09-09,NA,NA,NA,NA,NA,NA,NA,NA,NA,NA,NA,NA,NA,NA,NA,NA,NA,NA
"491",NA,NA,"HI",2023-09-10,NA,NA,NA,NA,NA,NA,NA,NA,NA,NA,NA,NA,NA,NA,NA,NA,NA,NA
"492",NA,NA,"HI",2023-09-11,NA,NA,NA,NA,NA,NA,NA,NA,NA,NA,NA,NA,NA,NA,NA,NA,NA,NA
"493",NA,NA,"HI",2023-09-12,NA,NA,NA,NA,NA,NA,NA,NA,NA,NA,NA,NA,NA,NA,NA,NA,NA,NA
"494",0.296323335502067,0.18178515384633,"HI",2023-09-13,1,1,1,1,1,1,1,1,1,1,0,1,1,1,0,1,1,1
"495",NA,NA,"HI",2023-09-14,NA,NA,NA,NA,NA,NA,NA,NA,NA,NA,NA,NA,NA,NA,NA,NA,NA,NA
"496",NA,NA,"HI",2023-09-15,NA,NA,NA,NA,NA,NA,NA,NA,NA,NA,NA,NA,NA,NA,NA,NA,NA,NA
"497",NA,NA,"HI",2023-09-16,NA,NA,NA,NA,NA,NA,NA,NA,NA,NA,NA,NA,NA,NA,NA,NA,NA,NA
"498",NA,NA,"HI",2023-09-17,NA,NA,NA,NA,NA,NA,NA,NA,NA,NA,NA,NA,NA,NA,NA,NA,NA,NA
"499",NA,NA,"HI",2023-09-18,NA,NA,NA,NA,NA,NA,NA,NA,NA,NA,NA,NA,NA,NA,NA,NA,NA,NA
"500",NA,NA,"HI",2023-09-19,NA,NA,NA,NA,NA,NA,NA,NA,NA,NA,NA,NA,NA,NA,NA,NA,NA,NA
"501",NA,NA,"HI",2023-09-20,NA,NA,NA,NA,NA,NA,NA,NA,NA,NA,NA,NA,NA,NA,NA,NA,NA,NA
"502",NA,NA,"HI",2023-09-21,NA,NA,NA,NA,NA,NA,NA,NA,NA,NA,NA,NA,NA,NA,NA,NA,NA,NA
"503",NA,NA,"HI",2023-09-22,NA,NA,NA,NA,NA,NA,NA,NA,NA,NA,NA,NA,NA,NA,NA,NA,NA,NA
"504",NA,NA,"HI",2023-09-23,NA,NA,NA,NA,NA,NA,NA,NA,NA,NA,NA,NA,NA,NA,NA,NA,NA,NA
"505",1.27263017690802,0.376832998848559,"IA",2023-08-13,1,1,1,1,1,1,1,1,1,1,0,0,1,1,0,1,1,1
"506",2.39716730419026,0.368170958925626,"IA",2023-08-14,1,0,0,0,1,1,0,1,1,0,0,0,0,1,0,0,0,1
"507",1.68663193411519,0.386264857311495,"IA",2023-08-15,0,1,1,1,1,1,1,1,1,0,0,0,0,0,0,1,1,0
"508",1.41409513776807,0.383381180596337,"IA",2023-08-16,1,1,1,1,1,1,1,1,1,0,0,0,0,0,0,1,1,1
"509",1.10095409461257,0.409730532707517,"IA",2023-08-17,1,1,1,0,1,1,1,1,1,0,0,0,1,0,0,1,1,1
"510",0.508134583928887,0.368385654345088,"IA",2023-08-18,1,1,1,1,1,0,1,1,1,1,1,0,1,1,0,1,1,1
"511",1.5737857014107,0.40451377499718,"IA",2023-08-19,1,1,1,1,1,0,1,1,1,1,0,0,0,0,0,1,0,1
"512",1.77364233245633,0.416070946095518,"IA",2023-08-20,1,1,0,1,1,0,1,1,1,0,0,0,0,1,0,1,0,1
"513",2.62410111243667,0.423565757426524,"IA",2023-08-21,1,1,0,0,1,0,0,1,1,0,0,1,1,1,0,0,0,0
"514",1.9005271293986,0.383821472711165,"IA",2023-08-22,1,1,1,0,1,1,1,1,0,0,0,0,0,1,0,1,1,0
"515",1.41859169245692,0.402743377680648,"IA",2023-08-23,1,1,1,1,1,1,1,0,1,0,1,0,0,0,1,1,0,1
"516",1.15275524071008,0.367688892897896,"IA",2023-08-24,1,1,1,0,1,1,1,1,1,1,1,0,0,1,0,1,1,1
"517",0.879026696427553,0.386280817317388,"IA",2023-08-25,1,1,1,1,1,1,1,1,1,0,0,0,0,0,0,1,1,1
"518",1.26763248537117,0.411758826694136,"IA",2023-08-26,1,1,1,1,0,1,1,1,1,0,1,0,0,0,0,1,1,1
"519",2.42421263139305,0.384032595114427,"IA",2023-08-27,1,1,1,0,1,0,1,1,1,0,0,0,0,0,0,1,1,1
"520",5.05527028348551,0.402839716774402,"IA",2023-08-28,0,1,0,1,1,0,1,0,0,0,0,0,0,1,0,1,0,0
"521",3.09917050383499,0.40426199992279,"IA",2023-08-29,1,1,1,1,0,1,1,1,1,0,0,1,0,0,0,1,1,1
"522",1.32167515093143,0.402340806987975,"IA",2023-08-30,1,1,1,1,1,1,1,0,1,0,0,1,1,0,0,1,0,1
"523",1.69134485063544,0.377693609118573,"IA",2023-08-31,1,1,1,1,1,1,1,1,0,0,1,0,0,0,1,1,0,0
"524",1.57668867004513,0.382580462306284,"IA",2023-09-01,1,1,0,1,1,0,1,1,1,1,0,0,0,0,1,1,1,1
"525",1.7253526424846,0.297788384874652,"IA",2023-09-02,1,1,1,1,1,0,1,1,1,1,1,0,1,1,0,1,1,1
"526",1.19055636088202,0.371848190540177,"IA",2023-09-03,1,1,1,1,0,1,1,1,1,0,1,1,1,0,0,1,0,1
"527",2.28186992127241,0.337792657477167,"IA",2023-09-04,1,1,0,1,1,1,1,1,1,1,1,0,1,0,1,1,0,1
"528",4.85325938390595,0.444575960097699,"IA",2023-09-05,0,0,1,1,1,0,1,1,0,0,0,0,0,0,0,1,0,0
"529",2.22506163059298,0.347191812930441,"IA",2023-09-06,1,1,1,1,1,0,1,1,1,1,0,0,0,0,1,1,1,0
"530",3.19102065929755,0.471072288462888,"IA",2023-09-07,1,0,1,1,0,0,1,0,1,0,0,1,0,0,0,1,0,1
"531",2.29623200886841,0.326629299160215,"IA",2023-09-08,1,1,0,1,1,0,1,1,1,0,1,0,0,1,0,1,1,1
"532",2.26285754738538,0.29821610193414,"IA",2023-09-09,1,1,0,1,1,0,1,1,1,1,0,0,1,1,0,1,0,1
"533",1.65880280219907,0.311092082551294,"IA",2023-09-10,1,1,1,1,1,1,1,1,1,0,0,0,0,1,1,1,0,1
"534",1.88239919447549,0.334326044331242,"IA",2023-09-11,1,1,1,1,1,1,1,1,1,1,0,0,0,0,0,1,0,1
"535",4.39377922635534,0.342955181756389,"IA",2023-09-12,1,1,0,1,1,0,1,1,1,0,0,0,1,0,0,1,0,1
"536",1.64875050309346,0.345142502132135,"IA",2023-09-13,1,1,0,1,1,1,1,1,1,1,0,0,1,1,0,1,1,0
"537",1.08902271422611,0.333259843936846,"IA",2023-09-14,1,1,1,1,1,1,1,0,1,1,1,1,0,1,0,1,0,1
"538",1.15166019709681,0.425454751433838,"IA",2023-09-15,1,1,1,1,1,1,1,1,0,0,0,0,0,1,0,1,1,0
"539",0.468365781127729,0.319291621837818,"IA",2023-09-16,1,1,1,1,1,1,1,1,1,1,1,1,1,1,1,1,1,1
"540",1.3504952307196,0.322443409488328,"IA",2023-09-17,1,1,1,1,1,1,1,1,1,1,0,0,0,0,0,1,1,0
"541",3.63084038833326,0.458398631189447,"IA",2023-09-18,1,0,1,1,1,0,1,1,1,1,0,0,0,1,0,1,0,1
"542",2.36431512990114,0.416613828552345,"IA",2023-09-19,1,1,1,0,1,0,1,1,1,0,1,1,0,1,0,1,1,1
"543",1.14357489268836,0.361001274753167,"IA",2023-09-20,1,1,1,1,1,1,1,1,1,1,1,0,0,0,1,1,1,1
"544",1.47401903721022,0.345053282057715,"IA",2023-09-21,0,1,1,1,1,1,1,1,1,0,0,0,0,0,0,1,0,1
"545",1.78687207359039,0.312356027664733,"IA",2023-09-22,1,1,0,1,1,0,1,1,1,0,1,0,0,1,0,1,1,1
"546",0.730124287203128,0.39452649963106,"IA",2023-09-23,1,1,1,0,1,1,1,1,1,1,1,0,1,1,0,1,1,1
"547",NA,NA,"ID",2023-08-13,NA,NA,NA,NA,NA,NA,NA,NA,NA,NA,NA,NA,NA,NA,NA,NA,NA,NA
"548",NA,NA,"ID",2023-08-14,NA,NA,NA,NA,NA,NA,NA,NA,NA,NA,NA,NA,NA,NA,NA,NA,NA,NA
"549",NA,NA,"ID",2023-08-15,NA,NA,NA,NA,NA,NA,NA,NA,NA,NA,NA,NA,NA,NA,NA,NA,NA,NA
"550",NA,NA,"ID",2023-08-16,NA,NA,NA,NA,NA,NA,NA,NA,NA,NA,NA,NA,NA,NA,NA,NA,NA,NA
"551",NA,NA,"ID",2023-08-17,NA,NA,NA,NA,NA,NA,NA,NA,NA,NA,NA,NA,NA,NA,NA,NA,NA,NA
"552",NA,NA,"ID",2023-08-18,NA,NA,NA,NA,NA,NA,NA,NA,NA,NA,NA,NA,NA,NA,NA,NA,NA,NA
"553",NA,NA,"ID",2023-08-19,NA,NA,NA,NA,NA,NA,NA,NA,NA,NA,NA,NA,NA,NA,NA,NA,NA,NA
"554",NA,NA,"ID",2023-08-20,NA,NA,NA,NA,NA,NA,NA,NA,NA,NA,NA,NA,NA,NA,NA,NA,NA,NA
"555",NA,NA,"ID",2023-08-21,NA,NA,NA,NA,NA,NA,NA,NA,NA,NA,NA,NA,NA,NA,NA,NA,NA,NA
"556",NA,NA,"ID",2023-08-22,NA,NA,NA,NA,NA,NA,NA,NA,NA,NA,NA,NA,NA,NA,NA,NA,NA,NA
"557",NA,NA,"ID",2023-08-23,NA,NA,NA,NA,NA,NA,NA,NA,NA,NA,NA,NA,NA,NA,NA,NA,NA,NA
"558",NA,NA,"ID",2023-08-24,NA,NA,NA,NA,NA,NA,NA,NA,NA,NA,NA,NA,NA,NA,NA,NA,NA,NA
"559",NA,NA,"ID",2023-08-25,NA,NA,NA,NA,NA,NA,NA,NA,NA,NA,NA,NA,NA,NA,NA,NA,NA,NA
"560",NA,NA,"ID",2023-08-26,NA,NA,NA,NA,NA,NA,NA,NA,NA,NA,NA,NA,NA,NA,NA,NA,NA,NA
"561",NA,NA,"ID",2023-08-27,NA,NA,NA,NA,NA,NA,NA,NA,NA,NA,NA,NA,NA,NA,NA,NA,NA,NA
"562",NA,NA,"ID",2023-08-28,NA,NA,NA,NA,NA,NA,NA,NA,NA,NA,NA,NA,NA,NA,NA,NA,NA,NA
"563",NA,NA,"ID",2023-08-29,NA,NA,NA,NA,NA,NA,NA,NA,NA,NA,NA,NA,NA,NA,NA,NA,NA,NA
"564",NA,NA,"ID",2023-08-30,NA,NA,NA,NA,NA,NA,NA,NA,NA,NA,NA,NA,NA,NA,NA,NA,NA,NA
"565",NA,NA,"ID",2023-08-31,NA,NA,NA,NA,NA,NA,NA,NA,NA,NA,NA,NA,NA,NA,NA,NA,NA,NA
"566",NA,NA,"ID",2023-09-01,NA,NA,NA,NA,NA,NA,NA,NA,NA,NA,NA,NA,NA,NA,NA,NA,NA,NA
"567",NA,NA,"ID",2023-09-02,NA,NA,NA,NA,NA,NA,NA,NA,NA,NA,NA,NA,NA,NA,NA,NA,NA,NA
"568",NA,NA,"ID",2023-09-03,NA,NA,NA,NA,NA,NA,NA,NA,NA,NA,NA,NA,NA,NA,NA,NA,NA,NA
"569",NA,NA,"ID",2023-09-04,NA,NA,NA,NA,NA,NA,NA,NA,NA,NA,NA,NA,NA,NA,NA,NA,NA,NA
"570",NA,NA,"ID",2023-09-05,NA,NA,NA,NA,NA,NA,NA,NA,NA,NA,NA,NA,NA,NA,NA,NA,NA,NA
"571",NA,NA,"ID",2023-09-06,NA,NA,NA,NA,NA,NA,NA,NA,NA,NA,NA,NA,NA,NA,NA,NA,NA,NA
"572",NA,NA,"ID",2023-09-07,NA,NA,NA,NA,NA,NA,NA,NA,NA,NA,NA,NA,NA,NA,NA,NA,NA,NA
"573",NA,NA,"ID",2023-09-08,NA,NA,NA,NA,NA,NA,NA,NA,NA,NA,NA,NA,NA,NA,NA,NA,NA,NA
"574",NA,NA,"ID",2023-09-09,NA,NA,NA,NA,NA,NA,NA,NA,NA,NA,NA,NA,NA,NA,NA,NA,NA,NA
"575",NA,NA,"ID",2023-09-10,NA,NA,NA,NA,NA,NA,NA,NA,NA,NA,NA,NA,NA,NA,NA,NA,NA,NA
"576",NA,NA,"ID",2023-09-11,NA,NA,NA,NA,NA,NA,NA,NA,NA,NA,NA,NA,NA,NA,NA,NA,NA,NA
"577",NA,NA,"ID",2023-09-12,NA,NA,NA,NA,NA,NA,NA,NA,NA,NA,NA,NA,NA,NA,NA,NA,NA,NA
"578",0.54426115008755,0.410326218058306,"ID",2023-09-13,1,1,0,1,1,1,1,1,1,1,1,1,1,1,1,1,1,1
"579",NA,NA,"ID",2023-09-14,NA,NA,NA,NA,NA,NA,NA,NA,NA,NA,NA,NA,NA,NA,NA,NA,NA,NA
"580",NA,NA,"ID",2023-09-15,NA,NA,NA,NA,NA,NA,NA,NA,NA,NA,NA,NA,NA,NA,NA,NA,NA,NA
"581",NA,NA,"ID",2023-09-16,NA,NA,NA,NA,NA,NA,NA,NA,NA,NA,NA,NA,NA,NA,NA,NA,NA,NA
"582",NA,NA,"ID",2023-09-17,NA,NA,NA,NA,NA,NA,NA,NA,NA,NA,NA,NA,NA,NA,NA,NA,NA,NA
"583",NA,NA,"ID",2023-09-18,NA,NA,NA,NA,NA,NA,NA,NA,NA,NA,NA,NA,NA,NA,NA,NA,NA,NA
"584",NA,NA,"ID",2023-09-19,NA,NA,NA,NA,NA,NA,NA,NA,NA,NA,NA,NA,NA,NA,NA,NA,NA,NA
"585",0.295458826732939,0.175976064317612,"ID",2023-09-20,1,1,1,1,1,1,1,1,1,1,1,1,1,1,0,1,0,1
"586",NA,NA,"ID",2023-09-21,NA,NA,NA,NA,NA,NA,NA,NA,NA,NA,NA,NA,NA,NA,NA,NA,NA,NA
"587",NA,NA,"ID",2023-09-22,NA,NA,NA,NA,NA,NA,NA,NA,NA,NA,NA,NA,NA,NA,NA,NA,NA,NA
"588",NA,NA,"ID",2023-09-23,NA,NA,NA,NA,NA,NA,NA,NA,NA,NA,NA,NA,NA,NA,NA,NA,NA,NA
"589",1.44522953412582,0.390746254763193,"IL",2023-08-13,1,1,1,1,1,1,1,1,1,0,1,0,0,1,0,1,1,1
"590",1.84629266051446,0.443476162954927,"IL",2023-08-14,1,1,1,1,1,1,0,1,1,0,1,0,0,1,0,0,0,1
"591",2.10588640745302,0.451480140040239,"IL",2023-08-15,1,0,0,1,1,1,1,0,1,0,0,1,1,0,0,1,0,1
"592",2.28711264379137,0.4341390467674,"IL",2023-08-16,1,0,1,1,0,1,0,1,0,0,0,0,0,0,0,0,0,0
"593",4.90891186211376,0.450517058909498,"IL",2023-08-17,1,1,0,0,0,0,1,1,1,1,1,0,0,1,0,0,0,1
"594",1.87394098605932,0.419666206805185,"IL",2023-08-18,1,1,1,1,0,1,1,1,1,1,0,1,1,0,0,1,1,1
"595",1.51231351458128,0.414234756467051,"IL",2023-08-19,1,1,1,0,1,1,1,1,1,1,1,0,0,0,1,1,0,1
"596",1.80770603132941,0.441345048531138,"IL",2023-08-20,1,0,0,1,1,1,1,1,1,1,0,0,0,1,1,1,0,1
"597",1.99617896686503,0.425003071926573,"IL",2023-08-21,0,1,1,0,1,1,1,1,1,0,0,0,1,1,0,1,0,1
"598",2.73029933042148,0.441378960046511,"IL",2023-08-22,1,0,0,1,1,1,1,1,0,0,0,0,0,1,0,1,0,0
"599",1.85205817400196,0.396924619739258,"IL",2023-08-23,1,1,1,1,1,0,1,1,1,0,1,0,0,1,0,0,1,1
"600",3.93835240504945,0.433821581520186,"IL",2023-08-24,1,0,1,0,0,0,1,1,1,0,0,0,0,0,0,1,0,1
"601",3.56102127224985,0.371841714020042,"IL",2023-08-25,1,1,1,1,0,0,1,1,0,0,1,1,0,0,0,1,0,0
"602",2.17708861225012,0.421221437429948,"IL",2023-08-26,1,1,1,1,0,0,1,1,1,1,0,1,0,0,0,1,1,1
"603",1.99210793180107,0.399840317345257,"IL",2023-08-27,1,1,0,1,1,1,1,1,1,1,1,0,1,0,0,1,1,1
"604",2.74025378599594,0.388300644208088,"IL",2023-08-28,1,1,1,1,1,0,1,1,0,1,1,0,0,0,0,1,1,0
"605",1.39997116751851,0.407330268482501,"IL",2023-08-29,1,0,1,1,1,1,1,1,1,1,0,0,1,0,0,1,0,1
"606",4.19423783243488,0.435035926469212,"IL",2023-08-30,1,0,0,0,1,1,1,1,1,0,0,0,0,0,1,1,1,1
"607",1.54943857824358,0.393763055684405,"IL",2023-08-31,1,1,1,1,1,1,1,1,0,0,0,0,1,0,1,1,1,0
"608",1.42998185801582,0.448308452130055,"IL",2023-09-01,1,1,1,0,1,1,1,1,1,1,1,1,0,0,0,1,1,1
"609",1.75490524375292,0.351386124411539,"IL",2023-09-02,1,1,1,0,1,0,1,1,1,1,1,0,0,0,0,1,1,1
"610",2.1751070600151,0.453071291679455,"IL",2023-09-03,1,0,1,1,1,0,1,1,1,0,0,1,0,0,0,0,0,1
"611",1.72392075331504,0.381328061273339,"IL",2023-09-04,1,1,0,1,1,1,1,1,1,0,1,0,0,0,0,1,0,1
"612",5.62563671339043,0.410579568833971,"IL",2023-09-05,1,1,1,0,1,0,1,1,1,1,0,0,0,1,0,1,0,1
"613",2.87483475117075,0.400403737404668,"IL",2023-09-06,0,1,1,1,1,1,1,0,1,0,0,0,0,0,0,1,0,1
"614",3.35059759625594,0.416398815114194,"IL",2023-09-07,1,0,1,0,1,1,1,0,0,1,0,0,0,0,0,1,0,1
"615",3.1114870466657,0.379219733141276,"IL",2023-09-08,1,1,0,0,0,1,1,1,1,1,0,1,0,0,0,1,1,1
"616",2.49804119987461,0.38134348889826,"IL",2023-09-09,1,1,1,0,1,1,0,1,1,1,0,0,0,0,0,0,1,1
"617",2.98593597061775,0.435416178593795,"IL",2023-09-10,1,0,1,1,1,1,1,1,1,1,0,0,1,1,0,1,0,1
"618",4.12565782844165,0.391055786081499,"IL",2023-09-11,1,1,0,1,1,1,1,0,0,1,0,0,1,0,0,1,0,0
"619",2.95256975222971,0.416956188119614,"IL",2023-09-12,0,1,1,1,1,1,0,1,1,0,0,0,0,1,1,1,0,1
"620",1.32283866000505,0.37595358824801,"IL",2023-09-13,1,1,1,1,1,1,1,1,1,1,1,0,0,0,0,1,0,1
"621",2.0271961055894,0.338071035475152,"IL",2023-09-14,1,1,1,1,1,0,1,1,1,1,0,0,0,1,0,1,0,1
"622",2.23642795500916,0.450453922378702,"IL",2023-09-15,1,0,1,1,1,1,1,1,1,1,0,1,0,0,0,1,1,1
"623",1.87799246560309,0.417866078370818,"IL",2023-09-16,0,1,1,1,1,1,1,1,1,0,1,1,0,0,0,1,0,1
"624",1.77252493024193,0.41001170188156,"IL",2023-09-17,1,1,1,1,1,1,0,1,0,1,1,0,0,1,1,0,1,0
"625",5.29637095744444,0.45211528039948,"IL",2023-09-18,1,1,1,0,1,0,1,1,1,1,0,0,0,0,0,1,0,1
"626",1.8616787059061,0.417604942903648,"IL",2023-09-19,1,0,1,1,1,1,1,1,1,0,0,1,0,1,0,0,1,1
"627",2.56663004979589,0.396271713600212,"IL",2023-09-20,1,1,0,1,1,1,1,1,0,0,0,0,0,1,1,1,0,0
"628",2.62456777224176,0.445956564815864,"IL",2023-09-21,0,1,0,1,1,0,1,1,1,0,0,0,1,1,0,1,0,1
"629",1.72811668643787,0.327422690729363,"IL",2023-09-22,1,1,1,1,1,0,1,1,0,1,1,0,1,1,0,1,0,0
"630",2.95599624601543,0.365428873115943,"IL",2023-09-23,0,1,0,0,1,1,1,1,1,0,0,0,0,0,0,1,0,1
"631",NA,NA,"IN",2023-08-13,NA,NA,NA,NA,NA,NA,NA,NA,NA,NA,NA,NA,NA,NA,NA,NA,NA,NA
"632",0.911551794276362,0.469559597316519,"IN",2023-08-14,1,1,1,0,1,1,1,1,1,1,0,0,0,1,1,1,1,1
"633",NA,NA,"IN",2023-08-15,NA,NA,NA,NA,NA,NA,NA,NA,NA,NA,NA,NA,NA,NA,NA,NA,NA,NA
"634",0.554661348831406,0.333115229573343,"IN",2023-08-16,1,1,1,1,1,1,1,1,1,1,1,1,1,1,0,0,1,1
"635",1.17872604174181,0.346625762873197,"IN",2023-08-17,1,1,0,1,1,1,1,1,1,1,0,0,0,0,0,1,1,1
"636",0.359273007695284,0.259191881403311,"IN",2023-08-18,1,1,1,1,1,1,1,1,1,1,1,1,1,1,1,1,1,1
"637",0.785187954965954,0.304510310850092,"IN",2023-08-19,1,1,1,1,1,1,1,1,1,1,0,0,1,0,0,1,1,1
"638",0.366723367590738,0.259863525736728,"IN",2023-08-20,1,1,1,1,1,1,1,1,1,1,1,1,1,1,1,1,1,1
"639",1.13704420706427,0.458182322846265,"IN",2023-08-21,1,1,1,1,1,1,0,1,1,1,0,0,0,0,1,0,0,1
"640",0.689417252934318,0.377153714724618,"IN",2023-08-22,1,0,1,1,1,1,1,1,1,1,0,0,1,1,1,1,1,1
"641",2.10160372042589,0.49409991696058,"IN",2023-08-23,1,0,0,0,1,1,1,1,1,1,0,0,0,1,1,1,0,1
"642",0.919906599736639,0.339670048319205,"IN",2023-08-24,1,1,1,1,1,1,1,1,1,1,1,0,0,1,1,1,1,1
"643",0.987218629985539,0.43116236475936,"IN",2023-08-25,1,1,1,1,1,1,1,1,0,1,0,0,1,0,1,1,1,0
"644",NA,NA,"IN",2023-08-26,NA,NA,NA,NA,NA,NA,NA,NA,NA,NA,NA,NA,NA,NA,NA,NA,NA,NA
"645",0.712451733966657,0.389029059447251,"IN",2023-08-27,1,0,1,1,1,1,1,1,1,1,0,0,1,1,1,1,1,1
"646",2.0678468068679,0.402835336928195,"IN",2023-08-28,1,1,1,0,1,0,1,1,1,1,0,0,0,0,1,1,0,1
"647",1.22076128262714,0.584429907662621,"IN",2023-08-29,0,1,1,1,1,1,0,1,1,0,1,1,1,1,0,0,0,1
"648",0.910442090252141,0.422970473445759,"IN",2023-08-30,0,1,1,1,1,1,1,1,1,0,1,0,0,0,0,1,0,1
"649",0.742583268170132,0.294473266883681,"IN",2023-08-31,1,1,1,1,1,1,1,1,1,0,1,0,0,1,0,1,1,1
"650",0.702232576191554,0.294036205666885,"IN",2023-09-01,1,1,1,1,1,1,1,1,1,1,1,0,1,1,0,1,1,1
"651",0.897088546644615,0.27445052370369,"IN",2023-09-02,1,1,0,1,1,1,1,1,1,1,1,0,1,1,0,1,1,1
"652",0.807779124077959,0.42015539486669,"IN",2023-09-03,1,1,1,0,1,1,1,1,1,0,1,1,0,1,0,1,1,1
"653",NA,NA,"IN",2023-09-04,NA,NA,NA,NA,NA,NA,NA,NA,NA,NA,NA,NA,NA,NA,NA,NA,NA,NA
"654",1.10879168475095,0.368026006469705,"IN",2023-09-05,1,1,1,1,1,1,1,1,1,1,0,0,1,0,0,1,0,1
"655",2.04696081600986,0.301880445616427,"IN",2023-09-06,1,1,1,1,1,0,1,1,1,0,0,0,0,0,0,1,1,1
"656",0.960659858813431,0.396237508842903,"IN",2023-09-07,0,1,1,1,1,1,1,1,1,0,1,0,0,1,1,1,0,1
"657",1.20462921985897,0.488415946579885,"IN",2023-09-08,1,0,1,1,1,1,0,1,1,1,0,0,1,1,0,0,0,1
"658",NA,NA,"IN",2023-09-09,NA,NA,NA,NA,NA,NA,NA,NA,NA,NA,NA,NA,NA,NA,NA,NA,NA,NA
"659",NA,NA,"IN",2023-09-10,NA,NA,NA,NA,NA,NA,NA,NA,NA,NA,NA,NA,NA,NA,NA,NA,NA,NA
"660",1.08284517088934,0.407097046166729,"IN",2023-09-11,1,1,1,1,1,1,1,0,1,0,1,1,1,1,0,1,0,1
"661",NA,NA,"IN",2023-09-12,NA,NA,NA,NA,NA,NA,NA,NA,NA,NA,NA,NA,NA,NA,NA,NA,NA,NA
"662",1.17133744065199,0.295243832025781,"IN",2023-09-13,1,1,0,1,1,1,1,1,1,0,1,0,0,1,1,1,0,1
"663",1.77209103360531,0.488918089551544,"IN",2023-09-14,0,1,0,1,0,1,1,1,1,1,1,0,0,0,1,1,0,1
"664",0.414004331102149,0.271796723136431,"IN",2023-09-15,1,1,1,1,1,1,1,1,1,1,1,1,1,1,0,1,0,1
"665",NA,NA,"IN",2023-09-16,NA,NA,NA,NA,NA,NA,NA,NA,NA,NA,NA,NA,NA,NA,NA,NA,NA,NA
"666",0.413277227341761,0.312038382990826,"IN",2023-09-17,1,1,1,1,1,1,1,1,1,1,1,0,1,1,1,1,0,1
"667",0.752932514900696,0.386131023884896,"IN",2023-09-18,1,1,1,1,1,1,1,0,1,1,1,1,1,0,1,1,0,1
"668",1.56962027108169,0.550259235466273,"IN",2023-09-19,1,1,1,0,1,1,1,1,1,1,0,1,0,1,0,1,1,1
"669",1.14713345367249,0.566802093026952,"IN",2023-09-20,0,1,1,1,0,1,1,1,1,0,1,1,1,1,0,1,1,1
"670",0.360386742451974,0.284936597074324,"IN",2023-09-21,1,1,1,1,1,1,1,1,1,1,1,0,0,1,1,1,1,1
"671",NA,NA,"IN",2023-09-22,NA,NA,NA,NA,NA,NA,NA,NA,NA,NA,NA,NA,NA,NA,NA,NA,NA,NA
"672",NA,NA,"IN",2023-09-23,NA,NA,NA,NA,NA,NA,NA,NA,NA,NA,NA,NA,NA,NA,NA,NA,NA,NA
"673",NA,NA,"KS",2023-08-13,NA,NA,NA,NA,NA,NA,NA,NA,NA,NA,NA,NA,NA,NA,NA,NA,NA,NA
"674",NA,NA,"KS",2023-08-14,NA,NA,NA,NA,NA,NA,NA,NA,NA,NA,NA,NA,NA,NA,NA,NA,NA,NA
"675",NA,NA,"KS",2023-08-15,NA,NA,NA,NA,NA,NA,NA,NA,NA,NA,NA,NA,NA,NA,NA,NA,NA,NA
"676",NA,NA,"KS",2023-08-16,NA,NA,NA,NA,NA,NA,NA,NA,NA,NA,NA,NA,NA,NA,NA,NA,NA,NA
"677",NA,NA,"KS",2023-08-17,NA,NA,NA,NA,NA,NA,NA,NA,NA,NA,NA,NA,NA,NA,NA,NA,NA,NA
"678",0.967863392879737,0.489186621456056,"KS",2023-08-18,0,1,1,1,1,1,1,1,1,0,1,0,0,1,0,1,1,1
"679",NA,NA,"KS",2023-08-19,NA,NA,NA,NA,NA,NA,NA,NA,NA,NA,NA,NA,NA,NA,NA,NA,NA,NA
"680",0.620496467767842,0.455662029773463,"KS",2023-08-20,1,1,1,0,1,1,1,1,1,1,1,0,0,1,1,1,1,1
"681",NA,NA,"KS",2023-08-21,NA,NA,NA,NA,NA,NA,NA,NA,NA,NA,NA,NA,NA,NA,NA,NA,NA,NA
"682",0.430639796085249,0.272653140467351,"KS",2023-08-22,1,1,1,1,1,1,1,1,1,1,1,1,1,1,1,1,1,1
"683",0.435609243550413,0.273748447068454,"KS",2023-08-23,1,1,1,1,1,1,1,1,1,1,1,1,1,1,1,1,1,1
"684",NA,NA,"KS",2023-08-24,NA,NA,NA,NA,NA,NA,NA,NA,NA,NA,NA,NA,NA,NA,NA,NA,NA,NA
"685",NA,NA,"KS",2023-08-25,NA,NA,NA,NA,NA,NA,NA,NA,NA,NA,NA,NA,NA,NA,NA,NA,NA,NA
"686",0.48609832234152,0.36015254858456,"KS",2023-08-26,1,1,1,1,1,1,1,1,1,0,1,1,1,1,0,1,1,1
"687",NA,NA,"KS",2023-08-27,NA,NA,NA,NA,NA,NA,NA,NA,NA,NA,NA,NA,NA,NA,NA,NA,NA,NA
"688",0.64785571500431,0.37401835385599,"KS",2023-08-28,1,1,1,1,1,1,1,1,1,0,1,0,0,0,0,1,1,1
"689",NA,NA,"KS",2023-08-29,NA,NA,NA,NA,NA,NA,NA,NA,NA,NA,NA,NA,NA,NA,NA,NA,NA,NA
"690",NA,NA,"KS",2023-08-30,NA,NA,NA,NA,NA,NA,NA,NA,NA,NA,NA,NA,NA,NA,NA,NA,NA,NA
"691",0.459590458890092,0.285417952866089,"KS",2023-08-31,1,1,1,1,1,1,1,1,1,1,1,0,1,1,1,1,0,1
"692",NA,NA,"KS",2023-09-01,NA,NA,NA,NA,NA,NA,NA,NA,NA,NA,NA,NA,NA,NA,NA,NA,NA,NA
"693",NA,NA,"KS",2023-09-02,NA,NA,NA,NA,NA,NA,NA,NA,NA,NA,NA,NA,NA,NA,NA,NA,NA,NA
"694",NA,NA,"KS",2023-09-03,NA,NA,NA,NA,NA,NA,NA,NA,NA,NA,NA,NA,NA,NA,NA,NA,NA,NA
"695",0.430139376567956,0.320744271804581,"KS",2023-09-04,1,1,1,1,1,1,1,1,1,1,1,1,1,0,0,1,1,1
"696",0.731199367363269,0.407685541630687,"KS",2023-09-05,1,1,1,1,0,1,1,1,1,1,1,0,1,0,0,1,1,1
"697",NA,NA,"KS",2023-09-06,NA,NA,NA,NA,NA,NA,NA,NA,NA,NA,NA,NA,NA,NA,NA,NA,NA,NA
"698",0.481065192790841,0.299872904650117,"KS",2023-09-07,1,1,1,1,1,1,1,1,1,1,1,0,1,1,1,1,0,1
"699",NA,NA,"KS",2023-09-08,NA,NA,NA,NA,NA,NA,NA,NA,NA,NA,NA,NA,NA,NA,NA,NA,NA,NA
"700",NA,NA,"KS",2023-09-09,NA,NA,NA,NA,NA,NA,NA,NA,NA,NA,NA,NA,NA,NA,NA,NA,NA,NA
"701",NA,NA,"KS",2023-09-10,NA,NA,NA,NA,NA,NA,NA,NA,NA,NA,NA,NA,NA,NA,NA,NA,NA,NA
"702",0.915947326771139,0.446138836953356,"KS",2023-09-11,1,0,1,1,1,1,1,1,1,0,0,1,1,1,1,1,1,1
"703",NA,NA,"KS",2023-09-12,NA,NA,NA,NA,NA,NA,NA,NA,NA,NA,NA,NA,NA,NA,NA,NA,NA,NA
"704",0.38248571106859,0.28053431799664,"KS",2023-09-13,1,1,1,1,1,1,1,1,1,1,1,1,0,1,0,1,1,1
"705",0.370781835175258,0.276078521256161,"KS",2023-09-14,1,1,1,1,1,1,1,1,1,1,1,1,1,1,1,1,1,1
"706",NA,NA,"KS",2023-09-15,NA,NA,NA,NA,NA,NA,NA,NA,NA,NA,NA,NA,NA,NA,NA,NA,NA,NA
"707",NA,NA,"KS",2023-09-16,NA,NA,NA,NA,NA,NA,NA,NA,NA,NA,NA,NA,NA,NA,NA,NA,NA,NA
"708",1.09692397459579,0.327240082370496,"KS",2023-09-17,1,1,0,1,1,1,1,1,1,1,1,1,1,1,1,1,1,1
"709",0.339214382251533,0.258370842095606,"KS",2023-09-18,1,1,1,1,1,1,1,1,1,1,1,1,1,1,1,1,1,1
"710",0.692477106054604,0.38972427150473,"KS",2023-09-19,1,1,1,0,1,1,1,1,1,1,1,1,0,1,0,1,1,1
"711",NA,NA,"KS",2023-09-20,NA,NA,NA,NA,NA,NA,NA,NA,NA,NA,NA,NA,NA,NA,NA,NA,NA,NA
"712",0.430560190440262,0.292778543090995,"KS",2023-09-21,1,1,1,1,1,1,1,1,1,1,0,0,0,1,0,1,1,1
"713",0.850966708214776,0.605554785949531,"KS",2023-09-22,1,0,1,1,1,1,1,1,1,1,0,1,0,1,1,1,1,1
"714",NA,NA,"KS",2023-09-23,NA,NA,NA,NA,NA,NA,NA,NA,NA,NA,NA,NA,NA,NA,NA,NA,NA,NA
"715",NA,NA,"KY",2023-08-13,NA,NA,NA,NA,NA,NA,NA,NA,NA,NA,NA,NA,NA,NA,NA,NA,NA,NA
"716",0.547420361867923,0.40351885637845,"KY",2023-08-14,1,1,1,1,1,0,1,1,1,1,1,0,1,1,0,1,1,1
"717",5.62151010905175,0.382139394740323,"KY",2023-08-15,1,1,0,1,1,0,1,1,1,1,0,0,1,0,0,1,0,1
"718",0.367812114016509,0.228625134030187,"KY",2023-08-16,1,1,1,1,1,1,1,1,1,1,1,0,1,1,1,1,0,1
"719",0.945912674969029,0.229535871047528,"KY",2023-08-17,1,1,0,1,1,1,1,1,1,0,1,0,1,1,1,1,1,1
"720",0.383466850035796,0.230546368591097,"KY",2023-08-18,1,1,1,1,1,1,1,1,1,1,1,0,1,1,0,1,1,1
"721",0.483495235951475,0.381934639349199,"KY",2023-08-19,1,1,1,1,1,1,1,1,1,1,1,1,1,1,1,1,1,1
"722",0.786546409699423,0.565377770181677,"KY",2023-08-20,0,1,1,1,1,1,1,1,1,0,1,0,1,1,1,1,1,1
"723",1.37152698338595,0.488319250341448,"KY",2023-08-21,1,1,1,1,1,1,0,0,1,1,1,0,0,1,0,0,0,1
"724",0.776446839883773,0.392145072524528,"KY",2023-08-22,1,0,1,1,1,1,1,1,1,1,0,0,1,1,1,1,1,1
"725",1.59567895075767,0.394390311310309,"KY",2023-08-23,1,0,1,1,1,1,1,1,1,1,0,0,1,1,0,1,0,1
"726",1.16531727828606,0.374757677389837,"KY",2023-08-24,1,1,1,1,0,1,1,1,1,0,0,1,1,0,0,1,0,1
"727",0.39389456784671,0.240404291934409,"KY",2023-08-25,1,1,1,1,1,1,1,1,1,1,1,1,1,1,1,1,1,1
"728",NA,NA,"KY",2023-08-26,NA,NA,NA,NA,NA,NA,NA,NA,NA,NA,NA,NA,NA,NA,NA,NA,NA,NA
"729",NA,NA,"KY",2023-08-27,NA,NA,NA,NA,NA,NA,NA,NA,NA,NA,NA,NA,NA,NA,NA,NA,NA,NA
"730",1.55235681074063,0.390418664472366,"KY",2023-08-28,1,1,1,0,1,0,1,1,1,1,1,0,0,1,0,1,0,1
"731",0.948975888059669,0.428956043850685,"KY",2023-08-29,1,1,1,1,1,1,1,0,1,1,1,0,0,1,1,1,0,1
"732",0.967245050648996,0.381243668279772,"KY",2023-08-30,1,1,1,1,1,1,1,1,1,1,0,0,1,0,0,1,1,1
"733",1.44774643756102,0.425155412330966,"KY",2023-08-31,1,0,1,1,1,0,1,1,0,1,0,0,1,0,0,1,1,0
"734",0.836368711889515,0.450922532703173,"KY",2023-09-01,0,1,1,1,1,1,1,1,1,0,0,0,1,1,0,1,1,1
"735",1.11839219962188,0.55561947886786,"KY",2023-09-02,0,1,1,1,0,1,1,1,1,0,1,1,0,1,1,1,1,1
"736",NA,NA,"KY",2023-09-03,NA,NA,NA,NA,NA,NA,NA,NA,NA,NA,NA,NA,NA,NA,NA,NA,NA,NA
"737",0.439285194565403,0.26284325971015,"KY",2023-09-04,1,1,1,1,1,1,1,1,1,1,1,1,1,1,1,1,1,1
"738",1.58810829541637,0.423795107989177,"KY",2023-09-05,1,0,1,1,1,1,1,1,1,1,0,0,0,0,0,1,0,1
"739",0.610805901355943,0.367490208938428,"KY",2023-09-06,1,1,1,1,1,1,1,1,1,1,1,0,1,0,1,1,1,1
"740",1.38757513424309,0.399091844955278,"KY",2023-09-07,1,0,1,1,1,0,1,1,1,1,0,0,0,1,0,1,1,1
"741",0.371210647129963,0.281400885030583,"KY",2023-09-08,1,1,1,1,1,1,1,1,1,1,1,1,1,1,1,1,1,1
"742",0.848426229097436,0.597270040153169,"KY",2023-09-09,1,0,1,1,1,1,1,1,1,0,0,1,1,1,1,1,1,1
"743",NA,NA,"KY",2023-09-10,NA,NA,NA,NA,NA,NA,NA,NA,NA,NA,NA,NA,NA,NA,NA,NA,NA,NA
"744",1.19297628160998,0.358999738551974,"KY",2023-09-11,0,0,1,1,1,1,1,1,1,0,0,0,0,1,0,1,0,1
"745",1.83977690503321,0.366909710258361,"KY",2023-09-12,1,0,0,1,1,0,1,1,1,1,0,0,1,1,0,1,0,1
"746",1.87653232733962,0.438475542101415,"KY",2023-09-13,0,1,1,1,1,1,0,1,1,0,1,0,0,0,1,0,0,1
"747",0.472565641874744,0.294749430718089,"KY",2023-09-14,1,1,1,1,1,1,1,1,1,1,1,0,1,0,1,1,1,1
"748",0.340483863589446,0.276636117231164,"KY",2023-09-15,1,1,1,1,1,1,1,1,1,1,1,0,1,1,1,1,0,1
"749",NA,NA,"KY",2023-09-16,NA,NA,NA,NA,NA,NA,NA,NA,NA,NA,NA,NA,NA,NA,NA,NA,NA,NA
"750",NA,NA,"KY",2023-09-17,NA,NA,NA,NA,NA,NA,NA,NA,NA,NA,NA,NA,NA,NA,NA,NA,NA,NA
"751",0.772306902732493,0.386328747675086,"KY",2023-09-18,0,1,1,1,1,1,1,1,1,0,1,1,1,1,0,1,1,1
"752",1.22096353445968,0.587812210803657,"KY",2023-09-19,1,1,1,1,0,1,1,0,1,1,1,1,1,0,0,1,0,1
"753",1.25970784479841,0.600192245580684,"KY",2023-09-20,0,1,1,0,1,1,1,1,1,0,1,0,0,1,0,1,1,1
"754",0.281881782482135,0.226845367350953,"KY",2023-09-21,1,1,1,1,1,1,1,1,1,1,1,0,1,1,0,1,1,1
"755",NA,NA,"KY",2023-09-22,NA,NA,NA,NA,NA,NA,NA,NA,NA,NA,NA,NA,NA,NA,NA,NA,NA,NA
"756",0.276571127711362,0.217740643503657,"KY",2023-09-23,1,1,1,1,1,1,1,1,1,1,1,1,1,1,1,1,1,1
"757",2.51407043890383,0.472779324817321,"LA",2023-08-13,0,0,0,1,1,1,1,1,1,0,0,0,1,0,0,1,1,0
"758",2.75190029805805,0.449206276119899,"LA",2023-08-14,0,1,0,1,1,1,1,1,1,0,0,0,1,0,0,1,0,1
"759",6.0320261851841,0.481337700303265,"LA",2023-08-15,0,0,0,1,1,1,1,1,1,0,0,0,0,0,0,1,1,1
"760",2.08767157475087,0.385971638044745,"LA",2023-08-16,0,1,1,1,1,1,1,1,1,0,0,0,0,0,0,1,0,0
"761",6.77709605091917,0.486422758048587,"LA",2023-08-17,0,0,0,1,1,1,1,1,1,0,0,0,0,0,0,1,1,1
"762",4.05006940433115,0.452006935199534,"LA",2023-08-18,0,1,0,1,1,1,1,1,1,0,0,0,0,1,0,1,1,1
"763",3.54799522241417,0.419554138545317,"LA",2023-08-19,0,1,1,0,0,0,1,1,1,0,0,1,0,0,0,1,1,1
"764",4.7802057132726,0.465316808213802,"LA",2023-08-20,0,0,0,1,1,0,1,1,1,0,0,1,0,0,0,1,0,1
"765",6.8421661764615,0.498196413960054,"LA",2023-08-21,0,1,0,0,1,0,1,0,1,0,0,0,0,0,0,1,0,1
"766",4.5597817779243,0.41325912176003,"LA",2023-08-22,0,1,1,1,1,0,1,1,1,0,0,0,0,0,0,1,0,1
"767",5.64895323471735,0.42864489998756,"LA",2023-08-23,0,1,1,1,1,1,1,1,1,0,0,0,0,0,0,1,0,1
"768",2.18497010372588,0.380790993463622,"LA",2023-08-24,1,0,1,1,1,1,1,1,1,0,0,1,0,0,0,1,1,1
"769",3.96206956666646,0.418929780209082,"LA",2023-08-25,0,1,1,1,0,1,1,1,1,0,1,0,0,0,0,1,1,1
"770",4.20777013592021,0.4435812417444,"LA",2023-08-26,0,1,1,1,0,0,1,1,1,0,0,0,0,0,0,1,1,1
"771",2.90705795117021,0.450768180906,"LA",2023-08-27,0,1,0,1,0,1,0,1,1,1,0,0,0,0,0,0,0,1
"772",5.24899273487452,0.477655207847078,"LA",2023-08-28,0,1,0,1,0,0,1,1,0,0,0,0,0,0,0,1,0,0
"773",3.72847547523361,0.395338351423233,"LA",2023-08-29,0,1,1,1,0,0,1,1,1,0,0,0,1,0,1,1,0,1
"774",1.5959351302203,0.373723007840883,"LA",2023-08-30,1,1,1,1,1,1,1,1,1,1,0,0,1,0,0,1,1,0
"775",2.9208906537793,0.408961503835585,"LA",2023-08-31,0,1,1,1,0,1,1,1,1,0,0,0,1,0,0,1,0,1
"776",2.72774385905076,0.41322394062276,"LA",2023-09-01,0,1,1,1,1,1,1,1,1,0,0,0,1,1,0,1,0,1
"777",4.94175596175383,0.416713524201354,"LA",2023-09-02,1,0,1,1,1,0,1,1,1,0,0,1,0,0,0,1,0,1
"778",4.29815992095247,0.459241787638399,"LA",2023-09-03,0,1,0,1,1,0,1,1,1,0,0,0,0,0,0,1,0,1
"779",2.09949809949537,0.42021684455802,"LA",2023-09-04,0,1,1,1,1,1,1,1,1,0,0,0,1,0,1,1,0,1
"780",3.67686640280154,0.451632712908268,"LA",2023-09-05,1,0,1,0,1,0,1,1,1,0,0,0,0,1,0,0,0,1
"781",4.07913788397148,0.47843852881887,"LA",2023-09-06,0,0,0,1,1,1,1,1,1,0,0,0,0,0,1,0,0,1
"782",3.0010723854676,0.488843650040594,"LA",2023-09-07,0,1,0,1,0,1,1,1,1,0,1,0,1,0,0,1,1,1
"783",4.22033475324118,0.437003229972738,"LA",2023-09-08,0,0,1,1,1,0,1,1,1,0,0,0,1,1,0,1,0,1
"784",2.12968670218068,0.351030843175012,"LA",2023-09-09,1,1,0,1,1,0,1,1,1,1,1,0,0,0,0,1,1,1
"785",2.33278713849433,0.443001364500612,"LA",2023-09-10,1,1,1,0,1,1,1,1,1,1,0,1,0,0,0,0,0,1
"786",3.72596522131329,0.463954107887282,"LA",2023-09-11,0,0,1,1,1,0,1,1,1,0,0,0,1,0,0,1,0,1
"787",2.83001843361154,0.449937336354086,"LA",2023-09-12,1,0,1,0,1,0,1,1,0,0,0,1,0,0,0,1,1,0
"788",3.71159990525357,0.487163445661447,"LA",2023-09-13,0,0,1,1,1,0,1,1,1,0,0,0,1,0,0,1,1,1
"789",1.11608590750692,0.33960278575997,"LA",2023-09-14,1,0,1,1,1,1,1,1,1,1,0,1,1,0,0,1,0,1
"790",3.0499544233255,0.447816458878929,"LA",2023-09-15,1,0,0,0,1,1,1,1,1,1,0,0,1,0,0,1,1,1
"791",2.65834935229614,0.433557297833626,"LA",2023-09-16,1,0,1,1,1,0,1,1,1,1,0,0,1,0,0,1,1,1
"792",1.22600609494248,0.415115451284309,"LA",2023-09-17,1,1,1,0,1,0,1,1,1,1,1,0,0,0,0,1,1,1
"793",2.50694184354,0.492904900647699,"LA",2023-09-18,1,1,1,0,0,0,1,1,1,1,0,0,0,0,0,1,0,1
"794",2.87887523292634,0.444372338314137,"LA",2023-09-19,0,0,0,1,1,1,1,1,1,1,0,0,0,0,0,1,1,1
"795",2.2283831533471,0.420964620409514,"LA",2023-09-20,0,1,1,1,1,1,1,1,0,0,1,0,1,0,0,1,1,1
"796",3.79641981216192,0.479984652737712,"LA",2023-09-21,0,1,0,0,1,1,1,1,0,0,1,0,0,0,0,1,0,0
"797",1.65029100541391,0.40301934459978,"LA",2023-09-22,1,0,1,1,1,0,1,1,1,1,0,0,1,0,0,1,0,1
"798",1.55636872383259,0.367391190283603,"LA",2023-09-23,1,1,0,1,1,1,1,1,1,1,1,0,0,0,0,1,1,1
"799",NA,NA,"MA",2023-08-13,NA,NA,NA,NA,NA,NA,NA,NA,NA,NA,NA,NA,NA,NA,NA,NA,NA,NA
"800",1.43359429104629,0.339469430896478,"MA",2023-08-14,1,1,0,1,1,1,1,1,1,0,1,0,0,1,0,1,1,1
"801",0.988623638840648,0.379525873041813,"MA",2023-08-15,1,1,1,1,1,1,1,1,1,1,1,1,0,0,0,1,1,1
"802",0.991244601974619,0.383175565831769,"MA",2023-08-16,1,1,1,1,1,1,1,1,1,0,0,0,0,0,0,1,1,1
"803",1.54245787208869,0.381834041670161,"MA",2023-08-17,1,1,1,0,1,1,1,1,1,1,1,0,0,1,0,1,1,1
"804",1.30252896624132,0.413724654392961,"MA",2023-08-18,1,1,1,0,1,1,1,1,1,1,1,1,1,1,1,1,1,1
"805",1.06264368715439,0.462201679568495,"MA",2023-08-19,1,0,1,1,1,1,1,1,1,1,1,0,0,0,0,1,1,1
"806",1.39488272658549,0.333583462060406,"MA",2023-08-20,1,1,0,1,1,1,1,1,1,1,0,0,1,0,0,1,1,1
"807",2.08538919312446,0.427582761797963,"MA",2023-08-21,1,1,1,0,1,1,0,1,1,1,0,0,0,0,0,0,0,1
"808",0.98682527329811,0.35819992175954,"MA",2023-08-22,1,1,1,0,1,1,1,1,1,1,1,0,0,0,0,1,0,1
"809",1.23046596147419,0.303638565802489,"MA",2023-08-23,1,1,1,1,1,0,1,1,1,1,1,1,1,0,0,1,1,1
"810",1.53439689987334,0.364349485372452,"MA",2023-08-24,1,1,1,1,1,1,1,0,1,1,1,0,0,1,0,1,0,1
"811",0.990039157058676,0.363731617701458,"MA",2023-08-25,1,1,1,1,1,1,1,1,1,0,1,0,0,0,1,1,1,1
"812",1.05751921462869,0.45561166699977,"MA",2023-08-26,1,0,1,1,1,1,1,1,1,1,0,0,0,0,0,1,1,1
"813",1.51992501747906,0.347731361184954,"MA",2023-08-27,1,1,1,0,1,1,1,1,1,1,1,1,0,0,0,1,1,0
"814",1.40067527584834,0.401789525498943,"MA",2023-08-28,1,1,1,1,1,1,1,1,0,0,0,0,0,0,0,1,1,0
"815",0.718945382631786,0.370379210596647,"MA",2023-08-29,1,1,1,1,1,1,1,1,1,0,1,1,0,0,0,1,1,1
"816",1.24119815662687,0.375058744451693,"MA",2023-08-30,1,1,1,1,1,1,1,1,1,0,1,0,0,0,0,1,1,1
"817",1.76585146047061,0.453075681504314,"MA",2023-08-31,1,1,1,1,0,0,1,1,1,1,1,0,0,0,0,1,1,1
"818",2.65681915451573,0.379285884210046,"MA",2023-09-01,1,1,0,0,1,1,1,1,1,1,0,0,0,0,1,1,1,1
"819",1.53262805174137,0.462239939713294,"MA",2023-09-02,1,1,1,0,1,0,1,1,1,1,1,0,0,0,0,1,1,1
"820",0.813575657070297,0.43277685557469,"MA",2023-09-03,1,1,1,1,1,1,1,1,1,1,1,0,0,1,1,1,1,1
"821",1.21225005805819,0.39937348828502,"MA",2023-09-04,1,1,0,1,1,1,1,1,1,1,1,0,1,1,0,1,1,1
"822",1.22874928577111,0.398036553717096,"MA",2023-09-05,1,0,1,1,1,1,1,1,1,1,0,1,0,1,0,1,0,1
"823",1.26562212448465,0.418716760493452,"MA",2023-09-06,1,1,1,1,1,1,1,0,0,1,0,1,0,1,1,1,0,0
"824",0.813981250659649,0.404639162669579,"MA",2023-09-07,1,0,1,1,1,1,1,1,1,1,0,1,1,1,1,1,0,1
"825",1.15371111583142,0.3520435404179,"MA",2023-09-08,1,1,1,1,1,1,1,1,1,1,0,0,0,0,0,1,0,1
"826",2.10644377306044,0.266007192601946,"MA",2023-09-09,1,0,0,1,1,0,1,1,1,1,1,0,0,1,0,1,1,1
"827",2.33853867079721,0.499108728143907,"MA",2023-09-10,1,1,1,0,1,0,1,1,1,1,1,0,0,1,0,1,1,1
"828",1.73871263550694,0.408415814648726,"MA",2023-09-11,1,1,1,1,1,1,1,1,0,0,1,0,1,0,0,1,0,0
"829",1.91361587981426,0.446401388802288,"MA",2023-09-12,1,1,1,1,1,0,1,0,0,0,1,1,0,1,1,1,0,0
"830",0.729264353331396,0.291163379582745,"MA",2023-09-13,1,1,1,1,1,1,1,1,1,1,1,1,1,0,0,1,1,1
"831",1.29759457885869,0.312429741443006,"MA",2023-09-14,1,1,1,0,1,1,1,1,1,1,1,1,1,1,1,1,1,1
"832",1.69785345337544,0.470869687950774,"MA",2023-09-15,1,1,1,0,1,0,1,0,1,1,1,0,0,0,1,1,1,1
"833",0.817562191832005,0.56559490033686,"MA",2023-09-16,1,1,1,1,0,1,1,1,1,1,0,1,1,0,1,1,1,1
"834",NA,NA,"MA",2023-09-17,NA,NA,NA,NA,NA,NA,NA,NA,NA,NA,NA,NA,NA,NA,NA,NA,NA,NA
"835",3.38408608320567,0.469435257144579,"MA",2023-09-18,1,1,0,1,1,0,1,0,1,0,1,1,0,0,0,1,0,1
"836",1.26912488015912,0.429421565224412,"MA",2023-09-19,1,1,1,1,1,1,0,0,1,1,1,0,0,0,1,0,1,1
"837",1.5921059282311,0.371939023098426,"MA",2023-09-20,1,1,1,1,1,1,1,0,1,1,1,0,0,0,1,1,1,1
"838",1.40845188780535,0.374272659129621,"MA",2023-09-21,1,1,1,1,1,1,1,1,0,1,1,0,1,0,0,1,1,0
"839",1.26393494298158,0.375047969695538,"MA",2023-09-22,1,1,0,1,1,1,1,1,1,0,1,0,1,1,1,0,1,1
"840",0.883162479593547,0.356112802986402,"MA",2023-09-23,1,1,1,1,1,1,1,1,0,1,1,1,1,0,1,1,1,0
"841",NA,NA,"MD",2023-08-13,NA,NA,NA,NA,NA,NA,NA,NA,NA,NA,NA,NA,NA,NA,NA,NA,NA,NA
"842",1.39340995081628,0.429579822306711,"MD",2023-08-14,1,1,1,1,0,1,1,0,1,1,1,0,1,1,0,1,0,1
"843",1.498014470524,0.31486804793961,"MD",2023-08-15,1,1,1,1,1,0,1,1,1,1,0,0,1,0,0,1,1,1
"844",1.90172539855516,0.499560882733333,"MD",2023-08-16,1,1,0,1,0,1,1,0,1,1,1,0,0,0,1,1,0,1
"845",1.00321580888793,0.344726981480076,"MD",2023-08-17,1,0,1,1,1,1,1,1,1,1,1,0,1,1,0,1,1,1
"846",1.54823237860563,0.501630981063096,"MD",2023-08-18,1,1,0,1,1,1,0,1,1,1,1,0,0,0,0,0,1,1
"847",1.14356305154415,0.397017547019778,"MD",2023-08-19,1,1,1,0,1,1,1,1,1,0,1,1,0,1,1,1,1,1
"848",2.29081337113996,0.494335056538259,"MD",2023-08-20,1,1,0,0,1,1,1,1,1,1,1,0,0,0,1,1,1,1
"849",1.60318067670955,0.413825532169282,"MD",2023-08-21,1,0,1,1,1,1,0,1,1,1,0,0,0,1,0,0,1,1
"850",1.29173298501939,0.313196062625875,"MD",2023-08-22,1,1,1,1,1,0,1,1,1,1,0,0,1,1,0,1,1,1
"851",2.37285601807411,0.439341197569914,"MD",2023-08-23,1,0,0,1,1,1,1,1,1,1,0,1,1,0,0,1,0,1
"852",1.02309147112622,0.384372984879321,"MD",2023-08-24,1,1,1,1,1,1,1,1,1,0,0,0,0,0,0,1,1,1
"853",2.3270793581889,0.414104159749943,"MD",2023-08-25,1,1,0,1,1,0,1,1,0,1,1,0,0,0,0,1,1,0
"854",1.468247205558,0.398218295710042,"MD",2023-08-26,0,1,1,1,1,0,1,1,1,1,1,1,1,0,0,1,1,1
"855",1.3721009271473,0.440461070562638,"MD",2023-08-27,1,0,1,1,0,1,1,1,1,1,0,0,1,0,1,1,0,1
"856",1.96746356643505,0.434721976821772,"MD",2023-08-28,1,0,0,1,1,1,1,1,1,1,0,1,1,0,0,1,0,1
"857",2.41588992938905,0.380184863580157,"MD",2023-08-29,1,1,1,0,1,1,1,1,0,1,0,0,0,0,0,1,0,0
"858",2.33910699758688,0.397401454735577,"MD",2023-08-30,0,1,0,1,1,0,1,1,1,0,1,0,1,0,0,1,0,1
"859",1.5264178051925,0.394161581948272,"MD",2023-08-31,1,1,1,1,1,1,1,1,1,0,0,0,0,0,0,1,1,1
"860",0.419988759643436,0.305072715670675,"MD",2023-09-01,1,1,1,1,1,1,1,1,1,1,0,1,1,1,0,1,1,1
"861",0.728574659337806,0.404214017076144,"MD",2023-09-02,1,1,1,1,0,1,1,1,1,1,1,0,1,0,1,1,1,1
"862",0.927984815416378,0.422580979329219,"MD",2023-09-03,0,1,1,1,1,1,1,1,1,0,1,0,1,0,0,1,1,1
"863",0.764587524239094,0.412159054870499,"MD",2023-09-04,1,1,1,1,0,1,1,1,1,1,0,0,1,0,0,1,1,1
"864",2.32963351913714,0.445841512191226,"MD",2023-09-05,1,0,0,1,1,1,1,1,0,0,0,1,1,0,0,1,1,0
"865",2.24616637717112,0.400827559160668,"MD",2023-09-06,1,1,0,1,1,1,0,1,1,0,0,0,0,0,0,0,0,1
"866",1.81378356854004,0.402258296313698,"MD",2023-09-07,0,1,1,1,1,1,1,1,1,0,1,1,0,1,1,1,1,1
"867",1.31521604498413,0.400712816054515,"MD",2023-09-08,0,1,1,0,1,1,1,1,1,0,1,0,0,0,0,1,1,1
"868",1.80117027292459,0.503439201701836,"MD",2023-09-09,0,1,0,1,1,1,1,1,1,0,1,0,1,0,0,1,1,0
"869",2.36940988905836,0.438198668478774,"MD",2023-09-10,0,1,0,1,1,1,1,1,0,0,0,0,0,0,0,1,0,0
"870",3.89793533701035,0.444948980272124,"MD",2023-09-11,1,0,0,1,0,1,1,0,0,0,0,0,0,1,1,1,0,1
"871",1.75527507464915,0.388607472990797,"MD",2023-09-12,1,1,1,1,1,1,1,1,0,1,0,0,0,1,0,1,0,0
"872",2.08106226111316,0.429394603943592,"MD",2023-09-13,1,1,1,0,1,1,1,1,1,1,1,0,1,0,0,1,0,1
"873",1.19349120795432,0.412931819025782,"MD",2023-09-14,1,0,1,1,1,1,1,0,1,0,1,0,1,1,0,1,0,1
"874",0.836555966373755,0.437442565995141,"MD",2023-09-15,1,1,1,0,1,1,1,1,1,1,1,0,1,1,0,1,1,1
"875",0.336961356123852,0.234513818983532,"MD",2023-09-16,1,1,1,1,1,1,1,1,1,1,1,1,1,1,1,1,1,1
"876",0.921880635943336,0.315688239181856,"MD",2023-09-17,1,1,1,1,1,1,1,1,1,1,1,1,1,0,0,1,1,1
"877",2.26372879842744,0.393298948142047,"MD",2023-09-18,1,0,1,1,1,1,1,1,1,0,0,0,1,0,0,1,1,1
"878",1.01335235515721,0.450707030819931,"MD",2023-09-19,1,1,1,0,0,1,1,1,1,1,1,0,0,0,1,1,0,1
"879",2.40905407081061,0.409224841688795,"MD",2023-09-20,0,1,1,0,1,1,1,1,1,0,1,0,0,1,0,1,1,1
"880",2.13087736621923,0.41610237748198,"MD",2023-09-21,1,1,1,0,1,0,1,1,1,1,1,1,0,1,0,1,0,1
"881",2.03517084167185,0.320421076150141,"MD",2023-09-22,1,0,0,1,1,0,1,1,1,0,0,0,0,0,0,1,1,0
"882",0.798389726851304,0.574372478427657,"MD",2023-09-23,1,1,1,1,0,1,1,1,1,1,1,1,1,0,0,1,1,1
"883",NA,NA,"ME",2023-08-13,NA,NA,NA,NA,NA,NA,NA,NA,NA,NA,NA,NA,NA,NA,NA,NA,NA,NA
"884",NA,NA,"ME",2023-08-14,NA,NA,NA,NA,NA,NA,NA,NA,NA,NA,NA,NA,NA,NA,NA,NA,NA,NA
"885",NA,NA,"ME",2023-08-15,NA,NA,NA,NA,NA,NA,NA,NA,NA,NA,NA,NA,NA,NA,NA,NA,NA,NA
"886",0.679838749724275,0.491869685518828,"ME",2023-08-16,1,1,1,1,0,1,1,1,1,0,1,1,1,0,1,1,1,1
"887",NA,NA,"ME",2023-08-17,NA,NA,NA,NA,NA,NA,NA,NA,NA,NA,NA,NA,NA,NA,NA,NA,NA,NA
"888",NA,NA,"ME",2023-08-18,NA,NA,NA,NA,NA,NA,NA,NA,NA,NA,NA,NA,NA,NA,NA,NA,NA,NA
"889",NA,NA,"ME",2023-08-19,NA,NA,NA,NA,NA,NA,NA,NA,NA,NA,NA,NA,NA,NA,NA,NA,NA,NA
"890",NA,NA,"ME",2023-08-20,NA,NA,NA,NA,NA,NA,NA,NA,NA,NA,NA,NA,NA,NA,NA,NA,NA,NA
"891",NA,NA,"ME",2023-08-21,NA,NA,NA,NA,NA,NA,NA,NA,NA,NA,NA,NA,NA,NA,NA,NA,NA,NA
"892",0.833327519574571,0.597221699708294,"ME",2023-08-22,1,1,1,1,1,1,0,1,1,1,1,0,1,1,1,0,1,1
"893",0.699474185771586,0.521341978841845,"ME",2023-08-23,1,1,1,0,1,1,1,1,1,0,1,1,0,1,1,1,1,1
"894",NA,NA,"ME",2023-08-24,NA,NA,NA,NA,NA,NA,NA,NA,NA,NA,NA,NA,NA,NA,NA,NA,NA,NA
"895",NA,NA,"ME",2023-08-25,NA,NA,NA,NA,NA,NA,NA,NA,NA,NA,NA,NA,NA,NA,NA,NA,NA,NA
"896",NA,NA,"ME",2023-08-26,NA,NA,NA,NA,NA,NA,NA,NA,NA,NA,NA,NA,NA,NA,NA,NA,NA,NA
"897",NA,NA,"ME",2023-08-27,NA,NA,NA,NA,NA,NA,NA,NA,NA,NA,NA,NA,NA,NA,NA,NA,NA,NA
"898",0.717656019563869,0.404006117572519,"ME",2023-08-28,1,1,1,0,1,1,1,1,1,1,1,0,0,1,0,1,1,1
"899",0.418975970687351,0.279589398580971,"ME",2023-08-29,1,1,1,1,1,1,1,1,1,1,1,1,1,1,1,1,1,1
"900",0.723356505168203,0.534369962413331,"ME",2023-08-30,1,1,1,0,1,1,1,1,1,1,1,1,0,0,1,1,1,1
"901",0.723576712366224,0.536360841069168,"ME",2023-08-31,1,1,1,0,1,1,1,1,1,0,1,1,0,1,1,1,1,1
"902",NA,NA,"ME",2023-09-01,NA,NA,NA,NA,NA,NA,NA,NA,NA,NA,NA,NA,NA,NA,NA,NA,NA,NA
"903",NA,NA,"ME",2023-09-02,NA,NA,NA,NA,NA,NA,NA,NA,NA,NA,NA,NA,NA,NA,NA,NA,NA,NA
"904",NA,NA,"ME",2023-09-03,NA,NA,NA,NA,NA,NA,NA,NA,NA,NA,NA,NA,NA,NA,NA,NA,NA,NA
"905",NA,NA,"ME",2023-09-04,NA,NA,NA,NA,NA,NA,NA,NA,NA,NA,NA,NA,NA,NA,NA,NA,NA,NA
"906",0.423387114880818,0.296741606796817,"ME",2023-09-05,1,1,1,1,1,1,1,1,1,1,1,0,0,1,1,1,1,1
"907",NA,NA,"ME",2023-09-06,NA,NA,NA,NA,NA,NA,NA,NA,NA,NA,NA,NA,NA,NA,NA,NA,NA,NA
"908",NA,NA,"ME",2023-09-07,NA,NA,NA,NA,NA,NA,NA,NA,NA,NA,NA,NA,NA,NA,NA,NA,NA,NA
"909",1.14911890356671,0.492284217822786,"ME",2023-09-08,1,1,1,0,1,1,1,1,0,1,1,0,0,1,0,1,1,0
"910",NA,NA,"ME",2023-09-09,NA,NA,NA,NA,NA,NA,NA,NA,NA,NA,NA,NA,NA,NA,NA,NA,NA,NA
"911",NA,NA,"ME",2023-09-10,NA,NA,NA,NA,NA,NA,NA,NA,NA,NA,NA,NA,NA,NA,NA,NA,NA,NA
"912",0.432070103282868,0.315058656193636,"ME",2023-09-11,1,1,1,1,1,1,1,1,1,1,1,0,1,1,1,1,0,1
"913",NA,NA,"ME",2023-09-12,NA,NA,NA,NA,NA,NA,NA,NA,NA,NA,NA,NA,NA,NA,NA,NA,NA,NA
"914",0.838891304321298,0.585803314761964,"ME",2023-09-13,1,1,1,1,1,1,1,0,1,1,1,1,1,1,0,1,0,1
"915",NA,NA,"ME",2023-09-14,NA,NA,NA,NA,NA,NA,NA,NA,NA,NA,NA,NA,NA,NA,NA,NA,NA,NA
"916",0.705086464166817,0.38839948179277,"ME",2023-09-15,1,1,1,1,0,1,1,1,1,1,1,1,1,1,1,1,1,1
"917",NA,NA,"ME",2023-09-16,NA,NA,NA,NA,NA,NA,NA,NA,NA,NA,NA,NA,NA,NA,NA,NA,NA,NA
"918",0.341639447356436,0.233141642146708,"ME",2023-09-17,1,1,1,1,1,1,1,1,1,1,1,1,1,1,1,1,1,1
"919",NA,NA,"ME",2023-09-18,NA,NA,NA,NA,NA,NA,NA,NA,NA,NA,NA,NA,NA,NA,NA,NA,NA,NA
"920",NA,NA,"ME",2023-09-19,NA,NA,NA,NA,NA,NA,NA,NA,NA,NA,NA,NA,NA,NA,NA,NA,NA,NA
"921",NA,NA,"ME",2023-09-20,NA,NA,NA,NA,NA,NA,NA,NA,NA,NA,NA,NA,NA,NA,NA,NA,NA,NA
"922",0.794043579942068,0.585495414747241,"ME",2023-09-21,1,1,1,0,1,1,1,1,1,1,1,0,0,1,1,1,1,1
"923",NA,NA,"ME",2023-09-22,NA,NA,NA,NA,NA,NA,NA,NA,NA,NA,NA,NA,NA,NA,NA,NA,NA,NA
"924",NA,NA,"ME",2023-09-23,NA,NA,NA,NA,NA,NA,NA,NA,NA,NA,NA,NA,NA,NA,NA,NA,NA,NA
"925",2.73808850302264,0.44987051765715,"MI",2023-08-13,1,1,1,1,0,1,1,1,1,1,1,0,0,0,0,1,0,1
"926",1.47866126466206,0.412471671227162,"MI",2023-08-14,1,1,1,0,1,1,1,1,1,1,0,1,0,1,1,1,1,1
"927",2.86105546578821,0.432277133430104,"MI",2023-08-15,1,0,1,0,1,1,1,1,1,1,0,0,0,0,1,1,0,1
"928",2.27003864008678,0.410993509196559,"MI",2023-08-16,1,1,1,0,1,1,1,1,1,0,0,0,0,0,0,1,1,1
"929",2.71011603718785,0.372782892370284,"MI",2023-08-17,1,1,1,1,1,0,1,1,1,0,1,0,0,0,0,1,0,0
"930",3.0471128335292,0.36616014922962,"MI",2023-08-18,1,0,1,1,1,0,0,1,1,0,0,0,0,1,1,0,1,1
"931",1.76487607621998,0.386379422862074,"MI",2023-08-19,1,1,1,1,1,0,1,1,1,1,1,1,0,1,0,1,0,1
"932",0.912558712740011,0.419785765914453,"MI",2023-08-20,1,1,1,1,1,1,1,0,1,1,1,1,1,0,1,1,0,1
"933",2.58714457759946,0.37653772476001,"MI",2023-08-21,1,1,1,0,0,1,1,1,1,0,0,0,1,0,0,1,1,0
"934",3.52382152120003,0.435895948435887,"MI",2023-08-22,1,0,0,0,1,1,1,1,1,0,0,0,0,0,0,1,0,1
"935",7.08906027732823,0.395128668475566,"MI",2023-08-23,1,1,0,1,1,0,1,1,0,0,1,0,0,0,0,0,0,1
"936",2.39253035649629,0.393022839572936,"MI",2023-08-24,1,1,1,1,1,0,1,1,0,0,1,1,0,0,0,1,0,0
"937",2.97686909561436,0.415141999253439,"MI",2023-08-25,1,0,1,0,1,1,1,1,0,0,0,1,0,0,0,1,0,0
"938",2.10586473109302,0.39298648392066,"MI",2023-08-26,1,1,1,1,1,1,1,1,1,0,1,0,0,1,0,1,0,1
"939",2.5837765049267,0.431100482218253,"MI",2023-08-27,1,0,1,0,1,0,1,1,1,1,0,0,0,0,0,1,0,0
"940",3.158982433976,0.412268176994867,"MI",2023-08-28,1,1,1,1,1,1,0,1,0,0,0,0,0,0,0,0,0,0
"941",2.91955186456395,0.374399031958082,"MI",2023-08-29,1,1,1,1,1,1,1,1,1,0,0,0,0,0,0,0,0,1
"942",3.42899205337175,0.375628873662673,"MI",2023-08-30,1,1,1,1,0,1,1,1,1,0,0,0,0,0,0,1,0,1
"943",5.79230244044529,0.384329603122092,"MI",2023-08-31,0,1,1,0,0,1,0,0,1,0,0,0,0,0,0,0,0,1
"944",4.40941619061814,0.377371542162138,"MI",2023-09-01,1,1,1,1,1,0,1,1,0,1,0,0,0,0,0,0,1,0
"945",3.04852223323418,0.384541688675325,"MI",2023-09-02,1,1,1,0,1,1,0,0,1,0,0,1,0,1,0,0,0,1
"946",2.14031570378353,0.381285960271531,"MI",2023-09-03,1,1,1,0,0,1,1,1,1,0,0,0,0,0,0,1,0,1
"947",2.65170364528122,0.402105796773126,"MI",2023-09-04,1,1,1,0,1,1,1,1,0,1,0,0,0,0,0,1,0,0
"948",6.29451644278582,0.407002883689707,"MI",2023-09-05,1,1,1,0,0,1,1,0,1,0,0,0,0,0,0,0,0,1
"949",3.13484143697081,0.378369729614342,"MI",2023-09-06,1,1,1,1,1,1,1,0,1,0,0,0,0,0,1,0,1,1
"950",3.10269483195768,0.393501597577325,"MI",2023-09-07,1,0,1,1,1,1,0,1,1,0,0,0,0,0,1,0,0,1
"951",3.98025820356789,0.395357995984894,"MI",2023-09-08,1,1,1,0,1,0,1,1,1,1,1,0,0,0,0,1,0,1
"952",3.82236839352499,0.389266850478203,"MI",2023-09-09,1,1,0,1,1,0,0,1,0,0,0,0,1,0,0,0,1,0
"953",2.26968769778456,0.337799605877397,"MI",2023-09-10,1,1,1,1,0,0,1,1,1,1,0,0,0,0,0,1,0,1
"954",2.74020470602466,0.37545745673319,"MI",2023-09-11,1,1,1,1,1,1,1,1,1,0,0,0,0,0,0,1,0,1
"955",5.92380162050804,0.379154859361567,"MI",2023-09-12,1,1,0,1,1,0,1,1,1,1,0,0,0,0,0,0,0,1
"956",6.09867135387838,0.394919758518789,"MI",2023-09-13,1,0,0,0,1,1,1,1,0,0,0,0,0,0,1,1,0,0
"957",4.55993349541723,0.37498247720047,"MI",2023-09-14,1,1,0,1,1,0,0,1,1,0,0,0,0,1,0,0,0,1
"958",6.72660570221068,0.446586144425298,"MI",2023-09-15,1,0,1,0,0,0,1,1,1,1,0,0,0,0,0,1,0,1
"959",3.04940650528927,0.456005120999848,"MI",2023-09-16,1,1,1,1,0,0,1,1,1,0,1,1,0,0,1,1,1,1
"960",1.72621768561713,0.396759204564647,"MI",2023-09-17,1,1,0,1,1,1,0,1,1,1,1,0,1,0,0,0,0,1
"961",2.39738216341129,0.372603672735751,"MI",2023-09-18,1,0,1,0,1,1,1,1,1,0,0,0,0,0,0,1,0,1
"962",3.8608066510512,0.41293750905086,"MI",2023-09-19,1,0,1,1,1,0,0,1,1,0,0,0,0,0,0,0,1,1
"963",2.73237536510849,0.362047693667422,"MI",2023-09-20,1,1,1,1,1,1,1,1,1,1,0,0,0,0,0,1,0,1
"964",8.10392255499368,0.443815558404258,"MI",2023-09-21,0,0,0,0,1,0,1,1,1,1,1,0,0,1,0,1,0,1
"965",7.49714057171318,0.372789542655275,"MI",2023-09-22,0,0,0,0,0,1,1,0,0,0,0,0,0,0,0,1,0,0
"966",5.87036511368371,0.422542676983144,"MI",2023-09-23,0,1,1,0,1,0,1,1,0,0,0,0,0,0,0,0,0,0
"967",1.93388772139902,0.347847738888202,"MN",2023-08-13,1,1,0,1,1,1,1,1,1,0,0,0,0,0,0,1,1,1
"968",1.4021837871766,0.414577676737763,"MN",2023-08-14,1,0,1,1,1,1,1,0,1,0,0,1,1,1,1,1,1,1
"969",2.24157165353757,0.413412626665268,"MN",2023-08-15,1,1,1,0,1,1,1,1,1,1,0,0,0,0,1,1,0,1
"970",1.33470873516695,0.349120278204857,"MN",2023-08-16,1,1,0,1,1,1,1,1,1,1,0,0,0,0,1,1,1,1
"971",2.15687384772781,0.401842511536621,"MN",2023-08-17,1,1,1,0,1,0,1,1,1,1,0,1,0,1,0,0,1,1
"972",1.93650675848294,0.413930836973679,"MN",2023-08-18,1,1,1,1,1,1,1,0,1,1,1,0,0,1,0,1,0,1
"973",1.98238178593431,0.433071140968886,"MN",2023-08-19,1,1,0,1,0,1,1,1,1,0,0,0,0,0,1,1,1,1
"974",1.16461681414842,0.361014179825725,"MN",2023-08-20,1,1,1,1,1,1,1,1,1,1,0,0,0,1,0,1,0,1
"975",4.19938850938581,0.395794803607903,"MN",2023-08-21,1,1,0,0,1,0,1,0,1,1,1,0,0,1,0,1,0,1
"976",3.01533297264277,0.413742385827255,"MN",2023-08-22,1,0,0,1,1,1,1,1,0,0,0,0,1,0,1,0,0,0
"977",2.17290646495101,0.386502552205555,"MN",2023-08-23,1,1,1,1,0,1,1,1,1,0,0,1,1,0,0,1,0,1
"978",2.82930311287718,0.386662898071024,"MN",2023-08-24,1,0,1,0,1,1,1,1,1,0,0,0,0,0,1,1,0,1
"979",3.15169358914499,0.387365428705576,"MN",2023-08-25,0,1,1,1,0,1,1,1,1,0,0,0,0,1,0,0,1,1
"980",1.80826691645919,0.32848335597063,"MN",2023-08-26,1,1,0,1,1,1,1,0,1,1,0,0,1,0,0,1,0,1
"981",1.89969102222398,0.344039566544863,"MN",2023-08-27,1,1,1,1,1,0,1,1,1,0,0,0,1,0,0,1,1,0
"982",2.05763693131694,0.400969131989022,"MN",2023-08-28,1,0,1,1,1,1,1,1,1,1,0,0,0,0,0,1,0,0
"983",2.924791459616,0.41218274541586,"MN",2023-08-29,1,1,1,1,0,1,1,1,0,0,0,0,0,0,0,1,0,0
"984",3.08650030559071,0.399354483289324,"MN",2023-08-30,1,1,1,1,1,1,1,0,1,0,0,0,1,0,1,1,0,1
"985",2.67142506535352,0.393208604418091,"MN",2023-08-31,1,1,0,1,1,0,0,1,1,0,1,0,1,0,0,0,0,1
"986",2.86650187232369,0.398240802352253,"MN",2023-09-01,1,1,1,1,0,1,1,0,0,0,1,0,0,1,0,0,0,0
"987",2.89261767600272,0.356239983979873,"MN",2023-09-02,1,1,0,0,1,0,1,1,1,1,0,0,0,1,0,1,1,1
"988",1.66369890943769,0.377291890226586,"MN",2023-09-03,1,1,1,1,1,1,1,1,1,0,0,0,0,0,0,1,0,1
"989",3.28665047195982,0.401333235584175,"MN",2023-09-04,0,1,0,0,0,1,1,1,1,0,0,0,0,0,0,0,0,1
"990",2.71839722671715,0.405744438360695,"MN",2023-09-05,1,0,1,1,1,1,1,1,1,0,0,0,0,0,0,1,1,1
"991",1.69391009251068,0.387498537032762,"MN",2023-09-06,1,1,1,1,1,1,1,1,0,1,0,0,1,0,0,1,0,0
"992",4.43283459742082,0.468154070548128,"MN",2023-09-07,1,0,1,0,0,0,1,0,1,0,0,1,0,0,0,1,0,1
"993",2.11507351305047,0.362611722207007,"MN",2023-09-08,1,1,0,1,1,1,1,1,1,0,0,0,0,1,0,1,0,1
"994",1.83937002179244,0.396577967384764,"MN",2023-09-09,1,0,1,1,1,1,1,1,1,0,0,1,0,0,0,1,0,1
"995",2.0779074792054,0.360892998690236,"MN",2023-09-10,1,1,1,1,1,1,0,1,0,0,0,0,0,0,1,0,0,0
"996",5.5862085595887,0.367362134437801,"MN",2023-09-11,0,1,0,1,1,0,1,1,0,0,0,0,0,1,0,0,0,0
"997",4.91315518529098,0.39354826555804,"MN",2023-09-12,0,0,1,1,1,1,1,1,0,0,0,0,0,1,0,1,0,0
"998",7.01095084642654,0.406650835761928,"MN",2023-09-13,0,1,1,0,1,0,0,1,0,0,0,0,0,0,0,0,0,0
"999",4.49130920164454,0.350273124236122,"MN",2023-09-14,1,0,0,1,0,1,1,1,1,0,1,0,0,0,0,1,0,1
"1000",2.83781290355592,0.382957864513112,"MN",2023-09-15,1,0,1,1,1,1,0,1,1,1,0,0,0,0,0,1,1,1
"1001",1.94150742155286,0.344466989533858,"MN",2023-09-16,1,1,1,1,1,1,1,1,0,0,0,0,0,0,0,1,1,0
"1002",5.33292956283467,0.389033039728986,"MN",2023-09-17,1,1,1,0,1,0,1,1,0,0,0,0,0,0,0,0,0,0
"1003",5.3791473943904,0.358036497195195,"MN",2023-09-18,0,1,1,0,1,1,1,1,0,1,0,0,0,0,0,0,0,0
"1004",6.96778512114854,0.373023022613748,"MN",2023-09-19,1,1,0,0,1,1,0,1,0,1,0,0,0,0,0,0,0,0
"1005",6.18395803351753,0.36775188937125,"MN",2023-09-20,1,1,1,1,1,1,1,1,0,0,0,0,0,0,0,0,0,0
"1006",9.20528518884057,0.396718198922081,"MN",2023-09-21,1,1,1,0,0,0,1,0,0,0,1,0,0,0,0,1,0,0
"1007",5.40876699371767,0.387654962007486,"MN",2023-09-22,1,0,1,0,1,1,1,1,0,0,0,0,0,0,0,1,0,0
"1008",7.07053985267056,0.426987899529606,"MN",2023-09-23,1,0,0,1,1,0,0,1,0,0,1,0,1,0,0,0,0,1
"1009",NA,NA,"MO",2023-08-13,NA,NA,NA,NA,NA,NA,NA,NA,NA,NA,NA,NA,NA,NA,NA,NA,NA,NA
"1010",NA,NA,"MO",2023-08-14,NA,NA,NA,NA,NA,NA,NA,NA,NA,NA,NA,NA,NA,NA,NA,NA,NA,NA
"1011",1.46742430888106,0.485537406488218,"MO",2023-08-15,1,0,1,1,1,1,1,1,1,0,0,0,1,1,1,1,1,1
"1012",1.14077847770431,0.339759892571834,"MO",2023-08-16,1,1,1,1,1,0,1,1,1,1,1,1,1,0,0,1,1,1
"1013",0.45461603340271,0.352843804526763,"MO",2023-08-17,1,1,1,1,1,1,1,1,1,1,1,0,1,0,1,1,1,1
"1014",0.471280008811605,0.330072529321952,"MO",2023-08-18,1,1,1,1,1,1,1,1,1,1,1,1,1,1,1,1,1,1
"1015",NA,NA,"MO",2023-08-19,NA,NA,NA,NA,NA,NA,NA,NA,NA,NA,NA,NA,NA,NA,NA,NA,NA,NA
"1016",0.48795031986372,0.320342089338201,"MO",2023-08-20,1,1,1,1,1,1,1,1,1,1,1,0,1,1,0,1,1,1
"1017",NA,NA,"MO",2023-08-21,NA,NA,NA,NA,NA,NA,NA,NA,NA,NA,NA,NA,NA,NA,NA,NA,NA,NA
"1018",NA,NA,"MO",2023-08-22,NA,NA,NA,NA,NA,NA,NA,NA,NA,NA,NA,NA,NA,NA,NA,NA,NA,NA
"1019",0.771364548866495,0.425997821833142,"MO",2023-08-23,1,1,1,1,0,1,1,1,1,1,1,1,1,1,1,1,1,1
"1020",0.459971419730672,0.364704750946697,"MO",2023-08-24,1,1,1,1,1,1,1,1,1,1,1,0,1,1,0,1,1,1
"1021",NA,NA,"MO",2023-08-25,NA,NA,NA,NA,NA,NA,NA,NA,NA,NA,NA,NA,NA,NA,NA,NA,NA,NA
"1022",0.659664979094188,0.428160254372101,"MO",2023-08-26,1,1,1,0,1,1,1,1,1,0,1,1,0,1,1,1,1,1
"1023",0.634028624757494,0.430825258769115,"MO",2023-08-27,1,1,1,0,1,1,1,1,1,1,1,0,0,1,1,1,1,1
"1024",1.35198935884672,0.350488097957025,"MO",2023-08-28,1,1,0,1,1,1,1,1,1,0,1,0,1,0,1,1,1,1
"1025",1.00466356208227,0.394650290484912,"MO",2023-08-29,0,1,1,1,1,1,1,1,1,0,1,0,1,0,0,1,1,1
"1026",0.393672083796373,0.271598363320344,"MO",2023-08-30,1,1,1,1,1,1,1,1,1,1,1,1,1,1,1,1,1,1
"1027",0.646271853389834,0.442160746316065,"MO",2023-08-31,1,1,1,0,1,1,1,1,1,1,1,1,1,1,1,1,1,1
"1028",1.0370576886607,0.461542990434227,"MO",2023-09-01,0,1,1,1,1,1,1,1,1,0,1,1,0,1,0,1,1,1
"1029",0.381975901234296,0.257150035909174,"MO",2023-09-02,1,1,1,1,1,1,1,1,1,1,1,1,1,1,1,1,1,1
"1030",0.489553330847956,0.389527945838509,"MO",2023-09-03,1,1,1,1,1,1,1,1,1,1,1,1,1,1,1,1,1,1
"1031",NA,NA,"MO",2023-09-04,NA,NA,NA,NA,NA,NA,NA,NA,NA,NA,NA,NA,NA,NA,NA,NA,NA,NA
"1032",1.80377590036386,0.496965734417531,"MO",2023-09-05,1,0,1,0,1,0,1,1,1,1,0,0,0,0,0,1,1,1
"1033",1.23600727431951,0.457890773501604,"MO",2023-09-06,1,0,1,1,1,1,1,0,1,1,0,0,0,1,1,1,0,1
"1034",0.351393716756357,0.233504189323677,"MO",2023-09-07,1,1,1,1,1,1,1,1,1,1,1,1,1,1,1,1,1,1
"1035",1.15903925549663,0.498130294860889,"MO",2023-09-08,1,0,1,1,1,1,1,1,1,1,0,0,1,1,1,1,1,1
"1036",0.332815546724533,0.224245961576149,"MO",2023-09-09,1,1,1,1,1,1,1,1,1,1,1,1,1,1,0,1,0,1
"1037",NA,NA,"MO",2023-09-10,NA,NA,NA,NA,NA,NA,NA,NA,NA,NA,NA,NA,NA,NA,NA,NA,NA,NA
"1038",NA,NA,"MO",2023-09-11,NA,NA,NA,NA,NA,NA,NA,NA,NA,NA,NA,NA,NA,NA,NA,NA,NA,NA
"1039",0.711891051489971,0.482175935228685,"MO",2023-09-12,1,1,1,0,1,1,1,1,1,1,1,1,0,1,0,1,1,1
"1040",0.322024800235424,0.206157585483084,"MO",2023-09-13,1,1,1,1,1,1,1,1,1,1,1,1,1,1,1,1,1,1
"1041",0.516658515632586,0.426617730373481,"MO",2023-09-14,1,1,1,1,1,1,1,1,1,0,1,0,1,1,1,1,1,1
"1042",NA,NA,"MO",2023-09-15,NA,NA,NA,NA,NA,NA,NA,NA,NA,NA,NA,NA,NA,NA,NA,NA,NA,NA
"1043",NA,NA,"MO",2023-09-16,NA,NA,NA,NA,NA,NA,NA,NA,NA,NA,NA,NA,NA,NA,NA,NA,NA,NA
"1044",0.296970055330843,0.18873342171427,"MO",2023-09-17,1,1,1,1,1,1,1,1,1,1,1,1,1,1,1,1,1,1
"1045",1.04531344649574,0.377254717879084,"MO",2023-09-18,0,1,1,1,1,1,1,1,1,0,1,1,1,0,1,1,1,1
"1046",0.802651911592226,0.394001500721918,"MO",2023-09-19,1,0,1,1,1,1,1,1,1,1,0,1,1,0,1,1,1,1
"1047",0.433090350245648,0.313360319021917,"MO",2023-09-20,1,1,1,1,1,1,1,1,1,1,1,0,1,1,0,1,1,1
"1048",1.36280815064721,0.402171710788955,"MO",2023-09-21,1,1,1,0,1,1,1,1,1,1,1,0,0,1,0,1,1,1
"1049",0.650332300666199,0.168036286316698,"MO",2023-09-22,1,1,1,1,1,0,1,1,1,1,1,1,1,1,1,1,1,1
"1050",NA,NA,"MO",2023-09-23,NA,NA,NA,NA,NA,NA,NA,NA,NA,NA,NA,NA,NA,NA,NA,NA,NA,NA
"1051",NA,NA,"MS",2023-08-13,NA,NA,NA,NA,NA,NA,NA,NA,NA,NA,NA,NA,NA,NA,NA,NA,NA,NA
"1052",2.92134020114442,0.307913881676532,"MS",2023-08-14,1,0,0,1,1,1,0,1,1,0,0,0,0,0,0,0,1,1
"1053",2.24350125315056,0.408985562413961,"MS",2023-08-15,1,0,1,1,1,1,1,1,1,0,0,0,0,1,0,0,1,1
"1054",2.35042436010236,0.312121392491893,"MS",2023-08-16,1,1,0,1,1,1,1,1,1,1,0,0,0,1,0,1,1,1
"1055",4.24380862449133,0.282243525513007,"MS",2023-08-17,1,1,0,1,1,1,1,1,1,0,1,0,0,0,0,1,1,1
"1056",0.762763517109124,0.296883768890365,"MS",2023-08-18,1,1,1,1,1,1,1,1,1,0,0,0,1,0,0,1,1,1
"1057",0.774707914748016,0.548644588421904,"MS",2023-08-19,1,1,1,0,1,1,1,1,1,1,1,1,0,1,0,1,1,1
"1058",NA,NA,"MS",2023-08-20,NA,NA,NA,NA,NA,NA,NA,NA,NA,NA,NA,NA,NA,NA,NA,NA,NA,NA
"1059",2.09852181407972,0.353910573586721,"MS",2023-08-21,1,1,1,0,1,1,1,0,1,0,0,0,1,1,0,1,0,1
"1060",3.71844300253932,0.361179286169042,"MS",2023-08-22,1,0,1,1,1,0,1,1,1,0,1,0,0,0,0,1,1,1
"1061",1.52693162966172,0.480899670276996,"MS",2023-08-23,1,1,0,0,1,0,1,1,1,1,1,1,0,0,0,1,1,0
"1062",1.34582154043583,0.5247995231927,"MS",2023-08-24,1,0,0,1,1,1,1,0,1,1,0,0,0,1,0,1,0,1
"1063",1.16356292410009,0.404941520616719,"MS",2023-08-25,1,1,1,1,1,1,1,0,1,1,1,0,1,0,0,1,1,1
"1064",NA,NA,"MS",2023-08-26,NA,NA,NA,NA,NA,NA,NA,NA,NA,NA,NA,NA,NA,NA,NA,NA,NA,NA
"1065",NA,NA,"MS",2023-08-27,NA,NA,NA,NA,NA,NA,NA,NA,NA,NA,NA,NA,NA,NA,NA,NA,NA,NA
"1066",2.95014472189938,0.31327752755366,"MS",2023-08-28,1,1,0,0,0,1,1,1,1,0,0,0,0,0,1,1,0,1
"1067",1.81265915583866,0.296143174318297,"MS",2023-08-29,1,1,0,1,1,0,1,1,1,0,1,0,0,0,0,1,1,1
"1068",1.79121189195433,0.366772066737121,"MS",2023-08-30,1,1,1,1,1,0,1,1,1,0,0,0,0,1,1,1,1,1
"1069",0.706888427632893,0.198419086503262,"MS",2023-08-31,1,1,0,1,1,1,1,1,1,1,1,0,1,1,0,1,1,1
"1070",0.541934472143437,0.26939764422978,"MS",2023-09-01,1,1,1,1,1,1,1,1,1,1,0,1,1,1,0,1,1,1
"1071",NA,NA,"MS",2023-09-02,NA,NA,NA,NA,NA,NA,NA,NA,NA,NA,NA,NA,NA,NA,NA,NA,NA,NA
"1072",0.556231463731058,0.400427432624535,"MS",2023-09-03,1,1,1,1,1,0,1,1,1,1,0,1,1,1,0,1,1,1
"1073",NA,NA,"MS",2023-09-04,NA,NA,NA,NA,NA,NA,NA,NA,NA,NA,NA,NA,NA,NA,NA,NA,NA,NA
"1074",2.50174794117881,0.24270054443968,"MS",2023-09-05,1,1,0,1,1,1,1,1,1,1,1,0,0,1,0,1,1,1
"1075",1.7578784648408,0.311511105910319,"MS",2023-09-06,1,1,1,1,1,1,1,1,1,1,0,0,1,1,1,1,0,1
"1076",1.28796740419569,0.34720607323518,"MS",2023-09-07,1,1,1,1,1,1,1,1,1,0,0,1,1,0,0,1,0,1
"1077",2.31665654692567,0.322859077932738,"MS",2023-09-08,1,1,0,1,1,1,1,1,0,1,0,0,0,1,0,1,1,1
"1078",NA,NA,"MS",2023-09-09,NA,NA,NA,NA,NA,NA,NA,NA,NA,NA,NA,NA,NA,NA,NA,NA,NA,NA
"1079",NA,NA,"MS",2023-09-10,NA,NA,NA,NA,NA,NA,NA,NA,NA,NA,NA,NA,NA,NA,NA,NA,NA,NA
"1080",1.65892718720565,0.33694039525828,"MS",2023-09-11,1,1,1,1,1,1,1,1,1,1,0,0,1,0,1,1,1,1
"1081",2.31095193894409,0.414075868142155,"MS",2023-09-12,1,1,0,1,1,1,0,1,1,0,0,0,0,1,0,0,1,1
"1082",1.17754607297101,0.292754763467795,"MS",2023-09-13,1,1,0,1,1,1,1,1,1,1,1,0,0,1,0,0,1,1
"1083",2.28627054533268,0.494611132104249,"MS",2023-09-14,1,1,0,1,0,1,1,1,0,1,1,0,1,0,1,1,1,0
"1084",0.962705033103543,0.469993224419591,"MS",2023-09-15,1,0,1,1,1,1,1,1,1,1,0,0,1,1,1,1,1,1
"1085",NA,NA,"MS",2023-09-16,NA,NA,NA,NA,NA,NA,NA,NA,NA,NA,NA,NA,NA,NA,NA,NA,NA,NA
"1086",NA,NA,"MS",2023-09-17,NA,NA,NA,NA,NA,NA,NA,NA,NA,NA,NA,NA,NA,NA,NA,NA,NA,NA
"1087",1.31208254170756,0.361714132761376,"MS",2023-09-18,1,1,1,1,0,1,1,1,1,1,1,0,0,0,1,1,0,1
"1088",0.665306344666467,0.297370507052771,"MS",2023-09-19,1,1,1,1,1,1,1,1,1,0,1,1,1,1,0,1,1,1
"1089",2.02035330316858,0.438477139644142,"MS",2023-09-20,1,1,0,1,0,1,1,1,0,0,1,0,1,0,0,1,0,0
"1090",1.45856860269067,0.306664500986237,"MS",2023-09-21,1,0,0,1,1,1,1,1,1,1,0,0,0,1,0,1,1,1
"1091",1.09787319400153,0.26804654509848,"MS",2023-09-22,1,1,0,1,1,1,1,1,1,1,1,0,1,0,0,1,0,1
"1092",NA,NA,"MS",2023-09-23,NA,NA,NA,NA,NA,NA,NA,NA,NA,NA,NA,NA,NA,NA,NA,NA,NA,NA
"1093",NA,NA,"MT",2023-08-13,NA,NA,NA,NA,NA,NA,NA,NA,NA,NA,NA,NA,NA,NA,NA,NA,NA,NA
"1094",NA,NA,"MT",2023-08-14,NA,NA,NA,NA,NA,NA,NA,NA,NA,NA,NA,NA,NA,NA,NA,NA,NA,NA
"1095",NA,NA,"MT",2023-08-15,NA,NA,NA,NA,NA,NA,NA,NA,NA,NA,NA,NA,NA,NA,NA,NA,NA,NA
"1096",NA,NA,"MT",2023-08-16,NA,NA,NA,NA,NA,NA,NA,NA,NA,NA,NA,NA,NA,NA,NA,NA,NA,NA
"1097",NA,NA,"MT",2023-08-17,NA,NA,NA,NA,NA,NA,NA,NA,NA,NA,NA,NA,NA,NA,NA,NA,NA,NA
"1098",NA,NA,"MT",2023-08-18,NA,NA,NA,NA,NA,NA,NA,NA,NA,NA,NA,NA,NA,NA,NA,NA,NA,NA
"1099",NA,NA,"MT",2023-08-19,NA,NA,NA,NA,NA,NA,NA,NA,NA,NA,NA,NA,NA,NA,NA,NA,NA,NA
"1100",NA,NA,"MT",2023-08-20,NA,NA,NA,NA,NA,NA,NA,NA,NA,NA,NA,NA,NA,NA,NA,NA,NA,NA
"1101",NA,NA,"MT",2023-08-21,NA,NA,NA,NA,NA,NA,NA,NA,NA,NA,NA,NA,NA,NA,NA,NA,NA,NA
"1102",NA,NA,"MT",2023-08-22,NA,NA,NA,NA,NA,NA,NA,NA,NA,NA,NA,NA,NA,NA,NA,NA,NA,NA
"1103",NA,NA,"MT",2023-08-23,NA,NA,NA,NA,NA,NA,NA,NA,NA,NA,NA,NA,NA,NA,NA,NA,NA,NA
"1104",NA,NA,"MT",2023-08-24,NA,NA,NA,NA,NA,NA,NA,NA,NA,NA,NA,NA,NA,NA,NA,NA,NA,NA
"1105",NA,NA,"MT",2023-08-25,NA,NA,NA,NA,NA,NA,NA,NA,NA,NA,NA,NA,NA,NA,NA,NA,NA,NA
"1106",NA,NA,"MT",2023-08-26,NA,NA,NA,NA,NA,NA,NA,NA,NA,NA,NA,NA,NA,NA,NA,NA,NA,NA
"1107",NA,NA,"MT",2023-08-27,NA,NA,NA,NA,NA,NA,NA,NA,NA,NA,NA,NA,NA,NA,NA,NA,NA,NA
"1108",NA,NA,"MT",2023-08-28,NA,NA,NA,NA,NA,NA,NA,NA,NA,NA,NA,NA,NA,NA,NA,NA,NA,NA
"1109",NA,NA,"MT",2023-08-29,NA,NA,NA,NA,NA,NA,NA,NA,NA,NA,NA,NA,NA,NA,NA,NA,NA,NA
"1110",NA,NA,"MT",2023-08-30,NA,NA,NA,NA,NA,NA,NA,NA,NA,NA,NA,NA,NA,NA,NA,NA,NA,NA
"1111",NA,NA,"MT",2023-08-31,NA,NA,NA,NA,NA,NA,NA,NA,NA,NA,NA,NA,NA,NA,NA,NA,NA,NA
"1112",NA,NA,"MT",2023-09-01,NA,NA,NA,NA,NA,NA,NA,NA,NA,NA,NA,NA,NA,NA,NA,NA,NA,NA
"1113",NA,NA,"MT",2023-09-02,NA,NA,NA,NA,NA,NA,NA,NA,NA,NA,NA,NA,NA,NA,NA,NA,NA,NA
"1114",NA,NA,"MT",2023-09-03,NA,NA,NA,NA,NA,NA,NA,NA,NA,NA,NA,NA,NA,NA,NA,NA,NA,NA
"1115",NA,NA,"MT",2023-09-04,NA,NA,NA,NA,NA,NA,NA,NA,NA,NA,NA,NA,NA,NA,NA,NA,NA,NA
"1116",NA,NA,"MT",2023-09-05,NA,NA,NA,NA,NA,NA,NA,NA,NA,NA,NA,NA,NA,NA,NA,NA,NA,NA
"1117",NA,NA,"MT",2023-09-06,NA,NA,NA,NA,NA,NA,NA,NA,NA,NA,NA,NA,NA,NA,NA,NA,NA,NA
"1118",NA,NA,"MT",2023-09-07,NA,NA,NA,NA,NA,NA,NA,NA,NA,NA,NA,NA,NA,NA,NA,NA,NA,NA
"1119",NA,NA,"MT",2023-09-08,NA,NA,NA,NA,NA,NA,NA,NA,NA,NA,NA,NA,NA,NA,NA,NA,NA,NA
"1120",NA,NA,"MT",2023-09-09,NA,NA,NA,NA,NA,NA,NA,NA,NA,NA,NA,NA,NA,NA,NA,NA,NA,NA
"1121",NA,NA,"MT",2023-09-10,NA,NA,NA,NA,NA,NA,NA,NA,NA,NA,NA,NA,NA,NA,NA,NA,NA,NA
"1122",NA,NA,"MT",2023-09-11,NA,NA,NA,NA,NA,NA,NA,NA,NA,NA,NA,NA,NA,NA,NA,NA,NA,NA
"1123",NA,NA,"MT",2023-09-12,NA,NA,NA,NA,NA,NA,NA,NA,NA,NA,NA,NA,NA,NA,NA,NA,NA,NA
"1124",NA,NA,"MT",2023-09-13,NA,NA,NA,NA,NA,NA,NA,NA,NA,NA,NA,NA,NA,NA,NA,NA,NA,NA
"1125",NA,NA,"MT",2023-09-14,NA,NA,NA,NA,NA,NA,NA,NA,NA,NA,NA,NA,NA,NA,NA,NA,NA,NA
"1126",NA,NA,"MT",2023-09-15,NA,NA,NA,NA,NA,NA,NA,NA,NA,NA,NA,NA,NA,NA,NA,NA,NA,NA
"1127",NA,NA,"MT",2023-09-16,NA,NA,NA,NA,NA,NA,NA,NA,NA,NA,NA,NA,NA,NA,NA,NA,NA,NA
"1128",NA,NA,"MT",2023-09-17,NA,NA,NA,NA,NA,NA,NA,NA,NA,NA,NA,NA,NA,NA,NA,NA,NA,NA
"1129",NA,NA,"MT",2023-09-18,NA,NA,NA,NA,NA,NA,NA,NA,NA,NA,NA,NA,NA,NA,NA,NA,NA,NA
"1130",NA,NA,"MT",2023-09-19,NA,NA,NA,NA,NA,NA,NA,NA,NA,NA,NA,NA,NA,NA,NA,NA,NA,NA
"1131",NA,NA,"MT",2023-09-20,NA,NA,NA,NA,NA,NA,NA,NA,NA,NA,NA,NA,NA,NA,NA,NA,NA,NA
"1132",0.591167134964284,0.445110076938629,"MT",2023-09-21,1,1,0,1,1,1,1,1,1,1,1,0,1,1,0,1,1,1
"1133",NA,NA,"MT",2023-09-22,NA,NA,NA,NA,NA,NA,NA,NA,NA,NA,NA,NA,NA,NA,NA,NA,NA,NA
"1134",NA,NA,"MT",2023-09-23,NA,NA,NA,NA,NA,NA,NA,NA,NA,NA,NA,NA,NA,NA,NA,NA,NA,NA
"1135",NA,NA,"NC",2023-08-13,NA,NA,NA,NA,NA,NA,NA,NA,NA,NA,NA,NA,NA,NA,NA,NA,NA,NA
"1136",2.09247739030422,0.402128697985703,"NC",2023-08-14,1,0,1,1,0,1,1,1,1,1,0,1,0,1,1,0,0,1
"1137",1.17705180537742,0.394651434493162,"NC",2023-08-15,1,1,1,1,0,1,1,1,1,1,0,0,1,0,1,1,0,1
"1138",1.801189947284,0.382748519935266,"NC",2023-08-16,1,1,1,1,0,1,1,1,1,0,1,0,0,0,1,0,1,1
"1139",3.10760734244676,0.430307450857163,"NC",2023-08-17,0,1,1,0,0,1,1,1,1,1,0,0,0,0,0,0,0,1
"1140",1.34523174102731,0.436546758157251,"NC",2023-08-18,1,1,1,1,0,1,1,1,1,1,1,0,0,0,0,1,1,1
"1141",1.13851520404597,0.294521057209045,"NC",2023-08-19,1,1,0,1,1,1,1,1,1,1,1,0,1,0,1,1,1,1
"1142",1.08679230232266,0.455725480782653,"NC",2023-08-20,1,0,1,1,1,1,1,1,1,1,1,1,0,1,0,1,1,1
"1143",1.50268477860431,0.394946906847781,"NC",2023-08-21,1,1,1,1,1,1,0,1,1,0,0,0,0,1,0,0,0,1
"1144",0.902418855164381,0.377626201988906,"NC",2023-08-22,1,1,1,1,1,1,1,1,1,0,0,0,1,1,1,1,1,1
"1145",1.71125529045976,0.381711456036626,"NC",2023-08-23,1,1,1,1,1,1,1,1,1,0,0,0,1,0,1,1,1,1
"1146",3.32247205147483,0.367822670167962,"NC",2023-08-24,1,1,0,1,1,0,1,1,1,0,0,0,0,1,0,1,0,0
"1147",2.8050319452709,0.416032336853705,"NC",2023-08-25,1,1,1,1,1,0,1,1,1,0,0,0,0,0,0,1,1,1
"1148",0.709268802979864,0.394504149989493,"NC",2023-08-26,1,1,1,1,0,1,1,1,1,1,0,0,1,0,0,1,1,1
"1149",1.20521478504589,0.37740691637619,"NC",2023-08-27,1,1,1,1,1,0,1,1,1,1,1,0,0,1,0,1,1,1
"1150",1.90074477411455,0.371922519421497,"NC",2023-08-28,1,1,0,1,1,1,1,1,1,1,1,0,1,0,0,1,0,1
"1151",3.29521368213457,0.47767773406839,"NC",2023-08-29,1,0,0,1,1,1,1,1,1,1,0,0,0,1,0,0,0,1
"1152",2.51265181637835,0.442679273435212,"NC",2023-08-30,1,0,1,1,1,0,1,1,1,1,0,0,0,1,0,1,1,1
"1153",2.77177456860216,0.438909856434463,"NC",2023-08-31,0,1,1,1,1,1,1,0,1,0,0,0,1,0,0,1,0,1
"1154",1.13165867292466,0.410455040311071,"NC",2023-09-01,1,1,1,1,1,0,1,1,1,1,1,0,0,0,1,1,1,1
"1155",0.871320085828759,0.367475046896936,"NC",2023-09-02,0,1,1,1,1,1,1,1,1,0,1,0,1,1,0,1,1,1
"1156",0.883951721141286,0.425186150250801,"NC",2023-09-03,1,0,1,1,1,1,1,1,1,1,0,0,1,1,0,1,0,1
"1157",1.10144477032932,0.353177259501264,"NC",2023-09-04,1,1,1,1,1,0,1,1,1,1,1,0,0,0,0,1,1,1
"1158",3.68076057317741,0.406762017751677,"NC",2023-09-05,1,1,1,0,1,0,1,1,1,0,0,0,0,0,1,1,1,1
"1159",3.80945133753105,0.459446560523741,"NC",2023-09-06,1,1,1,0,0,0,1,1,1,1,0,0,0,0,0,1,0,1
"1160",4.08865972069498,0.387828893178719,"NC",2023-09-07,0,1,0,0,0,0,1,1,1,0,1,0,0,0,0,1,0,1
"1161",1.26226874664107,0.312311837673376,"NC",2023-09-08,1,1,1,1,1,0,1,1,1,0,1,0,1,1,0,1,1,0
"1162",0.654858204408133,0.275101949246642,"NC",2023-09-09,1,1,1,1,1,1,1,1,1,1,1,0,1,0,0,1,0,1
"1163",NA,NA,"NC",2023-09-10,NA,NA,NA,NA,NA,NA,NA,NA,NA,NA,NA,NA,NA,NA,NA,NA,NA,NA
"1164",2.23467749995857,0.39039480320809,"NC",2023-09-11,1,0,0,1,1,1,1,1,1,0,0,0,1,1,0,1,1,1
"1165",4.9504167363013,0.491487795728176,"NC",2023-09-12,1,1,1,0,0,0,1,1,0,1,1,0,1,0,0,1,1,0
"1166",2.79609872445277,0.445854415520074,"NC",2023-09-13,1,1,1,0,1,1,1,1,1,0,0,0,0,1,0,1,1,1
"1167",2.6086887485338,0.430376274718783,"NC",2023-09-14,1,0,1,1,0,0,1,1,1,1,0,1,1,0,0,1,0,1
"1168",1.36729935410907,0.410024321018884,"NC",2023-09-15,1,1,1,1,0,1,1,0,1,1,1,1,1,0,0,1,0,1
"1169",NA,NA,"NC",2023-09-16,NA,NA,NA,NA,NA,NA,NA,NA,NA,NA,NA,NA,NA,NA,NA,NA,NA,NA
"1170",0.794106964978702,0.571971911862566,"NC",2023-09-17,1,1,1,0,1,1,1,1,1,1,1,1,0,1,0,1,1,1
"1171",1.70255602662451,0.391872116091125,"NC",2023-09-18,1,0,1,1,1,1,0,1,1,1,0,0,1,0,0,0,1,1
"1172",2.01003535015584,0.418523192593729,"NC",2023-09-19,1,0,1,1,1,0,1,1,1,0,0,0,0,1,0,1,0,1
"1173",1.46529823023654,0.432468176545503,"NC",2023-09-20,1,1,1,1,1,1,0,1,1,0,0,1,1,0,0,0,0,1
"1174",2.42313486130975,0.404387575748249,"NC",2023-09-21,1,1,1,1,0,0,1,1,1,1,0,0,0,0,0,0,0,1
"1175",1.1217742142705,0.271922810041297,"NC",2023-09-22,1,1,1,1,1,1,1,1,1,1,1,1,0,1,0,1,1,1
"1176",0.876923806134253,0.631525137428562,"NC",2023-09-23,1,0,1,1,1,1,1,1,1,1,0,1,1,1,0,1,1,1
"1177",NA,NA,"ND",2023-08-13,NA,NA,NA,NA,NA,NA,NA,NA,NA,NA,NA,NA,NA,NA,NA,NA,NA,NA
"1178",NA,NA,"ND",2023-08-14,NA,NA,NA,NA,NA,NA,NA,NA,NA,NA,NA,NA,NA,NA,NA,NA,NA,NA
"1179",NA,NA,"ND",2023-08-15,NA,NA,NA,NA,NA,NA,NA,NA,NA,NA,NA,NA,NA,NA,NA,NA,NA,NA
"1180",NA,NA,"ND",2023-08-16,NA,NA,NA,NA,NA,NA,NA,NA,NA,NA,NA,NA,NA,NA,NA,NA,NA,NA
"1181",0.521068118533378,0.386245592541507,"ND",2023-08-17,1,1,1,1,1,0,1,1,1,1,1,1,1,0,0,1,1,1
"1182",1.31355448831115,0.483686367587973,"ND",2023-08-18,1,1,1,0,1,1,1,1,1,1,1,1,0,0,1,1,1,1
"1183",NA,NA,"ND",2023-08-19,NA,NA,NA,NA,NA,NA,NA,NA,NA,NA,NA,NA,NA,NA,NA,NA,NA,NA
"1184",NA,NA,"ND",2023-08-20,NA,NA,NA,NA,NA,NA,NA,NA,NA,NA,NA,NA,NA,NA,NA,NA,NA,NA
"1185",0.459700428154823,0.259375116563381,"ND",2023-08-21,1,1,1,1,1,1,1,1,1,1,0,0,1,1,1,1,1,1
"1186",NA,NA,"ND",2023-08-22,NA,NA,NA,NA,NA,NA,NA,NA,NA,NA,NA,NA,NA,NA,NA,NA,NA,NA
"1187",0.699317875591825,0.377071675136844,"ND",2023-08-23,1,1,1,1,1,1,1,1,1,1,1,1,0,1,0,1,1,1
"1188",0.703623700530474,0.513718329388036,"ND",2023-08-24,1,0,1,1,1,1,1,1,1,1,0,1,0,1,1,1,1,1
"1189",1.26096099586022,0.529027170738874,"ND",2023-08-25,0,1,1,1,1,1,1,1,1,0,0,0,1,0,1,1,1,1
"1190",NA,NA,"ND",2023-08-26,NA,NA,NA,NA,NA,NA,NA,NA,NA,NA,NA,NA,NA,NA,NA,NA,NA,NA
"1191",NA,NA,"ND",2023-08-27,NA,NA,NA,NA,NA,NA,NA,NA,NA,NA,NA,NA,NA,NA,NA,NA,NA,NA
"1192",0.948482160752955,0.511040125845158,"ND",2023-08-28,1,1,1,0,0,1,1,1,1,1,1,0,0,0,0,1,1,1
"1193",0.709128703746586,0.418956173002366,"ND",2023-08-29,1,1,1,0,1,1,1,1,1,0,1,0,0,1,0,1,1,1
"1194",0.436936779927338,0.327633152997342,"ND",2023-08-30,1,1,1,1,1,1,1,1,1,1,1,1,1,1,1,1,1,1
"1195",0.702098683299861,0.522526538769817,"ND",2023-08-31,1,1,1,1,0,1,1,1,1,1,1,1,1,0,1,1,0,1
"1196",NA,NA,"ND",2023-09-01,NA,NA,NA,NA,NA,NA,NA,NA,NA,NA,NA,NA,NA,NA,NA,NA,NA,NA
"1197",NA,NA,"ND",2023-09-02,NA,NA,NA,NA,NA,NA,NA,NA,NA,NA,NA,NA,NA,NA,NA,NA,NA,NA
"1198",NA,NA,"ND",2023-09-03,NA,NA,NA,NA,NA,NA,NA,NA,NA,NA,NA,NA,NA,NA,NA,NA,NA,NA
"1199",NA,NA,"ND",2023-09-04,NA,NA,NA,NA,NA,NA,NA,NA,NA,NA,NA,NA,NA,NA,NA,NA,NA,NA
"1200",0.723334994955983,0.530019608456733,"ND",2023-09-05,1,1,1,1,0,1,1,1,1,1,0,1,1,0,1,1,1,1
"1201",1.05274452959594,0.459068196024926,"ND",2023-09-06,1,0,1,1,1,1,1,1,1,1,0,1,0,0,0,1,1,1
"1202",0.374770794227954,0.290507073492563,"ND",2023-09-07,1,1,1,1,1,1,1,1,1,1,1,1,0,1,0,1,1,1
"1203",0.86130688631855,0.622163474352723,"ND",2023-09-08,1,1,1,1,1,1,1,1,0,1,1,1,1,1,0,1,1,0
"1204",NA,NA,"ND",2023-09-09,NA,NA,NA,NA,NA,NA,NA,NA,NA,NA,NA,NA,NA,NA,NA,NA,NA,NA
"1205",NA,NA,"ND",2023-09-10,NA,NA,NA,NA,NA,NA,NA,NA,NA,NA,NA,NA,NA,NA,NA,NA,NA,NA
"1206",0.436205093505788,0.285094463896739,"ND",2023-09-11,1,1,1,1,1,1,1,1,1,1,1,1,1,1,1,1,1,1
"1207",NA,NA,"ND",2023-09-12,NA,NA,NA,NA,NA,NA,NA,NA,NA,NA,NA,NA,NA,NA,NA,NA,NA,NA
"1208",NA,NA,"ND",2023-09-13,NA,NA,NA,NA,NA,NA,NA,NA,NA,NA,NA,NA,NA,NA,NA,NA,NA,NA
"1209",NA,NA,"ND",2023-09-14,NA,NA,NA,NA,NA,NA,NA,NA,NA,NA,NA,NA,NA,NA,NA,NA,NA,NA
"1210",0.303366811989922,0.253677060389271,"ND",2023-09-15,1,1,1,1,1,1,1,1,1,1,1,1,1,1,1,1,1,1
"1211",NA,NA,"ND",2023-09-16,NA,NA,NA,NA,NA,NA,NA,NA,NA,NA,NA,NA,NA,NA,NA,NA,NA,NA
"1212",NA,NA,"ND",2023-09-17,NA,NA,NA,NA,NA,NA,NA,NA,NA,NA,NA,NA,NA,NA,NA,NA,NA,NA
"1213",0.301127022963157,0.240142056923245,"ND",2023-09-18,1,1,1,1,1,1,1,1,1,1,1,0,1,1,0,1,1,1
"1214",1.19320287977699,0.324186854539327,"ND",2023-09-19,1,1,0,1,1,1,1,1,1,1,1,0,1,1,0,1,1,1
"1215",NA,NA,"ND",2023-09-20,NA,NA,NA,NA,NA,NA,NA,NA,NA,NA,NA,NA,NA,NA,NA,NA,NA,NA
"1216",1.26987680340078,0.61165332174601,"ND",2023-09-21,0,1,1,1,1,1,1,0,1,0,1,0,1,1,0,1,0,1
"1217",NA,NA,"ND",2023-09-22,NA,NA,NA,NA,NA,NA,NA,NA,NA,NA,NA,NA,NA,NA,NA,NA,NA,NA
"1218",NA,NA,"ND",2023-09-23,NA,NA,NA,NA,NA,NA,NA,NA,NA,NA,NA,NA,NA,NA,NA,NA,NA,NA
"1219",NA,NA,"NE",2023-08-13,NA,NA,NA,NA,NA,NA,NA,NA,NA,NA,NA,NA,NA,NA,NA,NA,NA,NA
"1220",NA,NA,"NE",2023-08-14,NA,NA,NA,NA,NA,NA,NA,NA,NA,NA,NA,NA,NA,NA,NA,NA,NA,NA
"1221",NA,NA,"NE",2023-08-15,NA,NA,NA,NA,NA,NA,NA,NA,NA,NA,NA,NA,NA,NA,NA,NA,NA,NA
"1222",NA,NA,"NE",2023-08-16,NA,NA,NA,NA,NA,NA,NA,NA,NA,NA,NA,NA,NA,NA,NA,NA,NA,NA
"1223",NA,NA,"NE",2023-08-17,NA,NA,NA,NA,NA,NA,NA,NA,NA,NA,NA,NA,NA,NA,NA,NA,NA,NA
"1224",NA,NA,"NE",2023-08-18,NA,NA,NA,NA,NA,NA,NA,NA,NA,NA,NA,NA,NA,NA,NA,NA,NA,NA
"1225",NA,NA,"NE",2023-08-19,NA,NA,NA,NA,NA,NA,NA,NA,NA,NA,NA,NA,NA,NA,NA,NA,NA,NA
"1226",NA,NA,"NE",2023-08-20,NA,NA,NA,NA,NA,NA,NA,NA,NA,NA,NA,NA,NA,NA,NA,NA,NA,NA
"1227",NA,NA,"NE",2023-08-21,NA,NA,NA,NA,NA,NA,NA,NA,NA,NA,NA,NA,NA,NA,NA,NA,NA,NA
"1228",NA,NA,"NE",2023-08-22,NA,NA,NA,NA,NA,NA,NA,NA,NA,NA,NA,NA,NA,NA,NA,NA,NA,NA
"1229",NA,NA,"NE",2023-08-23,NA,NA,NA,NA,NA,NA,NA,NA,NA,NA,NA,NA,NA,NA,NA,NA,NA,NA
"1230",NA,NA,"NE",2023-08-24,NA,NA,NA,NA,NA,NA,NA,NA,NA,NA,NA,NA,NA,NA,NA,NA,NA,NA
"1231",NA,NA,"NE",2023-08-25,NA,NA,NA,NA,NA,NA,NA,NA,NA,NA,NA,NA,NA,NA,NA,NA,NA,NA
"1232",NA,NA,"NE",2023-08-26,NA,NA,NA,NA,NA,NA,NA,NA,NA,NA,NA,NA,NA,NA,NA,NA,NA,NA
"1233",NA,NA,"NE",2023-08-27,NA,NA,NA,NA,NA,NA,NA,NA,NA,NA,NA,NA,NA,NA,NA,NA,NA,NA
"1234",NA,NA,"NE",2023-08-28,NA,NA,NA,NA,NA,NA,NA,NA,NA,NA,NA,NA,NA,NA,NA,NA,NA,NA
"1235",NA,NA,"NE",2023-08-29,NA,NA,NA,NA,NA,NA,NA,NA,NA,NA,NA,NA,NA,NA,NA,NA,NA,NA
"1236",NA,NA,"NE",2023-08-30,NA,NA,NA,NA,NA,NA,NA,NA,NA,NA,NA,NA,NA,NA,NA,NA,NA,NA
"1237",NA,NA,"NE",2023-08-31,NA,NA,NA,NA,NA,NA,NA,NA,NA,NA,NA,NA,NA,NA,NA,NA,NA,NA
"1238",NA,NA,"NE",2023-09-01,NA,NA,NA,NA,NA,NA,NA,NA,NA,NA,NA,NA,NA,NA,NA,NA,NA,NA
"1239",NA,NA,"NE",2023-09-02,NA,NA,NA,NA,NA,NA,NA,NA,NA,NA,NA,NA,NA,NA,NA,NA,NA,NA
"1240",NA,NA,"NE",2023-09-03,NA,NA,NA,NA,NA,NA,NA,NA,NA,NA,NA,NA,NA,NA,NA,NA,NA,NA
"1241",NA,NA,"NE",2023-09-04,NA,NA,NA,NA,NA,NA,NA,NA,NA,NA,NA,NA,NA,NA,NA,NA,NA,NA
"1242",0.807027968926176,0.353781334097536,"NE",2023-09-05,1,1,0,1,1,1,1,1,1,0,1,0,1,1,0,1,0,1
"1243",NA,NA,"NE",2023-09-06,NA,NA,NA,NA,NA,NA,NA,NA,NA,NA,NA,NA,NA,NA,NA,NA,NA,NA
"1244",NA,NA,"NE",2023-09-07,NA,NA,NA,NA,NA,NA,NA,NA,NA,NA,NA,NA,NA,NA,NA,NA,NA,NA
"1245",NA,NA,"NE",2023-09-08,NA,NA,NA,NA,NA,NA,NA,NA,NA,NA,NA,NA,NA,NA,NA,NA,NA,NA
"1246",NA,NA,"NE",2023-09-09,NA,NA,NA,NA,NA,NA,NA,NA,NA,NA,NA,NA,NA,NA,NA,NA,NA,NA
"1247",NA,NA,"NE",2023-09-10,NA,NA,NA,NA,NA,NA,NA,NA,NA,NA,NA,NA,NA,NA,NA,NA,NA,NA
"1248",NA,NA,"NE",2023-09-11,NA,NA,NA,NA,NA,NA,NA,NA,NA,NA,NA,NA,NA,NA,NA,NA,NA,NA
"1249",0.369584957931376,0.19258402045243,"NE",2023-09-12,1,1,1,1,1,1,1,1,1,1,1,0,1,1,0,1,1,1
"1250",NA,NA,"NE",2023-09-13,NA,NA,NA,NA,NA,NA,NA,NA,NA,NA,NA,NA,NA,NA,NA,NA,NA,NA
"1251",NA,NA,"NE",2023-09-14,NA,NA,NA,NA,NA,NA,NA,NA,NA,NA,NA,NA,NA,NA,NA,NA,NA,NA
"1252",NA,NA,"NE",2023-09-15,NA,NA,NA,NA,NA,NA,NA,NA,NA,NA,NA,NA,NA,NA,NA,NA,NA,NA
"1253",0.740413136857242,0.520059072646524,"NE",2023-09-16,1,1,1,1,0,1,1,1,1,1,1,1,1,0,0,1,1,1
"1254",NA,NA,"NE",2023-09-17,NA,NA,NA,NA,NA,NA,NA,NA,NA,NA,NA,NA,NA,NA,NA,NA,NA,NA
"1255",NA,NA,"NE",2023-09-18,NA,NA,NA,NA,NA,NA,NA,NA,NA,NA,NA,NA,NA,NA,NA,NA,NA,NA
"1256",NA,NA,"NE",2023-09-19,NA,NA,NA,NA,NA,NA,NA,NA,NA,NA,NA,NA,NA,NA,NA,NA,NA,NA
"1257",NA,NA,"NE",2023-09-20,NA,NA,NA,NA,NA,NA,NA,NA,NA,NA,NA,NA,NA,NA,NA,NA,NA,NA
"1258",NA,NA,"NE",2023-09-21,NA,NA,NA,NA,NA,NA,NA,NA,NA,NA,NA,NA,NA,NA,NA,NA,NA,NA
"1259",NA,NA,"NE",2023-09-22,NA,NA,NA,NA,NA,NA,NA,NA,NA,NA,NA,NA,NA,NA,NA,NA,NA,NA
"1260",NA,NA,"NE",2023-09-23,NA,NA,NA,NA,NA,NA,NA,NA,NA,NA,NA,NA,NA,NA,NA,NA,NA,NA
"1261",NA,NA,"NH",2023-08-13,NA,NA,NA,NA,NA,NA,NA,NA,NA,NA,NA,NA,NA,NA,NA,NA,NA,NA
"1262",0.798708377291893,0.411356508614125,"NH",2023-08-14,1,1,1,1,1,1,1,1,1,1,1,0,0,1,0,1,1,1
"1263",NA,NA,"NH",2023-08-15,NA,NA,NA,NA,NA,NA,NA,NA,NA,NA,NA,NA,NA,NA,NA,NA,NA,NA
"1264",NA,NA,"NH",2023-08-16,NA,NA,NA,NA,NA,NA,NA,NA,NA,NA,NA,NA,NA,NA,NA,NA,NA,NA
"1265",NA,NA,"NH",2023-08-17,NA,NA,NA,NA,NA,NA,NA,NA,NA,NA,NA,NA,NA,NA,NA,NA,NA,NA
"1266",NA,NA,"NH",2023-08-18,NA,NA,NA,NA,NA,NA,NA,NA,NA,NA,NA,NA,NA,NA,NA,NA,NA,NA
"1267",0.799515752208195,0.566470557633196,"NH",2023-08-19,1,1,1,1,1,1,1,0,1,1,1,1,1,1,0,1,0,1
"1268",NA,NA,"NH",2023-08-20,NA,NA,NA,NA,NA,NA,NA,NA,NA,NA,NA,NA,NA,NA,NA,NA,NA,NA
"1269",0.447195258868877,0.30497287537715,"NH",2023-08-21,1,1,1,1,1,1,1,1,1,1,1,0,1,1,0,1,1,1
"1270",0.792405298551754,0.567889474461265,"NH",2023-08-22,1,1,1,1,1,1,1,0,1,1,1,1,1,1,1,1,1,1
"1271",0.768655844523354,0.554537748003398,"NH",2023-08-23,0,1,1,1,1,1,1,1,1,0,1,1,1,1,0,1,1,1
"1272",NA,NA,"NH",2023-08-24,NA,NA,NA,NA,NA,NA,NA,NA,NA,NA,NA,NA,NA,NA,NA,NA,NA,NA
"1273",NA,NA,"NH",2023-08-25,NA,NA,NA,NA,NA,NA,NA,NA,NA,NA,NA,NA,NA,NA,NA,NA,NA,NA
"1274",NA,NA,"NH",2023-08-26,NA,NA,NA,NA,NA,NA,NA,NA,NA,NA,NA,NA,NA,NA,NA,NA,NA,NA
"1275",NA,NA,"NH",2023-08-27,NA,NA,NA,NA,NA,NA,NA,NA,NA,NA,NA,NA,NA,NA,NA,NA,NA,NA
"1276",NA,NA,"NH",2023-08-28,NA,NA,NA,NA,NA,NA,NA,NA,NA,NA,NA,NA,NA,NA,NA,NA,NA,NA
"1277",0.447085629017401,0.318954016837171,"NH",2023-08-29,1,1,1,1,1,1,1,1,1,1,1,1,1,1,1,1,1,1
"1278",0.41919029475247,0.290517530425794,"NH",2023-08-30,1,1,1,1,1,1,1,1,1,0,1,1,1,1,0,1,1,1
"1279",NA,NA,"NH",2023-08-31,NA,NA,NA,NA,NA,NA,NA,NA,NA,NA,NA,NA,NA,NA,NA,NA,NA,NA
"1280",NA,NA,"NH",2023-09-01,NA,NA,NA,NA,NA,NA,NA,NA,NA,NA,NA,NA,NA,NA,NA,NA,NA,NA
"1281",NA,NA,"NH",2023-09-02,NA,NA,NA,NA,NA,NA,NA,NA,NA,NA,NA,NA,NA,NA,NA,NA,NA,NA
"1282",NA,NA,"NH",2023-09-03,NA,NA,NA,NA,NA,NA,NA,NA,NA,NA,NA,NA,NA,NA,NA,NA,NA,NA
"1283",1.57676891379271,0.560414209288314,"NH",2023-09-04,1,0,1,1,1,1,1,1,1,1,0,0,1,1,1,1,1,1
"1284",NA,NA,"NH",2023-09-05,NA,NA,NA,NA,NA,NA,NA,NA,NA,NA,NA,NA,NA,NA,NA,NA,NA,NA
"1285",0.922488092020144,0.258533020406552,"NH",2023-09-06,1,1,1,1,1,0,1,1,1,1,1,1,0,1,0,1,0,1
"1286",NA,NA,"NH",2023-09-07,NA,NA,NA,NA,NA,NA,NA,NA,NA,NA,NA,NA,NA,NA,NA,NA,NA,NA
"1287",NA,NA,"NH",2023-09-08,NA,NA,NA,NA,NA,NA,NA,NA,NA,NA,NA,NA,NA,NA,NA,NA,NA,NA
"1288",NA,NA,"NH",2023-09-09,NA,NA,NA,NA,NA,NA,NA,NA,NA,NA,NA,NA,NA,NA,NA,NA,NA,NA
"1289",0.923939344750713,0.468122020641751,"NH",2023-09-10,0,1,1,1,1,1,1,1,1,0,1,1,1,1,0,1,1,1
"1290",NA,NA,"NH",2023-09-11,NA,NA,NA,NA,NA,NA,NA,NA,NA,NA,NA,NA,NA,NA,NA,NA,NA,NA
"1291",NA,NA,"NH",2023-09-12,NA,NA,NA,NA,NA,NA,NA,NA,NA,NA,NA,NA,NA,NA,NA,NA,NA,NA
"1292",0.330789530231605,0.227359432738789,"NH",2023-09-13,1,1,1,1,1,1,1,1,1,1,1,1,1,1,1,1,1,1
"1293",NA,NA,"NH",2023-09-14,NA,NA,NA,NA,NA,NA,NA,NA,NA,NA,NA,NA,NA,NA,NA,NA,NA,NA
"1294",NA,NA,"NH",2023-09-15,NA,NA,NA,NA,NA,NA,NA,NA,NA,NA,NA,NA,NA,NA,NA,NA,NA,NA
"1295",0.814957394396599,0.594049124064358,"NH",2023-09-16,1,1,1,1,1,1,1,0,1,1,1,1,1,1,0,1,0,1
"1296",NA,NA,"NH",2023-09-17,NA,NA,NA,NA,NA,NA,NA,NA,NA,NA,NA,NA,NA,NA,NA,NA,NA,NA
"1297",0.693519360065415,0.380532144253316,"NH",2023-09-18,1,1,1,0,1,1,1,1,1,1,1,1,0,1,1,1,0,1
"1298",NA,NA,"NH",2023-09-19,NA,NA,NA,NA,NA,NA,NA,NA,NA,NA,NA,NA,NA,NA,NA,NA,NA,NA
"1299",0.749796686205887,0.197583915901301,"NH",2023-09-20,1,1,1,1,1,0,1,1,1,1,1,0,1,1,0,1,1,1
"1300",1.31101590414317,0.44047419352357,"NH",2023-09-21,1,1,0,1,1,0,1,1,1,1,1,0,0,0,1,1,1,1
"1301",NA,NA,"NH",2023-09-22,NA,NA,NA,NA,NA,NA,NA,NA,NA,NA,NA,NA,NA,NA,NA,NA,NA,NA
"1302",NA,NA,"NH",2023-09-23,NA,NA,NA,NA,NA,NA,NA,NA,NA,NA,NA,NA,NA,NA,NA,NA,NA,NA
"1303",0.633789773193507,0.369343897930906,"NJ",2023-08-13,1,1,1,1,1,1,1,1,1,1,1,0,1,0,1,1,1,1
"1304",3.71046751061805,0.434454872869436,"NJ",2023-08-14,1,1,0,0,1,1,1,1,0,0,0,0,0,0,0,0,0,0
"1305",4.07801129827035,0.407410253752549,"NJ",2023-08-15,0,1,1,0,1,1,0,1,0,0,1,0,0,0,0,0,0,0
"1306",4.32061618016958,0.454162576342022,"NJ",2023-08-16,1,1,0,0,1,0,0,1,0,1,0,0,0,0,0,0,0,0
"1307",2.79232752648985,0.419603572197476,"NJ",2023-08-17,1,0,1,0,1,0,1,1,1,0,0,0,0,0,1,1,1,1
"1308",4.43239115969556,0.390122954372733,"NJ",2023-08-18,1,1,1,0,0,0,1,1,1,0,0,0,0,0,0,1,1,1
"1309",2.6491796216952,0.380246309154311,"NJ",2023-08-19,1,1,1,0,1,1,1,1,1,1,1,0,0,0,1,1,0,1
"1310",0.60413633028442,0.364888104091319,"NJ",2023-08-20,1,1,1,1,1,1,1,1,1,1,1,1,0,0,1,1,1,1
"1311",2.87098651773054,0.422095827473075,"NJ",2023-08-21,1,0,1,1,1,1,1,1,0,1,0,0,0,1,0,1,1,0
"1312",4.12173533054765,0.397936734067412,"NJ",2023-08-22,1,1,0,0,1,1,1,1,1,0,0,0,0,0,0,1,0,1
"1313",4.76082855970939,0.404736288480729,"NJ",2023-08-23,1,1,0,1,1,0,1,0,1,1,0,0,0,0,0,1,0,1
"1314",3.49010002152863,0.406676587064699,"NJ",2023-08-24,1,1,1,0,1,1,1,1,0,0,0,0,0,0,0,1,0,0
"1315",1.79956759682317,0.412048070248329,"NJ",2023-08-25,1,1,1,1,1,1,1,1,0,1,0,0,0,1,1,1,0,0
"1316",2.44563256000232,0.373137251792251,"NJ",2023-08-26,1,0,1,1,1,1,1,1,1,0,0,0,0,0,0,1,1,1
"1317",1.76989365355859,0.397171647938661,"NJ",2023-08-27,1,1,1,0,1,0,0,1,1,0,1,0,0,0,0,0,1,1
"1318",3.40568619176749,0.402671311227159,"NJ",2023-08-28,1,1,1,1,1,1,1,1,1,0,0,0,0,0,0,0,0,0
"1319",8.23592867318139,0.433604024051855,"NJ",2023-08-29,1,0,0,1,1,0,1,1,1,0,0,0,0,0,0,0,0,1
"1320",1.61359890473745,0.389955820661725,"NJ",2023-08-30,1,1,1,1,1,1,1,1,1,0,0,1,0,0,1,1,0,1
"1321",1.38787689939662,0.418188223237597,"NJ",2023-08-31,1,1,1,1,1,1,1,1,0,1,1,1,1,1,0,1,1,0
"1322",2.5222101148604,0.381848693662795,"NJ",2023-09-01,1,1,1,0,1,1,1,1,1,0,1,1,0,1,0,1,1,1
"1323",2.44126301933082,0.408380109534194,"NJ",2023-09-02,1,0,1,0,1,1,1,1,1,1,0,0,0,0,0,1,1,1
"1324",1.21418419874148,0.379561138835236,"NJ",2023-09-03,1,1,1,1,1,1,1,1,1,0,0,0,0,0,0,1,1,1
"1325",3.80111311810189,0.440029074399242,"NJ",2023-09-04,1,0,0,1,1,0,1,1,0,0,0,0,0,0,0,1,0,0
"1326",6.18661656619791,0.359158249068313,"NJ",2023-09-05,1,1,1,0,0,0,1,1,0,1,0,0,0,0,0,1,0,0
"1327",9.04895208891297,0.400753217931189,"NJ",2023-09-06,0,1,0,0,0,1,1,1,0,0,0,0,0,0,0,1,0,0
"1328",5.05338513248952,0.371989835247539,"NJ",2023-09-07,1,1,1,0,0,1,1,1,0,0,1,0,0,0,0,1,0,0
"1329",2.79017757583872,0.401484118939162,"NJ",2023-09-08,1,1,1,1,1,1,0,1,0,0,0,0,0,0,0,0,0,0
"1330",2.45077794282038,0.3422379867691,"NJ",2023-09-09,1,1,1,0,1,0,1,1,1,0,1,0,1,0,0,1,0,1
"1331",4.3245148145889,0.386696169026822,"NJ",2023-09-10,1,1,1,0,1,1,1,1,1,1,0,0,0,0,0,1,0,1
"1332",3.93872614617314,0.376998761354495,"NJ",2023-09-11,1,1,1,1,1,1,1,1,0,0,0,0,0,0,0,1,0,0
"1333",8.4475803581073,0.366518842282541,"NJ",2023-09-12,1,1,0,0,0,1,1,0,0,0,0,0,0,0,0,1,0,0
"1334",2.93388620056168,0.347586279905377,"NJ",2023-09-13,1,1,0,0,1,1,1,1,0,0,0,0,0,0,0,1,0,0
"1335",3.02585988447139,0.416139264967075,"NJ",2023-09-14,1,1,0,1,1,0,0,1,1,0,0,0,0,1,0,0,0,1
"1336",3.06722650299851,0.39403724096457,"NJ",2023-09-15,1,1,1,0,0,1,1,1,0,1,0,0,0,1,0,1,0,0
"1337",3.09561378849182,0.457184667642884,"NJ",2023-09-16,1,1,1,0,1,0,1,1,1,0,0,0,0,1,0,1,0,1
"1338",3.73651832548421,0.48340788652334,"NJ",2023-09-17,1,1,1,0,1,0,1,0,0,0,1,0,0,0,0,1,0,0
"1339",2.42427514592335,0.38111175220469,"NJ",2023-09-18,1,1,0,1,1,1,1,1,1,1,0,1,0,0,0,1,0,1
"1340",2.63010533779094,0.397324482326986,"NJ",2023-09-19,1,1,1,1,1,1,1,1,0,0,1,0,0,0,0,1,0,0
"1341",6.73015254453768,0.364945568719869,"NJ",2023-09-20,0,1,1,0,0,1,0,1,1,0,0,0,0,0,0,0,0,1
"1342",8.23005789473616,0.41523174641457,"NJ",2023-09-21,1,1,1,0,1,0,1,1,0,0,0,0,0,1,0,0,0,0
"1343",6.10784132187006,0.421590314561405,"NJ",2023-09-22,1,0,1,0,1,0,0,1,1,0,0,0,0,0,0,0,0,1
"1344",3.22950342583365,0.470364956589315,"NJ",2023-09-23,1,1,0,1,0,0,1,1,1,1,1,0,1,1,0,1,0,1
"1345",1.2470549065591,0.400357184617651,"NM",2023-08-13,1,1,1,1,1,1,1,1,1,1,0,0,0,1,0,1,1,1
"1346",1.87452321016116,0.433382298297021,"NM",2023-08-14,1,1,1,1,1,1,1,0,1,0,1,0,0,0,1,1,0,1
"1347",1.84629689369483,0.405751425110913,"NM",2023-08-15,1,1,1,1,1,1,1,0,1,0,0,0,0,0,0,1,0,1
"1348",2.30913253474269,0.410148787110957,"NM",2023-08-16,0,0,0,1,1,1,1,1,1,0,0,0,0,0,0,1,1,1
"1349",1.21313825387346,0.376897907201145,"NM",2023-08-17,1,1,0,1,1,1,1,1,1,0,1,0,1,1,0,1,1,1
"1350",1.76298026913436,0.43146844422897,"NM",2023-08-18,1,1,1,1,1,1,1,0,0,1,1,0,0,1,1,1,0,0
"1351",2.19186544278671,0.396866434020991,"NM",2023-08-19,1,0,1,1,0,1,1,1,1,1,0,1,0,0,0,1,1,1
"1352",1.18115304487606,0.392611157469096,"NM",2023-08-20,1,1,0,1,1,1,1,1,1,1,0,0,1,0,1,1,1,1
"1353",1.7052554285205,0.397189079962514,"NM",2023-08-21,1,0,1,0,1,1,1,1,1,1,0,0,1,0,0,1,1,1
"1354",2.58980328838698,0.401382096936955,"NM",2023-08-22,1,0,1,1,1,1,1,1,1,1,0,0,0,0,1,1,1,0
"1355",2.45861019099729,0.38596897134913,"NM",2023-08-23,1,1,0,1,1,1,1,1,1,0,0,0,0,1,0,1,1,1
"1356",3.70792664088812,0.417649344732869,"NM",2023-08-24,1,1,1,0,1,1,1,1,1,0,0,0,0,0,0,1,1,1
"1357",2.83436830783428,0.400761707884965,"NM",2023-08-25,1,0,0,1,1,0,1,1,1,1,0,1,1,0,1,1,1,1
"1358",2.61965902037333,0.433263543784024,"NM",2023-08-26,1,1,0,0,1,1,1,0,1,0,1,0,0,0,0,1,0,1
"1359",1.54238096461234,0.402253843261747,"NM",2023-08-27,0,1,0,1,1,1,1,1,1,0,0,0,1,1,0,1,1,1
"1360",2.7584896562667,0.399439546490622,"NM",2023-08-28,1,1,0,1,0,0,1,1,1,1,0,1,0,0,0,0,1,1
"1361",1.02228129325555,0.403148239976704,"NM",2023-08-29,0,1,1,1,1,1,1,1,1,0,0,0,1,1,0,1,1,1
"1362",1.35465123527548,0.354721366784355,"NM",2023-08-30,1,1,0,1,1,1,1,1,1,1,1,0,0,0,1,1,1,1
"1363",2.3770872318239,0.395411112328145,"NM",2023-08-31,1,1,0,1,1,0,1,1,1,1,1,0,1,1,0,1,1,0
"1364",0.709760056379691,0.395734372460358,"NM",2023-09-01,1,0,1,1,1,1,1,1,1,1,1,1,1,0,0,1,1,1
"1365",0.389181121372722,0.292050189006159,"NM",2023-09-02,1,1,1,1,1,1,1,1,1,1,1,1,1,1,1,1,1,1
"1366",4.11701236974755,0.408699503202826,"NM",2023-09-03,1,1,0,0,1,0,1,1,1,1,0,0,0,1,0,1,1,1
"1367",1.94888457309676,0.464067162696777,"NM",2023-09-04,0,1,1,1,1,1,1,0,0,0,0,1,1,0,0,1,0,0
"1368",1.30962259913583,0.41462250138741,"NM",2023-09-05,1,1,1,1,1,1,1,0,1,1,0,1,0,0,0,1,0,1
"1369",2.4875361859144,0.391004921401565,"NM",2023-09-06,0,1,1,1,1,1,1,1,1,0,0,0,1,0,0,0,0,1
"1370",4.13787079696046,0.430740969509132,"NM",2023-09-07,1,1,0,1,0,0,1,1,1,0,1,0,0,0,0,1,0,1
"1371",2.2261270220841,0.384275983804581,"NM",2023-09-08,0,1,0,1,1,1,1,1,1,0,1,0,1,0,0,0,1,1
"1372",1.75328547635352,0.447094943372609,"NM",2023-09-09,1,1,1,1,1,1,1,0,0,0,0,1,0,1,1,0,0,0
"1373",1.4974631147608,0.330817300699832,"NM",2023-09-10,1,1,1,1,1,0,1,1,1,1,1,0,1,0,0,1,1,1
"1374",2.18931915037613,0.400587403274384,"NM",2023-09-11,1,1,1,1,1,1,1,1,0,0,0,0,0,0,0,1,0,0
"1375",2.24338666844948,0.383324528211743,"NM",2023-09-12,1,1,0,1,1,1,1,1,1,1,0,0,0,1,1,1,1,1
"1376",2.76426758353491,0.452495123885435,"NM",2023-09-13,1,0,1,1,1,0,1,1,1,1,1,0,0,0,0,1,0,1
"1377",1.44519511530555,0.369711393629175,"NM",2023-09-14,1,1,1,1,1,1,1,0,1,0,0,0,0,1,0,1,0,1
"1378",1.87654363486304,0.397226413408466,"NM",2023-09-15,1,1,0,1,1,1,1,1,1,0,1,0,0,0,0,0,1,1
"1379",1.26083564737651,0.463055883852586,"NM",2023-09-16,1,1,1,1,1,1,0,1,0,1,1,0,1,1,0,0,1,0
"1380",1.18597431696976,0.574160083760586,"NM",2023-09-17,0,0,1,1,1,1,1,1,1,0,0,0,1,1,0,1,1,1
"1381",3.83159575397532,0.327306987167846,"NM",2023-09-18,1,1,0,1,0,1,1,1,1,1,0,0,0,0,0,1,1,1
"1382",3.74207248800488,0.449245362534095,"NM",2023-09-19,1,0,0,1,1,0,1,0,1,0,0,0,0,0,0,1,1,1
"1383",2.57785278449968,0.38670746383774,"NM",2023-09-20,1,1,0,1,0,1,1,1,1,0,0,0,0,0,0,1,0,1
"1384",3.5848614899196,0.316411734601258,"NM",2023-09-21,1,1,0,0,1,1,1,1,1,1,1,0,0,0,0,1,1,1
"1385",2.17387687022719,0.329625302237825,"NM",2023-09-22,1,1,0,1,1,1,1,1,1,0,0,0,0,0,0,0,1,1
"1386",4.5926740893765,0.3676722518702,"NM",2023-09-23,1,1,0,1,1,1,1,1,1,0,0,0,0,0,0,1,0,1
"1387",NA,NA,"NV",2023-08-13,NA,NA,NA,NA,NA,NA,NA,NA,NA,NA,NA,NA,NA,NA,NA,NA,NA,NA
"1388",0.675891107280997,0.37117110273431,"NV",2023-08-14,1,0,1,1,1,1,1,1,1,1,1,0,1,1,0,1,1,1
"1389",0.690093080527542,0.380998943623604,"NV",2023-08-15,1,1,1,1,1,1,1,1,1,0,0,0,0,1,1,1,1,1
"1390",1.07171154658647,0.407527713179372,"NV",2023-08-16,0,1,1,1,1,1,1,1,1,0,1,1,1,1,0,1,1,1
"1391",1.31842107978022,0.366018757156988,"NV",2023-08-17,1,1,1,0,1,1,1,1,1,1,1,0,1,1,0,1,1,1
"1392",NA,NA,"NV",2023-08-18,NA,NA,NA,NA,NA,NA,NA,NA,NA,NA,NA,NA,NA,NA,NA,NA,NA,NA
"1393",0.527554394800588,0.379564289665767,"NV",2023-08-19,1,1,1,1,1,0,1,1,1,1,1,1,1,1,1,1,1,1
"1394",NA,NA,"NV",2023-08-20,NA,NA,NA,NA,NA,NA,NA,NA,NA,NA,NA,NA,NA,NA,NA,NA,NA,NA
"1395",1.42174982056734,0.44246476338471,"NV",2023-08-21,0,1,1,1,1,1,1,1,0,0,1,1,0,0,0,1,1,0
"1396",1.61417345987905,0.376211011170778,"NV",2023-08-22,1,1,1,1,1,0,1,1,1,0,0,1,0,0,0,1,1,1
"1397",2.59680375306945,0.431172227463516,"NV",2023-08-23,0,1,1,1,1,0,1,1,1,0,1,1,0,1,0,1,1,1
"1398",2.46624066033679,0.397845858997959,"NV",2023-08-24,1,1,1,0,1,1,1,1,1,1,1,0,0,0,0,1,1,1
"1399",1.28069254765357,0.460836043065863,"NV",2023-08-25,0,1,1,1,1,1,0,1,1,1,1,0,1,0,0,0,1,1
"1400",1.01745501173694,0.384037646147066,"NV",2023-08-26,1,1,1,1,1,1,1,1,1,1,1,1,0,0,0,1,1,1
"1401",1.09279677113733,0.534707237691782,"NV",2023-08-27,1,0,1,1,0,1,1,1,1,1,0,1,0,0,0,1,1,1
"1402",1.43843455044059,0.322806027731411,"NV",2023-08-28,0,1,0,1,1,1,1,1,1,0,1,0,1,1,0,1,1,0
"1403",1.18741970410253,0.421487301609752,"NV",2023-08-29,1,1,1,1,1,0,1,1,1,0,0,0,0,0,0,1,1,1
"1404",3.02684063718796,0.422430924094694,"NV",2023-08-30,1,1,0,0,1,1,1,1,1,1,0,0,0,1,0,1,1,1
"1405",2.00484395793008,0.311179070744887,"NV",2023-08-31,1,1,1,1,1,0,1,1,1,0,1,0,0,0,1,1,1,1
"1406",NA,NA,"NV",2023-09-01,NA,NA,NA,NA,NA,NA,NA,NA,NA,NA,NA,NA,NA,NA,NA,NA,NA,NA
"1407",NA,NA,"NV",2023-09-02,NA,NA,NA,NA,NA,NA,NA,NA,NA,NA,NA,NA,NA,NA,NA,NA,NA,NA
"1408",NA,NA,"NV",2023-09-03,NA,NA,NA,NA,NA,NA,NA,NA,NA,NA,NA,NA,NA,NA,NA,NA,NA,NA
"1409",0.755092107954865,0.535364443272697,"NV",2023-09-04,1,1,1,1,0,1,1,1,1,0,1,1,1,0,1,1,1,1
"1410",1.64386325350435,0.359739585377224,"NV",2023-09-05,1,1,0,1,1,0,1,1,1,1,1,0,0,1,0,1,1,1
"1411",0.627157053556142,0.282880783102926,"NV",2023-09-06,1,1,1,1,1,1,1,1,1,1,0,0,0,1,0,1,1,1
"1412",2.17436758036579,0.366446313470276,"NV",2023-09-07,1,1,0,1,1,0,1,0,1,0,0,0,1,0,0,1,0,1
"1413",1.39344478375953,0.435457643221812,"NV",2023-09-08,1,1,0,1,1,1,1,1,0,1,0,0,0,1,0,1,0,0
"1414",0.960308545951489,0.284791417694342,"NV",2023-09-09,1,1,1,1,1,0,1,1,1,1,1,1,1,1,1,1,1,1
"1415",1.17809043569336,0.566082129621072,"NV",2023-09-10,0,1,1,0,1,1,1,1,1,0,1,0,0,1,1,1,1,1
"1416",1.0841231493609,0.285317227858993,"NV",2023-09-11,1,1,0,1,1,1,1,1,1,1,0,0,1,1,0,1,1,1
"1417",2.84236903381837,0.449121799975042,"NV",2023-09-12,1,0,1,1,1,0,1,1,1,0,0,0,1,1,0,1,1,1
"1418",1.95247871765224,0.522406728740202,"NV",2023-09-13,0,1,0,1,1,1,1,1,0,0,1,0,1,1,0,1,1,0
"1419",0.859413523853848,0.276245310542502,"NV",2023-09-14,1,1,1,1,1,1,1,1,1,1,1,0,1,1,0,1,1,1
"1420",0.983256697063499,0.300986318286719,"NV",2023-09-15,1,1,0,1,1,1,1,1,1,1,1,0,1,1,0,1,1,1
"1421",NA,NA,"NV",2023-09-16,NA,NA,NA,NA,NA,NA,NA,NA,NA,NA,NA,NA,NA,NA,NA,NA,NA,NA
"1422",NA,NA,"NV",2023-09-17,NA,NA,NA,NA,NA,NA,NA,NA,NA,NA,NA,NA,NA,NA,NA,NA,NA,NA
"1423",1.18027136804269,0.472406454806065,"NV",2023-09-18,1,0,1,0,1,1,1,1,1,1,1,0,0,1,1,1,1,1
"1424",0.838347352185337,0.353992053432083,"NV",2023-09-19,1,1,1,1,1,1,1,1,1,1,1,0,0,0,0,1,1,1
"1425",2.17927376922904,0.510309969390336,"NV",2023-09-20,1,0,1,1,1,1,0,0,1,1,0,0,0,0,0,0,0,1
"1426",2.38778982877406,0.299569981620191,"NV",2023-09-21,1,1,0,1,1,0,1,1,0,1,1,0,0,1,0,1,1,0
"1427",1.07110552112608,0.355049561187913,"NV",2023-09-22,0,1,1,1,1,1,1,1,1,0,1,1,0,1,1,1,1,1
"1428",NA,NA,"NV",2023-09-23,NA,NA,NA,NA,NA,NA,NA,NA,NA,NA,NA,NA,NA,NA,NA,NA,NA,NA
"1429",2.04860766686012,0.418627217215819,"NY",2023-08-13,1,1,1,1,1,1,1,1,1,1,0,0,0,0,0,1,0,1
"1430",6.30359130409979,0.430494530193435,"NY",2023-08-14,0,1,1,1,1,0,1,0,0,0,0,0,0,0,0,1,0,0
"1431",6.19455865982768,0.401635858980484,"NY",2023-08-15,1,1,1,0,1,1,1,1,0,0,1,0,0,0,0,1,0,0
"1432",7.43479779479758,0.402551345233076,"NY",2023-08-16,1,1,0,0,1,1,1,1,1,0,0,0,0,1,0,0,0,1
"1433",7.51054575007838,0.418720489570435,"NY",2023-08-17,0,1,1,0,1,0,0,1,1,0,0,1,0,0,0,0,0,1
"1434",5.64291749721303,0.423383556937153,"NY",2023-08-18,1,0,0,1,0,0,1,1,0,0,0,0,0,0,0,1,0,0
"1435",3.56273267611652,0.391123248194571,"NY",2023-08-19,1,1,1,0,0,1,1,0,1,1,0,0,0,0,0,0,0,1
"1436",2.00232895326539,0.362846282039794,"NY",2023-08-20,1,1,0,1,0,1,1,1,1,1,1,0,0,0,1,1,1,1
"1437",5.48626610503365,0.403307510169235,"NY",2023-08-21,1,1,1,1,1,1,0,1,0,0,0,0,0,0,0,0,0,0
"1438",4.90630377706488,0.405775028052842,"NY",2023-08-22,1,1,1,1,1,1,1,1,0,0,0,0,1,0,0,1,0,0
"1439",9.10365402013479,0.406376911800511,"NY",2023-08-23,1,1,0,1,0,1,1,1,0,0,0,0,0,0,0,0,1,1
"1440",9.41593702199761,0.397210548118278,"NY",2023-08-24,1,1,1,1,0,0,1,1,0,0,1,0,0,0,0,1,1,0
"1441",8.82681816687692,0.381654949455872,"NY",2023-08-25,1,0,1,1,1,0,1,0,0,0,0,0,0,0,0,1,0,0
"1442",5.79662814550844,0.398631134623278,"NY",2023-08-26,0,1,1,0,1,1,1,1,0,0,1,0,0,0,0,1,0,0
"1443",5.93796851521199,0.411433093026786,"NY",2023-08-27,1,0,1,1,1,1,0,1,1,0,0,0,0,0,0,0,0,0
"1444",10.3637828907484,0.397247305558367,"NY",2023-08-28,1,1,1,0,1,1,0,1,1,0,0,0,0,0,0,0,0,0
"1445",18.2614654196106,0.402667347096738,"NY",2023-08-29,1,1,1,0,0,1,1,1,0,0,0,0,0,0,0,0,0,0
"1446",7.67790773605691,0.406032235474859,"NY",2023-08-30,1,1,1,1,0,1,1,1,0,0,0,0,0,0,0,0,0,0
"1447",6.24089930758083,0.413561391823105,"NY",2023-08-31,1,1,1,0,1,0,0,1,0,0,0,0,0,0,0,0,0,0
"1448",6.46169787287706,0.401074170165007,"NY",2023-09-01,1,1,1,0,1,1,0,1,1,0,0,0,0,0,0,0,1,1
"1449",5.20085250791371,0.415815612508992,"NY",2023-09-02,1,0,1,1,1,1,0,0,0,0,0,0,0,0,0,0,0,0
"1450",9.3327952345111,0.399261834521357,"NY",2023-09-03,1,0,0,0,1,1,0,1,1,0,0,0,0,0,0,0,0,1
"1451",8.14616915679818,0.381930900678229,"NY",2023-09-04,1,0,1,1,0,0,0,1,1,0,0,0,0,1,0,0,0,1
"1452",21.080590037085,0.402042132422699,"NY",2023-09-05,1,0,1,0,0,0,0,1,0,0,0,0,0,0,0,0,0,0
"1453",26.5445223382433,0.421596427568592,"NY",2023-09-06,1,0,1,0,0,0,1,1,0,0,0,0,0,0,0,0,0,0
"1454",10.9445578129421,0.389363633810528,"NY",2023-09-07,0,1,1,0,1,1,0,1,0,0,0,0,0,0,1,0,0,0
"1455",19.4275709237318,0.395451279352097,"NY",2023-09-08,1,0,1,0,0,0,0,0,1,0,0,0,0,1,0,0,0,0
"1456",12.203805161676,0.400498214765986,"NY",2023-09-09,1,1,1,0,0,1,0,1,0,0,0,0,0,0,0,0,0,0
"1457",15.9426631775399,0.405239034162972,"NY",2023-09-10,0,1,1,0,0,0,0,1,1,0,0,0,0,0,0,0,0,0
"1458",15.0965047890482,0.386117973777221,"NY",2023-09-11,1,1,1,0,1,1,0,1,1,0,0,0,0,0,0,0,0,0
"1459",17.90097984465,0.39926471816965,"NY",2023-09-12,1,1,1,0,1,0,0,1,0,0,0,0,0,0,0,0,0,0
"1460",30.0197108275621,0.40271559211974,"NY",2023-09-13,1,1,1,0,0,0,0,1,0,0,0,0,0,0,0,0,0,0
"1461",15.3809072016434,0.405486812111306,"NY",2023-09-14,0,0,0,0,1,0,0,1,0,0,0,0,0,0,0,0,0,0
"1462",6.04470081208562,0.395825249480981,"NY",2023-09-15,1,1,1,1,0,1,0,0,0,0,1,0,0,0,0,0,0,0
"1463",9.588059485908,0.377764952426974,"NY",2023-09-16,1,0,0,0,0,1,1,1,0,0,0,0,0,0,0,1,0,0
"1464",7.85595250649312,0.387386389769117,"NY",2023-09-17,1,1,1,0,1,0,0,1,0,1,0,0,0,1,0,0,1,0
"1465",13.86287529269,0.385155257692927,"NY",2023-09-18,1,1,0,1,0,1,0,1,0,0,1,0,0,0,0,0,0,0
"1466",30.1211011295371,0.401244362691494,"NY",2023-09-19,1,0,0,0,0,0,1,1,0,0,0,1,0,0,0,1,0,0
"1467",21.61280888698,0.385722373316599,"NY",2023-09-20,0,0,1,0,0,0,0,1,0,0,0,0,0,0,0,0,0,0
"1468",18.557671480086,0.40441031654654,"NY",2023-09-21,0,1,1,0,1,0,1,0,0,0,0,0,0,0,0,0,0,0
"1469",22.4386886171353,0.407875386990208,"NY",2023-09-22,0,0,1,0,0,0,0,1,0,1,0,0,0,0,0,0,0,0
"1470",20.8915320965539,0.434992923349595,"NY",2023-09-23,1,1,1,0,1,0,0,1,0,0,0,0,0,0,0,0,1,0
"1471",1.3695293137427,0.46898087130387,"OH",2023-08-13,1,1,1,1,0,1,1,1,1,1,1,0,1,0,0,1,1,1
"1472",0.975187232951423,0.441914134581936,"OH",2023-08-14,1,1,1,1,1,1,1,1,1,1,1,0,0,0,0,1,1,1
"1473",0.824722468503679,0.585298803986506,"OH",2023-08-15,1,1,1,1,1,1,1,1,0,1,0,1,1,1,1,1,1,0
"1474",0.807516520988361,0.409422352557448,"OH",2023-08-16,1,1,1,1,1,1,1,1,1,0,0,1,0,0,1,1,1,1
"1475",1.33033629991015,0.400909956858357,"OH",2023-08-17,1,1,1,1,0,1,1,1,1,1,0,0,1,0,1,1,1,1
"1476",0.975359092587704,0.43458889324124,"OH",2023-08-18,0,1,1,1,1,1,1,1,1,0,0,0,1,0,1,1,1,1
"1477",0.527571648293534,0.36894208096247,"OH",2023-08-19,1,1,1,1,1,0,1,1,1,0,1,1,1,1,0,1,1,1
"1478",0.553920821804144,0.329913382542281,"OH",2023-08-20,1,1,1,1,1,1,1,1,1,1,1,0,1,1,0,1,1,1
"1479",1.43461536778621,0.367411351404755,"OH",2023-08-21,1,1,0,1,1,1,0,1,1,1,0,0,1,0,1,0,1,1
"1480",1.06699635775464,0.391274075976428,"OH",2023-08-22,1,1,1,1,1,1,1,1,1,1,0,0,1,0,0,1,1,1
"1481",2.24831242148894,0.43957375428136,"OH",2023-08-23,1,1,0,0,1,1,1,1,1,0,0,0,0,0,1,1,1,1
"1482",0.926419915420517,0.33073427957672,"OH",2023-08-24,1,1,1,1,1,0,1,1,1,1,0,0,1,0,0,1,1,1
"1483",0.721642025600003,0.40851919929928,"OH",2023-08-25,1,1,1,1,1,1,1,1,1,0,1,1,1,1,0,1,1,1
"1484",NA,NA,"OH",2023-08-26,NA,NA,NA,NA,NA,NA,NA,NA,NA,NA,NA,NA,NA,NA,NA,NA,NA,NA
"1485",0.996948648921176,0.501090464702855,"OH",2023-08-27,1,0,1,0,1,1,1,1,1,1,1,0,0,1,1,1,1,1
"1486",1.59810874463302,0.460495942420512,"OH",2023-08-28,1,1,0,0,1,1,1,1,1,0,0,0,0,1,1,1,1,1
"1487",1.88564888550258,0.380687846207382,"OH",2023-08-29,1,1,0,0,1,0,1,1,1,1,0,0,0,0,0,1,1,1
"1488",1.67258500188886,0.389526750341618,"OH",2023-08-30,1,1,0,1,1,1,1,1,1,0,1,0,1,1,0,1,1,1
"1489",0.727346669553411,0.396541633437913,"OH",2023-08-31,1,1,1,1,1,1,1,1,1,1,0,0,1,0,1,1,1,1
"1490",0.746434601021091,0.398207646806099,"OH",2023-09-01,1,1,1,1,0,1,1,1,1,1,1,0,1,0,0,1,1,1
"1491",0.719102168938464,0.49979723483875,"OH",2023-09-02,1,1,1,0,1,1,1,1,1,1,1,0,0,1,1,1,1,1
"1492",0.457908577097198,0.317521419534405,"OH",2023-09-03,1,1,1,1,1,1,1,1,1,1,1,1,1,1,1,1,1,1
"1493",NA,NA,"OH",2023-09-04,NA,NA,NA,NA,NA,NA,NA,NA,NA,NA,NA,NA,NA,NA,NA,NA,NA,NA
"1494",1.51190903147235,0.401164388452099,"OH",2023-09-05,1,1,1,1,1,1,1,1,0,0,0,0,0,0,0,1,1,0
"1495",1.28132336007853,0.407263314054873,"OH",2023-09-06,1,1,1,1,1,1,1,1,0,0,0,0,1,1,0,1,1,0
"1496",1.40180003809155,0.418005358567707,"OH",2023-09-07,1,0,1,1,1,1,1,1,1,1,1,0,0,1,0,1,1,1
"1497",1.26562515046094,0.385875835951066,"OH",2023-09-08,1,1,1,1,1,1,1,1,1,1,0,0,1,1,0,1,1,1
"1498",NA,NA,"OH",2023-09-09,NA,NA,NA,NA,NA,NA,NA,NA,NA,NA,NA,NA,NA,NA,NA,NA,NA,NA
"1499",0.903008063006956,0.267217473326692,"OH",2023-09-10,1,1,1,1,1,0,1,1,1,1,1,0,1,0,0,1,1,1
"1500",1.82966362780468,0.431896545647066,"OH",2023-09-11,1,1,1,1,1,0,1,1,0,1,0,0,1,1,1,1,1,0
"1501",1.01279510497651,0.382184283328734,"OH",2023-09-12,1,1,1,1,1,1,1,0,1,1,1,0,0,0,0,1,0,1
"1502",0.434888322479493,0.299078197424308,"OH",2023-09-13,1,1,1,1,1,1,1,1,1,1,1,1,0,1,0,1,1,1
"1503",1.97923817384295,0.328112988048793,"OH",2023-09-14,1,1,0,1,1,1,1,1,1,1,1,0,0,0,1,1,1,1
"1504",1.04970701033733,0.404817765354203,"OH",2023-09-15,0,1,1,1,1,1,1,1,1,1,1,0,1,0,1,1,1,1
"1505",0.335593147002524,0.23983525438437,"OH",2023-09-16,1,1,1,1,1,1,1,1,1,1,1,0,1,1,0,1,1,1
"1506",0.907777704832286,0.448920170043499,"OH",2023-09-17,1,1,1,0,1,1,1,1,1,0,1,0,1,1,1,1,1,1
"1507",1.77463541155354,0.402430678407675,"OH",2023-09-18,1,0,1,0,1,1,1,1,1,1,0,0,1,0,0,1,1,1
"1508",1.25975447885071,0.394721084899476,"OH",2023-09-19,1,1,1,1,1,1,1,1,0,0,0,0,1,0,1,1,1,0
"1509",2.27912951148738,0.499538971084836,"OH",2023-09-20,1,0,1,1,0,0,1,0,1,0,0,0,0,0,0,1,0,1
"1510",1.13629595901647,0.464444536652542,"OH",2023-09-21,1,0,1,1,1,1,1,0,1,1,0,0,1,0,0,1,0,1
"1511",0.797194285732629,0.353209687709331,"OH",2023-09-22,1,1,1,1,1,1,1,1,1,0,0,0,0,0,0,0,1,0
"1512",0.788989350354129,0.558069456304441,"OH",2023-09-23,1,1,1,0,1,1,1,1,1,1,1,1,0,1,0,1,1,1
"1513",0.336425609767465,0.241455827967475,"OK",2023-08-13,1,1,1,1,1,1,1,1,1,1,1,0,1,1,0,1,1,1
"1514",0.635043474754108,0.349846805567062,"OK",2023-08-14,1,1,1,0,1,1,1,1,1,1,1,1,0,1,0,1,1,1
"1515",0.33015739099112,0.2404789745222,"OK",2023-08-15,1,1,1,1,1,1,1,1,1,1,1,1,1,1,1,1,1,1
"1516",1.01568768335898,0.395424428868598,"OK",2023-08-16,1,1,1,1,1,1,0,1,1,0,0,0,0,1,0,0,1,1
"1517",0.918347211205097,0.358167261781596,"OK",2023-08-17,1,1,1,1,1,1,1,1,1,1,0,0,1,1,1,1,1,1
"1518",0.93901674432726,0.342589040567483,"OK",2023-08-18,0,1,1,1,1,1,1,1,1,0,1,0,0,1,0,1,1,1
"1519",NA,NA,"OK",2023-08-19,NA,NA,NA,NA,NA,NA,NA,NA,NA,NA,NA,NA,NA,NA,NA,NA,NA,NA
"1520",1.16637887833738,0.491533017254662,"OK",2023-08-20,0,1,1,1,1,1,1,1,1,1,1,0,1,0,1,1,1,1
"1521",2.4761046943051,0.34604524489209,"OK",2023-08-21,1,1,0,1,1,1,1,1,1,1,0,0,0,0,0,1,1,1
"1522",3.38086841002131,0.418870952413266,"OK",2023-08-22,0,1,1,0,1,1,1,1,1,0,0,0,1,0,0,1,1,1
"1523",1.91490813355779,0.436768821975209,"OK",2023-08-23,0,1,0,1,1,1,1,1,1,0,0,0,1,0,0,1,0,1
"1524",1.54141121236858,0.420444328254463,"OK",2023-08-24,1,1,1,0,1,1,1,0,1,1,0,0,0,0,0,1,0,1
"1525",1.04434262151647,0.403055699624907,"OK",2023-08-25,1,1,1,1,1,1,1,1,1,0,0,0,0,0,1,1,1,1
"1526",1.31866986354763,0.241221516146703,"OK",2023-08-26,1,1,0,1,1,1,1,1,1,1,1,0,1,1,0,1,1,1
"1527",0.714918054770373,0.388960308225124,"OK",2023-08-27,1,0,1,1,1,1,1,1,1,1,1,0,0,1,1,1,1,1
"1528",2.06523535264581,0.388190401740583,"OK",2023-08-28,0,1,1,1,1,1,1,1,1,0,0,0,0,0,0,1,1,1
"1529",2.41694024538495,0.411478942243134,"OK",2023-08-29,1,1,1,0,0,1,1,1,1,0,1,0,0,0,0,1,1,1
"1530",1.90836922055409,0.414143835485185,"OK",2023-08-30,1,1,1,0,1,1,1,1,0,0,0,1,0,1,0,1,1,0
"1531",0.906692573905811,0.386503074869641,"OK",2023-08-31,1,1,1,1,1,1,1,0,1,0,1,0,0,0,0,1,0,1
"1532",0.335704261803239,0.245948048691183,"OK",2023-09-01,1,1,1,1,1,1,1,1,1,1,1,0,1,1,0,1,1,1
"1533",1.07792105074625,0.535547914925804,"OK",2023-09-02,0,1,1,1,0,1,1,1,1,0,1,0,1,0,0,1,1,1
"1534",0.78884081562076,0.561967870363149,"OK",2023-09-03,0,1,1,1,1,1,1,1,1,0,1,1,1,1,0,1,1,1
"1535",0.436070194666266,0.306906757145223,"OK",2023-09-04,1,1,1,1,1,1,1,1,1,1,1,0,1,0,1,1,1,1
"1536",2.55945011942947,0.360067718403779,"OK",2023-09-05,0,1,0,1,1,1,1,1,1,0,1,0,0,0,1,0,1,1
"1537",1.16181033277601,0.394592371667067,"OK",2023-09-06,1,1,1,1,0,1,1,1,1,1,0,0,1,0,0,1,0,1
"1538",2.98620998429985,0.460203397330311,"OK",2023-09-07,1,1,0,0,1,1,1,1,1,0,1,0,0,0,0,1,1,1
"1539",0.938421193918406,0.342203996956208,"OK",2023-09-08,1,1,1,1,1,1,1,1,1,1,1,0,1,0,1,1,0,1
"1540",0.360170311975776,0.256938565533841,"OK",2023-09-09,1,1,1,1,1,1,1,1,1,1,1,0,1,1,0,1,1,1
"1541",2.33536407238124,0.489504150055478,"OK",2023-09-10,1,0,1,1,1,1,1,1,1,1,0,1,1,0,0,1,1,1
"1542",1.80033801271786,0.339621122185449,"OK",2023-09-11,1,1,0,1,1,1,1,1,1,0,0,0,0,0,0,1,1,1
"1543",1.25023868184868,0.396285104083815,"OK",2023-09-12,1,1,1,1,1,1,1,1,1,0,0,0,1,1,0,1,0,0
"1544",0.62206189112008,0.370806892487807,"OK",2023-09-13,1,1,1,1,1,1,1,1,1,0,1,1,1,0,0,0,1,1
"1545",0.863549407830785,0.357674662275498,"OK",2023-09-14,1,0,1,1,1,1,1,1,1,1,0,0,1,1,0,1,0,1
"1546",0.742304039415416,0.517672606769947,"OK",2023-09-15,1,1,1,0,1,1,1,1,1,1,1,1,1,1,1,1,1,1
"1547",0.894267993202765,0.270878596714359,"OK",2023-09-16,1,1,0,1,1,1,1,1,1,1,1,0,1,1,0,1,1,1
"1548",0.42927896893962,0.308600492093791,"OK",2023-09-17,1,1,1,1,1,1,1,1,1,1,1,0,1,1,0,1,1,1
"1549",0.86880605149679,0.327343982168767,"OK",2023-09-18,1,1,1,1,1,1,1,1,1,1,1,0,0,0,0,1,1,1
"1550",1.63507122112104,0.465485367289476,"OK",2023-09-19,1,1,1,0,1,0,1,1,1,1,0,0,0,0,0,1,1,1
"1551",0.993912950746394,0.295486254024252,"OK",2023-09-20,1,1,1,1,1,0,1,1,1,1,1,0,1,1,0,1,1,1
"1552",0.757095072751302,0.533412739522262,"OK",2023-09-21,1,1,1,1,0,1,1,1,1,1,1,1,1,1,1,1,1,1
"1553",0.399540306312121,0.28594563472806,"OK",2023-09-22,1,1,1,1,1,1,1,1,1,1,1,1,1,1,1,1,1,1
"1554",NA,NA,"OK",2023-09-23,NA,NA,NA,NA,NA,NA,NA,NA,NA,NA,NA,NA,NA,NA,NA,NA,NA,NA
"1555",2.41341366857474,0.411050750198165,"OR",2023-08-13,1,1,0,1,1,0,1,1,1,1,0,0,1,0,0,1,0,1
"1556",1.98463610233485,0.443647570484783,"OR",2023-08-14,1,1,1,1,0,1,0,1,1,1,1,0,0,0,0,0,1,1
"1557",2.15189834117673,0.3672401616278,"OR",2023-08-15,1,1,0,1,1,0,1,1,1,1,1,0,0,0,0,1,1,1
"1558",2.4834563958232,0.466815793262089,"OR",2023-08-16,1,1,0,0,1,0,0,1,1,0,0,0,0,1,0,0,1,1
"1559",1.19173132152992,0.396087014706001,"OR",2023-08-17,1,1,1,0,1,1,1,1,1,0,0,0,0,1,1,1,1,1
"1560",1.7548375920101,0.453358923541736,"OR",2023-08-18,1,1,1,1,1,1,0,0,1,0,0,1,0,1,0,0,0,1
"1561",0.954226374420966,0.411744133632746,"OR",2023-08-19,1,1,1,1,1,1,1,1,1,0,1,0,0,1,0,1,1,1
"1562",3.23954359870178,0.450027278509946,"OR",2023-08-20,0,1,1,0,1,0,1,1,1,0,0,1,1,0,0,1,1,1
"1563",2.48563209968731,0.440824394012815,"OR",2023-08-21,1,0,1,0,1,1,0,1,1,0,1,0,0,0,0,0,1,1
"1564",2.35984163018305,0.417056203210002,"OR",2023-08-22,0,1,0,1,1,1,1,1,1,0,0,0,1,0,0,1,1,1
"1565",1.65801757347003,0.467056309202989,"OR",2023-08-23,1,1,1,1,1,1,0,1,1,1,0,1,0,0,1,0,1,1
"1566",1.51609012214744,0.384701624560643,"OR",2023-08-24,1,1,1,1,1,1,1,1,1,1,0,0,0,0,0,1,1,1
"1567",1.55488307226585,0.414648258403711,"OR",2023-08-25,0,1,1,1,1,1,1,1,1,0,1,0,0,0,0,1,0,1
"1568",3.50231729845557,0.446181627412575,"OR",2023-08-26,1,1,1,1,0,0,0,1,1,0,0,0,0,0,0,0,0,1
"1569",1.61668030799453,0.425601808072392,"OR",2023-08-27,0,1,1,1,1,1,1,1,1,0,0,0,0,0,0,1,1,0
"1570",2.45179751532811,0.448120289664307,"OR",2023-08-28,1,0,1,1,1,1,1,1,0,0,0,0,0,0,0,1,1,0
"1571",1.62752253145478,0.390140142430575,"OR",2023-08-29,1,1,0,1,1,1,1,1,1,0,0,1,0,0,0,1,1,1
"1572",1.73767897563007,0.373769789793216,"OR",2023-08-30,1,1,1,1,1,0,1,0,1,1,0,0,0,0,0,1,0,1
"1573",1.25328951856806,0.42210561154843,"OR",2023-08-31,0,1,1,1,1,1,1,1,1,0,1,0,1,0,0,1,1,1
"1574",2.53397716560057,0.447128290041785,"OR",2023-09-01,0,1,0,1,1,1,0,1,1,0,0,0,1,1,1,0,1,1
"1575",1.72771528042207,0.420732536191181,"OR",2023-09-02,1,1,1,1,1,1,1,1,1,0,0,0,0,0,1,0,1,1
"1576",1.97079729331372,0.39492331637128,"OR",2023-09-03,0,1,1,1,1,0,1,1,1,0,0,0,1,0,0,1,0,1
"1577",1.24467542538964,0.411679309670962,"OR",2023-09-04,1,1,1,1,1,1,1,1,1,0,0,0,1,0,0,1,0,1
"1578",2.82595943481971,0.448805220917114,"OR",2023-09-05,0,1,0,1,0,0,0,1,1,0,0,0,0,1,0,0,1,1
"1579",1.96013125108136,0.428984125245758,"OR",2023-09-06,0,1,0,1,1,1,1,1,1,0,0,0,1,1,0,1,1,1
"1580",0.89213649074473,0.413937997637289,"OR",2023-09-07,1,1,1,1,1,1,1,1,0,1,1,1,0,1,1,1,1,0
"1581",1.40121685756468,0.346653253941768,"OR",2023-09-08,1,1,1,1,1,1,1,1,1,1,0,0,0,0,0,1,1,0
"1582",0.981744856850884,0.341310888614179,"OR",2023-09-09,1,1,1,1,1,1,1,1,1,0,0,1,1,1,0,1,1,1
"1583",1.34262642918802,0.356852166374614,"OR",2023-09-10,1,1,1,1,1,1,1,1,1,1,1,0,1,0,1,1,0,1
"1584",4.74992997957808,0.42949847262873,"OR",2023-09-11,0,1,0,1,1,0,1,1,1,0,0,0,0,0,0,1,0,1
"1585",2.78156797758859,0.435589499742218,"OR",2023-09-12,1,0,0,1,1,0,1,1,1,1,0,0,0,0,1,1,1,1
"1586",2.75168666344706,0.43684640523918,"OR",2023-09-13,1,1,1,0,1,0,1,1,1,0,0,0,0,0,1,1,1,1
"1587",1.35001229577758,0.47854757300496,"OR",2023-09-14,1,1,1,1,1,1,1,1,0,1,1,0,0,0,1,1,1,0
"1588",3.34001376223146,0.421335165138611,"OR",2023-09-15,1,1,0,1,1,0,1,1,1,0,1,0,0,0,0,1,1,1
"1589",1.43423572003268,0.449135679927536,"OR",2023-09-16,1,0,1,0,1,1,1,1,1,1,1,1,0,0,1,1,1,1
"1590",2.88304063321353,0.449560895343418,"OR",2023-09-17,0,1,1,1,0,0,1,1,1,0,1,0,0,0,0,1,0,1
"1591",3.10460263908409,0.446285423425889,"OR",2023-09-18,1,1,1,1,0,0,1,1,1,0,1,0,0,0,0,1,1,1
"1592",5.39262295658614,0.395206492175671,"OR",2023-09-19,1,1,0,1,1,0,1,1,1,0,1,0,0,0,1,1,0,1
"1593",1.48970853750805,0.415270663456355,"OR",2023-09-20,1,1,1,1,1,1,1,1,1,1,1,1,1,0,1,1,0,1
"1594",1.58418772996575,0.355411102484775,"OR",2023-09-21,1,1,0,1,1,1,0,1,1,0,1,0,0,0,1,0,1,1
"1595",1.01499384078453,0.512066623193764,"OR",2023-09-22,1,1,1,0,1,1,1,1,1,1,0,1,0,1,1,1,1,1
"1596",2.73482584784533,0.419147729318811,"OR",2023-09-23,1,1,0,1,1,0,1,1,1,1,1,0,0,1,0,1,1,1
"1597",NA,NA,"PA",2023-08-13,NA,NA,NA,NA,NA,NA,NA,NA,NA,NA,NA,NA,NA,NA,NA,NA,NA,NA
"1598",1.08925844547227,0.372492746527399,"PA",2023-08-14,1,1,0,1,1,1,1,1,1,1,1,0,0,1,0,1,1,1
"1599",1.18684307906199,0.376336096073012,"PA",2023-08-15,1,1,1,0,1,1,1,1,1,1,1,0,1,1,0,1,1,1
"1600",1.04073343508273,0.45952834657299,"PA",2023-08-16,0,1,1,1,1,1,1,1,1,0,1,1,0,0,1,1,0,1
"1601",2.30521686147591,0.36300672376426,"PA",2023-08-17,1,1,0,0,1,1,1,1,1,1,1,0,0,0,0,1,1,1
"1602",1.59234017525844,0.40780255379647,"PA",2023-08-18,1,1,0,1,0,1,1,1,1,0,0,0,0,0,0,1,1,1
"1603",1.60864748723681,0.480436433102625,"PA",2023-08-19,0,0,1,1,1,1,1,1,1,0,0,1,1,0,0,1,1,1
"1604",NA,NA,"PA",2023-08-20,NA,NA,NA,NA,NA,NA,NA,NA,NA,NA,NA,NA,NA,NA,NA,NA,NA,NA
"1605",1.54565268070354,0.389602185357775,"PA",2023-08-21,1,1,1,1,1,1,1,1,1,0,0,0,0,1,0,1,0,1
"1606",1.52272993284414,0.395051825977173,"PA",2023-08-22,1,1,1,0,1,1,1,1,1,0,0,0,0,0,0,1,1,1
"1607",3.25327372387164,0.407627783885718,"PA",2023-08-23,1,1,0,1,1,0,0,0,1,0,0,0,0,1,0,0,0,1
"1608",1.70292552604273,0.368678812158017,"PA",2023-08-24,1,1,1,1,1,0,1,1,1,0,0,0,1,1,1,1,1,1
"1609",2.46019358464951,0.404068478334288,"PA",2023-08-25,1,1,0,0,1,1,1,1,0,1,1,0,0,0,0,1,1,0
"1610",2.28204863980004,0.367604777123318,"PA",2023-08-26,1,1,1,1,1,0,1,1,1,0,0,1,0,0,0,0,1,1
"1611",1.38083091409933,0.448368398485801,"PA",2023-08-27,1,1,1,1,1,1,1,0,1,1,1,0,1,1,0,1,0,0
"1612",3.5818567752665,0.403105802915259,"PA",2023-08-28,1,0,1,0,1,1,1,1,1,0,0,0,0,1,0,0,1,1
"1613",1.94582933122149,0.391276549464419,"PA",2023-08-29,1,1,1,1,1,1,1,1,1,0,1,0,0,1,1,1,0,1
"1614",2.337823544649,0.386502460266011,"PA",2023-08-30,0,1,1,0,1,0,1,0,1,0,0,1,0,0,0,1,0,1
"1615",1.73901659375102,0.439767592969071,"PA",2023-08-31,1,0,1,1,1,1,1,1,0,0,0,0,0,1,0,1,1,0
"1616",1.55564272142982,0.465626178110076,"PA",2023-09-01,1,1,1,1,0,1,1,0,1,1,0,0,1,0,1,1,0,1
"1617",1.19173057314022,0.389766629932051,"PA",2023-09-02,1,1,1,1,1,1,1,1,0,1,0,0,0,0,0,1,1,0
"1618",0.968041900657764,0.38023323409994,"PA",2023-09-03,1,1,1,1,1,1,1,1,1,0,1,0,0,0,0,1,0,1
"1619",2.07937801090622,0.341123430812147,"PA",2023-09-04,1,1,0,0,1,1,1,0,1,1,0,0,0,1,0,1,0,1
"1620",2.41511197254781,0.374942356748807,"PA",2023-09-05,1,1,0,1,1,1,1,1,0,1,1,1,1,1,0,1,1,0
"1621",4.06497006086737,0.416792178908163,"PA",2023-09-06,1,0,0,0,1,1,0,1,1,0,0,0,0,0,1,1,1,1
"1622",2.30289627032307,0.376487612745179,"PA",2023-09-07,1,1,1,1,1,1,1,1,1,0,0,0,0,0,0,1,1,0
"1623",2.91442325182774,0.326382581363859,"PA",2023-09-08,1,1,1,0,1,0,1,1,1,0,0,0,1,0,0,0,0,1
"1624",3.03368831223084,0.355698882710121,"PA",2023-09-09,1,1,0,1,1,0,1,1,0,1,1,0,0,0,1,1,1,0
"1625",1.04594842103206,0.393609126982029,"PA",2023-09-10,1,0,1,1,1,1,1,1,1,1,1,0,0,0,0,1,1,1
"1626",2.35069784885106,0.391528827542695,"PA",2023-09-11,1,1,1,1,1,1,1,1,1,1,0,0,0,0,0,1,0,0
"1627",2.29750860934247,0.37609008766812,"PA",2023-09-12,1,0,1,0,0,1,1,1,1,1,0,0,0,0,0,1,1,1
"1628",2.00820015278,0.407086907946719,"PA",2023-09-13,1,1,1,1,1,1,1,0,1,0,0,0,0,0,1,1,0,1
"1629",0.883720038104233,0.305398343495976,"PA",2023-09-14,1,1,1,1,1,1,1,1,1,0,1,1,1,1,0,1,1,1
"1630",1.39047854858711,0.378123798847578,"PA",2023-09-15,1,1,1,1,1,1,1,1,0,1,0,0,0,0,0,1,0,0
"1631",0.632398735857022,0.326968228612387,"PA",2023-09-16,1,1,1,1,1,1,1,1,1,1,1,1,0,0,1,1,1,1
"1632",1.2803966376961,0.38200885773697,"PA",2023-09-17,1,1,1,0,1,1,1,1,1,1,1,0,0,0,0,1,0,1
"1633",3.24916370158528,0.410114300496649,"PA",2023-09-18,1,1,1,0,1,1,1,1,0,1,1,0,0,0,1,1,1,0
"1634",3.5837342728325,0.441582530506864,"PA",2023-09-19,1,1,0,0,1,0,1,1,0,0,0,0,1,0,1,1,0,0
"1635",3.19178416281983,0.356763441157076,"PA",2023-09-20,1,0,1,1,0,1,1,1,1,0,0,0,0,0,0,1,0,1
"1636",3.04198225795914,0.38213613301144,"PA",2023-09-21,1,0,0,1,0,1,1,0,0,1,0,0,0,0,0,1,0,0
"1637",2.87604269363394,0.384305751429534,"PA",2023-09-22,1,0,0,1,1,1,0,1,1,1,0,1,0,0,0,0,0,1
"1638",1.17643929564765,0.340565908690406,"PA",2023-09-23,1,1,1,1,1,1,1,0,1,1,1,0,1,0,0,1,0,1
"1639",NA,NA,"PR",2023-08-13,NA,NA,NA,NA,NA,NA,NA,NA,NA,NA,NA,NA,NA,NA,NA,NA,NA,NA
"1640",NA,NA,"PR",2023-08-14,NA,NA,NA,NA,NA,NA,NA,NA,NA,NA,NA,NA,NA,NA,NA,NA,NA,NA
"1641",NA,NA,"PR",2023-08-15,NA,NA,NA,NA,NA,NA,NA,NA,NA,NA,NA,NA,NA,NA,NA,NA,NA,NA
"1642",NA,NA,"PR",2023-08-16,NA,NA,NA,NA,NA,NA,NA,NA,NA,NA,NA,NA,NA,NA,NA,NA,NA,NA
"1643",NA,NA,"PR",2023-08-17,NA,NA,NA,NA,NA,NA,NA,NA,NA,NA,NA,NA,NA,NA,NA,NA,NA,NA
"1644",NA,NA,"PR",2023-08-18,NA,NA,NA,NA,NA,NA,NA,NA,NA,NA,NA,NA,NA,NA,NA,NA,NA,NA
"1645",NA,NA,"PR",2023-08-19,NA,NA,NA,NA,NA,NA,NA,NA,NA,NA,NA,NA,NA,NA,NA,NA,NA,NA
"1646",NA,NA,"PR",2023-08-20,NA,NA,NA,NA,NA,NA,NA,NA,NA,NA,NA,NA,NA,NA,NA,NA,NA,NA
"1647",NA,NA,"PR",2023-08-21,NA,NA,NA,NA,NA,NA,NA,NA,NA,NA,NA,NA,NA,NA,NA,NA,NA,NA
"1648",NA,NA,"PR",2023-08-22,NA,NA,NA,NA,NA,NA,NA,NA,NA,NA,NA,NA,NA,NA,NA,NA,NA,NA
"1649",NA,NA,"PR",2023-08-23,NA,NA,NA,NA,NA,NA,NA,NA,NA,NA,NA,NA,NA,NA,NA,NA,NA,NA
"1650",NA,NA,"PR",2023-08-24,NA,NA,NA,NA,NA,NA,NA,NA,NA,NA,NA,NA,NA,NA,NA,NA,NA,NA
"1651",NA,NA,"PR",2023-08-25,NA,NA,NA,NA,NA,NA,NA,NA,NA,NA,NA,NA,NA,NA,NA,NA,NA,NA
"1652",NA,NA,"PR",2023-08-26,NA,NA,NA,NA,NA,NA,NA,NA,NA,NA,NA,NA,NA,NA,NA,NA,NA,NA
"1653",NA,NA,"PR",2023-08-27,NA,NA,NA,NA,NA,NA,NA,NA,NA,NA,NA,NA,NA,NA,NA,NA,NA,NA
"1654",NA,NA,"PR",2023-08-28,NA,NA,NA,NA,NA,NA,NA,NA,NA,NA,NA,NA,NA,NA,NA,NA,NA,NA
"1655",NA,NA,"PR",2023-08-29,NA,NA,NA,NA,NA,NA,NA,NA,NA,NA,NA,NA,NA,NA,NA,NA,NA,NA
"1656",NA,NA,"PR",2023-08-30,NA,NA,NA,NA,NA,NA,NA,NA,NA,NA,NA,NA,NA,NA,NA,NA,NA,NA
"1657",NA,NA,"PR",2023-08-31,NA,NA,NA,NA,NA,NA,NA,NA,NA,NA,NA,NA,NA,NA,NA,NA,NA,NA
"1658",NA,NA,"PR",2023-09-01,NA,NA,NA,NA,NA,NA,NA,NA,NA,NA,NA,NA,NA,NA,NA,NA,NA,NA
"1659",NA,NA,"PR",2023-09-02,NA,NA,NA,NA,NA,NA,NA,NA,NA,NA,NA,NA,NA,NA,NA,NA,NA,NA
"1660",NA,NA,"PR",2023-09-03,NA,NA,NA,NA,NA,NA,NA,NA,NA,NA,NA,NA,NA,NA,NA,NA,NA,NA
"1661",NA,NA,"PR",2023-09-04,NA,NA,NA,NA,NA,NA,NA,NA,NA,NA,NA,NA,NA,NA,NA,NA,NA,NA
"1662",NA,NA,"PR",2023-09-05,NA,NA,NA,NA,NA,NA,NA,NA,NA,NA,NA,NA,NA,NA,NA,NA,NA,NA
"1663",NA,NA,"PR",2023-09-06,NA,NA,NA,NA,NA,NA,NA,NA,NA,NA,NA,NA,NA,NA,NA,NA,NA,NA
"1664",NA,NA,"PR",2023-09-07,NA,NA,NA,NA,NA,NA,NA,NA,NA,NA,NA,NA,NA,NA,NA,NA,NA,NA
"1665",NA,NA,"PR",2023-09-08,NA,NA,NA,NA,NA,NA,NA,NA,NA,NA,NA,NA,NA,NA,NA,NA,NA,NA
"1666",NA,NA,"PR",2023-09-09,NA,NA,NA,NA,NA,NA,NA,NA,NA,NA,NA,NA,NA,NA,NA,NA,NA,NA
"1667",NA,NA,"PR",2023-09-10,NA,NA,NA,NA,NA,NA,NA,NA,NA,NA,NA,NA,NA,NA,NA,NA,NA,NA
"1668",NA,NA,"PR",2023-09-11,NA,NA,NA,NA,NA,NA,NA,NA,NA,NA,NA,NA,NA,NA,NA,NA,NA,NA
"1669",NA,NA,"PR",2023-09-12,NA,NA,NA,NA,NA,NA,NA,NA,NA,NA,NA,NA,NA,NA,NA,NA,NA,NA
"1670",NA,NA,"PR",2023-09-13,NA,NA,NA,NA,NA,NA,NA,NA,NA,NA,NA,NA,NA,NA,NA,NA,NA,NA
"1671",NA,NA,"PR",2023-09-14,NA,NA,NA,NA,NA,NA,NA,NA,NA,NA,NA,NA,NA,NA,NA,NA,NA,NA
"1672",NA,NA,"PR",2023-09-15,NA,NA,NA,NA,NA,NA,NA,NA,NA,NA,NA,NA,NA,NA,NA,NA,NA,NA
"1673",NA,NA,"PR",2023-09-16,NA,NA,NA,NA,NA,NA,NA,NA,NA,NA,NA,NA,NA,NA,NA,NA,NA,NA
"1674",NA,NA,"PR",2023-09-17,NA,NA,NA,NA,NA,NA,NA,NA,NA,NA,NA,NA,NA,NA,NA,NA,NA,NA
"1675",NA,NA,"PR",2023-09-18,NA,NA,NA,NA,NA,NA,NA,NA,NA,NA,NA,NA,NA,NA,NA,NA,NA,NA
"1676",NA,NA,"PR",2023-09-19,NA,NA,NA,NA,NA,NA,NA,NA,NA,NA,NA,NA,NA,NA,NA,NA,NA,NA
"1677",0.571262842782583,0.389960174867894,"PR",2023-09-20,1,1,0,1,1,1,1,1,1,1,0,0,1,1,1,1,1,1
"1678",NA,NA,"PR",2023-09-21,NA,NA,NA,NA,NA,NA,NA,NA,NA,NA,NA,NA,NA,NA,NA,NA,NA,NA
"1679",NA,NA,"PR",2023-09-22,NA,NA,NA,NA,NA,NA,NA,NA,NA,NA,NA,NA,NA,NA,NA,NA,NA,NA
"1680",NA,NA,"PR",2023-09-23,NA,NA,NA,NA,NA,NA,NA,NA,NA,NA,NA,NA,NA,NA,NA,NA,NA,NA
"1681",NA,NA,"RI",2023-08-13,NA,NA,NA,NA,NA,NA,NA,NA,NA,NA,NA,NA,NA,NA,NA,NA,NA,NA
"1682",NA,NA,"RI",2023-08-14,NA,NA,NA,NA,NA,NA,NA,NA,NA,NA,NA,NA,NA,NA,NA,NA,NA,NA
"1683",NA,NA,"RI",2023-08-15,NA,NA,NA,NA,NA,NA,NA,NA,NA,NA,NA,NA,NA,NA,NA,NA,NA,NA
"1684",0.677744624780961,0.471074967896779,"RI",2023-08-16,1,1,1,1,0,1,1,1,1,1,0,1,1,0,1,1,1,1
"1685",0.581616371158389,0.389647123130552,"RI",2023-08-17,1,1,1,0,1,1,1,1,1,1,1,1,1,1,1,1,1,1
"1686",NA,NA,"RI",2023-08-18,NA,NA,NA,NA,NA,NA,NA,NA,NA,NA,NA,NA,NA,NA,NA,NA,NA,NA
"1687",NA,NA,"RI",2023-08-19,NA,NA,NA,NA,NA,NA,NA,NA,NA,NA,NA,NA,NA,NA,NA,NA,NA,NA
"1688",0.743216532587624,0.532679569583056,"RI",2023-08-20,0,1,1,1,1,1,1,1,1,0,1,1,1,0,1,1,1,1
"1689",NA,NA,"RI",2023-08-21,NA,NA,NA,NA,NA,NA,NA,NA,NA,NA,NA,NA,NA,NA,NA,NA,NA,NA
"1690",0.593224617880957,0.399143991067911,"RI",2023-08-22,1,1,1,0,1,1,1,1,1,1,1,1,0,1,0,1,1,1
"1691",NA,NA,"RI",2023-08-23,NA,NA,NA,NA,NA,NA,NA,NA,NA,NA,NA,NA,NA,NA,NA,NA,NA,NA
"1692",NA,NA,"RI",2023-08-24,NA,NA,NA,NA,NA,NA,NA,NA,NA,NA,NA,NA,NA,NA,NA,NA,NA,NA
"1693",NA,NA,"RI",2023-08-25,NA,NA,NA,NA,NA,NA,NA,NA,NA,NA,NA,NA,NA,NA,NA,NA,NA,NA
"1694",0.79875029499264,0.540485142716683,"RI",2023-08-26,1,1,1,1,1,1,1,0,1,1,1,0,1,1,1,1,0,1
"1695",NA,NA,"RI",2023-08-27,NA,NA,NA,NA,NA,NA,NA,NA,NA,NA,NA,NA,NA,NA,NA,NA,NA,NA
"1696",1.31451840600632,0.413577390030055,"RI",2023-08-28,1,1,1,0,1,1,1,1,1,1,1,1,0,0,0,1,1,1
"1697",NA,NA,"RI",2023-08-29,NA,NA,NA,NA,NA,NA,NA,NA,NA,NA,NA,NA,NA,NA,NA,NA,NA,NA
"1698",0.688753485345995,0.483179335227505,"RI",2023-08-30,1,1,1,1,0,1,1,1,1,1,1,1,1,0,0,1,1,1
"1699",NA,NA,"RI",2023-08-31,NA,NA,NA,NA,NA,NA,NA,NA,NA,NA,NA,NA,NA,NA,NA,NA,NA,NA
"1700",0.384128348459766,0.271538293326592,"RI",2023-09-01,1,1,1,1,1,1,1,1,1,0,1,1,1,1,0,1,1,1
"1701",NA,NA,"RI",2023-09-02,NA,NA,NA,NA,NA,NA,NA,NA,NA,NA,NA,NA,NA,NA,NA,NA,NA,NA
"1702",NA,NA,"RI",2023-09-03,NA,NA,NA,NA,NA,NA,NA,NA,NA,NA,NA,NA,NA,NA,NA,NA,NA,NA
"1703",NA,NA,"RI",2023-09-04,NA,NA,NA,NA,NA,NA,NA,NA,NA,NA,NA,NA,NA,NA,NA,NA,NA,NA
"1704",0.549919390344874,0.422478893988909,"RI",2023-09-05,1,1,0,1,1,1,1,1,1,1,1,1,1,1,1,1,1,1
"1705",NA,NA,"RI",2023-09-06,NA,NA,NA,NA,NA,NA,NA,NA,NA,NA,NA,NA,NA,NA,NA,NA,NA,NA
"1706",NA,NA,"RI",2023-09-07,NA,NA,NA,NA,NA,NA,NA,NA,NA,NA,NA,NA,NA,NA,NA,NA,NA,NA
"1707",0.77026274460738,0.542822114051355,"RI",2023-09-08,1,0,1,1,1,1,1,1,1,1,0,1,1,1,0,1,1,1
"1708",NA,NA,"RI",2023-09-09,NA,NA,NA,NA,NA,NA,NA,NA,NA,NA,NA,NA,NA,NA,NA,NA,NA,NA
"1709",NA,NA,"RI",2023-09-10,NA,NA,NA,NA,NA,NA,NA,NA,NA,NA,NA,NA,NA,NA,NA,NA,NA,NA
"1710",NA,NA,"RI",2023-09-11,NA,NA,NA,NA,NA,NA,NA,NA,NA,NA,NA,NA,NA,NA,NA,NA,NA,NA
"1711",0.672108347196149,0.462339008829444,"RI",2023-09-12,1,1,1,0,1,1,1,1,1,1,1,1,0,1,0,1,1,1
"1712",NA,NA,"RI",2023-09-13,NA,NA,NA,NA,NA,NA,NA,NA,NA,NA,NA,NA,NA,NA,NA,NA,NA,NA
"1713",NA,NA,"RI",2023-09-14,NA,NA,NA,NA,NA,NA,NA,NA,NA,NA,NA,NA,NA,NA,NA,NA,NA,NA
"1714",NA,NA,"RI",2023-09-15,NA,NA,NA,NA,NA,NA,NA,NA,NA,NA,NA,NA,NA,NA,NA,NA,NA,NA
"1715",NA,NA,"RI",2023-09-16,NA,NA,NA,NA,NA,NA,NA,NA,NA,NA,NA,NA,NA,NA,NA,NA,NA,NA
"1716",NA,NA,"RI",2023-09-17,NA,NA,NA,NA,NA,NA,NA,NA,NA,NA,NA,NA,NA,NA,NA,NA,NA,NA
"1717",NA,NA,"RI",2023-09-18,NA,NA,NA,NA,NA,NA,NA,NA,NA,NA,NA,NA,NA,NA,NA,NA,NA,NA
"1718",NA,NA,"RI",2023-09-19,NA,NA,NA,NA,NA,NA,NA,NA,NA,NA,NA,NA,NA,NA,NA,NA,NA,NA
"1719",NA,NA,"RI",2023-09-20,NA,NA,NA,NA,NA,NA,NA,NA,NA,NA,NA,NA,NA,NA,NA,NA,NA,NA
"1720",NA,NA,"RI",2023-09-21,NA,NA,NA,NA,NA,NA,NA,NA,NA,NA,NA,NA,NA,NA,NA,NA,NA,NA
"1721",NA,NA,"RI",2023-09-22,NA,NA,NA,NA,NA,NA,NA,NA,NA,NA,NA,NA,NA,NA,NA,NA,NA,NA
"1722",NA,NA,"RI",2023-09-23,NA,NA,NA,NA,NA,NA,NA,NA,NA,NA,NA,NA,NA,NA,NA,NA,NA,NA
"1723",NA,NA,"SC",2023-08-13,NA,NA,NA,NA,NA,NA,NA,NA,NA,NA,NA,NA,NA,NA,NA,NA,NA,NA
"1724",0.99242853523045,0.350135730665175,"SC",2023-08-14,1,1,0,1,1,1,1,1,1,1,0,1,1,1,0,1,1,1
"1725",1.08618003975298,0.449693904196596,"SC",2023-08-15,1,1,1,1,1,1,1,0,1,0,0,0,0,0,0,1,0,1
"1726",1.59766164204011,0.296078868345147,"SC",2023-08-16,1,1,0,1,1,1,1,1,1,1,1,0,0,1,1,1,1,1
"1727",0.579319377182218,0.409666856641874,"SC",2023-08-17,1,1,1,1,1,0,1,1,1,1,1,1,1,1,1,1,1,1
"1728",0.728061551333717,0.519722561180715,"SC",2023-08-18,0,1,1,1,1,1,1,1,1,0,0,1,1,1,1,1,1,1
"1729",1.15387349430126,0.382496084157997,"SC",2023-08-19,1,1,1,0,1,1,1,1,1,1,0,1,0,1,1,1,1,1
"1730",NA,NA,"SC",2023-08-20,NA,NA,NA,NA,NA,NA,NA,NA,NA,NA,NA,NA,NA,NA,NA,NA,NA,NA
"1731",1.99392481151664,0.33212378959921,"SC",2023-08-21,1,1,0,1,1,1,1,1,1,1,1,0,1,0,0,1,1,1
"1732",0.888341297498511,0.32685306018393,"SC",2023-08-22,1,1,0,1,1,1,1,1,1,1,1,1,1,1,1,1,1,1
"1733",1.48523929283862,0.397349706901553,"SC",2023-08-23,1,1,1,1,1,1,1,1,0,0,1,0,0,1,0,1,1,0
"1734",1.742154240096,0.408885712556237,"SC",2023-08-24,1,0,1,1,1,1,1,1,1,1,0,0,0,0,0,1,0,1
"1735",1.79502470645946,0.438592463856587,"SC",2023-08-25,1,0,1,1,1,0,1,0,1,0,0,0,0,1,0,1,0,1
"1736",0.97627633597981,0.296940029024707,"SC",2023-08-26,1,1,0,1,1,1,1,1,1,1,1,0,1,1,0,1,1,1
"1737",0.724454217789966,0.50422120400488,"SC",2023-08-27,1,0,1,1,1,1,1,1,1,1,0,1,1,1,0,1,1,1
"1738",1.3207969969976,0.427211638600658,"SC",2023-08-28,1,1,1,1,0,1,1,1,1,1,0,0,0,0,1,1,1,1
"1739",1.37952515656115,0.364771261023174,"SC",2023-08-29,1,1,1,1,1,0,1,1,1,1,1,0,1,1,1,1,0,1
"1740",3.24495227072894,0.367031165798647,"SC",2023-08-30,1,1,1,1,1,0,1,1,1,0,0,0,1,0,0,1,0,1
"1741",1.84001295662939,0.426201782486183,"SC",2023-08-31,1,1,1,1,0,1,1,1,1,1,1,0,0,0,1,1,1,1
"1742",1.21504758140246,0.401307914565879,"SC",2023-09-01,1,1,1,0,1,1,1,1,1,1,1,0,0,1,0,1,1,1
"1743",0.445402941158298,0.30288641215139,"SC",2023-09-02,1,1,1,1,1,1,1,1,1,1,1,0,0,1,1,1,1,1
"1744",NA,NA,"SC",2023-09-03,NA,NA,NA,NA,NA,NA,NA,NA,NA,NA,NA,NA,NA,NA,NA,NA,NA,NA
"1745",0.432364344656646,0.305391072313414,"SC",2023-09-04,1,1,1,1,1,1,1,1,1,1,1,0,1,1,0,1,1,1
"1746",1.47642884194326,0.442954128087964,"SC",2023-09-05,1,1,1,1,0,1,1,1,0,1,0,1,0,0,1,1,1,0
"1747",1.08078311358177,0.369358673261681,"SC",2023-09-06,1,1,0,1,1,1,1,1,1,1,1,0,1,1,0,1,1,1
"1748",2.3235451977807,0.344397318577759,"SC",2023-09-07,1,1,1,1,1,0,1,1,1,1,1,1,0,1,0,1,1,1
"1749",4.09609541880301,0.384222945112457,"SC",2023-09-08,1,1,0,1,1,0,1,1,1,1,0,0,0,0,0,1,1,0
"1750",0.857021844987257,0.428337196408017,"SC",2023-09-09,1,0,1,1,1,1,1,1,1,1,0,1,1,0,1,1,1,1
"1751",0.88535572878314,0.390844930706672,"SC",2023-09-10,1,1,1,1,1,1,1,1,1,1,0,0,1,1,0,1,1,1
"1752",2.60548460586253,0.42271295232205,"SC",2023-09-11,1,0,1,1,0,0,1,1,1,1,0,0,0,0,0,1,0,1
"1753",1.62273685732821,0.362154931865151,"SC",2023-09-12,1,0,1,1,1,0,1,1,1,1,0,1,1,0,0,1,0,1
"1754",0.945329621329266,0.381232855953869,"SC",2023-09-13,1,1,1,1,1,1,1,1,1,1,0,0,1,0,0,1,0,1
"1755",0.875883433849925,0.449182005131296,"SC",2023-09-14,1,1,1,1,1,1,1,0,1,1,1,0,0,1,0,1,0,1
"1756",NA,NA,"SC",2023-09-15,NA,NA,NA,NA,NA,NA,NA,NA,NA,NA,NA,NA,NA,NA,NA,NA,NA,NA
"1757",1.11128832733419,0.381450189656435,"SC",2023-09-16,1,1,0,1,1,1,1,1,1,0,1,0,1,1,1,1,1,1
"1758",0.733999904691755,0.507746969629964,"SC",2023-09-17,1,1,1,1,0,1,1,1,1,1,1,1,1,0,0,1,1,1
"1759",1.19994325995976,0.429083070108084,"SC",2023-09-18,1,0,1,1,1,1,1,1,1,1,0,0,1,1,0,1,1,1
"1760",9.9382882330053,0.550158465974029,"SC",2023-09-19,1,0,0,0,1,0,1,1,1,0,0,0,0,0,0,0,1,1
"1761",2.66171346141964,0.557008745669164,"SC",2023-09-20,1,0,1,1,1,0,1,1,1,1,0,1,1,0,0,1,1,1
"1762",0.659131486214077,0.285742473607906,"SC",2023-09-21,1,1,1,1,1,1,1,1,1,1,1,0,1,1,0,1,1,1
"1763",NA,NA,"SC",2023-09-22,NA,NA,NA,NA,NA,NA,NA,NA,NA,NA,NA,NA,NA,NA,NA,NA,NA,NA
"1764",0.804430526040659,0.566993006760883,"SC",2023-09-23,0,1,1,1,1,1,1,1,1,0,1,0,1,1,1,1,1,1
"1765",0.942213374950866,0.388157545228722,"SD",2023-08-13,1,1,1,1,1,1,1,1,1,1,0,0,0,0,0,1,1,1
"1766",0.473419233114311,0.349162358834632,"SD",2023-08-14,1,1,1,1,1,1,1,1,1,1,1,1,1,1,1,1,1,1
"1767",0.690100707633167,0.484825544383616,"SD",2023-08-15,1,1,1,1,0,1,1,1,1,1,1,0,1,0,1,1,1,1
"1768",NA,NA,"SD",2023-08-16,NA,NA,NA,NA,NA,NA,NA,NA,NA,NA,NA,NA,NA,NA,NA,NA,NA,NA
"1769",NA,NA,"SD",2023-08-17,NA,NA,NA,NA,NA,NA,NA,NA,NA,NA,NA,NA,NA,NA,NA,NA,NA,NA
"1770",NA,NA,"SD",2023-08-18,NA,NA,NA,NA,NA,NA,NA,NA,NA,NA,NA,NA,NA,NA,NA,NA,NA,NA
"1771",NA,NA,"SD",2023-08-19,NA,NA,NA,NA,NA,NA,NA,NA,NA,NA,NA,NA,NA,NA,NA,NA,NA,NA
"1772",0.545639968456967,0.329711884168259,"SD",2023-08-20,1,1,1,1,1,1,1,1,1,1,1,1,1,0,0,1,1,1
"1773",1.56928734413951,0.429368173176825,"SD",2023-08-21,1,1,1,1,0,0,1,1,1,1,0,1,1,0,0,1,1,1
"1774",1.26225537954059,0.426883569603224,"SD",2023-08-22,0,1,0,1,1,1,1,1,1,0,0,0,1,0,1,1,1,1
"1775",0.930261047923221,0.337167097243055,"SD",2023-08-23,1,1,0,1,1,1,1,1,1,1,1,0,1,1,0,1,1,1
"1776",NA,NA,"SD",2023-08-24,NA,NA,NA,NA,NA,NA,NA,NA,NA,NA,NA,NA,NA,NA,NA,NA,NA,NA
"1777",0.666202633846994,0.458415181993974,"SD",2023-08-25,1,1,1,0,1,1,1,1,1,1,1,0,0,1,1,1,1,1
"1778",NA,NA,"SD",2023-08-26,NA,NA,NA,NA,NA,NA,NA,NA,NA,NA,NA,NA,NA,NA,NA,NA,NA,NA
"1779",NA,NA,"SD",2023-08-27,NA,NA,NA,NA,NA,NA,NA,NA,NA,NA,NA,NA,NA,NA,NA,NA,NA,NA
"1780",0.8360876516536,0.447671106678777,"SD",2023-08-28,1,0,1,1,1,1,1,1,1,1,0,1,1,1,0,1,1,1
"1781",0.494074614076811,0.376680196967098,"SD",2023-08-29,1,1,1,1,1,1,1,1,1,0,1,0,1,1,1,1,1,1
"1782",0.3901512011589,0.250330003451946,"SD",2023-08-30,1,1,1,1,1,1,1,1,1,1,1,0,1,1,0,1,1,1
"1783",NA,NA,"SD",2023-08-31,NA,NA,NA,NA,NA,NA,NA,NA,NA,NA,NA,NA,NA,NA,NA,NA,NA,NA
"1784",NA,NA,"SD",2023-09-01,NA,NA,NA,NA,NA,NA,NA,NA,NA,NA,NA,NA,NA,NA,NA,NA,NA,NA
"1785",NA,NA,"SD",2023-09-02,NA,NA,NA,NA,NA,NA,NA,NA,NA,NA,NA,NA,NA,NA,NA,NA,NA,NA
"1786",NA,NA,"SD",2023-09-03,NA,NA,NA,NA,NA,NA,NA,NA,NA,NA,NA,NA,NA,NA,NA,NA,NA,NA
"1787",NA,NA,"SD",2023-09-04,NA,NA,NA,NA,NA,NA,NA,NA,NA,NA,NA,NA,NA,NA,NA,NA,NA,NA
"1788",NA,NA,"SD",2023-09-05,NA,NA,NA,NA,NA,NA,NA,NA,NA,NA,NA,NA,NA,NA,NA,NA,NA,NA
"1789",NA,NA,"SD",2023-09-06,NA,NA,NA,NA,NA,NA,NA,NA,NA,NA,NA,NA,NA,NA,NA,NA,NA,NA
"1790",NA,NA,"SD",2023-09-07,NA,NA,NA,NA,NA,NA,NA,NA,NA,NA,NA,NA,NA,NA,NA,NA,NA,NA
"1791",NA,NA,"SD",2023-09-08,NA,NA,NA,NA,NA,NA,NA,NA,NA,NA,NA,NA,NA,NA,NA,NA,NA,NA
"1792",NA,NA,"SD",2023-09-09,NA,NA,NA,NA,NA,NA,NA,NA,NA,NA,NA,NA,NA,NA,NA,NA,NA,NA
"1793",NA,NA,"SD",2023-09-10,NA,NA,NA,NA,NA,NA,NA,NA,NA,NA,NA,NA,NA,NA,NA,NA,NA,NA
"1794",NA,NA,"SD",2023-09-11,NA,NA,NA,NA,NA,NA,NA,NA,NA,NA,NA,NA,NA,NA,NA,NA,NA,NA
"1795",NA,NA,"SD",2023-09-12,NA,NA,NA,NA,NA,NA,NA,NA,NA,NA,NA,NA,NA,NA,NA,NA,NA,NA
"1796",0.293933668114489,0.183118467849765,"SD",2023-09-13,1,1,1,1,1,1,1,1,1,1,1,1,1,1,1,1,1,1
"1797",NA,NA,"SD",2023-09-14,NA,NA,NA,NA,NA,NA,NA,NA,NA,NA,NA,NA,NA,NA,NA,NA,NA,NA
"1798",NA,NA,"SD",2023-09-15,NA,NA,NA,NA,NA,NA,NA,NA,NA,NA,NA,NA,NA,NA,NA,NA,NA,NA
"1799",NA,NA,"SD",2023-09-16,NA,NA,NA,NA,NA,NA,NA,NA,NA,NA,NA,NA,NA,NA,NA,NA,NA,NA
"1800",NA,NA,"SD",2023-09-17,NA,NA,NA,NA,NA,NA,NA,NA,NA,NA,NA,NA,NA,NA,NA,NA,NA,NA
"1801",NA,NA,"SD",2023-09-18,NA,NA,NA,NA,NA,NA,NA,NA,NA,NA,NA,NA,NA,NA,NA,NA,NA,NA
"1802",NA,NA,"SD",2023-09-19,NA,NA,NA,NA,NA,NA,NA,NA,NA,NA,NA,NA,NA,NA,NA,NA,NA,NA
"1803",NA,NA,"SD",2023-09-20,NA,NA,NA,NA,NA,NA,NA,NA,NA,NA,NA,NA,NA,NA,NA,NA,NA,NA
"1804",NA,NA,"SD",2023-09-21,NA,NA,NA,NA,NA,NA,NA,NA,NA,NA,NA,NA,NA,NA,NA,NA,NA,NA
"1805",NA,NA,"SD",2023-09-22,NA,NA,NA,NA,NA,NA,NA,NA,NA,NA,NA,NA,NA,NA,NA,NA,NA,NA
"1806",NA,NA,"SD",2023-09-23,NA,NA,NA,NA,NA,NA,NA,NA,NA,NA,NA,NA,NA,NA,NA,NA,NA,NA
"1807",0.575793983072428,0.399358540039896,"TN",2023-08-13,1,1,1,1,1,0,1,1,1,1,1,0,1,1,0,1,1,1
"1808",1.79792948584111,0.342481854764491,"TN",2023-08-14,1,1,0,1,1,0,1,1,1,1,0,0,0,0,0,1,1,1
"1809",1.89152435892313,0.377895559433018,"TN",2023-08-15,1,0,1,1,1,1,1,1,1,0,0,0,0,0,0,1,1,1
"1810",2.11319847768327,0.415831097328933,"TN",2023-08-16,1,0,1,1,1,0,1,0,1,0,0,1,1,1,0,1,0,1
"1811",3.64138237880152,0.256547490406494,"TN",2023-08-17,1,1,0,1,1,1,1,1,1,1,1,0,0,0,0,1,1,1
"1812",1.53380150239296,0.322300455449056,"TN",2023-08-18,1,1,0,1,1,1,1,1,1,0,0,0,0,0,1,1,1,1
"1813",0.99434897144904,0.266070634833552,"TN",2023-08-19,1,1,0,1,1,1,1,1,1,1,1,0,1,1,1,1,1,0
"1814",4.4926923036893,0.300711079448883,"TN",2023-08-20,1,1,0,1,1,0,1,1,1,1,0,0,0,1,0,1,1,1
"1815",2.80230893533175,0.362704065533989,"TN",2023-08-21,1,1,0,1,1,1,1,1,1,0,0,0,0,0,0,1,1,1
"1816",5.04097957869808,0.31299442886232,"TN",2023-08-22,1,1,0,1,1,0,1,1,1,0,0,0,0,0,0,0,0,1
"1817",1.77786569169544,0.450609183600786,"TN",2023-08-23,0,1,1,1,1,0,1,1,1,0,1,0,1,1,1,1,1,1
"1818",2.37984013936209,0.384412733619789,"TN",2023-08-24,0,0,1,1,1,1,1,1,1,0,0,0,0,0,0,1,0,1
"1819",1.41314542744266,0.321561763148561,"TN",2023-08-25,1,1,1,1,1,0,1,1,1,0,1,0,0,1,0,1,1,1
"1820",0.484005243709129,0.344289369440794,"TN",2023-08-26,1,1,1,1,1,1,1,1,1,1,0,1,1,1,0,1,1,1
"1821",1.0920194142083,0.33988042785848,"TN",2023-08-27,1,1,1,1,1,0,1,1,1,1,1,0,1,0,0,1,1,1
"1822",3.33431593731847,0.304005542934594,"TN",2023-08-28,1,1,0,1,1,0,1,1,1,0,0,0,1,0,0,1,1,1
"1823",2.23554672313465,0.366627181435956,"TN",2023-08-29,1,1,0,1,1,0,1,1,0,1,0,0,0,1,1,1,1,0
"1824",1.68490037964457,0.348225655923332,"TN",2023-08-30,1,1,0,1,1,1,1,1,1,0,0,0,1,1,0,1,1,1
"1825",1.53121455805417,0.365965200097589,"TN",2023-08-31,1,1,1,1,1,1,1,0,0,1,1,1,1,0,0,1,0,0
"1826",1.89932121904081,0.328600198548438,"TN",2023-09-01,1,1,0,1,1,1,1,0,1,0,1,0,1,0,0,1,0,1
"1827",2.41699550713594,0.282367872594278,"TN",2023-09-02,1,1,1,1,1,0,1,1,1,1,0,0,1,0,0,1,1,1
"1828",2.19339340092787,0.385919711509913,"TN",2023-09-03,1,1,0,1,0,0,1,1,1,1,1,0,0,1,0,1,1,1
"1829",1.13770196081067,0.371467244309865,"TN",2023-09-04,1,1,1,1,1,1,1,1,1,0,0,0,0,0,0,1,1,1
"1830",2.84533302523814,0.37333344920584,"TN",2023-09-05,1,0,1,1,0,1,1,1,0,1,0,0,0,0,0,1,0,1
"1831",1.1692399188374,0.354935398642691,"TN",2023-09-06,1,1,1,1,1,1,1,1,1,0,1,0,0,0,0,1,1,1
"1832",0.781315223787714,0.411658747732985,"TN",2023-09-07,1,1,1,1,0,1,1,1,1,1,1,0,1,1,0,1,1,1
"1833",0.996991601170184,0.429509054122933,"TN",2023-09-08,1,0,1,0,1,1,1,1,1,1,0,0,0,1,0,1,1,1
"1834",0.390799674476445,0.281596630779303,"TN",2023-09-09,1,1,1,1,1,1,1,1,1,1,1,1,1,1,1,1,1,1
"1835",0.618624048903588,0.274068990769901,"TN",2023-09-10,1,1,1,1,1,1,1,1,1,1,1,1,1,1,1,1,1,1
"1836",1.06423976870062,0.274834797467994,"TN",2023-09-11,1,1,0,1,1,1,1,1,1,1,1,0,0,1,0,1,1,1
"1837",2.03451072274842,0.473768359558385,"TN",2023-09-12,1,1,1,0,0,1,1,1,1,1,0,0,0,0,0,1,1,1
"1838",1.19023813849029,0.342483720107605,"TN",2023-09-13,1,1,1,1,1,1,0,1,1,1,1,0,1,1,0,0,1,1
"1839",2.48897613854208,0.572757688957138,"TN",2023-09-14,1,1,1,1,0,0,1,1,1,1,1,0,1,0,0,1,1,1
"1840",NA,NA,"TN",2023-09-15,NA,NA,NA,NA,NA,NA,NA,NA,NA,NA,NA,NA,NA,NA,NA,NA,NA,NA
"1841",NA,NA,"TN",2023-09-16,NA,NA,NA,NA,NA,NA,NA,NA,NA,NA,NA,NA,NA,NA,NA,NA,NA,NA
"1842",0.692310986956479,0.341620691983155,"TN",2023-09-17,1,1,1,1,1,1,1,1,1,1,1,0,1,0,1,1,1,1
"1843",0.905684413029696,0.32033595729259,"TN",2023-09-18,0,1,1,1,1,1,1,1,1,1,1,0,0,1,0,1,1,1
"1844",0.840103808491591,0.596758054314706,"TN",2023-09-19,1,1,1,0,1,1,1,1,1,1,1,1,0,0,1,1,1,1
"1845",1.02264213771843,0.355060970901463,"TN",2023-09-20,1,1,1,0,1,1,1,1,1,1,1,0,0,1,0,1,1,1
"1846",0.680000864069731,0.283102003698557,"TN",2023-09-21,1,1,1,1,1,1,1,1,1,1,1,1,1,0,0,1,1,1
"1847",0.920011357824199,0.657054819557143,"TN",2023-09-22,1,1,1,1,1,1,1,1,0,1,1,1,1,1,0,1,1,0
"1848",0.451840257212438,0.31822300853469,"TN",2023-09-23,1,1,1,1,1,1,1,1,1,1,1,0,1,1,0,1,1,1
"1849",1.76161623337209,0.391584561400464,"TX",2023-08-13,1,1,1,0,1,1,1,1,1,1,1,0,0,0,0,1,1,1
"1850",2.65416476951144,0.39538495923917,"TX",2023-08-14,1,0,1,0,1,1,0,1,1,1,0,0,0,0,0,0,1,1
"1851",2.26636579156703,0.422838045431828,"TX",2023-08-15,0,0,1,1,1,0,1,1,1,0,0,0,1,0,0,1,1,1
"1852",2.37898744165753,0.335815355895206,"TX",2023-08-16,1,0,0,1,1,1,1,1,1,1,1,0,1,0,0,1,0,1
"1853",1.8562401286694,0.393496457721823,"TX",2023-08-17,1,1,1,1,1,1,1,1,0,0,0,0,0,1,0,1,0,0
"1854",1.68229888191535,0.418918204835881,"TX",2023-08-18,0,1,1,1,1,0,1,1,1,0,0,1,0,0,1,1,1,1
"1855",1.46117579407451,0.489009096220179,"TX",2023-08-19,1,1,0,1,1,1,0,1,1,0,1,0,1,0,1,0,1,1
"1856",0.547116263526041,0.333437599309922,"TX",2023-08-20,1,1,1,1,1,1,1,1,1,1,1,0,1,1,0,1,1,1
"1857",5.59809020342537,0.407350635207611,"TX",2023-08-21,1,1,1,1,0,1,0,1,1,0,0,0,0,0,0,0,0,1
"1858",8.11495262958161,0.427234592767312,"TX",2023-08-22,1,1,0,1,0,1,1,1,1,0,0,0,0,0,0,1,0,1
"1859",8.86264987838083,0.397379198165352,"TX",2023-08-23,0,0,1,0,1,0,1,1,1,0,0,0,0,1,0,0,0,1
"1860",5.73942982951476,0.404011912259516,"TX",2023-08-24,1,1,1,0,1,0,1,1,1,0,0,0,0,0,0,1,0,0
"1861",9.17634492541137,0.418920272121745,"TX",2023-08-25,1,0,1,0,0,1,1,1,1,1,0,1,0,0,0,1,0,0
"1862",1.32201967457437,0.418545999542099,"TX",2023-08-26,1,1,1,1,1,0,1,1,1,0,1,0,0,0,0,1,1,1
"1863",1.6953627498173,0.377224674544123,"TX",2023-08-27,1,1,1,1,1,0,1,1,1,1,1,1,0,0,0,1,0,1
"1864",3.49097033428268,0.418100008501024,"TX",2023-08-28,1,1,1,0,1,1,0,1,1,0,0,0,0,0,0,0,0,1
"1865",5.90256421417233,0.427108895872557,"TX",2023-08-29,1,1,0,0,0,0,1,1,1,0,0,0,0,0,0,1,0,0
"1866",4.18372010390554,0.381732669444868,"TX",2023-08-30,1,1,1,1,1,0,1,1,1,0,0,0,0,0,0,1,0,1
"1867",4.12148909656445,0.396716884018773,"TX",2023-08-31,0,1,1,0,0,0,0,1,1,0,0,0,0,0,0,0,0,1
"1868",3.31523410871009,0.39230189469567,"TX",2023-09-01,0,1,1,1,1,1,1,1,1,0,0,0,1,1,0,1,1,0
"1869",1.41684893139476,0.404483522228891,"TX",2023-09-02,1,1,1,0,1,1,1,1,1,1,1,1,0,0,1,1,1,1
"1870",1.20285427117128,0.465412557999721,"TX",2023-09-03,1,1,1,1,1,1,0,1,1,1,1,0,1,0,1,0,1,1
"1871",1.19947120378035,0.397233557010602,"TX",2023-09-04,1,1,1,1,0,1,1,1,1,0,1,0,0,0,0,1,1,1
"1872",2.26125755678524,0.378675563545294,"TX",2023-09-05,1,1,1,1,1,1,1,1,1,0,0,0,0,1,0,0,1,1
"1873",0.867436880627495,0.357287715441698,"TX",2023-09-06,1,0,1,1,1,1,1,1,1,1,1,1,0,1,0,1,1,1
"1874",1.36732137320852,0.341039783885204,"TX",2023-09-07,1,1,1,1,1,1,1,0,1,1,1,0,0,0,0,1,1,1
"1875",1.43231588321502,0.384580694112637,"TX",2023-09-08,1,1,1,1,1,1,1,1,1,1,0,0,0,0,0,1,0,1
"1876",0.895383688006871,0.446574185986363,"TX",2023-09-09,0,1,1,1,1,1,1,1,1,0,1,1,0,1,0,1,1,1
"1877",0.845496968822675,0.422042066666114,"TX",2023-09-10,1,1,1,1,1,1,1,0,1,1,1,1,1,0,1,1,0,1
"1878",4.31632766890108,0.429375148846798,"TX",2023-09-11,1,0,1,1,1,0,1,1,1,1,0,0,0,0,1,1,0,1
"1879",4.50822207354418,0.382632335201678,"TX",2023-09-12,1,1,0,0,1,0,1,1,1,1,1,0,0,0,0,1,1,1
"1880",3.97181434292125,0.413165975686342,"TX",2023-09-13,1,0,0,1,0,1,1,1,1,0,0,0,0,0,0,0,1,1
"1881",4.38033691966272,0.414906413326844,"TX",2023-09-14,1,0,1,0,1,0,1,1,1,0,0,0,0,0,0,1,0,1
"1882",3.22713196040227,0.421087284375518,"TX",2023-09-15,0,1,1,0,1,0,1,1,1,0,0,0,0,0,1,1,0,1
"1883",0.865291608844326,0.433855767301463,"TX",2023-09-16,1,0,1,1,1,1,1,1,1,1,0,1,1,1,0,1,1,1
"1884",1.30201756502687,0.425390388276222,"TX",2023-09-17,1,1,0,1,1,1,0,1,1,0,1,1,0,1,0,0,1,1
"1885",1.41334353123964,0.319044736587462,"TX",2023-09-18,1,1,1,1,1,1,1,1,1,1,0,0,0,0,0,1,1,1
"1886",1.46580684590181,0.38575010987821,"TX",2023-09-19,1,1,1,1,1,1,1,1,1,0,0,0,0,0,0,1,1,1
"1887",3.98167988349244,0.432104135973779,"TX",2023-09-20,1,0,0,1,1,1,1,1,1,0,0,0,0,1,0,1,0,1
"1888",4.14349085718484,0.434553713227448,"TX",2023-09-21,0,0,1,1,0,0,0,1,1,0,0,0,0,0,0,0,0,1
"1889",1.19592352403284,0.349710749330455,"TX",2023-09-22,1,0,1,1,1,1,1,1,1,1,0,0,0,0,1,1,0,1
"1890",1.3051980649008,0.43331724558538,"TX",2023-09-23,0,1,1,1,1,1,1,0,1,0,1,1,1,0,0,1,0,1
"1891",NA,NA,"UT",2023-08-13,NA,NA,NA,NA,NA,NA,NA,NA,NA,NA,NA,NA,NA,NA,NA,NA,NA,NA
"1892",0.970149816907506,0.32510764240254,"UT",2023-08-14,1,1,0,1,1,1,1,1,1,1,0,0,1,1,0,1,1,1
"1893",2.27996925426226,0.401633521660234,"UT",2023-08-15,1,1,1,1,1,0,1,1,1,0,0,0,1,1,0,0,1,1
"1894",NA,NA,"UT",2023-08-16,NA,NA,NA,NA,NA,NA,NA,NA,NA,NA,NA,NA,NA,NA,NA,NA,NA,NA
"1895",0.526175890214082,0.351312391289095,"UT",2023-08-17,1,1,1,1,1,0,1,1,1,1,1,1,0,1,0,1,1,1
"1896",0.548275876261342,0.346299893877167,"UT",2023-08-18,1,1,1,1,1,0,1,1,1,1,1,0,1,1,0,1,1,1
"1897",NA,NA,"UT",2023-08-19,NA,NA,NA,NA,NA,NA,NA,NA,NA,NA,NA,NA,NA,NA,NA,NA,NA,NA
"1898",NA,NA,"UT",2023-08-20,NA,NA,NA,NA,NA,NA,NA,NA,NA,NA,NA,NA,NA,NA,NA,NA,NA,NA
"1899",NA,NA,"UT",2023-08-21,NA,NA,NA,NA,NA,NA,NA,NA,NA,NA,NA,NA,NA,NA,NA,NA,NA,NA
"1900",NA,NA,"UT",2023-08-22,NA,NA,NA,NA,NA,NA,NA,NA,NA,NA,NA,NA,NA,NA,NA,NA,NA,NA
"1901",0.946517457505884,0.43093274053649,"UT",2023-08-23,1,1,1,1,1,1,1,1,1,0,1,0,1,1,1,1,1,1
"1902",3.41759948395008,0.368013880420745,"UT",2023-08-24,1,1,0,1,1,0,1,1,1,1,0,0,1,0,0,1,1,1
"1903",0.488021935630261,0.310961753958743,"UT",2023-08-25,1,1,1,1,1,1,1,1,1,1,1,1,1,1,0,1,1,0
"1904",NA,NA,"UT",2023-08-26,NA,NA,NA,NA,NA,NA,NA,NA,NA,NA,NA,NA,NA,NA,NA,NA,NA,NA
"1905",0.440709703761033,0.343013133547168,"UT",2023-08-27,1,1,1,1,1,1,1,1,1,1,0,0,1,1,1,1,1,1
"1906",0.714983412575308,0.41177544042765,"UT",2023-08-28,1,1,1,0,1,1,1,1,1,0,1,0,0,0,1,1,1,1
"1907",0.624730078725426,0.3730335215905,"UT",2023-08-29,1,1,1,1,1,1,1,1,1,0,1,1,1,1,0,1,1,1
"1908",NA,NA,"UT",2023-08-30,NA,NA,NA,NA,NA,NA,NA,NA,NA,NA,NA,NA,NA,NA,NA,NA,NA,NA
"1909",1.75823751181714,0.391939431211537,"UT",2023-08-31,1,1,1,1,0,1,1,1,1,1,0,0,0,0,1,1,1,1
"1910",0.685167053851607,0.488776185430929,"UT",2023-09-01,1,1,1,0,1,1,1,1,1,1,1,1,0,1,0,1,1,1
"1911",NA,NA,"UT",2023-09-02,NA,NA,NA,NA,NA,NA,NA,NA,NA,NA,NA,NA,NA,NA,NA,NA,NA,NA
"1912",NA,NA,"UT",2023-09-03,NA,NA,NA,NA,NA,NA,NA,NA,NA,NA,NA,NA,NA,NA,NA,NA,NA,NA
"1913",NA,NA,"UT",2023-09-04,NA,NA,NA,NA,NA,NA,NA,NA,NA,NA,NA,NA,NA,NA,NA,NA,NA,NA
"1914",0.70791251524572,0.502118773716712,"UT",2023-09-05,1,1,1,1,0,1,1,1,1,1,1,0,1,0,1,1,1,1
"1915",1.18513849071156,0.407232805597695,"UT",2023-09-06,1,1,1,1,0,1,1,1,1,1,0,0,1,0,1,1,1,1
"1916",0.767193462783682,0.546674617723863,"UT",2023-09-07,1,0,1,1,1,1,1,1,1,1,0,0,1,1,1,1,1,1
"1917",1.63350458877169,0.425495031876359,"UT",2023-09-08,1,1,1,1,1,1,1,1,0,0,0,0,0,0,0,1,0,0
"1918",NA,NA,"UT",2023-09-09,NA,NA,NA,NA,NA,NA,NA,NA,NA,NA,NA,NA,NA,NA,NA,NA,NA,NA
"1919",NA,NA,"UT",2023-09-10,NA,NA,NA,NA,NA,NA,NA,NA,NA,NA,NA,NA,NA,NA,NA,NA,NA,NA
"1920",1.21286640386015,0.374356364957953,"UT",2023-09-11,1,1,1,1,0,1,1,1,1,0,0,0,1,0,0,1,1,1
"1921",NA,NA,"UT",2023-09-12,NA,NA,NA,NA,NA,NA,NA,NA,NA,NA,NA,NA,NA,NA,NA,NA,NA,NA
"1922",1.08488323559659,0.547508486266585,"UT",2023-09-13,1,0,1,0,1,1,1,1,1,1,1,0,0,1,1,1,1,1
"1923",3.13721475711866,0.464676106723857,"UT",2023-09-14,1,0,1,1,0,0,1,1,1,1,0,0,0,0,0,1,1,1
"1924",0.853354822500219,0.208413711731165,"UT",2023-09-15,1,1,1,1,1,0,1,1,1,1,1,1,0,0,0,1,1,1
"1925",NA,NA,"UT",2023-09-16,NA,NA,NA,NA,NA,NA,NA,NA,NA,NA,NA,NA,NA,NA,NA,NA,NA,NA
"1926",0.745846375672554,0.5392032412183,"UT",2023-09-17,1,1,1,0,1,1,1,1,1,1,1,0,0,1,1,1,1,1
"1927",0.510656564976813,0.414061619828583,"UT",2023-09-18,1,1,1,1,1,1,1,1,1,1,1,0,0,1,1,1,1,1
"1928",0.353077507676027,0.190626352878453,"UT",2023-09-19,1,1,1,1,1,1,1,1,1,1,1,0,1,1,0,1,1,1
"1929",0.303227200815534,0.186307693679926,"UT",2023-09-20,1,1,1,1,1,1,1,1,1,1,1,1,0,1,0,1,1,1
"1930",1.14962655179473,0.560058645918643,"UT",2023-09-21,1,1,1,1,0,1,1,0,1,1,1,1,0,0,1,1,0,1
"1931",0.503682710175361,0.431388302792897,"UT",2023-09-22,1,1,1,1,1,1,1,1,1,1,1,0,1,1,0,1,1,1
"1932",NA,NA,"UT",2023-09-23,NA,NA,NA,NA,NA,NA,NA,NA,NA,NA,NA,NA,NA,NA,NA,NA,NA,NA
"1933",2.19848242299473,0.413686350652772,"VA",2023-08-13,1,0,1,1,1,0,1,1,1,1,1,0,1,0,0,1,0,1
"1934",1.48445081104156,0.404114617331196,"VA",2023-08-14,1,1,1,0,1,1,1,0,1,0,0,0,1,0,0,1,0,1
"1935",3.42574782433563,0.427223614177104,"VA",2023-08-15,0,1,1,0,1,0,1,1,1,0,0,0,1,1,0,0,0,1
"1936",2.84645584639951,0.436954133554465,"VA",2023-08-16,0,1,0,0,1,0,1,0,1,0,1,0,0,0,0,0,0,1
"1937",2.01919941435367,0.445221922178465,"VA",2023-08-17,1,1,0,1,0,1,1,1,1,0,0,0,1,0,0,1,0,1
"1938",2.68302440709139,0.455818618620676,"VA",2023-08-18,1,1,0,0,0,0,1,1,0,0,0,0,0,0,0,1,0,0
"1939",2.36660748395006,0.39880408754921,"VA",2023-08-19,1,1,1,0,1,1,1,1,1,0,1,0,0,0,0,1,1,1
"1940",0.764808082298227,0.376522643131061,"VA",2023-08-20,1,1,1,1,1,1,1,1,1,1,0,1,0,0,1,1,0,1
"1941",2.10645325135713,0.414443271836297,"VA",2023-08-21,1,0,1,1,0,1,0,1,1,0,0,0,0,0,0,0,0,1
"1942",4.70085789819303,0.44261096189135,"VA",2023-08-22,1,1,1,1,1,1,0,1,1,1,0,0,0,0,0,0,0,1
"1943",3.44918142724599,0.418549336795352,"VA",2023-08-23,1,1,1,0,1,1,1,1,1,1,1,0,0,0,0,1,0,1
"1944",3.07630603865278,0.428488351599022,"VA",2023-08-24,1,0,1,1,1,1,1,0,0,0,1,0,1,0,0,1,0,0
"1945",2.06691386139642,0.401522114788643,"VA",2023-08-25,1,1,1,0,1,1,1,1,1,0,0,1,0,1,0,1,0,0
"1946",2.20859278708604,0.438394297461727,"VA",2023-08-26,0,1,1,0,0,1,0,1,1,0,1,0,1,0,0,1,0,1
"1947",2.59492830288406,0.426872187605811,"VA",2023-08-27,1,1,1,0,1,1,1,1,0,0,1,0,0,0,0,1,0,0
"1948",4.34816083372483,0.419930128207472,"VA",2023-08-28,1,0,0,1,1,1,1,1,1,0,0,0,1,0,0,0,1,1
"1949",2.0058072407486,0.396013119276169,"VA",2023-08-29,1,1,1,1,1,1,0,1,1,0,0,0,1,0,0,0,1,1
"1950",2.91116519574137,0.378679337391048,"VA",2023-08-30,1,1,0,1,0,1,1,1,0,0,0,0,0,0,0,1,0,0
"1951",2.30839043445931,0.385347945148071,"VA",2023-08-31,1,0,1,1,1,1,1,1,1,0,0,0,0,0,0,1,0,1
"1952",2.79095050432299,0.362740096002655,"VA",2023-09-01,1,1,0,1,1,0,1,1,1,0,1,0,1,1,1,1,1,1
"1953",2.02809291469269,0.475971140258285,"VA",2023-09-02,1,1,1,0,0,0,1,1,1,0,1,0,0,0,0,1,1,1
"1954",2.04041333339087,0.418471493677179,"VA",2023-09-03,1,1,1,0,0,0,1,1,1,1,0,0,0,0,0,1,1,1
"1955",3.42296806529111,0.319742862767061,"VA",2023-09-04,1,1,1,1,1,0,1,1,1,0,0,0,0,0,0,1,0,1
"1956",4.1480793941042,0.42430237475545,"VA",2023-09-05,0,1,1,1,1,0,1,1,1,0,0,0,0,0,0,1,1,1
"1957",6.26800043370475,0.407448501802352,"VA",2023-09-06,1,1,0,1,1,1,0,0,0,0,0,0,0,0,0,0,0,0
"1958",2.87570438448281,0.379254554029597,"VA",2023-09-07,1,1,1,1,1,1,0,1,1,0,0,0,0,0,0,1,0,1
"1959",4.39675930704191,0.395656063934713,"VA",2023-09-08,1,1,1,0,1,1,1,1,1,0,0,0,0,0,0,0,1,1
"1960",2.99540432514986,0.357323588930456,"VA",2023-09-09,1,1,0,1,1,0,1,1,1,1,0,0,0,1,0,1,1,1
"1961",1.4421596865762,0.378713827541046,"VA",2023-09-10,1,1,1,1,1,1,1,1,1,0,0,0,0,1,1,1,1,1
"1962",3.5944082634516,0.404319036766003,"VA",2023-09-11,1,1,1,0,1,1,1,0,0,0,1,1,0,0,0,1,0,0
"1963",5.06506670306124,0.416756424700767,"VA",2023-09-12,0,0,0,0,1,1,1,0,0,0,0,0,1,0,0,0,0,0
"1964",4.15461352754115,0.372490043911614,"VA",2023-09-13,1,1,0,0,1,1,1,1,0,0,1,0,1,0,0,1,1,0
"1965",4.5417036986583,0.359420200514225,"VA",2023-09-14,1,1,0,1,0,0,1,0,1,1,1,0,0,0,0,1,0,1
"1966",3.13362969982126,0.436114704642336,"VA",2023-09-15,1,0,0,1,1,1,1,0,1,0,0,0,0,0,0,1,0,1
"1967",2.23961604796464,0.333292113487067,"VA",2023-09-16,1,1,1,1,1,0,1,1,1,0,1,0,1,0,0,1,1,1
"1968",2.48392112258002,0.445079109258584,"VA",2023-09-17,0,0,1,1,1,0,1,1,1,0,0,0,0,1,0,1,0,1
"1969",2.06672926847931,0.361231170978532,"VA",2023-09-18,1,0,1,1,1,1,1,1,1,0,1,0,0,1,0,1,0,1
"1970",2.98373321562148,0.37709488104567,"VA",2023-09-19,1,1,1,0,1,1,1,1,0,0,0,0,0,0,0,0,0,0
"1971",2.9580993301823,0.392383849826275,"VA",2023-09-20,1,0,1,1,1,0,1,1,1,0,0,0,0,1,0,0,0,1
"1972",3.35399674350502,0.406288967235516,"VA",2023-09-21,1,1,1,0,1,0,1,1,1,0,0,0,0,1,0,1,1,1
"1973",2.50652824210868,0.405286156641483,"VA",2023-09-22,1,1,1,0,1,1,1,1,1,0,0,0,0,1,1,1,0,1
"1974",1.88110175228031,0.458398583296342,"VA",2023-09-23,1,1,1,1,0,1,0,1,1,0,1,0,0,0,0,1,1,1
"1975",3.64380922560263,0.368723355718825,"VT",2023-08-13,1,1,1,0,1,0,1,0,1,0,0,0,0,1,0,1,0,1
"1976",1.84842155688861,0.419355584133417,"VT",2023-08-14,1,1,1,1,1,1,1,1,0,0,0,1,0,1,0,1,0,0
"1977",1.27641405421145,0.406553389205308,"VT",2023-08-15,1,0,1,1,1,1,1,1,1,0,0,1,0,0,0,1,0,1
"1978",1.70175037356668,0.475866281812995,"VT",2023-08-16,0,1,1,1,1,1,1,1,1,0,1,1,1,0,1,1,1,1
"1979",1.91752199223581,0.500853352589032,"VT",2023-08-17,1,1,1,0,1,1,1,0,0,0,0,0,0,1,1,1,0,0
"1980",1.26730049529894,0.398106409839038,"VT",2023-08-18,1,0,1,0,1,1,1,1,1,1,0,0,0,1,0,1,1,0
"1981",0.884040773167453,0.316723425589041,"VT",2023-08-19,1,1,1,1,1,0,1,1,1,1,1,0,0,0,0,1,1,1
"1982",0.850259795680868,0.314241386823151,"VT",2023-08-20,1,1,1,1,1,0,1,1,1,1,1,1,1,0,0,1,1,1
"1983",0.970782012440554,0.439433367279177,"VT",2023-08-21,1,0,1,1,1,1,1,1,1,1,0,1,0,0,0,1,1,1
"1984",1.34885984199705,0.432478033249259,"VT",2023-08-22,1,1,1,1,0,1,1,1,1,0,0,0,0,0,0,1,1,1
"1985",1.51548118237031,0.464337345693584,"VT",2023-08-23,1,1,1,0,1,1,1,0,1,1,1,0,0,0,0,1,0,1
"1986",0.960697124585048,0.46154699681604,"VT",2023-08-24,1,1,1,1,1,1,1,0,1,0,1,0,0,1,1,1,0,1
"1987",1.00911747691614,0.443154401701719,"VT",2023-08-25,1,0,1,1,1,1,1,1,1,1,1,0,1,1,0,1,1,1
"1988",0.378868534634497,0.268333513265908,"VT",2023-08-26,1,1,1,1,1,1,1,1,1,1,1,1,0,1,0,1,1,1
"1989",1.06730078829586,0.365326089125269,"VT",2023-08-27,0,1,1,1,1,1,1,1,1,0,1,1,0,1,0,1,1,1
"1990",1.21990125014982,0.371150918843928,"VT",2023-08-28,1,1,1,0,1,1,1,1,1,1,1,1,0,0,1,1,1,1
"1991",2.01656692286562,0.432802468871035,"VT",2023-08-29,0,1,1,0,1,0,1,1,1,0,1,1,1,1,0,1,1,1
"1992",1.29979922589668,0.383490761221772,"VT",2023-08-30,1,1,1,1,1,1,1,1,1,0,1,0,0,0,0,1,1,1
"1993",2.10340188141973,0.433623105163589,"VT",2023-08-31,1,1,1,0,1,0,1,1,1,1,1,0,1,0,1,1,1,1
"1994",1.7857476571898,0.487494454333278,"VT",2023-09-01,0,0,1,1,1,1,1,1,1,0,1,0,0,0,0,1,1,1
"1995",0.862529772019267,0.364165948267481,"VT",2023-09-02,1,1,1,1,1,1,1,1,1,1,0,0,0,0,1,1,1,1
"1996",2.53418562570688,0.413650951419997,"VT",2023-09-03,1,1,0,1,1,1,1,1,1,1,1,0,0,0,0,1,1,1
"1997",1.3692875872518,0.477669826687854,"VT",2023-09-04,0,0,1,1,1,1,1,1,1,0,1,1,0,0,1,1,1,1
"1998",1.79886671927245,0.356227797124529,"VT",2023-09-05,1,1,1,0,0,1,1,0,1,1,1,1,0,0,0,0,0,1
"1999",3.44890915157566,0.44036572132235,"VT",2023-09-06,0,1,0,0,1,1,1,1,1,0,1,0,0,0,0,1,0,1
"2000",1.75877125744559,0.40666286978547,"VT",2023-09-07,0,1,1,1,1,1,1,1,0,0,0,1,0,1,0,1,1,0
"2001",2.10423193190176,0.402020749265896,"VT",2023-09-08,1,1,0,1,1,1,1,1,1,1,1,0,0,0,0,1,0,1
"2002",2.21814084857688,0.46456464356967,"VT",2023-09-09,1,1,1,1,1,0,1,1,1,0,0,0,0,0,0,1,0,1
"2003",0.620580028221164,0.271901049733624,"VT",2023-09-10,1,1,1,1,1,1,1,1,1,0,1,1,0,1,1,1,1,1
"2004",1.38746523972522,0.49023132504821,"VT",2023-09-11,1,0,1,1,1,1,1,1,0,0,0,0,0,0,1,1,1,0
"2005",1.54705107997335,0.338157918264919,"VT",2023-09-12,1,1,0,1,1,1,1,1,1,1,1,0,0,0,0,1,1,1
"2006",1.09770051833698,0.36797823292416,"VT",2023-09-13,1,1,1,1,1,1,1,1,0,0,1,0,1,1,0,1,1,0
"2007",0.745544874956282,0.299563597501001,"VT",2023-09-14,1,1,1,1,1,1,1,1,1,1,1,1,0,0,0,1,1,1
"2008",1.30858130819291,0.430458092989978,"VT",2023-09-15,1,1,1,1,1,1,1,0,0,0,1,0,1,0,0,1,0,0
"2009",3.00871967446059,0.485988312714614,"VT",2023-09-16,1,1,0,1,0,0,1,1,1,0,1,0,0,0,0,1,1,1
"2010",1.89418025030522,0.356162231874833,"VT",2023-09-17,1,1,1,0,1,1,1,1,1,1,1,0,0,0,0,1,1,1
"2011",0.966691022662814,0.158526522531849,"VT",2023-09-18,1,1,1,1,1,0,1,1,1,0,1,0,0,1,0,1,1,1
"2012",1.63197330776991,0.444411073151448,"VT",2023-09-19,1,1,1,1,1,1,1,0,0,1,1,1,0,0,0,1,0,0
"2013",1.1859086887637,0.345470600734299,"VT",2023-09-20,1,1,0,1,1,1,1,1,1,1,0,0,1,1,1,1,1,1
"2014",1.91847566592204,0.521149295919051,"VT",2023-09-21,1,1,1,0,1,0,1,1,1,0,1,0,0,0,0,1,1,1
"2015",1.1170411410541,0.374528709991518,"VT",2023-09-22,1,1,0,1,1,1,1,1,1,1,1,0,1,1,0,1,1,1
"2016",0.524459610657277,0.138551147703944,"VT",2023-09-23,1,1,1,1,1,1,1,1,1,1,1,1,0,1,0,1,1,1
"2017",1.36507029372834,0.4280892610413,"WA",2023-08-13,0,1,1,1,1,1,1,1,0,0,0,0,0,0,0,1,1,0
"2018",2.51450563295348,0.399151033507454,"WA",2023-08-14,1,1,1,0,1,1,1,1,0,0,0,1,0,0,0,1,1,1
"2019",2.81362574184565,0.411845513234381,"WA",2023-08-15,1,1,1,0,1,0,1,1,0,0,0,0,0,0,0,1,0,0
"2020",1.88430140331533,0.397211687838044,"WA",2023-08-16,1,1,1,1,0,1,1,1,0,0,0,0,0,0,0,1,1,1
"2021",1.2241042065831,0.3822825542562,"WA",2023-08-17,1,1,1,1,1,1,1,1,1,1,0,0,0,0,0,1,1,1
"2022",1.66358640621019,0.392529104688003,"WA",2023-08-18,1,1,1,1,1,1,1,1,1,0,1,0,0,1,0,0,1,1
"2023",1.03541717206067,0.314973808252593,"WA",2023-08-19,1,1,0,1,1,1,1,1,1,1,0,0,0,1,1,1,1,1
"2024",3.57356934564126,0.439776634769374,"WA",2023-08-20,1,1,0,1,0,0,1,1,1,0,1,0,0,0,0,1,0,1
"2025",4.39300699533561,0.401910460314698,"WA",2023-08-21,0,0,1,0,0,1,1,1,1,0,0,0,0,1,0,1,1,1
"2026",1.00614435773905,0.365224412810764,"WA",2023-08-22,1,1,1,1,1,1,1,1,1,0,1,1,1,1,0,1,1,1
"2027",1.92721459923271,0.419300653889912,"WA",2023-08-23,1,0,1,1,1,1,1,1,0,0,0,1,0,0,0,1,1,1
"2028",1.24794735216044,0.421835769223238,"WA",2023-08-24,1,1,1,1,1,1,1,0,1,0,1,1,0,0,1,1,1,1
"2029",2.27529585021476,0.418357565506998,"WA",2023-08-25,1,1,1,0,1,1,1,0,1,0,1,0,0,1,1,1,1,1
"2030",1.89829751173756,0.45052428669714,"WA",2023-08-26,1,1,1,1,0,1,0,0,1,1,0,0,0,1,0,0,0,1
"2031",1.9080339545084,0.355088186430833,"WA",2023-08-27,1,1,0,1,1,1,1,1,1,1,1,0,0,0,0,1,1,1
"2032",3.43207288070233,0.41645446798659,"WA",2023-08-28,1,1,0,0,1,0,1,0,1,0,0,0,1,0,0,1,0,1
"2033",2.65627418491286,0.413908804628282,"WA",2023-08-29,1,1,1,1,0,1,1,0,0,0,1,0,0,0,1,1,0,0
"2034",4.44750512176789,0.360645599108902,"WA",2023-08-30,1,1,0,1,0,1,1,1,1,0,0,0,0,0,0,1,0,1
"2035",2.75207596784811,0.447416789764024,"WA",2023-08-31,1,0,1,0,1,1,0,0,1,0,0,0,0,0,0,0,0,1
"2036",1.51139637420107,0.355782731706463,"WA",2023-09-01,1,1,1,1,1,0,1,1,1,1,1,0,0,1,1,1,1,1
"2037",0.985820589252035,0.443278615498372,"WA",2023-09-02,0,1,1,1,1,1,1,1,1,1,1,0,1,0,0,1,1,1
"2038",NA,NA,"WA",2023-09-03,NA,NA,NA,NA,NA,NA,NA,NA,NA,NA,NA,NA,NA,NA,NA,NA,NA,NA
"2039",NA,NA,"WA",2023-09-04,NA,NA,NA,NA,NA,NA,NA,NA,NA,NA,NA,NA,NA,NA,NA,NA,NA,NA
"2040",3.70236692338903,0.397037314750944,"WA",2023-09-05,1,0,1,1,0,0,1,1,1,0,0,0,1,0,0,1,0,1
"2041",5.12657737704191,0.331481677431349,"WA",2023-09-06,1,1,1,0,0,0,1,1,0,0,1,0,1,0,0,0,0,0
"2042",2.04370279695082,0.392414738090659,"WA",2023-09-07,0,1,1,1,1,1,1,1,1,1,1,0,0,1,0,1,0,1
"2043",4.60576406986867,0.452853157903776,"WA",2023-09-08,0,1,1,1,1,0,1,1,0,0,0,1,0,0,0,1,1,0
"2044",1.58754440030276,0.353418055518097,"WA",2023-09-09,1,1,1,1,1,0,1,1,0,1,1,1,1,0,1,1,1,0
"2045",2.05884897663088,0.364283082677519,"WA",2023-09-10,1,1,0,1,1,0,1,1,1,1,1,0,0,0,0,1,1,1
"2046",4.76219059932342,0.349809114040883,"WA",2023-09-11,1,1,0,1,0,1,1,1,1,0,1,0,0,1,0,1,0,1
"2047",2.49137168683738,0.372594630727368,"WA",2023-09-12,1,0,1,1,1,1,1,1,1,0,0,0,0,1,0,1,1,1
"2048",2.75036404337786,0.369407748218502,"WA",2023-09-13,1,1,0,1,1,1,0,1,1,1,1,0,0,0,0,0,1,0
"2049",4.27094162505019,0.413687891045086,"WA",2023-09-14,1,0,1,0,0,0,1,1,0,1,0,0,0,0,0,1,1,0
"2050",2.90681949518647,0.430217987792066,"WA",2023-09-15,1,0,1,1,1,0,0,1,1,1,0,0,0,1,0,0,0,1
"2051",2.10872909002961,0.335635751252823,"WA",2023-09-16,1,1,1,1,0,0,1,1,1,0,1,0,0,0,0,1,1,1
"2052",1.50916726030834,0.447310215899364,"WA",2023-09-17,1,0,1,0,1,1,1,1,1,1,0,0,1,1,0,1,1,1
"2053",9.88959599282272,0.423051542094977,"WA",2023-09-18,1,1,0,1,1,0,1,1,0,0,0,0,0,0,0,1,0,0
"2054",6.37232291777119,0.36548349931351,"WA",2023-09-19,1,1,0,1,0,1,1,1,0,1,0,0,0,0,1,1,0,0
"2055",2.48338799684062,0.363002597771414,"WA",2023-09-20,1,1,1,0,0,1,1,1,1,0,1,1,0,0,0,1,0,1
"2056",3.33497237080838,0.401291470560222,"WA",2023-09-21,1,0,1,1,1,1,1,0,1,0,0,0,1,1,0,0,0,1
"2057",2.32121234329321,0.367110502588123,"WA",2023-09-22,1,0,1,1,1,1,1,1,1,1,0,0,0,0,0,1,0,1
"2058",2.12834064606531,0.202636531892811,"WA",2023-09-23,1,1,1,1,1,0,1,1,1,1,1,0,1,1,0,1,1,1
"2059",NA,NA,"WI",2023-08-13,NA,NA,NA,NA,NA,NA,NA,NA,NA,NA,NA,NA,NA,NA,NA,NA,NA,NA
"2060",0.66965447456859,0.442165565139571,"WI",2023-08-14,1,1,1,0,1,1,1,1,1,0,1,1,0,1,1,1,1,1
"2061",0.536661491745879,0.355201873337342,"WI",2023-08-15,1,1,1,1,1,0,1,1,1,0,1,1,1,1,0,1,1,1
"2062",0.554997972670761,0.350256896788677,"WI",2023-08-16,1,1,1,1,1,0,1,1,1,0,1,1,1,1,0,1,1,1
"2063",0.881258309853807,0.450004620889576,"WI",2023-08-17,1,1,1,1,1,1,1,1,0,1,1,1,0,1,1,1,1,0
"2064",1.16115799950027,0.340290080740908,"WI",2023-08-18,1,1,1,1,1,0,1,1,1,1,0,0,1,1,0,1,1,1
"2065",NA,NA,"WI",2023-08-19,NA,NA,NA,NA,NA,NA,NA,NA,NA,NA,NA,NA,NA,NA,NA,NA,NA,NA
"2066",0.677848922912754,0.454186289683726,"WI",2023-08-20,1,1,1,0,1,1,1,1,1,1,1,0,0,1,1,1,1,1
"2067",0.386438296571097,0.316907161742826,"WI",2023-08-21,1,1,1,1,1,1,1,1,1,1,1,0,1,0,1,1,1,1
"2068",NA,NA,"WI",2023-08-22,NA,NA,NA,NA,NA,NA,NA,NA,NA,NA,NA,NA,NA,NA,NA,NA,NA,NA
"2069",NA,NA,"WI",2023-08-23,NA,NA,NA,NA,NA,NA,NA,NA,NA,NA,NA,NA,NA,NA,NA,NA,NA,NA
"2070",0.474794527394019,0.309932541934303,"WI",2023-08-24,1,1,1,1,1,1,1,1,1,1,1,1,1,1,1,1,1,1
"2071",0.462313908867436,0.304831020045749,"WI",2023-08-25,1,1,1,1,1,1,1,1,1,1,1,1,1,1,1,1,1,1
"2072",0.986135742530281,0.374988691701537,"WI",2023-08-26,1,1,1,1,1,1,1,1,1,1,1,0,1,1,0,1,1,1
"2073",NA,NA,"WI",2023-08-27,NA,NA,NA,NA,NA,NA,NA,NA,NA,NA,NA,NA,NA,NA,NA,NA,NA,NA
"2074",NA,NA,"WI",2023-08-28,NA,NA,NA,NA,NA,NA,NA,NA,NA,NA,NA,NA,NA,NA,NA,NA,NA,NA
"2075",0.378605533285716,0.336353308043932,"WI",2023-08-29,1,1,1,1,1,1,1,1,1,1,1,1,1,1,1,1,1,1
"2076",0.451270046441824,0.279295088291031,"WI",2023-08-30,1,1,1,1,1,1,1,1,1,1,1,0,1,1,0,1,1,1
"2077",0.80673055043368,0.343138220400798,"WI",2023-08-31,1,1,1,1,1,1,1,1,1,1,0,0,0,1,0,1,1,1
"2078",NA,NA,"WI",2023-09-01,NA,NA,NA,NA,NA,NA,NA,NA,NA,NA,NA,NA,NA,NA,NA,NA,NA,NA
"2079",NA,NA,"WI",2023-09-02,NA,NA,NA,NA,NA,NA,NA,NA,NA,NA,NA,NA,NA,NA,NA,NA,NA,NA
"2080",NA,NA,"WI",2023-09-03,NA,NA,NA,NA,NA,NA,NA,NA,NA,NA,NA,NA,NA,NA,NA,NA,NA,NA
"2081",0.779333779725451,0.424494877378898,"WI",2023-09-04,1,1,1,0,1,1,1,1,1,1,1,1,1,1,1,1,1,1
"2082",NA,NA,"WI",2023-09-05,NA,NA,NA,NA,NA,NA,NA,NA,NA,NA,NA,NA,NA,NA,NA,NA,NA,NA
"2083",0.744451621679724,0.500031009378142,"WI",2023-09-06,1,1,1,0,1,1,1,1,1,1,1,0,0,1,1,1,1,1
"2084",NA,NA,"WI",2023-09-07,NA,NA,NA,NA,NA,NA,NA,NA,NA,NA,NA,NA,NA,NA,NA,NA,NA,NA
"2085",0.800671346449984,0.43813697972988,"WI",2023-09-08,1,1,1,0,1,1,1,1,1,0,1,0,1,1,1,1,1,1
"2086",0.809185657711044,0.441731555301242,"WI",2023-09-09,1,1,1,0,1,1,1,1,1,1,1,1,0,1,0,1,1,1
"2087",NA,NA,"WI",2023-09-10,NA,NA,NA,NA,NA,NA,NA,NA,NA,NA,NA,NA,NA,NA,NA,NA,NA,NA
"2088",NA,NA,"WI",2023-09-11,NA,NA,NA,NA,NA,NA,NA,NA,NA,NA,NA,NA,NA,NA,NA,NA,NA,NA
"2089",0.853417244070585,0.214620560449384,"WI",2023-09-12,1,1,1,1,1,0,1,1,1,0,1,0,1,1,0,1,1,1
"2090",0.699468862088638,0.329911245805279,"WI",2023-09-13,1,1,1,1,1,1,1,1,1,1,1,1,0,1,0,1,1,1
"2091",0.743260256424268,0.331200083806166,"WI",2023-09-14,1,1,0,1,1,1,1,1,1,0,1,0,1,1,1,1,1,1
"2092",1.99229030198407,0.579022688198154,"WI",2023-09-15,1,0,1,0,1,0,1,1,1,1,0,0,0,1,0,1,1,1
"2093",0.780621081003118,0.534588419350249,"WI",2023-09-16,1,1,1,0,1,1,1,1,1,1,1,1,1,1,1,1,1,1
"2094",1.7989476300558,0.540292709522558,"WI",2023-09-17,1,1,1,0,0,0,1,1,1,1,1,1,0,0,0,1,1,1
"2095",2.52806419846209,0.492079559374697,"WI",2023-09-18,1,0,1,1,1,0,1,1,0,1,0,1,0,0,0,1,0,0
"2096",1.25112513537705,0.571250858173534,"WI",2023-09-19,1,1,1,0,1,1,1,0,1,1,1,0,0,1,1,1,0,1
"2097",1.05683116839346,0.398623180021345,"WI",2023-09-20,1,1,1,1,1,1,1,1,0,1,1,1,0,0,1,1,0,0
"2098",0.807405649435159,0.553669132560241,"WI",2023-09-21,1,1,1,0,1,1,1,1,1,1,1,1,0,1,1,1,1,0
"2099",1.38177054537563,0.42891978347918,"WI",2023-09-22,1,1,1,0,1,1,1,1,1,1,1,0,0,0,1,1,1,1
"2100",NA,NA,"WI",2023-09-23,NA,NA,NA,NA,NA,NA,NA,NA,NA,NA,NA,NA,NA,NA,NA,NA,NA,NA
"2101",0.926366060313849,0.417351303494768,"WV",2023-08-13,1,1,1,1,1,1,1,0,1,0,0,0,0,0,0,1,1,1
"2102",1.51146537497055,0.38938474551528,"WV",2023-08-14,1,1,1,1,1,0,1,1,1,1,0,0,0,1,1,1,1,1
"2103",0.624254781440914,0.347285175020066,"WV",2023-08-15,1,1,1,1,1,1,1,1,1,1,0,1,1,1,0,1,1,1
"2104",0.84070262142675,0.459420436363569,"WV",2023-08-16,1,1,1,1,1,1,1,1,1,0,0,1,1,1,1,1,1,1
"2105",2.29336692487051,0.384231040543107,"WV",2023-08-17,1,1,1,0,1,1,1,1,1,1,0,0,0,1,0,1,1,1
"2106",1.59754790985318,0.41298817851057,"WV",2023-08-18,1,1,1,0,1,1,1,1,1,0,0,0,0,0,0,1,1,1
"2107",1.72807182150497,0.426864726771241,"WV",2023-08-19,1,1,1,0,1,1,1,1,1,1,0,1,0,0,0,1,0,1
"2108",2.24619297345674,0.413577855758191,"WV",2023-08-20,1,0,1,0,1,1,1,1,1,1,0,0,0,0,0,1,1,1
"2109",5.5315876634798,0.421480883918887,"WV",2023-08-21,1,1,0,0,1,0,1,1,1,0,0,1,1,1,0,1,0,0
"2110",4.62005744820353,0.431166428142889,"WV",2023-08-22,0,0,1,0,1,1,1,1,0,0,0,0,0,0,0,1,0,0
"2111",4.57913639290244,0.423769975123486,"WV",2023-08-23,0,0,1,0,1,1,1,1,0,0,0,1,0,0,0,1,1,0
"2112",2.44620806873782,0.384257223593927,"WV",2023-08-24,1,1,1,0,1,1,1,1,1,0,0,0,0,0,0,1,1,1
"2113",3.84162397203084,0.44115478546082,"WV",2023-08-25,0,0,1,1,0,0,1,1,1,0,0,0,0,0,0,1,1,1
"2114",2.03741284890434,0.418593938025055,"WV",2023-08-26,1,1,1,1,0,1,1,1,1,0,1,1,0,0,0,1,1,1
"2115",2.88965871221037,0.411232899381645,"WV",2023-08-27,1,1,1,0,1,1,1,1,1,0,0,0,0,1,0,1,0,1
"2116",2.04071972960262,0.324824019159174,"WV",2023-08-28,1,1,0,1,1,1,1,1,1,0,1,0,1,1,0,1,1,1
"2117",2.86335484113623,0.367419899183076,"WV",2023-08-29,1,1,1,1,1,0,1,1,1,0,0,0,0,1,0,1,1,1
"2118",2.31488961175625,0.380165377243758,"WV",2023-08-30,1,1,1,1,1,0,1,1,1,0,0,0,0,0,0,1,1,1
"2119",1.7723141139164,0.431688978221485,"WV",2023-08-31,1,1,1,0,1,1,1,1,0,1,0,0,0,0,0,1,0,0
"2120",1.89172950970277,0.402121534081073,"WV",2023-09-01,1,1,1,1,1,1,1,0,1,0,0,0,0,0,0,1,0,1
"2121",1.64321975657708,0.373733750326728,"WV",2023-09-02,1,1,1,0,1,1,1,1,1,1,0,0,0,0,0,0,1,1
"2122",1.98418210958578,0.418429349079506,"WV",2023-09-03,1,0,1,1,1,1,0,1,1,0,0,0,0,0,0,0,1,1
"2123",1.87342159829157,0.420176375310106,"WV",2023-09-04,1,0,1,1,1,1,0,1,1,0,0,0,0,0,0,0,1,1
"2124",2.07867439385569,0.345613725194223,"WV",2023-09-05,1,1,1,1,1,1,1,1,1,0,0,0,0,0,1,1,1,1
"2125",1.90787188635064,0.381672336415929,"WV",2023-09-06,1,1,1,1,1,1,1,1,1,0,0,0,0,0,0,1,1,1
"2126",1.27849177816284,0.354581129707542,"WV",2023-09-07,1,1,1,0,1,1,1,1,1,1,1,1,0,0,1,1,1,1
"2127",1.28297763010586,0.368774143905789,"WV",2023-09-08,1,1,1,1,1,1,1,1,1,1,1,0,0,0,0,1,1,1
"2128",1.4597155894739,0.358941308378404,"WV",2023-09-09,1,1,0,1,1,1,1,1,1,1,0,0,1,0,0,1,0,1
"2129",1.8650009257246,0.346545531447149,"WV",2023-09-10,1,1,0,1,1,1,1,1,1,0,1,0,1,1,1,1,1,1
"2130",2.18136080980277,0.424404769583988,"WV",2023-09-11,1,0,1,1,1,1,0,1,1,0,0,0,1,0,0,0,1,1
"2131",0.91773114332763,0.3046982735657,"WV",2023-09-12,1,1,1,1,1,1,1,1,1,1,1,1,1,0,0,1,1,1
"2132",0.682761533135548,0.485314586387419,"WV",2023-09-13,1,1,1,0,1,1,1,1,1,1,1,0,0,1,1,1,1,1
"2133",0.788153938932915,0.400491997827368,"WV",2023-09-14,1,1,1,0,1,1,1,1,1,1,1,0,0,1,1,1,1,1
"2134",NA,NA,"WV",2023-09-15,NA,NA,NA,NA,NA,NA,NA,NA,NA,NA,NA,NA,NA,NA,NA,NA,NA,NA
"2135",NA,NA,"WV",2023-09-16,NA,NA,NA,NA,NA,NA,NA,NA,NA,NA,NA,NA,NA,NA,NA,NA,NA,NA
"2136",NA,NA,"WV",2023-09-17,NA,NA,NA,NA,NA,NA,NA,NA,NA,NA,NA,NA,NA,NA,NA,NA,NA,NA
"2137",0.726651128475022,0.342723727356353,"WV",2023-09-18,1,1,1,1,1,1,1,1,1,1,1,0,0,0,0,1,0,1
"2138",1.33003257196143,0.42394951996185,"WV",2023-09-19,1,1,1,0,1,1,1,1,1,1,1,0,0,1,0,1,1,0
"2139",0.983475276998009,0.451946151611515,"WV",2023-09-20,1,0,1,1,1,1,1,1,1,1,0,0,0,1,0,1,1,1
"2140",2.22657570153194,0.462648435378498,"WV",2023-09-21,1,1,1,0,1,0,1,1,1,1,1,1,0,1,0,1,1,1
"2141",0.825743671976884,0.56543771761797,"WV",2023-09-22,1,1,1,1,1,1,1,0,1,1,1,1,1,1,0,1,0,1
"2142",0.333226220196457,0.253009412722503,"WV",2023-09-23,1,1,1,1,1,1,1,1,1,1,1,0,1,1,0,1,1,1
"2143",NA,NA,"WY",2023-08-13,NA,NA,NA,NA,NA,NA,NA,NA,NA,NA,NA,NA,NA,NA,NA,NA,NA,NA
"2144",NA,NA,"WY",2023-08-14,NA,NA,NA,NA,NA,NA,NA,NA,NA,NA,NA,NA,NA,NA,NA,NA,NA,NA
"2145",NA,NA,"WY",2023-08-15,NA,NA,NA,NA,NA,NA,NA,NA,NA,NA,NA,NA,NA,NA,NA,NA,NA,NA
"2146",NA,NA,"WY",2023-08-16,NA,NA,NA,NA,NA,NA,NA,NA,NA,NA,NA,NA,NA,NA,NA,NA,NA,NA
"2147",NA,NA,"WY",2023-08-17,NA,NA,NA,NA,NA,NA,NA,NA,NA,NA,NA,NA,NA,NA,NA,NA,NA,NA
"2148",NA,NA,"WY",2023-08-18,NA,NA,NA,NA,NA,NA,NA,NA,NA,NA,NA,NA,NA,NA,NA,NA,NA,NA
"2149",NA,NA,"WY",2023-08-19,NA,NA,NA,NA,NA,NA,NA,NA,NA,NA,NA,NA,NA,NA,NA,NA,NA,NA
"2150",NA,NA,"WY",2023-08-20,NA,NA,NA,NA,NA,NA,NA,NA,NA,NA,NA,NA,NA,NA,NA,NA,NA,NA
"2151",NA,NA,"WY",2023-08-21,NA,NA,NA,NA,NA,NA,NA,NA,NA,NA,NA,NA,NA,NA,NA,NA,NA,NA
"2152",NA,NA,"WY",2023-08-22,NA,NA,NA,NA,NA,NA,NA,NA,NA,NA,NA,NA,NA,NA,NA,NA,NA,NA
"2153",NA,NA,"WY",2023-08-23,NA,NA,NA,NA,NA,NA,NA,NA,NA,NA,NA,NA,NA,NA,NA,NA,NA,NA
"2154",NA,NA,"WY",2023-08-24,NA,NA,NA,NA,NA,NA,NA,NA,NA,NA,NA,NA,NA,NA,NA,NA,NA,NA
"2155",NA,NA,"WY",2023-08-25,NA,NA,NA,NA,NA,NA,NA,NA,NA,NA,NA,NA,NA,NA,NA,NA,NA,NA
"2156",NA,NA,"WY",2023-08-26,NA,NA,NA,NA,NA,NA,NA,NA,NA,NA,NA,NA,NA,NA,NA,NA,NA,NA
"2157",NA,NA,"WY",2023-08-27,NA,NA,NA,NA,NA,NA,NA,NA,NA,NA,NA,NA,NA,NA,NA,NA,NA,NA
"2158",NA,NA,"WY",2023-08-28,NA,NA,NA,NA,NA,NA,NA,NA,NA,NA,NA,NA,NA,NA,NA,NA,NA,NA
"2159",NA,NA,"WY",2023-08-29,NA,NA,NA,NA,NA,NA,NA,NA,NA,NA,NA,NA,NA,NA,NA,NA,NA,NA
"2160",NA,NA,"WY",2023-08-30,NA,NA,NA,NA,NA,NA,NA,NA,NA,NA,NA,NA,NA,NA,NA,NA,NA,NA
"2161",NA,NA,"WY",2023-08-31,NA,NA,NA,NA,NA,NA,NA,NA,NA,NA,NA,NA,NA,NA,NA,NA,NA,NA
"2162",NA,NA,"WY",2023-09-01,NA,NA,NA,NA,NA,NA,NA,NA,NA,NA,NA,NA,NA,NA,NA,NA,NA,NA
"2163",NA,NA,"WY",2023-09-02,NA,NA,NA,NA,NA,NA,NA,NA,NA,NA,NA,NA,NA,NA,NA,NA,NA,NA
"2164",NA,NA,"WY",2023-09-03,NA,NA,NA,NA,NA,NA,NA,NA,NA,NA,NA,NA,NA,NA,NA,NA,NA,NA
"2165",NA,NA,"WY",2023-09-04,NA,NA,NA,NA,NA,NA,NA,NA,NA,NA,NA,NA,NA,NA,NA,NA,NA,NA
"2166",NA,NA,"WY",2023-09-05,NA,NA,NA,NA,NA,NA,NA,NA,NA,NA,NA,NA,NA,NA,NA,NA,NA,NA
"2167",NA,NA,"WY",2023-09-06,NA,NA,NA,NA,NA,NA,NA,NA,NA,NA,NA,NA,NA,NA,NA,NA,NA,NA
"2168",NA,NA,"WY",2023-09-07,NA,NA,NA,NA,NA,NA,NA,NA,NA,NA,NA,NA,NA,NA,NA,NA,NA,NA
"2169",NA,NA,"WY",2023-09-08,NA,NA,NA,NA,NA,NA,NA,NA,NA,NA,NA,NA,NA,NA,NA,NA,NA,NA
"2170",NA,NA,"WY",2023-09-09,NA,NA,NA,NA,NA,NA,NA,NA,NA,NA,NA,NA,NA,NA,NA,NA,NA,NA
"2171",NA,NA,"WY",2023-09-10,NA,NA,NA,NA,NA,NA,NA,NA,NA,NA,NA,NA,NA,NA,NA,NA,NA,NA
"2172",NA,NA,"WY",2023-09-11,NA,NA,NA,NA,NA,NA,NA,NA,NA,NA,NA,NA,NA,NA,NA,NA,NA,NA
"2173",NA,NA,"WY",2023-09-12,NA,NA,NA,NA,NA,NA,NA,NA,NA,NA,NA,NA,NA,NA,NA,NA,NA,NA
"2174",NA,NA,"WY",2023-09-13,NA,NA,NA,NA,NA,NA,NA,NA,NA,NA,NA,NA,NA,NA,NA,NA,NA,NA
"2175",NA,NA,"WY",2023-09-14,NA,NA,NA,NA,NA,NA,NA,NA,NA,NA,NA,NA,NA,NA,NA,NA,NA,NA
"2176",NA,NA,"WY",2023-09-15,NA,NA,NA,NA,NA,NA,NA,NA,NA,NA,NA,NA,NA,NA,NA,NA,NA,NA
"2177",NA,NA,"WY",2023-09-16,NA,NA,NA,NA,NA,NA,NA,NA,NA,NA,NA,NA,NA,NA,NA,NA,NA,NA
"2178",NA,NA,"WY",2023-09-17,NA,NA,NA,NA,NA,NA,NA,NA,NA,NA,NA,NA,NA,NA,NA,NA,NA,NA
"2179",NA,NA,"WY",2023-09-18,NA,NA,NA,NA,NA,NA,NA,NA,NA,NA,NA,NA,NA,NA,NA,NA,NA,NA
"2180",NA,NA,"WY",2023-09-19,NA,NA,NA,NA,NA,NA,NA,NA,NA,NA,NA,NA,NA,NA,NA,NA,NA,NA
"2181",NA,NA,"WY",2023-09-20,NA,NA,NA,NA,NA,NA,NA,NA,NA,NA,NA,NA,NA,NA,NA,NA,NA,NA
"2182",NA,NA,"WY",2023-09-21,NA,NA,NA,NA,NA,NA,NA,NA,NA,NA,NA,NA,NA,NA,NA,NA,NA,NA
"2183",NA,NA,"WY",2023-09-22,NA,NA,NA,NA,NA,NA,NA,NA,NA,NA,NA,NA,NA,NA,NA,NA,NA,NA
"2184",NA,NA,"WY",2023-09-23,NA,NA,NA,NA,NA,NA,NA,NA,NA,NA,NA,NA,NA,NA,NA,NA,NA,NA
