...1,es_score,brier_score,location,target_date,X21L_50_CI,X22A_50_CI,X22B_50_CI,X22D_50_CI,X22E_50_CI,X22F_50_CI,other_50_CI,X21L_95_CI,X22A_95_CI,X22B_95_CI,X22D_95_CI,X22E_95_CI,X22F_95_CI,other_95_CI
1,NA,NA,AK,2022-10-16,NA,NA,NA,NA,NA,NA,NA,NA,NA,NA,NA,NA,NA,NA
2,NA,NA,AK,2022-10-17,NA,NA,NA,NA,NA,NA,NA,NA,NA,NA,NA,NA,NA,NA
3,0.0517506056530547,0.01219637701805475,AK,2022-10-18,1,1,1,1,1,1,1,1,1,1,1,1,1,1
4,0.0185166092617224,0.01345683860777705,AK,2022-10-19,1,1,1,1,1,1,1,1,1,1,1,1,1,1
5,NA,NA,AK,2022-10-20,NA,NA,NA,NA,NA,NA,NA,NA,NA,NA,NA,NA,NA,NA
6,NA,NA,AK,2022-10-21,NA,NA,NA,NA,NA,NA,NA,NA,NA,NA,NA,NA,NA,NA
7,NA,NA,AK,2022-10-22,NA,NA,NA,NA,NA,NA,NA,NA,NA,NA,NA,NA,NA,NA
8,NA,NA,AK,2022-10-23,NA,NA,NA,NA,NA,NA,NA,NA,NA,NA,NA,NA,NA,NA
9,0.0279129128596905,0.0226064524565535,AK,2022-10-24,1,1,1,1,1,1,1,1,1,1,1,1,1,1
10,NA,NA,AK,2022-10-25,NA,NA,NA,NA,NA,NA,NA,NA,NA,NA,NA,NA,NA,NA
11,NA,NA,AK,2022-10-26,NA,NA,NA,NA,NA,NA,NA,NA,NA,NA,NA,NA,NA,NA
12,NA,NA,AK,2022-10-27,NA,NA,NA,NA,NA,NA,NA,NA,NA,NA,NA,NA,NA,NA
13,NA,NA,AK,2022-10-28,NA,NA,NA,NA,NA,NA,NA,NA,NA,NA,NA,NA,NA,NA
14,NA,NA,AK,2022-10-29,NA,NA,NA,NA,NA,NA,NA,NA,NA,NA,NA,NA,NA,NA
15,0.9308180001441,0.632816508509795,AK,2022-10-30,1,1,0,1,0,1,1,1,1,0,1,0,1,1
16,NA,NA,AK,2022-10-31,NA,NA,NA,NA,NA,NA,NA,NA,NA,NA,NA,NA,NA,NA
17,NA,NA,AK,2022-11-01,NA,NA,NA,NA,NA,NA,NA,NA,NA,NA,NA,NA,NA,NA
18,0.225575343455257,0.058907122072077,AK,2022-11-02,1,1,1,1,1,1,1,1,1,0,1,0,1,1
19,NA,NA,AK,2022-11-03,NA,NA,NA,NA,NA,NA,NA,NA,NA,NA,NA,NA,NA,NA
20,NA,NA,AK,2022-11-04,NA,NA,NA,NA,NA,NA,NA,NA,NA,NA,NA,NA,NA,NA
21,NA,NA,AK,2022-11-05,NA,NA,NA,NA,NA,NA,NA,NA,NA,NA,NA,NA,NA,NA
22,NA,NA,AK,2022-11-06,NA,NA,NA,NA,NA,NA,NA,NA,NA,NA,NA,NA,NA,NA
23,NA,NA,AK,2022-11-07,NA,NA,NA,NA,NA,NA,NA,NA,NA,NA,NA,NA,NA,NA
24,NA,NA,AK,2022-11-08,NA,NA,NA,NA,NA,NA,NA,NA,NA,NA,NA,NA,NA,NA
25,NA,NA,AK,2022-11-09,NA,NA,NA,NA,NA,NA,NA,NA,NA,NA,NA,NA,NA,NA
26,NA,NA,AK,2022-11-10,NA,NA,NA,NA,NA,NA,NA,NA,NA,NA,NA,NA,NA,NA
27,NA,NA,AK,2022-11-11,NA,NA,NA,NA,NA,NA,NA,NA,NA,NA,NA,NA,NA,NA
28,NA,NA,AK,2022-11-12,NA,NA,NA,NA,NA,NA,NA,NA,NA,NA,NA,NA,NA,NA
29,NA,NA,AK,2022-11-13,NA,NA,NA,NA,NA,NA,NA,NA,NA,NA,NA,NA,NA,NA
30,0.531884702461513,0.3369550246169485,AK,2022-11-14,1,1,1,1,1,1,1,1,1,0,1,0,1,1
31,NA,NA,AK,2022-11-15,NA,NA,NA,NA,NA,NA,NA,NA,NA,NA,NA,NA,NA,NA
32,NA,NA,AK,2022-11-16,NA,NA,NA,NA,NA,NA,NA,NA,NA,NA,NA,NA,NA,NA
33,0.266946683215064,0.221826579543363,AK,2022-11-17,1,1,1,1,1,1,1,1,1,0,1,0,1,1
34,NA,NA,AK,2022-11-18,NA,NA,NA,NA,NA,NA,NA,NA,NA,NA,NA,NA,NA,NA
35,NA,NA,AK,2022-11-19,NA,NA,NA,NA,NA,NA,NA,NA,NA,NA,NA,NA,NA,NA
36,NA,NA,AK,2022-11-20,NA,NA,NA,NA,NA,NA,NA,NA,NA,NA,NA,NA,NA,NA
37,NA,NA,AK,2022-11-21,NA,NA,NA,NA,NA,NA,NA,NA,NA,NA,NA,NA,NA,NA
38,1.37707344127346,0.449811953425791,AK,2022-11-22,0,1,1,1,0,1,1,0,1,1,1,0,1,1
39,1.0077695460933,0.72197912274757,AK,2022-11-23,1,1,1,0,1,1,1,1,1,0,0,1,1,1
40,NA,NA,AK,2022-11-24,NA,NA,NA,NA,NA,NA,NA,NA,NA,NA,NA,NA,NA,NA
41,NA,NA,AK,2022-11-25,NA,NA,NA,NA,NA,NA,NA,NA,NA,NA,NA,NA,NA,NA
42,0.271025147524427,0.264541572494096,AK,2022-11-26,1,1,1,1,1,1,1,1,1,0,1,0,1,1
43,0.820014145363542,0.183401860759001,AL,2022-10-16,1,1,1,0,1,1,1,1,1,0,0,1,1,1
44,0.963003673217408,0.4183658836189865,AL,2022-10-17,1,1,1,0,1,1,1,1,0,1,0,1,1,1
45,0.0409584814121632,0.0274210491120369,AL,2022-10-18,1,1,1,1,1,1,1,1,1,1,1,1,1,1
46,0.136792744105869,0.02830765388574185,AL,2022-10-19,1,1,1,1,1,1,1,1,0,0,1,1,1,1
47,0.0432053556326514,0.0292978401856886,AL,2022-10-20,1,1,1,1,1,1,1,1,1,1,1,1,1,1
48,0.0448362691378421,0.03040207780686555,AL,2022-10-21,1,1,1,1,1,1,1,1,1,1,1,1,1,1
49,0.0477085934479539,0.03163183240240155,AL,2022-10-22,1,1,1,1,1,1,1,1,1,1,1,1,1,1
50,0.156546988613407,0.032999628655152,AL,2022-10-23,1,1,1,1,1,1,1,1,0,0,1,1,1,1
51,0.0468959721939369,0.03451910996932115,AL,2022-10-24,1,1,1,1,1,1,1,1,1,1,1,1,1,1
52,0.177673210675967,0.0362050926283127,AL,2022-10-25,1,1,1,1,1,1,1,1,1,0,1,0,1,1
53,0.967140231243455,0.37056091342599,AL,2022-10-26,1,1,0,1,1,1,1,1,0,1,1,0,1,1
54,2.13156392542937,0.768468337629045,AL,2022-10-27,1,1,0,0,1,1,1,1,0,0,0,1,1,1
55,NA,NA,AL,2022-10-28,NA,NA,NA,NA,NA,NA,NA,NA,NA,NA,NA,NA,NA,NA
56,0.66985058344964,0.357220601734462,AL,2022-10-29,1,1,1,1,0,1,1,1,1,1,1,1,1,1
57,0.711462852912185,0.369016539722013,AL,2022-10-30,1,0,1,1,1,1,1,1,0,1,0,1,1,1
58,0.492684559197219,0.1694243627203405,AL,2022-10-31,1,1,1,1,1,1,1,1,1,0,0,0,1,1
59,0.654109898235305,0.2953236058067075,AL,2022-11-01,1,1,1,1,1,1,1,1,0,0,1,1,1,1
60,0.450593603157203,0.2439898201200795,AL,2022-11-02,1,1,1,1,1,1,1,1,1,0,1,0,1,1
61,2.08283872075605,0.4468637892230505,AL,2022-11-03,1,0,0,1,0,1,1,1,0,0,1,1,1,1
62,0.810580997349097,0.586514721551385,AL,2022-11-04,1,1,1,1,0,1,1,1,1,1,0,0,1,1
63,1.02344422253986,0.719237515477145,AL,2022-11-05,1,1,1,0,1,1,1,1,1,0,0,1,1,1
64,0.768761189095552,0.55495809021156,AL,2022-11-06,1,1,1,1,0,1,1,1,1,0,1,0,1,1
65,0.729138677008816,0.264764934646203,AL,2022-11-07,1,1,1,1,1,1,1,1,1,0,1,0,1,1
66,0.372536536159906,0.0884706975124645,AL,2022-11-08,1,1,1,1,1,1,1,1,1,1,1,1,1,1
67,0.690813456817875,0.338161749559568,AL,2022-11-09,1,1,1,1,1,1,1,1,0,0,1,0,1,1
68,0.962490633472194,0.26740374254199,AL,2022-11-10,1,1,1,1,1,1,1,1,1,0,1,0,1,1
69,0.665288457741184,0.469636967019673,AL,2022-11-11,1,1,1,1,1,1,1,1,1,1,1,1,1,1
70,0.335684291070438,0.2297895778215555,AL,2022-11-12,1,1,1,1,1,1,1,1,1,1,1,1,1,1
71,0.331283035513866,0.2808306283130755,AL,2022-11-13,1,1,1,1,1,1,1,1,1,1,1,1,1,1
72,1.25970517356465,0.4158139129411665,AL,2022-11-14,1,1,0,1,0,1,1,1,1,0,1,0,1,1
73,NA,NA,AL,2022-11-15,NA,NA,NA,NA,NA,NA,NA,NA,NA,NA,NA,NA,NA,NA
74,0.544093960926501,0.2691905885819105,AL,2022-11-16,1,1,1,1,1,1,1,1,1,0,1,0,1,1
75,1.07973968959885,0.3893541816265645,AL,2022-11-17,1,1,1,0,1,1,1,1,1,1,0,0,1,1
76,1.75017638122624,0.3440658328266245,AL,2022-11-18,1,1,0,1,0,1,1,1,1,0,1,0,1,1
77,NA,NA,AL,2022-11-19,NA,NA,NA,NA,NA,NA,NA,NA,NA,NA,NA,NA,NA,NA
78,NA,NA,AL,2022-11-20,NA,NA,NA,NA,NA,NA,NA,NA,NA,NA,NA,NA,NA,NA
79,1.0714371844503,0.494636888579636,AL,2022-11-21,1,1,1,1,1,1,0,1,1,0,1,1,1,0
80,0.945005645864818,0.4602775989253325,AL,2022-11-22,1,0,1,1,1,1,1,1,0,0,1,1,1,1
81,0.361756126101274,0.2596681358350415,AL,2022-11-23,1,1,1,1,1,1,1,1,1,1,0,0,1,1
82,NA,NA,AL,2022-11-24,NA,NA,NA,NA,NA,NA,NA,NA,NA,NA,NA,NA,NA,NA
83,0.803844930205126,0.3904318105371385,AL,2022-11-25,1,1,1,0,1,1,1,1,1,0,1,0,1,1
84,NA,NA,AL,2022-11-26,NA,NA,NA,NA,NA,NA,NA,NA,NA,NA,NA,NA,NA,NA
85,0.497336353804703,0.201298659049698,AR,2022-10-16,1,1,1,1,1,1,1,1,1,1,1,1,1,1
86,1.29149438226596,0.244518807192371,AR,2022-10-17,1,1,0,1,1,1,1,1,0,0,1,1,1,1
87,1.0946778014444,0.095549703510222,AR,2022-10-18,1,1,1,0,1,1,1,1,0,0,0,0,1,1
88,0.808863674615696,0.3792999812902585,AR,2022-10-19,1,0,1,1,1,1,1,1,1,1,1,1,1,1
89,0.522095563139667,0.2010419378958215,AR,2022-10-20,1,1,1,1,1,1,1,1,0,0,1,1,1,1
90,1.58834496833793,0.4264432939060935,AR,2022-10-21,0,1,0,0,1,1,1,0,0,0,0,1,1,1
91,0.777038292403927,0.02533547944759815,AR,2022-10-22,1,1,1,1,1,1,1,1,1,1,1,1,1,1
92,0.225753418929344,0.02633066751007815,AR,2022-10-23,1,1,1,1,1,1,1,1,1,1,1,1,1,1
93,1.99088352936599,0.2326558158928965,AR,2022-10-24,1,1,0,1,0,1,1,1,0,1,1,0,1,1
94,2.16235444875456,0.25051766405343,AR,2022-10-25,0,1,0,1,1,1,1,0,0,0,1,1,0,1
95,0.50708735133735106,0.201526321633587,AR,2022-10-26,1,1,1,1,1,1,1,1,0,0,1,1,1,1
96,0.489477413432063,0.1450051076108555,AR,2022-10-27,1,1,1,1,1,1,1,1,1,0,1,0,1,1
97,0.264530906895891,0.03304185103066715,AR,2022-10-28,1,1,1,1,1,1,1,1,1,1,1,1,1,1
98,0.437198882785499,0.0348209011515677,AR,2022-10-29,1,1,1,1,1,1,1,1,1,1,1,1,1,1
99,1.2665550244381,0.3947848723818925,AR,2022-10-30,0,1,0,1,1,1,1,1,0,0,1,1,1,1
100,1.70479313639263,0.2749975357405875,AR,2022-10-31,1,0,0,1,1,1,1,1,0,1,0,1,0,1
101,1.54203164471705,0.366622509662378,AR,2022-11-01,1,1,0,1,0,1,1,1,0,0,1,1,1,1
102,2.78979206034035,0.1844486875170815,AR,2022-11-02,1,0,1,1,0,1,1,1,0,0,1,0,1,1
103,1.34367704651274,0.1416734872926705,AR,2022-11-03,1,1,1,1,1,1,1,1,0,0,0,0,0,1
104,1.31440368516767,0.351341173290802,AR,2022-11-04,1,1,1,1,0,1,1,1,1,0,1,0,0,1
105,1.27376607803883,0.3031314534058255,AR,2022-11-05,1,0,1,1,1,1,1,1,0,0,1,1,1,1
106,1.44285375037646,0.649025239098355,AR,2022-11-06,1,0,0,1,1,1,1,1,0,0,1,0,1,1
107,0.468665201986568,0.0614104643444275,AR,2022-11-07,1,1,1,1,1,1,1,1,0,0,1,1,1,1
108,1.24787781155657,0.282781655266272,AR,2022-11-08,1,0,1,0,1,1,1,1,0,0,0,0,0,1
109,0.502168836228698,0.172532975579263,AR,2022-11-09,1,1,1,1,1,1,1,1,0,1,1,0,1,1
110,1.66869311154701,0.076347945976451,AR,2022-11-10,1,1,0,1,1,1,1,1,1,0,1,0,1,1
111,0.321151125446243,0.082235048685686,AR,2022-11-11,1,1,1,1,1,1,1,1,1,0,1,0,1,1
112,0.118454273312165,0.088622429845962,AR,2022-11-12,1,1,1,1,1,1,1,1,1,1,1,1,1,1
113,NA,NA,AR,2022-11-13,NA,NA,NA,NA,NA,NA,NA,NA,NA,NA,NA,NA,NA,NA
114,3.08089274281263,0.406163027051629,AR,2022-11-14,1,0,0,1,0,1,1,1,0,0,1,0,0,1
115,0.832485919622101,0.408156318057751,AR,2022-11-15,1,0,1,1,1,1,1,1,0,1,0,1,1,1
116,0.167921582806565,0.1196804060945945,AR,2022-11-16,1,1,1,1,1,1,1,1,1,1,1,1,1,1
117,1.32215281770435,0.2488234859305105,AR,2022-11-17,1,1,1,1,1,1,1,1,1,0,1,0,0,1
118,1.01084394459036,0.261100270358084,AR,2022-11-18,1,0,1,1,1,1,1,1,0,1,1,0,1,1
119,0.917515163385863,0.423797100984645,AR,2022-11-19,1,1,1,1,1,1,0,1,1,1,1,0,1,0
120,0.770231013440549,0.311140623069942,AR,2022-11-20,1,1,1,1,0,1,1,1,1,1,1,0,0,1
121,1.75036150589998,0.2488817177469155,AR,2022-11-21,1,1,0,1,1,1,1,1,1,0,0,0,1,1
122,4.14382230191533,0.365847055438486,AR,2022-11-22,1,1,0,0,0,1,1,1,0,0,0,0,0,1
123,2.17837081092228,0.374370849260895,AR,2022-11-23,1,1,0,1,0,1,0,1,1,0,1,0,0,0
124,0.882520065957359,0.4035638711046835,AR,2022-11-24,1,1,1,1,1,1,0,1,1,0,1,1,1,0
125,2.84804675924918,0.299949276817045,AR,2022-11-25,1,1,0,1,0,1,1,1,0,0,1,0,0,1
126,2.28821868540061,0.6675427883443,AR,2022-11-26,1,1,0,0,0,1,0,1,1,0,0,1,0,0
127,0.673234643253867,0.152244522798127,AZ,2022-10-16,1,1,1,1,1,1,1,1,1,1,1,1,1,1
128,3.68569640004233,0.1206350950586825,AZ,2022-10-17,1,1,0,1,1,1,1,1,0,0,1,1,1,1
129,1.89981831435975,0.2173402175026675,AZ,2022-10-18,1,1,1,1,0,1,1,1,0,0,1,0,1,1
130,3.72252903971456,0.274557913355463,AZ,2022-10-19,1,1,0,1,0,0,1,1,0,0,0,0,0,1
131,2.10311527204839,0.2498495382410565,AZ,2022-10-20,1,1,1,1,0,1,1,1,1,0,0,0,1,1
132,1.15640920812181,0.1421843088231665,AZ,2022-10-21,1,1,1,1,1,1,1,1,0,0,1,0,1,1
133,0.450228043706631,0.30999457652293,AZ,2022-10-22,1,1,1,1,1,1,1,1,1,0,1,0,1,1
134,1.03513714658378,0.1351046855777565,AZ,2022-10-23,1,1,0,1,1,1,1,1,1,0,0,0,1,1
135,1.32820963425576,0.2496164540626355,AZ,2022-10-24,1,1,1,1,1,1,1,1,1,0,0,0,1,1
136,2.4069975959485,0.276824452122752,AZ,2022-10-25,0,1,1,0,1,1,1,0,1,0,0,0,1,1
137,1.66133714471275,0.2373924425361775,AZ,2022-10-26,1,1,1,0,1,1,1,1,0,0,1,0,1,1
138,2.71100941857732,0.324341989456451,AZ,2022-10-27,1,0,0,1,1,1,1,1,0,0,1,0,1,1
139,2.22179088532846,0.2166621204902675,AZ,2022-10-28,1,1,0,1,1,1,1,1,0,0,0,0,1,1
140,2.70967462521496,0.349798983500939,AZ,2022-10-29,1,0,0,1,1,1,1,1,0,0,1,0,1,1
141,2.95158745957926,0.3426957991187095,AZ,2022-10-30,0,0,1,1,0,1,1,0,0,0,1,0,1,1
142,3.05556617861978,0.29450989089164,AZ,2022-10-31,1,1,1,0,1,1,1,1,0,0,0,1,1,1
143,3.49975160161745,0.267816175962669,AZ,2022-11-01,1,1,0,1,0,1,1,1,0,0,0,0,1,1
144,5.83942634202966,0.287926274606173,AZ,2022-11-02,1,1,0,0,0,1,1,1,0,0,0,0,1,1
145,5.42947931223327,0.36222539308169,AZ,2022-11-03,1,0,0,1,1,0,1,1,0,0,1,1,0,1
146,2.86598307776309,0.2609360513873485,AZ,2022-11-04,1,1,0,1,1,1,1,1,0,0,0,0,0,1
147,6.82746503856899,0.3441291496565635,AZ,2022-11-05,1,1,0,0,0,0,1,1,1,0,0,0,0,1
148,8.09059118094564,0.3137140062259305,AZ,2022-11-06,1,1,0,1,0,0,1,1,0,0,0,0,0,1
149,12.3543244696958,0.2940507804556325,AZ,2022-11-07,0,1,0,0,0,1,1,0,0,0,0,0,1,1
150,6.52743807824754,0.309158624625945,AZ,2022-11-08,1,0,0,1,0,1,1,1,0,0,1,1,0,1
151,5.35133545337243,0.3136741003585695,AZ,2022-11-09,0,1,1,1,0,1,0,0,0,0,0,0,1,0
152,5.88681134039607,0.319816980366695,AZ,2022-11-10,1,1,1,0,0,1,1,1,0,0,0,0,1,1
153,19.2770456731816,0.4208752148525365,AZ,2022-11-11,1,0,0,0,0,0,1,1,0,0,0,0,0,1
154,11.9012723769899,0.328512648838556,AZ,2022-11-12,1,1,0,1,0,1,1,1,0,0,0,0,0,1
155,2.93583728798669,0.3134040045540955,AZ,2022-11-13,1,1,1,0,0,1,0,1,0,1,0,0,1,0
156,12.2938004306671,0.3020347054816945,AZ,2022-11-14,1,0,0,1,0,1,1,1,0,0,0,0,0,1
157,14.669063622004,0.3175743713042365,AZ,2022-11-15,1,1,0,1,0,1,1,1,0,0,1,0,1,1
158,12.4504825502278,0.334251742465785,AZ,2022-11-16,1,0,0,0,0,1,1,1,1,0,0,0,0,1
159,23.7588291325768,0.3379965492058685,AZ,2022-11-17,1,1,0,1,0,0,1,1,0,0,0,0,0,1
160,14.672073272024,0.3338208477143685,AZ,2022-11-18,1,1,0,1,0,1,1,1,0,0,1,0,0,1
161,2.47783411140603,0.243907935067173,AZ,2022-11-19,1,1,0,1,1,1,1,1,1,0,1,0,1,1
162,13.053289199907,0.390244216879252,AZ,2022-11-20,1,1,0,0,0,1,1,1,1,0,0,0,0,1
163,25.9466888080324,0.312050680568631,AZ,2022-11-21,0,1,0,0,0,1,1,0,1,0,0,0,1,1
164,49.6771381328346,0.438362456746844,AZ,2022-11-22,0,1,0,0,0,1,1,0,1,0,0,0,0,1
165,23.6489350586532,0.3754386279971405,AZ,2022-11-23,1,1,0,0,0,1,1,1,0,0,0,0,1,1
166,3.20597013241731,0.3753385240845825,AZ,2022-11-24,0,1,0,0,0,1,1,0,1,0,1,0,0,1
167,19.6481600350206,0.317698831106151,AZ,2022-11-25,1,1,0,1,0,1,1,1,1,0,1,0,0,1
168,20.2702915551093,0.3906629249698875,AZ,2022-11-26,0,0,0,1,0,1,0,0,0,0,1,0,0,0
169,3.27631876184937,0.191994009293267,CA,2022-10-16,0,1,1,0,1,1,1,0,0,0,0,0,0,1
170,5.54670506055616,0.210393011495687,CA,2022-10-17,1,0,1,1,1,1,1,1,0,0,0,0,0,1
171,10.4426369652804,0.256356726003486,CA,2022-10-18,0,1,0,0,0,1,1,0,0,0,0,0,1,1
172,14.0812828859614,0.263158336845311,CA,2022-10-19,0,0,0,1,0,1,0,0,0,0,0,0,0,0
173,3.83705917141654,0.2249050443000495,CA,2022-10-20,0,0,1,1,1,1,1,0,1,1,0,0,0,1
174,3.00856584048161,0.1925987104788695,CA,2022-10-21,0,1,1,1,1,1,0,0,0,0,0,0,1,0
175,4.46642578418884,0.245175848718996,CA,2022-10-22,0,0,1,1,0,1,0,0,0,0,0,0,1,0
176,5.0056338018005,0.2528660410960725,CA,2022-10-23,0,1,1,1,0,1,0,0,0,0,1,0,0,0
177,9.73966396651158,0.285935339760969,CA,2022-10-24,0,1,0,0,1,0,1,0,0,0,0,0,0,1
178,8.53234139225197,0.2804331019873805,CA,2022-10-25,1,1,0,1,0,1,1,1,0,0,0,0,0,1
179,6.32757080333937,0.2789263815525165,CA,2022-10-26,0,0,1,1,1,1,1,0,0,0,0,0,0,1
180,6.08564194989518,0.2768340842911055,CA,2022-10-27,0,1,1,1,1,1,1,0,0,0,0,0,1,1
181,6.16572038909592,0.2252948329353815,CA,2022-10-28,0,1,0,0,1,1,1,0,0,0,1,0,1,1
182,7.60658594067414,0.263521526104827,CA,2022-10-29,0,1,1,1,0,1,0,0,0,0,0,0,0,0
183,11.397010377357,0.293318496527962,CA,2022-10-30,0,0,1,1,0,1,0,0,0,0,0,0,0,0
184,6.87251081810035,0.289074196144513,CA,2022-10-31,0,1,1,1,1,1,0,0,0,0,0,0,0,0
185,7.54561480160937,0.295094785417601,CA,2022-11-01,0,1,1,1,1,1,1,0,0,0,0,0,0,1
186,4.76995422112127,0.292849949674027,CA,2022-11-02,0,1,1,1,1,1,1,0,0,0,0,0,0,1
187,7.87272121532236,0.3018267621332035,CA,2022-11-03,0,1,1,1,1,1,0,0,0,0,0,0,0,0
188,11.7070493437213,0.2818468796422275,CA,2022-11-04,0,1,0,1,0,1,0,0,0,0,0,0,1,0
189,8.25610430635897,0.3086415173961055,CA,2022-11-05,0,1,1,0,0,1,1,0,0,0,0,0,0,1
190,7.20390682034682,0.311528110356952,CA,2022-11-06,0,0,1,1,1,1,1,0,1,0,1,0,0,1
191,14.8160065682126,0.309301630499194,CA,2022-11-07,0,1,1,1,0,1,0,0,0,0,0,1,0,0
192,14.6590068915166,0.3135670692000755,CA,2022-11-08,0,1,1,1,0,1,0,0,0,0,0,0,0,0
193,12.5919372357298,0.298897266914874,CA,2022-11-09,0,0,0,1,0,1,0,0,1,0,0,0,0,0
194,9.07455005844302,0.3131799308599405,CA,2022-11-10,0,0,1,1,1,1,0,0,0,0,0,0,0,0
195,9.05932176591764,0.3169603976633985,CA,2022-11-11,0,0,1,1,0,1,0,0,0,0,0,0,0,0
196,14.4586243436386,0.3226549877989565,CA,2022-11-12,0,1,1,0,0,0,0,0,1,0,0,0,0,0
197,35.8253545306933,0.326549641167842,CA,2022-11-13,0,0,0,0,0,0,0,0,0,0,0,0,0,0
198,27.8459811814595,0.318794732190099,CA,2022-11-14,0,1,0,0,0,1,1,0,0,0,0,0,0,1
199,30.2717374710158,0.325232770554262,CA,2022-11-15,0,0,0,0,0,0,0,0,0,0,0,0,0,0
200,55.7602417254927,0.330231497803679,CA,2022-11-16,0,0,0,1,0,1,0,0,0,0,0,0,1,0
201,50.7279167574934,0.3292699366189705,CA,2022-11-17,0,0,0,1,0,1,0,0,0,0,0,0,0,0
202,39.7286186830706,0.338117411187126,CA,2022-11-18,0,1,0,1,0,1,1,0,0,0,0,0,0,1
203,35.0117431964398,0.352154878344716,CA,2022-11-19,0,1,0,0,0,0,0,0,1,0,0,0,0,0
204,30.3918465297449,0.3098670278259175,CA,2022-11-20,0,1,0,1,0,0,0,0,0,0,0,0,0,0
205,52.1093259367538,0.334433152902226,CA,2022-11-21,0,0,0,1,0,1,0,0,0,0,0,0,0,0
206,44.0952573803294,0.3109448545253765,CA,2022-11-22,0,1,0,1,0,1,0,0,0,0,0,0,0,0
207,42.184760600307,0.318765641254127,CA,2022-11-23,0,1,0,0,0,1,0,0,0,0,0,0,0,0
208,2.59697575236056,0.281795475897906,CA,2022-11-24,1,1,0,1,0,1,1,1,1,0,1,0,1,1
209,44.612133717819,0.284120670165311,CA,2022-11-25,0,1,0,1,0,1,0,0,0,0,0,0,0,0
210,65.1355749742566,0.2872338230764995,CA,2022-11-26,0,0,0,1,0,0,0,0,0,0,0,0,0,0
211,0.980047446514899,0.1639840560495005,CO,2022-10-16,0,1,1,1,1,1,1,0,1,0,1,1,1,1
212,1.53574808437217,0.0361301266652909,CO,2022-10-17,1,1,0,1,1,1,1,1,1,0,1,0,1,1
213,0.857597833829617,0.2005984655787675,CO,2022-10-18,1,1,1,1,1,1,1,1,0,0,1,1,1,1
214,0.96819088175137,0.207540368936385,CO,2022-10-19,1,1,1,1,1,1,1,1,0,0,1,0,1,1
215,1.56605760615676,0.300396210021761,CO,2022-10-20,1,1,1,0,1,1,1,1,1,0,0,1,1,1
216,1.00339382559521,0.369189001656221,CO,2022-10-21,1,1,1,0,1,1,1,1,1,0,1,0,1,1
217,0.357486405775421,0.235800388237302,CO,2022-10-22,1,1,1,1,1,1,1,1,1,0,1,0,1,1
218,0.0990014829372825,0.0637594665252705,CO,2022-10-23,1,1,1,1,1,1,1,1,1,0,1,0,1,1
219,1.41153324022152,0.252883830302704,CO,2022-10-24,1,1,1,1,1,1,0,1,0,0,1,1,1,0
220,2.29366296317316,0.279505143490765,CO,2022-10-25,1,0,1,0,1,1,1,1,0,0,0,0,1,1
221,1.12631353626092,0.203878571117396,CO,2022-10-26,1,1,1,1,1,1,1,1,0,0,0,0,1,1
222,2.345143972559,0.3245113528811285,CO,2022-10-27,0,0,1,1,1,1,1,0,0,0,1,0,1,1
223,1.22609398764873,0.265490027656646,CO,2022-10-28,1,1,1,1,1,1,1,1,0,0,0,0,1,1
224,0.890079845442514,0.2809492912126535,CO,2022-10-29,1,1,1,1,1,1,1,1,1,0,1,0,1,1
225,0.846425556801201,0.200107500842458,CO,2022-10-30,1,1,1,1,1,1,1,1,1,0,1,0,1,1
226,1.78374828311569,0.317116280571435,CO,2022-10-31,1,1,0,1,0,1,1,1,0,0,0,0,1,1
227,1.44684381803778,0.3016128380855465,CO,2022-11-01,1,0,1,1,1,1,1,1,0,1,1,0,1,1
228,2.22930630114116,0.347502380757201,CO,2022-11-02,1,0,0,0,1,1,1,1,0,0,0,0,1,1
229,2.03431384208756,0.2514475730739955,CO,2022-11-03,1,1,0,1,1,1,1,1,0,0,0,0,1,1
230,1.80060044786104,0.2970866285343055,CO,2022-11-04,1,0,1,1,1,1,1,1,1,0,1,0,1,1
231,2.91519578611535,0.4127465257235665,CO,2022-11-05,1,0,1,0,0,1,0,1,0,1,1,0,1,0
232,2.00996120336376,0.32188654437846,CO,2022-11-06,1,0,0,1,1,1,1,1,1,0,1,0,1,1
233,1.58249116716875,0.2653207571818985,CO,2022-11-07,1,1,1,1,1,1,1,1,0,0,1,0,1,1
234,2.31302388856344,0.300787648987356,CO,2022-11-08,1,0,1,1,1,1,1,1,0,0,0,0,0,1
235,1.72944811483566,0.252847029553836,CO,2022-11-09,1,1,1,1,1,1,1,1,1,1,0,0,0,1
236,3.69929269102875,0.317122324584974,CO,2022-11-10,1,1,0,1,0,0,0,1,0,0,1,0,1,0
237,2.36898170611512,0.3561706210144305,CO,2022-11-11,1,0,1,1,0,1,1,1,0,1,0,0,1,1
238,1.95770216511383,0.282426409645805,CO,2022-11-12,1,0,1,1,1,1,1,1,0,1,0,0,1,1
239,1.82448512423763,0.393066632056536,CO,2022-11-13,1,1,0,0,0,1,1,1,0,0,0,0,1,1
240,2.55319143952496,0.301041064170845,CO,2022-11-14,1,0,1,1,1,1,1,1,0,0,0,0,1,1
241,2.92157245794563,0.3392284930965355,CO,2022-11-15,0,0,1,1,0,1,1,0,0,0,1,0,1,1
242,3.44056551528102,0.3376533214265875,CO,2022-11-16,1,0,0,1,0,1,0,1,0,1,0,0,1,0
243,3.59528797996391,0.273766320522283,CO,2022-11-17,1,1,0,1,0,1,1,1,1,0,1,0,1,1
244,5.85418334344623,0.4064558594279095,CO,2022-11-18,1,0,0,1,0,1,1,1,0,0,0,0,1,1
245,0.6712071436395,0.2250858583391425,CO,2022-11-19,1,1,1,1,1,1,1,1,1,0,0,0,1,1
246,0.782700142687913,0.0772276376903965,CO,2022-11-20,1,1,1,1,1,1,1,1,1,0,1,0,1,1
247,5.62400610594562,0.3375295101830025,CO,2022-11-21,1,0,0,1,0,1,1,1,0,0,1,0,0,1
248,3.82472068610018,0.309801029761772,CO,2022-11-22,1,0,0,1,0,1,1,1,0,1,0,0,0,1
249,1.81054351833972,0.141217814605579,CO,2022-11-23,1,1,1,1,0,1,1,1,1,0,1,0,1,1
250,0.0615750139950711,0.0487963694548201,CO,2022-11-24,1,1,1,1,1,1,1,1,1,1,1,1,1,1
251,1.33933184403945,0.1333187359160765,CO,2022-11-25,1,0,1,1,1,1,1,1,0,0,1,0,1,1
252,3.40096897268667,0.4618251073775655,CO,2022-11-26,1,1,0,1,0,0,1,1,1,0,1,0,0,1
253,2.97744854205043,0.287386917416593,CT,2022-10-16,1,0,1,1,0,1,1,1,0,1,1,0,1,1
254,0.430746482958417,0.2417045770398445,CT,2022-10-17,1,1,1,1,1,1,1,1,0,0,0,0,1,1
255,2.44252640665739,0.473873138897482,CT,2022-10-18,1,1,0,1,0,1,1,1,0,0,1,0,1,1
256,2.0723632127674,0.593486032230035,CT,2022-10-19,1,0,0,1,1,1,1,1,0,0,1,0,1,1
257,0.978941317475177,0.2940207047193155,CT,2022-10-20,1,1,1,1,1,1,1,1,0,0,1,0,1,1
258,0.520873263309115,0.284990973526275,CT,2022-10-21,1,1,1,1,1,1,1,1,1,0,1,0,1,1
259,3.13682004585569,0.4738231425952815,CT,2022-10-22,1,1,0,1,0,1,1,1,1,0,1,0,1,1
260,1.07723017258088,0.3312968810692405,CT,2022-10-23,1,1,1,1,1,0,1,1,1,0,1,0,0,1
261,1.35759759840398,0.2541739572955835,CT,2022-10-24,1,1,1,1,1,1,1,1,1,0,0,0,1,1
262,1.0334624985016,0.224328200235826,CT,2022-10-25,1,1,1,1,1,1,1,1,0,0,1,1,0,1
263,1.87972444009097,0.2251226878915955,CT,2022-10-26,1,0,0,1,1,1,1,1,0,0,1,1,1,1
264,1.70252782685392,0.334460493341441,CT,2022-10-27,1,0,1,1,1,1,1,1,0,0,1,0,1,1
265,1.93466937441466,0.249788612291503,CT,2022-10-28,1,1,0,1,0,1,1,1,0,0,1,0,1,1
266,2.46273634115937,0.3188177258529385,CT,2022-10-29,1,0,1,1,0,1,1,1,0,0,1,0,1,1
267,1.43860791634418,0.2379020687369695,CT,2022-10-30,1,1,0,1,1,1,1,1,1,0,1,0,1,1
268,4.21233508691454,0.288749088732905,CT,2022-10-31,1,1,0,1,0,1,0,1,1,1,1,0,1,0
269,2.1967157811224,0.291508072440657,CT,2022-11-01,1,1,0,1,0,1,1,1,0,0,1,0,1,1
270,0.804253812257826,0.291853591240985,CT,2022-11-02,1,1,1,1,1,1,1,1,0,0,1,0,1,1
271,4.80371322276081,0.311552041782994,CT,2022-11-03,1,1,0,1,0,1,1,1,0,0,1,0,1,1
272,1.04411808306526,0.2978436176310485,CT,2022-11-04,1,1,1,1,1,1,0,1,1,1,1,0,1,0
273,3.02284894482401,0.374012024586068,CT,2022-11-05,1,0,1,1,0,1,0,1,0,0,0,0,0,0
274,2.03404119569978,0.2935102020998355,CT,2022-11-06,1,1,0,1,0,1,1,1,1,0,1,0,1,1
275,0.250506914607662,0.2666044032572745,CT,2022-11-07,1,1,1,1,1,1,1,1,1,0,1,0,1,1
276,1.99378909251097,0.296437941856777,CT,2022-11-08,1,1,0,1,1,1,1,1,1,1,1,1,1,1
277,0.724406771785101,0.3385440760049515,CT,2022-11-09,1,0,1,1,1,1,1,1,0,0,1,1,1,1
278,0.464676501831192,0.247791461794972,CT,2022-11-10,1,1,1,1,1,1,1,1,1,0,1,0,1,1
279,0.963256284224764,0.2865217027216975,CT,2022-11-11,1,1,0,1,1,1,1,1,0,0,1,0,1,1
280,2.53616947388437,0.4043396103011145,CT,2022-11-12,1,1,1,0,0,0,1,1,0,0,0,0,0,1
281,4.12806697765859,0.437788022805181,CT,2022-11-13,1,1,0,1,0,1,0,1,1,0,1,0,1,0
282,3.70205400962074,0.318662894376362,CT,2022-11-14,1,1,1,1,0,0,0,1,0,0,0,0,0,0
283,NA,NA,CT,2022-11-15,NA,NA,NA,NA,NA,NA,NA,NA,NA,NA,NA,NA,NA,NA
284,0.782734297931254,0.58200566920776,CT,2022-11-16,1,1,0,1,1,1,1,1,1,0,1,0,1,1
285,2.2777575980178,0.318753187567042,CT,2022-11-17,1,1,0,1,0,1,1,1,0,0,0,0,1,1
286,5.17303141724755,0.495862069368586,CT,2022-11-18,1,1,0,0,0,0,1,1,0,0,0,0,0,1
287,1.9335813102666,0.3817861478563315,CT,2022-11-19,1,1,1,1,0,0,0,1,1,1,0,0,0,0
288,4.92807889565473,0.505245149200925,CT,2022-11-20,0,1,0,0,0,1,0,0,1,0,0,0,1,0
289,1.1318644669266,0.806113116679705,CT,2022-11-21,1,1,1,1,0,0,1,1,1,1,1,0,0,1
290,2.27488327043414,0.328185665574711,CT,2022-11-22,1,1,1,1,0,0,0,1,1,1,0,0,0,0
291,NA,NA,CT,2022-11-23,NA,NA,NA,NA,NA,NA,NA,NA,NA,NA,NA,NA,NA,NA
292,NA,NA,CT,2022-11-24,NA,NA,NA,NA,NA,NA,NA,NA,NA,NA,NA,NA,NA,NA
293,0.73592619352786,0.3848331558002645,CT,2022-11-25,1,1,0,1,1,1,1,1,1,1,1,1,1,1
294,4.26632155715062,0.3143858337519495,CT,2022-11-26,1,1,0,0,0,1,1,1,1,0,0,0,1,1
295,0.597983285129642,0.1516897300342195,DC,2022-10-16,1,1,1,1,1,1,1,1,1,1,1,1,1,1
296,1.88979727206496,0.284925063425591,DC,2022-10-17,1,0,1,1,1,1,1,1,0,0,1,0,1,1
297,1.04026513198032,0.198532166179391,DC,2022-10-18,1,1,1,1,1,1,1,1,1,0,1,0,1,1
298,0.792202425800177,0.159634555743066,DC,2022-10-19,1,1,1,1,1,1,1,1,0,1,1,0,1,1
299,0.359840527899201,0.2921045429249205,DC,2022-10-20,1,1,1,1,1,1,1,1,1,1,1,1,1,1
300,0.612075291946439,0.1795687112225655,DC,2022-10-21,1,1,1,1,1,1,1,1,1,0,1,0,0,1
301,0.845195372240902,0.296235928436534,DC,2022-10-22,1,1,1,0,1,1,1,1,1,0,0,1,1,1
302,0.718798148628284,0.3062027735671455,DC,2022-10-23,1,1,1,1,1,1,1,1,0,0,1,0,0,1
303,0.29701285932455,0.227680980118993,DC,2022-10-24,1,1,1,1,1,1,1,1,1,1,1,1,1,1
304,0.791869840088897,0.3989734848882315,DC,2022-10-25,1,0,1,1,1,1,1,1,0,0,1,0,1,1
305,1.95969335197904,0.328451620832943,DC,2022-10-26,1,0,1,1,1,1,1,1,0,0,1,0,1,1
306,1.56607097726179,0.3852701784407975,DC,2022-10-27,1,0,0,1,1,1,1,1,0,0,1,0,0,1
307,0.662757707631412,0.267398781546238,DC,2022-10-28,1,1,1,1,1,1,1,1,0,0,1,1,1,1
308,0.579935360391648,0.261688663752071,DC,2022-10-29,1,1,1,1,1,1,1,1,0,1,1,0,1,1
309,0.214406926626814,0.2531016324462975,DC,2022-10-30,1,1,1,1,1,1,1,1,1,1,1,1,1,1
310,4.28171812704063,0.3211861340780125,DC,2022-10-31,0,1,0,1,0,1,1,0,0,0,1,0,1,1
311,1.71050984021877,0.259776773306258,DC,2022-11-01,1,1,0,1,1,1,1,1,1,0,1,0,1,1
312,1.14136969753385,0.311886398268181,DC,2022-11-02,1,1,1,1,1,1,1,1,0,1,1,0,1,1
313,1.94765007139904,0.523731690126875,DC,2022-11-03,1,0,1,0,0,1,0,1,0,0,0,0,1,0
314,1.5310239196247,0.412731035364065,DC,2022-11-04,1,1,1,1,0,0,0,1,1,0,1,0,0,0
315,2.13345078954631,0.533400861078815,DC,2022-11-05,1,0,1,1,0,0,1,1,0,1,1,0,0,1
316,0.782568179707145,0.345182594043607,DC,2022-11-06,1,0,1,1,1,1,1,1,1,1,1,1,1,1
317,1.64502289401687,0.3673379030287745,DC,2022-11-07,1,1,1,0,0,1,1,1,1,0,0,0,1,1
318,0.599856441913854,0.1985090413151675,DC,2022-11-08,1,1,1,1,1,1,1,1,1,0,1,0,1,1
319,1.58081288464841,0.110365192394768,DC,2022-11-09,1,1,0,1,0,1,1,1,1,0,1,0,1,1
320,1.94685049402021,0.393441946823686,DC,2022-11-10,1,1,0,0,0,1,1,1,1,0,0,0,1,1
321,0.427339727876234,0.2925968547188815,DC,2022-11-11,1,1,1,1,1,1,1,1,1,0,1,0,1,1
322,1.81616657141995,0.0795875489301725,DC,2022-11-12,1,1,0,1,0,1,1,1,0,0,1,0,1,1
323,1.17044448645333,0.071007115795669,DC,2022-11-13,1,1,0,1,0,1,1,1,1,0,1,0,1,1
324,0.312124382058559,0.1633569174742055,DC,2022-11-14,1,1,1,1,1,1,1,1,0,0,1,1,1,1
325,1.09398762959264,0.320962583011946,DC,2022-11-15,1,1,0,1,0,1,1,1,1,1,1,0,0,1
326,1.80013471612412,0.4213676574934265,DC,2022-11-16,1,1,0,0,0,1,1,1,1,0,0,0,1,1
327,0.358608925884942,0.18996524374512,DC,2022-11-17,1,1,1,1,1,1,1,1,1,0,1,0,1,1
328,3.07706215357022,0.359445735493083,DC,2022-11-18,1,0,0,1,0,1,1,1,0,0,1,0,1,1
329,1.7899239674512,0.258881210792649,DC,2022-11-19,1,1,1,1,1,0,1,1,0,0,1,0,0,1
330,3.22218150206307,0.386583788001383,DC,2022-11-20,1,1,0,1,0,0,1,1,1,0,0,0,0,1
331,0.805792565687503,0.3653599393266905,DC,2022-11-21,1,1,0,1,1,1,1,1,1,1,1,1,1,1
332,0.986725036462633,0.2968653839358485,DC,2022-11-22,1,1,1,0,1,1,1,1,1,1,0,0,1,1
333,1.66572736145336,0.2847699953071995,DC,2022-11-23,1,1,1,0,0,0,1,1,1,1,0,0,1,1
334,NA,NA,DC,2022-11-24,NA,NA,NA,NA,NA,NA,NA,NA,NA,NA,NA,NA,NA,NA
335,0.357557187994409,0.109783177048981,DC,2022-11-25,1,1,1,1,1,1,1,1,1,1,1,1,1,1
336,0.93075669657733,0.1535613077318615,DC,2022-11-26,1,1,0,1,1,1,1,1,1,0,1,0,1,1
337,0.582619247621629,0.2105999134015735,DE,2022-10-16,1,1,1,1,1,1,1,1,0,1,1,0,1,1
338,1.71702617768094,0.3991911689830845,DE,2022-10-17,1,1,0,0,1,1,1,1,1,1,0,0,1,1
339,1.50024382479271,0.369519527284922,DE,2022-10-18,1,1,0,1,0,1,1,1,1,0,1,0,1,1
340,0.539827009157931,0.2018202099426315,DE,2022-10-19,1,1,1,1,1,1,1,1,1,0,1,0,1,1
341,0.213536817067895,0.0466256550964874,DE,2022-10-20,1,1,1,1,1,1,1,1,1,0,1,0,1,1
342,0.237962706440765,0.04907573514204445,DE,2022-10-21,1,1,1,1,1,1,1,1,1,0,1,0,1,1
343,0.234572844288013,0.051770534776126,DE,2022-10-22,1,1,1,1,1,1,1,1,1,1,1,1,1,1
344,0.476669638056148,0.2528617964570005,DE,2022-10-23,1,1,1,1,1,1,1,1,1,0,1,0,1,1
345,1.66071066033921,0.1665084433766185,DE,2022-10-24,1,1,1,1,0,0,1,1,0,0,1,0,0,1
346,0.0944009047883753,0.061547135448248,DE,2022-10-25,1,1,1,1,1,1,1,1,1,1,1,1,1,1
347,1.69248467167256,0.4833715428527265,DE,2022-10-26,1,1,0,1,0,1,1,1,0,0,1,0,1,1
348,3.11340510569436,0.405880402615547,DE,2022-10-27,1,0,0,1,1,1,1,1,0,0,0,0,1,1
349,1.5585011005916,0.4690286365251325,DE,2022-10-28,1,1,0,1,0,1,1,1,0,0,1,0,1,1
350,0.790270787717016,0.2978661075113845,DE,2022-10-29,1,1,1,1,1,1,1,1,0,0,1,0,1,1
351,0.553663553564169,0.1773380970615395,DE,2022-10-30,1,1,1,1,1,1,1,1,1,1,1,1,1,1
352,1.69702832211926,0.1397957378560025,DE,2022-10-31,1,1,0,1,1,1,1,1,0,0,1,0,1,1
353,1.80322208879099,0.409453014256058,DE,2022-11-01,1,1,0,1,0,1,1,1,1,0,1,0,1,1
354,0.157721242220693,0.1045121551154435,DE,2022-11-02,1,1,1,1,1,1,1,1,1,1,1,1,1,1
355,1.21320158601503,0.11208922234342,DE,2022-11-03,1,1,0,1,1,1,1,1,1,0,1,0,1,1
356,0.592884145732719,0.461150771267429,DE,2022-11-04,1,1,1,1,1,1,1,1,1,0,1,0,1,1
357,1.55141806002086,0.1738836896123355,DE,2022-11-05,1,1,0,1,1,1,1,1,1,0,1,0,1,1
358,0.347838317578615,0.233996286453123,DE,2022-11-06,1,1,1,1,1,1,1,1,1,0,1,0,1,1
359,0.290982910544366,0.277797291269903,DE,2022-11-07,1,1,1,1,1,1,1,1,1,1,1,1,1,1
360,0.257282272977311,0.15891836638176501,DE,2022-11-08,1,1,1,1,1,1,1,1,1,1,1,1,1,1
361,0.91944691362914,0.4228239569357845,DE,2022-11-09,1,1,1,1,1,0,1,1,1,0,1,0,0,1
362,NA,NA,DE,2022-11-10,NA,NA,NA,NA,NA,NA,NA,NA,NA,NA,NA,NA,NA,NA
363,0.814029923837976,0.229868721984424,DE,2022-11-11,1,1,1,1,1,1,1,1,0,0,1,0,1,1
364,0.869053601327617,0.270925946219664,DE,2022-11-12,1,1,1,1,1,1,1,1,1,1,1,1,1,1
365,0.457745373150446,0.261342290324269,DE,2022-11-13,1,1,1,1,1,1,1,1,1,0,0,1,1,1
366,0.913484522132962,0.453212356068286,DE,2022-11-14,1,0,1,1,1,1,1,1,0,0,1,1,1,1
367,0.321683451428872,0.2680763513663375,DE,2022-11-15,1,1,1,1,1,1,1,1,1,1,1,1,1,1
368,1.16547114333936,0.3025140722698935,DE,2022-11-16,1,1,1,1,1,1,1,1,0,0,1,0,1,1
369,1.02132511452909,0.2626778250592985,DE,2022-11-17,1,1,1,1,1,1,1,1,0,0,1,0,1,1
370,0.990514401133096,0.688717234136135,DE,2022-11-18,0,1,1,1,1,1,1,0,1,0,1,1,1,1
371,1.07767911575781,0.2075416856044205,DE,2022-11-19,1,1,1,1,0,1,1,1,1,0,1,0,1,1
372,1.3703942262037,0.2978269184490255,DE,2022-11-20,1,1,0,1,1,1,1,1,1,0,1,0,1,1
373,0.576494513634086,0.349980756164409,DE,2022-11-21,1,1,1,1,1,1,1,1,1,0,1,0,1,1
374,0.188405094469549,0.168173860248286,DE,2022-11-22,1,1,1,1,1,1,1,1,1,0,1,0,1,1
375,NA,NA,DE,2022-11-23,NA,NA,NA,NA,NA,NA,NA,NA,NA,NA,NA,NA,NA,NA
376,NA,NA,DE,2022-11-24,NA,NA,NA,NA,NA,NA,NA,NA,NA,NA,NA,NA,NA,NA
377,0.600981201584179,0.1919451728473375,DE,2022-11-25,1,1,1,1,1,1,1,1,1,0,1,0,0,1
378,0.879544012873934,0.293744218701673,DE,2022-11-26,1,0,1,1,1,1,1,1,0,1,1,0,1,1
379,1.90801075616162,0.04647989565165825,FL,2022-10-16,1,1,0,1,1,1,1,1,1,0,1,0,1,1
380,1.80977375932085,0.22547065088432,FL,2022-10-17,1,1,1,1,1,1,1,1,0,0,0,0,1,1
381,1.74691936357852,0.1259674094474535,FL,2022-10-18,1,1,0,1,1,1,1,1,0,0,1,0,1,1
382,2.14874949495514,0.252582453191032,FL,2022-10-19,1,1,1,0,1,1,1,1,1,0,0,0,1,1
383,2.51303358463737,0.227631303643765,FL,2022-10-20,1,1,1,0,1,1,0,1,0,1,0,0,1,0
384,2.29505053524852,0.2517029783492545,FL,2022-10-21,1,1,1,0,1,1,1,1,0,0,1,0,1,1
385,2.41179340118209,0.2874883132371395,FL,2022-10-22,0,0,1,1,1,1,1,0,0,0,0,0,0,1
386,1.67751522230053,0.2734529438951265,FL,2022-10-23,1,1,1,1,1,1,1,1,0,0,0,0,1,0
387,2.9006843455861002,0.2660056361655235,FL,2022-10-24,1,0,1,0,1,1,1,1,0,0,0,0,1,1
388,0.631842188757606,0.2324928170867975,FL,2022-10-25,1,1,1,1,1,1,1,1,0,0,1,0,1,1
389,3.03941297429192,0.278183612432661,FL,2022-10-26,1,0,1,0,1,1,1,1,0,0,1,0,1,1
390,1.40936521564389,0.2620815718627865,FL,2022-10-27,1,1,1,1,1,1,1,1,0,1,0,0,1,1
391,2.86924994600182,0.2957050414372285,FL,2022-10-28,1,1,1,1,0,1,1,1,0,0,1,0,1,1
392,2.4977798224874,0.1952152025847345,FL,2022-10-29,1,1,0,1,1,1,1,1,0,0,1,0,1,1
393,2.50067464507169,0.305154026240417,FL,2022-10-30,1,0,1,0,1,1,1,1,1,0,0,1,1,1
394,6.96571705804664,0.2821136045991345,FL,2022-10-31,0,1,0,0,0,1,1,0,0,0,0,1,1,1
395,3.45302994427107,0.2910966802774045,FL,2022-11-01,1,1,1,1,1,1,1,1,0,0,0,0,1,1
396,2.09516803034051,0.279072064618543,FL,2022-11-02,1,1,1,1,1,1,1,1,0,0,0,0,1,1
397,3.74403193273905,0.2900516913384145,FL,2022-11-03,1,1,1,1,0,1,1,1,0,0,0,0,1,1
398,7.42003357664257,0.3006066362131665,FL,2022-11-04,0,1,0,0,0,1,1,0,0,0,0,0,1,1
399,7.05667356171111,0.28892271279876103,FL,2022-11-05,1,1,0,1,0,1,1,1,1,0,0,0,1,1
400,2.10020284128597,0.2783647980530185,FL,2022-11-06,1,0,1,1,1,1,1,1,0,0,0,0,1,1
401,3.85695659506006,0.2878368600116545,FL,2022-11-07,1,0,1,1,1,1,0,0,0,0,0,0,1,0
402,3.95185151599231,0.3360657824262255,FL,2022-11-08,0,1,1,0,0,1,0,0,0,0,0,0,0,0
403,1.93461098084835,0.306150529146401,FL,2022-11-09,1,0,1,1,1,1,1,1,0,0,0,1,1,1
404,4.06936671554175,0.361184775844334,FL,2022-11-10,1,0,0,1,0,0,1,1,0,0,0,0,0,1
405,1.02855044478613,0.2717020336750695,FL,2022-11-11,1,1,1,1,1,1,1,1,0,0,0,0,1,1
406,0.308864102505412,0.2327374845930765,FL,2022-11-12,1,1,1,1,1,1,1,1,1,0,1,0,1,1
407,1.97317659867532,0.312871773469417,FL,2022-11-13,0,1,1,1,0,1,1,0,0,0,0,1,1,1
408,16.5323115817222,0.342739335759082,FL,2022-11-14,1,1,0,1,0,1,0,1,0,0,0,0,1,0
409,10.6010127570894,0.3166954431248095,FL,2022-11-15,1,0,0,1,0,1,1,1,0,0,0,0,1,1
410,2.68904079538744,0.257675836284823,FL,2022-11-16,1,1,1,1,1,1,1,1,1,1,0,0,1,1
411,8.62152988905346,0.3299771733503505,FL,2022-11-17,1,0,0,0,0,1,1,1,0,0,0,0,0,1
412,6.77539365997635,0.3067831605474875,FL,2022-11-18,1,1,0,1,0,1,1,1,1,0,0,0,1,1
413,2.28897509662643,0.289035808250688,FL,2022-11-19,1,1,0,1,1,1,0,1,0,0,0,0,1,0
414,1.39349682655516,0.215007522488891,FL,2022-11-20,1,1,1,1,1,1,1,1,1,1,0,0,0,1
415,5.62678053656269,0.2539399687815485,FL,2022-11-21,1,1,0,1,1,1,0,1,0,0,1,0,1,0
416,2.2429814071566,0.254824942898694,FL,2022-11-22,1,1,1,1,1,0,1,1,1,0,1,0,0,1
417,10.7878478457864,0.3329516289314415,FL,2022-11-23,1,1,0,0,0,1,1,1,0,0,0,0,1,1
418,0.445470700017687,0.052679541987391,FL,2022-11-24,1,1,1,1,1,1,1,1,1,1,1,1,1,1
419,15.637315126972,0.295238494721876,FL,2022-11-25,1,1,0,1,0,1,1,1,0,0,0,0,0,1
420,9.56313192945527,0.294827519657426,FL,2022-11-26,1,1,0,1,0,1,1,1,1,0,0,0,1,1
421,2.19260694579802,0.204328627368404,GA,2022-10-16,1,0,0,0,1,1,1,1,0,0,0,0,0,1
422,2.64383938363818,0.2979156491246695,GA,2022-10-17,1,1,1,1,0,0,0,1,0,0,0,0,0,0
423,3.43371743174066,0.3625809571593935,GA,2022-10-18,0,1,0,1,0,1,1,0,0,0,0,0,1,1
424,3.29129738673176,0.295525017795582,GA,2022-10-19,1,0,1,0,1,0,1,1,0,0,0,0,0,1
425,2.07874084534896,0.3303304951835485,GA,2022-10-20,1,0,0,1,1,1,1,1,0,0,0,1,1,1
426,2.18771373483331,0.33701399402396,GA,2022-10-21,1,1,1,0,1,1,0,1,0,0,0,0,1,0
427,2.60795789847037,0.168691411679447,GA,2022-10-22,1,1,0,1,0,1,1,1,0,0,1,0,1,1
428,1.74828519574425,0.330890483529716,GA,2022-10-23,1,0,1,0,1,1,1,1,1,1,0,0,1,1
429,2.32013647668741,0.302652827821025,GA,2022-10-24,1,1,1,1,1,1,0,1,1,0,0,0,0,0
430,1.71803470972505,0.3224360372121095,GA,2022-10-25,1,1,1,0,0,1,1,1,1,0,0,0,1,1
431,2.73616003318337,0.3098983647119745,GA,2022-10-26,1,1,1,1,0,1,1,1,0,0,0,0,0,1
432,4.4420009536594,0.284527523149667,GA,2022-10-27,0,1,0,1,0,1,1,0,0,0,0,0,1,1
433,2.03783045233757,0.381816887109815,GA,2022-10-28,1,1,0,0,1,1,1,1,1,0,0,0,0,1
434,2.79322970614765,0.321555334558273,GA,2022-10-29,1,0,1,1,0,0,1,1,0,1,1,0,0,1
435,1.467760694879,0.3002202004325385,GA,2022-10-30,1,1,1,1,1,1,1,1,0,0,0,0,1,1
436,4.94103943502354,0.2940406223490675,GA,2022-10-31,0,1,0,1,0,1,1,0,0,0,0,0,1,1
437,4.13265684406865,0.294514702599125,GA,2022-11-01,1,1,0,0,1,1,0,0,1,0,0,1,0,0
438,2.26385174387991,0.2989283392455015,GA,2022-11-02,1,1,0,1,1,1,1,1,0,0,0,0,1,1
439,6.31600648999509,0.3806611766580725,GA,2022-11-03,0,1,1,0,0,1,0,0,1,0,0,0,0,0
440,5.8122731635101,0.307445378526996,GA,2022-11-04,1,0,0,0,0,1,1,1,0,0,0,0,1,1
441,5.07716457888033,0.376856001466037,GA,2022-11-05,1,0,1,1,0,0,1,1,1,0,0,0,0,1
442,5.20756951325715,0.4200805521759565,GA,2022-11-06,0,0,1,1,0,1,1,0,0,0,0,0,0,1
443,6.39967102493861,0.3424597093369215,GA,2022-11-07,1,1,0,0,0,1,1,1,0,0,0,0,0,1
444,7.87499029245949,0.334604385065272,GA,2022-11-08,1,0,0,0,0,1,1,1,0,0,0,0,0,1
445,9.24436847159233,0.3889603113059005,GA,2022-11-09,1,1,0,0,0,1,1,1,0,0,0,0,0,1
446,10.5275090646354,0.395976467639388,GA,2022-11-10,1,0,0,0,0,1,1,1,0,0,0,0,0,1
447,8.68130499739382,0.3547583375475245,GA,2022-11-11,1,1,0,1,0,1,1,1,1,0,0,0,0,1
448,3.34620569590725,0.4370306247288725,GA,2022-11-12,1,1,0,1,0,0,1,1,0,0,1,0,0,1
449,6.88651709901757,0.441001589923569,GA,2022-11-13,1,0,0,1,0,0,1,1,0,0,0,0,0,1
450,7.78919692723762,0.4017130548680895,GA,2022-11-14,1,1,0,1,0,1,1,1,0,0,0,0,0,1
451,7.26749479420324,0.3323396917114675,GA,2022-11-15,1,1,0,1,0,1,0,1,1,0,0,0,0,0
452,9.51445246893121,0.334782387709237,GA,2022-11-16,1,1,0,1,0,1,1,1,1,0,1,0,1,1
453,7.46515232418423,0.368126300895696,GA,2022-11-17,1,0,0,1,0,1,1,1,1,0,1,0,0,1
454,3.76098811564252,0.3123143769339325,GA,2022-11-18,0,1,1,0,0,1,1,0,0,1,0,0,1,1
455,4.33841736251,0.363948045601789,GA,2022-11-19,1,1,0,1,0,1,1,1,0,1,1,0,1,1
456,8.08913966390967,0.510734179138205,GA,2022-11-20,1,0,0,0,0,1,0,1,0,0,0,0,1,0
457,2.663301382271,0.242908253827186,GA,2022-11-21,1,1,1,1,1,1,0,1,0,1,0,0,0,0
458,16.2803541585991,0.392931644035082,GA,2022-11-22,1,1,0,0,0,1,1,1,0,0,0,0,0,1
459,7.51603481953972,0.2892087671248965,GA,2022-11-23,0,1,0,1,0,1,0,0,1,0,0,0,1,0
460,0.794837023525148,0.282421288645668,GA,2022-11-24,1,1,1,0,1,1,1,1,0,0,1,0,1,1
461,7.9467121334697,0.3144994153156785,GA,2022-11-25,0,1,0,0,0,1,0,0,1,0,1,0,1,0
462,10.6917199424929,0.3661235223489665,GA,2022-11-26,1,0,0,1,0,1,0,1,0,0,0,0,0,0
463,0.0396372665326439,0.0297164633624169,HI,2022-10-16,1,1,1,1,1,1,1,1,1,1,1,1,1,1
464,0.455703876216532,0.0321245732705092,HI,2022-10-17,1,1,1,1,1,1,1,1,1,0,1,0,1,1
465,1.01383486839153,0.1450857606722305,HI,2022-10-18,0,1,1,1,1,1,1,0,1,0,0,1,0,1
466,0.798483881714754,0.198202514953783,HI,2022-10-19,1,1,1,1,1,1,1,1,1,0,0,0,1,1
467,0.731911222868836,0.181571003099977,HI,2022-10-20,1,0,1,1,1,1,1,1,0,0,1,0,1,1
468,0.982243410742211,0.17971465690924,HI,2022-10-21,0,1,1,1,1,1,1,0,1,0,1,0,1,1
469,0.377970395369788,0.1950585382697195,HI,2022-10-22,1,1,1,1,1,1,1,1,1,1,1,1,1,1
470,1.0761308408509,0.3353017674214505,HI,2022-10-23,1,1,1,1,0,1,1,1,1,0,1,0,1,1
471,NA,NA,HI,2022-10-24,NA,NA,NA,NA,NA,NA,NA,NA,NA,NA,NA,NA,NA,NA
472,NA,NA,HI,2022-10-25,NA,NA,NA,NA,NA,NA,NA,NA,NA,NA,NA,NA,NA,NA
473,1.19139419101351,0.4642262289627,HI,2022-10-26,0,1,0,1,1,1,1,0,1,0,1,0,1,1
474,2.60585859439088,0.337172220697641,HI,2022-10-27,1,1,0,1,0,1,1,1,1,0,0,0,1,1
475,0.86727626518656,0.146703272193111,HI,2022-10-28,1,1,1,1,1,1,1,1,1,0,0,0,1,1
476,1.00013666781114,0.68480345121348,HI,2022-10-29,1,1,1,0,1,1,1,1,1,0,0,1,1,1
477,1.06937800619683,0.0995293250565995,HI,2022-10-30,1,1,0,1,1,1,1,1,1,0,0,0,1,1
478,0.340778842593487,0.2883114732795445,HI,2022-10-31,1,1,1,1,1,1,1,1,1,0,0,1,1,1
479,0.329094485283318,0.283187440182365,HI,2022-11-01,1,1,1,1,1,1,1,1,1,0,1,0,1,1
480,2.15879774037166,0.368731097059843,HI,2022-11-02,0,1,0,1,1,1,1,0,0,0,1,0,1,1
481,2.11089293616351,0.3540682538434085,HI,2022-11-03,1,1,0,1,0,1,1,1,1,0,1,0,1,1
482,0.838798811042006,0.3460209884366945,HI,2022-11-04,1,1,1,0,1,1,1,1,1,0,0,0,1,1
483,1.99013131596,0.165399183232258,HI,2022-11-05,1,1,0,1,0,1,1,1,1,0,0,0,1,1
484,1.0996202936711,0.1790369139692205,HI,2022-11-06,1,1,0,1,1,1,1,1,1,0,1,0,1,1
485,0.288497063433327,0.193428868987087,HI,2022-11-07,1,1,1,1,1,1,1,1,1,1,1,1,1,1
486,0.552942985371001,0.275465981905853,HI,2022-11-08,1,1,1,1,1,1,1,1,1,0,1,0,1,1
487,0.95634822448865,0.368724726111566,HI,2022-11-09,1,0,1,1,1,1,1,1,0,0,1,1,1,1
488,1.27383460607029,0.4181834622771585,HI,2022-11-10,1,0,1,0,1,1,1,1,0,0,1,0,1,1
489,0.767568048118372,0.2565058339510255,HI,2022-11-11,1,1,1,1,1,1,1,1,1,0,1,0,1,1
490,1.0570158002089,0.310635439700884,HI,2022-11-12,1,0,1,1,1,1,1,1,0,0,1,1,1,1
491,NA,NA,HI,2022-11-13,NA,NA,NA,NA,NA,NA,NA,NA,NA,NA,NA,NA,NA,NA
492,0.27633147511204,0.205488128472632,HI,2022-11-14,1,1,1,1,1,1,1,1,1,1,1,1,1,1
493,0.814928564525901,0.3881408011301245,HI,2022-11-15,1,1,1,0,1,1,1,1,0,1,0,1,1,1
494,0.630308612092301,0.1764324704941695,HI,2022-11-16,1,1,1,1,1,1,1,1,1,1,1,1,1,1
495,0.606352300915657,0.163044771835621,HI,2022-11-17,1,1,1,1,1,1,1,1,1,0,1,0,1,1
496,0.966550368482726,0.669238511053205,HI,2022-11-18,1,1,1,1,1,0,1,1,1,1,1,0,0,1
497,0.594886601438122,0.4108944436085655,HI,2022-11-19,1,1,1,1,1,1,1,1,1,0,1,0,1,1
498,NA,NA,HI,2022-11-20,NA,NA,NA,NA,NA,NA,NA,NA,NA,NA,NA,NA,NA,NA
499,NA,NA,HI,2022-11-21,NA,NA,NA,NA,NA,NA,NA,NA,NA,NA,NA,NA,NA,NA
500,NA,NA,HI,2022-11-22,NA,NA,NA,NA,NA,NA,NA,NA,NA,NA,NA,NA,NA,NA
501,1.76711506739169,0.3774989684387985,HI,2022-11-23,1,1,1,0,0,1,1,1,0,1,0,0,1,1
502,NA,NA,HI,2022-11-24,NA,NA,NA,NA,NA,NA,NA,NA,NA,NA,NA,NA,NA,NA
503,0.772329212825151,0.1465697892248155,HI,2022-11-25,1,1,1,1,1,1,1,1,1,0,0,0,1,1
504,0.822772697837097,0.218757903331505,HI,2022-11-26,1,1,1,1,1,1,1,1,1,0,0,0,1,1
505,0.90448602062297,0.1550549137241815,IA,2022-10-16,1,1,1,1,1,1,1,1,1,0,1,1,0,1
506,0.740537147350994,0.095076825503218,IA,2022-10-17,1,1,1,1,1,1,1,1,0,1,1,0,1,1
507,3.58613998169713,0.2117781413123355,IA,2022-10-18,1,0,0,1,1,1,1,1,0,0,1,1,1,1
508,1.95512692893704,0.2299259243418315,IA,2022-10-19,1,0,0,1,1,1,1,1,0,0,1,0,1,1
509,1.12540228867551,0.152149472716801,IA,2022-10-20,1,1,1,1,1,1,1,1,1,0,0,1,1,1
510,0.805253102664826,0.112274231401727,IA,2022-10-21,1,1,1,1,1,1,1,1,0,1,0,0,1,1
511,4.08205721719257,0.392842487271731,IA,2022-10-22,1,1,0,0,1,1,1,1,0,0,0,0,1,1
512,3.60628097555567,0.2292879833842635,IA,2022-10-23,1,1,0,1,0,1,1,1,0,0,1,0,1,1
513,3.70715004110843,0.0146162598344726,IA,2022-10-24,1,0,0,1,0,1,1,1,1,0,1,0,1,1
514,1.3557679993278,0.158432247253823,IA,2022-10-25,1,1,1,1,1,1,1,1,0,0,0,1,1,1
515,2.98032935728899,0.2173714493191475,IA,2022-10-26,0,1,0,0,1,1,1,1,0,0,0,0,1,1
516,1.15295858304873,0.084537955329347,IA,2022-10-27,1,1,1,1,1,1,1,1,0,0,1,0,0,1
517,4.03411623190742,0.2356515540588995,IA,2022-10-28,1,0,0,1,0,1,1,1,0,0,1,0,1,1
518,1.07825995356282,0.0193964249100555,IA,2022-10-29,1,1,0,1,1,1,1,1,1,0,1,0,1,1
519,1.44862984646157,0.0658402088993775,IA,2022-10-30,1,1,0,1,1,1,1,1,0,0,1,0,1,1
520,1.31370843661813,0.1819241070262855,IA,2022-10-31,1,1,1,1,1,1,1,1,0,0,0,0,1,1
521,1.85310707988351,0.20080057807646,IA,2022-11-01,1,1,1,1,1,1,0,1,1,0,0,0,1,0
522,1.52872556958503,0.2174170263831335,IA,2022-11-02,1,1,1,1,0,1,1,1,0,0,1,0,1,1
523,2.59510415238057,0.295578234279229,IA,2022-11-03,1,0,0,1,1,1,1,1,1,0,0,0,1,1
524,1.39131978056813,0.126330086694693,IA,2022-11-04,1,1,1,1,1,1,1,1,1,1,0,0,1,1
525,5.06516778967491,0.3940786659372345,IA,2022-11-05,1,0,0,1,0,1,1,1,1,0,1,0,1,1
526,1.07479383380715,0.182844779303554,IA,2022-11-06,0,1,1,1,1,1,1,0,1,1,1,1,0,1
527,1.5405067077467,0.186566595250353,IA,2022-11-07,1,0,1,1,1,1,1,1,0,1,0,1,1,1
528,1.1751583597335,0.224893797153049,IA,2022-11-08,1,1,1,0,1,1,1,1,0,1,0,0,0,1
529,0.670208534868893,0.1901549289346165,IA,2022-11-09,1,1,1,1,1,1,1,1,0,0,1,1,1,1
530,1.40642883272986,0.120627498352889,IA,2022-11-10,1,1,0,1,1,1,1,1,0,0,1,0,1,1
531,1.973634785937,0.334351342908313,IA,2022-11-11,1,1,0,0,1,0,1,1,1,0,0,0,1,1
532,1.0134314073402,0.2704282912812275,IA,2022-11-12,1,1,1,0,1,1,1,1,0,0,0,0,1,1
533,1.04226617209372,0.1835933592044825,IA,2022-11-13,1,1,1,0,1,1,1,1,1,0,0,0,1,1
534,2.55333729551283,0.154963567423945,IA,2022-11-14,1,1,0,1,1,1,1,1,0,0,0,0,1,1
535,1.01311950148897,0.2161100071597065,IA,2022-11-15,1,1,1,1,1,1,1,1,0,0,0,0,1,1
536,2.67538631097747,0.229011109281792,IA,2022-11-16,0,1,1,1,0,1,1,0,1,0,1,0,0,1
537,2.77143488462518,0.1717211605974455,IA,2022-11-17,1,1,0,1,0,1,1,1,1,0,0,0,1,1
538,2.75194533540542,0.3250654514858565,IA,2022-11-18,1,0,1,0,0,1,1,1,0,0,0,0,1,1
539,2.09852376901504,0.315946526650195,IA,2022-11-19,1,0,1,1,1,1,1,1,0,0,0,0,0,1
540,2.05850336171405,0.326807731877646,IA,2022-11-20,1,0,1,1,1,1,1,1,0,1,1,0,0,1
541,4.70296646634812,0.2279186563948535,IA,2022-11-21,1,0,0,1,0,1,1,1,0,0,1,0,1,1
542,2.4041430773221,0.312259701226784,IA,2022-11-22,1,1,1,0,1,1,0,1,0,0,0,0,1,0
543,1.30314892991684,0.2783056815042,IA,2022-11-23,1,1,1,1,1,1,1,1,1,0,1,0,1,1
544,1.29527128357694,0.34323251881177,IA,2022-11-24,1,0,1,0,1,1,1,1,0,0,0,0,1,1
545,3.201294659503,0.3402261823246115,IA,2022-11-25,1,0,0,1,1,1,0,1,0,0,0,1,1,0
546,0.532487781011873,0.222777514054661,IA,2022-11-26,1,1,1,1,1,1,1,1,1,0,1,0,1,1
547,NA,NA,ID,2022-10-16,NA,NA,NA,NA,NA,NA,NA,NA,NA,NA,NA,NA,NA,NA
548,1.15733295940528,0.2224124873059025,ID,2022-10-17,1,0,0,1,1,1,1,1,0,0,1,1,1,1
549,1.05045795310956,0.4463598246767325,ID,2022-10-18,1,1,0,0,1,1,1,1,1,1,0,0,1,1
550,0.108640353886946,0.0074023507522148,ID,2022-10-19,1,1,1,1,1,1,1,1,1,0,1,0,1,1
551,0.0583481837125681,0.00795763298146965,ID,2022-10-20,1,1,1,1,1,1,1,1,1,0,1,0,1,1
552,0.0644357900692581,0.00857994362019145,ID,2022-10-21,1,1,1,1,1,1,1,1,1,1,1,1,1,1
553,NA,NA,ID,2022-10-22,NA,NA,NA,NA,NA,NA,NA,NA,NA,NA,NA,NA,NA,NA
554,NA,NA,ID,2022-10-23,NA,NA,NA,NA,NA,NA,NA,NA,NA,NA,NA,NA,NA,NA
555,1.05308369383593,0.2126739318369825,ID,2022-10-24,1,1,1,1,0,1,1,1,1,0,1,0,1,1
556,0.896277951789107,0.2936424220622985,ID,2022-10-25,1,1,1,0,1,1,1,1,1,0,0,1,1,1
557,0.188367424040313,0.01299798990478695,ID,2022-10-26,1,1,1,1,1,1,1,1,1,0,1,0,1,1
558,0.0293268152914546,0.0142164544422465,ID,2022-10-27,1,1,1,1,1,1,1,1,1,1,1,1,1,1
559,1.01329678772927,0.779807547516855,ID,2022-10-28,1,1,0,1,0,1,1,1,1,0,1,0,1,1
560,0.243427487082936,0.0170919692474563,ID,2022-10-29,1,1,1,1,1,1,1,1,1,0,1,0,1,1
561,0.0441806397342479,0.0187804476566255,ID,2022-10-30,1,1,1,1,1,1,1,1,1,0,1,0,1,1
562,0.270154105381109,0.0206592350525386,ID,2022-10-31,1,1,1,1,1,1,1,1,1,1,1,1,1,1
563,0.92969766015352,0.73315817684006,ID,2022-11-01,1,1,0,1,0,1,1,1,1,1,1,1,1,1
564,0.735666324145515,0.02506541852499225,ID,2022-11-02,1,1,1,1,1,1,1,1,1,1,1,1,1,1
565,0.434812407462812,0.253916236462607,ID,2022-11-03,1,1,1,1,1,1,1,1,1,1,1,0,0,1
566,0.0723388479681656,0.0304795634951814,ID,2022-11-04,1,1,1,1,1,1,1,1,1,1,1,1,1,1
567,0.431408598322126,0.033623250567352,ID,2022-11-05,1,1,1,1,1,1,1,1,1,1,1,1,1,1
568,0.0810813889267983,0.03709171360575935,ID,2022-11-06,1,1,1,1,1,1,1,1,1,1,1,1,1,1
569,0.0968244425810476,0.04091153542182285,ID,2022-11-07,1,1,1,1,1,1,1,1,1,1,1,1,1,1
570,0.333482879465794,0.2401437068206405,ID,2022-11-08,1,1,1,1,1,1,1,1,1,1,1,1,1,1
571,0.604918709491542,0.049715557423319,ID,2022-11-09,1,1,1,1,1,1,1,1,1,0,1,0,1,1
572,NA,NA,ID,2022-11-10,NA,NA,NA,NA,NA,NA,NA,NA,NA,NA,NA,NA,NA,NA
573,0.12767597812409,0.0602604186012405,ID,2022-11-11,1,1,1,1,1,1,1,1,1,0,1,0,1,1
574,0.404132661113616,0.0662563663784895,ID,2022-11-12,1,1,1,1,1,1,1,1,1,1,1,1,1,1
575,NA,NA,ID,2022-11-13,NA,NA,NA,NA,NA,NA,NA,NA,NA,NA,NA,NA,NA,NA
576,0.419989066355646,0.1907616994523835,ID,2022-11-14,1,1,1,1,1,1,1,1,1,0,1,1,0,1
577,1.06240193058004,0.337788726540699,ID,2022-11-15,1,1,1,1,0,1,1,1,1,0,1,0,0,1
578,0.307163835627021,0.2256603769823635,ID,2022-11-16,1,1,1,1,1,1,1,1,1,0,1,0,1,1
579,0.507622454575355,0.466428618140367,ID,2022-11-17,1,1,1,1,1,1,1,1,1,0,1,0,1,1
580,1.86022696119342,0.3805403622982455,ID,2022-11-18,1,1,0,1,0,1,1,1,1,0,1,0,1,1
581,0.672716386489807,0.124085238419931,ID,2022-11-19,1,1,1,1,1,1,1,1,1,1,1,1,1,1
582,NA,NA,ID,2022-11-20,NA,NA,NA,NA,NA,NA,NA,NA,NA,NA,NA,NA,NA,NA
583,1.11435471744382,0.3107882133987725,ID,2022-11-21,1,1,1,1,1,1,0,1,1,1,1,0,1,0
584,1.53423434676507,0.2891695802209615,ID,2022-11-22,1,1,1,0,0,1,1,1,1,0,1,0,1,1
585,NA,NA,ID,2022-11-23,NA,NA,NA,NA,NA,NA,NA,NA,NA,NA,NA,NA,NA,NA
586,NA,NA,ID,2022-11-24,NA,NA,NA,NA,NA,NA,NA,NA,NA,NA,NA,NA,NA,NA
587,NA,NA,ID,2022-11-25,NA,NA,NA,NA,NA,NA,NA,NA,NA,NA,NA,NA,NA,NA
588,0.236276046525291,0.255634990478765,ID,2022-11-26,1,1,1,1,1,1,1,1,1,1,1,1,1,1
589,3.09813700285645,0.3005785960236175,IL,2022-10-16,1,0,0,1,1,1,1,1,0,0,1,0,0,1
590,2.77844879611877,0.175559481712743,IL,2022-10-17,1,1,1,1,1,1,1,1,0,0,0,1,1,1
591,1.82015667478435,0.163097913579266,IL,2022-10-18,1,1,0,1,1,1,1,1,0,0,0,0,1,1
592,4.37846661811382,0.274101377278361,IL,2022-10-19,1,1,0,1,0,0,1,1,0,0,0,0,0,1
593,5.01966656044075,0.2863144473272835,IL,2022-10-20,0,0,0,0,1,1,1,0,0,0,0,0,1,1
594,2.09027188978695,0.210745004695384,IL,2022-10-21,1,1,1,1,1,1,1,0,0,0,0,0,1,1
595,4.73786343873302,0.299362818082151,IL,2022-10-22,0,1,0,0,0,1,1,0,0,0,0,0,1,1
596,2.03083685385164,0.2684869062746285,IL,2022-10-23,0,1,1,1,1,1,1,0,0,0,0,0,1,1
597,5.30008851856528,0.2925720957675485,IL,2022-10-24,0,0,0,1,1,1,1,0,0,0,1,0,0,1
598,3.60611483317006,0.3061550150849515,IL,2022-10-25,1,0,0,1,1,1,0,0,0,0,0,0,1,0
599,4.87351007260906,0.2215299573555215,IL,2022-10-26,1,0,0,1,1,0,1,1,0,0,0,0,0,1
600,3.39251041566865,0.27638330507198,IL,2022-10-27,0,1,1,1,1,1,0,0,0,0,1,0,1,0
601,10.6167824810032,0.223407172176184,IL,2022-10-28,1,1,0,1,0,1,0,1,0,0,0,0,1,1
602,4.05530758240294,0.262762274419865,IL,2022-10-29,0,1,0,1,0,1,1,0,1,0,0,0,1,1
603,2.42426361432516,0.2783993053660935,IL,2022-10-30,1,1,1,1,1,1,0,1,1,0,0,0,1,0
604,4.18363703943245,0.279754856270776,IL,2022-10-31,0,1,1,0,1,1,0,0,0,0,0,0,0,0
605,4.58792278307658,0.2697002129656335,IL,2022-11-01,1,1,1,0,1,1,1,1,0,0,0,0,1,1
606,3.10065779157901,0.296466120468561,IL,2022-11-02,0,1,1,1,1,1,1,0,0,0,0,0,1,1
607,4.56276620173663,0.3069198811767235,IL,2022-11-03,0,0,1,0,1,1,1,0,0,0,0,1,1,1
608,2.56960893988548,0.2890936281006955,IL,2022-11-04,1,1,1,1,1,1,0,1,0,0,0,0,1,0
609,11.7481827446192,0.265986852698499,IL,2022-11-05,1,1,0,1,0,1,1,1,1,0,0,0,1,1
610,6.74298202324315,0.2809680117139185,IL,2022-11-06,1,1,0,1,0,1,0,1,0,0,0,0,1,0
611,11.5614375267483,0.3062823821855785,IL,2022-11-07,1,0,0,0,0,1,1,1,0,0,0,0,0,1
612,9.71828650634241,0.293082332387994,IL,2022-11-08,1,1,0,1,0,1,1,1,1,0,0,0,1,1
613,9.72337529001237,0.2944736984422085,IL,2022-11-09,1,0,0,1,0,1,0,1,0,0,0,0,1,0
614,4.48331751846359,0.3044142339057895,IL,2022-11-10,1,1,1,1,1,1,1,1,0,0,0,0,0,1
615,13.7077241328219,0.338975570231107,IL,2022-11-11,0,1,0,0,0,1,1,0,0,0,0,0,1,1
616,3.31527154858418,0.325123773825371,IL,2022-11-12,0,0,1,1,0,1,1,0,0,0,0,0,1,1
617,7.39096743842974,0.325497932975545,IL,2022-11-13,0,1,0,1,0,1,1,0,0,0,0,0,0,1
618,7.20171339288166,0.3127053887584015,IL,2022-11-14,1,1,0,1,0,1,1,1,1,0,0,0,0,1
619,10.8379404207509,0.366417497228742,IL,2022-11-15,0,1,0,1,0,1,0,0,0,0,0,0,0,0
620,14.9703415462648,0.3273940495986605,IL,2022-11-16,0,1,0,1,0,1,1,0,0,0,0,0,0,1
621,11.4498619134868,0.3467980360814415,IL,2022-11-17,1,0,0,1,0,0,1,1,0,0,0,0,0,1
622,9.23407845525353,0.3129147471419655,IL,2022-11-18,1,1,0,1,0,1,1,1,0,0,0,0,0,1
623,8.94893879775974,0.3292287380939,IL,2022-11-19,1,1,0,1,0,1,0,1,1,0,1,0,1,0
624,9.31450742334697,0.334109890032229,IL,2022-11-20,0,1,0,1,0,1,1,0,0,0,0,0,1,1
625,4.34149697263061,0.328320101705427,IL,2022-11-21,1,0,1,0,0,1,0,1,0,0,0,0,1,0
626,28.736448570473,0.397121813297531,IL,2022-11-22,0,0,0,0,0,1,0,0,0,0,0,0,1,0
627,8.55843718093731,0.274479224162834,IL,2022-11-23,1,0,0,1,0,1,0,1,0,0,0,0,1,0
628,5.16227289076775,0.52557218430227,IL,2022-11-24,1,1,0,1,0,1,1,1,1,0,1,0,1,1
629,23.6209086192882,0.3763120717364065,IL,2022-11-25,0,0,0,1,0,1,0,0,0,0,0,0,1,0
630,22.6448706667343,0.361366490230103,IL,2022-11-26,1,0,0,1,0,1,0,1,0,0,0,0,1,0
631,0.849703678641008,0.205765350117759,IN,2022-10-16,1,1,1,1,1,1,1,1,0,1,1,0,1,1
632,2.03375043839575,0.2285419943630805,IN,2022-10-17,1,1,0,0,1,1,1,1,0,0,0,0,1,1
633,2.82078986712076,0.3096584121686655,IN,2022-10-18,1,0,0,0,1,1,1,1,1,0,0,0,1,1
634,0.857510172755789,0.1640547486564405,IN,2022-10-19,1,1,1,1,1,1,1,1,0,0,1,1,1,1
635,1.55803814405876,0.2679021097341795,IN,2022-10-20,1,1,0,1,1,0,1,1,0,0,1,0,0,1
636,1.0071359421772,0.03596871479775825,IN,2022-10-21,1,1,0,1,1,1,1,1,0,0,1,1,1,1
637,1.17686438923442,0.03835638706579445,IN,2022-10-22,1,1,0,1,1,1,1,1,1,0,1,0,1,1
638,2.32985162401366,0.355468003169957,IN,2022-10-23,1,1,0,1,1,0,1,1,0,0,0,1,0,1
639,1.71694748567365,0.167093655141738,IN,2022-10-24,1,1,1,1,1,1,1,1,0,0,1,1,1,1
640,1.35559074790651,0.2319360197318655,IN,2022-10-25,1,1,1,0,1,1,1,1,0,1,0,0,0,1
641,7.14178728249801,0.308600755943434,IN,2022-10-26,1,1,0,1,0,1,1,1,0,0,0,0,1,1
642,2.72759388900043,0.1471409630602895,IN,2022-10-27,0,1,0,1,1,1,1,0,0,0,1,0,1,1
643,1.07147257971755,0.1957800555558585,IN,2022-10-28,1,1,1,1,1,1,1,1,0,0,0,0,1,1
644,0.993727552665924,0.19585311933945251,IN,2022-10-29,1,1,1,1,1,1,1,1,0,0,0,1,1,1
645,1.16324724809192,0.1942973094579645,IN,2022-10-30,1,1,1,1,1,1,1,1,1,0,0,0,1,1
646,3.31724056698154,0.2781987360789115,IN,2022-10-31,0,1,1,1,0,0,1,0,0,0,0,0,0,1
647,4.34463556105107,0.129113114391687,IN,2022-11-01,1,1,0,1,0,1,1,1,0,0,0,0,1,1
648,1.72830575322653,0.2826614996279935,IN,2022-11-02,0,1,1,1,1,1,0,0,1,0,1,0,1,0
649,2.85618850123471,0.2649537140116185,IN,2022-11-03,1,0,1,1,0,1,1,1,0,0,0,0,1,1
650,1.17095815276775,0.236792725365572,IN,2022-11-04,1,1,1,1,1,1,1,1,0,0,0,0,0,1
651,2.8269493788652,0.1711275936088675,IN,2022-11-05,1,1,0,1,1,1,1,1,1,1,0,0,0,1
652,1.16109526084525,0.262916485364286,IN,2022-11-06,1,1,1,1,1,1,1,1,0,0,1,0,1,1
653,3.7685005320415,0.2468929171132905,IN,2022-11-07,1,0,0,1,0,1,1,1,0,0,0,0,0,1
654,1.54667213636983,0.266741874333375,IN,2022-11-08,1,1,1,1,1,1,1,1,0,0,1,0,0,1
655,2.22266547296837,0.2450778874599725,IN,2022-11-09,1,0,1,1,1,1,1,1,1,0,0,0,0,1
656,1.9847271645139,0.3144751517709235,IN,2022-11-10,1,0,1,1,1,1,1,1,0,0,0,0,0,1
657,3.15894428618395,0.276313902692996,IN,2022-11-11,1,1,0,1,0,1,1,1,0,0,0,0,1,1
658,0.984686806795233,0.2388775063977125,IN,2022-11-12,1,1,1,1,1,1,1,1,1,0,0,1,1,1
659,1.67408905281265,0.3231891511353185,IN,2022-11-13,0,1,1,1,0,1,1,1,1,0,0,1,1,1
660,1.49951426821018,0.269468920453011,IN,2022-11-14,1,1,1,1,1,1,1,1,0,0,1,0,0,1
661,2.05854055632224,0.287932740953821,IN,2022-11-15,1,1,1,0,1,1,1,1,0,0,0,0,1,1
662,1.78897594453497,0.2851019806242845,IN,2022-11-16,1,1,1,1,1,1,1,1,1,0,0,0,0,1
663,1.74943371967301,0.258540485755121,IN,2022-11-17,1,1,0,1,1,1,1,1,1,1,1,0,0,1
664,1.06158308579147,0.2838731226844255,IN,2022-11-18,1,1,1,1,1,1,1,1,0,1,1,1,0,1
665,0.729737032104431,0.2586869060905315,IN,2022-11-19,1,1,1,1,1,1,1,1,0,1,0,0,1,1
666,1.09382194658777,0.3203746929808815,IN,2022-11-20,1,1,1,1,1,1,1,1,0,0,0,0,1,1
667,2.08567510155339,0.30201045066535,IN,2022-11-21,0,1,1,1,1,1,1,0,0,0,0,0,0,1
668,6.36809439780119,0.3207007568719195,IN,2022-11-22,1,1,0,1,0,1,1,1,1,0,0,0,1,1
669,5.77006495704512,0.3194593845340015,IN,2022-11-23,1,0,0,1,0,1,1,1,0,0,1,0,1,1
670,NA,NA,IN,2022-11-24,NA,NA,NA,NA,NA,NA,NA,NA,NA,NA,NA,NA,NA,NA
671,6.73544444800805,0.3333297774670925,IN,2022-11-25,0,0,0,1,0,0,1,0,0,0,1,0,0,1
672,1.21964305395299,0.2555891540775775,IN,2022-11-26,1,1,1,1,1,1,1,1,0,1,1,0,1,1
673,0.512890572952811,0.2512770963813275,KS,2022-10-16,1,1,1,1,1,1,1,1,0,1,0,1,1,1
674,0.448381044459453,0.127011120740366,KS,2022-10-17,1,1,1,1,1,1,1,1,0,0,1,1,1,1
675,0.395346448898045,0.1647417025399955,KS,2022-10-18,1,1,1,1,1,1,1,1,0,0,1,1,1,1
676,1.47596536231687,0.3880589198027975,KS,2022-10-19,1,1,0,0,1,1,1,1,1,0,0,0,1,1
677,2.39703460963635,0.03677405746487445,KS,2022-10-20,1,0,0,1,1,1,1,1,0,0,1,1,1,1
678,0.904912831092882,0.2301088102225945,KS,2022-10-21,1,1,1,1,1,1,0,1,1,1,1,0,1,0
679,0.620047100150392,0.209708053415433,KS,2022-10-22,1,1,1,1,1,1,1,1,1,0,1,0,1,1
680,NA,NA,KS,2022-10-23,NA,NA,NA,NA,NA,NA,NA,NA,NA,NA,NA,NA,NA,NA
681,1.93080140759619,0.0988556261964805,KS,2022-10-24,1,0,0,1,1,1,1,1,0,0,0,1,1,1
682,1.34632767086031,0.299165880970618,KS,2022-10-25,1,1,0,1,0,1,1,1,0,0,0,0,1,1
683,1.88699891006042,0.382598927847319,KS,2022-10-26,1,1,0,0,1,1,1,1,0,0,0,0,1,1
684,1.33099463015197,0.2611218100646745,KS,2022-10-27,1,1,1,1,1,1,1,1,0,0,0,0,1,1
685,0.524471173529537,0.203830392022359,KS,2022-10-28,1,1,1,1,1,1,1,1,1,1,1,1,1,1
686,0.516767818303866,0.225407353747957,KS,2022-10-29,1,1,1,1,1,1,1,1,1,0,1,0,1,1
687,0.614961526226903,0.178084891745162,KS,2022-10-30,1,1,1,1,1,1,1,1,1,0,1,0,1,1
688,0.910570621896915,0.322072470361294,KS,2022-10-31,1,1,1,0,1,1,1,1,0,0,1,0,1,1
689,2.92793615499707,0.0656457478862275,KS,2022-11-01,1,1,0,1,0,1,1,1,0,0,1,0,1,1
690,1.35199484184517,0.4141333990623945,KS,2022-11-02,1,1,0,1,0,1,1,1,1,0,1,0,1,1
691,2.0995393809553,0.375449546883822,KS,2022-11-03,1,0,0,1,1,1,1,1,0,0,0,1,1,1
692,0.699213203745674,0.26906850532926,KS,2022-11-04,1,1,1,1,1,1,1,1,1,0,1,0,1,1
693,1.17555081575831,0.1896056344165605,KS,2022-11-05,1,1,1,0,1,1,1,1,0,0,0,0,1,1
694,0.91431029795194,0.244945262959107,KS,2022-11-06,1,1,1,0,1,1,1,1,1,0,0,0,1,1
695,1.46095232698633,0.3287106160882745,KS,2022-11-07,1,1,1,1,1,1,1,1,0,1,1,0,1,1
696,1.11900802448948,0.30557939369384,KS,2022-11-08,1,1,1,1,1,1,1,1,0,0,0,0,1,1
697,0.66027293745635,0.2559372398470795,KS,2022-11-09,1,1,1,1,1,1,1,1,0,0,1,0,1,1
698,1.16545669279848,0.19505347113995,KS,2022-11-10,1,1,0,1,1,1,1,1,0,0,0,0,1,1
699,1.48741844466175,0.331237852706601,KS,2022-11-11,1,1,1,0,1,1,1,1,0,0,0,0,1,1
700,1.09761221123197,0.52089790956493,KS,2022-11-12,1,0,0,1,1,1,1,1,0,0,1,1,1,1
701,0.325652697707119,0.274231158592995,KS,2022-11-13,1,1,1,1,1,1,1,1,1,0,1,0,1,1
702,1.20695991073533,0.3559651339548525,KS,2022-11-14,1,0,1,1,1,1,1,1,0,0,0,0,1,1
703,0.9362984165274,0.226920408468847,KS,2022-11-15,1,1,1,1,1,1,1,1,1,1,1,1,1,1
704,0.996365851506031,0.296703869994801,KS,2022-11-16,1,1,1,1,1,1,1,1,1,0,0,0,1,1
705,1.59921898593124,0.339818272555829,KS,2022-11-17,1,1,1,0,1,1,1,1,0,0,0,1,1,1
706,2.00382387154913,0.2799547237248075,KS,2022-11-18,1,1,0,1,0,1,1,1,0,0,0,0,1,1
707,1.59012777228629,0.2788592399450895,KS,2022-11-19,1,1,0,1,0,1,1,1,1,1,0,0,1,1
708,0.704391182238108,0.2614598116317955,KS,2022-11-20,1,1,1,1,1,1,1,1,1,0,1,0,1,1
709,1.4469945368761301,0.2905888505199185,KS,2022-11-21,1,1,1,1,1,1,1,1,1,1,0,0,1,1
710,1.23504192711618,0.340175704178785,KS,2022-11-22,0,1,1,1,1,0,1,0,0,1,1,0,0,1
711,0.256222073835676,0.2581001580175915,KS,2022-11-23,1,1,1,1,1,1,1,1,1,1,1,1,1,1
712,NA,NA,KS,2022-11-24,NA,NA,NA,NA,NA,NA,NA,NA,NA,NA,NA,NA,NA,NA
713,2.92471375878094,0.2945280887569695,KS,2022-11-25,1,1,0,1,0,1,1,1,0,0,0,0,1,1
714,1.02021751445461,0.216961575368953,KS,2022-11-26,1,1,1,1,0,1,1,1,1,1,1,1,1,1
715,0.163412587304299,0.0132215630488878,KY,2022-10-16,1,1,1,1,1,1,1,1,1,1,1,1,1,1
716,0.843842691848931,0.0136529647847942,KY,2022-10-17,1,1,0,1,1,1,1,1,1,1,1,1,1,1
717,0.488878809202581,0.0141393661407519,KY,2022-10-18,1,1,1,1,1,1,1,1,1,0,1,0,1,1
718,0.677801806113202,0.215891290245405,KY,2022-10-19,1,1,1,1,0,1,1,1,0,1,1,0,1,1
719,0.513488232626854,0.1447574239997715,KY,2022-10-20,1,1,1,1,1,1,1,1,0,1,1,0,1,1
720,0.765490877543439,0.01599245837682505,KY,2022-10-21,1,1,1,1,1,1,1,1,1,0,1,0,1,1
721,NA,NA,KY,2022-10-22,NA,NA,NA,NA,NA,NA,NA,NA,NA,NA,NA,NA,NA,NA
722,0.539431931095159,0.171200126382538,KY,2022-10-23,1,1,1,1,1,1,1,1,0,0,1,1,1,1
723,0.996028729326156,0.1517792675918595,KY,2022-10-24,1,1,1,1,1,0,1,1,0,0,0,0,0,1
724,1.03952118923436,0.1513989035374115,KY,2022-10-25,1,1,1,0,1,1,1,1,1,1,0,0,1,1
725,1.72390720819557,0.2527792433932855,KY,2022-10-26,1,0,1,1,1,1,1,1,0,0,1,1,1,1
726,1.15566843451644,0.219193716963996,KY,2022-10-27,1,1,1,1,0,1,1,1,0,0,1,0,1,1
727,0.955284395932856,0.2780453384613355,KY,2022-10-28,1,1,1,0,1,1,1,1,1,0,0,0,1,1
728,0.473682702822371,0.0254195779666347,KY,2022-10-29,1,1,1,1,1,1,1,1,0,0,1,0,1,1
729,0.443748072912915,0.1434556432049355,KY,2022-10-30,1,1,1,1,1,1,1,1,0,0,1,0,1,1
730,0.747855772758642,0.1659939003953805,KY,2022-10-31,1,1,1,1,1,1,1,1,1,0,1,0,1,1
731,0.979741462322295,0.249991653465078,KY,2022-11-01,1,1,1,0,1,1,1,1,0,0,0,0,1,1
732,1.33154493751496,0.3020061574196305,KY,2022-11-02,1,1,1,1,0,1,1,1,0,1,1,0,1,1
733,0.8169291920894,0.285195467184983,KY,2022-11-03,1,1,1,1,1,1,1,1,0,0,1,0,1,1
734,1.01719711321043,0.140723128869815,KY,2022-11-04,1,1,1,1,1,1,1,1,1,0,1,0,1,1
735,0.983382258318681,0.3796390016508405,KY,2022-11-05,1,1,1,0,1,1,1,1,0,0,0,0,1,1
736,0.270259584215971,0.04729727603406515,KY,2022-11-06,1,1,1,1,1,1,1,1,1,1,1,1,1,1
737,0.758088793487918,0.131912881922846,KY,2022-11-07,1,1,1,1,1,1,1,1,0,0,1,1,1,1
738,0.919147901247061,0.2589470163343035,KY,2022-11-08,1,1,1,1,1,1,1,1,0,0,1,1,1,1
739,1.07085147615298,0.261632655723153,KY,2022-11-09,1,1,1,1,1,0,1,1,0,0,1,0,0,1
740,2.06645279959288,0.138821904196719,KY,2022-11-10,1,1,0,1,0,1,1,1,0,0,1,0,1,1
741,0.425577061246536,0.072372281152572,KY,2022-11-11,1,1,1,1,1,1,1,1,1,1,1,1,1,1
742,0.866468057199064,0.153979311173773,KY,2022-11-12,1,1,1,1,1,1,1,1,1,0,1,0,1,1
743,0.171626610217027,0.085840972778062,KY,2022-11-13,1,1,1,1,1,1,1,1,1,1,1,1,1,1
744,1.3892300350381,0.3218414344799575,KY,2022-11-14,1,1,1,1,0,1,1,1,0,1,1,0,1,1
745,0.459738627834679,0.194834042324731,KY,2022-11-15,1,1,1,1,1,1,1,1,0,0,1,1,1,1
746,0.844148669999437,0.4198955506957585,KY,2022-11-16,1,0,1,1,1,1,1,1,0,0,1,1,1,1
747,0.559306261832557,0.199091649516799,KY,2022-11-17,1,1,1,1,1,1,1,1,1,0,1,0,1,1
748,0.603589175354791,0.225917267987473,KY,2022-11-18,1,1,1,1,1,1,1,1,1,0,1,0,1,1
749,0.439714125476925,0.3988816148545235,KY,2022-11-19,1,1,1,1,1,1,1,1,1,1,1,1,1,1
750,NA,NA,KY,2022-11-20,NA,NA,NA,NA,NA,NA,NA,NA,NA,NA,NA,NA,NA,NA
751,0.784887410819158,0.1643077867382375,KY,2022-11-21,1,1,0,1,1,1,1,1,1,1,1,1,1,1
752,0.513888398170006,0.259959289162455,KY,2022-11-22,1,1,1,1,1,1,1,1,1,0,1,0,1,1
753,0.545029339683821,0.2709814229555815,KY,2022-11-23,1,1,1,1,1,1,1,1,0,0,1,0,1,1
754,NA,NA,KY,2022-11-24,NA,NA,NA,NA,NA,NA,NA,NA,NA,NA,NA,NA,NA,NA
755,1.56446349046382,0.3339013473382885,KY,2022-11-25,1,1,1,0,0,1,1,1,1,0,0,0,0,1
756,0.7388042756749,0.2534639470916805,KY,2022-11-26,1,1,1,1,1,1,1,1,0,0,1,0,1,1
757,NA,NA,LA,2022-10-16,NA,NA,NA,NA,NA,NA,NA,NA,NA,NA,NA,NA,NA,NA
758,0.514919114034515,0.2037517101359345,LA,2022-10-17,1,1,1,1,1,1,1,1,1,1,1,1,1,1
759,0.656003634133272,0.136185339266217,LA,2022-10-18,1,1,1,1,1,1,1,1,1,0,1,0,1,1
760,0.587700102213659,0.0532252180993755,LA,2022-10-19,1,1,1,1,1,1,1,1,1,0,1,0,1,1
761,0.515679921711262,0.1750843455349755,LA,2022-10-20,1,1,1,1,1,1,1,1,0,0,1,0,1,1
762,0.219585586299146,0.0591018275882915,LA,2022-10-21,1,1,1,1,1,1,1,1,0,0,1,1,1,1
763,0.231662616197769,0.0625224049134155,LA,2022-10-22,1,1,1,1,1,1,1,1,1,1,1,1,1,1
764,0.569539478207968,0.2084093799887785,LA,2022-10-23,1,1,1,1,1,1,1,1,0,1,0,1,1,1
765,1.08863804749961,0.1287052417825975,LA,2022-10-24,1,1,0,1,1,1,1,1,0,0,1,0,1,1
766,3.07482094544372,0.511562952067645,LA,2022-10-25,1,0,0,1,0,1,1,1,0,0,0,0,1,1
767,0.785828671452143,0.08013131298258,LA,2022-10-26,1,1,0,1,1,1,1,1,0,0,1,1,0,1
768,0.941140459052929,0.1752779734704885,LA,2022-10-27,1,1,1,1,1,1,1,1,0,0,0,0,1,1
769,0.844657130155226,0.2986985924010385,LA,2022-10-28,1,1,1,0,1,1,1,1,0,1,0,1,1,1
770,NA,NA,LA,2022-10-29,NA,NA,NA,NA,NA,NA,NA,NA,NA,NA,NA,NA,NA,NA
771,0.356295089240118,0.2346887228190195,LA,2022-10-30,1,1,1,1,1,1,1,1,1,1,1,1,1,1
772,2.32881410865278,0.3220418816936515,LA,2022-10-31,1,0,1,0,0,1,1,1,0,1,0,1,1,1
773,0.837685152687901,0.1776066060610895,LA,2022-11-01,1,1,1,1,1,1,1,1,1,1,1,1,1,1
774,1.56772009727004,0.1312037561238465,LA,2022-11-02,1,1,0,1,0,1,1,1,1,0,1,0,1,1
775,2.31514798030755,0.513562108278805,LA,2022-11-03,1,0,0,1,1,1,1,1,0,0,1,0,1,1
776,0.798098803135507,0.301364636955125,LA,2022-11-04,1,1,1,1,1,1,1,1,0,1,0,0,1,1
777,0.522828865130011,0.217132296151178,LA,2022-11-05,1,1,1,1,1,1,1,1,1,1,1,1,1,1
778,1.50618314669385,0.372785379202572,LA,2022-11-06,1,1,0,1,0,1,1,1,0,0,1,1,1,1
779,2.26496898072706,0.289962416347749,LA,2022-11-07,1,1,0,1,0,1,1,1,0,0,1,0,1,1
780,1.65499197647133,0.3889303716911525,LA,2022-11-08,1,1,1,0,0,1,0,1,0,0,0,0,1,0
781,0.460735609706845,0.2598520229802775,LA,2022-11-09,1,1,1,1,1,1,1,1,1,0,1,0,1,1
782,3.37319674894732,0.513613061651885,LA,2022-11-10,1,1,1,0,0,0,0,1,1,0,0,0,0,0
783,1.16396165846546,0.3411370454492745,LA,2022-11-11,1,1,1,1,1,1,0,1,0,0,1,0,1,0
784,2.36712620606605,0.400929444742518,LA,2022-11-12,1,1,0,0,0,0,1,1,0,0,0,0,0,1
785,0.439010108667795,0.2491774236664085,LA,2022-11-13,1,1,1,1,1,1,1,1,1,0,1,0,1,1
786,1.45805566628344,0.2823874567402585,LA,2022-11-14,1,1,0,1,1,1,1,1,1,0,1,0,1,1
787,1.65665504896623,0.2939036416201785,LA,2022-11-15,1,1,0,1,0,1,1,1,1,0,0,0,1,1
788,2.98321471532606,0.3144603148863605,LA,2022-11-16,1,1,0,1,0,1,1,1,1,0,1,0,1,1
789,1.41762389582539,0.3173883795467105,LA,2022-11-17,0,1,1,1,1,1,1,0,0,0,1,0,1,1
790,0.931541713338819,0.41571044182279,LA,2022-11-18,0,1,1,1,1,1,1,0,1,0,1,0,1,1
791,NA,NA,LA,2022-11-19,NA,NA,NA,NA,NA,NA,NA,NA,NA,NA,NA,NA,NA,NA
792,NA,NA,LA,2022-11-20,NA,NA,NA,NA,NA,NA,NA,NA,NA,NA,NA,NA,NA,NA
793,1.49175723633399,0.3611924671945755,LA,2022-11-21,1,1,0,0,1,1,0,1,1,0,0,0,1,0
794,0.590136781340768,0.4546246666671575,LA,2022-11-22,1,1,1,1,1,1,1,1,1,1,1,1,1,1
795,3.00143016258846,0.4747939796713655,LA,2022-11-23,1,1,0,1,0,1,1,1,1,0,0,0,1,1
796,0.150965727892774,0.0932153143582705,LA,2022-11-24,1,1,1,1,1,1,1,1,1,1,1,1,1,1
797,0.308194188782781,0.228094932726493,LA,2022-11-25,1,1,1,1,1,1,1,1,1,0,1,0,1,1
798,1.05762931408198,0.4516000377605835,LA,2022-11-26,1,1,1,0,1,1,1,1,1,0,0,0,1,1
799,2.3508592044647,0.173805196872996,MA,2022-10-16,1,1,1,1,1,1,1,1,0,0,0,0,0,1
800,8.27342451463266,0.2974369424563875,MA,2022-10-17,0,0,0,1,0,1,0,0,0,0,1,0,1,0
801,2.62692096991522,0.2094847229731165,MA,2022-10-18,1,1,1,1,1,1,1,1,0,0,0,0,1,1
802,5.11237991055218,0.246309574970263,MA,2022-10-19,1,1,1,0,0,1,1,1,0,1,0,0,1,1
803,4.05583980818961,0.224940803124503,MA,2022-10-20,1,0,1,1,1,0,1,1,1,0,0,0,0,1
804,4.0554335358725,0.2734971529422025,MA,2022-10-21,1,1,1,1,1,0,1,1,0,0,0,0,0,1
805,1.79157734391606,0.271224123704481,MA,2022-10-22,1,1,1,1,1,1,1,1,0,0,0,0,0,1
806,1.62225203902378,0.224584630303907,MA,2022-10-23,1,1,1,1,1,1,0,1,1,0,0,0,0,0
807,3.66181787935067,0.265112585579783,MA,2022-10-24,1,1,1,0,1,0,0,1,0,0,1,0,0,0
808,7.00419091385429,0.3320786444889255,MA,2022-10-25,1,0,0,1,1,0,1,1,0,0,0,0,0,1
809,5.77224944691057,0.2560892337773025,MA,2022-10-26,0,0,1,1,0,1,0,0,0,0,0,0,0,0
810,11.657098437243,0.3432335887408955,MA,2022-10-27,1,0,0,1,0,1,1,1,0,0,0,0,1,0
811,4.07222599066364,0.313557630406723,MA,2022-10-28,1,1,0,1,1,1,1,1,0,0,0,0,1,1
812,2.31745482881022,0.266911162104567,MA,2022-10-29,1,1,1,1,1,1,1,1,0,0,0,0,0,1
813,4.75477176350324,0.361105376753204,MA,2022-10-30,1,0,0,1,0,1,1,1,0,0,0,0,0,1
814,6.3788540166611,0.3307331950258005,MA,2022-10-31,1,0,0,1,1,0,1,1,0,0,0,0,0,1
815,3.59591280485447,0.319031699277371,MA,2022-11-01,0,1,1,1,1,0,0,0,0,0,0,0,0,0
816,3.40603854409304,0.2879447566419165,MA,2022-11-02,0,1,1,0,1,1,0,0,0,0,0,0,0,0
817,7.2846646593773,0.3182829619818525,MA,2022-11-03,1,0,0,0,0,1,0,1,0,0,0,0,1,0
818,5.67958960692048,0.251372904844687,MA,2022-11-04,1,0,0,1,1,1,0,1,0,0,0,0,0,0
819,1.44600387997444,0.3009864826373505,MA,2022-11-05,1,1,1,0,1,1,1,1,0,0,0,0,1,1
820,2.84281797641526,0.321690973507416,MA,2022-11-06,1,1,1,1,1,1,0,1,0,0,0,0,0,0
821,3.5315844094159,0.285912457704337,MA,2022-11-07,1,1,0,1,1,1,0,1,1,0,0,0,1,0
822,3.54122225076725,0.2921692569440995,MA,2022-11-08,1,1,0,1,0,1,0,1,0,0,0,0,1,0
823,5.15529865899076,0.309948072564574,MA,2022-11-09,1,1,0,1,0,1,0,1,0,0,0,0,0,0
824,2.45135135366185,0.2928884860869255,MA,2022-11-10,1,1,1,1,0,1,1,1,0,0,0,0,0,1
825,2.57713762401687,0.2954376588325905,MA,2022-11-11,1,1,0,1,1,1,1,1,0,1,0,0,0,1
826,1.79579842100683,0.303164639164435,MA,2022-11-12,1,0,1,1,1,1,1,1,0,0,1,0,0,1
827,4.33852166176301,0.388808399391539,MA,2022-11-13,1,0,1,1,0,0,1,1,0,0,0,0,0,1
828,4.28002262843298,0.339850462551992,MA,2022-11-14,0,0,1,1,1,1,0,0,0,0,0,1,0,0
829,1.90681979090259,0.346194708108824,MA,2022-11-15,1,1,0,1,0,1,1,1,1,0,1,0,1,1
830,NA,NA,MA,2022-11-16,NA,NA,NA,NA,NA,NA,NA,NA,NA,NA,NA,NA,NA,NA
831,0.573204275070808,0.384782343915896,MA,2022-11-17,1,1,1,1,1,1,1,1,1,0,1,0,1,1
832,0.319709195527632,0.233173108430146,MA,2022-11-18,1,1,1,1,1,1,1,1,0,1,1,0,0,1
833,4.69096395851724,0.2235406755281205,MA,2022-11-19,1,1,0,1,0,1,0,1,0,0,1,0,0,0
834,3.29642398916866,0.2764414250636325,MA,2022-11-20,1,1,0,1,1,1,1,1,1,0,0,0,1,1
835,9.54722684085415,0.348382067425198,MA,2022-11-21,1,0,0,0,0,1,0,1,0,0,0,0,0,0
836,6.12597492754527,0.2852787988028895,MA,2022-11-22,1,1,0,1,1,0,0,1,0,0,0,0,0,0
837,5.76572705299442,0.4281057552910595,MA,2022-11-23,1,0,1,0,0,1,0,1,0,0,1,0,0,0
838,NA,NA,MA,2022-11-24,NA,NA,NA,NA,NA,NA,NA,NA,NA,NA,NA,NA,NA,NA
839,4.1429156679034,0.317587516258406,MA,2022-11-25,1,1,1,0,0,1,0,1,0,0,0,0,0,0
840,10.0318928664727,0.381420764087746,MA,2022-11-26,0,0,0,1,0,1,1,0,0,0,0,0,0,1
841,1.01282070370569,0.2476017192699465,MD,2022-10-16,1,1,1,0,1,1,1,1,0,0,0,0,1,1
842,9.1090255643536,0.285856184850303,MD,2022-10-17,1,0,0,0,0,1,1,1,0,1,1,0,1,1
843,1.71451632417066,0.1605303284549185,MD,2022-10-18,1,1,0,1,1,1,1,1,0,0,0,0,1,1
844,0.906086957032851,0.1990500788453485,MD,2022-10-19,1,1,1,1,1,1,1,1,1,0,0,0,1,1
845,1.24931587275936,0.3261136253388735,MD,2022-10-20,1,1,1,1,1,1,1,1,0,1,0,0,1,1
846,9.55831338086439,0.4231343480660855,MD,2022-10-21,1,0,0,0,1,1,1,1,0,0,0,0,1,1
847,1.32633892503542,0.284659751372457,MD,2022-10-22,1,1,1,1,1,1,1,1,0,0,1,0,1,1
848,3.9368020881812398,0.3182453887716835,MD,2022-10-23,1,1,0,0,0,1,1,1,1,0,1,0,1,1
849,6.40358789519224,0.33259003447959,MD,2022-10-24,1,0,0,0,1,1,1,1,0,0,0,1,0,1
850,2.43229520750811,0.3312459642999535,MD,2022-10-25,1,1,0,1,0,1,1,1,0,0,0,0,1,1
851,3.68909283778188,0.3327409739277855,MD,2022-10-26,1,0,1,1,1,1,0,1,0,0,0,0,1,0
852,6.2999326784503,0.3511028744639315,MD,2022-10-27,0,0,0,0,0,1,1,0,0,0,0,0,1,1
853,3.46694978684384,0.2891811106239515,MD,2022-10-28,1,1,1,0,0,1,1,1,0,0,0,0,1,1
854,4.58344796362884,0.287599098615643,MD,2022-10-29,0,1,0,1,0,1,1,0,1,0,1,0,0,1
855,2.15294280254095,0.31450478896428,MD,2022-10-30,1,0,1,1,1,1,1,1,0,0,0,0,1,1
856,3.19698649579299,0.308670935601385,MD,2022-10-31,1,1,1,1,0,0,1,1,0,1,0,0,0,1
857,4.74415248306136,0.329584668972331,MD,2022-11-01,1,0,0,0,1,1,1,1,0,0,0,0,1,1
858,1.75147002042963,0.305871549411704,MD,2022-11-02,1,1,1,1,1,1,0,1,0,1,0,0,1,0
859,4.07568508672277,0.31706035987701,MD,2022-11-03,1,0,1,1,0,1,1,1,0,0,1,0,1,1
860,5.29348594518655,0.298009911458489,MD,2022-11-04,1,1,0,1,0,1,1,1,1,0,1,0,1,1
861,12.1092954051667,0.348726431568877,MD,2022-11-05,1,0,0,1,0,1,1,1,0,0,0,0,1,1
862,1.81047318382555,0.2853114570539075,MD,2022-11-06,1,1,1,1,1,1,1,1,0,0,0,0,0,1
863,5.57072732027744,0.3237285244896755,MD,2022-11-07,0,1,0,0,0,1,1,0,0,0,0,0,1,1
864,1.66136934711729,0.3148433315619735,MD,2022-11-08,1,1,1,0,1,1,1,1,0,0,0,0,1,1
865,3.70205957230641,0.4168954547449495,MD,2022-11-09,1,0,0,1,0,1,1,1,0,0,1,0,0,1
866,1.54589834907987,0.263141846013288,MD,2022-11-10,1,1,1,1,1,1,1,1,0,0,0,0,1,1
867,2.00833401707404,0.4334015379558755,MD,2022-11-11,1,0,1,0,0,1,1,1,0,0,0,0,1,1
868,1.57263169857923,0.300740769401409,MD,2022-11-12,1,0,1,1,1,1,1,1,0,0,1,0,1,1
869,5.45726619542999,0.358829821772319,MD,2022-11-13,1,1,0,1,0,1,1,1,1,0,0,0,1,1
870,4.58841936820727,0.2890444789665485,MD,2022-11-14,1,1,0,1,0,1,1,1,1,0,0,0,1,1
871,4.25513910736435,0.3358827304609095,MD,2022-11-15,1,1,0,0,0,1,1,1,1,0,0,0,1,1
872,4.88863267341067,0.297701990660925,MD,2022-11-16,1,1,0,1,0,0,1,1,1,0,0,0,0,1
873,1.37293501073835,0.223795001191718,MD,2022-11-17,1,1,0,1,1,1,1,1,1,0,0,0,1,1
874,2.15025658888854,0.212824287837014,MD,2022-11-18,0,1,1,1,1,1,1,0,0,0,1,1,0,1
875,6.06497652283418,0.346522975487119,MD,2022-11-19,0,1,0,0,0,1,1,0,0,0,0,0,1,1
876,4.60084940831438,0.335547476256567,MD,2022-11-20,0,1,0,1,0,0,1,0,1,0,0,0,0,1
877,5.02647924941441,0.2658008511078,MD,2022-11-21,1,1,0,1,0,0,0,1,1,0,0,0,0,0
878,5.14966208418452,0.267794004723244,MD,2022-11-22,1,1,0,0,0,1,1,1,0,0,0,0,1,1
879,2.44158681621704,0.236039769479611,MD,2022-11-23,1,0,0,1,0,1,1,1,0,1,1,0,1,1
880,1.33408580781545,0.4017482297093105,MD,2022-11-24,1,1,1,0,0,1,1,1,1,0,0,0,1,1
881,7.62949177302746,0.2579041934652695,MD,2022-11-25,1,1,0,1,0,1,1,1,0,0,0,0,1,1
882,8.57386242541114,0.2845575681238965,MD,2022-11-26,1,1,0,1,0,0,0,1,0,0,0,0,0,0
883,NA,NA,ME,2022-10-16,NA,NA,NA,NA,NA,NA,NA,NA,NA,NA,NA,NA,NA,NA
884,0.41715447630347,0.02836539697363065,ME,2022-10-17,1,1,1,1,1,1,1,1,1,0,1,0,1,1
885,0.140743623198856,0.0301631650824378,ME,2022-10-18,1,1,1,1,1,1,1,1,1,1,1,1,1,1
886,NA,NA,ME,2022-10-19,NA,NA,NA,NA,NA,NA,NA,NA,NA,NA,NA,NA,NA,NA
887,0.0555354452638172,0.03435951378653725,ME,2022-10-20,1,1,1,1,1,1,1,1,1,1,1,1,1,1
888,NA,NA,ME,2022-10-21,NA,NA,NA,NA,NA,NA,NA,NA,NA,NA,NA,NA,NA,NA
889,NA,NA,ME,2022-10-22,NA,NA,NA,NA,NA,NA,NA,NA,NA,NA,NA,NA,NA,NA
890,1.52001226006417,0.693833340058385,ME,2022-10-23,1,0,0,1,0,1,1,1,0,0,1,0,1,1
891,3.12456626441922,0.0457191162364964,ME,2022-10-24,1,1,0,1,0,1,1,1,1,0,1,0,1,1
892,0.0722563993085993,0.0493084370272585,ME,2022-10-25,1,1,1,1,1,1,1,1,1,1,1,1,1,1
893,2.03669430869563,0.0532466656239465,ME,2022-10-26,1,1,0,1,1,1,1,1,1,0,0,1,1,1
894,0.899513954630477,0.057559713322811,ME,2022-10-27,1,1,0,1,1,1,1,1,0,0,1,1,1,1
895,NA,NA,ME,2022-10-28,NA,NA,NA,NA,NA,NA,NA,NA,NA,NA,NA,NA,NA,NA
896,NA,NA,ME,2022-10-29,NA,NA,NA,NA,NA,NA,NA,NA,NA,NA,NA,NA,NA,NA
897,NA,NA,ME,2022-10-30,NA,NA,NA,NA,NA,NA,NA,NA,NA,NA,NA,NA,NA,NA
898,NA,NA,ME,2022-10-31,NA,NA,NA,NA,NA,NA,NA,NA,NA,NA,NA,NA,NA,NA
899,2.74348668447698,0.0856683821999495,ME,2022-11-01,1,1,0,1,0,1,1,1,0,0,0,0,1,1
900,0.947829164697482,0.151718853347068,ME,2022-11-02,1,1,1,1,1,1,1,1,0,0,0,0,1,1
901,NA,NA,ME,2022-11-03,NA,NA,NA,NA,NA,NA,NA,NA,NA,NA,NA,NA,NA,NA
902,NA,NA,ME,2022-11-04,NA,NA,NA,NA,NA,NA,NA,NA,NA,NA,NA,NA,NA,NA
903,NA,NA,ME,2022-11-05,NA,NA,NA,NA,NA,NA,NA,NA,NA,NA,NA,NA,NA,NA
904,0.951921856529219,0.66679632679822,ME,2022-11-06,1,0,1,1,1,1,1,1,0,0,1,1,1,1
905,0.514401004443806,0.206258452965458,ME,2022-11-07,1,1,1,1,1,1,1,1,0,1,1,0,1,1
906,NA,NA,ME,2022-11-08,NA,NA,NA,NA,NA,NA,NA,NA,NA,NA,NA,NA,NA,NA
907,0.596963025515349,0.1588846257874375,ME,2022-11-09,1,1,1,1,1,1,1,1,1,1,1,1,1,1
908,0.240214907317488,0.170788848249288,ME,2022-11-10,1,1,1,1,1,1,1,1,1,1,1,1,1,1
909,0.262003525964101,0.1833103248867055,ME,2022-11-11,1,1,1,1,1,1,1,1,0,0,1,1,1,1
910,NA,NA,ME,2022-11-12,NA,NA,NA,NA,NA,NA,NA,NA,NA,NA,NA,NA,NA,NA
911,NA,NA,ME,2022-11-13,NA,NA,NA,NA,NA,NA,NA,NA,NA,NA,NA,NA,NA,NA
912,NA,NA,ME,2022-11-14,NA,NA,NA,NA,NA,NA,NA,NA,NA,NA,NA,NA,NA,NA
913,NA,NA,ME,2022-11-15,NA,NA,NA,NA,NA,NA,NA,NA,NA,NA,NA,NA,NA,NA
914,0.351899693966995,0.254633842405285,ME,2022-11-16,1,1,1,1,1,1,1,1,1,0,1,0,1,1
915,NA,NA,ME,2022-11-17,NA,NA,NA,NA,NA,NA,NA,NA,NA,NA,NA,NA,NA,NA
916,NA,NA,ME,2022-11-18,NA,NA,NA,NA,NA,NA,NA,NA,NA,NA,NA,NA,NA,NA
917,NA,NA,ME,2022-11-19,NA,NA,NA,NA,NA,NA,NA,NA,NA,NA,NA,NA,NA,NA
918,0.293906882852372,0.19901839397925,ME,2022-11-20,1,1,1,1,1,1,1,1,1,1,1,1,1,1
919,0.455776522694773,0.33777531970155,ME,2022-11-21,1,1,1,1,1,1,1,1,1,1,1,1,1,1
920,0.497971196532145,0.3553625127802825,ME,2022-11-22,1,1,1,1,1,1,1,1,1,0,1,1,0,1
921,NA,NA,ME,2022-11-23,NA,NA,NA,NA,NA,NA,NA,NA,NA,NA,NA,NA,NA,NA
922,NA,NA,ME,2022-11-24,NA,NA,NA,NA,NA,NA,NA,NA,NA,NA,NA,NA,NA,NA
923,NA,NA,ME,2022-11-25,NA,NA,NA,NA,NA,NA,NA,NA,NA,NA,NA,NA,NA,NA
924,NA,NA,ME,2022-11-26,NA,NA,NA,NA,NA,NA,NA,NA,NA,NA,NA,NA,NA,NA
925,3.89388079260943,0.270338829008042,MI,2022-10-16,1,0,0,0,1,1,1,1,0,0,0,0,1,1
926,3.61808133317426,0.226533430071379,MI,2022-10-17,1,1,0,0,1,1,0,1,0,0,0,0,1,0
927,3.89855097638269,0.228639452687586,MI,2022-10-18,1,0,0,1,1,1,1,1,0,0,0,0,0,1
928,3.08806837477429,0.150678248027623,MI,2022-10-19,0,1,1,1,0,0,1,0,0,1,0,0,0,1
929,1.50162131081016,0.1600988079914955,MI,2022-10-20,1,1,1,1,1,1,1,1,0,0,1,0,1,1
930,2.01433229635919,0.232754524156401,MI,2022-10-21,1,1,1,1,1,1,0,1,0,0,0,0,1,0
931,1.48443497341534,0.2189160619675345,MI,2022-10-22,1,1,1,1,1,1,0,1,0,1,1,0,1,0
932,2.73921712155206,0.2005391342826975,MI,2022-10-23,1,1,1,1,0,1,1,1,0,0,0,0,1,1
933,2.86306819736605,0.209287098341761,MI,2022-10-24,1,1,1,0,1,0,1,1,0,0,0,0,0,1
934,2.54477652288673,0.235742012959017,MI,2022-10-25,1,1,1,1,1,1,1,1,0,0,1,0,1,1
935,4.3052441281577,0.184077093754479,MI,2022-10-26,0,1,0,0,1,1,1,0,0,0,0,0,0,1
936,4.64966008410142,0.1812888147749995,MI,2022-10-27,1,0,0,1,0,1,1,1,0,0,0,0,1,1
937,2.67906915537207,0.1975269228164345,MI,2022-10-28,1,1,1,1,0,1,0,1,0,1,0,0,1,0
938,3.93424906884047,0.150596054802853,MI,2022-10-29,1,0,0,1,1,1,1,1,1,1,1,1,1,1
939,1.83306103496998,0.194552692929129,MI,2022-10-30,1,1,1,1,1,1,1,1,0,0,1,0,0,1
940,2.07786649955667,0.2465204061806675,MI,2022-10-31,0,1,1,1,1,1,1,0,0,0,0,0,1,1
941,4.61605843490424,0.267167581448787,MI,2022-11-01,1,0,1,1,1,1,1,1,1,0,0,0,0,1
942,2.45997132355088,0.2599704340814725,MI,2022-11-02,1,1,1,1,1,1,0,1,0,0,0,0,1,0
943,2.80711971785794,0.238916567197038,MI,2022-11-03,1,1,1,1,0,1,1,1,0,0,1,0,1,1
944,1.94171174177415,0.271251291869633,MI,2022-11-04,1,1,1,1,1,1,0,1,0,0,0,0,1,0
945,3.26028652427901,0.241663408326534,MI,2022-11-05,1,1,0,0,0,1,1,1,1,0,0,0,0,1
946,3.43116399772424,0.280380711677749,MI,2022-11-06,0,1,1,0,0,1,1,0,0,0,0,0,1,1
947,2.9119082505314,0.2646523078109875,MI,2022-11-07,1,1,1,1,0,0,1,1,0,0,1,0,0,1
948,5.50295606804894,0.300711452463111,MI,2022-11-08,1,0,1,0,0,1,0,1,0,1,0,0,1,0
949,2.27554273742103,0.2785230242802665,MI,2022-11-09,1,1,1,1,1,1,1,1,0,0,0,0,1,1
950,4.06537495287558,0.2817510304087895,MI,2022-11-10,1,1,0,1,0,1,0,1,1,0,0,0,1,0
951,3.5952708931937,0.2734273375819155,MI,2022-11-11,1,1,0,1,1,1,1,1,1,0,0,0,0,1
952,7.63981624174571,0.2913917213387385,MI,2022-11-12,1,1,0,1,0,1,1,1,0,0,1,0,0,1
953,3.82287539572835,0.2758266937684015,MI,2022-11-13,1,1,0,1,0,1,1,1,0,0,0,0,1,1
954,7.39560737235161,0.3068770277192875,MI,2022-11-14,0,0,0,1,0,0,1,0,1,0,0,0,0,1
955,2.82597423280068,0.30111154953477,MI,2022-11-15,0,1,1,1,1,1,1,0,0,0,1,0,0,1
956,7.58804311245156,0.3295454720347465,MI,2022-11-16,0,1,0,1,0,0,0,0,0,0,0,0,0,0
957,3.26146724568135,0.284148537593725,MI,2022-11-17,0,1,1,1,1,0,1,0,1,0,0,1,0,1
958,5.76136860192951,0.296417422534032,MI,2022-11-18,1,1,0,1,0,1,1,1,0,0,0,0,0,1
959,2.7895306732985,0.333652013905085,MI,2022-11-19,1,0,0,1,0,1,1,1,0,0,1,0,1,1
960,7.03938557797289,0.313110655892854,MI,2022-11-20,0,0,0,1,0,0,0,0,0,0,1,0,0,0
961,9.58632889458629,0.327025679821135,MI,2022-11-21,0,1,0,1,0,0,1,0,0,0,0,0,0,1
962,14.1929701092219,0.3173692948336385,MI,2022-11-22,1,1,0,1,0,0,0,1,1,0,0,0,1,0
963,3.89822807159865,0.275881967792824,MI,2022-11-23,0,1,0,1,1,0,1,0,0,0,1,1,0,1
964,0.692664933985742,0.1879404400469765,MI,2022-11-24,1,1,1,1,1,1,1,1,1,1,0,0,1,1
965,21.0438099277989,0.338536128426125,MI,2022-11-25,1,1,0,1,0,0,0,1,0,0,0,0,0,0
966,5.21184656591875,0.283421802333015,MI,2022-11-26,1,1,0,1,0,1,1,1,0,0,0,0,0,1
967,2.76327942425357,0.083196480772126,MN,2022-10-16,0,1,0,1,1,1,1,1,0,0,1,0,1,1
968,2.6842440233993,0.1326660140155325,MN,2022-10-17,1,0,1,1,0,1,1,1,0,0,1,0,1,1
969,1.94191875626395,0.143014875231791,MN,2022-10-18,1,1,1,1,0,0,1,1,0,0,1,0,0,1
970,5.10122188680709,0.149701686436028,MN,2022-10-19,0,0,1,1,0,1,1,0,0,0,0,0,1,1
971,2.68959916703932,0.1211343732875705,MN,2022-10-20,1,1,0,1,1,0,1,1,1,0,0,0,0,1
972,2.2230183022796,0.1758516874829485,MN,2022-10-21,0,0,1,1,1,1,1,0,0,1,0,0,1,1
973,2.08777969902732,0.1942251032732015,MN,2022-10-22,0,1,1,0,1,1,1,0,0,0,0,0,0,1
974,1.51874594120857,0.2006263132276235,MN,2022-10-23,0,1,1,1,1,1,1,0,1,0,0,0,1,1
975,1.94864692346659,0.1676689072849955,MN,2022-10-24,1,1,1,1,1,1,1,1,0,0,1,0,0,1
976,4.09577842667168,0.25245177120131,MN,2022-10-25,0,1,0,0,0,0,1,0,0,1,0,0,0,1
977,3.64173066602609,0.2011141395890195,MN,2022-10-26,1,1,1,0,0,1,1,1,0,0,0,0,1,1
978,2.59401170887939,0.2114036194478495,MN,2022-10-27,1,1,1,1,0,1,1,1,0,0,0,1,0,1
979,2.15242235478607,0.235574232815149,MN,2022-10-28,0,0,1,1,1,1,1,0,0,1,0,0,1,1
980,3.80276869822767,0.239278414786324,MN,2022-10-29,1,1,1,0,0,1,1,1,1,0,1,0,0,1
981,2.4133663295865,0.1751132249927455,MN,2022-10-30,1,1,0,0,1,1,1,1,0,0,0,0,1,1
982,3.77156081593865,0.2290866462944525,MN,2022-10-31,1,1,1,1,0,1,1,1,1,0,0,0,0,1
983,8.55640901924183,0.326263335296763,MN,2022-11-01,1,1,0,1,1,0,1,1,1,0,0,0,0,1
984,3.38688322659843,0.269622658753127,MN,2022-11-02,1,0,1,0,1,1,0,1,0,0,0,1,0,0
985,4.51857348675074,0.2213499173691425,MN,2022-11-03,1,1,0,1,0,1,1,1,0,0,0,0,1,1
986,3.04017349676268,0.2406561353600985,MN,2022-11-04,0,1,1,0,1,1,1,0,0,0,1,0,0,1
987,2.55047093381894,0.2603132605240855,MN,2022-11-05,1,1,1,0,1,1,1,1,0,0,0,0,0,1
988,1.21769525464307,0.2818884225386895,MN,2022-11-06,1,1,1,1,1,1,1,1,1,0,0,0,0,1
989,2.78790988333497,0.247071763683598,MN,2022-11-07,1,1,1,1,1,0,1,1,0,0,0,0,0,1
990,3.13843035730955,0.258827465578853,MN,2022-11-08,1,1,1,0,1,1,1,1,1,0,0,0,0,1
991,5.00613899950244,0.2809897840378245,MN,2022-11-09,1,1,1,0,0,0,1,1,0,1,0,0,1,1
992,4.47796160064617,0.2849340089836555,MN,2022-11-10,1,0,0,1,0,1,1,1,0,0,0,0,0,1
993,4.95760553113733,0.2392854792404895,MN,2022-11-11,1,1,0,0,0,1,1,1,0,0,1,0,0,1
994,8.07490489700334,0.225434065281634,MN,2022-11-12,1,1,0,0,1,0,1,1,0,0,0,0,0,1
995,4.25393538418094,0.282679398434675,MN,2022-11-13,1,0,0,0,1,0,1,1,0,0,0,0,0,1
996,5.17506398961498,0.279578670756789,MN,2022-11-14,1,1,0,0,1,0,0,1,0,0,0,0,0,0
997,3.7371339688732,0.3085450378097045,MN,2022-11-15,0,1,1,1,0,1,1,0,0,0,0,0,1,1
998,3.82350334212657,0.2894324394598065,MN,2022-11-16,1,1,0,1,1,0,1,1,1,0,0,0,0,1
999,4.37456050755451,0.302683959460275,MN,2022-11-17,0,1,1,1,0,1,1,0,0,0,0,0,1,1
1000,3.78780054431771,0.303566045181555,MN,2022-11-18,1,0,1,1,1,0,1,1,0,0,0,0,0,1
1001,5.2411756038059,0.3081497924347945,MN,2022-11-19,0,1,0,1,0,1,1,0,0,0,1,0,0,1
1002,2.95528105328394,0.2895561589516455,MN,2022-11-20,1,1,1,1,1,0,1,1,0,0,0,1,0,1
1003,4.94703449620422,0.2902701892188425,MN,2022-11-21,1,0,1,1,0,0,0,1,0,0,0,0,0,0
1004,6.72077724191886,0.320652574022921,MN,2022-11-22,1,1,0,1,1,1,0,1,0,0,1,0,0,0
1005,7.58738941171087,0.2740212231182645,MN,2022-11-23,0,1,1,0,0,0,1,0,0,0,0,0,0,1
1006,1.29720276497626,0.2971845443554625,MN,2022-11-24,1,1,1,1,1,1,0,1,1,0,0,0,0,0
1007,8.50887022658292,0.3115021186929015,MN,2022-11-25,0,1,0,0,1,0,1,0,0,0,0,0,0,1
1008,4.64929595323526,0.2940476144854405,MN,2022-11-26,1,1,0,1,1,0,0,1,1,0,0,0,1,0
1009,0.114984508840721,0.02319658930221805,MO,2022-10-16,1,1,1,1,1,1,1,1,1,1,1,1,1,1
1010,1.08959235946193,0.181363848458362,MO,2022-10-17,1,1,1,0,1,1,1,1,0,0,1,0,1,1
1011,3.30146594213782,0.3156799483491815,MO,2022-10-18,1,1,0,1,0,1,1,1,1,0,1,0,1,1
1012,1.84728009491518,0.2519333122003495,MO,2022-10-19,1,1,0,1,1,0,1,1,0,0,0,0,0,1
1013,1.77852364560602,0.0698869016540095,MO,2022-10-20,1,0,0,1,1,1,1,1,0,0,1,0,1,1
1014,1.18554645872479,0.212818049478597,MO,2022-10-21,1,1,1,1,1,1,1,1,0,0,1,1,1,1
1015,1.49537109702978,0.218761804806193,MO,2022-10-22,1,0,1,1,1,1,1,1,0,0,0,0,1,1
1016,1.29120740800629,0.3063144353051105,MO,2022-10-23,1,0,1,1,1,1,1,1,0,0,1,1,1,1
1017,2.17533888504026,0.190635109732076,MO,2022-10-24,1,0,1,0,1,1,1,1,0,0,0,0,1,1
1018,1.28755342648778,0.02999590365603485,MO,2022-10-25,1,1,0,1,1,1,1,1,0,0,1,0,1,1
1019,1.84811970666881,0.105580346312794,MO,2022-10-26,1,0,0,1,1,1,1,1,0,0,1,1,1,1
1020,1.51068075653852,0.190484577961224,MO,2022-10-27,1,0,1,1,1,1,1,1,0,0,1,0,1,1
1021,0.901855740552815,0.1547431464354915,MO,2022-10-28,1,1,1,1,1,1,1,1,0,0,1,0,1,1
1022,0.924473672382574,0.2170451471131375,MO,2022-10-29,1,1,1,1,1,1,1,1,0,0,1,0,1,1
1023,0.806755332510648,0.1971061303065285,MO,2022-10-30,1,1,1,1,1,1,1,1,0,0,0,0,1,1
1024,0.483371516714953,0.1692993909393265,MO,2022-10-31,1,1,1,1,1,1,1,1,1,0,1,0,1,1
1025,1.32747065683352,0.1764830704767545,MO,2022-11-01,1,1,1,1,1,1,0,1,0,1,1,1,1,0
1026,2.34778438422653,0.04582615359467175,MO,2022-11-02,1,1,0,1,0,1,1,1,1,0,1,0,1,1
1027,1.26294979938934,0.234129333033269,MO,2022-11-03,0,1,1,0,1,1,1,0,0,1,0,0,1,1
1028,1.36067120146007,0.214550078122864,MO,2022-11-04,1,0,1,1,1,1,1,1,0,1,1,0,1,1
1029,1.85306566085095,0.317981707122466,MO,2022-11-05,1,1,0,1,0,1,1,1,0,0,1,0,1,1
1030,1.08044873708513,0.158820056036335,MO,2022-11-06,1,1,1,1,1,1,1,1,0,0,0,1,1,1
1031,2.22299285730034,0.225352944053322,MO,2022-11-07,0,1,1,0,0,1,1,0,0,0,0,0,0,1
1032,3.96800144056237,0.3150992443704565,MO,2022-11-08,1,0,1,1,1,1,1,1,0,0,0,0,0,1
1033,5.64854272598171,0.3863663783442645,MO,2022-11-09,1,0,0,1,1,1,1,1,0,0,0,0,1,1
1034,5.98935596227995,0.325765988981182,MO,2022-11-10,1,1,0,1,0,1,1,1,0,0,0,0,0,1
1035,1.53875861212254,0.249573006543443,MO,2022-11-11,1,1,1,0,1,1,1,1,1,0,0,0,1,1
1036,0.382149872905136,0.2990368462097105,MO,2022-11-12,1,1,1,1,1,1,1,1,1,1,1,1,1,1
1037,0.470009111646991,0.1014947226517845,MO,2022-11-13,1,1,1,1,1,1,1,1,1,1,1,1,1,1
1038,0.822985121056052,0.26328669415984,MO,2022-11-14,1,1,1,1,1,1,1,1,0,0,0,0,1,1
1039,3.94600956887431,0.3590218071301995,MO,2022-11-15,1,1,0,0,0,1,1,1,0,0,0,0,0,1
1040,2.12183423011824,0.2744498373406515,MO,2022-11-16,1,0,1,1,1,1,1,1,0,0,0,0,1,1
1041,1.30657252229317,0.301603398716642,MO,2022-11-17,1,1,1,1,1,1,1,1,0,0,1,0,1,1
1042,0.88030156283795,0.3259240751411055,MO,2022-11-18,1,1,1,1,1,1,1,1,0,0,1,0,1,1
1043,0.979440967841711,0.277718223287301,MO,2022-11-19,1,1,1,0,1,1,1,1,1,1,0,0,1,1
1044,0.255210396567062,0.264807311074977,MO,2022-11-20,1,1,1,1,1,1,1,1,1,0,1,0,1,1
1045,1.33250363131685,0.3709124502184175,MO,2022-11-21,1,0,0,1,1,1,1,1,0,0,0,0,1,1
1046,6.50644357425568,0.294308877506354,MO,2022-11-22,1,1,0,0,0,1,0,1,0,0,1,0,1,0
1047,3.43389366814682,0.2423336710996865,MO,2022-11-23,1,1,0,1,1,1,1,1,0,0,0,0,1,1
1048,0.934275765395576,0.4382414617778075,MO,2022-11-24,1,0,1,1,1,1,1,1,0,0,1,0,1,1
1049,2.75116927719536,0.267722897551932,MO,2022-11-25,1,1,0,1,1,1,1,1,1,0,1,0,0,1
1050,10.6167863959732,0.301940380646988,MO,2022-11-26,1,1,0,1,0,1,0,1,0,0,0,0,1,0
1051,NA,NA,MS,2022-10-16,NA,NA,NA,NA,NA,NA,NA,NA,NA,NA,NA,NA,NA,NA
1052,NA,NA,MS,2022-10-17,NA,NA,NA,NA,NA,NA,NA,NA,NA,NA,NA,NA,NA,NA
1053,0.719569317320705,0.2762843012475195,MS,2022-10-18,1,1,1,1,0,1,1,1,1,0,1,0,1,1
1054,NA,NA,MS,2022-10-19,NA,NA,NA,NA,NA,NA,NA,NA,NA,NA,NA,NA,NA,NA
1055,4.66271725102339,0.59087311629904,MS,2022-10-20,1,1,0,0,0,1,1,1,0,0,0,0,1,1
1056,1.37855580747966,0.3193761773922085,MS,2022-10-21,1,1,1,1,0,1,1,1,0,0,1,0,1,1
1057,0.0412943995584452,0.024474189251569,MS,2022-10-22,1,1,1,1,1,1,1,1,1,1,1,1,1,1
1058,NA,NA,MS,2022-10-23,NA,NA,NA,NA,NA,NA,NA,NA,NA,NA,NA,NA,NA,NA
1059,2.72953430902874,0.3499702312151515,MS,2022-10-24,1,1,0,1,0,1,1,1,0,0,1,0,1,1
1060,1.1259176564697,0.815643315295195,MS,2022-10-25,1,1,0,0,1,1,1,1,1,0,0,1,1,1
1061,0.503777638282892,0.03113930924207725,MS,2022-10-26,1,1,1,1,1,1,1,1,1,0,1,0,1,1
1062,0.942023888987893,0.699283803427945,MS,2022-10-27,1,1,0,1,0,1,1,1,1,0,1,0,1,1
1063,0.961500413233215,0.2526798612089315,MS,2022-10-28,1,1,1,1,0,1,1,1,0,0,1,0,1,1
1064,0.070740885632781,0.03851168706922915,MS,2022-10-29,1,1,1,1,1,1,1,1,1,1,1,1,1,1
1065,NA,NA,MS,2022-10-30,NA,NA,NA,NA,NA,NA,NA,NA,NA,NA,NA,NA,NA,NA
1066,0.241107882140683,0.04491122751745335,MS,2022-10-31,1,1,1,1,1,1,1,1,1,1,1,1,1,1
1067,NA,NA,MS,2022-11-01,NA,NA,NA,NA,NA,NA,NA,NA,NA,NA,NA,NA,NA,NA
1068,NA,NA,MS,2022-11-02,NA,NA,NA,NA,NA,NA,NA,NA,NA,NA,NA,NA,NA,NA
1069,0.113972701251009,0.0572967834058,MS,2022-11-03,1,1,1,1,1,1,1,1,1,1,1,1,1,1
1070,0.781799615893759,0.580202650485495,MS,2022-11-04,1,1,1,1,0,1,1,1,1,0,1,0,1,1
1071,NA,NA,MS,2022-11-05,NA,NA,NA,NA,NA,NA,NA,NA,NA,NA,NA,NA,NA,NA
1072,NA,NA,MS,2022-11-06,NA,NA,NA,NA,NA,NA,NA,NA,NA,NA,NA,NA,NA,NA
1073,0.327323813818598,0.2291645782458695,MS,2022-11-07,1,1,1,1,1,1,1,1,1,0,1,0,1,1
1074,0.328829276326799,0.2277290741992875,MS,2022-11-08,1,1,1,1,1,1,1,1,1,1,1,1,1,1
1075,0.155632392232079,0.0951508589332335,MS,2022-11-09,1,1,1,1,1,1,1,1,1,1,1,1,1,1
1076,2.11411919499994,0.470399928725445,MS,2022-11-10,1,1,0,1,0,1,1,1,0,0,1,0,1,1
1077,0.173896833106022,0.112524534669601,MS,2022-11-11,1,1,1,1,1,1,1,1,1,1,1,1,1,1
1078,0.587001568869521,0.431739704314171,MS,2022-11-12,1,1,1,1,1,1,1,1,1,0,1,0,1,1
1079,0.535208502548196,0.2724520302438985,MS,2022-11-13,1,1,1,1,1,1,1,1,0,1,1,0,1,1
1080,1.00577469143238,0.1436945884875275,MS,2022-11-14,1,1,0,1,1,1,1,1,1,0,1,0,1,1
1081,1.68757464789029,0.373551297521258,MS,2022-11-15,1,1,0,1,0,1,1,1,1,1,1,0,0,1
1082,0.452244439479772,0.3543772621799495,MS,2022-11-16,1,1,1,1,1,1,1,1,1,1,1,1,1,1
1083,1.05970319684926,0.296885606571479,MS,2022-11-17,1,1,1,1,0,1,1,1,1,0,1,0,1,1
1084,0.539670196051212,0.2762454639288815,MS,2022-11-18,1,1,1,1,1,1,1,1,0,1,1,0,1,1
1085,0.318779618448053,0.20982510060713,MS,2022-11-19,1,1,1,1,1,1,1,1,1,1,1,1,1,1
1086,NA,NA,MS,2022-11-20,NA,NA,NA,NA,NA,NA,NA,NA,NA,NA,NA,NA,NA,NA
1087,1.23944230695429,0.2587289576442545,MS,2022-11-21,1,1,1,1,0,1,1,1,1,0,1,0,1,1
1088,1.4211079509716,0.432931583509775,MS,2022-11-22,1,0,1,1,1,1,0,1,0,1,1,0,1,0
1089,0.424598275532061,0.274704981664031,MS,2022-11-23,1,1,1,1,1,1,1,1,1,0,1,0,1,1
1090,0.291063323653054,0.214149186934592,MS,2022-11-24,1,1,1,1,1,1,1,1,1,0,1,0,1,1
1091,0.960737625468734,0.69268125664521,MS,2022-11-25,1,0,1,1,1,1,1,1,0,0,1,1,1,1
1092,NA,NA,MS,2022-11-26,NA,NA,NA,NA,NA,NA,NA,NA,NA,NA,NA,NA,NA,NA
1093,0.109236481299294,0.026131783740831,MT,2022-10-16,1,1,1,1,1,1,1,1,0,0,1,1,1,1
1094,0.112574640263099,0.02806742816244625,MT,2022-10-17,1,1,1,1,1,1,1,1,1,1,1,1,1,1
1095,NA,NA,MT,2022-10-18,NA,NA,NA,NA,NA,NA,NA,NA,NA,NA,NA,NA,NA,NA
1096,NA,NA,MT,2022-10-19,NA,NA,NA,NA,NA,NA,NA,NA,NA,NA,NA,NA,NA,NA
1097,NA,NA,MT,2022-10-20,NA,NA,NA,NA,NA,NA,NA,NA,NA,NA,NA,NA,NA,NA
1098,NA,NA,MT,2022-10-21,NA,NA,NA,NA,NA,NA,NA,NA,NA,NA,NA,NA,NA,NA
1099,NA,NA,MT,2022-10-22,NA,NA,NA,NA,NA,NA,NA,NA,NA,NA,NA,NA,NA,NA
1100,NA,NA,MT,2022-10-23,NA,NA,NA,NA,NA,NA,NA,NA,NA,NA,NA,NA,NA,NA
1101,NA,NA,MT,2022-10-24,NA,NA,NA,NA,NA,NA,NA,NA,NA,NA,NA,NA,NA,NA
1102,NA,NA,MT,2022-10-25,NA,NA,NA,NA,NA,NA,NA,NA,NA,NA,NA,NA,NA,NA
1103,0.0685537477884095,0.0590104044793265,MT,2022-10-26,1,1,1,1,1,1,1,1,0,0,1,1,1,1
1104,NA,NA,MT,2022-10-27,NA,NA,NA,NA,NA,NA,NA,NA,NA,NA,NA,NA,NA,NA
1105,0.0748956188003221,0.070507708508253,MT,2022-10-28,1,1,1,1,1,1,1,1,1,1,1,1,1,1
1106,NA,NA,MT,2022-10-29,NA,NA,NA,NA,NA,NA,NA,NA,NA,NA,NA,NA,NA,NA
1107,NA,NA,MT,2022-10-30,NA,NA,NA,NA,NA,NA,NA,NA,NA,NA,NA,NA,NA,NA
1108,NA,NA,MT,2022-10-31,NA,NA,NA,NA,NA,NA,NA,NA,NA,NA,NA,NA,NA,NA
1109,NA,NA,MT,2022-11-01,NA,NA,NA,NA,NA,NA,NA,NA,NA,NA,NA,NA,NA,NA
1110,NA,NA,MT,2022-11-02,NA,NA,NA,NA,NA,NA,NA,NA,NA,NA,NA,NA,NA,NA
1111,NA,NA,MT,2022-11-03,NA,NA,NA,NA,NA,NA,NA,NA,NA,NA,NA,NA,NA,NA
1112,NA,NA,MT,2022-11-04,NA,NA,NA,NA,NA,NA,NA,NA,NA,NA,NA,NA,NA,NA
1113,NA,NA,MT,2022-11-05,NA,NA,NA,NA,NA,NA,NA,NA,NA,NA,NA,NA,NA,NA
1114,NA,NA,MT,2022-11-06,NA,NA,NA,NA,NA,NA,NA,NA,NA,NA,NA,NA,NA,NA
1115,NA,NA,MT,2022-11-07,NA,NA,NA,NA,NA,NA,NA,NA,NA,NA,NA,NA,NA,NA
1116,NA,NA,MT,2022-11-08,NA,NA,NA,NA,NA,NA,NA,NA,NA,NA,NA,NA,NA,NA
1117,NA,NA,MT,2022-11-09,NA,NA,NA,NA,NA,NA,NA,NA,NA,NA,NA,NA,NA,NA
1118,NA,NA,MT,2022-11-10,NA,NA,NA,NA,NA,NA,NA,NA,NA,NA,NA,NA,NA,NA
1119,NA,NA,MT,2022-11-11,NA,NA,NA,NA,NA,NA,NA,NA,NA,NA,NA,NA,NA,NA
1120,NA,NA,MT,2022-11-12,NA,NA,NA,NA,NA,NA,NA,NA,NA,NA,NA,NA,NA,NA
1121,NA,NA,MT,2022-11-13,NA,NA,NA,NA,NA,NA,NA,NA,NA,NA,NA,NA,NA,NA
1122,NA,NA,MT,2022-11-14,NA,NA,NA,NA,NA,NA,NA,NA,NA,NA,NA,NA,NA,NA
1123,NA,NA,MT,2022-11-15,NA,NA,NA,NA,NA,NA,NA,NA,NA,NA,NA,NA,NA,NA
1124,NA,NA,MT,2022-11-16,NA,NA,NA,NA,NA,NA,NA,NA,NA,NA,NA,NA,NA,NA
1125,NA,NA,MT,2022-11-17,NA,NA,NA,NA,NA,NA,NA,NA,NA,NA,NA,NA,NA,NA
1126,NA,NA,MT,2022-11-18,NA,NA,NA,NA,NA,NA,NA,NA,NA,NA,NA,NA,NA,NA
1127,NA,NA,MT,2022-11-19,NA,NA,NA,NA,NA,NA,NA,NA,NA,NA,NA,NA,NA,NA
1128,NA,NA,MT,2022-11-20,NA,NA,NA,NA,NA,NA,NA,NA,NA,NA,NA,NA,NA,NA
1129,0.27119805647106,0.272759920105105,MT,2022-11-21,1,1,1,1,1,1,1,1,1,0,0,1,1,1
1130,0.445608595885961,0.4316917111018685,MT,2022-11-22,1,1,1,1,1,1,1,1,1,1,1,1,1,1
1131,NA,NA,MT,2022-11-23,NA,NA,NA,NA,NA,NA,NA,NA,NA,NA,NA,NA,NA,NA
1132,NA,NA,MT,2022-11-24,NA,NA,NA,NA,NA,NA,NA,NA,NA,NA,NA,NA,NA,NA
1133,NA,NA,MT,2022-11-25,NA,NA,NA,NA,NA,NA,NA,NA,NA,NA,NA,NA,NA,NA
1134,0.204186558169992,0.086132855547891,MT,2022-11-26,1,1,1,1,1,1,1,1,1,1,0,0,1,1
1135,2.31122551831788,0.253309607383661,NC,2022-10-16,1,1,1,0,1,1,0,1,0,0,0,0,1,0
1136,4.08093923562582,0.2434719147824785,NC,2022-10-17,0,0,1,1,1,1,0,0,0,0,0,0,0,0
1137,1.73642247355382,0.2321982262151945,NC,2022-10-18,1,1,1,1,1,1,1,1,0,0,0,0,1,1
1138,2.90291400696076,0.227045199206093,NC,2022-10-19,0,1,1,0,0,1,1,0,0,0,0,0,0,1
1139,2.76945859897961,0.221015456711057,NC,2022-10-20,1,1,1,1,0,0,1,1,0,0,0,0,0,1
1140,2.14830273057293,0.2287911123785735,NC,2022-10-21,1,1,1,1,1,1,1,1,0,0,0,0,1,1
1141,1.7424942477441001,0.239245078399433,NC,2022-10-22,1,1,1,1,0,1,1,1,0,0,1,0,0,1
1142,1.77684907599908,0.2386261732938065,NC,2022-10-23,1,1,1,1,1,0,1,1,0,0,0,0,0,1
1143,3.27037830180614,0.2760012977360185,NC,2022-10-24,1,1,1,0,1,0,0,1,0,0,0,0,1,0
1144,2.01507068206689,0.2863750013763585,NC,2022-10-25,1,1,1,1,1,1,1,1,1,0,0,0,1,1
1145,2.63724217235481,0.2689510009933635,NC,2022-10-26,0,1,1,1,1,1,1,0,0,0,0,0,0,1
1146,2.18806710538366,0.260767048172793,NC,2022-10-27,1,1,1,1,1,1,0,1,0,0,0,0,1,0
1147,8.24453978285721,0.203777211022398,NC,2022-10-28,1,1,0,0,0,1,1,1,0,0,0,0,0,1
1148,2.95419611040751,0.29521363363995,NC,2022-10-29,1,0,1,1,1,1,1,1,0,0,1,0,1,1
1149,1.85246835831838,0.269349711396705,NC,2022-10-30,0,1,1,1,1,1,1,0,0,0,0,0,1,1
1150,2.78898725979879,0.295889862955903,NC,2022-10-31,1,1,1,1,1,1,0,1,0,0,0,0,0,0
1151,3.88839474089341,0.280112769894199,NC,2022-11-01,1,1,1,0,1,1,0,1,0,0,0,0,0,0
1152,4.67068398582332,0.2718256431413845,NC,2022-11-02,1,1,0,1,0,1,1,1,0,0,0,0,1,1
1153,7.191713617709,0.2679261043234265,NC,2022-11-03,1,0,0,1,1,1,1,1,0,0,1,0,0,1
1154,3.55734710841832,0.297852826147035,NC,2022-11-04,1,1,1,1,0,1,1,1,0,0,0,0,1,1
1155,2.39677589295821,0.2714752361826785,NC,2022-11-05,1,0,0,1,1,1,1,1,0,1,0,0,1,1
1156,3.94346301135054,0.3110946102826445,NC,2022-11-06,1,0,1,1,0,1,0,1,0,0,0,0,0,0
1157,7.25950175508988,0.2980905498810885,NC,2022-11-07,0,1,0,0,0,1,0,0,0,0,0,0,1,0
1158,4.0940259167715,0.291006269779117,NC,2022-11-08,1,1,0,1,1,1,1,1,0,0,1,0,0,1
1159,2.7034139564908,0.3126972536973915,NC,2022-11-09,1,1,1,0,1,1,1,1,1,0,0,0,0,1
1160,3.84735485836029,0.346054181281529,NC,2022-11-10,1,1,1,0,0,1,1,1,0,0,0,0,0,1
1161,2.67133974689418,0.348762542980914,NC,2022-11-11,1,1,1,0,1,1,1,1,1,0,0,0,1,1
1162,1.97227175224798,0.3262145907552505,NC,2022-11-12,1,1,1,1,1,1,1,1,0,0,0,0,0,1
1163,4.09085702729761,0.342141650265461,NC,2022-11-13,1,1,0,1,0,1,0,1,0,0,0,0,0,0
1164,7.00360099796872,0.3012305851860555,NC,2022-11-14,1,0,0,1,1,0,1,1,0,0,1,0,0,1
1165,7.3911123883634,0.274757590522408,NC,2022-11-15,1,0,0,1,1,1,1,1,0,0,1,0,0,1
1166,3.21315938558478,0.322515266704137,NC,2022-11-16,0,1,1,0,1,0,1,0,0,0,0,0,0,1
1167,14.2761832110905,0.320981362582552,NC,2022-11-17,1,0,0,1,0,1,1,1,0,0,0,0,0,1
1168,2.9603431716203,0.3179414460532275,NC,2022-11-18,1,1,0,1,1,1,0,1,0,0,1,0,0,0
1169,6.16429994318913,0.343933783259062,NC,2022-11-19,1,1,0,0,0,1,1,1,0,0,0,0,0,1
1170,2.64654189925328,0.262673787436496,NC,2022-11-20,1,1,1,1,0,1,1,1,0,0,0,0,1,1
1171,8.69682877750582,0.360560037870623,NC,2022-11-21,1,1,0,0,0,0,0,1,0,0,0,0,0,0
1172,7.41845487098275,0.317608576574803,NC,2022-11-22,0,1,0,1,0,1,0,0,0,0,1,0,0,0
1173,14.8157719641021,0.36867280280084,NC,2022-11-23,1,0,0,0,0,1,0,1,0,0,1,0,0,0
1174,0.161892846957853,0.1045926507481695,NC,2022-11-24,1,1,1,1,1,1,1,1,1,0,1,0,1,1
1175,11.9162434970401,0.3265610771752425,NC,2022-11-25,1,1,0,1,0,0,0,1,0,0,0,0,0,0
1176,4.87687720570387,0.302755956434053,NC,2022-11-26,1,0,0,1,1,1,1,1,0,0,0,0,0,1
1177,NA,NA,ND,2022-10-16,NA,NA,NA,NA,NA,NA,NA,NA,NA,NA,NA,NA,NA,NA
1178,0.461111447739169,0.0183716683851152,ND,2022-10-17,1,1,1,1,1,1,1,1,1,0,0,1,1,1
1179,0.403635086657491,0.01985169918125635,ND,2022-10-18,1,1,1,1,1,1,1,1,1,1,1,1,1,1
1180,0.291730819937139,0.02150659950374925,ND,2022-10-19,1,1,1,1,1,1,1,1,1,1,1,1,1,1
1181,0.319339740555102,0.02335525534636735,ND,2022-10-20,1,1,1,1,1,1,1,1,1,1,1,1,1,1
1182,0.738508424558453,0.02541818263967615,ND,2022-10-21,1,1,1,1,1,1,1,1,1,0,0,0,1,1
1183,NA,NA,ND,2022-10-22,NA,NA,NA,NA,NA,NA,NA,NA,NA,NA,NA,NA,NA,NA
1184,NA,NA,ND,2022-10-23,NA,NA,NA,NA,NA,NA,NA,NA,NA,NA,NA,NA,NA,NA
1185,0.439990687389448,0.03312272817675105,ND,2022-10-24,1,1,1,1,1,1,1,1,1,1,1,1,1,1
1186,0.315404755610779,0.03628111188475955,ND,2022-10-25,1,1,1,1,1,1,1,1,0,0,1,1,1,1
1187,0.310898549416929,0.0397809751557455,ND,2022-10-26,1,1,1,1,1,1,1,1,1,1,1,1,1,1
1188,0.760739780267901,0.186930385634635,ND,2022-10-27,1,1,1,0,1,1,1,1,1,1,1,1,1,1
1189,0.186535888926484,0.0479259527541666,ND,2022-10-28,1,1,1,1,1,1,1,1,1,0,1,0,1,1
1190,NA,NA,ND,2022-10-29,NA,NA,NA,NA,NA,NA,NA,NA,NA,NA,NA,NA,NA,NA
1191,0.0796889825344331,0.057808967102808,ND,2022-10-30,1,1,1,1,1,1,1,1,1,1,1,1,1,1
1192,0.0852786333530516,0.063483347227021,ND,2022-10-31,1,1,1,1,1,1,1,1,1,1,1,1,1,1
1193,0.091862094467039,0.0696894983197645,ND,2022-11-01,1,1,1,1,1,1,1,1,1,1,1,1,1,1
1194,1.24081480273769,0.168056002808943,ND,2022-11-02,1,1,1,1,0,1,1,1,1,1,0,0,1,1
1195,0.571869774976031,0.083821753238753,ND,2022-11-03,1,1,1,1,1,1,1,1,1,0,1,0,1,1
1196,0.858963938791925,0.149879384578254,ND,2022-11-04,1,1,1,1,1,1,1,1,1,0,0,1,1,1
1197,NA,NA,ND,2022-11-05,NA,NA,NA,NA,NA,NA,NA,NA,NA,NA,NA,NA,NA,NA
1198,NA,NA,ND,2022-11-06,NA,NA,NA,NA,NA,NA,NA,NA,NA,NA,NA,NA,NA,NA
1199,3.0161180064135,0.1442686944059365,ND,2022-11-07,1,1,0,1,0,1,1,1,0,0,0,0,1,1
1200,2.26781574849586,0.130415955135277,ND,2022-11-08,1,1,0,1,0,1,1,1,0,0,1,0,1,1
1201,0.614346533611061,0.39890356436433,ND,2022-11-09,1,1,1,1,1,1,1,1,1,1,0,0,1,1
1202,0.198064158961899,0.1539271780510885,ND,2022-11-10,1,1,1,1,1,1,1,1,1,1,1,1,1,1
1203,0.215910091620398,0.1667485077820855,ND,2022-11-11,1,1,1,1,1,1,1,1,1,0,1,0,1,1
1204,NA,NA,ND,2022-11-12,NA,NA,NA,NA,NA,NA,NA,NA,NA,NA,NA,NA,NA,NA
1205,NA,NA,ND,2022-11-13,NA,NA,NA,NA,NA,NA,NA,NA,NA,NA,NA,NA,NA,NA
1206,2.59846641959993,0.2093385635616525,ND,2022-11-14,1,1,0,1,0,1,1,1,1,0,1,0,1,1
1207,2.98968289880538,0.2791649563761925,ND,2022-11-15,1,1,0,1,0,1,1,1,1,0,1,0,1,1
1208,NA,NA,ND,2022-11-16,NA,NA,NA,NA,NA,NA,NA,NA,NA,NA,NA,NA,NA,NA
1209,1.53468497344198,0.3646288452183425,ND,2022-11-17,1,0,1,1,0,1,1,1,0,0,1,0,1,1
1210,0.367213349968345,0.233994665158459,ND,2022-11-18,1,1,1,1,1,1,1,1,1,1,1,1,1,1
1211,NA,NA,ND,2022-11-19,NA,NA,NA,NA,NA,NA,NA,NA,NA,NA,NA,NA,NA,NA
1212,NA,NA,ND,2022-11-20,NA,NA,NA,NA,NA,NA,NA,NA,NA,NA,NA,NA,NA,NA
1213,2.20470804404044,0.3286378042828125,ND,2022-11-21,1,1,0,1,0,1,1,1,1,0,1,0,1,1
1214,0.8025221847859,0.2785236305530455,ND,2022-11-22,1,1,1,1,1,1,1,1,1,0,1,0,1,1
1215,0.861470642037611,0.2846676745491335,ND,2022-11-23,1,1,1,1,1,1,1,1,1,0,1,0,1,1
1216,NA,NA,ND,2022-11-24,NA,NA,NA,NA,NA,NA,NA,NA,NA,NA,NA,NA,NA,NA
1217,0.225371689465922,0.139041561665964,ND,2022-11-25,1,1,1,1,1,1,1,1,1,1,1,1,1,1
1218,NA,NA,ND,2022-11-26,NA,NA,NA,NA,NA,NA,NA,NA,NA,NA,NA,NA,NA,NA
1219,0.0724764048478565,0.02198545892515135,NE,2022-10-16,1,1,1,1,1,1,1,1,1,1,1,1,1,1
1220,0.0775749931022533,0.0230889806378274,NE,2022-10-17,1,1,1,1,1,1,1,1,1,1,1,1,1,1
1221,0.0237706389105047,0.0243233368454395,NE,2022-10-18,1,1,1,1,1,1,1,1,1,1,1,1,1,1
1222,NA,NA,NE,2022-10-19,NA,NA,NA,NA,NA,NA,NA,NA,NA,NA,NA,NA,NA,NA
1223,NA,NA,NE,2022-10-20,NA,NA,NA,NA,NA,NA,NA,NA,NA,NA,NA,NA,NA,NA
1224,0.0810487498530526,0.02895058432994115,NE,2022-10-21,1,1,1,1,1,1,1,1,1,1,1,1,1,1
1225,0.027137386423034,0.0308532032691558,NE,2022-10-22,1,1,1,1,1,1,1,1,1,1,1,1,1,1
1226,0.0298676105547303,0.03296494047263335,NE,2022-10-23,1,1,1,1,1,1,1,1,1,0,1,0,1,1
1227,0.298393686338167,0.035304970780192,NE,2022-10-24,1,1,1,1,1,1,1,1,1,1,1,1,1,1
1228,0.556694384961582,0.1980331125446015,NE,2022-10-25,1,1,1,1,1,1,1,1,1,1,1,1,1,1
1229,0.203465132074061,0.0407522499275625,NE,2022-10-26,1,1,1,1,1,1,1,1,0,0,1,1,1,1
1230,0.124302224248806,0.04390329073328485,NE,2022-10-27,1,1,1,1,1,1,1,1,1,1,1,1,1,1
1231,0.13263141616641,0.0473700125248961,NE,2022-10-28,1,1,1,1,1,1,1,1,1,1,1,1,1,1
1232,0.74708486361951,0.3365961686964575,NE,2022-10-29,1,1,1,1,0,1,1,1,0,0,1,0,1,1
1233,0.431098584428638,0.055347161564616,NE,2022-10-30,1,1,1,1,1,1,1,1,0,0,1,1,1,1
1234,0.850317862647034,0.3852265563496635,NE,2022-10-31,1,0,1,1,1,1,1,1,0,1,1,0,1,1
1235,0.472730639631976,0.0648813787739275,NE,2022-11-01,1,1,1,1,1,1,1,1,1,0,1,0,0,1
1236,0.185457665885827,0.0702948112169225,NE,2022-11-02,1,1,1,1,1,1,1,1,0,0,1,1,1,1
1237,0.0634747270651321,0.0761718213431915,NE,2022-11-03,1,1,1,1,1,1,1,1,1,1,1,1,1,1
1238,0.776360326204895,0.205150203441253,NE,2022-11-04,1,0,1,1,1,1,1,1,0,0,1,0,1,1
1239,NA,NA,NE,2022-11-05,NA,NA,NA,NA,NA,NA,NA,NA,NA,NA,NA,NA,NA,NA
1240,0.364629822926825,0.194689165134562,NE,2022-11-06,1,1,1,1,1,1,1,1,0,1,1,0,1,1
1241,NA,NA,NE,2022-11-07,NA,NA,NA,NA,NA,NA,NA,NA,NA,NA,NA,NA,NA,NA
1242,0.797748564912396,0.452240784791706,NE,2022-11-08,1,1,1,1,0,1,1,1,0,1,1,0,1,1
1243,0.869974067079623,0.3157054324761055,NE,2022-11-09,1,1,1,0,1,1,1,1,1,0,0,1,1,1
1244,0.446208436298903,0.273982891311629,NE,2022-11-10,1,1,1,1,1,1,1,1,0,0,1,1,1,1
1245,0.738274690353486,0.39775998742835,NE,2022-11-11,1,1,1,1,0,1,1,1,1,1,1,1,1,1
1246,0.636631527276008,0.153237417208032,NE,2022-11-12,1,1,1,1,1,1,1,1,1,0,1,0,0,1
1247,0.407779724720209,0.164718129478398,NE,2022-11-13,1,1,1,1,1,1,1,1,1,0,1,0,1,1
1248,2.77126478735518,0.3843372822548495,NE,2022-11-14,1,0,0,1,0,1,1,1,0,0,0,0,0,1
1249,0.898983310710229,0.3502079926266805,NE,2022-11-15,1,0,1,1,1,1,1,1,1,0,1,0,0,1
1250,0.918364830892306,0.394689914696393,NE,2022-11-16,1,0,1,1,1,1,1,1,1,1,1,1,1,1
1251,0.301295958679857,0.2547068140650835,NE,2022-11-17,1,1,1,1,1,1,1,1,1,0,1,0,1,1
1252,0.531910214865779,0.27667074871754,NE,2022-11-18,1,1,1,1,1,1,1,1,0,1,1,0,1,1
1253,0.232142901580107,0.2455024608531895,NE,2022-11-19,1,1,1,1,1,1,1,1,1,0,1,0,1,1
1254,NA,NA,NE,2022-11-20,NA,NA,NA,NA,NA,NA,NA,NA,NA,NA,NA,NA,NA,NA
1255,1.05818332665789,0.276405128412867,NE,2022-11-21,1,1,0,1,1,1,1,1,1,0,1,0,1,1
1256,1.10963965651987,0.464889139012767,NE,2022-11-22,1,1,1,1,1,1,0,1,0,0,1,0,1,0
1257,0.440230897011112,0.2556731090445585,NE,2022-11-23,1,1,1,1,1,1,1,1,1,0,1,0,1,1
1258,NA,NA,NE,2022-11-24,NA,NA,NA,NA,NA,NA,NA,NA,NA,NA,NA,NA,NA,NA
1259,0.821072526318756,0.3424139899795605,NE,2022-11-25,1,1,0,1,1,1,1,1,1,0,1,0,1,1
1260,1.35826870500132,0.359520976493936,NE,2022-11-26,1,1,0,1,0,1,1,1,1,0,1,0,1,1
1261,0.317852054770113,0.01506415568611305,NH,2022-10-16,1,1,1,1,1,1,1,1,1,1,1,1,1,1
1262,0.0708868885107198,0.01573477810391055,NH,2022-10-17,1,1,1,1,1,1,1,1,0,0,1,1,1,1
1263,0.635448681918972,0.1736889633400395,NH,2022-10-18,1,1,1,1,0,1,1,1,1,0,1,0,1,1
1264,0.579198841417106,0.094250745394074,NH,2022-10-19,1,1,1,1,1,1,1,1,0,0,1,1,1,1
1265,NA,NA,NH,2022-10-20,NA,NA,NA,NA,NA,NA,NA,NA,NA,NA,NA,NA,NA,NA
1266,0.085993656046928,0.01936081190322305,NH,2022-10-21,1,1,1,1,1,1,1,1,1,1,1,1,1,1
1267,1.80612312969672,0.3995003885521425,NH,2022-10-22,1,0,0,1,1,1,1,1,0,0,1,1,1,1
1268,0.103155049004645,0.0218996274772261,NH,2022-10-23,1,1,1,1,1,1,1,1,1,1,1,1,1,1
1269,1.32699267525376,0.265302565649963,NH,2022-10-24,1,1,1,1,0,1,1,1,0,0,1,0,1,1
1270,0.104010773796791,0.02507348381248665,NH,2022-10-25,1,1,1,1,1,1,1,1,1,0,1,0,1,1
1271,0.234709224479923,0.0269417844518424,NH,2022-10-26,1,1,1,1,1,1,1,1,1,1,1,1,1,1
1272,NA,NA,NH,2022-10-27,NA,NA,NA,NA,NA,NA,NA,NA,NA,NA,NA,NA,NA,NA
1273,0.496053952267259,0.1991102272268455,NH,2022-10-28,1,1,1,1,1,1,1,1,1,0,1,0,1,1
1274,1.0549113515824,0.3176360715850625,NH,2022-10-29,1,1,1,0,1,1,1,1,1,0,0,1,1,1
1275,0.290719840584765,0.03677504539969845,NH,2022-10-30,1,1,1,1,1,1,1,1,1,0,1,0,1,1
1276,0.811804830345712,0.0399429113351442,NH,2022-10-31,1,1,0,1,1,1,1,1,0,0,1,0,1,1
1277,0.175483953762612,0.0434477520383595,NH,2022-11-01,1,1,1,1,1,1,1,1,0,0,1,1,1,1
1278,0.0612784958304636,0.04731857247487235,NH,2022-11-02,1,1,1,1,1,1,1,1,1,1,1,1,1,1
1279,NA,NA,NH,2022-11-03,NA,NA,NA,NA,NA,NA,NA,NA,NA,NA,NA,NA,NA,NA
1280,0.0723837633869672,0.0562796787814545,NH,2022-11-04,1,1,1,1,1,1,1,1,1,1,1,1,1,1
1281,1.03416144405884,0.72259941723362,NH,2022-11-05,1,0,1,1,1,1,1,1,0,0,1,1,1,1
1282,2.24123011350604,0.4289569537285875,NH,2022-11-06,1,1,0,0,0,1,1,1,0,0,0,0,1,1
1283,NA,NA,NH,2022-11-07,NA,NA,NA,NA,NA,NA,NA,NA,NA,NA,NA,NA,NA,NA
1284,NA,NA,NH,2022-11-08,NA,NA,NA,NA,NA,NA,NA,NA,NA,NA,NA,NA,NA,NA
1285,NA,NA,NH,2022-11-09,NA,NA,NA,NA,NA,NA,NA,NA,NA,NA,NA,NA,NA,NA
1286,0.12398287253935,0.0951900460630585,NH,2022-11-10,1,1,1,1,1,1,1,1,1,0,1,0,1,1
1287,NA,NA,NH,2022-11-11,NA,NA,NA,NA,NA,NA,NA,NA,NA,NA,NA,NA,NA,NA
1288,1.03636316242514,0.72285971426839,NH,2022-11-12,1,1,1,1,1,0,1,1,1,0,1,1,0,1
1289,0.159604083740204,0.122881063600672,NH,2022-11-13,1,1,1,1,1,1,1,1,1,0,0,1,1,1
1290,0.783139013819277,0.341474927507363,NH,2022-11-14,1,0,1,1,1,1,1,1,0,0,1,0,1,1
1291,NA,NA,NH,2022-11-15,NA,NA,NA,NA,NA,NA,NA,NA,NA,NA,NA,NA,NA,NA
1292,NA,NA,NH,2022-11-16,NA,NA,NA,NA,NA,NA,NA,NA,NA,NA,NA,NA,NA,NA
1293,NA,NA,NH,2022-11-17,NA,NA,NA,NA,NA,NA,NA,NA,NA,NA,NA,NA,NA,NA
1294,0.511777470588466,0.3341720697182055,NH,2022-11-18,1,1,1,1,1,1,1,1,1,0,1,0,1,1
1295,1.29447973163956,0.3797354589957515,NH,2022-11-19,1,0,1,1,1,0,1,1,0,0,1,0,0,1
1296,0.463519200535858,0.2971481406996325,NH,2022-11-20,1,1,1,1,1,1,1,1,1,0,1,0,1,1
1297,0.285374720306547,0.2276897621935085,NH,2022-11-21,1,1,1,1,1,1,1,1,1,1,1,1,1,1
1298,NA,NA,NH,2022-11-22,NA,NA,NA,NA,NA,NA,NA,NA,NA,NA,NA,NA,NA,NA
1299,NA,NA,NH,2022-11-23,NA,NA,NA,NA,NA,NA,NA,NA,NA,NA,NA,NA,NA,NA
1300,NA,NA,NH,2022-11-24,NA,NA,NA,NA,NA,NA,NA,NA,NA,NA,NA,NA,NA,NA
1301,NA,NA,NH,2022-11-25,NA,NA,NA,NA,NA,NA,NA,NA,NA,NA,NA,NA,NA,NA
1302,0.905405213457233,0.4093968314668355,NH,2022-11-26,1,1,1,1,1,1,0,1,1,0,1,0,0,0
1303,2.19401992932912,0.287099048968785,NJ,2022-10-16,1,0,1,1,1,1,1,1,0,0,0,0,1,1
1304,3.68680977223026,0.3436049025933575,NJ,2022-10-17,1,0,0,1,1,1,1,1,0,0,1,0,1,1
1305,1.38892594155309,0.355166571289513,NJ,2022-10-18,1,1,0,1,1,1,1,1,1,0,0,1,1,1
1306,7.90615035241184,0.309488200473299,NJ,2022-10-19,1,1,0,0,0,1,0,1,1,0,0,0,1,0
1307,NA,NA,NJ,2022-10-20,NA,NA,NA,NA,NA,NA,NA,NA,NA,NA,NA,NA,NA,NA
1308,0.57128798374013,0.148014342760565,NJ,2022-10-21,1,1,1,1,1,1,1,1,1,1,1,1,1,1
1309,5.17404982993,0.319073322298208,NJ,2022-10-22,1,0,1,0,1,1,0,0,0,0,0,0,1,0
1310,6.31506831315366,0.2708100005911455,NJ,2022-10-23,1,1,0,0,0,1,0,1,0,1,0,0,1,0
1311,3.91607581386687,0.302485064081874,NJ,2022-10-24,1,1,1,1,1,1,1,1,0,0,0,0,1,1
1312,0.457750241568001,0.3180550197171485,NJ,2022-10-25,1,1,1,1,1,1,1,1,1,1,0,0,1,1
1313,4.72157169138677,0.3218720308434625,NJ,2022-10-26,0,1,1,0,0,1,1,0,0,0,0,0,0,1
1314,2.19720086096786,0.357108462789672,NJ,2022-10-27,0,1,1,0,1,1,1,0,0,0,0,0,1,1
1315,10.036679060967,0.30958213620921,NJ,2022-10-28,0,0,0,1,0,1,0,0,0,0,0,0,0,0
1316,5.90495171560732,0.288410661883908,NJ,2022-10-29,1,1,0,0,1,1,1,1,0,0,0,0,1,1
1317,5.65388694398257,0.3248226364958875,NJ,2022-10-30,1,1,1,1,0,0,0,1,0,0,0,0,0,0
1318,14.0636326421368,0.307571836366971,NJ,2022-10-31,1,0,0,0,0,1,1,1,0,0,1,0,1,1
1319,5.55102073027313,0.2696873504312935,NJ,2022-11-01,0,0,1,0,0,1,1,0,0,1,0,0,0,1
1320,0.721218483340317,0.286431897702613,NJ,2022-11-02,1,1,1,1,1,1,1,1,1,0,0,0,1,1
1321,11.9789668065371,0.358055396926805,NJ,2022-11-03,1,1,1,0,0,0,0,1,0,1,0,0,0,0
1322,5.62355463153972,0.2962404869872975,NJ,2022-11-04,0,1,0,1,0,1,1,0,0,0,0,0,0,1
1323,5.91746969655256,0.309757709904684,NJ,2022-11-05,1,0,1,0,0,0,1,1,0,0,0,0,0,1
1324,9.41546422255676,0.303569496233019,NJ,2022-11-06,1,1,0,1,0,1,1,1,1,0,0,0,1,1
1325,11.7369136646128,0.338237518446844,NJ,2022-11-07,1,0,0,0,0,1,1,1,0,0,1,0,1,1
1326,15.2122574545627,0.344140692171968,NJ,2022-11-08,1,0,0,1,0,1,1,1,0,0,0,0,0,1
1327,3.42966302403733,0.2673041356878845,NJ,2022-11-09,1,1,0,1,0,1,1,1,0,0,1,0,1,1
1328,7.09834941673273,0.352547778331272,NJ,2022-11-10,1,1,0,1,0,1,1,1,0,0,1,0,1,1
1329,8.67545270694841,0.322602142088949,NJ,2022-11-11,1,1,0,1,0,1,1,1,0,0,0,0,0,1
1330,3.42146538768272,0.2883174284236115,NJ,2022-11-12,1,0,1,1,0,0,1,1,0,0,0,0,0,1
1331,3.75455428617585,0.2873241839401195,NJ,2022-11-13,1,1,1,1,0,0,1,1,1,0,0,0,0,1
1332,10.5932144028849,0.245466785571115,NJ,2022-11-14,1,1,0,1,0,1,0,1,0,0,0,0,0,0
1333,9.03661744618534,0.271547023684825,NJ,2022-11-15,1,1,0,1,0,1,1,1,0,0,0,0,1,1
1334,3.91481991037565,0.231352028910138,NJ,2022-11-16,1,1,0,0,0,1,1,1,1,0,0,0,0,1
1335,5.8774504187464,0.2741447049169355,NJ,2022-11-17,0,1,0,1,0,1,1,0,0,0,0,0,1,1
1336,7.55264739125029,0.2644599444337685,NJ,2022-11-18,1,0,0,1,0,0,0,1,0,0,1,0,1,0
1337,18.600027847523,0.364743215268192,NJ,2022-11-19,0,1,0,0,0,0,0,0,0,0,0,0,0,0
1338,5.79866956821687,0.226761810048281,NJ,2022-11-20,1,1,0,1,0,1,0,1,0,0,0,0,1,0
1339,25.8644407704829,0.403136627748962,NJ,2022-11-21,0,0,0,1,0,1,0,0,0,0,0,0,1,0
1340,1.8148130673344,0.364536157487036,NJ,2022-11-22,1,1,1,0,0,0,1,1,1,1,0,0,0,1
1341,1.49949993263517,0.15432656392919,NJ,2022-11-23,1,1,0,1,1,1,1,1,1,0,1,0,1,1
1342,NA,NA,NJ,2022-11-24,NA,NA,NA,NA,NA,NA,NA,NA,NA,NA,NA,NA,NA,NA
1343,1.49583093202168,0.299970996487561,NJ,2022-11-25,1,1,1,0,0,0,1,1,1,1,0,0,0,1
1344,19.8179389048817,0.3139556266469585,NJ,2022-11-26,0,1,0,1,0,0,0,0,1,0,0,0,0,0
1345,1.53316524784252,0.268877277341739,NM,2022-10-16,1,1,0,1,0,1,1,1,1,0,1,0,1,1
1346,0.91221982756459,0.160957314182509,NM,2022-10-17,1,1,1,1,1,1,1,1,0,0,0,1,1,1
1347,2.25272148246973,0.1515832322515505,NM,2022-10-18,1,1,1,1,1,1,1,1,0,0,1,0,1,1
1348,1.648753248956,0.206852199144353,NM,2022-10-19,1,1,1,1,1,1,1,1,1,1,1,1,1,1
1349,1.70180886590411,0.194085679366729,NM,2022-10-20,1,0,1,1,1,1,1,1,0,0,0,0,1,0
1350,1.12203639392241,0.228638648944726,NM,2022-10-21,1,1,1,1,1,1,1,1,1,0,0,1,1,1
1351,1.22762450595602,0.1792312397215775,NM,2022-10-22,1,0,1,1,1,1,1,1,0,0,0,0,1,1
1352,1.21124614211553,0.2278820376724285,NM,2022-10-23,1,1,1,1,1,1,1,1,1,0,1,0,1,1
1353,10.0260546068482,0.1444436833201105,NM,2022-10-24,1,1,0,1,0,1,1,1,1,0,0,0,1,1
1354,4.68082500219885,0.193204649243903,NM,2022-10-25,0,1,0,1,0,1,1,0,1,0,0,0,0,1
1355,2.25240028936924,0.222468050359747,NM,2022-10-26,1,1,1,1,1,1,1,1,0,0,0,0,1,1
1356,5.70596448876667,0.1972241625215275,NM,2022-10-27,1,1,0,1,0,1,1,1,0,0,0,0,1,1
1357,1.54258823132403,0.241191495407949,NM,2022-10-28,1,1,1,1,1,1,1,1,0,0,1,0,1,1
1358,1.34468414060687,0.276254683549723,NM,2022-10-29,1,1,1,0,1,1,1,1,1,0,0,1,1,1
1359,1.96370319737648,0.3211667288803425,NM,2022-10-30,1,0,1,0,1,1,1,1,0,0,0,0,1,1
1360,8.23858816995769,0.2399855263198425,NM,2022-10-31,1,1,0,1,0,1,0,1,1,0,1,0,1,0
1361,7.8660311357568,0.234642557847787,NM,2022-11-01,1,1,0,1,0,1,1,1,1,0,0,0,1,1
1362,2.29125351640482,0.2631871171808995,NM,2022-11-02,1,1,1,1,1,1,1,1,1,0,1,0,1,1
1363,6.14907399460468,0.2690134584959595,NM,2022-11-03,1,1,0,1,0,1,1,1,0,0,0,0,1,1
1364,3.58607913946587,0.2857111267854445,NM,2022-11-04,1,0,1,0,0,1,1,1,0,0,0,0,1,1
1365,4.24775565223567,0.2748988843213005,NM,2022-11-05,1,1,0,1,0,1,1,1,0,0,0,0,1,1
1366,7.38728008219202,0.2711135972816795,NM,2022-11-06,1,1,0,1,0,1,1,1,1,0,1,0,1,1
1367,13.1348471372575,0.31569987733165,NM,2022-11-07,1,0,0,0,0,1,0,1,0,0,0,0,1,0
1368,10.4418616002635,0.305673580978126,NM,2022-11-08,1,1,0,0,0,1,1,1,0,0,0,0,0,1
1369,26.4224100872249,0.357679064361154,NM,2022-11-09,0,1,0,1,0,1,0,0,1,0,0,0,1,0
1370,4.82658088747015,0.2791495083733935,NM,2022-11-10,1,1,0,1,0,1,1,1,0,0,0,0,0,1
1371,11.4378594169367,0.340242597056043,NM,2022-11-11,1,1,0,1,0,1,1,1,1,0,0,0,1,1
1372,15.0406216494204,0.363331868258726,NM,2022-11-12,1,1,0,0,0,1,1,1,1,0,1,0,1,1
1373,6.43041538917145,0.317948402910035,NM,2022-11-13,1,1,0,1,0,1,1,1,1,0,0,0,1,1
1374,30.7536526287664,0.343099127202129,NM,2022-11-14,0,1,0,1,0,1,1,0,1,0,0,0,1,1
1375,13.2761967199095,0.3147648095854615,NM,2022-11-15,1,0,0,1,0,1,1,1,1,0,0,0,0,1
1376,16.5023337549267,0.368111140715917,NM,2022-11-16,1,0,0,0,0,1,1,1,0,0,0,0,0,1
1377,13.0125679512461,0.330889938132227,NM,2022-11-17,1,0,0,1,0,1,1,1,0,0,0,0,1,1
1378,22.3517972452241,0.459444173721425,NM,2022-11-18,1,0,0,1,0,1,1,1,0,0,0,0,1,1
1379,8.89694169162296,0.396161542646679,NM,2022-11-19,0,0,0,1,0,1,0,0,0,0,1,0,1,0
1380,9.40996226099496,0.50008949606014,NM,2022-11-20,1,1,0,1,0,1,0,1,1,0,1,0,1,0
1381,17.6904601002595,0.3227653167647235,NM,2022-11-21,1,0,0,1,0,1,1,1,1,0,1,0,0,1
1382,16.3925654437473,0.333372170828469,NM,2022-11-22,1,0,0,1,0,1,0,1,0,0,1,0,1,0
1383,13.8824766985526,0.331964747347904,NM,2022-11-23,1,1,0,1,0,1,1,1,1,0,0,0,1,1
1384,7.63303065410355,0.57605899296052,NM,2022-11-24,1,1,0,1,0,1,1,1,1,0,1,0,1,1
1385,14.7297250292287,0.408508051383604,NM,2022-11-25,1,1,0,1,0,1,1,1,1,0,0,0,1,1
1386,8.77141123607541,0.3881844433098125,NM,2022-11-26,0,1,0,1,0,1,1,0,1,0,1,0,1,1
1387,0.903539215103955,0.406119359639814,NV,2022-10-16,1,0,1,1,1,1,1,1,0,1,1,0,1,1
1388,4.65061548958199,0.3342124731742755,NV,2022-10-17,1,0,0,0,1,1,1,1,0,0,0,1,1,1
1389,0.765446376997654,0.1810730871431115,NV,2022-10-18,1,0,1,1,1,1,1,1,1,1,1,1,1,1
1390,1.31686016214033,0.20715893363834,NV,2022-10-19,1,1,1,1,1,1,1,1,0,0,0,0,1,1
1391,1.62998001495477,0.162983280619579,NV,2022-10-20,1,1,1,1,1,1,1,1,0,0,1,0,1,1
1392,2.26876621594585,0.241780406575109,NV,2022-10-21,1,1,1,1,1,1,1,1,1,1,1,1,1,1
1393,1.37476752966269,0.1445976043901745,NV,2022-10-22,1,1,1,1,1,1,1,1,0,0,0,0,1,1
1394,2.63668890835386,0.216994152004484,NV,2022-10-23,1,0,1,1,0,0,1,1,0,1,1,0,0,1
1395,1.63144042984768,0.256679094692237,NV,2022-10-24,1,1,1,1,1,1,0,1,0,1,0,0,1,0
1396,0.872924390364685,0.2623119498657825,NV,2022-10-25,1,1,1,1,1,1,1,1,0,0,0,1,1,1
1397,2.55014466856453,0.2728974398812495,NV,2022-10-26,1,1,1,1,0,1,1,1,1,0,0,0,0,1
1398,1.50151213976662,0.2200768461979105,NV,2022-10-27,1,1,1,1,1,1,0,1,1,0,0,0,0,0
1399,2.12234591299544,0.2007132869642485,NV,2022-10-28,0,1,0,1,1,1,1,0,1,1,0,0,1,1
1400,1.64022590832025,0.244561557032265,NV,2022-10-29,1,0,1,1,1,1,1,1,0,1,1,0,1,1
1401,4.15358650471677,0.1640448471362855,NV,2022-10-30,1,1,0,1,0,1,1,1,1,0,0,1,1,1
1402,1.23027830995636,0.4200007178121375,NV,2022-10-31,1,0,0,1,1,1,1,1,0,0,1,1,1,1
1403,2.97886262496727,0.291963147146846,NV,2022-11-01,1,1,1,1,1,1,0,1,0,0,0,0,1,0
1404,1.89173714188587,0.2623452018239615,NV,2022-11-02,1,1,1,1,1,1,1,1,0,0,0,0,1,1
1405,1.82470832423836,0.2795260820235545,NV,2022-11-03,0,1,1,1,1,1,1,0,1,0,1,0,1,1
1406,1.66118069598351,0.2727096671569015,NV,2022-11-04,1,1,1,1,1,1,1,1,0,0,0,0,1,1
1407,1.94810425137411,0.3090961662693715,NV,2022-11-05,1,1,1,1,1,1,0,1,1,0,0,0,1,0
1408,3.65502155453249,0.305175350040233,NV,2022-11-06,1,1,1,0,0,1,1,1,1,0,0,0,1,1
1409,2.63756545812343,0.278234714431331,NV,2022-11-07,1,1,1,1,1,1,0,1,0,1,0,0,1,0
1410,4.42096231549145,0.2916194631771815,NV,2022-11-08,0,1,0,1,0,1,1,0,1,0,0,0,1,1
1411,2.86216181658211,0.2686917486143065,NV,2022-11-09,1,1,1,1,0,1,1,1,0,0,0,0,1,1
1412,2.78404461931474,0.3048201149728375,NV,2022-11-10,1,0,1,1,1,1,1,1,0,1,0,0,1,1
1413,2.47575212925288,0.283397218545025,NV,2022-11-11,1,1,1,1,1,1,0,1,1,0,0,0,1,0
1414,4.500812665796,0.2900579202712745,NV,2022-11-12,1,0,0,1,0,1,1,1,0,0,1,0,1,1
1415,2.30791314643101,0.3181877044573595,NV,2022-11-13,1,1,1,0,1,1,1,1,0,0,0,0,0,1
1416,3.16591855825809,0.2526837295729015,NV,2022-11-14,1,1,1,1,1,1,1,1,0,0,0,0,0,1
1417,3.98195219701176,0.302133669207345,NV,2022-11-15,1,1,1,0,0,1,0,1,1,0,0,0,1,0
1418,7.82957056602465,0.2845649094949365,NV,2022-11-16,1,1,0,1,0,1,0,1,1,0,0,0,0,0
1419,8.97012076484802,0.3384136306668835,NV,2022-11-17,0,1,1,0,0,1,1,0,0,1,0,0,1,1
1420,6.32932131528848,0.3185526290471875,NV,2022-11-18,1,1,0,0,0,1,1,1,0,0,0,0,0,1
1421,8.18163553529816,0.354848895553626,NV,2022-11-19,0,1,0,1,0,1,0,0,0,0,0,0,1,0
1422,4.35990748374247,0.2805365033823085,NV,2022-11-20,1,1,0,1,0,1,1,1,1,0,0,0,1,1
1423,2.4994044953552,0.292847933160203,NV,2022-11-21,1,0,1,0,0,1,1,1,0,0,0,0,1,1
1424,10.5700022959337,0.3216414032334215,NV,2022-11-22,0,1,0,0,0,1,0,0,1,0,0,0,0,0
1425,7.12306071374858,0.2570602973548175,NV,2022-11-23,1,1,0,1,0,1,1,1,0,0,1,0,0,1
1426,1.51623416930578,0.424899707772687,NV,2022-11-24,1,1,0,1,0,1,1,1,1,0,1,0,1,1
1427,21.1966880685326,0.377042796708,NV,2022-11-25,0,0,0,0,0,1,1,0,0,0,0,0,0,1
1428,8.005650993257,0.279739729211789,NV,2022-11-26,0,1,0,1,0,1,1,0,1,0,0,0,0,1
1429,3.84153146472235,0.2983245141368435,NY,2022-10-16,0,1,0,1,0,1,1,0,0,0,0,0,1,1
1430,2.5392686903323,0.292346328853043,NY,2022-10-17,0,1,1,0,1,1,1,0,0,0,0,0,0,1
1431,2.48887092996542,0.3042667644467675,NY,2022-10-18,1,0,1,1,0,1,1,0,0,1,0,0,1,1
1432,3.57867989401383,0.1758277893725505,NY,2022-10-19,1,1,0,1,0,1,1,1,0,0,0,0,1,1
1433,0.997732679078554,0.288055551765301,NY,2022-10-20,1,0,1,1,1,1,1,1,1,1,1,1,1,1
1434,3.79675583349213,0.233257729301112,NY,2022-10-21,1,1,0,1,0,1,1,1,0,1,0,0,1,1
1435,2.57325063053586,0.272166279856165,NY,2022-10-22,1,1,1,1,0,1,0,1,0,0,0,0,1,0
1436,2.90444780404175,0.2862593270070735,NY,2022-10-23,1,1,1,1,1,1,1,1,0,0,0,0,1,1
1437,4.65101878526881,0.325806668747824,NY,2022-10-24,1,1,0,1,0,1,1,1,0,0,0,0,1,1
1438,3.59469451120638,0.3398278698897215,NY,2022-10-25,1,0,0,1,0,1,1,1,0,1,1,1,0,1
1439,2.6412225242645,0.296350157446859,NY,2022-10-26,1,1,1,1,1,1,1,1,0,0,0,0,0,1
1440,5.51549273589541,0.269575638981966,NY,2022-10-27,1,1,0,1,0,1,1,1,0,0,0,1,0,1
1441,8.59888540371701,0.3063971125298795,NY,2022-10-28,0,1,0,1,0,0,1,0,0,0,0,0,0,1
1442,3.3272584211943,0.318684688846564,NY,2022-10-29,1,1,1,0,1,1,1,1,1,0,0,0,0,1
1443,6.94906157438253,0.30179793025394003,NY,2022-10-30,0,1,0,1,0,1,1,0,0,0,0,0,1,1
1444,5.2236273897392,0.320899417434152,NY,2022-10-31,0,1,1,0,1,1,0,0,0,0,0,0,0,0
1445,3.83533609855502,0.290576866811253,NY,2022-11-01,1,1,1,1,1,1,1,1,0,0,0,0,0,1
1446,1.28247081557296,0.3013151846252385,NY,2022-11-02,1,1,1,1,1,1,1,1,0,0,1,0,0,1
1447,12.2713868837353,0.3502538903682715,NY,2022-11-03,0,1,1,1,0,0,0,0,0,0,1,0,0,0
1448,16.838499802622,0.3128628506899215,NY,2022-11-04,1,1,0,1,0,1,0,1,0,0,0,0,0,0
1449,4.50302170706274,0.284659315797716,NY,2022-11-05,1,1,0,0,1,1,1,1,0,0,1,0,0,1
1450,10.6889609790483,0.308784160996495,NY,2022-11-06,0,1,0,1,0,1,1,0,0,0,0,0,0,1
1451,3.17123592261036,0.3525039209720935,NY,2022-11-07,1,1,1,1,0,1,0,1,0,0,0,0,0,0
1452,3.94855455168621,0.2820037681169105,NY,2022-11-08,1,0,1,0,1,1,1,1,0,0,0,0,0,1
1453,8.26673847744964,0.3112610464188225,NY,2022-11-09,1,1,0,0,0,1,1,1,0,0,0,0,0,1
1454,6.09796251750154,0.3175742480124505,NY,2022-11-10,1,1,0,1,0,0,1,1,0,0,0,0,0,1
1455,10.392750299678,0.310341378618974,NY,2022-11-11,1,1,0,1,0,1,1,1,0,0,0,0,0,1
1456,3.29299250732646,0.2513324914783525,NY,2022-11-12,1,0,1,1,1,0,1,1,1,0,0,0,0,1
1457,16.1161205145646,0.3495170175012485,NY,2022-11-13,1,1,0,1,0,0,0,1,0,0,0,0,0,0
1458,26.751041111823,0.3285171560506345,NY,2022-11-14,0,1,0,0,0,0,0,0,0,0,0,0,0,0
1459,5.25405324178473,0.2935038299684295,NY,2022-11-15,0,1,0,1,0,1,1,0,0,0,1,0,1,1
1460,9.27951268711585,0.3168429896242275,NY,2022-11-16,1,1,0,0,0,1,1,1,0,0,0,0,0,1
1461,9.19333846285805,0.3061346891810335,NY,2022-11-17,1,1,0,1,0,0,0,1,0,0,0,0,0,0
1462,8.2597033233871109,0.263002877183368,NY,2022-11-18,1,0,1,1,0,0,0,1,0,0,0,0,0,0
1463,17.2786718367582,0.328035309566135,NY,2022-11-19,1,1,0,1,0,1,0,1,0,0,0,0,0,0
1464,14.1569818683037,0.2986240958011325,NY,2022-11-20,1,0,0,1,0,0,0,1,0,0,0,0,0,0
1465,13.3262821425565,0.2841280973404545,NY,2022-11-21,1,0,0,1,0,0,0,1,0,0,0,0,0,0
1466,3.57911007561108,0.3715104151643745,NY,2022-11-22,1,1,0,0,0,1,0,1,1,0,0,0,1,0
1467,10.5889100418717,0.3096867164702165,NY,2022-11-23,1,1,0,1,0,1,1,1,0,0,1,0,0,1
1468,2.24412992198755,0.419872993164596,NY,2022-11-24,1,0,1,1,0,0,1,1,0,1,1,0,0,1
1469,7.36152727305862,0.365408472286531,NY,2022-11-25,1,1,0,1,0,0,0,1,1,0,0,0,0,0
1470,32.1879121363447,0.3602141521837535,NY,2022-11-26,0,1,0,1,0,1,0,0,0,0,0,0,0,0
1471,0.555106321151195,0.0204524907107179,OH,2022-10-16,1,1,1,1,1,1,1,1,1,0,0,1,1,1
1472,4.20578215638879,0.207711988141993,OH,2022-10-17,1,1,0,0,0,1,1,1,0,0,0,0,1,1
1473,0.749642345530404,0.1700539686072005,OH,2022-10-18,1,1,1,1,1,1,1,1,1,0,0,1,1,1
1474,4.3257119037733,0.201517124350637,OH,2022-10-19,1,0,0,1,1,1,1,1,0,0,0,0,1,1
1475,0.73062242422402,0.110274593731256,OH,2022-10-20,1,1,1,1,1,1,1,1,0,0,1,1,1,1
1476,1.71085847464042,0.1197936129752845,OH,2022-10-21,1,1,1,1,1,1,1,1,0,0,1,0,1,1
1477,1.21430017042567,0.150410977728366,OH,2022-10-22,1,1,1,1,1,1,0,1,0,0,1,0,1,0
1478,2.00994807494512,0.127307927799098,OH,2022-10-23,1,1,1,1,0,1,1,1,0,1,1,0,1,1
1479,2.43229400159208,0.1890434969522695,OH,2022-10-24,1,1,1,1,0,1,1,1,0,1,0,0,1,1
1480,0.75234243065722,0.130154135276219,OH,2022-10-25,1,1,1,1,1,1,1,1,1,0,1,0,0,1
1481,3.406647433275,0.1377750434146735,OH,2022-10-26,1,1,0,1,0,1,1,1,0,0,0,0,0,1
1482,1.41629631398614,0.150862293188358,OH,2022-10-27,1,1,1,1,1,1,1,1,0,0,1,0,0,1
1483,1.3218463071856,0.147769217110325,OH,2022-10-28,1,1,1,1,1,1,1,1,0,1,1,1,0,1
1484,1.78223546573806,0.194751765222456,OH,2022-10-29,1,1,1,1,1,1,1,1,0,0,0,0,1,1
1485,2.72402735565947,0.2989546008856175,OH,2022-10-30,1,1,0,1,0,1,1,1,0,0,1,1,1,1
1486,2.55975661482352,0.170923988646437,OH,2022-10-31,1,1,1,1,1,1,1,1,0,0,1,0,1,1
1487,4.18212937795599,0.27007437956612,OH,2022-11-01,1,1,0,1,0,1,0,1,0,0,0,0,1,0
1488,2.03801194247605,0.24525399945249,OH,2022-11-02,1,1,1,1,0,1,1,1,0,0,0,0,1,1
1489,2.26000360963978,0.1844858132944085,OH,2022-11-03,0,1,1,1,1,1,1,0,0,0,1,0,1,1
1490,3.78713812093448,0.127506979733563,OH,2022-11-04,1,1,0,1,0,1,1,1,0,0,1,0,1,1
1491,2.61061027591338,0.1447192070090675,OH,2022-11-05,1,0,0,1,1,1,1,1,0,0,1,0,1,1
1492,2.41347595634089,0.2831924019243105,OH,2022-11-06,1,1,0,0,1,1,1,1,0,0,1,0,1,1
1493,5.74482892112481,0.146360038898276,OH,2022-11-07,1,1,0,1,0,1,1,1,0,0,1,0,1,1
1494,3.13173541990249,0.2441808388691565,OH,2022-11-08,1,0,1,0,1,1,1,1,0,0,0,0,0,1
1495,2.99726608996758,0.2516685514043015,OH,2022-11-09,0,0,1,1,0,1,1,0,0,0,0,0,0,1
1496,3.04027214968642,0.241437964786305,OH,2022-11-10,1,1,1,1,0,1,1,1,0,0,0,0,1,1
1497,2.77101979016362,0.294734251782854,OH,2022-11-11,1,0,1,1,1,1,0,1,0,0,1,0,1,0
1498,3.42719724779088,0.2318356230015795,OH,2022-11-12,1,0,0,0,0,1,0,1,0,0,0,0,0,0
1499,1.76340337717305,0.228839629979909,OH,2022-11-13,1,1,1,1,1,1,1,1,0,0,1,0,0,1
1500,1.95982608533945,0.2793958866125485,OH,2022-11-14,1,1,1,1,1,1,0,1,0,0,1,0,1,0
1501,5.37596775294873,0.3294407573374395,OH,2022-11-15,1,0,1,0,0,1,1,1,0,0,0,0,1,1
1502,1.84367274817327,0.2616739319741285,OH,2022-11-16,1,1,1,1,1,1,1,1,0,0,1,0,0,1
1503,2.32814140363275,0.306043200652256,OH,2022-11-17,0,1,1,1,1,1,1,0,0,0,1,0,0,1
1504,4.57665377895011,0.261998277503172,OH,2022-11-18,1,1,0,1,0,1,1,1,1,0,1,0,1,1
1505,3.52174837056632,0.3116957447219945,OH,2022-11-19,1,0,1,0,0,1,1,1,0,0,0,0,1,1
1506,1.60744684369922,0.278739040319725,OH,2022-11-20,1,1,1,1,1,1,1,1,0,1,1,1,0,1
1507,2.62966996858544,0.2881693905501355,OH,2022-11-21,1,1,0,0,0,1,1,1,1,0,0,0,0,1
1508,3.57974049607952,0.3382825443048455,OH,2022-11-22,1,0,1,0,1,1,0,1,1,0,0,0,1,0
1509,6.58971430540512,0.3123817592491935,OH,2022-11-23,1,1,1,1,0,1,0,1,0,0,0,0,0,0
1510,1.04173154783515,0.468302047006717,OH,2022-11-24,1,1,1,0,1,1,1,1,1,1,0,0,1,1
1511,2.06948919125226,0.280317042852032,OH,2022-11-25,1,1,1,1,1,1,1,1,1,0,0,0,0,1
1512,1.59229176331201,0.274232352595478,OH,2022-11-26,1,1,1,1,1,1,1,1,0,1,0,0,0,1
1513,1.36440964322374,0.2448871351340845,OK,2022-10-16,1,1,1,1,0,1,1,1,0,0,1,0,1,1
1514,0.49658540745391,0.112075835577438,OK,2022-10-17,1,1,1,1,1,1,1,1,0,0,0,0,1,1
1515,0.660322393331935,0.266740035805519,OK,2022-10-18,1,0,1,1,1,1,1,1,1,0,0,1,1,1
1516,0.533437337688398,0.112868445945623,OK,2022-10-19,1,1,1,1,1,1,1,1,0,0,1,0,1,1
1517,0.221628636349777,0.02156776430009205,OK,2022-10-20,1,1,1,1,1,1,1,1,1,1,1,1,1,1
1518,0.675162926258275,0.02256313378991295,OK,2022-10-21,1,1,1,1,1,1,1,1,0,0,1,0,1,1
1519,0.136251119022314,0.0236695923591272,OK,2022-10-22,1,1,1,1,1,1,1,1,1,1,1,1,1,1
1520,0.257707797330515,0.02489890755508275,OK,2022-10-23,1,1,1,1,1,1,1,1,0,0,1,1,1,1
1521,1.32623133331313,0.0815360581890475,OK,2022-10-24,1,1,0,1,1,1,1,1,0,0,1,0,1,1
1522,2.1927081906761,0.3056020899983315,OK,2022-10-25,0,1,0,1,1,0,1,0,0,0,1,1,0,1
1523,0.910800246577196,0.02945871904618785,OK,2022-10-26,1,1,0,1,1,1,1,1,1,0,1,0,1,1
1524,0.700712654029384,0.0313202716530165,OK,2022-10-27,1,1,1,1,1,1,1,1,1,0,1,0,1,1
1525,0.873432520702152,0.192729461440146,OK,2022-10-28,1,1,1,0,1,1,1,1,1,0,1,0,1,1
1526,0.0646786046422032,0.03566109336588275,OK,2022-10-29,1,1,1,1,1,1,1,1,1,1,1,1,1,1
1527,0.613165790240719,0.3605856881527265,OK,2022-10-30,1,1,1,1,1,1,1,1,0,1,1,0,1,1
1528,2.41309191424967,0.156885996279686,OK,2022-10-31,1,0,1,1,0,1,1,1,0,0,1,0,0,1
1529,2.0518191978263,0.3360805210458685,OK,2022-11-01,1,0,0,1,1,1,1,1,0,0,1,0,1,1
1530,0.709713477259178,0.0473969536080909,OK,2022-11-02,1,1,1,1,1,1,1,1,1,0,1,0,1,1
1531,0.813629246369772,0.2817109841745725,OK,2022-11-03,1,1,1,1,1,1,1,1,1,0,1,0,1,1
1532,1.2349678539749,0.3767743155229955,OK,2022-11-04,1,1,1,1,1,1,0,1,0,1,1,0,0,0
1533,0.356832488566356,0.059622559609405,OK,2022-11-05,1,1,1,1,1,1,1,1,1,1,1,1,1,1
1534,0.970647892566891,0.4468865925678445,OK,2022-11-06,1,0,1,1,1,1,1,1,1,0,1,0,1,1
1535,0.508533556549269,0.1686675422998875,OK,2022-11-07,1,1,1,1,1,1,1,1,1,0,1,0,1,1
1536,1.37248032484794,0.34642540905583,OK,2022-11-08,1,0,1,1,1,1,1,1,0,0,0,0,1,1
1537,1.06476467350071,0.305853070885802,OK,2022-11-09,1,1,1,1,0,1,1,1,1,0,1,0,1,1
1538,1.19939541819094,0.418168353289733,OK,2022-11-10,1,1,1,0,1,1,1,1,1,1,0,0,1,1
1539,0.849357249849239,0.3615152821618335,OK,2022-11-11,1,1,1,1,0,1,1,1,1,0,1,0,1,1
1540,NA,NA,OK,2022-11-12,NA,NA,NA,NA,NA,NA,NA,NA,NA,NA,NA,NA,NA,NA
1541,0.519348328834095,0.250564443594952,OK,2022-11-13,1,1,1,1,1,1,1,1,1,0,1,0,1,1
1542,1.61223911010111,0.611109453981155,OK,2022-11-14,0,0,0,1,1,1,1,0,0,0,1,0,1,1
1543,0.715795911953608,0.3243248069326155,OK,2022-11-15,1,1,1,1,1,1,1,1,1,1,1,1,1,1
1544,NA,NA,OK,2022-11-16,NA,NA,NA,NA,NA,NA,NA,NA,NA,NA,NA,NA,NA,NA
1545,0.428456547109802,0.383934818886307,OK,2022-11-17,1,1,1,1,1,1,1,1,1,0,1,0,1,1
1546,0.423296265670253,0.3656299909918085,OK,2022-11-18,1,1,1,1,1,1,1,1,1,1,1,1,1,1
1547,0.947038944784186,0.68351973321699,OK,2022-11-19,1,1,1,1,1,0,1,1,1,1,1,1,1,1
1548,0.78346066600776,0.392089699982955,OK,2022-11-20,1,0,1,1,1,1,1,1,0,1,1,0,1,1
1549,NA,NA,OK,2022-11-21,NA,NA,NA,NA,NA,NA,NA,NA,NA,NA,NA,NA,NA,NA
1550,1.0100285844393,0.4486647403525885,OK,2022-11-22,1,1,1,0,1,1,1,1,1,0,0,0,1,1
1551,0.314752433193069,0.2780350656264685,OK,2022-11-23,1,1,1,1,1,1,1,1,1,1,1,0,0,1
1552,NA,NA,OK,2022-11-24,NA,NA,NA,NA,NA,NA,NA,NA,NA,NA,NA,NA,NA,NA
1553,0.627025156790879,0.2572953214059805,OK,2022-11-25,1,1,1,1,1,1,1,1,1,0,1,0,1,1
1554,1.46220075934263,0.413203254859107,OK,2022-11-26,1,1,1,0,0,1,1,1,1,1,0,0,1,1
1555,0.883857101356358,0.28967860464963,OR,2022-10-16,1,1,1,1,0,1,1,1,1,0,1,0,1,1
1556,0.715115200926167,0.079477129791433,OR,2022-10-17,1,1,1,1,1,1,1,1,1,1,0,0,1,1
1557,0.838882174802097,0.221584307267355,OR,2022-10-18,1,1,1,0,1,1,1,1,1,0,0,1,1,1
1558,0.723390679743837,0.094132023607051,OR,2022-10-19,1,1,1,1,1,1,1,1,1,0,0,1,1,1
1559,5.89262955576818,0.331975616433733,OR,2022-10-20,1,0,0,1,1,1,1,1,0,0,1,0,1,1
1560,0.814632604993316,0.106050903620551,OR,2022-10-21,1,1,1,1,1,1,1,1,1,1,0,0,1,1
1561,0.707048336907962,0.1599252498961145,OR,2022-10-22,1,1,1,1,1,1,1,1,1,0,0,1,1,1
1562,0.859206465005768,0.2242988876486465,OR,2022-10-23,1,0,1,1,1,1,1,1,0,0,1,0,1,1
1563,0.799109381878888,0.161287314561459,OR,2022-10-24,1,0,1,1,1,1,1,1,0,0,0,0,1,1
1564,2.01973030670135,0.4047184318968355,OR,2022-10-25,1,1,0,0,0,1,1,1,1,0,1,0,1,1
1565,2.70932577568416,0.4675032249849575,OR,2022-10-26,1,1,0,1,0,1,1,1,0,0,1,0,1,1
1566,0.471534128904253,0.0195619132782255,OR,2022-10-27,1,1,1,1,1,1,1,1,0,0,1,1,1,1
1567,0.112191485141554,0.0215056882908596,OR,2022-10-28,1,1,1,1,1,1,1,1,1,1,1,1,1,1
1568,0.825112890194074,0.281768931883153,OR,2022-10-29,1,1,1,0,1,1,1,1,1,0,0,1,1,1
1569,0.853224470598436,0.2253398781700175,OR,2022-10-30,1,0,1,1,1,1,1,1,0,1,0,1,1,1
1570,1.11682829930686,0.2149389534448395,OR,2022-10-31,0,1,1,1,1,1,1,0,1,0,1,0,1,1
1571,1.06728959641311,0.250119469435518,OR,2022-11-01,1,0,1,1,1,1,1,1,0,1,1,0,1,1
1572,0.891627922692329,0.1951386163204925,OR,2022-11-02,1,1,1,1,1,1,1,1,1,0,1,0,1,1
1573,2.03999690737279,0.29125786455608,OR,2022-11-03,1,0,0,1,1,0,1,1,0,0,0,0,0,1
1574,1.47168314298378,0.113121769397435,OR,2022-11-04,1,1,0,1,1,1,1,1,0,0,1,0,1,1
1575,0.78931222830552,0.280269071752025,OR,2022-11-05,1,1,1,0,1,1,1,1,1,0,0,1,1,1
1576,0.7006313588866,0.2323025447282185,OR,2022-11-06,1,1,1,1,1,1,1,1,1,1,0,0,1,1
1577,1.75026010866958,0.2667159224411125,OR,2022-11-07,1,1,1,1,1,1,1,1,0,1,1,0,1,1
1578,2.07194334784648,0.101343264851205,OR,2022-11-08,1,1,0,1,0,1,1,1,1,0,1,0,1,1
1579,5.128207746024,0.3741196258356245,OR,2022-11-09,1,0,0,1,1,1,1,1,0,0,0,0,1,1
1580,0.924349292828289,0.27820890090871,OR,2022-11-10,1,1,1,1,1,1,1,1,1,0,0,0,1,1
1581,1.02924881370497,0.2059037057368945,OR,2022-11-11,1,1,1,0,1,1,1,1,0,1,0,1,1,1
1582,2.06653626481166,0.3867515470938315,OR,2022-11-12,1,0,1,1,1,0,1,1,0,0,1,0,0,1
1583,3.37380794548552,0.3319919472076055,OR,2022-11-13,1,0,1,1,0,1,0,1,0,0,1,0,1,0
1584,2.48606442801994,0.300685789895502,OR,2022-11-14,1,1,0,1,0,0,1,1,1,0,1,0,0,1
1585,1.92179931425701,0.315812918809715,OR,2022-11-15,1,0,0,1,0,1,1,1,0,1,0,1,1,1
1586,0.844945653540799,0.216216128348831,OR,2022-11-16,1,1,1,1,1,1,1,1,1,0,1,0,1,1
1587,0.949696619038623,0.2043709870874095,OR,2022-11-17,1,1,1,1,1,1,1,1,1,1,0,0,1,1
1588,1.96098043877694,0.319811180974659,OR,2022-11-18,1,0,1,1,1,0,1,1,1,0,0,0,0,1
1589,0.690149438449197,0.238812638946381,OR,2022-11-19,1,1,1,1,1,1,1,1,1,0,0,0,1,1
1590,2.20645627455456,0.286528271372315,OR,2022-11-20,1,1,0,1,0,1,1,1,1,0,1,0,1,1
1591,1.72272782620792,0.287656584770912,OR,2022-11-21,1,1,1,1,1,1,1,1,0,0,1,0,0,1
1592,2.95745694993565,0.2800044986893115,OR,2022-11-22,1,0,0,1,0,1,1,1,0,1,1,0,1,1
1593,1.52232414653215,0.34402677354242,OR,2022-11-23,1,1,1,0,1,1,1,1,1,0,1,0,1,1
1594,0.226233238910151,0.254949438026211,OR,2022-11-24,1,1,1,1,1,1,1,1,1,0,1,0,1,1
1595,1.34061058226275,0.300198479710929,OR,2022-11-25,1,1,1,0,1,1,1,1,1,0,0,0,0,1
1596,0.899440925049843,0.296141421039536,OR,2022-11-26,1,1,1,1,1,1,1,1,1,1,0,1,0,1
1597,1.82949643230766,0.1640141619340505,PA,2022-10-16,1,1,1,1,1,1,1,1,0,0,0,0,1,1
1598,3.18674292910779,0.2252914017360195,PA,2022-10-17,1,1,1,1,0,1,1,1,0,0,0,1,0,1
1599,1.99944449471921,0.229462626023983,PA,2022-10-18,0,1,1,1,1,1,1,0,0,0,0,0,1,1
1600,3.45502099981353,0.270068038472255,PA,2022-10-19,1,0,0,1,1,1,1,1,0,0,0,0,0,1
1601,1.04927117302761,0.2328408555396175,PA,2022-10-20,1,1,1,1,1,1,1,1,0,0,0,0,1,1
1602,1.7346136388013,0.168271320836469,PA,2022-10-21,1,1,0,1,0,1,1,1,0,0,1,0,1,1
1603,1.73536555062114,0.239673350851921,PA,2022-10-22,1,1,1,1,1,0,1,1,1,0,1,0,0,1
1604,5.53064850221397,0.308067503062397,PA,2022-10-23,1,1,0,0,0,1,1,1,0,0,0,0,1,1
1605,7.94639037204519,0.2531605295767955,PA,2022-10-24,0,0,1,0,0,1,1,0,0,0,0,0,1,1
1606,3.29259912590586,0.308911116800875,PA,2022-10-25,1,1,0,1,0,1,1,1,0,0,0,0,0,1
1607,3.77282674896777,0.283539156266804,PA,2022-10-26,1,1,1,1,0,1,1,1,0,0,1,0,0,1
1608,4.74856037768275,0.326859861524276,PA,2022-10-27,1,1,0,0,1,1,0,1,0,0,0,0,1,0
1609,2.61002357125331,0.2500450781537405,PA,2022-10-28,1,1,1,1,1,1,1,1,0,0,1,0,1,1
1610,3.35475064019459,0.2811358167587485,PA,2022-10-29,1,1,1,0,0,1,1,1,0,1,0,0,1,1
1611,3.23735373401533,0.3219219638844585,PA,2022-10-30,0,0,1,1,1,1,1,0,0,1,1,0,0,1
1612,4.0230285031362,0.290838673975864,PA,2022-10-31,0,1,1,1,1,1,0,0,0,0,0,0,0,0
1613,5.63262980223682,0.2857016736592115,PA,2022-11-01,1,1,0,1,0,1,1,1,0,0,0,0,0,1
1614,2.06747995335854,0.3250727199160275,PA,2022-11-02,1,1,1,1,1,1,1,1,0,0,0,1,0,1
1615,10.7329550296184,0.2648907495807075,PA,2022-11-03,1,1,0,1,0,1,1,1,0,0,0,0,1,1
1616,6.39709861114521,0.2772509492868905,PA,2022-11-04,1,1,0,1,0,1,1,1,0,0,1,0,0,1
1617,2.95153117652232,0.3034979156063675,PA,2022-11-05,1,1,1,1,1,1,1,1,0,0,0,0,0,1
1618,5.2201084918414304,0.298452033412371,PA,2022-11-06,0,1,0,1,0,1,1,0,0,0,0,0,0,1
1619,2.71142423277541,0.307268248786973,PA,2022-11-07,1,1,1,1,1,1,1,1,0,0,1,0,0,1
1620,3.71838192616988,0.357216527750847,PA,2022-11-08,1,0,1,1,0,1,0,1,0,0,0,0,1,0
1621,3.88317494694558,0.3037402127203175,PA,2022-11-09,1,0,0,0,1,1,1,1,0,0,0,0,0,1
1622,11.3016661880032,0.3010050798008545,PA,2022-11-10,1,1,0,1,0,1,1,1,0,0,0,0,1,1
1623,5.93317002726367,0.266601916689514,PA,2022-11-11,1,0,0,1,1,1,1,1,0,0,0,0,0,1
1624,1.67606701778542,0.3021313101830835,PA,2022-11-12,1,1,1,1,1,1,1,1,0,1,0,0,0,1
1625,4.63610578763135,0.314358493027813,PA,2022-11-13,1,0,0,0,0,0,1,1,0,0,0,0,0,1
1626,4.27295400535503,0.294765784532786,PA,2022-11-14,1,1,0,0,1,1,1,1,1,0,0,0,1,1
1627,8.29030186159128,0.319423641922501,PA,2022-11-15,1,1,0,1,0,1,1,1,1,0,0,0,0,1
1628,7.44821170285327,0.3433995702340365,PA,2022-11-16,1,1,0,0,0,1,1,1,0,0,0,0,0,1
1629,11.8395199377975,0.3348577544219955,PA,2022-11-17,0,1,0,1,0,1,0,0,0,0,0,0,0,0
1630,11.9711521349806,0.3555044967801445,PA,2022-11-18,1,1,0,0,0,0,0,1,0,0,0,0,0,0
1631,3.8266059217251,0.3269923793649055,PA,2022-11-19,1,0,0,0,0,1,1,1,0,0,0,0,0,1
1632,7.40880733884239,0.360185408138598,PA,2022-11-20,0,1,0,1,0,1,1,0,1,0,0,0,0,1
1633,17.2041576513585,0.3299997780605885,PA,2022-11-21,1,1,0,1,0,0,1,1,0,0,1,0,0,1
1634,6.26057899378848,0.287702385685819,PA,2022-11-22,1,1,0,1,0,0,1,1,1,0,1,0,0,1
1635,13.0725143538576,0.3489841432767825,PA,2022-11-23,0,1,0,0,0,1,0,0,0,0,0,0,0,0
1636,0.0948216898961738,0.0651058270373225,PA,2022-11-24,1,1,1,1,1,1,1,1,1,1,1,1,1,1
1637,6.44011598614643,0.31170834524638,PA,2022-11-25,1,1,0,0,0,0,0,1,1,0,0,0,0,0
1638,9.07746528299119,0.3562726990542865,PA,2022-11-26,1,1,0,0,0,0,1,1,1,0,0,0,0,1
1639,NA,NA,PR,2022-10-16,NA,NA,NA,NA,NA,NA,NA,NA,NA,NA,NA,NA,NA,NA
1640,NA,NA,PR,2022-10-17,NA,NA,NA,NA,NA,NA,NA,NA,NA,NA,NA,NA,NA,NA
1641,NA,NA,PR,2022-10-18,NA,NA,NA,NA,NA,NA,NA,NA,NA,NA,NA,NA,NA,NA
1642,NA,NA,PR,2022-10-19,NA,NA,NA,NA,NA,NA,NA,NA,NA,NA,NA,NA,NA,NA
1643,NA,NA,PR,2022-10-20,NA,NA,NA,NA,NA,NA,NA,NA,NA,NA,NA,NA,NA,NA
1644,NA,NA,PR,2022-10-21,NA,NA,NA,NA,NA,NA,NA,NA,NA,NA,NA,NA,NA,NA
1645,NA,NA,PR,2022-10-22,NA,NA,NA,NA,NA,NA,NA,NA,NA,NA,NA,NA,NA,NA
1646,NA,NA,PR,2022-10-23,NA,NA,NA,NA,NA,NA,NA,NA,NA,NA,NA,NA,NA,NA
1647,NA,NA,PR,2022-10-24,NA,NA,NA,NA,NA,NA,NA,NA,NA,NA,NA,NA,NA,NA
1648,0.262462989814385,0.219362208993972,PR,2022-10-25,1,1,1,1,1,1,1,1,1,1,1,1,1,1
1649,NA,NA,PR,2022-10-26,NA,NA,NA,NA,NA,NA,NA,NA,NA,NA,NA,NA,NA,NA
1650,NA,NA,PR,2022-10-27,NA,NA,NA,NA,NA,NA,NA,NA,NA,NA,NA,NA,NA,NA
1651,NA,NA,PR,2022-10-28,NA,NA,NA,NA,NA,NA,NA,NA,NA,NA,NA,NA,NA,NA
1652,NA,NA,PR,2022-10-29,NA,NA,NA,NA,NA,NA,NA,NA,NA,NA,NA,NA,NA,NA
1653,NA,NA,PR,2022-10-30,NA,NA,NA,NA,NA,NA,NA,NA,NA,NA,NA,NA,NA,NA
1654,0.301996198580524,0.1839891395600275,PR,2022-10-31,1,1,1,1,1,1,1,1,1,1,1,1,1,1
1655,NA,NA,PR,2022-11-01,NA,NA,NA,NA,NA,NA,NA,NA,NA,NA,NA,NA,NA,NA
1656,NA,NA,PR,2022-11-02,NA,NA,NA,NA,NA,NA,NA,NA,NA,NA,NA,NA,NA,NA
1657,NA,NA,PR,2022-11-03,NA,NA,NA,NA,NA,NA,NA,NA,NA,NA,NA,NA,NA,NA
1658,0.522348646259974,0.414803140892014,PR,2022-11-04,1,1,1,1,1,1,1,1,1,1,1,1,1,1
1659,NA,NA,PR,2022-11-05,NA,NA,NA,NA,NA,NA,NA,NA,NA,NA,NA,NA,NA,NA
1660,NA,NA,PR,2022-11-06,NA,NA,NA,NA,NA,NA,NA,NA,NA,NA,NA,NA,NA,NA
1661,NA,NA,PR,2022-11-07,NA,NA,NA,NA,NA,NA,NA,NA,NA,NA,NA,NA,NA,NA
1662,NA,NA,PR,2022-11-08,NA,NA,NA,NA,NA,NA,NA,NA,NA,NA,NA,NA,NA,NA
1663,NA,NA,PR,2022-11-09,NA,NA,NA,NA,NA,NA,NA,NA,NA,NA,NA,NA,NA,NA
1664,NA,NA,PR,2022-11-10,NA,NA,NA,NA,NA,NA,NA,NA,NA,NA,NA,NA,NA,NA
1665,NA,NA,PR,2022-11-11,NA,NA,NA,NA,NA,NA,NA,NA,NA,NA,NA,NA,NA,NA
1666,NA,NA,PR,2022-11-12,NA,NA,NA,NA,NA,NA,NA,NA,NA,NA,NA,NA,NA,NA
1667,NA,NA,PR,2022-11-13,NA,NA,NA,NA,NA,NA,NA,NA,NA,NA,NA,NA,NA,NA
1668,NA,NA,PR,2022-11-14,NA,NA,NA,NA,NA,NA,NA,NA,NA,NA,NA,NA,NA,NA
1669,NA,NA,PR,2022-11-15,NA,NA,NA,NA,NA,NA,NA,NA,NA,NA,NA,NA,NA,NA
1670,NA,NA,PR,2022-11-16,NA,NA,NA,NA,NA,NA,NA,NA,NA,NA,NA,NA,NA,NA
1671,NA,NA,PR,2022-11-17,NA,NA,NA,NA,NA,NA,NA,NA,NA,NA,NA,NA,NA,NA
1672,NA,NA,PR,2022-11-18,NA,NA,NA,NA,NA,NA,NA,NA,NA,NA,NA,NA,NA,NA
1673,NA,NA,PR,2022-11-19,NA,NA,NA,NA,NA,NA,NA,NA,NA,NA,NA,NA,NA,NA
1674,NA,NA,PR,2022-11-20,NA,NA,NA,NA,NA,NA,NA,NA,NA,NA,NA,NA,NA,NA
1675,NA,NA,PR,2022-11-21,NA,NA,NA,NA,NA,NA,NA,NA,NA,NA,NA,NA,NA,NA
1676,NA,NA,PR,2022-11-22,NA,NA,NA,NA,NA,NA,NA,NA,NA,NA,NA,NA,NA,NA
1677,NA,NA,PR,2022-11-23,NA,NA,NA,NA,NA,NA,NA,NA,NA,NA,NA,NA,NA,NA
1678,NA,NA,PR,2022-11-24,NA,NA,NA,NA,NA,NA,NA,NA,NA,NA,NA,NA,NA,NA
1679,NA,NA,PR,2022-11-25,NA,NA,NA,NA,NA,NA,NA,NA,NA,NA,NA,NA,NA,NA
1680,NA,NA,PR,2022-11-26,NA,NA,NA,NA,NA,NA,NA,NA,NA,NA,NA,NA,NA,NA
1681,0.90537732090024,0.1834124312257165,RI,2022-10-16,1,0,1,1,1,1,1,1,1,0,1,0,1,1
1682,0.0393044596574093,0.02912927996568905,RI,2022-10-17,1,1,1,1,1,1,1,1,0,0,1,1,1,1
1683,0.771988034431195,0.3767940701175845,RI,2022-10-18,1,0,1,1,1,1,1,1,1,1,1,1,1,1
1684,0.16686177019756,0.03251155420501725,RI,2022-10-19,1,1,1,1,1,1,1,1,1,0,1,0,1,1
1685,0.328795775288116,0.0345203910606362,RI,2022-10-20,1,1,1,1,1,1,1,1,1,1,1,1,1,1
1686,0.9696902337647,0.697503466957815,RI,2022-10-21,1,1,0,1,0,1,1,1,1,0,1,0,1,1
1687,0.53985550502263,0.0392932440767197,RI,2022-10-22,1,1,1,1,1,1,1,1,1,1,1,1,1,1
1688,0.746077106962988,0.1370105659454965,RI,2022-10-23,1,1,1,1,1,1,1,1,0,1,1,0,1,1
1689,1.38879604774154,0.3253002830329575,RI,2022-10-24,1,1,1,0,0,1,1,1,1,0,0,0,1,1
1690,NA,NA,RI,2022-10-25,NA,NA,NA,NA,NA,NA,NA,NA,NA,NA,NA,NA,NA,NA
1691,1.26848209945173,0.2888032992648385,RI,2022-10-26,1,1,1,1,0,1,1,1,1,0,1,0,1,1
1692,0.0889286902674291,0.056987496874187,RI,2022-10-27,1,1,1,1,1,1,1,1,1,1,1,1,1,1
1693,1.41702014740771,0.2891644059479795,RI,2022-10-28,1,1,1,1,0,1,1,1,1,0,1,0,1,1
1694,0.672537772719471,0.212137536858321,RI,2022-10-29,1,1,1,1,1,1,1,1,1,0,1,0,1,1
1695,2.26335633870443,0.312012806445627,RI,2022-10-30,1,1,0,1,0,1,0,1,0,0,1,0,1,0
1696,1.21452274541073,0.2578302178772105,RI,2022-10-31,1,1,1,0,1,1,1,1,0,0,0,0,1,1
1697,2.04389335902057,0.348679355873739,RI,2022-11-01,1,0,0,1,1,1,1,1,0,0,1,0,0,1
1698,1.04753055758834,0.3355730892606825,RI,2022-11-02,1,1,1,0,1,1,1,1,1,0,0,1,1,1
1699,1.00386599424654,0.31429702539717,RI,2022-11-03,1,1,1,1,1,1,1,1,1,0,0,1,1,1
1700,1.03319503386329,0.269486795236581,RI,2022-11-04,1,1,1,1,1,1,1,1,0,1,1,0,1,1
1701,0.878512322902991,0.174465942980649,RI,2022-11-05,1,1,1,1,1,1,1,1,1,1,1,1,1,1
1702,3.1408691002402,0.4077204019552125,RI,2022-11-06,0,0,1,1,0,0,1,0,0,0,1,0,0,1
1703,0.559037885688981,0.3979499469259805,RI,2022-11-07,1,1,1,1,1,1,1,1,1,0,1,0,1,1
1704,NA,NA,RI,2022-11-08,NA,NA,NA,NA,NA,NA,NA,NA,NA,NA,NA,NA,NA,NA
1705,0.231673382673975,0.169229128548893,RI,2022-11-09,1,1,1,1,1,1,1,1,1,0,1,0,1,1
1706,1.16282265906745,0.39286319690219,RI,2022-11-10,1,1,1,1,1,1,0,1,1,0,1,1,1,0
1707,3.27733740093113,0.357554604675675,RI,2022-11-11,1,1,1,0,0,0,1,1,0,0,0,0,0,1
1708,0.975723171568477,0.307287935595,RI,2022-11-12,1,1,1,1,1,1,0,1,1,0,1,0,1,0
1709,1.25115394854111,0.3212840978497615,RI,2022-11-13,1,0,1,1,1,1,1,1,0,0,1,1,1,1
1710,2.31887558191267,0.3497437125971435,RI,2022-11-14,0,0,1,1,1,1,1,0,0,0,0,0,0,1
1711,0.222255024954785,0.2534482891707245,RI,2022-11-15,1,1,1,1,1,1,1,1,1,0,1,0,1,1
1712,NA,NA,RI,2022-11-16,NA,NA,NA,NA,NA,NA,NA,NA,NA,NA,NA,NA,NA,NA
1713,1.53973425358257,0.3044358277781615,RI,2022-11-17,1,1,1,0,1,1,1,1,1,0,0,0,1,1
1714,0.875199182357668,0.3195827126594045,RI,2022-11-18,1,1,1,1,1,0,1,1,1,1,1,0,0,1
1715,2.09707068091559,0.3264989692277305,RI,2022-11-19,1,1,0,1,0,1,1,1,0,0,1,1,1,1
1716,0.945126827107887,0.277838319157068,RI,2022-11-20,1,1,1,1,1,1,1,1,0,0,1,0,1,1
1717,NA,NA,RI,2022-11-21,NA,NA,NA,NA,NA,NA,NA,NA,NA,NA,NA,NA,NA,NA
1718,0.903071229302407,0.412943301483134,RI,2022-11-22,1,0,1,1,1,1,1,1,0,0,1,0,1,1
1719,0.312528806270365,0.275224207307413,RI,2022-11-23,1,1,1,1,1,1,1,1,1,1,1,1,1,1
1720,NA,NA,RI,2022-11-24,NA,NA,NA,NA,NA,NA,NA,NA,NA,NA,NA,NA,NA,NA
1721,0.958337822825496,0.3467874064503395,RI,2022-11-25,1,1,0,1,1,1,1,1,1,1,1,1,1,1
1722,1.33766713521266,0.258472404999805,RI,2022-11-26,1,1,0,1,1,1,1,1,1,0,1,0,1,1
1723,0.45283884521187,0.244141496125614,SC,2022-10-16,1,1,1,1,1,1,1,1,0,0,1,1,1,1
1724,1.47191094559439,0.236830662987741,SC,2022-10-17,1,1,1,1,1,1,1,1,1,1,0,0,1,1
1725,2.05227522233706,0.134801664913143,SC,2022-10-18,1,1,0,1,0,1,1,1,0,0,1,0,1,1
1726,1.2564383583205,0.2003838267363745,SC,2022-10-19,1,1,1,1,1,1,1,1,0,0,0,1,1,1
1727,1.80213859869502,0.1833768143676715,SC,2022-10-20,1,0,1,1,1,1,0,1,0,0,1,0,1,0
1728,1.04867370076789,0.1759396400038075,SC,2022-10-21,1,1,1,1,1,1,1,1,1,0,1,0,1,1
1729,0.950516131963288,0.2416819848780555,SC,2022-10-22,1,1,1,0,1,1,1,1,0,0,0,0,1,1
1730,2.91458351278483,0.3419976094104325,SC,2022-10-23,1,1,0,1,0,1,1,1,1,0,0,0,1,1
1731,1.67676340176585,0.220773409763153,SC,2022-10-24,1,1,1,1,1,1,1,1,0,0,0,0,1,1
1732,0.712152409854543,0.193424295572907,SC,2022-10-25,1,1,1,1,1,1,1,1,0,1,1,0,1,1
1733,1.71411591754069,0.176466456270418,SC,2022-10-26,1,1,0,1,1,1,1,1,1,0,0,0,1,1
1734,2.41484841971569,0.280416610540924,SC,2022-10-27,1,0,1,1,0,1,1,1,0,0,0,0,1,1
1735,2.15892002351387,0.2240318588425985,SC,2022-10-28,1,0,1,1,0,1,1,1,0,0,0,0,1,1
1736,1.44378354517165,0.2996136943888775,SC,2022-10-29,1,1,1,1,1,0,1,1,0,0,0,0,0,1
1737,1.09635204487388,0.243893024688914,SC,2022-10-30,1,1,1,1,1,1,1,1,0,0,0,0,1,1
1738,1.33893162749587,0.292548034178778,SC,2022-10-31,1,1,1,1,1,1,1,1,1,1,1,1,1,1
1739,2.28046295304288,0.335907170304147,SC,2022-11-01,1,1,0,1,1,1,0,1,0,0,1,0,1,0
1740,2.16489450117247,0.2949815409352665,SC,2022-11-02,1,0,1,1,0,0,1,1,0,0,1,0,0,1
1741,1.76620988486374,0.244342769896104,SC,2022-11-03,1,1,0,1,1,1,1,1,1,1,0,0,1,1
1742,4.37483296595607,0.2244532366324595,SC,2022-11-04,1,1,0,1,0,1,1,1,0,0,0,0,1,1
1743,0.948672020407406,0.2557740321153085,SC,2022-11-05,1,1,1,1,1,1,1,1,0,0,1,0,1,1
1744,3.07405157931221,0.3500976686964955,SC,2022-11-06,1,1,0,1,0,1,1,1,0,0,1,0,1,1
1745,4.42560491327106,0.2966913026542275,SC,2022-11-07,1,0,0,1,0,1,1,1,0,0,0,0,1,1
1746,2.42989647699866,0.2923949660851465,SC,2022-11-08,1,0,1,1,0,1,0,1,0,1,0,0,1,0
1747,2.38948532236607,0.2797144584915965,SC,2022-11-09,1,0,1,1,0,1,1,1,0,0,0,0,1,1
1748,1.37881059036646,0.304087478797239,SC,2022-11-10,1,1,1,1,1,1,1,1,0,0,1,0,1,1
1749,3.21009141425067,0.254307478728353,SC,2022-11-11,1,0,0,1,1,1,1,1,1,0,0,0,1,1
1750,0.918737248795897,0.3296233261708875,SC,2022-11-12,1,1,1,1,1,1,1,1,0,0,1,0,1,1
1751,1.65372814513206,0.264359232795564,SC,2022-11-13,1,1,0,1,1,1,1,1,1,0,1,0,1,1
1752,9.60654334983714,0.277015443399841,SC,2022-11-14,1,0,0,1,0,1,1,1,0,0,0,0,0,1
1753,1.41348165650076,0.3195303599681405,SC,2022-11-15,1,1,1,1,1,1,1,1,0,0,1,1,0,1
1754,2.06772245730523,0.283223673370043,SC,2022-11-16,1,0,1,1,1,1,0,1,1,0,0,0,1,0
1755,4.20526654429459,0.317990101414257,SC,2022-11-17,1,1,0,1,0,1,1,1,1,0,1,0,1,1
1756,1.90145383151092,0.2747313097738335,SC,2022-11-18,1,1,0,1,1,1,1,1,0,0,1,0,1,1
1757,0.882782469079588,0.3525061028945435,SC,2022-11-19,1,1,1,0,1,1,1,1,1,0,0,0,1,1
1758,2.22925878949092,0.4190260681690965,SC,2022-11-20,1,1,1,1,0,1,0,1,1,0,0,0,1,0
1759,2.9419230167958,0.2074071277571355,SC,2022-11-21,1,1,0,1,0,1,1,1,0,1,0,1,1,1
1760,2.79291770769364,0.2019655473962245,SC,2022-11-22,1,1,1,1,0,1,1,1,0,0,0,1,0,1
1761,1.65036061209722,0.311703718874365,SC,2022-11-23,1,1,1,1,1,1,1,1,1,0,0,0,1,1
1762,NA,NA,SC,2022-11-24,NA,NA,NA,NA,NA,NA,NA,NA,NA,NA,NA,NA,NA,NA
1763,5.25099197026252,0.3821524776138415,SC,2022-11-25,1,1,0,0,0,1,1,1,0,0,0,0,0,1
1764,2.27563126155142,0.291484990165885,SC,2022-11-26,1,1,0,1,1,1,1,1,0,0,0,0,0,1
1765,0.0213648636563366,0.02120271602003755,SD,2022-10-16,1,1,1,1,1,1,1,1,1,1,1,1,1,1
1766,0.695332846518477,0.2641094644128525,SD,2022-10-17,1,0,1,1,1,1,1,1,0,1,1,0,1,1
1767,0.85912542500539,0.3846173802444525,SD,2022-10-18,1,0,1,1,1,1,1,1,0,0,0,1,1,1
1768,0.242566622935404,0.0235508259958678,SD,2022-10-19,1,1,1,1,1,1,1,1,0,0,1,1,1,1
1769,0.492044215866404,0.1680489281807785,SD,2022-10-20,1,1,1,1,1,1,1,1,0,1,1,0,1,1
1770,1.50664740237866,0.311265527598785,SD,2022-10-21,1,0,0,1,1,1,1,1,0,0,1,1,1,1
1771,NA,NA,SD,2022-10-22,NA,NA,NA,NA,NA,NA,NA,NA,NA,NA,NA,NA,NA,NA
1772,0.0277995777805284,0.02809029374151305,SD,2022-10-23,1,1,1,1,1,1,1,1,1,1,1,1,1,1
1773,0.299295316686498,0.02955000298185255,SD,2022-10-24,1,1,1,1,1,1,1,1,1,1,1,1,1,1
1774,0.0991750515653494,0.0311663799978394,SD,2022-10-25,1,1,1,1,1,1,1,1,1,1,1,1,1,1
1775,0.216130584098169,0.03295483385867795,SD,2022-10-26,1,1,1,1,1,1,1,1,0,0,1,1,1,1
1776,NA,NA,SD,2022-10-27,NA,NA,NA,NA,NA,NA,NA,NA,NA,NA,NA,NA,NA,NA
1777,0.115746264664863,0.0371158296238693,SD,2022-10-28,1,1,1,1,1,1,1,1,1,0,1,0,1,1
1778,NA,NA,SD,2022-10-29,NA,NA,NA,NA,NA,NA,NA,NA,NA,NA,NA,NA,NA,NA
1779,0.821814684885451,0.3770395492635475,SD,2022-10-30,1,0,1,1,1,1,1,1,1,0,1,0,1,1
1780,1.08128514795427,0.177724597784803,SD,2022-10-31,1,0,1,1,1,1,1,1,0,0,1,0,0,1
1781,0.0435886357906061,0.0483201400442268,SD,2022-11-01,1,1,1,1,1,1,1,1,0,0,1,1,1,1
1782,0.95910643621051,0.104551426725622,SD,2022-11-02,1,1,1,1,1,1,1,1,0,0,1,1,1,1
1783,0.464960716294534,0.1679780274721075,SD,2022-11-03,1,1,1,1,1,1,1,1,0,0,1,0,1,1
1784,0.826648105481985,0.139059631743935,SD,2022-11-04,1,1,1,1,1,1,1,1,0,0,1,0,1,1
1785,1.35025642652541,0.325509937291063,SD,2022-11-05,1,1,0,1,0,1,1,1,0,1,1,0,1,1
1786,NA,NA,SD,2022-11-06,NA,NA,NA,NA,NA,NA,NA,NA,NA,NA,NA,NA,NA,NA
1787,0.83027004948517,0.2119607969398595,SD,2022-11-07,1,1,1,1,1,1,1,1,0,0,1,1,0,1
1788,0.229991700998112,0.0810802739782735,SD,2022-11-08,1,1,1,1,1,1,1,1,1,1,1,1,1,1
1789,0.669138919880966,0.0875412013709405,SD,2022-11-09,1,1,1,1,1,1,1,1,0,0,1,0,1,1
1790,0.463302547574972,0.0945251246863635,SD,2022-11-10,1,1,1,1,1,1,1,1,1,0,1,0,1,1
1791,0.275081835123888,0.102055614313578,SD,2022-11-11,1,1,1,1,1,1,1,1,1,1,1,1,1,1
1792,NA,NA,SD,2022-11-12,NA,NA,NA,NA,NA,NA,NA,NA,NA,NA,NA,NA,NA,NA
1793,NA,NA,SD,2022-11-13,NA,NA,NA,NA,NA,NA,NA,NA,NA,NA,NA,NA,NA,NA
1794,0.595373973223103,0.1281313898258865,SD,2022-11-14,1,1,1,1,1,1,1,1,1,0,1,0,1,1
1795,NA,NA,SD,2022-11-15,NA,NA,NA,NA,NA,NA,NA,NA,NA,NA,NA,NA,NA,NA
1796,NA,NA,SD,2022-11-16,NA,NA,NA,NA,NA,NA,NA,NA,NA,NA,NA,NA,NA,NA
1797,NA,NA,SD,2022-11-17,NA,NA,NA,NA,NA,NA,NA,NA,NA,NA,NA,NA,NA,NA
1798,0.152655515103918,0.1715449908313355,SD,2022-11-18,1,1,1,1,1,1,1,1,1,1,1,1,1,1
1799,NA,NA,SD,2022-11-19,NA,NA,NA,NA,NA,NA,NA,NA,NA,NA,NA,NA,NA,NA
1800,NA,NA,SD,2022-11-20,NA,NA,NA,NA,NA,NA,NA,NA,NA,NA,NA,NA,NA,NA
1801,NA,NA,SD,2022-11-21,NA,NA,NA,NA,NA,NA,NA,NA,NA,NA,NA,NA,NA,NA
1802,NA,NA,SD,2022-11-22,NA,NA,NA,NA,NA,NA,NA,NA,NA,NA,NA,NA,NA,NA
1803,NA,NA,SD,2022-11-23,NA,NA,NA,NA,NA,NA,NA,NA,NA,NA,NA,NA,NA,NA
1804,NA,NA,SD,2022-11-24,NA,NA,NA,NA,NA,NA,NA,NA,NA,NA,NA,NA,NA,NA
1805,NA,NA,SD,2022-11-25,NA,NA,NA,NA,NA,NA,NA,NA,NA,NA,NA,NA,NA,NA
1806,NA,NA,SD,2022-11-26,NA,NA,NA,NA,NA,NA,NA,NA,NA,NA,NA,NA,NA,NA
1807,0.0943685497472587,0.0203153291380055,TN,2022-10-16,1,1,1,1,1,1,1,1,0,0,1,1,1,1
1808,0.8837556189978,0.271907677890529,TN,2022-10-17,1,1,1,1,1,1,1,1,0,0,1,0,1,1
1809,NA,NA,TN,2022-10-18,NA,NA,NA,NA,NA,NA,NA,NA,NA,NA,NA,NA,NA,NA
1810,1.84302546879298,0.50769585600383,TN,2022-10-19,1,0,0,1,1,1,1,1,0,0,1,1,1,1
1811,0.487827206164037,0.127430521702223,TN,2022-10-20,1,1,1,1,1,1,1,1,1,0,1,0,1,1
1812,0.601546979168324,0.1477364910445265,TN,2022-10-21,1,1,1,1,1,1,1,1,1,1,1,1,1,1
1813,1.06314816935132,0.750404700131985,TN,2022-10-22,1,1,0,1,0,1,1,1,1,0,1,0,1,1
1814,0.652107200014131,0.1172664197330745,TN,2022-10-23,1,1,1,1,1,1,1,1,1,0,1,0,1,1
1815,5.45975846296447,0.263313136143168,TN,2022-10-24,1,0,0,1,0,1,1,1,0,0,1,0,1,1
1816,0.924228699507105,0.2052368205212755,TN,2022-10-25,1,1,1,1,1,1,1,1,0,1,1,0,0,1
1817,0.924260566060492,0.164200674389929,TN,2022-10-26,1,1,1,1,1,1,1,1,0,0,1,0,1,1
1818,2.00529783203788,0.267062688187214,TN,2022-10-27,1,1,0,0,1,1,1,1,0,0,0,0,1,1
1819,0.617335186283891,0.130772352946851,TN,2022-10-28,1,1,1,1,1,1,1,1,1,0,1,0,1,1
1820,0.587237545427399,0.1313071609725,TN,2022-10-29,1,1,1,1,1,1,1,1,0,0,1,0,1,1
1821,1.37042382162949,0.11667225161898,TN,2022-10-30,1,1,1,0,1,1,1,1,0,1,0,1,1,1
1822,1.85034451649868,0.1677237388280775,TN,2022-10-31,1,1,1,1,0,1,1,1,0,0,0,0,1,1
1823,2.55336344862455,0.305687200417922,TN,2022-11-01,1,1,0,1,1,0,1,1,0,0,0,1,0,1
1824,2.38010762403141,0.4020726782241515,TN,2022-11-02,1,0,0,1,1,0,1,1,0,0,0,0,0,1
1825,1.22982708981722,0.245594094037997,TN,2022-11-03,1,1,1,1,1,1,1,1,0,0,0,1,1,1
1826,1.69735733369782,0.331854490438257,TN,2022-11-04,1,1,0,1,1,1,1,1,0,0,0,0,1,1
1827,0.735983765424257,0.270905959314977,TN,2022-11-05,1,1,1,1,1,1,1,1,0,1,1,0,1,1
1828,0.856641562105917,0.267103797177799,TN,2022-11-06,1,1,1,1,1,0,1,1,1,0,1,0,0,1
1829,1.7799575292132,0.3008817358223155,TN,2022-11-07,0,1,1,1,1,1,1,0,1,0,1,1,1,1
1830,0.919901243175138,0.204548692128828,TN,2022-11-08,1,1,1,1,1,1,1,1,0,0,1,1,1,1
1831,1.80999945849776,0.2975940275992285,TN,2022-11-09,1,1,1,1,0,0,1,1,1,0,1,0,0,1
1832,0.90481986304978,0.326924814956451,TN,2022-11-10,1,1,1,0,1,1,1,1,1,1,0,0,1,1
1833,0.962906928886248,0.360459119118185,TN,2022-11-11,1,1,1,1,1,1,1,1,0,0,1,1,1,1
1834,0.922337317496695,0.1764608838213625,TN,2022-11-12,1,1,1,1,1,1,1,1,1,1,1,1,1,1
1835,0.90205616563852,0.246706024343803,TN,2022-11-13,1,1,1,1,1,1,1,1,1,0,1,0,1,1
1836,2.63871418978038,0.3751177038766845,TN,2022-11-14,1,1,1,0,1,0,1,1,0,0,0,0,0,1
1837,1.07731849578024,0.344136713317539,TN,2022-11-15,1,1,1,0,1,1,1,1,0,1,0,0,1,1
1838,1.08253561294411,0.287602824440612,TN,2022-11-16,1,1,1,1,1,1,1,1,1,0,0,1,1,1
1839,1.21362847450182,0.229550606982463,TN,2022-11-17,1,1,1,1,1,1,1,1,1,0,0,0,1,1
1840,1.28049870709499,0.2505730255009685,TN,2022-11-18,1,1,1,1,1,1,1,1,1,0,0,0,1,1
1841,1.61772719264754,0.2839191529032385,TN,2022-11-19,1,1,0,1,0,1,1,1,1,0,1,0,1,1
1842,0.985992361426497,0.286164415382901,TN,2022-11-20,1,1,1,1,1,1,1,1,0,0,1,0,1,1
1843,2.86894500422004,0.281250640017899,TN,2022-11-21,1,1,0,1,1,1,1,1,0,0,0,0,0,1
1844,3.19623109357467,0.3369169005549365,TN,2022-11-22,1,1,1,1,0,1,0,1,0,1,0,0,0,0
1845,1.78749806452247,0.2919301113289525,TN,2022-11-23,1,1,0,0,0,1,1,1,0,0,0,0,0,1
1846,0.985047068749635,0.2906667070000555,TN,2022-11-24,1,1,0,1,1,1,1,1,1,0,1,0,1,1
1847,1.29999783384816,0.3112632630145895,TN,2022-11-25,1,1,1,1,1,1,0,1,1,0,0,0,0,0
1848,2.58722753278593,0.2853063642104195,TN,2022-11-26,1,1,0,1,0,1,1,1,0,0,0,1,1,1
1849,1.49709829380777,0.178813962741134,TX,2022-10-16,1,1,1,0,1,1,1,1,0,0,0,0,1,1
1850,4.45698248364955,0.235333072292495,TX,2022-10-17,0,0,1,1,0,1,0,0,0,0,0,0,1,0
1851,6.20816662104375,0.332498175052019,TX,2022-10-18,0,0,0,0,1,1,1,0,0,0,0,0,1,1
1852,2.76763874685556,0.21244202755897101,TX,2022-10-19,0,1,1,1,1,1,1,0,0,0,0,1,1,1
1853,3.05676651551027,0.2402571880427995,TX,2022-10-20,1,0,1,1,1,1,1,1,0,0,0,1,1,1
1854,2.066777561165,0.1961349407838565,TX,2022-10-21,1,1,1,1,1,1,1,1,1,0,0,0,1,1
1855,3.18339257235545,0.287298371593066,TX,2022-10-22,0,1,0,1,0,1,1,0,0,0,0,0,1,1
1856,2.54309151971731,0.2613200958438015,TX,2022-10-23,1,1,1,1,0,1,1,1,0,0,0,0,0,1
1857,2.93563086433822,0.2148982357390105,TX,2022-10-24,0,0,1,1,1,1,1,0,0,0,1,0,1,1
1858,4.15870275070465,0.358135770703465,TX,2022-10-25,1,0,0,1,0,1,0,1,0,0,0,1,1,0
1859,2.89614549601466,0.277400907593408,TX,2022-10-26,0,0,1,1,0,0,1,0,0,0,1,0,0,1
1860,8.30678242846868,0.199556053881873,TX,2022-10-27,1,1,0,1,0,1,1,1,0,0,0,0,1,1
1861,2.61825444022585,0.2902879139748395,TX,2022-10-28,1,1,1,1,1,1,0,1,1,0,0,0,1,0
1862,7.28760080518893,0.217960363145489,TX,2022-10-29,1,1,0,0,0,1,1,1,0,0,1,0,1,1
1863,4.91566777857272,0.3148720906615975,TX,2022-10-30,0,0,1,0,1,1,1,0,0,0,0,0,0,1
1864,7.05005034936118,0.271412189456169,TX,2022-10-31,1,0,0,0,0,1,1,1,0,0,0,0,0,1
1865,2.60270469696468,0.277077371018516,TX,2022-11-01,1,1,1,1,1,1,1,1,0,0,0,0,1,1
1866,3.15013920327681,0.2773032130659465,TX,2022-11-02,0,1,1,1,1,1,1,0,1,0,0,0,1,1
1867,7.0545174544467,0.271459421577857,TX,2022-11-03,0,1,0,1,0,1,1,0,0,0,0,0,0,1
1868,6.40778899617845,0.2705847114518505,TX,2022-11-04,1,0,0,1,0,1,0,1,1,0,0,0,1,0
1869,3.7355459063468,0.317602812569461,TX,2022-11-05,1,0,1,1,1,1,1,1,0,0,0,0,0,1
1870,5.02729332485989,0.323555865007462,TX,2022-11-06,0,0,1,1,0,1,1,0,0,0,0,0,0,1
1871,5.90798729142494,0.31123686206614,TX,2022-11-07,0,1,1,1,0,1,1,0,0,0,0,0,1,1
1872,3.40638516073423,0.282259838739519,TX,2022-11-08,0,1,1,1,1,1,0,0,0,0,0,1,1,0
1873,5.39634337906123,0.270437612003526,TX,2022-11-09,1,1,0,0,1,1,1,1,0,0,0,0,0,1
1874,5.12649276764112,0.337226088645532,TX,2022-11-10,1,1,1,1,0,0,0,1,0,0,0,0,0,0
1875,2.92558305363319,0.3065344025933425,TX,2022-11-11,1,1,1,0,1,1,0,1,0,0,0,0,0,0
1876,6.78371338276696,0.346865355476554,TX,2022-11-12,1,0,0,1,0,1,1,1,0,0,1,0,1,1
1877,4.38482733735248,0.2643706959749095,TX,2022-11-13,1,1,0,0,1,1,1,1,0,0,0,0,0,1
1878,10.233075321139,0.3244991508451705,TX,2022-11-14,0,1,1,0,0,0,1,0,0,0,0,0,0,1
1879,13.8685851691209,0.3217714689754655,TX,2022-11-15,1,0,0,0,0,1,1,1,0,0,0,0,0,1
1880,4.63379893168202,0.2527707059397225,TX,2022-11-16,1,0,0,1,1,1,1,1,0,0,0,0,0,1
1881,10.9616910184272,0.3345582821765965,TX,2022-11-17,0,1,0,0,0,1,1,0,1,0,0,0,1,1
1882,4.04689628686725,0.302175315342467,TX,2022-11-18,1,1,0,1,0,1,1,1,0,0,0,0,0,1
1883,4.48086652149132,0.2637255457776275,TX,2022-11-19,1,1,0,1,0,1,1,1,1,0,0,0,1,1
1884,5.26149877702296,0.28024619650245147,TX,2022-11-20,1,1,1,0,0,1,1,1,0,0,0,0,0,1
1885,23.0729735668919,0.3117218365651285,TX,2022-11-21,0,1,0,1,0,1,0,0,0,0,1,0,0,0
1886,10.6678834190182,0.2598054136156635,TX,2022-11-22,1,0,0,0,0,1,1,1,0,0,0,0,0,1
1887,17.379171552945,0.307253713652143,TX,2022-11-23,0,1,0,1,0,1,0,0,0,0,0,0,1,0
1888,0.858058253835711,0.625220802613395,TX,2022-11-24,1,1,0,1,1,1,1,1,1,0,1,0,1,1
1889,44.6976770532941,0.327833283772441,TX,2022-11-25,1,1,0,1,0,0,0,1,0,0,1,0,0,0
1890,5.75156455147994,0.3834588420560335,TX,2022-11-26,1,0,0,0,0,1,1,1,0,0,0,0,1,1
1891,0.703072307991318,0.1766720729632115,UT,2022-10-16,1,0,1,1,1,1,1,1,0,1,0,1,1,1
1892,0.853779857613419,0.108699152006822,UT,2022-10-17,1,1,1,0,1,1,1,1,0,1,0,1,1,1
1893,0.656784108645864,0.1375191564633885,UT,2022-10-18,1,1,1,1,1,1,1,1,1,0,1,0,1,1
1894,1.15891526640192,0.0231712680271316,UT,2022-10-19,1,1,0,1,1,1,1,1,0,0,1,1,1,1
1895,0.55713760267251,0.02535543219387065,UT,2022-10-20,1,1,1,1,1,1,1,1,0,0,1,1,1,1
1896,0.912982968779293,0.1125395677892265,UT,2022-10-21,1,1,1,1,1,1,1,1,0,0,1,0,1,1
1897,0.517949973143379,0.1046728115435085,UT,2022-10-22,1,1,1,1,1,1,1,1,1,0,1,1,0,1
1898,0.271675124194239,0.03357960191003075,UT,2022-10-23,1,1,1,1,1,1,1,1,1,0,1,0,1,1
1899,0.940137733737093,0.2379494137694245,UT,2022-10-24,0,1,1,1,1,1,1,0,1,0,1,1,1,1
1900,1.353710508553,0.3193977399787175,UT,2022-10-25,1,0,0,1,1,1,1,1,0,0,1,0,1,1
1901,1.72771451766652,0.4246586355300815,UT,2022-10-26,1,1,0,0,0,1,1,1,1,0,0,0,1,1
1902,1.04078087933373,0.368914778701168,UT,2022-10-27,1,0,1,1,1,1,1,1,0,1,1,0,1,1
1903,2.0376434596371,0.2579542682309625,UT,2022-10-28,1,1,1,1,0,1,0,1,1,1,0,1,1,0
1904,1.26816874410805,0.334605286768695,UT,2022-10-29,1,0,1,0,1,1,1,1,0,0,0,0,1,1
1905,0.788540699621005,0.2121635007382995,UT,2022-10-30,1,1,1,0,1,1,1,1,1,1,0,1,0,1
1906,2.8184207973958,0.371596084205973,UT,2022-10-31,1,1,0,0,1,0,1,1,1,0,0,1,0,1
1907,2.86166334821593,0.1311115957339315,UT,2022-11-01,1,1,0,1,0,1,1,1,1,0,1,0,1,1
1908,0.500091251846527,0.206895085453559,UT,2022-11-02,1,1,1,1,1,1,1,1,0,0,1,0,1,1
1909,2.37572092266679,0.2892870644791715,UT,2022-11-03,1,0,1,1,1,1,1,1,0,0,0,0,1,1
1910,0.718954642320353,0.2836776869127295,UT,2022-11-04,1,1,1,1,1,1,1,1,1,0,1,0,1,1
1911,1.94467301230585,0.352862645349033,UT,2022-11-05,1,0,0,1,0,1,1,1,0,0,1,1,1,1
1912,0.726839268087619,0.2014004557907645,UT,2022-11-06,1,1,1,1,1,1,1,1,1,0,0,0,1,1
1913,2.22585802172335,0.2997431084222635,UT,2022-11-07,1,1,0,1,0,1,0,1,1,1,1,0,1,0
1914,1.06752364710029,0.214603408641999,UT,2022-11-08,1,1,1,1,1,1,1,1,1,0,0,0,1,1
1915,3.97241757747847,0.2213735721533995,UT,2022-11-09,1,0,0,1,0,1,1,1,0,0,1,0,1,1
1916,5.71608297329989,0.192059526902112,UT,2022-11-10,1,1,0,1,0,1,1,1,1,0,1,0,0,1
1917,2.1312227542879,0.197979339931954,UT,2022-11-11,1,1,0,1,0,1,1,1,1,0,1,0,1,1
1918,1.67161957925765,0.2141664883311935,UT,2022-11-12,1,1,0,1,0,1,1,1,1,0,1,0,1,1
1919,1.53652811129459,0.347903560279703,UT,2022-11-13,1,0,1,1,0,1,1,1,0,1,1,1,0,1
1920,1.3528251556737,0.291345392136403,UT,2022-11-14,1,1,1,1,1,1,1,1,1,0,0,1,1,1
1921,2.40430298161175,0.2747287676916815,UT,2022-11-15,1,1,0,1,1,1,1,1,1,0,0,0,1,1
1922,4.02881758117677,0.32860762434809,UT,2022-11-16,1,0,0,1,0,1,1,1,0,0,1,0,1,1
1923,1.00061293067092,0.283057863966283,UT,2022-11-17,1,1,1,1,1,1,1,1,1,1,0,0,1,1
1924,1.90412939755681,0.306649095874708,UT,2022-11-18,0,1,1,1,1,1,1,0,1,0,0,0,1,1
1925,2.13847277247497,0.3191576909715445,UT,2022-11-19,1,0,0,1,0,1,1,1,0,0,1,1,1,1
1926,0.307175985989302,0.2282165963605825,UT,2022-11-20,1,1,1,1,1,1,1,1,1,1,1,1,1,1
1927,2.19886157815543,0.365841942297163,UT,2022-11-21,1,1,0,0,0,1,1,1,1,1,0,0,1,1
1928,1.09233114836087,0.2850247486516935,UT,2022-11-22,1,0,1,1,1,1,1,1,0,0,1,0,0,1
1929,1.02469672612733,0.3138760771592305,UT,2022-11-23,1,0,1,1,1,1,1,1,0,0,1,0,1,1
1930,0.308022576980957,0.2814064826965105,UT,2022-11-24,1,1,1,1,1,1,1,1,1,0,0,1,1,1
1931,1.06084249107749,0.255773880297111,UT,2022-11-25,1,1,1,1,1,1,1,1,1,0,0,0,0,1
1932,3.23938958125835,0.3220188345354485,UT,2022-11-26,1,1,0,1,0,1,1,1,1,0,0,0,1,1
1933,2.00218633714165,0.1627787426126985,VA,2022-10-16,1,1,0,1,1,1,1,1,0,1,0,0,1,1
1934,5.20627848656889,0.259302536247088,VA,2022-10-17,1,0,0,1,1,1,1,1,0,0,1,1,1,1
1935,3.50781784377391,0.1796629764875655,VA,2022-10-18,1,0,0,1,1,1,0,1,0,0,0,0,1,0
1936,7.76889003463066,0.1650199642264065,VA,2022-10-19,1,1,0,0,0,1,1,1,0,0,0,0,1,1
1937,2.52638580023276,0.2062210652580105,VA,2022-10-20,1,1,1,1,1,1,1,1,0,0,0,0,1,1
1938,5.1836125513834,0.207660491600403,VA,2022-10-21,0,1,0,1,0,1,1,0,0,0,0,0,1,1
1939,3.09887514671573,0.2598580572756625,VA,2022-10-22,0,0,1,1,0,1,1,1,0,1,1,0,1,1
1940,3.92081534822011,0.316984078043313,VA,2022-10-23,0,1,0,1,0,1,1,0,0,0,0,0,1,1
1941,7.28615517097152,0.1867658998446315,VA,2022-10-24,1,0,0,1,0,1,1,1,1,0,0,0,1,1
1942,2.85952208008532,0.269493906976468,VA,2022-10-25,1,1,1,1,0,0,1,1,0,0,0,0,0,1
1943,4.89566481086635,0.2375849130115015,VA,2022-10-26,0,0,0,1,1,1,0,0,0,0,0,0,1,0
1944,3.34794339748508,0.2900121103297805,VA,2022-10-27,0,1,1,1,1,1,1,0,0,0,1,0,1,1
1945,7.2826936719204,0.214490193757873,VA,2022-10-28,1,1,0,1,0,1,1,1,0,0,0,0,1,1
1946,3.16202757282904,0.239807833904376,VA,2022-10-29,1,1,0,1,1,1,1,1,0,0,0,0,1,1
1947,2.90965812711069,0.3321809681799185,VA,2022-10-30,1,1,0,1,1,0,1,1,0,0,0,1,0,1
1948,3.77010187029915,0.2974311094559585,VA,2022-10-31,1,1,1,0,1,1,0,1,0,0,0,0,1,0
1949,6.84836234754747,0.2573588614370965,VA,2022-11-01,0,1,0,1,0,1,1,0,0,0,0,0,1,1
1950,2.92822333768592,0.270290284915057,VA,2022-11-02,0,0,1,1,1,1,1,0,0,0,1,0,1,1
1951,5.69984009948075,0.280458465057295,VA,2022-11-03,1,0,0,1,1,1,0,1,0,0,0,0,1,0
1952,4.01465367260858,0.2723462005881225,VA,2022-11-04,1,0,1,0,1,1,1,1,0,0,0,0,1,1
1953,3.83067824474736,0.3288015490916965,VA,2022-11-05,1,0,1,0,1,1,1,1,0,0,0,1,0,1
1954,4.66875797848652,0.251062293902477,VA,2022-11-06,1,0,0,0,1,1,1,1,1,0,0,0,1,1
1955,3.10029946373915,0.3005769506840125,VA,2022-11-07,0,1,1,1,1,1,1,0,1,0,0,0,1,1
1956,2.58695387070683,0.2879411972409145,VA,2022-11-08,1,1,0,1,1,1,1,1,0,0,1,0,1,1
1957,2.15073391428711,0.325390097352472,VA,2022-11-09,1,0,1,1,1,1,1,1,0,0,0,0,1,1
1958,2.84403099738653,0.3441691083773555,VA,2022-11-10,1,0,1,1,1,1,1,1,0,0,0,0,1,1
1959,1.12935889798335,0.311392260252326,VA,2022-11-11,1,1,1,1,1,1,1,1,1,0,1,0,0,1
1960,2.60192165374383,0.36939801954466,VA,2022-11-12,1,0,1,0,0,1,1,1,0,0,0,0,1,1
1961,1.553456985381,0.322318244685523,VA,2022-11-13,1,1,1,1,1,1,0,1,0,1,0,0,1,0
1962,8.52503186806246,0.29104667953621,VA,2022-11-14,1,0,0,1,0,1,1,1,0,0,0,0,1,1
1963,11.4313297709042,0.366691527776218,VA,2022-11-15,1,0,0,0,0,1,1,1,0,1,0,0,0,1
1964,6.50033557104747,0.364455907611198,VA,2022-11-16,1,1,1,0,0,0,1,0,0,0,0,0,0,1
1965,5.14713054357681,0.304749928830993,VA,2022-11-17,1,0,0,1,0,1,0,1,0,0,0,0,1,0
1966,8.26929685365891,0.322610079082758,VA,2022-11-18,1,1,0,1,0,1,0,1,0,0,1,0,1,0
1967,1.91338910916988,0.314609348809203,VA,2022-11-19,1,1,1,1,1,1,0,1,0,0,1,0,0,0
1968,1.95762658354923,0.218121694826506,VA,2022-11-20,1,1,1,1,1,1,1,1,0,0,1,0,1,1
1969,13.889962396169,0.3829775025762965,VA,2022-11-21,0,1,0,1,0,1,0,0,1,0,0,0,1,0
1970,7.84421216091109,0.318166061208144,VA,2022-11-22,1,1,0,1,0,1,0,1,0,0,0,0,1,0
1971,3.49664822615962,0.2386196704705915,VA,2022-11-23,0,1,1,0,1,1,0,0,0,1,0,0,1,0
1972,0.781555412522994,0.142313915509793,VA,2022-11-24,1,1,1,1,1,1,1,1,1,0,0,0,1,1
1973,14.5980065540993,0.3532999219459615,VA,2022-11-25,0,1,0,1,0,1,0,0,0,0,0,0,1,0
1974,14.9517757970402,0.376723652249101,VA,2022-11-26,0,1,0,0,0,1,1,0,1,0,0,0,0,1
1975,0.365505925923669,0.0244955709428348,VT,2022-10-16,1,1,1,1,1,1,1,1,1,1,1,1,1,1
1976,0.754382795978743,0.123402991016582,VT,2022-10-17,1,1,1,1,1,1,1,1,0,0,1,1,1,1
1977,2.51177265372575,0.2068808929209155,VT,2022-10-18,1,0,1,1,1,1,1,1,0,0,1,0,0,1
1978,1.00082271855768,0.2377703070152565,VT,2022-10-19,1,1,1,1,1,1,1,1,0,0,1,0,1,1
1979,2.54374668800261,0.0367542942622484,VT,2022-10-20,1,1,0,1,0,1,1,1,1,0,0,1,1,1
1980,0.83561168555905,0.152481382470686,VT,2022-10-21,1,1,1,1,1,1,1,1,0,0,1,1,1,1
1981,1.29195341788885,0.2147229958216425,VT,2022-10-22,1,0,1,1,1,1,1,1,0,0,1,0,1,1
1982,0.868741407795895,0.1660078171057485,VT,2022-10-23,1,1,1,1,1,1,1,1,0,1,0,1,1,1
1983,1.08969550705605,0.234160706770837,VT,2022-10-24,1,1,1,1,0,1,1,1,0,0,1,0,1,1
1984,1.57906824550674,0.061412463360051,VT,2022-10-25,1,1,0,1,0,1,1,1,1,0,1,0,1,1
1985,1.21634600061947,0.067931752633574,VT,2022-10-26,1,1,0,1,1,1,1,1,0,0,1,0,1,1
1986,1.14671654358573,0.339020231375511,VT,2022-10-27,1,0,1,1,1,1,1,1,0,0,1,0,1,1
1987,1.08085569929855,0.082828593440027,VT,2022-10-28,1,1,0,1,1,1,1,1,1,0,1,0,1,1
1988,NA,NA,VT,2022-10-29,NA,NA,NA,NA,NA,NA,NA,NA,NA,NA,NA,NA,NA,NA
1989,0.725376935386774,0.4714259102215005,VT,2022-10-30,1,1,1,1,1,1,1,1,1,1,1,1,1,1
1990,0.943963820808833,0.1588780546637495,VT,2022-10-31,1,1,1,1,1,1,1,1,1,1,1,1,1,1
1991,1.68624467077086,0.206361310915561,VT,2022-11-01,1,0,1,1,0,1,1,1,0,1,1,0,1,1
1992,3.02088154687184,0.2306404264706975,VT,2022-11-02,1,1,0,1,0,0,1,1,1,1,1,0,0,1
1993,0.493542819937996,0.1442837666008315,VT,2022-11-03,1,1,1,1,1,1,1,1,1,1,1,1,1,1
1994,1.26418278181888,0.157143723701112,VT,2022-11-04,1,1,0,1,0,1,1,1,1,0,1,0,1,1
1995,1.61116985328283,0.470701564690292,VT,2022-11-05,1,1,0,1,1,0,1,1,1,0,1,0,0,1
1996,1.85692763580082,0.1851242499219605,VT,2022-11-06,1,1,0,1,0,1,1,1,1,0,1,0,1,1
1997,1.51620997574994,0.272240354483532,VT,2022-11-07,1,1,1,1,1,1,1,1,0,0,1,0,1,1
1998,1.09519575385933,0.332358937950147,VT,2022-11-08,1,1,1,1,1,1,0,1,1,0,1,0,1,0
1999,0.384088180474597,0.245290305280881,VT,2022-11-09,1,1,1,1,1,1,1,1,1,1,1,1,1,1
2000,0.324472351301076,0.249603344717234,VT,2022-11-10,1,1,1,1,1,1,1,1,1,0,1,0,1,1
2001,0.860910451724207,0.2568063167188835,VT,2022-11-11,1,1,1,1,1,1,1,1,1,0,1,0,1,1
2002,0.977741294958595,0.70595243967799,VT,2022-11-12,1,1,1,0,1,1,1,1,1,0,0,1,1,1
2003,0.331612786287653,0.2033719971235605,VT,2022-11-13,1,1,1,1,1,1,1,1,1,1,1,1,1,1
2004,1.00589913972003,0.2896837497755965,VT,2022-11-14,1,1,0,1,1,1,1,1,1,0,0,1,1,1
2005,1.77944472446725,0.381770562447411,VT,2022-11-15,1,1,1,0,1,1,1,1,1,0,0,1,1,1
2006,0.575466224130123,0.210894938945681,VT,2022-11-16,1,1,1,1,1,1,1,1,1,0,1,0,1,1
2007,0.23670938303732,0.147353682342128,VT,2022-11-17,1,1,1,1,1,1,1,1,1,1,1,1,1,1
2008,0.575277540781342,0.2245959460305375,VT,2022-11-18,1,1,1,1,1,1,1,1,1,1,1,1,1,1
2009,0.2873288802628,0.2737807519629565,VT,2022-11-19,1,1,1,1,1,1,1,1,1,1,1,1,1,1
2010,0.181808523608528,0.1132923026330435,VT,2022-11-20,1,1,1,1,1,1,1,1,1,1,1,1,1,1
2011,0.777470988623999,0.2581339810958975,VT,2022-11-21,1,1,1,1,1,1,1,1,1,0,1,0,1,1
2012,4.56246622872576,0.4089146940129675,VT,2022-11-22,1,1,0,0,0,1,1,1,1,0,0,0,1,1
2013,2.79938830812642,0.3850514597459335,VT,2022-11-23,1,1,0,1,0,1,1,1,1,0,1,0,1,1
2014,1.37193594987935,0.3459414336642905,VT,2022-11-24,1,1,0,1,1,1,1,1,1,0,1,0,1,1
2015,0.568912583701941,0.2285341448863895,VT,2022-11-25,1,1,1,1,1,1,1,1,1,0,1,0,1,1
2016,0.681484092237508,0.263817915172805,VT,2022-11-26,1,1,1,1,1,1,1,1,1,1,0,0,1,1
2017,2.93037042082654,0.199349929100573,WA,2022-10-16,1,1,0,1,0,1,1,1,1,0,0,0,0,1
2018,5.34483136370508,0.20791522071764,WA,2022-10-17,0,0,0,1,1,1,0,0,0,0,0,0,0,0
2019,2.82940101304287,0.168954354680739,WA,2022-10-18,1,1,1,1,1,1,1,1,0,0,1,0,0,1
2020,2.44370277768044,0.2111494552593375,WA,2022-10-19,0,1,1,1,1,0,1,0,1,0,0,0,0,1
2021,1.37956234338901,0.259363000195901,WA,2022-10-20,1,1,1,1,0,1,1,1,1,0,1,0,1,1
2022,1.55787071710797,0.1507989396930295,WA,2022-10-21,1,0,1,1,1,1,1,1,0,0,1,1,1,1
2023,5.76183734814838,0.13316834730979,WA,2022-10-22,1,0,0,0,0,1,1,1,0,0,0,0,1,1
2024,2.29959749849912,0.2325703075528895,WA,2022-10-23,1,0,1,1,1,1,1,1,0,0,0,1,0,1
2025,5.27533006442058,0.2367151327155855,WA,2022-10-24,0,1,1,1,1,1,0,0,0,0,0,0,0,0
2026,9.72444761160373,0.211688081603324,WA,2022-10-25,0,0,1,1,0,1,0,0,0,0,0,0,1,0
2027,6.91279776433257,0.294955361699513,WA,2022-10-26,0,0,0,1,1,0,1,0,0,0,0,0,0,1
2028,1.14415279109195,0.177140516385831,WA,2022-10-27,1,0,1,1,1,1,1,1,0,0,0,0,1,1
2029,3.33243541823815,0.295853114554506,WA,2022-10-28,1,0,0,1,1,1,1,1,0,0,0,1,0,1
2030,2.91051593537386,0.220700939899577,WA,2022-10-29,1,1,1,1,1,1,1,1,0,1,0,0,0,1
2031,1.53809034101704,0.2320680907728935,WA,2022-10-30,1,1,1,1,1,1,1,1,0,0,0,0,1,1
2032,9.12152036824317,0.2130512881105495,WA,2022-10-31,0,1,0,1,0,0,0,0,1,0,0,0,0,0
2033,6.93240448074065,0.241312073140587,WA,2022-11-01,0,1,0,1,1,1,1,0,0,0,0,0,0,1
2034,5.28563995212267,0.285140519473592,WA,2022-11-02,0,0,1,1,1,0,0,0,0,0,0,0,0,0
2035,2.39409100464991,0.2778765400408575,WA,2022-11-03,1,1,1,1,1,1,1,1,1,0,1,0,0,1
2036,4.23977344073037,0.269220255845523,WA,2022-11-04,0,0,1,0,0,0,1,0,0,0,1,0,0,1
2037,6.2919962778225,0.355574978915253,WA,2022-11-05,1,0,0,0,0,1,1,1,0,0,0,0,0,1
2038,9.40650408320676,0.2458155183737825,WA,2022-11-06,0,1,0,1,0,0,1,0,0,0,0,0,0,1
2039,10.378556931637,0.3249879601156825,WA,2022-11-07,1,0,1,1,0,1,1,0,0,0,0,0,1,1
2040,12.0698290839211,0.3068824942015975,WA,2022-11-08,0,1,0,1,0,0,1,0,0,0,0,0,0,1
2041,3.29318091327321,0.322870659040781,WA,2022-11-09,1,1,1,1,1,1,1,1,0,0,0,0,0,1
2042,6.62445542009283,0.2986872952013445,WA,2022-11-10,1,0,0,1,0,0,1,1,0,0,0,1,0,1
2043,9.94596598802626,0.342702703714427,WA,2022-11-11,0,1,0,0,0,1,0,0,0,0,0,0,0,0
2044,1.72393292496784,0.25485977407721,WA,2022-11-12,1,1,1,1,0,1,1,1,1,0,1,0,1,1
2045,1.73195507029835,0.3443398681046735,WA,2022-11-13,1,0,1,1,1,1,1,1,0,0,0,1,0,1
2046,16.7787893179784,0.338500511298239,WA,2022-11-14,1,1,0,0,0,1,1,1,0,0,0,0,0,1
2047,9.17846372708962,0.3279697106556405,WA,2022-11-15,1,1,1,0,0,0,1,1,1,0,0,0,0,1
2048,7.19652122861671,0.3021479019801505,WA,2022-11-16,0,0,0,1,1,0,1,0,0,0,0,0,0,1
2049,10.1232103385425,0.3596050450231095,WA,2022-11-17,0,0,0,0,0,0,0,0,0,0,0,0,0,0
2050,4.9475238164164,0.304333935030483,WA,2022-11-18,0,1,0,1,0,0,1,0,0,0,1,0,0,1
2051,7.25674273582176,0.3369265393154845,WA,2022-11-19,1,1,0,1,0,1,1,1,0,0,1,0,0,1
2052,8.43685977623115,0.3081240615375405,WA,2022-11-20,0,1,0,1,0,0,1,0,0,0,0,0,0,1
2053,27.4086223020269,0.3635653267940095,WA,2022-11-21,0,0,0,0,0,0,1,0,0,0,0,0,0,1
2054,15.3705141830638,0.305634662641758,WA,2022-11-22,0,0,0,1,0,0,1,0,0,0,0,0,0,1
2055,24.144142467437,0.328979775974148,WA,2022-11-23,0,0,0,1,0,0,1,0,0,0,0,0,0,1
2056,0.44353508061659,0.29627006686389,WA,2022-11-24,1,1,1,1,1,1,1,1,1,0,1,0,1,1
2057,15.077892298681,0.317865922665826,WA,2022-11-25,1,1,0,1,0,0,0,1,0,0,0,0,0,0
2058,18.5785466151785,0.358773316052042,WA,2022-11-26,1,0,0,1,0,0,0,1,0,0,0,0,0,0
2059,0.659818444777603,0.02981985097583405,WI,2022-10-16,1,1,1,1,1,1,1,1,1,0,1,0,1,1
2060,2.32242215567987,0.1439771007537065,WI,2022-10-17,1,1,1,1,1,1,1,1,0,0,0,0,1,1
2061,1.82553911080537,0.2175807774698365,WI,2022-10-18,1,0,1,1,1,1,1,1,0,0,0,0,1,1
2062,2.43062349968882,0.239101459046721,WI,2022-10-19,0,0,1,1,0,1,0,0,0,0,0,0,1,0
2063,2.99334872420712,0.2433968144673045,WI,2022-10-20,1,1,0,1,0,1,1,1,0,0,0,0,1,1
2064,2.49259678678375,0.109752778906061,WI,2022-10-21,1,1,0,1,1,1,1,1,1,0,0,0,1,1
2065,1.33549771611999,0.269394011980491,WI,2022-10-22,1,1,1,1,0,1,1,1,1,1,0,0,1,1
2066,1.4245808281312,0.2888675271145685,WI,2022-10-23,1,1,1,1,0,1,1,1,0,1,1,0,1,1
2067,2.22541142565827,0.265718933413405,WI,2022-10-24,1,1,0,1,1,1,1,1,0,0,1,0,1,1
2068,2.76739568608827,0.1982053956558695,WI,2022-10-25,1,0,1,1,0,1,1,1,0,0,1,0,1,1
2069,5.45621122709988,0.1569328745921585,WI,2022-10-26,1,1,0,1,0,1,1,1,1,0,0,0,1,1
2070,1.5275175162006,0.2106164929406035,WI,2022-10-27,1,0,1,1,1,1,1,1,0,1,0,0,1,1
2071,1.74060493892327,0.2288357545477365,WI,2022-10-28,1,1,1,0,0,1,1,1,0,0,0,0,1,1
2072,0.762391345074262,0.2388522831458365,WI,2022-10-29,1,1,1,1,1,1,1,1,0,1,1,0,1,1
2073,1.17762364373062,0.2543897780203435,WI,2022-10-30,1,1,1,1,1,0,1,1,0,0,1,0,0,1
2074,3.80283378172208,0.2025494373367315,WI,2022-10-31,1,1,0,1,0,0,1,1,0,0,0,0,0,1
2075,3.76707733046574,0.323665174077202,WI,2022-11-01,1,0,1,0,0,0,1,1,0,0,0,0,0,1
2076,2.52003074205618,0.231321502126701,WI,2022-11-02,1,1,0,1,0,1,1,1,1,0,0,0,1,1
2077,4.29885153810247,0.3277338183144735,WI,2022-11-03,1,0,1,1,1,1,1,1,0,0,0,0,1,1
2078,2.99124924624728,0.296119139688792,WI,2022-11-04,0,0,1,1,0,1,1,0,0,0,0,0,1,1
2079,1.38543375371234,0.2838606251402935,WI,2022-11-05,1,1,1,1,1,1,1,1,1,0,1,0,1,1
2080,1.2955765046647,0.276147076724772,WI,2022-11-06,1,1,1,1,1,1,0,1,1,0,1,0,1,0
2081,7.20891037428681,0.3659081638622955,WI,2022-11-07,1,0,1,0,0,1,1,1,0,1,0,0,1,1
2082,1.3624750715114,0.2992734152298515,WI,2022-11-08,1,1,1,1,1,0,1,1,0,0,0,0,0,1
2083,1.76781869674741,0.3081876060806265,WI,2022-11-09,0,0,1,1,1,1,1,0,0,0,1,0,1,1
2084,5.26682325287961,0.409778207317399,WI,2022-11-10,1,0,0,1,0,1,1,1,0,0,1,0,1,1
2085,6.27297472662283,0.399302038354559,WI,2022-11-11,1,1,1,0,0,1,1,1,0,1,0,0,0,1
2086,1.65244475774752,0.330472344996233,WI,2022-11-12,1,1,1,1,0,1,1,1,0,0,1,0,1,1
2087,1.15577807787629,0.2741497864315865,WI,2022-11-13,1,1,0,1,1,1,1,1,1,0,1,0,1,1
2088,1.83166563077422,0.288228864517247,WI,2022-11-14,1,1,0,1,1,1,1,1,1,0,1,0,1,1
2089,3.49343470736632,0.2974885295523545,WI,2022-11-15,1,1,0,1,0,1,1,1,0,0,1,0,1,1
2090,1.07115466765263,0.272721109146336,WI,2022-11-16,1,1,1,1,1,1,1,1,0,0,1,0,1,1
2091,1.28065593708861,0.33971592761188,WI,2022-11-17,1,1,1,1,1,1,1,1,1,1,1,1,1,1
2092,0.716543867057607,0.225658601009445,WI,2022-11-18,1,1,1,1,1,1,1,1,1,0,1,0,0,1
2093,2.74024663733568,0.4035467076850415,WI,2022-11-19,0,1,0,1,0,1,1,0,1,0,1,0,0,1
2094,0.491750197864754,0.2505486036870525,WI,2022-11-20,1,1,1,1,1,1,1,1,1,0,0,1,1,1
2095,4.68970784764572,0.4966170967358695,WI,2022-11-21,1,1,0,1,0,1,1,1,1,0,1,0,1,1
2096,3.5585799561688,0.4094609262350395,WI,2022-11-22,1,1,0,1,0,0,1,1,1,1,0,0,0,1
2097,4.25167068918504,0.3282663312166355,WI,2022-11-23,1,1,0,1,0,1,1,1,1,0,1,0,0,1
2098,NA,NA,WI,2022-11-24,NA,NA,NA,NA,NA,NA,NA,NA,NA,NA,NA,NA,NA,NA
2099,5.68319506016018,0.4583345475007615,WI,2022-11-25,0,1,0,1,0,1,1,0,1,0,0,0,1,1
2100,3.26492643065331,0.309268530908353,WI,2022-11-26,1,1,0,1,0,1,1,1,1,0,0,0,1,1
2101,0.327106374309476,0.02368324237222165,WV,2022-10-16,1,1,1,1,1,1,1,1,0,0,1,1,1,1
2102,1.00424206119092,0.0243105140608266,WV,2022-10-17,1,1,0,1,1,1,1,1,1,1,1,1,1,1
2103,0.850653673757259,0.181750203305235,WV,2022-10-18,1,0,1,1,1,1,1,1,0,1,0,1,1,1
2104,0.653637826742238,0.1753741728772785,WV,2022-10-19,1,1,1,1,0,1,1,1,1,1,0,0,1,1
2105,0.436372304977684,0.14339303414031,WV,2022-10-20,1,1,1,1,1,1,1,1,1,1,1,1,1,1
2106,0.643417823870425,0.1739195490815445,WV,2022-10-21,1,1,1,1,1,1,1,1,1,1,1,1,1,1
2107,0.714218947472592,0.2694870656136925,WV,2022-10-22,1,1,1,1,0,1,1,1,1,0,1,0,1,1
2108,0.233266937550404,0.0299631278947806,WV,2022-10-23,1,1,1,1,1,1,1,1,1,1,1,1,1,1
2109,1.24996010022476,0.1016884491720265,WV,2022-10-24,1,1,1,0,1,1,1,1,0,0,0,0,1,1
2110,1.64866404958122,0.08771297749108,WV,2022-10-25,1,0,0,0,1,1,1,1,0,0,1,0,1,1
2111,1.42633584986776,0.191198906027145,WV,2022-10-26,1,0,1,1,1,1,1,1,0,0,1,1,1,1
2112,0.519577217363247,0.185446464615247,WV,2022-10-27,1,1,1,1,1,1,1,1,0,0,1,0,1,1
2113,1.61133657489334,0.3707512621391955,WV,2022-10-28,1,0,0,1,1,1,1,1,0,0,1,0,1,1
2114,0.561750508924599,0.151337480186077,WV,2022-10-29,1,1,1,1,1,1,1,1,0,0,1,1,1,1
2115,0.175613398895936,0.04299995864227015,WV,2022-10-30,1,1,1,1,1,1,1,1,1,0,1,0,1,1
2116,1.30505707117356,0.04570523756028715,WV,2022-10-31,1,1,0,1,1,1,1,1,1,1,1,1,1,1
2117,2.75614465331388,0.3118609427808495,WV,2022-11-01,1,1,0,0,0,1,1,1,0,0,0,0,0,1
2118,1.92722453609957,0.410910825476416,WV,2022-11-02,1,1,0,0,0,1,1,1,1,0,1,0,1,1
2119,0.805877651375874,0.146087154918172,WV,2022-11-03,1,1,1,1,1,1,1,1,0,0,0,0,1,1
2120,1.08081519071816,0.369227067277853,WV,2022-11-04,1,1,1,0,1,1,1,1,0,1,0,1,1,1
2121,0.865378314676525,0.238631177011171,WV,2022-11-05,1,1,1,1,0,1,1,1,1,0,1,0,1,1
2122,0.405855783895344,0.194586144889289,WV,2022-11-06,1,1,1,1,1,1,1,1,1,1,1,1,1,1
2123,0.891634523390841,0.2018899343128515,WV,2022-11-07,1,1,1,1,1,1,1,1,0,0,1,1,0,1
2124,1.46475283616962,0.259438602793299,WV,2022-11-08,1,0,1,1,1,1,1,1,0,0,0,0,1,1
2125,3.44954292263804,0.367594626133009,WV,2022-11-09,1,0,0,1,0,1,1,1,0,0,1,0,1,1
2126,2.68225377949027,0.09122630188668,WV,2022-11-10,1,1,0,1,0,1,1,1,0,0,1,0,1,1
2127,1.59081097762189,0.137536289350302,WV,2022-11-11,1,1,0,1,1,1,1,1,0,0,0,1,1,1
2128,0.761407863557881,0.2905109817114575,WV,2022-11-12,1,1,1,1,1,1,1,1,1,0,1,0,1,1
2129,1.06092737497902,0.298562788125931,WV,2022-11-13,0,1,1,1,1,1,1,0,0,0,0,0,0,1
2130,1.22501860564596,0.2373610326154145,WV,2022-11-14,1,1,1,1,1,1,0,1,1,0,1,0,1,0
2131,1.7178917886352,0.297811074533378,WV,2022-11-15,1,1,1,1,0,1,1,1,0,0,1,0,1,1
2132,1.69040213141796,0.262913471558978,WV,2022-11-16,1,1,1,1,0,1,1,1,0,0,0,0,0,1
2133,2.02924193162705,0.284123931352722,WV,2022-11-17,1,1,1,1,0,1,1,1,0,0,1,0,0,1
2134,1.15649143282338,0.2662086562360135,WV,2022-11-18,1,1,1,1,0,1,1,1,0,0,1,0,1,1
2135,0.57071851850622,0.2633094711344045,WV,2022-11-19,1,1,1,1,1,1,1,1,1,0,1,0,1,1
2136,0.992271775187956,0.2688367616837755,WV,2022-11-20,1,1,1,1,1,1,1,1,0,1,1,0,1,1
2137,2.08704172736617,0.3301329377474825,WV,2022-11-21,1,1,0,1,0,1,1,1,0,0,1,0,1,1
2138,0.923878673894457,0.247984925313566,WV,2022-11-22,1,1,1,1,1,1,1,1,0,0,0,0,1,1
2139,1.75896457162312,0.283502912626408,WV,2022-11-23,1,1,0,0,1,1,1,1,0,0,1,0,1,1
2140,2.28022818745591,0.3750222321135985,WV,2022-11-24,1,0,0,1,1,1,1,1,0,0,0,0,1,1
2141,0.446081667784982,0.2547875012128745,WV,2022-11-25,1,1,1,1,1,1,1,1,1,0,1,0,1,1
2142,0.240195356560122,0.254970684890547,WV,2022-11-26,1,1,1,1,1,1,1,1,1,0,1,0,1,1
2143,NA,NA,WY,2022-10-16,NA,NA,NA,NA,NA,NA,NA,NA,NA,NA,NA,NA,NA,NA
2144,NA,NA,WY,2022-10-17,NA,NA,NA,NA,NA,NA,NA,NA,NA,NA,NA,NA,NA,NA
2145,NA,NA,WY,2022-10-18,NA,NA,NA,NA,NA,NA,NA,NA,NA,NA,NA,NA,NA,NA
2146,NA,NA,WY,2022-10-19,NA,NA,NA,NA,NA,NA,NA,NA,NA,NA,NA,NA,NA,NA
2147,NA,NA,WY,2022-10-20,NA,NA,NA,NA,NA,NA,NA,NA,NA,NA,NA,NA,NA,NA
2148,NA,NA,WY,2022-10-21,NA,NA,NA,NA,NA,NA,NA,NA,NA,NA,NA,NA,NA,NA
2149,NA,NA,WY,2022-10-22,NA,NA,NA,NA,NA,NA,NA,NA,NA,NA,NA,NA,NA,NA
2150,NA,NA,WY,2022-10-23,NA,NA,NA,NA,NA,NA,NA,NA,NA,NA,NA,NA,NA,NA
2151,NA,NA,WY,2022-10-24,NA,NA,NA,NA,NA,NA,NA,NA,NA,NA,NA,NA,NA,NA
2152,NA,NA,WY,2022-10-25,NA,NA,NA,NA,NA,NA,NA,NA,NA,NA,NA,NA,NA,NA
2153,NA,NA,WY,2022-10-26,NA,NA,NA,NA,NA,NA,NA,NA,NA,NA,NA,NA,NA,NA
2154,NA,NA,WY,2022-10-27,NA,NA,NA,NA,NA,NA,NA,NA,NA,NA,NA,NA,NA,NA
2155,NA,NA,WY,2022-10-28,NA,NA,NA,NA,NA,NA,NA,NA,NA,NA,NA,NA,NA,NA
2156,NA,NA,WY,2022-10-29,NA,NA,NA,NA,NA,NA,NA,NA,NA,NA,NA,NA,NA,NA
2157,NA,NA,WY,2022-10-30,NA,NA,NA,NA,NA,NA,NA,NA,NA,NA,NA,NA,NA,NA
2158,NA,NA,WY,2022-10-31,NA,NA,NA,NA,NA,NA,NA,NA,NA,NA,NA,NA,NA,NA
2159,NA,NA,WY,2022-11-01,NA,NA,NA,NA,NA,NA,NA,NA,NA,NA,NA,NA,NA,NA
2160,NA,NA,WY,2022-11-02,NA,NA,NA,NA,NA,NA,NA,NA,NA,NA,NA,NA,NA,NA
2161,NA,NA,WY,2022-11-03,NA,NA,NA,NA,NA,NA,NA,NA,NA,NA,NA,NA,NA,NA
2162,NA,NA,WY,2022-11-04,NA,NA,NA,NA,NA,NA,NA,NA,NA,NA,NA,NA,NA,NA
2163,NA,NA,WY,2022-11-05,NA,NA,NA,NA,NA,NA,NA,NA,NA,NA,NA,NA,NA,NA
2164,NA,NA,WY,2022-11-06,NA,NA,NA,NA,NA,NA,NA,NA,NA,NA,NA,NA,NA,NA
2165,NA,NA,WY,2022-11-07,NA,NA,NA,NA,NA,NA,NA,NA,NA,NA,NA,NA,NA,NA
2166,NA,NA,WY,2022-11-08,NA,NA,NA,NA,NA,NA,NA,NA,NA,NA,NA,NA,NA,NA
2167,0.494391595735879,0.276814960262664,WY,2022-11-09,1,1,1,1,1,1,1,1,1,1,1,1,1,1
2168,NA,NA,WY,2022-11-10,NA,NA,NA,NA,NA,NA,NA,NA,NA,NA,NA,NA,NA,NA
2169,NA,NA,WY,2022-11-11,NA,NA,NA,NA,NA,NA,NA,NA,NA,NA,NA,NA,NA,NA
2170,NA,NA,WY,2022-11-12,NA,NA,NA,NA,NA,NA,NA,NA,NA,NA,NA,NA,NA,NA
2171,NA,NA,WY,2022-11-13,NA,NA,NA,NA,NA,NA,NA,NA,NA,NA,NA,NA,NA,NA
2172,0.387749696650808,0.201083050931246,WY,2022-11-14,1,1,1,1,1,1,1,1,1,1,1,1,1,1
2173,NA,NA,WY,2022-11-15,NA,NA,NA,NA,NA,NA,NA,NA,NA,NA,NA,NA,NA,NA
2174,NA,NA,WY,2022-11-16,NA,NA,NA,NA,NA,NA,NA,NA,NA,NA,NA,NA,NA,NA
2175,NA,NA,WY,2022-11-17,NA,NA,NA,NA,NA,NA,NA,NA,NA,NA,NA,NA,NA,NA
2176,NA,NA,WY,2022-11-18,NA,NA,NA,NA,NA,NA,NA,NA,NA,NA,NA,NA,NA,NA
2177,NA,NA,WY,2022-11-19,NA,NA,NA,NA,NA,NA,NA,NA,NA,NA,NA,NA,NA,NA
2178,NA,NA,WY,2022-11-20,NA,NA,NA,NA,NA,NA,NA,NA,NA,NA,NA,NA,NA,NA
2179,0.954532424048237,0.736707843313475,WY,2022-11-21,1,1,1,1,1,0,1,1,1,1,1,0,0,1
2180,NA,NA,WY,2022-11-22,NA,NA,NA,NA,NA,NA,NA,NA,NA,NA,NA,NA,NA,NA
2181,NA,NA,WY,2022-11-23,NA,NA,NA,NA,NA,NA,NA,NA,NA,NA,NA,NA,NA,NA
2182,NA,NA,WY,2022-11-24,NA,NA,NA,NA,NA,NA,NA,NA,NA,NA,NA,NA,NA,NA
2183,NA,NA,WY,2022-11-25,NA,NA,NA,NA,NA,NA,NA,NA,NA,NA,NA,NA,NA,NA
2184,NA,NA,WY,2022-11-26,NA,NA,NA,NA,NA,NA,NA,NA,NA,NA,NA,NA,NA,NA
