...1,es_score,brier_score,location,target_date,X22F_50_CI,X23A_50_CI,X23B_50_CI,X23D_50_CI,X23E_50_CI,X23F_50_CI,recombinant_50_CI,X23G_50_CI,X23H_50_CI,other_50_CI,X22F_95_CI,X23A_95_CI,X23B_95_CI,X23D_95_CI,X23E_95_CI,X23F_95_CI,recombinant_95_CI,X23G_95_CI,X23H_95_CI,other_95_CI
1,NA,NA,AK,2023-09-24,NA,NA,NA,NA,NA,NA,NA,NA,NA,NA,NA,NA,NA,NA,NA,NA,NA,NA,NA,NA
2,0.340738437786409,0.247426481576489,AK,2023-09-25,1,1,1,1,1,1,1,1,1,1,1,1,1,1,1,1,1,1,1,1
3,NA,NA,AK,2023-09-26,NA,NA,NA,NA,NA,NA,NA,NA,NA,NA,NA,NA,NA,NA,NA,NA,NA,NA,NA,NA
4,NA,NA,AK,2023-09-27,NA,NA,NA,NA,NA,NA,NA,NA,NA,NA,NA,NA,NA,NA,NA,NA,NA,NA,NA,NA
5,NA,NA,AK,2023-09-28,NA,NA,NA,NA,NA,NA,NA,NA,NA,NA,NA,NA,NA,NA,NA,NA,NA,NA,NA,NA
6,NA,NA,AK,2023-09-29,NA,NA,NA,NA,NA,NA,NA,NA,NA,NA,NA,NA,NA,NA,NA,NA,NA,NA,NA,NA
7,NA,NA,AK,2023-09-30,NA,NA,NA,NA,NA,NA,NA,NA,NA,NA,NA,NA,NA,NA,NA,NA,NA,NA,NA,NA
8,NA,NA,AK,2023-10-01,NA,NA,NA,NA,NA,NA,NA,NA,NA,NA,NA,NA,NA,NA,NA,NA,NA,NA,NA,NA
9,NA,NA,AK,2023-10-02,NA,NA,NA,NA,NA,NA,NA,NA,NA,NA,NA,NA,NA,NA,NA,NA,NA,NA,NA,NA
10,NA,NA,AK,2023-10-03,NA,NA,NA,NA,NA,NA,NA,NA,NA,NA,NA,NA,NA,NA,NA,NA,NA,NA,NA,NA
11,NA,NA,AK,2023-10-04,NA,NA,NA,NA,NA,NA,NA,NA,NA,NA,NA,NA,NA,NA,NA,NA,NA,NA,NA,NA
12,NA,NA,AK,2023-10-05,NA,NA,NA,NA,NA,NA,NA,NA,NA,NA,NA,NA,NA,NA,NA,NA,NA,NA,NA,NA
13,NA,NA,AK,2023-10-06,NA,NA,NA,NA,NA,NA,NA,NA,NA,NA,NA,NA,NA,NA,NA,NA,NA,NA,NA,NA
14,NA,NA,AK,2023-10-07,NA,NA,NA,NA,NA,NA,NA,NA,NA,NA,NA,NA,NA,NA,NA,NA,NA,NA,NA,NA
15,NA,NA,AK,2023-10-08,NA,NA,NA,NA,NA,NA,NA,NA,NA,NA,NA,NA,NA,NA,NA,NA,NA,NA,NA,NA
16,NA,NA,AK,2023-10-09,NA,NA,NA,NA,NA,NA,NA,NA,NA,NA,NA,NA,NA,NA,NA,NA,NA,NA,NA,NA
17,NA,NA,AK,2023-10-10,NA,NA,NA,NA,NA,NA,NA,NA,NA,NA,NA,NA,NA,NA,NA,NA,NA,NA,NA,NA
18,NA,NA,AK,2023-10-11,NA,NA,NA,NA,NA,NA,NA,NA,NA,NA,NA,NA,NA,NA,NA,NA,NA,NA,NA,NA
19,NA,NA,AK,2023-10-12,NA,NA,NA,NA,NA,NA,NA,NA,NA,NA,NA,NA,NA,NA,NA,NA,NA,NA,NA,NA
20,NA,NA,AK,2023-10-13,NA,NA,NA,NA,NA,NA,NA,NA,NA,NA,NA,NA,NA,NA,NA,NA,NA,NA,NA,NA
21,NA,NA,AK,2023-10-14,NA,NA,NA,NA,NA,NA,NA,NA,NA,NA,NA,NA,NA,NA,NA,NA,NA,NA,NA,NA
22,NA,NA,AK,2023-10-15,NA,NA,NA,NA,NA,NA,NA,NA,NA,NA,NA,NA,NA,NA,NA,NA,NA,NA,NA,NA
23,NA,NA,AK,2023-10-16,NA,NA,NA,NA,NA,NA,NA,NA,NA,NA,NA,NA,NA,NA,NA,NA,NA,NA,NA,NA
24,0.771578953547672,0.390249551768767,AK,2023-10-17,1,1,1,1,1,1,1,1,0,1,1,1,1,1,1,1,1,0,0,1
25,NA,NA,AK,2023-10-18,NA,NA,NA,NA,NA,NA,NA,NA,NA,NA,NA,NA,NA,NA,NA,NA,NA,NA,NA,NA
26,1.09383296909445,0.50427857456513,AK,2023-10-19,1,1,1,1,1,1,1,1,0,1,1,1,1,1,1,0,1,1,0,1
27,NA,NA,AK,2023-10-20,NA,NA,NA,NA,NA,NA,NA,NA,NA,NA,NA,NA,NA,NA,NA,NA,NA,NA,NA,NA
28,NA,NA,AK,2023-10-21,NA,NA,NA,NA,NA,NA,NA,NA,NA,NA,NA,NA,NA,NA,NA,NA,NA,NA,NA,NA
29,NA,NA,AK,2023-10-22,NA,NA,NA,NA,NA,NA,NA,NA,NA,NA,NA,NA,NA,NA,NA,NA,NA,NA,NA,NA
30,NA,NA,AK,2023-10-23,NA,NA,NA,NA,NA,NA,NA,NA,NA,NA,NA,NA,NA,NA,NA,NA,NA,NA,NA,NA
31,0.546770098977006,0.1640124923112725,AK,2023-10-24,1,1,1,1,1,1,1,1,1,1,1,1,1,1,1,1,1,1,1,1
32,NA,NA,AK,2023-10-25,NA,NA,NA,NA,NA,NA,NA,NA,NA,NA,NA,NA,NA,NA,NA,NA,NA,NA,NA,NA
33,NA,NA,AK,2023-10-26,NA,NA,NA,NA,NA,NA,NA,NA,NA,NA,NA,NA,NA,NA,NA,NA,NA,NA,NA,NA
34,NA,NA,AK,2023-10-27,NA,NA,NA,NA,NA,NA,NA,NA,NA,NA,NA,NA,NA,NA,NA,NA,NA,NA,NA,NA
35,NA,NA,AK,2023-10-28,NA,NA,NA,NA,NA,NA,NA,NA,NA,NA,NA,NA,NA,NA,NA,NA,NA,NA,NA,NA
36,NA,NA,AK,2023-10-29,NA,NA,NA,NA,NA,NA,NA,NA,NA,NA,NA,NA,NA,NA,NA,NA,NA,NA,NA,NA
37,NA,NA,AK,2023-10-30,NA,NA,NA,NA,NA,NA,NA,NA,NA,NA,NA,NA,NA,NA,NA,NA,NA,NA,NA,NA
38,NA,NA,AK,2023-10-31,NA,NA,NA,NA,NA,NA,NA,NA,NA,NA,NA,NA,NA,NA,NA,NA,NA,NA,NA,NA
39,NA,NA,AK,2023-11-01,NA,NA,NA,NA,NA,NA,NA,NA,NA,NA,NA,NA,NA,NA,NA,NA,NA,NA,NA,NA
40,NA,NA,AK,2023-11-02,NA,NA,NA,NA,NA,NA,NA,NA,NA,NA,NA,NA,NA,NA,NA,NA,NA,NA,NA,NA
41,NA,NA,AK,2023-11-03,NA,NA,NA,NA,NA,NA,NA,NA,NA,NA,NA,NA,NA,NA,NA,NA,NA,NA,NA,NA
42,NA,NA,AK,2023-11-04,NA,NA,NA,NA,NA,NA,NA,NA,NA,NA,NA,NA,NA,NA,NA,NA,NA,NA,NA,NA
43,NA,NA,AL,2023-09-24,NA,NA,NA,NA,NA,NA,NA,NA,NA,NA,NA,NA,NA,NA,NA,NA,NA,NA,NA,NA
44,NA,NA,AL,2023-09-25,NA,NA,NA,NA,NA,NA,NA,NA,NA,NA,NA,NA,NA,NA,NA,NA,NA,NA,NA,NA
45,0.413766417962395,0.2934821778138435,AL,2023-09-26,1,1,1,1,1,1,1,1,1,1,1,1,0,1,1,0,1,1,1,1
46,0.397000788902019,0.278840480707848,AL,2023-09-27,1,1,1,1,1,1,1,1,1,1,1,1,1,1,1,1,1,1,1,1
47,NA,NA,AL,2023-09-28,NA,NA,NA,NA,NA,NA,NA,NA,NA,NA,NA,NA,NA,NA,NA,NA,NA,NA,NA,NA
48,NA,NA,AL,2023-09-29,NA,NA,NA,NA,NA,NA,NA,NA,NA,NA,NA,NA,NA,NA,NA,NA,NA,NA,NA,NA
49,NA,NA,AL,2023-09-30,NA,NA,NA,NA,NA,NA,NA,NA,NA,NA,NA,NA,NA,NA,NA,NA,NA,NA,NA,NA
50,NA,NA,AL,2023-10-01,NA,NA,NA,NA,NA,NA,NA,NA,NA,NA,NA,NA,NA,NA,NA,NA,NA,NA,NA,NA
51,NA,NA,AL,2023-10-02,NA,NA,NA,NA,NA,NA,NA,NA,NA,NA,NA,NA,NA,NA,NA,NA,NA,NA,NA,NA
52,0.380967807289166,0.2712281985969915,AL,2023-10-03,1,1,1,1,1,1,1,1,1,1,1,1,1,1,1,1,1,1,1,1
53,NA,NA,AL,2023-10-04,NA,NA,NA,NA,NA,NA,NA,NA,NA,NA,NA,NA,NA,NA,NA,NA,NA,NA,NA,NA
54,NA,NA,AL,2023-10-05,NA,NA,NA,NA,NA,NA,NA,NA,NA,NA,NA,NA,NA,NA,NA,NA,NA,NA,NA,NA
55,NA,NA,AL,2023-10-06,NA,NA,NA,NA,NA,NA,NA,NA,NA,NA,NA,NA,NA,NA,NA,NA,NA,NA,NA,NA
56,NA,NA,AL,2023-10-07,NA,NA,NA,NA,NA,NA,NA,NA,NA,NA,NA,NA,NA,NA,NA,NA,NA,NA,NA,NA
57,NA,NA,AL,2023-10-08,NA,NA,NA,NA,NA,NA,NA,NA,NA,NA,NA,NA,NA,NA,NA,NA,NA,NA,NA,NA
58,NA,NA,AL,2023-10-09,NA,NA,NA,NA,NA,NA,NA,NA,NA,NA,NA,NA,NA,NA,NA,NA,NA,NA,NA,NA
59,NA,NA,AL,2023-10-10,NA,NA,NA,NA,NA,NA,NA,NA,NA,NA,NA,NA,NA,NA,NA,NA,NA,NA,NA,NA
60,NA,NA,AL,2023-10-11,NA,NA,NA,NA,NA,NA,NA,NA,NA,NA,NA,NA,NA,NA,NA,NA,NA,NA,NA,NA
61,NA,NA,AL,2023-10-12,NA,NA,NA,NA,NA,NA,NA,NA,NA,NA,NA,NA,NA,NA,NA,NA,NA,NA,NA,NA
62,NA,NA,AL,2023-10-13,NA,NA,NA,NA,NA,NA,NA,NA,NA,NA,NA,NA,NA,NA,NA,NA,NA,NA,NA,NA
63,NA,NA,AL,2023-10-14,NA,NA,NA,NA,NA,NA,NA,NA,NA,NA,NA,NA,NA,NA,NA,NA,NA,NA,NA,NA
64,NA,NA,AL,2023-10-15,NA,NA,NA,NA,NA,NA,NA,NA,NA,NA,NA,NA,NA,NA,NA,NA,NA,NA,NA,NA
65,NA,NA,AL,2023-10-16,NA,NA,NA,NA,NA,NA,NA,NA,NA,NA,NA,NA,NA,NA,NA,NA,NA,NA,NA,NA
66,1.34745399824467,0.249999749723116,AL,2023-10-17,1,1,1,1,1,0,1,1,1,1,0,1,0,1,1,0,1,1,1,1
67,0.748033765180804,0.2282044795976525,AL,2023-10-18,1,1,1,1,1,0,1,1,1,1,1,1,0,1,1,0,1,1,1,1
68,1.98638991024583,0.4310917510775345,AL,2023-10-19,1,1,0,1,1,0,1,1,1,1,1,1,0,0,0,0,1,1,1,1
69,1.49602195723171,0.2898481502615375,AL,2023-10-20,1,1,1,1,1,0,1,1,1,1,0,0,0,0,1,0,1,1,1,1
70,0.287806616065419,0.220747931696665,AL,2023-10-21,1,1,1,1,1,1,1,1,1,1,1,1,1,1,1,0,0,1,1,1
71,1.22909318898926,0.380043158346397,AL,2023-10-22,1,1,1,0,1,1,1,1,1,1,1,1,0,0,1,1,1,1,1,1
72,0.917480436017387,0.3049012712685795,AL,2023-10-23,1,1,1,1,1,1,1,1,1,1,1,1,0,0,1,1,1,1,1,1
73,0.84348273238521,0.588455791400925,AL,2023-10-24,1,1,1,1,0,1,1,1,1,1,1,1,0,1,0,1,1,1,1,1
74,1.18185727683857,0.211587835987145,AL,2023-10-25,1,1,1,1,1,0,1,1,1,1,1,1,0,1,1,0,1,1,1,1
75,1.00988606046299,0.4823624647817655,AL,2023-10-26,0,1,1,1,1,1,1,1,1,1,0,1,1,1,1,0,1,1,1,1
76,NA,NA,AL,2023-10-27,NA,NA,NA,NA,NA,NA,NA,NA,NA,NA,NA,NA,NA,NA,NA,NA,NA,NA,NA,NA
77,NA,NA,AL,2023-10-28,NA,NA,NA,NA,NA,NA,NA,NA,NA,NA,NA,NA,NA,NA,NA,NA,NA,NA,NA,NA
78,NA,NA,AL,2023-10-29,NA,NA,NA,NA,NA,NA,NA,NA,NA,NA,NA,NA,NA,NA,NA,NA,NA,NA,NA,NA
79,0.845931188610036,0.595939028668,AL,2023-10-30,1,1,1,1,0,1,1,1,1,1,1,1,1,1,0,1,1,1,0,1
80,0.266897708953052,0.199766498546292,AL,2023-10-31,1,1,1,1,1,1,1,1,1,1,1,1,1,1,1,1,1,1,1,1
81,0.271260953773971,0.198044102550069,AL,2023-11-01,1,1,1,1,1,1,1,1,1,1,0,1,1,1,1,0,1,1,1,1
82,NA,NA,AL,2023-11-02,NA,NA,NA,NA,NA,NA,NA,NA,NA,NA,NA,NA,NA,NA,NA,NA,NA,NA,NA,NA
83,0.389974426995316,0.286139279077925,AL,2023-11-03,1,1,1,1,1,1,1,1,1,1,1,1,1,1,1,0,1,1,0,1
84,NA,NA,AL,2023-11-04,NA,NA,NA,NA,NA,NA,NA,NA,NA,NA,NA,NA,NA,NA,NA,NA,NA,NA,NA,NA
85,NA,NA,AR,2023-09-24,NA,NA,NA,NA,NA,NA,NA,NA,NA,NA,NA,NA,NA,NA,NA,NA,NA,NA,NA,NA
86,NA,NA,AR,2023-09-25,NA,NA,NA,NA,NA,NA,NA,NA,NA,NA,NA,NA,NA,NA,NA,NA,NA,NA,NA,NA
87,0.371073969214787,0.260686218851464,AR,2023-09-26,1,1,1,1,1,1,1,1,1,1,1,1,1,1,1,1,1,1,1,1
88,0.448192915640353,0.302422770128847,AR,2023-09-27,1,1,1,1,1,1,1,1,1,1,1,1,1,1,1,1,1,1,1,1
89,0.832138227666809,0.421087878280292,AR,2023-09-28,1,1,1,0,1,1,1,1,1,1,1,1,0,0,1,1,1,1,1,1
90,1.53207395867287,0.272305931849371,AR,2023-09-29,1,1,0,1,1,1,1,1,1,1,1,1,0,0,1,0,1,1,1,1
91,NA,NA,AR,2023-09-30,NA,NA,NA,NA,NA,NA,NA,NA,NA,NA,NA,NA,NA,NA,NA,NA,NA,NA,NA,NA
92,NA,NA,AR,2023-10-01,NA,NA,NA,NA,NA,NA,NA,NA,NA,NA,NA,NA,NA,NA,NA,NA,NA,NA,NA,NA
93,2.60320183751225,0.2723892687884975,AR,2023-10-02,1,1,0,1,1,0,1,1,1,1,1,1,0,0,1,1,1,1,0,1
94,1.46325740343167,0.274503137057049,AR,2023-10-03,1,1,0,1,1,1,1,1,1,1,1,1,0,0,1,1,1,1,1,0
95,1.6212848491529,0.4174948742955185,AR,2023-10-04,1,1,1,1,0,0,1,1,1,1,1,0,0,0,0,1,1,1,1,1
96,2.47285024789881,0.319557315899195,AR,2023-10-05,0,1,0,1,1,0,1,1,1,1,0,1,0,1,1,0,1,1,1,1
97,0.390846895086632,0.2811139985950595,AR,2023-10-06,1,1,1,1,1,1,1,1,1,1,1,1,0,1,1,1,1,1,0,1
98,0.375764151859752,0.2834054264584985,AR,2023-10-07,1,1,1,1,1,1,1,1,1,1,1,1,0,1,1,0,1,1,1,1
99,0.397298268649789,0.2857397471893565,AR,2023-10-08,1,1,1,1,1,1,1,1,1,1,1,1,0,0,1,1,1,1,1,1
100,1.53784936027417,0.288116332374313,AR,2023-10-09,1,1,0,1,1,1,1,1,1,1,1,1,0,1,1,0,1,1,1,1
101,1.51245205284489,0.290534539940149,AR,2023-10-10,1,1,0,1,1,1,1,1,1,1,1,1,0,1,1,0,1,1,1,1
102,1.5907724514704,0.2864883710449905,AR,2023-10-11,1,1,0,1,1,1,1,1,1,1,1,1,0,1,1,0,1,1,1,1
103,1.02758927589142,0.3273632369912175,AR,2023-10-12,1,1,1,1,1,1,1,1,1,1,1,0,0,1,1,0,1,1,1,1
104,2.19511818293706,0.3523523103347785,AR,2023-10-13,1,1,0,1,1,0,1,1,1,1,1,1,0,1,0,0,1,0,1,1
105,NA,NA,AR,2023-10-14,NA,NA,NA,NA,NA,NA,NA,NA,NA,NA,NA,NA,NA,NA,NA,NA,NA,NA,NA,NA
106,NA,NA,AR,2023-10-15,NA,NA,NA,NA,NA,NA,NA,NA,NA,NA,NA,NA,NA,NA,NA,NA,NA,NA,NA,NA
107,3.35949665827203,0.3440904794775435,AR,2023-10-16,1,1,0,1,1,0,1,1,1,1,1,1,0,0,0,0,1,0,0,1
108,0.812627477457775,0.56898072543586,AR,2023-10-17,1,1,1,0,1,1,1,1,1,1,1,1,1,1,1,1,1,1,1,1
109,NA,NA,AR,2023-10-18,NA,NA,NA,NA,NA,NA,NA,NA,NA,NA,NA,NA,NA,NA,NA,NA,NA,NA,NA,NA
110,2.24276174020111,0.314060074619981,AR,2023-10-19,1,1,0,1,1,0,1,1,1,1,1,1,0,0,1,0,1,1,1,1
111,0.447439917582716,0.316856995102448,AR,2023-10-20,1,1,1,1,1,1,1,1,1,1,1,1,0,1,1,0,1,1,1,1
112,0.440671265180754,0.3196879280317465,AR,2023-10-21,1,1,1,1,1,1,1,1,1,1,1,1,0,1,0,1,1,1,1,1
113,NA,NA,AR,2023-10-22,NA,NA,NA,NA,NA,NA,NA,NA,NA,NA,NA,NA,NA,NA,NA,NA,NA,NA,NA,NA
114,3.00889654301826,0.475682094564753,AR,2023-10-23,1,1,1,1,1,0,1,0,1,1,1,1,0,1,1,0,1,0,1,1
115,0.329441996712775,0.226945512146661,AR,2023-10-24,1,1,1,1,1,1,1,1,1,1,1,1,1,1,0,0,1,1,1,1
116,1.23796094567576,0.58176053214087,AR,2023-10-25,1,1,1,0,0,1,1,1,1,1,1,0,0,0,0,1,1,1,1,1
117,NA,NA,AR,2023-10-26,NA,NA,NA,NA,NA,NA,NA,NA,NA,NA,NA,NA,NA,NA,NA,NA,NA,NA,NA,NA
118,0.327066543087575,0.2788989023409915,AR,2023-10-27,1,1,1,1,1,1,1,1,1,1,1,1,0,1,1,0,1,1,1,1
119,NA,NA,AR,2023-10-28,NA,NA,NA,NA,NA,NA,NA,NA,NA,NA,NA,NA,NA,NA,NA,NA,NA,NA,NA,NA
120,NA,NA,AR,2023-10-29,NA,NA,NA,NA,NA,NA,NA,NA,NA,NA,NA,NA,NA,NA,NA,NA,NA,NA,NA,NA
121,0.84249322130055,0.58551645566508,AR,2023-10-30,1,1,1,0,1,1,1,1,1,1,1,1,1,0,1,0,1,1,1,1
122,NA,NA,AR,2023-10-31,NA,NA,NA,NA,NA,NA,NA,NA,NA,NA,NA,NA,NA,NA,NA,NA,NA,NA,NA,NA
123,0.918687738780911,0.64424624113218,AR,2023-11-01,1,1,1,1,1,1,1,1,1,0,1,1,1,1,1,0,1,1,1,0
124,NA,NA,AR,2023-11-02,NA,NA,NA,NA,NA,NA,NA,NA,NA,NA,NA,NA,NA,NA,NA,NA,NA,NA,NA,NA
125,0.843519841350033,0.590206097835815,AR,2023-11-03,1,1,1,0,1,1,1,1,1,1,1,1,0,0,1,1,1,1,1,1
126,NA,NA,AR,2023-11-04,NA,NA,NA,NA,NA,NA,NA,NA,NA,NA,NA,NA,NA,NA,NA,NA,NA,NA,NA,NA
127,1.95633034807975,0.369829347350898,AZ,2023-09-24,1,1,1,1,1,1,1,1,1,1,1,0,0,0,0,0,1,1,1,1
128,3.56261570204208,0.401562875705047,AZ,2023-09-25,1,1,1,0,1,0,0,1,1,0,1,0,0,0,1,0,0,1,1,0
129,3.05989486952267,0.3915674448234765,AZ,2023-09-26,1,0,0,1,1,0,1,1,1,1,1,0,0,1,1,0,1,0,0,1
130,2.02816357417926,0.3564049432463915,AZ,2023-09-27,1,1,1,1,1,1,1,1,1,1,1,0,0,0,0,0,1,1,1,1
131,0.98847412556341,0.3585184190908295,AZ,2023-09-28,1,1,1,0,1,1,1,1,1,1,1,1,0,0,1,0,1,1,1,0
132,0.748788895436956,0.3917087031152965,AZ,2023-09-29,1,1,1,1,0,1,1,1,1,1,1,1,1,1,0,0,1,1,1,1
133,1.1700664677803,0.367170963728215,AZ,2023-09-30,1,1,1,1,1,1,0,1,1,1,1,1,1,0,0,1,0,0,1,1
134,6.39076640683952,0.3856463058327825,AZ,2023-10-01,1,0,0,1,0,0,1,1,1,1,0,0,0,1,0,0,1,1,0,1
135,8.79655006569562,0.424829403051879,AZ,2023-10-02,1,1,1,0,1,0,0,1,0,1,0,0,0,0,1,0,0,0,0,1
136,1.16478555745633,0.3238244008514085,AZ,2023-10-03,1,1,1,1,1,1,1,1,1,1,1,0,0,0,1,0,1,1,1,1
137,2.56736465524118,0.470762245092752,AZ,2023-10-04,1,0,1,1,1,0,1,1,1,1,1,0,1,0,1,0,1,1,1,1
138,2.06823836506691,0.36369219446893303,AZ,2023-10-05,1,1,0,1,1,1,1,1,1,1,0,0,0,0,1,0,1,1,1,1
139,2.19995147576013,0.401956113176019,AZ,2023-10-06,1,1,1,1,0,0,1,1,1,1,0,1,0,0,0,1,1,1,0,1
140,1.47828097708273,0.561799800396245,AZ,2023-10-07,1,1,1,1,0,0,1,0,1,1,1,1,1,0,1,0,1,0,1,1
141,2.77744722634702,0.3600902357031065,AZ,2023-10-08,1,1,0,1,1,1,1,1,1,1,1,0,0,0,1,0,1,0,1,1
142,3.09756480040054,0.355335366378897,AZ,2023-10-09,1,1,1,0,1,1,1,1,1,1,0,0,0,0,0,0,1,0,1,1
143,2.89086482868908,0.3637839715317025,AZ,2023-10-10,1,1,0,0,1,1,0,1,1,1,0,0,0,0,0,0,0,1,0,1
144,0.971998297194118,0.319632206247035,AZ,2023-10-11,1,1,1,1,1,1,1,1,0,1,1,1,0,1,1,0,1,1,0,1
145,0.565645459131919,0.4067428248023975,AZ,2023-10-12,1,1,0,1,1,1,1,1,1,1,1,1,0,0,1,1,1,1,1,1
146,1.29461035807063,0.611065099419875,AZ,2023-10-13,0,0,1,1,1,1,1,1,1,1,0,0,1,1,1,0,1,1,1,1
147,1.21019677011111,0.346606405368264,AZ,2023-10-14,1,1,1,0,1,1,1,1,1,1,0,1,0,0,1,0,1,1,1,1
148,2.26565008316694,0.4131729224925645,AZ,2023-10-15,0,1,1,1,1,0,1,0,1,1,0,0,0,0,0,0,1,0,1,1
149,2.90128864376827,0.345344558654558,AZ,2023-10-16,1,1,1,0,1,1,1,1,1,0,0,0,0,0,1,0,1,1,0,0
150,2.50002784519491,0.3892656465314985,AZ,2023-10-17,1,0,1,1,1,1,0,1,1,1,0,0,0,0,0,0,0,1,1,1
151,2.74296590754958,0.417133591768544,AZ,2023-10-18,1,0,0,1,1,1,1,1,1,1,0,0,0,0,0,0,0,1,0,1
152,3.21961634494359,0.4250711151708735,AZ,2023-10-19,0,1,0,0,1,0,1,1,1,1,0,0,0,0,1,0,1,1,1,1
153,1.0361973530945,0.2965625145315585,AZ,2023-10-20,1,1,1,1,1,1,1,1,1,1,1,1,0,0,0,0,1,0,1,1
154,1.62730481758255,0.3139315972263615,AZ,2023-10-21,1,1,1,1,0,1,1,1,1,1,1,1,0,0,0,0,1,0,1,1
155,1.97440666451108,0.3290911580360135,AZ,2023-10-22,1,0,1,1,1,1,0,1,1,1,1,0,1,0,1,1,1,1,1,1
156,5.21159273455245,0.385158164561178,AZ,2023-10-23,0,0,1,0,1,1,1,1,1,0,1,0,0,0,0,0,1,0,0,0
157,2.2081306885575,0.286349912029242,AZ,2023-10-24,1,1,0,0,1,1,1,1,1,1,1,0,0,0,1,0,1,1,1,1
158,1.15555107613679,0.323572615025346,AZ,2023-10-25,1,1,1,1,1,1,0,1,1,1,1,1,0,0,0,0,0,1,1,1
159,0.22178087392104,0.1569033785119355,AZ,2023-10-26,1,1,1,1,1,1,1,1,1,1,1,1,1,1,1,1,1,1,1,1
160,0.873153854004607,0.3042120035823075,AZ,2023-10-27,1,1,0,1,1,1,1,1,1,1,1,1,0,1,1,0,1,1,1,1
161,2.0941005169588,0.4714241885233025,AZ,2023-10-28,1,1,0,1,0,0,1,0,0,1,0,1,0,1,0,0,1,0,0,1
162,1.73991412301244,0.3259045164795835,AZ,2023-10-29,1,1,1,1,1,1,0,1,1,1,0,0,1,0,1,0,0,1,0,1
163,3.00934814155625,0.367630503169953,AZ,2023-10-30,1,1,1,1,0,1,1,1,0,1,0,0,0,1,0,0,0,1,0,1
164,2.44814072809561,0.363445609283408,AZ,2023-10-31,1,0,1,0,1,1,1,1,1,1,0,0,0,0,1,0,1,1,1,1
165,1.45674036371789,0.3312969937938425,AZ,2023-11-01,1,1,1,0,1,1,1,1,1,1,1,1,0,1,1,0,1,1,1,1
166,2.27146841390317,0.3501160143139985,AZ,2023-11-02,0,0,1,1,1,1,1,1,1,1,0,0,1,0,1,0,1,0,0,1
167,1.90368314479908,0.4013272309942195,AZ,2023-11-03,0,0,1,1,0,1,1,1,1,1,0,0,0,1,0,0,1,1,1,1
168,0.918849463777225,0.3898494463167245,AZ,2023-11-04,1,1,1,1,0,1,1,1,1,1,1,1,1,0,0,0,0,0,0,1
169,1.73915275380568,0.3533221732047615,CA,2023-09-24,1,1,0,0,1,1,1,1,1,0,1,1,0,0,1,1,1,1,1,0
170,2.37665788231083,0.3351626375324355,CA,2023-09-25,1,1,1,1,1,0,1,1,1,1,0,0,0,1,1,0,1,0,1,1
171,2.75901295087083,0.3378864785053635,CA,2023-09-26,1,1,1,1,1,0,1,1,1,1,1,1,0,0,0,0,1,0,1,1
172,3.05848829233377,0.3835305989041975,CA,2023-09-27,1,0,0,1,1,1,0,1,1,0,0,0,0,0,0,1,0,0,1,0
173,2.80017585371405,0.3651170010614385,CA,2023-09-28,1,1,1,1,1,1,1,0,0,1,0,0,0,0,1,0,1,0,0,1
174,2.34607971229327,0.4157640919760295,CA,2023-09-29,1,1,1,1,1,0,0,1,1,0,1,1,0,1,1,0,0,0,1,0
175,0.963043211938539,0.3650579901687125,CA,2023-09-30,1,1,1,1,1,1,1,0,1,1,1,1,1,0,0,1,1,1,1,1
176,1.30096208212872,0.406781512190875,CA,2023-10-01,1,1,1,0,1,1,1,0,1,1,1,1,0,0,0,0,1,0,1,1
177,2.78189676597321,0.3314702966536105,CA,2023-10-02,1,1,1,1,0,0,0,1,1,1,1,1,0,0,0,0,0,1,1,0
178,2.68285692657124,0.3468685085505625,CA,2023-10-03,1,1,1,0,1,1,0,1,1,1,0,0,0,0,1,0,0,1,1,1
179,3.67584637902248,0.337493810798384,CA,2023-10-04,1,1,0,1,1,0,1,1,0,1,0,1,0,0,0,0,0,0,0,1
180,5.88351207871388,0.4433500936118755,CA,2023-10-05,1,0,0,0,1,0,1,1,1,1,0,0,0,0,0,0,1,1,0,1
181,2.5486773908451,0.4107977859193245,CA,2023-10-06,1,0,1,1,1,1,1,0,0,0,0,0,1,1,0,0,0,0,0,0
182,1.63587526325931,0.2301791500319255,CA,2023-10-07,1,1,1,1,1,0,1,1,1,1,0,1,0,0,1,0,1,1,1,1
183,0.698294123096747,0.29580914554806,CA,2023-10-08,1,1,1,1,1,1,1,1,1,1,1,1,0,1,1,0,1,1,1,1
184,1.6656611025207,0.338591761658612,CA,2023-10-09,1,0,1,1,1,1,1,1,1,1,0,0,1,0,1,0,1,1,0,1
185,3.69902336224059,0.3906342216793435,CA,2023-10-10,1,0,1,1,0,0,1,1,1,1,0,1,0,0,0,0,1,0,0,1
186,3.21048393699936,0.3777768847405215,CA,2023-10-11,1,1,0,0,1,1,1,0,1,0,0,0,0,0,1,1,1,0,1,0
187,1.76227763158055,0.3329375414464275,CA,2023-10-12,1,1,1,1,1,1,1,1,1,1,0,1,0,0,0,0,1,1,0,1
188,2.61374424975033,0.3884780232821535,CA,2023-10-13,1,0,1,0,1,1,1,1,1,1,1,0,0,0,0,0,1,1,0,1
189,1.48664727406213,0.365713648113583,CA,2023-10-14,1,1,0,0,1,1,1,1,0,1,1,0,1,0,1,0,1,1,0,1
190,2.00004679245224,0.436450542932717,CA,2023-10-15,0,1,0,1,1,0,1,1,1,1,1,1,0,0,1,0,1,1,1,1
191,2.71917849182198,0.3504732366987275,CA,2023-10-16,1,1,1,1,1,1,0,0,1,0,0,0,0,0,1,0,0,0,1,0
192,2.21035826670978,0.3535463825741365,CA,2023-10-17,1,0,1,0,1,1,1,1,1,0,1,1,1,0,1,0,1,0,0,0
193,5.13030699161584,0.412705507147575,CA,2023-10-18,0,0,0,1,1,0,0,1,1,0,1,0,0,0,0,0,0,0,0,0
194,2.07582844195929,0.3818913545136185,CA,2023-10-19,1,1,0,1,0,1,0,1,1,1,0,0,0,1,0,1,0,0,1,1
195,1.36013534366759,0.384425759355598,CA,2023-10-20,1,0,1,1,1,1,1,1,1,0,0,0,0,1,1,1,1,1,1,0
196,0.701710679481691,0.4919941957933255,CA,2023-10-21,1,1,0,1,1,1,1,1,1,1,1,1,0,1,1,0,1,1,1,1
197,0.799164045715663,0.401675819540255,CA,2023-10-22,1,1,1,0,1,1,1,1,1,1,1,1,0,0,1,0,1,1,0,1
198,2.44444993249347,0.347738336548054,CA,2023-10-23,1,0,1,1,1,1,1,1,1,1,1,0,0,1,1,0,1,0,0,1
199,1.71702749966691,0.329784191222058,CA,2023-10-24,1,1,1,1,1,1,1,1,1,0,1,0,0,1,1,0,1,0,1,0
200,2.77455038073603,0.439282109547911,CA,2023-10-25,1,0,1,1,1,0,1,1,1,0,1,0,0,0,0,0,1,1,0,0
201,3.91577314371933,0.371057128461467,CA,2023-10-26,1,0,1,1,1,1,0,1,1,0,1,0,1,0,0,1,1,0,0,0
202,2.28632693639112,0.4255430447765485,CA,2023-10-27,1,1,0,1,1,0,1,0,1,1,1,1,0,1,1,0,1,0,0,1
203,1.58692165426798,0.411819987841865,CA,2023-10-28,1,0,1,1,1,1,1,1,1,1,1,0,1,0,0,1,1,1,1,1
204,1.10048089358764,0.1112628077445015,CA,2023-10-29,1,1,1,1,1,0,1,1,1,1,1,1,1,1,1,0,1,0,0,1
205,3.92719937815619,0.463262556508182,CA,2023-10-30,0,0,1,1,0,0,0,1,1,0,0,0,1,1,0,0,1,1,0,0
206,1.18823784389333,0.330370876885145,CA,2023-10-31,1,0,1,1,1,1,1,1,1,1,1,1,0,0,1,0,1,1,0,1
207,2.34571175292842,0.496074374230339,CA,2023-11-01,1,0,1,1,0,0,1,1,1,0,1,0,1,1,0,0,1,1,1,0
208,1.39372939768423,0.310283439330479,CA,2023-11-02,1,1,1,0,1,1,1,1,1,0,1,0,1,0,1,0,1,1,1,0
209,1.26744455480315,0.2391415996496745,CA,2023-11-03,1,1,1,1,1,1,1,1,1,1,1,1,0,0,1,0,1,1,1,1
210,1.43267529234105,0.68236170280786,CA,2023-11-04,0,1,1,1,1,0,1,1,1,0,0,1,1,1,1,0,1,1,1,0
211,NA,NA,CO,2023-09-24,NA,NA,NA,NA,NA,NA,NA,NA,NA,NA,NA,NA,NA,NA,NA,NA,NA,NA,NA,NA
212,1.12901423539893,0.395707625535924,CO,2023-09-25,1,1,1,1,1,1,0,1,1,1,1,1,0,0,1,0,0,1,1,1
213,1.15167428714121,0.381622258054017,CO,2023-09-26,1,1,1,1,1,1,1,0,1,1,1,1,0,0,0,0,1,0,0,1
214,2.28584161491687,0.3626845799034415,CO,2023-09-27,1,1,0,1,1,0,1,1,1,1,1,1,0,1,1,0,1,0,1,1
215,1.29849177201549,0.426548201285608,CO,2023-09-28,0,1,1,1,0,1,1,1,1,1,1,0,0,1,0,0,1,1,1,1
216,1.39929644580794,0.364019446542915,CO,2023-09-29,1,0,1,1,1,1,1,1,1,1,1,0,0,0,0,0,1,1,1,1
217,0.848481581478605,0.59788447915218,CO,2023-09-30,1,1,1,1,1,1,1,1,0,1,1,1,1,1,1,0,1,1,0,1
218,NA,NA,CO,2023-10-01,NA,NA,NA,NA,NA,NA,NA,NA,NA,NA,NA,NA,NA,NA,NA,NA,NA,NA,NA,NA
219,1.69019290969799,0.4143633075060785,CO,2023-10-02,1,1,1,0,1,1,1,1,1,1,1,0,0,0,0,1,1,1,1,1
220,1.12853150672279,0.3744018654002265,CO,2023-10-03,1,0,1,1,1,1,1,1,1,1,1,0,0,0,0,0,1,1,1,1
221,1.11424550159297,0.3477308465974395,CO,2023-10-04,1,1,1,1,1,1,1,0,1,1,0,1,0,1,0,1,1,0,0,1
222,0.781346897436993,0.320862267085605,CO,2023-10-05,1,1,1,1,1,1,1,1,1,1,1,1,1,0,1,0,1,1,1,1
223,1.0795147403413,0.416633473493594,CO,2023-10-06,0,0,1,1,1,1,1,1,1,1,0,0,0,0,0,0,1,1,1,1
224,NA,NA,CO,2023-10-07,NA,NA,NA,NA,NA,NA,NA,NA,NA,NA,NA,NA,NA,NA,NA,NA,NA,NA,NA,NA
225,NA,NA,CO,2023-10-08,NA,NA,NA,NA,NA,NA,NA,NA,NA,NA,NA,NA,NA,NA,NA,NA,NA,NA,NA,NA
226,1.35402813345306,0.409822320613838,CO,2023-10-09,0,1,1,1,1,1,1,1,1,1,0,1,1,0,1,0,1,0,0,1
227,1.60551100618386,0.4959783911605805,CO,2023-10-10,0,1,0,1,0,1,0,1,1,1,1,1,0,1,0,0,0,1,1,1
228,1.82253057746627,0.3643070561269775,CO,2023-10-11,1,1,1,0,1,1,1,1,1,1,1,1,0,0,1,1,1,0,0,1
229,2.20451471864634,0.429866492942225,CO,2023-10-12,0,1,1,0,1,0,1,1,1,1,0,1,0,0,0,0,1,1,1,1
230,NA,NA,CO,2023-10-13,NA,NA,NA,NA,NA,NA,NA,NA,NA,NA,NA,NA,NA,NA,NA,NA,NA,NA,NA,NA
231,0.519729268215371,0.3660618688759335,CO,2023-10-14,1,1,1,1,1,1,1,1,1,1,1,1,0,1,1,1,1,1,0,1
232,NA,NA,CO,2023-10-15,NA,NA,NA,NA,NA,NA,NA,NA,NA,NA,NA,NA,NA,NA,NA,NA,NA,NA,NA,NA
233,1.49517973764527,0.3360472402790645,CO,2023-10-16,1,1,0,1,1,1,1,1,1,1,1,1,0,0,1,0,1,1,1,1
234,1.83475353711343,0.41607264411369,CO,2023-10-17,1,0,1,1,1,1,1,0,1,1,1,0,0,0,0,0,1,0,1,0
235,0.812445030041759,0.4234489837801965,CO,2023-10-18,1,1,1,1,1,1,1,1,1,1,1,1,0,0,1,0,1,1,1,1
236,0.837425700457897,0.3007871796716205,CO,2023-10-19,1,1,1,1,1,1,1,1,1,1,1,1,0,0,1,1,1,1,1,1
237,0.827558962672656,0.416664776036051,CO,2023-10-20,1,0,1,1,1,1,1,1,1,1,1,0,0,0,1,0,1,1,1,1
238,NA,NA,CO,2023-10-21,NA,NA,NA,NA,NA,NA,NA,NA,NA,NA,NA,NA,NA,NA,NA,NA,NA,NA,NA,NA
239,NA,NA,CO,2023-10-22,NA,NA,NA,NA,NA,NA,NA,NA,NA,NA,NA,NA,NA,NA,NA,NA,NA,NA,NA,NA
240,1.2148334660426,0.314185884499659,CO,2023-10-23,1,1,1,1,1,1,1,1,1,1,1,1,1,1,0,1,1,1,0,1
241,1.36589615928913,0.4316799238750365,CO,2023-10-24,1,1,1,1,0,1,1,1,0,1,1,1,0,0,1,1,1,1,0,1
242,1.61033430581873,0.207562702576669,CO,2023-10-25,1,1,1,1,1,0,1,1,1,1,1,1,1,0,0,0,1,1,1,1
243,0.701109961910878,0.2051926499180265,CO,2023-10-26,1,1,1,1,1,0,1,1,1,1,0,1,1,1,1,0,1,1,1,1
244,2.22719230225335,0.456067073087715,CO,2023-10-27,1,1,0,1,0,0,1,1,1,1,1,1,0,0,1,0,1,0,1,1
245,NA,NA,CO,2023-10-28,NA,NA,NA,NA,NA,NA,NA,NA,NA,NA,NA,NA,NA,NA,NA,NA,NA,NA,NA,NA
246,NA,NA,CO,2023-10-29,NA,NA,NA,NA,NA,NA,NA,NA,NA,NA,NA,NA,NA,NA,NA,NA,NA,NA,NA,NA
247,1.20843005567618,0.269546759984953,CO,2023-10-30,1,1,1,1,1,0,1,1,1,1,1,1,0,1,1,0,1,1,1,1
248,1.68616130443074,0.427869038420599,CO,2023-10-31,1,0,1,1,1,1,1,1,1,1,1,0,0,1,1,0,1,1,1,1
249,1.25760318744328,0.303155115079661,CO,2023-11-01,1,1,1,1,1,1,1,1,1,0,1,1,0,0,1,0,1,1,1,0
250,NA,NA,CO,2023-11-02,NA,NA,NA,NA,NA,NA,NA,NA,NA,NA,NA,NA,NA,NA,NA,NA,NA,NA,NA,NA
251,0.882914110130918,0.3568687375919915,CO,2023-11-03,1,1,1,1,1,1,0,1,1,1,1,1,0,1,1,0,0,1,0,1
252,NA,NA,CO,2023-11-04,NA,NA,NA,NA,NA,NA,NA,NA,NA,NA,NA,NA,NA,NA,NA,NA,NA,NA,NA,NA
253,1.81179527182968,0.2547531903681575,CT,2023-09-24,1,1,1,1,1,0,1,1,1,1,1,1,0,0,1,0,1,1,1,1
254,1.58927955157028,0.3452780580894895,CT,2023-09-25,1,1,1,0,1,1,1,1,1,1,1,0,0,0,1,1,1,1,1,1
255,0.965682794699291,0.2655922321556425,CT,2023-09-26,1,1,1,1,1,0,1,1,1,1,1,1,1,1,1,0,1,0,1,1
256,1.13850997440674,0.395254847631298,CT,2023-09-27,1,1,1,1,1,1,1,1,0,1,1,1,0,0,0,0,1,1,0,1
257,1.73688674996072,0.508667184670575,CT,2023-09-28,0,1,1,1,1,1,1,0,1,0,0,1,1,0,0,0,1,0,1,0
258,1.31678495937364,0.4226001033672855,CT,2023-09-29,1,1,1,0,1,1,1,1,0,1,1,1,1,0,0,0,1,1,1,1
259,0.798564751467516,0.39976727889157,CT,2023-09-30,1,0,1,1,1,1,1,1,1,1,1,0,1,1,1,0,1,1,1,1
260,1.49208612997142,0.501500477649605,CT,2023-10-01,0,0,1,1,1,1,1,1,0,1,0,0,1,1,1,0,1,1,0,1
261,2.02712508224755,0.188657846503043,CT,2023-10-02,1,1,1,1,1,0,1,1,1,1,1,1,0,1,1,0,1,0,1,1
262,1.17531388841107,0.3739150796293015,CT,2023-10-03,1,1,1,1,1,1,1,1,1,1,1,1,0,0,0,0,1,1,1,1
263,1.21028180038366,0.298527414098559,CT,2023-10-04,1,1,1,1,1,1,1,1,0,1,1,1,0,1,0,0,1,1,0,1
264,2.07779432480691,0.405894928636958,CT,2023-10-05,0,1,0,1,1,1,1,1,1,1,0,1,0,0,1,0,1,1,0,1
265,0.578827541136104,0.326936364787931,CT,2023-10-06,1,1,1,1,1,1,1,1,1,1,1,0,0,0,0,0,1,1,1,1
266,0.237923004515163,0.173498947549552,CT,2023-10-07,1,1,1,1,1,1,1,1,1,1,1,1,1,0,1,0,1,1,1,1
267,0.942950658086929,0.3674730635978265,CT,2023-10-08,1,1,1,1,1,1,0,1,1,1,1,1,1,1,1,0,0,1,1,1
268,2.48286542274487,0.574305860250085,CT,2023-10-09,1,0,1,1,1,0,1,1,1,0,0,0,1,1,1,0,1,1,1,0
269,2.60008820397743,0.4231548791695235,CT,2023-10-10,1,1,1,0,1,0,1,1,1,0,1,1,0,0,1,0,1,1,0,0
270,0.882637233834159,0.325950137041695,CT,2023-10-11,1,1,1,1,1,1,1,1,1,1,0,0,0,1,1,0,1,1,0,1
271,1.01275305287051,0.3946333100989545,CT,2023-10-12,1,1,1,1,1,1,1,1,0,1,1,1,1,0,0,0,1,1,0,1
272,1.0973103960611,0.53042872894806,CT,2023-10-13,1,1,1,1,0,0,1,1,1,1,1,1,0,1,0,1,1,1,1,1
273,NA,NA,CT,2023-10-14,NA,NA,NA,NA,NA,NA,NA,NA,NA,NA,NA,NA,NA,NA,NA,NA,NA,NA,NA,NA
274,0.875964573343434,0.596090596246585,CT,2023-10-15,1,1,1,1,1,1,1,1,0,1,1,1,1,1,1,0,1,1,0,1
275,1.05762273835121,0.50925978722357,CT,2023-10-16,1,1,0,1,1,0,1,1,1,1,1,1,1,0,1,0,1,1,1,1
276,1.07371974844071,0.2874553192612945,CT,2023-10-17,1,1,1,1,1,1,1,0,1,1,1,1,1,1,1,1,1,0,0,1
277,0.748921792275068,0.3922492667052665,CT,2023-10-18,1,1,1,1,1,1,1,1,1,1,1,1,0,0,0,1,1,1,1,1
278,1.19517018510359,0.4558728328187735,CT,2023-10-19,1,0,1,1,1,1,1,1,1,1,1,0,0,1,1,0,1,1,0,1
279,0.989374621587183,0.319420955519324,CT,2023-10-20,0,1,1,1,1,1,1,1,1,1,0,1,1,0,1,1,1,1,1,1
280,0.859822095834499,0.1393615550854195,CT,2023-10-21,1,1,1,1,1,0,1,1,1,1,1,1,1,0,1,0,1,1,1,1
281,0.692391362779922,0.3624552721291765,CT,2023-10-22,1,1,1,1,1,1,1,1,0,1,1,1,1,1,1,0,1,1,0,1
282,1.58632477426102,0.1356594532684705,CT,2023-10-23,1,1,1,1,1,0,1,1,1,1,1,1,0,1,1,0,1,1,1,1
283,0.678096832353781,0.358958791599725,CT,2023-10-24,1,1,1,1,1,1,1,1,0,1,1,1,1,1,1,1,1,0,0,1
284,0.871042113973974,0.308770333818855,CT,2023-10-25,1,1,1,1,1,1,1,0,1,1,0,1,1,0,0,0,1,0,1,1
285,1.86791424722688,0.4846160584795315,CT,2023-10-26,1,0,1,0,1,0,1,1,1,1,0,0,0,0,1,1,1,1,1,1
286,0.757011945203246,0.53216927722166,CT,2023-10-27,1,1,1,0,1,1,1,1,1,1,1,1,0,0,1,1,1,1,1,1
287,1.2827228161067,0.3966115804347755,CT,2023-10-28,1,0,1,1,1,1,1,0,1,1,1,0,1,0,1,0,1,0,0,1
288,0.446090546561061,0.1266004856147295,CT,2023-10-29,1,1,1,1,1,1,1,1,1,1,1,1,1,1,1,1,1,1,1,1
289,1.36892706151423,0.4845500712435805,CT,2023-10-30,1,0,1,1,0,0,1,1,1,1,1,0,1,0,0,0,1,1,1,1
290,0.806955978492045,0.1243089265293505,CT,2023-10-31,1,1,1,1,1,0,1,1,1,1,1,1,1,1,1,1,1,1,1,1
291,0.632361402886117,0.346192998862768,CT,2023-11-01,1,1,0,1,1,1,1,1,1,1,1,1,1,1,1,1,1,1,1,1
292,1.13437296916375,0.406977799101413,CT,2023-11-02,1,1,1,1,1,1,1,1,1,0,1,1,0,0,1,0,1,1,1,0
293,0.89711528838161,0.41629033462881,CT,2023-11-03,1,1,1,1,1,1,1,1,1,1,1,1,1,0,1,1,1,1,0,1
294,0.167833774263417,0.1209031102811435,CT,2023-11-04,1,1,1,1,1,1,1,1,1,1,1,1,1,1,1,0,1,1,0,1
295,0.878019340863636,0.62687847474182,DC,2023-09-24,1,1,1,1,1,1,0,1,1,1,1,1,1,1,0,1,0,1,1,1
296,0.845047375904519,0.59901232352595,DC,2023-09-25,0,1,1,1,1,1,1,1,1,1,0,1,0,1,1,1,1,1,1,1
297,0.263318178933782,0.1720762132034215,DC,2023-09-26,1,1,1,1,1,1,1,1,1,1,1,1,1,1,1,1,1,1,1,1
298,0.262466002120879,0.1685479693540275,DC,2023-09-27,1,1,1,1,1,1,1,1,1,1,1,1,1,1,1,1,1,1,1,1
299,1.54566330345498,0.165069823189886,DC,2023-09-28,1,1,1,1,1,0,1,1,1,1,1,1,1,0,1,0,1,1,1,1
300,NA,NA,DC,2023-09-29,NA,NA,NA,NA,NA,NA,NA,NA,NA,NA,NA,NA,NA,NA,NA,NA,NA,NA,NA,NA
301,0.554076683793818,0.3377087004400715,DC,2023-09-30,1,1,1,1,1,1,1,1,1,1,1,1,1,0,1,0,1,1,1,1
302,NA,NA,DC,2023-10-01,NA,NA,NA,NA,NA,NA,NA,NA,NA,NA,NA,NA,NA,NA,NA,NA,NA,NA,NA,NA
303,0.783648502099014,0.577913030626485,DC,2023-10-02,1,1,1,1,0,1,1,1,1,1,1,0,1,1,0,1,1,1,1,1
304,0.682076586915717,0.4893350531713775,DC,2023-10-03,1,1,0,1,1,1,1,1,1,1,1,1,0,1,1,0,1,1,1,1
305,0.21901643995562,0.1453103571791645,DC,2023-10-04,1,1,1,1,1,1,1,1,1,1,1,1,1,1,1,1,1,1,1,1
306,0.688105252034326,0.4973105926463585,DC,2023-10-05,1,1,0,1,1,1,1,1,1,1,1,1,0,0,1,1,1,1,1,1
307,NA,NA,DC,2023-10-06,NA,NA,NA,NA,NA,NA,NA,NA,NA,NA,NA,NA,NA,NA,NA,NA,NA,NA,NA,NA
308,0.680826170914665,0.3645695106691735,DC,2023-10-07,1,1,1,1,0,1,1,1,1,1,1,1,1,1,0,1,1,0,1,1
309,0.702930268962073,0.509394599758885,DC,2023-10-08,1,1,0,1,1,1,1,1,1,1,1,1,0,1,1,0,1,1,1,1
310,NA,NA,DC,2023-10-09,NA,NA,NA,NA,NA,NA,NA,NA,NA,NA,NA,NA,NA,NA,NA,NA,NA,NA,NA,NA
311,NA,NA,DC,2023-10-10,NA,NA,NA,NA,NA,NA,NA,NA,NA,NA,NA,NA,NA,NA,NA,NA,NA,NA,NA,NA
312,0.192680445887306,0.12484231850025,DC,2023-10-11,1,1,1,1,1,1,1,1,1,1,1,1,0,1,1,0,1,1,1,1
313,0.569037994697739,0.340973022649522,DC,2023-10-12,1,1,1,0,1,1,1,1,1,1,1,1,1,0,1,0,1,1,1,1
314,0.509063117196173,0.1195359439432655,DC,2023-10-13,1,1,1,1,1,1,1,1,1,1,1,1,1,0,1,0,1,1,1,1
315,1.04897510819024,0.450589082163101,DC,2023-10-14,1,1,1,1,1,1,0,1,1,1,1,1,0,0,1,1,0,0,1,1
316,0.508346880521198,0.1144776466479005,DC,2023-10-15,1,1,1,1,1,1,1,1,1,1,1,1,1,1,1,1,1,1,1,1
317,0.921308700786234,0.662048466843145,DC,2023-10-16,1,0,1,1,1,1,1,1,1,1,1,0,1,1,1,0,1,1,1,1
318,0.167031377772361,0.109670503182456,DC,2023-10-17,1,1,1,1,1,1,1,1,1,1,1,1,1,1,1,0,1,1,0,1
319,0.931812503322509,0.667408659724555,DC,2023-10-18,1,0,1,1,1,1,1,1,1,1,1,0,1,1,1,0,1,1,1,1
320,0.470531510231198,0.1051170991586465,DC,2023-10-19,1,1,1,1,1,1,1,1,1,1,1,1,1,1,1,1,1,1,1,1
321,0.168046160856187,0.1029362387338485,DC,2023-10-20,1,1,1,1,1,1,1,1,1,1,1,1,1,1,1,1,1,1,1,1
322,0.910947535837923,0.655164128757385,DC,2023-10-21,1,1,1,1,1,1,1,0,1,1,1,1,1,1,1,0,1,0,1,1
323,0.609703055214281,0.347081723392958,DC,2023-10-22,1,1,1,0,1,1,1,1,1,1,1,1,0,1,1,0,1,1,1,1
324,NA,NA,DC,2023-10-23,NA,NA,NA,NA,NA,NA,NA,NA,NA,NA,NA,NA,NA,NA,NA,NA,NA,NA,NA,NA
325,NA,NA,DC,2023-10-24,NA,NA,NA,NA,NA,NA,NA,NA,NA,NA,NA,NA,NA,NA,NA,NA,NA,NA,NA,NA
326,NA,NA,DC,2023-10-25,NA,NA,NA,NA,NA,NA,NA,NA,NA,NA,NA,NA,NA,NA,NA,NA,NA,NA,NA,NA
327,0.398756716632364,0.091206495775663,DC,2023-10-26,1,1,1,1,1,1,1,1,1,1,1,1,1,1,0,0,1,1,1,1
328,0.137304283433033,0.0894790865897825,DC,2023-10-27,1,1,1,1,1,1,1,1,1,1,1,1,1,1,1,0,1,1,0,1
329,0.132310101376834,0.087817095339401,DC,2023-10-28,1,1,1,1,1,1,1,1,1,1,1,1,1,1,1,1,1,1,1,1
330,NA,NA,DC,2023-10-29,NA,NA,NA,NA,NA,NA,NA,NA,NA,NA,NA,NA,NA,NA,NA,NA,NA,NA,NA,NA
331,NA,NA,DC,2023-10-30,NA,NA,NA,NA,NA,NA,NA,NA,NA,NA,NA,NA,NA,NA,NA,NA,NA,NA,NA,NA
332,0.726629304006832,0.3657137121467645,DC,2023-10-31,1,1,1,1,1,1,1,1,0,1,1,1,0,1,1,0,1,1,0,1
333,NA,NA,DC,2023-11-01,NA,NA,NA,NA,NA,NA,NA,NA,NA,NA,NA,NA,NA,NA,NA,NA,NA,NA,NA,NA
334,0.838796537786158,0.60689206717156,DC,2023-11-02,1,1,0,1,1,1,1,1,1,1,1,1,0,1,1,0,1,1,1,1
335,0.779983110376005,0.3508544540533995,DC,2023-11-03,1,1,1,1,1,1,1,1,1,1,1,1,0,0,1,0,1,1,1,1
336,0.121228606749663,0.07802651930718,DC,2023-11-04,1,1,1,1,1,1,1,1,1,1,1,1,1,1,0,0,1,1,1,1
337,NA,NA,DE,2023-09-24,NA,NA,NA,NA,NA,NA,NA,NA,NA,NA,NA,NA,NA,NA,NA,NA,NA,NA,NA,NA
338,0.610261648510059,0.4487568448728145,DE,2023-09-25,1,1,1,0,1,1,1,1,1,1,1,1,0,0,1,1,1,1,1,1
339,0.853664444791846,0.413294538333004,DE,2023-09-26,1,1,1,1,1,1,0,1,1,1,0,1,0,1,1,0,0,1,1,1
340,NA,NA,DE,2023-09-27,NA,NA,NA,NA,NA,NA,NA,NA,NA,NA,NA,NA,NA,NA,NA,NA,NA,NA,NA,NA
341,NA,NA,DE,2023-09-28,NA,NA,NA,NA,NA,NA,NA,NA,NA,NA,NA,NA,NA,NA,NA,NA,NA,NA,NA,NA
342,NA,NA,DE,2023-09-29,NA,NA,NA,NA,NA,NA,NA,NA,NA,NA,NA,NA,NA,NA,NA,NA,NA,NA,NA,NA
343,NA,NA,DE,2023-09-30,NA,NA,NA,NA,NA,NA,NA,NA,NA,NA,NA,NA,NA,NA,NA,NA,NA,NA,NA,NA
344,NA,NA,DE,2023-10-01,NA,NA,NA,NA,NA,NA,NA,NA,NA,NA,NA,NA,NA,NA,NA,NA,NA,NA,NA,NA
345,0.852428453473302,0.622874752084975,DE,2023-10-02,1,1,1,1,1,1,1,0,1,1,1,1,1,1,1,0,1,0,1,1
346,NA,NA,DE,2023-10-03,NA,NA,NA,NA,NA,NA,NA,NA,NA,NA,NA,NA,NA,NA,NA,NA,NA,NA,NA,NA
347,NA,NA,DE,2023-10-04,NA,NA,NA,NA,NA,NA,NA,NA,NA,NA,NA,NA,NA,NA,NA,NA,NA,NA,NA,NA
348,NA,NA,DE,2023-10-05,NA,NA,NA,NA,NA,NA,NA,NA,NA,NA,NA,NA,NA,NA,NA,NA,NA,NA,NA,NA
349,NA,NA,DE,2023-10-06,NA,NA,NA,NA,NA,NA,NA,NA,NA,NA,NA,NA,NA,NA,NA,NA,NA,NA,NA,NA
350,NA,NA,DE,2023-10-07,NA,NA,NA,NA,NA,NA,NA,NA,NA,NA,NA,NA,NA,NA,NA,NA,NA,NA,NA,NA
351,NA,NA,DE,2023-10-08,NA,NA,NA,NA,NA,NA,NA,NA,NA,NA,NA,NA,NA,NA,NA,NA,NA,NA,NA,NA
352,0.914293684350075,0.424226896751863,DE,2023-10-09,1,0,1,1,1,1,1,1,1,1,1,0,0,1,1,0,1,1,1,1
353,0.875666702461926,0.355762028245362,DE,2023-10-10,1,1,1,0,1,1,1,1,1,1,1,1,1,0,0,0,1,1,1,1
354,1.13302499085457,0.57766339578816,DE,2023-10-11,1,1,1,1,1,1,1,1,1,0,1,1,1,0,1,0,1,1,1,0
355,NA,NA,DE,2023-10-12,NA,NA,NA,NA,NA,NA,NA,NA,NA,NA,NA,NA,NA,NA,NA,NA,NA,NA,NA,NA
356,NA,NA,DE,2023-10-13,NA,NA,NA,NA,NA,NA,NA,NA,NA,NA,NA,NA,NA,NA,NA,NA,NA,NA,NA,NA
357,NA,NA,DE,2023-10-14,NA,NA,NA,NA,NA,NA,NA,NA,NA,NA,NA,NA,NA,NA,NA,NA,NA,NA,NA,NA
358,NA,NA,DE,2023-10-15,NA,NA,NA,NA,NA,NA,NA,NA,NA,NA,NA,NA,NA,NA,NA,NA,NA,NA,NA,NA
359,0.910395935962675,0.66479017653678,DE,2023-10-16,1,1,1,1,1,1,1,1,1,0,1,1,1,1,1,0,1,1,1,0
360,1.37649811578354,0.50463036759132,DE,2023-10-17,1,1,0,1,1,1,1,1,1,1,1,1,0,0,1,0,1,1,1,1
361,0.612257663326329,0.2859290238348285,DE,2023-10-18,1,1,1,1,1,1,1,1,1,1,0,1,0,0,1,0,1,1,1,1
362,NA,NA,DE,2023-10-19,NA,NA,NA,NA,NA,NA,NA,NA,NA,NA,NA,NA,NA,NA,NA,NA,NA,NA,NA,NA
363,NA,NA,DE,2023-10-20,NA,NA,NA,NA,NA,NA,NA,NA,NA,NA,NA,NA,NA,NA,NA,NA,NA,NA,NA,NA
364,NA,NA,DE,2023-10-21,NA,NA,NA,NA,NA,NA,NA,NA,NA,NA,NA,NA,NA,NA,NA,NA,NA,NA,NA,NA
365,NA,NA,DE,2023-10-22,NA,NA,NA,NA,NA,NA,NA,NA,NA,NA,NA,NA,NA,NA,NA,NA,NA,NA,NA,NA
366,1.19421808742936,0.400583183304179,DE,2023-10-23,1,1,1,0,1,1,1,1,1,1,1,1,1,0,1,0,1,1,1,1
367,0.663443415920476,0.3981044883929025,DE,2023-10-24,1,1,1,1,1,1,1,1,1,1,1,1,0,0,0,0,1,1,1,1
368,NA,NA,DE,2023-10-25,NA,NA,NA,NA,NA,NA,NA,NA,NA,NA,NA,NA,NA,NA,NA,NA,NA,NA,NA,NA
369,NA,NA,DE,2023-10-26,NA,NA,NA,NA,NA,NA,NA,NA,NA,NA,NA,NA,NA,NA,NA,NA,NA,NA,NA,NA
370,NA,NA,DE,2023-10-27,NA,NA,NA,NA,NA,NA,NA,NA,NA,NA,NA,NA,NA,NA,NA,NA,NA,NA,NA,NA
371,NA,NA,DE,2023-10-28,NA,NA,NA,NA,NA,NA,NA,NA,NA,NA,NA,NA,NA,NA,NA,NA,NA,NA,NA,NA
372,0.845420190834699,0.61954835360179,DE,2023-10-29,1,1,1,1,1,1,1,1,0,1,1,1,0,1,1,1,1,1,0,1
373,1.41197563159627,0.371683496909891,DE,2023-10-30,1,0,1,1,1,1,1,1,1,0,1,0,0,0,1,0,1,1,1,0
374,0.832360971068932,0.397619000621619,DE,2023-10-31,1,1,1,1,1,1,1,1,1,0,1,0,1,1,1,1,1,1,1,0
375,0.201838242379256,0.1044071336600405,DE,2023-11-01,1,1,1,1,1,1,1,1,1,1,1,1,1,1,1,1,1,1,1,1
376,0.727821785314638,0.56474043391278,DE,2023-11-02,1,1,0,1,1,1,1,1,1,1,1,1,0,1,1,1,1,0,1,1
377,NA,NA,DE,2023-11-03,NA,NA,NA,NA,NA,NA,NA,NA,NA,NA,NA,NA,NA,NA,NA,NA,NA,NA,NA,NA
378,0.500335722117266,0.10031065558023,DE,2023-11-04,1,1,1,1,1,1,1,1,1,1,1,1,0,1,1,0,1,1,1,1
379,1.21194765075203,0.4102259034234475,FL,2023-09-24,1,1,0,1,1,1,1,0,1,1,1,1,0,1,1,0,1,0,1,1
380,1.32061754160578,0.354262417700667,FL,2023-09-25,1,1,1,1,1,1,1,1,1,1,1,1,0,1,0,1,1,1,1,1
381,2.71558173429661,0.353682811570393,FL,2023-09-26,1,1,1,1,1,0,1,1,0,0,1,0,0,0,0,0,1,1,0,0
382,2.46360277084134,0.508478353532165,FL,2023-09-27,1,0,1,1,1,0,0,0,1,0,1,0,1,0,0,0,0,1,1,0
383,0.978786533002463,0.3251676760038485,FL,2023-09-28,1,1,1,1,1,0,1,1,1,1,1,1,0,1,1,0,1,1,1,1
384,1.60677066858162,0.499963744518696,FL,2023-09-29,0,1,0,1,1,1,1,1,1,0,0,1,0,1,0,0,1,1,1,0
385,0.395147324555811,0.2937048716988275,FL,2023-09-30,1,1,1,1,1,1,1,1,1,1,1,1,0,0,1,0,1,1,1,1
386,0.898838331045321,0.449247890547984,FL,2023-10-01,1,0,1,1,1,1,1,1,1,1,1,0,0,1,1,0,1,1,1,1
387,3.06548505526685,0.4243374373198045,FL,2023-10-02,0,1,1,0,1,0,1,1,1,1,0,0,0,0,0,0,1,0,1,0
388,1.92102037746663,0.372231636981927,FL,2023-10-03,1,1,1,1,0,1,1,1,1,1,0,1,0,0,0,0,1,1,1,1
389,2.09906804210923,0.3697659868591295,FL,2023-10-04,1,1,1,1,1,1,1,1,0,1,1,0,0,0,0,0,1,0,0,1
390,2.25901484342906,0.414162858364695,FL,2023-10-05,1,1,1,0,1,1,1,1,1,0,1,1,0,0,1,0,1,0,1,0
391,1.48408467854473,0.343109390118072,FL,2023-10-06,1,1,1,1,1,1,0,1,1,1,1,0,1,0,1,1,0,0,1,1
392,1.58650273637881,0.523362159233425,FL,2023-10-07,1,0,1,1,0,0,1,1,0,1,1,0,0,1,1,0,0,1,0,1
393,1.0995243126831,0.460854283395013,FL,2023-10-08,1,0,1,1,0,1,1,1,1,1,1,1,0,1,0,1,1,1,1,1
394,2.05197778352475,0.3647518488579355,FL,2023-10-09,1,1,1,0,1,1,1,1,1,1,1,0,0,0,0,1,1,1,1,1
395,2.38868862643221,0.3480193689228995,FL,2023-10-10,1,1,0,0,0,1,1,1,1,1,0,1,0,0,1,0,1,0,1,1
396,2.86985581997284,0.4212309277744545,FL,2023-10-11,1,1,0,1,1,1,0,1,0,1,0,1,0,0,1,0,0,0,0,1
397,3.3973995738709,0.400065878374637,FL,2023-10-12,1,0,0,0,1,0,1,0,1,1,0,0,0,1,0,0,1,0,0,1
398,0.95475381228605,0.390659688072046,FL,2023-10-13,1,1,1,1,1,1,1,1,1,0,0,0,0,0,1,1,1,1,1,0
399,3.44006424097061,0.3444305198639685,FL,2023-10-14,1,1,0,1,1,0,1,1,1,1,0,0,0,1,1,0,1,1,1,1
400,0.53318172012793,0.369792496332607,FL,2023-10-15,1,1,1,1,1,1,1,1,1,1,1,1,0,1,1,1,0,1,1,1
401,2.47563399926175,0.45706925336366,FL,2023-10-16,1,0,1,1,1,0,1,1,1,0,0,1,0,0,1,0,1,0,0,0
402,2.69985100279835,0.4793473915511345,FL,2023-10-17,1,0,1,1,1,0,1,1,1,0,0,0,0,1,0,0,1,0,0,0
403,2.38511582827381,0.43065625710546,FL,2023-10-18,1,1,0,0,1,1,1,1,1,0,1,1,0,0,0,0,0,1,1,0
404,2.65498210430941,0.4321631243798965,FL,2023-10-19,1,0,0,1,0,1,1,1,1,1,0,0,0,0,0,0,0,1,0,1
405,1.91342370562266,0.26870058619980153,FL,2023-10-20,0,1,1,1,1,0,1,1,1,1,0,1,0,0,1,0,0,0,1,1
406,1.058728452316,0.4514957008869815,FL,2023-10-21,1,0,1,0,1,1,1,1,1,1,1,0,1,0,0,0,1,1,1,1
407,1.28131182333726,0.353633833491415,FL,2023-10-22,1,0,1,1,0,1,1,1,1,1,1,0,0,1,0,0,1,0,1,1
408,2.31984867873934,0.412800517978641,FL,2023-10-23,1,0,1,1,1,1,0,1,1,1,1,0,0,1,0,1,0,1,0,1
409,1.12831310284356,0.345153002233387,FL,2023-10-24,1,0,1,1,1,1,1,0,1,1,0,0,0,1,0,1,1,0,1,1
410,2.70915255924236,0.54677955801594,FL,2023-10-25,1,0,1,1,1,0,1,1,1,0,1,1,0,0,0,0,1,1,0,0
411,1.75541705307258,0.388541441728699,FL,2023-10-26,1,1,0,1,1,1,1,1,0,1,0,1,0,1,1,1,1,1,0,1
412,2.3203271311059,0.26319574325316,FL,2023-10-27,1,1,0,1,1,0,1,1,1,1,1,0,0,1,1,0,1,1,1,1
413,0.812175322082113,0.3991970624269285,FL,2023-10-28,1,0,1,1,1,1,1,1,1,1,1,0,1,1,1,0,1,1,1,1
414,0.846803575522061,0.408076243420185,FL,2023-10-29,1,1,1,1,1,1,1,1,1,0,1,1,0,1,1,1,1,1,1,0
415,2.39281472915785,0.3967635917712885,FL,2023-10-30,1,0,1,1,1,1,1,0,1,1,1,0,0,0,0,0,1,0,0,1
416,1.71537323993402,0.45216307811285,FL,2023-10-31,1,1,1,1,1,0,1,0,1,0,1,1,0,1,1,0,1,0,0,0
417,1.31917475674599,0.3211025840655025,FL,2023-11-01,1,1,1,1,1,1,1,1,0,1,1,1,0,0,0,0,1,0,0,1
418,2.65963096012999,0.396963980335013,FL,2023-11-02,1,0,1,0,1,1,1,1,1,1,1,0,0,0,0,0,1,1,1,1
419,3.36904814893398,0.2811203540148695,FL,2023-11-03,1,1,0,0,1,0,1,1,1,1,1,1,0,0,1,0,1,1,1,1
420,1.12559936796184,0.459465669048438,FL,2023-11-04,1,0,1,1,1,1,1,1,0,1,1,0,0,1,1,0,1,1,0,1
421,0.60816471577258,0.372025139249158,GA,2023-09-24,1,1,1,1,1,1,1,1,1,1,1,1,0,1,0,0,1,1,0,1
422,1.24506664376015,0.430816506133443,GA,2023-09-25,0,1,1,1,1,1,1,1,0,1,0,1,1,0,1,0,1,1,0,1
423,1.35972251144324,0.4454992396773505,GA,2023-09-26,1,0,1,1,1,0,1,1,1,1,1,0,0,0,1,0,0,1,1,1
424,1.49313199159382,0.4514212467057545,GA,2023-09-27,1,0,0,1,1,1,1,0,1,1,1,0,0,0,1,0,1,1,1,1
425,0.999306952360442,0.451608223699564,GA,2023-09-28,1,1,1,0,0,1,1,1,1,1,1,1,0,0,0,0,1,1,1,1
426,0.356314630240188,0.2791632408591655,GA,2023-09-29,1,1,1,1,1,1,1,1,1,1,1,1,1,1,1,0,1,0,1,1
427,1.04971671090801,0.328126328713021,GA,2023-09-30,1,1,0,1,1,1,1,1,1,1,1,1,0,0,1,0,1,1,1,1
428,0.328266290311014,0.22601043319008,GA,2023-10-01,1,1,1,1,1,1,1,1,1,1,1,1,0,1,1,0,1,1,1,1
429,0.953612093503069,0.2504861949605345,GA,2023-10-02,1,1,1,1,1,0,1,1,1,1,1,1,0,0,1,0,1,1,0,1
430,0.630225943775201,0.3743458781674485,GA,2023-10-03,1,1,1,0,1,1,1,1,1,1,0,1,1,0,1,1,1,1,1,1
431,1.84953383126743,0.487921028681554,GA,2023-10-04,0,0,1,0,1,0,1,1,1,1,0,0,0,0,1,0,1,1,0,1
432,0.824749497541171,0.34658012212836953,GA,2023-10-05,0,1,1,1,1,1,1,1,1,1,0,1,1,0,1,0,1,1,1,0
433,0.849775222189462,0.4133697355991195,GA,2023-10-06,0,1,1,1,1,1,1,1,1,1,0,1,1,0,1,1,1,1,1,1
434,0.366612469677549,0.27898299747728,GA,2023-10-07,1,1,1,1,1,1,1,1,1,1,1,1,0,0,1,1,1,1,1,1
435,0.307760518906719,0.199996651111917,GA,2023-10-08,1,1,1,1,1,1,1,1,1,1,1,1,1,1,1,1,1,1,1,1
436,0.914534752573638,0.4301898178825465,GA,2023-10-09,1,1,1,1,0,1,1,1,1,1,1,1,1,0,0,0,1,1,1,1
437,1.87088923740432,0.51625012241792,GA,2023-10-10,1,1,1,1,1,1,0,1,1,1,1,1,1,1,1,0,0,1,1,1
438,1.75505152336485,0.50820789478467,GA,2023-10-11,0,1,1,1,1,0,0,1,0,1,0,1,1,1,0,0,0,1,0,1
439,1.9434883504103,0.42665377819906,GA,2023-10-12,0,0,1,1,1,1,1,0,1,1,0,0,1,1,0,0,1,0,1,1
440,1.66351338984076,0.619610798664535,GA,2023-10-13,0,1,1,1,0,0,1,0,1,1,0,0,1,0,0,0,1,0,1,1
441,1.6668006680801,0.620586638217915,GA,2023-10-14,0,0,1,0,1,0,1,1,1,1,0,0,0,0,1,0,1,1,1,1
442,1.29963071834658,0.2908025474720575,GA,2023-10-15,0,1,1,1,1,1,1,1,1,1,0,1,1,0,1,0,1,1,0,1
443,1.65601000968233,0.556574851449465,GA,2023-10-16,1,0,1,1,1,0,1,1,1,1,1,0,0,0,1,0,1,1,1,1
444,0.373634310495169,0.2824314773285145,GA,2023-10-17,1,1,1,1,1,1,1,1,1,1,1,1,0,1,0,1,1,1,1,1
445,1.4770666572026,0.3370174281029735,GA,2023-10-18,1,1,1,0,1,1,1,1,1,1,1,1,1,1,0,0,1,1,1,1
446,0.833559478665342,0.60149429666559,GA,2023-10-19,1,1,1,0,1,1,1,1,1,1,1,1,1,0,1,1,1,1,0,1
447,1.67323117774952,0.627504972419345,GA,2023-10-20,1,1,1,1,0,0,1,0,0,1,1,1,1,1,0,0,1,0,0,1
448,1.85631383655719,0.514529240283285,GA,2023-10-21,0,1,1,1,1,1,1,1,1,1,0,0,1,1,0,0,1,1,1,1
449,0.229749161246158,0.1546484711233465,GA,2023-10-22,1,1,1,1,1,1,1,1,1,1,1,1,1,1,1,1,1,1,1,1
450,1.00523647868577,0.3007173889674965,GA,2023-10-23,1,0,1,1,1,1,1,1,1,1,1,0,0,0,1,1,1,1,1,1
451,0.890405446200803,0.3523182650247795,GA,2023-10-24,1,1,1,1,1,1,1,1,1,1,1,1,1,0,1,0,1,1,1,1
452,1.90828618405676,0.431382480542188,GA,2023-10-25,1,0,1,1,1,1,1,0,1,1,1,0,0,0,0,0,1,0,1,1
453,0.573624621740899,0.4338798771122955,GA,2023-10-26,1,1,1,1,1,1,1,1,1,1,1,1,0,1,0,1,1,1,1,1
454,2.87403257484761,0.4201306845648455,GA,2023-10-27,1,0,1,0,1,0,1,1,1,0,1,0,0,0,1,0,1,1,1,0
455,0.404493598731515,0.290581576935999,GA,2023-10-28,1,1,1,1,1,1,1,1,1,1,1,1,0,1,1,0,1,1,1,1
456,0.580713853679143,0.1361581910247115,GA,2023-10-29,1,1,1,1,1,1,1,1,1,1,1,1,1,1,1,0,1,0,1,1
457,1.17006034445589,0.301933195169355,GA,2023-10-30,1,0,1,1,1,1,1,1,1,1,1,0,1,0,0,0,1,1,1,1
458,1.02503742986924,0.330802815294911,GA,2023-10-31,1,1,1,1,1,1,1,1,1,0,1,1,0,1,1,1,1,0,0,0
459,1.78273356189871,0.3271698675852885,GA,2023-11-01,0,1,0,1,0,1,1,1,1,1,0,1,0,1,0,0,1,1,0,1
460,0.929688111537685,0.4218965393562095,GA,2023-11-02,1,1,1,1,1,1,0,1,1,1,1,1,0,1,1,0,0,1,1,1
461,0.847213373902209,0.3504201329222535,GA,2023-11-03,1,1,1,1,1,1,1,1,1,0,1,1,0,1,0,0,1,1,1,0
462,0.189608943743279,0.12290001510736,GA,2023-11-04,1,1,1,1,1,1,1,1,1,1,1,1,1,1,1,1,1,1,1,1
463,NA,NA,HI,2023-09-24,NA,NA,NA,NA,NA,NA,NA,NA,NA,NA,NA,NA,NA,NA,NA,NA,NA,NA,NA,NA
464,NA,NA,HI,2023-09-25,NA,NA,NA,NA,NA,NA,NA,NA,NA,NA,NA,NA,NA,NA,NA,NA,NA,NA,NA,NA
465,NA,NA,HI,2023-09-26,NA,NA,NA,NA,NA,NA,NA,NA,NA,NA,NA,NA,NA,NA,NA,NA,NA,NA,NA,NA
466,NA,NA,HI,2023-09-27,NA,NA,NA,NA,NA,NA,NA,NA,NA,NA,NA,NA,NA,NA,NA,NA,NA,NA,NA,NA
467,NA,NA,HI,2023-09-28,NA,NA,NA,NA,NA,NA,NA,NA,NA,NA,NA,NA,NA,NA,NA,NA,NA,NA,NA,NA
468,NA,NA,HI,2023-09-29,NA,NA,NA,NA,NA,NA,NA,NA,NA,NA,NA,NA,NA,NA,NA,NA,NA,NA,NA,NA
469,NA,NA,HI,2023-09-30,NA,NA,NA,NA,NA,NA,NA,NA,NA,NA,NA,NA,NA,NA,NA,NA,NA,NA,NA,NA
470,NA,NA,HI,2023-10-01,NA,NA,NA,NA,NA,NA,NA,NA,NA,NA,NA,NA,NA,NA,NA,NA,NA,NA,NA,NA
471,NA,NA,HI,2023-10-02,NA,NA,NA,NA,NA,NA,NA,NA,NA,NA,NA,NA,NA,NA,NA,NA,NA,NA,NA,NA
472,0.260230752723135,0.217824278208667,HI,2023-10-03,1,1,1,1,1,1,1,1,1,1,1,1,0,1,1,0,1,1,1,1
473,NA,NA,HI,2023-10-04,NA,NA,NA,NA,NA,NA,NA,NA,NA,NA,NA,NA,NA,NA,NA,NA,NA,NA,NA,NA
474,NA,NA,HI,2023-10-05,NA,NA,NA,NA,NA,NA,NA,NA,NA,NA,NA,NA,NA,NA,NA,NA,NA,NA,NA,NA
475,NA,NA,HI,2023-10-06,NA,NA,NA,NA,NA,NA,NA,NA,NA,NA,NA,NA,NA,NA,NA,NA,NA,NA,NA,NA
476,NA,NA,HI,2023-10-07,NA,NA,NA,NA,NA,NA,NA,NA,NA,NA,NA,NA,NA,NA,NA,NA,NA,NA,NA,NA
477,NA,NA,HI,2023-10-08,NA,NA,NA,NA,NA,NA,NA,NA,NA,NA,NA,NA,NA,NA,NA,NA,NA,NA,NA,NA
478,NA,NA,HI,2023-10-09,NA,NA,NA,NA,NA,NA,NA,NA,NA,NA,NA,NA,NA,NA,NA,NA,NA,NA,NA,NA
479,NA,NA,HI,2023-10-10,NA,NA,NA,NA,NA,NA,NA,NA,NA,NA,NA,NA,NA,NA,NA,NA,NA,NA,NA,NA
480,NA,NA,HI,2023-10-11,NA,NA,NA,NA,NA,NA,NA,NA,NA,NA,NA,NA,NA,NA,NA,NA,NA,NA,NA,NA
481,NA,NA,HI,2023-10-12,NA,NA,NA,NA,NA,NA,NA,NA,NA,NA,NA,NA,NA,NA,NA,NA,NA,NA,NA,NA
482,NA,NA,HI,2023-10-13,NA,NA,NA,NA,NA,NA,NA,NA,NA,NA,NA,NA,NA,NA,NA,NA,NA,NA,NA,NA
483,NA,NA,HI,2023-10-14,NA,NA,NA,NA,NA,NA,NA,NA,NA,NA,NA,NA,NA,NA,NA,NA,NA,NA,NA,NA
484,NA,NA,HI,2023-10-15,NA,NA,NA,NA,NA,NA,NA,NA,NA,NA,NA,NA,NA,NA,NA,NA,NA,NA,NA,NA
485,NA,NA,HI,2023-10-16,NA,NA,NA,NA,NA,NA,NA,NA,NA,NA,NA,NA,NA,NA,NA,NA,NA,NA,NA,NA
486,NA,NA,HI,2023-10-17,NA,NA,NA,NA,NA,NA,NA,NA,NA,NA,NA,NA,NA,NA,NA,NA,NA,NA,NA,NA
487,NA,NA,HI,2023-10-18,NA,NA,NA,NA,NA,NA,NA,NA,NA,NA,NA,NA,NA,NA,NA,NA,NA,NA,NA,NA
488,NA,NA,HI,2023-10-19,NA,NA,NA,NA,NA,NA,NA,NA,NA,NA,NA,NA,NA,NA,NA,NA,NA,NA,NA,NA
489,NA,NA,HI,2023-10-20,NA,NA,NA,NA,NA,NA,NA,NA,NA,NA,NA,NA,NA,NA,NA,NA,NA,NA,NA,NA
490,NA,NA,HI,2023-10-21,NA,NA,NA,NA,NA,NA,NA,NA,NA,NA,NA,NA,NA,NA,NA,NA,NA,NA,NA,NA
491,NA,NA,HI,2023-10-22,NA,NA,NA,NA,NA,NA,NA,NA,NA,NA,NA,NA,NA,NA,NA,NA,NA,NA,NA,NA
492,0.17646623284106,0.164467368840603,HI,2023-10-23,1,1,1,1,1,1,1,1,1,1,1,1,1,1,1,1,1,1,1,1
493,NA,NA,HI,2023-10-24,NA,NA,NA,NA,NA,NA,NA,NA,NA,NA,NA,NA,NA,NA,NA,NA,NA,NA,NA,NA
494,NA,NA,HI,2023-10-25,NA,NA,NA,NA,NA,NA,NA,NA,NA,NA,NA,NA,NA,NA,NA,NA,NA,NA,NA,NA
495,NA,NA,HI,2023-10-26,NA,NA,NA,NA,NA,NA,NA,NA,NA,NA,NA,NA,NA,NA,NA,NA,NA,NA,NA,NA
496,NA,NA,HI,2023-10-27,NA,NA,NA,NA,NA,NA,NA,NA,NA,NA,NA,NA,NA,NA,NA,NA,NA,NA,NA,NA
497,NA,NA,HI,2023-10-28,NA,NA,NA,NA,NA,NA,NA,NA,NA,NA,NA,NA,NA,NA,NA,NA,NA,NA,NA,NA
498,NA,NA,HI,2023-10-29,NA,NA,NA,NA,NA,NA,NA,NA,NA,NA,NA,NA,NA,NA,NA,NA,NA,NA,NA,NA
499,NA,NA,HI,2023-10-30,NA,NA,NA,NA,NA,NA,NA,NA,NA,NA,NA,NA,NA,NA,NA,NA,NA,NA,NA,NA
500,NA,NA,HI,2023-10-31,NA,NA,NA,NA,NA,NA,NA,NA,NA,NA,NA,NA,NA,NA,NA,NA,NA,NA,NA,NA
501,0.168147729674221,0.148750738904033,HI,2023-11-01,1,1,1,1,1,1,1,1,1,1,1,1,1,1,1,1,1,1,1,1
502,NA,NA,HI,2023-11-02,NA,NA,NA,NA,NA,NA,NA,NA,NA,NA,NA,NA,NA,NA,NA,NA,NA,NA,NA,NA
503,NA,NA,HI,2023-11-03,NA,NA,NA,NA,NA,NA,NA,NA,NA,NA,NA,NA,NA,NA,NA,NA,NA,NA,NA,NA
504,NA,NA,HI,2023-11-04,NA,NA,NA,NA,NA,NA,NA,NA,NA,NA,NA,NA,NA,NA,NA,NA,NA,NA,NA,NA
505,1.15852159529764,0.3495294069077815,IA,2023-09-24,0,1,1,1,1,1,1,1,1,1,0,1,0,0,1,0,1,1,1,1
506,7.55712417289298,0.3238864278998335,IA,2023-09-25,1,1,0,1,1,0,1,1,1,1,0,1,0,0,0,0,1,0,1,1
507,1.92688734349801,0.3060162125547975,IA,2023-09-26,1,1,0,1,1,1,1,1,1,1,1,0,0,1,0,0,1,0,1,1
508,3.93732168191773,0.2956889414465505,IA,2023-09-27,1,1,0,1,0,0,1,1,1,1,1,0,0,0,0,0,1,1,1,1
509,3.46858551521738,0.310796241540264,IA,2023-09-28,1,0,0,1,1,0,1,1,1,1,1,1,1,1,0,0,1,0,0,1
510,0.817702372511374,0.358152196938982,IA,2023-09-29,1,1,1,1,1,1,1,1,1,1,1,1,0,0,1,0,1,1,1,1
511,1.05078633092559,0.4526067456096865,IA,2023-09-30,1,1,1,1,0,1,1,1,1,1,1,1,0,0,1,1,1,1,1,1
512,2.99462613854268,0.3797599564634805,IA,2023-10-01,1,1,0,0,0,1,1,1,1,1,1,1,1,0,0,0,1,1,0,1
513,0.517551173155236,0.256961425500111,IA,2023-10-02,1,1,1,1,1,1,1,1,1,1,1,1,1,0,1,0,1,1,1,1
514,1.95444044715087,0.4061708520890065,IA,2023-10-03,1,1,0,1,1,1,1,0,1,1,1,1,0,0,1,1,1,0,1,1
515,1.22604837234431,0.50021318285146,IA,2023-10-04,1,1,1,1,0,0,1,1,1,1,0,1,1,0,0,0,1,1,1,1
516,1.22919558230491,0.2051110295555925,IA,2023-10-05,1,1,1,1,1,0,1,1,1,1,1,1,0,1,1,0,1,0,1,1
517,0.881124086469245,0.456608978448065,IA,2023-10-06,1,1,1,0,1,1,1,1,1,1,1,1,1,0,1,0,1,1,1,1
518,1.59354633190122,0.4936182052741225,IA,2023-10-07,1,1,1,0,1,0,1,1,1,1,1,1,1,0,1,0,1,1,1,1
519,0.861524670994644,0.3803504064637565,IA,2023-10-08,1,1,1,1,1,1,1,1,1,1,1,1,0,0,1,1,1,1,1,1
520,0.677171425362318,0.3118230967683905,IA,2023-10-09,1,1,1,1,1,1,1,1,1,1,1,1,0,1,1,0,1,1,1,1
521,0.816487004624432,0.2337044146485255,IA,2023-10-10,1,1,1,1,1,0,1,1,1,1,1,1,0,1,1,1,1,1,0,1
522,1.40140947697592,0.291306744453939,IA,2023-10-11,1,1,0,1,1,1,1,1,1,1,0,1,0,1,1,0,1,1,1,1
523,1.4032732871863,0.4537743934164995,IA,2023-10-12,1,1,0,1,0,0,1,1,1,1,1,1,0,0,0,0,1,1,1,1
524,0.614497604333112,0.2785918010043145,IA,2023-10-13,1,1,1,1,1,1,1,1,1,1,1,1,0,1,1,0,1,1,1,1
525,2.64152674578564,0.1773543922552435,IA,2023-10-14,1,1,0,1,1,0,1,1,1,1,1,1,0,1,1,0,1,1,1,1
526,1.93492065693233,0.4904751925742435,IA,2023-10-15,1,1,1,1,1,0,1,0,0,1,1,1,0,0,0,1,1,0,0,1
527,1.62099347336109,0.342994852453317,IA,2023-10-16,1,1,1,0,1,1,1,1,1,1,1,1,0,0,1,0,1,1,0,1
528,0.768104366982288,0.3168254795249995,IA,2023-10-17,1,1,0,1,1,1,1,1,1,1,1,1,0,1,1,0,1,1,1,1
529,1.31556329898101,0.392838439507904,IA,2023-10-18,1,1,1,1,1,1,1,0,1,1,1,1,0,0,1,0,0,0,1,1
530,1.0152369048238,0.3243561367462125,IA,2023-10-19,1,1,1,1,1,1,1,1,1,1,1,1,0,0,1,1,1,1,1,1
531,1.16550106895203,0.27795913961971,IA,2023-10-20,1,1,1,1,0,1,1,1,1,1,1,1,0,1,0,0,0,1,1,1
532,0.555796126340277,0.405310320727985,IA,2023-10-21,1,1,1,1,1,1,1,1,1,1,1,1,0,1,1,0,1,1,1,1
533,2.41179148011756,0.4615111388937045,IA,2023-10-22,1,1,1,0,1,0,1,1,1,1,1,1,0,0,1,0,1,1,1,1
534,1.13221764797823,0.399254458491937,IA,2023-10-23,1,0,1,1,1,1,1,1,1,1,1,0,0,1,1,0,1,1,1,1
535,1.94554828343177,0.4332494159710125,IA,2023-10-24,1,0,1,1,1,0,0,0,1,1,1,0,1,0,0,0,0,1,1,1
536,2.57726468846965,0.56342186832553,IA,2023-10-25,1,0,1,1,0,0,1,1,1,1,1,0,0,1,0,0,1,1,1,1
537,6.87971255702134,0.4851990845730335,IA,2023-10-26,1,1,1,0,1,0,1,1,1,1,0,1,0,0,0,0,1,1,1,1
538,1.17517355894184,0.313416453677841,IA,2023-10-27,1,1,0,1,1,1,1,1,1,1,1,1,1,0,1,0,1,1,1,1
539,0.579139777890341,0.139911920162732,IA,2023-10-28,1,1,1,1,1,1,1,1,1,1,1,1,1,1,1,1,1,1,1,1
540,0.746644071907873,0.396093101557509,IA,2023-10-29,1,1,1,0,1,1,1,1,1,1,1,1,0,1,1,0,1,1,1,1
541,3.81042946526107,0.3659648359636555,IA,2023-10-30,1,1,1,0,1,0,1,1,1,1,1,1,0,0,0,0,1,0,1,1
542,1.06382333185641,0.3386534551922895,IA,2023-10-31,1,1,1,1,1,1,1,0,1,1,1,1,0,1,0,0,1,1,1,1
543,1.23570718661469,0.419423526719104,IA,2023-11-01,1,1,1,1,1,1,1,1,0,1,1,1,0,1,1,0,1,1,0,1
544,0.954673011006242,0.68240048983025,IA,2023-11-02,1,0,1,1,1,1,1,1,1,1,1,0,1,1,1,0,1,1,1,1
545,7.38459470587028,0.571944898892345,IA,2023-11-03,1,1,0,0,1,0,1,1,1,1,1,1,0,0,1,0,1,1,1,1
546,1.14118295351817,0.417309841097491,IA,2023-11-04,1,1,1,0,1,1,1,1,1,1,1,1,0,0,0,0,1,1,1,1
547,NA,NA,ID,2023-09-24,NA,NA,NA,NA,NA,NA,NA,NA,NA,NA,NA,NA,NA,NA,NA,NA,NA,NA,NA,NA
548,NA,NA,ID,2023-09-25,NA,NA,NA,NA,NA,NA,NA,NA,NA,NA,NA,NA,NA,NA,NA,NA,NA,NA,NA,NA
549,NA,NA,ID,2023-09-26,NA,NA,NA,NA,NA,NA,NA,NA,NA,NA,NA,NA,NA,NA,NA,NA,NA,NA,NA,NA
550,NA,NA,ID,2023-09-27,NA,NA,NA,NA,NA,NA,NA,NA,NA,NA,NA,NA,NA,NA,NA,NA,NA,NA,NA,NA
551,NA,NA,ID,2023-09-28,NA,NA,NA,NA,NA,NA,NA,NA,NA,NA,NA,NA,NA,NA,NA,NA,NA,NA,NA,NA
552,NA,NA,ID,2023-09-29,NA,NA,NA,NA,NA,NA,NA,NA,NA,NA,NA,NA,NA,NA,NA,NA,NA,NA,NA,NA
553,NA,NA,ID,2023-09-30,NA,NA,NA,NA,NA,NA,NA,NA,NA,NA,NA,NA,NA,NA,NA,NA,NA,NA,NA,NA
554,NA,NA,ID,2023-10-01,NA,NA,NA,NA,NA,NA,NA,NA,NA,NA,NA,NA,NA,NA,NA,NA,NA,NA,NA,NA
555,NA,NA,ID,2023-10-02,NA,NA,NA,NA,NA,NA,NA,NA,NA,NA,NA,NA,NA,NA,NA,NA,NA,NA,NA,NA
556,NA,NA,ID,2023-10-03,NA,NA,NA,NA,NA,NA,NA,NA,NA,NA,NA,NA,NA,NA,NA,NA,NA,NA,NA,NA
557,0.335518009875233,0.211686274345322,ID,2023-10-04,1,1,1,1,1,1,1,1,1,1,1,1,1,1,0,0,1,1,1,1
558,NA,NA,ID,2023-10-05,NA,NA,NA,NA,NA,NA,NA,NA,NA,NA,NA,NA,NA,NA,NA,NA,NA,NA,NA,NA
559,0.719326816689514,0.51602255252619,ID,2023-10-06,1,1,1,1,0,1,1,1,1,1,1,1,1,1,0,0,1,1,1,1
560,0.718284060469624,0.51779373686931,ID,2023-10-07,1,1,1,1,0,1,1,1,1,1,1,1,1,1,1,1,1,1,1,1
561,NA,NA,ID,2023-10-08,NA,NA,NA,NA,NA,NA,NA,NA,NA,NA,NA,NA,NA,NA,NA,NA,NA,NA,NA,NA
562,0.868872604537009,0.4734128609437305,ID,2023-10-09,1,1,1,1,0,1,1,1,1,1,1,1,0,0,0,0,1,1,1,1
563,0.70949588281365,0.51296385262026,ID,2023-10-10,1,1,1,0,1,1,1,1,1,1,1,1,1,1,1,1,1,1,1,1
564,NA,NA,ID,2023-10-11,NA,NA,NA,NA,NA,NA,NA,NA,NA,NA,NA,NA,NA,NA,NA,NA,NA,NA,NA,NA
565,NA,NA,ID,2023-10-12,NA,NA,NA,NA,NA,NA,NA,NA,NA,NA,NA,NA,NA,NA,NA,NA,NA,NA,NA,NA
566,NA,NA,ID,2023-10-13,NA,NA,NA,NA,NA,NA,NA,NA,NA,NA,NA,NA,NA,NA,NA,NA,NA,NA,NA,NA
567,NA,NA,ID,2023-10-14,NA,NA,NA,NA,NA,NA,NA,NA,NA,NA,NA,NA,NA,NA,NA,NA,NA,NA,NA,NA
568,NA,NA,ID,2023-10-15,NA,NA,NA,NA,NA,NA,NA,NA,NA,NA,NA,NA,NA,NA,NA,NA,NA,NA,NA,NA
569,NA,NA,ID,2023-10-16,NA,NA,NA,NA,NA,NA,NA,NA,NA,NA,NA,NA,NA,NA,NA,NA,NA,NA,NA,NA
570,NA,NA,ID,2023-10-17,NA,NA,NA,NA,NA,NA,NA,NA,NA,NA,NA,NA,NA,NA,NA,NA,NA,NA,NA,NA
571,NA,NA,ID,2023-10-18,NA,NA,NA,NA,NA,NA,NA,NA,NA,NA,NA,NA,NA,NA,NA,NA,NA,NA,NA,NA
572,NA,NA,ID,2023-10-19,NA,NA,NA,NA,NA,NA,NA,NA,NA,NA,NA,NA,NA,NA,NA,NA,NA,NA,NA,NA
573,NA,NA,ID,2023-10-20,NA,NA,NA,NA,NA,NA,NA,NA,NA,NA,NA,NA,NA,NA,NA,NA,NA,NA,NA,NA
574,NA,NA,ID,2023-10-21,NA,NA,NA,NA,NA,NA,NA,NA,NA,NA,NA,NA,NA,NA,NA,NA,NA,NA,NA,NA
575,NA,NA,ID,2023-10-22,NA,NA,NA,NA,NA,NA,NA,NA,NA,NA,NA,NA,NA,NA,NA,NA,NA,NA,NA,NA
576,NA,NA,ID,2023-10-23,NA,NA,NA,NA,NA,NA,NA,NA,NA,NA,NA,NA,NA,NA,NA,NA,NA,NA,NA,NA
577,NA,NA,ID,2023-10-24,NA,NA,NA,NA,NA,NA,NA,NA,NA,NA,NA,NA,NA,NA,NA,NA,NA,NA,NA,NA
578,0.260268498083981,0.156180652629534,ID,2023-10-25,1,1,1,1,1,1,1,1,1,1,1,1,1,1,1,1,1,1,1,1
579,NA,NA,ID,2023-10-26,NA,NA,NA,NA,NA,NA,NA,NA,NA,NA,NA,NA,NA,NA,NA,NA,NA,NA,NA,NA
580,NA,NA,ID,2023-10-27,NA,NA,NA,NA,NA,NA,NA,NA,NA,NA,NA,NA,NA,NA,NA,NA,NA,NA,NA,NA
581,NA,NA,ID,2023-10-28,NA,NA,NA,NA,NA,NA,NA,NA,NA,NA,NA,NA,NA,NA,NA,NA,NA,NA,NA,NA
582,NA,NA,ID,2023-10-29,NA,NA,NA,NA,NA,NA,NA,NA,NA,NA,NA,NA,NA,NA,NA,NA,NA,NA,NA,NA
583,NA,NA,ID,2023-10-30,NA,NA,NA,NA,NA,NA,NA,NA,NA,NA,NA,NA,NA,NA,NA,NA,NA,NA,NA,NA
584,NA,NA,ID,2023-10-31,NA,NA,NA,NA,NA,NA,NA,NA,NA,NA,NA,NA,NA,NA,NA,NA,NA,NA,NA,NA
585,NA,NA,ID,2023-11-01,NA,NA,NA,NA,NA,NA,NA,NA,NA,NA,NA,NA,NA,NA,NA,NA,NA,NA,NA,NA
586,NA,NA,ID,2023-11-02,NA,NA,NA,NA,NA,NA,NA,NA,NA,NA,NA,NA,NA,NA,NA,NA,NA,NA,NA,NA
587,NA,NA,ID,2023-11-03,NA,NA,NA,NA,NA,NA,NA,NA,NA,NA,NA,NA,NA,NA,NA,NA,NA,NA,NA,NA
588,NA,NA,ID,2023-11-04,NA,NA,NA,NA,NA,NA,NA,NA,NA,NA,NA,NA,NA,NA,NA,NA,NA,NA,NA,NA
589,1.09098124809962,0.468872571337186,IL,2023-09-24,1,1,1,1,0,0,1,1,1,1,1,1,1,0,0,0,1,1,1,1
590,3.18701426483107,0.338649874619998,IL,2023-09-25,1,1,1,0,1,0,1,1,1,1,1,0,0,0,0,1,1,0,1,1
591,2.67085116183697,0.416121072851833,IL,2023-09-26,1,0,1,1,1,1,1,1,1,0,1,0,0,0,0,0,1,1,1,0
592,1.55294209753959,0.3933136091898835,IL,2023-09-27,1,1,1,1,1,1,1,1,0,1,0,1,0,0,0,0,1,0,1,1
593,3.34958219360017,0.4603710875673605,IL,2023-09-28,1,0,1,1,1,0,0,1,1,1,1,0,0,0,0,0,0,0,1,1
594,2.88807808825631,0.421613707405671,IL,2023-09-29,0,1,1,1,1,1,1,1,1,1,0,1,0,0,0,0,1,0,1,1
595,1.07381917094958,0.442901001848859,IL,2023-09-30,1,1,1,1,1,1,0,1,1,1,1,1,0,0,0,0,0,1,1,1
596,1.90891340433224,0.4249725712086475,IL,2023-10-01,0,1,1,1,1,1,0,1,1,1,0,1,0,0,0,0,0,0,1,1
597,3.38442980657459,0.3324333089045665,IL,2023-10-02,1,1,1,0,1,0,0,1,1,1,1,0,0,0,0,0,0,0,1,1
598,2.78952999286377,0.312220315387985,IL,2023-10-03,1,1,1,1,1,0,1,1,1,1,1,0,0,0,0,0,1,0,0,1
599,2.74369265771927,0.4269980997877395,IL,2023-10-04,1,1,0,1,1,0,1,1,1,1,0,1,0,0,1,0,1,0,1,1
600,2.09389544133238,0.387325361205181,IL,2023-10-05,1,1,1,1,0,1,1,1,1,1,0,0,0,1,0,0,1,0,1,1
601,2.33914372720914,0.4123350700569375,IL,2023-10-06,1,1,0,1,1,0,1,1,1,1,0,0,0,1,0,1,1,1,1,1
602,2.16516861424014,0.347930295956736,IL,2023-10-07,1,1,0,0,1,1,1,1,1,0,0,0,0,0,0,1,1,0,1,0
603,1.61345626000412,0.41801463025227,IL,2023-10-08,1,1,0,1,1,1,0,1,0,0,1,1,0,0,0,0,0,0,1,0
604,2.21206872226587,0.293792996080614,IL,2023-10-09,1,1,1,1,1,0,1,1,1,1,0,0,0,0,1,0,1,0,1,1
605,2.52959194636934,0.283737961894311,IL,2023-10-10,1,1,1,0,1,0,1,1,1,1,0,1,0,0,1,0,1,0,0,1
606,2.10127015333816,0.353419776393515,IL,2023-10-11,1,1,1,0,1,1,1,1,1,1,1,1,0,0,1,0,1,1,0,1
607,2.23653273188058,0.3018672637478045,IL,2023-10-12,1,1,1,1,1,0,1,1,1,1,1,0,0,0,1,0,1,0,1,1
608,2.22251331622533,0.3368241298986835,IL,2023-10-13,1,1,1,1,1,1,1,1,0,1,0,1,0,0,1,0,1,1,0,1
609,1.59555297204805,0.3255837044507705,IL,2023-10-14,0,0,0,1,1,1,1,1,1,1,1,0,0,1,0,0,1,0,1,1
610,1.46823352332799,0.318754202277866,IL,2023-10-15,1,1,1,1,1,1,1,1,1,1,1,1,0,1,0,1,1,0,0,1
611,2.38051280071166,0.294762762231818,IL,2023-10-16,1,1,0,1,1,0,1,1,1,1,1,0,1,1,0,0,1,1,1,0
612,2.69692656536466,0.3766139539642725,IL,2023-10-17,1,0,1,1,1,1,0,1,1,1,1,0,0,1,0,0,0,0,0,1
613,1.71344357508375,0.348621119493131,IL,2023-10-18,1,1,1,1,1,1,0,1,0,1,1,1,0,0,1,1,0,0,0,1
614,2.74260025376545,0.439201449284037,IL,2023-10-19,1,1,1,1,1,0,0,0,1,1,0,1,0,0,0,0,0,0,1,0
615,2.67312039169646,0.408078463440975,IL,2023-10-20,1,1,1,0,1,0,0,1,1,1,1,1,1,0,0,0,0,0,1,1
616,1.3988562434157,0.2722058042623955,IL,2023-10-21,1,1,1,1,1,0,1,1,1,1,1,1,0,0,0,0,1,1,1,1
617,1.13556857716638,0.369423353692843,IL,2023-10-22,1,1,0,1,1,1,1,1,1,1,1,1,0,0,1,0,1,1,1,1
618,1.60302329416795,0.338567443623488,IL,2023-10-23,1,1,0,1,1,1,1,1,1,1,1,1,1,0,1,0,1,1,0,1
619,2.37073389139121,0.354633011737549,IL,2023-10-24,1,0,1,0,1,1,1,1,0,1,1,0,0,0,0,1,1,0,0,1
620,3.18227802672768,0.3534861865170595,IL,2023-10-25,1,1,1,1,1,1,1,0,0,1,0,0,0,0,1,0,0,0,0,1
621,2.39928191643122,0.381487672008222,IL,2023-10-26,1,0,1,1,1,1,1,1,0,1,1,0,0,0,0,0,1,0,0,1
622,3.92928774350885,0.3976910405396095,IL,2023-10-27,1,1,0,1,1,0,0,1,1,1,1,0,0,1,1,0,0,0,0,1
623,1.4800579460946,0.3178118755671325,IL,2023-10-28,1,0,1,1,1,1,0,1,1,1,0,0,0,0,1,0,0,1,1,1
624,1.82213459588958,0.454363513561254,IL,2023-10-29,1,1,1,1,1,0,1,1,0,0,1,1,1,0,0,0,1,0,0,0
625,3.38472781843433,0.2556137860159175,IL,2023-10-30,1,1,1,1,1,0,1,1,1,0,1,1,0,0,0,0,1,0,0,0
626,1.8905303604341,0.481337605883563,IL,2023-10-31,0,1,1,1,1,0,0,1,1,1,0,1,0,0,1,0,0,1,0,1
627,3.02823300810506,0.393077971963281,IL,2023-11-01,1,0,1,1,1,1,1,1,1,0,1,0,1,1,0,0,1,0,1,0
628,2.69801312389295,0.378423821478025,IL,2023-11-02,1,0,0,1,1,1,1,0,1,1,0,1,0,1,1,0,1,0,1,1
629,1.39407850654855,0.328972805497141,IL,2023-11-03,1,0,1,1,1,1,1,1,1,1,0,0,1,1,1,0,1,0,1,1
630,2.17437685641826,0.44129633065325,IL,2023-11-04,1,0,0,1,1,0,1,1,1,1,1,0,0,1,0,0,1,1,1,1
631,NA,NA,IN,2023-09-24,NA,NA,NA,NA,NA,NA,NA,NA,NA,NA,NA,NA,NA,NA,NA,NA,NA,NA,NA,NA
632,0.390663438282972,0.295906476623998,IN,2023-09-25,1,1,1,1,1,1,1,1,1,1,1,1,1,1,1,0,1,1,0,1
633,0.940091020214405,0.371541432661515,IN,2023-09-26,1,1,1,1,1,1,1,1,0,1,1,1,1,1,1,0,1,1,0,1
634,0.706134292078843,0.3903860526632825,IN,2023-09-27,1,1,1,0,1,1,1,1,1,1,1,1,0,0,1,1,1,1,1,1
635,1.60186461619592,0.3906858201111865,IN,2023-09-28,1,1,0,1,1,0,1,1,1,0,1,1,1,1,0,0,1,1,0,0
636,1.77650416431869,0.3772954308007425,IN,2023-09-29,1,1,1,0,1,1,1,1,1,1,0,1,1,0,1,1,1,0,1,1
637,0.436430844923156,0.310623561312079,IN,2023-09-30,1,1,1,1,1,1,1,1,1,1,1,1,1,1,1,1,1,1,1,1
638,NA,NA,IN,2023-10-01,NA,NA,NA,NA,NA,NA,NA,NA,NA,NA,NA,NA,NA,NA,NA,NA,NA,NA,NA,NA
639,0.391852924244458,0.2687636754038985,IN,2023-10-02,1,1,1,1,1,1,1,1,1,1,1,1,0,1,1,0,1,1,1,1
640,1.0363021334747,0.3172443292742265,IN,2023-10-03,1,1,0,1,1,1,1,1,1,1,1,1,0,1,1,0,1,1,1,1
641,1.29896273003096,0.43195089091012,IN,2023-10-04,1,1,1,1,1,1,0,1,0,1,1,0,0,1,0,0,0,1,0,1
642,1.18186432491608,0.399170617914251,IN,2023-10-05,1,1,0,1,0,1,1,1,1,1,1,1,1,0,0,1,1,1,1,1
643,0.370504620878701,0.290340315669492,IN,2023-10-06,1,1,1,1,1,1,1,1,1,1,1,1,0,1,1,1,1,0,1,1
644,0.436001616958856,0.3267136914327325,IN,2023-10-07,1,1,1,1,1,1,1,1,1,1,1,1,0,1,1,0,1,1,1,1
645,NA,NA,IN,2023-10-08,NA,NA,NA,NA,NA,NA,NA,NA,NA,NA,NA,NA,NA,NA,NA,NA,NA,NA,NA,NA
646,0.476498187989151,0.3317088915665125,IN,2023-10-09,1,1,1,1,1,1,1,1,1,1,1,1,0,1,1,0,1,1,1,1
647,0.602425166039755,0.274444228000356,IN,2023-10-10,1,1,1,1,1,1,1,1,1,1,1,1,0,0,1,0,1,1,1,1
648,1.20599701394218,0.5804057649761,IN,2023-10-11,1,1,1,1,0,1,1,0,1,1,1,1,0,1,0,1,1,0,1,1
649,0.474426464103042,0.33950753152098,IN,2023-10-12,1,1,1,1,1,1,1,1,1,1,1,1,0,1,1,0,1,1,1,1
650,0.761064418322907,0.3067998719428935,IN,2023-10-13,1,1,0,1,1,1,1,1,1,1,1,1,0,0,1,1,1,1,1,1
651,0.91879669794295,0.330444763714747,IN,2023-10-14,1,1,1,1,1,1,1,1,1,1,1,1,1,0,1,1,1,1,0,1
652,NA,NA,IN,2023-10-15,NA,NA,NA,NA,NA,NA,NA,NA,NA,NA,NA,NA,NA,NA,NA,NA,NA,NA,NA,NA
653,0.502244935814121,0.3504367008200085,IN,2023-10-16,1,1,1,1,1,1,1,1,1,1,1,1,1,1,1,1,1,1,1,1
654,0.821498479234341,0.414072257516198,IN,2023-10-17,1,1,1,1,1,1,1,0,1,1,1,1,1,1,1,1,1,0,0,1
655,0.691614528105382,0.3773120302304845,IN,2023-10-18,1,1,1,0,1,1,1,1,1,1,1,1,1,0,1,1,1,1,0,1
656,0.383529636349835,0.289650033895806,IN,2023-10-19,1,1,1,1,1,1,1,1,1,1,1,1,0,0,0,0,1,1,1,1
657,0.756030099204909,0.535369597623565,IN,2023-10-20,1,1,1,0,1,1,1,1,1,1,1,1,1,0,0,1,1,1,1,1
658,NA,NA,IN,2023-10-21,NA,NA,NA,NA,NA,NA,NA,NA,NA,NA,NA,NA,NA,NA,NA,NA,NA,NA,NA,NA
659,1.20240372907425,0.367837786418891,IN,2023-10-22,1,1,0,1,1,1,1,1,1,1,1,1,0,1,1,0,1,1,0,1
660,NA,NA,IN,2023-10-23,NA,NA,NA,NA,NA,NA,NA,NA,NA,NA,NA,NA,NA,NA,NA,NA,NA,NA,NA,NA
661,0.284660358610297,0.2088058862133695,IN,2023-10-24,1,1,1,1,1,1,1,1,1,1,1,1,1,1,1,1,1,1,1,1
662,1.0667919128111,0.4529602563608085,IN,2023-10-25,1,1,1,0,1,1,1,0,1,1,0,1,0,0,1,1,1,0,1,1
663,1.2005764635269,0.479207438960353,IN,2023-10-26,1,0,1,1,1,1,0,1,1,1,1,0,0,1,0,1,0,1,1,1
664,0.882226102891775,0.61261345794131,IN,2023-10-27,0,1,1,1,1,1,1,1,1,1,0,1,1,1,1,1,1,1,0,1
665,0.268258465258372,0.20090078822197,IN,2023-10-28,1,1,1,1,1,1,1,1,1,1,1,1,1,1,1,1,1,1,1,1
666,0.802794181872285,0.541421880564585,IN,2023-10-29,1,1,1,1,1,1,1,1,0,1,1,1,1,1,1,0,1,1,0,1
667,1.2455184023421,0.3925814901500075,IN,2023-10-30,1,1,0,1,1,1,1,1,1,1,1,1,0,1,1,0,1,1,1,1
668,0.562277085271967,0.395777543336833,IN,2023-10-31,1,1,0,1,1,1,1,1,1,1,1,1,0,0,1,1,1,1,1,1
669,1.49500817701273,0.470095852415221,IN,2023-11-01,1,1,0,1,1,0,1,0,1,1,1,1,0,0,0,1,1,0,0,1
670,0.910933888659381,0.635211335720415,IN,2023-11-02,1,1,1,1,1,1,1,1,1,0,1,1,1,1,1,0,1,1,1,0
671,0.261454146400196,0.191650827307133,IN,2023-11-03,1,1,1,1,1,1,1,1,1,1,1,1,1,1,0,0,1,1,1,1
672,NA,NA,IN,2023-11-04,NA,NA,NA,NA,NA,NA,NA,NA,NA,NA,NA,NA,NA,NA,NA,NA,NA,NA,NA,NA
673,NA,NA,KS,2023-09-24,NA,NA,NA,NA,NA,NA,NA,NA,NA,NA,NA,NA,NA,NA,NA,NA,NA,NA,NA,NA
674,NA,NA,KS,2023-09-25,NA,NA,NA,NA,NA,NA,NA,NA,NA,NA,NA,NA,NA,NA,NA,NA,NA,NA,NA,NA
675,0.712969615584126,0.51842254274307,KS,2023-09-26,1,1,1,0,1,1,1,1,1,1,1,1,1,0,1,0,1,1,1,1
676,NA,NA,KS,2023-09-27,NA,NA,NA,NA,NA,NA,NA,NA,NA,NA,NA,NA,NA,NA,NA,NA,NA,NA,NA,NA
677,NA,NA,KS,2023-09-28,NA,NA,NA,NA,NA,NA,NA,NA,NA,NA,NA,NA,NA,NA,NA,NA,NA,NA,NA,NA
678,NA,NA,KS,2023-09-29,NA,NA,NA,NA,NA,NA,NA,NA,NA,NA,NA,NA,NA,NA,NA,NA,NA,NA,NA,NA
679,NA,NA,KS,2023-09-30,NA,NA,NA,NA,NA,NA,NA,NA,NA,NA,NA,NA,NA,NA,NA,NA,NA,NA,NA,NA
680,NA,NA,KS,2023-10-01,NA,NA,NA,NA,NA,NA,NA,NA,NA,NA,NA,NA,NA,NA,NA,NA,NA,NA,NA,NA
681,NA,NA,KS,2023-10-02,NA,NA,NA,NA,NA,NA,NA,NA,NA,NA,NA,NA,NA,NA,NA,NA,NA,NA,NA,NA
682,0.493743164706296,0.346950259627619,KS,2023-10-03,1,1,1,1,1,1,1,1,1,1,1,1,0,0,1,1,1,1,1,1
683,NA,NA,KS,2023-10-04,NA,NA,NA,NA,NA,NA,NA,NA,NA,NA,NA,NA,NA,NA,NA,NA,NA,NA,NA,NA
684,NA,NA,KS,2023-10-05,NA,NA,NA,NA,NA,NA,NA,NA,NA,NA,NA,NA,NA,NA,NA,NA,NA,NA,NA,NA
685,NA,NA,KS,2023-10-06,NA,NA,NA,NA,NA,NA,NA,NA,NA,NA,NA,NA,NA,NA,NA,NA,NA,NA,NA,NA
686,NA,NA,KS,2023-10-07,NA,NA,NA,NA,NA,NA,NA,NA,NA,NA,NA,NA,NA,NA,NA,NA,NA,NA,NA,NA
687,0.295385230989892,0.20548660062616,KS,2023-10-08,1,1,1,1,1,1,1,1,1,1,1,1,1,1,1,1,1,1,1,1
688,NA,NA,KS,2023-10-09,NA,NA,NA,NA,NA,NA,NA,NA,NA,NA,NA,NA,NA,NA,NA,NA,NA,NA,NA,NA
689,1.55203139679131,0.549505539840145,KS,2023-10-10,1,1,1,0,1,1,1,1,1,1,1,1,1,0,0,0,1,1,1,1
690,NA,NA,KS,2023-10-11,NA,NA,NA,NA,NA,NA,NA,NA,NA,NA,NA,NA,NA,NA,NA,NA,NA,NA,NA,NA
691,0.871038245253251,0.62282738270065,KS,2023-10-12,1,1,1,1,1,1,1,0,1,1,1,1,1,0,1,1,1,0,1,1
692,NA,NA,KS,2023-10-13,NA,NA,NA,NA,NA,NA,NA,NA,NA,NA,NA,NA,NA,NA,NA,NA,NA,NA,NA,NA
693,NA,NA,KS,2023-10-14,NA,NA,NA,NA,NA,NA,NA,NA,NA,NA,NA,NA,NA,NA,NA,NA,NA,NA,NA,NA
694,NA,NA,KS,2023-10-15,NA,NA,NA,NA,NA,NA,NA,NA,NA,NA,NA,NA,NA,NA,NA,NA,NA,NA,NA,NA
695,NA,NA,KS,2023-10-16,NA,NA,NA,NA,NA,NA,NA,NA,NA,NA,NA,NA,NA,NA,NA,NA,NA,NA,NA,NA
696,1.18836012548481,0.583514903777255,KS,2023-10-17,1,1,1,0,0,1,1,1,1,1,1,1,0,0,1,1,1,1,1,1
697,0.776977373867161,0.56838222592652,KS,2023-10-18,1,1,1,0,1,1,1,1,1,1,1,1,1,0,1,0,1,1,1,1
698,0.245732461501575,0.1714404680277335,KS,2023-10-19,1,1,1,1,1,1,1,1,1,1,1,1,1,1,0,0,1,1,1,1
699,0.242766756667651,0.168652056911317,KS,2023-10-20,1,1,1,1,1,1,1,1,1,1,1,1,1,1,1,1,1,1,1,1
700,NA,NA,KS,2023-10-21,NA,NA,NA,NA,NA,NA,NA,NA,NA,NA,NA,NA,NA,NA,NA,NA,NA,NA,NA,NA
701,NA,NA,KS,2023-10-22,NA,NA,NA,NA,NA,NA,NA,NA,NA,NA,NA,NA,NA,NA,NA,NA,NA,NA,NA,NA
702,0.700225209829774,0.3866538072749235,KS,2023-10-23,1,1,1,0,1,1,1,1,1,1,1,1,1,0,1,0,1,1,0,1
703,0.682307161034978,0.3703209166521155,KS,2023-10-24,1,1,1,0,1,1,1,1,1,1,1,1,1,0,1,1,1,1,1,0
704,0.682804425211206,0.3702447082468525,KS,2023-10-25,1,1,1,0,1,1,1,1,1,1,1,1,1,0,1,0,1,1,1,1
705,NA,NA,KS,2023-10-26,NA,NA,NA,NA,NA,NA,NA,NA,NA,NA,NA,NA,NA,NA,NA,NA,NA,NA,NA,NA
706,NA,NA,KS,2023-10-27,NA,NA,NA,NA,NA,NA,NA,NA,NA,NA,NA,NA,NA,NA,NA,NA,NA,NA,NA,NA
707,NA,NA,KS,2023-10-28,NA,NA,NA,NA,NA,NA,NA,NA,NA,NA,NA,NA,NA,NA,NA,NA,NA,NA,NA,NA
708,NA,NA,KS,2023-10-29,NA,NA,NA,NA,NA,NA,NA,NA,NA,NA,NA,NA,NA,NA,NA,NA,NA,NA,NA,NA
709,0.227982030688278,0.144113880969261,KS,2023-10-30,1,1,1,1,1,1,1,1,1,1,1,1,1,1,1,0,1,1,0,1
710,NA,NA,KS,2023-10-31,NA,NA,NA,NA,NA,NA,NA,NA,NA,NA,NA,NA,NA,NA,NA,NA,NA,NA,NA,NA
711,NA,NA,KS,2023-11-01,NA,NA,NA,NA,NA,NA,NA,NA,NA,NA,NA,NA,NA,NA,NA,NA,NA,NA,NA,NA
712,0.624412198607043,0.457640375539568,KS,2023-11-02,1,1,0,1,1,1,1,1,1,1,1,1,0,0,1,1,1,1,1,1
713,NA,NA,KS,2023-11-03,NA,NA,NA,NA,NA,NA,NA,NA,NA,NA,NA,NA,NA,NA,NA,NA,NA,NA,NA,NA
714,NA,NA,KS,2023-11-04,NA,NA,NA,NA,NA,NA,NA,NA,NA,NA,NA,NA,NA,NA,NA,NA,NA,NA,NA,NA
715,NA,NA,KY,2023-09-24,NA,NA,NA,NA,NA,NA,NA,NA,NA,NA,NA,NA,NA,NA,NA,NA,NA,NA,NA,NA
716,0.816974968089121,0.5756160873435,KY,2023-09-25,1,1,1,1,1,1,1,0,1,1,1,1,0,1,1,1,1,0,1,1
717,NA,NA,KY,2023-09-26,NA,NA,NA,NA,NA,NA,NA,NA,NA,NA,NA,NA,NA,NA,NA,NA,NA,NA,NA,NA
718,0.722016933767872,0.52251533292694,KY,2023-09-27,1,1,1,0,1,1,1,1,1,1,1,1,1,0,1,0,1,1,1,1
719,1.01218783935496,0.433753825780526,KY,2023-09-28,1,0,1,1,1,1,1,0,1,1,1,0,1,1,0,0,1,0,1,1
720,0.865820969297557,0.2684247903603875,KY,2023-09-29,1,1,1,1,1,0,1,1,1,1,1,1,0,1,1,0,1,1,1,1
721,NA,NA,KY,2023-09-30,NA,NA,NA,NA,NA,NA,NA,NA,NA,NA,NA,NA,NA,NA,NA,NA,NA,NA,NA,NA
722,0.82361286944391,0.4236613230978565,KY,2023-10-01,1,0,1,1,1,1,1,1,1,1,1,0,0,1,1,1,1,1,1,1
723,0.660663519603107,0.3762242817993075,KY,2023-10-02,1,1,1,1,0,1,1,1,1,1,1,1,0,1,0,0,1,1,1,1
724,1.49060124776978,0.510929543113265,KY,2023-10-03,0,1,1,1,1,0,0,1,1,1,0,1,0,0,1,0,0,1,1,1
725,NA,NA,KY,2023-10-04,NA,NA,NA,NA,NA,NA,NA,NA,NA,NA,NA,NA,NA,NA,NA,NA,NA,NA,NA,NA
726,0.8325083606257,0.424566474219073,KY,2023-10-05,1,1,1,1,1,1,1,1,0,1,1,1,1,1,1,1,0,1,0,1
727,0.719066313374858,0.3919062009091825,KY,2023-10-06,1,1,1,0,1,1,1,1,1,1,1,1,1,0,0,1,1,1,1,1
728,0.326918332709822,0.243636859076958,KY,2023-10-07,1,1,1,1,1,1,1,1,1,1,1,1,1,1,1,1,1,1,1,1
729,NA,NA,KY,2023-10-08,NA,NA,NA,NA,NA,NA,NA,NA,NA,NA,NA,NA,NA,NA,NA,NA,NA,NA,NA,NA
730,0.790796060632493,0.2376894767231845,KY,2023-10-09,1,1,1,1,1,0,1,1,1,1,1,1,1,1,0,0,1,1,1,1
731,0.906081964600613,0.3378077273561995,KY,2023-10-10,1,1,1,0,1,1,1,1,1,1,1,1,0,0,1,0,1,1,1,1
732,3.34749705815767,0.54560084353404,KY,2023-10-11,1,1,1,0,1,0,1,1,1,1,1,1,1,0,0,0,1,1,1,1
733,0.787087345331803,0.2290012890084645,KY,2023-10-12,1,1,1,1,1,0,1,1,1,1,1,1,1,1,1,0,1,0,1,1
734,1.14018915222094,0.344329638571016,KY,2023-10-13,1,1,0,1,1,1,1,1,1,1,1,1,0,1,0,1,1,1,1,1
735,1.2044467469645,0.57875014368201,KY,2023-10-14,1,0,1,0,1,1,1,1,1,1,1,0,0,0,1,0,1,1,1,1
736,NA,NA,KY,2023-10-15,NA,NA,NA,NA,NA,NA,NA,NA,NA,NA,NA,NA,NA,NA,NA,NA,NA,NA,NA,NA
737,1.22272894175833,0.5920719692571,KY,2023-10-16,1,0,1,1,0,1,1,1,1,1,1,0,0,1,1,1,1,1,1,1
738,0.805821065619057,0.575815050179065,KY,2023-10-17,1,1,1,1,0,1,1,1,1,1,1,1,1,0,0,1,1,1,1,1
739,1.01142519975105,0.4857024730143075,KY,2023-10-18,1,0,1,1,1,1,1,1,1,1,1,0,1,1,1,0,1,1,1,1
740,0.860848808311132,0.614169490669275,KY,2023-10-19,1,0,1,1,1,1,1,1,1,1,1,0,1,1,1,0,1,1,1,1
741,0.272660996952294,0.2074859697400205,KY,2023-10-20,1,1,1,1,1,1,1,1,1,1,1,1,0,1,1,0,1,1,1,1
742,NA,NA,KY,2023-10-21,NA,NA,NA,NA,NA,NA,NA,NA,NA,NA,NA,NA,NA,NA,NA,NA,NA,NA,NA,NA
743,NA,NA,KY,2023-10-22,NA,NA,NA,NA,NA,NA,NA,NA,NA,NA,NA,NA,NA,NA,NA,NA,NA,NA,NA,NA
744,1.14361409793017,0.391787766645331,KY,2023-10-23,1,0,1,1,1,1,1,1,1,1,1,0,0,1,0,0,1,1,1,1
745,1.62062985832873,0.4094124304286515,KY,2023-10-24,1,0,1,1,1,1,1,1,1,1,1,0,1,1,1,0,1,0,0,1
746,0.715039571642394,0.3395797197051195,KY,2023-10-25,1,1,1,1,0,1,1,1,1,1,1,1,1,1,0,0,1,1,1,1
747,1.07948002819096,0.506267948801015,KY,2023-10-26,1,1,1,1,1,1,0,1,1,1,1,1,0,1,1,0,0,1,1,1
748,0.595472071667421,0.386006082340875,KY,2023-10-27,1,1,0,1,1,1,1,1,1,1,1,1,1,1,1,1,1,1,1,1
749,NA,NA,KY,2023-10-28,NA,NA,NA,NA,NA,NA,NA,NA,NA,NA,NA,NA,NA,NA,NA,NA,NA,NA,NA,NA
750,NA,NA,KY,2023-10-29,NA,NA,NA,NA,NA,NA,NA,NA,NA,NA,NA,NA,NA,NA,NA,NA,NA,NA,NA,NA
751,0.988108992210822,0.3795886509400245,KY,2023-10-30,1,1,1,0,1,1,1,1,1,1,0,1,1,0,1,0,1,1,0,1
752,0.410241516595662,0.2908499031907805,KY,2023-10-31,1,1,1,1,1,1,1,1,1,1,1,1,1,1,1,1,1,1,1,1
753,NA,NA,KY,2023-11-01,NA,NA,NA,NA,NA,NA,NA,NA,NA,NA,NA,NA,NA,NA,NA,NA,NA,NA,NA,NA
754,0.783130455104043,0.3889535862328855,KY,2023-11-02,1,1,1,0,1,1,1,1,1,1,1,1,0,0,1,0,1,1,1,1
755,0.241255796757508,0.1777774510793285,KY,2023-11-03,1,1,1,1,1,1,1,1,1,1,1,1,0,1,1,0,1,1,1,1
756,NA,NA,KY,2023-11-04,NA,NA,NA,NA,NA,NA,NA,NA,NA,NA,NA,NA,NA,NA,NA,NA,NA,NA,NA,NA
757,0.643662316901209,0.373418446848938,LA,2023-09-24,1,1,1,1,1,1,1,1,1,1,0,1,0,1,0,0,1,1,1,1
758,1.03556407977713,0.4048535816043535,LA,2023-09-25,1,1,1,1,1,1,1,1,1,1,0,1,0,1,0,0,1,1,1,1
759,1.54959484772118,0.344788011427666,LA,2023-09-26,1,1,0,1,1,1,1,1,1,1,1,0,0,1,0,1,1,1,0,1
760,1.39294649618747,0.441079546028434,LA,2023-09-27,1,1,1,1,1,1,1,0,0,1,0,1,0,1,1,0,1,1,1,1
761,1.4230802943638,0.429688601124971,LA,2023-09-28,1,1,1,0,1,1,1,1,1,1,0,0,0,0,1,1,1,1,1,1
762,1.06475419611057,0.405037316390042,LA,2023-09-29,1,1,1,1,1,1,1,1,1,0,0,1,1,0,1,0,1,1,1,0
763,1.14016721556549,0.371242092035387,LA,2023-09-30,1,1,1,1,1,1,1,1,1,1,0,1,1,0,0,0,1,1,1,1
764,1.34593912758432,0.417700785447808,LA,2023-10-01,1,1,1,1,1,1,1,1,1,1,0,0,1,0,0,0,1,1,1,1
765,1.13948791475848,0.371964605826214,LA,2023-10-02,1,1,1,1,1,1,1,1,1,1,0,0,0,1,0,0,1,1,0,1
766,1.31246524404358,0.434657313700976,LA,2023-10-03,1,1,1,1,1,0,1,1,1,1,0,0,0,0,1,0,1,1,1,1
767,0.894444945980188,0.463797644972746,LA,2023-10-04,1,0,1,1,1,1,1,1,1,1,0,0,1,1,0,0,1,1,1,1
768,1.30983011176425,0.446938180335307,LA,2023-10-05,1,1,1,1,1,1,0,1,1,1,0,0,0,0,1,0,0,1,0,1
769,1.57556641118378,0.4357536703261925,LA,2023-10-06,1,1,1,0,1,1,1,1,1,1,0,0,0,0,0,0,1,1,1,1
770,2.09873223804548,0.432731661094168,LA,2023-10-07,1,0,1,1,1,1,1,1,1,1,0,0,0,0,1,1,1,1,1,1
771,1.83288747618697,0.4544171273097325,LA,2023-10-08,1,0,1,1,1,0,1,0,1,1,0,0,1,0,1,0,1,0,1,1
772,1.61458506088331,0.4677419754993535,LA,2023-10-09,1,0,0,1,0,1,1,1,1,1,0,0,1,0,0,1,1,0,1,1
773,2.50145373387564,0.4078377555965065,LA,2023-10-10,0,1,0,0,1,1,1,1,1,1,0,0,0,0,1,0,1,1,0,1
774,1.96935153133615,0.4533620697220545,LA,2023-10-11,1,0,1,1,1,1,1,0,1,1,0,0,1,0,0,0,1,0,1,1
775,0.936622208576944,0.4075812136127075,LA,2023-10-12,1,1,1,1,1,1,1,1,1,1,0,1,0,0,1,0,1,1,1,1
776,1.47720686974172,0.4494544196065325,LA,2023-10-13,1,0,1,1,1,1,1,1,1,1,0,0,0,0,1,1,1,1,0,1
777,1.13042074891305,0.455910313822862,LA,2023-10-14,1,0,1,1,1,1,1,0,1,1,0,0,1,0,1,0,1,0,0,1
778,0.919539051451693,0.457247940618764,LA,2023-10-15,1,0,1,1,1,1,1,1,1,1,1,0,1,1,0,1,1,1,1,1
779,1.27736500415591,0.4241551270207075,LA,2023-10-16,1,1,1,1,1,1,1,0,1,1,0,0,0,0,0,0,1,0,1,1
780,1.54288811092418,0.4395760303723545,LA,2023-10-17,0,1,1,1,1,1,1,0,1,1,0,1,0,0,0,1,1,0,1,1
781,2.34932228055308,0.4642770263575675,LA,2023-10-18,0,0,0,0,1,0,1,0,1,1,1,0,0,0,0,1,1,0,1,1
782,0.723699409628012,0.51399220681856,LA,2023-10-19,1,1,1,0,1,1,1,1,1,1,1,1,1,0,0,1,1,1,1,1
783,0.791544790290422,0.415116724673653,LA,2023-10-20,1,1,1,1,1,1,1,1,1,1,1,1,1,0,0,0,1,1,0,1
784,1.26462582197479,0.4270596012158505,LA,2023-10-21,1,0,1,1,1,1,1,1,1,1,0,1,0,1,1,0,1,1,1,1
785,0.486141257919151,0.366733119667747,LA,2023-10-22,1,1,1,1,1,0,1,1,1,1,1,1,0,1,1,0,1,1,1,1
786,3.90867355265201,0.4751725686911725,LA,2023-10-23,1,0,1,1,1,1,1,0,1,1,1,0,0,0,1,0,1,0,1,1
787,2.76446092198902,0.475116959095188,LA,2023-10-24,1,0,0,0,1,1,1,0,1,0,0,0,0,0,1,0,1,0,1,0
788,1.7621286490309,0.428822959354369,LA,2023-10-25,1,0,1,1,1,0,1,1,1,0,0,0,0,0,0,0,1,1,1,0
789,2.60095262248724,0.439806188058585,LA,2023-10-26,0,0,0,0,1,0,1,1,1,1,0,0,0,0,0,0,1,1,1,1
790,3.16644186462683,0.470514047329593,LA,2023-10-27,1,0,0,1,1,1,1,1,1,1,1,0,0,1,0,0,1,1,0,1
791,2.07445610689751,0.4434969835968735,LA,2023-10-28,1,1,1,0,1,1,1,1,1,1,1,0,0,1,0,0,1,1,0,1
792,1.30919585437368,0.4292077651850965,LA,2023-10-29,1,1,1,1,1,1,1,0,1,1,0,1,0,1,1,0,1,1,1,1
793,2.35823330441351,0.386883856743787,LA,2023-10-30,1,1,1,1,1,0,1,1,1,1,0,0,0,0,0,0,1,1,0,1
794,1.00921642085892,0.436920107358015,LA,2023-10-31,1,0,1,1,1,1,1,1,1,1,1,0,1,0,0,0,1,1,1,1
795,0.88062115428597,0.447197599639928,LA,2023-11-01,1,1,1,0,1,1,1,1,1,1,1,1,0,1,1,1,1,1,0,1
796,1.37336660356541,0.4366678648165635,LA,2023-11-02,1,1,1,1,0,1,1,1,1,1,0,1,1,0,0,0,1,1,0,1
797,1.38754921574968,0.4009964413682275,LA,2023-11-03,0,1,1,1,1,1,1,1,1,1,0,1,0,0,1,1,1,1,0,1
798,0.745632221501661,0.52230052086714,LA,2023-11-04,1,1,1,0,1,1,1,1,1,1,1,1,0,0,1,1,1,1,1,1
799,1.1726519172426,0.1955988335842995,MA,2023-09-24,1,1,1,1,1,0,1,1,1,1,1,1,1,0,1,0,1,1,1,1
800,1.44236561539288,0.421827618372938,MA,2023-09-25,0,1,1,1,1,1,1,0,1,1,0,1,0,0,1,0,1,0,1,1
801,1.62116231445331,0.602959177085165,MA,2023-09-26,0,1,1,1,0,0,1,1,0,1,0,1,1,1,1,0,1,1,0,1
802,1.88858352399497,0.35330064056579,MA,2023-09-27,1,1,1,1,0,1,1,1,1,1,0,1,0,0,0,0,1,1,1,1
803,1.48343027329203,0.3322615782471855,MA,2023-09-28,1,1,0,1,1,1,1,1,1,1,0,0,0,1,1,0,1,0,1,1
804,1.03688809561776,0.3888720959328445,MA,2023-09-29,1,1,1,1,1,1,1,0,1,1,1,1,1,1,0,1,1,0,1,1
805,NA,NA,MA,2023-09-30,NA,NA,NA,NA,NA,NA,NA,NA,NA,NA,NA,NA,NA,NA,NA,NA,NA,NA,NA,NA
806,1.15083407205618,0.551187345265625,MA,2023-10-01,1,1,1,1,1,1,1,1,0,1,1,1,1,0,1,0,1,1,0,1
807,1.94517478711495,0.335973970344199,MA,2023-10-02,0,1,0,1,1,1,0,1,1,1,0,1,0,0,0,0,0,1,0,0
808,0.838849543892163,0.3527849396068935,MA,2023-10-03,1,1,1,1,1,1,1,1,0,1,1,1,1,1,0,1,1,1,0,1
809,1.48628481788794,0.164171226600844,MA,2023-10-04,1,1,1,1,1,0,1,1,1,1,1,1,0,1,0,0,1,1,1,1
810,1.43061962250368,0.4414207076609295,MA,2023-10-05,1,1,1,0,1,1,1,0,1,1,1,0,0,0,1,1,1,1,1,1
811,0.938760238556019,0.3375874183963065,MA,2023-10-06,1,1,1,1,1,1,1,1,0,1,1,1,1,0,0,0,1,1,0,1
812,0.677338193648688,0.478173269089278,MA,2023-10-07,1,1,0,1,1,1,1,1,1,1,1,1,0,1,1,0,1,1,1,1
813,2.63147640637267,0.51868187875688,MA,2023-10-08,1,0,1,1,1,0,1,0,1,1,1,0,1,1,1,0,1,0,0,1
814,1.28822806003965,0.387323429815147,MA,2023-10-09,1,1,1,0,0,1,1,1,1,1,1,0,0,0,0,0,1,1,1,1
815,1.13006548033885,0.261672378073029,MA,2023-10-10,1,1,1,1,1,1,1,1,1,1,1,1,0,0,0,1,1,1,1,1
816,2.39967501559143,0.4089073831072635,MA,2023-10-11,1,0,0,1,1,0,1,1,1,1,0,0,0,0,1,0,1,1,0,1
817,1.82177711348374,0.3979203150164175,MA,2023-10-12,1,1,0,1,1,1,1,1,0,1,1,1,0,1,1,0,1,0,1,1
818,1.57023753964349,0.426929342020622,MA,2023-10-13,1,1,1,0,0,1,1,1,0,1,1,1,1,0,0,0,1,1,0,1
819,0.205797771651949,0.1382889966107165,MA,2023-10-14,1,1,1,1,1,1,1,1,1,1,1,1,0,1,1,0,1,1,1,1
820,0.197501924186114,0.1360503856922475,MA,2023-10-15,1,1,1,1,1,1,1,1,1,1,1,1,1,1,1,1,1,1,1,1
821,1.70535850405377,0.3902523381031555,MA,2023-10-16,1,0,0,1,1,1,1,1,1,1,1,0,0,0,1,0,1,1,1,1
822,1.43723279308422,0.394781567843389,MA,2023-10-17,1,1,0,0,1,1,1,1,1,1,0,1,0,0,1,0,1,1,1,1
823,NA,NA,MA,2023-10-18,NA,NA,NA,NA,NA,NA,NA,NA,NA,NA,NA,NA,NA,NA,NA,NA,NA,NA,NA,NA
824,0.500019012821141,0.1277879896165445,MA,2023-10-19,1,1,1,1,1,1,1,1,1,1,1,1,0,1,1,0,1,1,1,1
825,0.75223611094308,0.231135855201681,MA,2023-10-20,1,1,1,1,1,1,1,1,1,1,1,1,1,0,1,1,1,0,1,1
826,0.859422146751742,0.352911784929884,MA,2023-10-21,1,1,1,1,0,1,1,1,1,1,0,1,0,1,0,0,1,1,1,1
827,NA,NA,MA,2023-10-22,NA,NA,NA,NA,NA,NA,NA,NA,NA,NA,NA,NA,NA,NA,NA,NA,NA,NA,NA,NA
828,1.9781724016092,0.360147064636582,MA,2023-10-23,1,0,1,0,1,1,0,1,1,1,1,0,1,1,1,1,0,0,0,1
829,1.22679237134194,0.192355349592612,MA,2023-10-24,1,1,1,1,1,0,1,1,1,1,1,1,0,1,1,0,1,1,1,1
830,0.983929466538309,0.277320928906701,MA,2023-10-25,1,1,1,1,1,1,1,1,1,1,1,1,0,0,1,0,1,0,1,1
831,1.03857478855235,0.4438451692717295,MA,2023-10-26,1,0,1,1,1,1,1,1,1,1,1,0,0,0,0,0,1,0,1,1
832,1.95573660998408,0.593388770587345,MA,2023-10-27,1,1,1,0,0,0,1,1,1,1,1,1,1,0,0,0,1,1,1,1
833,NA,NA,MA,2023-10-28,NA,NA,NA,NA,NA,NA,NA,NA,NA,NA,NA,NA,NA,NA,NA,NA,NA,NA,NA,NA
834,NA,NA,MA,2023-10-29,NA,NA,NA,NA,NA,NA,NA,NA,NA,NA,NA,NA,NA,NA,NA,NA,NA,NA,NA,NA
835,1.4765181910398,0.50316561923022,MA,2023-10-30,1,0,1,1,0,0,1,1,1,1,1,0,1,0,0,0,1,1,1,1
836,0.432877844892458,0.110299382714026,MA,2023-10-31,1,1,1,1,1,1,1,1,1,1,1,1,1,0,1,0,1,1,1,1
837,0.948447790069927,0.2765845293878095,MA,2023-11-01,1,1,1,1,1,1,1,1,1,1,1,1,0,0,1,1,1,0,1,1
838,0.934983198422696,0.65583518620796,MA,2023-11-02,1,1,1,1,0,1,1,1,1,1,1,1,1,1,0,0,1,1,1,1
839,0.596871897572449,0.339669326886346,MA,2023-11-03,1,1,0,1,1,1,1,1,1,1,1,1,0,1,1,0,1,1,1,1
840,0.14705487582157,0.107190080595498,MA,2023-11-04,1,1,1,1,1,1,1,1,1,1,1,1,1,1,1,1,1,1,1,1
841,0.93511631829517,0.488971324885546,MD,2023-09-24,1,1,1,1,0,1,1,1,1,1,1,1,0,1,0,1,1,1,1,1
842,2.18756881496394,0.382329732228166,MD,2023-09-25,1,1,1,0,1,1,1,1,1,0,0,1,0,0,0,0,1,1,1,0
843,1.31986167905684,0.2941337780596615,MD,2023-09-26,1,1,1,1,1,0,1,0,1,1,1,1,0,0,0,0,1,1,1,1
844,0.855249642883003,0.415263604775154,MD,2023-09-27,1,1,1,1,0,1,1,1,1,1,0,1,1,0,0,0,1,1,1,1
845,1.2606007484693,0.407685760330752,MD,2023-09-28,1,1,1,0,1,1,1,1,1,1,1,1,1,0,1,0,1,1,0,1
846,1.22535311038837,0.3481261332427795,MD,2023-09-29,1,1,1,0,1,1,1,1,1,1,1,1,0,0,1,1,1,1,1,1
847,0.826511970309228,0.301356352689163,MD,2023-09-30,1,1,1,1,1,1,1,1,1,1,1,1,1,0,0,0,1,1,1,1
848,1.08863316571455,0.16010352402431,MD,2023-10-01,1,1,1,1,1,0,1,1,1,1,0,1,0,1,1,0,1,1,1,1
849,0.545166119787768,0.260505915464555,MD,2023-10-02,1,1,1,1,1,1,1,1,1,1,1,1,0,0,1,0,1,1,1,1
850,0.231668687448345,0.1537036504352805,MD,2023-10-03,1,1,1,1,1,1,1,1,1,1,1,1,1,1,1,1,1,1,1,1
851,1.75316307224378,0.3805408953221375,MD,2023-10-04,1,1,0,1,0,1,1,1,1,1,1,1,0,1,0,0,1,1,1,1
852,0.822967214159495,0.3250788626991585,MD,2023-10-05,1,1,1,1,1,1,1,1,1,1,1,1,0,0,0,1,1,0,1,1
853,1.12892386367914,0.251137721400424,MD,2023-10-06,1,1,1,1,1,0,1,1,1,1,1,1,0,1,1,1,1,0,1,1
854,1.58760470654782,0.4690435133150645,MD,2023-10-07,1,1,1,1,1,1,1,0,1,1,1,1,1,1,1,0,1,0,1,1
855,0.614976379078095,0.138702432549315,MD,2023-10-08,1,1,1,1,1,0,1,1,1,1,1,1,1,1,1,1,1,1,1,1
856,0.965339082662912,0.397414496181185,MD,2023-10-09,1,1,1,1,1,1,1,1,1,0,1,1,0,0,1,0,0,1,1,0
857,1.24739106969374,0.348723874761339,MD,2023-10-10,1,1,1,0,1,1,1,1,1,1,1,1,1,0,1,0,1,0,1,1
858,1.06406945806722,0.257971335810257,MD,2023-10-11,1,1,1,1,1,1,1,0,1,1,1,1,0,1,1,1,1,0,1,1
859,1.742399440907,0.4455418843807045,MD,2023-10-12,1,1,1,0,1,1,1,0,0,1,1,1,0,0,1,0,0,1,0,1
860,0.614176250720768,0.349589820400818,MD,2023-10-13,1,1,1,0,1,1,1,1,1,1,1,1,0,0,1,1,1,1,1,1
861,NA,NA,MD,2023-10-14,NA,NA,NA,NA,NA,NA,NA,NA,NA,NA,NA,NA,NA,NA,NA,NA,NA,NA,NA,NA
862,NA,NA,MD,2023-10-15,NA,NA,NA,NA,NA,NA,NA,NA,NA,NA,NA,NA,NA,NA,NA,NA,NA,NA,NA,NA
863,1.25508754133686,0.3507184182500105,MD,2023-10-16,1,1,1,0,1,1,1,1,1,1,1,0,0,0,1,0,0,1,1,1
864,0.823651515649099,0.294524906466235,MD,2023-10-17,1,1,1,1,1,1,1,0,1,1,0,1,1,1,1,0,1,1,1,1
865,0.948147044782899,0.304477273912223,MD,2023-10-18,1,1,1,1,1,1,1,1,1,1,1,0,0,0,0,0,1,0,1,1
866,1.49790545495529,0.403477521580021,MD,2023-10-19,1,1,1,0,1,1,1,1,0,1,1,1,0,1,0,0,1,1,0,1
867,1.18878929982792,0.2223085443852455,MD,2023-10-20,1,1,1,1,1,1,0,1,1,1,0,1,0,1,1,0,0,1,1,1
868,2.20500065971227,0.481407546512449,MD,2023-10-21,1,0,0,1,1,0,1,1,1,1,1,0,0,1,1,0,1,1,0,1
869,1.18894603071729,0.1050480349265015,MD,2023-10-22,1,1,1,1,1,0,1,1,1,1,1,1,1,1,1,0,1,0,0,1
870,1.1877043507511,0.347566188782451,MD,2023-10-23,1,0,0,1,1,1,1,1,1,1,1,1,0,1,1,0,1,1,1,1
871,1.41258748855253,0.2757845093158565,MD,2023-10-24,1,0,1,1,1,1,1,1,1,1,1,0,0,1,0,0,1,0,0,1
872,0.803847893134044,0.2888792854322305,MD,2023-10-25,1,1,1,1,1,1,1,0,1,1,1,0,1,1,1,1,1,0,1,1
873,1.48719819688863,0.196095438580831,MD,2023-10-26,1,1,1,1,1,0,1,1,1,1,0,1,0,1,1,0,1,1,1,1
874,1.34684630002152,0.239554347288959,MD,2023-10-27,1,0,1,1,1,1,1,1,1,1,1,0,0,0,0,0,1,1,1,1
875,3.31037146816823,0.4177684280353015,MD,2023-10-28,1,1,0,1,1,0,1,1,1,1,1,1,0,0,1,0,0,1,1,1
876,0.514423098712062,0.2537645853257105,MD,2023-10-29,1,1,1,1,1,1,1,1,1,1,1,0,0,1,1,0,1,0,1,1
877,0.505194810525802,0.254036565143526,MD,2023-10-30,1,1,1,1,1,1,1,1,1,1,1,1,1,1,1,0,1,0,1,1
878,1.62211982245081,0.401192207131043,MD,2023-10-31,0,0,0,1,1,1,1,1,1,1,0,0,0,1,1,0,1,1,1,1
879,2.03421049743501,0.4696085109494205,MD,2023-11-01,1,0,1,1,1,0,1,1,1,1,0,0,1,0,0,0,1,1,0,1
880,1.18719105724927,0.2262334296116365,MD,2023-11-02,1,0,1,1,1,1,1,1,1,1,1,0,0,1,0,0,1,1,0,1
881,1.85124665611662,0.457063157887336,MD,2023-11-03,0,0,0,1,1,0,1,1,1,1,0,0,0,1,1,0,1,0,0,1
882,1.26144045950398,0.307140115096613,MD,2023-11-04,1,1,1,0,1,1,1,1,1,1,1,1,1,0,1,0,1,1,0,1
883,NA,NA,ME,2023-09-24,NA,NA,NA,NA,NA,NA,NA,NA,NA,NA,NA,NA,NA,NA,NA,NA,NA,NA,NA,NA
884,NA,NA,ME,2023-09-25,NA,NA,NA,NA,NA,NA,NA,NA,NA,NA,NA,NA,NA,NA,NA,NA,NA,NA,NA,NA
885,0.857177525911596,0.278530387935077,ME,2023-09-26,1,1,1,1,1,0,1,1,1,1,1,1,1,0,0,0,1,1,1,1
886,NA,NA,ME,2023-09-27,NA,NA,NA,NA,NA,NA,NA,NA,NA,NA,NA,NA,NA,NA,NA,NA,NA,NA,NA,NA
887,NA,NA,ME,2023-09-28,NA,NA,NA,NA,NA,NA,NA,NA,NA,NA,NA,NA,NA,NA,NA,NA,NA,NA,NA,NA
888,0.343864344766458,0.269251475487839,ME,2023-09-29,1,1,1,1,1,1,1,1,1,1,0,1,1,1,1,0,1,1,1,1
889,NA,NA,ME,2023-09-30,NA,NA,NA,NA,NA,NA,NA,NA,NA,NA,NA,NA,NA,NA,NA,NA,NA,NA,NA,NA
890,NA,NA,ME,2023-10-01,NA,NA,NA,NA,NA,NA,NA,NA,NA,NA,NA,NA,NA,NA,NA,NA,NA,NA,NA,NA
891,NA,NA,ME,2023-10-02,NA,NA,NA,NA,NA,NA,NA,NA,NA,NA,NA,NA,NA,NA,NA,NA,NA,NA,NA,NA
892,0.752137335011412,0.53363658602459,ME,2023-10-03,1,1,1,1,0,1,1,1,1,1,1,1,1,1,0,0,1,1,1,1
893,NA,NA,ME,2023-10-04,NA,NA,NA,NA,NA,NA,NA,NA,NA,NA,NA,NA,NA,NA,NA,NA,NA,NA,NA,NA
894,NA,NA,ME,2023-10-05,NA,NA,NA,NA,NA,NA,NA,NA,NA,NA,NA,NA,NA,NA,NA,NA,NA,NA,NA,NA
895,NA,NA,ME,2023-10-06,NA,NA,NA,NA,NA,NA,NA,NA,NA,NA,NA,NA,NA,NA,NA,NA,NA,NA,NA,NA
896,NA,NA,ME,2023-10-07,NA,NA,NA,NA,NA,NA,NA,NA,NA,NA,NA,NA,NA,NA,NA,NA,NA,NA,NA,NA
897,NA,NA,ME,2023-10-08,NA,NA,NA,NA,NA,NA,NA,NA,NA,NA,NA,NA,NA,NA,NA,NA,NA,NA,NA,NA
898,NA,NA,ME,2023-10-09,NA,NA,NA,NA,NA,NA,NA,NA,NA,NA,NA,NA,NA,NA,NA,NA,NA,NA,NA,NA
899,0.679390769167638,0.4603636217215235,ME,2023-10-10,1,1,1,0,1,1,1,1,1,1,1,1,1,1,1,1,1,1,1,1
900,NA,NA,ME,2023-10-11,NA,NA,NA,NA,NA,NA,NA,NA,NA,NA,NA,NA,NA,NA,NA,NA,NA,NA,NA,NA
901,NA,NA,ME,2023-10-12,NA,NA,NA,NA,NA,NA,NA,NA,NA,NA,NA,NA,NA,NA,NA,NA,NA,NA,NA,NA
902,NA,NA,ME,2023-10-13,NA,NA,NA,NA,NA,NA,NA,NA,NA,NA,NA,NA,NA,NA,NA,NA,NA,NA,NA,NA
903,NA,NA,ME,2023-10-14,NA,NA,NA,NA,NA,NA,NA,NA,NA,NA,NA,NA,NA,NA,NA,NA,NA,NA,NA,NA
904,NA,NA,ME,2023-10-15,NA,NA,NA,NA,NA,NA,NA,NA,NA,NA,NA,NA,NA,NA,NA,NA,NA,NA,NA,NA
905,NA,NA,ME,2023-10-16,NA,NA,NA,NA,NA,NA,NA,NA,NA,NA,NA,NA,NA,NA,NA,NA,NA,NA,NA,NA
906,NA,NA,ME,2023-10-17,NA,NA,NA,NA,NA,NA,NA,NA,NA,NA,NA,NA,NA,NA,NA,NA,NA,NA,NA,NA
907,NA,NA,ME,2023-10-18,NA,NA,NA,NA,NA,NA,NA,NA,NA,NA,NA,NA,NA,NA,NA,NA,NA,NA,NA,NA
908,NA,NA,ME,2023-10-19,NA,NA,NA,NA,NA,NA,NA,NA,NA,NA,NA,NA,NA,NA,NA,NA,NA,NA,NA,NA
909,NA,NA,ME,2023-10-20,NA,NA,NA,NA,NA,NA,NA,NA,NA,NA,NA,NA,NA,NA,NA,NA,NA,NA,NA,NA
910,NA,NA,ME,2023-10-21,NA,NA,NA,NA,NA,NA,NA,NA,NA,NA,NA,NA,NA,NA,NA,NA,NA,NA,NA,NA
911,NA,NA,ME,2023-10-22,NA,NA,NA,NA,NA,NA,NA,NA,NA,NA,NA,NA,NA,NA,NA,NA,NA,NA,NA,NA
912,NA,NA,ME,2023-10-23,NA,NA,NA,NA,NA,NA,NA,NA,NA,NA,NA,NA,NA,NA,NA,NA,NA,NA,NA,NA
913,NA,NA,ME,2023-10-24,NA,NA,NA,NA,NA,NA,NA,NA,NA,NA,NA,NA,NA,NA,NA,NA,NA,NA,NA,NA
914,NA,NA,ME,2023-10-25,NA,NA,NA,NA,NA,NA,NA,NA,NA,NA,NA,NA,NA,NA,NA,NA,NA,NA,NA,NA
915,NA,NA,ME,2023-10-26,NA,NA,NA,NA,NA,NA,NA,NA,NA,NA,NA,NA,NA,NA,NA,NA,NA,NA,NA,NA
916,NA,NA,ME,2023-10-27,NA,NA,NA,NA,NA,NA,NA,NA,NA,NA,NA,NA,NA,NA,NA,NA,NA,NA,NA,NA
917,NA,NA,ME,2023-10-28,NA,NA,NA,NA,NA,NA,NA,NA,NA,NA,NA,NA,NA,NA,NA,NA,NA,NA,NA,NA
918,NA,NA,ME,2023-10-29,NA,NA,NA,NA,NA,NA,NA,NA,NA,NA,NA,NA,NA,NA,NA,NA,NA,NA,NA,NA
919,NA,NA,ME,2023-10-30,NA,NA,NA,NA,NA,NA,NA,NA,NA,NA,NA,NA,NA,NA,NA,NA,NA,NA,NA,NA
920,NA,NA,ME,2023-10-31,NA,NA,NA,NA,NA,NA,NA,NA,NA,NA,NA,NA,NA,NA,NA,NA,NA,NA,NA,NA
921,NA,NA,ME,2023-11-01,NA,NA,NA,NA,NA,NA,NA,NA,NA,NA,NA,NA,NA,NA,NA,NA,NA,NA,NA,NA
922,NA,NA,ME,2023-11-02,NA,NA,NA,NA,NA,NA,NA,NA,NA,NA,NA,NA,NA,NA,NA,NA,NA,NA,NA,NA
923,NA,NA,ME,2023-11-03,NA,NA,NA,NA,NA,NA,NA,NA,NA,NA,NA,NA,NA,NA,NA,NA,NA,NA,NA,NA
924,NA,NA,ME,2023-11-04,NA,NA,NA,NA,NA,NA,NA,NA,NA,NA,NA,NA,NA,NA,NA,NA,NA,NA,NA,NA
925,2.3373966121099,0.3843171714902215,MI,2023-09-24,1,1,1,1,1,1,1,1,1,1,0,0,1,0,0,0,1,0,0,0
926,6.76250757220313,0.3543383154227245,MI,2023-09-25,1,1,1,0,1,0,1,0,1,1,0,0,0,0,0,0,0,0,1,0
927,7.22268082803651,0.396261520877943,MI,2023-09-26,1,0,0,1,0,0,0,1,1,1,0,0,0,0,0,0,0,1,1,1
928,6.93337128344867,0.3882426339513435,MI,2023-09-27,1,1,0,0,0,0,1,1,1,0,0,0,0,0,0,0,0,0,0,0
929,3.48933696486838,0.3715703776004625,MI,2023-09-28,1,1,1,0,1,1,1,1,1,1,0,0,0,0,0,0,1,1,0,1
930,2.09787775143822,0.368229326115396,MI,2023-09-29,1,1,1,1,1,1,1,1,1,0,0,0,0,0,0,0,1,0,1,0
931,3.46702810024318,0.3896597378482285,MI,2023-09-30,1,1,0,0,1,0,1,1,1,1,0,1,0,0,0,0,1,0,1,1
932,2.16615287197821,0.447965282565327,MI,2023-10-01,1,1,1,1,1,0,0,0,1,1,0,0,0,0,0,0,0,0,0,1
933,9.81070340205723,0.4149714341270255,MI,2023-10-02,1,1,0,1,1,0,1,1,1,0,1,0,0,0,0,0,0,1,0,0
934,4.56852452708564,0.4098908377251345,MI,2023-10-03,1,0,1,1,1,0,0,1,1,0,1,0,0,1,1,0,0,0,1,0
935,2.42350009034274,0.3566335614315775,MI,2023-10-04,1,1,1,1,1,1,1,1,1,1,0,1,0,0,0,0,1,1,0,1
936,2.98700131646071,0.363298860060695,MI,2023-10-05,1,1,0,1,1,1,1,1,1,1,0,0,0,0,0,0,1,1,0,1
937,2.75986605694384,0.3787275760698405,MI,2023-10-06,1,0,1,1,1,1,0,1,1,1,1,0,0,0,0,1,0,0,1,1
938,2.14109255249639,0.3737792298582605,MI,2023-10-07,1,1,1,1,1,1,1,0,1,1,1,1,0,0,0,0,1,0,1,1
939,3.57830425494079,0.40421080977734,MI,2023-10-08,0,1,1,0,1,1,0,1,1,0,0,0,0,0,1,0,0,1,0,0
940,5.80982588658553,0.420726185595812,MI,2023-10-09,1,1,0,0,1,0,0,1,1,1,1,0,0,0,0,0,0,0,0,1
941,6.94476545727387,0.3790515370242535,MI,2023-10-10,1,1,0,1,0,0,0,1,1,1,0,1,0,0,0,0,0,0,1,1
942,4.65277723992965,0.339908096762182,MI,2023-10-11,1,1,0,1,0,0,0,1,0,1,0,0,0,1,0,0,1,0,0,1
943,5.23066710709311,0.39156849266335,MI,2023-10-12,1,0,0,0,0,0,0,0,1,1,0,0,0,0,0,0,0,0,0,1
944,2.8731454456732,0.404665141920009,MI,2023-10-13,1,1,1,1,1,0,1,1,0,1,0,0,0,0,1,0,1,0,0,1
945,1.87266887355069,0.340564796762378,MI,2023-10-14,1,1,0,0,1,1,1,1,1,1,1,0,0,0,0,0,1,0,0,1
946,0.823417417355403,0.3555104458711655,MI,2023-10-15,1,1,1,1,1,1,1,1,1,1,0,1,0,0,0,0,1,1,1,1
947,1.95989979936068,0.3316527263828575,MI,2023-10-16,1,0,1,1,1,1,1,1,1,1,0,0,0,0,0,0,1,0,1,0
948,3.37558281478256,0.3791584437704305,MI,2023-10-17,1,0,1,1,1,0,0,0,1,1,0,0,0,0,0,1,0,0,0,1
949,4.23291586831053,0.370183147616141,MI,2023-10-18,1,1,0,1,1,0,1,1,1,0,1,1,0,0,1,0,1,1,0,0
950,8.16418240110132,0.448359502131165,MI,2023-10-19,0,0,0,0,1,0,1,0,0,1,0,0,0,0,0,0,1,0,0,0
951,2.93658138130545,0.2993931613297495,MI,2023-10-20,1,1,1,1,1,0,1,1,1,1,0,0,0,0,1,0,1,0,0,1
952,1.13148276791741,0.371028976638972,MI,2023-10-21,1,0,1,1,1,1,1,1,1,1,1,0,1,1,1,1,1,1,0,1
953,0.482590194515682,0.2566982836036465,MI,2023-10-22,1,1,1,1,1,1,1,1,1,1,1,1,0,1,0,0,1,1,0,1
954,4.30793295724005,0.3869762740142765,MI,2023-10-23,0,1,1,0,1,0,1,1,1,0,0,1,0,0,0,0,1,0,0,0
955,4.72533600524448,0.3518655928229845,MI,2023-10-24,1,1,0,1,1,1,1,1,1,0,0,1,1,0,0,0,1,1,0,0
956,2.50154536309759,0.332969857604953,MI,2023-10-25,1,1,1,1,1,1,1,1,1,0,1,0,0,0,0,1,1,1,0,0
957,3.58451386114338,0.393808374037345,MI,2023-10-26,1,1,1,1,1,0,1,0,0,0,1,0,0,0,0,0,1,0,0,0
958,2.58384830821483,0.356263098956145,MI,2023-10-27,1,0,1,1,1,1,1,1,0,0,0,0,0,0,1,0,1,0,1,0
959,2.81280998352344,0.452200698645338,MI,2023-10-28,1,0,1,1,0,0,1,1,1,0,1,0,1,1,0,0,1,1,0,0
960,4.80531354396006,0.396411147579789,MI,2023-10-29,1,0,0,1,1,0,1,1,1,1,1,0,0,0,0,0,1,1,0,1
961,6.31038412765058,0.411966338147849,MI,2023-10-30,1,0,1,0,1,0,1,1,0,1,1,0,0,0,0,0,1,0,0,1
962,1.60888653827937,0.3200715420122015,MI,2023-10-31,1,1,1,1,1,1,1,1,1,1,1,0,0,0,0,0,1,1,1,1
963,3.54095997991198,0.389097091149121,MI,2023-11-01,1,0,1,1,1,0,1,1,1,0,1,0,0,0,1,1,1,0,0,0
964,2.99879120644041,0.353314201457471,MI,2023-11-02,1,0,0,1,1,1,0,1,1,1,1,0,0,0,1,0,0,0,1,1
965,3.23499253604972,0.3581376201900685,MI,2023-11-03,1,0,1,1,0,1,1,1,0,0,1,0,0,0,1,0,1,0,0,0
966,1.27530094896642,0.306731326553506,MI,2023-11-04,1,1,1,1,1,1,1,0,1,1,1,1,0,0,1,1,1,0,0,1
967,3.34129293304762,0.387547668449683,MN,2023-09-24,1,1,1,1,0,1,1,1,1,0,0,0,0,0,0,0,1,1,0,0
968,3.11509450053221,0.372143440092272,MN,2023-09-25,1,1,1,1,1,1,1,1,1,1,0,0,0,0,0,0,0,0,0,1
969,4.68249991898308,0.362397233019359,MN,2023-09-26,0,1,1,1,1,1,1,1,1,0,0,0,0,0,0,0,0,0,0,0
970,4.06785858370915,0.38018808515624,MN,2023-09-27,1,1,1,1,1,1,0,1,1,0,0,0,0,1,0,0,0,0,1,0
971,5.35787406616122,0.401991567798202,MN,2023-09-28,0,1,1,0,1,0,1,1,1,1,0,1,0,0,1,0,0,0,0,0
972,2.90950740230635,0.355511439646591,MN,2023-09-29,1,1,1,0,1,1,1,1,1,1,1,0,0,0,0,0,1,1,0,1
973,5.37874857507149,0.3932987433373,MN,2023-09-30,1,1,1,0,1,1,1,1,1,1,1,0,0,0,0,1,1,1,1,1
974,2.72364674926112,0.3751688315977315,MN,2023-10-01,1,1,1,0,1,1,0,0,1,1,1,0,0,0,0,0,0,0,1,1
975,5.35965142913224,0.374101198422209,MN,2023-10-02,1,0,1,1,1,1,1,1,1,1,0,0,0,0,0,0,1,0,1,1
976,3.65661955629054,0.3732027749951205,MN,2023-10-03,1,1,1,1,1,1,1,1,1,0,0,0,0,0,0,0,0,0,0,0
977,2.7449699378049,0.3611526553476145,MN,2023-10-04,1,0,1,0,1,1,1,1,1,1,0,0,0,0,0,0,0,0,0,0
978,3.33316392317221,0.3545355504611885,MN,2023-10-05,1,1,1,1,0,1,0,1,1,1,1,0,0,0,0,1,0,1,0,1
979,3.39600571020079,0.3610671787658035,MN,2023-10-06,1,0,0,0,1,1,1,1,1,1,0,0,0,0,0,0,1,0,0,1
980,3.7913813106382,0.3814712593613585,MN,2023-10-07,1,1,0,1,1,1,0,0,1,1,1,1,0,0,0,0,0,0,0,1
981,3.65085200015899,0.387672331527516,MN,2023-10-08,1,0,0,1,0,0,1,1,1,1,0,0,0,0,0,0,1,1,0,1
982,4.49682937380941,0.357770856786549,MN,2023-10-09,1,1,0,1,1,1,1,1,1,1,0,1,0,0,0,0,0,0,0,1
983,4.26195244122939,0.3393916776847955,MN,2023-10-10,1,1,0,0,1,1,1,0,1,1,0,0,0,0,0,0,1,0,1,1
984,3.01178041336528,0.38409199248215953,MN,2023-10-11,1,0,1,1,0,1,1,1,1,0,1,0,1,0,0,0,1,1,0,0
985,3.32404389921277,0.350847141153934,MN,2023-10-12,1,0,1,1,1,1,1,1,1,0,1,0,0,0,0,0,1,0,1,0
986,3.22108898357622,0.353856502223774,MN,2023-10-13,1,0,1,0,1,1,1,0,1,1,1,0,0,0,0,0,0,0,0,1
987,6.2426664786203,0.4582514319910675,MN,2023-10-14,1,1,0,0,1,0,0,0,1,1,0,1,0,0,1,0,0,0,0,1
988,1.40064009620143,0.344568763880288,MN,2023-10-15,0,0,1,1,1,1,1,1,1,1,1,0,1,1,0,0,1,0,1,1
989,2.7674871328722,0.398087159027743,MN,2023-10-16,1,1,1,0,1,1,0,1,1,1,1,0,0,0,0,0,0,1,0,1
990,5.19631646753299,0.4117341491986535,MN,2023-10-17,1,1,0,0,1,0,0,1,0,0,1,0,0,0,0,0,0,0,0,0
991,1.94473850739343,0.350089838059583,MN,2023-10-18,1,1,1,1,0,1,1,1,1,0,0,0,0,0,0,0,1,0,1,0
992,1.86074499800578,0.380172262987768,MN,2023-10-19,1,1,1,1,1,1,1,0,1,0,0,1,1,0,1,0,0,0,0,0
993,1.25546629540667,0.3675348297186275,MN,2023-10-20,1,0,1,1,1,1,1,1,1,1,1,0,0,0,0,1,1,1,0,1
994,1.10177650643165,0.328488333081564,MN,2023-10-21,1,1,1,1,1,1,1,1,1,1,1,0,0,1,0,0,1,0,1,1
995,2.16561232295177,0.378686142614524,MN,2023-10-22,1,0,1,0,1,1,1,1,1,1,1,1,1,0,1,0,1,0,0,1
996,3.05446079127486,0.288612939951084,MN,2023-10-23,1,1,1,1,1,0,1,1,0,1,1,1,0,1,0,0,0,0,0,1
997,3.95954369453695,0.36620220828851,MN,2023-10-24,0,1,1,0,1,1,1,1,1,0,1,1,0,1,1,0,0,0,0,1
998,4.54081628796833,0.347088292896,MN,2023-10-25,0,0,0,1,1,0,1,1,1,1,0,0,0,0,0,0,1,0,0,1
999,2.86211350378928,0.373324051032716,MN,2023-10-26,1,0,1,1,0,1,0,1,1,1,1,0,0,0,0,0,0,0,0,1
1000,4.30070228010389,0.406248357578147,MN,2023-10-27,1,0,0,0,1,1,1,1,1,1,0,0,1,0,0,0,1,0,0,1
1001,3.37090666899247,0.3765869210790035,MN,2023-10-28,1,0,0,1,1,0,1,1,1,1,1,0,1,1,0,0,1,1,0,1
1002,4.09639990945586,0.3786811831319035,MN,2023-10-29,1,0,0,0,1,1,1,1,1,0,1,0,0,0,0,0,1,0,1,0
1003,1.94106870250607,0.3383388641537265,MN,2023-10-30,1,1,1,1,1,1,1,1,1,1,0,1,0,0,0,0,0,0,0,1
1004,4.2115215399281,0.3517649118373525,MN,2023-10-31,1,0,0,0,1,1,1,0,1,0,0,0,0,0,0,1,0,0,1,0
1005,5.94309918971881,0.378813026256371,MN,2023-11-01,0,0,0,0,0,1,1,0,1,0,0,0,0,0,1,0,1,1,0,0
1006,5.0166258489431,0.3925474089287225,MN,2023-11-02,1,0,1,1,0,0,0,1,1,1,0,0,0,0,0,0,0,0,0,1
1007,3.96442952420934,0.37455469610908,MN,2023-11-03,1,0,0,1,1,1,0,1,1,0,0,0,0,0,0,0,0,0,0,0
1008,3.00065580360342,0.298613186130102,MN,2023-11-04,1,0,1,1,1,0,1,0,1,1,1,0,0,1,0,0,0,0,0,1
1009,NA,NA,MO,2023-09-24,NA,NA,NA,NA,NA,NA,NA,NA,NA,NA,NA,NA,NA,NA,NA,NA,NA,NA,NA,NA
1010,0.963840576023493,0.3607508848241305,MO,2023-09-25,1,0,1,1,1,1,1,1,1,1,1,0,1,0,0,0,1,1,1,1
1011,1.1523833644782,0.385967727367514,MO,2023-09-26,1,0,0,1,1,1,1,1,1,1,1,0,0,0,0,1,1,1,1,1
1012,0.741686780054634,0.405034117118084,MO,2023-09-27,1,1,1,1,0,1,1,1,1,1,1,0,0,1,0,0,1,1,1,1
1013,0.68059734788001,0.463052611858671,MO,2023-09-28,1,1,1,0,1,1,1,1,1,1,0,1,1,0,1,1,1,1,1,1
1014,NA,NA,MO,2023-09-29,NA,NA,NA,NA,NA,NA,NA,NA,NA,NA,NA,NA,NA,NA,NA,NA,NA,NA,NA,NA
1015,NA,NA,MO,2023-09-30,NA,NA,NA,NA,NA,NA,NA,NA,NA,NA,NA,NA,NA,NA,NA,NA,NA,NA,NA,NA
1016,0.595624849204187,0.371226585844034,MO,2023-10-01,1,1,0,1,1,1,1,1,1,1,1,0,0,1,1,1,1,1,1,1
1017,0.569771766651333,0.3738606543658075,MO,2023-10-02,1,1,0,1,1,1,1,1,1,1,1,1,0,0,1,1,1,1,1,1
1018,NA,NA,MO,2023-10-03,NA,NA,NA,NA,NA,NA,NA,NA,NA,NA,NA,NA,NA,NA,NA,NA,NA,NA,NA,NA
1019,NA,NA,MO,2023-10-04,NA,NA,NA,NA,NA,NA,NA,NA,NA,NA,NA,NA,NA,NA,NA,NA,NA,NA,NA,NA
1020,NA,NA,MO,2023-10-05,NA,NA,NA,NA,NA,NA,NA,NA,NA,NA,NA,NA,NA,NA,NA,NA,NA,NA,NA,NA
1021,0.862176981083655,0.59602194575965,MO,2023-10-06,1,0,1,1,1,1,1,1,1,1,1,0,1,1,1,0,1,1,1,1
1022,0.995024318646814,0.483155866872481,MO,2023-10-07,1,1,1,1,0,1,1,1,1,1,1,1,1,0,0,1,1,1,1,1
1023,NA,NA,MO,2023-10-08,NA,NA,NA,NA,NA,NA,NA,NA,NA,NA,NA,NA,NA,NA,NA,NA,NA,NA,NA,NA
1024,NA,NA,MO,2023-10-09,NA,NA,NA,NA,NA,NA,NA,NA,NA,NA,NA,NA,NA,NA,NA,NA,NA,NA,NA,NA
1025,0.730396601509959,0.4898890218101605,MO,2023-10-10,1,1,1,0,1,1,1,1,1,1,1,1,1,0,1,0,1,1,1,1
1026,0.644325852907241,0.3991604340580815,MO,2023-10-11,1,1,0,1,1,1,1,1,1,1,1,1,1,1,1,1,1,1,1,1
1027,NA,NA,MO,2023-10-12,NA,NA,NA,NA,NA,NA,NA,NA,NA,NA,NA,NA,NA,NA,NA,NA,NA,NA,NA,NA
1028,NA,NA,MO,2023-10-13,NA,NA,NA,NA,NA,NA,NA,NA,NA,NA,NA,NA,NA,NA,NA,NA,NA,NA,NA,NA
1029,NA,NA,MO,2023-10-14,NA,NA,NA,NA,NA,NA,NA,NA,NA,NA,NA,NA,NA,NA,NA,NA,NA,NA,NA,NA
1030,NA,NA,MO,2023-10-15,NA,NA,NA,NA,NA,NA,NA,NA,NA,NA,NA,NA,NA,NA,NA,NA,NA,NA,NA,NA
1031,NA,NA,MO,2023-10-16,NA,NA,NA,NA,NA,NA,NA,NA,NA,NA,NA,NA,NA,NA,NA,NA,NA,NA,NA,NA
1032,0.216174860647542,0.186307178160417,MO,2023-10-17,1,1,1,1,1,1,1,1,1,1,1,1,1,1,1,1,1,1,1,1
1033,NA,NA,MO,2023-10-18,NA,NA,NA,NA,NA,NA,NA,NA,NA,NA,NA,NA,NA,NA,NA,NA,NA,NA,NA,NA
1034,NA,NA,MO,2023-10-19,NA,NA,NA,NA,NA,NA,NA,NA,NA,NA,NA,NA,NA,NA,NA,NA,NA,NA,NA,NA
1035,1.405722191997,0.4266935681038665,MO,2023-10-20,1,1,0,1,1,0,1,1,1,1,1,1,0,0,0,1,1,1,1,1
1036,0.683800456667531,0.4298464902660425,MO,2023-10-21,1,1,0,1,1,1,1,1,1,1,1,1,0,1,1,0,1,1,1,1
1037,NA,NA,MO,2023-10-22,NA,NA,NA,NA,NA,NA,NA,NA,NA,NA,NA,NA,NA,NA,NA,NA,NA,NA,NA,NA
1038,NA,NA,MO,2023-10-23,NA,NA,NA,NA,NA,NA,NA,NA,NA,NA,NA,NA,NA,NA,NA,NA,NA,NA,NA,NA
1039,0.703911464485133,0.439377688518894,MO,2023-10-24,1,1,0,1,1,1,1,1,1,1,1,1,1,1,1,1,1,1,1,1
1040,NA,NA,MO,2023-10-25,NA,NA,NA,NA,NA,NA,NA,NA,NA,NA,NA,NA,NA,NA,NA,NA,NA,NA,NA,NA
1041,0.197803208243339,0.164158929923602,MO,2023-10-26,1,1,1,1,1,1,1,1,1,1,1,1,1,1,1,1,1,1,1,1
1042,0.490167658595919,0.3054788247478475,MO,2023-10-27,1,1,1,1,1,1,1,1,1,1,1,1,0,1,1,0,1,1,1,1
1043,0.174341999219704,0.15984895003703,MO,2023-10-28,1,1,1,1,1,1,1,1,1,1,1,1,1,1,1,1,1,1,1,1
1044,NA,NA,MO,2023-10-29,NA,NA,NA,NA,NA,NA,NA,NA,NA,NA,NA,NA,NA,NA,NA,NA,NA,NA,NA,NA
1045,NA,NA,MO,2023-10-30,NA,NA,NA,NA,NA,NA,NA,NA,NA,NA,NA,NA,NA,NA,NA,NA,NA,NA,NA,NA
1046,NA,NA,MO,2023-10-31,NA,NA,NA,NA,NA,NA,NA,NA,NA,NA,NA,NA,NA,NA,NA,NA,NA,NA,NA,NA
1047,NA,NA,MO,2023-11-01,NA,NA,NA,NA,NA,NA,NA,NA,NA,NA,NA,NA,NA,NA,NA,NA,NA,NA,NA,NA
1048,NA,NA,MO,2023-11-02,NA,NA,NA,NA,NA,NA,NA,NA,NA,NA,NA,NA,NA,NA,NA,NA,NA,NA,NA,NA
1049,NA,NA,MO,2023-11-03,NA,NA,NA,NA,NA,NA,NA,NA,NA,NA,NA,NA,NA,NA,NA,NA,NA,NA,NA,NA
1050,NA,NA,MO,2023-11-04,NA,NA,NA,NA,NA,NA,NA,NA,NA,NA,NA,NA,NA,NA,NA,NA,NA,NA,NA,NA
1051,NA,NA,MS,2023-09-24,NA,NA,NA,NA,NA,NA,NA,NA,NA,NA,NA,NA,NA,NA,NA,NA,NA,NA,NA,NA
1052,1.23219016383165,0.362614547954542,MS,2023-09-25,1,1,1,1,0,1,1,1,1,1,1,1,0,0,0,0,1,1,1,1
1053,1.72053695772371,0.25877326125803,MS,2023-09-26,1,1,0,1,1,1,1,1,1,1,1,1,0,0,1,0,1,1,1,1
1054,1.53195663277401,0.233118376857163,MS,2023-09-27,1,1,0,1,1,1,1,1,1,1,1,0,0,1,1,0,1,1,0,0
1055,0.276201480574572,0.18882539291894,MS,2023-09-28,1,1,1,1,1,1,1,1,1,1,1,1,0,0,1,1,1,1,1,1
1056,1.53955018289405,0.367076560330502,MS,2023-09-29,1,1,1,1,0,1,1,1,1,0,1,1,0,0,0,0,1,1,1,0
1057,NA,NA,MS,2023-09-30,NA,NA,NA,NA,NA,NA,NA,NA,NA,NA,NA,NA,NA,NA,NA,NA,NA,NA,NA,NA
1058,NA,NA,MS,2023-10-01,NA,NA,NA,NA,NA,NA,NA,NA,NA,NA,NA,NA,NA,NA,NA,NA,NA,NA,NA,NA
1059,4.63649623167564,0.4847899266407645,MS,2023-10-02,1,0,0,0,0,0,1,1,1,1,0,0,0,0,0,0,1,1,1,1
1060,2.1352990230239,0.4614659135096495,MS,2023-10-03,1,1,0,0,1,0,1,0,1,1,1,1,0,0,0,0,1,0,1,1
1061,1.15541474187165,0.282189878557682,MS,2023-10-04,1,1,1,1,1,1,1,1,1,1,0,1,0,1,0,0,1,1,1,1
1062,0.7242865077096,0.3391445254818225,MS,2023-10-05,1,1,1,0,1,1,1,1,1,1,1,1,0,0,1,0,1,1,1,1
1063,0.30161486591783,0.271951135432713,MS,2023-10-06,1,1,1,1,1,1,1,1,1,1,1,1,1,1,1,1,1,1,1,1
1064,NA,NA,MS,2023-10-07,NA,NA,NA,NA,NA,NA,NA,NA,NA,NA,NA,NA,NA,NA,NA,NA,NA,NA,NA,NA
1065,NA,NA,MS,2023-10-08,NA,NA,NA,NA,NA,NA,NA,NA,NA,NA,NA,NA,NA,NA,NA,NA,NA,NA,NA,NA
1066,1.40731330409806,0.423219592353237,MS,2023-10-09,1,0,1,1,1,0,1,1,0,1,1,0,0,1,1,1,1,1,0,1
1067,0.294096387451613,0.208255666918781,MS,2023-10-10,1,1,1,1,1,1,1,1,1,1,1,1,1,1,1,1,1,1,1,1
1068,0.730246886789101,0.3852415000972785,MS,2023-10-11,1,1,1,0,1,1,1,1,1,1,1,1,1,0,1,0,1,1,1,1
1069,0.287238117461386,0.2683097370278305,MS,2023-10-12,1,1,1,1,1,1,1,1,1,1,1,0,1,1,1,0,1,1,1,1
1070,NA,NA,MS,2023-10-13,NA,NA,NA,NA,NA,NA,NA,NA,NA,NA,NA,NA,NA,NA,NA,NA,NA,NA,NA,NA
1071,NA,NA,MS,2023-10-14,NA,NA,NA,NA,NA,NA,NA,NA,NA,NA,NA,NA,NA,NA,NA,NA,NA,NA,NA,NA
1072,NA,NA,MS,2023-10-15,NA,NA,NA,NA,NA,NA,NA,NA,NA,NA,NA,NA,NA,NA,NA,NA,NA,NA,NA,NA
1073,0.974267119476891,0.3123410974178655,MS,2023-10-16,1,1,1,1,1,0,1,1,1,1,1,1,1,1,1,1,1,1,1,1
1074,0.950329240389312,0.466467763709577,MS,2023-10-17,1,1,1,0,1,1,1,1,1,1,1,1,0,0,1,1,1,1,1,1
1075,0.941894672222088,0.66232230373095,MS,2023-10-18,1,1,1,1,1,1,1,1,1,0,1,1,1,1,1,0,1,1,1,0
1076,NA,NA,MS,2023-10-19,NA,NA,NA,NA,NA,NA,NA,NA,NA,NA,NA,NA,NA,NA,NA,NA,NA,NA,NA,NA
1077,0.327256923632241,0.2291400733312675,MS,2023-10-20,1,1,1,1,1,1,1,1,1,1,1,1,1,1,1,1,1,1,1,1
1078,0.403361836541744,0.297301628806888,MS,2023-10-21,1,1,1,1,1,1,1,1,1,1,1,1,1,1,1,1,1,1,1,1
1079,NA,NA,MS,2023-10-22,NA,NA,NA,NA,NA,NA,NA,NA,NA,NA,NA,NA,NA,NA,NA,NA,NA,NA,NA,NA
1080,0.867154497962076,0.4220185042629185,MS,2023-10-23,1,1,1,1,0,1,1,1,1,1,1,1,1,0,0,1,1,1,1,1
1081,0.974317975685234,0.468806449294125,MS,2023-10-24,1,1,1,1,1,1,1,0,1,1,0,1,1,1,1,1,1,0,1,1
1082,1.38326753945096,0.63992162213998,MS,2023-10-25,1,1,1,0,1,1,1,0,1,1,1,1,0,0,1,1,1,0,1,1
1083,0.267893966671061,0.2630763619485605,MS,2023-10-26,1,1,1,1,1,1,1,1,1,1,1,1,1,1,1,1,1,1,1,1
1084,0.874937543730934,0.2797294172781525,MS,2023-10-27,1,1,1,1,1,0,1,1,1,1,1,1,1,1,1,1,1,1,1,1
1085,NA,NA,MS,2023-10-28,NA,NA,NA,NA,NA,NA,NA,NA,NA,NA,NA,NA,NA,NA,NA,NA,NA,NA,NA,NA
1086,NA,NA,MS,2023-10-29,NA,NA,NA,NA,NA,NA,NA,NA,NA,NA,NA,NA,NA,NA,NA,NA,NA,NA,NA,NA
1087,0.514843359861618,0.2654378517571475,MS,2023-10-30,1,1,1,1,1,1,1,1,1,1,1,1,1,1,0,0,1,1,1,1
1088,NA,NA,MS,2023-10-31,NA,NA,NA,NA,NA,NA,NA,NA,NA,NA,NA,NA,NA,NA,NA,NA,NA,NA,NA,NA
1089,NA,NA,MS,2023-11-01,NA,NA,NA,NA,NA,NA,NA,NA,NA,NA,NA,NA,NA,NA,NA,NA,NA,NA,NA,NA
1090,NA,NA,MS,2023-11-02,NA,NA,NA,NA,NA,NA,NA,NA,NA,NA,NA,NA,NA,NA,NA,NA,NA,NA,NA,NA
1091,NA,NA,MS,2023-11-03,NA,NA,NA,NA,NA,NA,NA,NA,NA,NA,NA,NA,NA,NA,NA,NA,NA,NA,NA,NA
1092,NA,NA,MS,2023-11-04,NA,NA,NA,NA,NA,NA,NA,NA,NA,NA,NA,NA,NA,NA,NA,NA,NA,NA,NA,NA
1093,NA,NA,MT,2023-09-24,NA,NA,NA,NA,NA,NA,NA,NA,NA,NA,NA,NA,NA,NA,NA,NA,NA,NA,NA,NA
1094,NA,NA,MT,2023-09-25,NA,NA,NA,NA,NA,NA,NA,NA,NA,NA,NA,NA,NA,NA,NA,NA,NA,NA,NA,NA
1095,NA,NA,MT,2023-09-26,NA,NA,NA,NA,NA,NA,NA,NA,NA,NA,NA,NA,NA,NA,NA,NA,NA,NA,NA,NA
1096,NA,NA,MT,2023-09-27,NA,NA,NA,NA,NA,NA,NA,NA,NA,NA,NA,NA,NA,NA,NA,NA,NA,NA,NA,NA
1097,NA,NA,MT,2023-09-28,NA,NA,NA,NA,NA,NA,NA,NA,NA,NA,NA,NA,NA,NA,NA,NA,NA,NA,NA,NA
1098,NA,NA,MT,2023-09-29,NA,NA,NA,NA,NA,NA,NA,NA,NA,NA,NA,NA,NA,NA,NA,NA,NA,NA,NA,NA
1099,NA,NA,MT,2023-09-30,NA,NA,NA,NA,NA,NA,NA,NA,NA,NA,NA,NA,NA,NA,NA,NA,NA,NA,NA,NA
1100,NA,NA,MT,2023-10-01,NA,NA,NA,NA,NA,NA,NA,NA,NA,NA,NA,NA,NA,NA,NA,NA,NA,NA,NA,NA
1101,NA,NA,MT,2023-10-02,NA,NA,NA,NA,NA,NA,NA,NA,NA,NA,NA,NA,NA,NA,NA,NA,NA,NA,NA,NA
1102,NA,NA,MT,2023-10-03,NA,NA,NA,NA,NA,NA,NA,NA,NA,NA,NA,NA,NA,NA,NA,NA,NA,NA,NA,NA
1103,NA,NA,MT,2023-10-04,NA,NA,NA,NA,NA,NA,NA,NA,NA,NA,NA,NA,NA,NA,NA,NA,NA,NA,NA,NA
1104,NA,NA,MT,2023-10-05,NA,NA,NA,NA,NA,NA,NA,NA,NA,NA,NA,NA,NA,NA,NA,NA,NA,NA,NA,NA
1105,NA,NA,MT,2023-10-06,NA,NA,NA,NA,NA,NA,NA,NA,NA,NA,NA,NA,NA,NA,NA,NA,NA,NA,NA,NA
1106,NA,NA,MT,2023-10-07,NA,NA,NA,NA,NA,NA,NA,NA,NA,NA,NA,NA,NA,NA,NA,NA,NA,NA,NA,NA
1107,NA,NA,MT,2023-10-08,NA,NA,NA,NA,NA,NA,NA,NA,NA,NA,NA,NA,NA,NA,NA,NA,NA,NA,NA,NA
1108,NA,NA,MT,2023-10-09,NA,NA,NA,NA,NA,NA,NA,NA,NA,NA,NA,NA,NA,NA,NA,NA,NA,NA,NA,NA
1109,NA,NA,MT,2023-10-10,NA,NA,NA,NA,NA,NA,NA,NA,NA,NA,NA,NA,NA,NA,NA,NA,NA,NA,NA,NA
1110,NA,NA,MT,2023-10-11,NA,NA,NA,NA,NA,NA,NA,NA,NA,NA,NA,NA,NA,NA,NA,NA,NA,NA,NA,NA
1111,NA,NA,MT,2023-10-12,NA,NA,NA,NA,NA,NA,NA,NA,NA,NA,NA,NA,NA,NA,NA,NA,NA,NA,NA,NA
1112,NA,NA,MT,2023-10-13,NA,NA,NA,NA,NA,NA,NA,NA,NA,NA,NA,NA,NA,NA,NA,NA,NA,NA,NA,NA
1113,0.75774352874255,0.1981880897320145,MT,2023-10-14,1,1,1,1,1,0,1,1,1,1,0,1,1,1,1,0,0,1,1,1
1114,NA,NA,MT,2023-10-15,NA,NA,NA,NA,NA,NA,NA,NA,NA,NA,NA,NA,NA,NA,NA,NA,NA,NA,NA,NA
1115,0.306384489202924,0.192856163368151,MT,2023-10-16,1,1,1,1,1,1,1,1,1,1,1,1,0,1,1,0,1,1,1,1
1116,NA,NA,MT,2023-10-17,NA,NA,NA,NA,NA,NA,NA,NA,NA,NA,NA,NA,NA,NA,NA,NA,NA,NA,NA,NA
1117,NA,NA,MT,2023-10-18,NA,NA,NA,NA,NA,NA,NA,NA,NA,NA,NA,NA,NA,NA,NA,NA,NA,NA,NA,NA
1118,0.592204078808975,0.4419601239099485,MT,2023-10-19,1,1,0,1,1,1,1,1,1,1,1,1,0,0,1,1,1,1,1,1
1119,NA,NA,MT,2023-10-20,NA,NA,NA,NA,NA,NA,NA,NA,NA,NA,NA,NA,NA,NA,NA,NA,NA,NA,NA,NA
1120,NA,NA,MT,2023-10-21,NA,NA,NA,NA,NA,NA,NA,NA,NA,NA,NA,NA,NA,NA,NA,NA,NA,NA,NA,NA
1121,NA,NA,MT,2023-10-22,NA,NA,NA,NA,NA,NA,NA,NA,NA,NA,NA,NA,NA,NA,NA,NA,NA,NA,NA,NA
1122,NA,NA,MT,2023-10-23,NA,NA,NA,NA,NA,NA,NA,NA,NA,NA,NA,NA,NA,NA,NA,NA,NA,NA,NA,NA
1123,NA,NA,MT,2023-10-24,NA,NA,NA,NA,NA,NA,NA,NA,NA,NA,NA,NA,NA,NA,NA,NA,NA,NA,NA,NA
1124,NA,NA,MT,2023-10-25,NA,NA,NA,NA,NA,NA,NA,NA,NA,NA,NA,NA,NA,NA,NA,NA,NA,NA,NA,NA
1125,0.278285932457313,0.169601499766146,MT,2023-10-26,1,1,1,1,1,1,1,1,1,1,1,0,1,1,1,0,1,1,1,1
1126,NA,NA,MT,2023-10-27,NA,NA,NA,NA,NA,NA,NA,NA,NA,NA,NA,NA,NA,NA,NA,NA,NA,NA,NA,NA
1127,NA,NA,MT,2023-10-28,NA,NA,NA,NA,NA,NA,NA,NA,NA,NA,NA,NA,NA,NA,NA,NA,NA,NA,NA,NA
1128,NA,NA,MT,2023-10-29,NA,NA,NA,NA,NA,NA,NA,NA,NA,NA,NA,NA,NA,NA,NA,NA,NA,NA,NA,NA
1129,NA,NA,MT,2023-10-30,NA,NA,NA,NA,NA,NA,NA,NA,NA,NA,NA,NA,NA,NA,NA,NA,NA,NA,NA,NA
1130,NA,NA,MT,2023-10-31,NA,NA,NA,NA,NA,NA,NA,NA,NA,NA,NA,NA,NA,NA,NA,NA,NA,NA,NA,NA
1131,NA,NA,MT,2023-11-01,NA,NA,NA,NA,NA,NA,NA,NA,NA,NA,NA,NA,NA,NA,NA,NA,NA,NA,NA,NA
1132,NA,NA,MT,2023-11-02,NA,NA,NA,NA,NA,NA,NA,NA,NA,NA,NA,NA,NA,NA,NA,NA,NA,NA,NA,NA
1133,NA,NA,MT,2023-11-03,NA,NA,NA,NA,NA,NA,NA,NA,NA,NA,NA,NA,NA,NA,NA,NA,NA,NA,NA,NA
1134,NA,NA,MT,2023-11-04,NA,NA,NA,NA,NA,NA,NA,NA,NA,NA,NA,NA,NA,NA,NA,NA,NA,NA,NA,NA
1135,1.04379835488842,0.3479762317049135,NC,2023-09-24,1,1,1,1,1,1,1,1,1,1,1,0,0,0,1,0,1,1,1,1
1136,1.73695696803167,0.4126869925066985,NC,2023-09-25,1,0,1,1,1,1,1,1,1,1,1,0,0,0,0,0,0,0,1,1
1137,1.4033329716821,0.326288399604975,NC,2023-09-26,1,1,0,1,1,1,1,1,1,1,1,1,0,1,0,0,1,1,1,1
1138,1.18942735994997,0.401660981237606,NC,2023-09-27,1,1,1,1,1,1,1,0,1,1,0,1,1,1,1,1,1,0,1,1
1139,1.24236261707138,0.5075748773777,NC,2023-09-28,1,0,1,1,1,1,0,1,1,1,1,0,0,0,0,0,0,1,1,1
1140,1.22134398544523,0.482465663007613,NC,2023-09-29,1,0,1,1,1,1,1,1,1,0,1,0,1,0,0,0,1,1,1,0
1141,0.822673615374284,0.308772716198466,NC,2023-09-30,1,1,0,1,1,1,1,1,1,1,0,1,0,1,1,1,1,1,1,1
1142,0.368538454048059,0.2433622574492705,NC,2023-10-01,1,1,1,1,1,1,1,1,1,1,1,1,0,1,1,0,1,1,1,1
1143,2.48013104951885,0.4001784269327415,NC,2023-10-02,1,1,0,1,0,0,1,1,1,1,1,0,0,0,0,0,1,1,1,1
1144,0.888045175752775,0.321669822418602,NC,2023-10-03,1,1,1,1,1,1,1,1,1,1,1,1,0,1,1,0,1,1,1,1
1145,1.27024395493516,0.3920465662848595,NC,2023-10-04,1,1,0,1,1,1,1,1,1,1,1,1,0,1,0,0,0,1,1,1
1146,1.93712258376906,0.2993545800864995,NC,2023-10-05,1,0,1,1,1,0,1,1,1,1,1,0,0,0,1,0,1,1,1,1
1147,1.03046655410385,0.383704060458169,NC,2023-10-06,0,1,1,1,1,1,1,1,1,1,0,1,0,1,1,0,0,1,1,1
1148,NA,NA,NC,2023-10-07,NA,NA,NA,NA,NA,NA,NA,NA,NA,NA,NA,NA,NA,NA,NA,NA,NA,NA,NA,NA
1149,NA,NA,NC,2023-10-08,NA,NA,NA,NA,NA,NA,NA,NA,NA,NA,NA,NA,NA,NA,NA,NA,NA,NA,NA,NA
1150,1.02864179619741,0.3625755283228325,NC,2023-10-09,1,1,1,1,1,1,0,1,1,1,1,1,1,0,1,0,0,1,1,0
1151,2.42610477361213,0.4058066734959835,NC,2023-10-10,1,1,0,1,1,0,1,1,1,1,1,1,0,0,0,0,1,1,0,1
1152,0.942467769905879,0.3540909096004145,NC,2023-10-11,1,0,1,1,1,1,1,1,1,1,1,0,0,0,1,0,1,1,1,1
1153,1.23196972495028,0.262953986989972,NC,2023-10-12,1,1,1,1,1,0,1,1,1,1,1,1,0,0,1,0,1,1,1,1
1154,1.83253644547641,0.379360764995584,NC,2023-10-13,1,1,0,1,1,0,1,1,1,1,1,1,0,0,1,0,0,1,1,1
1155,0.528471611193442,0.382671215465934,NC,2023-10-14,1,1,1,1,1,1,1,1,1,1,1,1,0,0,1,1,1,1,1,1
1156,1.00302957580747,0.4996768424776435,NC,2023-10-15,1,0,1,1,1,1,1,1,1,1,1,0,1,1,1,0,1,1,1,1
1157,1.24453273273003,0.3111968996154595,NC,2023-10-16,1,1,0,1,1,1,1,1,1,1,1,1,0,1,0,0,1,1,1,1
1158,1.12850570244381,0.4689131624566335,NC,2023-10-17,1,0,1,1,1,1,1,0,1,1,1,0,1,0,0,0,1,0,1,1
1159,1.00049003033044,0.3316320294602565,NC,2023-10-18,1,0,1,1,1,1,1,1,1,1,1,0,0,0,1,0,1,1,1,1
1160,0.543655113618995,0.256539654162192,NC,2023-10-19,1,1,1,1,1,1,1,1,1,1,1,1,0,0,1,1,1,1,1,1
1161,1.13699567575914,0.308204489027583,NC,2023-10-20,1,0,1,1,1,1,1,1,1,1,1,0,0,1,0,0,1,1,1,1
1162,NA,NA,NC,2023-10-21,NA,NA,NA,NA,NA,NA,NA,NA,NA,NA,NA,NA,NA,NA,NA,NA,NA,NA,NA,NA
1163,NA,NA,NC,2023-10-22,NA,NA,NA,NA,NA,NA,NA,NA,NA,NA,NA,NA,NA,NA,NA,NA,NA,NA,NA,NA
1164,1.272032164584,0.3346768326054135,NC,2023-10-23,1,0,1,1,1,1,1,0,1,1,1,0,0,0,1,0,1,1,1,1
1165,0.66436680976314,0.332247648378059,NC,2023-10-24,1,1,1,1,1,1,1,1,1,1,1,1,1,0,1,0,1,1,1,1
1166,0.888624068892406,0.3500560631463465,NC,2023-10-25,1,1,1,1,1,1,1,1,1,1,0,1,0,1,1,0,1,1,1,1
1167,1.1170622243663,0.267866498397081,NC,2023-10-26,1,1,1,1,1,1,1,1,1,1,1,1,1,0,1,0,1,1,1,1
1168,0.917312556252696,0.4380644805448465,NC,2023-10-27,1,1,1,1,1,1,1,1,1,1,1,1,0,0,1,0,1,1,0,1
1169,0.251175783663069,0.1606574751571965,NC,2023-10-28,1,1,1,1,1,1,1,1,1,1,1,1,1,1,1,1,1,1,1,1
1170,NA,NA,NC,2023-10-29,NA,NA,NA,NA,NA,NA,NA,NA,NA,NA,NA,NA,NA,NA,NA,NA,NA,NA,NA,NA
1171,2.94635749364079,0.380246440551709,NC,2023-10-30,1,1,0,1,1,1,1,1,1,0,1,1,0,0,0,0,1,0,0,0
1172,1.83926466278681,0.3923891666762205,NC,2023-10-31,1,1,0,1,1,1,1,1,1,0,1,1,1,1,0,1,1,0,1,0
1173,1.19435028422462,0.3734467702857755,NC,2023-11-01,1,1,0,1,1,1,1,1,1,1,1,0,0,0,0,0,1,0,0,1
1174,2.22076802751907,0.416980277132213,NC,2023-11-02,1,0,0,1,1,1,1,1,1,0,1,0,1,0,1,1,0,0,0,0
1175,2.99172418540095,0.529934329980835,NC,2023-11-03,0,0,1,1,0,0,1,1,1,1,0,0,0,1,1,1,1,1,0,1
1176,0.837978143537752,0.401932678218081,NC,2023-11-04,1,1,1,1,1,1,1,1,1,0,1,1,1,1,1,0,1,1,1,0
1177,0.823740707206961,0.578798041776925,ND,2023-09-24,1,1,1,1,1,1,1,0,1,1,1,1,1,1,1,0,1,0,1,1
1178,1.98020107084306,0.59600646180544,ND,2023-09-25,1,1,1,1,1,1,1,0,1,0,1,0,0,1,1,0,1,0,1,0
1179,NA,NA,ND,2023-09-26,NA,NA,NA,NA,NA,NA,NA,NA,NA,NA,NA,NA,NA,NA,NA,NA,NA,NA,NA,NA
1180,0.622083168319986,0.36027037508017,ND,2023-09-27,1,1,1,1,1,1,1,1,1,1,1,1,0,0,1,1,1,1,1,1
1181,0.540200546989043,0.376843490634355,ND,2023-09-28,1,1,0,1,1,1,1,1,1,1,1,1,0,1,1,0,1,1,1,1
1182,0.863253735109024,0.607924629646465,ND,2023-09-29,1,1,1,1,1,1,1,1,1,0,1,1,1,1,1,0,1,1,1,0
1183,0.55401592858386,0.381589245957339,ND,2023-09-30,1,1,0,1,1,1,1,1,1,1,1,1,0,1,1,1,1,1,1,0
1184,NA,NA,ND,2023-10-01,NA,NA,NA,NA,NA,NA,NA,NA,NA,NA,NA,NA,NA,NA,NA,NA,NA,NA,NA,NA
1185,NA,NA,ND,2023-10-02,NA,NA,NA,NA,NA,NA,NA,NA,NA,NA,NA,NA,NA,NA,NA,NA,NA,NA,NA,NA
1186,NA,NA,ND,2023-10-03,NA,NA,NA,NA,NA,NA,NA,NA,NA,NA,NA,NA,NA,NA,NA,NA,NA,NA,NA,NA
1187,NA,NA,ND,2023-10-04,NA,NA,NA,NA,NA,NA,NA,NA,NA,NA,NA,NA,NA,NA,NA,NA,NA,NA,NA,NA
1188,NA,NA,ND,2023-10-05,NA,NA,NA,NA,NA,NA,NA,NA,NA,NA,NA,NA,NA,NA,NA,NA,NA,NA,NA,NA
1189,0.458111702417111,0.308873520867703,ND,2023-10-06,1,1,1,1,1,1,1,1,1,1,1,1,0,1,0,0,1,0,1,1
1190,NA,NA,ND,2023-10-07,NA,NA,NA,NA,NA,NA,NA,NA,NA,NA,NA,NA,NA,NA,NA,NA,NA,NA,NA,NA
1191,NA,NA,ND,2023-10-08,NA,NA,NA,NA,NA,NA,NA,NA,NA,NA,NA,NA,NA,NA,NA,NA,NA,NA,NA,NA
1192,1.6076311590346,0.3566051887181395,ND,2023-10-09,1,1,0,1,1,1,1,1,1,1,1,1,0,1,1,0,1,1,0,1
1193,0.844570644529337,0.591936268942605,ND,2023-10-10,1,1,1,1,1,1,1,0,1,1,1,1,1,1,1,0,1,0,1,1
1194,1.28522710431612,0.40995028040212,ND,2023-10-11,1,1,0,1,1,1,1,1,1,1,1,1,0,1,1,0,1,1,1,1
1195,1.17436630313342,0.564605438729105,ND,2023-10-12,1,1,1,1,0,1,1,0,1,1,1,1,1,0,0,0,1,0,1,1
1196,NA,NA,ND,2023-10-13,NA,NA,NA,NA,NA,NA,NA,NA,NA,NA,NA,NA,NA,NA,NA,NA,NA,NA,NA,NA
1197,0.849668361147146,0.595519035161195,ND,2023-10-14,1,1,1,1,1,1,1,0,1,1,1,0,1,1,1,1,1,0,1,1
1198,NA,NA,ND,2023-10-15,NA,NA,NA,NA,NA,NA,NA,NA,NA,NA,NA,NA,NA,NA,NA,NA,NA,NA,NA,NA
1199,1.71472573590221,0.602194878490505,ND,2023-10-16,1,0,1,1,1,1,1,1,1,1,1,0,1,1,1,0,1,0,1,1
1200,NA,NA,ND,2023-10-17,NA,NA,NA,NA,NA,NA,NA,NA,NA,NA,NA,NA,NA,NA,NA,NA,NA,NA,NA,NA
1201,0.474624048745407,0.310098151458681,ND,2023-10-18,1,1,1,1,1,1,1,1,1,1,1,1,0,1,1,0,1,1,1,1
1202,0.925894979407181,0.3280764839671285,ND,2023-10-19,1,0,1,1,1,1,1,1,1,1,1,0,0,1,1,0,1,1,1,1
1203,0.633513143734236,0.4352491481004075,ND,2023-10-20,1,1,0,1,1,1,1,1,1,1,1,1,1,1,1,1,1,1,1,1
1204,NA,NA,ND,2023-10-21,NA,NA,NA,NA,NA,NA,NA,NA,NA,NA,NA,NA,NA,NA,NA,NA,NA,NA,NA,NA
1205,NA,NA,ND,2023-10-22,NA,NA,NA,NA,NA,NA,NA,NA,NA,NA,NA,NA,NA,NA,NA,NA,NA,NA,NA,NA
1206,1.28061970392904,0.590846844067875,ND,2023-10-23,1,1,1,1,1,1,1,1,0,0,1,1,1,0,1,1,1,1,0,0
1207,0.661385440418312,0.4468523378481015,ND,2023-10-24,1,1,0,1,1,1,1,1,1,1,1,1,1,1,1,1,1,1,1,1
1208,NA,NA,ND,2023-10-25,NA,NA,NA,NA,NA,NA,NA,NA,NA,NA,NA,NA,NA,NA,NA,NA,NA,NA,NA,NA
1209,NA,NA,ND,2023-10-26,NA,NA,NA,NA,NA,NA,NA,NA,NA,NA,NA,NA,NA,NA,NA,NA,NA,NA,NA,NA
1210,0.63085341120345,0.355346819038509,ND,2023-10-27,1,1,1,0,1,1,1,1,1,1,1,1,1,0,0,1,1,1,1,1
1211,NA,NA,ND,2023-10-28,NA,NA,NA,NA,NA,NA,NA,NA,NA,NA,NA,NA,NA,NA,NA,NA,NA,NA,NA,NA
1212,NA,NA,ND,2023-10-29,NA,NA,NA,NA,NA,NA,NA,NA,NA,NA,NA,NA,NA,NA,NA,NA,NA,NA,NA,NA
1213,NA,NA,ND,2023-10-30,NA,NA,NA,NA,NA,NA,NA,NA,NA,NA,NA,NA,NA,NA,NA,NA,NA,NA,NA,NA
1214,0.220407389704663,0.1690924595688585,ND,2023-10-31,1,1,1,1,1,1,1,1,1,1,1,1,1,1,1,1,1,1,1,1
1215,0.214683063327019,0.1680771816206535,ND,2023-11-01,1,1,1,1,1,1,1,1,1,1,1,1,1,1,1,1,1,1,1,1
1216,1.75932466581904,0.52446301604514,ND,2023-11-02,1,0,0,1,1,0,1,1,1,1,1,0,1,1,1,0,1,1,1,1
1217,0.834390258421125,0.57442764723519,ND,2023-11-03,1,1,1,1,0,1,1,1,1,1,1,1,1,1,0,0,1,1,1,1
1218,NA,NA,ND,2023-11-04,NA,NA,NA,NA,NA,NA,NA,NA,NA,NA,NA,NA,NA,NA,NA,NA,NA,NA,NA,NA
1219,NA,NA,NE,2023-09-24,NA,NA,NA,NA,NA,NA,NA,NA,NA,NA,NA,NA,NA,NA,NA,NA,NA,NA,NA,NA
1220,NA,NA,NE,2023-09-25,NA,NA,NA,NA,NA,NA,NA,NA,NA,NA,NA,NA,NA,NA,NA,NA,NA,NA,NA,NA
1221,NA,NA,NE,2023-09-26,NA,NA,NA,NA,NA,NA,NA,NA,NA,NA,NA,NA,NA,NA,NA,NA,NA,NA,NA,NA
1222,NA,NA,NE,2023-09-27,NA,NA,NA,NA,NA,NA,NA,NA,NA,NA,NA,NA,NA,NA,NA,NA,NA,NA,NA,NA
1223,0.735686439175214,0.527383309698335,NE,2023-09-28,1,1,1,1,0,1,1,1,1,1,1,1,0,1,0,1,1,1,1,1
1224,NA,NA,NE,2023-09-29,NA,NA,NA,NA,NA,NA,NA,NA,NA,NA,NA,NA,NA,NA,NA,NA,NA,NA,NA,NA
1225,NA,NA,NE,2023-09-30,NA,NA,NA,NA,NA,NA,NA,NA,NA,NA,NA,NA,NA,NA,NA,NA,NA,NA,NA,NA
1226,NA,NA,NE,2023-10-01,NA,NA,NA,NA,NA,NA,NA,NA,NA,NA,NA,NA,NA,NA,NA,NA,NA,NA,NA,NA
1227,NA,NA,NE,2023-10-02,NA,NA,NA,NA,NA,NA,NA,NA,NA,NA,NA,NA,NA,NA,NA,NA,NA,NA,NA,NA
1228,NA,NA,NE,2023-10-03,NA,NA,NA,NA,NA,NA,NA,NA,NA,NA,NA,NA,NA,NA,NA,NA,NA,NA,NA,NA
1229,NA,NA,NE,2023-10-04,NA,NA,NA,NA,NA,NA,NA,NA,NA,NA,NA,NA,NA,NA,NA,NA,NA,NA,NA,NA
1230,NA,NA,NE,2023-10-05,NA,NA,NA,NA,NA,NA,NA,NA,NA,NA,NA,NA,NA,NA,NA,NA,NA,NA,NA,NA
1231,NA,NA,NE,2023-10-06,NA,NA,NA,NA,NA,NA,NA,NA,NA,NA,NA,NA,NA,NA,NA,NA,NA,NA,NA,NA
1232,NA,NA,NE,2023-10-07,NA,NA,NA,NA,NA,NA,NA,NA,NA,NA,NA,NA,NA,NA,NA,NA,NA,NA,NA,NA
1233,NA,NA,NE,2023-10-08,NA,NA,NA,NA,NA,NA,NA,NA,NA,NA,NA,NA,NA,NA,NA,NA,NA,NA,NA,NA
1234,NA,NA,NE,2023-10-09,NA,NA,NA,NA,NA,NA,NA,NA,NA,NA,NA,NA,NA,NA,NA,NA,NA,NA,NA,NA
1235,NA,NA,NE,2023-10-10,NA,NA,NA,NA,NA,NA,NA,NA,NA,NA,NA,NA,NA,NA,NA,NA,NA,NA,NA,NA
1236,NA,NA,NE,2023-10-11,NA,NA,NA,NA,NA,NA,NA,NA,NA,NA,NA,NA,NA,NA,NA,NA,NA,NA,NA,NA
1237,NA,NA,NE,2023-10-12,NA,NA,NA,NA,NA,NA,NA,NA,NA,NA,NA,NA,NA,NA,NA,NA,NA,NA,NA,NA
1238,NA,NA,NE,2023-10-13,NA,NA,NA,NA,NA,NA,NA,NA,NA,NA,NA,NA,NA,NA,NA,NA,NA,NA,NA,NA
1239,NA,NA,NE,2023-10-14,NA,NA,NA,NA,NA,NA,NA,NA,NA,NA,NA,NA,NA,NA,NA,NA,NA,NA,NA,NA
1240,NA,NA,NE,2023-10-15,NA,NA,NA,NA,NA,NA,NA,NA,NA,NA,NA,NA,NA,NA,NA,NA,NA,NA,NA,NA
1241,NA,NA,NE,2023-10-16,NA,NA,NA,NA,NA,NA,NA,NA,NA,NA,NA,NA,NA,NA,NA,NA,NA,NA,NA,NA
1242,NA,NA,NE,2023-10-17,NA,NA,NA,NA,NA,NA,NA,NA,NA,NA,NA,NA,NA,NA,NA,NA,NA,NA,NA,NA
1243,NA,NA,NE,2023-10-18,NA,NA,NA,NA,NA,NA,NA,NA,NA,NA,NA,NA,NA,NA,NA,NA,NA,NA,NA,NA
1244,NA,NA,NE,2023-10-19,NA,NA,NA,NA,NA,NA,NA,NA,NA,NA,NA,NA,NA,NA,NA,NA,NA,NA,NA,NA
1245,NA,NA,NE,2023-10-20,NA,NA,NA,NA,NA,NA,NA,NA,NA,NA,NA,NA,NA,NA,NA,NA,NA,NA,NA,NA
1246,NA,NA,NE,2023-10-21,NA,NA,NA,NA,NA,NA,NA,NA,NA,NA,NA,NA,NA,NA,NA,NA,NA,NA,NA,NA
1247,NA,NA,NE,2023-10-22,NA,NA,NA,NA,NA,NA,NA,NA,NA,NA,NA,NA,NA,NA,NA,NA,NA,NA,NA,NA
1248,NA,NA,NE,2023-10-23,NA,NA,NA,NA,NA,NA,NA,NA,NA,NA,NA,NA,NA,NA,NA,NA,NA,NA,NA,NA
1249,NA,NA,NE,2023-10-24,NA,NA,NA,NA,NA,NA,NA,NA,NA,NA,NA,NA,NA,NA,NA,NA,NA,NA,NA,NA
1250,NA,NA,NE,2023-10-25,NA,NA,NA,NA,NA,NA,NA,NA,NA,NA,NA,NA,NA,NA,NA,NA,NA,NA,NA,NA
1251,NA,NA,NE,2023-10-26,NA,NA,NA,NA,NA,NA,NA,NA,NA,NA,NA,NA,NA,NA,NA,NA,NA,NA,NA,NA
1252,NA,NA,NE,2023-10-27,NA,NA,NA,NA,NA,NA,NA,NA,NA,NA,NA,NA,NA,NA,NA,NA,NA,NA,NA,NA
1253,NA,NA,NE,2023-10-28,NA,NA,NA,NA,NA,NA,NA,NA,NA,NA,NA,NA,NA,NA,NA,NA,NA,NA,NA,NA
1254,NA,NA,NE,2023-10-29,NA,NA,NA,NA,NA,NA,NA,NA,NA,NA,NA,NA,NA,NA,NA,NA,NA,NA,NA,NA
1255,NA,NA,NE,2023-10-30,NA,NA,NA,NA,NA,NA,NA,NA,NA,NA,NA,NA,NA,NA,NA,NA,NA,NA,NA,NA
1256,NA,NA,NE,2023-10-31,NA,NA,NA,NA,NA,NA,NA,NA,NA,NA,NA,NA,NA,NA,NA,NA,NA,NA,NA,NA
1257,NA,NA,NE,2023-11-01,NA,NA,NA,NA,NA,NA,NA,NA,NA,NA,NA,NA,NA,NA,NA,NA,NA,NA,NA,NA
1258,NA,NA,NE,2023-11-02,NA,NA,NA,NA,NA,NA,NA,NA,NA,NA,NA,NA,NA,NA,NA,NA,NA,NA,NA,NA
1259,NA,NA,NE,2023-11-03,NA,NA,NA,NA,NA,NA,NA,NA,NA,NA,NA,NA,NA,NA,NA,NA,NA,NA,NA,NA
1260,NA,NA,NE,2023-11-04,NA,NA,NA,NA,NA,NA,NA,NA,NA,NA,NA,NA,NA,NA,NA,NA,NA,NA,NA,NA
1261,NA,NA,NH,2023-09-24,NA,NA,NA,NA,NA,NA,NA,NA,NA,NA,NA,NA,NA,NA,NA,NA,NA,NA,NA,NA
1262,NA,NA,NH,2023-09-25,NA,NA,NA,NA,NA,NA,NA,NA,NA,NA,NA,NA,NA,NA,NA,NA,NA,NA,NA,NA
1263,NA,NA,NH,2023-09-26,NA,NA,NA,NA,NA,NA,NA,NA,NA,NA,NA,NA,NA,NA,NA,NA,NA,NA,NA,NA
1264,NA,NA,NH,2023-09-27,NA,NA,NA,NA,NA,NA,NA,NA,NA,NA,NA,NA,NA,NA,NA,NA,NA,NA,NA,NA
1265,NA,NA,NH,2023-09-28,NA,NA,NA,NA,NA,NA,NA,NA,NA,NA,NA,NA,NA,NA,NA,NA,NA,NA,NA,NA
1266,NA,NA,NH,2023-09-29,NA,NA,NA,NA,NA,NA,NA,NA,NA,NA,NA,NA,NA,NA,NA,NA,NA,NA,NA,NA
1267,NA,NA,NH,2023-09-30,NA,NA,NA,NA,NA,NA,NA,NA,NA,NA,NA,NA,NA,NA,NA,NA,NA,NA,NA,NA
1268,0.25009147783786,0.188565698635756,NH,2023-10-01,1,1,1,1,1,1,1,1,1,1,1,1,1,0,1,0,1,1,1,1
1269,NA,NA,NH,2023-10-02,NA,NA,NA,NA,NA,NA,NA,NA,NA,NA,NA,NA,NA,NA,NA,NA,NA,NA,NA,NA
1270,NA,NA,NH,2023-10-03,NA,NA,NA,NA,NA,NA,NA,NA,NA,NA,NA,NA,NA,NA,NA,NA,NA,NA,NA,NA
1271,0.571347044933723,0.414740618156115,NH,2023-10-04,1,1,0,1,1,1,1,1,1,1,1,1,0,0,1,1,1,1,1,1
1272,0.631020025354572,0.1758165140149845,NH,2023-10-05,1,1,1,1,1,0,1,1,1,1,1,1,1,1,1,1,1,1,1,1
1273,NA,NA,NH,2023-10-06,NA,NA,NA,NA,NA,NA,NA,NA,NA,NA,NA,NA,NA,NA,NA,NA,NA,NA,NA,NA
1274,NA,NA,NH,2023-10-07,NA,NA,NA,NA,NA,NA,NA,NA,NA,NA,NA,NA,NA,NA,NA,NA,NA,NA,NA,NA
1275,NA,NA,NH,2023-10-08,NA,NA,NA,NA,NA,NA,NA,NA,NA,NA,NA,NA,NA,NA,NA,NA,NA,NA,NA,NA
1276,NA,NA,NH,2023-10-09,NA,NA,NA,NA,NA,NA,NA,NA,NA,NA,NA,NA,NA,NA,NA,NA,NA,NA,NA,NA
1277,0.232203868290259,0.1608279982141135,NH,2023-10-10,1,1,1,1,1,1,1,1,1,1,1,1,1,1,1,1,1,1,1,1
1278,0.210816843869823,0.1579651067055775,NH,2023-10-11,1,1,1,1,1,1,1,1,1,1,1,1,0,1,1,0,1,1,1,1
1279,NA,NA,NH,2023-10-12,NA,NA,NA,NA,NA,NA,NA,NA,NA,NA,NA,NA,NA,NA,NA,NA,NA,NA,NA,NA
1280,NA,NA,NH,2023-10-13,NA,NA,NA,NA,NA,NA,NA,NA,NA,NA,NA,NA,NA,NA,NA,NA,NA,NA,NA,NA
1281,0.208843280558604,0.1496598652012735,NH,2023-10-14,1,1,1,1,1,1,1,1,1,1,1,0,1,1,1,0,1,1,1,1
1282,NA,NA,NH,2023-10-15,NA,NA,NA,NA,NA,NA,NA,NA,NA,NA,NA,NA,NA,NA,NA,NA,NA,NA,NA,NA
1283,NA,NA,NH,2023-10-16,NA,NA,NA,NA,NA,NA,NA,NA,NA,NA,NA,NA,NA,NA,NA,NA,NA,NA,NA,NA
1284,NA,NA,NH,2023-10-17,NA,NA,NA,NA,NA,NA,NA,NA,NA,NA,NA,NA,NA,NA,NA,NA,NA,NA,NA,NA
1285,0.700352850617964,0.4662902135376525,NH,2023-10-18,1,1,0,1,1,1,1,1,1,1,1,1,0,1,1,0,1,1,1,1
1286,NA,NA,NH,2023-10-19,NA,NA,NA,NA,NA,NA,NA,NA,NA,NA,NA,NA,NA,NA,NA,NA,NA,NA,NA,NA
1287,NA,NA,NH,2023-10-20,NA,NA,NA,NA,NA,NA,NA,NA,NA,NA,NA,NA,NA,NA,NA,NA,NA,NA,NA,NA
1288,NA,NA,NH,2023-10-21,NA,NA,NA,NA,NA,NA,NA,NA,NA,NA,NA,NA,NA,NA,NA,NA,NA,NA,NA,NA
1289,NA,NA,NH,2023-10-22,NA,NA,NA,NA,NA,NA,NA,NA,NA,NA,NA,NA,NA,NA,NA,NA,NA,NA,NA,NA
1290,NA,NA,NH,2023-10-23,NA,NA,NA,NA,NA,NA,NA,NA,NA,NA,NA,NA,NA,NA,NA,NA,NA,NA,NA,NA
1291,NA,NA,NH,2023-10-24,NA,NA,NA,NA,NA,NA,NA,NA,NA,NA,NA,NA,NA,NA,NA,NA,NA,NA,NA,NA
1292,NA,NA,NH,2023-10-25,NA,NA,NA,NA,NA,NA,NA,NA,NA,NA,NA,NA,NA,NA,NA,NA,NA,NA,NA,NA
1293,NA,NA,NH,2023-10-26,NA,NA,NA,NA,NA,NA,NA,NA,NA,NA,NA,NA,NA,NA,NA,NA,NA,NA,NA,NA
1294,NA,NA,NH,2023-10-27,NA,NA,NA,NA,NA,NA,NA,NA,NA,NA,NA,NA,NA,NA,NA,NA,NA,NA,NA,NA
1295,NA,NA,NH,2023-10-28,NA,NA,NA,NA,NA,NA,NA,NA,NA,NA,NA,NA,NA,NA,NA,NA,NA,NA,NA,NA
1296,NA,NA,NH,2023-10-29,NA,NA,NA,NA,NA,NA,NA,NA,NA,NA,NA,NA,NA,NA,NA,NA,NA,NA,NA,NA
1297,0.952254776526352,0.67450734232668,NH,2023-10-30,1,0,1,1,1,1,1,1,1,1,1,0,1,1,1,0,1,1,1,1
1298,NA,NA,NH,2023-10-31,NA,NA,NA,NA,NA,NA,NA,NA,NA,NA,NA,NA,NA,NA,NA,NA,NA,NA,NA,NA
1299,0.15982743045962,0.109646586909443,NH,2023-11-01,1,1,1,1,1,1,1,1,1,1,1,1,1,1,1,1,1,1,1,1
1300,NA,NA,NH,2023-11-02,NA,NA,NA,NA,NA,NA,NA,NA,NA,NA,NA,NA,NA,NA,NA,NA,NA,NA,NA,NA
1301,NA,NA,NH,2023-11-03,NA,NA,NA,NA,NA,NA,NA,NA,NA,NA,NA,NA,NA,NA,NA,NA,NA,NA,NA,NA
1302,NA,NA,NH,2023-11-04,NA,NA,NA,NA,NA,NA,NA,NA,NA,NA,NA,NA,NA,NA,NA,NA,NA,NA,NA,NA
1303,2.31986770308169,0.4126225957888155,NJ,2023-09-24,1,0,1,0,1,1,1,1,1,1,1,0,1,0,1,0,1,0,0,1
1304,2.6642540589082,0.4316893935175835,NJ,2023-09-25,0,1,1,1,1,1,1,0,1,1,0,0,0,0,1,0,1,0,1,1
1305,1.92395683427458,0.358374469451477,NJ,2023-09-26,1,1,1,1,1,1,0,1,1,1,0,1,0,0,0,0,0,0,1,1
1306,2.74359268903425,0.3519077371496475,NJ,2023-09-27,1,1,0,1,1,0,0,1,1,1,0,0,0,0,0,0,0,1,1,1
1307,1.8391687503858,0.3446895375735285,NJ,2023-09-28,1,1,1,1,1,1,1,0,1,1,0,1,1,0,0,0,1,0,1,0
1308,2.31702764892158,0.342642981731838,NJ,2023-09-29,1,1,0,1,0,0,1,1,1,1,1,0,1,1,0,0,1,1,0,1
1309,1.27877142304337,0.34283079952057,NJ,2023-09-30,1,1,1,1,1,1,0,1,1,1,1,1,0,0,1,0,0,1,0,1
1310,2.20049299253302,0.4886936161470215,NJ,2023-10-01,0,0,1,1,1,0,1,1,1,1,0,0,0,0,0,0,1,1,1,1
1311,3.27899274964763,0.381478608155092,NJ,2023-10-02,1,1,1,0,1,1,1,1,0,0,0,1,0,1,0,0,1,0,0,0
1312,1.13701601566927,0.3704380906041775,NJ,2023-10-03,1,1,1,1,1,1,1,1,1,1,1,0,0,0,1,0,1,1,0,1
1313,1.76682575980691,0.3601654027376795,NJ,2023-10-04,1,1,1,1,1,1,1,0,1,1,1,1,0,0,1,0,1,0,1,1
1314,1.49419329206893,0.299819219247598,NJ,2023-10-05,1,1,1,1,1,0,1,1,1,1,1,1,0,0,1,0,1,1,0,1
1315,2.1480866034556,0.3916975748758505,NJ,2023-10-06,1,1,1,0,1,1,1,1,0,1,1,1,0,0,0,0,1,1,0,1
1316,2.05187905710483,0.220260655831416,NJ,2023-10-07,1,1,1,1,1,0,1,1,1,1,1,1,0,0,1,0,1,0,1,1
1317,0.820991395506972,0.343806271170016,NJ,2023-10-08,1,1,1,1,1,1,1,1,1,1,1,1,0,0,0,0,1,1,1,1
1318,2.50330022214649,0.3572183613703335,NJ,2023-10-09,1,0,1,1,1,1,0,1,1,1,1,0,1,0,0,1,0,1,0,1
1319,3.33401893192584,0.393502490633664,NJ,2023-10-10,1,1,0,1,1,1,1,1,1,1,0,0,0,0,0,0,1,0,1,1
1320,3.30858521636211,0.404588323916704,NJ,2023-10-11,1,0,0,1,1,1,0,0,1,1,1,0,0,0,1,0,0,0,0,1
1321,1.80597356509454,0.352636564259367,NJ,2023-10-12,1,1,1,0,1,1,0,1,0,1,1,1,1,1,0,0,0,1,1,1
1322,1.47535783711434,0.306628300930987,NJ,2023-10-13,1,1,1,1,1,1,1,1,1,0,1,1,1,0,1,0,1,1,0,0
1323,1.51486853292751,0.4767075701124285,NJ,2023-10-14,1,1,1,0,1,0,1,1,0,1,1,1,0,0,0,0,1,1,0,1
1324,NA,NA,NJ,2023-10-15,NA,NA,NA,NA,NA,NA,NA,NA,NA,NA,NA,NA,NA,NA,NA,NA,NA,NA,NA,NA
1325,3.1402793374171,0.4633911472073225,NJ,2023-10-16,1,0,1,1,1,0,1,1,1,0,1,0,0,0,0,0,1,0,0,0
1326,1.13362649694756,0.2995811127659035,NJ,2023-10-17,1,1,1,1,1,1,1,1,1,1,1,1,1,0,1,1,1,0,0,1
1327,2.75749832679289,0.352708134193255,NJ,2023-10-18,0,1,0,0,1,1,1,1,0,1,0,0,0,0,0,0,1,0,0,1
1328,1.40010982596717,0.2986286221331845,NJ,2023-10-19,1,1,1,1,1,1,1,1,1,1,1,1,1,0,1,1,1,1,0,1
1329,1.26466038144942,0.266970030119587,NJ,2023-10-20,1,1,1,1,0,0,1,1,1,1,1,1,1,0,0,0,1,1,0,1
1330,1.03290154602115,0.3306773270365025,NJ,2023-10-21,1,1,1,1,0,1,1,1,1,1,1,1,0,1,1,0,1,0,0,1
1331,1.38774659264387,0.542361538972735,NJ,2023-10-22,1,1,1,1,1,0,1,0,1,1,1,1,1,0,1,0,1,0,1,1
1332,4.38798454344234,0.4354548484311255,NJ,2023-10-23,1,1,0,0,1,0,0,1,1,0,0,0,0,0,0,0,0,0,0,0
1333,3.28254754735427,0.4197479319292815,NJ,2023-10-24,1,0,0,1,0,0,0,1,0,1,1,0,0,0,0,0,0,1,0,1
1334,1.02164945568395,0.283774130720417,NJ,2023-10-25,1,1,1,1,1,1,1,1,1,1,0,1,1,1,1,0,1,1,1,1
1335,1.69846337857085,0.393889053192835,NJ,2023-10-26,1,1,1,1,0,1,1,1,1,0,1,1,0,0,0,0,1,1,0,0
1336,2.67065587903804,0.3082212769880855,NJ,2023-10-27,0,1,1,0,1,0,0,1,1,1,0,1,0,0,1,0,0,1,0,1
1337,1.04428195606531,0.381782636163211,NJ,2023-10-28,1,0,1,1,1,1,1,1,1,1,1,0,0,0,1,0,1,1,0,1
1338,0.975872333652579,0.3128803721083165,NJ,2023-10-29,1,1,1,0,1,1,1,1,1,1,1,1,1,0,1,1,1,1,0,1
1339,2.66695922211661,0.3850503464822375,NJ,2023-10-30,1,1,0,1,1,1,1,1,1,0,1,1,0,1,0,0,1,0,0,0
1340,2.17864293523121,0.3105907280285705,NJ,2023-10-31,1,1,1,0,1,1,1,1,0,1,1,1,0,0,1,0,0,0,0,1
1341,2.88575877164964,0.4126208148679725,NJ,2023-11-01,1,0,1,1,1,0,1,1,1,0,1,0,0,0,1,0,1,1,0,0
1342,1.95888427583478,0.3554319614057255,NJ,2023-11-02,1,0,1,1,1,1,1,1,1,0,0,0,1,0,1,0,1,1,0,0
1343,0.790948485860968,0.235646833239892,NJ,2023-11-03,1,1,1,1,1,1,1,1,1,1,1,1,1,0,1,1,1,1,0,1
1344,1.40205049677531,0.251710464202051,NJ,2023-11-04,1,0,1,1,1,0,1,1,1,1,1,1,1,1,1,0,1,1,0,1
1345,0.32190883475823,0.2449922167986175,NM,2023-09-24,1,1,1,1,1,1,1,1,1,1,1,1,1,1,1,1,1,1,1,1
1346,2.38585309182452,0.395505320118773,NM,2023-09-25,1,1,1,1,1,1,0,1,1,1,0,1,0,1,0,0,0,1,0,0
1347,2.47686893001948,0.3959566022542435,NM,2023-09-26,1,1,0,1,1,0,1,1,1,1,1,1,0,1,0,0,1,1,1,1
1348,2.89433440426169,0.445076819225152,NM,2023-09-27,0,1,1,1,1,0,1,1,1,1,0,0,1,0,0,0,1,0,1,1
1349,1.94054884014861,0.4221114497630365,NM,2023-09-28,0,1,0,1,1,0,1,1,1,1,0,1,0,0,1,0,1,1,1,1
1350,1.60749722899107,0.434813249472038,NM,2023-09-29,1,1,1,0,1,0,1,1,0,1,1,1,0,0,1,0,1,1,0,1
1351,1.31277232100866,0.425031012647969,NM,2023-09-30,1,1,0,1,1,0,1,1,1,1,0,1,0,0,1,0,1,1,1,1
1352,1.90326164374459,0.364491517905522,NM,2023-10-01,1,0,0,1,1,1,1,1,1,1,1,0,0,0,1,0,1,1,1,1
1353,2.65207853709183,0.436876945541097,NM,2023-10-02,0,0,0,1,1,0,1,1,1,1,0,0,0,0,1,0,1,1,0,1
1354,2.15141275938444,0.3579674252188935,NM,2023-10-03,0,1,0,1,1,1,1,1,1,1,0,0,0,0,0,0,1,0,1,1
1355,3.93389353112584,0.3083046165760755,NM,2023-10-04,1,1,1,0,1,0,1,1,1,1,1,1,1,0,0,0,1,1,1,1
1356,5.65016054292903,0.3912125166993225,NM,2023-10-05,0,1,0,1,1,0,1,1,1,1,1,1,0,0,0,0,1,0,1,1
1357,3.51138616220415,0.4021553954961545,NM,2023-10-06,1,1,0,1,1,0,1,1,1,1,0,1,0,0,0,0,1,0,0,1
1358,1.4738179861662,0.352111920461181,NM,2023-10-07,1,1,0,1,1,1,1,1,1,1,0,1,0,1,0,0,1,0,1,1
1359,3.7198959335343,0.394613242060423,NM,2023-10-08,0,1,0,1,1,0,1,1,1,1,0,0,0,0,0,0,1,0,1,1
1360,5.24936007413938,0.350997505257459,NM,2023-10-09,1,1,0,1,1,1,1,1,1,1,0,0,0,0,0,0,1,1,1,1
1361,2.24396930505699,0.3839035597169255,NM,2023-10-10,1,1,0,1,1,1,1,1,1,0,0,0,0,0,0,0,1,0,1,0
1362,5.59154508371963,0.3898905186650975,NM,2023-10-11,1,0,0,1,0,0,1,1,1,1,0,0,0,0,0,0,1,0,1,1
1363,1.61837111949546,0.378629771585079,NM,2023-10-12,1,0,1,1,1,1,1,1,1,1,0,0,1,0,1,0,1,1,0,1
1364,3.88465644654066,0.3841331087834025,NM,2023-10-13,1,1,0,0,1,0,1,1,1,1,1,0,0,0,0,0,1,1,1,1
1365,1.2826801768129,0.4623972303420925,NM,2023-10-14,1,1,1,1,1,1,1,0,1,1,1,0,1,0,0,0,1,0,1,1
1366,1.61176134812319,0.377294572195798,NM,2023-10-15,1,1,1,1,1,1,1,1,1,1,0,0,0,0,0,0,1,0,0,1
1367,1.45686503054373,0.312306583736947,NM,2023-10-16,1,1,1,1,1,1,1,1,1,1,0,1,0,0,0,0,1,0,0,1
1368,1.69707862251057,0.368431761980002,NM,2023-10-17,1,0,1,1,1,1,1,1,1,0,0,0,1,1,0,0,1,1,1,0
1369,3.63344078441861,0.435583756216647,NM,2023-10-18,1,0,1,1,1,0,1,1,1,0,0,0,0,0,0,0,1,1,0,0
1370,2.87344892575382,0.3525269960232135,NM,2023-10-19,1,1,0,1,1,1,1,1,1,1,1,0,0,0,0,0,1,1,1,1
1371,1.34540727899691,0.3780259390539625,NM,2023-10-20,1,0,1,1,1,1,1,1,1,1,1,0,0,1,0,1,1,1,0,1
1372,2.33158782282924,0.2925572779972575,NM,2023-10-21,1,0,0,1,1,0,1,1,1,1,0,0,0,1,0,0,1,1,0,1
1373,1.37043838139118,0.268459622310065,NM,2023-10-22,1,1,1,1,1,0,1,1,1,0,0,0,0,1,0,0,1,1,1,0
1374,3.24488872396456,0.313251487125177,NM,2023-10-23,1,1,0,0,1,1,1,0,1,1,1,0,0,0,1,0,1,0,1,1
1375,1.95169924552944,0.293668592356107,NM,2023-10-24,1,1,1,1,1,1,1,1,1,1,0,0,0,0,1,0,1,0,1,1
1376,2.11854206358067,0.3469783905387,NM,2023-10-25,1,1,1,0,1,1,1,1,1,1,1,0,0,0,0,0,0,0,0,1
1377,1.51764780245173,0.3283626807815255,NM,2023-10-26,1,1,1,1,1,1,1,1,1,1,0,1,0,1,0,0,1,0,1,1
1378,4.39789557440181,0.3926979892865635,NM,2023-10-27,1,1,0,1,1,0,1,1,1,1,1,1,0,0,1,0,1,0,1,1
1379,0.929989457114287,0.3679922882084535,NM,2023-10-28,1,1,1,1,1,1,1,1,0,1,1,1,0,0,1,0,1,1,0,1
1380,2.62721841162855,0.3578744279632985,NM,2023-10-29,1,1,0,1,1,1,1,1,1,1,1,0,0,1,1,1,1,1,0,1
1381,3.42122804524631,0.301318035650282,NM,2023-10-30,1,1,1,0,1,1,1,1,1,1,0,1,0,0,1,0,1,1,1,1
1382,5.94290875873419,0.4368424126266515,NM,2023-10-31,1,0,0,1,1,0,1,1,1,1,0,0,0,0,0,0,1,1,0,1
1383,3.14549473172783,0.278449573645639,NM,2023-11-01,1,0,0,0,1,1,1,1,1,1,1,1,0,0,0,0,1,1,0,1
1384,2.12756163028169,0.323268119572481,NM,2023-11-02,1,0,0,1,1,1,1,1,1,1,1,0,0,0,0,0,1,1,0,1
1385,1.36920923434769,0.339043958314733,NM,2023-11-03,1,0,1,1,1,1,1,1,1,1,0,0,0,0,1,0,1,0,0,1
1386,2.15212220441706,0.396955903367028,NM,2023-11-04,1,0,1,0,1,1,1,1,1,1,1,0,1,0,0,0,0,0,1,1
1387,0.837516490722619,0.581792598925525,NV,2023-09-24,0,1,1,1,1,1,1,1,1,1,0,1,1,1,1,0,1,1,1,1
1388,0.938732978267489,0.3334006072247875,NV,2023-09-25,1,1,1,1,0,1,1,1,1,1,0,1,0,0,0,0,1,1,1,1
1389,1.64866156063149,0.317418195596308,NV,2023-09-26,1,1,1,1,1,0,0,1,1,1,0,1,1,0,1,0,0,1,1,1
1390,1.24266597401859,0.3987693040099475,NV,2023-09-27,1,1,1,0,1,1,1,1,1,1,1,0,0,1,1,0,1,1,1,0
1391,1.25619858669861,0.371307946466411,NV,2023-09-28,1,1,1,1,1,1,1,1,1,1,1,0,0,0,0,0,1,1,1,0
1392,1.21197666143132,0.2936590151506965,NV,2023-09-29,1,1,0,1,1,1,1,1,1,1,1,0,0,1,0,0,1,0,1,1
1393,0.713011323658761,0.3406850769579195,NV,2023-09-30,1,1,1,1,0,1,1,1,1,1,0,0,1,1,0,0,1,1,1,1
1394,NA,NA,NV,2023-10-01,NA,NA,NA,NA,NA,NA,NA,NA,NA,NA,NA,NA,NA,NA,NA,NA,NA,NA,NA,NA
1395,1.61735819276552,0.2265042829013175,NV,2023-10-02,1,1,1,1,1,0,1,1,1,1,1,0,0,0,1,0,1,1,1,1
1396,2.35059774629826,0.458195475512243,NV,2023-10-03,1,0,1,0,1,0,1,1,1,1,1,0,0,0,1,1,1,1,0,1
1397,1.19629136783206,0.572223235486255,NV,2023-10-04,0,1,1,0,1,1,1,1,1,1,0,1,0,0,1,0,1,1,1,1
1398,0.893319687913354,0.38702191359102,NV,2023-10-05,1,1,1,1,1,1,1,0,1,1,1,1,0,0,0,1,1,0,1,1
1399,1.03697903385391,0.4453387897036265,NV,2023-10-06,1,0,1,1,1,1,1,1,1,1,1,0,0,0,1,1,1,1,0,1
1400,0.865166246688268,0.610037570704795,NV,2023-10-07,1,0,1,1,1,1,1,1,1,1,1,0,1,1,1,0,1,1,1,1
1401,0.78840994700699,0.553760959158145,NV,2023-10-08,1,1,1,0,1,1,1,1,1,1,1,1,1,0,1,1,1,1,1,0
1402,1.08643416909928,0.392328180425579,NV,2023-10-09,1,0,1,1,1,1,1,1,1,1,1,0,0,1,0,0,1,1,1,1
1403,1.87120990751475,0.3377852780494565,NV,2023-10-10,1,1,0,1,1,1,1,1,1,1,1,1,0,1,0,0,1,1,0,1
1404,1.01223560126422,0.3323058499715445,NV,2023-10-11,1,1,1,1,1,1,0,1,1,1,1,1,0,0,1,1,0,1,1,1
1405,0.886685726686176,0.3141996663325645,NV,2023-10-12,0,1,1,1,1,1,1,1,1,1,0,1,1,1,1,0,1,1,0,1
1406,1.43439644839402,0.494868290347728,NV,2023-10-13,0,1,1,1,0,1,1,1,0,1,0,1,0,0,1,1,1,1,0,1
1407,NA,NA,NV,2023-10-14,NA,NA,NA,NA,NA,NA,NA,NA,NA,NA,NA,NA,NA,NA,NA,NA,NA,NA,NA,NA
1408,1.42722205396259,0.54918390476847,NV,2023-10-15,1,1,1,0,1,0,1,0,1,1,1,1,1,0,1,0,1,1,1,1
1409,1.0731605049656,0.3284275520160475,NV,2023-10-16,1,1,1,1,0,1,1,1,1,1,1,1,0,0,0,0,1,0,1,1
1410,1.10797263476935,0.271309892507343,NV,2023-10-17,1,1,1,1,1,1,1,0,1,1,0,1,1,0,1,0,1,0,1,1
1411,0.928538487487835,0.209196696399361,NV,2023-10-18,1,1,1,1,1,0,1,1,1,1,1,1,1,1,1,0,1,0,1,1
1412,0.842714998278343,0.582793533306065,NV,2023-10-19,1,1,1,0,1,1,1,1,1,1,1,1,1,0,1,0,1,1,1,1
1413,NA,NA,NV,2023-10-20,NA,NA,NA,NA,NA,NA,NA,NA,NA,NA,NA,NA,NA,NA,NA,NA,NA,NA,NA,NA
1414,0.544343626441439,0.141519674168119,NV,2023-10-21,1,1,1,1,1,1,1,1,1,1,1,1,0,1,1,0,1,1,1,1
1415,0.54188789071584,0.1395876096334435,NV,2023-10-22,1,1,1,1,1,1,1,1,1,1,1,1,0,1,1,0,1,1,1,1
1416,1.2923597981644,0.396698758967229,NV,2023-10-23,0,1,1,1,1,1,1,1,1,1,0,1,1,1,1,0,1,1,1,1
1417,0.897332053342931,0.62563920012284,NV,2023-10-24,1,1,1,1,0,1,1,1,1,1,1,1,1,1,0,0,1,1,1,1
1418,0.706971469034112,0.3559883465495625,NV,2023-10-25,1,1,1,1,1,1,1,1,0,1,1,0,1,0,1,0,1,1,0,1
1419,1.21746208920764,0.4671708062707695,NV,2023-10-26,1,0,1,1,1,1,1,1,1,1,0,0,0,0,1,1,1,1,1,1
1420,1.62831465118777,0.475925486509328,NV,2023-10-27,1,1,1,1,1,1,1,0,1,1,1,0,1,1,1,0,1,0,1,1
1421,1.33286926928058,0.627069197983475,NV,2023-10-28,1,1,1,0,1,0,1,0,1,1,1,1,1,1,1,1,1,0,1,0
1422,NA,NA,NV,2023-10-29,NA,NA,NA,NA,NA,NA,NA,NA,NA,NA,NA,NA,NA,NA,NA,NA,NA,NA,NA,NA
1423,0.874493579116217,0.60919169525485,NV,2023-10-30,1,1,1,0,1,1,1,1,1,1,1,1,1,0,1,1,1,1,0,1
1424,0.881560668013004,0.3858360416898215,NV,2023-10-31,1,1,1,1,1,1,1,1,1,1,1,1,1,0,1,1,1,1,0,1
1425,0.823254496539744,0.396808460815732,NV,2023-11-01,1,1,1,1,1,1,0,1,1,1,1,1,0,1,1,1,0,1,1,1
1426,1.47205421830583,0.51084420583032,NV,2023-11-02,1,1,0,1,1,0,1,1,1,1,1,1,0,1,1,0,1,0,1,1
1427,2.12345343922969,0.630478269945235,NV,2023-11-03,1,1,1,0,1,0,1,0,1,1,0,1,0,0,1,0,1,0,1,1
1428,1.30099198558901,0.4795217464463755,NV,2023-11-04,1,1,1,0,1,0,1,0,1,1,1,1,0,0,1,0,1,0,1,1
1429,6.47334510944856,0.3859795674616755,NY,2023-09-24,1,0,1,1,1,1,0,1,1,1,0,0,0,0,0,0,0,0,0,0
1430,12.4466078699856,0.3676690348330545,NY,2023-09-25,1,1,0,1,1,0,1,1,1,0,0,1,0,0,0,0,0,0,0,0
1431,9.21781606927618,0.3857979836901035,NY,2023-09-26,1,1,1,0,1,1,1,1,1,1,0,0,0,0,0,0,0,0,0,0
1432,9.55281885826315,0.3919899926631955,NY,2023-09-27,1,1,0,1,1,0,0,0,0,1,0,0,0,0,1,0,0,0,0,0
1433,10.5241436643015,0.3848358459953665,NY,2023-09-28,1,0,0,0,1,0,1,1,1,1,0,0,0,0,0,0,0,0,0,0
1434,8.2138460756389,0.398254194361371,NY,2023-09-29,1,1,0,1,1,0,1,0,1,0,1,0,0,0,0,0,0,0,1,0
1435,4.87034014666226,0.398360854574661,NY,2023-09-30,1,0,1,1,1,0,1,1,1,1,0,0,0,0,1,1,0,0,0,0
1436,5.02271800692227,0.3733152450299855,NY,2023-10-01,1,1,1,0,1,1,1,1,1,0,0,0,0,0,1,0,0,1,0,0
1437,10.2287125940671,0.395342568343753,NY,2023-10-02,1,1,0,1,1,0,0,1,1,0,0,0,0,0,0,0,0,0,0,0
1438,7.49724150547645,0.367700917087908,NY,2023-10-03,1,1,0,0,1,1,1,1,1,1,0,0,0,0,0,0,1,0,0,1
1439,6.16404176788961,0.3815441981751065,NY,2023-10-04,0,0,1,1,1,1,1,1,1,0,0,0,0,0,0,0,0,0,1,0
1440,8.29802507743469,0.3837941794835655,NY,2023-10-05,1,0,1,0,1,1,0,1,1,1,0,0,0,0,0,0,0,0,0,0
1441,3.66958529956001,0.3762758912607845,NY,2023-10-06,1,0,1,1,1,1,1,1,1,1,0,0,0,0,0,0,0,0,0,1
1442,7.23706057827369,0.3315626645627625,NY,2023-10-07,1,1,0,0,1,0,1,1,1,0,0,0,0,0,0,0,1,0,0,0
1443,2.85459800668137,0.3561406483646595,NY,2023-10-08,1,1,1,1,1,1,1,1,1,1,1,0,0,0,0,0,1,0,0,1
1444,12.4200360284401,0.347256217291264,NY,2023-10-09,1,1,0,0,1,0,1,1,1,0,0,0,0,0,0,0,1,0,0,0
1445,8.1779772572077,0.3814386855413005,NY,2023-10-10,1,0,1,0,1,1,0,1,0,0,0,0,0,0,1,0,0,0,0,0
1446,6.91614587295793,0.3578643730558865,NY,2023-10-11,1,0,1,0,1,1,1,0,0,1,0,0,0,0,0,0,0,0,0,0
1447,6.25488663805449,0.330006147256423,NY,2023-10-12,1,0,0,0,1,0,1,1,1,1,0,1,0,0,0,0,0,0,1,1
1448,6.36043304088353,0.364083160739192,NY,2023-10-13,1,1,1,0,1,1,1,1,0,1,0,0,0,0,0,0,0,0,0,0
1449,3.66716411853069,0.3950677633383495,NY,2023-10-14,0,1,0,1,1,1,1,1,0,1,0,0,0,0,0,0,0,0,0,1
1450,3.41319785559467,0.337304462332467,NY,2023-10-15,1,1,1,1,1,0,0,1,1,1,0,0,1,0,0,0,0,1,0,1
1451,4.79992927209026,0.373239458285262,NY,2023-10-16,1,0,1,1,1,1,1,1,1,0,1,1,1,0,0,0,1,0,0,0
1452,4.76430041180253,0.3475562281767985,NY,2023-10-17,1,1,1,1,1,1,1,0,1,0,0,0,0,0,0,0,1,0,0,0
1453,4.87659624174821,0.344688283631326,NY,2023-10-18,1,1,1,1,1,1,1,1,1,0,0,0,0,0,0,0,0,0,0,0
1454,5.46316314349192,0.3465862204579115,NY,2023-10-19,1,1,0,0,1,1,1,1,0,1,0,1,0,0,0,0,0,1,0,1
1455,4.54037484884522,0.3318087408401085,NY,2023-10-20,0,1,1,0,1,0,1,1,1,1,0,0,0,0,0,0,0,0,0,1
1456,3.97911428216822,0.354221460041985,NY,2023-10-21,1,0,0,1,0,1,1,1,1,1,1,1,0,0,0,0,0,0,0,1
1457,2.91756856760967,0.3589519993910365,NY,2023-10-22,1,0,1,1,1,1,1,1,0,0,1,0,0,0,0,0,1,0,0,0
1458,5.07845726778383,0.342019807843806,NY,2023-10-23,1,0,1,1,1,1,1,1,0,0,0,0,0,0,0,0,1,0,0,0
1459,6.71639559010109,0.395011838700758,NY,2023-10-24,1,1,1,1,1,1,0,1,1,0,0,0,1,0,0,0,0,0,0,0
1460,7.92675178689981,0.402649991720212,NY,2023-10-25,1,0,1,1,0,0,0,0,0,0,1,0,0,0,0,0,0,0,0,1
1461,5.94962288351004,0.3747679950290085,NY,2023-10-26,1,0,0,1,1,1,1,1,1,0,0,0,0,0,0,0,0,0,1,0
1462,4.07126973425629,0.3592932921550035,NY,2023-10-27,1,0,1,1,1,1,1,1,1,0,0,0,0,0,0,0,1,0,1,0
1463,7.60015454176349,0.3923842376842265,NY,2023-10-28,1,0,1,0,1,1,1,0,0,0,0,0,0,1,1,0,1,0,0,0
1464,3.11240988562729,0.355100675576674,NY,2023-10-29,1,0,0,1,1,1,1,1,1,0,0,0,0,0,1,0,1,1,0,0
1465,10.98786516209,0.3511145036914155,NY,2023-10-30,1,0,1,0,1,0,1,1,0,0,0,0,0,0,1,0,0,0,1,0
1466,8.10822867128126,0.3820280369472335,NY,2023-10-31,0,0,1,0,0,1,1,1,0,1,0,0,0,0,0,0,0,0,0,1
1467,5.52114032511132,0.397015322191599,NY,2023-11-01,1,0,1,1,1,1,1,1,0,0,0,0,0,1,1,0,0,0,0,0
1468,4.15979721611096,0.3846092974798965,NY,2023-11-02,0,1,1,0,1,1,0,1,1,0,0,1,0,0,0,0,1,0,0,0
1469,4.94523793970772,0.363682279660839,NY,2023-11-03,1,0,0,0,1,1,1,1,1,0,0,0,0,0,1,0,1,1,0,1
1470,7.47451598570957,0.387426880727257,NY,2023-11-04,1,0,0,1,0,1,1,0,0,0,0,0,0,0,0,0,0,0,0,0
1471,NA,NA,OH,2023-09-24,NA,NA,NA,NA,NA,NA,NA,NA,NA,NA,NA,NA,NA,NA,NA,NA,NA,NA,NA,NA
1472,1.15006211808024,0.411452926638144,OH,2023-09-25,1,0,1,1,1,1,1,1,0,1,1,1,0,0,0,0,1,1,0,1
1473,1.01697589545727,0.3661045006450115,OH,2023-09-26,1,1,1,1,1,1,1,0,1,1,1,1,1,0,0,0,1,0,1,1
1474,1.79398751397709,0.3424680280916915,OH,2023-09-27,1,0,0,1,1,1,1,1,1,1,1,1,0,0,1,0,1,1,1,0
1475,0.768832302249822,0.335811370436917,OH,2023-09-28,1,1,1,1,1,1,1,1,1,1,1,1,0,0,1,0,1,0,1,1
1476,0.71250358983509,0.505246428317685,OH,2023-09-29,1,1,1,0,1,1,1,1,1,1,1,1,0,0,1,1,1,1,1,1
1477,0.812538891266619,0.579362358883195,OH,2023-09-30,0,1,1,1,1,1,1,1,1,1,0,1,1,1,1,0,1,1,1,1
1478,1.8740228213653,0.299242446852349,OH,2023-10-01,1,1,0,1,1,1,1,1,1,1,1,1,0,0,1,0,1,1,1,1
1479,0.386278207560891,0.276914026516502,OH,2023-10-02,1,1,1,1,1,1,1,1,1,1,1,1,1,1,1,1,1,1,1,1
1480,0.825337170198935,0.4294853594791555,OH,2023-10-03,1,0,1,1,1,1,1,1,1,1,1,0,1,1,1,1,1,1,1,0
1481,1.53329695159474,0.349909724890381,OH,2023-10-04,1,0,1,1,1,0,1,1,1,1,1,0,1,1,0,1,1,1,1,1
1482,0.846087300710032,0.4266628173652015,OH,2023-10-05,0,1,1,1,1,1,1,1,1,1,0,1,1,0,1,0,1,1,1,1
1483,1.10789321534239,0.4743125751174175,OH,2023-10-06,1,1,1,1,1,1,1,0,1,1,1,1,1,1,1,0,1,0,1,1
1484,0.460136133070145,0.3158402104973795,OH,2023-10-07,1,1,1,1,1,1,1,1,1,1,1,1,1,1,1,1,1,1,1,1
1485,0.833293854583223,0.4281483552573055,OH,2023-10-08,1,1,1,1,1,1,1,1,0,1,1,1,0,0,1,0,1,1,0,1
1486,1.25329610020762,0.38242941155563,OH,2023-10-09,1,1,1,0,1,1,1,1,1,1,0,1,0,0,0,0,1,1,1,1
1487,1.22387705782546,0.345042445385429,OH,2023-10-10,1,0,0,1,1,1,1,1,1,1,1,0,1,0,1,1,1,1,1,1
1488,0.94666087090714,0.458450726205438,OH,2023-10-11,0,1,1,1,1,1,1,1,1,1,0,1,1,1,1,0,1,1,1,1
1489,0.33131812082144,0.247945775671422,OH,2023-10-12,1,1,1,1,1,1,1,1,1,1,0,1,1,1,1,0,1,1,1,1
1490,1.34698641089253,0.4929374109762665,OH,2023-10-13,1,0,1,1,1,1,1,0,1,1,1,0,0,0,1,1,1,0,0,1
1491,0.963001413967486,0.466835310876543,OH,2023-10-14,1,0,1,1,1,1,1,1,1,1,1,0,0,1,1,0,1,1,1,1
1492,NA,NA,OH,2023-10-15,NA,NA,NA,NA,NA,NA,NA,NA,NA,NA,NA,NA,NA,NA,NA,NA,NA,NA,NA,NA
1493,1.30429608633778,0.2370082069548625,OH,2023-10-16,1,1,1,1,1,0,1,1,1,1,1,1,1,0,1,0,1,1,1,1
1494,1.04007557147607,0.4013722954736725,OH,2023-10-17,0,1,1,1,1,1,1,0,1,1,0,1,0,1,1,0,1,0,1,1
1495,0.805012112129083,0.4163017965790025,OH,2023-10-18,1,1,1,1,1,1,1,0,1,1,1,1,1,1,0,1,1,0,1,1
1496,1.18746533041962,0.580448730212985,OH,2023-10-19,0,1,1,1,0,1,1,1,1,1,0,1,0,1,0,0,1,1,1,1
1497,2.25532419129754,0.513836045030005,OH,2023-10-20,1,0,0,1,0,1,1,1,1,1,1,0,0,1,0,0,1,1,0,1
1498,NA,NA,OH,2023-10-21,NA,NA,NA,NA,NA,NA,NA,NA,NA,NA,NA,NA,NA,NA,NA,NA,NA,NA,NA,NA
1499,NA,NA,OH,2023-10-22,NA,NA,NA,NA,NA,NA,NA,NA,NA,NA,NA,NA,NA,NA,NA,NA,NA,NA,NA,NA
1500,1.54465845279819,0.522218618609025,OH,2023-10-23,1,1,1,1,1,0,0,1,1,1,1,1,0,0,0,0,0,1,1,1
1501,0.745892231657976,0.38465281796242,OH,2023-10-24,1,1,1,1,1,1,1,1,0,1,1,0,1,1,1,1,1,1,0,1
1502,1.87829541126183,0.38159781234122653,OH,2023-10-25,0,1,0,1,1,1,1,1,1,1,0,1,0,1,0,0,1,0,0,1
1503,0.934190072650821,0.4561926516001045,OH,2023-10-26,1,1,1,0,1,1,1,1,1,1,1,1,0,0,0,0,1,1,1,1
1504,0.70406936177832,0.2098830257303575,OH,2023-10-27,1,1,1,1,1,0,1,1,1,1,1,1,0,1,1,0,1,1,1,1
1505,0.530587090808997,0.367228968772703,OH,2023-10-28,1,1,1,1,1,1,1,1,1,1,1,1,0,0,1,1,1,1,1,1
1506,0.869855849619224,0.6128124298638,OH,2023-10-29,0,1,1,1,1,1,1,1,1,1,0,1,1,1,1,0,1,1,1,1
1507,1.0637715542824,0.439129840783873,OH,2023-10-30,1,0,1,1,1,1,1,1,1,1,1,0,1,1,1,1,1,0,1,1
1508,1.810586839011,0.50650398879103,OH,2023-10-31,1,0,1,1,1,1,1,1,1,1,1,0,0,1,0,0,1,0,1,1
1509,0.991829085445808,0.4417186249528775,OH,2023-11-01,1,1,1,0,1,1,1,1,0,1,1,1,1,0,0,0,1,1,0,1
1510,1.46217684164667,0.360857159997936,OH,2023-11-02,1,0,0,1,1,1,1,1,1,1,1,0,1,1,0,1,1,1,1,1
1511,0.976896672880184,0.445525625878689,OH,2023-11-03,1,1,1,1,0,1,1,1,0,1,1,1,0,0,0,1,1,1,0,1
1512,1.26247169317684,0.3870949358641755,OH,2023-11-04,1,1,0,1,1,1,1,1,1,1,0,1,0,1,1,0,1,1,1,1
1513,NA,NA,OK,2023-09-24,NA,NA,NA,NA,NA,NA,NA,NA,NA,NA,NA,NA,NA,NA,NA,NA,NA,NA,NA,NA
1514,0.422462208884433,0.3059880268657535,OK,2023-09-25,1,1,1,1,1,1,1,1,1,1,1,1,0,1,1,0,1,1,1,1
1515,1.29254624278142,0.3014782837675285,OK,2023-09-26,1,1,0,1,1,1,1,1,1,1,1,1,0,0,0,0,1,1,1,1
1516,0.720359079453813,0.499121287369887,OK,2023-09-27,1,1,1,0,1,1,1,1,1,1,1,1,1,0,1,0,1,1,1,1
1517,NA,NA,OK,2023-09-28,NA,NA,NA,NA,NA,NA,NA,NA,NA,NA,NA,NA,NA,NA,NA,NA,NA,NA,NA,NA
1518,1.32066135116822,0.2305605148264995,OK,2023-09-29,1,1,0,1,1,1,1,1,1,1,1,1,0,1,0,1,1,1,1,1
1519,NA,NA,OK,2023-09-30,NA,NA,NA,NA,NA,NA,NA,NA,NA,NA,NA,NA,NA,NA,NA,NA,NA,NA,NA,NA
1520,0.318035911877401,0.2324985282547185,OK,2023-10-01,1,1,1,1,1,1,1,1,1,1,1,1,1,1,1,1,1,1,1,1
1521,1.30078106246372,0.233520777675741,OK,2023-10-02,1,1,0,1,1,1,1,1,1,1,1,1,0,1,1,0,1,1,1,1
1522,1.58698859449313,0.431359161139176,OK,2023-10-03,0,1,0,1,0,1,1,1,1,1,0,0,0,1,0,0,1,1,1,1
1523,0.602758901372044,0.3678415294065265,OK,2023-10-04,1,1,1,1,1,1,1,1,1,1,1,1,0,0,0,0,1,1,1,1
1524,0.329395228783616,0.236801160671675,OK,2023-10-05,1,1,1,1,1,1,1,1,1,1,1,1,0,1,0,1,1,1,1,1
1525,0.832925068049017,0.4170684863615395,OK,2023-10-06,1,0,1,1,1,1,1,1,1,1,1,0,0,1,1,1,1,1,1,1
1526,NA,NA,OK,2023-10-07,NA,NA,NA,NA,NA,NA,NA,NA,NA,NA,NA,NA,NA,NA,NA,NA,NA,NA,NA,NA
1527,NA,NA,OK,2023-10-08,NA,NA,NA,NA,NA,NA,NA,NA,NA,NA,NA,NA,NA,NA,NA,NA,NA,NA,NA,NA
1528,0.827586332382736,0.429902223858622,OK,2023-10-09,1,1,1,0,1,1,1,1,1,1,1,1,0,0,1,0,1,1,1,1
1529,1.28351642391448,0.3100771005089005,OK,2023-10-10,1,1,0,1,1,1,1,1,1,1,1,1,0,1,1,0,1,1,1,1
1530,0.475669996232676,0.344283562853405,OK,2023-10-11,1,1,1,1,1,1,1,1,1,1,1,1,0,1,1,0,1,1,1,1
1531,1.57026180230353,0.42489157179854953,OK,2023-10-12,1,1,0,1,1,1,1,1,0,1,0,1,0,1,1,0,1,1,0,1
1532,0.871510576499678,0.2471266049778895,OK,2023-10-13,1,1,0,1,1,1,1,1,1,1,1,0,0,1,1,1,1,1,1,1
1533,0.785447226263543,0.535750124312595,OK,2023-10-14,1,1,1,1,0,1,1,1,1,1,1,1,1,0,0,1,1,1,1,1
1534,0.441102232713456,0.3340930466179385,OK,2023-10-15,1,1,1,1,1,1,1,1,1,1,1,1,1,1,1,1,1,1,1,1
1535,1.64184608565033,0.499703246851619,OK,2023-10-16,1,0,1,1,1,0,1,1,0,1,1,0,0,0,0,0,1,1,1,1
1536,1.16145889975145,0.55250881134359,OK,2023-10-17,1,1,1,0,1,1,1,1,0,1,1,1,0,0,1,1,1,1,0,1
1537,1.12336691085522,0.52890630606177,OK,2023-10-18,1,1,1,0,0,1,1,1,1,1,1,1,1,0,0,0,1,1,1,1
1538,1.73833836582452,0.486955262553626,OK,2023-10-19,1,1,0,0,1,1,1,1,0,1,1,1,0,0,1,1,1,1,0,1
1539,0.810790641758838,0.421222604109423,OK,2023-10-20,1,1,1,0,1,1,1,1,1,1,1,1,1,0,1,0,1,1,1,1
1540,0.42710639749174,0.3190688285329695,OK,2023-10-21,1,1,1,1,1,1,1,1,1,1,0,1,1,1,1,0,1,1,1,1
1541,1.72091256785142,0.3055961186173725,OK,2023-10-22,1,1,1,1,1,0,1,1,1,1,0,1,1,1,1,0,1,0,1,1
1542,1.49454772598937,0.386063602512955,OK,2023-10-23,1,1,1,1,1,1,1,1,1,1,1,1,0,0,0,1,1,0,1,1
1543,3.19436002135797,0.2651326000935825,OK,2023-10-24,1,1,0,1,1,0,1,1,1,1,1,1,0,0,1,0,1,1,0,1
1544,1.91038657915629,0.4054310894321455,OK,2023-10-25,1,0,1,0,1,1,1,1,1,1,0,0,0,0,0,1,1,1,0,1
1545,1.28001560558567,0.3872262569467305,OK,2023-10-26,1,1,1,0,1,1,1,1,1,1,1,1,0,0,1,0,1,1,0,1
1546,1.55956037760193,0.414193612539409,OK,2023-10-27,1,0,1,1,1,1,1,1,1,1,1,0,0,0,1,0,1,1,1,1
1547,0.954855608571343,0.272799741213399,OK,2023-10-28,1,1,0,1,1,1,1,1,1,1,1,1,0,1,1,0,1,1,1,1
1548,NA,NA,OK,2023-10-29,NA,NA,NA,NA,NA,NA,NA,NA,NA,NA,NA,NA,NA,NA,NA,NA,NA,NA,NA,NA
1549,1.0639723439873,0.456178734344425,OK,2023-10-30,1,1,1,0,1,1,1,1,0,1,1,1,0,0,1,0,1,1,0,1
1550,1.57926327368471,0.53137686518836,OK,2023-10-31,1,1,1,0,1,1,1,1,1,1,1,1,1,0,1,1,1,0,1,1
1551,1.40345340611069,0.403724023450299,OK,2023-11-01,1,0,1,0,1,1,1,1,1,1,1,0,1,0,1,0,1,1,0,1
1552,1.60918927502902,0.412250127437451,OK,2023-11-02,1,1,0,0,1,1,1,1,1,1,1,1,0,0,1,0,0,0,1,1
1553,0.410908829717584,0.285459466887401,OK,2023-11-03,1,1,1,1,1,1,1,1,1,1,1,1,0,1,1,0,1,1,1,1
1554,0.366027515662548,0.2873825702480525,OK,2023-11-04,1,1,1,1,1,1,1,1,1,1,0,1,1,1,1,0,1,1,1,1
1555,1.3557266315207,0.3914709353428015,OR,2023-09-24,1,1,1,0,1,1,1,1,1,1,0,1,0,0,1,0,1,0,1,1
1556,1.94127029469054,0.3549146510048305,OR,2023-09-25,1,1,1,1,1,0,1,1,1,1,0,1,0,0,0,0,1,1,1,1
1557,2.21753174248416,0.363455851459684,OR,2023-09-26,1,1,0,1,0,1,1,1,1,1,0,0,1,0,0,0,1,1,1,1
1558,1.2283183110068,0.3804764493060285,OR,2023-09-27,1,1,1,1,1,1,1,1,0,1,1,1,1,0,0,0,1,1,0,1
1559,1.12874086774702,0.4027696209822045,OR,2023-09-28,1,1,1,1,1,1,1,1,1,1,0,0,1,1,0,0,1,1,1,1
1560,1.51036458935338,0.3413546442209505,OR,2023-09-29,1,1,0,1,1,1,1,1,1,1,1,0,0,0,0,1,1,1,1,1
1561,3.12238666130175,0.3227146122204125,OR,2023-09-30,1,1,0,1,1,1,1,1,1,1,1,1,0,0,1,0,1,1,1,1
1562,1.57380723075767,0.417616117072045,OR,2023-10-01,1,1,0,1,1,1,1,1,1,1,0,1,0,1,1,0,1,1,1,1
1563,2.93094422348829,0.4454036636132365,OR,2023-10-02,0,1,1,1,1,0,1,0,1,1,0,1,0,0,0,0,1,0,0,1
1564,1.20241390262451,0.3856962266686535,OR,2023-10-03,1,1,1,1,1,1,0,1,1,1,1,1,0,0,0,0,0,1,1,1
1565,1.53752001237337,0.3844362769969465,OR,2023-10-04,1,1,1,1,1,1,1,0,0,1,0,0,0,1,1,0,1,1,0,1
1566,1.56161762215041,0.4184111716994075,OR,2023-10-05,1,1,1,1,1,1,1,0,1,1,1,1,0,0,0,0,1,0,1,1
1567,1.70466874823611,0.321577393084545,OR,2023-10-06,1,1,0,1,1,1,1,1,1,1,0,1,0,0,1,1,1,1,1,1
1568,2.12907235873454,0.4408770412613635,OR,2023-10-07,1,1,0,0,1,1,1,0,1,1,0,1,0,0,1,1,1,0,1,1
1569,1.3623217793786,0.383974607498824,OR,2023-10-08,1,1,1,1,1,1,0,1,1,1,1,0,1,0,1,1,0,1,0,1
1570,1.7007039337915,0.326414357737206,OR,2023-10-09,1,1,1,1,1,0,1,1,1,1,0,0,1,1,1,1,1,1,1,1
1571,1.06833249044028,0.4044776674002035,OR,2023-10-10,1,1,1,1,1,1,1,1,0,1,0,1,0,1,1,1,1,1,0,0
1572,0.944640225208107,0.3598599303683445,OR,2023-10-11,1,1,1,1,1,1,1,1,1,1,1,1,1,0,0,1,1,1,1,1
1573,1.05833692677923,0.388896448853524,OR,2023-10-12,1,1,1,1,1,1,1,0,1,1,0,1,0,1,0,1,1,0,0,1
1574,1.61234215637886,0.366221054340733,OR,2023-10-13,1,0,1,1,1,0,1,1,1,1,1,0,0,1,0,0,1,0,1,1
1575,NA,NA,OR,2023-10-14,NA,NA,NA,NA,NA,NA,NA,NA,NA,NA,NA,NA,NA,NA,NA,NA,NA,NA,NA,NA
1576,0.704794833416601,0.296598424623243,OR,2023-10-15,1,1,1,1,1,1,1,1,1,1,0,1,1,1,1,0,1,1,1,1
1577,0.741005606880214,0.396866401879315,OR,2023-10-16,1,1,1,1,0,1,1,1,1,1,1,1,0,1,1,0,1,1,1,1
1578,1.4362582156647,0.287897559652104,OR,2023-10-17,1,1,1,1,1,0,1,1,1,1,1,0,0,1,1,0,1,1,1,1
1579,0.484273223105152,0.3094235685336,OR,2023-10-18,1,1,1,1,1,1,1,1,1,1,1,1,0,1,1,0,1,1,1,1
1580,0.743894789695885,0.406118031187058,OR,2023-10-19,1,1,1,0,1,1,1,1,1,1,0,1,0,0,1,0,1,1,1,1
1581,1.16954916873735,0.378264943978599,OR,2023-10-20,1,0,1,1,1,1,1,1,1,1,1,0,0,0,1,0,1,1,1,1
1582,0.610643983898333,0.3675392334188245,OR,2023-10-21,1,1,1,1,1,1,1,1,1,1,1,1,0,1,0,0,1,1,0,1
1583,0.865716684670346,0.2771860867779695,OR,2023-10-22,1,1,1,1,1,0,1,1,1,1,1,1,1,1,1,1,1,1,1,1
1584,2.27524325297376,0.401965949400749,OR,2023-10-23,1,1,1,1,1,1,1,0,1,1,1,0,0,0,1,0,1,0,0,1
1585,0.365579509170108,0.2731148077121675,OR,2023-10-24,1,1,1,1,1,1,1,1,1,1,0,1,1,1,1,0,1,1,1,1
1586,0.488599684200804,0.320816354700117,OR,2023-10-25,1,1,1,1,1,1,1,1,1,1,1,1,0,0,1,1,1,1,1,1
1587,0.786842545102587,0.4141293195318115,OR,2023-10-26,0,1,1,1,1,1,1,1,1,1,0,1,1,1,0,0,0,1,1,1
1588,1.19918755003348,0.301552152065122,OR,2023-10-27,1,1,0,1,1,1,1,1,1,1,1,1,0,0,1,0,1,1,1,1
1589,0.687726706437347,0.2856977131430465,OR,2023-10-28,1,1,1,1,1,1,1,1,1,1,0,1,0,1,1,0,1,1,1,1
1590,2.28805413385713,0.4719900553497555,OR,2023-10-29,1,1,0,1,0,1,1,1,1,1,1,1,0,0,0,0,1,1,1,1
1591,1.34899344890342,0.440809002568685,OR,2023-10-30,1,1,0,1,1,1,0,1,1,1,1,1,0,0,1,0,0,1,0,1
1592,1.42477867503051,0.343634465968456,OR,2023-10-31,1,0,1,1,1,0,1,1,1,1,1,0,0,1,0,0,1,1,1,0
1593,0.348990373940685,0.25846570618199,OR,2023-11-01,1,1,1,1,1,1,1,1,1,1,1,1,1,1,1,0,0,1,1,1
1594,NA,NA,OR,2023-11-02,NA,NA,NA,NA,NA,NA,NA,NA,NA,NA,NA,NA,NA,NA,NA,NA,NA,NA,NA,NA
1595,0.887008979823216,0.416165752238856,OR,2023-11-03,1,1,1,0,1,1,1,1,1,1,1,1,0,0,0,1,1,1,1,1
1596,0.433684555719836,0.2970139267023185,OR,2023-11-04,1,1,1,1,1,1,1,1,1,1,1,1,0,1,1,0,1,1,1,1
1597,0.815064873094113,0.402107390814914,PA,2023-09-24,1,1,1,1,1,1,1,0,1,1,1,1,0,0,1,0,1,0,1,1
1598,3.53343344870337,0.43829119625105,PA,2023-09-25,1,1,1,0,0,0,0,1,1,1,1,0,0,0,0,0,0,1,1,1
1599,1.92840367953885,0.4053888154126495,PA,2023-09-26,1,1,1,1,1,1,0,1,1,1,0,1,0,0,1,0,0,0,1,1
1600,1.25230974540015,0.3875312159033605,PA,2023-09-27,1,1,1,1,1,1,1,1,1,1,0,1,0,0,0,1,0,1,1,1
1601,1.75589141433971,0.3538502878620955,PA,2023-09-28,1,0,0,1,1,1,1,1,1,1,1,0,0,0,1,0,1,1,1,1
1602,1.52246727077589,0.3960307689299415,PA,2023-09-29,1,0,0,1,1,1,1,1,0,1,1,0,0,0,0,0,1,1,0,1
1603,2.01744687580612,0.394782227689951,PA,2023-09-30,1,1,0,1,1,1,1,1,1,1,0,1,0,0,1,0,0,0,1,1
1604,1.85120836545067,0.4120565819259015,PA,2023-10-01,1,1,1,0,1,1,1,1,1,1,1,1,0,0,1,0,1,1,1,1
1605,1.94329479816856,0.365353563706815,PA,2023-10-02,1,1,1,1,1,1,0,1,0,1,0,0,0,0,0,0,0,0,0,1
1606,2.44991730666139,0.4701049271659855,PA,2023-10-03,1,1,1,0,1,0,1,1,1,0,1,1,0,0,0,0,1,0,1,0
1607,1.71267088417796,0.34122083325754,PA,2023-10-04,1,1,1,1,1,1,1,1,1,0,0,1,0,0,0,0,1,1,1,0
1608,4.37100795830962,0.465666309879477,PA,2023-10-05,1,1,1,0,1,0,1,1,1,0,1,0,0,0,1,0,1,0,1,0
1609,1.12567007447043,0.3619408880664285,PA,2023-10-06,1,0,1,1,1,1,1,1,1,1,1,0,0,1,0,1,1,0,1,1
1610,0.663399969896817,0.1707193195107815,PA,2023-10-07,1,1,1,1,1,0,1,1,1,1,1,1,1,1,1,1,1,1,1,1
1611,1.09336142383063,0.167588651648111,PA,2023-10-08,1,1,1,1,1,0,1,1,1,1,1,1,0,1,1,0,1,1,1,1
1612,2.49694860468709,0.379980117157063,PA,2023-10-09,1,0,1,1,1,1,1,1,1,1,1,0,0,0,1,0,1,0,1,1
1613,2.0191675684389,0.3192844082489395,PA,2023-10-10,1,1,1,1,1,1,1,1,0,1,0,1,0,0,1,0,1,1,0,1
1614,3.58088100646768,0.444468939933251,PA,2023-10-11,1,0,0,1,1,0,1,1,1,1,1,0,0,0,1,0,1,1,0,1
1615,1.72292917971546,0.4761267123027065,PA,2023-10-12,1,1,1,1,1,0,1,1,1,0,1,1,1,0,0,0,1,1,1,0
1616,2.00636487868696,0.50122932029917,PA,2023-10-13,1,1,1,1,1,0,1,1,0,1,1,1,0,0,0,0,1,1,0,1
1617,0.77865983130965,0.3902042669177765,PA,2023-10-14,1,1,1,1,1,1,1,1,0,1,1,1,1,1,1,0,1,1,0,1
1618,0.218650300067697,0.1469968620097155,PA,2023-10-15,1,1,1,1,1,1,1,1,1,1,1,1,0,1,1,0,1,1,1,1
1619,2.4416200374661,0.3962915998765375,PA,2023-10-16,1,0,0,1,1,0,1,1,1,1,1,0,0,0,0,1,1,1,1,1
1620,2.19861312179301,0.390991554080811,PA,2023-10-17,1,0,1,1,1,1,1,1,1,1,1,0,1,0,0,0,1,1,1,1
1621,3.1627804310186,0.436190512931158,PA,2023-10-18,1,1,0,1,1,0,1,1,0,1,1,0,1,0,1,0,1,0,0,1
1622,1.94503789469222,0.502647841062935,PA,2023-10-19,1,1,1,1,1,0,1,0,0,1,1,1,1,1,1,0,1,0,0,1
1623,1.28502721423551,0.4770126017045195,PA,2023-10-20,1,0,1,1,1,1,1,0,1,1,1,0,1,0,1,1,1,0,1,1
1624,1.69013498399322,0.40200459937019,PA,2023-10-21,1,0,1,1,1,1,1,1,0,1,1,0,0,1,0,0,0,1,0,1
1625,1.06356252211596,0.2610325498174215,PA,2023-10-22,0,1,1,1,1,1,1,1,1,1,1,1,0,1,1,0,1,1,1,1
1626,2.81825881112063,0.3335544152549645,PA,2023-10-23,1,0,0,1,1,1,1,1,1,1,1,0,0,1,0,0,1,0,0,1
1627,2.4329000368798,0.4196639889750265,PA,2023-10-24,1,0,1,1,1,1,1,0,1,1,1,0,0,1,1,0,1,0,1,1
1628,1.43943701839584,0.4408287448870405,PA,2023-10-25,0,0,1,1,1,1,1,1,0,1,0,0,0,0,1,1,1,1,1,1
1629,1.12100828015055,0.391519335364834,PA,2023-10-26,1,0,1,1,1,1,1,1,1,1,1,0,0,0,1,1,1,1,1,1
1630,1.45396424532644,0.270706172191249,PA,2023-10-27,1,0,1,1,1,1,1,1,1,1,1,0,0,1,1,1,1,0,1,1
1631,1.25072152022696,0.5967217766572,PA,2023-10-28,1,0,1,1,1,0,1,1,1,1,1,0,0,1,1,0,1,1,0,1
1632,1.85159931411179,0.670560951636135,PA,2023-10-29,1,0,1,1,1,0,1,1,1,1,1,0,1,1,1,0,1,1,1,1
1633,4.79470707317313,0.409824172105916,PA,2023-10-30,1,0,0,0,1,0,1,1,1,1,1,1,0,0,1,0,1,1,1,1
1634,2.11615567206048,0.2621826932247115,PA,2023-10-31,1,0,1,0,1,1,1,1,1,1,1,0,0,1,0,0,0,1,1,1
1635,2.56865776661976,0.431330721286949,PA,2023-11-01,1,1,1,1,1,0,1,1,0,0,1,1,0,0,1,0,1,1,0,0
1636,2.74006706366746,0.494031314324191,PA,2023-11-02,1,1,1,0,1,0,1,0,0,1,1,0,0,0,1,0,1,0,0,0
1637,0.15090453484201,0.104391852209105,PA,2023-11-03,1,1,1,1,1,1,1,1,1,1,1,1,1,1,1,1,1,1,1,1
1638,0.158120644394855,0.102741697249432,PA,2023-11-04,1,1,1,1,1,1,1,1,1,1,1,1,1,1,1,1,1,1,1,1
1639,NA,NA,PR,2023-09-24,NA,NA,NA,NA,NA,NA,NA,NA,NA,NA,NA,NA,NA,NA,NA,NA,NA,NA,NA,NA
1640,NA,NA,PR,2023-09-25,NA,NA,NA,NA,NA,NA,NA,NA,NA,NA,NA,NA,NA,NA,NA,NA,NA,NA,NA,NA
1641,NA,NA,PR,2023-09-26,NA,NA,NA,NA,NA,NA,NA,NA,NA,NA,NA,NA,NA,NA,NA,NA,NA,NA,NA,NA
1642,NA,NA,PR,2023-09-27,NA,NA,NA,NA,NA,NA,NA,NA,NA,NA,NA,NA,NA,NA,NA,NA,NA,NA,NA,NA
1643,NA,NA,PR,2023-09-28,NA,NA,NA,NA,NA,NA,NA,NA,NA,NA,NA,NA,NA,NA,NA,NA,NA,NA,NA,NA
1644,NA,NA,PR,2023-09-29,NA,NA,NA,NA,NA,NA,NA,NA,NA,NA,NA,NA,NA,NA,NA,NA,NA,NA,NA,NA
1645,NA,NA,PR,2023-09-30,NA,NA,NA,NA,NA,NA,NA,NA,NA,NA,NA,NA,NA,NA,NA,NA,NA,NA,NA,NA
1646,NA,NA,PR,2023-10-01,NA,NA,NA,NA,NA,NA,NA,NA,NA,NA,NA,NA,NA,NA,NA,NA,NA,NA,NA,NA
1647,NA,NA,PR,2023-10-02,NA,NA,NA,NA,NA,NA,NA,NA,NA,NA,NA,NA,NA,NA,NA,NA,NA,NA,NA,NA
1648,NA,NA,PR,2023-10-03,NA,NA,NA,NA,NA,NA,NA,NA,NA,NA,NA,NA,NA,NA,NA,NA,NA,NA,NA,NA
1649,NA,NA,PR,2023-10-04,NA,NA,NA,NA,NA,NA,NA,NA,NA,NA,NA,NA,NA,NA,NA,NA,NA,NA,NA,NA
1650,NA,NA,PR,2023-10-05,NA,NA,NA,NA,NA,NA,NA,NA,NA,NA,NA,NA,NA,NA,NA,NA,NA,NA,NA,NA
1651,NA,NA,PR,2023-10-06,NA,NA,NA,NA,NA,NA,NA,NA,NA,NA,NA,NA,NA,NA,NA,NA,NA,NA,NA,NA
1652,NA,NA,PR,2023-10-07,NA,NA,NA,NA,NA,NA,NA,NA,NA,NA,NA,NA,NA,NA,NA,NA,NA,NA,NA,NA
1653,NA,NA,PR,2023-10-08,NA,NA,NA,NA,NA,NA,NA,NA,NA,NA,NA,NA,NA,NA,NA,NA,NA,NA,NA,NA
1654,NA,NA,PR,2023-10-09,NA,NA,NA,NA,NA,NA,NA,NA,NA,NA,NA,NA,NA,NA,NA,NA,NA,NA,NA,NA
1655,NA,NA,PR,2023-10-10,NA,NA,NA,NA,NA,NA,NA,NA,NA,NA,NA,NA,NA,NA,NA,NA,NA,NA,NA,NA
1656,NA,NA,PR,2023-10-11,NA,NA,NA,NA,NA,NA,NA,NA,NA,NA,NA,NA,NA,NA,NA,NA,NA,NA,NA,NA
1657,NA,NA,PR,2023-10-12,NA,NA,NA,NA,NA,NA,NA,NA,NA,NA,NA,NA,NA,NA,NA,NA,NA,NA,NA,NA
1658,NA,NA,PR,2023-10-13,NA,NA,NA,NA,NA,NA,NA,NA,NA,NA,NA,NA,NA,NA,NA,NA,NA,NA,NA,NA
1659,NA,NA,PR,2023-10-14,NA,NA,NA,NA,NA,NA,NA,NA,NA,NA,NA,NA,NA,NA,NA,NA,NA,NA,NA,NA
1660,NA,NA,PR,2023-10-15,NA,NA,NA,NA,NA,NA,NA,NA,NA,NA,NA,NA,NA,NA,NA,NA,NA,NA,NA,NA
1661,NA,NA,PR,2023-10-16,NA,NA,NA,NA,NA,NA,NA,NA,NA,NA,NA,NA,NA,NA,NA,NA,NA,NA,NA,NA
1662,NA,NA,PR,2023-10-17,NA,NA,NA,NA,NA,NA,NA,NA,NA,NA,NA,NA,NA,NA,NA,NA,NA,NA,NA,NA
1663,NA,NA,PR,2023-10-18,NA,NA,NA,NA,NA,NA,NA,NA,NA,NA,NA,NA,NA,NA,NA,NA,NA,NA,NA,NA
1664,NA,NA,PR,2023-10-19,NA,NA,NA,NA,NA,NA,NA,NA,NA,NA,NA,NA,NA,NA,NA,NA,NA,NA,NA,NA
1665,NA,NA,PR,2023-10-20,NA,NA,NA,NA,NA,NA,NA,NA,NA,NA,NA,NA,NA,NA,NA,NA,NA,NA,NA,NA
1666,NA,NA,PR,2023-10-21,NA,NA,NA,NA,NA,NA,NA,NA,NA,NA,NA,NA,NA,NA,NA,NA,NA,NA,NA,NA
1667,NA,NA,PR,2023-10-22,NA,NA,NA,NA,NA,NA,NA,NA,NA,NA,NA,NA,NA,NA,NA,NA,NA,NA,NA,NA
1668,NA,NA,PR,2023-10-23,NA,NA,NA,NA,NA,NA,NA,NA,NA,NA,NA,NA,NA,NA,NA,NA,NA,NA,NA,NA
1669,NA,NA,PR,2023-10-24,NA,NA,NA,NA,NA,NA,NA,NA,NA,NA,NA,NA,NA,NA,NA,NA,NA,NA,NA,NA
1670,NA,NA,PR,2023-10-25,NA,NA,NA,NA,NA,NA,NA,NA,NA,NA,NA,NA,NA,NA,NA,NA,NA,NA,NA,NA
1671,NA,NA,PR,2023-10-26,NA,NA,NA,NA,NA,NA,NA,NA,NA,NA,NA,NA,NA,NA,NA,NA,NA,NA,NA,NA
1672,NA,NA,PR,2023-10-27,NA,NA,NA,NA,NA,NA,NA,NA,NA,NA,NA,NA,NA,NA,NA,NA,NA,NA,NA,NA
1673,NA,NA,PR,2023-10-28,NA,NA,NA,NA,NA,NA,NA,NA,NA,NA,NA,NA,NA,NA,NA,NA,NA,NA,NA,NA
1674,NA,NA,PR,2023-10-29,NA,NA,NA,NA,NA,NA,NA,NA,NA,NA,NA,NA,NA,NA,NA,NA,NA,NA,NA,NA
1675,NA,NA,PR,2023-10-30,NA,NA,NA,NA,NA,NA,NA,NA,NA,NA,NA,NA,NA,NA,NA,NA,NA,NA,NA,NA
1676,NA,NA,PR,2023-10-31,NA,NA,NA,NA,NA,NA,NA,NA,NA,NA,NA,NA,NA,NA,NA,NA,NA,NA,NA,NA
1677,NA,NA,PR,2023-11-01,NA,NA,NA,NA,NA,NA,NA,NA,NA,NA,NA,NA,NA,NA,NA,NA,NA,NA,NA,NA
1678,NA,NA,PR,2023-11-02,NA,NA,NA,NA,NA,NA,NA,NA,NA,NA,NA,NA,NA,NA,NA,NA,NA,NA,NA,NA
1679,NA,NA,PR,2023-11-03,NA,NA,NA,NA,NA,NA,NA,NA,NA,NA,NA,NA,NA,NA,NA,NA,NA,NA,NA,NA
1680,NA,NA,PR,2023-11-04,NA,NA,NA,NA,NA,NA,NA,NA,NA,NA,NA,NA,NA,NA,NA,NA,NA,NA,NA,NA
1681,NA,NA,RI,2023-09-24,NA,NA,NA,NA,NA,NA,NA,NA,NA,NA,NA,NA,NA,NA,NA,NA,NA,NA,NA,NA
1682,NA,NA,RI,2023-09-25,NA,NA,NA,NA,NA,NA,NA,NA,NA,NA,NA,NA,NA,NA,NA,NA,NA,NA,NA,NA
1683,NA,NA,RI,2023-09-26,NA,NA,NA,NA,NA,NA,NA,NA,NA,NA,NA,NA,NA,NA,NA,NA,NA,NA,NA,NA
1684,0.536121997554011,0.355654430535001,RI,2023-09-27,1,1,0,1,1,1,1,1,1,1,1,1,0,1,0,1,1,1,1,1
1685,NA,NA,RI,2023-09-28,NA,NA,NA,NA,NA,NA,NA,NA,NA,NA,NA,NA,NA,NA,NA,NA,NA,NA,NA,NA
1686,NA,NA,RI,2023-09-29,NA,NA,NA,NA,NA,NA,NA,NA,NA,NA,NA,NA,NA,NA,NA,NA,NA,NA,NA,NA
1687,NA,NA,RI,2023-09-30,NA,NA,NA,NA,NA,NA,NA,NA,NA,NA,NA,NA,NA,NA,NA,NA,NA,NA,NA,NA
1688,NA,NA,RI,2023-10-01,NA,NA,NA,NA,NA,NA,NA,NA,NA,NA,NA,NA,NA,NA,NA,NA,NA,NA,NA,NA
1689,NA,NA,RI,2023-10-02,NA,NA,NA,NA,NA,NA,NA,NA,NA,NA,NA,NA,NA,NA,NA,NA,NA,NA,NA,NA
1690,NA,NA,RI,2023-10-03,NA,NA,NA,NA,NA,NA,NA,NA,NA,NA,NA,NA,NA,NA,NA,NA,NA,NA,NA,NA
1691,NA,NA,RI,2023-10-04,NA,NA,NA,NA,NA,NA,NA,NA,NA,NA,NA,NA,NA,NA,NA,NA,NA,NA,NA,NA
1692,NA,NA,RI,2023-10-05,NA,NA,NA,NA,NA,NA,NA,NA,NA,NA,NA,NA,NA,NA,NA,NA,NA,NA,NA,NA
1693,NA,NA,RI,2023-10-06,NA,NA,NA,NA,NA,NA,NA,NA,NA,NA,NA,NA,NA,NA,NA,NA,NA,NA,NA,NA
1694,NA,NA,RI,2023-10-07,NA,NA,NA,NA,NA,NA,NA,NA,NA,NA,NA,NA,NA,NA,NA,NA,NA,NA,NA,NA
1695,NA,NA,RI,2023-10-08,NA,NA,NA,NA,NA,NA,NA,NA,NA,NA,NA,NA,NA,NA,NA,NA,NA,NA,NA,NA
1696,NA,NA,RI,2023-10-09,NA,NA,NA,NA,NA,NA,NA,NA,NA,NA,NA,NA,NA,NA,NA,NA,NA,NA,NA,NA
1697,NA,NA,RI,2023-10-10,NA,NA,NA,NA,NA,NA,NA,NA,NA,NA,NA,NA,NA,NA,NA,NA,NA,NA,NA,NA
1698,NA,NA,RI,2023-10-11,NA,NA,NA,NA,NA,NA,NA,NA,NA,NA,NA,NA,NA,NA,NA,NA,NA,NA,NA,NA
1699,NA,NA,RI,2023-10-12,NA,NA,NA,NA,NA,NA,NA,NA,NA,NA,NA,NA,NA,NA,NA,NA,NA,NA,NA,NA
1700,NA,NA,RI,2023-10-13,NA,NA,NA,NA,NA,NA,NA,NA,NA,NA,NA,NA,NA,NA,NA,NA,NA,NA,NA,NA
1701,NA,NA,RI,2023-10-14,NA,NA,NA,NA,NA,NA,NA,NA,NA,NA,NA,NA,NA,NA,NA,NA,NA,NA,NA,NA
1702,NA,NA,RI,2023-10-15,NA,NA,NA,NA,NA,NA,NA,NA,NA,NA,NA,NA,NA,NA,NA,NA,NA,NA,NA,NA
1703,NA,NA,RI,2023-10-16,NA,NA,NA,NA,NA,NA,NA,NA,NA,NA,NA,NA,NA,NA,NA,NA,NA,NA,NA,NA
1704,NA,NA,RI,2023-10-17,NA,NA,NA,NA,NA,NA,NA,NA,NA,NA,NA,NA,NA,NA,NA,NA,NA,NA,NA,NA
1705,NA,NA,RI,2023-10-18,NA,NA,NA,NA,NA,NA,NA,NA,NA,NA,NA,NA,NA,NA,NA,NA,NA,NA,NA,NA
1706,NA,NA,RI,2023-10-19,NA,NA,NA,NA,NA,NA,NA,NA,NA,NA,NA,NA,NA,NA,NA,NA,NA,NA,NA,NA
1707,NA,NA,RI,2023-10-20,NA,NA,NA,NA,NA,NA,NA,NA,NA,NA,NA,NA,NA,NA,NA,NA,NA,NA,NA,NA
1708,NA,NA,RI,2023-10-21,NA,NA,NA,NA,NA,NA,NA,NA,NA,NA,NA,NA,NA,NA,NA,NA,NA,NA,NA,NA
1709,NA,NA,RI,2023-10-22,NA,NA,NA,NA,NA,NA,NA,NA,NA,NA,NA,NA,NA,NA,NA,NA,NA,NA,NA,NA
1710,NA,NA,RI,2023-10-23,NA,NA,NA,NA,NA,NA,NA,NA,NA,NA,NA,NA,NA,NA,NA,NA,NA,NA,NA,NA
1711,0.693355901786519,0.4927294457088705,RI,2023-10-24,1,1,1,0,1,1,1,1,1,1,1,1,1,0,1,0,1,1,1,1
1712,NA,NA,RI,2023-10-25,NA,NA,NA,NA,NA,NA,NA,NA,NA,NA,NA,NA,NA,NA,NA,NA,NA,NA,NA,NA
1713,NA,NA,RI,2023-10-26,NA,NA,NA,NA,NA,NA,NA,NA,NA,NA,NA,NA,NA,NA,NA,NA,NA,NA,NA,NA
1714,NA,NA,RI,2023-10-27,NA,NA,NA,NA,NA,NA,NA,NA,NA,NA,NA,NA,NA,NA,NA,NA,NA,NA,NA,NA
1715,NA,NA,RI,2023-10-28,NA,NA,NA,NA,NA,NA,NA,NA,NA,NA,NA,NA,NA,NA,NA,NA,NA,NA,NA,NA
1716,NA,NA,RI,2023-10-29,NA,NA,NA,NA,NA,NA,NA,NA,NA,NA,NA,NA,NA,NA,NA,NA,NA,NA,NA,NA
1717,NA,NA,RI,2023-10-30,NA,NA,NA,NA,NA,NA,NA,NA,NA,NA,NA,NA,NA,NA,NA,NA,NA,NA,NA,NA
1718,NA,NA,RI,2023-10-31,NA,NA,NA,NA,NA,NA,NA,NA,NA,NA,NA,NA,NA,NA,NA,NA,NA,NA,NA,NA
1719,NA,NA,RI,2023-11-01,NA,NA,NA,NA,NA,NA,NA,NA,NA,NA,NA,NA,NA,NA,NA,NA,NA,NA,NA,NA
1720,NA,NA,RI,2023-11-02,NA,NA,NA,NA,NA,NA,NA,NA,NA,NA,NA,NA,NA,NA,NA,NA,NA,NA,NA,NA
1721,NA,NA,RI,2023-11-03,NA,NA,NA,NA,NA,NA,NA,NA,NA,NA,NA,NA,NA,NA,NA,NA,NA,NA,NA,NA
1722,NA,NA,RI,2023-11-04,NA,NA,NA,NA,NA,NA,NA,NA,NA,NA,NA,NA,NA,NA,NA,NA,NA,NA,NA,NA
1723,0.687469224839744,0.3810949484085825,SC,2023-09-24,1,0,1,1,1,1,1,1,1,1,1,0,0,0,1,0,1,1,1,1
1724,0.436983109515462,0.296814034857634,SC,2023-09-25,1,1,1,1,1,1,1,1,1,1,1,1,0,1,0,1,1,1,1,1
1725,1.13884510738332,0.3572771779108275,SC,2023-09-26,1,1,1,1,1,1,1,1,1,1,0,1,1,1,0,1,1,1,1,1
1726,0.446218574605841,0.299288766754476,SC,2023-09-27,1,1,1,1,1,1,1,1,1,1,1,1,0,1,1,0,1,1,1,1
1727,0.836320078209957,0.4163537255507125,SC,2023-09-28,1,0,1,1,1,1,1,1,1,1,1,0,1,0,1,1,1,1,1,1
1728,0.458701286173985,0.3019551641874935,SC,2023-09-29,1,1,1,1,1,1,1,1,1,1,1,1,0,1,1,0,1,1,1,1
1729,NA,NA,SC,2023-09-30,NA,NA,NA,NA,NA,NA,NA,NA,NA,NA,NA,NA,NA,NA,NA,NA,NA,NA,NA,NA
1730,NA,NA,SC,2023-10-01,NA,NA,NA,NA,NA,NA,NA,NA,NA,NA,NA,NA,NA,NA,NA,NA,NA,NA,NA,NA
1731,1.59982113823228,0.3013722287336655,SC,2023-10-02,1,1,1,1,1,0,1,1,1,1,1,0,0,1,1,0,1,0,1,1
1732,1.51560355242641,0.4556074259601955,SC,2023-10-03,1,1,1,1,0,1,1,1,1,1,1,1,0,0,0,0,1,1,1,1
1733,0.915520241021228,0.417763389943502,SC,2023-10-04,1,1,1,1,1,1,1,0,1,1,1,1,1,0,1,0,1,0,1,1
1734,2.35919878014438,0.311081747708282,SC,2023-10-05,1,1,0,1,1,0,1,1,1,1,1,0,0,1,1,0,1,1,1,1
1735,NA,NA,SC,2023-10-06,NA,NA,NA,NA,NA,NA,NA,NA,NA,NA,NA,NA,NA,NA,NA,NA,NA,NA,NA,NA
1736,NA,NA,SC,2023-10-07,NA,NA,NA,NA,NA,NA,NA,NA,NA,NA,NA,NA,NA,NA,NA,NA,NA,NA,NA,NA
1737,NA,NA,SC,2023-10-08,NA,NA,NA,NA,NA,NA,NA,NA,NA,NA,NA,NA,NA,NA,NA,NA,NA,NA,NA,NA
1738,NA,NA,SC,2023-10-09,NA,NA,NA,NA,NA,NA,NA,NA,NA,NA,NA,NA,NA,NA,NA,NA,NA,NA,NA,NA
1739,0.405486119712506,0.2980756319148095,SC,2023-10-10,1,1,1,1,1,1,1,1,1,1,1,1,0,1,1,0,1,1,1,1
1740,0.81053465362145,0.5594096164154,SC,2023-10-11,1,0,1,1,1,1,1,1,1,1,1,0,0,1,1,1,1,1,1,1
1741,0.836404285235488,0.411644500550843,SC,2023-10-12,1,1,1,0,1,1,1,1,1,1,1,1,0,0,0,0,1,1,1,1
1742,0.827086760538428,0.4260414487189275,SC,2023-10-13,1,1,1,1,1,1,1,0,1,1,1,1,0,1,1,1,1,0,1,1
1743,0.314732266556967,0.264703637026818,SC,2023-10-14,1,1,1,1,1,1,1,1,1,1,1,1,1,1,1,1,1,1,1,1
1744,NA,NA,SC,2023-10-15,NA,NA,NA,NA,NA,NA,NA,NA,NA,NA,NA,NA,NA,NA,NA,NA,NA,NA,NA,NA
1745,7.11341937524426,0.527971488132715,SC,2023-10-16,1,1,0,1,1,0,1,0,1,1,1,0,1,1,0,0,1,0,0,1
1746,0.776215250033571,0.388835629005538,SC,2023-10-17,1,1,1,1,1,1,1,1,0,1,1,1,0,0,1,0,1,1,0,1
1747,1.40312100155459,0.428947216424766,SC,2023-10-18,1,1,0,1,1,0,1,1,1,0,1,1,0,1,0,0,1,1,1,0
1748,1.96314119556516,0.57174532824277,SC,2023-10-19,1,1,1,1,0,0,1,0,1,1,1,0,1,1,0,0,1,0,1,1
1749,0.525641515288692,0.340815473838343,SC,2023-10-20,1,1,1,1,1,1,1,1,1,1,1,1,0,1,1,0,1,1,1,1
1750,NA,NA,SC,2023-10-21,NA,NA,NA,NA,NA,NA,NA,NA,NA,NA,NA,NA,NA,NA,NA,NA,NA,NA,NA,NA
1751,0.298764013521643,0.243093545981878,SC,2023-10-22,1,1,1,1,1,1,1,1,1,1,1,1,0,1,1,0,1,1,1,1
1752,0.530067409755571,0.3478360966388705,SC,2023-10-23,1,1,1,1,1,1,1,1,1,1,1,1,0,1,1,0,1,1,1,1
1753,1.23621841017581,0.4214740178365815,SC,2023-10-24,1,1,1,1,1,1,1,1,0,1,1,1,0,0,0,1,1,1,1,0
1754,0.283789061651605,0.235626265191972,SC,2023-10-25,1,1,1,1,1,1,1,1,1,1,1,1,0,1,1,0,1,1,1,1
1755,0.805453924550644,0.3914536589031655,SC,2023-10-26,1,0,1,1,1,1,1,1,1,1,1,1,0,1,1,0,1,1,1,1
1756,0.705915361993076,0.3797520364293515,SC,2023-10-27,1,1,1,1,0,1,1,1,1,1,1,1,0,1,0,0,1,1,1,1
1757,0.859423832538062,0.589068811071965,SC,2023-10-28,1,0,1,1,1,1,1,1,1,1,1,0,0,1,1,1,1,1,1,1
1758,NA,NA,SC,2023-10-29,NA,NA,NA,NA,NA,NA,NA,NA,NA,NA,NA,NA,NA,NA,NA,NA,NA,NA,NA,NA
1759,0.952625671830229,0.447308486610675,SC,2023-10-30,1,1,1,0,1,1,1,1,1,1,1,1,0,0,1,0,1,1,1,1
1760,NA,NA,SC,2023-10-31,NA,NA,NA,NA,NA,NA,NA,NA,NA,NA,NA,NA,NA,NA,NA,NA,NA,NA,NA,NA
1761,0.719607796737304,0.3762749604869005,SC,2023-11-01,1,1,1,0,1,1,1,1,1,1,1,0,1,0,1,1,1,1,1,1
1762,0.4037272380873,0.2957199559343405,SC,2023-11-02,1,1,1,1,1,1,1,1,1,1,1,1,1,1,1,1,1,1,1,1
1763,1.18022724047252,0.4731426791951095,SC,2023-11-03,0,0,1,1,1,1,1,1,1,1,0,0,0,1,1,1,1,1,0,1
1764,1.27922459511484,0.3789246595846465,SC,2023-11-04,1,1,0,1,1,1,1,1,1,1,1,1,0,0,1,1,1,1,0,1
1765,NA,NA,SD,2023-09-24,NA,NA,NA,NA,NA,NA,NA,NA,NA,NA,NA,NA,NA,NA,NA,NA,NA,NA,NA,NA
1766,NA,NA,SD,2023-09-25,NA,NA,NA,NA,NA,NA,NA,NA,NA,NA,NA,NA,NA,NA,NA,NA,NA,NA,NA,NA
1767,NA,NA,SD,2023-09-26,NA,NA,NA,NA,NA,NA,NA,NA,NA,NA,NA,NA,NA,NA,NA,NA,NA,NA,NA,NA
1768,NA,NA,SD,2023-09-27,NA,NA,NA,NA,NA,NA,NA,NA,NA,NA,NA,NA,NA,NA,NA,NA,NA,NA,NA,NA
1769,NA,NA,SD,2023-09-28,NA,NA,NA,NA,NA,NA,NA,NA,NA,NA,NA,NA,NA,NA,NA,NA,NA,NA,NA,NA
1770,0.287050365406127,0.1794865142613395,SD,2023-09-29,1,1,1,1,1,1,1,1,1,1,1,1,1,1,1,1,1,1,1,1
1771,NA,NA,SD,2023-09-30,NA,NA,NA,NA,NA,NA,NA,NA,NA,NA,NA,NA,NA,NA,NA,NA,NA,NA,NA,NA
1772,0.392733039467665,0.2953404387859475,SD,2023-10-01,1,1,1,1,1,1,1,1,1,1,1,1,1,0,1,0,1,1,1,1
1773,1.92619203722359,0.52552807876501,SD,2023-10-02,0,0,1,1,1,0,1,1,1,1,0,0,0,0,0,0,1,1,1,1
1774,0.82031476647393,0.3475618999408435,SD,2023-10-03,1,1,1,1,1,1,1,1,0,1,0,1,0,0,1,0,1,1,0,1
1775,1.24877160895886,0.61241720008389,SD,2023-10-04,1,1,1,1,0,1,1,1,0,1,1,1,1,1,1,0,1,1,0,1
1776,0.831407385032183,0.594319842934125,SD,2023-10-05,1,1,1,1,0,1,1,1,1,1,1,1,1,1,0,0,1,1,1,1
1777,NA,NA,SD,2023-10-06,NA,NA,NA,NA,NA,NA,NA,NA,NA,NA,NA,NA,NA,NA,NA,NA,NA,NA,NA,NA
1778,NA,NA,SD,2023-10-07,NA,NA,NA,NA,NA,NA,NA,NA,NA,NA,NA,NA,NA,NA,NA,NA,NA,NA,NA,NA
1779,NA,NA,SD,2023-10-08,NA,NA,NA,NA,NA,NA,NA,NA,NA,NA,NA,NA,NA,NA,NA,NA,NA,NA,NA,NA
1780,NA,NA,SD,2023-10-09,NA,NA,NA,NA,NA,NA,NA,NA,NA,NA,NA,NA,NA,NA,NA,NA,NA,NA,NA,NA
1781,0.232219226650212,0.145860156164979,SD,2023-10-10,1,1,1,1,1,1,1,1,1,1,1,1,1,1,0,0,1,1,1,1
1782,NA,NA,SD,2023-10-11,NA,NA,NA,NA,NA,NA,NA,NA,NA,NA,NA,NA,NA,NA,NA,NA,NA,NA,NA,NA
1783,NA,NA,SD,2023-10-12,NA,NA,NA,NA,NA,NA,NA,NA,NA,NA,NA,NA,NA,NA,NA,NA,NA,NA,NA,NA
1784,NA,NA,SD,2023-10-13,NA,NA,NA,NA,NA,NA,NA,NA,NA,NA,NA,NA,NA,NA,NA,NA,NA,NA,NA,NA
1785,NA,NA,SD,2023-10-14,NA,NA,NA,NA,NA,NA,NA,NA,NA,NA,NA,NA,NA,NA,NA,NA,NA,NA,NA,NA
1786,NA,NA,SD,2023-10-15,NA,NA,NA,NA,NA,NA,NA,NA,NA,NA,NA,NA,NA,NA,NA,NA,NA,NA,NA,NA
1787,0.624351641979263,0.4739640953505135,SD,2023-10-16,1,1,0,1,1,1,1,1,1,1,1,1,1,1,1,1,1,1,1,1
1788,0.650149612653554,0.4778146121258715,SD,2023-10-17,1,1,0,1,1,1,1,1,1,1,1,1,0,1,1,0,1,1,1,1
1789,NA,NA,SD,2023-10-18,NA,NA,NA,NA,NA,NA,NA,NA,NA,NA,NA,NA,NA,NA,NA,NA,NA,NA,NA,NA
1790,0.204762524902429,0.1229407334549475,SD,2023-10-19,1,1,1,1,1,1,1,1,1,1,1,1,1,1,1,1,1,1,1,1
1791,NA,NA,SD,2023-10-20,NA,NA,NA,NA,NA,NA,NA,NA,NA,NA,NA,NA,NA,NA,NA,NA,NA,NA,NA,NA
1792,NA,NA,SD,2023-10-21,NA,NA,NA,NA,NA,NA,NA,NA,NA,NA,NA,NA,NA,NA,NA,NA,NA,NA,NA,NA
1793,NA,NA,SD,2023-10-22,NA,NA,NA,NA,NA,NA,NA,NA,NA,NA,NA,NA,NA,NA,NA,NA,NA,NA,NA,NA
1794,NA,NA,SD,2023-10-23,NA,NA,NA,NA,NA,NA,NA,NA,NA,NA,NA,NA,NA,NA,NA,NA,NA,NA,NA,NA
1795,0.181867142722681,0.112140620448308,SD,2023-10-24,1,1,1,1,1,1,1,1,1,1,1,1,1,1,1,1,1,1,1,1
1796,NA,NA,SD,2023-10-25,NA,NA,NA,NA,NA,NA,NA,NA,NA,NA,NA,NA,NA,NA,NA,NA,NA,NA,NA,NA
1797,NA,NA,SD,2023-10-26,NA,NA,NA,NA,NA,NA,NA,NA,NA,NA,NA,NA,NA,NA,NA,NA,NA,NA,NA,NA
1798,0.698186869414419,0.51599336946844,SD,2023-10-27,1,1,0,1,1,1,1,1,1,1,1,1,0,1,1,0,1,1,1,1
1799,NA,NA,SD,2023-10-28,NA,NA,NA,NA,NA,NA,NA,NA,NA,NA,NA,NA,NA,NA,NA,NA,NA,NA,NA,NA
1800,NA,NA,SD,2023-10-29,NA,NA,NA,NA,NA,NA,NA,NA,NA,NA,NA,NA,NA,NA,NA,NA,NA,NA,NA,NA
1801,NA,NA,SD,2023-10-30,NA,NA,NA,NA,NA,NA,NA,NA,NA,NA,NA,NA,NA,NA,NA,NA,NA,NA,NA,NA
1802,NA,NA,SD,2023-10-31,NA,NA,NA,NA,NA,NA,NA,NA,NA,NA,NA,NA,NA,NA,NA,NA,NA,NA,NA,NA
1803,NA,NA,SD,2023-11-01,NA,NA,NA,NA,NA,NA,NA,NA,NA,NA,NA,NA,NA,NA,NA,NA,NA,NA,NA,NA
1804,0.423562437151507,0.096354268622955,SD,2023-11-02,1,1,1,1,1,1,1,1,1,1,1,0,1,1,1,0,1,1,1,1
1805,0.736006659457119,0.54160496686356,SD,2023-11-03,1,1,0,1,1,1,1,1,1,1,1,1,0,1,1,0,1,1,1,1
1806,NA,NA,SD,2023-11-04,NA,NA,NA,NA,NA,NA,NA,NA,NA,NA,NA,NA,NA,NA,NA,NA,NA,NA,NA,NA
1807,0.305960889698484,0.230108617479943,TN,2023-09-24,1,1,1,1,1,1,1,1,1,1,1,1,0,1,1,0,1,1,1,1
1808,0.514733355460889,0.2624697601625925,TN,2023-09-25,1,1,1,1,1,1,1,1,1,1,1,1,1,1,1,1,1,1,1,1
1809,1.48597700978169,0.503747576309285,TN,2023-09-26,1,0,1,1,1,0,1,0,1,1,1,0,1,1,1,0,1,1,1,1
1810,1.13554165742025,0.4696294786345215,TN,2023-09-27,1,0,1,0,1,1,1,1,1,1,1,0,0,1,1,1,1,1,1,1
1811,0.323305753929288,0.2759981093126195,TN,2023-09-28,1,1,1,1,1,1,1,1,1,1,1,1,0,1,1,0,1,1,1,1
1812,0.797850699368034,0.5661366267211,TN,2023-09-29,1,1,1,0,1,1,1,1,1,1,1,1,0,0,1,1,1,1,1,1
1813,1.69034478813038,0.58673061465767,TN,2023-09-30,1,1,1,1,0,1,1,1,1,1,1,1,0,1,0,1,1,1,0,1
1814,0.946321863537399,0.459033944898338,TN,2023-10-01,1,0,1,1,1,1,1,1,1,1,1,0,0,1,1,1,1,1,1,1
1815,1.69142697211253,0.52691417106548,TN,2023-10-02,1,1,0,1,0,1,1,0,0,1,1,1,0,0,0,0,1,0,0,1
1816,0.315211022843794,0.273830122332585,TN,2023-10-03,1,1,1,1,1,1,1,1,1,1,1,1,0,1,1,0,1,1,1,1
1817,2.84317861173812,0.400261138776075,TN,2023-10-04,1,0,0,1,1,1,1,1,1,1,0,0,0,0,1,0,1,0,1,1
1818,1.28603998732203,0.3565237021461465,TN,2023-10-05,1,0,1,1,1,1,0,1,1,1,1,0,1,1,0,0,0,1,1,1
1819,2.07903619787246,0.612486483339165,TN,2023-10-06,1,0,0,1,1,1,1,1,0,1,1,0,0,0,1,1,1,1,0,1
1820,NA,NA,TN,2023-10-07,NA,NA,NA,NA,NA,NA,NA,NA,NA,NA,NA,NA,NA,NA,NA,NA,NA,NA,NA,NA
1821,0.891300630475119,0.620995446789005,TN,2023-10-08,1,0,1,1,1,1,1,1,1,1,1,0,0,1,1,1,1,1,1,1
1822,2.22301626255346,0.529004843722945,TN,2023-10-09,1,1,1,0,1,0,0,1,0,1,1,1,1,0,1,0,0,1,0,1
1823,1.61802860925113,0.477547808047786,TN,2023-10-10,1,1,0,0,1,1,1,1,1,1,1,0,1,0,0,1,1,1,1,1
1824,0.89620546931057,0.435320250150868,TN,2023-10-11,1,1,1,1,0,1,1,1,1,1,1,1,1,1,0,0,1,1,1,1
1825,1.46362541834038,0.2715111518338165,TN,2023-10-12,1,1,0,1,1,0,1,1,1,1,1,1,0,0,1,0,1,1,1,1
1826,0.401731757412334,0.2687275770718465,TN,2023-10-13,1,1,1,1,1,1,1,1,1,1,1,1,1,1,1,1,1,1,1,1
1827,NA,NA,TN,2023-10-14,NA,NA,NA,NA,NA,NA,NA,NA,NA,NA,NA,NA,NA,NA,NA,NA,NA,NA,NA,NA
1828,0.408707959779167,0.263298844654508,TN,2023-10-15,1,1,1,1,1,1,1,1,1,1,1,1,0,1,1,0,1,1,1,1
1829,1.75433639048369,0.4353736973317465,TN,2023-10-16,1,1,1,1,1,1,1,0,1,1,1,1,0,0,1,0,1,0,0,1
1830,1.42027379485867,0.442646096340801,TN,2023-10-17,0,1,1,1,1,1,1,0,1,1,0,0,0,1,0,0,1,0,1,1
1831,2.55720737947491,0.371305952313815,TN,2023-10-18,1,0,0,1,1,0,1,1,1,0,1,0,0,1,0,0,1,1,0,0
1832,1.31863819837514,0.51033306305647,TN,2023-10-19,1,1,1,1,0,0,0,1,1,1,0,1,1,1,0,0,0,1,1,1
1833,2.57858840765704,0.389590194767288,TN,2023-10-20,1,0,1,1,1,1,1,1,1,0,1,0,0,0,1,1,1,1,1,0
1834,3.49259672660089,0.3775326735021335,TN,2023-10-21,1,0,0,1,1,0,1,1,1,1,1,0,0,1,0,0,1,0,0,1
1835,2.97757661186426,0.390225585149035,TN,2023-10-22,0,1,0,1,1,1,1,1,1,0,0,1,1,0,1,0,1,1,0,0
1836,2.71324548558379,0.4923836644066215,TN,2023-10-23,1,0,0,1,1,1,1,1,0,1,1,0,1,0,0,0,1,1,0,1
1837,0.866184418188559,0.24178646576817,TN,2023-10-24,1,1,1,1,1,0,1,1,1,1,1,1,0,1,1,0,1,1,1,1
1838,0.340862817749487,0.2397612957727475,TN,2023-10-25,1,1,1,1,1,1,1,1,1,1,1,1,0,1,1,0,1,1,1,1
1839,0.963823453316142,0.316698339737014,TN,2023-10-26,1,1,0,1,1,1,1,1,1,1,1,1,0,1,1,0,1,1,1,1
1840,NA,NA,TN,2023-10-27,NA,NA,NA,NA,NA,NA,NA,NA,NA,NA,NA,NA,NA,NA,NA,NA,NA,NA,NA,NA
1841,0.838176525324702,0.234225323340485,TN,2023-10-28,1,1,1,1,1,0,1,1,1,1,1,1,1,1,0,0,1,1,0,1
1842,NA,NA,TN,2023-10-29,NA,NA,NA,NA,NA,NA,NA,NA,NA,NA,NA,NA,NA,NA,NA,NA,NA,NA,NA,NA
1843,1.79527639049277,0.4076772518532765,TN,2023-10-30,1,0,0,0,1,1,1,1,1,1,1,0,1,0,0,0,1,1,1,1
1844,1.51142901128785,0.4130138595141335,TN,2023-10-31,1,0,1,1,0,1,1,1,1,1,1,0,0,1,0,1,1,1,1,1
1845,1.22103780572384,0.3979502149287305,TN,2023-11-01,1,1,1,1,1,1,1,1,0,1,1,1,0,1,1,0,1,1,0,1
1846,0.842150007316028,0.4126731178063035,TN,2023-11-02,1,1,1,0,1,1,1,1,1,1,1,1,1,0,1,0,1,1,1,1
1847,1.26952802428281,0.4933169233834645,TN,2023-11-03,1,1,1,1,0,1,1,1,1,0,1,1,0,1,0,1,1,1,1,0
1848,1.00978724209396,0.4927410607178715,TN,2023-11-04,1,0,1,1,1,1,1,1,1,1,1,0,1,1,1,0,1,1,1,1
1849,0.470444208542669,0.3378564883005725,TX,2023-09-24,1,1,1,1,1,1,1,1,1,1,1,1,1,0,1,0,1,1,1,1
1850,1.61376165225162,0.335898742530384,TX,2023-09-25,1,1,0,1,1,1,1,1,1,1,1,1,0,0,0,1,0,0,1,1
1851,1.09747525459903,0.363221454200083,TX,2023-09-26,1,1,1,1,1,1,1,1,1,1,1,1,0,1,0,0,1,1,1,1
1852,2.00946850867129,0.438189648528373,TX,2023-09-27,0,0,1,1,1,0,1,1,1,1,0,0,1,0,0,1,1,1,1,1
1853,4.833945484887,0.3931005669245445,TX,2023-09-28,1,0,0,0,1,0,1,1,1,1,1,0,0,0,0,0,1,0,1,1
1854,2.52304745677591,0.4352079466171635,TX,2023-09-29,1,0,0,1,1,1,1,1,1,1,0,0,0,1,1,0,1,0,1,0
1855,0.770302625458713,0.546297458852605,TX,2023-09-30,1,0,1,1,1,1,1,1,1,1,1,0,1,0,1,1,1,1,1,1
1856,1.1876513030704,0.3930288620006415,TX,2023-10-01,1,0,1,1,1,0,1,1,1,1,1,0,0,1,1,0,1,1,1,1
1857,2.61308684727188,0.3778758130099945,TX,2023-10-02,0,1,1,1,1,0,1,1,1,1,0,1,1,0,0,0,1,1,1,1
1858,2.19397607872494,0.443572221409798,TX,2023-10-03,1,1,0,1,1,1,1,0,1,1,1,1,0,0,0,1,1,0,1,1
1859,1.52795726731261,0.3463443143364965,TX,2023-10-04,1,1,1,1,1,0,1,1,1,1,0,0,1,0,1,0,1,1,1,1
1860,1.05011194534605,0.3633281719517715,TX,2023-10-05,1,1,1,1,1,0,1,1,1,1,1,1,1,1,0,0,1,1,1,1
1861,0.734703232040508,0.397308443825477,TX,2023-10-06,1,1,1,0,1,1,1,1,1,1,1,1,1,1,1,1,1,1,1,1
1862,0.709626230915753,0.4869637638112345,TX,2023-10-07,1,1,1,1,0,1,1,1,1,1,1,1,1,1,1,1,1,1,1,1
1863,NA,NA,TX,2023-10-08,NA,NA,NA,NA,NA,NA,NA,NA,NA,NA,NA,NA,NA,NA,NA,NA,NA,NA,NA,NA
1864,0.909372025654993,0.418770005002512,TX,2023-10-09,0,1,1,1,1,1,1,1,1,1,0,1,0,0,0,0,1,1,1,0
1865,1.15045479441389,0.3724788710789265,TX,2023-10-10,1,1,1,0,1,1,1,1,1,1,1,1,1,0,1,0,0,0,1,1
1866,1.95910667260248,0.351349408808724,TX,2023-10-11,1,1,1,1,1,0,1,0,1,1,1,1,0,0,0,0,1,1,1,1
1867,1.38295965439768,0.382157843628521,TX,2023-10-12,1,1,1,0,1,1,1,1,1,1,1,1,0,0,0,0,1,1,1,1
1868,1.3605971889317101,0.526580633470205,TX,2023-10-13,1,1,1,1,1,1,0,1,1,1,1,1,1,0,0,0,0,1,1,1
1869,NA,NA,TX,2023-10-14,NA,NA,NA,NA,NA,NA,NA,NA,NA,NA,NA,NA,NA,NA,NA,NA,NA,NA,NA,NA
1870,NA,NA,TX,2023-10-15,NA,NA,NA,NA,NA,NA,NA,NA,NA,NA,NA,NA,NA,NA,NA,NA,NA,NA,NA,NA
1871,1.28719338646155,0.50100322470489,TX,2023-10-16,1,1,1,1,1,1,1,0,0,1,1,0,0,0,1,0,1,0,0,1
1872,0.991829369722242,0.4757858012094055,TX,2023-10-17,1,1,1,1,1,1,1,1,1,0,1,1,1,1,1,0,1,1,1,0
1873,1.76238549585386,0.307050480206131,TX,2023-10-18,1,1,1,1,1,0,1,1,1,1,1,0,1,0,0,0,1,0,1,1
1874,0.932046315230446,0.3407465104269415,TX,2023-10-19,1,1,1,1,1,1,1,1,1,1,0,1,1,0,0,0,1,1,1,1
1875,0.825636972452315,0.2566148713625975,TX,2023-10-20,1,1,1,1,1,0,1,1,1,1,1,1,0,1,1,0,1,1,1,1
1876,NA,NA,TX,2023-10-21,NA,NA,NA,NA,NA,NA,NA,NA,NA,NA,NA,NA,NA,NA,NA,NA,NA,NA,NA,NA
1877,0.838899096636499,0.57460783623936,TX,2023-10-22,1,1,1,1,1,1,1,1,0,1,1,1,1,1,0,1,1,1,0,1
1878,1.23432584390632,0.4550441543778335,TX,2023-10-23,1,0,1,1,1,1,1,0,1,1,0,0,0,0,1,1,1,0,1,1
1879,1.14734495249668,0.3586948314064065,TX,2023-10-24,1,1,0,1,1,1,1,1,1,1,1,1,0,0,1,1,0,1,1,1
1880,1.44718105509355,0.4405464348831245,TX,2023-10-25,1,1,1,0,1,1,1,1,1,1,1,1,0,0,1,1,1,1,1,1
1881,1.02801580595592,0.3558290057446905,TX,2023-10-26,1,1,1,1,1,1,1,0,1,1,1,1,0,1,1,0,1,1,1,1
1882,0.678935982504638,0.3720847784501655,TX,2023-10-27,1,1,1,0,1,1,1,1,1,1,1,0,1,1,1,0,1,1,1,1
1883,NA,NA,TX,2023-10-28,NA,NA,NA,NA,NA,NA,NA,NA,NA,NA,NA,NA,NA,NA,NA,NA,NA,NA,NA,NA
1884,NA,NA,TX,2023-10-29,NA,NA,NA,NA,NA,NA,NA,NA,NA,NA,NA,NA,NA,NA,NA,NA,NA,NA,NA,NA
1885,0.9072503106539,0.265500960171072,TX,2023-10-30,1,1,1,1,1,0,1,1,1,1,1,1,0,1,0,1,1,1,1,1
1886,0.743778894410106,0.52146400039169,TX,2023-10-31,1,1,1,1,0,1,1,1,1,1,1,1,1,1,0,0,1,1,1,1
1887,1.76107632428687,0.3484354901125335,TX,2023-11-01,0,1,0,1,1,0,1,0,1,1,0,1,0,0,1,0,1,1,1,1
1888,0.842646088134217,0.320352060392348,TX,2023-11-02,1,1,1,1,1,1,1,1,1,1,1,1,1,0,1,0,1,1,1,1
1889,0.916953207006244,0.3899563410960325,TX,2023-11-03,1,0,1,1,1,1,1,1,1,1,1,0,1,1,0,0,1,1,1,0
1890,NA,NA,TX,2023-11-04,NA,NA,NA,NA,NA,NA,NA,NA,NA,NA,NA,NA,NA,NA,NA,NA,NA,NA,NA,NA
1891,NA,NA,UT,2023-09-24,NA,NA,NA,NA,NA,NA,NA,NA,NA,NA,NA,NA,NA,NA,NA,NA,NA,NA,NA,NA
1892,0.913947133050285,0.3669397563261825,UT,2023-09-25,1,1,1,1,1,1,0,1,1,1,1,1,0,1,0,0,0,1,1,1
1893,0.348517913468437,0.2584167712864005,UT,2023-09-26,1,1,1,1,1,1,1,1,1,1,1,1,1,1,1,1,1,1,1,1
1894,0.422832122085616,0.2980618062748455,UT,2023-09-27,1,1,1,1,1,1,1,1,1,1,1,1,1,0,1,0,1,1,1,1
1895,2.49068539701131,0.4709028500291005,UT,2023-09-28,0,1,1,1,1,0,1,0,1,0,0,0,1,1,0,0,1,0,1,0
1896,0.518050158373599,0.34671282052298,UT,2023-09-29,1,1,1,1,1,1,1,1,1,1,1,1,0,0,1,1,1,1,1,1
1897,NA,NA,UT,2023-09-30,NA,NA,NA,NA,NA,NA,NA,NA,NA,NA,NA,NA,NA,NA,NA,NA,NA,NA,NA,NA
1898,NA,NA,UT,2023-10-01,NA,NA,NA,NA,NA,NA,NA,NA,NA,NA,NA,NA,NA,NA,NA,NA,NA,NA,NA,NA
1899,0.613340701654414,0.276109182826142,UT,2023-10-02,1,1,1,1,1,1,1,1,1,1,1,1,1,1,1,1,1,1,1,1
1900,0.690350976188141,0.377768680916143,UT,2023-10-03,1,1,1,1,0,1,1,1,1,1,1,1,0,0,0,0,1,1,1,1
1901,0.537848681505335,0.3608967939515045,UT,2023-10-04,1,1,0,1,1,1,1,1,1,1,1,1,0,1,1,0,1,1,1,1
1902,3.99220700044949,0.469442367467946,UT,2023-10-05,1,1,0,1,0,0,1,1,0,1,0,0,0,1,0,0,1,0,0,1
1903,1.19041110770538,0.366900333365952,UT,2023-10-06,1,1,0,1,1,1,1,1,1,1,1,1,0,0,0,1,1,1,1,1
1904,NA,NA,UT,2023-10-07,NA,NA,NA,NA,NA,NA,NA,NA,NA,NA,NA,NA,NA,NA,NA,NA,NA,NA,NA,NA
1905,NA,NA,UT,2023-10-08,NA,NA,NA,NA,NA,NA,NA,NA,NA,NA,NA,NA,NA,NA,NA,NA,NA,NA,NA,NA
1906,0.567095947315563,0.376227680318296,UT,2023-10-09,1,1,0,1,1,1,1,1,1,1,1,1,0,0,1,1,1,1,1,1
1907,0.419595880334565,0.2942781854766565,UT,2023-10-10,1,1,1,1,1,1,1,1,1,1,1,0,0,1,1,1,1,1,1,1
1908,0.903991231881633,0.4603696622411015,UT,2023-10-11,1,1,1,1,0,1,1,1,1,1,1,1,0,1,1,0,1,1,1,1
1909,1.96741565091661,0.425772526546734,UT,2023-10-12,1,1,0,1,1,0,1,1,1,1,1,1,0,1,1,0,1,1,1,1
1910,0.760170011411719,0.547626610355385,UT,2023-10-13,1,1,1,0,1,1,1,1,1,1,1,1,1,0,1,1,1,1,0,1
1911,NA,NA,UT,2023-10-14,NA,NA,NA,NA,NA,NA,NA,NA,NA,NA,NA,NA,NA,NA,NA,NA,NA,NA,NA,NA
1912,NA,NA,UT,2023-10-15,NA,NA,NA,NA,NA,NA,NA,NA,NA,NA,NA,NA,NA,NA,NA,NA,NA,NA,NA,NA
1913,0.638640682155766,0.190117764202498,UT,2023-10-16,1,1,1,1,1,0,1,1,1,1,1,1,1,1,1,1,1,1,1,1
1914,0.255868681674588,0.1871057317834875,UT,2023-10-17,1,1,1,1,1,1,1,1,1,1,0,1,1,1,1,0,1,1,1,1
1915,6.23580055447251,0.4571383841953605,UT,2023-10-18,1,1,0,1,1,0,1,1,0,1,0,0,0,0,0,0,1,1,1,1
1916,1.07608979620573,0.512692211072815,UT,2023-10-19,1,0,1,1,1,1,1,1,1,1,1,0,0,1,1,0,1,1,1,1
1917,NA,NA,UT,2023-10-20,NA,NA,NA,NA,NA,NA,NA,NA,NA,NA,NA,NA,NA,NA,NA,NA,NA,NA,NA,NA
1918,NA,NA,UT,2023-10-21,NA,NA,NA,NA,NA,NA,NA,NA,NA,NA,NA,NA,NA,NA,NA,NA,NA,NA,NA,NA
1919,NA,NA,UT,2023-10-22,NA,NA,NA,NA,NA,NA,NA,NA,NA,NA,NA,NA,NA,NA,NA,NA,NA,NA,NA,NA
1920,1.44134859836567,0.53707152322267,UT,2023-10-23,1,0,1,1,0,0,1,1,1,1,1,0,1,1,0,0,1,1,0,1
1921,NA,NA,UT,2023-10-24,NA,NA,NA,NA,NA,NA,NA,NA,NA,NA,NA,NA,NA,NA,NA,NA,NA,NA,NA,NA
1922,0.628735223185459,0.4308393295683815,UT,2023-10-25,1,1,0,1,1,1,1,1,1,1,1,1,0,0,1,1,1,1,1,1
1923,0.653694268227098,0.434423535184365,UT,2023-10-26,1,1,0,1,1,1,1,1,1,1,1,1,0,1,1,0,1,1,1,1
1924,0.213009313294821,0.159912239814149,UT,2023-10-27,1,1,1,1,1,1,1,1,1,1,1,1,0,1,1,0,1,1,1,1
1925,NA,NA,UT,2023-10-28,NA,NA,NA,NA,NA,NA,NA,NA,NA,NA,NA,NA,NA,NA,NA,NA,NA,NA,NA,NA
1926,NA,NA,UT,2023-10-29,NA,NA,NA,NA,NA,NA,NA,NA,NA,NA,NA,NA,NA,NA,NA,NA,NA,NA,NA,NA
1927,0.660228316722665,0.4488237849101625,UT,2023-10-30,1,1,0,1,1,1,1,1,1,1,1,1,0,1,1,0,1,1,1,1
1928,NA,NA,UT,2023-10-31,NA,NA,NA,NA,NA,NA,NA,NA,NA,NA,NA,NA,NA,NA,NA,NA,NA,NA,NA,NA
1929,1.81944232598424,0.394044095542647,UT,2023-11-01,1,0,1,1,1,1,1,0,1,1,1,0,0,0,1,0,1,0,0,1
1930,1.96789200298188,0.526089785634995,UT,2023-11-02,1,0,1,1,1,1,1,1,1,0,0,0,1,1,1,0,1,1,1,0
1931,NA,NA,UT,2023-11-03,NA,NA,NA,NA,NA,NA,NA,NA,NA,NA,NA,NA,NA,NA,NA,NA,NA,NA,NA,NA
1932,NA,NA,UT,2023-11-04,NA,NA,NA,NA,NA,NA,NA,NA,NA,NA,NA,NA,NA,NA,NA,NA,NA,NA,NA,NA
1933,3.18656523773306,0.438174304973839,VA,2023-09-24,0,1,1,0,1,0,1,1,1,1,0,1,0,0,0,0,1,1,1,1
1934,4.32301176700498,0.331106157827607,VA,2023-09-25,1,1,0,1,1,0,1,1,1,1,0,0,0,0,1,0,1,0,0,1
1935,3.94083665126457,0.3819883272789215,VA,2023-09-26,1,1,0,1,1,0,1,1,1,1,1,0,0,0,1,0,1,1,1,1
1936,2.45478163783743,0.4260191742444405,VA,2023-09-27,0,1,1,1,1,0,0,1,1,1,0,1,0,0,1,0,0,0,0,1
1937,2.78033661558166,0.3732791821963305,VA,2023-09-28,1,1,1,0,0,1,1,1,1,1,0,0,0,0,0,0,1,0,0,1
1938,3.84492610422696,0.371894816856759,VA,2023-09-29,1,1,0,1,1,1,1,0,1,1,0,1,1,0,0,0,0,0,0,1
1939,2.09054317344382,0.424328613931638,VA,2023-09-30,1,1,0,0,1,1,1,1,1,1,0,1,0,0,0,1,1,0,1,1
1940,2.15693520429911,0.4313838009456595,VA,2023-10-01,1,0,1,1,1,0,0,1,1,1,0,0,0,0,0,0,0,1,1,1
1941,5.0870379199986004,0.3677298667630725,VA,2023-10-02,1,1,0,0,0,1,1,1,1,1,1,1,0,0,0,0,1,0,0,1
1942,2.59205121008335,0.381374860059559,VA,2023-10-03,1,1,1,0,1,1,0,1,1,1,0,1,0,0,0,0,0,0,1,1
1943,3.24059324795503,0.3438256330594945,VA,2023-10-04,0,1,0,1,1,0,1,1,1,1,0,0,0,0,0,0,1,1,0,1
1944,3.27141081864342,0.418655089217402,VA,2023-10-05,1,1,1,0,1,0,0,1,1,1,0,1,0,1,1,0,0,0,0,1
1945,2.32222498516083,0.3911502882756515,VA,2023-10-06,1,0,1,1,1,1,1,1,1,1,1,0,0,0,0,1,0,1,0,1
1946,1.89231043902264,0.37049081584078303,VA,2023-10-07,1,1,1,0,1,1,0,1,1,1,1,1,0,0,0,0,0,1,1,1
1947,3.15137853955305,0.219721467493471,VA,2023-10-08,1,1,0,1,1,0,1,1,1,1,0,0,0,0,1,0,1,1,1,1
1948,3.73372170858607,0.4109120566270465,VA,2023-10-09,1,1,0,0,1,1,1,0,1,0,1,1,0,0,1,1,1,1,0,0
1949,3.32094268008218,0.3678617506150975,VA,2023-10-10,1,1,1,0,1,1,0,1,1,1,1,1,0,1,0,0,0,0,0,1
1950,3.4686599715647,0.4482233250368115,VA,2023-10-11,1,0,1,1,1,0,1,1,1,0,1,0,0,0,0,0,0,0,1,0
1951,4.31213864487362,0.361802419803112,VA,2023-10-12,1,1,0,0,1,1,0,1,1,1,1,1,1,0,0,0,0,1,0,1
1952,2.79078796113546,0.4063027421814155,VA,2023-10-13,1,0,0,1,1,1,0,1,1,1,0,0,1,0,1,0,0,1,0,1
1953,3.17823747691019,0.420869267019939,VA,2023-10-14,1,1,1,0,1,0,1,1,1,1,0,1,0,0,0,0,1,1,1,1
1954,0.863797909096351,0.299025213883604,VA,2023-10-15,1,1,1,1,1,1,1,1,1,1,1,1,0,0,1,1,1,1,1,1
1955,2.08214055538376,0.2841195110343975,VA,2023-10-16,1,1,1,1,1,0,1,1,1,1,0,0,1,0,1,0,1,0,1,1
1956,1.21265336716283,0.392290991117508,VA,2023-10-17,0,1,1,1,1,1,1,1,1,1,0,1,1,0,1,0,1,0,0,1
1957,2.03551203652377,0.3949621013222685,VA,2023-10-18,0,1,0,1,1,1,1,0,1,1,0,1,0,1,0,0,1,0,0,1
1958,1.65977677710655,0.314062512654324,VA,2023-10-19,1,1,1,1,1,1,1,1,1,1,0,1,0,0,1,1,1,0,1,1
1959,4.90216458296528,0.433567224112112,VA,2023-10-20,1,1,1,0,1,0,0,0,1,1,0,1,0,0,0,0,0,0,0,1
1960,1.33131904650457,0.375184739767649,VA,2023-10-21,1,0,1,1,1,1,1,1,1,0,0,0,0,0,0,0,1,0,1,0
1961,2.74044087149867,0.3570199221894745,VA,2023-10-22,1,1,0,1,0,1,0,1,0,1,1,0,0,0,0,0,1,1,0,1
1962,3.60888474050521,0.390569693735674,VA,2023-10-23,1,1,1,1,1,1,1,1,1,0,0,1,1,1,1,0,1,0,0,0
1963,2.44509182830624,0.38141392581689,VA,2023-10-24,1,0,1,0,1,1,1,1,1,0,0,0,0,0,0,0,0,0,0,0
1964,3.70867512068368,0.1748431102692785,VA,2023-10-25,1,1,0,1,1,0,1,1,1,1,1,1,1,1,1,0,1,0,0,1
1965,3.73120684879379,0.4150171299733675,VA,2023-10-26,1,0,1,0,1,0,1,1,1,0,0,0,0,0,0,0,0,1,0,0
1966,2.75255492304526,0.4118035073635235,VA,2023-10-27,1,0,1,1,1,1,0,1,1,0,0,0,0,0,1,0,0,0,0,0
1967,1.29189478704692,0.2623248830763645,VA,2023-10-28,1,1,1,1,1,1,1,1,1,0,1,1,1,1,1,0,1,1,0,0
1968,1.31579747028795,0.261160338601236,VA,2023-10-29,1,1,1,1,1,1,1,1,1,1,0,1,0,0,1,0,1,1,1,1
1969,7.99103289614269,0.469616254637859,VA,2023-10-30,1,0,1,0,1,0,0,1,1,1,0,0,0,0,0,0,0,1,0,1
1970,3.35905321497541,0.3199912077497615,VA,2023-10-31,1,0,0,0,1,1,1,1,1,0,1,0,0,0,1,0,1,1,0,0
1971,1.38218977778911,0.3795805978058985,VA,2023-11-01,1,1,1,0,1,1,1,1,1,0,1,0,0,0,1,0,1,1,0,0
1972,2.53795834482253,0.2970917221982445,VA,2023-11-02,1,1,1,1,0,1,1,1,0,0,0,1,0,0,0,0,0,0,0,0
1973,3.33292466523533,0.419467016197866,VA,2023-11-03,0,0,0,0,1,0,1,1,1,0,0,0,0,0,1,0,0,0,0,0
1974,2.63380929148264,0.391087823869851,VA,2023-11-04,0,1,1,0,1,1,1,1,1,0,0,1,1,0,1,0,1,0,0,0
1975,1.50498824777945,0.507065194063815,VT,2023-09-24,0,1,1,1,1,1,1,0,1,0,0,1,1,0,1,0,1,0,1,0
1976,0.58265956058752,0.155999711131573,VT,2023-09-25,1,1,1,1,1,1,1,1,1,1,1,1,1,1,1,1,1,1,1,1
1977,2.28616656465337,0.551522146021235,VT,2023-09-26,1,1,0,1,1,0,1,0,1,0,1,0,0,1,1,0,1,0,1,0
1978,1.75149732578821,0.3761810019330875,VT,2023-09-27,1,0,1,1,1,1,1,1,0,1,1,0,1,0,0,0,1,1,1,1
1979,3.24343437313143,0.491044537651005,VT,2023-09-28,1,1,1,0,0,0,1,1,1,1,1,1,0,0,0,0,1,0,1,1
1980,1.02485205599527,0.2180525738227995,VT,2023-09-29,1,1,1,1,1,0,1,1,1,1,1,1,0,0,1,1,1,1,1,1
1981,NA,NA,VT,2023-09-30,NA,NA,NA,NA,NA,NA,NA,NA,NA,NA,NA,NA,NA,NA,NA,NA,NA,NA,NA,NA
1982,0.539198867122892,0.325576423043998,VT,2023-10-01,1,1,1,1,1,1,1,1,1,1,1,1,1,0,1,0,1,1,1,1
1983,0.563965754081269,0.262467947148111,VT,2023-10-02,1,1,1,1,1,1,1,1,1,1,1,1,1,1,1,0,1,0,1,1
1984,0.954313393035945,0.3922572561739805,VT,2023-10-03,1,1,1,1,1,1,1,1,0,1,1,1,0,0,0,0,1,1,0,1
1985,1.31442233789612,0.3800713809802295,VT,2023-10-04,1,1,1,1,1,1,1,0,1,0,1,1,0,0,0,1,1,0,1,0
1986,1.25928500202952,0.59434684160656,VT,2023-10-05,1,0,0,1,1,0,1,1,1,1,1,0,1,1,0,1,1,1,1,1
1987,0.975320416323073,0.2772847388777085,VT,2023-10-06,1,1,1,1,1,1,1,0,1,1,1,1,1,0,1,1,1,0,1,1
1988,0.160397415091272,0.122001744742011,VT,2023-10-07,1,1,1,1,1,1,1,1,1,1,1,1,1,0,1,0,1,1,1,1
1989,1.04916466677463,0.287521541703589,VT,2023-10-08,1,1,1,0,1,1,1,1,1,1,1,1,0,0,1,1,1,1,1,1
1990,0.798353485373084,0.2958636223951175,VT,2023-10-09,1,1,1,1,1,1,1,1,0,1,1,1,0,1,1,0,1,0,0,1
1991,1.54015326362751,0.424092136197845,VT,2023-10-10,0,1,0,1,1,0,1,1,1,1,0,1,0,0,1,0,1,1,1,1
1992,1.78864095587968,0.4094696182903125,VT,2023-10-11,1,0,1,1,1,1,1,0,1,1,1,0,0,0,1,0,1,0,1,1
1993,1.91822230955444,0.459595454823796,VT,2023-10-12,1,0,1,0,1,0,1,1,0,1,1,0,0,0,1,0,1,1,0,1
1994,2.15725022220598,0.3469790895974265,VT,2023-10-13,1,1,0,1,1,1,1,1,0,1,0,1,0,0,0,1,1,1,0,1
1995,2.03400475977278,0.4464906515772935,VT,2023-10-14,0,1,1,1,1,0,0,1,1,1,0,1,1,1,1,0,0,1,0,1
1996,1.54739589761165,0.3417620340332225,VT,2023-10-15,1,1,1,1,1,1,0,1,0,1,0,1,0,0,1,0,0,1,0,1
1997,2.80131615521743,0.413507439925241,VT,2023-10-16,1,1,1,0,1,0,1,1,1,1,1,1,0,0,1,0,1,1,1,1
1998,1.50047633473433,0.3850141506356315,VT,2023-10-17,0,1,1,1,1,1,1,1,1,1,0,1,0,0,1,0,1,1,1,1
1999,NA,NA,VT,2023-10-18,NA,NA,NA,NA,NA,NA,NA,NA,NA,NA,NA,NA,NA,NA,NA,NA,NA,NA,NA,NA
2000,1.69090592052912,0.344341268140697,VT,2023-10-19,1,1,1,0,1,1,1,1,1,1,0,1,0,0,0,0,1,0,1,1
2001,0.996620455930671,0.3168193842869055,VT,2023-10-20,1,1,1,1,0,1,1,0,1,1,1,1,1,1,0,0,1,0,1,1
2002,0.99619911331003,0.3166551899282825,VT,2023-10-21,1,1,1,1,0,1,1,0,1,1,1,1,1,0,1,0,1,0,0,1
2003,0.387916565387558,0.0901090260263815,VT,2023-10-22,1,1,1,1,1,1,1,1,1,1,1,1,1,1,1,1,1,1,1,1
2004,0.960560333180566,0.3125678545138325,VT,2023-10-23,1,1,1,1,1,1,0,1,1,1,1,1,1,0,1,1,0,1,1,1
2005,0.60063667246907,0.0867820640409365,VT,2023-10-24,1,1,1,1,1,1,1,1,1,1,1,1,0,1,1,0,1,1,1,1
2006,0.685704722420336,0.2780236341068375,VT,2023-10-25,1,1,1,1,1,1,1,1,0,1,1,1,0,1,1,1,1,1,0,1
2007,1.83539581510822,0.644775099274165,VT,2023-10-26,1,1,1,1,1,0,1,0,0,1,1,1,1,0,0,0,1,0,0,1
2008,1.4389190375558,0.2772418860877205,VT,2023-10-27,1,1,1,1,1,1,1,0,1,1,1,1,1,0,1,0,1,0,1,1
2009,0.814073485433424,0.3905313532393205,VT,2023-10-28,0,1,1,1,1,1,1,1,1,1,0,1,1,1,0,1,1,1,1,1
2010,0.567907191920221,0.2579727317458035,VT,2023-10-29,1,1,1,1,1,1,1,1,1,1,1,1,1,0,1,0,1,1,1,1
2011,1.90050664006688,0.519309476720805,VT,2023-10-30,1,1,1,1,1,0,1,0,0,1,1,1,1,1,1,0,1,1,0,1
2012,0.630556322946351,0.213792456776619,VT,2023-10-31,1,1,1,1,1,1,1,1,1,1,1,1,0,1,1,1,1,1,0,1
2013,0.990269473490192,0.713374829307775,VT,2023-11-01,1,0,1,1,1,1,1,1,1,1,1,0,1,1,1,0,1,1,1,1
2014,1.21586578123935,0.4838297777120965,VT,2023-11-02,1,0,1,1,1,1,1,1,0,1,1,0,0,0,1,1,1,1,0,1
2015,0.618176146974429,0.260103885146377,VT,2023-11-03,1,1,0,1,1,1,1,1,1,1,1,1,1,1,1,1,1,1,1,1
2016,1.56942919088286,0.52122873850963,VT,2023-11-04,1,0,1,1,1,0,1,1,1,1,1,0,1,1,1,0,1,0,0,1
2017,2.18757411066109,0.309884690755179,WA,2023-09-24,1,1,0,0,1,1,1,1,1,1,0,0,0,1,0,0,1,1,1,1
2018,3.00684609942365,0.3945467913906215,WA,2023-09-25,1,1,1,1,1,1,1,1,0,0,1,0,0,0,1,0,0,1,0,0
2019,2.29572183866733,0.3396107444500535,WA,2023-09-26,1,1,1,0,1,1,1,1,1,1,1,0,0,0,0,0,0,1,0,1
2020,1.76556502390797,0.3679597969383015,WA,2023-09-27,0,1,1,1,1,1,1,1,1,1,0,1,0,0,1,0,1,0,1,0
2021,4.41281005295163,0.345946450742741,WA,2023-09-28,1,1,0,1,1,0,0,1,1,0,0,1,0,0,0,0,0,1,1,0
2022,1.50384456543214,0.347452079304812,WA,2023-09-29,1,1,0,1,1,1,1,1,1,1,0,1,0,0,0,0,1,1,1,1
2023,3.5433819302592102,0.2342476140516235,WA,2023-09-30,1,1,0,1,1,0,1,1,1,1,1,1,1,0,0,0,1,0,0,1
2024,1.73325522722567,0.4371338500227625,WA,2023-10-01,1,0,1,1,1,0,1,0,1,1,1,0,0,0,0,0,1,0,1,1
2025,1.728160840207,0.343988630571953,WA,2023-10-02,1,1,1,1,1,1,1,1,1,0,1,0,0,1,0,0,1,1,0,1
2026,4.12667230146726,0.308066395551073,WA,2023-10-03,1,0,1,0,1,0,0,1,1,1,1,1,0,0,0,0,0,1,0,1
2027,2.57023487133571,0.320370794765905,WA,2023-10-04,1,0,1,1,0,1,1,1,1,1,1,0,0,1,0,0,1,1,0,1
2028,2.27425228078237,0.4143720642889095,WA,2023-10-05,1,0,1,1,1,1,1,0,1,1,0,0,1,0,1,0,1,0,1,1
2029,3.02779538566617,0.391227567935128,WA,2023-10-06,1,0,1,1,1,0,0,1,1,1,1,0,1,1,0,0,1,0,0,1
2030,1.41128914903445,0.3393891960125665,WA,2023-10-07,1,0,1,1,1,1,0,1,1,1,1,0,0,0,0,0,0,1,1,1
2031,1.13167625283998,0.3135458884618365,WA,2023-10-08,1,1,1,0,1,1,1,1,1,1,1,1,0,0,1,0,1,1,1,1
2032,2.19384787429311,0.338617475104902,WA,2023-10-09,1,0,1,1,0,1,1,1,0,1,1,0,0,0,0,0,1,0,0,1
2033,2.1514924918107,0.3617328673691625,WA,2023-10-10,1,1,0,1,1,1,1,1,1,1,0,0,0,0,0,0,1,1,1,1
2034,1.79832866564239,0.4224372759269305,WA,2023-10-11,1,1,1,1,1,1,1,0,1,1,1,1,0,0,0,0,1,0,0,1
2035,1.60245443915856,0.3780386414297395,WA,2023-10-12,1,0,1,1,1,1,1,1,1,0,0,0,0,0,0,0,1,1,0,0
2036,1.01034590445032,0.333208339516165,WA,2023-10-13,1,0,1,1,1,1,1,1,1,1,1,0,0,1,0,1,1,1,0,1
2037,1.75701786802473,0.4840517571816495,WA,2023-10-14,1,1,1,0,1,1,0,1,1,1,1,1,0,0,1,1,0,1,0,1
2038,1.05797598415606,0.2827066558353895,WA,2023-10-15,1,1,1,1,1,1,1,1,1,0,1,0,0,1,0,0,1,1,1,0
2039,1.76708383206236,0.382459812272235,WA,2023-10-16,1,0,1,1,1,1,1,1,1,1,1,0,0,1,0,0,1,1,0,1
2040,2.93665444137966,0.365147959308046,WA,2023-10-17,1,1,0,1,1,1,1,1,0,1,0,1,0,0,1,1,1,0,0,1
2041,3.21910538113316,0.4589481557862725,WA,2023-10-18,1,0,1,0,1,0,0,0,1,1,1,0,0,0,0,0,0,0,1,1
2042,6.23360136073053,0.60047802860151,WA,2023-10-19,1,0,0,1,1,0,0,0,1,1,1,0,0,0,1,0,0,0,1,1
2043,1.73942086554516,0.481176102294982,WA,2023-10-20,1,1,1,1,1,0,0,0,1,1,1,1,0,0,1,1,0,1,0,1
2044,1.81690245825882,0.641040016426105,WA,2023-10-21,1,0,1,1,1,0,0,1,0,1,1,0,1,1,1,0,0,0,0,1
2045,3.18048721513852,0.457721882925048,WA,2023-10-22,1,0,0,1,1,1,1,0,1,1,0,0,0,0,1,0,1,0,0,1
2046,4.98976284165689,0.4858892102686795,WA,2023-10-23,1,0,1,1,1,0,0,1,1,0,0,0,0,0,0,0,0,1,0,0
2047,1.33831096988973,0.202971681142195,WA,2023-10-24,1,1,1,1,1,0,1,1,1,1,1,0,0,0,1,0,1,1,1,1
2048,3.35779972447828,0.4850541720531315,WA,2023-10-25,1,1,0,1,1,0,1,0,0,1,1,1,0,0,0,0,1,0,1,1
2049,2.45627184109303,0.365202916122478,WA,2023-10-26,1,0,1,1,1,1,0,1,1,1,1,0,0,0,0,0,0,1,0,1
2050,2.00336744482564,0.472409419271636,WA,2023-10-27,0,1,1,1,1,0,1,0,1,1,0,1,0,0,0,0,1,0,1,1
2051,3.32213285538797,0.446926840279539,WA,2023-10-28,1,1,1,0,1,0,1,0,1,1,1,1,0,0,1,1,1,0,1,1
2052,1.19971814400321,0.3933787058505555,WA,2023-10-29,0,1,1,1,1,1,1,1,1,0,1,1,1,1,0,1,1,1,1,0
2053,3.49227754689528,0.38030680579863,WA,2023-10-30,1,1,1,0,1,0,0,1,1,1,1,1,0,0,1,0,0,1,0,1
2054,2.26924181890671,0.437209713236278,WA,2023-10-31,1,0,1,0,1,0,0,0,1,1,1,0,1,0,0,0,0,0,0,1
2055,2.54164397835103,0.4188046463240165,WA,2023-11-01,0,1,0,1,1,0,1,1,1,0,0,1,0,0,0,0,1,0,0,0
2056,5.19310473996223,0.522830250628235,WA,2023-11-02,0,0,0,1,0,0,1,1,1,1,0,0,0,0,0,0,0,1,0,1
2057,2.93847333567814,0.3943116020787625,WA,2023-11-03,1,1,0,1,0,0,1,1,1,1,0,1,0,1,0,0,1,1,1,1
2058,1.1024207633271,0.349777290843578,WA,2023-11-04,0,1,1,1,1,1,1,1,1,1,0,1,0,0,0,0,1,1,0,1
2059,0.645822359913448,0.372559791916966,WI,2023-09-24,1,1,1,1,1,1,1,1,1,1,1,1,1,0,1,0,1,1,1,1
2060,0.414789247924766,0.288298070582751,WI,2023-09-25,1,1,1,1,1,1,1,1,1,1,1,1,1,1,1,1,1,1,1,1
2061,0.759747638463578,0.2990616960552165,WI,2023-09-26,1,1,0,1,1,1,1,1,1,1,1,1,1,1,1,1,1,1,1,1
2062,0.961843916718729,0.4384934903297725,WI,2023-09-27,1,1,1,1,0,1,1,1,1,1,1,1,1,1,1,0,1,0,1,1
2063,0.964235279962035,0.2784250561236365,WI,2023-09-28,1,1,1,1,1,0,1,1,1,1,1,0,1,1,1,0,1,1,1,1
2064,1.6377627534229,0.312863807488242,WI,2023-09-29,1,1,0,1,1,1,1,1,1,1,0,1,0,0,1,0,1,1,1,1
2065,NA,NA,WI,2023-09-30,NA,NA,NA,NA,NA,NA,NA,NA,NA,NA,NA,NA,NA,NA,NA,NA,NA,NA,NA,NA
2066,0.446738580904378,0.3175650904507015,WI,2023-10-01,1,1,1,1,1,1,1,1,1,1,1,1,0,1,0,1,1,1,1,1
2067,1.22276609577859,0.592832416964865,WI,2023-10-02,0,1,1,1,0,1,1,1,1,1,0,1,1,1,0,0,1,1,1,1
2068,0.874608398609577,0.435888939242988,WI,2023-10-03,1,1,1,1,1,1,1,1,0,1,1,1,1,1,1,0,1,1,0,1
2069,1.76449871923404,0.3963600192780975,WI,2023-10-04,1,1,0,1,1,0,1,0,1,1,1,0,0,1,0,0,0,0,1,1
2070,0.399074201688332,0.291662465653053,WI,2023-10-05,1,1,1,1,1,1,1,1,1,1,1,1,1,1,1,1,1,1,1,1
2071,0.515271706243532,0.3520238943168715,WI,2023-10-06,1,1,1,1,1,1,1,1,1,1,1,1,1,0,1,1,1,1,0,1
2072,NA,NA,WI,2023-10-07,NA,NA,NA,NA,NA,NA,NA,NA,NA,NA,NA,NA,NA,NA,NA,NA,NA,NA,NA,NA
2073,0.378624059447306,0.246604496441907,WI,2023-10-08,1,1,1,1,1,1,1,1,1,1,1,1,1,1,1,1,1,1,1,1
2074,0.482819057930239,0.3377573582909125,WI,2023-10-09,1,1,1,1,1,1,1,1,1,1,1,1,1,1,1,1,1,1,1,1
2075,1.10236024647903,0.394123546236136,WI,2023-10-10,1,1,1,1,1,1,1,0,1,1,1,1,0,1,1,1,1,0,1,1
2076,0.628829893290102,0.3599804971842465,WI,2023-10-11,1,1,1,1,1,1,1,1,1,1,1,1,0,0,1,0,1,1,0,1
2077,0.493153013408815,0.345844271381444,WI,2023-10-12,1,1,1,1,1,1,1,1,1,1,1,1,1,1,1,1,1,1,1,1
2078,0.966405734287065,0.4898403308244145,WI,2023-10-13,1,1,1,1,1,1,0,1,1,1,1,1,0,0,1,0,0,1,1,1
2079,0.855329845030284,0.228719019518897,WI,2023-10-14,1,1,1,1,1,0,1,1,1,1,1,1,1,1,1,1,1,1,1,1
2080,0.866579498655461,0.62696384322842,WI,2023-10-15,1,0,1,1,1,1,1,1,1,1,1,0,0,1,1,1,1,1,1,1
2081,NA,NA,WI,2023-10-16,NA,NA,NA,NA,NA,NA,NA,NA,NA,NA,NA,NA,NA,NA,NA,NA,NA,NA,NA,NA
2082,0.31858294379902,0.220232889276131,WI,2023-10-17,1,1,1,1,1,1,1,1,1,1,1,1,1,1,1,1,1,1,1,1
2083,0.796814342709401,0.429252377829933,WI,2023-10-18,1,1,1,1,1,1,1,1,1,1,1,1,1,1,1,1,1,1,1,1
2084,NA,NA,WI,2023-10-19,NA,NA,NA,NA,NA,NA,NA,NA,NA,NA,NA,NA,NA,NA,NA,NA,NA,NA,NA,NA
2085,NA,NA,WI,2023-10-20,NA,NA,NA,NA,NA,NA,NA,NA,NA,NA,NA,NA,NA,NA,NA,NA,NA,NA,NA,NA
2086,NA,NA,WI,2023-10-21,NA,NA,NA,NA,NA,NA,NA,NA,NA,NA,NA,NA,NA,NA,NA,NA,NA,NA,NA,NA
2087,NA,NA,WI,2023-10-22,NA,NA,NA,NA,NA,NA,NA,NA,NA,NA,NA,NA,NA,NA,NA,NA,NA,NA,NA,NA
2088,NA,NA,WI,2023-10-23,NA,NA,NA,NA,NA,NA,NA,NA,NA,NA,NA,NA,NA,NA,NA,NA,NA,NA,NA,NA
2089,1.2221215793638,0.60910191715154,WI,2023-10-24,1,1,1,1,1,1,1,0,0,1,1,1,1,1,1,0,1,0,0,1
2090,1.17911740004466,0.260747860531462,WI,2023-10-25,1,1,1,1,1,0,1,1,1,1,1,1,0,0,1,1,1,1,0,1
2091,0.301977813829769,0.1970707297633335,WI,2023-10-26,1,1,1,1,1,1,1,1,1,1,1,1,1,1,1,0,1,0,1,1
2092,0.406531967609724,0.29205413773691,WI,2023-10-27,1,1,1,1,1,1,1,1,1,1,1,1,1,1,1,1,1,1,1,1
2093,0.287767357526576,0.19247004407135,WI,2023-10-28,1,1,1,1,1,1,1,1,1,1,1,1,1,1,1,1,1,1,1,1
2094,0.298318663509284,0.190253915905432,WI,2023-10-29,1,1,1,1,1,1,1,1,1,1,1,1,1,1,1,1,1,1,1,1
2095,1.06512055816862,0.523085346718185,WI,2023-10-30,1,1,1,1,1,1,1,1,1,0,1,1,0,1,1,0,1,0,1,0
2096,1.04701151514932,0.522479025783705,WI,2023-10-31,1,1,1,1,1,1,0,1,1,1,1,1,0,1,1,0,0,1,1,1
2097,0.846632972949972,0.414100614960116,WI,2023-11-01,1,0,1,1,1,1,1,1,1,1,1,0,1,1,0,1,1,1,1,1
2098,0.286923072037326,0.1819911705813305,WI,2023-11-02,1,1,1,1,1,1,1,1,1,1,1,1,1,1,1,0,1,1,0,1
2099,1.123520520076,0.278811446214421,WI,2023-11-03,1,1,1,1,1,0,1,1,1,1,1,1,0,1,1,0,1,0,0,1
2100,2.0076881284991,0.562996334977255,WI,2023-11-04,1,1,1,1,1,0,1,0,1,1,1,1,1,0,1,0,1,0,0,1
2101,3.05078804144217,0.385111594631959,WV,2023-09-24,1,1,0,0,1,1,0,1,0,1,1,1,0,0,1,0,1,1,0,1
2102,2.88829783257998,0.372218124789177,WV,2023-09-25,1,1,0,0,1,1,1,0,0,1,1,1,0,0,1,0,1,1,0,1
2103,3.38726502601153,0.3176502429861385,WV,2023-09-26,1,1,1,1,1,0,1,1,1,1,1,0,0,0,0,0,1,1,1,1
2104,2.55493590526196,0.3391464901795055,WV,2023-09-27,0,1,1,1,1,0,1,0,1,1,0,1,0,0,0,0,0,0,0,1
2105,1.42448784837266,0.3048682191297025,WV,2023-09-28,1,1,1,1,1,0,1,1,1,1,0,1,1,0,1,0,1,1,1,1
2106,2.58852001128784,0.35428651348854,WV,2023-09-29,1,1,0,1,1,1,1,1,1,1,1,0,0,0,1,0,1,1,1,1
2107,1.80131856435333,0.347011011771046,WV,2023-09-30,1,1,1,0,0,1,1,1,1,1,0,1,0,0,0,0,1,0,1,1
2108,1.14655520989196,0.3463360238575435,WV,2023-10-01,1,1,0,1,1,1,1,1,1,1,1,1,0,0,1,1,1,1,1,1
2109,2.5697996154058,0.376034782322562,WV,2023-10-02,1,1,0,1,0,1,1,1,1,1,0,1,0,0,0,1,1,1,1,1
2110,2.42941681951161,0.31703045276058,WV,2023-10-03,1,1,1,1,1,0,1,1,1,1,0,1,1,0,1,0,1,0,1,1
2111,2.93728829711755,0.346151920919074,WV,2023-10-04,1,1,0,1,1,0,1,1,1,1,1,1,0,0,0,0,1,0,1,1
2112,2.21488825680192,0.3456752089686955,WV,2023-10-05,1,1,0,1,0,0,1,0,1,1,1,1,0,0,0,0,1,0,1,1
2113,1.62911322863844,0.351657163838553,WV,2023-10-06,1,1,0,1,1,1,1,1,1,1,1,1,0,0,1,0,1,1,0,1
2114,3.01543046713171,0.40042792346079,WV,2023-10-07,1,1,0,1,1,0,1,1,1,1,0,1,0,0,0,0,1,1,0,1
2115,1.30766201999439,0.3661190743408645,WV,2023-10-08,1,1,1,1,0,1,1,1,1,1,1,0,0,0,0,0,1,1,0,1
2116,2.79136388147154,0.32723124095975,WV,2023-10-09,1,1,1,0,0,0,1,1,1,1,1,1,1,0,0,0,0,1,1,1
2117,2.64692832166398,0.442257099241439,WV,2023-10-10,0,1,0,1,1,1,1,0,1,1,0,0,0,0,1,0,1,0,1,0
2118,0.917600933872937,0.3214908740163465,WV,2023-10-11,1,1,1,1,1,1,1,1,1,1,1,1,1,1,1,1,1,1,1,1
2119,3.54839895746447,0.3879574355821815,WV,2023-10-12,1,1,0,0,1,0,1,1,1,1,1,1,0,1,0,1,1,1,0,1
2120,1.40602497682467,0.36999671796243,WV,2023-10-13,1,1,1,1,0,1,1,1,1,1,1,1,1,0,0,0,1,1,0,1
2121,1.23702541463543,0.244747398926836,WV,2023-10-14,1,1,1,1,1,0,1,1,1,1,1,1,0,1,1,0,1,1,1,1
2122,1.35833536281632,0.4208876146620905,WV,2023-10-15,1,0,1,1,1,1,1,0,1,1,1,0,0,0,0,1,1,0,1,1
2123,3.5482163746623,0.3506882215670545,WV,2023-10-16,1,1,0,0,1,1,1,1,1,1,1,1,0,0,1,0,1,1,1,1
2124,1.67173401327427,0.2926122811708985,WV,2023-10-17,1,0,1,0,1,0,1,1,1,1,1,1,1,0,1,0,1,1,1,1
2125,1.67311823840001,0.4806539780751065,WV,2023-10-18,1,1,0,1,0,0,1,1,1,1,1,1,0,0,0,0,1,1,1,1
2126,1.43574466697597,0.4168406320843805,WV,2023-10-19,0,0,1,1,1,1,1,1,1,1,0,0,0,0,1,0,0,1,1,1
2127,2.3637228986983,0.396353784843746,WV,2023-10-20,1,1,0,1,1,1,0,1,1,1,1,1,0,0,1,0,0,1,0,1
2128,0.486797626528206,0.3131413659064415,WV,2023-10-21,1,1,1,1,1,1,1,1,1,1,1,1,0,1,1,0,1,1,1,1
2129,0.76215404116653,0.3475958881313095,WV,2023-10-22,1,1,1,1,0,1,1,1,1,1,1,1,1,0,0,0,1,1,1,1
2130,1.62217852148637,0.306546179446513,WV,2023-10-23,1,1,1,1,1,1,1,1,1,1,1,1,0,0,0,1,1,1,0,1
2131,3.22510945451147,0.383002584240738,WV,2023-10-24,1,0,0,1,1,1,1,1,1,0,0,0,0,0,1,1,1,1,0,0
2132,1.43800356722728,0.310788345852943,WV,2023-10-25,1,0,1,1,1,1,1,1,1,1,1,0,0,0,0,1,1,1,0,1
2133,2.43827253595395,0.459721752675416,WV,2023-10-26,0,0,1,0,1,0,1,1,1,1,1,0,0,0,0,0,1,1,0,1
2134,1.16930872540882,0.3556839321547935,WV,2023-10-27,1,1,1,1,1,1,1,0,1,1,1,1,0,0,0,0,1,1,0,1
2135,1.47140823212082,0.3885000117041865,WV,2023-10-28,1,0,1,0,1,1,1,1,1,1,1,0,1,1,0,0,1,1,0,1
2136,1.5056766066634,0.342690597105336,WV,2023-10-29,1,1,0,1,1,1,1,1,0,1,1,1,0,1,0,0,1,1,0,1
2137,2.66617425162043,0.4157334835119505,WV,2023-10-30,1,0,1,1,1,1,1,0,1,1,1,0,0,0,1,0,1,0,1,1
2138,1.34762797594457,0.33441326248011,WV,2023-10-31,0,1,1,1,1,1,1,0,1,1,0,1,0,0,0,0,1,0,1,1
2139,0.842596926314845,0.2937809142887755,WV,2023-11-01,1,1,1,1,1,1,1,1,1,1,1,1,1,0,0,0,1,0,0,1
2140,1.4186435493098,0.4000187760448235,WV,2023-11-02,1,1,1,1,0,1,1,1,1,1,0,1,1,1,0,0,1,1,1,1
2141,1.57214764478868,0.318867382384752,WV,2023-11-03,1,1,0,1,1,1,1,1,1,1,1,1,0,0,1,0,1,1,1,1
2142,1.51514596184423,0.445982701091303,WV,2023-11-04,1,1,0,1,1,1,1,1,1,0,1,1,0,1,1,0,1,1,0,0
2143,NA,NA,WY,2023-09-24,NA,NA,NA,NA,NA,NA,NA,NA,NA,NA,NA,NA,NA,NA,NA,NA,NA,NA,NA,NA
2144,NA,NA,WY,2023-09-25,NA,NA,NA,NA,NA,NA,NA,NA,NA,NA,NA,NA,NA,NA,NA,NA,NA,NA,NA,NA
2145,NA,NA,WY,2023-09-26,NA,NA,NA,NA,NA,NA,NA,NA,NA,NA,NA,NA,NA,NA,NA,NA,NA,NA,NA,NA
2146,NA,NA,WY,2023-09-27,NA,NA,NA,NA,NA,NA,NA,NA,NA,NA,NA,NA,NA,NA,NA,NA,NA,NA,NA,NA
2147,NA,NA,WY,2023-09-28,NA,NA,NA,NA,NA,NA,NA,NA,NA,NA,NA,NA,NA,NA,NA,NA,NA,NA,NA,NA
2148,NA,NA,WY,2023-09-29,NA,NA,NA,NA,NA,NA,NA,NA,NA,NA,NA,NA,NA,NA,NA,NA,NA,NA,NA,NA
2149,NA,NA,WY,2023-09-30,NA,NA,NA,NA,NA,NA,NA,NA,NA,NA,NA,NA,NA,NA,NA,NA,NA,NA,NA,NA
2150,NA,NA,WY,2023-10-01,NA,NA,NA,NA,NA,NA,NA,NA,NA,NA,NA,NA,NA,NA,NA,NA,NA,NA,NA,NA
2151,NA,NA,WY,2023-10-02,NA,NA,NA,NA,NA,NA,NA,NA,NA,NA,NA,NA,NA,NA,NA,NA,NA,NA,NA,NA
2152,NA,NA,WY,2023-10-03,NA,NA,NA,NA,NA,NA,NA,NA,NA,NA,NA,NA,NA,NA,NA,NA,NA,NA,NA,NA
2153,0.297664193790714,0.266998677435443,WY,2023-10-04,1,1,1,1,1,1,1,1,1,1,1,1,1,1,1,1,1,1,1,1
2154,NA,NA,WY,2023-10-05,NA,NA,NA,NA,NA,NA,NA,NA,NA,NA,NA,NA,NA,NA,NA,NA,NA,NA,NA,NA
2155,NA,NA,WY,2023-10-06,NA,NA,NA,NA,NA,NA,NA,NA,NA,NA,NA,NA,NA,NA,NA,NA,NA,NA,NA,NA
2156,NA,NA,WY,2023-10-07,NA,NA,NA,NA,NA,NA,NA,NA,NA,NA,NA,NA,NA,NA,NA,NA,NA,NA,NA,NA
2157,NA,NA,WY,2023-10-08,NA,NA,NA,NA,NA,NA,NA,NA,NA,NA,NA,NA,NA,NA,NA,NA,NA,NA,NA,NA
2158,NA,NA,WY,2023-10-09,NA,NA,NA,NA,NA,NA,NA,NA,NA,NA,NA,NA,NA,NA,NA,NA,NA,NA,NA,NA
2159,NA,NA,WY,2023-10-10,NA,NA,NA,NA,NA,NA,NA,NA,NA,NA,NA,NA,NA,NA,NA,NA,NA,NA,NA,NA
2160,NA,NA,WY,2023-10-11,NA,NA,NA,NA,NA,NA,NA,NA,NA,NA,NA,NA,NA,NA,NA,NA,NA,NA,NA,NA
2161,NA,NA,WY,2023-10-12,NA,NA,NA,NA,NA,NA,NA,NA,NA,NA,NA,NA,NA,NA,NA,NA,NA,NA,NA,NA
2162,0.26679127528915,0.240789318553212,WY,2023-10-13,1,1,1,1,1,1,1,1,1,1,1,1,0,1,1,0,1,1,1,1
2163,NA,NA,WY,2023-10-14,NA,NA,NA,NA,NA,NA,NA,NA,NA,NA,NA,NA,NA,NA,NA,NA,NA,NA,NA,NA
2164,NA,NA,WY,2023-10-15,NA,NA,NA,NA,NA,NA,NA,NA,NA,NA,NA,NA,NA,NA,NA,NA,NA,NA,NA,NA
2165,NA,NA,WY,2023-10-16,NA,NA,NA,NA,NA,NA,NA,NA,NA,NA,NA,NA,NA,NA,NA,NA,NA,NA,NA,NA
2166,NA,NA,WY,2023-10-17,NA,NA,NA,NA,NA,NA,NA,NA,NA,NA,NA,NA,NA,NA,NA,NA,NA,NA,NA,NA
2167,0.236488100994417,0.227534548101083,WY,2023-10-18,1,1,1,1,1,1,1,1,1,1,1,1,0,1,1,0,1,1,1,1
2168,NA,NA,WY,2023-10-19,NA,NA,NA,NA,NA,NA,NA,NA,NA,NA,NA,NA,NA,NA,NA,NA,NA,NA,NA,NA
2169,NA,NA,WY,2023-10-20,NA,NA,NA,NA,NA,NA,NA,NA,NA,NA,NA,NA,NA,NA,NA,NA,NA,NA,NA,NA
2170,NA,NA,WY,2023-10-21,NA,NA,NA,NA,NA,NA,NA,NA,NA,NA,NA,NA,NA,NA,NA,NA,NA,NA,NA,NA
2171,NA,NA,WY,2023-10-22,NA,NA,NA,NA,NA,NA,NA,NA,NA,NA,NA,NA,NA,NA,NA,NA,NA,NA,NA,NA
2172,NA,NA,WY,2023-10-23,NA,NA,NA,NA,NA,NA,NA,NA,NA,NA,NA,NA,NA,NA,NA,NA,NA,NA,NA,NA
2173,NA,NA,WY,2023-10-24,NA,NA,NA,NA,NA,NA,NA,NA,NA,NA,NA,NA,NA,NA,NA,NA,NA,NA,NA,NA
2174,NA,NA,WY,2023-10-25,NA,NA,NA,NA,NA,NA,NA,NA,NA,NA,NA,NA,NA,NA,NA,NA,NA,NA,NA,NA
2175,NA,NA,WY,2023-10-26,NA,NA,NA,NA,NA,NA,NA,NA,NA,NA,NA,NA,NA,NA,NA,NA,NA,NA,NA,NA
2176,0.791224472415869,0.52999101262344,WY,2023-10-27,1,1,1,0,1,1,1,1,1,1,1,1,1,0,1,0,1,1,1,1
2177,NA,NA,WY,2023-10-28,NA,NA,NA,NA,NA,NA,NA,NA,NA,NA,NA,NA,NA,NA,NA,NA,NA,NA,NA,NA
2178,NA,NA,WY,2023-10-29,NA,NA,NA,NA,NA,NA,NA,NA,NA,NA,NA,NA,NA,NA,NA,NA,NA,NA,NA,NA
2179,1.96201690463264,0.566283731130855,WY,2023-10-30,1,1,1,0,1,0,1,1,1,0,1,1,0,0,1,1,1,1,1,0
2180,NA,NA,WY,2023-10-31,NA,NA,NA,NA,NA,NA,NA,NA,NA,NA,NA,NA,NA,NA,NA,NA,NA,NA,NA,NA
2181,NA,NA,WY,2023-11-01,NA,NA,NA,NA,NA,NA,NA,NA,NA,NA,NA,NA,NA,NA,NA,NA,NA,NA,NA,NA
2182,NA,NA,WY,2023-11-02,NA,NA,NA,NA,NA,NA,NA,NA,NA,NA,NA,NA,NA,NA,NA,NA,NA,NA,NA,NA
2183,NA,NA,WY,2023-11-03,NA,NA,NA,NA,NA,NA,NA,NA,NA,NA,NA,NA,NA,NA,NA,NA,NA,NA,NA,NA
2184,NA,NA,WY,2023-11-04,NA,NA,NA,NA,NA,NA,NA,NA,NA,NA,NA,NA,NA,NA,NA,NA,NA,NA,NA,NA
