...1,es_score,brier_score,location,target_date,X21K_50_CI,X21L_50_CI,X22E_50_CI,X22F_50_CI,X23A_50_CI,X23D_50_CI,X23B_50_CI,X23E_50_CI,other_50_CI,X21K_95_CI,X21L_95_CI,X22E_95_CI,X22F_95_CI,X23A_95_CI,X23D_95_CI,X23B_95_CI,X23E_95_CI,other_95_CI
1,0.0727935944477412,0.003737431838443,AK,2023-04-02,1,1,1,1,1,1,1,1,1,1,1,0,1,0,1,1,1,1
2,0.965589880158202,0.22610456501708,AK,2023-04-03,1,1,1,1,0,0,1,1,1,1,1,1,1,0,0,1,1,1
3,0.0502955325494263,0.004072115068640765,AK,2023-04-04,1,1,1,1,1,1,1,1,1,1,1,1,1,1,1,1,1,1
4,0.11746618679962,0.004275323882655505,AK,2023-04-05,1,1,1,1,1,1,1,1,1,1,1,1,1,1,1,1,1,1
5,0.0134990942543975,0.004504497577062985,AK,2023-04-06,1,1,1,1,1,1,1,1,1,1,1,1,1,1,1,1,1,1
6,0.864521522646928,0.1803564989232665,AK,2023-04-07,1,1,1,1,1,0,1,1,1,1,1,1,1,0,0,1,1,1
7,0.0156843107247074,0.00504831085528945,AK,2023-04-08,1,1,1,1,1,1,1,1,1,1,1,1,1,1,1,1,1,1
8,0.0047895029219651,0.0053673601127305,AK,2023-04-09,1,1,1,1,1,1,1,1,1,1,1,1,1,1,1,1,1,1
9,1.27534053411714,0.87347469921552,AK,2023-04-10,1,1,1,1,0,0,1,1,1,1,1,1,1,0,0,1,1,1
10,0.0629578573385476,0.00611276511085405,AK,2023-04-11,1,1,1,1,1,1,1,1,1,1,1,1,1,1,1,1,1,1
11,0.00486943427188218,0.00654518216784305,AK,2023-04-12,1,1,1,1,1,1,1,1,1,1,1,1,1,1,1,1,1,1
12,0.0692814906693549,0.0070219546832933,AK,2023-04-13,1,1,1,1,1,1,1,1,1,1,1,1,1,1,1,1,1,1
13,0.00461882148749553,0.0075468904269206,AK,2023-04-14,1,1,1,1,1,1,1,1,1,1,1,1,1,1,1,1,1,1
14,0.00561155697896369,0.0081241308975247,AK,2023-04-15,1,1,1,1,1,1,1,1,1,1,1,1,1,1,1,1,1,1
15,0.00629258565996213,0.0087581624209162,AK,2023-04-16,1,1,1,1,1,1,1,1,1,1,1,1,1,1,1,1,1,1
16,1.21131131019471,0.4483594885800545,AK,2023-04-17,1,1,1,1,0,1,1,0,1,1,1,1,1,0,1,1,0,1
17,0.0208088758470422,0.01021632139829825,AK,2023-04-18,1,1,1,1,1,1,1,1,1,1,1,1,1,1,1,1,1,1
18,NA,NA,AK,2023-04-19,NA,NA,NA,NA,NA,NA,NA,NA,NA,NA,NA,NA,NA,NA,NA,NA,NA,NA
19,0.0056443243065573,0.0119644417541655,AK,2023-04-20,1,1,1,1,1,1,1,1,1,1,1,1,1,0,0,1,1,1
20,NA,NA,AK,2023-04-21,NA,NA,NA,NA,NA,NA,NA,NA,NA,NA,NA,NA,NA,NA,NA,NA,NA,NA
21,NA,NA,AK,2023-04-22,NA,NA,NA,NA,NA,NA,NA,NA,NA,NA,NA,NA,NA,NA,NA,NA,NA,NA
22,NA,NA,AK,2023-04-23,NA,NA,NA,NA,NA,NA,NA,NA,NA,NA,NA,NA,NA,NA,NA,NA,NA,NA
23,NA,NA,AK,2023-04-24,NA,NA,NA,NA,NA,NA,NA,NA,NA,NA,NA,NA,NA,NA,NA,NA,NA,NA
24,NA,NA,AK,2023-04-25,NA,NA,NA,NA,NA,NA,NA,NA,NA,NA,NA,NA,NA,NA,NA,NA,NA,NA
25,NA,NA,AK,2023-04-26,NA,NA,NA,NA,NA,NA,NA,NA,NA,NA,NA,NA,NA,NA,NA,NA,NA,NA
26,NA,NA,AK,2023-04-27,NA,NA,NA,NA,NA,NA,NA,NA,NA,NA,NA,NA,NA,NA,NA,NA,NA,NA
27,NA,NA,AK,2023-04-28,NA,NA,NA,NA,NA,NA,NA,NA,NA,NA,NA,NA,NA,NA,NA,NA,NA,NA
28,NA,NA,AK,2023-04-29,NA,NA,NA,NA,NA,NA,NA,NA,NA,NA,NA,NA,NA,NA,NA,NA,NA,NA
29,NA,NA,AK,2023-04-30,NA,NA,NA,NA,NA,NA,NA,NA,NA,NA,NA,NA,NA,NA,NA,NA,NA,NA
30,NA,NA,AK,2023-05-01,NA,NA,NA,NA,NA,NA,NA,NA,NA,NA,NA,NA,NA,NA,NA,NA,NA,NA
31,NA,NA,AK,2023-05-02,NA,NA,NA,NA,NA,NA,NA,NA,NA,NA,NA,NA,NA,NA,NA,NA,NA,NA
32,NA,NA,AK,2023-05-03,NA,NA,NA,NA,NA,NA,NA,NA,NA,NA,NA,NA,NA,NA,NA,NA,NA,NA
33,NA,NA,AK,2023-05-04,NA,NA,NA,NA,NA,NA,NA,NA,NA,NA,NA,NA,NA,NA,NA,NA,NA,NA
34,NA,NA,AK,2023-05-05,NA,NA,NA,NA,NA,NA,NA,NA,NA,NA,NA,NA,NA,NA,NA,NA,NA,NA
35,NA,NA,AK,2023-05-06,NA,NA,NA,NA,NA,NA,NA,NA,NA,NA,NA,NA,NA,NA,NA,NA,NA,NA
36,NA,NA,AK,2023-05-07,NA,NA,NA,NA,NA,NA,NA,NA,NA,NA,NA,NA,NA,NA,NA,NA,NA,NA
37,NA,NA,AK,2023-05-08,NA,NA,NA,NA,NA,NA,NA,NA,NA,NA,NA,NA,NA,NA,NA,NA,NA,NA
38,NA,NA,AK,2023-05-09,NA,NA,NA,NA,NA,NA,NA,NA,NA,NA,NA,NA,NA,NA,NA,NA,NA,NA
39,NA,NA,AK,2023-05-10,NA,NA,NA,NA,NA,NA,NA,NA,NA,NA,NA,NA,NA,NA,NA,NA,NA,NA
40,NA,NA,AK,2023-05-11,NA,NA,NA,NA,NA,NA,NA,NA,NA,NA,NA,NA,NA,NA,NA,NA,NA,NA
41,NA,NA,AK,2023-05-12,NA,NA,NA,NA,NA,NA,NA,NA,NA,NA,NA,NA,NA,NA,NA,NA,NA,NA
42,NA,NA,AK,2023-05-13,NA,NA,NA,NA,NA,NA,NA,NA,NA,NA,NA,NA,NA,NA,NA,NA,NA,NA
43,NA,NA,AL,2023-04-02,NA,NA,NA,NA,NA,NA,NA,NA,NA,NA,NA,NA,NA,NA,NA,NA,NA,NA
44,0.0179680216744095,0.00885489005270675,AL,2023-04-03,1,1,1,1,1,1,1,1,1,1,1,1,1,0,0,1,1,1
45,NA,NA,AL,2023-04-04,NA,NA,NA,NA,NA,NA,NA,NA,NA,NA,NA,NA,NA,NA,NA,NA,NA,NA
46,0.0192319467603524,0.0092642457183756,AL,2023-04-05,1,1,1,1,1,1,1,1,1,1,1,1,1,1,1,1,1,1
47,2.00343777785012,0.882229343562595,AL,2023-04-06,1,0,1,1,0,1,1,1,0,1,0,1,1,0,0,1,1,0
48,NA,NA,AL,2023-04-07,NA,NA,NA,NA,NA,NA,NA,NA,NA,NA,NA,NA,NA,NA,NA,NA,NA,NA
49,0.0629241148627073,0.01022290758923895,AL,2023-04-08,1,1,1,1,1,1,1,1,1,1,1,1,1,0,0,1,1,1
50,NA,NA,AL,2023-04-09,NA,NA,NA,NA,NA,NA,NA,NA,NA,NA,NA,NA,NA,NA,NA,NA,NA,NA
51,1.06164983057649,0.435997895832082,AL,2023-04-10,1,1,1,0,1,1,1,1,1,1,1,1,0,0,1,1,1,1
52,1.19800360073437,0.862687629266035,AL,2023-04-11,1,1,0,1,0,1,1,1,1,1,1,0,1,0,1,1,1,1
53,0.0252151449231113,0.01226872935225855,AL,2023-04-12,1,1,1,1,1,1,1,1,1,1,1,1,1,1,1,1,1,1
54,NA,NA,AL,2023-04-13,NA,NA,NA,NA,NA,NA,NA,NA,NA,NA,NA,NA,NA,NA,NA,NA,NA,NA
55,0.0286395499232601,0.01369531616289155,AL,2023-04-14,1,1,1,1,1,1,1,1,1,1,1,1,1,0,0,1,1,1
56,0.0262825933193616,0.0145282174073567,AL,2023-04-15,1,1,1,1,1,1,1,1,1,1,1,1,1,1,1,1,1,1
57,NA,NA,AL,2023-04-16,NA,NA,NA,NA,NA,NA,NA,NA,NA,NA,NA,NA,NA,NA,NA,NA,NA,NA
58,0.0342877491790979,0.01646570979852485,AL,2023-04-17,1,1,1,1,1,1,1,1,1,1,1,1,1,1,1,1,1,1
59,0.0365544789587789,0.0175848926197482,AL,2023-04-18,1,1,1,1,1,1,1,1,1,1,1,1,1,1,1,1,1,1
60,0.035069187025921,0.01881499024252905,AL,2023-04-19,1,1,1,1,1,1,1,1,1,1,1,1,1,1,1,1,1,1
61,NA,NA,AL,2023-04-20,NA,NA,NA,NA,NA,NA,NA,NA,NA,NA,NA,NA,NA,NA,NA,NA,NA,NA
62,NA,NA,AL,2023-04-21,NA,NA,NA,NA,NA,NA,NA,NA,NA,NA,NA,NA,NA,NA,NA,NA,NA,NA
63,NA,NA,AL,2023-04-22,NA,NA,NA,NA,NA,NA,NA,NA,NA,NA,NA,NA,NA,NA,NA,NA,NA,NA
64,NA,NA,AL,2023-04-23,NA,NA,NA,NA,NA,NA,NA,NA,NA,NA,NA,NA,NA,NA,NA,NA,NA,NA
65,NA,NA,AL,2023-04-24,NA,NA,NA,NA,NA,NA,NA,NA,NA,NA,NA,NA,NA,NA,NA,NA,NA,NA
66,NA,NA,AL,2023-04-25,NA,NA,NA,NA,NA,NA,NA,NA,NA,NA,NA,NA,NA,NA,NA,NA,NA,NA
67,NA,NA,AL,2023-04-26,NA,NA,NA,NA,NA,NA,NA,NA,NA,NA,NA,NA,NA,NA,NA,NA,NA,NA
68,0.0699105867047211,0.03378458995019925,AL,2023-04-27,1,1,1,1,1,1,1,1,1,1,1,1,1,1,1,1,1,1
69,NA,NA,AL,2023-04-28,NA,NA,NA,NA,NA,NA,NA,NA,NA,NA,NA,NA,NA,NA,NA,NA,NA,NA
70,NA,NA,AL,2023-04-29,NA,NA,NA,NA,NA,NA,NA,NA,NA,NA,NA,NA,NA,NA,NA,NA,NA,NA
71,NA,NA,AL,2023-04-30,NA,NA,NA,NA,NA,NA,NA,NA,NA,NA,NA,NA,NA,NA,NA,NA,NA,NA
72,NA,NA,AL,2023-05-01,NA,NA,NA,NA,NA,NA,NA,NA,NA,NA,NA,NA,NA,NA,NA,NA,NA,NA
73,NA,NA,AL,2023-05-02,NA,NA,NA,NA,NA,NA,NA,NA,NA,NA,NA,NA,NA,NA,NA,NA,NA,NA
74,0.638073909789064,0.3725702446773695,AL,2023-05-03,1,1,1,1,1,0,1,1,1,1,1,1,1,1,0,0,1,1
75,NA,NA,AL,2023-05-04,NA,NA,NA,NA,NA,NA,NA,NA,NA,NA,NA,NA,NA,NA,NA,NA,NA,NA
76,NA,NA,AL,2023-05-05,NA,NA,NA,NA,NA,NA,NA,NA,NA,NA,NA,NA,NA,NA,NA,NA,NA,NA
77,NA,NA,AL,2023-05-06,NA,NA,NA,NA,NA,NA,NA,NA,NA,NA,NA,NA,NA,NA,NA,NA,NA,NA
78,NA,NA,AL,2023-05-07,NA,NA,NA,NA,NA,NA,NA,NA,NA,NA,NA,NA,NA,NA,NA,NA,NA,NA
79,NA,NA,AL,2023-05-08,NA,NA,NA,NA,NA,NA,NA,NA,NA,NA,NA,NA,NA,NA,NA,NA,NA,NA
80,NA,NA,AL,2023-05-09,NA,NA,NA,NA,NA,NA,NA,NA,NA,NA,NA,NA,NA,NA,NA,NA,NA,NA
81,NA,NA,AL,2023-05-10,NA,NA,NA,NA,NA,NA,NA,NA,NA,NA,NA,NA,NA,NA,NA,NA,NA,NA
82,NA,NA,AL,2023-05-11,NA,NA,NA,NA,NA,NA,NA,NA,NA,NA,NA,NA,NA,NA,NA,NA,NA,NA
83,NA,NA,AL,2023-05-12,NA,NA,NA,NA,NA,NA,NA,NA,NA,NA,NA,NA,NA,NA,NA,NA,NA,NA
84,NA,NA,AL,2023-05-13,NA,NA,NA,NA,NA,NA,NA,NA,NA,NA,NA,NA,NA,NA,NA,NA,NA,NA
85,0.0122884057243889,0.002633014917580825,AR,2023-04-02,1,1,1,1,1,1,1,1,1,1,1,1,1,1,1,1,1,1
86,0.00372501023409448,0.00258574155006386,AR,2023-04-03,1,1,1,1,1,1,1,1,1,1,1,1,1,1,1,1,1,1
87,0.137657623267522,0.00255618166409203,AR,2023-04-04,1,1,1,1,1,1,1,1,1,1,1,1,1,1,1,1,1,1
88,0.0596965669375435,0.00254364283466032,AR,2023-04-05,1,1,1,1,1,1,1,1,1,1,1,1,1,1,1,1,1,1
89,0.00269663656243399,0.00254763677425624,AR,2023-04-06,1,1,1,1,1,1,1,1,1,1,1,1,1,1,1,1,1,1
90,1.24669168811561,0.4688835681190255,AR,2023-04-07,1,1,1,1,0,1,1,1,0,1,1,1,1,0,1,1,1,0
91,NA,NA,AR,2023-04-08,NA,NA,NA,NA,NA,NA,NA,NA,NA,NA,NA,NA,NA,NA,NA,NA,NA,NA
92,0.0115875404265939,0.002656789784468975,AR,2023-04-09,1,1,1,1,1,1,1,1,1,1,1,1,1,0,0,1,1,1
93,0.0253522377804097,0.002725792309285495,AR,2023-04-10,1,1,1,1,1,1,1,1,1,1,1,1,1,1,1,1,1,1
94,0.00331317710419397,0.002811653154355305,AR,2023-04-11,1,1,1,1,1,1,1,1,1,1,1,1,1,1,1,1,1,1
95,0.0101690463897584,0.00291495817370343,AR,2023-04-12,1,1,1,1,1,1,1,1,1,1,1,1,1,1,1,1,1,1
96,NA,NA,AR,2023-04-13,NA,NA,NA,NA,NA,NA,NA,NA,NA,NA,NA,NA,NA,NA,NA,NA,NA,NA
97,NA,NA,AR,2023-04-14,NA,NA,NA,NA,NA,NA,NA,NA,NA,NA,NA,NA,NA,NA,NA,NA,NA,NA
98,NA,NA,AR,2023-04-15,NA,NA,NA,NA,NA,NA,NA,NA,NA,NA,NA,NA,NA,NA,NA,NA,NA,NA
99,1.19407319615332,0.4569954578642335,AR,2023-04-16,1,1,1,1,0,0,1,1,1,1,1,1,1,0,0,1,1,1
100,0.0166806339496037,0.003725726845023765,AR,2023-04-17,1,1,1,1,1,1,1,1,1,1,1,1,1,1,1,1,1,1
101,NA,NA,AR,2023-04-18,NA,NA,NA,NA,NA,NA,NA,NA,NA,NA,NA,NA,NA,NA,NA,NA,NA,NA
102,NA,NA,AR,2023-04-19,NA,NA,NA,NA,NA,NA,NA,NA,NA,NA,NA,NA,NA,NA,NA,NA,NA,NA
103,NA,NA,AR,2023-04-20,NA,NA,NA,NA,NA,NA,NA,NA,NA,NA,NA,NA,NA,NA,NA,NA,NA,NA
104,0.00363283179549169,0.004813361050598865,AR,2023-04-21,1,1,1,1,1,1,1,1,1,1,1,1,1,1,1,1,1,1
105,0.0408465984584794,0.0051627132373646,AR,2023-04-22,1,1,1,1,1,1,1,1,1,1,1,1,1,1,1,1,1,1
106,0.00536770413425403,0.0055481962564196,AR,2023-04-23,1,1,1,1,1,1,1,1,1,1,1,1,1,1,1,1,1,1
107,0.00596973484672646,0.0059728113682443,AR,2023-04-24,1,1,1,1,1,1,1,1,1,1,1,1,1,1,1,1,1,1
108,NA,NA,AR,2023-04-25,NA,NA,NA,NA,NA,NA,NA,NA,NA,NA,NA,NA,NA,NA,NA,NA,NA,NA
109,NA,NA,AR,2023-04-26,NA,NA,NA,NA,NA,NA,NA,NA,NA,NA,NA,NA,NA,NA,NA,NA,NA,NA
110,NA,NA,AR,2023-04-27,NA,NA,NA,NA,NA,NA,NA,NA,NA,NA,NA,NA,NA,NA,NA,NA,NA,NA
111,NA,NA,AR,2023-04-28,NA,NA,NA,NA,NA,NA,NA,NA,NA,NA,NA,NA,NA,NA,NA,NA,NA,NA
112,NA,NA,AR,2023-04-29,NA,NA,NA,NA,NA,NA,NA,NA,NA,NA,NA,NA,NA,NA,NA,NA,NA,NA
113,0.0784465451635288,0.00954460823007445,AR,2023-04-30,1,1,1,1,1,1,1,1,1,1,1,1,1,0,1,0,1,1
114,NA,NA,AR,2023-05-01,NA,NA,NA,NA,NA,NA,NA,NA,NA,NA,NA,NA,NA,NA,NA,NA,NA,NA
115,1.2675867264037,0.88512896856096,AR,2023-05-02,1,1,0,1,0,1,1,1,1,1,1,0,1,0,1,1,1,1
116,0.01312279874504,0.0121883734333748,AR,2023-05-03,1,1,1,1,1,1,1,1,1,1,1,1,1,1,1,1,1,1
117,NA,NA,AR,2023-05-04,NA,NA,NA,NA,NA,NA,NA,NA,NA,NA,NA,NA,NA,NA,NA,NA,NA,NA
118,NA,NA,AR,2023-05-05,NA,NA,NA,NA,NA,NA,NA,NA,NA,NA,NA,NA,NA,NA,NA,NA,NA,NA
119,NA,NA,AR,2023-05-06,NA,NA,NA,NA,NA,NA,NA,NA,NA,NA,NA,NA,NA,NA,NA,NA,NA,NA
120,NA,NA,AR,2023-05-07,NA,NA,NA,NA,NA,NA,NA,NA,NA,NA,NA,NA,NA,NA,NA,NA,NA,NA
121,1.1039260982087,0.75490828926579,AR,2023-05-08,1,1,1,1,0,1,0,1,1,1,1,1,1,0,1,0,1,1
122,0.0668676841497797,0.01996748401131315,AR,2023-05-09,1,1,1,1,1,1,1,1,1,1,1,1,1,1,1,1,1,1
123,2.2533319967088,0.57695469777766,AR,2023-05-10,1,1,1,0,0,1,1,1,1,1,1,1,0,0,1,0,1,1
124,NA,NA,AR,2023-05-11,NA,NA,NA,NA,NA,NA,NA,NA,NA,NA,NA,NA,NA,NA,NA,NA,NA,NA
125,NA,NA,AR,2023-05-12,NA,NA,NA,NA,NA,NA,NA,NA,NA,NA,NA,NA,NA,NA,NA,NA,NA,NA
126,NA,NA,AR,2023-05-13,NA,NA,NA,NA,NA,NA,NA,NA,NA,NA,NA,NA,NA,NA,NA,NA,NA,NA
127,0.721442062720312,0.1512342424713515,AZ,2023-04-02,1,1,1,1,1,0,1,1,1,1,1,1,1,0,0,1,1,1
128,0.881360231222265,0.0520529490084205,AZ,2023-04-03,1,1,1,1,1,1,0,1,1,1,1,1,1,0,1,0,1,1
129,1.98299240639621,0.174252654913694,AZ,2023-04-04,1,1,0,1,0,0,1,0,1,1,1,0,1,0,0,0,0,1
130,1.11527054665166,0.083108701437186,AZ,2023-04-05,1,1,0,1,1,1,1,1,1,1,1,0,1,0,0,0,1,1
131,0.0999134469760063,0.00484227127226901,AZ,2023-04-06,1,1,1,1,1,1,1,1,1,1,1,1,1,0,1,0,1,1
132,0.25764818226289,0.0050100470035607,AZ,2023-04-07,1,1,1,1,1,1,1,1,1,1,1,1,1,1,1,1,1,1
133,0.517686819381008,0.0919978354781395,AZ,2023-04-08,1,1,1,1,1,1,1,1,1,1,1,1,1,0,0,1,1,1
134,1.60687531060791,0.140517360251552,AZ,2023-04-09,1,1,1,1,1,1,0,1,1,1,1,1,1,0,0,0,1,1
135,1.57825223237924,0.1392810577862695,AZ,2023-04-10,1,1,1,1,1,0,1,1,1,1,1,1,1,0,0,1,1,1
136,2.54354172456046,0.215942768586013,AZ,2023-04-11,1,1,1,0,0,1,1,0,0,1,1,1,0,0,0,0,0,0
137,0.0399629136587636,0.00622044675165055,AZ,2023-04-12,1,1,1,1,1,1,1,1,1,1,1,1,1,1,1,1,1,1
138,0.249734017247935,0.0065471744737093,AZ,2023-04-13,1,1,1,1,1,1,1,1,1,1,1,1,1,0,1,0,1,1
139,1.04682089205346,0.304115213647727,AZ,2023-04-14,1,1,0,1,1,1,1,1,1,1,1,0,1,0,1,1,1,1
140,0.38675255121514,0.0073007390438812,AZ,2023-04-15,1,1,1,1,1,1,1,1,1,1,1,1,1,0,0,0,1,1
141,1.44715015518183,0.258606284524365,AZ,2023-04-16,1,1,1,1,0,1,0,1,0,1,1,1,1,0,1,0,1,0
142,1.12074849055978,0.106362764344211,AZ,2023-04-17,1,1,1,0,1,1,1,1,1,1,1,1,0,0,0,1,0,1
143,1.13655856920559,0.1763258045230895,AZ,2023-04-18,1,1,1,1,1,1,1,1,1,1,1,1,1,0,1,0,1,1
144,1.86254785878876,0.0445476913481702,AZ,2023-04-19,1,1,1,1,0,1,1,1,0,1,1,1,1,1,0,1,1,0
145,3.29156520832641,0.244987599768177,AZ,2023-04-20,1,0,1,1,0,0,1,1,0,1,0,1,1,0,0,0,1,0
146,1.17245470136753,0.84768528682345,AZ,2023-04-21,1,1,1,1,0,1,0,1,1,1,1,1,1,0,1,0,1,1
147,0.128122982615928,0.0112871719435067,AZ,2023-04-22,1,1,1,1,1,1,1,1,1,1,1,1,1,0,0,1,1,1
148,1.70407173825889,0.075432398312981,AZ,2023-04-23,1,1,1,1,1,0,1,1,1,1,1,1,1,0,1,0,1,1
149,1.70883821728566,0.04753858237752705,AZ,2023-04-24,1,1,1,1,0,1,1,1,1,1,1,0,1,0,0,0,1,1
150,1.52942667143009,0.133306147987504,AZ,2023-04-25,1,1,1,1,1,1,1,1,0,1,1,1,1,0,1,0,0,0
151,1.43413858188945,0.097732566585587,AZ,2023-04-26,1,1,1,1,1,1,1,1,1,1,1,1,0,0,0,0,0,1
152,0.783352552102223,0.075641480699239,AZ,2023-04-27,1,1,1,1,1,1,1,1,1,1,1,1,1,1,0,0,1,1
153,0.859175864334071,0.01716869943547335,AZ,2023-04-28,1,1,1,1,0,1,1,1,1,1,1,1,0,0,1,0,1,1
154,0.470522637022847,0.01846115907895025,AZ,2023-04-29,1,1,1,1,1,1,1,1,1,1,1,1,1,0,0,0,1,1
155,1.54060345693678,0.208110183779523,AZ,2023-04-30,1,1,1,1,1,0,1,1,1,1,1,1,1,1,0,0,1,1
156,1.97739115446924,0.092915697965623,AZ,2023-05-01,1,1,1,0,0,0,1,1,1,1,1,1,0,0,0,0,1,1
157,3.54824918890153,0.2109782453907775,AZ,2023-05-02,1,1,1,1,1,0,0,1,0,1,1,1,1,1,0,0,0,0
158,2.26639569462156,0.14409498803964849,AZ,2023-05-03,1,1,1,1,1,1,0,1,1,1,1,1,1,0,0,0,0,1
159,1.54434802883897,0.0781114149995795,AZ,2023-05-04,1,1,1,1,0,1,1,1,1,1,1,1,1,0,0,0,1,1
160,1.41253939061991,0.2500800830085505,AZ,2023-05-05,1,1,1,0,1,0,1,1,1,1,1,1,0,0,0,0,1,1
161,1.10437332994746,0.0310489676115393,AZ,2023-05-06,1,1,1,1,0,1,1,1,1,1,1,1,1,0,0,1,1,1
162,2.70400625726526,0.3042441442376445,AZ,2023-05-07,1,1,0,0,0,1,1,0,1,1,1,0,0,0,0,0,0,1
163,6.0656148638631,0.3098476678876215,AZ,2023-05-08,1,1,1,0,0,0,0,1,0,1,1,1,0,0,0,0,1,0
164,4.79951423305432,0.1095615032239185,AZ,2023-05-09,1,1,1,1,0,1,0,1,0,1,1,1,1,0,1,0,0,0
165,3.30444019876258,0.1513029663932655,AZ,2023-05-10,1,1,1,0,0,1,0,1,1,1,1,1,0,0,1,0,0,1
166,0.246804920833168,0.04518045540026,AZ,2023-05-11,1,1,1,1,1,1,1,1,1,1,1,1,1,0,1,0,1,1
167,1.25800015630117,0.1536799760998375,AZ,2023-05-12,1,1,1,0,1,1,1,1,1,1,1,1,0,1,1,0,1,1
168,NA,NA,AZ,2023-05-13,NA,NA,NA,NA,NA,NA,NA,NA,NA,NA,NA,NA,NA,NA,NA,NA,NA,NA
169,3.62523085110003,0.1677078766764945,CA,2023-04-02,1,1,1,0,0,1,1,1,0,1,1,0,0,0,0,0,0,0
170,5.25489077116983,0.1572262787007305,CA,2023-04-03,1,1,1,0,0,1,1,1,0,1,1,0,0,0,0,1,0,0
171,1.99332278769946,0.0816424404968605,CA,2023-04-04,1,1,1,1,1,1,1,1,0,1,1,1,1,1,0,0,1,0
172,5.09860433189473,0.163829988327734,CA,2023-04-05,1,1,1,0,0,1,1,1,0,1,1,0,0,0,0,0,0,0
173,7.69571262819123,0.2041494744374735,CA,2023-04-06,1,1,1,0,0,0,1,1,0,1,1,1,0,0,0,0,1,1
174,3.53469924061324,0.1452487325422155,CA,2023-04-07,1,1,1,0,1,0,1,1,0,1,1,0,0,0,0,1,0,0
175,2.98577555876522,0.131475739154408,CA,2023-04-08,1,1,1,1,1,1,0,1,1,1,1,1,1,0,0,0,1,1
176,0.649269832559638,0.0696705194245055,CA,2023-04-09,1,1,1,1,1,1,1,1,1,1,1,1,1,0,1,0,1,1
177,9.58925350472441,0.191977709041962,CA,2023-04-10,1,1,0,1,0,0,1,1,0,1,1,0,0,0,0,1,0,0
178,3.28926798039825,0.106906880390397,CA,2023-04-11,1,1,1,1,1,1,0,1,1,1,1,0,0,0,0,0,0,1
179,8.60787798573373,0.2136580044070765,CA,2023-04-12,1,1,0,0,0,0,1,1,0,1,1,0,0,0,0,0,1,0
180,2.51409468525377,0.1435594178223085,CA,2023-04-13,1,1,1,0,1,1,1,1,0,1,1,0,0,0,0,0,0,0
181,4.73617861257653,0.077729042162676,CA,2023-04-14,1,1,1,1,0,0,1,1,1,1,1,1,1,0,0,0,0,1
182,3.23790103154244,0.1475139570639875,CA,2023-04-15,1,1,0,0,1,0,1,1,0,1,1,0,0,0,0,0,1,0
183,3.00093190653509,0.1489426762501965,CA,2023-04-16,1,1,1,0,1,0,0,1,0,1,1,1,0,0,0,0,0,0
184,2.87804237674978,0.1471810883709105,CA,2023-04-17,1,1,1,0,1,1,1,0,0,1,1,1,0,0,1,0,0,0
185,2.5479251576868,0.1282553340224405,CA,2023-04-18,1,1,1,1,1,1,0,1,0,1,1,1,1,0,0,0,0,0
186,3.81992122594277,0.214102293020898,CA,2023-04-19,1,1,1,1,0,0,1,0,0,1,1,0,1,0,0,0,1,0
187,3.17197817309608,0.206947994827343,CA,2023-04-20,1,1,0,0,0,1,1,1,1,1,1,0,0,0,1,0,0,1
188,4.53705583277386,0.079312957305147,CA,2023-04-21,1,1,1,0,0,1,0,1,1,1,1,0,0,0,1,0,0,1
189,5.49227263070022,0.3219016527658715,CA,2023-04-22,1,1,0,1,0,1,1,0,0,1,1,0,1,0,0,0,0,0
190,1.68706216671484,0.261467090084098,CA,2023-04-23,1,1,1,1,0,1,0,1,1,1,1,0,1,0,1,0,1,1
191,1.76112370892812,0.155670980583291,CA,2023-04-24,1,1,1,1,1,0,1,1,0,1,1,1,1,0,0,0,0,0
192,7.59168117035299,0.2453782509643115,CA,2023-04-25,1,1,1,0,0,0,0,1,0,1,1,0,0,0,0,0,0,0
193,6.56031082021248,0.147060792633032,CA,2023-04-26,1,1,1,0,0,1,0,0,0,1,1,1,0,0,0,0,0,0
194,3.77198602301493,0.171358731001992,CA,2023-04-27,1,1,1,0,1,1,0,1,1,1,1,1,0,0,0,0,0,1
195,2.98381068264286,0.1803060117179985,CA,2023-04-28,1,1,0,0,1,1,1,1,1,1,1,0,0,0,1,1,0,1
196,5.71444813780375,0.280388340224956,CA,2023-04-29,1,1,0,0,0,0,1,1,0,1,1,0,1,0,0,0,0,0
197,4.1831311552672,0.1977753680796445,CA,2023-04-30,1,1,1,0,1,1,0,1,0,1,1,0,0,0,0,0,0,0
198,7.02920157339196,0.253272013256073,CA,2023-05-01,1,1,1,0,1,0,0,1,1,1,1,1,0,0,0,0,0,1
199,7.04550948610065,0.279818817431256,CA,2023-05-02,1,1,1,0,0,0,0,1,0,1,1,1,0,0,0,0,0,0
200,4.18335902339335,0.1991442936957425,CA,2023-05-03,1,1,1,0,1,1,0,1,1,1,1,1,0,0,0,1,0,1
201,3.05047679887642,0.241493301799819,CA,2023-05-04,1,1,1,1,1,0,0,1,1,1,1,1,1,0,0,0,0,1
202,8.80806233049352,0.226242703033303,CA,2023-05-05,1,1,1,0,1,0,0,0,1,1,1,1,0,0,0,0,1,0
203,3.63246946359373,0.2101915988332555,CA,2023-05-06,1,1,1,1,0,1,0,1,0,1,1,1,1,0,1,0,0,0
204,1.63030018317927,0.2769076045416585,CA,2023-05-07,1,1,1,1,1,0,1,1,1,1,1,1,1,0,0,0,0,1
205,9.97853160100013,0.373023309007296,CA,2023-05-08,1,1,0,0,0,0,0,1,0,1,1,0,0,0,0,0,0,0
206,11.1071477246021,0.2283765274648335,CA,2023-05-09,1,1,1,0,0,0,0,1,0,1,1,1,0,0,0,0,1,0
207,6.98885850907132,0.302148715906093,CA,2023-05-10,1,1,1,0,1,0,0,1,0,1,1,1,0,0,0,0,0,0
208,6.02791591737303,0.2962240821709365,CA,2023-05-11,1,1,1,0,1,0,0,1,0,1,1,1,0,0,0,0,0,0
209,2.97989968228368,0.256089265627993,CA,2023-05-12,1,1,1,0,0,1,0,1,0,1,1,1,0,0,0,0,0,0
210,1.81239654662744,0.440399373896513,CA,2023-05-13,1,1,1,1,1,0,0,0,1,1,1,1,1,0,0,0,1,1
211,NA,NA,CO,2023-04-02,NA,NA,NA,NA,NA,NA,NA,NA,NA,NA,NA,NA,NA,NA,NA,NA,NA,NA
212,0.842056311681493,0.1553440810609285,CO,2023-04-03,1,1,1,1,1,0,1,1,1,1,1,1,1,0,0,1,1,1
213,0.0133350693258674,0.001747015061634825,CO,2023-04-04,1,1,1,1,1,1,1,1,1,1,1,1,1,1,1,1,1,1
214,0.00458318330713837,0.00181822782359981,CO,2023-04-05,1,1,1,1,1,1,1,1,1,1,1,1,1,1,1,1,1,1
215,0.108583948904135,0.00189717146150708,CO,2023-04-06,1,1,1,1,1,1,1,1,1,1,1,1,1,1,1,1,1,1
216,NA,NA,CO,2023-04-07,NA,NA,NA,NA,NA,NA,NA,NA,NA,NA,NA,NA,NA,NA,NA,NA,NA,NA
217,0.00389068535496877,0.002080025885671025,CO,2023-04-08,1,1,1,1,1,1,1,1,1,1,1,1,1,1,1,1,1,1
218,0.00368688303902037,0.002184981776215295,CO,2023-04-09,1,1,1,1,1,1,1,1,1,1,1,1,1,1,1,1,1,1
219,0.00522909706602875,0.002299765505934575,CO,2023-04-10,1,1,1,1,1,1,1,1,1,1,1,1,1,1,1,1,1,1
220,1.06792205559757,0.1904950295163365,CO,2023-04-11,1,1,1,0,1,1,1,1,1,1,1,1,0,0,1,1,1,1
221,0.0415151024942685,0.00256168066076859,CO,2023-04-12,1,1,1,1,1,1,1,1,1,1,1,1,1,1,1,1,1,1
222,0.066996808339923,0.002710443961946385,CO,2023-04-13,1,1,1,1,1,1,1,1,1,1,1,1,1,1,1,1,1,1
223,0.960449589942925,0.119690215428941,CO,2023-04-14,1,1,0,1,1,1,1,1,1,1,1,0,1,0,1,1,1,1
224,0.00581288442145168,0.00304832236291157,CO,2023-04-15,1,1,1,1,1,1,1,1,1,1,1,1,1,1,1,1,1,1
225,NA,NA,CO,2023-04-16,NA,NA,NA,NA,NA,NA,NA,NA,NA,NA,NA,NA,NA,NA,NA,NA,NA,NA
226,1.02336072873228,0.189452914342765,CO,2023-04-17,1,1,1,1,1,1,1,0,1,1,1,1,1,1,0,1,0,1
227,0.926462853892983,0.2994125665611415,CO,2023-04-18,1,1,1,1,0,0,1,1,1,1,1,1,1,0,0,1,1,1
228,0.0659763631766822,0.003918459438649885,CO,2023-04-19,1,1,1,1,1,1,1,1,1,1,1,1,1,1,1,1,1,1
229,NA,NA,CO,2023-04-20,NA,NA,NA,NA,NA,NA,NA,NA,NA,NA,NA,NA,NA,NA,NA,NA,NA,NA
230,1.28715937140448,0.92490543598637,CO,2023-04-21,1,1,1,1,0,1,1,0,1,1,1,1,1,0,1,1,0,1
231,1.252703656016,0.893626922965465,CO,2023-04-22,1,1,1,1,0,1,0,1,1,1,1,1,1,0,1,0,1,1
232,NA,NA,CO,2023-04-23,NA,NA,NA,NA,NA,NA,NA,NA,NA,NA,NA,NA,NA,NA,NA,NA,NA,NA
233,0.975341964517351,0.1878755517530745,CO,2023-04-24,1,1,1,1,1,1,1,0,1,1,1,1,1,1,1,0,0,1
234,1.08675707408438,0.3092815881623155,CO,2023-04-25,1,1,1,1,1,1,1,1,0,1,1,1,1,0,1,1,1,0
235,0.0967519792489786,0.00633712764496205,CO,2023-04-26,1,1,1,1,1,1,1,1,1,1,1,1,1,0,1,0,1,1
236,NA,NA,CO,2023-04-27,NA,NA,NA,NA,NA,NA,NA,NA,NA,NA,NA,NA,NA,NA,NA,NA,NA,NA
237,1.56473160530036,0.289834770236605,CO,2023-04-28,1,1,1,1,0,0,1,1,1,1,1,1,1,0,0,1,1,1
238,0.0172261959565699,0.00788332339034235,CO,2023-04-29,1,1,1,1,1,1,1,1,1,1,1,1,1,1,1,1,1,1
239,0.0694314323042033,0.00848913045124385,CO,2023-04-30,1,1,1,1,1,1,1,1,1,1,1,1,1,1,1,1,1,1
240,0.280455451042269,0.009146463309162,CO,2023-05-01,1,1,1,1,1,1,1,1,1,1,1,1,1,1,1,1,1,1
241,0.55645388633758,0.175270535106923,CO,2023-05-02,1,1,1,1,1,1,1,1,1,1,1,1,1,0,0,1,1,1
242,0.0216782675231919,0.0106327966467096,CO,2023-05-03,1,1,1,1,1,1,1,1,1,1,1,1,1,1,1,1,1,1
243,0.158168730921484,0.01147106078770615,CO,2023-05-04,1,1,1,1,1,1,1,1,1,1,1,1,1,1,1,1,1,1
244,0.0238859114595016,0.0123793893503875,CO,2023-05-05,1,1,1,1,1,1,1,1,1,1,1,1,1,1,1,1,1,1
245,NA,NA,CO,2023-05-06,NA,NA,NA,NA,NA,NA,NA,NA,NA,NA,NA,NA,NA,NA,NA,NA,NA,NA
246,0.858291214612658,0.4130694461959405,CO,2023-05-07,1,1,1,1,1,0,1,1,1,1,1,1,1,1,0,0,1,1
247,1.10175764211299,0.79310307667606,CO,2023-05-08,1,1,1,1,0,1,0,1,1,1,1,1,1,1,1,1,1,1
248,0.84808915598418,0.408831379125953,CO,2023-05-09,1,1,1,1,1,0,1,1,1,1,1,1,1,0,0,1,1,1
249,3.3720270168129,0.828106497655955,CO,2023-05-10,1,1,1,1,0,0,1,0,0,1,1,1,1,0,0,1,0,0
250,0.124690230086502,0.01962196788898165,CO,2023-05-11,1,1,1,1,1,1,1,1,1,1,1,1,1,1,1,1,1,1
251,NA,NA,CO,2023-05-12,NA,NA,NA,NA,NA,NA,NA,NA,NA,NA,NA,NA,NA,NA,NA,NA,NA,NA
252,0.264186641247689,0.0228733585804254,CO,2023-05-13,1,1,1,1,1,1,1,1,1,1,1,1,1,1,1,1,1,1
253,NA,NA,CT,2023-04-02,NA,NA,NA,NA,NA,NA,NA,NA,NA,NA,NA,NA,NA,NA,NA,NA,NA,NA
254,0.172616088250609,0.0087632066593245,CT,2023-04-03,1,1,1,1,1,1,1,1,1,1,1,1,1,1,1,1,1,1
255,0.0140823567874763,0.00965463028281665,CT,2023-04-04,1,1,1,1,1,1,1,1,1,1,1,1,1,1,1,1,1,1
256,0.0458659742375904,0.0106459263717452,CT,2023-04-05,1,1,1,1,1,1,1,1,1,1,1,1,1,1,1,1,1,1
257,NA,NA,CT,2023-04-06,NA,NA,NA,NA,NA,NA,NA,NA,NA,NA,NA,NA,NA,NA,NA,NA,NA,NA
258,NA,NA,CT,2023-04-07,NA,NA,NA,NA,NA,NA,NA,NA,NA,NA,NA,NA,NA,NA,NA,NA,NA,NA
259,NA,NA,CT,2023-04-08,NA,NA,NA,NA,NA,NA,NA,NA,NA,NA,NA,NA,NA,NA,NA,NA,NA,NA
260,NA,NA,CT,2023-04-09,NA,NA,NA,NA,NA,NA,NA,NA,NA,NA,NA,NA,NA,NA,NA,NA,NA,NA
261,1.69576684293585,0.55016875772047,CT,2023-04-10,1,1,1,1,0,0,1,1,0,1,1,1,1,0,0,1,1,0
262,0.724906708765679,0.175246584164163,CT,2023-04-11,1,1,1,1,1,1,0,1,1,1,1,1,1,1,1,1,1,1
263,0.708463256442611,0.1746825377689795,CT,2023-04-12,1,1,1,1,1,1,0,1,1,1,1,1,1,0,1,0,1,1
264,0.0333241182040745,0.023675066625206,CT,2023-04-13,1,1,1,1,1,1,1,1,1,1,1,1,1,1,1,1,1,1
265,0.029416745131811,0.02617722147149275,CT,2023-04-14,1,1,1,1,1,1,1,1,1,1,1,1,1,1,1,1,1,1
266,NA,NA,CT,2023-04-15,NA,NA,NA,NA,NA,NA,NA,NA,NA,NA,NA,NA,NA,NA,NA,NA,NA,NA
267,0.490462979109199,0.2015011599244255,CT,2023-04-16,1,1,1,1,1,1,1,1,1,1,1,1,1,1,0,1,0,1
268,0.151360743827306,0.0353244501331251,CT,2023-04-17,1,1,1,1,1,1,1,1,1,1,1,1,1,1,1,1,1,1
269,0.813037807909299,0.374507664045216,CT,2023-04-18,1,1,1,1,1,1,0,1,1,1,1,1,1,0,1,0,1,1
270,0.191585510564371,0.0430308846840711,CT,2023-04-19,1,1,1,1,1,1,1,1,1,1,1,1,1,0,1,0,1,1
271,0.0641690210702294,0.04744393804350905,CT,2023-04-20,1,1,1,1,1,1,1,1,1,1,1,1,1,0,0,1,1,1
272,0.0675038780696046,0.052266164484081,CT,2023-04-21,1,1,1,1,1,1,1,1,1,1,1,1,1,1,1,1,1,1
273,NA,NA,CT,2023-04-22,NA,NA,NA,NA,NA,NA,NA,NA,NA,NA,NA,NA,NA,NA,NA,NA,NA,NA
274,0.0823228704378912,0.0632472576598475,CT,2023-04-23,1,1,1,1,1,1,1,1,1,1,1,1,1,1,1,1,1,1
275,0.674994551472998,0.341291812376125,CT,2023-04-24,1,1,1,1,1,1,0,1,1,1,1,1,1,1,1,1,1,1
276,0.461033469333674,0.2518491066523255,CT,2023-04-25,1,1,1,1,1,1,1,1,1,1,1,1,1,1,0,0,1,1
277,1.0627742088167,0.741209051898765,CT,2023-04-26,1,1,1,0,1,1,1,1,1,1,1,1,0,0,1,1,1,1
278,NA,NA,CT,2023-04-27,NA,NA,NA,NA,NA,NA,NA,NA,NA,NA,NA,NA,NA,NA,NA,NA,NA,NA
279,0.3812981322993,0.099708579306194,CT,2023-04-28,1,1,1,1,1,1,1,1,1,1,1,1,1,1,1,1,1,1
280,NA,NA,CT,2023-04-29,NA,NA,NA,NA,NA,NA,NA,NA,NA,NA,NA,NA,NA,NA,NA,NA,NA,NA
281,NA,NA,CT,2023-04-30,NA,NA,NA,NA,NA,NA,NA,NA,NA,NA,NA,NA,NA,NA,NA,NA,NA,NA
282,NA,NA,CT,2023-05-01,NA,NA,NA,NA,NA,NA,NA,NA,NA,NA,NA,NA,NA,NA,NA,NA,NA,NA
283,0.904821455182359,0.419699922609806,CT,2023-05-02,1,1,1,0,1,1,1,1,1,1,1,1,0,0,1,1,1,1
284,1.36846867957037,0.50368952230192,CT,2023-05-03,1,1,1,1,1,1,1,0,0,1,1,1,1,1,0,1,0,0
285,0.55455952846332,0.163179520380386,CT,2023-05-04,1,1,1,1,1,1,1,1,1,1,1,1,1,0,1,0,1,1
286,0.231788103664405,0.175949152878042,CT,2023-05-05,1,1,1,1,1,1,1,1,1,1,1,1,1,1,1,1,1,1
287,0.233675187816747,0.1893233176804125,CT,2023-05-06,1,1,1,1,1,1,1,1,1,1,1,1,1,1,1,1,1,1
288,NA,NA,CT,2023-05-07,NA,NA,NA,NA,NA,NA,NA,NA,NA,NA,NA,NA,NA,NA,NA,NA,NA,NA
289,0.674820663386671,0.306865660251544,CT,2023-05-08,1,1,1,1,1,1,1,1,1,1,1,1,1,1,0,0,1,1
290,1.76137648224874,0.4441897317803305,CT,2023-05-09,1,1,1,1,1,1,0,0,1,1,1,1,1,0,1,1,0,1
291,0.489084042468255,0.3229761217713285,CT,2023-05-10,1,1,1,1,1,1,1,1,1,1,1,1,1,0,0,0,0,1
292,2.50051774426966,0.3315749239721315,CT,2023-05-11,1,1,1,0,0,1,0,1,1,1,1,1,0,0,1,0,1,1
293,0.433960413461715,0.346089515126799,CT,2023-05-12,1,1,1,1,1,1,1,1,1,1,1,1,1,1,0,0,1,1
294,NA,NA,CT,2023-05-13,NA,NA,NA,NA,NA,NA,NA,NA,NA,NA,NA,NA,NA,NA,NA,NA,NA,NA
295,NA,NA,DC,2023-04-02,NA,NA,NA,NA,NA,NA,NA,NA,NA,NA,NA,NA,NA,NA,NA,NA,NA,NA
296,NA,NA,DC,2023-04-03,NA,NA,NA,NA,NA,NA,NA,NA,NA,NA,NA,NA,NA,NA,NA,NA,NA,NA
297,1.65716501473921,0.444196118928602,DC,2023-04-04,1,1,1,1,0,1,0,1,1,1,1,1,1,0,0,0,1,1
298,1.08199057645195,0.3085173533343905,DC,2023-04-05,1,1,0,1,1,1,1,1,1,1,1,0,1,0,1,1,1,1
299,1.16156316391374,0.852802491516865,DC,2023-04-06,1,1,1,1,0,0,1,1,1,1,1,1,1,0,0,1,1,1
300,1.12973802648799,0.4537069451685255,DC,2023-04-07,1,1,1,0,0,1,1,1,1,1,1,1,0,0,1,1,1,1
301,0.0531303799464486,0.0075585807953345,DC,2023-04-08,1,1,1,1,1,1,1,1,1,1,1,1,1,1,1,1,1,1
302,NA,NA,DC,2023-04-09,NA,NA,NA,NA,NA,NA,NA,NA,NA,NA,NA,NA,NA,NA,NA,NA,NA,NA
303,0.0174938783010782,0.00895393697435965,DC,2023-04-10,1,1,1,1,1,1,1,1,1,1,1,1,1,1,1,1,1,1
304,0.0192430341995743,0.0097610479951478,DC,2023-04-11,1,1,1,1,1,1,1,1,1,1,1,1,1,1,1,1,1,1
305,NA,NA,DC,2023-04-12,NA,NA,NA,NA,NA,NA,NA,NA,NA,NA,NA,NA,NA,NA,NA,NA,NA,NA
306,0.0250655777020247,0.0116292709611211,DC,2023-04-13,1,1,1,1,1,1,1,1,1,1,1,1,1,1,1,1,1,1
307,0.0258072620042754,0.01270607833670295,DC,2023-04-14,1,1,1,1,1,1,1,1,1,1,1,1,1,1,1,1,1,1
308,NA,NA,DC,2023-04-15,NA,NA,NA,NA,NA,NA,NA,NA,NA,NA,NA,NA,NA,NA,NA,NA,NA,NA
309,0.0313394391785908,0.01518851443409065,DC,2023-04-16,1,1,1,1,1,1,1,1,1,1,1,1,1,1,1,1,1,1
310,0.0958921303264808,0.01661317208791025,DC,2023-04-17,1,1,1,1,1,1,1,1,1,1,1,1,1,1,1,1,1,1
311,0.967831977499047,0.2989613919191685,DC,2023-04-18,1,1,1,1,1,1,1,0,1,1,1,1,1,1,0,1,0,1
312,NA,NA,DC,2023-04-19,NA,NA,NA,NA,NA,NA,NA,NA,NA,NA,NA,NA,NA,NA,NA,NA,NA,NA
313,0.0404621207396406,0.0217458358504577,DC,2023-04-20,1,1,1,1,1,1,1,1,1,1,1,1,1,1,1,1,1,1
314,0.698232559314274,0.3792164678854875,DC,2023-04-21,1,1,1,1,1,0,1,1,1,1,1,1,1,0,0,0,0,1
315,0.0550523782031826,0.0259958775033252,DC,2023-04-22,1,1,1,1,1,1,1,1,1,1,1,1,1,1,1,1,1,1
316,0.676337738302004,0.371223613159152,DC,2023-04-23,1,1,1,1,1,1,1,1,1,1,1,1,1,1,0,0,1,1
317,1.83171883297926,0.51400759124655,DC,2023-04-24,1,1,1,1,0,1,0,1,1,1,1,1,1,0,1,0,1,1
318,0.0590610372518644,0.0338504249891829,DC,2023-04-25,1,1,1,1,1,1,1,1,1,1,1,1,1,0,1,0,1,1
319,NA,NA,DC,2023-04-26,NA,NA,NA,NA,NA,NA,NA,NA,NA,NA,NA,NA,NA,NA,NA,NA,NA,NA
320,NA,NA,DC,2023-04-27,NA,NA,NA,NA,NA,NA,NA,NA,NA,NA,NA,NA,NA,NA,NA,NA,NA,NA
321,0.986038089983945,0.709450075976975,DC,2023-04-28,1,1,1,1,1,1,0,1,1,1,1,1,1,0,1,0,1,1
322,1.70912345247992,0.7921220795948,DC,2023-04-29,1,1,1,0,0,1,1,0,1,1,1,1,0,0,1,1,0,1
323,NA,NA,DC,2023-04-30,NA,NA,NA,NA,NA,NA,NA,NA,NA,NA,NA,NA,NA,NA,NA,NA,NA,NA
324,NA,NA,DC,2023-05-01,NA,NA,NA,NA,NA,NA,NA,NA,NA,NA,NA,NA,NA,NA,NA,NA,NA,NA
325,NA,NA,DC,2023-05-02,NA,NA,NA,NA,NA,NA,NA,NA,NA,NA,NA,NA,NA,NA,NA,NA,NA,NA
326,NA,NA,DC,2023-05-03,NA,NA,NA,NA,NA,NA,NA,NA,NA,NA,NA,NA,NA,NA,NA,NA,NA,NA
327,0.909747925903781,0.4155133494052755,DC,2023-05-04,1,1,1,1,1,1,1,0,1,1,1,1,1,1,0,1,0,1
328,0.126340055416043,0.0763902817574635,DC,2023-05-05,1,1,1,1,1,1,1,1,1,1,1,1,1,0,0,1,1,1
329,0.137393180919526,0.082227399708835,DC,2023-05-06,1,1,1,1,1,1,1,1,1,1,1,1,1,1,1,1,1,1
330,NA,NA,DC,2023-05-07,NA,NA,NA,NA,NA,NA,NA,NA,NA,NA,NA,NA,NA,NA,NA,NA,NA,NA
331,1.38442833924062,0.658986231334875,DC,2023-05-08,1,1,1,1,0,1,1,0,1,1,1,1,1,0,1,1,0,1
332,1.29085564322865,0.4135514741721415,DC,2023-05-09,1,1,1,1,1,1,0,1,1,1,1,1,1,0,1,0,1,1
333,0.172784851114893,0.108551525670828,DC,2023-05-10,1,1,1,1,1,1,1,1,1,1,1,1,1,0,0,1,1,1
334,0.992601059104588,0.719628170833865,DC,2023-05-11,1,1,1,0,1,1,1,1,1,1,1,1,0,1,1,0,1,1
335,NA,NA,DC,2023-05-12,NA,NA,NA,NA,NA,NA,NA,NA,NA,NA,NA,NA,NA,NA,NA,NA,NA,NA
336,NA,NA,DC,2023-05-13,NA,NA,NA,NA,NA,NA,NA,NA,NA,NA,NA,NA,NA,NA,NA,NA,NA,NA
337,0.00928526218281978,0.002539940133268875,DE,2023-04-02,1,1,1,1,1,1,1,1,1,1,1,1,1,1,1,1,1,1
338,NA,NA,DE,2023-04-03,NA,NA,NA,NA,NA,NA,NA,NA,NA,NA,NA,NA,NA,NA,NA,NA,NA,NA
339,1.27205796784157,0.471608617042184,DE,2023-04-04,1,1,1,1,0,1,1,1,0,1,1,1,1,0,1,1,1,0
340,NA,NA,DE,2023-04-05,NA,NA,NA,NA,NA,NA,NA,NA,NA,NA,NA,NA,NA,NA,NA,NA,NA,NA
341,0.0451242706485507,0.00331662850383746,DE,2023-04-06,1,1,1,1,1,1,1,1,1,1,1,1,1,1,1,1,1,1
342,0.0032010299712365,0.003552534204564395,DE,2023-04-07,1,1,1,1,1,1,1,1,1,1,1,1,1,1,1,1,1,1
343,0.00313195978109808,0.003807810873543555,DE,2023-04-08,1,1,1,1,1,1,1,1,1,1,1,1,1,1,1,1,1,1
344,NA,NA,DE,2023-04-09,NA,NA,NA,NA,NA,NA,NA,NA,NA,NA,NA,NA,NA,NA,NA,NA,NA,NA
345,0.00366875282064923,0.00438277397917769,DE,2023-04-10,1,1,1,1,1,1,1,1,1,1,1,1,1,1,1,1,1,1
346,0.0363095042794671,0.00470594549976752,DE,2023-04-11,1,1,1,1,1,1,1,1,1,1,1,1,1,1,1,1,1,1
347,0.00634112147021082,0.00505547944546195,DE,2023-04-12,1,1,1,1,1,1,1,1,1,1,1,1,1,0,1,1,0,1
348,0.0374308770647565,0.0054335042894421,DE,2023-04-13,1,1,1,1,1,1,1,1,1,1,1,1,1,1,1,1,1,1
349,0.00589749681804226,0.0058423248343821,DE,2023-04-14,1,1,1,1,1,1,1,1,1,1,1,1,1,1,1,1,1,1
350,NA,NA,DE,2023-04-15,NA,NA,NA,NA,NA,NA,NA,NA,NA,NA,NA,NA,NA,NA,NA,NA,NA,NA
351,0.0212910065145906,0.0067625357018568,DE,2023-04-16,1,1,1,1,1,1,1,1,1,1,1,1,1,1,1,1,1,1
352,0.00613936976277488,0.00727954298714565,DE,2023-04-17,1,1,1,1,1,1,1,1,1,1,1,1,1,1,1,1,1,1
353,NA,NA,DE,2023-04-18,NA,NA,NA,NA,NA,NA,NA,NA,NA,NA,NA,NA,NA,NA,NA,NA,NA,NA
354,0.00899697210601759,0.0084431460423514,DE,2023-04-19,1,1,1,1,1,1,1,1,1,1,1,1,1,1,1,1,1,1
355,NA,NA,DE,2023-04-20,NA,NA,NA,NA,NA,NA,NA,NA,NA,NA,NA,NA,NA,NA,NA,NA,NA,NA
356,0.0101820406418243,0.0098036075382356,DE,2023-04-21,1,1,1,1,1,1,1,1,1,1,1,1,1,1,1,1,1,1
357,NA,NA,DE,2023-04-22,NA,NA,NA,NA,NA,NA,NA,NA,NA,NA,NA,NA,NA,NA,NA,NA,NA,NA
358,NA,NA,DE,2023-04-23,NA,NA,NA,NA,NA,NA,NA,NA,NA,NA,NA,NA,NA,NA,NA,NA,NA,NA
359,1.04598154072158,0.4279563433737405,DE,2023-04-24,1,1,1,1,0,1,0,1,1,1,1,1,1,0,1,0,1,1
360,0.0133654353635039,0.01325225958764335,DE,2023-04-25,1,1,1,1,1,1,1,1,1,1,1,1,1,1,1,1,1,1
361,NA,NA,DE,2023-04-26,NA,NA,NA,NA,NA,NA,NA,NA,NA,NA,NA,NA,NA,NA,NA,NA,NA,NA
362,0.0165962910935636,0.0154227427105674,DE,2023-04-27,1,1,1,1,1,1,1,1,1,1,1,1,1,0,0,1,1,1
363,NA,NA,DE,2023-04-28,NA,NA,NA,NA,NA,NA,NA,NA,NA,NA,NA,NA,NA,NA,NA,NA,NA,NA
364,NA,NA,DE,2023-04-29,NA,NA,NA,NA,NA,NA,NA,NA,NA,NA,NA,NA,NA,NA,NA,NA,NA,NA
365,NA,NA,DE,2023-04-30,NA,NA,NA,NA,NA,NA,NA,NA,NA,NA,NA,NA,NA,NA,NA,NA,NA,NA
366,0.96297295747557,0.2915922541022305,DE,2023-05-01,1,1,1,1,1,1,1,0,1,1,1,1,1,0,1,1,0,1
367,NA,NA,DE,2023-05-02,NA,NA,NA,NA,NA,NA,NA,NA,NA,NA,NA,NA,NA,NA,NA,NA,NA,NA
368,0.0908334880976914,0.0243486644856404,DE,2023-05-03,1,1,1,1,1,1,1,1,1,1,1,1,1,1,1,1,1,1
369,NA,NA,DE,2023-05-04,NA,NA,NA,NA,NA,NA,NA,NA,NA,NA,NA,NA,NA,NA,NA,NA,NA,NA
370,0.0314719368448839,0.0283465351489393,DE,2023-05-05,1,1,1,1,1,1,1,1,1,1,1,1,1,1,1,1,1,1
371,0.0342802962766989,0.0305800029491318,DE,2023-05-06,1,1,1,1,1,1,1,1,1,1,1,1,1,1,1,1,1,1
372,NA,NA,DE,2023-05-07,NA,NA,NA,NA,NA,NA,NA,NA,NA,NA,NA,NA,NA,NA,NA,NA,NA,NA
373,NA,NA,DE,2023-05-08,NA,NA,NA,NA,NA,NA,NA,NA,NA,NA,NA,NA,NA,NA,NA,NA,NA,NA
374,1.61955040362524,0.70081145149581,DE,2023-05-09,1,1,1,1,0,0,0,1,1,1,1,1,1,0,0,0,1,1
375,0.0469831584613001,0.04133577532531355,DE,2023-05-10,1,1,1,1,1,1,1,1,1,1,1,1,1,1,1,1,1,1
376,0.149696312275161,0.04453976518891185,DE,2023-05-11,1,1,1,1,1,1,1,1,1,1,1,1,1,0,1,1,0,1
377,1.00126340007329,0.66824293952775,DE,2023-05-12,1,1,1,1,0,0,1,1,1,1,1,1,1,0,0,1,1,1
378,0.0584075998729728,0.0516538083671045,DE,2023-05-13,1,1,1,1,1,1,1,1,1,1,1,1,1,0,1,0,1,1
379,0.876958257842489,0.0406548387291321,FL,2023-04-02,1,1,1,1,1,1,1,1,1,1,1,0,1,1,0,1,1,1
380,3.64206183899214,0.151697130683533,FL,2023-04-03,1,1,1,0,0,0,1,1,1,1,1,1,0,0,0,0,1,1
381,3.15644968820429,0.149695427971705,FL,2023-04-04,1,1,1,0,0,0,1,1,1,1,0,0,0,0,0,0,1,1
382,1.56861205233808,0.0419781459482566,FL,2023-04-05,1,1,1,1,1,1,1,0,1,1,1,0,1,0,0,0,0,1
383,2.72155768797842,0.103617784273422,FL,2023-04-06,1,1,0,0,1,0,1,1,1,1,1,0,0,0,0,0,1,1
384,1.85066394990368,0.140861144055852,FL,2023-04-07,1,1,1,0,1,1,1,1,1,1,1,1,1,1,1,1,1,1
385,1.02594006688064,0.1114572962689445,FL,2023-04-08,1,1,0,1,1,1,1,1,1,1,1,0,1,1,0,0,1,1
386,0.39792049696847,0.010172890980612,FL,2023-04-09,1,1,1,1,1,1,1,1,1,1,1,1,1,0,1,0,1,1
387,4.69535988693989,0.146662534128232,FL,2023-04-10,1,1,1,0,1,0,1,0,1,1,1,1,0,0,0,1,0,1
388,4.40795280206363,0.177569180055137,FL,2023-04-11,1,1,0,0,0,1,1,1,1,1,1,0,0,0,0,1,1,1
389,3.79834212018876,0.1521218060029635,FL,2023-04-12,1,1,1,0,1,0,0,1,1,1,1,1,0,0,0,0,1,1
390,3.2314123587746,0.066602313181523,FL,2023-04-13,1,1,1,1,0,0,1,1,0,1,1,0,1,0,1,0,1,0
391,2.38473698026407,0.0685758613388885,FL,2023-04-14,1,1,1,1,0,0,1,1,1,1,1,1,1,0,0,0,1,1
392,2.37899015758594,0.201988842877051,FL,2023-04-15,1,1,0,0,0,1,1,1,1,1,1,0,0,0,1,1,1,1
393,1.91167885489198,0.1902981238303325,FL,2023-04-16,1,1,1,0,1,1,1,1,1,1,1,1,1,1,0,0,0,1
394,3.54987517806933,0.218758493897447,FL,2023-04-17,1,1,0,0,0,1,1,0,1,1,1,0,0,1,0,0,0,1
395,0.862736831345984,0.2241574179922365,FL,2023-04-18,1,1,1,1,1,1,1,0,1,1,1,1,1,1,0,1,0,1
396,3.6513157967763,0.238336323681955,FL,2023-04-19,1,1,0,0,0,0,1,1,0,1,1,0,0,0,1,0,1,0
397,1.47267606500594,0.1773978295795205,FL,2023-04-20,1,1,1,1,1,1,1,1,0,1,1,1,1,0,0,0,0,0
398,2.31680082315776,0.138406839905924,FL,2023-04-21,1,1,1,0,1,1,0,1,1,1,1,1,0,0,0,0,0,1
399,1.19522055318786,0.154404546340643,FL,2023-04-22,1,1,1,1,1,1,1,1,0,1,1,1,1,0,0,0,1,0
400,1.6508992613921,0.320610862183346,FL,2023-04-23,1,1,0,1,0,1,1,1,1,1,1,0,1,0,0,0,1,1
401,3.79825207599712,0.2391629644989405,FL,2023-04-24,1,1,0,0,0,1,1,1,1,1,1,0,0,0,1,1,0,1
402,4.33399409105023,0.1816556875494675,FL,2023-04-25,1,1,1,0,1,1,0,1,0,1,1,1,0,0,0,0,1,0
403,2.64914121750439,0.2098916446243705,FL,2023-04-26,1,1,1,0,1,1,1,1,1,1,1,1,0,0,1,0,0,1
404,2.95683985557673,0.222532024150954,FL,2023-04-27,1,1,0,0,1,1,1,1,1,1,1,0,0,0,0,0,0,1
405,4.43311251017662,0.1211903721228475,FL,2023-04-28,1,1,1,0,0,0,0,1,1,1,1,1,0,0,0,0,0,1
406,3.18995498960448,0.3368333961613615,FL,2023-04-29,1,1,1,0,0,1,0,1,1,1,1,1,0,0,1,1,1,1
407,2.46544955212683,0.336384931839323,FL,2023-04-30,1,1,1,0,0,0,1,1,1,1,1,1,0,0,0,1,0,1
408,3.6620553015846,0.247612083772459,FL,2023-05-01,1,1,1,0,1,1,0,1,1,1,1,1,0,0,0,0,0,1
409,2.93376571812661,0.223600568016605,FL,2023-05-02,1,1,1,0,1,1,0,1,1,1,1,1,0,0,0,0,0,1
410,3.36183154161664,0.161260751942717,FL,2023-05-03,1,1,1,0,0,1,0,1,1,1,1,1,0,0,0,0,1,1
411,5.77092610974983,0.1371911914665275,FL,2023-05-04,1,1,1,1,0,1,0,1,1,1,1,1,1,0,0,0,0,1
412,6.8265572413889,0.1108685456498935,FL,2023-05-05,1,1,1,1,0,0,0,1,1,1,1,1,1,0,0,0,0,1
413,2.6331162724025,0.318025714369283,FL,2023-05-06,1,1,1,0,1,1,0,0,0,1,1,1,0,1,0,0,0,0
414,4.44298442529944,0.15500088013675,FL,2023-05-07,1,1,1,0,0,0,0,1,1,1,1,1,0,0,0,0,1,1
415,5.19575386011645,0.2318476874655195,FL,2023-05-08,1,1,0,0,0,0,0,1,0,1,1,0,0,0,0,0,1,0
416,2.1488842804646,0.274925348504333,FL,2023-05-09,1,1,1,0,1,1,1,1,1,1,1,1,1,0,0,1,0,1
417,5.25929797697297,0.310280927613617,FL,2023-05-10,1,1,1,0,1,1,0,1,0,1,1,1,0,0,0,0,1,0
418,6.11539994118762,0.308295163060061,FL,2023-05-11,1,1,1,0,1,1,0,1,0,1,1,1,0,1,0,0,0,0
419,0.965287408931704,0.261853470993307,FL,2023-05-12,1,1,1,1,1,1,1,1,1,1,1,1,1,0,0,1,1,1
420,0.583854152034887,0.2571492884950225,FL,2023-05-13,1,1,1,1,1,1,1,1,1,1,1,1,1,1,0,1,0,1
421,0.782276117165051,0.179068915373239,GA,2023-04-02,1,1,1,1,1,1,0,1,1,1,1,1,1,0,1,0,1,1
422,0.826754597292696,0.22136849389888,GA,2023-04-03,1,1,1,1,1,1,0,1,1,1,1,1,1,0,1,0,1,1
423,0.406089918013401,0.00670947610039095,GA,2023-04-04,1,1,1,1,1,1,1,1,1,1,1,0,1,0,1,0,1,1
424,0.296381308400091,0.00721848546649385,GA,2023-04-05,1,1,1,1,1,1,1,1,1,1,1,1,1,0,1,0,1,1
425,2.79768668042305,0.393600635944631,GA,2023-04-06,1,1,0,1,0,1,1,1,0,1,1,0,0,0,1,0,1,0
426,1.55846518597157,0.351077877225626,GA,2023-04-07,1,1,0,1,0,1,1,1,1,1,1,0,1,0,1,0,1,1
427,0.0134310548723841,0.0091802681491662,GA,2023-04-08,1,1,1,1,1,1,1,1,1,1,1,1,1,1,1,1,1,1
428,NA,NA,GA,2023-04-09,NA,NA,NA,NA,NA,NA,NA,NA,NA,NA,NA,NA,NA,NA,NA,NA,NA,NA
429,1.40115906563504,0.220453525358036,GA,2023-04-10,1,1,1,0,0,1,1,1,1,1,1,1,0,0,0,1,1,1
430,2.7518507495875,0.2278281148086765,GA,2023-04-11,1,1,0,1,0,1,1,1,1,1,1,0,0,0,0,1,1,1
431,0.494330192717201,0.013131087265145,GA,2023-04-12,1,1,1,1,1,1,1,1,1,1,1,1,1,1,1,1,1,1
432,0.446897697877219,0.1435421414752085,GA,2023-04-13,1,1,1,1,1,1,1,1,1,1,1,1,1,0,0,0,1,1
433,0.717367645050623,0.117079524836274,GA,2023-04-14,1,1,1,1,1,0,1,1,1,1,1,1,1,0,0,1,1,1
434,0.739924353168166,0.1511563585817835,GA,2023-04-15,1,1,1,1,1,0,1,1,1,1,1,1,1,0,0,1,1,1
435,0.941121619949422,0.1389521774465155,GA,2023-04-16,1,1,1,1,1,1,1,1,0,1,1,1,1,1,1,0,1,0
436,0.954234210807216,0.139606165494688,GA,2023-04-17,1,1,1,0,1,1,1,1,1,1,1,1,0,0,1,1,1,1
437,0.33250378742412,0.02349741578072405,GA,2023-04-18,1,1,1,1,1,1,1,1,1,1,1,1,1,1,1,1,1,1
438,NA,NA,GA,2023-04-19,NA,NA,NA,NA,NA,NA,NA,NA,NA,NA,NA,NA,NA,NA,NA,NA,NA,NA
439,1.51510423996396,0.419121162965901,GA,2023-04-20,1,1,1,0,0,0,1,1,1,1,1,1,0,0,0,1,1,1
440,NA,NA,GA,2023-04-21,NA,NA,NA,NA,NA,NA,NA,NA,NA,NA,NA,NA,NA,NA,NA,NA,NA,NA
441,0.050276366875369,0.03496376326855345,GA,2023-04-22,1,1,1,1,1,1,1,1,1,1,1,1,1,1,1,1,1,1
442,1.45420016134682,0.414180709693364,GA,2023-04-23,1,1,1,0,0,0,1,1,1,1,1,1,0,1,0,1,1,1
443,0.983337325782052,0.1956704331092835,GA,2023-04-24,1,1,1,0,1,1,1,1,1,1,1,1,0,0,1,0,1,1
444,0.675950150763825,0.2301023792877285,GA,2023-04-25,1,1,1,1,1,1,1,1,1,1,1,1,1,0,0,0,1,1
445,1.36647235455816,0.3066949422984465,GA,2023-04-26,1,1,1,1,1,1,1,1,0,1,1,1,1,0,0,0,1,0
446,0.81735237854655,0.2267824341127945,GA,2023-04-27,1,1,1,1,1,0,1,1,1,1,1,1,1,1,1,1,1,1
447,0.909145004438327,0.3568409285459265,GA,2023-04-28,1,1,1,1,1,0,1,1,1,1,1,1,1,0,0,0,1,1
448,0.969562000867677,0.4226583912907915,GA,2023-04-29,1,1,1,0,1,1,1,1,1,1,1,1,0,1,1,0,1,1
449,0.934373280682271,0.3047680181911885,GA,2023-04-30,1,1,1,1,1,1,1,0,1,1,1,1,1,0,1,1,0,1
450,2.25534134153513,0.3362912682699985,GA,2023-05-01,1,1,1,0,1,0,0,0,1,1,1,1,0,0,0,0,0,1
451,2.14079359946925,0.349634370054562,GA,2023-05-02,1,1,1,0,1,0,1,0,1,1,1,1,0,0,1,0,0,1
452,2.08291650975212,0.3629774504690425,GA,2023-05-03,1,1,1,0,1,0,0,1,1,1,1,1,0,1,0,0,1,1
453,1.90667346668542,0.418423898087942,GA,2023-05-04,1,1,1,0,1,1,0,1,0,1,1,1,0,0,1,1,1,0
454,0.406539044950798,0.19824514465513501,GA,2023-05-05,1,1,1,1,1,1,1,1,1,1,1,1,1,0,1,0,1,1
455,0.182911497047774,0.127348921136195,GA,2023-05-06,1,1,1,1,1,1,1,1,1,1,1,1,1,1,1,1,1,1
456,0.71152207971546,0.1911279969373165,GA,2023-05-07,1,1,1,1,1,1,1,1,1,1,1,1,1,0,0,0,1,1
457,1.11323603286545,0.343234599605978,GA,2023-05-08,1,1,0,1,1,1,1,1,1,1,1,0,1,0,1,1,1,1
458,2.07075740002554,0.334591599383443,GA,2023-05-09,1,1,1,0,1,1,1,1,1,1,1,1,0,0,0,1,0,1
459,0.869480017837283,0.208767117110769,GA,2023-05-10,1,1,1,1,1,1,1,1,1,1,1,1,1,1,1,1,1,1
460,2.22764994776312,0.2559726918043095,GA,2023-05-11,1,1,1,1,0,1,0,1,1,1,1,1,1,0,1,0,0,1
461,1.46526322289733,0.485990973470108,GA,2023-05-12,1,1,1,1,1,1,1,0,0,1,1,1,1,0,0,0,0,0
462,NA,NA,GA,2023-05-13,NA,NA,NA,NA,NA,NA,NA,NA,NA,NA,NA,NA,NA,NA,NA,NA,NA,NA
463,0.995562754769566,0.2955940728889645,HI,2023-04-02,1,1,0,1,1,1,1,1,1,1,1,0,1,0,1,1,1,1
464,0.0554255414457643,0.0137653815947547,HI,2023-04-03,1,1,1,1,1,1,1,1,1,1,1,1,1,1,1,1,1,1
465,1.00209980569007,0.2966627357898505,HI,2023-04-04,1,1,1,1,1,1,0,1,1,1,1,1,1,0,1,0,1,1
466,0.414350497111365,0.1237318530010015,HI,2023-04-05,1,1,1,1,1,1,1,1,1,1,1,1,1,0,0,1,1,1
467,0.995279837849617,0.2291295240583825,HI,2023-04-06,1,1,1,1,1,1,1,1,0,1,1,1,1,0,1,1,1,0
468,0.213578926184415,0.01669156200774095,HI,2023-04-07,1,1,1,1,1,1,1,1,1,1,1,1,1,0,0,1,1,1
469,1.93038834959259,0.80560890184532,HI,2023-04-08,1,1,0,1,0,0,1,1,1,1,1,0,1,0,0,1,1,1
470,NA,NA,HI,2023-04-09,NA,NA,NA,NA,NA,NA,NA,NA,NA,NA,NA,NA,NA,NA,NA,NA,NA,NA
471,0.215338184466337,0.01956946198253705,HI,2023-04-10,1,1,1,1,1,1,1,1,1,1,1,1,1,0,0,1,1,1
472,0.24767209054289,0.0206757380172457,HI,2023-04-11,1,1,1,1,1,1,1,1,1,1,1,1,1,0,0,1,1,1
473,0.166769148482597,0.02186155659104725,HI,2023-04-12,1,1,1,1,1,1,1,1,1,1,1,1,1,1,1,1,1,1
474,0.0965039049784428,0.0231308578227602,HI,2023-04-13,1,1,1,1,1,1,1,1,1,1,1,1,1,1,1,1,1,1
475,NA,NA,HI,2023-04-14,NA,NA,NA,NA,NA,NA,NA,NA,NA,NA,NA,NA,NA,NA,NA,NA,NA,NA
476,0.0874504979127427,0.02593666041684395,HI,2023-04-15,1,1,1,1,1,1,1,1,1,1,1,1,1,1,1,1,1,1
477,0.0298315198290537,0.02748201882998295,HI,2023-04-16,1,1,1,1,1,1,1,1,1,1,1,1,1,1,1,1,1,1
478,NA,NA,HI,2023-04-17,NA,NA,NA,NA,NA,NA,NA,NA,NA,NA,NA,NA,NA,NA,NA,NA,NA,NA
479,0.234484766645098,0.03088117268986755,HI,2023-04-18,1,1,1,1,1,1,1,1,1,1,1,1,1,1,1,1,1,1
480,1.35935737888303,0.393010527201339,HI,2023-04-19,1,1,1,1,0,1,1,1,0,1,1,1,1,0,0,1,1,0
481,0.342437586324992,0.03472494848224605,HI,2023-04-20,1,1,1,1,1,1,1,1,1,1,1,1,1,1,1,1,1,1
482,0.974941798388406,0.297578030053322,HI,2023-04-21,1,1,1,1,1,1,1,1,0,1,1,1,1,0,1,1,1,0
483,NA,NA,HI,2023-04-22,NA,NA,NA,NA,NA,NA,NA,NA,NA,NA,NA,NA,NA,NA,NA,NA,NA,NA
484,NA,NA,HI,2023-04-23,NA,NA,NA,NA,NA,NA,NA,NA,NA,NA,NA,NA,NA,NA,NA,NA,NA,NA
485,NA,NA,HI,2023-04-24,NA,NA,NA,NA,NA,NA,NA,NA,NA,NA,NA,NA,NA,NA,NA,NA,NA,NA
486,0.381791451946809,0.191714505936122,HI,2023-04-25,1,1,1,1,1,1,1,1,1,1,1,1,1,0,0,1,1,1
487,0.948731685394086,0.2985550659406605,HI,2023-04-26,1,1,1,1,1,1,1,1,0,1,1,1,1,0,1,1,1,0
488,1.4224057389861,0.0523072689831165,HI,2023-04-27,1,1,1,1,0,1,1,1,1,1,1,1,1,1,1,1,1,1
489,0.388679510398981,0.191436661133661,HI,2023-04-28,1,1,1,1,1,1,1,1,1,1,1,1,1,1,1,1,1,1
490,1.38991176559797,0.4015117391202085,HI,2023-04-29,1,1,1,1,0,1,0,0,1,1,1,1,1,0,1,0,0,1
491,0.377627699474114,0.0621556805162005,HI,2023-04-30,1,1,1,1,1,1,1,1,1,1,1,1,1,1,1,1,1,1
492,NA,NA,HI,2023-05-01,NA,NA,NA,NA,NA,NA,NA,NA,NA,NA,NA,NA,NA,NA,NA,NA,NA,NA
493,1.58864467967368,0.53542532360684,HI,2023-05-02,1,1,1,0,0,1,1,1,0,1,1,1,0,0,0,1,1,0
494,0.2363560934485,0.0736221827379935,HI,2023-05-03,1,1,1,1,1,1,1,1,1,1,1,1,1,1,1,1,1,1
495,1.10528593520797,0.75874286332206,HI,2023-05-04,1,1,1,1,1,1,1,1,0,1,1,1,1,0,1,1,1,0
496,NA,NA,HI,2023-05-05,NA,NA,NA,NA,NA,NA,NA,NA,NA,NA,NA,NA,NA,NA,NA,NA,NA,NA
497,NA,NA,HI,2023-05-06,NA,NA,NA,NA,NA,NA,NA,NA,NA,NA,NA,NA,NA,NA,NA,NA,NA,NA
498,0.780751909916926,0.51378001516178,HI,2023-05-07,1,1,1,1,1,0,1,1,1,1,1,1,1,0,0,1,1,1
499,1.07537608202754,0.739262485616265,HI,2023-05-08,1,1,1,0,1,1,1,1,1,1,1,1,0,1,0,1,1,1
500,0.65778486117625,0.2774783143681395,HI,2023-05-09,1,1,1,1,1,1,1,1,1,1,1,1,1,0,1,0,1,1
501,0.387626506412262,0.2335728958014595,HI,2023-05-10,1,1,1,1,1,1,1,1,1,1,1,1,1,1,1,1,1,1
502,NA,NA,HI,2023-05-11,NA,NA,NA,NA,NA,NA,NA,NA,NA,NA,NA,NA,NA,NA,NA,NA,NA,NA
503,NA,NA,HI,2023-05-12,NA,NA,NA,NA,NA,NA,NA,NA,NA,NA,NA,NA,NA,NA,NA,NA,NA,NA
504,NA,NA,HI,2023-05-13,NA,NA,NA,NA,NA,NA,NA,NA,NA,NA,NA,NA,NA,NA,NA,NA,NA,NA
505,0.0597262887663079,0.01187253398272735,IA,2023-04-02,1,1,1,1,1,1,1,1,1,1,1,1,1,0,0,1,1,1
506,2.69317307550995,0.4473678314015555,IA,2023-04-03,1,1,1,0,0,1,0,1,1,1,1,1,0,0,1,0,1,1
507,1.20807667499223,0.074509467846897,IA,2023-04-04,1,1,0,1,1,1,1,1,1,1,1,0,1,0,1,1,1,1
508,0.302612940527338,0.0126388565767973,IA,2023-04-05,1,1,1,1,1,1,1,1,1,1,1,1,1,0,0,1,1,1
509,0.300315769649576,0.0129248163782693,IA,2023-04-06,1,1,1,1,1,1,1,1,1,1,1,1,1,0,0,0,1,1
510,0.320956759883175,0.01322643186169265,IA,2023-04-07,1,1,1,1,1,1,1,1,1,1,1,1,1,1,1,1,1,1
511,0.159000427332001,0.0135440385368156,IA,2023-04-08,1,1,1,1,1,1,1,1,1,1,1,1,1,0,0,1,1,1
512,0.0844386375275545,0.01387803567240605,IA,2023-04-09,1,1,1,1,1,1,1,1,1,1,1,1,1,1,1,1,1,1
513,0.392658954078392,0.0908576184160615,IA,2023-04-10,1,1,1,1,1,1,1,1,1,1,1,1,1,0,0,1,1,1
514,0.644876054630744,0.0145971158337655,IA,2023-04-11,1,1,1,1,1,1,1,1,1,1,1,1,1,0,1,1,0,1
515,0.834112482656298,0.1347576782046945,IA,2023-04-12,1,1,1,1,1,1,0,1,1,1,1,1,1,1,0,0,1,1
516,1.06097959717372,0.231861042881849,IA,2023-04-13,1,1,1,1,1,0,1,1,1,1,1,1,1,0,0,1,1,1
517,0.659753773948281,0.01581231579720605,IA,2023-04-14,1,1,1,1,1,1,1,1,1,1,1,1,1,1,1,1,1,1
518,0.0926771724325816,0.01625662906083725,IA,2023-04-15,1,1,1,1,1,1,1,1,1,1,1,1,1,1,1,1,1,1
519,0.102285657526054,0.016721942555138,IA,2023-04-16,1,1,1,1,1,1,1,1,1,1,1,1,1,0,0,1,1,1
520,0.99574450625722,0.1387465249500815,IA,2023-04-17,1,1,1,0,1,1,1,1,1,1,1,1,0,0,1,0,1,1
521,0.368046305682659,0.141327468576196,IA,2023-04-18,1,1,1,1,1,1,1,1,1,1,1,1,1,0,0,1,1,1
522,0.457943577804053,0.018253602563058,IA,2023-04-19,1,1,1,1,1,1,1,1,1,1,1,1,1,1,1,1,1,1
523,0.761363226799545,0.386148706623255,IA,2023-04-20,1,1,1,1,1,0,1,1,1,1,1,1,1,0,0,1,1,1
524,0.10591072434345,0.01939889697814475,IA,2023-04-21,1,1,1,1,1,1,1,1,1,1,1,1,1,0,1,1,0,1
525,1.02976554508844,0.74737043314012,IA,2023-04-22,1,1,1,1,0,0,1,1,1,1,1,1,1,0,0,1,1,1
526,0.996903229765837,0.299048873543764,IA,2023-04-23,1,1,1,0,1,1,1,1,1,1,1,1,0,0,1,1,1,1
527,1.11561942116816,0.2612293568138965,IA,2023-04-24,1,1,1,1,1,0,1,1,1,1,1,1,1,0,0,0,1,1
528,1.4528813207128,0.379905523252327,IA,2023-04-25,1,1,1,1,0,0,1,1,1,1,1,1,1,1,0,1,0,1
529,0.846585771974384,0.134247370895811,IA,2023-04-26,1,1,1,1,1,1,0,1,1,1,1,1,1,0,1,0,1,1
530,0.0340701724294767,0.02355138751541825,IA,2023-04-27,1,1,1,1,1,1,1,1,1,1,1,1,1,1,1,1,1,1
531,2.66175492765728,0.435683643102752,IA,2023-04-28,1,1,1,1,0,0,0,1,1,1,1,1,1,0,0,0,1,1
532,0.713334566487792,0.3747186398459635,IA,2023-04-29,1,1,1,1,1,0,1,1,1,1,1,1,1,0,0,1,1,1
533,0.145688742411548,0.0261154620656375,IA,2023-04-30,1,1,1,1,1,1,1,1,1,1,1,1,1,1,1,1,1,1
534,0.976065245169736,0.2570792896340415,IA,2023-05-01,1,1,1,1,1,0,1,1,1,1,1,1,1,0,0,1,1,1
535,0.940243150609312,0.229401596584008,IA,2023-05-02,1,1,1,0,1,1,1,1,1,1,1,1,0,0,0,0,1,1
536,1.05011763865627,0.1436074421893885,IA,2023-05-03,1,1,1,1,1,1,1,1,0,1,1,1,1,0,1,1,1,0
537,0.388179017116912,0.165360047981783,IA,2023-05-04,1,1,1,1,1,1,1,1,1,1,1,1,1,0,0,1,1,1
538,0.930138137875704,0.229650260596733,IA,2023-05-05,1,1,0,1,1,1,1,1,1,1,1,0,1,1,1,1,0,1
539,0.052611134468573,0.03251506719146965,IA,2023-05-06,1,1,1,1,1,1,1,1,1,1,1,1,1,1,1,1,1,1
540,1.13961577146591,0.805588833661175,IA,2023-05-07,1,1,1,1,0,1,1,0,1,1,1,1,1,0,1,1,0,1
541,0.931859387637538,0.2303038182411595,IA,2023-05-08,1,1,1,0,1,1,1,1,1,1,1,1,0,1,0,1,1,1
542,0.886332659494528,0.290670254695883,IA,2023-05-09,1,1,1,1,1,1,1,0,1,1,1,1,1,1,1,0,0,1
543,0.997047292450542,0.423788843023879,IA,2023-05-10,1,1,1,0,1,1,1,1,1,1,1,1,0,1,1,0,1,1
544,0.210809956886693,0.0395049362176542,IA,2023-05-11,1,1,1,1,1,1,1,1,1,1,1,1,1,1,1,1,1,1
545,0.0638833357908015,0.0411233734408893,IA,2023-05-12,1,1,1,1,1,1,1,1,1,1,1,1,1,1,1,1,1,1
546,0.919750647633455,0.6709909205618,IA,2023-05-13,1,1,1,1,0,0,1,1,1,1,1,1,1,0,0,1,1,1
547,NA,NA,ID,2023-04-02,NA,NA,NA,NA,NA,NA,NA,NA,NA,NA,NA,NA,NA,NA,NA,NA,NA,NA
548,0.00565289443871575,0.00368295241466499,ID,2023-04-03,1,1,1,1,1,1,1,1,1,1,1,1,1,1,1,1,1,1
549,NA,NA,ID,2023-04-04,NA,NA,NA,NA,NA,NA,NA,NA,NA,NA,NA,NA,NA,NA,NA,NA,NA,NA
550,0.00815955968648419,0.00413226527930313,ID,2023-04-05,1,1,1,1,1,1,1,1,1,1,1,1,1,1,1,1,1,1
551,0.00716994960676952,0.004400422947600865,ID,2023-04-06,1,1,1,1,1,1,1,1,1,1,1,1,1,1,1,1,1,1
552,NA,NA,ID,2023-04-07,NA,NA,NA,NA,NA,NA,NA,NA,NA,NA,NA,NA,NA,NA,NA,NA,NA,NA
553,NA,NA,ID,2023-04-08,NA,NA,NA,NA,NA,NA,NA,NA,NA,NA,NA,NA,NA,NA,NA,NA,NA,NA
554,NA,NA,ID,2023-04-09,NA,NA,NA,NA,NA,NA,NA,NA,NA,NA,NA,NA,NA,NA,NA,NA,NA,NA
555,NA,NA,ID,2023-04-10,NA,NA,NA,NA,NA,NA,NA,NA,NA,NA,NA,NA,NA,NA,NA,NA,NA,NA
556,NA,NA,ID,2023-04-11,NA,NA,NA,NA,NA,NA,NA,NA,NA,NA,NA,NA,NA,NA,NA,NA,NA,NA
557,0.0110380923912834,0.0067859941497845,ID,2023-04-12,1,1,1,1,1,1,1,1,1,1,1,1,1,1,1,1,1,1
558,0.0106924868822595,0.0073443409230997,ID,2023-04-13,1,1,1,1,1,1,1,1,1,1,1,1,1,1,1,1,1,1
559,NA,NA,ID,2023-04-14,NA,NA,NA,NA,NA,NA,NA,NA,NA,NA,NA,NA,NA,NA,NA,NA,NA,NA
560,NA,NA,ID,2023-04-15,NA,NA,NA,NA,NA,NA,NA,NA,NA,NA,NA,NA,NA,NA,NA,NA,NA,NA
561,NA,NA,ID,2023-04-16,NA,NA,NA,NA,NA,NA,NA,NA,NA,NA,NA,NA,NA,NA,NA,NA,NA,NA
562,0.0156903600276755,0.01019364336311645,ID,2023-04-17,1,1,1,1,1,1,1,1,1,1,1,1,1,1,1,1,1,1
563,0.0157561068165454,0.011086198638718,ID,2023-04-18,1,1,1,1,1,1,1,1,1,1,1,1,1,1,1,1,1,1
564,NA,NA,ID,2023-04-19,NA,NA,NA,NA,NA,NA,NA,NA,NA,NA,NA,NA,NA,NA,NA,NA,NA,NA
565,NA,NA,ID,2023-04-20,NA,NA,NA,NA,NA,NA,NA,NA,NA,NA,NA,NA,NA,NA,NA,NA,NA,NA
566,NA,NA,ID,2023-04-21,NA,NA,NA,NA,NA,NA,NA,NA,NA,NA,NA,NA,NA,NA,NA,NA,NA,NA
567,NA,NA,ID,2023-04-22,NA,NA,NA,NA,NA,NA,NA,NA,NA,NA,NA,NA,NA,NA,NA,NA,NA,NA
568,0.025386971872105,0.0169392552337076,ID,2023-04-23,1,1,1,1,1,1,1,1,1,1,1,1,1,0,1,0,1,1
569,NA,NA,ID,2023-04-24,NA,NA,NA,NA,NA,NA,NA,NA,NA,NA,NA,NA,NA,NA,NA,NA,NA,NA
570,0.0279490884385654,0.02006290953712335,ID,2023-04-25,1,1,1,1,1,1,1,1,1,1,1,1,1,1,1,1,1,1
571,NA,NA,ID,2023-04-26,NA,NA,NA,NA,NA,NA,NA,NA,NA,NA,NA,NA,NA,NA,NA,NA,NA,NA
572,NA,NA,ID,2023-04-27,NA,NA,NA,NA,NA,NA,NA,NA,NA,NA,NA,NA,NA,NA,NA,NA,NA,NA
573,NA,NA,ID,2023-04-28,NA,NA,NA,NA,NA,NA,NA,NA,NA,NA,NA,NA,NA,NA,NA,NA,NA,NA
574,NA,NA,ID,2023-04-29,NA,NA,NA,NA,NA,NA,NA,NA,NA,NA,NA,NA,NA,NA,NA,NA,NA,NA
575,NA,NA,ID,2023-04-30,NA,NA,NA,NA,NA,NA,NA,NA,NA,NA,NA,NA,NA,NA,NA,NA,NA,NA
576,NA,NA,ID,2023-05-01,NA,NA,NA,NA,NA,NA,NA,NA,NA,NA,NA,NA,NA,NA,NA,NA,NA,NA
577,NA,NA,ID,2023-05-02,NA,NA,NA,NA,NA,NA,NA,NA,NA,NA,NA,NA,NA,NA,NA,NA,NA,NA
578,NA,NA,ID,2023-05-03,NA,NA,NA,NA,NA,NA,NA,NA,NA,NA,NA,NA,NA,NA,NA,NA,NA,NA
579,0.166359928773151,0.0418357903903641,ID,2023-05-04,1,1,1,1,1,1,1,1,1,1,1,1,1,1,1,1,1,1
580,NA,NA,ID,2023-05-05,NA,NA,NA,NA,NA,NA,NA,NA,NA,NA,NA,NA,NA,NA,NA,NA,NA,NA
581,NA,NA,ID,2023-05-06,NA,NA,NA,NA,NA,NA,NA,NA,NA,NA,NA,NA,NA,NA,NA,NA,NA,NA
582,NA,NA,ID,2023-05-07,NA,NA,NA,NA,NA,NA,NA,NA,NA,NA,NA,NA,NA,NA,NA,NA,NA,NA
583,NA,NA,ID,2023-05-08,NA,NA,NA,NA,NA,NA,NA,NA,NA,NA,NA,NA,NA,NA,NA,NA,NA,NA
584,NA,NA,ID,2023-05-09,NA,NA,NA,NA,NA,NA,NA,NA,NA,NA,NA,NA,NA,NA,NA,NA,NA,NA
585,NA,NA,ID,2023-05-10,NA,NA,NA,NA,NA,NA,NA,NA,NA,NA,NA,NA,NA,NA,NA,NA,NA,NA
586,NA,NA,ID,2023-05-11,NA,NA,NA,NA,NA,NA,NA,NA,NA,NA,NA,NA,NA,NA,NA,NA,NA,NA
587,NA,NA,ID,2023-05-12,NA,NA,NA,NA,NA,NA,NA,NA,NA,NA,NA,NA,NA,NA,NA,NA,NA,NA
588,NA,NA,ID,2023-05-13,NA,NA,NA,NA,NA,NA,NA,NA,NA,NA,NA,NA,NA,NA,NA,NA,NA,NA
589,1.0714143338245,0.1076408830257335,IL,2023-04-02,1,1,1,1,1,0,1,1,1,1,1,1,1,1,0,0,1,1
590,1.19778420877452,0.111064051725166,IL,2023-04-03,1,1,1,1,1,1,1,1,1,1,1,0,1,0,0,0,1,1
591,1.49593731793899,0.1159290739065295,IL,2023-04-04,1,1,0,1,1,1,1,1,0,1,1,0,1,1,1,0,0,0
592,1.49557979487811,0.1517555278980965,IL,2023-04-05,1,1,1,0,1,0,1,1,1,1,1,1,0,0,0,0,1,1
593,0.848505701140387,0.087234970651612,IL,2023-04-06,1,1,1,1,1,1,1,1,1,1,1,1,1,1,0,0,1,1
594,2.12532922051569,0.1711770156745985,IL,2023-04-07,1,1,0,1,0,0,1,1,1,1,1,0,1,0,0,1,1,1
595,0.980845163360811,0.123575931882411,IL,2023-04-08,1,1,0,1,1,1,1,1,1,1,1,0,1,0,1,0,0,1
596,0.368108391330197,0.0090429464249083,IL,2023-04-09,1,1,1,1,1,1,1,1,1,1,1,1,1,1,1,1,1,1
597,2.73995878088471,0.1621514591083235,IL,2023-04-10,1,1,0,0,0,1,1,1,0,1,1,0,0,0,1,0,1,0
598,2.51093277841762,0.1712812297646415,IL,2023-04-11,1,1,1,0,0,1,1,0,0,1,1,1,0,0,0,0,0,1
599,1.50729443285332,0.183236706531582,IL,2023-04-12,1,1,1,1,0,0,1,1,1,1,1,1,1,0,0,0,1,1
600,1.01123009943694,0.117161309092177,IL,2023-04-13,1,1,1,1,1,1,1,0,1,1,1,1,1,0,1,0,0,1
601,2.29172130879637,0.201908776199973,IL,2023-04-14,1,1,1,0,0,1,1,0,1,1,1,1,0,0,1,1,0,1
602,1.84432761950378,0.187936714176048,IL,2023-04-15,1,1,0,1,1,1,1,1,1,1,1,0,1,0,0,0,1,1
603,0.567969926194928,0.1154964948018365,IL,2023-04-16,1,1,1,1,1,1,1,1,1,1,1,1,1,1,1,1,1,1
604,2.8755623852318,0.0591984602556895,IL,2023-04-17,1,1,0,1,0,0,1,1,1,1,1,0,1,0,0,0,1,1
605,1.75480654655096,0.13831504446653,IL,2023-04-18,1,1,1,1,1,1,0,1,1,1,1,1,1,0,1,0,1,1
606,1.37011115107843,0.158059222073215,IL,2023-04-19,1,1,1,0,1,1,1,0,1,1,1,1,0,0,1,0,0,1
607,0.800315299895022,0.235392314648261,IL,2023-04-20,1,1,1,1,1,1,1,1,1,1,1,1,1,0,0,1,1,1
608,1.85701394364711,0.2055904896193875,IL,2023-04-21,1,1,0,1,1,0,1,1,1,1,1,0,1,1,0,0,0,1
609,1.00769687052003,0.1420574317055085,IL,2023-04-22,1,1,1,0,1,1,1,1,1,1,1,1,0,0,0,1,1,1
610,1.14245029743345,0.2220878988182735,IL,2023-04-23,1,1,1,0,1,1,1,1,1,1,1,1,0,0,0,1,1,1
611,3.23000877249041,0.0814424894749685,IL,2023-04-24,1,1,1,0,0,0,0,1,1,1,1,1,0,0,1,0,0,1
612,2.05484811323216,0.221553695037027,IL,2023-04-25,1,1,1,0,1,1,1,0,1,1,1,1,0,0,1,0,0,1
613,1.02872759660625,0.188569055311642,IL,2023-04-26,1,1,1,1,1,1,1,1,1,1,1,1,1,0,0,0,1,1
614,4.19639047159747,0.2979063236888595,IL,2023-04-27,1,1,1,0,0,1,1,1,0,1,1,1,0,0,1,0,0,0
615,1.44664809610498,0.189711713552648,IL,2023-04-28,1,1,1,1,1,1,1,1,0,1,1,1,1,1,0,0,1,0
616,1.35871925822161,0.241018118404608,IL,2023-04-29,1,1,1,0,1,1,1,1,1,1,1,1,0,0,0,1,1,1
617,2.79828465267315,0.1236500572891605,IL,2023-04-30,1,1,1,1,0,1,0,1,1,1,1,1,1,0,0,0,1,1
618,1.72166761584709,0.184744881974637,IL,2023-05-01,1,1,1,1,1,1,1,1,0,1,1,1,1,0,0,1,0,0
619,3.19768680065406,0.242526984147088,IL,2023-05-02,1,1,0,1,1,1,0,0,0,1,1,0,1,0,0,0,0,0
620,3.60936496238795,0.14115594060792,IL,2023-05-03,1,1,1,1,0,1,0,0,1,1,1,1,1,1,0,0,0,1
621,2.28797035612013,0.1980564032259125,IL,2023-05-04,1,1,1,1,1,0,0,1,1,1,1,1,1,0,0,0,1,1
622,4.85508950045351,0.1251414858166875,IL,2023-05-05,1,1,1,1,0,0,0,0,1,1,1,1,1,0,0,0,0,1
623,2.13775225968361,0.249427715130238,IL,2023-05-06,1,1,0,0,1,1,0,1,1,1,1,0,0,0,1,0,1,1
624,1.47952373053869,0.0948518127442665,IL,2023-05-07,1,1,1,1,0,1,0,1,1,1,1,1,1,0,0,0,1,1
625,3.38541780395558,0.1524193808983355,IL,2023-05-08,1,1,1,0,0,1,0,1,1,1,1,1,0,0,1,0,1,1
626,1.69203640147873,0.2171890691574345,IL,2023-05-09,1,1,1,1,1,1,1,1,0,1,1,1,1,0,0,0,1,0
627,5.14515526189074,0.230927221103002,IL,2023-05-10,1,1,0,1,0,1,0,0,1,1,1,0,1,0,0,0,0,1
628,2.46862824240667,0.2603097142429555,IL,2023-05-11,1,1,1,1,1,1,0,0,1,1,1,1,1,0,0,0,1,1
629,1.98938479280007,0.342072778881138,IL,2023-05-12,1,1,1,0,1,1,0,0,0,1,1,1,0,0,1,0,0,0
630,1.03360466535194,0.278097297229686,IL,2023-05-13,1,1,1,1,1,0,0,1,1,1,1,1,1,1,0,0,1,1
631,1.3311831325152,0.93398012247647,IN,2023-04-02,1,1,1,1,0,1,0,1,1,1,1,1,1,0,1,0,1,1
632,1.06565707117624,0.137097914533129,IN,2023-04-03,1,1,1,1,1,1,1,1,0,1,1,1,1,1,0,1,1,0
633,0.0181570890830943,0.0016602821039071,IN,2023-04-04,1,1,1,1,1,1,1,1,1,1,1,1,1,1,1,1,1,1
634,1.18314638669348,0.3164425848654645,IN,2023-04-05,1,1,1,1,0,1,1,0,1,1,1,1,1,0,1,1,0,1
635,0.00238661266714804,0.001778961529342245,IN,2023-04-06,1,1,1,1,1,1,1,1,1,1,1,1,1,0,0,1,1,1
636,0.010332630614293,0.001857034925383225,IN,2023-04-07,1,1,1,1,1,1,1,1,1,1,1,1,1,1,1,1,1,1
637,0.0461553173352119,0.001948560066873135,IN,2023-04-08,1,1,1,1,1,1,1,1,1,1,1,0,1,0,1,1,1,1
638,1.33065976035665,0.93769889914964,IN,2023-04-09,1,1,0,1,0,1,1,1,1,1,1,0,1,0,1,1,1,1
639,0.0592922119697289,0.00217575491325061,IN,2023-04-10,1,1,1,1,1,1,1,1,1,1,1,1,1,1,1,1,1,1
640,0.0227327018591449,0.00231372212456064,IN,2023-04-11,1,1,1,1,1,1,1,1,1,1,1,1,1,1,1,1,1,1
641,0.00324465845822416,0.002469755661620345,IN,2023-04-12,1,1,1,1,1,1,1,1,1,1,1,1,1,1,1,1,1,1
642,1.09834373492887,0.3040265885572055,IN,2023-04-13,1,1,1,1,0,1,0,1,1,1,1,1,1,0,1,0,1,1
643,0.073852948446574307,0.002842617404772325,IN,2023-04-14,1,1,1,1,1,1,1,1,1,1,1,1,1,1,1,1,1,1
644,0.0516130192459742,0.00306326518404098,IN,2023-04-15,1,1,1,1,1,1,1,1,1,1,1,1,1,1,1,1,1,1
645,NA,NA,IN,2023-04-16,NA,NA,NA,NA,NA,NA,NA,NA,NA,NA,NA,NA,NA,NA,NA,NA,NA,NA
646,0.903620037140287,0.1557420654516185,IN,2023-04-17,1,1,1,1,1,0,1,1,1,1,1,1,1,0,0,1,1,1
647,0.220032689928066,0.00388992272606236,IN,2023-04-18,1,1,1,1,1,1,1,1,1,1,1,1,1,0,0,1,0,1
648,0.0423349939306431,0.004229656345497865,IN,2023-04-19,1,1,1,1,1,1,1,1,1,1,1,1,1,1,1,1,1,1
649,1.01398772206615,0.2945560161665955,IN,2023-04-20,1,1,1,1,0,1,0,1,1,1,1,1,1,0,1,0,1,1
650,0.0709491617783614,0.00502525761357695,IN,2023-04-21,1,1,1,1,1,1,1,1,1,1,1,1,1,0,1,0,1,1
651,0.00644588640968845,0.00548892787484275,IN,2023-04-22,1,1,1,1,1,1,1,1,1,1,1,1,1,1,1,1,1,1
652,NA,NA,IN,2023-04-23,NA,NA,NA,NA,NA,NA,NA,NA,NA,NA,NA,NA,NA,NA,NA,NA,NA,NA
653,0.851470842870901,0.217298971633399,IN,2023-04-24,1,1,1,1,1,1,0,1,1,1,1,1,1,0,1,0,1,1
654,1.08365388889421,0.305919770373066,IN,2023-04-25,1,1,1,1,0,1,1,0,1,1,1,1,1,0,1,1,0,1
655,0.909011751331503,0.1839189671822855,IN,2023-04-26,1,1,1,1,1,0,1,1,1,1,1,1,1,0,0,1,1,1
656,0.176208251384509,0.0086576869510987,IN,2023-04-27,1,1,1,1,1,1,1,1,1,1,1,1,1,1,1,1,1,1
657,0.0115979088314845,0.00950209518952705,IN,2023-04-28,1,1,1,1,1,1,1,1,1,1,1,1,1,1,1,1,1,1
658,NA,NA,IN,2023-04-29,NA,NA,NA,NA,NA,NA,NA,NA,NA,NA,NA,NA,NA,NA,NA,NA,NA,NA
659,0.0119167008522343,0.01145690480319035,IN,2023-04-30,1,1,1,1,1,1,1,1,1,1,1,1,1,1,1,1,1,1
660,0.980990799165021,0.2974094363246185,IN,2023-05-01,1,1,1,1,1,0,1,1,1,1,1,1,1,0,0,1,1,1
661,0.958121111923432,0.229047419792295,IN,2023-05-02,1,1,1,1,1,1,1,0,1,1,1,1,1,0,1,1,0,1
662,NA,NA,IN,2023-05-03,NA,NA,NA,NA,NA,NA,NA,NA,NA,NA,NA,NA,NA,NA,NA,NA,NA,NA
663,0.74765323218401,0.265241528479916,IN,2023-05-04,1,1,1,1,1,1,0,1,1,1,1,1,1,0,1,0,1,1
664,1.70171617454898,0.54340439430408,IN,2023-05-05,1,1,1,1,0,1,0,0,1,1,1,1,1,0,1,1,0,1
665,0.708255738160064,0.2601859537599345,IN,2023-05-06,1,1,1,1,1,1,1,1,1,1,1,1,1,0,1,0,1,1
666,0.0733461015291488,0.02203513233800755,IN,2023-05-07,1,1,1,1,1,1,1,1,1,1,1,1,1,0,1,0,1,1
667,1.45878377938873,0.3012363602864215,IN,2023-05-08,1,1,1,1,0,1,0,1,1,1,1,1,1,0,1,0,1,1
668,1.05265348499595,0.433007144880267,IN,2023-05-09,1,1,1,1,1,1,1,0,1,1,1,1,1,0,1,1,0,1
669,0.184641987005325,0.0289956879101823,IN,2023-05-10,1,1,1,1,1,1,1,1,1,1,1,1,1,1,1,1,1,1
670,0.0319949271664884,0.0317304552765043,IN,2023-05-11,1,1,1,1,1,1,1,1,1,1,1,1,1,1,1,1,1,1
671,0.0371618978337188,0.03469499970704005,IN,2023-05-12,1,1,1,1,1,1,1,1,1,1,1,1,1,1,1,1,1,1
672,0.0407019147934031,0.03790305416489215,IN,2023-05-13,1,1,1,1,1,1,1,1,1,1,1,1,1,0,1,0,1,1
673,NA,NA,KS,2023-04-02,NA,NA,NA,NA,NA,NA,NA,NA,NA,NA,NA,NA,NA,NA,NA,NA,NA,NA
674,NA,NA,KS,2023-04-03,NA,NA,NA,NA,NA,NA,NA,NA,NA,NA,NA,NA,NA,NA,NA,NA,NA,NA
675,NA,NA,KS,2023-04-04,NA,NA,NA,NA,NA,NA,NA,NA,NA,NA,NA,NA,NA,NA,NA,NA,NA,NA
676,NA,NA,KS,2023-04-05,NA,NA,NA,NA,NA,NA,NA,NA,NA,NA,NA,NA,NA,NA,NA,NA,NA,NA
677,0.00460606528126785,0.002522313368861045,KS,2023-04-06,1,1,1,1,1,1,1,1,1,1,1,1,1,1,1,1,1,1
678,0.012200367646302,0.002631113150448575,KS,2023-04-07,1,1,1,1,1,1,1,1,1,1,1,1,1,0,0,1,1,1
679,0.00437600101923621,0.00275326918336932,KS,2023-04-08,1,1,1,1,1,1,1,1,1,1,1,1,1,1,1,1,1,1
680,NA,NA,KS,2023-04-09,NA,NA,NA,NA,NA,NA,NA,NA,NA,NA,NA,NA,NA,NA,NA,NA,NA,NA
681,NA,NA,KS,2023-04-10,NA,NA,NA,NA,NA,NA,NA,NA,NA,NA,NA,NA,NA,NA,NA,NA,NA,NA
682,NA,NA,KS,2023-04-11,NA,NA,NA,NA,NA,NA,NA,NA,NA,NA,NA,NA,NA,NA,NA,NA,NA,NA
683,NA,NA,KS,2023-04-12,NA,NA,NA,NA,NA,NA,NA,NA,NA,NA,NA,NA,NA,NA,NA,NA,NA,NA
684,NA,NA,KS,2023-04-13,NA,NA,NA,NA,NA,NA,NA,NA,NA,NA,NA,NA,NA,NA,NA,NA,NA,NA
685,0.00666764923678712,0.003816705545025515,KS,2023-04-14,1,1,1,1,1,1,1,1,1,1,1,1,1,1,1,1,1,1
686,NA,NA,KS,2023-04-15,NA,NA,NA,NA,NA,NA,NA,NA,NA,NA,NA,NA,NA,NA,NA,NA,NA,NA
687,NA,NA,KS,2023-04-16,NA,NA,NA,NA,NA,NA,NA,NA,NA,NA,NA,NA,NA,NA,NA,NA,NA,NA
688,NA,NA,KS,2023-04-17,NA,NA,NA,NA,NA,NA,NA,NA,NA,NA,NA,NA,NA,NA,NA,NA,NA,NA
689,NA,NA,KS,2023-04-18,NA,NA,NA,NA,NA,NA,NA,NA,NA,NA,NA,NA,NA,NA,NA,NA,NA,NA
690,NA,NA,KS,2023-04-19,NA,NA,NA,NA,NA,NA,NA,NA,NA,NA,NA,NA,NA,NA,NA,NA,NA,NA
691,NA,NA,KS,2023-04-20,NA,NA,NA,NA,NA,NA,NA,NA,NA,NA,NA,NA,NA,NA,NA,NA,NA,NA
692,NA,NA,KS,2023-04-21,NA,NA,NA,NA,NA,NA,NA,NA,NA,NA,NA,NA,NA,NA,NA,NA,NA,NA
693,NA,NA,KS,2023-04-22,NA,NA,NA,NA,NA,NA,NA,NA,NA,NA,NA,NA,NA,NA,NA,NA,NA,NA
694,NA,NA,KS,2023-04-23,NA,NA,NA,NA,NA,NA,NA,NA,NA,NA,NA,NA,NA,NA,NA,NA,NA,NA
695,0.00928944561065861,0.0075200014565733,KS,2023-04-24,1,1,1,1,1,1,1,1,1,1,1,1,1,1,1,1,1,1
696,0.011768717544351,0.0080916960884242,KS,2023-04-25,1,1,1,1,1,1,1,1,1,1,1,1,1,1,1,1,1,1
697,0.0382986829778429,0.0087123247005317,KS,2023-04-26,1,1,1,1,1,1,1,1,1,1,1,1,1,0,0,1,1,1
698,NA,NA,KS,2023-04-27,NA,NA,NA,NA,NA,NA,NA,NA,NA,NA,NA,NA,NA,NA,NA,NA,NA,NA
699,0.0146998589935261,0.01011601489833265,KS,2023-04-28,1,1,1,1,1,1,1,1,1,1,1,1,1,1,1,1,1,1
700,NA,NA,KS,2023-04-29,NA,NA,NA,NA,NA,NA,NA,NA,NA,NA,NA,NA,NA,NA,NA,NA,NA,NA
701,1.24362006329252,0.883370823913395,KS,2023-04-30,1,1,1,0,0,1,1,1,1,1,1,1,0,0,1,1,1,1
702,1.1708136055288,0.835925243132675,KS,2023-05-01,1,1,1,1,0,0,1,1,1,1,1,1,1,0,0,1,1,1
703,NA,NA,KS,2023-05-02,NA,NA,NA,NA,NA,NA,NA,NA,NA,NA,NA,NA,NA,NA,NA,NA,NA,NA
704,NA,NA,KS,2023-05-03,NA,NA,NA,NA,NA,NA,NA,NA,NA,NA,NA,NA,NA,NA,NA,NA,NA,NA
705,1.1627967541096,0.82145798390246,KS,2023-05-04,1,1,1,1,0,0,1,1,1,1,1,1,1,0,0,1,1,1
706,NA,NA,KS,2023-05-05,NA,NA,NA,NA,NA,NA,NA,NA,NA,NA,NA,NA,NA,NA,NA,NA,NA,NA
707,1.13098317149136,0.76212765017156,KS,2023-05-06,1,1,1,1,0,1,0,1,1,1,1,1,1,0,1,0,1,1
708,NA,NA,KS,2023-05-07,NA,NA,NA,NA,NA,NA,NA,NA,NA,NA,NA,NA,NA,NA,NA,NA,NA,NA
709,0.929101916371592,0.4112178156496765,KS,2023-05-08,1,1,1,1,1,0,1,1,1,1,1,1,1,0,0,1,1,1
710,0.0290941347325188,0.02336195275659965,KS,2023-05-09,1,1,1,1,1,1,1,1,1,1,1,1,1,1,1,1,1,1
711,0.0293667951076151,0.02519940097332295,KS,2023-05-10,1,1,1,1,1,1,1,1,1,1,1,1,1,0,0,1,1,1
712,NA,NA,KS,2023-05-11,NA,NA,NA,NA,NA,NA,NA,NA,NA,NA,NA,NA,NA,NA,NA,NA,NA,NA
713,NA,NA,KS,2023-05-12,NA,NA,NA,NA,NA,NA,NA,NA,NA,NA,NA,NA,NA,NA,NA,NA,NA,NA
714,NA,NA,KS,2023-05-13,NA,NA,NA,NA,NA,NA,NA,NA,NA,NA,NA,NA,NA,NA,NA,NA,NA,NA
715,NA,NA,KY,2023-04-02,NA,NA,NA,NA,NA,NA,NA,NA,NA,NA,NA,NA,NA,NA,NA,NA,NA,NA
716,0.021499061370689,0.003386810873223935,KY,2023-04-03,1,1,1,1,1,1,1,1,1,1,1,1,1,1,1,1,1,1
717,0.02109519230236,0.00342247468867414,KY,2023-04-04,1,1,1,1,1,1,1,1,1,1,1,1,1,0,1,0,1,1
718,NA,NA,KY,2023-04-05,NA,NA,NA,NA,NA,NA,NA,NA,NA,NA,NA,NA,NA,NA,NA,NA,NA,NA
719,0.00453214433827895,0.003539629933202735,KY,2023-04-06,1,1,1,1,1,1,1,1,1,1,1,1,1,1,1,1,1,1
720,NA,NA,KY,2023-04-07,NA,NA,NA,NA,NA,NA,NA,NA,NA,NA,NA,NA,NA,NA,NA,NA,NA,NA
721,0.00679637095484478,0.003718999115947855,KY,2023-04-08,1,1,1,1,1,1,1,1,1,1,1,1,1,1,1,1,1,1
722,0.00682949183659831,0.00383290418551771,KY,2023-04-09,1,1,1,1,1,1,1,1,1,1,1,1,1,1,1,1,1,1
723,0.00654755422184787,0.00396368324973648,KY,2023-04-10,1,1,1,1,1,1,1,1,1,1,1,1,1,0,0,1,1,1
724,0.00661799619859291,0.00411204076634278,KY,2023-04-11,1,1,1,1,1,1,1,1,1,1,1,1,1,1,1,1,1,1
725,NA,NA,KY,2023-04-12,NA,NA,NA,NA,NA,NA,NA,NA,NA,NA,NA,NA,NA,NA,NA,NA,NA,NA
726,0.030987987827844,0.004464959316515885,KY,2023-04-13,1,1,1,1,1,1,1,1,1,1,1,1,1,1,1,1,1,1
727,NA,NA,KY,2023-04-14,NA,NA,NA,NA,NA,NA,NA,NA,NA,NA,NA,NA,NA,NA,NA,NA,NA,NA
728,NA,NA,KY,2023-04-15,NA,NA,NA,NA,NA,NA,NA,NA,NA,NA,NA,NA,NA,NA,NA,NA,NA,NA
729,0.0104459894610434,0.005151383354137,KY,2023-04-16,1,1,1,1,1,1,1,1,1,1,1,1,1,1,1,1,1,1
730,0.117990798278528,0.00542745909822835,KY,2023-04-17,1,1,1,1,1,1,1,1,1,1,1,0,1,0,1,1,1,1
731,NA,NA,KY,2023-04-18,NA,NA,NA,NA,NA,NA,NA,NA,NA,NA,NA,NA,NA,NA,NA,NA,NA,NA
732,NA,NA,KY,2023-04-19,NA,NA,NA,NA,NA,NA,NA,NA,NA,NA,NA,NA,NA,NA,NA,NA,NA,NA
733,NA,NA,KY,2023-04-20,NA,NA,NA,NA,NA,NA,NA,NA,NA,NA,NA,NA,NA,NA,NA,NA,NA,NA
734,NA,NA,KY,2023-04-21,NA,NA,NA,NA,NA,NA,NA,NA,NA,NA,NA,NA,NA,NA,NA,NA,NA,NA
735,NA,NA,KY,2023-04-22,NA,NA,NA,NA,NA,NA,NA,NA,NA,NA,NA,NA,NA,NA,NA,NA,NA,NA
736,NA,NA,KY,2023-04-23,NA,NA,NA,NA,NA,NA,NA,NA,NA,NA,NA,NA,NA,NA,NA,NA,NA,NA
737,0.0120378706688224,0.0082097316563856,KY,2023-04-24,1,1,1,1,1,1,1,1,1,1,1,1,1,1,1,1,1,1
738,0.014608571509193,0.0087561365628259,KY,2023-04-25,1,1,1,1,1,1,1,1,1,1,1,1,1,0,1,0,1,1
739,0.156979835903008,0.0093478178668645,KY,2023-04-26,1,1,1,1,1,1,1,1,1,1,1,1,1,0,1,0,1,1
740,0.0161173111030908,0.00998782128828975,KY,2023-04-27,1,1,1,1,1,1,1,1,1,1,1,1,1,0,1,1,0,1
741,0.016900205588675,0.0106793222306595,KY,2023-04-28,1,1,1,1,1,1,1,1,1,1,1,1,1,1,1,1,1,1
742,NA,NA,KY,2023-04-29,NA,NA,NA,NA,NA,NA,NA,NA,NA,NA,NA,NA,NA,NA,NA,NA,NA,NA
743,0.128416769721563,0.01223009460341595,KY,2023-04-30,1,1,1,1,1,1,1,1,1,1,1,1,1,1,1,1,1,1
744,0.843806376171423,0.2808519905969735,KY,2023-05-01,1,1,1,1,1,1,0,1,1,1,1,1,1,1,1,1,1,1
745,0.326926319044673,0.0140276357652032,KY,2023-05-02,1,1,1,1,1,1,1,1,1,1,1,1,1,0,1,0,0,1
746,NA,NA,KY,2023-05-03,NA,NA,NA,NA,NA,NA,NA,NA,NA,NA,NA,NA,NA,NA,NA,NA,NA,NA
747,0.825157917249232,0.2755455255730995,KY,2023-05-04,1,1,1,1,1,1,0,1,1,1,1,1,1,0,1,0,1,1
748,0.885487365472864,0.406587648089747,KY,2023-05-05,1,1,1,1,1,0,1,1,1,1,1,1,1,0,0,1,1,1
749,NA,NA,KY,2023-05-06,NA,NA,NA,NA,NA,NA,NA,NA,NA,NA,NA,NA,NA,NA,NA,NA,NA,NA
750,NA,NA,KY,2023-05-07,NA,NA,NA,NA,NA,NA,NA,NA,NA,NA,NA,NA,NA,NA,NA,NA,NA,NA
751,0.72827210937098,0.2681582199963595,KY,2023-05-08,1,1,1,1,1,1,0,1,1,1,1,1,1,0,1,0,1,1
752,2.10187966696333,0.77443483659496,KY,2023-05-09,1,1,1,1,0,0,1,1,1,1,1,1,1,0,0,1,1,1
753,0.0358243204990448,0.0242613239442446,KY,2023-05-10,1,1,1,1,1,1,1,1,1,1,1,1,1,1,1,1,1,1
754,1.03908740447718,0.735788853126195,KY,2023-05-11,1,1,1,1,0,1,0,1,1,1,1,1,1,1,1,0,0,1
755,1.00814500570033,0.757700764325125,KY,2023-05-12,1,1,1,1,0,0,1,1,1,1,1,1,1,0,0,1,1,1
756,NA,NA,KY,2023-05-13,NA,NA,NA,NA,NA,NA,NA,NA,NA,NA,NA,NA,NA,NA,NA,NA,NA,NA
757,NA,NA,LA,2023-04-02,NA,NA,NA,NA,NA,NA,NA,NA,NA,NA,NA,NA,NA,NA,NA,NA,NA,NA
758,NA,NA,LA,2023-04-03,NA,NA,NA,NA,NA,NA,NA,NA,NA,NA,NA,NA,NA,NA,NA,NA,NA,NA
759,0.0364768220698575,0.002251400085791045,LA,2023-04-04,1,1,1,1,1,1,1,1,1,1,1,1,1,1,1,1,1,1
760,0.0535719886458966,0.00226132682551041,LA,2023-04-05,1,1,1,1,1,1,1,1,1,1,1,1,1,1,1,1,1,1
761,0.00480354606022747,0.002283756954631825,LA,2023-04-06,1,1,1,1,1,1,1,1,1,1,1,1,1,0,0,1,1,1
762,0.00465870230793708,0.00231858755502835,LA,2023-04-07,1,1,1,1,1,1,1,1,1,1,1,1,1,1,1,1,1,1
763,0.0049267382036387,0.00236583481790679,LA,2023-04-08,1,1,1,1,1,1,1,1,1,1,1,1,1,1,1,1,1,1
764,0.0053696557475973,0.00242563019794644,LA,2023-04-09,1,1,1,1,1,1,1,1,1,1,1,1,1,1,1,1,1,1
765,0.00535639042459686,0.002498217653415835,LA,2023-04-10,1,1,1,1,1,1,1,1,1,1,1,1,1,1,1,1,1,1
766,0.00537862186136646,0.0025839519056966,LA,2023-04-11,1,1,1,1,1,1,1,1,1,1,1,1,1,1,1,1,1,1
767,0.00562923464602783,0.002683297656041085,LA,2023-04-12,1,1,1,1,1,1,1,1,1,1,1,1,1,1,1,1,1,1
768,NA,NA,LA,2023-04-13,NA,NA,NA,NA,NA,NA,NA,NA,NA,NA,NA,NA,NA,NA,NA,NA,NA,NA
769,NA,NA,LA,2023-04-14,NA,NA,NA,NA,NA,NA,NA,NA,NA,NA,NA,NA,NA,NA,NA,NA,NA,NA
770,NA,NA,LA,2023-04-15,NA,NA,NA,NA,NA,NA,NA,NA,NA,NA,NA,NA,NA,NA,NA,NA,NA,NA
771,0.0080221829821903,0.00322996861676799,LA,2023-04-16,1,1,1,1,1,1,1,1,1,1,1,1,1,1,1,1,1,1
772,NA,NA,LA,2023-04-17,NA,NA,NA,NA,NA,NA,NA,NA,NA,NA,NA,NA,NA,NA,NA,NA,NA,NA
773,0.00867006249765895,0.003605294202578035,LA,2023-04-18,1,1,1,1,1,1,1,1,1,1,1,1,1,1,1,1,1,1
774,1.26678451376189,0.919798904260715,LA,2023-04-19,1,1,0,1,0,1,1,1,1,1,1,0,1,0,1,1,1,1
775,NA,NA,LA,2023-04-20,NA,NA,NA,NA,NA,NA,NA,NA,NA,NA,NA,NA,NA,NA,NA,NA,NA,NA
776,0.00956286966003519,0.004322547488723085,LA,2023-04-21,1,1,1,1,1,1,1,1,1,1,1,1,1,1,1,1,1,1
777,NA,NA,LA,2023-04-22,NA,NA,NA,NA,NA,NA,NA,NA,NA,NA,NA,NA,NA,NA,NA,NA,NA,NA
778,NA,NA,LA,2023-04-23,NA,NA,NA,NA,NA,NA,NA,NA,NA,NA,NA,NA,NA,NA,NA,NA,NA,NA
779,0.0120228941471911,0.0052630665517278,LA,2023-04-24,1,1,1,1,1,1,1,1,1,1,1,1,1,1,1,1,1,1
780,NA,NA,LA,2023-04-25,NA,NA,NA,NA,NA,NA,NA,NA,NA,NA,NA,NA,NA,NA,NA,NA,NA,NA
781,NA,NA,LA,2023-04-26,NA,NA,NA,NA,NA,NA,NA,NA,NA,NA,NA,NA,NA,NA,NA,NA,NA,NA
782,NA,NA,LA,2023-04-27,NA,NA,NA,NA,NA,NA,NA,NA,NA,NA,NA,NA,NA,NA,NA,NA,NA,NA
783,NA,NA,LA,2023-04-28,NA,NA,NA,NA,NA,NA,NA,NA,NA,NA,NA,NA,NA,NA,NA,NA,NA,NA
784,0.0208136314957581,0.00747968859023185,LA,2023-04-29,1,1,1,1,1,1,1,1,1,1,1,1,1,1,1,1,1,1
785,NA,NA,LA,2023-04-30,NA,NA,NA,NA,NA,NA,NA,NA,NA,NA,NA,NA,NA,NA,NA,NA,NA,NA
786,NA,NA,LA,2023-05-01,NA,NA,NA,NA,NA,NA,NA,NA,NA,NA,NA,NA,NA,NA,NA,NA,NA,NA
787,NA,NA,LA,2023-05-02,NA,NA,NA,NA,NA,NA,NA,NA,NA,NA,NA,NA,NA,NA,NA,NA,NA,NA
788,0.0279825063065952,0.01003418424566585,LA,2023-05-03,1,1,1,1,1,1,1,1,1,1,1,1,1,1,1,1,1,1
789,NA,NA,LA,2023-05-04,NA,NA,NA,NA,NA,NA,NA,NA,NA,NA,NA,NA,NA,NA,NA,NA,NA,NA
790,NA,NA,LA,2023-05-05,NA,NA,NA,NA,NA,NA,NA,NA,NA,NA,NA,NA,NA,NA,NA,NA,NA,NA
791,NA,NA,LA,2023-05-06,NA,NA,NA,NA,NA,NA,NA,NA,NA,NA,NA,NA,NA,NA,NA,NA,NA,NA
792,NA,NA,LA,2023-05-07,NA,NA,NA,NA,NA,NA,NA,NA,NA,NA,NA,NA,NA,NA,NA,NA,NA,NA
793,0.0438908249490729,0.01457729978215665,LA,2023-05-08,1,1,1,1,1,1,1,1,1,1,1,1,1,1,1,1,1,1
794,NA,NA,LA,2023-05-09,NA,NA,NA,NA,NA,NA,NA,NA,NA,NA,NA,NA,NA,NA,NA,NA,NA,NA
795,NA,NA,LA,2023-05-10,NA,NA,NA,NA,NA,NA,NA,NA,NA,NA,NA,NA,NA,NA,NA,NA,NA,NA
796,0.517922046577507,0.2692318478705075,LA,2023-05-11,1,1,1,1,1,1,1,1,1,1,1,1,1,0,0,0,1,1
797,NA,NA,LA,2023-05-12,NA,NA,NA,NA,NA,NA,NA,NA,NA,NA,NA,NA,NA,NA,NA,NA,NA,NA
798,NA,NA,LA,2023-05-13,NA,NA,NA,NA,NA,NA,NA,NA,NA,NA,NA,NA,NA,NA,NA,NA,NA,NA
799,0.116883818078557,0.00615649957158785,MA,2023-04-02,1,1,1,1,1,1,1,1,1,1,1,1,1,0,1,1,0,1
800,0.10999372198392,0.0067092814404702,MA,2023-04-03,1,1,1,1,1,1,1,1,1,1,1,1,1,1,1,1,1,1
801,0.0380225970189709,0.0073214681656067,MA,2023-04-04,1,1,1,1,1,1,1,1,1,1,1,1,1,1,1,1,1,1
802,1.02573634017157,0.421616710758891,MA,2023-04-05,1,1,1,1,0,0,1,1,1,1,1,1,1,0,0,1,1,1
803,0.903855794180938,0.1198470001323845,MA,2023-04-06,1,1,1,1,1,1,1,1,0,1,1,1,1,0,1,1,1,0
804,0.0501363804851008,0.00957556083861515,MA,2023-04-07,1,1,1,1,1,1,1,1,1,1,1,1,1,1,1,1,1,1
805,0.95194651898851,0.411652395584406,MA,2023-04-08,1,1,1,1,0,0,1,1,1,1,1,1,1,1,0,0,1,1
806,1.24548176231251,0.88491873848331,MA,2023-04-09,1,1,1,1,0,1,1,1,0,1,1,1,1,0,1,1,1,0
807,0.124041202025724,0.0126084260003787,MA,2023-04-10,1,1,1,1,1,1,1,1,1,1,1,1,1,0,0,1,1,1
808,0.88719932241353,0.15714003375673,MA,2023-04-11,1,1,0,1,1,1,1,1,1,1,1,0,1,1,1,0,1,1
809,0.763958548604919,0.180803177231067,MA,2023-04-12,1,1,1,1,1,1,0,1,1,1,1,1,1,1,0,0,1,1
810,0.164771804600403,0.01665975412195325,MA,2023-04-13,1,1,1,1,1,1,1,1,1,1,1,1,1,1,1,1,1,1
811,1.88303291607152,0.362176822474046,MA,2023-04-14,1,1,1,0,0,1,1,0,1,1,1,1,0,0,0,1,0,1
812,0.0262317240599201,0.020070967029312,MA,2023-04-15,1,1,1,1,1,1,1,1,1,1,1,1,1,1,1,1,1,1
813,0.99551792729245,0.4273620070233485,MA,2023-04-16,1,1,1,1,1,1,1,0,1,1,1,1,1,0,1,1,0,1
814,0.955529984339437,0.2968078758992385,MA,2023-04-17,1,0,1,1,1,1,1,1,1,1,0,1,1,0,1,1,1,1
815,0.0387605814051608,0.0265117723049463,MA,2023-04-18,1,1,1,1,1,1,1,1,1,1,1,1,1,1,1,1,1,1
816,0.997523215332043,0.704312281112975,MA,2023-04-19,1,1,1,1,0,0,1,1,1,1,1,1,1,0,0,1,1,1
817,31.6544581222613,0.755131297395495,MA,2023-04-20,0,0,0,1,0,1,0,1,0,0,0,0,1,0,0,1,0,0
818,0.301234041795332,0.0349004428840281,MA,2023-04-21,1,1,1,1,1,1,1,1,1,1,1,1,1,0,0,1,1,1
819,0.174894462392464,0.0382062111260516,MA,2023-04-22,1,1,1,1,1,1,1,1,1,1,1,1,1,1,1,1,1,1
820,1.58748295493845,0.717912746002455,MA,2023-04-23,1,1,1,1,0,0,1,0,1,1,1,1,1,0,0,1,0,1
821,1.18576803222083,0.3818255466228525,MA,2023-04-24,1,1,1,0,1,1,1,1,1,1,1,1,0,0,1,1,1,1
822,1.84746410446443,0.4178798233775235,MA,2023-04-25,1,1,1,0,1,1,1,1,1,1,1,1,0,0,1,1,1,1
823,0.461965459668396,0.241939082856929,MA,2023-04-26,1,1,1,1,1,1,1,1,1,1,1,1,1,0,0,1,1,1
824,NA,NA,MA,2023-04-27,NA,NA,NA,NA,NA,NA,NA,NA,NA,NA,NA,NA,NA,NA,NA,NA,NA,NA
825,0.283986406111726,0.0646312789586145,MA,2023-04-28,1,1,1,1,1,1,1,1,1,1,1,1,1,1,1,1,1,1
826,0.554524827584775,0.3238222332866395,MA,2023-04-29,1,1,1,1,1,1,1,1,1,1,1,1,1,1,1,1,1,1
827,NA,NA,MA,2023-04-30,NA,NA,NA,NA,NA,NA,NA,NA,NA,NA,NA,NA,NA,NA,NA,NA,NA,NA
828,1.11698447260587,0.4758031491617275,MA,2023-05-01,1,1,1,1,1,1,1,0,1,0,1,1,1,1,1,0,0,1
829,0.475776605509172,0.313877480334788,MA,2023-05-02,1,1,1,1,1,1,1,1,1,1,1,1,1,0,0,1,1,1
830,0.395408488890104,0.0971687837484295,MA,2023-05-03,1,1,1,1,1,1,1,1,1,1,1,1,1,1,1,1,1,1
831,1.90024345662569,0.4477827252581965,MA,2023-05-04,1,1,1,0,1,1,1,1,1,1,1,1,0,0,1,1,0,1
832,0.165607688996867,0.1132873811273525,MA,2023-05-05,1,1,1,1,1,1,1,1,1,1,1,1,1,1,1,1,1,1
833,0.98583178446348,0.70786191110918,MA,2023-05-06,1,1,1,0,1,1,1,1,1,1,1,1,0,1,1,0,1,1
834,2.1643833552355,0.45245411547152,MA,2023-05-07,1,0,1,1,0,0,1,1,1,1,0,1,1,0,0,1,0,1
835,1.02540999757439,0.3168652200714515,MA,2023-05-08,1,1,1,1,1,1,1,1,0,1,1,1,1,1,0,1,1,0
836,2.59500777288166,0.224146379087575,MA,2023-05-09,1,1,1,1,0,1,0,1,1,1,1,1,1,0,0,1,0,1
837,0.493762100981722,0.3153755636546695,MA,2023-05-10,1,1,1,1,1,1,1,1,1,1,1,1,0,1,1,0,1,1
838,1.10583882181316,0.2937802891099735,MA,2023-05-11,1,1,1,1,1,1,1,1,1,1,1,1,1,0,0,1,0,1
839,0.456596473954776,0.3043168691326235,MA,2023-05-12,1,1,1,1,1,1,1,1,1,1,1,1,1,1,0,0,1,1
840,NA,NA,MA,2023-05-13,NA,NA,NA,NA,NA,NA,NA,NA,NA,NA,NA,NA,NA,NA,NA,NA,NA,NA
841,1.52495222705139,0.295976089644037,MD,2023-04-02,1,1,0,1,0,1,1,1,1,1,1,0,1,0,0,1,1,1
842,2.4617518872869,0.3345575580635705,MD,2023-04-03,1,1,1,1,0,1,1,1,0,1,1,1,1,0,1,1,1,0
843,1.17713941924548,0.1536151309718135,MD,2023-04-04,1,1,1,0,1,1,1,1,1,1,1,1,0,0,1,0,1,1
844,0.163868980576609,0.0098768085901679,MD,2023-04-05,1,1,1,1,1,1,1,1,1,1,1,1,1,1,1,1,1,1
845,0.579070298002445,0.1453641248589245,MD,2023-04-06,1,1,1,1,1,1,1,1,1,1,1,1,1,1,1,1,1,1
846,4.69268634166655,0.375103671567465,MD,2023-04-07,1,1,1,1,0,0,1,1,1,1,1,1,1,0,0,1,1,1
847,0.563263163350668,0.17099954160957,MD,2023-04-08,1,1,1,1,1,1,1,1,1,1,1,1,1,1,0,1,0,1
848,0.621123287178433,0.209493661819958,MD,2023-04-09,1,1,1,1,1,1,1,1,1,1,1,1,1,0,1,1,0,1
849,3.56400177736866,0.239085815651702,MD,2023-04-10,1,0,0,1,0,1,0,1,1,1,0,0,1,0,0,0,1,1
850,0.875863736768458,0.1091030287726315,MD,2023-04-11,1,1,1,1,1,1,1,0,1,1,1,1,1,1,0,1,0,1
851,1.88515289075554,0.01830613469637405,MD,2023-04-12,1,1,1,1,0,1,1,1,1,1,1,1,1,0,0,1,1,1
852,0.902182649570275,0.123406761330469,MD,2023-04-13,1,1,1,0,1,1,1,1,1,1,1,1,0,1,0,1,1,1
853,0.667715309767372,0.0218741855198894,MD,2023-04-14,1,1,1,1,1,1,1,1,1,1,1,1,1,1,1,1,1,1
854,0.84631684242332506,0.2236466265031005,MD,2023-04-15,1,1,1,1,1,1,1,0,1,1,1,1,1,1,1,0,0,1
855,0.464724972695885,0.1677975125555845,MD,2023-04-16,1,1,1,1,1,1,1,1,1,1,1,1,1,0,0,1,1,1
856,0.969325577898353,0.1421496517038295,MD,2023-04-17,1,1,1,0,1,1,1,1,1,1,1,1,0,0,0,1,0,1
857,1.26337143724123,0.2907129930275755,MD,2023-04-18,1,1,1,1,0,0,1,1,1,1,1,1,1,0,1,0,1,1
858,0.732230100343458,0.2615282223441615,MD,2023-04-19,1,1,1,1,1,1,1,1,1,1,1,1,1,0,0,0,0,1
859,1.5075827566607,0.3121290676960925,MD,2023-04-20,1,1,1,1,1,1,1,0,0,1,1,1,1,0,0,0,0,0
860,0.622956658501407,0.1592688961851705,MD,2023-04-21,1,1,1,1,1,1,1,1,1,1,1,1,1,0,0,1,1,1
861,0.352422073839125,0.0441390871527439,MD,2023-04-22,1,1,1,1,1,1,1,1,1,1,1,1,1,1,1,1,1,1
862,0.551404772892793,0.225750287080241,MD,2023-04-23,1,1,1,1,1,1,1,1,1,1,1,1,1,0,1,0,1,1
863,1.06270637768579,0.1998795891463325,MD,2023-04-24,1,1,1,1,1,1,1,1,0,1,1,1,1,0,0,1,1,0
864,0.740799462964608,0.1404272086884525,MD,2023-04-25,1,1,1,1,1,1,1,1,1,1,1,1,1,0,0,1,0,1
865,0.899653434873511,0.2967044026344515,MD,2023-04-26,1,1,1,1,1,1,1,1,0,1,1,1,0,1,1,1,1,0
866,1.7663012941778,0.0671130140930505,MD,2023-04-27,1,1,1,1,0,1,1,1,1,1,1,1,1,0,0,0,1,1
867,1.33722441685464,0.3928626131542165,MD,2023-04-28,1,1,1,1,0,1,0,1,1,1,1,1,1,1,0,0,0,1
868,1.96770578517028,0.3570132805701925,MD,2023-04-29,1,1,0,1,1,1,1,0,1,1,1,0,1,0,0,1,0,1
869,0.88540324225893,0.0853148816380005,MD,2023-04-30,1,1,1,1,0,1,1,1,1,1,1,1,1,0,0,1,1,1
870,0.864395184299868,0.2976685514276755,MD,2023-05-01,1,1,1,1,1,1,1,1,1,1,1,1,1,0,0,1,1,1
871,1.14008381360519,0.3340338144388125,MD,2023-05-02,1,1,1,1,1,0,1,1,1,1,1,1,1,0,0,1,1,1
872,0.727349928271649,0.1073187159121495,MD,2023-05-03,1,1,1,1,0,1,1,1,1,1,1,1,1,0,0,1,1,1
873,1.53997515280635,0.357770482830336,MD,2023-05-04,1,1,1,1,1,0,1,1,1,1,1,1,1,0,0,1,0,1
874,1.09288811949967,0.3242412500048405,MD,2023-05-05,1,0,1,1,1,1,1,1,1,1,0,1,1,0,0,0,1,1
875,0.630715512429152,0.2192769157168875,MD,2023-05-06,1,1,1,1,1,1,1,1,1,1,1,1,1,0,0,0,0,1
876,0.758542892088582,0.2381069902993715,MD,2023-05-07,1,1,1,1,1,1,1,1,1,1,1,1,1,0,0,1,1,1
877,1.93113053088984,0.37927362867113,MD,2023-05-08,1,1,1,0,1,1,0,0,0,1,1,1,0,0,0,0,0,0
878,0.818908770988063,0.249791488957201,MD,2023-05-09,1,1,1,1,1,1,1,1,1,1,1,1,1,0,0,0,1,1
879,0.979066013979079,0.3890864308777645,MD,2023-05-10,1,1,1,0,1,1,1,1,1,1,1,1,0,0,0,1,1,1
880,0.611003009484887,0.307614226665619,MD,2023-05-11,1,1,1,1,1,1,1,1,1,1,1,1,1,0,0,0,0,1
881,NA,NA,MD,2023-05-12,NA,NA,NA,NA,NA,NA,NA,NA,NA,NA,NA,NA,NA,NA,NA,NA,NA,NA
882,1.71735024173764,0.2102909390813095,MD,2023-05-13,1,1,1,1,0,1,1,1,1,1,1,1,1,0,0,1,0,1
883,2.31251553126611,0.1607016639596335,ME,2023-04-02,1,1,1,1,0,1,0,1,1,1,1,1,1,0,1,0,1,1
884,1.24412172756276,0.240480735856154,ME,2023-04-03,1,1,1,1,0,1,0,1,1,1,1,1,1,0,1,0,1,1
885,0.0357877111240629,5.938972622123e-4,ME,2023-04-04,1,1,1,1,1,1,1,1,1,1,1,1,1,0,1,1,1,0
886,1.93156614274345,0.193156089800748,ME,2023-04-05,1,1,1,1,0,1,0,1,0,1,1,1,1,0,1,0,1,0
887,9.7781554405682e-4,6.71386467822425e-4,ME,2023-04-06,1,1,1,1,1,1,1,1,1,1,1,1,1,1,1,1,1,1
888,1.36220058360253,0.95391873592936,ME,2023-04-07,1,1,1,1,0,1,0,1,1,1,1,1,1,0,1,0,1,1
889,0.00128996076213313,7.676325189408e-4,ME,2023-04-08,1,1,1,1,1,1,1,1,1,1,1,1,1,1,1,1,1,1
890,NA,NA,ME,2023-04-09,NA,NA,NA,NA,NA,NA,NA,NA,NA,NA,NA,NA,NA,NA,NA,NA,NA,NA
891,1.16864603425568,0.2386118517466495,ME,2023-04-10,1,1,1,1,0,0,1,1,1,1,1,1,1,0,0,1,1,1
892,0.0148070340100376,9.5532874749932e-4,ME,2023-04-11,1,1,1,1,1,1,1,1,1,1,1,1,1,1,1,1,1,1
893,1.05547133283515,0.1356400835102085,ME,2023-04-12,1,1,1,1,0,1,0,1,1,1,1,1,1,0,1,0,1,1
894,0.0917278909942199,0.001116265286843635,ME,2023-04-13,1,1,1,1,1,1,1,1,1,1,1,1,1,1,1,1,1,1
895,NA,NA,ME,2023-04-14,NA,NA,NA,NA,NA,NA,NA,NA,NA,NA,NA,NA,NA,NA,NA,NA,NA,NA
896,0.00186622450543798,0.00131280348169407,ME,2023-04-15,1,1,1,1,1,1,1,1,1,1,1,1,1,1,1,1,1,1
897,2.02126784190316,0.3755993950595625,ME,2023-04-16,1,1,1,1,0,0,0,1,1,1,1,1,1,0,0,0,1,1
898,0.0145956198571444,0.001552363013064515,ME,2023-04-17,1,1,1,1,1,1,1,1,1,1,1,1,1,1,1,1,1,1
899,1.16208274450878,0.309703974064152,ME,2023-04-18,1,1,1,1,0,1,0,1,1,1,1,1,1,0,1,0,1,1
900,1.88241113622413,0.310782943838195,ME,2023-04-19,1,1,1,1,0,0,0,1,1,1,1,1,1,0,0,0,1,1
901,1.10454621107651,0.1372806425778175,ME,2023-04-20,1,1,1,1,0,1,1,1,0,1,1,1,1,0,1,1,1,0
902,1.31328968227927,0.914617484444675,ME,2023-04-21,1,1,1,1,0,1,0,1,1,1,1,1,1,0,1,0,1,1
903,0.00287625582782997,0.00240277590857225,ME,2023-04-22,1,1,1,1,1,1,1,1,1,1,1,1,1,1,1,1,1,1
904,0.0132028237225894,0.00262804080827159,ME,2023-04-23,1,1,1,1,1,1,1,1,1,1,1,1,1,1,1,1,1,1
905,0.0241946879953481,0.0028759590148433,ME,2023-04-24,1,1,1,1,1,1,1,1,1,1,1,0,1,0,1,1,1,1
906,1.96910896209722,0.3146090209343505,ME,2023-04-25,1,1,1,0,0,1,1,1,0,1,1,1,0,0,1,1,1,0
907,0.0290993709946208,0.003448516036327305,ME,2023-04-26,1,1,1,1,1,1,1,1,1,1,1,1,1,1,1,1,1,1
908,0.004086299373289,0.003777989853431895,ME,2023-04-27,1,1,1,1,1,1,1,1,1,1,1,1,1,1,1,1,1,1
909,4.45909623316885,0.73488647520041,ME,2023-04-28,1,1,1,1,0,1,0,1,0,1,1,1,1,0,1,0,1,0
910,0.0340899965418839,0.004536881848582015,ME,2023-04-29,1,1,1,1,1,1,1,1,1,1,1,1,1,1,1,1,1,1
911,2.56046015009127,0.3881563228053005,ME,2023-04-30,1,1,1,1,0,0,0,1,0,1,1,1,1,0,0,0,1,0
912,0.0224229466856671,0.0054495591589523,ME,2023-05-01,1,1,1,1,1,1,1,1,1,1,1,1,1,1,1,1,1,1
913,0.897898403117374,0.1762343150025735,ME,2023-05-02,1,1,1,1,1,1,0,1,1,1,1,1,1,0,1,0,1,1
914,NA,NA,ME,2023-05-03,NA,NA,NA,NA,NA,NA,NA,NA,NA,NA,NA,NA,NA,NA,NA,NA,NA,NA
915,1.14536672184012,0.308298745164513,ME,2023-05-04,1,1,1,1,0,1,1,1,0,1,1,1,1,0,1,1,1,0
916,1.1230340724164,0.446268549130255,ME,2023-05-05,1,1,1,1,0,0,1,1,1,1,1,1,1,0,0,1,1,1
917,0.0109056512942466,0.0085958700613339,ME,2023-05-06,1,1,1,1,1,1,1,1,1,1,1,1,1,1,1,1,1,1
918,NA,NA,ME,2023-05-07,NA,NA,NA,NA,NA,NA,NA,NA,NA,NA,NA,NA,NA,NA,NA,NA,NA,NA
919,1.75918903564078,0.3053696010751285,ME,2023-05-08,1,1,1,0,0,1,1,1,0,1,1,1,0,0,1,1,1,0
920,0.103561765775997,0.0112520940151833,ME,2023-05-09,1,1,1,1,1,1,1,1,1,1,1,1,1,1,1,1,1,1
921,1.96873397851057,0.4042319753160675,ME,2023-05-10,1,1,1,1,0,1,0,1,1,1,1,1,1,0,1,0,1,1
922,0.893930318344209,0.2713801009603355,ME,2023-05-11,1,1,1,1,1,1,0,1,1,1,1,1,1,0,1,0,1,1
923,1.85227631860279,0.557245824535365,ME,2023-05-12,1,1,1,1,0,1,0,1,0,1,1,1,1,0,1,0,1,0
924,NA,NA,ME,2023-05-13,NA,NA,NA,NA,NA,NA,NA,NA,NA,NA,NA,NA,NA,NA,NA,NA,NA,NA
925,2.18354101094654,0.213159400280558,MI,2023-04-02,1,1,1,1,0,1,1,1,0,1,1,1,1,1,0,1,1,0
926,2.00149375183991,0.124150858923245,MI,2023-04-03,1,1,1,0,1,1,1,1,1,1,1,0,0,1,1,0,1,1
927,1.7157996756275,0.138978751138441,MI,2023-04-04,1,1,0,1,1,1,0,1,1,1,1,0,1,0,0,0,1,1
928,4.55365592349952,0.2770646904458855,MI,2023-04-05,1,1,0,1,0,0,0,1,0,1,1,0,1,0,0,0,1,0
929,3.34692269332485,0.182908688439604,MI,2023-04-06,1,1,0,1,0,0,1,1,0,1,1,0,0,0,0,0,1,0
930,0.862176274192128,0.0698070290491965,MI,2023-04-07,1,1,1,1,1,1,1,1,1,1,1,1,1,0,0,0,1,1
931,0.800407901568672,0.0517639975294225,MI,2023-04-08,1,1,1,1,1,1,1,1,1,1,1,0,0,0,1,0,1,1
932,0.327873901581231,0.004969774785637515,MI,2023-04-09,1,1,1,1,1,1,1,1,1,1,1,1,1,1,1,1,1,1
933,1.10912013912192,0.07647193429444,MI,2023-04-10,1,1,1,1,1,1,1,1,1,1,1,0,1,1,0,0,0,1
934,2.68733242203743,0.198214888188104,MI,2023-04-11,1,1,0,1,0,1,1,0,1,1,1,0,0,0,1,1,0,1
935,1.9551211392554,0.208623147160095,MI,2023-04-12,1,1,1,1,0,0,1,1,0,1,1,1,1,0,0,1,1,0
936,0.884586759396362,0.075402652740431,MI,2023-04-13,1,1,1,1,1,1,1,1,0,1,1,0,1,1,1,1,1,0
937,3.38277678935641,0.2959431745963945,MI,2023-04-14,1,1,1,1,0,0,1,0,1,1,1,1,1,0,1,0,0,1
938,2.22286004379183,0.212924832091279,MI,2023-04-15,1,1,0,0,0,1,1,1,1,1,1,0,0,0,0,1,1,1
939,0.638349580414204,0.00696194340250975,MI,2023-04-16,1,1,1,1,1,1,1,1,1,1,1,1,1,0,0,1,1,1
940,1.5965626020928,0.162284037575491,MI,2023-04-17,1,1,1,0,1,1,1,0,1,1,1,1,0,0,1,1,0,1
941,2.85056397586461,0.3236113810228335,MI,2023-04-18,1,1,1,0,0,1,0,1,1,1,1,1,0,1,1,0,1,1
942,0.473968207610554,0.0847362839664975,MI,2023-04-19,1,1,1,1,1,1,1,1,1,1,1,1,1,0,0,1,1,1
943,0.622283217111818,0.17598596573095,MI,2023-04-20,1,1,1,1,1,1,1,1,1,1,1,1,1,1,0,0,1,1
944,0.48606247220952,0.1133494946769855,MI,2023-04-21,1,1,1,1,1,1,1,1,1,1,1,1,1,1,1,1,1,1
945,0.485341851488771,0.101924020095512,MI,2023-04-22,1,1,1,1,1,1,1,1,1,1,1,1,1,1,0,1,0,1
946,1.77250054865318,0.2898434321222365,MI,2023-04-23,1,1,1,0,0,1,1,1,1,1,1,1,0,0,1,1,1,1
947,1.05703245611262,0.131454978438082,MI,2023-04-24,1,1,0,1,1,1,1,1,1,1,1,0,1,1,0,0,1,0
948,1.4586223011557,0.1896559949098155,MI,2023-04-25,1,1,1,0,1,0,1,1,1,1,1,1,0,1,1,0,1,1
949,0.995281138380222,0.1636243980246595,MI,2023-04-26,1,1,1,1,1,1,1,1,1,1,1,1,1,1,0,1,0,1
950,2.29594367352736,0.308394991310875,MI,2023-04-27,1,1,1,1,0,0,1,1,0,1,1,1,1,0,0,0,1,0
951,1.33245128289372,0.2845095938800975,MI,2023-04-28,1,1,1,1,0,1,1,0,1,1,1,1,1,0,0,1,0,1
952,1.33985471415692,0.285434383548187,MI,2023-04-29,1,1,1,1,0,1,1,1,0,1,1,1,1,0,1,0,1,0
953,4.17303672318827,0.5044423423194,MI,2023-04-30,1,1,1,0,0,1,1,0,0,1,1,1,0,0,0,0,0,0
954,1.47516178487241,0.2142147764539985,MI,2023-05-01,1,1,0,1,0,1,1,1,1,1,1,0,1,0,0,0,0,1
955,0.6384900368872,0.090759922366446,MI,2023-05-02,1,1,1,1,1,1,1,1,1,1,1,1,1,0,0,1,1,1
956,0.916041009260548,0.1607547090669015,MI,2023-05-03,1,1,1,1,1,1,1,1,1,1,1,1,1,0,0,0,1,1
957,1.07271593679592,0.205618993250078,MI,2023-05-04,1,1,1,1,1,1,0,1,1,1,1,1,1,1,0,0,1,1
958,0.6015682300401,0.186502714845857,MI,2023-05-05,1,1,1,1,1,1,1,1,1,1,1,1,1,0,0,0,1,1
959,1.00537841467334,0.190871257335402,MI,2023-05-06,1,1,1,1,1,0,1,1,1,1,1,1,1,1,0,0,1,1
960,0.584496593760879,0.2111431501284045,MI,2023-05-07,1,1,1,1,1,1,1,1,1,1,1,1,1,0,1,0,1,1
961,1.45188821759327,0.1634489515926305,MI,2023-05-08,1,1,1,0,1,1,1,0,1,1,1,1,0,0,0,1,0,1
962,1.53498157421874,0.526139986316345,MI,2023-05-09,1,1,1,0,0,0,1,1,1,1,1,1,0,0,1,1,1,1
963,0.813246926015659,0.1284478868579145,MI,2023-05-10,1,1,1,1,1,1,1,1,1,1,1,1,1,1,1,1,1,1
964,1.48584610569001,0.265392628214331,MI,2023-05-11,1,1,1,0,1,1,1,1,1,1,1,0,0,1,1,0,0,1
965,1.46647243733652,0.342238025006576,MI,2023-05-12,1,1,1,1,0,1,0,1,1,1,1,1,1,0,0,0,1,1
966,0.99445851553593,0.704614648815475,MI,2023-05-13,1,1,1,1,0,0,1,1,1,1,1,1,1,0,0,1,1,1
967,1.70065137774274,0.1324541810432965,MN,2023-04-02,1,1,0,1,0,1,1,1,1,1,1,0,1,0,0,1,1,1
968,0.848416132648043,0.0373613636586133,MN,2023-04-03,1,1,1,1,1,1,1,1,1,1,1,0,1,0,1,1,1,1
969,3.45465989618697,0.2043887522751125,MN,2023-04-04,1,1,0,1,0,1,0,1,0,1,1,0,1,0,0,0,1,0
970,0.686925978556358,0.0381779026094038,MN,2023-04-05,1,1,1,1,1,1,1,1,1,1,1,1,1,0,0,1,1,1
971,0.930285164615184,0.076296166676758,MN,2023-04-06,1,1,1,1,1,1,1,1,0,1,1,1,1,0,0,1,1,0
972,1.36699933672929,0.1444174649984665,MN,2023-04-07,1,1,0,0,1,1,1,1,1,1,1,0,0,1,0,1,1,1
973,0.7675388455656,0.0867227790953545,MN,2023-04-08,1,1,0,1,1,1,1,1,1,1,1,0,1,0,1,1,1,1
974,0.233775378933867,0.004866686387833115,MN,2023-04-09,1,1,1,1,1,1,1,1,1,1,1,1,1,1,1,1,1,1
975,0.965048756732948,0.0480065465311791,MN,2023-04-10,1,1,0,1,1,1,1,1,1,1,1,0,1,0,1,1,1,1
976,2.3037882225236,0.1308748157001815,MN,2023-04-11,1,1,1,1,0,1,0,1,1,1,1,1,1,0,0,0,1,0
977,0.494913137854574,0.059865618167974,MN,2023-04-12,1,1,1,1,1,1,1,1,1,1,1,1,1,0,0,1,1,1
978,1.6092353614981,0.1419412692484555,MN,2023-04-13,1,1,0,1,0,1,1,1,0,1,1,0,1,0,0,1,1,0
979,2.03872309677518,0.149505173952082,MN,2023-04-14,1,1,1,1,0,0,1,1,1,1,1,1,1,0,0,1,1,1
980,0.703569806949926,0.1146452017595825,MN,2023-04-15,1,1,1,1,1,1,0,1,1,1,1,1,1,0,1,0,1,1
981,1.04816111671344,0.2308699153034635,MN,2023-04-16,1,1,1,1,1,1,1,1,0,1,1,1,1,0,1,1,1,0
982,1.76310308571308,0.2203906045937845,MN,2023-04-17,1,1,1,1,0,1,0,1,1,1,1,1,1,1,0,0,1,1
983,1.23227070957219,0.1437959737389595,MN,2023-04-18,1,1,1,1,1,1,1,1,0,1,1,1,1,0,1,0,1,0
984,2.07589198644045,0.272149996778024,MN,2023-04-19,1,1,0,0,0,1,1,0,1,1,1,0,0,0,0,1,0,1
985,2.59955946058581,0.2981686600436565,MN,2023-04-20,1,1,0,0,0,1,1,1,0,1,1,0,0,1,0,0,1,0
986,0.974967584034104,0.0779547051585025,MN,2023-04-21,1,1,1,0,1,1,1,1,1,1,1,1,0,0,0,1,1,1
987,1.9156638579411,0.258658366227285,MN,2023-04-22,1,1,0,1,0,1,1,1,1,1,1,0,1,1,0,0,1,1
988,0.953116541815365,0.01252399913958955,MN,2023-04-23,1,1,1,1,0,1,1,1,1,1,1,1,1,1,1,1,1,1
989,1.90193639784213,0.2807101284219825,MN,2023-04-24,1,1,1,1,0,0,1,1,1,1,1,1,1,0,0,0,1,1
990,2.55175757603727,0.2430601224936,MN,2023-04-25,1,1,0,1,0,1,1,0,1,1,1,0,1,0,1,1,0,1
991,1.13778990555756,0.1872742825231945,MN,2023-04-26,1,1,1,1,1,1,1,0,1,1,1,1,1,0,1,1,0,1
992,2.38567353881167,0.2879052932858975,MN,2023-04-27,1,1,0,1,0,0,1,1,0,1,1,0,1,1,1,0,1,0
993,2.51067271950003,0.1960750608972605,MN,2023-04-28,1,1,0,1,0,1,1,0,0,1,1,0,1,0,0,1,0,0
994,1.17685086548881,0.2169199424311545,MN,2023-04-29,1,1,1,1,1,1,1,1,0,1,1,1,1,0,1,0,1,0
995,0.736039513158689,0.1876979312798485,MN,2023-04-30,1,1,1,1,1,1,1,1,1,1,1,1,1,0,1,0,1,1
996,2.07929109521714,0.16766656752451,MN,2023-05-01,1,1,1,1,1,1,0,1,1,1,1,1,1,0,0,0,1,1
997,3.12379775190524,0.2577153789434925,MN,2023-05-02,1,1,1,1,0,0,1,0,0,1,1,1,1,0,0,1,0,0
998,1.99033809796342,0.2935014450230375,MN,2023-05-03,1,0,1,1,0,1,0,1,1,1,0,1,1,0,0,0,1,1
999,1.84285209613719,0.3083916247094705,MN,2023-05-04,1,1,1,1,0,0,1,0,1,1,1,1,1,0,0,0,0,1
1000,1.28177368445839,0.0809256911391995,MN,2023-05-05,1,1,1,1,1,1,1,1,1,1,1,1,1,0,0,1,0,1
1001,0.777603007598616,0.261431622664891,MN,2023-05-06,1,1,1,1,1,1,1,1,1,1,1,1,1,0,0,1,1,1
1002,1.20488564794203,0.282864541621878,MN,2023-05-07,1,1,1,1,1,1,1,1,0,1,1,1,1,0,0,1,1,0
1003,1.54920437267286,0.2197498191630505,MN,2023-05-08,1,1,1,1,1,0,1,1,0,1,1,1,1,0,1,1,1,0
1004,5.72219275061949,0.3922187824260805,MN,2023-05-09,1,1,1,0,0,0,0,1,1,1,1,1,0,0,0,0,1,1
1005,0.599697214632225,0.205198562145034,MN,2023-05-10,1,1,1,1,1,1,1,1,1,1,1,1,1,1,1,1,1,1
1006,4.23562502901028,0.629517803077955,MN,2023-05-11,1,1,1,1,0,0,1,0,0,1,1,1,1,0,0,1,0,0
1007,2.22810267325212,0.4154626640584845,MN,2023-05-12,1,1,1,1,0,1,1,0,0,1,1,1,1,0,0,0,0,0
1008,0.667259584060692,0.2727189171665785,MN,2023-05-13,1,1,1,1,1,0,1,1,1,1,1,1,1,0,0,1,1,1
1009,0.0303524948162425,0.004189585155123215,MO,2023-04-02,1,1,1,1,1,1,1,1,1,1,1,1,1,1,1,1,1,1
1010,0.0533610259716279,0.00428506160416782,MO,2023-04-03,1,1,1,1,1,1,1,1,1,1,1,1,1,1,1,1,1,1
1011,0.0829253937296354,0.004397703200809515,MO,2023-04-04,1,1,1,1,1,1,1,1,1,1,1,1,1,1,1,1,1,1
1012,1.07789513134194,0.231399576611644,MO,2023-04-05,1,1,0,1,0,1,1,1,1,1,1,0,1,0,1,1,1,1
1013,1.12185917576525,0.3048551804619715,MO,2023-04-06,1,1,1,1,0,1,0,1,1,1,1,1,1,1,1,1,1,1
1014,0.0116884538901167,0.00484348640109598,MO,2023-04-07,1,1,1,1,1,1,1,1,1,1,1,1,1,1,1,1,1,1
1015,0.0924237506026573,0.0050304255635635,MO,2023-04-08,1,1,1,1,1,1,1,1,1,1,1,1,1,1,1,1,1,1
1016,NA,NA,MO,2023-04-09,NA,NA,NA,NA,NA,NA,NA,NA,NA,NA,NA,NA,NA,NA,NA,NA,NA,NA
1017,0.142496826092877,0.0054678014967934,MO,2023-04-10,1,1,1,1,1,1,1,1,1,1,1,1,1,1,1,1,1,1
1018,1.08229236197171,0.231281719404694,MO,2023-04-11,1,1,1,1,0,1,1,0,1,1,1,1,1,0,1,1,0,1
1019,0.00432251546223154,0.0059987574290079,MO,2023-04-12,1,1,1,1,1,1,1,1,1,1,1,1,1,1,1,1,1,1
1020,NA,NA,MO,2023-04-13,NA,NA,NA,NA,NA,NA,NA,NA,NA,NA,NA,NA,NA,NA,NA,NA,NA,NA
1021,1.14053612957802,0.4311569141092855,MO,2023-04-14,1,1,1,1,0,0,1,1,1,1,1,1,1,0,0,1,1,1
1022,0.00673934986420752,0.0070007096593724,MO,2023-04-15,1,1,1,1,1,1,1,1,1,1,1,1,1,1,1,1,1,1
1023,0.00618288511350164,0.00739805694931765,MO,2023-04-16,1,1,1,1,1,1,1,1,1,1,1,1,1,1,1,1,1,1
1024,0.0521970288519733,0.00783134018980635,MO,2023-04-17,1,1,1,1,1,1,1,1,1,1,1,1,1,1,1,1,1,1
1025,0.0261890725910139,0.00830350407429645,MO,2023-04-18,1,1,1,1,1,1,1,1,1,1,1,1,1,1,1,1,1,1
1026,NA,NA,MO,2023-04-19,NA,NA,NA,NA,NA,NA,NA,NA,NA,NA,NA,NA,NA,NA,NA,NA,NA,NA
1027,NA,NA,MO,2023-04-20,NA,NA,NA,NA,NA,NA,NA,NA,NA,NA,NA,NA,NA,NA,NA,NA,NA,NA
1028,0.0290415279137531,0.0099871249774746,MO,2023-04-21,1,1,1,1,1,1,1,1,1,1,1,1,1,1,1,1,1,1
1029,1.28294311993882,0.883963227049885,MO,2023-04-22,1,1,0,1,0,1,1,1,1,1,1,0,1,1,1,0,1,1
1030,NA,NA,MO,2023-04-23,NA,NA,NA,NA,NA,NA,NA,NA,NA,NA,NA,NA,NA,NA,NA,NA,NA,NA
1031,1.04560329017588,0.4145581105503315,MO,2023-04-24,1,1,1,1,0,0,1,1,1,1,1,1,1,0,0,1,1,1
1032,1.0305809043746,0.4126511901996925,MO,2023-04-25,1,1,1,1,0,0,1,1,1,1,1,1,1,0,0,1,1,1
1033,0.0413448561998853,0.013936928505516,MO,2023-04-26,1,1,1,1,1,1,1,1,1,1,1,1,1,1,1,1,1,1
1034,0.0427884818734589,0.0149449340828081,MO,2023-04-27,1,1,1,1,1,1,1,1,1,1,1,1,1,1,1,1,1,1
1035,0.776759057576363,0.2113918630227975,MO,2023-04-28,1,1,1,1,1,1,0,1,1,1,1,1,1,1,1,1,1,1
1036,NA,NA,MO,2023-04-29,NA,NA,NA,NA,NA,NA,NA,NA,NA,NA,NA,NA,NA,NA,NA,NA,NA,NA
1037,1.73183461774148,0.528613866212045,MO,2023-04-30,1,1,1,1,0,0,0,1,1,1,1,1,1,1,0,0,1,1
1038,1.24054324369638,0.85205490557618,MO,2023-05-01,1,1,1,1,0,1,1,1,0,1,1,1,1,0,1,1,1,0
1039,0.0214570703788814,0.0214410514713375,MO,2023-05-02,1,1,1,1,1,1,1,1,1,1,1,1,1,1,1,1,1,1
1040,NA,NA,MO,2023-05-03,NA,NA,NA,NA,NA,NA,NA,NA,NA,NA,NA,NA,NA,NA,NA,NA,NA,NA
1041,0.0193687719254763,0.0248706454282426,MO,2023-05-04,1,1,1,1,1,1,1,1,1,1,1,1,1,1,1,1,1,1
1042,1.10596560629019,0.731512973999525,MO,2023-05-05,1,1,1,1,0,1,0,1,1,1,1,1,1,0,1,0,1,1
1043,0.0753641755149789,0.02888576385089715,MO,2023-05-06,1,1,1,1,1,1,1,1,1,1,1,1,1,0,0,1,1,1
1044,0.0264084583286588,0.03113833279936125,MO,2023-05-07,1,1,1,1,1,1,1,1,1,1,1,1,1,1,1,1,1,1
1045,0.0275919429469229,0.033568391503387,MO,2023-05-08,1,1,1,1,1,1,1,1,1,1,1,1,1,0,0,1,1,1
1046,0.195904619292748,0.03618680714781355,MO,2023-05-09,1,1,1,1,1,1,1,1,1,1,1,1,1,0,1,0,1,1
1047,1.19155447575481,0.807632050230095,MO,2023-05-10,1,1,1,0,0,1,1,1,1,1,1,1,0,0,1,1,1,1
1048,0.034853618454668,0.0420326425234164,MO,2023-05-11,1,1,1,1,1,1,1,1,1,1,1,1,1,1,1,1,1,1
1049,0.903451513625898,0.3807162960451475,MO,2023-05-12,1,1,1,1,1,0,1,1,1,1,1,1,1,1,1,1,1,1
1050,NA,NA,MO,2023-05-13,NA,NA,NA,NA,NA,NA,NA,NA,NA,NA,NA,NA,NA,NA,NA,NA,NA,NA
1051,0.994013499829232,0.436661876762971,MS,2023-04-02,1,1,1,1,0,0,1,1,1,1,1,1,1,0,0,1,1,1
1052,0.871622105727102,0.293027193904093,MS,2023-04-03,1,1,1,1,1,0,1,1,1,1,1,1,1,0,0,1,1,1
1053,0.657415316001209,0.00672053541897775,MS,2023-04-04,1,1,1,1,1,1,1,1,1,1,1,1,1,1,1,1,1,1
1054,1.30714278342027,0.1697215037952115,MS,2023-04-05,0,1,1,1,1,1,1,1,0,0,1,0,0,0,1,0,0,0
1055,0.632454800029709,0.1778470097519785,MS,2023-04-06,1,1,1,1,1,0,1,1,1,1,1,1,1,0,0,1,1,1
1056,0.198350111484694,0.0069943498322157,MS,2023-04-07,1,1,1,1,1,1,1,1,1,1,1,1,1,1,1,1,1,1
1057,NA,NA,MS,2023-04-08,NA,NA,NA,NA,NA,NA,NA,NA,NA,NA,NA,NA,NA,NA,NA,NA,NA,NA
1058,NA,NA,MS,2023-04-09,NA,NA,NA,NA,NA,NA,NA,NA,NA,NA,NA,NA,NA,NA,NA,NA,NA,NA
1059,1.66376298802534,0.134816707838593,MS,2023-04-10,1,1,1,1,1,1,1,1,0,1,1,1,1,0,1,0,0,0
1060,0.631315130586636,0.176555656156563,MS,2023-04-11,1,1,1,1,1,0,1,1,1,1,1,1,1,1,0,1,0,1
1061,0.950284836967786,0.4352449072923125,MS,2023-04-12,1,1,1,1,1,1,0,1,1,1,1,1,1,0,1,0,1,1
1062,0.647993502611627,0.178460755460022,MS,2023-04-13,1,1,1,1,1,1,0,1,1,1,1,1,1,0,1,0,1,1
1063,0.159543132932734,0.0088870845742475,MS,2023-04-14,1,1,1,1,1,1,1,1,1,1,1,1,1,1,1,1,1,1
1064,1.20069455215505,0.889993236613755,MS,2023-04-15,1,1,1,1,0,1,1,1,0,1,1,1,1,0,1,1,1,0
1065,NA,NA,MS,2023-04-16,NA,NA,NA,NA,NA,NA,NA,NA,NA,NA,NA,NA,NA,NA,NA,NA,NA,NA
1066,0.539024431666933,0.0103576921128874,MS,2023-04-17,1,1,1,1,1,1,1,1,1,1,1,0,1,0,1,1,1,1
1067,0.730708166917202,0.0857312114762745,MS,2023-04-18,1,1,1,1,1,1,1,1,1,1,1,1,1,0,1,0,1,1
1068,0.55354542388376,0.1747947535369915,MS,2023-04-19,1,1,1,1,1,1,1,1,1,1,1,1,1,1,1,1,1,1
1069,0.030594898161537,0.01235025500488235,MS,2023-04-20,1,1,1,1,1,1,1,1,1,1,1,1,1,1,1,1,1,1
1070,0.626725097822565,0.214072531571132,MS,2023-04-21,1,1,1,1,1,1,1,1,1,1,1,1,1,1,0,1,0,1
1071,NA,NA,MS,2023-04-22,NA,NA,NA,NA,NA,NA,NA,NA,NA,NA,NA,NA,NA,NA,NA,NA,NA,NA
1072,NA,NA,MS,2023-04-23,NA,NA,NA,NA,NA,NA,NA,NA,NA,NA,NA,NA,NA,NA,NA,NA,NA,NA
1073,NA,NA,MS,2023-04-24,NA,NA,NA,NA,NA,NA,NA,NA,NA,NA,NA,NA,NA,NA,NA,NA,NA,NA
1074,0.171287066912287,0.01719873875813735,MS,2023-04-25,1,1,1,1,1,1,1,1,1,1,1,1,1,0,0,1,1,1
1075,0.899474902835231,0.156131461700327,MS,2023-04-26,1,1,1,1,1,1,1,1,1,1,1,1,1,0,1,0,1,1
1076,0.617025068451634,0.2118013880129975,MS,2023-04-27,1,1,1,1,1,1,1,1,1,1,1,1,1,1,0,1,0,1
1077,0.201979158479844,0.0213133622878621,MS,2023-04-28,1,1,1,1,1,1,1,1,1,1,1,1,1,0,1,0,1,1
1078,NA,NA,MS,2023-04-29,NA,NA,NA,NA,NA,NA,NA,NA,NA,NA,NA,NA,NA,NA,NA,NA,NA,NA
1079,NA,NA,MS,2023-04-30,NA,NA,NA,NA,NA,NA,NA,NA,NA,NA,NA,NA,NA,NA,NA,NA,NA,NA
1080,1.18998727318166,0.1883555537237365,MS,2023-05-01,1,1,1,1,1,1,1,1,1,1,1,1,1,0,1,0,0,1
1081,1.32158168809276,0.286718096684884,MS,2023-05-02,1,1,1,1,1,1,0,1,1,1,1,1,1,1,1,1,1,1
1082,0.616327515422556,0.143373179275547,MS,2023-05-03,1,1,1,1,1,1,1,1,1,1,1,1,1,0,1,0,1,1
1083,0.107232884682427,0.03332415654384295,MS,2023-05-04,1,1,1,1,1,1,1,1,1,1,1,1,1,0,1,0,1,1
1084,0.404312771806962,0.2514482652669325,MS,2023-05-05,1,1,1,1,1,1,1,1,1,1,1,1,1,1,1,1,1,1
1085,NA,NA,MS,2023-05-06,NA,NA,NA,NA,NA,NA,NA,NA,NA,NA,NA,NA,NA,NA,NA,NA,NA,NA
1086,NA,NA,MS,2023-05-07,NA,NA,NA,NA,NA,NA,NA,NA,NA,NA,NA,NA,NA,NA,NA,NA,NA,NA
1087,0.77342987479876,0.214505086169776,MS,2023-05-08,1,1,1,1,1,1,1,1,1,1,1,1,1,1,0,0,1,1
1088,0.706164472698348,0.04850305315899245,MS,2023-05-09,1,1,1,1,1,1,1,1,1,1,1,1,1,0,1,0,1,1
1089,0.415899250414176,0.3355702517516235,MS,2023-05-10,1,1,1,1,1,1,1,1,1,1,1,1,1,1,1,1,1,1
1090,0.649853448079098,0.60536642967715,MS,2023-05-11,1,1,1,1,1,1,1,1,1,1,1,1,1,1,1,1,1,1
1091,0.173282597724127,0.0604901764393945,MS,2023-05-12,1,1,1,1,1,1,1,1,1,1,1,1,1,0,0,1,1,1
1092,NA,NA,MS,2023-05-13,NA,NA,NA,NA,NA,NA,NA,NA,NA,NA,NA,NA,NA,NA,NA,NA,NA,NA
1093,NA,NA,MT,2023-04-02,NA,NA,NA,NA,NA,NA,NA,NA,NA,NA,NA,NA,NA,NA,NA,NA,NA,NA
1094,NA,NA,MT,2023-04-03,NA,NA,NA,NA,NA,NA,NA,NA,NA,NA,NA,NA,NA,NA,NA,NA,NA,NA
1095,NA,NA,MT,2023-04-04,NA,NA,NA,NA,NA,NA,NA,NA,NA,NA,NA,NA,NA,NA,NA,NA,NA,NA
1096,NA,NA,MT,2023-04-05,NA,NA,NA,NA,NA,NA,NA,NA,NA,NA,NA,NA,NA,NA,NA,NA,NA,NA
1097,NA,NA,MT,2023-04-06,NA,NA,NA,NA,NA,NA,NA,NA,NA,NA,NA,NA,NA,NA,NA,NA,NA,NA
1098,NA,NA,MT,2023-04-07,NA,NA,NA,NA,NA,NA,NA,NA,NA,NA,NA,NA,NA,NA,NA,NA,NA,NA
1099,NA,NA,MT,2023-04-08,NA,NA,NA,NA,NA,NA,NA,NA,NA,NA,NA,NA,NA,NA,NA,NA,NA,NA
1100,NA,NA,MT,2023-04-09,NA,NA,NA,NA,NA,NA,NA,NA,NA,NA,NA,NA,NA,NA,NA,NA,NA,NA
1101,NA,NA,MT,2023-04-10,NA,NA,NA,NA,NA,NA,NA,NA,NA,NA,NA,NA,NA,NA,NA,NA,NA,NA
1102,NA,NA,MT,2023-04-11,NA,NA,NA,NA,NA,NA,NA,NA,NA,NA,NA,NA,NA,NA,NA,NA,NA,NA
1103,NA,NA,MT,2023-04-12,NA,NA,NA,NA,NA,NA,NA,NA,NA,NA,NA,NA,NA,NA,NA,NA,NA,NA
1104,NA,NA,MT,2023-04-13,NA,NA,NA,NA,NA,NA,NA,NA,NA,NA,NA,NA,NA,NA,NA,NA,NA,NA
1105,NA,NA,MT,2023-04-14,NA,NA,NA,NA,NA,NA,NA,NA,NA,NA,NA,NA,NA,NA,NA,NA,NA,NA
1106,NA,NA,MT,2023-04-15,NA,NA,NA,NA,NA,NA,NA,NA,NA,NA,NA,NA,NA,NA,NA,NA,NA,NA
1107,NA,NA,MT,2023-04-16,NA,NA,NA,NA,NA,NA,NA,NA,NA,NA,NA,NA,NA,NA,NA,NA,NA,NA
1108,NA,NA,MT,2023-04-17,NA,NA,NA,NA,NA,NA,NA,NA,NA,NA,NA,NA,NA,NA,NA,NA,NA,NA
1109,NA,NA,MT,2023-04-18,NA,NA,NA,NA,NA,NA,NA,NA,NA,NA,NA,NA,NA,NA,NA,NA,NA,NA
1110,NA,NA,MT,2023-04-19,NA,NA,NA,NA,NA,NA,NA,NA,NA,NA,NA,NA,NA,NA,NA,NA,NA,NA
1111,NA,NA,MT,2023-04-20,NA,NA,NA,NA,NA,NA,NA,NA,NA,NA,NA,NA,NA,NA,NA,NA,NA,NA
1112,NA,NA,MT,2023-04-21,NA,NA,NA,NA,NA,NA,NA,NA,NA,NA,NA,NA,NA,NA,NA,NA,NA,NA
1113,NA,NA,MT,2023-04-22,NA,NA,NA,NA,NA,NA,NA,NA,NA,NA,NA,NA,NA,NA,NA,NA,NA,NA
1114,NA,NA,MT,2023-04-23,NA,NA,NA,NA,NA,NA,NA,NA,NA,NA,NA,NA,NA,NA,NA,NA,NA,NA
1115,NA,NA,MT,2023-04-24,NA,NA,NA,NA,NA,NA,NA,NA,NA,NA,NA,NA,NA,NA,NA,NA,NA,NA
1116,0.0356092327584798,0.03004003026515425,MT,2023-04-25,1,1,1,1,1,1,1,1,1,1,1,1,1,1,1,1,1,1
1117,NA,NA,MT,2023-04-26,NA,NA,NA,NA,NA,NA,NA,NA,NA,NA,NA,NA,NA,NA,NA,NA,NA,NA
1118,NA,NA,MT,2023-04-27,NA,NA,NA,NA,NA,NA,NA,NA,NA,NA,NA,NA,NA,NA,NA,NA,NA,NA
1119,0.0470902285682805,0.0372071480335639,MT,2023-04-28,1,1,1,1,1,1,1,1,1,1,1,1,1,0,0,1,1,1
1120,NA,NA,MT,2023-04-29,NA,NA,NA,NA,NA,NA,NA,NA,NA,NA,NA,NA,NA,NA,NA,NA,NA,NA
1121,NA,NA,MT,2023-04-30,NA,NA,NA,NA,NA,NA,NA,NA,NA,NA,NA,NA,NA,NA,NA,NA,NA,NA
1122,NA,NA,MT,2023-05-01,NA,NA,NA,NA,NA,NA,NA,NA,NA,NA,NA,NA,NA,NA,NA,NA,NA,NA
1123,NA,NA,MT,2023-05-02,NA,NA,NA,NA,NA,NA,NA,NA,NA,NA,NA,NA,NA,NA,NA,NA,NA,NA
1124,NA,NA,MT,2023-05-03,NA,NA,NA,NA,NA,NA,NA,NA,NA,NA,NA,NA,NA,NA,NA,NA,NA,NA
1125,NA,NA,MT,2023-05-04,NA,NA,NA,NA,NA,NA,NA,NA,NA,NA,NA,NA,NA,NA,NA,NA,NA,NA
1126,NA,NA,MT,2023-05-05,NA,NA,NA,NA,NA,NA,NA,NA,NA,NA,NA,NA,NA,NA,NA,NA,NA,NA
1127,NA,NA,MT,2023-05-06,NA,NA,NA,NA,NA,NA,NA,NA,NA,NA,NA,NA,NA,NA,NA,NA,NA,NA
1128,NA,NA,MT,2023-05-07,NA,NA,NA,NA,NA,NA,NA,NA,NA,NA,NA,NA,NA,NA,NA,NA,NA,NA
1129,NA,NA,MT,2023-05-08,NA,NA,NA,NA,NA,NA,NA,NA,NA,NA,NA,NA,NA,NA,NA,NA,NA,NA
1130,NA,NA,MT,2023-05-09,NA,NA,NA,NA,NA,NA,NA,NA,NA,NA,NA,NA,NA,NA,NA,NA,NA,NA
1131,NA,NA,MT,2023-05-10,NA,NA,NA,NA,NA,NA,NA,NA,NA,NA,NA,NA,NA,NA,NA,NA,NA,NA
1132,NA,NA,MT,2023-05-11,NA,NA,NA,NA,NA,NA,NA,NA,NA,NA,NA,NA,NA,NA,NA,NA,NA,NA
1133,NA,NA,MT,2023-05-12,NA,NA,NA,NA,NA,NA,NA,NA,NA,NA,NA,NA,NA,NA,NA,NA,NA,NA
1134,NA,NA,MT,2023-05-13,NA,NA,NA,NA,NA,NA,NA,NA,NA,NA,NA,NA,NA,NA,NA,NA,NA,NA
1135,1.22613564013424,0.180667495331902,NC,2023-04-02,1,1,1,1,0,1,1,1,0,1,1,1,1,0,1,1,1,0
1136,1.37396221417668,0.03899701777210575,NC,2023-04-03,1,1,1,1,1,1,1,0,1,1,1,0,1,0,0,1,0,1
1137,1.13943553067321,0.1488995832426775,NC,2023-04-04,1,1,1,1,1,1,1,1,1,1,1,1,1,0,0,0,0,1
1138,0.781525825199093,0.00850307813031605,NC,2023-04-05,1,1,1,1,1,1,1,1,1,1,1,1,1,1,1,1,1,1
1139,1.42436424248277,0.18103039833843,NC,2023-04-06,1,1,0,0,1,1,1,1,1,1,1,0,0,0,0,0,1,1
1140,2.24546091589706,0.2170887415677865,NC,2023-04-07,1,1,0,1,0,0,1,1,1,1,1,0,1,0,0,1,1,1
1141,0.859439227233922,0.180940119694385,NC,2023-04-08,1,1,1,1,1,1,0,1,1,1,1,1,1,1,1,1,1,1
1142,0.0553444891706004,0.01107835848729935,NC,2023-04-09,1,1,1,1,1,1,1,1,1,1,1,1,1,1,1,1,1,1
1143,0.94056422447887,0.104167614681347,NC,2023-04-10,1,1,1,0,1,1,1,1,1,1,1,1,0,1,0,1,1,1
1144,0.631863979899291,0.0127544233901651,NC,2023-04-11,1,1,1,1,1,1,1,1,1,1,0,1,1,0,1,1,1,1
1145,2.55751924791599,0.1991163145791,NC,2023-04-12,1,1,1,1,0,0,1,1,0,1,1,1,1,0,0,0,0,0
1146,1.83831529291574,0.1717088560493965,NC,2023-04-13,1,1,1,0,1,1,1,1,1,1,1,1,0,0,0,0,1,1
1147,4.37901152305834,0.496044829757698,NC,2023-04-14,1,0,1,1,0,0,1,1,0,1,0,1,1,0,0,0,1,0
1148,0.238694785066473,0.01710437042671025,NC,2023-04-15,1,1,1,1,1,1,1,1,1,1,1,1,1,1,1,1,1,1
1149,0.935253061206533,0.1229909204613785,NC,2023-04-16,1,1,1,1,1,1,1,1,0,1,1,1,1,0,0,0,1,0
1150,1.31141093444249,0.0745508394264035,NC,2023-04-17,1,1,1,1,1,1,1,1,1,1,1,1,1,0,0,1,1,1
1151,0.631168315047276,0.137195203896427,NC,2023-04-18,1,1,1,1,1,1,1,1,1,1,1,1,1,0,0,0,1,1
1152,3.11819700848755,0.278786918867409,NC,2023-04-19,1,1,1,0,0,1,0,1,0,1,1,1,0,0,0,0,1,0
1153,1.82402625666834,0.2778131474403375,NC,2023-04-20,1,1,0,0,0,1,1,1,1,1,1,0,0,0,0,0,1,1
1154,0.939792004633571,0.1855294511424245,NC,2023-04-21,1,1,1,1,1,1,1,0,1,1,1,1,1,0,0,0,0,1
1155,1.37405450493968,0.2277946339916675,NC,2023-04-22,1,1,1,0,1,1,1,1,0,1,1,1,0,0,1,1,1,0
1156,0.728720029591293,0.1343864468744405,NC,2023-04-23,1,1,1,1,1,1,1,1,1,1,1,1,1,1,1,1,1,1
1157,1.18843671894949,0.156291885433148,NC,2023-04-24,1,1,1,1,1,1,0,1,1,1,1,1,1,1,1,0,0,1
1158,2.23205737893446,0.2651842678739685,NC,2023-04-25,1,1,1,0,1,1,1,1,0,1,1,1,0,1,0,0,1,0
1159,1.2938746510006,0.1817895835171195,NC,2023-04-26,1,1,1,1,1,1,1,0,0,1,1,1,1,0,0,0,0,0
1160,1.07453745262467,0.166232306699659,NC,2023-04-27,1,1,1,1,1,1,1,1,1,1,1,1,1,1,1,0,0,1
1161,0.740120146653142,0.114431376760403,NC,2023-04-28,1,1,1,1,1,1,1,1,1,1,1,1,1,0,0,0,1,1
1162,0.949954751931753,0.04989882349804135,NC,2023-04-29,1,1,1,1,0,1,1,1,1,1,1,0,1,0,0,1,1,1
1163,0.750794024001069,0.053815452356591,NC,2023-04-30,1,1,1,1,1,1,1,1,1,1,1,1,1,0,0,1,1,1
1164,2.33962214105024,0.275064746733262,NC,2023-05-01,1,1,1,0,1,1,1,1,0,1,1,1,0,1,0,0,0,0
1165,1.52874537807575,0.278421216695256,NC,2023-05-02,1,1,1,1,1,1,1,1,0,1,1,1,1,0,0,1,1,0
1166,2.14882289078655,0.167486338310285,NC,2023-05-03,1,1,1,1,0,1,1,1,1,1,1,0,1,0,0,0,0,1
1167,2.33092735454008,0.3367880202241475,NC,2023-05-04,1,1,1,1,0,0,1,1,1,1,1,1,1,0,0,1,1,1
1168,1.3036361980281,0.311095053563087,NC,2023-05-05,1,1,1,0,1,1,1,0,1,1,1,1,0,0,1,0,0,1
1169,1.25554373864179,0.1926560471417995,NC,2023-05-06,1,1,1,1,1,1,1,1,0,1,1,1,1,1,1,0,1,0
1170,1.41336068012609,0.0898466224805585,NC,2023-05-07,1,1,1,1,0,1,1,1,1,1,1,1,1,0,0,1,1,1
1171,0.915773826620217,0.305996069108468,NC,2023-05-08,1,1,1,1,1,1,1,1,0,1,1,1,1,0,0,1,1,0
1172,1.0634427163028,0.2309699083898515,NC,2023-05-09,1,1,1,1,1,1,1,1,1,1,1,1,1,0,0,0,1,1
1173,1.71436748989345,0.323100933115548,NC,2023-05-10,1,1,1,1,1,0,1,1,0,1,1,1,1,0,0,0,1,0
1174,1.19588189563524,0.318062529752118,NC,2023-05-11,1,1,1,1,1,1,1,1,1,1,1,1,1,1,0,0,0,1
1175,0.430085753195887,0.126356100880979,NC,2023-05-12,1,1,1,1,1,1,1,1,1,1,1,1,1,0,0,1,1,1
1176,0.164618955730223,0.134841515770751,NC,2023-05-13,1,1,1,1,1,1,1,1,1,1,1,1,1,0,0,1,1,1
1177,NA,NA,ND,2023-04-02,NA,NA,NA,NA,NA,NA,NA,NA,NA,NA,NA,NA,NA,NA,NA,NA,NA,NA
1178,NA,NA,ND,2023-04-03,NA,NA,NA,NA,NA,NA,NA,NA,NA,NA,NA,NA,NA,NA,NA,NA,NA,NA
1179,NA,NA,ND,2023-04-04,NA,NA,NA,NA,NA,NA,NA,NA,NA,NA,NA,NA,NA,NA,NA,NA,NA,NA
1180,NA,NA,ND,2023-04-05,NA,NA,NA,NA,NA,NA,NA,NA,NA,NA,NA,NA,NA,NA,NA,NA,NA,NA
1181,NA,NA,ND,2023-04-06,NA,NA,NA,NA,NA,NA,NA,NA,NA,NA,NA,NA,NA,NA,NA,NA,NA,NA
1182,NA,NA,ND,2023-04-07,NA,NA,NA,NA,NA,NA,NA,NA,NA,NA,NA,NA,NA,NA,NA,NA,NA,NA
1183,NA,NA,ND,2023-04-08,NA,NA,NA,NA,NA,NA,NA,NA,NA,NA,NA,NA,NA,NA,NA,NA,NA,NA
1184,NA,NA,ND,2023-04-09,NA,NA,NA,NA,NA,NA,NA,NA,NA,NA,NA,NA,NA,NA,NA,NA,NA,NA
1185,0.0546099541213265,0.0088289048413286,ND,2023-04-10,1,1,1,1,1,1,1,1,1,1,1,1,1,1,1,1,1,1
1186,0.0558407157073337,0.00935080510966705,ND,2023-04-11,1,1,1,1,1,1,1,1,1,1,1,1,1,1,1,1,1,1
1187,0.0153003764985851,0.00992311498726755,ND,2023-04-12,1,1,1,1,1,1,1,1,1,1,1,1,1,1,1,1,1,1
1188,0.0175493296126832,0.01054959537357835,ND,2023-04-13,1,1,1,1,1,1,1,1,1,1,1,1,1,1,1,1,1,1
1189,NA,NA,ND,2023-04-14,NA,NA,NA,NA,NA,NA,NA,NA,NA,NA,NA,NA,NA,NA,NA,NA,NA,NA
1190,0.0168926961142165,0.01198180383738565,ND,2023-04-15,1,1,1,1,1,1,1,1,1,1,1,1,1,1,1,1,1,1
1191,0.0206353415912762,0.0127967876126149,ND,2023-04-16,1,1,1,1,1,1,1,1,1,1,1,1,1,0,0,1,1,1
1192,0.0230251220912012,0.01368447915736305,ND,2023-04-17,1,1,1,1,1,1,1,1,1,1,1,1,1,1,1,1,1,1
1193,NA,NA,ND,2023-04-18,NA,NA,NA,NA,NA,NA,NA,NA,NA,NA,NA,NA,NA,NA,NA,NA,NA,NA
1194,NA,NA,ND,2023-04-19,NA,NA,NA,NA,NA,NA,NA,NA,NA,NA,NA,NA,NA,NA,NA,NA,NA,NA
1195,0.0886015068500576,0.01684149981121985,ND,2023-04-20,1,1,1,1,1,1,1,1,1,1,1,1,1,0,0,1,0,1
1196,0.0285705645889564,0.01807972239939175,ND,2023-04-21,1,1,1,1,1,1,1,1,1,1,1,1,1,1,1,1,1,1
1197,NA,NA,ND,2023-04-22,NA,NA,NA,NA,NA,NA,NA,NA,NA,NA,NA,NA,NA,NA,NA,NA,NA,NA
1198,NA,NA,ND,2023-04-23,NA,NA,NA,NA,NA,NA,NA,NA,NA,NA,NA,NA,NA,NA,NA,NA,NA,NA
1199,0.652973220779428,0.268996243726749,ND,2023-04-24,1,1,1,1,1,1,1,1,1,1,1,1,1,0,0,1,1,1
1200,0.110376039224884,0.0241560085954588,ND,2023-04-25,1,1,1,1,1,1,1,1,1,1,1,1,1,0,0,1,1,1
1201,0.117805463802132,0.0259966489243755,ND,2023-04-26,1,1,1,1,1,1,1,1,1,1,1,1,1,1,1,1,1,1
1202,0.0393216847793751,0.02798342621067775,ND,2023-04-27,1,1,1,1,1,1,1,1,1,1,1,1,1,1,1,1,1,1
1203,NA,NA,ND,2023-04-28,NA,NA,NA,NA,NA,NA,NA,NA,NA,NA,NA,NA,NA,NA,NA,NA,NA,NA
1204,NA,NA,ND,2023-04-29,NA,NA,NA,NA,NA,NA,NA,NA,NA,NA,NA,NA,NA,NA,NA,NA,NA,NA
1205,NA,NA,ND,2023-04-30,NA,NA,NA,NA,NA,NA,NA,NA,NA,NA,NA,NA,NA,NA,NA,NA,NA,NA
1206,NA,NA,ND,2023-05-01,NA,NA,NA,NA,NA,NA,NA,NA,NA,NA,NA,NA,NA,NA,NA,NA,NA,NA
1207,NA,NA,ND,2023-05-02,NA,NA,NA,NA,NA,NA,NA,NA,NA,NA,NA,NA,NA,NA,NA,NA,NA,NA
1208,0.451725136025294,0.04350467588479785,ND,2023-05-03,1,1,1,1,1,1,1,1,1,1,1,1,1,0,1,1,0,1
1209,0.0685876889158431,0.04678215786717295,ND,2023-05-04,1,1,1,1,1,1,1,1,1,1,1,1,1,0,1,0,1,1
1210,0.923240657998437,0.683387640631155,ND,2023-05-05,1,1,1,1,1,0,1,1,1,1,1,1,1,0,0,1,1,1
1211,NA,NA,ND,2023-05-06,NA,NA,NA,NA,NA,NA,NA,NA,NA,NA,NA,NA,NA,NA,NA,NA,NA,NA
1212,NA,NA,ND,2023-05-07,NA,NA,NA,NA,NA,NA,NA,NA,NA,NA,NA,NA,NA,NA,NA,NA,NA,NA
1213,0.229350382746893,0.062206177936443,ND,2023-05-08,1,1,1,1,1,1,1,1,1,1,1,1,1,1,1,1,1,1
1214,NA,NA,ND,2023-05-09,NA,NA,NA,NA,NA,NA,NA,NA,NA,NA,NA,NA,NA,NA,NA,NA,NA,NA
1215,NA,NA,ND,2023-05-10,NA,NA,NA,NA,NA,NA,NA,NA,NA,NA,NA,NA,NA,NA,NA,NA,NA,NA
1216,NA,NA,ND,2023-05-11,NA,NA,NA,NA,NA,NA,NA,NA,NA,NA,NA,NA,NA,NA,NA,NA,NA,NA
1217,NA,NA,ND,2023-05-12,NA,NA,NA,NA,NA,NA,NA,NA,NA,NA,NA,NA,NA,NA,NA,NA,NA,NA
1218,NA,NA,ND,2023-05-13,NA,NA,NA,NA,NA,NA,NA,NA,NA,NA,NA,NA,NA,NA,NA,NA,NA,NA
1219,NA,NA,NE,2023-04-02,NA,NA,NA,NA,NA,NA,NA,NA,NA,NA,NA,NA,NA,NA,NA,NA,NA,NA
1220,NA,NA,NE,2023-04-03,NA,NA,NA,NA,NA,NA,NA,NA,NA,NA,NA,NA,NA,NA,NA,NA,NA,NA
1221,NA,NA,NE,2023-04-04,NA,NA,NA,NA,NA,NA,NA,NA,NA,NA,NA,NA,NA,NA,NA,NA,NA,NA
1222,NA,NA,NE,2023-04-05,NA,NA,NA,NA,NA,NA,NA,NA,NA,NA,NA,NA,NA,NA,NA,NA,NA,NA
1223,NA,NA,NE,2023-04-06,NA,NA,NA,NA,NA,NA,NA,NA,NA,NA,NA,NA,NA,NA,NA,NA,NA,NA
1224,NA,NA,NE,2023-04-07,NA,NA,NA,NA,NA,NA,NA,NA,NA,NA,NA,NA,NA,NA,NA,NA,NA,NA
1225,NA,NA,NE,2023-04-08,NA,NA,NA,NA,NA,NA,NA,NA,NA,NA,NA,NA,NA,NA,NA,NA,NA,NA
1226,NA,NA,NE,2023-04-09,NA,NA,NA,NA,NA,NA,NA,NA,NA,NA,NA,NA,NA,NA,NA,NA,NA,NA
1227,0.945024100655848,0.694141399995945,NE,2023-04-10,1,1,1,1,0,0,1,1,1,1,1,1,1,1,0,1,0,1
1228,NA,NA,NE,2023-04-11,NA,NA,NA,NA,NA,NA,NA,NA,NA,NA,NA,NA,NA,NA,NA,NA,NA,NA
1229,NA,NA,NE,2023-04-12,NA,NA,NA,NA,NA,NA,NA,NA,NA,NA,NA,NA,NA,NA,NA,NA,NA,NA
1230,0.0538458843403076,0.03083011463499945,NE,2023-04-13,1,1,1,1,1,1,1,1,1,1,1,1,1,0,0,1,1,1
1231,0.145605717267013,0.03183475791679025,NE,2023-04-14,1,1,1,1,1,1,1,1,1,1,1,1,1,1,1,1,1,1
1232,NA,NA,NE,2023-04-15,NA,NA,NA,NA,NA,NA,NA,NA,NA,NA,NA,NA,NA,NA,NA,NA,NA,NA
1233,NA,NA,NE,2023-04-16,NA,NA,NA,NA,NA,NA,NA,NA,NA,NA,NA,NA,NA,NA,NA,NA,NA,NA
1234,0.0565742417112527,0.03506771552040615,NE,2023-04-17,1,1,1,1,1,1,1,1,1,1,1,1,1,1,1,1,1,1
1235,NA,NA,NE,2023-04-18,NA,NA,NA,NA,NA,NA,NA,NA,NA,NA,NA,NA,NA,NA,NA,NA,NA,NA
1236,NA,NA,NE,2023-04-19,NA,NA,NA,NA,NA,NA,NA,NA,NA,NA,NA,NA,NA,NA,NA,NA,NA,NA
1237,NA,NA,NE,2023-04-20,NA,NA,NA,NA,NA,NA,NA,NA,NA,NA,NA,NA,NA,NA,NA,NA,NA,NA
1238,NA,NA,NE,2023-04-21,NA,NA,NA,NA,NA,NA,NA,NA,NA,NA,NA,NA,NA,NA,NA,NA,NA,NA
1239,1.15644850495952,0.826903787952315,NE,2023-04-22,1,1,1,1,0,1,1,1,0,1,1,1,1,0,1,1,1,0
1240,NA,NA,NE,2023-04-23,NA,NA,NA,NA,NA,NA,NA,NA,NA,NA,NA,NA,NA,NA,NA,NA,NA,NA
1241,NA,NA,NE,2023-04-24,NA,NA,NA,NA,NA,NA,NA,NA,NA,NA,NA,NA,NA,NA,NA,NA,NA,NA
1242,NA,NA,NE,2023-04-25,NA,NA,NA,NA,NA,NA,NA,NA,NA,NA,NA,NA,NA,NA,NA,NA,NA,NA
1243,0.217246373883658,0.04690121505556915,NE,2023-04-26,1,1,1,1,1,1,1,1,1,1,1,1,1,0,0,1,1,1
1244,NA,NA,NE,2023-04-27,NA,NA,NA,NA,NA,NA,NA,NA,NA,NA,NA,NA,NA,NA,NA,NA,NA,NA
1245,NA,NA,NE,2023-04-28,NA,NA,NA,NA,NA,NA,NA,NA,NA,NA,NA,NA,NA,NA,NA,NA,NA,NA
1246,NA,NA,NE,2023-04-29,NA,NA,NA,NA,NA,NA,NA,NA,NA,NA,NA,NA,NA,NA,NA,NA,NA,NA
1247,NA,NA,NE,2023-04-30,NA,NA,NA,NA,NA,NA,NA,NA,NA,NA,NA,NA,NA,NA,NA,NA,NA,NA
1248,NA,NA,NE,2023-05-01,NA,NA,NA,NA,NA,NA,NA,NA,NA,NA,NA,NA,NA,NA,NA,NA,NA,NA
1249,NA,NA,NE,2023-05-02,NA,NA,NA,NA,NA,NA,NA,NA,NA,NA,NA,NA,NA,NA,NA,NA,NA,NA
1250,NA,NA,NE,2023-05-03,NA,NA,NA,NA,NA,NA,NA,NA,NA,NA,NA,NA,NA,NA,NA,NA,NA,NA
1251,NA,NA,NE,2023-05-04,NA,NA,NA,NA,NA,NA,NA,NA,NA,NA,NA,NA,NA,NA,NA,NA,NA,NA
1252,NA,NA,NE,2023-05-05,NA,NA,NA,NA,NA,NA,NA,NA,NA,NA,NA,NA,NA,NA,NA,NA,NA,NA
1253,NA,NA,NE,2023-05-06,NA,NA,NA,NA,NA,NA,NA,NA,NA,NA,NA,NA,NA,NA,NA,NA,NA,NA
1254,0.109048522779309,0.066352914422301,NE,2023-05-07,1,1,1,1,1,1,1,1,1,1,1,1,1,0,0,1,1,1
1255,NA,NA,NE,2023-05-08,NA,NA,NA,NA,NA,NA,NA,NA,NA,NA,NA,NA,NA,NA,NA,NA,NA,NA
1256,1.05041804108888,0.749011029188975,NE,2023-05-09,1,1,1,1,1,1,0,1,1,1,1,1,1,0,1,0,1,1
1257,NA,NA,NE,2023-05-10,NA,NA,NA,NA,NA,NA,NA,NA,NA,NA,NA,NA,NA,NA,NA,NA,NA,NA
1258,NA,NA,NE,2023-05-11,NA,NA,NA,NA,NA,NA,NA,NA,NA,NA,NA,NA,NA,NA,NA,NA,NA,NA
1259,NA,NA,NE,2023-05-12,NA,NA,NA,NA,NA,NA,NA,NA,NA,NA,NA,NA,NA,NA,NA,NA,NA,NA
1260,NA,NA,NE,2023-05-13,NA,NA,NA,NA,NA,NA,NA,NA,NA,NA,NA,NA,NA,NA,NA,NA,NA,NA
1261,NA,NA,NH,2023-04-02,NA,NA,NA,NA,NA,NA,NA,NA,NA,NA,NA,NA,NA,NA,NA,NA,NA,NA
1262,1.09184338566938,0.416217416554718,NH,2023-04-03,1,1,1,1,0,0,1,1,1,1,1,1,1,0,0,1,1,1
1263,NA,NA,NH,2023-04-04,NA,NA,NA,NA,NA,NA,NA,NA,NA,NA,NA,NA,NA,NA,NA,NA,NA,NA
1264,NA,NA,NH,2023-04-05,NA,NA,NA,NA,NA,NA,NA,NA,NA,NA,NA,NA,NA,NA,NA,NA,NA,NA
1265,0.00755611476385433,0.01089711017270215,NH,2023-04-06,1,1,1,1,1,1,1,1,1,1,1,1,1,1,1,1,1,1
1266,NA,NA,NH,2023-04-07,NA,NA,NA,NA,NA,NA,NA,NA,NA,NA,NA,NA,NA,NA,NA,NA,NA,NA
1267,NA,NA,NH,2023-04-08,NA,NA,NA,NA,NA,NA,NA,NA,NA,NA,NA,NA,NA,NA,NA,NA,NA,NA
1268,NA,NA,NH,2023-04-09,NA,NA,NA,NA,NA,NA,NA,NA,NA,NA,NA,NA,NA,NA,NA,NA,NA,NA
1269,NA,NA,NH,2023-04-10,NA,NA,NA,NA,NA,NA,NA,NA,NA,NA,NA,NA,NA,NA,NA,NA,NA,NA
1270,NA,NA,NH,2023-04-11,NA,NA,NA,NA,NA,NA,NA,NA,NA,NA,NA,NA,NA,NA,NA,NA,NA,NA
1271,0.0447785198943959,0.0166937070287603,NH,2023-04-12,1,1,1,1,1,1,1,1,1,1,1,1,1,1,1,1,1,1
1272,NA,NA,NH,2023-04-13,NA,NA,NA,NA,NA,NA,NA,NA,NA,NA,NA,NA,NA,NA,NA,NA,NA,NA
1273,NA,NA,NH,2023-04-14,NA,NA,NA,NA,NA,NA,NA,NA,NA,NA,NA,NA,NA,NA,NA,NA,NA,NA
1274,0.0178213535920607,0.0206804713111743,NH,2023-04-15,1,1,1,1,1,1,1,1,1,1,1,1,1,1,1,1,1,1
1275,0.0173343974357748,0.02220455864186315,NH,2023-04-16,1,1,1,1,1,1,1,1,1,1,1,1,1,1,1,1,1,1
1276,0.126757362402733,0.02383578868575615,NH,2023-04-17,1,1,1,1,1,1,1,1,1,1,1,1,1,0,1,1,0,1
1277,0.0632729256658563,0.0255802648067931,NH,2023-04-18,1,1,1,1,1,1,1,1,1,1,1,1,1,1,1,1,1,1
1278,NA,NA,NH,2023-04-19,NA,NA,NA,NA,NA,NA,NA,NA,NA,NA,NA,NA,NA,NA,NA,NA,NA,NA
1279,NA,NA,NH,2023-04-20,NA,NA,NA,NA,NA,NA,NA,NA,NA,NA,NA,NA,NA,NA,NA,NA,NA,NA
1280,0.0250070292583775,0.03155793898971145,NH,2023-04-21,1,1,1,1,1,1,1,1,1,1,1,1,1,1,1,1,1,1
1281,NA,NA,NH,2023-04-22,NA,NA,NA,NA,NA,NA,NA,NA,NA,NA,NA,NA,NA,NA,NA,NA,NA,NA
1282,NA,NA,NH,2023-04-23,NA,NA,NA,NA,NA,NA,NA,NA,NA,NA,NA,NA,NA,NA,NA,NA,NA,NA
1283,0.115304265742053,0.0387984559692768,NH,2023-04-24,1,1,1,1,1,1,1,1,1,1,1,1,1,1,1,1,1,1
1284,0.0344458865425616,0.04152741938223985,NH,2023-04-25,1,1,1,1,1,1,1,1,1,1,1,1,1,1,1,1,1,1
1285,0.124904581534014,0.0444273225672592,NH,2023-04-26,1,1,1,1,1,1,1,1,1,1,1,1,1,1,1,1,1,1
1286,NA,NA,NH,2023-04-27,NA,NA,NA,NA,NA,NA,NA,NA,NA,NA,NA,NA,NA,NA,NA,NA,NA,NA
1287,NA,NA,NH,2023-04-28,NA,NA,NA,NA,NA,NA,NA,NA,NA,NA,NA,NA,NA,NA,NA,NA,NA,NA
1288,NA,NA,NH,2023-04-29,NA,NA,NA,NA,NA,NA,NA,NA,NA,NA,NA,NA,NA,NA,NA,NA,NA,NA
1289,NA,NA,NH,2023-04-30,NA,NA,NA,NA,NA,NA,NA,NA,NA,NA,NA,NA,NA,NA,NA,NA,NA,NA
1290,NA,NA,NH,2023-05-01,NA,NA,NA,NA,NA,NA,NA,NA,NA,NA,NA,NA,NA,NA,NA,NA,NA,NA
1291,0.185059084906794,0.065889696495027,NH,2023-05-02,1,1,1,1,1,1,1,1,1,1,1,1,1,1,1,1,1,1
1292,0.922581710708844,0.2445926173249265,NH,2023-05-03,1,1,1,0,1,1,1,1,1,1,1,1,0,0,1,1,1,1
1293,0.070707114210975,0.0748017525704325,NH,2023-05-04,1,1,1,1,1,1,1,1,1,1,1,1,1,1,1,1,1,1
1294,0.901515495104387,0.54240646751256,NH,2023-05-05,1,1,1,1,1,0,1,1,1,1,1,1,1,0,0,1,1,1
1295,NA,NA,NH,2023-05-06,NA,NA,NA,NA,NA,NA,NA,NA,NA,NA,NA,NA,NA,NA,NA,NA,NA,NA
1296,0.644092945168049,0.306137724568798,NH,2023-05-07,1,1,1,1,1,0,1,1,1,1,1,1,1,1,0,0,1,1
1297,NA,NA,NH,2023-05-08,NA,NA,NA,NA,NA,NA,NA,NA,NA,NA,NA,NA,NA,NA,NA,NA,NA,NA
1298,1.06575730847993,0.73346235883063,NH,2023-05-09,1,1,0,1,1,1,1,1,1,1,1,0,1,0,1,1,1,1
1299,NA,NA,NH,2023-05-10,NA,NA,NA,NA,NA,NA,NA,NA,NA,NA,NA,NA,NA,NA,NA,NA,NA,NA
1300,0.117494276862096,0.114278046264857,NH,2023-05-11,1,1,1,1,1,1,1,1,1,1,1,1,1,1,1,1,1,1
1301,NA,NA,NH,2023-05-12,NA,NA,NA,NA,NA,NA,NA,NA,NA,NA,NA,NA,NA,NA,NA,NA,NA,NA
1302,NA,NA,NH,2023-05-13,NA,NA,NA,NA,NA,NA,NA,NA,NA,NA,NA,NA,NA,NA,NA,NA,NA,NA
1303,1.50684330725193,0.0586476045375215,NJ,2023-04-02,1,1,1,0,1,1,1,1,1,1,1,1,0,0,0,1,1,1
1304,0.830308720068659,0.1093795236844945,NJ,2023-04-03,1,1,1,1,1,1,1,1,1,1,1,1,1,0,0,0,0,1
1305,3.39778062667936,0.287287317627736,NJ,2023-04-04,1,1,1,0,0,1,0,0,1,1,0,1,0,0,0,0,0,1
1306,1.45161183448122,0.2039035335115685,NJ,2023-04-05,1,1,1,0,1,1,1,1,1,1,1,1,0,0,0,0,1,1
1307,0.849813063100505,0.1714506908294105,NJ,2023-04-06,1,1,1,1,1,1,1,1,1,1,1,1,0,0,1,1,1,1
1308,1.45182544911327,0.02265877413148775,NJ,2023-04-07,1,1,1,1,0,1,1,1,1,1,1,1,0,0,1,0,1,1
1309,0.798582941366948,0.091364800823304,NJ,2023-04-08,1,1,1,1,1,1,1,1,1,1,1,1,1,0,1,0,1,1
1310,0.576459677656856,0.205510710206747,NJ,2023-04-09,1,1,1,1,1,1,1,1,1,1,1,1,1,0,0,0,1,1
1311,2.21716706682405,0.271986534020671,NJ,2023-04-10,1,0,1,1,0,1,1,1,0,1,0,1,1,0,1,0,1,0
1312,0.753113360001399,0.1797864365507285,NJ,2023-04-11,1,1,1,1,1,1,1,1,1,1,1,1,1,0,1,0,1,1
1313,2.27954415663975,0.195060958342655,NJ,2023-04-12,1,1,1,0,1,0,1,1,0,1,1,1,0,0,0,0,1,0
1314,0.697648615665926,0.1904559306230085,NJ,2023-04-13,1,1,1,1,1,1,1,1,1,1,1,1,1,0,0,0,1,1
1315,0.986083515874089,0.197334545927435,NJ,2023-04-14,1,1,1,0,1,1,1,1,1,1,1,1,0,0,1,1,1,1
1316,0.8936276978866,0.278146117580355,NJ,2023-04-15,1,1,1,1,1,1,1,1,1,1,1,1,1,0,1,0,1,1
1317,1.66577876039595,0.2385353501684395,NJ,2023-04-16,1,1,1,1,1,0,0,1,1,1,1,1,1,0,0,0,1,1
1318,1.79657251390524,0.187057654266039,NJ,2023-04-17,1,1,1,1,1,1,0,0,1,1,1,1,1,0,0,0,0,1
1319,1.26658515426601,0.187919293526131,NJ,2023-04-18,1,1,1,1,1,1,1,1,1,1,1,1,1,0,0,1,1,1
1320,1.94176750847931,0.2742607269324905,NJ,2023-04-19,1,1,1,0,1,1,1,0,1,1,1,1,0,0,0,0,0,1
1321,1.56345264124429,0.2538327326619455,NJ,2023-04-20,1,1,1,0,1,1,1,1,1,1,1,1,0,0,0,1,0,1
1322,1.5723577192112,0.2776649987948415,NJ,2023-04-21,1,1,1,1,1,0,1,0,0,1,1,1,1,0,0,0,0,0
1323,1.3382363856463,0.1519414900605835,NJ,2023-04-22,1,1,1,1,0,1,1,1,1,1,1,1,1,0,0,0,1,1
1324,1.17564920984191,0.1952054809761325,NJ,2023-04-23,1,1,1,1,1,1,1,1,1,1,1,1,1,0,1,0,0,1
1325,2.67842952309987,0.284351324619799,NJ,2023-04-24,1,1,1,0,1,1,0,1,0,1,1,1,0,0,0,0,1,0
1326,4.74236920822484,0.2415150547156275,NJ,2023-04-25,1,1,1,1,0,1,0,1,1,1,1,1,1,0,0,0,1,1
1327,2.43958249977603,0.3143571695534985,NJ,2023-04-26,1,1,1,0,1,1,0,1,1,1,1,1,0,0,0,0,1,1
1328,1.19127675274221,0.3014768304892965,NJ,2023-04-27,1,1,1,1,1,1,1,1,0,1,1,1,1,0,1,1,1,0
1329,1.22274389238533,0.359729968445103,NJ,2023-04-28,1,1,1,1,1,1,1,0,1,1,1,1,0,0,1,0,0,1
1330,0.677050611862135,0.1822799048659895,NJ,2023-04-29,1,1,1,1,1,1,1,1,1,1,1,1,1,0,0,0,1,1
1331,0.294002045279558,0.1969701498481195,NJ,2023-04-30,1,1,1,1,1,1,1,1,1,1,1,1,1,1,1,1,1,1
1332,6.8886969278427,0.2714732208361465,NJ,2023-05-01,1,1,1,0,0,0,0,1,0,1,1,1,0,0,0,0,1,0
1333,2.84654769346198,0.346532553383954,NJ,2023-05-02,1,1,1,0,0,1,0,1,0,1,1,1,0,0,0,0,1,0
1334,4.71821659768522,0.324606804558786,NJ,2023-05-03,1,0,1,1,0,0,0,1,0,1,0,1,1,0,0,0,1,0
1335,6.66627246159142,0.2811687703620335,NJ,2023-05-04,1,1,1,1,0,1,0,1,1,1,1,1,1,0,0,0,1,1
1336,6.44859029431344,0.372220956496505,NJ,2023-05-05,1,1,1,0,0,1,0,1,1,1,1,1,0,0,0,0,0,1
1337,4.06819727616518,0.3491892915090855,NJ,2023-05-06,1,1,1,0,0,1,0,1,1,1,1,1,0,0,0,0,1,1
1338,2.53654225902066,0.4137871992497185,NJ,2023-05-07,1,1,0,1,0,1,0,1,1,1,1,0,1,0,1,0,0,1
1339,5.72918673625663,0.3966910666999075,NJ,2023-05-08,1,1,1,0,0,1,0,1,0,1,1,1,0,0,0,0,0,0
1340,4.70473488432971,0.497831441859609,NJ,2023-05-09,1,1,1,0,1,0,0,1,0,1,1,1,0,0,0,0,1,0
1341,2.84299567732187,0.3358583571995595,NJ,2023-05-10,1,1,1,0,0,1,1,1,1,1,1,1,0,0,0,0,1,1
1342,4.0109013727924,0.4198470989339755,NJ,2023-05-11,1,1,0,1,0,1,0,1,1,1,1,0,1,0,1,0,1,1
1343,3.57743773122898,0.428213711782775,NJ,2023-05-12,1,1,1,1,0,0,0,0,1,1,1,1,1,0,0,0,0,1
1344,1.72249335939395,0.362486780579179,NJ,2023-05-13,1,1,1,1,0,1,0,1,1,1,1,1,1,0,1,0,1,1
1345,0.207093673136401,0.002252029501686905,NM,2023-04-02,1,1,1,1,1,1,1,1,1,1,1,1,1,0,0,1,1,1
1346,0.594513308326544,0.0360474933087668,NM,2023-04-03,1,1,1,1,1,1,1,1,1,1,1,0,1,0,0,1,1,1
1347,1.65085785285267,0.0877159735252125,NM,2023-04-04,1,1,1,1,1,1,0,0,0,1,1,1,1,0,0,0,0,0
1348,4.23877240817731,0.17872940411273,NM,2023-04-05,1,1,1,0,0,0,1,1,1,1,1,0,0,0,0,1,1,1
1349,0.210438934464594,0.00225289543491278,NM,2023-04-06,1,1,1,1,1,1,1,1,1,1,1,1,1,1,1,1,1,1
1350,0.503702385040953,0.00227682983188334,NM,2023-04-07,1,1,1,1,1,1,1,1,1,1,1,1,1,1,1,1,1,1
1351,0.673752933312763,0.072208654890684,NM,2023-04-08,1,1,1,1,1,0,1,1,1,1,1,1,1,0,0,1,1,1
1352,0.216969958992602,0.002350888878573985,NM,2023-04-09,1,1,1,1,1,1,1,1,1,1,1,1,1,1,1,1,1,1
1353,0.375146421857724,0.00240066964001875,NM,2023-04-10,1,1,1,1,1,1,1,1,1,1,1,1,1,1,1,1,1,1
1354,0.86245583854431,0.087712331656246,NM,2023-04-11,1,1,1,1,1,1,1,0,1,1,1,1,1,1,1,0,0,1
1355,0.720317690424048,0.0283309523219778,NM,2023-04-12,1,1,1,1,1,1,1,1,1,1,1,1,1,0,1,0,1,1
1356,1.82946231069436,0.1270030685437295,NM,2023-04-13,1,1,1,1,0,0,0,1,1,1,1,1,1,1,0,0,1,1
1357,0.562620142708003,0.055612037287356,NM,2023-04-14,1,1,1,1,1,1,1,1,1,1,1,1,1,0,0,1,1,1
1358,2.65167085155921,0.169384217462843,NM,2023-04-15,1,1,1,1,0,0,0,1,0,1,1,1,1,0,0,0,1,0
1359,0.893908923083082,0.0698244283452125,NM,2023-04-16,1,1,1,1,1,1,1,1,0,1,1,1,1,0,1,1,1,0
1360,0.950608950436216,0.1063260365928135,NM,2023-04-17,1,1,0,1,1,1,1,1,1,1,1,0,1,0,1,1,1,1
1361,1.34364823855839,0.168803679813038,NM,2023-04-18,1,1,1,1,0,1,1,0,1,1,1,1,1,0,1,1,0,1
1362,0.984262156725044,0.225575795036054,NM,2023-04-19,1,1,1,1,0,0,1,1,1,1,1,1,1,0,0,1,1,1
1363,0.331609021408892,0.003373960012850235,NM,2023-04-20,1,1,1,1,1,1,1,1,1,1,1,1,1,1,1,1,1,1
1364,0.542611990248826,0.00352343627916874,NM,2023-04-21,1,1,1,1,1,1,1,1,1,1,1,1,1,0,0,1,1,1
1365,0.63026128191079,0.003683825533985135,NM,2023-04-22,1,1,1,1,1,1,1,1,1,1,1,1,1,0,0,0,1,1
1366,0.737243754214036,0.1137445318259265,NM,2023-04-23,1,1,1,1,1,0,1,1,1,1,1,1,1,0,0,1,1,1
1367,0.716196762785125,0.004039402460962145,NM,2023-04-24,1,1,1,1,1,1,1,1,1,1,1,1,1,1,1,1,1,1
1368,0.882880404634497,0.098255432599567,NM,2023-04-25,1,1,1,1,1,1,1,1,1,1,1,1,1,0,0,0,1,1
1369,1.66931300813493,0.15468617075929,NM,2023-04-26,1,1,1,0,0,1,1,1,1,1,1,1,0,0,1,0,1,1
1370,1.10681161493901,0.076929399291561,NM,2023-04-27,1,1,1,1,1,0,1,1,1,1,1,1,1,1,0,0,1,1
1371,0.284213865751493,0.004906819591980795,NM,2023-04-28,1,1,1,1,1,1,1,1,1,1,1,1,1,1,1,1,1,1
1372,0.113708317915592,0.0051603708115102,NM,2023-04-29,1,1,1,1,1,1,1,1,1,1,1,1,1,1,1,1,1,1
1373,0.0514107453938308,0.00543023611879065,NM,2023-04-30,1,1,1,1,1,1,1,1,1,1,1,1,1,1,1,1,1,1
1374,0.681821864810563,0.0445060144576593,NM,2023-05-01,1,1,1,1,1,1,1,1,1,1,1,1,1,0,0,1,0,1
1375,0.648249922901957,0.074736689137716,NM,2023-05-02,1,1,1,1,1,1,1,1,1,1,1,1,1,0,1,0,1,1
1376,2.10457187108997,0.147307498964742,NM,2023-05-03,1,1,1,1,0,0,1,1,1,1,1,1,1,0,0,0,1,1
1377,1.08784682810167,0.1406486022350625,NM,2023-05-04,1,1,1,1,1,1,1,0,1,1,1,0,1,0,0,0,0,1
1378,0.582553260817956,0.071496180268038,NM,2023-05-05,1,1,1,1,1,1,1,1,1,1,1,1,1,0,0,1,1,1
1379,0.0396164136118397,0.0074480542804508,NM,2023-05-06,1,1,1,1,1,1,1,1,1,1,1,1,1,1,1,1,1,1
1380,0.0398436903018098,0.0078615837273441,NM,2023-05-07,1,1,1,1,1,1,1,1,1,1,1,1,1,1,1,1,1,1
1381,0.630316547768979,0.1171718960572235,NM,2023-05-08,1,1,1,1,1,1,1,1,1,1,1,1,1,0,1,0,1,1
1382,0.595080397235638,0.0809920095925235,NM,2023-05-09,1,1,1,1,1,1,1,1,1,1,1,1,1,0,0,1,1,1
1383,4.48910483142167,0.3429341570392495,NM,2023-05-10,1,1,1,1,0,0,1,0,1,1,1,1,1,0,0,0,0,1
1384,1.20320948620681,0.179440008482255,NM,2023-05-11,1,1,1,0,1,1,1,1,1,1,1,1,0,0,1,1,1,1
1385,1.06675608542228,0.1831173092866765,NM,2023-05-12,1,1,1,1,1,1,1,0,1,1,1,1,1,0,1,0,1,1
1386,0.0499100243713694,0.0109369172232685,NM,2023-05-13,1,1,1,1,1,1,1,1,1,1,1,1,1,1,1,1,1,1
1387,0.94438488966854806,0.1190863643425545,NV,2023-04-02,1,1,0,1,1,1,1,1,1,1,1,1,1,0,0,1,1,1
1388,0.0181663261965861,0.00374434821230941,NV,2023-04-03,1,1,1,1,1,1,1,1,1,1,1,1,1,1,1,1,1,1
1389,0.12240667817169,0.00391812154744377,NV,2023-04-04,1,1,1,1,1,1,1,1,1,1,1,1,1,1,1,1,1,1
1390,0.138199717433677,0.004107985161760545,NV,2023-04-05,1,1,1,1,1,1,1,1,1,1,1,1,1,1,1,1,1,1
1391,0.230847857213409,0.00431463225714096,NV,2023-04-06,1,1,1,1,1,1,1,1,1,1,1,1,1,1,1,1,1,1
1392,1.55186047921489,0.2283810386925685,NV,2023-04-07,1,1,1,1,0,1,1,1,0,1,1,1,1,0,1,1,1,0
1393,1.32372531928812,0.1829146318977555,NV,2023-04-08,1,1,0,1,0,1,1,1,1,1,1,0,1,0,0,1,1,1
1394,0.0220783938859901,0.0050434182492249,NV,2023-04-09,1,1,1,1,1,1,1,1,1,1,1,1,1,1,1,1,1,1
1395,1.18313085391517,0.1662791025231525,NV,2023-04-10,1,1,0,1,0,1,1,1,1,1,1,0,1,1,0,1,1,1
1396,0.87255361618887906,0.112049678043964,NV,2023-04-11,1,1,1,1,1,1,1,1,1,1,1,1,1,0,0,1,1,1
1397,0.0306000910095628,0.005956011149144,NV,2023-04-12,1,1,1,1,1,1,1,1,1,1,1,1,1,1,1,1,1,1
1398,3.94894297409211,0.3462849187716885,NV,2023-04-13,1,1,1,1,0,0,1,0,0,1,1,1,1,0,0,1,1,0
1399,0.00959275199822242,0.0066821009376308,NV,2023-04-14,1,1,1,1,1,1,1,1,1,1,1,1,1,1,1,1,1,1
1400,1.03108836610534,0.1885542178250995,NV,2023-04-15,1,1,1,1,1,1,1,1,0,1,1,1,1,0,1,1,1,0
1401,1.60129140303035,0.2441273815635655,NV,2023-04-16,1,1,1,1,0,0,1,1,1,1,1,1,1,0,0,1,1,1
1402,0.456178053793171,0.0079760850302998,NV,2023-04-17,1,1,1,1,1,1,1,1,1,1,1,1,1,0,0,1,1,1
1403,0.908612793247342,0.135458168285725,NV,2023-04-18,1,1,1,1,1,1,0,1,1,1,1,1,1,1,1,1,1,1
1404,1.15896981427337,0.171402913660162,NV,2023-04-19,1,1,1,1,0,0,1,1,1,1,1,1,1,0,0,1,1,1
1405,0.189739826505827,0.00955631423077135,NV,2023-04-20,1,1,1,1,1,1,1,1,1,1,1,1,1,1,1,1,1,1
1406,1.84402542651103,0.1696704365621625,NV,2023-04-21,1,1,1,1,1,1,0,1,1,1,1,1,1,1,0,0,1,1
1407,1.41409111248449,0.2886865267407305,NV,2023-04-22,1,1,1,1,0,1,0,1,1,1,1,1,1,0,0,0,1,1
1408,0.905085913428601,0.1355810063670035,NV,2023-04-23,1,1,1,1,1,1,0,1,1,1,1,1,1,1,0,0,1,1
1409,1.0597163501123,0.012202327042162,NV,2023-04-24,1,1,1,1,0,1,1,1,1,1,1,1,1,0,0,1,1,1
1410,2.73760528377034,0.511659321434555,NV,2023-04-25,1,1,1,1,0,1,0,1,1,1,1,1,1,0,0,0,1,1
1411,1.01716693501999,0.23168061083482,NV,2023-04-26,1,1,1,1,1,1,1,1,0,1,1,1,1,1,1,0,1,0
1412,0.700518561655947,0.2681829787407995,NV,2023-04-27,1,1,1,1,1,1,1,1,1,1,1,1,1,1,1,1,1,1
1413,0.936081811664315,0.1093752820920445,NV,2023-04-28,1,1,1,1,1,1,0,1,1,1,1,1,1,0,1,0,1,1
1414,0.40900025033626,0.1408594851915605,NV,2023-04-29,1,1,1,1,1,1,1,1,1,1,1,1,1,1,1,1,1,1
1415,1.5402546807539,0.3127571229657595,NV,2023-04-30,1,1,1,1,0,0,1,1,1,1,1,1,1,0,0,1,1,1
1416,1.45256504489079,0.228656921357057,NV,2023-05-01,1,1,1,0,0,1,1,1,1,1,1,1,0,0,0,1,1,1
1417,3.23237345687317,0.378446321042984,NV,2023-05-02,1,1,1,1,0,1,0,0,1,1,1,1,1,0,0,0,0,1
1418,1.07331725686802,0.0951998719848905,NV,2023-05-03,1,1,1,1,1,1,0,1,1,1,1,1,1,0,1,0,1,1
1419,2.23801568608198,0.2674040334214165,NV,2023-05-04,1,1,1,0,0,1,0,1,1,1,1,1,0,1,0,0,0,1
1420,0.382788308468499,0.16305277345754501,NV,2023-05-05,1,1,1,1,1,1,1,1,1,1,1,1,1,1,0,0,1,1
1421,NA,NA,NV,2023-05-06,NA,NA,NA,NA,NA,NA,NA,NA,NA,NA,NA,NA,NA,NA,NA,NA,NA,NA
1422,2.77373345918087,0.53468630534406,NV,2023-05-07,1,1,1,1,0,0,1,1,1,1,1,1,1,0,0,1,1,1
1423,0.882365233120186,0.2231526260539315,NV,2023-05-08,1,1,1,1,1,1,0,1,1,1,1,1,1,0,1,0,1,1
1424,0.858635649619418,0.1908692131143985,NV,2023-05-09,1,1,1,1,1,1,1,1,1,1,1,1,1,0,0,0,1,1
1425,0.83464990578304,0.2173596228097725,NV,2023-05-10,1,1,1,1,1,1,1,1,1,1,1,1,1,0,0,1,1,1
1426,0.928397892937875,0.141948079117825,NV,2023-05-11,1,1,1,1,1,1,0,1,1,1,1,1,1,1,0,0,1,1
1427,0.157299866604491,0.0365549047796708,NV,2023-05-12,1,1,1,1,1,1,1,1,1,1,1,1,1,1,1,1,1,1
1428,0.0438771919359868,0.03878690898611055,NV,2023-05-13,1,1,1,1,1,1,1,1,1,1,1,1,1,1,1,1,1,1
1429,2.31828318262193,0.1890287818329655,NY,2023-04-02,1,1,0,1,0,1,1,1,1,1,1,0,1,0,0,0,1,1
1430,4.38686235900593,0.1873942030219535,NY,2023-04-03,1,1,1,0,0,1,1,0,0,1,1,1,0,0,0,0,0,0
1431,1.56361748326463,0.1274592810316195,NY,2023-04-04,1,1,1,0,1,1,1,1,1,1,1,1,0,1,0,0,0,1
1432,2.09635926396962,0.19162500169757,NY,2023-04-05,1,1,0,0,0,1,0,1,1,1,1,0,0,1,0,0,0,1
1433,1.71317483428536,0.1668421510522955,NY,2023-04-06,1,1,1,1,1,1,0,1,0,1,1,1,0,0,0,0,0,0
1434,1.92774531016217,0.1638652859207775,NY,2023-04-07,1,1,1,1,1,1,0,1,1,1,1,1,1,1,1,0,0,1
1435,1.36427596634233,0.1866106951776215,NY,2023-04-08,1,1,1,1,1,0,1,1,1,1,1,1,1,0,1,0,1,1
1436,0.89333916146489,0.1926493137197315,NY,2023-04-09,1,1,1,0,1,1,1,1,1,1,1,1,0,0,0,1,1,1
1437,1.8510063834853001,0.1312105643439945,NY,2023-04-10,1,0,1,1,1,1,1,1,0,1,0,1,1,0,0,0,0,0
1438,2.37100200834426,0.1246666048720725,NY,2023-04-11,1,1,1,0,1,0,1,1,0,1,1,1,0,0,0,0,0,0
1439,2.64948248364295,0.154125866376984,NY,2023-04-12,1,1,0,0,1,0,0,1,1,1,1,0,0,1,0,0,0,1
1440,1.2693908162478,0.170763290762637,NY,2023-04-13,1,1,1,0,1,1,1,1,1,1,1,1,0,0,0,0,1,1
1441,1.39701458478998,0.1555190748743905,NY,2023-04-14,1,1,1,1,1,1,0,1,1,1,1,1,1,0,0,0,1,1
1442,1.72625250595794,0.2490617559917755,NY,2023-04-15,1,1,1,0,1,1,1,1,0,1,1,1,0,0,1,0,1,0
1443,1.66866721722049,0.1468711505856375,NY,2023-04-16,1,1,1,1,1,1,1,1,1,1,1,1,1,0,0,0,1,1
1444,2.85240755562015,0.129715893844499,NY,2023-04-17,1,1,1,1,0,1,0,1,1,1,1,1,1,0,0,0,0,1
1445,3.12780586298516,0.199982009545888,NY,2023-04-18,1,1,1,0,1,1,0,1,0,1,1,1,0,0,0,1,0,0
1446,3.7132469353261,0.228788372696406,NY,2023-04-19,1,1,1,1,1,0,1,1,0,1,1,1,1,0,0,0,0,0
1447,3.3353954140636,0.22857809100174,NY,2023-04-20,1,1,1,0,1,0,0,1,1,1,1,1,0,0,0,0,0,1
1448,3.7291042289427,0.1320476994010785,NY,2023-04-21,1,1,1,0,0,1,0,1,1,1,1,1,0,0,1,0,1,1
1449,2.62479985439301,0.1891304238642975,NY,2023-04-22,1,1,1,0,0,1,1,1,1,1,1,1,0,0,0,0,0,1
1450,1.84936774112625,0.2759672459883685,NY,2023-04-23,1,1,1,1,1,0,1,1,1,1,1,1,1,0,0,1,0,1
1451,2.75837967446171,0.252873304467686,NY,2023-04-24,1,1,1,1,1,1,1,1,0,1,1,1,0,0,0,0,0,0
1452,2.49850275945876,0.235650177102046,NY,2023-04-25,1,1,1,0,1,1,1,1,1,1,1,1,0,0,0,1,0,1
1453,1.9177910086773,0.2611861750518095,NY,2023-04-26,1,1,1,1,1,1,0,1,1,1,1,1,1,1,1,1,1,1
1454,6.67912434728746,0.163645893051726,NY,2023-04-27,1,1,0,0,0,0,0,1,1,1,1,0,0,0,0,0,1,1
1455,2.45797302535949,0.2122756189434885,NY,2023-04-28,1,1,1,1,0,0,1,1,1,1,1,1,1,0,0,1,0,1
1456,1.79887835268626,0.2986579003913555,NY,2023-04-29,1,1,1,1,1,1,0,1,1,1,1,1,1,1,0,0,0,1
1457,2.14140338407603,0.3213327141369805,NY,2023-04-30,1,1,0,0,1,1,0,1,1,1,1,0,0,0,0,0,1,1
1458,5.88390691031771,0.2588579834257865,NY,2023-05-01,1,1,0,0,0,0,1,1,0,1,1,0,0,0,0,0,1,0
1459,2.88126574138027,0.3138680043814845,NY,2023-05-02,1,1,1,0,1,1,1,1,1,1,1,1,0,0,0,0,0,1
1460,8.17091059496697,0.2107326056729975,NY,2023-05-03,1,1,1,1,0,1,0,0,1,1,1,1,1,0,0,0,0,1
1461,8.17719301632345,0.26808612594787,NY,2023-05-04,1,1,1,0,0,0,1,0,0,1,1,1,0,0,0,0,1,0
1462,5.55723577982986,0.285960311924228,NY,2023-05-05,1,1,1,0,0,1,0,0,1,1,1,1,0,0,0,0,0,1
1463,1.76704786834065,0.3753603159036375,NY,2023-05-06,1,1,1,0,1,1,1,1,1,1,1,1,0,0,0,0,0,1
1464,5.13413026494687,0.2738107780479105,NY,2023-05-07,1,1,1,1,0,0,1,1,1,1,1,1,1,0,0,1,0,1
1465,6.37868079725492,0.3472266555464575,NY,2023-05-08,1,1,1,0,0,0,0,1,0,1,1,1,0,0,0,0,0,0
1466,5.21467026046996,0.301465731648875,NY,2023-05-09,1,1,1,1,0,1,1,0,1,1,1,1,1,0,0,0,0,1
1467,8.27167864582003,0.3502759025443235,NY,2023-05-10,1,1,1,0,0,0,0,0,0,1,1,1,0,0,0,0,0,0
1468,4.59756762886606,0.3387434347184515,NY,2023-05-11,1,1,1,0,0,0,1,1,1,1,1,1,0,0,0,0,1,1
1469,7.94299389504016,0.325619159760369,NY,2023-05-12,1,1,1,1,0,1,0,0,0,1,1,1,1,0,0,0,0,0
1470,0.855405745844341,0.3366751693932485,NY,2023-05-13,1,1,1,1,1,1,1,1,1,1,1,1,1,0,0,0,1,1
1471,0.524847304990308,0.063191443780107,OH,2023-04-02,1,1,1,1,1,1,1,1,1,1,1,1,1,0,0,1,1,1
1472,0.468561071373122,0.00406736936315506,OH,2023-04-03,1,1,1,1,1,1,1,1,1,1,1,1,1,0,1,0,1,1
1473,0.580348049577598,0.0508124281402035,OH,2023-04-04,1,1,1,1,1,1,1,1,1,1,1,1,1,0,0,1,1,1
1474,1.80457493657615,0.169850402285775,OH,2023-04-05,1,1,0,1,0,1,1,1,1,1,1,1,1,0,1,0,1,1
1475,1.42500222308505,0.1439204447934705,OH,2023-04-06,1,1,1,1,0,0,1,1,1,1,1,0,1,0,0,0,1,1
1476,3.3579059295604,0.262341729319727,OH,2023-04-07,1,1,0,1,0,1,1,1,1,1,1,0,1,0,0,0,1,1
1477,0.679360942861359,0.115034149652728,OH,2023-04-08,1,1,1,1,1,1,0,1,1,1,1,1,1,1,1,1,1,1
1478,0.0639266175844728,0.0055018766952245,OH,2023-04-09,1,1,1,1,1,1,1,1,1,1,1,1,1,1,1,1,1,1
1479,0.81028020781147,0.139450990522607,OH,2023-04-10,1,1,1,1,1,1,1,1,1,1,1,1,1,0,0,0,1,1
1480,0.634787266655051,0.1022370305968845,OH,2023-04-11,1,1,1,1,1,1,1,1,1,1,1,1,1,0,0,1,1,1
1481,1.66262750007226,0.2050160984959735,OH,2023-04-12,1,1,1,1,0,1,0,1,1,1,1,1,1,0,1,0,1,1
1482,0.74837119512375,0.1782257142349435,OH,2023-04-13,1,1,1,1,1,0,1,1,1,1,1,1,1,0,0,1,1,1
1483,1.58620488938765,0.3563630914550265,OH,2023-04-14,1,1,1,0,0,0,1,1,1,1,1,1,0,0,1,1,1,1
1484,0.537786848947128,0.084658647763955,OH,2023-04-15,1,1,1,1,1,1,1,1,1,1,1,1,1,0,1,0,1,1
1485,0.366230472101409,0.00869665910209955,OH,2023-04-16,1,1,1,1,1,1,1,1,1,1,1,1,1,1,1,1,1,1
1486,1.23027310314425,0.1792330730070395,OH,2023-04-17,1,1,1,0,1,1,1,1,1,1,1,1,0,0,0,0,1,1
1487,0.110312182300844,0.01005325167170245,OH,2023-04-18,1,1,1,1,1,1,1,1,1,1,1,1,1,1,1,1,1,1
1488,0.69361304076601,0.01082810306934845,OH,2023-04-19,1,1,1,1,1,1,1,1,1,1,1,1,1,0,0,1,1,1
1489,0.0596529140218062,0.01167486679889095,OH,2023-04-20,1,1,1,1,1,1,1,1,1,1,1,1,1,1,1,1,1,1
1490,0.415084515217055,0.01259979512660405,OH,2023-04-21,1,1,1,1,1,1,1,1,1,1,1,1,1,1,1,1,1,1
1491,0.25244936132202,0.01360964878250385,OH,2023-04-22,1,1,1,1,1,1,1,1,1,1,1,1,1,0,1,0,1,1
1492,NA,NA,OH,2023-04-23,NA,NA,NA,NA,NA,NA,NA,NA,NA,NA,NA,NA,NA,NA,NA,NA,NA,NA
1493,0.395333806119065,0.0159138737214197,OH,2023-04-24,1,1,1,1,1,1,1,1,1,1,1,1,1,1,1,1,1,1
1494,1.64886806073704,0.3335787115531255,OH,2023-04-25,1,1,1,1,0,0,1,1,1,1,1,1,1,0,0,1,1,1
1495,0.20870852694325,0.0186527652897973,OH,2023-04-26,1,1,1,1,1,1,1,1,1,1,1,1,1,1,1,1,1,1
1496,0.201309910678366,0.02020821968942085,OH,2023-04-27,1,1,1,1,1,1,1,1,1,1,1,1,1,1,1,1,1,1
1497,0.206380683987415,0.02190121083522635,OH,2023-04-28,1,1,1,1,1,1,1,1,1,1,1,1,1,1,1,1,1,1
1498,0.0397679964384122,0.02374269659885025,OH,2023-04-29,1,1,1,1,1,1,1,1,1,1,1,1,1,0,0,1,1,1
1499,0.131699073150436,0.02574428959749785,OH,2023-04-30,1,1,1,1,1,1,1,1,1,1,1,1,1,1,1,1,1,1
1500,0.608360170416562,0.104109033392412,OH,2023-05-01,1,1,1,1,1,1,1,1,1,1,1,1,1,0,0,1,1,1
1501,1.29659618293873,0.337195622167127,OH,2023-05-02,1,1,1,0,1,1,1,1,1,1,1,1,0,0,0,1,1,1
1502,0.927152531512681,0.2304102291088495,OH,2023-05-03,1,1,1,0,1,1,1,1,1,1,1,1,0,0,1,1,1,1
1503,0.718678086432328,0.0356065847899592,OH,2023-05-04,1,1,1,1,1,1,1,1,1,1,1,1,1,1,1,1,1,1
1504,1.17950412101345,0.3886873306345235,OH,2023-05-05,1,1,0,1,1,1,1,1,1,1,1,0,1,0,1,0,1,1
1505,0.203640610280898,0.04184673128505455,OH,2023-05-06,1,1,1,1,1,1,1,1,1,1,1,1,1,1,1,1,1,1
1506,0.946923631517536,0.1438456684072765,OH,2023-05-07,1,1,1,1,1,1,1,1,1,1,1,1,1,0,1,0,1,1
1507,0.0792603344064789,0.0491211370908542,OH,2023-05-08,1,1,1,1,1,1,1,1,1,1,1,1,1,1,1,1,1,1
1508,1.31826117084978,0.1037916036193515,OH,2023-05-09,1,1,1,1,0,1,1,1,1,1,1,1,1,1,0,0,1,1
1509,0.968193830047062,0.1672191522567565,OH,2023-05-10,1,1,1,1,1,1,1,1,1,1,1,1,1,0,0,1,1,1
1510,0.107808031202597,0.0622546602842675,OH,2023-05-11,1,1,1,1,1,1,1,1,1,1,1,1,1,1,1,1,1,1
1511,0.963218137687801,0.421326595903351,OH,2023-05-12,1,1,1,1,1,1,1,1,0,1,1,1,1,0,1,1,1,0
1512,0.809028615152779,0.3847289227518695,OH,2023-05-13,1,1,1,1,1,0,1,1,1,1,1,1,1,1,0,0,1,1
1513,0.0451810892386539,0.00765318567139025,OK,2023-04-02,1,1,1,1,1,1,1,1,1,1,1,1,1,1,1,1,1,1
1514,0.531176322489469,0.00793252027793015,OK,2023-04-03,1,1,1,1,1,1,1,1,1,1,1,1,1,0,1,0,1,1
1515,1.26499942012849,0.2233956521703585,OK,2023-04-04,1,1,1,1,0,1,1,1,0,1,1,1,1,0,1,0,1,0
1516,2.57527576543131,0.4350647593577585,OK,2023-04-05,1,1,1,1,0,0,0,1,1,1,1,1,1,0,0,0,1,1
1517,NA,NA,OK,2023-04-06,NA,NA,NA,NA,NA,NA,NA,NA,NA,NA,NA,NA,NA,NA,NA,NA,NA,NA
1518,1.043435063722,0.301937304768031,OK,2023-04-07,1,1,1,1,1,1,1,1,0,1,1,1,1,0,1,1,1,0
1519,NA,NA,OK,2023-04-08,NA,NA,NA,NA,NA,NA,NA,NA,NA,NA,NA,NA,NA,NA,NA,NA,NA,NA
1520,NA,NA,OK,2023-04-09,NA,NA,NA,NA,NA,NA,NA,NA,NA,NA,NA,NA,NA,NA,NA,NA,NA,NA
1521,NA,NA,OK,2023-04-10,NA,NA,NA,NA,NA,NA,NA,NA,NA,NA,NA,NA,NA,NA,NA,NA,NA,NA
1522,0.0193189067538196,0.01293137899121045,OK,2023-04-11,1,1,1,1,1,1,1,1,1,1,1,1,1,1,1,1,1,1
1523,0.022787859479992,0.0140043032029662,OK,2023-04-12,1,1,1,1,1,1,1,1,1,1,1,1,1,1,1,1,1,1
1524,0.0794796017043701,0.01520794185329285,OK,2023-04-13,1,1,1,1,1,1,1,1,1,1,1,1,1,0,1,0,1,1
1525,0.463036148188531,0.124186082327025,OK,2023-04-14,1,1,1,1,1,1,1,1,1,1,1,1,1,1,1,1,1,1
1526,NA,NA,OK,2023-04-15,NA,NA,NA,NA,NA,NA,NA,NA,NA,NA,NA,NA,NA,NA,NA,NA,NA,NA
1527,0.0326500050260804,0.01972919803599885,OK,2023-04-16,1,1,1,1,1,1,1,1,1,1,1,1,1,1,1,1,1,1
1528,1.04545903055892,0.737149914137025,OK,2023-04-17,1,1,1,1,0,1,0,1,1,1,1,1,1,0,1,0,1,1
1529,NA,NA,OK,2023-04-18,NA,NA,NA,NA,NA,NA,NA,NA,NA,NA,NA,NA,NA,NA,NA,NA,NA,NA
1530,0.113028920484398,0.0259256687958331,OK,2023-04-19,1,1,1,1,1,1,1,1,1,1,1,1,1,1,1,1,1,1
1531,0.036534283993332,0.02844216804408595,OK,2023-04-20,1,1,1,1,1,1,1,1,1,1,1,1,1,1,1,1,1,1
1532,0.041862347727623,0.0312156536898118,OK,2023-04-21,1,1,1,1,1,1,1,1,1,1,1,1,1,1,1,1,1,1
1533,NA,NA,OK,2023-04-22,NA,NA,NA,NA,NA,NA,NA,NA,NA,NA,NA,NA,NA,NA,NA,NA,NA,NA
1534,0.0509587249192592,0.03761527999122385,OK,2023-04-23,1,1,1,1,1,1,1,1,1,1,1,1,1,1,1,1,1,1
1535,3.61543819479979,0.4147682902032765,OK,2023-04-24,1,1,1,1,0,0,1,1,1,1,1,1,1,0,0,0,1,1
1536,0.496576389647957,0.0452946799479681,OK,2023-04-25,1,1,1,1,1,1,1,1,1,1,1,1,1,0,1,0,0,1
1537,0.067342714298129,0.0496695835269693,OK,2023-04-26,1,1,1,1,1,1,1,1,1,1,1,1,1,0,1,0,1,1
1538,0.55674099636365,0.0544311375072615,OK,2023-04-27,1,1,1,1,1,1,1,1,1,1,1,1,1,0,1,0,1,1
1539,0.973791730416965,0.4226755399321815,OK,2023-04-28,1,1,0,1,1,1,1,1,1,1,1,0,1,0,1,1,1,1
1540,NA,NA,OK,2023-04-29,NA,NA,NA,NA,NA,NA,NA,NA,NA,NA,NA,NA,NA,NA,NA,NA,NA,NA
1541,NA,NA,OK,2023-04-30,NA,NA,NA,NA,NA,NA,NA,NA,NA,NA,NA,NA,NA,NA,NA,NA,NA,NA
1542,0.486325005992248,0.077779187744554,OK,2023-05-01,1,1,1,1,1,1,1,1,1,1,1,1,1,0,0,1,1,1
1543,0.993931386743378,0.21626256738868,OK,2023-05-02,1,1,1,1,1,0,1,1,1,1,1,1,1,0,0,1,1,1
1544,0.305492304516781,0.0923140622232805,OK,2023-05-03,1,1,1,1,1,1,1,1,1,1,1,1,1,1,1,1,1,1
1545,0.349811928384216,0.1003563755106815,OK,2023-05-04,1,1,1,1,1,1,1,1,1,1,1,1,1,0,1,0,1,1
1546,0.127258304291461,0.10893251006484,OK,2023-05-05,1,1,1,1,1,1,1,1,1,1,1,1,1,1,1,1,1,1
1547,0.132582295093164,0.118052101951011,OK,2023-05-06,1,1,1,1,1,1,1,1,1,1,1,1,1,1,1,1,1,1
1548,0.149107267427397,0.127721808114647,OK,2023-05-07,1,1,1,1,1,1,1,1,1,1,1,1,1,1,1,1,1,1
1549,0.166554278722913,0.137945055130663,OK,2023-05-08,1,1,1,1,1,1,1,1,1,1,1,1,1,1,1,1,1,1
1550,1.22530051262113,0.25981655307803,OK,2023-05-09,1,1,1,1,1,1,1,0,1,1,1,1,1,1,1,1,1,1
1551,0.174266451967389,0.1600485085590535,OK,2023-05-10,1,1,1,1,1,1,1,1,1,1,1,1,1,1,1,1,1,1
1552,0.354189780229847,0.2301679722427515,OK,2023-05-11,1,1,1,1,1,1,1,1,1,1,1,1,1,1,1,1,1,1
1553,NA,NA,OK,2023-05-12,NA,NA,NA,NA,NA,NA,NA,NA,NA,NA,NA,NA,NA,NA,NA,NA,NA,NA
1554,NA,NA,OK,2023-05-13,NA,NA,NA,NA,NA,NA,NA,NA,NA,NA,NA,NA,NA,NA,NA,NA,NA,NA
1555,0.829472601255155,0.282442673967384,OR,2023-04-02,1,1,1,1,1,0,1,1,1,1,1,0,1,0,0,0,1,1
1556,0.965665198728117,0.422324615904397,OR,2023-04-03,1,1,0,1,1,1,1,1,1,1,1,0,1,0,1,1,1,1
1557,0.89683779404329,0.2251147669007715,OR,2023-04-04,1,1,1,1,1,1,1,1,0,1,1,1,1,0,1,1,1,0
1558,0.857205709070375,0.1075543013691,OR,2023-04-05,1,1,1,1,1,1,1,1,0,1,1,0,1,0,0,1,0,0
1559,0.90568163142532,0.2252550225990365,OR,2023-04-06,1,1,1,1,1,1,1,1,0,1,1,1,1,0,1,1,1,0
1560,0.535892482422013,0.01414832907980845,OR,2023-04-07,1,1,1,1,1,1,1,1,1,1,1,1,1,1,1,1,1,1
1561,4.35144705429588,0.4125437679715625,OR,2023-04-08,1,1,1,1,0,0,0,1,1,1,1,0,1,0,0,0,0,1
1562,0.796211194449121,0.01517925982861515,OR,2023-04-09,1,1,1,1,0,1,1,1,1,1,1,1,1,0,0,1,1,1
1563,2.32984475234615,0.426046991934935,OR,2023-04-10,1,1,1,1,0,1,1,1,0,1,1,0,1,1,1,0,1,0
1564,0.274123532020287,0.016570167140147,OR,2023-04-11,1,1,1,1,1,1,1,1,1,1,1,1,1,1,1,1,1,1
1565,0.909788535421244,0.109367083107216,OR,2023-04-12,1,1,1,1,1,1,1,0,1,1,1,1,1,0,0,0,0,1
1566,0.687172132937758,0.0183664927366092,OR,2023-04-13,1,1,1,1,1,1,1,1,1,1,1,1,1,0,0,0,1,1
1567,2.61021291470788,0.3779868857164675,OR,2023-04-14,1,1,1,0,0,1,1,1,0,1,1,1,0,1,0,1,0,0
1568,0.904839058257508,0.2920631403439535,OR,2023-04-15,1,1,1,1,1,1,1,0,1,1,1,1,1,1,0,1,0,1
1569,1.01827291840597,0.158621615396565,OR,2023-04-16,1,1,1,1,1,0,1,1,1,0,1,0,1,0,0,1,1,1
1570,0.964078980215667,0.0234171246017016,OR,2023-04-17,1,1,1,1,0,1,1,1,1,1,1,0,1,0,1,1,1,0
1571,0.125936187106963,0.0250375611375137,OR,2023-04-18,1,1,1,1,1,1,1,1,1,1,1,1,1,1,1,1,1,1
1572,0.0389572136560368,0.0268226212871274,OR,2023-04-19,1,1,1,1,1,1,1,1,1,1,1,1,1,0,0,1,1,1
1573,0.588339649071997,0.02878430166305315,OR,2023-04-20,1,1,1,1,1,1,1,1,1,1,1,1,1,0,0,1,0,1
1574,0.16182921086121,0.03093524671671845,OR,2023-04-21,1,1,1,1,1,1,1,1,1,1,1,1,1,1,1,1,1,1
1575,0.274177093908386,0.03328869232310715,OR,2023-04-22,1,1,1,1,1,1,1,1,1,1,1,1,1,1,1,1,1,1
1576,1.69893177528113,0.2901553495377385,OR,2023-04-23,1,1,1,1,1,1,1,0,1,1,1,1,1,0,1,1,0,1
1577,1.47759372814354,0.03865855214401085,OR,2023-04-24,1,1,1,1,0,1,1,1,1,1,1,1,1,0,1,0,1,1
1578,0.349187057441981,0.0417036953110204,OR,2023-04-25,1,1,1,1,1,1,1,1,1,1,1,1,0,0,1,1,1,1
1579,0.0617049095015929,0.04500858645002815,OR,2023-04-26,1,1,1,1,1,1,1,1,1,1,1,1,1,0,0,1,1,1
1580,0.241113265916918,0.048588088160068,OR,2023-04-27,1,1,1,1,1,1,1,1,1,1,1,1,1,1,1,1,1,1
1581,0.226808135504962,0.0524570269928355,OR,2023-04-28,1,1,1,1,1,1,1,1,1,1,1,1,1,0,1,1,0,1
1582,3.16598792083728,0.400211232185734,OR,2023-04-29,1,1,1,1,0,0,0,1,1,1,1,1,1,0,1,0,1,1
1583,1.73298710568848,0.3407715455645645,OR,2023-04-30,1,1,1,1,1,1,1,0,1,1,1,1,1,0,0,0,0,1
1584,0.619666470520879,0.2705915386526115,OR,2023-05-01,1,1,1,1,1,1,1,1,1,1,1,1,1,0,0,0,1,1
1585,1.04573549913579,0.2083497544993195,OR,2023-05-02,1,1,0,1,1,1,1,1,1,1,1,0,1,1,1,0,1,1
1586,0.82346521098404,0.144277103490093,OR,2023-05-03,1,1,1,1,1,1,1,1,1,1,1,1,1,0,0,0,1,1
1587,0.795859357016514,0.1982064983407385,OR,2023-05-04,1,1,1,1,1,1,1,1,1,1,1,1,1,0,1,0,0,1
1588,0.67126605038921,0.277499041192925,OR,2023-05-05,1,1,1,1,1,1,1,1,1,1,1,1,1,1,0,0,1,1
1589,1.27411429115874,0.4953069192784875,OR,2023-05-06,1,1,1,1,1,1,1,1,0,1,1,1,1,0,1,0,1,0
1590,0.146911319025384,0.102531411076648,OR,2023-05-07,1,1,1,1,1,1,1,1,1,1,1,1,1,1,1,1,1,1
1591,2.13084696464844,0.3740888623514825,OR,2023-05-08,1,1,1,1,1,0,0,1,1,1,1,1,0,1,0,0,0,1
1592,0.377632249605953,0.2302427668488185,OR,2023-05-09,1,1,1,1,1,1,1,1,1,1,1,1,1,0,1,0,1,1
1593,1.16157991220275,0.2541933458043575,OR,2023-05-10,1,1,1,1,1,1,1,0,1,1,1,1,1,0,0,0,1,1
1594,2.34660367581041,0.207735373529108,OR,2023-05-11,1,1,0,1,0,1,0,1,1,1,1,0,1,0,0,0,1,1
1595,0.935860686839913,0.4177472568929545,OR,2023-05-12,1,1,1,1,1,1,1,0,1,1,1,1,1,1,0,0,1,1
1596,1.77987379297741,0.450273892215938,OR,2023-05-13,1,1,0,1,1,0,0,1,1,1,1,0,1,0,0,0,1,1
1597,0.797433466072688,0.058398328626757,PA,2023-04-02,1,1,1,1,1,1,1,1,1,1,1,0,1,0,0,1,1,1
1598,1.33713989450791,0.096925174873611,PA,2023-04-03,1,1,0,1,1,1,1,1,0,1,1,0,1,0,1,1,1,0
1599,2.19415010774364,0.207636247316304,PA,2023-04-04,1,1,1,1,0,0,0,1,1,1,1,1,1,0,1,0,1,1
1600,0.716472193279742,0.080206868323329,PA,2023-04-05,1,1,1,1,1,1,1,1,1,1,1,1,1,1,0,0,1,1
1601,3.35713828413629,0.290594131303278,PA,2023-04-06,1,1,1,1,0,0,1,0,0,1,1,1,1,0,0,0,0,0
1602,0.855627683385685,0.2212065199076295,PA,2023-04-07,1,1,1,1,1,1,0,1,1,1,1,1,1,0,1,0,1,1
1603,0.922974908329478,0.098591356787486,PA,2023-04-08,1,1,1,1,1,1,1,1,0,1,1,1,1,0,1,1,1,0
1604,0.0564006226725743,0.0121934138394624,PA,2023-04-09,1,1,1,1,1,1,1,1,1,1,1,1,1,1,1,1,1,1
1605,1.19285115145957,0.070682080828309,PA,2023-04-10,1,1,1,0,1,1,1,1,1,1,1,1,0,1,0,1,1,1
1606,1.34594053812408,0.15703653006862,PA,2023-04-11,1,1,0,0,1,1,1,1,1,1,1,0,0,0,1,1,1,1
1607,2.12605947940457,0.2064080710719455,PA,2023-04-12,1,1,1,1,0,1,1,1,0,1,1,1,1,0,0,1,1,0
1608,1.19704534450344,0.0173571538856889,PA,2023-04-13,1,1,1,1,0,1,1,1,1,1,1,1,1,0,1,1,0,1
1609,1.19631278753138,0.160173280153052,PA,2023-04-14,1,1,1,1,1,1,0,1,1,1,1,1,1,0,0,0,1,1
1610,0.567514657181239,0.094684685108493,PA,2023-04-15,1,1,1,1,1,1,1,1,1,1,1,1,1,0,0,1,1,1
1611,0.975972564319772,0.295974964862084,PA,2023-04-16,1,1,1,0,1,1,1,1,1,1,1,1,0,0,1,1,1,1
1612,1.74899325291847,0.220474132289352,PA,2023-04-17,1,1,1,1,1,0,1,1,1,1,1,1,1,0,0,1,1,1
1613,0.597401319171875,0.0272554481145009,PA,2023-04-18,1,1,1,1,1,1,1,1,1,1,1,1,1,1,1,1,1,1
1614,1.00015955781949,0.186918336065022,PA,2023-04-19,1,1,1,1,1,1,1,1,0,1,1,1,1,0,0,0,1,0
1615,1.73888157198696,0.355001368964145,PA,2023-04-20,1,1,1,1,0,1,1,0,0,1,1,1,1,0,1,1,0,0
1616,1.05166052208692,0.03576746249505425,PA,2023-04-21,1,1,1,1,0,1,1,1,1,1,1,1,1,1,1,1,1,1
1617,0.538626909766589,0.132694773546156,PA,2023-04-22,1,1,1,1,1,1,1,1,1,1,1,1,1,0,0,1,1,1
1618,1.88628597111472,0.3118625216756945,PA,2023-04-23,1,1,1,0,1,1,1,1,1,1,1,1,0,0,1,0,1,1
1619,1.37268846592041,0.143942628801657,PA,2023-04-24,1,1,1,1,1,1,1,0,1,1,1,1,1,0,0,0,0,1
1620,0.789812982780502,0.216840876721604,PA,2023-04-25,1,1,1,1,1,1,1,1,1,1,1,1,1,0,1,0,1,1
1621,0.910074845300506,0.236086772212467,PA,2023-04-26,1,1,1,0,1,1,1,1,1,1,1,1,0,0,1,1,1,1
1622,1.5200126435283,0.432137612356381,PA,2023-04-27,1,1,1,1,0,1,1,1,0,1,1,1,1,0,1,0,1,0
1623,1.10255693712403,0.192521603703957,PA,2023-04-28,1,1,1,1,1,1,1,1,1,1,1,1,1,0,0,0,1,1
1624,0.277725688137347,0.0725206178738335,PA,2023-04-29,1,1,1,1,1,1,1,1,1,1,1,1,1,1,1,1,1,1
1625,0.264594736623603,0.078936084279937,PA,2023-04-30,1,1,1,1,1,1,1,1,1,1,1,1,1,1,1,1,1,1
1626,1.74241423576806,0.2054141548934595,PA,2023-05-01,1,1,1,1,1,0,0,1,1,1,1,1,1,0,0,0,1,1
1627,1.76602162057426,0.218571709282667,PA,2023-05-02,1,1,1,1,1,0,0,1,1,1,1,1,1,1,0,0,1,1
1628,1.09917362217415,0.286664565249983,PA,2023-05-03,1,1,1,1,1,1,1,1,0,1,1,1,1,0,0,1,1,0
1629,2.74906986527065,0.397253250252058,PA,2023-05-04,1,1,1,0,0,0,1,1,1,1,1,1,0,0,0,0,1,1
1630,2.46154733675985,0.2964027026021855,PA,2023-05-05,1,1,1,0,1,0,0,0,1,1,1,1,0,0,0,0,0,1
1631,1.71436767324149,0.1819024829971055,PA,2023-05-06,1,1,1,1,0,1,0,1,1,1,1,1,1,0,0,1,1,1
1632,3.19279890102192,0.456458863034564,PA,2023-05-07,1,1,1,1,0,0,0,1,0,1,1,1,1,0,0,0,1,0
1633,3.36806636630477,0.3862502604956275,PA,2023-05-08,1,1,0,0,0,1,1,0,1,1,1,0,0,0,0,0,0,1
1634,1.87431570973902,0.2474043802679525,PA,2023-05-09,1,1,1,0,0,0,1,1,1,1,1,1,0,0,0,0,1,1
1635,1.7896742678013,0.344437179927862,PA,2023-05-10,1,1,1,0,1,1,0,0,1,1,1,1,0,0,0,0,1,1
1636,2.3793218472158,0.3725091478077375,PA,2023-05-11,1,1,0,1,1,0,0,1,1,1,1,0,1,0,0,0,1,1
1637,0.429281655501976,0.251082043840884,PA,2023-05-12,1,1,1,1,1,1,1,1,1,1,1,1,1,0,1,0,1,1
1638,1.04604625536601,0.3308920601410585,PA,2023-05-13,1,1,1,0,1,1,1,1,1,1,1,1,0,0,1,1,1,1
1639,NA,NA,PR,2023-04-02,NA,NA,NA,NA,NA,NA,NA,NA,NA,NA,NA,NA,NA,NA,NA,NA,NA,NA
1640,NA,NA,PR,2023-04-03,NA,NA,NA,NA,NA,NA,NA,NA,NA,NA,NA,NA,NA,NA,NA,NA,NA,NA
1641,NA,NA,PR,2023-04-04,NA,NA,NA,NA,NA,NA,NA,NA,NA,NA,NA,NA,NA,NA,NA,NA,NA,NA
1642,NA,NA,PR,2023-04-05,NA,NA,NA,NA,NA,NA,NA,NA,NA,NA,NA,NA,NA,NA,NA,NA,NA,NA
1643,NA,NA,PR,2023-04-06,NA,NA,NA,NA,NA,NA,NA,NA,NA,NA,NA,NA,NA,NA,NA,NA,NA,NA
1644,NA,NA,PR,2023-04-07,NA,NA,NA,NA,NA,NA,NA,NA,NA,NA,NA,NA,NA,NA,NA,NA,NA,NA
1645,NA,NA,PR,2023-04-08,NA,NA,NA,NA,NA,NA,NA,NA,NA,NA,NA,NA,NA,NA,NA,NA,NA,NA
1646,NA,NA,PR,2023-04-09,NA,NA,NA,NA,NA,NA,NA,NA,NA,NA,NA,NA,NA,NA,NA,NA,NA,NA
1647,NA,NA,PR,2023-04-10,NA,NA,NA,NA,NA,NA,NA,NA,NA,NA,NA,NA,NA,NA,NA,NA,NA,NA
1648,0.00495040534920704,0.00713281262883005,PR,2023-04-11,1,1,1,1,1,1,1,1,1,1,1,1,1,1,1,1,1,1
1649,NA,NA,PR,2023-04-12,NA,NA,NA,NA,NA,NA,NA,NA,NA,NA,NA,NA,NA,NA,NA,NA,NA,NA
1650,NA,NA,PR,2023-04-13,NA,NA,NA,NA,NA,NA,NA,NA,NA,NA,NA,NA,NA,NA,NA,NA,NA,NA
1651,NA,NA,PR,2023-04-14,NA,NA,NA,NA,NA,NA,NA,NA,NA,NA,NA,NA,NA,NA,NA,NA,NA,NA
1652,NA,NA,PR,2023-04-15,NA,NA,NA,NA,NA,NA,NA,NA,NA,NA,NA,NA,NA,NA,NA,NA,NA,NA
1653,NA,NA,PR,2023-04-16,NA,NA,NA,NA,NA,NA,NA,NA,NA,NA,NA,NA,NA,NA,NA,NA,NA,NA
1654,NA,NA,PR,2023-04-17,NA,NA,NA,NA,NA,NA,NA,NA,NA,NA,NA,NA,NA,NA,NA,NA,NA,NA
1655,NA,NA,PR,2023-04-18,NA,NA,NA,NA,NA,NA,NA,NA,NA,NA,NA,NA,NA,NA,NA,NA,NA,NA
1656,NA,NA,PR,2023-04-19,NA,NA,NA,NA,NA,NA,NA,NA,NA,NA,NA,NA,NA,NA,NA,NA,NA,NA
1657,NA,NA,PR,2023-04-20,NA,NA,NA,NA,NA,NA,NA,NA,NA,NA,NA,NA,NA,NA,NA,NA,NA,NA
1658,0.00271913670175847,0.0154818100813042,PR,2023-04-21,1,1,1,1,1,1,1,1,1,1,1,1,1,1,1,1,1,1
1659,NA,NA,PR,2023-04-22,NA,NA,NA,NA,NA,NA,NA,NA,NA,NA,NA,NA,NA,NA,NA,NA,NA,NA
1660,NA,NA,PR,2023-04-23,NA,NA,NA,NA,NA,NA,NA,NA,NA,NA,NA,NA,NA,NA,NA,NA,NA,NA
1661,NA,NA,PR,2023-04-24,NA,NA,NA,NA,NA,NA,NA,NA,NA,NA,NA,NA,NA,NA,NA,NA,NA,NA
1662,NA,NA,PR,2023-04-25,NA,NA,NA,NA,NA,NA,NA,NA,NA,NA,NA,NA,NA,NA,NA,NA,NA,NA
1663,NA,NA,PR,2023-04-26,NA,NA,NA,NA,NA,NA,NA,NA,NA,NA,NA,NA,NA,NA,NA,NA,NA,NA
1664,NA,NA,PR,2023-04-27,NA,NA,NA,NA,NA,NA,NA,NA,NA,NA,NA,NA,NA,NA,NA,NA,NA,NA
1665,NA,NA,PR,2023-04-28,NA,NA,NA,NA,NA,NA,NA,NA,NA,NA,NA,NA,NA,NA,NA,NA,NA,NA
1666,NA,NA,PR,2023-04-29,NA,NA,NA,NA,NA,NA,NA,NA,NA,NA,NA,NA,NA,NA,NA,NA,NA,NA
1667,NA,NA,PR,2023-04-30,NA,NA,NA,NA,NA,NA,NA,NA,NA,NA,NA,NA,NA,NA,NA,NA,NA,NA
1668,0.00677334755902936,0.027089495875906498,PR,2023-05-01,1,1,1,1,1,1,1,1,1,1,1,1,1,1,1,1,1,1
1669,NA,NA,PR,2023-05-02,NA,NA,NA,NA,NA,NA,NA,NA,NA,NA,NA,NA,NA,NA,NA,NA,NA,NA
1670,1.30218104887165,0.8345397715909,PR,2023-05-03,1,1,1,1,0,1,1,1,0,1,1,1,1,0,1,1,1,0
1671,NA,NA,PR,2023-05-04,NA,NA,NA,NA,NA,NA,NA,NA,NA,NA,NA,NA,NA,NA,NA,NA,NA,NA
1672,0.00929323570509451,0.0326231074788279,PR,2023-05-05,1,1,1,1,1,1,1,1,1,1,1,1,1,1,1,1,1,1
1673,NA,NA,PR,2023-05-06,NA,NA,NA,NA,NA,NA,NA,NA,NA,NA,NA,NA,NA,NA,NA,NA,NA,NA
1674,NA,NA,PR,2023-05-07,NA,NA,NA,NA,NA,NA,NA,NA,NA,NA,NA,NA,NA,NA,NA,NA,NA,NA
1675,0.0160005253481083,0.037227133932096,PR,2023-05-08,1,1,1,1,1,1,1,1,1,1,1,1,1,1,1,1,1,1
1676,2.47762900338935,0.81537957883719,PR,2023-05-09,1,1,1,0,0,1,1,1,1,1,1,1,0,0,1,1,1,1
1677,NA,NA,PR,2023-05-10,NA,NA,NA,NA,NA,NA,NA,NA,NA,NA,NA,NA,NA,NA,NA,NA,NA,NA
1678,NA,NA,PR,2023-05-11,NA,NA,NA,NA,NA,NA,NA,NA,NA,NA,NA,NA,NA,NA,NA,NA,NA,NA
1679,NA,NA,PR,2023-05-12,NA,NA,NA,NA,NA,NA,NA,NA,NA,NA,NA,NA,NA,NA,NA,NA,NA,NA
1680,NA,NA,PR,2023-05-13,NA,NA,NA,NA,NA,NA,NA,NA,NA,NA,NA,NA,NA,NA,NA,NA,NA,NA
1681,0.00347243085512784,5.4257103686001e-4,RI,2023-04-02,1,1,1,1,1,1,1,1,1,1,1,1,1,1,1,1,1,1
1682,1.96667202943774,0.2759851732653685,RI,2023-04-03,1,1,1,1,0,1,0,1,0,1,1,1,1,0,1,0,1,0
1683,1.30532490758811,0.4843256229602225,RI,2023-04-04,1,1,1,1,0,1,1,1,0,1,1,1,1,0,1,1,1,0
1684,0.00566330799959969,7.0565874715464e-4,RI,2023-04-05,1,1,1,1,1,1,1,1,1,1,1,1,1,1,1,1,1,1
1685,1.16297530679604,0.2391946670785055,RI,2023-04-06,1,1,1,1,0,1,1,0,1,1,1,1,1,0,1,1,0,1
1686,0.00201781405734082,8.52744740757215e-4,RI,2023-04-07,1,1,1,1,1,1,1,1,1,1,1,1,1,1,1,1,1,1
1687,0.00243152808990646,9.40789146446335e-4,RI,2023-04-08,1,1,1,1,1,1,1,1,1,1,1,1,1,1,1,1,1,1
1688,NA,NA,RI,2023-04-09,NA,NA,NA,NA,NA,NA,NA,NA,NA,NA,NA,NA,NA,NA,NA,NA,NA,NA
1689,NA,NA,RI,2023-04-10,NA,NA,NA,NA,NA,NA,NA,NA,NA,NA,NA,NA,NA,NA,NA,NA,NA,NA
1690,0.00261640822838295,0.001278726911354635,RI,2023-04-11,1,1,1,1,1,1,1,1,1,1,1,1,1,1,1,1,1,1
1691,NA,NA,RI,2023-04-12,NA,NA,NA,NA,NA,NA,NA,NA,NA,NA,NA,NA,NA,NA,NA,NA,NA,NA
1692,0.00272926247031957,0.00158233803139779,RI,2023-04-13,1,1,1,1,1,1,1,1,1,1,1,1,1,1,1,1,1,1
1693,0.00369642897870207,0.00176385759866472,RI,2023-04-14,1,1,1,1,1,1,1,1,1,1,1,1,1,1,1,1,1,1
1694,0.0039638709047622,0.001968572040261605,RI,2023-04-15,1,1,1,1,1,1,1,1,1,1,1,1,1,1,1,1,1,1
1695,0.0191029648714458,0.002199415369423255,RI,2023-04-16,1,1,1,1,1,1,1,1,1,1,1,1,1,0,1,0,1,1
1696,0.00480104290463855,0.002459679597552665,RI,2023-04-17,1,1,1,1,1,1,1,1,1,1,1,1,1,1,1,1,1,1
1697,2.38990610338834,0.4704284930597845,RI,2023-04-18,1,1,1,0,0,1,1,1,1,1,1,1,0,0,1,1,1,1
1698,NA,NA,RI,2023-04-19,NA,NA,NA,NA,NA,NA,NA,NA,NA,NA,NA,NA,NA,NA,NA,NA,NA,NA
1699,0.00704268453087922,0.003456116517074315,RI,2023-04-20,1,1,1,1,1,1,1,1,1,1,1,1,1,1,1,1,1,1
1700,NA,NA,RI,2023-04-21,NA,NA,NA,NA,NA,NA,NA,NA,NA,NA,NA,NA,NA,NA,NA,NA,NA,NA
1701,NA,NA,RI,2023-04-22,NA,NA,NA,NA,NA,NA,NA,NA,NA,NA,NA,NA,NA,NA,NA,NA,NA,NA
1702,NA,NA,RI,2023-04-23,NA,NA,NA,NA,NA,NA,NA,NA,NA,NA,NA,NA,NA,NA,NA,NA,NA,NA
1703,0.0410961778799347,0.0054761119787034,RI,2023-04-24,1,1,1,1,1,1,1,1,1,1,1,1,1,0,1,1,0,1
1704,1.16059989004338,0.459031578255108,RI,2023-04-25,1,1,1,0,0,1,1,1,1,1,1,1,0,0,1,1,1,1
1705,1.14452979055482,0.457132333808326,RI,2023-04-26,1,1,1,0,0,1,1,1,1,1,1,1,0,0,1,1,1,1
1706,0.0581595734846608,0.00774591118877085,RI,2023-04-27,1,1,1,1,1,1,1,1,1,1,1,1,1,0,1,0,1,1
1707,0.0201881389789582,0.00869321644790895,RI,2023-04-28,1,1,1,1,1,1,1,1,1,1,1,1,1,1,1,1,1,1
1708,1.05292994508504,0.445247137713634,RI,2023-04-29,1,1,1,1,1,0,1,1,1,1,1,1,1,0,0,1,1,1
1709,NA,NA,RI,2023-04-30,NA,NA,NA,NA,NA,NA,NA,NA,NA,NA,NA,NA,NA,NA,NA,NA,NA,NA
1710,0.0884965249491604,0.0122644966340726,RI,2023-05-01,1,1,1,1,1,1,1,1,1,1,1,1,1,0,1,0,1,1
1711,0.282512049765676,0.0137420102434553,RI,2023-05-02,1,1,1,1,1,1,1,1,1,1,1,1,1,1,1,1,1,1
1712,1.01181911491748,0.435907053391832,RI,2023-05-03,1,1,1,1,1,0,1,1,1,1,1,1,1,0,0,0,1,1
1713,0.626176835396015,0.2682975513585435,RI,2023-05-04,1,1,1,1,1,1,1,1,1,1,1,1,1,0,1,0,1,1
1714,0.0403398619770161,0.0192489165562521,RI,2023-05-05,1,1,1,1,1,1,1,1,1,1,1,1,1,1,1,1,1,1
1715,0.128906825005276,0.02150004694900195,RI,2023-05-06,1,1,1,1,1,1,1,1,1,1,1,1,1,1,1,1,1,1
1716,0.15521629962892,0.02398990481494375,RI,2023-05-07,1,1,1,1,1,1,1,1,1,1,1,1,1,1,1,1,1,1
1717,0.157425623806908,0.02673828472871425,RI,2023-05-08,1,1,1,1,1,1,1,1,1,1,1,1,1,1,1,1,1,1
1718,1.50663599211964,0.539820786079005,RI,2023-05-09,1,1,1,1,0,0,1,0,1,1,1,1,1,0,0,0,0,1
1719,0.859584456960273,0.03309285812762595,RI,2023-05-10,1,1,1,1,1,1,1,1,1,1,1,1,1,0,1,0,1,1
1720,NA,NA,RI,2023-05-11,NA,NA,NA,NA,NA,NA,NA,NA,NA,NA,NA,NA,NA,NA,NA,NA,NA,NA
1721,NA,NA,RI,2023-05-12,NA,NA,NA,NA,NA,NA,NA,NA,NA,NA,NA,NA,NA,NA,NA,NA,NA,NA
1722,NA,NA,RI,2023-05-13,NA,NA,NA,NA,NA,NA,NA,NA,NA,NA,NA,NA,NA,NA,NA,NA,NA,NA
1723,NA,NA,SC,2023-04-02,NA,NA,NA,NA,NA,NA,NA,NA,NA,NA,NA,NA,NA,NA,NA,NA,NA,NA
1724,0.14584774856885,0.00530348961775615,SC,2023-04-03,1,1,1,1,1,1,1,1,1,1,1,1,1,1,1,1,1,1
1725,1.00826543010667,0.294163817313677,SC,2023-04-04,1,1,1,1,0,0,1,1,1,1,1,1,1,0,0,1,1,1
1726,1.00575608648447,0.297329095603529,SC,2023-04-05,1,1,1,1,0,1,0,1,1,1,1,1,1,0,1,0,1,1
1727,NA,NA,SC,2023-04-06,NA,NA,NA,NA,NA,NA,NA,NA,NA,NA,NA,NA,NA,NA,NA,NA,NA,NA
1728,0.673581844415806,0.1286948251924025,SC,2023-04-07,1,1,1,1,1,0,1,1,1,1,1,1,1,0,0,1,1,1
1729,0.987376615801002,0.2933510659435155,SC,2023-04-08,1,1,1,1,0,1,0,1,1,1,1,1,1,0,1,0,1,1
1730,0.00980865997677677,0.00779615839101395,SC,2023-04-09,1,1,1,1,1,1,1,1,1,1,1,1,1,1,1,1,1,1
1731,0.907363015382084,0.15573201116257,SC,2023-04-10,1,1,1,1,1,1,1,0,1,1,1,1,1,0,0,0,0,1
1732,0.263302319600156,0.00902772907945115,SC,2023-04-11,1,1,1,1,1,1,1,1,1,1,1,1,1,0,0,1,1,1
1733,0.189752482175804,0.00973946874834135,SC,2023-04-12,1,1,1,1,1,1,1,1,1,1,1,1,1,0,0,0,1,1
1734,3.19706589577169,0.384301603604989,SC,2023-04-13,1,1,0,1,0,1,1,1,1,1,1,0,1,0,1,1,1,1
1735,2.01136044096141,0.85326173779298,SC,2023-04-14,1,1,0,1,0,1,0,1,1,1,1,0,1,0,1,0,1,1
1736,0.0131196733305942,0.0123306633570698,SC,2023-04-15,1,1,1,1,1,1,1,1,1,1,1,1,1,1,1,1,1,1
1737,0.0516337076624783,0.0133694620628437,SC,2023-04-16,1,1,1,1,1,1,1,1,1,1,1,1,1,0,0,1,1,1
1738,0.115631315768825,0.01450870582840445,SC,2023-04-17,1,1,1,1,1,1,1,1,1,1,1,1,1,1,1,1,1,1
1739,1.00267091367574,0.409559540295487,SC,2023-04-18,1,1,1,1,0,0,1,1,1,1,1,1,1,0,0,1,1,1
1740,2.13906745626044,0.4380792668528985,SC,2023-04-19,1,1,0,1,0,1,1,1,1,1,1,0,1,0,1,1,1,1
1741,0.627739527418628,0.128878659583324,SC,2023-04-20,1,1,1,1,1,1,1,1,1,1,1,1,1,0,0,0,1,1
1742,0.0786785344748409,0.0202508278450605,SC,2023-04-21,1,1,1,1,1,1,1,1,1,1,1,1,1,1,1,1,1,1
1743,0.155240092108545,0.0220328541698083,SC,2023-04-22,1,1,1,1,1,1,1,1,1,1,1,1,1,0,0,1,1,1
1744,1.06990804955595,0.4323778893902195,SC,2023-04-23,1,1,1,0,1,1,1,1,1,1,1,1,0,0,1,1,1,1
1745,1.5351608639494,0.271584996378462,SC,2023-04-24,1,1,1,1,1,0,1,1,1,1,1,1,1,0,0,1,1,1
1746,0.920691706942558,0.161989408202698,SC,2023-04-25,1,1,1,0,1,1,1,1,1,1,1,1,0,0,0,1,1,1
1747,0.710165596554315,0.1333039815368495,SC,2023-04-26,1,1,1,1,1,1,1,1,1,1,1,1,1,0,0,1,1,1
1748,0.89631616117152,0.163317775278886,SC,2023-04-27,1,1,1,1,1,1,1,0,1,1,1,1,1,1,0,1,0,1
1749,0.42570627766672,0.166064138742237,SC,2023-04-28,1,1,1,1,1,1,1,1,1,1,1,1,1,0,1,0,1,1
1750,2.60562212939417,0.70696543603575,SC,2023-04-29,1,1,1,1,0,0,1,1,1,1,1,1,1,0,0,0,1,1
1751,0.743425285634665,0.2677975225969235,SC,2023-04-30,1,1,1,1,1,0,1,1,1,1,1,1,1,0,0,1,1,1
1752,0.192268940704437,0.0468075978056187,SC,2023-05-01,1,1,1,1,1,1,1,1,1,1,1,1,1,1,1,1,1,1
1753,NA,NA,SC,2023-05-02,NA,NA,NA,NA,NA,NA,NA,NA,NA,NA,NA,NA,NA,NA,NA,NA,NA,NA
1754,0.196232040327618,0.0550258770610075,SC,2023-05-03,1,1,1,1,1,1,1,1,1,1,1,1,1,0,1,0,1,1
1755,0.743516370869988,0.268419198259588,SC,2023-05-04,1,1,1,1,1,0,1,1,1,1,1,1,1,0,0,1,1,1
1756,1.00565458962763,0.2060849861988525,SC,2023-05-05,1,1,1,1,1,1,1,1,0,1,1,1,1,1,1,0,1,0
1757,NA,NA,SC,2023-05-06,NA,NA,NA,NA,NA,NA,NA,NA,NA,NA,NA,NA,NA,NA,NA,NA,NA,NA
1758,1.10379799869218,0.76050235751481,SC,2023-05-07,1,1,1,0,1,1,1,1,1,1,1,1,0,0,1,1,1,1
1759,1.64561895642789,0.705528270625235,SC,2023-05-08,1,1,1,0,0,0,1,1,1,1,1,1,0,0,1,1,1,1
1760,0.111527469437669,0.0873048564086005,SC,2023-05-09,1,1,1,1,1,1,1,1,1,1,1,1,1,1,1,1,1,1
1761,0.945526220516915,0.3108776507489865,SC,2023-05-10,1,1,1,1,1,1,1,1,0,1,1,1,1,1,0,1,1,0
1762,0.123514173880931,0.1008585924298625,SC,2023-05-11,1,1,1,1,1,1,1,1,1,1,1,1,1,1,1,1,1,1
1763,0.134031694284311,0.108187396099328,SC,2023-05-12,1,1,1,1,1,1,1,1,1,1,1,1,1,1,1,1,1,1
1764,NA,NA,SC,2023-05-13,NA,NA,NA,NA,NA,NA,NA,NA,NA,NA,NA,NA,NA,NA,NA,NA,NA,NA
1765,NA,NA,SD,2023-04-02,NA,NA,NA,NA,NA,NA,NA,NA,NA,NA,NA,NA,NA,NA,NA,NA,NA,NA
1766,NA,NA,SD,2023-04-03,NA,NA,NA,NA,NA,NA,NA,NA,NA,NA,NA,NA,NA,NA,NA,NA,NA,NA
1767,NA,NA,SD,2023-04-04,NA,NA,NA,NA,NA,NA,NA,NA,NA,NA,NA,NA,NA,NA,NA,NA,NA,NA
1768,NA,NA,SD,2023-04-05,NA,NA,NA,NA,NA,NA,NA,NA,NA,NA,NA,NA,NA,NA,NA,NA,NA,NA
1769,NA,NA,SD,2023-04-06,NA,NA,NA,NA,NA,NA,NA,NA,NA,NA,NA,NA,NA,NA,NA,NA,NA,NA
1770,NA,NA,SD,2023-04-07,NA,NA,NA,NA,NA,NA,NA,NA,NA,NA,NA,NA,NA,NA,NA,NA,NA,NA
1771,NA,NA,SD,2023-04-08,NA,NA,NA,NA,NA,NA,NA,NA,NA,NA,NA,NA,NA,NA,NA,NA,NA,NA
1772,NA,NA,SD,2023-04-09,NA,NA,NA,NA,NA,NA,NA,NA,NA,NA,NA,NA,NA,NA,NA,NA,NA,NA
1773,NA,NA,SD,2023-04-10,NA,NA,NA,NA,NA,NA,NA,NA,NA,NA,NA,NA,NA,NA,NA,NA,NA,NA
1774,NA,NA,SD,2023-04-11,NA,NA,NA,NA,NA,NA,NA,NA,NA,NA,NA,NA,NA,NA,NA,NA,NA,NA
1775,NA,NA,SD,2023-04-12,NA,NA,NA,NA,NA,NA,NA,NA,NA,NA,NA,NA,NA,NA,NA,NA,NA,NA
1776,0.772223240422472,0.626841137312465,SD,2023-04-13,1,1,1,1,1,1,1,0,1,1,1,0,1,1,1,1,0,1
1777,NA,NA,SD,2023-04-14,NA,NA,NA,NA,NA,NA,NA,NA,NA,NA,NA,NA,NA,NA,NA,NA,NA,NA
1778,NA,NA,SD,2023-04-15,NA,NA,NA,NA,NA,NA,NA,NA,NA,NA,NA,NA,NA,NA,NA,NA,NA,NA
1779,NA,NA,SD,2023-04-16,NA,NA,NA,NA,NA,NA,NA,NA,NA,NA,NA,NA,NA,NA,NA,NA,NA,NA
1780,NA,NA,SD,2023-04-17,NA,NA,NA,NA,NA,NA,NA,NA,NA,NA,NA,NA,NA,NA,NA,NA,NA,NA
1781,NA,NA,SD,2023-04-18,NA,NA,NA,NA,NA,NA,NA,NA,NA,NA,NA,NA,NA,NA,NA,NA,NA,NA
1782,NA,NA,SD,2023-04-19,NA,NA,NA,NA,NA,NA,NA,NA,NA,NA,NA,NA,NA,NA,NA,NA,NA,NA
1783,NA,NA,SD,2023-04-20,NA,NA,NA,NA,NA,NA,NA,NA,NA,NA,NA,NA,NA,NA,NA,NA,NA,NA
1784,NA,NA,SD,2023-04-21,NA,NA,NA,NA,NA,NA,NA,NA,NA,NA,NA,NA,NA,NA,NA,NA,NA,NA
1785,NA,NA,SD,2023-04-22,NA,NA,NA,NA,NA,NA,NA,NA,NA,NA,NA,NA,NA,NA,NA,NA,NA,NA
1786,NA,NA,SD,2023-04-23,NA,NA,NA,NA,NA,NA,NA,NA,NA,NA,NA,NA,NA,NA,NA,NA,NA,NA
1787,NA,NA,SD,2023-04-24,NA,NA,NA,NA,NA,NA,NA,NA,NA,NA,NA,NA,NA,NA,NA,NA,NA,NA
1788,NA,NA,SD,2023-04-25,NA,NA,NA,NA,NA,NA,NA,NA,NA,NA,NA,NA,NA,NA,NA,NA,NA,NA
1789,NA,NA,SD,2023-04-26,NA,NA,NA,NA,NA,NA,NA,NA,NA,NA,NA,NA,NA,NA,NA,NA,NA,NA
1790,NA,NA,SD,2023-04-27,NA,NA,NA,NA,NA,NA,NA,NA,NA,NA,NA,NA,NA,NA,NA,NA,NA,NA
1791,0.380865234346339,0.170805515068039,SD,2023-04-28,1,1,1,1,1,1,1,1,1,1,1,1,1,1,1,1,1,1
1792,0.412967797365893,0.1775008522132455,SD,2023-04-29,1,1,1,1,1,1,1,1,1,1,1,1,1,1,1,1,1,1
1793,0.402194940692789,0.1843835050300075,SD,2023-04-30,1,1,1,1,1,1,1,1,1,1,1,1,1,1,1,1,1,1
1794,0.408258197504766,0.191452181110257,SD,2023-05-01,1,1,1,1,1,1,1,1,1,1,1,1,1,0,0,1,1,1
1795,0.96998978312166,0.1987050638058465,SD,2023-05-02,1,1,1,1,0,1,1,1,1,1,1,1,1,0,1,1,0,1
1796,NA,NA,SD,2023-05-03,NA,NA,NA,NA,NA,NA,NA,NA,NA,NA,NA,NA,NA,NA,NA,NA,NA,NA
1797,0.444113065092829,0.2137533815855865,SD,2023-05-04,1,1,1,1,1,1,1,1,1,1,1,1,1,0,1,1,0,1
1798,NA,NA,SD,2023-05-05,NA,NA,NA,NA,NA,NA,NA,NA,NA,NA,NA,NA,NA,NA,NA,NA,NA,NA
1799,NA,NA,SD,2023-05-06,NA,NA,NA,NA,NA,NA,NA,NA,NA,NA,NA,NA,NA,NA,NA,NA,NA,NA
1800,NA,NA,SD,2023-05-07,NA,NA,NA,NA,NA,NA,NA,NA,NA,NA,NA,NA,NA,NA,NA,NA,NA,NA
1801,NA,NA,SD,2023-05-08,NA,NA,NA,NA,NA,NA,NA,NA,NA,NA,NA,NA,NA,NA,NA,NA,NA,NA
1802,NA,NA,SD,2023-05-09,NA,NA,NA,NA,NA,NA,NA,NA,NA,NA,NA,NA,NA,NA,NA,NA,NA,NA
1803,NA,NA,SD,2023-05-10,NA,NA,NA,NA,NA,NA,NA,NA,NA,NA,NA,NA,NA,NA,NA,NA,NA,NA
1804,NA,NA,SD,2023-05-11,NA,NA,NA,NA,NA,NA,NA,NA,NA,NA,NA,NA,NA,NA,NA,NA,NA,NA
1805,NA,NA,SD,2023-05-12,NA,NA,NA,NA,NA,NA,NA,NA,NA,NA,NA,NA,NA,NA,NA,NA,NA,NA
1806,NA,NA,SD,2023-05-13,NA,NA,NA,NA,NA,NA,NA,NA,NA,NA,NA,NA,NA,NA,NA,NA,NA,NA
1807,0.00970470113661284,0.0078065116039284,TN,2023-04-02,1,1,1,1,1,1,1,1,1,1,1,1,1,1,1,1,1,1
1808,0.0406729873301718,0.0082044850264242,TN,2023-04-03,1,1,1,1,1,1,1,1,1,1,1,1,1,1,1,1,1,1
1809,0.934386349900628,0.185285719132363,TN,2023-04-04,1,1,1,1,1,1,1,1,0,1,1,1,1,1,0,1,1,0
1810,1.78557390782322,0.444900315891306,TN,2023-04-05,1,1,0,1,0,1,1,0,1,1,1,0,1,0,1,1,0,1
1811,0.91198557269378,0.226274972771927,TN,2023-04-06,1,1,0,1,1,1,1,1,1,1,1,0,1,1,1,1,0,1
1812,0.164221211281315,0.0103537621616271,TN,2023-04-07,1,1,1,1,1,1,1,1,1,1,1,1,1,0,0,1,1,1
1813,1.10912951638075,0.4412737627239725,TN,2023-04-08,1,1,0,1,0,1,1,1,1,1,1,0,1,0,1,1,1,1
1814,NA,NA,TN,2023-04-09,NA,NA,NA,NA,NA,NA,NA,NA,NA,NA,NA,NA,NA,NA,NA,NA,NA,NA
1815,0.0140943068887324,0.01269106030052165,TN,2023-04-10,1,1,1,1,1,1,1,1,1,1,1,1,1,1,1,1,1,1
1816,0.197963316886501,0.01364190734524835,TN,2023-04-11,1,1,1,1,1,1,1,1,1,1,1,1,1,1,1,1,1,1
1817,0.516344584150545,0.0146915261837622,TN,2023-04-12,1,1,1,1,1,1,1,1,1,1,1,0,1,0,0,1,1,1
1818,0.0205504322068711,0.0158487148414594,TN,2023-04-13,1,1,1,1,1,1,1,1,1,1,1,1,1,1,1,1,1,1
1819,0.339870830625665,0.01712302065574965,TN,2023-04-14,1,1,1,1,1,1,1,1,1,1,1,1,1,1,1,1,1,1
1820,0.809782157620691,0.277371641545147,TN,2023-04-15,1,1,1,1,1,0,1,1,1,1,1,1,1,0,0,1,1,1
1821,0.0914720576572948,0.0200650788640366,TN,2023-04-16,1,1,1,1,1,1,1,1,1,1,1,1,1,0,1,1,0,1
1822,0.376874512963638,0.02175589540578185,TN,2023-04-17,1,1,1,1,1,1,1,1,1,1,1,1,1,0,0,1,1,1
1823,1.03433009292472,0.3181425645224125,TN,2023-04-18,1,1,1,1,0,1,1,1,1,1,1,1,1,0,0,0,0,1
1824,NA,NA,TN,2023-04-19,NA,NA,NA,NA,NA,NA,NA,NA,NA,NA,NA,NA,NA,NA,NA,NA,NA,NA
1825,0.12708249335625,0.0278632037268691,TN,2023-04-20,1,1,1,1,1,1,1,1,1,1,1,0,1,0,0,1,1,1
1826,0.231527735259228,0.03029197532067035,TN,2023-04-21,1,1,1,1,1,1,1,1,1,1,1,1,1,0,1,0,1,1
1827,0.720499770729715,0.2720722399005505,TN,2023-04-22,1,1,1,1,1,0,1,1,1,1,1,1,1,0,0,1,1,1
1828,0.0533708782769777,0.03583375525692275,TN,2023-04-23,1,1,1,1,1,1,1,1,1,1,1,1,1,1,1,1,1,1
1829,0.63232748490139,0.03898084302672065,TN,2023-04-24,1,1,1,1,1,1,1,1,1,1,1,1,1,0,0,1,1,1
1830,0.0629233817676894,0.04240245590361725,TN,2023-04-25,1,1,1,1,1,1,1,1,1,1,1,1,1,1,1,1,1,1
1831,0.0646603330065424,0.04611699799978475,TN,2023-04-26,1,1,1,1,1,1,1,1,1,1,1,1,1,1,1,1,1,1
1832,1.11652693899367,0.789208504160715,TN,2023-04-27,1,1,1,0,1,1,1,1,1,1,1,1,0,1,1,0,1,1
1833,1.81532207858816,0.539621092933945,TN,2023-04-28,1,1,1,1,0,0,1,1,0,1,1,1,1,0,0,0,1,0
1834,0.256312208874561,0.0592064681743225,TN,2023-04-29,1,1,1,1,1,1,1,1,1,1,1,1,1,0,1,0,1,1
1835,2.44417713086514,0.707046349284355,TN,2023-04-30,1,1,0,1,0,1,1,1,1,1,1,0,1,0,1,1,1,1
1836,4.39525594036366,0.566637413275855,TN,2023-05-01,1,1,0,1,0,1,1,1,0,1,1,0,1,0,0,1,1,0
1837,1.47117678188289,0.173424899796712,TN,2023-05-02,1,1,1,0,1,1,0,1,1,1,1,1,1,1,1,1,1,1
1838,1.465113447991,0.0818971953553205,TN,2023-05-03,1,1,1,1,0,1,1,1,1,1,1,1,1,0,0,1,1,1
1839,1.21351971450788,0.22062099910035,TN,2023-05-04,1,1,0,1,1,1,1,1,1,1,1,0,1,1,0,1,1,1
1840,1.04729383117661,0.744927112427335,TN,2023-05-05,1,1,1,1,1,1,1,1,0,1,1,1,1,0,1,1,1,0
1841,0.140349905505679,0.103442833507981,TN,2023-05-06,1,1,1,1,1,1,1,1,1,1,1,1,1,0,0,1,1,1
1842,NA,NA,TN,2023-05-07,NA,NA,NA,NA,NA,NA,NA,NA,NA,NA,NA,NA,NA,NA,NA,NA,NA,NA
1843,NA,NA,TN,2023-05-08,NA,NA,NA,NA,NA,NA,NA,NA,NA,NA,NA,NA,NA,NA,NA,NA,NA,NA
1844,0.527921918905483,0.129258658185466,TN,2023-05-09,1,1,1,1,1,1,1,1,1,1,1,1,1,0,0,0,1,1
1845,0.868217151561276,0.304695853816583,TN,2023-05-10,1,1,1,1,1,0,1,1,1,1,1,1,1,0,0,0,1,1
1846,2.85533072380656,0.4900239284918855,TN,2023-05-11,1,1,0,1,1,1,0,1,1,1,1,0,1,0,0,1,1,1
1847,1.34961408669465,0.2983823188920615,TN,2023-05-12,1,1,1,1,1,1,0,1,0,1,1,1,1,0,0,0,1,0
1848,0.984719320655126,0.4409275963135215,TN,2023-05-13,1,1,0,1,1,1,1,1,1,1,1,0,1,0,1,1,1,1
1849,1.7034568494539,0.1421169463414095,TX,2023-04-02,1,1,1,1,1,0,1,1,1,1,1,1,1,0,0,1,1,1
1850,1.77471360501081,0.0792731023509535,TX,2023-04-03,1,1,1,1,1,0,1,1,1,1,1,1,1,0,0,0,1,1
1851,4.04163763405694,0.232355319126023,TX,2023-04-04,1,1,0,0,0,0,1,1,1,1,1,0,0,0,0,0,0,1
1852,1.36692730565057,0.101531130636772,TX,2023-04-05,1,1,1,1,1,0,1,1,1,1,1,1,1,0,0,1,0,1
1853,1.65008421980638,0.17207299304599,TX,2023-04-06,1,1,1,1,0,1,0,0,1,1,1,1,1,0,0,0,1,1
1854,1.9999877212964,0.223051759926927,TX,2023-04-07,1,1,1,1,0,1,0,0,1,1,1,1,1,0,0,0,0,1
1855,0.659620786030769,0.0078366684406889,TX,2023-04-08,1,1,1,1,1,1,1,1,1,1,1,1,1,0,1,0,1,1
1856,0.0151127103571374,0.00831008548635865,TX,2023-04-09,1,1,1,1,1,1,1,1,1,1,1,1,1,1,1,1,1,1
1857,4.54377319377594,0.235761330679087,TX,2023-04-10,1,1,1,0,0,0,1,1,1,1,1,1,0,0,0,1,0,1
1858,1.40106520543414,0.1310501613439465,TX,2023-04-11,1,1,1,0,1,1,1,1,0,1,1,1,0,1,0,1,1,0
1859,1.40674199354064,0.1129392054501055,TX,2023-04-12,1,1,0,0,1,1,1,1,1,1,1,0,0,0,0,0,1,1
1860,1.75021031740383,0.065762641474339,TX,2023-04-13,1,1,1,1,1,0,1,1,1,1,1,1,1,0,0,0,1,1
1861,1.1271565073578,0.100326814679673,TX,2023-04-14,1,1,1,1,1,1,1,1,0,1,1,1,1,0,0,1,0,0
1862,1.25035737653748,0.074051287452462,TX,2023-04-15,1,1,1,1,1,1,1,1,0,1,1,1,1,1,1,0,1,0
1863,1.049276809948,0.123901958383689,TX,2023-04-16,1,1,1,0,1,1,1,1,1,1,1,1,0,0,0,0,0,1
1864,3.18240424382952,0.200648407192732,TX,2023-04-17,1,1,0,0,1,0,0,1,1,1,1,0,0,0,0,0,0,1
1865,1.85245037401776,0.095383362145894,TX,2023-04-18,1,1,1,0,1,1,0,1,1,1,1,1,0,0,0,0,0,1
1866,1.1861848704465,0.1117325919343855,TX,2023-04-19,1,1,1,0,1,1,1,1,1,1,1,1,0,0,0,0,1,1
1867,1.4089214429148,0.157487771880052,TX,2023-04-20,1,1,1,0,1,1,1,1,0,1,1,1,0,1,1,1,0,0
1868,1.60348722247366,0.1544582629649325,TX,2023-04-21,1,1,1,1,1,0,1,1,1,1,1,1,1,0,0,0,0,1
1869,2.02183575955764,0.02003613539014745,TX,2023-04-22,1,1,1,1,0,1,1,1,1,1,1,1,1,0,0,1,1,1
1870,1.14502019323491,0.2102841563770535,TX,2023-04-23,1,1,1,1,1,0,1,1,1,1,1,1,1,1,0,0,1,1
1871,1.73528580542594,0.122949625278851,TX,2023-04-24,1,0,1,1,1,1,1,1,1,1,0,1,1,0,0,1,1,1
1872,1.87311888484723,0.2858802449699945,TX,2023-04-25,1,1,1,1,0,0,1,1,1,1,1,1,1,0,0,0,1,1
1873,1.60561692858242,0.156103739760933,TX,2023-04-26,1,1,1,1,1,1,1,1,0,1,1,1,1,1,0,0,0,0
1874,0.562060121998557,0.170528505944184,TX,2023-04-27,1,1,1,1,1,1,1,1,1,1,1,1,1,0,0,0,0,1
1875,1.94534776781133,0.170053646723816,TX,2023-04-28,1,1,1,0,1,1,0,1,1,1,1,1,0,0,0,0,1,1
1876,1.37379234340397,0.281186745875367,TX,2023-04-29,1,1,1,1,1,1,1,1,1,1,1,1,1,0,0,0,0,1
1877,1.09329173906918,0.325732733395565,TX,2023-04-30,1,1,1,1,1,1,1,0,1,1,1,1,1,0,0,1,0,1
1878,1.5605141164595,0.2316769954093385,TX,2023-05-01,1,1,0,0,1,1,1,1,1,1,1,0,0,0,1,1,0,1
1879,1.11868512006551,0.1830594594407835,TX,2023-05-02,1,1,1,1,1,1,1,1,1,1,1,1,1,0,0,0,1,1
1880,2.87949699842815,0.118473813851057,TX,2023-05-03,1,1,1,1,0,1,0,1,1,1,1,1,1,0,1,0,0,1
1881,2.45966330573454,0.1468557947070395,TX,2023-05-04,1,1,1,1,0,1,0,1,1,1,1,1,1,0,1,0,0,1
1882,1.88641499231517,0.178665027415323,TX,2023-05-05,1,1,1,0,1,1,1,1,1,1,1,1,0,0,0,1,1,1
1883,0.11040417374106,0.056451429983237,TX,2023-05-06,1,1,1,1,1,1,1,1,1,1,1,1,1,1,1,1,1,1
1884,1.51864708261943,0.3131012458573145,TX,2023-05-07,1,1,1,1,1,1,0,0,0,1,1,1,1,0,0,0,0,0
1885,2.7533718405536,0.0652665586533975,TX,2023-05-08,1,1,1,1,0,1,0,1,1,1,1,1,1,0,0,0,1,1
1886,1.28110996705458,0.2125172116350855,TX,2023-05-09,1,1,1,1,1,1,1,1,1,1,1,1,1,0,0,0,1,1
1887,2.86930107256749,0.34287898888952,TX,2023-05-10,1,1,1,1,0,0,1,1,1,1,1,1,1,0,0,0,0,1
1888,2.59637005716955,0.2452130082319585,TX,2023-05-11,1,1,1,0,1,1,0,0,1,1,1,1,0,0,0,1,0,1
1889,0.390409326894645,0.307763297454607,TX,2023-05-12,1,1,1,1,1,1,1,1,1,1,1,1,1,1,1,0,0,1
1890,0.781163100993412,0.092851276117393,TX,2023-05-13,1,1,1,1,0,1,1,1,1,1,1,1,1,1,1,1,1,1
1891,NA,NA,UT,2023-04-02,NA,NA,NA,NA,NA,NA,NA,NA,NA,NA,NA,NA,NA,NA,NA,NA,NA,NA
1892,NA,NA,UT,2023-04-03,NA,NA,NA,NA,NA,NA,NA,NA,NA,NA,NA,NA,NA,NA,NA,NA,NA,NA
1893,NA,NA,UT,2023-04-04,NA,NA,NA,NA,NA,NA,NA,NA,NA,NA,NA,NA,NA,NA,NA,NA,NA,NA
1894,NA,NA,UT,2023-04-05,NA,NA,NA,NA,NA,NA,NA,NA,NA,NA,NA,NA,NA,NA,NA,NA,NA,NA
1895,0.611764291624147,0.114689773578373,UT,2023-04-06,1,1,1,1,1,1,1,1,1,1,1,1,1,0,0,1,1,1
1896,0.00547627331068831,0.00318761711272338,UT,2023-04-07,1,1,1,1,1,1,1,1,1,1,1,1,1,1,1,1,1,1
1897,NA,NA,UT,2023-04-08,NA,NA,NA,NA,NA,NA,NA,NA,NA,NA,NA,NA,NA,NA,NA,NA,NA,NA
1898,NA,NA,UT,2023-04-09,NA,NA,NA,NA,NA,NA,NA,NA,NA,NA,NA,NA,NA,NA,NA,NA,NA,NA
1899,NA,NA,UT,2023-04-10,NA,NA,NA,NA,NA,NA,NA,NA,NA,NA,NA,NA,NA,NA,NA,NA,NA,NA
1900,NA,NA,UT,2023-04-11,NA,NA,NA,NA,NA,NA,NA,NA,NA,NA,NA,NA,NA,NA,NA,NA,NA,NA
1901,0.0446637476752144,0.00398126823704007,UT,2023-04-12,1,1,1,1,1,1,1,1,1,1,1,1,1,1,1,1,1,1
1902,1.51182582987478,0.2606867846490265,UT,2023-04-13,1,1,0,1,0,1,1,1,1,1,1,0,1,1,1,1,1,0
1903,NA,NA,UT,2023-04-14,NA,NA,NA,NA,NA,NA,NA,NA,NA,NA,NA,NA,NA,NA,NA,NA,NA,NA
1904,NA,NA,UT,2023-04-15,NA,NA,NA,NA,NA,NA,NA,NA,NA,NA,NA,NA,NA,NA,NA,NA,NA,NA
1905,NA,NA,UT,2023-04-16,NA,NA,NA,NA,NA,NA,NA,NA,NA,NA,NA,NA,NA,NA,NA,NA,NA,NA
1906,0.00920272603822096,0.00512461929193805,UT,2023-04-17,1,1,1,1,1,1,1,1,1,1,1,1,1,1,1,1,1,1
1907,NA,NA,UT,2023-04-18,NA,NA,NA,NA,NA,NA,NA,NA,NA,NA,NA,NA,NA,NA,NA,NA,NA,NA
1908,NA,NA,UT,2023-04-19,NA,NA,NA,NA,NA,NA,NA,NA,NA,NA,NA,NA,NA,NA,NA,NA,NA,NA
1909,NA,NA,UT,2023-04-20,NA,NA,NA,NA,NA,NA,NA,NA,NA,NA,NA,NA,NA,NA,NA,NA,NA,NA
1910,NA,NA,UT,2023-04-21,NA,NA,NA,NA,NA,NA,NA,NA,NA,NA,NA,NA,NA,NA,NA,NA,NA,NA
1911,NA,NA,UT,2023-04-22,NA,NA,NA,NA,NA,NA,NA,NA,NA,NA,NA,NA,NA,NA,NA,NA,NA,NA
1912,0.014069445016768,0.0071033855371956,UT,2023-04-23,1,1,1,1,1,1,1,1,1,1,1,1,1,1,1,1,1,1
1913,0.0130373661027151,0.00751272085407705,UT,2023-04-24,1,1,1,1,1,1,1,1,1,1,1,1,1,1,1,1,1,1
1914,1.89411553402819,0.2231169804668155,UT,2023-04-25,1,1,1,1,0,1,0,1,1,1,1,1,1,0,1,0,1,1
1915,NA,NA,UT,2023-04-26,NA,NA,NA,NA,NA,NA,NA,NA,NA,NA,NA,NA,NA,NA,NA,NA,NA,NA
1916,NA,NA,UT,2023-04-27,NA,NA,NA,NA,NA,NA,NA,NA,NA,NA,NA,NA,NA,NA,NA,NA,NA,NA
1917,NA,NA,UT,2023-04-28,NA,NA,NA,NA,NA,NA,NA,NA,NA,NA,NA,NA,NA,NA,NA,NA,NA,NA
1918,0.0158718036302703,0.00998257437653675,UT,2023-04-29,1,1,1,1,1,1,1,1,1,1,1,1,1,1,1,1,1,1
1919,0.021268668849512,0.0105724128272517,UT,2023-04-30,1,1,1,1,1,1,1,1,1,1,1,1,1,1,1,1,1,1
1920,1.12309003751476,0.449846702021293,UT,2023-05-01,1,1,1,0,0,1,1,1,1,1,1,1,0,1,0,1,1,1
1921,NA,NA,UT,2023-05-02,NA,NA,NA,NA,NA,NA,NA,NA,NA,NA,NA,NA,NA,NA,NA,NA,NA,NA
1922,0.99392506026775,0.0995578875525205,UT,2023-05-03,1,0,1,1,1,1,1,1,1,1,0,1,1,0,1,1,1,1
1923,NA,NA,UT,2023-05-04,NA,NA,NA,NA,NA,NA,NA,NA,NA,NA,NA,NA,NA,NA,NA,NA,NA,NA
1924,NA,NA,UT,2023-05-05,NA,NA,NA,NA,NA,NA,NA,NA,NA,NA,NA,NA,NA,NA,NA,NA,NA,NA
1925,NA,NA,UT,2023-05-06,NA,NA,NA,NA,NA,NA,NA,NA,NA,NA,NA,NA,NA,NA,NA,NA,NA,NA
1926,NA,NA,UT,2023-05-07,NA,NA,NA,NA,NA,NA,NA,NA,NA,NA,NA,NA,NA,NA,NA,NA,NA,NA
1927,NA,NA,UT,2023-05-08,NA,NA,NA,NA,NA,NA,NA,NA,NA,NA,NA,NA,NA,NA,NA,NA,NA,NA
1928,0.948567254140873,0.4194579923793715,UT,2023-05-09,1,1,1,1,1,1,0,1,1,1,1,1,1,0,1,0,1,1
1929,NA,NA,UT,2023-05-10,NA,NA,NA,NA,NA,NA,NA,NA,NA,NA,NA,NA,NA,NA,NA,NA,NA,NA
1930,1.12896692720456,0.80971219952665,UT,2023-05-11,1,1,1,1,0,1,0,1,1,1,1,1,1,0,1,0,1,1
1931,0.929411007508934,0.1594687336224265,UT,2023-05-12,1,0,1,1,1,1,1,1,1,1,0,1,1,1,0,1,1,1
1932,NA,NA,UT,2023-05-13,NA,NA,NA,NA,NA,NA,NA,NA,NA,NA,NA,NA,NA,NA,NA,NA,NA,NA
1933,2.3309541622148,0.2763953574237365,VA,2023-04-02,1,1,0,0,0,1,1,1,0,1,1,0,0,0,1,1,1,0
1934,1.13455112302297,0.134499372729077,VA,2023-04-03,1,1,1,1,1,1,1,1,0,1,1,0,1,0,0,0,1,1
1935,1.22851206394703,0.1212520091569985,VA,2023-04-04,1,1,0,1,1,1,1,1,0,1,1,0,1,0,0,0,1,0
1936,4.64176169968736,0.3086588761482805,VA,2023-04-05,1,1,0,1,0,1,0,1,1,1,1,0,1,0,1,0,1,1
1937,2.05956883320751,0.2508180534593555,VA,2023-04-06,1,1,1,1,0,1,0,0,1,1,1,1,1,0,1,0,0,1
1938,1.67036596880497,0.2584455010385175,VA,2023-04-07,1,1,1,1,0,1,0,1,1,1,1,1,1,0,1,0,1,1
1939,4.94698258775469,0.2880847012381325,VA,2023-04-08,1,1,0,0,0,0,1,1,1,1,1,0,0,0,0,0,1,1
1940,0.933080344561313,0.228226136507145,VA,2023-04-09,1,1,1,1,1,1,1,1,0,1,1,1,1,0,0,0,1,0
1941,1.66742610123096,0.0868012451533995,VA,2023-04-10,1,1,1,0,1,0,1,1,1,1,1,1,0,0,1,1,1,1
1942,1.18826888282593,0.134978700148443,VA,2023-04-11,1,1,0,1,1,1,1,1,1,1,1,0,1,0,1,0,1,1
1943,1.3589102705612,0.063662281771685,VA,2023-04-12,1,1,1,1,0,1,1,1,1,1,1,1,1,0,0,0,1,1
1944,0.961131517709048,0.1762855293898085,VA,2023-04-13,1,1,1,0,1,1,1,1,1,1,1,1,0,0,1,0,1,1
1945,0.584145345831552,0.136432052583907,VA,2023-04-14,1,1,1,1,1,1,1,1,1,1,1,1,1,1,0,0,1,1
1946,1.92404910186837,0.25406915081148,VA,2023-04-15,1,1,1,1,0,0,1,1,0,1,1,1,1,0,0,1,0,0
1947,0.987091810189505,0.1402454072682405,VA,2023-04-16,1,1,0,1,1,1,1,1,1,1,1,0,1,1,0,1,1,1
1948,1.28785520553177,0.134791395437239,VA,2023-04-17,1,1,1,0,1,1,1,1,1,1,1,1,0,1,1,0,1,1
1949,1.64874880248735,0.2423443655352285,VA,2023-04-18,1,1,0,1,1,1,1,1,0,1,1,0,1,1,0,0,1,0
1950,1.37665537592508,0.218121886383653,VA,2023-04-19,1,1,1,0,1,1,1,1,1,1,1,1,0,1,0,0,1,0
1951,2.51078421791669,0.31699380850184,VA,2023-04-20,1,1,1,0,1,1,1,0,0,1,1,1,0,0,0,0,0,0
1952,1.76326134621334,0.0895558430023875,VA,2023-04-21,1,1,1,1,0,0,1,1,1,1,1,1,1,0,0,0,1,1
1953,1.78762243158631,0.162130799318436,VA,2023-04-22,1,1,1,1,1,1,0,0,1,1,1,1,1,0,1,0,0,1
1954,0.61718610832977,0.1505092753941795,VA,2023-04-23,1,1,1,1,1,1,1,1,1,1,1,1,1,0,0,1,1,1
1955,1.05279349558549,0.2243552951145075,VA,2023-04-24,1,1,1,1,1,1,1,1,1,1,1,1,1,1,1,0,0,1
1956,3.34105335038727,0.3736196199030385,VA,2023-04-25,1,1,0,1,0,0,1,0,1,1,1,0,1,0,0,0,0,1
1957,0.965132750997406,0.1444279357503795,VA,2023-04-26,1,1,1,1,1,1,1,1,1,1,1,1,1,1,1,1,1,1
1958,1.41041668094377,0.1804052233620985,VA,2023-04-27,1,1,1,1,1,1,0,1,1,1,1,1,1,0,1,0,1,1
1959,1.7450937627864,0.4098386667835345,VA,2023-04-28,1,1,1,1,1,1,1,0,1,1,1,1,1,1,0,0,0,1
1960,2.93530868479681,0.374024746579703,VA,2023-04-29,1,1,1,1,1,1,0,0,0,1,1,1,1,0,0,1,0,0
1961,0.729567281014801,0.086895433742252,VA,2023-04-30,1,1,1,1,1,1,1,1,1,1,1,1,1,0,1,0,1,1
1962,2.26405406919987,0.167071444215844,VA,2023-05-01,1,1,1,1,0,1,0,1,1,1,1,1,1,1,0,0,1,1
1963,1.70145325082679,0.257431617175122,VA,2023-05-02,1,1,1,0,1,1,0,1,1,1,1,1,0,0,0,0,1,1
1964,2.97796536007906,0.173471023716901,VA,2023-05-03,1,1,1,1,0,1,0,1,0,1,1,1,1,0,0,0,1,0
1965,2.2116835084002,0.274210221939906,VA,2023-05-04,1,1,1,1,1,0,1,0,1,1,1,1,1,0,0,1,0,1
1966,3.527665043267,0.3122840477751965,VA,2023-05-05,1,1,0,1,1,1,0,1,1,1,1,0,1,0,0,0,1,1
1967,1.80454710263864,0.329490986265991,VA,2023-05-06,1,1,1,1,1,0,1,1,1,1,1,1,1,0,0,1,1,1
1968,1.51931647245257,0.3118214363271195,VA,2023-05-07,1,1,0,1,1,1,0,1,1,1,1,0,1,0,1,0,1,1
1969,2.6736441334078,0.3847455083957435,VA,2023-05-08,1,1,0,1,1,0,0,0,1,1,1,0,1,0,0,0,0,1
1970,1.70180818194782,0.281074351572206,VA,2023-05-09,1,1,1,1,0,1,0,0,1,1,1,1,1,0,1,1,0,1
1971,1.37751899836283,0.3046557906384495,VA,2023-05-10,1,1,0,1,1,1,1,1,1,1,1,0,1,0,0,0,1,1
1972,1.94261322430977,0.36538819511575,VA,2023-05-11,1,1,0,0,1,1,0,1,1,1,1,0,0,0,0,1,1,1
1973,1.56484161856307,0.336464593216226,VA,2023-05-12,1,1,1,1,1,1,0,0,1,1,1,1,1,1,0,1,0,1
1974,3.99915128961105,0.3264645428272435,VA,2023-05-13,1,1,1,0,0,0,0,1,1,1,1,1,0,1,0,0,1,1
1975,0.0942612719368621,0.00607305393950235,VT,2023-04-02,1,1,1,1,1,1,1,1,1,1,1,1,1,1,1,1,1,1
1976,0.0406122496088093,0.0064806957885467,VT,2023-04-03,1,1,1,1,1,1,1,1,1,1,1,1,1,1,1,1,1,1
1977,1.14153903050158,0.450584927662771,VT,2023-04-04,1,1,1,1,0,1,1,1,0,1,1,1,1,0,1,1,1,0
1978,0.959257534307107,0.294781479432302,VT,2023-04-05,1,1,1,1,1,1,0,1,1,1,1,1,1,1,1,1,1,1
1979,2.98572919312127,0.662326411091075,VT,2023-04-06,1,1,1,1,0,1,0,1,0,1,1,1,1,0,1,0,1,0
1980,0.94369048528936506,0.228098292811411,VT,2023-04-07,1,1,0,1,1,1,1,1,1,1,1,0,1,0,1,1,1,1
1981,1.0559110457711,0.4247218677212305,VT,2023-04-08,1,1,1,1,0,0,1,1,1,1,1,1,1,0,0,1,1,1
1982,0.0132758873577885,0.01021272435307135,VT,2023-04-09,1,1,1,1,1,1,1,1,1,1,1,1,1,1,1,1,1,1
1983,0.0486647388301916,0.0111111691614357,VT,2023-04-10,1,1,1,1,1,1,1,1,1,1,1,1,1,0,1,0,1,1
1984,0.12206432928872,0.01211070625871705,VT,2023-04-11,1,1,1,1,1,1,1,1,1,1,1,1,1,1,1,1,1,1
1985,0.95214432878923,0.4140987232597325,VT,2023-04-12,1,1,1,1,1,0,1,1,1,1,1,1,1,0,0,1,1,1
1986,0.225441769634153,0.0144545559971667,VT,2023-04-13,1,1,1,1,1,1,1,1,1,1,1,1,1,1,1,1,1,1
1987,NA,NA,VT,2023-04-14,NA,NA,NA,NA,NA,NA,NA,NA,NA,NA,NA,NA,NA,NA,NA,NA,NA,NA
1988,0.60759903884206,0.172573838999383,VT,2023-04-15,1,1,1,1,1,1,1,1,1,1,1,1,1,0,1,0,1,1
1989,0.166606233341858,0.01901264833647655,VT,2023-04-16,1,1,1,1,1,1,1,1,1,1,1,1,1,0,1,0,1,1
1990,1.43232320406187,0.413619424451866,VT,2023-04-17,1,1,1,1,0,1,1,1,0,1,1,1,1,0,1,1,1,0
1991,0.675553063237754,0.2093922376362335,VT,2023-04-18,1,1,1,1,1,0,1,1,1,1,1,1,1,1,0,0,1,1
1992,0.934917287339353,0.292838538217558,VT,2023-04-19,1,1,1,1,1,1,1,1,0,1,1,1,1,1,0,1,1,0
1993,1.08551602159032,0.75140827934917,VT,2023-04-20,1,1,1,1,0,0,1,1,1,1,1,1,1,0,0,1,1,1
1994,0.0414593392839807,0.0303727402514915,VT,2023-04-21,1,1,1,1,1,1,1,1,1,1,1,1,1,0,1,0,1,1
1995,0.144725706702939,0.0333661168973913,VT,2023-04-22,1,1,1,1,1,1,1,1,1,1,1,1,1,1,1,1,1,1
1996,0.0506264271508504,0.0366455788221888,VT,2023-04-23,1,1,1,1,1,1,1,1,1,1,1,1,1,1,1,1,1,1
1997,0.171920489815866,0.0402319245251056,VT,2023-04-24,1,1,1,1,1,1,1,1,1,1,1,1,1,1,1,1,1,1
1998,0.326000893690099,0.04414627841583,VT,2023-04-25,1,1,1,1,1,1,1,1,1,1,1,1,1,0,1,0,1,1
1999,NA,NA,VT,2023-04-26,NA,NA,NA,NA,NA,NA,NA,NA,NA,NA,NA,NA,NA,NA,NA,NA,NA,NA
2000,0.077663192312268,0.0530438008222595,VT,2023-04-27,1,1,1,1,1,1,1,1,1,1,1,1,1,1,1,1,1,1
2001,NA,NA,VT,2023-04-28,NA,NA,NA,NA,NA,NA,NA,NA,NA,NA,NA,NA,NA,NA,NA,NA,NA,NA
2002,0.93932793317683,0.0635046116386435,VT,2023-04-29,1,1,1,1,0,1,1,1,1,1,1,1,1,0,0,0,1,1
2003,NA,NA,VT,2023-04-30,NA,NA,NA,NA,NA,NA,NA,NA,NA,NA,NA,NA,NA,NA,NA,NA,NA,NA
2004,0.319176543058145,0.075683376018637,VT,2023-05-01,1,1,1,1,1,1,1,1,1,1,1,1,1,0,1,0,1,1
2005,0.831227092216361,0.082459494771207,VT,2023-05-02,1,1,1,1,0,1,1,1,1,1,1,1,1,0,1,0,1,1
2006,1.42088310359449,0.358552578086686,VT,2023-05-03,1,1,1,1,1,0,1,1,1,1,1,1,1,0,0,1,1,1
2007,0.148286472005577,0.0974530796467245,VT,2023-05-04,1,1,1,1,1,1,1,1,1,1,1,1,1,1,1,1,1,1
2008,NA,NA,VT,2023-05-05,NA,NA,NA,NA,NA,NA,NA,NA,NA,NA,NA,NA,NA,NA,NA,NA,NA,NA
2009,NA,NA,VT,2023-05-06,NA,NA,NA,NA,NA,NA,NA,NA,NA,NA,NA,NA,NA,NA,NA,NA,NA,NA
2010,NA,NA,VT,2023-05-07,NA,NA,NA,NA,NA,NA,NA,NA,NA,NA,NA,NA,NA,NA,NA,NA,NA,NA
2011,0.186957463036892,0.1334171445789175,VT,2023-05-08,1,1,1,1,1,1,1,1,1,1,1,1,1,0,1,0,1,1
2012,0.985846322578523,0.69510591662823,VT,2023-05-09,1,1,1,1,1,1,1,1,0,1,1,1,1,0,1,1,1,0
2013,NA,NA,VT,2023-05-10,NA,NA,NA,NA,NA,NA,NA,NA,NA,NA,NA,NA,NA,NA,NA,NA,NA,NA
2014,0.65041161011525,0.3239169972637515,VT,2023-05-11,1,1,1,1,1,1,1,1,1,1,1,1,1,1,0,0,1,1
2015,0.717735125510794,0.367888795133975,VT,2023-05-12,1,1,1,1,1,0,1,1,1,1,1,1,1,1,0,1,0,1
2016,NA,NA,VT,2023-05-13,NA,NA,NA,NA,NA,NA,NA,NA,NA,NA,NA,NA,NA,NA,NA,NA,NA,NA
2017,2.05161000509375,0.168300361534101,WA,2023-04-02,1,1,1,0,1,1,1,1,0,1,1,0,0,1,0,0,1,0
2018,1.7799080915835,0.101319472502753,WA,2023-04-03,1,1,1,1,1,1,1,1,0,1,1,0,1,0,0,1,1,0
2019,1.20013533040052,0.132041276992713,WA,2023-04-04,1,1,1,1,1,1,1,1,0,1,1,0,1,0,0,0,1,0
2020,3.18565111063048,0.2074060699048915,WA,2023-04-05,1,1,1,0,0,0,1,1,0,1,1,1,0,1,0,0,0,0
2021,1.41327129803456,0.085075710116423,WA,2023-04-06,1,1,1,1,1,1,1,1,1,1,1,0,1,0,0,0,0,1
2022,1.78919686053783,0.1552017149087865,WA,2023-04-07,1,1,1,1,1,1,1,1,0,1,1,1,1,0,0,0,0,0
2023,3.37725095427013,0.2670803628633145,WA,2023-04-08,1,1,1,1,0,1,1,1,0,1,1,0,1,0,0,0,0,0
2024,1.53002880553012,0.087100061637988,WA,2023-04-09,1,1,1,1,0,1,1,1,1,1,1,0,1,0,0,0,1,1
2025,1.24206237587137,0.1558258622452265,WA,2023-04-10,1,1,1,0,1,1,1,1,1,1,1,1,0,0,0,0,1,1
2026,8.12667199549186,0.3852544133897005,WA,2023-04-11,1,1,0,0,0,0,1,0,0,1,1,0,0,0,0,0,0,0
2027,3.5797718832777,0.292363115537731,WA,2023-04-12,1,1,0,0,0,1,1,1,0,1,1,0,0,0,1,0,1,0
2028,3.94222245812795,0.0598148894776525,WA,2023-04-13,1,1,1,1,0,0,0,1,0,1,1,0,1,0,0,0,0,0
2029,3.66441405449302,0.349153925766352,WA,2023-04-14,1,1,0,1,0,1,0,1,1,1,1,0,1,0,0,0,0,1
2030,6.89929650798832,0.3780687401404595,WA,2023-04-15,1,0,1,1,0,0,0,1,1,1,0,1,1,0,0,1,0,1
2031,2.13309077701738,0.247065990968968,WA,2023-04-16,1,1,1,1,1,0,1,1,0,1,1,1,1,0,0,0,1,0
2032,1.66557917098951,0.16597133829351499,WA,2023-04-17,1,1,1,1,1,0,1,1,1,1,1,0,0,0,0,0,0,1
2033,1.60483303603309,0.2214185861273435,WA,2023-04-18,1,1,1,0,1,1,1,1,0,1,1,1,0,0,0,0,0,0
2034,1.71456764262887,0.1871987880003415,WA,2023-04-19,1,1,1,0,1,1,1,1,0,1,1,1,0,0,0,0,0,0
2035,1.08968851823831,0.211004663023246,WA,2023-04-20,1,1,1,1,1,1,1,1,0,1,1,1,1,1,0,0,0,0
2036,1.66777834566251,0.2136730063268815,WA,2023-04-21,1,1,0,1,1,1,1,1,0,1,1,0,1,0,0,0,0,0
2037,3.45471184755656,0.40136742086935,WA,2023-04-22,1,1,0,1,0,0,1,1,0,1,1,0,1,0,0,0,0,0
2038,2.0639187239195,0.2699050240602245,WA,2023-04-23,1,1,0,0,1,0,1,0,1,1,1,0,0,0,1,0,0,1
2039,4.54320851911693,0.1336055813170035,WA,2023-04-24,1,1,0,1,0,1,0,1,1,1,1,0,1,0,0,0,1,1
2040,2.08718027920169,0.2788604585436875,WA,2023-04-25,1,1,1,0,1,1,0,0,1,1,1,1,0,0,1,0,0,1
2041,1.95015144580305,0.3024028430787835,WA,2023-04-26,1,1,0,1,1,1,1,1,0,1,1,1,1,0,0,0,0,0
2042,5.0137768255596,0.3272929988771045,WA,2023-04-27,1,1,1,1,0,0,1,0,0,1,1,1,1,0,0,1,0,0
2043,1.22215242042243,0.2402205940016925,WA,2023-04-28,1,1,1,1,1,1,1,1,1,1,1,1,1,1,0,0,1,1
2044,1.9177385330666,0.22731693207505,WA,2023-04-29,1,1,1,1,1,1,1,1,0,1,1,1,1,0,0,0,0,0
2045,3.44548737068475,0.52397557812048,WA,2023-04-30,1,1,1,0,0,1,1,0,0,1,1,1,0,0,0,0,0,0
2046,1.6955347659082,0.3035824460265575,WA,2023-05-01,1,1,1,1,1,1,1,1,1,1,1,1,0,1,1,1,0,1
2047,3.15375079671199,0.2618873755733045,WA,2023-05-02,1,1,1,0,1,0,1,1,0,1,1,1,0,0,0,0,0,0
2048,4.76209245821082,0.2178101551320905,WA,2023-05-03,1,1,1,1,0,1,0,1,0,1,1,1,1,0,0,0,0,0
2049,3.68389141262517,0.3330527758832245,WA,2023-05-04,1,1,1,1,1,1,1,1,0,1,1,1,1,0,0,0,0,0
2050,3.6701503822067,0.342281470774331,WA,2023-05-05,1,1,1,0,1,1,0,1,0,1,1,1,0,0,0,0,1,0
2051,0.941115137358099,0.285060894988097,WA,2023-05-06,1,1,1,1,1,1,1,0,1,1,1,1,1,0,0,0,0,1
2052,2.02170917099444,0.368108687440833,WA,2023-05-07,1,1,1,0,1,1,1,1,0,1,1,1,0,0,1,0,0,0
2053,2.7753059305652,0.3140695795505265,WA,2023-05-08,1,1,1,1,1,0,1,0,0,1,1,1,1,0,1,0,0,0
2054,4.24276482509332,0.3139216203942245,WA,2023-05-09,1,0,0,1,1,0,1,1,0,1,0,0,1,0,0,0,1,0
2055,1.148459173458,0.289619391492469,WA,2023-05-10,1,1,1,1,1,1,1,1,1,1,1,1,1,0,0,0,0,1
2056,7.12929594297733,0.328807436764614,WA,2023-05-11,1,1,1,0,0,0,0,0,1,1,1,1,0,0,0,0,0,1
2057,1.88097545066694,0.3172290012585355,WA,2023-05-12,1,1,1,1,1,1,0,1,1,1,1,1,1,0,0,0,1,1
2058,0.546265630194276,0.3258699502015255,WA,2023-05-13,1,1,1,1,1,1,1,1,1,1,1,1,1,1,0,0,1,1
2059,0.169039322080553,0.0095070379470451,WI,2023-04-02,1,1,1,1,1,1,1,1,1,1,1,0,1,0,1,1,1,1
2060,1.13581321028548,0.00991259974186555,WI,2023-04-03,1,1,1,1,0,1,1,1,1,1,1,1,1,0,1,1,0,1
2061,0.873653685095669,0.1841113197582995,WI,2023-04-04,1,1,1,1,1,1,1,0,1,1,1,1,1,0,1,1,0,1
2062,0.361273627002374,0.010893669935938,WI,2023-04-05,1,1,1,1,1,1,1,1,1,1,1,1,1,1,1,1,1,1
2063,0.538212409995422,0.146255894646731,WI,2023-04-06,1,1,1,1,1,1,1,1,1,1,1,1,1,1,1,1,1,1
2064,0.496297984504118,0.0121268112486197,WI,2023-04-07,1,1,1,1,1,1,1,1,1,1,1,1,1,1,1,1,1,1
2065,1.39035592505099,0.291738673658979,WI,2023-04-08,1,1,1,1,0,1,0,1,0,1,1,1,1,0,1,0,1,1
2066,NA,NA,WI,2023-04-09,NA,NA,NA,NA,NA,NA,NA,NA,NA,NA,NA,NA,NA,NA,NA,NA,NA,NA
2067,1.34423921357817,0.342516440118951,WI,2023-04-10,1,1,1,1,0,1,1,1,0,1,1,0,1,1,0,0,1,0
2068,2.05031334029552,0.248910796551093,WI,2023-04-11,1,1,1,0,0,1,1,1,1,1,1,1,0,0,1,0,1,1
2069,1.90166031337403,0.82895475316957,WI,2023-04-12,1,1,1,1,0,1,0,1,0,1,1,1,1,0,0,0,1,0
2070,0.504284575247552,0.1275350935412235,WI,2023-04-13,1,1,1,1,1,1,1,1,1,1,1,1,1,0,0,1,1,1
2071,0.938132786126424,0.293942070115205,WI,2023-04-14,1,1,0,1,1,1,1,1,1,1,1,0,1,0,1,1,1,1
2072,1.05783773055557,0.4342686517312185,WI,2023-04-15,1,1,1,1,1,1,1,1,0,1,1,1,1,0,1,1,1,0
2073,1.03958136573792,0.4291329014971575,WI,2023-04-16,1,1,0,1,1,1,1,1,1,1,1,0,1,0,1,1,1,1
2074,0.766269901232786,0.023709348399221,WI,2023-04-17,1,1,1,1,1,1,1,1,1,1,1,1,1,0,0,1,0,1
2075,0.490914052485165,0.02555659361427605,WI,2023-04-18,1,1,1,1,1,1,1,1,1,1,1,1,1,1,1,1,1,1
2076,0.038309758406012,0.02757021793037065,WI,2023-04-19,1,1,1,1,1,1,1,1,1,1,1,1,1,1,1,1,1,1
2077,NA,NA,WI,2023-04-20,NA,NA,NA,NA,NA,NA,NA,NA,NA,NA,NA,NA,NA,NA,NA,NA,NA,NA
2078,0.436698362270312,0.03214629955837355,WI,2023-04-21,1,1,1,1,1,1,1,1,1,1,1,1,1,0,0,1,1,1
2079,NA,NA,WI,2023-04-22,NA,NA,NA,NA,NA,NA,NA,NA,NA,NA,NA,NA,NA,NA,NA,NA,NA,NA
2080,0.178259942698142,0.0375421673256953,WI,2023-04-23,1,1,1,1,1,1,1,1,1,1,1,1,1,0,1,0,1,1
2081,1.02402998531558,0.19916129162117,WI,2023-04-24,1,1,1,1,1,1,1,0,1,1,1,1,1,0,1,1,0,1
2082,6.65248856093884,0.62652489714792,WI,2023-04-25,1,1,1,0,0,0,0,1,1,1,1,1,0,0,0,0,1,1
2083,3.84817702693387,0.668216241270045,WI,2023-04-26,1,1,1,1,0,0,0,1,1,1,1,1,1,0,0,0,1,1
2084,0.630931441304275,0.0512432982079735,WI,2023-04-27,1,1,1,1,1,1,1,1,1,1,1,1,1,1,1,1,1,1
2085,0.0701294221146352,0.055359375882306,WI,2023-04-28,1,1,1,1,1,1,1,1,1,1,1,1,1,1,1,1,1,1
2086,0.513780214486402,0.1686687507935135,WI,2023-04-29,1,1,1,1,1,1,1,1,1,1,1,1,1,0,0,0,1,1
2087,0.454492304807731,0.239511408233932,WI,2023-04-30,1,1,1,1,1,1,1,1,1,1,1,1,1,0,1,0,1,1
2088,1.60197214148442,0.1688614632707845,WI,2023-05-01,1,1,1,1,1,1,0,1,1,1,1,1,1,0,0,0,1,1
2089,0.649765649545686,0.220850927241,WI,2023-05-02,1,1,1,1,1,1,1,1,1,1,1,1,1,1,0,0,1,1
2090,1.53635515271864,0.461382968104263,WI,2023-05-03,1,1,1,1,0,0,1,1,1,1,1,1,1,0,0,0,1,1
2091,2.03568964094412,0.086933659386328,WI,2023-05-04,1,1,1,1,0,1,0,1,1,1,1,1,1,0,0,0,0,1
2092,1.51655275270632,0.3109812068208245,WI,2023-05-05,1,1,1,0,1,1,0,1,1,1,1,1,0,0,0,0,1,1
2093,NA,NA,WI,2023-05-06,NA,NA,NA,NA,NA,NA,NA,NA,NA,NA,NA,NA,NA,NA,NA,NA,NA,NA
2094,NA,NA,WI,2023-05-07,NA,NA,NA,NA,NA,NA,NA,NA,NA,NA,NA,NA,NA,NA,NA,NA,NA,NA
2095,2.86903345713418,0.172413602976472,WI,2023-05-08,1,1,1,1,0,1,0,1,1,1,1,1,1,0,0,1,1,1
2096,2.81430438726088,0.4349141365312355,WI,2023-05-09,1,1,1,1,0,1,0,0,0,1,1,1,1,1,0,0,0,0
2097,0.635577986305667,0.262069083959578,WI,2023-05-10,1,1,1,1,1,1,1,1,1,1,1,1,1,0,0,0,1,1
2098,1.22552389889262,0.140898163177128,WI,2023-05-11,1,1,1,1,0,1,1,1,1,1,1,1,1,0,0,1,1,1
2099,0.200778190344835,0.150214407746594,WI,2023-05-12,1,1,1,1,1,1,1,1,1,1,1,1,1,0,0,1,1,1
2100,NA,NA,WI,2023-05-13,NA,NA,NA,NA,NA,NA,NA,NA,NA,NA,NA,NA,NA,NA,NA,NA,NA,NA
2101,NA,NA,WV,2023-04-02,NA,NA,NA,NA,NA,NA,NA,NA,NA,NA,NA,NA,NA,NA,NA,NA,NA,NA
2102,NA,NA,WV,2023-04-03,NA,NA,NA,NA,NA,NA,NA,NA,NA,NA,NA,NA,NA,NA,NA,NA,NA,NA
2103,0.0113186582183288,0.0109821868450527,WV,2023-04-04,1,1,1,1,1,1,1,1,1,1,1,1,1,1,1,1,1,1
2104,0.0125694735432251,0.0118153546340114,WV,2023-04-05,1,1,1,1,1,1,1,1,1,1,1,1,1,1,1,1,1,1
2105,1.00966296871566,0.4103344387050005,WV,2023-04-06,1,1,1,1,0,1,0,1,1,1,1,1,1,1,0,0,1,1
2106,0.0937865533075343,0.0138097233969061,WV,2023-04-07,1,1,1,1,1,1,1,1,1,1,1,1,1,1,1,1,1,1
2107,NA,NA,WV,2023-04-08,NA,NA,NA,NA,NA,NA,NA,NA,NA,NA,NA,NA,NA,NA,NA,NA,NA,NA
2108,NA,NA,WV,2023-04-09,NA,NA,NA,NA,NA,NA,NA,NA,NA,NA,NA,NA,NA,NA,NA,NA,NA,NA
2109,0.0187648037374563,0.01777599999736425,WV,2023-04-10,1,1,1,1,1,1,1,1,1,1,1,1,1,1,1,1,1,1
2110,0.960633333176541,0.4130494563203995,WV,2023-04-11,1,1,1,1,1,0,1,1,1,1,1,1,1,0,1,0,1,1
2111,0.0191346064414206,0.02120910826770625,WV,2023-04-12,1,1,1,1,1,1,1,1,1,1,1,1,1,1,1,1,1,1
2112,NA,NA,WV,2023-04-13,NA,NA,NA,NA,NA,NA,NA,NA,NA,NA,NA,NA,NA,NA,NA,NA,NA,NA
2113,0.0239350978045835,0.0254005083408834,WV,2023-04-14,1,1,1,1,1,1,1,1,1,1,1,1,1,0,1,0,1,1
2114,0.0275491629848868,0.0278178952238243,WV,2023-04-15,1,1,1,1,1,1,1,1,1,1,1,1,1,1,1,1,1,1
2115,NA,NA,WV,2023-04-16,NA,NA,NA,NA,NA,NA,NA,NA,NA,NA,NA,NA,NA,NA,NA,NA,NA,NA
2116,0.0324630601329445,0.0333749879564971,WV,2023-04-17,1,1,1,1,1,1,1,1,1,1,1,1,1,0,1,0,1,1
2117,NA,NA,WV,2023-04-18,NA,NA,NA,NA,NA,NA,NA,NA,NA,NA,NA,NA,NA,NA,NA,NA,NA,NA
2118,NA,NA,WV,2023-04-19,NA,NA,NA,NA,NA,NA,NA,NA,NA,NA,NA,NA,NA,NA,NA,NA,NA,NA
2119,0.234338079583756,0.0437610379985194,WV,2023-04-20,1,1,1,1,1,1,1,1,1,1,1,1,1,0,1,0,1,1
2120,0.132216038017618,0.047835102928979,WV,2023-04-21,1,1,1,1,1,1,1,1,1,1,1,1,1,0,0,1,1,1
2121,NA,NA,WV,2023-04-22,NA,NA,NA,NA,NA,NA,NA,NA,NA,NA,NA,NA,NA,NA,NA,NA,NA,NA
2122,NA,NA,WV,2023-04-23,NA,NA,NA,NA,NA,NA,NA,NA,NA,NA,NA,NA,NA,NA,NA,NA,NA,NA
2123,NA,NA,WV,2023-04-24,NA,NA,NA,NA,NA,NA,NA,NA,NA,NA,NA,NA,NA,NA,NA,NA,NA,NA
2124,NA,NA,WV,2023-04-25,NA,NA,NA,NA,NA,NA,NA,NA,NA,NA,NA,NA,NA,NA,NA,NA,NA,NA
2125,NA,NA,WV,2023-04-26,NA,NA,NA,NA,NA,NA,NA,NA,NA,NA,NA,NA,NA,NA,NA,NA,NA,NA
2126,1.11109617506363,0.75966867773626,WV,2023-04-27,1,1,1,1,1,1,1,1,0,1,1,1,1,0,1,1,1,0
2127,NA,NA,WV,2023-04-28,NA,NA,NA,NA,NA,NA,NA,NA,NA,NA,NA,NA,NA,NA,NA,NA,NA,NA
2128,NA,NA,WV,2023-04-29,NA,NA,NA,NA,NA,NA,NA,NA,NA,NA,NA,NA,NA,NA,NA,NA,NA,NA
2129,NA,NA,WV,2023-04-30,NA,NA,NA,NA,NA,NA,NA,NA,NA,NA,NA,NA,NA,NA,NA,NA,NA,NA
2130,0.095155910989038,0.1090396602386985,WV,2023-05-01,1,1,1,1,1,1,1,1,1,1,1,1,1,1,1,1,1,1
2131,NA,NA,WV,2023-05-02,NA,NA,NA,NA,NA,NA,NA,NA,NA,NA,NA,NA,NA,NA,NA,NA,NA,NA
2132,0.106089238460507,0.1262554350848525,WV,2023-05-03,1,1,1,1,1,1,1,1,1,1,1,1,1,1,1,1,1,1
2133,NA,NA,WV,2023-05-04,NA,NA,NA,NA,NA,NA,NA,NA,NA,NA,NA,NA,NA,NA,NA,NA,NA,NA
2134,0.932530725862228,0.648058808522175,WV,2023-05-05,1,1,1,1,1,0,1,1,1,1,1,1,1,0,0,1,1,1
2135,NA,NA,WV,2023-05-06,NA,NA,NA,NA,NA,NA,NA,NA,NA,NA,NA,NA,NA,NA,NA,NA,NA,NA
2136,NA,NA,WV,2023-05-07,NA,NA,NA,NA,NA,NA,NA,NA,NA,NA,NA,NA,NA,NA,NA,NA,NA,NA
2137,1.80722529667573,0.636523047991725,WV,2023-05-08,1,1,1,1,0,0,1,1,1,1,1,1,1,0,0,0,1,1
2138,0.804115704183791,0.188208159755035,WV,2023-05-09,1,1,1,1,1,1,1,1,1,1,1,1,1,0,0,1,1,1
2139,NA,NA,WV,2023-05-10,NA,NA,NA,NA,NA,NA,NA,NA,NA,NA,NA,NA,NA,NA,NA,NA,NA,NA
2140,0.366886897680397,0.2581187767496185,WV,2023-05-11,1,1,1,1,1,1,1,1,1,1,1,1,1,0,1,0,1,1
2141,NA,NA,WV,2023-05-12,NA,NA,NA,NA,NA,NA,NA,NA,NA,NA,NA,NA,NA,NA,NA,NA,NA,NA
2142,NA,NA,WV,2023-05-13,NA,NA,NA,NA,NA,NA,NA,NA,NA,NA,NA,NA,NA,NA,NA,NA,NA,NA
2143,NA,NA,WY,2023-04-02,NA,NA,NA,NA,NA,NA,NA,NA,NA,NA,NA,NA,NA,NA,NA,NA,NA,NA
2144,NA,NA,WY,2023-04-03,NA,NA,NA,NA,NA,NA,NA,NA,NA,NA,NA,NA,NA,NA,NA,NA,NA,NA
2145,NA,NA,WY,2023-04-04,NA,NA,NA,NA,NA,NA,NA,NA,NA,NA,NA,NA,NA,NA,NA,NA,NA,NA
2146,NA,NA,WY,2023-04-05,NA,NA,NA,NA,NA,NA,NA,NA,NA,NA,NA,NA,NA,NA,NA,NA,NA,NA
2147,NA,NA,WY,2023-04-06,NA,NA,NA,NA,NA,NA,NA,NA,NA,NA,NA,NA,NA,NA,NA,NA,NA,NA
2148,NA,NA,WY,2023-04-07,NA,NA,NA,NA,NA,NA,NA,NA,NA,NA,NA,NA,NA,NA,NA,NA,NA,NA
2149,NA,NA,WY,2023-04-08,NA,NA,NA,NA,NA,NA,NA,NA,NA,NA,NA,NA,NA,NA,NA,NA,NA,NA
2150,NA,NA,WY,2023-04-09,NA,NA,NA,NA,NA,NA,NA,NA,NA,NA,NA,NA,NA,NA,NA,NA,NA,NA
2151,NA,NA,WY,2023-04-10,NA,NA,NA,NA,NA,NA,NA,NA,NA,NA,NA,NA,NA,NA,NA,NA,NA,NA
2152,NA,NA,WY,2023-04-11,NA,NA,NA,NA,NA,NA,NA,NA,NA,NA,NA,NA,NA,NA,NA,NA,NA,NA
2153,NA,NA,WY,2023-04-12,NA,NA,NA,NA,NA,NA,NA,NA,NA,NA,NA,NA,NA,NA,NA,NA,NA,NA
2154,NA,NA,WY,2023-04-13,NA,NA,NA,NA,NA,NA,NA,NA,NA,NA,NA,NA,NA,NA,NA,NA,NA,NA
2155,NA,NA,WY,2023-04-14,NA,NA,NA,NA,NA,NA,NA,NA,NA,NA,NA,NA,NA,NA,NA,NA,NA,NA
2156,NA,NA,WY,2023-04-15,NA,NA,NA,NA,NA,NA,NA,NA,NA,NA,NA,NA,NA,NA,NA,NA,NA,NA
2157,NA,NA,WY,2023-04-16,NA,NA,NA,NA,NA,NA,NA,NA,NA,NA,NA,NA,NA,NA,NA,NA,NA,NA
2158,NA,NA,WY,2023-04-17,NA,NA,NA,NA,NA,NA,NA,NA,NA,NA,NA,NA,NA,NA,NA,NA,NA,NA
2159,NA,NA,WY,2023-04-18,NA,NA,NA,NA,NA,NA,NA,NA,NA,NA,NA,NA,NA,NA,NA,NA,NA,NA
2160,NA,NA,WY,2023-04-19,NA,NA,NA,NA,NA,NA,NA,NA,NA,NA,NA,NA,NA,NA,NA,NA,NA,NA
2161,NA,NA,WY,2023-04-20,NA,NA,NA,NA,NA,NA,NA,NA,NA,NA,NA,NA,NA,NA,NA,NA,NA,NA
2162,NA,NA,WY,2023-04-21,NA,NA,NA,NA,NA,NA,NA,NA,NA,NA,NA,NA,NA,NA,NA,NA,NA,NA
2163,NA,NA,WY,2023-04-22,NA,NA,NA,NA,NA,NA,NA,NA,NA,NA,NA,NA,NA,NA,NA,NA,NA,NA
2164,NA,NA,WY,2023-04-23,NA,NA,NA,NA,NA,NA,NA,NA,NA,NA,NA,NA,NA,NA,NA,NA,NA,NA
2165,0.916920933504656,0.617763952622785,WY,2023-04-24,1,1,1,0,1,1,1,1,1,1,1,1,0,1,1,0,1,1
2166,NA,NA,WY,2023-04-25,NA,NA,NA,NA,NA,NA,NA,NA,NA,NA,NA,NA,NA,NA,NA,NA,NA,NA
2167,NA,NA,WY,2023-04-26,NA,NA,NA,NA,NA,NA,NA,NA,NA,NA,NA,NA,NA,NA,NA,NA,NA,NA
2168,NA,NA,WY,2023-04-27,NA,NA,NA,NA,NA,NA,NA,NA,NA,NA,NA,NA,NA,NA,NA,NA,NA,NA
2169,NA,NA,WY,2023-04-28,NA,NA,NA,NA,NA,NA,NA,NA,NA,NA,NA,NA,NA,NA,NA,NA,NA,NA
2170,NA,NA,WY,2023-04-29,NA,NA,NA,NA,NA,NA,NA,NA,NA,NA,NA,NA,NA,NA,NA,NA,NA,NA
2171,NA,NA,WY,2023-04-30,NA,NA,NA,NA,NA,NA,NA,NA,NA,NA,NA,NA,NA,NA,NA,NA,NA,NA
2172,NA,NA,WY,2023-05-01,NA,NA,NA,NA,NA,NA,NA,NA,NA,NA,NA,NA,NA,NA,NA,NA,NA,NA
2173,NA,NA,WY,2023-05-02,NA,NA,NA,NA,NA,NA,NA,NA,NA,NA,NA,NA,NA,NA,NA,NA,NA,NA
2174,NA,NA,WY,2023-05-03,NA,NA,NA,NA,NA,NA,NA,NA,NA,NA,NA,NA,NA,NA,NA,NA,NA,NA
2175,NA,NA,WY,2023-05-04,NA,NA,NA,NA,NA,NA,NA,NA,NA,NA,NA,NA,NA,NA,NA,NA,NA,NA
2176,NA,NA,WY,2023-05-05,NA,NA,NA,NA,NA,NA,NA,NA,NA,NA,NA,NA,NA,NA,NA,NA,NA,NA
2177,NA,NA,WY,2023-05-06,NA,NA,NA,NA,NA,NA,NA,NA,NA,NA,NA,NA,NA,NA,NA,NA,NA,NA
2178,NA,NA,WY,2023-05-07,NA,NA,NA,NA,NA,NA,NA,NA,NA,NA,NA,NA,NA,NA,NA,NA,NA,NA
2179,NA,NA,WY,2023-05-08,NA,NA,NA,NA,NA,NA,NA,NA,NA,NA,NA,NA,NA,NA,NA,NA,NA,NA
2180,0.456605548801665,0.293778558711619,WY,2023-05-09,1,1,1,1,1,1,1,1,1,1,1,1,1,1,1,1,1,1
2181,NA,NA,WY,2023-05-10,NA,NA,NA,NA,NA,NA,NA,NA,NA,NA,NA,NA,NA,NA,NA,NA,NA,NA
2182,NA,NA,WY,2023-05-11,NA,NA,NA,NA,NA,NA,NA,NA,NA,NA,NA,NA,NA,NA,NA,NA,NA,NA
2183,NA,NA,WY,2023-05-12,NA,NA,NA,NA,NA,NA,NA,NA,NA,NA,NA,NA,NA,NA,NA,NA,NA,NA
2184,NA,NA,WY,2023-05-13,NA,NA,NA,NA,NA,NA,NA,NA,NA,NA,NA,NA,NA,NA,NA,NA,NA,NA
