...1,es_score,brier_score,location,target_date,X22F_50_CI,X23A_50_CI,X23B_50_CI,X23D_50_CI,X23F_50_CI,X24A_50_CI,X23H_50_CI,X23I_50_CI,other_50_CI,X22F_95_CI,X23A_95_CI,X23B_95_CI,X23D_95_CI,X23F_95_CI,X24A_95_CI,X23H_95_CI,X23I_95_CI,other_95_CI
1,NA,NA,AK,2023-12-24,NA,NA,NA,NA,NA,NA,NA,NA,NA,NA,NA,NA,NA,NA,NA,NA,NA,NA
2,NA,NA,AK,2023-12-25,NA,NA,NA,NA,NA,NA,NA,NA,NA,NA,NA,NA,NA,NA,NA,NA,NA,NA
3,NA,NA,AK,2023-12-26,NA,NA,NA,NA,NA,NA,NA,NA,NA,NA,NA,NA,NA,NA,NA,NA,NA,NA
4,NA,NA,AK,2023-12-27,NA,NA,NA,NA,NA,NA,NA,NA,NA,NA,NA,NA,NA,NA,NA,NA,NA,NA
5,NA,NA,AK,2023-12-28,NA,NA,NA,NA,NA,NA,NA,NA,NA,NA,NA,NA,NA,NA,NA,NA,NA,NA
6,NA,NA,AK,2023-12-29,NA,NA,NA,NA,NA,NA,NA,NA,NA,NA,NA,NA,NA,NA,NA,NA,NA,NA
7,NA,NA,AK,2023-12-30,NA,NA,NA,NA,NA,NA,NA,NA,NA,NA,NA,NA,NA,NA,NA,NA,NA,NA
8,NA,NA,AK,2023-12-31,NA,NA,NA,NA,NA,NA,NA,NA,NA,NA,NA,NA,NA,NA,NA,NA,NA,NA
9,NA,NA,AK,2024-01-01,NA,NA,NA,NA,NA,NA,NA,NA,NA,NA,NA,NA,NA,NA,NA,NA,NA,NA
10,NA,NA,AK,2024-01-02,NA,NA,NA,NA,NA,NA,NA,NA,NA,NA,NA,NA,NA,NA,NA,NA,NA,NA
11,NA,NA,AK,2024-01-03,NA,NA,NA,NA,NA,NA,NA,NA,NA,NA,NA,NA,NA,NA,NA,NA,NA,NA
12,0.110035799382902,0.0608423472939685,AK,2024-01-04,1,1,1,1,1,1,1,1,1,1,1,1,1,1,1,1,1,1
13,0.832574529545628,0.285632304523935,AK,2024-01-05,1,1,1,0,1,1,1,1,1,1,1,1,0,1,0,1,1,1
14,NA,NA,AK,2024-01-06,NA,NA,NA,NA,NA,NA,NA,NA,NA,NA,NA,NA,NA,NA,NA,NA,NA,NA
15,NA,NA,AK,2024-01-07,NA,NA,NA,NA,NA,NA,NA,NA,NA,NA,NA,NA,NA,NA,NA,NA,NA,NA
16,0.0715680874236307,0.04055041744056645,AK,2024-01-08,1,1,1,1,1,1,1,1,1,1,1,1,1,1,0,0,1,1
17,0.385652806924044,0.03647660486741775,AK,2024-01-09,1,1,1,1,1,1,1,1,1,1,1,1,1,0,0,0,1,1
18,0.185938630634072,0.03275846271162345,AK,2024-01-10,1,1,1,1,1,1,1,1,1,1,1,1,1,1,0,0,1,1
19,0.0622447713808929,0.0293733840118599,AK,2024-01-11,1,1,1,1,1,1,1,1,1,1,1,1,1,0,0,1,1,1
20,NA,NA,AK,2024-01-12,NA,NA,NA,NA,NA,NA,NA,NA,NA,NA,NA,NA,NA,NA,NA,NA,NA,NA
21,NA,NA,AK,2024-01-13,NA,NA,NA,NA,NA,NA,NA,NA,NA,NA,NA,NA,NA,NA,NA,NA,NA,NA
22,NA,NA,AK,2024-01-14,NA,NA,NA,NA,NA,NA,NA,NA,NA,NA,NA,NA,NA,NA,NA,NA,NA,NA
23,1.01025062827477,0.76176570472059,AK,2024-01-15,1,1,1,1,0,0,1,1,1,1,1,1,1,0,1,0,1,1
24,0.0343358041542624,0.01667346767657035,AK,2024-01-16,1,1,1,1,1,1,1,1,1,1,1,1,1,1,1,1,1,1
25,0.212601124002785,0.01483342126614065,AK,2024-01-17,1,1,1,1,1,1,1,1,1,1,1,1,1,1,0,0,1,1
26,1.03547792004736,0.4383993977312985,AK,2024-01-18,1,1,1,0,1,1,1,1,1,1,1,1,0,1,0,1,1,1
27,NA,NA,AK,2024-01-19,NA,NA,NA,NA,NA,NA,NA,NA,NA,NA,NA,NA,NA,NA,NA,NA,NA,NA
28,NA,NA,AK,2024-01-20,NA,NA,NA,NA,NA,NA,NA,NA,NA,NA,NA,NA,NA,NA,NA,NA,NA,NA
29,NA,NA,AK,2024-01-21,NA,NA,NA,NA,NA,NA,NA,NA,NA,NA,NA,NA,NA,NA,NA,NA,NA,NA
30,NA,NA,AK,2024-01-22,NA,NA,NA,NA,NA,NA,NA,NA,NA,NA,NA,NA,NA,NA,NA,NA,NA,NA
31,0.0528211731379444,0.00720805077954915,AK,2024-01-23,1,1,1,1,1,1,1,1,1,1,1,1,1,0,0,1,1,1
32,NA,NA,AK,2024-01-24,NA,NA,NA,NA,NA,NA,NA,NA,NA,NA,NA,NA,NA,NA,NA,NA,NA,NA
33,1.25471052404494,0.908211931650105,AK,2024-01-25,1,1,1,0,1,0,1,1,1,1,1,1,0,1,0,1,1,1
34,0.0363587419517725,0.004974102366705475,AK,2024-01-26,1,1,1,1,1,1,1,1,1,1,1,1,1,1,1,1,1,1
35,0.0108176164983068,0.00439063956470424,AK,2024-01-27,1,1,1,1,1,1,1,1,1,1,1,1,1,1,1,1,1,1
36,0.00896294612516699,0.003873782160769795,AK,2024-01-28,1,1,1,1,1,1,1,1,1,1,1,0,1,1,0,1,1,1
37,0.00765233785225845,0.003416316019391,AK,2024-01-29,1,1,1,1,1,1,1,1,1,1,1,1,1,1,1,1,1,1
38,0.00680232479312055,0.003011733699131285,AK,2024-01-30,1,1,1,1,1,1,1,1,1,1,1,1,1,1,1,1,1,1
39,NA,NA,AK,2024-01-31,NA,NA,NA,NA,NA,NA,NA,NA,NA,NA,NA,NA,NA,NA,NA,NA,NA,NA
40,0.00627738286262233,0.00233839353296295,AK,2024-02-01,1,1,1,1,1,1,1,1,1,1,1,1,1,1,1,1,1,1
41,1.23417456382628,0.472701561186071,AK,2024-02-02,1,1,1,0,1,0,1,1,1,1,1,1,0,1,0,1,1,1
42,NA,NA,AK,2024-02-03,NA,NA,NA,NA,NA,NA,NA,NA,NA,NA,NA,NA,NA,NA,NA,NA,NA,NA
43,NA,NA,AL,2023-12-24,NA,NA,NA,NA,NA,NA,NA,NA,NA,NA,NA,NA,NA,NA,NA,NA,NA,NA
44,NA,NA,AL,2023-12-25,NA,NA,NA,NA,NA,NA,NA,NA,NA,NA,NA,NA,NA,NA,NA,NA,NA,NA
45,NA,NA,AL,2023-12-26,NA,NA,NA,NA,NA,NA,NA,NA,NA,NA,NA,NA,NA,NA,NA,NA,NA,NA
46,NA,NA,AL,2023-12-27,NA,NA,NA,NA,NA,NA,NA,NA,NA,NA,NA,NA,NA,NA,NA,NA,NA,NA
47,0.388835897495931,0.2656678993743275,AL,2023-12-28,1,1,1,1,1,1,1,1,1,1,1,1,1,1,1,1,1,1
48,NA,NA,AL,2023-12-29,NA,NA,NA,NA,NA,NA,NA,NA,NA,NA,NA,NA,NA,NA,NA,NA,NA,NA
49,NA,NA,AL,2023-12-30,NA,NA,NA,NA,NA,NA,NA,NA,NA,NA,NA,NA,NA,NA,NA,NA,NA,NA
50,NA,NA,AL,2023-12-31,NA,NA,NA,NA,NA,NA,NA,NA,NA,NA,NA,NA,NA,NA,NA,NA,NA,NA
51,NA,NA,AL,2024-01-01,NA,NA,NA,NA,NA,NA,NA,NA,NA,NA,NA,NA,NA,NA,NA,NA,NA,NA
52,0.27043154582046,0.202426984847211,AL,2024-01-02,1,1,1,1,1,1,1,1,1,1,1,0,1,1,0,1,1,1
53,1.07524773775812,0.4962731952991895,AL,2024-01-03,1,0,1,1,1,1,1,1,1,1,0,1,1,0,1,1,1,1
54,0.258447712223696,0.1778040115589195,AL,2024-01-04,1,1,1,1,1,1,1,1,1,1,1,1,1,1,1,1,1,1
55,NA,NA,AL,2024-01-05,NA,NA,NA,NA,NA,NA,NA,NA,NA,NA,NA,NA,NA,NA,NA,NA,NA,NA
56,NA,NA,AL,2024-01-06,NA,NA,NA,NA,NA,NA,NA,NA,NA,NA,NA,NA,NA,NA,NA,NA,NA,NA
57,0.975738881936555,0.3234348212515905,AL,2024-01-07,1,1,1,0,1,1,1,1,1,1,1,1,0,0,1,1,1,1
58,NA,NA,AL,2024-01-08,NA,NA,NA,NA,NA,NA,NA,NA,NA,NA,NA,NA,NA,NA,NA,NA,NA,NA
59,NA,NA,AL,2024-01-09,NA,NA,NA,NA,NA,NA,NA,NA,NA,NA,NA,NA,NA,NA,NA,NA,NA,NA
60,NA,NA,AL,2024-01-10,NA,NA,NA,NA,NA,NA,NA,NA,NA,NA,NA,NA,NA,NA,NA,NA,NA,NA
61,NA,NA,AL,2024-01-11,NA,NA,NA,NA,NA,NA,NA,NA,NA,NA,NA,NA,NA,NA,NA,NA,NA,NA
62,NA,NA,AL,2024-01-12,NA,NA,NA,NA,NA,NA,NA,NA,NA,NA,NA,NA,NA,NA,NA,NA,NA,NA
63,NA,NA,AL,2024-01-13,NA,NA,NA,NA,NA,NA,NA,NA,NA,NA,NA,NA,NA,NA,NA,NA,NA,NA
64,NA,NA,AL,2024-01-14,NA,NA,NA,NA,NA,NA,NA,NA,NA,NA,NA,NA,NA,NA,NA,NA,NA,NA
65,0.108226072724543,0.07490393357202,AL,2024-01-15,1,1,1,1,1,1,1,1,1,1,1,1,1,1,1,1,1,1
66,NA,NA,AL,2024-01-16,NA,NA,NA,NA,NA,NA,NA,NA,NA,NA,NA,NA,NA,NA,NA,NA,NA,NA
67,NA,NA,AL,2024-01-17,NA,NA,NA,NA,NA,NA,NA,NA,NA,NA,NA,NA,NA,NA,NA,NA,NA,NA
68,0.548492896602592,0.3250154583145085,AL,2024-01-18,1,1,1,1,1,1,1,1,1,1,1,1,1,0,0,1,1,1
69,NA,NA,AL,2024-01-19,NA,NA,NA,NA,NA,NA,NA,NA,NA,NA,NA,NA,NA,NA,NA,NA,NA,NA
70,NA,NA,AL,2024-01-20,NA,NA,NA,NA,NA,NA,NA,NA,NA,NA,NA,NA,NA,NA,NA,NA,NA,NA
71,NA,NA,AL,2024-01-21,NA,NA,NA,NA,NA,NA,NA,NA,NA,NA,NA,NA,NA,NA,NA,NA,NA,NA
72,0.0557667540399941,0.038414412080841,AL,2024-01-22,1,1,1,1,1,1,1,1,1,1,1,1,1,1,0,1,0,1
73,NA,NA,AL,2024-01-23,NA,NA,NA,NA,NA,NA,NA,NA,NA,NA,NA,NA,NA,NA,NA,NA,NA,NA
74,NA,NA,AL,2024-01-24,NA,NA,NA,NA,NA,NA,NA,NA,NA,NA,NA,NA,NA,NA,NA,NA,NA,NA
75,NA,NA,AL,2024-01-25,NA,NA,NA,NA,NA,NA,NA,NA,NA,NA,NA,NA,NA,NA,NA,NA,NA,NA
76,1.00489381358444,0.7153994486495,AL,2024-01-26,1,1,1,1,0,0,1,1,1,1,1,1,1,0,0,1,1,1
77,NA,NA,AL,2024-01-27,NA,NA,NA,NA,NA,NA,NA,NA,NA,NA,NA,NA,NA,NA,NA,NA,NA,NA
78,NA,NA,AL,2024-01-28,NA,NA,NA,NA,NA,NA,NA,NA,NA,NA,NA,NA,NA,NA,NA,NA,NA,NA
79,NA,NA,AL,2024-01-29,NA,NA,NA,NA,NA,NA,NA,NA,NA,NA,NA,NA,NA,NA,NA,NA,NA,NA
80,NA,NA,AL,2024-01-30,NA,NA,NA,NA,NA,NA,NA,NA,NA,NA,NA,NA,NA,NA,NA,NA,NA,NA
81,NA,NA,AL,2024-01-31,NA,NA,NA,NA,NA,NA,NA,NA,NA,NA,NA,NA,NA,NA,NA,NA,NA,NA
82,0.0176584927573306,0.0131676016955579,AL,2024-02-01,1,1,1,1,1,1,1,1,1,1,1,1,1,1,1,1,1,1
83,NA,NA,AL,2024-02-02,NA,NA,NA,NA,NA,NA,NA,NA,NA,NA,NA,NA,NA,NA,NA,NA,NA,NA
84,NA,NA,AL,2024-02-03,NA,NA,NA,NA,NA,NA,NA,NA,NA,NA,NA,NA,NA,NA,NA,NA,NA,NA
85,NA,NA,AR,2023-12-24,NA,NA,NA,NA,NA,NA,NA,NA,NA,NA,NA,NA,NA,NA,NA,NA,NA,NA
86,NA,NA,AR,2023-12-25,NA,NA,NA,NA,NA,NA,NA,NA,NA,NA,NA,NA,NA,NA,NA,NA,NA,NA
87,NA,NA,AR,2023-12-26,NA,NA,NA,NA,NA,NA,NA,NA,NA,NA,NA,NA,NA,NA,NA,NA,NA,NA
88,0.718229029583655,0.375651558626186,AR,2023-12-27,1,1,1,1,1,1,0,1,1,1,1,1,1,1,1,1,1,1
89,1.76209589924506,0.383321796691754,AR,2023-12-28,1,1,1,1,0,1,1,1,1,1,1,0,0,0,0,1,1,1
90,NA,NA,AR,2023-12-29,NA,NA,NA,NA,NA,NA,NA,NA,NA,NA,NA,NA,NA,NA,NA,NA,NA,NA
91,NA,NA,AR,2023-12-30,NA,NA,NA,NA,NA,NA,NA,NA,NA,NA,NA,NA,NA,NA,NA,NA,NA,NA
92,NA,NA,AR,2023-12-31,NA,NA,NA,NA,NA,NA,NA,NA,NA,NA,NA,NA,NA,NA,NA,NA,NA,NA
93,NA,NA,AR,2024-01-01,NA,NA,NA,NA,NA,NA,NA,NA,NA,NA,NA,NA,NA,NA,NA,NA,NA,NA
94,0.131431818191102,0.0935929421736305,AR,2024-01-02,1,1,1,1,1,1,1,1,1,1,1,1,1,1,1,1,1,1
95,0.642281036695858,0.0856763431491735,AR,2024-01-03,1,1,1,1,1,1,1,1,1,1,1,0,1,1,0,1,1,1
96,1.0709284013509,0.3230502747453105,AR,2024-01-04,1,1,1,0,1,1,0,1,1,1,1,1,0,0,1,0,1,1
97,0.109640682250941,0.0713299399109605,AR,2024-01-05,1,1,1,1,1,1,1,1,1,1,1,1,1,1,1,1,1,1
98,NA,NA,AR,2024-01-06,NA,NA,NA,NA,NA,NA,NA,NA,NA,NA,NA,NA,NA,NA,NA,NA,NA,NA
99,NA,NA,AR,2024-01-07,NA,NA,NA,NA,NA,NA,NA,NA,NA,NA,NA,NA,NA,NA,NA,NA,NA,NA
100,NA,NA,AR,2024-01-08,NA,NA,NA,NA,NA,NA,NA,NA,NA,NA,NA,NA,NA,NA,NA,NA,NA,NA
101,NA,NA,AR,2024-01-09,NA,NA,NA,NA,NA,NA,NA,NA,NA,NA,NA,NA,NA,NA,NA,NA,NA,NA
102,1.07855442802387,0.764552815999235,AR,2024-01-10,1,1,1,1,1,1,1,1,0,1,1,1,1,1,0,1,1,0
103,0.176691362020776,0.03924058993294225,AR,2024-01-11,1,1,1,1,1,1,1,1,1,1,1,1,1,1,0,1,0,1
104,0.931003706480386,0.40986612563022,AR,2024-01-12,1,1,1,1,1,1,1,1,0,1,1,1,1,1,0,1,1,0
105,NA,NA,AR,2024-01-13,NA,NA,NA,NA,NA,NA,NA,NA,NA,NA,NA,NA,NA,NA,NA,NA,NA,NA
106,NA,NA,AR,2024-01-14,NA,NA,NA,NA,NA,NA,NA,NA,NA,NA,NA,NA,NA,NA,NA,NA,NA,NA
107,NA,NA,AR,2024-01-15,NA,NA,NA,NA,NA,NA,NA,NA,NA,NA,NA,NA,NA,NA,NA,NA,NA,NA
108,NA,NA,AR,2024-01-16,NA,NA,NA,NA,NA,NA,NA,NA,NA,NA,NA,NA,NA,NA,NA,NA,NA,NA
109,NA,NA,AR,2024-01-17,NA,NA,NA,NA,NA,NA,NA,NA,NA,NA,NA,NA,NA,NA,NA,NA,NA,NA
110,NA,NA,AR,2024-01-18,NA,NA,NA,NA,NA,NA,NA,NA,NA,NA,NA,NA,NA,NA,NA,NA,NA,NA
111,0.0240841276250106,0.01614173812748345,AR,2024-01-19,1,1,1,1,1,1,1,1,1,1,1,1,1,1,1,1,1,1
112,NA,NA,AR,2024-01-20,NA,NA,NA,NA,NA,NA,NA,NA,NA,NA,NA,NA,NA,NA,NA,NA,NA,NA
113,NA,NA,AR,2024-01-21,NA,NA,NA,NA,NA,NA,NA,NA,NA,NA,NA,NA,NA,NA,NA,NA,NA,NA
114,0.0147664118800072,0.0113353816814591,AR,2024-01-22,1,1,1,1,1,1,1,1,1,1,1,1,1,1,1,1,1,1
115,NA,NA,AR,2024-01-23,NA,NA,NA,NA,NA,NA,NA,NA,NA,NA,NA,NA,NA,NA,NA,NA,NA,NA
116,0.0494218206272468,0.00891359864873185,AR,2024-01-24,1,1,1,1,1,1,1,1,1,1,1,1,1,1,1,1,1,1
117,NA,NA,AR,2024-01-25,NA,NA,NA,NA,NA,NA,NA,NA,NA,NA,NA,NA,NA,NA,NA,NA,NA,NA
118,NA,NA,AR,2024-01-26,NA,NA,NA,NA,NA,NA,NA,NA,NA,NA,NA,NA,NA,NA,NA,NA,NA,NA
119,NA,NA,AR,2024-01-27,NA,NA,NA,NA,NA,NA,NA,NA,NA,NA,NA,NA,NA,NA,NA,NA,NA,NA
120,NA,NA,AR,2024-01-28,NA,NA,NA,NA,NA,NA,NA,NA,NA,NA,NA,NA,NA,NA,NA,NA,NA,NA
121,NA,NA,AR,2024-01-29,NA,NA,NA,NA,NA,NA,NA,NA,NA,NA,NA,NA,NA,NA,NA,NA,NA,NA
122,NA,NA,AR,2024-01-30,NA,NA,NA,NA,NA,NA,NA,NA,NA,NA,NA,NA,NA,NA,NA,NA,NA,NA
123,NA,NA,AR,2024-01-31,NA,NA,NA,NA,NA,NA,NA,NA,NA,NA,NA,NA,NA,NA,NA,NA,NA,NA
124,0.00523021429023821,0.003316697612737345,AR,2024-02-01,1,1,1,1,1,1,1,1,1,1,1,1,1,1,1,1,1,1
125,NA,NA,AR,2024-02-02,NA,NA,NA,NA,NA,NA,NA,NA,NA,NA,NA,NA,NA,NA,NA,NA,NA,NA
126,NA,NA,AR,2024-02-03,NA,NA,NA,NA,NA,NA,NA,NA,NA,NA,NA,NA,NA,NA,NA,NA,NA,NA
127,2.07682827199391,0.327277469727348,AZ,2023-12-24,1,1,0,1,1,1,1,1,1,1,1,0,0,0,0,0,1,1
128,1.8695024229763,0.3385090552308735,AZ,2023-12-25,1,1,1,1,0,1,1,1,0,1,0,0,0,0,0,1,1,0
129,3.41084695947165,0.309034647332907,AZ,2023-12-26,1,1,1,1,0,0,1,0,1,1,0,0,0,0,0,0,0,0
130,1.82608441075886,0.3224910109868535,AZ,2023-12-27,1,0,1,1,1,1,1,1,1,1,0,0,0,0,0,0,0,0
131,1.0057735232676,0.3109170001420845,AZ,2023-12-28,1,0,1,1,1,1,1,1,1,1,0,1,1,1,0,1,1,1
132,0.741131077315373,0.3406270436106535,AZ,2023-12-29,1,0,1,1,1,1,1,1,1,1,0,1,1,0,1,1,1,1
133,0.492470963227193,0.129137720925119,AZ,2023-12-30,1,1,1,1,1,1,1,1,1,1,1,1,1,1,1,1,1,1
134,0.964756224493238,0.1761938758296445,AZ,2023-12-31,1,1,1,1,1,0,1,1,1,1,1,1,1,0,0,1,1,1
135,2.70311628775261,0.3034425957683415,AZ,2024-01-01,0,0,1,1,1,1,1,1,1,1,0,1,0,0,0,0,1,1
136,2.70519160014447,0.3018613363137975,AZ,2024-01-02,0,1,1,1,1,1,1,1,1,0,1,0,0,0,0,0,0,0
137,0.989249683806098,0.3176050837914745,AZ,2024-01-03,1,1,0,1,1,1,1,1,1,1,1,0,1,0,1,0,1,1
138,0.800861304936139,0.2332297231833035,AZ,2024-01-04,1,1,1,1,1,1,0,1,1,1,0,0,1,0,0,0,1,1
139,0.390489550633709,0.235062227672161,AZ,2024-01-05,1,1,1,1,1,1,1,1,1,1,1,0,1,0,1,1,1,1
140,0.946003276268016,0.130563621947099,AZ,2024-01-06,1,1,1,1,1,0,1,1,1,1,1,1,1,0,0,0,1,0
141,1.23689245568897,0.0604493602218305,AZ,2024-01-07,1,1,1,1,1,0,1,1,1,1,0,1,1,0,0,0,1,1
142,1.28363606954111,0.1678206275732755,AZ,2024-01-08,1,1,1,0,1,1,1,1,1,1,1,1,0,1,0,1,1,1
143,1.31980247850084,0.1860492894533095,AZ,2024-01-09,1,1,1,1,1,1,1,0,1,1,0,0,1,0,1,0,0,1
144,0.184362769262209,0.04374551942277095,AZ,2024-01-10,1,1,1,1,1,1,1,1,1,1,1,1,1,0,0,1,1,1
145,1.96537213343508,0.3302790228687195,AZ,2024-01-11,1,1,1,0,0,0,1,1,1,1,1,0,0,0,0,1,1,1
146,0.835031565272943,0.2193020884296225,AZ,2024-01-12,1,1,1,1,0,1,1,1,1,1,1,1,1,0,0,1,1,1
147,0.851327133021802,0.1592044230845985,AZ,2024-01-13,1,1,0,1,1,1,1,1,1,1,1,0,0,1,1,1,1,1
148,2.07707019736704,0.2482332023031655,AZ,2024-01-14,1,1,1,1,0,0,1,1,0,1,0,1,1,0,0,1,1,0
149,2.82840852536835,0.175713225119596,AZ,2024-01-15,1,0,0,1,0,1,1,1,0,1,0,0,0,0,0,1,0,0
150,0.103815796510138,0.0217689679790878,AZ,2024-01-16,1,1,1,1,1,1,1,1,1,1,1,1,1,1,1,1,1,1
151,1.48857302260088,0.179902169557883,AZ,2024-01-17,1,1,0,1,1,1,1,1,0,1,1,0,1,0,0,1,1,0
152,0.872768477863952,0.224455192517816,AZ,2024-01-18,1,1,0,1,1,1,1,1,1,1,1,0,1,1,0,1,1,1
153,0.246506932736979,0.0150393069588203,AZ,2024-01-19,1,1,1,1,1,1,1,1,1,1,1,1,1,0,0,1,1,1
154,0.617603435198757,0.2087377333228525,AZ,2024-01-20,1,1,1,1,1,1,1,1,1,1,1,1,1,0,0,1,1,1
155,2.73067935712215,0.206879189567074,AZ,2024-01-21,1,1,1,0,1,0,0,0,1,1,1,1,0,0,0,0,0,1
156,1.24938194208537,0.0586764527833135,AZ,2024-01-22,1,1,1,0,1,1,1,1,1,1,1,1,0,0,0,1,1,1
157,0.81581133371399694,0.0746504452013995,AZ,2024-01-23,1,1,1,1,1,1,1,1,1,0,1,1,1,1,0,1,1,1
158,2.83256265956046,0.3516458953885655,AZ,2024-01-24,1,0,1,1,0,0,1,1,0,1,0,1,1,1,0,0,1,0
159,0.0756676294692734,0.00696033465125335,AZ,2024-01-25,1,1,1,1,1,1,1,1,1,1,0,1,1,1,0,1,1,1
160,1.18484866671108,0.4572720371231175,AZ,2024-01-26,1,1,1,1,1,0,1,1,0,1,1,1,1,0,1,1,1,0
161,1.42145497346158,0.1328011713246835,AZ,2024-01-27,1,1,1,1,1,1,1,0,0,1,1,1,1,0,0,1,0,0
162,0.00633610101052406,0.00468059713324664,AZ,2024-01-28,1,1,1,1,1,1,1,1,1,1,1,1,1,0,0,1,1,1
163,1.65241101675529,0.114009635112057,AZ,2024-01-29,1,1,1,1,0,1,1,1,1,1,1,1,1,0,0,1,1,1
164,1.04822051136899,0.096971801413648,AZ,2024-01-30,1,1,1,1,0,1,1,1,1,1,1,0,1,0,0,1,1,1
165,0.872458961129911,0.069567404640683,AZ,2024-01-31,1,1,1,1,1,1,1,1,0,1,1,1,1,0,1,1,1,0
166,0.0311016745942026,0.002734593501391655,AZ,2024-02-01,1,1,1,1,1,1,1,1,1,1,1,1,1,1,1,1,1,1
167,0.0240768700175258,0.00238801882372189,AZ,2024-02-02,1,1,1,1,1,1,1,1,1,1,1,1,1,1,1,1,1,1
168,NA,NA,AZ,2024-02-03,NA,NA,NA,NA,NA,NA,NA,NA,NA,NA,NA,NA,NA,NA,NA,NA,NA,NA
169,1.7462330823552,0.237791503999243,CA,2023-12-24,1,1,1,1,0,0,1,0,1,1,0,1,1,0,0,1,0,1
170,0.842340508769819,0.410475754496652,CA,2023-12-25,1,1,1,0,1,1,1,1,1,1,1,1,0,0,0,1,1,1
171,2.19844572423625,0.283429834427278,CA,2023-12-26,1,1,1,1,1,1,1,1,0,0,0,1,0,1,1,1,1,0
172,3.50564370040411,0.379524556648962,CA,2023-12-27,1,0,1,1,1,0,0,1,0,1,0,1,0,1,0,1,0,0
173,1.86093778523665,0.237293256745897,CA,2023-12-28,1,1,1,1,1,1,0,1,1,1,0,1,1,1,1,0,0,1
174,2.38705331935836,0.228224232742765,CA,2023-12-29,1,1,1,1,0,0,1,1,1,1,1,1,1,0,0,0,1,0
175,1.2430245326469,0.339130908532221,CA,2023-12-30,1,0,1,1,1,1,1,1,0,1,0,0,1,0,0,1,1,0
176,0.344893905708733,0.0809358795899795,CA,2023-12-31,1,1,1,1,1,1,1,1,1,1,1,1,1,1,1,1,1,1
177,0.358944309876752,0.23170639371129,CA,2024-01-01,1,1,1,1,1,1,1,1,1,1,1,1,1,0,0,1,1,1
178,1.4197386841017,0.2726600387498085,CA,2024-01-02,1,1,1,1,0,1,1,1,0,1,1,1,1,0,0,1,0,0
179,1.55987191925936,0.2445582299910955,CA,2024-01-03,1,1,1,1,0,1,1,1,1,1,1,1,1,0,0,0,1,0
180,2.32529124742284,0.2730589048883875,CA,2024-01-04,1,1,1,1,1,1,1,1,0,1,0,1,0,0,0,0,0,0
181,1.04410810992803,0.2240644884409655,CA,2024-01-05,1,0,1,1,1,1,1,1,1,1,0,1,1,0,0,0,0,1
182,4.13728581971158,0.45761372776431,CA,2024-01-06,1,1,1,1,0,0,1,1,0,1,1,0,0,1,0,1,1,0
183,1.99870102166394,0.56986734314899,CA,2024-01-07,1,0,1,1,1,0,1,0,1,1,0,1,1,1,0,1,0,1
184,2.5294870550889,0.2168744629558105,CA,2024-01-08,1,0,1,1,1,1,1,1,1,1,0,1,1,0,0,0,0,1
185,3.65552578472257,0.1281021583117775,CA,2024-01-09,1,1,1,1,1,0,1,1,0,1,1,1,0,0,0,1,1,0
186,3.68878047028306,0.136023595642828,CA,2024-01-10,1,0,1,1,1,1,1,1,0,1,0,1,0,0,0,0,0,0
187,2.6329174555085,0.131548824117697,CA,2024-01-11,1,0,1,1,1,1,1,1,1,1,0,0,1,0,0,0,1,1
188,1.82765277694179,0.1589090255027905,CA,2024-01-12,1,1,1,0,1,1,1,1,1,1,0,1,0,0,0,1,1,1
189,1.29231295610183,0.1135827698307745,CA,2024-01-13,1,1,1,1,1,1,1,1,1,1,1,1,1,0,0,1,1,1
190,1.56976389107587,0.1983255055832135,CA,2024-01-14,1,0,0,1,1,1,1,1,0,1,1,0,1,1,0,0,1,0
191,2.6862974910124,0.238352659264759,CA,2024-01-15,1,0,1,1,1,0,0,1,0,1,0,1,1,1,0,1,1,1
192,2.21681513901679,0.1740602084108325,CA,2024-01-16,1,0,1,1,1,1,1,1,1,1,0,1,1,0,0,0,0,1
193,1.4314082890275,0.0114917918407767,CA,2024-01-17,1,1,1,1,1,0,1,1,1,1,1,1,1,0,0,1,1,1
194,1.42572986465763,0.153366232311381,CA,2024-01-18,1,1,1,0,1,1,1,1,1,1,1,1,0,0,0,0,1,1
195,0.655769186813068,0.00889693476264195,CA,2024-01-19,1,1,1,1,1,1,1,1,1,1,1,1,1,0,0,1,0,1
196,0.933609088654133,0.076336823508474,CA,2024-01-20,1,1,1,1,1,1,1,1,0,1,1,1,1,1,0,1,1,0
197,1.38430612087352,0.25424882845213,CA,2024-01-21,1,1,1,1,1,0,1,0,1,1,1,1,1,1,0,1,0,1
198,0.976139227772709,0.056254444676122,CA,2024-01-22,1,1,1,1,1,1,1,1,0,1,1,1,1,0,1,1,1,0
199,0.688700829904484,0.00528117389306895,CA,2024-01-23,1,1,1,1,1,1,1,1,1,1,1,1,1,0,0,1,1,1
200,0.86929035668564,0.0961434724271995,CA,2024-01-24,1,0,1,1,1,1,1,1,1,1,0,1,1,0,0,1,0,1
201,2.25441165321742,0.149691820870948,CA,2024-01-25,1,1,1,0,1,0,1,0,0,1,1,1,0,0,0,0,0,0
202,2.81659239024763,0.134772881305146,CA,2024-01-26,0,0,1,1,1,0,1,1,0,0,0,1,1,1,0,0,1,0
203,0.626822447395236,0.00310434237161072,CA,2024-01-27,1,1,1,1,1,1,1,1,1,1,1,1,1,0,0,1,1,1
204,0.883334966850024,0.061199002167748,CA,2024-01-28,1,1,1,1,1,1,1,1,0,1,1,1,1,0,1,1,1,0
205,3.00631914288138,0.088476268929299,CA,2024-01-29,1,1,1,1,1,0,1,1,0,1,0,1,1,1,0,0,0,0
206,1.68750625636874,0.0700782265763825,CA,2024-01-30,1,0,1,1,1,1,1,1,0,1,0,1,1,0,0,1,1,0
207,3.23642641210322,0.0859809273278005,CA,2024-01-31,1,1,1,1,0,0,1,1,0,1,0,1,1,1,1,0,0,0
208,6.81783989277032,0.1202093283638015,CA,2024-02-01,1,0,1,0,0,0,1,1,0,1,0,1,0,0,0,0,1,0
209,7.38005508822543,0.129281114706523,CA,2024-02-02,1,0,1,1,1,0,1,1,0,1,0,1,1,0,0,1,0,0
210,0.539138800801925,0.0251395829018364,CA,2024-02-03,1,1,1,1,1,1,1,1,1,1,1,1,0,0,1,1,1,1
211,NA,NA,CO,2023-12-24,NA,NA,NA,NA,NA,NA,NA,NA,NA,NA,NA,NA,NA,NA,NA,NA,NA,NA
212,NA,NA,CO,2023-12-25,NA,NA,NA,NA,NA,NA,NA,NA,NA,NA,NA,NA,NA,NA,NA,NA,NA,NA
213,1.96705164647995,0.339200891420669,CO,2023-12-26,1,1,1,1,0,1,1,1,1,1,1,0,1,0,0,0,1,1
214,0.94310406524632,0.664781889118485,CO,2023-12-27,1,1,1,1,1,1,1,1,0,1,1,1,1,0,1,1,1,0
215,1.18253002778199,0.394821033247019,CO,2023-12-28,1,1,1,1,1,1,0,0,1,1,1,0,1,1,0,0,0,1
216,NA,NA,CO,2023-12-29,NA,NA,NA,NA,NA,NA,NA,NA,NA,NA,NA,NA,NA,NA,NA,NA,NA,NA
217,NA,NA,CO,2023-12-30,NA,NA,NA,NA,NA,NA,NA,NA,NA,NA,NA,NA,NA,NA,NA,NA,NA,NA
218,NA,NA,CO,2023-12-31,NA,NA,NA,NA,NA,NA,NA,NA,NA,NA,NA,NA,NA,NA,NA,NA,NA,NA
219,0.768864101406599,0.54424282420692,CO,2024-01-01,1,1,1,1,0,1,1,1,1,1,1,1,1,1,1,1,1,1
220,1.75800558736412,0.366405347983661,CO,2024-01-02,1,1,1,1,0,0,1,1,1,1,1,1,1,0,0,1,1,1
221,0.474041407700498,0.1690584790478835,CO,2024-01-03,1,1,1,1,1,1,1,1,1,1,1,1,1,1,1,1,1,1
222,0.537169901962567,0.328355071820982,CO,2024-01-04,1,1,1,1,1,1,1,1,1,1,1,1,0,0,1,1,1,1
223,1.17261937643638,0.3302924501859665,CO,2024-01-05,1,1,0,1,1,1,1,1,0,1,1,0,1,1,0,1,1,1
224,NA,NA,CO,2024-01-06,NA,NA,NA,NA,NA,NA,NA,NA,NA,NA,NA,NA,NA,NA,NA,NA,NA,NA
225,NA,NA,CO,2024-01-07,NA,NA,NA,NA,NA,NA,NA,NA,NA,NA,NA,NA,NA,NA,NA,NA,NA,NA
226,1.90181544371137,0.66328107407506,CO,2024-01-08,1,1,1,1,0,0,1,1,1,1,1,1,1,0,0,1,1,1
227,0.0415730986209488,0.03548475566783535,CO,2024-01-09,1,1,1,1,1,1,1,1,1,1,1,0,1,1,0,1,1,1
228,0.99372593877363,0.69461638689681,CO,2024-01-10,1,1,1,1,0,0,1,1,1,1,1,1,1,0,0,1,1,1
229,0.234693105803735,0.0283785401996823,CO,2024-01-11,1,1,1,1,1,1,1,1,1,1,1,1,1,1,1,1,1,1
230,0.993937821346284,0.423010829156416,CO,2024-01-12,1,1,1,1,1,1,1,1,0,1,1,1,1,1,0,1,1,0
231,0.0280420871190576,0.02256031850586485,CO,2024-01-13,1,1,1,1,1,1,1,1,1,1,1,1,1,0,0,1,1,1
232,NA,NA,CO,2024-01-14,NA,NA,NA,NA,NA,NA,NA,NA,NA,NA,NA,NA,NA,NA,NA,NA,NA,NA
233,0.029201317975157,0.0178390934536956,CO,2024-01-15,1,1,1,1,1,1,1,1,1,1,1,1,1,1,1,1,1,1
234,0.0217461497696531,0.01583414408836285,CO,2024-01-16,1,1,1,1,1,1,1,1,1,1,1,1,1,1,1,1,1,1
235,0.0611850681055393,0.014038811640441,CO,2024-01-17,1,1,1,1,1,1,1,1,1,1,1,1,1,1,1,1,1,1
236,0.121092372749687,0.01243399234801155,CO,2024-01-18,1,1,1,1,1,1,1,1,1,1,1,1,1,1,1,1,1,1
237,0.0603673400933477,0.01100183466773305,CO,2024-01-19,1,1,1,1,1,1,1,1,1,1,1,1,1,1,1,1,1,1
238,NA,NA,CO,2024-01-20,NA,NA,NA,NA,NA,NA,NA,NA,NA,NA,NA,NA,NA,NA,NA,NA,NA,NA
239,NA,NA,CO,2024-01-21,NA,NA,NA,NA,NA,NA,NA,NA,NA,NA,NA,NA,NA,NA,NA,NA,NA,NA
240,0.171409770998313,0.0075815774438954,CO,2024-01-22,1,1,1,1,1,1,1,1,1,1,1,1,1,0,0,1,1,1
241,0.034526798906866,0.00668639628826665,CO,2024-01-23,1,1,1,1,1,1,1,1,1,1,1,1,1,1,1,1,1,1
242,NA,NA,CO,2024-01-24,NA,NA,NA,NA,NA,NA,NA,NA,NA,NA,NA,NA,NA,NA,NA,NA,NA,NA
243,NA,NA,CO,2024-01-25,NA,NA,NA,NA,NA,NA,NA,NA,NA,NA,NA,NA,NA,NA,NA,NA,NA,NA
244,0.0212363493734731,0.004569292443918955,CO,2024-01-26,1,1,1,1,1,1,1,1,1,1,1,1,1,1,1,1,1,1
245,NA,NA,CO,2024-01-27,NA,NA,NA,NA,NA,NA,NA,NA,NA,NA,NA,NA,NA,NA,NA,NA,NA,NA
246,NA,NA,CO,2024-01-28,NA,NA,NA,NA,NA,NA,NA,NA,NA,NA,NA,NA,NA,NA,NA,NA,NA,NA
247,0.0567266524306874,0.00310836221810968,CO,2024-01-29,1,1,1,1,1,1,1,1,1,1,1,1,1,1,1,1,1,1
248,0.00355804818162504,0.00273162130660164,CO,2024-01-30,1,1,1,1,1,1,1,1,1,1,1,1,1,1,1,1,1,1
249,0.00314819495104228,0.002399788195796295,CO,2024-01-31,1,1,1,1,1,1,1,1,1,1,1,1,1,1,1,1,1,1
250,0.0335313366784927,0.002107693261250675,CO,2024-02-01,1,1,1,1,1,1,1,1,1,1,1,0,1,1,0,1,1,1
251,0.0212137681472911,0.00185072427346138,CO,2024-02-02,1,1,1,1,1,1,1,1,1,1,1,1,1,1,1,1,1,1
252,NA,NA,CO,2024-02-03,NA,NA,NA,NA,NA,NA,NA,NA,NA,NA,NA,NA,NA,NA,NA,NA,NA,NA
253,0.489500960722146,0.129862449215342,CT,2023-12-24,1,1,1,1,1,1,1,1,1,1,0,1,1,1,0,0,1,1
254,1.18110614703255,0.1188787532143015,CT,2023-12-25,1,1,1,1,1,0,1,1,1,1,1,1,0,0,0,1,1,1
255,0.779260147107821,0.2991610488709005,CT,2023-12-26,1,0,1,1,1,1,1,1,1,1,0,1,0,1,1,1,1,1
256,1.10826839324379,0.224902585399563,CT,2023-12-27,1,1,1,1,1,1,1,0,1,1,1,0,1,1,1,1,0,1
257,1.08084807896591,0.365418155277324,CT,2023-12-28,1,1,1,1,0,1,1,1,1,1,1,1,1,0,0,1,1,1
258,1.21524751004636,0.3254129874656635,CT,2023-12-29,1,1,0,1,1,1,1,1,0,1,1,0,1,0,0,1,1,1
259,0.826756456644096,0.3017914139274185,CT,2023-12-30,1,1,1,1,1,1,1,1,0,1,1,1,1,0,0,1,1,0
260,0.450185268943199,0.314158785028238,CT,2023-12-31,1,1,1,1,1,1,1,1,1,1,1,1,1,0,0,1,1,1
261,NA,NA,CT,2024-01-01,NA,NA,NA,NA,NA,NA,NA,NA,NA,NA,NA,NA,NA,NA,NA,NA,NA,NA
262,2.79553582588865,0.1014698926933435,CT,2024-01-02,1,0,1,1,0,0,1,1,1,1,0,1,1,0,0,0,0,1
263,1.62326617764254,0.1816306178075455,CT,2024-01-03,1,0,1,1,0,1,1,1,0,1,0,1,1,0,0,0,1,0
264,1.28877548233528,0.319583644862791,CT,2024-01-04,1,0,1,1,1,0,1,1,1,1,0,1,1,0,0,1,1,1
265,1.10708398390177,0.223260689707915,CT,2024-01-05,1,1,1,1,0,1,1,1,1,1,1,1,1,0,1,0,1,1
266,0.320716065761213,0.0341082547447983,CT,2024-01-06,1,1,1,1,1,1,1,1,1,1,1,1,1,1,1,1,1,1
267,0.488896173034694,0.249895793508539,CT,2024-01-07,1,1,1,1,1,1,1,1,1,1,1,1,1,0,0,1,1,1
268,1.08862679274795,0.1160148787317505,CT,2024-01-08,1,1,1,0,1,1,1,1,1,1,1,1,0,0,1,1,1,1
269,0.607318414685114,0.0238649373777922,CT,2024-01-09,1,1,1,1,1,1,1,1,1,1,1,1,1,1,1,1,1,1
270,0.764579872986146,0.02112076860113665,CT,2024-01-10,1,1,1,1,1,1,1,1,1,1,1,1,1,0,0,1,1,1
271,0.42795779847568,0.09188710656485,CT,2024-01-11,1,1,1,1,1,1,1,1,1,1,1,1,1,0,0,1,1,1
272,0.0853252344058372,0.01647381801614595,CT,2024-01-12,1,1,1,1,1,1,1,1,1,1,1,1,1,1,1,1,1,1
273,NA,NA,CT,2024-01-13,NA,NA,NA,NA,NA,NA,NA,NA,NA,NA,NA,NA,NA,NA,NA,NA,NA,NA
274,NA,NA,CT,2024-01-14,NA,NA,NA,NA,NA,NA,NA,NA,NA,NA,NA,NA,NA,NA,NA,NA,NA,NA
275,1.85576145143308,0.4073318388118295,CT,2024-01-15,1,1,1,1,0,0,1,1,1,1,1,1,1,0,0,1,1,1
276,0.172897624074076,0.00987727645803105,CT,2024-01-16,1,1,1,1,1,1,1,1,1,1,1,1,1,1,1,1,1,1
277,0.339717432495261,0.00866886524211585,CT,2024-01-17,1,1,1,1,1,1,1,1,1,1,1,1,1,0,0,1,1,1
278,0.0440778498547295,0.0076013572558668,CT,2024-01-18,1,1,1,1,1,1,1,1,1,1,1,1,1,0,0,1,1,1
279,0.192166473519045,0.006659643201276,CT,2024-01-19,1,1,1,1,1,1,1,1,1,1,1,1,1,0,0,1,1,1
280,0.150796501450545,0.0058299875912741,CT,2024-01-20,1,1,1,1,1,1,1,1,1,1,1,1,1,0,0,1,1,1
281,0.0257162468751048,0.0050999501708051,CT,2024-01-21,1,1,1,1,1,1,1,1,1,1,1,1,1,0,0,1,1,1
282,0.252855368546085,0.00445830239965123,CT,2024-01-22,1,1,1,1,1,1,1,1,1,1,1,1,1,0,0,1,1,1
283,0.299899634803295,0.003894941536930345,CT,2024-01-23,1,1,1,1,1,1,1,1,1,1,1,1,1,1,1,1,1,1
284,0.128859082923793,0.003400804394249865,CT,2024-01-24,1,1,1,1,1,1,1,1,1,1,1,1,1,0,0,1,1,1
285,1.05690415598054,0.1893946257183445,CT,2024-01-25,1,1,1,1,1,1,0,1,1,1,1,1,1,1,0,0,1,1
286,0.0311709821878525,0.0025886392242951,CT,2024-01-26,1,1,1,1,1,1,1,1,1,1,1,1,1,1,1,1,1,1
287,NA,NA,CT,2024-01-27,NA,NA,NA,NA,NA,NA,NA,NA,NA,NA,NA,NA,NA,NA,NA,NA,NA,NA
288,0.00310586754113687,0.00196693634578905,CT,2024-01-28,1,1,1,1,1,1,1,1,1,1,1,1,1,1,1,1,1,1
289,1.03040652809553,0.1205702764608815,CT,2024-01-29,1,1,1,1,1,1,1,1,0,1,1,1,1,1,1,0,1,0
290,0.0084408052346964,0.001492361239889785,CT,2024-01-30,1,1,1,1,1,1,1,1,1,1,1,1,1,1,1,1,1,1
291,0.00741262931012457,0.001299320426551775,CT,2024-01-31,1,1,1,1,1,1,1,1,1,1,1,1,1,1,1,1,1,1
292,0.965793399450149,0.1568388594189645,CT,2024-02-01,1,1,1,1,0,0,1,1,1,1,1,1,1,0,0,1,1,1
293,0.068122677585965,9.8417443141826e-4,CT,2024-02-02,1,1,1,1,1,1,1,1,1,1,1,1,1,1,1,1,1,1
294,NA,NA,CT,2024-02-03,NA,NA,NA,NA,NA,NA,NA,NA,NA,NA,NA,NA,NA,NA,NA,NA,NA,NA
295,0.400518050296291,0.2333224116992115,DC,2023-12-24,1,1,1,1,1,1,1,1,1,1,1,0,1,1,0,1,1,1
296,0.2392263013166,0.149978975041902,DC,2023-12-25,1,1,1,1,1,1,1,1,1,1,1,1,0,1,0,1,1,1
297,1.50276643185858,0.137671039519901,DC,2023-12-26,1,1,1,1,0,0,1,1,1,1,1,1,1,0,0,1,1,1
298,0.346335895280916,0.2279517113623175,DC,2023-12-27,1,1,1,1,1,1,1,1,1,1,1,1,1,1,1,1,1,1
299,NA,NA,DC,2023-12-28,NA,NA,NA,NA,NA,NA,NA,NA,NA,NA,NA,NA,NA,NA,NA,NA,NA,NA
300,0.327202457716239,0.227027493374062,DC,2023-12-29,1,1,1,1,1,1,1,1,1,1,1,1,1,0,0,1,1,1
301,0.163085962371909,0.095016679323625,DC,2023-12-30,1,1,1,1,1,1,1,1,1,1,1,1,1,1,1,1,1,1
302,NA,NA,DC,2023-12-31,NA,NA,NA,NA,NA,NA,NA,NA,NA,NA,NA,NA,NA,NA,NA,NA,NA,NA
303,NA,NA,DC,2024-01-01,NA,NA,NA,NA,NA,NA,NA,NA,NA,NA,NA,NA,NA,NA,NA,NA,NA,NA
304,NA,NA,DC,2024-01-02,NA,NA,NA,NA,NA,NA,NA,NA,NA,NA,NA,NA,NA,NA,NA,NA,NA,NA
305,0.110868728754509,0.062852471879117,DC,2024-01-03,1,1,1,1,1,1,1,1,1,1,1,1,1,0,0,1,1,1
306,0.110275593445348,0.0563393237442225,DC,2024-01-04,1,1,1,1,1,1,1,1,1,1,1,1,1,0,0,1,1,1
307,0.507032287102368,0.330566731974662,DC,2024-01-05,1,1,1,1,1,1,1,1,1,1,1,1,1,0,0,1,1,1
308,NA,NA,DC,2024-01-06,NA,NA,NA,NA,NA,NA,NA,NA,NA,NA,NA,NA,NA,NA,NA,NA,NA,NA
309,0.246750037208363,0.04004352525274155,DC,2024-01-07,1,1,1,1,1,1,1,1,1,1,1,1,1,1,1,1,1,1
310,0.399556721019578,0.035589386377219,DC,2024-01-08,1,1,1,1,1,1,1,1,1,1,1,1,1,1,1,1,1,1
311,1.08788535324171,0.0315705482257461,DC,2024-01-09,1,1,1,1,1,0,1,1,1,1,1,1,1,1,1,1,1,1
312,0.925078301254655,0.70030986246343,DC,2024-01-10,1,1,1,1,0,0,1,1,1,1,1,1,1,1,1,1,1,1
313,NA,NA,DC,2024-01-11,NA,NA,NA,NA,NA,NA,NA,NA,NA,NA,NA,NA,NA,NA,NA,NA,NA,NA
314,NA,NA,DC,2024-01-12,NA,NA,NA,NA,NA,NA,NA,NA,NA,NA,NA,NA,NA,NA,NA,NA,NA,NA
315,0.0404223247676169,0.01921549440686225,DC,2024-01-13,1,1,1,1,1,1,1,1,1,1,1,1,1,1,1,1,1,1
316,NA,NA,DC,2024-01-14,NA,NA,NA,NA,NA,NA,NA,NA,NA,NA,NA,NA,NA,NA,NA,NA,NA,NA
317,NA,NA,DC,2024-01-15,NA,NA,NA,NA,NA,NA,NA,NA,NA,NA,NA,NA,NA,NA,NA,NA,NA,NA
318,NA,NA,DC,2024-01-16,NA,NA,NA,NA,NA,NA,NA,NA,NA,NA,NA,NA,NA,NA,NA,NA,NA,NA
319,0.0255864608392133,0.0114256101247291,DC,2024-01-17,1,1,1,1,1,1,1,1,1,1,1,1,1,1,1,1,1,1
320,0.0227557709766661,0.010002753945391,DC,2024-01-18,1,1,1,1,1,1,1,1,1,1,1,1,1,1,1,1,1,1
321,NA,NA,DC,2024-01-19,NA,NA,NA,NA,NA,NA,NA,NA,NA,NA,NA,NA,NA,NA,NA,NA,NA,NA
322,NA,NA,DC,2024-01-20,NA,NA,NA,NA,NA,NA,NA,NA,NA,NA,NA,NA,NA,NA,NA,NA,NA,NA
323,1.13856073990297,0.84656044204296,DC,2024-01-21,1,1,1,1,0,0,1,1,1,1,1,1,1,0,0,1,1,1
324,NA,NA,DC,2024-01-22,NA,NA,NA,NA,NA,NA,NA,NA,NA,NA,NA,NA,NA,NA,NA,NA,NA,NA
325,0.032163834634293,0.00506996031651815,DC,2024-01-23,1,1,1,1,1,1,1,1,1,1,1,1,1,1,1,1,1,1
326,NA,NA,DC,2024-01-24,NA,NA,NA,NA,NA,NA,NA,NA,NA,NA,NA,NA,NA,NA,NA,NA,NA,NA
327,NA,NA,DC,2024-01-25,NA,NA,NA,NA,NA,NA,NA,NA,NA,NA,NA,NA,NA,NA,NA,NA,NA,NA
328,NA,NA,DC,2024-01-26,NA,NA,NA,NA,NA,NA,NA,NA,NA,NA,NA,NA,NA,NA,NA,NA,NA,NA
329,NA,NA,DC,2024-01-27,NA,NA,NA,NA,NA,NA,NA,NA,NA,NA,NA,NA,NA,NA,NA,NA,NA,NA
330,NA,NA,DC,2024-01-28,NA,NA,NA,NA,NA,NA,NA,NA,NA,NA,NA,NA,NA,NA,NA,NA,NA,NA
331,NA,NA,DC,2024-01-29,NA,NA,NA,NA,NA,NA,NA,NA,NA,NA,NA,NA,NA,NA,NA,NA,NA,NA
332,NA,NA,DC,2024-01-30,NA,NA,NA,NA,NA,NA,NA,NA,NA,NA,NA,NA,NA,NA,NA,NA,NA,NA
333,0.00360164838730832,0.001649072450538675,DC,2024-01-31,1,1,1,1,1,1,1,1,1,1,1,1,1,1,1,1,1,1
334,0.0027556092701506,0.001430119507105075,DC,2024-02-01,1,1,1,1,1,1,1,1,1,1,1,1,1,1,1,1,1,1
335,0.00285932769236086,0.00123983424538702,DC,2024-02-02,1,1,1,1,1,1,1,1,1,1,1,1,1,1,1,1,1,1
336,NA,NA,DC,2024-02-03,NA,NA,NA,NA,NA,NA,NA,NA,NA,NA,NA,NA,NA,NA,NA,NA,NA,NA
337,0.62327846603777,0.4385188530937255,DE,2023-12-24,1,1,1,1,1,1,1,1,1,1,1,1,1,0,0,1,1,1
338,0.813895507424536,0.3983495295335575,DE,2023-12-25,1,1,1,1,1,1,0,1,1,1,1,1,1,1,1,1,1,1
339,1.71046531817239,0.2606961561705445,DE,2023-12-26,1,1,1,1,1,1,0,1,1,1,0,0,1,0,0,0,1,1
340,0.93372522597672,0.246757345720256,DE,2023-12-27,1,1,1,1,1,1,1,1,1,1,0,1,1,1,0,1,1,1
341,2.87186274184513,0.3207748316178115,DE,2023-12-28,1,1,1,1,0,0,1,1,1,1,0,1,1,0,1,1,0,1
342,0.928166527530535,0.2425552640058385,DE,2023-12-29,1,1,0,1,1,1,1,1,1,1,1,0,1,0,1,1,1,1
343,NA,NA,DE,2023-12-30,NA,NA,NA,NA,NA,NA,NA,NA,NA,NA,NA,NA,NA,NA,NA,NA,NA,NA
344,0.307037689699789,0.065904570004455,DE,2023-12-31,1,1,1,1,1,1,1,1,1,1,0,1,1,1,0,1,1,1
345,2.27683439684916,0.546277231978995,DE,2024-01-01,1,0,1,1,0,0,0,1,1,1,1,1,1,1,0,0,1,1
346,1.17975665298547,0.1087831928065725,DE,2024-01-02,1,1,1,1,1,0,1,1,1,1,1,1,1,0,0,1,1,1
347,1.45942808580189,0.04781155803858245,DE,2024-01-03,1,1,1,1,1,0,1,1,1,1,1,1,1,1,1,1,1,1
348,0.797643662873996,0.191152479808499,DE,2024-01-04,1,0,1,1,1,1,1,1,1,1,0,1,1,0,1,1,1,1
349,0.0541332100914763,0.03820497125445195,DE,2024-01-05,1,1,1,1,1,1,1,1,1,1,1,1,1,1,1,1,1,1
350,0.886345643004741,0.1885873075492885,DE,2024-01-06,1,1,0,1,1,1,1,1,1,1,0,0,1,1,1,1,1,1
351,0.136972255954568,0.0303015826242486,DE,2024-01-07,1,1,1,1,1,1,1,1,1,1,1,1,1,1,1,1,1,1
352,1.98329022115902,0.458220569561344,DE,2024-01-08,1,1,1,1,0,0,1,0,1,1,1,1,1,0,0,1,0,1
353,0.391694706262139,0.02387117010682955,DE,2024-01-09,1,1,1,1,1,1,1,1,1,1,1,1,1,0,0,1,1,1
354,1.17314678918483,0.83479428981515,DE,2024-01-10,1,0,1,1,1,0,1,1,1,1,0,1,1,1,0,1,1,1
355,0.42558312858143,0.1659529560891505,DE,2024-01-11,1,1,1,1,1,1,1,1,1,1,1,1,1,0,0,1,1,1
356,NA,NA,DE,2024-01-12,NA,NA,NA,NA,NA,NA,NA,NA,NA,NA,NA,NA,NA,NA,NA,NA,NA,NA
357,0.135802307088351,0.0145569698315923,DE,2024-01-13,1,1,1,1,1,1,1,1,1,1,1,1,1,1,1,1,1,1
358,0.943277893325476,0.228139252148783,DE,2024-01-14,1,1,0,1,1,1,1,1,1,1,1,0,1,0,0,1,1,1
359,0.0181206153207051,0.01128309317354635,DE,2024-01-15,1,1,1,1,1,1,1,1,1,1,1,1,1,1,1,1,1,1
360,0.253722606085887,0.00991775679522335,DE,2024-01-16,1,1,1,1,1,1,1,1,1,1,1,1,1,1,1,1,1,1
361,0.0474738620994382,0.00870919996376165,DE,2024-01-17,1,1,1,1,1,1,1,1,1,1,1,1,1,1,1,1,1,1
362,0.0771698928514805,0.0076410399044376,DE,2024-01-18,1,1,1,1,1,1,1,1,1,1,1,1,1,1,1,1,1,1
363,NA,NA,DE,2024-01-19,NA,NA,NA,NA,NA,NA,NA,NA,NA,NA,NA,NA,NA,NA,NA,NA,NA,NA
364,NA,NA,DE,2024-01-20,NA,NA,NA,NA,NA,NA,NA,NA,NA,NA,NA,NA,NA,NA,NA,NA,NA,NA
365,0.00720192497669074,0.0051358522454739,DE,2024-01-21,1,1,1,1,1,1,1,1,1,1,1,1,1,1,1,1,1,1
366,1.34400855248538,0.22728476174898,DE,2024-01-22,1,1,1,1,1,0,1,0,1,1,1,1,1,0,0,1,1,1
367,0.0808527553442531,0.00392760245133758,DE,2024-01-23,1,1,1,1,1,1,1,1,1,1,1,1,1,1,1,1,1,1
368,0.0683541410176762,0.003431780934463545,DE,2024-01-24,1,1,1,1,1,1,1,1,1,1,1,1,1,1,1,1,1,1
369,0.00546887697249056,0.00299707314989816,DE,2024-01-25,1,1,1,1,1,1,1,1,1,1,1,1,1,1,1,1,1,1
370,0.0150919650163745,0.00261626408022564,DE,2024-01-26,1,1,1,1,1,1,1,1,1,1,1,1,1,1,1,1,1,1
371,0.0311318153802937,0.002282926487811455,DE,2024-01-27,1,1,1,1,1,1,1,1,1,1,1,1,1,1,1,1,1,1
372,NA,NA,DE,2024-01-28,NA,NA,NA,NA,NA,NA,NA,NA,NA,NA,NA,NA,NA,NA,NA,NA,NA,NA
373,0.103992935360194,0.00173645951900907,DE,2024-01-29,1,1,1,1,1,1,1,1,1,1,0,1,1,1,0,1,1,1
374,0.0804216171079876,0.00151377576310914,DE,2024-01-30,1,1,1,1,1,1,1,1,1,1,1,1,1,1,1,1,1,1
375,0.0172612974624171,0.001319330552956145,DE,2024-01-31,1,1,1,1,1,1,1,1,1,1,1,1,1,1,1,1,1,1
376,NA,NA,DE,2024-02-01,NA,NA,NA,NA,NA,NA,NA,NA,NA,NA,NA,NA,NA,NA,NA,NA,NA,NA
377,0.0016956279231663,0.001001573583617,DE,2024-02-02,1,1,1,1,1,1,1,1,1,1,1,1,1,1,1,1,1,1
378,0.0113709848891891,8.72464689964125e-4,DE,2024-02-03,1,1,1,1,1,1,1,1,1,1,1,1,1,1,1,1,1,1
379,1.43937317539769,0.2902016238044905,FL,2023-12-24,1,1,1,1,0,1,1,1,1,1,1,1,1,0,0,1,1,1
380,0.0707241413365022,0.053350683552137,FL,2023-12-25,1,1,1,1,1,1,1,1,1,1,1,1,1,0,0,1,1,1
381,3.44575697151145,0.2836746359207495,FL,2023-12-26,1,1,1,1,1,0,0,1,0,1,0,1,1,0,0,0,0,0
382,1.88211128540931,0.2650254676051395,FL,2023-12-27,1,0,1,1,1,1,1,1,1,1,0,1,1,0,1,0,1,0
383,1.5155925252191,0.1926424005811535,FL,2023-12-28,1,1,1,1,1,1,1,1,1,1,1,1,1,0,0,1,0,0
384,2.1963712453698,0.2216082313472935,FL,2023-12-29,0,1,1,1,0,1,1,1,1,0,0,0,1,1,1,0,1,0
385,0.230502860428725,0.030397640918114,FL,2023-12-30,1,1,1,1,1,1,1,1,1,1,1,1,1,1,1,1,1,1
386,0.830005335874396,0.1382186387417495,FL,2023-12-31,1,1,1,1,1,1,1,0,1,1,1,1,1,0,0,1,0,1
387,0.320464376719524,0.02397711246914145,FL,2024-01-01,1,1,1,1,1,1,1,1,1,1,1,1,1,1,1,1,1,1
388,1.73619621152153,0.134458730218067,FL,2024-01-02,1,1,1,1,0,1,1,1,1,1,1,1,1,0,0,0,0,1
389,1.3341174029947,0.139009644422665,FL,2024-01-03,1,1,1,1,1,1,1,1,1,1,0,1,1,0,0,0,0,0
390,2.89484840198882,0.0948206870606885,FL,2024-01-04,1,1,1,1,0,0,1,0,1,1,0,1,1,0,0,1,0,1
391,1.10240896702787,0.11529147956523,FL,2024-01-05,1,1,1,1,1,1,1,1,1,1,1,1,1,0,0,1,1,0
392,0.598654158246083,0.0690397322131385,FL,2024-01-06,1,1,1,1,1,1,1,1,1,1,1,1,1,1,1,1,1,1
393,1.22331486770545,0.247391172659907,FL,2024-01-07,1,1,1,1,1,0,1,0,1,1,1,1,1,1,0,1,0,1
394,1.11297478589468,0.11622973993735,FL,2024-01-08,1,0,1,1,1,1,1,1,0,1,0,1,1,0,0,1,1,0
395,0.332202455967568,0.008811191249553,FL,2024-01-09,1,1,1,1,1,1,1,1,1,1,1,1,1,1,0,0,1,1
396,2.02820817800256,0.13889433428293,FL,2024-01-10,1,1,1,0,1,1,1,1,0,1,0,1,0,1,0,1,1,0
397,0.83279589911035,0.087273410785767,FL,2024-01-11,1,1,1,1,1,1,1,1,1,1,1,1,1,0,0,1,1,1
398,0.457642492666538,0.0629578404628445,FL,2024-01-12,1,1,1,1,1,1,1,1,1,1,1,1,1,0,0,1,1,1
399,0.0865548149599123,0.00522445841111715,FL,2024-01-13,1,1,1,1,1,1,1,1,1,1,1,1,1,1,1,1,1,1
400,0.0486985677304821,0.00457748188963692,FL,2024-01-14,1,1,1,1,1,1,1,1,1,1,1,1,1,1,1,1,1,1
401,0.511885429223398,0.0480769150546134,FL,2024-01-15,1,1,1,1,1,1,1,1,1,1,1,1,1,0,0,1,1,1
402,1.10214283718862,0.0663377318149625,FL,2024-01-16,1,1,1,1,1,1,1,1,0,1,1,1,1,0,0,1,0,0
403,3.64962893869237,0.155178582036557,FL,2024-01-17,1,1,0,1,0,0,1,1,0,1,1,0,1,0,0,1,1,0
404,1.83045149806332,0.114655670432499,FL,2024-01-18,1,0,0,1,1,0,1,1,0,1,0,0,1,0,0,1,1,0
405,1.75766369840787,0.091627363063609,FL,2024-01-19,1,1,1,1,1,1,1,1,0,1,1,1,1,1,0,1,1,0
406,0.146576014287862,0.00205343716620559,FL,2024-01-20,1,1,1,1,1,1,1,1,1,1,1,1,1,1,1,1,1,1
407,0.754410685572969,0.093907972535182,FL,2024-01-21,1,1,1,1,0,1,1,1,1,1,1,1,1,0,0,1,1,1
408,0.620835253370124,0.0594662875882965,FL,2024-01-22,1,1,1,1,1,1,1,1,1,1,1,1,1,0,0,1,1,1
409,1.58434797482156,0.1071218238172795,FL,2024-01-23,1,0,1,1,1,0,1,1,0,1,0,1,1,1,0,1,1,0
410,2.5507612689869,0.2199107228429035,FL,2024-01-24,1,1,1,0,0,0,0,1,1,1,1,1,0,0,0,0,1,1
411,0.130962977137775,0.001046778308684555,FL,2024-01-25,1,1,1,1,1,1,1,1,1,1,1,1,1,1,1,1,1,1
412,0.845768549561841,0.057111663979351,FL,2024-01-26,1,1,1,1,1,1,1,0,1,1,1,1,1,1,0,1,0,1
413,0.00734870928014593,7.99269022706205e-4,FL,2024-01-27,1,1,1,1,1,1,1,1,1,1,1,1,1,1,1,1,1,1
414,NA,NA,FL,2024-01-28,NA,NA,NA,NA,NA,NA,NA,NA,NA,NA,NA,NA,NA,NA,NA,NA,NA,NA
415,0.251769871549876,6.1043361372553e-4,FL,2024-01-29,1,1,1,1,1,1,1,1,1,1,1,1,1,1,1,1,1,1
416,0.0909885337718812,5.33559026351005e-4,FL,2024-01-30,1,1,1,1,1,1,1,1,1,1,1,1,1,1,1,1,1,1
417,0.242895929216944,4.66433100500395e-4,FL,2024-01-31,1,1,1,1,1,1,1,1,1,1,1,1,1,0,0,1,1,1
418,2.0657212627219,0.075335685435904,FL,2024-02-01,1,1,1,1,1,0,1,1,0,1,1,1,1,1,0,1,1,0
419,2.22237838286992,0.0852048483723875,FL,2024-02-02,1,1,1,1,1,0,1,1,0,1,1,1,1,1,0,1,1,0
420,1.24701506019889,0.1632009294719955,FL,2024-02-03,1,1,1,1,1,0,1,1,0,1,1,1,1,1,0,1,1,0
421,1.39723075371595,0.330546393523712,GA,2023-12-24,1,1,1,1,1,1,1,1,1,1,1,0,0,0,0,0,1,1
422,0.825146987995587,0.2983521111945695,GA,2023-12-25,1,1,1,1,1,1,1,1,0,1,1,1,1,0,1,1,1,0
423,1.49439885555017,0.3049582394411225,GA,2023-12-26,1,1,1,1,1,1,1,1,1,1,0,0,1,0,0,0,1,1
424,0.981717599744921,0.3084728897264895,GA,2023-12-27,1,1,1,1,1,1,1,1,0,1,1,1,1,1,0,1,1,0
425,1.77829934422638,0.3433326412762705,GA,2023-12-28,1,1,0,1,0,1,1,1,1,1,1,1,1,0,0,1,1,1
426,2.31231546737851,0.2512975532713755,GA,2023-12-29,1,0,1,1,0,0,1,1,1,0,0,1,1,1,0,1,0,1
427,0.819185977557013,0.294191893522768,GA,2023-12-30,1,1,1,1,1,1,0,1,1,1,1,1,1,0,0,1,1,1
428,0.396135005631669,0.290514567797806,GA,2023-12-31,1,1,1,1,1,1,1,1,1,1,1,1,1,0,0,1,1,1
429,0.829089766358015,0.294665101618214,GA,2024-01-01,1,1,1,1,0,1,1,1,1,1,1,1,1,0,0,1,1,1
430,1.91109802423886,0.320695386575661,GA,2024-01-02,1,1,1,0,0,1,0,1,1,1,1,1,0,0,0,0,1,1
431,3.18966407339001,0.1852835195719555,GA,2024-01-03,1,1,0,1,0,0,1,1,1,0,1,0,1,0,1,1,1,1
432,0.851385452325473,0.2517135166960775,GA,2024-01-04,1,1,1,1,1,1,0,1,1,1,1,1,1,0,0,0,1,0
433,1.53962728887246,0.1166836661564655,GA,2024-01-05,1,1,1,1,1,0,1,1,1,1,1,1,1,0,0,0,1,1
434,0.840332087556332,0.2887657013729855,GA,2024-01-06,1,0,1,1,1,1,1,1,1,1,0,1,1,0,1,1,1,1
435,0.0704027754503106,0.059772280093867,GA,2024-01-07,1,1,1,1,1,1,1,1,1,1,1,1,1,1,1,1,1,1
436,2.51411391960873,0.346118517120341,GA,2024-01-08,1,1,1,1,0,0,1,1,0,1,1,1,1,0,0,1,1,0
437,2.84253259238815,0.3179846312865605,GA,2024-01-09,1,1,1,1,0,0,1,0,1,1,1,0,1,0,0,1,0,1
438,1.42105752027773,0.1768104039773195,GA,2024-01-10,1,0,1,1,0,1,1,1,0,1,0,1,1,0,0,0,1,0
439,1.45691772959494,0.157011508422105,GA,2024-01-11,1,1,1,0,1,1,1,1,0,1,1,1,0,1,0,0,0,0
440,3.29027620596157,0.366357900898189,GA,2024-01-12,0,0,1,0,1,0,1,0,1,0,0,1,0,0,0,1,0,1
441,0.844576629020401,0.1508299775129655,GA,2024-01-13,1,0,1,1,1,1,1,1,1,1,1,1,1,0,1,0,1,1
442,0.490068170003153,0.1035999213224045,GA,2024-01-14,1,1,1,1,1,1,1,1,1,1,1,1,1,0,0,0,1,1
443,0.78837500478214,0.1495244919489975,GA,2024-01-15,1,0,1,1,1,1,1,1,1,1,0,1,1,1,0,0,1,0
444,0.913748430517749,0.1342369324132655,GA,2024-01-16,1,1,1,1,1,1,1,1,0,1,1,1,1,0,0,1,1,0
445,0.920568357899414,0.1339384827201205,GA,2024-01-17,1,1,1,1,1,1,1,1,0,1,1,0,1,0,0,1,1,0
446,1.78428455864836,0.2594356560704885,GA,2024-01-18,1,0,1,1,1,0,1,0,1,1,0,0,1,0,0,1,0,1
447,0.443460395590782,0.0158297691756753,GA,2024-01-19,1,1,1,1,1,1,1,1,1,1,1,1,1,0,0,0,1,1
448,0.979920785395318,0.091492083483593,GA,2024-01-20,1,1,1,0,1,1,1,1,1,1,1,1,0,0,0,0,1,1
449,0.888703179937393,0.120351443727389,GA,2024-01-21,0,1,1,1,1,1,1,1,1,0,1,1,1,0,1,1,1,1
450,0.420639705145742,0.07762157607612,GA,2024-01-22,1,1,1,1,1,1,1,1,1,1,1,1,1,1,0,1,0,1
451,1.96790481555566,0.1673963898778385,GA,2024-01-23,1,1,1,0,0,0,1,1,1,1,1,1,0,0,0,1,1,0
452,0.170770408956065,0.00860691222465115,GA,2024-01-24,1,1,1,1,1,1,1,1,1,1,1,1,1,1,1,1,1,1
453,0.118883176130723,0.0075987927271156,GA,2024-01-25,1,1,1,1,1,1,1,1,1,1,1,1,1,1,1,1,1,1
454,0.152717953090746,0.0067036309228941,GA,2024-01-26,1,1,1,1,1,1,1,1,1,1,1,1,1,1,1,1,1,1
455,0.0844766881134496,0.0059097359868619,GA,2024-01-27,1,1,1,1,1,1,1,1,1,1,1,1,1,1,1,1,1,1
456,0.23484281504949,0.00520645164798495,GA,2024-01-28,1,1,1,1,1,1,1,1,1,1,1,1,1,1,1,1,1,1
457,0.843223573596866,0.0872440337436775,GA,2024-01-29,1,1,1,1,1,1,0,1,1,1,1,1,1,0,1,0,1,1
458,0.321903340668697,0.00403390093976872,GA,2024-01-30,1,1,1,1,1,1,1,1,1,1,1,1,1,1,1,1,1,1
459,0.889205890937683,0.057952294296552,GA,2024-01-31,1,1,1,1,1,1,1,1,0,1,1,1,1,0,1,1,1,0
460,0.517198380363816,0.00311909231853539,GA,2024-02-01,1,1,1,1,1,1,1,1,1,1,1,1,1,0,0,1,1,1
461,0.974819105031318,0.106569082521126,GA,2024-02-02,1,1,0,1,1,1,1,1,1,1,1,0,1,1,0,1,1,1
462,0.835239702375169,0.0801088771571385,GA,2024-02-03,1,1,1,1,1,1,1,0,1,1,1,1,1,1,0,1,0,1
463,NA,NA,HI,2023-12-24,NA,NA,NA,NA,NA,NA,NA,NA,NA,NA,NA,NA,NA,NA,NA,NA,NA,NA
464,NA,NA,HI,2023-12-25,NA,NA,NA,NA,NA,NA,NA,NA,NA,NA,NA,NA,NA,NA,NA,NA,NA,NA
465,NA,NA,HI,2023-12-26,NA,NA,NA,NA,NA,NA,NA,NA,NA,NA,NA,NA,NA,NA,NA,NA,NA,NA
466,NA,NA,HI,2023-12-27,NA,NA,NA,NA,NA,NA,NA,NA,NA,NA,NA,NA,NA,NA,NA,NA,NA,NA
467,NA,NA,HI,2023-12-28,NA,NA,NA,NA,NA,NA,NA,NA,NA,NA,NA,NA,NA,NA,NA,NA,NA,NA
468,NA,NA,HI,2023-12-29,NA,NA,NA,NA,NA,NA,NA,NA,NA,NA,NA,NA,NA,NA,NA,NA,NA,NA
469,NA,NA,HI,2023-12-30,NA,NA,NA,NA,NA,NA,NA,NA,NA,NA,NA,NA,NA,NA,NA,NA,NA,NA
470,NA,NA,HI,2023-12-31,NA,NA,NA,NA,NA,NA,NA,NA,NA,NA,NA,NA,NA,NA,NA,NA,NA,NA
471,NA,NA,HI,2024-01-01,NA,NA,NA,NA,NA,NA,NA,NA,NA,NA,NA,NA,NA,NA,NA,NA,NA,NA
472,NA,NA,HI,2024-01-02,NA,NA,NA,NA,NA,NA,NA,NA,NA,NA,NA,NA,NA,NA,NA,NA,NA,NA
473,NA,NA,HI,2024-01-03,NA,NA,NA,NA,NA,NA,NA,NA,NA,NA,NA,NA,NA,NA,NA,NA,NA,NA
474,NA,NA,HI,2024-01-04,NA,NA,NA,NA,NA,NA,NA,NA,NA,NA,NA,NA,NA,NA,NA,NA,NA,NA
475,NA,NA,HI,2024-01-05,NA,NA,NA,NA,NA,NA,NA,NA,NA,NA,NA,NA,NA,NA,NA,NA,NA,NA
476,NA,NA,HI,2024-01-06,NA,NA,NA,NA,NA,NA,NA,NA,NA,NA,NA,NA,NA,NA,NA,NA,NA,NA
477,NA,NA,HI,2024-01-07,NA,NA,NA,NA,NA,NA,NA,NA,NA,NA,NA,NA,NA,NA,NA,NA,NA,NA
478,NA,NA,HI,2024-01-08,NA,NA,NA,NA,NA,NA,NA,NA,NA,NA,NA,NA,NA,NA,NA,NA,NA,NA
479,0.0933061903561712,0.0466957089205114,HI,2024-01-09,1,1,1,1,1,1,1,1,1,1,1,1,1,0,0,1,1,1
480,NA,NA,HI,2024-01-10,NA,NA,NA,NA,NA,NA,NA,NA,NA,NA,NA,NA,NA,NA,NA,NA,NA,NA
481,NA,NA,HI,2024-01-11,NA,NA,NA,NA,NA,NA,NA,NA,NA,NA,NA,NA,NA,NA,NA,NA,NA,NA
482,0.0736731725990599,0.03470843470497685,HI,2024-01-12,1,1,1,1,1,1,1,1,1,1,1,1,1,1,1,1,1,1
483,NA,NA,HI,2024-01-13,NA,NA,NA,NA,NA,NA,NA,NA,NA,NA,NA,NA,NA,NA,NA,NA,NA,NA
484,NA,NA,HI,2024-01-14,NA,NA,NA,NA,NA,NA,NA,NA,NA,NA,NA,NA,NA,NA,NA,NA,NA,NA
485,NA,NA,HI,2024-01-15,NA,NA,NA,NA,NA,NA,NA,NA,NA,NA,NA,NA,NA,NA,NA,NA,NA,NA
486,NA,NA,HI,2024-01-16,NA,NA,NA,NA,NA,NA,NA,NA,NA,NA,NA,NA,NA,NA,NA,NA,NA,NA
487,NA,NA,HI,2024-01-17,NA,NA,NA,NA,NA,NA,NA,NA,NA,NA,NA,NA,NA,NA,NA,NA,NA,NA
488,NA,NA,HI,2024-01-18,NA,NA,NA,NA,NA,NA,NA,NA,NA,NA,NA,NA,NA,NA,NA,NA,NA,NA
489,NA,NA,HI,2024-01-19,NA,NA,NA,NA,NA,NA,NA,NA,NA,NA,NA,NA,NA,NA,NA,NA,NA,NA
490,NA,NA,HI,2024-01-20,NA,NA,NA,NA,NA,NA,NA,NA,NA,NA,NA,NA,NA,NA,NA,NA,NA,NA
491,NA,NA,HI,2024-01-21,NA,NA,NA,NA,NA,NA,NA,NA,NA,NA,NA,NA,NA,NA,NA,NA,NA,NA
492,NA,NA,HI,2024-01-22,NA,NA,NA,NA,NA,NA,NA,NA,NA,NA,NA,NA,NA,NA,NA,NA,NA,NA
493,NA,NA,HI,2024-01-23,NA,NA,NA,NA,NA,NA,NA,NA,NA,NA,NA,NA,NA,NA,NA,NA,NA,NA
494,NA,NA,HI,2024-01-24,NA,NA,NA,NA,NA,NA,NA,NA,NA,NA,NA,NA,NA,NA,NA,NA,NA,NA
495,NA,NA,HI,2024-01-25,NA,NA,NA,NA,NA,NA,NA,NA,NA,NA,NA,NA,NA,NA,NA,NA,NA,NA
496,NA,NA,HI,2024-01-26,NA,NA,NA,NA,NA,NA,NA,NA,NA,NA,NA,NA,NA,NA,NA,NA,NA,NA
497,NA,NA,HI,2024-01-27,NA,NA,NA,NA,NA,NA,NA,NA,NA,NA,NA,NA,NA,NA,NA,NA,NA,NA
498,NA,NA,HI,2024-01-28,NA,NA,NA,NA,NA,NA,NA,NA,NA,NA,NA,NA,NA,NA,NA,NA,NA,NA
499,NA,NA,HI,2024-01-29,NA,NA,NA,NA,NA,NA,NA,NA,NA,NA,NA,NA,NA,NA,NA,NA,NA,NA
500,NA,NA,HI,2024-01-30,NA,NA,NA,NA,NA,NA,NA,NA,NA,NA,NA,NA,NA,NA,NA,NA,NA,NA
501,0.00875085651993683,0.00411931972704829,HI,2024-01-31,1,1,1,1,1,1,1,1,1,1,1,1,1,1,1,1,1,1
502,NA,NA,HI,2024-02-01,NA,NA,NA,NA,NA,NA,NA,NA,NA,NA,NA,NA,NA,NA,NA,NA,NA,NA
503,NA,NA,HI,2024-02-02,NA,NA,NA,NA,NA,NA,NA,NA,NA,NA,NA,NA,NA,NA,NA,NA,NA,NA
504,NA,NA,HI,2024-02-03,NA,NA,NA,NA,NA,NA,NA,NA,NA,NA,NA,NA,NA,NA,NA,NA,NA,NA
505,1.42829101829211,0.1893268472197465,IA,2023-12-24,1,1,1,1,1,1,1,1,1,1,1,1,0,1,0,1,1,0
506,2.62843370765916,0.379893059472247,IA,2023-12-25,1,1,0,0,1,0,1,1,0,1,1,0,0,0,0,1,1,0
507,1.53550198296909,0.251658698036174,IA,2023-12-26,1,1,1,1,1,1,1,0,1,1,1,1,1,1,0,1,0,0
508,1.32528277792938,0.2355691021105625,IA,2023-12-27,1,1,1,1,0,1,1,1,1,1,0,0,0,0,1,0,1,1
509,2.1784506504068,0.1862413944388695,IA,2023-12-28,1,0,1,1,0,1,0,1,1,1,0,1,0,0,0,0,0,1
510,1.12158412684534,0.191384955064814,IA,2023-12-29,1,1,1,1,1,1,0,1,0,1,1,1,1,0,0,0,0,1
511,0.775911928276969,0.2098221473438335,IA,2023-12-30,1,1,1,1,1,1,1,1,0,1,1,1,0,1,1,1,1,0
512,4.25915680739302,0.427802863447378,IA,2023-12-31,1,0,1,1,0,0,1,1,1,1,0,1,1,0,0,1,1,1
513,0.408101127088917,0.0340431124014373,IA,2024-01-01,1,1,1,1,1,1,1,1,1,1,1,1,0,0,0,1,1,1
514,2.10292741469153,0.2709886606954305,IA,2024-01-02,1,0,1,0,1,0,1,1,0,1,1,1,1,0,0,1,1,0
515,1.94223674827398,0.2461098293246935,IA,2024-01-03,1,1,1,1,1,0,1,1,0,1,1,0,1,0,0,1,1,0
516,1.43244972767169,0.20054571884891,IA,2024-01-04,1,1,1,1,0,1,1,1,1,1,1,1,1,0,0,1,0,1
517,1.93985251346874,0.833344138493195,IA,2024-01-05,1,0,1,1,1,0,1,1,0,1,0,1,1,1,0,1,1,0
518,2.82746884751212,0.63678221390351,IA,2024-01-06,1,0,1,1,1,0,1,1,0,1,0,1,1,1,0,1,1,0
519,1.82151686929544,0.2332382109042775,IA,2024-01-07,1,1,1,0,1,0,0,1,0,1,1,0,0,0,0,0,0,0
520,1.0961674392165,0.2166718983102135,IA,2024-01-08,1,0,1,1,1,1,1,1,1,1,0,1,1,0,0,1,1,1
521,0.0140999920273103,0.01282256847455655,IA,2024-01-09,1,1,1,1,1,1,1,1,1,1,1,1,1,1,1,1,1,1
522,1.60038211016615,0.134214041175825,IA,2024-01-10,1,1,1,1,1,1,1,0,1,1,1,1,1,1,0,1,0,1
523,0.443580606881096,0.1000283459334275,IA,2024-01-11,1,1,1,1,1,1,1,1,1,1,1,0,1,0,0,1,1,1
524,0.0102427104014766,0.00870834837246685,IA,2024-01-12,1,1,1,1,1,1,1,1,1,1,1,1,1,1,1,1,1,1
525,1.16063824459198,0.450807560252664,IA,2024-01-13,1,1,1,1,1,0,1,1,0,1,1,1,1,1,0,1,1,0
526,0.292615876600933,0.0066975732279249,IA,2024-01-14,1,1,1,1,1,1,1,1,1,1,1,1,1,1,1,1,1,1
527,0.0483802557026131,0.00586680258125585,IA,2024-01-15,1,1,1,1,1,1,1,1,1,1,1,1,1,0,0,1,1,1
528,0.0513498526244048,0.0051355282224305,IA,2024-01-16,1,1,1,1,1,1,1,1,1,1,1,1,1,1,1,1,1,1
529,1.13403910553197,0.3090013809121675,IA,2024-01-17,1,1,1,0,1,0,1,1,1,1,1,1,0,1,0,1,1,1
530,0.0487982395282653,0.00392786620721097,IA,2024-01-18,1,1,1,1,1,1,1,1,1,1,1,1,1,1,1,1,1,1
531,0.0312030091181446,0.00343237176370664,IA,2024-01-19,1,1,1,1,1,1,1,1,1,1,1,1,1,1,1,1,1,1
532,0.0277946113889249,0.00299799619392998,IA,2024-01-20,1,1,1,1,1,1,1,1,1,1,1,0,1,1,0,1,1,1
533,0.012331965377534,0.002617513788900185,IA,2024-01-21,1,1,1,1,1,1,1,1,1,1,1,1,1,1,1,1,1,1
534,3.43044756552572,0.392112255580575,IA,2024-01-22,1,1,1,1,0,0,1,1,1,1,1,1,1,0,0,1,1,1
535,2.95391463903428,0.348666340753326,IA,2024-01-23,1,1,1,1,0,0,1,1,0,1,1,1,1,0,0,1,1,0
536,1.63444066676716,0.1714875750179395,IA,2024-01-24,1,1,1,1,0,0,1,1,0,1,1,1,1,1,0,1,1,0
537,0.860536444940888,0.1044579419048205,IA,2024-01-25,1,1,1,1,0,1,1,1,1,1,1,1,1,0,0,1,1,1
538,0.00594384815918163,0.00132188509200286,IA,2024-01-26,1,1,1,1,1,1,1,1,1,1,1,1,1,1,1,1,1,1
539,NA,NA,IA,2024-01-27,NA,NA,NA,NA,NA,NA,NA,NA,NA,NA,NA,NA,NA,NA,NA,NA,NA,NA
540,0.0604595870979627,0.001004434330749905,IA,2024-01-28,1,1,1,1,1,1,1,1,1,1,1,1,1,1,1,1,1,1
541,0.0339103172542342,8.75430236293e-4,IA,2024-01-29,1,1,1,1,1,1,1,1,1,1,1,1,1,1,1,1,1,1
542,1.24412326610657,0.2411711251541995,IA,2024-01-30,1,1,1,1,1,0,1,0,1,1,1,1,1,1,0,1,0,1
543,7.1570520171104e-4,6.6491055451272e-4,IA,2024-01-31,1,1,1,1,1,1,1,1,1,1,1,1,1,1,1,1,1,1
544,0.00476006128406631,5.79469650097795e-4,IA,2024-02-01,1,1,1,1,1,1,1,1,1,1,1,1,1,0,0,1,1,1
545,1.1815475667023,0.139215844209905,IA,2024-02-02,1,1,1,1,1,0,1,1,0,1,1,1,1,1,0,1,1,0
546,0.00206872510146053,4.40168228446665e-4,IA,2024-02-03,1,1,1,1,1,1,1,1,1,1,1,1,1,1,1,1,1,1
547,NA,NA,ID,2023-12-24,NA,NA,NA,NA,NA,NA,NA,NA,NA,NA,NA,NA,NA,NA,NA,NA,NA,NA
548,NA,NA,ID,2023-12-25,NA,NA,NA,NA,NA,NA,NA,NA,NA,NA,NA,NA,NA,NA,NA,NA,NA,NA
549,NA,NA,ID,2023-12-26,NA,NA,NA,NA,NA,NA,NA,NA,NA,NA,NA,NA,NA,NA,NA,NA,NA,NA
550,NA,NA,ID,2023-12-27,NA,NA,NA,NA,NA,NA,NA,NA,NA,NA,NA,NA,NA,NA,NA,NA,NA,NA
551,NA,NA,ID,2023-12-28,NA,NA,NA,NA,NA,NA,NA,NA,NA,NA,NA,NA,NA,NA,NA,NA,NA,NA
552,NA,NA,ID,2023-12-29,NA,NA,NA,NA,NA,NA,NA,NA,NA,NA,NA,NA,NA,NA,NA,NA,NA,NA
553,NA,NA,ID,2023-12-30,NA,NA,NA,NA,NA,NA,NA,NA,NA,NA,NA,NA,NA,NA,NA,NA,NA,NA
554,NA,NA,ID,2023-12-31,NA,NA,NA,NA,NA,NA,NA,NA,NA,NA,NA,NA,NA,NA,NA,NA,NA,NA
555,NA,NA,ID,2024-01-01,NA,NA,NA,NA,NA,NA,NA,NA,NA,NA,NA,NA,NA,NA,NA,NA,NA,NA
556,NA,NA,ID,2024-01-02,NA,NA,NA,NA,NA,NA,NA,NA,NA,NA,NA,NA,NA,NA,NA,NA,NA,NA
557,0.0922126214310727,0.050590212768755,ID,2024-01-03,1,1,1,1,1,1,1,1,1,1,1,1,1,1,1,1,1,1
558,NA,NA,ID,2024-01-04,NA,NA,NA,NA,NA,NA,NA,NA,NA,NA,NA,NA,NA,NA,NA,NA,NA,NA
559,NA,NA,ID,2024-01-05,NA,NA,NA,NA,NA,NA,NA,NA,NA,NA,NA,NA,NA,NA,NA,NA,NA,NA
560,NA,NA,ID,2024-01-06,NA,NA,NA,NA,NA,NA,NA,NA,NA,NA,NA,NA,NA,NA,NA,NA,NA,NA
561,NA,NA,ID,2024-01-07,NA,NA,NA,NA,NA,NA,NA,NA,NA,NA,NA,NA,NA,NA,NA,NA,NA,NA
562,NA,NA,ID,2024-01-08,NA,NA,NA,NA,NA,NA,NA,NA,NA,NA,NA,NA,NA,NA,NA,NA,NA,NA
563,0.04916673247881,0.02683828988779915,ID,2024-01-09,1,1,1,1,1,1,1,1,1,1,1,1,1,1,1,1,1,1
564,NA,NA,ID,2024-01-10,NA,NA,NA,NA,NA,NA,NA,NA,NA,NA,NA,NA,NA,NA,NA,NA,NA,NA
565,NA,NA,ID,2024-01-11,NA,NA,NA,NA,NA,NA,NA,NA,NA,NA,NA,NA,NA,NA,NA,NA,NA,NA
566,NA,NA,ID,2024-01-12,NA,NA,NA,NA,NA,NA,NA,NA,NA,NA,NA,NA,NA,NA,NA,NA,NA,NA
567,NA,NA,ID,2024-01-13,NA,NA,NA,NA,NA,NA,NA,NA,NA,NA,NA,NA,NA,NA,NA,NA,NA,NA
568,NA,NA,ID,2024-01-14,NA,NA,NA,NA,NA,NA,NA,NA,NA,NA,NA,NA,NA,NA,NA,NA,NA,NA
569,NA,NA,ID,2024-01-15,NA,NA,NA,NA,NA,NA,NA,NA,NA,NA,NA,NA,NA,NA,NA,NA,NA,NA
570,NA,NA,ID,2024-01-16,NA,NA,NA,NA,NA,NA,NA,NA,NA,NA,NA,NA,NA,NA,NA,NA,NA,NA
571,NA,NA,ID,2024-01-17,NA,NA,NA,NA,NA,NA,NA,NA,NA,NA,NA,NA,NA,NA,NA,NA,NA,NA
572,NA,NA,ID,2024-01-18,NA,NA,NA,NA,NA,NA,NA,NA,NA,NA,NA,NA,NA,NA,NA,NA,NA,NA
573,NA,NA,ID,2024-01-19,NA,NA,NA,NA,NA,NA,NA,NA,NA,NA,NA,NA,NA,NA,NA,NA,NA,NA
574,NA,NA,ID,2024-01-20,NA,NA,NA,NA,NA,NA,NA,NA,NA,NA,NA,NA,NA,NA,NA,NA,NA,NA
575,NA,NA,ID,2024-01-21,NA,NA,NA,NA,NA,NA,NA,NA,NA,NA,NA,NA,NA,NA,NA,NA,NA,NA
576,NA,NA,ID,2024-01-22,NA,NA,NA,NA,NA,NA,NA,NA,NA,NA,NA,NA,NA,NA,NA,NA,NA,NA
577,NA,NA,ID,2024-01-23,NA,NA,NA,NA,NA,NA,NA,NA,NA,NA,NA,NA,NA,NA,NA,NA,NA,NA
578,NA,NA,ID,2024-01-24,NA,NA,NA,NA,NA,NA,NA,NA,NA,NA,NA,NA,NA,NA,NA,NA,NA,NA
579,NA,NA,ID,2024-01-25,NA,NA,NA,NA,NA,NA,NA,NA,NA,NA,NA,NA,NA,NA,NA,NA,NA,NA
580,NA,NA,ID,2024-01-26,NA,NA,NA,NA,NA,NA,NA,NA,NA,NA,NA,NA,NA,NA,NA,NA,NA,NA
581,NA,NA,ID,2024-01-27,NA,NA,NA,NA,NA,NA,NA,NA,NA,NA,NA,NA,NA,NA,NA,NA,NA,NA
582,NA,NA,ID,2024-01-28,NA,NA,NA,NA,NA,NA,NA,NA,NA,NA,NA,NA,NA,NA,NA,NA,NA,NA
583,NA,NA,ID,2024-01-29,NA,NA,NA,NA,NA,NA,NA,NA,NA,NA,NA,NA,NA,NA,NA,NA,NA,NA
584,NA,NA,ID,2024-01-30,NA,NA,NA,NA,NA,NA,NA,NA,NA,NA,NA,NA,NA,NA,NA,NA,NA,NA
585,NA,NA,ID,2024-01-31,NA,NA,NA,NA,NA,NA,NA,NA,NA,NA,NA,NA,NA,NA,NA,NA,NA,NA
586,NA,NA,ID,2024-02-01,NA,NA,NA,NA,NA,NA,NA,NA,NA,NA,NA,NA,NA,NA,NA,NA,NA,NA
587,NA,NA,ID,2024-02-02,NA,NA,NA,NA,NA,NA,NA,NA,NA,NA,NA,NA,NA,NA,NA,NA,NA,NA
588,NA,NA,ID,2024-02-03,NA,NA,NA,NA,NA,NA,NA,NA,NA,NA,NA,NA,NA,NA,NA,NA,NA,NA
589,2.7253173409822,0.3260884980089415,IL,2023-12-24,1,0,1,1,0,0,0,1,1,1,1,1,0,0,0,0,1,0
590,1.0280708889415,0.2962967970593405,IL,2023-12-25,1,1,1,1,1,1,1,1,1,1,0,1,0,0,0,0,1,0
591,5.37678605766819,0.3149370297653715,IL,2023-12-26,1,1,1,1,0,0,1,1,1,1,1,0,1,0,0,0,1,0
592,2.59493173031653,0.2496385200406915,IL,2023-12-27,0,1,1,1,1,1,1,1,1,0,1,0,0,0,1,0,1,0
593,1.74820461218814,0.2695812521939585,IL,2023-12-28,0,1,0,1,1,1,1,1,1,0,1,0,0,0,0,1,0,1
594,1.16787393985216,0.194949675858977,IL,2023-12-29,1,1,1,1,1,1,1,1,1,1,0,0,1,0,0,0,1,1
595,2.0330599271202,0.235468071483241,IL,2023-12-30,1,1,1,1,0,1,1,1,1,1,1,0,0,0,1,1,0,0
596,3.67580163322466,0.323822803362524,IL,2023-12-31,1,0,1,1,0,0,1,1,1,1,0,1,1,0,0,1,1,1
597,2.21257751093458,0.2717691865476925,IL,2024-01-01,1,0,1,1,1,1,1,0,1,1,0,1,1,0,0,0,1,0
598,9.21471394806778,0.3252788537753355,IL,2024-01-02,1,1,0,0,0,0,1,1,1,1,0,0,0,0,0,1,0,1
599,3.48708535279426,0.23871970548168,IL,2024-01-03,1,0,1,1,1,1,1,1,1,1,0,0,1,0,0,1,1,1
600,2.14086229096851,0.3235829148149025,IL,2024-01-04,0,0,0,1,1,0,1,0,1,0,0,0,1,1,0,1,0,1
601,2.46504225636046,0.25730083509268,IL,2024-01-05,1,1,1,1,0,0,1,1,0,1,1,1,1,0,0,0,1,1
602,1.3266521858653,0.2277853035128715,IL,2024-01-06,1,1,1,1,1,1,1,1,1,1,0,1,1,0,0,1,1,0
603,1.46889366360873,0.0660903633931605,IL,2024-01-07,1,1,1,1,1,0,1,1,1,1,0,1,0,0,0,1,0,1
604,2.01435979820402,0.204156072784926,IL,2024-01-08,0,1,1,0,1,1,1,1,1,0,0,1,0,0,0,1,0,1
605,1.75447381536559,0.2778595998908315,IL,2024-01-09,1,0,1,1,1,0,1,1,0,1,0,1,1,0,0,1,1,0
606,1.48080696359383,0.069544717751295,IL,2024-01-10,1,1,1,1,0,1,1,1,0,1,0,1,1,0,0,1,1,1
607,4.37346478725722,0.238891631861117,IL,2024-01-11,1,1,0,0,1,0,1,1,1,1,0,0,0,0,0,1,1,1
608,4.15755310856806,0.2927465099030385,IL,2024-01-12,0,0,1,1,0,0,1,1,1,0,0,1,0,0,0,1,1,1
609,3.46520319536598,0.3417571972645525,IL,2024-01-13,0,0,1,1,0,0,0,1,1,0,0,1,1,0,0,0,1,1
610,1.30854117299782,0.288839708027985,IL,2024-01-14,1,1,1,1,1,0,1,0,1,1,1,1,1,0,0,1,0,1
611,2.1499475528826,0.3225322508495085,IL,2024-01-15,1,1,0,1,0,0,1,1,1,1,1,0,1,0,0,1,1,1
612,3.76085490696507,0.325040914302807,IL,2024-01-16,0,1,0,1,1,0,1,1,0,0,1,0,1,0,0,1,1,0
613,1.02303540268554,0.066946740172376007,IL,2024-01-17,1,1,1,0,1,1,1,1,1,1,0,1,0,1,0,1,1,1
614,4.02474699220063,0.40055255163594,IL,2024-01-18,1,1,1,1,0,0,1,0,0,1,1,1,1,0,0,1,0,0
615,0.435849516986771,0.083452847945697,IL,2024-01-19,1,1,1,1,1,1,1,1,1,1,1,1,1,1,1,1,1,1
616,0.819658232628425,0.221305444787305,IL,2024-01-20,1,1,1,1,0,1,1,1,1,1,1,1,1,1,1,1,1,1
617,1.60651675482138,0.302875332802168,IL,2024-01-21,1,1,1,1,1,0,1,1,0,1,0,1,1,0,0,1,1,0
618,0.971871462264996,0.1099358305938615,IL,2024-01-22,1,1,1,1,1,1,1,1,0,1,1,1,1,0,0,1,1,0
619,1.29297349493823,0.091677111651929,IL,2024-01-23,0,0,1,1,1,1,1,1,1,0,0,1,1,1,0,1,1,0
620,0.892831667113341,0.0732520211213225,IL,2024-01-24,1,1,0,1,1,1,1,1,1,1,0,0,0,0,0,1,1,1
621,0.283594207081146,0.00252058238667384,IL,2024-01-25,1,1,1,1,1,1,1,1,1,1,1,1,1,1,1,1,1,1
622,0.839508312099648,0.04911561784948375,IL,2024-01-26,1,1,1,1,1,1,1,0,1,1,1,1,1,0,0,1,0,1
623,0.945707108051995,0.106533805234432,IL,2024-01-27,1,1,1,1,1,1,0,1,1,1,1,1,1,0,1,0,1,1
624,0.953881918561146,0.087915720786198,IL,2024-01-28,1,1,0,1,1,1,1,1,1,1,1,0,1,1,0,0,1,1
625,0.914856941771695,0.0575616662021945,IL,2024-01-29,0,1,1,1,1,1,1,1,1,0,0,1,1,0,0,0,1,1
626,2.13053487802294,0.1507581435685725,IL,2024-01-30,1,0,1,1,1,0,1,1,0,1,0,1,1,0,0,1,1,0
627,0.17078297580354,0.001118896290963915,IL,2024-01-31,1,1,1,1,1,1,1,1,1,1,1,1,1,1,1,1,1,1
628,0.901490876930725,0.049012839496148,IL,2024-02-01,1,1,1,1,1,1,1,1,0,1,1,1,1,1,1,0,1,0
629,2.09313241512709,0.121267885686896,IL,2024-02-02,1,1,1,1,1,0,1,1,0,1,1,1,1,1,0,1,1,0
630,2.97798368780725,0.4122658629045755,IL,2024-02-03,0,1,1,1,0,0,1,1,0,0,1,1,1,1,0,1,1,0
631,0.575873758710006,0.412426369511529,IN,2023-12-24,1,1,1,1,1,1,1,1,1,1,1,1,1,0,1,1,0,1
632,0.597294964677274,0.4293758338628235,IN,2023-12-25,1,1,1,1,0,1,1,1,1,1,1,1,1,0,0,1,1,1
633,0.519095119647302,0.1300095814175205,IN,2023-12-26,1,1,1,1,1,1,1,1,1,1,1,0,1,1,0,1,1,1
634,0.40441049978266,0.234321946956329,IN,2023-12-27,1,1,1,1,1,1,1,1,1,1,1,1,1,1,1,1,1,1
635,0.845787786313879,0.3012305062161805,IN,2023-12-28,1,0,1,1,1,1,1,1,1,1,0,0,1,1,0,1,1,0
636,NA,NA,IN,2023-12-29,NA,NA,NA,NA,NA,NA,NA,NA,NA,NA,NA,NA,NA,NA,NA,NA,NA,NA
637,NA,NA,IN,2023-12-30,NA,NA,NA,NA,NA,NA,NA,NA,NA,NA,NA,NA,NA,NA,NA,NA,NA,NA
638,0.34523424761932,0.0821183305109035,IN,2023-12-31,1,1,1,1,1,1,1,1,1,1,1,0,1,0,0,1,1,1
639,0.115377524420596,0.074313801012875,IN,2024-01-01,1,1,1,1,1,1,1,1,1,1,1,1,1,1,1,1,1,1
640,0.907706793696298,0.2193323168822595,IN,2024-01-02,1,1,1,1,1,1,1,1,1,1,0,1,1,0,1,0,1,0
641,0.392250218087183,0.1934537534994925,IN,2024-01-03,1,1,1,1,1,1,1,1,1,1,1,1,1,0,0,1,1,1
642,0.552520304201915,0.33245719521365,IN,2024-01-04,1,1,1,1,1,1,1,1,1,1,1,1,1,0,0,1,1,1
643,0.0731733188083205,0.04864520437531135,IN,2024-01-05,1,1,1,1,1,1,1,1,1,1,1,1,0,1,0,1,1,1
644,NA,NA,IN,2024-01-06,NA,NA,NA,NA,NA,NA,NA,NA,NA,NA,NA,NA,NA,NA,NA,NA,NA,NA
645,0.92237343395804,0.663070019595675,IN,2024-01-07,1,1,1,1,0,1,1,1,1,1,1,1,1,0,0,1,1,1
646,0.675614343833427,0.357196094883713,IN,2024-01-08,1,1,1,1,0,1,1,1,1,1,1,1,1,0,0,1,1,1
647,1.14933126307443,0.813664099519205,IN,2024-01-09,0,1,1,1,1,0,1,1,1,0,1,1,1,0,1,1,1,1
648,0.146328942796095,0.0272888846503425,IN,2024-01-10,1,1,1,1,1,1,1,1,1,1,1,1,1,1,1,1,1,1
649,2.07120341848674,0.72723540584152,IN,2024-01-11,1,1,1,1,0,0,1,1,1,1,1,1,1,0,0,1,1,1
650,NA,NA,IN,2024-01-12,NA,NA,NA,NA,NA,NA,NA,NA,NA,NA,NA,NA,NA,NA,NA,NA,NA,NA
651,0.113633816083577,0.01887909637764325,IN,2024-01-13,1,1,1,1,1,1,1,1,1,1,1,1,1,1,0,1,0,1
652,0.0854757379035432,0.016646131967322,IN,2024-01-14,1,1,1,1,1,1,1,1,1,1,1,1,1,1,1,1,1,1
653,0.0833977287724056,0.0146568330214046,IN,2024-01-15,1,1,1,1,1,1,1,1,1,1,1,1,1,1,1,1,1,1
654,NA,NA,IN,2024-01-16,NA,NA,NA,NA,NA,NA,NA,NA,NA,NA,NA,NA,NA,NA,NA,NA,NA,NA
655,NA,NA,IN,2024-01-17,NA,NA,NA,NA,NA,NA,NA,NA,NA,NA,NA,NA,NA,NA,NA,NA,NA,NA
656,NA,NA,IN,2024-01-18,NA,NA,NA,NA,NA,NA,NA,NA,NA,NA,NA,NA,NA,NA,NA,NA,NA,NA
657,NA,NA,IN,2024-01-19,NA,NA,NA,NA,NA,NA,NA,NA,NA,NA,NA,NA,NA,NA,NA,NA,NA,NA
658,NA,NA,IN,2024-01-20,NA,NA,NA,NA,NA,NA,NA,NA,NA,NA,NA,NA,NA,NA,NA,NA,NA,NA
659,NA,NA,IN,2024-01-21,NA,NA,NA,NA,NA,NA,NA,NA,NA,NA,NA,NA,NA,NA,NA,NA,NA,NA
660,0.00926882637696613,0.0058211577597856,IN,2024-01-22,1,1,1,1,1,1,1,1,1,1,1,1,1,1,1,1,1,1
661,NA,NA,IN,2024-01-23,NA,NA,NA,NA,NA,NA,NA,NA,NA,NA,NA,NA,NA,NA,NA,NA,NA,NA
662,1.08108920252677,0.309750855194004,IN,2024-01-24,1,1,1,1,1,1,1,1,0,1,1,1,1,0,1,1,1,0
663,0.0057571078365521,0.003865739359806075,IN,2024-01-25,1,1,1,1,1,1,1,1,1,1,1,1,1,1,1,1,1,1
664,1.31608620473557,0.930229934285735,IN,2024-01-26,1,1,1,1,1,0,1,1,0,1,1,1,1,1,0,1,1,0
665,NA,NA,IN,2024-01-27,NA,NA,NA,NA,NA,NA,NA,NA,NA,NA,NA,NA,NA,NA,NA,NA,NA,NA
666,NA,NA,IN,2024-01-28,NA,NA,NA,NA,NA,NA,NA,NA,NA,NA,NA,NA,NA,NA,NA,NA,NA,NA
667,0.0137164352913232,0.002219968717391975,IN,2024-01-29,1,1,1,1,1,1,1,1,1,0,1,1,1,1,0,1,1,1
668,NA,NA,IN,2024-01-30,NA,NA,NA,NA,NA,NA,NA,NA,NA,NA,NA,NA,NA,NA,NA,NA,NA,NA
669,0.0166316580938048,0.001677355781646475,IN,2024-01-31,1,1,1,1,1,1,1,1,1,1,1,1,1,1,1,1,1,1
670,0.00825595560403383,0.00145715983535924,IN,2024-02-01,1,1,1,1,1,1,1,1,1,1,1,1,1,1,1,1,1,1
671,NA,NA,IN,2024-02-02,NA,NA,NA,NA,NA,NA,NA,NA,NA,NA,NA,NA,NA,NA,NA,NA,NA,NA
672,NA,NA,IN,2024-02-03,NA,NA,NA,NA,NA,NA,NA,NA,NA,NA,NA,NA,NA,NA,NA,NA,NA,NA
673,NA,NA,KS,2023-12-24,NA,NA,NA,NA,NA,NA,NA,NA,NA,NA,NA,NA,NA,NA,NA,NA,NA,NA
674,NA,NA,KS,2023-12-25,NA,NA,NA,NA,NA,NA,NA,NA,NA,NA,NA,NA,NA,NA,NA,NA,NA,NA
675,0.934394510609216,0.247843540936484,KS,2023-12-26,1,0,1,1,1,1,1,1,1,1,0,1,1,1,0,1,1,1
676,0.155817654178156,0.1030532750196385,KS,2023-12-27,1,1,1,1,1,1,1,1,1,1,1,1,1,1,1,1,1,1
677,0.151769312293657,0.0945912647648385,KS,2023-12-28,1,1,1,1,1,1,1,1,1,1,1,1,1,0,0,1,1,1
678,NA,NA,KS,2023-12-29,NA,NA,NA,NA,NA,NA,NA,NA,NA,NA,NA,NA,NA,NA,NA,NA,NA,NA
679,NA,NA,KS,2023-12-30,NA,NA,NA,NA,NA,NA,NA,NA,NA,NA,NA,NA,NA,NA,NA,NA,NA,NA
680,NA,NA,KS,2023-12-31,NA,NA,NA,NA,NA,NA,NA,NA,NA,NA,NA,NA,NA,NA,NA,NA,NA,NA
681,NA,NA,KS,2024-01-01,NA,NA,NA,NA,NA,NA,NA,NA,NA,NA,NA,NA,NA,NA,NA,NA,NA,NA
682,0.50287512883761,0.0596622473121,KS,2024-01-02,1,1,1,1,1,1,1,1,1,1,1,1,1,1,1,1,1,1
683,0.684578447339371,0.15309455372065,KS,2024-01-03,1,1,1,1,1,1,1,1,1,1,1,1,1,0,1,1,0,1
684,NA,NA,KS,2024-01-04,NA,NA,NA,NA,NA,NA,NA,NA,NA,NA,NA,NA,NA,NA,NA,NA,NA,NA
685,0.980438921497399,0.701313514982195,KS,2024-01-05,1,1,1,1,1,1,0,1,1,1,1,1,1,1,0,0,1,1
686,0.0643694434037819,0.03984189228678325,KS,2024-01-06,1,1,1,1,1,1,1,1,1,1,1,1,1,1,1,1,1,1
687,NA,NA,KS,2024-01-07,NA,NA,NA,NA,NA,NA,NA,NA,NA,NA,NA,NA,NA,NA,NA,NA,NA,NA
688,0.0507739154755787,0.03223106157684805,KS,2024-01-08,1,1,1,1,1,1,1,1,1,1,1,1,1,1,1,1,1,1
689,NA,NA,KS,2024-01-09,NA,NA,NA,NA,NA,NA,NA,NA,NA,NA,NA,NA,NA,NA,NA,NA,NA,NA
690,0.848846190585387,0.392735648627727,KS,2024-01-10,1,1,1,1,1,1,0,1,1,1,1,1,1,1,0,0,1,1
691,0.988671593448326,0.4202746710266785,KS,2024-01-11,1,0,1,1,1,1,1,1,1,1,0,1,1,1,0,1,1,1
692,NA,NA,KS,2024-01-12,NA,NA,NA,NA,NA,NA,NA,NA,NA,NA,NA,NA,NA,NA,NA,NA,NA,NA
693,NA,NA,KS,2024-01-13,NA,NA,NA,NA,NA,NA,NA,NA,NA,NA,NA,NA,NA,NA,NA,NA,NA,NA
694,0.0275843768973851,0.0165106653992517,KS,2024-01-14,1,1,1,1,1,1,1,1,1,1,1,1,1,1,1,1,1,1
695,NA,NA,KS,2024-01-15,NA,NA,NA,NA,NA,NA,NA,NA,NA,NA,NA,NA,NA,NA,NA,NA,NA,NA
696,NA,NA,KS,2024-01-16,NA,NA,NA,NA,NA,NA,NA,NA,NA,NA,NA,NA,NA,NA,NA,NA,NA,NA
697,0.970321902442645,0.4198133979271405,KS,2024-01-17,1,1,1,1,0,1,1,1,1,1,1,1,1,0,0,1,1,1
698,NA,NA,KS,2024-01-18,NA,NA,NA,NA,NA,NA,NA,NA,NA,NA,NA,NA,NA,NA,NA,NA,NA,NA
699,NA,NA,KS,2024-01-19,NA,NA,NA,NA,NA,NA,NA,NA,NA,NA,NA,NA,NA,NA,NA,NA,NA,NA
700,NA,NA,KS,2024-01-20,NA,NA,NA,NA,NA,NA,NA,NA,NA,NA,NA,NA,NA,NA,NA,NA,NA,NA
701,NA,NA,KS,2024-01-21,NA,NA,NA,NA,NA,NA,NA,NA,NA,NA,NA,NA,NA,NA,NA,NA,NA,NA
702,0.0784321159497828,0.0064061491275194,KS,2024-01-22,1,1,1,1,1,1,1,1,1,1,1,1,1,1,1,1,1,1
703,0.00994747917720204,0.00567460346151355,KS,2024-01-23,1,1,1,1,1,1,1,1,1,1,1,1,1,1,1,1,1,1
704,0.0067903746871403,0.00502430213202405,KS,2024-01-24,1,1,1,1,1,1,1,1,1,1,1,1,1,1,1,1,1,1
705,0.00688969490560941,0.00444671906869847,KS,2024-01-25,1,1,1,1,1,1,1,1,1,1,1,1,1,1,1,1,1,1
706,NA,NA,KS,2024-01-26,NA,NA,NA,NA,NA,NA,NA,NA,NA,NA,NA,NA,NA,NA,NA,NA,NA,NA
707,NA,NA,KS,2024-01-27,NA,NA,NA,NA,NA,NA,NA,NA,NA,NA,NA,NA,NA,NA,NA,NA,NA,NA
708,NA,NA,KS,2024-01-28,NA,NA,NA,NA,NA,NA,NA,NA,NA,NA,NA,NA,NA,NA,NA,NA,NA,NA
709,0.0533410533257438,0.00271978742423986,KS,2024-01-29,1,1,1,1,1,1,1,1,1,1,1,1,1,1,1,1,1,1
710,0.0141081098229853,0.002403866098036295,KS,2024-01-30,1,1,1,1,1,1,1,1,1,1,1,1,1,1,1,1,1,1
711,1.15322598732659,0.3139588907662235,KS,2024-01-31,1,1,1,1,1,0,1,0,1,1,1,1,1,1,0,1,0,1
712,0.0260909304545809,0.00187705617539242,KS,2024-02-01,1,1,1,1,1,1,1,1,1,1,1,1,1,1,1,1,1,1
713,0.0110256085760143,0.00165843325747669,KS,2024-02-02,1,1,1,1,1,1,1,1,1,1,1,1,1,1,1,1,1,1
714,NA,NA,KS,2024-02-03,NA,NA,NA,NA,NA,NA,NA,NA,NA,NA,NA,NA,NA,NA,NA,NA,NA,NA
715,NA,NA,KY,2023-12-24,NA,NA,NA,NA,NA,NA,NA,NA,NA,NA,NA,NA,NA,NA,NA,NA,NA,NA
716,NA,NA,KY,2023-12-25,NA,NA,NA,NA,NA,NA,NA,NA,NA,NA,NA,NA,NA,NA,NA,NA,NA,NA
717,0.626385948157286,0.358930263601159,KY,2023-12-26,1,1,0,1,1,1,1,1,1,1,1,0,1,1,0,1,1,1
718,0.899921357023671,0.3026217126338,KY,2023-12-27,1,1,1,1,0,1,1,1,1,1,1,0,1,0,0,1,0,1
719,NA,NA,KY,2023-12-28,NA,NA,NA,NA,NA,NA,NA,NA,NA,NA,NA,NA,NA,NA,NA,NA,NA,NA
720,0.675374788379969,0.2812170244712575,KY,2023-12-29,1,1,0,1,1,1,1,1,1,1,1,0,1,0,1,1,1,1
721,NA,NA,KY,2023-12-30,NA,NA,NA,NA,NA,NA,NA,NA,NA,NA,NA,NA,NA,NA,NA,NA,NA,NA
722,NA,NA,KY,2023-12-31,NA,NA,NA,NA,NA,NA,NA,NA,NA,NA,NA,NA,NA,NA,NA,NA,NA,NA
723,NA,NA,KY,2024-01-01,NA,NA,NA,NA,NA,NA,NA,NA,NA,NA,NA,NA,NA,NA,NA,NA,NA,NA
724,1.87847157912885,0.668145810867175,KY,2024-01-02,1,0,1,1,1,0,1,1,1,1,0,1,1,0,1,1,1,0
725,0.744980824245553,0.279206444880117,KY,2024-01-03,1,0,1,1,1,1,1,1,1,1,0,1,1,0,1,1,1,1
726,1.11709950987851,0.455000218047888,KY,2024-01-04,1,1,1,0,1,1,1,1,1,1,1,1,0,1,0,1,1,1
727,0.765463767746712,0.375386711848699,KY,2024-01-05,1,1,0,1,1,1,1,1,1,1,1,0,1,1,0,1,1,1
728,NA,NA,KY,2024-01-06,NA,NA,NA,NA,NA,NA,NA,NA,NA,NA,NA,NA,NA,NA,NA,NA,NA,NA
729,NA,NA,KY,2024-01-07,NA,NA,NA,NA,NA,NA,NA,NA,NA,NA,NA,NA,NA,NA,NA,NA,NA,NA
730,0.880170897786436,0.397787618286186,KY,2024-01-08,1,1,1,1,1,1,1,0,1,1,1,1,1,1,0,1,0,1
731,NA,NA,KY,2024-01-09,NA,NA,NA,NA,NA,NA,NA,NA,NA,NA,NA,NA,NA,NA,NA,NA,NA,NA
732,0.0508698132972805,0.0383534332592369,KY,2024-01-10,1,1,1,1,1,1,1,1,1,1,1,1,1,0,0,1,1,1
733,0.275181211872925,0.0343219265257383,KY,2024-01-11,1,1,1,1,1,1,1,1,1,1,1,1,1,1,1,1,1,1
734,0.042412462649264,0.030661468357371,KY,2024-01-12,1,1,1,1,1,1,1,1,1,1,1,1,1,1,1,1,1,1
735,0.133510892537704,0.027346648469561,KY,2024-01-13,1,1,1,1,1,1,1,1,1,1,1,1,1,1,1,1,1,1
736,NA,NA,KY,2024-01-14,NA,NA,NA,NA,NA,NA,NA,NA,NA,NA,NA,NA,NA,NA,NA,NA,NA,NA
737,NA,NA,KY,2024-01-15,NA,NA,NA,NA,NA,NA,NA,NA,NA,NA,NA,NA,NA,NA,NA,NA,NA,NA
738,0.277330466128859,0.0192279611660119,KY,2024-01-16,1,1,1,1,1,1,1,1,1,1,0,1,1,1,0,1,1,1
739,1.79285302470145,0.399216487088296,KY,2024-01-17,1,1,1,1,0,0,1,1,1,1,1,1,1,0,0,1,1,1
740,0.0220031972234993,0.0151024745005726,KY,2024-01-18,1,1,1,1,1,1,1,1,1,1,1,1,1,1,1,1,1,1
741,0.0579485406364934,0.0133609051349088,KY,2024-01-19,1,1,1,1,1,1,1,1,1,1,1,1,1,1,1,1,1,1
742,NA,NA,KY,2024-01-20,NA,NA,NA,NA,NA,NA,NA,NA,NA,NA,NA,NA,NA,NA,NA,NA,NA,NA
743,NA,NA,KY,2024-01-21,NA,NA,NA,NA,NA,NA,NA,NA,NA,NA,NA,NA,NA,NA,NA,NA,NA,NA
744,0.0127807287623433,0.0091940709450679,KY,2024-01-22,1,1,1,1,1,1,1,1,1,1,1,1,1,1,1,1,1,1
745,0.793501537850453,0.217540376511657,KY,2024-01-23,1,1,1,1,0,1,1,1,1,1,1,1,1,0,0,1,1,1
746,0.0736106677257002,0.00713432112580865,KY,2024-01-24,1,1,1,1,1,1,1,1,1,1,1,1,1,1,1,1,1,1
747,1.03077935370338,0.3011779557735455,KY,2024-01-25,1,1,0,1,1,1,1,1,1,1,1,0,1,1,0,1,1,1
748,NA,NA,KY,2024-01-26,NA,NA,NA,NA,NA,NA,NA,NA,NA,NA,NA,NA,NA,NA,NA,NA,NA,NA
749,NA,NA,KY,2024-01-27,NA,NA,NA,NA,NA,NA,NA,NA,NA,NA,NA,NA,NA,NA,NA,NA,NA,NA
750,NA,NA,KY,2024-01-28,NA,NA,NA,NA,NA,NA,NA,NA,NA,NA,NA,NA,NA,NA,NA,NA,NA,NA
751,0.00558659610655629,0.00373965429441207,KY,2024-01-29,1,1,1,1,1,1,1,1,1,1,1,1,1,1,1,1,1,1
752,0.0383611943093491,0.003281353008316905,KY,2024-01-30,1,1,1,1,1,1,1,1,1,1,1,1,1,1,1,1,1,1
753,0.00378925795510426,0.00287809434624634,KY,2024-01-31,1,1,1,1,1,1,1,1,1,1,1,1,1,1,1,1,1,1
754,0.0137114550996634,0.00252353689062254,KY,2024-02-01,1,1,1,1,1,1,1,1,1,1,1,1,1,1,1,1,1,1
755,0.00348371711642818,0.002212014676169725,KY,2024-02-02,1,1,1,1,1,1,1,1,1,1,1,1,1,1,1,1,1,1
756,NA,NA,KY,2024-02-03,NA,NA,NA,NA,NA,NA,NA,NA,NA,NA,NA,NA,NA,NA,NA,NA,NA,NA
757,1.39591410564273,0.415444677506073,LA,2023-12-24,1,1,1,1,1,1,1,1,1,0,0,1,1,0,1,1,1,0
758,1.68319026158997,0.4333623087797285,LA,2023-12-25,1,0,1,1,0,0,1,1,0,0,0,1,1,0,0,1,1,0
759,4.24006039349773,0.4698142489645685,LA,2023-12-26,1,1,0,1,0,1,1,1,0,0,1,0,1,0,0,1,1,0
760,1.4113947791445,0.3472609305991985,LA,2023-12-27,1,1,1,1,1,1,1,1,0,1,0,1,1,0,1,1,1,0
761,1.69483077899935,0.4676015891083225,LA,2023-12-28,0,1,1,1,0,1,0,1,0,0,0,1,1,0,1,0,1,1
762,1.78719098612516,0.3913053745535645,LA,2023-12-29,0,1,1,1,0,1,1,1,1,0,0,0,0,0,0,1,1,0
763,1.16332527451752,0.248226515202669,LA,2023-12-30,0,1,1,1,1,1,1,1,1,0,0,0,1,0,1,1,1,1
764,1.15727717820448,0.388664670199902,LA,2023-12-31,0,1,1,1,1,1,1,0,1,0,1,1,1,0,1,1,0,0
765,0.991291821462579,0.3194323539311165,LA,2024-01-01,1,1,1,1,1,1,0,1,1,1,1,1,1,0,0,0,1,1
766,4.36168143180508,0.446271973453363,LA,2024-01-02,1,0,0,1,0,0,1,1,0,0,0,1,0,0,0,1,0,1
767,2.38041656076923,0.3788503511132115,LA,2024-01-03,1,1,1,1,0,0,1,1,1,1,0,0,0,0,0,1,0,1
768,1.43137719946069,0.215412302332437,LA,2024-01-04,1,1,1,1,1,1,1,1,1,0,1,1,0,0,0,1,0,0
769,1.24189886260534,0.3583129710200665,LA,2024-01-05,1,1,1,1,1,1,0,0,1,1,1,0,0,1,1,0,0,1
770,1.16523672511995,0.372017798367741,LA,2024-01-06,0,1,0,1,1,1,1,1,1,1,1,0,1,0,0,1,1,1
771,1.77535201279709,0.346520338155069,LA,2024-01-07,1,1,0,1,1,1,0,1,1,1,1,0,1,0,0,0,1,1
772,2.68939323684857,0.3755713996759115,LA,2024-01-08,1,1,1,0,1,0,0,1,1,1,1,1,0,0,0,0,1,1
773,2.60563365477581,0.347058045666811,LA,2024-01-09,1,1,0,1,1,0,1,1,1,1,1,0,1,0,0,1,1,1
774,0.865687916479702,0.191608857178577,LA,2024-01-10,1,0,1,1,1,1,1,1,1,1,0,1,1,1,1,0,1,1
775,3.53708938604663,0.334678792009588,LA,2024-01-11,1,1,0,0,1,0,1,1,1,0,1,0,1,0,0,1,1,0
776,2.36450811300919,0.260479034437211,LA,2024-01-12,1,1,1,1,0,1,1,1,1,1,1,0,1,0,0,1,1,1
777,0.43430650528697,0.1989645419928495,LA,2024-01-13,1,1,1,1,1,1,1,1,1,1,1,1,1,0,1,1,0,1
778,2.24360088058881,0.3385188496223145,LA,2024-01-14,0,1,1,0,1,0,1,1,0,0,1,1,0,0,1,1,1,0
779,0.945238430388087,0.4197075965374525,LA,2024-01-15,1,1,1,1,1,1,0,1,1,1,1,1,1,1,0,0,1,1
780,0.418553733641035,0.02193467143546395,LA,2024-01-16,1,1,1,1,1,1,1,1,1,1,1,1,1,1,1,1,1,1
781,0.433775511389492,0.1426782877685265,LA,2024-01-17,1,1,1,1,1,1,1,1,1,1,1,1,1,0,0,1,1,1
782,1.47052943819898,0.1934353070855435,LA,2024-01-18,1,1,0,0,0,1,1,0,1,1,1,0,0,1,0,0,0,0
783,2.06711993162295,0.3423192395060695,LA,2024-01-19,1,1,1,0,1,0,0,1,0,1,1,1,0,0,0,0,1,0
784,1.35611702338408,0.420149552192701,LA,2024-01-20,1,1,1,1,1,0,1,1,0,1,1,1,1,0,0,1,1,0
785,1.69484039622551,0.325011878832095,LA,2024-01-21,1,0,1,1,1,0,1,1,0,0,0,1,1,0,0,1,1,0
786,2.48536937216307,0.2760546331928265,LA,2024-01-22,0,1,0,1,1,0,1,0,1,0,1,0,1,0,0,1,0,1
787,0.900160586491138,0.178360092286843,LA,2024-01-23,1,1,1,1,1,1,1,1,0,1,1,1,1,0,0,1,1,0
788,3.64940735732461,0.3308722409345385,LA,2024-01-24,1,1,1,1,0,0,1,1,0,1,1,1,1,0,0,1,1,0
789,1.38523177547438,0.1782857591759505,LA,2024-01-25,1,1,0,1,0,1,1,1,1,1,1,0,1,0,0,0,1,1
790,0.44769523381862,0.00656858654186535,LA,2024-01-26,1,1,1,1,1,1,1,1,1,1,1,1,1,0,0,1,1,1
791,0.838742180233772,0.118270412395194,LA,2024-01-27,1,1,1,1,1,1,1,1,0,1,1,1,1,1,0,1,1,0
792,0.824783428823745,0.095711594135352,LA,2024-01-28,1,1,1,1,1,1,1,1,0,1,1,1,1,1,0,1,1,0
793,0.984922796937122,0.058143349737699,LA,2024-01-29,1,1,1,1,1,1,1,1,0,0,1,1,1,1,1,1,1,0
794,0.150561565328011,0.003969325525508615,LA,2024-01-30,1,1,1,1,1,1,1,1,1,1,1,1,1,0,0,1,1,1
795,0.430980146756955,0.00349551470140448,LA,2024-01-31,1,1,1,1,1,1,1,1,1,1,1,1,1,0,0,1,1,1
796,0.160165663076964,0.00307709268297159,LA,2024-02-01,1,1,1,1,1,1,1,1,1,1,1,0,1,1,0,1,0,1
797,0.551758453600015,0.084766161376302,LA,2024-02-02,1,1,1,1,1,1,1,1,1,1,0,1,1,0,1,1,1,1
798,0.527999429042656,0.078107556888319,LA,2024-02-03,1,1,1,1,1,1,1,1,1,1,1,1,1,0,0,1,1,1
799,1.01531051465527,0.717514555694455,MA,2023-12-24,1,0,1,1,1,1,1,1,1,1,0,1,1,1,0,1,1,1
800,NA,NA,MA,2023-12-25,NA,NA,NA,NA,NA,NA,NA,NA,NA,NA,NA,NA,NA,NA,NA,NA,NA,NA
801,1.06142942784667,0.1708742497443995,MA,2023-12-26,1,1,1,1,1,1,1,0,1,1,1,1,0,0,0,0,0,1
802,1.54037097453834,0.2260916698614855,MA,2023-12-27,1,1,1,1,0,1,1,1,1,1,0,1,1,0,0,0,0,1
803,0.769152642168358,0.2149490163819105,MA,2023-12-28,1,1,1,1,1,1,1,1,1,1,1,1,1,0,0,1,1,0
804,0.689199376701848,0.0419209099389249,MA,2023-12-29,1,1,1,1,1,1,1,1,1,1,1,1,1,1,1,1,1,1
805,0.987173843450339,0.312898296692589,MA,2023-12-30,1,0,1,1,1,1,1,1,1,1,0,1,1,1,0,1,1,1
806,0.27557362614759,0.0331827482764545,MA,2023-12-31,1,1,1,1,1,1,1,1,1,1,1,1,1,0,0,1,1,1
807,0.84835190986837,0.225714836504561,MA,2024-01-01,1,1,0,1,1,1,1,1,1,1,1,0,1,0,1,1,1,1
808,0.997885564920221,0.193297588127416,MA,2024-01-02,1,0,1,1,1,1,1,1,1,1,0,1,1,0,0,0,1,1
809,1.65189265410727,0.2478035200210805,MA,2024-01-03,1,1,1,1,0,0,1,1,1,1,1,1,1,0,0,0,1,1
810,3.30305082915026,0.3235728884278305,MA,2024-01-04,1,0,1,1,0,0,1,0,1,1,0,1,0,0,0,0,0,1
811,0.866705501631609,0.1671880085851805,MA,2024-01-05,1,1,1,1,0,1,1,1,1,1,1,1,1,0,0,1,1,1
812,0.0636392683032437,0.01579135356150645,MA,2024-01-06,1,1,1,1,1,1,1,1,1,1,1,1,1,0,0,1,1,1
813,0.0685939498034722,0.01388262719233215,MA,2024-01-07,1,1,1,1,1,1,1,1,1,1,0,1,1,1,0,1,1,1
814,1.19145595407683,0.248131439418506,MA,2024-01-08,1,1,1,1,1,0,1,1,0,1,1,1,1,1,0,1,1,0
815,1.3568395068034,0.21183124489507,MA,2024-01-09,1,1,1,1,0,0,1,1,1,1,1,1,1,0,0,0,1,1
816,0.423414106454017,0.009367047538098,MA,2024-01-10,1,1,1,1,1,1,1,1,1,1,1,1,1,0,0,1,1,1
817,0.290227993750954,0.00819881930811085,MA,2024-01-11,1,1,1,1,1,1,1,1,1,1,1,1,1,1,1,1,1,1
818,0.163067575583992,0.00716978094258555,MA,2024-01-12,1,1,1,1,1,1,1,1,1,1,1,1,1,1,0,1,1,0
819,0.009581820121284,0.0062646463498107,MA,2024-01-13,1,1,1,1,1,1,1,1,1,1,1,1,1,1,1,1,1,1
820,0.00680119342281964,0.0054695564166933,MA,2024-01-14,1,1,1,1,1,1,1,1,1,1,1,1,1,1,1,1,1,1
821,0.0463896764207102,0.00477199478852375,MA,2024-01-15,1,1,1,1,1,1,1,1,1,1,1,1,1,1,1,1,1,1
822,0.0198921983259671,0.00416069833526641,MA,2024-01-16,1,1,1,1,1,1,1,1,1,1,1,1,1,1,1,1,1,1
823,0.693484854172232,0.114482481662667,MA,2024-01-17,1,1,1,1,0,1,1,1,1,1,1,1,1,0,0,1,1,1
824,0.696239185220714,0.1149700807889305,MA,2024-01-18,1,1,1,1,0,1,1,1,1,1,1,1,1,1,1,1,1,1
825,0.750864466323116,0.131556491355659,MA,2024-01-19,1,1,1,1,0,1,1,1,1,1,1,0,1,0,1,1,1,1
826,0.00293972573105049,0.00239162227879053,MA,2024-01-20,1,1,1,1,1,1,1,1,1,1,1,1,1,1,1,1,1,1
827,NA,NA,MA,2024-01-21,NA,NA,NA,NA,NA,NA,NA,NA,NA,NA,NA,NA,NA,NA,NA,NA,NA,NA
828,0.0529609657262286,0.0018086407727012,MA,2024-01-22,1,1,1,1,1,1,1,1,1,1,1,1,1,1,1,1,1,1
829,0.913067041897286,0.133844405726892,MA,2024-01-23,1,1,1,1,0,1,1,1,1,1,1,1,1,0,0,1,1,1
830,1.10449002278432,0.234116436019937,MA,2024-01-24,1,1,1,1,0,0,1,1,1,1,1,1,1,0,0,1,1,1
831,0.0483301540987129,0.00118680889857622,MA,2024-01-25,1,1,1,1,1,1,1,1,1,1,1,1,1,1,1,1,1,1
832,0.0191753965398848,0.00103085609844415,MA,2024-01-26,1,1,1,1,1,1,1,1,1,1,1,1,1,1,1,1,1,1
833,0.00808577472919492,8.95247600902445e-4,MA,2024-01-27,1,1,1,1,1,1,1,1,1,1,1,1,1,1,1,1,1,1
834,0.00116913035511628,7.77372688005765e-4,MA,2024-01-28,1,1,1,1,1,1,1,1,1,1,1,1,1,1,1,1,1,1
835,0.0382393800640493,6.7494551487168e-4,MA,2024-01-29,1,1,1,1,1,1,1,1,1,1,1,1,1,1,1,1,1,1
836,1.269604044784,0.242961904137948,MA,2024-01-30,1,1,1,1,1,0,1,1,0,1,1,1,1,1,0,1,1,0
837,0.00252759316121486,5.08690041885855e-4,MA,2024-01-31,1,1,1,1,1,1,1,1,1,1,1,1,1,1,1,1,1,1
838,0.0184023771625452,4.4159021915643e-4,MA,2024-02-01,1,1,1,1,1,1,1,1,1,1,1,1,1,1,1,1,1,1
839,0.00140028527321485,3.83337507166645e-4,MA,2024-02-02,1,1,1,1,1,1,1,1,1,1,1,1,1,1,1,1,1,1
840,NA,NA,MA,2024-02-03,NA,NA,NA,NA,NA,NA,NA,NA,NA,NA,NA,NA,NA,NA,NA,NA,NA,NA
841,0.853438099899326,0.2054536773850215,MD,2023-12-24,1,1,1,1,1,0,1,1,1,1,0,1,1,1,0,1,1,1
842,0.587426045049349,0.409058024849891,MD,2023-12-25,1,1,1,1,1,1,1,1,1,1,1,1,1,0,0,1,1,1
843,1.09419623674072,0.283412429858088,MD,2023-12-26,1,1,1,1,1,1,1,1,1,1,0,1,0,0,0,1,1,1
844,1.53791096623963,0.222271729680883,MD,2023-12-27,1,1,1,1,1,0,1,0,1,1,0,1,1,0,1,1,0,1
845,1.00762604036452,0.293863319382492,MD,2023-12-28,1,1,1,1,1,1,0,1,1,1,1,1,1,1,1,1,1,1
846,1.23750452498748,0.295468924236764,MD,2023-12-29,1,1,1,1,1,1,1,1,1,1,0,1,1,1,1,0,1,1
847,1.29068659139482,0.1972325833511785,MD,2023-12-30,1,1,1,1,0,1,1,0,1,1,0,1,1,1,1,1,0,1
848,0.618409179473282,0.085631869142263,MD,2023-12-31,1,1,1,1,1,1,1,1,1,1,1,1,1,0,0,1,1,1
849,1.32490682634331,0.077574082886034,MD,2024-01-01,1,1,1,1,1,0,1,1,1,1,0,0,1,0,0,1,1,1
850,1.1194797015829001,0.2342039898451605,MD,2024-01-02,1,1,1,1,1,1,1,1,0,1,0,1,1,1,0,1,1,0
851,0.9482905488384,0.2179146108232395,MD,2024-01-03,1,1,1,1,1,1,1,1,1,1,1,1,1,0,0,1,1,1
852,1.07858986329625,0.2445337899170515,MD,2024-01-04,1,1,1,1,1,1,1,1,1,1,0,1,1,0,0,0,1,1
853,1.2355358760466,0.228045145473133,MD,2024-01-05,1,0,1,1,1,1,1,1,0,1,0,1,1,0,0,1,1,0
854,0.467458382841841,0.2417720978067525,MD,2024-01-06,1,1,1,1,1,1,1,1,1,1,1,1,1,0,0,1,1,1
855,0.636346150931364,0.346194813558012,MD,2024-01-07,1,1,1,1,1,1,1,1,1,1,1,1,1,1,1,1,1,1
856,0.902208606126105,0.1904069726043285,MD,2024-01-08,0,1,1,1,1,1,1,1,1,0,1,1,1,1,0,1,1,1
857,0.555845242967475,0.0324632860811404,MD,2024-01-09,1,1,1,1,1,1,1,1,1,1,1,1,1,1,1,1,1,1
858,0.374498651539355,0.141007955961985,MD,2024-01-10,1,1,1,1,1,1,1,1,1,1,1,1,1,1,0,1,1,0
859,0.205217584130241,0.02560977435271125,MD,2024-01-11,1,1,1,1,1,1,1,1,1,1,1,1,1,1,1,1,1,1
860,0.20047522520867,0.022691066194204,MD,2024-01-12,1,1,1,1,1,1,1,1,1,1,1,1,1,1,1,1,1,1
861,0.0895344181784767,0.02007464451782285,MD,2024-01-13,1,1,1,1,1,1,1,1,1,1,1,1,1,1,1,1,1,1
862,0.68060079146541,0.265641513621012,MD,2024-01-14,1,1,1,1,1,1,1,1,1,1,1,1,1,0,0,1,1,1
863,0.0730397727865303,0.01564617041923115,MD,2024-01-15,1,1,1,1,1,1,1,1,1,1,1,1,1,1,1,1,1,1
864,0.016921913765273,0.01378620723571115,MD,2024-01-16,1,1,1,1,1,1,1,1,1,1,1,1,1,1,1,1,1,1
865,0.81591619055573,0.274849129566508,MD,2024-01-17,1,1,1,1,0,1,1,1,1,1,1,1,1,1,1,1,1,1
866,2.7092180673989,0.326881020168457,MD,2024-01-18,0,0,1,0,1,0,0,1,1,0,0,1,0,1,0,0,1,1
867,0.0404360015243211,0.00936654968741725,MD,2024-01-19,1,1,1,1,1,1,1,1,1,1,1,1,1,1,1,1,1,1
868,1.46850032576482,0.2934523847930675,MD,2024-01-20,1,1,1,1,1,0,1,1,0,1,1,1,1,1,0,1,1,0
869,0.0712055279198852,0.0072027973499439,MD,2024-01-21,1,1,1,1,1,1,1,1,1,1,1,1,1,0,0,1,1,1
870,0.511956336165678,0.112238651998681,MD,2024-01-22,1,1,1,1,1,1,1,1,1,1,1,1,1,0,0,1,1,1
871,0.0572397718141311,0.0055202393814309,MD,2024-01-23,1,1,1,1,1,1,1,1,1,1,1,1,1,1,1,1,1,1
872,0.194706028210336,0.00482729192159328,MD,2024-01-24,1,1,1,1,1,1,1,1,1,1,1,1,1,0,0,1,1,1
873,0.533445882430396,0.091755583999665,MD,2024-01-25,1,1,1,1,1,1,1,1,1,1,1,1,1,1,1,1,1,1
874,0.1334816984473,0.003684281213173325,MD,2024-01-26,1,1,1,1,1,1,1,1,1,1,1,1,1,1,0,1,0,1
875,0.00405317849071134,0.00321589849080121,MD,2024-01-27,1,1,1,1,1,1,1,1,1,1,1,1,1,1,1,1,1,1
876,0.00371156106464947,0.00280563222124403,MD,2024-01-28,1,1,1,1,1,1,1,1,1,1,1,1,1,1,1,1,1,1
877,1.08467030117842,0.158992247370389,MD,2024-01-29,1,1,1,0,1,1,1,1,1,1,1,1,0,1,0,1,1,1
878,0.055733685388808,0.002132576116941125,MD,2024-01-30,1,1,1,1,1,1,1,1,1,1,1,1,1,1,1,1,1,1
879,0.00837570345490488,0.00185817961442739,MD,2024-01-31,1,1,1,1,1,1,1,1,1,1,1,1,1,1,1,1,1,1
880,1.15169746120411,0.1914912130287525,MD,2024-02-01,1,1,1,1,1,0,1,1,0,1,1,1,1,1,1,1,0,0
881,1.10891039223235,0.160201433969148,MD,2024-02-02,1,1,1,1,1,0,1,1,0,1,1,1,1,1,0,1,1,0
882,0.00580363003984871,0.001226956844455155,MD,2024-02-03,1,1,1,1,1,1,1,1,1,1,1,1,1,1,1,1,1,1
883,NA,NA,ME,2023-12-24,NA,NA,NA,NA,NA,NA,NA,NA,NA,NA,NA,NA,NA,NA,NA,NA,NA,NA
884,NA,NA,ME,2023-12-25,NA,NA,NA,NA,NA,NA,NA,NA,NA,NA,NA,NA,NA,NA,NA,NA,NA,NA
885,NA,NA,ME,2023-12-26,NA,NA,NA,NA,NA,NA,NA,NA,NA,NA,NA,NA,NA,NA,NA,NA,NA,NA
886,NA,NA,ME,2023-12-27,NA,NA,NA,NA,NA,NA,NA,NA,NA,NA,NA,NA,NA,NA,NA,NA,NA,NA
887,NA,NA,ME,2023-12-28,NA,NA,NA,NA,NA,NA,NA,NA,NA,NA,NA,NA,NA,NA,NA,NA,NA,NA
888,NA,NA,ME,2023-12-29,NA,NA,NA,NA,NA,NA,NA,NA,NA,NA,NA,NA,NA,NA,NA,NA,NA,NA
889,NA,NA,ME,2023-12-30,NA,NA,NA,NA,NA,NA,NA,NA,NA,NA,NA,NA,NA,NA,NA,NA,NA,NA
890,NA,NA,ME,2023-12-31,NA,NA,NA,NA,NA,NA,NA,NA,NA,NA,NA,NA,NA,NA,NA,NA,NA,NA
891,NA,NA,ME,2024-01-01,NA,NA,NA,NA,NA,NA,NA,NA,NA,NA,NA,NA,NA,NA,NA,NA,NA,NA
892,NA,NA,ME,2024-01-02,NA,NA,NA,NA,NA,NA,NA,NA,NA,NA,NA,NA,NA,NA,NA,NA,NA,NA
893,NA,NA,ME,2024-01-03,NA,NA,NA,NA,NA,NA,NA,NA,NA,NA,NA,NA,NA,NA,NA,NA,NA,NA
894,0.553400425422129,0.1217732459205255,ME,2024-01-04,1,1,1,1,1,1,1,1,1,1,1,1,1,0,0,1,1,1
895,NA,NA,ME,2024-01-05,NA,NA,NA,NA,NA,NA,NA,NA,NA,NA,NA,NA,NA,NA,NA,NA,NA,NA
896,NA,NA,ME,2024-01-06,NA,NA,NA,NA,NA,NA,NA,NA,NA,NA,NA,NA,NA,NA,NA,NA,NA,NA
897,NA,NA,ME,2024-01-07,NA,NA,NA,NA,NA,NA,NA,NA,NA,NA,NA,NA,NA,NA,NA,NA,NA,NA
898,0.398898777394537,0.303071015400341,ME,2024-01-08,1,1,1,1,1,1,1,1,1,1,1,1,1,1,1,1,1,1
899,NA,NA,ME,2024-01-09,NA,NA,NA,NA,NA,NA,NA,NA,NA,NA,NA,NA,NA,NA,NA,NA,NA,NA
900,NA,NA,ME,2024-01-10,NA,NA,NA,NA,NA,NA,NA,NA,NA,NA,NA,NA,NA,NA,NA,NA,NA,NA
901,NA,NA,ME,2024-01-11,NA,NA,NA,NA,NA,NA,NA,NA,NA,NA,NA,NA,NA,NA,NA,NA,NA,NA
902,NA,NA,ME,2024-01-12,NA,NA,NA,NA,NA,NA,NA,NA,NA,NA,NA,NA,NA,NA,NA,NA,NA,NA
903,NA,NA,ME,2024-01-13,NA,NA,NA,NA,NA,NA,NA,NA,NA,NA,NA,NA,NA,NA,NA,NA,NA,NA
904,NA,NA,ME,2024-01-14,NA,NA,NA,NA,NA,NA,NA,NA,NA,NA,NA,NA,NA,NA,NA,NA,NA,NA
905,NA,NA,ME,2024-01-15,NA,NA,NA,NA,NA,NA,NA,NA,NA,NA,NA,NA,NA,NA,NA,NA,NA,NA
906,NA,NA,ME,2024-01-16,NA,NA,NA,NA,NA,NA,NA,NA,NA,NA,NA,NA,NA,NA,NA,NA,NA,NA
907,1.0971067462186,0.794306035532975,ME,2024-01-17,1,1,1,1,1,1,1,1,0,1,1,1,1,1,0,1,1,0
908,NA,NA,ME,2024-01-18,NA,NA,NA,NA,NA,NA,NA,NA,NA,NA,NA,NA,NA,NA,NA,NA,NA,NA
909,NA,NA,ME,2024-01-19,NA,NA,NA,NA,NA,NA,NA,NA,NA,NA,NA,NA,NA,NA,NA,NA,NA,NA
910,NA,NA,ME,2024-01-20,NA,NA,NA,NA,NA,NA,NA,NA,NA,NA,NA,NA,NA,NA,NA,NA,NA,NA
911,NA,NA,ME,2024-01-21,NA,NA,NA,NA,NA,NA,NA,NA,NA,NA,NA,NA,NA,NA,NA,NA,NA,NA
912,NA,NA,ME,2024-01-22,NA,NA,NA,NA,NA,NA,NA,NA,NA,NA,NA,NA,NA,NA,NA,NA,NA,NA
913,NA,NA,ME,2024-01-23,NA,NA,NA,NA,NA,NA,NA,NA,NA,NA,NA,NA,NA,NA,NA,NA,NA,NA
914,NA,NA,ME,2024-01-24,NA,NA,NA,NA,NA,NA,NA,NA,NA,NA,NA,NA,NA,NA,NA,NA,NA,NA
915,NA,NA,ME,2024-01-25,NA,NA,NA,NA,NA,NA,NA,NA,NA,NA,NA,NA,NA,NA,NA,NA,NA,NA
916,NA,NA,ME,2024-01-26,NA,NA,NA,NA,NA,NA,NA,NA,NA,NA,NA,NA,NA,NA,NA,NA,NA,NA
917,NA,NA,ME,2024-01-27,NA,NA,NA,NA,NA,NA,NA,NA,NA,NA,NA,NA,NA,NA,NA,NA,NA,NA
918,NA,NA,ME,2024-01-28,NA,NA,NA,NA,NA,NA,NA,NA,NA,NA,NA,NA,NA,NA,NA,NA,NA,NA
919,NA,NA,ME,2024-01-29,NA,NA,NA,NA,NA,NA,NA,NA,NA,NA,NA,NA,NA,NA,NA,NA,NA,NA
920,NA,NA,ME,2024-01-30,NA,NA,NA,NA,NA,NA,NA,NA,NA,NA,NA,NA,NA,NA,NA,NA,NA,NA
921,NA,NA,ME,2024-01-31,NA,NA,NA,NA,NA,NA,NA,NA,NA,NA,NA,NA,NA,NA,NA,NA,NA,NA
922,NA,NA,ME,2024-02-01,NA,NA,NA,NA,NA,NA,NA,NA,NA,NA,NA,NA,NA,NA,NA,NA,NA,NA
923,NA,NA,ME,2024-02-02,NA,NA,NA,NA,NA,NA,NA,NA,NA,NA,NA,NA,NA,NA,NA,NA,NA,NA
924,NA,NA,ME,2024-02-03,NA,NA,NA,NA,NA,NA,NA,NA,NA,NA,NA,NA,NA,NA,NA,NA,NA,NA
925,1.56479955449213,0.3955578270259415,MI,2023-12-24,1,0,1,0,1,1,1,1,1,1,0,1,0,0,1,1,1,0
926,1.64804899959518,0.3853650457374895,MI,2023-12-25,0,1,1,1,1,1,1,1,1,0,1,0,0,0,0,1,0,0
927,2.24430711324008,0.3742987184771455,MI,2023-12-26,1,1,1,1,1,1,1,1,1,1,1,0,0,0,0,0,1,0
928,7.34913188943005,0.4112608874223895,MI,2023-12-27,0,0,1,1,0,1,1,0,0,0,0,0,0,0,0,0,0,0
929,5.40577825656346,0.357478114085812,MI,2023-12-28,0,1,1,1,1,1,1,1,0,0,0,0,0,0,0,0,0,0
930,4.13919223794143,0.2942751396087995,MI,2023-12-29,1,1,1,0,0,0,0,1,1,0,0,0,0,1,0,1,0,0
931,4.03519831066331,0.408888379414655,MI,2023-12-30,1,0,0,1,1,0,1,1,0,0,0,0,1,0,0,0,1,0
932,3.91238446592222,0.4561341742994395,MI,2023-12-31,0,1,0,1,1,0,1,1,0,0,1,0,0,0,0,0,1,0
933,3.24487612508615,0.293557077323795,MI,2024-01-01,0,1,1,0,0,1,1,1,1,0,1,1,0,0,0,0,1,1
934,2.8039362763028,0.289004549289202,MI,2024-01-02,0,1,1,1,1,1,1,1,1,0,0,0,0,0,0,1,0,0
935,8.01344440473686,0.3722810027469495,MI,2024-01-03,1,1,1,1,1,0,1,0,0,0,1,0,0,1,0,0,0,0
936,4.10539228352004,0.2997298196763705,MI,2024-01-04,1,1,1,1,0,1,0,1,0,1,1,0,0,0,0,0,1,0
937,2.94195364147715,0.3899057290758255,MI,2024-01-05,1,0,1,1,1,0,0,1,0,1,0,0,1,0,0,0,0,0
938,1.3422365989321,0.370330398602128,MI,2024-01-06,1,1,1,1,1,1,1,0,0,1,1,0,1,1,0,1,0,0
939,1.42193812110227,0.150863505121122,MI,2024-01-07,1,1,0,1,1,0,1,1,1,1,1,0,1,1,1,0,1,1
940,4.12162574276739,0.2917315503297735,MI,2024-01-08,1,0,1,1,1,1,1,1,0,0,0,1,0,0,1,0,0,0
941,2.74511871867978,0.2539095287474835,MI,2024-01-09,1,1,1,1,1,1,1,1,0,1,1,1,1,0,0,0,1,0
942,3.53806940474308,0.2006613627317005,MI,2024-01-10,1,1,0,1,0,1,1,1,1,1,1,0,0,0,0,1,0,0
943,2.33189071582354,0.19630382828379,MI,2024-01-11,1,1,1,1,1,1,1,1,0,1,0,1,0,0,0,0,0,0
944,3.10656698954542,0.22988350793406,MI,2024-01-12,1,0,1,1,1,1,1,1,0,1,0,0,1,0,0,1,0,0
945,1.53730601833329,0.241152997121713,MI,2024-01-13,1,0,0,1,1,1,1,1,1,1,0,0,1,0,0,1,1,1
946,1.13392770392044,0.1189057422511625,MI,2024-01-14,1,1,1,1,1,1,1,1,0,1,1,1,1,0,0,1,1,0
947,2.77838014791207,0.1272537633113875,MI,2024-01-15,0,1,1,1,1,0,1,1,1,0,0,0,0,0,0,1,0,1
948,2.49287203084927,0.149184829112857,MI,2024-01-16,1,1,1,1,1,1,1,1,0,1,1,1,1,0,0,1,1,0
949,1.64926952544576,0.1674279676468175,MI,2024-01-17,1,1,1,1,1,1,1,1,0,1,0,0,1,0,0,1,0,0
950,2.89073306577263,0.2156718332862525,MI,2024-01-18,1,1,1,0,1,0,1,0,0,1,1,1,0,0,0,1,0,0
951,2.20365417792026,0.22727522960117,MI,2024-01-19,1,0,1,1,0,0,1,1,1,1,0,1,1,0,0,1,0,1
952,1.13785181294278,0.2811968729056025,MI,2024-01-20,1,1,1,0,1,1,1,1,1,1,1,1,0,0,0,1,0,1
953,2.27394904447691,0.288406055673432,MI,2024-01-21,1,0,1,1,1,0,1,1,0,1,0,1,1,1,0,1,1,0
954,3.59408013560805,0.230118938578586,MI,2024-01-22,0,0,1,0,1,0,1,1,0,0,0,0,0,0,0,1,1,0
955,0.937701926054415,0.104250990531812,MI,2024-01-23,0,1,1,1,1,1,1,1,1,0,1,1,1,1,0,1,1,1
956,1.61987378829077,0.10310152587943,MI,2024-01-24,0,1,1,1,0,1,1,1,0,0,1,0,1,0,0,1,0,0
957,1.34076444889102,0.1318657895843435,MI,2024-01-25,0,1,1,1,1,1,1,1,0,0,1,1,1,0,0,1,1,0
958,0.762871621413103,0.0855758947226765,MI,2024-01-26,1,1,1,1,1,1,1,1,1,1,1,1,1,0,0,1,0,1
959,0.492190386234335,0.077549114445099,MI,2024-01-27,1,1,1,1,1,1,1,1,1,1,1,1,1,0,0,1,1,1
960,0.0108153537551231,0.00683746234659785,MI,2024-01-28,1,1,1,1,1,1,1,1,1,1,1,1,1,1,1,1,1,1
961,3.53658755172579,0.163102540658703,MI,2024-01-29,1,1,1,0,0,0,1,1,0,1,0,1,0,0,0,1,0,0
962,0.744911690293983,0.0429849218956873,MI,2024-01-30,1,1,1,1,1,1,1,1,1,1,1,1,1,1,1,1,1,1
963,1.03681297757813,0.0835886950196525,MI,2024-01-31,1,1,1,1,1,1,1,1,0,1,1,1,1,0,0,1,0,0
964,1.48453614146645,0.109526627284183,MI,2024-02-01,1,1,1,1,1,1,1,1,0,1,1,0,1,0,0,1,1,0
965,1.99631345763106,0.1474121966581685,MI,2024-02-02,1,1,1,1,1,0,1,1,0,1,1,1,0,0,0,0,1,0
966,0.38049907891766,0.003255926970220335,MI,2024-02-03,1,1,1,1,1,1,1,1,1,1,1,1,1,1,1,1,1,1
967,3.0166377618238,0.3041128721683415,MN,2023-12-24,1,1,1,1,1,1,1,1,0,0,1,0,1,0,0,0,1,0
968,5.08659357271515,0.3113765459213765,MN,2023-12-25,1,1,1,0,0,0,1,1,0,0,1,0,0,0,1,0,0,0
969,4.76714418871229,0.321569006556125,MN,2023-12-26,1,1,1,0,1,1,1,1,0,0,1,0,0,0,0,0,0,0
970,6.49313373002341,0.3480153264960535,MN,2023-12-27,0,1,1,1,1,0,0,1,0,0,0,1,0,0,0,1,0,0
971,5.2111124338223,0.3426095447249815,MN,2023-12-28,1,1,0,1,1,1,0,1,0,0,0,0,1,1,0,0,0,0
972,4.61576913226418,0.3155735436911715,MN,2023-12-29,1,1,1,1,0,1,0,0,0,1,1,0,1,0,0,0,0,0
973,4.72150448574946,0.346345152285523,MN,2023-12-30,1,1,1,1,1,0,1,0,0,1,1,0,1,0,0,0,0,0
974,1.99141907314237,0.3049585089976985,MN,2023-12-31,1,1,1,0,1,1,0,1,1,1,0,0,0,0,0,0,0,0
975,2.04331310228933,0.254836430582068,MN,2024-01-01,0,1,1,1,1,1,1,1,0,0,1,0,0,0,1,0,0,0
976,4.83129681105053,0.2914549303144955,MN,2024-01-02,1,1,1,0,1,0,1,1,0,0,0,0,0,0,0,1,0,0
977,2.9115685041126,0.234328205382283,MN,2024-01-03,1,0,0,1,0,1,1,1,1,1,0,0,1,1,0,1,1,0
978,2.35183808392472,0.3049865554246305,MN,2024-01-04,1,1,1,1,1,0,1,1,0,1,0,0,1,0,0,1,1,0
979,5.21361614885386,0.367963386473154,MN,2024-01-05,0,1,1,1,0,0,1,1,0,0,0,1,1,0,0,0,0,0
980,1.7330138632564,0.161349569953391,MN,2024-01-06,0,1,1,1,0,1,1,1,1,0,1,1,1,0,0,0,1,0
981,1.40426467247939,0.183909574730906,MN,2024-01-07,0,1,1,1,1,1,1,1,1,0,0,0,1,0,0,0,1,0
982,3.03431324790559,0.1795244344138205,MN,2024-01-08,1,1,1,1,1,1,1,1,0,0,1,0,1,0,0,0,1,0
983,9.09545848001205,0.2775060573819085,MN,2024-01-09,1,1,1,1,0,0,1,1,0,0,1,0,1,0,0,1,0,0
984,2.26860630709211,0.209334995408655,MN,2024-01-10,1,1,0,1,1,1,1,0,1,0,1,0,1,0,0,0,0,0
985,3.72757820137835,0.201375694776136,MN,2024-01-11,1,1,1,1,1,1,1,1,0,1,0,1,1,0,0,1,0,0
986,3.70574974834441,0.2654800745601145,MN,2024-01-12,0,0,1,1,0,0,1,0,0,0,0,1,1,0,1,0,0,0
987,2.93213983787863,0.220880125444266,MN,2024-01-13,1,1,1,1,1,0,0,1,0,1,1,0,1,0,0,0,1,0
988,0.985600036027821,0.1469578818009815,MN,2024-01-14,1,1,1,1,1,1,1,1,0,1,1,1,0,0,0,0,1,0
989,5.8708019500511,0.3026619009619465,MN,2024-01-15,1,1,1,1,0,0,1,1,0,1,1,1,0,0,0,1,1,0
990,8.05830127042117,0.200501946173829,MN,2024-01-16,0,1,1,0,1,0,1,1,0,0,1,0,0,0,0,0,1,0
991,4.1553912602476,0.239751254993565,MN,2024-01-17,1,0,1,1,1,0,1,1,0,1,0,1,1,0,0,0,0,0
992,1.12388233150235,0.137319571401318,MN,2024-01-18,1,1,0,1,1,1,1,1,0,1,1,0,1,1,1,0,1,1
993,0.789268618984003,0.093486837720491,MN,2024-01-19,1,1,1,1,1,1,1,1,0,1,1,1,1,0,0,0,1,1
994,0.773734373858202,0.087188477115983,MN,2024-01-20,1,1,1,1,1,1,1,1,0,1,1,1,1,0,1,1,1,0
995,1.54711852339113,0.1260060459742045,MN,2024-01-21,1,1,1,1,1,1,1,1,0,1,1,1,1,1,0,0,1,0
996,3.24216859690106,0.1716713306928635,MN,2024-01-22,1,1,1,1,1,0,1,1,0,0,1,1,1,0,0,0,1,0
997,4.77055613713789,0.213752392909978,MN,2024-01-23,1,1,1,1,1,0,1,1,0,1,1,0,1,0,0,0,0,0
998,1.4971731222728,0.07993714254306,MN,2024-01-24,1,1,1,1,1,1,1,1,0,1,1,1,1,1,0,1,1,0
999,2.34225327639264,0.1494313306050145,MN,2024-01-25,1,0,1,1,1,0,1,1,0,1,0,1,1,1,0,1,0,0
1000,4.01995516532715,0.2449622481672175,MN,2024-01-26,0,1,1,1,1,0,1,1,0,0,1,1,1,1,0,1,0,0
1001,1.28514534743715,0.1336675585671015,MN,2024-01-27,1,1,1,1,1,0,1,1,0,1,1,1,1,0,0,1,0,0
1002,0.238692530358216,0.002303169251890215,MN,2024-01-28,1,1,1,1,1,1,1,1,1,1,1,0,1,1,0,1,1,1
1003,5.15489533377425,0.2097902198717555,MN,2024-01-29,0,1,1,1,1,0,1,1,0,0,1,1,1,0,0,1,1,0
1004,2.61164688841344,0.1063654783069845,MN,2024-01-30,1,1,1,1,1,0,1,1,0,1,1,1,0,1,1,1,1,0
1005,0.802458130329903,0.0571385833256665,MN,2024-01-31,1,1,1,1,1,1,1,1,0,1,1,1,1,1,0,1,1,0
1006,2.02505838208057,0.0957467522722955,MN,2024-02-01,1,1,1,1,1,0,1,1,0,1,1,1,1,0,0,0,1,0
1007,3.29135214524572,0.1904726717535805,MN,2024-02-02,0,1,1,1,0,0,1,1,0,0,1,1,1,0,0,1,1,0
1008,0.135910735904234,0.001000069142620845,MN,2024-02-03,1,1,1,1,1,1,1,1,1,1,1,1,1,0,0,0,1,1
1009,NA,NA,MO,2023-12-24,NA,NA,NA,NA,NA,NA,NA,NA,NA,NA,NA,NA,NA,NA,NA,NA,NA,NA
1010,NA,NA,MO,2023-12-25,NA,NA,NA,NA,NA,NA,NA,NA,NA,NA,NA,NA,NA,NA,NA,NA,NA,NA
1011,0.786533596816416,0.390209794652772,MO,2023-12-26,1,1,1,1,1,1,1,1,0,1,1,1,1,0,0,1,1,0
1012,0.365717500671849,0.288826272375707,MO,2023-12-27,1,1,1,1,1,1,1,1,1,1,1,1,1,0,1,0,1,1
1013,0.845973120045852,0.60678053030474,MO,2023-12-28,1,1,1,1,1,1,0,1,1,1,1,1,1,1,0,0,1,1
1014,0.774573593479576,0.3850671701302215,MO,2023-12-29,1,1,1,1,1,1,1,1,0,1,1,1,1,1,1,1,0,0
1015,0.881926261324609,0.630642043998325,MO,2023-12-30,1,1,1,1,1,1,1,1,0,1,1,1,1,1,1,1,0,0
1016,0.209926242883629,0.127258102463626,MO,2023-12-31,1,1,1,1,1,1,1,1,1,1,1,1,1,1,1,1,1,1
1017,NA,NA,MO,2024-01-01,NA,NA,NA,NA,NA,NA,NA,NA,NA,NA,NA,NA,NA,NA,NA,NA,NA,NA
1018,0.940302098055634,0.671244155561595,MO,2024-01-02,1,1,1,1,1,1,1,0,1,1,1,1,1,1,0,1,0,1
1019,0.161105398692012,0.0989944573635275,MO,2024-01-03,1,1,1,1,1,1,1,1,1,1,1,1,1,0,0,1,1,1
1020,0.1441282598558,0.0906161937256405,MO,2024-01-04,1,1,1,1,1,1,1,1,1,1,1,1,1,1,1,1,1,1
1021,0.749076792928178,0.55120920646362,MO,2024-01-05,1,1,1,1,0,1,1,1,1,1,0,1,1,0,1,1,1,1
1022,NA,NA,MO,2024-01-06,NA,NA,NA,NA,NA,NA,NA,NA,NA,NA,NA,NA,NA,NA,NA,NA,NA,NA
1023,NA,NA,MO,2024-01-07,NA,NA,NA,NA,NA,NA,NA,NA,NA,NA,NA,NA,NA,NA,NA,NA,NA,NA
1024,0.101378493072355,0.062226387074453,MO,2024-01-08,1,1,1,1,1,1,1,1,1,0,1,1,1,1,0,1,1,1
1025,NA,NA,MO,2024-01-09,NA,NA,NA,NA,NA,NA,NA,NA,NA,NA,NA,NA,NA,NA,NA,NA,NA,NA
1026,NA,NA,MO,2024-01-10,NA,NA,NA,NA,NA,NA,NA,NA,NA,NA,NA,NA,NA,NA,NA,NA,NA,NA
1027,0.893543594241202,0.4053042443799065,MO,2024-01-11,1,1,1,0,1,1,1,1,1,1,1,1,0,1,0,1,1,1
1028,0.879627544594327,0.402462168010994,MO,2024-01-12,1,1,0,1,1,1,1,1,1,1,1,0,1,1,0,1,1,1
1029,NA,NA,MO,2024-01-13,NA,NA,NA,NA,NA,NA,NA,NA,NA,NA,NA,NA,NA,NA,NA,NA,NA,NA
1030,0.0588775713166192,0.03337886708073155,MO,2024-01-14,1,1,1,1,1,1,1,1,1,1,1,1,1,1,1,1,1,1
1031,NA,NA,MO,2024-01-15,NA,NA,NA,NA,NA,NA,NA,NA,NA,NA,NA,NA,NA,NA,NA,NA,NA,NA
1032,0.148525508329369,0.02675978946012035,MO,2024-01-16,1,1,1,1,1,1,1,1,1,1,1,1,1,1,1,1,1,1
1033,NA,NA,MO,2024-01-17,NA,NA,NA,NA,NA,NA,NA,NA,NA,NA,NA,NA,NA,NA,NA,NA,NA,NA
1034,0.0421706179913858,0.02133169113219825,MO,2024-01-18,1,1,1,1,1,1,1,1,1,1,1,1,1,1,1,1,1,1
1035,NA,NA,MO,2024-01-19,NA,NA,NA,NA,NA,NA,NA,NA,NA,NA,NA,NA,NA,NA,NA,NA,NA,NA
1036,NA,NA,MO,2024-01-20,NA,NA,NA,NA,NA,NA,NA,NA,NA,NA,NA,NA,NA,NA,NA,NA,NA,NA
1037,0.0834133326740592,0.0150411609399346,MO,2024-01-21,1,1,1,1,1,1,1,1,1,1,1,1,1,0,0,1,1,1
1038,0.156212710376305,0.0133580905918725,MO,2024-01-22,1,1,1,1,1,1,1,1,1,1,1,1,1,1,1,1,1,1
1039,0.146667810625728,0.0118516917093363,MO,2024-01-23,1,1,1,1,1,1,1,1,1,1,1,1,1,1,1,1,1,1
1040,0.13550900794648,0.01050554451522345,MO,2024-01-24,1,1,1,1,1,1,1,1,1,1,1,1,1,0,0,1,1,1
1041,NA,NA,MO,2024-01-25,NA,NA,NA,NA,NA,NA,NA,NA,NA,NA,NA,NA,NA,NA,NA,NA,NA,NA
1042,NA,NA,MO,2024-01-26,NA,NA,NA,NA,NA,NA,NA,NA,NA,NA,NA,NA,NA,NA,NA,NA,NA,NA
1043,NA,NA,MO,2024-01-27,NA,NA,NA,NA,NA,NA,NA,NA,NA,NA,NA,NA,NA,NA,NA,NA,NA,NA
1044,NA,NA,MO,2024-01-28,NA,NA,NA,NA,NA,NA,NA,NA,NA,NA,NA,NA,NA,NA,NA,NA,NA,NA
1045,0.011570133673813,0.00568343191713205,MO,2024-01-29,1,1,1,1,1,1,1,1,1,1,1,1,1,1,1,1,1,1
1046,0.0311487587377109,0.00501684034903875,MO,2024-01-30,1,1,1,1,1,1,1,1,1,1,1,1,1,1,1,1,1,1
1047,1.20755091409204,0.882965154513575,MO,2024-01-31,1,1,1,1,0,0,1,1,1,1,1,1,1,0,0,1,1,1
1048,1.10340454694844,0.3102770979275995,MO,2024-02-01,0,1,1,1,1,0,1,1,1,0,1,1,1,1,0,1,1,1
1049,0.00656890884467008,0.003440933899472265,MO,2024-02-02,1,1,1,1,1,1,1,1,1,1,1,1,1,1,1,1,1,1
1050,NA,NA,MO,2024-02-03,NA,NA,NA,NA,NA,NA,NA,NA,NA,NA,NA,NA,NA,NA,NA,NA,NA,NA
1051,NA,NA,MS,2023-12-24,NA,NA,NA,NA,NA,NA,NA,NA,NA,NA,NA,NA,NA,NA,NA,NA,NA,NA
1052,NA,NA,MS,2023-12-25,NA,NA,NA,NA,NA,NA,NA,NA,NA,NA,NA,NA,NA,NA,NA,NA,NA,NA
1053,NA,NA,MS,2023-12-26,NA,NA,NA,NA,NA,NA,NA,NA,NA,NA,NA,NA,NA,NA,NA,NA,NA,NA
1054,NA,NA,MS,2023-12-27,NA,NA,NA,NA,NA,NA,NA,NA,NA,NA,NA,NA,NA,NA,NA,NA,NA,NA
1055,NA,NA,MS,2023-12-28,NA,NA,NA,NA,NA,NA,NA,NA,NA,NA,NA,NA,NA,NA,NA,NA,NA,NA
1056,NA,NA,MS,2023-12-29,NA,NA,NA,NA,NA,NA,NA,NA,NA,NA,NA,NA,NA,NA,NA,NA,NA,NA
1057,NA,NA,MS,2023-12-30,NA,NA,NA,NA,NA,NA,NA,NA,NA,NA,NA,NA,NA,NA,NA,NA,NA,NA
1058,NA,NA,MS,2023-12-31,NA,NA,NA,NA,NA,NA,NA,NA,NA,NA,NA,NA,NA,NA,NA,NA,NA,NA
1059,NA,NA,MS,2024-01-01,NA,NA,NA,NA,NA,NA,NA,NA,NA,NA,NA,NA,NA,NA,NA,NA,NA,NA
1060,1.32879843094145,0.379441547706662,MS,2024-01-02,1,1,1,0,1,1,1,1,1,1,1,1,0,1,0,0,1,0
1061,0.789037334402976,0.298848506705418,MS,2024-01-03,1,0,1,1,1,1,1,1,1,1,0,1,1,1,1,1,1,0
1062,0.843124706917736,0.294372098442672,MS,2024-01-04,1,1,1,0,1,1,1,1,1,1,1,0,0,0,0,1,1,1
1063,2.07180078031372,0.61719588250452,MS,2024-01-05,0,1,1,1,0,0,1,1,1,0,1,0,1,0,0,0,1,1
1064,NA,NA,MS,2024-01-06,NA,NA,NA,NA,NA,NA,NA,NA,NA,NA,NA,NA,NA,NA,NA,NA,NA,NA
1065,NA,NA,MS,2024-01-07,NA,NA,NA,NA,NA,NA,NA,NA,NA,NA,NA,NA,NA,NA,NA,NA,NA,NA
1066,1.20316710793632,0.139124312400197,MS,2024-01-08,1,1,0,1,1,1,1,1,1,1,1,0,1,1,1,1,0,1
1067,0.453061846970121,0.2417335642491025,MS,2024-01-09,1,1,1,1,1,1,1,1,1,1,1,1,1,0,0,1,1,1
1068,1.22511081086902,0.3429564506345635,MS,2024-01-10,1,1,1,1,0,1,1,1,1,1,1,1,1,0,0,0,0,1
1069,0.851283723355695,0.28815517011887,MS,2024-01-11,1,1,1,1,1,1,0,1,1,1,1,0,1,0,0,0,1,1
1070,1.20685617385603,0.38444874107993,MS,2024-01-12,1,1,1,1,1,0,1,1,0,1,1,1,1,0,0,1,1,0
1071,NA,NA,MS,2024-01-13,NA,NA,NA,NA,NA,NA,NA,NA,NA,NA,NA,NA,NA,NA,NA,NA,NA,NA
1072,NA,NA,MS,2024-01-14,NA,NA,NA,NA,NA,NA,NA,NA,NA,NA,NA,NA,NA,NA,NA,NA,NA,NA
1073,NA,NA,MS,2024-01-15,NA,NA,NA,NA,NA,NA,NA,NA,NA,NA,NA,NA,NA,NA,NA,NA,NA,NA
1074,NA,NA,MS,2024-01-16,NA,NA,NA,NA,NA,NA,NA,NA,NA,NA,NA,NA,NA,NA,NA,NA,NA,NA
1075,0.0920562126080683,0.0212242331056216,MS,2024-01-17,1,1,1,1,1,1,1,1,1,1,1,1,1,1,1,1,1,1
1076,0.0251539094771001,0.0189163707817047,MS,2024-01-18,1,1,1,1,1,1,1,1,1,1,1,1,1,0,0,1,1,1
1077,0.0770536261697883,0.01683852486658655,MS,2024-01-19,1,1,1,1,1,1,1,1,1,1,1,1,1,0,0,1,1,1
1078,NA,NA,MS,2024-01-20,NA,NA,NA,NA,NA,NA,NA,NA,NA,NA,NA,NA,NA,NA,NA,NA,NA,NA
1079,NA,NA,MS,2024-01-21,NA,NA,NA,NA,NA,NA,NA,NA,NA,NA,NA,NA,NA,NA,NA,NA,NA,NA
1080,0.783383865265571,0.276119954272086,MS,2024-01-22,1,1,1,1,0,1,1,1,1,1,1,1,1,0,0,1,1,1
1081,0.0927190757637849,0.01045475510697955,MS,2024-01-23,1,1,1,1,1,1,1,1,1,1,1,1,1,1,1,1,1,1
1082,NA,NA,MS,2024-01-24,NA,NA,NA,NA,NA,NA,NA,NA,NA,NA,NA,NA,NA,NA,NA,NA,NA,NA
1083,0.0107296665569385,0.0081897194603151,MS,2024-01-25,1,1,1,1,1,1,1,1,1,1,1,1,1,1,1,1,1,1
1084,0.0638467710831016,0.0072392843846191,MS,2024-01-26,1,1,1,1,1,1,1,1,1,1,1,1,1,1,1,1,1,1
1085,NA,NA,MS,2024-01-27,NA,NA,NA,NA,NA,NA,NA,NA,NA,NA,NA,NA,NA,NA,NA,NA,NA,NA
1086,NA,NA,MS,2024-01-28,NA,NA,NA,NA,NA,NA,NA,NA,NA,NA,NA,NA,NA,NA,NA,NA,NA,NA
1087,1.75946785774919,0.3588634754126915,MS,2024-01-29,1,1,0,1,0,0,1,1,1,1,1,0,1,0,0,1,1,1
1088,0.81884406588071,0.179098234300242,MS,2024-01-30,1,1,1,1,0,1,1,1,1,1,1,1,1,0,1,1,0,1
1089,0.0371367183197714,0.003865662674361015,MS,2024-01-31,1,1,1,1,1,1,1,1,1,1,1,1,1,1,1,1,1,1
1090,NA,NA,MS,2024-02-01,NA,NA,NA,NA,NA,NA,NA,NA,NA,NA,NA,NA,NA,NA,NA,NA,NA,NA
1091,1.1886886141164,0.3130483809078825,MS,2024-02-02,1,0,1,1,1,0,1,1,1,1,0,1,1,1,0,1,1,1
1092,NA,NA,MS,2024-02-03,NA,NA,NA,NA,NA,NA,NA,NA,NA,NA,NA,NA,NA,NA,NA,NA,NA,NA
1093,NA,NA,MT,2023-12-24,NA,NA,NA,NA,NA,NA,NA,NA,NA,NA,NA,NA,NA,NA,NA,NA,NA,NA
1094,NA,NA,MT,2023-12-25,NA,NA,NA,NA,NA,NA,NA,NA,NA,NA,NA,NA,NA,NA,NA,NA,NA,NA
1095,NA,NA,MT,2023-12-26,NA,NA,NA,NA,NA,NA,NA,NA,NA,NA,NA,NA,NA,NA,NA,NA,NA,NA
1096,NA,NA,MT,2023-12-27,NA,NA,NA,NA,NA,NA,NA,NA,NA,NA,NA,NA,NA,NA,NA,NA,NA,NA
1097,NA,NA,MT,2023-12-28,NA,NA,NA,NA,NA,NA,NA,NA,NA,NA,NA,NA,NA,NA,NA,NA,NA,NA
1098,NA,NA,MT,2023-12-29,NA,NA,NA,NA,NA,NA,NA,NA,NA,NA,NA,NA,NA,NA,NA,NA,NA,NA
1099,NA,NA,MT,2023-12-30,NA,NA,NA,NA,NA,NA,NA,NA,NA,NA,NA,NA,NA,NA,NA,NA,NA,NA
1100,NA,NA,MT,2023-12-31,NA,NA,NA,NA,NA,NA,NA,NA,NA,NA,NA,NA,NA,NA,NA,NA,NA,NA
1101,NA,NA,MT,2024-01-01,NA,NA,NA,NA,NA,NA,NA,NA,NA,NA,NA,NA,NA,NA,NA,NA,NA,NA
1102,NA,NA,MT,2024-01-02,NA,NA,NA,NA,NA,NA,NA,NA,NA,NA,NA,NA,NA,NA,NA,NA,NA,NA
1103,NA,NA,MT,2024-01-03,NA,NA,NA,NA,NA,NA,NA,NA,NA,NA,NA,NA,NA,NA,NA,NA,NA,NA
1104,NA,NA,MT,2024-01-04,NA,NA,NA,NA,NA,NA,NA,NA,NA,NA,NA,NA,NA,NA,NA,NA,NA,NA
1105,NA,NA,MT,2024-01-05,NA,NA,NA,NA,NA,NA,NA,NA,NA,NA,NA,NA,NA,NA,NA,NA,NA,NA
1106,NA,NA,MT,2024-01-06,NA,NA,NA,NA,NA,NA,NA,NA,NA,NA,NA,NA,NA,NA,NA,NA,NA,NA
1107,NA,NA,MT,2024-01-07,NA,NA,NA,NA,NA,NA,NA,NA,NA,NA,NA,NA,NA,NA,NA,NA,NA,NA
1108,NA,NA,MT,2024-01-08,NA,NA,NA,NA,NA,NA,NA,NA,NA,NA,NA,NA,NA,NA,NA,NA,NA,NA
1109,NA,NA,MT,2024-01-09,NA,NA,NA,NA,NA,NA,NA,NA,NA,NA,NA,NA,NA,NA,NA,NA,NA,NA
1110,NA,NA,MT,2024-01-10,NA,NA,NA,NA,NA,NA,NA,NA,NA,NA,NA,NA,NA,NA,NA,NA,NA,NA
1111,NA,NA,MT,2024-01-11,NA,NA,NA,NA,NA,NA,NA,NA,NA,NA,NA,NA,NA,NA,NA,NA,NA,NA
1112,NA,NA,MT,2024-01-12,NA,NA,NA,NA,NA,NA,NA,NA,NA,NA,NA,NA,NA,NA,NA,NA,NA,NA
1113,NA,NA,MT,2024-01-13,NA,NA,NA,NA,NA,NA,NA,NA,NA,NA,NA,NA,NA,NA,NA,NA,NA,NA
1114,NA,NA,MT,2024-01-14,NA,NA,NA,NA,NA,NA,NA,NA,NA,NA,NA,NA,NA,NA,NA,NA,NA,NA
1115,NA,NA,MT,2024-01-15,NA,NA,NA,NA,NA,NA,NA,NA,NA,NA,NA,NA,NA,NA,NA,NA,NA,NA
1116,NA,NA,MT,2024-01-16,NA,NA,NA,NA,NA,NA,NA,NA,NA,NA,NA,NA,NA,NA,NA,NA,NA,NA
1117,NA,NA,MT,2024-01-17,NA,NA,NA,NA,NA,NA,NA,NA,NA,NA,NA,NA,NA,NA,NA,NA,NA,NA
1118,NA,NA,MT,2024-01-18,NA,NA,NA,NA,NA,NA,NA,NA,NA,NA,NA,NA,NA,NA,NA,NA,NA,NA
1119,NA,NA,MT,2024-01-19,NA,NA,NA,NA,NA,NA,NA,NA,NA,NA,NA,NA,NA,NA,NA,NA,NA,NA
1120,NA,NA,MT,2024-01-20,NA,NA,NA,NA,NA,NA,NA,NA,NA,NA,NA,NA,NA,NA,NA,NA,NA,NA
1121,NA,NA,MT,2024-01-21,NA,NA,NA,NA,NA,NA,NA,NA,NA,NA,NA,NA,NA,NA,NA,NA,NA,NA
1122,NA,NA,MT,2024-01-22,NA,NA,NA,NA,NA,NA,NA,NA,NA,NA,NA,NA,NA,NA,NA,NA,NA,NA
1123,NA,NA,MT,2024-01-23,NA,NA,NA,NA,NA,NA,NA,NA,NA,NA,NA,NA,NA,NA,NA,NA,NA,NA
1124,NA,NA,MT,2024-01-24,NA,NA,NA,NA,NA,NA,NA,NA,NA,NA,NA,NA,NA,NA,NA,NA,NA,NA
1125,NA,NA,MT,2024-01-25,NA,NA,NA,NA,NA,NA,NA,NA,NA,NA,NA,NA,NA,NA,NA,NA,NA,NA
1126,NA,NA,MT,2024-01-26,NA,NA,NA,NA,NA,NA,NA,NA,NA,NA,NA,NA,NA,NA,NA,NA,NA,NA
1127,NA,NA,MT,2024-01-27,NA,NA,NA,NA,NA,NA,NA,NA,NA,NA,NA,NA,NA,NA,NA,NA,NA,NA
1128,NA,NA,MT,2024-01-28,NA,NA,NA,NA,NA,NA,NA,NA,NA,NA,NA,NA,NA,NA,NA,NA,NA,NA
1129,0.00519717826366096,0.00475114706887129,MT,2024-01-29,1,1,1,1,1,1,1,1,1,1,1,1,1,1,1,1,1,1
1130,NA,NA,MT,2024-01-30,NA,NA,NA,NA,NA,NA,NA,NA,NA,NA,NA,NA,NA,NA,NA,NA,NA,NA
1131,NA,NA,MT,2024-01-31,NA,NA,NA,NA,NA,NA,NA,NA,NA,NA,NA,NA,NA,NA,NA,NA,NA,NA
1132,NA,NA,MT,2024-02-01,NA,NA,NA,NA,NA,NA,NA,NA,NA,NA,NA,NA,NA,NA,NA,NA,NA,NA
1133,NA,NA,MT,2024-02-02,NA,NA,NA,NA,NA,NA,NA,NA,NA,NA,NA,NA,NA,NA,NA,NA,NA,NA
1134,NA,NA,MT,2024-02-03,NA,NA,NA,NA,NA,NA,NA,NA,NA,NA,NA,NA,NA,NA,NA,NA,NA,NA
1135,NA,NA,NC,2023-12-24,NA,NA,NA,NA,NA,NA,NA,NA,NA,NA,NA,NA,NA,NA,NA,NA,NA,NA
1136,0.312460190973169,0.220042254031164,NC,2023-12-25,1,1,1,1,1,1,1,1,1,1,1,1,1,0,0,1,1,1
1137,2.07238888818577,0.392067750698142,NC,2023-12-26,1,1,1,1,1,1,1,1,0,1,1,1,1,1,0,1,1,0
1138,1.4732509675637,0.314876176141384,NC,2023-12-27,1,0,1,1,1,1,1,1,1,1,0,1,1,0,0,1,1,0
1139,3.78983445108669,0.2975079688019525,NC,2023-12-28,0,1,1,0,0,0,1,1,1,0,0,0,0,0,0,1,1,1
1140,3.18693723842381,0.451017737689787,NC,2023-12-29,0,0,1,1,0,1,0,1,0,1,0,0,1,0,1,1,1,1
1141,NA,NA,NC,2023-12-30,NA,NA,NA,NA,NA,NA,NA,NA,NA,NA,NA,NA,NA,NA,NA,NA,NA,NA
1142,0.38374395287297,0.2362088039461135,NC,2023-12-31,1,1,1,1,1,1,1,1,1,1,1,0,1,1,0,1,1,1
1143,NA,NA,NC,2024-01-01,NA,NA,NA,NA,NA,NA,NA,NA,NA,NA,NA,NA,NA,NA,NA,NA,NA,NA
1144,2.07146091048583,0.3795621661316385,NC,2024-01-02,0,1,0,1,1,1,1,1,1,0,0,0,1,0,0,0,1,0
1145,2.48721274546499,0.4368334319331805,NC,2024-01-03,0,1,1,0,1,0,1,1,1,0,0,1,0,0,0,0,1,0
1146,1.8455051374993,0.353323304723754,NC,2024-01-04,0,1,1,1,1,1,1,1,0,1,1,1,1,0,1,1,0,0
1147,1.41744846544404,0.3257123668034105,NC,2024-01-05,1,1,1,0,1,1,1,1,1,1,0,0,0,0,0,0,0,0
1148,NA,NA,NC,2024-01-06,NA,NA,NA,NA,NA,NA,NA,NA,NA,NA,NA,NA,NA,NA,NA,NA,NA,NA
1149,NA,NA,NC,2024-01-07,NA,NA,NA,NA,NA,NA,NA,NA,NA,NA,NA,NA,NA,NA,NA,NA,NA,NA
1150,0.886509399777387,0.215538557787329,NC,2024-01-08,1,1,1,1,1,1,1,1,0,1,1,1,1,1,1,1,0,0
1151,1.06252752332236,0.0689272230759695,NC,2024-01-09,1,1,1,1,1,0,1,1,1,1,0,1,1,0,0,1,1,1
1152,0.71741199518701,0.0627069152237475,NC,2024-01-10,1,1,1,1,1,0,1,1,1,1,1,1,1,0,0,1,1,1
1153,1.12250359903758,0.3109612116099335,NC,2024-01-11,1,0,1,1,1,1,1,1,1,1,0,1,1,0,0,1,1,1
1154,0.89503441445459,0.193262537983116,NC,2024-01-12,1,1,1,1,1,1,1,1,0,1,1,1,1,0,1,1,1,0
1155,1.09025802106002,0.776479574707355,NC,2024-01-13,1,1,1,0,1,1,1,1,1,1,1,1,0,1,0,1,1,1
1156,NA,NA,NC,2024-01-14,NA,NA,NA,NA,NA,NA,NA,NA,NA,NA,NA,NA,NA,NA,NA,NA,NA,NA
1157,0.877966882584574,0.1898551818575775,NC,2024-01-15,0,1,1,1,1,1,1,1,1,0,1,1,1,0,1,1,1,1
1158,0.669867146160419,0.03428337278505595,NC,2024-01-16,1,1,1,1,1,1,1,1,1,1,1,1,1,1,1,1,1,1
1159,1.47887837314969,0.4187239433642965,NC,2024-01-17,0,1,1,1,1,0,1,0,1,0,1,1,1,1,0,1,0,1
1160,0.846715652829532,0.175310287727797,NC,2024-01-18,0,1,1,1,1,1,1,1,1,0,1,1,1,0,1,1,1,1
1161,1.5265671084917,0.1911960295803105,NC,2024-01-19,1,1,1,1,1,1,1,1,0,1,0,0,1,1,0,1,0,0
1162,NA,NA,NC,2024-01-20,NA,NA,NA,NA,NA,NA,NA,NA,NA,NA,NA,NA,NA,NA,NA,NA,NA,NA
1163,NA,NA,NC,2024-01-21,NA,NA,NA,NA,NA,NA,NA,NA,NA,NA,NA,NA,NA,NA,NA,NA,NA,NA
1164,0.558388122130786,0.0855239744396575,NC,2024-01-22,1,1,1,1,1,1,1,1,1,1,1,1,1,1,0,1,0,1
1165,0.863208224123155,0.395389835221884,NC,2024-01-23,1,1,1,1,0,1,1,1,1,1,1,1,1,0,0,1,1,1
1166,0.508391920529528,0.014189405721169,NC,2024-01-24,1,1,1,1,1,1,1,1,1,1,1,0,1,1,0,1,1,1
1167,0.857603336983251,0.107862472807222,NC,2024-01-25,1,1,1,1,1,1,1,1,0,1,1,1,1,0,1,1,1,0
1168,0.844564679360214,0.1346522253060945,NC,2024-01-26,1,0,1,1,1,1,1,1,1,1,0,1,1,1,0,1,1,1
1169,0.013556552183079,0.0100278512651428,NC,2024-01-27,1,1,1,1,1,1,1,1,1,1,1,1,1,1,1,1,1,1
1170,0.0112996370472807,0.00891894336253135,NC,2024-01-28,1,1,1,1,1,1,1,1,1,1,1,1,1,1,1,1,1,1
1171,0.729311398502404,0.0079275425964399,NC,2024-01-29,1,1,1,1,1,1,1,1,1,1,1,1,1,0,0,1,1,1
1172,0.448261288040888,0.067046717121863,NC,2024-01-30,1,1,1,1,1,1,1,1,1,1,1,1,1,0,0,1,1,1
1173,1.45238040259064,0.2565275843518135,NC,2024-01-31,0,1,1,1,1,0,1,1,1,0,1,1,1,0,0,1,1,1
1174,0.149224687379579,0.0055483015965517,NC,2024-02-01,1,1,1,1,1,1,1,1,1,1,1,1,1,0,0,1,1,1
1175,0.184067169365148,0.00492138814905026,NC,2024-02-02,1,1,1,1,1,1,1,1,1,1,0,1,1,1,0,1,1,1
1176,NA,NA,NC,2024-02-03,NA,NA,NA,NA,NA,NA,NA,NA,NA,NA,NA,NA,NA,NA,NA,NA,NA,NA
1177,NA,NA,ND,2023-12-24,NA,NA,NA,NA,NA,NA,NA,NA,NA,NA,NA,NA,NA,NA,NA,NA,NA,NA
1178,NA,NA,ND,2023-12-25,NA,NA,NA,NA,NA,NA,NA,NA,NA,NA,NA,NA,NA,NA,NA,NA,NA,NA
1179,0.215895553465018,0.141073905024169,ND,2023-12-26,1,1,1,1,1,1,1,1,1,1,1,1,1,0,0,1,1,1
1180,0.876418789929796,0.4221657665550795,ND,2023-12-27,1,1,1,1,1,1,1,1,0,1,1,0,1,0,1,1,0,0
1181,0.897662116642597,0.636065273543585,ND,2023-12-28,1,1,1,1,1,1,1,1,0,1,1,1,1,0,1,1,1,0
1182,0.77104676508901,0.378332580116875,ND,2023-12-29,1,0,1,1,1,1,1,1,1,1,0,1,1,1,0,1,1,1
1183,NA,NA,ND,2023-12-30,NA,NA,NA,NA,NA,NA,NA,NA,NA,NA,NA,NA,NA,NA,NA,NA,NA,NA
1184,NA,NA,ND,2023-12-31,NA,NA,NA,NA,NA,NA,NA,NA,NA,NA,NA,NA,NA,NA,NA,NA,NA,NA
1185,NA,NA,ND,2024-01-01,NA,NA,NA,NA,NA,NA,NA,NA,NA,NA,NA,NA,NA,NA,NA,NA,NA,NA
1186,0.1239762539963,0.083621715825617,ND,2024-01-02,1,1,1,1,1,1,1,1,1,1,1,1,1,0,0,1,1,1
1187,0.594433006656933,0.26178220704671,ND,2024-01-03,1,1,1,1,1,1,1,1,1,1,1,0,1,1,0,1,0,0
1188,NA,NA,ND,2024-01-04,NA,NA,NA,NA,NA,NA,NA,NA,NA,NA,NA,NA,NA,NA,NA,NA,NA,NA
1189,NA,NA,ND,2024-01-05,NA,NA,NA,NA,NA,NA,NA,NA,NA,NA,NA,NA,NA,NA,NA,NA,NA,NA
1190,NA,NA,ND,2024-01-06,NA,NA,NA,NA,NA,NA,NA,NA,NA,NA,NA,NA,NA,NA,NA,NA,NA,NA
1191,NA,NA,ND,2024-01-07,NA,NA,NA,NA,NA,NA,NA,NA,NA,NA,NA,NA,NA,NA,NA,NA,NA,NA
1192,NA,NA,ND,2024-01-08,NA,NA,NA,NA,NA,NA,NA,NA,NA,NA,NA,NA,NA,NA,NA,NA,NA,NA
1193,NA,NA,ND,2024-01-09,NA,NA,NA,NA,NA,NA,NA,NA,NA,NA,NA,NA,NA,NA,NA,NA,NA,NA
1194,NA,NA,ND,2024-01-10,NA,NA,NA,NA,NA,NA,NA,NA,NA,NA,NA,NA,NA,NA,NA,NA,NA,NA
1195,NA,NA,ND,2024-01-11,NA,NA,NA,NA,NA,NA,NA,NA,NA,NA,NA,NA,NA,NA,NA,NA,NA,NA
1196,NA,NA,ND,2024-01-12,NA,NA,NA,NA,NA,NA,NA,NA,NA,NA,NA,NA,NA,NA,NA,NA,NA,NA
1197,NA,NA,ND,2024-01-13,NA,NA,NA,NA,NA,NA,NA,NA,NA,NA,NA,NA,NA,NA,NA,NA,NA,NA
1198,NA,NA,ND,2024-01-14,NA,NA,NA,NA,NA,NA,NA,NA,NA,NA,NA,NA,NA,NA,NA,NA,NA,NA
1199,NA,NA,ND,2024-01-15,NA,NA,NA,NA,NA,NA,NA,NA,NA,NA,NA,NA,NA,NA,NA,NA,NA,NA
1200,NA,NA,ND,2024-01-16,NA,NA,NA,NA,NA,NA,NA,NA,NA,NA,NA,NA,NA,NA,NA,NA,NA,NA
1201,NA,NA,ND,2024-01-17,NA,NA,NA,NA,NA,NA,NA,NA,NA,NA,NA,NA,NA,NA,NA,NA,NA,NA
1202,NA,NA,ND,2024-01-18,NA,NA,NA,NA,NA,NA,NA,NA,NA,NA,NA,NA,NA,NA,NA,NA,NA,NA
1203,0.0320256721583569,0.0185589178173204,ND,2024-01-19,1,1,1,1,1,1,1,1,1,1,0,1,1,1,0,1,1,1
1204,NA,NA,ND,2024-01-20,NA,NA,NA,NA,NA,NA,NA,NA,NA,NA,NA,NA,NA,NA,NA,NA,NA,NA
1205,NA,NA,ND,2024-01-21,NA,NA,NA,NA,NA,NA,NA,NA,NA,NA,NA,NA,NA,NA,NA,NA,NA,NA
1206,NA,NA,ND,2024-01-22,NA,NA,NA,NA,NA,NA,NA,NA,NA,NA,NA,NA,NA,NA,NA,NA,NA,NA
1207,NA,NA,ND,2024-01-23,NA,NA,NA,NA,NA,NA,NA,NA,NA,NA,NA,NA,NA,NA,NA,NA,NA,NA
1208,NA,NA,ND,2024-01-24,NA,NA,NA,NA,NA,NA,NA,NA,NA,NA,NA,NA,NA,NA,NA,NA,NA,NA
1209,0.0159854215428621,0.01057548692263605,ND,2024-01-25,1,1,1,1,1,1,1,1,1,1,1,1,1,1,1,1,1,1
1210,0.0567660056099949,0.0096294342008976,ND,2024-01-26,1,1,1,1,1,1,1,1,1,1,1,1,1,1,1,1,1,1
1211,1.11829193359092,0.4467705805569085,ND,2024-01-27,1,0,1,1,1,0,1,1,1,1,0,1,1,1,0,1,1,1
1212,0.0502380189794598,0.00798665142079305,ND,2024-01-28,1,1,1,1,1,1,1,1,1,1,1,1,1,1,1,1,1,1
1213,1.23678928451667,0.87864650510311,ND,2024-01-29,1,1,1,1,0,0,1,1,1,1,0,1,1,0,1,1,1,1
1214,0.0130789298364732,0.00662886946842155,ND,2024-01-30,1,1,1,1,1,1,1,1,1,1,1,1,1,1,1,1,1,1
1215,NA,NA,ND,2024-01-31,NA,NA,NA,NA,NA,NA,NA,NA,NA,NA,NA,NA,NA,NA,NA,NA,NA,NA
1216,NA,NA,ND,2024-02-01,NA,NA,NA,NA,NA,NA,NA,NA,NA,NA,NA,NA,NA,NA,NA,NA,NA,NA
1217,NA,NA,ND,2024-02-02,NA,NA,NA,NA,NA,NA,NA,NA,NA,NA,NA,NA,NA,NA,NA,NA,NA,NA
1218,NA,NA,ND,2024-02-03,NA,NA,NA,NA,NA,NA,NA,NA,NA,NA,NA,NA,NA,NA,NA,NA,NA,NA
1219,NA,NA,NE,2023-12-24,NA,NA,NA,NA,NA,NA,NA,NA,NA,NA,NA,NA,NA,NA,NA,NA,NA,NA
1220,NA,NA,NE,2023-12-25,NA,NA,NA,NA,NA,NA,NA,NA,NA,NA,NA,NA,NA,NA,NA,NA,NA,NA
1221,NA,NA,NE,2023-12-26,NA,NA,NA,NA,NA,NA,NA,NA,NA,NA,NA,NA,NA,NA,NA,NA,NA,NA
1222,NA,NA,NE,2023-12-27,NA,NA,NA,NA,NA,NA,NA,NA,NA,NA,NA,NA,NA,NA,NA,NA,NA,NA
1223,NA,NA,NE,2023-12-28,NA,NA,NA,NA,NA,NA,NA,NA,NA,NA,NA,NA,NA,NA,NA,NA,NA,NA
1224,NA,NA,NE,2023-12-29,NA,NA,NA,NA,NA,NA,NA,NA,NA,NA,NA,NA,NA,NA,NA,NA,NA,NA
1225,NA,NA,NE,2023-12-30,NA,NA,NA,NA,NA,NA,NA,NA,NA,NA,NA,NA,NA,NA,NA,NA,NA,NA
1226,NA,NA,NE,2023-12-31,NA,NA,NA,NA,NA,NA,NA,NA,NA,NA,NA,NA,NA,NA,NA,NA,NA,NA
1227,NA,NA,NE,2024-01-01,NA,NA,NA,NA,NA,NA,NA,NA,NA,NA,NA,NA,NA,NA,NA,NA,NA,NA
1228,NA,NA,NE,2024-01-02,NA,NA,NA,NA,NA,NA,NA,NA,NA,NA,NA,NA,NA,NA,NA,NA,NA,NA
1229,NA,NA,NE,2024-01-03,NA,NA,NA,NA,NA,NA,NA,NA,NA,NA,NA,NA,NA,NA,NA,NA,NA,NA
1230,NA,NA,NE,2024-01-04,NA,NA,NA,NA,NA,NA,NA,NA,NA,NA,NA,NA,NA,NA,NA,NA,NA,NA
1231,0.0963192006325667,0.03590722080643315,NE,2024-01-05,1,1,1,1,1,1,1,1,1,1,1,1,1,1,1,1,1,1
1232,NA,NA,NE,2024-01-06,NA,NA,NA,NA,NA,NA,NA,NA,NA,NA,NA,NA,NA,NA,NA,NA,NA,NA
1233,NA,NA,NE,2024-01-07,NA,NA,NA,NA,NA,NA,NA,NA,NA,NA,NA,NA,NA,NA,NA,NA,NA,NA
1234,NA,NA,NE,2024-01-08,NA,NA,NA,NA,NA,NA,NA,NA,NA,NA,NA,NA,NA,NA,NA,NA,NA,NA
1235,NA,NA,NE,2024-01-09,NA,NA,NA,NA,NA,NA,NA,NA,NA,NA,NA,NA,NA,NA,NA,NA,NA,NA
1236,NA,NA,NE,2024-01-10,NA,NA,NA,NA,NA,NA,NA,NA,NA,NA,NA,NA,NA,NA,NA,NA,NA,NA
1237,NA,NA,NE,2024-01-11,NA,NA,NA,NA,NA,NA,NA,NA,NA,NA,NA,NA,NA,NA,NA,NA,NA,NA
1238,NA,NA,NE,2024-01-12,NA,NA,NA,NA,NA,NA,NA,NA,NA,NA,NA,NA,NA,NA,NA,NA,NA,NA
1239,NA,NA,NE,2024-01-13,NA,NA,NA,NA,NA,NA,NA,NA,NA,NA,NA,NA,NA,NA,NA,NA,NA,NA
1240,NA,NA,NE,2024-01-14,NA,NA,NA,NA,NA,NA,NA,NA,NA,NA,NA,NA,NA,NA,NA,NA,NA,NA
1241,NA,NA,NE,2024-01-15,NA,NA,NA,NA,NA,NA,NA,NA,NA,NA,NA,NA,NA,NA,NA,NA,NA,NA
1242,NA,NA,NE,2024-01-16,NA,NA,NA,NA,NA,NA,NA,NA,NA,NA,NA,NA,NA,NA,NA,NA,NA,NA
1243,NA,NA,NE,2024-01-17,NA,NA,NA,NA,NA,NA,NA,NA,NA,NA,NA,NA,NA,NA,NA,NA,NA,NA
1244,NA,NA,NE,2024-01-18,NA,NA,NA,NA,NA,NA,NA,NA,NA,NA,NA,NA,NA,NA,NA,NA,NA,NA
1245,NA,NA,NE,2024-01-19,NA,NA,NA,NA,NA,NA,NA,NA,NA,NA,NA,NA,NA,NA,NA,NA,NA,NA
1246,NA,NA,NE,2024-01-20,NA,NA,NA,NA,NA,NA,NA,NA,NA,NA,NA,NA,NA,NA,NA,NA,NA,NA
1247,NA,NA,NE,2024-01-21,NA,NA,NA,NA,NA,NA,NA,NA,NA,NA,NA,NA,NA,NA,NA,NA,NA,NA
1248,NA,NA,NE,2024-01-22,NA,NA,NA,NA,NA,NA,NA,NA,NA,NA,NA,NA,NA,NA,NA,NA,NA,NA
1249,NA,NA,NE,2024-01-23,NA,NA,NA,NA,NA,NA,NA,NA,NA,NA,NA,NA,NA,NA,NA,NA,NA,NA
1250,NA,NA,NE,2024-01-24,NA,NA,NA,NA,NA,NA,NA,NA,NA,NA,NA,NA,NA,NA,NA,NA,NA,NA
1251,NA,NA,NE,2024-01-25,NA,NA,NA,NA,NA,NA,NA,NA,NA,NA,NA,NA,NA,NA,NA,NA,NA,NA
1252,NA,NA,NE,2024-01-26,NA,NA,NA,NA,NA,NA,NA,NA,NA,NA,NA,NA,NA,NA,NA,NA,NA,NA
1253,NA,NA,NE,2024-01-27,NA,NA,NA,NA,NA,NA,NA,NA,NA,NA,NA,NA,NA,NA,NA,NA,NA,NA
1254,NA,NA,NE,2024-01-28,NA,NA,NA,NA,NA,NA,NA,NA,NA,NA,NA,NA,NA,NA,NA,NA,NA,NA
1255,NA,NA,NE,2024-01-29,NA,NA,NA,NA,NA,NA,NA,NA,NA,NA,NA,NA,NA,NA,NA,NA,NA,NA
1256,NA,NA,NE,2024-01-30,NA,NA,NA,NA,NA,NA,NA,NA,NA,NA,NA,NA,NA,NA,NA,NA,NA,NA
1257,NA,NA,NE,2024-01-31,NA,NA,NA,NA,NA,NA,NA,NA,NA,NA,NA,NA,NA,NA,NA,NA,NA,NA
1258,NA,NA,NE,2024-02-01,NA,NA,NA,NA,NA,NA,NA,NA,NA,NA,NA,NA,NA,NA,NA,NA,NA,NA
1259,NA,NA,NE,2024-02-02,NA,NA,NA,NA,NA,NA,NA,NA,NA,NA,NA,NA,NA,NA,NA,NA,NA,NA
1260,NA,NA,NE,2024-02-03,NA,NA,NA,NA,NA,NA,NA,NA,NA,NA,NA,NA,NA,NA,NA,NA,NA,NA
1261,0.17063895172818,0.1008501989690475,NH,2023-12-24,1,1,1,1,1,1,1,1,1,1,1,1,1,1,1,1,1,1
1262,NA,NA,NH,2023-12-25,NA,NA,NA,NA,NA,NA,NA,NA,NA,NA,NA,NA,NA,NA,NA,NA,NA,NA
1263,NA,NA,NH,2023-12-26,NA,NA,NA,NA,NA,NA,NA,NA,NA,NA,NA,NA,NA,NA,NA,NA,NA,NA
1264,0.397769412845224,0.2393124867456115,NH,2023-12-27,1,1,1,1,1,1,1,1,1,1,1,1,1,1,1,1,1,1
1265,0.968918610517993,0.699523106615325,NH,2023-12-28,1,0,1,1,1,1,1,1,1,1,0,1,1,1,0,1,1,1
1266,0.331073904904739,0.0622066672273095,NH,2023-12-29,1,1,1,1,1,1,1,1,1,1,1,1,1,1,1,1,1,1
1267,0.82509666919666,0.6180774056572,NH,2023-12-30,1,1,1,1,0,1,1,1,1,1,1,1,1,0,0,1,1,1
1268,0.0883156711079892,0.05043642180869,NH,2023-12-31,1,1,1,1,1,1,1,1,1,1,1,1,1,1,1,1,1,1
1269,NA,NA,NH,2024-01-01,NA,NA,NA,NA,NA,NA,NA,NA,NA,NA,NA,NA,NA,NA,NA,NA,NA,NA
1270,0.0651316196648455,0.04054498841708875,NH,2024-01-02,1,1,1,1,1,1,1,1,1,1,1,1,1,1,0,1,1,0
1271,NA,NA,NH,2024-01-03,NA,NA,NA,NA,NA,NA,NA,NA,NA,NA,NA,NA,NA,NA,NA,NA,NA,NA
1272,NA,NA,NH,2024-01-04,NA,NA,NA,NA,NA,NA,NA,NA,NA,NA,NA,NA,NA,NA,NA,NA,NA,NA
1273,0.0522550213435446,0.02879855630187465,NH,2024-01-05,1,1,1,1,1,1,1,1,1,1,1,1,1,0,0,1,1,1
1274,NA,NA,NH,2024-01-06,NA,NA,NA,NA,NA,NA,NA,NA,NA,NA,NA,NA,NA,NA,NA,NA,NA,NA
1275,NA,NA,NH,2024-01-07,NA,NA,NA,NA,NA,NA,NA,NA,NA,NA,NA,NA,NA,NA,NA,NA,NA,NA
1276,0.0363911514334078,0.0201392667017488,NH,2024-01-08,1,1,1,1,1,1,1,1,1,1,1,1,1,1,1,1,1,1
1277,0.0303032024704549,0.01782112549960405,NH,2024-01-09,1,1,1,1,1,1,1,1,1,1,1,1,1,0,0,1,1,1
1278,NA,NA,NH,2024-01-10,NA,NA,NA,NA,NA,NA,NA,NA,NA,NA,NA,NA,NA,NA,NA,NA,NA,NA
1279,NA,NA,NH,2024-01-11,NA,NA,NA,NA,NA,NA,NA,NA,NA,NA,NA,NA,NA,NA,NA,NA,NA,NA
1280,NA,NA,NH,2024-01-12,NA,NA,NA,NA,NA,NA,NA,NA,NA,NA,NA,NA,NA,NA,NA,NA,NA,NA
1281,NA,NA,NH,2024-01-13,NA,NA,NA,NA,NA,NA,NA,NA,NA,NA,NA,NA,NA,NA,NA,NA,NA,NA
1282,0.0175258960900457,0.00948383356659965,NH,2024-01-14,1,1,1,1,1,1,1,1,1,1,1,1,1,1,1,1,1,1
1283,0.0178286509293764,0.008331960799964,NH,2024-01-15,1,1,1,1,1,1,1,1,1,1,1,0,1,1,0,1,1,1
1284,NA,NA,NH,2024-01-16,NA,NA,NA,NA,NA,NA,NA,NA,NA,NA,NA,NA,NA,NA,NA,NA,NA,NA
1285,0.0877686742049215,0.006413282501712,NH,2024-01-17,1,1,1,1,1,1,1,1,1,1,1,1,1,0,0,1,1,1
1286,NA,NA,NH,2024-01-18,NA,NA,NA,NA,NA,NA,NA,NA,NA,NA,NA,NA,NA,NA,NA,NA,NA,NA
1287,NA,NA,NH,2024-01-19,NA,NA,NA,NA,NA,NA,NA,NA,NA,NA,NA,NA,NA,NA,NA,NA,NA,NA
1288,NA,NA,NH,2024-01-20,NA,NA,NA,NA,NA,NA,NA,NA,NA,NA,NA,NA,NA,NA,NA,NA,NA,NA
1289,NA,NA,NH,2024-01-21,NA,NA,NA,NA,NA,NA,NA,NA,NA,NA,NA,NA,NA,NA,NA,NA,NA,NA
1290,NA,NA,NH,2024-01-22,NA,NA,NA,NA,NA,NA,NA,NA,NA,NA,NA,NA,NA,NA,NA,NA,NA,NA
1291,NA,NA,NH,2024-01-23,NA,NA,NA,NA,NA,NA,NA,NA,NA,NA,NA,NA,NA,NA,NA,NA,NA,NA
1292,NA,NA,NH,2024-01-24,NA,NA,NA,NA,NA,NA,NA,NA,NA,NA,NA,NA,NA,NA,NA,NA,NA,NA
1293,0.00531136186541271,0.00219046026488749,NH,2024-01-25,1,1,1,1,1,1,1,1,1,1,1,1,1,1,1,1,1,1
1294,NA,NA,NH,2024-01-26,NA,NA,NA,NA,NA,NA,NA,NA,NA,NA,NA,NA,NA,NA,NA,NA,NA,NA
1295,NA,NA,NH,2024-01-27,NA,NA,NA,NA,NA,NA,NA,NA,NA,NA,NA,NA,NA,NA,NA,NA,NA,NA
1296,NA,NA,NH,2024-01-28,NA,NA,NA,NA,NA,NA,NA,NA,NA,NA,NA,NA,NA,NA,NA,NA,NA,NA
1297,NA,NA,NH,2024-01-29,NA,NA,NA,NA,NA,NA,NA,NA,NA,NA,NA,NA,NA,NA,NA,NA,NA,NA
1298,0.00172443545367449,0.001104265361215245,NH,2024-01-30,1,1,1,1,1,1,1,1,1,1,1,1,1,1,1,1,1,1
1299,NA,NA,NH,2024-01-31,NA,NA,NA,NA,NA,NA,NA,NA,NA,NA,NA,NA,NA,NA,NA,NA,NA,NA
1300,NA,NA,NH,2024-02-01,NA,NA,NA,NA,NA,NA,NA,NA,NA,NA,NA,NA,NA,NA,NA,NA,NA,NA
1301,NA,NA,NH,2024-02-02,NA,NA,NA,NA,NA,NA,NA,NA,NA,NA,NA,NA,NA,NA,NA,NA,NA,NA
1302,1.35773271526469,0.96477871930778,NH,2024-02-03,1,1,1,1,1,0,1,0,1,1,1,1,1,1,0,1,0,1
1303,2.64542728431052,0.309604854832512,NJ,2023-12-24,0,1,1,1,0,0,1,1,1,0,0,0,1,0,0,1,1,1
1304,1.57599456739139,0.316087212773797,NJ,2023-12-25,1,1,1,1,0,0,1,0,1,1,1,1,0,1,1,1,0,1
1305,4.16029508327755,0.210845980274969,NJ,2023-12-26,1,1,0,1,1,1,0,1,1,1,0,0,1,1,1,0,0,0
1306,4.39554142203193,0.24686311018031,NJ,2023-12-27,0,1,0,1,1,0,1,1,1,0,1,0,0,0,0,0,1,0
1307,4.8943273863048,0.2463520663124285,NJ,2023-12-28,0,1,1,1,0,0,1,1,1,0,0,1,0,0,0,0,0,0
1308,3.4500054727164,0.208455660616626,NJ,2023-12-29,1,1,1,0,1,1,1,1,1,1,0,1,0,0,0,0,1,0
1309,1.8733795874831,0.172147663497106,NJ,2023-12-30,1,1,1,1,1,1,1,1,0,1,1,1,1,0,0,1,1,0
1310,1.76305541133276,0.02726240528435445,NJ,2023-12-31,1,1,1,1,0,0,1,1,1,1,0,1,1,0,0,1,1,0
1311,2.17128011745341,0.1064830442481655,NJ,2024-01-01,1,1,1,0,0,0,1,1,1,1,1,1,0,0,0,0,1,1
1312,4.18932582606447,0.186461288069411,NJ,2024-01-02,1,0,1,0,1,0,1,1,1,0,0,0,0,0,0,0,0,0
1313,2.37163706023388,0.153883519393314,NJ,2024-01-03,0,1,1,1,1,1,1,1,1,0,0,1,0,0,0,0,0,0
1314,3.93980422178584,0.1692116237077565,NJ,2024-01-04,0,1,1,1,0,0,1,1,1,0,0,1,1,0,0,0,0,0
1315,0.976175934345104,0.0914305598299655,NJ,2024-01-05,1,0,1,1,1,1,1,1,1,1,0,1,1,0,0,0,1,1
1316,1.44044621864035,0.158749640308502,NJ,2024-01-06,1,1,1,1,1,1,0,1,1,1,1,1,0,1,0,0,1,0
1317,0.473756840824956,0.077679002635734,NJ,2024-01-07,1,1,1,1,1,1,1,1,1,1,1,1,1,0,0,1,1,1
1318,2.66676215533619,0.103835414094245,NJ,2024-01-08,1,1,0,1,1,1,0,1,1,1,1,1,1,1,0,0,0,0
1319,1.81835111208766,0.090990269339221,NJ,2024-01-09,1,0,1,1,1,1,1,1,1,1,0,1,0,0,0,0,0,1
1320,1.2560574474462,0.0800909478231935,NJ,2024-01-10,1,1,1,1,1,1,1,1,1,1,1,1,0,1,0,1,1,1
1321,2.5141094311277,0.1164873696656125,NJ,2024-01-11,1,1,1,1,1,1,1,0,0,1,1,1,1,0,0,0,0,0
1322,0.813387342142585,0.074776363027079,NJ,2024-01-12,1,1,1,1,1,1,1,0,1,1,1,1,1,0,0,0,0,1
1323,1.89232126367353,0.123398515516752,NJ,2024-01-13,1,1,1,1,1,1,1,1,0,1,1,1,1,0,0,1,1,0
1324,0.494089839358579,0.083849404258082,NJ,2024-01-14,1,1,1,1,1,1,1,1,1,0,1,1,1,0,0,1,1,1
1325,1.22331249958229,0.081720367393893,NJ,2024-01-15,1,1,1,0,1,1,1,1,0,1,0,1,0,0,0,0,1,0
1326,1.51865047387094,0.1100690475180695,NJ,2024-01-16,1,0,1,1,1,0,0,1,1,1,1,1,1,0,0,0,0,1
1327,1.07811737345015,0.053386119156515,NJ,2024-01-17,1,0,1,1,1,1,1,1,1,1,0,1,1,0,0,1,0,1
1328,1.57991532843852,0.087411147555189,NJ,2024-01-18,1,0,1,1,0,1,1,1,1,1,0,1,1,0,0,1,1,1
1329,0.169775539940365,0.00217845265866294,NJ,2024-01-19,1,1,1,1,1,1,1,1,1,1,1,1,1,1,1,1,1,1
1330,0.731405802845186,0.00189519617338401,NJ,2024-01-20,1,1,1,1,1,1,1,1,1,1,1,1,1,1,1,1,1,1
1331,0.204576690599263,0.00164840589364859,NJ,2024-01-21,1,1,1,1,1,1,1,1,1,1,1,1,1,1,1,1,1,1
1332,1.18781306772692,0.001433498150010465,NJ,2024-01-22,1,1,1,1,1,0,1,1,1,1,1,1,1,1,0,0,0,1
1333,1.32500793858143,0.01657308801928525,NJ,2024-01-23,1,1,1,1,1,1,1,1,1,1,1,1,1,1,0,1,0,1
1334,0.91141033708143,0.001083686262345515,NJ,2024-01-24,1,1,1,1,1,1,1,1,1,1,1,1,1,0,0,1,1,1
1335,0.872623248764698,0.03095989808234795,NJ,2024-01-25,1,0,1,1,1,1,1,1,1,1,0,1,1,1,1,1,0,1
1336,0.0171921406260042,8.19045047894665e-4,NJ,2024-01-26,1,1,1,1,1,1,1,1,1,1,1,1,1,1,1,1,1,1
1337,0.904586639516775,0.069408271091881,NJ,2024-01-27,1,1,1,1,1,1,1,0,1,1,1,1,1,0,1,1,0,1
1338,1.19899124323422,0.162050069991284,NJ,2024-01-28,1,1,1,1,1,0,1,1,0,1,1,1,1,1,0,1,1,0
1339,4.89312283802867,0.1170757635588895,NJ,2024-01-29,1,0,1,1,0,0,0,0,0,1,0,1,1,1,0,0,0,0
1340,0.950671926642127,0.0175239151954039,NJ,2024-01-30,1,0,1,1,1,1,1,1,1,1,0,1,1,1,0,1,1,1
1341,0.513245625652919,4.07043449722285e-4,NJ,2024-01-31,1,1,1,1,1,1,1,1,1,1,1,1,1,1,0,1,0,1
1342,1.01995843609537,0.0880720125368585,NJ,2024-02-01,1,1,1,1,0,0,1,1,1,1,1,1,1,0,0,1,1,1
1343,0.0839068561197428,3.0801544367072e-4,NJ,2024-02-02,1,1,1,1,1,1,1,1,1,1,1,1,1,1,1,1,1,1
1344,1.97650299669369,0.1623778793890505,NJ,2024-02-03,1,1,1,1,0,0,1,0,1,1,1,1,1,0,0,1,0,1
1345,0.325417456117146,0.240797124650571,NM,2023-12-24,1,1,1,1,1,1,1,1,1,0,1,1,1,0,1,1,1,1
1346,NA,NA,NM,2023-12-25,NA,NA,NA,NA,NA,NA,NA,NA,NA,NA,NA,NA,NA,NA,NA,NA,NA,NA
1347,1.81607917690432,0.541532334905205,NM,2023-12-26,0,1,0,1,0,1,1,1,1,0,1,0,1,0,1,1,1,1
1348,0.701254062836984,0.386234474530358,NM,2023-12-27,1,1,0,1,1,1,1,1,1,1,1,0,1,1,1,1,1,0
1349,NA,NA,NM,2023-12-28,NA,NA,NA,NA,NA,NA,NA,NA,NA,NA,NA,NA,NA,NA,NA,NA,NA,NA
1350,1.66924699928346,0.4971945158486745,NM,2023-12-29,1,0,1,1,1,1,1,1,1,1,0,1,1,0,0,1,1,1
1351,0.380095364724963,0.2589087278643995,NM,2023-12-30,1,1,1,1,1,1,1,1,1,1,1,1,1,0,0,1,1,1
1352,2.04431999079985,0.3605804430906205,NM,2023-12-31,1,1,0,1,0,1,1,1,1,1,0,0,1,0,1,1,1,1
1353,1.50883131199573,0.3706448949300325,NM,2024-01-01,1,1,1,1,1,1,1,1,0,1,1,1,1,0,0,1,0,0
1354,3.25787669537988,0.3318328434557515,NM,2024-01-02,1,1,1,1,0,0,1,1,0,0,0,0,1,0,0,0,0,0
1355,1.00801396388661,0.4340770707775245,NM,2024-01-03,1,0,1,1,1,1,1,1,1,1,0,0,1,1,0,0,1,1
1356,1.14211151968778,0.2986359762296785,NM,2024-01-04,1,1,1,1,1,1,0,1,1,1,0,1,1,0,0,0,0,1
1357,2.81173923346196,0.2842539102570975,NM,2024-01-05,1,1,1,1,0,0,1,1,0,1,1,1,1,0,0,1,0,0
1358,0.759212415735026,0.2965328028805555,NM,2024-01-06,1,1,1,1,1,1,1,1,1,1,1,0,1,0,0,1,0,1
1359,2.05942416097561,0.191415489561588,NM,2024-01-07,1,1,1,1,1,0,1,1,1,1,1,1,0,0,0,1,0,1
1360,1.18463979327887,0.2685428567325605,NM,2024-01-08,1,1,1,1,1,1,1,1,1,1,0,1,1,0,0,0,1,1
1361,1.35615299486922,0.2826292645800685,NM,2024-01-09,1,1,1,1,1,1,0,1,1,1,1,0,1,0,0,1,1,1
1362,2.43346656552348,0.274073919144674,NM,2024-01-10,1,0,1,1,0,1,1,1,0,1,0,1,1,0,0,1,1,0
1363,1.41233193969885,0.215451152572317,NM,2024-01-11,1,1,1,1,1,0,1,1,1,1,1,1,0,0,0,1,1,1
1364,1.54636837401535,0.4113819207958995,NM,2024-01-12,1,0,1,1,1,1,0,1,0,1,1,0,1,1,0,0,1,0
1365,1.3818299935352,0.104338207608783,NM,2024-01-13,1,1,1,1,1,0,1,1,1,1,1,1,1,0,0,1,1,1
1366,1.16710830699746,0.2237846257058095,NM,2024-01-14,1,0,1,1,1,1,1,1,1,1,0,1,1,0,0,1,0,1
1367,1.16862618489406,0.328272167494101,NM,2024-01-15,1,1,0,1,1,1,0,1,1,1,1,1,1,0,0,0,0,1
1368,NA,NA,NM,2024-01-16,NA,NA,NA,NA,NA,NA,NA,NA,NA,NA,NA,NA,NA,NA,NA,NA,NA,NA
1369,NA,NA,NM,2024-01-17,NA,NA,NA,NA,NA,NA,NA,NA,NA,NA,NA,NA,NA,NA,NA,NA,NA,NA
1370,NA,NA,NM,2024-01-18,NA,NA,NA,NA,NA,NA,NA,NA,NA,NA,NA,NA,NA,NA,NA,NA,NA,NA
1371,NA,NA,NM,2024-01-19,NA,NA,NA,NA,NA,NA,NA,NA,NA,NA,NA,NA,NA,NA,NA,NA,NA,NA
1372,0.0803295222758487,0.0577709352600845,NM,2024-01-20,1,1,1,1,1,1,1,1,1,1,1,1,0,1,0,1,1,1
1373,0.655987894137081,0.0527547394791665,NM,2024-01-21,1,1,1,1,1,1,1,1,1,1,1,1,0,0,0,1,1,1
1374,0.743586354439609,0.215466611175128,NM,2024-01-22,1,1,1,1,1,1,1,1,1,1,1,0,1,0,0,1,0,1
1375,0.188356567597079,0.0438031658388253,NM,2024-01-23,1,1,1,1,1,1,1,1,1,1,1,1,1,1,1,1,1,1
1376,0.500544798950212,0.2476321235190585,NM,2024-01-24,1,1,1,1,1,1,1,1,1,1,1,1,1,0,0,1,1,1
1377,NA,NA,NM,2024-01-25,NA,NA,NA,NA,NA,NA,NA,NA,NA,NA,NA,NA,NA,NA,NA,NA,NA,NA
1378,0.965548200232583,0.69135840130428,NM,2024-01-26,1,1,1,1,0,0,1,1,1,1,1,1,0,0,1,1,1,1
1379,0.0420343160925878,0.02973159736065845,NM,2024-01-27,1,1,1,1,1,1,1,1,1,1,1,1,1,1,1,1,1,1
1380,0.0384205903217841,0.0269077160862871,NM,2024-01-28,1,1,1,1,1,1,1,1,1,1,1,1,1,1,1,1,1,1
1381,0.0322697229972519,0.0243263425150131,NM,2024-01-29,1,1,1,1,1,1,1,1,1,1,1,1,1,0,0,1,1,1
1382,0.11007599028686,0.0219706451236602,NM,2024-01-30,1,1,1,1,1,1,1,1,1,1,1,1,1,1,1,1,1,1
1383,0.0874064330660226,0.01982436733196115,NM,2024-01-31,1,1,1,1,1,1,1,1,1,1,1,0,1,1,0,1,1,1
1384,NA,NA,NM,2024-02-01,NA,NA,NA,NA,NA,NA,NA,NA,NA,NA,NA,NA,NA,NA,NA,NA,NA,NA
1385,NA,NA,NM,2024-02-02,NA,NA,NA,NA,NA,NA,NA,NA,NA,NA,NA,NA,NA,NA,NA,NA,NA,NA
1386,NA,NA,NM,2024-02-03,NA,NA,NA,NA,NA,NA,NA,NA,NA,NA,NA,NA,NA,NA,NA,NA,NA,NA
1387,0.427197283239812,0.16632282201785,NV,2023-12-24,1,1,1,1,1,1,1,1,1,1,1,1,0,1,0,1,1,1
1388,0.42924821523754503,0.241699215560636,NV,2023-12-25,1,1,1,1,1,1,1,1,1,1,1,1,1,0,0,1,1,1
1389,0.842322497820005,0.1770685109663255,NV,2023-12-26,1,0,1,1,1,1,1,1,1,1,0,1,1,0,0,1,0,1
1390,0.324246090957533,0.0395650127149109,NV,2023-12-27,1,1,1,1,1,1,1,1,1,1,1,1,1,1,1,1,1,1
1391,2.05496205378769,0.28001981042411,NV,2023-12-28,1,0,0,0,1,1,1,1,1,1,0,0,0,1,0,1,0,0
1392,1.12205371646944,0.1074049388737515,NV,2023-12-29,1,1,1,1,1,1,1,1,0,1,0,1,1,0,0,1,1,0
1393,NA,NA,NV,2023-12-30,NA,NA,NA,NA,NA,NA,NA,NA,NA,NA,NA,NA,NA,NA,NA,NA,NA,NA
1394,NA,NA,NV,2023-12-31,NA,NA,NA,NA,NA,NA,NA,NA,NA,NA,NA,NA,NA,NA,NA,NA,NA,NA
1395,NA,NA,NV,2024-01-01,NA,NA,NA,NA,NA,NA,NA,NA,NA,NA,NA,NA,NA,NA,NA,NA,NA,NA
1396,1.09583563696834,0.763019403890535,NV,2024-01-02,1,1,1,1,0,0,1,1,1,1,1,1,1,0,0,1,1,1
1397,0.360240245065157,0.0158072883138888,NV,2024-01-03,1,1,1,1,1,1,1,1,1,1,1,0,1,1,0,1,1,0
1398,1.37861643993141,0.214044053501896,NV,2024-01-04,1,1,1,1,0,1,1,0,1,1,1,1,1,0,0,1,0,1
1399,0.926889394251647,0.40837860296302,NV,2024-01-05,1,1,1,1,0,1,1,1,1,1,1,1,1,0,0,1,1,1
1400,1.61721589913964,0.428328901796514,NV,2024-01-06,1,1,1,1,0,0,1,1,0,1,1,1,1,1,0,1,1,0
1401,0.3936648495662,0.00902323895239405,NV,2024-01-07,1,1,1,1,1,1,1,1,1,1,1,1,1,1,0,1,1,0
1402,1.08482434345518,0.1978719066362815,NV,2024-01-08,1,1,1,1,1,1,0,1,1,1,1,1,1,1,0,0,1,1
1403,NA,NA,NV,2024-01-09,NA,NA,NA,NA,NA,NA,NA,NA,NA,NA,NA,NA,NA,NA,NA,NA,NA,NA
1404,0.517417273569031,0.100901540553733,NV,2024-01-10,1,1,1,1,1,1,1,1,1,1,1,1,1,0,0,1,1,1
1405,0.293295548656469,0.0050566486558456,NV,2024-01-11,1,1,1,1,1,1,1,1,1,1,1,1,1,1,1,1,1,1
1406,0.478713246313444,0.0839358268758775,NV,2024-01-12,1,1,1,1,1,1,1,1,1,1,1,1,1,0,1,0,1,1
1407,0.0182408797819976,0.00376577939611649,NV,2024-01-13,1,1,1,1,1,1,1,1,1,1,1,1,1,1,1,1,1,1
1408,0.00524800509900251,0.003246389695217025,NV,2024-01-14,1,1,1,1,1,1,1,1,1,1,1,1,1,1,1,1,1,1
1409,0.93368332600461,0.22788042548532,NV,2024-01-15,1,1,1,1,0,0,1,1,1,1,1,1,1,0,0,1,1,1
1410,1.76878674602887,0.20409126591549,NV,2024-01-16,1,1,1,1,0,0,1,1,1,1,1,1,1,0,0,1,1,1
1411,0.0878061704252028,0.002072911721296015,NV,2024-01-17,1,1,1,1,1,1,1,1,1,1,1,1,1,1,1,1,1,1
1412,0.565339788865314,0.067538632767987,NV,2024-01-18,1,1,1,1,1,1,1,1,1,1,1,1,1,0,1,0,1,1
1413,0.074847149918479,0.001533711249302335,NV,2024-01-19,1,1,1,1,1,1,1,1,1,1,1,1,1,1,0,1,0,1
1414,0.00188436886557139,0.00131858368239794,NV,2024-01-20,1,1,1,1,1,1,1,1,1,1,1,1,1,0,0,1,1,1
1415,0.00129939356667988,0.00113332642449015,NV,2024-01-21,1,1,1,1,1,1,1,1,1,1,1,1,1,1,1,1,1,1
1416,0.998525434395674,0.0808757167971715,NV,2024-01-22,1,1,1,1,1,1,1,1,0,1,1,1,1,1,0,1,1,0
1417,1.18749539701552,0.1932048707232275,NV,2024-01-23,1,1,1,1,1,0,1,1,0,1,1,1,1,1,0,1,1,0
1418,0.0485063071889345,7.18765168024965e-4,NV,2024-01-24,1,1,1,1,1,1,1,1,1,1,1,1,1,1,1,1,1,1
1419,2.42516333663105,0.242088657829544,NV,2024-01-25,1,1,1,1,1,0,1,0,1,1,1,1,1,1,0,1,0,1
1420,0.0166268749003302,5.30260753671215e-4,NV,2024-01-26,1,1,1,1,1,1,1,1,1,1,1,1,1,1,1,1,1,1
1421,NA,NA,NV,2024-01-27,NA,NA,NA,NA,NA,NA,NA,NA,NA,NA,NA,NA,NA,NA,NA,NA,NA,NA
1422,NA,NA,NV,2024-01-28,NA,NA,NA,NA,NA,NA,NA,NA,NA,NA,NA,NA,NA,NA,NA,NA,NA,NA
1423,0.00873610973074262,3.35946135508135e-4,NV,2024-01-29,1,1,1,1,1,1,1,1,1,1,1,1,1,1,1,1,1,1
1424,0.0178393043188299,2.88556332277335e-4,NV,2024-01-30,1,1,1,1,1,1,1,1,1,1,1,1,1,1,1,1,1,1
1425,0.00733808617457513,2.4787294442564e-4,NV,2024-01-31,1,1,1,1,1,1,1,1,1,1,1,1,1,1,0,1,0,1
1426,0.0340615782284216,2.12949462947815e-4,NV,2024-02-01,1,1,1,1,1,1,1,1,1,1,1,1,1,1,1,1,1,1
1427,8.6544893855691e-4,1.8297159852722e-4,NV,2024-02-02,1,1,1,1,1,1,1,1,1,1,1,1,1,1,1,1,1,1
1428,0.00180693864036528,1.57239198249345e-4,NV,2024-02-03,1,1,1,1,1,1,1,1,1,1,1,1,1,1,1,1,1,1
1429,3.04097517673295,0.220944929705186,NY,2023-12-24,0,1,0,0,1,1,1,1,1,0,0,0,1,0,0,0,1,0
1430,4.67522127845923,0.14387822494982,NY,2023-12-25,1,1,1,1,1,0,1,1,1,0,0,1,1,0,0,0,1,0
1431,7.70441565798287,0.191852388760849,NY,2023-12-26,0,0,1,1,1,1,1,1,1,0,0,0,0,0,0,0,0,0
1432,6.5866247865925,0.155756513045084,NY,2023-12-27,1,1,1,1,1,1,1,1,0,0,0,0,0,0,0,0,0,0
1433,7.77299944911299,0.1982663268462295,NY,2023-12-28,1,1,1,1,1,0,1,0,0,1,0,0,1,0,0,0,0,0
1434,5.84137702311391,0.188125013962338,NY,2023-12-29,1,1,1,0,0,1,1,1,1,1,1,0,0,0,0,0,0,0
1435,4.00306734439758,0.111211796838237,NY,2023-12-30,1,1,1,1,1,0,1,1,1,1,0,0,0,0,0,0,0,0
1436,4.01127502769088,0.156988261027627,NY,2023-12-31,1,1,0,0,1,1,1,1,1,0,0,0,0,0,0,0,0,0
1437,4.04102336750244,0.1293190929763505,NY,2024-01-01,0,1,1,0,1,1,1,1,1,0,1,0,0,0,0,1,0,0
1438,7.20767543227409,0.141549177258429,NY,2024-01-02,1,0,0,1,1,1,1,1,1,1,0,0,0,0,0,0,0,1
1439,4.24490311184431,0.102127545886931,NY,2024-01-03,1,1,1,1,1,1,1,1,1,1,0,1,0,0,0,0,0,1
1440,3.64943329879144,0.102610905638087,NY,2024-01-04,1,1,1,1,1,1,1,1,0,0,0,1,0,0,0,0,0,0
1441,3.54304904600596,0.075486964764928,NY,2024-01-05,1,0,1,1,1,1,1,1,1,0,0,0,1,0,0,1,0,0
1442,2.61363878985253,0.1130296197570415,NY,2024-01-06,1,0,0,1,1,1,1,1,0,0,0,0,0,1,0,0,0,0
1443,5.2557759781301,0.128667767379727,NY,2024-01-07,1,1,1,1,0,0,1,1,0,1,1,1,1,0,0,0,0,0
1444,3.93451829108223,0.092541132540607,NY,2024-01-08,0,1,0,1,1,1,1,0,0,0,0,0,0,0,1,0,0,0
1445,3.10395294737464,0.099186521983216,NY,2024-01-09,1,0,1,1,1,1,1,1,0,1,0,1,1,0,0,0,0,0
1446,3.5542035111241,0.085074996860852,NY,2024-01-10,1,1,0,1,1,1,1,1,0,1,0,0,1,0,0,0,0,0
1447,3.8799675422319,0.083419038528264,NY,2024-01-11,0,1,1,1,1,1,1,0,0,0,0,1,1,0,1,1,0,0
1448,2.0635715703038,0.0457297348590276,NY,2024-01-12,1,1,1,1,1,1,0,1,1,1,0,1,1,0,0,0,0,1
1449,2.1293862926514,0.0442004441511583,NY,2024-01-13,0,1,1,1,1,1,1,0,1,0,1,1,1,0,0,1,0,1
1450,4.5183514707593,0.1141792396353665,NY,2024-01-14,0,1,1,0,1,0,1,0,1,0,0,1,0,0,0,1,0,1
1451,3.84715913036861,0.0818245118495695,NY,2024-01-15,0,1,1,0,1,0,1,0,0,0,0,1,1,0,0,0,0,0
1452,2.8639526245638,0.0639547580721,NY,2024-01-16,1,0,1,1,1,1,1,0,0,1,0,1,1,0,0,1,0,0
1453,2.99429264222031,0.01951559824134085,NY,2024-01-17,1,1,1,1,1,0,1,1,0,1,1,1,1,1,1,1,1,1
1454,2.29540209329995,0.03994926965905755,NY,2024-01-18,1,1,1,1,1,1,1,1,0,1,1,0,0,0,0,1,0,0
1455,1.26964436299249,0.04701483382373945,NY,2024-01-19,1,1,1,1,1,1,1,1,1,1,1,1,1,0,0,1,0,1
1456,1.74377346015207,0.0305289438852234,NY,2024-01-20,1,1,1,1,1,1,1,1,0,1,1,1,1,0,0,1,1,0
1457,1.82303867877515,0.0623068768683175,NY,2024-01-21,1,0,1,1,1,0,0,1,1,1,0,1,1,0,0,0,1,1
1458,2.64609645509604,0.04578381365494,NY,2024-01-22,1,1,1,1,1,0,1,0,0,1,0,1,1,1,0,0,0,0
1459,3.23547438292433,0.04603410914730115,NY,2024-01-23,0,1,1,1,1,0,1,0,0,0,1,1,1,0,0,1,0,0
1460,1.64854131736392,0.0277469848849805,NY,2024-01-24,1,0,0,1,1,1,1,1,0,1,0,0,1,0,0,1,1,0
1461,2.62969412073174,0.03773685840632895,NY,2024-01-25,1,1,1,1,1,1,1,1,0,1,1,1,1,0,0,1,1,0
1462,0.392748640299398,4.3335948372908e-4,NY,2024-01-26,1,1,1,1,1,1,1,1,1,1,1,1,1,0,0,1,1,1
1463,1.05693188944252,0.0291547864208551,NY,2024-01-27,1,1,1,1,0,1,1,1,1,1,1,1,1,0,0,1,1,1
1464,2.09192459941027,0.0573685358656035,NY,2024-01-28,1,0,1,1,0,0,1,1,1,1,0,1,1,0,0,1,1,1
1465,1.98508117726466,0.0229856056835717,NY,2024-01-29,0,1,1,1,1,1,1,1,0,0,1,1,1,1,0,1,1,0
1466,2.15241227647116,0.02966570906677585,NY,2024-01-30,0,0,1,1,1,1,1,0,1,0,0,1,1,0,0,1,0,1
1467,2.42823953164467,0.03310396175737875,NY,2024-01-31,1,1,1,1,1,0,1,0,0,1,1,1,1,0,0,1,0,0
1468,1.76993924639509,0.02226642791476235,NY,2024-02-01,1,1,1,1,1,1,1,1,0,1,1,1,1,1,0,0,1,0
1469,1.19452831243224,0.02937941755294415,NY,2024-02-02,1,1,1,1,1,1,1,0,1,1,1,1,1,1,1,1,1,1
1470,0.627041680431097,0.01644564181842335,NY,2024-02-03,1,1,1,1,1,1,1,1,1,1,1,1,1,0,0,1,1,1
1471,NA,NA,OH,2023-12-24,NA,NA,NA,NA,NA,NA,NA,NA,NA,NA,NA,NA,NA,NA,NA,NA,NA,NA
1472,NA,NA,OH,2023-12-25,NA,NA,NA,NA,NA,NA,NA,NA,NA,NA,NA,NA,NA,NA,NA,NA,NA,NA
1473,1.70624064917253,0.3086172394920665,OH,2023-12-26,1,1,1,1,0,1,1,1,1,0,0,1,1,0,1,1,1,1
1474,1.13972854818445,0.399480002124195,OH,2023-12-27,1,1,1,1,0,1,1,1,0,1,0,1,0,0,1,1,1,0
1475,1.08019885450077,0.3906180684537095,OH,2023-12-28,1,1,1,1,1,1,1,0,1,1,1,0,0,1,0,1,0,0
1476,1.27678520318392,0.26396939535853,OH,2023-12-29,1,1,1,1,1,0,1,1,0,1,0,1,1,0,0,0,0,0
1477,0.624559191958083,0.448701934347662,OH,2023-12-30,1,1,1,1,0,1,1,1,1,1,1,1,1,0,0,1,1,1
1478,NA,NA,OH,2023-12-31,NA,NA,NA,NA,NA,NA,NA,NA,NA,NA,NA,NA,NA,NA,NA,NA,NA,NA
1479,0.459467549709116,0.244363070640724,OH,2024-01-01,1,1,1,1,1,1,1,1,1,1,1,1,1,0,1,1,0,1
1480,2.13017146816168,0.4156899572756945,OH,2024-01-02,1,1,0,1,1,1,1,1,0,1,1,0,1,0,0,1,1,0
1481,0.846661159388496,0.266409994527024,OH,2024-01-03,1,1,1,1,1,1,1,0,1,0,1,0,1,0,0,1,1,1
1482,0.788906473867924,0.2882971010912175,OH,2024-01-04,1,0,1,1,1,1,1,1,1,1,0,1,1,1,0,1,0,1
1483,0.382094361462351,0.091384468222444,OH,2024-01-05,1,1,1,1,1,1,1,1,1,1,1,1,1,1,0,1,0,0
1484,NA,NA,OH,2024-01-06,NA,NA,NA,NA,NA,NA,NA,NA,NA,NA,NA,NA,NA,NA,NA,NA,NA,NA
1485,0.10166040240157,0.0764258081018785,OH,2024-01-07,1,1,1,1,1,1,1,1,1,1,1,1,1,1,1,1,1,1
1486,0.556455357596216,0.3293992790485,OH,2024-01-08,1,1,1,1,1,1,1,1,1,1,1,1,1,0,0,1,1,1
1487,0.562387410750383,0.334196508059413,OH,2024-01-09,1,1,1,1,1,1,1,1,1,1,1,1,1,1,1,1,1,1
1488,0.448108073897663,0.057580315457015,OH,2024-01-10,1,1,1,1,1,1,1,1,1,1,1,1,1,0,0,1,1,1
1489,1.15597817860991,0.388242915093421,OH,2024-01-11,1,1,0,1,1,1,1,0,1,1,1,0,0,0,1,1,0,1
1490,0.212250591696252,0.0472405206940427,OH,2024-01-12,1,1,1,1,1,1,1,1,1,1,1,1,1,1,1,1,1,1
1491,0.82109093647117,0.3919352661448545,OH,2024-01-13,1,1,0,1,1,1,1,1,1,1,0,0,1,1,1,1,1,1
1492,NA,NA,OH,2024-01-14,NA,NA,NA,NA,NA,NA,NA,NA,NA,NA,NA,NA,NA,NA,NA,NA,NA,NA
1493,0.167800606871988,0.0346794826117872,OH,2024-01-15,1,1,1,1,1,1,1,1,1,1,1,1,1,1,1,1,1,1
1494,0.0429631574105561,0.03119247549116345,OH,2024-01-16,1,1,1,1,1,1,1,1,1,1,1,1,1,1,0,0,1,1
1495,0.26912310686082,0.02801867997705565,OH,2024-01-17,1,1,1,1,1,1,1,1,1,1,1,1,1,1,1,1,1,1
1496,0.821875594060174,0.2219707089323565,OH,2024-01-18,1,1,1,1,1,1,1,1,0,1,1,1,1,1,0,1,1,0
1497,NA,NA,OH,2024-01-19,NA,NA,NA,NA,NA,NA,NA,NA,NA,NA,NA,NA,NA,NA,NA,NA,NA,NA
1498,0.0998515256151866,0.0201609939683471,OH,2024-01-20,1,1,1,1,1,1,1,1,1,1,1,1,1,1,1,1,1,1
1499,0.0893227093462307,0.0180275862352941,OH,2024-01-21,1,1,1,1,1,1,1,1,1,1,1,1,1,1,1,1,1,1
1500,0.813671017802579,0.1821449794795455,OH,2024-01-22,1,1,1,1,1,1,1,1,0,1,1,1,1,1,0,1,1,0
1501,0.758031509175552,0.2752910810658285,OH,2024-01-23,1,1,1,1,0,1,1,1,1,1,1,1,1,0,1,0,1,1
1502,0.196359455334999,0.0128200832571346,OH,2024-01-24,1,1,1,1,1,1,1,1,1,1,1,1,1,0,0,1,1,1
1503,0.048776130947575,0.0114254494177279,OH,2024-01-25,1,1,1,1,1,1,1,1,1,1,1,1,1,1,1,1,1,1
1504,1.00585742272253,0.297462178885756,OH,2024-01-26,1,1,1,1,1,1,0,1,1,1,1,1,1,1,1,0,0,1
1505,NA,NA,OH,2024-01-27,NA,NA,NA,NA,NA,NA,NA,NA,NA,NA,NA,NA,NA,NA,NA,NA,NA,NA
1506,NA,NA,OH,2024-01-28,NA,NA,NA,NA,NA,NA,NA,NA,NA,NA,NA,NA,NA,NA,NA,NA,NA,NA
1507,0.0330272021670983,0.00716570907347055,OH,2024-01-29,1,1,1,1,1,1,1,1,1,1,1,1,1,1,1,1,1,1
1508,0.106843940097868,0.00636956573174615,OH,2024-01-30,1,1,1,1,1,1,1,1,1,1,1,1,1,1,1,1,1,1
1509,1.27329689651236,0.89135694500597,OH,2024-01-31,1,1,1,1,1,0,1,0,1,1,1,1,1,1,0,1,0,1
1510,0.00656670267057791,0.0050280524042715,OH,2024-02-01,1,1,1,1,1,1,1,1,1,1,1,1,1,1,1,1,1,1
1511,0.0763357212652118,0.004465683829818885,OH,2024-02-02,1,1,1,1,1,1,1,1,1,1,1,1,1,1,1,1,1,1
1512,0.00565565215571287,0.003965543222607635,OH,2024-02-03,1,1,1,1,1,1,1,1,1,1,1,1,1,0,0,1,1,1
1513,0.469604667449271,0.311049755290047,OK,2023-12-24,1,1,1,1,1,1,1,1,1,1,1,1,1,1,1,1,1,1
1514,0.778954430499349,0.567290761976955,OK,2023-12-25,1,1,1,1,1,1,0,1,1,1,1,1,0,1,1,0,1,1
1515,1.06384405465028,0.4189943048616375,OK,2023-12-26,1,1,1,1,1,1,0,1,1,1,0,0,1,1,0,0,1,1
1516,1.59533405001982,0.3024600943758835,OK,2023-12-27,1,1,1,1,1,0,1,1,1,1,1,1,1,1,0,1,1,0
1517,2.45399360770548,0.50014502762964,OK,2023-12-28,1,1,1,1,0,1,1,1,0,1,1,0,0,0,1,1,0,0
1518,0.7452772161475,0.398997900249342,OK,2023-12-29,1,1,1,0,1,1,1,1,1,1,1,1,0,1,1,1,1,0
1519,0.69925812353,0.3901135360770075,OK,2023-12-30,1,1,0,1,1,1,1,1,1,1,1,0,0,1,0,1,1,0
1520,0.339193253922993,0.2517351482422575,OK,2023-12-31,1,1,1,1,1,1,1,1,1,1,0,1,1,1,0,1,1,1
1521,0.331008111089035,0.239297798265512,OK,2024-01-01,1,1,1,1,1,1,1,1,1,1,0,1,1,1,0,1,1,1
1522,1.61765050950229,0.41954022435603,OK,2024-01-02,1,1,1,1,1,1,0,1,0,1,1,0,1,0,0,0,1,0
1523,0.990144974788034,0.431991266798224,OK,2024-01-03,1,1,1,1,1,1,1,1,0,1,1,1,1,1,0,1,1,0
1524,1.1677856768015,0.3978188921659765,OK,2024-01-04,0,1,1,1,1,1,1,1,1,0,1,1,0,1,1,1,1,1
1525,1.01718308523953,0.4987692868923895,OK,2024-01-05,1,1,1,1,1,1,1,1,0,1,1,1,1,1,0,1,1,0
1526,0.582297696539272,0.4047247200033065,OK,2024-01-06,1,1,1,1,0,1,1,1,1,1,0,1,1,0,1,1,1,1
1527,NA,NA,OK,2024-01-07,NA,NA,NA,NA,NA,NA,NA,NA,NA,NA,NA,NA,NA,NA,NA,NA,NA,NA
1528,2.82582449896964,0.51536903863596,OK,2024-01-08,0,1,1,1,1,0,1,1,0,0,0,0,1,0,0,1,1,0
1529,0.922205795260749,0.3259294185964265,OK,2024-01-09,1,0,1,1,1,1,1,1,1,1,0,0,0,0,0,1,1,1
1530,2.85658361056472,0.521061623989805,OK,2024-01-10,1,0,1,1,1,0,1,1,0,1,0,0,0,0,0,1,1,0
1531,2.24661634632188,0.4717539971123865,OK,2024-01-11,1,1,1,1,0,0,1,1,1,1,1,1,1,0,0,0,0,1
1532,0.458229965272863,0.3030940539275435,OK,2024-01-12,1,1,1,1,1,1,1,1,1,1,1,1,1,0,0,1,1,1
1533,0.8450152813064,0.398499927752839,OK,2024-01-13,0,1,1,1,1,1,1,1,1,0,1,1,1,1,0,1,1,1
1534,1.55759414339813,0.514917226727755,OK,2024-01-14,1,1,1,1,0,0,1,1,1,1,0,1,1,0,0,1,1,1
1535,0.784196750284913,0.52955337476994,OK,2024-01-15,1,1,1,1,0,1,1,1,1,1,1,1,1,0,0,1,1,1
1536,0.513555748720778,0.3163566897862955,OK,2024-01-16,1,1,1,1,1,1,1,1,1,1,1,1,1,0,0,1,1,1
1537,1.32528235068531,0.399832556390668,OK,2024-01-17,1,1,1,1,0,1,1,1,1,1,1,1,1,0,0,1,1,1
1538,0.786028708061767,0.3801410991463155,OK,2024-01-18,1,1,1,0,1,1,1,1,1,1,1,1,0,1,0,1,1,1
1539,0.862014233407577,0.58824450246552,OK,2024-01-19,1,1,1,1,0,1,1,1,1,1,1,0,1,0,1,1,1,1
1540,0.595390028597445,0.3330979174674945,OK,2024-01-20,1,1,1,1,1,1,1,1,1,1,1,1,1,0,0,1,1,1
1541,0.618604656248171,0.05816124389718,OK,2024-01-21,1,1,1,1,1,1,1,1,1,1,1,1,1,1,0,0,0,1
1542,0.200643605690765,0.05325216025281,OK,2024-01-22,1,1,1,1,1,1,1,1,1,1,1,1,1,1,1,1,1,1
1543,1.02603360236477,0.2475834002664355,OK,2024-01-23,1,1,1,1,0,1,1,1,1,1,1,1,1,0,0,1,1,1
1544,1.34194391814127,0.351809812230686,OK,2024-01-24,1,1,1,1,0,1,1,1,1,1,1,0,1,0,0,1,1,1
1545,0.153416549949167,0.04056548984958475,OK,2024-01-25,1,1,1,1,1,1,1,1,1,1,1,1,1,1,1,1,1,1
1546,NA,NA,OK,2024-01-26,NA,NA,NA,NA,NA,NA,NA,NA,NA,NA,NA,NA,NA,NA,NA,NA,NA,NA
1547,0.0387520819749979,0.03364142364750265,OK,2024-01-27,1,1,1,1,1,1,1,1,1,1,1,1,1,1,1,1,1,1
1548,1.71293177393815,0.7525638373695,OK,2024-01-28,1,1,1,1,0,0,0,1,1,1,1,1,1,0,0,0,1,1
1549,0.823922082123566,0.136622301812148,OK,2024-01-29,1,1,1,1,1,1,1,0,1,1,0,1,1,1,0,1,1,1
1550,2.38787800699745,0.325261503790233,OK,2024-01-30,1,1,1,1,0,0,1,1,0,1,1,1,1,0,0,1,1,0
1551,2.32405264693785,0.82999715730032,OK,2024-01-31,0,1,1,1,1,0,1,1,1,0,1,1,1,1,0,1,1,1
1552,0.91501997580304,0.2873756066541565,OK,2024-02-01,1,1,0,1,1,1,1,1,1,1,1,0,1,0,1,1,1,1
1553,0.0790623909150251,0.01875818733571315,OK,2024-02-02,1,1,1,1,1,1,1,1,1,1,1,1,1,1,1,1,1,1
1554,1.08672486411478,0.433882467085961,OK,2024-02-03,0,1,1,1,1,1,1,1,1,0,1,1,1,1,0,1,1,1
1555,0.409709392688607,0.2886521013566355,OR,2023-12-24,1,1,1,1,1,1,1,1,1,1,1,1,1,1,1,1,1,1
1556,0.631004971872198,0.3692466561199825,OR,2023-12-25,1,1,0,1,1,1,1,1,1,1,1,0,1,0,1,1,1,1
1557,2.15293427704801,0.2886198303736195,OR,2023-12-26,0,1,1,1,0,0,1,1,1,0,1,0,1,0,0,1,1,1
1558,0.640800963725638,0.2577225916347355,OR,2023-12-27,1,1,1,1,1,1,1,1,1,1,1,1,0,0,0,1,1,1
1559,0.46290418731628,0.3421007584558215,OR,2023-12-28,1,1,1,1,1,1,1,1,1,1,1,1,1,0,0,1,1,1
1560,0.810126187585861,0.395096176642133,OR,2023-12-29,1,1,1,1,1,1,1,1,0,1,0,1,1,1,1,1,1,0
1561,0.635018021386245,0.1725883745844825,OR,2023-12-30,1,1,1,1,1,1,1,1,1,1,1,1,1,0,0,1,1,1
1562,0.660479778249506,0.3319053693879325,OR,2023-12-31,1,1,0,1,1,1,1,1,1,1,1,0,1,0,0,1,1,0
1563,0.840930866447798,0.2220080687208815,OR,2024-01-01,1,1,1,1,1,1,1,1,1,1,1,1,1,1,0,1,0,1
1564,0.908072432217189,0.2752805494102065,OR,2024-01-02,1,1,1,0,1,1,1,1,1,1,1,1,0,0,0,1,1,1
1565,0.460584407819006,0.2051204175989015,OR,2024-01-03,1,1,1,1,1,1,1,1,1,1,1,0,1,0,0,1,1,1
1566,0.875583949235385,0.1737945224598725,OR,2024-01-04,1,1,1,1,1,1,1,1,1,1,1,1,1,0,0,1,1,1
1567,1.12214077460474,0.1080634469597185,OR,2024-01-05,1,1,1,1,1,0,1,1,1,1,1,1,1,0,0,1,1,1
1568,1.20943208562474,0.3675597015574465,OR,2024-01-06,1,0,1,1,1,1,1,1,0,1,0,1,1,1,0,1,1,0
1569,2.17623849118572,0.150596523561427,OR,2024-01-07,1,1,1,1,0,0,1,1,1,1,0,0,1,0,0,1,1,1
1570,0.975921663031802,0.2192554375195365,OR,2024-01-08,1,1,1,1,1,1,1,0,1,1,1,1,1,0,0,1,0,0
1571,0.354244084774314,0.1924076287718805,OR,2024-01-09,1,1,1,1,1,1,1,1,1,1,1,1,1,0,0,1,1,1
1572,0.845174214491928,0.3953280182302955,OR,2024-01-10,1,1,0,1,1,1,1,1,1,1,1,0,1,1,0,1,1,1
1573,0.253700141903809,0.062236816623852,OR,2024-01-11,1,1,1,1,1,1,1,1,1,1,1,1,1,0,0,1,1,1
1574,NA,NA,OR,2024-01-12,NA,NA,NA,NA,NA,NA,NA,NA,NA,NA,NA,NA,NA,NA,NA,NA,NA,NA
1575,1.31318621190435,0.293266924049093,OR,2024-01-13,0,0,1,1,1,1,1,1,1,0,0,1,0,0,1,1,1,1
1576,0.603608117815389,0.337852965414367,OR,2024-01-14,1,1,1,1,1,1,1,1,1,1,1,1,1,0,0,1,1,1
1577,0.361549067359656,0.1623423916458255,OR,2024-01-15,1,1,1,1,1,1,1,1,1,1,1,1,1,0,0,1,0,0
1578,0.772443207055109,0.03715663454590155,OR,2024-01-16,1,1,1,1,1,1,1,1,1,1,0,1,0,0,0,1,1,0
1579,0.15833590425702,0.033335889234231,OR,2024-01-17,1,1,1,1,1,1,1,1,1,1,1,1,1,0,0,1,1,1
1580,0.262652213655241,0.0298595080735542,OR,2024-01-18,1,1,1,1,1,1,1,1,1,1,1,1,1,0,0,1,1,1
1581,0.122406813042714,0.02670410785912885,OR,2024-01-19,1,1,1,1,1,1,1,1,1,1,1,1,1,0,0,1,1,1
1582,1.17270979719268,0.834932526367985,OR,2024-01-20,1,1,1,1,1,0,0,1,1,1,1,1,1,1,0,0,1,1
1583,1.05306185809549,0.432107878421958,OR,2024-01-21,1,1,1,1,1,1,0,1,1,1,1,1,1,1,0,0,1,1
1584,1.06368981384021,0.435331977974757,OR,2024-01-22,1,0,1,1,1,1,1,1,1,1,0,1,1,1,0,1,1,1
1585,0.0841522186258996,0.0168422515488063,OR,2024-01-23,1,1,1,1,1,1,1,1,1,1,1,1,1,1,1,1,1,1
1586,0.0207521839159547,0.01496100661989115,OR,2024-01-24,1,1,1,1,1,1,1,1,1,1,1,1,1,1,1,1,1,1
1587,0.192713609677523,0.01327455055016585,OR,2024-01-25,1,1,1,1,1,1,1,1,1,1,1,1,1,1,1,1,1,1
1588,0.0155663193594772,0.01176533329330355,OR,2024-01-26,1,1,1,1,1,1,1,1,1,1,1,1,1,1,1,1,1,1
1589,0.116006010740396,0.0104169450071495,OR,2024-01-27,1,1,1,1,1,1,1,1,1,1,1,1,1,0,0,1,1,1
1590,0.0101519744622456,0.00921411852539255,OR,2024-01-28,1,1,1,1,1,1,1,1,1,1,1,1,1,1,1,1,1,1
1591,1.06812129934709,0.3048098105184145,OR,2024-01-29,1,1,1,1,1,1,0,1,1,1,1,1,1,1,0,0,1,1
1592,0.44903251839782,0.00718969809430375,OR,2024-01-30,1,1,1,1,1,1,1,1,1,1,1,1,1,1,1,1,1,1
1593,1.04371051946305,0.232299178131204,OR,2024-01-31,1,1,1,1,1,1,1,1,0,1,1,1,1,0,1,1,1,0
1594,0.025924523950612,0.0055919414631977,OR,2024-02-01,1,1,1,1,1,1,1,1,1,1,1,1,1,1,1,1,1,1
1595,0.0636382513547548,0.004926252292405495,OR,2024-02-02,1,1,1,1,1,1,1,1,1,1,1,1,1,0,0,1,1,1
1596,0.0067042632275245,0.00433694152533916,OR,2024-02-03,1,1,1,1,1,1,1,1,1,1,1,1,1,1,1,1,1,1
1597,0.840319756408346,0.218905562044174,PA,2023-12-24,1,1,1,1,1,1,1,1,1,1,1,0,1,1,0,1,1,1
1598,0.789211176524808,0.3868203981913915,PA,2023-12-25,1,0,1,1,1,1,1,1,1,1,0,1,1,1,0,1,1,1
1599,4.31444377167837,0.288694865005409,PA,2023-12-26,1,0,0,1,1,1,1,1,0,1,1,0,0,0,0,0,1,0
1600,3.01214482267691,0.26276756247727,PA,2023-12-27,1,1,1,1,0,1,0,1,1,1,0,1,0,0,0,0,0,0
1601,2.27686753075136,0.22175583438392,PA,2023-12-28,1,1,1,1,1,1,1,1,1,1,0,1,1,0,0,0,0,1
1602,2.1669511142805,0.251003470267055,PA,2023-12-29,1,1,1,0,1,1,1,1,1,1,0,1,0,0,0,1,1,1
1603,1.2013381918063,0.2687371782882805,PA,2023-12-30,1,1,1,1,1,1,1,0,1,1,1,0,0,0,1,0,0,1
1604,1.53235608870553,0.2467528123546535,PA,2023-12-31,1,1,1,1,1,1,1,1,0,1,1,1,1,1,0,1,1,0
1605,0.693078398276315,0.230755732505868,PA,2024-01-01,1,1,1,1,1,1,0,1,1,1,1,0,1,0,0,0,1,1
1606,3.81557523585757,0.241900899762195,PA,2024-01-02,1,0,1,1,1,1,0,1,0,1,0,0,1,0,0,0,0,0
1607,2.55409469412131,0.160133704856423,PA,2024-01-03,0,1,1,1,1,0,1,1,1,0,1,1,1,0,0,0,1,1
1608,1.72678799203081,0.1505167451686895,PA,2024-01-04,1,1,1,1,1,1,1,1,1,1,0,1,1,0,0,1,1,0
1609,0.863103530394842,0.1400986267094195,PA,2024-01-05,1,0,1,1,1,1,1,1,1,1,0,1,1,0,0,1,0,1
1610,1.57591268863417,0.3366153943830635,PA,2024-01-06,1,1,1,1,0,0,1,1,0,1,1,1,1,0,0,0,1,0
1611,0.948358946753601,0.23941135227511,PA,2024-01-07,1,1,1,0,1,1,1,1,1,1,1,1,0,0,0,1,0,1
1612,3.87868641068948,0.2563664510063435,PA,2024-01-08,0,1,0,1,1,0,1,0,1,0,1,0,0,0,0,1,0,0
1613,1.48402638504304,0.144377343755661,PA,2024-01-09,1,1,1,1,1,1,1,1,0,1,0,1,0,0,0,0,1,0
1614,1.16130564413199,0.1275503953721725,PA,2024-01-10,1,1,1,1,1,1,1,1,1,1,1,1,1,0,0,0,0,0
1615,1.65787069096943,0.1060477547703835,PA,2024-01-11,1,1,0,1,1,1,1,1,1,1,1,0,1,0,0,1,0,1
1616,1.34533132397405,0.255576884610029,PA,2024-01-12,0,1,1,1,1,1,1,0,1,0,1,1,1,1,0,0,0,1
1617,0.70702541749653,0.116994962714585,PA,2024-01-13,1,1,1,1,1,1,0,1,1,1,1,1,1,1,1,1,1,1
1618,1.62938859859025,0.2358335098884495,PA,2024-01-14,1,1,1,1,0,0,0,1,1,1,1,1,1,0,0,0,1,1
1619,0.957977539195845,0.0670736459320455,PA,2024-01-15,1,0,1,1,1,1,1,1,1,1,0,1,0,0,0,1,0,1
1620,1.00984894681977,0.1100516304795265,PA,2024-01-16,1,0,1,1,1,1,1,1,1,1,1,1,0,0,1,0,1,1
1621,1.31949124223581,0.0438303795524141,PA,2024-01-17,1,0,1,1,1,1,1,1,1,1,0,1,1,0,0,0,1,1
1622,0.835144250796197,0.04170273321291795,PA,2024-01-18,1,1,1,1,1,1,1,1,1,1,1,1,1,0,0,1,1,1
1623,0.8631522185736,0.1334066873574365,PA,2024-01-19,1,1,1,1,1,1,1,0,1,1,1,1,1,0,1,1,0,1
1624,0.130440103187142,0.00452760977829641,PA,2024-01-20,1,1,1,1,1,1,1,1,1,1,1,1,1,1,1,1,1,1
1625,1.20341745589836,0.4616999376290985,PA,2024-01-21,1,0,1,1,1,0,1,1,1,1,0,1,1,1,0,1,1,1
1626,1.66455457008222,0.0957977310764955,PA,2024-01-22,1,1,1,1,0,1,1,1,1,1,1,1,1,0,1,1,0,1
1627,0.847647518771797,0.0030119738486030748,PA,2024-01-23,1,1,1,1,1,0,1,1,1,1,1,1,1,1,0,1,0,1
1628,0.575776125587104,0.078181024732529,PA,2024-01-24,1,1,1,1,1,1,1,1,1,1,1,1,1,0,0,1,1,1
1629,1.38557923224212,0.1190252203031645,PA,2024-01-25,1,1,1,1,1,0,1,0,0,1,1,1,1,1,0,1,0,0
1630,0.0432934463382134,0.00199784457415065,PA,2024-01-26,1,1,1,1,1,1,1,1,1,1,1,1,1,1,1,1,1,1
1631,0.0606131606067215,0.00174161495298118,PA,2024-01-27,1,1,1,1,1,1,1,1,1,1,1,1,1,1,1,1,1,1
1632,0.0112277855444644,0.00151804874456527,PA,2024-01-28,1,1,1,1,1,1,1,1,1,1,1,1,1,1,1,1,1,1
1633,0.349781230419058,0.001323063349022675,PA,2024-01-29,1,1,1,1,1,1,1,1,1,1,1,1,1,1,1,1,1,1
1634,0.276122012986296,0.001153065966212985,PA,2024-01-30,1,1,1,1,1,1,1,1,1,1,1,1,1,1,1,1,1,1
1635,1.55981990707425,0.1074563680342145,PA,2024-01-31,1,0,1,1,1,0,1,1,0,1,0,1,1,1,0,1,1,0
1636,0.0689546139438553,8.7579266540884e-4,PA,2024-02-01,1,1,1,1,1,1,1,1,1,1,1,1,1,1,1,1,1,1
1637,0.0558036604527395,7.63316988777035e-4,PA,2024-02-02,1,1,1,1,1,1,1,1,1,1,1,1,1,1,1,1,1,1
1638,0.0116016720154571,6.65345479836605e-4,PA,2024-02-03,1,1,1,1,1,1,1,1,1,1,1,1,1,1,1,1,1,1
1639,NA,NA,PR,2023-12-24,NA,NA,NA,NA,NA,NA,NA,NA,NA,NA,NA,NA,NA,NA,NA,NA,NA,NA
1640,NA,NA,PR,2023-12-25,NA,NA,NA,NA,NA,NA,NA,NA,NA,NA,NA,NA,NA,NA,NA,NA,NA,NA
1641,NA,NA,PR,2023-12-26,NA,NA,NA,NA,NA,NA,NA,NA,NA,NA,NA,NA,NA,NA,NA,NA,NA,NA
1642,NA,NA,PR,2023-12-27,NA,NA,NA,NA,NA,NA,NA,NA,NA,NA,NA,NA,NA,NA,NA,NA,NA,NA
1643,NA,NA,PR,2023-12-28,NA,NA,NA,NA,NA,NA,NA,NA,NA,NA,NA,NA,NA,NA,NA,NA,NA,NA
1644,NA,NA,PR,2023-12-29,NA,NA,NA,NA,NA,NA,NA,NA,NA,NA,NA,NA,NA,NA,NA,NA,NA,NA
1645,NA,NA,PR,2023-12-30,NA,NA,NA,NA,NA,NA,NA,NA,NA,NA,NA,NA,NA,NA,NA,NA,NA,NA
1646,NA,NA,PR,2023-12-31,NA,NA,NA,NA,NA,NA,NA,NA,NA,NA,NA,NA,NA,NA,NA,NA,NA,NA
1647,NA,NA,PR,2024-01-01,NA,NA,NA,NA,NA,NA,NA,NA,NA,NA,NA,NA,NA,NA,NA,NA,NA,NA
1648,NA,NA,PR,2024-01-02,NA,NA,NA,NA,NA,NA,NA,NA,NA,NA,NA,NA,NA,NA,NA,NA,NA,NA
1649,NA,NA,PR,2024-01-03,NA,NA,NA,NA,NA,NA,NA,NA,NA,NA,NA,NA,NA,NA,NA,NA,NA,NA
1650,NA,NA,PR,2024-01-04,NA,NA,NA,NA,NA,NA,NA,NA,NA,NA,NA,NA,NA,NA,NA,NA,NA,NA
1651,NA,NA,PR,2024-01-05,NA,NA,NA,NA,NA,NA,NA,NA,NA,NA,NA,NA,NA,NA,NA,NA,NA,NA
1652,NA,NA,PR,2024-01-06,NA,NA,NA,NA,NA,NA,NA,NA,NA,NA,NA,NA,NA,NA,NA,NA,NA,NA
1653,NA,NA,PR,2024-01-07,NA,NA,NA,NA,NA,NA,NA,NA,NA,NA,NA,NA,NA,NA,NA,NA,NA,NA
1654,NA,NA,PR,2024-01-08,NA,NA,NA,NA,NA,NA,NA,NA,NA,NA,NA,NA,NA,NA,NA,NA,NA,NA
1655,NA,NA,PR,2024-01-09,NA,NA,NA,NA,NA,NA,NA,NA,NA,NA,NA,NA,NA,NA,NA,NA,NA,NA
1656,NA,NA,PR,2024-01-10,NA,NA,NA,NA,NA,NA,NA,NA,NA,NA,NA,NA,NA,NA,NA,NA,NA,NA
1657,NA,NA,PR,2024-01-11,NA,NA,NA,NA,NA,NA,NA,NA,NA,NA,NA,NA,NA,NA,NA,NA,NA,NA
1658,NA,NA,PR,2024-01-12,NA,NA,NA,NA,NA,NA,NA,NA,NA,NA,NA,NA,NA,NA,NA,NA,NA,NA
1659,NA,NA,PR,2024-01-13,NA,NA,NA,NA,NA,NA,NA,NA,NA,NA,NA,NA,NA,NA,NA,NA,NA,NA
1660,NA,NA,PR,2024-01-14,NA,NA,NA,NA,NA,NA,NA,NA,NA,NA,NA,NA,NA,NA,NA,NA,NA,NA
1661,NA,NA,PR,2024-01-15,NA,NA,NA,NA,NA,NA,NA,NA,NA,NA,NA,NA,NA,NA,NA,NA,NA,NA
1662,NA,NA,PR,2024-01-16,NA,NA,NA,NA,NA,NA,NA,NA,NA,NA,NA,NA,NA,NA,NA,NA,NA,NA
1663,NA,NA,PR,2024-01-17,NA,NA,NA,NA,NA,NA,NA,NA,NA,NA,NA,NA,NA,NA,NA,NA,NA,NA
1664,NA,NA,PR,2024-01-18,NA,NA,NA,NA,NA,NA,NA,NA,NA,NA,NA,NA,NA,NA,NA,NA,NA,NA
1665,NA,NA,PR,2024-01-19,NA,NA,NA,NA,NA,NA,NA,NA,NA,NA,NA,NA,NA,NA,NA,NA,NA,NA
1666,NA,NA,PR,2024-01-20,NA,NA,NA,NA,NA,NA,NA,NA,NA,NA,NA,NA,NA,NA,NA,NA,NA,NA
1667,NA,NA,PR,2024-01-21,NA,NA,NA,NA,NA,NA,NA,NA,NA,NA,NA,NA,NA,NA,NA,NA,NA,NA
1668,NA,NA,PR,2024-01-22,NA,NA,NA,NA,NA,NA,NA,NA,NA,NA,NA,NA,NA,NA,NA,NA,NA,NA
1669,NA,NA,PR,2024-01-23,NA,NA,NA,NA,NA,NA,NA,NA,NA,NA,NA,NA,NA,NA,NA,NA,NA,NA
1670,NA,NA,PR,2024-01-24,NA,NA,NA,NA,NA,NA,NA,NA,NA,NA,NA,NA,NA,NA,NA,NA,NA,NA
1671,NA,NA,PR,2024-01-25,NA,NA,NA,NA,NA,NA,NA,NA,NA,NA,NA,NA,NA,NA,NA,NA,NA,NA
1672,NA,NA,PR,2024-01-26,NA,NA,NA,NA,NA,NA,NA,NA,NA,NA,NA,NA,NA,NA,NA,NA,NA,NA
1673,NA,NA,PR,2024-01-27,NA,NA,NA,NA,NA,NA,NA,NA,NA,NA,NA,NA,NA,NA,NA,NA,NA,NA
1674,NA,NA,PR,2024-01-28,NA,NA,NA,NA,NA,NA,NA,NA,NA,NA,NA,NA,NA,NA,NA,NA,NA,NA
1675,NA,NA,PR,2024-01-29,NA,NA,NA,NA,NA,NA,NA,NA,NA,NA,NA,NA,NA,NA,NA,NA,NA,NA
1676,NA,NA,PR,2024-01-30,NA,NA,NA,NA,NA,NA,NA,NA,NA,NA,NA,NA,NA,NA,NA,NA,NA,NA
1677,NA,NA,PR,2024-01-31,NA,NA,NA,NA,NA,NA,NA,NA,NA,NA,NA,NA,NA,NA,NA,NA,NA,NA
1678,NA,NA,PR,2024-02-01,NA,NA,NA,NA,NA,NA,NA,NA,NA,NA,NA,NA,NA,NA,NA,NA,NA,NA
1679,NA,NA,PR,2024-02-02,NA,NA,NA,NA,NA,NA,NA,NA,NA,NA,NA,NA,NA,NA,NA,NA,NA,NA
1680,NA,NA,PR,2024-02-03,NA,NA,NA,NA,NA,NA,NA,NA,NA,NA,NA,NA,NA,NA,NA,NA,NA,NA
1681,0.121947253522976,0.073584764258721,RI,2023-12-24,1,1,1,1,1,1,1,1,1,1,1,1,1,1,1,1,1,1
1682,NA,NA,RI,2023-12-25,NA,NA,NA,NA,NA,NA,NA,NA,NA,NA,NA,NA,NA,NA,NA,NA,NA,NA
1683,2.74407933890195,0.420323809168615,RI,2023-12-26,0,0,1,1,1,0,1,1,1,0,0,0,1,0,0,1,1,1
1684,1.67245212930853,0.3229699294683055,RI,2023-12-27,1,0,1,0,1,1,1,1,1,1,0,1,0,0,0,0,0,0
1685,2.14326908839299,0.1411299783373775,RI,2023-12-28,1,0,1,1,0,0,1,1,1,1,0,0,1,0,0,1,1,1
1686,2.05212612530842,0.098910483225409,RI,2023-12-29,1,1,1,1,0,0,1,0,1,1,0,1,0,0,0,1,1,1
1687,0.488632440521001,0.144720151545879,RI,2023-12-30,1,1,1,1,1,1,1,1,1,1,1,1,1,1,1,1,1,1
1688,NA,NA,RI,2023-12-31,NA,NA,NA,NA,NA,NA,NA,NA,NA,NA,NA,NA,NA,NA,NA,NA,NA,NA
1689,NA,NA,RI,2024-01-01,NA,NA,NA,NA,NA,NA,NA,NA,NA,NA,NA,NA,NA,NA,NA,NA,NA,NA
1690,2.83146510806642,0.0278000921684837,RI,2024-01-02,1,1,1,1,0,0,1,1,1,1,1,1,0,1,0,1,1,1
1691,2.19563141137739,0.2611087344894165,RI,2024-01-03,1,1,1,1,0,1,1,1,1,1,1,1,0,0,0,1,0,1
1692,1.2835565858379,0.3123700786745045,RI,2024-01-04,1,1,1,1,0,1,1,1,1,1,1,1,1,0,0,1,0,1
1693,0.190270535890349,0.0194788036484795,RI,2024-01-05,1,1,1,1,1,1,1,1,1,1,1,1,1,1,0,1,0,1
1694,0.402205085006454,0.0172543215079963,RI,2024-01-06,1,1,1,1,1,1,1,1,1,1,1,1,1,1,1,1,1,1
1695,0.0232693850526259,0.01526551765911865,RI,2024-01-07,1,1,1,1,1,1,1,1,1,1,1,1,1,1,1,1,1,1
1696,1.03672629925375,0.0818169933927135,RI,2024-01-08,1,1,1,1,1,1,1,1,1,1,1,0,1,0,0,0,0,1
1697,1.73301173863374,0.04149634407967055,RI,2024-01-09,1,1,1,1,1,0,1,1,1,1,1,1,1,1,0,0,0,1
1698,2.15890180165939,0.01050464726431985,RI,2024-01-10,1,1,1,1,1,0,1,1,1,1,1,1,0,0,0,0,0,1
1699,2.33592063372785,0.2914579277492985,RI,2024-01-11,1,0,1,1,0,0,1,1,0,1,0,1,1,0,0,1,1,0
1700,4.48965200298673,0.322495383928671,RI,2024-01-12,1,0,1,1,0,0,1,1,0,1,0,1,1,0,0,1,1,1
1701,0.0419955525674807,0.00717149690380035,RI,2024-01-13,1,1,1,1,1,1,1,1,1,1,1,1,1,1,1,1,1,1
1702,0.106317973494851,0.00630574460058525,RI,2024-01-14,1,1,1,1,1,1,1,1,1,1,1,1,1,1,1,1,1,1
1703,0.0357171215641755,0.0055412029540072,RI,2024-01-15,1,1,1,1,1,1,1,1,1,1,1,1,1,1,1,1,1,1
1704,0.361717305804623,0.004866768021501545,RI,2024-01-16,1,1,1,1,1,1,1,1,1,1,1,1,1,1,1,1,1,1
1705,0.478204323747441,0.071990592993624,RI,2024-01-17,1,1,1,1,1,1,1,1,1,1,1,1,1,0,1,0,1,1
1706,0.585443169290125,0.0037490907026129,RI,2024-01-18,1,1,1,1,1,1,1,1,1,0,1,1,1,1,0,1,1,1
1707,0.0212163977621783,0.003288702120025915,RI,2024-01-19,1,1,1,1,1,1,1,1,1,1,1,1,1,1,1,1,1,1
1708,0.0543352375166002,0.002883977333164545,RI,2024-01-20,1,1,1,1,1,1,1,1,1,1,1,1,1,1,1,1,1,1
1709,0.0133721423249188,0.002528425126927385,RI,2024-01-21,1,1,1,1,1,1,1,1,1,1,1,1,1,1,1,1,1,1
1710,0.370041197161659,0.00221625902653688,RI,2024-01-22,1,1,1,1,1,1,1,1,1,1,1,1,1,1,0,1,0,1
1711,0.146178011175663,0.001942331397682745,RI,2024-01-23,1,1,1,1,1,1,1,1,1,1,1,1,1,1,1,1,1,1
1712,0.0710729337778022,0.001702071567667685,RI,2024-01-24,1,1,1,1,1,1,1,1,1,1,1,1,1,1,1,1,1,1
1713,0.241160961430942,0.00149142818955995,RI,2024-01-25,1,1,1,1,1,1,1,1,1,1,1,1,1,1,1,1,1,1
1714,0.259645116112682,0.00130681593519946,RI,2024-01-26,1,1,1,1,1,1,1,1,1,1,1,1,1,1,1,1,1,1
1715,0.0268914066847138,0.00114506649620747,RI,2024-01-27,1,1,1,1,1,1,1,1,1,1,1,1,1,1,1,1,1,1
1716,0.0551960396643164,0.001003383790799215,RI,2024-01-28,1,1,1,1,1,1,1,1,1,1,1,1,1,1,1,1,1,1
1717,0.0929147743549785,8.7930321427776e-4,RI,2024-01-29,1,1,1,1,1,1,1,1,1,1,1,1,1,1,1,1,1,1
1718,0.167659626172783,7.70654728982145e-4,RI,2024-01-30,1,1,1,1,1,1,1,1,1,1,1,1,1,1,1,1,1,1
1719,0.0487537520615854,6.7552956192036e-4,RI,2024-01-31,1,1,1,1,1,1,1,1,1,1,1,1,1,1,1,1,1,1
1720,0.0988434796112343,5.92250262467255e-4,RI,2024-02-01,1,1,1,1,1,1,1,1,1,1,1,1,1,1,1,1,1,1
1721,0.0279632819038113,5.1934386586583e-4,RI,2024-02-02,1,1,1,1,1,1,1,1,1,1,1,1,1,1,1,1,1,1
1722,0.0117760035899161,4.55517908719695e-4,RI,2024-02-03,1,1,1,1,1,1,1,1,1,1,1,1,1,1,1,1,1,1
1723,NA,NA,SC,2023-12-24,NA,NA,NA,NA,NA,NA,NA,NA,NA,NA,NA,NA,NA,NA,NA,NA,NA,NA
1724,NA,NA,SC,2023-12-25,NA,NA,NA,NA,NA,NA,NA,NA,NA,NA,NA,NA,NA,NA,NA,NA,NA,NA
1725,2.55012764526358,0.57656279108823,SC,2023-12-26,1,1,1,0,1,0,1,1,1,1,1,1,0,1,0,0,1,1
1726,1.70195139793567,0.3079079542744305,SC,2023-12-27,1,1,1,1,1,0,1,0,1,1,0,1,0,0,0,0,1,0
1727,1.64935006442827,0.3879984930155055,SC,2023-12-28,1,0,1,0,0,1,1,1,1,1,0,1,0,0,0,1,1,1
1728,2.5881925223604,0.58336640725994,SC,2023-12-29,1,0,1,1,1,0,1,1,1,1,0,0,1,1,0,1,1,1
1729,NA,NA,SC,2023-12-30,NA,NA,NA,NA,NA,NA,NA,NA,NA,NA,NA,NA,NA,NA,NA,NA,NA,NA
1730,NA,NA,SC,2023-12-31,NA,NA,NA,NA,NA,NA,NA,NA,NA,NA,NA,NA,NA,NA,NA,NA,NA,NA
1731,0.168441546689604,0.148196528547926,SC,2024-01-01,1,1,1,1,1,1,1,1,1,1,1,1,1,1,0,1,1,0
1732,0.433721410053517,0.295051075772297,SC,2024-01-02,1,1,1,1,1,1,1,1,1,1,0,1,1,0,1,1,1,1
1733,2.24110092586704,0.501513786314775,SC,2024-01-03,0,1,0,1,1,0,1,1,0,0,1,0,0,0,0,1,0,0
1734,2.30410058681852,0.3681101238092625,SC,2024-01-04,1,1,1,1,0,0,1,1,0,1,0,0,1,0,0,0,1,0
1735,0.929394414276299,0.2529125271452895,SC,2024-01-05,0,1,1,1,1,1,1,1,1,0,0,1,1,1,0,0,1,1
1736,NA,NA,SC,2024-01-06,NA,NA,NA,NA,NA,NA,NA,NA,NA,NA,NA,NA,NA,NA,NA,NA,NA,NA
1737,1.65686578109331,0.53332206529878,SC,2024-01-07,1,1,1,1,0,0,1,1,1,1,0,1,1,0,1,1,1,0
1738,0.973535344249596,0.1414057244061385,SC,2024-01-08,1,1,1,1,1,0,1,1,1,1,0,1,1,0,0,1,1,1
1739,0.0896958021192091,0.075751157299579,SC,2024-01-09,1,1,1,1,1,1,1,1,1,1,0,1,1,1,0,1,1,1
1740,1.93653156782293,0.4880030274033525,SC,2024-01-10,1,1,1,1,0,0,0,1,1,1,1,1,1,1,0,0,1,1
1741,0.611009875636261,0.331003865206003,SC,2024-01-11,1,1,1,1,1,1,1,1,1,1,1,1,1,1,1,1,1,1
1742,0.644800712151686,0.3362166823538875,SC,2024-01-12,1,1,1,1,0,1,1,1,1,1,1,1,1,0,0,1,1,1
1743,NA,NA,SC,2024-01-13,NA,NA,NA,NA,NA,NA,NA,NA,NA,NA,NA,NA,NA,NA,NA,NA,NA,NA
1744,NA,NA,SC,2024-01-14,NA,NA,NA,NA,NA,NA,NA,NA,NA,NA,NA,NA,NA,NA,NA,NA,NA,NA
1745,1.01022667149214,0.66325660019551,SC,2024-01-15,1,1,1,1,0,0,1,1,1,1,1,1,1,0,1,0,1,1
1746,0.277049459440572,0.03756104908366015,SC,2024-01-16,1,1,1,1,1,1,1,1,1,1,0,1,1,0,0,1,1,1
1747,NA,NA,SC,2024-01-17,NA,NA,NA,NA,NA,NA,NA,NA,NA,NA,NA,NA,NA,NA,NA,NA,NA,NA
1748,0.787494089405847,0.1831629434482805,SC,2024-01-18,1,1,1,0,1,1,1,1,1,1,1,1,1,1,1,1,1,1
1749,0.980054637847319,0.4120980727792415,SC,2024-01-19,1,0,1,1,1,1,1,1,1,1,0,1,1,1,0,1,1,1
1750,NA,NA,SC,2024-01-20,NA,NA,NA,NA,NA,NA,NA,NA,NA,NA,NA,NA,NA,NA,NA,NA,NA,NA
1751,NA,NA,SC,2024-01-21,NA,NA,NA,NA,NA,NA,NA,NA,NA,NA,NA,NA,NA,NA,NA,NA,NA,NA
1752,0.140005746039421,0.01925149053789365,SC,2024-01-22,1,1,1,1,1,1,1,1,1,1,1,1,1,1,1,1,1,1
1753,0.0608150543057615,0.01713900885393565,SC,2024-01-23,1,1,1,1,1,1,1,1,1,1,1,1,1,0,0,1,1,1
1754,1.23550575842065,0.850981796836055,SC,2024-01-24,1,1,1,1,1,0,1,1,0,1,1,1,1,1,0,1,1,0
1755,0.568224769112346,0.1442833346102745,SC,2024-01-25,1,1,1,1,1,1,1,1,1,1,1,1,1,0,0,1,1,1
1756,0.151547996680698,0.01201061617987595,SC,2024-01-26,1,1,1,1,1,1,1,1,1,1,1,1,1,0,0,1,1,1
1757,NA,NA,SC,2024-01-27,NA,NA,NA,NA,NA,NA,NA,NA,NA,NA,NA,NA,NA,NA,NA,NA,NA,NA
1758,1.18881858065239,0.829640692722075,SC,2024-01-28,1,1,1,1,0,0,1,1,1,1,1,1,1,0,0,1,1,1
1759,0.102696266216964,0.00834204925977285,SC,2024-01-29,1,1,1,1,1,1,1,1,1,1,1,1,1,0,0,1,1,1
1760,0.0571517412204605,0.00737522348666275,SC,2024-01-30,1,1,1,1,1,1,1,1,1,1,1,1,1,1,1,1,1,1
1761,0.0220540672813841,0.0065155865038874,SC,2024-01-31,1,1,1,1,1,1,1,1,1,1,1,1,1,1,0,1,1,0
1762,0.0208923373506468,0.00575217352187805,SC,2024-02-01,1,1,1,1,1,1,1,1,1,1,1,1,1,1,1,1,1,1
1763,1.13893796545117,0.30530994609757,SC,2024-02-02,1,0,1,1,1,0,1,1,1,1,0,1,1,1,0,1,1,1
1764,NA,NA,SC,2024-02-03,NA,NA,NA,NA,NA,NA,NA,NA,NA,NA,NA,NA,NA,NA,NA,NA,NA,NA
1765,1.3566889298722,0.631036353563355,SD,2023-12-24,0,0,1,1,1,1,1,1,1,0,0,1,1,0,1,0,1,1
1766,NA,NA,SD,2023-12-25,NA,NA,NA,NA,NA,NA,NA,NA,NA,NA,NA,NA,NA,NA,NA,NA,NA,NA
1767,1.2505602029882401,0.49733111088466597,SD,2023-12-26,1,1,0,1,0,1,1,1,0,1,1,0,1,1,0,1,0,0
1768,0.76307090062673,0.345818606426143,SD,2023-12-27,1,1,0,1,1,1,1,1,1,1,1,0,1,0,0,1,1,1
1769,1.53914003396281,0.486140709346134,SD,2023-12-28,0,1,0,1,1,1,1,1,0,0,1,0,1,0,0,1,1,0
1770,0.792393070031673,0.3904401486540945,SD,2023-12-29,1,1,1,1,1,1,1,1,0,1,1,1,1,0,0,1,1,0
1771,NA,NA,SD,2023-12-30,NA,NA,NA,NA,NA,NA,NA,NA,NA,NA,NA,NA,NA,NA,NA,NA,NA,NA
1772,NA,NA,SD,2023-12-31,NA,NA,NA,NA,NA,NA,NA,NA,NA,NA,NA,NA,NA,NA,NA,NA,NA,NA
1773,0.784816573468353,0.344474014457787,SD,2024-01-01,1,1,1,1,1,1,1,1,0,1,1,1,1,1,0,1,1,0
1774,0.998617240228977,0.285767162921278,SD,2024-01-02,1,0,1,1,1,1,1,1,1,1,0,1,1,1,0,1,1,1
1775,0.560972373077912,0.16226528482246,SD,2024-01-03,1,1,1,1,1,1,1,1,1,1,1,1,1,1,1,1,1,1
1776,0.86706314749441,0.413572092387569,SD,2024-01-04,1,1,1,1,1,1,1,0,1,1,1,1,1,1,0,1,0,1
1777,NA,NA,SD,2024-01-05,NA,NA,NA,NA,NA,NA,NA,NA,NA,NA,NA,NA,NA,NA,NA,NA,NA,NA
1778,NA,NA,SD,2024-01-06,NA,NA,NA,NA,NA,NA,NA,NA,NA,NA,NA,NA,NA,NA,NA,NA,NA,NA
1779,NA,NA,SD,2024-01-07,NA,NA,NA,NA,NA,NA,NA,NA,NA,NA,NA,NA,NA,NA,NA,NA,NA,NA
1780,NA,NA,SD,2024-01-08,NA,NA,NA,NA,NA,NA,NA,NA,NA,NA,NA,NA,NA,NA,NA,NA,NA,NA
1781,NA,NA,SD,2024-01-09,NA,NA,NA,NA,NA,NA,NA,NA,NA,NA,NA,NA,NA,NA,NA,NA,NA,NA
1782,NA,NA,SD,2024-01-10,NA,NA,NA,NA,NA,NA,NA,NA,NA,NA,NA,NA,NA,NA,NA,NA,NA,NA
1783,NA,NA,SD,2024-01-11,NA,NA,NA,NA,NA,NA,NA,NA,NA,NA,NA,NA,NA,NA,NA,NA,NA,NA
1784,NA,NA,SD,2024-01-12,NA,NA,NA,NA,NA,NA,NA,NA,NA,NA,NA,NA,NA,NA,NA,NA,NA,NA
1785,NA,NA,SD,2024-01-13,NA,NA,NA,NA,NA,NA,NA,NA,NA,NA,NA,NA,NA,NA,NA,NA,NA,NA
1786,NA,NA,SD,2024-01-14,NA,NA,NA,NA,NA,NA,NA,NA,NA,NA,NA,NA,NA,NA,NA,NA,NA,NA
1787,NA,NA,SD,2024-01-15,NA,NA,NA,NA,NA,NA,NA,NA,NA,NA,NA,NA,NA,NA,NA,NA,NA,NA
1788,0.0676646317235434,0.053926439854242,SD,2024-01-16,1,1,1,1,1,1,1,1,1,1,1,1,1,1,1,1,1,1
1789,2.00857264278829,0.53760648465146,SD,2024-01-17,1,1,1,1,1,0,1,1,0,1,1,1,1,1,0,1,1,0
1790,NA,NA,SD,2024-01-18,NA,NA,NA,NA,NA,NA,NA,NA,NA,NA,NA,NA,NA,NA,NA,NA,NA,NA
1791,0.0529126589413345,0.039977116019544,SD,2024-01-19,1,1,1,1,1,1,1,1,1,1,1,1,1,1,1,1,1,1
1792,NA,NA,SD,2024-01-20,NA,NA,NA,NA,NA,NA,NA,NA,NA,NA,NA,NA,NA,NA,NA,NA,NA,NA
1793,0.25029228699417,0.0324925611725875,SD,2024-01-21,1,1,1,1,1,1,1,1,1,1,1,1,1,1,1,1,1,1
1794,NA,NA,SD,2024-01-22,NA,NA,NA,NA,NA,NA,NA,NA,NA,NA,NA,NA,NA,NA,NA,NA,NA,NA
1795,NA,NA,SD,2024-01-23,NA,NA,NA,NA,NA,NA,NA,NA,NA,NA,NA,NA,NA,NA,NA,NA,NA,NA
1796,NA,NA,SD,2024-01-24,NA,NA,NA,NA,NA,NA,NA,NA,NA,NA,NA,NA,NA,NA,NA,NA,NA,NA
1797,NA,NA,SD,2024-01-25,NA,NA,NA,NA,NA,NA,NA,NA,NA,NA,NA,NA,NA,NA,NA,NA,NA,NA
1798,NA,NA,SD,2024-01-26,NA,NA,NA,NA,NA,NA,NA,NA,NA,NA,NA,NA,NA,NA,NA,NA,NA,NA
1799,NA,NA,SD,2024-01-27,NA,NA,NA,NA,NA,NA,NA,NA,NA,NA,NA,NA,NA,NA,NA,NA,NA,NA
1800,NA,NA,SD,2024-01-28,NA,NA,NA,NA,NA,NA,NA,NA,NA,NA,NA,NA,NA,NA,NA,NA,NA,NA
1801,NA,NA,SD,2024-01-29,NA,NA,NA,NA,NA,NA,NA,NA,NA,NA,NA,NA,NA,NA,NA,NA,NA,NA
1802,NA,NA,SD,2024-01-30,NA,NA,NA,NA,NA,NA,NA,NA,NA,NA,NA,NA,NA,NA,NA,NA,NA,NA
1803,1.27489106874459,0.88675033461234,SD,2024-01-31,1,1,1,1,1,0,1,1,0,1,1,1,1,1,0,1,1,0
1804,1.15262343069942,0.45107277290632,SD,2024-02-01,1,1,1,1,1,0,1,1,0,1,1,1,1,1,0,1,1,0
1805,NA,NA,SD,2024-02-02,NA,NA,NA,NA,NA,NA,NA,NA,NA,NA,NA,NA,NA,NA,NA,NA,NA,NA
1806,NA,NA,SD,2024-02-03,NA,NA,NA,NA,NA,NA,NA,NA,NA,NA,NA,NA,NA,NA,NA,NA,NA,NA
1807,0.744187886551975,0.340367939471366,TN,2023-12-24,1,1,1,1,1,1,0,1,1,1,1,0,1,0,0,0,1,1
1808,0.764448465573523,0.3932326136695135,TN,2023-12-25,1,0,1,1,1,1,1,1,1,1,0,1,1,0,0,0,1,1
1809,3.07573191727126,0.4200905280535805,TN,2023-12-26,0,1,0,1,1,0,1,1,1,0,0,1,1,0,0,1,0,1
1810,2.1876091343798,0.3320603241234075,TN,2023-12-27,1,1,1,1,0,1,1,1,1,1,0,1,1,0,0,0,1,0
1811,0.66132013926519,0.278616006231094,TN,2023-12-28,1,1,1,1,1,1,1,1,1,1,1,1,1,0,0,1,1,0
1812,2.22675303405116,0.1665074108820095,TN,2023-12-29,1,1,1,1,1,0,1,1,1,1,0,1,1,0,0,1,1,1
1813,1.30006337262697,0.4792573914128135,TN,2023-12-30,1,1,1,1,1,0,0,1,0,1,1,1,0,0,0,0,1,0
1814,0.956221904709876,0.347445530373796,TN,2023-12-31,1,1,1,1,0,1,1,1,1,1,0,1,1,0,0,1,1,1
1815,0.770250979532043,0.264579463533415,TN,2024-01-01,1,1,1,1,1,1,0,1,1,1,1,1,1,0,0,0,1,1
1816,2.33272137274246,0.381955886282265,TN,2024-01-02,1,1,0,1,1,0,1,1,1,1,0,0,1,0,0,1,1,0
1817,2.87297466309127,0.410380819208961,TN,2024-01-03,1,0,0,1,1,0,1,1,0,1,0,0,1,0,0,1,1,0
1818,0.788613738676613,0.2631608485797595,TN,2024-01-04,1,1,0,1,1,1,1,1,1,1,1,0,1,0,1,1,1,1
1819,0.558326254161114,0.072860339550191,TN,2024-01-05,1,1,1,1,1,1,1,1,1,1,1,1,1,0,0,1,1,1
1820,0.543603598790221,0.0662542648121735,TN,2024-01-06,1,1,1,1,1,1,1,1,1,0,0,1,1,1,0,1,1,1
1821,1.45740425625047,0.4088421770798135,TN,2024-01-07,1,0,1,1,0,0,1,1,1,1,0,1,1,1,0,1,1,1
1822,1.47894663537652,0.3669310401176735,TN,2024-01-08,1,0,1,1,1,0,1,0,1,1,1,1,1,0,0,1,0,1
1823,0.848134662388825,0.04925919850153765,TN,2024-01-09,1,1,1,1,1,0,1,1,1,1,1,1,1,1,0,1,1,0
1824,1.74392518449762,0.323968602340847,TN,2024-01-10,1,1,1,1,0,0,1,1,0,1,1,0,1,0,0,1,1,0
1825,2.17848756815077,0.74434232582406,TN,2024-01-11,1,1,0,1,1,0,1,1,0,1,0,0,1,1,0,1,1,0
1826,0.0551740429884169,0.03606284447717915,TN,2024-01-12,1,1,1,1,1,1,1,1,1,1,1,1,1,1,1,1,1,1
1827,0.0532530177133679,0.03240221007948835,TN,2024-01-13,1,1,1,1,1,1,1,1,1,1,1,1,1,1,1,1,1,1
1828,0.151614495894051,0.02907169933258735,TN,2024-01-14,1,1,1,1,1,1,1,1,1,1,1,1,1,0,0,1,1,1
1829,2.54856649482506,0.752112247569655,TN,2024-01-15,1,1,0,1,0,0,1,1,1,1,1,0,1,0,0,1,1,1
1830,1.00569619276689,0.4297473742364325,TN,2024-01-16,1,1,1,0,1,1,1,1,1,1,1,1,0,1,0,1,1,1
1831,0.33405805142603,0.02083320013849395,TN,2024-01-17,1,1,1,1,1,1,1,1,1,1,1,1,0,1,0,1,1,1
1832,0.100475963837886,0.01859883201254945,TN,2024-01-18,1,1,1,1,1,1,1,1,1,1,1,1,1,1,1,1,1,1
1833,0.478692612249796,0.1670509975435665,TN,2024-01-19,1,1,1,1,1,1,1,1,1,1,1,1,1,0,0,1,1,1
1834,0.024138065735189,0.01477658568892445,TN,2024-01-20,1,1,1,1,1,1,1,1,1,1,1,1,1,1,0,0,1,1
1835,0.572201192907033,0.208054371957698,TN,2024-01-21,1,1,1,1,1,1,1,1,1,1,1,1,1,0,1,0,1,1
1836,NA,NA,TN,2024-01-22,NA,NA,NA,NA,NA,NA,NA,NA,NA,NA,NA,NA,NA,NA,NA,NA,NA,NA
1837,0.121815430316911,0.0103919989900315,TN,2024-01-23,1,1,1,1,1,1,1,1,1,1,1,1,1,0,0,1,1,1
1838,0.671904960090614,0.2131381069809965,TN,2024-01-24,1,1,1,1,1,1,1,1,1,1,1,1,1,0,0,1,1,1
1839,0.295811114941522,0.00818625149581965,TN,2024-01-25,1,1,1,1,1,1,1,1,1,1,1,1,1,0,0,1,1,1
1840,0.136815027918888,0.00725843339665535,TN,2024-01-26,1,1,1,1,1,1,1,1,1,1,1,1,1,1,0,1,0,1
1841,0.0364236817156709,0.00643193197667965,TN,2024-01-27,1,1,1,1,1,1,1,1,1,1,1,1,1,1,1,1,1,1
1842,0.0327921861668732,0.00569642996582235,TN,2024-01-28,1,1,1,1,1,1,1,1,1,1,1,1,1,1,1,1,1,1
1843,1.09115171632818,0.308935439270643,TN,2024-01-29,1,1,1,1,1,1,1,1,0,1,1,1,1,1,0,1,1,0
1844,0.0901352920917226,0.00446167086195064,TN,2024-01-30,1,1,1,1,1,1,1,1,1,1,1,1,1,0,0,1,1,1
1845,0.1799913329649,0.00394612415700862,TN,2024-01-31,1,1,1,1,1,1,1,1,1,1,1,1,1,1,1,1,1,1
1846,0.0223071202936796,0.00348888221365394,TN,2024-02-01,1,1,1,1,1,1,1,1,1,1,1,1,1,1,1,1,1,1
1847,0.00559161656695729,0.003083628491324895,TN,2024-02-02,1,1,1,1,1,1,1,1,1,1,1,1,1,1,1,1,1,1
1848,0.0377242337982847,0.002724676998078825,TN,2024-02-03,1,1,1,1,1,1,1,1,1,1,1,1,1,0,0,1,1,1
1849,0.517805862947166,0.1321680560083395,TX,2023-12-24,1,1,1,1,1,1,1,1,1,1,1,1,0,0,0,1,1,1
1850,NA,NA,TX,2023-12-25,NA,NA,NA,NA,NA,NA,NA,NA,NA,NA,NA,NA,NA,NA,NA,NA,NA,NA
1851,1.76363612225913,0.404936115401906,TX,2023-12-26,1,1,0,1,1,1,1,0,1,1,1,0,1,0,0,1,0,0
1852,1.37476536877323,0.3554919611192915,TX,2023-12-27,1,1,0,1,1,1,1,0,1,1,1,0,0,0,0,0,0,1
1853,1.83932131154989,0.334074336735734,TX,2023-12-28,0,1,1,1,0,1,1,1,1,1,1,1,1,0,0,1,1,1
1854,0.86455177982825,0.351629673380565,TX,2023-12-29,1,1,0,1,1,1,1,1,1,1,1,0,1,1,1,1,1,0
1855,0.812196453492151,0.554166946891225,TX,2023-12-30,1,1,1,1,0,1,1,1,1,1,1,1,1,1,1,1,1,1
1856,NA,NA,TX,2023-12-31,NA,NA,NA,NA,NA,NA,NA,NA,NA,NA,NA,NA,NA,NA,NA,NA,NA,NA
1857,0.73939232958246,0.2775963534855305,TX,2024-01-01,1,1,1,1,1,1,0,1,1,1,1,1,1,1,0,0,1,1
1858,1.89434318089762,0.3020066560039675,TX,2024-01-02,1,1,0,1,0,1,0,0,1,1,1,0,1,0,0,0,0,1
1859,1.45983349369999,0.0526323936430805,TX,2024-01-03,1,1,1,1,1,0,1,1,1,1,1,1,1,0,0,0,1,1
1860,0.197837978837124,0.04743733881619025,TX,2024-01-04,1,1,1,1,1,1,1,1,1,1,0,1,1,1,0,1,1,1
1861,0.89137305116459,0.217880193541731,TX,2024-01-05,1,1,1,1,0,1,1,1,1,1,1,1,1,0,0,1,1,1
1862,0.840237437808102,0.2845284571170805,TX,2024-01-06,1,0,1,1,1,1,1,1,1,1,0,1,1,1,0,1,1,1
1863,NA,NA,TX,2024-01-07,NA,NA,NA,NA,NA,NA,NA,NA,NA,NA,NA,NA,NA,NA,NA,NA,NA,NA
1864,2.16564561958808,0.247130416128678,TX,2024-01-08,1,1,0,1,1,0,1,0,1,0,1,0,1,0,1,1,0,1
1865,0.70924105223048,0.090208862264828,TX,2024-01-09,1,1,1,1,1,1,1,1,1,1,0,1,0,0,0,1,1,1
1866,0.541667284061329,0.201346284384426,TX,2024-01-10,1,1,1,1,1,1,1,1,1,1,1,1,1,1,1,1,1,1
1867,0.897400712091719,0.02185080513137495,TX,2024-01-11,1,1,1,1,1,0,1,1,1,1,1,1,1,1,1,1,1,1
1868,0.896973233875524,0.1008934363123705,TX,2024-01-12,1,0,1,1,1,1,1,1,1,1,0,1,1,0,0,1,1,1
1869,0.0731977745755858,0.01728448113551455,TX,2024-01-13,1,1,1,1,1,1,1,1,1,1,1,1,1,1,1,1,1,1
1870,0.392696556469288,0.015345506893467,TX,2024-01-14,1,1,1,1,1,1,1,1,1,1,1,1,1,0,0,1,1,1
1871,0.183186311355062,0.0136092897114699,TX,2024-01-15,1,1,1,1,1,1,1,1,1,1,1,1,1,1,1,1,1,1
1872,1.01372750130344,0.17701897370468,TX,2024-01-16,1,0,1,1,1,1,1,1,1,1,0,1,1,1,1,1,0,1
1873,1.65896638337061,0.1680850173798465,TX,2024-01-17,1,1,1,1,1,1,1,1,0,1,1,1,1,0,0,1,1,0
1874,1.56759493095288,0.347356060100861,TX,2024-01-18,1,1,1,1,0,0,1,0,1,1,1,1,1,0,0,1,0,1
1875,3.06087585995446,0.302171385751231,TX,2024-01-19,1,1,1,1,1,0,1,1,0,1,1,1,1,1,0,1,1,0
1876,0.284404311390346,0.0073635428894931,TX,2024-01-20,1,1,1,1,1,1,1,1,1,1,1,1,1,1,0,1,0,1
1877,3.77052453168025,0.704383462610735,TX,2024-01-21,1,0,1,1,0,0,1,1,0,1,0,1,1,0,0,1,1,0
1878,3.29177746106134,0.184543157058011,TX,2024-01-22,0,1,1,1,1,0,1,1,0,0,1,1,1,1,0,1,1,0
1879,1.11340701720744,0.11358117753601,TX,2024-01-23,1,1,1,1,0,1,1,1,1,1,1,1,1,0,0,1,1,1
1880,0.282781543457275,0.00444714234049829,TX,2024-01-24,1,1,1,1,1,1,1,1,1,1,1,1,1,1,1,1,1,1
1881,0.867275325671331,0.087468515057059,TX,2024-01-25,1,1,1,1,1,1,1,1,0,1,1,1,1,0,1,1,1,0
1882,0.256196611220331,0.003445349027956755,TX,2024-01-26,1,1,1,1,1,1,1,1,1,1,1,1,1,1,1,1,1,1
1883,NA,NA,TX,2024-01-27,NA,NA,NA,NA,NA,NA,NA,NA,NA,NA,NA,NA,NA,NA,NA,NA,NA,NA
1884,NA,NA,TX,2024-01-28,NA,NA,NA,NA,NA,NA,NA,NA,NA,NA,NA,NA,NA,NA,NA,NA,NA,NA
1885,1.44738578369673,0.106534251221461,TX,2024-01-29,1,1,0,1,1,1,1,1,0,1,1,0,1,1,0,1,1,0
1886,3.25577912186937,0.1578565001772005,TX,2024-01-30,1,0,1,1,1,0,1,0,0,1,0,1,1,0,0,1,0,0
1887,0.854264055439434,0.0468168914685813,TX,2024-01-31,1,1,1,1,1,1,1,1,0,1,1,1,1,1,0,0,0,0
1888,0.517200388252639,0.03591356534875255,TX,2024-02-01,1,1,1,1,1,1,1,1,1,1,1,1,1,1,1,1,1,1
1889,0.861096074030155,0.0467232811363894,TX,2024-02-02,1,1,1,1,1,1,1,1,0,1,1,1,1,0,0,1,1,0
1890,0.0248195904770892,0.00122585047194941,TX,2024-02-03,1,1,1,1,1,1,1,1,1,1,1,1,1,1,1,1,1,1
1891,NA,NA,UT,2023-12-24,NA,NA,NA,NA,NA,NA,NA,NA,NA,NA,NA,NA,NA,NA,NA,NA,NA,NA
1892,NA,NA,UT,2023-12-25,NA,NA,NA,NA,NA,NA,NA,NA,NA,NA,NA,NA,NA,NA,NA,NA,NA,NA
1893,0.7546477496621,0.3889039275421625,UT,2023-12-26,1,1,0,1,1,1,1,1,1,1,1,0,1,0,0,1,1,1
1894,0.299384683536192,0.1802929942187705,UT,2023-12-27,1,1,1,1,1,1,1,1,1,1,1,1,1,0,0,1,1,1
1895,NA,NA,UT,2023-12-28,NA,NA,NA,NA,NA,NA,NA,NA,NA,NA,NA,NA,NA,NA,NA,NA,NA,NA
1896,NA,NA,UT,2023-12-29,NA,NA,NA,NA,NA,NA,NA,NA,NA,NA,NA,NA,NA,NA,NA,NA,NA,NA
1897,NA,NA,UT,2023-12-30,NA,NA,NA,NA,NA,NA,NA,NA,NA,NA,NA,NA,NA,NA,NA,NA,NA,NA
1898,NA,NA,UT,2023-12-31,NA,NA,NA,NA,NA,NA,NA,NA,NA,NA,NA,NA,NA,NA,NA,NA,NA,NA
1899,NA,NA,UT,2024-01-01,NA,NA,NA,NA,NA,NA,NA,NA,NA,NA,NA,NA,NA,NA,NA,NA,NA,NA
1900,1.29271802463484,0.4325000655832235,UT,2024-01-02,1,1,1,1,0,1,1,1,0,0,1,1,1,0,0,1,1,0
1901,0.526965841057697,0.1068943575318205,UT,2024-01-03,1,1,1,1,1,1,1,1,1,1,1,1,1,0,0,1,1,1
1902,1.40473961967315,0.50595909950088,UT,2024-01-04,1,1,1,1,0,0,1,1,1,1,0,1,1,0,1,1,1,1
1903,2.18207383325585,0.3064085122290805,UT,2024-01-05,1,1,1,1,0,1,1,1,1,1,0,0,1,1,0,1,1,1
1904,NA,NA,UT,2024-01-06,NA,NA,NA,NA,NA,NA,NA,NA,NA,NA,NA,NA,NA,NA,NA,NA,NA,NA
1905,NA,NA,UT,2024-01-07,NA,NA,NA,NA,NA,NA,NA,NA,NA,NA,NA,NA,NA,NA,NA,NA,NA,NA
1906,0.488500430561243,0.3206903486038755,UT,2024-01-08,1,1,1,1,1,1,1,1,1,1,1,1,1,1,1,1,1,1
1907,NA,NA,UT,2024-01-09,NA,NA,NA,NA,NA,NA,NA,NA,NA,NA,NA,NA,NA,NA,NA,NA,NA,NA
1908,NA,NA,UT,2024-01-10,NA,NA,NA,NA,NA,NA,NA,NA,NA,NA,NA,NA,NA,NA,NA,NA,NA,NA
1909,NA,NA,UT,2024-01-11,NA,NA,NA,NA,NA,NA,NA,NA,NA,NA,NA,NA,NA,NA,NA,NA,NA,NA
1910,NA,NA,UT,2024-01-12,NA,NA,NA,NA,NA,NA,NA,NA,NA,NA,NA,NA,NA,NA,NA,NA,NA,NA
1911,NA,NA,UT,2024-01-13,NA,NA,NA,NA,NA,NA,NA,NA,NA,NA,NA,NA,NA,NA,NA,NA,NA,NA
1912,NA,NA,UT,2024-01-14,NA,NA,NA,NA,NA,NA,NA,NA,NA,NA,NA,NA,NA,NA,NA,NA,NA,NA
1913,NA,NA,UT,2024-01-15,NA,NA,NA,NA,NA,NA,NA,NA,NA,NA,NA,NA,NA,NA,NA,NA,NA,NA
1914,NA,NA,UT,2024-01-16,NA,NA,NA,NA,NA,NA,NA,NA,NA,NA,NA,NA,NA,NA,NA,NA,NA,NA
1915,NA,NA,UT,2024-01-17,NA,NA,NA,NA,NA,NA,NA,NA,NA,NA,NA,NA,NA,NA,NA,NA,NA,NA
1916,NA,NA,UT,2024-01-18,NA,NA,NA,NA,NA,NA,NA,NA,NA,NA,NA,NA,NA,NA,NA,NA,NA,NA
1917,0.142131019793207,0.0224293931694536,UT,2024-01-19,1,1,1,1,1,1,1,1,1,1,1,1,1,0,0,1,1,1
1918,NA,NA,UT,2024-01-20,NA,NA,NA,NA,NA,NA,NA,NA,NA,NA,NA,NA,NA,NA,NA,NA,NA,NA
1919,NA,NA,UT,2024-01-21,NA,NA,NA,NA,NA,NA,NA,NA,NA,NA,NA,NA,NA,NA,NA,NA,NA,NA
1920,0.0312692800367008,0.01604027644469545,UT,2024-01-22,1,1,1,1,1,1,1,1,1,1,1,1,1,1,1,1,1,1
1921,NA,NA,UT,2024-01-23,NA,NA,NA,NA,NA,NA,NA,NA,NA,NA,NA,NA,NA,NA,NA,NA,NA,NA
1922,NA,NA,UT,2024-01-24,NA,NA,NA,NA,NA,NA,NA,NA,NA,NA,NA,NA,NA,NA,NA,NA,NA,NA
1923,0.0885342089493032,0.0113655516967063,UT,2024-01-25,1,1,1,1,1,1,1,1,1,1,1,1,1,0,0,1,1,1
1924,NA,NA,UT,2024-01-26,NA,NA,NA,NA,NA,NA,NA,NA,NA,NA,NA,NA,NA,NA,NA,NA,NA,NA
1925,NA,NA,UT,2024-01-27,NA,NA,NA,NA,NA,NA,NA,NA,NA,NA,NA,NA,NA,NA,NA,NA,NA,NA
1926,NA,NA,UT,2024-01-28,NA,NA,NA,NA,NA,NA,NA,NA,NA,NA,NA,NA,NA,NA,NA,NA,NA,NA
1927,NA,NA,UT,2024-01-29,NA,NA,NA,NA,NA,NA,NA,NA,NA,NA,NA,NA,NA,NA,NA,NA,NA,NA
1928,NA,NA,UT,2024-01-30,NA,NA,NA,NA,NA,NA,NA,NA,NA,NA,NA,NA,NA,NA,NA,NA,NA,NA
1929,NA,NA,UT,2024-01-31,NA,NA,NA,NA,NA,NA,NA,NA,NA,NA,NA,NA,NA,NA,NA,NA,NA,NA
1930,NA,NA,UT,2024-02-01,NA,NA,NA,NA,NA,NA,NA,NA,NA,NA,NA,NA,NA,NA,NA,NA,NA,NA
1931,0.0315876903189299,0.00438507015830488,UT,2024-02-02,1,1,1,1,1,1,1,1,1,1,1,1,1,1,1,1,1,1
1932,NA,NA,UT,2024-02-03,NA,NA,NA,NA,NA,NA,NA,NA,NA,NA,NA,NA,NA,NA,NA,NA,NA,NA
1933,2.65217498520824,0.4187299417771385,VA,2023-12-24,1,0,1,1,0,0,1,1,1,0,0,1,0,0,0,1,1,1
1934,1.08470126747539,0.389274195311696,VA,2023-12-25,1,1,1,1,1,1,0,1,1,1,1,0,1,1,0,0,1,0
1935,2.25942008076198,0.313675168082591,VA,2023-12-26,1,1,0,1,1,1,1,1,1,1,1,0,1,0,0,1,1,1
1936,2.30571472590542,0.35321281040906,VA,2023-12-27,0,0,1,0,1,1,1,1,1,0,0,0,1,0,0,0,1,1
1937,2.72378936950591,0.3212062254620635,VA,2023-12-28,1,0,1,0,1,1,1,1,0,1,0,1,0,1,0,0,0,0
1938,4.44362275459723,0.199192849066012,VA,2023-12-29,1,1,1,1,0,0,1,1,1,1,1,0,1,0,0,0,1,0
1939,0.841650025231712,0.229978861787726,VA,2023-12-30,1,1,1,1,1,1,1,1,1,1,1,1,1,0,0,1,1,1
1940,0.56902082329329,0.179521714245735,VA,2023-12-31,1,1,1,1,1,1,1,1,1,1,1,1,1,0,0,1,1,1
1941,2.01691124611834,0.504334465568905,VA,2024-01-01,0,1,1,1,1,0,1,1,0,0,1,0,1,0,0,1,0,0
1942,2.01000039732431,0.249676693564055,VA,2024-01-02,0,1,0,1,1,1,1,1,1,0,1,0,1,1,0,1,1,0
1943,4.85140560848154,0.374901295504576,VA,2024-01-03,1,0,1,1,0,0,1,1,1,1,0,1,1,1,0,1,1,1
1944,1.93739876030854,0.1929826708105095,VA,2024-01-04,0,1,1,1,1,1,1,1,1,0,1,1,1,1,1,0,1,1
1945,2.29172032966947,0.146028824908791,VA,2024-01-05,1,1,1,1,1,0,1,1,0,1,1,0,1,0,0,1,1,0
1946,0.259123891176092,0.0592870747427865,VA,2024-01-06,1,1,1,1,1,1,1,1,1,1,1,1,1,1,1,1,1,1
1947,0.0762543527643468,0.0535829261830895,VA,2024-01-07,1,1,1,1,1,1,1,1,1,1,1,1,1,1,1,1,1,1
1948,0.843973113445377,0.234547668411612,VA,2024-01-08,1,1,1,1,1,1,0,1,1,1,1,1,1,0,0,0,1,1
1949,1.96256734194542,0.228034321216017,VA,2024-01-09,1,1,1,1,0,1,1,0,0,1,1,1,1,0,0,1,0,0
1950,2.29770739736746,0.1315619367982335,VA,2024-01-10,1,1,0,1,0,0,1,1,0,0,0,0,0,0,0,0,0,1
1951,4.24669925485285,0.402013517943154,VA,2024-01-11,1,0,1,0,1,0,1,0,0,1,0,1,0,0,0,1,0,0
1952,0.649124496892935,0.163018278842382,VA,2024-01-12,1,1,1,1,1,1,1,1,1,0,1,1,1,1,0,1,1,1
1953,1.24214123220459,0.2986937449492775,VA,2024-01-13,1,1,1,1,0,1,1,1,1,1,1,1,1,0,0,1,1,1
1954,1.30364015965651,0.0920369434477005,VA,2024-01-14,1,1,1,1,1,1,1,1,0,1,0,1,1,0,0,1,0,0
1955,3.01265935906214,0.373091191472066,VA,2024-01-15,1,1,1,1,1,0,1,0,0,1,1,1,1,1,0,1,0,0
1956,1.78219839918811,0.1942072537047855,VA,2024-01-16,1,1,0,1,1,1,1,1,1,1,1,0,1,0,0,1,1,1
1957,1.0636462154809,0.0590699190521645,VA,2024-01-17,1,1,1,1,1,0,1,1,1,1,1,1,1,0,0,1,1,1
1958,1.87060243314797,0.085701316552542,VA,2024-01-18,1,1,0,1,0,1,1,1,1,1,1,0,1,0,0,1,1,1
1959,0.862848153365461,0.1155827380765125,VA,2024-01-19,1,1,1,1,1,1,1,1,0,1,1,1,1,0,0,1,1,0
1960,0.555995982604979,0.0124629403276782,VA,2024-01-20,1,1,1,1,1,1,1,1,1,1,1,0,1,1,0,1,1,1
1961,0.864661595580267,0.097364358510729,VA,2024-01-21,1,1,1,1,1,1,1,0,1,1,1,1,1,0,1,1,0,1
1962,0.486107754638877,0.0637649806501465,VA,2024-01-22,1,1,1,1,1,1,1,1,1,1,1,1,1,0,0,1,0,1
1963,1.33686517354225,0.0086545811754432,VA,2024-01-23,1,1,1,1,1,0,1,1,1,1,1,1,1,1,1,1,1,1
1964,5.65383362502649,0.3310525015945055,VA,2024-01-24,1,1,0,0,1,0,0,1,1,1,1,0,0,0,0,0,1,1
1965,1.90007585658678,0.229095829244831,VA,2024-01-25,1,1,1,1,1,0,0,1,1,1,1,1,1,1,0,0,1,1
1966,0.9014649823689,0.0813760072910215,VA,2024-01-26,1,0,1,1,1,1,1,1,1,1,0,1,1,1,0,1,1,1
1967,1.83482990619341,0.29217535084309,VA,2024-01-27,1,1,1,1,0,0,1,1,1,1,1,1,1,0,0,0,1,1
1968,0.293600798139361,0.00464482632025358,VA,2024-01-28,1,1,1,1,1,1,1,1,1,1,1,1,1,0,0,1,1,1
1969,0.459751938120233,0.0838525266059535,VA,2024-01-29,1,1,1,1,1,1,1,1,1,1,1,1,1,0,0,1,1,1
1970,0.82925196829288494,0.0611078355941665,VA,2024-01-30,1,1,1,1,1,1,1,0,1,1,1,1,1,1,0,1,0,1
1971,0.369927836195373,0.00317679900123598,VA,2024-01-31,1,1,1,1,1,1,1,1,1,1,1,0,1,1,0,1,1,1
1972,0.17965749181124,0.0027966894883895,VA,2024-02-01,1,1,1,1,1,1,1,1,1,1,1,1,1,1,1,1,1,1
1973,1.22844825195712,0.1176671714014145,VA,2024-02-02,1,1,1,0,1,0,1,1,1,1,1,1,0,0,0,1,1,0
1974,0.0963132312866427,0.002165345925417215,VA,2024-02-03,1,1,1,1,1,1,1,1,1,1,1,1,1,0,0,1,1,1
1975,1.90727119231732,0.3170964122960585,VT,2023-12-24,1,0,0,1,0,1,1,1,1,1,0,0,1,0,1,1,1,0
1976,1.01927163469316,0.2588763112125215,VT,2023-12-25,1,1,1,1,1,1,1,1,0,1,1,1,1,0,0,0,0,0
1977,0.487419951044252,0.201892987059445,VT,2023-12-26,1,1,1,1,1,1,1,1,1,1,1,1,1,1,1,1,1,1
1978,1.02504297682666,0.72711070185394,VT,2023-12-27,1,1,1,1,1,1,1,1,0,1,1,1,1,1,0,1,1,0
1979,0.577552016586197,0.3430473639243555,VT,2023-12-28,1,1,1,1,1,1,1,1,1,1,1,1,1,0,1,1,0,1
1980,0.0795176929745575,0.052849826795109,VT,2023-12-29,1,1,1,1,1,1,1,1,1,1,1,1,1,1,1,1,1,1
1981,0.925304617832427,0.65991807889896,VT,2023-12-30,1,1,1,1,0,1,1,1,1,1,1,1,1,0,1,0,1,1
1982,NA,NA,VT,2023-12-31,NA,NA,NA,NA,NA,NA,NA,NA,NA,NA,NA,NA,NA,NA,NA,NA,NA,NA
1983,NA,NA,VT,2024-01-01,NA,NA,NA,NA,NA,NA,NA,NA,NA,NA,NA,NA,NA,NA,NA,NA,NA,NA
1984,NA,NA,VT,2024-01-02,NA,NA,NA,NA,NA,NA,NA,NA,NA,NA,NA,NA,NA,NA,NA,NA,NA,NA
1985,2.67950716291397,0.436061051422752,VT,2024-01-03,1,1,1,1,0,0,1,1,0,1,0,1,1,0,0,1,1,0
1986,1.01254572493263,0.2045007339627085,VT,2024-01-04,1,1,1,1,0,1,1,1,1,1,1,1,1,0,1,0,0,1
1987,1.6918402030978,0.321159788412004,VT,2024-01-05,1,1,0,1,1,0,1,0,0,1,1,0,1,1,0,1,0,0
1988,0.967836531690086,0.2155327100500425,VT,2024-01-06,1,1,0,1,1,1,1,1,1,1,1,0,1,0,0,1,1,1
1989,0.339283256153153,0.01988618494027335,VT,2024-01-07,1,1,1,1,1,1,1,1,1,1,1,1,1,1,0,1,0,1
1990,0.77255898987395,0.1341474791377835,VT,2024-01-08,1,1,1,1,1,1,1,0,1,1,1,1,1,0,1,1,0,1
1991,2.78231354419712,0.368003486514937,VT,2024-01-09,1,1,1,1,0,0,1,0,1,1,1,1,1,0,0,1,0,1
1992,1.20658875627598,0.333485001420568,VT,2024-01-10,1,1,1,1,1,0,0,1,1,1,1,1,1,0,0,0,1,1
1993,0.0699749824928971,0.01247516971934265,VT,2024-01-11,1,1,1,1,1,1,1,1,1,1,1,1,1,1,1,1,1,1
1994,1.12801162562267,0.15395862833015,VT,2024-01-12,1,1,1,1,1,1,1,0,0,1,1,1,1,0,1,0,0,0
1995,1.4979170654496,0.3497718538245145,VT,2024-01-13,1,1,1,1,0,0,1,1,0,1,1,1,1,0,0,1,1,0
1996,2.53861928840962,0.655813377739695,VT,2024-01-14,1,1,0,1,0,0,1,0,1,1,1,0,1,0,0,1,0,1
1997,0.792473618068249,0.2201069391138765,VT,2024-01-15,1,1,1,1,0,1,1,1,1,1,1,1,1,1,1,1,1,1
1998,0.0373429610877895,0.0068430265191273,VT,2024-01-16,1,1,1,1,1,1,1,1,1,1,1,1,1,1,1,1,1,1
1999,0.765561626316773,0.1795519139697025,VT,2024-01-17,1,1,1,1,0,1,1,1,1,1,1,1,1,0,0,0,0,1
2000,0.0073972137252326,0.0053609096893644,VT,2024-01-18,1,1,1,1,1,1,1,1,1,1,1,1,1,1,1,1,1,1
2001,0.00732571108787573,0.004742050554834485,VT,2024-01-19,1,1,1,1,1,1,1,1,1,1,1,1,1,1,1,1,1,1
2002,0.00708498365640349,0.004193182842186865,VT,2024-01-20,1,1,1,1,1,1,1,1,1,1,1,1,1,1,1,1,1,1
2003,0.020913313307121,0.00370673178157956,VT,2024-01-21,1,1,1,1,1,1,1,1,1,1,1,1,1,1,1,1,1,1
2004,0.0656758757565319,0.003275872681886095,VT,2024-01-22,1,1,1,1,1,1,1,1,1,1,1,1,1,1,1,1,1,1
2005,0.983655971262665,0.158147054557576,VT,2024-01-23,1,1,0,1,1,1,1,1,1,1,1,0,1,1,0,1,1,1
2006,2.56450479578108,0.397312551327781,VT,2024-01-24,1,1,1,1,0,0,0,1,0,1,1,1,1,0,0,0,1,1
2007,2.16191229782743,0.309238772284815,VT,2024-01-25,1,1,1,1,0,0,1,1,1,1,1,1,1,0,0,1,1,1
2008,1.08216898906506,0.1906521391502275,VT,2024-01-26,1,1,0,1,1,1,1,1,1,1,1,0,1,1,0,1,1,1
2009,0.0367830710554881,0.001761649820433425,VT,2024-01-27,1,1,1,1,1,1,1,1,1,1,1,1,1,1,1,1,1,1
2010,1.07288264761257,0.2353049363229475,VT,2024-01-28,1,1,1,1,0,0,1,1,1,1,1,1,1,0,0,1,1,1
2011,1.17932356927601,0.2394712394487545,VT,2024-01-29,1,0,1,1,1,0,1,1,1,1,0,1,1,1,0,1,1,1
2012,0.015229447929882,0.00121317891445406,VT,2024-01-30,1,1,1,1,1,1,1,1,1,1,1,1,1,1,1,1,1,1
2013,0.0222450867378444,0.001071376226254355,VT,2024-01-31,1,1,1,1,1,1,1,1,1,1,1,1,1,1,1,1,1,1
2014,0.0197636667042544,9.4620261496213e-4,VT,2024-02-01,1,1,1,1,1,1,1,1,1,1,1,1,1,1,1,1,1,1
2015,0.0152899444622244,8.3571964121291e-4,VT,2024-02-02,1,1,1,1,1,1,1,1,1,1,1,1,1,1,1,1,1,1
2016,0.00100977677069321,7.3821029770373e-4,VT,2024-02-03,1,1,1,1,1,1,1,1,1,1,1,1,1,1,1,1,1,1
2017,1.0608772515251499,0.361474857182351,WA,2023-12-24,0,1,1,1,1,1,0,1,1,0,1,1,1,1,0,0,1,0
2018,0.830405459018531,0.222246110792493,WA,2023-12-25,1,1,1,1,1,1,1,1,1,1,1,1,1,0,0,1,1,1
2019,0.936567263698945,0.248522526496531,WA,2023-12-26,1,1,1,1,1,1,1,0,1,0,1,1,1,1,1,1,0,1
2020,1.25730995492346,0.333470013653158,WA,2023-12-27,1,0,1,1,1,1,1,1,1,0,0,1,1,0,0,1,0,1
2021,2.53968659754714,0.1824953045466905,WA,2023-12-28,1,1,1,1,1,0,1,1,1,1,1,1,0,0,0,0,0,0
2022,1.47300889031563,0.2101720695906865,WA,2023-12-29,1,1,1,1,1,1,1,1,1,1,1,0,1,0,0,0,0,1
2023,2.12695401844144,0.1243298831089115,WA,2023-12-30,1,1,1,1,1,0,1,1,1,1,1,1,1,0,0,0,0,1
2024,0.802820457349967,0.182972665246163,WA,2023-12-31,1,1,1,1,1,1,1,1,1,1,1,1,1,0,0,1,1,1
2025,1.42008432508839,0.308321887305083,WA,2024-01-01,1,1,1,1,0,1,1,1,0,1,1,1,1,1,0,1,1,0
2026,3.39364771907925,0.332061141023793,WA,2024-01-02,1,0,1,1,0,0,1,1,1,1,1,0,0,0,0,0,1,0
2027,1.76688215072662,0.262204519621136,WA,2024-01-03,1,1,1,1,1,1,1,0,1,1,1,1,0,0,0,0,0,0
2028,3.4779034851721,0.3188154914205335,WA,2024-01-04,1,1,1,0,0,0,1,1,1,1,0,1,0,0,0,1,0,1
2029,1.24037253336016,0.18580009864580951,WA,2024-01-05,1,1,1,1,1,1,1,1,1,1,1,0,1,0,0,1,1,1
2030,1.68806713933576,0.2596036905145095,WA,2024-01-06,1,1,1,0,1,1,1,1,1,1,1,0,0,0,0,1,1,1
2031,0.388412814866459,0.1643223887720625,WA,2024-01-07,1,1,1,1,1,1,1,1,1,1,1,1,1,1,0,1,1,0
2032,4.9248455135154,0.4410354205006205,WA,2024-01-08,0,1,0,1,1,0,0,1,0,0,1,0,1,0,0,0,0,0
2033,1.11430453066996,0.1610066266615285,WA,2024-01-09,1,1,1,1,1,1,1,1,0,1,1,0,1,0,0,0,0,0
2034,1.4599881507144301,0.1996522516548235,WA,2024-01-10,1,1,1,1,1,1,0,1,1,1,1,1,1,0,0,0,1,0
2035,1.87289699646189,0.2013064583181885,WA,2024-01-11,1,1,1,1,0,1,1,1,1,1,1,1,1,0,0,1,1,1
2036,3.9228759478669,0.28519911781423,WA,2024-01-12,1,1,1,0,0,0,1,1,0,1,1,1,0,0,0,1,0,0
2037,0.798835529650195,0.1738286875279125,WA,2024-01-13,1,1,1,1,1,1,1,0,1,1,1,1,1,0,0,1,1,1
2038,0.681349880903324,0.0162418452748763,WA,2024-01-14,1,1,1,1,1,1,1,1,1,1,1,1,1,1,1,1,1,1
2039,0.846708061399899,0.143537195643083,WA,2024-01-15,1,1,1,1,0,1,1,1,1,1,1,1,1,0,0,1,1,1
2040,1.1874892741674,0.164848098286185,WA,2024-01-16,1,0,1,1,1,1,1,1,1,1,0,1,1,0,1,0,0,1
2041,0.609478078172444,0.0646185170887365,WA,2024-01-17,1,1,1,1,1,1,1,1,1,1,1,1,1,0,0,0,1,1
2042,0.762165791550801,0.1170523039625025,WA,2024-01-18,1,1,1,1,1,1,1,0,1,1,1,1,1,0,1,1,0,1
2043,0.455079576814061,0.1004497861526935,WA,2024-01-19,1,1,1,1,1,1,1,1,1,1,1,1,1,0,0,1,1,1
2044,0.452642811755578,0.0837129123974005,WA,2024-01-20,1,1,1,1,1,1,1,1,1,1,1,1,1,0,0,1,1,1
2045,0.579162547014131,0.00664210284902465,WA,2024-01-21,1,1,1,1,1,1,1,1,1,1,1,1,1,0,0,1,0,1
2046,2.62935967087167,0.2128395919841685,WA,2024-01-22,1,1,1,1,0,0,1,1,0,1,1,0,1,0,0,1,0,0
2047,1.37339205985242,0.1496237173535045,WA,2024-01-23,1,1,1,1,0,1,1,1,1,1,1,1,1,0,1,1,1,0
2048,1.35087185011068,0.2019367503054635,WA,2024-01-24,1,1,1,1,1,0,1,0,1,1,1,1,1,1,0,1,0,1
2049,2.95160653121013,0.147236994904082,WA,2024-01-25,1,1,1,1,0,0,1,1,1,1,0,1,1,0,0,1,0,1
2050,1.09857119035179,0.1024911576717515,WA,2024-01-26,1,1,1,1,0,1,1,1,1,1,1,1,1,0,0,1,1,1
2051,0.470776603192298,0.04580442200451385,WA,2024-01-27,1,1,1,1,1,1,1,1,1,1,1,1,1,0,0,1,1,1
2052,0.414868324614812,0.00264080040449194,WA,2024-01-28,1,1,1,1,1,1,1,1,1,1,1,1,1,0,0,1,0,1
2053,0.869465313009918,0.04701804665988105,WA,2024-01-29,1,0,1,1,1,1,1,1,1,1,0,1,1,0,1,1,1,1
2054,3.16535616240322,0.234504400496308,WA,2024-01-30,1,0,1,1,0,0,1,1,0,1,0,1,1,1,1,1,0,0
2055,0.596942151592435,0.067688650059643,WA,2024-01-31,1,1,1,1,1,1,1,1,1,1,1,1,1,1,0,1,0,1
2056,0.637506529537618,0.0634146095556525,WA,2024-02-01,1,1,1,1,1,1,1,1,1,1,1,1,1,1,1,1,1,1
2057,0.309234639328913,0.001358943632399975,WA,2024-02-02,1,1,1,1,1,1,1,1,1,1,1,1,1,1,1,1,1,1
2058,1.03384042858983,0.10742636026349,WA,2024-02-03,1,0,1,1,1,1,1,1,1,1,0,1,1,1,0,1,1,1
2059,NA,NA,WI,2023-12-24,NA,NA,NA,NA,NA,NA,NA,NA,NA,NA,NA,NA,NA,NA,NA,NA,NA,NA
2060,NA,NA,WI,2023-12-25,NA,NA,NA,NA,NA,NA,NA,NA,NA,NA,NA,NA,NA,NA,NA,NA,NA,NA
2061,NA,NA,WI,2023-12-26,NA,NA,NA,NA,NA,NA,NA,NA,NA,NA,NA,NA,NA,NA,NA,NA,NA,NA
2062,0.178598640631098,0.1310966728512795,WI,2023-12-27,1,1,1,1,1,1,1,1,1,1,1,1,1,1,1,1,1,1
2063,NA,NA,WI,2023-12-28,NA,NA,NA,NA,NA,NA,NA,NA,NA,NA,NA,NA,NA,NA,NA,NA,NA,NA
2064,0.154038983648814,0.1115969885908335,WI,2023-12-29,1,1,1,1,1,1,1,1,1,1,1,1,1,1,1,1,1,1
2065,NA,NA,WI,2023-12-30,NA,NA,NA,NA,NA,NA,NA,NA,NA,NA,NA,NA,NA,NA,NA,NA,NA,NA
2066,0.737854202213597,0.51095332489359,WI,2023-12-31,1,1,1,1,0,1,1,1,1,1,1,1,1,0,0,1,1,1
2067,NA,NA,WI,2024-01-01,NA,NA,NA,NA,NA,NA,NA,NA,NA,NA,NA,NA,NA,NA,NA,NA,NA,NA
2068,0.104348949668577,0.0786797883545925,WI,2024-01-02,1,1,1,1,1,1,1,1,1,1,1,1,1,1,1,1,1,1
2069,NA,NA,WI,2024-01-03,NA,NA,NA,NA,NA,NA,NA,NA,NA,NA,NA,NA,NA,NA,NA,NA,NA,NA
2070,NA,NA,WI,2024-01-04,NA,NA,NA,NA,NA,NA,NA,NA,NA,NA,NA,NA,NA,NA,NA,NA,NA,NA
2071,NA,NA,WI,2024-01-05,NA,NA,NA,NA,NA,NA,NA,NA,NA,NA,NA,NA,NA,NA,NA,NA,NA,NA
2072,NA,NA,WI,2024-01-06,NA,NA,NA,NA,NA,NA,NA,NA,NA,NA,NA,NA,NA,NA,NA,NA,NA,NA
2073,NA,NA,WI,2024-01-07,NA,NA,NA,NA,NA,NA,NA,NA,NA,NA,NA,NA,NA,NA,NA,NA,NA,NA
2074,1.33377616813142,0.4887805274214235,WI,2024-01-08,1,1,1,1,1,0,1,0,1,1,0,1,1,1,1,1,0,1
2075,0.843008065518519,0.226179677382315,WI,2024-01-09,1,1,1,1,1,1,1,1,0,1,1,1,1,0,0,1,1,0
2076,0.154989556790029,0.03543558237248355,WI,2024-01-10,1,1,1,1,1,1,1,1,1,1,1,1,1,0,0,1,1,1
2077,NA,NA,WI,2024-01-11,NA,NA,NA,NA,NA,NA,NA,NA,NA,NA,NA,NA,NA,NA,NA,NA,NA,NA
2078,NA,NA,WI,2024-01-12,NA,NA,NA,NA,NA,NA,NA,NA,NA,NA,NA,NA,NA,NA,NA,NA,NA,NA
2079,NA,NA,WI,2024-01-13,NA,NA,NA,NA,NA,NA,NA,NA,NA,NA,NA,NA,NA,NA,NA,NA,NA,NA
2080,NA,NA,WI,2024-01-14,NA,NA,NA,NA,NA,NA,NA,NA,NA,NA,NA,NA,NA,NA,NA,NA,NA,NA
2081,0.0277054760092276,0.02036676413785115,WI,2024-01-15,1,1,1,1,1,1,1,1,1,1,1,1,1,1,1,1,1,1
2082,0.861549603593505,0.1839865651782295,WI,2024-01-16,1,1,1,1,1,1,1,1,0,1,1,1,1,1,0,1,1,0
2083,0.0749833691665945,0.01616537023050385,WI,2024-01-17,1,1,1,1,1,1,1,1,1,1,1,1,1,1,1,1,1,1
2084,NA,NA,WI,2024-01-18,NA,NA,NA,NA,NA,NA,NA,NA,NA,NA,NA,NA,NA,NA,NA,NA,NA,NA
2085,NA,NA,WI,2024-01-19,NA,NA,NA,NA,NA,NA,NA,NA,NA,NA,NA,NA,NA,NA,NA,NA,NA,NA
2086,NA,NA,WI,2024-01-20,NA,NA,NA,NA,NA,NA,NA,NA,NA,NA,NA,NA,NA,NA,NA,NA,NA,NA
2087,NA,NA,WI,2024-01-21,NA,NA,NA,NA,NA,NA,NA,NA,NA,NA,NA,NA,NA,NA,NA,NA,NA,NA
2088,NA,NA,WI,2024-01-22,NA,NA,NA,NA,NA,NA,NA,NA,NA,NA,NA,NA,NA,NA,NA,NA,NA,NA
2089,NA,NA,WI,2024-01-23,NA,NA,NA,NA,NA,NA,NA,NA,NA,NA,NA,NA,NA,NA,NA,NA,NA,NA
2090,NA,NA,WI,2024-01-24,NA,NA,NA,NA,NA,NA,NA,NA,NA,NA,NA,NA,NA,NA,NA,NA,NA,NA
2091,NA,NA,WI,2024-01-25,NA,NA,NA,NA,NA,NA,NA,NA,NA,NA,NA,NA,NA,NA,NA,NA,NA,NA
2092,NA,NA,WI,2024-01-26,NA,NA,NA,NA,NA,NA,NA,NA,NA,NA,NA,NA,NA,NA,NA,NA,NA,NA
2093,NA,NA,WI,2024-01-27,NA,NA,NA,NA,NA,NA,NA,NA,NA,NA,NA,NA,NA,NA,NA,NA,NA,NA
2094,NA,NA,WI,2024-01-28,NA,NA,NA,NA,NA,NA,NA,NA,NA,NA,NA,NA,NA,NA,NA,NA,NA,NA
2095,NA,NA,WI,2024-01-29,NA,NA,NA,NA,NA,NA,NA,NA,NA,NA,NA,NA,NA,NA,NA,NA,NA,NA
2096,NA,NA,WI,2024-01-30,NA,NA,NA,NA,NA,NA,NA,NA,NA,NA,NA,NA,NA,NA,NA,NA,NA,NA
2097,NA,NA,WI,2024-01-31,NA,NA,NA,NA,NA,NA,NA,NA,NA,NA,NA,NA,NA,NA,NA,NA,NA,NA
2098,0.00328387460048883,0.002549360554956765,WI,2024-02-01,1,1,1,1,1,1,1,1,1,1,1,1,1,1,1,1,1,1
2099,NA,NA,WI,2024-02-02,NA,NA,NA,NA,NA,NA,NA,NA,NA,NA,NA,NA,NA,NA,NA,NA,NA,NA
2100,NA,NA,WI,2024-02-03,NA,NA,NA,NA,NA,NA,NA,NA,NA,NA,NA,NA,NA,NA,NA,NA,NA,NA
2101,NA,NA,WV,2023-12-24,NA,NA,NA,NA,NA,NA,NA,NA,NA,NA,NA,NA,NA,NA,NA,NA,NA,NA
2102,NA,NA,WV,2023-12-25,NA,NA,NA,NA,NA,NA,NA,NA,NA,NA,NA,NA,NA,NA,NA,NA,NA,NA
2103,0.379025526529623,0.296712589249357,WV,2023-12-26,1,1,1,1,1,1,1,1,1,1,1,1,1,0,0,1,1,1
2104,0.893856086141254,0.62118293229452,WV,2023-12-27,0,1,1,1,1,1,1,1,1,0,1,1,1,0,1,1,1,1
2105,0.479713628762994,0.3604492748962815,WV,2023-12-28,1,1,1,1,1,1,1,1,1,1,1,1,1,1,0,1,1,0
2106,NA,NA,WV,2023-12-29,NA,NA,NA,NA,NA,NA,NA,NA,NA,NA,NA,NA,NA,NA,NA,NA,NA,NA
2107,0.348713213170839,0.2859469974316715,WV,2023-12-30,1,1,1,1,1,1,1,1,1,1,1,1,1,1,0,1,0,1
2108,1.18597427373682,0.560870214895225,WV,2023-12-31,1,1,0,1,1,1,1,0,1,1,1,0,1,0,1,1,0,1
2109,0.855198077583327,0.586892801545765,WV,2024-01-01,1,0,1,1,1,1,1,1,1,1,0,1,1,1,0,1,1,1
2110,NA,NA,WV,2024-01-02,NA,NA,NA,NA,NA,NA,NA,NA,NA,NA,NA,NA,NA,NA,NA,NA,NA,NA
2111,0.914312273863014,0.438548279620672,WV,2024-01-03,1,1,1,1,1,1,1,1,0,1,1,1,1,0,0,1,1,0
2112,NA,NA,WV,2024-01-04,NA,NA,NA,NA,NA,NA,NA,NA,NA,NA,NA,NA,NA,NA,NA,NA,NA,NA
2113,NA,NA,WV,2024-01-05,NA,NA,NA,NA,NA,NA,NA,NA,NA,NA,NA,NA,NA,NA,NA,NA,NA,NA
2114,NA,NA,WV,2024-01-06,NA,NA,NA,NA,NA,NA,NA,NA,NA,NA,NA,NA,NA,NA,NA,NA,NA,NA
2115,NA,NA,WV,2024-01-07,NA,NA,NA,NA,NA,NA,NA,NA,NA,NA,NA,NA,NA,NA,NA,NA,NA,NA
2116,NA,NA,WV,2024-01-08,NA,NA,NA,NA,NA,NA,NA,NA,NA,NA,NA,NA,NA,NA,NA,NA,NA,NA
2117,NA,NA,WV,2024-01-09,NA,NA,NA,NA,NA,NA,NA,NA,NA,NA,NA,NA,NA,NA,NA,NA,NA,NA
2118,0.863457777716631,0.59389480292355,WV,2024-01-10,1,1,1,1,1,1,1,0,1,1,1,1,1,0,1,1,0,1
2119,NA,NA,WV,2024-01-11,NA,NA,NA,NA,NA,NA,NA,NA,NA,NA,NA,NA,NA,NA,NA,NA,NA,NA
2120,NA,NA,WV,2024-01-12,NA,NA,NA,NA,NA,NA,NA,NA,NA,NA,NA,NA,NA,NA,NA,NA,NA,NA
2121,NA,NA,WV,2024-01-13,NA,NA,NA,NA,NA,NA,NA,NA,NA,NA,NA,NA,NA,NA,NA,NA,NA,NA
2122,0.911445650142127,0.634836568328385,WV,2024-01-14,1,1,0,1,1,1,1,1,1,1,1,0,1,0,1,1,1,1
2123,NA,NA,WV,2024-01-15,NA,NA,NA,NA,NA,NA,NA,NA,NA,NA,NA,NA,NA,NA,NA,NA,NA,NA
2124,NA,NA,WV,2024-01-16,NA,NA,NA,NA,NA,NA,NA,NA,NA,NA,NA,NA,NA,NA,NA,NA,NA,NA
2125,0.415391736046027,0.117741135448456,WV,2024-01-17,1,1,1,1,1,1,1,1,1,1,1,1,1,1,1,1,1,1
2126,0.935382600630792,0.64487079180063,WV,2024-01-18,1,1,1,1,1,1,1,0,1,1,1,1,1,1,0,1,0,1
2127,NA,NA,WV,2024-01-19,NA,NA,NA,NA,NA,NA,NA,NA,NA,NA,NA,NA,NA,NA,NA,NA,NA,NA
2128,NA,NA,WV,2024-01-20,NA,NA,NA,NA,NA,NA,NA,NA,NA,NA,NA,NA,NA,NA,NA,NA,NA,NA
2129,NA,NA,WV,2024-01-21,NA,NA,NA,NA,NA,NA,NA,NA,NA,NA,NA,NA,NA,NA,NA,NA,NA,NA
2130,NA,NA,WV,2024-01-22,NA,NA,NA,NA,NA,NA,NA,NA,NA,NA,NA,NA,NA,NA,NA,NA,NA,NA
2131,NA,NA,WV,2024-01-23,NA,NA,NA,NA,NA,NA,NA,NA,NA,NA,NA,NA,NA,NA,NA,NA,NA,NA
2132,NA,NA,WV,2024-01-24,NA,NA,NA,NA,NA,NA,NA,NA,NA,NA,NA,NA,NA,NA,NA,NA,NA,NA
2133,NA,NA,WV,2024-01-25,NA,NA,NA,NA,NA,NA,NA,NA,NA,NA,NA,NA,NA,NA,NA,NA,NA,NA
2134,NA,NA,WV,2024-01-26,NA,NA,NA,NA,NA,NA,NA,NA,NA,NA,NA,NA,NA,NA,NA,NA,NA,NA
2135,NA,NA,WV,2024-01-27,NA,NA,NA,NA,NA,NA,NA,NA,NA,NA,NA,NA,NA,NA,NA,NA,NA,NA
2136,NA,NA,WV,2024-01-28,NA,NA,NA,NA,NA,NA,NA,NA,NA,NA,NA,NA,NA,NA,NA,NA,NA,NA
2137,NA,NA,WV,2024-01-29,NA,NA,NA,NA,NA,NA,NA,NA,NA,NA,NA,NA,NA,NA,NA,NA,NA,NA
2138,NA,NA,WV,2024-01-30,NA,NA,NA,NA,NA,NA,NA,NA,NA,NA,NA,NA,NA,NA,NA,NA,NA,NA
2139,NA,NA,WV,2024-01-31,NA,NA,NA,NA,NA,NA,NA,NA,NA,NA,NA,NA,NA,NA,NA,NA,NA,NA
2140,NA,NA,WV,2024-02-01,NA,NA,NA,NA,NA,NA,NA,NA,NA,NA,NA,NA,NA,NA,NA,NA,NA,NA
2141,NA,NA,WV,2024-02-02,NA,NA,NA,NA,NA,NA,NA,NA,NA,NA,NA,NA,NA,NA,NA,NA,NA,NA
2142,NA,NA,WV,2024-02-03,NA,NA,NA,NA,NA,NA,NA,NA,NA,NA,NA,NA,NA,NA,NA,NA,NA,NA
2143,NA,NA,WY,2023-12-24,NA,NA,NA,NA,NA,NA,NA,NA,NA,NA,NA,NA,NA,NA,NA,NA,NA,NA
2144,NA,NA,WY,2023-12-25,NA,NA,NA,NA,NA,NA,NA,NA,NA,NA,NA,NA,NA,NA,NA,NA,NA,NA
2145,NA,NA,WY,2023-12-26,NA,NA,NA,NA,NA,NA,NA,NA,NA,NA,NA,NA,NA,NA,NA,NA,NA,NA
2146,NA,NA,WY,2023-12-27,NA,NA,NA,NA,NA,NA,NA,NA,NA,NA,NA,NA,NA,NA,NA,NA,NA,NA
2147,NA,NA,WY,2023-12-28,NA,NA,NA,NA,NA,NA,NA,NA,NA,NA,NA,NA,NA,NA,NA,NA,NA,NA
2148,NA,NA,WY,2023-12-29,NA,NA,NA,NA,NA,NA,NA,NA,NA,NA,NA,NA,NA,NA,NA,NA,NA,NA
2149,NA,NA,WY,2023-12-30,NA,NA,NA,NA,NA,NA,NA,NA,NA,NA,NA,NA,NA,NA,NA,NA,NA,NA
2150,NA,NA,WY,2023-12-31,NA,NA,NA,NA,NA,NA,NA,NA,NA,NA,NA,NA,NA,NA,NA,NA,NA,NA
2151,NA,NA,WY,2024-01-01,NA,NA,NA,NA,NA,NA,NA,NA,NA,NA,NA,NA,NA,NA,NA,NA,NA,NA
2152,NA,NA,WY,2024-01-02,NA,NA,NA,NA,NA,NA,NA,NA,NA,NA,NA,NA,NA,NA,NA,NA,NA,NA
2153,0.803472947840271,0.450547242660347,WY,2024-01-03,1,1,1,1,0,1,1,1,1,1,0,1,1,0,1,1,1,1
2154,NA,NA,WY,2024-01-04,NA,NA,NA,NA,NA,NA,NA,NA,NA,NA,NA,NA,NA,NA,NA,NA,NA,NA
2155,NA,NA,WY,2024-01-05,NA,NA,NA,NA,NA,NA,NA,NA,NA,NA,NA,NA,NA,NA,NA,NA,NA,NA
2156,NA,NA,WY,2024-01-06,NA,NA,NA,NA,NA,NA,NA,NA,NA,NA,NA,NA,NA,NA,NA,NA,NA,NA
2157,NA,NA,WY,2024-01-07,NA,NA,NA,NA,NA,NA,NA,NA,NA,NA,NA,NA,NA,NA,NA,NA,NA,NA
2158,NA,NA,WY,2024-01-08,NA,NA,NA,NA,NA,NA,NA,NA,NA,NA,NA,NA,NA,NA,NA,NA,NA,NA
2159,NA,NA,WY,2024-01-09,NA,NA,NA,NA,NA,NA,NA,NA,NA,NA,NA,NA,NA,NA,NA,NA,NA,NA
2160,NA,NA,WY,2024-01-10,NA,NA,NA,NA,NA,NA,NA,NA,NA,NA,NA,NA,NA,NA,NA,NA,NA,NA
2161,NA,NA,WY,2024-01-11,NA,NA,NA,NA,NA,NA,NA,NA,NA,NA,NA,NA,NA,NA,NA,NA,NA,NA
2162,NA,NA,WY,2024-01-12,NA,NA,NA,NA,NA,NA,NA,NA,NA,NA,NA,NA,NA,NA,NA,NA,NA,NA
2163,NA,NA,WY,2024-01-13,NA,NA,NA,NA,NA,NA,NA,NA,NA,NA,NA,NA,NA,NA,NA,NA,NA,NA
2164,NA,NA,WY,2024-01-14,NA,NA,NA,NA,NA,NA,NA,NA,NA,NA,NA,NA,NA,NA,NA,NA,NA,NA
2165,NA,NA,WY,2024-01-15,NA,NA,NA,NA,NA,NA,NA,NA,NA,NA,NA,NA,NA,NA,NA,NA,NA,NA
2166,NA,NA,WY,2024-01-16,NA,NA,NA,NA,NA,NA,NA,NA,NA,NA,NA,NA,NA,NA,NA,NA,NA,NA
2167,NA,NA,WY,2024-01-17,NA,NA,NA,NA,NA,NA,NA,NA,NA,NA,NA,NA,NA,NA,NA,NA,NA,NA
2168,NA,NA,WY,2024-01-18,NA,NA,NA,NA,NA,NA,NA,NA,NA,NA,NA,NA,NA,NA,NA,NA,NA,NA
2169,NA,NA,WY,2024-01-19,NA,NA,NA,NA,NA,NA,NA,NA,NA,NA,NA,NA,NA,NA,NA,NA,NA,NA
2170,NA,NA,WY,2024-01-20,NA,NA,NA,NA,NA,NA,NA,NA,NA,NA,NA,NA,NA,NA,NA,NA,NA,NA
2171,NA,NA,WY,2024-01-21,NA,NA,NA,NA,NA,NA,NA,NA,NA,NA,NA,NA,NA,NA,NA,NA,NA,NA
2172,NA,NA,WY,2024-01-22,NA,NA,NA,NA,NA,NA,NA,NA,NA,NA,NA,NA,NA,NA,NA,NA,NA,NA
2173,NA,NA,WY,2024-01-23,NA,NA,NA,NA,NA,NA,NA,NA,NA,NA,NA,NA,NA,NA,NA,NA,NA,NA
2174,NA,NA,WY,2024-01-24,NA,NA,NA,NA,NA,NA,NA,NA,NA,NA,NA,NA,NA,NA,NA,NA,NA,NA
2175,NA,NA,WY,2024-01-25,NA,NA,NA,NA,NA,NA,NA,NA,NA,NA,NA,NA,NA,NA,NA,NA,NA,NA
2176,NA,NA,WY,2024-01-26,NA,NA,NA,NA,NA,NA,NA,NA,NA,NA,NA,NA,NA,NA,NA,NA,NA,NA
2177,NA,NA,WY,2024-01-27,NA,NA,NA,NA,NA,NA,NA,NA,NA,NA,NA,NA,NA,NA,NA,NA,NA,NA
2178,NA,NA,WY,2024-01-28,NA,NA,NA,NA,NA,NA,NA,NA,NA,NA,NA,NA,NA,NA,NA,NA,NA,NA
2179,NA,NA,WY,2024-01-29,NA,NA,NA,NA,NA,NA,NA,NA,NA,NA,NA,NA,NA,NA,NA,NA,NA,NA
2180,NA,NA,WY,2024-01-30,NA,NA,NA,NA,NA,NA,NA,NA,NA,NA,NA,NA,NA,NA,NA,NA,NA,NA
2181,NA,NA,WY,2024-01-31,NA,NA,NA,NA,NA,NA,NA,NA,NA,NA,NA,NA,NA,NA,NA,NA,NA,NA
2182,NA,NA,WY,2024-02-01,NA,NA,NA,NA,NA,NA,NA,NA,NA,NA,NA,NA,NA,NA,NA,NA,NA,NA
2183,NA,NA,WY,2024-02-02,NA,NA,NA,NA,NA,NA,NA,NA,NA,NA,NA,NA,NA,NA,NA,NA,NA,NA
2184,NA,NA,WY,2024-02-03,NA,NA,NA,NA,NA,NA,NA,NA,NA,NA,NA,NA,NA,NA,NA,NA,NA,NA
