...1,es_score,brier_score,location,target_date,X23A_50_CI,X23B_50_CI,X23F_50_CI,X24A_50_CI,X23I_50_CI,other_50_CI,X23A_95_CI,X23B_95_CI,X23F_95_CI,X24A_95_CI,X23I_95_CI,other_95_CI
1,NA,NA,AK,2023-12-31,NA,NA,NA,NA,NA,NA,NA,NA,NA,NA,NA,NA
2,NA,NA,AK,2024-01-01,NA,NA,NA,NA,NA,NA,NA,NA,NA,NA,NA,NA
3,NA,NA,AK,2024-01-02,NA,NA,NA,NA,NA,NA,NA,NA,NA,NA,NA,NA
4,NA,NA,AK,2024-01-03,NA,NA,NA,NA,NA,NA,NA,NA,NA,NA,NA,NA
5,0.127752062797179,0.090758155084621,AK,2024-01-04,1,1,1,1,1,1,1,1,1,1,1,1
6,0.749326070250994,0.2801857753520175,AK,2024-01-05,1,1,1,1,1,0,1,1,0,1,1,0
7,NA,NA,AK,2024-01-06,NA,NA,NA,NA,NA,NA,NA,NA,NA,NA,NA,NA
8,NA,NA,AK,2024-01-07,NA,NA,NA,NA,NA,NA,NA,NA,NA,NA,NA,NA
9,0.0915027427931165,0.062614931311645,AK,2024-01-08,1,1,1,1,1,1,1,1,1,1,1,1
10,0.418945535977588,0.056780845862106,AK,2024-01-09,1,1,1,1,1,1,1,1,1,0,1,0
11,0.220155561995585,0.051393623045006,AK,2024-01-10,1,1,1,1,1,1,1,1,1,0,1,0
12,0.0667307275110179,0.04643315751294295,AK,2024-01-11,1,1,1,1,1,1,1,1,1,1,1,1
13,NA,NA,AK,2024-01-12,NA,NA,NA,NA,NA,NA,NA,NA,NA,NA,NA,NA
14,NA,NA,AK,2024-01-13,NA,NA,NA,NA,NA,NA,NA,NA,NA,NA,NA,NA
15,NA,NA,AK,2024-01-14,NA,NA,NA,NA,NA,NA,NA,NA,NA,NA,NA,NA
16,0.981970868367131,0.69797892445001,AK,2024-01-15,1,1,0,0,1,1,1,1,0,0,1,1
17,0.0380510704609173,0.0272659743456285,AK,2024-01-16,1,1,1,1,1,1,1,1,1,1,1,1
18,0.220344519413349,0.0244021199193328,AK,2024-01-17,1,1,1,1,1,1,0,0,1,0,1,1
19,0.958021345259227,0.4194877508701195,AK,2024-01-18,1,1,1,1,1,0,1,1,1,1,1,1
20,NA,NA,AK,2024-01-19,NA,NA,NA,NA,NA,NA,NA,NA,NA,NA,NA,NA
21,NA,NA,AK,2024-01-20,NA,NA,NA,NA,NA,NA,NA,NA,NA,NA,NA,NA
22,NA,NA,AK,2024-01-21,NA,NA,NA,NA,NA,NA,NA,NA,NA,NA,NA,NA
23,NA,NA,AK,2024-01-22,NA,NA,NA,NA,NA,NA,NA,NA,NA,NA,NA,NA
24,0.0632247247995489,0.0122200790381733,AK,2024-01-23,1,1,1,1,1,1,1,1,1,1,1,1
25,NA,NA,AK,2024-01-24,NA,NA,NA,NA,NA,NA,NA,NA,NA,NA,NA,NA
26,1.22024184031514,0.875213324755265,AK,2024-01-25,1,1,1,0,1,0,1,1,1,0,1,0
27,0.0478941073086955,0.0085300795178113,AK,2024-01-26,1,1,1,1,1,1,1,1,1,1,1,1
28,0.0130558498727741,0.00755449511305085,AK,2024-01-27,1,1,1,1,1,1,1,1,1,1,1,1
29,0.0124014791166672,0.0066856553930347,AK,2024-01-28,1,1,1,1,1,1,1,1,1,1,1,1
30,0.0105598053667199,0.0059127754607327,AK,2024-01-29,1,1,1,1,1,1,1,1,1,1,1,1
31,0.00833871226211826,0.0052260010643914,AK,2024-01-30,1,1,1,1,1,1,1,1,1,1,1,1
32,NA,NA,AK,2024-01-31,NA,NA,NA,NA,NA,NA,NA,NA,NA,NA,NA,NA
33,0.00763382579803808,0.00407568963177157,AK,2024-02-01,1,1,1,1,1,1,1,1,1,1,1,1
34,1.18034561525261,0.463001098733286,AK,2024-02-02,1,1,1,0,1,0,1,1,1,0,1,0
35,NA,NA,AK,2024-02-03,NA,NA,NA,NA,NA,NA,NA,NA,NA,NA,NA,NA
36,NA,NA,AK,2024-02-04,NA,NA,NA,NA,NA,NA,NA,NA,NA,NA,NA,NA
37,NA,NA,AK,2024-02-05,NA,NA,NA,NA,NA,NA,NA,NA,NA,NA,NA,NA
38,NA,NA,AK,2024-02-06,NA,NA,NA,NA,NA,NA,NA,NA,NA,NA,NA,NA
39,NA,NA,AK,2024-02-07,NA,NA,NA,NA,NA,NA,NA,NA,NA,NA,NA,NA
40,NA,NA,AK,2024-02-08,NA,NA,NA,NA,NA,NA,NA,NA,NA,NA,NA,NA
41,NA,NA,AK,2024-02-09,NA,NA,NA,NA,NA,NA,NA,NA,NA,NA,NA,NA
42,NA,NA,AK,2024-02-10,NA,NA,NA,NA,NA,NA,NA,NA,NA,NA,NA,NA
43,NA,NA,AL,2023-12-31,NA,NA,NA,NA,NA,NA,NA,NA,NA,NA,NA,NA
44,NA,NA,AL,2024-01-01,NA,NA,NA,NA,NA,NA,NA,NA,NA,NA,NA,NA
45,0.260923816324281,0.189676348214085,AL,2024-01-02,1,1,1,1,1,1,1,1,1,1,1,1
46,1.05720975649167,0.514653020542525,AL,2024-01-03,0,1,1,1,1,1,1,1,0,0,1,1
47,0.23539212793231,0.1661092483123375,AL,2024-01-04,1,1,1,1,1,1,1,1,0,0,1,1
48,NA,NA,AL,2024-01-05,NA,NA,NA,NA,NA,NA,NA,NA,NA,NA,NA,NA
49,NA,NA,AL,2024-01-06,NA,NA,NA,NA,NA,NA,NA,NA,NA,NA,NA,NA
50,0.818367629478445,0.2982180588378515,AL,2024-01-07,1,1,1,1,1,0,1,1,1,0,1,0
51,NA,NA,AL,2024-01-08,NA,NA,NA,NA,NA,NA,NA,NA,NA,NA,NA,NA
52,NA,NA,AL,2024-01-09,NA,NA,NA,NA,NA,NA,NA,NA,NA,NA,NA,NA
53,NA,NA,AL,2024-01-10,NA,NA,NA,NA,NA,NA,NA,NA,NA,NA,NA,NA
54,NA,NA,AL,2024-01-11,NA,NA,NA,NA,NA,NA,NA,NA,NA,NA,NA,NA
55,NA,NA,AL,2024-01-12,NA,NA,NA,NA,NA,NA,NA,NA,NA,NA,NA,NA
56,NA,NA,AL,2024-01-13,NA,NA,NA,NA,NA,NA,NA,NA,NA,NA,NA,NA
57,NA,NA,AL,2024-01-14,NA,NA,NA,NA,NA,NA,NA,NA,NA,NA,NA,NA
58,0.094461885680286,0.0695459147432255,AL,2024-01-15,1,1,1,1,1,1,1,1,1,1,1,1
59,NA,NA,AL,2024-01-16,NA,NA,NA,NA,NA,NA,NA,NA,NA,NA,NA,NA
60,NA,NA,AL,2024-01-17,NA,NA,NA,NA,NA,NA,NA,NA,NA,NA,NA,NA
61,0.552176832302336,0.331701289627213,AL,2024-01-18,1,1,1,1,1,1,1,1,0,1,1,0
62,NA,NA,AL,2024-01-19,NA,NA,NA,NA,NA,NA,NA,NA,NA,NA,NA,NA
63,NA,NA,AL,2024-01-20,NA,NA,NA,NA,NA,NA,NA,NA,NA,NA,NA,NA
64,NA,NA,AL,2024-01-21,NA,NA,NA,NA,NA,NA,NA,NA,NA,NA,NA,NA
65,0.0515331077532239,0.03582252516067555,AL,2024-01-22,1,1,1,1,1,1,1,1,0,0,1,1
66,NA,NA,AL,2024-01-23,NA,NA,NA,NA,NA,NA,NA,NA,NA,NA,NA,NA
67,NA,NA,AL,2024-01-24,NA,NA,NA,NA,NA,NA,NA,NA,NA,NA,NA,NA
68,NA,NA,AL,2024-01-25,NA,NA,NA,NA,NA,NA,NA,NA,NA,NA,NA,NA
69,1.03059522175347,0.72679306377981,AL,2024-01-26,1,1,0,0,1,1,1,1,0,0,1,1
70,NA,NA,AL,2024-01-27,NA,NA,NA,NA,NA,NA,NA,NA,NA,NA,NA,NA
71,NA,NA,AL,2024-01-28,NA,NA,NA,NA,NA,NA,NA,NA,NA,NA,NA,NA
72,NA,NA,AL,2024-01-29,NA,NA,NA,NA,NA,NA,NA,NA,NA,NA,NA,NA
73,NA,NA,AL,2024-01-30,NA,NA,NA,NA,NA,NA,NA,NA,NA,NA,NA,NA
74,NA,NA,AL,2024-01-31,NA,NA,NA,NA,NA,NA,NA,NA,NA,NA,NA,NA
75,0.0158778564637154,0.01244031452332555,AL,2024-02-01,1,1,1,1,1,1,1,1,0,0,1,1
76,NA,NA,AL,2024-02-02,NA,NA,NA,NA,NA,NA,NA,NA,NA,NA,NA,NA
77,NA,NA,AL,2024-02-03,NA,NA,NA,NA,NA,NA,NA,NA,NA,NA,NA,NA
78,NA,NA,AL,2024-02-04,NA,NA,NA,NA,NA,NA,NA,NA,NA,NA,NA,NA
79,1.18279124488152,0.836556759977825,AL,2024-02-05,1,1,0,0,1,1,1,1,1,1,1,1
80,NA,NA,AL,2024-02-06,NA,NA,NA,NA,NA,NA,NA,NA,NA,NA,NA,NA
81,1.29030748150743,0.90046011524105,AL,2024-02-07,1,1,1,0,1,0,1,1,1,0,1,0
82,0.00681254955981771,0.0056320033854361,AL,2024-02-08,1,1,1,1,1,1,1,0,1,0,1,1
83,NA,NA,AL,2024-02-09,NA,NA,NA,NA,NA,NA,NA,NA,NA,NA,NA,NA
84,NA,NA,AL,2024-02-10,NA,NA,NA,NA,NA,NA,NA,NA,NA,NA,NA,NA
85,NA,NA,AR,2023-12-31,NA,NA,NA,NA,NA,NA,NA,NA,NA,NA,NA,NA
86,NA,NA,AR,2024-01-01,NA,NA,NA,NA,NA,NA,NA,NA,NA,NA,NA,NA
87,0.148631469392162,0.1024340215926985,AR,2024-01-02,1,1,1,1,1,1,1,1,1,1,1,1
88,0.702731312967601,0.093664299280549,AR,2024-01-03,1,1,1,0,1,1,1,1,1,0,1,0
89,1.2645708996205,0.306180262600399,AR,2024-01-04,1,1,1,1,1,0,1,1,1,1,0,0
90,0.10782866456029,0.077770263561989,AR,2024-01-05,1,1,1,1,1,1,1,1,1,1,1,1
91,NA,NA,AR,2024-01-06,NA,NA,NA,NA,NA,NA,NA,NA,NA,NA,NA,NA
92,NA,NA,AR,2024-01-07,NA,NA,NA,NA,NA,NA,NA,NA,NA,NA,NA,NA
93,NA,NA,AR,2024-01-08,NA,NA,NA,NA,NA,NA,NA,NA,NA,NA,NA,NA
94,NA,NA,AR,2024-01-09,NA,NA,NA,NA,NA,NA,NA,NA,NA,NA,NA,NA
95,1.00967756063177,0.71661596324594,AR,2024-01-10,1,1,1,1,1,0,1,1,0,1,1,0
96,0.189896561899639,0.042294995081939,AR,2024-01-11,1,1,1,1,1,1,1,1,1,1,1,1
97,0.833505071280479,0.38988308122446,AR,2024-01-12,1,1,1,1,1,0,1,1,0,1,1,0
98,NA,NA,AR,2024-01-13,NA,NA,NA,NA,NA,NA,NA,NA,NA,NA,NA,NA
99,NA,NA,AR,2024-01-14,NA,NA,NA,NA,NA,NA,NA,NA,NA,NA,NA,NA
100,NA,NA,AR,2024-01-15,NA,NA,NA,NA,NA,NA,NA,NA,NA,NA,NA,NA
101,NA,NA,AR,2024-01-16,NA,NA,NA,NA,NA,NA,NA,NA,NA,NA,NA,NA
102,NA,NA,AR,2024-01-17,NA,NA,NA,NA,NA,NA,NA,NA,NA,NA,NA,NA
103,NA,NA,AR,2024-01-18,NA,NA,NA,NA,NA,NA,NA,NA,NA,NA,NA,NA
104,0.0292868071840465,0.01701334897278145,AR,2024-01-19,1,1,1,1,1,1,1,1,1,1,1,1
105,NA,NA,AR,2024-01-20,NA,NA,NA,NA,NA,NA,NA,NA,NA,NA,NA,NA
106,NA,NA,AR,2024-01-21,NA,NA,NA,NA,NA,NA,NA,NA,NA,NA,NA,NA
107,0.015190576954154201,0.011825931854995,AR,2024-01-22,1,1,1,1,1,1,1,1,1,1,1,1
108,NA,NA,AR,2024-01-23,NA,NA,NA,NA,NA,NA,NA,NA,NA,NA,NA,NA
109,0.0459693604091437,0.0092315237666899,AR,2024-01-24,1,1,1,1,1,1,1,1,1,1,1,1
110,NA,NA,AR,2024-01-25,NA,NA,NA,NA,NA,NA,NA,NA,NA,NA,NA,NA
111,NA,NA,AR,2024-01-26,NA,NA,NA,NA,NA,NA,NA,NA,NA,NA,NA,NA
112,NA,NA,AR,2024-01-27,NA,NA,NA,NA,NA,NA,NA,NA,NA,NA,NA,NA
113,NA,NA,AR,2024-01-28,NA,NA,NA,NA,NA,NA,NA,NA,NA,NA,NA,NA
114,NA,NA,AR,2024-01-29,NA,NA,NA,NA,NA,NA,NA,NA,NA,NA,NA,NA
115,NA,NA,AR,2024-01-30,NA,NA,NA,NA,NA,NA,NA,NA,NA,NA,NA,NA
116,NA,NA,AR,2024-01-31,NA,NA,NA,NA,NA,NA,NA,NA,NA,NA,NA,NA
117,0.00529085576902505,0.00332406446423366,AR,2024-02-01,1,1,1,1,1,1,1,1,1,1,1,1
118,NA,NA,AR,2024-02-02,NA,NA,NA,NA,NA,NA,NA,NA,NA,NA,NA,NA
119,NA,NA,AR,2024-02-03,NA,NA,NA,NA,NA,NA,NA,NA,NA,NA,NA,NA
120,NA,NA,AR,2024-02-04,NA,NA,NA,NA,NA,NA,NA,NA,NA,NA,NA,NA
121,NA,NA,AR,2024-02-05,NA,NA,NA,NA,NA,NA,NA,NA,NA,NA,NA,NA
122,0.00322367152862074,0.001727425846572615,AR,2024-02-06,1,1,1,1,1,1,1,1,1,1,1,1
123,0.00237293722221435,0.00151419707584669,AR,2024-02-07,1,1,1,1,1,1,1,0,1,0,1,1
124,0.00837796265783039,0.00132704320360009,AR,2024-02-08,1,1,1,1,1,1,1,1,1,1,1,1
125,0.00651973551299778,0.001162849184409275,AR,2024-02-09,1,1,1,1,1,1,1,1,1,1,1,1
126,NA,NA,AR,2024-02-10,NA,NA,NA,NA,NA,NA,NA,NA,NA,NA,NA,NA
127,1.00220796039966,0.1811803908784275,AZ,2023-12-31,1,1,1,0,1,1,0,1,0,0,1,1
128,2.45120927509273,0.3020848997295565,AZ,2024-01-01,0,1,1,1,1,1,0,1,0,0,1,0
129,3.46074267446177,0.2954264155013835,AZ,2024-01-02,1,0,1,1,1,0,1,0,0,0,0,0
130,0.926862989351539,0.3151097619952695,AZ,2024-01-03,1,1,1,1,1,1,0,0,1,0,1,0
131,0.791817415570933,0.233102218042982,AZ,2024-01-04,1,1,1,1,1,0,1,1,1,0,1,0
132,0.369326993924376,0.233743668543174,AZ,2024-01-05,1,1,1,1,1,1,1,1,0,1,0,1
133,0.873281465901326,0.134158511998749,AZ,2024-01-06,1,1,1,1,1,1,1,1,0,0,1,0
134,1.2461270264997,0.066872464542511,AZ,2024-01-07,1,1,1,0,1,1,1,1,1,1,1,1
135,1.13541279015289,0.1676374971478985,AZ,2024-01-08,1,1,1,1,1,1,0,0,0,0,0,1
136,1.32503767996562,0.18704273163253,AZ,2024-01-09,1,1,1,1,0,1,0,1,1,0,0,0
137,0.224568315952251,0.0490396257476375,AZ,2024-01-10,1,1,1,1,1,1,1,1,1,1,1,1
138,1.76423373662275,0.3221128422378365,AZ,2024-01-11,1,1,0,0,1,1,1,1,0,0,1,0
139,0.791662066037532,0.216740937505931,AZ,2024-01-12,1,1,1,1,1,1,1,1,1,0,1,0
140,0.846453779657616,0.1615652892737935,AZ,2024-01-13,1,0,1,1,1,1,1,0,1,0,1,1
141,1.88625431720966,0.2435837475374205,AZ,2024-01-14,1,1,0,0,1,1,1,0,0,0,1,0
142,2.48850697848178,0.175219036767464,AZ,2024-01-15,0,0,0,1,1,1,0,1,0,0,1,0
143,0.111502239608452,0.0250646544633921,AZ,2024-01-16,1,1,1,1,1,1,1,1,1,1,1,1
144,1.15733928616138,0.1782312373509245,AZ,2024-01-17,1,1,1,1,1,1,0,0,0,1,1,1
145,0.890762463085195,0.224699022398807,AZ,2024-01-18,1,0,1,1,1,1,1,0,0,1,1,1
146,0.247761778479044,0.01754274710656305,AZ,2024-01-19,1,1,1,1,1,1,1,1,1,1,1,1
147,0.609063751697918,0.2057920787499165,AZ,2024-01-20,1,1,1,1,1,1,1,1,1,1,1,1
148,3.1576086287852,0.205977224447331,AZ,2024-01-21,1,1,1,0,0,0,1,1,0,0,0,0
149,1.10926654605185,0.0592255855312,AZ,2024-01-22,1,1,1,1,1,1,1,1,0,0,1,0
150,0.877544124520454,0.0748182986903255,AZ,2024-01-23,1,1,1,1,1,1,1,1,0,0,1,1
151,2.80036888871018,0.3463958449269155,AZ,2024-01-24,0,1,0,0,1,0,0,1,0,0,1,0
152,0.0807217868690451,0.00831892167324915,AZ,2024-01-25,1,1,1,1,1,1,1,1,1,1,1,1
153,1.16094554666478,0.4484726065766005,AZ,2024-01-26,1,1,1,0,1,0,1,1,1,0,1,0
154,1.31194804666898,0.13195088733025,AZ,2024-01-27,1,1,1,1,0,0,1,1,0,1,0,1
155,0.00653512328462978,0.005656452546815,AZ,2024-01-28,1,1,1,1,1,1,1,1,1,1,1,1
156,1.62626161516443,0.1130226548630835,AZ,2024-01-29,1,1,0,1,1,1,1,1,0,0,1,1
157,0.923585946396456,0.09625148927583,AZ,2024-01-30,1,1,0,1,1,1,1,1,0,0,0,0
158,0.786044575175914,0.069218612192163,AZ,2024-01-31,1,1,1,1,1,0,1,1,0,1,1,0
159,0.0350521507586272,0.003349346376276515,AZ,2024-02-01,1,1,1,1,1,1,1,1,1,1,1,1
160,0.0276592241425341,0.00293393467261384,AZ,2024-02-02,1,1,1,1,1,1,1,1,1,1,1,1
161,NA,NA,AZ,2024-02-03,NA,NA,NA,NA,NA,NA,NA,NA,NA,NA,NA,NA
162,0.0355344821812086,0.00224814765491855,AZ,2024-02-04,1,1,1,1,1,1,1,1,1,1,1,1
163,2.61282231944671,0.1633581961771,AZ,2024-02-05,1,1,0,0,1,1,1,1,0,0,1,1
164,0.854649766109967,0.04104509305314935,AZ,2024-02-06,1,1,1,1,1,0,1,0,0,0,1,0
165,0.305449145589977,0.00150354086266011,AZ,2024-02-07,1,1,1,1,1,1,1,1,1,1,1,1
166,0.00137291852969346,0.0013140115748836,AZ,2024-02-08,1,1,1,1,1,1,1,1,1,1,1,1
167,1.24451529008578,0.3192358941211505,AZ,2024-02-09,1,1,1,0,1,0,1,1,1,0,1,0
168,0.00364164003219569,0.00100283130051227,AZ,2024-02-10,1,1,1,1,1,1,1,1,1,1,1,1
169,0.355720682318758,0.0847637988971575,CA,2023-12-31,1,1,1,1,1,1,1,1,0,0,1,1
170,0.349193604509894,0.2330829972509425,CA,2024-01-01,1,1,1,1,1,1,1,1,0,1,1,0
171,1.20312955498233,0.27019915456758,CA,2024-01-02,1,1,1,1,1,1,1,1,0,0,1,1
172,1.41058433703617,0.2431756483248345,CA,2024-01-03,1,1,0,1,1,1,1,1,0,0,1,1
173,2.41339333838535,0.269546911057449,CA,2024-01-04,1,1,1,1,1,0,0,1,0,0,0,0
174,0.986488571925788,0.223098968532333,CA,2024-01-05,1,1,1,1,1,1,0,1,0,0,1,1
175,4.03701458364182,0.4516847807892885,CA,2024-01-06,1,1,0,0,1,1,1,0,0,0,1,0
176,1.95138492374848,0.56685329984513,CA,2024-01-07,0,1,1,0,0,1,0,1,0,0,0,1
177,2.40680103577867,0.2162895983556125,CA,2024-01-08,0,1,1,1,1,1,0,1,0,0,0,0
178,4.46286050081641,0.1263900131896095,CA,2024-01-09,1,1,0,0,1,1,0,0,0,0,0,1
179,3.94764891943731,0.134507361403134,CA,2024-01-10,0,1,0,0,1,1,0,1,0,0,1,0
180,2.61656557999651,0.1317977124379995,CA,2024-01-11,0,1,1,1,1,1,0,1,0,0,1,1
181,2.25697872938165,0.157783913465484,CA,2024-01-12,1,1,1,1,1,0,0,1,0,0,0,0
182,1.40128755638425,0.113949390406201,CA,2024-01-13,1,1,1,1,1,1,1,1,0,0,0,0
183,1.43531712250632,0.197109901845917,CA,2024-01-14,0,0,1,1,1,1,0,0,0,0,1,0
184,2.67977749379755,0.2357742342289505,CA,2024-01-15,0,1,1,0,1,0,0,1,1,0,1,0
185,1.96881104158682,0.1736955679300995,CA,2024-01-16,0,1,1,1,1,1,0,1,0,0,1,0
186,1.65350819718911,0.01225285601865315,CA,2024-01-17,1,1,1,0,1,1,1,0,0,0,1,1
187,1.20916585819961,0.152434284533674,CA,2024-01-18,1,1,1,1,1,1,1,1,0,0,1,0
188,0.919414571095354,0.00948933662714835,CA,2024-01-19,1,1,1,0,1,1,1,1,0,0,1,1
189,0.856446097737578,0.075669720298297,CA,2024-01-20,1,1,1,1,1,0,1,1,1,0,1,0
190,1.35267296206041,0.253889843666523,CA,2024-01-21,1,1,1,0,0,1,1,1,1,0,0,1
191,0.84524035883074,0.070736467587854,CA,2024-01-22,1,1,1,1,1,1,0,1,1,1,1,0
192,0.797414941891224,0.0056296779833765,CA,2024-01-23,1,1,1,1,1,1,0,1,0,0,1,1
193,0.861004717987806,0.0877837306841705,CA,2024-01-24,0,1,1,1,1,1,0,1,1,0,1,1
194,2.84432821117251,0.1531323742165865,CA,2024-01-25,1,1,1,0,0,0,1,1,1,0,0,0
195,2.72162627972975,0.1268636001776015,CA,2024-01-26,0,1,1,0,1,0,0,1,0,0,1,0
196,0.868691612666527,0.003301976539010375,CA,2024-01-27,1,1,1,0,1,1,1,1,0,0,1,1
197,0.864086131894425,0.04704573885561855,CA,2024-01-28,1,1,1,1,1,0,1,0,0,0,1,0
198,3.22247234905782,0.088163167670202,CA,2024-01-29,1,1,1,1,1,0,1,1,1,0,0,0
199,1.27701281586326,0.0620258899626865,CA,2024-01-30,0,1,1,1,1,1,0,1,0,0,0,0
200,2.73469733400602,0.085837843647622,CA,2024-01-31,1,1,0,0,1,1,1,1,0,0,1,0
201,7.31964865740544,0.110336431852995,CA,2024-02-01,0,1,1,0,1,0,0,1,0,0,0,0
202,7.02391097750016,0.116371110601593,CA,2024-02-02,0,1,1,0,1,0,0,1,0,0,0,0
203,0.849999548130223,0.0436051979758371,CA,2024-02-03,1,1,1,1,1,1,1,1,0,0,1,1
204,0.821810424710626,0.03651590284194295,CA,2024-02-04,1,1,1,1,0,1,1,1,0,1,0,1
205,1.71467748573606,0.06589336444502,CA,2024-02-05,1,1,1,1,1,0,1,1,1,0,1,0
206,5.94842428522873,0.100639817096567,CA,2024-02-06,1,1,0,0,0,0,1,1,0,0,0,0
207,3.90180829694058,0.086658567768731,CA,2024-02-07,1,0,1,0,1,0,1,1,0,0,1,0
208,1.25567863286132,0.03380866314748935,CA,2024-02-08,0,1,1,1,1,1,1,1,1,1,0,0
209,8.10077940683502,0.119750702060354,CA,2024-02-09,1,1,1,0,0,0,1,1,1,0,0,0
210,4.84130586503416,0.1491866283292455,CA,2024-02-10,0,1,0,0,1,0,0,1,0,0,1,0
211,NA,NA,CO,2023-12-31,NA,NA,NA,NA,NA,NA,NA,NA,NA,NA,NA,NA
212,0.741707891744673,0.52822983577727,CO,2024-01-01,1,1,0,1,1,1,1,1,0,1,0,1
213,1.77644417191571,0.3602416378373895,CO,2024-01-02,1,1,0,0,1,1,1,1,0,0,1,0
214,0.532327355843413,0.1726841757114115,CO,2024-01-03,1,1,1,1,1,1,1,0,1,0,1,1
215,0.565774206596928,0.3238369221415575,CO,2024-01-04,1,1,1,1,1,1,1,1,0,1,1,0
216,1.08503768426138,0.322693626944992,CO,2024-01-05,1,0,1,1,1,1,1,1,0,0,1,0
217,NA,NA,CO,2024-01-06,NA,NA,NA,NA,NA,NA,NA,NA,NA,NA,NA,NA
218,NA,NA,CO,2024-01-07,NA,NA,NA,NA,NA,NA,NA,NA,NA,NA,NA,NA
219,1.86213413072374,0.64556888881143,CO,2024-01-08,1,1,0,0,1,1,1,1,0,0,1,0
220,0.0567781430027509,0.04106333696629685,CO,2024-01-09,1,1,1,1,1,1,1,1,1,1,1,1
221,0.969525237469575,0.677073155565945,CO,2024-01-10,1,1,0,0,1,1,1,1,0,0,1,1
222,0.291023864386847,0.03307610348014715,CO,2024-01-11,1,1,1,1,1,1,1,1,1,1,1,1
223,0.911441463783226,0.405413189772126,CO,2024-01-12,1,1,1,1,1,0,1,1,1,0,1,0
224,0.034008229867507,0.02648032065477515,CO,2024-01-13,1,1,1,1,1,1,1,1,1,1,1,1
225,NA,NA,CO,2024-01-14,NA,NA,NA,NA,NA,NA,NA,NA,NA,NA,NA,NA
226,0.0300427326178098,0.02108404728174295,CO,2024-01-15,1,1,1,1,1,1,1,1,1,1,1,1
227,0.0262387102716252,0.0187785311048824,CO,2024-01-16,1,1,1,1,1,1,1,1,1,1,1,1
228,0.0765530524517375,0.0167060838142887,CO,2024-01-17,1,1,1,1,1,1,1,1,1,1,1,1
229,0.129451190171235,0.0148465400322152,CO,2024-01-18,1,1,1,1,1,1,1,1,1,1,1,1
230,0.064008672478352,0.01318089399338705,CO,2024-01-19,1,1,1,1,1,1,0,1,1,0,1,1
231,NA,NA,CO,2024-01-20,NA,NA,NA,NA,NA,NA,NA,NA,NA,NA,NA,NA
232,NA,NA,CO,2024-01-21,NA,NA,NA,NA,NA,NA,NA,NA,NA,NA,NA,NA
233,0.218339401196215,0.00917530699148845,CO,2024-01-22,1,1,1,1,1,1,1,0,0,0,1,1
234,0.0393699602673678,0.00811923023719885,CO,2024-01-23,1,1,1,1,1,1,1,1,1,1,1,1
235,NA,NA,CO,2024-01-24,NA,NA,NA,NA,NA,NA,NA,NA,NA,NA,NA,NA
236,NA,NA,CO,2024-01-25,NA,NA,NA,NA,NA,NA,NA,NA,NA,NA,NA,NA
237,0.0272536640135537,0.0056051315782306,CO,2024-01-26,1,1,1,1,1,1,1,1,0,0,1,1
238,NA,NA,CO,2024-01-27,NA,NA,NA,NA,NA,NA,NA,NA,NA,NA,NA,NA
239,NA,NA,CO,2024-01-28,NA,NA,NA,NA,NA,NA,NA,NA,NA,NA,NA,NA
240,0.066940255164224,0.00385267880868318,CO,2024-01-29,1,1,1,1,1,1,1,1,0,0,1,1
241,0.00483231116519615,0.003397625522895965,CO,2024-01-30,1,1,1,1,1,1,1,1,1,1,1,1
242,0.00376013929943701,0.002995486324506885,CO,2024-01-31,1,1,1,1,1,1,1,1,1,1,1,1
243,0.0451454219633388,0.002640331087248325,CO,2024-02-01,1,1,1,1,1,1,1,1,1,1,1,1
244,0.0227868743719513,0.002326847572226165,CO,2024-02-02,1,1,1,1,1,1,1,1,1,1,1,1
245,NA,NA,CO,2024-02-03,NA,NA,NA,NA,NA,NA,NA,NA,NA,NA,NA,NA
246,NA,NA,CO,2024-02-04,NA,NA,NA,NA,NA,NA,NA,NA,NA,NA,NA,NA
247,0.00204011620467869,0.001591434374866925,CO,2024-02-05,1,1,1,1,1,1,1,1,1,1,1,1
248,0.00195152986753676,0.00140200567461181,CO,2024-02-06,1,1,1,1,1,1,1,1,1,1,1,1
249,0.00193628464543834,0.001235135139888685,CO,2024-02-07,1,1,1,1,1,1,1,1,1,1,1,1
250,0.00586112755410501,0.001088172731941085,CO,2024-02-08,1,1,1,1,1,1,1,1,1,1,1,1
251,0.00427951137111134,9.5876952794643e-4,CO,2024-02-09,1,1,1,1,1,1,1,1,1,1,1,1
252,1.30936007818825,0.4807385460780115,CO,2024-02-10,1,1,1,0,1,0,1,1,1,0,1,0
253,0.490897475119436,0.315677770113489,CT,2023-12-31,1,1,1,1,1,1,1,1,0,0,1,1
254,NA,NA,CT,2024-01-01,NA,NA,NA,NA,NA,NA,NA,NA,NA,NA,NA,NA
255,2.67990427834099,0.1030504173331325,CT,2024-01-02,0,1,0,0,1,1,0,1,0,0,1,1
256,1.45000758095062,0.178714749248878,CT,2024-01-03,0,1,0,1,1,1,0,1,0,1,1,0
257,1.29645822657139,0.3187399246203325,CT,2024-01-04,0,1,1,0,1,1,1,1,0,0,1,1
258,1.1716196750561,0.223896929460756,CT,2024-01-05,1,1,0,1,1,1,1,1,0,0,1,1
259,0.317617189765661,0.03606370456921045,CT,2024-01-06,1,1,1,1,1,1,1,1,1,1,1,1
260,0.508751971624798,0.249924138515501,CT,2024-01-07,1,1,1,1,1,1,1,1,0,0,1,1
261,0.966462523438502,0.1140628540060205,CT,2024-01-08,1,1,1,1,1,0,1,1,1,1,1,1
262,0.636934877303207,0.0254390066213947,CT,2024-01-09,1,1,1,1,1,1,1,1,0,0,1,1
263,0.707577782238403,0.0225736574489465,CT,2024-01-10,1,1,1,1,1,1,1,1,0,0,1,1
264,0.441208438856808,0.092631373664372,CT,2024-01-11,1,1,1,1,1,1,1,1,0,0,1,1
265,0.0815063464325307,0.0176990916939761,CT,2024-01-12,1,1,1,1,1,1,1,1,1,1,1,1
266,NA,NA,CT,2024-01-13,NA,NA,NA,NA,NA,NA,NA,NA,NA,NA,NA,NA
267,NA,NA,CT,2024-01-14,NA,NA,NA,NA,NA,NA,NA,NA,NA,NA,NA,NA
268,1.84277410839532,0.405331703742403,CT,2024-01-15,1,1,0,0,1,1,1,1,0,0,1,1
269,0.15781002494891,0.01071897893286435,CT,2024-01-16,1,1,1,1,1,1,1,1,1,1,1,1
270,0.340425622995534,0.0094304560024699,CT,2024-01-17,1,1,1,1,1,1,1,0,1,0,1,1
271,0.0397090978039775,0.00828899450077765,CT,2024-01-18,1,1,1,1,1,1,1,1,1,1,1,1
272,0.189004310253165,0.00727927696998715,CT,2024-01-19,1,1,1,1,1,1,1,1,1,1,1,1
273,0.149884248823599,0.00638731202277495,CT,2024-01-20,1,1,1,1,1,1,1,1,0,0,1,1
274,0.0297063830187158,0.00560036949032955,CT,2024-01-21,1,1,1,1,1,1,1,1,1,1,1,1
275,0.246341495799619,0.00490690857019608,CT,2024-01-22,1,1,1,1,1,1,1,1,1,0,0,1
276,0.337814288256205,0.004296501653570995,CT,2024-01-23,1,1,1,1,1,1,1,1,1,1,1,1
277,0.104824915620074,0.003759756067714805,CT,2024-01-24,1,1,1,1,1,1,1,1,0,0,1,1
278,1.02783460558592,0.187990665331774,CT,2024-01-25,1,1,1,1,1,0,1,1,1,0,1,0
279,0.0324216179706684,0.00287438296050236,CT,2024-01-26,1,1,1,1,1,1,1,1,1,1,1,1
280,NA,NA,CT,2024-01-27,NA,NA,NA,NA,NA,NA,NA,NA,NA,NA,NA,NA
281,0.00400537807486684,0.0021934013857487448,CT,2024-01-28,1,1,1,1,1,1,1,1,1,1,1,1
282,1.00985611864455,0.119653834693233,CT,2024-01-29,1,1,1,1,1,0,1,1,1,0,1,0
283,0.00806312725511235,0.0016711687129066,CT,2024-01-30,1,1,1,1,1,1,1,1,1,1,1,1
284,0.00802149999217545,0.00145800702266552,CT,2024-01-31,1,1,1,1,1,1,1,1,1,1,1,1
285,0.938469305408114,0.1564180151861795,CT,2024-02-01,1,1,0,0,1,1,1,1,0,1,1,0
286,0.0734910303035933,0.0011088877170062,CT,2024-02-02,1,1,1,1,1,1,1,1,1,1,1,1
287,NA,NA,CT,2024-02-03,NA,NA,NA,NA,NA,NA,NA,NA,NA,NA,NA,NA
288,0.00107822470693172,8.42629191583255e-4,CT,2024-02-04,1,1,1,1,1,1,1,1,1,1,1,1
289,0.00832209523338065,7.3434391595351e-4,CT,2024-02-05,1,1,1,1,1,1,1,1,1,1,1,1
290,1.12114355750363,0.19084107415959,CT,2024-02-06,1,1,0,0,1,1,1,1,0,0,1,1
291,0.0104578471053964,5.57517547651625e-4,CT,2024-02-07,1,1,1,1,1,1,1,1,1,1,1,1
292,1.34522466981452,0.487329930606195,CT,2024-02-08,1,0,1,0,1,1,1,0,1,0,1,1
293,0.00649999737047705,4.23119627392245e-4,CT,2024-02-09,1,1,1,1,1,1,1,1,1,1,1,1
294,NA,NA,CT,2024-02-10,NA,NA,NA,NA,NA,NA,NA,NA,NA,NA,NA,NA
295,NA,NA,DC,2023-12-31,NA,NA,NA,NA,NA,NA,NA,NA,NA,NA,NA,NA
296,NA,NA,DC,2024-01-01,NA,NA,NA,NA,NA,NA,NA,NA,NA,NA,NA,NA
297,NA,NA,DC,2024-01-02,NA,NA,NA,NA,NA,NA,NA,NA,NA,NA,NA,NA
298,0.104064579613698,0.0705180485519095,DC,2024-01-03,1,1,1,1,1,1,1,1,1,0,1,0
299,0.0930286085235363,0.0637960135853365,DC,2024-01-04,1,1,1,1,1,1,1,1,1,1,1,1
300,0.513305171543192,0.32473238523243,DC,2024-01-05,1,1,1,1,1,1,1,1,0,0,1,1
301,NA,NA,DC,2024-01-06,NA,NA,NA,NA,NA,NA,NA,NA,NA,NA,NA,NA
302,0.21160056396556,0.0466344107789062,DC,2024-01-07,1,1,1,1,1,1,1,1,1,1,1,1
303,0.345942882039257,0.04183872261291465,DC,2024-01-08,1,1,1,1,1,1,1,1,1,1,1,1
304,0.972185271041728,0.0374640957924433,DC,2024-01-09,1,1,1,0,1,1,1,1,0,0,1,1
305,0.962633930351147,0.677991089451805,DC,2024-01-10,1,1,0,0,1,1,1,1,0,1,1,0
306,NA,NA,DC,2024-01-11,NA,NA,NA,NA,NA,NA,NA,NA,NA,NA,NA,NA
307,NA,NA,DC,2024-01-12,NA,NA,NA,NA,NA,NA,NA,NA,NA,NA,NA,NA
308,0.0379998193656836,0.02366033328770165,DC,2024-01-13,1,1,1,1,1,1,1,1,1,1,1,1
309,NA,NA,DC,2024-01-14,NA,NA,NA,NA,NA,NA,NA,NA,NA,NA,NA,NA
310,NA,NA,DC,2024-01-15,NA,NA,NA,NA,NA,NA,NA,NA,NA,NA,NA,NA
311,NA,NA,DC,2024-01-16,NA,NA,NA,NA,NA,NA,NA,NA,NA,NA,NA,NA
312,0.0234472789815945,0.01457284418472135,DC,2024-01-17,1,1,1,1,1,1,1,1,0,0,1,1
313,0.0190094344041296,0.0128664962586025,DC,2024-01-18,1,1,1,1,1,1,1,1,1,1,1,1
314,NA,NA,DC,2024-01-19,NA,NA,NA,NA,NA,NA,NA,NA,NA,NA,NA,NA
315,NA,NA,DC,2024-01-20,NA,NA,NA,NA,NA,NA,NA,NA,NA,NA,NA,NA
316,1.15842426034289,0.8263642455712,DC,2024-01-21,1,1,0,0,1,1,1,1,0,1,1,0
317,NA,NA,DC,2024-01-22,NA,NA,NA,NA,NA,NA,NA,NA,NA,NA,NA,NA
318,0.036255940341111,0.0067882340333713,DC,2024-01-23,1,1,1,1,1,1,1,1,1,1,1,1
319,NA,NA,DC,2024-01-24,NA,NA,NA,NA,NA,NA,NA,NA,NA,NA,NA,NA
320,NA,NA,DC,2024-01-25,NA,NA,NA,NA,NA,NA,NA,NA,NA,NA,NA,NA
321,NA,NA,DC,2024-01-26,NA,NA,NA,NA,NA,NA,NA,NA,NA,NA,NA,NA
322,NA,NA,DC,2024-01-27,NA,NA,NA,NA,NA,NA,NA,NA,NA,NA,NA,NA
323,NA,NA,DC,2024-01-28,NA,NA,NA,NA,NA,NA,NA,NA,NA,NA,NA,NA
324,NA,NA,DC,2024-01-29,NA,NA,NA,NA,NA,NA,NA,NA,NA,NA,NA,NA
325,NA,NA,DC,2024-01-30,NA,NA,NA,NA,NA,NA,NA,NA,NA,NA,NA,NA
326,0.00393414413715301,0.002337222301232075,DC,2024-01-31,1,1,1,1,1,1,1,1,1,1,1,1
327,0.00302339060669665,0.00204029200365999,DC,2024-02-01,1,1,1,1,1,1,1,1,1,1,1,1
328,0.00312488871482185,0.001780335680892105,DC,2024-02-02,1,1,1,1,1,1,1,1,1,1,1,1
329,NA,NA,DC,2024-02-03,NA,NA,NA,NA,NA,NA,NA,NA,NA,NA,NA,NA
330,NA,NA,DC,2024-02-04,NA,NA,NA,NA,NA,NA,NA,NA,NA,NA,NA,NA
331,NA,NA,DC,2024-02-05,NA,NA,NA,NA,NA,NA,NA,NA,NA,NA,NA,NA
332,NA,NA,DC,2024-02-06,NA,NA,NA,NA,NA,NA,NA,NA,NA,NA,NA,NA
333,NA,NA,DC,2024-02-07,NA,NA,NA,NA,NA,NA,NA,NA,NA,NA,NA,NA
334,NA,NA,DC,2024-02-08,NA,NA,NA,NA,NA,NA,NA,NA,NA,NA,NA,NA
335,NA,NA,DC,2024-02-09,NA,NA,NA,NA,NA,NA,NA,NA,NA,NA,NA,NA
336,NA,NA,DC,2024-02-10,NA,NA,NA,NA,NA,NA,NA,NA,NA,NA,NA,NA
337,0.317617913667693,0.073294694243454,DE,2023-12-31,1,1,1,1,1,1,1,1,0,0,1,1
338,2.17389354792322,0.530978179278905,DE,2024-01-01,0,1,0,0,1,1,1,1,1,0,1,0
339,1.25621863950728,0.11341927399922,DE,2024-01-02,1,1,1,0,1,1,0,1,1,0,0,0
340,1.67497502102437,0.0546695994844385,DE,2024-01-03,1,1,1,0,1,1,1,1,0,0,1,1
341,0.876375433021422,0.193007219168212,DE,2024-01-04,0,1,1,1,1,1,0,1,0,1,1,1
342,0.0625898960645039,0.04455437797861245,DE,2024-01-05,1,1,1,1,1,1,1,1,1,1,1,1
343,0.896000658054821,0.1914043426621025,DE,2024-01-06,1,0,1,1,1,1,0,0,1,1,1,1
344,0.18694276991607,0.03606989441201315,DE,2024-01-07,1,1,1,1,1,1,1,1,1,1,1,1
345,1.8936274880327,0.447635968016413,DE,2024-01-08,1,1,0,0,0,1,0,1,1,0,1,1
346,0.422373536477453,0.02902430748231105,DE,2024-01-09,1,1,1,1,1,1,1,1,1,1,1,1
347,1.14697318924456,0.821457030226205,DE,2024-01-10,0,1,1,0,1,1,0,1,1,0,1,1
348,0.404982241704395,0.1649146189424305,DE,2024-01-11,1,1,1,1,1,1,1,1,1,1,1,1
349,NA,NA,DE,2024-01-12,NA,NA,NA,NA,NA,NA,NA,NA,NA,NA,NA,NA
350,0.183970716636087,0.01849658025233475,DE,2024-01-13,1,1,1,1,1,1,1,1,1,1,1,1
351,0.912006141716208,0.2275904227181715,DE,2024-01-14,1,0,1,1,1,1,1,0,1,0,1,1
352,0.0214726832965612,0.0146654462952153,DE,2024-01-15,1,1,1,1,1,1,1,1,1,1,1,1
353,0.293740690098725,0.0130394796066917,DE,2024-01-16,1,1,1,1,1,1,1,1,1,1,1,1
354,0.0604491872227904,0.01158345610553075,DE,2024-01-17,1,1,1,1,1,1,0,1,1,0,1,1
355,0.100011151421288,0.0102814930150099,DE,2024-01-18,1,1,1,1,1,1,1,1,1,1,1,1
356,NA,NA,DE,2024-01-19,NA,NA,NA,NA,NA,NA,NA,NA,NA,NA,NA,NA
357,NA,NA,DE,2024-01-20,NA,NA,NA,NA,NA,NA,NA,NA,NA,NA,NA,NA
358,0.010369791633614,0.0071583162530534,DE,2024-01-21,1,1,1,1,1,1,1,1,1,1,1,1
359,1.24908903043133,0.223739370494831,DE,2024-01-22,1,1,1,0,0,1,1,1,0,1,0,1
360,0.100132871570777,0.0056058687725646,DE,2024-01-23,1,1,1,1,1,1,1,1,0,0,1,1
361,0.0950264424291436,0.004957088339319425,DE,2024-01-24,1,1,1,1,1,1,1,1,0,0,1,1
362,0.00665637795540487,0.00438144695541589,DE,2024-01-25,1,1,1,1,1,1,1,1,1,1,1,1
363,0.020841857843244,0.00387111527637349,DE,2024-01-26,1,1,1,1,1,1,1,1,1,1,1,1
364,0.0486160172977094,0.003419022488009935,DE,2024-01-27,1,1,1,1,1,1,1,1,1,0,1,0
365,NA,NA,DE,2024-01-28,NA,NA,NA,NA,NA,NA,NA,NA,NA,NA,NA,NA
366,0.11973284393219,0.00266471190246824,DE,2024-01-29,1,1,1,1,1,1,1,1,1,1,1,1
367,0.112189520890409,0.002351625358260635,DE,2024-01-30,1,1,1,1,1,1,1,1,1,1,1,1
368,0.019298812593026,0.002074933611790865,DE,2024-01-31,1,1,1,1,1,1,1,1,1,1,1,1
369,NA,NA,DE,2024-02-01,NA,NA,NA,NA,NA,NA,NA,NA,NA,NA,NA,NA
370,0.00257866286948739,0.00161470758352969,DE,2024-02-02,1,1,1,1,1,1,1,1,1,1,1,1
371,0.0155412857647818,0.001424220724844975,DE,2024-02-03,1,1,1,1,1,1,1,1,1,1,1,1
372,0.0151772450105122,0.001256141563742975,DE,2024-02-04,1,1,1,1,1,1,1,1,1,1,1,1
373,0.00168295656956205,0.001107875863968005,DE,2024-02-05,1,1,1,1,1,1,1,1,1,1,1,1
374,0.0545378707186914,9.7711940533827e-4,DE,2024-02-06,1,1,1,1,1,1,1,1,1,1,1,1
375,0.0281846162826978,8.6182769440269e-4,DE,2024-02-07,1,1,1,1,1,1,1,1,1,1,1,1
376,0.0222890680990252,7.60188423244025e-4,DE,2024-02-08,1,1,1,1,1,1,1,1,1,1,1,1
377,0.00874124174386581,6.70596508204805e-4,DE,2024-02-09,1,1,1,1,1,1,1,1,1,1,1,1
378,1.32256702202237,0.4825399750591215,DE,2024-02-10,1,1,1,0,0,1,1,1,1,0,0,1
379,0.872566789877801,0.1397069584868625,FL,2023-12-31,1,1,1,1,0,1,1,1,0,1,0,1
380,0.332085424256507,0.02409434420239065,FL,2024-01-01,1,1,1,1,1,1,1,1,0,0,1,0
381,1.79643113546875,0.134513498004877,FL,2024-01-02,1,1,0,1,1,1,1,1,0,0,1,0
382,1.28966575965713,0.138985314486856,FL,2024-01-03,1,1,1,1,1,1,0,1,1,0,1,0
383,3.24500259582495,0.094724027096135,FL,2024-01-04,1,1,0,0,0,1,1,1,1,0,0,0
384,1.12272611311826,0.1152716992340285,FL,2024-01-05,1,1,1,1,1,1,1,0,1,0,1,1
385,0.698256349605857,0.0688950063032945,FL,2024-01-06,1,1,1,1,1,1,1,1,0,0,1,1
386,1.14839000958185,0.248711879088987,FL,2024-01-07,1,1,1,0,0,1,1,1,1,0,0,1
387,1.0056132117388,0.115677225868471,FL,2024-01-08,0,1,1,1,1,1,0,1,1,0,1,0
388,0.329785305896003,0.0084460021151765,FL,2024-01-09,1,1,1,1,1,1,1,1,0,0,1,1
389,2.14313118220723,0.1378221834718865,FL,2024-01-10,1,1,1,1,1,0,1,1,0,0,0,0
390,0.759357305750094,0.087231695082863,FL,2024-01-11,1,1,1,1,1,1,1,0,0,0,1,1
391,0.487589583404142,0.0628346985513165,FL,2024-01-12,1,1,1,1,1,1,1,1,0,0,1,1
392,0.0863055064108255,0.004872750062079,FL,2024-01-13,1,1,1,1,1,1,1,1,1,0,0,1
393,0.0471889302939141,0.00423873248399899,FL,2024-01-14,1,1,1,1,1,1,1,1,1,1,1,1
394,0.506314941161485,0.0479468267605652,FL,2024-01-15,1,1,1,1,1,1,1,1,0,0,1,1
395,0.960494916469261,0.0661166469934885,FL,2024-01-16,1,1,1,1,1,1,0,1,0,0,1,1
396,3.57380508353849,0.1551558824467755,FL,2024-01-17,1,0,0,0,1,0,1,0,0,1,1,0
397,1.73002966398802,0.114631271623508,FL,2024-01-18,0,0,1,0,1,0,0,0,0,0,1,0
398,1.64044271138135,0.091140096117803,FL,2024-01-19,1,1,1,1,1,0,1,1,0,1,1,0
399,0.175155884203716,0.00181615261030358,FL,2024-01-20,1,1,1,1,1,1,1,1,0,0,1,1
400,0.727586737575735,0.0940789657639345,FL,2024-01-21,1,1,0,1,1,1,1,1,1,1,1,1
401,0.548113553076816,0.059504399537118,FL,2024-01-22,1,1,1,1,1,1,0,1,0,1,1,1
402,1.46578890878067,0.107108727655229,FL,2024-01-23,0,1,1,0,1,0,0,1,1,0,1,0
403,2.74772460905798,0.220195154945622,FL,2024-01-24,1,1,0,0,1,0,1,1,0,0,1,0
404,0.149667970236097,8.88021278534865e-4,FL,2024-01-25,1,1,1,1,1,1,1,1,1,1,1,1
405,0.803254261715665,0.057326755954468,FL,2024-01-26,1,1,1,1,0,1,1,1,1,1,1,1
406,0.00938015310114218,6.66282514366665e-4,FL,2024-01-27,1,1,1,1,1,1,1,1,1,1,1,1
407,NA,NA,FL,2024-01-28,NA,NA,NA,NA,NA,NA,NA,NA,NA,NA,NA,NA
408,0.328237076548206,4.9980269644481e-4,FL,2024-01-29,1,1,1,1,1,1,1,1,0,0,1,1
409,0.0714578687788547,4.3287771242579e-4,FL,2024-01-30,1,1,1,1,1,1,1,1,1,0,1,0
410,0.223422176175601,3.7492590004429e-4,FL,2024-01-31,1,1,1,1,1,1,1,1,0,0,1,1
411,2.04789352926096,0.075312054979417,FL,2024-02-01,1,1,1,0,1,0,1,1,0,0,1,0
412,2.09860632888609,0.0852038514003755,FL,2024-02-02,1,1,1,0,1,0,1,1,0,0,1,0
413,1.21385679036946,0.163286581906151,FL,2024-02-03,1,1,1,0,1,0,1,1,1,0,1,0
414,NA,NA,FL,2024-02-04,NA,NA,NA,NA,NA,NA,NA,NA,NA,NA,NA,NA
415,1.12163655296475,0.1220160916779105,FL,2024-02-05,1,1,0,0,1,1,1,1,1,1,1,1
416,4.79111160149166,0.148506540344424,FL,2024-02-06,0,1,0,0,1,0,0,1,0,0,1,1
417,1.86490063016925,0.0788786274080605,FL,2024-02-07,0,1,1,0,1,0,0,1,1,0,1,0
418,0.854324526382964,0.03779668356214705,FL,2024-02-08,1,1,0,1,1,1,1,1,0,0,1,1
419,0.0557869666530061,1.033889798283e-4,FL,2024-02-09,1,1,1,1,1,1,1,1,1,1,1,1
420,0.0037821817910077,8.9687648596135e-5,FL,2024-02-10,1,1,1,1,1,1,1,1,1,1,1,1
421,0.410045740377576,0.301373421642996,GA,2023-12-31,1,1,1,1,1,1,1,1,0,0,1,1
422,0.800920796779446,0.305915176369015,GA,2024-01-01,1,1,0,1,1,1,1,1,1,1,1,1
423,2.14997081384222,0.3033667028351075,GA,2024-01-02,1,1,0,1,1,0,0,1,1,0,1,0
424,3.02493460959374,0.1799633674510795,GA,2024-01-03,1,0,1,0,1,1,0,0,1,0,1,0
425,0.708987084580337,0.2501561484587835,GA,2024-01-04,1,1,1,1,1,1,0,1,0,0,1,0
426,1.57343752501985,0.1093163368686675,GA,2024-01-05,1,1,1,0,1,1,0,1,1,0,1,1
427,0.8472448783928,0.2882926965575855,GA,2024-01-06,0,1,1,1,1,1,0,1,0,1,1,1
428,0.0764108354939301,0.04971683502566965,GA,2024-01-07,1,1,1,1,1,1,1,1,1,1,1,1
429,2.40911057303821,0.354089824023168,GA,2024-01-08,1,1,0,0,1,1,0,1,0,0,1,0
430,2.69510431168374,0.324520371520995,GA,2024-01-09,1,1,0,0,1,1,1,0,0,1,0,1
431,1.32731856324014,0.171412269605323,GA,2024-01-10,0,1,0,1,1,1,0,1,0,1,1,0
432,1.59984479823379,0.1518274433341735,GA,2024-01-11,1,1,1,1,1,0,1,0,0,0,1,0
433,3.20773857182446,0.36956834616284,GA,2024-01-12,0,1,1,0,0,0,0,1,1,0,0,1
434,0.898614165254907,0.1499241720400935,GA,2024-01-13,0,1,1,1,1,1,0,1,0,0,1,0
435,0.508895688588384,0.102097279665328,GA,2024-01-14,1,1,1,1,1,1,1,1,0,0,1,1
436,0.827438305236432,0.149247495884673,GA,2024-01-15,0,1,1,1,1,1,0,1,0,0,1,0
437,0.822020290389519,0.13312178178915,GA,2024-01-16,1,1,1,1,1,1,1,1,0,0,1,0
438,0.796194334258151,0.1331185046807775,GA,2024-01-17,1,1,1,1,1,1,1,1,0,1,1,0
439,1.68415424982734,0.2628157635297505,GA,2024-01-18,0,1,1,0,0,1,0,1,1,0,0,1
440,0.456190746277331,0.01275794389919775,GA,2024-01-19,1,1,1,1,1,1,1,1,1,1,1,1
441,0.836214463233588,0.08875266020313,GA,2024-01-20,1,1,1,1,1,0,1,1,1,0,1,0
442,0.794528438125636,0.1176172307005995,GA,2024-01-21,1,1,1,1,1,0,1,1,1,1,1,1
443,0.447377722631,0.077304188250868,GA,2024-01-22,1,1,1,1,1,1,1,1,0,1,1,0
444,1.56595275139743,0.168479095241548,GA,2024-01-23,1,1,0,1,1,1,1,1,0,0,1,0
445,0.183656650458103,0.0069152016790225,GA,2024-01-24,1,1,1,1,1,1,1,1,1,1,1,1
446,0.124232348045752,0.00610591868121235,GA,2024-01-25,1,1,1,1,1,1,1,1,0,0,1,1
447,0.178262044871902,0.0053885431056693,GA,2024-01-26,1,1,1,1,1,1,0,1,1,0,1,1
448,0.105621003534017,0.00475324138015345,GA,2024-01-27,1,1,1,1,1,1,1,1,1,1,1,1
449,0.280658459916133,0.004191115136258,GA,2024-01-28,1,1,1,1,1,1,1,1,1,1,1,1
450,0.78961674750518,0.087001925851718,GA,2024-01-29,1,1,1,1,1,0,1,1,1,0,1,0
451,0.335608996728274,0.003255070168588,GA,2024-01-30,1,1,1,1,1,1,1,1,1,1,1,1
452,0.817348002372908,0.0573690910731755,GA,2024-01-31,1,1,1,1,1,0,1,1,0,1,1,0
453,0.552067220159649,0.00252540061793863,GA,2024-02-01,1,1,1,1,1,1,1,1,1,1,1,1
454,0.96839849764197,0.10676903288587,GA,2024-02-02,1,0,1,1,1,1,1,0,1,0,1,1
455,0.809794150295007,0.0800046829454545,GA,2024-02-03,1,1,1,1,0,1,1,1,1,0,0,1
456,0.0545900161715687,0.001723665834280105,GA,2024-02-04,1,1,1,1,1,1,1,1,1,1,1,1
457,0.906651708177764,0.0958809973146945,GA,2024-02-05,1,1,1,1,0,1,1,1,1,1,1,1
458,0.631865507108748,0.00133571841338561,GA,2024-02-06,1,1,1,1,1,1,1,1,0,0,1,1
459,0.818408229146296,0.0409001145124634,GA,2024-02-07,1,1,1,1,1,0,1,1,0,1,1,0
460,0.06858392474733,0.00103514379025105,GA,2024-02-08,1,1,1,1,1,1,1,1,1,1,1,1
461,0.0211158683065437,9.11357283205935e-4,GA,2024-02-09,1,1,1,1,1,1,1,1,1,1,1,1
462,0.00166259189426596,8.0246268042352e-4,GA,2024-02-10,1,1,1,1,1,1,1,1,1,1,1,1
463,NA,NA,HI,2023-12-31,NA,NA,NA,NA,NA,NA,NA,NA,NA,NA,NA,NA
464,NA,NA,HI,2024-01-01,NA,NA,NA,NA,NA,NA,NA,NA,NA,NA,NA,NA
465,NA,NA,HI,2024-01-02,NA,NA,NA,NA,NA,NA,NA,NA,NA,NA,NA,NA
466,NA,NA,HI,2024-01-03,NA,NA,NA,NA,NA,NA,NA,NA,NA,NA,NA,NA
467,NA,NA,HI,2024-01-04,NA,NA,NA,NA,NA,NA,NA,NA,NA,NA,NA,NA
468,NA,NA,HI,2024-01-05,NA,NA,NA,NA,NA,NA,NA,NA,NA,NA,NA,NA
469,NA,NA,HI,2024-01-06,NA,NA,NA,NA,NA,NA,NA,NA,NA,NA,NA,NA
470,NA,NA,HI,2024-01-07,NA,NA,NA,NA,NA,NA,NA,NA,NA,NA,NA,NA
471,NA,NA,HI,2024-01-08,NA,NA,NA,NA,NA,NA,NA,NA,NA,NA,NA,NA
472,0.0933154817397742,0.0725669216715565,HI,2024-01-09,1,1,1,1,1,1,1,1,1,1,1,1
473,NA,NA,HI,2024-01-10,NA,NA,NA,NA,NA,NA,NA,NA,NA,NA,NA,NA
474,NA,NA,HI,2024-01-11,NA,NA,NA,NA,NA,NA,NA,NA,NA,NA,NA,NA
475,0.0682589832603807,0.0556930468090495,HI,2024-01-12,1,1,1,1,1,1,1,1,1,1,1,1
476,NA,NA,HI,2024-01-13,NA,NA,NA,NA,NA,NA,NA,NA,NA,NA,NA,NA
477,NA,NA,HI,2024-01-14,NA,NA,NA,NA,NA,NA,NA,NA,NA,NA,NA,NA
478,NA,NA,HI,2024-01-15,NA,NA,NA,NA,NA,NA,NA,NA,NA,NA,NA,NA
479,NA,NA,HI,2024-01-16,NA,NA,NA,NA,NA,NA,NA,NA,NA,NA,NA,NA
480,NA,NA,HI,2024-01-17,NA,NA,NA,NA,NA,NA,NA,NA,NA,NA,NA,NA
481,NA,NA,HI,2024-01-18,NA,NA,NA,NA,NA,NA,NA,NA,NA,NA,NA,NA
482,NA,NA,HI,2024-01-19,NA,NA,NA,NA,NA,NA,NA,NA,NA,NA,NA,NA
483,NA,NA,HI,2024-01-20,NA,NA,NA,NA,NA,NA,NA,NA,NA,NA,NA,NA
484,NA,NA,HI,2024-01-21,NA,NA,NA,NA,NA,NA,NA,NA,NA,NA,NA,NA
485,NA,NA,HI,2024-01-22,NA,NA,NA,NA,NA,NA,NA,NA,NA,NA,NA,NA
486,NA,NA,HI,2024-01-23,NA,NA,NA,NA,NA,NA,NA,NA,NA,NA,NA,NA
487,NA,NA,HI,2024-01-24,NA,NA,NA,NA,NA,NA,NA,NA,NA,NA,NA,NA
488,NA,NA,HI,2024-01-25,NA,NA,NA,NA,NA,NA,NA,NA,NA,NA,NA,NA
489,NA,NA,HI,2024-01-26,NA,NA,NA,NA,NA,NA,NA,NA,NA,NA,NA,NA
490,NA,NA,HI,2024-01-27,NA,NA,NA,NA,NA,NA,NA,NA,NA,NA,NA,NA
491,NA,NA,HI,2024-01-28,NA,NA,NA,NA,NA,NA,NA,NA,NA,NA,NA,NA
492,NA,NA,HI,2024-01-29,NA,NA,NA,NA,NA,NA,NA,NA,NA,NA,NA,NA
493,NA,NA,HI,2024-01-30,NA,NA,NA,NA,NA,NA,NA,NA,NA,NA,NA,NA
494,0.00888926560139498,0.00805121410183395,HI,2024-01-31,1,1,1,1,1,1,1,1,1,1,1,1
495,NA,NA,HI,2024-02-01,NA,NA,NA,NA,NA,NA,NA,NA,NA,NA,NA,NA
496,NA,NA,HI,2024-02-02,NA,NA,NA,NA,NA,NA,NA,NA,NA,NA,NA,NA
497,NA,NA,HI,2024-02-03,NA,NA,NA,NA,NA,NA,NA,NA,NA,NA,NA,NA
498,NA,NA,HI,2024-02-04,NA,NA,NA,NA,NA,NA,NA,NA,NA,NA,NA,NA
499,NA,NA,HI,2024-02-05,NA,NA,NA,NA,NA,NA,NA,NA,NA,NA,NA,NA
500,NA,NA,HI,2024-02-06,NA,NA,NA,NA,NA,NA,NA,NA,NA,NA,NA,NA
501,NA,NA,HI,2024-02-07,NA,NA,NA,NA,NA,NA,NA,NA,NA,NA,NA,NA
502,NA,NA,HI,2024-02-08,NA,NA,NA,NA,NA,NA,NA,NA,NA,NA,NA,NA
503,NA,NA,HI,2024-02-09,NA,NA,NA,NA,NA,NA,NA,NA,NA,NA,NA,NA
504,NA,NA,HI,2024-02-10,NA,NA,NA,NA,NA,NA,NA,NA,NA,NA,NA,NA
505,4.21972505187921,0.428389787240061,IA,2023-12-31,0,1,0,0,1,1,0,1,0,0,1,0
506,0.442600444727539,0.03449765009718475,IA,2024-01-01,1,1,1,1,1,1,1,1,1,0,1,0
507,2.0466960329397,0.2683814951360115,IA,2024-01-02,0,1,1,0,1,0,0,0,0,0,0,0
508,1.67050683724082,0.2436832227566685,IA,2024-01-03,1,1,1,0,1,0,1,1,0,0,1,0
509,1.36329278941213,0.200716626275336,IA,2024-01-04,1,1,0,1,1,1,1,1,0,0,1,0
510,1.88799389965113,0.82445260432444,IA,2024-01-05,0,1,1,0,1,0,0,1,1,0,1,0
511,2.75680896093558,0.6336656895621,IA,2024-01-06,0,1,1,0,1,0,0,1,1,0,1,0
512,2.43057076138174,0.2297193818152845,IA,2024-01-07,1,1,1,0,1,0,0,1,1,0,1,0
513,1.08590377075183,0.217178897704331,IA,2024-01-08,0,1,1,1,1,1,0,1,1,0,1,1
514,0.0171310335239435,0.0128189045545121,IA,2024-01-09,1,1,1,1,1,1,1,1,1,1,1,1
515,1.60870619422364,0.13476175956378,IA,2024-01-10,1,1,1,1,0,1,1,1,0,1,0,1
516,0.447208764729135,0.1000508090159865,IA,2024-01-11,1,1,1,1,1,1,1,1,0,0,1,1
517,0.0112153923470951,0.00865353435248345,IA,2024-01-12,1,1,1,1,1,1,1,1,1,1,1,1
518,1.136850208452,0.4450153683183295,IA,2024-01-13,1,1,1,0,1,0,1,1,1,0,1,0
519,0.310653345613087,0.00662689692834825,IA,2024-01-14,1,1,1,1,1,1,1,1,1,1,1,1
520,0.0530219139651483,0.00579197097805615,IA,2024-01-15,1,1,1,1,1,1,1,1,1,1,1,1
521,0.0530500041574445,0.00505846543350585,IA,2024-01-16,1,1,1,1,1,1,1,1,1,1,1,1
522,1.06774170039467,0.306058214938618,IA,2024-01-17,1,1,1,0,1,0,1,1,1,0,1,0
523,0.0614582338421121,0.00385068584465602,IA,2024-01-18,1,1,1,1,1,1,1,1,1,1,1,1
524,0.0365389841675751,0.00335671786532554,IA,2024-01-19,1,1,1,1,1,1,1,1,1,1,1,1
525,0.0271747332728642,0.002924607663458685,IA,2024-01-20,1,1,1,1,1,1,1,1,1,1,1,1
526,0.0116854855034689,0.00254693852846076,IA,2024-01-21,1,1,1,1,1,1,1,1,1,1,1,1
527,3.46540173698562,0.3924532012316545,IA,2024-01-22,1,1,0,0,1,1,1,1,0,0,1,1
528,2.94347868168563,0.348266366801451,IA,2024-01-23,1,1,0,0,1,0,1,1,0,0,1,0
529,1.57486811552961,0.1711350746856665,IA,2024-01-24,1,1,0,0,1,0,1,1,0,0,1,0
530,0.750211645742827,0.1045070508089955,IA,2024-01-25,1,1,0,1,1,1,1,1,0,0,1,1
531,0.00723918907908301,0.001268943530786445,IA,2024-01-26,1,1,1,1,1,1,1,1,1,1,1,1
532,NA,NA,IA,2024-01-27,NA,NA,NA,NA,NA,NA,NA,NA,NA,NA,NA,NA
533,0.0702243015574267,9.58642102557635e-4,IA,2024-01-28,1,1,1,1,1,1,1,1,1,1,1,1
534,0.02371614456161,8.3303859742563e-4,IA,2024-01-29,1,1,1,1,1,1,1,1,1,1,1,1
535,1.2191043522097,0.241663512952585,IA,2024-01-30,1,1,1,0,0,1,1,1,1,0,0,1
536,0.0010038087892728,6.2886160305452e-4,IA,2024-01-31,1,1,1,1,1,1,1,1,1,1,1,1
537,0.00552233596170312,5.4633908130304e-4,IA,2024-02-01,1,1,1,1,1,1,1,1,1,1,1,1
538,1.18321416241137,0.138957665446653,IA,2024-02-02,1,1,1,0,1,0,1,1,1,0,1,0
539,0.00231923426853989,4.1234546590758e-4,IA,2024-02-03,1,1,1,1,1,1,1,1,1,1,1,1
540,6.505099562756e-4,3.58241105216225e-4,IA,2024-02-04,1,1,1,1,1,1,1,1,1,1,1,1
541,1.12731095960595,0.088973594091709,IA,2024-02-05,1,1,1,0,1,0,1,1,1,0,1,0
542,1.21894476203198,0.1617474237822755,IA,2024-02-06,1,1,0,0,1,1,1,1,0,0,1,1
543,0.00916797948185819,2.3501812842128e-4,IA,2024-02-07,1,1,1,1,1,1,1,1,1,1,1,1
544,0.00930469079541452,2.0425368964335e-4,IA,2024-02-08,1,1,1,1,1,1,1,1,1,1,1,1
545,0.00964847107507946,1.77541623996805e-4,IA,2024-02-09,1,1,1,1,1,1,1,1,1,1,1,1
546,0.00444597005203244,1.5434791287197e-4,IA,2024-02-10,1,1,1,1,1,1,1,1,1,1,1,1
547,NA,NA,ID,2023-12-31,NA,NA,NA,NA,NA,NA,NA,NA,NA,NA,NA,NA
548,NA,NA,ID,2024-01-01,NA,NA,NA,NA,NA,NA,NA,NA,NA,NA,NA,NA
549,NA,NA,ID,2024-01-02,NA,NA,NA,NA,NA,NA,NA,NA,NA,NA,NA,NA
550,0.102701560575763,0.084528898728459,ID,2024-01-03,1,1,1,1,1,1,1,1,1,1,1,1
551,NA,NA,ID,2024-01-04,NA,NA,NA,NA,NA,NA,NA,NA,NA,NA,NA,NA
552,NA,NA,ID,2024-01-05,NA,NA,NA,NA,NA,NA,NA,NA,NA,NA,NA,NA
553,NA,NA,ID,2024-01-06,NA,NA,NA,NA,NA,NA,NA,NA,NA,NA,NA,NA
554,NA,NA,ID,2024-01-07,NA,NA,NA,NA,NA,NA,NA,NA,NA,NA,NA,NA
555,NA,NA,ID,2024-01-08,NA,NA,NA,NA,NA,NA,NA,NA,NA,NA,NA,NA
556,0.0551119731545357,0.0482833221071369,ID,2024-01-09,1,1,1,1,1,1,1,1,1,1,1,1
557,NA,NA,ID,2024-01-10,NA,NA,NA,NA,NA,NA,NA,NA,NA,NA,NA,NA
558,NA,NA,ID,2024-01-11,NA,NA,NA,NA,NA,NA,NA,NA,NA,NA,NA,NA
559,NA,NA,ID,2024-01-12,NA,NA,NA,NA,NA,NA,NA,NA,NA,NA,NA,NA
560,NA,NA,ID,2024-01-13,NA,NA,NA,NA,NA,NA,NA,NA,NA,NA,NA,NA
561,NA,NA,ID,2024-01-14,NA,NA,NA,NA,NA,NA,NA,NA,NA,NA,NA,NA
562,NA,NA,ID,2024-01-15,NA,NA,NA,NA,NA,NA,NA,NA,NA,NA,NA,NA
563,NA,NA,ID,2024-01-16,NA,NA,NA,NA,NA,NA,NA,NA,NA,NA,NA,NA
564,NA,NA,ID,2024-01-17,NA,NA,NA,NA,NA,NA,NA,NA,NA,NA,NA,NA
565,NA,NA,ID,2024-01-18,NA,NA,NA,NA,NA,NA,NA,NA,NA,NA,NA,NA
566,NA,NA,ID,2024-01-19,NA,NA,NA,NA,NA,NA,NA,NA,NA,NA,NA,NA
567,NA,NA,ID,2024-01-20,NA,NA,NA,NA,NA,NA,NA,NA,NA,NA,NA,NA
568,NA,NA,ID,2024-01-21,NA,NA,NA,NA,NA,NA,NA,NA,NA,NA,NA,NA
569,NA,NA,ID,2024-01-22,NA,NA,NA,NA,NA,NA,NA,NA,NA,NA,NA,NA
570,NA,NA,ID,2024-01-23,NA,NA,NA,NA,NA,NA,NA,NA,NA,NA,NA,NA
571,NA,NA,ID,2024-01-24,NA,NA,NA,NA,NA,NA,NA,NA,NA,NA,NA,NA
572,NA,NA,ID,2024-01-25,NA,NA,NA,NA,NA,NA,NA,NA,NA,NA,NA,NA
573,NA,NA,ID,2024-01-26,NA,NA,NA,NA,NA,NA,NA,NA,NA,NA,NA,NA
574,NA,NA,ID,2024-01-27,NA,NA,NA,NA,NA,NA,NA,NA,NA,NA,NA,NA
575,NA,NA,ID,2024-01-28,NA,NA,NA,NA,NA,NA,NA,NA,NA,NA,NA,NA
576,NA,NA,ID,2024-01-29,NA,NA,NA,NA,NA,NA,NA,NA,NA,NA,NA,NA
577,NA,NA,ID,2024-01-30,NA,NA,NA,NA,NA,NA,NA,NA,NA,NA,NA,NA
578,NA,NA,ID,2024-01-31,NA,NA,NA,NA,NA,NA,NA,NA,NA,NA,NA,NA
579,NA,NA,ID,2024-02-01,NA,NA,NA,NA,NA,NA,NA,NA,NA,NA,NA,NA
580,NA,NA,ID,2024-02-02,NA,NA,NA,NA,NA,NA,NA,NA,NA,NA,NA,NA
581,NA,NA,ID,2024-02-03,NA,NA,NA,NA,NA,NA,NA,NA,NA,NA,NA,NA
582,NA,NA,ID,2024-02-04,NA,NA,NA,NA,NA,NA,NA,NA,NA,NA,NA,NA
583,NA,NA,ID,2024-02-05,NA,NA,NA,NA,NA,NA,NA,NA,NA,NA,NA,NA
584,NA,NA,ID,2024-02-06,NA,NA,NA,NA,NA,NA,NA,NA,NA,NA,NA,NA
585,NA,NA,ID,2024-02-07,NA,NA,NA,NA,NA,NA,NA,NA,NA,NA,NA,NA
586,NA,NA,ID,2024-02-08,NA,NA,NA,NA,NA,NA,NA,NA,NA,NA,NA,NA
587,NA,NA,ID,2024-02-09,NA,NA,NA,NA,NA,NA,NA,NA,NA,NA,NA,NA
588,NA,NA,ID,2024-02-10,NA,NA,NA,NA,NA,NA,NA,NA,NA,NA,NA,NA
589,2.96610935672087,0.3154449783057795,IL,2023-12-31,0,1,0,0,1,1,0,1,0,0,1,0
590,2.43922550153543,0.2709595065806735,IL,2024-01-01,0,1,0,1,0,1,0,1,0,1,0,0
591,6.97335773571985,0.3140287514934005,IL,2024-01-02,1,0,0,0,1,1,0,0,0,0,0,0
592,3.3657944519075498,0.238901412596452,IL,2024-01-03,0,1,1,1,1,1,0,1,0,0,0,0
593,1.77577602208527,0.317153556921491,IL,2024-01-04,1,0,1,0,0,1,0,0,0,0,0,0
594,1.78234659591496,0.248980677234581,IL,2024-01-05,1,1,0,1,1,1,1,1,0,0,0,1
595,1.08069636647126,0.224307864528559,IL,2024-01-06,1,1,1,1,1,1,0,1,0,0,1,0
596,1.92904162665574,0.0728913264144835,IL,2024-01-07,1,1,1,0,1,1,1,1,0,0,0,1
597,2.41405231459396,0.2012553959824405,IL,2024-01-08,1,1,1,1,1,0,1,1,0,0,0,0
598,1.42372126339909,0.2706339643847525,IL,2024-01-09,0,1,1,0,1,1,0,1,1,0,1,0
599,1.69731870987212,0.0745476003041985,IL,2024-01-10,1,1,0,0,1,1,0,1,0,0,1,0
600,3.60879025570082,0.235217518084372,IL,2024-01-11,1,0,1,0,1,1,0,0,0,0,1,0
601,3.47573365671853,0.2827931653920175,IL,2024-01-12,0,1,0,0,1,1,0,1,0,0,1,1
602,3.25769550902411,0.3306858788889995,IL,2024-01-13,0,1,0,0,1,0,0,1,0,0,1,0
603,1.17735710591997,0.282508298843982,IL,2024-01-14,1,1,1,0,0,1,1,1,0,0,0,1
604,1.90039400057395,0.31324663442308,IL,2024-01-15,1,0,0,0,1,1,0,0,0,0,1,1
605,4.22178170364411,0.3171874923744195,IL,2024-01-16,1,0,1,0,1,0,0,0,0,0,1,0
606,1.01197186743475,0.068492812637484,IL,2024-01-17,1,1,1,1,1,0,1,1,1,1,1,1
607,3.68086628695001,0.388504089435213,IL,2024-01-18,1,1,0,0,0,0,1,1,0,0,0,0
608,0.406937977887029,0.0831690858204525,IL,2024-01-19,1,1,1,1,1,1,1,1,0,0,1,1
609,0.710769393222775,0.214997404899005,IL,2024-01-20,1,1,0,1,1,1,1,1,0,0,1,1
610,1.45431987630309,0.2951078467709995,IL,2024-01-21,1,1,1,0,1,0,1,1,0,0,1,0
611,0.810556107575832,0.1087691034242375,IL,2024-01-22,1,1,1,1,1,0,1,1,0,0,1,0
612,1.1625654962334,0.0916022033900325,IL,2024-01-23,0,1,1,1,1,0,0,1,0,0,1,0
613,0.887339171087731,0.0733285457851585,IL,2024-01-24,1,0,1,1,1,1,1,0,0,0,1,1
614,0.428818076055184,0.004165497869114115,IL,2024-01-25,1,1,1,1,1,1,1,1,1,1,1,1
615,0.897437295070561,0.04988321888997265,IL,2024-01-26,1,1,1,1,0,1,1,1,0,0,0,1
616,0.882691716228065,0.106057298962392,IL,2024-01-27,1,1,1,1,1,0,1,1,0,0,1,1
617,0.909227578189211,0.0879246312517065,IL,2024-01-28,1,0,1,1,1,1,1,0,0,0,1,1
618,0.829255050073262,0.0574758563446285,IL,2024-01-29,1,1,1,1,1,0,1,1,0,1,1,0
619,1.78923629260439,0.148965759864982,IL,2024-01-30,0,1,1,0,1,0,0,1,0,0,1,0
620,0.298385296117772,0.001933410085657385,IL,2024-01-31,1,1,1,1,1,1,1,1,0,0,1,1
621,0.861333326108366,0.049012964943034,IL,2024-02-01,1,1,1,1,1,0,1,1,1,0,1,0
622,1.92418620140921,0.1202063246577175,IL,2024-02-02,1,1,1,0,1,0,1,1,1,0,1,0
623,3.16257307994518,0.406387974900441,IL,2024-02-03,1,1,0,0,1,0,1,1,0,0,1,0
624,0.139006593207524,0.001151130023061415,IL,2024-02-04,1,1,1,1,1,1,1,1,1,1,1,1
625,0.56023379097272,0.00101058145856378,IL,2024-02-05,1,1,1,1,1,1,1,1,1,1,1,1
626,2.19440140519911,0.0833090200196375,IL,2024-02-06,1,1,1,0,0,0,1,1,1,0,1,0
627,1.70011568931793,0.159922114335579,IL,2024-02-07,1,1,0,0,1,0,1,1,0,0,1,0
628,1.78555200763352,0.1216743044856275,IL,2024-02-08,0,0,1,0,1,1,0,0,1,0,1,1
629,1.98798339633634,0.0780703707050195,IL,2024-02-09,1,1,1,0,1,0,1,1,1,0,0,0
630,0.0655238687837986,5.2578717178275e-4,IL,2024-02-10,1,1,1,1,1,1,1,1,0,0,1,1
631,0.454080098817198,0.1359619937336705,IN,2023-12-31,1,1,1,1,1,1,1,1,1,0,1,0
632,0.158691746271654,0.1251725111186235,IN,2024-01-01,1,1,1,1,1,1,1,1,1,0,1,0
633,0.925595973571739,0.226911955832146,IN,2024-01-02,1,1,1,1,1,1,1,1,0,0,1,0
634,0.434664216860032,0.201629346901959,IN,2024-01-03,1,1,1,1,1,1,1,0,0,1,1,1
635,0.481252549257808,0.3022662717366775,IN,2024-01-04,1,1,1,1,1,1,1,1,0,0,1,1
636,0.114830789461347,0.0876800053640265,IN,2024-01-05,1,1,1,1,1,1,1,1,1,1,1,1
637,NA,NA,IN,2024-01-06,NA,NA,NA,NA,NA,NA,NA,NA,NA,NA,NA,NA
638,0.855772587718865,0.561675381206555,IN,2024-01-07,1,1,0,1,1,1,1,1,0,1,0,1
639,0.576829330639651,0.3224138196400315,IN,2024-01-08,1,1,1,1,1,1,1,1,1,1,1,1
640,1.03270338987711,0.71488681054191,IN,2024-01-09,1,1,1,1,1,0,1,1,1,0,1,0
641,0.196948417209412,0.053294801901214,IN,2024-01-10,1,1,1,1,1,1,1,1,0,0,1,1
642,1.89723253847662,0.63130720921156,IN,2024-01-11,1,1,0,0,1,1,1,1,0,0,1,1
643,NA,NA,IN,2024-01-12,NA,NA,NA,NA,NA,NA,NA,NA,NA,NA,NA,NA
644,0.147761473096207,0.0385574659806674,IN,2024-01-13,1,1,1,1,1,1,1,1,0,0,1,1
645,0.132858151686948,0.03448571266300315,IN,2024-01-14,1,1,1,1,1,1,1,1,0,0,1,1
646,0.115927346730169,0.0307908538314991,IN,2024-01-15,1,1,1,1,1,1,1,1,1,0,1,0
647,NA,NA,IN,2024-01-16,NA,NA,NA,NA,NA,NA,NA,NA,NA,NA,NA,NA
648,NA,NA,IN,2024-01-17,NA,NA,NA,NA,NA,NA,NA,NA,NA,NA,NA,NA
649,NA,NA,IN,2024-01-18,NA,NA,NA,NA,NA,NA,NA,NA,NA,NA,NA,NA
650,NA,NA,IN,2024-01-19,NA,NA,NA,NA,NA,NA,NA,NA,NA,NA,NA,NA
651,NA,NA,IN,2024-01-20,NA,NA,NA,NA,NA,NA,NA,NA,NA,NA,NA,NA
652,NA,NA,IN,2024-01-21,NA,NA,NA,NA,NA,NA,NA,NA,NA,NA,NA,NA
653,0.0171272717157562,0.0133597267820919,IN,2024-01-22,1,1,1,1,1,1,1,1,1,1,1,1
654,NA,NA,IN,2024-01-23,NA,NA,NA,NA,NA,NA,NA,NA,NA,NA,NA,NA
655,1.01289967355844,0.29658559781082,IN,2024-01-24,1,1,1,1,1,0,1,1,1,1,1,1
656,0.0107313777560638,0.0091720654864547,IN,2024-01-25,1,1,1,1,1,1,1,1,1,1,1,1
657,1.2676702922895,0.883787912217285,IN,2024-01-26,1,1,1,0,1,0,1,1,1,0,1,0
658,NA,NA,IN,2024-01-27,NA,NA,NA,NA,NA,NA,NA,NA,NA,NA,NA,NA
659,NA,NA,IN,2024-01-28,NA,NA,NA,NA,NA,NA,NA,NA,NA,NA,NA,NA
660,0.0216121230951777,0.0054854537793697,IN,2024-01-29,1,1,1,1,1,1,1,1,1,1,1,1
661,NA,NA,IN,2024-01-30,NA,NA,NA,NA,NA,NA,NA,NA,NA,NA,NA,NA
662,0.0390518237899583,0.004223693150948985,IN,2024-01-31,1,1,1,1,1,1,1,1,1,1,1,1
663,0.017211504610094,0.003702871570667175,IN,2024-02-01,1,1,1,1,1,1,1,1,0,0,1,1
664,NA,NA,IN,2024-02-02,NA,NA,NA,NA,NA,NA,NA,NA,NA,NA,NA,NA
665,NA,NA,IN,2024-02-03,NA,NA,NA,NA,NA,NA,NA,NA,NA,NA,NA,NA
666,0.00245779003637429,0.002487401819665795,IN,2024-02-04,1,1,1,1,1,1,1,1,1,1,1,1
667,NA,NA,IN,2024-02-05,NA,NA,NA,NA,NA,NA,NA,NA,NA,NA,NA,NA
668,1.34318496905026,0.945090164053135,IN,2024-02-06,1,1,1,0,0,1,1,1,1,0,0,1
669,0.0157823653947008,0.00166470199386352,IN,2024-02-07,1,1,1,1,1,1,1,1,1,1,1,1
670,0.00512258889622148,0.00145518140687108,IN,2024-02-08,1,1,1,1,1,1,1,1,1,1,1,1
671,1.12282279801302,0.234171008255455,IN,2024-02-09,1,1,0,0,1,1,1,1,0,0,1,1
672,NA,NA,IN,2024-02-10,NA,NA,NA,NA,NA,NA,NA,NA,NA,NA,NA,NA
673,NA,NA,KS,2023-12-31,NA,NA,NA,NA,NA,NA,NA,NA,NA,NA,NA,NA
674,NA,NA,KS,2024-01-01,NA,NA,NA,NA,NA,NA,NA,NA,NA,NA,NA,NA
675,0.44541065162852,0.0777736317534255,KS,2024-01-02,1,1,1,1,1,1,1,1,1,1,1,1
676,0.632970838759702,0.1609613622044425,KS,2024-01-03,1,1,1,1,1,1,1,1,0,1,0,1
677,NA,NA,KS,2024-01-04,NA,NA,NA,NA,NA,NA,NA,NA,NA,NA,NA,NA
678,1.01747798081125,0.664714768590815,KS,2024-01-05,1,1,1,0,1,0,1,1,1,0,1,0
679,0.0542533758141259,0.0517031159175305,KS,2024-01-06,1,1,1,1,1,1,1,1,1,1,1,1
680,NA,NA,KS,2024-01-07,NA,NA,NA,NA,NA,NA,NA,NA,NA,NA,NA,NA
681,0.0435872781403649,0.0416357722014992,KS,2024-01-08,1,1,1,1,1,1,1,1,1,1,1,1
682,NA,NA,KS,2024-01-09,NA,NA,NA,NA,NA,NA,NA,NA,NA,NA,NA,NA
683,0.886305496348583,0.3846861024069185,KS,2024-01-10,1,1,1,1,1,0,1,0,1,1,1,0
684,0.984835035156025,0.408903226914596,KS,2024-01-11,0,1,1,1,1,1,0,1,1,0,1,1
685,NA,NA,KS,2024-01-12,NA,NA,NA,NA,NA,NA,NA,NA,NA,NA,NA,NA
686,NA,NA,KS,2024-01-13,NA,NA,NA,NA,NA,NA,NA,NA,NA,NA,NA,NA
687,0.0196061900935861,0.02087176007842775,KS,2024-01-14,1,1,1,1,1,1,1,1,1,1,1,1
688,NA,NA,KS,2024-01-15,NA,NA,NA,NA,NA,NA,NA,NA,NA,NA,NA,NA
689,NA,NA,KS,2024-01-16,NA,NA,NA,NA,NA,NA,NA,NA,NA,NA,NA,NA
690,0.99416322641275,0.4109451936705665,KS,2024-01-17,1,1,0,0,1,1,1,1,0,0,1,1
691,NA,NA,KS,2024-01-18,NA,NA,NA,NA,NA,NA,NA,NA,NA,NA,NA,NA
692,NA,NA,KS,2024-01-19,NA,NA,NA,NA,NA,NA,NA,NA,NA,NA,NA,NA
693,NA,NA,KS,2024-01-20,NA,NA,NA,NA,NA,NA,NA,NA,NA,NA,NA,NA
694,NA,NA,KS,2024-01-21,NA,NA,NA,NA,NA,NA,NA,NA,NA,NA,NA,NA
695,0.0568292298885195,0.0077657271110625,KS,2024-01-22,1,1,1,1,1,1,1,1,1,1,1,1
696,0.00673715783153672,0.00683879438850225,KS,2024-01-23,1,1,1,1,1,1,1,1,1,1,1,1
697,0.00548771429522571,0.00601933595153195,KS,2024-01-24,1,1,1,1,1,1,1,1,1,1,1,1
698,0.00526091686712879,0.00529565502387565,KS,2024-01-25,1,1,1,1,1,1,1,1,1,1,1,1
699,NA,NA,KS,2024-01-26,NA,NA,NA,NA,NA,NA,NA,NA,NA,NA,NA,NA
700,NA,NA,KS,2024-01-27,NA,NA,NA,NA,NA,NA,NA,NA,NA,NA,NA,NA
701,NA,NA,KS,2024-01-28,NA,NA,NA,NA,NA,NA,NA,NA,NA,NA,NA,NA
702,0.0384696067306253,0.00316223417736706,KS,2024-01-29,1,1,1,1,1,1,1,1,1,1,1,1
703,0.0101486390120988,0.002778386293431545,KS,2024-01-30,1,1,1,1,1,1,1,1,1,1,1,1
704,1.18566934573997,0.310058790728043,KS,2024-01-31,1,1,1,0,0,1,1,1,1,0,0,1
705,0.0145603470414895,0.00214435265314342,KS,2024-02-01,1,1,1,1,1,1,1,1,0,0,1,1
706,0.00521780025889003,0.00188384732175687,KS,2024-02-02,1,1,1,1,1,1,1,1,1,1,1,1
707,NA,NA,KS,2024-02-03,NA,NA,NA,NA,NA,NA,NA,NA,NA,NA,NA,NA
708,NA,NA,KS,2024-02-04,NA,NA,NA,NA,NA,NA,NA,NA,NA,NA,NA,NA
709,0.0041348308455339,0.001278001688699315,KS,2024-02-05,1,1,1,1,1,1,1,1,1,1,1,1
710,NA,NA,KS,2024-02-06,NA,NA,NA,NA,NA,NA,NA,NA,NA,NA,NA,NA
711,NA,NA,KS,2024-02-07,NA,NA,NA,NA,NA,NA,NA,NA,NA,NA,NA,NA
712,1.3618558124785,0.95544374410972,KS,2024-02-08,1,1,1,0,1,0,1,1,1,0,1,0
713,5.0995127005121e-4,7.63976660122975e-4,KS,2024-02-09,1,1,1,1,1,1,1,1,1,1,1,1
714,NA,NA,KS,2024-02-10,NA,NA,NA,NA,NA,NA,NA,NA,NA,NA,NA,NA
715,NA,NA,KY,2023-12-31,NA,NA,NA,NA,NA,NA,NA,NA,NA,NA,NA,NA
716,NA,NA,KY,2024-01-01,NA,NA,NA,NA,NA,NA,NA,NA,NA,NA,NA,NA
717,1.92245941932497,0.667591470071975,KY,2024-01-02,0,1,1,0,1,1,0,1,1,0,1,0
718,0.739684181720263,0.2803914198124425,KY,2024-01-03,0,1,1,1,1,1,0,0,0,0,1,1
719,1.06530791506427,0.439931460455874,KY,2024-01-04,1,1,1,0,1,0,1,1,0,1,1,0
720,0.790886639815283,0.3787519523423305,KY,2024-01-05,1,0,1,1,1,1,1,0,1,0,1,1
721,NA,NA,KY,2024-01-06,NA,NA,NA,NA,NA,NA,NA,NA,NA,NA,NA,NA
722,NA,NA,KY,2024-01-07,NA,NA,NA,NA,NA,NA,NA,NA,NA,NA,NA,NA
723,0.878172229192013,0.3952555931891075,KY,2024-01-08,1,1,1,1,0,1,1,0,1,1,0,1
724,NA,NA,KY,2024-01-09,NA,NA,NA,NA,NA,NA,NA,NA,NA,NA,NA,NA
725,0.0475126541523262,0.04088169723530485,KY,2024-01-10,1,1,1,1,1,1,1,1,1,1,1,1
726,0.282299312951368,0.03677726143222815,KY,2024-01-11,1,1,1,1,1,1,1,0,1,0,1,1
727,0.0405814096424071,0.03303139980358365,KY,2024-01-12,1,1,1,1,1,1,1,1,1,1,1,1
728,0.117167610404043,0.0296214385276626,KY,2024-01-13,1,1,1,1,1,1,1,1,1,1,1,1
729,NA,NA,KY,2024-01-14,NA,NA,NA,NA,NA,NA,NA,NA,NA,NA,NA,NA
730,NA,NA,KY,2024-01-15,NA,NA,NA,NA,NA,NA,NA,NA,NA,NA,NA,NA
731,0.281321012640969,0.02118261863404665,KY,2024-01-16,1,1,1,1,1,1,1,1,1,1,1,1
732,1.80657674957282,0.3972082529304095,KY,2024-01-17,1,1,0,0,1,1,1,0,0,1,1,1
733,0.0197930642726372,0.01683397783992495,KY,2024-01-18,1,1,1,1,1,1,1,1,1,1,1,1
734,0.0644126806919517,0.01498233672013055,KY,2024-01-19,1,1,1,1,1,1,1,1,1,1,1,1
735,NA,NA,KY,2024-01-20,NA,NA,NA,NA,NA,NA,NA,NA,NA,NA,NA,NA
736,NA,NA,KY,2024-01-21,NA,NA,NA,NA,NA,NA,NA,NA,NA,NA,NA,NA
737,0.0109840835736126,0.010502878262811,KY,2024-01-22,1,1,1,1,1,1,1,1,1,1,1,1
738,0.833655311131927,0.216667717815418,KY,2024-01-23,1,1,0,1,1,1,1,1,0,1,1,0
739,0.072051208540631,0.00825531297936385,KY,2024-01-24,1,1,1,1,1,1,1,1,1,1,1,1
740,1.03998005882754,0.3002121044404205,KY,2024-01-25,1,0,1,1,1,1,1,0,0,1,1,1
741,NA,NA,KY,2024-01-26,NA,NA,NA,NA,NA,NA,NA,NA,NA,NA,NA,NA
742,NA,NA,KY,2024-01-27,NA,NA,NA,NA,NA,NA,NA,NA,NA,NA,NA,NA
743,NA,NA,KY,2024-01-28,NA,NA,NA,NA,NA,NA,NA,NA,NA,NA,NA,NA
744,0.00562305453259303,0.00447664372342183,KY,2024-01-29,1,1,1,1,1,1,1,1,1,1,1,1
745,0.0362605517083701,0.00395608614808773,KY,2024-01-30,1,1,1,1,1,1,1,1,0,0,1,0
746,0.00430551661432614,0.00349510173503142,KY,2024-01-31,1,1,1,1,1,1,1,0,1,0,1,1
747,0.0131401481436433,0.00308715006463976,KY,2024-02-01,1,1,1,1,1,1,1,1,1,1,1,1
748,0.00331290840350713,0.002726349903672705,KY,2024-02-02,1,1,1,1,1,1,1,1,1,1,1,1
749,NA,NA,KY,2024-02-03,NA,NA,NA,NA,NA,NA,NA,NA,NA,NA,NA,NA
750,NA,NA,KY,2024-02-04,NA,NA,NA,NA,NA,NA,NA,NA,NA,NA,NA,NA
751,0.00174095346821134,0.00187679582272075,KY,2024-02-05,1,1,1,1,1,1,1,1,1,1,1,1
752,0.00178552947982281,0.001657100334854605,KY,2024-02-06,1,1,1,1,1,1,1,1,1,1,1,1
753,1.09793476437892,0.189506885339492,KY,2024-02-07,1,1,1,0,0,1,1,1,1,0,0,1
754,NA,NA,KY,2024-02-08,NA,NA,NA,NA,NA,NA,NA,NA,NA,NA,NA,NA
755,0.00167259038448319,0.00114118652194632,KY,2024-02-09,1,1,1,1,1,1,1,1,1,1,1,1
756,0.00121431447864619,0.00100805745094334,KY,2024-02-10,1,1,1,1,1,1,1,1,1,1,1,1
757,0.981117834781424,0.3693384418140495,LA,2023-12-31,1,1,1,1,0,1,1,0,0,0,1,0
758,0.899590833681067,0.3030251216392515,LA,2024-01-01,1,1,1,1,1,1,1,1,0,1,0,0
759,3.26961608179125,0.411569757405456,LA,2024-01-02,0,1,0,0,1,1,0,0,0,0,1,1
760,1.78229548381914,0.353431253242692,LA,2024-01-03,1,1,0,1,1,1,0,0,0,0,0,0
761,2.22031782765115,0.2305619970465305,LA,2024-01-04,1,1,1,0,1,0,1,1,0,0,1,0
762,0.918342369374486,0.3392964075391675,LA,2024-01-05,1,1,1,1,0,1,1,1,0,0,1,1
763,0.833736000319861,0.3496674524934865,LA,2024-01-06,1,0,1,1,1,1,1,0,0,1,1,1
764,1.56661372403398,0.33539054365216,LA,2024-01-07,1,0,1,1,1,1,0,0,0,0,1,0
765,2.11634056441664,0.346293904728673,LA,2024-01-08,1,1,1,1,1,0,0,1,1,0,1,0
766,2.33923140519967,0.335145806494536,LA,2024-01-09,1,0,1,1,1,1,1,0,0,0,1,1
767,1.1760027904598,0.2011293427792365,LA,2024-01-10,0,1,1,1,1,1,1,1,0,0,1,0
768,2.64271731833128,0.318594839762096,LA,2024-01-11,1,0,0,1,1,0,1,0,0,0,1,0
769,1.94444908161471,0.2522062193560535,LA,2024-01-12,1,1,0,1,1,1,0,0,0,1,1,1
770,0.45164035109443,0.198226586114165,LA,2024-01-13,1,1,1,1,1,1,1,1,0,0,1,1
771,2.73011367579556,0.311431445432606,LA,2024-01-14,1,1,0,1,1,0,1,0,0,0,1,0
772,0.783104165005031,0.380680152095329,LA,2024-01-15,1,1,1,1,1,0,1,1,1,0,1,0
773,0.575767936095771,0.04117728504873185,LA,2024-01-16,1,1,1,1,1,1,1,1,1,1,1,1
774,0.488109806988072,0.1451428871015115,LA,2024-01-17,1,1,1,1,1,1,1,1,0,0,1,1
775,1.47813417195567,0.192442058590488,LA,2024-01-18,1,0,0,1,0,1,1,0,0,1,0,1
776,2.25170783687392,0.318405247138535,LA,2024-01-19,1,1,1,0,1,0,1,1,0,0,1,0
777,1.10105644142465,0.38854270830211,LA,2024-01-20,1,1,1,0,1,0,1,1,0,1,1,0
778,1.2906334548216,0.3081959601422435,LA,2024-01-21,0,1,1,0,1,1,0,1,0,0,0,1
779,1.89922391765099,0.2640470446471495,LA,2024-01-22,1,0,1,1,0,0,1,0,1,0,0,0
780,0.656366680292332,0.172608011580666,LA,2024-01-23,1,1,1,1,1,1,1,1,1,0,1,0
781,2.95600083323325,0.3116942270364185,LA,2024-01-24,1,1,0,0,1,1,1,1,0,0,1,0
782,1.03177510478695,0.1739703860059285,LA,2024-01-25,1,0,1,1,1,1,1,1,0,0,1,1
783,0.706466879863671,0.014169643973892,LA,2024-01-26,1,1,1,1,1,1,1,1,1,1,1,1
784,0.705832457815629,0.116443333485842,LA,2024-01-27,1,1,1,1,1,0,0,1,0,0,1,0
785,0.718520888267979,0.095299342286518,LA,2024-01-28,1,1,1,1,1,1,1,1,1,0,1,0
786,1.05251550677124,0.0600374521946165,LA,2024-01-29,1,1,1,1,1,1,1,1,0,0,0,0
787,0.254847823403962,0.00899960891630535,LA,2024-01-30,1,1,1,1,1,1,1,1,1,1,1,1
788,0.734318447907417,0.00802060585725855,LA,2024-01-31,1,1,1,1,1,1,1,1,0,0,1,0
789,0.261315134564184,0.0071440316927328,LA,2024-02-01,1,1,1,1,1,1,1,1,1,0,1,0
790,0.459681781634942,0.0839355613692615,LA,2024-02-02,1,1,1,1,1,1,1,1,0,0,1,1
791,0.480669755767516,0.077462452908864,LA,2024-02-03,1,1,1,1,1,1,1,1,0,0,1,1
792,0.391669402483927,0.0050335951662835,LA,2024-02-04,1,1,1,1,1,1,1,1,1,0,1,0
793,0.764681586498243,0.0980495885876545,LA,2024-02-05,1,1,1,1,1,1,1,1,1,1,1,1
794,0.843468559053281,0.104965392237175,LA,2024-02-06,1,1,1,1,0,1,1,1,0,1,0,1
795,0.747399715368881,0.057201812556334,LA,2024-02-07,1,1,1,1,1,0,0,1,0,0,1,0
796,0.508615285474199,0.0529721694470035,LA,2024-02-08,1,1,1,1,1,1,0,1,0,0,1,1
797,2.80092622965927,0.165578035029564,LA,2024-02-09,1,1,1,0,1,0,1,1,0,0,1,0
798,0.177435257341609,0.00247578509995947,LA,2024-02-10,1,1,1,1,1,1,1,1,1,1,1,1
799,0.360021101101184,0.0413800283666408,MA,2023-12-31,1,1,1,1,1,1,1,1,1,0,0,1
800,0.863519994210611,0.2270474086490125,MA,2024-01-01,1,0,1,1,1,1,1,0,0,1,1,1
801,0.879818779758885,0.1921239189650445,MA,2024-01-02,0,1,1,1,1,1,0,1,0,0,1,0
802,1.3405799723157,0.24352742930308,MA,2024-01-03,1,1,0,1,1,1,1,1,0,0,1,0
803,2.83661493463688,0.317205298078967,MA,2024-01-04,0,1,0,0,0,1,0,1,0,0,0,0
804,0.733507827069775,0.165663127929113,MA,2024-01-05,1,1,1,1,1,1,1,0,0,1,1,1
805,0.0913475380688837,0.01993128601098455,MA,2024-01-06,1,1,1,1,1,1,1,1,1,1,1,1
806,0.083163406192486,0.01754228908845295,MA,2024-01-07,1,1,1,1,1,1,1,1,1,1,1,1
807,0.958941802076007,0.2422243199620885,MA,2024-01-08,1,1,1,1,1,0,1,1,0,0,1,0
808,1.09449451493841,0.2084287544998895,MA,2024-01-09,1,1,0,1,1,1,0,1,0,0,1,1
809,0.550192480194241,0.01185982140434145,MA,2024-01-10,1,1,1,1,1,1,1,1,1,1,1,1
810,0.43688425709269,0.0103825977695603,MA,2024-01-11,1,1,1,1,1,1,1,1,1,1,1,1
811,0.236624014237722,0.0090790136642943,MA,2024-01-12,1,1,1,1,1,1,1,1,1,1,1,1
812,0.0102519876448113,0.00793063619924445,MA,2024-01-13,1,1,1,1,1,1,1,1,1,1,1,1
813,0.0102919816039313,0.0069206176232559,MA,2024-01-14,1,1,1,1,1,1,1,1,1,1,1,1
814,0.0702882215659414,0.0060336298943398,MA,2024-01-15,1,1,1,1,1,1,1,1,1,1,1,1
815,0.0292032385717658,0.0052557867984166,MA,2024-01-16,1,1,1,1,1,1,1,1,1,1,1,1
816,0.553486504037574,0.1135451100267345,MA,2024-01-17,1,1,1,1,1,1,1,1,1,1,1,1
817,0.605149413290914,0.114029474413747,MA,2024-01-18,1,1,1,1,1,1,1,1,0,0,1,1
818,0.691859430559248,0.1303874550411465,MA,2024-01-19,1,1,0,1,1,1,1,1,0,0,1,1
819,0.0045653076471536104,0.00300364612509391,MA,2024-01-20,1,1,1,1,1,1,1,1,1,1,1,1
820,NA,NA,MA,2024-01-21,NA,NA,NA,NA,NA,NA,NA,NA,NA,NA,NA,NA
821,0.0782512216694543,0.002262302994772525,MA,2024-01-22,1,1,1,1,1,1,1,1,0,0,1,1
822,0.813168358452005,0.132824085947401,MA,2024-01-23,1,1,0,1,1,1,1,1,1,1,1,1
823,1.0293682078861,0.232158786510143,MA,2024-01-24,1,1,0,0,1,1,1,1,0,0,1,1
824,0.0621156922011282,0.001473560542027405,MA,2024-01-25,1,1,1,1,1,1,1,1,1,1,1,1
825,0.0236796787715803,0.001276351150137535,MA,2024-01-26,1,1,1,1,1,1,1,1,1,1,1,1
826,0.01429223037953,0.001105175801975145,MA,2024-01-27,1,1,1,1,1,1,1,1,1,1,1,1
827,0.00173789876644018,9.5667996697565e-4,MA,2024-01-28,1,1,1,1,1,1,1,1,1,1,1,1
828,0.0477869236227581,8.2792384478511e-4,MA,2024-01-29,1,1,1,1,1,1,1,1,1,1,1,1
829,1.20984606627438,0.2414106275156565,MA,2024-01-30,1,1,1,0,1,0,1,1,1,0,1,0
830,0.00364103189717953,6.19663917893155e-4,MA,2024-01-31,1,1,1,1,1,1,1,1,1,1,1,1
831,0.0266712207498134,5.35948535965915e-4,MA,2024-02-01,1,1,1,1,1,1,1,1,1,1,1,1
832,0.0033866484516322,4.63476799824545e-4,MA,2024-02-02,1,1,1,1,1,1,1,1,1,1,1,1
833,NA,NA,MA,2024-02-03,NA,NA,NA,NA,NA,NA,NA,NA,NA,NA,NA,NA
834,5.6941895028513e-4,3.46492888403445e-4,MA,2024-02-04,1,1,1,1,1,1,1,1,1,1,1,1
835,0.0101394312832848,2.99554278681575e-4,MA,2024-02-05,1,1,1,1,1,1,1,1,1,1,1,1
836,0.036062884895826,2.58961025976085e-4,MA,2024-02-06,1,1,1,1,1,1,1,1,1,1,1,1
837,0.00364924683970359,2.2386159924625e-4,MA,2024-02-07,1,1,1,1,1,1,1,1,1,1,1,1
838,0.00613142167678736,1.93517082435345e-4,MA,2024-02-08,1,1,1,1,1,1,1,1,1,1,1,1
839,0.00738769516953559,1.6728665979037e-4,MA,2024-02-09,1,1,1,1,1,1,1,1,1,1,1,1
840,2.0506096681209e-4,1.44614890375675e-4,MA,2024-02-10,1,1,1,1,1,1,1,1,1,1,1,1
841,0.646194305260504,0.0762253786702855,MD,2023-12-31,1,1,1,1,1,1,1,1,0,0,1,1
842,1.40082742097293,0.0686850732997275,MD,2024-01-01,1,1,1,0,1,1,1,1,0,0,1,1
843,1.04821759032027,0.23053962243834,MD,2024-01-02,1,1,1,1,1,1,0,0,0,0,1,0
844,1.01177175718136,0.220044678857747,MD,2024-01-03,1,1,1,1,1,1,1,1,0,1,1,0
845,0.982898623682042,0.2447253522312675,MD,2024-01-04,1,1,1,1,1,1,0,1,0,0,1,1
846,1.13890280359249,0.223804284619137,MD,2024-01-05,0,1,1,1,1,1,0,1,0,0,1,1
847,0.452093715045774,0.2457966058258005,MD,2024-01-06,1,1,1,1,1,1,1,1,1,1,1,1
848,0.627084962303715,0.3554397183062345,MD,2024-01-07,1,1,1,1,1,1,1,1,0,0,1,1
849,0.765179811420398,0.182391342517603,MD,2024-01-08,1,1,1,1,1,0,1,1,1,1,1,1
850,0.566418542516352,0.0275606287628754,MD,2024-01-09,1,1,1,1,1,1,1,1,0,0,1,1
851,0.381403354111206,0.141086322174894,MD,2024-01-10,1,1,1,1,1,1,1,1,0,0,1,1
852,0.237280667573914,0.02152532660722015,MD,2024-01-11,1,1,1,1,1,1,1,1,1,1,1,1
853,0.205363988598943,0.0189787602578947,MD,2024-01-12,1,1,1,1,1,1,1,1,1,1,1,1
854,0.0910523004833197,0.01670944367412895,MD,2024-01-13,1,1,1,1,1,1,1,1,1,1,1,1
855,0.664031101153855,0.2704182927946315,MD,2024-01-14,1,1,1,1,1,1,1,1,1,1,1,1
856,0.0785575952090144,0.01290107203450525,MD,2024-01-15,1,1,1,1,1,1,1,1,1,1,1,1
857,0.0197428738383974,0.0113153123900493,MD,2024-01-16,1,1,1,1,1,1,1,1,1,1,1,1
858,0.759608199380477,0.279483295102419,MD,2024-01-17,1,1,0,1,1,1,1,1,0,0,1,1
859,3.3248721591144,0.326697682461937,MD,2024-01-18,0,1,1,0,1,0,0,1,0,0,1,0
860,0.0448381523157779,0.0075862420911888,MD,2024-01-19,1,1,1,1,1,1,1,1,1,1,1,1
861,1.3637749497685001,0.295429712940178,MD,2024-01-20,1,1,1,0,1,0,1,1,0,0,1,0
862,0.075555814938258,0.00578463644046545,MD,2024-01-21,1,1,1,1,1,1,1,1,0,0,0,1
863,0.524291198112155,0.112986844652981,MD,2024-01-22,1,1,1,1,1,1,1,1,1,1,1,1
864,0.0553658124628448,0.004397437622073125,MD,2024-01-23,1,1,1,1,1,1,1,1,1,1,1,1
865,0.189110373057081,0.003830271505745335,MD,2024-01-24,1,1,1,1,1,1,1,1,1,0,0,1
866,0.498525579675383,0.0922428321998995,MD,2024-01-25,1,1,1,1,1,1,1,1,0,0,0,1
867,0.140522821169636,0.002900983543300405,MD,2024-01-26,1,1,1,1,1,1,1,1,1,0,1,0
868,0.00457032810601624,0.00252275773774193,MD,2024-01-27,1,1,1,1,1,1,1,1,1,1,1,1
869,0.00470865233394638,0.002192881844859585,MD,2024-01-28,1,1,1,1,1,1,1,1,1,1,1,1
870,1.02496083808743,0.1587684969648945,MD,2024-01-29,1,1,1,1,1,0,0,1,1,1,1,0
871,0.0551724769076387,0.00165500712294344,MD,2024-01-30,1,1,1,1,1,1,1,1,1,0,1,0
872,0.010673955388581,0.001437079780083745,MD,2024-01-31,1,1,1,1,1,1,1,1,1,1,1,1
873,1.13304815225927,0.191756618662933,MD,2024-02-01,1,1,1,0,1,0,1,1,1,0,1,0
874,1.0859932230819,0.1603883142660325,MD,2024-02-02,1,1,1,0,1,0,1,1,1,0,1,0
875,0.00522839235205538,9.39454830494755e-4,MD,2024-02-03,1,1,1,1,1,1,1,1,1,1,1,1
876,0.00718854907785066,8.15032271768875e-4,MD,2024-02-04,1,1,1,1,1,1,1,1,1,1,1,1
877,0.0480852092638558,7.06990684290365e-4,MD,2024-02-05,1,1,1,1,1,1,1,1,1,1,1,1
878,1.20163315192676,0.3181397231827065,MD,2024-02-06,1,1,0,0,1,1,1,1,0,0,1,1
879,1.11524551564657,0.121680233894981,MD,2024-02-07,1,1,1,0,1,0,1,1,1,0,1,0
880,0.0123232616803171,4.6120583335129e-4,MD,2024-02-08,1,1,1,1,1,1,1,1,1,1,1,1
881,0.0129658283752052,3.99958659342945e-4,MD,2024-02-09,1,1,1,1,1,1,1,1,1,1,1,1
882,5.7011191506065e-4,3.4684324085334e-4,MD,2024-02-10,1,1,1,1,1,1,1,1,1,1,1,1
883,NA,NA,ME,2023-12-31,NA,NA,NA,NA,NA,NA,NA,NA,NA,NA,NA,NA
884,NA,NA,ME,2024-01-01,NA,NA,NA,NA,NA,NA,NA,NA,NA,NA,NA,NA
885,NA,NA,ME,2024-01-02,NA,NA,NA,NA,NA,NA,NA,NA,NA,NA,NA,NA
886,NA,NA,ME,2024-01-03,NA,NA,NA,NA,NA,NA,NA,NA,NA,NA,NA,NA
887,0.43788955917074,0.0924197294958815,ME,2024-01-04,1,1,1,1,1,1,1,1,0,0,1,0
888,NA,NA,ME,2024-01-05,NA,NA,NA,NA,NA,NA,NA,NA,NA,NA,NA,NA
889,NA,NA,ME,2024-01-06,NA,NA,NA,NA,NA,NA,NA,NA,NA,NA,NA,NA
890,NA,NA,ME,2024-01-07,NA,NA,NA,NA,NA,NA,NA,NA,NA,NA,NA,NA
891,0.464307953649649,0.31647034256654,ME,2024-01-08,1,1,1,1,1,1,1,1,1,1,1,1
892,NA,NA,ME,2024-01-09,NA,NA,NA,NA,NA,NA,NA,NA,NA,NA,NA,NA
893,NA,NA,ME,2024-01-10,NA,NA,NA,NA,NA,NA,NA,NA,NA,NA,NA,NA
894,NA,NA,ME,2024-01-11,NA,NA,NA,NA,NA,NA,NA,NA,NA,NA,NA,NA
895,NA,NA,ME,2024-01-12,NA,NA,NA,NA,NA,NA,NA,NA,NA,NA,NA,NA
896,NA,NA,ME,2024-01-13,NA,NA,NA,NA,NA,NA,NA,NA,NA,NA,NA,NA
897,NA,NA,ME,2024-01-14,NA,NA,NA,NA,NA,NA,NA,NA,NA,NA,NA,NA
898,NA,NA,ME,2024-01-15,NA,NA,NA,NA,NA,NA,NA,NA,NA,NA,NA,NA
899,NA,NA,ME,2024-01-16,NA,NA,NA,NA,NA,NA,NA,NA,NA,NA,NA,NA
900,1.10948306652288,0.80122195888042,ME,2024-01-17,1,1,1,0,1,0,1,1,1,0,1,0
901,NA,NA,ME,2024-01-18,NA,NA,NA,NA,NA,NA,NA,NA,NA,NA,NA,NA
902,NA,NA,ME,2024-01-19,NA,NA,NA,NA,NA,NA,NA,NA,NA,NA,NA,NA
903,NA,NA,ME,2024-01-20,NA,NA,NA,NA,NA,NA,NA,NA,NA,NA,NA,NA
904,NA,NA,ME,2024-01-21,NA,NA,NA,NA,NA,NA,NA,NA,NA,NA,NA,NA
905,NA,NA,ME,2024-01-22,NA,NA,NA,NA,NA,NA,NA,NA,NA,NA,NA,NA
906,NA,NA,ME,2024-01-23,NA,NA,NA,NA,NA,NA,NA,NA,NA,NA,NA,NA
907,NA,NA,ME,2024-01-24,NA,NA,NA,NA,NA,NA,NA,NA,NA,NA,NA,NA
908,NA,NA,ME,2024-01-25,NA,NA,NA,NA,NA,NA,NA,NA,NA,NA,NA,NA
909,NA,NA,ME,2024-01-26,NA,NA,NA,NA,NA,NA,NA,NA,NA,NA,NA,NA
910,NA,NA,ME,2024-01-27,NA,NA,NA,NA,NA,NA,NA,NA,NA,NA,NA,NA
911,NA,NA,ME,2024-01-28,NA,NA,NA,NA,NA,NA,NA,NA,NA,NA,NA,NA
912,NA,NA,ME,2024-01-29,NA,NA,NA,NA,NA,NA,NA,NA,NA,NA,NA,NA
913,NA,NA,ME,2024-01-30,NA,NA,NA,NA,NA,NA,NA,NA,NA,NA,NA,NA
914,NA,NA,ME,2024-01-31,NA,NA,NA,NA,NA,NA,NA,NA,NA,NA,NA,NA
915,NA,NA,ME,2024-02-01,NA,NA,NA,NA,NA,NA,NA,NA,NA,NA,NA,NA
916,NA,NA,ME,2024-02-02,NA,NA,NA,NA,NA,NA,NA,NA,NA,NA,NA,NA
917,NA,NA,ME,2024-02-03,NA,NA,NA,NA,NA,NA,NA,NA,NA,NA,NA,NA
918,NA,NA,ME,2024-02-04,NA,NA,NA,NA,NA,NA,NA,NA,NA,NA,NA,NA
919,NA,NA,ME,2024-02-05,NA,NA,NA,NA,NA,NA,NA,NA,NA,NA,NA,NA
920,NA,NA,ME,2024-02-06,NA,NA,NA,NA,NA,NA,NA,NA,NA,NA,NA,NA
921,NA,NA,ME,2024-02-07,NA,NA,NA,NA,NA,NA,NA,NA,NA,NA,NA,NA
922,NA,NA,ME,2024-02-08,NA,NA,NA,NA,NA,NA,NA,NA,NA,NA,NA,NA
923,NA,NA,ME,2024-02-09,NA,NA,NA,NA,NA,NA,NA,NA,NA,NA,NA,NA
924,NA,NA,ME,2024-02-10,NA,NA,NA,NA,NA,NA,NA,NA,NA,NA,NA,NA
925,4.37284094291432,0.4353049751170445,MI,2023-12-31,1,0,1,0,1,0,1,0,0,0,0,0
926,3.15009347483422,0.271325058228151,MI,2024-01-01,1,1,0,1,1,0,0,1,0,0,1,0
927,2.81044133235712,0.284773100185296,MI,2024-01-02,1,1,1,1,1,1,0,0,0,1,0,0
928,8.59493860395059,0.3607206837262445,MI,2024-01-03,1,1,1,0,0,0,0,0,0,0,0,0
929,5.19028898257362,0.285323027798551,MI,2024-01-04,1,1,0,1,1,0,1,0,0,1,1,0
930,3.15641731144518,0.377887669081892,MI,2024-01-05,0,1,1,0,1,0,0,1,0,0,1,0
931,1.21331454213504,0.3648091398699315,MI,2024-01-06,1,1,1,1,0,1,1,0,1,1,1,0
932,1.5074766233238,0.1530550348971185,MI,2024-01-07,1,0,0,0,1,1,1,1,0,0,1,1
933,3.72950907230783,0.2876864470085215,MI,2024-01-08,0,1,1,1,1,0,0,0,0,1,1,0
934,1.91516008549234,0.2508385037818785,MI,2024-01-09,1,1,1,1,1,1,0,1,0,1,1,0
935,3.65213534030868,0.2003260583564645,MI,2024-01-10,1,0,0,1,1,1,1,0,0,0,0,1
936,2.08833135805394,0.195834387573095,MI,2024-01-11,1,1,1,1,1,1,0,1,0,0,0,0
937,2.37876152915859,0.22675809595065,MI,2024-01-12,0,1,1,1,1,0,0,0,0,0,0,0
938,1.59675482222686,0.241474883246626,MI,2024-01-13,0,0,1,1,1,1,0,0,1,0,1,1
939,1.03455191617035,0.1164853032699675,MI,2024-01-14,1,1,1,1,1,1,1,1,0,0,1,1
940,2.79535663993515,0.1258273028555165,MI,2024-01-15,1,1,0,0,1,0,1,0,0,0,0,0
941,2.1394497774528,0.1475818773633065,MI,2024-01-16,1,1,1,1,1,0,1,1,0,0,1,0
942,1.31035259117919,0.1662078313351375,MI,2024-01-17,1,1,1,1,1,1,1,0,0,0,1,0
943,2.84243747951217,0.2129301960769305,MI,2024-01-18,1,1,1,0,0,0,1,1,0,0,0,0
944,2.21991784233319,0.2272602032521015,MI,2024-01-19,0,1,0,0,1,1,0,1,0,0,0,1
945,1.0543814067265,0.2766441307646155,MI,2024-01-20,1,1,1,1,1,0,1,1,0,0,1,0
946,2.12681828164388,0.284603124141534,MI,2024-01-21,0,1,1,0,1,0,0,0,1,0,1,0
947,4.92737225420533,0.226054018868851,MI,2024-01-22,0,1,1,0,1,0,0,1,0,0,1,0
948,0.786289593620097,0.103259447754656,MI,2024-01-23,1,1,1,1,1,1,1,1,1,0,1,0
949,1.66526813809085,0.1019823085106975,MI,2024-01-24,1,1,0,1,1,0,1,1,0,0,0,0
950,1.34943024476845,0.130676827094091,MI,2024-01-25,1,1,1,1,1,0,1,1,0,0,0,1
951,0.797915012796676,0.085760231536018,MI,2024-01-26,1,1,1,1,1,1,1,1,0,1,0,1
952,0.486111059192663,0.0777131326335465,MI,2024-01-27,1,1,1,1,1,1,1,1,1,1,1,1
953,0.0094887648684592,0.00720320705534425,MI,2024-01-28,1,1,1,1,1,1,1,1,1,1,1,1
954,3.31923211824471,0.1619999836043895,MI,2024-01-29,1,1,0,0,1,0,1,1,0,0,0,0
955,0.691247415477887,0.0431605556440467,MI,2024-01-30,1,1,1,1,1,1,1,1,1,1,1,1
956,0.948825329772406,0.0833293549475785,MI,2024-01-31,1,1,1,1,1,1,1,1,1,1,0,0
957,1.3289604317875,0.109196183164762,MI,2024-02-01,1,1,1,1,1,1,1,0,0,0,0,0
958,1.7814607171964,0.1463468348901895,MI,2024-02-02,1,1,1,0,1,0,1,1,1,0,1,0
959,0.389842604611756,0.003439708875826015,MI,2024-02-03,1,1,1,1,1,1,1,1,0,0,1,1
960,0.779867886377023,0.0797648068794745,MI,2024-02-04,1,1,1,1,1,0,1,1,1,0,1,0
961,3.60083867361912,0.115234975026405,MI,2024-02-05,1,1,1,0,1,0,0,1,0,0,1,0
962,6.79164939222775,0.1789918339621475,MI,2024-02-06,1,1,1,0,1,0,1,1,0,0,0,0
963,2.56452657816863,0.1056247412062425,MI,2024-02-07,1,1,1,0,0,0,1,1,1,0,1,0
964,2.55576183997684,0.0870440919148015,MI,2024-02-08,1,1,1,0,1,0,1,1,1,0,1,0
965,4.001438912532,0.1439575256796445,MI,2024-02-09,1,1,1,0,1,0,1,1,0,0,0,0
966,1.49765387386497,0.1458897332956615,MI,2024-02-10,1,1,0,0,1,0,1,1,0,0,1,0
967,1.45907612849128,0.299101789299419,MN,2023-12-31,1,1,1,1,1,1,0,0,0,1,1,0
968,1.61474762117272,0.2489224253681375,MN,2024-01-01,1,1,1,1,1,1,1,1,1,0,1,0
969,4.75957119649489,0.283521730060487,MN,2024-01-02,1,1,1,0,1,0,1,0,0,1,1,0
970,2.69842942058809,0.233280643493152,MN,2024-01-03,0,0,0,1,1,1,0,0,0,0,0,0
971,2.04625333453834,0.3023721492141705,MN,2024-01-04,1,1,1,0,1,1,0,1,0,0,0,0
972,6.43414017373825,0.348662536972061,MN,2024-01-05,1,1,0,0,1,0,1,0,0,0,1,0
973,2.07088081985475,0.154533817079019,MN,2024-01-06,1,1,0,1,1,0,1,1,1,0,1,0
974,1.26998745341045,0.182775656453457,MN,2024-01-07,1,1,1,1,1,1,1,0,0,0,1,0
975,3.45269406571957,0.1758669374013705,MN,2024-01-08,1,1,1,1,1,0,0,1,0,0,1,0
976,8.27692893978528,0.272758697388642,MN,2024-01-09,1,1,0,0,1,0,0,0,0,0,1,0
977,2.0945512143615,0.208340464894405,MN,2024-01-10,1,0,1,1,0,1,1,0,0,0,0,0
978,2.82127849352315,0.1975183878631585,MN,2024-01-11,1,1,0,1,1,0,0,1,0,0,0,0
979,3.67474495486197,0.259616529744793,MN,2024-01-12,0,1,0,0,0,0,0,1,0,1,0,0
980,3.61007049867874,0.2144228598295515,MN,2024-01-13,1,1,1,0,1,0,1,1,0,0,0,0
981,0.880324614322169,0.146238336479929,MN,2024-01-14,1,1,1,1,1,1,0,1,0,0,1,0
982,5.94402601213204,0.299957893735913,MN,2024-01-15,1,1,0,0,1,0,1,1,0,0,1,0
983,7.90963151043375,0.1960016736674195,MN,2024-01-16,1,1,1,0,1,0,1,1,0,0,0,0
984,3.70691655407857,0.236354750387112,MN,2024-01-17,0,1,1,0,1,0,0,0,0,0,1,1
985,1.04323660545942,0.1366127406812885,MN,2024-01-18,1,0,1,1,1,1,1,0,0,1,1,0
986,0.668334481406005,0.0929454433457445,MN,2024-01-19,1,1,1,1,1,1,1,1,0,0,1,0
987,0.654307057798305,0.0859353753874385,MN,2024-01-20,1,1,1,1,1,1,1,1,1,0,1,0
988,1.24096537743126,0.1247145509974845,MN,2024-01-21,1,1,1,1,1,0,1,1,0,1,1,0
989,3.53808856704722,0.1698648774632525,MN,2024-01-22,1,1,1,0,1,0,1,1,0,0,1,0
990,4.55548768662235,0.211697223880252,MN,2024-01-23,1,1,1,0,1,0,0,1,0,0,0,0
991,1.23410689841729,0.079009654637945,MN,2024-01-24,1,1,1,1,1,0,1,1,1,0,1,0
992,2.04334562157486,0.14837248598449,MN,2024-01-25,0,1,1,0,1,0,0,1,0,0,1,0
993,4.4822755093243,0.24201819884728001,MN,2024-01-26,1,1,1,0,1,0,1,1,1,0,1,0
994,1.1848085707587,0.1328869954241515,MN,2024-01-27,1,1,1,0,1,0,1,1,0,1,1,0
995,0.224289768002658,0.00250948688754,MN,2024-01-28,1,1,1,1,1,1,1,1,1,1,1,1
996,5.53612478902131,0.207732923353971,MN,2024-01-29,1,1,1,0,1,0,1,1,0,0,1,0
997,2.47297364415104,0.105406915857456,MN,2024-01-30,1,1,1,0,1,0,1,1,0,0,1,0
998,0.759063322625983,0.0567275002021905,MN,2024-01-31,1,1,1,1,1,0,0,1,1,1,1,0
999,1.94638930633139,0.095236068044231,MN,2024-02-01,1,1,1,0,1,0,1,1,1,0,1,0
1000,3.35391635250291,0.189443255230719,MN,2024-02-02,1,1,0,0,1,0,1,1,0,0,1,0
1001,0.127111652596831,0.001096968733570035,MN,2024-02-03,1,1,1,1,1,1,1,1,0,0,1,1
1002,0.930278498936069,0.1060184453725105,MN,2024-02-04,1,1,0,1,1,1,1,1,0,0,1,1
1003,3.33890017031523,0.1366501225438855,MN,2024-02-05,1,1,0,0,1,0,1,1,0,0,1,1
1004,8.97836272219068,0.274282249269415,MN,2024-02-06,1,1,1,0,1,0,1,1,0,0,1,0
1005,2.54227097070626,0.107415884461296,MN,2024-02-07,1,1,1,0,0,0,1,1,0,0,1,0
1006,2.88880742982975,0.088152390472267,MN,2024-02-08,1,1,1,0,1,0,1,1,1,0,1,0
1007,0.369187940287966,4.80056268025445e-4,MN,2024-02-09,1,1,1,1,1,1,1,1,0,0,1,1
1008,0.993787296782453,0.057382493568639,MN,2024-02-10,1,1,1,1,1,0,1,1,1,0,1,0
1009,0.21973092894419,0.1504450780323475,MO,2023-12-31,1,1,1,1,1,1,0,1,1,0,1,1
1010,NA,NA,MO,2024-01-01,NA,NA,NA,NA,NA,NA,NA,NA,NA,NA,NA,NA
1011,0.929539324731059,0.67060520731128,MO,2024-01-02,1,1,1,1,0,1,1,1,0,1,0,1
1012,0.175044948220379,0.118648449777808,MO,2024-01-03,1,1,1,1,1,1,1,1,1,1,1,1
1013,0.170110856099403,0.109089408032162,MO,2024-01-04,1,1,1,1,1,1,1,1,1,1,1,1
1014,0.700727207101833,0.506807151197735,MO,2024-01-05,1,1,0,1,1,1,1,1,0,0,1,1
1015,NA,NA,MO,2024-01-06,NA,NA,NA,NA,NA,NA,NA,NA,NA,NA,NA,NA
1016,NA,NA,MO,2024-01-07,NA,NA,NA,NA,NA,NA,NA,NA,NA,NA,NA,NA
1017,0.117898218675479,0.0761721137520485,MO,2024-01-08,1,1,1,1,1,1,1,1,1,1,1,1
1018,NA,NA,MO,2024-01-09,NA,NA,NA,NA,NA,NA,NA,NA,NA,NA,NA,NA
1019,NA,NA,MO,2024-01-10,NA,NA,NA,NA,NA,NA,NA,NA,NA,NA,NA,NA
1020,0.726067131309992,0.383015314202234,MO,2024-01-11,1,1,1,1,1,0,1,1,0,1,1,0
1021,0.84281989621028,0.4039736556231995,MO,2024-01-12,1,0,1,1,1,1,1,0,1,0,1,1
1022,NA,NA,MO,2024-01-13,NA,NA,NA,NA,NA,NA,NA,NA,NA,NA,NA,NA
1023,0.0616174969567073,0.0417176147388246,MO,2024-01-14,1,1,1,1,1,1,1,1,1,0,1,0
1024,NA,NA,MO,2024-01-15,NA,NA,NA,NA,NA,NA,NA,NA,NA,NA,NA,NA
1025,0.18036419191352,0.03363271264160865,MO,2024-01-16,1,1,1,1,1,1,1,0,1,0,1,1
1026,NA,NA,MO,2024-01-17,NA,NA,NA,NA,NA,NA,NA,NA,NA,NA,NA,NA
1027,0.0460807346412564,0.0269421007485484,MO,2024-01-18,1,1,1,1,1,1,1,1,1,1,1,1
1028,NA,NA,MO,2024-01-19,NA,NA,NA,NA,NA,NA,NA,NA,NA,NA,NA,NA
1029,NA,NA,MO,2024-01-20,NA,NA,NA,NA,NA,NA,NA,NA,NA,NA,NA,NA
1030,0.107381993375313,0.0191120213324291,MO,2024-01-21,1,1,1,1,1,1,1,1,1,1,1,1
1031,0.195605385932988,0.0170016936626382,MO,2024-01-22,1,1,1,1,1,1,1,1,1,1,1,1
1032,0.165110438817,0.015106949402974,MO,2024-01-23,1,1,1,1,1,1,1,1,1,1,1,1
1033,0.144457094695293,0.0134088248343384,MO,2024-01-24,1,1,1,1,1,1,1,1,1,1,1,1
1034,NA,NA,MO,2024-01-25,NA,NA,NA,NA,NA,NA,NA,NA,NA,NA,NA,NA
1035,NA,NA,MO,2024-01-26,NA,NA,NA,NA,NA,NA,NA,NA,NA,NA,NA,NA
1036,NA,NA,MO,2024-01-27,NA,NA,NA,NA,NA,NA,NA,NA,NA,NA,NA,NA
1037,NA,NA,MO,2024-01-28,NA,NA,NA,NA,NA,NA,NA,NA,NA,NA,NA,NA
1038,0.0127613257550613,0.00728464736275645,MO,2024-01-29,1,1,1,1,1,1,1,1,1,1,1,1
1039,0.0376764013871581,0.0064326715318988,MO,2024-01-30,1,1,1,1,1,1,1,1,1,1,1,1
1040,1.22395791274162,0.86359274799545,MO,2024-01-31,1,1,0,0,1,1,1,1,0,0,1,1
1041,1.04218726535974,0.3048789925331125,MO,2024-02-01,1,1,1,1,1,0,1,1,1,0,1,0
1042,0.00695654478127818,0.004413117543482555,MO,2024-02-02,1,1,1,1,1,1,1,1,1,1,1,1
1043,NA,NA,MO,2024-02-03,NA,NA,NA,NA,NA,NA,NA,NA,NA,NA,NA,NA
1044,NA,NA,MO,2024-02-04,NA,NA,NA,NA,NA,NA,NA,NA,NA,NA,NA,NA
1045,NA,NA,MO,2024-02-05,NA,NA,NA,NA,NA,NA,NA,NA,NA,NA,NA,NA
1046,NA,NA,MO,2024-02-06,NA,NA,NA,NA,NA,NA,NA,NA,NA,NA,NA,NA
1047,1.20337476823091,0.468320726597909,MO,2024-02-07,1,1,1,0,1,0,1,1,1,0,1,0
1048,0.0117704404479578,0.00205213801437304,MO,2024-02-08,1,1,1,1,1,1,1,1,1,1,1,1
1049,0.0242329682672527,0.001804368652683815,MO,2024-02-09,1,1,1,1,1,1,1,1,1,1,1,1
1050,1.17555706381807,0.4641441092990575,MO,2024-02-10,1,1,0,0,1,1,1,1,0,0,1,1
1051,NA,NA,MS,2023-12-31,NA,NA,NA,NA,NA,NA,NA,NA,NA,NA,NA,NA
1052,NA,NA,MS,2024-01-01,NA,NA,NA,NA,NA,NA,NA,NA,NA,NA,NA,NA
1053,0.974369498629824,0.367902623872354,MS,2024-01-02,1,1,1,1,1,1,1,1,0,0,1,1
1054,0.777544201475982,0.3006424603170565,MS,2024-01-03,0,1,1,1,1,1,0,1,0,1,1,1
1055,0.762757556438326,0.2834259759942655,MS,2024-01-04,1,1,1,1,1,0,1,1,1,1,0,0
1056,1.79700528115747,0.581332483441615,MS,2024-01-05,1,1,0,0,1,0,1,1,1,0,1,0
1057,NA,NA,MS,2024-01-06,NA,NA,NA,NA,NA,NA,NA,NA,NA,NA,NA,NA
1058,NA,NA,MS,2024-01-07,NA,NA,NA,NA,NA,NA,NA,NA,NA,NA,NA,NA
1059,1.43829624402292,0.144571020980436,MS,2024-01-08,1,1,0,0,1,1,1,0,1,0,1,1
1060,0.385108375115625,0.240565863169087,MS,2024-01-09,1,1,1,1,1,1,1,1,1,1,1,1
1061,1.01855916078121,0.3367015423229975,MS,2024-01-10,1,1,0,1,1,1,1,1,0,1,1,0
1062,0.753611120471139,0.2792067072167565,MS,2024-01-11,1,1,1,1,1,0,1,1,0,0,1,0
1063,0.977749926256238,0.37288666336059,MS,2024-01-12,1,1,1,1,1,0,1,1,1,0,1,0
1064,NA,NA,MS,2024-01-13,NA,NA,NA,NA,NA,NA,NA,NA,NA,NA,NA,NA
1065,NA,NA,MS,2024-01-14,NA,NA,NA,NA,NA,NA,NA,NA,NA,NA,NA,NA
1066,NA,NA,MS,2024-01-15,NA,NA,NA,NA,NA,NA,NA,NA,NA,NA,NA,NA
1067,NA,NA,MS,2024-01-16,NA,NA,NA,NA,NA,NA,NA,NA,NA,NA,NA,NA
1068,0.136969963612374,0.02506202357487785,MS,2024-01-17,1,1,1,1,1,1,1,1,1,1,1,1
1069,0.0381094067697834,0.02235370739155475,MS,2024-01-18,1,1,1,1,1,1,1,1,1,1,1,1
1070,0.105097797810664,0.01991176797594035,MS,2024-01-19,1,1,1,1,1,1,1,0,1,0,1,1
1071,NA,NA,MS,2024-01-20,NA,NA,NA,NA,NA,NA,NA,NA,NA,NA,NA,NA
1072,NA,NA,MS,2024-01-21,NA,NA,NA,NA,NA,NA,NA,NA,NA,NA,NA,NA
1073,0.673893501951139,0.2730186010867385,MS,2024-01-22,1,1,0,1,1,1,1,1,0,0,1,1
1074,0.14841379051228001,0.0123893117965638,MS,2024-01-23,1,1,1,1,1,1,1,1,0,0,1,1
1075,NA,NA,MS,2024-01-24,NA,NA,NA,NA,NA,NA,NA,NA,NA,NA,NA,NA
1076,0.0154099356217118,0.00971347602970595,MS,2024-01-25,1,1,1,1,1,1,1,1,1,1,1,1
1077,0.106573313980184,0.00858969974847305,MS,2024-01-26,1,1,1,1,1,1,1,1,1,1,1,1
1078,NA,NA,MS,2024-01-27,NA,NA,NA,NA,NA,NA,NA,NA,NA,NA,NA,NA
1079,NA,NA,MS,2024-01-28,NA,NA,NA,NA,NA,NA,NA,NA,NA,NA,NA,NA
1080,1.60285150749842,0.355587490520378,MS,2024-01-29,1,0,0,0,1,1,1,0,0,0,1,1
1081,0.722506565454971,0.1779405198483885,MS,2024-01-30,1,1,0,1,1,1,1,1,0,0,1,1
1082,0.0550040052147193,0.00459651139670769,MS,2024-01-31,1,1,1,1,1,1,1,1,0,0,1,1
1083,NA,NA,MS,2024-02-01,NA,NA,NA,NA,NA,NA,NA,NA,NA,NA,NA,NA
1084,1.12548153947458,0.311543218334626,MS,2024-02-02,0,1,1,0,1,1,0,1,1,0,1,1
1085,NA,NA,MS,2024-02-03,NA,NA,NA,NA,NA,NA,NA,NA,NA,NA,NA,NA
1086,NA,NA,MS,2024-02-04,NA,NA,NA,NA,NA,NA,NA,NA,NA,NA,NA,NA
1087,0.0179551833826244,0.002428746934220955,MS,2024-02-05,1,1,1,1,1,1,1,1,1,1,1,1
1088,1.04046493785426,0.1903725094272035,MS,2024-02-06,0,1,1,1,1,1,0,1,1,0,1,1
1089,0.115858736319423,0.00187755321658525,MS,2024-02-07,1,1,1,1,1,1,1,1,1,1,1,1
1090,0.0124302977462218,0.001650287736922625,MS,2024-02-08,1,1,1,1,1,1,1,1,1,1,1,1
1091,0.113120110908905,0.001450296241851985,MS,2024-02-09,1,1,1,1,1,1,1,1,1,1,1,1
1092,NA,NA,MS,2024-02-10,NA,NA,NA,NA,NA,NA,NA,NA,NA,NA,NA,NA
1093,NA,NA,MT,2023-12-31,NA,NA,NA,NA,NA,NA,NA,NA,NA,NA,NA,NA
1094,NA,NA,MT,2024-01-01,NA,NA,NA,NA,NA,NA,NA,NA,NA,NA,NA,NA
1095,NA,NA,MT,2024-01-02,NA,NA,NA,NA,NA,NA,NA,NA,NA,NA,NA,NA
1096,NA,NA,MT,2024-01-03,NA,NA,NA,NA,NA,NA,NA,NA,NA,NA,NA,NA
1097,NA,NA,MT,2024-01-04,NA,NA,NA,NA,NA,NA,NA,NA,NA,NA,NA,NA
1098,NA,NA,MT,2024-01-05,NA,NA,NA,NA,NA,NA,NA,NA,NA,NA,NA,NA
1099,NA,NA,MT,2024-01-06,NA,NA,NA,NA,NA,NA,NA,NA,NA,NA,NA,NA
1100,NA,NA,MT,2024-01-07,NA,NA,NA,NA,NA,NA,NA,NA,NA,NA,NA,NA
1101,NA,NA,MT,2024-01-08,NA,NA,NA,NA,NA,NA,NA,NA,NA,NA,NA,NA
1102,NA,NA,MT,2024-01-09,NA,NA,NA,NA,NA,NA,NA,NA,NA,NA,NA,NA
1103,NA,NA,MT,2024-01-10,NA,NA,NA,NA,NA,NA,NA,NA,NA,NA,NA,NA
1104,NA,NA,MT,2024-01-11,NA,NA,NA,NA,NA,NA,NA,NA,NA,NA,NA,NA
1105,NA,NA,MT,2024-01-12,NA,NA,NA,NA,NA,NA,NA,NA,NA,NA,NA,NA
1106,NA,NA,MT,2024-01-13,NA,NA,NA,NA,NA,NA,NA,NA,NA,NA,NA,NA
1107,NA,NA,MT,2024-01-14,NA,NA,NA,NA,NA,NA,NA,NA,NA,NA,NA,NA
1108,NA,NA,MT,2024-01-15,NA,NA,NA,NA,NA,NA,NA,NA,NA,NA,NA,NA
1109,NA,NA,MT,2024-01-16,NA,NA,NA,NA,NA,NA,NA,NA,NA,NA,NA,NA
1110,NA,NA,MT,2024-01-17,NA,NA,NA,NA,NA,NA,NA,NA,NA,NA,NA,NA
1111,NA,NA,MT,2024-01-18,NA,NA,NA,NA,NA,NA,NA,NA,NA,NA,NA,NA
1112,NA,NA,MT,2024-01-19,NA,NA,NA,NA,NA,NA,NA,NA,NA,NA,NA,NA
1113,NA,NA,MT,2024-01-20,NA,NA,NA,NA,NA,NA,NA,NA,NA,NA,NA,NA
1114,NA,NA,MT,2024-01-21,NA,NA,NA,NA,NA,NA,NA,NA,NA,NA,NA,NA
1115,NA,NA,MT,2024-01-22,NA,NA,NA,NA,NA,NA,NA,NA,NA,NA,NA,NA
1116,NA,NA,MT,2024-01-23,NA,NA,NA,NA,NA,NA,NA,NA,NA,NA,NA,NA
1117,NA,NA,MT,2024-01-24,NA,NA,NA,NA,NA,NA,NA,NA,NA,NA,NA,NA
1118,NA,NA,MT,2024-01-25,NA,NA,NA,NA,NA,NA,NA,NA,NA,NA,NA,NA
1119,NA,NA,MT,2024-01-26,NA,NA,NA,NA,NA,NA,NA,NA,NA,NA,NA,NA
1120,NA,NA,MT,2024-01-27,NA,NA,NA,NA,NA,NA,NA,NA,NA,NA,NA,NA
1121,NA,NA,MT,2024-01-28,NA,NA,NA,NA,NA,NA,NA,NA,NA,NA,NA,NA
1122,0.00629144014626191,0.00264059405631498,MT,2024-01-29,1,1,1,1,1,1,1,1,1,1,1,1
1123,NA,NA,MT,2024-01-30,NA,NA,NA,NA,NA,NA,NA,NA,NA,NA,NA,NA
1124,NA,NA,MT,2024-01-31,NA,NA,NA,NA,NA,NA,NA,NA,NA,NA,NA,NA
1125,NA,NA,MT,2024-02-01,NA,NA,NA,NA,NA,NA,NA,NA,NA,NA,NA,NA
1126,NA,NA,MT,2024-02-02,NA,NA,NA,NA,NA,NA,NA,NA,NA,NA,NA,NA
1127,NA,NA,MT,2024-02-03,NA,NA,NA,NA,NA,NA,NA,NA,NA,NA,NA,NA
1128,NA,NA,MT,2024-02-04,NA,NA,NA,NA,NA,NA,NA,NA,NA,NA,NA,NA
1129,NA,NA,MT,2024-02-05,NA,NA,NA,NA,NA,NA,NA,NA,NA,NA,NA,NA
1130,NA,NA,MT,2024-02-06,NA,NA,NA,NA,NA,NA,NA,NA,NA,NA,NA,NA
1131,NA,NA,MT,2024-02-07,NA,NA,NA,NA,NA,NA,NA,NA,NA,NA,NA,NA
1132,0.00110519375976567,7.28929441934205e-4,MT,2024-02-08,1,1,1,1,1,1,1,1,1,1,1,1
1133,NA,NA,MT,2024-02-09,NA,NA,NA,NA,NA,NA,NA,NA,NA,NA,NA,NA
1134,NA,NA,MT,2024-02-10,NA,NA,NA,NA,NA,NA,NA,NA,NA,NA,NA,NA
1135,0.414139932883812,0.2424059129993675,NC,2023-12-31,1,1,1,1,1,1,0,1,0,1,1,1
1136,NA,NA,NC,2024-01-01,NA,NA,NA,NA,NA,NA,NA,NA,NA,NA,NA,NA
1137,2.18126187513349,0.370648766127528,NC,2024-01-02,1,0,1,0,1,1,1,0,0,1,1,0
1138,2.93807617815605,0.41223175652092803,NC,2024-01-03,1,1,1,0,1,0,0,1,0,0,1,0
1139,1.90246101456502,0.3424968094875945,NC,2024-01-04,1,1,1,1,1,0,1,1,0,0,0,0
1140,1.33006959052966,0.317919727325461,NC,2024-01-05,1,1,1,1,1,1,0,0,1,1,1,0
1141,NA,NA,NC,2024-01-06,NA,NA,NA,NA,NA,NA,NA,NA,NA,NA,NA,NA
1142,NA,NA,NC,2024-01-07,NA,NA,NA,NA,NA,NA,NA,NA,NA,NA,NA,NA
1143,0.771379365095026,0.2115925010139565,NC,2024-01-08,1,1,1,1,1,1,1,0,0,1,1,1
1144,1.06486726649351,0.0708587008302655,NC,2024-01-09,1,1,1,0,1,1,1,1,0,0,1,1
1145,0.715958220835079,0.0643941707893495,NC,2024-01-10,1,1,1,1,1,1,1,1,0,0,1,1
1146,1.13137366879259,0.311785301962482,NC,2024-01-11,0,1,1,1,1,1,0,1,0,0,1,1
1147,0.767791906759885,0.186301329866875,NC,2024-01-12,1,1,1,1,1,0,0,1,1,1,1,0
1148,1.04782426028398,0.731809141121815,NC,2024-01-13,1,1,1,1,1,0,1,1,1,0,1,0
1149,NA,NA,NC,2024-01-14,NA,NA,NA,NA,NA,NA,NA,NA,NA,NA,NA,NA
1150,0.752292548910334,0.1820035714806825,NC,2024-01-15,1,1,1,1,1,0,1,1,1,1,1,1
1151,0.611502912915306,0.03488227782766525,NC,2024-01-16,1,1,1,1,1,1,1,1,1,1,1,1
1152,1.39295107620513,0.4101727469550255,NC,2024-01-17,1,1,1,0,0,0,0,1,1,0,0,0
1153,0.70047519394252,0.1724285058159345,NC,2024-01-18,1,1,1,1,1,1,1,1,0,0,1,0
1154,1.26320996304081,0.1888817444096515,NC,2024-01-19,1,1,1,1,1,0,1,1,0,0,1,0
1155,NA,NA,NC,2024-01-20,NA,NA,NA,NA,NA,NA,NA,NA,NA,NA,NA,NA
1156,NA,NA,NC,2024-01-21,NA,NA,NA,NA,NA,NA,NA,NA,NA,NA,NA,NA
1157,0.55704443853769,0.0858475511828595,NC,2024-01-22,1,1,1,1,1,1,1,1,0,0,1,1
1158,0.85235811010554,0.3968616238172945,NC,2024-01-23,1,1,0,1,1,1,1,1,0,0,1,1
1159,0.541252919353249,0.0141615172806448,NC,2024-01-24,1,1,1,1,1,1,1,1,1,1,1,1
1160,0.803810512518247,0.1059613239876245,NC,2024-01-25,1,1,1,1,1,0,1,1,1,0,1,0
1161,0.836093774888505,0.1342534062960225,NC,2024-01-26,0,1,1,1,1,1,0,1,1,0,1,1
1162,0.0128811803562218,0.0099178608343578,NC,2024-01-27,1,1,1,1,1,1,1,1,1,1,1,1
1163,0.0119401343690494,0.0087927839226656,NC,2024-01-28,1,1,1,1,1,1,1,1,1,1,1,1
1164,0.658525068694132,0.0077895826357714,NC,2024-01-29,1,1,1,1,1,1,1,1,1,0,0,1
1165,0.456196900408268,0.067123468719233,NC,2024-01-30,1,1,1,1,1,1,1,1,0,1,1,0
1166,1.39408517659549,0.2549878112405065,NC,2024-01-31,1,1,1,0,1,0,1,1,0,0,1,0
1167,0.12902183217434,0.00539505813623345,NC,2024-02-01,1,1,1,1,1,1,1,1,1,1,1,1
1168,0.140032777971493,0.00476803402942213,NC,2024-02-02,1,1,1,1,1,1,1,1,1,1,1,1
1169,NA,NA,NC,2024-02-03,NA,NA,NA,NA,NA,NA,NA,NA,NA,NA,NA,NA
1170,NA,NA,NC,2024-02-04,NA,NA,NA,NA,NA,NA,NA,NA,NA,NA,NA,NA
1171,1.63363269442691,0.2628482423945165,NC,2024-02-05,0,1,0,0,1,1,0,1,0,0,1,1
1172,0.188717949470556,0.002896353361723175,NC,2024-02-06,1,1,1,1,1,1,1,1,1,1,1,1
1173,0.529483225815765,0.0671742205569635,NC,2024-02-07,1,1,1,1,1,1,1,1,1,1,1,1
1174,1.79928325966634,0.2691146975571205,NC,2024-02-08,1,1,1,0,0,0,1,0,1,0,0,0
1175,0.133843473247446,0.00198635687940261,NC,2024-02-09,1,1,1,1,1,1,1,1,0,0,1,1
1176,NA,NA,NC,2024-02-10,NA,NA,NA,NA,NA,NA,NA,NA,NA,NA,NA,NA
1177,NA,NA,ND,2023-12-31,NA,NA,NA,NA,NA,NA,NA,NA,NA,NA,NA,NA
1178,NA,NA,ND,2024-01-01,NA,NA,NA,NA,NA,NA,NA,NA,NA,NA,NA,NA
1179,0.124379856406946,0.109866889205677,ND,2024-01-02,1,1,1,1,1,1,1,1,1,1,1,1
1180,0.614231016458022,0.2675620463496735,ND,2024-01-03,1,1,1,1,1,1,1,1,0,1,0,1
1181,NA,NA,ND,2024-01-04,NA,NA,NA,NA,NA,NA,NA,NA,NA,NA,NA,NA
1182,NA,NA,ND,2024-01-05,NA,NA,NA,NA,NA,NA,NA,NA,NA,NA,NA,NA
1183,NA,NA,ND,2024-01-06,NA,NA,NA,NA,NA,NA,NA,NA,NA,NA,NA,NA
1184,NA,NA,ND,2024-01-07,NA,NA,NA,NA,NA,NA,NA,NA,NA,NA,NA,NA
1185,NA,NA,ND,2024-01-08,NA,NA,NA,NA,NA,NA,NA,NA,NA,NA,NA,NA
1186,NA,NA,ND,2024-01-09,NA,NA,NA,NA,NA,NA,NA,NA,NA,NA,NA,NA
1187,NA,NA,ND,2024-01-10,NA,NA,NA,NA,NA,NA,NA,NA,NA,NA,NA,NA
1188,NA,NA,ND,2024-01-11,NA,NA,NA,NA,NA,NA,NA,NA,NA,NA,NA,NA
1189,NA,NA,ND,2024-01-12,NA,NA,NA,NA,NA,NA,NA,NA,NA,NA,NA,NA
1190,NA,NA,ND,2024-01-13,NA,NA,NA,NA,NA,NA,NA,NA,NA,NA,NA,NA
1191,NA,NA,ND,2024-01-14,NA,NA,NA,NA,NA,NA,NA,NA,NA,NA,NA,NA
1192,NA,NA,ND,2024-01-15,NA,NA,NA,NA,NA,NA,NA,NA,NA,NA,NA,NA
1193,NA,NA,ND,2024-01-16,NA,NA,NA,NA,NA,NA,NA,NA,NA,NA,NA,NA
1194,NA,NA,ND,2024-01-17,NA,NA,NA,NA,NA,NA,NA,NA,NA,NA,NA,NA
1195,NA,NA,ND,2024-01-18,NA,NA,NA,NA,NA,NA,NA,NA,NA,NA,NA,NA
1196,0.0271160883628765,0.02718707163714885,ND,2024-01-19,1,1,1,1,1,1,1,1,1,1,1,1
1197,NA,NA,ND,2024-01-20,NA,NA,NA,NA,NA,NA,NA,NA,NA,NA,NA,NA
1198,NA,NA,ND,2024-01-21,NA,NA,NA,NA,NA,NA,NA,NA,NA,NA,NA,NA
1199,NA,NA,ND,2024-01-22,NA,NA,NA,NA,NA,NA,NA,NA,NA,NA,NA,NA
1200,NA,NA,ND,2024-01-23,NA,NA,NA,NA,NA,NA,NA,NA,NA,NA,NA,NA
1201,NA,NA,ND,2024-01-24,NA,NA,NA,NA,NA,NA,NA,NA,NA,NA,NA,NA
1202,0.0173263788411928,0.01597963610638965,ND,2024-01-25,1,1,1,1,1,1,1,1,1,1,1,1
1203,0.0538181377637878,0.01462114979632315,ND,2024-01-26,1,1,1,1,1,1,1,1,1,1,1,1
1204,1.1033023395556,0.437153313403234,ND,2024-01-27,0,1,1,0,1,1,0,1,1,0,1,1
1205,0.0384940172259265,0.0122431528405419,ND,2024-01-28,1,1,1,1,1,1,1,1,1,1,1,1
1206,1.23623537949432,0.842937564151275,ND,2024-01-29,1,1,0,0,1,1,1,1,0,0,1,1
1207,0.0113853525309449,0.0102572688282987,ND,2024-01-30,1,1,1,1,1,1,1,1,1,1,1,1
1208,NA,NA,ND,2024-01-31,NA,NA,NA,NA,NA,NA,NA,NA,NA,NA,NA,NA
1209,NA,NA,ND,2024-02-01,NA,NA,NA,NA,NA,NA,NA,NA,NA,NA,NA,NA
1210,NA,NA,ND,2024-02-02,NA,NA,NA,NA,NA,NA,NA,NA,NA,NA,NA,NA
1211,NA,NA,ND,2024-02-03,NA,NA,NA,NA,NA,NA,NA,NA,NA,NA,NA,NA
1212,NA,NA,ND,2024-02-04,NA,NA,NA,NA,NA,NA,NA,NA,NA,NA,NA,NA
1213,NA,NA,ND,2024-02-05,NA,NA,NA,NA,NA,NA,NA,NA,NA,NA,NA,NA
1214,0.00570595573423383,0.00556465539126285,ND,2024-02-06,1,1,1,1,1,1,1,1,1,1,1,1
1215,NA,NA,ND,2024-02-07,NA,NA,NA,NA,NA,NA,NA,NA,NA,NA,NA,NA
1216,NA,NA,ND,2024-02-08,NA,NA,NA,NA,NA,NA,NA,NA,NA,NA,NA,NA
1217,0.00396839638893275,0.00430394805868528,ND,2024-02-09,1,1,1,1,1,1,1,1,1,1,1,1
1218,NA,NA,ND,2024-02-10,NA,NA,NA,NA,NA,NA,NA,NA,NA,NA,NA,NA
1219,NA,NA,NE,2023-12-31,NA,NA,NA,NA,NA,NA,NA,NA,NA,NA,NA,NA
1220,NA,NA,NE,2024-01-01,NA,NA,NA,NA,NA,NA,NA,NA,NA,NA,NA,NA
1221,NA,NA,NE,2024-01-02,NA,NA,NA,NA,NA,NA,NA,NA,NA,NA,NA,NA
1222,NA,NA,NE,2024-01-03,NA,NA,NA,NA,NA,NA,NA,NA,NA,NA,NA,NA
1223,NA,NA,NE,2024-01-04,NA,NA,NA,NA,NA,NA,NA,NA,NA,NA,NA,NA
1224,0.074175784096245,0.0734593971979905,NE,2024-01-05,1,1,1,1,1,1,1,1,1,1,1,1
1225,NA,NA,NE,2024-01-06,NA,NA,NA,NA,NA,NA,NA,NA,NA,NA,NA,NA
1226,NA,NA,NE,2024-01-07,NA,NA,NA,NA,NA,NA,NA,NA,NA,NA,NA,NA
1227,NA,NA,NE,2024-01-08,NA,NA,NA,NA,NA,NA,NA,NA,NA,NA,NA,NA
1228,NA,NA,NE,2024-01-09,NA,NA,NA,NA,NA,NA,NA,NA,NA,NA,NA,NA
1229,NA,NA,NE,2024-01-10,NA,NA,NA,NA,NA,NA,NA,NA,NA,NA,NA,NA
1230,NA,NA,NE,2024-01-11,NA,NA,NA,NA,NA,NA,NA,NA,NA,NA,NA,NA
1231,NA,NA,NE,2024-01-12,NA,NA,NA,NA,NA,NA,NA,NA,NA,NA,NA,NA
1232,NA,NA,NE,2024-01-13,NA,NA,NA,NA,NA,NA,NA,NA,NA,NA,NA,NA
1233,NA,NA,NE,2024-01-14,NA,NA,NA,NA,NA,NA,NA,NA,NA,NA,NA,NA
1234,NA,NA,NE,2024-01-15,NA,NA,NA,NA,NA,NA,NA,NA,NA,NA,NA,NA
1235,NA,NA,NE,2024-01-16,NA,NA,NA,NA,NA,NA,NA,NA,NA,NA,NA,NA
1236,NA,NA,NE,2024-01-17,NA,NA,NA,NA,NA,NA,NA,NA,NA,NA,NA,NA
1237,NA,NA,NE,2024-01-18,NA,NA,NA,NA,NA,NA,NA,NA,NA,NA,NA,NA
1238,NA,NA,NE,2024-01-19,NA,NA,NA,NA,NA,NA,NA,NA,NA,NA,NA,NA
1239,NA,NA,NE,2024-01-20,NA,NA,NA,NA,NA,NA,NA,NA,NA,NA,NA,NA
1240,NA,NA,NE,2024-01-21,NA,NA,NA,NA,NA,NA,NA,NA,NA,NA,NA,NA
1241,NA,NA,NE,2024-01-22,NA,NA,NA,NA,NA,NA,NA,NA,NA,NA,NA,NA
1242,NA,NA,NE,2024-01-23,NA,NA,NA,NA,NA,NA,NA,NA,NA,NA,NA,NA
1243,NA,NA,NE,2024-01-24,NA,NA,NA,NA,NA,NA,NA,NA,NA,NA,NA,NA
1244,NA,NA,NE,2024-01-25,NA,NA,NA,NA,NA,NA,NA,NA,NA,NA,NA,NA
1245,NA,NA,NE,2024-01-26,NA,NA,NA,NA,NA,NA,NA,NA,NA,NA,NA,NA
1246,NA,NA,NE,2024-01-27,NA,NA,NA,NA,NA,NA,NA,NA,NA,NA,NA,NA
1247,NA,NA,NE,2024-01-28,NA,NA,NA,NA,NA,NA,NA,NA,NA,NA,NA,NA
1248,NA,NA,NE,2024-01-29,NA,NA,NA,NA,NA,NA,NA,NA,NA,NA,NA,NA
1249,NA,NA,NE,2024-01-30,NA,NA,NA,NA,NA,NA,NA,NA,NA,NA,NA,NA
1250,NA,NA,NE,2024-01-31,NA,NA,NA,NA,NA,NA,NA,NA,NA,NA,NA,NA
1251,NA,NA,NE,2024-02-01,NA,NA,NA,NA,NA,NA,NA,NA,NA,NA,NA,NA
1252,NA,NA,NE,2024-02-02,NA,NA,NA,NA,NA,NA,NA,NA,NA,NA,NA,NA
1253,NA,NA,NE,2024-02-03,NA,NA,NA,NA,NA,NA,NA,NA,NA,NA,NA,NA
1254,NA,NA,NE,2024-02-04,NA,NA,NA,NA,NA,NA,NA,NA,NA,NA,NA,NA
1255,NA,NA,NE,2024-02-05,NA,NA,NA,NA,NA,NA,NA,NA,NA,NA,NA,NA
1256,NA,NA,NE,2024-02-06,NA,NA,NA,NA,NA,NA,NA,NA,NA,NA,NA,NA
1257,NA,NA,NE,2024-02-07,NA,NA,NA,NA,NA,NA,NA,NA,NA,NA,NA,NA
1258,NA,NA,NE,2024-02-08,NA,NA,NA,NA,NA,NA,NA,NA,NA,NA,NA,NA
1259,NA,NA,NE,2024-02-09,NA,NA,NA,NA,NA,NA,NA,NA,NA,NA,NA,NA
1260,NA,NA,NE,2024-02-10,NA,NA,NA,NA,NA,NA,NA,NA,NA,NA,NA,NA
1261,0.0783652786322835,0.092225502341202,NH,2023-12-31,1,1,1,1,1,1,1,1,1,1,1,1
1262,NA,NA,NH,2024-01-01,NA,NA,NA,NA,NA,NA,NA,NA,NA,NA,NA,NA
1263,0.0646853645783078,0.076447166086214,NH,2024-01-02,1,1,1,1,1,1,1,1,1,1,1,1
1264,NA,NA,NH,2024-01-03,NA,NA,NA,NA,NA,NA,NA,NA,NA,NA,NA,NA
1265,NA,NA,NH,2024-01-04,NA,NA,NA,NA,NA,NA,NA,NA,NA,NA,NA,NA
1266,0.0506160326813277,0.0567374600293965,NH,2024-01-05,1,1,1,1,1,1,1,1,1,1,1,1
1267,NA,NA,NH,2024-01-06,NA,NA,NA,NA,NA,NA,NA,NA,NA,NA,NA,NA
1268,NA,NA,NH,2024-01-07,NA,NA,NA,NA,NA,NA,NA,NA,NA,NA,NA,NA
1269,0.0321530220939297,0.04134314038308145,NH,2024-01-08,1,1,1,1,1,1,1,1,0,0,1,1
1270,0.030133567555286,0.037065094744969,NH,2024-01-09,1,1,1,1,1,1,1,1,1,1,1,1
1271,NA,NA,NH,2024-01-10,NA,NA,NA,NA,NA,NA,NA,NA,NA,NA,NA,NA
1272,NA,NA,NH,2024-01-11,NA,NA,NA,NA,NA,NA,NA,NA,NA,NA,NA,NA
1273,NA,NA,NH,2024-01-12,NA,NA,NA,NA,NA,NA,NA,NA,NA,NA,NA,NA
1274,NA,NA,NH,2024-01-13,NA,NA,NA,NA,NA,NA,NA,NA,NA,NA,NA,NA
1275,0.0163102381169053,0.020953044624586,NH,2024-01-14,1,1,1,1,1,1,1,1,1,1,1,1
1276,0.0150023309890457,0.0186144145121273,NH,2024-01-15,1,1,1,1,1,1,1,1,1,1,1,1
1277,NA,NA,NH,2024-01-16,NA,NA,NA,NA,NA,NA,NA,NA,NA,NA,NA,NA
1278,0.0822071155039912,0.0146380284528097,NH,2024-01-17,1,1,1,1,1,1,1,1,1,1,1,1
1279,NA,NA,NH,2024-01-18,NA,NA,NA,NA,NA,NA,NA,NA,NA,NA,NA,NA
1280,NA,NA,NH,2024-01-19,NA,NA,NA,NA,NA,NA,NA,NA,NA,NA,NA,NA
1281,NA,NA,NH,2024-01-20,NA,NA,NA,NA,NA,NA,NA,NA,NA,NA,NA,NA
1282,NA,NA,NH,2024-01-21,NA,NA,NA,NA,NA,NA,NA,NA,NA,NA,NA,NA
1283,NA,NA,NH,2024-01-22,NA,NA,NA,NA,NA,NA,NA,NA,NA,NA,NA,NA
1284,NA,NA,NH,2024-01-23,NA,NA,NA,NA,NA,NA,NA,NA,NA,NA,NA,NA
1285,NA,NA,NH,2024-01-24,NA,NA,NA,NA,NA,NA,NA,NA,NA,NA,NA,NA
1286,0.00388774378938433,0.0053937495628706,NH,2024-01-25,1,1,1,1,1,1,1,1,1,1,1,1
1287,NA,NA,NH,2024-01-26,NA,NA,NA,NA,NA,NA,NA,NA,NA,NA,NA,NA
1288,NA,NA,NH,2024-01-27,NA,NA,NA,NA,NA,NA,NA,NA,NA,NA,NA,NA
1289,NA,NA,NH,2024-01-28,NA,NA,NA,NA,NA,NA,NA,NA,NA,NA,NA,NA
1290,NA,NA,NH,2024-01-29,NA,NA,NA,NA,NA,NA,NA,NA,NA,NA,NA,NA
1291,0.00177804828980413,0.002835122513092235,NH,2024-01-30,1,1,1,1,1,1,1,1,1,1,1,1
1292,NA,NA,NH,2024-01-31,NA,NA,NA,NA,NA,NA,NA,NA,NA,NA,NA,NA
1293,NA,NA,NH,2024-02-01,NA,NA,NA,NA,NA,NA,NA,NA,NA,NA,NA,NA
1294,NA,NA,NH,2024-02-02,NA,NA,NA,NA,NA,NA,NA,NA,NA,NA,NA,NA
1295,1.35441682286721,0.94185952678314,NH,2024-02-03,1,1,1,0,0,1,1,1,1,0,0,1
1296,NA,NA,NH,2024-02-04,NA,NA,NA,NA,NA,NA,NA,NA,NA,NA,NA,NA
1297,NA,NA,NH,2024-02-05,NA,NA,NA,NA,NA,NA,NA,NA,NA,NA,NA,NA
1298,0.00291560626093999,0.001141722660936095,NH,2024-02-06,1,1,1,1,1,1,1,1,1,1,1,1
1299,NA,NA,NH,2024-02-07,NA,NA,NA,NA,NA,NA,NA,NA,NA,NA,NA,NA
1300,NA,NA,NH,2024-02-08,NA,NA,NA,NA,NA,NA,NA,NA,NA,NA,NA,NA
1301,NA,NA,NH,2024-02-09,NA,NA,NA,NA,NA,NA,NA,NA,NA,NA,NA,NA
1302,NA,NA,NH,2024-02-10,NA,NA,NA,NA,NA,NA,NA,NA,NA,NA,NA,NA
1303,1.83764613594974,0.02801864153849805,NJ,2023-12-31,1,1,0,0,1,1,1,1,0,0,1,1
1304,1.94114687731188,0.1060917399912295,NJ,2024-01-01,1,1,0,0,1,1,1,1,1,1,1,1
1305,3.59611807627769,0.185372844043365,NJ,2024-01-02,1,1,1,1,1,0,0,0,0,0,1,0
1306,2.4476928299927,0.152697035930278,NJ,2024-01-03,1,1,1,1,1,0,0,1,0,0,0,0
1307,3.18018895036145,0.1685420804314885,NJ,2024-01-04,1,1,1,1,1,1,0,0,0,0,0,0
1308,1.16024838272279,0.091711480382192,NJ,2024-01-05,0,1,1,1,1,1,0,1,0,0,1,0
1309,1.31102724245122,0.1577048813972575,NJ,2024-01-06,1,1,1,1,1,0,1,1,1,0,0,1
1310,0.510030958788897,0.077774131743846,NJ,2024-01-07,1,1,1,1,1,1,1,1,0,0,1,1
1311,2.53175205193483,0.1035879288766935,NJ,2024-01-08,1,1,1,1,1,0,1,0,0,0,0,0
1312,1.98043885888135,0.0910000498433505,NJ,2024-01-09,0,1,1,1,1,1,0,1,0,0,1,0
1313,1.34798796328609,0.080076828031651,NJ,2024-01-10,1,1,1,1,1,1,1,1,0,0,1,1
1314,2.05650034735084,0.116182486107538,NJ,2024-01-11,1,1,1,1,0,1,1,1,0,0,0,0
1315,0.831634914111217,0.075099420701411,NJ,2024-01-12,1,1,1,1,0,1,1,1,1,0,0,1
1316,1.47030382657036,0.122652400514745,NJ,2024-01-13,1,1,1,1,1,0,1,1,0,0,0,0
1317,0.461828573650354,0.083748821777864,NJ,2024-01-14,1,1,1,1,1,1,1,1,0,0,1,1
1318,1.30776370737754,0.0812394275758015,NJ,2024-01-15,1,1,1,1,1,0,1,1,0,0,1,0
1319,1.47655540792617,0.1099213573791395,NJ,2024-01-16,0,1,1,1,1,1,1,1,0,0,1,1
1320,1.08846407753153,0.053392723636181,NJ,2024-01-17,0,1,1,1,1,1,0,1,0,1,1,1
1321,1.57300109903459,0.0873254620969915,NJ,2024-01-18,0,1,0,1,1,1,0,1,0,0,0,1
1322,0.172796497258745,0.0022608404831378,NJ,2024-01-19,1,1,1,1,1,1,1,1,0,0,1,1
1323,0.683711267381714,0.00196626040761497,NJ,2024-01-20,1,1,1,1,1,1,1,1,0,0,0,0
1324,0.264777536711753,0.00170951243747254,NJ,2024-01-21,1,1,1,1,1,1,1,1,0,0,1,1
1325,1.25004531459522,0.00148587327362094,NJ,2024-01-22,1,1,1,0,1,1,1,1,1,0,0,1
1326,1.45649104901706,0.01663483929601,NJ,2024-01-23,1,1,1,1,1,1,1,1,0,0,1,1
1327,0.92657548321578,0.001121769625953075,NJ,2024-01-24,1,1,1,1,1,1,1,1,1,1,1,1
1328,0.863356132350439,0.03098788916419105,NJ,2024-01-25,0,1,1,1,1,1,0,1,0,1,1,1
1329,0.0204588937613182,8.46319591389165e-4,NJ,2024-01-26,1,1,1,1,1,1,1,1,1,1,1,1
1330,0.900632617765694,0.069500381071018,NJ,2024-01-27,1,1,1,1,0,1,1,1,1,0,0,1
1331,1.13815459318659,0.161556486062773,NJ,2024-01-28,1,1,1,0,1,0,1,1,1,0,1,0
1332,5.14787291010642,0.1169613104947045,NJ,2024-01-29,0,1,1,0,0,0,0,1,0,0,0,0
1333,0.945163673465929,0.0175368746976091,NJ,2024-01-30,0,1,1,1,1,1,0,1,0,1,1,1
1334,0.514806004081272,4.1789334839163e-4,NJ,2024-01-31,1,1,1,1,1,1,1,1,0,0,1,1
1335,1.02701006911574,0.087982559969914,NJ,2024-02-01,1,1,0,0,1,1,1,1,0,0,1,1
1336,0.0623815043079784,3.15147258670385e-4,NJ,2024-02-02,1,1,1,1,1,1,1,1,1,1,1,1
1337,1.9382876180621,0.1623748281347865,NJ,2024-02-03,1,1,0,0,0,1,1,1,0,0,0,1
1338,0.0216584229336913,2.37743742998525e-4,NJ,2024-02-04,1,1,1,1,1,1,1,1,1,0,0,1
1339,1.96098847919007,0.0458149804015795,NJ,2024-02-05,1,1,1,0,1,0,1,0,1,1,1,0
1340,0.87432017208066,0.02472750830283375,NJ,2024-02-06,1,1,1,1,1,0,1,0,1,0,0,0
1341,0.936797324772389,0.02827420518336115,NJ,2024-02-07,0,1,1,1,1,1,0,1,1,0,1,1
1342,0.193168343335572,1.3553002523941e-4,NJ,2024-02-08,1,1,1,1,1,1,1,1,1,1,1,1
1343,0.0699663166033328,1.17819976670265e-4,NJ,2024-02-09,1,1,1,1,1,1,1,1,1,1,1,1
1344,0.0162404691382014,1.0244681965361e-4,NJ,2024-02-10,1,1,1,1,1,1,1,1,1,1,1,1
1345,1.97661546758229,0.3800948945947615,NM,2023-12-31,1,0,0,1,1,1,1,0,0,0,0,1
1346,1.2223841137921,0.358960469283233,NM,2024-01-01,1,1,1,1,1,0,1,0,0,0,1,0
1347,3.4045599660501,0.345893206935007,NM,2024-01-02,1,1,0,0,1,0,1,1,0,0,1,0
1348,1.00063436990344,0.4290473956205635,NM,2024-01-03,0,1,1,1,1,1,0,0,1,0,1,0
1349,1.0758036468333,0.3022811870984135,NM,2024-01-04,1,1,1,1,1,1,1,0,1,0,1,1
1350,2.76218210598748,0.3154231794785995,NM,2024-01-05,1,1,0,0,1,1,1,0,0,0,0,1
1351,0.730374587031856,0.3108968736204955,NM,2024-01-06,1,1,1,1,1,1,1,0,1,0,1,1
1352,2.26187628883972,0.225277474736561,NM,2024-01-07,1,1,1,0,1,1,1,1,0,0,1,1
1353,1.28554639993696,0.266783908109024,NM,2024-01-08,1,1,0,1,1,1,1,1,0,0,1,1
1354,1.31608417857001,0.295520883276906,NM,2024-01-09,1,1,1,1,1,1,1,0,0,0,0,0
1355,2.28951847296544,0.2941350752449725,NM,2024-01-10,0,1,0,0,1,1,1,1,0,0,1,0
1356,1.40243207564991,0.236275619093517,NM,2024-01-11,1,1,1,0,1,1,1,1,0,0,1,0
1357,1.65274281564651,0.397629974888002,NM,2024-01-12,0,1,1,1,1,0,0,0,0,0,1,0
1358,1.45502470827582,0.139213388340087,NM,2024-01-13,1,1,1,0,1,1,1,1,0,0,1,1
1359,1.12618081899581,0.2376569175888565,NM,2024-01-14,0,1,1,1,1,1,0,1,1,0,1,1
1360,1.05620731532118,0.3310399776335295,NM,2024-01-15,1,1,1,1,1,0,1,0,1,0,1,0
1361,NA,NA,NM,2024-01-16,NA,NA,NA,NA,NA,NA,NA,NA,NA,NA,NA,NA
1362,NA,NA,NM,2024-01-17,NA,NA,NA,NA,NA,NA,NA,NA,NA,NA,NA,NA
1363,NA,NA,NM,2024-01-18,NA,NA,NA,NA,NA,NA,NA,NA,NA,NA,NA,NA
1364,NA,NA,NM,2024-01-19,NA,NA,NA,NA,NA,NA,NA,NA,NA,NA,NA,NA
1365,0.0880473947999938,0.0789508816298955,NM,2024-01-20,1,1,1,1,1,1,1,1,1,1,1,1
1366,0.677514617252474,0.0722490684885495,NM,2024-01-21,1,1,1,1,1,1,1,0,1,0,1,1
1367,0.72156403509842,0.211477242540907,NM,2024-01-22,1,1,1,1,1,1,1,0,1,0,1,1
1368,0.195524650434679,0.0601866073309915,NM,2024-01-23,1,1,1,1,1,1,1,1,1,1,1,1
1369,0.465326357351038,0.2389803039565025,NM,2024-01-24,1,1,1,1,1,1,1,1,0,0,1,1
1370,NA,NA,NM,2024-01-25,NA,NA,NA,NA,NA,NA,NA,NA,NA,NA,NA,NA
1371,0.97983450078978,0.638651847393805,NM,2024-01-26,1,1,0,0,1,1,1,1,1,1,1,1
1372,0.0425228985948559,0.04096464428458575,NM,2024-01-27,1,1,1,1,1,1,1,0,1,0,1,1
1373,0.0381146959289483,0.0370710092099968,NM,2024-01-28,1,1,1,1,1,1,1,1,1,1,1,1
1374,0.0325086543789825,0.03350214113535675,NM,2024-01-29,1,1,1,1,1,1,1,1,1,1,1,1
1375,0.110639455714627,0.03023783609668945,NM,2024-01-30,1,1,1,1,1,1,1,0,1,0,1,1
1376,0.0989710532139367,0.02725811572234415,NM,2024-01-31,1,1,1,1,1,1,1,1,1,1,1,1
1377,NA,NA,NM,2024-02-01,NA,NA,NA,NA,NA,NA,NA,NA,NA,NA,NA,NA
1378,NA,NA,NM,2024-02-02,NA,NA,NA,NA,NA,NA,NA,NA,NA,NA,NA,NA
1379,NA,NA,NM,2024-02-03,NA,NA,NA,NA,NA,NA,NA,NA,NA,NA,NA,NA
1380,NA,NA,NM,2024-02-04,NA,NA,NA,NA,NA,NA,NA,NA,NA,NA,NA,NA
1381,0.0572760853589091,0.0159644892130383,NM,2024-02-05,1,1,1,1,1,1,1,1,1,1,1,1
1382,0.0558816015581964,0.01430389918067135,NM,2024-02-06,1,1,1,1,1,1,1,1,1,1,1,1
1383,0.0455269984914588,0.012805637417333,NM,2024-02-07,1,1,1,1,1,1,1,1,1,0,0,1
1384,NA,NA,NM,2024-02-08,NA,NA,NA,NA,NA,NA,NA,NA,NA,NA,NA,NA
1385,0.0109642987288884,0.0102407454156691,NM,2024-02-09,1,1,1,1,1,1,1,1,1,1,1,1
1386,0.0115616908209846,0.0091487353813822,NM,2024-02-10,1,1,1,1,1,1,1,1,1,1,1,1
1387,NA,NA,NV,2023-12-31,NA,NA,NA,NA,NA,NA,NA,NA,NA,NA,NA,NA
1388,NA,NA,NV,2024-01-01,NA,NA,NA,NA,NA,NA,NA,NA,NA,NA,NA,NA
1389,1.04116669440358,0.725361929624,NV,2024-01-02,1,1,0,0,1,1,1,1,0,0,1,1
1390,0.424628303955168,0.0222346415526189,NV,2024-01-03,1,1,1,1,1,1,1,1,1,1,1,1
1391,1.29270561522931,0.2110182225254515,NV,2024-01-04,1,1,1,1,0,1,1,1,0,0,0,1
1392,0.849317921247306,0.3935293829784875,NV,2024-01-05,1,1,0,1,1,1,1,1,0,0,1,1
1393,1.45801696800362,0.412177116570963,NV,2024-01-06,1,1,1,0,1,0,1,1,0,0,1,0
1394,0.535007550486289,0.013110946666267,NV,2024-01-07,1,1,1,1,1,1,1,1,1,1,1,1
1395,0.967415904287253,0.193772001443624,NV,2024-01-08,1,1,1,1,1,0,1,1,1,0,1,0
1396,NA,NA,NV,2024-01-09,NA,NA,NA,NA,NA,NA,NA,NA,NA,NA,NA,NA
1397,0.448473548179699,0.100201289092784,NV,2024-01-10,1,1,1,1,1,1,1,1,1,0,1,0
1398,0.35555581724393,0.0075645863908959,NV,2024-01-11,1,1,1,1,1,1,1,1,0,0,1,1
1399,0.450108344797709,0.083527009044839,NV,2024-01-12,1,1,1,1,1,1,1,1,0,0,1,1
1400,0.0287951948451275,0.00570866404196815,NV,2024-01-13,1,1,1,1,1,1,1,1,1,1,1,1
1401,0.00727042948211824,0.00495239712350127,NV,2024-01-14,1,1,1,1,1,1,1,1,0,0,1,1
1402,0.848639511489333,0.223253714514076,NV,2024-01-15,1,1,0,1,1,1,1,1,0,0,1,1
1403,1.67496659524356,0.200256538562992,NV,2024-01-16,1,1,0,0,1,1,1,1,0,0,1,1
1404,0.131859770636743,0.00321831773521697,NV,2024-01-17,1,1,1,1,1,1,1,1,1,1,1,1
1405,0.478399147298725,0.0670659027373355,NV,2024-01-18,1,1,1,1,1,1,1,0,0,1,1,1
1406,0.0793853718301858,0.002406617087406975,NV,2024-01-19,1,1,1,1,1,1,1,1,1,1,1,1
1407,0.00275695277237607,0.00207939972039577,NV,2024-01-20,1,1,1,1,1,1,1,1,1,1,1,1
1408,0.00253886689977181,0.001795804293600375,NV,2024-01-21,1,1,1,1,1,1,1,1,1,1,1,1
1409,0.881608916336015,0.0801606560537575,NV,2024-01-22,1,1,1,1,1,0,1,1,0,0,1,0
1410,1.11721137418983,0.1908213194439745,NV,2024-01-23,1,1,1,0,1,0,1,1,0,1,1,0
1411,0.0737876730895627,0.001153872200634505,NV,2024-01-24,1,1,1,1,1,1,1,1,0,0,1,1
1412,2.38076530465066,0.240776399129503,NV,2024-01-25,1,1,1,0,0,1,1,1,1,0,0,1
1413,0.0266030551495368,8.5778819580614e-4,NV,2024-01-26,1,1,1,1,1,1,1,1,1,1,1,1
1414,NA,NA,NV,2024-01-27,NA,NA,NA,NA,NA,NA,NA,NA,NA,NA,NA,NA
1415,NA,NA,NV,2024-01-28,NA,NA,NA,NA,NA,NA,NA,NA,NA,NA,NA,NA
1416,0.0115626927038212,5.4885701154309e-4,NV,2024-01-29,1,1,1,1,1,1,1,1,1,1,1,1
1417,0.0191934929966174,4.72794345825295e-4,NV,2024-01-30,1,1,1,1,1,1,1,1,1,1,1,1
1418,0.0148130520501498,4.0722321461738e-4,NV,2024-01-31,1,1,1,1,1,1,1,1,1,1,1,1
1419,0.0406420074918362,3.5071253072983e-4,NV,2024-02-01,1,1,1,1,1,1,1,1,1,1,1,1
1420,0.00205346756288032,3.0202245597391e-4,NV,2024-02-02,1,1,1,1,1,1,1,1,1,1,1,1
1421,0.00317496141947918,2.60079732159915e-4,NV,2024-02-03,1,1,1,1,1,1,1,1,0,0,1,1
1422,4.2755918739563e-4,2.23956001581185e-4,NV,2024-02-04,1,1,1,1,1,1,1,1,1,1,1,1
1423,0.00442510798414412,1.9284879608486e-4,NV,2024-02-05,1,1,1,1,1,1,1,1,1,1,1,1
1424,0.00193652898854951,1.66064899176515e-4,NV,2024-02-06,1,1,1,1,1,1,1,1,1,1,1,1
1425,0.00408629922648748,1.43005811122785e-4,NV,2024-02-07,1,1,1,1,1,1,1,1,1,1,1,1
1426,1.5788280215939e-4,1.23155072022435e-4,NV,2024-02-08,1,1,1,1,1,1,1,1,1,1,1,1
1427,1.35637430744053,0.4903452824329595,NV,2024-02-09,1,1,0,0,1,1,1,1,0,0,1,1
1428,0.00181818909551889,9.1358199009885e-5,NV,2024-02-10,1,1,1,1,1,1,1,1,1,1,1,1
1429,3.38335437244391,0.156048990937093,NY,2023-12-31,1,0,1,1,1,1,0,0,0,0,0,0
1430,4.71674286019916,0.1289565474373055,NY,2024-01-01,1,1,0,1,1,1,1,1,1,0,0,0
1431,6.20489196287632,0.141032779892349,NY,2024-01-02,1,0,1,1,1,1,0,0,0,0,0,0
1432,4.74574508094279,0.1025679005448805,NY,2024-01-03,1,1,1,1,1,1,0,1,0,0,0,0
1433,4.1678946149089,0.1027282791879035,NY,2024-01-04,1,1,1,1,1,1,0,1,0,0,0,1
1434,4.3456172600516,0.076411477889559,NY,2024-01-05,0,1,1,0,1,1,0,1,0,0,1,0
1435,1.97156875829029,0.1126410829489135,NY,2024-01-06,1,0,1,1,1,1,0,0,0,1,1,0
1436,4.01023575365789,0.1275560526591535,NY,2024-01-07,1,1,0,0,1,1,1,1,0,0,0,0
1437,3.95855885800151,0.0923672827884235,NY,2024-01-08,1,0,1,1,0,1,1,0,0,0,0,0
1438,2.87362241678805,0.098715610697624,NY,2024-01-09,1,1,1,1,1,0,0,1,0,0,1,0
1439,3.03211621419,0.084850517924632,NY,2024-01-10,1,0,1,1,1,1,1,0,0,0,0,0
1440,3.27619037498278,0.083088591591976,NY,2024-01-11,1,1,1,1,0,1,0,1,0,0,0,0
1441,2.31566704562591,0.04621745695104625,NY,2024-01-12,1,1,1,1,1,1,0,1,0,0,1,0
1442,2.26650580463667,0.04456455448767245,NY,2024-01-13,1,1,0,1,1,1,1,1,0,0,0,0
1443,4.40055014248538,0.113162312097469,NY,2024-01-14,1,1,1,0,0,0,0,1,0,0,0,0
1444,3.71867371668843,0.0813363051216815,NY,2024-01-15,1,1,1,1,1,0,0,1,1,0,0,0
1445,2.6380909030842,0.0637954001791495,NY,2024-01-16,0,1,1,1,0,1,0,1,0,0,0,0
1446,3.45992551992634,0.01994790992904745,NY,2024-01-17,1,1,1,0,1,1,1,1,0,0,0,0
1447,2.12017845364201,0.0399862282719791,NY,2024-01-18,1,1,1,1,1,1,0,1,0,0,0,0
1448,1.29005915565996,0.04694975800852075,NY,2024-01-19,1,1,1,1,1,1,1,0,0,0,0,0
1449,1.80048474541725,0.03060270882189565,NY,2024-01-20,1,1,1,1,1,0,1,1,1,0,0,0
1450,1.53469464255695,0.0620363435202645,NY,2024-01-21,0,1,1,1,1,0,0,1,0,0,0,1
1451,2.58235516952797,0.0456593070053887,NY,2024-01-22,1,1,1,1,1,0,1,1,0,0,0,0
1452,2.62973540431205,0.0458656074979611,NY,2024-01-23,1,1,1,1,0,1,0,1,0,0,0,0
1453,1.71915351794622,0.02781592596087595,NY,2024-01-24,0,0,1,1,1,1,0,0,0,0,0,0
1454,2.16766153242346,0.0376173774670533,NY,2024-01-25,1,1,1,1,1,0,1,1,1,0,1,0
1455,0.503047927206869,6.83100984985215e-4,NY,2024-01-26,1,1,1,1,1,1,1,1,0,0,1,1
1456,0.979854490441313,0.02910290644903845,NY,2024-01-27,1,1,1,1,1,1,0,1,0,1,1,1
1457,1.76518317048307,0.0570910996031965,NY,2024-01-28,0,1,0,0,1,1,0,1,0,0,0,1
1458,2.15715439293157,0.02296553207088145,NY,2024-01-29,1,1,1,1,1,0,1,1,0,0,1,0
1459,2.09302795523283,0.0296083726436797,NY,2024-01-30,0,1,1,1,0,0,0,1,0,0,0,0
1460,1.82965524078688,0.0330009654778743,NY,2024-01-31,1,1,1,1,1,0,1,1,0,0,0,0
1461,1.57292813092746,0.02223383616847145,NY,2024-02-01,1,1,1,1,1,0,1,1,1,1,1,1
1462,0.944615929027562,0.0292980437340508,NY,2024-02-02,1,1,1,1,0,1,1,1,0,0,0,1
1463,0.573056515470608,0.0164354823768089,NY,2024-02-03,1,1,1,1,1,1,1,1,0,0,1,1
1464,0.388035831047592,2.04021594222655e-4,NY,2024-02-04,1,1,1,1,1,1,1,1,1,0,0,1
1465,4.43557851046589,0.055569145565401,NY,2024-02-05,1,0,0,0,0,0,1,0,0,0,0,0
1466,4.66049714158353,0.0526886166186305,NY,2024-02-06,1,1,0,0,0,0,1,1,0,0,0,0
1467,2.19627585130986,0.0293405564364204,NY,2024-02-07,1,1,1,0,0,0,1,1,1,0,0,0
1468,4.13803433340196,0.04702605807872955,NY,2024-02-08,1,1,1,0,1,0,0,1,0,0,1,0
1469,0.995578892947137,0.02415413817338515,NY,2024-02-09,1,1,1,1,1,0,1,1,1,0,1,0
1470,2.23223296732211,0.0534394374331785,NY,2024-02-10,1,1,1,0,1,0,1,1,1,0,1,0
1471,NA,NA,OH,2023-12-31,NA,NA,NA,NA,NA,NA,NA,NA,NA,NA,NA,NA
1472,0.502120802625908,0.257067241497957,OH,2024-01-01,1,1,1,1,1,1,1,0,1,0,1,1
1473,1.91759614226877,0.397997040686635,OH,2024-01-02,1,0,1,1,1,1,1,0,1,0,0,1
1474,0.878199699930392,0.275972985381247,OH,2024-01-03,1,1,1,1,0,1,1,0,1,1,0,1
1475,0.796145746090507,0.2971954763879465,OH,2024-01-04,0,1,1,1,1,1,0,0,0,0,1,0
1476,0.41285338510519,0.1196649505081405,OH,2024-01-05,1,1,1,1,1,1,1,0,1,0,0,1
1477,NA,NA,OH,2024-01-06,NA,NA,NA,NA,NA,NA,NA,NA,NA,NA,NA,NA
1478,0.12587224769689,0.102024983546482,OH,2024-01-07,1,1,1,1,1,1,1,1,0,0,1,1
1479,0.562218423338615,0.321665398740761,OH,2024-01-08,1,1,1,1,1,1,1,1,1,0,1,0
1480,0.56177828085494,0.3252913767787925,OH,2024-01-09,1,1,1,1,1,1,1,1,0,1,1,0
1481,0.485978054723467,0.079103025324591,OH,2024-01-10,1,1,1,1,1,1,1,1,1,1,1,1
1482,1.11963497864299,0.3766557823241875,OH,2024-01-11,1,0,1,1,0,1,1,0,1,0,0,1
1483,0.233564027640459,0.0661271237734,OH,2024-01-12,1,1,1,1,1,1,1,1,1,1,1,1
1484,0.804101622016867,0.3783549785860735,OH,2024-01-13,1,0,1,1,1,1,1,0,1,0,1,1
1485,NA,NA,OH,2024-01-14,NA,NA,NA,NA,NA,NA,NA,NA,NA,NA,NA,NA
1486,0.192346260377967,0.04988908450892415,OH,2024-01-15,1,1,1,1,1,1,1,1,1,1,1,1
1487,0.0554415556215828,0.04527176759337905,OH,2024-01-16,1,1,1,1,1,1,1,1,1,1,1,1
1488,0.272237859990979,0.04102123844852885,OH,2024-01-17,1,1,1,1,1,1,1,1,1,1,1,1
1489,0.698070393147736,0.216094178863744,OH,2024-01-18,1,1,1,1,1,0,1,1,0,0,1,0
1490,NA,NA,OH,2024-01-19,NA,NA,NA,NA,NA,NA,NA,NA,NA,NA,NA,NA
1491,0.104214590852133,0.03027157532259075,OH,2024-01-20,1,1,1,1,1,1,1,1,1,1,1,1
1492,0.101438387216469,0.02728857140118155,OH,2024-01-21,1,1,1,1,1,1,1,1,0,0,1,0
1493,0.724427318196184,0.1786106317652975,OH,2024-01-22,1,1,1,1,1,0,1,1,0,0,1,0
1494,0.716701855833029,0.2676515136219065,OH,2024-01-23,1,1,0,1,1,1,1,0,0,0,1,0
1495,0.231580347086272,0.0198649769597458,OH,2024-01-24,1,1,1,1,1,1,1,1,1,1,1,1
1496,0.0658605173926543,0.01783697920034695,OH,2024-01-25,1,1,1,1,1,1,1,1,1,1,1,1
1497,0.93296234710743,0.287902095864843,OH,2024-01-26,1,1,1,1,1,0,1,1,1,0,0,1
1498,NA,NA,OH,2024-01-27,NA,NA,NA,NA,NA,NA,NA,NA,NA,NA,NA,NA
1499,NA,NA,OH,2024-01-28,NA,NA,NA,NA,NA,NA,NA,NA,NA,NA,NA,NA
1500,0.0388349233877361,0.01150993008947125,OH,2024-01-29,1,1,1,1,1,1,1,1,0,0,1,0
1501,0.136155273059679,0.01030063301433885,OH,2024-01-30,1,1,1,1,1,1,1,1,1,1,1,1
1502,1.25287982459608,0.86026689319764,OH,2024-01-31,1,1,1,0,0,1,1,1,1,0,0,1
1503,0.00836812790137079,0.0082388840698442,OH,2024-02-01,1,1,1,1,1,1,1,1,1,1,1,1
1504,0.0916134277242605,0.00736435979114255,OH,2024-02-02,1,1,1,1,1,1,1,1,1,0,1,0
1505,0.00558048670484354,0.0065807998882328,OH,2024-02-03,1,1,1,1,1,1,1,1,1,0,0,1
1506,0.0201485284385335,0.00587927813720875,OH,2024-02-04,1,1,1,1,1,1,1,1,1,1,1,1
1507,0.0182084182061637,0.00525163640540235,OH,2024-02-05,1,1,1,1,1,1,1,1,1,1,1,1
1508,0.109347982658665,0.00469043837923815,OH,2024-02-06,1,1,1,1,1,1,1,0,0,0,1,1
1509,2.33941564397054,0.2108489975337955,OH,2024-02-07,0,1,0,0,1,1,0,0,0,0,1,1
1510,0.0146492747648988,0.00374095389860379,OH,2024-02-08,1,1,1,1,1,1,1,1,1,1,1,1
1511,0.0230986903035776,0.003340979422609555,OH,2024-02-09,1,1,1,1,1,1,1,1,1,1,1,1
1512,NA,NA,OH,2024-02-10,NA,NA,NA,NA,NA,NA,NA,NA,NA,NA,NA,NA
1513,0.493076391376308,0.307453397740106,OK,2023-12-31,1,1,1,1,1,1,1,1,1,1,1,1
1514,0.46365055280068,0.2942893791886565,OK,2024-01-01,1,1,1,1,1,1,1,1,1,1,1,1
1515,1.3280817181787,0.3675078550657005,OK,2024-01-02,1,1,1,1,1,0,1,1,0,0,1,1
1516,0.975508456757037,0.380477626443713,OK,2024-01-03,1,1,1,1,1,0,1,1,0,0,1,0
1517,0.726528738051785,0.353842801708194,OK,2024-01-04,1,1,1,1,1,1,1,1,1,0,1,0
1518,0.721040199936475,0.415549888605071,OK,2024-01-05,1,1,1,1,1,1,1,1,0,0,1,1
1519,0.496782281378327,0.3672785072608745,OK,2024-01-06,1,1,1,1,1,1,1,1,1,1,1,1
1520,NA,NA,OK,2024-01-07,NA,NA,NA,NA,NA,NA,NA,NA,NA,NA,NA,NA
1521,2.01332709114874,0.455592661174855,OK,2024-01-08,1,1,1,0,1,0,0,0,1,0,1,0
1522,0.949684993261812,0.3268643226281595,OK,2024-01-09,1,1,1,1,1,1,0,0,1,0,1,1
1523,2.12723325119998,0.478271630685055,OK,2024-01-10,0,1,1,0,1,1,0,0,1,0,1,0
1524,1.98055348822858,0.4261384026643325,OK,2024-01-11,1,1,0,0,1,1,1,1,0,0,1,1
1525,0.398065119375564,0.2986703234751415,OK,2024-01-12,1,1,1,1,1,1,1,1,0,1,1,0
1526,0.628769576743297,0.350747399376762,OK,2024-01-13,1,1,1,1,1,0,1,1,1,1,0,0
1527,1.30760594227129,0.4666994165878775,OK,2024-01-14,1,1,0,1,1,1,1,1,0,0,1,1
1528,0.636233242083383,0.4808915527903335,OK,2024-01-15,1,1,0,1,1,1,1,1,0,0,1,1
1529,0.435162494137803,0.3067101295266985,OK,2024-01-16,1,1,1,1,1,1,1,0,0,1,1,1
1530,1.07989164294229,0.376416317432969,OK,2024-01-17,1,1,0,1,1,1,1,1,0,0,1,1
1531,0.649083829190228,0.3570821254755325,OK,2024-01-18,1,1,1,1,1,0,1,1,1,0,1,0
1532,0.710567078794803,0.539884092587165,OK,2024-01-19,1,1,0,1,1,1,0,1,0,1,1,1
1533,0.467045819363846,0.3201225544499205,OK,2024-01-20,1,1,1,1,1,1,1,1,1,0,1,0
1534,0.979265669738343,0.078235964210966,OK,2024-01-21,1,1,1,0,1,1,1,1,0,0,1,1
1535,0.345722188418205,0.071633671159965,OK,2024-01-22,1,1,1,1,1,1,1,1,0,0,1,1
1536,0.800845144071901,0.2437233265305155,OK,2024-01-23,1,1,1,1,1,1,1,1,0,1,1,0
1537,1.03427396025288,0.3374601991408825,OK,2024-01-24,1,1,0,1,1,1,0,1,0,0,1,1
1538,0.28526382769316,0.0543963568941705,OK,2024-01-25,1,1,1,1,1,1,1,1,1,0,1,0
1539,NA,NA,OK,2024-01-26,NA,NA,NA,NA,NA,NA,NA,NA,NA,NA,NA,NA
1540,0.0741132475671619,0.0448981179128422,OK,2024-01-27,1,1,1,1,1,1,1,1,1,0,1,0
1541,1.46532337802936,0.704195503922315,OK,2024-01-28,1,1,0,0,1,0,1,0,1,1,1,0
1542,1.01027453267942,0.142293055806267,OK,2024-01-29,1,1,1,1,0,1,0,1,0,0,0,1
1543,1.60678148670995,0.3116736346468875,OK,2024-01-30,1,1,1,0,1,0,1,1,0,0,1,1
1544,2.05558579017762,0.76851906669892,OK,2024-01-31,1,1,1,0,1,0,1,1,1,0,1,0
1545,0.839178451313672,0.287390163661759,OK,2024-02-01,1,0,1,1,1,1,1,0,1,0,1,1
1546,0.156291260070968,0.02438517050917305,OK,2024-02-02,1,1,1,1,1,1,1,1,0,0,1,1
1547,0.893815071489116,0.4106752872696285,OK,2024-02-03,1,1,1,1,1,0,1,1,1,1,1,1
1548,0.117891770956166,0.01970066368878445,OK,2024-02-04,1,1,1,1,1,1,1,1,1,1,1,1
1549,1.19239631672506,0.13132076784313,OK,2024-02-05,1,1,1,1,1,1,1,0,0,0,1,0
1550,0.950304279506095,0.4216589197759225,OK,2024-02-06,1,1,1,1,1,0,1,1,0,1,1,0
1551,0.027591829805938,0.0141990926786543,OK,2024-02-07,1,1,1,1,1,1,1,1,1,1,1,1
1552,0.0751740452208603,0.01270842463033315,OK,2024-02-08,1,1,1,1,1,1,1,1,0,0,1,1
1553,NA,NA,OK,2024-02-09,NA,NA,NA,NA,NA,NA,NA,NA,NA,NA,NA,NA
1554,0.0209613460966928,0.0101569154665615,OK,2024-02-10,1,1,1,1,1,1,1,1,1,1,1,1
1555,0.697540438989314,0.335318963873074,OR,2023-12-31,1,0,1,1,1,1,1,0,0,1,1,1
1556,0.771504287448185,0.22405274078915,OR,2024-01-01,1,1,1,1,1,1,1,1,0,0,1,0
1557,0.740158785804377,0.2659760773632025,OR,2024-01-02,1,1,1,1,1,1,1,1,1,0,1,0
1558,0.454961984004874,0.206639763942303,OR,2024-01-03,1,1,1,1,1,1,1,1,0,0,1,0
1559,0.759917868358007,0.1741372430468385,OR,2024-01-04,1,1,1,1,1,1,1,1,1,1,1,1
1560,0.992981558059946,0.1062044771704265,OR,2024-01-05,1,1,1,0,1,1,1,1,1,1,1,1
1561,1.13460329650273,0.36054924661722,OR,2024-01-06,0,1,1,1,1,1,0,1,0,0,1,0
1562,2.03114823045571,0.1495632946044705,OR,2024-01-07,1,1,0,0,1,1,0,0,1,0,1,0
1563,0.936632402841645,0.219244601413303,OR,2024-01-08,1,1,1,1,0,1,1,1,0,1,0,1
1564,0.38360344792084,0.193951152578575,OR,2024-01-09,1,1,1,1,1,1,0,1,1,0,1,1
1565,0.874903618633037,0.395924585838969,OR,2024-01-10,1,0,1,1,1,1,1,0,1,0,1,1
1566,0.21936731622033,0.0613792760344905,OR,2024-01-11,1,1,1,1,1,1,1,1,1,1,1,1
1567,NA,NA,OR,2024-01-12,NA,NA,NA,NA,NA,NA,NA,NA,NA,NA,NA,NA
1568,1.21146323339444,0.285597166673797,OR,2024-01-13,0,1,1,1,1,0,0,1,0,0,1,0
1569,0.634571171681086,0.3410537430880425,OR,2024-01-14,1,1,1,1,1,1,1,1,0,0,1,1
1570,0.367644678623819,0.1632899093478515,OR,2024-01-15,1,1,1,1,1,1,1,1,0,0,1,1
1571,0.694018475473495,0.0368246945054489,OR,2024-01-16,1,1,1,1,1,1,1,1,0,0,1,1
1572,0.11719763658706,0.03307725948032145,OR,2024-01-17,1,1,1,1,1,1,1,1,1,1,1,1
1573,0.204595804304136,0.02966492311715035,OR,2024-01-18,1,1,1,1,1,1,1,0,1,0,1,1
1574,0.101498604519145,0.02656498855594525,OR,2024-01-19,1,1,1,1,1,1,1,1,1,1,1,1
1575,1.17826593116084,0.81380302278495,OR,2024-01-20,1,1,1,0,1,0,1,1,1,0,1,0
1576,1.03456594775835,0.422163565905035,OR,2024-01-21,1,1,1,1,1,0,1,1,1,0,1,0
1577,1.09176374399399,0.4336805981313985,OR,2024-01-22,0,1,1,1,1,1,0,1,1,0,1,1
1578,0.0604566857544801,0.0168532838873699,OR,2024-01-23,1,1,1,1,1,1,1,1,1,1,1,1
1579,0.0148263745407876,0.01499506727433105,OR,2024-01-24,1,1,1,1,1,1,1,1,1,1,1,1
1580,0.185649322020143,0.01332710716169555,OR,2024-01-25,1,1,1,1,1,1,1,1,1,1,1,1
1581,0.0149143386243465,0.01183242328835615,OR,2024-01-26,1,1,1,1,1,1,1,1,1,1,1,1
1582,0.0763828443612032,0.0104951321638545,OR,2024-01-27,1,1,1,1,1,1,1,1,1,1,1,1
1583,0.010326643979512,0.0093004482627055,OR,2024-01-28,1,1,1,1,1,1,1,1,1,1,1,1
1584,1.07005273340601,0.300908406882409,OR,2024-01-29,1,1,1,1,1,0,1,1,0,0,1,0
1585,0.35092919568279,0.0072851526381196,OR,2024-01-30,1,1,1,1,1,1,1,1,1,1,1,1
1586,1.07003554076864,0.2295473981749475,OR,2024-01-31,1,1,1,1,1,0,1,1,1,0,1,0
1587,0.0234299219194763,0.00568938323388435,OR,2024-02-01,1,1,1,1,1,1,1,1,1,1,1,1
1588,0.0411400782782265,0.005022764223428,OR,2024-02-02,1,1,1,1,1,1,1,1,1,1,1,1
1589,0.00497509016837684,0.00443156985543506,OR,2024-02-03,1,1,1,1,1,1,1,1,1,1,1,1
1590,0.100703991160323,0.003907772916781075,OR,2024-02-04,1,1,1,1,1,1,1,1,1,1,1,1
1591,0.125308727915762,0.003444108676218875,OR,2024-02-05,1,1,1,1,1,1,1,1,1,1,1,1
1592,0.118211547600459,0.003034018917827505,OR,2024-02-06,1,1,1,1,1,1,1,1,1,1,1,1
1593,0.0663681753347218,0.002671597027141085,OR,2024-02-07,1,1,1,1,1,1,1,1,1,1,1,1
1594,0.105138502467991,0.002351534788832535,OR,2024-02-08,1,1,1,1,1,1,1,1,1,1,1,1
1595,0.0280866049592312,0.0020690713915937,OR,2024-02-09,1,1,1,1,1,1,1,1,1,1,1,1
1596,0.0356379133122327,0.00181994499545999,OR,2024-02-10,1,1,1,1,1,1,1,1,1,1,1,1
1597,1.08394357182911,0.240876263401727,PA,2023-12-31,1,1,1,1,1,1,1,0,0,0,1,0
1598,0.604913507286418,0.228501045766656,PA,2024-01-01,1,1,1,1,1,1,1,0,0,0,1,0
1599,3.15786346097944,0.2400852783985225,PA,2024-01-02,0,1,1,1,1,1,0,0,0,0,1,1
1600,2.71028505898086,0.161412837313051,PA,2024-01-03,1,1,1,0,1,1,1,1,0,0,1,0
1601,1.69983189832971,0.1524273244188385,PA,2024-01-04,1,1,1,1,1,1,1,0,0,0,0,0
1602,0.925284805628803,0.144971260542466,PA,2024-01-05,0,1,1,1,1,1,0,1,1,0,1,1
1603,1.42984753355396,0.323676466473568,PA,2024-01-06,1,1,0,0,1,1,1,1,0,0,1,0
1604,0.743794181656844,0.232352980398484,PA,2024-01-07,1,1,1,1,1,1,1,1,0,1,1,0
1605,3.23693611320368,0.2518240722036645,PA,2024-01-08,1,0,1,0,0,1,1,0,0,0,0,0
1606,1.1560918042688,0.14288893941733,PA,2024-01-09,1,1,1,1,1,0,1,1,0,0,1,0
1607,1.1798018505288,0.1281605492569935,PA,2024-01-10,1,1,1,1,1,1,0,1,0,0,1,0
1608,1.9945650135667,0.1081053828095425,PA,2024-01-11,1,0,0,1,1,1,0,0,0,0,0,0
1609,1.2095298461839,0.249619787896236,PA,2024-01-12,1,1,1,1,0,0,1,1,0,0,0,0
1610,0.701095508803132,0.117652460048825,PA,2024-01-13,1,1,1,1,1,0,0,1,1,0,0,0
1611,1.55510308999555,0.2312103550845755,PA,2024-01-14,1,1,0,0,1,1,0,1,0,0,1,0
1612,1.01067914266347,0.0690043201918785,PA,2024-01-15,0,1,1,1,1,1,0,1,0,0,1,0
1613,1.00070593822248,0.109803836040279,PA,2024-01-16,0,1,1,1,1,1,0,1,0,0,0,1
1614,1.36281636099867,0.045672753901808,PA,2024-01-17,0,1,1,1,1,1,0,1,0,0,1,1
1615,0.857840126619621,0.04288283606882095,PA,2024-01-18,1,1,1,1,1,1,1,1,1,0,1,0
1616,0.818587816153659,0.1330936959191825,PA,2024-01-19,1,1,1,1,0,1,1,1,1,0,0,1
1617,0.140156653006611,0.00636470642266685,PA,2024-01-20,1,1,1,1,1,1,1,1,1,1,1,1
1618,1.1816300112651,0.4557922412767165,PA,2024-01-21,0,1,1,0,1,1,0,1,1,0,1,1
1619,1.49644666322507,0.0949200900060715,PA,2024-01-22,1,1,0,1,1,1,1,1,0,0,1,1
1620,0.871780462196064,0.004294953782422205,PA,2024-01-23,1,1,1,0,1,1,0,1,1,0,1,1
1621,0.573868496345645,0.07762897020643,PA,2024-01-24,1,1,1,1,1,1,1,1,0,1,1,0
1622,1.22343101293448,0.117958222025565,PA,2024-01-25,1,1,1,1,0,0,1,1,0,0,0,0
1623,0.047175003797333,0.002886398176034635,PA,2024-01-26,1,1,1,1,1,1,1,1,1,1,1,1
1624,0.0793695928047114,0.002526609867206015,PA,2024-01-27,1,1,1,1,1,1,1,1,1,1,1,1
1625,0.00773645458676102,0.002211132562181825,PA,2024-01-28,1,1,1,1,1,1,1,1,1,0,1,0
1626,0.355076122903705,0.00193466845500432,PA,2024-01-29,1,1,1,1,1,1,1,1,1,0,0,0
1627,0.257077889538234,0.00169251730014058,PA,2024-01-30,1,1,1,1,1,1,1,1,0,0,1,0
1628,1.4922055061348,0.106669416900526,PA,2024-01-31,0,1,1,0,1,0,0,1,1,0,1,0
1629,0.056081598449275,0.00129498507050473,PA,2024-02-01,1,1,1,1,1,1,1,1,1,1,1,1
1630,0.0714310226368181,0.00113267376707845,PA,2024-02-02,1,1,1,1,1,1,1,1,1,1,1,1
1631,0.0165443523438238,9.90717412352195e-4,PA,2024-02-03,1,1,1,1,1,1,1,1,1,1,1,1
1632,0.0690396459562051,8.66593100928285e-4,PA,2024-02-04,1,1,1,1,1,1,1,1,1,1,1,1
1633,0.646644575322569,0.0403273287870152,PA,2024-02-05,1,1,1,1,1,1,1,1,0,0,1,1
1634,0.0703052654903615,6.63233564970885e-4,PA,2024-02-06,1,1,1,1,1,1,1,1,0,0,1,1
1635,0.0741235921323097,5.80336917644025e-4,PA,2024-02-07,1,1,1,1,1,1,1,1,1,0,0,1
1636,1.68167174337992,0.1209460397335385,PA,2024-02-08,1,1,0,0,1,0,1,1,0,0,1,1
1637,1.7768892278204,0.1021196500192055,PA,2024-02-09,1,1,0,0,1,0,1,1,0,0,1,0
1638,0.0216210220293164,3.8924955273802e-4,PA,2024-02-10,1,1,1,1,1,1,1,1,0,0,1,1
1639,NA,NA,PR,2023-12-31,NA,NA,NA,NA,NA,NA,NA,NA,NA,NA,NA,NA
1640,NA,NA,PR,2024-01-01,NA,NA,NA,NA,NA,NA,NA,NA,NA,NA,NA,NA
1641,NA,NA,PR,2024-01-02,NA,NA,NA,NA,NA,NA,NA,NA,NA,NA,NA,NA
1642,NA,NA,PR,2024-01-03,NA,NA,NA,NA,NA,NA,NA,NA,NA,NA,NA,NA
1643,NA,NA,PR,2024-01-04,NA,NA,NA,NA,NA,NA,NA,NA,NA,NA,NA,NA
1644,NA,NA,PR,2024-01-05,NA,NA,NA,NA,NA,NA,NA,NA,NA,NA,NA,NA
1645,NA,NA,PR,2024-01-06,NA,NA,NA,NA,NA,NA,NA,NA,NA,NA,NA,NA
1646,NA,NA,PR,2024-01-07,NA,NA,NA,NA,NA,NA,NA,NA,NA,NA,NA,NA
1647,NA,NA,PR,2024-01-08,NA,NA,NA,NA,NA,NA,NA,NA,NA,NA,NA,NA
1648,NA,NA,PR,2024-01-09,NA,NA,NA,NA,NA,NA,NA,NA,NA,NA,NA,NA
1649,NA,NA,PR,2024-01-10,NA,NA,NA,NA,NA,NA,NA,NA,NA,NA,NA,NA
1650,NA,NA,PR,2024-01-11,NA,NA,NA,NA,NA,NA,NA,NA,NA,NA,NA,NA
1651,NA,NA,PR,2024-01-12,NA,NA,NA,NA,NA,NA,NA,NA,NA,NA,NA,NA
1652,NA,NA,PR,2024-01-13,NA,NA,NA,NA,NA,NA,NA,NA,NA,NA,NA,NA
1653,NA,NA,PR,2024-01-14,NA,NA,NA,NA,NA,NA,NA,NA,NA,NA,NA,NA
1654,NA,NA,PR,2024-01-15,NA,NA,NA,NA,NA,NA,NA,NA,NA,NA,NA,NA
1655,NA,NA,PR,2024-01-16,NA,NA,NA,NA,NA,NA,NA,NA,NA,NA,NA,NA
1656,NA,NA,PR,2024-01-17,NA,NA,NA,NA,NA,NA,NA,NA,NA,NA,NA,NA
1657,NA,NA,PR,2024-01-18,NA,NA,NA,NA,NA,NA,NA,NA,NA,NA,NA,NA
1658,NA,NA,PR,2024-01-19,NA,NA,NA,NA,NA,NA,NA,NA,NA,NA,NA,NA
1659,NA,NA,PR,2024-01-20,NA,NA,NA,NA,NA,NA,NA,NA,NA,NA,NA,NA
1660,NA,NA,PR,2024-01-21,NA,NA,NA,NA,NA,NA,NA,NA,NA,NA,NA,NA
1661,NA,NA,PR,2024-01-22,NA,NA,NA,NA,NA,NA,NA,NA,NA,NA,NA,NA
1662,NA,NA,PR,2024-01-23,NA,NA,NA,NA,NA,NA,NA,NA,NA,NA,NA,NA
1663,NA,NA,PR,2024-01-24,NA,NA,NA,NA,NA,NA,NA,NA,NA,NA,NA,NA
1664,NA,NA,PR,2024-01-25,NA,NA,NA,NA,NA,NA,NA,NA,NA,NA,NA,NA
1665,NA,NA,PR,2024-01-26,NA,NA,NA,NA,NA,NA,NA,NA,NA,NA,NA,NA
1666,NA,NA,PR,2024-01-27,NA,NA,NA,NA,NA,NA,NA,NA,NA,NA,NA,NA
1667,NA,NA,PR,2024-01-28,NA,NA,NA,NA,NA,NA,NA,NA,NA,NA,NA,NA
1668,NA,NA,PR,2024-01-29,NA,NA,NA,NA,NA,NA,NA,NA,NA,NA,NA,NA
1669,NA,NA,PR,2024-01-30,NA,NA,NA,NA,NA,NA,NA,NA,NA,NA,NA,NA
1670,NA,NA,PR,2024-01-31,NA,NA,NA,NA,NA,NA,NA,NA,NA,NA,NA,NA
1671,NA,NA,PR,2024-02-01,NA,NA,NA,NA,NA,NA,NA,NA,NA,NA,NA,NA
1672,NA,NA,PR,2024-02-02,NA,NA,NA,NA,NA,NA,NA,NA,NA,NA,NA,NA
1673,NA,NA,PR,2024-02-03,NA,NA,NA,NA,NA,NA,NA,NA,NA,NA,NA,NA
1674,NA,NA,PR,2024-02-04,NA,NA,NA,NA,NA,NA,NA,NA,NA,NA,NA,NA
1675,NA,NA,PR,2024-02-05,NA,NA,NA,NA,NA,NA,NA,NA,NA,NA,NA,NA
1676,NA,NA,PR,2024-02-06,NA,NA,NA,NA,NA,NA,NA,NA,NA,NA,NA,NA
1677,NA,NA,PR,2024-02-07,NA,NA,NA,NA,NA,NA,NA,NA,NA,NA,NA,NA
1678,NA,NA,PR,2024-02-08,NA,NA,NA,NA,NA,NA,NA,NA,NA,NA,NA,NA
1679,NA,NA,PR,2024-02-09,NA,NA,NA,NA,NA,NA,NA,NA,NA,NA,NA,NA
1680,NA,NA,PR,2024-02-10,NA,NA,NA,NA,NA,NA,NA,NA,NA,NA,NA,NA
1681,NA,NA,RI,2023-12-31,NA,NA,NA,NA,NA,NA,NA,NA,NA,NA,NA,NA
1682,NA,NA,RI,2024-01-01,NA,NA,NA,NA,NA,NA,NA,NA,NA,NA,NA,NA
1683,3.34962419752582,0.03177267467823085,RI,2024-01-02,1,1,0,0,1,1,1,1,0,0,1,0
1684,2.03839022066138,0.25700993335003,RI,2024-01-03,1,1,0,1,1,1,0,1,0,0,1,1
1685,1.26944008918562,0.306543008898021,RI,2024-01-04,1,1,0,1,1,1,1,1,0,1,1,0
1686,0.237663357763242,0.0226467497236376,RI,2024-01-05,1,1,1,1,1,1,1,1,1,1,1,1
1687,0.503727944128764,0.02017352434073535,RI,2024-01-06,1,1,1,1,1,1,1,1,1,1,1,1
1688,0.0314302316841106,0.0179475567805374,RI,2024-01-07,1,1,1,1,1,1,1,1,1,1,1,1
1689,1.28670643895414,0.0824020963070555,RI,2024-01-08,1,1,1,1,1,1,1,1,1,0,0,1
1690,2.18361688093253,0.04296338749703005,RI,2024-01-09,1,1,1,0,1,1,1,1,0,0,0,0
1691,2.45754274624806,0.0125506149401013,RI,2024-01-10,1,1,1,0,1,1,1,0,0,0,1,0
1692,2.13597315898235,0.2872935741968175,RI,2024-01-11,0,1,0,0,1,1,0,1,0,0,1,0
1693,4.15617699761135,0.317245565518116,RI,2024-01-12,0,1,0,0,1,0,0,1,0,0,0,0
1694,0.0515209959496545,0.00869804898704005,RI,2024-01-13,1,1,1,1,1,1,1,1,1,1,1,1
1695,0.168830867161256,0.0076842917491016,RI,2024-01-14,1,1,1,1,1,1,1,1,0,0,1,1
1696,0.0483188350097574,0.00678361963096665,RI,2024-01-15,1,1,1,1,1,1,1,1,1,1,1,1
1697,0.393548623384044,0.00598439252201635,RI,2024-01-16,1,1,1,1,1,1,1,1,0,0,1,1
1698,0.510904649518892,0.071761977509895,RI,2024-01-17,1,1,1,1,1,1,1,1,0,0,1,1
1699,0.614431338777881,0.004648760198793775,RI,2024-01-18,1,1,1,1,1,1,1,1,0,0,1,0
1700,0.0230397994226617,0.004093945929136895,RI,2024-01-19,1,1,1,1,1,1,1,1,1,0,1,0
1701,0.0805268819861815,0.003603636129062615,RI,2024-01-20,1,1,1,1,1,1,1,1,0,0,1,1
1702,0.015485355958035,0.003170697345242245,RI,2024-01-21,1,1,1,1,1,1,1,1,1,1,1,1
1703,0.433310803388096,0.0027887141863129,RI,2024-01-22,1,1,1,1,1,1,1,1,1,0,1,0
1704,0.197606680019199,0.00245193022773589,RI,2024-01-23,1,1,1,1,1,1,1,1,0,0,1,1
1705,0.0923049482428093,0.00215519129618631,RI,2024-01-24,1,1,1,1,1,1,1,1,1,0,0,1
1706,0.402051920507335,0.00189389156546535,RI,2024-01-25,1,1,1,1,1,1,1,1,0,0,1,1
1707,0.304659874795662,0.00166392275514002,RI,2024-01-26,1,1,1,1,1,1,1,1,1,1,1,1
1708,0.0318712190178247,0.00146162660571089,RI,2024-01-27,1,1,1,1,1,1,1,1,0,0,1,1
1709,0.0705094733399136,0.00128375070799481,RI,2024-01-28,1,1,1,1,1,1,1,1,0,0,1,1
1710,0.120962086850492,0.00112740768731853,RI,2024-01-29,1,1,1,1,1,1,1,1,0,0,1,1
1711,0.194872473035406,9.9003768273279e-4,RI,2024-01-30,1,1,1,1,1,1,1,1,1,1,1,1
1712,0.0601480428138852,8.6937401550365e-4,RI,2024-01-31,1,1,1,1,1,1,1,1,1,1,1,1
1713,0.125155241557409,7.6341190746276e-4,RI,2024-02-01,1,1,1,1,1,1,1,1,0,0,1,1
1714,0.0317554605266575,6.7038008640659e-4,RI,2024-02-02,1,1,1,1,1,1,1,1,1,1,1,1
1715,0.0118373617269404,5.8871510081683e-4,RI,2024-02-03,1,1,1,1,1,1,1,1,1,1,1,1
1716,0.0232276512641978,5.17038158124575e-4,RI,2024-02-04,1,1,1,1,1,1,1,1,1,1,1,1
1717,0.0712531044862986,4.5413429815102e-4,RI,2024-02-05,1,1,1,1,1,1,1,1,0,0,0,1
1718,0.795307495533383,0.051092843716177,RI,2024-02-06,1,1,0,1,1,1,1,1,0,1,0,1
1719,0.0282734290193646,3.5049504568595e-4,RI,2024-02-07,1,1,1,1,1,1,1,1,1,1,1,1
1720,0.00854538407720401,3.0799045056218e-4,RI,2024-02-08,1,1,1,1,1,1,1,1,1,1,1,1
1721,0.0103486308073936,2.7069232040556e-4,RI,2024-02-09,1,1,1,1,1,1,1,1,1,1,1,1
1722,0.00369602232197891,2.37961453828785e-4,RI,2024-02-10,1,1,1,1,1,1,1,1,1,1,1,1
1723,NA,NA,SC,2023-12-31,NA,NA,NA,NA,NA,NA,NA,NA,NA,NA,NA,NA
1724,0.179469386060792,0.132936103854095,SC,2024-01-01,1,1,1,1,1,1,1,1,0,0,1,1
1725,0.425276624295867,0.29952515154329,SC,2024-01-02,1,1,1,1,1,1,1,1,0,0,1,1
1726,2.17646369707884,0.496225236704297,SC,2024-01-03,1,0,1,0,1,0,1,0,1,0,1,0
1727,2.12513463412363,0.3712790452272285,SC,2024-01-04,1,1,0,0,1,1,0,1,0,0,1,0
1728,0.744514231111246,0.23092688066443,SC,2024-01-05,1,1,1,1,1,1,1,1,0,1,1,0
1729,NA,NA,SC,2024-01-06,NA,NA,NA,NA,NA,NA,NA,NA,NA,NA,NA,NA
1730,1.59776410420692,0.557296697252615,SC,2024-01-07,1,1,0,0,1,1,1,1,0,0,1,1
1731,1.08737946663898,0.135028349016613,SC,2024-01-08,1,1,1,0,1,1,1,0,1,0,1,1
1732,0.0974618710431174,0.065734065936594,SC,2024-01-09,1,1,1,1,1,1,1,1,0,0,1,1
1733,1.72480640531667,0.4932458298136965,SC,2024-01-10,1,1,0,0,1,0,1,1,0,0,1,0
1734,0.577744231778593,0.3382544346073675,SC,2024-01-11,1,1,1,1,1,1,1,1,0,0,1,1
1735,0.612265247229646,0.343615576867647,SC,2024-01-12,1,1,1,1,1,1,1,1,0,0,1,1
1736,NA,NA,SC,2024-01-13,NA,NA,NA,NA,NA,NA,NA,NA,NA,NA,NA,NA
1737,NA,NA,SC,2024-01-14,NA,NA,NA,NA,NA,NA,NA,NA,NA,NA,NA,NA
1738,0.973554911732637,0.68480820813643,SC,2024-01-15,1,1,0,0,1,1,1,1,0,0,1,1
1739,0.282040661195262,0.03178119791890215,SC,2024-01-16,1,1,1,1,1,1,1,1,0,0,1,1
1740,NA,NA,SC,2024-01-17,NA,NA,NA,NA,NA,NA,NA,NA,NA,NA,NA,NA
1741,0.671229956350231,0.179050437717014,SC,2024-01-18,1,1,1,1,1,0,1,1,0,1,1,0
1742,0.967219365001848,0.419787054035753,SC,2024-01-19,0,1,1,1,1,1,0,1,0,1,1,1
1743,NA,NA,SC,2024-01-20,NA,NA,NA,NA,NA,NA,NA,NA,NA,NA,NA,NA
1744,NA,NA,SC,2024-01-21,NA,NA,NA,NA,NA,NA,NA,NA,NA,NA,NA,NA
1745,0.180987019997819,0.0159962559075276,SC,2024-01-22,1,1,1,1,1,1,1,1,1,1,1,1
1746,0.0735114660940764,0.01420231487517975,SC,2024-01-23,1,1,1,1,1,1,1,1,1,1,1,1
1747,1.17891706337502,0.8507691395205,SC,2024-01-24,1,1,1,0,1,0,1,1,1,0,1,0
1748,0.541992541206366,0.144864581041415,SC,2024-01-25,1,1,1,1,1,1,1,1,0,0,1,1
1749,0.182449801789035,0.00987647334822655,SC,2024-01-26,1,1,1,1,1,1,1,1,1,1,1,1
1750,NA,NA,SC,2024-01-27,NA,NA,NA,NA,NA,NA,NA,NA,NA,NA,NA,NA
1751,1.18121178045757,0.843065581644145,SC,2024-01-28,1,1,0,0,1,1,1,1,0,0,1,1
1752,0.117914507230979,0.0068115553889182,SC,2024-01-29,1,1,1,1,1,1,1,1,1,1,1,1
1753,0.0706849220372957,0.0060086947043803,SC,2024-01-30,1,1,1,1,1,1,1,0,1,0,1,1
1754,0.0265800469551183,0.0052967909921157,SC,2024-01-31,1,1,1,1,1,1,1,1,0,0,1,1
1755,0.0261496646310983,0.004666234799203125,SC,2024-02-01,1,1,1,1,1,1,1,1,1,1,1,1
1756,1.1192654072387,0.308405991545955,SC,2024-02-02,0,1,1,0,1,1,0,1,1,0,1,1
1757,NA,NA,SC,2024-02-03,NA,NA,NA,NA,NA,NA,NA,NA,NA,NA,NA,NA
1758,0.0051215036954145,0.003179526316386075,SC,2024-02-04,1,1,1,1,1,1,1,1,1,1,1,1
1759,2.10941061994355,0.3630630267150675,SC,2024-02-05,1,1,0,0,1,1,1,1,0,0,1,1
1760,0.0268946589151912,0.002456203990111445,SC,2024-02-06,1,1,1,1,1,1,1,1,1,1,1,1
1761,1.9759317294137,0.464836503514469,SC,2024-02-07,1,1,0,0,0,1,1,1,0,0,0,1
1762,0.965676601114984,0.1855309622118885,SC,2024-02-08,1,1,0,0,1,1,1,1,0,0,1,1
1763,0.01948234315691,0.001663112913225905,SC,2024-02-09,1,1,1,1,1,1,1,1,1,1,1,1
1764,0.00230690759173069,0.001459545343227025,SC,2024-02-10,1,1,1,1,1,1,1,1,1,1,1,1
1765,NA,NA,SD,2023-12-31,NA,NA,NA,NA,NA,NA,NA,NA,NA,NA,NA,NA
1766,0.671300676098215,0.3534401361618675,SD,2024-01-01,1,1,1,1,1,1,1,1,0,0,1,0
1767,1.092656346912,0.336640161611016,SD,2024-01-02,0,1,1,1,1,1,0,1,0,0,1,1
1768,0.603387062625032,0.2638741774000405,SD,2024-01-03,1,1,1,1,1,1,1,1,1,0,1,0
1769,0.881193526809619,0.454719374917994,SD,2024-01-04,1,1,1,1,0,1,1,1,0,0,0,0
1770,NA,NA,SD,2024-01-05,NA,NA,NA,NA,NA,NA,NA,NA,NA,NA,NA,NA
1771,NA,NA,SD,2024-01-06,NA,NA,NA,NA,NA,NA,NA,NA,NA,NA,NA,NA
1772,NA,NA,SD,2024-01-07,NA,NA,NA,NA,NA,NA,NA,NA,NA,NA,NA,NA
1773,NA,NA,SD,2024-01-08,NA,NA,NA,NA,NA,NA,NA,NA,NA,NA,NA,NA
1774,NA,NA,SD,2024-01-09,NA,NA,NA,NA,NA,NA,NA,NA,NA,NA,NA,NA
1775,NA,NA,SD,2024-01-10,NA,NA,NA,NA,NA,NA,NA,NA,NA,NA,NA,NA
1776,NA,NA,SD,2024-01-11,NA,NA,NA,NA,NA,NA,NA,NA,NA,NA,NA,NA
1777,NA,NA,SD,2024-01-12,NA,NA,NA,NA,NA,NA,NA,NA,NA,NA,NA,NA
1778,NA,NA,SD,2024-01-13,NA,NA,NA,NA,NA,NA,NA,NA,NA,NA,NA,NA
1779,NA,NA,SD,2024-01-14,NA,NA,NA,NA,NA,NA,NA,NA,NA,NA,NA,NA
1780,NA,NA,SD,2024-01-15,NA,NA,NA,NA,NA,NA,NA,NA,NA,NA,NA,NA
1781,0.0914480693049624,0.1152873868525615,SD,2024-01-16,1,1,1,1,1,1,1,1,1,1,1,1
1782,1.91581192931877,0.5015368013419,SD,2024-01-17,1,1,1,0,1,0,0,1,0,1,1,0
1783,NA,NA,SD,2024-01-18,NA,NA,NA,NA,NA,NA,NA,NA,NA,NA,NA,NA
1784,0.0599595154133747,0.091226084741248,SD,2024-01-19,1,1,1,1,1,1,1,1,1,1,1,1
1785,NA,NA,SD,2024-01-20,NA,NA,NA,NA,NA,NA,NA,NA,NA,NA,NA,NA
1786,0.281499753122801,0.07741566315158,SD,2024-01-21,1,1,1,1,1,1,1,1,1,1,1,1
1787,NA,NA,SD,2024-01-22,NA,NA,NA,NA,NA,NA,NA,NA,NA,NA,NA,NA
1788,NA,NA,SD,2024-01-23,NA,NA,NA,NA,NA,NA,NA,NA,NA,NA,NA,NA
1789,NA,NA,SD,2024-01-24,NA,NA,NA,NA,NA,NA,NA,NA,NA,NA,NA,NA
1790,NA,NA,SD,2024-01-25,NA,NA,NA,NA,NA,NA,NA,NA,NA,NA,NA,NA
1791,NA,NA,SD,2024-01-26,NA,NA,NA,NA,NA,NA,NA,NA,NA,NA,NA,NA
1792,NA,NA,SD,2024-01-27,NA,NA,NA,NA,NA,NA,NA,NA,NA,NA,NA,NA
1793,NA,NA,SD,2024-01-28,NA,NA,NA,NA,NA,NA,NA,NA,NA,NA,NA,NA
1794,NA,NA,SD,2024-01-29,NA,NA,NA,NA,NA,NA,NA,NA,NA,NA,NA,NA
1795,NA,NA,SD,2024-01-30,NA,NA,NA,NA,NA,NA,NA,NA,NA,NA,NA,NA
1796,1.24332893329521,0.81570418388471,SD,2024-01-31,1,1,1,0,1,0,1,1,1,0,1,0
1797,1.10467928891701,0.425880820726448,SD,2024-02-01,1,1,1,0,1,0,1,1,0,1,1,0
1798,NA,NA,SD,2024-02-02,NA,NA,NA,NA,NA,NA,NA,NA,NA,NA,NA,NA
1799,NA,NA,SD,2024-02-03,NA,NA,NA,NA,NA,NA,NA,NA,NA,NA,NA,NA
1800,0.010430489681767,0.02110594448805575,SD,2024-02-04,1,1,1,1,1,1,1,1,1,1,1,1
1801,1.15980002757245,0.435558789967334,SD,2024-02-05,1,1,1,0,1,0,1,1,1,0,1,0
1802,1.16990571089236,0.437969555613037,SD,2024-02-06,1,1,1,0,1,0,1,1,1,0,1,0
1803,NA,NA,SD,2024-02-07,NA,NA,NA,NA,NA,NA,NA,NA,NA,NA,NA,NA
1804,NA,NA,SD,2024-02-08,NA,NA,NA,NA,NA,NA,NA,NA,NA,NA,NA,NA
1805,NA,NA,SD,2024-02-09,NA,NA,NA,NA,NA,NA,NA,NA,NA,NA,NA,NA
1806,NA,NA,SD,2024-02-10,NA,NA,NA,NA,NA,NA,NA,NA,NA,NA,NA,NA
1807,0.923345611967234,0.3298866932907215,TN,2023-12-31,1,1,0,1,1,1,1,1,0,0,1,1
1808,0.709372341021513,0.264712418274514,TN,2024-01-01,1,1,1,1,1,1,1,1,1,1,1,1
1809,2.18854722249938,0.3722515498999215,TN,2024-01-02,1,0,1,0,1,1,1,0,0,0,0,1
1810,2.6584685366432,0.3981243651015715,TN,2024-01-03,0,0,1,1,1,1,0,0,0,0,0,0
1811,0.794101747429791,0.2669575054648035,TN,2024-01-04,1,0,1,1,1,1,1,0,0,0,0,1
1812,0.644131654040313,0.096340041690589,TN,2024-01-05,1,1,1,1,1,1,1,1,0,0,1,1
1813,0.640583373532538,0.088167086704352,TN,2024-01-06,1,1,1,1,1,1,1,1,0,0,1,1
1814,1.35994897136225,0.3904939909215665,TN,2024-01-07,0,1,1,0,1,1,0,1,0,0,1,1
1815,1.4002792649814,0.3569632635304245,TN,2024-01-08,0,1,1,1,0,1,0,1,0,0,0,1
1816,0.979030052870208,0.066740887874576,TN,2024-01-09,1,1,1,0,1,1,1,1,0,0,1,0
1817,1.48602937690595,0.3103218654445445,TN,2024-01-10,1,1,0,0,1,1,1,1,0,0,1,1
1818,2.09123735500685,0.698147243096045,TN,2024-01-11,1,0,1,0,1,0,1,0,0,0,0,0
1819,0.0642998216786523,0.04965055337546245,TN,2024-01-12,1,1,1,1,1,1,1,1,1,1,1,1
1820,0.0611512024665109,0.0448289111095159,TN,2024-01-13,1,1,1,1,1,1,1,1,1,1,1,1
1821,0.162763206350362,0.0404083542277974,TN,2024-01-14,1,1,1,1,1,1,1,1,0,0,1,1
1822,2.46103881290757,0.71413175106874,TN,2024-01-15,1,0,0,0,1,1,1,0,0,0,1,0
1823,0.939723122695987,0.406910117228817,TN,2024-01-16,1,1,1,1,1,0,1,1,1,0,1,0
1824,0.391677365826169,0.0293219045027304,TN,2024-01-17,1,1,1,1,1,1,1,1,1,1,1,1
1825,0.113856323888968,0.0262742045600097,TN,2024-01-18,1,1,1,1,1,1,1,1,0,0,1,1
1826,0.446791955981769,0.164981078491694,TN,2024-01-19,1,1,1,1,1,1,1,1,0,0,1,1
1827,0.0286967265792569,0.02101519618144705,TN,2024-01-20,1,1,1,1,1,1,1,1,1,1,1,1
1828,0.584819727215396,0.203396923280244,TN,2024-01-21,1,1,1,1,1,1,1,1,0,0,1,1
1829,NA,NA,TN,2024-01-22,NA,NA,NA,NA,NA,NA,NA,NA,NA,NA,NA,NA
1830,0.135545064468939,0.01490414332804895,TN,2024-01-23,1,1,1,1,1,1,1,1,1,1,1,1
1831,0.627880706329556,0.208302914500292,TN,2024-01-24,1,1,1,1,1,1,1,1,0,0,1,1
1832,0.319834149047859,0.01179416308756895,TN,2024-01-25,1,1,1,1,1,1,1,1,1,1,1,1
1833,0.166521750603174,0.010478083831666,TN,2024-01-26,1,1,1,1,1,1,1,1,0,0,1,1
1834,0.0443941212203476,0.00930152381503325,TN,2024-01-27,1,1,1,1,1,1,1,1,1,1,1,1
1835,0.0382341091395593,0.00825103811214225,TN,2024-01-28,1,1,1,1,1,1,1,1,0,0,1,1
1836,1.04220739808056,0.3016844979111855,TN,2024-01-29,1,1,1,1,1,0,1,1,1,0,1,0
1837,0.114174895246142,0.00647976486320865,TN,2024-01-30,1,1,1,1,1,1,1,1,0,0,1,1
1838,0.198444908588622,0.00573721026957095,TN,2024-01-31,1,1,1,1,1,1,1,1,1,1,1,1
1839,0.027122847444611,0.00507709470593535,TN,2024-02-01,1,1,1,1,1,1,1,1,1,0,0,1
1840,0.00629364631952996,0.00449079616278242,TN,2024-02-02,1,1,1,1,1,1,1,1,1,1,1,1
1841,0.0426127238502301,0.00397049629689519,TN,2024-02-03,1,1,1,1,1,1,1,1,1,1,1,1
1842,0.0188140488214466,0.00350912324442933,TN,2024-02-04,1,1,1,1,1,1,1,1,1,1,1,1
1843,0.0570529933657285,0.003100295187887575,TN,2024-02-05,1,1,1,1,1,1,1,1,1,1,1,1
1844,0.0969948045013591,0.002738265420392415,TN,2024-02-06,1,1,1,1,1,1,1,1,1,1,1,1
1845,0.0793566868807565,0.002417869473128255,TN,2024-02-07,1,1,1,1,1,1,1,1,1,1,1,1
1846,0.0235194916984859,0.00213447471889586,TN,2024-02-08,1,1,1,1,1,1,1,1,1,1,1,1
1847,1.12386930523831,0.1901788708357875,TN,2024-02-09,1,1,1,0,1,0,1,1,1,1,0,0
1848,1.02366322216566,0.1861798040351915,TN,2024-02-10,1,1,0,0,1,1,1,1,1,1,1,1
1849,NA,NA,TX,2023-12-31,NA,NA,NA,NA,NA,NA,NA,NA,NA,NA,NA,NA
1850,0.669955114885471,0.2711666462367895,TX,2024-01-01,1,1,1,1,1,0,1,1,1,1,1,1
1851,1.85779938804299,0.299313152129907,TX,2024-01-02,1,0,0,1,0,0,0,0,0,0,1,0
1852,1.40478946606754,0.0490024731016243,TX,2024-01-03,1,1,1,0,1,1,1,1,0,0,0,1
1853,0.188080880436127,0.04389836337888445,TX,2024-01-04,1,1,1,1,1,1,1,1,1,1,1,1
1854,0.919829409675932,0.2201085722557465,TX,2024-01-05,1,1,0,1,1,1,1,0,0,1,1,1
1855,0.823570365276776,0.282336238969181,TX,2024-01-06,0,1,1,1,1,1,0,1,0,0,1,1
1856,NA,NA,TX,2024-01-07,NA,NA,NA,NA,NA,NA,NA,NA,NA,NA,NA,NA
1857,2.34745195885783,0.2487049992498565,TX,2024-01-08,1,0,1,0,0,1,1,0,0,0,0,0
1858,0.663761410889338,0.089047675458968,TX,2024-01-09,1,1,1,1,1,1,1,1,1,1,1,1
1859,0.558135790199414,0.203232171599566,TX,2024-01-10,1,1,1,1,1,1,1,1,0,0,1,1
1860,0.845551747793255,0.0193074756471407,TX,2024-01-11,1,1,1,0,1,1,0,1,1,0,1,1
1861,0.844726659690232,0.099076139176682,TX,2024-01-12,0,1,1,1,1,1,0,1,0,0,0,1
1862,0.0660716169208037,0.01505782624351125,TX,2024-01-13,1,1,1,1,1,1,1,1,1,1,1,1
1863,0.389095216396847,0.01327261881370225,TX,2024-01-14,1,1,1,1,1,1,1,1,1,1,1,1
1864,0.193003038161071,0.01168550422740005,TX,2024-01-15,1,1,1,1,1,1,1,1,1,1,1,1
1865,0.997405962396802,0.177455574863674,TX,2024-01-16,0,1,1,1,1,1,0,1,0,1,1,1
1866,1.50505815922416,0.165611398695295,TX,2024-01-17,1,1,1,1,1,0,1,1,0,0,1,0
1867,1.55358146900789,0.351175362879385,TX,2024-01-18,1,1,0,0,0,1,1,1,0,0,0,1
1868,2.96050591291285,0.2998111565665675,TX,2024-01-19,1,1,1,0,1,0,1,1,1,0,0,0
1869,0.251039156792339,0.00609071592125165,TX,2024-01-20,1,1,1,1,1,1,1,1,1,1,1,1
1870,3.77768355910862,0.70958268523246,TX,2024-01-21,0,1,0,0,1,0,0,1,0,0,1,0
1871,3.76936045016512,0.183721314039569,TX,2024-01-22,1,1,1,0,1,0,1,1,1,0,1,0
1872,1.26527395931059,0.1141829452244875,TX,2024-01-23,1,1,0,1,1,1,0,1,0,0,1,1
1873,0.262041101073912,0.0035669131669536,TX,2024-01-24,1,1,1,1,1,1,1,1,0,0,1,1
1874,0.796613124479285,0.086699204939607,TX,2024-01-25,1,1,1,1,1,0,1,1,1,0,1,0
1875,0.248959168930165,0.00272059104940272,TX,2024-01-26,1,1,1,1,1,1,1,1,1,1,1,1
1876,NA,NA,TX,2024-01-27,NA,NA,NA,NA,NA,NA,NA,NA,NA,NA,NA,NA
1877,NA,NA,TX,2024-01-28,NA,NA,NA,NA,NA,NA,NA,NA,NA,NA,NA,NA
1878,1.42097037670693,0.1064941682048925,TX,2024-01-29,1,0,1,0,1,0,1,0,1,0,1,0
1879,3.25917498722659,0.1584524334528075,TX,2024-01-30,0,1,1,0,0,0,0,1,0,0,0,0
1880,0.736601229047672,0.04646677110558685,TX,2024-01-31,1,1,1,1,1,0,1,1,0,1,1,0
1881,0.533577848946617,0.03584192532486695,TX,2024-02-01,1,1,1,1,1,1,1,1,0,0,1,1
1882,0.80063695900961,0.04646735189458035,TX,2024-02-02,1,1,1,1,1,0,1,1,1,0,1,0
1883,0.0153039494288443,9.0843526651323e-4,TX,2024-02-03,1,1,1,1,1,1,1,1,1,1,1,1
1884,0.00800783599639909,7.91340300174215e-4,TX,2024-02-04,1,1,1,1,1,1,1,1,1,1,1,1
1885,0.00723968379214479,6.8927791951017e-4,TX,2024-02-05,1,1,1,1,1,1,1,1,1,1,1,1
1886,0.0185889166296312,6.00343044995305e-4,TX,2024-02-06,1,1,1,1,1,1,1,1,1,1,1,1
1887,1.2526018601859,0.2424224372716365,TX,2024-02-07,1,1,1,0,1,0,1,1,1,0,1,0
1888,1.29019790951941,0.2436504808837545,TX,2024-02-08,1,0,1,0,1,1,1,0,1,0,1,1
1889,5.6622282773562e-4,3.9661825390417e-4,TX,2024-02-09,1,1,1,1,1,1,1,1,1,1,1,1
1890,0.00459578656463165,3.45449779081175e-4,TX,2024-02-10,1,1,1,1,1,1,1,1,1,1,1,1
1891,NA,NA,UT,2023-12-31,NA,NA,NA,NA,NA,NA,NA,NA,NA,NA,NA,NA
1892,NA,NA,UT,2024-01-01,NA,NA,NA,NA,NA,NA,NA,NA,NA,NA,NA,NA
1893,1.09479878992823,0.382387605811773,UT,2024-01-02,1,1,1,1,1,1,1,1,1,1,1,1
1894,0.524903749238946,0.162157498693008,UT,2024-01-03,1,1,1,1,1,1,1,1,1,0,1,0
1895,1.35581120629972,0.4293358074658765,UT,2024-01-04,1,1,0,0,1,1,1,1,0,0,1,1
1896,2.10928977909895,0.2922032561788095,UT,2024-01-05,1,1,0,1,1,1,1,0,0,0,0,1
1897,NA,NA,UT,2024-01-06,NA,NA,NA,NA,NA,NA,NA,NA,NA,NA,NA,NA
1898,NA,NA,UT,2024-01-07,NA,NA,NA,NA,NA,NA,NA,NA,NA,NA,NA,NA
1899,0.464858542392072,0.3008236747889825,UT,2024-01-08,1,1,1,1,1,1,1,1,1,1,1,1
1900,NA,NA,UT,2024-01-09,NA,NA,NA,NA,NA,NA,NA,NA,NA,NA,NA,NA
1901,NA,NA,UT,2024-01-10,NA,NA,NA,NA,NA,NA,NA,NA,NA,NA,NA,NA
1902,NA,NA,UT,2024-01-11,NA,NA,NA,NA,NA,NA,NA,NA,NA,NA,NA,NA
1903,NA,NA,UT,2024-01-12,NA,NA,NA,NA,NA,NA,NA,NA,NA,NA,NA,NA
1904,NA,NA,UT,2024-01-13,NA,NA,NA,NA,NA,NA,NA,NA,NA,NA,NA,NA
1905,NA,NA,UT,2024-01-14,NA,NA,NA,NA,NA,NA,NA,NA,NA,NA,NA,NA
1906,NA,NA,UT,2024-01-15,NA,NA,NA,NA,NA,NA,NA,NA,NA,NA,NA,NA
1907,NA,NA,UT,2024-01-16,NA,NA,NA,NA,NA,NA,NA,NA,NA,NA,NA,NA
1908,NA,NA,UT,2024-01-17,NA,NA,NA,NA,NA,NA,NA,NA,NA,NA,NA,NA
1909,NA,NA,UT,2024-01-18,NA,NA,NA,NA,NA,NA,NA,NA,NA,NA,NA,NA
1910,0.167784780652624,0.03969328382539075,UT,2024-01-19,1,1,1,1,1,1,1,1,1,1,1,1
1911,NA,NA,UT,2024-01-20,NA,NA,NA,NA,NA,NA,NA,NA,NA,NA,NA,NA
1912,NA,NA,UT,2024-01-21,NA,NA,NA,NA,NA,NA,NA,NA,NA,NA,NA,NA
1913,0.0356409394249668,0.02894591301162865,UT,2024-01-22,1,1,1,1,1,1,1,1,0,0,1,1
1914,NA,NA,UT,2024-01-23,NA,NA,NA,NA,NA,NA,NA,NA,NA,NA,NA,NA
1915,NA,NA,UT,2024-01-24,NA,NA,NA,NA,NA,NA,NA,NA,NA,NA,NA,NA
1916,0.0842422609057958,0.020850662833121852,UT,2024-01-25,1,1,1,1,1,1,1,1,0,0,1,1
1917,NA,NA,UT,2024-01-26,NA,NA,NA,NA,NA,NA,NA,NA,NA,NA,NA,NA
1918,NA,NA,UT,2024-01-27,NA,NA,NA,NA,NA,NA,NA,NA,NA,NA,NA,NA
1919,NA,NA,UT,2024-01-28,NA,NA,NA,NA,NA,NA,NA,NA,NA,NA,NA,NA
1920,NA,NA,UT,2024-01-29,NA,NA,NA,NA,NA,NA,NA,NA,NA,NA,NA,NA
1921,NA,NA,UT,2024-01-30,NA,NA,NA,NA,NA,NA,NA,NA,NA,NA,NA,NA
1922,NA,NA,UT,2024-01-31,NA,NA,NA,NA,NA,NA,NA,NA,NA,NA,NA,NA
1923,NA,NA,UT,2024-02-01,NA,NA,NA,NA,NA,NA,NA,NA,NA,NA,NA,NA
1924,0.038160879878058,0.00829444566520935,UT,2024-02-02,1,1,1,1,1,1,1,1,1,0,1,0
1925,NA,NA,UT,2024-02-03,NA,NA,NA,NA,NA,NA,NA,NA,NA,NA,NA,NA
1926,NA,NA,UT,2024-02-04,NA,NA,NA,NA,NA,NA,NA,NA,NA,NA,NA,NA
1927,0.0290177936164757,0.0057938577475937,UT,2024-02-05,1,1,1,1,1,1,1,1,1,1,1,1
1928,NA,NA,UT,2024-02-06,NA,NA,NA,NA,NA,NA,NA,NA,NA,NA,NA,NA
1929,0.0480514738987834,0.004548380555237845,UT,2024-02-07,1,1,1,1,1,1,1,1,1,1,1,1
1930,NA,NA,UT,2024-02-08,NA,NA,NA,NA,NA,NA,NA,NA,NA,NA,NA,NA
1931,0.041152638018488,0.003564085057584945,UT,2024-02-09,1,1,1,1,1,1,1,1,1,1,1,1
1932,NA,NA,UT,2024-02-10,NA,NA,NA,NA,NA,NA,NA,NA,NA,NA,NA,NA
1933,0.614391778104709,0.1830566787356805,VA,2023-12-31,1,1,1,1,1,1,1,1,1,1,1,1
1934,2.05151938341592,0.4772727061559875,VA,2024-01-01,1,1,1,0,1,0,1,1,0,0,1,0
1935,1.80385010609168,0.248096107133208,VA,2024-01-02,1,0,1,1,1,1,1,0,1,0,0,0
1936,4.83950012506077,0.3722428141324075,VA,2024-01-03,0,1,0,0,1,1,0,0,0,0,0,1
1937,2.01420857181692,0.192684128500119,VA,2024-01-04,1,1,1,0,1,1,1,0,0,0,0,0
1938,2.6421771005338,0.1463772770019795,VA,2024-01-05,1,1,0,0,1,1,1,1,0,0,1,0
1939,0.296847684033033,0.0627837267232965,VA,2024-01-06,1,1,1,1,1,1,1,1,0,0,1,0
1940,0.0744687525794239,0.05678164179382,VA,2024-01-07,1,1,1,1,1,1,1,1,1,0,1,0
1941,0.734155499569936,0.2325406110314145,VA,2024-01-08,1,1,1,1,1,1,1,1,1,0,1,0
1942,1.71354581544619,0.223319231868674,VA,2024-01-09,1,1,0,1,0,0,1,1,0,1,0,1
1943,2.08965979694969,0.131604403275435,VA,2024-01-10,1,0,0,0,1,1,0,0,0,0,1,0
1944,4.32007003202027,0.3932253315153725,VA,2024-01-11,0,1,1,0,0,0,0,1,0,0,0,0
1945,0.639225031790132,0.1632211808430865,VA,2024-01-12,1,1,1,1,1,1,1,1,0,0,1,1
1946,1.16944051926418,0.297048344287735,VA,2024-01-13,1,1,0,1,1,1,1,1,1,1,1,1
1947,1.15071758917027,0.0910662790853355,VA,2024-01-14,1,1,1,1,1,1,1,1,0,0,0,0
1948,2.74235932334104,0.3674604734742185,VA,2024-01-15,1,1,1,0,0,0,1,1,0,0,0,0
1949,1.7808185214819,0.194062332552671,VA,2024-01-16,1,0,1,1,1,1,1,0,0,0,1,0
1950,1.11919265026014,0.0597995403917525,VA,2024-01-17,1,1,1,0,1,1,1,1,0,1,1,0
1951,1.8588319978834,0.086047132478786,VA,2024-01-18,1,0,0,1,1,1,1,0,0,0,0,1
1952,0.734242764110605,0.114680397559878,VA,2024-01-19,1,1,1,1,1,1,1,1,0,0,1,0
1953,0.590622677958617,0.01326416818564475,VA,2024-01-20,1,1,1,1,1,1,1,1,1,0,1,0
1954,0.836461642078084,0.097762844486582,VA,2024-01-21,1,1,1,1,0,1,1,1,1,0,0,1
1955,0.544407722065459,0.064001164866689,VA,2024-01-22,1,1,1,1,1,1,1,1,0,0,1,1
1956,1.55240490331187,0.0092103847812939,VA,2024-01-23,1,1,1,0,1,1,1,1,0,0,0,1
1957,5.81943315492034,0.3289836992619295,VA,2024-01-24,1,0,1,0,1,0,1,0,1,0,1,0
1958,1.8547739240651,0.2280767787569085,VA,2024-01-25,1,1,1,0,1,0,1,1,0,1,1,0
1959,0.875246504640696,0.081518693182262,VA,2024-01-26,0,1,1,1,1,1,0,1,1,0,1,0
1960,1.78216798211427,0.290987379031199,VA,2024-01-27,1,1,0,0,1,1,1,1,0,0,1,1
1961,0.328569001792958,0.00493951786572181,VA,2024-01-28,1,1,1,1,1,1,1,1,0,0,1,1
1962,0.467644095880966,0.083738333844793,VA,2024-01-29,1,1,1,1,1,1,1,1,0,1,0,1
1963,0.845297012032015,0.061208430722825,VA,2024-01-30,1,1,1,1,0,1,1,1,0,0,0,1
1964,0.376829606324423,0.003375971542732695,VA,2024-01-31,1,1,1,1,1,1,1,1,1,1,1,1
1965,0.163772306884944,0.002971245336673265,VA,2024-02-01,1,1,1,1,1,1,1,1,1,1,1,1
1966,1.07138121321215,0.1171370660855835,VA,2024-02-02,1,1,1,1,1,0,1,1,0,0,1,0
1967,0.0997967647039397,0.00229921518776367,VA,2024-02-03,1,1,1,1,1,1,1,1,1,1,1,1
1968,0.00306130567215378,0.00202169007258767,VA,2024-02-04,1,1,1,1,1,1,1,1,1,1,1,1
1969,1.80168973720159,0.106544885791594,VA,2024-02-05,1,1,1,0,1,0,1,1,1,0,1,0
1970,1.01607487722235,0.107338824540914,VA,2024-02-06,1,0,1,1,1,1,1,0,1,0,1,1
1971,1.04500383557564,0.1074843659656835,VA,2024-02-07,1,0,1,1,1,1,1,0,1,0,1,1
1972,2.27383825569657,0.191832942757249,VA,2024-02-08,1,1,1,0,1,0,1,1,1,0,1,0
1973,0.914161807208711,0.0746075108486555,VA,2024-02-09,1,1,1,1,1,0,1,1,1,0,0,1
1974,1.11431425535739,0.1379196989627165,VA,2024-02-10,1,1,1,0,1,0,1,1,1,0,1,0
1975,NA,NA,VT,2023-12-31,NA,NA,NA,NA,NA,NA,NA,NA,NA,NA,NA,NA
1976,NA,NA,VT,2024-01-01,NA,NA,NA,NA,NA,NA,NA,NA,NA,NA,NA,NA
1977,NA,NA,VT,2024-01-02,NA,NA,NA,NA,NA,NA,NA,NA,NA,NA,NA,NA
1978,2.44742894820175,0.4123727674717735,VT,2024-01-03,1,1,0,0,1,1,1,1,0,0,1,1
1979,0.852772840879938,0.200758033589622,VT,2024-01-04,1,1,0,1,1,1,1,0,1,0,0,1
1980,1.47641569017463,0.31042100353315,VT,2024-01-05,1,0,1,1,0,1,1,0,1,0,1,1
1981,0.892599538651003,0.213120184910886,VT,2024-01-06,1,0,1,1,1,1,1,0,0,1,1,1
1982,0.375964582557788,0.02591854821869765,VT,2024-01-07,1,1,1,1,1,1,1,1,0,0,1,1
1983,0.778639762736744,0.1340180759591775,VT,2024-01-08,1,1,1,1,0,1,1,1,0,1,0,1
1984,2.55755943230665,0.3557499908389165,VT,2024-01-09,1,1,0,0,0,1,1,1,0,0,0,1
1985,1.1924743245249,0.3278731688420535,VT,2024-01-10,1,1,1,0,1,0,0,1,0,0,0,0
1986,0.0773843623201437,0.01643120437842775,VT,2024-01-11,1,1,1,1,1,1,1,1,1,1,1,1
1987,0.95950315101043,0.150582188309479,VT,2024-01-12,1,1,1,1,0,1,1,1,1,0,0,0
1988,1.31701071639337,0.337276609101295,VT,2024-01-13,1,1,1,0,1,0,1,0,0,0,0,0
1989,2.50840012535227,0.638028299401035,VT,2024-01-14,1,0,0,0,0,1,1,0,0,0,0,1
1990,0.734711709460302,0.2153137037932515,VT,2024-01-15,1,1,0,1,1,1,1,1,0,0,1,1
1991,0.0391661676126663,0.00913965681995305,VT,2024-01-16,1,1,1,1,1,1,1,1,1,1,1,1
1992,0.692765931575458,0.1762747912372845,VT,2024-01-17,1,1,0,1,1,1,1,1,0,0,1,1
1993,0.00871844274293246,0.00720564585125745,VT,2024-01-18,1,1,1,1,1,1,1,1,1,1,1,1
1994,0.0090115243611083,0.00639562662017295,VT,2024-01-19,1,1,1,1,1,1,1,1,1,1,1,1
1995,0.00770063324515761,0.0056757845843398,VT,2024-01-20,1,1,1,1,1,1,1,1,1,1,1,1
1996,0.025768125160095,0.005036513864158,VT,2024-01-21,1,1,1,1,1,1,1,1,1,1,1,1
1997,0.0794143603130321,0.00446913082789333,VT,2024-01-22,1,1,1,1,1,1,1,1,1,1,1,1
1998,1.00168293655628,0.1571344174779395,VT,2024-01-23,1,0,1,1,1,1,1,0,0,0,0,1
1999,2.80979942440143,0.3918975258351995,VT,2024-01-24,1,1,0,0,1,0,1,1,0,0,1,0
2000,2.11511336223761,0.3041645130896075,VT,2024-01-25,1,1,0,0,1,1,1,1,0,0,1,1
2001,1.0717301423272,0.189270758944106,VT,2024-01-26,1,0,1,1,1,1,1,0,1,0,1,1
2002,0.0384122321395962,0.002462678641669705,VT,2024-01-27,1,1,1,1,1,1,1,1,1,1,1,1
2003,1.07937738677119,0.232111343001777,VT,2024-01-28,1,1,0,0,1,1,1,1,0,0,1,1
2004,1.1606079104066,0.237670308508753,VT,2024-01-29,0,1,1,0,1,1,0,1,1,0,1,1
2005,0.0189308493043028,0.00172784446771302,VT,2024-01-30,1,1,1,1,1,1,1,1,1,1,1,1
2006,0.0264224054030776,0.00153657308972003,VT,2024-01-31,1,1,1,1,1,1,1,1,1,0,0,1
2007,0.020412719818883,0.00136711505615904,VT,2024-02-01,1,1,1,1,1,1,1,1,0,0,1,1
2008,0.0205721529869841,0.001216958256461565,VT,2024-02-02,1,1,1,1,1,1,1,1,1,1,1,1
2009,0.00122978597504586,0.001083875860054575,VT,2024-02-03,1,1,1,1,1,1,1,1,1,1,1,1
2010,NA,NA,VT,2024-02-04,NA,NA,NA,NA,NA,NA,NA,NA,NA,NA,NA,NA
2011,0.00399846286924736,8.61271034297085e-4,VT,2024-02-05,1,1,1,1,1,1,1,1,1,1,1,1
2012,1.30607989718773,0.477819563763073,VT,2024-02-06,1,1,0,0,1,1,1,1,0,0,1,1
2013,0.0072476881354146,6.8609094838527e-4,VT,2024-02-07,1,1,1,1,1,1,1,1,1,1,1,1
2014,0.0109193144670131,6.1296241568454e-4,VT,2024-02-08,1,1,1,1,1,1,1,1,1,1,1,1
2015,0.0318426170771506,5.480059509688e-4,VT,2024-02-09,1,1,1,1,1,1,1,1,1,1,1,1
2016,2.73155917125724,0.96455487994156,VT,2024-02-10,1,1,0,0,1,1,1,1,0,0,1,1
2017,0.903103329141254,0.186131967740459,WA,2023-12-31,1,1,1,1,1,1,1,0,0,1,1,1
2018,1.13548509314337,0.300070288611903,WA,2024-01-01,1,1,1,1,1,1,1,1,0,0,1,1
2019,2.7995861622254,0.326188550567457,WA,2024-01-02,0,1,1,0,1,1,1,0,0,0,0,0
2020,1.60728114258099,0.260183386254161,WA,2024-01-03,1,1,1,1,0,1,0,0,0,1,0,1
2021,2.58465050724604,0.312042758810056,WA,2024-01-04,1,1,0,0,1,1,1,0,0,0,1,1
2022,1.24222075891703,0.1856063020986475,WA,2024-01-05,1,1,1,1,1,1,1,1,0,0,1,0
2023,1.36200294938566,0.2553699295072755,WA,2024-01-06,1,0,1,1,1,1,1,0,0,0,0,0
2024,0.393488833375822,0.1644020221413,WA,2024-01-07,1,1,1,1,1,1,1,1,1,1,1,1
2025,5.01063754168575,0.428629698331953,WA,2024-01-08,1,0,1,0,1,0,1,0,0,0,0,0
2026,1.07833091617746,0.1613730993407545,WA,2024-01-09,1,1,1,1,1,1,1,1,1,0,0,1
2027,1.18722277014927,0.1977781238642385,WA,2024-01-10,1,1,1,1,1,0,1,1,0,0,1,0
2028,1.54259204167227,0.198642636541973,WA,2024-01-11,1,1,0,1,1,1,0,1,0,0,1,0
2029,3.76398791802874,0.2799045370697085,WA,2024-01-12,1,1,0,0,1,0,1,1,0,0,0,0
2030,0.756379834282645,0.1740568897129205,WA,2024-01-13,1,1,1,1,0,1,1,1,1,1,1,1
2031,0.805907318378021,0.0194703948188826,WA,2024-01-14,1,1,1,1,1,1,1,1,1,1,1,1
2032,0.763609854366889,0.142384102181152,WA,2024-01-15,1,1,1,1,1,1,1,0,0,1,1,1
2033,1.06337583273762,0.1638458141183075,WA,2024-01-16,0,1,1,1,1,1,1,1,0,1,1,0
2034,0.634557207253664,0.0654387956358275,WA,2024-01-17,1,1,1,1,1,1,1,1,1,1,1,1
2035,0.794431906177081,0.11839459937543,WA,2024-01-18,1,1,1,1,0,1,1,1,1,0,0,1
2036,0.418216192592795,0.100024202198509,WA,2024-01-19,1,1,1,1,1,1,1,1,0,0,1,1
2037,0.427396445653811,0.0835761705852525,WA,2024-01-20,1,1,1,1,1,1,1,1,0,0,1,1
2038,0.819721495540937,0.0080599673103688,WA,2024-01-21,1,1,1,1,1,1,1,1,1,1,1,1
2039,2.25016693549188,0.2098767668707955,WA,2024-01-22,1,1,1,0,1,0,1,0,0,1,0,0
2040,1.16393610081419,0.1480013890525685,WA,2024-01-23,1,1,0,1,1,1,1,1,0,0,1,1
2041,1.17079019113074,0.200778162698981,WA,2024-01-24,1,1,1,0,0,1,1,1,0,0,0,1
2042,2.37676838204243,0.14609188489761,WA,2024-01-25,1,1,0,0,1,1,1,1,0,1,0,1
2043,0.980038580421703,0.101703143318034,WA,2024-01-26,1,1,0,1,1,1,1,1,0,0,1,1
2044,0.505645072698689,0.045836166115899,WA,2024-01-27,1,1,1,1,1,1,1,1,1,0,0,1
2045,0.614612109968651,0.00320935184976091,WA,2024-01-28,1,1,1,1,1,1,1,1,1,0,0,1
2046,0.951121259045239,0.0472816242298073,WA,2024-01-29,0,1,1,1,1,1,0,1,1,0,1,1
2047,2.9052961035548,0.232646533824612,WA,2024-01-30,0,1,0,0,1,0,0,1,0,0,0,0
2048,0.505471037049276,0.0673372891112615,WA,2024-01-31,1,1,1,1,1,1,1,1,1,1,1,1
2049,0.520197832784,0.063104059944689,WA,2024-02-01,1,1,1,1,1,1,1,1,0,0,1,1
2050,0.370954375777327,0.001642322599679715,WA,2024-02-02,1,1,1,1,1,1,1,1,0,0,1,0
2051,1.03475091602621,0.107298728511116,WA,2024-02-03,0,1,1,1,1,1,0,0,1,1,1,1
2052,0.876609478084738,0.1179406218253325,WA,2024-02-04,1,1,0,1,1,1,1,1,0,0,1,1
2053,0.262419640992376,0.00109649570463751,WA,2024-02-05,1,1,1,1,1,1,1,1,0,0,1,1
2054,0.595456408127448,0.0480582437155875,WA,2024-02-06,1,1,1,1,1,1,1,0,0,1,1,1
2055,0.162749507234913,8.37446065986595e-4,WA,2024-02-07,1,1,1,1,1,1,1,1,1,1,1,1
2056,0.814786090246047,0.04873164180967955,WA,2024-02-08,1,1,1,1,0,1,1,0,1,1,0,1
2057,0.138908259810593,6.3970252593627e-4,WA,2024-02-09,1,1,1,1,1,1,1,1,1,1,1,1
2058,0.95065243994841,0.106772798876422,WA,2024-02-10,1,1,0,0,1,1,1,1,0,0,1,1
2059,0.766391886398742,0.55342885163408,WI,2023-12-31,1,1,0,1,1,1,1,1,0,0,1,1
2060,NA,NA,WI,2024-01-01,NA,NA,NA,NA,NA,NA,NA,NA,NA,NA,NA,NA
2061,0.100141862316311,0.061718752079696,WI,2024-01-02,1,1,1,1,1,1,1,1,1,1,1,1
2062,NA,NA,WI,2024-01-03,NA,NA,NA,NA,NA,NA,NA,NA,NA,NA,NA,NA
2063,NA,NA,WI,2024-01-04,NA,NA,NA,NA,NA,NA,NA,NA,NA,NA,NA,NA
2064,NA,NA,WI,2024-01-05,NA,NA,NA,NA,NA,NA,NA,NA,NA,NA,NA,NA
2065,NA,NA,WI,2024-01-06,NA,NA,NA,NA,NA,NA,NA,NA,NA,NA,NA,NA
2066,NA,NA,WI,2024-01-07,NA,NA,NA,NA,NA,NA,NA,NA,NA,NA,NA,NA
2067,1.36900721808159,0.506375106461255,WI,2024-01-08,1,1,1,0,0,1,1,1,1,0,0,1
2068,0.75047619108106,0.219921565974354,WI,2024-01-09,1,1,1,1,1,0,0,1,0,0,1,0
2069,0.141661744295987,0.02686466866029185,WI,2024-01-10,1,1,1,1,1,1,1,1,1,1,1,1
2070,NA,NA,WI,2024-01-11,NA,NA,NA,NA,NA,NA,NA,NA,NA,NA,NA,NA
2071,NA,NA,WI,2024-01-12,NA,NA,NA,NA,NA,NA,NA,NA,NA,NA,NA,NA
2072,NA,NA,WI,2024-01-13,NA,NA,NA,NA,NA,NA,NA,NA,NA,NA,NA,NA
2073,NA,NA,WI,2024-01-14,NA,NA,NA,NA,NA,NA,NA,NA,NA,NA,NA,NA
2074,0.0243682431351297,0.01518875767669525,WI,2024-01-15,1,1,1,1,1,1,1,1,1,1,1,1
2075,0.799046929039209,0.1816738023976005,WI,2024-01-16,1,1,1,1,1,0,1,1,1,0,1,0
2076,0.0714041598700318,0.01198752754336845,WI,2024-01-17,1,1,1,1,1,1,1,1,0,0,1,1
2077,NA,NA,WI,2024-01-18,NA,NA,NA,NA,NA,NA,NA,NA,NA,NA,NA,NA
2078,NA,NA,WI,2024-01-19,NA,NA,NA,NA,NA,NA,NA,NA,NA,NA,NA,NA
2079,NA,NA,WI,2024-01-20,NA,NA,NA,NA,NA,NA,NA,NA,NA,NA,NA,NA
2080,NA,NA,WI,2024-01-21,NA,NA,NA,NA,NA,NA,NA,NA,NA,NA,NA,NA
2081,NA,NA,WI,2024-01-22,NA,NA,NA,NA,NA,NA,NA,NA,NA,NA,NA,NA
2082,NA,NA,WI,2024-01-23,NA,NA,NA,NA,NA,NA,NA,NA,NA,NA,NA,NA
2083,NA,NA,WI,2024-01-24,NA,NA,NA,NA,NA,NA,NA,NA,NA,NA,NA,NA
2084,NA,NA,WI,2024-01-25,NA,NA,NA,NA,NA,NA,NA,NA,NA,NA,NA,NA
2085,NA,NA,WI,2024-01-26,NA,NA,NA,NA,NA,NA,NA,NA,NA,NA,NA,NA
2086,NA,NA,WI,2024-01-27,NA,NA,NA,NA,NA,NA,NA,NA,NA,NA,NA,NA
2087,NA,NA,WI,2024-01-28,NA,NA,NA,NA,NA,NA,NA,NA,NA,NA,NA,NA
2088,NA,NA,WI,2024-01-29,NA,NA,NA,NA,NA,NA,NA,NA,NA,NA,NA,NA
2089,NA,NA,WI,2024-01-30,NA,NA,NA,NA,NA,NA,NA,NA,NA,NA,NA,NA
2090,NA,NA,WI,2024-01-31,NA,NA,NA,NA,NA,NA,NA,NA,NA,NA,NA,NA
2091,0.00278395010945709,0.00183461059132617,WI,2024-02-01,1,1,1,1,1,1,1,1,1,1,1,1
2092,NA,NA,WI,2024-02-02,NA,NA,NA,NA,NA,NA,NA,NA,NA,NA,NA,NA
2093,NA,NA,WI,2024-02-03,NA,NA,NA,NA,NA,NA,NA,NA,NA,NA,NA,NA
2094,NA,NA,WI,2024-02-04,NA,NA,NA,NA,NA,NA,NA,NA,NA,NA,NA,NA
2095,NA,NA,WI,2024-02-05,NA,NA,NA,NA,NA,NA,NA,NA,NA,NA,NA,NA
2096,NA,NA,WI,2024-02-06,NA,NA,NA,NA,NA,NA,NA,NA,NA,NA,NA,NA
2097,NA,NA,WI,2024-02-07,NA,NA,NA,NA,NA,NA,NA,NA,NA,NA,NA,NA
2098,NA,NA,WI,2024-02-08,NA,NA,NA,NA,NA,NA,NA,NA,NA,NA,NA,NA
2099,1.37076337802212,0.967008381322055,WI,2024-02-09,1,1,1,0,1,0,1,1,1,0,1,0
2100,NA,NA,WI,2024-02-10,NA,NA,NA,NA,NA,NA,NA,NA,NA,NA,NA,NA
2101,1.19719909601431,0.56750905975081,WV,2023-12-31,1,0,1,1,0,1,1,0,0,1,0,0
2102,0.854424403740478,0.593839279524795,WV,2024-01-01,0,1,1,1,1,1,1,1,1,1,1,1
2103,NA,NA,WV,2024-01-02,NA,NA,NA,NA,NA,NA,NA,NA,NA,NA,NA,NA
2104,0.784926747601849,0.3818781776492195,WV,2024-01-03,1,1,1,1,1,0,1,1,1,0,1,0
2105,NA,NA,WV,2024-01-04,NA,NA,NA,NA,NA,NA,NA,NA,NA,NA,NA,NA
2106,NA,NA,WV,2024-01-05,NA,NA,NA,NA,NA,NA,NA,NA,NA,NA,NA,NA
2107,NA,NA,WV,2024-01-06,NA,NA,NA,NA,NA,NA,NA,NA,NA,NA,NA,NA
2108,NA,NA,WV,2024-01-07,NA,NA,NA,NA,NA,NA,NA,NA,NA,NA,NA,NA
2109,NA,NA,WV,2024-01-08,NA,NA,NA,NA,NA,NA,NA,NA,NA,NA,NA,NA
2110,NA,NA,WV,2024-01-09,NA,NA,NA,NA,NA,NA,NA,NA,NA,NA,NA,NA
2111,0.858897037972801,0.589753804186735,WV,2024-01-10,1,1,1,1,0,1,1,1,0,1,0,1
2112,NA,NA,WV,2024-01-11,NA,NA,NA,NA,NA,NA,NA,NA,NA,NA,NA,NA
2113,NA,NA,WV,2024-01-12,NA,NA,NA,NA,NA,NA,NA,NA,NA,NA,NA,NA
2114,NA,NA,WV,2024-01-13,NA,NA,NA,NA,NA,NA,NA,NA,NA,NA,NA,NA
2115,0.902365564683753,0.609010490224025,WV,2024-01-14,1,0,1,1,1,1,1,0,0,1,1,1
2116,NA,NA,WV,2024-01-15,NA,NA,NA,NA,NA,NA,NA,NA,NA,NA,NA,NA
2117,NA,NA,WV,2024-01-16,NA,NA,NA,NA,NA,NA,NA,NA,NA,NA,NA,NA
2118,0.496419935809666,0.1670134177801545,WV,2024-01-17,1,1,1,1,1,1,1,1,0,0,1,1
2119,0.922749501587065,0.622478043421295,WV,2024-01-18,1,1,1,1,0,1,1,1,0,1,0,1
2120,NA,NA,WV,2024-01-19,NA,NA,NA,NA,NA,NA,NA,NA,NA,NA,NA,NA
2121,NA,NA,WV,2024-01-20,NA,NA,NA,NA,NA,NA,NA,NA,NA,NA,NA,NA
2122,NA,NA,WV,2024-01-21,NA,NA,NA,NA,NA,NA,NA,NA,NA,NA,NA,NA
2123,NA,NA,WV,2024-01-22,NA,NA,NA,NA,NA,NA,NA,NA,NA,NA,NA,NA
2124,NA,NA,WV,2024-01-23,NA,NA,NA,NA,NA,NA,NA,NA,NA,NA,NA,NA
2125,NA,NA,WV,2024-01-24,NA,NA,NA,NA,NA,NA,NA,NA,NA,NA,NA,NA
2126,NA,NA,WV,2024-01-25,NA,NA,NA,NA,NA,NA,NA,NA,NA,NA,NA,NA
2127,NA,NA,WV,2024-01-26,NA,NA,NA,NA,NA,NA,NA,NA,NA,NA,NA,NA
2128,NA,NA,WV,2024-01-27,NA,NA,NA,NA,NA,NA,NA,NA,NA,NA,NA,NA
2129,NA,NA,WV,2024-01-28,NA,NA,NA,NA,NA,NA,NA,NA,NA,NA,NA,NA
2130,NA,NA,WV,2024-01-29,NA,NA,NA,NA,NA,NA,NA,NA,NA,NA,NA,NA
2131,NA,NA,WV,2024-01-30,NA,NA,NA,NA,NA,NA,NA,NA,NA,NA,NA,NA
2132,NA,NA,WV,2024-01-31,NA,NA,NA,NA,NA,NA,NA,NA,NA,NA,NA,NA
2133,NA,NA,WV,2024-02-01,NA,NA,NA,NA,NA,NA,NA,NA,NA,NA,NA,NA
2134,NA,NA,WV,2024-02-02,NA,NA,NA,NA,NA,NA,NA,NA,NA,NA,NA,NA
2135,NA,NA,WV,2024-02-03,NA,NA,NA,NA,NA,NA,NA,NA,NA,NA,NA,NA
2136,NA,NA,WV,2024-02-04,NA,NA,NA,NA,NA,NA,NA,NA,NA,NA,NA,NA
2137,0.033759102009724803,0.03577351904438815,WV,2024-02-05,1,1,1,1,1,1,1,1,0,0,1,1
2138,NA,NA,WV,2024-02-06,NA,NA,NA,NA,NA,NA,NA,NA,NA,NA,NA,NA
2139,NA,NA,WV,2024-02-07,NA,NA,NA,NA,NA,NA,NA,NA,NA,NA,NA,NA
2140,1.19941067252138,0.809811257224625,WV,2024-02-08,1,1,1,0,1,0,1,1,1,0,1,0
2141,0.0224643439856125,0.0243598671082406,WV,2024-02-09,1,1,1,1,1,1,1,1,1,1,1,1
2142,NA,NA,WV,2024-02-10,NA,NA,NA,NA,NA,NA,NA,NA,NA,NA,NA,NA
2143,NA,NA,WY,2023-12-31,NA,NA,NA,NA,NA,NA,NA,NA,NA,NA,NA,NA
2144,NA,NA,WY,2024-01-01,NA,NA,NA,NA,NA,NA,NA,NA,NA,NA,NA,NA
2145,NA,NA,WY,2024-01-02,NA,NA,NA,NA,NA,NA,NA,NA,NA,NA,NA,NA
2146,0.774360810112559,0.514264974814065,WY,2024-01-03,1,1,0,1,1,1,1,1,0,0,1,1
2147,NA,NA,WY,2024-01-04,NA,NA,NA,NA,NA,NA,NA,NA,NA,NA,NA,NA
2148,NA,NA,WY,2024-01-05,NA,NA,NA,NA,NA,NA,NA,NA,NA,NA,NA,NA
2149,NA,NA,WY,2024-01-06,NA,NA,NA,NA,NA,NA,NA,NA,NA,NA,NA,NA
2150,NA,NA,WY,2024-01-07,NA,NA,NA,NA,NA,NA,NA,NA,NA,NA,NA,NA
2151,NA,NA,WY,2024-01-08,NA,NA,NA,NA,NA,NA,NA,NA,NA,NA,NA,NA
2152,NA,NA,WY,2024-01-09,NA,NA,NA,NA,NA,NA,NA,NA,NA,NA,NA,NA
2153,NA,NA,WY,2024-01-10,NA,NA,NA,NA,NA,NA,NA,NA,NA,NA,NA,NA
2154,NA,NA,WY,2024-01-11,NA,NA,NA,NA,NA,NA,NA,NA,NA,NA,NA,NA
2155,NA,NA,WY,2024-01-12,NA,NA,NA,NA,NA,NA,NA,NA,NA,NA,NA,NA
2156,NA,NA,WY,2024-01-13,NA,NA,NA,NA,NA,NA,NA,NA,NA,NA,NA,NA
2157,NA,NA,WY,2024-01-14,NA,NA,NA,NA,NA,NA,NA,NA,NA,NA,NA,NA
2158,NA,NA,WY,2024-01-15,NA,NA,NA,NA,NA,NA,NA,NA,NA,NA,NA,NA
2159,NA,NA,WY,2024-01-16,NA,NA,NA,NA,NA,NA,NA,NA,NA,NA,NA,NA
2160,NA,NA,WY,2024-01-17,NA,NA,NA,NA,NA,NA,NA,NA,NA,NA,NA,NA
2161,NA,NA,WY,2024-01-18,NA,NA,NA,NA,NA,NA,NA,NA,NA,NA,NA,NA
2162,NA,NA,WY,2024-01-19,NA,NA,NA,NA,NA,NA,NA,NA,NA,NA,NA,NA
2163,NA,NA,WY,2024-01-20,NA,NA,NA,NA,NA,NA,NA,NA,NA,NA,NA,NA
2164,NA,NA,WY,2024-01-21,NA,NA,NA,NA,NA,NA,NA,NA,NA,NA,NA,NA
2165,NA,NA,WY,2024-01-22,NA,NA,NA,NA,NA,NA,NA,NA,NA,NA,NA,NA
2166,NA,NA,WY,2024-01-23,NA,NA,NA,NA,NA,NA,NA,NA,NA,NA,NA,NA
2167,NA,NA,WY,2024-01-24,NA,NA,NA,NA,NA,NA,NA,NA,NA,NA,NA,NA
2168,NA,NA,WY,2024-01-25,NA,NA,NA,NA,NA,NA,NA,NA,NA,NA,NA,NA
2169,NA,NA,WY,2024-01-26,NA,NA,NA,NA,NA,NA,NA,NA,NA,NA,NA,NA
2170,NA,NA,WY,2024-01-27,NA,NA,NA,NA,NA,NA,NA,NA,NA,NA,NA,NA
2171,NA,NA,WY,2024-01-28,NA,NA,NA,NA,NA,NA,NA,NA,NA,NA,NA,NA
2172,NA,NA,WY,2024-01-29,NA,NA,NA,NA,NA,NA,NA,NA,NA,NA,NA,NA
2173,NA,NA,WY,2024-01-30,NA,NA,NA,NA,NA,NA,NA,NA,NA,NA,NA,NA
2174,NA,NA,WY,2024-01-31,NA,NA,NA,NA,NA,NA,NA,NA,NA,NA,NA,NA
2175,NA,NA,WY,2024-02-01,NA,NA,NA,NA,NA,NA,NA,NA,NA,NA,NA,NA
2176,NA,NA,WY,2024-02-02,NA,NA,NA,NA,NA,NA,NA,NA,NA,NA,NA,NA
2177,NA,NA,WY,2024-02-03,NA,NA,NA,NA,NA,NA,NA,NA,NA,NA,NA,NA
2178,NA,NA,WY,2024-02-04,NA,NA,NA,NA,NA,NA,NA,NA,NA,NA,NA,NA
2179,NA,NA,WY,2024-02-05,NA,NA,NA,NA,NA,NA,NA,NA,NA,NA,NA,NA
2180,NA,NA,WY,2024-02-06,NA,NA,NA,NA,NA,NA,NA,NA,NA,NA,NA,NA
2181,0.00305590337507974,0.00364630347335849,WY,2024-02-07,1,1,1,1,1,1,1,1,1,1,1,1
2182,NA,NA,WY,2024-02-08,NA,NA,NA,NA,NA,NA,NA,NA,NA,NA,NA,NA
2183,0.00225791923402094,0.002975130509265955,WY,2024-02-09,1,1,1,1,1,1,1,1,1,1,1,1
2184,NA,NA,WY,2024-02-10,NA,NA,NA,NA,NA,NA,NA,NA,NA,NA,NA,NA
