...1,es_score,brier_score,location,target_date,X23F_50_CI,X24A_50_CI,recombinant_50_CI,other_50_CI,X23F_95_CI,X24A_95_CI,recombinant_95_CI,other_95_CI
1,NA,NA,AK,2024-01-07,NA,NA,NA,NA,NA,NA,NA,NA
2,0.0936284472043814,0.0622303188742305,AK,2024-01-08,1,1,1,1,1,1,1,1
3,0.440809416469899,0.056341366510577,AK,2024-01-09,1,1,1,1,1,1,1,1
4,0.22984359504231,0.0509097909202915,AK,2024-01-10,1,1,1,1,1,1,1,1
5,0.0703976418609025,0.04591434531898805,AK,2024-01-11,1,1,1,1,1,0,1,0
6,NA,NA,AK,2024-01-12,NA,NA,NA,NA,NA,NA,NA,NA
7,NA,NA,AK,2024-01-13,NA,NA,NA,NA,NA,NA,NA,NA
8,NA,NA,AK,2024-01-14,NA,NA,NA,NA,NA,NA,NA,NA
9,0.992422048019362,0.70358837852983,AK,2024-01-15,0,0,1,1,0,0,1,1
10,0.0361889754693769,0.0266806837932765,AK,2024-01-16,1,1,1,1,1,1,1,1
11,0.233730933211133,0.02381989667573135,AK,2024-01-17,1,1,1,1,1,1,1,1
12,0.924724202720388,0.41196885378786,AK,2024-01-18,1,1,1,0,1,0,1,0
13,NA,NA,AK,2024-01-19,NA,NA,NA,NA,NA,NA,NA,NA
14,NA,NA,AK,2024-01-20,NA,NA,NA,NA,NA,NA,NA,NA
15,NA,NA,AK,2024-01-21,NA,NA,NA,NA,NA,NA,NA,NA
16,NA,NA,AK,2024-01-22,NA,NA,NA,NA,NA,NA,NA,NA
17,0.0552964473423128,0.01172117511489455,AK,2024-01-23,1,1,1,1,1,1,1,1
18,NA,NA,AK,2024-01-24,NA,NA,NA,NA,NA,NA,NA,NA
19,1.22856303050053,0.86803195562341,AK,2024-01-25,1,0,1,0,1,0,1,0
20,0.0378093324912325,0.00809465223385985,AK,2024-01-26,1,1,1,1,1,1,1,1
21,0.0112104284596315,0.0071411642789337,AK,2024-01-27,1,1,1,1,1,1,1,1
22,0.00803698980181969,0.00629447340441335,AK,2024-01-28,1,1,1,1,1,1,1,1
23,0.00848079830026814,0.00554359262203275,AK,2024-01-29,1,1,1,1,1,1,1,1
24,0.00768765076739669,0.004878495157875375,AK,2024-01-30,1,1,1,1,1,1,1,1
25,NA,NA,AK,2024-01-31,NA,NA,NA,NA,NA,NA,NA,NA
26,0.00534831526894358,0.00377001706986449,AK,2024-02-01,1,1,1,1,1,1,1,1
27,1.19323868609517,0.461710678276651,AK,2024-02-02,1,0,1,0,1,0,1,0
28,NA,NA,AK,2024-02-03,NA,NA,NA,NA,NA,NA,NA,NA
29,NA,NA,AK,2024-02-04,NA,NA,NA,NA,NA,NA,NA,NA
30,NA,NA,AK,2024-02-05,NA,NA,NA,NA,NA,NA,NA,NA
31,NA,NA,AK,2024-02-06,NA,NA,NA,NA,NA,NA,NA,NA
32,NA,NA,AK,2024-02-07,NA,NA,NA,NA,NA,NA,NA,NA
33,NA,NA,AK,2024-02-08,NA,NA,NA,NA,NA,NA,NA,NA
34,NA,NA,AK,2024-02-09,NA,NA,NA,NA,NA,NA,NA,NA
35,NA,NA,AK,2024-02-10,NA,NA,NA,NA,NA,NA,NA,NA
36,NA,NA,AK,2024-02-11,NA,NA,NA,NA,NA,NA,NA,NA
37,NA,NA,AK,2024-02-12,NA,NA,NA,NA,NA,NA,NA,NA
38,NA,NA,AK,2024-02-13,NA,NA,NA,NA,NA,NA,NA,NA
39,NA,NA,AK,2024-02-14,NA,NA,NA,NA,NA,NA,NA,NA
40,NA,NA,AK,2024-02-15,NA,NA,NA,NA,NA,NA,NA,NA
41,NA,NA,AK,2024-02-16,NA,NA,NA,NA,NA,NA,NA,NA
42,NA,NA,AK,2024-02-17,NA,NA,NA,NA,NA,NA,NA,NA
43,0.722127635868294,0.2663432163178065,AL,2024-01-07,1,1,1,1,0,0,1,1
44,NA,NA,AL,2024-01-08,NA,NA,NA,NA,NA,NA,NA,NA
45,NA,NA,AL,2024-01-09,NA,NA,NA,NA,NA,NA,NA,NA
46,NA,NA,AL,2024-01-10,NA,NA,NA,NA,NA,NA,NA,NA
47,NA,NA,AL,2024-01-11,NA,NA,NA,NA,NA,NA,NA,NA
48,NA,NA,AL,2024-01-12,NA,NA,NA,NA,NA,NA,NA,NA
49,NA,NA,AL,2024-01-13,NA,NA,NA,NA,NA,NA,NA,NA
50,NA,NA,AL,2024-01-14,NA,NA,NA,NA,NA,NA,NA,NA
51,0.103704860256889,0.03684757784793545,AL,2024-01-15,1,1,1,1,1,0,1,0
52,NA,NA,AL,2024-01-16,NA,NA,NA,NA,NA,NA,NA,NA
53,NA,NA,AL,2024-01-17,NA,NA,NA,NA,NA,NA,NA,NA
54,0.564972564695315,0.37421950126649,AL,2024-01-18,1,1,1,1,1,1,1,1
55,NA,NA,AL,2024-01-19,NA,NA,NA,NA,NA,NA,NA,NA
56,NA,NA,AL,2024-01-20,NA,NA,NA,NA,NA,NA,NA,NA
57,NA,NA,AL,2024-01-21,NA,NA,NA,NA,NA,NA,NA,NA
58,0.0587383420062426,0.01613992095380915,AL,2024-01-22,1,1,1,1,1,1,1,1
59,NA,NA,AL,2024-01-23,NA,NA,NA,NA,NA,NA,NA,NA
60,NA,NA,AL,2024-01-24,NA,NA,NA,NA,NA,NA,NA,NA
61,NA,NA,AL,2024-01-25,NA,NA,NA,NA,NA,NA,NA,NA
62,1.00810512489168,0.82229101964274,AL,2024-01-26,0,0,1,1,0,0,1,1
63,NA,NA,AL,2024-01-27,NA,NA,NA,NA,NA,NA,NA,NA
64,NA,NA,AL,2024-01-28,NA,NA,NA,NA,NA,NA,NA,NA
65,NA,NA,AL,2024-01-29,NA,NA,NA,NA,NA,NA,NA,NA
66,NA,NA,AL,2024-01-30,NA,NA,NA,NA,NA,NA,NA,NA
67,NA,NA,AL,2024-01-31,NA,NA,NA,NA,NA,NA,NA,NA
68,0.0176515489724168,0.004513369314263135,AL,2024-02-01,1,1,1,1,1,1,1,1
69,NA,NA,AL,2024-02-02,NA,NA,NA,NA,NA,NA,NA,NA
70,NA,NA,AL,2024-02-03,NA,NA,NA,NA,NA,NA,NA,NA
71,NA,NA,AL,2024-02-04,NA,NA,NA,NA,NA,NA,NA,NA
72,1.18860159787311,0.904214766845595,AL,2024-02-05,0,0,1,1,0,0,1,1
73,NA,NA,AL,2024-02-06,NA,NA,NA,NA,NA,NA,NA,NA
74,1.26220282952293,0.936193101814205,AL,2024-02-07,1,0,1,0,0,1,1,0
75,0.0064875208593434,0.001776280794612985,AL,2024-02-08,1,1,1,1,1,1,1,1
76,NA,NA,AL,2024-02-09,NA,NA,NA,NA,NA,NA,NA,NA
77,NA,NA,AL,2024-02-10,NA,NA,NA,NA,NA,NA,NA,NA
78,NA,NA,AL,2024-02-11,NA,NA,NA,NA,NA,NA,NA,NA
79,NA,NA,AL,2024-02-12,NA,NA,NA,NA,NA,NA,NA,NA
80,NA,NA,AL,2024-02-13,NA,NA,NA,NA,NA,NA,NA,NA
81,NA,NA,AL,2024-02-14,NA,NA,NA,NA,NA,NA,NA,NA
82,0.00342683745220189,6.86359361243555e-4,AL,2024-02-15,1,1,1,1,1,1,1,1
83,NA,NA,AL,2024-02-16,NA,NA,NA,NA,NA,NA,NA,NA
84,NA,NA,AL,2024-02-17,NA,NA,NA,NA,NA,NA,NA,NA
85,NA,NA,AR,2024-01-07,NA,NA,NA,NA,NA,NA,NA,NA
86,NA,NA,AR,2024-01-08,NA,NA,NA,NA,NA,NA,NA,NA
87,NA,NA,AR,2024-01-09,NA,NA,NA,NA,NA,NA,NA,NA
88,0.909551806104733,0.6713787565879,AR,2024-01-10,1,1,1,0,1,1,1,1
89,0.20436316586164,0.0389770938474748,AR,2024-01-11,1,1,1,1,1,0,0,1
90,0.70271042268097506,0.3689083788413195,AR,2024-01-12,1,1,1,0,1,1,1,1
91,NA,NA,AR,2024-01-13,NA,NA,NA,NA,NA,NA,NA,NA
92,NA,NA,AR,2024-01-14,NA,NA,NA,NA,NA,NA,NA,NA
93,NA,NA,AR,2024-01-15,NA,NA,NA,NA,NA,NA,NA,NA
94,NA,NA,AR,2024-01-16,NA,NA,NA,NA,NA,NA,NA,NA
95,NA,NA,AR,2024-01-17,NA,NA,NA,NA,NA,NA,NA,NA
96,NA,NA,AR,2024-01-18,NA,NA,NA,NA,NA,NA,NA,NA
97,0.0274120974098838,0.01509487215025595,AR,2024-01-19,1,1,1,1,1,1,1,1
98,NA,NA,AR,2024-01-20,NA,NA,NA,NA,NA,NA,NA,NA
99,NA,NA,AR,2024-01-21,NA,NA,NA,NA,NA,NA,NA,NA
100,0.0197715682327426,0.0103439320029191,AR,2024-01-22,1,1,1,1,1,1,1,1
101,NA,NA,AR,2024-01-23,NA,NA,NA,NA,NA,NA,NA,NA
102,0.0498971583060822,0.00799793569932075,AR,2024-01-24,1,1,1,1,1,1,1,1
103,NA,NA,AR,2024-01-25,NA,NA,NA,NA,NA,NA,NA,NA
104,NA,NA,AR,2024-01-26,NA,NA,NA,NA,NA,NA,NA,NA
105,NA,NA,AR,2024-01-27,NA,NA,NA,NA,NA,NA,NA,NA
106,NA,NA,AR,2024-01-28,NA,NA,NA,NA,NA,NA,NA,NA
107,NA,NA,AR,2024-01-29,NA,NA,NA,NA,NA,NA,NA,NA
108,NA,NA,AR,2024-01-30,NA,NA,NA,NA,NA,NA,NA,NA
109,NA,NA,AR,2024-01-31,NA,NA,NA,NA,NA,NA,NA,NA
110,0.00465366771072984,0.002768469402108895,AR,2024-02-01,1,1,1,1,1,1,1,1
111,NA,NA,AR,2024-02-02,NA,NA,NA,NA,NA,NA,NA,NA
112,NA,NA,AR,2024-02-03,NA,NA,NA,NA,NA,NA,NA,NA
113,NA,NA,AR,2024-02-04,NA,NA,NA,NA,NA,NA,NA,NA
114,NA,NA,AR,2024-02-05,NA,NA,NA,NA,NA,NA,NA,NA
115,0.00286102474836165,0.00140050095932076,AR,2024-02-06,1,1,1,1,1,1,1,1
116,0.00244813095867355,0.00122063244859339,AR,2024-02-07,1,1,1,1,1,1,1,1
117,0.00786339722269629,0.001063526191076315,AR,2024-02-08,1,1,1,1,1,1,1,1
118,0.00692416503121969,9.26370991660525e-4,AR,2024-02-09,1,1,1,1,1,1,1,1
119,NA,NA,AR,2024-02-10,NA,NA,NA,NA,NA,NA,NA,NA
120,NA,NA,AR,2024-02-11,NA,NA,NA,NA,NA,NA,NA,NA
121,0.0014140014337051,6.11283690732035e-4,AR,2024-02-12,1,1,1,1,1,1,1,1
122,1.30296816733499,0.4810049803298705,AR,2024-02-13,1,0,1,0,1,0,1,0
123,0.00252349015560004,4.6284265135516e-4,AR,2024-02-14,1,1,1,1,1,1,1,1
124,NA,NA,AR,2024-02-15,NA,NA,NA,NA,NA,NA,NA,NA
125,NA,NA,AR,2024-02-16,NA,NA,NA,NA,NA,NA,NA,NA
126,NA,NA,AR,2024-02-17,NA,NA,NA,NA,NA,NA,NA,NA
127,1.35957168798882,0.070151185435028,AZ,2024-01-07,1,0,1,1,0,0,1,0
128,1.25107918676585,0.167785945377089,AZ,2024-01-08,1,1,1,1,0,0,1,1
129,1.14691978276038,0.1838229456178235,AZ,2024-01-09,1,1,1,1,0,0,1,0
130,0.22617346734792,0.0505573881115275,AZ,2024-01-10,1,1,1,1,0,0,1,1
131,1.64433644214243,0.321708874365899,AZ,2024-01-11,0,0,1,1,0,0,1,1
132,0.815297475642952,0.2206516913332545,AZ,2024-01-12,1,1,1,1,0,0,1,0
133,0.65099352343194306,0.1520188591894675,AZ,2024-01-13,1,1,1,1,0,0,1,1
134,1.90455934751033,0.24451017632697,AZ,2024-01-14,0,0,1,1,0,0,1,0
135,2.47852523494619,0.17071402102444,AZ,2024-01-15,0,1,0,0,1,0,0,1
136,0.125926400745095,0.024817706939154,AZ,2024-01-16,1,1,1,1,1,1,1,1
137,1.24517603098219,0.1789897734357115,AZ,2024-01-17,1,1,0,1,0,0,0,0
138,0.713809494060691,0.2141527665872995,AZ,2024-01-18,1,1,1,0,1,0,1,0
139,0.275516271247344,0.01698225553864915,AZ,2024-01-19,1,1,1,1,0,0,1,1
140,0.587472636677076,0.2084602019690925,AZ,2024-01-20,1,1,1,1,0,0,1,0
141,3.48445674408545,0.200928019694037,AZ,2024-01-21,1,0,1,0,0,0,1,0
142,1.15134396340081,0.0576333266291285,AZ,2024-01-22,1,1,1,1,0,0,1,0
143,0.893312793814674,0.0751876641300225,AZ,2024-01-23,1,1,1,1,0,0,0,0
144,2.66684006594535,0.348141878808069,AZ,2024-01-24,0,0,0,1,0,0,0,1
145,0.0749737776326985,0.0076686767562886,AZ,2024-01-25,1,1,1,1,1,1,1,1
146,1.10086159473273,0.442478618434358,AZ,2024-01-26,1,0,1,0,1,0,1,0
147,1.30790548000714,0.131904650661827,AZ,2024-01-27,1,0,0,1,1,0,0,0
148,0.00740486462489309,0.0050803029244286,AZ,2024-01-28,1,1,1,1,1,1,1,1
149,1.59806346988518,0.113956188107346,AZ,2024-01-29,0,1,1,1,0,0,1,0
150,0.97247555697721,0.0969552429707245,AZ,2024-01-30,0,1,1,1,0,0,1,1
151,0.929140137125575,0.0698523933361925,AZ,2024-01-31,1,1,0,1,1,0,0,1
152,0.033759719234017,0.00290150429558601,AZ,2024-02-01,1,1,1,1,1,1,1,1
153,0.0329242369714073,0.00251821263394671,AZ,2024-02-02,1,1,1,1,1,0,1,0
154,NA,NA,AZ,2024-02-03,NA,NA,NA,NA,NA,NA,NA,NA
155,0.0315243441928494,0.00189368856358834,AZ,2024-02-04,1,1,1,1,1,1,1,1
156,2.68531120848064,0.1647497539604165,AZ,2024-02-05,0,0,1,1,0,0,1,1
157,0.724938196400935,0.0406595529828505,AZ,2024-02-06,1,1,1,1,1,1,1,1
158,0.301756507842039,0.00123048680420232,AZ,2024-02-07,1,1,1,1,0,0,1,0
159,0.00156351209166282,0.001064906319828235,AZ,2024-02-08,1,1,1,1,0,0,1,1
160,1.23622704277071,0.318678975301951,AZ,2024-02-09,1,0,1,0,1,0,1,0
161,0.00535912614296681,7.96758955730115e-4,AZ,2024-02-10,1,1,1,1,1,1,1,1
162,1.04753357280684,0.120652243962968,AZ,2024-02-11,1,0,1,0,0,1,1,0
163,0.0700401750975914,5.9540900696461e-4,AZ,2024-02-12,1,1,1,1,1,1,1,1
164,1.04513516464083,0.0653711997833485,AZ,2024-02-13,1,1,0,1,1,0,0,1
165,0.138437300580568,4.4448747157869e-4,AZ,2024-02-14,1,1,1,1,0,0,1,1
166,8.3488097867227e-4,3.839175552366e-4,AZ,2024-02-15,1,1,1,1,1,1,1,1
167,0.00496526172499755,3.3153680994679e-4,AZ,2024-02-16,1,1,1,1,1,1,1,1
168,0.0220618948417627,2.86251980519375e-4,AZ,2024-02-17,1,1,1,1,1,1,1,1
169,2.11126890644257,0.535824003770175,CA,2024-01-07,1,0,1,0,0,1,1,0
170,2.59501698824743,0.208218672146792,CA,2024-01-08,1,1,1,0,0,0,1,0
171,3.87767571116134,0.1266136357775345,CA,2024-01-09,0,0,1,1,0,0,0,0
172,3.49968527032393,0.133849312188169,CA,2024-01-10,0,1,1,1,0,0,0,0
173,2.3811495612709,0.1298933346770145,CA,2024-01-11,1,1,1,1,0,0,0,0
174,1.75990903967898,0.157726965588973,CA,2024-01-12,1,1,1,1,0,0,0,0
175,1.43286846267455,0.115002783085633,CA,2024-01-13,1,1,1,1,0,0,0,0
176,1.92458927965201,0.191798621937171,CA,2024-01-14,1,1,1,0,0,0,1,0
177,2.52629180269103,0.2350004332720685,CA,2024-01-15,1,0,0,1,0,0,0,0
178,1.87591867509987,0.1719672888905045,CA,2024-01-16,1,0,1,1,1,0,0,0
179,1.4246523274608,0.0130336985193695,CA,2024-01-17,1,0,1,1,0,0,1,1
180,1.2167231949,0.152012352687857,CA,2024-01-18,1,1,1,1,1,0,0,1
181,0.918475367441322,0.0101014820428002,CA,2024-01-19,1,0,1,1,1,0,0,1
182,0.914093746977091,0.076866452204554,CA,2024-01-20,1,1,0,1,0,0,0,0
183,1.33134942227723,0.250702973501221,CA,2024-01-21,1,0,1,0,1,0,1,0
184,1.06261229856708,0.071346546149752,CA,2024-01-22,1,1,0,1,0,1,0,1
185,0.670661791146416,0.0059966122286726,CA,2024-01-23,1,1,1,1,0,0,1,0
186,0.751773108389264,0.086293266277546,CA,2024-01-24,1,1,1,0,1,0,1,0
187,2.71225472212124,0.1526089418549635,CA,2024-01-25,1,0,0,0,1,0,0,0
188,2.68772182936738,0.1265484289785135,CA,2024-01-26,1,0,0,0,1,0,0,0
189,0.657783838846865,0.003514943263169375,CA,2024-01-27,1,1,1,1,0,0,1,0
190,0.985770286056063,0.0474133704809361,CA,2024-01-28,1,1,0,1,0,1,0,1
191,3.02408706913819,0.0877592315930565,CA,2024-01-29,1,0,0,0,0,0,0,0
192,1.65394939774273,0.061986470327216,CA,2024-01-30,1,1,0,1,0,0,1,0
193,3.02088071249335,0.0857821856779025,CA,2024-01-31,0,0,0,1,0,0,1,1
194,6.79686257259392,0.109999510655963,CA,2024-02-01,1,0,0,0,0,0,0,0
195,6.86349857216323,0.1163527925884025,CA,2024-02-02,1,0,0,0,0,0,0,1
196,0.885639185000167,0.04362839435962965,CA,2024-02-03,1,1,1,1,0,0,1,1
197,0.719821953693687,0.03634871014773555,CA,2024-02-04,1,1,1,0,0,1,1,0
198,1.91429758356756,0.0660006618524985,CA,2024-02-05,1,0,0,1,0,0,0,1
199,5.94372371394393,0.10057753692823,CA,2024-02-06,0,0,0,0,0,0,0,0
200,4.57507998457615,0.0865401287769605,CA,2024-02-07,0,0,0,0,0,0,0,0
201,1.42519894542712,0.03371809019755455,CA,2024-02-08,1,1,1,0,0,0,1,0
202,7.7186457621758,0.1197682520182295,CA,2024-02-09,1,0,0,0,0,0,0,0
203,5.37755525329525,0.149118609478241,CA,2024-02-10,0,0,0,0,1,0,0,0
204,0.00644077352809164,4.4341934298246e-4,CA,2024-02-11,1,1,1,1,1,1,1,1
205,5.04628221632882,0.111124071297884,CA,2024-02-12,1,0,0,0,1,0,0,0
206,4.59116126836485,0.0906023724323045,CA,2024-02-13,1,0,0,0,0,0,0,0
207,2.28273472073503,0.03887312497940815,CA,2024-02-14,1,0,0,0,1,0,0,0
208,7.17801086004078,0.120250445660011,CA,2024-02-15,0,0,0,0,0,0,0,0
209,2.0377504209072,0.03795829652826605,CA,2024-02-16,1,0,0,1,0,0,0,0
210,1.06174702599441,0.03406872652192925,CA,2024-02-17,1,1,0,1,1,0,0,1
211,NA,NA,CO,2024-01-07,NA,NA,NA,NA,NA,NA,NA,NA
212,1.98141745106321,0.69226325585757,CO,2024-01-08,0,0,1,1,0,0,1,0
213,0.0525908263607103,0.0328850668522249,CO,2024-01-09,1,1,1,1,1,1,1,1
214,1.0261199570708,0.722467349163065,CO,2024-01-10,0,0,1,1,0,0,1,1
215,0.256134387640824,0.0258283693091986,CO,2024-01-11,1,1,1,1,1,0,1,0
216,0.879345622490813,0.3977989997667715,CO,2024-01-12,1,1,1,0,1,0,1,0
217,0.0357400616583732,0.02014587086636195,CO,2024-01-13,1,1,1,1,0,0,1,1
218,NA,NA,CO,2024-01-14,NA,NA,NA,NA,NA,NA,NA,NA
219,0.0276576614529496,0.01561513327835975,CO,2024-01-15,1,1,1,1,1,1,1,1
220,0.0195589553669561,0.0137178818435463,CO,2024-01-16,1,1,1,1,1,1,1,1
221,0.0682468646045062,0.01203501557747,CO,2024-01-17,1,1,1,1,1,1,1,1
222,0.118834379810821,0.0105452357115771,CO,2024-01-18,1,1,1,1,0,0,1,1
223,0.0545615219117334,0.009228832846017,CO,2024-01-19,1,1,1,1,1,1,1,1
224,NA,NA,CO,2024-01-20,NA,NA,NA,NA,NA,NA,NA,NA
225,NA,NA,CO,2024-01-21,NA,NA,NA,NA,NA,NA,NA,NA
226,0.165341291547655,0.0061460432881231,CO,2024-01-22,1,1,1,1,1,1,1,1
227,0.0327895348454473,0.00535668599426485,CO,2024-01-23,1,1,1,1,1,0,1,0
228,NA,NA,CO,2024-01-24,NA,NA,NA,NA,NA,NA,NA,NA
229,NA,NA,CO,2024-01-25,NA,NA,NA,NA,NA,NA,NA,NA
230,0.0259992184884569,0.00352861553335706,CO,2024-01-26,1,1,1,1,1,1,1,1
231,NA,NA,CO,2024-01-27,NA,NA,NA,NA,NA,NA,NA,NA
232,NA,NA,CO,2024-01-28,NA,NA,NA,NA,NA,NA,NA,NA
233,0.048149662543678,0.002309362596776865,CO,2024-01-29,1,1,1,1,0,0,1,1
234,0.00378739119622303,0.002002574435844285,CO,2024-01-30,1,1,1,1,1,1,1,1
235,0.00280314098805537,0.001735596894808185,CO,2024-01-31,1,1,1,1,1,1,1,1
236,0.035965154661266,0.001503450769143725,CO,2024-02-01,1,1,1,1,1,1,1,1
237,0.0202250698560312,0.00130174297883692,CO,2024-02-02,1,1,1,1,1,1,1,1
238,NA,NA,CO,2024-02-03,NA,NA,NA,NA,NA,NA,NA,NA
239,NA,NA,CO,2024-02-04,NA,NA,NA,NA,NA,NA,NA,NA
240,0.00143651571364467,8.42847934654385e-4,CO,2024-02-05,1,1,1,1,1,1,1,1
241,0.00132962945238028,7.2862745226066e-4,CO,2024-02-06,1,1,1,1,1,1,1,1
242,0.00102465429707892,6.29683304009395e-4,CO,2024-02-07,1,1,1,1,1,1,1,1
243,0.00313141759927671,5.4401362827833e-4,CO,2024-02-08,1,1,1,1,1,1,1,1
244,0.00376374557969776,4.69870585377365e-4,CO,2024-02-09,1,1,1,1,1,1,1,1
245,1.34616301924248,0.4884355306014755,CO,2024-02-10,1,0,0,1,1,0,0,1
246,NA,NA,CO,2024-02-11,NA,NA,NA,NA,NA,NA,NA,NA
247,0.00285875435066049,3.0231432647209e-4,CO,2024-02-12,1,1,1,1,1,1,1,1
248,1.35501022738915,0.490660489212227,CO,2024-02-13,1,0,0,1,1,0,0,1
249,NA,NA,CO,2024-02-14,NA,NA,NA,NA,NA,NA,NA,NA
250,2.3055923736797e-4,1.941629561626e-4,CO,2024-02-15,1,1,1,1,1,1,1,1
251,NA,NA,CO,2024-02-16,NA,NA,NA,NA,NA,NA,NA,NA
252,NA,NA,CO,2024-02-17,NA,NA,NA,NA,NA,NA,NA,NA
253,0.53332190142418,0.2453374695580155,CT,2024-01-07,1,1,1,1,0,0,1,1
254,0.859471374759369,0.1165685795120735,CT,2024-01-08,1,1,1,1,1,0,1,0
255,0.601625175089182,0.03100715981310935,CT,2024-01-09,1,1,1,1,0,0,1,1
256,0.649313447105354,0.02757455694884645,CT,2024-01-10,1,1,1,1,1,1,1,1
257,0.443041977970644,0.0942237800168845,CT,2024-01-11,1,1,1,1,1,1,1,1
258,0.0873739438275259,0.02170569076445375,CT,2024-01-12,1,1,1,1,1,1,1,1
259,NA,NA,CT,2024-01-13,NA,NA,NA,NA,NA,NA,NA,NA
260,NA,NA,CT,2024-01-14,NA,NA,NA,NA,NA,NA,NA,NA
261,1.90359020327709,0.3963034349493745,CT,2024-01-15,0,0,1,1,0,0,1,1
262,0.139816925510827,0.0132275589213289,CT,2024-01-16,1,1,1,1,0,0,1,1
263,0.349283599260114,0.01165139777995715,CT,2024-01-17,1,1,1,1,1,1,1,1
264,0.0336850531939793,0.01025185156096665,CT,2024-01-18,1,1,1,1,1,1,1,1
265,0.171201938071406,0.00901113512899185,CT,2024-01-19,1,1,1,1,1,1,1,1
266,0.149025098325131,0.00791289785298285,CT,2024-01-20,1,1,1,1,1,1,1,1
267,0.0259783990833254,0.0069421725575722,CT,2024-01-21,1,1,1,1,1,1,1,1
268,0.226535667107686,0.0060853130116445,CT,2024-01-22,1,1,1,1,1,1,1,1
269,0.33269166993594,0.0053299232416508,CT,2024-01-23,1,1,1,1,1,1,1,1
270,0.111681910517219,0.004664781500110075,CT,2024-01-24,1,1,1,1,1,1,1,1
271,1.03306255356783,0.1866829680159095,CT,2024-01-25,1,1,1,0,1,0,1,0
272,0.029446450876052,0.00356575133466561,CT,2024-01-26,1,1,1,1,1,1,1,1
273,NA,NA,CT,2024-01-27,NA,NA,NA,NA,NA,NA,NA,NA
274,0.00351481567674257,0.002718919386509305,CT,2024-01-28,1,1,1,1,1,1,1,1
275,1.03228332622862,0.1203509185468365,CT,2024-01-29,1,1,0,1,0,1,0,1
276,0.00719050194187328,0.002068739559732185,CT,2024-01-30,1,1,1,1,1,1,1,1
277,0.0061277486798986,0.001803221017723185,CT,2024-01-31,1,1,1,1,1,1,1,1
278,0.967606545800082,0.155327791482224,CT,2024-02-01,0,0,1,1,1,1,1,1
279,0.0692408785237994,0.00136830568212134,CT,2024-02-02,1,1,1,1,1,1,1,1
280,NA,NA,CT,2024-02-03,NA,NA,NA,NA,NA,NA,NA,NA
281,0.00113729640729598,0.00103673218945581,CT,2024-02-04,1,1,1,1,1,1,1,1
282,0.00976268660774257,9.0197297784699e-4,CT,2024-02-05,1,1,1,1,1,1,1,1
283,1.14290716213154,0.189815922999288,CT,2024-02-06,0,0,1,1,0,0,1,1
284,0.0118701294320872,6.8213489055025e-4,CT,2024-02-07,1,1,1,1,1,1,1,1
285,1.33933924366394,0.484505545341348,CT,2024-02-08,1,0,1,0,1,0,1,0
286,0.0060079494799187,5.1535518536403e-4,CT,2024-02-09,1,1,1,1,1,1,1,1
287,NA,NA,CT,2024-02-10,NA,NA,NA,NA,NA,NA,NA,NA
288,3.9713945342644e-4,3.8901797722966e-4,CT,2024-02-11,1,1,1,1,1,1,1,1
289,0.00819097155679011,3.37893476503875e-4,CT,2024-02-12,1,1,1,1,1,1,1,1
290,NA,NA,CT,2024-02-13,NA,NA,NA,NA,NA,NA,NA,NA
291,2.1528573070805e-4,2.5479474542115e-4,CT,2024-02-14,1,1,1,1,1,1,1,1
292,3.4023149936445e-4,2.2120908438585e-4,CT,2024-02-15,1,1,1,1,1,1,1,1
293,NA,NA,CT,2024-02-16,NA,NA,NA,NA,NA,NA,NA,NA
294,2.1729391398087e-4,1.66674536463875e-4,CT,2024-02-17,1,1,1,1,1,1,1,1
295,0.225985310853979,0.04068050837655865,DC,2024-01-07,1,1,1,1,0,0,1,1
296,0.366801327872386,0.0363642660794512,DC,2024-01-08,1,1,1,1,0,0,1,1
297,1.02477468761194,0.0324486266526553,DC,2024-01-09,1,0,1,1,0,0,0,0
298,0.959258527844254,0.70209467103723,DC,2024-01-10,0,0,1,1,0,0,1,1
299,NA,NA,DC,2024-01-11,NA,NA,NA,NA,NA,NA,NA,NA
300,NA,NA,DC,2024-01-12,NA,NA,NA,NA,NA,NA,NA,NA
301,0.0425542375713121,0.0202417833188767,DC,2024-01-13,1,1,1,1,1,1,1,1
302,NA,NA,DC,2024-01-14,NA,NA,NA,NA,NA,NA,NA,NA
303,NA,NA,DC,2024-01-15,NA,NA,NA,NA,NA,NA,NA,NA
304,NA,NA,DC,2024-01-16,NA,NA,NA,NA,NA,NA,NA,NA
305,0.0227030490974023,0.0123462728188595,DC,2024-01-17,1,1,1,1,1,1,1,1
306,0.019719892870966,0.01087811695838265,DC,2024-01-18,1,1,1,1,1,1,1,1
307,NA,NA,DC,2024-01-19,NA,NA,NA,NA,NA,NA,NA,NA
308,NA,NA,DC,2024-01-20,NA,NA,NA,NA,NA,NA,NA,NA
309,1.17772465508677,0.841036790016945,DC,2024-01-21,0,0,1,1,0,0,1,1
310,NA,NA,DC,2024-01-22,NA,NA,NA,NA,NA,NA,NA,NA
311,0.0366076067946689,0.0056906134281289,DC,2024-01-23,1,1,1,1,1,1,1,1
312,NA,NA,DC,2024-01-24,NA,NA,NA,NA,NA,NA,NA,NA
313,NA,NA,DC,2024-01-25,NA,NA,NA,NA,NA,NA,NA,NA
314,NA,NA,DC,2024-01-26,NA,NA,NA,NA,NA,NA,NA,NA
315,NA,NA,DC,2024-01-27,NA,NA,NA,NA,NA,NA,NA,NA
316,NA,NA,DC,2024-01-28,NA,NA,NA,NA,NA,NA,NA,NA
317,NA,NA,DC,2024-01-29,NA,NA,NA,NA,NA,NA,NA,NA
318,NA,NA,DC,2024-01-30,NA,NA,NA,NA,NA,NA,NA,NA
319,0.002976763986571,0.001940488352820115,DC,2024-01-31,1,1,1,1,1,1,1,1
320,0.00285502848356911,0.001692111947072685,DC,2024-02-01,1,1,1,1,1,1,1,1
321,0.00244759355823389,0.001474889816544935,DC,2024-02-02,1,1,1,1,1,1,1,1
322,NA,NA,DC,2024-02-03,NA,NA,NA,NA,NA,NA,NA,NA
323,NA,NA,DC,2024-02-04,NA,NA,NA,NA,NA,NA,NA,NA
324,NA,NA,DC,2024-02-05,NA,NA,NA,NA,NA,NA,NA,NA
325,NA,NA,DC,2024-02-06,NA,NA,NA,NA,NA,NA,NA,NA
326,NA,NA,DC,2024-02-07,NA,NA,NA,NA,NA,NA,NA,NA
327,NA,NA,DC,2024-02-08,NA,NA,NA,NA,NA,NA,NA,NA
328,NA,NA,DC,2024-02-09,NA,NA,NA,NA,NA,NA,NA,NA
329,NA,NA,DC,2024-02-10,NA,NA,NA,NA,NA,NA,NA,NA
330,NA,NA,DC,2024-02-11,NA,NA,NA,NA,NA,NA,NA,NA
331,6.3202618480057e-4,3.66686820373425e-4,DC,2024-02-12,1,1,1,1,1,1,1,1
332,NA,NA,DC,2024-02-13,NA,NA,NA,NA,NA,NA,NA,NA
333,NA,NA,DC,2024-02-14,NA,NA,NA,NA,NA,NA,NA,NA
334,NA,NA,DC,2024-02-15,NA,NA,NA,NA,NA,NA,NA,NA
335,NA,NA,DC,2024-02-16,NA,NA,NA,NA,NA,NA,NA,NA
336,NA,NA,DC,2024-02-17,NA,NA,NA,NA,NA,NA,NA,NA
337,0.181881377780679,0.0345638452088274,DE,2024-01-07,1,1,1,1,0,0,1,1
338,1.96586625133716,0.4453445586841815,DE,2024-01-08,0,0,1,1,0,0,1,0
339,0.390482024234563,0.0274258291246204,DE,2024-01-09,1,1,1,1,1,0,1,0
340,1.09770802742899,0.779965978157175,DE,2024-01-10,1,0,1,0,1,0,1,0
341,0.451312866119675,0.166875868383624,DE,2024-01-11,1,1,1,1,1,1,1,1
342,NA,NA,DE,2024-01-12,NA,NA,NA,NA,NA,NA,NA,NA
343,0.170144081598241,0.016952343142691,DE,2024-01-13,1,1,1,1,0,0,1,1
344,0.757209814336973,0.2175400916278875,DE,2024-01-14,1,1,1,0,1,0,1,0
345,0.0180682894227769,0.0132211788628401,DE,2024-01-15,1,1,1,1,1,1,1,1
346,0.287154283318447,0.01165527976422235,DE,2024-01-16,1,1,1,1,0,0,1,1
347,0.0514003965054795,0.0102636431708843,DE,2024-01-17,1,1,1,1,0,0,1,1
348,0.0935552077904471,0.00902888484487975,DE,2024-01-18,1,1,1,1,1,1,1,1
349,NA,NA,DE,2024-01-19,NA,NA,NA,NA,NA,NA,NA,NA
350,NA,NA,DE,2024-01-20,NA,NA,NA,NA,NA,NA,NA,NA
351,0.00811540794360903,0.00611241954853485,DE,2024-01-21,1,1,1,1,1,1,1,1
352,1.24887740466806,0.2242089451809385,DE,2024-01-22,1,0,1,0,0,0,1,0
353,0.0943924730833086,0.004693438469261635,DE,2024-01-23,1,1,1,1,1,1,1,1
354,0.0708331592555522,0.004108321821889595,DE,2024-01-24,1,1,1,1,1,1,1,1
355,0.00506702819237714,0.003593805702842265,DE,2024-01-25,1,1,1,1,1,1,1,1
356,0.0196183333316309,0.00314181571541449,DE,2024-01-26,1,1,1,1,1,1,1,1
357,0.0293482885525402,0.002745117744718295,DE,2024-01-27,1,1,1,1,1,1,1,1
358,NA,NA,DE,2024-01-28,NA,NA,NA,NA,NA,NA,NA,NA
359,0.10424554786410101,0.002092434655899965,DE,2024-01-29,1,1,1,1,0,0,1,1
360,0.107287825196007,0.001825552036918905,DE,2024-01-30,1,1,1,1,1,1,1,1
361,0.0227998666308301,0.001592040301282865,DE,2024-01-31,1,1,1,1,1,1,1,1
362,NA,NA,DE,2024-02-01,NA,NA,NA,NA,NA,NA,NA,NA
363,0.00135371350937393,0.00120942845453271,DE,2024-02-02,1,1,1,1,0,0,1,1
364,0.0128251764264029,0.001053589474855385,DE,2024-02-03,1,1,1,1,1,1,1,1
365,0.0127639651445463,9.17550923711545e-4,DE,2024-02-04,1,1,1,1,1,1,1,1
366,0.00108236835268349,7.98853431428885e-4,DE,2024-02-05,1,1,1,1,1,1,1,1
367,0.0400375470713511,6.95331985218745e-4,DE,2024-02-06,1,1,1,1,1,1,1,1
368,0.0172603378424905,6.05082862646965e-4,DE,2024-02-07,1,1,1,1,1,1,1,1
369,0.0142100856574183,5.26433858214155e-4,DE,2024-02-08,1,1,1,1,1,1,1,1
370,0.00468285622106664,4.5791755888559e-4,DE,2024-02-09,1,1,1,1,1,1,1,1
371,1.33326034832337,0.4859190603408765,DE,2024-02-10,1,0,1,0,1,0,1,0
372,3.0493272890903e-4,3.4629643473787e-4,DE,2024-02-11,1,1,1,1,1,1,1,1
373,NA,NA,DE,2024-02-12,NA,NA,NA,NA,NA,NA,NA,NA
374,0.00817540793873078,2.6172941592132e-4,DE,2024-02-13,1,1,1,1,1,1,1,1
375,1.3156122017917,0.244808499665494,DE,2024-02-14,1,0,1,0,1,0,1,0
376,2.61502047567384,0.3268113686398125,DE,2024-02-15,1,0,1,0,1,0,1,0
377,NA,NA,DE,2024-02-16,NA,NA,NA,NA,NA,NA,NA,NA
378,0.00737508440616216,1.49306938044365e-4,DE,2024-02-17,1,1,1,1,0,0,1,1
379,0.960879011583145,0.244050940438684,FL,2024-01-07,1,1,1,1,0,0,1,0
380,0.958329030059057,0.115630244675658,FL,2024-01-08,1,1,0,1,0,1,0,0
381,0.387343749860816,0.00931198379888565,FL,2024-01-09,1,1,1,1,0,0,1,1
382,1.80757375642652,0.1384328635270915,FL,2024-01-10,1,1,0,1,0,0,0,0
383,0.827709339691447,0.087342508176511,FL,2024-01-11,1,1,1,1,1,0,1,0
384,0.476874076322866,0.063046193729327,FL,2024-01-12,1,1,1,1,1,1,1,1
385,0.112017482432197,0.00539211034162325,FL,2024-01-13,1,1,1,1,1,1,1,1
386,0.055041738090209,0.004693276837450455,FL,2024-01-14,1,1,1,1,1,1,1,1
387,0.512990806779621,0.0480905079812774,FL,2024-01-15,1,1,1,1,0,0,1,1
388,0.839409427516336,0.0660035119509315,FL,2024-01-16,1,1,1,1,1,0,1,0
389,3.32276083597939,0.154866057579636,FL,2024-01-17,0,0,0,1,0,0,0,0
390,1.85486068409607,0.113815658779522,FL,2024-01-18,1,0,0,0,1,0,1,0
391,1.16335591385404,0.0912217197112045,FL,2024-01-19,1,1,0,1,1,0,0,0
392,0.232216338868869,0.00201157736420908,FL,2024-01-20,1,1,1,1,1,1,1,1
393,0.646127155248828,0.0938725525797015,FL,2024-01-21,1,1,1,1,0,0,1,0
394,0.579566108593589,0.059428062730087,FL,2024-01-22,1,1,1,1,0,0,1,1
395,1.40866675403083,0.106889913298297,FL,2024-01-23,1,0,0,0,1,0,0,0
396,2.62958013640401,0.2192631710391985,FL,2024-01-24,1,0,1,0,0,0,1,0
397,0.16972274759363,9.7914182301519e-4,FL,2024-01-25,1,1,1,1,1,1,1,1
398,0.789518455836939,0.05711890608093,FL,2024-01-26,1,1,1,0,1,0,1,0
399,0.011421502902038,7.32303882054985e-4,FL,2024-01-27,1,1,1,1,1,0,1,0
400,NA,NA,FL,2024-01-28,NA,NA,NA,NA,NA,NA,NA,NA
401,0.37719255061827,5.47098827553665e-4,FL,2024-01-29,1,1,1,1,1,1,1,1
402,0.0939679292237973,4.72717434987665e-4,FL,2024-01-30,1,1,1,1,1,1,1,1
403,0.330497444172063,4.08365179361155e-4,FL,2024-01-31,1,1,1,1,1,1,1,1
404,2.08572844617047,0.075456946158221,FL,2024-02-01,1,0,0,1,1,0,0,1
405,2.10735249014205,0.085349138703532,FL,2024-02-02,1,0,0,1,1,0,0,1
406,1.27606799528447,0.1635221331420095,FL,2024-02-03,1,0,0,1,1,0,0,1
407,NA,NA,FL,2024-02-04,NA,NA,NA,NA,NA,NA,NA,NA
408,1.13968025360459,0.121862447524716,FL,2024-02-05,0,0,1,1,0,0,1,1
409,4.81079091431509,0.148359153167918,FL,2024-02-06,0,0,0,0,0,0,0,0
410,1.88635804381537,0.078833147076482,FL,2024-02-07,1,0,0,0,1,0,0,0
411,0.947591056817387,0.0377637205928629,FL,2024-02-08,0,0,1,1,0,0,1,1
412,0.0554469645684202,1.0871349458992e-4,FL,2024-02-09,1,1,1,1,1,1,1,1
413,0.00489017319672022,9.3803443809035e-5,FL,2024-02-10,1,1,1,1,1,1,1,1
414,NA,NA,FL,2024-02-11,NA,NA,NA,NA,NA,NA,NA,NA
415,1.27200107967719,0.123569013607983,FL,2024-02-12,1,0,1,0,1,0,1,0
416,1.13018938867264,0.054997531972613,FL,2024-02-13,1,0,1,0,1,0,1,0
417,0.00937427159913484,5.197143650772e-5,FL,2024-02-14,1,1,1,1,1,1,1,1
418,0.0296473307523161,4.483518656622095e-5,FL,2024-02-15,1,1,1,1,1,1,1,1
419,0.00374219144793685,3.867819128147945e-5,FL,2024-02-16,1,1,1,1,1,1,1,1
420,4.1745610100319e-4,3.33663557227483e-5,FL,2024-02-17,1,1,1,1,1,1,1,1
421,0.0827801705369717,0.04425291754009455,GA,2024-01-07,1,1,1,1,1,1,1,1
422,2.36915501724135,0.359904937101626,GA,2024-01-08,0,0,1,1,0,0,1,1
423,2.8446757765205,0.326391022105599,GA,2024-01-09,0,0,1,1,0,0,1,0
424,1.42338075778079,0.163550951366167,GA,2024-01-10,0,1,1,0,0,0,1,0
425,1.40251227429812,0.152037488333145,GA,2024-01-11,1,1,0,1,0,0,0,1
426,3.7488871677697,0.367120536118502,GA,2024-01-12,1,0,1,0,1,0,1,0
427,0.629304881977586,0.146523403993513,GA,2024-01-13,1,1,1,1,0,0,1,1
428,0.578915441459024,0.101580309227586,GA,2024-01-14,1,1,1,1,0,0,1,1
429,0.621310656307325,0.146576898160027,GA,2024-01-15,1,1,1,1,0,0,1,0
430,0.72222103384337,0.13256096001844,GA,2024-01-16,1,1,1,1,0,0,1,0
431,1.09009154272603,0.134731632328316,GA,2024-01-17,1,1,0,1,0,0,0,1
432,1.79916628364556,0.261905889670326,GA,2024-01-18,1,0,1,0,0,0,1,0
433,0.401129221209577,0.0108754099221385,GA,2024-01-19,1,1,1,1,0,0,1,1
434,0.739702810303736,0.087050922793468,GA,2024-01-20,1,1,1,1,0,0,1,0
435,0.666779803928095,0.116127246739846,GA,2024-01-21,1,1,1,1,1,0,1,0
436,0.460950793853432,0.077170967295434,GA,2024-01-22,1,1,1,1,1,0,1,0
437,1.73961061820248,0.1693316979322085,GA,2024-01-23,0,0,1,1,0,1,0,0
438,0.223181092920555,0.00576838857926245,GA,2024-01-24,1,1,1,1,0,0,1,1
439,0.106991911434123,0.00506896440933755,GA,2024-01-25,1,1,1,1,1,1,1,1
440,0.155236650948668,0.00445123747711113,GA,2024-01-26,1,1,1,1,1,1,1,1
441,0.083311425705433,0.003906233862488545,GA,2024-01-27,1,1,1,1,1,1,1,1
442,0.281040830300914,0.003425862325086035,GA,2024-01-28,1,1,1,1,1,1,1,1
443,0.725838087798825,0.0865311417349725,GA,2024-01-29,1,1,1,0,1,0,1,0
444,0.303925628232826,0.0026306570858253,GA,2024-01-30,1,1,1,1,0,0,1,0
445,0.741923059926002,0.056962200911298,GA,2024-01-31,1,1,1,0,0,0,1,1
446,0.578030211983665,0.002016006525237435,GA,2024-02-01,1,1,1,1,0,0,1,1
447,0.859389460026415,0.1060207815940075,GA,2024-02-02,1,1,1,0,0,0,1,0
448,0.812867128017581,0.080078894778931,GA,2024-02-03,1,1,1,0,1,0,0,1
449,0.0488574866232174,0.00134820620949907,GA,2024-02-04,1,1,1,1,1,1,1,1
450,0.89152432967133,0.0961688623202245,GA,2024-02-05,1,1,1,0,1,0,1,0
451,0.555554882597907,0.001029183924257865,GA,2024-02-06,1,1,1,1,0,0,1,1
452,0.925411062153102,0.0410989846535472,GA,2024-02-07,1,1,0,1,0,0,0,0
453,0.0683327312976679,7.84716652809605e-4,GA,2024-02-08,1,1,1,1,1,1,1,1
454,0.0165723535679961,6.8494080424123e-4,GA,2024-02-09,1,1,1,1,1,1,1,1
455,9.4328044846269e-4,5.97711607952195e-4,GA,2024-02-10,1,1,1,1,1,1,1,1
456,0.0178791011449004,5.21479082881095e-4,GA,2024-02-11,1,1,1,1,1,1,1,1
457,0.103797481170259,4.54879343343685e-4,GA,2024-02-12,1,1,1,1,1,1,1,1
458,1.79477866569152,0.1302680294115175,GA,2024-02-13,1,0,0,0,1,0,0,0
459,2.04646027372508,0.1777612207319245,GA,2024-02-14,1,0,0,0,0,0,0,0
460,0.114364984943501,3.01597388405325e-4,GA,2024-02-15,1,1,1,1,1,1,1,1
461,1.3531312320267,0.969030804099115,GA,2024-02-16,0,0,1,1,0,0,1,1
462,5.0586419252408e-4,2.2915932672884e-4,GA,2024-02-17,1,1,1,1,1,1,1,1
463,NA,NA,HI,2024-01-07,NA,NA,NA,NA,NA,NA,NA,NA
464,NA,NA,HI,2024-01-08,NA,NA,NA,NA,NA,NA,NA,NA
465,0.070665041362534,0.0246768936352458,HI,2024-01-09,1,1,1,1,1,1,1,1
466,NA,NA,HI,2024-01-10,NA,NA,NA,NA,NA,NA,NA,NA
467,NA,NA,HI,2024-01-11,NA,NA,NA,NA,NA,NA,NA,NA
468,0.057048710350622,0.01707472913546905,HI,2024-01-12,1,1,1,1,1,1,1,1
469,NA,NA,HI,2024-01-13,NA,NA,NA,NA,NA,NA,NA,NA
470,NA,NA,HI,2024-01-14,NA,NA,NA,NA,NA,NA,NA,NA
471,NA,NA,HI,2024-01-15,NA,NA,NA,NA,NA,NA,NA,NA
472,NA,NA,HI,2024-01-16,NA,NA,NA,NA,NA,NA,NA,NA
473,NA,NA,HI,2024-01-17,NA,NA,NA,NA,NA,NA,NA,NA
474,NA,NA,HI,2024-01-18,NA,NA,NA,NA,NA,NA,NA,NA
475,NA,NA,HI,2024-01-19,NA,NA,NA,NA,NA,NA,NA,NA
476,NA,NA,HI,2024-01-20,NA,NA,NA,NA,NA,NA,NA,NA
477,NA,NA,HI,2024-01-21,NA,NA,NA,NA,NA,NA,NA,NA
478,NA,NA,HI,2024-01-22,NA,NA,NA,NA,NA,NA,NA,NA
479,NA,NA,HI,2024-01-23,NA,NA,NA,NA,NA,NA,NA,NA
480,NA,NA,HI,2024-01-24,NA,NA,NA,NA,NA,NA,NA,NA
481,NA,NA,HI,2024-01-25,NA,NA,NA,NA,NA,NA,NA,NA
482,NA,NA,HI,2024-01-26,NA,NA,NA,NA,NA,NA,NA,NA
483,NA,NA,HI,2024-01-27,NA,NA,NA,NA,NA,NA,NA,NA
484,NA,NA,HI,2024-01-28,NA,NA,NA,NA,NA,NA,NA,NA
485,NA,NA,HI,2024-01-29,NA,NA,NA,NA,NA,NA,NA,NA
486,NA,NA,HI,2024-01-30,NA,NA,NA,NA,NA,NA,NA,NA
487,0.00569670677879598,0.00133889746185152,HI,2024-01-31,1,1,1,1,1,1,1,1
488,NA,NA,HI,2024-02-01,NA,NA,NA,NA,NA,NA,NA,NA
489,NA,NA,HI,2024-02-02,NA,NA,NA,NA,NA,NA,NA,NA
490,NA,NA,HI,2024-02-03,NA,NA,NA,NA,NA,NA,NA,NA
491,NA,NA,HI,2024-02-04,NA,NA,NA,NA,NA,NA,NA,NA
492,NA,NA,HI,2024-02-05,NA,NA,NA,NA,NA,NA,NA,NA
493,NA,NA,HI,2024-02-06,NA,NA,NA,NA,NA,NA,NA,NA
494,NA,NA,HI,2024-02-07,NA,NA,NA,NA,NA,NA,NA,NA
495,NA,NA,HI,2024-02-08,NA,NA,NA,NA,NA,NA,NA,NA
496,NA,NA,HI,2024-02-09,NA,NA,NA,NA,NA,NA,NA,NA
497,NA,NA,HI,2024-02-10,NA,NA,NA,NA,NA,NA,NA,NA
498,NA,NA,HI,2024-02-11,NA,NA,NA,NA,NA,NA,NA,NA
499,NA,NA,HI,2024-02-12,NA,NA,NA,NA,NA,NA,NA,NA
500,NA,NA,HI,2024-02-13,NA,NA,NA,NA,NA,NA,NA,NA
501,NA,NA,HI,2024-02-14,NA,NA,NA,NA,NA,NA,NA,NA
502,NA,NA,HI,2024-02-15,NA,NA,NA,NA,NA,NA,NA,NA
503,NA,NA,HI,2024-02-16,NA,NA,NA,NA,NA,NA,NA,NA
504,NA,NA,HI,2024-02-17,NA,NA,NA,NA,NA,NA,NA,NA
505,1.94090187812699,0.226564426590488,IA,2024-01-07,1,0,1,0,0,0,0,0
506,0.770475735002596,0.2128627249592235,IA,2024-01-08,1,1,1,1,0,0,1,1
507,0.0187271998028279,0.0127027742504275,IA,2024-01-09,1,1,1,1,0,0,1,1
508,1.22852657982989,0.1301412200852775,IA,2024-01-10,1,1,1,0,0,1,1,0
509,0.453604532108084,0.1005550311185825,IA,2024-01-11,1,1,1,1,0,0,1,1
510,0.0151268949223594,0.00857320864103415,IA,2024-01-12,1,1,1,1,1,1,1,1
511,1.14642555151845,0.455420109463124,IA,2024-01-13,1,0,0,1,1,0,0,1
512,0.386752806081137,0.00656257532118425,IA,2024-01-14,1,1,1,1,1,1,1,1
513,0.0772631122276358,0.0057339079790542,IA,2024-01-15,1,1,1,1,1,1,1,1
514,0.0585385193265103,0.0050057317310621,IA,2024-01-16,1,1,1,1,1,1,1,1
515,1.02426745093285,0.3033244626181795,IA,2024-01-17,1,0,1,0,1,0,1,0
516,0.0830559194797009,0.003806404774323655,IA,2024-01-18,1,1,1,1,1,1,1,1
517,0.0392089958751511,0.003315803998197715,IA,2024-01-19,1,1,1,1,0,0,1,1
518,0.0404769874464636,0.00288662176316206,IA,2024-01-20,1,1,1,1,1,1,1,1
519,0.0162852549500631,0.00251152194433395,IA,2024-01-21,1,1,1,1,1,1,1,1
520,3.42810112864854,0.3933033238814775,IA,2024-01-22,0,0,1,1,0,0,1,1
521,2.86344309735467,0.3499523727093365,IA,2024-01-23,0,0,0,1,0,0,0,1
522,1.38136234059274,0.17086944458401,IA,2024-01-24,1,0,1,0,0,0,1,0
523,0.733207719846572,0.1046603591011885,IA,2024-01-25,0,1,1,1,1,1,1,1
524,0.00637960418356281,0.001242951886267665,IA,2024-01-26,1,1,1,1,1,1,1,1
525,NA,NA,IA,2024-01-27,NA,NA,NA,NA,NA,NA,NA,NA
526,0.0915681276948034,9.3548123127789e-4,IA,2024-01-28,1,1,1,1,1,1,1,1
527,0.0417054851065267,8.11173981911305e-4,IA,2024-01-29,1,1,1,1,1,0,0,1
528,1.18944682105431,0.240618402617947,IA,2024-01-30,1,0,1,0,1,0,1,0
529,0.0013056585323416,6.09401391213505e-4,IA,2024-01-31,1,1,1,1,1,1,1,1
530,0.00871026374741428,5.27999672535485e-4,IA,2024-02-01,1,1,1,1,1,1,1,1
531,1.13088504866611,0.1386942672224045,IA,2024-02-02,1,0,1,0,1,1,1,1
532,0.00268386906222988,3.96104380046905e-4,IA,2024-02-03,1,1,1,1,1,1,1,1
533,6.3732948564448e-4,3.42982146898e-4,IA,2024-02-04,1,1,1,1,1,1,1,1
534,1.07679659087436,0.088850934147235,IA,2024-02-05,1,0,1,0,1,0,1,0
535,1.12149001349406,0.1618668478115055,IA,2024-02-06,0,0,1,1,0,0,1,1
536,0.00826568659213665,2.2245298234961e-4,IA,2024-02-07,1,1,1,1,1,1,1,1
537,0.00922281360999672,1.92504938131725e-4,IA,2024-02-08,1,1,1,1,1,1,1,1
538,0.00959107644016385,1.66569572284675e-4,IA,2024-02-09,1,1,1,1,1,1,1,1
539,0.00462751281763346,1.4411351462945e-4,IA,2024-02-10,1,1,1,1,1,0,1,0
540,1.21969714288724,0.1093923972888105,IA,2024-02-11,1,0,1,0,1,0,1,0
541,0.0191853727243214,1.0784676627366e-4,IA,2024-02-12,1,1,1,1,0,0,1,1
542,0.0130193241442468,9.328439613279e-5,IA,2024-02-13,1,1,1,1,1,1,1,1
543,0.00692288116986642,8.068320911906e-5,IA,2024-02-14,1,1,1,1,1,1,1,1
544,2.27041467474569,0.2472665611760635,IA,2024-02-15,1,0,0,0,1,0,0,0
545,5.8075924281261e-4,6.0347907615185e-5,IA,2024-02-16,1,1,1,1,1,1,1,1
546,1.37928463048913,0.49474737551956,IA,2024-02-17,1,0,1,0,1,0,1,0
547,NA,NA,ID,2024-01-07,NA,NA,NA,NA,NA,NA,NA,NA
548,NA,NA,ID,2024-01-08,NA,NA,NA,NA,NA,NA,NA,NA
549,0.0379322906675594,0.095852600584611,ID,2024-01-09,1,1,1,1,1,1,1,1
550,NA,NA,ID,2024-01-10,NA,NA,NA,NA,NA,NA,NA,NA
551,NA,NA,ID,2024-01-11,NA,NA,NA,NA,NA,NA,NA,NA
552,NA,NA,ID,2024-01-12,NA,NA,NA,NA,NA,NA,NA,NA
553,NA,NA,ID,2024-01-13,NA,NA,NA,NA,NA,NA,NA,NA
554,NA,NA,ID,2024-01-14,NA,NA,NA,NA,NA,NA,NA,NA
555,NA,NA,ID,2024-01-15,NA,NA,NA,NA,NA,NA,NA,NA
556,NA,NA,ID,2024-01-16,NA,NA,NA,NA,NA,NA,NA,NA
557,NA,NA,ID,2024-01-17,NA,NA,NA,NA,NA,NA,NA,NA
558,NA,NA,ID,2024-01-18,NA,NA,NA,NA,NA,NA,NA,NA
559,NA,NA,ID,2024-01-19,NA,NA,NA,NA,NA,NA,NA,NA
560,NA,NA,ID,2024-01-20,NA,NA,NA,NA,NA,NA,NA,NA
561,NA,NA,ID,2024-01-21,NA,NA,NA,NA,NA,NA,NA,NA
562,NA,NA,ID,2024-01-22,NA,NA,NA,NA,NA,NA,NA,NA
563,NA,NA,ID,2024-01-23,NA,NA,NA,NA,NA,NA,NA,NA
564,NA,NA,ID,2024-01-24,NA,NA,NA,NA,NA,NA,NA,NA
565,NA,NA,ID,2024-01-25,NA,NA,NA,NA,NA,NA,NA,NA
566,NA,NA,ID,2024-01-26,NA,NA,NA,NA,NA,NA,NA,NA
567,NA,NA,ID,2024-01-27,NA,NA,NA,NA,NA,NA,NA,NA
568,NA,NA,ID,2024-01-28,NA,NA,NA,NA,NA,NA,NA,NA
569,NA,NA,ID,2024-01-29,NA,NA,NA,NA,NA,NA,NA,NA
570,NA,NA,ID,2024-01-30,NA,NA,NA,NA,NA,NA,NA,NA
571,NA,NA,ID,2024-01-31,NA,NA,NA,NA,NA,NA,NA,NA
572,NA,NA,ID,2024-02-01,NA,NA,NA,NA,NA,NA,NA,NA
573,NA,NA,ID,2024-02-02,NA,NA,NA,NA,NA,NA,NA,NA
574,NA,NA,ID,2024-02-03,NA,NA,NA,NA,NA,NA,NA,NA
575,NA,NA,ID,2024-02-04,NA,NA,NA,NA,NA,NA,NA,NA
576,NA,NA,ID,2024-02-05,NA,NA,NA,NA,NA,NA,NA,NA
577,NA,NA,ID,2024-02-06,NA,NA,NA,NA,NA,NA,NA,NA
578,NA,NA,ID,2024-02-07,NA,NA,NA,NA,NA,NA,NA,NA
579,NA,NA,ID,2024-02-08,NA,NA,NA,NA,NA,NA,NA,NA
580,NA,NA,ID,2024-02-09,NA,NA,NA,NA,NA,NA,NA,NA
581,NA,NA,ID,2024-02-10,NA,NA,NA,NA,NA,NA,NA,NA
582,NA,NA,ID,2024-02-11,NA,NA,NA,NA,NA,NA,NA,NA
583,NA,NA,ID,2024-02-12,NA,NA,NA,NA,NA,NA,NA,NA
584,NA,NA,ID,2024-02-13,NA,NA,NA,NA,NA,NA,NA,NA
585,NA,NA,ID,2024-02-14,NA,NA,NA,NA,NA,NA,NA,NA
586,NA,NA,ID,2024-02-15,NA,NA,NA,NA,NA,NA,NA,NA
587,NA,NA,ID,2024-02-16,NA,NA,NA,NA,NA,NA,NA,NA
588,NA,NA,ID,2024-02-17,NA,NA,NA,NA,NA,NA,NA,NA
589,2.08252690985828,0.076891038528401,IL,2024-01-07,1,0,1,1,0,0,1,0
590,1.95737179201492,0.1994842492617015,IL,2024-01-08,1,1,0,1,0,0,0,0
591,1.45020667676431,0.264078623963937,IL,2024-01-09,1,0,1,0,0,0,1,1
592,1.98798690481468,0.0763055495338875,IL,2024-01-10,0,0,1,1,0,1,1,0
593,3.80954986332959,0.2299048397731225,IL,2024-01-11,1,0,0,0,1,0,1,0
594,3.06816785319673,0.2775678451233825,IL,2024-01-12,0,0,1,1,1,0,1,0
595,3.29633547621946,0.3230163153980105,IL,2024-01-13,0,0,1,0,0,0,1,0
596,1.01145329030831,0.27499246975215,IL,2024-01-14,1,0,1,0,1,0,1,0
597,1.69117942996534,0.306025027501459,IL,2024-01-15,0,0,1,1,0,1,1,0
598,3.8763148988215,0.311285764173089,IL,2024-01-16,1,0,0,0,0,0,0,0
599,1.00822612899984,0.0689393105646775,IL,2024-01-17,1,1,1,1,1,0,1,0
600,3.58200060409099,0.380673603621324,IL,2024-01-18,0,0,1,0,0,0,1,0
601,0.416251380386706,0.083512222370108,IL,2024-01-19,1,1,1,1,1,1,1,1
602,0.756217841516788,0.212761249005175,IL,2024-01-20,0,1,1,1,0,0,1,1
603,1.32127158523334,0.290618181300144,IL,2024-01-21,1,0,1,0,0,0,1,0
604,0.933645221300885,0.1094143172276535,IL,2024-01-22,1,1,0,1,0,0,0,0
605,1.39500504328901,0.09082171359495,IL,2024-01-23,1,1,1,0,0,0,1,0
606,0.669541333923442,0.072913807025818,IL,2024-01-24,1,1,1,1,1,0,1,0
607,0.505118544551568,0.00511976033347505,IL,2024-01-25,1,1,1,1,0,0,1,1
608,0.884981914535143,0.0497727865787894,IL,2024-01-26,1,1,1,1,0,0,1,0
609,0.8092834909617,0.1052064595451175,IL,2024-01-27,1,1,1,0,1,0,1,0
610,0.809894439552476,0.0868430924662365,IL,2024-01-28,1,1,1,0,0,1,1,0
611,0.758256043228868,0.057330962998377,IL,2024-01-29,1,1,1,0,0,0,1,0
612,1.79675081540635,0.1482433738770545,IL,2024-01-30,1,0,0,0,0,0,0,0
613,0.327731716874274,0.00241860793488287,IL,2024-01-31,1,1,1,1,0,0,1,1
614,0.748078199745913,0.0489141801689412,IL,2024-02-01,1,1,1,0,0,0,0,0
615,1.98513365475273,0.120600741598942,IL,2024-02-02,1,0,0,1,1,1,0,0
616,2.76123119082242,0.4041742555381275,IL,2024-02-03,0,0,0,0,0,0,0,0
617,0.174465794032619,0.001453932493036805,IL,2024-02-04,1,1,1,1,1,1,1,1
618,0.758920547182699,0.001279120569446895,IL,2024-02-05,1,1,1,1,1,1,1,1
619,2.66054465479389,0.0828771452858515,IL,2024-02-06,1,0,1,0,1,0,1,0
620,1.70014752570912,0.1595276247768745,IL,2024-02-07,0,0,0,1,0,1,0,1
621,2.10464189721298,0.1208121432202675,IL,2024-02-08,1,0,1,0,0,0,1,0
622,1.5633403874399,0.0779715723900035,IL,2024-02-09,1,0,0,0,0,0,0,0
623,0.065955512377332,6.7136711494795e-4,IL,2024-02-10,1,1,1,1,1,1,1,1
624,1.17443785628509,0.1617393444261065,IL,2024-02-11,1,0,1,0,1,0,1,0
625,0.0529428220856341,5.1795758406083e-4,IL,2024-02-12,1,1,1,1,1,1,1,1
626,0.0706836756299177,4.54822767566845e-4,IL,2024-02-13,1,1,1,1,1,1,1,1
627,0.115487901438125,3.9931795812561e-4,IL,2024-02-14,1,1,1,1,0,0,1,1
628,3.00575244801824,0.154444427345872,IL,2024-02-15,1,0,0,0,0,0,0,0
629,3.12147806497895,0.1941653860222305,IL,2024-02-16,0,0,1,0,0,0,1,0
630,0.0354673714146451,2.70006662914445e-4,IL,2024-02-17,1,1,1,1,1,1,1,1
631,0.855021852451181,0.63568054115654,IN,2024-01-07,0,1,1,1,1,1,1,1
632,0.617967417160137,0.348656462910585,IN,2024-01-08,1,1,1,1,0,0,1,1
633,0.953336352967926,0.72316967679188,IN,2024-01-09,1,1,1,0,1,0,1,0
634,0.212185233731204,0.0359867640836551,IN,2024-01-10,1,1,1,1,0,0,1,1
635,1.90929304846457,0.699670574865735,IN,2024-01-11,0,0,1,1,0,0,1,1
636,NA,NA,IN,2024-01-12,NA,NA,NA,NA,NA,NA,NA,NA
637,0.153830084160969,0.02526983296039245,IN,2024-01-13,1,1,1,1,1,1,1,1
638,0.138047375833709,0.02238804786789825,IN,2024-01-14,1,1,1,1,0,0,1,1
639,0.119676714197471,0.0198054318077016,IN,2024-01-15,1,1,1,1,1,1,1,1
640,NA,NA,IN,2024-01-16,NA,NA,NA,NA,NA,NA,NA,NA
641,NA,NA,IN,2024-01-17,NA,NA,NA,NA,NA,NA,NA,NA
642,NA,NA,IN,2024-01-18,NA,NA,NA,NA,NA,NA,NA,NA
643,NA,NA,IN,2024-01-19,NA,NA,NA,NA,NA,NA,NA,NA
644,NA,NA,IN,2024-01-20,NA,NA,NA,NA,NA,NA,NA,NA
645,NA,NA,IN,2024-01-21,NA,NA,NA,NA,NA,NA,NA,NA
646,0.017555863280058,0.00810554481393665,IN,2024-01-22,1,1,1,1,1,1,1,1
647,NA,NA,IN,2024-01-23,NA,NA,NA,NA,NA,NA,NA,NA
648,1.05536327887284,0.3088102710274085,IN,2024-01-24,1,1,0,1,1,0,0,1
649,0.0107912838445666,0.0054433482599204,IN,2024-01-25,1,1,1,1,1,1,1,1
650,1.24719976310607,0.90049958704827,IN,2024-01-26,1,0,1,0,0,1,1,0
651,NA,NA,IN,2024-01-27,NA,NA,NA,NA,NA,NA,NA,NA
652,NA,NA,IN,2024-01-28,NA,NA,NA,NA,NA,NA,NA,NA
653,0.0194516654395262,0.00316786334347294,IN,2024-01-29,1,1,1,1,1,1,1,1
654,NA,NA,IN,2024-01-30,NA,NA,NA,NA,NA,NA,NA,NA
655,0.0414154796000239,0.00240791243991794,IN,2024-01-31,1,1,1,1,1,1,1,1
656,0.0169690939086553,0.00209771668458387,IN,2024-02-01,1,1,1,1,1,1,1,1
657,NA,NA,IN,2024-02-02,NA,NA,NA,NA,NA,NA,NA,NA
658,NA,NA,IN,2024-02-03,NA,NA,NA,NA,NA,NA,NA,NA
659,0.00266702293328339,0.00138333637362239,IN,2024-02-04,1,1,1,1,1,1,1,1
660,NA,NA,IN,2024-02-05,NA,NA,NA,NA,NA,NA,NA,NA
661,1.32427687715124,0.953547703584515,IN,2024-02-06,1,0,1,0,1,0,1,0
662,0.0198881836179804,9.09257695514115e-4,IN,2024-02-07,1,1,1,1,1,0,1,0
663,0.00725643799173734,7.9009579236229e-4,IN,2024-02-08,1,1,1,1,1,1,1,1
664,1.13178661783827,0.2381483023450145,IN,2024-02-09,0,0,1,1,0,0,1,1
665,NA,NA,IN,2024-02-10,NA,NA,NA,NA,NA,NA,NA,NA
666,NA,NA,IN,2024-02-11,NA,NA,NA,NA,NA,NA,NA,NA
667,9.6235818951828e-4,4.4938101110466e-4,IN,2024-02-12,1,1,1,1,1,1,1,1
668,1.35951950338928,0.97190719376269,IN,2024-02-13,1,0,1,0,1,0,1,0
669,NA,NA,IN,2024-02-14,NA,NA,NA,NA,NA,NA,NA,NA
670,NA,NA,IN,2024-02-15,NA,NA,NA,NA,NA,NA,NA,NA
671,NA,NA,IN,2024-02-16,NA,NA,NA,NA,NA,NA,NA,NA
672,NA,NA,IN,2024-02-17,NA,NA,NA,NA,NA,NA,NA,NA
673,NA,NA,KS,2024-01-07,NA,NA,NA,NA,NA,NA,NA,NA
674,0.0471461324338301,0.02677262848022625,KS,2024-01-08,1,1,1,1,1,1,1,1
675,NA,NA,KS,2024-01-09,NA,NA,NA,NA,NA,NA,NA,NA
676,0.77352880160097,0.3886741190856685,KS,2024-01-10,1,1,1,0,0,1,1,0
677,0.814902374757128,0.394562980134946,KS,2024-01-11,1,1,1,0,1,1,1,1
678,NA,NA,KS,2024-01-12,NA,NA,NA,NA,NA,NA,NA,NA
679,NA,NA,KS,2024-01-13,NA,NA,NA,NA,NA,NA,NA,NA
680,0.0250035078681438,0.01219068071600125,KS,2024-01-14,1,1,1,1,1,1,1,1
681,NA,NA,KS,2024-01-15,NA,NA,NA,NA,NA,NA,NA,NA
682,NA,NA,KS,2024-01-16,NA,NA,NA,NA,NA,NA,NA,NA
683,1.02990073499539,0.4355074413437895,KS,2024-01-17,0,0,1,1,0,1,1,0
684,NA,NA,KS,2024-01-18,NA,NA,NA,NA,NA,NA,NA,NA
685,NA,NA,KS,2024-01-19,NA,NA,NA,NA,NA,NA,NA,NA
686,NA,NA,KS,2024-01-20,NA,NA,NA,NA,NA,NA,NA,NA
687,NA,NA,KS,2024-01-21,NA,NA,NA,NA,NA,NA,NA,NA
688,0.0516857546046878,0.003975425494897675,KS,2024-01-22,1,1,1,1,0,0,1,1
689,0.00635754048951152,0.003441518780708245,KS,2024-01-23,1,1,1,1,0,0,1,1
690,0.00568747196346091,0.002977157273408305,KS,2024-01-24,1,1,1,1,1,1,1,1
691,0.00556152210404151,0.00257371636387548,KS,2024-01-25,1,1,1,1,1,1,1,1
692,NA,NA,KS,2024-01-26,NA,NA,NA,NA,NA,NA,NA,NA
693,NA,NA,KS,2024-01-27,NA,NA,NA,NA,NA,NA,NA,NA
694,NA,NA,KS,2024-01-28,NA,NA,NA,NA,NA,NA,NA,NA
695,0.0364167142343115,0.00142912474525054,KS,2024-01-29,1,1,1,1,1,1,1,1
696,0.0119813947668787,0.001232129303031845,KS,2024-01-30,1,1,1,1,1,1,1,1
697,1.17204122560941,0.3147784002760585,KS,2024-01-31,1,0,1,0,1,0,1,0
698,0.0158653440330821,9.14725556920485e-4,KS,2024-02-01,1,1,1,1,1,1,1,1
699,0.00650170229274721,7.8771157946536e-4,KS,2024-02-02,1,1,1,1,1,1,1,1
700,NA,NA,KS,2024-02-03,NA,NA,NA,NA,NA,NA,NA,NA
701,NA,NA,KS,2024-02-04,NA,NA,NA,NA,NA,NA,NA,NA
702,0.00378737168050852,5.0209184630181e-4,KS,2024-02-05,1,1,1,1,1,1,1,1
703,NA,NA,KS,2024-02-06,NA,NA,NA,NA,NA,NA,NA,NA
704,NA,NA,KS,2024-02-07,NA,NA,NA,NA,NA,NA,NA,NA
705,1.35902595699738,0.968257832662805,KS,2024-02-08,1,0,1,0,1,1,1,1
706,5.4462778640924e-4,2.74474713119065e-4,KS,2024-02-09,1,1,1,1,1,1,1,1
707,NA,NA,KS,2024-02-10,NA,NA,NA,NA,NA,NA,NA,NA
708,NA,NA,KS,2024-02-11,NA,NA,NA,NA,NA,NA,NA,NA
709,NA,NA,KS,2024-02-12,NA,NA,NA,NA,NA,NA,NA,NA
710,NA,NA,KS,2024-02-13,NA,NA,NA,NA,NA,NA,NA,NA
711,NA,NA,KS,2024-02-14,NA,NA,NA,NA,NA,NA,NA,NA
712,NA,NA,KS,2024-02-15,NA,NA,NA,NA,NA,NA,NA,NA
713,NA,NA,KS,2024-02-16,NA,NA,NA,NA,NA,NA,NA,NA
714,NA,NA,KS,2024-02-17,NA,NA,NA,NA,NA,NA,NA,NA
715,NA,NA,KY,2024-01-07,NA,NA,NA,NA,NA,NA,NA,NA
716,0.673745042314053,0.36766699332064,KY,2024-01-08,1,1,1,0,1,0,1,0
717,NA,NA,KY,2024-01-09,NA,NA,NA,NA,NA,NA,NA,NA
718,0.0498341564337408,0.03070002257109205,KY,2024-01-10,1,1,1,1,1,1,1,1
719,0.284265999371907,0.02722275054162865,KY,2024-01-11,1,1,1,1,1,1,1,1
720,0.043543819366699,0.02409853801438755,KY,2024-01-12,1,1,1,1,1,1,1,1
721,0.127745362292802,0.0212985574316782,KY,2024-01-13,1,1,1,1,1,1,1,1
722,NA,NA,KY,2024-01-14,NA,NA,NA,NA,NA,NA,NA,NA
723,NA,NA,KY,2024-01-15,NA,NA,NA,NA,NA,NA,NA,NA
724,0.30280327748172,0.01457401854686745,KY,2024-01-16,1,1,1,1,1,0,1,0
725,1.85540793463675,0.4139603426309175,KY,2024-01-17,0,0,1,1,0,0,1,1
726,0.0201743928232364,0.0112423461030169,KY,2024-01-18,1,1,1,1,1,1,1,1
727,0.0608035289398709,0.0098566257946964,KY,2024-01-19,1,1,1,1,1,1,1,1
728,NA,NA,KY,2024-01-20,NA,NA,NA,NA,NA,NA,NA,NA
729,NA,NA,KY,2024-01-21,NA,NA,NA,NA,NA,NA,NA,NA
730,0.00925595703519139,0.00660122046460825,KY,2024-01-22,1,1,1,1,1,1,1,1
731,0.84046322648019,0.2223221123765415,KY,2024-01-23,0,1,1,1,0,0,1,1
732,0.0799241849895986,0.00502991543287515,KY,2024-01-24,1,1,1,1,1,1,1,1
733,0.982692676500865,0.300426357874103,KY,2024-01-25,1,0,1,0,1,0,1,0
734,NA,NA,KY,2024-01-26,NA,NA,NA,NA,NA,NA,NA,NA
735,NA,NA,KY,2024-01-27,NA,NA,NA,NA,NA,NA,NA,NA
736,NA,NA,KY,2024-01-28,NA,NA,NA,NA,NA,NA,NA,NA
737,0.00460438236817187,0.002516616017298615,KY,2024-01-29,1,1,1,1,1,1,1,1
738,0.0287704202914536,0.00218714360655623,KY,2024-01-30,1,1,1,1,1,1,1,1
739,0.00307813481333279,0.001899839593877315,KY,2024-01-31,1,1,1,1,1,1,1,1
740,0.0101399912164581,0.00164949970113668,KY,2024-02-01,1,1,1,1,1,1,1,1
741,0.00246744911594307,0.00143152407491349,KY,2024-02-02,1,1,1,1,1,1,1,1
742,NA,NA,KY,2024-02-03,NA,NA,NA,NA,NA,NA,NA,NA
743,NA,NA,KY,2024-02-04,NA,NA,NA,NA,NA,NA,NA,NA
744,0.0026910362789225,9.33567182787645e-4,KY,2024-02-05,1,1,1,1,1,1,1,1
745,0.001522952446727,8.09046122155725e-4,KY,2024-02-06,1,1,1,1,1,1,1,1
746,1.1137779649992,0.19195468378566,KY,2024-02-07,1,0,1,0,1,0,1,0
747,NA,NA,KY,2024-02-08,NA,NA,NA,NA,NA,NA,NA,NA
748,9.7910247815286e-4,5.25715918248905e-4,KY,2024-02-09,1,1,1,1,1,1,1,1
749,0.00115395584337687,4.55136611710285e-4,KY,2024-02-10,1,1,1,1,1,1,1,1
750,NA,NA,KY,2024-02-11,NA,NA,NA,NA,NA,NA,NA,NA
751,NA,NA,KY,2024-02-12,NA,NA,NA,NA,NA,NA,NA,NA
752,NA,NA,KY,2024-02-13,NA,NA,NA,NA,NA,NA,NA,NA
753,5.578082568959e-4,2.55224855239555e-4,KY,2024-02-14,1,1,1,1,1,1,1,1
754,1.37289331092515,0.97328757281231,KY,2024-02-15,0,0,1,1,0,0,1,1
755,NA,NA,KY,2024-02-16,NA,NA,NA,NA,NA,NA,NA,NA
756,NA,NA,KY,2024-02-17,NA,NA,NA,NA,NA,NA,NA,NA
757,1.37934712129882,0.286323844225385,LA,2024-01-07,1,1,1,0,1,0,1,0
758,2.06558402290953,0.322998642359684,LA,2024-01-08,1,0,1,0,0,0,1,0
759,1.24798871517664,0.309955663482336,LA,2024-01-09,1,1,1,1,0,0,1,1
760,0.729128622164394,0.196017780082296,LA,2024-01-10,1,1,1,1,1,0,1,0
761,2.67476149891354,0.288022091003543,LA,2024-01-11,1,1,1,0,0,1,1,0
762,2.18508315666077,0.2515090320525515,LA,2024-01-12,0,1,1,1,0,0,1,1
763,0.524849868935035,0.2059997346231915,LA,2024-01-13,1,1,1,1,0,0,1,0
764,2.37651507991248,0.2890949904091795,LA,2024-01-14,1,1,1,0,1,0,1,0
765,0.667107340494038,0.351877118183963,LA,2024-01-15,1,1,1,0,1,0,1,0
766,0.566238356094777,0.04793984547040775,LA,2024-01-16,1,1,1,1,0,0,1,0
767,0.562320451584546,0.1500785896909695,LA,2024-01-17,1,1,1,1,0,0,1,1
768,1.36890686614622,0.1798247363892395,LA,2024-01-18,1,1,1,0,1,0,1,0
769,2.04557882245727,0.3058056926310585,LA,2024-01-19,1,0,1,0,0,1,1,0
770,1.09079550560448,0.37879180800779,LA,2024-01-20,1,0,1,1,0,0,1,0
771,1.49634919845222,0.2949363580493765,LA,2024-01-21,1,0,1,0,0,0,0,0
772,2.6595775178256,0.2492460896466305,LA,2024-01-22,1,0,1,0,0,0,1,0
773,0.592671381133128,0.170673817082693,LA,2024-01-23,1,1,1,1,1,0,1,0
774,3.22147934043319,0.3108387228073685,LA,2024-01-24,0,0,1,1,0,0,1,0
775,0.968349648474613,0.1716384414151475,LA,2024-01-25,1,1,1,1,0,1,1,0
776,0.588893199195181,0.0151973602036545,LA,2024-01-26,1,1,1,1,0,0,1,1
777,0.551764160392589,0.1137234979911095,LA,2024-01-27,1,1,1,1,0,1,1,0
778,0.577675026247844,0.0933268885645725,LA,2024-01-28,1,1,1,1,0,0,1,1
779,0.833592977986018,0.05907897272062,LA,2024-01-29,1,1,1,1,0,0,1,0
780,0.179739585321282,0.00925340920337745,LA,2024-01-30,1,1,1,1,0,0,1,1
781,0.541872228564652,0.0081539430050808,LA,2024-01-31,1,1,1,1,0,0,1,1
782,0.196202441043139,0.00717887337682305,LA,2024-02-01,1,1,1,1,1,1,1,1
783,0.521471736127233,0.0844059959693615,LA,2024-02-02,1,1,1,1,0,0,1,1
784,0.56447812136426,0.0778500074811755,LA,2024-02-03,1,1,1,1,0,0,1,1
785,0.296818934840912,0.00487624286597747,LA,2024-02-04,1,1,1,1,1,1,1,1
786,0.717104343001094,0.097636820641205,LA,2024-02-05,1,1,1,1,0,0,1,0
787,0.715533103180477,0.103486134726799,LA,2024-02-06,1,1,1,0,0,0,0,0
788,0.597867496926994,0.0564862750150665,LA,2024-02-07,1,1,1,1,1,1,1,1
789,0.549553424967163,0.05309495198473,LA,2024-02-08,1,1,1,1,1,1,1,1
790,2.28307392678755,0.165637641877222,LA,2024-02-09,1,0,0,0,1,0,0,0
791,0.122495051669072,0.002211970752487885,LA,2024-02-10,1,1,1,1,0,0,1,1
792,0.100486390655632,0.001935577790348605,LA,2024-02-11,1,1,1,1,1,1,1,1
793,2.01138987914297,0.128512309508073,LA,2024-02-12,1,0,1,0,1,0,1,0
794,0.282920988306644,0.001480343877965155,LA,2024-02-13,1,1,1,1,1,1,1,1
795,0.0669096473078631,0.001293924495787925,LA,2024-02-14,1,1,1,1,1,1,1,1
796,1.60158147164389,0.126730138696941,LA,2024-02-15,0,0,1,0,0,0,1,0
797,0.0581894732478206,9.8764471729893e-4,LA,2024-02-16,1,1,1,1,1,1,1,1
798,0.0104939424345232,8.62516829183375e-4,LA,2024-02-17,1,1,1,1,1,1,1,1
799,0.10134359225306,0.0178337124280613,MA,2024-01-07,1,1,1,1,0,0,1,1
800,1.14891105310764,0.246668196539942,MA,2024-01-08,1,1,0,1,0,0,0,1
801,1.09100266176052,0.208698073119796,MA,2024-01-09,0,1,1,1,1,0,1,0
802,0.594649051599858,0.01203150898843025,MA,2024-01-10,1,1,1,1,1,0,1,0
803,0.455828318324313,0.01052475429163955,MA,2024-01-11,1,1,1,1,0,0,1,1
804,0.24604340902938,0.00919582838942135,MA,2024-01-12,1,1,1,1,0,0,1,1
805,0.0138161452273256,0.00802578465945015,MA,2024-01-13,1,1,1,1,1,1,1,1
806,0.0130419764415668,0.00699731446400375,MA,2024-01-14,1,1,1,1,1,1,1,1
807,0.0696127664248406,0.00609467788216605,MA,2024-01-15,1,1,1,1,1,1,1,1
808,0.0290545526721684,0.00530362197394175,MA,2024-01-16,1,1,1,1,1,1,1,1
809,0.489177648116127,0.11356626496684,MA,2024-01-17,1,1,1,1,0,1,0,1
810,0.560925804373512,0.1140398084214645,MA,2024-01-18,1,1,1,1,1,1,1,1
811,0.650189550241591,0.1303865893738945,MA,2024-01-19,1,1,1,1,0,0,1,1
812,0.00502898584813889,0.003017026992936775,MA,2024-01-20,1,1,1,1,1,1,1,1
813,NA,NA,MA,2024-01-21,NA,NA,NA,NA,NA,NA,NA,NA
814,0.0778162505261657,0.002266241478842815,MA,2024-01-22,1,1,1,1,1,1,1,1
815,0.766180041428447,0.132805232366736,MA,2024-01-23,0,1,1,1,0,1,1,0
816,1.00557820371279,0.2321249168053125,MA,2024-01-24,0,0,1,1,0,0,1,1
817,0.0780763406848505,0.00146930523634759,MA,2024-01-25,1,1,1,1,1,1,1,1
818,0.0218841601569429,0.0012704902791286,MA,2024-01-26,1,1,1,1,1,1,1,1
819,0.0184769735006441,0.001098122717329025,MA,2024-01-27,1,1,1,1,1,1,1,1
820,0.00176669215440824,9.4877699334473e-4,MA,2024-01-28,1,1,1,1,1,0,1,0
821,0.0576568160136102,8.19452573110475e-4,MA,2024-01-29,1,1,1,1,1,1,1,1
822,1.24815198141279,0.2428460413743335,MA,2024-01-30,1,0,0,1,1,0,0,1
823,0.00303763324555011,6.1070158904183e-4,MA,2024-01-31,1,1,1,1,1,1,1,1
824,0.0227584967335218,5.2698230215563e-4,MA,2024-02-01,1,1,1,1,1,1,1,1
825,0.00395352058024068,4.5462400861266e-4,MA,2024-02-02,1,1,1,1,1,1,1,1
826,NA,NA,MA,2024-02-03,NA,NA,NA,NA,NA,NA,NA,NA
827,4.6661976604218e-4,3.38118197411255e-4,MA,2024-02-04,1,1,1,1,1,1,1,1
828,0.0102572959318967,2.91504063265195e-4,MA,2024-02-05,1,1,1,1,1,1,1,1
829,0.0376210615175816,2.5127111188045e-4,MA,2024-02-06,1,1,1,1,1,0,1,0
830,0.00289439391530805,2.1655547688598e-4,MA,2024-02-07,1,1,1,1,1,1,1,1
831,0.00445668178488166,1.86608211511425e-4,MA,2024-02-08,1,1,1,1,1,1,1,1
832,0.00917157214633907,1.60780420562735e-4,MA,2024-02-09,1,1,1,1,1,1,1,1
833,2.8773589184783e-4,1.38510229629495e-4,MA,2024-02-10,1,1,1,1,1,1,1,1
834,0.00534262106893416,1.19311382328505e-4,MA,2024-02-11,1,1,1,1,1,1,1,1
835,0.0102727989461373,1.02763276459295e-4,MA,2024-02-12,1,1,1,1,1,1,1,1
836,0.00462837621974986,8.8502268921395e-5,MA,2024-02-13,1,1,1,1,1,1,1,1
837,0.00465613674830292,7.621409696999e-5,MA,2024-02-14,1,1,1,1,0,0,1,1
838,9.6839036858491e-4,6.5627279786835e-5,MA,2024-02-15,1,1,1,1,1,1,1,1
839,8.3433456096744e-4,5.650737939119e-5,MA,2024-02-16,1,1,1,1,1,1,1,1
840,NA,NA,MA,2024-02-17,NA,NA,NA,NA,NA,NA,NA,NA
841,0.638414693138724,0.356880713577705,MD,2024-01-07,1,1,1,1,0,0,1,1
842,0.674990348968142,0.1764023376364575,MD,2024-01-08,1,1,1,1,0,0,1,0
843,0.59941307828583,0.02973843346373555,MD,2024-01-09,1,1,1,1,0,0,1,1
844,0.401533193090435,0.1425714577728595,MD,2024-01-10,1,1,1,1,1,1,1,1
845,0.21673569130679,0.02323336065509885,MD,2024-01-11,1,1,1,1,1,1,1,1
846,0.190751965129204,0.02048373428555785,MD,2024-01-12,1,1,1,1,0,0,1,1
847,0.101054445525942,0.0180310600194644,MD,2024-01-13,1,1,1,1,1,1,1,1
848,0.689485729918693,0.2707645974664475,MD,2024-01-14,1,1,1,1,0,0,1,1
849,0.070495060771127993,0.01391013182734895,MD,2024-01-15,1,1,1,1,1,1,1,1
850,0.0190396985748156,0.012192626449013,MD,2024-01-16,1,1,1,1,1,1,1,1
851,0.795422259279035,0.2795480121888365,MD,2024-01-17,0,1,1,1,0,0,1,1
852,3.9450295676821,0.318840228853052,MD,2024-01-18,1,0,1,0,1,0,1,0
853,0.0467691014169616,0.00815130467937415,MD,2024-01-19,1,1,1,1,1,1,1,1
854,1.49080380083484,0.2972252283633255,MD,2024-01-20,1,0,0,1,0,0,0,1
855,0.0647439060061176,0.0061987962751938,MD,2024-01-21,1,1,1,1,1,1,1,1
856,0.548239760961343,0.1131630900558895,MD,2024-01-22,1,1,1,1,0,0,1,1
857,0.0641479304036867,0.004696495820807685,MD,2024-01-23,1,1,1,1,1,1,1,1
858,0.225356668691615,0.00408286590193033,MD,2024-01-24,1,1,1,1,1,1,1,1
859,0.577092312535811,0.0923535889543035,MD,2024-01-25,1,1,1,1,1,0,1,0
860,0.132061417904667,0.003078779945527245,MD,2024-01-26,1,1,1,1,1,0,1,0
861,0.00357995435224205,0.00267081386644179,MD,2024-01-27,1,1,1,1,1,1,1,1
862,0.00329827129576811,0.002315477543838005,MD,2024-01-28,1,1,1,1,1,1,1,1
863,1.00904577065089,0.1573249749413495,MD,2024-01-29,1,1,1,0,1,0,1,0
864,0.055279513143082,0.00173741417386403,MD,2024-01-30,1,1,1,1,0,0,1,1
865,0.00773500721704221,0.001503844973931345,MD,2024-01-31,1,1,1,1,1,1,1,1
866,1.08787387119122,0.1903750629871535,MD,2024-02-01,1,0,1,0,1,0,1,0
867,1.16496509383986,0.161040053721217,MD,2024-02-02,1,0,0,1,1,0,0,1
868,0.00668672312012684,9.72653633518195e-4,MD,2024-02-03,1,1,1,1,1,1,1,1
869,0.00503806572722214,8.4050585546331e-4,MD,2024-02-04,1,1,1,1,1,1,1,1
870,0.059393951477733,7.26065813407885e-4,MD,2024-02-05,1,1,1,1,1,1,1,1
871,1.23182359729346,0.318185030429891,MD,2024-02-06,0,0,1,1,0,0,1,1
872,1.13859318918102,0.1220193404537155,MD,2024-02-07,1,0,0,1,1,0,0,1
873,0.00929224140272716,4.67204063363565e-4,MD,2024-02-08,1,1,1,1,1,1,1,1
874,0.00966204157859249,4.0314183185301e-4,MD,2024-02-09,1,1,1,1,1,1,1,1
875,5.3390804750642e-4,3.47785198787195e-4,MD,2024-02-10,1,1,1,1,1,1,1,1
876,NA,NA,MD,2024-02-11,NA,NA,NA,NA,NA,NA,NA,NA
877,0.00861705377062684,2.58675285671505e-4,MD,2024-02-12,1,1,1,1,1,1,1,1
878,4.0777433953e-4,2.2302829856537e-4,MD,2024-02-13,1,1,1,1,1,1,1,1
879,0.00527987078490798,1.92263077573545e-4,MD,2024-02-14,1,1,1,1,1,1,1,1
880,5.9447794491373e-4,1.6571764077149e-4,MD,2024-02-15,1,1,1,1,1,1,1,1
881,8.0559820396405e-4,1.42818400122035e-4,MD,2024-02-16,1,1,1,1,1,1,1,1
882,7.9081067289002e-4,1.2306864133078e-4,MD,2024-02-17,1,1,1,1,1,1,1,1
883,NA,NA,ME,2024-01-07,NA,NA,NA,NA,NA,NA,NA,NA
884,0.387794849345009,0.30655837665627,ME,2024-01-08,1,1,1,1,1,0,1,0
885,NA,NA,ME,2024-01-09,NA,NA,NA,NA,NA,NA,NA,NA
886,NA,NA,ME,2024-01-10,NA,NA,NA,NA,NA,NA,NA,NA
887,NA,NA,ME,2024-01-11,NA,NA,NA,NA,NA,NA,NA,NA
888,NA,NA,ME,2024-01-12,NA,NA,NA,NA,NA,NA,NA,NA
889,NA,NA,ME,2024-01-13,NA,NA,NA,NA,NA,NA,NA,NA
890,NA,NA,ME,2024-01-14,NA,NA,NA,NA,NA,NA,NA,NA
891,NA,NA,ME,2024-01-15,NA,NA,NA,NA,NA,NA,NA,NA
892,NA,NA,ME,2024-01-16,NA,NA,NA,NA,NA,NA,NA,NA
893,1.123085311968,0.825729825211795,ME,2024-01-17,1,0,0,1,1,0,0,1
894,NA,NA,ME,2024-01-18,NA,NA,NA,NA,NA,NA,NA,NA
895,NA,NA,ME,2024-01-19,NA,NA,NA,NA,NA,NA,NA,NA
896,NA,NA,ME,2024-01-20,NA,NA,NA,NA,NA,NA,NA,NA
897,NA,NA,ME,2024-01-21,NA,NA,NA,NA,NA,NA,NA,NA
898,NA,NA,ME,2024-01-22,NA,NA,NA,NA,NA,NA,NA,NA
899,NA,NA,ME,2024-01-23,NA,NA,NA,NA,NA,NA,NA,NA
900,NA,NA,ME,2024-01-24,NA,NA,NA,NA,NA,NA,NA,NA
901,NA,NA,ME,2024-01-25,NA,NA,NA,NA,NA,NA,NA,NA
902,NA,NA,ME,2024-01-26,NA,NA,NA,NA,NA,NA,NA,NA
903,NA,NA,ME,2024-01-27,NA,NA,NA,NA,NA,NA,NA,NA
904,NA,NA,ME,2024-01-28,NA,NA,NA,NA,NA,NA,NA,NA
905,NA,NA,ME,2024-01-29,NA,NA,NA,NA,NA,NA,NA,NA
906,NA,NA,ME,2024-01-30,NA,NA,NA,NA,NA,NA,NA,NA
907,NA,NA,ME,2024-01-31,NA,NA,NA,NA,NA,NA,NA,NA
908,NA,NA,ME,2024-02-01,NA,NA,NA,NA,NA,NA,NA,NA
909,NA,NA,ME,2024-02-02,NA,NA,NA,NA,NA,NA,NA,NA
910,NA,NA,ME,2024-02-03,NA,NA,NA,NA,NA,NA,NA,NA
911,NA,NA,ME,2024-02-04,NA,NA,NA,NA,NA,NA,NA,NA
912,NA,NA,ME,2024-02-05,NA,NA,NA,NA,NA,NA,NA,NA
913,NA,NA,ME,2024-02-06,NA,NA,NA,NA,NA,NA,NA,NA
914,NA,NA,ME,2024-02-07,NA,NA,NA,NA,NA,NA,NA,NA
915,NA,NA,ME,2024-02-08,NA,NA,NA,NA,NA,NA,NA,NA
916,NA,NA,ME,2024-02-09,NA,NA,NA,NA,NA,NA,NA,NA
917,NA,NA,ME,2024-02-10,NA,NA,NA,NA,NA,NA,NA,NA
918,NA,NA,ME,2024-02-11,NA,NA,NA,NA,NA,NA,NA,NA
919,NA,NA,ME,2024-02-12,NA,NA,NA,NA,NA,NA,NA,NA
920,NA,NA,ME,2024-02-13,NA,NA,NA,NA,NA,NA,NA,NA
921,NA,NA,ME,2024-02-14,NA,NA,NA,NA,NA,NA,NA,NA
922,NA,NA,ME,2024-02-15,NA,NA,NA,NA,NA,NA,NA,NA
923,NA,NA,ME,2024-02-16,NA,NA,NA,NA,NA,NA,NA,NA
924,NA,NA,ME,2024-02-17,NA,NA,NA,NA,NA,NA,NA,NA
925,1.35382566127115,0.1462725649412855,MI,2024-01-07,0,0,1,1,0,0,0,1
926,4.18219165858884,0.275468389295851,MI,2024-01-08,1,1,0,0,0,0,1,0
927,2.03346357567809,0.243031340022148,MI,2024-01-09,1,1,1,1,0,0,1,0
928,4.0213824725262,0.1907073973186865,MI,2024-01-10,0,1,1,0,0,0,0,0
929,1.84309236074541,0.192814070559788,MI,2024-01-11,1,1,1,1,0,1,1,0
930,2.35653058575084,0.2209142463894285,MI,2024-01-12,1,1,0,0,1,0,0,0
931,1.39746524892341,0.22923408780408,MI,2024-01-13,1,1,1,0,1,0,1,0
932,0.960837671229182,0.113887775508526,MI,2024-01-14,1,1,1,1,0,0,1,0
933,2.42396298123372,0.124283518541067,MI,2024-01-15,0,0,1,1,0,0,0,0
934,2.49000476369296,0.148990088011745,MI,2024-01-16,0,1,0,1,0,0,0,0
935,1.50785244301636,0.164721787288091,MI,2024-01-17,1,1,0,1,0,1,0,0
936,2.76617337979638,0.210420711297243,MI,2024-01-18,1,0,0,0,1,0,1,0
937,1.98537267377967,0.2239800307168795,MI,2024-01-19,0,0,1,1,0,0,1,0
938,0.95261922028483,0.273147786471504,MI,2024-01-20,1,1,1,1,0,0,1,1
939,2.07534032487921,0.28268910832529,MI,2024-01-21,1,0,0,0,0,0,0,0
940,4.71847017384924,0.223017045938905,MI,2024-01-22,1,0,0,0,0,0,0,0
941,0.595194788265667,0.1023426886193125,MI,2024-01-23,1,1,1,1,0,0,1,0
942,1.65034489936965,0.101862710282197,MI,2024-01-24,0,1,0,1,0,0,0,0
943,1.3569677187069,0.130606013324138,MI,2024-01-25,1,1,0,1,0,0,0,1
944,0.631283277624238,0.0850868394426385,MI,2024-01-26,1,1,1,1,0,1,1,0
945,0.487575088837902,0.0776144001767355,MI,2024-01-27,1,1,1,1,0,1,1,0
946,0.0118022202655791,0.0069925453928127,MI,2024-01-28,1,1,1,1,0,0,1,1
947,3.25574251386171,0.162043172173929,MI,2024-01-29,0,0,0,1,0,0,0,0
948,0.678781083862155,0.0429793580035867,MI,2024-01-30,1,1,1,1,0,0,1,1
949,0.994273964178153,0.0828070182043565,MI,2024-01-31,1,1,1,1,0,0,1,0
950,1.55974771040577,0.1095612680721795,MI,2024-02-01,1,0,0,1,0,0,0,0
951,1.75443605514772,0.1456270916001835,MI,2024-02-02,1,0,1,0,0,0,1,0
952,0.335057488175571,0.003173503378307895,MI,2024-02-03,1,1,1,1,0,0,1,1
953,0.927438101265992,0.080935059625799,MI,2024-02-04,1,1,0,1,1,0,0,1
954,3.2473532533535,0.1148151233721945,MI,2024-02-05,1,0,1,0,0,0,0,0
955,7.47447719982182,0.178498516214417,MI,2024-02-06,1,0,1,0,1,0,1,0
956,3.40821657336783,0.1054598693539525,MI,2024-02-07,1,0,1,0,0,0,1,0
957,3.19609913960066,0.0867996288565215,MI,2024-02-08,1,0,1,0,1,0,1,0
958,4.02308259111885,0.143689054988632,MI,2024-02-09,1,0,1,0,0,0,1,0
959,1.58874447657298,0.1458402403926265,MI,2024-02-10,0,0,1,0,0,0,1,0
960,1.02330745677573,0.188866090108257,MI,2024-02-11,0,0,1,1,0,0,1,1
961,0.704691848613963,0.026675804258147,MI,2024-02-12,1,1,1,1,1,0,1,0
962,3.85164220174276,0.104129843766222,MI,2024-02-13,1,0,1,0,0,0,1,0
963,4.47102753812298,0.1234021827948685,MI,2024-02-14,1,0,1,0,0,0,1,0
964,3.20873066913405,0.138021487093021,MI,2024-02-15,1,0,0,0,0,0,0,0
965,0.701710309755211,0.03497191628549895,MI,2024-02-16,1,1,1,0,1,0,0,1
966,0.851038091388147,0.0604357950921125,MI,2024-02-17,0,1,1,1,0,0,1,0
967,1.15642784908837,0.1766741771042965,MN,2024-01-07,1,1,1,1,1,0,0,0
968,3.18167885561564,0.1730616775635975,MN,2024-01-08,0,1,1,0,0,1,1,0
969,6.88690739079109,0.2713227487947435,MN,2024-01-09,0,0,1,0,0,0,0,0
970,1.91735102977724,0.203470646957653,MN,2024-01-10,1,1,1,1,0,0,0,1
971,3.38090075030624,0.1925026955378865,MN,2024-01-11,0,1,1,0,0,1,0,0
972,4.76313113504428,0.250872193023868,MN,2024-01-12,0,0,1,0,0,0,0,0
973,2.64074034559898,0.2136035618277055,MN,2024-01-13,0,1,0,0,1,0,0,0
974,0.778640685441354,0.146108155763774,MN,2024-01-14,1,1,1,1,0,1,1,0
975,5.48601133134292,0.2997220279720305,MN,2024-01-15,0,0,1,0,0,0,1,1
976,7.04528598586127,0.1942120558298,MN,2024-01-16,1,0,1,0,0,0,0,0
977,4.46588120286323,0.2325526605118435,MN,2024-01-17,1,0,1,0,0,0,1,0
978,1.00089984454352,0.1345580641418535,MN,2024-01-18,1,1,1,0,0,1,1,0
979,0.611014753400003,0.092657465680748,MN,2024-01-19,1,1,1,1,1,1,1,1
980,0.551718963571026,0.0852145166709515,MN,2024-01-20,1,1,1,1,0,0,1,0
981,1.02820744530571,0.124222715846283,MN,2024-01-21,1,1,1,1,0,0,1,0
982,3.00169053619049,0.169316178086114,MN,2024-01-22,1,0,1,0,0,0,0,0
983,4.801576778526,0.21070948931443,MN,2024-01-23,1,0,1,0,0,0,0,0
984,1.09911976507957,0.078538421082258,MN,2024-01-24,1,1,1,0,1,0,0,0
985,2.19598874217236,0.1473447933661125,MN,2024-01-25,1,0,1,0,0,0,1,0
986,3.60613886481974,0.242317461774602,MN,2024-01-26,1,0,0,0,0,0,1,0
987,1.10492662573436,0.132798008815022,MN,2024-01-27,1,0,1,1,0,0,1,0
988,0.248052271655228,0.002370880496106005,MN,2024-01-28,1,1,1,1,1,1,1,1
989,4.68006869853302,0.207877333213644,MN,2024-01-29,1,0,0,0,0,0,0,0
990,2.520933421736,0.105136447223736,MN,2024-01-30,1,0,1,0,0,0,1,0
991,0.684878528653887,0.0565486600298755,MN,2024-01-31,1,1,1,0,0,1,1,0
992,1.70532997521822,0.0951661736135675,MN,2024-02-01,1,0,1,0,0,1,1,0
993,3.26444535508526,0.1895577448300455,MN,2024-02-02,0,0,1,0,0,0,1,0
994,0.113884066748921,9.96181933881525e-4,MN,2024-02-03,1,1,1,1,1,1,1,1
995,0.887799274893134,0.106209270831681,MN,2024-02-04,0,1,1,1,0,0,1,1
996,3.39820400413259,0.136834297333126,MN,2024-02-05,0,0,1,0,0,0,1,0
997,8.45117408132291,0.2745664354701725,MN,2024-02-06,1,0,0,0,0,0,0,0
998,2.44613954619798,0.107573729210712,MN,2024-02-07,1,0,0,0,0,0,0,0
999,2.28925638538806,0.088276911893455,MN,2024-02-08,1,0,0,0,0,0,0,0
1000,0.301438819743581,4.14024537516875e-4,MN,2024-02-09,1,1,1,1,0,0,1,1
1001,0.89364698823861,0.0573651074999865,MN,2024-02-10,1,1,1,0,1,0,1,0
1002,1.10293214706872,0.108236932676166,MN,2024-02-11,1,0,1,0,1,0,1,0
1003,1.66335014202529,0.092864766126607,MN,2024-02-12,0,0,1,0,0,0,1,0
1004,2.84700787732094,0.1333621947455805,MN,2024-02-13,1,0,0,0,1,0,0,0
1005,0.0108400642712058,1.9836108853625e-4,MN,2024-02-14,1,1,1,1,1,1,1,1
1006,3.75186159014467,0.226042264277199,MN,2024-02-15,1,0,1,0,1,0,1,0
1007,1.14887997987159,0.081840136503761,MN,2024-02-16,1,0,1,0,1,0,1,0
1008,1.18865569582547,0.140134299579051,MN,2024-02-17,0,0,1,1,0,0,1,1
1009,NA,NA,MO,2024-01-07,NA,NA,NA,NA,NA,NA,NA,NA
1010,0.111358400200396,0.082029945890233,MO,2024-01-08,1,1,1,1,1,0,1,0
1011,NA,NA,MO,2024-01-09,NA,NA,NA,NA,NA,NA,NA,NA
1012,NA,NA,MO,2024-01-10,NA,NA,NA,NA,NA,NA,NA,NA
1013,0.623909562433488,0.3643946757152695,MO,2024-01-11,1,1,1,1,0,1,1,0
1014,0.686688009551568,0.368680782778857,MO,2024-01-12,1,1,1,0,0,1,1,0
1015,NA,NA,MO,2024-01-13,NA,NA,NA,NA,NA,NA,NA,NA
1016,0.0542700918269578,0.04471534597692995,MO,2024-01-14,1,1,1,1,1,1,1,1
1017,NA,NA,MO,2024-01-15,NA,NA,NA,NA,NA,NA,NA,NA
1018,0.148619054876463,0.03599340878518505,MO,2024-01-16,1,1,1,1,1,0,1,0
1019,NA,NA,MO,2024-01-17,NA,NA,NA,NA,NA,NA,NA,NA
1020,0.0417607789084348,0.0287878580303905,MO,2024-01-18,1,1,1,1,0,0,1,1
1021,NA,NA,MO,2024-01-19,NA,NA,NA,NA,NA,NA,NA,NA
1022,NA,NA,MO,2024-01-20,NA,NA,NA,NA,NA,NA,NA,NA
1023,0.0958643655481105,0.02037145677788665,MO,2024-01-21,1,1,1,1,1,1,1,1
1024,0.190694752073008,0.01810657798192565,MO,2024-01-22,1,1,1,1,1,0,1,0
1025,0.158057318207014,0.0160745079829366,MO,2024-01-23,1,1,1,1,1,1,1,1
1026,0.138452164912636,0.01425456826446525,MO,2024-01-24,1,1,1,1,1,1,1,1
1027,NA,NA,MO,2024-01-25,NA,NA,NA,NA,NA,NA,NA,NA
1028,NA,NA,MO,2024-01-26,NA,NA,NA,NA,NA,NA,NA,NA
1029,NA,NA,MO,2024-01-27,NA,NA,NA,NA,NA,NA,NA,NA
1030,NA,NA,MO,2024-01-28,NA,NA,NA,NA,NA,NA,NA,NA
1031,0.0102820255413272,0.0077033986807321,MO,2024-01-29,1,1,1,1,1,1,1,1
1032,0.03354788351865,0.0067940431692189,MO,2024-01-30,1,1,1,1,1,1,1,1
1033,1.23201877448575,0.860190932063585,MO,2024-01-31,0,0,1,1,0,0,1,1
1034,1.01509767968636,0.301958041625455,MO,2024-02-01,1,0,1,0,1,0,1,0
1035,0.00529037493877617,0.004641548821971735,MO,2024-02-02,1,1,1,1,1,1,1,1
1036,NA,NA,MO,2024-02-03,NA,NA,NA,NA,NA,NA,NA,NA
1037,NA,NA,MO,2024-02-04,NA,NA,NA,NA,NA,NA,NA,NA
1038,NA,NA,MO,2024-02-05,NA,NA,NA,NA,NA,NA,NA,NA
1039,NA,NA,MO,2024-02-06,NA,NA,NA,NA,NA,NA,NA,NA
1040,1.2729424255216,0.472664275885928,MO,2024-02-07,1,0,0,1,1,0,0,1
1041,0.00844669275225472,0.00213442213010095,MO,2024-02-08,1,1,1,1,1,1,1,1
1042,0.0150779709783024,0.001872408381763545,MO,2024-02-09,1,1,1,1,0,0,1,1
1043,1.22210159175124,0.4631140601250865,MO,2024-02-10,0,0,1,1,0,0,1,1
1044,NA,NA,MO,2024-02-11,NA,NA,NA,NA,NA,NA,NA,NA
1045,0.00118079761684575,0.00126158401047158,MO,2024-02-12,1,1,1,1,1,1,1,1
1046,NA,NA,MO,2024-02-13,NA,NA,NA,NA,NA,NA,NA,NA
1047,1.34872372232383,0.95534774173792,MO,2024-02-14,1,0,1,0,1,0,1,0
1048,9.7764583821265e-4,8.4800121695279e-4,MO,2024-02-15,1,1,1,1,1,1,1,1
1049,0.00101017275017281,7.4251568113225e-4,MO,2024-02-16,1,1,1,1,1,1,1,1
1050,NA,NA,MO,2024-02-17,NA,NA,NA,NA,NA,NA,NA,NA
1051,NA,NA,MS,2024-01-07,NA,NA,NA,NA,NA,NA,NA,NA
1052,1.2996294338791,0.171063653780114,MS,2024-01-08,0,0,1,1,0,0,1,1
1053,0.449839840382653,0.2345598991639385,MS,2024-01-09,1,1,1,1,1,1,1,1
1054,1.15673810916465,0.3062431242789555,MS,2024-01-10,0,1,1,1,0,0,1,0
1055,0.576473769501355,0.2711722993558885,MS,2024-01-11,1,1,1,1,1,0,1,0
1056,0.858797785322251,0.3420437481648035,MS,2024-01-12,1,1,1,1,1,1,1,1
1057,NA,NA,MS,2024-01-13,NA,NA,NA,NA,NA,NA,NA,NA
1058,NA,NA,MS,2024-01-14,NA,NA,NA,NA,NA,NA,NA,NA
1059,NA,NA,MS,2024-01-15,NA,NA,NA,NA,NA,NA,NA,NA
1060,NA,NA,MS,2024-01-16,NA,NA,NA,NA,NA,NA,NA,NA
1061,0.140631774469454,0.04541339915050545,MS,2024-01-17,1,1,1,1,1,1,1,1
1062,0.0366892676584621,0.04080024444312755,MS,2024-01-18,1,1,1,1,1,1,1,1
1063,0.113871124066515,0.0365915791095409,MS,2024-01-19,1,1,1,1,1,1,1,1
1064,NA,NA,MS,2024-01-20,NA,NA,NA,NA,NA,NA,NA,NA
1065,NA,NA,MS,2024-01-21,NA,NA,NA,NA,NA,NA,NA,NA
1066,0.713629139267098,0.256512754670653,MS,2024-01-22,0,1,1,1,0,1,1,0
1067,0.1497333468038,0.0232935735961787,MS,2024-01-23,1,1,1,1,1,1,1,1
1068,NA,NA,MS,2024-01-24,NA,NA,NA,NA,NA,NA,NA,NA
1069,0.0163550545466368,0.0184230327400163,MS,2024-01-25,1,1,1,1,1,1,1,1
1070,0.108263709429927,0.01635209294632055,MS,2024-01-26,1,1,1,1,1,1,1,1
1071,NA,NA,MS,2024-01-27,NA,NA,NA,NA,NA,NA,NA,NA
1072,NA,NA,MS,2024-01-28,NA,NA,NA,NA,NA,NA,NA,NA
1073,1.53634040813707,0.3397126343760205,MS,2024-01-29,1,0,1,0,0,0,1,0
1074,0.75010246679019,0.171501792978443,MS,2024-01-30,0,1,1,1,1,1,1,1
1075,0.0523638421840806,0.00885555725584835,MS,2024-01-31,1,1,1,1,1,1,1,1
1076,NA,NA,MS,2024-02-01,NA,NA,NA,NA,NA,NA,NA,NA
1077,1.03250241198034,0.300824443490859,MS,2024-02-02,1,0,1,0,1,0,1,0
1078,NA,NA,MS,2024-02-03,NA,NA,NA,NA,NA,NA,NA,NA
1079,NA,NA,MS,2024-02-04,NA,NA,NA,NA,NA,NA,NA,NA
1080,0.02037609941724,0.004685500332967365,MS,2024-02-05,1,1,1,1,1,1,1,1
1081,1.0044489145711,0.186030051499059,MS,2024-02-06,1,0,1,0,1,0,1,0
1082,0.119745365305163,0.003613737180618585,MS,2024-02-07,1,1,1,1,1,1,1,1
1083,0.0103335285250998,0.0031707219651549,MS,2024-02-08,1,1,1,1,1,1,1,1
1084,0.0995561243038975,0.002780460058877255,MS,2024-02-09,1,1,1,1,0,0,1,1
1085,NA,NA,MS,2024-02-10,NA,NA,NA,NA,NA,NA,NA,NA
1086,NA,NA,MS,2024-02-11,NA,NA,NA,NA,NA,NA,NA,NA
1087,0.0471815027878753,0.00186934337565924,MS,2024-02-12,1,1,1,1,1,1,1,1
1088,0.00156444547264278,0.001636163378950965,MS,2024-02-13,1,1,1,1,1,1,1,1
1089,NA,NA,MS,2024-02-14,NA,NA,NA,NA,NA,NA,NA,NA
1090,0.00352650055143237,0.001251987553152285,MS,2024-02-15,1,1,1,1,1,1,1,1
1091,0.00378829858660468,0.001094609591295045,MS,2024-02-16,1,1,1,1,1,1,1,1
1092,NA,NA,MS,2024-02-17,NA,NA,NA,NA,NA,NA,NA,NA
1093,NA,NA,MT,2024-01-07,NA,NA,NA,NA,NA,NA,NA,NA
1094,NA,NA,MT,2024-01-08,NA,NA,NA,NA,NA,NA,NA,NA
1095,NA,NA,MT,2024-01-09,NA,NA,NA,NA,NA,NA,NA,NA
1096,NA,NA,MT,2024-01-10,NA,NA,NA,NA,NA,NA,NA,NA
1097,NA,NA,MT,2024-01-11,NA,NA,NA,NA,NA,NA,NA,NA
1098,NA,NA,MT,2024-01-12,NA,NA,NA,NA,NA,NA,NA,NA
1099,NA,NA,MT,2024-01-13,NA,NA,NA,NA,NA,NA,NA,NA
1100,NA,NA,MT,2024-01-14,NA,NA,NA,NA,NA,NA,NA,NA
1101,NA,NA,MT,2024-01-15,NA,NA,NA,NA,NA,NA,NA,NA
1102,NA,NA,MT,2024-01-16,NA,NA,NA,NA,NA,NA,NA,NA
1103,NA,NA,MT,2024-01-17,NA,NA,NA,NA,NA,NA,NA,NA
1104,NA,NA,MT,2024-01-18,NA,NA,NA,NA,NA,NA,NA,NA
1105,NA,NA,MT,2024-01-19,NA,NA,NA,NA,NA,NA,NA,NA
1106,NA,NA,MT,2024-01-20,NA,NA,NA,NA,NA,NA,NA,NA
1107,NA,NA,MT,2024-01-21,NA,NA,NA,NA,NA,NA,NA,NA
1108,NA,NA,MT,2024-01-22,NA,NA,NA,NA,NA,NA,NA,NA
1109,NA,NA,MT,2024-01-23,NA,NA,NA,NA,NA,NA,NA,NA
1110,NA,NA,MT,2024-01-24,NA,NA,NA,NA,NA,NA,NA,NA
1111,NA,NA,MT,2024-01-25,NA,NA,NA,NA,NA,NA,NA,NA
1112,NA,NA,MT,2024-01-26,NA,NA,NA,NA,NA,NA,NA,NA
1113,NA,NA,MT,2024-01-27,NA,NA,NA,NA,NA,NA,NA,NA
1114,NA,NA,MT,2024-01-28,NA,NA,NA,NA,NA,NA,NA,NA
1115,0.00673531935758605,0.001256930810256005,MT,2024-01-29,1,1,1,1,1,1,1,1
1116,NA,NA,MT,2024-01-30,NA,NA,NA,NA,NA,NA,NA,NA
1117,NA,NA,MT,2024-01-31,NA,NA,NA,NA,NA,NA,NA,NA
1118,NA,NA,MT,2024-02-01,NA,NA,NA,NA,NA,NA,NA,NA
1119,NA,NA,MT,2024-02-02,NA,NA,NA,NA,NA,NA,NA,NA
1120,NA,NA,MT,2024-02-03,NA,NA,NA,NA,NA,NA,NA,NA
1121,NA,NA,MT,2024-02-04,NA,NA,NA,NA,NA,NA,NA,NA
1122,NA,NA,MT,2024-02-05,NA,NA,NA,NA,NA,NA,NA,NA
1123,NA,NA,MT,2024-02-06,NA,NA,NA,NA,NA,NA,NA,NA
1124,NA,NA,MT,2024-02-07,NA,NA,NA,NA,NA,NA,NA,NA
1125,0.00171729367470849,2.9082480030304e-4,MT,2024-02-08,1,1,1,1,1,1,1,1
1126,NA,NA,MT,2024-02-09,NA,NA,NA,NA,NA,NA,NA,NA
1127,NA,NA,MT,2024-02-10,NA,NA,NA,NA,NA,NA,NA,NA
1128,NA,NA,MT,2024-02-11,NA,NA,NA,NA,NA,NA,NA,NA
1129,NA,NA,MT,2024-02-12,NA,NA,NA,NA,NA,NA,NA,NA
1130,NA,NA,MT,2024-02-13,NA,NA,NA,NA,NA,NA,NA,NA
1131,NA,NA,MT,2024-02-14,NA,NA,NA,NA,NA,NA,NA,NA
1132,NA,NA,MT,2024-02-15,NA,NA,NA,NA,NA,NA,NA,NA
1133,NA,NA,MT,2024-02-16,NA,NA,NA,NA,NA,NA,NA,NA
1134,NA,NA,MT,2024-02-17,NA,NA,NA,NA,NA,NA,NA,NA
1135,NA,NA,NC,2024-01-07,NA,NA,NA,NA,NA,NA,NA,NA
1136,1.13298473414694,0.225757092001916,NC,2024-01-08,1,1,0,1,0,0,0,0
1137,1.06852716084986,0.077784230110086,NC,2024-01-09,1,0,1,1,1,0,1,0
1138,0.763941184848215,0.070573866879048,NC,2024-01-10,1,1,1,1,1,0,1,0
1139,0.909606557346762,0.3027462540706975,NC,2024-01-11,1,1,1,1,0,0,1,1
1140,0.614860877537568,0.178574803615271,NC,2024-01-12,1,1,1,1,1,1,0,0
1141,0.994168757312496,0.676861433167105,NC,2024-01-13,1,1,1,0,1,0,1,0
1142,NA,NA,NC,2024-01-14,NA,NA,NA,NA,NA,NA,NA,NA
1143,0.599534085290648,0.1748421621608835,NC,2024-01-15,1,1,1,1,0,0,1,1
1144,0.640497754938329,0.03773756049058,NC,2024-01-16,1,1,1,1,1,1,1,1
1145,1.64913950465524,0.383679911797618,NC,2024-01-17,1,0,1,0,1,0,1,0
1146,0.556256771989482,0.170303823486241,NC,2024-01-18,1,1,1,1,0,0,1,1
1147,1.70074659135028,0.193910677724061,NC,2024-01-19,1,1,0,1,0,1,0,0
1148,NA,NA,NC,2024-01-20,NA,NA,NA,NA,NA,NA,NA,NA
1149,NA,NA,NC,2024-01-21,NA,NA,NA,NA,NA,NA,NA,NA
1150,0.565173000258915,0.087043298535033,NC,2024-01-22,1,1,1,1,1,1,1,1
1151,0.870187723586048,0.3984021109790725,NC,2024-01-23,0,1,1,1,0,0,1,1
1152,0.563550650757875,0.0149165517353825,NC,2024-01-24,1,1,1,1,1,1,1,1
1153,0.614102132472636,0.103745886343429,NC,2024-01-25,1,1,1,1,1,0,1,0
1154,0.629025032632821,0.129707498336393,NC,2024-01-26,1,1,1,1,1,1,1,1
1155,0.0132516477419339,0.01031183751679385,NC,2024-01-27,1,1,1,1,1,1,1,1
1156,0.00902481797200531,0.00909917248427175,NC,2024-01-28,1,1,1,1,1,1,1,1
1157,0.676990626664279,0.0080216624388127,NC,2024-01-29,1,1,1,1,0,0,1,1
1158,0.47206921786387,0.0674562188525455,NC,2024-01-30,1,1,1,1,0,0,1,1
1159,1.36825044603598,0.2532428359863725,NC,2024-01-31,1,0,1,0,0,0,1,0
1160,0.148188786990995,0.0054684343576006,NC,2024-02-01,1,1,1,1,1,1,1,1
1161,0.179659983460357,0.004805499973681565,NC,2024-02-02,1,1,1,1,0,0,1,0
1162,NA,NA,NC,2024-02-03,NA,NA,NA,NA,NA,NA,NA,NA
1163,NA,NA,NC,2024-02-04,NA,NA,NA,NA,NA,NA,NA,NA
1164,1.4859594741096,0.261043159868061,NC,2024-02-05,1,0,1,0,0,0,1,0
1165,0.193679651646523,0.002847580729107505,NC,2024-02-06,1,1,1,1,0,0,1,1
1166,0.536170285859845,0.067316194350765,NC,2024-02-07,1,1,1,1,0,0,1,1
1167,1.87192323620544,0.269253735835579,NC,2024-02-08,1,0,0,0,1,0,0,0
1168,0.0976210862392308,0.001912509323050585,NC,2024-02-09,1,1,1,1,1,0,0,1
1169,NA,NA,NC,2024-02-10,NA,NA,NA,NA,NA,NA,NA,NA
1170,0.00283924585971242,0.00146360544791586,NC,2024-02-11,1,1,1,1,1,1,1,1
1171,0.866594534230289,0.0739073061120845,NC,2024-02-12,1,1,1,0,1,0,1,0
1172,0.97030877731158,0.157410224059791,NC,2024-02-13,0,0,1,1,0,0,1,1
1173,0.00115701054471462,9.772586835322e-4,NC,2024-02-14,1,1,1,1,1,1,1,1
1174,0.00927061485141609,8.5364382282699e-4,NC,2024-02-15,1,1,1,1,1,0,1,0
1175,0.0191862172597912,7.4546916086541e-4,NC,2024-02-16,1,1,1,1,1,1,1,1
1176,NA,NA,NC,2024-02-17,NA,NA,NA,NA,NA,NA,NA,NA
1177,NA,NA,ND,2024-01-07,NA,NA,NA,NA,NA,NA,NA,NA
1178,NA,NA,ND,2024-01-08,NA,NA,NA,NA,NA,NA,NA,NA
1179,NA,NA,ND,2024-01-09,NA,NA,NA,NA,NA,NA,NA,NA
1180,NA,NA,ND,2024-01-10,NA,NA,NA,NA,NA,NA,NA,NA
1181,NA,NA,ND,2024-01-11,NA,NA,NA,NA,NA,NA,NA,NA
1182,NA,NA,ND,2024-01-12,NA,NA,NA,NA,NA,NA,NA,NA
1183,NA,NA,ND,2024-01-13,NA,NA,NA,NA,NA,NA,NA,NA
1184,NA,NA,ND,2024-01-14,NA,NA,NA,NA,NA,NA,NA,NA
1185,NA,NA,ND,2024-01-15,NA,NA,NA,NA,NA,NA,NA,NA
1186,NA,NA,ND,2024-01-16,NA,NA,NA,NA,NA,NA,NA,NA
1187,NA,NA,ND,2024-01-17,NA,NA,NA,NA,NA,NA,NA,NA
1188,NA,NA,ND,2024-01-18,NA,NA,NA,NA,NA,NA,NA,NA
1189,0.0158840507197801,0.0119499465125286,ND,2024-01-19,1,1,1,1,1,1,1,1
1190,NA,NA,ND,2024-01-20,NA,NA,NA,NA,NA,NA,NA,NA
1191,NA,NA,ND,2024-01-21,NA,NA,NA,NA,NA,NA,NA,NA
1192,NA,NA,ND,2024-01-22,NA,NA,NA,NA,NA,NA,NA,NA
1193,NA,NA,ND,2024-01-23,NA,NA,NA,NA,NA,NA,NA,NA
1194,NA,NA,ND,2024-01-24,NA,NA,NA,NA,NA,NA,NA,NA
1195,0.0078046345128821,0.00540419241224355,ND,2024-01-25,1,1,1,1,1,1,1,1
1196,0.0231936701070476,0.004717739754289585,ND,2024-01-26,1,1,1,1,1,1,1,1
1197,1.12858809367427,0.447060141531591,ND,2024-01-27,1,0,1,0,1,0,1,0
1198,0.0210976854321563,0.00358615862567866,ND,2024-01-28,1,1,1,1,1,1,1,1
1199,1.28069123941344,0.90928041817687,ND,2024-01-29,0,0,1,1,0,0,1,1
1200,0.0046025156063787,0.002717643641130315,ND,2024-01-30,1,1,1,1,1,1,1,1
1201,NA,NA,ND,2024-01-31,NA,NA,NA,NA,NA,NA,NA,NA
1202,NA,NA,ND,2024-02-01,NA,NA,NA,NA,NA,NA,NA,NA
1203,NA,NA,ND,2024-02-02,NA,NA,NA,NA,NA,NA,NA,NA
1204,NA,NA,ND,2024-02-03,NA,NA,NA,NA,NA,NA,NA,NA
1205,NA,NA,ND,2024-02-04,NA,NA,NA,NA,NA,NA,NA,NA
1206,NA,NA,ND,2024-02-05,NA,NA,NA,NA,NA,NA,NA,NA
1207,0.00169724012646832,0.00101020441037984,ND,2024-02-06,1,1,1,1,1,1,1,1
1208,NA,NA,ND,2024-02-07,NA,NA,NA,NA,NA,NA,NA,NA
1209,NA,NA,ND,2024-02-08,NA,NA,NA,NA,NA,NA,NA,NA
1210,9.320940192288e-4,6.5653364077939e-4,ND,2024-02-09,1,1,1,1,1,1,1,1
1211,NA,NA,ND,2024-02-10,NA,NA,NA,NA,NA,NA,NA,NA
1212,NA,NA,ND,2024-02-11,NA,NA,NA,NA,NA,NA,NA,NA
1213,NA,NA,ND,2024-02-12,NA,NA,NA,NA,NA,NA,NA,NA
1214,NA,NA,ND,2024-02-13,NA,NA,NA,NA,NA,NA,NA,NA
1215,NA,NA,ND,2024-02-14,NA,NA,NA,NA,NA,NA,NA,NA
1216,NA,NA,ND,2024-02-15,NA,NA,NA,NA,NA,NA,NA,NA
1217,NA,NA,ND,2024-02-16,NA,NA,NA,NA,NA,NA,NA,NA
1218,NA,NA,ND,2024-02-17,NA,NA,NA,NA,NA,NA,NA,NA
1219,NA,NA,NE,2024-01-07,NA,NA,NA,NA,NA,NA,NA,NA
1220,NA,NA,NE,2024-01-08,NA,NA,NA,NA,NA,NA,NA,NA
1221,NA,NA,NE,2024-01-09,NA,NA,NA,NA,NA,NA,NA,NA
1222,NA,NA,NE,2024-01-10,NA,NA,NA,NA,NA,NA,NA,NA
1223,NA,NA,NE,2024-01-11,NA,NA,NA,NA,NA,NA,NA,NA
1224,NA,NA,NE,2024-01-12,NA,NA,NA,NA,NA,NA,NA,NA
1225,NA,NA,NE,2024-01-13,NA,NA,NA,NA,NA,NA,NA,NA
1226,NA,NA,NE,2024-01-14,NA,NA,NA,NA,NA,NA,NA,NA
1227,NA,NA,NE,2024-01-15,NA,NA,NA,NA,NA,NA,NA,NA
1228,NA,NA,NE,2024-01-16,NA,NA,NA,NA,NA,NA,NA,NA
1229,NA,NA,NE,2024-01-17,NA,NA,NA,NA,NA,NA,NA,NA
1230,NA,NA,NE,2024-01-18,NA,NA,NA,NA,NA,NA,NA,NA
1231,NA,NA,NE,2024-01-19,NA,NA,NA,NA,NA,NA,NA,NA
1232,NA,NA,NE,2024-01-20,NA,NA,NA,NA,NA,NA,NA,NA
1233,NA,NA,NE,2024-01-21,NA,NA,NA,NA,NA,NA,NA,NA
1234,NA,NA,NE,2024-01-22,NA,NA,NA,NA,NA,NA,NA,NA
1235,NA,NA,NE,2024-01-23,NA,NA,NA,NA,NA,NA,NA,NA
1236,NA,NA,NE,2024-01-24,NA,NA,NA,NA,NA,NA,NA,NA
1237,NA,NA,NE,2024-01-25,NA,NA,NA,NA,NA,NA,NA,NA
1238,NA,NA,NE,2024-01-26,NA,NA,NA,NA,NA,NA,NA,NA
1239,NA,NA,NE,2024-01-27,NA,NA,NA,NA,NA,NA,NA,NA
1240,NA,NA,NE,2024-01-28,NA,NA,NA,NA,NA,NA,NA,NA
1241,NA,NA,NE,2024-01-29,NA,NA,NA,NA,NA,NA,NA,NA
1242,NA,NA,NE,2024-01-30,NA,NA,NA,NA,NA,NA,NA,NA
1243,NA,NA,NE,2024-01-31,NA,NA,NA,NA,NA,NA,NA,NA
1244,NA,NA,NE,2024-02-01,NA,NA,NA,NA,NA,NA,NA,NA
1245,NA,NA,NE,2024-02-02,NA,NA,NA,NA,NA,NA,NA,NA
1246,NA,NA,NE,2024-02-03,NA,NA,NA,NA,NA,NA,NA,NA
1247,NA,NA,NE,2024-02-04,NA,NA,NA,NA,NA,NA,NA,NA
1248,NA,NA,NE,2024-02-05,NA,NA,NA,NA,NA,NA,NA,NA
1249,NA,NA,NE,2024-02-06,NA,NA,NA,NA,NA,NA,NA,NA
1250,NA,NA,NE,2024-02-07,NA,NA,NA,NA,NA,NA,NA,NA
1251,NA,NA,NE,2024-02-08,NA,NA,NA,NA,NA,NA,NA,NA
1252,NA,NA,NE,2024-02-09,NA,NA,NA,NA,NA,NA,NA,NA
1253,NA,NA,NE,2024-02-10,NA,NA,NA,NA,NA,NA,NA,NA
1254,NA,NA,NE,2024-02-11,NA,NA,NA,NA,NA,NA,NA,NA
1255,NA,NA,NE,2024-02-12,NA,NA,NA,NA,NA,NA,NA,NA
1256,NA,NA,NE,2024-02-13,NA,NA,NA,NA,NA,NA,NA,NA
1257,NA,NA,NE,2024-02-14,NA,NA,NA,NA,NA,NA,NA,NA
1258,NA,NA,NE,2024-02-15,NA,NA,NA,NA,NA,NA,NA,NA
1259,NA,NA,NE,2024-02-16,NA,NA,NA,NA,NA,NA,NA,NA
1260,NA,NA,NE,2024-02-17,NA,NA,NA,NA,NA,NA,NA,NA
1261,NA,NA,NH,2024-01-07,NA,NA,NA,NA,NA,NA,NA,NA
1262,0.0289749872423693,0.0140466664999214,NH,2024-01-08,1,1,1,1,1,1,1,1
1263,0.0277717460607959,0.0123466288506742,NH,2024-01-09,1,1,1,1,1,1,1,1
1264,NA,NA,NH,2024-01-10,NA,NA,NA,NA,NA,NA,NA,NA
1265,NA,NA,NH,2024-01-11,NA,NA,NA,NA,NA,NA,NA,NA
1266,NA,NA,NH,2024-01-12,NA,NA,NA,NA,NA,NA,NA,NA
1267,NA,NA,NH,2024-01-13,NA,NA,NA,NA,NA,NA,NA,NA
1268,0.0157836981263438,0.00636956003186335,NH,2024-01-14,1,1,1,1,1,1,1,1
1269,0.0159801465316004,0.0055635841056491,NH,2024-01-15,1,1,1,1,1,1,1,1
1270,NA,NA,NH,2024-01-16,NA,NA,NA,NA,NA,NA,NA,NA
1271,0.0798555234285217,0.00423430891988417,NH,2024-01-17,1,1,1,1,1,1,1,1
1272,NA,NA,NH,2024-01-18,NA,NA,NA,NA,NA,NA,NA,NA
1273,NA,NA,NH,2024-01-19,NA,NA,NA,NA,NA,NA,NA,NA
1274,NA,NA,NH,2024-01-20,NA,NA,NA,NA,NA,NA,NA,NA
1275,NA,NA,NH,2024-01-21,NA,NA,NA,NA,NA,NA,NA,NA
1276,NA,NA,NH,2024-01-22,NA,NA,NA,NA,NA,NA,NA,NA
1277,NA,NA,NH,2024-01-23,NA,NA,NA,NA,NA,NA,NA,NA
1278,NA,NA,NH,2024-01-24,NA,NA,NA,NA,NA,NA,NA,NA
1279,0.00341061642104185,0.00138495099779635,NH,2024-01-25,1,1,1,1,1,1,1,1
1280,NA,NA,NH,2024-01-26,NA,NA,NA,NA,NA,NA,NA,NA
1281,NA,NA,NH,2024-01-27,NA,NA,NA,NA,NA,NA,NA,NA
1282,NA,NA,NH,2024-01-28,NA,NA,NA,NA,NA,NA,NA,NA
1283,NA,NA,NH,2024-01-29,NA,NA,NA,NA,NA,NA,NA,NA
1284,0.00146839208738064,6.7903846343846e-4,NH,2024-01-30,1,1,1,1,1,1,1,1
1285,NA,NA,NH,2024-01-31,NA,NA,NA,NA,NA,NA,NA,NA
1286,NA,NA,NH,2024-02-01,NA,NA,NA,NA,NA,NA,NA,NA
1287,NA,NA,NH,2024-02-02,NA,NA,NA,NA,NA,NA,NA,NA
1288,1.3576608449307,0.97001470538511,NH,2024-02-03,1,0,1,0,1,0,1,0
1289,NA,NA,NH,2024-02-04,NA,NA,NA,NA,NA,NA,NA,NA
1290,NA,NA,NH,2024-02-05,NA,NA,NA,NA,NA,NA,NA,NA
1291,0.00276857110488189,2.4775193744808e-4,NH,2024-02-06,1,1,1,1,1,1,1,1
1292,NA,NA,NH,2024-02-07,NA,NA,NA,NA,NA,NA,NA,NA
1293,NA,NA,NH,2024-02-08,NA,NA,NA,NA,NA,NA,NA,NA
1294,NA,NA,NH,2024-02-09,NA,NA,NA,NA,NA,NA,NA,NA
1295,NA,NA,NH,2024-02-10,NA,NA,NA,NA,NA,NA,NA,NA
1296,NA,NA,NH,2024-02-11,NA,NA,NA,NA,NA,NA,NA,NA
1297,2.1626153816714e-4,1.03850953253205e-4,NH,2024-02-12,1,1,1,1,1,1,1,1
1298,NA,NA,NH,2024-02-13,NA,NA,NA,NA,NA,NA,NA,NA
1299,NA,NA,NH,2024-02-14,NA,NA,NA,NA,NA,NA,NA,NA
1300,NA,NA,NH,2024-02-15,NA,NA,NA,NA,NA,NA,NA,NA
1301,NA,NA,NH,2024-02-16,NA,NA,NA,NA,NA,NA,NA,NA
1302,NA,NA,NH,2024-02-17,NA,NA,NA,NA,NA,NA,NA,NA
1303,0.548242741104577,0.0787808120162495,NJ,2024-01-07,1,1,1,1,0,0,1,1
1304,2.57003594157846,0.1031492876968495,NJ,2024-01-08,1,1,0,1,0,1,1,0
1305,1.89020750477143,0.0899009132706605,NJ,2024-01-09,0,1,1,0,0,0,1,0
1306,1.61052768725133,0.0805194603757915,NJ,2024-01-10,1,1,1,1,0,0,1,1
1307,1.71614752703289,0.115623804194454,NJ,2024-01-11,1,1,0,1,0,0,0,0
1308,0.722089261856909,0.0740754040252875,NJ,2024-01-12,1,1,1,1,0,0,1,0
1309,1.21612314326395,0.122530339390473,NJ,2024-01-13,1,1,0,1,0,0,0,0
1310,0.448030911027658,0.083755579144533,NJ,2024-01-14,1,1,1,1,1,1,1,1
1311,1.12986324135064,0.080763268460419,NJ,2024-01-15,1,1,1,0,1,0,1,0
1312,1.436037585557,0.108954774557105,NJ,2024-01-16,1,1,1,0,1,0,1,0
1313,0.903564504045983,0.0532679249131995,NJ,2024-01-17,1,1,1,1,0,0,1,0
1314,1.34316746175903,0.086853938692271,NJ,2024-01-18,1,1,1,1,0,0,1,1
1315,0.213260852825581,0.002661742082169645,NJ,2024-01-19,1,1,1,1,1,1,1,1
1316,0.911274764401057,0.002310912322191435,NJ,2024-01-20,1,1,1,1,1,1,1,1
1317,0.269636216322188,0.002005239300421885,NJ,2024-01-21,1,1,1,1,0,0,1,1
1318,1.14899072069919,0.00173912592304102,NJ,2024-01-22,1,0,1,1,0,0,1,1
1319,1.35885483583673,0.01669668515680975,NJ,2024-01-23,1,1,1,1,1,0,1,0
1320,0.92282761804724,0.00130637952536417,NJ,2024-01-24,1,1,1,1,0,0,1,0
1321,0.739161865033422,0.0308094717866239,NJ,2024-01-25,1,1,1,1,1,0,1,0
1322,0.0196461317422257,9.7974746040925e-4,NJ,2024-01-26,1,1,1,1,1,1,1,1
1323,0.890326836638915,0.069177088141833,NJ,2024-01-27,1,1,1,0,0,1,1,0
1324,1.1922077104191,0.161950462609643,NJ,2024-01-28,1,0,0,1,1,0,0,1
1325,5.17889458034603,0.1165696237454895,NJ,2024-01-29,1,0,0,0,0,0,0,0
1326,0.832722880741902,0.017483601322289,NJ,2024-01-30,1,1,1,1,1,0,1,0
1327,0.522794534822238,4.7460219980875e-4,NJ,2024-01-31,1,1,1,1,1,1,1,1
1328,0.958249193187462,0.087814954487101,NJ,2024-02-01,0,0,1,1,0,0,1,1
1329,0.0580551809512211,3.54544166753255e-4,NJ,2024-02-02,1,1,1,1,1,1,1,1
1330,1.94149734706966,0.162047621666731,NJ,2024-02-03,0,0,1,0,0,0,1,0
1331,0.0192425346827932,2.64658394670185e-4,NJ,2024-02-04,1,1,1,1,1,1,1,1
1332,1.91588045690148,0.04570911082869165,NJ,2024-02-05,1,0,1,0,0,1,1,0
1333,0.990927132184068,0.0247719576866666,NJ,2024-02-06,1,1,0,1,1,0,0,1
1334,0.926018405474233,0.0281968555328075,NJ,2024-02-07,1,1,1,0,1,0,1,0
1335,0.21927930795981,1.4721585289526e-4,NJ,2024-02-08,1,1,1,1,1,1,1,1
1336,0.050587855385521,1.2710023479557e-4,NJ,2024-02-09,1,1,1,1,1,1,1,1
1337,0.0168896805802292,1.0972303255705e-4,NJ,2024-02-10,1,1,1,1,1,1,1,1
1338,0.00186544421444985,9.4713799614405e-5,NJ,2024-02-11,1,1,1,1,1,1,1,1
1339,0.0913167738771626,8.17516922065e-5,NJ,2024-02-12,1,1,1,1,1,1,1,1
1340,0.00829285447741511,7.0558935265795e-5,NJ,2024-02-13,1,1,1,1,1,1,1,1
1341,1.03740460382249,0.04483566603480435,NJ,2024-02-14,0,0,1,1,0,0,1,1
1342,2.47902222198985,0.0862425865443645,NJ,2024-02-15,1,0,0,1,0,0,0,1
1343,0.0212483874058446,4.53504933717479e-5,NJ,2024-02-16,1,1,1,1,1,1,1,1
1344,0.00391998446667556,3.913422647938015e-5,NJ,2024-02-17,1,1,1,1,1,1,1,1
1345,2.22518988217789,0.178363701817708,NM,2024-01-07,1,0,1,0,0,0,1,0
1346,1.41476748749625,0.286855806666432,NM,2024-01-08,0,1,1,0,1,0,1,0
1347,1.1370153976869,0.2557968200727835,NM,2024-01-09,1,1,1,1,0,0,1,1
1348,2.35024840850282,0.2316962013201515,NM,2024-01-10,0,1,1,1,0,0,1,0
1349,1.19947030832381,0.1990807815248705,NM,2024-01-11,1,1,1,1,1,0,1,0
1350,1.41868213649711,0.3939099754483495,NM,2024-01-12,1,1,0,1,0,0,0,0
1351,1.46159066551673,0.0785413995587175,NM,2024-01-13,1,0,1,1,1,0,1,0
1352,0.754300548853193,0.2060796439947935,NM,2024-01-14,1,1,1,1,0,0,1,0
1353,1.21004248248338,0.2982592467084975,NM,2024-01-15,1,1,1,0,1,0,1,0
1354,NA,NA,NM,2024-01-16,NA,NA,NA,NA,NA,NA,NA,NA
1355,NA,NA,NM,2024-01-17,NA,NA,NA,NA,NA,NA,NA,NA
1356,NA,NA,NM,2024-01-18,NA,NA,NA,NA,NA,NA,NA,NA
1357,NA,NA,NM,2024-01-19,NA,NA,NA,NA,NA,NA,NA,NA
1358,0.0808524701739058,0.037369252879259,NM,2024-01-20,1,1,1,1,1,0,1,0
1359,0.59689780152365,0.03335438571519775,NM,2024-01-21,1,1,1,1,0,0,0,1
1360,0.797863977956872,0.225475224712119,NM,2024-01-22,1,1,1,1,0,1,1,0
1361,0.186756721874312,0.0264413097042349,NM,2024-01-23,1,1,1,1,0,0,1,1
1362,0.493469328453153,0.263326085511684,NM,2024-01-24,1,1,1,1,1,1,1,1
1363,NA,NA,NM,2024-01-25,NA,NA,NA,NA,NA,NA,NA,NA
1364,1.00520042922416,0.76932971793488,NM,2024-01-26,0,0,1,1,0,0,1,1
1365,0.0375582453243904,0.01632343162112425,NM,2024-01-27,1,1,1,1,1,1,1,1
1366,0.0338143977647062,0.0144213399659863,NM,2024-01-28,1,1,1,1,1,1,1,1
1367,0.0296496661069426,0.0127256883924801,NM,2024-01-29,1,1,1,1,1,1,1,1
1368,0.0915879873314476,0.01121671104713425,NM,2024-01-30,1,1,1,1,1,0,1,0
1369,0.0793999303098779,0.00987608010587045,NM,2024-01-31,1,1,1,1,1,0,1,0
1370,NA,NA,NM,2024-02-01,NA,NA,NA,NA,NA,NA,NA,NA
1371,NA,NA,NM,2024-02-02,NA,NA,NA,NA,NA,NA,NA,NA
1372,NA,NA,NM,2024-02-03,NA,NA,NA,NA,NA,NA,NA,NA
1373,NA,NA,NM,2024-02-04,NA,NA,NA,NA,NA,NA,NA,NA
1374,0.0455305395110869,0.0051530063352658,NM,2024-02-05,1,1,1,1,1,1,1,1
1375,0.0405377773605431,0.004513269406133855,NM,2024-02-06,1,1,1,1,1,1,1,1
1376,0.0389636112705307,0.003950170507318055,NM,2024-02-07,1,1,1,1,1,1,1,1
1377,NA,NA,NM,2024-02-08,NA,NA,NA,NA,NA,NA,NA,NA
1378,0.0085766536955081,0.00302011016651473,NM,2024-02-09,1,1,1,1,1,1,1,1
1379,0.00575535421574486,0.00263840131932134,NM,2024-02-10,1,1,1,1,1,1,1,1
1380,NA,NA,NM,2024-02-11,NA,NA,NA,NA,NA,NA,NA,NA
1381,NA,NA,NM,2024-02-12,NA,NA,NA,NA,NA,NA,NA,NA
1382,0.0166679385511232,0.001753678879573605,NM,2024-02-13,1,1,1,1,1,1,1,1
1383,NA,NA,NM,2024-02-14,NA,NA,NA,NA,NA,NA,NA,NA
1384,NA,NA,NM,2024-02-15,NA,NA,NA,NA,NA,NA,NA,NA
1385,NA,NA,NM,2024-02-16,NA,NA,NA,NA,NA,NA,NA,NA
1386,NA,NA,NM,2024-02-17,NA,NA,NA,NA,NA,NA,NA,NA
1387,0.516884698191998,0.01403577316703945,NV,2024-01-07,1,1,1,1,1,1,1,1
1388,0.858383141326172,0.1924336368824865,NV,2024-01-08,1,1,1,1,0,0,1,0
1389,NA,NA,NV,2024-01-09,NA,NA,NA,NA,NA,NA,NA,NA
1390,0.469482513667592,0.1004938754257485,NV,2024-01-10,1,1,1,1,1,0,0,1
1391,0.414773086861228,0.00827298139819145,NV,2024-01-11,1,1,1,1,0,0,1,1
1392,0.446997075964027,0.0837610054230955,NV,2024-01-12,1,1,1,1,0,1,0,1
1393,0.0267154489413109,0.0063114429170443,NV,2024-01-13,1,1,1,1,1,1,1,1
1394,0.00770668608189869,0.00550520512158005,NV,2024-01-14,1,1,1,1,1,1,1,1
1395,0.834068145194599,0.2225324447460475,NV,2024-01-15,0,1,1,1,0,0,1,1
1396,1.54803477109656,0.1996212186719005,NV,2024-01-16,0,0,1,1,0,1,0,1
1397,0.122886995082556,0.003636256063498005,NV,2024-01-17,1,1,1,1,1,0,1,0
1398,0.490339752347325,0.0670946366982125,NV,2024-01-18,1,1,1,1,1,1,1,1
1399,0.099740788903227,0.00274846504128101,NV,2024-01-19,1,1,1,1,1,1,1,1
1400,0.00309107486792801,0.002387396410957765,NV,2024-01-20,1,1,1,1,1,1,1,1
1401,0.00223848794125971,0.002072660131210215,NV,2024-01-21,1,1,1,1,1,1,1,1
1402,0.910570246748677,0.080558585823967,NV,2024-01-22,1,1,0,1,1,0,0,1
1403,1.14137113684589,0.191323021984292,NV,2024-01-23,1,0,0,1,1,0,0,1
1404,0.0781639759396723,0.001352456431063145,NV,2024-01-24,1,1,1,1,1,0,1,0
1405,2.25247143477837,0.238184062942431,NV,2024-01-25,1,0,1,0,0,0,1,0
1406,0.0298534417597074,0.00101545233263396,NV,2024-01-26,1,1,1,1,1,1,1,1
1407,NA,NA,NV,2024-01-27,NA,NA,NA,NA,NA,NA,NA,NA
1408,NA,NA,NV,2024-01-28,NA,NA,NA,NA,NA,NA,NA,NA
1409,0.0156839827352093,6.59080694346025e-4,NV,2024-01-29,1,1,1,1,1,1,1,1
1410,0.0316696248387994,5.70344822497305e-4,NV,2024-01-30,1,1,1,1,1,1,1,1
1411,0.0150672844655081,4.9344618117273e-4,NV,2024-01-31,1,1,1,1,1,1,1,1
1412,0.0400421950820709,4.26829810469585e-4,NV,2024-02-01,1,1,1,1,1,1,1,1
1413,0.00252051804445017,3.6913994990974e-4,NV,2024-02-02,1,1,1,1,1,1,1,1
1414,0.00280122490620266,3.19195558477195e-4,NV,2024-02-03,1,1,1,1,1,1,1,1
1415,5.0624603018588e-4,2.7596863184143e-4,NV,2024-02-04,1,1,1,1,1,1,1,1
1416,0.00531626771992762,2.38565040399315e-4,NV,2024-02-05,1,1,1,1,1,1,1,1
1417,0.00290046483710733,2.0620762989895e-4,NV,2024-02-06,1,1,1,1,1,1,1,1
1418,0.0061169860454902,1.7822134551448e-4,NV,2024-02-07,1,1,1,1,1,1,1,1
1419,1.6751359644592e-4,1.54020159626595e-4,NV,2024-02-08,1,1,1,1,1,1,1,1
1420,1.37174147592853,0.4892753810196015,NV,2024-02-09,0,0,1,1,0,0,1,1
1421,0.00284959862975262,1.150067152593e-4,NV,2024-02-10,1,1,1,1,1,1,1,1
1422,NA,NA,NV,2024-02-11,NA,NA,NA,NA,NA,NA,NA,NA
1423,3.4121973670778e-4,8.585802089861e-5,NV,2024-02-12,1,1,1,1,1,1,1,1
1424,NA,NA,NV,2024-02-13,NA,NA,NA,NA,NA,NA,NA,NA
1425,4.8976633369212e-4,6.408920084295e-5,NV,2024-02-14,1,1,1,1,1,1,1,1
1426,NA,NA,NV,2024-02-15,NA,NA,NA,NA,NA,NA,NA,NA
1427,NA,NA,NV,2024-02-16,NA,NA,NA,NA,NA,NA,NA,NA
1428,NA,NA,NV,2024-02-17,NA,NA,NA,NA,NA,NA,NA,NA
1429,3.6303682457021,0.1274449346372825,NY,2024-01-07,0,0,0,1,0,0,0,1
1430,4.55029460966645,0.091844592260093,NY,2024-01-08,1,1,1,1,0,0,1,0
1431,3.69722918803041,0.0981994919317985,NY,2024-01-09,1,1,1,0,0,0,0,0
1432,3.15054807174722,0.084631037923847,NY,2024-01-10,1,1,0,1,0,0,0,0
1433,3.03208826500843,0.0829462577830125,NY,2024-01-11,1,1,0,1,0,1,0,0
1434,2.29596395910469,0.04604550609181405,NY,2024-01-12,0,1,1,1,0,0,0,0
1435,2.21121146993982,0.04439153271222135,NY,2024-01-13,0,1,1,1,0,0,0,0
1436,5.1545183082301,0.112557363277303,NY,2024-01-14,1,0,1,0,1,0,1,0
1437,4.60140479696308,0.080995381730305,NY,2024-01-15,1,1,1,0,0,0,1,0
1438,2.70345807829007,0.063637771962893,NY,2024-01-16,1,1,0,1,0,0,0,0
1439,4.1815816441597,0.0200279485036309,NY,2024-01-17,1,0,0,0,0,0,0,1
1440,1.9384172469312,0.0399842094872805,NY,2024-01-18,1,1,0,1,1,1,0,0
1441,1.1494500487845,0.0468670195268083,NY,2024-01-19,1,1,1,1,1,1,0,0
1442,1.38102972620515,0.03068104612127455,NY,2024-01-20,1,1,0,1,1,0,1,0
1443,1.74216410996054,0.061850691725689,NY,2024-01-21,1,0,1,0,0,0,1,0
1444,2.66055386558323,0.04563328663435975,NY,2024-01-22,1,1,0,0,0,0,0,0
1445,2.99420973262592,0.04584006141816715,NY,2024-01-23,1,1,0,0,0,1,0,0
1446,1.88024865127582,0.0277618204539414,NY,2024-01-24,0,1,0,0,0,0,0,0
1447,1.89010849053741,0.0376846704659696,NY,2024-01-25,1,1,0,1,0,0,0,0
1448,0.603498439074424,6.6834935267294e-4,NY,2024-01-26,1,1,1,1,1,1,1,1
1449,0.959518317921289,0.02906168470925145,NY,2024-01-27,1,1,1,1,0,0,1,1
1450,1.85105947770265,0.057002222698541,NY,2024-01-28,0,0,1,0,1,0,0,0
1451,1.95919703059374,0.02298915779331995,NY,2024-01-29,1,1,0,1,0,0,0,0
1452,3.19149379218542,0.0295960693196583,NY,2024-01-30,1,1,1,0,0,0,1,0
1453,2.27725539632414,0.03306027552528455,NY,2024-01-31,1,0,0,1,0,0,0,0
1454,1.73825863421031,0.02229904622773295,NY,2024-02-01,1,1,0,1,1,0,0,0
1455,1.03602650279446,0.029307054371904,NY,2024-02-02,1,1,1,0,0,0,1,0
1456,0.656160141173857,0.0164141481957395,NY,2024-02-03,1,1,1,1,0,0,1,1
1457,0.352263783760345,1.8652485824705e-4,NY,2024-02-04,1,1,1,1,1,1,1,1
1458,4.50336716007181,0.0555838490428555,NY,2024-02-05,0,0,0,0,0,0,0,0
1459,4.8364071958744,0.0527455516082335,NY,2024-02-06,0,0,0,0,0,0,0,0
1460,2.24370222135744,0.02940357685948355,NY,2024-02-07,1,0,0,0,0,0,0,0
1461,3.4955242060552,0.0470776174581207,NY,2024-02-08,1,0,0,0,1,0,0,0
1462,0.996576030996846,0.02414678082143345,NY,2024-02-09,1,1,1,0,1,0,1,0
1463,1.99076456825753,0.053498160756147,NY,2024-02-10,1,0,0,0,1,0,0,0
1464,0.0581834058250063,6.8680653846505e-5,NY,2024-02-11,1,1,1,1,1,1,1,1
1465,2.43841935424252,0.0252176770378933,NY,2024-02-12,1,0,0,0,0,0,0,0
1466,0.088057404825605,5.160018027133e-5,NY,2024-02-13,1,1,1,1,1,1,1,1
1467,0.130447756904005,4.47239228651614e-5,NY,2024-02-14,1,1,1,1,1,1,1,1
1468,0.0630897900244931,3.87631217212114e-5,NY,2024-02-15,1,1,1,1,0,0,0,1
1469,2.18035322661671,0.0735446407916915,NY,2024-02-16,1,0,0,0,1,0,0,0
1470,1.26093462987391,0.0451877551161943,NY,2024-02-17,1,0,0,1,1,0,0,1
1471,0.117647874600517,0.094761679648564,OH,2024-01-07,1,1,1,1,1,1,1,1
1472,0.622196819729261,0.3341726836723735,OH,2024-01-08,1,1,1,1,1,1,1,1
1473,0.634651462569242,0.337806768623454,OH,2024-01-09,0,1,1,1,0,0,1,1
1474,0.460438198089917,0.0709523330346125,OH,2024-01-10,1,1,1,1,0,0,1,1
1475,1.26841735210159,0.344171937100949,OH,2024-01-11,1,1,1,0,0,1,1,0
1476,0.219174449670021,0.0578581961594805,OH,2024-01-12,1,1,1,1,1,0,1,0
1477,0.672473352335184,0.354368492969275,OH,2024-01-13,1,1,1,0,0,1,1,0
1478,NA,NA,OH,2024-01-14,NA,NA,NA,NA,NA,NA,NA,NA
1479,0.16079060441692,0.0419562116160431,OH,2024-01-15,1,1,1,1,0,0,1,0
1480,0.0390903760099028,0.03755075713035615,OH,2024-01-16,1,1,1,1,1,1,1,1
1481,0.235525354882197,0.03354799708425575,OH,2024-01-17,1,1,1,1,1,0,1,0
1482,0.578454374351564,0.2054753484536235,OH,2024-01-18,1,1,1,1,0,1,1,0
1483,NA,NA,OH,2024-01-19,NA,NA,NA,NA,NA,NA,NA,NA
1484,0.0954634687112453,0.02368554751982445,OH,2024-01-20,1,1,1,1,1,1,1,1
1485,0.0836469090195301,0.02102581692787035,OH,2024-01-21,1,1,1,1,1,0,1,0
1486,0.907749550258285,0.184746617314539,OH,2024-01-22,1,1,0,1,1,1,0,0
1487,0.789190583233355,0.2749859886840765,OH,2024-01-23,0,1,1,1,0,1,1,0
1488,0.183001612364718,0.0145877340936173,OH,2024-01-24,1,1,1,1,0,0,1,1
1489,0.0554535530513908,0.0128817454342085,OH,2024-01-25,1,1,1,1,1,1,1,1
1490,0.929468641233751,0.28417438713153,OH,2024-01-26,1,1,1,0,1,1,0,0
1491,NA,NA,OH,2024-01-27,NA,NA,NA,NA,NA,NA,NA,NA
1492,NA,NA,OH,2024-01-28,NA,NA,NA,NA,NA,NA,NA,NA
1493,0.0306084591590478,0.0077484576179461,OH,2024-01-29,1,1,1,1,1,1,1,1
1494,0.0996805676584404,0.0068073683566488,OH,2024-01-30,1,1,1,1,1,1,1,1
1495,1.25686766643577,0.87519939528991,OH,2024-01-31,1,0,1,0,1,0,1,0
1496,0.00469019684667553,0.00524108404639655,OH,2024-02-01,1,1,1,1,1,0,1,0
1497,0.0565247768723251,0.00459349662705725,OH,2024-02-02,1,1,1,1,1,1,1,1
1498,0.00466363791596384,0.00402310328751324,OH,2024-02-03,1,1,1,1,1,0,1,0
1499,0.0124899560309203,0.003521228416027145,OH,2024-02-04,1,1,1,1,1,1,1,1
1500,0.01330829790593,0.003080074479230105,OH,2024-02-05,1,1,1,1,1,1,1,1
1501,0.0706647539907247,0.002692651044523565,OH,2024-02-06,1,1,1,1,1,0,1,0
1502,2.46560046075261,0.21361483788272,OH,2024-02-07,0,0,1,0,0,0,1,0
1503,0.00790925520872876,0.002054660471958295,OH,2024-02-08,1,1,1,1,1,1,1,1
1504,0.0154044415284239,0.001793545483908685,OH,2024-02-09,1,1,1,1,1,1,1,1
1505,NA,NA,OH,2024-02-10,NA,NA,NA,NA,NA,NA,NA,NA
1506,0.0077182663748276,0.00136493962096476,OH,2024-02-11,1,1,1,1,1,1,1,1
1507,0.00889819677373982,0.00119005894935615,OH,2024-02-12,1,1,1,1,1,1,1,1
1508,0.00428930251145497,0.00103723258773871,OH,2024-02-13,1,1,1,1,1,1,1,1
1509,0.01546281890654,9.03748982491255e-4,OH,2024-02-14,1,1,1,1,1,1,1,1
1510,0.0043298491752201,7.87216448091195e-4,OH,2024-02-15,1,1,1,1,1,1,1,1
1511,0.0021267053563746,0.00068552802569668005,OH,2024-02-16,1,1,1,1,1,1,1,1
1512,NA,NA,OH,2024-02-17,NA,NA,NA,NA,NA,NA,NA,NA
1513,NA,NA,OK,2024-01-07,NA,NA,NA,NA,NA,NA,NA,NA
1514,2.40332826198242,0.3742628774495245,OK,2024-01-08,1,0,1,0,1,0,1,0
1515,0.725392175774119,0.3173194321359495,OK,2024-01-09,1,1,1,1,1,0,1,0
1516,2.59173257208501,0.393734939635604,OK,2024-01-10,1,0,1,0,1,0,1,0
1517,2.02237899383393,0.4619276365752005,OK,2024-01-11,0,0,1,1,0,1,1,0
1518,0.459431079876892,0.32160015445508,OK,2024-01-12,1,1,1,1,1,1,1,1
1519,0.438469413972385,0.3067507249293465,OK,2024-01-13,1,1,1,1,0,0,1,0
1520,1.36540452581358,0.4986990205205065,OK,2024-01-14,0,1,1,1,0,0,1,0
1521,0.647148693910902,0.511851418095395,OK,2024-01-15,0,1,1,1,0,1,1,0
1522,0.478735756410603,0.324530240259168,OK,2024-01-16,1,1,1,1,1,0,1,0
1523,1.1358377780808,0.3973555369553445,OK,2024-01-17,0,1,1,1,0,1,1,0
1524,0.491048793662765,0.3209477282302405,OK,2024-01-18,1,1,1,1,0,0,1,1
1525,0.709337660524125,0.567658452363825,OK,2024-01-19,0,1,1,1,0,0,1,1
1526,0.516548303432405,0.334513814281761,OK,2024-01-20,1,1,1,1,0,1,1,0
1527,1.01522818559848,0.079093197404719,OK,2024-01-21,1,0,1,1,0,0,1,0
1528,0.388049794702215,0.071846418213959,OK,2024-01-22,1,1,1,1,1,0,1,0
1529,0.909826621809013,0.252088598090058,OK,2024-01-23,1,1,1,1,1,0,1,0
1530,1.17268022198147,0.349755712039458,OK,2024-01-24,0,1,1,1,0,0,1,1
1531,0.294414992471785,0.053191983008128,OK,2024-01-25,1,1,1,1,1,1,1,1
1532,NA,NA,OK,2024-01-26,NA,NA,NA,NA,NA,NA,NA,NA
1533,0.0848430414316124,0.0431145291402347,OK,2024-01-27,1,1,1,1,1,1,1,1
1534,1.41923331755464,0.69807019199382,OK,2024-01-28,1,0,1,0,0,0,1,0
1535,0.739999732499123,0.131641294695393,OK,2024-01-29,1,1,1,1,1,0,1,0
1536,2.08693013701264,0.3273479228752725,OK,2024-01-30,1,0,0,1,0,1,0,0
1537,1.97853402347433,0.74127846256837,OK,2024-01-31,1,0,1,0,0,0,1,0
1538,0.644824019499551,0.268043400965313,OK,2024-02-01,1,1,1,1,0,0,1,1
1539,0.142318597315116,0.0220556378142005,OK,2024-02-02,1,1,1,1,1,1,1,1
1540,0.81453316055941,0.3997723592111255,OK,2024-02-03,1,1,1,0,1,0,1,0
1541,0.113058538120371,0.01743757830643435,OK,2024-02-04,1,1,1,1,1,1,1,1
1542,1.31039506270809,0.132708897618882,OK,2024-02-05,1,1,1,1,0,0,1,0
1543,0.864985818218938,0.4140218494141175,OK,2024-02-06,1,1,1,0,1,0,1,0
1544,0.0285863613555528,0.01214952077543645,OK,2024-02-07,1,1,1,1,0,0,1,1
1545,0.0823678879636758,0.0107479711124542,OK,2024-02-08,1,1,1,1,0,0,1,1
1546,NA,NA,OK,2024-02-09,NA,NA,NA,NA,NA,NA,NA,NA
1547,0.0152090748721163,0.00838746991780175,OK,2024-02-10,1,1,1,1,1,1,1,1
1548,0.016345805589386,0.00739974412286815,OK,2024-02-11,1,1,1,1,1,1,1,1
1549,0.046249553096519,0.006523122978245,OK,2024-02-12,1,1,1,1,1,1,1,1
1550,1.19637616621631,0.87830722184226,OK,2024-02-13,1,0,1,0,1,0,1,0
1551,0.928147932589251,0.298609120885712,OK,2024-02-14,1,1,1,0,0,1,1,0
1552,0.00928202099154053,0.00444943952562912,OK,2024-02-15,1,1,1,1,1,0,1,0
1553,0.0110342174493068,0.00391170661542859,OK,2024-02-16,1,1,1,1,1,1,1,1
1554,NA,NA,OK,2024-02-17,NA,NA,NA,NA,NA,NA,NA,NA
1555,1.88053482131753,0.127575793820124,OR,2024-01-07,0,0,1,1,0,0,1,0
1556,0.625410536051578,0.205406249646323,OR,2024-01-08,1,1,1,1,0,0,1,1
1557,0.402438422044379,0.1957685832847575,OR,2024-01-09,1,1,1,1,0,0,1,1
1558,0.743975681268955,0.3758139145331215,OR,2024-01-10,1,1,1,0,1,0,1,0
1559,0.237746987567156,0.04513995128176115,OR,2024-01-11,1,1,1,1,1,1,1,1
1560,NA,NA,OR,2024-01-12,NA,NA,NA,NA,NA,NA,NA,NA
1561,1.34557649484365,0.271578373976711,OR,2024-01-13,1,1,1,0,1,0,1,0
1562,0.69006131078867206,0.363904426869808,OR,2024-01-14,0,1,1,1,0,0,1,1
1563,0.393192758225684,0.1651270599469715,OR,2024-01-15,1,1,1,1,1,1,1,1
1564,0.727602274583036,0.0256218476243968,OR,2024-01-16,1,1,1,1,1,1,1,1
1565,0.136286476341184,0.02276649275620655,OR,2024-01-17,1,1,1,1,1,1,1,1
1566,0.237995652961166,0.02019991504945295,OR,2024-01-18,1,1,1,1,1,1,1,1
1567,0.110611862263839,0.01789791224503415,OR,2024-01-19,1,1,1,1,1,0,1,0
1568,1.14685822784295,0.824808800857005,OR,2024-01-20,1,0,1,0,1,0,1,0
1569,0.979938723436314,0.4244289760116655,OR,2024-01-21,1,1,1,0,1,0,1,0
1570,1.00544809010274,0.4284135154276925,OR,2024-01-22,1,1,1,0,1,0,1,0
1571,0.0667367996531341,0.0108947685550004,OR,2024-01-23,1,1,1,1,1,1,1,1
1572,0.0184838702199379,0.00959662140003935,OR,2024-01-24,1,1,1,1,1,1,1,1
1573,0.190316057588067,0.00844485527844765,OR,2024-01-25,1,1,1,1,1,1,1,1
1574,0.0135082850778566,0.00742446692484595,OR,2024-01-26,1,1,1,1,1,1,1,1
1575,0.094641150664436,0.0065217213392789,OR,2024-01-27,1,1,1,1,1,1,1,1
1576,0.0113337195985963,0.00572409357356685,OR,2024-01-28,1,1,1,1,1,1,1,1
1577,1.02373495621369,0.30330512448785,OR,2024-01-29,1,0,1,0,1,0,1,0
1578,0.322745487201758,0.00439974512198768,OR,2024-01-30,1,1,1,1,0,0,1,1
1579,0.993157670114101,0.2309392419871965,OR,2024-01-31,1,1,1,0,1,0,1,0
1580,0.0258742311067758,0.003372839775905075,OR,2024-02-01,1,1,1,1,1,0,1,0
1581,0.0451618857905463,0.002950499940567675,OR,2024-02-02,1,1,1,1,1,1,1,1
1582,0.00652871689982697,0.002579663200625215,OR,2024-02-03,1,1,1,1,1,0,1,0
1583,0.105861191752219,0.002254314132380525,OR,2024-02-04,1,1,1,1,1,0,1,0
1584,0.132204457585644,0.001969089675346475,OR,2024-02-05,1,1,1,1,1,1,1,1
1585,0.109122943624774,0.001719217864166125,OR,2024-02-06,1,1,1,1,1,1,1,1
1586,0.0788474779883543,0.001500460491295555,OR,2024-02-07,1,1,1,1,1,1,1,1
1587,0.114315087278876,0.001309059828434775,OR,2024-02-08,1,1,1,1,0,0,1,1
1588,0.0286482034732899,0.00114168942889715,OR,2024-02-09,1,1,1,1,1,0,1,0
1589,0.0361603803393607,9.95408950584215e-4,OR,2024-02-10,1,1,1,1,1,1,1,1
1590,1.04533165062315,0.137680731097794,OR,2024-02-11,1,0,1,0,1,0,1,0
1591,0.968852696866706,0.1586063729688295,OR,2024-02-12,0,0,1,1,0,0,1,1
1592,0.0100029870075016,6.58654230923375e-4,OR,2024-02-13,1,1,1,1,1,1,1,1
1593,0.035093932638473,5.7368422812318e-4,OR,2024-02-14,1,1,1,1,1,1,1,1
1594,NA,NA,OR,2024-02-15,NA,NA,NA,NA,NA,NA,NA,NA
1595,NA,NA,OR,2024-02-16,NA,NA,NA,NA,NA,NA,NA,NA
1596,0.0227293011666443,3.7863969139422e-4,OR,2024-02-17,1,1,1,1,1,1,1,1
1597,0.604144003396736,0.228642967913439,PA,2024-01-07,1,1,1,1,1,0,1,0
1598,3.79905411321193,0.2443893212051675,PA,2024-01-08,1,0,1,0,0,0,1,0
1599,0.87206543865472,0.141258584560053,PA,2024-01-09,1,1,1,1,1,0,1,0
1600,1.0352665897284,0.127624558750757,PA,2024-01-10,1,1,1,1,0,0,1,0
1601,1.77871537593004,0.1054806666153035,PA,2024-01-11,0,1,1,1,0,0,1,0
1602,1.46935726792139,0.2414594297415185,PA,2024-01-12,1,1,1,0,0,0,1,0
1603,0.60772015868372,0.1157752852447985,PA,2024-01-13,1,1,1,1,1,0,1,0
1604,1.44389665620215,0.22932333515269,PA,2024-01-14,0,0,1,1,0,0,1,1
1605,0.819052781458327,0.067435542326528,PA,2024-01-15,1,1,1,1,0,0,1,1
1606,0.768112256360472,0.1088615240774885,PA,2024-01-16,1,1,1,1,0,0,1,0
1607,1.13394681297801,0.04493778667324485,PA,2024-01-17,1,1,1,1,0,0,1,1
1608,1.03740399552583,0.04316431728928025,PA,2024-01-18,1,1,1,1,0,0,1,0
1609,0.713726360409136,0.1306797647003625,PA,2024-01-19,1,1,1,0,0,0,1,0
1610,0.155423705980649,0.0065837788295469,PA,2024-01-20,1,1,1,1,1,1,1,1
1611,1.13408863900234,0.445716358590302,PA,2024-01-21,1,0,1,0,1,0,1,0
1612,1.58613818883824,0.094918979025415,PA,2024-01-22,0,1,1,1,0,0,1,1
1613,0.838396136177517,0.00435444206980534,PA,2024-01-23,1,1,1,1,1,1,1,1
1614,0.554022684712716,0.077620107298947,PA,2024-01-24,1,1,1,1,1,1,1,1
1615,1.48675125081518,0.117000226850467,PA,2024-01-25,1,1,1,0,0,0,1,0
1616,0.0393894059125364,0.00286045973445208,PA,2024-01-26,1,1,1,1,1,1,1,1
1617,0.0814810435303214,0.00248340019388849,PA,2024-01-27,1,1,1,1,1,1,1,1
1618,0.00954111374672176,0.00215481959558707,PA,2024-01-28,1,1,1,1,1,1,1,1
1619,0.351070841718985,0.001868727275388865,PA,2024-01-29,1,1,1,1,0,0,1,0
1620,0.267403743477382,0.00161982534614831,PA,2024-01-30,1,1,1,1,0,0,1,0
1621,1.54326743217113,0.106780975170117,PA,2024-01-31,1,0,0,0,1,0,0,0
1622,0.0714872839421494,0.001215445505946255,PA,2024-02-01,1,1,1,1,1,1,1,1
1623,0.0670842609721358,0.00105222530371213,PA,2024-02-02,1,1,1,1,1,1,1,1
1624,0.0150260476302546,9.1059604393507e-4,PA,2024-02-03,1,1,1,1,1,1,1,1
1625,0.0490482340377833,7.8776840141155e-4,PA,2024-02-04,1,1,1,1,1,1,1,1
1626,0.662031244629246,0.0403146567314681,PA,2024-02-05,1,1,1,1,0,0,1,1
1627,0.0692161680483098,5.89054881827915e-4,PA,2024-02-06,1,1,1,1,1,1,1,1
1628,0.0570507941458191,5.09167333195555e-4,PA,2024-02-07,1,1,1,1,1,1,1,1
1629,1.81247424826456,0.121413799072511,PA,2024-02-08,0,0,0,1,0,0,0,1
1630,1.76069983561052,0.1024902327049545,PA,2024-02-09,0,0,0,1,0,0,0,0
1631,0.0140950335140357,3.28388691655595e-4,PA,2024-02-10,1,1,1,1,1,1,1,1
1632,0.0071162302568779,2.8361462301297e-4,PA,2024-02-11,1,1,1,1,1,1,1,1
1633,0.860451629124106,0.040686558905206,PA,2024-02-12,0,1,1,1,0,0,1,1
1634,0.0372722591831484,2.114457330898e-4,PA,2024-02-13,1,1,1,1,1,1,1,1
1635,1.11195500142624,0.061394957611308,PA,2024-02-14,1,0,1,0,1,0,1,0
1636,0.00717829905189167,1.57554073883125e-4,PA,2024-02-15,1,1,1,1,1,1,1,1
1637,1.17187926468895,0.0756956427998135,PA,2024-02-16,1,0,1,0,1,0,1,0
1638,3.5323604598117e-4,1.1734493410307e-4,PA,2024-02-17,1,1,1,1,1,1,1,1
1639,NA,NA,PR,2024-01-07,NA,NA,NA,NA,NA,NA,NA,NA
1640,NA,NA,PR,2024-01-08,NA,NA,NA,NA,NA,NA,NA,NA
1641,NA,NA,PR,2024-01-09,NA,NA,NA,NA,NA,NA,NA,NA
1642,NA,NA,PR,2024-01-10,NA,NA,NA,NA,NA,NA,NA,NA
1643,NA,NA,PR,2024-01-11,NA,NA,NA,NA,NA,NA,NA,NA
1644,NA,NA,PR,2024-01-12,NA,NA,NA,NA,NA,NA,NA,NA
1645,NA,NA,PR,2024-01-13,NA,NA,NA,NA,NA,NA,NA,NA
1646,NA,NA,PR,2024-01-14,NA,NA,NA,NA,NA,NA,NA,NA
1647,NA,NA,PR,2024-01-15,NA,NA,NA,NA,NA,NA,NA,NA
1648,NA,NA,PR,2024-01-16,NA,NA,NA,NA,NA,NA,NA,NA
1649,NA,NA,PR,2024-01-17,NA,NA,NA,NA,NA,NA,NA,NA
1650,NA,NA,PR,2024-01-18,NA,NA,NA,NA,NA,NA,NA,NA
1651,NA,NA,PR,2024-01-19,NA,NA,NA,NA,NA,NA,NA,NA
1652,NA,NA,PR,2024-01-20,NA,NA,NA,NA,NA,NA,NA,NA
1653,NA,NA,PR,2024-01-21,NA,NA,NA,NA,NA,NA,NA,NA
1654,NA,NA,PR,2024-01-22,NA,NA,NA,NA,NA,NA,NA,NA
1655,NA,NA,PR,2024-01-23,NA,NA,NA,NA,NA,NA,NA,NA
1656,NA,NA,PR,2024-01-24,NA,NA,NA,NA,NA,NA,NA,NA
1657,NA,NA,PR,2024-01-25,NA,NA,NA,NA,NA,NA,NA,NA
1658,NA,NA,PR,2024-01-26,NA,NA,NA,NA,NA,NA,NA,NA
1659,NA,NA,PR,2024-01-27,NA,NA,NA,NA,NA,NA,NA,NA
1660,NA,NA,PR,2024-01-28,NA,NA,NA,NA,NA,NA,NA,NA
1661,NA,NA,PR,2024-01-29,NA,NA,NA,NA,NA,NA,NA,NA
1662,NA,NA,PR,2024-01-30,NA,NA,NA,NA,NA,NA,NA,NA
1663,NA,NA,PR,2024-01-31,NA,NA,NA,NA,NA,NA,NA,NA
1664,NA,NA,PR,2024-02-01,NA,NA,NA,NA,NA,NA,NA,NA
1665,NA,NA,PR,2024-02-02,NA,NA,NA,NA,NA,NA,NA,NA
1666,NA,NA,PR,2024-02-03,NA,NA,NA,NA,NA,NA,NA,NA
1667,NA,NA,PR,2024-02-04,NA,NA,NA,NA,NA,NA,NA,NA
1668,NA,NA,PR,2024-02-05,NA,NA,NA,NA,NA,NA,NA,NA
1669,NA,NA,PR,2024-02-06,NA,NA,NA,NA,NA,NA,NA,NA
1670,NA,NA,PR,2024-02-07,NA,NA,NA,NA,NA,NA,NA,NA
1671,NA,NA,PR,2024-02-08,NA,NA,NA,NA,NA,NA,NA,NA
1672,NA,NA,PR,2024-02-09,NA,NA,NA,NA,NA,NA,NA,NA
1673,NA,NA,PR,2024-02-10,NA,NA,NA,NA,NA,NA,NA,NA
1674,NA,NA,PR,2024-02-11,NA,NA,NA,NA,NA,NA,NA,NA
1675,NA,NA,PR,2024-02-12,NA,NA,NA,NA,NA,NA,NA,NA
1676,NA,NA,PR,2024-02-13,NA,NA,NA,NA,NA,NA,NA,NA
1677,NA,NA,PR,2024-02-14,NA,NA,NA,NA,NA,NA,NA,NA
1678,NA,NA,PR,2024-02-15,NA,NA,NA,NA,NA,NA,NA,NA
1679,NA,NA,PR,2024-02-16,NA,NA,NA,NA,NA,NA,NA,NA
1680,NA,NA,PR,2024-02-17,NA,NA,NA,NA,NA,NA,NA,NA
1681,0.0230372843291606,0.0223346701175875,RI,2024-01-07,1,1,1,1,1,1,1,1
1682,1.20302492484571,0.084197407706388,RI,2024-01-08,1,1,1,1,1,0,1,0
1683,1.72572621520746,0.0454759715635938,RI,2024-01-09,1,0,1,1,0,1,1,0
1684,2.17255701375917,0.0154116968812724,RI,2024-01-10,0,0,1,1,0,0,0,0
1685,2.32586224091348,0.280254210316037,RI,2024-01-11,0,0,1,0,0,0,1,1
1686,4.86448493169797,0.3105046413515565,RI,2024-01-12,0,0,1,0,0,0,1,0
1687,0.0407846899781126,0.0105103341919943,RI,2024-01-13,1,1,1,1,1,1,1,1
1688,0.113539458657206,0.0092302060388655,RI,2024-01-14,1,1,1,1,1,1,1,1
1689,0.0276860267111538,0.0080976019333999,RI,2024-01-15,1,1,1,1,1,1,1,1
1690,0.325797640197272,0.0070970572079799,RI,2024-01-16,1,1,1,1,1,1,1,1
1691,0.481322385676973,0.0718789600708615,RI,2024-01-17,1,1,1,1,1,1,1,1
1692,0.428262942525368,0.00543693407655345,RI,2024-01-18,1,1,1,1,0,0,1,1
1693,0.0183799126235785,0.00475287021527007,RI,2024-01-19,1,1,1,1,1,1,1,1
1694,0.056305971285653,0.00415174542254704,RI,2024-01-20,1,1,1,1,1,1,1,1
1695,0.0121528286188222,0.003624095683448415,RI,2024-01-21,1,1,1,1,1,1,1,1
1696,0.313574735033252,0.003161426047783875,RI,2024-01-22,1,1,1,1,1,0,1,0
1697,0.136503290401033,0.00275613222476747,RI,2024-01-23,1,1,1,1,1,1,1,1
1698,0.063781519746518,0.002401424458060695,RI,2024-01-24,1,1,1,1,1,1,1,1
1699,0.272894581502746,0.002091254546740485,RI,2024-01-25,1,1,1,1,1,1,1,1
1700,0.223250730356512,0.00182024662939821,RI,2024-01-26,1,1,1,1,1,1,1,1
1701,0.0242629512072467,0.0015836321397606,RI,2024-01-27,1,1,1,1,1,1,1,1
1702,0.0521528519707561,0.001377189169962635,RI,2024-01-28,1,1,1,1,1,1,1,1
1703,0.0811532844001381,0.001197186338352565,RI,2024-01-29,1,1,1,1,1,1,1,1
1704,0.143004337138852,0.00104033114865635,RI,2024-01-30,1,1,1,1,1,1,1,1
1705,0.0404067230843576,9.0372274261846e-4,RI,2024-01-31,1,1,1,1,1,1,1,1
1706,0.0876623277022523,7.84808885141915e-4,RI,2024-02-01,1,1,1,1,1,1,1,1
1707,0.0209632536675739,6.81346975984105e-4,RI,2024-02-02,1,1,1,1,1,1,1,1
1708,0.0103525160917316,5.91368852047395e-4,RI,2024-02-03,1,1,1,1,0,0,1,1
1709,0.013525952992819,5.1314912639899e-4,RI,2024-02-04,1,1,1,1,1,1,1,1
1710,0.0504616046236979,4.45176801881655e-4,RI,2024-02-05,1,1,1,1,1,1,1,1
1711,0.913914994305449,0.051068769446624,RI,2024-02-06,0,0,1,1,0,0,1,1
1712,0.0128551657432247,3.34852821891855e-4,RI,2024-02-07,1,1,1,1,1,1,1,1
1713,0.00344117252728779,2.9033626805053e-4,RI,2024-02-08,1,1,1,1,1,1,1,1
1714,0.00419466320078742,2.5169935398262e-4,RI,2024-02-09,1,1,1,1,1,1,1,1
1715,0.0024151063029416,2.1817382486665e-4,RI,2024-02-10,1,1,1,1,1,1,1,1
1716,0.00341826466572959,1.89090085881895e-4,RI,2024-02-11,1,1,1,1,1,1,1,1
1717,0.0121865465433468,1.6386488128082e-4,RI,2024-02-12,1,1,1,1,1,1,1,1
1718,1.0723981424308e-4,1.41990442177045e-4,RI,2024-02-13,1,1,1,1,1,1,1,1
1719,0.00354524344264227,1.2302494199283e-4,RI,2024-02-14,1,1,1,1,1,1,1,1
1720,0.00303503390985581,1.06584113313165e-4,RI,2024-02-15,1,1,1,1,1,1,1,1
1721,1.32854475372054,0.2455363457145565,RI,2024-02-16,0,0,1,1,0,0,1,1
1722,8.63518799524756e-5,7.998398320309e-5,RI,2024-02-17,1,1,1,1,1,1,1,1
1723,1.6044672799704,0.521364136208035,SC,2024-01-07,0,0,1,1,0,0,1,1
1724,1.3393897936117,0.153182815205717,SC,2024-01-08,1,0,1,1,1,1,1,1
1725,0.118064728190104,0.0899203911674955,SC,2024-01-09,1,1,1,1,1,0,1,0
1726,1.63235957210646,0.4560847781822105,SC,2024-01-10,0,0,1,1,1,0,1,0
1727,0.583405674844843,0.328861529245975,SC,2024-01-11,1,1,1,1,0,0,1,1
1728,0.615245127877049,0.333208150596516,SC,2024-01-12,1,1,1,1,0,0,1,1
1729,NA,NA,SC,2024-01-13,NA,NA,NA,NA,NA,NA,NA,NA
1730,NA,NA,SC,2024-01-14,NA,NA,NA,NA,NA,NA,NA,NA
1731,0.937060946902873,0.64477420711612,SC,2024-01-15,0,1,1,1,0,0,1,1
1732,0.334725375927435,0.04517334518315855,SC,2024-01-16,1,1,1,1,0,0,1,0
1733,NA,NA,SC,2024-01-17,NA,NA,NA,NA,NA,NA,NA,NA
1734,0.538612168049593,0.174272946572823,SC,2024-01-18,1,1,1,1,1,0,1,0
1735,0.839451646261822,0.385753502459411,SC,2024-01-19,1,1,1,0,0,1,1,0
1736,NA,NA,SC,2024-01-20,NA,NA,NA,NA,NA,NA,NA,NA
1737,NA,NA,SC,2024-01-21,NA,NA,NA,NA,NA,NA,NA,NA
1738,0.191358515991421,0.02338913819069955,SC,2024-01-22,1,1,1,1,1,1,1,1
1739,0.0911888664671999,0.0208538257398994,SC,2024-01-23,1,1,1,1,1,1,1,1
1740,1.13892115221709,0.799695263619135,SC,2024-01-24,1,0,1,0,1,0,1,0
1741,0.528527994491371,0.1438491726637075,SC,2024-01-25,1,1,1,1,0,0,1,1
1742,0.184694190691898,0.0146731579208,SC,2024-01-26,1,1,1,1,0,0,1,1
1743,NA,NA,SC,2024-01-27,NA,NA,NA,NA,NA,NA,NA,NA
1744,1.19851930787658,0.81345785792785,SC,2024-01-28,0,0,1,1,0,0,1,1
1745,0.155447515775006,0.010224744801477,SC,2024-01-29,1,1,1,1,1,0,0,1
1746,0.0779919496131607,0.00904780570527505,SC,2024-01-30,1,1,1,1,0,0,1,1
1747,0.0304671027634139,0.00799951151212135,SC,2024-01-31,1,1,1,1,0,0,1,1
1748,0.0314629948742065,0.0070669996794895,SC,2024-02-01,1,1,1,1,1,1,1,1
1749,1.03638341669897,0.2981735488290545,SC,2024-02-02,1,0,1,0,1,0,1,0
1750,NA,NA,SC,2024-02-03,NA,NA,NA,NA,NA,NA,NA,NA
1751,0.00464898666400139,0.004851374840074415,SC,2024-02-04,1,1,1,1,1,1,1,1
1752,2.15311652814737,0.3555879850632785,SC,2024-02-05,0,0,1,1,0,0,1,1
1753,0.0303904612680115,0.00376332292826537,SC,2024-02-06,1,1,1,1,0,0,1,1
1754,1.92873560383008,0.4541125033713735,SC,2024-02-07,0,0,1,0,0,0,1,0
1755,0.957450964966471,0.182747762556173,SC,2024-02-08,0,0,1,1,0,0,1,1
1756,0.021380258321944,0.002560972021832165,SC,2024-02-09,1,1,1,1,1,1,1,1
1757,0.00229938397716926,0.00225052240941874,SC,2024-02-10,1,1,1,1,1,1,1,1
1758,NA,NA,SC,2024-02-11,NA,NA,NA,NA,NA,NA,NA,NA
1759,0.0887674475340293,0.00173589649559333,SC,2024-02-12,1,1,1,1,1,1,1,1
1760,0.0361443565510846,0.001523739396163105,SC,2024-02-13,1,1,1,1,1,1,1,1
1761,0.00462315596120606,0.00133708011766916,SC,2024-02-14,1,1,1,1,1,1,1,1
1762,0.0180447516676225,0.00117293729420489,SC,2024-02-15,1,1,1,1,1,1,1,1
1763,0.0122779728502201,0.001028662557822835,SC,2024-02-16,1,1,1,1,1,1,1,1
1764,NA,NA,SC,2024-02-17,NA,NA,NA,NA,NA,NA,NA,NA
1765,NA,NA,SD,2024-01-07,NA,NA,NA,NA,NA,NA,NA,NA
1766,NA,NA,SD,2024-01-08,NA,NA,NA,NA,NA,NA,NA,NA
1767,NA,NA,SD,2024-01-09,NA,NA,NA,NA,NA,NA,NA,NA
1768,NA,NA,SD,2024-01-10,NA,NA,NA,NA,NA,NA,NA,NA
1769,NA,NA,SD,2024-01-11,NA,NA,NA,NA,NA,NA,NA,NA
1770,NA,NA,SD,2024-01-12,NA,NA,NA,NA,NA,NA,NA,NA
1771,NA,NA,SD,2024-01-13,NA,NA,NA,NA,NA,NA,NA,NA
1772,NA,NA,SD,2024-01-14,NA,NA,NA,NA,NA,NA,NA,NA
1773,NA,NA,SD,2024-01-15,NA,NA,NA,NA,NA,NA,NA,NA
1774,0.0738313241071872,0.0420448585340211,SD,2024-01-16,1,1,1,1,1,1,1,1
1775,2.03040935344888,0.55532269564909,SD,2024-01-17,1,0,0,1,0,1,0,1
1776,NA,NA,SD,2024-01-18,NA,NA,NA,NA,NA,NA,NA,NA
1777,0.0534221576634071,0.0301615253308677,SD,2024-01-19,1,1,1,1,1,1,1,1
1778,NA,NA,SD,2024-01-20,NA,NA,NA,NA,NA,NA,NA,NA
1779,0.254812876088158,0.02398438739585605,SD,2024-01-21,1,1,1,1,0,0,1,1
1780,NA,NA,SD,2024-01-22,NA,NA,NA,NA,NA,NA,NA,NA
1781,NA,NA,SD,2024-01-23,NA,NA,NA,NA,NA,NA,NA,NA
1782,NA,NA,SD,2024-01-24,NA,NA,NA,NA,NA,NA,NA,NA
1783,NA,NA,SD,2024-01-25,NA,NA,NA,NA,NA,NA,NA,NA
1784,NA,NA,SD,2024-01-26,NA,NA,NA,NA,NA,NA,NA,NA
1785,NA,NA,SD,2024-01-27,NA,NA,NA,NA,NA,NA,NA,NA
1786,NA,NA,SD,2024-01-28,NA,NA,NA,NA,NA,NA,NA,NA
1787,NA,NA,SD,2024-01-29,NA,NA,NA,NA,NA,NA,NA,NA
1788,NA,NA,SD,2024-01-30,NA,NA,NA,NA,NA,NA,NA,NA
1789,1.28559059843841,0.91065292660907,SD,2024-01-31,1,0,0,1,1,0,0,1
1790,1.16427518921865,0.461012023671326,SD,2024-02-01,1,0,0,1,0,1,0,1
1791,NA,NA,SD,2024-02-02,NA,NA,NA,NA,NA,NA,NA,NA
1792,NA,NA,SD,2024-02-03,NA,NA,NA,NA,NA,NA,NA,NA
1793,0.00746390804240878,0.004242932329672945,SD,2024-02-04,1,1,1,1,1,1,1,1
1794,1.19202143621773,0.462436852372717,SD,2024-02-05,1,0,1,0,0,1,1,0
1795,1.23685485683635,0.4705935631586905,SD,2024-02-06,1,0,0,1,1,0,0,1
1796,NA,NA,SD,2024-02-07,NA,NA,NA,NA,NA,NA,NA,NA
1797,NA,NA,SD,2024-02-08,NA,NA,NA,NA,NA,NA,NA,NA
1798,NA,NA,SD,2024-02-09,NA,NA,NA,NA,NA,NA,NA,NA
1799,NA,NA,SD,2024-02-10,NA,NA,NA,NA,NA,NA,NA,NA
1800,NA,NA,SD,2024-02-11,NA,NA,NA,NA,NA,NA,NA,NA
1801,NA,NA,SD,2024-02-12,NA,NA,NA,NA,NA,NA,NA,NA
1802,NA,NA,SD,2024-02-13,NA,NA,NA,NA,NA,NA,NA,NA
1803,NA,NA,SD,2024-02-14,NA,NA,NA,NA,NA,NA,NA,NA
1804,NA,NA,SD,2024-02-15,NA,NA,NA,NA,NA,NA,NA,NA
1805,NA,NA,SD,2024-02-16,NA,NA,NA,NA,NA,NA,NA,NA
1806,NA,NA,SD,2024-02-17,NA,NA,NA,NA,NA,NA,NA,NA
1807,1.20326694740931,0.417560738886554,TN,2024-01-07,1,0,1,1,0,0,1,1
1808,1.43445926159701,0.364798159407223,TN,2024-01-08,1,0,1,0,0,0,1,0
1809,1.01836180075124,0.0382414148736428,TN,2024-01-09,1,0,1,1,1,1,1,1
1810,1.40848616665545,0.3328097948587595,TN,2024-01-10,0,0,1,1,0,0,1,0
1811,2.04399884246113,0.760048215470515,TN,2024-01-11,1,0,0,1,0,0,0,0
1812,0.0590450424968524,0.02704842243663405,TN,2024-01-12,1,1,1,1,1,1,1,1
1813,0.0593771564093646,0.02402061826335185,TN,2024-01-13,1,1,1,1,1,1,1,1
1814,0.18232112684729,0.0212994295317257,TN,2024-01-14,1,1,1,1,0,0,1,1
1815,2.45409330643165,0.77737761502075,TN,2024-01-15,0,0,1,0,0,0,1,0
1816,0.844712185672116,0.4139658620188195,TN,2024-01-16,1,1,1,0,1,0,1,0
1817,0.348398309114633,0.01472615360415335,TN,2024-01-17,1,1,1,1,1,1,1,1
1818,0.119935239012262,0.0129884253965553,TN,2024-01-18,1,1,1,1,0,0,1,1
1819,0.455707289801497,0.171895903897792,TN,2024-01-19,1,1,1,1,1,1,1,1
1820,0.0332911104619889,0.010069508821097,TN,2024-01-20,1,1,1,1,1,1,1,1
1821,0.580079419976408,0.215283522202633,TN,2024-01-21,1,1,1,1,1,1,1,1
1822,NA,NA,TN,2024-01-22,NA,NA,NA,NA,NA,NA,NA,NA
1823,0.146085385019503,0.00682166865969075,TN,2024-01-23,1,1,1,1,1,1,1,1
1824,0.631272767244521,0.2200620796462125,TN,2024-01-24,1,1,1,1,0,0,1,1
1825,0.35167952249015,0.0052389502700236,TN,2024-01-25,1,1,1,1,1,1,1,1
1826,0.15486665368228,0.004585856023564655,TN,2024-01-26,1,1,1,1,1,1,1,1
1827,0.0491379959142012,0.00401135655585276,TN,2024-01-27,1,1,1,1,0,0,1,1
1828,0.0367144019817671,0.00350652474585742,TN,2024-01-28,1,1,1,1,1,1,1,1
1829,1.12741104908293,0.313945939724763,TN,2024-01-29,1,0,0,1,1,0,0,1
1830,0.115444500981594,0.002674655333698625,TN,2024-01-30,1,1,1,1,1,1,1,1
1831,0.186360657264246,0.00233403993300103,TN,2024-01-31,1,1,1,1,1,0,1,0
1832,0.0226888498778558,0.00203579456307737,TN,2024-02-01,1,1,1,1,1,1,1,1
1833,0.0061774969622993,0.001774843662656875,TN,2024-02-02,1,1,1,1,1,1,1,1
1834,0.0341239317604599,0.00154668242901703,TN,2024-02-03,1,1,1,1,1,1,1,1
1835,0.0182824162091604,0.00134731972552889,TN,2024-02-04,1,1,1,1,1,1,1,1
1836,0.0516553150590542,0.0011732253312858,TN,2024-02-05,1,1,1,1,1,1,1,1
1837,0.0938382194978082,0.00102128148315122,TN,2024-02-06,1,1,1,1,1,0,1,0
1838,0.0531338103462904,8.8873858953346e-4,TN,2024-02-07,1,1,1,1,1,1,1,1
1839,0.0175949294220522,7.73174943062415e-4,TN,2024-02-08,1,1,1,1,1,1,1,1
1840,1.11481447513136,0.1928137149064055,TN,2024-02-09,1,0,1,0,1,0,1,0
1841,0.964146421918782,0.1914642386694195,TN,2024-02-10,0,0,1,1,0,0,1,1
1842,0.0377720391531968,5.08318878751655e-4,TN,2024-02-11,1,1,1,1,1,1,1,1
1843,0.859755099244426,0.064998089602642,TN,2024-02-12,1,1,1,0,1,0,1,0
1844,0.0468384983558839,3.83928751599695e-4,TN,2024-02-13,1,1,1,1,1,1,1,1
1845,1.78125384945965,0.1765204863092285,TN,2024-02-14,0,0,1,0,1,0,1,0
1846,0.039447947910759,2.89780420644785e-4,TN,2024-02-15,1,1,1,1,1,1,1,1
1847,1.22599775807173,0.1636885752835775,TN,2024-02-16,1,0,0,1,1,0,0,1
1848,2.72223291157284,0.97817693056661,TN,2024-02-17,1,0,1,0,1,0,1,0
1849,NA,NA,TX,2024-01-07,NA,NA,NA,NA,NA,NA,NA,NA
1850,1.80883547369599,0.242831390015379,TX,2024-01-08,1,0,1,0,0,0,1,0
1851,0.726774410151378,0.089175216107858,TX,2024-01-09,1,1,1,1,0,0,1,0
1852,0.580357102270931,0.2080402128765065,TX,2024-01-10,1,1,1,1,0,0,1,1
1853,0.905497406979245,0.01689183245443495,TX,2024-01-11,1,0,1,1,1,1,1,1
1854,0.669076437924867,0.0941931910998135,TX,2024-01-12,1,1,1,1,0,0,1,1
1855,0.0700368511269776,0.0128633413405226,TX,2024-01-13,1,1,1,1,1,1,1,1
1856,0.369792044692441,0.0112011001057705,TX,2024-01-14,1,1,1,1,0,0,1,0
1857,0.190166723905525,0.0097408186211294,TX,2024-01-15,1,1,1,1,1,1,1,1
1858,0.798139277101039,0.176645347728431,TX,2024-01-16,1,1,1,1,1,1,1,1
1859,1.81855776787381,0.170433273101497,TX,2024-01-17,1,1,0,1,0,0,0,1
1860,1.4442067187118801,0.3512012326903685,TX,2024-01-18,0,0,1,0,1,0,1,0
1861,3.16300547362535,0.3090761277722,TX,2024-01-19,1,0,0,1,1,0,0,1
1862,0.286735908004613,0.0047628353329771,TX,2024-01-20,1,1,1,1,0,0,1,1
1863,4.05369116760071,0.715409391539395,TX,2024-01-21,0,0,1,0,0,0,1,0
1864,2.97708724481146,0.1855844108186165,TX,2024-01-22,1,0,0,0,0,0,0,0
1865,1.36838188078719,0.115684651058837,TX,2024-01-23,0,1,1,1,0,1,1,0
1866,0.313641755233225,0.00264349345840081,TX,2024-01-24,1,1,1,1,1,1,1,1
1867,0.690562447149004,0.0859749410263495,TX,2024-01-25,1,1,1,0,1,0,1,0
1868,0.232452607617318,0.00196121667801219,TX,2024-01-26,1,1,1,1,1,1,1,1
1869,NA,NA,TX,2024-01-27,NA,NA,NA,NA,NA,NA,NA,NA
1870,NA,NA,TX,2024-01-28,NA,NA,NA,NA,NA,NA,NA,NA
1871,1.38307918750369,0.1067411646397405,TX,2024-01-29,1,0,0,1,1,0,0,0
1872,3.71584711784178,0.1590462934656495,TX,2024-01-30,1,0,0,0,0,0,0,0
1873,0.934228211358992,0.0467900003586476,TX,2024-01-31,1,1,0,1,0,0,0,0
1874,0.507337722423734,0.0359478663189646,TX,2024-02-01,1,1,1,1,0,0,1,1
1875,0.936892416701148,0.04679365165516555,TX,2024-02-02,1,1,0,1,1,0,0,1
1876,0.0132264738560094,5.8270399354824e-4,TX,2024-02-03,1,1,1,1,1,1,1,1
1877,0.00794624649869914,4.99873378006565e-4,TX,2024-02-04,1,1,1,1,1,1,1,1
1878,0.00530473324497847,4.2870317930501e-4,TX,2024-02-05,1,1,1,1,1,1,1,1
1879,0.0174092754421938,3.6757685300721e-4,TX,2024-02-06,1,1,1,1,1,1,1,1
1880,1.29879498224632,0.2449185536275045,TX,2024-02-07,1,0,0,1,1,0,0,1
1881,1.26671803403653,0.2435774459619075,TX,2024-02-08,1,0,1,0,1,0,1,0
1882,3.7992847444637e-4,2.31409725125435e-4,TX,2024-02-09,1,1,1,1,1,1,1,1
1883,0.00654434947866296,1.98262034657915e-4,TX,2024-02-10,1,1,1,1,1,1,1,1
1884,NA,NA,TX,2024-02-11,NA,NA,NA,NA,NA,NA,NA,NA
1885,0.0968244606703685,1.45468386716075e-4,TX,2024-02-12,1,1,1,1,1,1,1,1
1886,8.4155145293918e-4,1.2458114313688e-4,TX,2024-02-13,1,1,1,1,1,1,1,1
1887,0.0196561698619644,1.0668165642291e-4,TX,2024-02-14,1,1,1,1,1,1,1,1
1888,1.26258300779407,0.0989229885421995,TX,2024-02-15,1,0,0,1,1,0,0,1
1889,0.0017672510340881,7.820713853164e-5,TX,2024-02-16,1,1,1,1,1,1,1,1
1890,1.4655495132364e-4,6.6953757333325e-5,TX,2024-02-17,1,1,1,1,1,1,1,1
1891,NA,NA,UT,2024-01-07,NA,NA,NA,NA,NA,NA,NA,NA
1892,0.487684276839633,0.325225565602266,UT,2024-01-08,1,1,1,1,0,1,1,0
1893,NA,NA,UT,2024-01-09,NA,NA,NA,NA,NA,NA,NA,NA
1894,NA,NA,UT,2024-01-10,NA,NA,NA,NA,NA,NA,NA,NA
1895,NA,NA,UT,2024-01-11,NA,NA,NA,NA,NA,NA,NA,NA
1896,NA,NA,UT,2024-01-12,NA,NA,NA,NA,NA,NA,NA,NA
1897,NA,NA,UT,2024-01-13,NA,NA,NA,NA,NA,NA,NA,NA
1898,NA,NA,UT,2024-01-14,NA,NA,NA,NA,NA,NA,NA,NA
1899,NA,NA,UT,2024-01-15,NA,NA,NA,NA,NA,NA,NA,NA
1900,NA,NA,UT,2024-01-16,NA,NA,NA,NA,NA,NA,NA,NA
1901,NA,NA,UT,2024-01-17,NA,NA,NA,NA,NA,NA,NA,NA
1902,NA,NA,UT,2024-01-18,NA,NA,NA,NA,NA,NA,NA,NA
1903,0.176837307869548,0.0271234498813,UT,2024-01-19,1,1,1,1,0,0,1,1
1904,NA,NA,UT,2024-01-20,NA,NA,NA,NA,NA,NA,NA,NA
1905,NA,NA,UT,2024-01-21,NA,NA,NA,NA,NA,NA,NA,NA
1906,0.0399016961887608,0.01906540571052255,UT,2024-01-22,1,1,1,1,1,1,1,1
1907,NA,NA,UT,2024-01-23,NA,NA,NA,NA,NA,NA,NA,NA
1908,NA,NA,UT,2024-01-24,NA,NA,NA,NA,NA,NA,NA,NA
1909,0.105387149136416,0.01322236149380295,UT,2024-01-25,1,1,1,1,1,0,1,0
1910,NA,NA,UT,2024-01-26,NA,NA,NA,NA,NA,NA,NA,NA
1911,NA,NA,UT,2024-01-27,NA,NA,NA,NA,NA,NA,NA,NA
1912,NA,NA,UT,2024-01-28,NA,NA,NA,NA,NA,NA,NA,NA
1913,NA,NA,UT,2024-01-29,NA,NA,NA,NA,NA,NA,NA,NA
1914,NA,NA,UT,2024-01-30,NA,NA,NA,NA,NA,NA,NA,NA
1915,NA,NA,UT,2024-01-31,NA,NA,NA,NA,NA,NA,NA,NA
1916,NA,NA,UT,2024-02-01,NA,NA,NA,NA,NA,NA,NA,NA
1917,0.0368131331162892,0.004727817957740905,UT,2024-02-02,1,1,1,1,1,1,1,1
1918,NA,NA,UT,2024-02-03,NA,NA,NA,NA,NA,NA,NA,NA
1919,NA,NA,UT,2024-02-04,NA,NA,NA,NA,NA,NA,NA,NA
1920,0.0270813165317084,0.0031664818367145,UT,2024-02-05,1,1,1,1,1,1,1,1
1921,NA,NA,UT,2024-02-06,NA,NA,NA,NA,NA,NA,NA,NA
1922,0.0414107943097035,0.00241550915936571,UT,2024-02-07,1,1,1,1,1,1,1,1
1923,NA,NA,UT,2024-02-08,NA,NA,NA,NA,NA,NA,NA,NA
1924,0.0340365357455999,0.00183826495277375,UT,2024-02-09,1,1,1,1,1,0,0,1
1925,NA,NA,UT,2024-02-10,NA,NA,NA,NA,NA,NA,NA,NA
1926,NA,NA,UT,2024-02-11,NA,NA,NA,NA,NA,NA,NA,NA
1927,0.00269358186410495,0.00121581085220261,UT,2024-02-12,1,1,1,1,1,1,1,1
1928,NA,NA,UT,2024-02-13,NA,NA,NA,NA,NA,NA,NA,NA
1929,NA,NA,UT,2024-02-14,NA,NA,NA,NA,NA,NA,NA,NA
1930,NA,NA,UT,2024-02-15,NA,NA,NA,NA,NA,NA,NA,NA
1931,NA,NA,UT,2024-02-16,NA,NA,NA,NA,NA,NA,NA,NA
1932,NA,NA,UT,2024-02-17,NA,NA,NA,NA,NA,NA,NA,NA
1933,0.0745733619603553,0.060005082801608,VA,2024-01-07,1,1,1,1,1,1,1,1
1934,0.671208657584317,0.231060814986183,VA,2024-01-08,1,1,1,1,0,0,1,0
1935,1.95201165567182,0.2276210352377375,VA,2024-01-09,0,1,0,1,0,1,0,0
1936,2.16708000757281,0.1327411065066095,VA,2024-01-10,0,0,0,1,0,0,0,0
1937,4.46289307580458,0.3924135348707905,VA,2024-01-11,1,0,0,0,0,0,0,0
1938,0.713550940612551,0.1640125029518205,VA,2024-01-12,1,1,1,1,0,0,0,1
1939,1.18411395863256,0.296263170828264,VA,2024-01-13,0,1,1,1,0,0,1,1
1940,1.13061854046899,0.090930434614648,VA,2024-01-14,1,1,1,1,0,0,1,1
1941,3.0843263650852,0.360157044803214,VA,2024-01-15,1,0,1,0,1,0,1,0
1942,1.30021331207549,0.1905643184102475,VA,2024-01-16,1,1,1,1,0,0,1,0
1943,1.28396603207683,0.060774478456968,VA,2024-01-17,1,0,1,1,0,0,1,1
1944,1.94264556842056,0.0848642348547845,VA,2024-01-18,0,1,1,1,0,0,1,1
1945,0.950901480185501,0.11659201131902899,VA,2024-01-19,1,1,0,1,1,0,0,1
1946,0.641972170105922,0.01424942421783365,VA,2024-01-20,1,1,1,1,1,1,1,1
1947,0.766339114420479,0.0961518810836005,VA,2024-01-21,1,1,1,1,0,0,1,1
1948,0.517234174736032,0.064384852949184,VA,2024-01-22,1,1,1,1,0,0,1,1
1949,1.414233440487,0.0099114016538636,VA,2024-01-23,1,0,1,1,0,0,1,1
1950,6.39574084783841,0.3246704735830795,VA,2024-01-24,1,0,1,0,1,0,1,0
1951,1.77544731539922,0.2257463902925595,VA,2024-01-25,1,0,1,0,0,0,1,0
1952,0.686071553532192,0.080169144069437,VA,2024-01-26,1,1,1,1,0,0,1,0
1953,1.83146283587113,0.28974264891172,VA,2024-01-27,0,0,1,1,0,0,1,1
1954,0.329156596633362,0.00531634575083625,VA,2024-01-28,1,1,1,1,1,1,1,1
1955,0.507638211074407,0.0836522381328495,VA,2024-01-29,1,1,1,1,0,0,1,1
1956,0.754940692515454,0.0608455708680385,VA,2024-01-30,1,1,1,0,1,0,1,0
1957,0.338925367609869,0.003627130600880755,VA,2024-01-31,1,1,1,1,0,0,1,1
1958,0.160821290100855,0.003189328997599915,VA,2024-02-01,1,1,1,1,1,1,1,1
1959,1.12408154481876,0.116702956268629,VA,2024-02-02,1,0,1,0,1,0,1,0
1960,0.0865434494374352,0.002462044018507305,VA,2024-02-03,1,1,1,1,1,1,1,1
1961,0.00298171373448076,0.002161648417493675,VA,2024-02-04,1,1,1,1,1,1,1,1
1962,1.45776525868261,0.106707950774896,VA,2024-02-05,1,0,0,0,0,0,0,0
1963,2.92702092855037,0.220564455907701,VA,2024-02-06,1,0,0,0,1,0,0,0
1964,0.918127479271112,0.0874489988599035,VA,2024-02-07,1,1,1,0,1,0,1,0
1965,1.81509602088494,0.147985292014607,VA,2024-02-08,1,0,0,0,0,0,0,0
1966,0.899560837083258,0.0744102513184985,VA,2024-02-09,1,1,1,0,0,0,1,1
1967,1.0304162561931,0.0965692255616735,VA,2024-02-10,1,0,1,0,1,0,1,0
1968,0.0499358314629775,8.60206734740495e-4,VA,2024-02-11,1,1,1,1,1,1,1,1
1969,2.94257321293782,0.170787976005346,VA,2024-02-12,1,0,0,0,0,0,0,0
1970,1.08608651190548,0.08146456317878,VA,2024-02-13,1,1,0,1,1,0,0,1
1971,1.09052748403831,0.088435252848187,VA,2024-02-14,1,0,1,0,1,0,1,0
1972,0.100759161220791,5.04897900194285e-4,VA,2024-02-15,1,1,1,1,0,0,1,1
1973,0.876144198826087,0.064393754728147,VA,2024-02-16,0,0,1,1,0,0,1,1
1974,0.0137429250206339,3.86344882272205e-4,VA,2024-02-17,1,1,1,1,1,1,1,1
1975,0.429730617933786,0.03073577675337525,VT,2024-01-07,1,1,1,1,0,0,1,1
1976,0.592138457935397,0.130301421106517,VT,2024-01-08,1,1,1,1,1,1,1,1
1977,2.48058049535934,0.3477941265115085,VT,2024-01-09,0,0,1,1,0,0,1,0
1978,1.02879862257188,0.320479239523745,VT,2024-01-10,1,0,1,1,1,0,1,0
1979,0.080847983865855,0.0186574718098153,VT,2024-01-11,1,1,1,1,0,0,1,1
1980,1.14635506233087,0.14718000947639,VT,2024-01-12,1,1,1,0,1,0,1,0
1981,1.23918806918485,0.331399419429639,VT,2024-01-13,1,0,1,1,1,0,1,0
1982,2.67433991581539,0.61834858008574,VT,2024-01-14,1,0,1,0,0,0,1,0
1983,0.711730412450699,0.2142430443229335,VT,2024-01-15,0,1,1,1,0,0,1,1
1984,0.0501857488081588,0.00966428862404065,VT,2024-01-16,1,1,1,1,1,1,1,1
1985,0.710113690318286,0.1756699775603795,VT,2024-01-17,0,1,1,1,0,0,1,0
1986,0.010715736555486,0.0073651463040773,VT,2024-01-18,1,1,1,1,0,0,1,1
1987,0.00949927247836263,0.0064196538987379,VT,2024-01-19,1,1,1,1,1,1,1,1
1988,0.00819051682511171,0.00559021023793595,VT,2024-01-20,1,1,1,1,1,1,1,1
1989,0.0252367098579837,0.004863589249840065,VT,2024-01-21,1,1,1,1,1,1,1,1
1990,0.0795386934014155,0.004227879136801475,VT,2024-01-22,1,1,1,1,1,1,1,1
1991,0.868213083149425,0.1535237005211205,VT,2024-01-23,1,1,1,0,1,0,1,0
1992,2.81412242930837,0.390476418292921,VT,2024-01-24,0,0,1,0,0,0,1,0
1993,2.13038629993531,0.304675579648852,VT,2024-01-25,0,0,1,1,0,0,1,1
1994,0.987818061983762,0.18613937596268,VT,2024-01-26,1,0,1,0,1,0,1,0
1995,0.0392334984475962,0.00207627785346388,VT,2024-01-27,1,1,1,1,1,1,1,1
1996,1.040471395908,0.232758533389181,VT,2024-01-28,0,0,1,1,0,0,1,1
1997,1.12156377508814,0.235226874472773,VT,2024-01-29,1,0,1,0,1,1,1,1
1998,0.0159125094112771,0.001345709728221365,VT,2024-01-30,1,1,1,1,1,1,1,1
1999,0.0174016507253236,0.00116350678088153,VT,2024-01-31,1,1,1,1,1,1,1,1
2000,0.0208011815950996,0.001005560463790655,VT,2024-02-01,1,1,1,1,1,1,1,1
2001,0.0129775108011454,8.6872489654576e-4,VT,2024-02-02,1,1,1,1,0,0,1,1
2002,9.9300419745512e-4,7.5024549989398e-4,VT,2024-02-03,1,1,1,1,1,1,1,1
2003,NA,NA,VT,2024-02-04,NA,NA,NA,NA,NA,NA,NA,NA
2004,0.00372940428602825,5.5902594249176e-4,VT,2024-02-05,1,1,1,1,1,1,1,1
2005,1.29524199071806,0.480651335937496,VT,2024-02-06,0,0,1,1,0,0,1,1
2006,0.00465014369032316,4.16080212426765e-4,VT,2024-02-07,1,1,1,1,1,1,1,1
2007,0.008139486530166,3.58832199570245e-4,VT,2024-02-08,1,1,1,1,1,1,1,1
2008,0.0296592593484938,3.09393647932915e-4,VT,2024-02-09,1,1,1,1,1,1,1,1
2009,2.7446697272006,0.9707062758628,VT,2024-02-10,0,0,1,1,0,0,1,1
2010,1.33952251493443,0.486500485656855,VT,2024-02-11,0,0,1,1,0,0,1,1
2011,0.02399333186321,1.9809754447959e-4,VT,2024-02-12,1,1,1,1,1,1,1,1
2012,0.00801079477297703,1.70684113770275e-4,VT,2024-02-13,1,1,1,1,1,1,1,1
2013,0.00855868893585407,1.4704360830269e-4,VT,2024-02-14,1,1,1,1,1,1,1,1
2014,0.00607690537952645,1.26661207849035e-4,VT,2024-02-15,1,1,1,1,1,1,1,1
2015,5.857389748077e-4,1.0909140573162e-4,VT,2024-02-16,1,1,1,1,1,1,1,1
2016,1.1600793831548e-4,9.3948869943875e-5,VT,2024-02-17,1,1,1,1,1,1,1,1
2017,0.417864507808469,0.1665898350754335,WA,2024-01-07,1,1,1,1,1,0,1,0
2018,5.54571843780962,0.409934184399741,WA,2024-01-08,1,0,1,0,0,0,1,0
2019,1.23827659427671,0.1629419313480355,WA,2024-01-09,1,1,0,1,0,1,0,1
2020,0.939092424956461,0.19503809828736,WA,2024-01-10,1,1,1,1,0,0,1,0
2021,1.57436008967702,0.198327781687633,WA,2024-01-11,0,1,1,1,0,0,1,0
2022,3.36705427788259,0.273868526388046,WA,2024-01-12,0,0,1,0,0,0,1,0
2023,0.583810484835246,0.171017284098954,WA,2024-01-13,1,1,1,1,1,0,1,0
2024,0.811442475739644,0.0224143477109779,WA,2024-01-14,1,1,1,1,1,0,1,0
2025,0.760851627574094,0.142440648444667,WA,2024-01-15,1,1,1,1,0,0,1,0
2026,0.808683813679587,0.161268176342754,WA,2024-01-16,1,1,1,1,1,0,1,0
2027,0.71416759320356,0.066570239829004,WA,2024-01-17,1,1,1,1,0,0,0,0
2028,0.669255591527134,0.1163807933174635,WA,2024-01-18,1,1,1,1,0,0,1,0
2029,0.410814785447936,0.100200312326093,WA,2024-01-19,1,1,1,1,1,1,1,1
2030,0.447911721893495,0.0838786936316085,WA,2024-01-20,1,1,1,1,0,0,1,1
2031,0.765268511130185,0.0093298261742586,WA,2024-01-21,1,1,1,1,0,0,1,1
2032,2.0375833134059,0.20726712959177,WA,2024-01-22,1,0,1,0,0,0,1,0
2033,1.19716862995712,0.147177685060662,WA,2024-01-23,0,1,1,1,0,0,1,0
2034,1.15999257912421,0.198546447256138,WA,2024-01-24,1,0,1,0,0,0,1,0
2035,2.39643940288094,0.1450761445452855,WA,2024-01-25,0,0,1,1,0,0,1,0
2036,1.02636155012799,0.1013330961819335,WA,2024-01-26,0,1,1,1,0,0,1,1
2037,0.482082246696392,0.04598537917657355,WA,2024-01-27,1,1,1,1,0,0,1,0
2038,0.573718403804921,0.00369292009161288,WA,2024-01-28,1,1,1,1,1,1,1,1
2039,0.755857443634953,0.0467977658660786,WA,2024-01-29,1,1,1,1,1,0,1,0
2040,2.92703192057728,0.231316716042584,WA,2024-01-30,0,0,0,0,0,0,0,0
2041,0.558368220640153,0.0671671260597885,WA,2024-01-31,1,1,1,1,0,0,1,1
2042,0.519813606272143,0.062950173675577,WA,2024-02-01,1,1,1,1,0,0,1,1
2043,0.382066251031018,0.00186583260796435,WA,2024-02-02,1,1,1,1,0,0,1,0
2044,0.945540158620599,0.1060916364278945,WA,2024-02-03,1,1,1,0,1,0,1,0
2045,0.837084736046217,0.117470312101286,WA,2024-02-04,0,1,1,1,0,0,1,1
2046,0.233839791982087,0.001231492485289075,WA,2024-02-05,1,1,1,1,1,1,1,1
2047,0.545581451460126,0.0479544594459923,WA,2024-02-06,1,1,1,1,0,0,0,1
2048,0.157656065221789,9.3176851667462e-4,WA,2024-02-07,1,1,1,1,0,0,1,1
2049,0.845854353154065,0.0487171111560972,WA,2024-02-08,1,1,1,0,0,0,1,1
2050,0.136935177261759,7.04088724270625e-4,WA,2024-02-09,1,1,1,1,0,0,1,1
2051,1.06051969443056,0.106477012655583,WA,2024-02-10,0,0,1,1,0,0,1,1
2052,0.00995325252942397,5.31458437427995e-4,WA,2024-02-11,1,1,1,1,1,1,1,1
2053,0.11943901431492,4.6156555563849e-4,WA,2024-02-12,1,1,1,1,1,1,1,1
2054,0.0337811554349259,4.00777749875815e-4,WA,2024-02-13,1,1,1,1,0,0,1,1
2055,0.0627301360693977,3.4792635232404e-4,WA,2024-02-14,1,1,1,1,1,1,1,1
2056,0.0247502955010364,3.01989234955955e-4,WA,2024-02-15,1,1,1,1,1,1,1,1
2057,0.0137647312946029,2.6207311463868e-4,WA,2024-02-16,1,1,1,1,0,0,1,1
2058,0.00477798808953761,2.2739786179354e-4,WA,2024-02-17,1,1,1,1,1,1,1,1
2059,NA,NA,WI,2024-01-07,NA,NA,NA,NA,NA,NA,NA,NA
2060,1.11750347404162,0.432113629474608,WI,2024-01-08,1,0,1,0,1,1,1,1
2061,0.614404237665511,0.2176204739669085,WI,2024-01-09,1,1,1,1,1,0,1,0
2062,0.333832920568083,0.060226519626159,WI,2024-01-10,1,1,1,1,1,1,1,1
2063,NA,NA,WI,2024-01-11,NA,NA,NA,NA,NA,NA,NA,NA
2064,0.0437661903073329,0.0490993690461659,WI,2024-01-12,1,1,1,1,1,1,1,1
2065,NA,NA,WI,2024-01-13,NA,NA,NA,NA,NA,NA,NA,NA
2066,NA,NA,WI,2024-01-14,NA,NA,NA,NA,NA,NA,NA,NA
2067,0.103694702025908,0.0356460679851752,WI,2024-01-15,1,1,1,1,1,1,1,1
2068,0.929634576282046,0.2640748183507805,WI,2024-01-16,1,1,1,1,0,1,1,0
2069,2.61108566795405,0.4830017474010255,WI,2024-01-17,1,0,0,1,1,0,0,1
2070,NA,NA,WI,2024-01-18,NA,NA,NA,NA,NA,NA,NA,NA
2071,NA,NA,WI,2024-01-19,NA,NA,NA,NA,NA,NA,NA,NA
2072,1.25384642541603,0.84822579849399,WI,2024-01-20,1,0,0,1,0,1,0,1
2073,NA,NA,WI,2024-01-21,NA,NA,NA,NA,NA,NA,NA,NA
2074,NA,NA,WI,2024-01-22,NA,NA,NA,NA,NA,NA,NA,NA
2075,1.07117639437088,0.4257352181894375,WI,2024-01-23,1,0,1,0,1,0,1,0
2076,1.17332068152842,0.444766737168125,WI,2024-01-24,1,0,0,1,1,0,0,1
2077,NA,NA,WI,2024-01-25,NA,NA,NA,NA,NA,NA,NA,NA
2078,1.25630056679347,0.86353169895573,WI,2024-01-26,1,0,1,0,1,0,1,0
2079,0.00635640911932049,0.0086945025595824,WI,2024-01-27,1,1,1,1,1,1,1,1
2080,0.0216323839822966,0.00767542168142305,WI,2024-01-28,1,1,1,1,1,1,1,1
2081,NA,NA,WI,2024-01-29,NA,NA,NA,NA,NA,NA,NA,NA
2082,NA,NA,WI,2024-01-30,NA,NA,NA,NA,NA,NA,NA,NA
2083,NA,NA,WI,2024-01-31,NA,NA,NA,NA,NA,NA,NA,NA
2084,0.00449246150839551,0.00462623044326934,WI,2024-02-01,1,1,1,1,1,1,1,1
2085,0.0511709873815706,0.004069466204424095,WI,2024-02-02,1,1,1,1,1,0,1,0
2086,NA,NA,WI,2024-02-03,NA,NA,NA,NA,NA,NA,NA,NA
2087,NA,NA,WI,2024-02-04,NA,NA,NA,NA,NA,NA,NA,NA
2088,0.00851024510197564,0.00276082540689024,WI,2024-02-05,1,1,1,1,1,1,1,1
2089,NA,NA,WI,2024-02-06,NA,NA,NA,NA,NA,NA,NA,NA
2090,NA,NA,WI,2024-02-07,NA,NA,NA,NA,NA,NA,NA,NA
2091,0.00136433425316848,0.001865257600824655,WI,2024-02-08,1,1,1,1,1,1,1,1
2092,2.29721441752511,0.948301110625775,WI,2024-02-09,1,0,0,0,1,0,0,0
2093,NA,NA,WI,2024-02-10,NA,NA,NA,NA,NA,NA,NA,NA
2094,7.0622997056962e-4,0.001256084491876815,WI,2024-02-11,1,1,1,1,1,1,1,1
2095,0.00389536928418588,0.00110032284220783,WI,2024-02-12,1,1,1,1,1,1,1,1
2096,1.33336619675506,0.482171605419603,WI,2024-02-13,1,0,0,1,1,0,0,1
2097,7.1427684568091e-4,8.43719328793015e-4,WI,2024-02-14,1,1,1,1,1,1,1,1
2098,NA,NA,WI,2024-02-15,NA,NA,NA,NA,NA,NA,NA,NA
2099,NA,NA,WI,2024-02-16,NA,NA,NA,NA,NA,NA,NA,NA
2100,NA,NA,WI,2024-02-17,NA,NA,NA,NA,NA,NA,NA,NA
2101,NA,NA,WV,2024-01-07,NA,NA,NA,NA,NA,NA,NA,NA
2102,NA,NA,WV,2024-01-08,NA,NA,NA,NA,NA,NA,NA,NA
2103,NA,NA,WV,2024-01-09,NA,NA,NA,NA,NA,NA,NA,NA
2104,0.708767845583287,0.562866038632695,WV,2024-01-10,1,1,1,0,0,1,1,0
2105,NA,NA,WV,2024-01-11,NA,NA,NA,NA,NA,NA,NA,NA
2106,NA,NA,WV,2024-01-12,NA,NA,NA,NA,NA,NA,NA,NA
2107,NA,NA,WV,2024-01-13,NA,NA,NA,NA,NA,NA,NA,NA
2108,0.787901947387001,0.613059986502165,WV,2024-01-14,1,1,1,0,1,1,0,0
2109,NA,NA,WV,2024-01-15,NA,NA,NA,NA,NA,NA,NA,NA
2110,NA,NA,WV,2024-01-16,NA,NA,NA,NA,NA,NA,NA,NA
2111,0.456764790145751,0.0833223262158645,WV,2024-01-17,1,1,1,1,1,0,1,0
2112,0.853337029102372,0.664982558135065,WV,2024-01-18,1,1,1,0,1,0,1,0
2113,NA,NA,WV,2024-01-19,NA,NA,NA,NA,NA,NA,NA,NA
2114,NA,NA,WV,2024-01-20,NA,NA,NA,NA,NA,NA,NA,NA
2115,NA,NA,WV,2024-01-21,NA,NA,NA,NA,NA,NA,NA,NA
2116,NA,NA,WV,2024-01-22,NA,NA,NA,NA,NA,NA,NA,NA
2117,NA,NA,WV,2024-01-23,NA,NA,NA,NA,NA,NA,NA,NA
2118,NA,NA,WV,2024-01-24,NA,NA,NA,NA,NA,NA,NA,NA
2119,NA,NA,WV,2024-01-25,NA,NA,NA,NA,NA,NA,NA,NA
2120,NA,NA,WV,2024-01-26,NA,NA,NA,NA,NA,NA,NA,NA
2121,NA,NA,WV,2024-01-27,NA,NA,NA,NA,NA,NA,NA,NA
2122,NA,NA,WV,2024-01-28,NA,NA,NA,NA,NA,NA,NA,NA
2123,NA,NA,WV,2024-01-29,NA,NA,NA,NA,NA,NA,NA,NA
2124,NA,NA,WV,2024-01-30,NA,NA,NA,NA,NA,NA,NA,NA
2125,NA,NA,WV,2024-01-31,NA,NA,NA,NA,NA,NA,NA,NA
2126,NA,NA,WV,2024-02-01,NA,NA,NA,NA,NA,NA,NA,NA
2127,NA,NA,WV,2024-02-02,NA,NA,NA,NA,NA,NA,NA,NA
2128,NA,NA,WV,2024-02-03,NA,NA,NA,NA,NA,NA,NA,NA
2129,NA,NA,WV,2024-02-04,NA,NA,NA,NA,NA,NA,NA,NA
2130,0.0253950187520018,0.0107364613176208,WV,2024-02-05,1,1,1,1,1,1,1,1
2131,NA,NA,WV,2024-02-06,NA,NA,NA,NA,NA,NA,NA,NA
2132,NA,NA,WV,2024-02-07,NA,NA,NA,NA,NA,NA,NA,NA
2133,1.21246240707716,0.883881854790115,WV,2024-02-08,1,0,1,0,1,0,1,0
2134,0.0134526640579875,0.0065932017841522,WV,2024-02-09,1,1,1,1,1,1,1,1
2135,NA,NA,WV,2024-02-10,NA,NA,NA,NA,NA,NA,NA,NA
2136,NA,NA,WV,2024-02-11,NA,NA,NA,NA,NA,NA,NA,NA
2137,0.041242605022788,0.004537477736582885,WV,2024-02-12,1,1,1,1,1,1,1,1
2138,0.0376950665902895,0.00400092439316503,WV,2024-02-13,1,1,1,1,0,0,1,1
2139,NA,NA,WV,2024-02-14,NA,NA,NA,NA,NA,NA,NA,NA
2140,0.00869585775760574,0.00310535029877038,WV,2024-02-15,1,1,1,1,1,1,1,1
2141,NA,NA,WV,2024-02-16,NA,NA,NA,NA,NA,NA,NA,NA
2142,NA,NA,WV,2024-02-17,NA,NA,NA,NA,NA,NA,NA,NA
2143,NA,NA,WY,2024-01-07,NA,NA,NA,NA,NA,NA,NA,NA
2144,NA,NA,WY,2024-01-08,NA,NA,NA,NA,NA,NA,NA,NA
2145,NA,NA,WY,2024-01-09,NA,NA,NA,NA,NA,NA,NA,NA
2146,NA,NA,WY,2024-01-10,NA,NA,NA,NA,NA,NA,NA,NA
2147,NA,NA,WY,2024-01-11,NA,NA,NA,NA,NA,NA,NA,NA
2148,NA,NA,WY,2024-01-12,NA,NA,NA,NA,NA,NA,NA,NA
2149,NA,NA,WY,2024-01-13,NA,NA,NA,NA,NA,NA,NA,NA
2150,NA,NA,WY,2024-01-14,NA,NA,NA,NA,NA,NA,NA,NA
2151,NA,NA,WY,2024-01-15,NA,NA,NA,NA,NA,NA,NA,NA
2152,NA,NA,WY,2024-01-16,NA,NA,NA,NA,NA,NA,NA,NA
2153,NA,NA,WY,2024-01-17,NA,NA,NA,NA,NA,NA,NA,NA
2154,NA,NA,WY,2024-01-18,NA,NA,NA,NA,NA,NA,NA,NA
2155,NA,NA,WY,2024-01-19,NA,NA,NA,NA,NA,NA,NA,NA
2156,NA,NA,WY,2024-01-20,NA,NA,NA,NA,NA,NA,NA,NA
2157,NA,NA,WY,2024-01-21,NA,NA,NA,NA,NA,NA,NA,NA
2158,NA,NA,WY,2024-01-22,NA,NA,NA,NA,NA,NA,NA,NA
2159,NA,NA,WY,2024-01-23,NA,NA,NA,NA,NA,NA,NA,NA
2160,NA,NA,WY,2024-01-24,NA,NA,NA,NA,NA,NA,NA,NA
2161,NA,NA,WY,2024-01-25,NA,NA,NA,NA,NA,NA,NA,NA
2162,NA,NA,WY,2024-01-26,NA,NA,NA,NA,NA,NA,NA,NA
2163,NA,NA,WY,2024-01-27,NA,NA,NA,NA,NA,NA,NA,NA
2164,NA,NA,WY,2024-01-28,NA,NA,NA,NA,NA,NA,NA,NA
2165,NA,NA,WY,2024-01-29,NA,NA,NA,NA,NA,NA,NA,NA
2166,NA,NA,WY,2024-01-30,NA,NA,NA,NA,NA,NA,NA,NA
2167,NA,NA,WY,2024-01-31,NA,NA,NA,NA,NA,NA,NA,NA
2168,NA,NA,WY,2024-02-01,NA,NA,NA,NA,NA,NA,NA,NA
2169,NA,NA,WY,2024-02-02,NA,NA,NA,NA,NA,NA,NA,NA
2170,NA,NA,WY,2024-02-03,NA,NA,NA,NA,NA,NA,NA,NA
2171,NA,NA,WY,2024-02-04,NA,NA,NA,NA,NA,NA,NA,NA
2172,NA,NA,WY,2024-02-05,NA,NA,NA,NA,NA,NA,NA,NA
2173,NA,NA,WY,2024-02-06,NA,NA,NA,NA,NA,NA,NA,NA
2174,0.00188731042952078,0.00171912528250761,WY,2024-02-07,1,1,1,1,1,1,1,1
2175,NA,NA,WY,2024-02-08,NA,NA,NA,NA,NA,NA,NA,NA
2176,0.00161824215662219,0.001315330377192145,WY,2024-02-09,1,1,1,1,1,1,1,1
2177,NA,NA,WY,2024-02-10,NA,NA,NA,NA,NA,NA,NA,NA
2178,NA,NA,WY,2024-02-11,NA,NA,NA,NA,NA,NA,NA,NA
2179,NA,NA,WY,2024-02-12,NA,NA,NA,NA,NA,NA,NA,NA
2180,NA,NA,WY,2024-02-13,NA,NA,NA,NA,NA,NA,NA,NA
2181,NA,NA,WY,2024-02-14,NA,NA,NA,NA,NA,NA,NA,NA
2182,NA,NA,WY,2024-02-15,NA,NA,NA,NA,NA,NA,NA,NA
2183,NA,NA,WY,2024-02-16,NA,NA,NA,NA,NA,NA,NA,NA
2184,NA,NA,WY,2024-02-17,NA,NA,NA,NA,NA,NA,NA,NA
