...1,es_score,brier_score,location,target_date,X22F_50_CI,X23A_50_CI,X23B_50_CI,X23D_50_CI,X23E_50_CI,X23F_50_CI,recombinant_50_CI,X23H_50_CI,X23G_50_CI,other_50_CI,X22F_95_CI,X23A_95_CI,X23B_95_CI,X23D_95_CI,X23E_95_CI,X23F_95_CI,recombinant_95_CI,X23H_95_CI,X23G_95_CI,other_95_CI
1,NA,NA,AK,2023-10-08,NA,NA,NA,NA,NA,NA,NA,NA,NA,NA,NA,NA,NA,NA,NA,NA,NA,NA,NA,NA
2,NA,NA,AK,2023-10-09,NA,NA,NA,NA,NA,NA,NA,NA,NA,NA,NA,NA,NA,NA,NA,NA,NA,NA,NA,NA
3,NA,NA,AK,2023-10-10,NA,NA,NA,NA,NA,NA,NA,NA,NA,NA,NA,NA,NA,NA,NA,NA,NA,NA,NA,NA
4,NA,NA,AK,2023-10-11,NA,NA,NA,NA,NA,NA,NA,NA,NA,NA,NA,NA,NA,NA,NA,NA,NA,NA,NA,NA
5,NA,NA,AK,2023-10-12,NA,NA,NA,NA,NA,NA,NA,NA,NA,NA,NA,NA,NA,NA,NA,NA,NA,NA,NA,NA
6,NA,NA,AK,2023-10-13,NA,NA,NA,NA,NA,NA,NA,NA,NA,NA,NA,NA,NA,NA,NA,NA,NA,NA,NA,NA
7,NA,NA,AK,2023-10-14,NA,NA,NA,NA,NA,NA,NA,NA,NA,NA,NA,NA,NA,NA,NA,NA,NA,NA,NA,NA
8,NA,NA,AK,2023-10-15,NA,NA,NA,NA,NA,NA,NA,NA,NA,NA,NA,NA,NA,NA,NA,NA,NA,NA,NA,NA
9,NA,NA,AK,2023-10-16,NA,NA,NA,NA,NA,NA,NA,NA,NA,NA,NA,NA,NA,NA,NA,NA,NA,NA,NA,NA
10,0.778220665975942,0.4084435834379105,AK,2023-10-17,1,1,1,1,1,1,1,0,1,1,1,1,0,1,1,1,1,0,1,1
11,NA,NA,AK,2023-10-18,NA,NA,NA,NA,NA,NA,NA,NA,NA,NA,NA,NA,NA,NA,NA,NA,NA,NA,NA,NA
12,0.961531876156586,0.438340981120736,AK,2023-10-19,1,1,1,1,1,1,1,0,1,1,1,1,0,0,1,0,1,0,1,1
13,NA,NA,AK,2023-10-20,NA,NA,NA,NA,NA,NA,NA,NA,NA,NA,NA,NA,NA,NA,NA,NA,NA,NA,NA,NA
14,NA,NA,AK,2023-10-21,NA,NA,NA,NA,NA,NA,NA,NA,NA,NA,NA,NA,NA,NA,NA,NA,NA,NA,NA,NA
15,NA,NA,AK,2023-10-22,NA,NA,NA,NA,NA,NA,NA,NA,NA,NA,NA,NA,NA,NA,NA,NA,NA,NA,NA,NA
16,NA,NA,AK,2023-10-23,NA,NA,NA,NA,NA,NA,NA,NA,NA,NA,NA,NA,NA,NA,NA,NA,NA,NA,NA,NA
17,0.852220520155751,0.2923529216921455,AK,2023-10-24,1,1,1,1,1,0,1,1,1,1,1,1,1,1,1,1,1,1,1,1
18,NA,NA,AK,2023-10-25,NA,NA,NA,NA,NA,NA,NA,NA,NA,NA,NA,NA,NA,NA,NA,NA,NA,NA,NA,NA
19,NA,NA,AK,2023-10-26,NA,NA,NA,NA,NA,NA,NA,NA,NA,NA,NA,NA,NA,NA,NA,NA,NA,NA,NA,NA
20,NA,NA,AK,2023-10-27,NA,NA,NA,NA,NA,NA,NA,NA,NA,NA,NA,NA,NA,NA,NA,NA,NA,NA,NA,NA
21,NA,NA,AK,2023-10-28,NA,NA,NA,NA,NA,NA,NA,NA,NA,NA,NA,NA,NA,NA,NA,NA,NA,NA,NA,NA
22,NA,NA,AK,2023-10-29,NA,NA,NA,NA,NA,NA,NA,NA,NA,NA,NA,NA,NA,NA,NA,NA,NA,NA,NA,NA
23,NA,NA,AK,2023-10-30,NA,NA,NA,NA,NA,NA,NA,NA,NA,NA,NA,NA,NA,NA,NA,NA,NA,NA,NA,NA
24,NA,NA,AK,2023-10-31,NA,NA,NA,NA,NA,NA,NA,NA,NA,NA,NA,NA,NA,NA,NA,NA,NA,NA,NA,NA
25,NA,NA,AK,2023-11-01,NA,NA,NA,NA,NA,NA,NA,NA,NA,NA,NA,NA,NA,NA,NA,NA,NA,NA,NA,NA
26,NA,NA,AK,2023-11-02,NA,NA,NA,NA,NA,NA,NA,NA,NA,NA,NA,NA,NA,NA,NA,NA,NA,NA,NA,NA
27,NA,NA,AK,2023-11-03,NA,NA,NA,NA,NA,NA,NA,NA,NA,NA,NA,NA,NA,NA,NA,NA,NA,NA,NA,NA
28,NA,NA,AK,2023-11-04,NA,NA,NA,NA,NA,NA,NA,NA,NA,NA,NA,NA,NA,NA,NA,NA,NA,NA,NA,NA
29,NA,NA,AK,2023-11-05,NA,NA,NA,NA,NA,NA,NA,NA,NA,NA,NA,NA,NA,NA,NA,NA,NA,NA,NA,NA
30,NA,NA,AK,2023-11-06,NA,NA,NA,NA,NA,NA,NA,NA,NA,NA,NA,NA,NA,NA,NA,NA,NA,NA,NA,NA
31,NA,NA,AK,2023-11-07,NA,NA,NA,NA,NA,NA,NA,NA,NA,NA,NA,NA,NA,NA,NA,NA,NA,NA,NA,NA
32,NA,NA,AK,2023-11-08,NA,NA,NA,NA,NA,NA,NA,NA,NA,NA,NA,NA,NA,NA,NA,NA,NA,NA,NA,NA
33,NA,NA,AK,2023-11-09,NA,NA,NA,NA,NA,NA,NA,NA,NA,NA,NA,NA,NA,NA,NA,NA,NA,NA,NA,NA
34,NA,NA,AK,2023-11-10,NA,NA,NA,NA,NA,NA,NA,NA,NA,NA,NA,NA,NA,NA,NA,NA,NA,NA,NA,NA
35,NA,NA,AK,2023-11-11,NA,NA,NA,NA,NA,NA,NA,NA,NA,NA,NA,NA,NA,NA,NA,NA,NA,NA,NA,NA
36,NA,NA,AK,2023-11-12,NA,NA,NA,NA,NA,NA,NA,NA,NA,NA,NA,NA,NA,NA,NA,NA,NA,NA,NA,NA
37,NA,NA,AK,2023-11-13,NA,NA,NA,NA,NA,NA,NA,NA,NA,NA,NA,NA,NA,NA,NA,NA,NA,NA,NA,NA
38,NA,NA,AK,2023-11-14,NA,NA,NA,NA,NA,NA,NA,NA,NA,NA,NA,NA,NA,NA,NA,NA,NA,NA,NA,NA
39,NA,NA,AK,2023-11-15,NA,NA,NA,NA,NA,NA,NA,NA,NA,NA,NA,NA,NA,NA,NA,NA,NA,NA,NA,NA
40,NA,NA,AK,2023-11-16,NA,NA,NA,NA,NA,NA,NA,NA,NA,NA,NA,NA,NA,NA,NA,NA,NA,NA,NA,NA
41,NA,NA,AK,2023-11-17,NA,NA,NA,NA,NA,NA,NA,NA,NA,NA,NA,NA,NA,NA,NA,NA,NA,NA,NA,NA
42,NA,NA,AK,2023-11-18,NA,NA,NA,NA,NA,NA,NA,NA,NA,NA,NA,NA,NA,NA,NA,NA,NA,NA,NA,NA
43,NA,NA,AL,2023-10-08,NA,NA,NA,NA,NA,NA,NA,NA,NA,NA,NA,NA,NA,NA,NA,NA,NA,NA,NA,NA
44,NA,NA,AL,2023-10-09,NA,NA,NA,NA,NA,NA,NA,NA,NA,NA,NA,NA,NA,NA,NA,NA,NA,NA,NA,NA
45,NA,NA,AL,2023-10-10,NA,NA,NA,NA,NA,NA,NA,NA,NA,NA,NA,NA,NA,NA,NA,NA,NA,NA,NA,NA
46,NA,NA,AL,2023-10-11,NA,NA,NA,NA,NA,NA,NA,NA,NA,NA,NA,NA,NA,NA,NA,NA,NA,NA,NA,NA
47,NA,NA,AL,2023-10-12,NA,NA,NA,NA,NA,NA,NA,NA,NA,NA,NA,NA,NA,NA,NA,NA,NA,NA,NA,NA
48,NA,NA,AL,2023-10-13,NA,NA,NA,NA,NA,NA,NA,NA,NA,NA,NA,NA,NA,NA,NA,NA,NA,NA,NA,NA
49,NA,NA,AL,2023-10-14,NA,NA,NA,NA,NA,NA,NA,NA,NA,NA,NA,NA,NA,NA,NA,NA,NA,NA,NA,NA
50,NA,NA,AL,2023-10-15,NA,NA,NA,NA,NA,NA,NA,NA,NA,NA,NA,NA,NA,NA,NA,NA,NA,NA,NA,NA
51,NA,NA,AL,2023-10-16,NA,NA,NA,NA,NA,NA,NA,NA,NA,NA,NA,NA,NA,NA,NA,NA,NA,NA,NA,NA
52,1.86747031303418,0.3003569124855725,AL,2023-10-17,1,1,1,1,1,0,1,1,1,1,1,1,1,1,0,0,1,1,1,1
53,1.05027452945542,0.3018146403119375,AL,2023-10-18,1,1,1,1,1,0,1,1,1,1,1,1,1,0,1,0,1,1,1,1
54,1.42096389481301,0.3815922625970445,AL,2023-10-19,1,1,1,1,1,0,1,1,1,1,0,1,0,0,0,0,1,1,1,1
55,2.34086441954219,0.324599228371829,AL,2023-10-20,1,1,0,1,1,0,1,1,1,1,1,0,0,1,0,0,1,1,1,1
56,0.447461555138171,0.2966508521593085,AL,2023-10-21,1,1,1,1,1,1,1,1,1,1,1,1,1,1,1,1,1,1,1,1
57,1.14357402732203,0.359383858465675,AL,2023-10-22,1,1,1,0,1,1,1,1,1,1,1,0,1,0,1,1,1,1,1,1
58,1.40010521866654,0.3224912619062565,AL,2023-10-23,1,1,1,1,1,0,1,1,1,1,1,1,0,0,0,1,1,1,0,1
59,0.78700451583703,0.544053817707475,AL,2023-10-24,1,1,1,1,0,1,1,1,1,1,1,1,0,1,0,1,1,1,1,1
60,1.63794668796643,0.289822331178927,AL,2023-10-25,1,1,1,1,1,0,1,1,1,1,1,1,0,1,1,0,1,1,1,1
61,0.834380615211084,0.438096289217377,AL,2023-10-26,0,1,1,1,1,1,1,1,1,1,0,1,1,0,1,1,1,1,1,1
62,NA,NA,AL,2023-10-27,NA,NA,NA,NA,NA,NA,NA,NA,NA,NA,NA,NA,NA,NA,NA,NA,NA,NA,NA,NA
63,NA,NA,AL,2023-10-28,NA,NA,NA,NA,NA,NA,NA,NA,NA,NA,NA,NA,NA,NA,NA,NA,NA,NA,NA,NA
64,NA,NA,AL,2023-10-29,NA,NA,NA,NA,NA,NA,NA,NA,NA,NA,NA,NA,NA,NA,NA,NA,NA,NA,NA,NA
65,0.7956654849485,0.541440821656125,AL,2023-10-30,1,1,1,1,0,1,1,1,1,1,1,1,1,1,1,1,1,1,1,1
66,0.457830342718665,0.279918979055543,AL,2023-10-31,1,1,1,1,1,1,1,1,1,1,1,1,0,1,1,0,1,1,1,1
67,0.446037894638738,0.278335344575604,AL,2023-11-01,1,1,1,1,1,1,1,1,1,1,1,1,0,1,1,0,1,1,1,1
68,NA,NA,AL,2023-11-02,NA,NA,NA,NA,NA,NA,NA,NA,NA,NA,NA,NA,NA,NA,NA,NA,NA,NA,NA,NA
69,0.391072859045575,0.300591179047685,AL,2023-11-03,1,1,1,1,1,1,1,1,1,1,1,0,0,1,1,0,1,1,1,1
70,NA,NA,AL,2023-11-04,NA,NA,NA,NA,NA,NA,NA,NA,NA,NA,NA,NA,NA,NA,NA,NA,NA,NA,NA,NA
71,NA,NA,AL,2023-11-05,NA,NA,NA,NA,NA,NA,NA,NA,NA,NA,NA,NA,NA,NA,NA,NA,NA,NA,NA,NA
72,0.432676772589201,0.2708614577032125,AL,2023-11-06,1,1,1,1,1,1,1,1,1,1,1,1,1,1,1,1,1,1,1,1
73,NA,NA,AL,2023-11-07,NA,NA,NA,NA,NA,NA,NA,NA,NA,NA,NA,NA,NA,NA,NA,NA,NA,NA,NA,NA
74,NA,NA,AL,2023-11-08,NA,NA,NA,NA,NA,NA,NA,NA,NA,NA,NA,NA,NA,NA,NA,NA,NA,NA,NA,NA
75,0.462896989085624,0.2668415341744035,AL,2023-11-09,1,1,1,1,1,1,1,1,1,1,1,1,1,1,1,0,1,1,0,1
76,NA,NA,AL,2023-11-10,NA,NA,NA,NA,NA,NA,NA,NA,NA,NA,NA,NA,NA,NA,NA,NA,NA,NA,NA,NA
77,NA,NA,AL,2023-11-11,NA,NA,NA,NA,NA,NA,NA,NA,NA,NA,NA,NA,NA,NA,NA,NA,NA,NA,NA,NA
78,NA,NA,AL,2023-11-12,NA,NA,NA,NA,NA,NA,NA,NA,NA,NA,NA,NA,NA,NA,NA,NA,NA,NA,NA,NA
79,0.43329861645552,0.2622066997557905,AL,2023-11-13,1,1,1,1,1,1,1,1,1,1,1,1,1,1,1,1,1,1,1,1
80,NA,NA,AL,2023-11-14,NA,NA,NA,NA,NA,NA,NA,NA,NA,NA,NA,NA,NA,NA,NA,NA,NA,NA,NA,NA
81,NA,NA,AL,2023-11-15,NA,NA,NA,NA,NA,NA,NA,NA,NA,NA,NA,NA,NA,NA,NA,NA,NA,NA,NA,NA
82,NA,NA,AL,2023-11-16,NA,NA,NA,NA,NA,NA,NA,NA,NA,NA,NA,NA,NA,NA,NA,NA,NA,NA,NA,NA
83,NA,NA,AL,2023-11-17,NA,NA,NA,NA,NA,NA,NA,NA,NA,NA,NA,NA,NA,NA,NA,NA,NA,NA,NA,NA
84,NA,NA,AL,2023-11-18,NA,NA,NA,NA,NA,NA,NA,NA,NA,NA,NA,NA,NA,NA,NA,NA,NA,NA,NA,NA
85,0.30001371160088,0.1888641584407035,AR,2023-10-08,1,1,1,1,1,1,1,1,1,1,1,1,1,1,1,1,1,1,1,1
86,1.20628841163207,0.1874689687055675,AR,2023-10-09,1,1,0,1,1,1,1,1,1,1,0,1,0,1,1,0,1,1,1,1
87,1.15827975364818,0.186083940025109,AR,2023-10-10,1,1,0,1,1,1,1,1,1,1,1,1,0,0,1,0,1,1,1,1
88,1.18017888322435,0.2296959690841535,AR,2023-10-11,1,1,0,1,1,1,1,1,1,1,1,0,1,1,1,0,1,1,1,1
89,1.49382869333761,0.3911008992991475,AR,2023-10-12,1,1,1,1,1,0,1,1,1,1,1,1,0,1,0,1,1,1,1,1
90,1.48782432077718,0.253502703756845,AR,2023-10-13,1,1,0,1,1,0,1,1,1,1,1,1,1,1,0,1,1,0,1,1
91,NA,NA,AR,2023-10-14,NA,NA,NA,NA,NA,NA,NA,NA,NA,NA,NA,NA,NA,NA,NA,NA,NA,NA,NA,NA
92,NA,NA,AR,2023-10-15,NA,NA,NA,NA,NA,NA,NA,NA,NA,NA,NA,NA,NA,NA,NA,NA,NA,NA,NA,NA
93,2.31121255934811,0.230024252706749,AR,2023-10-16,1,1,0,1,1,0,1,1,1,1,0,1,0,0,0,0,1,1,1,1
94,0.803689223478103,0.565781051863165,AR,2023-10-17,1,1,1,0,1,1,1,1,1,1,1,1,0,0,1,1,1,1,1,1
95,NA,NA,AR,2023-10-18,NA,NA,NA,NA,NA,NA,NA,NA,NA,NA,NA,NA,NA,NA,NA,NA,NA,NA,NA,NA
96,1.54401889989505,0.1742884038611615,AR,2023-10-19,1,1,0,1,1,1,1,1,1,1,1,1,0,0,1,0,1,1,1,1
97,0.261545108617707,0.1730768182301225,AR,2023-10-20,1,1,1,1,1,1,1,1,1,1,1,1,0,1,1,0,1,1,1,1
98,0.244010698914849,0.171890147821845,AR,2023-10-21,1,1,1,1,1,1,1,1,1,1,1,1,0,1,1,0,1,1,1,1
99,NA,NA,AR,2023-10-22,NA,NA,NA,NA,NA,NA,NA,NA,NA,NA,NA,NA,NA,NA,NA,NA,NA,NA,NA,NA
100,2.49051449686621,0.400864512144717,AR,2023-10-23,1,1,1,1,1,0,1,1,0,1,1,1,0,0,0,0,1,1,0,1
101,0.550593588189481,0.4294144260797305,AR,2023-10-24,1,1,1,1,1,1,1,1,1,1,1,1,1,0,1,0,1,1,1,1
102,1.16180640680885,0.560994059845735,AR,2023-10-25,1,1,1,0,0,1,1,1,1,1,1,1,0,0,0,1,1,1,1,1
103,NA,NA,AR,2023-10-26,NA,NA,NA,NA,NA,NA,NA,NA,NA,NA,NA,NA,NA,NA,NA,NA,NA,NA,NA,NA
104,0.396797791628069,0.299568860176093,AR,2023-10-27,1,1,1,1,1,1,1,1,1,1,1,1,1,0,1,0,1,1,1,1
105,NA,NA,AR,2023-10-28,NA,NA,NA,NA,NA,NA,NA,NA,NA,NA,NA,NA,NA,NA,NA,NA,NA,NA,NA,NA
106,NA,NA,AR,2023-10-29,NA,NA,NA,NA,NA,NA,NA,NA,NA,NA,NA,NA,NA,NA,NA,NA,NA,NA,NA,NA
107,0.815251338586467,0.579067357640185,AR,2023-10-30,1,1,1,0,1,1,1,1,1,1,1,1,1,0,1,0,1,1,1,1
108,NA,NA,AR,2023-10-31,NA,NA,NA,NA,NA,NA,NA,NA,NA,NA,NA,NA,NA,NA,NA,NA,NA,NA,NA,NA
109,0.912440605931016,0.650076631730755,AR,2023-11-01,1,1,1,1,1,1,1,1,1,0,1,1,0,1,1,1,1,1,1,0
110,NA,NA,AR,2023-11-02,NA,NA,NA,NA,NA,NA,NA,NA,NA,NA,NA,NA,NA,NA,NA,NA,NA,NA,NA,NA
111,0.813325533265621,0.58248521289326,AR,2023-11-03,1,1,1,0,1,1,1,1,1,1,1,1,0,0,1,1,1,1,1,1
112,NA,NA,AR,2023-11-04,NA,NA,NA,NA,NA,NA,NA,NA,NA,NA,NA,NA,NA,NA,NA,NA,NA,NA,NA,NA
113,NA,NA,AR,2023-11-05,NA,NA,NA,NA,NA,NA,NA,NA,NA,NA,NA,NA,NA,NA,NA,NA,NA,NA,NA,NA
114,2.72709270928641,0.527064736069,AR,2023-11-06,1,1,0,1,1,0,0,1,1,1,1,1,0,1,1,0,0,1,1,1
115,0.825263433207623,0.5854739265075,AR,2023-11-07,1,1,1,0,1,1,1,1,1,1,0,1,1,0,1,1,1,1,1,1
116,0.232626506014473,0.1564961034131945,AR,2023-11-08,1,1,1,1,1,1,1,1,1,1,1,1,0,1,1,1,1,1,0,1
117,NA,NA,AR,2023-11-09,NA,NA,NA,NA,NA,NA,NA,NA,NA,NA,NA,NA,NA,NA,NA,NA,NA,NA,NA,NA
118,NA,NA,AR,2023-11-10,NA,NA,NA,NA,NA,NA,NA,NA,NA,NA,NA,NA,NA,NA,NA,NA,NA,NA,NA,NA
119,NA,NA,AR,2023-11-11,NA,NA,NA,NA,NA,NA,NA,NA,NA,NA,NA,NA,NA,NA,NA,NA,NA,NA,NA,NA
120,NA,NA,AR,2023-11-12,NA,NA,NA,NA,NA,NA,NA,NA,NA,NA,NA,NA,NA,NA,NA,NA,NA,NA,NA,NA
121,NA,NA,AR,2023-11-13,NA,NA,NA,NA,NA,NA,NA,NA,NA,NA,NA,NA,NA,NA,NA,NA,NA,NA,NA,NA
122,NA,NA,AR,2023-11-14,NA,NA,NA,NA,NA,NA,NA,NA,NA,NA,NA,NA,NA,NA,NA,NA,NA,NA,NA,NA
123,0.609385005700718,0.453603840273218,AR,2023-11-15,1,1,1,1,1,0,1,1,1,1,1,1,0,1,1,0,1,1,1,1
124,NA,NA,AR,2023-11-16,NA,NA,NA,NA,NA,NA,NA,NA,NA,NA,NA,NA,NA,NA,NA,NA,NA,NA,NA,NA
125,NA,NA,AR,2023-11-17,NA,NA,NA,NA,NA,NA,NA,NA,NA,NA,NA,NA,NA,NA,NA,NA,NA,NA,NA,NA
126,NA,NA,AR,2023-11-18,NA,NA,NA,NA,NA,NA,NA,NA,NA,NA,NA,NA,NA,NA,NA,NA,NA,NA,NA,NA
127,2.47250073562524,0.3564378829242545,AZ,2023-10-08,1,1,0,1,1,1,1,1,1,1,1,0,0,0,1,0,1,0,0,1
128,3.42451023198308,0.360384223766244,AZ,2023-10-09,1,1,1,1,1,0,1,1,1,1,0,0,0,0,0,1,0,1,0,1
129,3.04572707489551,0.3685278801649405,AZ,2023-10-10,1,1,0,1,1,1,0,1,1,1,0,0,0,0,0,1,0,1,1,1
130,1.1751211830341,0.3513208261360475,AZ,2023-10-11,1,1,1,1,1,1,1,0,1,1,1,1,0,0,1,0,1,1,1,1
131,0.513020125999637,0.352025133775843,AZ,2023-10-12,1,1,1,1,1,1,1,1,1,1,1,1,0,1,0,1,1,1,1,1
132,1.21355730067037,0.575080919819045,AZ,2023-10-13,0,0,1,1,1,1,1,1,1,1,0,0,1,1,1,0,1,0,1,1
133,1.24971981820379,0.393058641701007,AZ,2023-10-14,1,0,1,0,1,1,1,1,1,1,1,0,1,1,0,1,1,1,1,1
134,1.8025173725191,0.4053098456635605,AZ,2023-10-15,1,1,1,1,1,1,1,1,0,1,0,0,0,0,0,0,1,1,0,1
135,3.8381347447618,0.358096306058652,AZ,2023-10-16,1,1,0,1,1,0,1,1,1,0,0,0,0,0,1,0,1,0,1,0
136,4.85388887683087,0.3673288260869805,AZ,2023-10-17,1,0,0,0,1,0,1,1,1,1,0,0,0,0,0,0,0,0,1,1
137,4.33572954303996,0.3592501906037135,AZ,2023-10-18,1,0,0,1,1,0,1,1,1,1,0,0,0,0,0,0,1,1,0,1
138,2.29703708802469,0.3780551536032035,AZ,2023-10-19,0,1,0,1,1,0,1,1,1,1,0,0,1,0,0,1,1,1,1,1
139,1.6627770460540101,0.3357218658831055,AZ,2023-10-20,1,1,1,1,1,1,1,1,1,1,1,1,0,0,1,0,0,1,1,1
140,2.40982254662458,0.3419295909873945,AZ,2023-10-21,1,1,1,1,0,0,1,1,1,1,0,1,1,0,0,1,1,1,1,1
141,3.08400607993765,0.350290082286161,AZ,2023-10-22,1,0,1,0,1,0,0,1,1,1,1,0,0,0,0,0,1,0,1,1
142,3.97558939084468,0.3830620707948375,AZ,2023-10-23,1,0,1,1,0,1,1,1,1,0,0,0,0,0,0,0,1,0,1,0
143,3.33267523408781,0.319021102480709,AZ,2023-10-24,1,1,1,0,1,0,1,1,1,1,0,0,0,0,1,0,1,1,1,1
144,1.67233508556222,0.3467801703281955,AZ,2023-10-25,1,1,1,1,1,0,0,1,1,1,0,0,0,0,1,0,0,1,1,1
145,0.361799966821976,0.279989002618841,AZ,2023-10-26,1,1,1,1,1,1,1,1,1,1,1,1,1,1,1,1,1,1,1,1
146,1.36310612944905,0.3158890313184055,AZ,2023-10-27,1,1,0,1,1,1,1,1,1,1,0,1,0,0,1,0,1,1,1,1
147,2.00057086992075,0.476034688824311,AZ,2023-10-28,1,1,0,1,1,1,1,0,0,1,0,1,0,1,0,0,1,0,0,1
148,3.61721442456784,0.3627795550062535,AZ,2023-10-29,1,1,1,0,1,0,0,0,1,1,0,1,0,0,0,0,1,1,0,1
149,4.93260122287564,0.3830455925020105,AZ,2023-10-30,1,1,1,0,1,0,1,0,1,1,0,1,0,0,0,0,1,0,0,1
150,2.54488716126332,0.3722593168925035,AZ,2023-10-31,1,1,1,1,1,1,1,1,1,1,1,1,0,0,0,0,1,0,1,1
151,1.46740229141842,0.337187212746399,AZ,2023-11-01,1,1,1,1,1,1,1,1,1,1,1,1,0,0,0,0,1,0,0,1
152,3.48745127449086,0.387495741091421,AZ,2023-11-02,1,0,0,0,1,0,1,1,1,1,0,0,0,0,0,0,1,1,1,1
153,2.00753878810204,0.420950375796189,AZ,2023-11-03,0,0,1,0,1,1,1,1,1,1,0,0,1,0,1,0,1,1,1,1
154,0.730783305078466,0.3790050469666585,AZ,2023-11-04,1,1,1,1,1,1,1,1,1,1,1,1,0,1,0,1,1,1,1,1
155,3.72357870491693,0.391971395658753,AZ,2023-11-05,1,0,0,1,1,1,1,0,1,0,0,0,0,1,0,0,1,0,1,0
156,6.90322477807201,0.375508964060692,AZ,2023-11-06,1,1,1,0,0,0,1,0,1,1,0,0,0,0,0,0,1,0,0,1
157,3.79503984561031,0.3551820697309955,AZ,2023-11-07,1,1,1,1,1,0,1,1,1,0,1,0,0,0,0,0,1,1,1,0
158,3.03002021088224,0.398279314780972,AZ,2023-11-08,0,1,0,1,1,1,1,1,1,1,0,1,0,0,0,0,1,0,0,1
159,2.25741349978344,0.405054950482193,AZ,2023-11-09,1,1,1,1,1,1,1,0,1,0,1,0,1,1,0,1,1,0,1,0
160,1.13860957961679,0.3565829136665185,AZ,2023-11-10,1,1,1,1,1,1,1,1,1,1,0,0,0,0,0,0,1,1,1,1
161,1.52365310026156,0.3640182063521635,AZ,2023-11-11,1,1,1,1,1,1,1,0,1,1,0,0,0,0,0,0,1,0,1,1
162,6.57495985498738,0.3590846744801835,AZ,2023-11-12,1,0,1,1,0,0,1,1,1,1,0,0,0,0,0,0,1,0,0,1
163,8.49038847175005,0.3655625632367305,AZ,2023-11-13,1,1,0,0,0,0,1,0,1,1,0,1,0,0,0,0,1,0,0,1
164,3.18647098883797,0.403693458513158,AZ,2023-11-14,1,0,1,1,1,1,1,1,1,0,0,0,0,0,0,0,1,1,1,0
165,4.48038557613168,0.376493880156703,AZ,2023-11-15,1,1,0,1,1,0,1,0,1,0,0,0,0,0,1,0,1,0,1,0
166,2.05158734104876,0.3078692778025055,AZ,2023-11-16,1,1,1,1,1,0,1,1,1,1,1,1,1,0,1,0,1,0,1,1
167,0.485830837907235,0.3044680625230265,AZ,2023-11-17,1,1,1,1,1,1,1,1,1,1,1,1,0,0,1,1,1,1,1,1
168,0.800923923409694,0.336046990716413,AZ,2023-11-18,1,1,1,1,1,1,1,1,1,1,0,1,0,1,1,1,1,1,1,1
169,0.758655034328181,0.305838171859375,CA,2023-10-08,1,1,1,1,1,1,1,1,1,1,1,1,0,1,1,0,1,1,1,1
170,1.98027764439859,0.3440175294309845,CA,2023-10-09,1,1,1,1,1,1,1,1,1,1,0,0,0,0,0,0,1,0,0,1
171,2.93993108607319,0.384758338092543,CA,2023-10-10,1,1,1,1,0,1,1,1,1,1,1,0,0,0,0,0,1,1,1,0
172,3.15787190074623,0.378572034620128,CA,2023-10-11,1,1,0,0,1,1,1,1,0,0,1,1,0,0,0,0,0,1,1,0
173,1.76303276042734,0.3346319189287465,CA,2023-10-12,1,1,1,1,1,1,1,1,1,1,0,1,1,0,1,0,1,1,1,1
174,2.43965839693851,0.379834756271521,CA,2023-10-13,1,0,0,0,1,1,1,1,1,1,1,0,0,0,1,0,0,1,1,1
175,1.61251094418545,0.3722091747994105,CA,2023-10-14,1,1,0,1,1,1,1,0,1,1,1,0,0,0,1,0,1,0,1,1
176,1.78162603980006,0.4071428521226865,CA,2023-10-15,0,1,0,1,1,1,1,1,1,1,0,1,0,1,1,0,1,1,1,1
177,3.78782702404962,0.3587214912472325,CA,2023-10-16,1,1,0,1,1,1,0,1,1,0,0,0,0,0,0,0,0,1,1,0
178,1.80484131819915,0.3511105244845085,CA,2023-10-17,1,1,1,1,1,1,1,1,1,0,0,0,0,0,0,0,1,0,1,0
179,4.4966312181014,0.4070477188926065,CA,2023-10-18,0,0,0,1,1,1,1,1,1,0,0,0,0,0,1,0,0,0,0,0
180,2.25319802118176,0.383567897473393,CA,2023-10-19,1,1,0,1,1,1,0,1,1,1,0,1,0,1,0,0,0,1,0,1
181,1.40683750274224,0.3906047565803955,CA,2023-10-20,1,1,1,1,1,1,1,1,1,0,0,0,0,0,0,0,1,1,1,0
182,0.601367192669729,0.4190215229614745,CA,2023-10-21,1,1,0,1,1,1,1,1,1,1,1,1,0,1,1,0,1,1,1,1
183,0.622024985133682,0.3732608234406165,CA,2023-10-22,1,1,1,1,1,1,1,1,1,1,1,1,0,1,1,0,1,1,1,1
184,2.21808400828181,0.3456809490525975,CA,2023-10-23,1,0,1,1,1,1,1,1,1,1,0,0,0,0,0,0,1,1,0,1
185,1.57947374181996,0.3300890833027525,CA,2023-10-24,1,1,1,1,1,1,1,1,1,0,1,0,0,0,0,1,1,0,0,1
186,1.94432065009397,0.4198063887859685,CA,2023-10-25,1,0,1,1,1,1,1,1,1,0,0,0,0,1,1,0,1,0,1,0
187,3.38460374326203,0.365483344666385,CA,2023-10-26,1,0,1,1,1,1,0,1,1,0,1,0,0,0,0,1,0,1,0,1
188,2.00507854628675,0.407909609462634,CA,2023-10-27,1,1,1,1,1,1,1,0,0,1,1,0,0,0,1,1,1,0,0,1
189,1.38173224384869,0.391521750135205,CA,2023-10-28,1,0,1,1,1,1,1,1,1,1,1,0,0,1,1,0,0,1,1,1
190,1.54212747943132,0.181817964067772,CA,2023-10-29,1,1,1,1,1,0,1,1,1,1,1,0,0,1,1,0,1,1,1,1
191,2.93648175809569,0.4376296467091975,CA,2023-10-30,0,0,1,0,0,0,0,1,1,0,0,0,0,1,1,0,0,1,0,0
192,1.39619958277272,0.3375646771042405,CA,2023-10-31,1,1,1,1,1,1,1,0,1,1,1,0,0,0,0,0,1,0,1,1
193,2.23870650803687,0.4757822738626795,CA,2023-11-01,1,1,0,1,0,1,1,0,1,0,1,0,0,0,0,0,1,0,1,0
194,1.49037676690064,0.3151161467606305,CA,2023-11-02,1,1,1,1,1,1,1,1,1,0,0,1,1,0,1,0,1,1,1,0
195,2.47129117533798,0.269273425977727,CA,2023-11-03,1,1,1,1,1,0,1,1,1,1,1,0,0,0,0,0,1,1,1,1
196,1.3235935120005,0.627314751658685,CA,2023-11-04,0,1,1,1,1,1,1,1,1,0,0,1,1,0,1,0,1,1,1,0
197,1.16923459975054,0.4182459424195925,CA,2023-11-05,1,1,1,1,1,1,0,1,1,1,1,1,0,0,1,1,0,1,1,1
198,3.44074153873035,0.3267731346061055,CA,2023-11-06,0,1,1,0,1,0,1,0,1,0,0,1,0,0,0,0,0,0,0,0
199,3.15243019365139,0.3749810884909945,CA,2023-11-07,1,1,1,1,1,1,1,0,1,0,0,0,0,0,1,1,0,0,1,0
200,4.21349718126931,0.430505689723793,CA,2023-11-08,1,1,1,1,1,0,1,1,1,0,0,1,0,0,0,0,1,1,0,0
201,4.57754926479416,0.3875282015200935,CA,2023-11-09,1,1,0,0,1,1,0,0,1,0,1,0,0,0,0,1,0,0,1,0
202,2.49776041235856,0.318256121005903,CA,2023-11-10,1,1,1,1,1,1,1,0,1,1,0,0,0,0,1,0,1,0,1,1
203,1.37526576822896,0.2496897197717625,CA,2023-11-11,1,1,1,1,0,0,1,1,1,1,1,0,0,1,1,0,1,1,1,1
204,1.42073005547075,0.247435844778721,CA,2023-11-12,1,1,1,1,1,0,1,1,1,1,0,1,1,0,1,0,1,0,1,1
205,3.54652730576676,0.3699784455643695,CA,2023-11-13,0,1,1,0,1,1,1,0,1,0,0,0,0,1,0,0,0,0,1,0
206,3.4215897433566,0.3166416698856905,CA,2023-11-14,1,1,0,1,1,0,1,0,1,0,0,0,0,0,0,0,0,1,1,0
207,3.31652005212101,0.334139510840016,CA,2023-11-15,1,1,0,0,1,1,0,0,0,0,1,1,0,1,0,0,0,0,0,0
208,2.29648955812634,0.352344784298583,CA,2023-11-16,1,1,1,1,1,1,1,0,1,1,1,0,0,1,0,0,1,0,0,1
209,2.28714044440447,0.394264391405257,CA,2023-11-17,1,1,0,1,1,1,1,1,1,0,1,1,0,0,0,0,1,1,0,0
210,1.72665051720845,0.3670976157093595,CA,2023-11-18,1,1,1,1,1,1,1,1,1,0,1,1,0,0,0,0,1,1,0,0
211,NA,NA,CO,2023-10-08,NA,NA,NA,NA,NA,NA,NA,NA,NA,NA,NA,NA,NA,NA,NA,NA,NA,NA,NA,NA
212,1.17920374973401,0.402025225166532,CO,2023-10-09,0,1,1,1,1,1,1,1,1,1,0,1,1,0,0,1,1,1,0,1
213,1.46330406864084,0.4949905194655325,CO,2023-10-10,0,1,0,1,1,1,0,1,1,1,0,1,0,1,0,0,0,1,1,1
214,1.72820476159854,0.3680311722085445,CO,2023-10-11,1,1,1,0,1,1,1,1,1,1,0,1,0,0,0,0,1,1,1,1
215,1.83696958377572,0.4155787673878405,CO,2023-10-12,1,1,1,0,1,0,1,1,1,1,0,1,0,0,0,0,1,0,1,1
216,NA,NA,CO,2023-10-13,NA,NA,NA,NA,NA,NA,NA,NA,NA,NA,NA,NA,NA,NA,NA,NA,NA,NA,NA,NA
217,0.472113532073649,0.321349357502667,CO,2023-10-14,1,1,1,1,1,1,1,1,1,1,1,1,1,1,1,1,1,1,1,1
218,NA,NA,CO,2023-10-15,NA,NA,NA,NA,NA,NA,NA,NA,NA,NA,NA,NA,NA,NA,NA,NA,NA,NA,NA,NA
219,1.44073783979224,0.312433166037335,CO,2023-10-16,1,1,0,1,1,1,1,1,1,1,0,0,0,1,1,0,1,1,1,1
220,1.58511756265994,0.4131806440453415,CO,2023-10-17,1,0,1,1,1,1,1,1,1,1,0,0,0,0,0,0,1,0,0,1
221,0.685620630741195,0.390023169207447,CO,2023-10-18,1,1,1,1,1,1,1,1,1,1,1,1,1,0,1,0,1,1,1,1
222,0.928522481730237,0.302965478340889,CO,2023-10-19,1,1,1,1,1,1,1,1,1,1,1,0,1,1,1,0,1,1,1,1
223,0.818263637794804,0.4225129947410005,CO,2023-10-20,1,0,1,1,1,1,1,1,1,1,1,0,1,1,1,0,1,1,1,1
224,NA,NA,CO,2023-10-21,NA,NA,NA,NA,NA,NA,NA,NA,NA,NA,NA,NA,NA,NA,NA,NA,NA,NA,NA,NA
225,NA,NA,CO,2023-10-22,NA,NA,NA,NA,NA,NA,NA,NA,NA,NA,NA,NA,NA,NA,NA,NA,NA,NA,NA,NA
226,1.88899929664642,0.3482396850472145,CO,2023-10-23,1,1,1,1,1,0,1,0,1,1,0,1,0,1,0,0,1,0,1,1
227,1.2248978491347,0.411069312442361,CO,2023-10-24,1,1,1,1,1,1,1,0,1,1,0,1,0,0,0,0,1,0,1,1
228,2.10752900955441,0.2823357638312385,CO,2023-10-25,1,1,1,1,1,0,1,1,1,1,1,0,0,1,1,0,1,1,1,1
229,0.91688105502951,0.2820027406531965,CO,2023-10-26,1,1,1,1,1,0,1,1,1,1,1,1,0,1,1,0,1,1,1,1
230,1.69039213322313,0.395018622231255,CO,2023-10-27,1,1,0,1,1,0,1,1,1,1,1,1,1,1,0,0,1,1,1,1
231,NA,NA,CO,2023-10-28,NA,NA,NA,NA,NA,NA,NA,NA,NA,NA,NA,NA,NA,NA,NA,NA,NA,NA,NA,NA
232,NA,NA,CO,2023-10-29,NA,NA,NA,NA,NA,NA,NA,NA,NA,NA,NA,NA,NA,NA,NA,NA,NA,NA,NA,NA
233,1.8929792830388,0.3137803022566565,CO,2023-10-30,1,1,1,1,1,0,1,1,1,1,1,0,0,0,0,0,1,1,1,1
234,1.60130406428436,0.4305192884373905,CO,2023-10-31,1,0,1,1,1,1,1,1,1,1,1,0,0,1,0,1,1,1,1,1
235,1.60254694905309,0.362179918574255,CO,2023-11-01,1,1,1,1,1,0,1,1,1,0,0,1,0,1,1,0,1,1,1,0
236,NA,NA,CO,2023-11-02,NA,NA,NA,NA,NA,NA,NA,NA,NA,NA,NA,NA,NA,NA,NA,NA,NA,NA,NA,NA
237,1.00307340683332,0.371214052868148,CO,2023-11-03,1,1,1,1,1,1,0,1,1,1,1,1,1,0,1,1,0,1,1,1
238,NA,NA,CO,2023-11-04,NA,NA,NA,NA,NA,NA,NA,NA,NA,NA,NA,NA,NA,NA,NA,NA,NA,NA,NA,NA
239,NA,NA,CO,2023-11-05,NA,NA,NA,NA,NA,NA,NA,NA,NA,NA,NA,NA,NA,NA,NA,NA,NA,NA,NA,NA
240,1.08307394553099,0.3784532707381835,CO,2023-11-06,1,1,1,1,1,1,1,1,0,1,0,1,0,1,0,0,1,1,0,1
241,0.737626548816942,0.3779889808023455,CO,2023-11-07,1,1,1,1,0,1,1,1,1,1,1,1,0,1,0,0,1,1,1,1
242,1.21679718414829,0.2956651821817935,CO,2023-11-08,1,1,1,1,1,0,1,1,1,1,1,0,0,1,1,0,1,1,1,1
243,0.951465992484304,0.3928220728998765,CO,2023-11-09,1,0,1,1,1,1,1,1,1,1,1,0,1,0,1,0,1,1,1,1
244,1.08680685183589,0.367178763503086,CO,2023-11-10,1,1,1,1,1,1,1,1,1,0,1,0,0,0,1,0,1,1,1,0
245,0.619040365149372,0.48610838098538,CO,2023-11-11,1,1,1,0,1,1,1,1,1,1,1,1,1,0,0,1,1,1,1,1
246,NA,NA,CO,2023-11-12,NA,NA,NA,NA,NA,NA,NA,NA,NA,NA,NA,NA,NA,NA,NA,NA,NA,NA,NA,NA
247,2.11983755903895,0.40152106015762,CO,2023-11-13,1,1,1,1,1,1,1,1,0,1,0,0,0,0,0,0,1,1,0,1
248,2.57609312457633,0.3977504723600625,CO,2023-11-14,1,1,0,1,1,0,1,1,1,0,0,0,1,0,0,0,0,1,1,0
249,1.49579258302273,0.362380999226181,CO,2023-11-15,1,1,1,0,1,0,1,1,1,1,1,0,0,0,0,0,1,1,1,1
250,0.799317222542177,0.4163229717409105,CO,2023-11-16,1,0,1,1,1,1,1,1,1,1,1,0,1,1,1,0,1,1,1,1
251,0.412868675285203,0.27587292838073,CO,2023-11-17,1,1,1,1,1,1,1,1,1,1,1,1,1,1,1,1,1,1,1,1
252,0.557384030957775,0.364784924802434,CO,2023-11-18,1,1,1,1,1,1,1,1,1,1,1,1,0,0,1,0,1,1,0,1
253,0.981439144978745,0.373346063569547,CT,2023-10-08,1,1,1,1,1,1,0,1,1,1,1,1,0,1,1,0,0,0,1,1
254,2.28398056215604,0.54056542167379,CT,2023-10-09,1,0,1,1,1,0,1,1,1,0,1,0,0,0,1,0,1,1,1,0
255,2.1873742735955,0.4015647400213125,CT,2023-10-10,1,1,1,0,1,1,1,1,1,0,1,1,0,0,0,1,1,1,1,0
256,0.917183728855043,0.3253440015264295,CT,2023-10-11,1,1,1,1,1,1,1,1,1,1,1,1,1,1,1,0,1,0,0,1
257,0.9818126060611,0.397104434548401,CT,2023-10-12,1,1,1,1,1,1,1,0,1,1,1,1,0,0,0,0,1,0,1,1
258,1.00523724139434,0.490454059904252,CT,2023-10-13,1,1,1,1,0,1,1,1,1,1,1,1,1,0,0,0,1,1,1,1
259,NA,NA,CT,2023-10-14,NA,NA,NA,NA,NA,NA,NA,NA,NA,NA,NA,NA,NA,NA,NA,NA,NA,NA,NA,NA
260,0.823692793591105,0.58049029927405,CT,2023-10-15,1,1,1,1,1,1,1,0,1,1,1,1,1,1,1,0,1,0,1,1
261,0.910048942360283,0.443321349176448,CT,2023-10-16,1,1,1,1,1,1,1,1,1,1,1,1,0,0,1,0,1,1,1,1
262,1.34361825660431,0.3136230536233935,CT,2023-10-17,1,1,1,1,1,0,1,1,0,1,0,1,1,0,1,0,1,1,1,1
263,0.644816067707413,0.365745150591277,CT,2023-10-18,1,1,1,1,1,1,1,1,1,1,0,1,0,0,1,0,1,1,1,1
264,0.941358221540421,0.4228206433348165,CT,2023-10-19,1,0,1,1,1,1,1,1,1,1,1,0,0,0,1,0,1,1,1,1
265,1.05259594022133,0.333482579208714,CT,2023-10-20,0,1,1,1,1,1,1,1,1,1,0,1,1,1,1,1,1,1,0,1
266,1.14384791095376,0.210481710497318,CT,2023-10-21,1,1,1,1,1,0,1,1,1,1,1,1,0,1,1,0,1,0,1,1
267,0.745875756109836,0.394419771636326,CT,2023-10-22,1,1,1,1,1,1,1,0,1,1,1,1,0,1,1,1,1,0,1,1
268,2.08069504737584,0.2105642097475565,CT,2023-10-23,1,1,1,1,1,0,1,1,1,1,1,1,0,1,1,0,1,0,0,1
269,0.745493183589557,0.394244118918695,CT,2023-10-24,1,1,1,1,1,1,1,0,1,1,1,1,0,1,1,1,1,0,1,1
270,0.995352459069507,0.328714839120806,CT,2023-10-25,1,1,1,1,1,1,1,1,0,1,1,0,1,0,1,0,1,1,0,1
271,1.4812216552774,0.4477688381834545,CT,2023-10-26,1,0,1,0,1,1,1,0,1,1,1,0,1,0,1,0,1,0,1,1
272,0.655329466879687,0.426953707560079,CT,2023-10-27,1,1,1,0,1,1,1,1,1,1,1,1,1,0,0,1,1,1,1,1
273,1.22378652392643,0.402690180758351,CT,2023-10-28,1,1,1,1,1,1,1,1,0,1,1,0,0,0,1,1,1,1,0,0
274,0.700731397307581,0.2117346121518305,CT,2023-10-29,1,1,1,1,1,0,1,1,1,1,1,1,1,0,1,0,1,1,1,1
275,1.06565045643182,0.4504150889320265,CT,2023-10-30,1,0,1,1,0,1,1,1,1,1,1,0,0,0,0,0,1,1,1,1
276,1.12392738767733,0.2124327745391295,CT,2023-10-31,1,1,1,1,1,0,1,1,1,1,1,0,0,1,1,0,1,1,1,1
277,0.589950784101351,0.3330137173245665,CT,2023-11-01,1,1,0,1,1,1,1,1,1,1,1,1,0,1,0,1,1,1,1,1
278,0.926055564401194,0.384074283099542,CT,2023-11-02,1,1,1,1,1,1,1,1,1,0,1,1,0,1,1,1,1,0,1,0
279,0.649344364437606,0.363289011725138,CT,2023-11-03,1,1,1,1,1,1,1,1,1,1,1,1,0,1,1,1,1,0,1,1
280,0.277101274069081,0.2142982919723395,CT,2023-11-04,1,1,1,1,1,1,1,1,1,1,1,1,1,1,1,1,1,1,1,1
281,0.258329229467667,0.2148639332645835,CT,2023-11-05,1,1,1,1,1,1,1,1,1,1,1,1,0,1,1,0,1,1,1,1
282,1.44905871409687,0.4306730932483655,CT,2023-11-06,1,1,0,1,1,1,1,1,1,0,1,1,0,0,0,1,1,1,1,0
283,1.80637094250475,0.335483057168965,CT,2023-11-07,1,1,1,1,1,1,1,1,1,0,0,0,0,0,0,0,1,1,0,0
284,1.1095316131761,0.51739138785096,CT,2023-11-08,1,1,1,1,1,1,0,1,1,1,1,0,1,0,1,0,0,1,1,1
285,0.663834260967815,0.361802803614134,CT,2023-11-09,1,1,1,1,1,1,1,1,1,1,1,1,1,0,1,1,1,0,1,1
286,NA,NA,CT,2023-11-10,NA,NA,NA,NA,NA,NA,NA,NA,NA,NA,NA,NA,NA,NA,NA,NA,NA,NA,NA,NA
287,NA,NA,CT,2023-11-11,NA,NA,NA,NA,NA,NA,NA,NA,NA,NA,NA,NA,NA,NA,NA,NA,NA,NA,NA,NA
288,0.815546441034469,0.4178289631723935,CT,2023-11-12,1,1,1,1,1,1,1,1,1,0,1,1,0,1,1,1,1,1,1,0
289,2.1071892214023,0.342644587924864,CT,2023-11-13,1,1,1,1,1,0,0,1,1,0,1,1,0,0,0,0,0,0,0,0
290,2.16375393543565,0.2530775681966265,CT,2023-11-14,1,1,1,1,1,0,1,1,1,1,1,1,0,0,1,0,1,1,0,1
291,0.670836904410793,0.2879640817173515,CT,2023-11-15,1,1,1,1,1,1,1,1,1,1,1,1,0,0,0,0,1,0,1,1
292,NA,NA,CT,2023-11-16,NA,NA,NA,NA,NA,NA,NA,NA,NA,NA,NA,NA,NA,NA,NA,NA,NA,NA,NA,NA
293,NA,NA,CT,2023-11-17,NA,NA,NA,NA,NA,NA,NA,NA,NA,NA,NA,NA,NA,NA,NA,NA,NA,NA,NA,NA
294,0.271474570847631,0.2260368746974005,CT,2023-11-18,1,1,1,1,1,1,1,1,1,1,1,1,1,0,1,0,1,1,1,1
295,0.631541206854786,0.466425727583468,DC,2023-10-08,1,1,0,1,1,1,1,1,1,1,1,1,0,0,1,1,1,1,1,1
296,NA,NA,DC,2023-10-09,NA,NA,NA,NA,NA,NA,NA,NA,NA,NA,NA,NA,NA,NA,NA,NA,NA,NA,NA,NA
297,NA,NA,DC,2023-10-10,NA,NA,NA,NA,NA,NA,NA,NA,NA,NA,NA,NA,NA,NA,NA,NA,NA,NA,NA,NA
298,0.283348944308934,0.1932140455024265,DC,2023-10-11,1,1,1,1,1,1,1,1,1,1,1,1,1,1,0,0,1,1,1,1
299,0.528242781528639,0.325069584949574,DC,2023-10-12,1,1,1,1,1,1,1,1,1,1,1,1,1,0,1,0,1,1,1,1
300,0.745180022318515,0.191999617108178,DC,2023-10-13,1,1,1,1,1,0,1,1,1,1,1,1,0,1,1,0,1,1,1,1
301,0.930030391753455,0.4222129485720255,DC,2023-10-14,1,1,1,1,1,1,0,1,1,1,0,1,0,0,1,1,0,1,1,1
302,0.746080909292242,0.190936897504405,DC,2023-10-15,1,1,1,1,1,0,1,1,1,1,1,1,1,0,1,0,1,1,0,1
303,0.828734747788358,0.58615162600743,DC,2023-10-16,1,0,1,1,1,1,1,1,1,1,1,0,1,1,1,1,0,1,1,1
304,0.297200317640272,0.190024036579836,DC,2023-10-17,1,1,1,1,1,1,1,1,1,1,1,1,1,1,1,1,1,1,1,1
305,0.811496559273276,0.58684906033646,DC,2023-10-18,1,0,1,1,1,1,1,1,1,1,1,0,0,1,1,1,1,1,1,1
306,0.743970980787931,0.189259925149619,DC,2023-10-19,1,1,1,1,1,0,1,1,1,1,1,0,1,1,0,0,1,1,1,1
307,0.297076701229221,0.1889335134906505,DC,2023-10-20,1,1,1,1,1,1,1,1,1,1,1,1,0,1,1,0,1,1,1,1
308,0.829010010316165,0.59256604228827,DC,2023-10-21,1,1,1,1,1,1,1,1,0,1,1,1,1,0,1,1,1,1,0,1
309,0.547281217282755,0.324157071412167,DC,2023-10-22,1,1,1,1,1,1,1,1,1,1,1,1,1,0,1,0,1,1,1,1
310,NA,NA,DC,2023-10-23,NA,NA,NA,NA,NA,NA,NA,NA,NA,NA,NA,NA,NA,NA,NA,NA,NA,NA,NA,NA
311,NA,NA,DC,2023-10-24,NA,NA,NA,NA,NA,NA,NA,NA,NA,NA,NA,NA,NA,NA,NA,NA,NA,NA,NA,NA
312,NA,NA,DC,2023-10-25,NA,NA,NA,NA,NA,NA,NA,NA,NA,NA,NA,NA,NA,NA,NA,NA,NA,NA,NA,NA
313,0.72034596005047,0.187759330995747,DC,2023-10-26,1,1,1,1,1,0,1,1,1,1,1,1,0,1,1,0,1,1,1,1
314,0.286208908387006,0.187696361170201,DC,2023-10-27,1,1,1,1,1,1,1,1,1,1,1,1,1,1,1,1,1,1,1,1
315,0.268923555828792,0.187672220026302,DC,2023-10-28,1,1,1,1,1,1,1,1,1,1,1,0,1,1,1,0,1,1,1,1
316,NA,NA,DC,2023-10-29,NA,NA,NA,NA,NA,NA,NA,NA,NA,NA,NA,NA,NA,NA,NA,NA,NA,NA,NA,NA
317,NA,NA,DC,2023-10-30,NA,NA,NA,NA,NA,NA,NA,NA,NA,NA,NA,NA,NA,NA,NA,NA,NA,NA,NA,NA
318,0.801473838873453,0.396550970447928,DC,2023-10-31,1,1,1,1,1,1,1,0,1,1,1,1,1,1,1,0,1,0,1,1
319,NA,NA,DC,2023-11-01,NA,NA,NA,NA,NA,NA,NA,NA,NA,NA,NA,NA,NA,NA,NA,NA,NA,NA,NA,NA
320,0.619219135804116,0.466015207586914,DC,2023-11-02,1,1,0,1,1,1,1,1,1,1,1,1,0,1,0,1,1,1,1,1
321,0.615282213585817,0.325791412694213,DC,2023-11-03,1,1,1,1,1,1,1,1,1,1,0,1,0,0,1,0,1,1,1,1
322,0.291378947913647,0.188637713830594,DC,2023-11-04,1,1,1,1,1,1,1,1,1,1,1,1,0,1,1,0,1,1,1,1
323,NA,NA,DC,2023-11-05,NA,NA,NA,NA,NA,NA,NA,NA,NA,NA,NA,NA,NA,NA,NA,NA,NA,NA,NA,NA
324,1.06833688935431,0.52783278103529,DC,2023-11-06,0,1,1,1,1,1,1,1,1,1,0,1,1,0,1,0,1,1,1,1
325,NA,NA,DC,2023-11-07,NA,NA,NA,NA,NA,NA,NA,NA,NA,NA,NA,NA,NA,NA,NA,NA,NA,NA,NA,NA
326,0.292412568316958,0.1901489867982955,DC,2023-11-08,1,1,1,1,1,1,1,1,1,1,1,1,1,1,1,1,1,1,1,1
327,0.903874679670922,0.3853439375734155,DC,2023-11-09,1,1,1,1,1,1,1,1,1,0,0,1,0,1,1,0,1,1,1,0
328,0.726960949027792,0.191192872864104,DC,2023-11-10,1,1,1,1,1,0,1,1,1,1,1,1,1,1,1,1,1,1,1,1
329,0.501643404818769,0.3245658482580825,DC,2023-11-11,1,1,1,1,1,1,1,1,1,1,1,1,0,1,0,1,1,1,1,1
330,0.635362708912672,0.4610942593395515,DC,2023-11-12,1,1,1,0,1,1,1,1,1,1,1,1,1,1,1,1,1,1,1,1
331,0.612235966811144,0.3696236980297345,DC,2023-11-13,1,1,1,1,1,1,1,1,1,1,1,1,0,0,0,0,1,1,1,1
332,0.731774962091585,0.193911042352497,DC,2023-11-14,1,1,1,1,1,0,1,1,1,1,1,1,1,1,1,0,0,1,1,1
333,NA,NA,DC,2023-11-15,NA,NA,NA,NA,NA,NA,NA,NA,NA,NA,NA,NA,NA,NA,NA,NA,NA,NA,NA,NA
334,NA,NA,DC,2023-11-16,NA,NA,NA,NA,NA,NA,NA,NA,NA,NA,NA,NA,NA,NA,NA,NA,NA,NA,NA,NA
335,NA,NA,DC,2023-11-17,NA,NA,NA,NA,NA,NA,NA,NA,NA,NA,NA,NA,NA,NA,NA,NA,NA,NA,NA,NA
336,0.595913928684495,0.4466820627046105,DC,2023-11-18,1,1,0,1,1,1,1,1,1,1,1,1,0,1,1,0,1,1,1,1
337,NA,NA,DE,2023-10-08,NA,NA,NA,NA,NA,NA,NA,NA,NA,NA,NA,NA,NA,NA,NA,NA,NA,NA,NA,NA
338,0.816062066123755,0.4031418655623645,DE,2023-10-09,1,0,1,1,1,1,1,1,1,1,1,1,1,1,1,1,1,1,1,1
339,0.858907226058199,0.345743836190995,DE,2023-10-10,1,1,1,1,1,1,1,1,1,1,1,1,1,0,1,1,1,1,1,0
340,1.04933614027481,0.509037090483945,DE,2023-10-11,1,1,1,1,1,1,1,1,1,0,1,1,0,1,1,1,1,1,1,0
341,NA,NA,DE,2023-10-12,NA,NA,NA,NA,NA,NA,NA,NA,NA,NA,NA,NA,NA,NA,NA,NA,NA,NA,NA,NA
342,NA,NA,DE,2023-10-13,NA,NA,NA,NA,NA,NA,NA,NA,NA,NA,NA,NA,NA,NA,NA,NA,NA,NA,NA,NA
343,NA,NA,DE,2023-10-14,NA,NA,NA,NA,NA,NA,NA,NA,NA,NA,NA,NA,NA,NA,NA,NA,NA,NA,NA,NA
344,NA,NA,DE,2023-10-15,NA,NA,NA,NA,NA,NA,NA,NA,NA,NA,NA,NA,NA,NA,NA,NA,NA,NA,NA,NA
345,0.854763108044052,0.60552690501437,DE,2023-10-16,1,1,1,1,1,1,1,1,1,0,1,1,1,0,1,1,1,1,1,0
346,1.22929550712642,0.4235275958556655,DE,2023-10-17,1,1,0,1,1,1,1,1,1,1,1,1,0,1,1,0,1,1,0,1
347,0.835406802800528,0.3104291921808675,DE,2023-10-18,1,1,1,1,1,1,1,1,1,1,1,0,0,1,1,0,1,1,1,1
348,NA,NA,DE,2023-10-19,NA,NA,NA,NA,NA,NA,NA,NA,NA,NA,NA,NA,NA,NA,NA,NA,NA,NA,NA,NA
349,NA,NA,DE,2023-10-20,NA,NA,NA,NA,NA,NA,NA,NA,NA,NA,NA,NA,NA,NA,NA,NA,NA,NA,NA,NA
350,NA,NA,DE,2023-10-21,NA,NA,NA,NA,NA,NA,NA,NA,NA,NA,NA,NA,NA,NA,NA,NA,NA,NA,NA,NA
351,NA,NA,DE,2023-10-22,NA,NA,NA,NA,NA,NA,NA,NA,NA,NA,NA,NA,NA,NA,NA,NA,NA,NA,NA,NA
352,1.08446943700043,0.3581784621584135,DE,2023-10-23,1,1,1,0,1,1,1,1,1,1,1,1,0,0,1,0,1,0,1,1
353,0.539628168125844,0.361383278104076,DE,2023-10-24,1,1,1,1,1,1,1,1,1,1,0,1,0,0,1,1,1,1,0,1
354,NA,NA,DE,2023-10-25,NA,NA,NA,NA,NA,NA,NA,NA,NA,NA,NA,NA,NA,NA,NA,NA,NA,NA,NA,NA
355,NA,NA,DE,2023-10-26,NA,NA,NA,NA,NA,NA,NA,NA,NA,NA,NA,NA,NA,NA,NA,NA,NA,NA,NA,NA
356,NA,NA,DE,2023-10-27,NA,NA,NA,NA,NA,NA,NA,NA,NA,NA,NA,NA,NA,NA,NA,NA,NA,NA,NA,NA
357,NA,NA,DE,2023-10-28,NA,NA,NA,NA,NA,NA,NA,NA,NA,NA,NA,NA,NA,NA,NA,NA,NA,NA,NA,NA
358,0.83484085528814,0.56780991826232,DE,2023-10-29,1,1,1,1,1,1,1,0,1,1,1,1,0,1,1,1,1,0,1,1
359,1.75009959892475,0.384734105420937,DE,2023-10-30,1,1,0,1,1,1,1,0,1,0,1,0,0,1,1,0,0,0,0,0
360,0.85578102466792,0.4170928623984435,DE,2023-10-31,1,1,1,1,1,1,1,1,1,0,1,1,0,1,1,0,1,1,0,0
361,0.342389984703491,0.228497648574198,DE,2023-11-01,1,1,1,1,1,1,1,1,1,1,1,1,0,1,1,0,1,1,1,1
362,0.558016724616039,0.4378234217409485,DE,2023-11-02,1,1,0,1,1,1,1,1,1,1,1,1,0,1,1,0,1,1,1,1
363,NA,NA,DE,2023-11-03,NA,NA,NA,NA,NA,NA,NA,NA,NA,NA,NA,NA,NA,NA,NA,NA,NA,NA,NA,NA
364,0.855501844332426,0.2276112132287575,DE,2023-11-04,1,1,1,1,1,0,1,1,1,1,1,1,1,1,1,1,1,1,1,1
365,NA,NA,DE,2023-11-05,NA,NA,NA,NA,NA,NA,NA,NA,NA,NA,NA,NA,NA,NA,NA,NA,NA,NA,NA,NA
366,1.05092699932956,0.4723986699498075,DE,2023-11-06,1,1,1,1,0,1,1,1,1,1,1,1,0,0,0,0,1,1,1,1
367,1.74917409484936,0.385835103421114,DE,2023-11-07,1,1,1,0,1,1,1,1,0,0,1,0,0,1,1,0,1,1,1,0
368,1.27908943036316,0.383061410822906,DE,2023-11-08,1,1,1,0,1,1,0,1,1,1,0,1,0,0,1,0,0,1,1,1
369,NA,NA,DE,2023-11-09,NA,NA,NA,NA,NA,NA,NA,NA,NA,NA,NA,NA,NA,NA,NA,NA,NA,NA,NA,NA
370,NA,NA,DE,2023-11-10,NA,NA,NA,NA,NA,NA,NA,NA,NA,NA,NA,NA,NA,NA,NA,NA,NA,NA,NA,NA
371,NA,NA,DE,2023-11-11,NA,NA,NA,NA,NA,NA,NA,NA,NA,NA,NA,NA,NA,NA,NA,NA,NA,NA,NA,NA
372,NA,NA,DE,2023-11-12,NA,NA,NA,NA,NA,NA,NA,NA,NA,NA,NA,NA,NA,NA,NA,NA,NA,NA,NA,NA
373,0.843502436645824,0.4077592103791385,DE,2023-11-13,1,0,1,1,1,1,1,1,1,1,1,0,1,1,1,1,1,1,0,1
374,0.765632484629189,0.3938719735006425,DE,2023-11-14,1,0,1,1,1,1,1,1,1,1,1,0,1,1,1,1,1,1,0,1
375,1.56527623584607,0.58578318213643,DE,2023-11-15,1,0,1,1,1,1,0,1,1,0,1,0,0,0,1,1,0,1,1,0
376,0.36624522195348,0.2282088857560805,DE,2023-11-16,1,1,1,1,1,1,1,1,1,1,1,1,0,1,1,0,1,1,1,1
377,NA,NA,DE,2023-11-17,NA,NA,NA,NA,NA,NA,NA,NA,NA,NA,NA,NA,NA,NA,NA,NA,NA,NA,NA,NA
378,1.44548193774335,0.3506747112751735,DE,2023-11-18,1,1,1,0,1,1,1,1,1,1,1,0,0,0,1,1,1,1,0,1
379,1.03811876998012,0.4528053301866685,FL,2023-10-08,1,0,1,1,0,1,1,1,1,1,1,1,0,1,0,1,1,1,1,1
380,2.01944051121945,0.3655751355005565,FL,2023-10-09,1,1,1,1,1,1,1,1,1,1,0,0,1,1,1,0,1,1,0,1
381,2.46242217242512,0.3519608327816195,FL,2023-10-10,1,1,0,1,1,0,1,1,1,1,1,0,0,0,1,0,1,1,0,1
382,2.48308757825597,0.4196566266222645,FL,2023-10-11,1,1,0,1,1,1,0,0,1,1,1,1,1,0,0,0,0,0,1,1
383,3.15741830114496,0.3963961019657895,FL,2023-10-12,1,0,0,0,1,1,1,1,0,1,0,0,0,0,0,0,1,0,0,1
384,0.927448374375213,0.390107713405844,FL,2023-10-13,1,1,1,1,1,1,1,1,1,0,1,1,0,0,1,1,0,1,1,0
385,3.49772762394706,0.336256019238985,FL,2023-10-14,1,1,0,1,1,0,1,1,1,1,1,0,0,1,1,0,1,1,1,1
386,0.512978053145305,0.3527755435639165,FL,2023-10-15,1,1,1,1,1,1,1,1,1,1,1,1,0,1,0,1,1,1,1,1
387,2.0506687636747,0.446520610071693,FL,2023-10-16,1,0,1,1,1,1,1,0,1,0,1,0,0,0,1,0,1,0,0,0
388,2.2365865678283,0.460117158415615,FL,2023-10-17,1,0,1,1,1,0,1,1,1,0,1,0,0,0,0,0,1,1,0,0
389,2.18655809644406,0.421533397106134,FL,2023-10-18,1,1,0,0,1,1,1,1,1,0,1,1,0,0,1,0,1,1,1,0
390,2.25590379365931,0.4261609496830685,FL,2023-10-19,1,0,0,1,0,1,1,1,1,1,0,0,0,0,0,1,1,0,1,1
391,2.15826846329291,0.2958163180703105,FL,2023-10-20,1,1,1,1,1,0,1,1,1,1,1,1,0,0,1,0,1,1,0,0
392,0.946026152760954,0.435018005098175,FL,2023-10-21,1,0,1,1,1,1,1,1,1,1,0,0,0,0,1,0,1,1,0,1
393,1.28372569529278,0.364926620453455,FL,2023-10-22,1,0,1,1,1,1,1,1,1,1,1,0,0,0,1,0,1,1,1,1
394,1.91940086927653,0.4082532966260725,FL,2023-10-23,1,0,1,1,1,1,0,1,1,1,0,0,1,0,0,1,0,1,1,1
395,1.21009484996825,0.3516792070592685,FL,2023-10-24,1,1,1,1,1,1,1,1,0,1,1,0,0,0,1,0,1,0,0,1
396,2.38053795349754,0.510362220587655,FL,2023-10-25,1,1,1,1,1,0,1,0,1,0,1,0,0,1,0,0,1,0,0,0
397,1.8452106756501,0.3994405437242735,FL,2023-10-26,1,1,1,1,1,1,1,0,1,1,0,1,0,0,1,1,1,0,0,1
398,2.68725206461288,0.302052541614907,FL,2023-10-27,1,1,0,1,1,0,1,0,1,1,1,1,0,0,1,0,0,0,1,1
399,0.745965882893407,0.401658030555789,FL,2023-10-28,1,0,1,1,1,1,1,1,1,1,1,0,1,0,0,0,1,1,1,1
400,0.831188742839716,0.4215450171732505,FL,2023-10-29,1,1,1,1,1,1,1,1,1,0,1,1,1,0,1,0,1,1,1,0
401,2.47807709334567,0.4002014710453105,FL,2023-10-30,1,1,1,0,1,1,1,1,0,1,1,0,0,1,0,0,1,0,0,1
402,1.57520360262411,0.437082052765324,FL,2023-10-31,1,1,1,1,1,1,1,0,0,0,1,1,0,1,0,1,1,0,1,0
403,1.61814480659353,0.355809955052559,FL,2023-11-01,1,1,1,1,1,1,1,0,1,1,1,1,1,0,0,1,1,0,1,1
404,2.0430717026398,0.383659580142095,FL,2023-11-02,1,0,1,1,1,1,1,1,1,1,0,0,0,1,0,1,1,1,1,1
405,3.64617933373647,0.310897863624103,FL,2023-11-03,1,1,0,1,1,0,1,1,1,1,1,1,0,1,0,0,1,1,0,1
406,1.08502776000519,0.468134274792195,FL,2023-11-04,1,0,1,1,1,1,1,0,1,1,1,0,1,1,0,0,1,0,1,1
407,0.773770034124793,0.414363891218208,FL,2023-11-05,1,1,1,1,1,1,1,0,1,1,1,1,1,1,1,1,0,0,1,1
408,2.71766493585931,0.422328304959276,FL,2023-11-06,1,0,0,1,1,0,1,1,1,0,1,0,0,0,0,0,1,1,1,0
409,1.91074858451972,0.369460227712922,FL,2023-11-07,1,1,1,1,1,1,1,0,1,0,1,0,0,1,0,0,0,0,1,0
410,2.63635865602964,0.434887792323156,FL,2023-11-08,0,0,1,1,1,1,0,1,1,1,0,0,1,0,0,0,0,1,0,1
411,2.4624356485688,0.407545790174193,FL,2023-11-09,1,1,1,1,1,1,1,1,1,0,1,1,0,0,0,0,1,1,1,0
412,3.13302651756142,0.501084841243775,FL,2023-11-10,1,1,1,1,1,0,1,1,0,0,1,1,0,0,0,0,1,1,0,0
413,0.874960368663775,0.611029449264545,FL,2023-11-11,1,1,1,1,1,1,1,1,1,0,1,1,1,1,0,1,1,1,1,0
414,0.254103559345738,0.227230186964383,FL,2023-11-12,1,1,1,1,1,1,1,1,1,1,1,1,1,0,1,0,1,1,1,1
415,2.43285820167549,0.3594060765675285,FL,2023-11-13,1,0,1,1,1,1,1,1,1,1,0,0,0,0,0,0,1,0,0,1
416,1.87022209238276,0.4560909792668025,FL,2023-11-14,1,0,1,1,1,1,1,0,1,0,0,0,1,0,0,0,1,0,0,0
417,0.778958151407396,0.34446539523428,FL,2023-11-15,1,1,1,1,0,1,1,1,1,1,1,0,0,1,0,0,1,1,1,1
418,1.54848561754604,0.3667522822476325,FL,2023-11-16,1,0,1,1,1,1,1,1,1,1,1,0,1,1,0,0,1,1,0,0
419,1.51536221461664,0.349667364207788,FL,2023-11-17,0,1,1,1,1,1,1,1,1,0,0,1,0,0,1,0,1,1,1,0
420,NA,NA,FL,2023-11-18,NA,NA,NA,NA,NA,NA,NA,NA,NA,NA,NA,NA,NA,NA,NA,NA,NA,NA,NA,NA
421,0.370595300412543,0.261581627250817,GA,2023-10-08,1,1,1,1,1,1,1,1,1,1,1,1,1,1,1,1,1,1,1,1
422,0.77185308646257,0.4064009500040725,GA,2023-10-09,1,1,1,1,1,1,1,1,1,1,1,1,1,0,0,0,1,1,1,1
423,1.80260410604499,0.4964805728857225,GA,2023-10-10,1,1,1,1,1,1,0,1,1,1,1,1,0,1,0,0,0,1,1,1
424,1.55436241742093,0.482046439638378,GA,2023-10-11,0,1,1,1,1,1,0,0,1,1,0,0,0,1,0,0,0,0,1,1
425,1.69660524450529,0.4162833660808995,GA,2023-10-12,1,0,1,1,1,1,1,1,0,1,0,0,0,0,0,0,1,1,0,1
426,1.47843220105021,0.56174534753327,GA,2023-10-13,0,1,1,1,1,1,1,1,0,1,0,0,1,1,1,1,1,1,1,1
427,1.44521600999084,0.556556142384085,GA,2023-10-14,0,0,1,1,1,1,1,1,1,1,0,0,1,1,1,0,1,1,1,1
428,1.43046650076501,0.330821852810906,GA,2023-10-15,0,1,1,1,1,0,1,1,1,1,0,0,0,1,1,0,1,1,1,1
429,1.34310782402192,0.488754225809964,GA,2023-10-16,1,0,1,1,1,0,1,1,1,1,1,0,0,1,0,1,1,1,0,1
430,0.433976686274902,0.2965124740198295,GA,2023-10-17,1,1,1,1,1,1,1,1,1,1,0,1,0,1,1,1,1,1,1,1
431,1.63277850586576,0.3479428503419725,GA,2023-10-18,1,1,1,1,1,0,1,1,1,1,0,1,0,0,0,0,1,1,1,1
432,0.716488928495577,0.522998612952075,GA,2023-10-19,1,1,1,0,1,1,1,1,1,1,1,1,1,0,1,0,1,1,1,1
433,1.51250859247022,0.571916388692095,GA,2023-10-20,1,1,1,1,0,1,1,0,0,1,1,0,0,1,0,0,1,0,0,1
434,1.67794039039117,0.478264286991175,GA,2023-10-21,0,1,1,1,1,1,1,1,1,1,0,0,0,1,0,1,1,1,1,1
435,0.352728833349465,0.2382397008872605,GA,2023-10-22,1,1,1,1,1,1,1,1,1,1,1,1,0,1,1,0,1,1,1,1
436,1.30396152519515,0.319626091414664,GA,2023-10-23,1,1,1,1,1,1,1,1,1,1,0,0,0,0,0,0,1,1,1,1
437,0.820274180752155,0.3427502948062385,GA,2023-10-24,1,1,1,1,1,1,1,1,1,1,1,1,0,1,1,0,1,1,1,1
438,1.69839367020949,0.4185017917579,GA,2023-10-25,1,1,1,1,1,1,1,1,0,1,0,0,0,0,0,0,1,1,0,1
439,0.518837663191521,0.363129278463478,GA,2023-10-26,1,1,1,1,1,1,1,1,1,1,1,1,0,1,1,0,1,1,1,1
440,2.03390657565593,0.396517373086742,GA,2023-10-27,1,1,1,1,1,1,1,1,1,0,0,0,1,0,1,0,1,0,1,0
441,0.427635970691392,0.298738553224764,GA,2023-10-28,1,1,1,1,1,1,1,1,1,1,1,1,0,0,0,0,1,1,1,1
442,0.830555580512237,0.2302730150416625,GA,2023-10-29,1,1,1,1,1,0,1,1,1,1,1,1,0,1,1,0,1,1,1,1
443,1.63193129564714,0.326401691210052,GA,2023-10-30,1,1,1,1,1,0,1,1,1,1,1,1,0,0,0,0,1,1,1,1
444,1.17117885043285,0.340386362439691,GA,2023-10-31,1,1,1,1,1,1,1,1,1,0,1,1,0,1,0,1,0,1,1,0
445,2.13945113256147,0.342166782911542,GA,2023-11-01,1,1,0,1,1,0,1,1,1,1,0,0,0,1,1,0,1,1,1,1
446,0.843831723666997,0.4031816305664075,GA,2023-11-02,1,1,1,1,1,1,0,1,1,1,1,1,1,1,0,0,0,1,1,1
447,0.916601656150218,0.360687114861099,GA,2023-11-03,1,1,1,1,1,1,1,1,1,0,0,0,0,1,1,0,1,1,1,0
448,0.33496878589159,0.225560369762688,GA,2023-11-04,1,1,1,1,1,1,1,1,1,1,1,0,1,1,1,0,1,1,1,1
449,0.434922956093401,0.3010298518789615,GA,2023-11-05,1,1,1,1,1,1,1,1,1,1,1,1,0,1,0,0,1,1,1,1
450,1.2778578406834,0.373483028544858,GA,2023-11-06,1,1,1,1,1,1,1,1,1,0,1,0,0,1,0,0,1,1,1,0
451,1.08966487054268,0.54612507232371,GA,2023-11-07,0,1,1,0,1,1,1,1,1,1,1,1,0,0,1,1,1,1,1,1
452,1.70050169319922,0.419504722554587,GA,2023-11-08,1,1,1,1,1,1,1,1,1,0,0,1,0,1,0,0,1,1,1,0
453,0.790894212806867,0.3986252675737485,GA,2023-11-09,1,0,1,1,1,1,1,1,1,1,1,0,1,1,1,0,1,1,1,1
454,1.79903956925797,0.343202044447356,GA,2023-11-10,1,0,0,1,1,0,1,1,0,1,1,0,1,1,0,0,1,1,0,1
455,0.550937921031997,0.3835157499801325,GA,2023-11-11,1,1,0,1,1,1,1,1,1,1,1,1,0,0,1,1,1,1,1,1
456,0.331089088969334,0.2225676087670615,GA,2023-11-12,1,1,1,1,1,1,1,1,1,1,1,1,1,1,1,1,1,1,1,1
457,0.321963578968537,0.222475964325482,GA,2023-11-13,1,1,1,1,1,1,1,1,1,1,1,1,1,1,1,1,1,1,1,1
458,0.662673529205573,0.27701997511798,GA,2023-11-14,1,1,1,1,1,1,1,1,1,1,1,0,0,0,1,0,1,1,1,1
459,1.6816243501611,0.408567445020391,GA,2023-11-15,1,0,0,0,1,1,1,0,1,1,1,1,0,0,0,0,1,0,1,1
460,NA,NA,GA,2023-11-16,NA,NA,NA,NA,NA,NA,NA,NA,NA,NA,NA,NA,NA,NA,NA,NA,NA,NA,NA,NA
461,NA,NA,GA,2023-11-17,NA,NA,NA,NA,NA,NA,NA,NA,NA,NA,NA,NA,NA,NA,NA,NA,NA,NA,NA,NA
462,0.856701921455307,0.418155495456796,GA,2023-11-18,1,1,1,1,1,1,1,1,1,0,1,0,0,1,1,0,1,1,1,0
463,NA,NA,HI,2023-10-08,NA,NA,NA,NA,NA,NA,NA,NA,NA,NA,NA,NA,NA,NA,NA,NA,NA,NA,NA,NA
464,NA,NA,HI,2023-10-09,NA,NA,NA,NA,NA,NA,NA,NA,NA,NA,NA,NA,NA,NA,NA,NA,NA,NA,NA,NA
465,NA,NA,HI,2023-10-10,NA,NA,NA,NA,NA,NA,NA,NA,NA,NA,NA,NA,NA,NA,NA,NA,NA,NA,NA,NA
466,NA,NA,HI,2023-10-11,NA,NA,NA,NA,NA,NA,NA,NA,NA,NA,NA,NA,NA,NA,NA,NA,NA,NA,NA,NA
467,NA,NA,HI,2023-10-12,NA,NA,NA,NA,NA,NA,NA,NA,NA,NA,NA,NA,NA,NA,NA,NA,NA,NA,NA,NA
468,NA,NA,HI,2023-10-13,NA,NA,NA,NA,NA,NA,NA,NA,NA,NA,NA,NA,NA,NA,NA,NA,NA,NA,NA,NA
469,NA,NA,HI,2023-10-14,NA,NA,NA,NA,NA,NA,NA,NA,NA,NA,NA,NA,NA,NA,NA,NA,NA,NA,NA,NA
470,NA,NA,HI,2023-10-15,NA,NA,NA,NA,NA,NA,NA,NA,NA,NA,NA,NA,NA,NA,NA,NA,NA,NA,NA,NA
471,NA,NA,HI,2023-10-16,NA,NA,NA,NA,NA,NA,NA,NA,NA,NA,NA,NA,NA,NA,NA,NA,NA,NA,NA,NA
472,NA,NA,HI,2023-10-17,NA,NA,NA,NA,NA,NA,NA,NA,NA,NA,NA,NA,NA,NA,NA,NA,NA,NA,NA,NA
473,NA,NA,HI,2023-10-18,NA,NA,NA,NA,NA,NA,NA,NA,NA,NA,NA,NA,NA,NA,NA,NA,NA,NA,NA,NA
474,NA,NA,HI,2023-10-19,NA,NA,NA,NA,NA,NA,NA,NA,NA,NA,NA,NA,NA,NA,NA,NA,NA,NA,NA,NA
475,NA,NA,HI,2023-10-20,NA,NA,NA,NA,NA,NA,NA,NA,NA,NA,NA,NA,NA,NA,NA,NA,NA,NA,NA,NA
476,NA,NA,HI,2023-10-21,NA,NA,NA,NA,NA,NA,NA,NA,NA,NA,NA,NA,NA,NA,NA,NA,NA,NA,NA,NA
477,NA,NA,HI,2023-10-22,NA,NA,NA,NA,NA,NA,NA,NA,NA,NA,NA,NA,NA,NA,NA,NA,NA,NA,NA,NA
478,0.337084647400327,0.233420513175995,HI,2023-10-23,1,1,1,1,1,1,1,1,1,1,1,1,0,1,1,0,1,1,1,1
479,NA,NA,HI,2023-10-24,NA,NA,NA,NA,NA,NA,NA,NA,NA,NA,NA,NA,NA,NA,NA,NA,NA,NA,NA,NA
480,NA,NA,HI,2023-10-25,NA,NA,NA,NA,NA,NA,NA,NA,NA,NA,NA,NA,NA,NA,NA,NA,NA,NA,NA,NA
481,NA,NA,HI,2023-10-26,NA,NA,NA,NA,NA,NA,NA,NA,NA,NA,NA,NA,NA,NA,NA,NA,NA,NA,NA,NA
482,NA,NA,HI,2023-10-27,NA,NA,NA,NA,NA,NA,NA,NA,NA,NA,NA,NA,NA,NA,NA,NA,NA,NA,NA,NA
483,NA,NA,HI,2023-10-28,NA,NA,NA,NA,NA,NA,NA,NA,NA,NA,NA,NA,NA,NA,NA,NA,NA,NA,NA,NA
484,NA,NA,HI,2023-10-29,NA,NA,NA,NA,NA,NA,NA,NA,NA,NA,NA,NA,NA,NA,NA,NA,NA,NA,NA,NA
485,NA,NA,HI,2023-10-30,NA,NA,NA,NA,NA,NA,NA,NA,NA,NA,NA,NA,NA,NA,NA,NA,NA,NA,NA,NA
486,NA,NA,HI,2023-10-31,NA,NA,NA,NA,NA,NA,NA,NA,NA,NA,NA,NA,NA,NA,NA,NA,NA,NA,NA,NA
487,0.343658124159527,0.2450351851690925,HI,2023-11-01,1,1,1,1,1,1,1,1,1,1,1,1,1,1,1,1,1,1,1,1
488,NA,NA,HI,2023-11-02,NA,NA,NA,NA,NA,NA,NA,NA,NA,NA,NA,NA,NA,NA,NA,NA,NA,NA,NA,NA
489,NA,NA,HI,2023-11-03,NA,NA,NA,NA,NA,NA,NA,NA,NA,NA,NA,NA,NA,NA,NA,NA,NA,NA,NA,NA
490,NA,NA,HI,2023-11-04,NA,NA,NA,NA,NA,NA,NA,NA,NA,NA,NA,NA,NA,NA,NA,NA,NA,NA,NA,NA
491,NA,NA,HI,2023-11-05,NA,NA,NA,NA,NA,NA,NA,NA,NA,NA,NA,NA,NA,NA,NA,NA,NA,NA,NA,NA
492,NA,NA,HI,2023-11-06,NA,NA,NA,NA,NA,NA,NA,NA,NA,NA,NA,NA,NA,NA,NA,NA,NA,NA,NA,NA
493,NA,NA,HI,2023-11-07,NA,NA,NA,NA,NA,NA,NA,NA,NA,NA,NA,NA,NA,NA,NA,NA,NA,NA,NA,NA
494,NA,NA,HI,2023-11-08,NA,NA,NA,NA,NA,NA,NA,NA,NA,NA,NA,NA,NA,NA,NA,NA,NA,NA,NA,NA
495,NA,NA,HI,2023-11-09,NA,NA,NA,NA,NA,NA,NA,NA,NA,NA,NA,NA,NA,NA,NA,NA,NA,NA,NA,NA
496,NA,NA,HI,2023-11-10,NA,NA,NA,NA,NA,NA,NA,NA,NA,NA,NA,NA,NA,NA,NA,NA,NA,NA,NA,NA
497,NA,NA,HI,2023-11-11,NA,NA,NA,NA,NA,NA,NA,NA,NA,NA,NA,NA,NA,NA,NA,NA,NA,NA,NA,NA
498,NA,NA,HI,2023-11-12,NA,NA,NA,NA,NA,NA,NA,NA,NA,NA,NA,NA,NA,NA,NA,NA,NA,NA,NA,NA
499,NA,NA,HI,2023-11-13,NA,NA,NA,NA,NA,NA,NA,NA,NA,NA,NA,NA,NA,NA,NA,NA,NA,NA,NA,NA
500,NA,NA,HI,2023-11-14,NA,NA,NA,NA,NA,NA,NA,NA,NA,NA,NA,NA,NA,NA,NA,NA,NA,NA,NA,NA
501,NA,NA,HI,2023-11-15,NA,NA,NA,NA,NA,NA,NA,NA,NA,NA,NA,NA,NA,NA,NA,NA,NA,NA,NA,NA
502,NA,NA,HI,2023-11-16,NA,NA,NA,NA,NA,NA,NA,NA,NA,NA,NA,NA,NA,NA,NA,NA,NA,NA,NA,NA
503,NA,NA,HI,2023-11-17,NA,NA,NA,NA,NA,NA,NA,NA,NA,NA,NA,NA,NA,NA,NA,NA,NA,NA,NA,NA
504,NA,NA,HI,2023-11-18,NA,NA,NA,NA,NA,NA,NA,NA,NA,NA,NA,NA,NA,NA,NA,NA,NA,NA,NA,NA
505,0.743311069944424,0.369409756421373,IA,2023-10-08,1,1,1,1,1,1,1,1,1,1,1,1,0,0,0,0,1,1,1,1
506,0.787674895712967,0.320960208284199,IA,2023-10-09,1,1,1,1,1,1,1,1,1,1,1,0,0,1,1,0,1,1,1,1
507,1.04120299278582,0.280756042971248,IA,2023-10-10,1,1,1,1,1,0,1,1,1,1,1,1,0,0,1,0,1,1,0,1
508,1.35312416655674,0.2825884384751725,IA,2023-10-11,1,1,0,1,1,1,1,1,1,1,1,1,0,1,1,0,1,1,1,1
509,1.19932052305144,0.381871462213604,IA,2023-10-12,1,1,0,1,0,1,1,1,1,1,1,1,1,1,0,0,1,1,1,1
510,0.694317586834539,0.2821396357646575,IA,2023-10-13,1,1,1,1,1,1,1,1,1,1,0,1,0,0,1,0,1,1,0,1
511,3.09666695020783,0.274983814403464,IA,2023-10-14,1,1,0,1,1,0,1,1,1,1,1,1,0,0,1,0,1,1,1,1
512,1.52700090654089,0.453544626180428,IA,2023-10-15,1,1,1,1,1,0,1,0,0,1,1,1,0,0,1,0,1,0,0,1
513,1.72390071351871,0.348487486386617,IA,2023-10-16,1,1,1,1,1,1,1,1,1,1,1,0,0,1,0,0,0,1,0,1
514,0.734236188369789,0.286201218670781,IA,2023-10-17,1,1,0,1,1,1,1,1,1,1,1,1,1,1,1,1,1,1,1,1
515,1.04360330325505,0.363666255581452,IA,2023-10-18,1,1,1,1,1,1,1,1,0,1,0,1,0,0,1,0,1,1,0,1
516,1.28630318582774,0.3510584805872695,IA,2023-10-19,1,1,1,1,1,0,1,1,1,1,1,1,0,0,0,1,1,1,0,1
517,1.40692588198773,0.3437484735569565,IA,2023-10-20,1,1,0,1,0,0,1,1,1,1,1,1,0,1,0,1,1,1,1,1
518,0.457909793187303,0.3000019858149395,IA,2023-10-21,1,1,1,1,1,1,1,1,1,1,1,1,0,1,1,0,1,1,1,1
519,1.85998726229585,0.400267001904649,IA,2023-10-22,1,1,1,0,1,1,1,1,1,1,0,1,0,0,1,0,1,1,0,1
520,0.851388774962911,0.373999509433714,IA,2023-10-23,1,0,1,1,1,1,1,1,1,1,1,0,0,0,1,0,1,1,1,1
521,1.52785115317456,0.4104402021524635,IA,2023-10-24,1,1,1,1,1,1,0,1,0,1,1,0,0,0,0,0,0,1,0,1
522,2.12812492318826,0.4768936642698395,IA,2023-10-25,1,0,1,1,1,0,1,1,1,1,1,0,0,0,0,1,1,0,1,1
523,5.36925112982414,0.4309294706253195,IA,2023-10-26,1,1,0,0,1,0,1,1,1,1,1,1,0,0,1,1,1,1,0,0
524,1.11351076478023,0.2901377094523065,IA,2023-10-27,1,1,0,1,1,1,1,1,1,1,1,1,0,0,1,0,1,1,1,1
525,0.853870664229923,0.2564539317212435,IA,2023-10-28,1,1,1,1,1,0,1,1,1,1,1,1,0,1,1,0,1,1,1,1
526,0.565686100541858,0.358845071356738,IA,2023-10-29,1,1,1,1,1,1,1,1,1,1,1,1,1,0,1,0,1,1,1,1
527,2.38067025660007,0.348371789766357,IA,2023-10-30,1,1,1,0,1,1,1,1,1,1,0,0,0,0,1,0,1,1,1,1
528,1.30635498417472,0.345865070414566,IA,2023-10-31,1,1,1,1,1,1,1,1,1,1,1,0,0,0,0,1,1,1,1,1
529,1.05905637666749,0.379851317251064,IA,2023-11-01,1,1,1,1,1,1,1,0,1,1,1,1,0,1,1,1,1,0,1,1
530,0.836628251468503,0.597394643932775,IA,2023-11-02,1,0,1,1,1,1,1,1,1,1,1,0,0,1,1,1,1,1,1,1
531,6.28097531831722,0.4726794375546075,IA,2023-11-03,1,1,0,0,1,0,1,1,1,1,1,0,0,0,1,0,1,1,0,1
532,0.781734931441359,0.351903915399252,IA,2023-11-04,1,1,1,1,1,1,1,1,1,1,1,1,0,1,0,1,1,1,1,1
533,1.66247309814074,0.334348354974777,IA,2023-11-05,1,1,1,1,1,0,0,1,1,1,1,1,0,1,1,0,0,1,1,1
534,2.48195753243905,0.2994966453077275,IA,2023-11-06,1,1,0,1,1,1,1,1,1,1,1,1,0,0,1,0,1,0,0,1
535,1.83345238870861,0.3524628849523485,IA,2023-11-07,1,1,0,1,1,1,1,1,1,0,1,0,0,1,1,0,1,1,1,0
536,1.09961327515231,0.3371070244052845,IA,2023-11-08,1,1,1,1,1,1,1,0,1,1,1,1,0,0,1,0,1,0,1,1
537,3.09497411278646,0.4501693206903075,IA,2023-11-09,1,1,1,1,1,1,1,0,1,0,1,0,1,0,0,0,1,0,1,0
538,1.43824440470297,0.257934907610812,IA,2023-11-10,1,1,1,1,1,0,1,1,1,1,1,1,0,0,1,1,1,1,1,1
539,1.71259128788047,0.467974167251357,IA,2023-11-11,1,1,1,1,1,1,0,0,1,0,1,1,0,0,0,0,0,0,1,0
540,1.26900192062146,0.2729909740650295,IA,2023-11-12,1,1,1,1,1,0,1,1,1,1,1,1,0,1,0,0,1,1,0,1
541,7.30962472381483,0.46706992970909,IA,2023-11-13,1,1,0,1,0,0,1,0,1,0,0,0,0,1,0,0,0,0,1,0
542,5.80448061333192,0.4811037789566155,IA,2023-11-14,1,1,1,1,1,0,1,0,1,0,1,0,0,0,0,0,1,0,0,0
543,2.46110545080768,0.327936945358974,IA,2023-11-15,1,1,1,0,1,0,1,1,1,0,1,0,0,0,1,0,1,1,1,0
544,3.37041847485414,0.432888703108503,IA,2023-11-16,1,1,1,0,1,1,1,0,1,0,1,1,0,0,1,0,1,0,0,0
545,1.80643085482246,0.426653626008904,IA,2023-11-17,1,0,0,1,1,1,1,1,1,0,1,0,0,0,1,0,1,1,1,0
546,2.5890118562839,0.4344483500781375,IA,2023-11-18,0,1,1,1,1,1,1,1,1,0,0,1,1,1,0,0,1,1,1,0
547,NA,NA,ID,2023-10-08,NA,NA,NA,NA,NA,NA,NA,NA,NA,NA,NA,NA,NA,NA,NA,NA,NA,NA,NA,NA
548,0.797685754332578,0.4236053612646225,ID,2023-10-09,1,1,1,1,1,1,1,1,1,1,1,1,0,1,0,0,1,1,1,1
549,0.65035505568252,0.4661821927480635,ID,2023-10-10,1,1,1,0,1,1,1,1,1,1,1,1,0,0,1,1,1,1,1,1
550,NA,NA,ID,2023-10-11,NA,NA,NA,NA,NA,NA,NA,NA,NA,NA,NA,NA,NA,NA,NA,NA,NA,NA,NA,NA
551,NA,NA,ID,2023-10-12,NA,NA,NA,NA,NA,NA,NA,NA,NA,NA,NA,NA,NA,NA,NA,NA,NA,NA,NA,NA
552,NA,NA,ID,2023-10-13,NA,NA,NA,NA,NA,NA,NA,NA,NA,NA,NA,NA,NA,NA,NA,NA,NA,NA,NA,NA
553,NA,NA,ID,2023-10-14,NA,NA,NA,NA,NA,NA,NA,NA,NA,NA,NA,NA,NA,NA,NA,NA,NA,NA,NA,NA
554,NA,NA,ID,2023-10-15,NA,NA,NA,NA,NA,NA,NA,NA,NA,NA,NA,NA,NA,NA,NA,NA,NA,NA,NA,NA
555,NA,NA,ID,2023-10-16,NA,NA,NA,NA,NA,NA,NA,NA,NA,NA,NA,NA,NA,NA,NA,NA,NA,NA,NA,NA
556,NA,NA,ID,2023-10-17,NA,NA,NA,NA,NA,NA,NA,NA,NA,NA,NA,NA,NA,NA,NA,NA,NA,NA,NA,NA
557,NA,NA,ID,2023-10-18,NA,NA,NA,NA,NA,NA,NA,NA,NA,NA,NA,NA,NA,NA,NA,NA,NA,NA,NA,NA
558,NA,NA,ID,2023-10-19,NA,NA,NA,NA,NA,NA,NA,NA,NA,NA,NA,NA,NA,NA,NA,NA,NA,NA,NA,NA
559,NA,NA,ID,2023-10-20,NA,NA,NA,NA,NA,NA,NA,NA,NA,NA,NA,NA,NA,NA,NA,NA,NA,NA,NA,NA
560,NA,NA,ID,2023-10-21,NA,NA,NA,NA,NA,NA,NA,NA,NA,NA,NA,NA,NA,NA,NA,NA,NA,NA,NA,NA
561,NA,NA,ID,2023-10-22,NA,NA,NA,NA,NA,NA,NA,NA,NA,NA,NA,NA,NA,NA,NA,NA,NA,NA,NA,NA
562,NA,NA,ID,2023-10-23,NA,NA,NA,NA,NA,NA,NA,NA,NA,NA,NA,NA,NA,NA,NA,NA,NA,NA,NA,NA
563,NA,NA,ID,2023-10-24,NA,NA,NA,NA,NA,NA,NA,NA,NA,NA,NA,NA,NA,NA,NA,NA,NA,NA,NA,NA
564,0.386348932451917,0.2690329783260225,ID,2023-10-25,1,1,1,1,1,1,1,1,1,1,1,1,1,1,1,1,1,1,1,1
565,NA,NA,ID,2023-10-26,NA,NA,NA,NA,NA,NA,NA,NA,NA,NA,NA,NA,NA,NA,NA,NA,NA,NA,NA,NA
566,NA,NA,ID,2023-10-27,NA,NA,NA,NA,NA,NA,NA,NA,NA,NA,NA,NA,NA,NA,NA,NA,NA,NA,NA,NA
567,NA,NA,ID,2023-10-28,NA,NA,NA,NA,NA,NA,NA,NA,NA,NA,NA,NA,NA,NA,NA,NA,NA,NA,NA,NA
568,NA,NA,ID,2023-10-29,NA,NA,NA,NA,NA,NA,NA,NA,NA,NA,NA,NA,NA,NA,NA,NA,NA,NA,NA,NA
569,NA,NA,ID,2023-10-30,NA,NA,NA,NA,NA,NA,NA,NA,NA,NA,NA,NA,NA,NA,NA,NA,NA,NA,NA,NA
570,NA,NA,ID,2023-10-31,NA,NA,NA,NA,NA,NA,NA,NA,NA,NA,NA,NA,NA,NA,NA,NA,NA,NA,NA,NA
571,NA,NA,ID,2023-11-01,NA,NA,NA,NA,NA,NA,NA,NA,NA,NA,NA,NA,NA,NA,NA,NA,NA,NA,NA,NA
572,NA,NA,ID,2023-11-02,NA,NA,NA,NA,NA,NA,NA,NA,NA,NA,NA,NA,NA,NA,NA,NA,NA,NA,NA,NA
573,NA,NA,ID,2023-11-03,NA,NA,NA,NA,NA,NA,NA,NA,NA,NA,NA,NA,NA,NA,NA,NA,NA,NA,NA,NA
574,NA,NA,ID,2023-11-04,NA,NA,NA,NA,NA,NA,NA,NA,NA,NA,NA,NA,NA,NA,NA,NA,NA,NA,NA,NA
575,NA,NA,ID,2023-11-05,NA,NA,NA,NA,NA,NA,NA,NA,NA,NA,NA,NA,NA,NA,NA,NA,NA,NA,NA,NA
576,NA,NA,ID,2023-11-06,NA,NA,NA,NA,NA,NA,NA,NA,NA,NA,NA,NA,NA,NA,NA,NA,NA,NA,NA,NA
577,NA,NA,ID,2023-11-07,NA,NA,NA,NA,NA,NA,NA,NA,NA,NA,NA,NA,NA,NA,NA,NA,NA,NA,NA,NA
578,NA,NA,ID,2023-11-08,NA,NA,NA,NA,NA,NA,NA,NA,NA,NA,NA,NA,NA,NA,NA,NA,NA,NA,NA,NA
579,NA,NA,ID,2023-11-09,NA,NA,NA,NA,NA,NA,NA,NA,NA,NA,NA,NA,NA,NA,NA,NA,NA,NA,NA,NA
580,NA,NA,ID,2023-11-10,NA,NA,NA,NA,NA,NA,NA,NA,NA,NA,NA,NA,NA,NA,NA,NA,NA,NA,NA,NA
581,NA,NA,ID,2023-11-11,NA,NA,NA,NA,NA,NA,NA,NA,NA,NA,NA,NA,NA,NA,NA,NA,NA,NA,NA,NA
582,NA,NA,ID,2023-11-12,NA,NA,NA,NA,NA,NA,NA,NA,NA,NA,NA,NA,NA,NA,NA,NA,NA,NA,NA,NA
583,NA,NA,ID,2023-11-13,NA,NA,NA,NA,NA,NA,NA,NA,NA,NA,NA,NA,NA,NA,NA,NA,NA,NA,NA,NA
584,NA,NA,ID,2023-11-14,NA,NA,NA,NA,NA,NA,NA,NA,NA,NA,NA,NA,NA,NA,NA,NA,NA,NA,NA,NA
585,NA,NA,ID,2023-11-15,NA,NA,NA,NA,NA,NA,NA,NA,NA,NA,NA,NA,NA,NA,NA,NA,NA,NA,NA,NA
586,NA,NA,ID,2023-11-16,NA,NA,NA,NA,NA,NA,NA,NA,NA,NA,NA,NA,NA,NA,NA,NA,NA,NA,NA,NA
587,NA,NA,ID,2023-11-17,NA,NA,NA,NA,NA,NA,NA,NA,NA,NA,NA,NA,NA,NA,NA,NA,NA,NA,NA,NA
588,NA,NA,ID,2023-11-18,NA,NA,NA,NA,NA,NA,NA,NA,NA,NA,NA,NA,NA,NA,NA,NA,NA,NA,NA,NA
589,1.73204110695437,0.433856161526695,IL,2023-10-08,1,1,0,1,1,1,0,0,1,0,1,1,0,0,0,0,0,0,0,0
590,2.88224529314356,0.310500062874882,IL,2023-10-09,1,1,1,0,1,0,1,1,1,1,0,0,0,0,0,0,1,1,1,1
591,3.4001014422442,0.304273398386643,IL,2023-10-10,1,1,1,0,1,0,1,1,1,1,1,0,0,0,0,0,1,1,1,1
592,2.38767695903592,0.3573466004078595,IL,2023-10-11,1,1,1,0,0,1,1,1,1,1,0,0,0,0,0,1,1,0,1,1
593,3.13065175961597,0.3269045276888575,IL,2023-10-12,1,1,0,1,1,0,1,1,1,1,1,0,0,1,0,0,1,0,1,1
594,2.79314089882495,0.351613741859168,IL,2023-10-13,1,1,1,1,1,0,1,0,1,1,1,1,0,1,0,0,1,0,0,1
595,2.34125273118481,0.337170919285654,IL,2023-10-14,1,1,0,1,1,0,1,1,1,1,0,0,0,0,1,0,1,1,1,1
596,1.85815863846857,0.3409047253154775,IL,2023-10-15,1,1,1,1,1,0,1,0,1,1,1,0,0,0,1,0,1,0,0,1
597,3.45538010635341,0.326850432576231,IL,2023-10-16,1,1,0,1,1,0,1,0,1,1,1,1,0,0,0,0,1,0,0,1
598,3.72648583124695,0.3919724559453075,IL,2023-10-17,1,0,0,1,1,1,0,1,1,1,1,0,0,0,1,0,0,0,0,1
599,2.91410139908051,0.3805292398102375,IL,2023-10-18,1,1,0,1,1,0,0,0,1,0,1,0,0,0,0,0,0,0,0,0
600,3.0876993241334,0.4381536084084435,IL,2023-10-19,1,1,1,1,1,1,0,1,0,1,0,1,0,0,0,0,0,1,0,1
601,2.40409381582216,0.40727739660986,IL,2023-10-20,1,1,1,0,1,1,0,1,1,1,0,0,0,0,1,1,0,1,0,0
602,1.42274618338383,0.320036015719934,IL,2023-10-21,1,1,1,1,1,0,1,1,1,1,0,1,0,0,0,0,1,1,1,1
603,0.959302505580109,0.322236689194542,IL,2023-10-22,1,1,0,1,1,1,1,1,1,1,1,1,0,0,0,1,1,1,1,1
604,1.71899555924801,0.337648588092744,IL,2023-10-23,1,1,1,1,1,1,1,0,1,1,0,1,0,1,1,0,0,0,1,0
605,2.79429559911762,0.366006506993935,IL,2023-10-24,1,1,1,0,1,1,1,0,1,1,0,0,0,0,1,0,1,0,1,1
606,4.11518638550398,0.3612663100879225,IL,2023-10-25,1,1,1,1,1,1,1,0,1,1,0,1,0,0,0,0,1,0,0,0
607,2.43150933325575,0.3816243784358005,IL,2023-10-26,1,1,1,1,1,1,1,0,1,1,0,0,0,0,0,0,1,0,1,1
608,3.0280389463237,0.385300888479955,IL,2023-10-27,1,1,1,1,0,1,0,0,1,1,1,1,0,0,0,0,0,1,1,1
609,1.95716872075145,0.348426350750104,IL,2023-10-28,1,1,0,1,1,0,0,1,1,1,1,1,0,1,0,0,0,1,1,1
610,1.93288180546065,0.4569527072213935,IL,2023-10-29,1,1,1,1,1,1,1,0,1,0,1,0,1,1,0,0,0,0,1,0
611,6.19204992820539,0.2977692068948265,IL,2023-10-30,1,1,0,1,0,0,1,1,1,0,0,0,0,0,0,0,1,0,0,0
612,2.22519660290229,0.4611298509742815,IL,2023-10-31,1,1,1,1,1,1,0,0,1,1,0,1,1,1,0,1,0,0,0,0
613,3.45890734790678,0.404894247407432,IL,2023-11-01,1,1,1,1,0,1,1,1,1,0,0,1,1,0,1,0,1,0,1,0
614,3.26995586792024,0.3366718443076575,IL,2023-11-02,1,1,1,0,1,0,1,1,0,1,1,0,0,0,0,0,1,0,0,1
615,2.74816748843677,0.3125095197105605,IL,2023-11-03,1,1,1,1,1,0,1,0,1,1,1,0,1,0,0,0,1,0,0,1
616,1.47529824189215,0.3909870714409475,IL,2023-11-04,1,1,1,1,1,1,1,1,1,0,1,0,0,0,0,0,1,1,1,0
617,3.1563502432572,0.412927432962676,IL,2023-11-05,1,1,1,1,0,1,1,0,1,0,0,1,0,1,0,0,0,0,1,0
618,9.29490763804802,0.347803231620531,IL,2023-11-06,1,1,0,0,1,0,1,1,0,0,1,0,0,0,0,0,0,0,0,0
619,3.14918665710078,0.3458563019550375,IL,2023-11-07,1,1,1,1,1,0,1,1,1,0,1,0,0,0,1,0,1,0,0,0
620,3.79310882404012,0.3864974588773045,IL,2023-11-08,0,1,0,1,1,1,1,1,1,0,0,0,0,0,0,0,1,1,0,0
621,2.95640717290476,0.4328695909766195,IL,2023-11-09,0,1,0,1,1,1,1,1,0,0,0,1,0,0,1,1,1,1,0,0
622,3.19933456888446,0.3860944254922075,IL,2023-11-10,1,1,0,1,1,1,0,0,1,1,0,0,0,0,0,0,0,0,0,0
623,3.74203891021851,0.4019880697440215,IL,2023-11-11,1,0,0,0,1,1,1,1,0,0,0,0,1,0,0,0,1,0,0,0
624,2.39280972728231,0.3342686810049295,IL,2023-11-12,1,1,0,1,1,0,1,0,1,0,1,1,0,0,1,0,1,0,1,0
625,6.48093172260897,0.314490315535771,IL,2023-11-13,1,1,1,0,0,0,1,0,0,0,0,0,0,0,1,0,1,0,0,0
626,7.2916279680828,0.4076542189833195,IL,2023-11-14,1,1,0,1,0,1,1,1,0,0,1,1,0,0,0,0,1,0,0,0
627,4.37323896675715,0.402685763409808,IL,2023-11-15,1,0,0,1,1,1,1,1,1,0,1,0,0,0,0,0,1,1,0,0
628,5.44892878371672,0.3526845256994625,IL,2023-11-16,1,1,0,0,0,0,0,1,1,0,1,0,0,0,0,0,1,0,1,0
629,6.47298576286384,0.3854523698827705,IL,2023-11-17,1,1,1,0,0,1,0,0,1,0,1,0,0,1,0,0,0,0,0,0
630,3.0218704146809,0.4144666919878865,IL,2023-11-18,1,1,1,0,1,1,1,0,0,0,1,0,0,0,1,0,1,1,0,0
631,NA,NA,IN,2023-10-08,NA,NA,NA,NA,NA,NA,NA,NA,NA,NA,NA,NA,NA,NA,NA,NA,NA,NA,NA,NA
632,0.436601073849069,0.333092230867264,IN,2023-10-09,1,1,1,1,1,1,1,1,1,1,1,1,1,1,1,1,1,1,1,1
633,0.72243767415567,0.2721004186646215,IN,2023-10-10,1,1,1,1,1,0,1,1,1,1,1,1,0,1,0,1,1,1,1,1
634,1.17643489889848,0.58628947023016,IN,2023-10-11,1,1,1,1,0,1,1,1,0,1,1,1,1,0,0,0,1,1,0,1
635,0.417291543296057,0.337919807655854,IN,2023-10-12,1,1,1,1,1,1,1,1,1,1,1,1,0,1,1,0,1,1,1,1
636,0.732042111898354,0.3048314497812725,IN,2023-10-13,1,1,0,1,1,1,1,1,1,1,1,1,0,1,1,0,1,1,1,1
637,1.00343904218044,0.32954738227989,IN,2023-10-14,1,1,1,1,1,1,1,1,1,1,1,0,0,0,0,0,1,1,1,1
638,NA,NA,IN,2023-10-15,NA,NA,NA,NA,NA,NA,NA,NA,NA,NA,NA,NA,NA,NA,NA,NA,NA,NA,NA,NA
639,0.431713396202293,0.34446064272828403,IN,2023-10-16,1,1,1,1,1,1,1,1,1,1,1,1,0,1,1,0,1,1,1,1
640,0.877092215456329,0.415109504077688,IN,2023-10-17,1,1,1,1,1,1,1,1,0,1,1,1,0,1,1,1,1,1,0,1
641,0.700696769230265,0.3761274119362335,IN,2023-10-18,1,1,1,0,1,1,1,1,1,1,1,1,0,0,1,1,1,1,1,1
642,0.395820529255845,0.2872382688433785,IN,2023-10-19,1,1,1,1,1,1,1,1,1,1,1,1,0,0,1,1,1,1,1,1
643,0.694828267886912,0.527570333568195,IN,2023-10-20,1,1,1,0,1,1,1,1,1,1,1,1,0,0,1,1,1,1,1,1
644,NA,NA,IN,2023-10-21,NA,NA,NA,NA,NA,NA,NA,NA,NA,NA,NA,NA,NA,NA,NA,NA,NA,NA,NA,NA
645,1.00254239233409,0.3544988504208005,IN,2023-10-22,1,1,0,1,1,1,1,1,1,1,1,1,0,0,1,1,1,1,1,1
646,NA,NA,IN,2023-10-23,NA,NA,NA,NA,NA,NA,NA,NA,NA,NA,NA,NA,NA,NA,NA,NA,NA,NA,NA,NA
647,0.403658581100017,0.216782385654068,IN,2023-10-24,1,1,1,1,1,1,1,1,1,1,1,1,0,1,1,0,1,1,1,1
648,1.03917423326219,0.450895010781017,IN,2023-10-25,1,1,1,1,1,1,1,1,0,1,1,1,0,1,1,0,1,1,1,1
649,1.21450295478522,0.4814625409186085,IN,2023-10-26,1,0,1,1,1,1,0,1,1,1,1,0,0,1,0,0,1,1,1,1
650,0.818271915043307,0.597773477070025,IN,2023-10-27,0,1,1,1,1,1,1,1,1,1,0,1,1,1,1,0,1,1,1,1
651,0.401123207322634,0.210440813314001,IN,2023-10-28,1,1,1,1,1,1,1,1,1,1,0,1,1,1,1,0,1,1,1,1
652,0.824339456928874,0.60450666728335,IN,2023-10-29,1,1,1,1,1,1,1,0,1,1,1,1,1,0,1,1,1,0,1,1
653,1.00116665546374,0.3682967210912875,IN,2023-10-30,1,1,0,1,1,1,1,1,1,1,1,1,0,1,1,0,1,1,1,1
654,0.425617230664843,0.370051623660443,IN,2023-10-31,1,1,1,1,1,1,1,1,1,1,1,1,0,1,0,1,1,1,1,1
655,1.23107171623381,0.450337814570226,IN,2023-11-01,1,1,0,1,1,1,1,1,0,1,1,0,0,1,0,0,1,1,0,1
656,0.870652066075203,0.63267010782666,IN,2023-11-02,1,1,1,1,1,1,1,1,1,0,1,1,1,1,1,0,1,1,1,0
657,0.396663781844807,0.2013862260298865,IN,2023-11-03,1,1,1,1,1,1,1,1,1,1,1,1,1,1,1,1,1,1,1,1
658,NA,NA,IN,2023-11-04,NA,NA,NA,NA,NA,NA,NA,NA,NA,NA,NA,NA,NA,NA,NA,NA,NA,NA,NA,NA
659,0.908571681930777,0.493696440510654,IN,2023-11-05,1,1,1,1,1,1,1,1,0,1,1,0,0,1,1,0,1,1,0,1
660,0.816455753713662,0.61532878137429,IN,2023-11-06,1,0,1,1,1,1,1,1,1,1,1,0,1,1,1,0,1,1,1,1
661,1.60651601128253,0.3828633002079435,IN,2023-11-07,1,1,1,1,1,1,1,0,1,1,0,1,0,1,0,0,1,0,1,1
662,0.924007750427115,0.3868680049843645,IN,2023-11-08,1,0,1,1,1,1,1,1,1,1,1,0,0,1,1,0,1,1,1,1
663,0.822559715400081,0.289508234213776,IN,2023-11-09,1,1,1,1,1,1,1,1,1,1,1,1,1,0,1,0,1,1,0,1
664,NA,NA,IN,2023-11-10,NA,NA,NA,NA,NA,NA,NA,NA,NA,NA,NA,NA,NA,NA,NA,NA,NA,NA,NA,NA
665,NA,NA,IN,2023-11-11,NA,NA,NA,NA,NA,NA,NA,NA,NA,NA,NA,NA,NA,NA,NA,NA,NA,NA,NA,NA
666,0.860274665466695,0.3993636229073775,IN,2023-11-12,1,1,1,1,1,1,1,1,0,1,1,1,1,1,1,0,1,1,0,1
667,1.34707387853719,0.396551283736038,IN,2023-11-13,1,1,1,1,1,1,1,0,0,1,1,0,0,1,1,0,1,0,0,1
668,0.780044237897303,0.428948677873883,IN,2023-11-14,1,1,1,1,1,1,1,1,1,1,1,1,1,0,1,1,0,1,1,1
669,0.398922181920987,0.1853121779831835,IN,2023-11-15,1,1,1,1,1,1,1,1,1,1,1,1,1,1,1,0,0,1,1,1
670,0.675516969579947,0.55053356908253,IN,2023-11-16,1,1,1,0,1,1,1,1,1,1,1,1,1,0,1,1,1,1,0,1
671,0.395024552773324,0.182965877404026,IN,2023-11-17,1,1,1,1,1,1,1,1,1,1,1,1,1,0,1,0,1,1,1,1
672,NA,NA,IN,2023-11-18,NA,NA,NA,NA,NA,NA,NA,NA,NA,NA,NA,NA,NA,NA,NA,NA,NA,NA,NA,NA
673,0.39666485664411,0.2850205422097385,KS,2023-10-08,1,1,1,1,1,1,1,1,1,1,1,1,0,1,1,0,1,1,1,1
674,NA,NA,KS,2023-10-09,NA,NA,NA,NA,NA,NA,NA,NA,NA,NA,NA,NA,NA,NA,NA,NA,NA,NA,NA,NA
675,1.42541941365924,0.4934187633058445,KS,2023-10-10,1,1,1,0,1,1,1,1,1,1,0,1,1,0,1,0,1,1,1,1
676,NA,NA,KS,2023-10-11,NA,NA,NA,NA,NA,NA,NA,NA,NA,NA,NA,NA,NA,NA,NA,NA,NA,NA,NA,NA
677,0.82822515010361,0.5914277445572,KS,2023-10-12,1,1,1,1,1,1,1,1,0,1,1,1,1,0,1,1,1,1,0,1
678,NA,NA,KS,2023-10-13,NA,NA,NA,NA,NA,NA,NA,NA,NA,NA,NA,NA,NA,NA,NA,NA,NA,NA,NA,NA
679,NA,NA,KS,2023-10-14,NA,NA,NA,NA,NA,NA,NA,NA,NA,NA,NA,NA,NA,NA,NA,NA,NA,NA,NA,NA
680,NA,NA,KS,2023-10-15,NA,NA,NA,NA,NA,NA,NA,NA,NA,NA,NA,NA,NA,NA,NA,NA,NA,NA,NA,NA
681,NA,NA,KS,2023-10-16,NA,NA,NA,NA,NA,NA,NA,NA,NA,NA,NA,NA,NA,NA,NA,NA,NA,NA,NA,NA
682,1.03549126411094,0.518829603227465,KS,2023-10-17,1,1,1,0,0,1,1,1,1,1,1,1,0,0,0,1,1,1,1,1
683,0.689688633964755,0.4942138076031115,KS,2023-10-18,1,1,1,0,1,1,1,1,1,1,1,1,1,1,1,1,1,1,1,1
684,0.39604571393969,0.286605602040535,KS,2023-10-19,1,1,1,1,1,1,1,1,1,1,1,1,1,1,1,1,1,1,1,1
685,0.394806636587763,0.286954085373445,KS,2023-10-20,1,1,1,1,1,1,1,1,1,1,1,1,0,1,1,0,1,1,1,1
686,NA,NA,KS,2023-10-21,NA,NA,NA,NA,NA,NA,NA,NA,NA,NA,NA,NA,NA,NA,NA,NA,NA,NA,NA,NA
687,NA,NA,KS,2023-10-22,NA,NA,NA,NA,NA,NA,NA,NA,NA,NA,NA,NA,NA,NA,NA,NA,NA,NA,NA,NA
688,0.565778807317419,0.3607301490428325,KS,2023-10-23,1,1,1,1,1,1,1,1,1,1,1,1,0,1,1,0,1,1,1,1
689,0.667862958056801,0.39119609954797,KS,2023-10-24,1,1,1,0,1,1,1,1,1,1,1,1,1,1,1,1,1,1,1,1
690,0.684304880651717,0.3913636436323665,KS,2023-10-25,1,1,1,0,1,1,1,1,1,1,1,1,1,0,0,0,1,1,0,1
691,NA,NA,KS,2023-10-26,NA,NA,NA,NA,NA,NA,NA,NA,NA,NA,NA,NA,NA,NA,NA,NA,NA,NA,NA,NA
692,NA,NA,KS,2023-10-27,NA,NA,NA,NA,NA,NA,NA,NA,NA,NA,NA,NA,NA,NA,NA,NA,NA,NA,NA,NA
693,NA,NA,KS,2023-10-28,NA,NA,NA,NA,NA,NA,NA,NA,NA,NA,NA,NA,NA,NA,NA,NA,NA,NA,NA,NA
694,NA,NA,KS,2023-10-29,NA,NA,NA,NA,NA,NA,NA,NA,NA,NA,NA,NA,NA,NA,NA,NA,NA,NA,NA,NA
695,0.382284949315486,0.2921486890026455,KS,2023-10-30,1,1,1,1,1,1,1,1,1,1,1,1,0,1,1,0,1,1,1,1
696,NA,NA,KS,2023-10-31,NA,NA,NA,NA,NA,NA,NA,NA,NA,NA,NA,NA,NA,NA,NA,NA,NA,NA,NA,NA
697,NA,NA,KS,2023-11-01,NA,NA,NA,NA,NA,NA,NA,NA,NA,NA,NA,NA,NA,NA,NA,NA,NA,NA,NA,NA
698,0.452674459522249,0.29681775780581,KS,2023-11-02,1,1,1,1,1,1,1,1,1,1,1,1,1,1,1,1,1,1,1,1
699,NA,NA,KS,2023-11-03,NA,NA,NA,NA,NA,NA,NA,NA,NA,NA,NA,NA,NA,NA,NA,NA,NA,NA,NA,NA
700,NA,NA,KS,2023-11-04,NA,NA,NA,NA,NA,NA,NA,NA,NA,NA,NA,NA,NA,NA,NA,NA,NA,NA,NA,NA
701,NA,NA,KS,2023-11-05,NA,NA,NA,NA,NA,NA,NA,NA,NA,NA,NA,NA,NA,NA,NA,NA,NA,NA,NA,NA
702,1.23055300584488,0.369305453310877,KS,2023-11-06,0,1,1,1,1,1,1,1,1,1,0,1,1,0,0,1,1,1,1,1
703,1.35501506294282,0.3938402372131795,KS,2023-11-07,1,1,1,0,1,1,1,1,1,1,1,1,0,0,1,0,1,1,0,1
704,1.56786424695113,0.476273131850265,KS,2023-11-08,1,0,1,1,1,1,1,1,1,1,1,0,1,1,0,0,1,1,1,1
705,0.817462659658893,0.595689409133975,KS,2023-11-09,1,1,1,1,1,1,1,0,1,1,0,1,1,1,1,1,1,0,1,1
706,NA,NA,KS,2023-11-10,NA,NA,NA,NA,NA,NA,NA,NA,NA,NA,NA,NA,NA,NA,NA,NA,NA,NA,NA,NA
707,NA,NA,KS,2023-11-11,NA,NA,NA,NA,NA,NA,NA,NA,NA,NA,NA,NA,NA,NA,NA,NA,NA,NA,NA,NA
708,NA,NA,KS,2023-11-12,NA,NA,NA,NA,NA,NA,NA,NA,NA,NA,NA,NA,NA,NA,NA,NA,NA,NA,NA,NA
709,0.472086746860368,0.2937411905721165,KS,2023-11-13,1,1,1,1,1,1,1,1,1,1,1,1,1,1,1,1,1,1,1,1
710,NA,NA,KS,2023-11-14,NA,NA,NA,NA,NA,NA,NA,NA,NA,NA,NA,NA,NA,NA,NA,NA,NA,NA,NA,NA
711,0.443873018795272,0.3001887310472045,KS,2023-11-15,1,1,1,1,1,1,1,1,1,1,1,1,1,1,1,0,1,0,1,1
712,NA,NA,KS,2023-11-16,NA,NA,NA,NA,NA,NA,NA,NA,NA,NA,NA,NA,NA,NA,NA,NA,NA,NA,NA,NA
713,NA,NA,KS,2023-11-17,NA,NA,NA,NA,NA,NA,NA,NA,NA,NA,NA,NA,NA,NA,NA,NA,NA,NA,NA,NA
714,0.825849837026156,0.59330018079052,KS,2023-11-18,1,1,1,1,1,1,1,0,1,1,1,1,0,1,1,1,1,0,1,1
715,NA,NA,KY,2023-10-08,NA,NA,NA,NA,NA,NA,NA,NA,NA,NA,NA,NA,NA,NA,NA,NA,NA,NA,NA,NA
716,0.874057260747643,0.241304245488723,KY,2023-10-09,1,1,1,1,1,0,1,1,1,1,1,1,0,1,1,0,1,1,1,1
717,0.946292903960853,0.3269442228175255,KY,2023-10-10,1,1,1,1,1,1,1,1,1,1,1,1,0,0,1,0,1,1,0,1
718,3.05458072073876,0.500967962058995,KY,2023-10-11,1,1,1,0,1,0,1,1,1,1,1,1,0,0,1,0,1,1,1,1
719,0.895108491057635,0.2368343662461535,KY,2023-10-12,1,1,1,1,1,0,1,1,1,1,1,1,1,1,1,0,0,1,1,1
720,1.17960799077372,0.387926779084151,KY,2023-10-13,1,1,0,1,1,1,1,1,1,1,1,1,0,1,1,0,1,1,1,1
721,1.01880353680073,0.512979836070565,KY,2023-10-14,1,0,1,0,1,1,1,1,1,1,1,0,0,0,1,0,1,1,1,1
722,NA,NA,KY,2023-10-15,NA,NA,NA,NA,NA,NA,NA,NA,NA,NA,NA,NA,NA,NA,NA,NA,NA,NA,NA,NA
723,1.07629748717067,0.531194091107235,KY,2023-10-16,1,0,1,1,0,1,1,1,1,1,1,0,1,1,0,0,1,1,1,1
724,0.751688972841734,0.53765724857489,KY,2023-10-17,1,1,1,1,0,1,1,1,1,1,1,1,1,0,0,1,1,1,1,1
725,0.870262483600084,0.4624766270203875,KY,2023-10-18,1,0,1,1,1,1,1,1,1,1,1,0,0,0,1,1,1,1,1,1
726,0.730672783496301,0.523780295049145,KY,2023-10-19,1,0,1,1,1,1,1,1,1,1,1,0,1,1,1,1,0,1,1,1
727,0.368137708426329,0.226550019995514,KY,2023-10-20,1,1,1,1,1,1,1,1,1,1,1,1,1,1,1,1,1,1,1,1
728,NA,NA,KY,2023-10-21,NA,NA,NA,NA,NA,NA,NA,NA,NA,NA,NA,NA,NA,NA,NA,NA,NA,NA,NA,NA
729,NA,NA,KY,2023-10-22,NA,NA,NA,NA,NA,NA,NA,NA,NA,NA,NA,NA,NA,NA,NA,NA,NA,NA,NA,NA
730,1.02822437368313,0.39282681446303,KY,2023-10-23,1,1,0,1,1,1,1,1,1,1,0,0,1,0,1,0,1,1,1,1
731,1.4331409049805,0.371716762321109,KY,2023-10-24,1,0,1,1,1,1,1,1,1,1,0,0,0,1,1,0,1,1,0,1
732,0.8058512282641,0.350260252146465,KY,2023-10-25,1,1,1,1,1,1,1,1,1,1,1,1,0,0,0,0,1,1,1,1
733,0.983713470583367,0.506542116581355,KY,2023-10-26,1,1,1,1,1,1,0,1,1,1,1,0,1,1,1,1,0,1,1,1
734,0.565838202492257,0.422763061919878,KY,2023-10-27,1,1,0,1,1,1,1,1,1,1,1,1,0,0,1,1,1,1,1,1
735,NA,NA,KY,2023-10-28,NA,NA,NA,NA,NA,NA,NA,NA,NA,NA,NA,NA,NA,NA,NA,NA,NA,NA,NA,NA
736,NA,NA,KY,2023-10-29,NA,NA,NA,NA,NA,NA,NA,NA,NA,NA,NA,NA,NA,NA,NA,NA,NA,NA,NA,NA
737,1.08242346253808,0.3774098400695165,KY,2023-10-30,1,1,1,1,1,1,1,0,1,1,0,1,0,0,1,0,1,0,1,1
738,0.502966783704048,0.3242583243112705,KY,2023-10-31,1,1,1,1,1,1,1,1,1,1,1,1,0,1,1,0,1,1,1,1
739,NA,NA,KY,2023-11-01,NA,NA,NA,NA,NA,NA,NA,NA,NA,NA,NA,NA,NA,NA,NA,NA,NA,NA,NA,NA
740,0.669377343089431,0.381880515197069,KY,2023-11-02,1,1,1,1,1,1,1,1,1,1,1,1,0,0,1,1,1,1,1,1
741,0.334738113565262,0.214749149177956,KY,2023-11-03,1,1,1,1,1,1,1,1,1,1,1,1,1,1,1,0,1,0,1,1
742,NA,NA,KY,2023-11-04,NA,NA,NA,NA,NA,NA,NA,NA,NA,NA,NA,NA,NA,NA,NA,NA,NA,NA,NA,NA
743,NA,NA,KY,2023-11-05,NA,NA,NA,NA,NA,NA,NA,NA,NA,NA,NA,NA,NA,NA,NA,NA,NA,NA,NA,NA
744,2.45992101842539,0.4535810213441,KY,2023-11-06,1,1,0,0,1,0,1,1,1,0,0,1,0,0,0,1,0,1,1,0
745,1.00177520348888,0.501303917457945,KY,2023-11-07,1,0,1,0,1,1,1,1,1,1,0,0,0,0,1,1,1,1,1,1
746,0.664821807022563,0.38457945199611,KY,2023-11-08,1,1,1,1,1,1,1,1,1,1,1,0,0,0,1,0,1,1,1,1
747,0.793875590694207,0.3967993372968415,KY,2023-11-09,1,1,1,1,1,1,1,1,0,1,1,1,1,1,1,0,1,1,0,1
748,NA,NA,KY,2023-11-10,NA,NA,NA,NA,NA,NA,NA,NA,NA,NA,NA,NA,NA,NA,NA,NA,NA,NA,NA,NA
749,0.337194234840397,0.212219978772044,KY,2023-11-11,1,1,1,1,1,1,1,1,1,1,0,1,1,1,1,0,1,1,1,1
750,NA,NA,KY,2023-11-12,NA,NA,NA,NA,NA,NA,NA,NA,NA,NA,NA,NA,NA,NA,NA,NA,NA,NA,NA,NA
751,1.21742763870945,0.526497206535405,KY,2023-11-13,1,1,1,1,0,1,1,1,0,1,1,1,0,1,0,0,1,1,0,1
752,0.671592186663856,0.3874632923881445,KY,2023-11-14,1,1,1,1,1,1,1,1,1,1,0,1,1,0,1,1,1,1,1,1
753,0.733329214963546,0.29524025589002,KY,2023-11-15,1,1,1,1,1,1,1,1,1,1,0,1,0,0,1,0,1,1,1,1
754,1.01604397221115,0.4948648221706435,KY,2023-11-16,1,0,1,0,1,1,1,1,1,1,0,0,1,0,1,1,1,1,0,1
755,NA,NA,KY,2023-11-17,NA,NA,NA,NA,NA,NA,NA,NA,NA,NA,NA,NA,NA,NA,NA,NA,NA,NA,NA,NA
756,NA,NA,KY,2023-11-18,NA,NA,NA,NA,NA,NA,NA,NA,NA,NA,NA,NA,NA,NA,NA,NA,NA,NA,NA,NA
757,1.40523262629638,0.4306684098925825,LA,2023-10-08,1,1,1,1,1,0,1,1,0,1,0,0,0,0,0,0,1,1,0,1
758,1.49847014586367,0.449276146724943,LA,2023-10-09,1,1,1,1,0,1,1,1,1,1,1,1,0,0,0,0,1,1,0,1
759,2.25412253992396,0.3874165973968315,LA,2023-10-10,1,1,0,0,1,1,1,1,1,1,0,1,0,0,1,1,1,1,0,1
760,1.46703865828807,0.43627053223915,LA,2023-10-11,1,1,1,1,1,1,1,1,0,1,0,0,0,0,0,0,1,1,0,1
761,1.26535779237675,0.432765913890166,LA,2023-10-12,0,1,1,1,1,1,1,1,1,1,1,1,0,0,0,1,1,1,1,1
762,1.08097019112914,0.3931546610691055,LA,2023-10-13,1,0,1,1,1,1,1,1,1,1,0,0,0,0,1,1,1,0,1,1
763,0.903487955289342,0.4218552960795945,LA,2023-10-14,1,1,1,1,1,1,1,1,0,1,1,1,1,1,1,1,1,0,0,1
764,0.872772294043783,0.452367530081928,LA,2023-10-15,0,1,1,1,1,1,1,1,1,1,0,1,1,0,1,1,1,1,1,1
765,1.19212118645633,0.422460612045034,LA,2023-10-16,1,1,1,1,1,1,1,1,1,1,0,0,0,0,0,0,0,0,0,1
766,1.29073419096223,0.4213475956737125,LA,2023-10-17,1,1,1,1,1,1,1,0,1,1,0,0,0,1,1,0,1,0,0,1
767,1.81342715143738,0.417700823730276,LA,2023-10-18,1,1,0,0,1,0,1,1,0,1,0,0,0,0,1,0,1,1,0,1
768,0.644202901499369,0.446955727073215,LA,2023-10-19,1,1,1,0,1,1,1,1,1,1,0,1,1,0,1,1,1,1,1,1
769,0.9343541216114,0.428535670037773,LA,2023-10-20,1,1,1,1,1,1,1,1,1,1,1,1,0,0,0,0,1,1,1,1
770,0.887166310650409,0.3893907122986125,LA,2023-10-21,1,1,1,1,1,1,1,1,1,1,1,1,0,0,0,0,1,1,1,1
771,0.47872277442929,0.342651251307343,LA,2023-10-22,1,1,1,1,1,0,1,1,1,1,1,1,0,1,1,0,1,1,1,1
772,2.74711135171918,0.421158946985657,LA,2023-10-23,1,0,1,0,1,1,1,1,1,1,0,0,0,0,0,0,1,1,0,1
773,1.95871815824238,0.4511534158090895,LA,2023-10-24,1,1,0,1,1,1,1,1,1,0,1,0,0,0,1,0,1,0,0,0
774,1.42292659408408,0.3972350283475805,LA,2023-10-25,1,1,1,1,1,0,1,1,1,0,0,1,0,1,0,0,1,1,1,0
775,2.03003575467973,0.3985395612964805,LA,2023-10-26,1,1,0,1,1,0,1,0,1,1,1,0,0,0,1,0,1,0,1,1
776,2.33309008489033,0.408257874083832,LA,2023-10-27,1,0,1,1,1,1,1,1,1,1,0,0,1,0,1,0,1,1,0,1
777,1.61236483351886,0.4242736153915385,LA,2023-10-28,1,1,1,0,1,1,1,1,1,1,1,0,0,1,0,0,1,0,0,1
778,1.6265496618058,0.4656571667567735,LA,2023-10-29,1,1,1,1,1,0,1,1,0,1,0,0,0,1,0,0,1,1,0,1
779,2.11133672931412,0.3474012666845,LA,2023-10-30,1,1,1,1,1,0,1,1,1,1,0,0,1,1,1,0,1,1,0,1
780,0.788708366834028,0.415833450542041,LA,2023-10-31,1,1,1,1,1,1,1,1,1,1,0,1,1,1,1,1,1,0,1,1
781,0.804049739474024,0.4126053950093945,LA,2023-11-01,1,1,1,1,1,1,1,1,1,1,1,1,0,0,1,1,1,1,1,1
782,1.41235985812474,0.4345856901674515,LA,2023-11-02,1,1,1,1,0,1,1,1,1,1,1,1,0,1,0,0,1,0,1,1
783,1.58395676054718,0.419245096464568,LA,2023-11-03,0,1,1,1,1,1,1,1,1,1,0,0,1,0,1,0,1,1,0,1
784,0.601906305267567,0.427746548038788,LA,2023-11-04,1,1,1,0,1,1,1,1,1,1,1,1,1,0,0,1,1,1,1,1
785,1.26169495241464,0.4715695924938965,LA,2023-11-05,1,1,1,1,0,1,1,1,0,1,1,0,0,0,0,1,1,1,0,1
786,1.67957715485285,0.432554784557783,LA,2023-11-06,0,1,1,1,1,1,1,1,1,1,0,0,0,1,1,1,1,1,1,1
787,0.882471503990749,0.4146437113067395,LA,2023-11-07,0,1,1,1,1,1,1,1,1,1,0,0,1,0,1,0,1,1,1,1
788,1.56000484670519,0.4115317444847245,LA,2023-11-08,1,0,1,1,1,1,1,1,1,0,0,0,1,1,1,0,1,1,1,0
789,2.1060856953411,0.4101227442428835,LA,2023-11-09,0,0,1,1,1,1,1,1,1,1,0,0,0,0,1,0,1,1,0,1
790,0.837833032360155,0.429570309385129,LA,2023-11-10,1,1,1,1,1,1,1,0,1,1,1,1,1,0,1,0,1,0,1,1
791,1.37152769240265,0.408162921214828,LA,2023-11-11,1,1,1,1,1,1,1,1,1,0,1,0,1,1,0,1,1,1,0,0
792,1.3399405834459,0.4856420067853365,LA,2023-11-12,1,1,1,1,0,1,1,1,1,0,1,0,0,0,0,0,1,1,1,0
793,2.55168357223573,0.3875780822305175,LA,2023-11-13,1,1,1,1,1,0,1,1,1,1,0,0,0,0,1,1,1,0,0,1
794,2.64312332117458,0.339716350274924,LA,2023-11-14,1,1,1,1,1,0,1,1,0,1,0,0,1,0,0,0,1,1,0,1
795,2.13694874940535,0.4867117057439045,LA,2023-11-15,1,1,1,0,0,0,1,1,0,1,1,0,1,0,0,1,1,1,0,1
796,1.83985316642407,0.4724983298653295,LA,2023-11-16,1,1,1,1,1,1,1,0,1,0,1,0,0,0,1,0,1,0,0,0
797,0.941826749013477,0.360575628864871,LA,2023-11-17,1,1,1,1,1,1,1,1,1,1,0,0,0,0,1,0,1,1,1,1
798,0.578970436311734,0.3574260318714225,LA,2023-11-18,1,1,1,1,1,1,1,1,1,1,1,0,1,0,1,1,1,1,1,1
799,2.26361244969768,0.4957785275008705,MA,2023-10-08,1,0,1,1,1,0,1,1,0,1,1,0,0,1,1,0,1,1,0,1
800,1.21522580116905,0.3836109969431865,MA,2023-10-09,1,1,1,0,1,1,1,1,1,1,0,1,0,0,0,1,1,0,1,1
801,1.35709358892783,0.274122181187263,MA,2023-10-10,1,1,1,1,1,0,1,1,1,1,0,1,0,1,1,0,0,0,1,1
802,1.88305517579376,0.3895375806785425,MA,2023-10-11,1,0,0,1,1,1,1,1,1,1,1,0,0,0,0,1,1,1,0,1
803,1.63467452385526,0.382224202625213,MA,2023-10-12,1,1,0,1,1,1,1,0,1,1,1,0,0,0,1,1,1,0,1,1
804,1.35684081046056,0.419581925470881,MA,2023-10-13,1,1,1,0,1,1,1,0,1,1,1,1,0,0,1,0,1,0,1,1
805,0.293679350128979,0.189864518054809,MA,2023-10-14,1,1,1,1,1,1,1,1,1,1,1,1,0,1,1,0,1,1,1,1
806,0.302940228652989,0.1893172992052975,MA,2023-10-15,1,1,1,1,1,1,1,1,1,1,1,1,1,1,1,1,1,1,1,1
807,1.38237713591143,0.372534990167549,MA,2023-10-16,1,0,0,1,1,1,1,1,1,1,1,1,0,1,1,1,0,1,1,0
808,1.12654059002186,0.37290664415017,MA,2023-10-17,1,1,1,0,1,1,1,1,1,1,0,0,0,0,1,1,1,0,1,1
809,NA,NA,MA,2023-10-18,NA,NA,NA,NA,NA,NA,NA,NA,NA,NA,NA,NA,NA,NA,NA,NA,NA,NA,NA,NA
810,0.754394506288549,0.1874188969072925,MA,2023-10-19,1,1,1,1,1,0,1,1,1,1,1,0,1,1,1,0,1,1,1,0
811,1.04595255421261,0.263660548668034,MA,2023-10-20,1,1,1,1,1,0,1,1,1,1,1,0,1,1,1,0,1,1,0,1
812,0.802742190360972,0.3461767911310865,MA,2023-10-21,1,1,1,1,0,1,1,1,1,1,1,0,0,0,0,1,1,1,1,1
813,NA,NA,MA,2023-10-22,NA,NA,NA,NA,NA,NA,NA,NA,NA,NA,NA,NA,NA,NA,NA,NA,NA,NA,NA,NA
814,2.00194856261992,0.364688895911724,MA,2023-10-23,1,1,0,0,1,1,0,1,1,1,1,0,0,0,1,0,0,1,1,1
815,1.74955991957347,0.237826333487622,MA,2023-10-24,1,1,1,1,1,0,1,1,1,1,1,1,0,0,1,1,1,1,1,1
816,1.34634164537096,0.303853197925243,MA,2023-10-25,1,1,1,1,1,0,1,1,1,1,1,0,0,1,0,0,1,1,0,1
817,0.854915778914465,0.4109488548150535,MA,2023-10-26,1,0,1,1,1,1,1,1,1,1,1,1,0,1,0,1,1,1,1,1
818,1.64082172665409,0.524054885500325,MA,2023-10-27,1,1,1,0,0,0,1,1,1,1,1,1,0,0,0,0,1,1,1,1
819,NA,NA,MA,2023-10-28,NA,NA,NA,NA,NA,NA,NA,NA,NA,NA,NA,NA,NA,NA,NA,NA,NA,NA,NA,NA
820,NA,NA,MA,2023-10-29,NA,NA,NA,NA,NA,NA,NA,NA,NA,NA,NA,NA,NA,NA,NA,NA,NA,NA,NA,NA
821,1.13784700308498,0.4657919852612885,MA,2023-10-30,1,0,1,1,0,1,1,1,1,1,1,0,1,1,0,0,1,1,0,1
822,0.740344118821125,0.1845348162668275,MA,2023-10-31,1,1,1,1,1,0,1,1,1,1,1,1,1,1,1,0,1,1,0,1
823,1.35588076909036,0.304620989727365,MA,2023-11-01,1,1,1,1,1,0,1,1,1,1,1,0,1,0,1,0,1,0,0,1
824,0.76163285987038,0.56519052966708,MA,2023-11-02,1,1,1,1,0,1,1,1,1,1,1,1,0,1,0,1,1,1,1,1
825,0.510919724412119,0.3120711683888325,MA,2023-11-03,1,1,1,1,1,1,1,1,1,1,1,1,0,1,1,0,1,1,1,1
826,0.28792607481265,0.184578498026517,MA,2023-11-04,1,1,1,1,1,1,1,1,1,1,1,1,1,1,1,1,1,1,1,1
827,0.824691794079049,0.60559071377733,MA,2023-11-05,1,0,1,1,1,1,1,1,1,1,1,0,1,1,1,0,1,1,1,1
828,1.80323770129778,0.380018570212635,MA,2023-11-06,1,0,0,1,1,1,1,0,1,1,0,0,1,0,1,0,1,0,0,1
829,0.964264248714506,0.325041555960164,MA,2023-11-07,1,0,1,1,1,1,1,1,1,1,1,0,1,1,1,1,0,1,1,1
830,1.16088997210429,0.397275721363484,MA,2023-11-08,1,1,1,1,1,1,1,1,1,0,1,0,0,0,1,1,1,1,1,0
831,1.29175370133039,0.3502870248168545,MA,2023-11-09,1,0,1,1,1,1,1,0,1,1,1,1,0,1,1,1,1,0,1,1
832,1.17075915052625,0.351880975572927,MA,2023-11-10,1,1,1,0,1,1,1,1,1,1,1,0,0,0,1,1,1,1,1,1
833,0.733576636277434,0.1860553485725405,MA,2023-11-11,1,1,1,1,1,0,1,1,1,1,1,1,1,1,1,0,1,0,1,1
834,0.281786775754198,0.1864263965804845,MA,2023-11-12,1,1,1,1,1,1,1,1,1,1,1,1,1,1,1,0,1,1,0,1
835,1.52851952454933,0.4401807652751535,MA,2023-11-13,1,0,1,0,1,1,1,1,1,0,1,0,1,0,1,1,1,1,0,0
836,2.47355601832536,0.4044721705568805,MA,2023-11-14,1,1,1,1,1,1,1,1,1,0,1,0,0,1,0,0,1,1,0,0
837,2.58178417359594,0.62136323749739,MA,2023-11-15,1,1,1,1,1,0,1,1,1,0,1,0,1,1,1,0,1,1,1,0
838,0.708237703921224,0.3838418487832715,MA,2023-11-16,1,1,1,1,1,1,1,1,0,1,1,1,0,1,0,0,1,1,0,1
839,0.710477747167356,0.2694120553155015,MA,2023-11-17,1,1,1,1,1,1,1,1,1,1,1,0,0,0,1,0,1,1,1,1
840,0.62395627046174,0.4293722307035425,MA,2023-11-18,1,1,0,1,1,1,1,1,1,1,1,1,0,1,1,0,1,1,1,1
841,0.707157584407009,0.186175549427599,MD,2023-10-08,1,1,1,1,1,0,1,1,1,1,1,1,1,0,1,0,1,1,1,1
842,0.909300164527215,0.386798282729832,MD,2023-10-09,1,1,1,1,1,1,1,1,1,0,1,1,0,1,0,1,1,1,1,0
843,1.11708577141377,0.326854356196168,MD,2023-10-10,1,1,1,0,1,1,1,1,1,1,1,1,1,0,1,0,1,1,1,1
844,1.16929083185297,0.288456002787678,MD,2023-10-11,1,1,1,1,1,0,1,1,0,1,1,1,1,1,1,0,1,1,0,1
845,1.5046421583378,0.4218994524239535,MD,2023-10-12,1,1,1,0,1,1,1,0,0,1,1,1,0,1,1,0,1,0,0,1
846,0.546491979895286,0.3255809475873155,MD,2023-10-13,1,1,1,1,1,1,1,1,1,1,1,1,1,0,0,1,1,1,1,1
847,NA,NA,MD,2023-10-14,NA,NA,NA,NA,NA,NA,NA,NA,NA,NA,NA,NA,NA,NA,NA,NA,NA,NA,NA,NA
848,NA,NA,MD,2023-10-15,NA,NA,NA,NA,NA,NA,NA,NA,NA,NA,NA,NA,NA,NA,NA,NA,NA,NA,NA,NA
849,1.10161149045652,0.324420834807721,MD,2023-10-16,1,1,1,0,1,1,1,1,1,1,1,1,0,0,1,1,1,1,1,1
850,0.902943331269973,0.32079498055464,MD,2023-10-17,1,1,1,1,1,1,1,1,0,1,1,0,1,1,0,0,1,0,0,1
851,1.37021822863556,0.3182739124713715,MD,2023-10-18,1,1,1,1,1,1,1,0,1,1,1,1,0,0,1,0,1,0,0,1
852,1.29069864574002,0.3823412150847275,MD,2023-10-19,1,1,1,1,1,1,1,0,1,1,1,1,0,0,1,0,1,0,0,1
853,1.49017902066494,0.264611984463073,MD,2023-10-20,1,1,1,1,1,0,0,1,1,1,1,1,0,0,1,0,0,1,1,1
854,2.09519830826103,0.4474565660864625,MD,2023-10-21,1,0,0,1,1,0,1,1,1,1,1,1,0,1,1,0,1,1,1,1
855,1.51520424548528,0.17138874445601,MD,2023-10-22,1,1,1,1,1,0,1,1,1,1,1,0,1,0,1,0,1,1,1,1
856,1.20936607700343,0.3494399254639395,MD,2023-10-23,1,0,0,1,1,1,1,1,1,1,0,0,0,0,0,0,1,1,1,1
857,2.39890187464407,0.293052773334369,MD,2023-10-24,1,1,1,1,1,0,1,1,1,1,1,1,0,0,0,0,0,1,0,1
858,0.849839197667953,0.318081751680365,MD,2023-10-25,1,1,1,1,1,1,1,1,0,1,1,0,1,0,1,0,1,1,0,1
859,2.3198009089286,0.231535831771866,MD,2023-10-26,1,1,1,1,1,0,1,1,1,1,1,1,0,1,0,0,1,1,0,1
860,2.09987007258356,0.2655205446562785,MD,2023-10-27,1,1,1,1,1,0,1,1,1,1,1,1,0,1,1,0,0,0,1,0
861,2.88488781319608,0.383005917793074,MD,2023-10-28,1,1,0,1,1,1,1,1,1,1,1,0,0,1,1,0,1,1,1,1
862,0.649787053387154,0.2763251984507875,MD,2023-10-29,1,1,1,1,1,1,1,1,1,1,1,0,1,1,1,0,1,1,1,1
863,0.642635076550226,0.276263448342031,MD,2023-10-30,1,1,1,1,1,1,1,1,1,1,1,1,1,0,1,0,1,1,1,1
864,1.38570589026974,0.3883186197589545,MD,2023-10-31,0,0,1,1,1,1,1,1,1,1,0,0,0,0,0,1,1,1,1,1
865,1.72238693539666,0.4430123467638675,MD,2023-11-01,1,0,1,1,1,1,1,0,1,1,1,0,1,1,1,0,1,0,0,1
866,1.80167029915909,0.2628192305508555,MD,2023-11-02,1,0,1,1,1,0,1,1,1,1,1,1,0,0,1,1,1,1,1,1
867,1.47712578036546,0.426032258878077,MD,2023-11-03,0,0,0,1,1,1,1,1,1,1,0,0,0,0,1,0,0,1,1,1
868,1.1019962047564,0.288279885777733,MD,2023-11-04,1,1,1,0,1,1,1,1,1,1,1,1,1,0,1,0,1,1,1,1
869,1.51712671521328,0.2204094692445185,MD,2023-11-05,1,1,1,1,1,0,1,1,1,1,1,1,0,0,1,1,1,1,1,1
870,2.50343117807926,0.389453763307085,MD,2023-11-06,1,1,1,1,1,1,0,1,1,0,1,0,0,0,0,0,0,1,0,0
871,1.88874886029945,0.438855623773551,MD,2023-11-07,1,1,1,1,1,1,1,0,1,0,1,1,1,1,0,0,1,1,1,0
872,1.95977566225805,0.2912418864090985,MD,2023-11-08,1,1,1,1,1,0,1,1,1,1,0,0,1,0,1,0,1,1,1,1
873,2.51904347593513,0.318595462232209,MD,2023-11-09,1,0,1,1,1,0,1,0,1,1,0,0,1,0,1,0,1,0,1,1
874,1.39530632536287,0.2602181629821265,MD,2023-11-10,1,1,1,1,1,0,1,1,1,0,1,1,1,0,1,1,1,1,1,0
875,1.43930379881991,0.1647421624335755,MD,2023-11-11,1,1,1,1,1,0,1,1,1,1,1,1,1,0,1,0,1,1,1,1
876,0.232228376632057,0.1649108909501,MD,2023-11-12,1,1,1,1,1,1,1,1,1,1,1,0,1,1,1,0,1,1,1,1
877,2.00502160226285,0.279850729495518,MD,2023-11-13,1,0,1,1,1,0,1,0,1,1,1,0,0,0,1,0,1,0,1,1
878,2.39495907232592,0.330820391789758,MD,2023-11-14,1,0,1,1,1,1,1,1,1,1,1,0,0,0,1,1,1,1,1,1
879,2.64645215100013,0.52899153761905,MD,2023-11-15,1,0,1,1,1,0,1,0,1,1,1,0,1,0,1,0,1,0,1,1
880,1.714014361923,0.306544049335621,MD,2023-11-16,1,1,1,1,1,1,1,1,1,0,1,1,1,0,1,0,1,1,0,0
881,2.95610241392057,0.4593497970613365,MD,2023-11-17,1,1,1,1,1,1,1,1,0,0,0,1,0,1,1,0,1,1,0,0
882,1.44634046001914,0.3004066046199585,MD,2023-11-18,1,1,1,1,1,1,1,0,1,1,1,1,0,1,1,0,0,1,1,0
883,NA,NA,ME,2023-10-08,NA,NA,NA,NA,NA,NA,NA,NA,NA,NA,NA,NA,NA,NA,NA,NA,NA,NA,NA,NA
884,NA,NA,ME,2023-10-09,NA,NA,NA,NA,NA,NA,NA,NA,NA,NA,NA,NA,NA,NA,NA,NA,NA,NA,NA,NA
885,0.633457324913727,0.449940839611764,ME,2023-10-10,1,1,1,0,1,1,1,1,1,1,1,1,0,0,1,1,1,1,1,1
886,NA,NA,ME,2023-10-11,NA,NA,NA,NA,NA,NA,NA,NA,NA,NA,NA,NA,NA,NA,NA,NA,NA,NA,NA,NA
887,NA,NA,ME,2023-10-12,NA,NA,NA,NA,NA,NA,NA,NA,NA,NA,NA,NA,NA,NA,NA,NA,NA,NA,NA,NA
888,NA,NA,ME,2023-10-13,NA,NA,NA,NA,NA,NA,NA,NA,NA,NA,NA,NA,NA,NA,NA,NA,NA,NA,NA,NA
889,NA,NA,ME,2023-10-14,NA,NA,NA,NA,NA,NA,NA,NA,NA,NA,NA,NA,NA,NA,NA,NA,NA,NA,NA,NA
890,NA,NA,ME,2023-10-15,NA,NA,NA,NA,NA,NA,NA,NA,NA,NA,NA,NA,NA,NA,NA,NA,NA,NA,NA,NA
891,NA,NA,ME,2023-10-16,NA,NA,NA,NA,NA,NA,NA,NA,NA,NA,NA,NA,NA,NA,NA,NA,NA,NA,NA,NA
892,NA,NA,ME,2023-10-17,NA,NA,NA,NA,NA,NA,NA,NA,NA,NA,NA,NA,NA,NA,NA,NA,NA,NA,NA,NA
893,NA,NA,ME,2023-10-18,NA,NA,NA,NA,NA,NA,NA,NA,NA,NA,NA,NA,NA,NA,NA,NA,NA,NA,NA,NA
894,NA,NA,ME,2023-10-19,NA,NA,NA,NA,NA,NA,NA,NA,NA,NA,NA,NA,NA,NA,NA,NA,NA,NA,NA,NA
895,NA,NA,ME,2023-10-20,NA,NA,NA,NA,NA,NA,NA,NA,NA,NA,NA,NA,NA,NA,NA,NA,NA,NA,NA,NA
896,NA,NA,ME,2023-10-21,NA,NA,NA,NA,NA,NA,NA,NA,NA,NA,NA,NA,NA,NA,NA,NA,NA,NA,NA,NA
897,NA,NA,ME,2023-10-22,NA,NA,NA,NA,NA,NA,NA,NA,NA,NA,NA,NA,NA,NA,NA,NA,NA,NA,NA,NA
898,NA,NA,ME,2023-10-23,NA,NA,NA,NA,NA,NA,NA,NA,NA,NA,NA,NA,NA,NA,NA,NA,NA,NA,NA,NA
899,NA,NA,ME,2023-10-24,NA,NA,NA,NA,NA,NA,NA,NA,NA,NA,NA,NA,NA,NA,NA,NA,NA,NA,NA,NA
900,NA,NA,ME,2023-10-25,NA,NA,NA,NA,NA,NA,NA,NA,NA,NA,NA,NA,NA,NA,NA,NA,NA,NA,NA,NA
901,NA,NA,ME,2023-10-26,NA,NA,NA,NA,NA,NA,NA,NA,NA,NA,NA,NA,NA,NA,NA,NA,NA,NA,NA,NA
902,NA,NA,ME,2023-10-27,NA,NA,NA,NA,NA,NA,NA,NA,NA,NA,NA,NA,NA,NA,NA,NA,NA,NA,NA,NA
903,NA,NA,ME,2023-10-28,NA,NA,NA,NA,NA,NA,NA,NA,NA,NA,NA,NA,NA,NA,NA,NA,NA,NA,NA,NA
904,NA,NA,ME,2023-10-29,NA,NA,NA,NA,NA,NA,NA,NA,NA,NA,NA,NA,NA,NA,NA,NA,NA,NA,NA,NA
905,NA,NA,ME,2023-10-30,NA,NA,NA,NA,NA,NA,NA,NA,NA,NA,NA,NA,NA,NA,NA,NA,NA,NA,NA,NA
906,NA,NA,ME,2023-10-31,NA,NA,NA,NA,NA,NA,NA,NA,NA,NA,NA,NA,NA,NA,NA,NA,NA,NA,NA,NA
907,NA,NA,ME,2023-11-01,NA,NA,NA,NA,NA,NA,NA,NA,NA,NA,NA,NA,NA,NA,NA,NA,NA,NA,NA,NA
908,NA,NA,ME,2023-11-02,NA,NA,NA,NA,NA,NA,NA,NA,NA,NA,NA,NA,NA,NA,NA,NA,NA,NA,NA,NA
909,NA,NA,ME,2023-11-03,NA,NA,NA,NA,NA,NA,NA,NA,NA,NA,NA,NA,NA,NA,NA,NA,NA,NA,NA,NA
910,NA,NA,ME,2023-11-04,NA,NA,NA,NA,NA,NA,NA,NA,NA,NA,NA,NA,NA,NA,NA,NA,NA,NA,NA,NA
911,NA,NA,ME,2023-11-05,NA,NA,NA,NA,NA,NA,NA,NA,NA,NA,NA,NA,NA,NA,NA,NA,NA,NA,NA,NA
912,NA,NA,ME,2023-11-06,NA,NA,NA,NA,NA,NA,NA,NA,NA,NA,NA,NA,NA,NA,NA,NA,NA,NA,NA,NA
913,NA,NA,ME,2023-11-07,NA,NA,NA,NA,NA,NA,NA,NA,NA,NA,NA,NA,NA,NA,NA,NA,NA,NA,NA,NA
914,NA,NA,ME,2023-11-08,NA,NA,NA,NA,NA,NA,NA,NA,NA,NA,NA,NA,NA,NA,NA,NA,NA,NA,NA,NA
915,NA,NA,ME,2023-11-09,NA,NA,NA,NA,NA,NA,NA,NA,NA,NA,NA,NA,NA,NA,NA,NA,NA,NA,NA,NA
916,NA,NA,ME,2023-11-10,NA,NA,NA,NA,NA,NA,NA,NA,NA,NA,NA,NA,NA,NA,NA,NA,NA,NA,NA,NA
917,NA,NA,ME,2023-11-11,NA,NA,NA,NA,NA,NA,NA,NA,NA,NA,NA,NA,NA,NA,NA,NA,NA,NA,NA,NA
918,NA,NA,ME,2023-11-12,NA,NA,NA,NA,NA,NA,NA,NA,NA,NA,NA,NA,NA,NA,NA,NA,NA,NA,NA,NA
919,NA,NA,ME,2023-11-13,NA,NA,NA,NA,NA,NA,NA,NA,NA,NA,NA,NA,NA,NA,NA,NA,NA,NA,NA,NA
920,NA,NA,ME,2023-11-14,NA,NA,NA,NA,NA,NA,NA,NA,NA,NA,NA,NA,NA,NA,NA,NA,NA,NA,NA,NA
921,NA,NA,ME,2023-11-15,NA,NA,NA,NA,NA,NA,NA,NA,NA,NA,NA,NA,NA,NA,NA,NA,NA,NA,NA,NA
922,NA,NA,ME,2023-11-16,NA,NA,NA,NA,NA,NA,NA,NA,NA,NA,NA,NA,NA,NA,NA,NA,NA,NA,NA,NA
923,NA,NA,ME,2023-11-17,NA,NA,NA,NA,NA,NA,NA,NA,NA,NA,NA,NA,NA,NA,NA,NA,NA,NA,NA,NA
924,NA,NA,ME,2023-11-18,NA,NA,NA,NA,NA,NA,NA,NA,NA,NA,NA,NA,NA,NA,NA,NA,NA,NA,NA,NA
925,3.47348719829257,0.4049105001695645,MI,2023-10-08,0,1,0,0,1,1,0,1,1,0,0,0,0,0,0,0,1,0,1,0
926,3.501702212086,0.400946241070189,MI,2023-10-09,1,1,1,0,0,0,1,1,1,1,1,1,0,1,0,0,1,0,1,1
927,4.06133231307391,0.3584679274867735,MI,2023-10-10,1,1,0,1,1,1,0,1,1,1,0,0,0,0,0,0,0,1,1,1
928,7.5893875878502,0.37036712041759,MI,2023-10-11,1,1,0,1,0,0,1,0,1,1,1,0,0,0,0,0,0,0,1,1
929,3.89353233980416,0.3838493661456325,MI,2023-10-12,1,0,1,0,0,1,1,1,0,1,0,0,0,0,0,0,0,0,0,1
930,2.36977144900586,0.397509703589159,MI,2023-10-13,1,1,1,1,1,1,1,0,1,1,0,0,0,0,0,0,1,0,1,1
931,2.80814878129816,0.366984077318114,MI,2023-10-14,1,1,0,0,1,0,1,1,1,1,1,1,0,0,1,0,1,0,1,1
932,0.805777865407588,0.3539099828551925,MI,2023-10-15,1,1,1,1,1,1,1,1,1,1,1,1,0,1,0,1,0,1,0,1
933,3.44043232479307,0.3472096153250335,MI,2023-10-16,1,1,1,1,1,0,1,1,1,1,0,0,0,1,0,0,1,0,0,1
934,2.5019343423597,0.3751354630383195,MI,2023-10-17,1,1,1,1,1,1,1,1,0,1,1,1,0,0,1,1,0,1,0,1
935,2.29588221210357,0.3566290312586575,MI,2023-10-18,1,1,1,1,1,1,1,1,1,0,0,0,1,0,0,0,1,0,1,0
936,7.66102331941233,0.445745333358127,MI,2023-10-19,0,0,0,1,1,1,1,0,0,1,0,0,0,0,0,0,0,1,0,1
937,6.22301078579602,0.332577980794807,MI,2023-10-20,1,1,0,1,1,0,1,1,1,1,0,0,0,0,0,0,0,0,1,0
938,0.855734327618096,0.349881747978656,MI,2023-10-21,1,0,1,1,1,1,1,1,1,1,1,1,1,1,0,0,1,1,1,1
939,0.62338692936764994,0.2785185700293095,MI,2023-10-22,1,1,1,1,1,1,1,1,1,1,0,1,0,1,1,0,0,1,1,1
940,3.31202542616985,0.379095137606544,MI,2023-10-23,0,1,1,0,1,1,1,1,1,0,0,0,0,1,0,0,1,0,0,0
941,3.55685924778911,0.3489373485378545,MI,2023-10-24,1,0,1,1,1,0,1,1,1,0,0,0,0,0,0,0,0,0,0,0
942,4.7924751833305,0.3478327618851095,MI,2023-10-25,1,1,0,1,1,0,1,1,1,0,1,0,1,0,0,1,0,0,1,0
943,3.15095771623534,0.390079992529926,MI,2023-10-26,1,1,1,0,1,1,1,0,0,0,1,0,0,0,1,0,1,0,0,0
944,3.4829776878146,0.3630337760767425,MI,2023-10-27,1,1,0,1,1,0,1,1,1,0,0,0,0,0,1,0,0,0,0,1
945,2.57486811180118,0.4449350740724335,MI,2023-10-28,1,0,0,0,0,1,1,1,1,0,1,1,0,1,0,0,1,0,0,0
946,2.15542596630408,0.3506592440111235,MI,2023-10-29,1,0,0,1,1,1,1,1,1,1,1,0,0,1,1,0,1,0,1,1
947,5.20475795640539,0.4035581535263305,MI,2023-10-30,1,0,1,0,1,1,1,0,1,1,1,0,0,0,0,1,0,0,1,0
948,3.17223416411813,0.3401115933963525,MI,2023-10-31,1,1,1,1,1,0,1,0,1,1,1,0,0,1,0,0,1,1,0,1
949,3.01829957978205,0.3845234955288085,MI,2023-11-01,1,1,1,1,1,1,1,0,1,0,1,0,0,0,0,0,1,1,0,0
950,3.59432437667502,0.355268189169429,MI,2023-11-02,1,1,1,0,1,0,1,1,1,1,0,0,0,0,0,0,0,1,0,1
951,3.95123701396117,0.36620756441201,MI,2023-11-03,1,1,0,1,1,0,1,1,1,0,1,0,0,1,0,0,0,1,0,0
952,2.39774772039677,0.3670390581183,MI,2023-11-04,1,1,0,1,1,0,1,0,0,1,1,1,0,0,1,0,1,1,0,1
953,1.78230951855248,0.408181280799367,MI,2023-11-05,1,1,0,1,1,1,1,1,1,1,1,0,0,0,0,1,0,0,1,1
954,6.51447925217513,0.393760526240194,MI,2023-11-06,0,1,0,1,1,1,1,1,1,0,0,1,0,0,1,0,1,0,0,0
955,6.55145884507968,0.406149606821328,MI,2023-11-07,1,1,0,0,1,1,1,1,1,0,0,0,0,0,0,0,0,0,1,0
956,5.71786484185324,0.3433403397621835,MI,2023-11-08,1,0,1,1,0,0,1,1,1,0,1,0,0,0,0,0,0,0,1,0
957,5.44635437357474,0.4056538556051055,MI,2023-11-09,1,1,1,0,1,1,1,0,1,0,0,1,0,0,0,0,1,0,1,0
958,5.11723004881951,0.4066799878972745,MI,2023-11-10,0,1,0,1,1,1,1,1,0,0,0,0,0,0,1,0,1,1,0,0
959,3.48240365064053,0.4120057149539105,MI,2023-11-11,1,1,0,1,1,1,1,1,0,0,1,0,0,0,1,0,0,0,0,0
960,4.20787555124492,0.3509067855010115,MI,2023-11-12,1,1,0,1,1,0,1,1,1,0,1,0,0,1,1,0,1,0,1,0
961,3.92454167919395,0.3630127841809145,MI,2023-11-13,1,1,0,0,1,0,1,1,1,0,0,0,0,0,0,0,0,0,1,0
962,5.09144288749759,0.305344384167459,MI,2023-11-14,1,1,0,1,1,0,0,1,1,1,1,0,0,0,1,0,0,1,0,1
963,4.53373808223428,0.3327674238696705,MI,2023-11-15,1,0,0,1,1,0,1,1,1,0,0,0,0,0,0,0,1,1,1,0
964,1.94617561021624,0.383490444203783,MI,2023-11-16,1,0,1,1,1,1,1,1,1,0,0,0,0,1,0,0,1,1,1,0
965,1.98664864937694,0.383479634884555,MI,2023-11-17,1,1,1,1,1,1,1,1,1,0,1,1,0,1,1,0,1,1,1,0
966,2.22504084246418,0.338748721514463,MI,2023-11-18,1,1,0,1,1,0,1,1,1,1,1,0,0,0,0,0,0,0,0,1
967,3.29653833915337,0.3801984894507885,MN,2023-10-08,1,1,0,1,0,1,1,1,1,1,0,0,1,0,0,0,1,0,1,0
968,4.18278662327771,0.354427113180826,MN,2023-10-09,1,1,0,1,1,1,1,1,1,1,1,0,0,0,0,0,1,1,1,1
969,4.37681570806301,0.339337351889416,MN,2023-10-10,1,1,0,0,1,1,1,1,1,1,0,0,0,0,0,0,0,1,0,1
970,3.165521809253,0.3875773189262505,MN,2023-10-11,1,0,0,1,0,1,1,0,1,0,0,0,0,0,0,0,0,1,0,0
971,4.73313919389274,0.359179484222679,MN,2023-10-12,1,0,0,1,1,0,1,1,1,0,0,0,0,0,0,0,0,0,1,0
972,3.41398574663765,0.355412130532263,MN,2023-10-13,1,1,1,0,1,1,1,1,0,1,0,1,1,0,0,1,0,0,0,0
973,5.12240731357015,0.4487172280431085,MN,2023-10-14,1,1,0,0,1,0,0,1,0,1,0,1,0,0,0,0,0,1,1,1
974,1.48284619376727,0.358683971100997,MN,2023-10-15,0,0,1,1,1,1,1,1,1,1,0,0,0,1,1,0,1,1,1,1
975,2.58331902178311,0.3969538709564705,MN,2023-10-16,1,1,1,0,1,1,0,1,1,1,0,0,0,0,0,1,0,0,0,1
976,3.4145067102927,0.3963575196267845,MN,2023-10-17,1,1,1,1,1,0,1,1,1,0,0,0,0,0,0,0,0,0,0,0
977,2.42572239840158,0.353950740609818,MN,2023-10-18,1,1,1,1,1,1,1,1,1,0,1,1,0,0,0,0,1,0,0,0
978,1.62548994997962,0.377650692339721,MN,2023-10-19,1,1,1,1,1,1,1,1,1,0,1,1,0,1,0,0,1,1,0,0
979,1.08018013732214,0.3594627521104775,MN,2023-10-20,1,1,1,1,1,1,1,1,1,1,1,0,0,1,0,0,1,1,1,1
980,1.28260098411844,0.3360601817946465,MN,2023-10-21,1,1,1,1,1,1,1,1,1,1,1,0,1,1,1,0,1,1,0,1
981,1.61327203513814,0.3706180805261765,MN,2023-10-22,1,1,1,1,1,1,1,1,1,1,0,0,0,0,1,0,0,0,1,1
982,4.18188528102535,0.3037136938836035,MN,2023-10-23,1,1,1,1,1,0,1,1,1,1,1,0,0,1,0,0,0,1,1,1
983,2.95341008831619,0.3625672797232715,MN,2023-10-24,0,1,1,1,1,1,1,1,1,1,0,0,0,0,0,0,0,0,0,0
984,5.70218655503847,0.3668410650325855,MN,2023-10-25,0,1,0,1,1,0,1,1,1,1,0,1,0,0,0,0,1,0,0,1
985,3.44513136073355,0.378404817154472,MN,2023-10-26,1,1,1,1,0,1,1,0,1,1,1,1,0,0,0,0,1,0,0,0
986,4.42026222823834,0.4092446558176905,MN,2023-10-27,1,0,0,1,1,1,1,0,1,1,0,0,0,0,0,0,0,1,1,0
987,2.23967519312108,0.359940702273581,MN,2023-10-28,1,0,0,1,1,1,1,1,1,1,1,1,0,0,0,0,1,1,1,1
988,3.9980432209787,0.3842363545260105,MN,2023-10-29,1,1,0,0,0,1,1,0,1,0,0,0,0,0,0,1,1,0,1,0
989,3.42955273493683,0.3505308687405935,MN,2023-10-30,1,1,1,1,1,0,1,1,1,1,0,0,0,1,0,0,0,0,0,1
990,6.24776415778775,0.366678393973581,MN,2023-10-31,1,1,0,1,1,0,1,0,0,0,0,0,0,0,0,0,0,0,0,0
991,7.11345119669151,0.390300240936142,MN,2023-11-01,1,0,0,1,0,0,1,0,0,0,1,0,0,0,0,0,0,0,0,0
992,3.17149045436578,0.3849840253099325,MN,2023-11-02,1,1,1,1,1,1,0,0,1,1,0,0,0,1,0,0,0,0,1,1
993,6.15206986425487,0.395059074567845,MN,2023-11-03,1,1,0,1,1,0,0,0,1,0,0,0,0,1,0,0,0,0,0,0
994,4.98096171357264,0.3308576099315455,MN,2023-11-04,1,1,0,0,1,0,1,1,0,1,1,0,0,0,0,0,1,0,0,1
995,3.41010013311881,0.361225765208749,MN,2023-11-05,1,1,0,0,1,0,0,0,1,0,0,0,0,1,0,0,1,1,1,0
996,4.74208469348459,0.3866639910743245,MN,2023-11-06,1,0,1,1,1,1,0,1,1,1,0,0,0,0,0,0,0,0,0,1
997,9.41940454587126,0.375607672753739,MN,2023-11-07,0,1,0,0,1,0,1,0,1,1,0,1,0,0,0,0,0,0,1,0
998,6.48752981989184,0.365733206452284,MN,2023-11-08,1,1,0,1,1,0,0,1,1,1,0,0,0,0,1,0,0,0,0,1
999,4.43072494050992,0.402978840526738,MN,2023-11-09,1,1,1,1,1,1,0,0,1,1,0,0,0,0,0,0,0,0,0,0
1000,11.1528961563786,0.351340363342151,MN,2023-11-10,1,1,0,0,1,0,1,0,0,1,0,0,0,0,0,0,1,0,0,1
1001,6.79028755259285,0.330958798441582,MN,2023-11-11,1,1,0,0,1,0,1,1,1,1,0,0,1,0,1,0,0,1,0,1
1002,4.26310845898644,0.353241104102862,MN,2023-11-12,1,1,1,0,0,0,1,0,1,0,1,0,0,1,0,0,0,0,0,0
1003,7.65916219403492,0.3755569526432025,MN,2023-11-13,1,0,0,1,1,1,1,0,0,0,0,0,0,0,0,1,0,0,1,0
1004,9.5347394658533,0.3852886301331905,MN,2023-11-14,1,0,0,1,1,0,0,0,0,0,0,0,0,0,0,0,0,0,0,0
1005,6.05428120189654,0.416208276883073,MN,2023-11-15,1,1,0,0,1,1,0,0,1,0,0,0,0,0,0,0,0,0,0,0
1006,4.27832036575886,0.3848058183369175,MN,2023-11-16,1,1,1,0,1,1,0,1,1,1,0,0,0,0,0,0,0,1,1,0
1007,4.35884944425557,0.411924467947828,MN,2023-11-17,1,0,1,1,1,1,1,1,1,0,1,1,0,0,0,0,1,1,0,0
1008,10.490900511625,0.3255867098412805,MN,2023-11-18,1,1,0,0,1,0,1,1,1,0,1,0,0,1,0,0,0,0,0,0
1009,NA,NA,MO,2023-10-08,NA,NA,NA,NA,NA,NA,NA,NA,NA,NA,NA,NA,NA,NA,NA,NA,NA,NA,NA,NA
1010,NA,NA,MO,2023-10-09,NA,NA,NA,NA,NA,NA,NA,NA,NA,NA,NA,NA,NA,NA,NA,NA,NA,NA,NA,NA
1011,0.666371406063915,0.4639729548085015,MO,2023-10-10,1,1,1,0,1,1,1,1,1,1,1,1,1,1,1,1,1,1,1,1
1012,0.543419056679342,0.37157344108848,MO,2023-10-11,1,1,0,1,1,1,1,1,1,1,1,0,0,1,1,1,1,1,1,1
1013,NA,NA,MO,2023-10-12,NA,NA,NA,NA,NA,NA,NA,NA,NA,NA,NA,NA,NA,NA,NA,NA,NA,NA,NA,NA
1014,NA,NA,MO,2023-10-13,NA,NA,NA,NA,NA,NA,NA,NA,NA,NA,NA,NA,NA,NA,NA,NA,NA,NA,NA,NA
1015,NA,NA,MO,2023-10-14,NA,NA,NA,NA,NA,NA,NA,NA,NA,NA,NA,NA,NA,NA,NA,NA,NA,NA,NA,NA
1016,NA,NA,MO,2023-10-15,NA,NA,NA,NA,NA,NA,NA,NA,NA,NA,NA,NA,NA,NA,NA,NA,NA,NA,NA,NA
1017,NA,NA,MO,2023-10-16,NA,NA,NA,NA,NA,NA,NA,NA,NA,NA,NA,NA,NA,NA,NA,NA,NA,NA,NA,NA
1018,0.34364099804385,0.248826659073821,MO,2023-10-17,1,1,1,1,1,1,1,1,1,1,1,1,0,1,1,0,1,1,1,1
1019,NA,NA,MO,2023-10-18,NA,NA,NA,NA,NA,NA,NA,NA,NA,NA,NA,NA,NA,NA,NA,NA,NA,NA,NA,NA
1020,NA,NA,MO,2023-10-19,NA,NA,NA,NA,NA,NA,NA,NA,NA,NA,NA,NA,NA,NA,NA,NA,NA,NA,NA,NA
1021,1.16403016076013,0.3633441722388505,MO,2023-10-20,1,1,0,1,1,1,1,1,1,1,1,0,0,1,1,0,1,1,1,1
1022,0.509916535393058,0.36228594145213,MO,2023-10-21,1,1,0,1,1,1,1,1,1,1,1,1,1,1,1,1,1,1,1,1
1023,NA,NA,MO,2023-10-22,NA,NA,NA,NA,NA,NA,NA,NA,NA,NA,NA,NA,NA,NA,NA,NA,NA,NA,NA,NA
1024,NA,NA,MO,2023-10-23,NA,NA,NA,NA,NA,NA,NA,NA,NA,NA,NA,NA,NA,NA,NA,NA,NA,NA,NA,NA
1025,0.526942846423469,0.3589594292138135,MO,2023-10-24,1,1,0,1,1,1,1,1,1,1,1,0,0,1,1,1,1,1,1,1
1026,NA,NA,MO,2023-10-25,NA,NA,NA,NA,NA,NA,NA,NA,NA,NA,NA,NA,NA,NA,NA,NA,NA,NA,NA,NA
1027,0.345499500938407,0.2534871200531075,MO,2023-10-26,1,1,1,1,1,1,1,1,1,1,1,1,1,1,1,1,1,1,1,1
1028,0.465158453126361,0.304792260937916,MO,2023-10-27,1,1,1,1,1,1,1,1,1,1,1,1,1,1,1,0,1,1,0,1
1029,0.357258700849598,0.254863947200731,MO,2023-10-28,1,1,1,1,1,1,1,1,1,1,1,1,1,0,1,0,1,1,1,1
1030,NA,NA,MO,2023-10-29,NA,NA,NA,NA,NA,NA,NA,NA,NA,NA,NA,NA,NA,NA,NA,NA,NA,NA,NA,NA
1031,NA,NA,MO,2023-10-30,NA,NA,NA,NA,NA,NA,NA,NA,NA,NA,NA,NA,NA,NA,NA,NA,NA,NA,NA,NA
1032,NA,NA,MO,2023-10-31,NA,NA,NA,NA,NA,NA,NA,NA,NA,NA,NA,NA,NA,NA,NA,NA,NA,NA,NA,NA
1033,NA,NA,MO,2023-11-01,NA,NA,NA,NA,NA,NA,NA,NA,NA,NA,NA,NA,NA,NA,NA,NA,NA,NA,NA,NA
1034,NA,NA,MO,2023-11-02,NA,NA,NA,NA,NA,NA,NA,NA,NA,NA,NA,NA,NA,NA,NA,NA,NA,NA,NA,NA
1035,NA,NA,MO,2023-11-03,NA,NA,NA,NA,NA,NA,NA,NA,NA,NA,NA,NA,NA,NA,NA,NA,NA,NA,NA,NA
1036,NA,NA,MO,2023-11-04,NA,NA,NA,NA,NA,NA,NA,NA,NA,NA,NA,NA,NA,NA,NA,NA,NA,NA,NA,NA
1037,0.789533836854426,0.56648451572902,MO,2023-11-05,0,1,1,1,1,1,1,1,1,1,0,1,1,1,1,0,1,1,1,1
1038,0.67390555811165,0.470620008845475,MO,2023-11-06,1,1,1,0,1,1,1,1,1,1,1,1,0,0,1,1,1,1,1,1
1039,1.4906383424851,0.2633584169487555,MO,2023-11-07,1,1,1,1,1,0,1,1,1,1,1,0,0,1,1,0,1,0,1,1
1040,NA,NA,MO,2023-11-08,NA,NA,NA,NA,NA,NA,NA,NA,NA,NA,NA,NA,NA,NA,NA,NA,NA,NA,NA,NA
1041,NA,NA,MO,2023-11-09,NA,NA,NA,NA,NA,NA,NA,NA,NA,NA,NA,NA,NA,NA,NA,NA,NA,NA,NA,NA
1042,NA,NA,MO,2023-11-10,NA,NA,NA,NA,NA,NA,NA,NA,NA,NA,NA,NA,NA,NA,NA,NA,NA,NA,NA,NA
1043,NA,NA,MO,2023-11-11,NA,NA,NA,NA,NA,NA,NA,NA,NA,NA,NA,NA,NA,NA,NA,NA,NA,NA,NA,NA
1044,NA,NA,MO,2023-11-12,NA,NA,NA,NA,NA,NA,NA,NA,NA,NA,NA,NA,NA,NA,NA,NA,NA,NA,NA,NA
1045,0.465980638921989,0.3011363262374185,MO,2023-11-13,1,1,1,1,1,1,1,1,1,1,1,1,1,0,1,0,1,1,1,1
1046,NA,NA,MO,2023-11-14,NA,NA,NA,NA,NA,NA,NA,NA,NA,NA,NA,NA,NA,NA,NA,NA,NA,NA,NA,NA
1047,0.402251594234443,0.2717776339813575,MO,2023-11-15,1,1,1,1,1,1,1,1,1,1,1,1,1,1,1,1,1,1,1,1
1048,NA,NA,MO,2023-11-16,NA,NA,NA,NA,NA,NA,NA,NA,NA,NA,NA,NA,NA,NA,NA,NA,NA,NA,NA,NA
1049,NA,NA,MO,2023-11-17,NA,NA,NA,NA,NA,NA,NA,NA,NA,NA,NA,NA,NA,NA,NA,NA,NA,NA,NA,NA
1050,0.45513482347308,0.325680368640083,MO,2023-11-18,1,1,1,1,1,1,1,1,1,1,1,1,0,1,1,1,1,0,1,1
1051,NA,NA,MS,2023-10-08,NA,NA,NA,NA,NA,NA,NA,NA,NA,NA,NA,NA,NA,NA,NA,NA,NA,NA,NA,NA
1052,1.26537987872694,0.4167029266603375,MS,2023-10-09,1,0,1,1,1,1,1,0,1,1,1,0,0,1,1,0,1,0,1,1
1053,0.267358459735205,0.203331114113251,MS,2023-10-10,1,1,1,1,1,1,1,1,1,1,1,1,0,1,1,0,1,1,1,1
1054,0.709517309387862,0.38241539767292,MS,2023-10-11,1,1,1,0,1,1,1,1,1,1,1,1,0,0,1,0,1,1,1,1
1055,0.333896498373823,0.273261014571559,MS,2023-10-12,1,1,1,1,1,1,1,1,1,1,1,1,0,1,1,0,1,1,1,1
1056,NA,NA,MS,2023-10-13,NA,NA,NA,NA,NA,NA,NA,NA,NA,NA,NA,NA,NA,NA,NA,NA,NA,NA,NA,NA
1057,NA,NA,MS,2023-10-14,NA,NA,NA,NA,NA,NA,NA,NA,NA,NA,NA,NA,NA,NA,NA,NA,NA,NA,NA,NA
1058,NA,NA,MS,2023-10-15,NA,NA,NA,NA,NA,NA,NA,NA,NA,NA,NA,NA,NA,NA,NA,NA,NA,NA,NA,NA
1059,1.14760425566956,0.329340483031687,MS,2023-10-16,1,1,1,1,1,0,1,1,1,1,1,1,0,1,1,0,1,1,1,1
1060,0.932513480352135,0.462247637860806,MS,2023-10-17,1,1,1,0,1,1,1,1,1,1,1,1,1,0,1,0,1,1,1,1
1061,0.923489361524095,0.649471913494755,MS,2023-10-18,1,1,1,1,1,1,1,1,1,0,1,1,0,1,1,1,1,1,1,0
1062,NA,NA,MS,2023-10-19,NA,NA,NA,NA,NA,NA,NA,NA,NA,NA,NA,NA,NA,NA,NA,NA,NA,NA,NA,NA
1063,0.284401812056533,0.223732675382007,MS,2023-10-20,1,1,1,1,1,1,1,1,1,1,1,1,1,1,1,1,1,1,1,1
1064,0.491582515021843,0.3166269626556255,MS,2023-10-21,1,1,1,1,1,1,1,1,1,1,1,1,1,1,1,1,1,1,1,1
1065,NA,NA,MS,2023-10-22,NA,NA,NA,NA,NA,NA,NA,NA,NA,NA,NA,NA,NA,NA,NA,NA,NA,NA,NA,NA
1066,0.761192533814172,0.406477791620612,MS,2023-10-23,1,1,1,1,0,1,1,1,1,1,1,1,1,1,0,0,1,1,1,1
1067,1.00478662223429,0.469798126839138,MS,2023-10-24,1,1,1,1,1,1,1,1,0,1,1,1,0,1,1,1,1,1,0,1
1068,1.27362649069474,0.611791104096505,MS,2023-10-25,1,1,1,0,1,1,1,1,0,1,1,1,1,1,1,0,1,1,0,1
1069,0.32702559997360803,0.270884143211974,MS,2023-10-26,1,1,1,1,1,1,1,1,1,1,1,1,1,1,1,1,1,1,1,1
1070,1.09080560171625,0.301379807438578,MS,2023-10-27,1,1,1,1,1,0,1,1,1,1,1,1,1,1,1,1,1,1,1,1
1071,NA,NA,MS,2023-10-28,NA,NA,NA,NA,NA,NA,NA,NA,NA,NA,NA,NA,NA,NA,NA,NA,NA,NA,NA,NA
1072,NA,NA,MS,2023-10-29,NA,NA,NA,NA,NA,NA,NA,NA,NA,NA,NA,NA,NA,NA,NA,NA,NA,NA,NA,NA
1073,0.718479818290451,0.278568519654386,MS,2023-10-30,1,1,1,1,1,0,1,1,1,1,1,1,1,1,1,1,1,1,1,1
1074,NA,NA,MS,2023-10-31,NA,NA,NA,NA,NA,NA,NA,NA,NA,NA,NA,NA,NA,NA,NA,NA,NA,NA,NA,NA
1075,NA,NA,MS,2023-11-01,NA,NA,NA,NA,NA,NA,NA,NA,NA,NA,NA,NA,NA,NA,NA,NA,NA,NA,NA,NA
1076,NA,NA,MS,2023-11-02,NA,NA,NA,NA,NA,NA,NA,NA,NA,NA,NA,NA,NA,NA,NA,NA,NA,NA,NA,NA
1077,NA,NA,MS,2023-11-03,NA,NA,NA,NA,NA,NA,NA,NA,NA,NA,NA,NA,NA,NA,NA,NA,NA,NA,NA,NA
1078,NA,NA,MS,2023-11-04,NA,NA,NA,NA,NA,NA,NA,NA,NA,NA,NA,NA,NA,NA,NA,NA,NA,NA,NA,NA
1079,NA,NA,MS,2023-11-05,NA,NA,NA,NA,NA,NA,NA,NA,NA,NA,NA,NA,NA,NA,NA,NA,NA,NA,NA,NA
1080,NA,NA,MS,2023-11-06,NA,NA,NA,NA,NA,NA,NA,NA,NA,NA,NA,NA,NA,NA,NA,NA,NA,NA,NA,NA
1081,NA,NA,MS,2023-11-07,NA,NA,NA,NA,NA,NA,NA,NA,NA,NA,NA,NA,NA,NA,NA,NA,NA,NA,NA,NA
1082,0.885082998136434,0.616157519627205,MS,2023-11-08,1,1,1,1,1,1,1,0,1,1,1,1,1,1,1,0,1,0,1,1
1083,NA,NA,MS,2023-11-09,NA,NA,NA,NA,NA,NA,NA,NA,NA,NA,NA,NA,NA,NA,NA,NA,NA,NA,NA,NA
1084,NA,NA,MS,2023-11-10,NA,NA,NA,NA,NA,NA,NA,NA,NA,NA,NA,NA,NA,NA,NA,NA,NA,NA,NA,NA
1085,NA,NA,MS,2023-11-11,NA,NA,NA,NA,NA,NA,NA,NA,NA,NA,NA,NA,NA,NA,NA,NA,NA,NA,NA,NA
1086,NA,NA,MS,2023-11-12,NA,NA,NA,NA,NA,NA,NA,NA,NA,NA,NA,NA,NA,NA,NA,NA,NA,NA,NA,NA
1087,0.882402596754241,0.611985185197825,MS,2023-11-13,1,1,1,1,1,1,1,0,1,1,1,1,1,1,1,0,1,0,1,1
1088,NA,NA,MS,2023-11-14,NA,NA,NA,NA,NA,NA,NA,NA,NA,NA,NA,NA,NA,NA,NA,NA,NA,NA,NA,NA
1089,0.36040323044339,0.2751322906770295,MS,2023-11-15,1,1,1,1,1,1,1,1,1,1,1,1,0,1,1,0,1,1,1,1
1090,1.91006051763431,0.391581231685586,MS,2023-11-16,1,1,0,1,1,0,1,1,1,0,1,1,1,1,0,0,1,1,1,0
1091,1.21550578157026,0.581954368198745,MS,2023-11-17,1,0,1,1,0,1,1,1,1,1,1,0,1,1,0,0,1,0,1,1
1092,NA,NA,MS,2023-11-18,NA,NA,NA,NA,NA,NA,NA,NA,NA,NA,NA,NA,NA,NA,NA,NA,NA,NA,NA,NA
1093,NA,NA,MT,2023-10-08,NA,NA,NA,NA,NA,NA,NA,NA,NA,NA,NA,NA,NA,NA,NA,NA,NA,NA,NA,NA
1094,NA,NA,MT,2023-10-09,NA,NA,NA,NA,NA,NA,NA,NA,NA,NA,NA,NA,NA,NA,NA,NA,NA,NA,NA,NA
1095,NA,NA,MT,2023-10-10,NA,NA,NA,NA,NA,NA,NA,NA,NA,NA,NA,NA,NA,NA,NA,NA,NA,NA,NA,NA
1096,NA,NA,MT,2023-10-11,NA,NA,NA,NA,NA,NA,NA,NA,NA,NA,NA,NA,NA,NA,NA,NA,NA,NA,NA,NA
1097,NA,NA,MT,2023-10-12,NA,NA,NA,NA,NA,NA,NA,NA,NA,NA,NA,NA,NA,NA,NA,NA,NA,NA,NA,NA
1098,NA,NA,MT,2023-10-13,NA,NA,NA,NA,NA,NA,NA,NA,NA,NA,NA,NA,NA,NA,NA,NA,NA,NA,NA,NA
1099,0.86120151573601,0.257816105153107,MT,2023-10-14,1,1,1,1,1,0,1,1,1,1,1,0,1,1,1,0,1,0,1,1
1100,NA,NA,MT,2023-10-15,NA,NA,NA,NA,NA,NA,NA,NA,NA,NA,NA,NA,NA,NA,NA,NA,NA,NA,NA,NA
1101,0.359332461202726,0.257481431690718,MT,2023-10-16,1,1,1,1,1,1,1,1,1,1,1,1,0,1,1,0,1,1,1,1
1102,NA,NA,MT,2023-10-17,NA,NA,NA,NA,NA,NA,NA,NA,NA,NA,NA,NA,NA,NA,NA,NA,NA,NA,NA,NA
1103,NA,NA,MT,2023-10-18,NA,NA,NA,NA,NA,NA,NA,NA,NA,NA,NA,NA,NA,NA,NA,NA,NA,NA,NA,NA
1104,0.512115114222758,0.3491970252488735,MT,2023-10-19,1,1,0,1,1,1,1,1,1,1,1,0,0,1,1,1,1,1,1,1
1105,NA,NA,MT,2023-10-20,NA,NA,NA,NA,NA,NA,NA,NA,NA,NA,NA,NA,NA,NA,NA,NA,NA,NA,NA,NA
1106,NA,NA,MT,2023-10-21,NA,NA,NA,NA,NA,NA,NA,NA,NA,NA,NA,NA,NA,NA,NA,NA,NA,NA,NA,NA
1107,NA,NA,MT,2023-10-22,NA,NA,NA,NA,NA,NA,NA,NA,NA,NA,NA,NA,NA,NA,NA,NA,NA,NA,NA,NA
1108,NA,NA,MT,2023-10-23,NA,NA,NA,NA,NA,NA,NA,NA,NA,NA,NA,NA,NA,NA,NA,NA,NA,NA,NA,NA
1109,NA,NA,MT,2023-10-24,NA,NA,NA,NA,NA,NA,NA,NA,NA,NA,NA,NA,NA,NA,NA,NA,NA,NA,NA,NA
1110,NA,NA,MT,2023-10-25,NA,NA,NA,NA,NA,NA,NA,NA,NA,NA,NA,NA,NA,NA,NA,NA,NA,NA,NA,NA
1111,0.354320361045673,0.2589016490926825,MT,2023-10-26,1,1,1,1,1,1,1,1,1,1,1,1,1,1,1,1,1,1,1,1
1112,NA,NA,MT,2023-10-27,NA,NA,NA,NA,NA,NA,NA,NA,NA,NA,NA,NA,NA,NA,NA,NA,NA,NA,NA,NA
1113,NA,NA,MT,2023-10-28,NA,NA,NA,NA,NA,NA,NA,NA,NA,NA,NA,NA,NA,NA,NA,NA,NA,NA,NA,NA
1114,NA,NA,MT,2023-10-29,NA,NA,NA,NA,NA,NA,NA,NA,NA,NA,NA,NA,NA,NA,NA,NA,NA,NA,NA,NA
1115,NA,NA,MT,2023-10-30,NA,NA,NA,NA,NA,NA,NA,NA,NA,NA,NA,NA,NA,NA,NA,NA,NA,NA,NA,NA
1116,NA,NA,MT,2023-10-31,NA,NA,NA,NA,NA,NA,NA,NA,NA,NA,NA,NA,NA,NA,NA,NA,NA,NA,NA,NA
1117,NA,NA,MT,2023-11-01,NA,NA,NA,NA,NA,NA,NA,NA,NA,NA,NA,NA,NA,NA,NA,NA,NA,NA,NA,NA
1118,NA,NA,MT,2023-11-02,NA,NA,NA,NA,NA,NA,NA,NA,NA,NA,NA,NA,NA,NA,NA,NA,NA,NA,NA,NA
1119,NA,NA,MT,2023-11-03,NA,NA,NA,NA,NA,NA,NA,NA,NA,NA,NA,NA,NA,NA,NA,NA,NA,NA,NA,NA
1120,NA,NA,MT,2023-11-04,NA,NA,NA,NA,NA,NA,NA,NA,NA,NA,NA,NA,NA,NA,NA,NA,NA,NA,NA,NA
1121,NA,NA,MT,2023-11-05,NA,NA,NA,NA,NA,NA,NA,NA,NA,NA,NA,NA,NA,NA,NA,NA,NA,NA,NA,NA
1122,NA,NA,MT,2023-11-06,NA,NA,NA,NA,NA,NA,NA,NA,NA,NA,NA,NA,NA,NA,NA,NA,NA,NA,NA,NA
1123,NA,NA,MT,2023-11-07,NA,NA,NA,NA,NA,NA,NA,NA,NA,NA,NA,NA,NA,NA,NA,NA,NA,NA,NA,NA
1124,NA,NA,MT,2023-11-08,NA,NA,NA,NA,NA,NA,NA,NA,NA,NA,NA,NA,NA,NA,NA,NA,NA,NA,NA,NA
1125,NA,NA,MT,2023-11-09,NA,NA,NA,NA,NA,NA,NA,NA,NA,NA,NA,NA,NA,NA,NA,NA,NA,NA,NA,NA
1126,NA,NA,MT,2023-11-10,NA,NA,NA,NA,NA,NA,NA,NA,NA,NA,NA,NA,NA,NA,NA,NA,NA,NA,NA,NA
1127,NA,NA,MT,2023-11-11,NA,NA,NA,NA,NA,NA,NA,NA,NA,NA,NA,NA,NA,NA,NA,NA,NA,NA,NA,NA
1128,NA,NA,MT,2023-11-12,NA,NA,NA,NA,NA,NA,NA,NA,NA,NA,NA,NA,NA,NA,NA,NA,NA,NA,NA,NA
1129,NA,NA,MT,2023-11-13,NA,NA,NA,NA,NA,NA,NA,NA,NA,NA,NA,NA,NA,NA,NA,NA,NA,NA,NA,NA
1130,NA,NA,MT,2023-11-14,NA,NA,NA,NA,NA,NA,NA,NA,NA,NA,NA,NA,NA,NA,NA,NA,NA,NA,NA,NA
1131,NA,NA,MT,2023-11-15,NA,NA,NA,NA,NA,NA,NA,NA,NA,NA,NA,NA,NA,NA,NA,NA,NA,NA,NA,NA
1132,NA,NA,MT,2023-11-16,NA,NA,NA,NA,NA,NA,NA,NA,NA,NA,NA,NA,NA,NA,NA,NA,NA,NA,NA,NA
1133,NA,NA,MT,2023-11-17,NA,NA,NA,NA,NA,NA,NA,NA,NA,NA,NA,NA,NA,NA,NA,NA,NA,NA,NA,NA
1134,0.535995892109589,0.3051444002357695,MT,2023-11-18,1,1,0,1,1,1,1,1,1,1,1,1,0,0,1,1,1,1,1,1
1135,NA,NA,NC,2023-10-08,NA,NA,NA,NA,NA,NA,NA,NA,NA,NA,NA,NA,NA,NA,NA,NA,NA,NA,NA,NA
1136,1.16597210804196,0.37208695528692,NC,2023-10-09,1,1,1,1,1,1,0,1,1,1,0,1,0,1,1,0,0,1,1,1
1137,1.96096968949918,0.3340373532357065,NC,2023-10-10,1,1,0,1,1,0,1,1,1,1,1,1,0,0,0,0,1,1,1,1
1138,0.850940785688078,0.348872107673732,NC,2023-10-11,1,0,1,1,1,1,1,1,1,1,1,0,1,0,1,1,1,1,1,1
1139,1.53091609061462,0.2976237027182685,NC,2023-10-12,1,1,1,1,1,0,1,1,1,1,0,1,1,0,1,0,1,1,1,1
1140,1.45624301123416,0.2887513522363945,NC,2023-10-13,1,1,0,1,1,1,1,1,1,1,1,1,0,1,1,0,1,1,1,1
1141,0.368899417871928,0.2885019215394085,NC,2023-10-14,1,1,1,1,1,1,1,1,1,1,1,1,0,0,1,1,1,1,1,1
1142,0.802348000319686,0.42585463002521,NC,2023-10-15,1,0,1,1,1,1,1,1,1,1,1,0,0,0,1,0,1,1,1,1
1143,0.977059146536687,0.2928014319972795,NC,2023-10-16,1,1,0,1,1,1,1,1,1,1,1,1,0,0,0,0,1,1,1,1
1144,1.2208331766395,0.484504331448823,NC,2023-10-17,1,0,1,1,1,1,1,1,0,1,1,0,0,0,0,0,1,1,0,1
1145,1.20689961079702,0.387953116482562,NC,2023-10-18,1,0,1,1,1,1,1,1,1,1,1,0,1,1,0,1,1,1,1,1
1146,0.704988871099783,0.294926981918932,NC,2023-10-19,1,1,1,1,1,1,1,1,1,1,1,1,1,0,1,0,1,1,1,1
1147,1.40383025147464,0.333400520831815,NC,2023-10-20,1,1,1,1,1,0,1,1,1,1,1,0,0,1,0,0,1,1,1,1
1148,NA,NA,NC,2023-10-21,NA,NA,NA,NA,NA,NA,NA,NA,NA,NA,NA,NA,NA,NA,NA,NA,NA,NA,NA,NA
1149,NA,NA,NC,2023-10-22,NA,NA,NA,NA,NA,NA,NA,NA,NA,NA,NA,NA,NA,NA,NA,NA,NA,NA,NA,NA
1150,1.83299783379325,0.37661041989155303,NC,2023-10-23,1,1,0,1,1,0,1,1,0,1,1,0,1,0,1,1,1,1,0,1
1151,0.81088122820182,0.3497571640775415,NC,2023-10-24,1,1,1,1,1,1,1,1,1,1,1,0,0,0,1,0,1,1,1,1
1152,0.734189554742584,0.3366337534885855,NC,2023-10-25,1,1,1,1,1,1,1,1,1,1,1,1,0,0,1,0,1,1,1,1
1153,1.65243184189499,0.352983560841338,NC,2023-10-26,1,1,0,1,1,0,1,1,1,1,1,1,0,0,1,0,1,1,0,1
1154,0.871136187006501,0.407269525532298,NC,2023-10-27,1,1,1,1,1,1,1,1,1,1,1,1,1,1,0,0,0,1,0,1
1155,0.461992217612004,0.296418280076248,NC,2023-10-28,1,1,1,1,1,1,1,1,1,1,0,1,1,1,1,0,1,1,1,1
1156,NA,NA,NC,2023-10-29,NA,NA,NA,NA,NA,NA,NA,NA,NA,NA,NA,NA,NA,NA,NA,NA,NA,NA,NA,NA
1157,2.11097949223597,0.358082334167876,NC,2023-10-30,1,1,1,1,1,1,1,0,1,0,1,0,0,1,0,1,1,0,1,0
1158,2.33513605948235,0.441861059807269,NC,2023-10-31,1,1,0,1,1,1,1,1,1,0,0,1,0,0,1,0,1,0,1,0
1159,1.95582395053396,0.4257619211904555,NC,2023-11-01,1,1,0,1,1,1,1,0,1,1,0,1,0,0,1,0,1,1,1,1
1160,3.01897510559037,0.452928506671152,NC,2023-11-02,1,0,0,1,1,1,1,1,0,0,0,0,0,0,1,1,1,1,1,0
1161,2.44713630177204,0.4696503547234165,NC,2023-11-03,0,1,1,1,0,0,1,1,1,1,0,0,0,0,0,1,1,0,1,1
1162,0.984607793478143,0.457887430553745,NC,2023-11-04,1,1,1,1,1,1,1,1,1,0,1,1,0,0,1,0,1,1,1,0
1163,0.460788580421315,0.295272955801417,NC,2023-11-05,1,1,1,1,1,1,1,1,1,1,1,1,1,1,0,0,1,1,1,1
1164,1.31679249812019,0.3397784490162545,NC,2023-11-06,1,1,1,1,1,0,1,1,1,1,1,1,0,0,0,0,1,1,0,1
1165,1.2867633725689,0.3391236812153705,NC,2023-11-07,1,1,1,1,1,0,1,1,1,1,1,1,0,0,1,1,1,1,1,1
1166,1.8126473793625,0.3236333948106625,NC,2023-11-08,1,1,1,1,1,0,1,0,1,1,1,1,0,0,1,0,1,0,1,1
1167,1.00396336525018,0.365797734109158,NC,2023-11-09,1,1,1,1,1,1,1,1,1,1,1,1,1,0,1,1,1,1,0,1
1168,1.29660823570434,0.317142383431175,NC,2023-11-10,1,1,1,1,1,1,1,1,1,1,0,1,0,0,1,0,1,1,1,1
1169,0.889150446060075,0.612817915922495,NC,2023-11-11,1,1,1,1,1,1,1,0,1,1,1,1,1,0,1,1,1,0,1,1
1170,0.30269045013845,0.272125210704884,NC,2023-11-12,1,1,1,1,1,1,1,1,1,1,1,1,1,1,1,1,1,1,1,1
1171,1.85959023371917,0.377991738467147,NC,2023-11-13,0,1,1,1,1,1,0,1,1,1,0,0,0,0,1,0,0,1,1,1
1172,1.89210827571313,0.376768907822116,NC,2023-11-14,1,1,0,1,1,0,0,1,1,1,1,1,0,1,1,0,0,1,1,1
1173,1.04331543254418,0.42956056297408,NC,2023-11-15,0,1,1,1,1,1,1,1,1,1,0,1,1,0,1,0,1,1,1,1
1174,0.833639385264079,0.3930938421084205,NC,2023-11-16,1,1,1,1,1,1,1,0,1,1,1,1,0,0,1,0,1,0,1,1
1175,2.73821060196726,0.394615318624364,NC,2023-11-17,1,0,0,1,1,1,1,1,1,0,1,0,0,0,1,0,1,1,1,0
1176,0.500420317412284,0.2953582196698755,NC,2023-11-18,1,1,1,1,1,1,1,1,1,1,1,1,1,1,1,1,1,1,1,1
1177,NA,NA,ND,2023-10-08,NA,NA,NA,NA,NA,NA,NA,NA,NA,NA,NA,NA,NA,NA,NA,NA,NA,NA,NA,NA
1178,1.41797284405882,0.317261588168281,ND,2023-10-09,1,1,0,1,1,1,1,1,1,1,1,1,0,1,0,0,1,1,0,1
1179,0.790402673139056,0.56555045318021,ND,2023-10-10,1,1,1,1,1,1,1,1,0,1,1,1,1,1,0,1,1,1,0,1
1180,1.11547409788551,0.328874740576115,ND,2023-10-11,1,1,0,1,1,1,1,1,1,1,1,1,0,1,1,0,1,1,1,1
1181,1.09884604159331,0.54745990405783,ND,2023-10-12,1,1,1,1,0,1,1,1,0,1,1,1,1,1,0,0,1,1,0,1
1182,NA,NA,ND,2023-10-13,NA,NA,NA,NA,NA,NA,NA,NA,NA,NA,NA,NA,NA,NA,NA,NA,NA,NA,NA,NA
1183,0.794150381503503,0.56628217011563,ND,2023-10-14,1,1,1,1,1,1,1,1,0,1,1,1,1,0,1,1,1,1,0,1
1184,NA,NA,ND,2023-10-15,NA,NA,NA,NA,NA,NA,NA,NA,NA,NA,NA,NA,NA,NA,NA,NA,NA,NA,NA,NA
1185,1.54559952260696,0.5485232937902,ND,2023-10-16,1,0,1,1,1,1,1,1,1,1,1,0,1,1,1,0,1,1,1,1
1186,NA,NA,ND,2023-10-17,NA,NA,NA,NA,NA,NA,NA,NA,NA,NA,NA,NA,NA,NA,NA,NA,NA,NA,NA,NA
1187,0.480550171158091,0.3023029503308295,ND,2023-10-18,1,1,1,1,1,1,1,1,1,1,1,0,1,1,1,0,1,1,1,1
1188,1.06240709066576,0.367706708359507,ND,2023-10-19,1,0,1,1,1,1,1,1,1,1,1,0,1,1,0,1,1,1,1,1
1189,0.486676990227416,0.3257610210780515,ND,2023-10-20,1,1,1,1,1,1,1,1,1,1,1,1,0,1,0,1,1,1,1,1
1190,NA,NA,ND,2023-10-21,NA,NA,NA,NA,NA,NA,NA,NA,NA,NA,NA,NA,NA,NA,NA,NA,NA,NA,NA,NA
1191,NA,NA,ND,2023-10-22,NA,NA,NA,NA,NA,NA,NA,NA,NA,NA,NA,NA,NA,NA,NA,NA,NA,NA,NA,NA
1192,1.21482415097939,0.591440200733535,ND,2023-10-23,1,1,1,1,1,1,1,0,1,0,1,1,1,1,0,0,1,0,1,0
1193,0.490995206487044,0.3237851702414525,ND,2023-10-24,1,1,1,1,1,1,1,1,1,1,1,1,0,1,1,0,1,1,1,1
1194,NA,NA,ND,2023-10-25,NA,NA,NA,NA,NA,NA,NA,NA,NA,NA,NA,NA,NA,NA,NA,NA,NA,NA,NA,NA
1195,NA,NA,ND,2023-10-26,NA,NA,NA,NA,NA,NA,NA,NA,NA,NA,NA,NA,NA,NA,NA,NA,NA,NA,NA,NA
1196,0.668460590070145,0.387962106957838,ND,2023-10-27,1,1,1,0,1,1,1,1,1,1,1,1,1,0,1,0,1,1,1,1
1197,NA,NA,ND,2023-10-28,NA,NA,NA,NA,NA,NA,NA,NA,NA,NA,NA,NA,NA,NA,NA,NA,NA,NA,NA,NA
1198,NA,NA,ND,2023-10-29,NA,NA,NA,NA,NA,NA,NA,NA,NA,NA,NA,NA,NA,NA,NA,NA,NA,NA,NA,NA
1199,NA,NA,ND,2023-10-30,NA,NA,NA,NA,NA,NA,NA,NA,NA,NA,NA,NA,NA,NA,NA,NA,NA,NA,NA,NA
1200,0.403176192955629,0.2774327395195735,ND,2023-10-31,1,1,1,1,1,1,1,1,1,1,1,0,1,1,1,0,1,1,1,1
1201,0.400210120418342,0.2775811906889095,ND,2023-11-01,1,1,1,1,1,1,1,1,1,1,1,1,1,0,1,0,1,1,1,1
1202,1.26952577449359,0.3915968935045305,ND,2023-11-02,1,0,0,1,1,1,1,1,1,1,1,0,0,1,1,0,1,1,1,1
1203,0.728879094010578,0.547917980675695,ND,2023-11-03,1,1,1,1,0,1,1,1,1,1,1,1,0,1,0,1,1,1,1,1
1204,NA,NA,ND,2023-11-04,NA,NA,NA,NA,NA,NA,NA,NA,NA,NA,NA,NA,NA,NA,NA,NA,NA,NA,NA,NA
1205,0.405004403382283,0.2784379842007675,ND,2023-11-05,1,1,1,1,1,1,1,1,1,1,1,1,1,1,1,1,1,1,1,1
1206,2.98941481984098,0.503687792973145,ND,2023-11-06,1,1,1,1,0,0,1,1,1,1,1,1,0,1,0,0,1,1,1,1
1207,1.08162475248124,0.4688840423753465,ND,2023-11-07,1,0,1,1,1,1,1,1,1,1,1,0,1,1,0,0,1,0,1,1
1208,0.805605147345773,0.433525973619824,ND,2023-11-08,1,1,1,1,0,1,1,1,1,1,0,1,0,1,0,0,1,1,1,1
1209,0.840943879862399,0.605194901704275,ND,2023-11-09,1,1,1,1,1,1,1,1,1,0,1,0,1,1,1,1,1,1,1,0
1210,NA,NA,ND,2023-11-10,NA,NA,NA,NA,NA,NA,NA,NA,NA,NA,NA,NA,NA,NA,NA,NA,NA,NA,NA,NA
1211,NA,NA,ND,2023-11-11,NA,NA,NA,NA,NA,NA,NA,NA,NA,NA,NA,NA,NA,NA,NA,NA,NA,NA,NA,NA
1212,NA,NA,ND,2023-11-12,NA,NA,NA,NA,NA,NA,NA,NA,NA,NA,NA,NA,NA,NA,NA,NA,NA,NA,NA,NA
1213,0.388523101963118,0.281353731933715,ND,2023-11-13,1,1,1,1,1,1,1,1,1,1,1,1,1,1,1,1,1,1,1,1
1214,2.03232028665433,0.471904374577527,ND,2023-11-14,1,1,0,0,1,1,1,0,1,1,1,0,0,0,0,0,1,0,1,1
1215,3.89410187658595,0.442947355997772,ND,2023-11-15,1,1,1,1,1,1,1,0,1,1,1,0,0,0,0,1,1,0,1,1
1216,1.15359678498286,0.390591659374359,ND,2023-11-16,1,1,1,1,1,1,1,1,1,0,1,1,0,1,1,1,1,1,1,0
1217,1.4086899198652,0.57367001578884,ND,2023-11-17,1,1,1,1,1,1,1,0,1,0,1,1,1,0,0,0,1,0,1,0
1218,NA,NA,ND,2023-11-18,NA,NA,NA,NA,NA,NA,NA,NA,NA,NA,NA,NA,NA,NA,NA,NA,NA,NA,NA,NA
1219,NA,NA,NE,2023-10-08,NA,NA,NA,NA,NA,NA,NA,NA,NA,NA,NA,NA,NA,NA,NA,NA,NA,NA,NA,NA
1220,NA,NA,NE,2023-10-09,NA,NA,NA,NA,NA,NA,NA,NA,NA,NA,NA,NA,NA,NA,NA,NA,NA,NA,NA,NA
1221,NA,NA,NE,2023-10-10,NA,NA,NA,NA,NA,NA,NA,NA,NA,NA,NA,NA,NA,NA,NA,NA,NA,NA,NA,NA
1222,NA,NA,NE,2023-10-11,NA,NA,NA,NA,NA,NA,NA,NA,NA,NA,NA,NA,NA,NA,NA,NA,NA,NA,NA,NA
1223,NA,NA,NE,2023-10-12,NA,NA,NA,NA,NA,NA,NA,NA,NA,NA,NA,NA,NA,NA,NA,NA,NA,NA,NA,NA
1224,NA,NA,NE,2023-10-13,NA,NA,NA,NA,NA,NA,NA,NA,NA,NA,NA,NA,NA,NA,NA,NA,NA,NA,NA,NA
1225,NA,NA,NE,2023-10-14,NA,NA,NA,NA,NA,NA,NA,NA,NA,NA,NA,NA,NA,NA,NA,NA,NA,NA,NA,NA
1226,NA,NA,NE,2023-10-15,NA,NA,NA,NA,NA,NA,NA,NA,NA,NA,NA,NA,NA,NA,NA,NA,NA,NA,NA,NA
1227,NA,NA,NE,2023-10-16,NA,NA,NA,NA,NA,NA,NA,NA,NA,NA,NA,NA,NA,NA,NA,NA,NA,NA,NA,NA
1228,NA,NA,NE,2023-10-17,NA,NA,NA,NA,NA,NA,NA,NA,NA,NA,NA,NA,NA,NA,NA,NA,NA,NA,NA,NA
1229,NA,NA,NE,2023-10-18,NA,NA,NA,NA,NA,NA,NA,NA,NA,NA,NA,NA,NA,NA,NA,NA,NA,NA,NA,NA
1230,NA,NA,NE,2023-10-19,NA,NA,NA,NA,NA,NA,NA,NA,NA,NA,NA,NA,NA,NA,NA,NA,NA,NA,NA,NA
1231,NA,NA,NE,2023-10-20,NA,NA,NA,NA,NA,NA,NA,NA,NA,NA,NA,NA,NA,NA,NA,NA,NA,NA,NA,NA
1232,NA,NA,NE,2023-10-21,NA,NA,NA,NA,NA,NA,NA,NA,NA,NA,NA,NA,NA,NA,NA,NA,NA,NA,NA,NA
1233,NA,NA,NE,2023-10-22,NA,NA,NA,NA,NA,NA,NA,NA,NA,NA,NA,NA,NA,NA,NA,NA,NA,NA,NA,NA
1234,NA,NA,NE,2023-10-23,NA,NA,NA,NA,NA,NA,NA,NA,NA,NA,NA,NA,NA,NA,NA,NA,NA,NA,NA,NA
1235,NA,NA,NE,2023-10-24,NA,NA,NA,NA,NA,NA,NA,NA,NA,NA,NA,NA,NA,NA,NA,NA,NA,NA,NA,NA
1236,NA,NA,NE,2023-10-25,NA,NA,NA,NA,NA,NA,NA,NA,NA,NA,NA,NA,NA,NA,NA,NA,NA,NA,NA,NA
1237,NA,NA,NE,2023-10-26,NA,NA,NA,NA,NA,NA,NA,NA,NA,NA,NA,NA,NA,NA,NA,NA,NA,NA,NA,NA
1238,NA,NA,NE,2023-10-27,NA,NA,NA,NA,NA,NA,NA,NA,NA,NA,NA,NA,NA,NA,NA,NA,NA,NA,NA,NA
1239,NA,NA,NE,2023-10-28,NA,NA,NA,NA,NA,NA,NA,NA,NA,NA,NA,NA,NA,NA,NA,NA,NA,NA,NA,NA
1240,NA,NA,NE,2023-10-29,NA,NA,NA,NA,NA,NA,NA,NA,NA,NA,NA,NA,NA,NA,NA,NA,NA,NA,NA,NA
1241,NA,NA,NE,2023-10-30,NA,NA,NA,NA,NA,NA,NA,NA,NA,NA,NA,NA,NA,NA,NA,NA,NA,NA,NA,NA
1242,NA,NA,NE,2023-10-31,NA,NA,NA,NA,NA,NA,NA,NA,NA,NA,NA,NA,NA,NA,NA,NA,NA,NA,NA,NA
1243,NA,NA,NE,2023-11-01,NA,NA,NA,NA,NA,NA,NA,NA,NA,NA,NA,NA,NA,NA,NA,NA,NA,NA,NA,NA
1244,NA,NA,NE,2023-11-02,NA,NA,NA,NA,NA,NA,NA,NA,NA,NA,NA,NA,NA,NA,NA,NA,NA,NA,NA,NA
1245,NA,NA,NE,2023-11-03,NA,NA,NA,NA,NA,NA,NA,NA,NA,NA,NA,NA,NA,NA,NA,NA,NA,NA,NA,NA
1246,NA,NA,NE,2023-11-04,NA,NA,NA,NA,NA,NA,NA,NA,NA,NA,NA,NA,NA,NA,NA,NA,NA,NA,NA,NA
1247,NA,NA,NE,2023-11-05,NA,NA,NA,NA,NA,NA,NA,NA,NA,NA,NA,NA,NA,NA,NA,NA,NA,NA,NA,NA
1248,NA,NA,NE,2023-11-06,NA,NA,NA,NA,NA,NA,NA,NA,NA,NA,NA,NA,NA,NA,NA,NA,NA,NA,NA,NA
1249,NA,NA,NE,2023-11-07,NA,NA,NA,NA,NA,NA,NA,NA,NA,NA,NA,NA,NA,NA,NA,NA,NA,NA,NA,NA
1250,NA,NA,NE,2023-11-08,NA,NA,NA,NA,NA,NA,NA,NA,NA,NA,NA,NA,NA,NA,NA,NA,NA,NA,NA,NA
1251,NA,NA,NE,2023-11-09,NA,NA,NA,NA,NA,NA,NA,NA,NA,NA,NA,NA,NA,NA,NA,NA,NA,NA,NA,NA
1252,NA,NA,NE,2023-11-10,NA,NA,NA,NA,NA,NA,NA,NA,NA,NA,NA,NA,NA,NA,NA,NA,NA,NA,NA,NA
1253,NA,NA,NE,2023-11-11,NA,NA,NA,NA,NA,NA,NA,NA,NA,NA,NA,NA,NA,NA,NA,NA,NA,NA,NA,NA
1254,NA,NA,NE,2023-11-12,NA,NA,NA,NA,NA,NA,NA,NA,NA,NA,NA,NA,NA,NA,NA,NA,NA,NA,NA,NA
1255,NA,NA,NE,2023-11-13,NA,NA,NA,NA,NA,NA,NA,NA,NA,NA,NA,NA,NA,NA,NA,NA,NA,NA,NA,NA
1256,NA,NA,NE,2023-11-14,NA,NA,NA,NA,NA,NA,NA,NA,NA,NA,NA,NA,NA,NA,NA,NA,NA,NA,NA,NA
1257,NA,NA,NE,2023-11-15,NA,NA,NA,NA,NA,NA,NA,NA,NA,NA,NA,NA,NA,NA,NA,NA,NA,NA,NA,NA
1258,NA,NA,NE,2023-11-16,NA,NA,NA,NA,NA,NA,NA,NA,NA,NA,NA,NA,NA,NA,NA,NA,NA,NA,NA,NA
1259,NA,NA,NE,2023-11-17,NA,NA,NA,NA,NA,NA,NA,NA,NA,NA,NA,NA,NA,NA,NA,NA,NA,NA,NA,NA
1260,NA,NA,NE,2023-11-18,NA,NA,NA,NA,NA,NA,NA,NA,NA,NA,NA,NA,NA,NA,NA,NA,NA,NA,NA,NA
1261,NA,NA,NH,2023-10-08,NA,NA,NA,NA,NA,NA,NA,NA,NA,NA,NA,NA,NA,NA,NA,NA,NA,NA,NA,NA
1262,NA,NA,NH,2023-10-09,NA,NA,NA,NA,NA,NA,NA,NA,NA,NA,NA,NA,NA,NA,NA,NA,NA,NA,NA,NA
1263,0.324312601852974,0.233966825214665,NH,2023-10-10,1,1,1,1,1,1,1,1,1,1,1,1,0,1,1,0,1,1,1,1
1264,0.318159740454496,0.233961649808295,NH,2023-10-11,1,1,1,1,1,1,1,1,1,1,1,1,1,1,1,1,1,1,1,1
1265,NA,NA,NH,2023-10-12,NA,NA,NA,NA,NA,NA,NA,NA,NA,NA,NA,NA,NA,NA,NA,NA,NA,NA,NA,NA
1266,NA,NA,NH,2023-10-13,NA,NA,NA,NA,NA,NA,NA,NA,NA,NA,NA,NA,NA,NA,NA,NA,NA,NA,NA,NA
1267,0.323207252514025,0.2342216884386905,NH,2023-10-14,1,1,1,1,1,1,1,1,1,1,1,1,0,1,1,0,1,1,1,1
1268,NA,NA,NH,2023-10-15,NA,NA,NA,NA,NA,NA,NA,NA,NA,NA,NA,NA,NA,NA,NA,NA,NA,NA,NA,NA
1269,NA,NA,NH,2023-10-16,NA,NA,NA,NA,NA,NA,NA,NA,NA,NA,NA,NA,NA,NA,NA,NA,NA,NA,NA,NA
1270,NA,NA,NH,2023-10-17,NA,NA,NA,NA,NA,NA,NA,NA,NA,NA,NA,NA,NA,NA,NA,NA,NA,NA,NA,NA
1271,0.530560475398895,0.3666859978515285,NH,2023-10-18,1,1,0,1,1,1,1,1,1,1,1,1,0,1,1,1,1,0,1,1
1272,NA,NA,NH,2023-10-19,NA,NA,NA,NA,NA,NA,NA,NA,NA,NA,NA,NA,NA,NA,NA,NA,NA,NA,NA,NA
1273,NA,NA,NH,2023-10-20,NA,NA,NA,NA,NA,NA,NA,NA,NA,NA,NA,NA,NA,NA,NA,NA,NA,NA,NA,NA
1274,NA,NA,NH,2023-10-21,NA,NA,NA,NA,NA,NA,NA,NA,NA,NA,NA,NA,NA,NA,NA,NA,NA,NA,NA,NA
1275,NA,NA,NH,2023-10-22,NA,NA,NA,NA,NA,NA,NA,NA,NA,NA,NA,NA,NA,NA,NA,NA,NA,NA,NA,NA
1276,NA,NA,NH,2023-10-23,NA,NA,NA,NA,NA,NA,NA,NA,NA,NA,NA,NA,NA,NA,NA,NA,NA,NA,NA,NA
1277,NA,NA,NH,2023-10-24,NA,NA,NA,NA,NA,NA,NA,NA,NA,NA,NA,NA,NA,NA,NA,NA,NA,NA,NA,NA
1278,NA,NA,NH,2023-10-25,NA,NA,NA,NA,NA,NA,NA,NA,NA,NA,NA,NA,NA,NA,NA,NA,NA,NA,NA,NA
1279,NA,NA,NH,2023-10-26,NA,NA,NA,NA,NA,NA,NA,NA,NA,NA,NA,NA,NA,NA,NA,NA,NA,NA,NA,NA
1280,NA,NA,NH,2023-10-27,NA,NA,NA,NA,NA,NA,NA,NA,NA,NA,NA,NA,NA,NA,NA,NA,NA,NA,NA,NA
1281,NA,NA,NH,2023-10-28,NA,NA,NA,NA,NA,NA,NA,NA,NA,NA,NA,NA,NA,NA,NA,NA,NA,NA,NA,NA
1282,NA,NA,NH,2023-10-29,NA,NA,NA,NA,NA,NA,NA,NA,NA,NA,NA,NA,NA,NA,NA,NA,NA,NA,NA,NA
1283,0.804786865462227,0.55813111327743,NH,2023-10-30,1,0,1,1,1,1,1,1,1,1,1,0,1,0,1,1,1,1,1,1
1284,NA,NA,NH,2023-10-31,NA,NA,NA,NA,NA,NA,NA,NA,NA,NA,NA,NA,NA,NA,NA,NA,NA,NA,NA,NA
1285,0.320524984360434,0.2438864538229565,NH,2023-11-01,1,1,1,1,1,1,1,1,1,1,1,1,1,1,1,0,1,1,0,1
1286,NA,NA,NH,2023-11-02,NA,NA,NA,NA,NA,NA,NA,NA,NA,NA,NA,NA,NA,NA,NA,NA,NA,NA,NA,NA
1287,NA,NA,NH,2023-11-03,NA,NA,NA,NA,NA,NA,NA,NA,NA,NA,NA,NA,NA,NA,NA,NA,NA,NA,NA,NA
1288,NA,NA,NH,2023-11-04,NA,NA,NA,NA,NA,NA,NA,NA,NA,NA,NA,NA,NA,NA,NA,NA,NA,NA,NA,NA
1289,NA,NA,NH,2023-11-05,NA,NA,NA,NA,NA,NA,NA,NA,NA,NA,NA,NA,NA,NA,NA,NA,NA,NA,NA,NA
1290,0.322987215039638,0.248837661571465,NH,2023-11-06,1,1,1,1,1,1,1,1,1,1,1,1,1,1,1,1,1,1,1,1
1291,NA,NA,NH,2023-11-07,NA,NA,NA,NA,NA,NA,NA,NA,NA,NA,NA,NA,NA,NA,NA,NA,NA,NA,NA,NA
1292,NA,NA,NH,2023-11-08,NA,NA,NA,NA,NA,NA,NA,NA,NA,NA,NA,NA,NA,NA,NA,NA,NA,NA,NA,NA
1293,NA,NA,NH,2023-11-09,NA,NA,NA,NA,NA,NA,NA,NA,NA,NA,NA,NA,NA,NA,NA,NA,NA,NA,NA,NA
1294,NA,NA,NH,2023-11-10,NA,NA,NA,NA,NA,NA,NA,NA,NA,NA,NA,NA,NA,NA,NA,NA,NA,NA,NA,NA
1295,NA,NA,NH,2023-11-11,NA,NA,NA,NA,NA,NA,NA,NA,NA,NA,NA,NA,NA,NA,NA,NA,NA,NA,NA,NA
1296,NA,NA,NH,2023-11-12,NA,NA,NA,NA,NA,NA,NA,NA,NA,NA,NA,NA,NA,NA,NA,NA,NA,NA,NA,NA
1297,NA,NA,NH,2023-11-13,NA,NA,NA,NA,NA,NA,NA,NA,NA,NA,NA,NA,NA,NA,NA,NA,NA,NA,NA,NA
1298,NA,NA,NH,2023-11-14,NA,NA,NA,NA,NA,NA,NA,NA,NA,NA,NA,NA,NA,NA,NA,NA,NA,NA,NA,NA
1299,NA,NA,NH,2023-11-15,NA,NA,NA,NA,NA,NA,NA,NA,NA,NA,NA,NA,NA,NA,NA,NA,NA,NA,NA,NA
1300,NA,NA,NH,2023-11-16,NA,NA,NA,NA,NA,NA,NA,NA,NA,NA,NA,NA,NA,NA,NA,NA,NA,NA,NA,NA
1301,NA,NA,NH,2023-11-17,NA,NA,NA,NA,NA,NA,NA,NA,NA,NA,NA,NA,NA,NA,NA,NA,NA,NA,NA,NA
1302,NA,NA,NH,2023-11-18,NA,NA,NA,NA,NA,NA,NA,NA,NA,NA,NA,NA,NA,NA,NA,NA,NA,NA,NA,NA
1303,0.751707559463317,0.3368281027498875,NJ,2023-10-08,1,1,1,1,1,1,1,1,1,1,1,1,0,0,1,1,1,1,1,1
1304,3.17903435415516,0.3650632181511885,NJ,2023-10-09,1,1,1,0,1,0,0,1,1,1,0,0,0,1,0,0,0,1,1,1
1305,2.54820071927188,0.387229310995519,NJ,2023-10-10,1,1,0,1,1,1,1,1,1,1,0,0,0,0,0,0,1,1,1,0
1306,2.8037920947812,0.399353271318092,NJ,2023-10-11,1,0,0,1,1,1,1,1,0,1,0,0,0,0,0,0,0,0,0,1
1307,2.21286361099316,0.368889418948561,NJ,2023-10-12,1,1,1,0,1,1,0,0,1,1,1,0,0,0,1,1,0,0,0,1
1308,1.73268356947904,0.318204993892646,NJ,2023-10-13,1,1,1,1,1,0,1,1,1,0,1,0,1,1,0,0,1,1,0,0
1309,1.44802035523561,0.446603961560482,NJ,2023-10-14,1,1,1,0,1,0,1,0,1,1,1,1,1,1,1,0,1,0,1,1
1310,NA,NA,NJ,2023-10-15,NA,NA,NA,NA,NA,NA,NA,NA,NA,NA,NA,NA,NA,NA,NA,NA,NA,NA,NA,NA
1311,2.75568717438095,0.451598059356522,NJ,2023-10-16,1,0,1,1,1,0,1,1,1,0,0,0,0,0,1,0,0,0,1,0
1312,1.20702185162434,0.304038799114922,NJ,2023-10-17,1,1,1,1,1,1,1,1,1,1,1,0,0,0,1,1,1,1,0,1
1313,2.78517436769841,0.357112474616131,NJ,2023-10-18,0,1,1,0,1,1,1,1,1,1,0,0,0,0,0,0,1,0,1,1
1314,1.54175091870859,0.304457709220531,NJ,2023-10-19,1,1,1,1,1,0,1,1,1,1,0,1,0,0,0,0,1,0,1,1
1315,1.58610209885781,0.2906455245954435,NJ,2023-10-20,1,1,1,1,1,0,1,1,1,1,1,0,0,0,0,0,1,1,1,1
1316,1.11617526139714,0.3391854490958525,NJ,2023-10-21,1,1,1,1,0,1,1,1,1,1,0,1,0,0,0,0,1,0,0,1
1317,1.23105551579138,0.4896175544089855,NJ,2023-10-22,1,1,1,1,1,0,1,1,0,1,1,1,0,1,1,0,1,1,0,1
1318,3.66116087525433,0.4198717793717335,NJ,2023-10-23,1,1,0,0,1,1,0,1,1,0,0,1,0,0,0,1,0,0,1,0
1319,2.2111311356817,0.3971596031948135,NJ,2023-10-24,1,1,0,1,0,1,0,1,1,1,1,0,0,0,0,1,0,0,1,1
1320,1.13887330133188,0.290702693343244,NJ,2023-10-25,1,1,1,1,1,0,1,1,1,1,1,1,0,0,0,0,1,1,1,1
1321,1.51186054490773,0.3862251888769425,NJ,2023-10-26,1,1,1,1,0,1,1,1,1,0,1,1,0,0,0,0,1,1,0,0
1322,3.25972961454264,0.3400766077283275,NJ,2023-10-27,0,1,0,0,1,0,0,1,1,1,0,1,0,0,1,0,0,1,1,1
1323,0.960135376403304,0.3774429068609725,NJ,2023-10-28,1,0,1,1,1,1,1,1,1,1,1,0,1,0,1,1,1,1,1,1
1324,0.899783249485767,0.303245269336724,NJ,2023-10-29,1,1,1,0,1,1,1,1,1,1,1,1,0,0,1,1,1,1,1,1
1325,3.01879645495654,0.386185471866953,NJ,2023-10-30,1,1,1,1,1,1,1,0,1,0,1,0,0,0,0,0,1,0,0,0
1326,1.98813114446072,0.3061118378125675,NJ,2023-10-31,1,1,1,1,1,1,1,1,1,1,1,1,0,1,0,0,1,0,0,1
1327,3.05914787547691,0.418571866404546,NJ,2023-11-01,1,1,0,1,1,1,1,0,1,0,0,0,0,0,1,1,1,0,1,0
1328,1.93465140933622,0.36113652497734,NJ,2023-11-02,1,0,1,1,1,1,1,1,1,0,1,0,0,1,1,1,0,1,1,0
1329,0.848433926527773,0.249560582104345,NJ,2023-11-03,1,1,1,1,1,1,1,1,1,1,1,1,0,0,1,0,1,1,1,1
1330,1.55463084627474,0.2773240537463505,NJ,2023-11-04,1,0,1,1,1,0,1,1,1,1,1,0,1,0,0,0,1,0,1,1
1331,0.799114065988356,0.343618406946969,NJ,2023-11-05,1,1,1,1,1,1,1,1,1,1,1,1,0,1,1,0,1,1,1,1
1332,3.86281041888259,0.3739086470630105,NJ,2023-11-06,1,1,1,0,1,1,1,0,1,0,1,0,0,0,0,0,1,1,1,0
1333,4.61303373380348,0.3498333948738765,NJ,2023-11-07,1,0,1,0,1,0,1,1,1,0,1,0,0,0,1,0,1,0,0,0
1334,3.37144070723561,0.398508511722451,NJ,2023-11-08,1,1,1,0,1,1,1,0,1,0,0,1,0,0,0,0,1,0,0,0
1335,1.30237724428158,0.342762426618214,NJ,2023-11-09,1,1,1,1,1,1,0,1,0,1,1,1,0,1,0,0,0,1,0,1
1336,2.47237900228911,0.505350041563955,NJ,2023-11-10,0,1,1,1,1,0,1,0,1,0,0,1,0,1,1,0,1,0,1,0
1337,0.663609146540917,0.181114247031609,NJ,2023-11-11,1,1,1,1,1,0,1,1,1,1,1,1,1,1,1,0,0,1,0,1
1338,0.758644352567855,0.3936846569370115,NJ,2023-11-12,1,1,1,1,1,1,1,1,0,1,1,1,1,1,1,1,1,0,0,1
1339,5.15506190459706,0.4294289378216755,NJ,2023-11-13,1,1,0,0,1,1,1,0,1,0,1,0,0,0,0,0,0,0,0,0
1340,3.2230549008431,0.3784098449116025,NJ,2023-11-14,1,0,1,1,1,1,1,1,1,0,0,1,0,0,1,0,1,0,1,0
1341,3.29750052733873,0.3825244176989785,NJ,2023-11-15,1,0,1,0,1,1,1,1,1,0,1,0,0,0,1,1,1,0,1,0
1342,2.630234466399,0.3604096465747945,NJ,2023-11-16,1,1,0,0,1,1,1,1,1,0,0,0,0,1,1,0,1,0,0,0
1343,1.41324798669485,0.2895030553631475,NJ,2023-11-17,1,1,1,1,1,0,1,1,1,1,0,0,0,0,0,1,1,1,1,1
1344,2.9846833297302102,0.360580501443027,NJ,2023-11-18,1,1,1,1,1,1,1,1,1,0,0,0,0,0,0,0,1,0,0,0
1345,2.23988994997976,0.3418307754393575,NM,2023-10-08,0,1,0,1,1,1,1,1,1,1,0,0,0,0,0,0,1,1,1,1
1346,3.02433596631659,0.315855218035414,NM,2023-10-09,1,1,0,1,1,1,1,1,1,1,0,0,0,0,0,1,1,1,1,1
1347,1.70803641061042,0.371257522162747,NM,2023-10-10,1,1,1,1,1,1,1,0,1,0,0,1,0,0,1,0,1,1,0,0
1348,2.6983433595892,0.3427767342929535,NM,2023-10-11,1,1,0,1,0,1,1,1,1,1,0,0,0,0,0,0,1,1,0,1
1349,1.74953264023222,0.382684360614102,NM,2023-10-12,1,0,1,1,1,1,1,1,1,1,0,1,0,0,1,0,1,1,0,1
1350,2.00673861594019,0.341312536832951,NM,2023-10-13,1,1,1,0,1,1,1,1,1,1,1,1,0,0,0,1,1,1,1,1
1351,1.12246683851114,0.453758513330811,NM,2023-10-14,1,1,1,1,1,1,1,1,0,1,0,1,1,0,1,0,1,1,0,1
1352,1.46093952251203,0.3715822404911,NM,2023-10-15,1,1,1,1,1,1,1,1,1,1,0,0,0,0,0,0,1,1,1,1
1353,3.26054550100135,0.3483327090883,NM,2023-10-16,1,1,1,1,1,0,1,1,1,1,0,0,0,0,0,0,1,1,1,1
1354,3.01251369423234,0.4197994880979175,NM,2023-10-17,1,1,0,1,1,0,1,1,1,0,0,1,0,0,1,0,1,1,1,0
1355,2.72219821231487,0.410979625951173,NM,2023-10-18,1,0,1,1,1,1,1,1,1,0,1,0,0,1,0,0,1,0,1,0
1356,1.6334000974965,0.301011294688218,NM,2023-10-19,1,1,0,1,1,1,1,1,1,1,1,0,0,0,0,0,1,1,1,1
1357,1.24417024486159,0.3733009554503535,NM,2023-10-20,1,1,1,1,1,1,1,1,1,1,0,1,1,0,1,0,1,1,1,1
1358,4.32791732508858,0.399392818533848,NM,2023-10-21,1,0,0,1,1,0,1,1,1,1,1,0,0,0,0,0,1,0,1,1
1359,2.58434563610483,0.3586031858877695,NM,2023-10-22,1,1,0,1,1,0,1,1,1,0,1,0,0,1,0,0,1,1,1,0
1360,7.62559078850516,0.39431210018498,NM,2023-10-23,1,1,0,0,0,0,1,1,0,1,1,0,0,0,0,0,1,0,0,1
1361,4.49821029830264,0.3478683904456465,NM,2023-10-24,1,1,0,1,1,0,1,1,1,1,0,1,0,0,0,0,1,1,1,1
1362,4.37109424977905,0.375443148675406,NM,2023-10-25,1,1,0,0,1,0,1,0,1,1,0,0,0,0,0,0,1,0,0,1
1363,4.44496030880496,0.3981580622859835,NM,2023-10-26,1,1,0,1,1,0,1,0,1,1,0,0,0,1,0,0,1,0,0,0
1364,1.83584915458787,0.3255965775409375,NM,2023-10-27,1,1,1,1,1,1,1,1,1,1,0,0,0,0,0,1,1,1,1,1
1365,1.1401261701163,0.413669169614963,NM,2023-10-28,1,1,1,1,1,1,1,0,1,1,1,1,0,0,0,0,1,1,1,1
1366,2.30231826796787,0.348769122721191,NM,2023-10-29,1,1,1,0,1,0,1,1,1,1,1,0,0,0,0,0,0,1,1,1
1367,7.12004826385637,0.3901369161518995,NM,2023-10-30,1,1,0,0,1,0,1,1,1,1,0,1,0,0,0,0,1,0,1,0
1368,2.14440250645286,0.3638697850933475,NM,2023-10-31,1,1,1,1,1,1,1,0,1,1,0,0,0,1,0,0,1,0,1,1
1369,6.09276443174351,0.3395077696729935,NM,2023-11-01,1,1,1,0,0,0,1,1,1,1,1,0,0,0,0,0,1,1,1,1
1370,2.99701204117445,0.3398887466054565,NM,2023-11-02,1,1,1,1,1,0,1,1,1,1,0,0,0,1,1,0,1,1,1,1
1371,2.30491001129469,0.37402055605201,NM,2023-11-03,1,1,1,1,1,0,1,1,0,1,1,0,0,0,0,1,1,0,0,1
1372,2.30138635949177,0.4074658199518355,NM,2023-11-04,1,1,0,0,1,1,1,1,1,1,1,0,0,0,0,0,1,1,1,1
1373,1.34612572854072,0.384108792616794,NM,2023-11-05,1,1,1,1,1,1,1,0,1,1,1,0,0,0,0,0,1,0,1,1
1374,3.52059485058971,0.4243608434483005,NM,2023-11-06,1,1,0,1,1,0,0,1,0,1,1,1,0,0,0,0,0,1,0,1
1375,3.14313568811041,0.3803139061751515,NM,2023-11-07,1,1,0,1,1,0,1,0,1,0,0,1,1,0,0,0,1,0,1,0
1376,2.05427456060898,0.384790433378706,NM,2023-11-08,1,1,1,1,1,0,1,0,0,1,1,1,0,1,1,0,1,0,1,1
1377,2.73462636995392,0.326153310972078,NM,2023-11-09,1,1,1,1,1,0,1,1,1,1,0,1,0,0,0,0,1,0,1,1
1378,1.16602612195303,0.297472736486588,NM,2023-11-10,1,1,1,1,1,0,1,1,1,1,1,1,0,0,0,0,1,1,1,1
1379,1.07336437350171,0.3278594980340805,NM,2023-11-11,1,1,1,1,1,1,1,1,1,1,1,1,0,0,0,0,1,1,1,1
1380,3.94504887273125,0.4540780849078425,NM,2023-11-12,1,1,0,0,1,1,1,1,0,0,0,1,0,0,0,0,1,1,0,0
1381,1.95944235801466,0.361873825779862,NM,2023-11-13,1,1,1,1,1,1,1,1,1,0,1,0,0,0,0,0,1,1,0,0
1382,1.33043326181473,0.345990724209406,NM,2023-11-14,1,1,1,1,1,1,1,1,1,1,0,0,1,0,0,0,1,1,1,1
1383,1.22068547629554,0.391402920854062,NM,2023-11-15,1,1,1,1,1,1,1,1,1,0,0,1,0,0,1,1,1,1,0,0
1384,1.11877142603779,0.303851740040545,NM,2023-11-16,0,1,1,1,1,1,1,1,1,1,0,1,1,0,0,0,1,1,1,1
1385,1.34015179095573,0.3323932340395,NM,2023-11-17,1,1,1,1,1,1,1,1,1,0,0,1,0,1,1,0,1,1,1,0
1386,1.63289207453432,0.402643813363528,NM,2023-11-18,1,1,1,1,1,1,1,1,1,0,1,1,0,0,0,1,1,1,1,0
1387,0.688447421158361,0.482492949853183,NV,2023-10-08,1,1,1,0,1,1,1,1,1,1,1,1,1,0,1,0,1,1,1,1
1388,0.913126615443132,0.380452128238264,NV,2023-10-09,1,1,1,1,1,1,1,1,1,1,1,0,1,1,1,0,1,1,1,1
1389,2.1003078271159,0.352190730959796,NV,2023-10-10,1,1,0,1,1,0,1,1,1,1,0,1,0,1,1,0,0,1,1,0
1390,1.17043292274397,0.345429107511693,NV,2023-10-11,1,1,1,1,1,1,0,1,1,1,1,1,1,1,0,1,0,1,1,1
1391,0.948203296898284,0.3375687736994815,NV,2023-10-12,0,1,1,1,1,1,1,1,1,1,0,1,0,1,0,0,1,1,1,1
1392,1.30905847138156,0.4791100238782625,NV,2023-10-13,0,1,1,1,0,1,1,0,1,1,0,0,1,0,0,0,1,0,1,1
1393,NA,NA,NV,2023-10-14,NA,NA,NA,NA,NA,NA,NA,NA,NA,NA,NA,NA,NA,NA,NA,NA,NA,NA,NA,NA
1394,1.22484471254904,0.4915972799126295,NV,2023-10-15,1,1,1,1,1,0,1,1,0,1,1,0,1,0,0,1,1,1,0,1
1395,1.14421681202109,0.3368985642317245,NV,2023-10-16,1,1,1,1,1,1,1,1,1,1,1,1,0,0,1,0,1,1,1,1
1396,1.33867793300056,0.3123472551314105,NV,2023-10-17,1,1,1,1,1,0,1,1,0,1,1,1,0,1,1,0,1,1,0,1
1397,1.34414066507776,0.256970205018972,NV,2023-10-18,1,1,1,1,1,0,1,1,1,1,1,1,1,1,0,0,1,1,1,1
1398,0.705384184164808,0.4762778024128475,NV,2023-10-19,1,1,1,0,1,1,1,1,1,1,1,1,1,1,1,1,1,1,1,1
1399,NA,NA,NV,2023-10-20,NA,NA,NA,NA,NA,NA,NA,NA,NA,NA,NA,NA,NA,NA,NA,NA,NA,NA,NA,NA
1400,0.759941589270677,0.2177005956705275,NV,2023-10-21,1,1,1,1,1,0,1,1,1,1,1,1,1,0,1,0,1,1,1,1
1401,0.736378902440131,0.217381842167507,NV,2023-10-22,1,1,1,1,1,0,1,1,1,1,1,1,1,0,1,0,1,1,1,1
1402,1.08662657856056,0.3880246254469765,NV,2023-10-23,1,1,1,1,1,1,1,0,1,1,0,0,0,0,1,0,0,0,0,1
1403,0.775512107309927,0.54819020095484,NV,2023-10-24,1,1,1,1,0,1,1,1,1,1,0,1,1,1,0,1,1,1,1,1
1404,0.765267753359159,0.3988573287007065,NV,2023-10-25,1,1,1,1,1,1,1,0,1,1,0,1,1,1,1,1,1,0,1,1
1405,0.904474049087289,0.416198919074773,NV,2023-10-26,1,0,1,1,1,1,1,1,1,1,1,1,1,0,1,0,1,1,1,1
1406,1.54296430085152,0.466569441759557,NV,2023-10-27,1,1,1,1,1,1,1,1,0,1,0,0,1,0,1,0,1,1,0,1
1407,1.11775440747998,0.52994519846659,NV,2023-10-28,1,1,1,0,1,1,1,1,0,1,1,1,1,0,1,0,1,1,0,1
1408,NA,NA,NV,2023-10-29,NA,NA,NA,NA,NA,NA,NA,NA,NA,NA,NA,NA,NA,NA,NA,NA,NA,NA,NA,NA
1409,0.690186479555353,0.4661860224126455,NV,2023-10-30,1,1,1,0,1,1,1,1,1,1,1,1,1,0,0,1,1,1,1,1
1410,0.854055128466749,0.379973360731237,NV,2023-10-31,1,1,1,1,1,1,1,0,1,1,0,0,1,0,1,0,0,0,1,1
1411,0.801181027660442,0.410220722354825,NV,2023-11-01,1,1,1,1,1,1,0,1,1,1,1,0,0,1,1,0,0,1,1,1
1412,1.33815054732001,0.4211799548101795,NV,2023-11-02,1,1,0,1,1,1,1,1,1,1,1,1,0,1,1,0,1,1,1,1
1413,1.69511297801415,0.504838396148985,NV,2023-11-03,1,1,1,0,1,0,1,1,0,1,1,1,0,0,1,1,1,0,0,1
1414,0.970097331761842,0.422897542207776,NV,2023-11-04,1,1,1,1,1,1,1,1,0,1,1,1,1,0,1,0,0,1,0,1
1415,NA,NA,NV,2023-11-05,NA,NA,NA,NA,NA,NA,NA,NA,NA,NA,NA,NA,NA,NA,NA,NA,NA,NA,NA,NA
1416,1.87506471437674,0.353331160501212,NV,2023-11-06,1,1,0,1,1,0,1,1,0,1,1,0,0,0,1,0,1,0,0,1
1417,1.85965404939346,0.4181286687199265,NV,2023-11-07,1,1,1,1,1,1,1,1,0,0,0,0,1,1,1,0,1,1,1,0
1418,0.768279479497344,0.298432168136912,NV,2023-11-08,1,1,1,1,1,1,1,1,1,1,0,1,0,0,1,0,1,1,1,1
1419,1.20845539775119,0.310734817899533,NV,2023-11-09,1,1,1,1,1,0,1,0,1,1,1,0,1,0,1,0,1,0,1,1
1420,0.277284853134465,0.221463718308222,NV,2023-11-10,1,1,1,1,1,1,1,1,1,1,1,1,0,1,1,0,1,1,1,1
1421,0.676020395120479,0.289008723865409,NV,2023-11-11,1,1,1,1,1,1,1,1,1,1,1,0,1,1,1,0,1,1,1,1
1422,NA,NA,NV,2023-11-12,NA,NA,NA,NA,NA,NA,NA,NA,NA,NA,NA,NA,NA,NA,NA,NA,NA,NA,NA,NA
1423,2.35920081393931,0.3143010669901095,NV,2023-11-13,1,1,1,1,1,0,1,1,0,1,0,1,1,0,0,0,1,0,0,1
1424,1.56046719978982,0.2987387876218365,NV,2023-11-14,1,1,1,0,1,0,1,1,1,1,0,1,0,0,1,0,1,0,1,1
1425,0.27376191987533,0.225870144897011,NV,2023-11-15,1,1,1,1,1,1,1,1,1,1,1,1,1,1,1,1,1,1,1,1
1426,1.96184468911301,0.4335871290903585,NV,2023-11-16,1,1,1,1,1,1,1,1,0,0,1,1,0,0,0,0,1,0,0,0
1427,1.55334575665738,0.457682798496196,NV,2023-11-17,1,1,1,1,1,1,1,0,1,1,1,0,0,0,1,1,1,0,0,1
1428,NA,NA,NV,2023-11-18,NA,NA,NA,NA,NA,NA,NA,NA,NA,NA,NA,NA,NA,NA,NA,NA,NA,NA,NA,NA
1429,2.87550738093745,0.356519930699137,NY,2023-10-08,1,1,1,1,1,1,1,1,1,1,0,1,0,0,0,0,0,0,1,0
1430,11.0351166849441,0.3481249814456315,NY,2023-10-09,1,1,0,0,1,0,1,0,1,0,1,0,0,0,1,0,1,0,0,0
1431,8.46857092611742,0.3817666871353345,NY,2023-10-10,1,1,1,0,1,1,0,0,1,0,0,0,0,0,0,0,0,0,0,0
1432,5.95947663901708,0.355823927558639,NY,2023-10-11,1,0,1,0,1,1,1,0,0,1,0,0,0,0,0,0,1,0,0,0
1433,5.8120243824048,0.3300452775363065,NY,2023-10-12,1,1,0,0,1,0,1,1,1,1,1,0,0,0,0,0,0,1,0,1
1434,6.99049924142137,0.366267119027286,NY,2023-10-13,1,1,1,0,1,1,1,0,1,1,1,0,0,0,0,0,1,0,0,1
1435,3.57349406876902,0.393235186878241,NY,2023-10-14,0,1,0,1,1,1,1,1,1,1,0,1,0,0,0,0,1,0,0,0
1436,3.31417540881075,0.3368393174747,NY,2023-10-15,1,1,1,1,1,0,1,1,1,1,1,1,0,0,0,0,0,0,0,1
1437,4.23799390153809,0.3724616992155375,NY,2023-10-16,1,1,1,1,1,1,1,1,0,0,0,1,0,0,1,1,0,0,0,0
1438,5.32831619826079,0.348950273083595,NY,2023-10-17,1,1,1,1,1,1,1,0,0,0,0,0,0,0,0,1,1,0,1,0
1439,4.25069814490589,0.343420089306534,NY,2023-10-18,1,1,1,1,1,1,1,1,1,0,0,0,0,0,0,0,0,1,0,0
1440,5.25803848235616,0.3460634152924105,NY,2023-10-19,1,1,0,0,1,1,1,1,1,1,0,0,0,0,0,0,1,0,0,1
1441,4.68503789095232,0.3344010492201325,NY,2023-10-20,0,1,1,0,1,0,1,0,1,1,0,0,0,0,0,0,0,0,0,0
1442,3.60505554968599,0.3530082343937715,NY,2023-10-21,1,1,0,0,0,1,1,1,0,1,0,0,0,0,0,0,0,1,0,1
1443,2.4589038376773,0.357308703375631,NY,2023-10-22,1,1,1,1,1,1,1,1,1,0,1,0,0,0,0,1,1,0,0,1
1444,4.09905322598317,0.3399172770042355,NY,2023-10-23,1,1,1,1,1,1,1,1,1,0,0,0,0,0,0,0,1,0,0,0
1445,8.10942722621325,0.3975847863271105,NY,2023-10-24,1,1,1,1,1,0,1,0,1,0,1,0,0,0,0,0,1,0,0,0
1446,7.71092426635288,0.4011777025192795,NY,2023-10-25,1,0,1,1,0,0,0,1,0,0,1,0,0,0,0,0,0,0,0,0
1447,5.50954868404195,0.3735892877697,NY,2023-10-26,1,0,0,1,0,1,1,1,1,0,0,0,1,0,0,0,0,0,0,0
1448,3.28084656513298,0.3574989613057395,NY,2023-10-27,1,1,1,1,1,1,1,1,1,0,0,0,0,0,0,0,0,0,0,0
1449,6.66770007006946,0.3868178586916375,NY,2023-10-28,1,0,1,0,1,1,1,1,0,0,0,0,0,0,0,0,1,0,0,0
1450,3.01692909400384,0.3554786640555085,NY,2023-10-29,1,0,0,1,1,1,1,0,1,0,0,0,0,0,1,0,0,1,1,1
1451,7.55123597823925,0.345462263612174,NY,2023-10-30,1,0,1,0,1,1,1,1,1,0,0,0,0,0,0,0,0,0,0,0
1452,5.81355607149643,0.3749050317767045,NY,2023-10-31,0,1,1,1,0,1,1,0,1,1,0,0,0,1,0,0,1,0,0,0
1453,5.58072051136844,0.397649039651701,NY,2023-11-01,1,0,1,1,1,0,1,0,1,0,1,0,0,0,1,0,1,0,0,0
1454,4.8621995340928,0.3876572598437485,NY,2023-11-02,0,1,1,0,1,0,0,0,1,0,0,0,0,0,0,1,0,0,1,0
1455,4.60449757165365,0.3651921448246765,NY,2023-11-03,1,0,0,0,1,1,1,0,1,0,1,0,0,0,0,0,0,0,0,0
1456,6.45235227424192,0.3835691884708945,NY,2023-11-04,1,1,0,1,0,0,1,1,0,0,0,0,0,1,0,0,1,0,0,0
1457,8.12080074999893,0.3903315765260295,NY,2023-11-05,0,0,1,1,1,0,1,1,1,0,0,0,0,0,0,0,0,0,0,0
1458,14.7906171692516,0.382883390446893,NY,2023-11-06,1,1,1,0,1,0,0,0,1,0,0,0,0,0,0,0,0,0,0,0
1459,16.4382394765869,0.3829994281603605,NY,2023-11-07,1,1,1,0,1,0,1,0,0,0,1,0,0,0,0,0,0,0,0,0
1460,11.2942229959175,0.406551135408781,NY,2023-11-08,0,0,1,1,1,0,1,0,1,0,0,0,0,0,0,0,1,0,0,0
1461,7.25975653119028,0.3472597397162865,NY,2023-11-09,1,0,0,1,1,1,1,1,1,0,0,0,0,0,0,0,1,0,0,0
1462,5.08816690059391,0.339095317713294,NY,2023-11-10,1,1,1,1,1,1,1,1,1,0,0,0,0,0,0,0,0,0,0,0
1463,6.61427558760552,0.446909609386064,NY,2023-11-11,0,1,1,1,1,0,1,0,1,0,0,1,0,0,1,0,0,0,0,0
1464,6.36029399006454,0.326584084682233,NY,2023-11-12,0,1,0,0,1,1,1,0,1,0,0,0,1,0,0,0,0,0,0,0
1465,9.80853553270634,0.3449957977711305,NY,2023-11-13,0,0,1,0,1,1,1,1,1,0,0,0,0,0,0,0,0,0,0,0
1466,11.8421247716193,0.401450961147793,NY,2023-11-14,1,1,1,0,1,0,1,1,1,0,0,0,0,0,0,0,1,0,0,0
1467,13.0750064816672,0.375967596260548,NY,2023-11-15,1,1,1,0,1,0,1,0,1,0,0,0,0,0,0,0,0,0,1,0
1468,6.26013412692747,0.3775467608480365,NY,2023-11-16,1,1,1,0,1,0,1,0,1,0,0,0,0,0,1,0,1,0,0,0
1469,15.7078208035638,0.420098718551028,NY,2023-11-17,1,1,1,1,1,0,1,0,1,0,1,0,0,0,0,0,0,0,1,0
1470,10.7204004418116,0.3958505611490065,NY,2023-11-18,0,1,1,1,1,0,1,0,1,0,1,0,0,0,0,0,1,0,0,0
1471,0.934757851207349,0.448161356123591,OH,2023-10-08,1,1,1,1,1,1,1,0,1,1,0,1,1,1,1,0,1,1,1,1
1472,1.45294971369107,0.39108264944781,OH,2023-10-09,1,1,1,0,1,1,1,1,1,1,1,1,0,1,0,0,1,1,1,1
1473,1.04080830376338,0.334409715037959,OH,2023-10-10,1,1,1,1,1,1,1,1,1,1,1,0,0,1,0,1,1,1,1,1
1474,0.856977453417992,0.439188582773483,OH,2023-10-11,0,1,1,1,1,1,1,1,1,1,1,1,0,1,1,1,0,1,1,1
1475,0.43520629156647,0.289578106170738,OH,2023-10-12,1,1,1,1,1,1,1,1,1,1,1,1,1,0,1,0,1,1,1,1
1476,1.3380270901719,0.488455797844675,OH,2023-10-13,1,0,0,1,1,1,1,1,0,1,0,0,1,1,1,0,1,1,0,1
1477,0.810192632366687,0.4241208462738565,OH,2023-10-14,1,0,1,1,1,1,1,1,1,1,1,0,1,1,1,0,1,1,1,1
1478,NA,NA,OH,2023-10-15,NA,NA,NA,NA,NA,NA,NA,NA,NA,NA,NA,NA,NA,NA,NA,NA,NA,NA,NA,NA
1479,1.58807227854403,0.2868566960957045,OH,2023-10-16,1,1,1,1,1,0,1,1,1,1,1,1,1,1,1,1,1,1,1,1
1480,1.15919103150811,0.4100070603061925,OH,2023-10-17,0,1,1,1,1,1,1,1,0,1,0,1,0,0,1,0,1,1,0,1
1481,0.899415180323581,0.4406779614802875,OH,2023-10-18,1,1,1,1,1,1,1,1,0,1,1,1,1,0,1,1,1,1,0,1
1482,1.17030561173958,0.574636365116915,OH,2023-10-19,0,1,1,1,0,1,1,1,1,1,0,1,0,1,0,0,1,1,1,1
1483,2.23242880164839,0.50393385317291,OH,2023-10-20,1,0,0,1,0,1,1,1,1,1,1,0,0,1,0,0,1,1,1,1
1484,NA,NA,OH,2023-10-21,NA,NA,NA,NA,NA,NA,NA,NA,NA,NA,NA,NA,NA,NA,NA,NA,NA,NA,NA,NA
1485,NA,NA,OH,2023-10-22,NA,NA,NA,NA,NA,NA,NA,NA,NA,NA,NA,NA,NA,NA,NA,NA,NA,NA,NA,NA
1486,1.36151015943893,0.4953979468860375,OH,2023-10-23,1,1,1,1,0,0,0,1,1,1,1,1,1,0,0,0,0,1,1,1
1487,0.792481030257767,0.3936237127852535,OH,2023-10-24,1,1,1,1,1,1,1,0,1,1,1,1,0,0,1,1,1,0,1,1
1488,1.50018268543988,0.367950906819494,OH,2023-10-25,0,1,1,1,1,1,1,0,1,1,0,1,0,0,0,1,1,0,1,1
1489,0.724952109363196,0.405207770231559,OH,2023-10-26,1,1,1,0,1,1,1,1,1,1,1,1,0,0,1,0,1,1,1,1
1490,1.00132229744685,0.2788903119973675,OH,2023-10-27,1,1,1,1,1,0,1,1,1,1,1,1,1,0,1,0,1,1,1,1
1491,0.388329114193423,0.3004490078323875,OH,2023-10-28,1,1,1,1,1,1,1,1,1,1,1,1,0,1,1,0,1,1,1,1
1492,0.828471633364013,0.588782111060475,OH,2023-10-29,0,1,1,1,1,1,1,1,1,1,0,1,1,1,1,0,1,1,1,1
1493,0.825480579109804,0.4110924881703615,OH,2023-10-30,1,0,1,1,1,1,1,1,1,1,1,1,0,0,1,0,1,0,1,1
1494,1.73678591728848,0.487029171728725,OH,2023-10-31,1,0,0,1,0,1,1,1,1,1,0,0,1,0,0,1,1,1,1,1
1495,1.11167281742182,0.462043284220191,OH,2023-11-01,1,1,1,1,1,1,1,0,1,1,1,1,0,0,1,1,1,0,0,1
1496,1.0253050360411,0.336608857895295,OH,2023-11-02,1,1,1,1,1,1,1,1,1,1,1,0,0,0,1,1,1,1,1,0
1497,1.19008912029173,0.479757383283717,OH,2023-11-03,1,1,1,1,0,1,1,0,1,1,1,1,1,0,0,1,1,0,1,1
1498,0.936153057474411,0.309082216330979,OH,2023-11-04,1,1,0,1,1,1,1,1,1,1,1,1,1,1,1,1,1,1,1,1
1499,0.936481742225652,0.3105390719108965,OH,2023-11-05,1,1,0,1,1,1,1,1,1,1,1,1,0,1,0,1,1,1,1,1
1500,0.962346924739499,0.424236569302252,OH,2023-11-06,1,0,1,1,0,1,1,1,1,1,1,1,0,1,0,1,1,1,1,1
1501,1.792438067084,0.364617836275268,OH,2023-11-07,1,1,0,0,1,0,1,1,1,1,1,0,1,0,1,0,0,1,0,1
1502,0.865295276280547,0.449660435913255,OH,2023-11-08,0,1,1,1,1,1,1,1,1,1,0,1,0,1,1,0,1,1,1,1
1503,1.21437365945926,0.4707536505849405,OH,2023-11-09,1,0,1,1,1,1,1,0,1,1,1,0,1,1,1,0,1,0,1,1
1504,1.24040180645385,0.2803177893597685,OH,2023-11-10,1,1,1,1,1,0,1,1,1,1,1,1,0,0,1,0,0,0,1,1
1505,0.916804243548818,0.4323071415064745,OH,2023-11-11,1,1,1,1,1,1,1,0,1,1,1,1,1,1,1,1,1,1,1,1
1506,0.431277705281536,0.2659398718445505,OH,2023-11-12,1,1,1,1,1,1,1,1,1,1,1,1,1,1,1,0,1,1,0,1
1507,1.18252652797071,0.406287537451913,OH,2023-11-13,1,1,1,1,0,1,1,1,1,0,1,0,0,0,0,0,1,1,1,0
1508,2.66840471288222,0.3099776467838915,OH,2023-11-14,1,1,0,1,1,0,1,1,1,1,1,1,0,1,1,0,0,1,1,1
1509,1.21980525692976,0.3713447285164315,OH,2023-11-15,1,1,1,0,1,1,1,1,1,1,1,1,0,0,1,0,1,1,1,1
1510,0.402605614256741,0.330142215734985,OH,2023-11-16,1,1,1,1,1,1,1,1,1,1,1,1,0,1,1,0,1,1,1,1
1511,1.11382637534235,0.546939949472505,OH,2023-11-17,1,1,1,0,1,1,1,0,1,1,1,0,1,1,1,1,1,0,1,1
1512,NA,NA,OH,2023-11-18,NA,NA,NA,NA,NA,NA,NA,NA,NA,NA,NA,NA,NA,NA,NA,NA,NA,NA,NA,NA
1513,NA,NA,OK,2023-10-08,NA,NA,NA,NA,NA,NA,NA,NA,NA,NA,NA,NA,NA,NA,NA,NA,NA,NA,NA,NA
1514,0.795056976677217,0.4372787057981915,OK,2023-10-09,1,1,1,0,1,1,1,1,1,1,1,1,1,0,1,0,1,1,1,1
1515,1.27658053763507,0.2932114991490525,OK,2023-10-10,1,1,0,1,1,1,1,1,1,1,0,1,0,0,0,0,1,1,1,1
1516,0.535721336712072,0.3997867037177025,OK,2023-10-11,1,1,1,1,1,0,1,1,1,1,1,1,1,1,1,1,1,1,1,1
1517,1.69218521312321,0.442118679293086,OK,2023-10-12,1,1,1,1,1,0,1,0,1,1,0,1,0,0,0,0,1,0,1,1
1518,0.85688237258676,0.2362877490468685,OK,2023-10-13,1,1,0,1,1,1,1,1,1,1,1,0,0,1,1,1,1,1,1,1
1519,0.718688964008764,0.516146818494505,OK,2023-10-14,1,1,1,1,0,1,1,1,1,1,1,1,1,1,1,1,1,1,1,1
1520,0.528294169955472,0.3956573991166805,OK,2023-10-15,1,1,1,1,1,0,1,1,1,1,1,1,1,0,1,0,1,1,1,1
1521,1.32710802828498,0.470765679453173,OK,2023-10-16,1,1,1,1,1,1,1,0,1,1,0,0,1,0,0,0,1,0,1,1
1522,1.07299192852373,0.52282715603642,OK,2023-10-17,1,1,1,0,1,1,1,0,1,1,1,1,0,1,1,1,1,0,1,1
1523,0.980225652761227,0.4910898858519095,OK,2023-10-18,1,1,1,0,0,1,1,1,1,1,0,1,0,0,0,1,1,1,1,1
1524,1.62620542726105,0.4749331527769735,OK,2023-10-19,1,1,0,0,1,1,1,0,1,1,1,1,0,0,1,0,1,0,1,1
1525,0.804312106289738,0.427560644719651,OK,2023-10-20,1,1,1,0,1,1,1,1,1,1,1,1,1,0,1,1,1,0,1,1
1526,0.524441838058043,0.389302704201853,OK,2023-10-21,1,1,1,1,1,0,1,1,1,1,1,1,1,0,1,0,1,1,1,1
1527,2.09957863916275,0.3597526665226885,OK,2023-10-22,1,1,1,1,1,0,1,1,1,1,0,1,0,0,1,0,0,1,1,1
1528,1.30804351593528,0.3838823501800735,OK,2023-10-23,1,1,1,1,1,1,1,1,1,1,1,0,0,0,0,1,1,0,0,1
1529,3.12339369329015,0.248286773042728,OK,2023-10-24,1,1,0,1,1,0,1,1,1,1,1,1,0,1,1,0,1,0,1,1
1530,1.47810799710928,0.3952621206139085,OK,2023-10-25,1,1,1,0,1,1,1,1,1,1,1,0,0,0,0,0,1,1,1,1
1531,1.25533176705789,0.3873169938158675,OK,2023-10-26,1,1,1,0,1,1,1,1,1,1,1,1,1,1,1,0,1,0,1,1
1532,1.35706755363377,0.4035108788901415,OK,2023-10-27,1,0,1,1,1,1,1,1,1,1,1,0,1,1,0,0,1,1,1,1
1533,0.912347639140423,0.253440126638057,OK,2023-10-28,1,1,0,1,1,1,1,1,1,1,1,1,1,1,1,1,1,1,1,1
1534,NA,NA,OK,2023-10-29,NA,NA,NA,NA,NA,NA,NA,NA,NA,NA,NA,NA,NA,NA,NA,NA,NA,NA,NA,NA
1535,0.969347747758444,0.4271295056147665,OK,2023-10-30,1,1,1,1,1,1,1,0,1,1,1,1,1,0,1,0,1,1,1,1
1536,1.40337112047385,0.4536301201896395,OK,2023-10-31,1,1,1,0,1,1,1,1,1,1,1,1,0,0,0,1,1,1,1,1
1537,1.15498179590891,0.389087215168526,OK,2023-11-01,1,1,1,1,1,1,1,1,1,1,1,1,0,0,1,1,1,0,1,1
1538,1.57472255724124,0.413610847728098,OK,2023-11-02,1,1,0,0,1,1,1,1,1,1,1,1,0,0,0,0,1,1,1,1
1539,0.390208490971116,0.2620111037503955,OK,2023-11-03,1,1,1,1,1,1,1,1,1,1,1,1,0,1,1,1,1,0,1,1
1540,0.487828072148651,0.3185625006634575,OK,2023-11-04,1,1,1,1,1,1,1,1,1,1,1,1,0,1,1,0,1,1,1,1
1541,0.502300839831126,0.372399742656969,OK,2023-11-05,1,1,1,1,1,0,1,1,1,1,1,1,0,1,1,0,1,1,1,1
1542,4.11636587173731,0.4302264101460005,OK,2023-11-06,1,0,0,1,1,0,1,1,1,1,1,0,0,0,0,0,1,1,1,0
1543,2.21456472431392,0.4050857128612055,OK,2023-11-07,1,0,1,1,1,0,1,1,1,1,0,0,0,0,0,0,1,1,1,1
1544,1.35782103913114,0.3537449443748065,OK,2023-11-08,1,1,0,1,1,1,1,1,1,1,1,1,1,1,1,1,1,1,1,1
1545,0.786407335985216,0.565364802546655,OK,2023-11-09,1,1,1,1,1,1,1,0,1,1,1,1,1,1,1,0,1,0,1,1
1546,1.09323468452224,0.4625232190243115,OK,2023-11-10,1,0,1,1,1,1,1,1,0,1,0,0,1,1,1,0,1,1,0,1
1547,NA,NA,OK,2023-11-11,NA,NA,NA,NA,NA,NA,NA,NA,NA,NA,NA,NA,NA,NA,NA,NA,NA,NA,NA,NA
1548,0.954744790750306,0.4802257043037945,OK,2023-11-12,1,1,1,1,1,1,1,1,1,0,1,1,0,1,1,1,1,1,1,0
1549,1.20334684755497,0.3887375011902455,OK,2023-11-13,1,1,1,1,1,1,1,1,0,1,1,1,0,0,1,1,1,1,0,1
1550,3.04103116291148,0.462554866672218,OK,2023-11-14,1,1,0,0,1,1,1,1,0,1,1,1,0,0,1,0,1,0,0,1
1551,3.25764021702749,0.4346222586820925,OK,2023-11-15,1,0,0,1,1,0,0,1,1,1,1,0,0,1,0,0,0,0,1,1
1552,0.952490516456285,0.477006260445379,OK,2023-11-16,1,1,1,1,1,1,1,1,1,0,1,1,0,1,1,0,1,1,1,0
1553,2.0853961334521,0.4017993252682075,OK,2023-11-17,1,1,0,0,1,1,1,1,1,1,1,0,0,0,1,0,1,1,1,1
1554,0.745987344619527,0.537332431986415,OK,2023-11-18,1,0,1,1,1,1,1,1,1,1,1,0,1,1,1,1,1,0,1,1
1555,1.16449415895452,0.3704958812152135,OR,2023-10-08,1,1,1,1,1,1,0,1,1,1,0,0,0,0,1,0,0,1,1,1
1556,1.89735900487351,0.3290532779011385,OR,2023-10-09,1,1,1,1,1,0,1,1,1,1,1,1,0,0,1,0,1,1,1,1
1557,1.04046733661791,0.4003731344394465,OR,2023-10-10,1,1,1,1,1,1,1,0,1,1,1,0,1,1,1,1,1,0,1,1
1558,0.828017522626593,0.354513418782518,OR,2023-10-11,1,1,1,1,1,1,1,1,1,1,0,1,1,1,1,0,1,1,1,1
1559,1.12317805774065,0.391470875850269,OR,2023-10-12,1,1,1,1,1,1,1,1,0,1,0,1,1,1,0,1,1,1,0,1
1560,1.86718047835291,0.4052014485531315,OR,2023-10-13,1,0,0,1,1,0,1,1,1,1,0,0,1,0,0,0,1,1,1,1
1561,NA,NA,OR,2023-10-14,NA,NA,NA,NA,NA,NA,NA,NA,NA,NA,NA,NA,NA,NA,NA,NA,NA,NA,NA,NA
1562,0.852272522928978,0.3146158791865085,OR,2023-10-15,1,1,1,1,1,0,1,1,1,1,1,1,1,1,1,1,1,1,1,1
1563,0.843601520358431,0.441750979336538,OR,2023-10-16,1,1,1,1,0,1,1,1,1,1,1,1,0,1,0,0,1,1,0,1
1564,1.79028544255608,0.3530621616002805,OR,2023-10-17,1,1,0,1,1,0,1,1,1,1,1,1,0,1,0,0,1,1,1,1
1565,0.335445686968901,0.2360025933022535,OR,2023-10-18,1,1,1,1,1,1,1,1,1,1,1,1,1,1,1,1,1,1,1,1
1566,0.843360388117226,0.4395322325758875,OR,2023-10-19,1,1,1,0,1,1,1,1,1,1,1,1,0,0,1,1,1,1,1,1
1567,1.53015600765029,0.4014989047948025,OR,2023-10-20,1,0,1,1,1,0,1,1,1,1,1,0,1,0,0,0,0,1,1,1
1568,0.660965732140276,0.3757656937530815,OR,2023-10-21,1,1,1,1,0,1,1,1,1,1,1,0,1,1,0,1,1,1,1,1
1569,1.13598837104477,0.35874110739869153,OR,2023-10-22,1,1,1,1,1,0,1,1,1,1,1,0,1,1,0,0,1,1,1,1
1570,2.84659306546354,0.4182532263141475,OR,2023-10-23,1,1,0,1,1,1,1,1,0,1,1,0,0,0,1,0,1,1,0,1
1571,0.517283442472459,0.361321140779334,OR,2023-10-24,1,1,1,1,1,1,1,1,1,1,1,1,1,0,1,0,1,1,1,1
1572,0.33425111490212,0.222597190506354,OR,2023-10-25,1,1,1,1,1,1,1,1,1,1,1,1,0,1,1,0,1,1,1,1
1573,0.902643576529454,0.469215779239202,OR,2023-10-26,0,1,1,1,1,1,1,1,1,1,0,1,0,1,1,1,1,1,1,1
1574,0.993302075047677,0.2774414656820615,OR,2023-10-27,1,1,1,1,1,1,1,1,1,1,1,1,0,0,1,1,1,1,1,1
1575,0.837590961045317,0.3169147643900645,OR,2023-10-28,1,1,1,1,1,0,1,1,1,1,1,1,0,0,1,0,1,1,1,1
1576,2.36657379276037,0.511886500280815,OR,2023-10-29,1,1,0,1,0,1,1,1,1,1,1,1,1,0,0,0,1,1,0,1
1577,1.83590478374155,0.50350754241591,OR,2023-10-30,1,1,0,1,1,1,0,0,1,1,1,1,1,1,1,0,0,0,1,1
1578,1.93939569528377,0.4280211784178275,OR,2023-10-31,1,0,0,1,1,0,1,1,1,1,1,1,0,1,0,0,1,1,1,1
1579,0.508864699825578,0.373196322691331,OR,2023-11-01,1,1,1,1,1,1,1,1,1,1,1,1,0,1,1,0,1,1,1,1
1580,NA,NA,OR,2023-11-02,NA,NA,NA,NA,NA,NA,NA,NA,NA,NA,NA,NA,NA,NA,NA,NA,NA,NA,NA,NA
1581,0.827597994616089,0.420135398683322,OR,2023-11-03,1,1,1,1,1,1,1,1,1,1,1,1,1,0,0,0,0,1,1,1
1582,0.403724888997515,0.2908595536206325,OR,2023-11-04,1,1,1,1,1,1,1,1,1,1,1,0,0,1,1,1,1,1,1,1
1583,0.415677991499951,0.290795689201074,OR,2023-11-05,1,1,1,1,1,1,1,1,1,1,1,0,0,0,1,0,1,1,1,1
1584,1.32772149274796,0.3774393403783795,OR,2023-11-06,1,1,1,1,0,1,1,1,1,1,0,0,0,0,1,1,1,1,0,1
1585,1.15278631595214,0.3521277680976945,OR,2023-11-07,1,1,1,1,1,0,1,1,1,1,1,1,0,0,0,0,1,1,1,1
1586,4.51597697248169,0.416724538346217,OR,2023-11-08,1,1,0,1,1,0,1,1,1,0,1,1,0,0,1,0,1,0,1,0
1587,NA,NA,OR,2023-11-09,NA,NA,NA,NA,NA,NA,NA,NA,NA,NA,NA,NA,NA,NA,NA,NA,NA,NA,NA,NA
1588,NA,NA,OR,2023-11-10,NA,NA,NA,NA,NA,NA,NA,NA,NA,NA,NA,NA,NA,NA,NA,NA,NA,NA,NA,NA
1589,1.76018034798068,0.3911803287515365,OR,2023-11-11,1,1,1,1,1,0,1,1,1,0,1,1,0,0,1,0,0,1,1,0
1590,1.04818691925228,0.3850520452514905,OR,2023-11-12,1,1,1,1,1,1,1,1,1,1,0,1,0,1,0,0,1,1,0,1
1591,1.73678177761006,0.410504791457818,OR,2023-11-13,1,1,1,0,1,0,1,1,1,1,1,1,0,1,1,0,1,1,0,1
1592,1.28308279946617,0.3121597970187155,OR,2023-11-14,1,1,1,1,1,0,1,1,1,1,1,1,0,0,1,1,1,0,1,1
1593,0.885866489421156,0.305478220460707,OR,2023-11-15,1,1,1,1,1,1,1,1,1,1,1,1,0,1,1,0,1,1,1,1
1594,0.515997399064279,0.3999012607005155,OR,2023-11-16,1,1,1,1,1,1,1,1,1,1,1,1,1,1,1,0,1,0,1,1
1595,1.00640232425171,0.52321714392608,OR,2023-11-17,1,1,1,1,1,1,1,1,1,0,0,1,1,0,1,0,1,1,1,0
1596,0.866603945163797,0.412723997288251,OR,2023-11-18,1,1,1,1,1,1,1,1,1,0,1,0,0,0,1,1,1,1,1,0
1597,1.24638503979491,0.1961037750127985,PA,2023-10-08,1,1,1,1,1,0,1,1,1,1,0,1,0,0,1,0,1,1,1,1
1598,2.15718638980214,0.373215241270616,PA,2023-10-09,1,0,1,1,1,1,1,1,1,1,1,0,0,1,1,0,1,1,0,1
1599,2.85313524630784,0.328491562602997,PA,2023-10-10,1,1,1,1,1,0,1,0,1,1,0,0,0,0,0,0,1,0,1,1
1600,2.72876860973102,0.428620251861301,PA,2023-10-11,1,0,0,1,1,0,1,0,1,1,0,0,0,0,1,0,1,0,1,1
1601,1.50921701621533,0.461723703751537,PA,2023-10-12,1,1,1,1,1,0,1,1,1,0,1,1,1,1,0,0,1,1,1,0
1602,1.86669957695859,0.4869812762836955,PA,2023-10-13,1,1,1,1,1,0,1,0,1,1,0,0,0,1,0,0,1,0,1,1
1603,0.829495172421248,0.4025842121388265,PA,2023-10-14,1,1,1,1,1,1,1,0,1,1,1,1,0,0,1,0,1,0,1,1
1604,0.302128088208889,0.1860818493477995,PA,2023-10-15,1,1,1,1,1,1,1,1,1,1,1,1,1,1,1,0,1,0,1,1
1605,1.61258196488786,0.3870075763119525,PA,2023-10-16,1,1,1,1,1,1,1,1,1,1,0,0,0,0,1,1,0,0,0,1
1606,1.98139961936848,0.37903642811523,PA,2023-10-17,1,0,1,1,1,1,1,1,1,1,0,0,1,0,1,0,1,1,1,1
1607,2.65632721670626,0.427503136609729,PA,2023-10-18,1,1,1,1,1,0,1,0,1,1,1,0,1,1,0,0,1,0,0,1
1608,1.7936150297624,0.492595824396577,PA,2023-10-19,1,1,1,1,1,1,1,0,0,1,1,0,1,0,1,0,1,0,0,1
1609,1.11801186891743,0.458721838586787,PA,2023-10-20,1,0,1,1,1,1,1,1,0,1,1,0,0,1,1,0,0,1,0,1
1610,1.74906500256158,0.405963377040991,PA,2023-10-21,1,1,1,1,1,1,1,0,1,1,1,0,1,0,1,0,1,0,0,1
1611,1.25848489870433,0.2890804798754205,PA,2023-10-22,0,1,1,1,1,0,1,1,1,1,0,1,1,0,1,0,1,1,1,1
1612,3.51577743652952,0.3389879456114275,PA,2023-10-23,1,0,0,1,1,0,1,0,1,1,1,0,0,0,0,0,1,0,1,1
1613,2.40583629402008,0.4147196413158465,PA,2023-10-24,1,1,1,1,1,1,1,1,0,1,1,0,0,0,0,0,1,1,0,1
1614,1.43861094747299,0.4364791765306675,PA,2023-10-25,0,0,1,1,1,1,1,0,1,1,0,0,1,1,1,0,1,0,1,1
1615,0.995152051229399,0.3827721174543595,PA,2023-10-26,1,1,1,1,1,1,1,0,1,1,0,0,0,1,1,0,1,0,0,1
1616,1.95638855915251,0.293363224609546,PA,2023-10-27,1,1,1,1,1,0,1,1,1,1,1,1,1,1,0,0,1,1,1,1
1617,1.03629544116697,0.53857995943037,PA,2023-10-28,1,0,1,1,1,1,1,1,1,1,1,1,1,1,1,1,1,1,1,1
1618,1.66144489877136,0.58633710434218,PA,2023-10-29,1,0,1,1,1,1,1,1,1,1,1,0,1,0,1,0,1,1,1,1
1619,2.95168198031796,0.3840988842347205,PA,2023-10-30,1,1,0,1,1,1,1,1,1,1,1,0,0,1,0,0,1,1,1,1
1620,2.9997706100356,0.285269462108741,PA,2023-10-31,1,0,1,0,1,0,1,1,1,1,0,0,0,0,0,0,1,1,1,1
1621,2.78941286152239,0.4352893316504555,PA,2023-11-01,1,1,1,0,1,1,1,0,1,0,1,1,1,1,0,0,0,0,1,0
1622,2.38149993329518,0.4629072200414445,PA,2023-11-02,1,1,0,1,1,1,1,0,0,1,1,1,0,1,1,0,1,0,0,1
1623,0.290456880646232,0.1701080398168135,PA,2023-11-03,1,1,1,1,1,1,1,1,1,1,1,1,0,1,1,0,1,1,1,1
1624,0.281098223382862,0.169733922294546,PA,2023-11-04,1,1,1,1,1,1,1,1,1,1,1,1,1,1,1,1,1,1,1,1
1625,0.808460030664258,0.398210794067583,PA,2023-11-05,0,1,1,1,1,1,1,1,1,1,0,1,0,1,1,1,1,1,1,1
1626,5.9205191081241,0.3184390239721415,PA,2023-11-06,0,0,0,0,1,0,1,0,1,1,0,0,0,0,0,0,0,0,0,1
1627,2.64715148175527,0.331548974415297,PA,2023-11-07,1,1,1,0,1,1,1,0,1,0,1,0,0,1,1,0,0,1,1,0
1628,2.17418627417736,0.438104498083551,PA,2023-11-08,1,1,1,1,1,1,1,0,1,0,1,0,0,0,0,0,1,0,0,0
1629,3.46190586068938,0.535782002617875,PA,2023-11-09,1,1,1,0,1,0,1,0,1,1,1,1,0,0,1,0,1,0,1,0
1630,0.878901726628602,0.3301459807271955,PA,2023-11-10,1,1,1,1,1,1,1,1,1,1,1,1,0,0,0,0,1,1,1,1
1631,0.8573141088007,0.626286969707105,PA,2023-11-11,1,1,1,1,1,1,1,0,1,1,1,1,1,1,1,1,1,0,0,1
1632,0.802559939733386,0.397457655302378,PA,2023-11-12,1,1,1,1,1,1,1,0,1,1,1,1,1,1,1,0,1,0,1,1
1633,2.76792292141724,0.323184999441139,PA,2023-11-13,1,1,1,1,1,0,1,1,1,0,0,1,0,0,0,0,1,1,0,0
1634,1.94001475074954,0.3076374285894965,PA,2023-11-14,1,0,0,1,1,1,1,1,1,1,1,0,1,1,0,0,1,1,1,1
1635,2.35201487579807,0.345909027617385,PA,2023-11-15,1,1,1,1,1,1,1,1,1,0,0,0,0,0,0,0,1,0,1,0
1636,0.682545258686293,0.169250235556414,PA,2023-11-16,1,1,1,1,1,0,1,1,1,1,1,1,1,1,1,1,1,1,1,1
1637,1.36480469741682,0.375802882755615,PA,2023-11-17,1,1,1,0,1,1,1,1,1,0,1,0,1,0,1,0,1,1,1,0
1638,1.31980708205523,0.417158777991593,PA,2023-11-18,1,1,1,1,1,1,1,0,1,0,1,0,1,1,1,1,1,1,1,0
1639,NA,NA,PR,2023-10-08,NA,NA,NA,NA,NA,NA,NA,NA,NA,NA,NA,NA,NA,NA,NA,NA,NA,NA,NA,NA
1640,NA,NA,PR,2023-10-09,NA,NA,NA,NA,NA,NA,NA,NA,NA,NA,NA,NA,NA,NA,NA,NA,NA,NA,NA,NA
1641,NA,NA,PR,2023-10-10,NA,NA,NA,NA,NA,NA,NA,NA,NA,NA,NA,NA,NA,NA,NA,NA,NA,NA,NA,NA
1642,NA,NA,PR,2023-10-11,NA,NA,NA,NA,NA,NA,NA,NA,NA,NA,NA,NA,NA,NA,NA,NA,NA,NA,NA,NA
1643,NA,NA,PR,2023-10-12,NA,NA,NA,NA,NA,NA,NA,NA,NA,NA,NA,NA,NA,NA,NA,NA,NA,NA,NA,NA
1644,NA,NA,PR,2023-10-13,NA,NA,NA,NA,NA,NA,NA,NA,NA,NA,NA,NA,NA,NA,NA,NA,NA,NA,NA,NA
1645,NA,NA,PR,2023-10-14,NA,NA,NA,NA,NA,NA,NA,NA,NA,NA,NA,NA,NA,NA,NA,NA,NA,NA,NA,NA
1646,NA,NA,PR,2023-10-15,NA,NA,NA,NA,NA,NA,NA,NA,NA,NA,NA,NA,NA,NA,NA,NA,NA,NA,NA,NA
1647,NA,NA,PR,2023-10-16,NA,NA,NA,NA,NA,NA,NA,NA,NA,NA,NA,NA,NA,NA,NA,NA,NA,NA,NA,NA
1648,NA,NA,PR,2023-10-17,NA,NA,NA,NA,NA,NA,NA,NA,NA,NA,NA,NA,NA,NA,NA,NA,NA,NA,NA,NA
1649,NA,NA,PR,2023-10-18,NA,NA,NA,NA,NA,NA,NA,NA,NA,NA,NA,NA,NA,NA,NA,NA,NA,NA,NA,NA
1650,NA,NA,PR,2023-10-19,NA,NA,NA,NA,NA,NA,NA,NA,NA,NA,NA,NA,NA,NA,NA,NA,NA,NA,NA,NA
1651,NA,NA,PR,2023-10-20,NA,NA,NA,NA,NA,NA,NA,NA,NA,NA,NA,NA,NA,NA,NA,NA,NA,NA,NA,NA
1652,NA,NA,PR,2023-10-21,NA,NA,NA,NA,NA,NA,NA,NA,NA,NA,NA,NA,NA,NA,NA,NA,NA,NA,NA,NA
1653,NA,NA,PR,2023-10-22,NA,NA,NA,NA,NA,NA,NA,NA,NA,NA,NA,NA,NA,NA,NA,NA,NA,NA,NA,NA
1654,NA,NA,PR,2023-10-23,NA,NA,NA,NA,NA,NA,NA,NA,NA,NA,NA,NA,NA,NA,NA,NA,NA,NA,NA,NA
1655,NA,NA,PR,2023-10-24,NA,NA,NA,NA,NA,NA,NA,NA,NA,NA,NA,NA,NA,NA,NA,NA,NA,NA,NA,NA
1656,NA,NA,PR,2023-10-25,NA,NA,NA,NA,NA,NA,NA,NA,NA,NA,NA,NA,NA,NA,NA,NA,NA,NA,NA,NA
1657,NA,NA,PR,2023-10-26,NA,NA,NA,NA,NA,NA,NA,NA,NA,NA,NA,NA,NA,NA,NA,NA,NA,NA,NA,NA
1658,NA,NA,PR,2023-10-27,NA,NA,NA,NA,NA,NA,NA,NA,NA,NA,NA,NA,NA,NA,NA,NA,NA,NA,NA,NA
1659,NA,NA,PR,2023-10-28,NA,NA,NA,NA,NA,NA,NA,NA,NA,NA,NA,NA,NA,NA,NA,NA,NA,NA,NA,NA
1660,NA,NA,PR,2023-10-29,NA,NA,NA,NA,NA,NA,NA,NA,NA,NA,NA,NA,NA,NA,NA,NA,NA,NA,NA,NA
1661,NA,NA,PR,2023-10-30,NA,NA,NA,NA,NA,NA,NA,NA,NA,NA,NA,NA,NA,NA,NA,NA,NA,NA,NA,NA
1662,NA,NA,PR,2023-10-31,NA,NA,NA,NA,NA,NA,NA,NA,NA,NA,NA,NA,NA,NA,NA,NA,NA,NA,NA,NA
1663,NA,NA,PR,2023-11-01,NA,NA,NA,NA,NA,NA,NA,NA,NA,NA,NA,NA,NA,NA,NA,NA,NA,NA,NA,NA
1664,NA,NA,PR,2023-11-02,NA,NA,NA,NA,NA,NA,NA,NA,NA,NA,NA,NA,NA,NA,NA,NA,NA,NA,NA,NA
1665,NA,NA,PR,2023-11-03,NA,NA,NA,NA,NA,NA,NA,NA,NA,NA,NA,NA,NA,NA,NA,NA,NA,NA,NA,NA
1666,NA,NA,PR,2023-11-04,NA,NA,NA,NA,NA,NA,NA,NA,NA,NA,NA,NA,NA,NA,NA,NA,NA,NA,NA,NA
1667,NA,NA,PR,2023-11-05,NA,NA,NA,NA,NA,NA,NA,NA,NA,NA,NA,NA,NA,NA,NA,NA,NA,NA,NA,NA
1668,NA,NA,PR,2023-11-06,NA,NA,NA,NA,NA,NA,NA,NA,NA,NA,NA,NA,NA,NA,NA,NA,NA,NA,NA,NA
1669,NA,NA,PR,2023-11-07,NA,NA,NA,NA,NA,NA,NA,NA,NA,NA,NA,NA,NA,NA,NA,NA,NA,NA,NA,NA
1670,NA,NA,PR,2023-11-08,NA,NA,NA,NA,NA,NA,NA,NA,NA,NA,NA,NA,NA,NA,NA,NA,NA,NA,NA,NA
1671,NA,NA,PR,2023-11-09,NA,NA,NA,NA,NA,NA,NA,NA,NA,NA,NA,NA,NA,NA,NA,NA,NA,NA,NA,NA
1672,NA,NA,PR,2023-11-10,NA,NA,NA,NA,NA,NA,NA,NA,NA,NA,NA,NA,NA,NA,NA,NA,NA,NA,NA,NA
1673,NA,NA,PR,2023-11-11,NA,NA,NA,NA,NA,NA,NA,NA,NA,NA,NA,NA,NA,NA,NA,NA,NA,NA,NA,NA
1674,NA,NA,PR,2023-11-12,NA,NA,NA,NA,NA,NA,NA,NA,NA,NA,NA,NA,NA,NA,NA,NA,NA,NA,NA,NA
1675,NA,NA,PR,2023-11-13,NA,NA,NA,NA,NA,NA,NA,NA,NA,NA,NA,NA,NA,NA,NA,NA,NA,NA,NA,NA
1676,NA,NA,PR,2023-11-14,NA,NA,NA,NA,NA,NA,NA,NA,NA,NA,NA,NA,NA,NA,NA,NA,NA,NA,NA,NA
1677,NA,NA,PR,2023-11-15,NA,NA,NA,NA,NA,NA,NA,NA,NA,NA,NA,NA,NA,NA,NA,NA,NA,NA,NA,NA
1678,NA,NA,PR,2023-11-16,NA,NA,NA,NA,NA,NA,NA,NA,NA,NA,NA,NA,NA,NA,NA,NA,NA,NA,NA,NA
1679,NA,NA,PR,2023-11-17,NA,NA,NA,NA,NA,NA,NA,NA,NA,NA,NA,NA,NA,NA,NA,NA,NA,NA,NA,NA
1680,NA,NA,PR,2023-11-18,NA,NA,NA,NA,NA,NA,NA,NA,NA,NA,NA,NA,NA,NA,NA,NA,NA,NA,NA,NA
1681,NA,NA,RI,2023-10-08,NA,NA,NA,NA,NA,NA,NA,NA,NA,NA,NA,NA,NA,NA,NA,NA,NA,NA,NA,NA
1682,NA,NA,RI,2023-10-09,NA,NA,NA,NA,NA,NA,NA,NA,NA,NA,NA,NA,NA,NA,NA,NA,NA,NA,NA,NA
1683,NA,NA,RI,2023-10-10,NA,NA,NA,NA,NA,NA,NA,NA,NA,NA,NA,NA,NA,NA,NA,NA,NA,NA,NA,NA
1684,NA,NA,RI,2023-10-11,NA,NA,NA,NA,NA,NA,NA,NA,NA,NA,NA,NA,NA,NA,NA,NA,NA,NA,NA,NA
1685,NA,NA,RI,2023-10-12,NA,NA,NA,NA,NA,NA,NA,NA,NA,NA,NA,NA,NA,NA,NA,NA,NA,NA,NA,NA
1686,NA,NA,RI,2023-10-13,NA,NA,NA,NA,NA,NA,NA,NA,NA,NA,NA,NA,NA,NA,NA,NA,NA,NA,NA,NA
1687,NA,NA,RI,2023-10-14,NA,NA,NA,NA,NA,NA,NA,NA,NA,NA,NA,NA,NA,NA,NA,NA,NA,NA,NA,NA
1688,NA,NA,RI,2023-10-15,NA,NA,NA,NA,NA,NA,NA,NA,NA,NA,NA,NA,NA,NA,NA,NA,NA,NA,NA,NA
1689,NA,NA,RI,2023-10-16,NA,NA,NA,NA,NA,NA,NA,NA,NA,NA,NA,NA,NA,NA,NA,NA,NA,NA,NA,NA
1690,NA,NA,RI,2023-10-17,NA,NA,NA,NA,NA,NA,NA,NA,NA,NA,NA,NA,NA,NA,NA,NA,NA,NA,NA,NA
1691,NA,NA,RI,2023-10-18,NA,NA,NA,NA,NA,NA,NA,NA,NA,NA,NA,NA,NA,NA,NA,NA,NA,NA,NA,NA
1692,NA,NA,RI,2023-10-19,NA,NA,NA,NA,NA,NA,NA,NA,NA,NA,NA,NA,NA,NA,NA,NA,NA,NA,NA,NA
1693,NA,NA,RI,2023-10-20,NA,NA,NA,NA,NA,NA,NA,NA,NA,NA,NA,NA,NA,NA,NA,NA,NA,NA,NA,NA
1694,NA,NA,RI,2023-10-21,NA,NA,NA,NA,NA,NA,NA,NA,NA,NA,NA,NA,NA,NA,NA,NA,NA,NA,NA,NA
1695,NA,NA,RI,2023-10-22,NA,NA,NA,NA,NA,NA,NA,NA,NA,NA,NA,NA,NA,NA,NA,NA,NA,NA,NA,NA
1696,NA,NA,RI,2023-10-23,NA,NA,NA,NA,NA,NA,NA,NA,NA,NA,NA,NA,NA,NA,NA,NA,NA,NA,NA,NA
1697,0.621734244010279,0.478574202452842,RI,2023-10-24,1,1,1,0,1,1,1,1,1,1,1,1,0,0,1,1,1,1,1,1
1698,NA,NA,RI,2023-10-25,NA,NA,NA,NA,NA,NA,NA,NA,NA,NA,NA,NA,NA,NA,NA,NA,NA,NA,NA,NA
1699,NA,NA,RI,2023-10-26,NA,NA,NA,NA,NA,NA,NA,NA,NA,NA,NA,NA,NA,NA,NA,NA,NA,NA,NA,NA
1700,NA,NA,RI,2023-10-27,NA,NA,NA,NA,NA,NA,NA,NA,NA,NA,NA,NA,NA,NA,NA,NA,NA,NA,NA,NA
1701,NA,NA,RI,2023-10-28,NA,NA,NA,NA,NA,NA,NA,NA,NA,NA,NA,NA,NA,NA,NA,NA,NA,NA,NA,NA
1702,NA,NA,RI,2023-10-29,NA,NA,NA,NA,NA,NA,NA,NA,NA,NA,NA,NA,NA,NA,NA,NA,NA,NA,NA,NA
1703,NA,NA,RI,2023-10-30,NA,NA,NA,NA,NA,NA,NA,NA,NA,NA,NA,NA,NA,NA,NA,NA,NA,NA,NA,NA
1704,NA,NA,RI,2023-10-31,NA,NA,NA,NA,NA,NA,NA,NA,NA,NA,NA,NA,NA,NA,NA,NA,NA,NA,NA,NA
1705,NA,NA,RI,2023-11-01,NA,NA,NA,NA,NA,NA,NA,NA,NA,NA,NA,NA,NA,NA,NA,NA,NA,NA,NA,NA
1706,NA,NA,RI,2023-11-02,NA,NA,NA,NA,NA,NA,NA,NA,NA,NA,NA,NA,NA,NA,NA,NA,NA,NA,NA,NA
1707,NA,NA,RI,2023-11-03,NA,NA,NA,NA,NA,NA,NA,NA,NA,NA,NA,NA,NA,NA,NA,NA,NA,NA,NA,NA
1708,NA,NA,RI,2023-11-04,NA,NA,NA,NA,NA,NA,NA,NA,NA,NA,NA,NA,NA,NA,NA,NA,NA,NA,NA,NA
1709,NA,NA,RI,2023-11-05,NA,NA,NA,NA,NA,NA,NA,NA,NA,NA,NA,NA,NA,NA,NA,NA,NA,NA,NA,NA
1710,0.391957463021153,0.2595471603440195,RI,2023-11-06,1,1,1,1,1,1,1,1,1,1,1,1,1,1,1,0,1,1,0,1
1711,NA,NA,RI,2023-11-07,NA,NA,NA,NA,NA,NA,NA,NA,NA,NA,NA,NA,NA,NA,NA,NA,NA,NA,NA,NA
1712,NA,NA,RI,2023-11-08,NA,NA,NA,NA,NA,NA,NA,NA,NA,NA,NA,NA,NA,NA,NA,NA,NA,NA,NA,NA
1713,NA,NA,RI,2023-11-09,NA,NA,NA,NA,NA,NA,NA,NA,NA,NA,NA,NA,NA,NA,NA,NA,NA,NA,NA,NA
1714,NA,NA,RI,2023-11-10,NA,NA,NA,NA,NA,NA,NA,NA,NA,NA,NA,NA,NA,NA,NA,NA,NA,NA,NA,NA
1715,NA,NA,RI,2023-11-11,NA,NA,NA,NA,NA,NA,NA,NA,NA,NA,NA,NA,NA,NA,NA,NA,NA,NA,NA,NA
1716,NA,NA,RI,2023-11-12,NA,NA,NA,NA,NA,NA,NA,NA,NA,NA,NA,NA,NA,NA,NA,NA,NA,NA,NA,NA
1717,NA,NA,RI,2023-11-13,NA,NA,NA,NA,NA,NA,NA,NA,NA,NA,NA,NA,NA,NA,NA,NA,NA,NA,NA,NA
1718,NA,NA,RI,2023-11-14,NA,NA,NA,NA,NA,NA,NA,NA,NA,NA,NA,NA,NA,NA,NA,NA,NA,NA,NA,NA
1719,NA,NA,RI,2023-11-15,NA,NA,NA,NA,NA,NA,NA,NA,NA,NA,NA,NA,NA,NA,NA,NA,NA,NA,NA,NA
1720,NA,NA,RI,2023-11-16,NA,NA,NA,NA,NA,NA,NA,NA,NA,NA,NA,NA,NA,NA,NA,NA,NA,NA,NA,NA
1721,NA,NA,RI,2023-11-17,NA,NA,NA,NA,NA,NA,NA,NA,NA,NA,NA,NA,NA,NA,NA,NA,NA,NA,NA,NA
1722,NA,NA,RI,2023-11-18,NA,NA,NA,NA,NA,NA,NA,NA,NA,NA,NA,NA,NA,NA,NA,NA,NA,NA,NA,NA
1723,NA,NA,SC,2023-10-08,NA,NA,NA,NA,NA,NA,NA,NA,NA,NA,NA,NA,NA,NA,NA,NA,NA,NA,NA,NA
1724,NA,NA,SC,2023-10-09,NA,NA,NA,NA,NA,NA,NA,NA,NA,NA,NA,NA,NA,NA,NA,NA,NA,NA,NA,NA
1725,0.466502765802536,0.3130365551035005,SC,2023-10-10,1,1,1,1,1,1,1,1,1,1,1,1,0,0,1,0,1,1,0,1
1726,0.682161538919713,0.4966111519693785,SC,2023-10-11,1,0,1,1,1,1,1,1,1,1,1,1,1,1,1,1,1,1,1,1
1727,0.764358243000166,0.404049827564495,SC,2023-10-12,1,1,1,0,1,1,1,1,1,1,1,1,1,1,1,1,1,1,1,1
1728,0.861201187770159,0.428130079347096,SC,2023-10-13,1,1,1,1,1,1,1,1,0,1,1,1,0,1,1,0,1,1,0,1
1729,0.422379091780907,0.289978030132564,SC,2023-10-14,1,1,1,1,1,1,1,1,1,1,1,1,1,1,0,0,1,1,1,1
1730,NA,NA,SC,2023-10-15,NA,NA,NA,NA,NA,NA,NA,NA,NA,NA,NA,NA,NA,NA,NA,NA,NA,NA,NA,NA
1731,6.72926605260114,0.514670052773065,SC,2023-10-16,1,1,0,1,1,0,1,1,0,1,1,0,0,1,0,1,1,1,0,1
1732,0.812293449208257,0.405473342230333,SC,2023-10-17,1,1,1,1,1,1,1,0,1,1,1,1,0,0,1,0,1,0,1,1
1733,1.28695244792517,0.427922026154428,SC,2023-10-18,1,1,0,1,1,1,1,1,1,0,1,1,1,1,1,0,1,1,1,0
1734,1.82907980991237,0.54843335872768,SC,2023-10-19,1,1,1,1,0,1,1,1,0,1,1,0,1,0,0,1,1,1,0,1
1735,0.462732530267077,0.3459013988613705,SC,2023-10-20,1,1,1,1,1,1,1,1,1,1,1,1,0,1,1,0,1,1,1,1
1736,NA,NA,SC,2023-10-21,NA,NA,NA,NA,NA,NA,NA,NA,NA,NA,NA,NA,NA,NA,NA,NA,NA,NA,NA,NA
1737,0.410567212414204,0.284293491230103,SC,2023-10-22,1,1,1,1,1,1,1,1,1,1,1,1,1,1,1,0,1,0,1,1
1738,0.45306455622043,0.3500773204082585,SC,2023-10-23,1,1,1,1,1,1,1,1,1,1,1,1,1,1,1,1,1,1,1,1
1739,1.38188367504295,0.427315221941397,SC,2023-10-24,1,1,0,1,1,1,1,0,1,1,1,0,1,0,0,0,0,0,1,1
1740,0.392478445131046,0.282511605513866,SC,2023-10-25,1,1,1,1,1,1,1,1,1,1,1,1,1,1,1,1,1,1,1,1
1741,0.610872276341117,0.375303907228759,SC,2023-10-26,1,1,1,1,1,1,1,1,1,1,1,0,0,1,1,0,0,1,1,1
1742,0.706744188563768,0.3830629173348855,SC,2023-10-27,1,1,1,1,0,1,1,1,1,1,1,0,1,0,0,0,1,1,1,1
1743,0.691343985140829,0.488235028634476,SC,2023-10-28,1,0,1,1,1,1,1,1,1,1,1,0,0,1,1,1,1,1,1,1
1744,NA,NA,SC,2023-10-29,NA,NA,NA,NA,NA,NA,NA,NA,NA,NA,NA,NA,NA,NA,NA,NA,NA,NA,NA,NA
1745,0.792698444769282,0.415397724348965,SC,2023-10-30,1,1,1,0,1,1,1,1,1,1,1,1,1,0,1,0,1,1,1,1
1746,NA,NA,SC,2023-10-31,NA,NA,NA,NA,NA,NA,NA,NA,NA,NA,NA,NA,NA,NA,NA,NA,NA,NA,NA,NA
1747,0.737934998864276,0.374635926327639,SC,2023-11-01,1,1,1,0,1,1,1,1,1,1,1,1,0,0,1,1,1,1,1,1
1748,0.462420466532516,0.321797407643468,SC,2023-11-02,1,1,1,1,1,1,1,1,1,1,1,1,1,1,1,0,1,0,1,1
1749,1.00434672883511,0.4468912914950685,SC,2023-11-03,0,1,1,1,1,1,1,1,1,1,0,0,1,0,1,0,1,1,1,1
1750,1.08477106145205,0.3680327045539635,SC,2023-11-04,1,1,0,1,1,1,1,1,1,1,1,0,0,1,1,1,1,1,0,1
1751,1.12021663455562,0.369628776378486,SC,2023-11-05,1,1,0,1,1,1,1,1,1,1,1,0,0,1,1,1,1,1,1,1
1752,2.16140781682591,0.444805146520892,SC,2023-11-06,1,1,1,0,1,0,1,1,1,1,1,1,1,0,1,0,1,1,1,1
1753,1.70422484053895,0.372870406488773,SC,2023-11-07,1,1,0,1,1,1,1,1,1,1,1,1,0,1,0,0,1,1,1,1
1754,1.14850530828411,0.377054109449438,SC,2023-11-08,0,1,1,1,1,0,1,1,1,1,0,1,1,0,1,0,1,1,1,1
1755,0.667049265474737,0.3738728542471945,SC,2023-11-09,1,1,1,1,1,1,1,1,1,1,1,1,0,1,1,0,1,1,1,1
1756,0.463215203032859,0.327132341098966,SC,2023-11-10,1,1,1,1,1,1,1,1,1,1,1,0,0,1,1,0,1,1,1,1
1757,NA,NA,SC,2023-11-11,NA,NA,NA,NA,NA,NA,NA,NA,NA,NA,NA,NA,NA,NA,NA,NA,NA,NA,NA,NA
1758,NA,NA,SC,2023-11-12,NA,NA,NA,NA,NA,NA,NA,NA,NA,NA,NA,NA,NA,NA,NA,NA,NA,NA,NA,NA
1759,2.66203270815529,0.2759894324808445,SC,2023-11-13,1,1,1,1,1,0,1,1,1,1,1,1,1,0,1,0,1,1,1,1
1760,1.08697211719561,0.384751814041381,SC,2023-11-14,1,1,0,1,1,1,1,1,1,1,1,1,0,1,1,0,1,1,1,1
1761,1.4984426744386,0.454203108763269,SC,2023-11-15,1,1,1,1,0,1,1,1,1,1,1,1,0,1,0,0,1,1,1,1
1762,1.36298870905945,0.426030161284548,SC,2023-11-16,0,1,1,1,1,1,1,0,1,1,0,0,1,0,1,1,1,0,1,1
1763,0.868467119744952,0.3565769585017145,SC,2023-11-17,1,1,1,1,1,1,1,1,1,1,1,1,0,0,0,0,1,1,1,1
1764,NA,NA,SC,2023-11-18,NA,NA,NA,NA,NA,NA,NA,NA,NA,NA,NA,NA,NA,NA,NA,NA,NA,NA,NA,NA
1765,NA,NA,SD,2023-10-08,NA,NA,NA,NA,NA,NA,NA,NA,NA,NA,NA,NA,NA,NA,NA,NA,NA,NA,NA,NA
1766,NA,NA,SD,2023-10-09,NA,NA,NA,NA,NA,NA,NA,NA,NA,NA,NA,NA,NA,NA,NA,NA,NA,NA,NA,NA
1767,0.385910257456028,0.225244991747561,SD,2023-10-10,1,1,1,1,1,1,1,1,1,1,1,1,1,1,1,1,1,1,1,1
1768,NA,NA,SD,2023-10-11,NA,NA,NA,NA,NA,NA,NA,NA,NA,NA,NA,NA,NA,NA,NA,NA,NA,NA,NA,NA
1769,NA,NA,SD,2023-10-12,NA,NA,NA,NA,NA,NA,NA,NA,NA,NA,NA,NA,NA,NA,NA,NA,NA,NA,NA,NA
1770,NA,NA,SD,2023-10-13,NA,NA,NA,NA,NA,NA,NA,NA,NA,NA,NA,NA,NA,NA,NA,NA,NA,NA,NA,NA
1771,NA,NA,SD,2023-10-14,NA,NA,NA,NA,NA,NA,NA,NA,NA,NA,NA,NA,NA,NA,NA,NA,NA,NA,NA,NA
1772,NA,NA,SD,2023-10-15,NA,NA,NA,NA,NA,NA,NA,NA,NA,NA,NA,NA,NA,NA,NA,NA,NA,NA,NA,NA
1773,0.443764150381972,0.388015558335763,SD,2023-10-16,1,1,1,1,1,1,1,1,1,1,1,1,1,1,1,1,1,1,1,1
1774,0.448431974370613,0.3889357970927335,SD,2023-10-17,1,1,1,1,1,1,1,1,1,1,1,1,0,1,1,0,1,1,1,1
1775,NA,NA,SD,2023-10-18,NA,NA,NA,NA,NA,NA,NA,NA,NA,NA,NA,NA,NA,NA,NA,NA,NA,NA,NA,NA
1776,0.388388341466209,0.2218907203964,SD,2023-10-19,1,1,1,1,1,1,1,1,1,1,0,1,1,1,1,0,1,1,1,1
1777,NA,NA,SD,2023-10-20,NA,NA,NA,NA,NA,NA,NA,NA,NA,NA,NA,NA,NA,NA,NA,NA,NA,NA,NA,NA
1778,NA,NA,SD,2023-10-21,NA,NA,NA,NA,NA,NA,NA,NA,NA,NA,NA,NA,NA,NA,NA,NA,NA,NA,NA,NA
1779,NA,NA,SD,2023-10-22,NA,NA,NA,NA,NA,NA,NA,NA,NA,NA,NA,NA,NA,NA,NA,NA,NA,NA,NA,NA
1780,NA,NA,SD,2023-10-23,NA,NA,NA,NA,NA,NA,NA,NA,NA,NA,NA,NA,NA,NA,NA,NA,NA,NA,NA,NA
1781,0.389281813302483,0.2208926805551775,SD,2023-10-24,1,1,1,1,1,1,1,1,1,1,1,1,1,1,1,1,1,1,1,1
1782,NA,NA,SD,2023-10-25,NA,NA,NA,NA,NA,NA,NA,NA,NA,NA,NA,NA,NA,NA,NA,NA,NA,NA,NA,NA
1783,NA,NA,SD,2023-10-26,NA,NA,NA,NA,NA,NA,NA,NA,NA,NA,NA,NA,NA,NA,NA,NA,NA,NA,NA,NA
1784,0.43638967719601,0.3985710985393235,SD,2023-10-27,1,1,1,1,1,1,1,1,1,1,1,1,0,1,1,0,1,1,1,1
1785,NA,NA,SD,2023-10-28,NA,NA,NA,NA,NA,NA,NA,NA,NA,NA,NA,NA,NA,NA,NA,NA,NA,NA,NA,NA
1786,NA,NA,SD,2023-10-29,NA,NA,NA,NA,NA,NA,NA,NA,NA,NA,NA,NA,NA,NA,NA,NA,NA,NA,NA,NA
1787,NA,NA,SD,2023-10-30,NA,NA,NA,NA,NA,NA,NA,NA,NA,NA,NA,NA,NA,NA,NA,NA,NA,NA,NA,NA
1788,NA,NA,SD,2023-10-31,NA,NA,NA,NA,NA,NA,NA,NA,NA,NA,NA,NA,NA,NA,NA,NA,NA,NA,NA,NA
1789,NA,NA,SD,2023-11-01,NA,NA,NA,NA,NA,NA,NA,NA,NA,NA,NA,NA,NA,NA,NA,NA,NA,NA,NA,NA
1790,0.933394215711373,0.2207686088129235,SD,2023-11-02,1,1,1,1,1,0,1,1,1,1,1,1,1,0,1,0,1,1,1,1
1791,0.431449645370843,0.4061011368356255,SD,2023-11-03,1,1,1,1,1,1,1,1,1,1,1,1,0,0,1,1,1,1,1,1
1792,NA,NA,SD,2023-11-04,NA,NA,NA,NA,NA,NA,NA,NA,NA,NA,NA,NA,NA,NA,NA,NA,NA,NA,NA,NA
1793,0.676975957152552,0.52208711970987,SD,2023-11-05,1,1,1,0,1,1,1,1,1,1,1,1,1,1,1,1,1,1,1,1
1794,0.803345117189405,0.55937662892091,SD,2023-11-06,1,0,1,1,1,1,1,1,1,1,1,0,1,1,1,0,1,1,1,1
1795,0.450141786882258,0.410824537433757,SD,2023-11-07,1,1,1,1,1,1,1,1,1,1,0,1,0,1,1,1,1,1,1,1
1796,0.83011250295824,0.59198635680624,SD,2023-11-08,1,1,1,1,1,1,1,0,1,1,1,1,0,1,1,1,1,0,1,1
1797,0.400308238477428,0.222500872105601,SD,2023-11-09,1,1,1,1,1,1,1,1,1,1,1,1,1,1,1,0,1,1,1,0
1798,0.396803166747526,0.222910940483862,SD,2023-11-10,1,1,1,1,1,1,1,1,1,1,1,0,1,1,1,0,1,1,1,1
1799,0.389573890855996,0.223367308647895,SD,2023-11-11,1,1,1,1,1,1,1,1,1,1,1,1,0,1,1,0,1,1,1,1
1800,0.436064150090029,0.3205627500783115,SD,2023-11-12,1,1,1,1,1,1,1,1,1,1,1,1,0,0,1,1,1,1,1,1
1801,0.45003485820919,0.4186167990936895,SD,2023-11-13,1,1,1,1,1,1,1,1,1,1,1,1,1,1,1,1,1,1,1,1
1802,0.415111306809195,0.2250362281629715,SD,2023-11-14,1,1,1,1,1,1,1,1,1,1,1,1,1,1,1,1,1,1,1,1
1803,0.391872666715234,0.2257003197839005,SD,2023-11-15,1,1,1,1,1,1,1,1,1,1,1,0,1,1,1,0,1,1,1,1
1804,0.413363508578918,0.226422467802507,SD,2023-11-16,1,1,1,1,1,1,1,1,1,1,1,1,0,1,1,0,1,1,1,1
1805,0.762177595592229,0.3586390646971645,SD,2023-11-17,1,1,1,1,1,1,1,1,1,1,1,1,1,1,1,1,1,1,1,1
1806,NA,NA,SD,2023-11-18,NA,NA,NA,NA,NA,NA,NA,NA,NA,NA,NA,NA,NA,NA,NA,NA,NA,NA,NA,NA
1807,0.779389088975174,0.5499790936244,TN,2023-10-08,1,0,1,1,1,1,1,1,1,1,1,0,0,1,1,1,1,1,1,1
1808,1.93308960978299,0.493246082803928,TN,2023-10-09,1,1,1,0,1,0,0,0,1,1,1,1,0,0,0,0,0,0,1,1
1809,1.33356280450399,0.4126217113558155,TN,2023-10-10,1,1,1,0,1,1,1,1,1,1,1,1,1,0,1,0,1,1,1,1
1810,0.760152682513061,0.399802206325736,TN,2023-10-11,1,1,1,1,0,1,1,1,1,1,1,1,0,1,0,0,1,1,1,1
1811,1.42664430539303,0.263767086841955,TN,2023-10-12,1,1,1,1,1,0,1,1,1,1,0,1,0,1,1,0,1,1,1,1
1812,0.350080605324202,0.2613133081268305,TN,2023-10-13,1,1,1,1,1,1,1,1,1,1,1,1,1,1,1,1,1,1,1,1
1813,NA,NA,TN,2023-10-14,NA,NA,NA,NA,NA,NA,NA,NA,NA,NA,NA,NA,NA,NA,NA,NA,NA,NA,NA,NA
1814,0.328663854126794,0.2566140302224305,TN,2023-10-15,1,1,1,1,1,1,1,1,1,1,1,1,1,1,0,0,1,1,1,1
1815,1.58778692960965,0.425517203447583,TN,2023-10-16,1,1,1,1,1,1,1,0,0,1,1,1,0,0,1,1,1,0,0,1
1816,1.3393503723596,0.436316036477854,TN,2023-10-17,0,1,1,1,1,1,1,1,0,1,0,0,1,0,1,1,1,1,0,1
1817,1.91694942316918,0.358056542476809,TN,2023-10-18,1,1,1,1,1,0,1,1,1,0,1,0,0,1,0,0,1,1,1,0
1818,1.26587732188309,0.50318061142794,TN,2023-10-19,1,1,1,1,0,1,0,1,1,1,1,1,0,0,0,1,0,1,1,1
1819,2.19981942769897,0.3858346015317345,TN,2023-10-20,1,0,1,1,1,1,1,1,1,0,1,0,0,1,0,0,1,1,1,0
1820,2.43564049411192,0.3564866995857635,TN,2023-10-21,1,1,0,1,1,0,1,1,1,1,0,0,0,1,0,0,1,0,0,1
1821,2.47190216146804,0.378400752150516,TN,2023-10-22,0,1,1,1,1,0,1,1,1,0,0,1,0,0,0,0,1,1,0,0
1822,2.12365153487674,0.445502602899507,TN,2023-10-23,1,0,0,1,1,1,1,0,1,1,1,0,0,1,1,0,0,0,1,1
1823,0.810093201230454,0.2391040501263725,TN,2023-10-24,1,1,1,1,1,0,1,1,1,1,1,1,1,1,1,1,1,1,1,1
1824,0.316123230518979,0.2375442542984375,TN,2023-10-25,1,1,1,1,1,1,1,1,1,1,1,1,1,1,1,1,1,1,1,1
1825,1.21700861743492,0.4179818557046635,TN,2023-10-26,1,1,0,1,1,1,1,1,1,1,1,1,0,0,1,0,1,1,1,1
1826,NA,NA,TN,2023-10-27,NA,NA,NA,NA,NA,NA,NA,NA,NA,NA,NA,NA,NA,NA,NA,NA,NA,NA,NA,NA
1827,0.774387353376808,0.2333496809420225,TN,2023-10-28,1,1,1,1,1,0,1,1,1,1,1,1,0,1,1,0,1,1,1,1
1828,NA,NA,TN,2023-10-29,NA,NA,NA,NA,NA,NA,NA,NA,NA,NA,NA,NA,NA,NA,NA,NA,NA,NA,NA,NA
1829,1.20979296954123,0.370718313729372,TN,2023-10-30,1,1,1,1,1,1,1,0,1,1,1,1,1,1,1,0,1,0,1,1
1830,1.38647293081525,0.412544969197009,TN,2023-10-31,1,1,0,1,1,1,1,1,1,1,1,1,0,0,0,0,1,1,0,1
1831,1.45562757280809,0.438238382865755,TN,2023-11-01,1,1,1,1,1,1,1,0,1,1,1,1,0,0,0,0,1,0,1,1
1832,0.600469842317498,0.336629284086202,TN,2023-11-02,1,1,1,1,1,1,1,1,1,1,1,1,1,0,1,0,1,1,1,1
1833,1.06059210682838,0.4503810087572585,TN,2023-11-03,1,1,1,1,0,1,1,1,1,0,1,1,0,1,0,0,1,1,1,0
1834,0.971092987058555,0.4998782527702585,TN,2023-11-04,1,0,1,1,1,1,1,1,1,1,1,0,0,1,1,1,1,1,1,1
1835,0.737974726732188,0.2258578786635555,TN,2023-11-05,1,1,1,1,1,0,1,1,1,1,1,1,1,1,1,0,1,1,0,1
1836,1.21269123070452,0.3037871448352825,TN,2023-11-06,1,0,1,1,1,0,1,1,1,1,1,0,1,0,1,0,1,1,1,1
1837,0.909238821508782,0.329539969578261,TN,2023-11-07,1,0,1,1,1,1,1,1,1,1,1,0,1,0,1,0,1,1,0,1
1838,0.804753306215032,0.54876965581952,TN,2023-11-08,1,1,1,1,1,1,1,1,0,1,1,1,0,1,1,1,1,1,0,1
1839,1.06716707731196,0.3956999515631425,TN,2023-11-09,1,1,0,1,1,1,1,1,1,1,1,0,0,1,1,1,1,1,1,1
1840,0.859983521827597,0.599409115594765,TN,2023-11-10,1,1,1,1,1,1,1,1,1,0,1,1,1,0,1,1,1,1,1,0
1841,NA,NA,TN,2023-11-11,NA,NA,NA,NA,NA,NA,NA,NA,NA,NA,NA,NA,NA,NA,NA,NA,NA,NA,NA,NA
1842,1.6890363316969501,0.599501370863995,TN,2023-11-12,1,1,1,1,1,1,1,1,1,0,1,1,0,0,1,1,1,1,1,0
1843,1.11307612734541,0.3607075935325085,TN,2023-11-13,1,1,0,1,1,1,1,1,1,1,1,1,0,0,1,1,1,1,1,1
1844,NA,NA,TN,2023-11-14,NA,NA,NA,NA,NA,NA,NA,NA,NA,NA,NA,NA,NA,NA,NA,NA,NA,NA,NA,NA
1845,0.672815270122069,0.50484322479339,TN,2023-11-15,1,1,0,1,1,1,1,1,1,1,1,1,0,1,1,0,1,1,1,1
1846,0.774831418095022,0.53559640933854,TN,2023-11-16,1,0,1,1,1,1,1,1,1,1,1,0,1,1,1,0,1,1,1,1
1847,1.00953284320472,0.515787233148525,TN,2023-11-17,1,1,1,1,0,1,1,1,1,1,1,1,1,1,0,0,1,1,1,1
1848,0.75041942198969,0.384556102985177,TN,2023-11-18,1,1,1,1,1,1,1,1,0,1,1,0,1,1,0,0,1,1,0,1
1849,NA,NA,TX,2023-10-08,NA,NA,NA,NA,NA,NA,NA,NA,NA,NA,NA,NA,NA,NA,NA,NA,NA,NA,NA,NA
1850,0.844092780053373,0.4149014595382435,TX,2023-10-09,0,1,1,1,1,1,1,1,1,1,0,1,1,0,0,1,1,1,0,1
1851,1.11596237197478,0.369429716134323,TX,2023-10-10,1,1,1,0,1,1,1,1,1,1,1,1,0,0,1,0,1,0,1,1
1852,1.98479360345412,0.34404581903545,TX,2023-10-11,1,1,1,1,1,0,1,1,0,1,1,1,0,0,0,0,1,0,0,1
1853,1.35870072161502,0.3701533180120795,TX,2023-10-12,1,1,1,0,1,1,1,1,1,1,0,0,1,0,1,0,1,0,1,1
1854,1.28376660468871,0.52863933558053,TX,2023-10-13,1,1,1,1,1,1,0,1,1,1,1,1,0,1,0,0,0,1,1,1
1855,NA,NA,TX,2023-10-14,NA,NA,NA,NA,NA,NA,NA,NA,NA,NA,NA,NA,NA,NA,NA,NA,NA,NA,NA,NA
1856,NA,NA,TX,2023-10-15,NA,NA,NA,NA,NA,NA,NA,NA,NA,NA,NA,NA,NA,NA,NA,NA,NA,NA,NA,NA
1857,1.27611518677595,0.51737906071134,TX,2023-10-16,1,1,1,1,1,1,1,0,0,1,1,0,1,1,1,1,1,0,1,1
1858,0.975570204452918,0.489586479003201,TX,2023-10-17,1,1,1,1,1,1,1,1,1,0,1,1,0,1,0,1,1,0,1,0
1859,2.00072070177758,0.2993162753762075,TX,2023-10-18,1,1,1,1,1,0,1,1,1,1,0,1,1,0,0,0,1,1,0,1
1860,1.01195281081818,0.337457361038661,TX,2023-10-19,1,1,1,1,0,1,1,1,1,1,1,1,0,1,0,0,1,1,1,1
1861,0.90295927070313,0.241201117748306,TX,2023-10-20,1,1,1,1,1,0,1,1,1,1,1,1,1,1,0,0,1,1,1,1
1862,NA,NA,TX,2023-10-21,NA,NA,NA,NA,NA,NA,NA,NA,NA,NA,NA,NA,NA,NA,NA,NA,NA,NA,NA,NA
1863,0.84167252508905,0.599511876110525,TX,2023-10-22,1,1,1,1,1,1,1,0,1,1,1,1,1,1,1,0,1,0,1,1
1864,1.03794313988159,0.446045003481312,TX,2023-10-23,1,1,1,1,1,1,1,1,0,1,1,0,0,0,1,0,1,1,0,1
1865,1.17024078550181,0.3957194119956135,TX,2023-10-24,1,1,0,1,1,1,1,1,1,1,1,1,0,1,1,0,1,1,1,1
1866,1.30629502049114,0.435342806926575,TX,2023-10-25,1,1,1,0,1,1,1,1,1,1,1,1,0,0,0,0,1,1,1,1
1867,1.09752352796254,0.3459844662227605,TX,2023-10-26,1,1,1,1,1,1,1,1,0,1,1,0,1,1,1,0,1,1,1,1
1868,0.635881907313577,0.35678559058116,TX,2023-10-27,1,1,1,1,1,1,1,1,1,1,1,1,0,0,1,0,1,1,1,1
1869,NA,NA,TX,2023-10-28,NA,NA,NA,NA,NA,NA,NA,NA,NA,NA,NA,NA,NA,NA,NA,NA,NA,NA,NA,NA
1870,NA,NA,TX,2023-10-29,NA,NA,NA,NA,NA,NA,NA,NA,NA,NA,NA,NA,NA,NA,NA,NA,NA,NA,NA,NA
1871,1.16376230551286,0.263461158872612,TX,2023-10-30,1,1,1,1,1,0,1,1,1,1,0,1,0,0,1,0,1,1,0,1
1872,0.726801543564611,0.54690524723983,TX,2023-10-31,1,1,1,1,0,1,1,1,1,1,1,1,0,1,0,1,1,1,1,1
1873,1.8692000383834,0.3319644202009035,TX,2023-11-01,0,1,1,1,1,0,1,1,0,1,1,1,0,0,1,0,1,1,0,1
1874,0.892242574507361,0.3038276890130305,TX,2023-11-02,1,1,1,1,1,1,1,1,1,1,1,0,0,0,1,0,1,1,1,1
1875,0.870084016201184,0.385472475675061,TX,2023-11-03,1,1,1,1,1,1,1,1,1,1,0,1,1,1,0,1,1,1,1,1
1876,NA,NA,TX,2023-11-04,NA,NA,NA,NA,NA,NA,NA,NA,NA,NA,NA,NA,NA,NA,NA,NA,NA,NA,NA,NA
1877,0.331320581624052,0.198077563525435,TX,2023-11-05,1,1,1,1,1,1,1,1,1,1,1,1,1,0,1,0,1,1,1,1
1878,1.64342613779366,0.412259257969351,TX,2023-11-06,0,1,1,1,1,1,1,1,0,1,0,1,0,1,1,1,1,1,0,1
1879,1.79946221197752,0.54396527205715,TX,2023-11-07,1,1,1,0,1,0,1,0,1,1,0,0,0,0,1,0,1,0,1,1
1880,1.5770600917886,0.3169361111701325,TX,2023-11-08,1,1,1,1,1,0,1,1,1,1,0,1,1,0,0,0,1,0,1,1
1881,1.48320968421316,0.3346824488963335,TX,2023-11-09,1,1,1,1,1,1,1,1,1,1,1,1,0,0,1,0,1,1,0,1
1882,2.2529401489992402,0.2471020954331625,TX,2023-11-10,1,1,1,1,1,0,1,1,1,1,0,0,1,0,0,0,1,1,1,1
1883,0.620161526887448,0.348816392846385,TX,2023-11-11,1,1,1,1,1,1,1,1,1,1,1,1,1,0,0,0,1,1,0,1
1884,0.836266227168842,0.181442378528029,TX,2023-11-12,1,1,1,1,1,0,1,1,1,1,1,1,1,0,1,0,1,1,0,1
1885,2.79466100920208,0.4526519467398835,TX,2023-11-13,0,0,1,1,1,1,1,0,1,1,0,0,0,0,1,0,1,0,1,1
1886,2.37006882106342,0.1770317443118015,TX,2023-11-14,1,1,1,1,1,0,1,1,1,1,0,1,0,1,1,0,1,1,0,1
1887,1.79649131899731,0.392972204170182,TX,2023-11-15,1,1,1,1,1,1,1,0,1,1,0,0,1,0,0,0,1,0,1,0
1888,0.684181365804556,0.366963754797984,TX,2023-11-16,1,0,1,1,1,1,1,1,1,1,1,0,1,1,0,0,1,1,0,1
1889,NA,NA,TX,2023-11-17,NA,NA,NA,NA,NA,NA,NA,NA,NA,NA,NA,NA,NA,NA,NA,NA,NA,NA,NA,NA
1890,NA,NA,TX,2023-11-18,NA,NA,NA,NA,NA,NA,NA,NA,NA,NA,NA,NA,NA,NA,NA,NA,NA,NA,NA,NA
1891,NA,NA,UT,2023-10-08,NA,NA,NA,NA,NA,NA,NA,NA,NA,NA,NA,NA,NA,NA,NA,NA,NA,NA,NA,NA
1892,0.495978032395452,0.31553272335958,UT,2023-10-09,1,1,1,1,1,1,1,1,1,1,1,1,0,1,1,0,1,1,1,1
1893,0.460452733343701,0.303631879020761,UT,2023-10-10,1,1,1,1,1,1,1,1,1,1,1,1,0,1,1,1,1,1,0,1
1894,0.768416878734664,0.409749847152517,UT,2023-10-11,1,1,1,1,0,1,1,1,1,1,1,0,0,1,0,0,1,1,1,1
1895,1.74493105914816,0.358252366478567,UT,2023-10-12,1,1,0,1,1,0,1,1,1,1,1,1,0,0,0,0,1,1,1,1
1896,0.708568766909886,0.4818726247972365,UT,2023-10-13,1,1,1,0,1,1,1,1,1,1,1,1,1,0,1,0,1,1,1,1
1897,NA,NA,UT,2023-10-14,NA,NA,NA,NA,NA,NA,NA,NA,NA,NA,NA,NA,NA,NA,NA,NA,NA,NA,NA,NA
1898,NA,NA,UT,2023-10-15,NA,NA,NA,NA,NA,NA,NA,NA,NA,NA,NA,NA,NA,NA,NA,NA,NA,NA,NA,NA
1899,0.911114032802806,0.288681804456129,UT,2023-10-16,1,1,1,1,1,0,1,1,1,1,1,1,1,1,1,1,1,1,1,1
1900,0.3894543050056,0.288336376246531,UT,2023-10-17,1,1,1,1,1,1,1,1,1,1,1,1,1,1,1,1,1,1,1,1
1901,4.21189839065692,0.407856470253807,UT,2023-10-18,1,1,0,1,1,0,1,0,1,1,0,0,1,1,0,0,1,0,0,1
1902,0.874830899411349,0.4438326296171865,UT,2023-10-19,1,0,1,1,1,1,1,1,1,1,1,0,0,1,0,0,1,1,1,1
1903,NA,NA,UT,2023-10-20,NA,NA,NA,NA,NA,NA,NA,NA,NA,NA,NA,NA,NA,NA,NA,NA,NA,NA,NA,NA
1904,NA,NA,UT,2023-10-21,NA,NA,NA,NA,NA,NA,NA,NA,NA,NA,NA,NA,NA,NA,NA,NA,NA,NA,NA,NA
1905,NA,NA,UT,2023-10-22,NA,NA,NA,NA,NA,NA,NA,NA,NA,NA,NA,NA,NA,NA,NA,NA,NA,NA,NA,NA
1906,1.04745265649818,0.46465093336857,UT,2023-10-23,1,0,1,1,1,1,1,1,1,1,1,0,0,1,0,0,1,1,1,1
1907,NA,NA,UT,2023-10-24,NA,NA,NA,NA,NA,NA,NA,NA,NA,NA,NA,NA,NA,NA,NA,NA,NA,NA,NA,NA
1908,0.510449043386962,0.3236677363138335,UT,2023-10-25,1,1,0,1,1,1,1,1,1,1,1,1,0,1,1,1,1,1,0,1
1909,0.495363966723204,0.3242363405649495,UT,2023-10-26,1,1,1,1,1,1,1,1,1,1,1,1,0,1,1,1,1,1,1,0
1910,0.384606154626752,0.2860757101230885,UT,2023-10-27,1,1,1,1,1,1,1,1,1,1,1,0,1,1,1,0,1,1,1,1
1911,NA,NA,UT,2023-10-28,NA,NA,NA,NA,NA,NA,NA,NA,NA,NA,NA,NA,NA,NA,NA,NA,NA,NA,NA,NA
1912,NA,NA,UT,2023-10-29,NA,NA,NA,NA,NA,NA,NA,NA,NA,NA,NA,NA,NA,NA,NA,NA,NA,NA,NA,NA
1913,0.492874243756952,0.3266122345284775,UT,2023-10-30,1,1,1,1,1,1,1,1,1,1,1,1,0,1,1,0,1,1,1,1
1914,NA,NA,UT,2023-10-31,NA,NA,NA,NA,NA,NA,NA,NA,NA,NA,NA,NA,NA,NA,NA,NA,NA,NA,NA,NA
1915,1.96163339391141,0.429645758353742,UT,2023-11-01,1,0,0,1,1,1,1,1,0,1,1,0,0,1,0,1,1,0,0,1
1916,1.81669925533531,0.51548586033386,UT,2023-11-02,1,0,1,1,1,1,1,1,1,0,1,0,0,0,0,1,1,1,1,0
1917,NA,NA,UT,2023-11-03,NA,NA,NA,NA,NA,NA,NA,NA,NA,NA,NA,NA,NA,NA,NA,NA,NA,NA,NA,NA
1918,NA,NA,UT,2023-11-04,NA,NA,NA,NA,NA,NA,NA,NA,NA,NA,NA,NA,NA,NA,NA,NA,NA,NA,NA,NA
1919,NA,NA,UT,2023-11-05,NA,NA,NA,NA,NA,NA,NA,NA,NA,NA,NA,NA,NA,NA,NA,NA,NA,NA,NA,NA
1920,3.39426564520431,0.386828859065241,UT,2023-11-06,1,1,1,0,1,1,1,1,1,1,1,0,0,0,0,0,0,1,0,1
1921,0.483605205231214,0.3319043301807155,UT,2023-11-07,1,1,1,1,1,1,1,1,1,1,1,1,1,1,1,1,1,1,1,1
1922,NA,NA,UT,2023-11-08,NA,NA,NA,NA,NA,NA,NA,NA,NA,NA,NA,NA,NA,NA,NA,NA,NA,NA,NA,NA
1923,1.16953703847918,0.4851889398131095,UT,2023-11-09,0,1,1,1,1,1,1,1,1,0,0,1,1,0,1,1,1,1,0,0
1924,NA,NA,UT,2023-11-10,NA,NA,NA,NA,NA,NA,NA,NA,NA,NA,NA,NA,NA,NA,NA,NA,NA,NA,NA,NA
1925,NA,NA,UT,2023-11-11,NA,NA,NA,NA,NA,NA,NA,NA,NA,NA,NA,NA,NA,NA,NA,NA,NA,NA,NA,NA
1926,NA,NA,UT,2023-11-12,NA,NA,NA,NA,NA,NA,NA,NA,NA,NA,NA,NA,NA,NA,NA,NA,NA,NA,NA,NA
1927,0.491223386750632,0.3118269159989415,UT,2023-11-13,1,1,1,1,1,1,1,1,1,1,0,1,1,1,1,0,1,1,1,1
1928,0.38977125855508,0.287599704757886,UT,2023-11-14,1,1,1,1,1,1,1,1,1,1,1,1,1,1,1,1,1,1,1,1
1929,0.680847366832391,0.4653683250335425,UT,2023-11-15,1,1,1,0,1,1,1,1,1,1,1,1,1,0,1,0,1,1,1,1
1930,0.681545996323348,0.3765403062533385,UT,2023-11-16,1,1,1,0,1,1,1,1,1,1,1,0,1,0,1,0,1,1,1,1
1931,0.402198914800937,0.2887306859532875,UT,2023-11-17,1,1,1,1,1,1,1,1,1,1,1,1,1,1,0,0,1,1,1,1
1932,NA,NA,UT,2023-11-18,NA,NA,NA,NA,NA,NA,NA,NA,NA,NA,NA,NA,NA,NA,NA,NA,NA,NA,NA,NA
1933,3.39680500255443,0.2442807703641675,VA,2023-10-08,1,1,0,1,1,0,1,1,1,1,1,0,0,0,1,0,0,1,1,1
1934,3.05366586552899,0.3984844066164525,VA,2023-10-09,1,1,1,0,0,1,1,1,0,0,1,1,0,0,0,0,1,0,0,0
1935,2.28870536859052,0.361810882268774,VA,2023-10-10,1,1,1,1,1,1,1,1,1,1,0,0,0,0,1,0,0,0,0,0
1936,2.93242772639839,0.434896387751416,VA,2023-10-11,1,0,0,1,1,0,1,1,1,0,0,0,0,0,0,0,1,1,0,0
1937,3.27508902910973,0.3471536909577875,VA,2023-10-12,1,1,1,0,1,1,0,1,1,1,1,0,1,0,1,0,0,0,1,1
1938,2.39514076867535,0.4018413699112105,VA,2023-10-13,1,0,0,1,1,1,0,1,1,1,1,0,0,0,1,1,0,1,1,1
1939,2.37775316212161,0.38972545844781,VA,2023-10-14,1,1,1,0,1,0,1,1,1,1,1,1,1,0,0,0,1,1,1,0
1940,1.11508278506185,0.3115490738346195,VA,2023-10-15,1,1,1,1,1,1,1,1,1,1,0,1,0,0,1,0,1,0,1,1
1941,3.13416794199003,0.3020049014491285,VA,2023-10-16,1,1,1,1,1,0,1,1,1,1,0,1,0,1,0,0,1,1,1,1
1942,1.34303692902183,0.3970096845908485,VA,2023-10-17,1,1,1,1,1,1,1,0,1,1,1,0,0,1,1,0,0,0,0,1
1943,2.08158428461469,0.399438984082193,VA,2023-10-18,0,1,0,1,1,1,1,0,0,1,0,0,0,0,0,1,1,0,0,1
1944,2.36850942809124,0.322377285494637,VA,2023-10-19,1,1,1,1,1,0,1,1,1,1,0,0,1,0,1,0,1,1,1,1
1945,3.32064687647331,0.413506210447249,VA,2023-10-20,1,1,1,1,0,0,0,1,0,1,0,1,0,1,1,0,0,0,0,1
1946,1.56115992356968,0.383037723205063,VA,2023-10-21,1,1,1,1,1,1,1,0,1,0,0,0,0,1,0,0,0,0,0,0
1947,3.07831625377849,0.368454424617313,VA,2023-10-22,1,1,0,0,0,1,0,0,1,1,1,1,0,0,0,0,0,0,1,1
1948,3.55430258353469,0.389607028102511,VA,2023-10-23,1,1,1,1,0,1,1,0,1,0,1,0,0,0,1,0,1,0,1,0
1949,1.87926303428677,0.372185626321372,VA,2023-10-24,1,0,1,1,1,1,1,1,1,0,0,0,1,1,1,0,0,1,0,0
1950,4.8050474727897,0.221273339895971,VA,2023-10-25,1,1,0,1,1,0,1,1,1,1,1,0,0,1,1,0,1,1,1,1
1951,2.39343176367694,0.3952870003069545,VA,2023-10-26,1,0,1,1,1,1,1,1,1,0,0,0,0,0,0,0,0,0,0,0
1952,2.82925998404085,0.4154551382244195,VA,2023-10-27,1,0,1,0,1,1,0,1,1,0,0,0,1,0,1,0,0,1,0,0
1953,1.93272458370035,0.301183985552121,VA,2023-10-28,1,1,1,0,1,0,1,1,1,0,1,0,0,0,0,0,1,1,1,0
1954,2.09580664346627,0.285284046297098,VA,2023-10-29,1,1,1,1,1,0,1,1,1,1,1,0,0,0,0,0,1,0,0,1
1955,5.03737018235713,0.406845178341052,VA,2023-10-30,1,1,1,0,1,0,0,1,1,1,1,1,0,0,0,0,0,0,0,0
1956,3.46557227602658,0.3218121548636115,VA,2023-10-31,1,1,0,1,1,0,1,1,1,0,1,1,0,0,0,0,0,1,0,0
1957,1.19861471016303,0.3731652711647915,VA,2023-11-01,1,1,1,1,1,1,1,0,1,0,0,1,1,0,1,0,1,1,1,0
1958,4.25990675290291,0.31461969346298,VA,2023-11-02,1,1,1,0,1,0,1,1,1,0,1,1,0,0,0,0,0,0,1,0
1959,3.71795674720068,0.429353092238376,VA,2023-11-03,1,1,0,0,1,1,1,0,1,0,0,0,0,0,1,0,0,0,0,0
1960,1.64489324258396,0.371073630594826,VA,2023-11-04,0,1,1,1,1,1,1,1,1,0,0,0,1,0,1,0,0,0,0,0
1961,4.12243115590388,0.273549352306935,VA,2023-11-05,1,1,0,1,1,0,1,1,1,0,1,1,1,1,0,0,1,0,0,0
1962,3.25736197546038,0.3960365043987745,VA,2023-11-06,0,1,0,0,1,1,1,1,1,0,1,1,0,0,0,1,0,1,0,0
1963,4.88146171614789,0.454260773186616,VA,2023-11-07,1,1,0,0,1,0,0,1,1,0,0,0,0,1,0,0,1,0,1,0
1964,1.85847892796722,0.343447895228321,VA,2023-11-08,1,1,1,1,1,1,1,1,1,1,0,0,0,0,0,1,1,0,0,1
1965,4.55016767677237,0.348273199383711,VA,2023-11-09,1,1,1,0,1,0,1,0,0,0,1,1,0,0,0,0,0,1,0,0
1966,4.26548208262503,0.382782442893378,VA,2023-11-10,1,0,1,0,1,1,1,1,1,0,1,0,0,0,0,0,1,0,0,0
1967,1.88449164046239,0.3373675418646205,VA,2023-11-11,0,1,1,1,1,0,1,1,1,0,0,1,1,0,0,1,1,1,0,0
1968,2.13573505447406,0.291573620433794,VA,2023-11-12,1,1,1,1,1,0,1,1,1,0,1,1,1,0,1,0,0,1,0,0
1969,3.58247648997431,0.3475197769875695,VA,2023-11-13,1,1,0,0,1,0,1,0,0,1,1,1,0,0,1,1,0,0,0,1
1970,2.05792107215519,0.3253310603894715,VA,2023-11-14,1,1,0,1,1,1,1,1,1,1,1,0,0,0,0,0,0,0,1,1
1971,4.25250250168389,0.3941429652103515,VA,2023-11-15,1,0,0,0,1,1,1,0,1,0,0,1,0,1,0,0,1,0,1,0
1972,2.22328948512513,0.3001244753818185,VA,2023-11-16,1,1,1,1,1,0,1,1,1,1,1,0,0,0,1,0,0,1,0,1
1973,2.3996753896959,0.382685751252944,VA,2023-11-17,1,1,0,0,1,1,1,1,1,0,1,0,0,1,1,0,0,0,1,0
1974,1.61114265055427,0.3754095567870145,VA,2023-11-18,1,1,1,1,1,1,1,1,1,0,1,1,0,0,1,0,1,1,1,0
1975,1.24827650572095,0.319480044399721,VT,2023-10-08,1,1,1,0,1,1,1,1,1,1,1,0,0,0,1,0,1,1,1,1
1976,0.978400091449873,0.344310031691246,VT,2023-10-09,1,1,1,1,1,1,1,0,1,1,0,1,0,0,1,0,1,0,1,1
1977,1.03258020993748,0.387025119668557,VT,2023-10-10,1,1,1,1,1,1,1,1,1,1,0,1,0,1,0,0,1,1,1,1
1978,1.66056684580924,0.400328204317736,VT,2023-10-11,1,0,1,1,1,1,1,1,1,1,0,0,0,1,0,0,1,1,0,1
1979,1.30320507071379,0.4237947499252605,VT,2023-10-12,1,0,1,1,1,1,1,0,1,1,1,0,0,0,1,0,1,1,1,1
1980,2.19948050189725,0.349771163404056,VT,2023-10-13,1,1,1,1,1,1,1,0,1,1,0,1,0,0,0,0,1,0,1,0
1981,1.41073588390251,0.41945270558392,VT,2023-10-14,1,1,1,1,1,1,0,0,1,1,0,1,0,1,0,0,0,0,1,1
1982,2.09107483576749,0.364121743386706,VT,2023-10-15,1,1,1,1,1,1,0,0,1,1,1,1,0,0,0,0,0,0,0,1
1983,2.43257597566476,0.388685046076095,VT,2023-10-16,1,1,1,0,1,1,1,1,1,1,1,1,0,0,0,0,1,1,1,1
1984,1.18310128811845,0.3725172866067645,VT,2023-10-17,1,1,1,1,1,1,1,0,1,1,0,0,0,0,1,0,1,0,1,1
1985,NA,NA,VT,2023-10-18,NA,NA,NA,NA,NA,NA,NA,NA,NA,NA,NA,NA,NA,NA,NA,NA,NA,NA,NA,NA
1986,1.45266148335445,0.3433380799422655,VT,2023-10-19,1,1,1,1,1,1,1,1,1,1,0,1,0,0,0,0,1,1,1,1
1987,1.30226840602576,0.350308288384565,VT,2023-10-20,1,1,1,1,1,1,1,1,0,1,1,1,0,0,1,0,0,1,0,1
1988,1.32542334219207,0.350389888251734,VT,2023-10-21,1,1,1,1,1,1,1,1,0,1,1,1,0,0,0,0,1,1,1,1
1989,0.795921859216247,0.224862469107573,VT,2023-10-22,1,1,1,1,1,0,1,1,1,1,1,1,0,1,1,0,1,1,1,1
1990,1.18989752689994,0.3387403894617385,VT,2023-10-23,1,1,1,1,1,1,0,1,1,1,1,1,0,0,1,0,0,1,1,1
1991,1.32643299257607,0.225438772874251,VT,2023-10-24,1,1,1,1,1,0,1,1,1,1,0,1,1,1,1,0,1,1,1,1
1992,1.02102756234189,0.344615048223878,VT,2023-10-25,1,1,1,1,1,1,1,0,1,1,1,1,0,1,1,1,1,0,1,1
1993,1.36803835519087,0.541482953970905,VT,2023-10-26,1,1,1,1,1,1,1,0,0,1,1,1,0,0,0,1,1,0,0,1
1994,2.05881286307445,0.339695233673445,VT,2023-10-27,1,1,1,1,1,0,1,1,0,1,0,1,0,0,0,0,0,1,0,1
1995,0.751176386873623,0.38884991919762,VT,2023-10-28,0,1,1,1,1,1,1,1,1,1,1,1,0,1,1,0,1,1,1,1
1996,0.785559354814761,0.3101944974339675,VT,2023-10-29,1,1,1,1,1,1,1,1,1,1,1,1,1,0,1,0,1,1,1,1
1997,1.74991361928749,0.4886729205124175,VT,2023-10-30,1,1,1,1,1,1,1,0,0,1,1,0,0,0,1,1,1,0,0,1
1998,1.09175585735173,0.2750432750931845,VT,2023-10-31,1,1,1,1,1,0,1,1,1,1,1,1,0,1,1,1,1,1,1,0
1999,0.797134357937905,0.56390975759151,VT,2023-11-01,1,0,1,1,1,1,1,1,1,1,1,0,1,0,1,1,1,1,1,1
2000,1.08917981009972,0.457086154385167,VT,2023-11-02,1,0,1,1,1,1,1,0,1,1,1,0,0,0,1,1,1,0,1,1
2001,0.74425623863498,0.2912102372833265,VT,2023-11-03,1,1,1,1,1,1,1,1,1,1,0,0,1,1,1,0,1,1,1,1
2002,1.1638149571335,0.4618858653513705,VT,2023-11-04,1,0,1,1,1,1,1,0,1,1,1,1,1,1,0,1,1,0,1,1
2003,NA,NA,VT,2023-11-05,NA,NA,NA,NA,NA,NA,NA,NA,NA,NA,NA,NA,NA,NA,NA,NA,NA,NA,NA,NA
2004,0.832884755614271,0.2293836119925015,VT,2023-11-06,1,1,1,1,1,0,1,1,1,1,1,1,1,0,1,0,1,1,1,1
2005,0.796892313152084,0.4039634185916755,VT,2023-11-07,1,1,1,1,1,1,1,0,1,1,1,1,1,1,1,1,1,1,1,1
2006,1.77269768497158,0.4360489158347395,VT,2023-11-08,1,1,1,1,1,1,1,0,0,1,1,1,0,0,1,0,0,0,0,1
2007,3.06412827938436,0.533377919154085,VT,2023-11-09,1,0,1,1,1,0,1,0,0,0,1,0,0,1,0,1,1,0,1,0
2008,1.61867448305686,0.577337413914935,VT,2023-11-10,1,1,1,1,1,1,1,0,1,1,1,1,1,0,1,0,1,0,1,1
2009,0.848678397657426,0.60062713356501,VT,2023-11-11,1,1,1,1,1,1,1,1,1,0,1,1,1,1,1,0,1,1,1,0
2010,1.21726631745928,0.466075402429568,VT,2023-11-12,1,0,1,1,1,1,1,1,1,0,1,1,0,0,1,0,1,1,1,0
2011,1.44066411956465,0.51730343735222,VT,2023-11-13,1,1,1,1,1,0,1,0,1,0,0,1,0,0,0,0,1,0,1,0
2012,1.15154101404064,0.2777426090702715,VT,2023-11-14,1,1,1,1,1,0,1,1,1,1,1,1,0,1,0,0,1,1,1,1
2013,1.23902956431189,0.3948131132735825,VT,2023-11-15,1,0,1,1,1,1,1,1,0,1,1,0,0,0,0,0,1,1,0,1
2014,2.67691279940588,0.441640475046737,VT,2023-11-16,1,1,0,1,1,1,1,0,1,0,1,0,0,1,0,0,1,0,1,1
2015,1.47249702108838,0.3608608891871675,VT,2023-11-17,1,1,1,1,1,0,1,1,1,0,1,1,1,0,1,0,1,1,1,0
2016,1.7897395493285,0.495314752898062,VT,2023-11-18,1,1,1,1,1,1,1,0,1,0,1,1,0,0,1,1,1,0,1,0
2017,1.19114273154366,0.321451226023132,WA,2023-10-08,1,1,1,0,1,1,1,1,1,1,1,1,0,0,1,0,1,1,1,1
2018,2.25426368856003,0.338059284926396,WA,2023-10-09,1,1,1,1,1,1,1,0,1,1,1,0,0,0,0,1,1,0,0,1
2019,1.85223008257175,0.350143254701456,WA,2023-10-10,1,1,0,1,1,1,1,1,1,1,0,0,0,1,0,1,1,0,1,1
2020,1.81340047425817,0.426000844261435,WA,2023-10-11,1,1,1,1,1,1,1,0,0,1,1,0,0,0,0,1,1,0,0,1
2021,1.26764310819095,0.368743029210715,WA,2023-10-12,1,1,1,1,1,1,1,1,1,0,1,1,1,0,0,1,1,1,1,1
2022,0.971422937135783,0.3255540814573235,WA,2023-10-13,1,0,1,1,1,1,1,1,1,1,1,0,0,0,1,0,1,1,1,1
2023,1.54267272907365,0.4716611457162915,WA,2023-10-14,1,1,1,0,1,1,0,1,1,1,1,1,0,0,1,0,0,1,1,1
2024,1.21304745011448,0.3001187456458365,WA,2023-10-15,1,1,1,1,1,1,1,1,1,0,1,1,1,1,1,0,1,1,1,0
2025,1.44056409451014,0.372059191218239,WA,2023-10-16,1,0,1,1,1,1,1,1,1,1,1,0,1,0,1,0,1,1,1,1
2026,2.90836897343623,0.348154666226643,WA,2023-10-17,1,1,0,0,1,1,1,0,1,1,1,1,0,0,1,0,1,0,0,1
2027,2.33526867166768,0.439916067821824,WA,2023-10-18,1,1,1,1,1,0,0,1,1,1,1,0,1,0,0,0,0,0,1,1
2028,5.74756257156464,0.57406134523916,WA,2023-10-19,1,0,0,1,1,0,0,1,0,1,1,0,0,0,1,0,0,0,0,1
2029,1.59427559302237,0.445862935411936,WA,2023-10-20,1,1,1,1,1,0,0,1,0,1,1,1,1,1,1,1,0,1,0,1
2030,1.69414448439612,0.614881134126105,WA,2023-10-21,1,0,1,1,1,0,0,0,1,1,1,0,1,1,1,0,1,0,1,1
2031,2.77405206486978,0.447988750262962,WA,2023-10-22,1,0,0,1,1,1,1,1,0,1,1,0,0,0,1,1,1,1,1,1
2032,4.11113544230158,0.455994043357174,WA,2023-10-23,1,0,1,0,1,0,0,1,1,0,0,0,0,0,1,0,0,0,1,0
2033,1.65785329446599,0.2412111574999655,WA,2023-10-24,1,1,1,1,1,0,1,1,1,1,1,1,0,0,0,0,1,0,1,1
2034,2.99419820387116,0.453149935030134,WA,2023-10-25,1,1,0,1,1,0,1,0,0,1,1,1,0,1,0,0,1,0,0,1
2035,2.16552310879239,0.364543494248742,WA,2023-10-26,1,0,1,1,1,1,0,1,1,1,1,0,0,0,0,0,0,0,0,1
2036,1.65186698047213,0.4480318197127435,WA,2023-10-27,0,1,1,1,1,0,1,0,0,1,0,1,0,0,1,0,1,0,0,1
2037,2.39990142856995,0.414721434224637,WA,2023-10-28,1,1,1,0,1,0,1,1,0,1,1,1,1,0,1,0,1,1,0,0
2038,1.20993969122121,0.4057295011698845,WA,2023-10-29,0,1,1,1,1,1,1,1,1,0,0,1,0,1,1,0,1,1,1,0
2039,2.34606112651956,0.3671343712862255,WA,2023-10-30,1,1,1,0,1,1,0,1,1,1,0,1,1,0,0,1,0,1,1,1
2040,1.68120395781803,0.425432960073931,WA,2023-10-31,1,1,1,1,1,1,0,1,0,1,1,0,1,0,0,0,1,0,0,1
2041,1.93039520351692,0.3990785891756765,WA,2023-11-01,0,1,1,1,1,1,1,1,1,0,1,0,1,0,1,0,1,0,1,0
2042,3.99070343040733,0.4660083998719575,WA,2023-11-02,0,0,0,1,0,0,1,1,1,1,0,0,0,1,0,0,0,0,1,1
2043,2.4365365778655,0.364415783802988,WA,2023-11-03,1,1,0,1,0,1,1,1,1,1,1,1,0,1,1,0,1,0,1,1
2044,1.11725608638728,0.3485771483959325,WA,2023-11-04,0,1,1,1,1,1,1,1,1,1,0,1,0,0,0,0,1,0,0,1
2045,3.1217311390591,0.4266182666715685,WA,2023-11-05,1,1,1,1,0,1,1,1,1,1,0,1,1,0,0,0,1,0,1,1
2046,2.7797806121702,0.4502763510224375,WA,2023-11-06,1,1,1,0,0,1,1,1,1,1,1,0,0,0,0,0,1,1,1,1
2047,2.01370354580582,0.334898076144947,WA,2023-11-07,1,1,0,1,1,1,0,1,1,1,1,1,0,1,1,0,0,0,1,1
2048,3.13727229253041,0.418377498984883,WA,2023-11-08,1,0,0,1,1,0,1,1,1,1,1,1,0,1,1,0,1,0,1,1
2049,1.02387014662075,0.276650080554699,WA,2023-11-09,1,1,1,1,1,1,1,0,1,1,1,1,1,1,1,1,1,1,1,1
2050,1.42803035089434,0.4090459540078425,WA,2023-11-10,0,1,1,1,1,1,1,0,1,1,0,1,0,1,1,0,1,0,0,1
2051,1.16256448198424,0.406231092614938,WA,2023-11-11,1,1,1,1,1,1,1,0,1,0,1,1,0,1,1,0,1,0,1,0
2052,0.580438687312312,0.157295449723567,WA,2023-11-12,1,1,1,1,1,1,1,1,1,1,1,1,0,1,1,0,1,1,1,1
2053,1.41006494413086,0.331331997943199,WA,2023-11-13,1,1,0,1,1,1,1,1,1,0,1,1,0,1,0,0,1,0,1,0
2054,1.86577162430434,0.409996151542428,WA,2023-11-14,1,1,0,1,1,1,1,0,1,1,1,0,0,1,1,0,1,1,1,1
2055,3.37374583964992,0.2342909778347135,WA,2023-11-15,0,1,0,1,1,0,1,1,1,1,0,1,0,1,0,0,1,0,0,1
2056,1.64794467864132,0.338055130238343,WA,2023-11-16,1,1,1,1,1,1,1,1,1,0,1,1,0,1,0,0,1,1,1,0
2057,1.32910024488039,0.1526558529942775,WA,2023-11-17,1,1,1,1,1,0,1,1,1,1,1,1,1,1,1,1,1,1,1,1
2058,0.556053074791594,0.1518495002259005,WA,2023-11-18,1,1,1,1,1,1,1,1,1,1,1,1,1,1,1,1,1,1,1,1
2059,0.449651959862523,0.3242499119417315,WI,2023-10-08,1,1,1,1,1,1,1,1,1,1,1,1,0,1,1,0,1,1,1,1
2060,0.405588134093699,0.27405230163805,WI,2023-10-09,1,1,1,1,1,1,1,1,1,1,1,1,0,0,1,1,1,1,1,1
2061,1.25564437306162,0.426793469542025,WI,2023-10-10,1,1,0,1,1,1,1,1,0,1,1,1,0,0,1,0,1,1,0,1
2062,0.705707757288853,0.394559029197114,WI,2023-10-11,1,1,1,1,1,1,1,1,1,1,1,1,0,1,1,0,1,1,1,1
2063,0.39682635982536,0.2729139554533235,WI,2023-10-12,1,1,1,1,1,1,1,1,1,1,1,1,1,1,1,1,1,1,1,1
2064,0.907697063954411,0.440503087940004,WI,2023-10-13,1,1,1,1,1,1,0,1,1,1,1,1,0,1,1,1,0,1,1,1
2065,1.00449226479795,0.3271679619264145,WI,2023-10-14,1,1,1,1,1,0,1,1,1,1,1,1,0,1,1,0,1,1,1,1
2066,0.807730819702482,0.578622736621765,WI,2023-10-15,1,0,1,1,1,1,1,1,1,1,1,0,1,1,1,0,1,1,1,1
2067,NA,NA,WI,2023-10-16,NA,NA,NA,NA,NA,NA,NA,NA,NA,NA,NA,NA,NA,NA,NA,NA,NA,NA,NA,NA
2068,0.454599769858755,0.329229096076221,WI,2023-10-17,1,1,1,1,1,1,1,1,1,1,1,1,0,1,1,0,1,1,1,1
2069,0.647550647027274,0.367686804236945,WI,2023-10-18,1,1,1,1,1,1,1,1,1,1,1,1,0,0,0,0,1,1,1,1
2070,NA,NA,WI,2023-10-19,NA,NA,NA,NA,NA,NA,NA,NA,NA,NA,NA,NA,NA,NA,NA,NA,NA,NA,NA,NA
2071,NA,NA,WI,2023-10-20,NA,NA,NA,NA,NA,NA,NA,NA,NA,NA,NA,NA,NA,NA,NA,NA,NA,NA,NA,NA
2072,NA,NA,WI,2023-10-21,NA,NA,NA,NA,NA,NA,NA,NA,NA,NA,NA,NA,NA,NA,NA,NA,NA,NA,NA,NA
2073,NA,NA,WI,2023-10-22,NA,NA,NA,NA,NA,NA,NA,NA,NA,NA,NA,NA,NA,NA,NA,NA,NA,NA,NA,NA
2074,NA,NA,WI,2023-10-23,NA,NA,NA,NA,NA,NA,NA,NA,NA,NA,NA,NA,NA,NA,NA,NA,NA,NA,NA,NA
2075,1.22083250622477,0.58947672630238,WI,2023-10-24,1,1,1,1,1,1,1,0,0,1,1,1,0,1,1,1,1,0,0,1
2076,1.59918905149628,0.313017134627169,WI,2023-10-25,1,1,1,1,1,0,1,1,1,1,0,1,0,1,1,0,1,1,1,1
2077,0.452358425202579,0.337868309998167,WI,2023-10-26,1,1,1,1,1,1,1,1,1,1,1,1,1,1,1,1,1,1,1,1
2078,0.429984002563239,0.3016149324543965,WI,2023-10-27,1,1,1,1,1,1,1,1,1,1,1,1,1,1,1,0,1,1,0,1
2079,0.439679236944411,0.3402957426780845,WI,2023-10-28,1,1,1,1,1,1,1,1,1,1,1,1,1,0,1,0,1,1,1,1
2080,0.464452228049452,0.3415788048815355,WI,2023-10-29,1,1,1,1,1,1,1,1,1,1,1,1,1,1,1,1,1,1,1,1
2081,0.902933414907919,0.43649308018353,WI,2023-10-30,1,1,1,1,1,1,1,1,1,0,1,1,0,1,1,0,1,1,1,1
2082,0.89724464175775,0.432773381074332,WI,2023-10-31,1,1,1,1,1,1,0,1,1,1,1,1,0,0,1,0,0,1,1,1
2083,0.882488945899722,0.460617254962428,WI,2023-11-01,1,0,1,1,1,1,1,1,1,1,1,0,0,1,1,1,1,1,1,1
2084,0.461924618294995,0.347167466511134,WI,2023-11-02,1,1,1,1,1,1,1,1,1,1,1,1,1,1,1,1,1,1,1,1
2085,1.74785994864169,0.4081901298409705,WI,2023-11-03,1,1,0,1,1,0,1,0,1,1,0,1,0,1,1,0,1,0,1,1
2086,1.83341037222146,0.50342852326848,WI,2023-11-04,1,1,1,1,1,1,1,0,0,1,1,1,0,1,1,1,0,0,0,1
2087,NA,NA,WI,2023-11-05,NA,NA,NA,NA,NA,NA,NA,NA,NA,NA,NA,NA,NA,NA,NA,NA,NA,NA,NA,NA
2088,1.04259494791688,0.3534603488032145,WI,2023-11-06,1,1,1,1,1,0,1,1,1,1,1,1,0,1,1,0,1,1,1,1
2089,0.799073368329536,0.3219188057446775,WI,2023-11-07,1,1,1,1,1,0,1,1,1,1,0,1,1,1,1,0,1,1,1,1
2090,NA,NA,WI,2023-11-08,NA,NA,NA,NA,NA,NA,NA,NA,NA,NA,NA,NA,NA,NA,NA,NA,NA,NA,NA,NA
2091,0.849101252332447,0.4196092727919545,WI,2023-11-09,1,1,1,1,1,1,1,0,1,1,1,0,1,1,1,1,1,0,1,1
2092,NA,NA,WI,2023-11-10,NA,NA,NA,NA,NA,NA,NA,NA,NA,NA,NA,NA,NA,NA,NA,NA,NA,NA,NA,NA
2093,NA,NA,WI,2023-11-11,NA,NA,NA,NA,NA,NA,NA,NA,NA,NA,NA,NA,NA,NA,NA,NA,NA,NA,NA,NA
2094,0.824298911423683,0.58467529428636,WI,2023-11-12,1,1,1,1,1,1,1,0,1,1,1,1,1,1,1,0,1,0,1,1
2095,0.858594566120358,0.607811115778495,WI,2023-11-13,1,1,1,1,1,1,1,1,1,0,1,1,1,1,0,1,1,1,1,0
2096,NA,NA,WI,2023-11-14,NA,NA,NA,NA,NA,NA,NA,NA,NA,NA,NA,NA,NA,NA,NA,NA,NA,NA,NA,NA
2097,NA,NA,WI,2023-11-15,NA,NA,NA,NA,NA,NA,NA,NA,NA,NA,NA,NA,NA,NA,NA,NA,NA,NA,NA,NA
2098,NA,NA,WI,2023-11-16,NA,NA,NA,NA,NA,NA,NA,NA,NA,NA,NA,NA,NA,NA,NA,NA,NA,NA,NA,NA
2099,0.469275120563666,0.373798255471761,WI,2023-11-17,1,1,1,1,1,1,1,1,1,1,1,1,0,1,1,0,1,1,1,1
2100,NA,NA,WI,2023-11-18,NA,NA,NA,NA,NA,NA,NA,NA,NA,NA,NA,NA,NA,NA,NA,NA,NA,NA,NA,NA
2101,1.22798509038564,0.3633687259184975,WV,2023-10-08,1,1,1,1,1,1,1,1,1,1,1,0,1,1,1,0,1,0,1,1
2102,3.20227397713528,0.3284782002668205,WV,2023-10-09,1,1,0,0,0,0,1,1,1,1,1,1,0,0,0,0,1,1,1,1
2103,2.72902913348255,0.4381346583467845,WV,2023-10-10,0,1,0,1,1,1,1,1,0,1,0,1,0,0,0,0,1,1,0,1
2104,1.02133989768995,0.3241218105553065,WV,2023-10-11,1,1,1,1,1,1,1,1,1,1,1,1,0,0,0,0,1,0,0,1
2105,3.05473605068635,0.377279882357389,WV,2023-10-12,1,1,0,0,1,1,1,1,1,1,1,1,0,0,0,0,1,1,0,1
2106,1.33186793673487,0.3633197270770625,WV,2023-10-13,1,1,1,1,0,1,1,1,1,1,0,1,0,0,0,0,1,1,1,1
2107,1.60676586880079,0.262256394936612,WV,2023-10-14,1,1,1,1,1,0,1,1,1,1,1,1,0,1,0,0,1,1,1,1
2108,1.11794727609205,0.4127893586627505,WV,2023-10-15,1,0,1,1,1,1,1,1,0,1,1,0,0,0,0,1,1,1,0,1
2109,3.07950525161055,0.344827147317063,WV,2023-10-16,1,1,0,0,1,1,1,1,1,1,0,0,0,0,1,1,1,1,1,1
2110,2.12100108045822,0.302828566580273,WV,2023-10-17,1,1,1,0,1,0,1,1,1,1,1,1,1,0,1,0,1,1,1,1
2111,1.3167136082199,0.452246298792711,WV,2023-10-18,1,1,1,1,1,0,1,1,1,1,1,1,0,1,1,0,1,1,1,1
2112,1.21686840864977,0.4048819567247775,WV,2023-10-19,0,0,1,1,1,1,1,1,1,1,0,0,1,0,1,0,1,1,1,1
2113,1.97988325205683,0.382813401403525,WV,2023-10-20,1,1,0,1,1,1,0,1,1,1,1,1,0,1,0,0,0,0,1,1
2114,0.454014039907831,0.3125810006157835,WV,2023-10-21,1,1,1,1,1,1,1,1,1,1,1,1,0,1,1,0,1,1,1,1
2115,0.783948034225319,0.343744657657412,WV,2023-10-22,1,1,1,1,1,1,1,1,1,1,1,1,1,0,0,0,1,1,0,1
2116,2.32990833166191,0.3162348729587385,WV,2023-10-23,1,1,1,1,1,0,1,1,1,1,1,0,0,0,0,0,1,0,1,1
2117,2.49139252251084,0.376712849928493,WV,2023-10-24,1,0,1,1,0,1,1,1,1,0,0,0,0,0,0,0,1,0,0,0
2118,2.12968921455502,0.319230614665181,WV,2023-10-25,1,1,1,1,1,0,1,1,1,1,1,1,0,1,0,0,1,0,1,1
2119,1.80280941530662,0.443411501916604,WV,2023-10-26,0,1,1,0,1,1,1,1,1,1,1,0,0,0,0,1,1,0,0,1
2120,1.91083427618186,0.364212857572908,WV,2023-10-27,1,1,0,1,1,1,1,0,0,1,1,1,0,0,0,0,1,0,0,1
2121,1.4749364719685,0.388515656737081,WV,2023-10-28,1,0,0,1,1,1,1,1,1,1,1,0,0,1,0,0,1,0,0,1
2122,2.22004309946186,0.363336402356507,WV,2023-10-29,1,1,0,1,1,0,1,0,1,1,0,1,1,0,0,0,1,0,1,1
2123,2.32597404201861,0.4086575655194355,WV,2023-10-30,1,0,1,1,1,1,1,1,1,1,0,0,1,0,0,0,1,0,1,1
2124,1.91013746552323,0.34158218575157,WV,2023-10-31,1,1,1,1,1,0,1,1,0,1,0,1,1,0,0,0,1,1,0,1
2125,1.59507416109187,0.316605584342854,WV,2023-11-01,1,1,1,1,1,0,1,0,1,1,1,1,0,0,0,1,1,0,1,1
2126,1.21052974448935,0.382060780804434,WV,2023-11-02,1,1,1,1,0,1,1,1,1,1,0,1,1,0,0,1,1,1,1,1
2127,1.34369731127242,0.307505873309656,WV,2023-11-03,1,1,0,1,1,1,1,1,1,1,1,1,0,0,1,0,1,1,1,1
2128,1.15465220853002,0.4115401070831695,WV,2023-11-04,1,1,1,1,1,1,1,1,1,0,1,1,0,1,1,1,1,1,1,0
2129,2.31304864196729,0.371130414649018,WV,2023-11-05,1,1,0,0,1,1,1,1,0,0,1,1,0,0,0,0,1,1,1,0
2130,1.66897603488287,0.349088153077389,WV,2023-11-06,1,1,1,1,1,1,1,1,1,1,1,0,1,1,0,0,1,1,1,1
2131,2.02936594622301,0.372046302409183,WV,2023-11-07,1,1,1,1,1,1,1,0,0,1,1,1,0,0,1,0,1,0,0,1
2132,1.91323856025118,0.3415490245496655,WV,2023-11-08,1,0,1,1,1,1,1,1,1,1,1,0,1,1,0,0,1,0,0,1
2133,1.4721240890999,0.3546800844151635,WV,2023-11-09,1,1,1,1,1,1,1,1,1,0,0,0,0,0,0,0,1,1,1,0
2134,2.73659767920929,0.2885723620653595,WV,2023-11-10,1,1,1,0,1,0,1,1,1,0,1,1,0,0,1,0,1,0,1,0
2135,3.16625327496638,0.397728620296292,WV,2023-11-11,1,1,1,1,1,1,1,0,1,0,1,0,0,0,0,0,1,0,1,0
2136,2.99975535847091,0.3098094819612145,WV,2023-11-12,1,1,1,0,1,0,1,1,1,1,1,0,0,0,0,1,1,1,1,1
2137,4.8660253146853,0.3213163351895485,WV,2023-11-13,1,1,1,1,1,0,1,1,1,0,1,0,0,0,0,0,1,0,0,0
2138,2.13790926043861,0.355054884075856,WV,2023-11-14,1,1,1,1,0,1,1,1,1,1,1,0,1,0,0,1,0,0,1,1
2139,3.08504427515878,0.3921761569774175,WV,2023-11-15,1,1,1,1,1,1,1,0,1,0,1,0,0,0,1,1,1,0,1,0
2140,2.4372638918211,0.4192804895730905,WV,2023-11-16,1,1,1,1,1,1,1,1,1,0,1,1,1,1,1,0,1,0,1,0
2141,3.13148075883973,0.314067654005697,WV,2023-11-17,1,1,0,1,1,0,1,0,1,1,1,1,0,0,1,0,1,0,1,1
2142,3.7765426438568,0.309946834997581,WV,2023-11-18,1,0,1,0,1,0,1,1,1,0,1,0,1,0,0,0,1,1,0,0
2143,NA,NA,WY,2023-10-08,NA,NA,NA,NA,NA,NA,NA,NA,NA,NA,NA,NA,NA,NA,NA,NA,NA,NA,NA,NA
2144,NA,NA,WY,2023-10-09,NA,NA,NA,NA,NA,NA,NA,NA,NA,NA,NA,NA,NA,NA,NA,NA,NA,NA,NA,NA
2145,NA,NA,WY,2023-10-10,NA,NA,NA,NA,NA,NA,NA,NA,NA,NA,NA,NA,NA,NA,NA,NA,NA,NA,NA,NA
2146,NA,NA,WY,2023-10-11,NA,NA,NA,NA,NA,NA,NA,NA,NA,NA,NA,NA,NA,NA,NA,NA,NA,NA,NA,NA
2147,NA,NA,WY,2023-10-12,NA,NA,NA,NA,NA,NA,NA,NA,NA,NA,NA,NA,NA,NA,NA,NA,NA,NA,NA,NA
2148,0.364610744615542,0.252297551965175,WY,2023-10-13,1,1,1,1,1,1,1,1,1,1,1,1,1,1,1,1,1,1,1,1
2149,NA,NA,WY,2023-10-14,NA,NA,NA,NA,NA,NA,NA,NA,NA,NA,NA,NA,NA,NA,NA,NA,NA,NA,NA,NA
2150,NA,NA,WY,2023-10-15,NA,NA,NA,NA,NA,NA,NA,NA,NA,NA,NA,NA,NA,NA,NA,NA,NA,NA,NA,NA
2151,NA,NA,WY,2023-10-16,NA,NA,NA,NA,NA,NA,NA,NA,NA,NA,NA,NA,NA,NA,NA,NA,NA,NA,NA,NA
2152,NA,NA,WY,2023-10-17,NA,NA,NA,NA,NA,NA,NA,NA,NA,NA,NA,NA,NA,NA,NA,NA,NA,NA,NA,NA
2153,0.37487318332902,0.2525818489030055,WY,2023-10-18,1,1,1,1,1,1,1,1,1,1,1,1,0,1,1,0,1,1,1,1
2154,NA,NA,WY,2023-10-19,NA,NA,NA,NA,NA,NA,NA,NA,NA,NA,NA,NA,NA,NA,NA,NA,NA,NA,NA,NA
2155,NA,NA,WY,2023-10-20,NA,NA,NA,NA,NA,NA,NA,NA,NA,NA,NA,NA,NA,NA,NA,NA,NA,NA,NA,NA
2156,NA,NA,WY,2023-10-21,NA,NA,NA,NA,NA,NA,NA,NA,NA,NA,NA,NA,NA,NA,NA,NA,NA,NA,NA,NA
2157,NA,NA,WY,2023-10-22,NA,NA,NA,NA,NA,NA,NA,NA,NA,NA,NA,NA,NA,NA,NA,NA,NA,NA,NA,NA
2158,NA,NA,WY,2023-10-23,NA,NA,NA,NA,NA,NA,NA,NA,NA,NA,NA,NA,NA,NA,NA,NA,NA,NA,NA,NA
2159,NA,NA,WY,2023-10-24,NA,NA,NA,NA,NA,NA,NA,NA,NA,NA,NA,NA,NA,NA,NA,NA,NA,NA,NA,NA
2160,NA,NA,WY,2023-10-25,NA,NA,NA,NA,NA,NA,NA,NA,NA,NA,NA,NA,NA,NA,NA,NA,NA,NA,NA,NA
2161,NA,NA,WY,2023-10-26,NA,NA,NA,NA,NA,NA,NA,NA,NA,NA,NA,NA,NA,NA,NA,NA,NA,NA,NA,NA
2162,0.684049118011993,0.468329525555218,WY,2023-10-27,1,1,1,0,1,1,1,1,1,1,1,1,1,0,1,0,1,1,1,1
2163,NA,NA,WY,2023-10-28,NA,NA,NA,NA,NA,NA,NA,NA,NA,NA,NA,NA,NA,NA,NA,NA,NA,NA,NA,NA
2164,NA,NA,WY,2023-10-29,NA,NA,NA,NA,NA,NA,NA,NA,NA,NA,NA,NA,NA,NA,NA,NA,NA,NA,NA,NA
2165,1.70317001321542,0.517583653931235,WY,2023-10-30,1,1,1,0,1,1,1,1,1,0,1,1,1,0,1,0,1,1,1,0
2166,NA,NA,WY,2023-10-31,NA,NA,NA,NA,NA,NA,NA,NA,NA,NA,NA,NA,NA,NA,NA,NA,NA,NA,NA,NA
2167,NA,NA,WY,2023-11-01,NA,NA,NA,NA,NA,NA,NA,NA,NA,NA,NA,NA,NA,NA,NA,NA,NA,NA,NA,NA
2168,NA,NA,WY,2023-11-02,NA,NA,NA,NA,NA,NA,NA,NA,NA,NA,NA,NA,NA,NA,NA,NA,NA,NA,NA,NA
2169,NA,NA,WY,2023-11-03,NA,NA,NA,NA,NA,NA,NA,NA,NA,NA,NA,NA,NA,NA,NA,NA,NA,NA,NA,NA
2170,NA,NA,WY,2023-11-04,NA,NA,NA,NA,NA,NA,NA,NA,NA,NA,NA,NA,NA,NA,NA,NA,NA,NA,NA,NA
2171,NA,NA,WY,2023-11-05,NA,NA,NA,NA,NA,NA,NA,NA,NA,NA,NA,NA,NA,NA,NA,NA,NA,NA,NA,NA
2172,NA,NA,WY,2023-11-06,NA,NA,NA,NA,NA,NA,NA,NA,NA,NA,NA,NA,NA,NA,NA,NA,NA,NA,NA,NA
2173,NA,NA,WY,2023-11-07,NA,NA,NA,NA,NA,NA,NA,NA,NA,NA,NA,NA,NA,NA,NA,NA,NA,NA,NA,NA
2174,NA,NA,WY,2023-11-08,NA,NA,NA,NA,NA,NA,NA,NA,NA,NA,NA,NA,NA,NA,NA,NA,NA,NA,NA,NA
2175,NA,NA,WY,2023-11-09,NA,NA,NA,NA,NA,NA,NA,NA,NA,NA,NA,NA,NA,NA,NA,NA,NA,NA,NA,NA
2176,NA,NA,WY,2023-11-10,NA,NA,NA,NA,NA,NA,NA,NA,NA,NA,NA,NA,NA,NA,NA,NA,NA,NA,NA,NA
2177,NA,NA,WY,2023-11-11,NA,NA,NA,NA,NA,NA,NA,NA,NA,NA,NA,NA,NA,NA,NA,NA,NA,NA,NA,NA
2178,NA,NA,WY,2023-11-12,NA,NA,NA,NA,NA,NA,NA,NA,NA,NA,NA,NA,NA,NA,NA,NA,NA,NA,NA,NA
2179,NA,NA,WY,2023-11-13,NA,NA,NA,NA,NA,NA,NA,NA,NA,NA,NA,NA,NA,NA,NA,NA,NA,NA,NA,NA
2180,NA,NA,WY,2023-11-14,NA,NA,NA,NA,NA,NA,NA,NA,NA,NA,NA,NA,NA,NA,NA,NA,NA,NA,NA,NA
2181,NA,NA,WY,2023-11-15,NA,NA,NA,NA,NA,NA,NA,NA,NA,NA,NA,NA,NA,NA,NA,NA,NA,NA,NA,NA
2182,NA,NA,WY,2023-11-16,NA,NA,NA,NA,NA,NA,NA,NA,NA,NA,NA,NA,NA,NA,NA,NA,NA,NA,NA,NA
2183,NA,NA,WY,2023-11-17,NA,NA,NA,NA,NA,NA,NA,NA,NA,NA,NA,NA,NA,NA,NA,NA,NA,NA,NA,NA
2184,NA,NA,WY,2023-11-18,NA,NA,NA,NA,NA,NA,NA,NA,NA,NA,NA,NA,NA,NA,NA,NA,NA,NA,NA,NA
