...1,es_score,brier_score,location,target_date,X22B_50_CI,X22E_50_CI,X22F_50_CI,X23A_50_CI,X23C_50_CI,other_50_CI,X22B_95_CI,X22E_95_CI,X22F_95_CI,X23A_95_CI,X23C_95_CI,other_95_CI
1,0.432564378010548,0.297498172163544,AK,2023-01-22,1,1,1,1,1,1,1,0,1,0,1,1
2,0.503727568201163,0.1532424336269175,AK,2023-01-23,1,1,1,1,1,1,1,0,0,1,1,1
3,1.27997618927136,0.2470053503668415,AK,2023-01-24,1,1,1,1,1,1,1,0,1,0,1,0
4,1.35482436270186,0.3406865413526925,AK,2023-01-25,1,1,1,1,1,0,1,0,0,0,1,0
5,2.1504717382922,0.1836989396095655,AK,2023-01-26,1,0,1,1,1,1,1,0,1,0,1,1
6,1.45377707813569,0.358021699440931,AK,2023-01-27,1,0,1,0,1,1,0,0,1,0,1,1
7,0.180268628860274,0.152012247861608,AK,2023-01-28,1,1,1,1,1,1,1,1,1,1,1,1
8,0.400829504725169,0.243130645184705,AK,2023-01-29,1,1,1,1,1,1,1,1,1,1,1,1
9,0.891881850998813,0.1509348275201445,AK,2023-01-30,1,0,1,1,1,1,1,1,1,1,1,1
10,1.71904060618068,0.3068500062058395,AK,2023-01-31,1,1,1,0,1,1,0,1,1,0,0,0
11,1.35224762322738,0.423642885462155,AK,2023-02-01,1,0,1,0,1,1,1,0,1,0,1,1
12,4.1803891294321,0.3317021064549885,AK,2023-02-02,1,0,1,0,1,1,1,0,0,0,0,1
13,1.29595224336149,0.4168369673174455,AK,2023-02-03,1,0,0,1,1,1,1,0,0,0,1,1
14,0.944336810778985,0.2651392180661575,AK,2023-02-04,1,1,1,1,1,1,1,0,1,0,1,0
15,2.07064438895039,0.42346817324088,AK,2023-02-05,1,0,1,0,1,1,0,1,1,0,1,1
16,9.48325080455817,0.4040210836644375,AK,2023-02-06,1,0,1,0,1,1,0,0,1,0,1,1
17,2.48303131276383,0.4209264482570635,AK,2023-02-07,1,0,1,0,0,1,1,0,1,0,1,1
18,2.68777746329887,0.386741063355012,AK,2023-02-08,1,0,0,0,1,1,1,0,0,0,0,1
19,0.346215891998593,0.283504445778303,AK,2023-02-09,1,1,1,1,1,1,0,0,1,1,1,1
20,5.08878314116519,0.4282103371066055,AK,2023-02-10,1,0,1,0,1,1,1,0,1,0,1,1
21,2.96584686765408,0.380952501993755,AK,2023-02-11,1,0,1,0,1,1,1,0,1,0,1,1
22,2.7290722113492,0.4314196644767395,AK,2023-02-12,1,0,1,0,1,1,1,0,1,0,0,1
23,3.04843994346811,0.352970634827073,AK,2023-02-13,1,0,1,0,1,1,0,0,1,0,1,0
24,1.75114678794112,0.334178341644696,AK,2023-02-14,1,1,1,0,1,1,1,0,1,0,1,0
25,1.16177824978459,0.314535683722533,AK,2023-02-15,1,1,1,0,1,1,1,0,1,0,1,1
26,4.94936294925736,0.4395806234252515,AK,2023-02-16,1,0,1,0,1,1,1,0,1,0,1,1
27,3.55425355947381,0.396887164196741,AK,2023-02-17,1,0,1,0,1,1,1,0,1,0,1,1
28,1.43875349035819,0.3644858287393025,AK,2023-02-18,1,1,1,0,1,1,1,0,1,0,1,1
29,0.340133984437863,0.2849999014665005,AK,2023-02-19,1,1,1,1,1,1,1,1,1,0,1,0
30,8.03415492821222,0.4056301568960315,AK,2023-02-20,1,0,1,0,1,1,1,0,1,0,1,1
31,4.18822289369463,0.410410672600665,AK,2023-02-21,1,0,1,0,1,1,0,0,1,0,1,1
32,NA,NA,AK,2023-02-22,NA,NA,NA,NA,NA,NA,NA,NA,NA,NA,NA,NA
33,2.59107265919919,0.4572174358781085,AK,2023-02-23,1,0,1,0,1,1,1,0,1,0,1,1
34,1.13464654045315,0.58884261069159,AK,2023-02-24,1,0,1,1,0,1,1,0,1,0,0,1
35,NA,NA,AK,2023-02-25,NA,NA,NA,NA,NA,NA,NA,NA,NA,NA,NA,NA
36,NA,NA,AK,2023-02-26,NA,NA,NA,NA,NA,NA,NA,NA,NA,NA,NA,NA
37,0.544715239835309,0.4677306525825145,AK,2023-02-27,1,1,1,1,1,1,1,1,1,1,1,1
38,NA,NA,AK,2023-02-28,NA,NA,NA,NA,NA,NA,NA,NA,NA,NA,NA,NA
39,NA,NA,AK,2023-03-01,NA,NA,NA,NA,NA,NA,NA,NA,NA,NA,NA,NA
40,NA,NA,AK,2023-03-02,NA,NA,NA,NA,NA,NA,NA,NA,NA,NA,NA,NA
41,NA,NA,AK,2023-03-03,NA,NA,NA,NA,NA,NA,NA,NA,NA,NA,NA,NA
42,NA,NA,AK,2023-03-04,NA,NA,NA,NA,NA,NA,NA,NA,NA,NA,NA,NA
43,NA,NA,AL,2023-01-22,NA,NA,NA,NA,NA,NA,NA,NA,NA,NA,NA,NA
44,0.165721405901383,0.1215728069439045,AL,2023-01-23,1,1,1,1,1,1,1,1,1,1,1,1
45,0.171087130145163,0.126156272369153,AL,2023-01-24,1,1,1,1,1,1,1,0,1,1,1,0
46,0.671133176098112,0.460750359562234,AL,2023-01-25,1,1,1,0,1,1,1,1,1,1,1,1
47,1.09004557297058,0.516043164402305,AL,2023-01-26,0,0,1,1,1,1,0,0,1,0,1,1
48,1.45754136798037,0.318347782131143,AL,2023-01-27,1,1,1,0,1,1,1,0,1,0,1,1
49,0.900215592374449,0.641046972023305,AL,2023-01-28,1,1,1,1,1,0,1,0,1,1,1,0
50,NA,NA,AL,2023-01-29,NA,NA,NA,NA,NA,NA,NA,NA,NA,NA,NA,NA
51,2.05834735245211,0.398016422448441,AL,2023-01-30,1,0,1,0,1,1,1,0,0,0,1,0
52,0.598918368713824,0.3852755704978975,AL,2023-01-31,1,1,1,1,1,1,1,1,1,0,1,0
53,NA,NA,AL,2023-02-01,NA,NA,NA,NA,NA,NA,NA,NA,NA,NA,NA,NA
54,1.04876334275597,0.373629018746996,AL,2023-02-02,1,1,1,1,1,1,0,0,1,1,1,1
55,NA,NA,AL,2023-02-03,NA,NA,NA,NA,NA,NA,NA,NA,NA,NA,NA,NA
56,0.536438710510147,0.3345546611153355,AL,2023-02-04,1,1,1,1,1,1,1,1,1,1,1,1
57,0.263900622730003,0.20859959773878,AL,2023-02-05,1,1,1,1,1,1,0,0,1,1,1,1
58,0.305142362648763,0.2637610494265105,AL,2023-02-06,1,1,1,1,1,1,1,1,1,1,1,1
59,0.285031476510103,0.227363116605169,AL,2023-02-07,1,1,1,1,1,1,1,1,1,1,1,1
60,2.39562740193024,0.2854942679142385,AL,2023-02-08,1,0,1,0,1,1,1,0,0,0,1,1
61,0.901647031050451,0.657423656301335,AL,2023-02-09,1,1,1,1,0,1,1,0,1,1,0,1
62,0.441539196339142,0.262104134795181,AL,2023-02-10,1,1,1,1,1,1,1,1,1,1,1,1
63,NA,NA,AL,2023-02-11,NA,NA,NA,NA,NA,NA,NA,NA,NA,NA,NA,NA
64,NA,NA,AL,2023-02-12,NA,NA,NA,NA,NA,NA,NA,NA,NA,NA,NA,NA
65,0.401497775789174,0.228996362234743,AL,2023-02-13,1,1,1,1,1,1,1,0,1,0,1,1
66,0.913217458536433,0.2185790597524445,AL,2023-02-14,1,1,1,0,1,1,1,0,1,0,1,1
67,1.4581679223392,0.2085060847295045,AL,2023-02-15,1,0,1,0,1,1,0,0,1,0,1,1
68,0.357961932520394,0.198796408985737,AL,2023-02-16,1,1,1,1,1,1,1,0,1,0,1,1
69,NA,NA,AL,2023-02-17,NA,NA,NA,NA,NA,NA,NA,NA,NA,NA,NA,NA
70,NA,NA,AL,2023-02-18,NA,NA,NA,NA,NA,NA,NA,NA,NA,NA,NA,NA
71,NA,NA,AL,2023-02-19,NA,NA,NA,NA,NA,NA,NA,NA,NA,NA,NA,NA
72,0.304876159626565,0.1639082031252515,AL,2023-02-20,1,1,1,1,1,1,1,0,1,0,1,1
73,0.290864357925399,0.1562353340072875,AL,2023-02-21,1,1,1,1,1,1,1,1,1,0,1,0
74,0.480862945941896,0.397416048519098,AL,2023-02-22,1,1,1,1,1,1,1,1,1,1,1,1
75,0.263217571729106,0.14220401136721,AL,2023-02-23,1,1,1,1,1,1,1,1,1,1,1,1
76,0.848904422795401,0.4094373207475535,AL,2023-02-24,1,1,1,1,1,0,1,0,1,0,1,0
77,0.916950207732648,0.685863438157255,AL,2023-02-25,1,1,1,1,1,0,1,1,1,0,1,0
78,NA,NA,AL,2023-02-26,NA,NA,NA,NA,NA,NA,NA,NA,NA,NA,NA,NA
79,0.22108032911002,0.119459926453939,AL,2023-02-27,1,1,1,1,1,1,1,1,1,1,1,1
80,NA,NA,AL,2023-02-28,NA,NA,NA,NA,NA,NA,NA,NA,NA,NA,NA,NA
81,NA,NA,AL,2023-03-01,NA,NA,NA,NA,NA,NA,NA,NA,NA,NA,NA,NA
82,0.51685214770354,0.1070041409257345,AL,2023-03-02,1,1,1,1,1,1,1,1,1,1,1,1
83,0.36419723269332,0.29771056637869,AL,2023-03-03,1,1,1,1,1,1,1,1,1,1,1,1
84,NA,NA,AL,2023-03-04,NA,NA,NA,NA,NA,NA,NA,NA,NA,NA,NA,NA
85,1.34206181298424,0.2140545448859925,AR,2023-01-22,1,1,1,0,1,1,1,0,1,0,1,0
86,3.85785146048705,0.2533488714387125,AR,2023-01-23,1,1,1,0,1,0,0,0,1,0,1,0
87,4.97476098688143,0.3553124341368085,AR,2023-01-24,0,0,1,0,1,1,1,0,1,0,1,1
88,3.10363905720452,0.3336140866580755,AR,2023-01-25,1,0,1,0,1,1,1,0,1,0,1,0
89,2.78278318565774,0.2448868940581545,AR,2023-01-26,0,1,1,0,0,1,0,0,1,0,0,0
90,3.49251640016941,0.384242027110041,AR,2023-01-27,1,0,1,0,0,1,1,0,1,0,0,0
91,0.680630831251354,0.266728449259178,AR,2023-01-28,1,1,1,0,1,1,1,1,1,0,1,0
92,1.53972203748135,0.3766776987445075,AR,2023-01-29,1,1,1,0,1,1,1,0,1,0,1,1
93,15.4785351253476,0.5359567128067,AR,2023-01-30,0,0,1,0,1,0,0,0,1,0,0,0
94,0.632528040484028,0.1771832581593665,AR,2023-01-31,1,1,1,1,1,1,1,0,1,0,1,1
95,3.22620196980122,0.51204534212426,AR,2023-02-01,1,0,1,0,1,1,1,0,1,0,1,0
96,0.643701390998611,0.26366823635732,AR,2023-02-02,1,1,1,0,1,1,1,0,1,0,1,0
97,1.23611384854406,0.263032515509024,AR,2023-02-03,1,1,1,0,1,1,1,0,0,0,1,1
98,1.69986547953894,0.4771181273700025,AR,2023-02-04,1,0,1,0,1,1,1,0,1,0,1,1
99,0.981875720057831,0.68841228763828,AR,2023-02-05,1,1,1,0,1,1,1,0,1,0,1,1
100,7.33801407984486,0.56891607805808,AR,2023-02-06,1,0,1,0,1,1,0,0,1,0,1,1
101,5.2587089513296,0.57142382654351,AR,2023-02-07,1,0,1,0,0,1,0,0,1,0,0,0
102,1.45473639920207,0.3644388437745,AR,2023-02-08,1,0,1,0,1,1,0,0,1,0,1,1
103,1.23503859487659,0.3003500039152695,AR,2023-02-09,1,1,1,0,1,1,1,0,1,0,1,1
104,6.61695066736136,0.495345102588387,AR,2023-02-10,0,0,1,0,1,1,0,0,1,0,1,0
105,NA,NA,AR,2023-02-11,NA,NA,NA,NA,NA,NA,NA,NA,NA,NA,NA,NA
106,0.0773902349473224,0.0565962846683,AR,2023-02-12,1,1,1,1,1,1,1,1,1,1,1,1
107,2.82816090447032,0.541601793614315,AR,2023-02-13,0,0,1,1,1,1,0,0,1,0,1,1
108,6.43240082270363,0.59401280169618,AR,2023-02-14,0,0,1,0,1,1,0,0,1,0,1,0
109,4.11692155547619,0.4748623654428945,AR,2023-02-15,1,0,1,0,1,1,1,0,1,0,0,0
110,5.02417085403983,0.4911459531393825,AR,2023-02-16,1,0,1,0,1,1,0,0,1,0,1,1
111,4.62283710559435,0.626478662037595,AR,2023-02-17,1,0,1,0,1,1,1,0,1,0,1,1
112,0.590276610694495,0.34435741359378,AR,2023-02-18,1,1,1,1,1,1,1,1,1,1,1,1
113,1.71281580852214,0.611519604273525,AR,2023-02-19,1,0,1,0,1,1,1,1,1,1,1,1
114,2.06981746128073,0.4327019197027135,AR,2023-02-20,1,0,1,0,1,1,0,0,1,0,1,1
115,9.98325289497634,0.524750104956255,AR,2023-02-21,0,0,1,0,0,1,0,0,1,0,0,1
116,2.97860522252441,0.3884296914031435,AR,2023-02-22,1,0,1,0,1,1,0,0,1,0,1,1
117,4.36698862252399,0.454200919811865,AR,2023-02-23,1,0,1,0,1,1,1,0,1,0,1,1
118,4.28590915349688,0.4479549729912545,AR,2023-02-24,1,0,1,0,1,1,1,0,1,0,1,1
119,NA,NA,AR,2023-02-25,NA,NA,NA,NA,NA,NA,NA,NA,NA,NA,NA,NA
120,1.11768858399407,0.3977017025334945,AR,2023-02-26,1,1,1,0,1,1,1,0,1,0,1,1
121,4.47999376638847,0.374487085677188,AR,2023-02-27,1,0,1,0,1,1,0,1,1,1,1,0
122,2.36107913345453,0.565760115426595,AR,2023-02-28,1,0,1,0,1,0,0,0,1,0,1,0
123,3.75003896545662,0.511112450739615,AR,2023-03-01,1,0,1,0,1,1,1,0,1,0,1,1
124,1.33671190487873,0.49866942766134,AR,2023-03-02,1,0,1,0,1,1,1,0,1,0,1,1
125,0.609846590881151,0.4858339505538825,AR,2023-03-03,1,1,1,0,1,1,1,0,1,0,1,1
126,NA,NA,AR,2023-03-04,NA,NA,NA,NA,NA,NA,NA,NA,NA,NA,NA,NA
127,0.780055197577072,0.540004493100915,AZ,2023-01-22,1,1,1,0,1,1,1,0,1,0,1,1
128,14.0430422171106,0.411901504852423,AZ,2023-01-23,1,0,1,0,1,1,0,0,0,0,1,0
129,2.16036984045497,0.3861796225736,AZ,2023-01-24,1,0,1,1,1,1,0,0,1,0,1,0
130,2.97734564792234,0.381065544951985,AZ,2023-01-25,1,0,0,0,1,1,0,0,0,0,1,1
131,1.30378269946478,0.3183260783641005,AZ,2023-01-26,1,1,1,1,0,1,0,0,0,0,0,0
132,3.46860619327983,0.394545062114293,AZ,2023-01-27,1,0,1,0,1,1,0,0,0,0,1,0
133,0.949784392485392,0.355857980601902,AZ,2023-01-28,1,1,1,1,1,1,1,0,0,0,1,1
134,1.23067263664745,0.3140322904441855,AZ,2023-01-29,1,1,1,1,1,1,0,0,1,0,1,1
135,15.2146136347943,0.355158388774371,AZ,2023-01-30,1,0,1,0,1,0,0,0,0,0,1,0
136,14.5458247179173,0.4091332022000195,AZ,2023-01-31,0,0,1,0,1,0,0,0,0,0,0,0
137,8.26123842729064,0.3633171549902785,AZ,2023-02-01,0,0,1,0,1,0,0,0,1,0,1,0
138,6.15291574937938,0.350428251319878,AZ,2023-02-02,1,0,1,0,1,1,0,0,0,0,1,1
139,4.09391515179011,0.358944903887321,AZ,2023-02-03,1,0,1,0,0,1,1,0,0,0,0,0
140,0.838260294719373,0.2728118403785705,AZ,2023-02-04,1,1,1,1,1,1,1,1,1,0,1,0
141,6.63598581500855,0.296604138491498,AZ,2023-02-05,1,0,1,0,1,1,0,0,0,0,0,0
142,7.06438241962074,0.3030700997021235,AZ,2023-02-06,1,0,1,0,1,1,0,0,1,0,0,1
143,3.75675849905229,0.2996463084031,AZ,2023-02-07,1,0,1,0,1,1,0,0,0,0,1,1
144,7.97349183015552,0.2521124100912125,AZ,2023-02-08,1,0,1,0,1,1,0,0,0,0,1,1
145,2.53732546203215,0.231903528563722,AZ,2023-02-09,1,0,1,0,1,1,1,0,1,0,1,0
146,0.803785241104426,0.2970603912311195,AZ,2023-02-10,1,1,1,1,1,1,1,0,1,0,0,1
147,1.65252581299512,0.2181041820434555,AZ,2023-02-11,1,1,1,0,1,1,1,0,0,0,1,1
148,4.64816122929282,0.2916992765251865,AZ,2023-02-12,1,0,0,0,1,1,0,0,1,0,1,0
149,6.16503215214593,0.242049196458605,AZ,2023-02-13,0,1,1,0,1,1,0,0,0,0,1,0
150,3.85098480790933,0.1918619573964115,AZ,2023-02-14,1,0,1,0,1,1,1,0,0,0,1,0
151,1.75811809300836,0.250023527947036,AZ,2023-02-15,1,0,0,1,1,1,1,0,0,0,1,1
152,2.18028099106219,0.2191449442767525,AZ,2023-02-16,1,0,1,0,1,1,1,0,0,0,1,1
153,2.34747545300591,0.202337540836398,AZ,2023-02-17,1,0,1,0,1,1,1,0,0,0,1,1
154,0.950700026094596,0.1950154740976705,AZ,2023-02-18,1,1,1,1,1,1,1,0,1,0,1,1
155,2.15491112335382,0.283300284886961,AZ,2023-02-19,1,0,1,1,0,1,1,0,0,0,0,0
156,5.40410895956534,0.1779357420590045,AZ,2023-02-20,1,1,0,0,1,1,0,0,0,0,1,0
157,1.0967206195151,0.1605593580645535,AZ,2023-02-21,1,1,1,1,1,1,1,1,0,0,1,1
158,0.960755239068458,0.2328866030719615,AZ,2023-02-22,1,1,1,1,1,1,1,0,1,0,1,0
159,0.86886575980725,0.1086994814890055,AZ,2023-02-23,1,1,1,1,1,1,1,1,0,0,0,1
160,0.801288730694244,0.1777800049661735,AZ,2023-02-24,0,1,1,1,1,1,0,0,1,0,0,1
161,1.20610052175839,0.2856060116813005,AZ,2023-02-25,1,1,0,1,1,0,1,1,0,0,1,0
162,1.20758920835917,0.158060030566214,AZ,2023-02-26,1,1,1,1,1,0,1,0,0,0,1,0
163,4.1902228477097,0.11326136569246,AZ,2023-02-27,1,0,0,0,1,1,1,0,1,0,1,1
164,1.95839951067449,0.088067785442516,AZ,2023-02-28,1,1,1,0,1,1,1,0,0,0,1,1
165,1.92403525672845,0.1873687955892185,AZ,2023-03-01,1,1,1,1,0,1,0,0,0,0,0,0
166,1.57844526310599,0.206542141424224,AZ,2023-03-02,1,1,1,0,0,0,1,0,1,0,0,1
167,3.16818800693413,0.364348871718974,AZ,2023-03-03,1,1,0,0,1,1,1,1,0,0,1,0
168,4.4208723713077704,0.4058050182864335,AZ,2023-03-04,1,0,0,0,1,0,1,0,0,0,1,0
169,17.0194222528148,0.3281010661741045,CA,2023-01-22,1,0,1,0,1,1,0,0,0,0,0,1
170,31.5436372552625,0.3423527379578085,CA,2023-01-23,1,0,0,0,0,0,0,0,0,0,0,0
171,16.9866462194226,0.2874913664254725,CA,2023-01-24,0,0,0,0,1,0,0,0,1,0,0,0
172,20.8943003097499,0.341588744798323,CA,2023-01-25,1,0,1,0,1,1,0,0,0,0,0,0
173,28.5521224095926,0.3469492901983505,CA,2023-01-26,0,0,1,0,1,1,0,0,0,0,1,0
174,22.1660490725261,0.368017851699658,CA,2023-01-27,1,0,1,0,0,0,0,0,1,0,0,1
175,27.9573788616957,0.370188123898199,CA,2023-01-28,1,0,1,0,0,0,0,0,0,0,0,0
176,25.4613489198104,0.3852899221802915,CA,2023-01-29,0,0,1,0,1,1,1,0,0,0,0,0
177,9.80331192713653,0.3190790130851265,CA,2023-01-30,0,0,1,0,1,1,0,0,0,0,0,0
178,13.7253880593397,0.336918435792214,CA,2023-01-31,0,0,0,0,1,1,1,0,0,0,0,0
179,20.8409139256992,0.335183524654697,CA,2023-02-01,0,0,0,0,1,1,0,0,0,0,0,0
180,51.530809525387,0.376905369271975,CA,2023-02-02,1,0,1,0,1,1,1,0,0,0,0,0
181,40.2684579818592,0.3664959701919,CA,2023-02-03,0,0,1,0,1,1,0,0,0,0,1,0
182,30.6857121227282,0.3543087504859275,CA,2023-02-04,1,0,1,0,1,1,0,0,0,0,0,0
183,44.7049751836508,0.3344575280657415,CA,2023-02-05,0,0,1,0,0,0,0,0,0,0,0,0
184,51.5310889999801,0.3228509073278015,CA,2023-02-06,0,0,1,0,0,0,0,0,0,0,0,0
185,30.6682552699963,0.333603652045749,CA,2023-02-07,0,0,0,0,1,0,0,0,0,0,0,0
186,60.0794815414259,0.320844101770645,CA,2023-02-08,0,0,1,0,1,0,0,0,0,0,1,0
187,52.8181644895365,0.3047154233045935,CA,2023-02-09,0,0,0,0,1,1,0,0,0,0,0,0
188,41.1015510111517,0.3212716094730115,CA,2023-02-10,1,0,1,0,1,1,0,0,1,0,0,0
189,11.2133283567196,0.3050566693391585,CA,2023-02-11,1,0,1,0,1,1,0,0,0,0,0,0
190,57.0865446862843,0.28696955987419,CA,2023-02-12,0,0,0,0,1,0,0,0,0,0,1,0
191,53.1477113760533,0.27002983838903,CA,2023-02-13,0,0,0,0,1,0,0,0,0,0,1,1
192,31.4943080907315,0.2551758996547675,CA,2023-02-14,0,0,1,0,1,0,0,0,0,0,0,0
193,64.9078548582425,0.2698064101774585,CA,2023-02-15,0,0,0,0,0,0,0,0,0,0,0,1
194,59.1795032614134,0.26534254318033,CA,2023-02-16,0,0,0,0,0,0,0,0,0,0,0,0
195,18.0493517878741,0.258468023446356,CA,2023-02-17,0,0,1,0,0,1,1,0,1,0,0,0
196,13.0009212227806,0.247420540926368,CA,2023-02-18,1,0,1,0,1,1,0,0,1,0,0,0
197,10.8176480068591,0.2352127441372995,CA,2023-02-19,1,0,0,0,1,1,1,0,0,0,0,0
198,20.5920735515355,0.2068632239273195,CA,2023-02-20,0,0,0,0,1,1,0,0,0,0,1,0
199,14.4608450479128,0.216857918358247,CA,2023-02-21,0,0,1,0,1,1,0,0,0,0,1,0
200,32.3965459251924,0.218229689704594,CA,2023-02-22,1,0,1,0,1,1,0,0,0,0,0,1
201,43.1297654546699,0.218232476254706,CA,2023-02-23,0,0,0,0,1,0,0,0,0,0,0,0
202,47.2104985036374,0.175952115493835,CA,2023-02-24,0,0,0,0,0,1,0,0,0,0,1,0
203,6.66624037038051,0.2429940424921285,CA,2023-02-25,1,0,1,0,1,0,0,0,0,0,1,1
204,6.61332128350848,0.174061519556615,CA,2023-02-26,1,0,1,0,1,1,1,0,1,0,1,0
205,7.3382727392992,0.1905658510424165,CA,2023-02-27,0,1,0,0,1,1,0,0,1,0,0,0
206,13.0181519074556,0.181465721385469,CA,2023-02-28,0,0,0,0,0,1,0,0,1,0,0,0
207,26.4652177064804,0.1733803256392465,CA,2023-03-01,0,0,1,0,0,0,0,0,0,0,0,0
208,26.2557046734166,0.159160408191803,CA,2023-03-02,0,0,0,0,1,1,0,0,0,0,0,0
209,20.8488217347857,0.1664513339680925,CA,2023-03-03,1,0,0,0,1,1,0,0,0,0,0,1
210,21.7016258261445,0.1550913020802975,CA,2023-03-04,1,0,1,0,1,0,0,0,0,0,0,0
211,NA,NA,CO,2023-01-22,NA,NA,NA,NA,NA,NA,NA,NA,NA,NA,NA,NA
212,3.63075881774666,0.37006520299469853,CO,2023-01-23,1,0,1,0,1,1,0,0,0,0,1,0
213,0.719933814044441,0.342155697880408,CO,2023-01-24,1,1,1,1,1,0,0,0,1,1,1,0
214,4.51741934169193,0.4174401873035425,CO,2023-01-25,1,0,0,0,1,1,0,0,0,0,1,0
215,0.865442989554168,0.3502983331091045,CO,2023-01-26,1,1,1,1,1,1,1,0,1,0,1,1
216,4.73825690929191,0.3315929880093275,CO,2023-01-27,1,0,1,0,1,1,0,0,1,0,1,0
217,3.493871502261,0.3150805191470005,CO,2023-01-28,1,0,1,0,1,1,0,0,0,0,1,0
218,0.298952835246571,0.2733282615192765,CO,2023-01-29,1,1,1,1,1,1,1,1,1,1,1,1
219,5.70810083521669,0.3005237039246405,CO,2023-01-30,1,0,1,0,1,1,0,0,0,0,1,1
220,7.41754316779134,0.288101781742126,CO,2023-01-31,1,0,1,0,1,1,0,0,1,0,1,0
221,5.82902569151106,0.2683852620415185,CO,2023-02-01,0,0,1,0,1,1,0,0,0,0,1,1
222,1.49495168829417,0.3340856304292375,CO,2023-02-02,1,1,1,1,1,0,1,0,1,0,1,1
223,3.42897328899562,0.2808239631648065,CO,2023-02-03,1,0,0,0,1,1,0,0,0,0,1,1
224,0.502411336352225,0.265969390484247,CO,2023-02-04,1,1,1,1,1,1,1,0,1,0,1,1
225,1.70475020908751,0.199023508416146,CO,2023-02-05,1,0,1,0,1,1,1,0,1,0,1,1
226,2.83218934318926,0.2421204862771215,CO,2023-02-06,1,0,1,0,1,1,1,0,1,0,1,1
227,1.9089922715404,0.219486975130363,CO,2023-02-07,1,1,1,0,1,1,1,0,1,0,1,0
228,2.11066802327937,0.2806586688057675,CO,2023-02-08,1,0,1,1,0,1,0,0,1,0,0,0
229,0.198741058134402,0.139565457226669,CO,2023-02-09,1,1,1,1,1,1,1,1,1,1,1,1
230,0.95077029895748,0.178575330557741,CO,2023-02-10,1,1,1,0,1,1,1,0,1,0,1,0
231,0.396612412870076,0.2009069066104245,CO,2023-02-11,1,1,1,1,1,1,1,1,1,1,1,1
232,1.05526073224163,0.1035370463784095,CO,2023-02-12,1,1,1,0,1,1,1,0,1,0,1,1
233,1.99843814513785,0.2145745529343125,CO,2023-02-13,1,0,0,1,1,1,0,0,0,0,1,1
234,1.33850435786898,0.1326805731330615,CO,2023-02-14,1,1,1,0,1,1,1,0,1,0,1,0
235,0.554788333684124,0.153496441300764,CO,2023-02-15,1,1,1,1,1,1,1,1,1,1,1,1
236,2.60447544316302,0.1361305839198185,CO,2023-02-16,1,0,1,0,0,1,0,1,0,0,0,1
237,0.828522478120897,0.193647514762907,CO,2023-02-17,0,1,1,1,1,1,0,0,1,1,1,1
238,0.670173468556953,0.1225993669752235,CO,2023-02-18,1,1,1,1,1,1,1,0,1,0,1,1
239,0.352574384352796,0.192672907192343,CO,2023-02-19,1,1,1,1,1,1,1,1,1,0,1,0
240,0.66289116011257,0.1429598331622325,CO,2023-02-20,1,1,1,1,1,1,1,1,1,1,1,1
241,1.61258122013019,0.076424360039269,CO,2023-02-21,1,1,1,0,1,1,1,1,1,1,1,1
242,0.902596375914084,0.1603420498666235,CO,2023-02-22,1,1,0,1,1,1,1,1,0,0,1,1
243,0.635246107203217,0.0289225463343478,CO,2023-02-23,1,1,1,1,1,1,1,0,1,0,1,1
244,1.03007773687573,0.02554209633428175,CO,2023-02-24,1,1,1,0,1,1,1,1,1,1,1,1
245,0.283508063259393,0.0225498433902081,CO,2023-02-25,1,1,1,1,1,1,1,1,1,0,1,0
246,0.251858751851906,0.0199082264152061,CO,2023-02-26,1,1,1,1,1,1,1,1,1,1,1,1
247,0.640410601631459,0.067486405870601,CO,2023-02-27,1,1,1,1,1,1,1,0,1,0,0,1
248,1.05860074019352,0.1544034455754905,CO,2023-02-28,1,1,0,1,1,1,1,0,0,0,1,0
249,1.44972289250985,0.01374646817531795,CO,2023-03-01,1,1,1,0,1,1,1,0,1,0,1,1
250,0.442263963455783,0.01217900382300795,CO,2023-03-02,1,1,1,1,1,1,1,1,1,1,1,1
251,0.184340787704329,0.01081036926749825,CO,2023-03-03,1,1,1,1,1,1,1,1,1,0,1,0
252,1.06156802169665,0.2981159420522425,CO,2023-03-04,1,1,1,1,1,0,1,0,1,1,1,0
253,0.921432870763351,0.192207607610637,CT,2023-01-22,1,1,1,1,1,1,0,0,1,0,1,0
254,3.12841352127147,0.0885545481992605,CT,2023-01-23,1,0,1,0,1,1,1,0,1,0,1,1
255,0.988567063667754,0.1997111106115975,CT,2023-01-24,1,1,1,1,0,1,1,0,1,0,0,1
256,0.802640613729501,0.1135054981479185,CT,2023-01-25,1,1,1,1,1,1,0,0,0,0,1,1
257,3.04431181453062,0.09195932923021,CT,2023-01-26,1,0,1,0,0,1,0,0,1,0,1,1
258,1.21613198256639,0.0939463406945715,CT,2023-01-27,1,1,1,0,1,1,1,0,1,0,1,0
259,0.928970481439023,0.04233953140145095,CT,2023-01-28,1,1,1,0,1,1,0,0,1,0,1,1
260,0.707683067552616,0.214060765353845,CT,2023-01-29,1,1,1,1,1,1,0,0,1,1,1,1
261,2.55075165856694,0.082064755482344,CT,2023-01-30,1,0,1,0,0,1,1,0,1,0,0,1
262,0.352801361283513,0.140571294005571,CT,2023-01-31,1,1,1,1,1,1,1,0,1,0,0,1
263,0.280014651888708,0.0320056444254036,CT,2023-02-01,1,1,1,1,1,1,1,1,0,0,1,1
264,0.355502532169732,0.162270604280277,CT,2023-02-02,1,1,1,1,1,1,1,0,1,0,1,1
265,0.896044086158498,0.079620645185105,CT,2023-02-03,1,1,1,1,1,1,0,0,1,0,1,1
266,0.384581654922036,0.111561919741328,CT,2023-02-04,1,1,1,1,1,1,1,0,1,1,1,0
267,1.32103153223899,0.254838422799644,CT,2023-02-05,1,1,1,1,0,0,1,1,0,0,0,0
268,0.588971641026534,0.02234186956816775,CT,2023-02-06,1,1,1,1,1,1,1,1,1,1,1,1
269,1.56820186481258,0.0207651976558366,CT,2023-02-07,1,0,1,0,1,1,1,0,1,0,1,1
270,0.943975616368868,0.1110969131051585,CT,2023-02-08,1,1,1,1,0,1,1,0,1,0,0,1
271,0.779172076900443,0.165722327256571,CT,2023-02-09,1,1,1,1,1,1,0,1,1,0,0,1
272,0.719938727759396,0.01663220402042025,CT,2023-02-10,1,1,1,1,1,1,1,0,1,0,1,1
273,0.455820162144952,0.015435074916589,CT,2023-02-11,1,1,1,1,1,1,1,0,1,0,1,1
274,0.0201693865059054,0.01431970078196115,CT,2023-02-12,1,1,1,1,1,1,1,1,1,1,1,1
275,0.951862051570047,0.0132813663711463,CT,2023-02-13,1,1,1,0,1,1,1,0,1,0,1,1
276,0.0181465944247898,0.01231559417369005,CT,2023-02-14,1,1,1,1,1,1,1,1,1,1,1,1
277,0.907521730394268,0.227806939268648,CT,2023-02-15,0,1,1,1,1,1,0,1,1,0,1,1
278,0.679639286913959,0.0576919164199935,CT,2023-02-16,1,1,1,1,1,1,1,0,1,0,1,1
279,0.806634571447093,0.106280304258941,CT,2023-02-17,1,1,1,1,0,1,1,0,0,0,0,1
280,0.229178695666075,0.0090961335723905,CT,2023-02-18,1,1,1,1,1,1,1,1,1,0,1,0
281,0.218067180983302,0.0084334087239245,CT,2023-02-19,1,1,1,1,1,1,1,1,1,1,1,1
282,0.27434230101035,0.00782067463941655,CT,2023-02-20,1,1,1,1,1,1,1,1,1,1,1,1
283,0.483222767920881,0.0072547984160779,CT,2023-02-21,1,1,1,1,1,1,1,0,1,0,1,1
284,0.185690840786904,0.00673280867784775,CT,2023-02-22,1,1,1,1,1,1,1,1,1,1,1,1
285,0.537757621005105,0.1275598303860225,CT,2023-02-23,1,1,1,1,1,1,1,1,1,1,1,1
286,0.925964802541907,0.1568505224027865,CT,2023-02-24,1,1,0,1,1,1,1,0,0,1,1,1
287,0.00834698541080221,0.00540276388288665,CT,2023-02-25,1,1,1,1,1,1,1,1,1,1,1,1
288,0.201299092736034,0.00502966797678665,CT,2023-02-26,1,1,1,1,1,1,0,0,1,0,1,1
289,0.856213540001103,0.134573073492781,CT,2023-02-27,1,1,1,1,1,0,1,0,1,1,1,0
290,0.79075688257595,0.0803794391309465,CT,2023-02-28,1,1,1,1,1,0,1,1,1,0,1,0
291,0.915957113297137,0.135601991401107,CT,2023-03-01,1,1,0,1,1,1,1,1,0,0,1,1
292,0.0540391641718015,0.00382986704806982,CT,2023-03-02,1,1,1,1,1,1,1,1,1,1,1,1
293,0.994703504106424,0.3001634901924695,CT,2023-03-03,1,0,1,0,1,1,1,0,1,0,1,1
294,0.0219820410186712,0.00337933984479613,CT,2023-03-04,1,1,1,1,1,1,1,1,1,1,1,1
295,0.607898053785626,0.2251893957826315,DC,2023-01-22,1,1,1,1,1,1,1,0,1,0,1,1
296,1.41949173926059,0.656988765018245,DC,2023-01-23,0,1,1,0,0,1,0,0,0,1,0,1
297,1.76936903575151,0.155661274998571,DC,2023-01-24,1,0,1,0,1,1,1,0,0,0,1,1
298,1.50534950192309,0.2411200214040825,DC,2023-01-25,1,1,1,0,1,0,0,0,0,0,0,0
299,0.663109327854601,0.2702225183342905,DC,2023-01-26,1,1,1,1,1,1,1,1,0,0,1,1
300,1.54500055032318,0.282012923064838,DC,2023-01-27,0,0,1,1,0,1,0,0,1,0,0,1
301,1.77654566832726,0.111837098963152,DC,2023-01-28,1,0,1,0,1,1,1,0,0,0,1,1
302,1.92294743156159,0.1409205366016345,DC,2023-01-29,1,1,1,0,1,1,0,0,1,0,1,1
303,0.953385339903465,0.09354967435647,DC,2023-01-30,1,1,1,0,1,1,1,0,1,0,1,1
304,1.01867450006984,0.202928813913637,DC,2023-01-31,1,1,1,1,1,1,0,0,0,0,1,1
305,2.15582109140549,0.1332890532429465,DC,2023-02-01,1,0,1,0,1,1,1,0,1,0,1,1
306,0.282120758214533,0.070430537181896,DC,2023-02-02,1,1,1,1,1,1,1,1,0,0,1,1
307,0.483436166532804,0.0638057706802485,DC,2023-02-03,1,1,1,1,1,1,1,0,1,0,1,1
308,0.443270529803315,0.057687261788565,DC,2023-02-04,1,1,1,1,1,1,1,0,1,0,1,1
309,0.599100848206477,0.052052041024496,DC,2023-02-05,1,1,1,1,1,1,1,0,1,0,1,1
310,0.581722244998095,0.04687614063056505,DC,2023-02-06,1,1,1,1,1,1,1,0,1,0,1,1
311,0.533537229983739,0.0421349202039003,DC,2023-02-07,1,1,1,1,1,1,1,0,1,0,1,0
312,0.828219564317869,0.1959718458330575,DC,2023-02-08,1,0,1,1,1,1,0,0,1,1,1,1
313,0.603241995518029,0.03385636994568375,DC,2023-02-09,1,1,1,1,1,1,1,1,0,0,1,1
314,0.843806482406089,0.1597483958978805,DC,2023-02-10,1,1,1,1,1,0,1,1,0,1,1,0
315,0.665124420028134,0.0270165417928664,DC,2023-02-11,1,1,1,1,1,1,1,0,1,0,0,1
316,0.797607688218628,0.2822488507564425,DC,2023-02-12,1,1,0,1,1,1,1,1,1,1,1,1
317,0.30577883017156,0.0214211423754424,DC,2023-02-13,1,1,1,1,1,1,1,0,1,0,1,1
318,0.786066047243058,0.019032305576415,DC,2023-02-14,1,1,1,0,1,1,1,0,1,0,1,1
319,1.55825439624908,0.263453578919049,DC,2023-02-15,1,1,1,0,0,0,1,0,0,0,0,0
320,0.783805275819599,0.181133412571644,DC,2023-02-16,0,1,1,1,1,1,0,1,1,0,1,1
321,0.136104896701763,0.01324575663735765,DC,2023-02-17,1,1,1,1,1,1,1,1,1,1,1,1
322,NA,NA,DC,2023-02-18,NA,NA,NA,NA,NA,NA,NA,NA,NA,NA,NA,NA
323,0.946934920344378,0.296189599035037,DC,2023-02-19,0,1,1,1,1,1,0,1,1,0,1,1
324,0.298908671712085,0.00913267877493235,DC,2023-02-20,1,1,1,1,1,1,1,1,0,0,1,1
325,0.555492219153901,0.1126978522119495,DC,2023-02-21,1,1,1,1,1,1,1,0,1,0,1,1
326,0.742792012016173,0.1171538695667115,DC,2023-02-22,0,1,1,1,1,1,0,1,1,0,1,1
327,0.238379051324198,0.00625986058102655,DC,2023-02-23,1,1,1,1,1,1,1,1,0,0,1,1
328,0.0680903641657821,0.00551604132449405,DC,2023-02-24,1,1,1,1,1,1,1,1,1,1,1,1
329,0.148602074394442,0.004860547975020635,DC,2023-02-25,1,1,1,1,1,1,1,1,0,0,1,1
330,2.31575318301517,0.2722284086066625,DC,2023-02-26,1,0,1,0,1,0,0,0,1,0,1,0
331,0.00646147103980038,0.00377671645404789,DC,2023-02-27,1,1,1,1,1,1,1,1,1,1,1,1
332,0.0060674711427635,0.003331659735756995,DC,2023-02-28,1,1,1,1,1,1,1,1,1,1,1,1
333,0.214873534968335,0.002941378527391085,DC,2023-03-01,1,1,1,1,1,1,1,1,0,0,1,1
334,1.73144710619944,0.309592883637313,DC,2023-03-02,1,0,1,0,1,0,1,0,1,0,1,0
335,0.015944464916597,0.00230012530640153,DC,2023-03-03,1,1,1,1,1,1,1,1,1,1,1,1
336,0.0842740608560704,0.00203827014179194,DC,2023-03-04,1,1,1,1,1,1,1,1,1,1,1,1
337,0.657126777071482,0.2247086194837095,DE,2023-01-22,1,1,1,1,1,1,1,0,1,0,1,1
338,2.60340350346172,0.175204442411885,DE,2023-01-23,1,0,1,0,1,1,0,0,1,0,1,1
339,1.05517923906299,0.160412713843361,DE,2023-01-24,1,1,1,0,1,1,1,1,1,1,1,1
340,0.762643375251149,0.195042237972011,DE,2023-01-25,1,1,1,1,1,1,1,0,1,0,1,1
341,1.68605669698567,0.225705509046269,DE,2023-01-26,1,0,1,0,1,1,0,0,1,0,1,1
342,1.26350348866385,0.1210715575530955,DE,2023-01-27,1,0,1,0,1,1,1,0,1,0,1,1
343,0.589955167278106,0.1787024820108445,DE,2023-01-28,1,1,1,1,1,1,1,0,1,0,1,1
344,0.762397537339623,0.099020724603632,DE,2023-01-29,1,1,1,1,1,1,1,0,1,0,1,1
345,0.879659166193113,0.3001205180958625,DE,2023-01-30,0,1,1,1,1,1,0,0,1,1,1,1
346,0.357942665147497,0.0801624746851045,DE,2023-01-31,1,1,1,1,1,1,1,1,0,0,1,1
347,0.597706126200107,0.0718630363450205,DE,2023-02-01,1,1,1,1,1,1,1,0,1,0,1,1
348,0.441942006803607,0.314024354624417,DE,2023-02-02,1,1,1,1,1,1,1,1,1,1,1,1
349,1.00670536959666,0.11595480059927,DE,2023-02-03,1,1,1,0,1,1,0,0,1,0,1,0
350,0.68560402743513,0.051071738494643,DE,2023-02-04,1,1,1,1,1,1,1,0,1,0,1,1
351,0.427389520837994,0.0453831511179276,DE,2023-02-05,1,1,1,1,1,1,1,0,1,0,1,1
352,NA,NA,DE,2023-02-06,NA,NA,NA,NA,NA,NA,NA,NA,NA,NA,NA,NA
353,0.0560992073678282,0.0356302498482849,DE,2023-02-07,1,1,1,1,1,1,1,1,1,1,1,1
354,1.42892086185861,0.03148657125740065,DE,2023-02-08,1,0,1,0,1,1,1,0,1,0,0,1
355,0.82957564773966,0.236512384315084,DE,2023-02-09,0,1,1,1,1,1,0,0,1,1,1,1
356,0.397797800553337,0.0244729884285478,DE,2023-02-10,1,1,1,1,1,1,1,1,1,1,1,1
357,1.9006522672403,0.3511118070856775,DE,2023-02-11,1,1,1,0,1,0,1,1,1,0,1,0
358,NA,NA,DE,2023-02-12,NA,NA,NA,NA,NA,NA,NA,NA,NA,NA,NA,NA
359,0.0937867562116969,0.0166057768085725,DE,2023-02-13,1,1,1,1,1,1,1,1,0,0,1,1
360,0.481658224558074,0.01456215321895695,DE,2023-02-14,1,1,1,1,1,1,0,1,1,0,1,1
361,1.91904595054858,0.53218348438254,DE,2023-02-15,1,0,1,0,1,1,1,0,1,0,1,1
362,1.49745061399917,0.0111744678280863,DE,2023-02-16,1,0,1,0,1,1,1,0,1,0,1,1
363,0.442626932905694,0.0718693063962745,DE,2023-02-17,1,1,1,1,1,1,1,0,1,0,1,1
364,0.0509064884188843,0.00856000565727505,DE,2023-02-18,1,1,1,1,1,1,0,1,1,0,1,1
365,0.809805811138299,0.284744623779976,DE,2023-02-19,1,0,1,1,1,1,1,0,1,0,1,1
366,0.189371582871865,0.0065553116180533,DE,2023-02-20,1,1,1,1,1,1,1,1,1,1,1,1
367,0.0716908028659451,0.00573869661015605,DE,2023-02-21,1,1,1,1,1,1,1,1,1,1,1,1
368,0.00868996048540045,0.00502639583372175,DE,2023-02-22,1,1,1,1,1,1,1,0,1,0,1,1
369,0.242490728426406,0.00440569460492155,DE,2023-02-23,1,1,1,1,1,1,1,0,1,0,1,1
370,0.0829511922373233,0.00386526786323698,DE,2023-02-24,1,1,1,1,1,1,1,0,1,0,1,1
371,0.0435998194434206,0.003395062230771595,DE,2023-02-25,1,1,1,1,1,1,1,1,1,1,1,1
372,0.00535004060784208,0.0029861813158327,DE,2023-02-26,1,1,1,1,1,1,1,1,1,1,1,1
373,0.00511997634674446,0.00263077572638372,DE,2023-02-27,1,1,1,1,1,1,1,1,1,1,1,1
374,0.59371031022148,0.0931598684669235,DE,2023-02-28,1,1,1,1,1,1,1,0,1,0,1,1
375,0.0936831437693966,0.00205360918499669,DE,2023-03-01,1,1,1,1,1,1,1,0,1,0,1,1
376,0.0263101576512466,0.00182047946640878,DE,2023-03-02,1,1,1,1,1,1,1,1,1,1,1,1
377,3.62224897413632,0.407857288891622,DE,2023-03-03,1,1,0,0,1,1,1,1,0,0,1,1
378,0.0210787321858832,0.001441867562192165,DE,2023-03-04,1,1,1,1,1,1,1,1,1,1,1,1
379,8.67580396968685,0.3664924778505705,FL,2023-01-22,1,0,0,0,1,1,0,0,0,0,0,0
380,37.6600858376916,0.33939691699476,FL,2023-01-23,0,0,1,0,1,0,0,0,0,0,0,0
381,20.1656010238207,0.3393798348932855,FL,2023-01-24,1,0,1,0,0,1,0,0,0,0,0,1
382,24.9108587938429,0.326495198600805,FL,2023-01-25,0,0,1,0,1,0,0,0,0,0,0,0
383,28.1323328343802,0.343824011310085,FL,2023-01-26,1,0,0,0,0,1,0,0,1,0,0,0
384,13.2163209070987,0.336193852492877,FL,2023-01-27,1,0,0,0,0,1,1,0,0,0,0,0
385,11.8803275035928,0.291944631388565,FL,2023-01-28,1,0,0,0,1,1,0,0,0,0,0,1
386,15.4184727228587,0.2934175958949815,FL,2023-01-29,1,0,1,0,1,1,0,0,0,0,1,0
387,9.75478210916102,0.296165347224234,FL,2023-01-30,1,0,1,0,0,1,0,0,0,0,0,1
388,3.5547359851024,0.2706974046396245,FL,2023-01-31,1,0,1,0,1,1,0,1,0,0,1,0
389,8.11506439843572,0.263027090854806,FL,2023-02-01,0,0,0,0,1,0,0,0,1,0,0,1
390,6.51328764203588,0.283109750871199,FL,2023-02-02,0,0,0,0,0,1,0,0,0,0,0,0
391,4.47638863307699,0.319690395819831,FL,2023-02-03,1,0,1,0,0,1,0,0,0,0,0,1
392,2.39911703563662,0.2555174447848435,FL,2023-02-04,1,1,0,0,1,1,1,0,0,0,1,0
393,3.6136105444438398,0.2827231470239415,FL,2023-02-05,1,0,1,0,0,1,0,0,0,0,0,0
394,17.0681983154502,0.233708764669986,FL,2023-02-06,1,0,0,0,0,1,0,0,0,0,1,1
395,24.4239195743347,0.2189859296267325,FL,2023-02-07,0,0,0,0,1,1,0,0,0,0,1,1
396,13.8491791956751,0.248791159352494,FL,2023-02-08,1,0,0,0,0,1,0,0,0,0,0,1
397,8.95953371071733,0.2310049671434445,FL,2023-02-09,0,0,0,0,1,1,0,0,0,0,0,0
398,13.5216215122722,0.2041928338235665,FL,2023-02-10,0,0,1,0,1,1,0,0,0,0,0,1
399,9.36927975273442,0.215739103994095,FL,2023-02-11,0,0,0,0,1,1,0,0,0,0,0,0
400,5.17249394538222,0.192916713392139,FL,2023-02-12,1,1,0,0,1,1,0,0,0,0,0,0
401,7.97095045427642,0.220585426289184,FL,2023-02-13,0,0,1,0,1,1,0,0,1,0,1,0
402,17.7152965698005,0.1855457464651605,FL,2023-02-14,1,0,0,0,1,1,0,0,0,0,0,0
403,12.3254890335807,0.180488176242795,FL,2023-02-15,1,0,1,0,1,1,1,0,0,0,1,0
404,13.9569865908481,0.181192844970587,FL,2023-02-16,1,0,0,0,1,1,0,0,0,0,0,0
405,11.3039276757965,0.180225082458512,FL,2023-02-17,1,0,1,0,0,0,0,0,0,0,0,0
406,11.854642913955,0.1509273901833805,FL,2023-02-18,1,0,0,0,1,0,0,0,0,0,0,0
407,6.46772785751574,0.155879177457573,FL,2023-02-19,1,0,0,0,1,1,0,0,0,0,0,1
408,15.2999484660152,0.15388425897205,FL,2023-02-20,1,0,1,0,0,1,0,0,0,0,0,0
409,8.16046068268958,0.1730337027348925,FL,2023-02-21,1,0,0,0,0,1,0,0,0,0,0,1
410,17.1243916985389,0.1363017726058445,FL,2023-02-22,1,0,1,0,1,1,0,0,0,0,0,0
411,15.9867565917645,0.133411277922436,FL,2023-02-23,0,0,0,0,1,1,0,0,1,0,1,0
412,11.987461755246,0.131259343280291,FL,2023-02-24,1,0,0,0,1,1,0,0,0,0,0,1
413,11.4718986056105,0.1090606645257305,FL,2023-02-25,0,0,0,0,1,0,0,0,0,0,0,0
414,11.1216383224379,0.1023237411116925,FL,2023-02-26,1,0,1,0,1,1,1,0,1,0,1,0
415,10.5222282663285,0.1400681589521375,FL,2023-02-27,0,0,1,0,1,1,0,0,0,0,0,0
416,14.5508387808056,0.11580258277098,FL,2023-02-28,1,0,1,0,1,1,0,0,1,0,1,0
417,9.10733086967905,0.146725313975485,FL,2023-03-01,1,0,1,0,0,0,1,0,0,0,0,0
418,9.60907649926524,0.1023227264342165,FL,2023-03-02,1,0,1,0,0,1,1,0,0,0,0,0
419,15.8365402386783,0.0949918750518365,FL,2023-03-03,0,0,1,0,0,1,0,0,0,0,0,1
420,6.05668158812574,0.110668040168136,FL,2023-03-04,1,0,1,0,1,1,0,0,0,0,1,1
421,2.36136786189439,0.350320793299981,GA,2023-01-22,1,0,1,0,0,1,0,0,1,0,0,0
422,14.8068988514278,0.4398114605602375,GA,2023-01-23,1,0,1,0,1,0,0,0,1,0,1,0
423,7.355278280994,0.3323859166712265,GA,2023-01-24,1,0,1,0,1,0,1,0,1,0,1,0
424,15.6981113401459,0.366217636058149,GA,2023-01-25,0,0,1,0,1,1,0,0,0,0,0,1
425,3.76742126149282,0.338955816698479,GA,2023-01-26,1,0,1,0,1,1,1,0,0,0,1,1
426,12.8931816393392,0.3824905408686125,GA,2023-01-27,0,0,1,0,1,1,0,0,1,0,0,1
427,2.34712140427826,0.347499279550077,GA,2023-01-28,1,0,0,1,1,1,0,1,0,0,1,1
428,5.79976397253442,0.3451253249070055,GA,2023-01-29,1,0,1,0,1,1,0,0,1,0,0,0
429,12.6831304993768,0.3634632525825185,GA,2023-01-30,0,0,1,0,1,1,0,0,1,0,1,0
430,4.73147228237419,0.352461402038114,GA,2023-01-31,0,0,0,1,0,0,0,0,0,0,0,0
431,9.82103979181908,0.3205231725066065,GA,2023-02-01,0,0,1,0,1,1,0,0,0,0,1,0
432,7.00050395130892,0.305561119716705,GA,2023-02-02,0,0,1,0,1,0,0,0,0,0,1,0
433,8.42766446067918,0.342919470317492,GA,2023-02-03,1,0,1,0,1,1,0,0,0,0,1,0
434,3.27870040512533,0.3365779788123245,GA,2023-02-04,0,0,1,0,1,1,0,0,1,0,0,1
435,2.80337161987657,0.2925198519555785,GA,2023-02-05,1,1,1,0,0,1,0,0,0,0,1,0
436,5.67644482767937,0.2913555141871415,GA,2023-02-06,1,0,1,0,1,0,0,0,1,0,0,0
437,7.54318114999954,0.319446918678446,GA,2023-02-07,1,0,1,0,0,1,0,0,0,0,0,1
438,9.54366782688891,0.290599641891507,GA,2023-02-08,0,0,1,0,1,1,0,0,0,0,0,1
439,9.49848243219329,0.281711477263606,GA,2023-02-09,1,0,1,0,1,1,0,0,0,0,0,0
440,15.2499962266921,0.2551832096311895,GA,2023-02-10,0,0,1,0,1,1,0,0,0,0,0,0
441,2.46315503661132,0.223503559280024,GA,2023-02-11,1,0,1,0,1,1,1,0,0,0,0,1
442,3.25515377649114,0.308267941183799,GA,2023-02-12,1,0,1,0,0,1,1,0,0,0,0,1
443,5.31265497714043,0.2001633207763085,GA,2023-02-13,1,0,1,0,1,1,1,0,0,0,1,0
444,3.46365811819308,0.2524389132519435,GA,2023-02-14,1,0,1,0,0,1,1,0,1,0,0,1
445,6.16628832940712,0.197215351289166,GA,2023-02-15,1,0,1,0,1,1,0,0,1,0,1,0
446,7.15671390536035,0.2094892846225045,GA,2023-02-16,1,0,1,0,1,1,0,0,0,0,1,0
447,3.34355571037463,0.242808523547999,GA,2023-02-17,1,0,1,0,0,1,0,0,1,0,0,1
448,0.651391407767679,0.289040257830383,GA,2023-02-18,1,1,1,1,1,1,1,0,1,0,1,1
449,2.74908897611618,0.1594437013767635,GA,2023-02-19,1,0,1,0,1,1,0,0,0,0,1,1
450,5.32883401833931,0.1474670910187045,GA,2023-02-20,1,0,0,0,1,1,0,0,0,0,1,1
451,1.38086629101698,0.2063517627086305,GA,2023-02-21,1,1,1,1,1,1,1,0,0,0,1,0
452,3.06871660790604,0.199422536263252,GA,2023-02-22,1,0,1,0,0,1,0,0,0,0,0,0
453,1.11122353510535,0.2132766309135595,GA,2023-02-23,1,1,1,1,0,1,1,0,1,0,0,0
454,0.876358119739456,0.2433386091159515,GA,2023-02-24,1,1,1,1,1,1,0,0,0,0,1,0
455,4.02456463011058,0.0516591294061655,GA,2023-02-25,1,0,1,0,1,1,1,0,0,0,1,1
456,0.868680441287556,0.1928496784300655,GA,2023-02-26,0,1,1,1,1,1,0,0,1,0,1,1
457,2.13022499417149,0.0968405341321255,GA,2023-02-27,1,0,1,0,1,1,1,0,0,0,0,0
458,0.94866781175279,0.1004013007042735,GA,2023-02-28,1,1,1,1,1,1,1,0,1,0,0,1
459,1.08189334811939,0.267171263195766,GA,2023-03-01,1,1,1,1,1,1,1,0,0,1,0,0
460,0.830724126267843,0.02843051313902985,GA,2023-03-02,1,1,1,0,1,1,1,0,1,0,1,0
461,0.731603621131311,0.095731255906416,GA,2023-03-03,1,1,1,1,1,1,1,0,1,0,1,1
462,0.434833153222695,0.143094803176065,GA,2023-03-04,1,1,1,1,1,1,1,0,0,1,1,1
463,NA,NA,HI,2023-01-22,NA,NA,NA,NA,NA,NA,NA,NA,NA,NA,NA,NA
464,NA,NA,HI,2023-01-23,NA,NA,NA,NA,NA,NA,NA,NA,NA,NA,NA,NA
465,0.807531047407744,0.3927153063668225,HI,2023-01-24,1,1,1,1,0,1,0,0,1,1,0,1
466,0.858532128464985,0.584489869858145,HI,2023-01-25,0,1,1,1,1,1,1,1,1,1,1,1
467,0.448634221402248,0.299207551027549,HI,2023-01-26,1,1,1,1,1,1,1,0,1,0,1,1
468,1.73263434639845,0.514016210557505,HI,2023-01-27,1,0,1,0,1,0,0,0,1,0,1,1
469,0.408580376277244,0.292988732643772,HI,2023-01-28,1,1,1,1,1,1,0,1,1,0,1,1
470,0.185647406292107,0.149144425311964,HI,2023-01-29,1,1,1,1,1,1,1,0,1,0,1,1
471,NA,NA,HI,2023-01-30,NA,NA,NA,NA,NA,NA,NA,NA,NA,NA,NA,NA
472,NA,NA,HI,2023-01-31,NA,NA,NA,NA,NA,NA,NA,NA,NA,NA,NA,NA
473,0.600348902303128,0.3915507026175585,HI,2023-02-01,1,1,1,1,1,1,1,1,1,1,1,1
474,0.584085616038108,0.378350819271443,HI,2023-02-02,1,1,1,1,1,1,1,1,1,1,1,1
475,0.884787413356852,0.625040984593615,HI,2023-02-03,1,1,1,1,0,1,1,0,1,1,0,1
476,NA,NA,HI,2023-02-04,NA,NA,NA,NA,NA,NA,NA,NA,NA,NA,NA,NA
477,NA,NA,HI,2023-02-05,NA,NA,NA,NA,NA,NA,NA,NA,NA,NA,NA,NA
478,1.82840060678635,0.325997881117887,HI,2023-02-06,1,0,1,0,1,1,1,1,1,0,1,0
479,0.508510962497229,0.3131603036231965,HI,2023-02-07,1,1,1,1,1,1,1,0,1,0,1,1
480,1.21667393595625,0.2431355596896055,HI,2023-02-08,1,0,1,1,1,1,0,0,1,1,1,1
481,1.26103056328237,0.254723683200872,HI,2023-02-09,1,0,1,1,1,1,1,0,1,0,1,1
482,0.851163099975824,0.60354444776648,HI,2023-02-10,1,1,1,1,0,1,1,0,1,1,0,1
483,NA,NA,HI,2023-02-11,NA,NA,NA,NA,NA,NA,NA,NA,NA,NA,NA,NA
484,NA,NA,HI,2023-02-12,NA,NA,NA,NA,NA,NA,NA,NA,NA,NA,NA,NA
485,0.409719716446353,0.2405552435668025,HI,2023-02-13,1,1,1,1,1,1,0,1,1,0,1,1
486,NA,NA,HI,2023-02-14,NA,NA,NA,NA,NA,NA,NA,NA,NA,NA,NA,NA
487,0.91183253985501,0.3310255043877475,HI,2023-02-15,1,0,1,1,1,1,1,0,1,0,1,1
488,0.882589302606973,0.208446872538086,HI,2023-02-16,1,1,1,0,1,1,0,0,1,0,1,1
489,0.352570158452344,0.198547235138372,HI,2023-02-17,1,1,1,1,1,1,1,0,1,0,1,1
490,0.356369188627396,0.1890859899140935,HI,2023-02-18,1,1,1,1,1,1,1,0,1,0,1,1
491,NA,NA,HI,2023-02-19,NA,NA,NA,NA,NA,NA,NA,NA,NA,NA,NA,NA
492,NA,NA,HI,2023-02-20,NA,NA,NA,NA,NA,NA,NA,NA,NA,NA,NA,NA
493,NA,NA,HI,2023-02-21,NA,NA,NA,NA,NA,NA,NA,NA,NA,NA,NA,NA
494,NA,NA,HI,2023-02-22,NA,NA,NA,NA,NA,NA,NA,NA,NA,NA,NA,NA
495,0.305302813703118,0.148886022826889,HI,2023-02-23,1,1,1,1,1,1,1,1,1,1,1,1
496,0.52746518140593,0.246147368210766,HI,2023-02-24,1,1,1,1,1,1,1,0,1,0,1,1
497,NA,NA,HI,2023-02-25,NA,NA,NA,NA,NA,NA,NA,NA,NA,NA,NA,NA
498,NA,NA,HI,2023-02-26,NA,NA,NA,NA,NA,NA,NA,NA,NA,NA,NA,NA
499,NA,NA,HI,2023-02-27,NA,NA,NA,NA,NA,NA,NA,NA,NA,NA,NA,NA
500,NA,NA,HI,2023-02-28,NA,NA,NA,NA,NA,NA,NA,NA,NA,NA,NA,NA
501,0.640840715895074,0.11703620692872,HI,2023-03-01,1,1,1,1,1,1,0,1,1,0,0,1
502,2.31445947543696,0.113435548470113,HI,2023-03-02,1,1,1,0,1,1,0,0,1,0,0,1
503,0.787460773816923,0.2169959839094665,HI,2023-03-03,1,1,1,1,1,1,1,0,1,0,1,1
504,1.0244788535422,0.107629176229576,HI,2023-03-04,1,1,1,0,1,1,1,0,1,0,1,1
505,0.670632451714732,0.363893135859191,IA,2023-01-22,1,1,1,0,1,1,0,0,1,1,1,1
506,2.85040918787157,0.3626682375688925,IA,2023-01-23,1,1,1,0,1,1,0,0,1,0,1,0
507,3.16652066784225,0.408838239403884,IA,2023-01-24,0,0,1,0,1,0,0,0,1,0,1,0
508,3.91913231955113,0.396409010292745,IA,2023-01-25,0,0,1,0,1,1,0,0,1,0,1,0
509,2.18717312504226,0.3524318187681325,IA,2023-01-26,0,1,1,0,1,1,0,0,1,0,1,0
510,1.83343709020812,0.327715165680155,IA,2023-01-27,0,1,1,0,1,1,0,0,1,0,1,1
511,0.829892793017611,0.401262441298913,IA,2023-01-28,1,1,0,1,1,1,1,1,0,0,1,1
512,2.26561025481504,0.310423612354907,IA,2023-01-29,0,1,1,0,1,1,0,1,1,0,1,0
513,6.33750346611411,0.372979887638602,IA,2023-01-30,0,0,1,0,1,1,0,1,1,0,1,1
514,3.53753955386084,0.3664630228976255,IA,2023-01-31,0,1,1,0,1,0,0,0,0,0,1,0
515,3.54310099856343,0.3644328047445925,IA,2023-02-01,1,0,1,0,1,1,1,0,1,0,1,0
516,3.8125611274347,0.409040423722247,IA,2023-02-02,1,0,0,0,1,1,0,0,0,0,1,0
517,4.41906192192443,0.4179139556939195,IA,2023-02-03,1,0,1,0,1,1,0,0,0,0,1,0
518,1.39447585750585,0.328707299824435,IA,2023-02-04,1,1,1,0,1,1,1,1,1,0,1,0
519,2.32033490995272,0.4248073840853255,IA,2023-02-05,1,0,1,0,1,1,1,0,0,0,1,0
520,7.80530025828865,0.389480998171316,IA,2023-02-06,1,0,1,0,1,1,0,0,0,0,1,0
521,5.85183927330134,0.333495792905184,IA,2023-02-07,0,0,1,0,1,1,0,1,1,0,0,0
522,6.19495841557719,0.41014522757817,IA,2023-02-08,1,0,1,0,0,1,1,0,1,0,0,0
523,3.2175890289627,0.381373749727461,IA,2023-02-09,0,0,0,0,1,0,0,0,0,0,1,0
524,3.08079059843509,0.309071174909634,IA,2023-02-10,1,1,1,0,1,1,1,0,1,0,1,0
525,4.28453932030995,0.33786346614549,IA,2023-02-11,1,0,1,0,1,1,0,0,1,0,1,0
526,5.3989143150774,0.3430912605090675,IA,2023-02-12,0,0,1,0,1,0,1,0,0,0,1,0
527,5.74386610180264,0.3197249699942415,IA,2023-02-13,0,0,1,0,1,1,0,0,0,0,1,0
528,8.48012597040214,0.300716769462242,IA,2023-02-14,0,0,1,0,1,1,0,0,1,0,1,0
529,5.58217960603349,0.294348624578164,IA,2023-02-15,0,0,1,0,1,1,0,0,1,0,1,0
530,2.36762684791063,0.3787420959193525,IA,2023-02-16,1,0,1,1,0,1,1,0,1,0,0,1
531,1.34330196922905,0.251308282769176,IA,2023-02-17,1,1,1,0,1,1,1,0,1,0,1,1
532,1.45200496178252,0.2971604620182925,IA,2023-02-18,1,0,1,1,1,1,0,0,1,0,1,0
533,1.75721714534496,0.203537695665824,IA,2023-02-19,1,1,1,0,1,1,1,1,1,0,1,0
534,5.65417911885042,0.225852038854291,IA,2023-02-20,0,0,1,0,1,1,1,0,0,0,1,1
535,4.51745380358437,0.2486491231090475,IA,2023-02-21,1,0,1,0,1,0,1,0,1,0,1,0
536,3.38065086626155,0.1807091312473205,IA,2023-02-22,1,0,1,0,1,1,1,0,1,0,1,0
537,5.31954143869781,0.2075779002020815,IA,2023-02-23,1,0,1,0,0,1,0,0,1,0,0,1
538,0.889347481620068,0.407646344692877,IA,2023-02-24,1,1,0,1,1,1,1,1,0,0,1,1
539,0.773805351988268,0.2940928997228185,IA,2023-02-25,1,1,1,1,1,1,1,0,1,0,1,1
540,0.979523227109752,0.200495306926783,IA,2023-02-26,1,1,1,1,1,1,1,0,1,0,1,1
541,2.24523680845712,0.178921398364392,IA,2023-02-27,1,0,0,0,1,1,0,1,0,1,1,1
542,2.60003291868729,0.0648355876482485,IA,2023-02-28,1,0,1,0,1,1,1,0,1,0,1,0
543,0.434618540856165,0.0566723367947875,IA,2023-03-01,1,1,1,1,1,1,1,1,1,1,1,1
544,1.02087712962519,0.149961650426749,IA,2023-03-02,1,1,1,1,1,0,1,1,1,0,1,0
545,2.14997105045329,0.3239095997537945,IA,2023-03-03,1,1,0,1,0,1,1,1,0,0,0,1
546,0.423980970044076,0.127142548008654,IA,2023-03-04,1,1,1,1,1,1,1,1,1,0,1,0
547,0.794405830709191,0.5925472415966,ID,2023-01-22,1,1,1,0,1,1,0,1,1,0,1,1
548,0.555269343153655,0.3378454300105965,ID,2023-01-23,1,1,1,1,1,1,1,0,1,0,1,1
549,0.149956248093047,0.0855670183803285,ID,2023-01-24,1,1,1,1,1,1,0,0,1,1,1,1
550,2.09450560002768,0.4590905636685845,ID,2023-01-25,1,0,1,0,1,1,0,0,1,0,1,1
551,NA,NA,ID,2023-01-26,NA,NA,NA,NA,NA,NA,NA,NA,NA,NA,NA,NA
552,NA,NA,ID,2023-01-27,NA,NA,NA,NA,NA,NA,NA,NA,NA,NA,NA,NA
553,NA,NA,ID,2023-01-28,NA,NA,NA,NA,NA,NA,NA,NA,NA,NA,NA,NA
554,NA,NA,ID,2023-01-29,NA,NA,NA,NA,NA,NA,NA,NA,NA,NA,NA,NA
555,0.727695552635815,0.57194520934296,ID,2023-01-30,1,1,1,0,1,1,1,1,0,0,1,1
556,0.152488949019815,0.0820671703493755,ID,2023-01-31,1,1,1,1,1,1,1,0,0,1,1,1
557,NA,NA,ID,2023-02-01,NA,NA,NA,NA,NA,NA,NA,NA,NA,NA,NA,NA
558,NA,NA,ID,2023-02-02,NA,NA,NA,NA,NA,NA,NA,NA,NA,NA,NA,NA
559,NA,NA,ID,2023-02-03,NA,NA,NA,NA,NA,NA,NA,NA,NA,NA,NA,NA
560,NA,NA,ID,2023-02-04,NA,NA,NA,NA,NA,NA,NA,NA,NA,NA,NA,NA
561,NA,NA,ID,2023-02-05,NA,NA,NA,NA,NA,NA,NA,NA,NA,NA,NA,NA
562,2.262960787013,0.56214788155684,ID,2023-02-06,1,0,1,0,1,1,1,0,1,0,1,1
563,0.782308139974334,0.4270184243818,ID,2023-02-07,1,1,1,1,1,1,1,0,1,0,1,1
564,1.43970832663962,0.560896628384355,ID,2023-02-08,1,0,1,0,1,1,1,0,1,0,1,1
565,0.673855056385753,0.56052937001232,ID,2023-02-09,1,1,1,0,1,1,1,1,1,1,1,1
566,0.67520434340564806,0.56033245230383,ID,2023-02-10,1,1,1,0,1,1,1,0,1,0,1,1
567,0.648618160806119,0.560303786973555,ID,2023-02-11,1,1,1,0,1,1,1,0,1,0,1,1
568,NA,NA,ID,2023-02-12,NA,NA,NA,NA,NA,NA,NA,NA,NA,NA,NA,NA
569,NA,NA,ID,2023-02-13,NA,NA,NA,NA,NA,NA,NA,NA,NA,NA,NA,NA
570,NA,NA,ID,2023-02-14,NA,NA,NA,NA,NA,NA,NA,NA,NA,NA,NA,NA
571,0.187267359652407,0.0737377059233855,ID,2023-02-15,1,1,1,1,1,1,1,1,1,1,1,1
572,NA,NA,ID,2023-02-16,NA,NA,NA,NA,NA,NA,NA,NA,NA,NA,NA,NA
573,NA,NA,ID,2023-02-17,NA,NA,NA,NA,NA,NA,NA,NA,NA,NA,NA,NA
574,NA,NA,ID,2023-02-18,NA,NA,NA,NA,NA,NA,NA,NA,NA,NA,NA,NA
575,0.592967230778005,0.565710202214675,ID,2023-02-19,1,1,1,1,1,1,1,0,1,0,1,1
576,3.62127399392632,0.5869595787072,ID,2023-02-20,1,0,1,0,1,1,0,0,0,0,1,1
577,1.52389754572718,0.443581309954039,ID,2023-02-21,1,0,1,0,1,1,1,0,1,0,1,1
578,0.665109145255165,0.319063341105203,ID,2023-02-22,1,1,1,1,1,1,1,0,1,0,1,1
579,2.81750038585106,0.596486898668645,ID,2023-02-23,1,0,1,0,1,1,0,0,1,0,1,1
580,0.566128455498129,0.57335101232725,ID,2023-02-24,1,1,1,1,1,1,1,1,1,1,1,1
581,NA,NA,ID,2023-02-25,NA,NA,NA,NA,NA,NA,NA,NA,NA,NA,NA,NA
582,NA,NA,ID,2023-02-26,NA,NA,NA,NA,NA,NA,NA,NA,NA,NA,NA,NA
583,0.56544106285379,0.57901780497024,ID,2023-02-27,1,1,1,1,1,1,1,1,1,1,1,1
584,0.553868496703535,0.581027289935135,ID,2023-02-28,1,1,1,1,1,1,1,0,1,0,1,1
585,NA,NA,ID,2023-03-01,NA,NA,NA,NA,NA,NA,NA,NA,NA,NA,NA,NA
586,1.18022962980282,0.585158002601825,ID,2023-03-02,1,0,1,0,1,1,1,0,1,0,1,1
587,NA,NA,ID,2023-03-03,NA,NA,NA,NA,NA,NA,NA,NA,NA,NA,NA,NA
588,NA,NA,ID,2023-03-04,NA,NA,NA,NA,NA,NA,NA,NA,NA,NA,NA,NA
589,15.3785877130483,0.4242274482019305,IL,2023-01-22,1,0,1,0,1,1,1,0,1,0,0,0
590,29.0008602917535,0.374440292991762,IL,2023-01-23,0,0,0,0,1,0,0,0,0,0,1,0
591,14.4940449878751,0.4000859533359325,IL,2023-01-24,0,0,0,0,1,0,0,0,0,0,1,0
592,12.586828722936099,0.385731167749645,IL,2023-01-25,1,0,1,0,1,0,0,0,0,0,0,0
593,8.93974056495238,0.329929409291981,IL,2023-01-26,1,0,0,0,1,0,0,0,0,0,0,0
594,10.394339519527,0.354709343742788,IL,2023-01-27,0,0,0,0,1,1,0,0,0,0,0,0
595,4.15827379667678,0.363225722246251,IL,2023-01-28,0,0,1,0,1,0,0,1,0,0,0,0
596,16.170823944599,0.4374259023075665,IL,2023-01-29,1,0,0,0,1,1,1,0,0,0,1,0
597,25.1393506795316,0.347598060697436,IL,2023-01-30,0,0,1,0,1,0,0,0,1,0,0,0
598,13.7165441192128,0.341013889637791,IL,2023-01-31,0,0,1,0,1,0,0,0,0,0,0,0
599,19.6457787503963,0.3569991180633955,IL,2023-02-01,0,0,1,0,1,0,0,0,0,0,0,0
600,11.4313178140519,0.3360782096637825,IL,2023-02-02,0,0,1,0,1,0,0,0,0,0,1,0
601,12.628360388151,0.337640564050611,IL,2023-02-03,0,0,1,0,1,1,0,0,0,0,0,1
602,10.7979655281513,0.3595355629820805,IL,2023-02-04,0,0,1,0,1,1,1,0,0,0,0,0
603,17.4521815377499,0.3341859660060735,IL,2023-02-05,1,0,1,0,1,1,0,0,0,0,0,0
604,24.2035507955152,0.326576666220853,IL,2023-02-06,0,0,0,0,0,0,0,0,0,0,0,0
605,19.7585165578639,0.31097870745119,IL,2023-02-07,0,0,1,0,0,1,0,0,0,0,0,0
606,9.56161540227966,0.296030787220453,IL,2023-02-08,0,0,1,0,1,0,0,0,0,0,0,0
607,6.33500461600606,0.287455225885897,IL,2023-02-09,0,1,1,0,0,1,0,0,1,0,0,0
608,23.0186508706489,0.259534138594052,IL,2023-02-10,0,0,1,0,1,0,0,0,0,0,0,0
609,12.451055353711,0.2573595518858255,IL,2023-02-11,0,0,1,0,1,1,0,0,0,0,0,0
610,13.1215696713305,0.238177042142675,IL,2023-02-12,0,0,1,0,0,0,1,0,0,0,0,1
611,17.6548167403952,0.2301231203358,IL,2023-02-13,0,0,0,0,0,0,0,0,0,0,0,0
612,16.8637478925486,0.226519285972907,IL,2023-02-14,0,0,0,0,1,1,0,0,0,0,0,0
613,15.2060331176935,0.232638878560373,IL,2023-02-15,0,0,1,0,0,0,0,0,0,0,0,0
614,7.59730644374276,0.2391764917062325,IL,2023-02-16,1,0,0,0,1,1,1,0,0,0,0,1
615,17.3082554324425,0.208896557937043,IL,2023-02-17,0,0,1,0,1,1,0,0,0,0,1,0
616,11.1503258461755,0.1952786648003015,IL,2023-02-18,0,0,0,0,1,1,1,0,0,0,0,1
617,11.3282203985411,0.186984347628562,IL,2023-02-19,0,0,0,0,1,1,0,0,1,0,0,0
618,17.4387675223993,0.1754049309420985,IL,2023-02-20,0,0,0,0,1,1,0,0,0,0,0,1
619,17.7084180580555,0.157956518779573,IL,2023-02-21,1,0,0,0,1,0,0,0,1,0,0,0
620,13.8717840331489,0.150963109043489,IL,2023-02-22,0,0,0,0,1,1,0,0,0,0,0,0
621,10.6795433986801,0.132684746160838,IL,2023-02-23,0,0,1,0,0,1,0,0,1,0,0,0
622,4.65205474687994,0.1649327187714555,IL,2023-02-24,1,0,1,0,1,1,1,0,0,0,0,0
623,3.8442921886315,0.1365306854561405,IL,2023-02-25,1,0,1,0,1,1,1,0,1,0,0,0
624,4.60181493582951,0.1583121746393995,IL,2023-02-26,1,0,1,0,1,1,0,0,0,0,0,1
625,7.86832333953599,0.124524664118988,IL,2023-02-27,0,0,0,0,0,0,1,0,0,0,0,0
626,4.27397574027303,0.158958165437607,IL,2023-02-28,1,1,0,0,0,1,0,1,1,0,0,0
627,8.39955912668863,0.1208170901810525,IL,2023-03-01,0,0,1,0,0,0,0,0,1,0,0,0
628,6.01447770474456,0.107196703443941,IL,2023-03-02,1,0,0,0,0,1,1,0,0,0,0,0
629,2.06421949440421,0.1777278327563595,IL,2023-03-03,0,1,1,1,1,1,0,0,0,0,0,0
630,2.01677485346337,0.1006045074748835,IL,2023-03-04,1,1,1,0,1,1,0,0,0,0,1,0
631,4.13131659934358,0.3982228809595875,IN,2023-01-22,0,0,1,0,1,1,0,0,1,0,1,1
632,3.51524434689304,0.297533825687693,IN,2023-01-23,1,1,1,0,1,0,0,0,0,0,1,0
633,3.45552543522155,0.337935870412395,IN,2023-01-24,1,0,1,0,1,1,1,0,0,0,1,0
634,2.18119760443219,0.3986265390536485,IN,2023-01-25,1,0,1,0,1,0,0,0,1,0,1,1
635,2.81482885358325,0.301807388604308,IN,2023-01-26,1,1,1,0,1,1,1,0,0,0,1,1
636,4.3691278712464,0.4485401336362615,IN,2023-01-27,1,0,1,0,1,1,1,0,1,0,1,0
637,8.6949939618034,0.4542143628685455,IN,2023-01-28,1,0,1,0,1,1,0,0,1,0,1,0
638,5.23789797910985,0.3429382275953425,IN,2023-01-29,1,0,1,0,1,1,0,0,1,0,1,0
639,6.06838522017957,0.36119939634512,IN,2023-01-30,0,0,1,0,1,0,0,0,1,0,0,0
640,6.21638592352955,0.393077085390859,IN,2023-01-31,1,0,1,0,0,1,0,0,1,0,0,0
641,3.03884357182084,0.293191615552217,IN,2023-02-01,1,1,1,0,1,1,1,0,1,0,1,0
642,1.88756306475355,0.2795473701913615,IN,2023-02-02,1,1,1,0,1,1,1,0,1,0,1,0
643,2.03018188068811,0.3431926048044635,IN,2023-02-03,1,0,1,0,1,1,1,0,1,0,1,1
644,0.542712355941891,0.2725991852218925,IN,2023-02-04,1,1,1,1,1,1,0,1,1,0,1,1
645,1.59402603146684,0.3258537307002375,IN,2023-02-05,1,1,0,1,1,1,0,0,0,0,1,0
646,11.20430148406,0.323591230608058,IN,2023-02-06,1,0,1,0,1,1,0,0,0,0,1,1
647,5.5344440270597,0.315977562021482,IN,2023-02-07,1,0,1,0,1,1,0,0,1,0,0,0
648,11.8269486791345,0.339538562839099,IN,2023-02-08,0,0,1,0,1,1,0,0,0,0,1,1
649,7.76953993147569,0.3212088526561355,IN,2023-02-09,1,0,1,0,1,1,1,0,1,0,1,0
650,5.48365340152854,0.302490690000166,IN,2023-02-10,1,0,1,0,0,1,1,0,1,0,0,1
651,4.58882680721728,0.275152571929668,IN,2023-02-11,1,0,1,0,1,1,0,0,1,0,1,1
652,4.50519307753101,0.356636823586982,IN,2023-02-12,0,0,1,0,1,1,0,0,1,0,1,0
653,5.68816215300931,0.255351507980401,IN,2023-02-13,1,0,1,0,1,1,0,0,1,0,1,0
654,5.62016395755539,0.245260486285784,IN,2023-02-14,1,0,1,0,1,1,1,0,1,0,1,1
655,3.93930122160332,0.293804733921831,IN,2023-02-15,1,0,1,0,1,1,0,0,1,0,1,0
656,7.55806204770377,0.2258626288200955,IN,2023-02-16,1,0,1,0,1,1,1,0,0,0,1,1
657,3.18131495556522,0.2517641737807985,IN,2023-02-17,1,0,1,0,1,1,0,0,1,1,1,1
658,0.59758766013951,0.2579122330492415,IN,2023-02-18,1,1,1,1,1,1,1,1,1,1,1,1
659,2.35624484104982,0.280064618522432,IN,2023-02-19,1,0,0,1,1,1,1,0,0,0,1,1
660,1.97762626267357,0.243189794483539,IN,2023-02-20,1,0,1,0,0,1,0,0,1,0,0,1
661,4.38725908324236,0.179825335363296,IN,2023-02-21,1,0,1,0,1,1,0,0,1,0,1,0
662,3.23923602108821,0.184488996780606,IN,2023-02-22,1,0,1,0,1,1,0,0,1,0,1,0
663,3.54264936687024,0.18942977963588,IN,2023-02-23,1,0,1,0,1,1,0,0,1,0,1,0
664,0.765971765815646,0.1733767766108465,IN,2023-02-24,1,1,1,1,1,1,1,0,1,0,1,1
665,0.6362421665059,0.237770209067839,IN,2023-02-25,1,1,1,1,1,1,1,0,1,0,1,1
666,1.29230332883586,0.1041593554752745,IN,2023-02-26,1,0,1,0,1,1,1,0,1,0,1,0
667,2.56605981739029,0.1985193955239315,IN,2023-02-27,1,0,1,0,1,1,0,0,1,0,1,0
668,2.45771241822165,0.147463935260743,IN,2023-02-28,1,0,1,0,1,0,1,0,1,0,1,0
669,1.44335044954794,0.1856809032334825,IN,2023-03-01,1,1,1,1,0,1,0,0,1,0,0,1
670,1.1766877892421,0.1876785473134605,IN,2023-03-02,1,0,1,1,1,0,1,0,1,0,1,0
671,2.69306355130432,0.067033905627657,IN,2023-03-03,1,0,1,0,1,1,1,0,1,0,1,0
672,1.77398633309039,0.061025885592033,IN,2023-03-04,1,0,1,0,1,1,1,0,1,0,1,1
673,0.447575302244911,0.304703828353068,KS,2023-01-22,1,1,1,1,1,1,0,0,1,1,1,1
674,3.42145407852788,0.3806507449338935,KS,2023-01-23,0,1,1,0,1,1,0,0,1,0,1,0
675,2.19084640134291,0.468369182773927,KS,2023-01-24,1,0,1,0,1,1,0,1,1,0,1,1
676,0.587190467264724,0.2680401474232185,KS,2023-01-25,1,1,1,1,1,1,0,1,1,0,1,1
677,1.13073504524214,0.3407162604920565,KS,2023-01-26,1,1,1,0,1,1,0,0,1,0,1,1
678,0.717023200259971,0.2280396943859315,KS,2023-01-27,1,1,1,1,1,1,0,1,1,0,1,1
679,0.717965664319896,0.50514274907585,KS,2023-01-28,0,1,1,1,1,1,0,1,1,0,1,1
680,0.710541156252955,0.525848547192255,KS,2023-01-29,1,1,1,0,1,1,1,0,1,0,1,1
681,1.46149142438832,0.51151642171508,KS,2023-01-30,1,0,1,0,1,1,1,0,1,0,1,1
682,0.824875570823019,0.354935299269164,KS,2023-01-31,1,1,1,1,1,1,0,0,1,1,1,1
683,NA,NA,KS,2023-02-01,NA,NA,NA,NA,NA,NA,NA,NA,NA,NA,NA,NA
684,0.920203888869186,0.65851574836807,KS,2023-02-02,1,1,0,1,1,1,1,0,0,1,1,1
685,1.11509518407916,0.55162294126064,KS,2023-02-03,1,1,0,1,1,1,1,0,0,1,1,1
686,1.25724909510151,0.4300451468310115,KS,2023-02-04,1,1,1,0,1,1,1,0,1,0,1,1
687,0.539836344449093,0.4119801380992095,KS,2023-02-05,1,1,1,1,1,1,1,1,1,0,1,0
688,0.364204265352118,0.2889002386242225,KS,2023-02-06,1,1,1,1,1,1,0,1,1,0,1,1
689,1.59347039729749,0.314697465542747,KS,2023-02-07,1,1,1,0,1,1,0,1,1,0,1,1
690,1.25369837962786,0.318104937694463,KS,2023-02-08,1,1,1,0,1,1,0,1,1,0,1,1
691,1.74832241791135,0.3124271644009585,KS,2023-02-09,1,1,1,0,1,1,0,0,1,0,1,1
692,0.736414102759508,0.3899278942808465,KS,2023-02-10,1,1,1,1,1,0,0,0,1,1,1,0
693,0.721370024476784,0.41283730306863903,KS,2023-02-11,1,1,1,1,1,1,0,1,1,0,1,1
694,0.978756735057908,0.2652393493477255,KS,2023-02-12,1,0,1,1,1,1,1,0,1,0,1,1
695,2.95710502016736,0.256663233863612,KS,2023-02-13,1,0,1,0,1,1,1,0,1,0,1,0
696,1.45959241509596,0.3425400868828905,KS,2023-02-14,1,0,1,1,0,1,1,0,1,1,0,1
697,0.305508899853832,0.2697580864222795,KS,2023-02-15,1,1,1,1,1,1,1,0,1,0,1,1
698,1.03123788273283,0.228398390323326,KS,2023-02-16,1,1,1,0,1,1,1,0,1,0,1,0
699,1.29501892270276,0.212492389194753,KS,2023-02-17,1,1,1,0,1,1,0,0,1,0,1,1
700,1.10857488352713,0.2868561174455205,KS,2023-02-18,1,1,1,1,1,0,1,0,1,0,1,0
701,1.2623683685069,0.1488624224574165,KS,2023-02-19,1,1,1,0,1,1,0,0,1,0,1,1
702,0.49421372588844,0.2089122433698835,KS,2023-02-20,1,1,1,1,1,1,1,1,1,1,1,1
703,0.723452189848848,0.1190505346537375,KS,2023-02-21,1,1,1,1,1,1,1,0,1,0,1,1
704,NA,NA,KS,2023-02-22,NA,NA,NA,NA,NA,NA,NA,NA,NA,NA,NA,NA
705,0.945363077499232,0.3026000613801105,KS,2023-02-23,1,0,1,1,1,1,1,0,1,0,1,1
706,0.106646424456502,0.0817924542588365,KS,2023-02-24,1,1,1,1,1,1,1,1,1,1,1,1
707,0.0946031797536206,0.0714194223715805,KS,2023-02-25,1,1,1,1,1,1,1,1,1,1,1,1
708,0.0845746095506178,0.062046183419908,KS,2023-02-26,1,1,1,1,1,1,1,0,1,0,1,1
709,0.607185940566793,0.053637829277295,KS,2023-02-27,1,1,1,1,1,1,1,1,1,0,1,0
710,1.14393242729117,0.0461483975333861,KS,2023-02-28,1,1,1,0,1,1,1,0,1,0,1,1
711,0.476127390948322,0.195971115312259,KS,2023-03-01,1,1,1,1,1,1,0,0,1,1,1,1
712,0.0501097583674975,0.03370138700580965,KS,2023-03-02,1,1,1,1,1,1,1,1,1,1,1,1
713,0.0419065136112579,0.0286179551812478,KS,2023-03-03,1,1,1,1,1,1,1,1,1,1,1,1
714,0.0339068166138441,0.02420620030701275,KS,2023-03-04,1,1,1,1,1,1,1,1,1,1,1,1
715,1.14743821096171,0.3820351714685575,KY,2023-01-22,1,1,1,0,1,1,0,1,1,0,1,1
716,1.27831988236968,0.285497427076442,KY,2023-01-23,1,1,1,1,0,1,0,0,1,1,0,0
717,1.83125730851523,0.251294849775027,KY,2023-01-24,0,1,1,0,1,1,1,0,1,0,1,0
718,3.56813251220889,0.351348807730053,KY,2023-01-25,1,0,1,0,1,1,0,0,1,0,1,0
719,0.676251004917044,0.262738242206253,KY,2023-01-26,1,1,1,1,1,1,0,0,1,0,1,1
720,1.47362844944685,0.293815190720679,KY,2023-01-27,1,1,1,0,1,1,0,0,1,0,1,1
721,1.2851217260222,0.3216634248263315,KY,2023-01-28,1,1,1,0,1,1,0,0,1,0,1,1
722,2.66614771375898,0.3504027117745295,KY,2023-01-29,1,0,1,0,1,1,0,1,1,0,1,1
723,3.24440820667864,0.348680114512466,KY,2023-01-30,1,0,1,0,1,1,1,0,1,0,1,0
724,2.39060038779477,0.35928320163183203,KY,2023-01-31,1,0,1,0,1,1,1,0,1,0,1,1
725,0.82342099135711,0.2764601932172145,KY,2023-02-01,1,1,1,1,1,1,0,1,1,0,1,1
726,4.11198141446418,0.3854042161852245,KY,2023-02-02,1,0,1,0,1,1,0,0,1,0,1,0
727,0.950396242908465,0.2366366694069065,KY,2023-02-03,1,1,1,1,1,1,1,1,1,0,1,0
728,0.257248606832002,0.26807087517271,KY,2023-02-04,1,1,1,1,1,1,1,0,1,0,1,0
729,1.72944584324063,0.3475871667836885,KY,2023-02-05,1,0,1,0,1,1,1,0,1,0,1,1
730,1.84938538475347,0.2990617306817355,KY,2023-02-06,1,1,1,0,1,1,1,0,1,0,1,1
731,2.3401677987011,0.2921562144906285,KY,2023-02-07,1,0,1,0,1,1,0,0,1,0,1,1
732,2.37138395093431,0.276758080013249,KY,2023-02-08,1,0,1,0,1,1,1,0,1,0,1,1
733,1.31408950659082,0.3304672910879505,KY,2023-02-09,1,1,1,1,0,1,0,0,1,0,0,1
734,0.951683729527896,0.2669866705418805,KY,2023-02-10,1,1,1,0,1,1,1,0,1,0,1,1
735,1.34071246412045,0.267322535525038,KY,2023-02-11,1,1,1,0,1,1,1,0,1,0,1,1
736,NA,NA,KY,2023-02-12,NA,NA,NA,NA,NA,NA,NA,NA,NA,NA,NA,NA
737,1.15063444044482,0.254105410024886,KY,2023-02-13,1,1,1,0,1,1,1,0,1,0,1,1
738,1.98958233957494,0.2471002325848265,KY,2023-02-14,1,0,1,0,1,1,0,0,1,0,1,0
739,0.732306578285416,0.229839884290441,KY,2023-02-15,1,1,1,1,1,1,1,0,1,0,1,1
740,0.588657902684119,0.237456185171746,KY,2023-02-16,1,1,1,1,1,1,0,1,1,0,1,1
741,1.0884695455089901,0.208991255668137,KY,2023-02-17,1,0,1,0,1,1,1,0,1,0,1,1
742,0.226908910159614,0.257166125293072,KY,2023-02-18,1,1,1,1,1,1,1,0,1,0,1,1
743,0.248699407045054,0.258306143206558,KY,2023-02-19,1,1,1,1,1,1,1,0,1,0,1,1
744,2.27507897279058,0.1976326140550175,KY,2023-02-20,1,0,1,0,1,1,1,0,1,0,1,1
745,0.858953421848647,0.288821662335143,KY,2023-02-21,1,1,1,1,1,0,1,0,1,0,1,0
746,1.64757475754912,0.1620470879320975,KY,2023-02-22,1,0,1,0,1,1,1,0,1,0,1,1
747,0.998487159449538,0.3324934692963595,KY,2023-02-23,0,1,1,1,1,1,0,0,1,1,1,1
748,1.48394758820797,0.145456800432691,KY,2023-02-24,1,0,1,0,1,1,1,0,1,0,1,1
749,0.146028156813247,0.137639036106461,KY,2023-02-25,1,1,1,1,1,1,1,1,1,1,1,1
750,0.139561170326599,0.1301387498902495,KY,2023-02-26,1,1,1,1,1,1,1,0,1,0,1,1
751,1.93623953918211,0.1229540164849535,KY,2023-02-27,1,0,1,0,1,1,1,0,1,0,1,1
752,0.88988379497439,0.2728452848274755,KY,2023-02-28,1,1,1,1,1,0,0,0,1,0,1,0
753,0.57027982177632,0.10951869111811,KY,2023-03-01,1,1,1,1,1,1,1,1,1,1,1,1
754,0.285241393414259,0.1940410353087175,KY,2023-03-02,1,1,1,1,1,1,1,1,1,1,1,1
755,0.968005319735369,0.3096037673081435,KY,2023-03-03,1,1,1,1,0,1,1,1,1,0,0,1
756,0.260673675793782,0.091632311912662,KY,2023-03-04,1,1,1,1,1,1,1,0,1,0,1,1
757,1.3784733541865,0.1770700655846855,LA,2023-01-22,1,0,1,1,1,1,1,0,1,0,1,1
758,2.06004269825471,0.286484791602362,LA,2023-01-23,1,1,1,0,1,1,1,0,1,0,0,0
759,0.683239017673344,0.2667729171081705,LA,2023-01-24,1,1,1,1,1,1,0,1,1,0,1,1
760,0.542999542763539,0.213814051133437,LA,2023-01-25,1,1,1,1,1,1,1,1,1,1,1,1
761,0.797141813625899,0.30281805511377,LA,2023-01-26,1,1,1,1,1,1,0,0,1,0,1,1
762,1.18550199661263,0.295816933852448,LA,2023-01-27,1,1,1,0,1,1,0,0,1,0,1,0
763,1.12646487444073,0.291408496336178,LA,2023-01-28,1,1,1,0,1,1,1,0,1,0,1,1
764,0.553537613150887,0.361787358593149,LA,2023-01-29,1,1,1,1,1,1,1,1,1,1,1,1
765,1.5075012272950301,0.3278731378620245,LA,2023-01-30,1,1,0,0,1,1,1,0,0,0,1,1
766,0.995980505450873,0.2789253457342935,LA,2023-01-31,1,1,1,0,1,1,0,0,1,0,1,1
767,1.18743048478393,0.271426691182466,LA,2023-02-01,1,1,1,0,1,1,1,1,0,0,1,1
768,2.31172713704825,0.295704950985753,LA,2023-02-02,1,1,1,0,0,1,1,0,1,0,0,0
769,2.37839525706924,0.3018532724477835,LA,2023-02-03,1,0,1,0,1,1,0,0,1,0,1,1
770,0.808341637543841,0.264483668302057,LA,2023-02-04,1,1,1,1,1,1,0,0,1,0,0,1
771,0.407529176130032,0.2502270036536765,LA,2023-02-05,1,1,1,1,1,1,1,0,1,0,1,1
772,1.91208813846608,0.2856534149022775,LA,2023-02-06,1,1,1,0,1,1,1,0,0,0,0,1
773,0.845712969891508,0.2565624214192895,LA,2023-02-07,1,1,1,1,1,1,0,0,1,0,1,1
774,2.08016202141143,0.247271374952124,LA,2023-02-08,1,0,1,0,1,1,0,0,1,0,1,1
775,0.464215411306115,0.2641910159265405,LA,2023-02-09,1,1,1,1,1,1,1,0,1,0,1,1
776,0.582223240574029,0.256435999558835,LA,2023-02-10,1,1,1,1,1,1,1,0,1,1,0,0
777,NA,NA,LA,2023-02-11,NA,NA,NA,NA,NA,NA,NA,NA,NA,NA,NA,NA
778,0.892825191213176,0.352865282739099,LA,2023-02-12,1,1,1,1,0,1,1,1,1,0,0,1
779,0.232762534613019,0.259471613420318,LA,2023-02-13,1,1,1,1,1,1,1,1,1,1,1,1
780,0.707521250527906,0.219159689515269,LA,2023-02-14,1,1,1,1,1,1,1,1,0,0,1,1
781,1.03835258256443,0.335209383873178,LA,2023-02-15,0,0,1,1,1,1,1,0,0,0,1,1
782,0.655283766481153,0.229258542895098,LA,2023-02-16,1,1,1,1,1,1,1,1,1,1,1,1
783,0.332819750373423,0.2277708115650955,LA,2023-02-17,1,1,1,1,1,1,1,0,1,0,1,1
784,NA,NA,LA,2023-02-18,NA,NA,NA,NA,NA,NA,NA,NA,NA,NA,NA,NA
785,0.519645307469389,0.273649884318175,LA,2023-02-19,1,1,1,1,1,1,1,0,1,0,1,1
786,1.08738805733724,0.1732210391904025,LA,2023-02-20,1,1,1,0,1,1,0,1,1,0,1,0
787,0.297335736398697,0.280578101400836,LA,2023-02-21,1,1,1,1,1,1,1,0,1,0,1,1
788,1.61818928957074,0.1055393272078435,LA,2023-02-22,1,0,1,0,1,1,1,0,1,0,1,1
789,1.61024179023814,0.206214886311215,LA,2023-02-23,1,0,1,1,0,1,1,0,1,0,0,1
790,0.770942508720376,0.091274366267585,LA,2023-02-24,1,1,1,1,1,1,1,0,1,0,1,1
791,1.01674917996483,0.73991566574394,LA,2023-02-25,1,1,1,1,1,0,1,1,1,0,1,0
792,0.388282143400675,0.0785430529629285,LA,2023-02-26,1,1,1,1,1,1,1,1,1,1,1,1
793,0.811840578249667,0.2358907239283165,LA,2023-02-27,0,1,1,1,1,1,0,1,1,1,1,0
794,0.331268393634388,0.1890687346253975,LA,2023-02-28,1,1,1,1,1,1,1,0,1,0,1,1
795,1.0130368647467,0.20226555050489,LA,2023-03-01,0,1,1,1,1,1,0,0,1,0,1,1
796,0.53114040779914,0.057486637966154,LA,2023-03-02,1,1,1,1,1,1,1,1,1,1,1,1
797,0.496014800873405,0.053078154874701,LA,2023-03-03,1,1,1,1,1,1,1,0,1,0,1,1
798,0.513079687114276,0.3301572445975225,LA,2023-03-04,1,1,1,1,1,1,1,0,1,0,1,1
799,9.03282791952349,0.207114344103791,MA,2023-01-22,0,0,1,0,1,1,0,0,0,0,0,0
800,10.1961487330291,0.170658966968035,MA,2023-01-23,1,0,1,0,1,0,1,0,1,0,0,0
801,10.682122699096,0.13345621542965,MA,2023-01-24,1,0,1,0,1,1,0,0,0,0,0,1
802,5.70667139963627,0.16348037452483,MA,2023-01-25,0,0,1,0,1,1,0,0,0,0,0,0
803,12.7830924000335,0.115785272841241,MA,2023-01-26,0,0,1,0,1,1,0,0,0,0,1,1
804,8.06826504051891,0.1592595664894745,MA,2023-01-27,1,0,1,0,1,1,0,0,1,0,0,1
805,8.46301919749954,0.066806258172988,MA,2023-01-28,1,0,1,0,1,1,0,0,0,0,1,1
806,5.13237616303961,0.098339351688261,MA,2023-01-29,1,0,1,0,1,1,1,0,1,0,1,0
807,12.3058624322186,0.1646202577262495,MA,2023-01-30,0,0,0,0,1,1,0,0,0,0,0,0
808,1.30506859034468,0.1824762328565375,MA,2023-01-31,1,1,1,1,1,1,0,0,0,0,1,0
809,0.212052295901661,0.04750823780830525,MA,2023-02-01,1,1,1,1,1,1,1,1,1,1,1,1
810,0.328518982716779,0.16203824757241,MA,2023-02-02,1,1,1,1,1,1,1,0,0,0,1,1
811,2.50438861907805,0.1233855803988495,MA,2023-02-03,1,0,1,0,0,1,1,0,0,0,1,1
812,0.985565150873976,0.088359617786746,MA,2023-02-04,1,1,1,0,1,1,0,0,1,0,1,1
813,6.29905903001326,0.03234377442069135,MA,2023-02-05,1,0,1,0,1,1,1,0,0,0,0,0
814,1.80844588838466,0.1614034416409085,MA,2023-02-06,1,1,1,1,0,1,0,0,1,0,0,0
815,2.26393027682544,0.1013101910232905,MA,2023-02-07,1,1,1,0,1,1,0,0,1,0,1,1
816,3.40852305293755,0.101556604380058,MA,2023-02-08,1,0,1,0,0,1,1,0,1,0,0,0
817,3.89421318224094,0.0900688169352595,MA,2023-02-09,1,0,1,0,1,0,1,0,0,0,1,0
818,2.82098964908767,0.0633124766092605,MA,2023-02-10,1,0,1,0,1,1,0,0,1,0,0,1
819,2.61589231986544,0.1306449974460405,MA,2023-02-11,1,0,1,1,0,1,1,0,1,0,0,0
820,1.4393216940312,0.0146509166434363,MA,2023-02-12,1,1,1,0,1,1,1,0,1,0,1,1
821,1.49887003199896,0.115498177899522,MA,2023-02-13,1,1,1,1,0,1,0,0,1,0,0,1
822,1.06103063447807,0.129666078114926,MA,2023-02-14,1,1,1,1,0,1,0,1,0,0,0,1
823,3.01377461492722,0.0099249550733228,MA,2023-02-15,1,0,1,0,1,1,0,0,0,0,1,1
824,3.08302286671313,0.038482595325384,MA,2023-02-16,1,0,1,0,1,1,1,1,1,1,1,1
825,1.68606837512859,0.0300510292728673,MA,2023-02-17,1,1,1,0,1,1,1,0,0,0,1,1
826,1.09903091889849,0.04718292360529795,MA,2023-02-18,0,1,1,1,1,1,1,1,0,0,0,1
827,1.06300877134282,0.00562844258457995,MA,2023-02-19,1,1,1,0,1,1,0,1,1,0,1,1
828,0.856824703058388,0.0960102999729915,MA,2023-02-20,1,1,1,1,1,0,1,1,1,0,1,0
829,0.76709180504366,0.0704246137720935,MA,2023-02-21,1,1,1,1,0,1,1,0,1,0,1,1
830,1.34528012124912,0.167750980902605,MA,2023-02-22,1,1,0,0,1,1,1,1,0,0,1,1
831,1.07639108406652,0.1889556637962865,MA,2023-02-23,1,1,1,1,1,0,1,1,1,0,1,0
832,1.57512769996672,0.062762559650001,MA,2023-02-24,0,1,1,1,1,1,0,0,0,0,0,1
833,0.598419054031246,0.002177967676275125,MA,2023-02-25,1,1,1,1,1,1,1,0,1,0,0,1
834,0.397695685705395,0.001839682047502745,MA,2023-02-26,1,1,1,1,1,1,1,0,1,0,1,1
835,3.05644653554201,0.140398808850945,MA,2023-02-27,0,0,1,0,1,1,0,0,0,0,1,1
836,4.15745097113005,0.2165869445613065,MA,2023-02-28,0,1,0,0,1,0,0,1,0,0,1,0
837,8.06874834122385,0.3160441219704225,MA,2023-03-01,1,0,0,0,1,0,1,0,0,0,1,0
838,3.76583618559264,0.12626145777991,MA,2023-03-02,1,0,0,0,1,0,1,0,0,0,1,0
839,2.71899077528374,0.1442488150082775,MA,2023-03-03,1,0,0,0,1,1,1,0,0,0,1,1
840,0.00580481496388577,6.3439004101336e-4,MA,2023-03-04,1,1,1,1,1,1,1,1,1,1,1,1
841,14.8933950017249,0.2722349390553095,MD,2023-01-22,1,0,0,0,1,1,0,0,0,0,1,0
842,31.0563292407885,0.259347847176544,MD,2023-01-23,0,0,1,0,1,0,0,0,1,0,0,0
843,22.1675321298741,0.250466357003535,MD,2023-01-24,0,0,0,0,1,1,0,0,0,0,1,0
844,9.66334448504194,0.271737047810873,MD,2023-01-25,1,0,1,0,1,1,1,0,1,0,0,0
845,15.2600823947251,0.221933664579581,MD,2023-01-26,0,0,0,0,1,1,0,0,0,0,1,0
846,21.830775147734,0.1902738521456865,MD,2023-01-27,1,0,0,0,1,1,0,0,1,0,0,1
847,7.14636440731823,0.228792863790611,MD,2023-01-28,1,0,1,0,1,1,1,0,0,0,0,1
848,6.30060391049329,0.2161000476208745,MD,2023-01-29,1,0,1,0,1,1,0,1,0,0,0,1
849,19.446587691032,0.169775272652511,MD,2023-01-30,0,0,0,0,1,1,0,0,0,0,0,0
850,14.1183974082998,0.1241551974024785,MD,2023-01-31,0,0,0,0,1,1,1,0,1,0,0,1
851,9.48494384688705,0.1471296634426165,MD,2023-02-01,0,0,0,0,1,1,1,0,0,0,1,0
852,2.12455362081847,0.212276656621831,MD,2023-02-02,1,1,0,0,1,1,0,1,1,0,1,0
853,6.8684322479296,0.148487725425214,MD,2023-02-03,1,0,1,0,1,1,0,0,0,0,1,0
854,4.70231565518501,0.144720315630726,MD,2023-02-04,1,0,1,0,1,1,0,0,0,0,1,0
855,3.35333266197788,0.145496327401727,MD,2023-02-05,1,0,0,0,1,1,0,0,1,0,1,1
856,9.11825416057088,0.100903629481313,MD,2023-02-06,1,0,0,0,1,1,0,0,0,0,0,0
857,2.90666727246288,0.1599798294231235,MD,2023-02-07,1,0,1,0,1,1,1,1,0,0,0,0
858,5.82556067769684,0.1171769479349885,MD,2023-02-08,1,0,1,0,1,1,0,0,0,0,1,1
859,6.62185530296985,0.069336963241715,MD,2023-02-09,1,0,1,0,1,1,1,0,1,0,1,1
860,2.05198308338518,0.12283308686918,MD,2023-02-10,1,1,1,0,1,1,1,0,0,0,1,1
861,2.73012724874597,0.0272421574815845,MD,2023-02-11,1,0,1,0,1,1,1,0,1,0,1,1
862,1.45970101401479,0.1275362508513645,MD,2023-02-12,1,1,1,1,0,1,1,0,0,0,0,1
863,4.74785124387075,0.0566956299784265,MD,2023-02-13,1,0,1,0,1,1,1,0,0,0,0,0
864,1.62288547115098,0.1360092185302025,MD,2023-02-14,1,1,1,1,1,1,0,0,0,0,1,0
865,2.34862855659377,0.164705877562181,MD,2023-02-15,0,1,1,1,1,1,0,0,0,0,1,1
866,1.35899212788831,0.101450312408917,MD,2023-02-16,1,1,1,1,1,0,1,0,0,0,1,0
867,1.58136079802123,0.091982731739777,MD,2023-02-17,1,1,0,1,1,1,0,0,0,0,1,1
868,0.866141008036925,0.069918951331654,MD,2023-02-18,1,1,1,1,1,1,1,0,1,0,1,1
869,1.14277165666535,0.151531537076643,MD,2023-02-19,0,1,1,1,1,1,0,1,0,0,1,1
870,2.18770422041727,0.1619850599230145,MD,2023-02-20,1,0,1,0,0,1,1,1,0,0,0,1
871,1.66420681212212,0.1227724865806225,MD,2023-02-21,1,1,1,1,1,0,1,0,0,0,1,0
872,1.76547562744909,0.0349712700245434,MD,2023-02-22,0,0,1,0,1,1,0,0,0,0,1,1
873,0.439316779396441,0.0530680684419455,MD,2023-02-23,1,1,1,1,1,1,1,0,1,0,1,1
874,1.19506643495633,0.1153590122427665,MD,2023-02-24,1,1,1,1,1,0,1,1,1,0,1,0
875,0.96009223614963,0.1164218579526015,MD,2023-02-25,0,1,1,1,1,1,0,1,1,1,1,0
876,3.53067297377257,0.2294318881841165,MD,2023-02-26,0,0,1,0,1,0,0,0,1,0,1,0
877,1.14383787199811,0.091651534529559,MD,2023-02-27,0,1,1,1,1,1,0,0,0,1,1,1
878,1.82158018968908,0.1054157209141175,MD,2023-02-28,1,1,1,0,1,0,1,0,0,0,1,0
879,0.761333061370464,0.04508385091044645,MD,2023-03-01,1,1,1,1,1,1,1,0,1,0,1,1
880,0.823383363360442,0.0394035111626838,MD,2023-03-02,1,1,0,1,1,1,1,0,0,0,1,1
881,1.46111660226018,0.0977932646455055,MD,2023-03-03,1,0,0,0,1,1,1,1,0,0,1,1
882,2.3441851333545,0.120150523455938,MD,2023-03-04,1,1,0,0,1,0,1,1,0,0,1,0
883,0.420128781684903,0.09605922895403,ME,2023-01-22,1,1,1,1,1,1,1,0,1,0,1,1
884,1.17061581960077,0.2570075404673195,ME,2023-01-23,1,0,1,1,1,1,1,0,1,0,1,1
885,1.15011261334739,0.215272880389836,ME,2023-01-24,1,1,1,1,1,1,1,0,0,1,0,1
886,1.56343548034417,0.234450165076852,ME,2023-01-25,0,1,1,1,1,1,0,0,1,0,0,0
887,0.95312681508309,0.2109941250169805,ME,2023-01-26,1,1,1,1,1,1,0,0,1,0,1,0
888,2.02087190348012,0.414013626401602,ME,2023-01-27,1,1,1,0,1,0,0,0,1,0,1,0
889,0.785036411328308,0.559944282811965,ME,2023-01-28,1,0,1,1,1,1,1,1,1,1,1,1
890,NA,NA,ME,2023-01-29,NA,NA,NA,NA,NA,NA,NA,NA,NA,NA,NA,NA
891,1.35290055256162,0.2597656825553115,ME,2023-01-30,1,0,1,1,0,0,1,0,1,0,0,0
892,0.395559949538812,0.164503825252163,ME,2023-01-31,1,1,1,1,1,1,1,1,1,1,1,1
893,NA,NA,ME,2023-02-01,NA,NA,NA,NA,NA,NA,NA,NA,NA,NA,NA,NA
894,0.449673816595879,0.1449215408211565,ME,2023-02-02,1,1,1,1,1,1,1,0,1,1,1,0
895,0.551219686725086,0.3340945268638435,ME,2023-02-03,1,1,1,1,1,1,1,0,1,1,1,0
896,0.212410213011792,0.04656612478962205,ME,2023-02-04,1,1,1,1,1,1,1,1,1,1,1,1
897,0.379052161069345,0.04407613727727725,ME,2023-02-05,1,1,1,1,1,1,1,1,1,1,1,1
898,1.77125570078617,0.405373980434294,ME,2023-02-06,0,1,1,0,1,1,0,1,1,0,1,0
899,0.459346899438099,0.244672746564809,ME,2023-02-07,1,1,1,1,1,1,0,0,1,1,1,1
900,0.326440659055088,0.0374101189156136,ME,2023-02-08,1,1,1,1,1,1,1,1,1,1,1,1
901,1.34664837567787,0.339574342016449,ME,2023-02-09,1,1,1,1,0,0,1,1,1,0,0,0
902,0.158654013604882,0.0335708306428082,ME,2023-02-10,1,1,1,1,1,1,1,1,1,1,1,1
903,0.0473132500491318,0.03181555328201175,ME,2023-02-11,1,1,1,1,1,1,1,1,1,1,1,1
904,NA,NA,ME,2023-02-12,NA,NA,NA,NA,NA,NA,NA,NA,NA,NA,NA,NA
905,0.253426541244378,0.02860946451974795,ME,2023-02-13,1,1,1,1,1,1,1,0,1,0,1,0
906,0.134619230131803,0.0271500158278007,ME,2023-02-14,1,1,1,1,1,1,1,1,1,1,1,1
907,0.237626573213137,0.02578106724733055,ME,2023-02-15,1,1,1,1,1,1,1,1,1,1,1,1
908,1.75780925030803,0.491928105447044,ME,2023-02-16,1,0,1,0,1,1,1,0,1,0,1,1
909,0.108398692660084,0.02330067329327875,ME,2023-02-17,1,1,1,1,1,1,1,1,1,0,0,1
910,NA,NA,ME,2023-02-18,NA,NA,NA,NA,NA,NA,NA,NA,NA,NA,NA,NA
911,NA,NA,ME,2023-02-19,NA,NA,NA,NA,NA,NA,NA,NA,NA,NA,NA,NA
912,0.189420081905745,0.0201778227434869,ME,2023-02-20,1,1,1,1,1,1,1,0,1,0,1,1
913,0.0909113944855117,0.0192855570830512,ME,2023-02-21,1,1,1,1,1,1,1,1,1,1,1,1
914,NA,NA,ME,2023-02-22,NA,NA,NA,NA,NA,NA,NA,NA,NA,NA,NA,NA
915,NA,NA,ME,2023-02-23,NA,NA,NA,NA,NA,NA,NA,NA,NA,NA,NA,NA
916,NA,NA,ME,2023-02-24,NA,NA,NA,NA,NA,NA,NA,NA,NA,NA,NA,NA
917,NA,NA,ME,2023-02-25,NA,NA,NA,NA,NA,NA,NA,NA,NA,NA,NA,NA
918,NA,NA,ME,2023-02-26,NA,NA,NA,NA,NA,NA,NA,NA,NA,NA,NA,NA
919,0.144734147059893,0.01534825753926215,ME,2023-02-27,1,1,1,1,1,1,1,1,1,1,1,1
920,NA,NA,ME,2023-02-28,NA,NA,NA,NA,NA,NA,NA,NA,NA,NA,NA,NA
921,0.0750606679606932,0.01454035768494815,ME,2023-03-01,1,1,1,1,1,1,1,1,1,1,1,1
922,0.0224400336530926,0.01422697508922035,ME,2023-03-02,1,1,1,1,1,1,1,0,1,0,1,1
923,0.0214735035374066,0.01397363482824595,ME,2023-03-03,1,1,1,1,1,1,1,1,1,1,1,1
924,NA,NA,ME,2023-03-04,NA,NA,NA,NA,NA,NA,NA,NA,NA,NA,NA,NA
925,3.69284281327802,0.3067996693284585,MI,2023-01-22,0,1,1,0,0,1,0,0,1,0,0,0
926,6.87901266199216,0.2626628436935095,MI,2023-01-23,0,1,1,0,0,0,0,0,1,0,0,0
927,10.5610334733355,0.2804478679577975,MI,2023-01-24,0,1,1,0,1,0,0,0,1,0,1,0
928,6.07019504128471,0.2547358128401495,MI,2023-01-25,0,1,1,0,1,0,0,0,1,0,0,0
929,6.72942810171826,0.34883478765077,MI,2023-01-26,0,0,1,0,1,0,0,0,1,0,0,0
930,4.16111339126594,0.2807122613569895,MI,2023-01-27,0,1,0,0,1,1,0,0,0,0,0,0
931,2.70815795488487,0.3027833362924175,MI,2023-01-28,1,1,1,0,1,1,0,0,1,0,1,1
932,3.75918274932939,0.35811578064733,MI,2023-01-29,1,0,1,0,1,1,0,0,1,0,1,0
933,9.97281668204773,0.3620396646020755,MI,2023-01-30,0,0,0,0,0,1,0,0,0,0,0,0
934,8.58776590340534,0.3243816817460965,MI,2023-01-31,0,0,1,0,1,1,1,0,1,0,0,1
935,11.0371650461593,0.36737561169912353,MI,2023-02-01,0,0,0,0,0,1,0,0,0,0,0,0
936,14.1246398946334,0.4046656137561055,MI,2023-02-02,1,0,1,0,1,0,0,0,1,0,1,0
937,7.78713070143235,0.317222471699121,MI,2023-02-03,0,0,1,0,0,1,0,0,0,0,0,0
938,5.43269874758323,0.3566443545601995,MI,2023-02-04,0,0,1,0,1,1,0,0,1,0,1,0
939,11.4489554499087,0.435673540475538,MI,2023-02-05,1,0,0,0,1,1,0,0,0,0,1,1
940,14.1459068340107,0.355691232252554,MI,2023-02-06,0,0,1,0,1,1,0,0,0,0,1,0
941,24.5266681253404,0.379615347367024,MI,2023-02-07,1,0,1,0,1,0,0,0,1,0,0,0
942,12.1484476551354,0.3559731080684945,MI,2023-02-08,1,0,1,0,1,1,0,0,0,0,1,0
943,16.7785247232601,0.346847798539367,MI,2023-02-09,1,0,1,0,1,0,0,0,1,0,1,0
944,10.7395527498631,0.3626972389801925,MI,2023-02-10,0,0,1,0,0,1,0,0,0,0,0,0
945,4.19851718205283,0.286224925912592,MI,2023-02-11,1,0,1,0,1,1,0,0,1,0,1,0
946,5.15086791449545,0.3038778586387965,MI,2023-02-12,1,0,1,0,0,1,1,0,1,0,0,0
947,8.45018461469208,0.2952603157845095,MI,2023-02-13,1,0,1,0,1,0,0,0,0,0,1,0
948,19.704575051733,0.283383031311628,MI,2023-02-14,0,0,1,0,1,0,0,0,0,0,0,1
949,10.2562912019983,0.294605472298123,MI,2023-02-15,0,0,1,0,1,1,0,0,1,0,1,0
950,15.4848833029073,0.2540584688459225,MI,2023-02-16,0,0,1,0,1,0,0,0,1,0,1,1
951,9.44569304396479,0.2995468999022785,MI,2023-02-17,1,0,0,0,1,1,0,0,0,0,1,0
952,5.54212301628607,0.2701883614057545,MI,2023-02-18,1,0,0,0,1,1,1,0,0,0,0,1
953,5.142024280748,0.2679156760967485,MI,2023-02-19,1,0,1,0,1,1,1,0,1,0,1,1
954,12.1009771955682,0.281377771265112,MI,2023-02-20,1,0,1,0,0,1,0,0,0,0,0,1
955,6.03694625018896,0.262061110342101,MI,2023-02-21,1,0,1,0,1,1,0,0,1,0,0,0
956,7.98337291574024,0.248999976424159,MI,2023-02-22,0,0,1,0,1,1,0,0,1,0,0,1
957,3.68427910252337,0.210411087699727,MI,2023-02-23,1,1,1,0,1,1,1,1,1,0,0,0
958,5.44153670157678,0.1854355610714045,MI,2023-02-24,1,0,1,0,1,1,1,0,1,0,0,1
959,6.07172236612621,0.1914988722027145,MI,2023-02-25,0,0,1,0,1,1,0,0,1,0,1,1
960,5.6894983726929,0.1402526326519955,MI,2023-02-26,1,0,1,0,1,1,0,0,0,0,1,1
961,5.12654646155267,0.199614763317885,MI,2023-02-27,1,0,0,0,1,1,1,0,0,1,0,0
962,5.17503056498984,0.2098209972800805,MI,2023-02-28,0,0,1,0,1,1,1,0,0,0,0,0
963,9.47382439308286,0.1523317690380925,MI,2023-03-01,1,0,1,0,1,1,0,0,0,0,1,0
964,2.36530057070884,0.20406064045564,MI,2023-03-02,1,0,0,1,1,1,1,0,0,0,0,0
965,2.71735300778797,0.124038665346833,MI,2023-03-03,1,0,1,0,1,1,1,0,1,0,0,1
966,3.27166245064812,0.1145636457315315,MI,2023-03-04,1,0,1,0,0,1,1,0,1,0,0,1
967,4.07243068207344,0.2781474294147875,MN,2023-01-22,0,1,1,0,1,0,0,0,1,0,1,0
968,12.5495730602838,0.3635595430702215,MN,2023-01-23,0,0,1,0,1,1,0,0,0,0,0,0
969,9.48563867068881,0.3265389699726675,MN,2023-01-24,0,0,0,0,1,0,0,0,0,0,0,0
970,4.46396818478634,0.3453315510800535,MN,2023-01-25,1,0,1,0,1,1,0,0,1,0,1,0
971,6.6174538487372,0.302205721406129,MN,2023-01-26,0,1,1,0,1,0,0,0,1,0,0,0
972,9.08378689141691,0.37375271123164,MN,2023-01-27,1,0,0,0,1,1,0,0,0,0,0,0
973,8.8927180551437,0.3582498877674625,MN,2023-01-28,0,0,1,0,1,1,0,0,0,0,1,0
974,3.43217372479501,0.285585104817929,MN,2023-01-29,0,1,1,0,1,1,0,0,0,0,0,1
975,17.8218281280466,0.369858782021092,MN,2023-01-30,1,0,1,0,1,1,1,0,0,0,0,0
976,12.5095842180518,0.344921587132799,MN,2023-01-31,0,0,1,0,1,1,0,0,0,0,1,1
977,7.9990096476315,0.329627126051745,MN,2023-02-01,1,0,1,0,1,1,1,0,0,0,1,0
978,7.4059404044464,0.348592435860827,MN,2023-02-02,1,0,1,0,1,0,0,0,0,0,0,0
979,10.0764422460103,0.3022302924618295,MN,2023-02-03,0,0,1,0,1,1,0,0,0,0,0,0
980,4.77435945433719,0.287607632005835,MN,2023-02-04,1,0,1,0,1,1,0,0,0,0,0,1
981,5.01619458665258,0.350705507744404,MN,2023-02-05,0,0,1,0,0,1,0,0,1,0,0,0
982,14.5028897326248,0.296441694206642,MN,2023-02-06,0,0,0,0,1,1,0,0,0,0,1,0
983,11.0824417877497,0.3113733939849005,MN,2023-02-07,0,0,0,0,1,1,0,0,0,0,0,1
984,7.72358523514938,0.262375048576766,MN,2023-02-08,0,0,1,0,1,0,1,0,0,0,0,0
985,5.13452362775729,0.2572652923415235,MN,2023-02-09,0,0,1,0,1,1,1,0,0,0,1,0
986,5.66326832118645,0.294522708601582,MN,2023-02-10,1,0,1,0,1,1,0,0,1,0,0,0
987,7.42440667866424,0.2555240024362545,MN,2023-02-11,1,0,1,0,1,1,0,0,1,0,1,1
988,3.35116688860994,0.2820281793780715,MN,2023-02-12,1,0,1,0,1,1,1,0,1,0,0,0
989,20.0968545833938,0.2470885473725745,MN,2023-02-13,0,0,0,0,1,1,0,0,1,0,0,1
990,6.95630215091545,0.261419779603647,MN,2023-02-14,1,0,1,0,1,1,0,0,0,0,0,1
991,8.31936080709211,0.233879258346523,MN,2023-02-15,1,0,1,0,1,1,0,0,0,0,1,0
992,6.29413710564808,0.235418006507988,MN,2023-02-16,1,0,1,0,1,0,0,0,1,0,1,1
993,10.6239377272427,0.201600719122876,MN,2023-02-17,0,0,1,0,1,1,1,0,0,0,1,0
994,5.96720790499571,0.1772975470901125,MN,2023-02-18,1,0,1,0,1,1,1,0,0,0,1,1
995,4.74491443164302,0.188997738025771,MN,2023-02-19,1,0,1,0,1,1,0,0,1,0,1,0
996,5.72524317694462,0.226982938988685,MN,2023-02-20,0,0,1,0,1,1,0,0,0,1,0,0
997,5.3787289193143,0.189148580792527,MN,2023-02-21,1,0,1,0,1,1,1,0,1,0,0,0
998,4.91118784438446,0.2219756232854515,MN,2023-02-22,1,0,1,0,1,0,0,0,1,0,0,0
999,1.03473837499877,0.2257054409088795,MN,2023-02-23,1,1,1,1,1,1,1,0,1,0,1,1
1000,4.40928407033143,0.143072248463458,MN,2023-02-24,1,0,1,0,1,1,1,0,0,0,0,1
1001,5.35528938279923,0.1278997402349915,MN,2023-02-25,1,0,1,0,1,1,1,0,0,0,1,1
1002,1.63954426981364,0.163117881012799,MN,2023-02-26,1,1,1,0,1,1,1,0,0,1,1,1
1003,5.26918782833834,0.190137015242062,MN,2023-02-27,1,0,1,0,1,1,1,0,0,1,0,0
1004,3.54420731808767,0.1642104102035735,MN,2023-02-28,1,0,1,0,1,1,0,0,1,0,0,1
1005,3.31423612385198,0.2358814901627095,MN,2023-03-01,1,0,1,1,0,1,0,0,0,0,0,0
1006,5.22389586091052,0.1321921313423905,MN,2023-03-02,1,0,1,0,1,1,1,0,1,0,1,0
1007,2.80294461091329,0.1383001901122325,MN,2023-03-03,1,1,1,0,1,1,1,0,1,0,1,0
1008,8.4503250424052,0.0790026166283985,MN,2023-03-04,1,0,1,0,1,1,1,0,0,0,0,0
1009,1.02911453622799,0.299845654449376,MO,2023-01-22,1,1,1,1,1,1,0,0,1,0,0,1
1010,6.91225364899506,0.426678997361121,MO,2023-01-23,1,0,1,0,1,1,0,0,0,0,1,1
1011,2.03595346139415,0.398203937168069,MO,2023-01-24,1,0,1,0,0,1,0,0,1,0,0,0
1012,1.17862469044675,0.3422569571960385,MO,2023-01-25,1,1,1,0,1,1,0,0,0,0,1,1
1013,1.1192894912114,0.566251932149975,MO,2023-01-26,1,0,1,1,1,1,0,0,0,0,1,1
1014,1.44396385714899,0.4006521775334255,MO,2023-01-27,1,0,1,1,1,1,0,0,1,0,0,0
1015,1.13380472214738,0.231977018595777,MO,2023-01-28,1,1,1,1,1,1,1,0,0,1,0,1
1016,0.739841200542367,0.539253287832775,MO,2023-01-29,1,1,1,0,1,1,0,1,1,0,1,1
1017,0.51137508980789,0.3257903951557525,MO,2023-01-30,1,1,1,1,1,1,1,1,1,1,1,1
1018,1.31381422924193,0.2849059497694545,MO,2023-01-31,1,1,1,0,1,1,1,0,1,0,0,1
1019,4.62087542264981,0.35054775479327,MO,2023-02-01,0,0,1,0,1,1,0,0,1,0,0,1
1020,1.38256168729599,0.3739559632240495,MO,2023-02-02,1,1,1,0,1,1,0,0,1,1,1,1
1021,4.16221658001933,0.4419955309213915,MO,2023-02-03,1,0,1,0,1,1,0,0,1,0,1,0
1022,1.60420221768653,0.3167626731395765,MO,2023-02-04,1,1,1,0,1,1,0,0,1,0,1,0
1023,2.05321160661149,0.3478199616801125,MO,2023-02-05,1,0,1,0,1,1,1,1,0,0,0,1
1024,2.05223614501376,0.283199754601479,MO,2023-02-06,0,1,1,0,1,1,0,0,1,0,1,1
1025,4.89672054146847,0.37508683984658,MO,2023-02-07,0,0,1,0,1,0,1,0,0,0,1,0
1026,3.11670856844384,0.3420013128707595,MO,2023-02-08,0,0,0,0,1,1,0,0,0,0,1,0
1027,5.10446185820053,0.397569667278521,MO,2023-02-09,1,0,1,0,0,1,1,0,0,0,0,1
1028,7.8115261553245,0.3231511091309075,MO,2023-02-10,0,0,1,0,1,1,1,0,1,0,1,0
1029,3.46485466339043,0.3027550907659365,MO,2023-02-11,1,0,1,0,1,1,0,0,1,0,1,1
1030,1.65021200312504,0.430504639232909,MO,2023-02-12,0,0,1,1,1,1,0,0,1,0,1,1
1031,1.71185529216676,0.298158509444524,MO,2023-02-13,1,0,1,0,1,1,1,0,1,0,0,1
1032,1.47748399618336,0.305018800190163,MO,2023-02-14,1,1,1,1,0,1,1,0,0,0,0,1
1033,2.80181296609898,0.2673091592868535,MO,2023-02-15,1,0,1,0,1,1,1,0,1,0,1,1
1034,2.26384432773612,0.296009412419729,MO,2023-02-16,0,0,0,0,0,1,1,0,0,0,1,1
1035,5.90233697397228,0.2194338811842855,MO,2023-02-17,1,0,1,0,1,1,1,0,0,0,1,0
1036,3.34642908114257,0.1681711803455365,MO,2023-02-18,1,0,1,0,1,1,0,0,1,0,1,0
1037,1.55818629315621,0.2489851098347255,MO,2023-02-19,1,1,1,0,0,1,0,0,1,0,0,1
1038,3.57144305854671,0.22775976045478,MO,2023-02-20,0,0,1,0,1,0,0,1,0,0,0,0
1039,2.12737263150563,0.185708119294821,MO,2023-02-21,1,1,1,0,1,1,0,0,1,0,1,1
1040,2.13686050453595,0.1071838897621475,MO,2023-02-22,1,0,1,0,1,1,1,0,1,0,0,1
1041,0.598182755698193,0.2289093845229405,MO,2023-02-23,1,1,1,1,1,1,0,0,1,0,0,1
1042,0.676849587468004,0.193278581572378,MO,2023-02-24,1,1,1,1,1,1,1,1,1,1,1,1
1043,1.02915076702237,0.178879328879694,MO,2023-02-25,1,1,1,1,1,1,1,0,1,0,1,1
1044,1.69065660236295,0.25812116060627,MO,2023-02-26,1,1,1,1,1,0,1,0,1,1,0,0
1045,0.669335897142182,0.2113429805972205,MO,2023-02-27,1,1,1,1,1,1,1,0,1,1,1,0
1046,1.55121296623028,0.250515512799804,MO,2023-02-28,1,0,1,1,1,1,0,0,1,0,1,0
1047,0.962732265834235,0.1716793422772935,MO,2023-03-01,1,1,1,1,1,1,1,0,1,0,1,1
1048,1.90946447975615,0.249159578208361,MO,2023-03-02,1,0,1,1,1,1,0,0,1,1,1,1
1049,1.17614313828807,0.1973429033213825,MO,2023-03-03,1,0,1,1,1,1,0,0,0,0,1,1
1050,1.12042721533748,0.3240787368602165,MO,2023-03-04,1,1,1,1,1,0,1,1,1,0,1,0
1051,0.952663413566291,0.67111846850616,MS,2023-01-22,1,1,1,0,1,1,1,0,1,0,1,1
1052,1.59699425114128,0.41360294419677,MS,2023-01-23,1,0,1,0,1,1,0,0,1,0,0,1
1053,0.664399246011097,0.272558997889151,MS,2023-01-24,1,1,1,0,1,1,1,1,1,1,1,1
1054,0.713204882080506,0.210532264988879,MS,2023-01-25,1,1,1,1,1,1,0,1,0,0,1,0
1055,0.920518215848938,0.2444983025098105,MS,2023-01-26,0,1,1,1,1,1,0,0,1,1,1,1
1056,3.30990579493425,0.69493139475551,MS,2023-01-27,1,0,1,0,0,1,1,0,1,0,0,1
1057,0.0890929370223286,0.0631763732405275,MS,2023-01-28,1,1,1,1,1,1,0,0,1,1,1,1
1058,0.0871751502958991,0.0610512731664205,MS,2023-01-29,1,1,1,1,1,1,1,0,1,0,1,1
1059,1.63125785152847,0.0589740854845855,MS,2023-01-30,1,0,1,1,1,1,0,0,1,1,1,0
1060,5.36409761789176,0.492956096645843,MS,2023-01-31,1,0,1,0,1,1,0,0,1,0,1,0
1061,1.42695835288257,0.372245794071344,MS,2023-02-01,1,1,1,0,1,1,1,0,1,0,1,0
1062,3.35892018125048,0.4792341417153665,MS,2023-02-02,1,0,1,0,1,1,1,0,1,0,1,1
1063,3.37872934043173,0.480585992436502,MS,2023-02-03,1,0,1,0,1,1,1,0,0,0,1,1
1064,0.97297921365855,0.698439500337295,MS,2023-02-04,1,1,1,0,1,1,1,0,1,0,1,1
1065,0.965856032076941,0.70172242105645,MS,2023-02-05,1,1,1,0,1,1,1,0,1,0,1,1
1066,1.65830253796643,0.4853521701570435,MS,2023-02-06,1,0,1,0,1,1,1,0,1,0,1,1
1067,1.4320988281811,0.376384983565506,MS,2023-02-07,1,1,1,0,1,1,1,0,1,0,1,1
1068,2.38413978613714,0.444409989210079,MS,2023-02-08,1,0,1,0,1,1,1,0,1,0,1,0
1069,1.92646524661478,0.716250594586535,MS,2023-02-09,1,0,1,0,1,1,1,0,0,0,1,1
1070,0.621849931319842,0.2662034077979245,MS,2023-02-10,1,1,1,0,1,1,1,0,1,0,1,1
1071,2.65488493121178,0.55260762965296,MS,2023-02-11,1,0,1,0,1,1,1,0,0,0,1,1
1072,0.986845761495376,0.72840363750875,MS,2023-02-12,1,1,1,0,1,1,1,0,1,0,1,1
1073,0.740327458056965,0.3837084755055155,MS,2023-02-13,1,1,1,0,1,1,1,0,1,0,1,1
1074,1.67063231871164,0.502444391814815,MS,2023-02-14,1,0,1,0,1,1,1,0,0,0,1,1
1075,3.41570145190372,0.50493013922745,MS,2023-02-15,1,0,1,0,1,1,1,0,1,0,1,1
1076,5.81205219758608,0.64368792172137,MS,2023-02-16,1,0,1,0,1,1,1,0,0,0,1,1
1077,0.737222696865756,0.0294605461031941,MS,2023-02-17,1,1,1,1,1,1,1,1,1,1,1,1
1078,1.00368409528363,0.754937627841,MS,2023-02-18,1,0,1,0,1,1,1,0,1,0,1,1
1079,NA,NA,MS,2023-02-19,NA,NA,NA,NA,NA,NA,NA,NA,NA,NA,NA,NA
1080,1.50484044614029,0.3950517884005105,MS,2023-02-20,1,0,1,0,1,1,1,0,1,0,1,0
1081,2.71744730348018,0.582820905611015,MS,2023-02-21,1,0,1,0,1,1,1,0,1,0,1,0
1082,1.02283100543254,0.77346335196869,MS,2023-02-22,1,0,1,0,1,1,1,0,1,0,1,1
1083,3.51188093256435,0.79074822853534,MS,2023-02-23,1,0,1,0,0,1,1,0,1,0,0,1
1084,0.782559967408521,0.4022885335756705,MS,2023-02-24,1,1,1,0,1,1,1,0,1,0,1,1
1085,2.02883968208177,0.787358644064905,MS,2023-02-25,1,0,1,0,1,1,1,0,1,0,1,1
1086,NA,NA,MS,2023-02-26,NA,NA,NA,NA,NA,NA,NA,NA,NA,NA,NA,NA
1087,0.983334690739698,0.406872947400362,MS,2023-02-27,1,1,0,1,1,1,1,0,0,1,1,1
1088,1.02345441905831,0.80097263855127,MS,2023-02-28,1,0,1,0,1,1,1,0,1,0,1,1
1089,1.01799052010674,0.80540621266665,MS,2023-03-01,1,0,1,0,1,1,1,0,1,0,1,1
1090,5.15067874438077,0.80977334536373,MS,2023-03-02,1,0,1,0,1,1,1,0,0,0,1,1
1091,2.0443161445460998,0.8140659081487,MS,2023-03-03,1,0,1,0,1,1,1,1,1,0,1,0
1092,NA,NA,MS,2023-03-04,NA,NA,NA,NA,NA,NA,NA,NA,NA,NA,NA,NA
1093,NA,NA,MT,2023-01-22,NA,NA,NA,NA,NA,NA,NA,NA,NA,NA,NA,NA
1094,NA,NA,MT,2023-01-23,NA,NA,NA,NA,NA,NA,NA,NA,NA,NA,NA,NA
1095,NA,NA,MT,2023-01-24,NA,NA,NA,NA,NA,NA,NA,NA,NA,NA,NA,NA
1096,0.25684009081204,0.163880837896044,MT,2023-01-25,1,1,1,1,1,1,1,0,1,0,1,1
1097,NA,NA,MT,2023-01-26,NA,NA,NA,NA,NA,NA,NA,NA,NA,NA,NA,NA
1098,NA,NA,MT,2023-01-27,NA,NA,NA,NA,NA,NA,NA,NA,NA,NA,NA,NA
1099,NA,NA,MT,2023-01-28,NA,NA,NA,NA,NA,NA,NA,NA,NA,NA,NA,NA
1100,NA,NA,MT,2023-01-29,NA,NA,NA,NA,NA,NA,NA,NA,NA,NA,NA,NA
1101,NA,NA,MT,2023-01-30,NA,NA,NA,NA,NA,NA,NA,NA,NA,NA,NA,NA
1102,NA,NA,MT,2023-01-31,NA,NA,NA,NA,NA,NA,NA,NA,NA,NA,NA,NA
1103,0.499963964847337,0.4026675573130735,MT,2023-02-01,1,1,1,1,1,1,1,0,1,0,1,1
1104,NA,NA,MT,2023-02-02,NA,NA,NA,NA,NA,NA,NA,NA,NA,NA,NA,NA
1105,0.718935645105545,0.4728678007188345,MT,2023-02-03,0,1,1,1,1,1,0,0,1,1,1,1
1106,NA,NA,MT,2023-02-04,NA,NA,NA,NA,NA,NA,NA,NA,NA,NA,NA,NA
1107,NA,NA,MT,2023-02-05,NA,NA,NA,NA,NA,NA,NA,NA,NA,NA,NA,NA
1108,NA,NA,MT,2023-02-06,NA,NA,NA,NA,NA,NA,NA,NA,NA,NA,NA,NA
1109,NA,NA,MT,2023-02-07,NA,NA,NA,NA,NA,NA,NA,NA,NA,NA,NA,NA
1110,NA,NA,MT,2023-02-08,NA,NA,NA,NA,NA,NA,NA,NA,NA,NA,NA,NA
1111,NA,NA,MT,2023-02-09,NA,NA,NA,NA,NA,NA,NA,NA,NA,NA,NA,NA
1112,NA,NA,MT,2023-02-10,NA,NA,NA,NA,NA,NA,NA,NA,NA,NA,NA,NA
1113,NA,NA,MT,2023-02-11,NA,NA,NA,NA,NA,NA,NA,NA,NA,NA,NA,NA
1114,NA,NA,MT,2023-02-12,NA,NA,NA,NA,NA,NA,NA,NA,NA,NA,NA,NA
1115,0.487394378132474,0.339334903431873,MT,2023-02-13,1,1,1,1,1,1,1,0,1,0,1,1
1116,NA,NA,MT,2023-02-14,NA,NA,NA,NA,NA,NA,NA,NA,NA,NA,NA,NA
1117,NA,NA,MT,2023-02-15,NA,NA,NA,NA,NA,NA,NA,NA,NA,NA,NA,NA
1118,0.802950175684035,0.2702650105107815,MT,2023-02-16,1,0,1,1,1,1,0,0,1,1,1,1
1119,NA,NA,MT,2023-02-17,NA,NA,NA,NA,NA,NA,NA,NA,NA,NA,NA,NA
1120,NA,NA,MT,2023-02-18,NA,NA,NA,NA,NA,NA,NA,NA,NA,NA,NA,NA
1121,NA,NA,MT,2023-02-19,NA,NA,NA,NA,NA,NA,NA,NA,NA,NA,NA,NA
1122,NA,NA,MT,2023-02-20,NA,NA,NA,NA,NA,NA,NA,NA,NA,NA,NA,NA
1123,NA,NA,MT,2023-02-21,NA,NA,NA,NA,NA,NA,NA,NA,NA,NA,NA,NA
1124,NA,NA,MT,2023-02-22,NA,NA,NA,NA,NA,NA,NA,NA,NA,NA,NA,NA
1125,0.470362735496314,0.2994546187036195,MT,2023-02-23,1,1,1,1,1,1,1,1,1,1,1,1
1126,NA,NA,MT,2023-02-24,NA,NA,NA,NA,NA,NA,NA,NA,NA,NA,NA,NA
1127,NA,NA,MT,2023-02-25,NA,NA,NA,NA,NA,NA,NA,NA,NA,NA,NA,NA
1128,NA,NA,MT,2023-02-26,NA,NA,NA,NA,NA,NA,NA,NA,NA,NA,NA,NA
1129,NA,NA,MT,2023-02-27,NA,NA,NA,NA,NA,NA,NA,NA,NA,NA,NA,NA
1130,NA,NA,MT,2023-02-28,NA,NA,NA,NA,NA,NA,NA,NA,NA,NA,NA,NA
1131,NA,NA,MT,2023-03-01,NA,NA,NA,NA,NA,NA,NA,NA,NA,NA,NA,NA
1132,NA,NA,MT,2023-03-02,NA,NA,NA,NA,NA,NA,NA,NA,NA,NA,NA,NA
1133,NA,NA,MT,2023-03-03,NA,NA,NA,NA,NA,NA,NA,NA,NA,NA,NA,NA
1134,NA,NA,MT,2023-03-04,NA,NA,NA,NA,NA,NA,NA,NA,NA,NA,NA,NA
1135,16.5418113553145,0.3553968051140065,NC,2023-01-22,0,0,0,0,0,0,0,0,0,0,0,0
1136,20.3090794784499,0.368274570764429,NC,2023-01-23,0,0,1,0,0,1,0,0,0,0,0,1
1137,21.7351850278548,0.3455964881545845,NC,2023-01-24,0,0,1,0,1,1,0,0,0,0,0,0
1138,25.6693572458223,0.3798331764682665,NC,2023-01-25,0,0,0,0,1,0,0,0,0,0,1,0
1139,16.2391215807985,0.345425073630064,NC,2023-01-26,0,0,0,0,0,0,0,0,0,0,1,0
1140,16.6583546532327,0.345917920926201,NC,2023-01-27,0,0,0,0,1,1,0,0,0,0,0,0
1141,8.48608372361269,0.3518165202440355,NC,2023-01-28,1,0,1,0,1,1,1,0,0,0,1,0
1142,11.8560925055432,0.343091990843999,NC,2023-01-29,0,0,1,0,1,1,0,0,0,0,1,1
1143,15.8054949180679,0.3377538304816555,NC,2023-01-30,1,0,1,0,0,1,0,0,0,0,0,0
1144,21.953161408358,0.3413989046396765,NC,2023-01-31,1,0,1,0,0,1,0,0,1,0,0,0
1145,13.1947103241544,0.317910761164551,NC,2023-02-01,0,0,1,0,0,0,0,0,0,0,0,0
1146,14.2734886262219,0.325431491297659,NC,2023-02-02,1,0,1,0,1,1,0,0,0,0,1,0
1147,16.0822947314609,0.3249891709548815,NC,2023-02-03,1,0,1,0,1,0,1,0,0,0,0,1
1148,10.5682313945798,0.2967322915576525,NC,2023-02-04,0,0,1,0,1,1,0,0,0,0,1,0
1149,12.6768045555531,0.2954652278147415,NC,2023-02-05,0,0,1,0,1,1,0,0,1,0,1,1
1150,13.2098425020179,0.285773971244672,NC,2023-02-06,0,0,0,0,1,1,0,0,0,0,1,0
1151,25.4880976870893,0.292895247924728,NC,2023-02-07,1,0,1,0,1,0,0,0,0,0,0,0
1152,17.4572979264314,0.2706520792415435,NC,2023-02-08,1,0,1,0,1,0,0,0,0,0,1,0
1153,17.9578210845403,0.270184130124059,NC,2023-02-09,0,0,1,0,1,1,0,0,0,0,0,0
1154,4.91433556567907,0.285062352839388,NC,2023-02-10,1,0,1,0,1,0,1,0,0,0,0,0
1155,6.9992242600981,0.239774062008111,NC,2023-02-11,1,0,1,0,1,1,0,0,0,0,1,0
1156,6.67836103564154,0.262974771670883,NC,2023-02-12,1,0,1,0,1,1,0,0,0,0,1,1
1157,13.1848500358344,0.2327513997542505,NC,2023-02-13,1,0,1,0,1,1,0,0,0,0,0,0
1158,4.01946116495886,0.252358766689168,NC,2023-02-14,1,0,1,0,1,1,0,0,1,0,0,0
1159,15.077492680671,0.2467473593184705,NC,2023-02-15,1,0,1,0,0,1,0,0,0,0,0,0
1160,9.87798521166301,0.2169868818880965,NC,2023-02-16,1,0,1,0,1,1,0,0,0,0,1,0
1161,5.54624403859908,0.200903817389346,NC,2023-02-17,1,0,1,0,1,1,1,0,1,0,0,0
1162,4.9715890933354,0.1454921902578965,NC,2023-02-18,1,0,1,0,1,1,0,0,0,0,1,1
1163,4.58338141591769,0.1630131294538935,NC,2023-02-19,1,0,1,0,1,1,0,0,1,0,0,1
1164,13.4246276926461,0.1303737560980745,NC,2023-02-20,0,0,1,0,1,1,0,0,0,0,0,0
1165,9.41833358651433,0.144473170352708,NC,2023-02-21,1,0,1,0,1,1,0,0,0,0,0,1
1166,9.97939537506289,0.1668562875275705,NC,2023-02-22,1,0,1,0,1,0,0,0,1,0,0,0
1167,7.32970269202124,0.124867057655904,NC,2023-02-23,0,0,1,0,1,1,1,0,1,0,1,1
1168,2.34735016690356,0.17516755289284,NC,2023-02-24,1,0,1,0,1,1,0,0,1,0,0,0
1169,2.73762968714459,0.155956566158884,NC,2023-02-25,1,0,1,0,1,1,0,1,1,0,0,1
1170,4.66168167451051,0.083424000810525,NC,2023-02-26,1,0,1,0,1,1,0,0,1,0,1,1
1171,3.27926575121991,0.136688669942405,NC,2023-02-27,1,0,0,0,1,1,1,0,0,0,1,0
1172,5.8843920403844,0.130302793998536,NC,2023-02-28,0,0,1,0,1,1,0,0,1,0,0,0
1173,4.78035865939069,0.1336821484589955,NC,2023-03-01,1,0,1,0,1,0,0,0,1,0,0,0
1174,4.10943748242681,0.0781492920441025,NC,2023-03-02,1,0,1,0,1,1,1,0,1,0,1,0
1175,2.3023371531916,0.075111230607742,NC,2023-03-03,1,0,1,0,1,0,1,0,1,0,0,0
1176,0.912761555472889,0.07801129060473,NC,2023-03-04,1,1,1,1,1,1,1,0,0,0,1,1
1177,0.783875865244049,0.60165962585526,ND,2023-01-22,1,1,1,0,1,1,1,0,1,0,1,1
1178,0.406560740511169,0.195595522804754,ND,2023-01-23,1,1,1,1,1,1,1,0,1,0,1,1
1179,0.579941143791322,0.292576030089014,ND,2023-01-24,1,1,1,1,1,1,1,0,0,0,1,0
1180,1.58784271483334,0.577069964312765,ND,2023-01-25,1,0,1,0,1,1,1,0,0,0,1,1
1181,0.447200549738891,0.318767857441736,ND,2023-01-26,1,1,1,1,1,1,1,0,1,0,1,1
1182,0.721629948259478,0.559408078670405,ND,2023-01-27,1,1,1,0,1,1,1,0,1,0,1,1
1183,NA,NA,ND,2023-01-28,NA,NA,NA,NA,NA,NA,NA,NA,NA,NA,NA,NA
1184,NA,NA,ND,2023-01-29,NA,NA,NA,NA,NA,NA,NA,NA,NA,NA,NA,NA
1185,0.372865985876706,0.193243802868995,ND,2023-01-30,1,1,1,1,1,1,1,0,1,0,1,1
1186,2.30983754219799,0.52126086014766,ND,2023-01-31,1,0,1,0,1,1,1,0,1,0,1,1
1187,0.679343308111773,0.51117095626236,ND,2023-02-01,1,1,1,1,1,1,1,0,1,0,1,1
1188,2.55659988909906,0.419031077123454,ND,2023-02-02,1,0,1,0,1,1,1,0,0,0,1,1
1189,0.647712668163876,0.4903721501668615,ND,2023-02-03,1,1,1,1,1,1,0,1,1,0,1,1
1190,NA,NA,ND,2023-02-04,NA,NA,NA,NA,NA,NA,NA,NA,NA,NA,NA,NA
1191,NA,NA,ND,2023-02-05,NA,NA,NA,NA,NA,NA,NA,NA,NA,NA,NA,NA
1192,1.33002917424867,0.457739975272152,ND,2023-02-06,1,0,1,0,1,1,1,0,1,0,1,1
1193,1.14817664617335,0.3140802795184185,ND,2023-02-07,1,1,1,0,1,1,0,1,1,0,1,1
1194,1.28585553720104,0.435137096657868,ND,2023-02-08,1,0,1,0,1,1,1,0,1,0,1,1
1195,0.8042089243609,0.3247506447743515,ND,2023-02-09,1,1,1,1,1,1,1,1,1,0,1,0
1196,0.561751874659359,0.411966461757993,ND,2023-02-10,1,1,1,1,1,1,1,0,1,0,1,1
1197,NA,NA,ND,2023-02-11,NA,NA,NA,NA,NA,NA,NA,NA,NA,NA,NA,NA
1198,NA,NA,ND,2023-02-12,NA,NA,NA,NA,NA,NA,NA,NA,NA,NA,NA,NA
1199,1.11777104747342,0.52839296082806,ND,2023-02-13,0,0,1,1,1,1,0,1,1,1,1,0
1200,1.79431477455785,0.364436703285549,ND,2023-02-14,1,0,1,0,1,1,1,0,1,0,1,1
1201,1.20067520843158,0.306793347384679,ND,2023-02-15,1,1,1,0,1,1,1,0,1,0,1,1
1202,1.15888069772122,0.2998776010467335,ND,2023-02-16,1,1,1,0,1,1,0,1,1,0,1,1
1203,NA,NA,ND,2023-02-17,NA,NA,NA,NA,NA,NA,NA,NA,NA,NA,NA,NA
1204,NA,NA,ND,2023-02-18,NA,NA,NA,NA,NA,NA,NA,NA,NA,NA,NA,NA
1205,NA,NA,ND,2023-02-19,NA,NA,NA,NA,NA,NA,NA,NA,NA,NA,NA,NA
1206,0.238010953652677,0.254117662298526,ND,2023-02-20,1,1,1,1,1,1,1,1,1,1,1,1
1207,2.25723698055312,0.360143615406208,ND,2023-02-21,0,0,1,0,1,1,0,0,1,0,1,1
1208,0.37945551796643,0.269771276396912,ND,2023-02-22,1,1,1,1,1,1,1,1,1,1,1,1
1209,NA,NA,ND,2023-02-23,NA,NA,NA,NA,NA,NA,NA,NA,NA,NA,NA,NA
1210,0.869713911784185,0.247506332902648,ND,2023-02-24,1,1,1,0,1,1,1,1,0,0,1,1
1211,NA,NA,ND,2023-02-25,NA,NA,NA,NA,NA,NA,NA,NA,NA,NA,NA,NA
1212,0.802842577619908,0.226271911201629,ND,2023-02-26,1,1,1,1,1,1,1,0,0,0,1,1
1213,1.12758652361611,0.231251484557588,ND,2023-02-27,1,1,1,1,1,1,1,1,0,0,0,1
1214,1.54600997229985,0.329835162437657,ND,2023-02-28,1,0,1,1,0,1,1,0,0,0,0,1
1215,1.14414341543105,0.1967788608732465,ND,2023-03-01,1,1,1,0,1,1,1,1,0,0,0,1
1216,1.12329256444594,0.1876527229342635,ND,2023-03-02,1,1,1,0,1,1,1,0,0,0,1,1
1217,0.273984375581348,0.1789013053048565,ND,2023-03-03,1,1,1,1,1,1,1,0,1,0,1,1
1218,NA,NA,ND,2023-03-04,NA,NA,NA,NA,NA,NA,NA,NA,NA,NA,NA,NA
1219,1.3558209484808,0.3943081792221985,NE,2023-01-22,1,1,0,0,1,1,0,0,0,0,1,0
1220,0.867341193081268,0.3162510008282645,NE,2023-01-23,1,1,1,1,0,1,1,0,1,1,0,1
1221,2.09592513186774,0.397608808304627,NE,2023-01-24,1,0,1,0,1,0,1,0,1,0,1,0
1222,2.0751928663902,0.4295633204726005,NE,2023-01-25,0,0,0,1,1,1,1,0,0,0,0,1
1223,0.804798601435479,0.23557270885662,NE,2023-01-26,1,1,1,1,1,1,0,0,1,1,1,1
1224,1.68224308799491,0.297943825425325,NE,2023-01-27,1,1,1,0,1,1,0,0,1,0,1,1
1225,1.75424745226908,0.52230713784809,NE,2023-01-28,1,0,1,0,1,0,0,0,1,0,1,0
1226,0.746637629933404,0.287862250277257,NE,2023-01-29,0,1,1,1,1,1,1,1,1,1,1,1
1227,3.86661729426178,0.4809887132559475,NE,2023-01-30,1,0,1,0,0,1,1,0,1,0,0,1
1228,5.89916617292763,0.338963792018224,NE,2023-01-31,1,0,1,0,1,1,0,0,1,0,1,1
1229,3.81748547351313,0.4434277819388045,NE,2023-02-01,1,0,0,0,1,1,0,0,0,0,1,0
1230,0.333266696098721,0.275788355207142,NE,2023-02-02,1,1,1,1,1,1,1,1,1,1,1,1
1231,3.49321414300024,0.310329977821303,NE,2023-02-03,1,0,1,0,1,1,0,1,1,0,0,0
1232,1.55573597196817,0.3872801660732155,NE,2023-02-04,1,0,1,1,0,1,1,1,0,0,1,1
1233,1.04237706190786,0.2810037561241265,NE,2023-02-05,1,1,1,0,1,1,1,0,0,0,1,1
1234,3.90951138058163,0.3366481020431745,NE,2023-02-06,0,0,1,0,1,1,0,0,1,0,1,0
1235,1.06936618042889,0.309587936598409,NE,2023-02-07,1,1,1,1,1,1,0,0,1,0,1,0
1236,5.45593559765094,0.364613587308589,NE,2023-02-08,1,0,0,0,1,1,0,0,0,0,1,0
1237,1.09729038356854,0.263194225314351,NE,2023-02-09,1,1,1,0,1,1,0,0,1,0,0,1
1238,4.40839770651146,0.2570324961782525,NE,2023-02-10,1,0,1,0,1,1,1,0,1,0,0,1
1239,5.49020018854648,0.276567136160942,NE,2023-02-11,1,0,1,0,1,1,0,0,1,0,0,1
1240,2.80372506788279,0.235200900966735,NE,2023-02-12,1,0,1,0,1,1,0,0,1,0,1,1
1241,2.2220095059582,0.2919488069325515,NE,2023-02-13,1,1,1,0,1,1,0,0,0,0,0,1
1242,1.3710846579829,0.2515379744590855,NE,2023-02-14,1,1,1,0,1,1,0,0,1,1,1,1
1243,3.55863098065449,0.3026886066743025,NE,2023-02-15,0,0,1,0,1,1,0,0,1,0,0,0
1244,1.97599432694687,0.2667759481951515,NE,2023-02-16,1,0,1,0,0,1,1,0,1,0,0,1
1245,1.23967052732913,0.203844139918277,NE,2023-02-17,1,1,1,0,1,1,1,0,1,0,1,1
1246,0.329251728441178,0.1460967576140135,NE,2023-02-18,1,1,1,1,1,1,1,0,1,0,1,1
1247,1.1328740034694,0.193271763655209,NE,2023-02-19,1,1,1,0,1,1,1,0,1,0,1,1
1248,3.07859013081719,0.3292257531548415,NE,2023-02-20,0,0,1,1,1,1,0,0,1,0,0,0
1249,4.67549264432071,0.14206876865416251,NE,2023-02-21,1,0,1,0,1,1,0,0,1,0,1,1
1250,5.53336326407687,0.213690618495241,NE,2023-02-22,1,0,1,0,1,0,1,0,1,0,0,0
1251,4.20021239306093,0.098102104581343,NE,2023-02-23,1,0,1,0,1,1,1,0,1,0,0,1
1252,1.5828989572293,0.1512693603321835,NE,2023-02-24,1,1,1,0,1,1,0,0,1,0,1,0
1253,3.02295342081303,0.2599234590739995,NE,2023-02-25,1,0,1,1,1,0,0,0,1,0,0,0
1254,3.03667399563142,0.1396034107384095,NE,2023-02-26,1,0,1,0,1,1,1,0,1,0,0,1
1255,4.30099304688807,0.232972746923361,NE,2023-02-27,1,0,1,1,1,0,0,0,1,0,0,0
1256,1.90710472893132,0.2941512204487855,NE,2023-02-28,1,1,0,1,1,1,0,0,0,1,0,0
1257,3.09628259573128,0.3512928099779895,NE,2023-03-01,1,1,1,1,1,0,1,0,1,0,1,0
1258,1.62422992741891,0.261450083538978,NE,2023-03-02,1,1,1,1,1,0,1,0,0,0,0,0
1259,5.71291580389225,0.0776700004808415,NE,2023-03-03,1,0,1,0,1,1,0,0,1,0,0,0
1260,4.12560521319569,0.338631827563714,NE,2023-03-04,1,0,1,1,1,0,1,0,1,0,1,0
1261,1.37428973074857,0.369898509664312,NH,2023-01-22,1,1,1,1,1,0,1,0,0,0,1,0
1262,1.47466125957387,0.132936916467948,NH,2023-01-23,1,1,1,0,1,1,1,0,1,0,1,1
1263,0.891038618638631,0.1900680541752925,NH,2023-01-24,1,1,1,0,1,1,1,1,1,1,1,1
1264,1.17447753025643,0.2896675508207795,NH,2023-01-25,0,1,1,1,1,1,0,1,0,0,1,0
1265,0.34002068121293,0.2898331604734555,NH,2023-01-26,1,1,1,1,1,1,1,0,1,0,1,1
1266,NA,NA,NH,2023-01-27,NA,NA,NA,NA,NA,NA,NA,NA,NA,NA,NA,NA
1267,0.530980970612008,0.104494451088325,NH,2023-01-28,1,1,1,1,1,1,1,1,1,0,1,0
1268,NA,NA,NH,2023-01-29,NA,NA,NA,NA,NA,NA,NA,NA,NA,NA,NA,NA
1269,0.830130672032109,0.0947954894262895,NH,2023-01-30,1,1,1,0,1,1,0,0,1,0,1,1
1270,0.165097568025993,0.0902752060519175,NH,2023-01-31,1,1,1,1,1,1,1,1,1,1,1,1
1271,0.992778789243052,0.3800234010435295,NH,2023-02-01,1,0,1,1,1,1,1,0,1,0,1,1
1272,1.16408206939762,0.20605289584272,NH,2023-02-02,1,1,1,1,1,1,0,0,1,1,1,1
1273,0.154494982677517,0.0779444883782495,NH,2023-02-03,1,1,1,1,1,1,1,1,1,1,1,1
1274,NA,NA,NH,2023-02-04,NA,NA,NA,NA,NA,NA,NA,NA,NA,NA,NA,NA
1275,0.399866469983086,0.0706811986790725,NH,2023-02-05,1,1,1,1,1,1,1,1,1,0,0,1
1276,NA,NA,NH,2023-02-06,NA,NA,NA,NA,NA,NA,NA,NA,NA,NA,NA,NA
1277,0.723041008116173,0.586785056257245,NH,2023-02-07,1,0,1,1,1,1,1,0,1,0,1,1
1278,1.13937502454513,0.221646459589109,NH,2023-02-08,1,1,1,1,0,1,0,0,1,0,0,1
1279,NA,NA,NH,2023-02-09,NA,NA,NA,NA,NA,NA,NA,NA,NA,NA,NA,NA
1280,0.117789013107557,0.055516558210196,NH,2023-02-10,1,1,1,1,1,1,1,1,1,1,1,1
1281,NA,NA,NH,2023-02-11,NA,NA,NA,NA,NA,NA,NA,NA,NA,NA,NA,NA
1282,NA,NA,NH,2023-02-12,NA,NA,NA,NA,NA,NA,NA,NA,NA,NA,NA,NA
1283,NA,NA,NH,2023-02-13,NA,NA,NA,NA,NA,NA,NA,NA,NA,NA,NA,NA
1284,1.65362724003036,0.650936855360485,NH,2023-02-14,1,0,1,0,1,1,1,0,1,0,1,1
1285,0.295811356308181,0.04410937467715665,NH,2023-02-15,1,1,1,1,1,1,1,1,1,1,1,1
1286,0.0961496788503062,0.04222953101805315,NH,2023-02-16,1,1,1,1,1,1,1,1,1,1,1,1
1287,NA,NA,NH,2023-02-17,NA,NA,NA,NA,NA,NA,NA,NA,NA,NA,NA,NA
1288,0.0856311684997402,0.03884019336111865,NH,2023-02-18,1,1,1,1,1,1,0,1,1,0,1,1
1289,0.0857185103295511,0.0373234986208509,NH,2023-02-19,1,1,1,1,1,1,1,1,1,1,1,1
1290,0.082151142478076,0.0359208316212976,NH,2023-02-20,1,1,1,1,1,1,1,1,1,1,1,1
1291,0.830884415895536,0.411774380496455,NH,2023-02-21,1,1,1,1,1,0,1,1,1,0,1,0
1292,NA,NA,NH,2023-02-22,NA,NA,NA,NA,NA,NA,NA,NA,NA,NA,NA,NA
1293,NA,NA,NH,2023-02-23,NA,NA,NA,NA,NA,NA,NA,NA,NA,NA,NA,NA
1294,0.216631957716742,0.03138455180351885,NH,2023-02-24,1,1,1,1,1,1,1,1,1,1,1,1
1295,0.0679347747930571,0.03050320226651935,NH,2023-02-25,1,1,1,1,1,1,1,1,1,1,1,1
1296,NA,NA,NH,2023-02-26,NA,NA,NA,NA,NA,NA,NA,NA,NA,NA,NA,NA
1297,0.0664656473177611,0.0290223000041434,NH,2023-02-27,1,1,1,1,1,1,1,1,1,1,1,1
1298,0.361655009588912,0.0284167884307046,NH,2023-02-28,1,1,1,1,1,1,1,1,1,1,1,1
1299,NA,NA,NH,2023-03-01,NA,NA,NA,NA,NA,NA,NA,NA,NA,NA,NA,NA
1300,NA,NA,NH,2023-03-02,NA,NA,NA,NA,NA,NA,NA,NA,NA,NA,NA,NA
1301,NA,NA,NH,2023-03-03,NA,NA,NA,NA,NA,NA,NA,NA,NA,NA,NA,NA
1302,0.0579896714743731,0.02682639766719975,NH,2023-03-04,1,1,1,1,1,1,1,1,1,1,1,1
1303,20.1595178210928,0.1871776456633625,NJ,2023-01-22,0,0,1,0,1,1,0,0,0,0,1,1
1304,38.5293957670015,0.195710622914162,NJ,2023-01-23,1,0,0,0,0,1,1,0,0,0,0,0
1305,20.1606745514761,0.126760501077666,NJ,2023-01-24,0,0,0,0,1,1,0,0,0,0,1,0
1306,8.21248562186979,0.14673408387893,NJ,2023-01-25,0,0,1,0,1,1,0,0,0,0,1,0
1307,22.7886301308873,0.135922709440281,NJ,2023-01-26,0,0,1,0,1,1,0,0,1,0,0,0
1308,20.4995423422312,0.138280382582153,NJ,2023-01-27,1,0,0,0,0,0,1,0,0,0,0,0
1309,8.90071313505137,0.1240950120083235,NJ,2023-01-28,0,0,1,0,1,1,0,0,0,0,1,0
1310,10.8416954694765,0.1161711502966175,NJ,2023-01-29,1,0,0,0,1,0,0,0,1,0,1,0
1311,21.4926269783304,0.124843991012789,NJ,2023-01-30,0,0,1,0,1,1,0,0,0,0,0,0
1312,6.21395415156055,0.1061610554597435,NJ,2023-01-31,1,0,1,0,1,1,1,0,0,0,1,0
1313,0.479993434702145,0.03754230507451755,NJ,2023-02-01,1,1,1,1,1,1,1,1,1,1,1,1
1314,8.37476136694227,0.076652157122588,NJ,2023-02-02,1,0,0,0,1,1,0,0,1,0,0,0
1315,5.18778909063694,0.128383264652022,NJ,2023-02-03,1,0,1,0,0,0,0,0,0,0,0,0
1316,3.85070129029806,0.082541831266073007,NJ,2023-02-04,1,1,1,0,1,1,0,0,1,0,1,1
1317,2.68746812094083,0.0970943621524975,NJ,2023-02-05,1,0,1,0,1,1,0,0,0,0,1,1
1318,5.2949483740759,0.050048032473141,NJ,2023-02-06,1,0,1,0,1,1,1,0,1,0,1,0
1319,5.14710245888141,0.069253687650111,NJ,2023-02-07,1,0,0,0,1,1,0,0,0,0,1,0
1320,3.92458917579755,0.0803759845959515,NJ,2023-02-08,1,0,1,0,1,1,0,0,0,0,0,1
1321,5.01218484543233,0.0520882147840405,NJ,2023-02-09,1,0,0,0,1,1,1,0,0,0,1,0
1322,5.00054677390511,0.0682548361105825,NJ,2023-02-10,1,0,1,0,1,1,1,0,0,0,0,0
1323,1.23040015117172,0.1041022292734805,NJ,2023-02-11,1,1,1,1,1,1,0,0,0,0,1,1
1324,1.37310535188047,0.0578651531521015,NJ,2023-02-12,1,1,1,0,1,1,0,0,0,0,1,1
1325,4.37933810745325,0.0464756626528963,NJ,2023-02-13,1,1,0,0,1,1,1,0,0,0,1,0
1326,1.33113087280285,0.084154038891423,NJ,2023-02-14,1,1,1,1,1,1,1,0,0,0,1,0
1327,1.59640313273867,0.064031199328058,NJ,2023-02-15,1,1,1,1,1,1,1,0,0,0,0,1
1328,4.34289845398239,0.0367378974358899,NJ,2023-02-16,1,0,1,0,1,1,1,0,0,0,1,0
1329,2.85691034726134,0.04247404159452,NJ,2023-02-17,1,0,1,0,1,1,0,0,1,0,1,1
1330,0.836960800163343,0.066233156194725,NJ,2023-02-18,0,1,1,1,1,1,0,0,0,0,1,0
1331,1.01287343743744,0.093549094989271,NJ,2023-02-19,1,1,1,1,1,1,0,0,0,0,1,0
1332,2.60793149849486,0.102626783015276,NJ,2023-02-20,1,0,1,0,1,1,0,0,0,0,1,1
1333,1.55822504213741,0.0359034547232367,NJ,2023-02-21,1,1,1,0,1,1,0,1,0,0,1,0
1334,2.26165695758588,0.02818385070649055,NJ,2023-02-22,1,1,1,0,1,1,1,1,0,0,0,0
1335,1.50992520824225,0.08180399024775,NJ,2023-02-23,1,0,1,1,1,1,1,0,0,0,1,0
1336,3.53846778937648,0.123686268368333,NJ,2023-02-24,0,1,1,0,1,0,0,1,0,0,1,0
1337,0.81433970014518,0.04845772746977415,NJ,2023-02-25,1,1,1,1,1,0,1,0,1,0,1,1
1338,0.982980954882654,0.02963186541379765,NJ,2023-02-26,1,1,1,1,0,1,1,1,0,1,0,1
1339,2.01337471233234,0.090712117378018,NJ,2023-02-27,1,1,1,0,1,1,1,0,1,0,0,0
1340,5.04329345270896,0.1309790359574545,NJ,2023-02-28,0,1,1,0,1,0,0,0,1,0,1,0
1341,1.91708769261828,0.0755038956038855,NJ,2023-03-01,0,1,1,0,1,0,0,1,1,1,1,0
1342,4.49492505822476,0.162975575900242,NJ,2023-03-02,1,0,1,0,0,0,1,0,1,0,0,0
1343,1.08682695773336,0.076768202788495,NJ,2023-03-03,1,1,1,1,1,0,1,0,1,1,1,0
1344,0.404857286501555,0.00114531765065632,NJ,2023-03-04,1,1,1,1,1,1,1,0,0,0,1,1
1345,7.10744437613087,0.423966656025128,NM,2023-01-22,1,0,1,0,1,1,0,0,1,0,0,0
1346,5.8311832665018,0.278850031723379,NM,2023-01-23,0,1,1,0,1,1,0,0,0,0,1,1
1347,4.14775556419269,0.351278427901368,NM,2023-01-24,1,0,1,0,1,1,1,0,1,0,1,1
1348,4.92011029543323,0.2759890883029515,NM,2023-01-25,0,1,1,0,1,1,0,0,0,0,1,0
1349,4.04787581107099,0.398578220035242,NM,2023-01-26,1,0,1,0,1,1,0,0,1,0,1,1
1350,4.15673916016092,0.371039765887935,NM,2023-01-27,1,0,1,0,1,1,0,0,0,0,1,1
1351,2.59564362416222,0.3890963945496265,NM,2023-01-28,1,0,0,0,1,1,0,0,1,0,0,1
1352,1.61076864865116,0.297524071754843,NM,2023-01-29,1,1,1,0,1,1,1,0,1,0,0,1
1353,3.3565612993057,0.3361222771415685,NM,2023-01-30,1,1,1,0,1,1,0,0,0,0,1,1
1354,2.31786710536289,0.3670191929449575,NM,2023-01-31,0,1,1,0,0,1,0,0,0,0,0,1
1355,2.9750311098383,0.2673978939263195,NM,2023-02-01,0,1,1,0,1,1,0,1,0,0,1,1
1356,4.30347263424407,0.35004889805976,NM,2023-02-02,1,0,1,0,1,1,0,0,0,0,0,0
1357,2.83655544948736,0.3305372390557025,NM,2023-02-03,0,1,1,0,1,1,0,0,0,0,0,0
1358,1.77631346037479,0.2579064591485845,NM,2023-02-04,0,1,1,0,1,1,0,0,1,0,1,1
1359,2.58974993439988,0.336429577549386,NM,2023-02-05,1,1,1,0,1,1,1,0,1,0,1,1
1360,1.3026459577455,0.331821115978482,NM,2023-02-06,1,1,1,1,1,1,0,0,0,0,1,1
1361,3.00061132524838,0.2824444074311515,NM,2023-02-07,0,1,1,0,1,1,1,0,0,0,1,1
1362,4.9103817458905,0.358565699005792,NM,2023-02-08,0,0,1,0,1,1,1,0,1,0,1,1
1363,1.03728509510537,0.2830571271747025,NM,2023-02-09,1,1,1,0,1,1,1,0,0,0,1,1
1364,1.13228614171189,0.299045809087493,NM,2023-02-10,1,1,1,0,1,1,0,1,1,0,0,1
1365,3.41886578682416,0.3368924781574185,NM,2023-02-11,1,0,1,0,1,1,1,0,1,0,1,1
1366,1.93080636589527,0.316999055727988,NM,2023-02-12,1,0,1,0,1,1,0,0,1,0,1,1
1367,5.41302209073623,0.3108267730145335,NM,2023-02-13,0,0,1,0,1,1,0,0,0,0,1,1
1368,4.17143701233047,0.2890334442432725,NM,2023-02-14,0,0,1,0,1,1,1,0,0,0,1,1
1369,2.74019151899539,0.2784180127714195,NM,2023-02-15,0,1,1,0,1,1,1,0,0,0,1,1
1370,2.44921692437116,0.3011592507130155,NM,2023-02-16,0,1,1,0,1,1,0,0,0,0,0,0
1371,1.94711478826128,0.26651745962881,NM,2023-02-17,1,1,1,0,1,1,0,1,1,0,1,1
1372,3.69628936237224,0.2585031999422775,NM,2023-02-18,1,0,1,0,1,1,0,0,0,0,1,1
1373,1.00701573431258,0.3315222170894345,NM,2023-02-19,1,1,1,1,1,0,1,0,1,0,0,0
1374,5.34116317579629,0.2457299724383515,NM,2023-02-20,0,0,1,0,1,1,0,0,1,0,1,1
1375,3.45149771927168,0.2401602594672365,NM,2023-02-21,0,1,1,0,1,1,1,0,0,0,1,1
1376,2.04021056626694,0.2210068364403775,NM,2023-02-22,1,0,1,0,1,1,1,0,1,0,1,1
1377,1.16742242272998,0.2947616004251495,NM,2023-02-23,1,1,1,1,1,0,0,0,1,0,1,0
1378,0.598578455698852,0.249983552995619,NM,2023-02-24,1,1,1,1,1,1,1,0,1,0,1,0
1379,3.8426055139485,0.184871685718506,NM,2023-02-25,1,0,1,0,1,1,1,0,1,0,0,1
1380,2.22276977183816,0.157090771390075,NM,2023-02-26,1,0,1,0,1,1,0,1,1,0,1,1
1381,3.78469874764566,0.146767884047272,NM,2023-02-27,1,0,1,0,1,1,1,0,0,0,1,1
1382,2.42445305048325,0.1369693187092375,NM,2023-02-28,1,0,1,0,1,1,1,0,1,0,0,1
1383,0.895682486549688,0.317793487928143,NM,2023-03-01,1,1,0,1,1,1,1,0,0,1,1,1
1384,1.11437893927101,0.1189474508801135,NM,2023-03-02,1,1,1,0,1,1,1,0,1,0,1,1
1385,2.38996192659228,0.110715669411181,NM,2023-03-03,1,0,1,0,1,1,1,0,1,0,1,1
1386,1.46845390524654,0.4790295170303435,NM,2023-03-04,1,0,1,0,1,1,1,0,1,0,1,1
1387,2.75469946737175,0.52128283609556,NV,2023-01-22,1,0,0,0,1,0,1,0,0,0,1,0
1388,4.42488993925862,0.407808092947353,NV,2023-01-23,1,0,1,0,0,1,1,0,1,0,0,0
1389,6.78700108137554,0.3678309694914,NV,2023-01-24,0,0,1,0,1,1,1,0,1,0,1,0
1390,7.5178546847958,0.4249525213001865,NV,2023-01-25,1,0,1,0,1,1,0,0,1,0,1,0
1391,10.4985650875165,0.3944685414113095,NV,2023-01-26,0,0,1,0,1,1,0,0,0,0,1,0
1392,5.57017157600225,0.3390818610182865,NV,2023-01-27,1,0,1,0,1,1,1,0,1,0,0,0
1393,3.34511251721248,0.3270083720858925,NV,2023-01-28,1,0,1,0,0,1,1,0,1,0,0,1
1394,7.85143740706341,0.360221844219992,NV,2023-01-29,1,0,1,0,1,1,1,0,0,0,1,1
1395,3.9469618299104,0.2876580740383035,NV,2023-01-30,1,0,1,0,1,1,1,0,0,0,1,1
1396,4.49648372166392,0.312176053786865,NV,2023-01-31,1,0,1,0,1,1,1,0,0,0,1,1
1397,3.87773113415622,0.38227825741494,NV,2023-02-01,1,0,1,0,1,0,1,0,1,0,1,0
1398,5.07900337864058,0.2960059395239875,NV,2023-02-02,1,0,1,0,1,1,0,0,0,0,0,1
1399,3.71638684638543,0.3162383535449515,NV,2023-02-03,1,0,1,0,0,1,0,1,0,0,0,1
1400,4.55303937279048,0.305719537971312,NV,2023-02-04,1,0,0,0,1,1,1,0,0,0,1,0
1401,1.89444026325198,0.295750585223031,NV,2023-02-05,1,1,1,0,0,1,1,0,1,0,0,1
1402,3.81346891750101,0.3490567168407155,NV,2023-02-06,1,0,0,0,0,1,0,0,0,1,0,1
1403,3.67943349380765,0.227315281402237,NV,2023-02-07,1,0,1,0,1,1,1,0,0,0,1,0
1404,2.43284083489911,0.254112212324744,NV,2023-02-08,1,1,1,0,1,1,0,0,1,0,1,0
1405,4.76200485625915,0.2490205801638715,NV,2023-02-09,0,0,1,0,1,1,0,0,1,0,1,1
1406,6.14684081739596,0.2107516505086375,NV,2023-02-10,1,0,1,0,1,1,0,0,0,0,1,0
1407,2.43536779684622,0.2267203887003445,NV,2023-02-11,1,0,1,0,0,1,1,0,1,1,0,1
1408,1.0577648124969,0.2314957000899005,NV,2023-02-12,1,1,1,1,1,1,1,0,1,0,1,1
1409,2.64728046967737,0.2308764348968605,NV,2023-02-13,0,0,1,0,1,1,0,0,0,0,1,1
1410,3.61421361412529,0.147228463564442,NV,2023-02-14,1,0,1,0,1,1,1,0,1,0,1,1
1411,2.11488620215856,0.201319181163172,NV,2023-02-15,1,1,1,0,1,1,1,0,0,0,1,1
1412,2.73007691780239,0.225386230399192,NV,2023-02-16,1,0,0,1,1,1,0,0,0,0,1,0
1413,1.01769638409474,0.1828389015888135,NV,2023-02-17,1,1,1,1,1,1,0,0,1,0,1,1
1414,1.14158414046286,0.2460244424855935,NV,2023-02-18,1,1,1,1,0,1,0,1,1,0,0,0
1415,1.2195731765656601,0.1097638048928895,NV,2023-02-19,1,1,1,0,1,1,1,0,1,0,1,1
1416,3.10659902085402,0.1419850652642045,NV,2023-02-20,1,0,1,0,0,1,0,0,0,1,0,1
1417,4.43927916657307,0.077699134728722,NV,2023-02-21,1,0,1,0,1,1,1,0,0,0,1,1
1418,2.10217873863161,0.200298184033873,NV,2023-02-22,1,0,1,1,1,0,1,0,0,1,1,0
1419,1.35698978215632,0.179942644210724,NV,2023-02-23,0,1,1,1,1,0,0,0,1,0,1,0
1420,0.950241844696165,0.0841441185568165,NV,2023-02-24,1,1,1,1,1,1,1,0,1,0,1,1
1421,1.6664957427293,0.0872322163506675,NV,2023-02-25,1,0,1,1,1,0,1,0,1,1,1,0
1422,0.702332676703458,0.110402957041985,NV,2023-02-26,1,1,1,1,1,1,1,0,1,0,1,1
1423,1.63461429096785,0.089598233348852,NV,2023-02-27,0,0,1,1,1,1,0,0,0,0,1,1
1424,1.00599029324058,0.0842495468046875,NV,2023-02-28,1,1,1,1,1,1,0,0,1,0,1,0
1425,2.73707554902301,0.01359890980432295,NV,2023-03-01,1,0,1,0,1,1,1,1,1,0,1,0
1426,0.831474565111165,0.1392181256385935,NV,2023-03-02,1,1,1,1,0,1,1,0,1,0,0,1
1427,0.77544615110659,0.057285968334102,NV,2023-03-03,1,1,1,1,1,1,1,0,1,0,1,0
1428,0.369974249722256,0.0904117681505645,NV,2023-03-04,1,1,1,1,1,1,1,0,1,0,1,1
1429,40.8285287736201,0.1425967532608595,NY,2023-01-22,0,0,1,0,1,0,0,0,0,0,0,0
1430,45.1636223314613,0.1611868024159105,NY,2023-01-23,0,0,1,0,1,0,0,0,0,0,1,1
1431,27.4830948161551,0.156006721746574,NY,2023-01-24,0,0,0,0,1,1,0,0,0,0,0,0
1432,9.50056349342622,0.1598108309542515,NY,2023-01-25,1,0,1,0,1,1,0,0,0,0,1,0
1433,16.5352492095121,0.1090134061282095,NY,2023-01-26,0,0,0,0,1,1,0,0,0,0,1,1
1434,20.6697330139774,0.1543446297869105,NY,2023-01-27,0,0,1,0,0,0,0,0,0,0,0,0
1435,16.5867555382715,0.114607339862595,NY,2023-01-28,0,0,1,0,1,1,0,0,1,0,1,0
1436,11.7262060830184,0.133183810673934,NY,2023-01-29,0,0,0,0,1,1,0,0,0,0,0,0
1437,26.210105030792,0.1334386513928755,NY,2023-01-30,0,0,1,0,1,0,0,0,0,0,0,0
1438,9.60662717838844,0.1336448526390005,NY,2023-01-31,0,0,1,0,0,1,0,0,0,0,0,0
1439,2.28180943923496,0.0774249895128485,NY,2023-02-01,1,0,1,0,1,1,0,1,1,0,1,1
1440,4.24158801561212,0.1448159775990055,NY,2023-02-02,0,1,1,0,1,1,0,0,1,1,0,0
1441,7.14609292408675,0.14923853791897,NY,2023-02-03,1,0,0,0,0,0,0,0,0,0,1,0
1442,9.26370933628539,0.087009320949395,NY,2023-02-04,0,0,1,0,1,1,0,0,0,0,0,1
1443,5.12374788428601,0.127370349155252,NY,2023-02-05,1,0,0,0,1,1,0,0,0,0,1,1
1444,5.32404664198379,0.1318558796360405,NY,2023-02-06,0,0,0,0,1,1,0,0,0,0,1,1
1445,2.41103819321849,0.0944947170899915,NY,2023-02-07,1,0,1,0,1,1,0,0,1,0,1,1
1446,1.331517630117,0.1526128216821035,NY,2023-02-08,1,1,1,1,1,1,0,0,0,0,1,0
1447,2.70021480086324,0.129230725478441,NY,2023-02-09,1,0,1,1,0,1,0,0,1,0,0,0
1448,1.72459367966998,0.137492072935181,NY,2023-02-10,1,1,1,1,0,1,0,0,0,0,0,1
1449,1.48658819247695,0.098126791628804,NY,2023-02-11,1,1,1,1,1,1,1,1,1,1,1,1
1450,2.41198055688276,0.0901437180765655,NY,2023-02-12,1,1,1,0,1,1,0,0,0,0,1,1
1451,2.13481561167365,0.1268414360178615,NY,2023-02-13,1,1,0,1,1,1,1,0,0,0,0,1
1452,2.23471369418474,0.088508438513288,NY,2023-02-14,1,1,0,1,1,1,0,0,0,0,1,0
1453,3.11009350543661,0.051375457661148,NY,2023-02-15,1,0,1,0,1,1,1,0,1,0,0,0
1454,5.01298206798518,0.1183299791489775,NY,2023-02-16,1,0,1,0,1,1,0,0,0,0,1,0
1455,5.38317602882266,0.149947671885374,NY,2023-02-17,0,0,1,0,1,1,0,0,1,0,1,1
1456,1.77637814496963,0.0676625216230775,NY,2023-02-18,0,1,1,1,1,1,0,0,0,0,0,1
1457,2.16226968551965,0.0546826353760935,NY,2023-02-19,1,0,1,0,1,1,1,0,0,0,0,0
1458,3.48918498259969,0.0916076457370865,NY,2023-02-20,0,0,1,1,1,0,0,0,0,0,1,0
1459,2.09826632380501,0.075557309264516,NY,2023-02-21,1,1,0,1,1,0,0,0,0,0,1,0
1460,1.63310223646389,0.0865797840518705,NY,2023-02-22,0,1,1,1,1,1,0,0,1,0,1,0
1461,1.151609838651,0.0567407829720495,NY,2023-02-23,1,1,1,1,1,1,0,0,0,0,1,1
1462,2.02470772334869,0.088386405813403,NY,2023-02-24,1,1,1,1,1,0,0,0,0,0,1,0
1463,1.56473029822015,0.0951417531717925,NY,2023-02-25,0,1,0,0,1,0,0,0,0,0,1,0
1464,1.13141766794937,0.04949641190110655,NY,2023-02-26,1,1,1,1,1,0,1,0,0,0,0,1
1465,1.26448028438908,0.0338541632391818,NY,2023-02-27,1,1,1,1,1,1,1,0,1,0,0,0
1466,1.67446966124491,0.0642385870956415,NY,2023-02-28,1,0,1,1,1,1,1,0,0,0,0,1
1467,4.29359864117538,0.0760914732327425,NY,2023-03-01,1,0,1,0,0,0,0,0,0,0,0,0
1468,2.69965184473398,0.0720992974791635,NY,2023-03-02,1,1,1,0,0,1,1,0,0,0,0,0
1469,6.14337463618754,0.152369897262732,NY,2023-03-03,1,0,0,0,1,0,1,0,0,0,1,0
1470,2.07815521342191,0.085295521551862,NY,2023-03-04,1,0,1,0,0,0,1,0,1,0,0,0
1471,4.18134957079394,0.5044092183903,OH,2023-01-22,1,0,1,0,1,1,0,0,1,0,0,1
1472,6.39496544556842,0.4001506285528775,OH,2023-01-23,1,0,1,0,1,1,0,0,1,0,1,0
1473,10.7201613060752,0.378454457656885,OH,2023-01-24,0,0,1,0,1,0,1,0,0,0,1,1
1474,4.37719499895024,0.379684369877339,OH,2023-01-25,0,0,0,0,1,1,1,0,0,0,1,0
1475,5.33472348315429,0.376390431885368,OH,2023-01-26,0,0,1,0,1,1,0,0,0,0,1,1
1476,8.81949190533827,0.398769038056817,OH,2023-01-27,1,0,1,0,1,0,0,0,1,0,0,1
1477,5.01432048161872,0.4288655950981365,OH,2023-01-28,0,0,1,0,1,1,1,0,1,0,1,1
1478,9.46912721460863,0.4310073354588445,OH,2023-01-29,0,0,1,0,0,1,0,0,1,0,0,0
1479,9.28319967042788,0.360406050016239,OH,2023-01-30,0,0,1,0,1,0,1,0,1,0,1,0
1480,3.96380549276264,0.3421948151599595,OH,2023-01-31,1,0,1,0,1,1,1,0,1,0,1,0
1481,12.9861094034153,0.3688737629748635,OH,2023-02-01,0,0,1,0,1,1,0,0,0,0,0,0
1482,2.70574219956516,0.299789786621898,OH,2023-02-02,0,1,1,0,1,1,0,0,0,0,0,1
1483,7.12984238230844,0.326829596533655,OH,2023-02-03,0,0,1,0,1,1,0,0,0,0,0,0
1484,9.01323556042603,0.343411100864811,OH,2023-02-04,1,0,1,0,1,1,0,0,1,0,1,0
1485,9.92793083861973,0.3344785295763085,OH,2023-02-05,0,0,1,0,1,1,0,0,1,0,1,0
1486,9.81813787671223,0.3172005784100225,OH,2023-02-06,1,0,1,0,1,1,0,0,1,0,1,0
1487,6.50952416082272,0.30187817252049,OH,2023-02-07,0,0,1,0,1,1,0,0,0,0,1,0
1488,13.9881436313909,0.2691494847120225,OH,2023-02-08,0,0,1,0,1,0,1,0,1,0,0,0
1489,12.7574403692825,0.253842623367436,OH,2023-02-09,0,0,1,0,1,0,0,0,0,0,1,0
1490,9.68699632257328,0.269652793181539,OH,2023-02-10,0,0,1,0,0,1,0,0,0,0,0,0
1491,3.65220165178457,0.233582283038382,OH,2023-02-11,0,1,1,0,1,1,0,0,1,0,1,1
1492,4.41900421293083,0.230496366425059,OH,2023-02-12,0,1,1,0,1,1,0,0,1,0,1,1
1493,5.17906410887434,0.227116632901491,OH,2023-02-13,0,0,1,0,1,1,1,1,1,0,0,1
1494,3.30410233996127,0.200380897644921,OH,2023-02-14,1,1,1,0,1,1,0,0,0,0,1,1
1495,1.17388093890484,0.258213763777881,OH,2023-02-15,1,1,1,1,1,1,1,0,0,0,1,0
1496,4.94431097205148,0.1891713158951785,OH,2023-02-16,0,0,1,0,1,1,0,0,0,0,1,1
1497,3.61375255634299,0.2365082578491165,OH,2023-02-17,1,0,0,0,1,0,0,0,0,0,1,0
1498,1.07146135503878,0.257604210815248,OH,2023-02-18,1,1,1,1,1,1,0,0,0,0,1,0
1499,3.14132452630695,0.154569031318883,OH,2023-02-19,1,0,1,0,1,1,0,0,0,0,1,1
1500,2.30184130056755,0.1816277968213845,OH,2023-02-20,1,1,1,0,1,0,0,0,1,1,1,0
1501,2.84163265716512,0.234670738342581,OH,2023-02-21,1,0,1,1,1,1,0,0,0,0,0,0
1502,2.66741900479892,0.138248607869441,OH,2023-02-22,1,1,1,0,1,1,1,0,0,0,1,1
1503,2.98918172734851,0.244267762219185,OH,2023-02-23,0,0,1,0,1,1,0,0,0,0,1,0
1504,1.13408706881876,0.152695815833421,OH,2023-02-24,1,1,1,1,1,1,1,0,1,0,1,1
1505,1.10355757679051,0.136523064355164,OH,2023-02-25,1,1,1,1,0,1,1,0,1,0,0,0
1506,1.34857476577029,0.0958429153636365,OH,2023-02-26,1,0,0,1,1,1,0,1,0,1,1,1
1507,1.00968764511853,0.140670222317734,OH,2023-02-27,1,1,1,1,1,1,1,0,1,0,1,1
1508,1.77728734770691,0.068366751300087,OH,2023-02-28,1,0,1,0,1,1,1,1,1,1,1,1
1509,1.49806183316611,0.099453703091721,OH,2023-03-01,1,1,1,1,1,1,1,0,1,0,1,1
1510,1.30090923400326,0.1562958009537615,OH,2023-03-02,1,1,1,1,0,1,1,0,0,0,1,0
1511,2.1223315247526102,0.142759725783563,OH,2023-03-03,1,0,1,1,1,1,1,0,0,0,1,1
1512,0.491745450546529,0.078797217749011,OH,2023-03-04,1,1,1,1,1,1,1,0,0,1,1,1
1513,1.18319782876798,0.3882355389357975,OK,2023-01-22,1,1,0,0,1,1,1,0,0,0,1,1
1514,6.46347042318235,0.443945748570879,OK,2023-01-23,0,0,1,0,1,1,0,0,1,0,1,0
1515,1.59281117826344,0.2790573765634865,OK,2023-01-24,0,1,0,1,1,1,0,0,0,1,1,1
1516,1.52454757041918,0.2979132433360525,OK,2023-01-25,1,1,1,0,0,1,0,0,1,0,0,1
1517,1.83000861832903,0.3004317316210695,OK,2023-01-26,1,1,1,0,1,1,1,0,1,0,1,0
1518,1.87240151426114,0.210578529636073,OK,2023-01-27,1,1,1,0,1,1,1,0,1,0,0,0
1519,0.686588501662377,0.1808154677586805,OK,2023-01-28,1,1,1,1,1,1,1,1,1,1,1,1
1520,0.700652743116707,0.3494000770065695,OK,2023-01-29,1,1,1,0,1,1,1,0,1,0,1,1
1521,0.669442110468816,0.180340623644134,OK,2023-01-30,1,1,1,1,1,1,1,0,1,0,1,1
1522,2.31954075175723,0.395542754425306,OK,2023-01-31,1,0,0,0,1,1,1,0,0,0,1,1
1523,5.0472109973829,0.372604282111183,OK,2023-02-01,1,0,1,0,1,1,0,0,1,0,1,0
1524,1.65899842873359,0.268517911992845,OK,2023-02-02,1,1,1,0,1,1,0,0,1,0,1,0
1525,4.44015798751754,0.545124012282455,OK,2023-02-03,0,0,0,0,1,1,0,0,1,0,1,1
1526,1.20096102941111,0.3212258770363895,OK,2023-02-04,1,1,1,0,1,1,0,1,1,0,1,1
1527,0.994970819597062,0.22110610050224,OK,2023-02-05,1,1,1,0,1,1,1,0,1,0,1,0
1528,2.87133368432105,0.3810298299314295,OK,2023-02-06,1,0,1,0,1,1,0,0,1,0,1,1
1529,4.93508381525543,0.3664623866857,OK,2023-02-07,1,0,1,0,0,1,0,0,1,0,1,0
1530,2.15591964424087,0.39354378473672,OK,2023-02-08,1,0,1,0,1,1,1,0,1,0,1,0
1531,2.86437067374528,0.389987849738325,OK,2023-02-09,0,0,1,0,1,1,0,0,1,0,1,1
1532,NA,NA,OK,2023-02-10,NA,NA,NA,NA,NA,NA,NA,NA,NA,NA,NA,NA
1533,1.47220080988794,0.408222582025814,OK,2023-02-11,1,0,1,0,1,1,0,0,1,1,1,1
1534,5.25625189096744,0.4487940808448895,OK,2023-02-12,1,0,1,0,0,1,1,0,1,0,0,1
1535,9.49081575981532,0.357122809697087,OK,2023-02-13,1,0,1,0,1,1,0,0,1,0,1,1
1536,1.59389908832895,0.4515173091892075,OK,2023-02-14,0,0,1,1,1,1,0,1,1,0,1,1
1537,1.69536290788748,0.321451022994214,OK,2023-02-15,1,1,1,0,1,1,0,0,1,0,1,1
1538,1.95762242783304,0.259823599146793,OK,2023-02-16,1,1,1,0,1,1,0,0,1,0,1,0
1539,2.17327859148585,0.267647291410012,OK,2023-02-17,1,1,1,0,1,1,0,0,1,0,1,0
1540,2.76896077458989,0.2657714099406615,OK,2023-02-18,1,1,1,0,1,1,1,0,1,0,1,0
1541,1.35332315959991,0.323866663750708,OK,2023-02-19,1,1,1,0,1,1,0,0,1,0,1,0
1542,3.87102774935552,0.2542026843989455,OK,2023-02-20,1,0,1,0,1,1,1,0,1,0,1,1
1543,8.28362593257893,0.2838336738049565,OK,2023-02-21,1,0,1,0,0,0,1,0,1,0,0,0
1544,5.49038030893908,0.290468045180176,OK,2023-02-22,1,0,0,0,1,1,0,0,0,0,1,0
1545,1.13133697216327,0.317013279459697,OK,2023-02-23,1,1,1,1,1,1,0,0,1,0,1,0
1546,1.15409084149697,0.3626325949655175,OK,2023-02-24,1,1,1,1,1,1,0,0,1,0,1,1
1547,0.702812835635116,0.295523811274381,OK,2023-02-25,1,1,1,1,1,1,1,1,1,1,1,1
1548,0.652351976918307,0.2290088713639085,OK,2023-02-26,1,1,1,1,1,1,1,1,1,1,1,1
1549,5.66469708221059,0.233657090551608,OK,2023-02-27,1,0,1,0,0,1,0,0,0,0,0,1
1550,3.86912908397053,0.172217524367039,OK,2023-02-28,1,0,1,0,1,1,1,0,1,0,1,1
1551,4.38986086167684,0.259105434382725,OK,2023-03-01,1,0,1,0,1,1,0,0,1,0,1,0
1552,0.85867182539102,0.081322078973584,OK,2023-03-02,1,1,1,0,1,1,1,1,1,1,1,1
1553,1.86616991989646,0.0707926871761285,OK,2023-03-03,1,0,1,0,1,1,1,0,1,0,1,0
1554,0.331677472386784,0.0613213222373945,OK,2023-03-04,1,1,1,1,1,1,1,0,1,0,1,1
1555,1.58727546865688,0.456591865233228,OR,2023-01-22,1,1,1,0,1,1,1,0,1,0,1,1
1556,3.71207079534052,0.4032194260219005,OR,2023-01-23,0,0,1,0,1,1,1,0,1,0,1,1
1557,1.52309749407185,0.2820453519913155,OR,2023-01-24,1,1,0,1,1,1,1,0,0,1,1,0
1558,4.89497167256162,0.4622093225551155,OR,2023-01-25,1,0,0,0,1,0,0,0,1,0,1,0
1559,2.28661910726585,0.3230392036973415,OR,2023-01-26,1,1,1,0,1,1,0,1,1,0,1,0
1560,3.08232524375806,0.3459705502599955,OR,2023-01-27,1,0,1,0,1,1,1,0,0,0,1,0
1561,3.04737380523646,0.3144936362630635,OR,2023-01-28,0,1,1,0,1,1,1,0,1,0,1,0
1562,3.40725603304525,0.375798271691484,OR,2023-01-29,0,0,1,0,1,1,0,0,0,0,1,1
1563,5.31339877580478,0.3865932529585945,OR,2023-01-30,0,0,1,1,0,0,0,0,1,1,0,0
1564,2.65919943330855,0.2941931987681855,OR,2023-01-31,0,1,1,0,1,1,0,0,0,0,1,0
1565,1.00651569220803,0.2535663246567905,OR,2023-02-01,1,1,1,0,1,1,0,0,1,0,1,1
1566,3.17475015887351,0.381302151880558,OR,2023-02-02,1,0,0,0,1,1,0,0,1,0,1,1
1567,1.21311022333929,0.2891327646594305,OR,2023-02-03,1,1,1,1,0,1,1,0,0,0,0,0
1568,2.35294300914006,0.2237903604628985,OR,2023-02-04,0,0,1,1,1,1,0,0,1,0,1,0
1569,1.53760574458321,0.31611863979006,OR,2023-02-05,1,1,1,0,0,1,1,0,0,0,0,1
1570,3.22879579769874,0.3498272596211925,OR,2023-02-06,0,0,1,0,1,0,0,0,0,0,1,0
1571,4.01644762169368,0.378745451734722,OR,2023-02-07,1,0,1,0,1,1,0,0,0,0,1,0
1572,2.51266550921618,0.2883850877168965,OR,2023-02-08,0,1,1,0,0,1,0,0,0,1,0,1
1573,2.69782214093988,0.3028942799021085,OR,2023-02-09,1,1,1,0,1,1,0,0,0,0,1,0
1574,2.23643930777989,0.3068579096921835,OR,2023-02-10,1,1,1,0,1,1,0,0,0,0,1,1
1575,0.982271937349151,0.2532319745853035,OR,2023-02-11,1,1,0,1,1,1,1,0,0,0,1,0
1576,1.18600656520324,0.300447929366846,OR,2023-02-12,1,1,1,0,1,1,0,1,1,0,1,1
1577,8.01637905691475,0.405535633623458,OR,2023-02-13,1,0,1,0,1,1,0,0,1,0,1,0
1578,3.49296169543901,0.314617212265835,OR,2023-02-14,0,1,1,0,0,1,0,0,0,0,0,0
1579,1.55971007041622,0.316962370000742,OR,2023-02-15,1,1,1,0,1,1,0,1,1,0,1,1
1580,3.00504408239246,0.355014242633298,OR,2023-02-16,0,0,0,0,1,1,1,0,0,0,1,0
1581,2.83521890133339,0.362587304758115,OR,2023-02-17,0,0,1,0,0,1,0,0,0,0,0,1
1582,1.40493671024165,0.338267182024089,OR,2023-02-18,1,1,1,0,1,1,1,0,1,0,1,1
1583,4.09580442661012,0.3574389995597795,OR,2023-02-19,1,0,1,0,1,1,1,0,0,0,1,0
1584,2.76368456761183,0.399601080721421,OR,2023-02-20,1,0,1,0,1,1,1,0,0,0,1,1
1585,4.21241165248233,0.452639320969894,OR,2023-02-21,1,0,0,0,0,1,0,0,1,0,0,0
1586,1.32068392434702,0.2960644663995065,OR,2023-02-22,1,1,1,0,1,1,0,1,1,0,1,1
1587,1.54406886320008,0.31329712956002,OR,2023-02-23,1,1,1,0,1,1,1,0,1,0,1,1
1588,1.63619185939998,0.395126995896898,OR,2023-02-24,1,1,1,1,1,0,0,0,1,0,0,0
1589,1.97116826723466,0.3325880698482555,OR,2023-02-25,1,0,1,0,1,1,1,0,0,0,1,0
1590,1.22953811780709,0.303752207712783,OR,2023-02-26,1,1,1,1,0,1,1,0,0,0,0,1
1591,3.80636427451567,0.2990683858660235,OR,2023-02-27,1,0,1,0,1,1,1,0,0,0,0,0
1592,0.820131213600028,0.269456958047504,OR,2023-02-28,1,1,1,1,1,1,1,1,0,0,1,1
1593,4.07785871655505,0.2769634055252105,OR,2023-03-01,1,0,1,0,1,1,1,0,0,0,0,0
1594,0.485176735713695,0.3082548606893935,OR,2023-03-02,1,1,1,1,1,1,1,0,1,0,1,1
1595,1.0187555132166,0.462994445996207,OR,2023-03-03,0,1,1,0,1,1,0,0,1,0,1,1
1596,0.231549709685752,0.2011993976920885,OR,2023-03-04,1,1,1,1,1,1,1,1,1,1,1,1
1597,28.0466639878945,0.284011574533471,PA,2023-01-22,0,0,1,0,1,0,0,0,0,0,1,1
1598,43.363715962381,0.2840708908431725,PA,2023-01-23,0,0,0,0,1,1,0,0,0,0,0,0
1599,17.3979844649862,0.2783733221382985,PA,2023-01-24,0,0,1,0,1,0,0,0,0,0,0,0
1600,11.138462714617,0.277397013507818,PA,2023-01-25,0,0,1,0,1,1,0,0,1,0,1,1
1601,21.3636830913834,0.244232914729221,PA,2023-01-26,0,0,0,0,1,0,0,0,0,0,0,1
1602,12.7984095963162,0.261551288691447,PA,2023-01-27,1,0,0,0,1,1,0,0,0,0,0,0
1603,12.8229518626917,0.230297421634755,PA,2023-01-28,1,0,0,0,1,0,0,0,0,0,0,1
1604,20.4060735574331,0.216173570068263,PA,2023-01-29,0,0,1,0,1,1,0,0,1,0,1,0
1605,30.6712430665653,0.2289958921141675,PA,2023-01-30,1,0,1,0,1,0,0,0,0,0,1,0
1606,12.302699445782,0.205697353866427,PA,2023-01-31,1,0,1,0,1,1,0,0,1,0,0,1
1607,10.5696527404333,0.189082398881336,PA,2023-02-01,0,0,1,0,1,1,0,0,1,0,1,0
1608,10.9256307842952,0.166351321223507,PA,2023-02-02,0,0,0,0,1,1,0,0,0,0,1,1
1609,11.5451061426027,0.1912007088023345,PA,2023-02-03,0,0,1,0,1,0,0,0,1,0,1,0
1610,5.99105054240355,0.193207724372718,PA,2023-02-04,0,0,1,0,1,1,0,0,0,0,1,1
1611,10.5824001842268,0.1675351693659965,PA,2023-02-05,1,0,1,0,1,1,0,0,0,0,1,0
1612,8.12984717659332,0.135045632844221,PA,2023-02-06,0,0,1,0,1,1,0,0,0,0,1,1
1613,4.6854548642424,0.194059877388373,PA,2023-02-07,1,0,1,0,1,1,0,0,0,0,1,1
1614,14.2595042002344,0.1538317698968195,PA,2023-02-08,1,0,0,0,1,1,0,0,0,0,0,0
1615,10.2778353964166,0.1149085297837455,PA,2023-02-09,0,0,1,0,1,1,1,0,0,0,1,0
1616,11.6678470228914,0.139765981453062,PA,2023-02-10,0,0,1,0,1,1,1,0,0,0,0,1
1617,2.69665881966332,0.1422570510376565,PA,2023-02-11,1,1,1,0,1,1,0,0,0,0,1,0
1618,6.58853863521084,0.078699331876736,PA,2023-02-12,1,0,1,0,1,1,0,0,0,0,1,0
1619,10.2321350462901,0.0890279236823045,PA,2023-02-13,1,0,1,0,1,1,0,0,1,0,0,0
1620,2.19531868978405,0.131580282617804,PA,2023-02-14,1,1,1,0,1,1,0,1,0,0,0,0
1621,2.81161457289547,0.112884689043258,PA,2023-02-15,1,0,1,0,1,1,0,0,1,0,1,0
1622,6.81841452693313,0.089260517153661,PA,2023-02-16,1,0,1,0,1,1,0,0,0,0,1,1
1623,2.9861739401351,0.1375905821909245,PA,2023-02-17,0,0,1,1,1,1,0,0,1,0,1,1
1624,1.61705849508393,0.132148336808438,PA,2023-02-18,0,1,1,1,0,1,0,0,1,0,0,1
1625,3.84618957146457,0.052901540851601,PA,2023-02-19,1,0,1,0,1,1,0,0,0,0,1,1
1626,2.15169010157243,0.0927066449620925,PA,2023-02-20,1,0,1,0,1,1,0,0,1,0,1,0
1627,2.92455551424419,0.0726975310403325,PA,2023-02-21,1,0,1,0,1,1,0,0,1,0,1,1
1628,2.55583157132917,0.0845313446256665,PA,2023-02-22,1,0,1,1,1,0,0,0,0,0,1,0
1629,1.43924579069479,0.1148101554059565,PA,2023-02-23,0,1,1,1,1,1,0,0,1,0,1,1
1630,1.16691241594252,0.03681969349769575,PA,2023-02-24,1,1,1,0,1,1,1,0,1,0,1,1
1631,1.52539023575774,0.1287188387796605,PA,2023-02-25,0,0,1,1,1,1,0,0,0,0,1,1
1632,1.1848062909428,0.070817028185835,PA,2023-02-26,1,1,1,1,1,0,1,0,1,0,1,0
1633,1.58722592192026,0.096047593170506,PA,2023-02-27,1,1,1,1,1,0,1,0,1,0,1,0
1634,1.79859701562892,0.02626003763321755,PA,2023-02-28,1,0,1,0,0,1,1,0,1,0,0,1
1635,1.21277899028267,0.079559271889551,PA,2023-03-01,1,1,1,1,1,1,1,0,0,0,1,1
1636,1.79395742368981,0.04973296981165595,PA,2023-03-02,1,0,1,1,0,1,0,0,1,1,0,1
1637,1.60657940202982,0.00251738832836447,PA,2023-03-03,1,0,1,0,1,1,1,1,1,0,0,0
1638,0.891175615847954,0.0357541854595968,PA,2023-03-04,1,1,1,1,1,0,1,1,1,0,1,0
1639,NA,NA,PR,2023-01-22,NA,NA,NA,NA,NA,NA,NA,NA,NA,NA,NA,NA
1640,1.28624877839259,0.3062873721371255,PR,2023-01-23,1,1,1,1,1,0,1,0,1,0,1,0
1641,0.671312993795425,0.260053628282148,PR,2023-01-24,1,1,1,1,1,1,1,1,1,1,1,1
1642,0.909836218388019,0.2591711847042705,PR,2023-01-25,1,0,1,1,1,1,1,1,1,1,1,1
1643,NA,NA,PR,2023-01-26,NA,NA,NA,NA,NA,NA,NA,NA,NA,NA,NA,NA
1644,0.414068211039869,0.26832017654189,PR,2023-01-27,1,1,1,1,1,1,1,0,1,0,1,1
1645,NA,NA,PR,2023-01-28,NA,NA,NA,NA,NA,NA,NA,NA,NA,NA,NA,NA
1646,NA,NA,PR,2023-01-29,NA,NA,NA,NA,NA,NA,NA,NA,NA,NA,NA,NA
1647,NA,NA,PR,2023-01-30,NA,NA,NA,NA,NA,NA,NA,NA,NA,NA,NA,NA
1648,NA,NA,PR,2023-01-31,NA,NA,NA,NA,NA,NA,NA,NA,NA,NA,NA,NA
1649,NA,NA,PR,2023-02-01,NA,NA,NA,NA,NA,NA,NA,NA,NA,NA,NA,NA
1650,NA,NA,PR,2023-02-02,NA,NA,NA,NA,NA,NA,NA,NA,NA,NA,NA,NA
1651,NA,NA,PR,2023-02-03,NA,NA,NA,NA,NA,NA,NA,NA,NA,NA,NA,NA
1652,NA,NA,PR,2023-02-04,NA,NA,NA,NA,NA,NA,NA,NA,NA,NA,NA,NA
1653,NA,NA,PR,2023-02-05,NA,NA,NA,NA,NA,NA,NA,NA,NA,NA,NA,NA
1654,NA,NA,PR,2023-02-06,NA,NA,NA,NA,NA,NA,NA,NA,NA,NA,NA,NA
1655,NA,NA,PR,2023-02-07,NA,NA,NA,NA,NA,NA,NA,NA,NA,NA,NA,NA
1656,NA,NA,PR,2023-02-08,NA,NA,NA,NA,NA,NA,NA,NA,NA,NA,NA,NA
1657,0.249692641343888,0.2170133371847485,PR,2023-02-09,1,1,1,1,1,1,1,0,1,0,1,1
1658,NA,NA,PR,2023-02-10,NA,NA,NA,NA,NA,NA,NA,NA,NA,NA,NA,NA
1659,NA,NA,PR,2023-02-11,NA,NA,NA,NA,NA,NA,NA,NA,NA,NA,NA,NA
1660,NA,NA,PR,2023-02-12,NA,NA,NA,NA,NA,NA,NA,NA,NA,NA,NA,NA
1661,NA,NA,PR,2023-02-13,NA,NA,NA,NA,NA,NA,NA,NA,NA,NA,NA,NA
1662,NA,NA,PR,2023-02-14,NA,NA,NA,NA,NA,NA,NA,NA,NA,NA,NA,NA
1663,0.237600804259742,0.219874176272292,PR,2023-02-15,1,1,1,1,1,1,1,0,1,0,1,1
1664,NA,NA,PR,2023-02-16,NA,NA,NA,NA,NA,NA,NA,NA,NA,NA,NA,NA
1665,0.99415860925072,0.2229104096002465,PR,2023-02-17,1,1,1,0,1,1,1,0,1,0,1,1
1666,NA,NA,PR,2023-02-18,NA,NA,NA,NA,NA,NA,NA,NA,NA,NA,NA,NA
1667,NA,NA,PR,2023-02-19,NA,NA,NA,NA,NA,NA,NA,NA,NA,NA,NA,NA
1668,NA,NA,PR,2023-02-20,NA,NA,NA,NA,NA,NA,NA,NA,NA,NA,NA,NA
1669,NA,NA,PR,2023-02-21,NA,NA,NA,NA,NA,NA,NA,NA,NA,NA,NA,NA
1670,NA,NA,PR,2023-02-22,NA,NA,NA,NA,NA,NA,NA,NA,NA,NA,NA,NA
1671,0.578964010964831,0.237544471029357,PR,2023-02-23,1,1,1,1,1,1,1,1,1,1,1,1
1672,NA,NA,PR,2023-02-24,NA,NA,NA,NA,NA,NA,NA,NA,NA,NA,NA,NA
1673,NA,NA,PR,2023-02-25,NA,NA,NA,NA,NA,NA,NA,NA,NA,NA,NA,NA
1674,NA,NA,PR,2023-02-26,NA,NA,NA,NA,NA,NA,NA,NA,NA,NA,NA,NA
1675,0.239389657136189,0.2512284879331495,PR,2023-02-27,1,1,1,1,1,1,1,1,1,1,1,1
1676,0.517152712485238,0.2686709947140205,PR,2023-02-28,1,1,1,1,1,1,1,1,1,1,1,1
1677,0.245838654827362,0.2589799540024735,PR,2023-03-01,1,1,1,1,1,1,1,1,1,1,1,1
1678,NA,NA,PR,2023-03-02,NA,NA,NA,NA,NA,NA,NA,NA,NA,NA,NA,NA
1679,0.948064677312564,0.2671793551345785,PR,2023-03-03,1,1,1,0,1,1,1,0,1,0,1,1
1680,NA,NA,PR,2023-03-04,NA,NA,NA,NA,NA,NA,NA,NA,NA,NA,NA,NA
1681,0.972622672667911,0.1724126997628925,RI,2023-01-22,1,1,1,1,1,1,1,0,1,0,1,1
1682,1.7146766993887,0.155115190612919,RI,2023-01-23,1,1,1,0,1,1,1,0,0,0,1,0
1683,1.02665787718663,0.374267664260258,RI,2023-01-24,1,1,0,1,1,1,1,0,0,0,1,1
1684,0.943388805428681,0.28385621863377,RI,2023-01-25,1,0,1,1,1,1,0,0,0,1,1,1
1685,1.39394676729741,0.112199014529742,RI,2023-01-26,1,0,1,1,1,1,0,1,1,0,1,1
1686,2.4444701434061,0.1030609915151845,RI,2023-01-27,1,0,1,0,1,1,1,0,0,0,1,0
1687,0.901680406957976,0.03510646577780005,RI,2023-01-28,1,1,1,0,1,1,1,0,1,0,1,1
1688,1.06172138200231,0.0329163221338889,RI,2023-01-29,1,1,1,0,1,1,1,1,1,0,1,0
1689,1.37149522316131,0.0308908084654273,RI,2023-01-30,1,1,1,0,1,1,1,0,1,0,1,1
1690,0.286907644388153,0.02901711098691285,RI,2023-01-31,1,1,1,1,1,1,0,0,1,0,1,1
1691,NA,NA,RI,2023-02-01,NA,NA,NA,NA,NA,NA,NA,NA,NA,NA,NA,NA
1692,0.132458785977296,0.0256789200686702,RI,2023-02-02,1,1,1,1,1,1,1,0,1,0,1,1
1693,0.6863765159178,0.1647931156921195,RI,2023-02-03,1,1,1,1,1,1,1,1,0,0,1,1
1694,1.11235662898612,0.02281835933822595,RI,2023-02-04,1,1,1,0,1,1,1,1,0,0,1,1
1695,1.18323000302727,0.088356078519538,RI,2023-02-05,1,1,1,1,1,1,1,1,0,0,1,1
1696,0.196033380752087,0.0203651924019798,RI,2023-02-06,1,1,1,1,1,1,1,1,1,1,1,1
1697,0.028009079379058,0.0192725651778144,RI,2023-02-07,1,1,1,1,1,1,1,0,1,0,1,1
1698,0.410223229118286,0.0182604670292552,RI,2023-02-08,1,1,1,1,1,1,1,1,1,0,1,0
1699,0.090042525687162,0.01732301947332325,RI,2023-02-09,1,1,1,1,1,1,0,1,1,0,1,1
1700,0.252683356191832,0.01645485361338015,RI,2023-02-10,1,1,1,1,1,1,1,1,1,1,1,1
1701,1.63319545313571,0.431886325318898,RI,2023-02-11,0,1,1,0,1,0,0,1,1,0,1,0
1702,0.328213739313976,0.01490720291200525,RI,2023-02-12,1,1,1,1,1,1,1,0,1,0,1,1
1703,1.34513291816952,0.0142191849472839,RI,2023-02-13,1,1,1,0,1,1,1,1,1,1,1,1
1704,0.209788089199963,0.0135833184559942,RI,2023-02-14,1,1,1,1,1,1,1,1,1,1,1,1
1705,0.368610728417172,0.01299624703168205,RI,2023-02-15,1,1,1,1,1,1,1,0,1,0,1,1
1706,0.443730644392349,0.012454930932314,RI,2023-02-16,1,1,1,1,1,1,1,0,1,0,1,1
1707,0.42100628253177,0.01195662498661835,RI,2023-02-17,1,1,1,1,1,1,1,1,1,1,1,1
1708,0.960575611421802,0.226358349078151,RI,2023-02-18,1,1,1,1,1,0,1,1,1,0,1,0
1709,0.234252867349471,0.01107942111776145,RI,2023-02-19,1,1,1,1,1,1,1,1,0,0,1,1
1710,0.100200118855848,0.0106963424717897,RI,2023-02-20,1,1,1,1,1,1,1,0,1,0,1,1
1711,0.794428210897068,0.01034788577141925,RI,2023-02-21,1,1,1,1,1,1,0,1,1,0,1,1
1712,0.274420335953967,0.01003253514560995,RI,2023-02-22,1,1,1,1,1,1,1,0,1,0,1,1
1713,0.0112795552163351,0.0097489888881502,RI,2023-02-23,1,1,1,1,1,1,1,1,1,1,1,1
1714,0.191256611832349,0.00949615464661275,RI,2023-02-24,1,1,1,1,1,1,1,1,1,1,1,1
1715,0.0102241417787686,0.0092731472617809,RI,2023-02-25,1,1,1,1,1,1,1,1,1,1,1,1
1716,0.235453550554063,0.0090792894471252,RI,2023-02-26,1,1,1,1,1,1,1,0,1,0,1,1
1717,1.97175069191896,0.2570072869847665,RI,2023-02-27,0,1,1,0,1,1,0,1,0,0,1,1
1718,0.588117211969718,0.127817986883243,RI,2023-02-28,1,1,1,1,1,1,1,0,0,1,1,1
1719,0.00837197456500834,0.00866906259977,RI,2023-03-01,1,1,1,1,1,1,1,1,1,1,1,1
1720,0.103436597890017,0.00858939556820015,RI,2023-03-02,1,1,1,1,1,1,0,0,1,0,1,1
1721,0.195233200948587,0.0085388729168061,RI,2023-03-03,1,1,1,1,1,1,1,1,1,1,1,1
1722,NA,NA,RI,2023-03-04,NA,NA,NA,NA,NA,NA,NA,NA,NA,NA,NA,NA
1723,5.18275699482938,0.385004361631671,SC,2023-01-22,0,0,0,0,1,1,0,0,0,0,1,0
1724,10.9423961770785,0.3933290319288605,SC,2023-01-23,1,0,1,0,1,1,0,0,0,0,0,0
1725,5.46585881929428,0.3123087266131655,SC,2023-01-24,1,0,1,0,1,0,0,0,1,0,0,0
1726,4.43435651500656,0.3003043273155355,SC,2023-01-25,1,1,1,0,1,1,0,0,0,0,1,0
1727,6.51712479922968,0.3772517671458645,SC,2023-01-26,1,0,1,0,1,1,0,0,0,0,1,1
1728,9.27032899618456,0.4271047541699085,SC,2023-01-27,0,0,1,0,1,0,1,0,1,0,0,0
1729,4.00279723321758,0.3567092011748255,SC,2023-01-28,0,0,1,0,1,0,0,0,1,0,0,0
1730,1.92807839482913,0.3683009708372525,SC,2023-01-29,1,0,1,0,1,1,1,0,1,0,1,0
1731,17.8229805014252,0.3860818046511145,SC,2023-01-30,1,0,1,0,1,1,0,0,0,0,0,1
1732,8.42955684374386,0.4647107100510755,SC,2023-01-31,0,0,1,0,1,0,0,0,1,0,0,0
1733,13.3174052941077,0.38094211105292197,SC,2023-02-01,0,0,1,0,1,1,1,0,1,0,1,0
1734,12.1380650586903,0.340322963804651,SC,2023-02-02,0,0,1,0,1,1,0,0,1,0,1,0
1735,6.87856861970654,0.3380984142907425,SC,2023-02-03,1,0,1,0,1,1,1,0,1,0,1,0
1736,8.2432627721288,0.3684636516057585,SC,2023-02-04,0,0,0,0,1,1,0,0,0,0,0,0
1737,5.0332941095905,0.3018502053041735,SC,2023-02-05,1,0,1,0,1,1,1,0,1,0,0,0
1738,6.75391585777542,0.333316396283291,SC,2023-02-06,1,0,1,0,1,1,0,0,1,0,0,0
1739,10.9597279477195,0.3245269838858895,SC,2023-02-07,0,0,1,0,1,1,0,0,0,0,1,0
1740,7.25751974835354,0.321906916682977,SC,2023-02-08,0,0,1,0,0,1,1,0,0,0,0,1
1741,6.41355324884502,0.2796757276560835,SC,2023-02-09,1,0,1,0,1,1,0,0,1,0,1,0
1742,8.32059257220732,0.2988573344981395,SC,2023-02-10,1,0,1,0,1,1,0,0,1,0,1,0
1743,5.93509563381332,0.278154696945259,SC,2023-02-11,1,0,1,0,1,1,1,0,0,0,0,1
1744,10.0500331892708,0.240123487209358,SC,2023-02-12,1,0,1,0,1,1,1,0,1,0,1,1
1745,7.50910593792854,0.228980259423874,SC,2023-02-13,1,0,1,0,1,1,1,0,1,0,1,0
1746,11.4625030558144,0.2246115315619135,SC,2023-02-14,0,0,1,0,1,1,0,0,0,0,1,0
1747,0.968065563608328,0.2488647394051085,SC,2023-02-15,1,1,1,1,1,1,1,0,1,0,1,1
1748,7.2144329774707,0.2001107353701985,SC,2023-02-16,1,0,0,0,1,1,1,0,0,0,1,1
1749,1.31258490565289,0.2426225665026755,SC,2023-02-17,1,1,1,1,1,1,0,0,1,0,1,0
1750,0.989607653790811,0.1793048774146205,SC,2023-02-18,1,1,1,0,1,1,0,1,1,0,1,0
1751,1.8556743067089,0.153305744823371,SC,2023-02-19,1,0,1,0,1,1,0,1,1,0,1,0
1752,1.67428258518477,0.2037659993478715,SC,2023-02-20,1,1,1,0,1,1,1,0,1,0,1,0
1753,1.81142022990618,0.193479069281467,SC,2023-02-21,1,1,1,0,1,1,0,0,1,1,1,1
1754,1.49402090607182,0.182348402941231,SC,2023-02-22,1,1,1,1,1,1,1,0,1,0,1,0
1755,1.91554902953596,0.068651116615542,SC,2023-02-23,1,0,1,0,1,1,1,0,1,0,1,1
1756,0.314488568231378,0.1897843988601725,SC,2023-02-24,1,1,1,1,1,1,1,0,1,0,1,1
1757,0.649894097221585,0.0507058840347055,SC,2023-02-25,1,1,1,1,1,1,1,0,1,0,1,1
1758,0.861417279887845,0.1024160363520255,SC,2023-02-26,1,1,1,1,1,1,1,0,1,1,0,1
1759,2.15402395982289,0.2882751204606905,SC,2023-02-27,1,0,1,0,0,1,1,0,1,0,0,1
1760,0.372536558320048,0.1245073579677365,SC,2023-02-28,1,1,1,1,1,1,1,1,1,1,1,1
1761,1.66090454267877,0.0257315960339607,SC,2023-03-01,1,0,1,0,1,1,1,0,1,0,1,1
1762,0.318561958162961,0.0214038322294161,SC,2023-03-02,1,1,1,1,1,1,1,1,1,1,1,1
1763,0.280140135356475,0.01770427557357415,SC,2023-03-03,1,1,1,1,1,1,1,0,1,0,1,1
1764,0.9059189245903,0.226231276088032,SC,2023-03-04,1,1,1,1,1,0,1,1,1,0,1,0
1765,NA,NA,SD,2023-01-22,NA,NA,NA,NA,NA,NA,NA,NA,NA,NA,NA,NA
1766,NA,NA,SD,2023-01-23,NA,NA,NA,NA,NA,NA,NA,NA,NA,NA,NA,NA
1767,0.146136542111033,0.0834127179536315,SD,2023-01-24,1,1,1,1,1,1,1,1,1,1,1,1
1768,NA,NA,SD,2023-01-25,NA,NA,NA,NA,NA,NA,NA,NA,NA,NA,NA,NA
1769,NA,NA,SD,2023-01-26,NA,NA,NA,NA,NA,NA,NA,NA,NA,NA,NA,NA
1770,NA,NA,SD,2023-01-27,NA,NA,NA,NA,NA,NA,NA,NA,NA,NA,NA,NA
1771,NA,NA,SD,2023-01-28,NA,NA,NA,NA,NA,NA,NA,NA,NA,NA,NA,NA
1772,NA,NA,SD,2023-01-29,NA,NA,NA,NA,NA,NA,NA,NA,NA,NA,NA,NA
1773,NA,NA,SD,2023-01-30,NA,NA,NA,NA,NA,NA,NA,NA,NA,NA,NA,NA
1774,NA,NA,SD,2023-01-31,NA,NA,NA,NA,NA,NA,NA,NA,NA,NA,NA,NA
1775,0.157422956283856,0.0905227740619955,SD,2023-02-01,1,1,1,1,1,1,1,1,1,1,1,1
1776,NA,NA,SD,2023-02-02,NA,NA,NA,NA,NA,NA,NA,NA,NA,NA,NA,NA
1777,NA,NA,SD,2023-02-03,NA,NA,NA,NA,NA,NA,NA,NA,NA,NA,NA,NA
1778,NA,NA,SD,2023-02-04,NA,NA,NA,NA,NA,NA,NA,NA,NA,NA,NA,NA
1779,NA,NA,SD,2023-02-05,NA,NA,NA,NA,NA,NA,NA,NA,NA,NA,NA,NA
1780,NA,NA,SD,2023-02-06,NA,NA,NA,NA,NA,NA,NA,NA,NA,NA,NA,NA
1781,NA,NA,SD,2023-02-07,NA,NA,NA,NA,NA,NA,NA,NA,NA,NA,NA,NA
1782,NA,NA,SD,2023-02-08,NA,NA,NA,NA,NA,NA,NA,NA,NA,NA,NA,NA
1783,NA,NA,SD,2023-02-09,NA,NA,NA,NA,NA,NA,NA,NA,NA,NA,NA,NA
1784,NA,NA,SD,2023-02-10,NA,NA,NA,NA,NA,NA,NA,NA,NA,NA,NA,NA
1785,NA,NA,SD,2023-02-11,NA,NA,NA,NA,NA,NA,NA,NA,NA,NA,NA,NA
1786,NA,NA,SD,2023-02-12,NA,NA,NA,NA,NA,NA,NA,NA,NA,NA,NA,NA
1787,NA,NA,SD,2023-02-13,NA,NA,NA,NA,NA,NA,NA,NA,NA,NA,NA,NA
1788,NA,NA,SD,2023-02-14,NA,NA,NA,NA,NA,NA,NA,NA,NA,NA,NA,NA
1789,NA,NA,SD,2023-02-15,NA,NA,NA,NA,NA,NA,NA,NA,NA,NA,NA,NA
1790,NA,NA,SD,2023-02-16,NA,NA,NA,NA,NA,NA,NA,NA,NA,NA,NA,NA
1791,NA,NA,SD,2023-02-17,NA,NA,NA,NA,NA,NA,NA,NA,NA,NA,NA,NA
1792,NA,NA,SD,2023-02-18,NA,NA,NA,NA,NA,NA,NA,NA,NA,NA,NA,NA
1793,NA,NA,SD,2023-02-19,NA,NA,NA,NA,NA,NA,NA,NA,NA,NA,NA,NA
1794,NA,NA,SD,2023-02-20,NA,NA,NA,NA,NA,NA,NA,NA,NA,NA,NA,NA
1795,NA,NA,SD,2023-02-21,NA,NA,NA,NA,NA,NA,NA,NA,NA,NA,NA,NA
1796,NA,NA,SD,2023-02-22,NA,NA,NA,NA,NA,NA,NA,NA,NA,NA,NA,NA
1797,NA,NA,SD,2023-02-23,NA,NA,NA,NA,NA,NA,NA,NA,NA,NA,NA,NA
1798,NA,NA,SD,2023-02-24,NA,NA,NA,NA,NA,NA,NA,NA,NA,NA,NA,NA
1799,NA,NA,SD,2023-02-25,NA,NA,NA,NA,NA,NA,NA,NA,NA,NA,NA,NA
1800,NA,NA,SD,2023-02-26,NA,NA,NA,NA,NA,NA,NA,NA,NA,NA,NA,NA
1801,NA,NA,SD,2023-02-27,NA,NA,NA,NA,NA,NA,NA,NA,NA,NA,NA,NA
1802,0.295013179670959,0.1746981313359895,SD,2023-02-28,1,1,1,1,1,1,1,0,1,0,1,1
1803,1.12004537343983,0.411672856961396,SD,2023-03-01,1,1,1,0,1,1,1,1,1,0,1,0
1804,1.50078286086067,0.409185774921001,SD,2023-03-02,1,1,1,0,1,0,0,0,1,1,1,1
1805,0.5074812311672,0.4030578830694685,SD,2023-03-03,1,1,1,1,1,1,0,1,1,0,1,1
1806,NA,NA,SD,2023-03-04,NA,NA,NA,NA,NA,NA,NA,NA,NA,NA,NA,NA
1807,9.6918729049127,0.406707325240094,TN,2023-01-22,1,0,1,0,1,1,0,0,0,0,0,1
1808,13.005069896299,0.343642959068736,TN,2023-01-23,0,0,1,0,1,1,0,0,0,0,1,0
1809,12.8212142864421,0.4154964230729975,TN,2023-01-24,1,0,0,0,0,1,0,0,0,0,0,1
1810,8.39795031878782,0.4220266833088475,TN,2023-01-25,1,0,1,0,1,1,0,0,1,0,1,1
1811,5.90270437975325,0.392160057279733,TN,2023-01-26,1,0,1,0,0,1,0,0,1,0,0,1
1812,6.64619146755943,0.4309319904333495,TN,2023-01-27,0,0,1,0,1,1,0,0,0,0,0,0
1813,5.95752783281011,0.400078546841103,TN,2023-01-28,1,0,1,0,1,1,0,0,0,0,0,1
1814,4.81377677570299,0.350416072975828,TN,2023-01-29,0,0,1,0,1,1,0,0,0,0,0,0
1815,6.79390013483798,0.381108856568316,TN,2023-01-30,0,0,1,0,1,1,1,0,1,0,0,1
1816,4.10595381947099,0.3569619755427955,TN,2023-01-31,1,0,1,0,1,1,0,0,1,0,1,1
1817,16.7419115092321,0.3982090837402895,TN,2023-02-01,0,0,1,0,1,1,0,0,1,0,0,1
1818,12.0849719936959,0.336908264818055,TN,2023-02-02,0,0,1,0,1,1,0,0,0,0,0,1
1819,2.06282576846686,0.326767246836523,TN,2023-02-03,0,1,1,0,1,1,0,0,0,0,0,1
1820,2.70742955814824,0.343024252988537,TN,2023-02-04,1,0,1,0,1,1,0,0,1,0,1,1
1821,0.732826320413259,0.341221171893005,TN,2023-02-05,1,1,1,1,0,1,1,0,1,0,0,1
1822,2.45069049020899,0.2475090940259405,TN,2023-02-06,0,0,1,1,1,1,0,0,1,0,0,1
1823,9.82809855962937,0.393399042737618,TN,2023-02-07,1,0,1,0,1,1,1,0,0,0,0,1
1824,4.51083122057461,0.3792392133754645,TN,2023-02-08,1,0,1,0,1,1,0,0,0,0,1,0
1825,7.73297583363235,0.337718456608621,TN,2023-02-09,1,0,1,0,1,1,1,0,1,0,1,0
1826,7.55104693632813,0.3182206339058455,TN,2023-02-10,0,0,1,0,1,1,0,0,0,0,0,0
1827,3.41222892295035,0.3212762986325355,TN,2023-02-11,1,0,1,0,1,1,1,0,1,0,1,1
1828,0.284691105881609,0.2667008863163605,TN,2023-02-12,1,1,1,1,1,1,0,1,1,0,1,1
1829,1.75970419696988,0.3502993668131815,TN,2023-02-13,1,0,1,0,1,1,0,0,0,0,1,1
1830,6.71287274841029,0.290376510987149,TN,2023-02-14,0,0,1,0,1,1,0,0,1,0,0,1
1831,3.13380433981206,0.2889845491404815,TN,2023-02-15,1,0,1,0,1,1,1,0,0,0,1,1
1832,2.58150481718911,0.2564814230218025,TN,2023-02-16,1,0,1,0,1,1,1,0,0,0,1,1
1833,4.74609220809601,0.2452510028132055,TN,2023-02-17,1,0,1,0,1,1,1,0,0,0,1,0
1834,1.76667847425544,0.2372881025882415,TN,2023-02-18,1,1,1,0,1,1,0,1,1,0,1,0
1835,8.17809617705952,0.2385754405893055,TN,2023-02-19,1,0,1,0,1,1,0,0,0,0,1,1
1836,1.70103764276203,0.2443437676319565,TN,2023-02-20,1,1,1,0,1,1,0,0,1,0,0,1
1837,2.28448414369759,0.254853320647686,TN,2023-02-21,1,0,1,0,1,1,1,0,0,0,1,1
1838,2.59051309306635,0.240311411578591,TN,2023-02-22,1,0,1,0,1,1,1,0,0,0,0,0
1839,1.61439308489077,0.3268134685808135,TN,2023-02-23,1,0,1,1,1,0,1,0,0,0,1,0
1840,1.83527938180979,0.2140839649036515,TN,2023-02-24,1,1,1,0,1,1,0,0,1,0,0,1
1841,0.961038708507363,0.1396594185168175,TN,2023-02-25,1,1,1,0,1,1,1,1,0,0,1,1
1842,NA,NA,TN,2023-02-26,NA,NA,NA,NA,NA,NA,NA,NA,NA,NA,NA,NA
1843,1.8787702584984,0.181403407191454,TN,2023-02-27,1,1,1,0,1,1,1,0,1,0,0,1
1844,1.41194267463548,0.262002894424762,TN,2023-02-28,1,1,1,1,1,0,1,0,0,0,0,0
1845,4.46714148979897,0.141654242823509,TN,2023-03-01,1,0,1,0,1,1,1,0,0,0,0,0
1846,2.20943371792831,0.1617495664720895,TN,2023-03-02,1,0,1,0,1,0,1,0,1,0,0,0
1847,0.440928724566203,0.197533092082022,TN,2023-03-03,1,1,1,1,1,1,1,0,1,0,1,1
1848,0.740354224708473,0.262001973737739,TN,2023-03-04,1,1,1,1,0,1,1,1,0,1,0,1
1849,16.4021270315249,0.329645684875852,TX,2023-01-22,0,0,1,0,0,0,0,0,1,0,0,0
1850,27.4234276042159,0.3261394613802695,TX,2023-01-23,0,0,1,0,1,1,0,0,0,0,0,0
1851,4.30169150715909,0.2968635064858365,TX,2023-01-24,1,0,1,0,1,1,0,0,0,0,1,1
1852,3.01547352881708,0.3030441972687995,TX,2023-01-25,1,0,1,0,1,1,0,0,1,0,1,0
1853,11.4200436968843,0.3390151411283735,TX,2023-01-26,0,0,1,0,1,1,0,0,0,0,1,0
1854,9.91357724302083,0.382948496879861,TX,2023-01-27,1,0,1,0,1,1,0,0,1,0,0,1
1855,20.1350431201758,0.328367277236312,TX,2023-01-28,0,0,0,0,1,1,0,0,0,0,1,0
1856,13.2331734251172,0.342772846749737,TX,2023-01-29,1,0,1,0,1,0,1,0,0,0,1,0
1857,28.8461815896449,0.3479558706777255,TX,2023-01-30,1,0,1,0,1,1,1,0,0,0,0,0
1858,3.64777178950362,0.3100671577728555,TX,2023-01-31,1,0,1,0,1,1,1,0,0,0,1,1
1859,0.5825972112774,0.230756382051701,TX,2023-02-01,1,1,1,1,1,1,1,1,1,0,0,1
1860,18.2463165210233,0.338001038372081,TX,2023-02-02,0,0,0,0,1,0,0,0,1,0,0,0
1861,25.452970968524,0.3253375910123285,TX,2023-02-03,0,0,0,0,1,1,0,0,1,0,0,0
1862,4.01383232155075,0.292683157651647,TX,2023-02-04,1,0,1,0,1,1,0,0,1,0,1,0
1863,7.89866215148345,0.336936967820896,TX,2023-02-05,1,0,1,0,0,1,1,0,0,0,1,1
1864,6.94799660172029,0.313967093189298,TX,2023-02-06,1,0,1,0,1,1,0,0,0,0,0,1
1865,12.8907370843614,0.313399283694373,TX,2023-02-07,0,0,1,0,1,1,0,0,0,0,0,0
1866,2.70013114427365,0.3492320492905225,TX,2023-02-08,0,0,1,0,1,1,0,0,1,0,0,1
1867,11.9815667723233,0.2752047368742645,TX,2023-02-09,1,0,0,0,1,1,1,0,0,0,0,1
1868,6.60276519136692,0.273815930118376,TX,2023-02-10,1,0,0,0,1,0,1,0,0,0,0,0
1869,1.29385194754589,0.2436906779259685,TX,2023-02-11,1,1,1,0,1,1,0,0,1,0,1,1
1870,5.90226346232125,0.2370376677037785,TX,2023-02-12,1,0,1,0,1,1,0,0,0,0,1,0
1871,8.36016348978181,0.2695584479608425,TX,2023-02-13,1,0,1,0,1,1,0,0,0,0,0,0
1872,8.61524346763512,0.2459899107734075,TX,2023-02-14,1,0,1,0,1,1,0,0,0,0,0,1
1873,1.43314130841224,0.262845119569813,TX,2023-02-15,1,1,1,1,1,0,1,0,0,0,1,0
1874,7.42893154926205,0.2336174563148795,TX,2023-02-16,1,0,1,0,1,1,0,0,0,0,0,1
1875,10.1746928511849,0.187946406124163,TX,2023-02-17,1,0,1,0,0,1,1,0,0,0,0,1
1876,6.30293931925046,0.223566178459693,TX,2023-02-18,1,0,0,0,1,1,1,0,0,0,0,0
1877,4.0608577826757,0.2016510245679585,TX,2023-02-19,1,0,1,0,1,1,1,0,0,0,0,1
1878,12.7639496146393,0.198077130507955,TX,2023-02-20,1,0,0,0,1,1,0,0,0,0,0,0
1879,13.6585083603225,0.188911089491294,TX,2023-02-21,1,0,0,0,1,1,0,0,0,0,0,0
1880,12.0625264989297,0.175882708240257,TX,2023-02-22,1,0,1,0,1,1,1,0,0,0,0,0
1881,7.33112359105684,0.1653184019160025,TX,2023-02-23,1,0,0,0,1,1,0,0,0,0,0,1
1882,6.30731795403502,0.19440610215085,TX,2023-02-24,1,0,1,0,1,1,0,0,0,0,0,0
1883,4.33886547023368,0.216265062437572,TX,2023-02-25,1,0,1,0,0,0,1,0,0,0,1,0
1884,2.49729258494232,0.16249665079257,TX,2023-02-26,1,1,1,0,1,1,1,0,0,0,1,0
1885,10.7738938412517,0.141749840910275,TX,2023-02-27,1,0,0,0,0,1,0,0,0,0,0,1
1886,3.73463012813054,0.192708738453648,TX,2023-02-28,1,0,1,1,1,0,0,0,0,0,0,0
1887,8.22179036410117,0.18543203301449,TX,2023-03-01,0,0,1,0,0,0,0,0,0,0,0,0
1888,7.45494441575416,0.1521480655417535,TX,2023-03-02,1,0,0,0,1,0,0,0,1,0,0,0
1889,3.73407525774957,0.2290619964030955,TX,2023-03-03,1,1,1,1,0,0,1,0,0,0,1,0
1890,2.29401558383349,0.0981405242665575,TX,2023-03-04,1,0,1,0,1,1,1,0,1,0,1,1
1891,0.479889793055865,0.2066920418027575,UT,2023-01-22,1,1,1,1,1,1,0,1,1,0,1,1
1892,1.99696343055512,0.3416460448653645,UT,2023-01-23,1,0,1,0,1,1,0,0,0,0,1,1
1893,0.569714265005894,0.257804312450841,UT,2023-01-24,1,1,1,1,1,1,1,0,1,0,1,1
1894,2.78942080847247,0.404424899365768,UT,2023-01-25,1,0,1,0,1,1,0,0,1,0,1,1
1895,1.52733782844822,0.3489993023055145,UT,2023-01-26,1,1,1,0,0,1,1,0,1,0,0,1
1896,2.26579360626868,0.3425208580832715,UT,2023-01-27,1,0,1,0,1,1,1,0,1,0,1,1
1897,1.07905140605033,0.3626463678960575,UT,2023-01-28,1,1,0,1,1,1,0,1,0,0,1,0
1898,0.62320772650353,0.2539671219669385,UT,2023-01-29,1,1,1,1,1,1,1,0,1,0,1,1
1899,2.62659943424965,0.4090520312894595,UT,2023-01-30,1,0,1,0,0,1,0,0,1,0,0,1
1900,3.60812114650576,0.3928574850808055,UT,2023-01-31,1,0,1,0,1,1,0,0,1,0,1,1
1901,3.8352472069509,0.3816762369147175,UT,2023-02-01,1,0,1,0,1,1,0,0,1,0,1,0
1902,1.08173324425782,0.3803142601961905,UT,2023-02-02,0,1,1,1,1,1,1,1,1,0,0,1
1903,0.776715649986549,0.316000165387818,UT,2023-02-03,1,1,1,1,1,0,0,1,1,0,1,0
1904,1.8157652705202,0.334847345662498,UT,2023-02-04,1,0,1,0,1,1,1,0,1,0,1,1
1905,0.260255651781016,0.2622085990904965,UT,2023-02-05,1,1,1,1,1,1,1,0,1,0,1,1
1906,1.30434838167073,0.305758058569394,UT,2023-02-06,1,1,1,1,0,1,1,0,0,0,0,0
1907,2.45271981564137,0.3060895575542935,UT,2023-02-07,1,0,1,0,1,1,0,0,0,0,1,0
1908,0.231902137847231,0.2579590008872225,UT,2023-02-08,1,1,1,1,1,1,1,0,1,0,1,1
1909,2.21834675762473,0.3443487686835215,UT,2023-02-09,1,0,1,0,0,1,0,0,1,0,0,1
1910,1.15979157181132,0.336495621298075,UT,2023-02-10,1,1,0,1,1,1,1,0,0,0,1,1
1911,0.347144344295873,0.2357176548366555,UT,2023-02-11,1,1,1,1,1,1,1,0,1,0,1,1
1912,1.34857309808749,0.3802703743507135,UT,2023-02-12,0,0,1,1,0,1,0,0,1,0,0,1
1913,4.43383648554821,0.252318230259139,UT,2023-02-13,1,0,1,0,1,1,1,0,1,0,1,0
1914,2.30679243272179,0.332302483125116,UT,2023-02-14,1,0,0,1,1,0,1,0,1,0,1,0
1915,1.3662586397227,0.209845886631838,UT,2023-02-15,1,1,1,0,1,1,1,0,1,0,0,1
1916,1.04754409322549,0.172182758136633,UT,2023-02-16,1,1,1,0,1,1,1,0,1,0,1,1
1917,1.53030666583917,0.1906372991974165,UT,2023-02-17,1,1,1,0,1,1,1,1,1,0,0,1
1918,0.836293623530484,0.31735804031053,UT,2023-02-18,1,1,1,1,1,0,0,0,1,0,1,0
1919,0.523157671426882,0.1386736563129985,UT,2023-02-19,1,1,1,1,1,1,1,1,1,1,1,1
1920,2.50113856066649,0.2413470299602655,UT,2023-02-20,0,0,1,0,1,0,0,0,1,0,0,0
1921,0.721040549258471,0.215289281878199,UT,2023-02-21,1,1,1,1,1,1,1,0,0,0,1,1
1922,0.402703617098398,0.109243290036317,UT,2023-02-22,1,1,1,1,1,1,1,1,1,1,1,1
1923,0.85997093203855,0.154262757341981,UT,2023-02-23,1,1,1,1,1,1,0,0,1,0,1,1
1924,0.959459201278817,0.2484561295119,UT,2023-02-24,1,1,1,1,1,0,1,0,1,0,1,0
1925,1.12330530675144,0.4412900746183645,UT,2023-02-25,1,1,1,0,1,0,1,1,1,0,1,0
1926,0.885331019934244,0.295388859573898,UT,2023-02-26,1,1,1,1,1,0,1,1,1,0,1,0
1927,1.93259528564148,0.0698141186536845,UT,2023-02-27,1,0,1,0,1,1,1,0,1,0,1,1
1928,1.32245999574561,0.0633617700401045,UT,2023-02-28,1,1,1,0,1,1,1,0,1,0,1,0
1929,0.854937170378088,0.194097568179606,UT,2023-03-01,1,1,1,1,1,0,1,1,1,0,1,0
1930,0.910438069802958,0.0518229718181585,UT,2023-03-02,1,1,1,0,1,1,1,1,1,1,1,1
1931,1.0232233497803,0.150444745803855,UT,2023-03-03,1,1,1,1,1,0,1,0,1,0,1,0
1932,0.883586576600906,0.1898281730428145,UT,2023-03-04,1,1,1,1,1,0,1,0,1,1,1,0
1933,16.570231124508,0.29385087603716,VA,2023-01-22,0,0,0,0,0,0,0,0,0,0,0,0
1934,22.0755388041841,0.3265021682387695,VA,2023-01-23,1,0,1,0,1,1,0,0,0,0,0,1
1935,26.195766527532,0.3140987500875985,VA,2023-01-24,0,0,1,0,0,0,0,0,0,0,0,0
1936,31.1682632263214,0.331882476185203,VA,2023-01-25,0,0,1,0,0,1,0,0,0,0,0,1
1937,18.4570501079825,0.2939631380409375,VA,2023-01-26,0,0,0,0,1,1,0,0,0,0,1,0
1938,13.4734877145543,0.291502879928817,VA,2023-01-27,1,0,1,0,1,1,1,0,0,0,0,1
1939,18.2614491400246,0.2902943260768505,VA,2023-01-28,0,0,0,0,1,0,0,0,0,0,0,0
1940,12.0337854147847,0.251954767664144,VA,2023-01-29,1,0,1,0,1,1,0,0,1,0,1,0
1941,26.9489571663947,0.2785440560884205,VA,2023-01-30,1,0,0,0,1,1,0,0,0,0,0,1
1942,19.0667878855035,0.2635817101380265,VA,2023-01-31,1,0,0,0,1,1,0,0,0,0,0,0
1943,23.2223981528437,0.237973460387118,VA,2023-02-01,0,0,1,0,1,1,0,0,0,0,0,0
1944,21.7858164563424,0.2253678658130605,VA,2023-02-02,0,0,1,0,0,1,1,0,0,0,0,0
1945,19.7707658341224,0.213368660411079,VA,2023-02-03,0,0,0,0,1,1,0,0,0,0,0,0
1946,15.9867519105905,0.225264363832892,VA,2023-02-04,0,0,1,0,0,0,0,0,0,0,0,0
1947,8.19330321911534,0.2732818070487295,VA,2023-02-05,1,0,1,0,0,1,0,0,0,0,0,0
1948,24.1995366408091,0.1828719823549445,VA,2023-02-06,0,0,1,0,1,0,0,0,1,0,0,0
1949,17.0442309835261,0.20743498321252,VA,2023-02-07,0,0,1,0,1,1,0,0,0,0,1,1
1950,19.1091618424185,0.1832993346124525,VA,2023-02-08,0,0,0,0,0,1,0,0,0,0,0,0
1951,12.7448449367477,0.178386188235199,VA,2023-02-09,0,0,0,0,1,0,0,0,0,0,0,1
1952,13.1971813955079,0.1652714013366445,VA,2023-02-10,1,0,1,0,1,1,0,0,0,0,0,0
1953,5.5614152338888,0.2023463008788635,VA,2023-02-11,0,0,1,0,1,1,0,0,0,0,1,1
1954,7.57096035468347,0.1303491757880565,VA,2023-02-12,1,0,1,0,1,1,1,0,0,0,0,1
1955,7.63051268664604,0.1584257187328395,VA,2023-02-13,1,0,1,0,1,1,1,0,1,0,0,0
1956,3.60334625340821,0.2090847464037455,VA,2023-02-14,0,0,1,0,0,1,1,0,0,0,0,1
1957,5.07938281136141,0.199190693489481,VA,2023-02-15,0,0,1,0,1,1,1,0,1,0,0,1
1958,5.92747026011768,0.132966522759718,VA,2023-02-16,1,0,1,0,1,1,0,0,1,0,0,1
1959,4.08378023147589,0.185877627080144,VA,2023-02-17,0,0,1,0,1,0,0,0,0,0,0,0
1960,2.41804585982701,0.136986802732962,VA,2023-02-18,1,1,1,0,1,1,0,0,1,0,0,1
1961,5.354381036964,0.0810937184246845,VA,2023-02-19,1,0,1,0,1,1,0,0,1,0,1,1
1962,2.19255750237351,0.142634819572925,VA,2023-02-20,1,1,1,0,1,1,0,0,1,0,0,1
1963,1.96378485059513,0.142686890182607,VA,2023-02-21,1,1,1,0,1,1,0,0,1,0,1,0
1964,1.99128623890092,0.1543417469574935,VA,2023-02-22,1,1,1,1,1,0,1,0,1,0,1,0
1965,4.08199832235842,0.091552046685693,VA,2023-02-23,1,0,1,0,1,1,0,0,1,0,1,1
1966,1.00993869011149,0.16730337333001,VA,2023-02-24,1,1,1,1,1,1,0,1,0,0,1,0
1967,1.53700701260387,0.129633644751326,VA,2023-02-25,1,1,1,1,1,1,0,0,0,0,0,1
1968,1.22245787513459,0.149173109987944,VA,2023-02-26,1,1,1,1,1,1,0,0,1,0,0,0
1969,1.76176035591912,0.182118048214271,VA,2023-02-27,1,1,0,1,1,1,1,0,0,1,0,1
1970,2.4908870564359,0.110620508893694,VA,2023-02-28,1,0,1,1,0,1,1,0,1,0,0,0
1971,2.21392630786157,0.1478142781542155,VA,2023-03-01,1,1,1,1,1,0,0,0,1,0,0,0
1972,1.643709611438,0.198630797194755,VA,2023-03-02,1,1,1,0,1,0,0,1,1,0,0,1
1973,2.51867285947145,0.054718578229406,VA,2023-03-03,1,0,1,0,1,1,1,0,1,0,1,0
1974,2.95429443894584,0.1704655118006875,VA,2023-03-04,1,1,0,0,1,0,0,0,0,0,0,0
1975,1.24489731237548,0.192877086938001,VT,2023-01-22,1,0,1,1,1,1,0,0,1,0,1,1
1976,4.48823664824773,0.393710910551983,VT,2023-01-23,1,0,0,0,1,1,0,0,0,0,1,1
1977,2.20252206803269,0.3034719624977725,VT,2023-01-24,1,1,1,0,1,1,0,0,0,0,1,1
1978,4.85659461142105,0.3250100124156645,VT,2023-01-25,0,0,1,0,1,1,0,0,1,0,1,0
1979,1.64660886659412,0.30912848456754,VT,2023-01-26,1,1,0,0,1,1,1,1,0,1,1,0
1980,0.518229399097858,0.2654523288122795,VT,2023-01-27,1,1,1,1,1,1,0,1,1,0,1,1
1981,0.835802434918561,0.397935891556397,VT,2023-01-28,1,1,0,1,1,1,0,1,0,0,1,0
1982,0.402804721257526,0.264509694837177,VT,2023-01-29,1,1,1,1,1,1,1,1,1,1,1,1
1983,3.35832848163201,0.2918438331410265,VT,2023-01-30,1,0,1,0,1,1,0,0,1,0,1,0
1984,1.76957365025478,0.356605506370155,VT,2023-01-31,1,0,0,1,0,1,0,0,0,0,1,0
1985,2.78735292961337,0.227821895112456,VT,2023-02-01,1,0,1,0,1,1,1,0,1,0,1,1
1986,1.66720663826609,0.2166995548686505,VT,2023-02-02,1,0,1,0,1,1,1,0,1,0,1,1
1987,4.62111226455883,0.205964172002486,VT,2023-02-03,1,0,1,0,1,1,0,0,1,0,0,1
1988,3.26403806573481,0.246114930139512,VT,2023-02-04,1,0,1,0,1,1,0,0,1,0,1,0
1989,1.81792819110019,0.249576293547861,VT,2023-02-05,1,0,1,0,1,1,0,0,1,0,1,0
1990,3.31485006621574,0.2113893660866355,VT,2023-02-06,0,1,1,0,1,1,0,1,1,0,1,1
1991,0.625612061607562,0.2720898918891435,VT,2023-02-07,1,1,1,1,1,1,1,0,1,0,1,1
1992,0.91510674213018,0.1583767426145285,VT,2023-02-08,1,1,1,0,1,1,0,0,1,0,1,1
1993,1.87114524391315,0.399007455265508,VT,2023-02-09,1,0,1,1,1,0,0,0,1,0,1,0
1994,3.43334007952632,0.1422491218338105,VT,2023-02-10,1,0,1,0,1,1,0,0,1,0,1,1
1995,1.75757590055714,0.167576371093288,VT,2023-02-11,1,1,1,0,1,1,0,0,1,0,1,1
1996,0.586212123094501,0.190772974580754,VT,2023-02-12,1,1,1,1,1,1,0,1,1,0,1,0
1997,0.740148132463547,0.1769019719352695,VT,2023-02-13,1,1,1,1,1,1,1,0,1,1,1,0
1998,NA,NA,VT,2023-02-14,NA,NA,NA,NA,NA,NA,NA,NA,NA,NA,NA,NA
1999,0.113184065054348,0.1090593878209165,VT,2023-02-15,1,1,1,1,1,1,1,0,1,0,1,1
2000,0.475550090699186,0.298592098707445,VT,2023-02-16,1,1,1,1,1,1,0,0,1,0,1,1
2001,NA,NA,VT,2023-02-17,NA,NA,NA,NA,NA,NA,NA,NA,NA,NA,NA,NA
2002,NA,NA,VT,2023-02-18,NA,NA,NA,NA,NA,NA,NA,NA,NA,NA,NA,NA
2003,0.0847997240669377,0.0894041456352885,VT,2023-02-19,1,1,1,1,1,1,1,1,1,1,1,1
2004,0.0830869558813296,0.085378381476369,VT,2023-02-20,1,1,1,1,1,1,1,0,1,0,1,1
2005,0.0749287113975846,0.081690080564901,VT,2023-02-21,1,1,1,1,1,1,0,1,1,0,1,1
2006,0.212174882926551,0.0783305800456945,VT,2023-02-22,1,1,1,1,1,1,1,0,1,0,1,1
2007,0.0641360840336012,0.0752914695909025,VT,2023-02-23,1,1,1,1,1,1,1,1,1,1,1,1
2008,0.653979028847886,0.328199553776762,VT,2023-02-24,1,1,1,1,1,1,1,1,1,1,1,1
2009,NA,NA,VT,2023-02-25,NA,NA,NA,NA,NA,NA,NA,NA,NA,NA,NA,NA
2010,NA,NA,VT,2023-02-26,NA,NA,NA,NA,NA,NA,NA,NA,NA,NA,NA,NA
2011,0.473331856442086,0.1754368491569525,VT,2023-02-27,1,1,1,1,1,1,1,0,1,0,1,1
2012,0.86232285409602,0.064626008888692,VT,2023-02-28,1,1,1,1,1,1,0,0,1,0,1,1
2013,0.527657128006313,0.144271977071107,VT,2023-03-01,1,1,1,1,1,1,0,0,1,0,1,1
2014,1.07357476144973,0.0623316974216425,VT,2023-03-02,1,1,1,0,1,1,0,0,1,0,1,1
2015,0.351445371393316,0.0615747117790435,VT,2023-03-03,1,1,1,1,1,1,1,0,1,0,1,1
2016,0.221649623835953,0.0610649294105115,VT,2023-03-04,1,1,1,1,1,1,0,1,1,0,1,1
2017,6.57477981612591,0.3538507233612455,WA,2023-01-22,0,0,0,0,1,1,0,0,0,0,1,1
2018,10.9550756398216,0.323141924581473,WA,2023-01-23,1,0,1,0,1,0,0,0,0,0,0,0
2019,9.07735535532422,0.2965779105200635,WA,2023-01-24,0,1,1,0,1,0,0,0,0,0,0,0
2020,15.9799688269196,0.2855565408800065,WA,2023-01-25,0,1,1,0,1,0,0,0,1,0,0,0
2021,3.66822111754261,0.226609567301284,WA,2023-01-26,0,0,1,1,1,1,0,0,0,0,0,1
2022,1.86635951725768,0.2353679770618085,WA,2023-01-27,0,1,1,0,1,1,1,0,0,0,1,0
2023,7.09353970773282,0.3272526716110785,WA,2023-01-28,0,0,1,0,1,0,0,0,1,0,0,0
2024,2.32321375902419,0.221953323377751,WA,2023-01-29,1,0,1,1,1,0,0,0,0,0,0,0
2025,16.6621018474852,0.324251403325429,WA,2023-01-30,0,0,1,0,1,0,0,0,0,0,0,0
2026,11.2341120581642,0.287109847608306,WA,2023-01-31,0,1,1,0,1,0,0,0,0,0,0,0
2027,2.2008692039267,0.279633207982025,WA,2023-02-01,0,1,1,1,1,1,0,0,0,1,0,0
2028,22.3572726174399,0.358303678871118,WA,2023-02-02,0,0,1,0,1,0,0,0,0,0,0,0
2029,26.9318866602013,0.368252290589714,WA,2023-02-03,0,0,0,0,1,1,0,0,0,0,0,0
2030,9.84279862650058,0.2870808199038385,WA,2023-02-04,1,1,0,0,1,0,0,0,0,0,0,0
2031,8.64424312670246,0.3338945837796085,WA,2023-02-05,1,0,0,0,1,1,0,0,1,0,0,1
2032,22.8688048262985,0.3435949022515015,WA,2023-02-06,1,0,1,0,1,0,0,0,0,0,1,0
2033,37.3314684755722,0.3565649359677545,WA,2023-02-07,0,0,0,0,1,1,0,0,0,0,0,0
2034,29.4859051159242,0.374178060052866,WA,2023-02-08,0,0,0,0,1,1,0,0,1,0,0,0
2035,13.4760421397383,0.3261347689491065,WA,2023-02-09,0,0,0,0,0,1,0,0,0,0,0,0
2036,23.1194798275823,0.3771386591347415,WA,2023-02-10,1,0,1,0,0,0,0,0,0,0,0,0
2037,22.9248317342247,0.3521904439311605,WA,2023-02-11,0,0,1,0,0,0,0,0,0,0,0,0
2038,11.9380476116587,0.3696921612431755,WA,2023-02-12,0,0,1,0,1,0,0,0,0,0,0,0
2039,41.569971199251,0.3659407554100865,WA,2023-02-13,0,0,1,0,1,1,0,0,0,0,0,0
2040,23.7588610481247,0.322830022235973,WA,2023-02-14,1,0,0,0,1,0,0,0,0,0,1,0
2041,34.9858912141551,0.355198350588863,WA,2023-02-15,0,0,1,0,1,1,0,0,0,0,0,0
2042,36.9875416366672,0.3450097855057255,WA,2023-02-16,1,0,0,0,0,1,0,0,0,0,0,0
2043,35.0667847298221,0.3144211016223655,WA,2023-02-17,0,0,1,0,1,1,0,0,0,0,0,0
2044,23.2592009794232,0.358733393862356,WA,2023-02-18,0,0,1,0,1,0,0,0,0,0,1,0
2045,13.9946108405348,0.346402077550737,WA,2023-02-19,1,0,0,0,1,1,0,0,0,0,0,0
2046,16.698677778117,0.3283640630358465,WA,2023-02-20,0,0,1,0,0,0,1,0,1,0,0,0
2047,30.2542917932993,0.3010693065279385,WA,2023-02-21,0,0,1,0,1,1,0,0,1,0,0,0
2048,24.5469023371766,0.270944556820632,WA,2023-02-22,1,0,1,0,1,0,1,0,0,0,1,0
2049,20.0771654500119,0.2641726852972455,WA,2023-02-23,1,0,0,0,1,0,0,0,0,0,0,0
2050,25.1323986051694,0.2839628433071765,WA,2023-02-24,1,0,1,0,0,1,0,0,0,0,0,0
2051,19.0247603887803,0.2572142627724595,WA,2023-02-25,1,0,1,0,1,1,0,0,0,0,1,1
2052,11.0769830682409,0.2365572549035075,WA,2023-02-26,1,0,1,0,1,1,0,0,0,0,1,0
2053,20.7969588258624,0.270453707627312,WA,2023-02-27,0,0,1,0,0,0,0,0,0,0,0,0
2054,14.0196920878072,0.2537815596564285,WA,2023-02-28,1,0,0,0,1,0,1,0,0,0,1,0
2055,20.6032150089667,0.2633997018294825,WA,2023-03-01,0,0,1,0,0,1,0,0,0,0,0,0
2056,19.7019421988293,0.18325546406612,WA,2023-03-02,1,0,1,0,1,1,0,0,0,0,1,0
2057,10.2936290955306,0.2467996762653355,WA,2023-03-03,1,0,0,0,0,0,0,0,1,0,0,0
2058,10.2597412037973,0.219659928025394,WA,2023-03-04,1,0,1,0,1,0,0,0,0,0,0,0
2059,1.29914360932826,0.2946859771159595,WI,2023-01-22,1,1,1,1,1,0,1,1,1,0,1,0
2060,2.31485109979913,0.3162096409982255,WI,2023-01-23,1,1,1,0,1,1,0,0,0,0,1,0
2061,4.94917931561158,0.3654248372789805,WI,2023-01-24,1,0,1,0,1,1,0,0,1,0,1,0
2062,2.76971815868983,0.357225000805467,WI,2023-01-25,1,0,0,0,1,0,1,0,0,0,0,0
2063,3.3296196861571,0.391057787602637,WI,2023-01-26,1,0,1,0,1,1,1,0,0,0,1,0
2064,4.06379132606152,0.3199738807516625,WI,2023-01-27,0,1,1,0,1,1,0,0,0,0,0,0
2065,1.79312272689585,0.3289407389576825,WI,2023-01-28,1,1,1,0,1,1,0,0,1,0,0,1
2066,2.96152016907923,0.348241130487796,WI,2023-01-29,1,0,1,0,1,1,1,0,1,0,0,1
2067,3.97753883313228,0.2863631740101975,WI,2023-01-30,0,1,1,0,1,1,0,0,1,0,0,0
2068,3.13444980190127,0.2757676746519165,WI,2023-01-31,0,1,1,0,1,1,1,0,1,1,0,0
2069,4.72629949360564,0.384446004657732,WI,2023-02-01,1,0,1,0,1,1,0,0,1,1,1,0
2070,2.17276487521242,0.31416651202791,WI,2023-02-02,1,1,1,0,1,1,0,0,0,1,1,0
2071,1.83316255729634,0.281396768621753,WI,2023-02-03,1,1,1,0,1,1,1,1,1,1,1,1
2072,0.927164456828497,0.2694471255760555,WI,2023-02-04,1,1,1,0,1,1,1,1,1,0,1,0
2073,1.80410525302403,0.411168667279415,WI,2023-02-05,1,0,0,1,0,1,0,1,0,0,0,0
2074,2.8379112758694802,0.3225437497569135,WI,2023-02-06,1,0,1,0,1,1,0,0,0,0,0,1
2075,4.42971836215991,0.345525888951611,WI,2023-02-07,1,0,1,0,1,1,0,0,0,0,0,1
2076,7.23865842540062,0.283582402580028,WI,2023-02-08,1,0,1,0,1,1,0,0,0,0,0,1
2077,6.20639255042795,0.329162732886197,WI,2023-02-09,1,0,1,0,1,1,0,0,1,0,1,0
2078,6.21645019936834,0.2567472354357525,WI,2023-02-10,1,0,1,0,1,1,0,0,1,0,0,1
2079,3.52322784721763,0.252184851717464,WI,2023-02-11,1,0,1,0,1,1,1,0,1,0,1,1
2080,4.46721217562319,0.2427792479460645,WI,2023-02-12,1,0,1,0,1,1,0,0,0,0,1,0
2081,4.75730375356628,0.2397241124241165,WI,2023-02-13,1,0,1,0,1,1,1,0,0,0,1,0
2082,2.97863685180565,0.3055508548157885,WI,2023-02-14,1,0,1,0,1,1,0,0,0,0,0,0
2083,6.54267478313013,0.236659495858913,WI,2023-02-15,1,0,1,0,1,1,1,0,0,0,1,0
2084,0.996624147418899,0.2912659515670975,WI,2023-02-16,1,1,1,1,0,1,1,0,1,0,0,1
2085,1.98081041034264,0.343994783163599,WI,2023-02-17,1,0,1,1,0,1,1,0,0,0,0,0
2086,1.30395960134434,0.2139865073416945,WI,2023-02-18,1,1,1,0,1,1,1,0,1,1,1,0
2087,2.47508206197137,0.287116475237796,WI,2023-02-19,1,0,1,0,0,1,1,0,1,0,0,0
2088,1.8610160122765,0.277550489693086,WI,2023-02-20,1,1,1,1,1,1,1,0,0,0,0,1
2089,2.18634519688629,0.2617550400226435,WI,2023-02-21,1,0,1,0,1,1,0,0,1,0,1,0
2090,0.986406464290904,0.2522321980343725,WI,2023-02-22,1,1,1,1,1,1,1,0,0,0,1,0
2091,2.19481552352742,0.1823520354869505,WI,2023-02-23,1,1,1,0,1,1,1,0,1,1,1,0
2092,2.07548698312598,0.347436722869612,WI,2023-02-24,0,1,1,0,0,1,0,0,1,0,0,1
2093,1.65445382354955,0.2107195035607495,WI,2023-02-25,1,1,1,0,1,1,1,0,1,0,0,1
2094,1.2978031580904,0.144640161597291,WI,2023-02-26,1,1,1,0,1,1,1,0,1,0,1,1
2095,3.21126830304311,0.1904761385119705,WI,2023-02-27,1,0,1,0,1,1,0,0,1,0,0,1
2096,3.81666569379357,0.234691095507171,WI,2023-02-28,1,0,1,1,1,0,0,0,0,0,1,0
2097,3.38131911354693,0.1669501926691685,WI,2023-03-01,1,0,1,0,1,0,1,0,0,0,1,0
2098,1.62144617732351,0.176617140148203,WI,2023-03-02,1,1,1,1,1,1,1,0,1,1,1,0
2099,0.980356255793242,0.207073455001782,WI,2023-03-03,1,1,1,1,0,1,1,1,1,0,0,1
2100,1.33793735610785,0.1634330474072245,WI,2023-03-04,1,1,1,1,1,0,1,0,0,0,1,0
2101,0.648793791969248,0.4519311849708625,WV,2023-01-22,1,1,1,0,1,1,1,0,1,0,1,1
2102,0.849251443210739,0.2775029650236865,WV,2023-01-23,1,1,1,1,1,1,0,0,1,0,1,1
2103,2.50070670624949,0.38068347648056,WV,2023-01-24,1,0,1,0,1,1,1,1,1,0,1,0
2104,1.25368387731474,0.352106495346504,WV,2023-01-25,1,1,1,0,1,1,0,0,1,0,1,1
2105,2.06863508547676,0.416415582343428,WV,2023-01-26,1,0,1,0,1,1,0,0,1,0,1,1
2106,1.70635109958715,0.4159322628882275,WV,2023-01-27,1,1,0,1,1,1,1,0,0,1,1,1
2107,0.388808489871159,0.2948855815189915,WV,2023-01-28,1,1,1,1,1,1,1,1,0,0,1,1
2108,0.691571091437672,0.1955390415902775,WV,2023-01-29,1,0,1,1,1,1,1,0,1,0,1,1
2109,1.95265777259697,0.2823618449401405,WV,2023-01-30,0,1,1,0,1,1,0,0,1,0,0,1
2110,0.606654754997789,0.3289374021417525,WV,2023-01-31,1,1,1,1,1,1,0,0,1,0,1,1
2111,1.21713658342161,0.209967584875318,WV,2023-02-01,1,0,1,1,1,1,1,0,1,0,1,1
2112,1.4924873897689,0.4500462708086545,WV,2023-02-02,1,0,0,0,1,1,0,0,0,0,1,1
2113,1.66648616645797,0.3042434559751445,WV,2023-02-03,1,1,1,0,1,1,1,0,1,0,1,1
2114,0.726428021280713,0.498024545106617,WV,2023-02-04,0,1,1,1,1,1,0,0,1,1,1,1
2115,NA,NA,WV,2023-02-05,NA,NA,NA,NA,NA,NA,NA,NA,NA,NA,NA,NA
2116,0.509530860076874,0.3534007223578155,WV,2023-02-06,1,1,1,1,1,1,0,0,1,0,1,1
2117,1.26755652415656,0.2827990683689145,WV,2023-02-07,1,1,1,0,1,1,0,0,1,0,1,1
2118,1.10345548462943,0.3334677197648335,WV,2023-02-08,1,1,1,0,1,1,1,0,1,0,1,1
2119,2.94114437317832,0.295411939704579,WV,2023-02-09,1,0,1,0,1,1,1,0,0,0,1,1
2120,0.585989723251796,0.2751816738565685,WV,2023-02-10,1,1,1,1,1,1,0,0,1,1,1,1
2121,0.982775324237012,0.2790663190161045,WV,2023-02-11,1,1,1,0,1,1,1,0,1,0,1,1
2122,0.954513705793597,0.2710109501637555,WV,2023-02-12,1,1,1,0,1,1,1,0,1,0,1,1
2123,1.48208864483124,0.326647509627741,WV,2023-02-13,1,0,1,0,1,1,1,1,1,1,1,1
2124,1.42916913541027,0.292534189273888,WV,2023-02-14,1,1,1,0,1,1,0,1,1,0,1,1
2125,0.884072074753282,0.3587982493567835,WV,2023-02-15,1,1,1,1,1,0,0,0,1,0,1,0
2126,1.42091612402865,0.2530598994388025,WV,2023-02-16,1,1,1,0,1,1,0,0,1,0,1,1
2127,0.838243976583765,0.23202065459857,WV,2023-02-17,1,1,1,0,1,1,1,0,1,0,1,1
2128,0.285121782516545,0.2735992134078705,WV,2023-02-18,1,1,1,1,1,1,0,1,1,0,1,1
2129,0.321389733404482,0.2170774472283995,WV,2023-02-19,1,1,1,1,1,1,1,1,1,1,1,1
2130,1.71031707441533,0.2313556137297585,WV,2023-02-20,1,1,1,0,1,1,1,0,1,0,1,0
2131,0.786020369217727,0.238888729261734,WV,2023-02-21,1,1,1,1,1,1,1,0,1,1,1,0
2132,1.6447711287147,0.28485869385696,WV,2023-02-22,1,1,1,0,0,1,0,0,1,0,0,1
2133,0.698892919428877,0.188439138986611,WV,2023-02-23,1,1,1,0,1,1,1,0,1,0,1,1
2134,0.681145802365072,0.181557476341384,WV,2023-02-24,1,1,1,1,1,1,1,0,1,0,1,1
2135,0.251857081047385,0.174793245418267,WV,2023-02-25,1,1,1,1,1,1,1,1,1,1,1,1
2136,0.530419605467063,0.3933017249180905,WV,2023-02-26,1,1,1,1,1,1,1,0,1,0,1,1
2137,0.860277431358083,0.2650075146873495,WV,2023-02-27,1,1,1,1,1,1,0,0,1,1,1,1
2138,0.6086226302428,0.2581551561396425,WV,2023-02-28,1,1,1,1,1,1,0,0,1,0,1,1
2139,0.374200335766667,0.240102658190282,WV,2023-03-01,1,1,1,1,1,1,1,0,1,0,1,1
2140,0.869080356786853,0.225551604418301,WV,2023-03-02,1,1,1,1,1,1,0,1,1,0,1,1
2141,1.30668973244127,0.1368477295203695,WV,2023-03-03,1,1,1,0,1,1,1,0,1,0,0,0
2142,0.194489974589565,0.130991074959165,WV,2023-03-04,1,1,1,1,1,1,1,1,0,0,1,1
2143,NA,NA,WY,2023-01-22,NA,NA,NA,NA,NA,NA,NA,NA,NA,NA,NA,NA
2144,NA,NA,WY,2023-01-23,NA,NA,NA,NA,NA,NA,NA,NA,NA,NA,NA,NA
2145,NA,NA,WY,2023-01-24,NA,NA,NA,NA,NA,NA,NA,NA,NA,NA,NA,NA
2146,NA,NA,WY,2023-01-25,NA,NA,NA,NA,NA,NA,NA,NA,NA,NA,NA,NA
2147,NA,NA,WY,2023-01-26,NA,NA,NA,NA,NA,NA,NA,NA,NA,NA,NA,NA
2148,NA,NA,WY,2023-01-27,NA,NA,NA,NA,NA,NA,NA,NA,NA,NA,NA,NA
2149,NA,NA,WY,2023-01-28,NA,NA,NA,NA,NA,NA,NA,NA,NA,NA,NA,NA
2150,NA,NA,WY,2023-01-29,NA,NA,NA,NA,NA,NA,NA,NA,NA,NA,NA,NA
2151,NA,NA,WY,2023-01-30,NA,NA,NA,NA,NA,NA,NA,NA,NA,NA,NA,NA
2152,NA,NA,WY,2023-01-31,NA,NA,NA,NA,NA,NA,NA,NA,NA,NA,NA,NA
2153,NA,NA,WY,2023-02-01,NA,NA,NA,NA,NA,NA,NA,NA,NA,NA,NA,NA
2154,NA,NA,WY,2023-02-02,NA,NA,NA,NA,NA,NA,NA,NA,NA,NA,NA,NA
2155,NA,NA,WY,2023-02-03,NA,NA,NA,NA,NA,NA,NA,NA,NA,NA,NA,NA
2156,NA,NA,WY,2023-02-04,NA,NA,NA,NA,NA,NA,NA,NA,NA,NA,NA,NA
2157,NA,NA,WY,2023-02-05,NA,NA,NA,NA,NA,NA,NA,NA,NA,NA,NA,NA
2158,NA,NA,WY,2023-02-06,NA,NA,NA,NA,NA,NA,NA,NA,NA,NA,NA,NA
2159,NA,NA,WY,2023-02-07,NA,NA,NA,NA,NA,NA,NA,NA,NA,NA,NA,NA
2160,NA,NA,WY,2023-02-08,NA,NA,NA,NA,NA,NA,NA,NA,NA,NA,NA,NA
2161,NA,NA,WY,2023-02-09,NA,NA,NA,NA,NA,NA,NA,NA,NA,NA,NA,NA
2162,NA,NA,WY,2023-02-10,NA,NA,NA,NA,NA,NA,NA,NA,NA,NA,NA,NA
2163,NA,NA,WY,2023-02-11,NA,NA,NA,NA,NA,NA,NA,NA,NA,NA,NA,NA
2164,NA,NA,WY,2023-02-12,NA,NA,NA,NA,NA,NA,NA,NA,NA,NA,NA,NA
2165,NA,NA,WY,2023-02-13,NA,NA,NA,NA,NA,NA,NA,NA,NA,NA,NA,NA
2166,NA,NA,WY,2023-02-14,NA,NA,NA,NA,NA,NA,NA,NA,NA,NA,NA,NA
2167,NA,NA,WY,2023-02-15,NA,NA,NA,NA,NA,NA,NA,NA,NA,NA,NA,NA
2168,NA,NA,WY,2023-02-16,NA,NA,NA,NA,NA,NA,NA,NA,NA,NA,NA,NA
2169,NA,NA,WY,2023-02-17,NA,NA,NA,NA,NA,NA,NA,NA,NA,NA,NA,NA
2170,NA,NA,WY,2023-02-18,NA,NA,NA,NA,NA,NA,NA,NA,NA,NA,NA,NA
2171,NA,NA,WY,2023-02-19,NA,NA,NA,NA,NA,NA,NA,NA,NA,NA,NA,NA
2172,NA,NA,WY,2023-02-20,NA,NA,NA,NA,NA,NA,NA,NA,NA,NA,NA,NA
2173,NA,NA,WY,2023-02-21,NA,NA,NA,NA,NA,NA,NA,NA,NA,NA,NA,NA
2174,NA,NA,WY,2023-02-22,NA,NA,NA,NA,NA,NA,NA,NA,NA,NA,NA,NA
2175,NA,NA,WY,2023-02-23,NA,NA,NA,NA,NA,NA,NA,NA,NA,NA,NA,NA
2176,NA,NA,WY,2023-02-24,NA,NA,NA,NA,NA,NA,NA,NA,NA,NA,NA,NA
2177,NA,NA,WY,2023-02-25,NA,NA,NA,NA,NA,NA,NA,NA,NA,NA,NA,NA
2178,NA,NA,WY,2023-02-26,NA,NA,NA,NA,NA,NA,NA,NA,NA,NA,NA,NA
2179,NA,NA,WY,2023-02-27,NA,NA,NA,NA,NA,NA,NA,NA,NA,NA,NA,NA
2180,NA,NA,WY,2023-02-28,NA,NA,NA,NA,NA,NA,NA,NA,NA,NA,NA,NA
2181,NA,NA,WY,2023-03-01,NA,NA,NA,NA,NA,NA,NA,NA,NA,NA,NA,NA
2182,NA,NA,WY,2023-03-02,NA,NA,NA,NA,NA,NA,NA,NA,NA,NA,NA,NA
2183,NA,NA,WY,2023-03-03,NA,NA,NA,NA,NA,NA,NA,NA,NA,NA,NA,NA
2184,NA,NA,WY,2023-03-04,NA,NA,NA,NA,NA,NA,NA,NA,NA,NA,NA,NA
