...1,es_score,brier_score,location,target_date,X22F_50_CI,X24A_50_CI,recombinant_50_CI,X23I_50_CI,X24B_50_CI,other_50_CI,X22F_95_CI,X24A_95_CI,recombinant_95_CI,X23I_95_CI,X24B_95_CI,other_95_CI
1,NA,NA,AK,2024-03-03,NA,NA,NA,NA,NA,NA,NA,NA,NA,NA,NA,NA
2,NA,NA,AK,2024-03-04,NA,NA,NA,NA,NA,NA,NA,NA,NA,NA,NA,NA
3,NA,NA,AK,2024-03-05,NA,NA,NA,NA,NA,NA,NA,NA,NA,NA,NA,NA
4,NA,NA,AK,2024-03-06,NA,NA,NA,NA,NA,NA,NA,NA,NA,NA,NA,NA
5,NA,NA,AK,2024-03-07,NA,NA,NA,NA,NA,NA,NA,NA,NA,NA,NA,NA
6,NA,NA,AK,2024-03-08,NA,NA,NA,NA,NA,NA,NA,NA,NA,NA,NA,NA
7,NA,NA,AK,2024-03-09,NA,NA,NA,NA,NA,NA,NA,NA,NA,NA,NA,NA
8,NA,NA,AK,2024-03-10,NA,NA,NA,NA,NA,NA,NA,NA,NA,NA,NA,NA
9,NA,NA,AK,2024-03-11,NA,NA,NA,NA,NA,NA,NA,NA,NA,NA,NA,NA
10,NA,NA,AK,2024-03-12,NA,NA,NA,NA,NA,NA,NA,NA,NA,NA,NA,NA
11,NA,NA,AK,2024-03-13,NA,NA,NA,NA,NA,NA,NA,NA,NA,NA,NA,NA
12,NA,NA,AK,2024-03-14,NA,NA,NA,NA,NA,NA,NA,NA,NA,NA,NA,NA
13,NA,NA,AK,2024-03-15,NA,NA,NA,NA,NA,NA,NA,NA,NA,NA,NA,NA
14,NA,NA,AK,2024-03-16,NA,NA,NA,NA,NA,NA,NA,NA,NA,NA,NA,NA
15,NA,NA,AK,2024-03-17,NA,NA,NA,NA,NA,NA,NA,NA,NA,NA,NA,NA
16,NA,NA,AK,2024-03-18,NA,NA,NA,NA,NA,NA,NA,NA,NA,NA,NA,NA
17,NA,NA,AK,2024-03-19,NA,NA,NA,NA,NA,NA,NA,NA,NA,NA,NA,NA
18,NA,NA,AK,2024-03-20,NA,NA,NA,NA,NA,NA,NA,NA,NA,NA,NA,NA
19,NA,NA,AK,2024-03-21,NA,NA,NA,NA,NA,NA,NA,NA,NA,NA,NA,NA
20,NA,NA,AK,2024-03-22,NA,NA,NA,NA,NA,NA,NA,NA,NA,NA,NA,NA
21,NA,NA,AK,2024-03-23,NA,NA,NA,NA,NA,NA,NA,NA,NA,NA,NA,NA
22,NA,NA,AK,2024-03-24,NA,NA,NA,NA,NA,NA,NA,NA,NA,NA,NA,NA
23,NA,NA,AK,2024-03-25,NA,NA,NA,NA,NA,NA,NA,NA,NA,NA,NA,NA
24,NA,NA,AK,2024-03-26,NA,NA,NA,NA,NA,NA,NA,NA,NA,NA,NA,NA
25,NA,NA,AK,2024-03-27,NA,NA,NA,NA,NA,NA,NA,NA,NA,NA,NA,NA
26,NA,NA,AK,2024-03-28,NA,NA,NA,NA,NA,NA,NA,NA,NA,NA,NA,NA
27,NA,NA,AK,2024-03-29,NA,NA,NA,NA,NA,NA,NA,NA,NA,NA,NA,NA
28,NA,NA,AK,2024-03-30,NA,NA,NA,NA,NA,NA,NA,NA,NA,NA,NA,NA
29,NA,NA,AK,2024-03-31,NA,NA,NA,NA,NA,NA,NA,NA,NA,NA,NA,NA
30,NA,NA,AK,2024-04-01,NA,NA,NA,NA,NA,NA,NA,NA,NA,NA,NA,NA
31,NA,NA,AK,2024-04-02,NA,NA,NA,NA,NA,NA,NA,NA,NA,NA,NA,NA
32,NA,NA,AK,2024-04-03,NA,NA,NA,NA,NA,NA,NA,NA,NA,NA,NA,NA
33,NA,NA,AK,2024-04-04,NA,NA,NA,NA,NA,NA,NA,NA,NA,NA,NA,NA
34,NA,NA,AK,2024-04-05,NA,NA,NA,NA,NA,NA,NA,NA,NA,NA,NA,NA
35,NA,NA,AK,2024-04-06,NA,NA,NA,NA,NA,NA,NA,NA,NA,NA,NA,NA
36,NA,NA,AK,2024-04-07,NA,NA,NA,NA,NA,NA,NA,NA,NA,NA,NA,NA
37,NA,NA,AK,2024-04-08,NA,NA,NA,NA,NA,NA,NA,NA,NA,NA,NA,NA
38,NA,NA,AK,2024-04-09,NA,NA,NA,NA,NA,NA,NA,NA,NA,NA,NA,NA
39,NA,NA,AK,2024-04-10,NA,NA,NA,NA,NA,NA,NA,NA,NA,NA,NA,NA
40,NA,NA,AK,2024-04-11,NA,NA,NA,NA,NA,NA,NA,NA,NA,NA,NA,NA
41,NA,NA,AK,2024-04-12,NA,NA,NA,NA,NA,NA,NA,NA,NA,NA,NA,NA
42,NA,NA,AK,2024-04-13,NA,NA,NA,NA,NA,NA,NA,NA,NA,NA,NA,NA
43,NA,NA,AL,2024-03-03,NA,NA,NA,NA,NA,NA,NA,NA,NA,NA,NA,NA
44,0.0462709322300385,0.021333034578153,AL,2024-03-04,1,1,1,1,1,1,1,1,1,1,1,1
45,0.138578577678543,0.02041805112045615,AL,2024-03-05,1,1,1,1,1,1,1,0,1,1,1,0
46,NA,NA,AL,2024-03-06,NA,NA,NA,NA,NA,NA,NA,NA,NA,NA,NA,NA
47,NA,NA,AL,2024-03-07,NA,NA,NA,NA,NA,NA,NA,NA,NA,NA,NA,NA
48,NA,NA,AL,2024-03-08,NA,NA,NA,NA,NA,NA,NA,NA,NA,NA,NA,NA
49,NA,NA,AL,2024-03-09,NA,NA,NA,NA,NA,NA,NA,NA,NA,NA,NA,NA
50,NA,NA,AL,2024-03-10,NA,NA,NA,NA,NA,NA,NA,NA,NA,NA,NA,NA
51,NA,NA,AL,2024-03-11,NA,NA,NA,NA,NA,NA,NA,NA,NA,NA,NA,NA
52,NA,NA,AL,2024-03-12,NA,NA,NA,NA,NA,NA,NA,NA,NA,NA,NA,NA
53,0.928139520535219,0.2978325624569935,AL,2024-03-13,1,1,1,1,0,1,1,0,1,1,0,1
54,NA,NA,AL,2024-03-14,NA,NA,NA,NA,NA,NA,NA,NA,NA,NA,NA,NA
55,NA,NA,AL,2024-03-15,NA,NA,NA,NA,NA,NA,NA,NA,NA,NA,NA,NA
56,NA,NA,AL,2024-03-16,NA,NA,NA,NA,NA,NA,NA,NA,NA,NA,NA,NA
57,NA,NA,AL,2024-03-17,NA,NA,NA,NA,NA,NA,NA,NA,NA,NA,NA,NA
58,0.0957600736630742,0.0118751072419985,AL,2024-03-18,1,1,1,1,1,1,1,0,1,0,1,1
59,NA,NA,AL,2024-03-19,NA,NA,NA,NA,NA,NA,NA,NA,NA,NA,NA,NA
60,NA,NA,AL,2024-03-20,NA,NA,NA,NA,NA,NA,NA,NA,NA,NA,NA,NA
61,NA,NA,AL,2024-03-21,NA,NA,NA,NA,NA,NA,NA,NA,NA,NA,NA,NA
62,NA,NA,AL,2024-03-22,NA,NA,NA,NA,NA,NA,NA,NA,NA,NA,NA,NA
63,NA,NA,AL,2024-03-23,NA,NA,NA,NA,NA,NA,NA,NA,NA,NA,NA,NA
64,NA,NA,AL,2024-03-24,NA,NA,NA,NA,NA,NA,NA,NA,NA,NA,NA,NA
65,NA,NA,AL,2024-03-25,NA,NA,NA,NA,NA,NA,NA,NA,NA,NA,NA,NA
66,0.0263941606279997,0.0092144331926839,AL,2024-03-26,1,1,1,1,1,1,1,1,1,1,1,1
67,NA,NA,AL,2024-03-27,NA,NA,NA,NA,NA,NA,NA,NA,NA,NA,NA,NA
68,NA,NA,AL,2024-03-28,NA,NA,NA,NA,NA,NA,NA,NA,NA,NA,NA,NA
69,NA,NA,AL,2024-03-29,NA,NA,NA,NA,NA,NA,NA,NA,NA,NA,NA,NA
70,NA,NA,AL,2024-03-30,NA,NA,NA,NA,NA,NA,NA,NA,NA,NA,NA,NA
71,NA,NA,AL,2024-03-31,NA,NA,NA,NA,NA,NA,NA,NA,NA,NA,NA,NA
72,0.0224785992586014,0.00825749964159265,AL,2024-04-01,1,1,1,1,1,1,1,0,1,1,1,0
73,NA,NA,AL,2024-04-02,NA,NA,NA,NA,NA,NA,NA,NA,NA,NA,NA,NA
74,NA,NA,AL,2024-04-03,NA,NA,NA,NA,NA,NA,NA,NA,NA,NA,NA,NA
75,NA,NA,AL,2024-04-04,NA,NA,NA,NA,NA,NA,NA,NA,NA,NA,NA,NA
76,NA,NA,AL,2024-04-05,NA,NA,NA,NA,NA,NA,NA,NA,NA,NA,NA,NA
77,NA,NA,AL,2024-04-06,NA,NA,NA,NA,NA,NA,NA,NA,NA,NA,NA,NA
78,NA,NA,AL,2024-04-07,NA,NA,NA,NA,NA,NA,NA,NA,NA,NA,NA,NA
79,NA,NA,AL,2024-04-08,NA,NA,NA,NA,NA,NA,NA,NA,NA,NA,NA,NA
80,NA,NA,AL,2024-04-09,NA,NA,NA,NA,NA,NA,NA,NA,NA,NA,NA,NA
81,NA,NA,AL,2024-04-10,NA,NA,NA,NA,NA,NA,NA,NA,NA,NA,NA,NA
82,NA,NA,AL,2024-04-11,NA,NA,NA,NA,NA,NA,NA,NA,NA,NA,NA,NA
83,NA,NA,AL,2024-04-12,NA,NA,NA,NA,NA,NA,NA,NA,NA,NA,NA,NA
84,NA,NA,AL,2024-04-13,NA,NA,NA,NA,NA,NA,NA,NA,NA,NA,NA,NA
85,NA,NA,AR,2024-03-03,NA,NA,NA,NA,NA,NA,NA,NA,NA,NA,NA,NA
86,0.109913922057239,0.007196988737077,AR,2024-03-04,1,1,1,1,1,1,1,0,0,1,1,1
87,NA,NA,AR,2024-03-05,NA,NA,NA,NA,NA,NA,NA,NA,NA,NA,NA,NA
88,NA,NA,AR,2024-03-06,NA,NA,NA,NA,NA,NA,NA,NA,NA,NA,NA,NA
89,NA,NA,AR,2024-03-07,NA,NA,NA,NA,NA,NA,NA,NA,NA,NA,NA,NA
90,0.014428259282447,0.0063287249379232,AR,2024-03-08,1,1,1,1,1,1,1,1,1,1,1,1
91,NA,NA,AR,2024-03-09,NA,NA,NA,NA,NA,NA,NA,NA,NA,NA,NA,NA
92,NA,NA,AR,2024-03-10,NA,NA,NA,NA,NA,NA,NA,NA,NA,NA,NA,NA
93,NA,NA,AR,2024-03-11,NA,NA,NA,NA,NA,NA,NA,NA,NA,NA,NA,NA
94,0.0136171936625796,0.0057769805128324,AR,2024-03-12,1,1,1,1,1,1,1,1,1,1,1,1
95,NA,NA,AR,2024-03-13,NA,NA,NA,NA,NA,NA,NA,NA,NA,NA,NA,NA
96,NA,NA,AR,2024-03-14,NA,NA,NA,NA,NA,NA,NA,NA,NA,NA,NA,NA
97,NA,NA,AR,2024-03-15,NA,NA,NA,NA,NA,NA,NA,NA,NA,NA,NA,NA
98,NA,NA,AR,2024-03-16,NA,NA,NA,NA,NA,NA,NA,NA,NA,NA,NA,NA
99,NA,NA,AR,2024-03-17,NA,NA,NA,NA,NA,NA,NA,NA,NA,NA,NA,NA
100,NA,NA,AR,2024-03-18,NA,NA,NA,NA,NA,NA,NA,NA,NA,NA,NA,NA
101,NA,NA,AR,2024-03-19,NA,NA,NA,NA,NA,NA,NA,NA,NA,NA,NA,NA
102,NA,NA,AR,2024-03-20,NA,NA,NA,NA,NA,NA,NA,NA,NA,NA,NA,NA
103,0.0483090738066604,0.00550344607857015,AR,2024-03-21,1,1,1,1,1,1,1,1,1,1,1,1
104,NA,NA,AR,2024-03-22,NA,NA,NA,NA,NA,NA,NA,NA,NA,NA,NA,NA
105,NA,NA,AR,2024-03-23,NA,NA,NA,NA,NA,NA,NA,NA,NA,NA,NA,NA
106,NA,NA,AR,2024-03-24,NA,NA,NA,NA,NA,NA,NA,NA,NA,NA,NA,NA
107,NA,NA,AR,2024-03-25,NA,NA,NA,NA,NA,NA,NA,NA,NA,NA,NA,NA
108,NA,NA,AR,2024-03-26,NA,NA,NA,NA,NA,NA,NA,NA,NA,NA,NA,NA
109,0.0183132453489024,0.00608853113457525,AR,2024-03-27,1,1,1,1,1,1,1,1,1,1,1,1
110,NA,NA,AR,2024-03-28,NA,NA,NA,NA,NA,NA,NA,NA,NA,NA,NA,NA
111,NA,NA,AR,2024-03-29,NA,NA,NA,NA,NA,NA,NA,NA,NA,NA,NA,NA
112,NA,NA,AR,2024-03-30,NA,NA,NA,NA,NA,NA,NA,NA,NA,NA,NA,NA
113,NA,NA,AR,2024-03-31,NA,NA,NA,NA,NA,NA,NA,NA,NA,NA,NA,NA
114,NA,NA,AR,2024-04-01,NA,NA,NA,NA,NA,NA,NA,NA,NA,NA,NA,NA
115,NA,NA,AR,2024-04-02,NA,NA,NA,NA,NA,NA,NA,NA,NA,NA,NA,NA
116,NA,NA,AR,2024-04-03,NA,NA,NA,NA,NA,NA,NA,NA,NA,NA,NA,NA
117,NA,NA,AR,2024-04-04,NA,NA,NA,NA,NA,NA,NA,NA,NA,NA,NA,NA
118,NA,NA,AR,2024-04-05,NA,NA,NA,NA,NA,NA,NA,NA,NA,NA,NA,NA
119,NA,NA,AR,2024-04-06,NA,NA,NA,NA,NA,NA,NA,NA,NA,NA,NA,NA
120,NA,NA,AR,2024-04-07,NA,NA,NA,NA,NA,NA,NA,NA,NA,NA,NA,NA
121,NA,NA,AR,2024-04-08,NA,NA,NA,NA,NA,NA,NA,NA,NA,NA,NA,NA
122,NA,NA,AR,2024-04-09,NA,NA,NA,NA,NA,NA,NA,NA,NA,NA,NA,NA
123,NA,NA,AR,2024-04-10,NA,NA,NA,NA,NA,NA,NA,NA,NA,NA,NA,NA
124,NA,NA,AR,2024-04-11,NA,NA,NA,NA,NA,NA,NA,NA,NA,NA,NA,NA
125,NA,NA,AR,2024-04-12,NA,NA,NA,NA,NA,NA,NA,NA,NA,NA,NA,NA
126,NA,NA,AR,2024-04-13,NA,NA,NA,NA,NA,NA,NA,NA,NA,NA,NA,NA
127,0.0490739555732722,0.00213409541245377,AZ,2024-03-03,1,1,1,1,1,1,1,0,0,1,1,1
128,0.152533044039544,0.00204413074836771,AZ,2024-03-04,1,1,1,1,1,1,1,1,1,1,1,1
129,0.0900181271377423,0.001963707412196595,AZ,2024-03-05,1,1,1,1,1,1,1,1,1,1,1,1
130,0.0251892814715571,0.00189220364253656,AZ,2024-03-06,1,1,1,1,1,1,1,0,1,1,1,0
131,0.00295499923851901,0.00182908212375745,AZ,2024-03-07,1,1,1,1,1,1,1,1,1,1,1,1
132,NA,NA,AZ,2024-03-08,NA,NA,NA,NA,NA,NA,NA,NA,NA,NA,NA,NA
133,0.0244769398651614,0.00172622986078935,AZ,2024-03-09,1,1,1,1,1,1,1,1,1,1,1,1
134,1.12762001613112,0.3135050417734945,AZ,2024-03-10,1,0,0,1,1,1,1,0,0,1,1,1
135,0.0376747028587977,0.001652376645253735,AZ,2024-03-11,1,1,1,1,1,1,1,0,0,1,1,1
136,1.20145104655135,0.318177617306971,AZ,2024-03-12,1,0,1,1,0,1,1,0,1,1,0,1
137,0.175568207115981,0.00160588542772096,AZ,2024-03-13,1,1,1,1,1,1,1,0,1,1,1,0
138,0.0401375163151218,0.001592695357980025,AZ,2024-03-14,1,1,1,1,1,1,1,1,1,1,1,1
139,NA,NA,AZ,2024-03-15,NA,NA,NA,NA,NA,NA,NA,NA,NA,NA,NA,NA
140,NA,NA,AZ,2024-03-16,NA,NA,NA,NA,NA,NA,NA,NA,NA,NA,NA,NA
141,NA,NA,AZ,2024-03-17,NA,NA,NA,NA,NA,NA,NA,NA,NA,NA,NA,NA
142,0.00344175740248867,0.001608951133471205,AZ,2024-03-18,1,1,1,1,1,1,1,1,1,1,1,1
143,0.0746315867983354,0.0016315260261728,AZ,2024-03-19,1,1,1,1,1,1,1,1,1,1,1,1
144,1.04654774805343,0.0955806047967425,AZ,2024-03-20,1,1,1,1,0,1,1,0,0,1,0,1
145,0.178400396615783,0.0017020348674429,AZ,2024-03-21,1,1,1,1,1,1,1,0,0,1,1,1
146,0.0520299772732664,0.00175134809987788,AZ,2024-03-22,1,1,1,1,1,1,1,0,0,1,1,1
147,0.0348567432456121,0.001811202125561305,AZ,2024-03-23,1,1,1,1,1,1,1,0,1,1,1,0
148,0.0172509866752157,0.0018826923880629,AZ,2024-03-24,1,1,1,1,1,1,1,1,1,1,1,1
149,0.0173067475400696,0.00196712188097348,AZ,2024-03-25,1,1,1,1,1,1,1,0,0,1,1,1
150,0.0187416339200782,0.00206603388368793,AZ,2024-03-26,1,1,1,1,1,1,1,1,1,1,1,1
151,0.0456375202494039,0.00218125077340915,AZ,2024-03-27,1,1,1,1,1,1,1,1,1,1,1,1
152,0.0469445065971469,0.00231491991797526,AZ,2024-03-28,1,1,1,1,1,1,1,0,0,1,1,0
153,1.13963529442388,0.31547567175118,AZ,2024-03-29,1,0,1,1,0,1,1,0,1,1,0,1
154,1.85735518784882,0.304012419450397,AZ,2024-03-30,1,0,0,1,1,1,1,0,0,1,1,1
155,NA,NA,AZ,2024-03-31,NA,NA,NA,NA,NA,NA,NA,NA,NA,NA,NA,NA
156,0.900914292437031,0.106702286257275,AZ,2024-04-01,1,1,1,1,0,1,1,0,1,1,0,1
157,0.809653557150234,0.1048887226022935,AZ,2024-04-02,1,1,1,1,1,0,1,0,0,1,1,0
158,0.117489608670293,0.00368144811821748,AZ,2024-04-03,1,1,1,1,1,1,1,1,1,1,1,1
159,0.912951298203393,0.1855870034673025,AZ,2024-04-04,1,1,1,1,1,0,1,0,1,1,1,0
160,1.08000668393182,0.311188932064981,AZ,2024-04-05,1,1,1,1,0,1,1,0,1,1,0,1
161,0.155201059200095,0.00495205402197527,AZ,2024-04-06,1,1,1,1,1,1,1,0,0,1,1,1
162,0.94552268462309,0.2295514434537285,AZ,2024-04-07,1,1,1,1,1,0,1,1,0,1,1,0
163,0.889927758712758,0.184466283983745,AZ,2024-04-08,1,1,1,1,1,0,1,0,0,1,1,0
164,0.017620153431265,0.00691344531798025,AZ,2024-04-09,1,1,1,1,1,1,1,1,1,1,1,1
165,NA,NA,AZ,2024-04-10,NA,NA,NA,NA,NA,NA,NA,NA,NA,NA,NA,NA
166,NA,NA,AZ,2024-04-11,NA,NA,NA,NA,NA,NA,NA,NA,NA,NA,NA,NA
167,0.0264477876130069,0.00995158386176595,AZ,2024-04-12,1,1,1,1,1,1,1,1,1,1,1,1
168,0.09900547185666,0.0112971924652482,AZ,2024-04-13,1,1,1,1,1,1,1,0,0,1,1,1
169,0.6890692622346,0.0445656228376604,CA,2024-03-03,1,1,1,1,1,1,1,0,0,1,1,1
170,1.45651727534932,0.082008659919723,CA,2024-03-04,1,1,0,1,1,1,1,0,0,1,1,0
171,2.58147004325728,0.1100112233775185,CA,2024-03-05,1,0,0,1,1,0,1,0,0,0,0,0
172,1.36175188419306,0.071882100665216,CA,2024-03-06,1,1,1,1,0,1,1,0,0,0,0,1
173,3.57794505276786,0.114689911613653,CA,2024-03-07,1,0,1,1,0,1,1,0,0,1,0,0
174,0.903590940205339,0.073110260210911,CA,2024-03-08,1,1,1,1,1,1,1,0,1,1,0,1
175,1.92443680773693,0.1357206355092105,CA,2024-03-09,1,0,1,0,1,1,1,1,1,0,1,0
176,1.65213696991303,0.104601804666646,CA,2024-03-10,1,1,1,1,0,1,1,0,0,1,0,1
177,2.52089133879453,0.2306559504085675,CA,2024-03-11,1,0,1,1,0,0,1,0,0,1,0,0
178,1.80352865732619,0.1045180711665765,CA,2024-03-12,1,0,1,1,0,1,1,0,0,1,0,1
179,4.44293666145741,0.120019723372432,CA,2024-03-13,1,0,1,1,0,1,1,0,0,1,0,0
180,2.6125756195294,0.1072964183906825,CA,2024-03-14,1,0,1,1,0,1,1,0,1,1,0,1
181,0.70832835193575,0.0344346487908555,CA,2024-03-15,1,1,1,1,1,1,1,1,0,1,1,0
182,1.37544183734225,0.143427868685833,CA,2024-03-16,1,0,0,1,0,1,1,0,0,1,0,1
183,2.78581124523687,0.1466797847648705,CA,2024-03-17,1,0,1,1,0,1,1,0,1,1,0,1
184,1.76551389730552,0.117121051373588,CA,2024-03-18,1,0,0,1,1,1,1,0,0,1,1,1
185,0.699433662423735,0.0857581599580615,CA,2024-03-19,1,1,1,1,1,0,1,0,1,1,1,0
186,1.16482682010835,0.1101348717572715,CA,2024-03-20,1,1,1,1,0,1,1,1,1,1,0,0
187,1.40442709169054,0.1546460668011985,CA,2024-03-21,1,0,0,1,0,1,1,0,0,1,0,1
188,1.88973127437979,0.173521317847927,CA,2024-03-22,1,0,0,1,0,1,1,0,0,1,0,0
189,0.801919123508647,0.1044915366057155,CA,2024-03-23,1,1,0,1,1,1,1,0,0,1,1,1
190,0.175979935620725,0.00330776802027364,CA,2024-03-24,1,1,1,1,1,1,1,1,1,1,1,1
191,1.76401069986152,0.1549569733187395,CA,2024-03-25,1,0,0,1,1,1,1,0,0,1,1,1
192,0.745462330446144,0.0725121868198835,CA,2024-03-26,1,1,1,1,0,1,1,0,1,1,0,1
193,1.40147556021978,0.1674285240532895,CA,2024-03-27,1,0,0,1,0,1,1,0,0,1,0,1
194,0.983507552203971,0.13543806870616,CA,2024-03-28,1,1,1,0,1,1,1,0,1,0,1,1
195,0.0996267550929008,0.003868459495022335,CA,2024-03-29,1,1,1,1,1,1,1,1,1,1,1,1
196,0.0806505866142301,0.004018329649986175,CA,2024-03-30,1,1,1,1,1,1,1,1,1,1,1,1
197,1.19104877904322,0.4468489375130915,CA,2024-03-31,1,0,1,1,0,1,1,0,1,1,0,1
198,1.27895628680913,0.152782140074021,CA,2024-04-01,1,0,0,1,0,1,1,0,1,1,0,1
199,0.118382975382357,0.004567091393508185,CA,2024-04-02,1,1,1,1,1,1,1,1,1,1,1,1
200,0.158772853997425,0.004789067952576485,CA,2024-04-03,1,1,1,1,1,1,1,0,1,1,1,0
201,3.71124602602889,0.446409974897965,CA,2024-04-04,1,0,1,1,0,0,1,0,1,1,0,0
202,2.14611924676956,0.208908887736595,CA,2024-04-05,1,0,0,1,0,1,1,0,0,1,0,1
203,0.10933454659481,0.0056050285326519,CA,2024-04-06,1,1,1,1,1,1,1,1,1,1,1,1
204,0.0513316800185269,0.005937170301136,CA,2024-04-07,1,1,1,1,1,1,1,1,1,1,1,1
205,0.197422400882662,0.0063055682082744,CA,2024-04-08,1,1,1,1,1,1,1,0,1,1,1,0
206,0.945674305794403,0.2193797966660845,CA,2024-04-09,1,1,1,1,0,1,1,0,1,1,0,1
207,1.64094235006576,0.351431422092222,CA,2024-04-10,1,0,1,1,0,0,1,0,1,1,0,0
208,3.61298709479332,0.431530941608006,CA,2024-04-11,1,0,1,1,0,0,1,0,1,1,0,0
209,1.49899491473079,0.2918547892910135,CA,2024-04-12,1,0,1,1,0,0,1,0,1,1,0,1
210,0.843353584896204,0.174188975615794,CA,2024-04-13,1,1,1,1,0,1,1,0,1,1,0,1
211,NA,NA,CO,2024-03-03,NA,NA,NA,NA,NA,NA,NA,NA,NA,NA,NA,NA
212,0.0101916675071201,0.00327926787159871,CO,2024-03-04,1,1,1,1,1,1,1,1,1,1,1,1
213,NA,NA,CO,2024-03-05,NA,NA,NA,NA,NA,NA,NA,NA,NA,NA,NA,NA
214,NA,NA,CO,2024-03-06,NA,NA,NA,NA,NA,NA,NA,NA,NA,NA,NA,NA
215,NA,NA,CO,2024-03-07,NA,NA,NA,NA,NA,NA,NA,NA,NA,NA,NA,NA
216,0.00223138858895407,0.0030677810987663,CO,2024-03-08,1,1,1,1,1,1,1,1,1,1,1,1
217,NA,NA,CO,2024-03-09,NA,NA,NA,NA,NA,NA,NA,NA,NA,NA,NA,NA
218,NA,NA,CO,2024-03-10,NA,NA,NA,NA,NA,NA,NA,NA,NA,NA,NA,NA
219,NA,NA,CO,2024-03-11,NA,NA,NA,NA,NA,NA,NA,NA,NA,NA,NA,NA
220,0.00788006680731076,0.00296625477413176,CO,2024-03-12,1,1,1,1,1,1,1,1,1,1,1,1
221,0.00176802151548901,0.00295700550010952,CO,2024-03-13,1,1,1,1,1,1,1,1,1,1,1,1
222,NA,NA,CO,2024-03-14,NA,NA,NA,NA,NA,NA,NA,NA,NA,NA,NA,NA
223,0.00120117643436415,0.00295772720196082,CO,2024-03-15,1,1,1,1,1,1,1,1,1,1,1,1
224,NA,NA,CO,2024-03-16,NA,NA,NA,NA,NA,NA,NA,NA,NA,NA,NA,NA
225,NA,NA,CO,2024-03-17,NA,NA,NA,NA,NA,NA,NA,NA,NA,NA,NA,NA
226,0.00131082041204598,0.003008238862803265,CO,2024-03-18,1,1,1,1,1,1,1,1,1,1,1,1
227,NA,NA,CO,2024-03-19,NA,NA,NA,NA,NA,NA,NA,NA,NA,NA,NA,NA
228,NA,NA,CO,2024-03-20,NA,NA,NA,NA,NA,NA,NA,NA,NA,NA,NA,NA
229,NA,NA,CO,2024-03-21,NA,NA,NA,NA,NA,NA,NA,NA,NA,NA,NA,NA
230,NA,NA,CO,2024-03-22,NA,NA,NA,NA,NA,NA,NA,NA,NA,NA,NA,NA
231,NA,NA,CO,2024-03-23,NA,NA,NA,NA,NA,NA,NA,NA,NA,NA,NA,NA
232,NA,NA,CO,2024-03-24,NA,NA,NA,NA,NA,NA,NA,NA,NA,NA,NA,NA
233,1.36596185427805,0.925459123614765,CO,2024-03-25,1,0,1,0,1,1,1,0,1,0,1,1
234,NA,NA,CO,2024-03-26,NA,NA,NA,NA,NA,NA,NA,NA,NA,NA,NA,NA
235,NA,NA,CO,2024-03-27,NA,NA,NA,NA,NA,NA,NA,NA,NA,NA,NA,NA
236,0.00129536305785417,0.00370493492112397,CO,2024-03-28,1,1,1,1,1,1,1,1,1,1,1,1
237,NA,NA,CO,2024-03-29,NA,NA,NA,NA,NA,NA,NA,NA,NA,NA,NA,NA
238,NA,NA,CO,2024-03-30,NA,NA,NA,NA,NA,NA,NA,NA,NA,NA,NA,NA
239,NA,NA,CO,2024-03-31,NA,NA,NA,NA,NA,NA,NA,NA,NA,NA,NA,NA
240,NA,NA,CO,2024-04-01,NA,NA,NA,NA,NA,NA,NA,NA,NA,NA,NA,NA
241,0.0054838228879197,0.00451237799105377,CO,2024-04-02,1,1,1,1,1,1,1,1,1,1,1,1
242,NA,NA,CO,2024-04-03,NA,NA,NA,NA,NA,NA,NA,NA,NA,NA,NA,NA
243,1.29306523702299,0.4555078615719695,CO,2024-04-04,1,0,1,1,0,1,1,0,1,1,0,1
244,NA,NA,CO,2024-04-05,NA,NA,NA,NA,NA,NA,NA,NA,NA,NA,NA,NA
245,0.00163550970466485,0.00553309114238615,CO,2024-04-06,1,1,1,1,1,1,1,1,1,1,1,1
246,NA,NA,CO,2024-04-07,NA,NA,NA,NA,NA,NA,NA,NA,NA,NA,NA,NA
247,NA,NA,CO,2024-04-08,NA,NA,NA,NA,NA,NA,NA,NA,NA,NA,NA,NA
248,NA,NA,CO,2024-04-09,NA,NA,NA,NA,NA,NA,NA,NA,NA,NA,NA,NA
249,NA,NA,CO,2024-04-10,NA,NA,NA,NA,NA,NA,NA,NA,NA,NA,NA,NA
250,NA,NA,CO,2024-04-11,NA,NA,NA,NA,NA,NA,NA,NA,NA,NA,NA,NA
251,NA,NA,CO,2024-04-12,NA,NA,NA,NA,NA,NA,NA,NA,NA,NA,NA,NA
252,NA,NA,CO,2024-04-13,NA,NA,NA,NA,NA,NA,NA,NA,NA,NA,NA,NA
253,NA,NA,CT,2024-03-03,NA,NA,NA,NA,NA,NA,NA,NA,NA,NA,NA,NA
254,0.00133794502818398,6.20441204148235e-4,CT,2024-03-04,1,1,1,1,1,1,1,1,1,1,1,1
255,0.00126229874449477,6.03591211802425e-4,CT,2024-03-05,1,1,1,1,1,1,1,1,1,1,1,1
256,NA,NA,CT,2024-03-06,NA,NA,NA,NA,NA,NA,NA,NA,NA,NA,NA,NA
257,0.00142945878785358,5.7687527734924e-4,CT,2024-03-07,1,1,1,1,1,1,1,1,1,1,1,1
258,0.00122238963772534,5.6679531360576e-4,CT,2024-03-08,1,1,1,1,1,1,1,1,1,1,1,1
259,NA,NA,CT,2024-03-09,NA,NA,NA,NA,NA,NA,NA,NA,NA,NA,NA,NA
260,NA,NA,CT,2024-03-10,NA,NA,NA,NA,NA,NA,NA,NA,NA,NA,NA,NA
261,NA,NA,CT,2024-03-11,NA,NA,NA,NA,NA,NA,NA,NA,NA,NA,NA,NA
262,NA,NA,CT,2024-03-12,NA,NA,NA,NA,NA,NA,NA,NA,NA,NA,NA,NA
263,0.00120870005050076,5.46857329944495e-4,CT,2024-03-13,1,1,1,1,1,1,1,1,1,1,1,1
264,NA,NA,CT,2024-03-14,NA,NA,NA,NA,NA,NA,NA,NA,NA,NA,NA,NA
265,0.00134628888818668,5.53006672542465e-4,CT,2024-03-15,1,1,1,1,1,1,1,1,1,1,1,1
266,NA,NA,CT,2024-03-16,NA,NA,NA,NA,NA,NA,NA,NA,NA,NA,NA,NA
267,NA,NA,CT,2024-03-17,NA,NA,NA,NA,NA,NA,NA,NA,NA,NA,NA,NA
268,NA,NA,CT,2024-03-18,NA,NA,NA,NA,NA,NA,NA,NA,NA,NA,NA,NA
269,NA,NA,CT,2024-03-19,NA,NA,NA,NA,NA,NA,NA,NA,NA,NA,NA,NA
270,NA,NA,CT,2024-03-20,NA,NA,NA,NA,NA,NA,NA,NA,NA,NA,NA,NA
271,0.00178230507248197,6.2811260551056e-4,CT,2024-03-21,1,1,1,1,1,1,1,1,1,1,1,1
272,0.00209238553849738,6.5086118510464e-4,CT,2024-03-22,1,1,1,1,1,1,1,1,1,1,1,1
273,0.00173922812734759,6.77323971917105e-4,CT,2024-03-23,1,1,1,1,1,1,1,1,1,1,1,1
274,0.00245421207633481,7.07930961283725e-4,CT,2024-03-24,1,1,1,1,1,1,1,1,1,1,1,1
275,NA,NA,CT,2024-03-25,NA,NA,NA,NA,NA,NA,NA,NA,NA,NA,NA,NA
276,0.00993698944181939,7.8371120755484e-4,CT,2024-03-26,1,1,1,1,1,1,1,1,1,1,1,1
277,NA,NA,CT,2024-03-27,NA,NA,NA,NA,NA,NA,NA,NA,NA,NA,NA,NA
278,NA,NA,CT,2024-03-28,NA,NA,NA,NA,NA,NA,NA,NA,NA,NA,NA,NA
279,NA,NA,CT,2024-03-29,NA,NA,NA,NA,NA,NA,NA,NA,NA,NA,NA,NA
280,NA,NA,CT,2024-03-30,NA,NA,NA,NA,NA,NA,NA,NA,NA,NA,NA,NA
281,NA,NA,CT,2024-03-31,NA,NA,NA,NA,NA,NA,NA,NA,NA,NA,NA,NA
282,NA,NA,CT,2024-04-01,NA,NA,NA,NA,NA,NA,NA,NA,NA,NA,NA,NA
283,NA,NA,CT,2024-04-02,NA,NA,NA,NA,NA,NA,NA,NA,NA,NA,NA,NA
284,NA,NA,CT,2024-04-03,NA,NA,NA,NA,NA,NA,NA,NA,NA,NA,NA,NA
285,NA,NA,CT,2024-04-04,NA,NA,NA,NA,NA,NA,NA,NA,NA,NA,NA,NA
286,NA,NA,CT,2024-04-05,NA,NA,NA,NA,NA,NA,NA,NA,NA,NA,NA,NA
287,NA,NA,CT,2024-04-06,NA,NA,NA,NA,NA,NA,NA,NA,NA,NA,NA,NA
288,NA,NA,CT,2024-04-07,NA,NA,NA,NA,NA,NA,NA,NA,NA,NA,NA,NA
289,NA,NA,CT,2024-04-08,NA,NA,NA,NA,NA,NA,NA,NA,NA,NA,NA,NA
290,NA,NA,CT,2024-04-09,NA,NA,NA,NA,NA,NA,NA,NA,NA,NA,NA,NA
291,0.0130730184233956,0.00308853870094302,CT,2024-04-10,1,1,1,1,1,1,1,1,1,1,1,1
292,0.0147409560375774,0.00351968628189629,CT,2024-04-11,1,1,1,1,1,1,1,1,1,1,1,1
293,0.0178755321083831,0.00402944435221321,CT,2024-04-12,1,1,1,1,1,1,1,1,1,1,1,1
294,NA,NA,CT,2024-04-13,NA,NA,NA,NA,NA,NA,NA,NA,NA,NA,NA,NA
295,0.00388265262253573,7.88009061240095e-4,DC,2024-03-03,1,1,1,1,1,1,1,1,1,1,1,1
296,0.00374384756149972,7.57952488362395e-4,DC,2024-03-04,1,1,1,1,1,1,1,1,1,1,1,1
297,NA,NA,DC,2024-03-05,NA,NA,NA,NA,NA,NA,NA,NA,NA,NA,NA,NA
298,0.00364352325184047,7.041971352348e-4,DC,2024-03-06,1,1,1,1,1,1,1,1,1,1,1,1
299,NA,NA,DC,2024-03-07,NA,NA,NA,NA,NA,NA,NA,NA,NA,NA,NA,NA
300,0.013556767602338,6.57960232375915e-4,DC,2024-03-08,1,1,1,1,1,1,1,1,1,1,1,1
301,0.00396930148665692,6.37354778894225e-4,DC,2024-03-09,1,1,1,1,1,1,1,1,1,1,1,1
302,0.013565834540245,6.1828585632037e-4,DC,2024-03-10,1,1,1,1,1,1,1,1,1,1,1,1
303,NA,NA,DC,2024-03-11,NA,NA,NA,NA,NA,NA,NA,NA,NA,NA,NA,NA
304,NA,NA,DC,2024-03-12,NA,NA,NA,NA,NA,NA,NA,NA,NA,NA,NA,NA
305,NA,NA,DC,2024-03-13,NA,NA,NA,NA,NA,NA,NA,NA,NA,NA,NA,NA
306,NA,NA,DC,2024-03-14,NA,NA,NA,NA,NA,NA,NA,NA,NA,NA,NA,NA
307,0.00373745531564589,5.4313779839441e-4,DC,2024-03-15,1,1,1,1,1,1,1,1,1,1,1,1
308,0.00370699315511594,5.31696136534155e-4,DC,2024-03-16,1,1,1,1,1,1,1,1,1,1,1,1
309,0.0146078753521686,5.2133465856682e-4,DC,2024-03-17,1,1,1,1,1,1,1,1,1,1,1,1
310,NA,NA,DC,2024-03-18,NA,NA,NA,NA,NA,NA,NA,NA,NA,NA,NA,NA
311,NA,NA,DC,2024-03-19,NA,NA,NA,NA,NA,NA,NA,NA,NA,NA,NA,NA
312,0.00519137998937159,4.96397790536665e-4,DC,2024-03-20,1,1,1,1,1,1,1,1,1,1,1,1
313,NA,NA,DC,2024-03-21,NA,NA,NA,NA,NA,NA,NA,NA,NA,NA,NA,NA
314,NA,NA,DC,2024-03-22,NA,NA,NA,NA,NA,NA,NA,NA,NA,NA,NA,NA
315,0.019232902209171,4.80229767419765e-4,DC,2024-03-23,1,1,1,1,1,1,1,1,1,1,1,1
316,0.0052353478887132,4.7674253627466e-4,DC,2024-03-24,1,1,1,1,1,1,1,1,1,1,1,1
317,0.00519801265070699,4.74209386569565e-4,DC,2024-03-25,1,1,1,1,1,1,1,1,1,1,1,1
318,NA,NA,DC,2024-03-26,NA,NA,NA,NA,NA,NA,NA,NA,NA,NA,NA,NA
319,0.00668033473316078,4.7205659415328e-4,DC,2024-03-27,1,1,1,1,1,1,1,1,1,1,1,1
320,NA,NA,DC,2024-03-28,NA,NA,NA,NA,NA,NA,NA,NA,NA,NA,NA,NA
321,NA,NA,DC,2024-03-29,NA,NA,NA,NA,NA,NA,NA,NA,NA,NA,NA,NA
322,NA,NA,DC,2024-03-30,NA,NA,NA,NA,NA,NA,NA,NA,NA,NA,NA,NA
323,NA,NA,DC,2024-03-31,NA,NA,NA,NA,NA,NA,NA,NA,NA,NA,NA,NA
324,0.00922320384803046,4.85033004749975e-4,DC,2024-04-01,1,1,1,1,1,1,1,1,1,1,1,1
325,NA,NA,DC,2024-04-02,NA,NA,NA,NA,NA,NA,NA,NA,NA,NA,NA,NA
326,1.25634839549189,0.969758642082735,DC,2024-04-03,1,0,1,1,0,1,1,0,1,1,0,1
327,NA,NA,DC,2024-04-04,NA,NA,NA,NA,NA,NA,NA,NA,NA,NA,NA,NA
328,NA,NA,DC,2024-04-05,NA,NA,NA,NA,NA,NA,NA,NA,NA,NA,NA,NA
329,NA,NA,DC,2024-04-06,NA,NA,NA,NA,NA,NA,NA,NA,NA,NA,NA,NA
330,NA,NA,DC,2024-04-07,NA,NA,NA,NA,NA,NA,NA,NA,NA,NA,NA,NA
331,NA,NA,DC,2024-04-08,NA,NA,NA,NA,NA,NA,NA,NA,NA,NA,NA,NA
332,1.0792391488443,0.483124059750051,DC,2024-04-09,1,0,0,1,1,1,1,0,0,1,1,1
333,NA,NA,DC,2024-04-10,NA,NA,NA,NA,NA,NA,NA,NA,NA,NA,NA,NA
334,NA,NA,DC,2024-04-11,NA,NA,NA,NA,NA,NA,NA,NA,NA,NA,NA,NA
335,NA,NA,DC,2024-04-12,NA,NA,NA,NA,NA,NA,NA,NA,NA,NA,NA,NA
336,NA,NA,DC,2024-04-13,NA,NA,NA,NA,NA,NA,NA,NA,NA,NA,NA,NA
337,0.00209442200607033,0.001439738108441205,DE,2024-03-03,1,1,1,1,1,1,1,1,1,1,1,1
338,NA,NA,DE,2024-03-04,NA,NA,NA,NA,NA,NA,NA,NA,NA,NA,NA,NA
339,0.0153507648124715,0.00129844846769812,DE,2024-03-05,1,1,1,1,1,1,1,1,1,1,1,1
340,0.00144350192869987,0.001235719475499115,DE,2024-03-06,1,1,1,1,1,1,1,1,1,1,1,1
341,0.0213274648831522,0.001177837083056705,DE,2024-03-07,1,1,1,1,1,1,1,1,1,1,1,1
342,NA,NA,DE,2024-03-08,NA,NA,NA,NA,NA,NA,NA,NA,NA,NA,NA,NA
343,NA,NA,DE,2024-03-09,NA,NA,NA,NA,NA,NA,NA,NA,NA,NA,NA,NA
344,NA,NA,DE,2024-03-10,NA,NA,NA,NA,NA,NA,NA,NA,NA,NA,NA,NA
345,NA,NA,DE,2024-03-11,NA,NA,NA,NA,NA,NA,NA,NA,NA,NA,NA,NA
346,NA,NA,DE,2024-03-12,NA,NA,NA,NA,NA,NA,NA,NA,NA,NA,NA,NA
347,NA,NA,DE,2024-03-13,NA,NA,NA,NA,NA,NA,NA,NA,NA,NA,NA,NA
348,NA,NA,DE,2024-03-14,NA,NA,NA,NA,NA,NA,NA,NA,NA,NA,NA,NA
349,NA,NA,DE,2024-03-15,NA,NA,NA,NA,NA,NA,NA,NA,NA,NA,NA,NA
350,NA,NA,DE,2024-03-16,NA,NA,NA,NA,NA,NA,NA,NA,NA,NA,NA,NA
351,NA,NA,DE,2024-03-17,NA,NA,NA,NA,NA,NA,NA,NA,NA,NA,NA,NA
352,0.00111553166083333,7.99928195986205e-4,DE,2024-03-18,1,1,1,1,1,1,1,1,1,1,1,1
353,0.00129028603109353,7.85933498587885e-4,DE,2024-03-19,1,1,1,1,1,1,1,1,1,1,1,1
354,NA,NA,DE,2024-03-20,NA,NA,NA,NA,NA,NA,NA,NA,NA,NA,NA,NA
355,NA,NA,DE,2024-03-21,NA,NA,NA,NA,NA,NA,NA,NA,NA,NA,NA,NA
356,0.00392638650732552,7.6399875197694e-4,DE,2024-03-22,1,1,1,1,1,1,1,1,1,1,1,1
357,0.00133344782918611,7.638088246878e-4,DE,2024-03-23,1,1,1,1,1,1,1,1,1,1,1,1
358,NA,NA,DE,2024-03-24,NA,NA,NA,NA,NA,NA,NA,NA,NA,NA,NA,NA
359,0.0236818593951348,7.75464824224605e-4,DE,2024-03-25,1,1,1,1,1,1,1,1,1,1,1,1
360,NA,NA,DE,2024-03-26,NA,NA,NA,NA,NA,NA,NA,NA,NA,NA,NA,NA
361,0.0010718041775759,8.05628986076395e-4,DE,2024-03-27,1,1,1,1,1,1,1,1,1,1,1,1
362,0.00522165950114156,8.28939530244695e-4,DE,2024-03-28,1,1,1,1,1,1,1,1,1,1,1,1
363,NA,NA,DE,2024-03-29,NA,NA,NA,NA,NA,NA,NA,NA,NA,NA,NA,NA
364,NA,NA,DE,2024-03-30,NA,NA,NA,NA,NA,NA,NA,NA,NA,NA,NA,NA
365,NA,NA,DE,2024-03-31,NA,NA,NA,NA,NA,NA,NA,NA,NA,NA,NA,NA
366,0.00125884806369187,9.9654340901586e-4,DE,2024-04-01,1,1,1,1,1,1,1,1,1,1,1,1
367,0.00135495801756873,0.001063301023932945,DE,2024-04-02,1,1,1,1,1,1,1,1,1,1,1,1
368,0.0048893751228772,0.00114353729215787,DE,2024-04-03,1,1,1,1,1,1,1,1,1,1,1,1
369,NA,NA,DE,2024-04-04,NA,NA,NA,NA,NA,NA,NA,NA,NA,NA,NA,NA
370,NA,NA,DE,2024-04-05,NA,NA,NA,NA,NA,NA,NA,NA,NA,NA,NA,NA
371,NA,NA,DE,2024-04-06,NA,NA,NA,NA,NA,NA,NA,NA,NA,NA,NA,NA
372,NA,NA,DE,2024-04-07,NA,NA,NA,NA,NA,NA,NA,NA,NA,NA,NA,NA
373,0.00610676774065416,0.001854294441519505,DE,2024-04-08,1,1,1,1,1,1,1,1,1,1,1,1
374,0.00737462530511457,0.002090045776491455,DE,2024-04-09,1,1,1,1,1,1,1,1,1,1,1,1
375,NA,NA,DE,2024-04-10,NA,NA,NA,NA,NA,NA,NA,NA,NA,NA,NA,NA
376,NA,NA,DE,2024-04-11,NA,NA,NA,NA,NA,NA,NA,NA,NA,NA,NA,NA
377,NA,NA,DE,2024-04-12,NA,NA,NA,NA,NA,NA,NA,NA,NA,NA,NA,NA
378,NA,NA,DE,2024-04-13,NA,NA,NA,NA,NA,NA,NA,NA,NA,NA,NA,NA
379,NA,NA,FL,2024-03-03,NA,NA,NA,NA,NA,NA,NA,NA,NA,NA,NA,NA
380,0.0523512392170709,0.003127489764179365,FL,2024-03-04,1,1,1,1,1,1,1,1,1,1,1,1
381,1.11357361322098,0.3077938601785695,FL,2024-03-05,1,0,1,1,0,1,1,0,1,1,0,1
382,0.0183826229375467,0.00341677810844855,FL,2024-03-06,1,1,1,1,1,1,1,0,0,1,1,1
383,0.0161647909394345,0.003596199275215915,FL,2024-03-07,1,1,1,1,1,1,1,1,1,1,1,1
384,0.037471326510018,0.00380341110827456,FL,2024-03-08,1,1,1,1,1,1,1,1,1,1,1,1
385,NA,NA,FL,2024-03-09,NA,NA,NA,NA,NA,NA,NA,NA,NA,NA,NA,NA
386,NA,NA,FL,2024-03-10,NA,NA,NA,NA,NA,NA,NA,NA,NA,NA,NA,NA
387,0.0446171082733781,0.00463975051983007,FL,2024-03-11,1,1,1,1,1,1,1,1,1,1,1,1
388,0.00600213447769486,0.0050113272643172,FL,2024-03-12,1,1,1,1,1,1,1,0,0,1,1,1
389,0.0499872529775992,0.00544337620951745,FL,2024-03-13,1,1,1,1,1,1,1,1,1,1,1,1
390,1.682960169243,0.355178158740113,FL,2024-03-14,1,0,0,1,0,1,1,0,0,1,0,1
391,0.0278901093438991,0.0065359878530089,FL,2024-03-15,1,1,1,1,1,1,1,1,1,1,1,1
392,NA,NA,FL,2024-03-16,NA,NA,NA,NA,NA,NA,NA,NA,NA,NA,NA,NA
393,NA,NA,FL,2024-03-17,NA,NA,NA,NA,NA,NA,NA,NA,NA,NA,NA,NA
394,NA,NA,FL,2024-03-18,NA,NA,NA,NA,NA,NA,NA,NA,NA,NA,NA,NA
395,NA,NA,FL,2024-03-19,NA,NA,NA,NA,NA,NA,NA,NA,NA,NA,NA,NA
396,0.194398602452665,0.01147394194748575,FL,2024-03-20,1,1,1,1,1,1,1,1,1,1,1,1
397,0.14681273273998,0.01306992722077525,FL,2024-03-21,1,1,1,1,1,1,1,0,1,1,0,1
398,NA,NA,FL,2024-03-22,NA,NA,NA,NA,NA,NA,NA,NA,NA,NA,NA,NA
399,0.0156149824448267,0.0172264805979329,FL,2024-03-23,1,1,1,1,1,1,1,1,1,1,1,1
400,0.0183184920809462,0.019912265305282,FL,2024-03-24,1,1,1,1,1,1,1,1,1,1,1,1
401,0.0189233653627903,0.02310096209880035,FL,2024-03-25,1,1,1,1,1,1,1,1,1,1,1,1
402,1.71740911694341,0.541138632575455,FL,2024-03-26,1,0,0,1,1,0,1,0,0,1,1,0
403,0.560377655108917,0.0313242528807059,FL,2024-03-27,1,1,1,1,1,1,1,0,1,1,1,0
404,0.390584400881204,0.03653654232467245,FL,2024-03-28,1,1,1,1,1,1,1,0,1,1,0,1
405,0.100123220237277,0.0425982632462211,FL,2024-03-29,1,1,1,1,1,1,1,1,1,1,1,1
406,NA,NA,FL,2024-03-30,NA,NA,NA,NA,NA,NA,NA,NA,NA,NA,NA,NA
407,NA,NA,FL,2024-03-31,NA,NA,NA,NA,NA,NA,NA,NA,NA,NA,NA,NA
408,NA,NA,FL,2024-04-01,NA,NA,NA,NA,NA,NA,NA,NA,NA,NA,NA,NA
409,0.719908989416351,0.2027914744420625,FL,2024-04-02,1,1,0,1,1,1,1,1,1,1,1,1
410,0.182662753911587,0.0875831940534915,FL,2024-04-03,1,1,1,1,1,1,1,1,1,1,1,1
411,0.81687643874532,0.1968340013408605,FL,2024-04-04,1,1,1,1,1,1,1,0,0,1,1,1
412,0.227693250882072,0.1124096559730825,FL,2024-04-05,1,1,1,1,1,1,1,0,1,1,0,1
413,NA,NA,FL,2024-04-06,NA,NA,NA,NA,NA,NA,NA,NA,NA,NA,NA,NA
414,NA,NA,FL,2024-04-07,NA,NA,NA,NA,NA,NA,NA,NA,NA,NA,NA,NA
415,0.114895998857416,0.155313055226242,FL,2024-04-08,1,1,1,1,1,1,1,1,1,1,1,1
416,0.340207642349482,0.170743155629788,FL,2024-04-09,1,1,1,1,1,1,1,0,1,1,0,1
417,NA,NA,FL,2024-04-10,NA,NA,NA,NA,NA,NA,NA,NA,NA,NA,NA,NA
418,0.165218228733007,0.202783604440515,FL,2024-04-11,1,1,1,1,1,1,1,1,1,1,1,1
419,NA,NA,FL,2024-04-12,NA,NA,NA,NA,NA,NA,NA,NA,NA,NA,NA,NA
420,NA,NA,FL,2024-04-13,NA,NA,NA,NA,NA,NA,NA,NA,NA,NA,NA,NA
421,1.17643047749856,0.3123507469704115,GA,2024-03-03,1,0,0,1,1,1,1,0,0,1,1,1
422,0.942783597673653,0.1845612376835995,GA,2024-03-04,1,0,1,1,1,0,1,0,1,1,1,0
423,0.0116443325738397,0.002210605496518945,GA,2024-03-05,1,1,1,1,1,1,1,1,1,1,1,1
424,0.00227336244706207,0.00218004592480052,GA,2024-03-06,1,1,1,1,1,1,1,1,1,1,1,1
425,0.175842241831621,0.00215738665352917,GA,2024-03-07,1,1,1,1,1,1,1,1,1,1,1,1
426,0.0968650311789759,0.00214260638183798,GA,2024-03-08,1,1,1,1,1,1,1,0,1,1,1,0
427,1.11478990413436,0.3073233982845355,GA,2024-03-09,1,0,1,1,1,0,1,0,1,1,1,0
428,0.00945084738055038,0.00213704673813114,GA,2024-03-10,1,1,1,1,1,1,1,1,1,1,1,1
429,0.0732080446828767,0.00214669245049072,GA,2024-03-11,1,1,1,1,1,1,1,1,1,1,1,1
430,0.00276299146368539,0.002165085030259785,GA,2024-03-12,1,1,1,1,1,1,1,1,1,1,1,1
431,0.0320373080830436,0.00219272472668789,GA,2024-03-13,1,1,1,1,1,1,1,1,1,1,1,1
432,0.00258402273817662,0.002230253096330645,GA,2024-03-14,1,1,1,1,1,1,1,1,1,1,1,1
433,0.00263196457735533,0.002278473528561435,GA,2024-03-15,1,1,1,1,1,1,1,1,1,1,1,1
434,NA,NA,GA,2024-03-16,NA,NA,NA,NA,NA,NA,NA,NA,NA,NA,NA,NA
435,NA,NA,GA,2024-03-17,NA,NA,NA,NA,NA,NA,NA,NA,NA,NA,NA,NA
436,NA,NA,GA,2024-03-18,NA,NA,NA,NA,NA,NA,NA,NA,NA,NA,NA,NA
437,NA,NA,GA,2024-03-19,NA,NA,NA,NA,NA,NA,NA,NA,NA,NA,NA,NA
438,0.00935178285482094,0.0027231626345777,GA,2024-03-20,1,1,1,1,1,1,1,1,1,1,1,1
439,0.00271284345052439,0.002865548455031585,GA,2024-03-21,1,1,1,1,1,1,1,1,1,1,1,1
440,NA,NA,GA,2024-03-22,NA,NA,NA,NA,NA,NA,NA,NA,NA,NA,NA,NA
441,NA,NA,GA,2024-03-23,NA,NA,NA,NA,NA,NA,NA,NA,NA,NA,NA,NA
442,0.0122797652952892,0.00345188403107997,GA,2024-03-24,1,1,1,1,1,1,1,1,1,1,1,1
443,1.01924581080991,0.228732226633879,GA,2024-03-25,1,0,1,1,1,0,1,0,1,1,1,0
444,0.0281769172898195,0.004023011605253915,GA,2024-03-26,1,1,1,1,1,1,1,1,1,1,1,1
445,0.0137780514022444,0.00438235747185394,GA,2024-03-27,1,1,1,1,1,1,1,1,1,1,1,1
446,0.00392148692362211,0.004802883975574725,GA,2024-03-28,1,1,1,1,1,1,1,1,1,1,1,1
447,0.0152207710647214,0.0052958744581141,GA,2024-03-29,1,1,1,1,1,1,1,1,1,1,1,1
448,NA,NA,GA,2024-03-30,NA,NA,NA,NA,NA,NA,NA,NA,NA,NA,NA,NA
449,1.27560733964222,0.881781310598425,GA,2024-03-31,1,0,1,1,1,0,1,0,1,1,1,0
450,1.20093803651471,0.453044586258556,GA,2024-04-01,1,0,1,1,0,1,1,0,1,1,0,1
451,0.00618007082713787,0.00830500645886195,GA,2024-04-02,1,1,1,1,1,1,1,1,1,1,1,1
452,0.0832033136195261,0.0094221254460667,GA,2024-04-03,1,1,1,1,1,1,1,1,1,1,1,1
453,0.0603961632482297,0.01074054386724565,GA,2024-04-04,1,1,1,1,1,1,1,1,1,1,1,1
454,0.0602806267347674,0.0122952735058878,GA,2024-04-05,1,1,1,1,1,1,1,0,0,1,1,1
455,0.109761624368135,0.0141254931995606,GA,2024-04-06,1,1,1,1,1,1,1,1,1,1,1,1
456,0.0115570804824076,0.01627403218910405,GA,2024-04-07,1,1,1,1,1,1,1,1,1,1,1,1
457,1.11976654417507,0.434136465133401,GA,2024-04-08,1,0,1,1,0,1,1,0,1,1,0,1
458,0.147472433844067,0.0217089585957905,GA,2024-04-09,1,1,1,1,1,1,1,1,1,1,1,1
459,0.947413449705523,0.226494915568717,GA,2024-04-10,1,1,1,1,0,1,1,0,1,1,0,1
460,0.243971660193342,0.02896242949605515,GA,2024-04-11,1,1,1,1,1,1,1,1,1,1,1,1
461,1.20330940475295,0.810398593462025,GA,2024-04-12,1,0,1,1,0,1,1,0,1,1,0,1
462,0.211866946999849,0.0383326305378455,GA,2024-04-13,1,1,1,1,1,1,1,1,1,1,1,1
463,NA,NA,HI,2024-03-03,NA,NA,NA,NA,NA,NA,NA,NA,NA,NA,NA,NA
464,NA,NA,HI,2024-03-04,NA,NA,NA,NA,NA,NA,NA,NA,NA,NA,NA,NA
465,NA,NA,HI,2024-03-05,NA,NA,NA,NA,NA,NA,NA,NA,NA,NA,NA,NA
466,NA,NA,HI,2024-03-06,NA,NA,NA,NA,NA,NA,NA,NA,NA,NA,NA,NA
467,NA,NA,HI,2024-03-07,NA,NA,NA,NA,NA,NA,NA,NA,NA,NA,NA,NA
468,NA,NA,HI,2024-03-08,NA,NA,NA,NA,NA,NA,NA,NA,NA,NA,NA,NA
469,NA,NA,HI,2024-03-09,NA,NA,NA,NA,NA,NA,NA,NA,NA,NA,NA,NA
470,NA,NA,HI,2024-03-10,NA,NA,NA,NA,NA,NA,NA,NA,NA,NA,NA,NA
471,NA,NA,HI,2024-03-11,NA,NA,NA,NA,NA,NA,NA,NA,NA,NA,NA,NA
472,NA,NA,HI,2024-03-12,NA,NA,NA,NA,NA,NA,NA,NA,NA,NA,NA,NA
473,NA,NA,HI,2024-03-13,NA,NA,NA,NA,NA,NA,NA,NA,NA,NA,NA,NA
474,NA,NA,HI,2024-03-14,NA,NA,NA,NA,NA,NA,NA,NA,NA,NA,NA,NA
475,NA,NA,HI,2024-03-15,NA,NA,NA,NA,NA,NA,NA,NA,NA,NA,NA,NA
476,NA,NA,HI,2024-03-16,NA,NA,NA,NA,NA,NA,NA,NA,NA,NA,NA,NA
477,NA,NA,HI,2024-03-17,NA,NA,NA,NA,NA,NA,NA,NA,NA,NA,NA,NA
478,NA,NA,HI,2024-03-18,NA,NA,NA,NA,NA,NA,NA,NA,NA,NA,NA,NA
479,NA,NA,HI,2024-03-19,NA,NA,NA,NA,NA,NA,NA,NA,NA,NA,NA,NA
480,NA,NA,HI,2024-03-20,NA,NA,NA,NA,NA,NA,NA,NA,NA,NA,NA,NA
481,NA,NA,HI,2024-03-21,NA,NA,NA,NA,NA,NA,NA,NA,NA,NA,NA,NA
482,NA,NA,HI,2024-03-22,NA,NA,NA,NA,NA,NA,NA,NA,NA,NA,NA,NA
483,NA,NA,HI,2024-03-23,NA,NA,NA,NA,NA,NA,NA,NA,NA,NA,NA,NA
484,NA,NA,HI,2024-03-24,NA,NA,NA,NA,NA,NA,NA,NA,NA,NA,NA,NA
485,NA,NA,HI,2024-03-25,NA,NA,NA,NA,NA,NA,NA,NA,NA,NA,NA,NA
486,NA,NA,HI,2024-03-26,NA,NA,NA,NA,NA,NA,NA,NA,NA,NA,NA,NA
487,NA,NA,HI,2024-03-27,NA,NA,NA,NA,NA,NA,NA,NA,NA,NA,NA,NA
488,NA,NA,HI,2024-03-28,NA,NA,NA,NA,NA,NA,NA,NA,NA,NA,NA,NA
489,NA,NA,HI,2024-03-29,NA,NA,NA,NA,NA,NA,NA,NA,NA,NA,NA,NA
490,NA,NA,HI,2024-03-30,NA,NA,NA,NA,NA,NA,NA,NA,NA,NA,NA,NA
491,NA,NA,HI,2024-03-31,NA,NA,NA,NA,NA,NA,NA,NA,NA,NA,NA,NA
492,NA,NA,HI,2024-04-01,NA,NA,NA,NA,NA,NA,NA,NA,NA,NA,NA,NA
493,NA,NA,HI,2024-04-02,NA,NA,NA,NA,NA,NA,NA,NA,NA,NA,NA,NA
494,NA,NA,HI,2024-04-03,NA,NA,NA,NA,NA,NA,NA,NA,NA,NA,NA,NA
495,NA,NA,HI,2024-04-04,NA,NA,NA,NA,NA,NA,NA,NA,NA,NA,NA,NA
496,NA,NA,HI,2024-04-05,NA,NA,NA,NA,NA,NA,NA,NA,NA,NA,NA,NA
497,NA,NA,HI,2024-04-06,NA,NA,NA,NA,NA,NA,NA,NA,NA,NA,NA,NA
498,NA,NA,HI,2024-04-07,NA,NA,NA,NA,NA,NA,NA,NA,NA,NA,NA,NA
499,NA,NA,HI,2024-04-08,NA,NA,NA,NA,NA,NA,NA,NA,NA,NA,NA,NA
500,NA,NA,HI,2024-04-09,NA,NA,NA,NA,NA,NA,NA,NA,NA,NA,NA,NA
501,NA,NA,HI,2024-04-10,NA,NA,NA,NA,NA,NA,NA,NA,NA,NA,NA,NA
502,NA,NA,HI,2024-04-11,NA,NA,NA,NA,NA,NA,NA,NA,NA,NA,NA,NA
503,NA,NA,HI,2024-04-12,NA,NA,NA,NA,NA,NA,NA,NA,NA,NA,NA,NA
504,NA,NA,HI,2024-04-13,NA,NA,NA,NA,NA,NA,NA,NA,NA,NA,NA,NA
505,0.125842342051366,0.003737761485635185,IA,2024-03-03,1,1,1,1,1,1,1,0,1,1,1,0
506,0.82426885581086,0.105498738305132,IA,2024-03-04,1,1,0,1,1,1,1,0,0,1,1,1
507,0.187570151112924,0.00346944334362933,IA,2024-03-05,1,1,1,1,1,1,1,1,1,1,1,1
508,0.192812822563994,0.00334663574170921,IA,2024-03-06,1,1,1,1,1,1,1,0,1,1,1,0
509,0.071160750108308607,0.003230886868028815,IA,2024-03-07,1,1,1,1,1,1,1,1,1,1,1,1
510,0.0204625404943614,0.003121851582969255,IA,2024-03-08,1,1,1,1,1,1,1,0,1,1,1,0
511,0.0201310288525847,0.00301921198315101,IA,2024-03-09,1,1,1,1,1,1,1,1,1,1,1,1
512,0.0176188678900932,0.00292267597169164,IA,2024-03-10,1,1,1,1,1,1,1,1,1,1,1,1
513,1.1467211653331,0.312978227211319,IA,2024-03-11,0,0,1,1,1,1,0,0,1,1,1,1
514,0.0636779422030953,0.0027468681874631,IA,2024-03-12,1,1,1,1,1,1,1,1,1,1,1,1
515,0.063291604620939,0.002667131194274435,IA,2024-03-13,1,1,1,1,1,1,1,0,0,1,1,1
516,0.0347817638161379,0.00259256589007776,IA,2024-03-14,1,1,1,1,1,1,1,1,1,1,1,1
517,NA,NA,IA,2024-03-15,NA,NA,NA,NA,NA,NA,NA,NA,NA,NA,NA,NA
518,0.00449514851218714,0.002458261831101525,IA,2024-03-16,1,1,1,1,1,1,1,1,1,1,1,1
519,0.00446956538883388,0.0023982324669168,IA,2024-03-17,1,1,1,1,1,1,1,1,1,1,1,1
520,0.0142829289159847,0.00234279383179831,IA,2024-03-18,1,1,1,1,1,1,1,1,1,1,1,1
521,0.0159171401474222,0.002291855286811395,IA,2024-03-19,1,1,1,1,1,1,1,1,1,1,1,1
522,0.0153120090087044,0.00224534919675787,IA,2024-03-20,1,1,1,1,1,1,1,1,1,1,1,1
523,0.0511691185806525,0.00220323202876931,IA,2024-03-21,1,1,1,1,1,1,1,1,1,1,1,1
524,NA,NA,IA,2024-03-22,NA,NA,NA,NA,NA,NA,NA,NA,NA,NA,NA,NA
525,1.24399822073231,0.4731087223586975,IA,2024-03-23,1,0,1,1,0,1,1,0,1,1,0,1
526,NA,NA,IA,2024-03-24,NA,NA,NA,NA,NA,NA,NA,NA,NA,NA,NA,NA
527,0.00342235439185595,0.002078718616817645,IA,2024-03-25,1,1,1,1,1,1,1,1,1,1,1,1
528,0.0144375335633514,0.00205886272413649,IA,2024-03-26,1,1,1,1,1,1,1,1,1,1,1,1
529,1.06298412959856,0.1906470254931005,IA,2024-03-27,1,1,1,1,0,1,1,0,1,1,0,1
530,0.0549521848248241,0.0020335864841883,IA,2024-03-28,1,1,1,1,1,1,1,1,1,1,1,1
531,0.0294787712187182,0.00202860504359911,IA,2024-03-29,1,1,1,1,1,1,1,1,1,1,1,1
532,NA,NA,IA,2024-03-30,NA,NA,NA,NA,NA,NA,NA,NA,NA,NA,NA,NA
533,NA,NA,IA,2024-03-31,NA,NA,NA,NA,NA,NA,NA,NA,NA,NA,NA,NA
534,0.0786016242491548,0.002048172287783805,IA,2024-04-01,1,1,1,1,1,1,1,1,1,1,1,1
535,0.0342966220083138,0.002067715117984275,IA,2024-04-02,1,1,1,1,1,1,1,1,1,1,1,1
536,0.057519362198538,0.00209476448905949,IA,2024-04-03,1,1,1,1,1,1,1,1,1,1,1,1
537,0.945050444395836,0.1871367214044975,IA,2024-04-04,1,1,0,1,1,1,1,0,0,1,1,1
538,0.0351855182914745,0.00217463209306689,IA,2024-04-05,1,1,1,1,1,1,1,0,0,1,1,1
539,0.0188991621284958,0.00222947089491576,IA,2024-04-06,1,1,1,1,1,1,1,1,1,1,1,1
540,1.30724483852513,0.941707614890345,IA,2024-04-07,1,0,1,1,0,1,1,0,1,1,0,1
541,0.0695414880684398,0.00237551348178053,IA,2024-04-08,1,1,1,1,1,1,1,1,1,1,1,1
542,0.0223389911980383,0.002470100364358335,IA,2024-04-09,1,1,1,1,1,1,1,1,1,1,1,1
543,0.0733254829877211,0.002581853862565375,IA,2024-04-10,1,1,1,1,1,1,1,1,1,1,1,1
544,0.994663340314347,0.1895807587156255,IA,2024-04-11,1,1,1,1,0,1,1,1,0,1,0,1
545,0.0265802724345318,0.002867664683597875,IA,2024-04-12,1,1,1,1,1,1,1,1,1,1,1,1
546,0.00814175473783685,0.003048400847096115,IA,2024-04-13,1,1,1,1,1,1,1,1,1,1,1,1
547,NA,NA,ID,2024-03-03,NA,NA,NA,NA,NA,NA,NA,NA,NA,NA,NA,NA
548,NA,NA,ID,2024-03-04,NA,NA,NA,NA,NA,NA,NA,NA,NA,NA,NA,NA
549,NA,NA,ID,2024-03-05,NA,NA,NA,NA,NA,NA,NA,NA,NA,NA,NA,NA
550,NA,NA,ID,2024-03-06,NA,NA,NA,NA,NA,NA,NA,NA,NA,NA,NA,NA
551,NA,NA,ID,2024-03-07,NA,NA,NA,NA,NA,NA,NA,NA,NA,NA,NA,NA
552,NA,NA,ID,2024-03-08,NA,NA,NA,NA,NA,NA,NA,NA,NA,NA,NA,NA
553,NA,NA,ID,2024-03-09,NA,NA,NA,NA,NA,NA,NA,NA,NA,NA,NA,NA
554,NA,NA,ID,2024-03-10,NA,NA,NA,NA,NA,NA,NA,NA,NA,NA,NA,NA
555,NA,NA,ID,2024-03-11,NA,NA,NA,NA,NA,NA,NA,NA,NA,NA,NA,NA
556,NA,NA,ID,2024-03-12,NA,NA,NA,NA,NA,NA,NA,NA,NA,NA,NA,NA
557,NA,NA,ID,2024-03-13,NA,NA,NA,NA,NA,NA,NA,NA,NA,NA,NA,NA
558,NA,NA,ID,2024-03-14,NA,NA,NA,NA,NA,NA,NA,NA,NA,NA,NA,NA
559,NA,NA,ID,2024-03-15,NA,NA,NA,NA,NA,NA,NA,NA,NA,NA,NA,NA
560,NA,NA,ID,2024-03-16,NA,NA,NA,NA,NA,NA,NA,NA,NA,NA,NA,NA
561,NA,NA,ID,2024-03-17,NA,NA,NA,NA,NA,NA,NA,NA,NA,NA,NA,NA
562,NA,NA,ID,2024-03-18,NA,NA,NA,NA,NA,NA,NA,NA,NA,NA,NA,NA
563,NA,NA,ID,2024-03-19,NA,NA,NA,NA,NA,NA,NA,NA,NA,NA,NA,NA
564,NA,NA,ID,2024-03-20,NA,NA,NA,NA,NA,NA,NA,NA,NA,NA,NA,NA
565,NA,NA,ID,2024-03-21,NA,NA,NA,NA,NA,NA,NA,NA,NA,NA,NA,NA
566,NA,NA,ID,2024-03-22,NA,NA,NA,NA,NA,NA,NA,NA,NA,NA,NA,NA
567,NA,NA,ID,2024-03-23,NA,NA,NA,NA,NA,NA,NA,NA,NA,NA,NA,NA
568,NA,NA,ID,2024-03-24,NA,NA,NA,NA,NA,NA,NA,NA,NA,NA,NA,NA
569,NA,NA,ID,2024-03-25,NA,NA,NA,NA,NA,NA,NA,NA,NA,NA,NA,NA
570,NA,NA,ID,2024-03-26,NA,NA,NA,NA,NA,NA,NA,NA,NA,NA,NA,NA
571,NA,NA,ID,2024-03-27,NA,NA,NA,NA,NA,NA,NA,NA,NA,NA,NA,NA
572,NA,NA,ID,2024-03-28,NA,NA,NA,NA,NA,NA,NA,NA,NA,NA,NA,NA
573,NA,NA,ID,2024-03-29,NA,NA,NA,NA,NA,NA,NA,NA,NA,NA,NA,NA
574,NA,NA,ID,2024-03-30,NA,NA,NA,NA,NA,NA,NA,NA,NA,NA,NA,NA
575,NA,NA,ID,2024-03-31,NA,NA,NA,NA,NA,NA,NA,NA,NA,NA,NA,NA
576,NA,NA,ID,2024-04-01,NA,NA,NA,NA,NA,NA,NA,NA,NA,NA,NA,NA
577,NA,NA,ID,2024-04-02,NA,NA,NA,NA,NA,NA,NA,NA,NA,NA,NA,NA
578,NA,NA,ID,2024-04-03,NA,NA,NA,NA,NA,NA,NA,NA,NA,NA,NA,NA
579,NA,NA,ID,2024-04-04,NA,NA,NA,NA,NA,NA,NA,NA,NA,NA,NA,NA
580,NA,NA,ID,2024-04-05,NA,NA,NA,NA,NA,NA,NA,NA,NA,NA,NA,NA
581,NA,NA,ID,2024-04-06,NA,NA,NA,NA,NA,NA,NA,NA,NA,NA,NA,NA
582,NA,NA,ID,2024-04-07,NA,NA,NA,NA,NA,NA,NA,NA,NA,NA,NA,NA
583,NA,NA,ID,2024-04-08,NA,NA,NA,NA,NA,NA,NA,NA,NA,NA,NA,NA
584,NA,NA,ID,2024-04-09,NA,NA,NA,NA,NA,NA,NA,NA,NA,NA,NA,NA
585,NA,NA,ID,2024-04-10,NA,NA,NA,NA,NA,NA,NA,NA,NA,NA,NA,NA
586,NA,NA,ID,2024-04-11,NA,NA,NA,NA,NA,NA,NA,NA,NA,NA,NA,NA
587,NA,NA,ID,2024-04-12,NA,NA,NA,NA,NA,NA,NA,NA,NA,NA,NA,NA
588,NA,NA,ID,2024-04-13,NA,NA,NA,NA,NA,NA,NA,NA,NA,NA,NA,NA
589,0.12330791472462,0.002039873964078,IL,2024-03-03,1,1,1,1,1,1,1,0,1,1,1,0
590,0.370495571871095,0.001911850604432625,IL,2024-03-04,1,1,1,1,1,1,1,1,1,1,1,1
591,0.115609645928978,0.001793433792244505,IL,2024-03-05,1,1,1,1,1,1,1,0,1,1,1,0
592,0.577791185563899,0.072903810278216,IL,2024-03-06,1,1,1,1,1,1,1,1,1,1,1,1
593,1.01310761126076,0.1590007692391035,IL,2024-03-07,1,1,1,1,0,1,1,0,1,1,0,1
594,0.701963085851354,0.0640539331534765,IL,2024-03-08,1,1,0,1,1,1,1,1,0,1,1,0
595,0.78289370992263,0.0868463404215795,IL,2024-03-09,1,1,0,1,1,1,1,0,0,1,1,0
596,0.0209816195188023,0.00132230090626284,IL,2024-03-10,1,1,1,1,1,1,1,0,1,1,1,0
597,0.082049794822481,0.00124827396335287,IL,2024-03-11,1,1,1,1,1,1,1,1,1,1,1,1
598,0.723494911287316,0.086596935157976,IL,2024-03-12,1,1,1,1,1,0,1,1,1,1,1,1
599,0.0764279273795743,0.001116561253017455,IL,2024-03-13,1,1,1,1,1,1,1,1,1,1,1,1
600,2.36513094469024,0.319277211967478,IL,2024-03-14,1,0,1,1,0,1,1,0,1,1,0,1
601,0.870804555162546,0.1062428644862315,IL,2024-03-15,1,1,0,1,1,1,1,0,1,1,1,0
602,0.0372949884909892,9.5396381310336e-4,IL,2024-03-16,1,1,1,1,1,1,1,0,1,1,1,0
603,0.0499581477043441,9.07716696054135e-4,IL,2024-03-17,1,1,1,1,1,1,1,1,1,1,1,1
604,0.059143729587908,8.64946158416125e-4,IL,2024-03-18,1,1,1,1,1,1,1,0,0,1,1,1
605,1.64384940870724,0.173757028559343,IL,2024-03-19,1,0,0,1,1,0,1,0,0,1,1,0
606,0.0730226705962635,7.88791590008045e-4,IL,2024-03-20,1,1,1,1,1,1,1,1,1,1,1,1
607,0.121319662751293,7.54935787432785e-4,IL,2024-03-21,1,1,1,1,1,1,1,1,1,1,1,1
608,0.030788136836368,7.2361041543346e-4,IL,2024-03-22,1,1,1,1,1,1,1,1,1,1,1,1
609,0.019785000556202,6.9462368976667e-4,IL,2024-03-23,1,1,1,1,1,1,1,1,1,1,1,1
610,1.10563528278697,0.1921408686658135,IL,2024-03-24,1,0,1,1,1,0,1,0,1,1,1,0
611,0.0013158832968877,6.42975620180995e-4,IL,2024-03-25,1,1,1,1,1,1,1,1,1,1,1,1
612,2.03272346817445,0.321470046261803,IL,2024-03-26,1,0,1,1,0,0,1,0,0,1,0,0
613,2.39476832398547,0.2766964398237845,IL,2024-03-27,1,0,1,1,0,1,1,0,1,1,0,1
614,1.14869228097455,0.193964977114785,IL,2024-03-28,1,0,1,1,0,1,1,0,1,1,0,1
615,0.00962008864576078,5.60901746760025e-4,IL,2024-03-29,1,1,1,1,1,1,1,1,1,1,1,1
616,0.00950105897061557,5.4409259527946e-4,IL,2024-03-30,1,1,1,1,1,1,1,1,1,1,1,1
617,1.20647409278935,0.24264720397743,IL,2024-03-31,1,0,1,1,0,1,1,1,1,1,0,0
618,3.06513820165199,0.290221863183543,IL,2024-04-01,1,0,0,1,0,1,1,0,0,1,0,1
619,2.77218925793036,0.206832651056409,IL,2024-04-02,1,0,0,1,0,1,1,1,0,1,0,0
620,2.52610608219651,0.3883759085655375,IL,2024-04-03,1,0,1,1,0,1,1,0,1,1,0,1
621,3.28556788016607,0.482294755325686,IL,2024-04-04,1,0,0,1,0,1,1,0,0,1,0,0
622,0.0165430653858475,4.67409969237665e-4,IL,2024-04-05,1,1,1,1,1,1,1,0,1,1,0,1
623,0.0718171091824947,4.5803113815472e-4,IL,2024-04-06,1,1,1,1,1,1,1,0,1,1,0,1
624,1.35594168449856,0.97139821041394,IL,2024-04-07,1,0,1,1,0,1,1,0,1,1,0,1
625,3.25381826441845,0.415764759161114,IL,2024-04-08,1,0,1,1,0,0,1,0,1,1,0,0
626,7.31049248975437,0.72861104591765,IL,2024-04-09,1,0,1,1,0,0,1,0,1,1,0,1
627,3.67062201907298,0.324286692399713,IL,2024-04-10,1,0,1,1,0,1,1,0,1,1,0,1
628,0.0119286280042956,4.2289496942052e-4,IL,2024-04-11,1,1,1,1,1,1,1,0,1,1,0,1
629,1.05684335214734,0.1929215644399385,IL,2024-04-12,1,0,0,1,1,1,1,1,0,1,0,1
630,1.16244024189011,0.194804905425064,IL,2024-04-13,1,0,1,1,0,1,1,1,1,1,0,0
631,NA,NA,IN,2024-03-03,NA,NA,NA,NA,NA,NA,NA,NA,NA,NA,NA,NA
632,NA,NA,IN,2024-03-04,NA,NA,NA,NA,NA,NA,NA,NA,NA,NA,NA,NA
633,0.0184836298029731,0.00708829875433305,IN,2024-03-05,1,1,1,1,1,1,1,1,1,1,1,1
634,NA,NA,IN,2024-03-06,NA,NA,NA,NA,NA,NA,NA,NA,NA,NA,NA,NA
635,0.0161691986012412,0.0065676805158999,IN,2024-03-07,1,1,1,1,1,1,1,1,1,1,1,1
636,NA,NA,IN,2024-03-08,NA,NA,NA,NA,NA,NA,NA,NA,NA,NA,NA,NA
637,NA,NA,IN,2024-03-09,NA,NA,NA,NA,NA,NA,NA,NA,NA,NA,NA,NA
638,NA,NA,IN,2024-03-10,NA,NA,NA,NA,NA,NA,NA,NA,NA,NA,NA,NA
639,NA,NA,IN,2024-03-11,NA,NA,NA,NA,NA,NA,NA,NA,NA,NA,NA,NA
640,NA,NA,IN,2024-03-12,NA,NA,NA,NA,NA,NA,NA,NA,NA,NA,NA,NA
641,0.0167525192684412,0.00528097410425055,IN,2024-03-13,1,1,1,1,1,1,1,1,1,1,1,1
642,0.0157878276293434,0.00510223682090145,IN,2024-03-14,1,1,1,1,1,1,1,1,1,1,1,1
643,NA,NA,IN,2024-03-15,NA,NA,NA,NA,NA,NA,NA,NA,NA,NA,NA,NA
644,NA,NA,IN,2024-03-16,NA,NA,NA,NA,NA,NA,NA,NA,NA,NA,NA,NA
645,NA,NA,IN,2024-03-17,NA,NA,NA,NA,NA,NA,NA,NA,NA,NA,NA,NA
646,NA,NA,IN,2024-03-18,NA,NA,NA,NA,NA,NA,NA,NA,NA,NA,NA,NA
647,NA,NA,IN,2024-03-19,NA,NA,NA,NA,NA,NA,NA,NA,NA,NA,NA,NA
648,NA,NA,IN,2024-03-20,NA,NA,NA,NA,NA,NA,NA,NA,NA,NA,NA,NA
649,NA,NA,IN,2024-03-21,NA,NA,NA,NA,NA,NA,NA,NA,NA,NA,NA,NA
650,NA,NA,IN,2024-03-22,NA,NA,NA,NA,NA,NA,NA,NA,NA,NA,NA,NA
651,NA,NA,IN,2024-03-23,NA,NA,NA,NA,NA,NA,NA,NA,NA,NA,NA,NA
652,NA,NA,IN,2024-03-24,NA,NA,NA,NA,NA,NA,NA,NA,NA,NA,NA,NA
653,NA,NA,IN,2024-03-25,NA,NA,NA,NA,NA,NA,NA,NA,NA,NA,NA,NA
654,NA,NA,IN,2024-03-26,NA,NA,NA,NA,NA,NA,NA,NA,NA,NA,NA,NA
655,0.0201694855004703,0.00360815091597609,IN,2024-03-27,1,1,1,1,1,1,1,1,1,1,1,1
656,NA,NA,IN,2024-03-28,NA,NA,NA,NA,NA,NA,NA,NA,NA,NA,NA,NA
657,NA,NA,IN,2024-03-29,NA,NA,NA,NA,NA,NA,NA,NA,NA,NA,NA,NA
658,NA,NA,IN,2024-03-30,NA,NA,NA,NA,NA,NA,NA,NA,NA,NA,NA,NA
659,NA,NA,IN,2024-03-31,NA,NA,NA,NA,NA,NA,NA,NA,NA,NA,NA,NA
660,NA,NA,IN,2024-04-01,NA,NA,NA,NA,NA,NA,NA,NA,NA,NA,NA,NA
661,NA,NA,IN,2024-04-02,NA,NA,NA,NA,NA,NA,NA,NA,NA,NA,NA,NA
662,NA,NA,IN,2024-04-03,NA,NA,NA,NA,NA,NA,NA,NA,NA,NA,NA,NA
663,NA,NA,IN,2024-04-04,NA,NA,NA,NA,NA,NA,NA,NA,NA,NA,NA,NA
664,NA,NA,IN,2024-04-05,NA,NA,NA,NA,NA,NA,NA,NA,NA,NA,NA,NA
665,NA,NA,IN,2024-04-06,NA,NA,NA,NA,NA,NA,NA,NA,NA,NA,NA,NA
666,NA,NA,IN,2024-04-07,NA,NA,NA,NA,NA,NA,NA,NA,NA,NA,NA,NA
667,NA,NA,IN,2024-04-08,NA,NA,NA,NA,NA,NA,NA,NA,NA,NA,NA,NA
668,0.0321448903652834,0.00414123867092951,IN,2024-04-09,1,1,1,1,1,1,1,0,1,1,1,0
669,0.0331237948494792,0.00433832534014044,IN,2024-04-10,1,1,1,1,1,1,1,0,1,1,1,0
670,NA,NA,IN,2024-04-11,NA,NA,NA,NA,NA,NA,NA,NA,NA,NA,NA,NA
671,NA,NA,IN,2024-04-12,NA,NA,NA,NA,NA,NA,NA,NA,NA,NA,NA,NA
672,NA,NA,IN,2024-04-13,NA,NA,NA,NA,NA,NA,NA,NA,NA,NA,NA,NA
673,NA,NA,KS,2024-03-03,NA,NA,NA,NA,NA,NA,NA,NA,NA,NA,NA,NA
674,NA,NA,KS,2024-03-04,NA,NA,NA,NA,NA,NA,NA,NA,NA,NA,NA,NA
675,NA,NA,KS,2024-03-05,NA,NA,NA,NA,NA,NA,NA,NA,NA,NA,NA,NA
676,NA,NA,KS,2024-03-06,NA,NA,NA,NA,NA,NA,NA,NA,NA,NA,NA,NA
677,NA,NA,KS,2024-03-07,NA,NA,NA,NA,NA,NA,NA,NA,NA,NA,NA,NA
678,NA,NA,KS,2024-03-08,NA,NA,NA,NA,NA,NA,NA,NA,NA,NA,NA,NA
679,NA,NA,KS,2024-03-09,NA,NA,NA,NA,NA,NA,NA,NA,NA,NA,NA,NA
680,NA,NA,KS,2024-03-10,NA,NA,NA,NA,NA,NA,NA,NA,NA,NA,NA,NA
681,NA,NA,KS,2024-03-11,NA,NA,NA,NA,NA,NA,NA,NA,NA,NA,NA,NA
682,NA,NA,KS,2024-03-12,NA,NA,NA,NA,NA,NA,NA,NA,NA,NA,NA,NA
683,NA,NA,KS,2024-03-13,NA,NA,NA,NA,NA,NA,NA,NA,NA,NA,NA,NA
684,NA,NA,KS,2024-03-14,NA,NA,NA,NA,NA,NA,NA,NA,NA,NA,NA,NA
685,NA,NA,KS,2024-03-15,NA,NA,NA,NA,NA,NA,NA,NA,NA,NA,NA,NA
686,NA,NA,KS,2024-03-16,NA,NA,NA,NA,NA,NA,NA,NA,NA,NA,NA,NA
687,NA,NA,KS,2024-03-17,NA,NA,NA,NA,NA,NA,NA,NA,NA,NA,NA,NA
688,NA,NA,KS,2024-03-18,NA,NA,NA,NA,NA,NA,NA,NA,NA,NA,NA,NA
689,NA,NA,KS,2024-03-19,NA,NA,NA,NA,NA,NA,NA,NA,NA,NA,NA,NA
690,NA,NA,KS,2024-03-20,NA,NA,NA,NA,NA,NA,NA,NA,NA,NA,NA,NA
691,NA,NA,KS,2024-03-21,NA,NA,NA,NA,NA,NA,NA,NA,NA,NA,NA,NA
692,NA,NA,KS,2024-03-22,NA,NA,NA,NA,NA,NA,NA,NA,NA,NA,NA,NA
693,NA,NA,KS,2024-03-23,NA,NA,NA,NA,NA,NA,NA,NA,NA,NA,NA,NA
694,NA,NA,KS,2024-03-24,NA,NA,NA,NA,NA,NA,NA,NA,NA,NA,NA,NA
695,NA,NA,KS,2024-03-25,NA,NA,NA,NA,NA,NA,NA,NA,NA,NA,NA,NA
696,NA,NA,KS,2024-03-26,NA,NA,NA,NA,NA,NA,NA,NA,NA,NA,NA,NA
697,0.0324333899306907,0.005290766242111,KS,2024-03-27,1,1,1,1,1,1,1,0,0,1,1,1
698,NA,NA,KS,2024-03-28,NA,NA,NA,NA,NA,NA,NA,NA,NA,NA,NA,NA
699,NA,NA,KS,2024-03-29,NA,NA,NA,NA,NA,NA,NA,NA,NA,NA,NA,NA
700,NA,NA,KS,2024-03-30,NA,NA,NA,NA,NA,NA,NA,NA,NA,NA,NA,NA
701,NA,NA,KS,2024-03-31,NA,NA,NA,NA,NA,NA,NA,NA,NA,NA,NA,NA
702,NA,NA,KS,2024-04-01,NA,NA,NA,NA,NA,NA,NA,NA,NA,NA,NA,NA
703,NA,NA,KS,2024-04-02,NA,NA,NA,NA,NA,NA,NA,NA,NA,NA,NA,NA
704,NA,NA,KS,2024-04-03,NA,NA,NA,NA,NA,NA,NA,NA,NA,NA,NA,NA
705,NA,NA,KS,2024-04-04,NA,NA,NA,NA,NA,NA,NA,NA,NA,NA,NA,NA
706,NA,NA,KS,2024-04-05,NA,NA,NA,NA,NA,NA,NA,NA,NA,NA,NA,NA
707,NA,NA,KS,2024-04-06,NA,NA,NA,NA,NA,NA,NA,NA,NA,NA,NA,NA
708,NA,NA,KS,2024-04-07,NA,NA,NA,NA,NA,NA,NA,NA,NA,NA,NA,NA
709,NA,NA,KS,2024-04-08,NA,NA,NA,NA,NA,NA,NA,NA,NA,NA,NA,NA
710,NA,NA,KS,2024-04-09,NA,NA,NA,NA,NA,NA,NA,NA,NA,NA,NA,NA
711,NA,NA,KS,2024-04-10,NA,NA,NA,NA,NA,NA,NA,NA,NA,NA,NA,NA
712,NA,NA,KS,2024-04-11,NA,NA,NA,NA,NA,NA,NA,NA,NA,NA,NA,NA
713,NA,NA,KS,2024-04-12,NA,NA,NA,NA,NA,NA,NA,NA,NA,NA,NA,NA
714,NA,NA,KS,2024-04-13,NA,NA,NA,NA,NA,NA,NA,NA,NA,NA,NA,NA
715,NA,NA,KY,2024-03-03,NA,NA,NA,NA,NA,NA,NA,NA,NA,NA,NA,NA
716,0.0192027998267852,0.01554542651307975,KY,2024-03-04,1,1,1,1,1,1,1,1,1,1,1,1
717,NA,NA,KY,2024-03-05,NA,NA,NA,NA,NA,NA,NA,NA,NA,NA,NA,NA
718,0.0568030269244263,0.0148552158454105,KY,2024-03-06,1,1,1,1,1,1,1,0,1,0,1,1
719,NA,NA,KY,2024-03-07,NA,NA,NA,NA,NA,NA,NA,NA,NA,NA,NA,NA
720,NA,NA,KY,2024-03-08,NA,NA,NA,NA,NA,NA,NA,NA,NA,NA,NA,NA
721,NA,NA,KY,2024-03-09,NA,NA,NA,NA,NA,NA,NA,NA,NA,NA,NA,NA
722,NA,NA,KY,2024-03-10,NA,NA,NA,NA,NA,NA,NA,NA,NA,NA,NA,NA
723,NA,NA,KY,2024-03-11,NA,NA,NA,NA,NA,NA,NA,NA,NA,NA,NA,NA
724,0.0171049412877173,0.01317598671514445,KY,2024-03-12,1,1,1,1,1,1,1,1,1,1,1,1
725,NA,NA,KY,2024-03-13,NA,NA,NA,NA,NA,NA,NA,NA,NA,NA,NA,NA
726,NA,NA,KY,2024-03-14,NA,NA,NA,NA,NA,NA,NA,NA,NA,NA,NA,NA
727,NA,NA,KY,2024-03-15,NA,NA,NA,NA,NA,NA,NA,NA,NA,NA,NA,NA
728,NA,NA,KY,2024-03-16,NA,NA,NA,NA,NA,NA,NA,NA,NA,NA,NA,NA
729,NA,NA,KY,2024-03-17,NA,NA,NA,NA,NA,NA,NA,NA,NA,NA,NA,NA
730,NA,NA,KY,2024-03-18,NA,NA,NA,NA,NA,NA,NA,NA,NA,NA,NA,NA
731,NA,NA,KY,2024-03-19,NA,NA,NA,NA,NA,NA,NA,NA,NA,NA,NA,NA
732,NA,NA,KY,2024-03-20,NA,NA,NA,NA,NA,NA,NA,NA,NA,NA,NA,NA
733,NA,NA,KY,2024-03-21,NA,NA,NA,NA,NA,NA,NA,NA,NA,NA,NA,NA
734,NA,NA,KY,2024-03-22,NA,NA,NA,NA,NA,NA,NA,NA,NA,NA,NA,NA
735,NA,NA,KY,2024-03-23,NA,NA,NA,NA,NA,NA,NA,NA,NA,NA,NA,NA
736,NA,NA,KY,2024-03-24,NA,NA,NA,NA,NA,NA,NA,NA,NA,NA,NA,NA
737,0.0180966868297472,0.01163208731582915,KY,2024-03-25,1,1,1,1,1,1,1,1,1,1,1,1
738,NA,NA,KY,2024-03-26,NA,NA,NA,NA,NA,NA,NA,NA,NA,NA,NA,NA
739,0.0219128714107606,0.0117065261305724,KY,2024-03-27,1,1,1,1,1,1,1,0,1,1,1,0
740,NA,NA,KY,2024-03-28,NA,NA,NA,NA,NA,NA,NA,NA,NA,NA,NA,NA
741,NA,NA,KY,2024-03-29,NA,NA,NA,NA,NA,NA,NA,NA,NA,NA,NA,NA
742,NA,NA,KY,2024-03-30,NA,NA,NA,NA,NA,NA,NA,NA,NA,NA,NA,NA
743,NA,NA,KY,2024-03-31,NA,NA,NA,NA,NA,NA,NA,NA,NA,NA,NA,NA
744,NA,NA,KY,2024-04-01,NA,NA,NA,NA,NA,NA,NA,NA,NA,NA,NA,NA
745,NA,NA,KY,2024-04-02,NA,NA,NA,NA,NA,NA,NA,NA,NA,NA,NA,NA
746,NA,NA,KY,2024-04-03,NA,NA,NA,NA,NA,NA,NA,NA,NA,NA,NA,NA
747,0.092692075696747,0.013198492914594,KY,2024-04-04,1,1,1,1,1,1,1,1,1,1,1,1
748,NA,NA,KY,2024-04-05,NA,NA,NA,NA,NA,NA,NA,NA,NA,NA,NA,NA
749,NA,NA,KY,2024-04-06,NA,NA,NA,NA,NA,NA,NA,NA,NA,NA,NA,NA
750,NA,NA,KY,2024-04-07,NA,NA,NA,NA,NA,NA,NA,NA,NA,NA,NA,NA
751,NA,NA,KY,2024-04-08,NA,NA,NA,NA,NA,NA,NA,NA,NA,NA,NA,NA
752,0.107117451147665,0.0153636329357983,KY,2024-04-09,1,1,1,1,1,1,1,1,1,1,1,1
753,NA,NA,KY,2024-04-10,NA,NA,NA,NA,NA,NA,NA,NA,NA,NA,NA,NA
754,NA,NA,KY,2024-04-11,NA,NA,NA,NA,NA,NA,NA,NA,NA,NA,NA,NA
755,NA,NA,KY,2024-04-12,NA,NA,NA,NA,NA,NA,NA,NA,NA,NA,NA,NA
756,NA,NA,KY,2024-04-13,NA,NA,NA,NA,NA,NA,NA,NA,NA,NA,NA,NA
757,0.0326731700634129,0.00299536342620175,LA,2024-03-03,1,1,1,1,1,1,1,1,1,1,1,1
758,0.238835958470194,0.00277480051774595,LA,2024-03-04,1,1,1,1,1,1,1,0,1,1,1,0
759,0.989328422501208,0.096997191549512,LA,2024-03-05,1,1,1,0,1,1,1,0,1,0,1,1
760,0.461450408296019,0.00238562642941033,LA,2024-03-06,1,1,1,1,1,1,1,1,1,1,1,1
761,0.0555626491557606,0.002214155504617715,LA,2024-03-07,1,1,1,1,1,1,1,1,1,1,1,1
762,0.00225190882801338,0.00205639148606129,LA,2024-03-08,1,1,1,1,1,1,1,1,1,1,1,1
763,0.018936260800493,0.00191119300648099,LA,2024-03-09,1,1,1,1,1,1,1,1,1,1,1,1
764,0.0421534059657646,0.001777516693059755,LA,2024-03-10,1,1,1,1,1,1,1,1,1,1,1,1
765,0.0404083139438872,0.00165440871851045,LA,2024-03-11,1,1,1,1,1,1,1,1,1,1,1,1
766,0.0838925231208717,0.00154099705891218,LA,2024-03-12,1,1,1,1,1,1,1,0,1,1,1,0
767,0.00611644746382504,0.001436484406072825,LA,2024-03-13,1,1,1,1,1,1,1,1,1,1,1,1
768,2.28055010985217,0.1612948001096605,LA,2024-03-14,1,0,0,1,1,1,1,0,0,1,1,1
769,0.00134760410648172,0.001251302127525525,LA,2024-03-15,1,1,1,1,1,1,1,1,1,1,1,1
770,0.0173679280940244,0.00116935586364645,LA,2024-03-16,1,1,1,1,1,1,1,1,1,1,1,1
771,1.26391666083914,0.2419879045099615,LA,2024-03-17,1,0,0,1,1,1,1,0,0,1,1,1
772,0.0933527905927268,0.00102395901240826,LA,2024-03-18,1,1,1,1,1,1,1,1,1,1,1,1
773,0.0572553505759094,9.59530842884735e-4,LA,2024-03-19,1,1,1,1,1,1,1,1,1,1,1,1
774,0.00340739894248947,9.00032949390325e-4,LA,2024-03-20,1,1,1,1,1,1,1,1,1,1,1,1
775,0.00603678695010841,8.45073997585875e-4,LA,2024-03-21,1,1,1,1,1,1,1,1,1,1,1,1
776,0.0171656102646107,7.94295734042695e-4,LA,2024-03-22,1,1,1,1,1,1,1,1,1,1,1,1
777,0.00263942527057638,7.47370158950495e-4,LA,2024-03-23,1,1,1,1,1,1,1,1,1,1,1,1
778,0.00237901027910897,7.03996953929945e-4,LA,2024-03-24,1,1,1,1,1,1,1,1,1,1,1,1
779,2.61440117001966,0.3245005025775455,LA,2024-03-25,1,0,0,1,1,1,1,0,0,1,1,1
780,1.21190821806191,0.121935343431328,LA,2024-03-26,1,0,1,1,0,1,1,0,1,1,0,1
781,NA,NA,LA,2024-03-27,NA,NA,NA,NA,NA,NA,NA,NA,NA,NA,NA,NA
782,0.0330338425785472,5.6086518575624e-4,LA,2024-03-28,1,1,1,1,1,1,1,1,1,1,1,1
783,NA,NA,LA,2024-03-29,NA,NA,NA,NA,NA,NA,NA,NA,NA,NA,NA,NA
784,NA,NA,LA,2024-03-30,NA,NA,NA,NA,NA,NA,NA,NA,NA,NA,NA,NA
785,NA,NA,LA,2024-03-31,NA,NA,NA,NA,NA,NA,NA,NA,NA,NA,NA,NA
786,0.00157745978729281,4.5632513272847e-4,LA,2024-04-01,1,1,1,1,1,1,1,1,1,1,1,1
787,0.0203951207334926,4.3497277664717e-4,LA,2024-04-02,1,1,1,1,1,1,1,1,1,1,1,1
788,0.00113725443139247,4.15270783394465e-4,LA,2024-04-03,1,1,1,1,1,1,1,1,1,1,1,1
789,0.00360952337515082,3.97108507185145e-4,LA,2024-04-04,1,1,1,1,1,1,1,1,1,1,1,1
790,2.4252348413333e-4,3.80385941230485e-4,LA,2024-04-05,1,1,1,1,1,1,1,1,1,1,1,1
791,NA,NA,LA,2024-04-06,NA,NA,NA,NA,NA,NA,NA,NA,NA,NA,NA,NA
792,NA,NA,LA,2024-04-07,NA,NA,NA,NA,NA,NA,NA,NA,NA,NA,NA,NA
793,2.69981174547398,0.3920680337748925,LA,2024-04-08,1,0,0,1,1,1,1,0,0,1,1,0
794,2.2712269839731e-4,3.26235974553205e-4,LA,2024-04-09,1,1,1,1,1,1,1,1,1,1,1,1
795,0.00100556630474237,3.1555047910548e-4,LA,2024-04-10,1,1,1,1,1,1,1,1,1,1,1,1
796,8.4321762449571e-4,3.0590427326166e-4,LA,2024-04-11,1,1,1,1,1,1,1,1,1,1,1,1
797,0.00160395066864588,2.97262796487795e-4,LA,2024-04-12,1,1,1,1,1,1,1,1,1,1,1,1
798,1.36868097066886,0.489876905286725,LA,2024-04-13,1,0,1,1,0,1,1,0,1,1,0,1
799,NA,NA,MA,2024-03-03,NA,NA,NA,NA,NA,NA,NA,NA,NA,NA,NA,NA
800,0.00199340473116143,9.23705191412505e-4,MA,2024-03-04,1,1,1,1,1,1,1,1,1,1,1,1
801,NA,NA,MA,2024-03-05,NA,NA,NA,NA,NA,NA,NA,NA,NA,NA,NA,NA
802,1.21493481896833,0.3197149573138865,MA,2024-03-06,1,0,1,1,0,1,1,0,1,1,0,1
803,NA,NA,MA,2024-03-07,NA,NA,NA,NA,NA,NA,NA,NA,NA,NA,NA,NA
804,NA,NA,MA,2024-03-08,NA,NA,NA,NA,NA,NA,NA,NA,NA,NA,NA,NA
805,NA,NA,MA,2024-03-09,NA,NA,NA,NA,NA,NA,NA,NA,NA,NA,NA,NA
806,NA,NA,MA,2024-03-10,NA,NA,NA,NA,NA,NA,NA,NA,NA,NA,NA,NA
807,NA,NA,MA,2024-03-11,NA,NA,NA,NA,NA,NA,NA,NA,NA,NA,NA,NA
808,0.00149024168716267,9.57894263364335e-4,MA,2024-03-12,1,1,1,1,1,1,1,1,1,1,1,1
809,0.0236755250989578,9.80428382986395e-4,MA,2024-03-13,1,1,1,1,1,1,1,1,1,1,1,1
810,NA,NA,MA,2024-03-14,NA,NA,NA,NA,NA,NA,NA,NA,NA,NA,NA,NA
811,0.00196090610360254,0.001040566318779435,MA,2024-03-15,1,1,1,1,1,1,1,1,1,1,1,1
812,0.00171158025216268,0.00107909237811857,MA,2024-03-16,1,1,1,1,1,1,1,1,1,1,1,1
813,NA,NA,MA,2024-03-17,NA,NA,NA,NA,NA,NA,NA,NA,NA,NA,NA,NA
814,0.0157224110677805,0.00117605346503913,MA,2024-03-18,1,1,1,1,1,1,1,1,1,1,1,1
815,NA,NA,MA,2024-03-19,NA,NA,NA,NA,NA,NA,NA,NA,NA,NA,NA,NA
816,0.0023217144080092,0.001304897800098315,MA,2024-03-20,1,1,1,1,1,1,1,1,1,1,1,1
817,NA,NA,MA,2024-03-21,NA,NA,NA,NA,NA,NA,NA,NA,NA,NA,NA,NA
818,0.00209271080741343,0.00147413694117114,MA,2024-03-22,1,1,1,1,1,1,1,1,1,1,1,1
819,NA,NA,MA,2024-03-23,NA,NA,NA,NA,NA,NA,NA,NA,NA,NA,NA,NA
820,NA,NA,MA,2024-03-24,NA,NA,NA,NA,NA,NA,NA,NA,NA,NA,NA,NA
821,0.00235465144183472,0.00183043764349599,MA,2024-03-25,1,1,1,1,1,1,1,1,1,1,1,1
822,0.020780523301772,0.00198485924207152,MA,2024-03-26,1,1,1,1,1,1,1,0,1,1,1,0
823,0.010514446965351,0.00216165364901053,MA,2024-03-27,1,1,1,1,1,1,1,1,1,1,1,1
824,0.0126645728437642,0.00236424947664013,MA,2024-03-28,1,1,1,1,1,1,1,1,1,1,1,1
825,0.00321389931378002,0.002596650377310785,MA,2024-03-29,1,1,1,1,1,1,1,1,1,1,1,1
826,NA,NA,MA,2024-03-30,NA,NA,NA,NA,NA,NA,NA,NA,NA,NA,NA,NA
827,NA,NA,MA,2024-03-31,NA,NA,NA,NA,NA,NA,NA,NA,NA,NA,NA,NA
828,NA,NA,MA,2024-04-01,NA,NA,NA,NA,NA,NA,NA,NA,NA,NA,NA,NA
829,0.00420977435820409,0.00392987700498386,MA,2024-04-02,1,1,1,1,1,1,1,1,1,1,1,1
830,1.27289135664148,0.898234423404265,MA,2024-04-03,1,0,1,1,0,1,1,0,1,1,0,1
831,1.2730334709588,0.88012795068819,MA,2024-04-04,1,0,1,1,1,0,1,0,1,1,1,0
832,0.0205691511894466,0.0055615351935072,MA,2024-04-05,1,1,1,1,1,1,1,1,1,1,1,1
833,0.0212307301745696,0.00627972501814095,MA,2024-04-06,1,1,1,1,1,1,1,0,1,1,1,0
834,0.00720055318986436,0.0071072556093147,MA,2024-04-07,1,1,1,1,1,1,1,1,1,1,1,1
835,0.0531312161098115,0.00805977324687825,MA,2024-04-08,1,1,1,1,1,1,1,1,1,1,1,1
836,1.07058926016534,0.4343568877750915,MA,2024-04-09,1,0,1,1,0,1,1,0,1,1,0,1
837,1.20099954148076,0.851781645395215,MA,2024-04-10,1,0,1,1,0,1,1,0,1,1,0,1
838,0.0112570409356993,0.01184553584434705,MA,2024-04-11,1,1,1,1,1,1,1,1,1,1,1,1
839,0.0739099915416742,0.01348198463319165,MA,2024-04-12,1,1,1,1,1,1,1,0,1,1,0,1
840,NA,NA,MA,2024-04-13,NA,NA,NA,NA,NA,NA,NA,NA,NA,NA,NA,NA
841,NA,NA,MD,2024-03-03,NA,NA,NA,NA,NA,NA,NA,NA,NA,NA,NA,NA
842,NA,NA,MD,2024-03-04,NA,NA,NA,NA,NA,NA,NA,NA,NA,NA,NA,NA
843,0.00854821467923231,0.00167164877207658,MD,2024-03-05,1,1,1,1,1,1,1,1,1,1,1,1
844,1.0241991462373,0.1887321642567625,MD,2024-03-06,1,0,0,1,1,1,1,0,0,1,1,1
845,0.00214690347097979,0.001588138004672715,MD,2024-03-07,1,1,1,1,1,1,1,1,1,1,1,1
846,0.0023519361521785,0.001554365063759125,MD,2024-03-08,1,1,1,1,1,1,1,1,1,1,1,1
847,0.00249436159916641,0.001525628080436205,MD,2024-03-09,1,1,1,1,1,1,1,1,1,1,1,1
848,NA,NA,MD,2024-03-10,NA,NA,NA,NA,NA,NA,NA,NA,NA,NA,NA,NA
849,NA,NA,MD,2024-03-11,NA,NA,NA,NA,NA,NA,NA,NA,NA,NA,NA,NA
850,NA,NA,MD,2024-03-12,NA,NA,NA,NA,NA,NA,NA,NA,NA,NA,NA,NA
851,NA,NA,MD,2024-03-13,NA,NA,NA,NA,NA,NA,NA,NA,NA,NA,NA,NA
852,0.00181733514250505,0.001453298060416265,MD,2024-03-14,1,1,1,1,1,1,1,1,1,1,1,1
853,0.0180906362505242,0.00145285531735198,MD,2024-03-15,1,1,1,1,1,1,1,1,1,1,1,1
854,NA,NA,MD,2024-03-16,NA,NA,NA,NA,NA,NA,NA,NA,NA,NA,NA,NA
855,0.00908453001365034,0.00146651422155391,MD,2024-03-17,1,1,1,1,1,1,1,1,1,1,1,1
856,0.00973033763847164,0.001480971648635495,MD,2024-03-18,1,1,1,1,1,1,1,0,0,1,1,1
857,NA,NA,MD,2024-03-19,NA,NA,NA,NA,NA,NA,NA,NA,NA,NA,NA,NA
858,0.0103502716766228,0.00152648456532313,MD,2024-03-20,1,1,1,1,1,1,1,1,1,1,1,1
859,NA,NA,MD,2024-03-21,NA,NA,NA,NA,NA,NA,NA,NA,NA,NA,NA,NA
860,0.00262726938904068,0.001596761128362845,MD,2024-03-22,1,1,1,1,1,1,1,1,1,1,1,1
861,0.00304128040799291,0.001642504919524315,MD,2024-03-23,1,1,1,1,1,1,1,1,1,1,1,1
862,NA,NA,MD,2024-03-24,NA,NA,NA,NA,NA,NA,NA,NA,NA,NA,NA,NA
863,0.0278500416972244,0.001758812020719665,MD,2024-03-25,1,1,1,1,1,1,1,1,1,1,1,1
864,0.00389272182167524,0.00183124075325892,MD,2024-03-26,1,1,1,1,1,1,1,1,1,1,1,1
865,NA,NA,MD,2024-03-27,NA,NA,NA,NA,NA,NA,NA,NA,NA,NA,NA,NA
866,0.0143876999071261,0.002010672843513515,MD,2024-03-28,1,1,1,1,1,1,1,1,1,1,1,1
867,0.00458908057731117,0.002120771674264385,MD,2024-03-29,1,1,1,1,1,1,1,0,0,1,1,1
868,NA,NA,MD,2024-03-30,NA,NA,NA,NA,NA,NA,NA,NA,NA,NA,NA,NA
869,NA,NA,MD,2024-03-31,NA,NA,NA,NA,NA,NA,NA,NA,NA,NA,NA,NA
870,0.0198260201666117,0.00255772021535166,MD,2024-04-01,1,1,1,1,1,1,1,1,1,1,1,1
871,0.786068164029868,0.094198564144788,MD,2024-04-02,1,1,1,1,1,0,1,0,1,1,1,0
872,0.979285000654226,0.1587005451310245,MD,2024-04-03,1,1,1,1,0,1,1,0,1,1,0,1
873,1.01710644093431,0.1895681406841305,MD,2024-04-04,1,1,1,1,0,1,1,0,1,1,0,1
874,1.92898917418582,0.610211845205815,MD,2024-04-05,1,0,0,1,0,1,1,0,0,1,0,1
875,0.100926379241112,0.00384715915889559,MD,2024-04-06,1,1,1,1,1,1,1,1,1,1,1,1
876,0.0355598425138434,0.004236756197368375,MD,2024-04-07,1,1,1,1,1,1,1,1,1,1,1,1
877,0.113485689526468,0.00468884667863834,MD,2024-04-08,1,1,1,1,1,1,1,1,1,1,1,1
878,0.0811532006350314,0.00521442945597975,MD,2024-04-09,1,1,1,1,1,1,1,1,1,1,1,1
879,0.0954360341465459,0.005826468076299,MD,2024-04-10,1,1,1,1,1,1,1,0,1,1,1,0
880,1.04063496656156,0.30778687746664,MD,2024-04-11,1,1,1,1,0,1,1,0,1,1,0,1
881,0.164656547306835,0.0073732373742644,MD,2024-04-12,1,1,1,1,1,1,1,1,1,1,1,1
882,0.0210925144104213,0.0083461426147194,MD,2024-04-13,1,1,1,1,1,1,1,1,1,1,1,1
883,NA,NA,ME,2024-03-03,NA,NA,NA,NA,NA,NA,NA,NA,NA,NA,NA,NA
884,NA,NA,ME,2024-03-04,NA,NA,NA,NA,NA,NA,NA,NA,NA,NA,NA,NA
885,NA,NA,ME,2024-03-05,NA,NA,NA,NA,NA,NA,NA,NA,NA,NA,NA,NA
886,NA,NA,ME,2024-03-06,NA,NA,NA,NA,NA,NA,NA,NA,NA,NA,NA,NA
887,NA,NA,ME,2024-03-07,NA,NA,NA,NA,NA,NA,NA,NA,NA,NA,NA,NA
888,NA,NA,ME,2024-03-08,NA,NA,NA,NA,NA,NA,NA,NA,NA,NA,NA,NA
889,NA,NA,ME,2024-03-09,NA,NA,NA,NA,NA,NA,NA,NA,NA,NA,NA,NA
890,NA,NA,ME,2024-03-10,NA,NA,NA,NA,NA,NA,NA,NA,NA,NA,NA,NA
891,NA,NA,ME,2024-03-11,NA,NA,NA,NA,NA,NA,NA,NA,NA,NA,NA,NA
892,NA,NA,ME,2024-03-12,NA,NA,NA,NA,NA,NA,NA,NA,NA,NA,NA,NA
893,NA,NA,ME,2024-03-13,NA,NA,NA,NA,NA,NA,NA,NA,NA,NA,NA,NA
894,NA,NA,ME,2024-03-14,NA,NA,NA,NA,NA,NA,NA,NA,NA,NA,NA,NA
895,NA,NA,ME,2024-03-15,NA,NA,NA,NA,NA,NA,NA,NA,NA,NA,NA,NA
896,NA,NA,ME,2024-03-16,NA,NA,NA,NA,NA,NA,NA,NA,NA,NA,NA,NA
897,NA,NA,ME,2024-03-17,NA,NA,NA,NA,NA,NA,NA,NA,NA,NA,NA,NA
898,NA,NA,ME,2024-03-18,NA,NA,NA,NA,NA,NA,NA,NA,NA,NA,NA,NA
899,NA,NA,ME,2024-03-19,NA,NA,NA,NA,NA,NA,NA,NA,NA,NA,NA,NA
900,NA,NA,ME,2024-03-20,NA,NA,NA,NA,NA,NA,NA,NA,NA,NA,NA,NA
901,NA,NA,ME,2024-03-21,NA,NA,NA,NA,NA,NA,NA,NA,NA,NA,NA,NA
902,NA,NA,ME,2024-03-22,NA,NA,NA,NA,NA,NA,NA,NA,NA,NA,NA,NA
903,NA,NA,ME,2024-03-23,NA,NA,NA,NA,NA,NA,NA,NA,NA,NA,NA,NA
904,NA,NA,ME,2024-03-24,NA,NA,NA,NA,NA,NA,NA,NA,NA,NA,NA,NA
905,NA,NA,ME,2024-03-25,NA,NA,NA,NA,NA,NA,NA,NA,NA,NA,NA,NA
906,NA,NA,ME,2024-03-26,NA,NA,NA,NA,NA,NA,NA,NA,NA,NA,NA,NA
907,NA,NA,ME,2024-03-27,NA,NA,NA,NA,NA,NA,NA,NA,NA,NA,NA,NA
908,NA,NA,ME,2024-03-28,NA,NA,NA,NA,NA,NA,NA,NA,NA,NA,NA,NA
909,NA,NA,ME,2024-03-29,NA,NA,NA,NA,NA,NA,NA,NA,NA,NA,NA,NA
910,NA,NA,ME,2024-03-30,NA,NA,NA,NA,NA,NA,NA,NA,NA,NA,NA,NA
911,NA,NA,ME,2024-03-31,NA,NA,NA,NA,NA,NA,NA,NA,NA,NA,NA,NA
912,NA,NA,ME,2024-04-01,NA,NA,NA,NA,NA,NA,NA,NA,NA,NA,NA,NA
913,NA,NA,ME,2024-04-02,NA,NA,NA,NA,NA,NA,NA,NA,NA,NA,NA,NA
914,NA,NA,ME,2024-04-03,NA,NA,NA,NA,NA,NA,NA,NA,NA,NA,NA,NA
915,NA,NA,ME,2024-04-04,NA,NA,NA,NA,NA,NA,NA,NA,NA,NA,NA,NA
916,NA,NA,ME,2024-04-05,NA,NA,NA,NA,NA,NA,NA,NA,NA,NA,NA,NA
917,NA,NA,ME,2024-04-06,NA,NA,NA,NA,NA,NA,NA,NA,NA,NA,NA,NA
918,NA,NA,ME,2024-04-07,NA,NA,NA,NA,NA,NA,NA,NA,NA,NA,NA,NA
919,NA,NA,ME,2024-04-08,NA,NA,NA,NA,NA,NA,NA,NA,NA,NA,NA,NA
920,NA,NA,ME,2024-04-09,NA,NA,NA,NA,NA,NA,NA,NA,NA,NA,NA,NA
921,NA,NA,ME,2024-04-10,NA,NA,NA,NA,NA,NA,NA,NA,NA,NA,NA,NA
922,NA,NA,ME,2024-04-11,NA,NA,NA,NA,NA,NA,NA,NA,NA,NA,NA,NA
923,NA,NA,ME,2024-04-12,NA,NA,NA,NA,NA,NA,NA,NA,NA,NA,NA,NA
924,NA,NA,ME,2024-04-13,NA,NA,NA,NA,NA,NA,NA,NA,NA,NA,NA,NA
925,0.212953184010603,0.006263855208846,MI,2024-03-03,1,1,1,1,1,1,0,0,1,1,0,1
926,1.08654290485682,0.119192457333429,MI,2024-03-04,1,1,0,1,1,1,1,0,0,1,1,0
927,1.07090706684616,0.090911391905696,MI,2024-03-05,1,1,1,1,0,1,1,1,0,0,0,0
928,1.03656499827088,0.00610911693210285,MI,2024-03-06,1,0,1,1,1,1,1,0,1,1,1,0
929,1.51212976711465,0.1260149753049775,MI,2024-03-07,1,1,1,1,0,1,1,0,1,0,0,0
930,0.766297922933013,0.087108346053838,MI,2024-03-08,1,1,1,1,0,1,1,0,1,1,0,1
931,0.808520830123037,0.117399370078326,MI,2024-03-09,1,1,1,1,0,1,0,0,1,0,1,1
932,1.06506292037823,0.3025536657919305,MI,2024-03-10,1,0,1,1,0,1,1,0,1,1,0,1
933,1.96215093702299,0.2079125348149835,MI,2024-03-11,1,0,1,0,1,1,1,1,1,0,0,0
934,0.782657427534494,0.095496603962297,MI,2024-03-12,1,1,0,1,1,1,1,1,0,1,1,0
935,0.80929704235137,0.0617145013733025,MI,2024-03-13,1,1,1,1,0,1,1,1,1,0,0,1
936,0.681494974941681,0.00653893627991385,MI,2024-03-14,1,1,1,1,1,1,1,1,1,1,1,1
937,0.104162535176819,0.0066924149084232,MI,2024-03-15,1,1,1,1,1,1,1,1,1,1,1,1
938,0.0326267493490257,0.0068731872992481,MI,2024-03-16,1,1,1,1,1,1,1,1,1,1,1,1
939,0.164467333870462,0.0070836802752572,MI,2024-03-17,1,1,1,1,1,1,1,1,1,1,1,1
940,0.711414828104202,0.108276410733378,MI,2024-03-18,1,1,1,1,1,1,0,0,1,0,1,0
941,1.73213666873375,0.13918055878437,MI,2024-03-19,1,1,0,1,1,1,1,0,1,0,1,0
942,1.80221579384249,0.15365235387188,MI,2024-03-20,1,1,0,1,1,1,1,0,1,0,0,0
943,2.25872873520919,0.159442723592082,MI,2024-03-21,1,0,0,1,0,1,0,0,0,1,0,0
944,1.07408694749513,0.00870121363176365,MI,2024-03-22,1,0,1,1,1,1,1,0,1,1,0,1
945,0.940793987745362,0.226485093248066,MI,2024-03-23,1,1,0,1,1,1,1,1,0,0,1,1
946,0.143344067873581,0.0097034540868872,MI,2024-03-24,1,1,1,1,1,1,1,1,1,1,1,1
947,0.897740538391746,0.0103084617845887,MI,2024-03-25,1,0,1,1,1,1,1,0,1,1,1,0
948,1.61341205909747,0.2079307620374765,MI,2024-03-26,0,0,0,1,1,1,0,0,1,0,0,1
949,1.22015236949586,0.129634533643855,MI,2024-03-27,1,1,1,1,0,1,0,0,1,1,0,1
950,2.28330230199013,0.267312370164448,MI,2024-03-28,0,0,1,1,0,1,0,0,1,1,0,0
951,0.669369059740936,0.01367962402751615,MI,2024-03-29,1,1,1,1,1,1,1,0,1,0,0,1
952,0.684651234963983,0.1492871078071005,MI,2024-03-30,1,1,1,1,0,1,1,0,1,1,0,1
953,1.78818189044845,0.335020062242527,MI,2024-03-31,1,0,1,1,0,1,1,0,1,1,0,1
954,0.663034616402403,0.1160097574754415,MI,2024-04-01,1,1,1,1,1,1,1,0,1,1,0,1
955,0.832758002604645,0.0194118579250976,MI,2024-04-02,1,0,1,1,1,1,1,0,0,1,1,0
956,0.897926618721034,0.02140941905821735,MI,2024-04-03,1,0,1,1,1,1,1,1,1,1,1,1
957,1.22956557759151,0.13892241902456,MI,2024-04-04,1,1,1,1,0,1,1,0,0,1,0,1
958,1.28529168773196,0.2098118377217495,MI,2024-04-05,1,1,1,1,0,1,1,0,1,1,0,1
959,1.25637924775827,0.329197672938232,MI,2024-04-06,1,1,0,1,1,0,1,0,0,0,1,0
960,1.03819736080647,0.2415367244332965,MI,2024-04-07,1,1,0,1,1,1,1,0,0,1,0,1
961,1.94645168291522,0.222771111910438,MI,2024-04-08,1,1,0,1,0,1,1,0,0,0,0,1
962,1.57768113580548,0.2693171966004055,MI,2024-04-09,1,1,0,1,0,1,1,0,1,1,0,0
963,0.771226997878363,0.137881302134513,MI,2024-04-10,1,1,1,1,1,1,1,0,0,0,0,1
964,1.2161589440349,0.256525943574914,MI,2024-04-11,1,1,1,1,0,1,1,0,1,1,0,0
965,2.16665335557252,0.3571492517164745,MI,2024-04-12,1,0,1,1,0,1,1,0,1,0,0,0
966,0.612019442571738,0.252990575859446,MI,2024-04-13,1,1,1,1,1,1,1,0,1,1,0,1
967,0.908116182963979,0.119422642643828,MN,2024-03-03,1,1,0,1,1,1,1,0,0,1,1,1
968,0.644983008100097,0.00440614044477127,MN,2024-03-04,1,1,1,1,1,1,0,0,1,1,1,0
969,0.873466903873528,0.098673923828903,MN,2024-03-05,1,1,0,1,1,1,1,1,0,1,0,1
970,0.965490553148892,0.052680601004366,MN,2024-03-06,1,1,1,1,0,1,1,1,1,1,0,0
971,0.947599646280367,0.055244657918792,MN,2024-03-07,1,1,1,0,1,1,1,1,0,0,1,1
972,1.28118434008049,0.1684600988777605,MN,2024-03-08,1,0,1,1,0,1,1,0,1,1,0,1
973,0.258131271782679,0.003273795866171965,MN,2024-03-09,1,1,1,1,1,1,1,1,1,1,1,1
974,0.128161475070954,0.00308521254130899,MN,2024-03-10,1,1,1,1,1,1,1,1,1,1,1,1
975,0.482046905629014,0.0029077062027402,MN,2024-03-11,1,1,1,1,1,1,1,0,1,1,1,0
976,0.84999973330563094,0.0652106042112655,MN,2024-03-12,1,1,1,1,0,1,0,1,1,1,0,1
977,0.15170927807129,0.002583608159143935,MN,2024-03-13,1,1,1,1,1,1,1,1,1,1,1,1
978,0.137784099458098,0.00243594240498572,MN,2024-03-14,1,1,1,1,1,1,1,0,1,1,1,0
979,0.0517189920386497,0.0022972016925154,MN,2024-03-15,1,1,1,1,1,1,1,1,1,1,1,1
980,0.273443174464414,0.002166924748550845,MN,2024-03-16,1,1,1,1,1,1,1,0,1,1,0,1
981,0.0269060767261634,0.00204467771130785,MN,2024-03-17,1,1,1,1,1,1,1,1,1,1,1,1
982,0.0673238248657884,0.00193005276425472,MN,2024-03-18,1,1,1,1,1,1,1,0,0,1,1,1
983,3.56463689061826,0.3565451577458195,MN,2024-03-19,1,0,0,1,1,1,1,0,0,1,1,1
984,0.0796227029761259,0.00172216093139128,MN,2024-03-20,1,1,1,1,1,1,1,0,1,1,1,0
985,0.164228792952792,0.00162819839000135,MN,2024-03-21,1,1,1,1,1,1,1,0,1,1,1,0
986,1.13262684609687,0.239003758320924,MN,2024-03-22,1,0,1,1,0,1,1,1,1,1,0,0
987,1.00908982184102,0.137243173344091,MN,2024-03-23,1,1,0,1,1,1,1,0,0,1,1,1
988,2.41002107499661,0.381975208324491,MN,2024-03-24,1,0,0,1,1,1,1,0,0,1,1,1
989,0.0341089866414454,0.00131181327000119,MN,2024-03-25,1,1,1,1,1,1,1,0,1,1,1,0
990,0.915729230135873,0.1566692041937945,MN,2024-03-26,1,1,1,1,1,0,1,0,1,1,1,0
991,0.971907729824497,0.1204450761537625,MN,2024-03-27,1,1,0,1,1,1,1,0,0,1,0,0
992,0.0454982536957527,0.00112991830953139,MN,2024-03-28,1,1,1,1,1,1,1,0,1,1,0,1
993,2.04979066198574,0.384101087295211,MN,2024-03-29,1,0,0,0,1,1,1,0,0,0,1,1
994,1.14501445349163,0.23998597817325,MN,2024-03-30,1,0,1,1,0,1,1,0,1,1,0,1
995,2.16750291954822,0.2134907920274295,MN,2024-03-31,1,0,1,1,0,1,1,0,1,1,0,1
996,0.00819632729330061,9.51546377201035e-4,MN,2024-04-01,1,1,1,1,1,1,1,1,1,1,1,1
997,0.0082700217686982,9.17594641173385e-4,MN,2024-04-02,1,1,1,1,1,1,1,1,1,1,1,1
998,0.0437279147480623,8.87769862424385e-4,MN,2024-04-03,1,1,1,1,1,1,1,1,1,1,1,1
999,0.0592710337943538,8.62059857603235e-4,MN,2024-04-04,1,1,1,1,1,1,1,1,1,1,1,1
1000,0.985287022032015,0.158703955129375,MN,2024-04-05,1,0,1,1,1,0,1,0,1,1,1,0
1001,0.0283373194049697,8.2311717241949e-4,MN,2024-04-06,1,1,1,1,1,1,1,1,1,1,1,1
1002,0.0289480619321989,8.10056697779065e-4,MN,2024-04-07,1,1,1,1,1,1,1,0,1,1,0,1
1003,0.0430747090242458,8.0146801709983e-4,MN,2024-04-08,1,1,1,1,1,1,1,1,1,1,1,1
1004,0.95049384090325,0.1373937232659565,MN,2024-04-09,1,1,1,1,0,1,1,0,1,1,0,1
1005,0.947202141708675,0.1373129278749165,MN,2024-04-10,1,1,1,1,0,1,1,0,1,1,0,1
1006,2.71360505580422,0.260903869914619,MN,2024-04-11,1,0,1,1,0,0,1,0,1,1,0,0
1007,0.00248980783034002,8.17439763579835e-4,MN,2024-04-12,1,1,1,1,1,1,1,1,1,1,1,1
1008,0.0498607809243135,8.36193369210465e-4,MN,2024-04-13,1,1,1,1,1,1,1,1,1,1,1,1
1009,NA,NA,MO,2024-03-03,NA,NA,NA,NA,NA,NA,NA,NA,NA,NA,NA,NA
1010,NA,NA,MO,2024-03-04,NA,NA,NA,NA,NA,NA,NA,NA,NA,NA,NA,NA
1011,0.0142377364322388,0.01251743012785835,MO,2024-03-05,1,1,1,1,1,1,1,1,1,1,1,1
1012,0.014515586969573,0.01239173819516,MO,2024-03-06,1,1,1,1,1,1,1,1,1,1,1,1
1013,NA,NA,MO,2024-03-07,NA,NA,NA,NA,NA,NA,NA,NA,NA,NA,NA,NA
1014,0.0150750074277245,0.01219162588262165,MO,2024-03-08,1,1,1,1,1,1,1,1,1,1,1,1
1015,NA,NA,MO,2024-03-09,NA,NA,NA,NA,NA,NA,NA,NA,NA,NA,NA,NA
1016,NA,NA,MO,2024-03-10,NA,NA,NA,NA,NA,NA,NA,NA,NA,NA,NA,NA
1017,0.0143566435076206,0.0120137953327196,MO,2024-03-11,1,1,1,1,1,1,1,1,1,1,1,1
1018,NA,NA,MO,2024-03-12,NA,NA,NA,NA,NA,NA,NA,NA,NA,NA,NA,NA
1019,NA,NA,MO,2024-03-13,NA,NA,NA,NA,NA,NA,NA,NA,NA,NA,NA,NA
1020,NA,NA,MO,2024-03-14,NA,NA,NA,NA,NA,NA,NA,NA,NA,NA,NA,NA
1021,NA,NA,MO,2024-03-15,NA,NA,NA,NA,NA,NA,NA,NA,NA,NA,NA,NA
1022,NA,NA,MO,2024-03-16,NA,NA,NA,NA,NA,NA,NA,NA,NA,NA,NA,NA
1023,NA,NA,MO,2024-03-17,NA,NA,NA,NA,NA,NA,NA,NA,NA,NA,NA,NA
1024,NA,NA,MO,2024-03-18,NA,NA,NA,NA,NA,NA,NA,NA,NA,NA,NA,NA
1025,NA,NA,MO,2024-03-19,NA,NA,NA,NA,NA,NA,NA,NA,NA,NA,NA,NA
1026,NA,NA,MO,2024-03-20,NA,NA,NA,NA,NA,NA,NA,NA,NA,NA,NA,NA
1027,NA,NA,MO,2024-03-21,NA,NA,NA,NA,NA,NA,NA,NA,NA,NA,NA,NA
1028,NA,NA,MO,2024-03-22,NA,NA,NA,NA,NA,NA,NA,NA,NA,NA,NA,NA
1029,NA,NA,MO,2024-03-23,NA,NA,NA,NA,NA,NA,NA,NA,NA,NA,NA,NA
1030,NA,NA,MO,2024-03-24,NA,NA,NA,NA,NA,NA,NA,NA,NA,NA,NA,NA
1031,NA,NA,MO,2024-03-25,NA,NA,NA,NA,NA,NA,NA,NA,NA,NA,NA,NA
1032,NA,NA,MO,2024-03-26,NA,NA,NA,NA,NA,NA,NA,NA,NA,NA,NA,NA
1033,NA,NA,MO,2024-03-27,NA,NA,NA,NA,NA,NA,NA,NA,NA,NA,NA,NA
1034,0.02437780321887,0.01401786946560435,MO,2024-03-28,1,1,1,1,1,1,1,1,1,1,1,1
1035,NA,NA,MO,2024-03-29,NA,NA,NA,NA,NA,NA,NA,NA,NA,NA,NA,NA
1036,NA,NA,MO,2024-03-30,NA,NA,NA,NA,NA,NA,NA,NA,NA,NA,NA,NA
1037,NA,NA,MO,2024-03-31,NA,NA,NA,NA,NA,NA,NA,NA,NA,NA,NA,NA
1038,NA,NA,MO,2024-04-01,NA,NA,NA,NA,NA,NA,NA,NA,NA,NA,NA,NA
1039,NA,NA,MO,2024-04-02,NA,NA,NA,NA,NA,NA,NA,NA,NA,NA,NA,NA
1040,NA,NA,MO,2024-04-03,NA,NA,NA,NA,NA,NA,NA,NA,NA,NA,NA,NA
1041,NA,NA,MO,2024-04-04,NA,NA,NA,NA,NA,NA,NA,NA,NA,NA,NA,NA
1042,NA,NA,MO,2024-04-05,NA,NA,NA,NA,NA,NA,NA,NA,NA,NA,NA,NA
1043,NA,NA,MO,2024-04-06,NA,NA,NA,NA,NA,NA,NA,NA,NA,NA,NA,NA
1044,NA,NA,MO,2024-04-07,NA,NA,NA,NA,NA,NA,NA,NA,NA,NA,NA,NA
1045,NA,NA,MO,2024-04-08,NA,NA,NA,NA,NA,NA,NA,NA,NA,NA,NA,NA
1046,NA,NA,MO,2024-04-09,NA,NA,NA,NA,NA,NA,NA,NA,NA,NA,NA,NA
1047,NA,NA,MO,2024-04-10,NA,NA,NA,NA,NA,NA,NA,NA,NA,NA,NA,NA
1048,0.0587712790284174,0.02434101027339635,MO,2024-04-11,1,1,1,1,1,1,1,1,1,1,1,1
1049,NA,NA,MO,2024-04-12,NA,NA,NA,NA,NA,NA,NA,NA,NA,NA,NA,NA
1050,NA,NA,MO,2024-04-13,NA,NA,NA,NA,NA,NA,NA,NA,NA,NA,NA,NA
1051,NA,NA,MS,2024-03-03,NA,NA,NA,NA,NA,NA,NA,NA,NA,NA,NA,NA
1052,0.0365305047750026,0.003574224096796885,MS,2024-03-04,1,1,1,1,1,1,1,1,1,1,1,1
1053,0.0380026062730915,0.00341020339695869,MS,2024-03-05,1,1,1,1,1,1,1,1,1,1,1,1
1054,2.49005481061597,0.92713540234608,MS,2024-03-06,1,0,0,1,1,1,1,0,0,1,1,0
1055,NA,NA,MS,2024-03-07,NA,NA,NA,NA,NA,NA,NA,NA,NA,NA,NA,NA
1056,NA,NA,MS,2024-03-08,NA,NA,NA,NA,NA,NA,NA,NA,NA,NA,NA,NA
1057,NA,NA,MS,2024-03-09,NA,NA,NA,NA,NA,NA,NA,NA,NA,NA,NA,NA
1058,NA,NA,MS,2024-03-10,NA,NA,NA,NA,NA,NA,NA,NA,NA,NA,NA,NA
1059,0.0358234166797221,0.00267957063449317,MS,2024-03-11,1,1,1,1,1,1,1,1,1,1,1,1
1060,0.0343408807843603,0.002593605557146865,MS,2024-03-12,1,1,1,1,1,1,1,1,1,1,1,1
1061,NA,NA,MS,2024-03-13,NA,NA,NA,NA,NA,NA,NA,NA,NA,NA,NA,NA
1062,1.16988138536805,0.4722704603483855,MS,2024-03-14,1,0,1,1,0,1,1,0,1,1,0,1
1063,NA,NA,MS,2024-03-15,NA,NA,NA,NA,NA,NA,NA,NA,NA,NA,NA,NA
1064,NA,NA,MS,2024-03-16,NA,NA,NA,NA,NA,NA,NA,NA,NA,NA,NA,NA
1065,NA,NA,MS,2024-03-17,NA,NA,NA,NA,NA,NA,NA,NA,NA,NA,NA,NA
1066,0.0105287068103064,0.0022549924162671,MS,2024-03-18,1,1,1,1,1,1,1,1,1,1,1,1
1067,0.0107558860771092,0.00222664455634793,MS,2024-03-19,1,1,1,1,1,1,1,1,1,1,1,1
1068,0.0113726811786296,0.00220637867308365,MS,2024-03-20,1,1,1,1,1,1,1,1,1,1,1,1
1069,0.043868679188465,0.00219441436557194,MS,2024-03-21,1,1,1,1,1,1,1,1,1,1,1,1
1070,NA,NA,MS,2024-03-22,NA,NA,NA,NA,NA,NA,NA,NA,NA,NA,NA,NA
1071,NA,NA,MS,2024-03-23,NA,NA,NA,NA,NA,NA,NA,NA,NA,NA,NA,NA
1072,NA,NA,MS,2024-03-24,NA,NA,NA,NA,NA,NA,NA,NA,NA,NA,NA,NA
1073,0.0136565795077803,0.00223790966115919,MS,2024-03-25,1,1,1,1,1,1,1,1,1,1,1,1
1074,NA,NA,MS,2024-03-26,NA,NA,NA,NA,NA,NA,NA,NA,NA,NA,NA,NA
1075,NA,NA,MS,2024-03-27,NA,NA,NA,NA,NA,NA,NA,NA,NA,NA,NA,NA
1076,0.020427706753606,0.002387331085721965,MS,2024-03-28,1,1,1,1,1,1,1,1,1,1,1,1
1077,NA,NA,MS,2024-03-29,NA,NA,NA,NA,NA,NA,NA,NA,NA,NA,NA,NA
1078,NA,NA,MS,2024-03-30,NA,NA,NA,NA,NA,NA,NA,NA,NA,NA,NA,NA
1079,NA,NA,MS,2024-03-31,NA,NA,NA,NA,NA,NA,NA,NA,NA,NA,NA,NA
1080,0.0259789616685007,0.002813638856545615,MS,2024-04-01,1,1,1,1,1,1,1,1,1,1,1,1
1081,NA,NA,MS,2024-04-02,NA,NA,NA,NA,NA,NA,NA,NA,NA,NA,NA,NA
1082,NA,NA,MS,2024-04-03,NA,NA,NA,NA,NA,NA,NA,NA,NA,NA,NA,NA
1083,0.0353924479611996,0.00339385411798777,MS,2024-04-04,1,1,1,1,1,1,1,1,1,1,1,1
1084,NA,NA,MS,2024-04-05,NA,NA,NA,NA,NA,NA,NA,NA,NA,NA,NA,NA
1085,NA,NA,MS,2024-04-06,NA,NA,NA,NA,NA,NA,NA,NA,NA,NA,NA,NA
1086,NA,NA,MS,2024-04-07,NA,NA,NA,NA,NA,NA,NA,NA,NA,NA,NA,NA
1087,NA,NA,MS,2024-04-08,NA,NA,NA,NA,NA,NA,NA,NA,NA,NA,NA,NA
1088,NA,NA,MS,2024-04-09,NA,NA,NA,NA,NA,NA,NA,NA,NA,NA,NA,NA
1089,1.03320841968559,0.89030011513965,MS,2024-04-10,1,1,1,1,1,0,1,0,1,1,1,0
1090,NA,NA,MS,2024-04-11,NA,NA,NA,NA,NA,NA,NA,NA,NA,NA,NA,NA
1091,NA,NA,MS,2024-04-12,NA,NA,NA,NA,NA,NA,NA,NA,NA,NA,NA,NA
1092,NA,NA,MS,2024-04-13,NA,NA,NA,NA,NA,NA,NA,NA,NA,NA,NA,NA
1093,NA,NA,MT,2024-03-03,NA,NA,NA,NA,NA,NA,NA,NA,NA,NA,NA,NA
1094,NA,NA,MT,2024-03-04,NA,NA,NA,NA,NA,NA,NA,NA,NA,NA,NA,NA
1095,NA,NA,MT,2024-03-05,NA,NA,NA,NA,NA,NA,NA,NA,NA,NA,NA,NA
1096,NA,NA,MT,2024-03-06,NA,NA,NA,NA,NA,NA,NA,NA,NA,NA,NA,NA
1097,NA,NA,MT,2024-03-07,NA,NA,NA,NA,NA,NA,NA,NA,NA,NA,NA,NA
1098,NA,NA,MT,2024-03-08,NA,NA,NA,NA,NA,NA,NA,NA,NA,NA,NA,NA
1099,NA,NA,MT,2024-03-09,NA,NA,NA,NA,NA,NA,NA,NA,NA,NA,NA,NA
1100,NA,NA,MT,2024-03-10,NA,NA,NA,NA,NA,NA,NA,NA,NA,NA,NA,NA
1101,NA,NA,MT,2024-03-11,NA,NA,NA,NA,NA,NA,NA,NA,NA,NA,NA,NA
1102,NA,NA,MT,2024-03-12,NA,NA,NA,NA,NA,NA,NA,NA,NA,NA,NA,NA
1103,NA,NA,MT,2024-03-13,NA,NA,NA,NA,NA,NA,NA,NA,NA,NA,NA,NA
1104,NA,NA,MT,2024-03-14,NA,NA,NA,NA,NA,NA,NA,NA,NA,NA,NA,NA
1105,NA,NA,MT,2024-03-15,NA,NA,NA,NA,NA,NA,NA,NA,NA,NA,NA,NA
1106,NA,NA,MT,2024-03-16,NA,NA,NA,NA,NA,NA,NA,NA,NA,NA,NA,NA
1107,NA,NA,MT,2024-03-17,NA,NA,NA,NA,NA,NA,NA,NA,NA,NA,NA,NA
1108,NA,NA,MT,2024-03-18,NA,NA,NA,NA,NA,NA,NA,NA,NA,NA,NA,NA
1109,NA,NA,MT,2024-03-19,NA,NA,NA,NA,NA,NA,NA,NA,NA,NA,NA,NA
1110,NA,NA,MT,2024-03-20,NA,NA,NA,NA,NA,NA,NA,NA,NA,NA,NA,NA
1111,NA,NA,MT,2024-03-21,NA,NA,NA,NA,NA,NA,NA,NA,NA,NA,NA,NA
1112,NA,NA,MT,2024-03-22,NA,NA,NA,NA,NA,NA,NA,NA,NA,NA,NA,NA
1113,NA,NA,MT,2024-03-23,NA,NA,NA,NA,NA,NA,NA,NA,NA,NA,NA,NA
1114,NA,NA,MT,2024-03-24,NA,NA,NA,NA,NA,NA,NA,NA,NA,NA,NA,NA
1115,NA,NA,MT,2024-03-25,NA,NA,NA,NA,NA,NA,NA,NA,NA,NA,NA,NA
1116,NA,NA,MT,2024-03-26,NA,NA,NA,NA,NA,NA,NA,NA,NA,NA,NA,NA
1117,NA,NA,MT,2024-03-27,NA,NA,NA,NA,NA,NA,NA,NA,NA,NA,NA,NA
1118,NA,NA,MT,2024-03-28,NA,NA,NA,NA,NA,NA,NA,NA,NA,NA,NA,NA
1119,NA,NA,MT,2024-03-29,NA,NA,NA,NA,NA,NA,NA,NA,NA,NA,NA,NA
1120,NA,NA,MT,2024-03-30,NA,NA,NA,NA,NA,NA,NA,NA,NA,NA,NA,NA
1121,NA,NA,MT,2024-03-31,NA,NA,NA,NA,NA,NA,NA,NA,NA,NA,NA,NA
1122,NA,NA,MT,2024-04-01,NA,NA,NA,NA,NA,NA,NA,NA,NA,NA,NA,NA
1123,NA,NA,MT,2024-04-02,NA,NA,NA,NA,NA,NA,NA,NA,NA,NA,NA,NA
1124,NA,NA,MT,2024-04-03,NA,NA,NA,NA,NA,NA,NA,NA,NA,NA,NA,NA
1125,NA,NA,MT,2024-04-04,NA,NA,NA,NA,NA,NA,NA,NA,NA,NA,NA,NA
1126,NA,NA,MT,2024-04-05,NA,NA,NA,NA,NA,NA,NA,NA,NA,NA,NA,NA
1127,NA,NA,MT,2024-04-06,NA,NA,NA,NA,NA,NA,NA,NA,NA,NA,NA,NA
1128,NA,NA,MT,2024-04-07,NA,NA,NA,NA,NA,NA,NA,NA,NA,NA,NA,NA
1129,NA,NA,MT,2024-04-08,NA,NA,NA,NA,NA,NA,NA,NA,NA,NA,NA,NA
1130,NA,NA,MT,2024-04-09,NA,NA,NA,NA,NA,NA,NA,NA,NA,NA,NA,NA
1131,NA,NA,MT,2024-04-10,NA,NA,NA,NA,NA,NA,NA,NA,NA,NA,NA,NA
1132,NA,NA,MT,2024-04-11,NA,NA,NA,NA,NA,NA,NA,NA,NA,NA,NA,NA
1133,NA,NA,MT,2024-04-12,NA,NA,NA,NA,NA,NA,NA,NA,NA,NA,NA,NA
1134,NA,NA,MT,2024-04-13,NA,NA,NA,NA,NA,NA,NA,NA,NA,NA,NA,NA
1135,NA,NA,NC,2024-03-03,NA,NA,NA,NA,NA,NA,NA,NA,NA,NA,NA,NA
1136,1.07464382738866,0.234397624394944,NC,2024-03-04,1,1,1,1,0,1,1,0,1,1,0,1
1137,0.00458340957966018,0.0029878447953939,NC,2024-03-05,1,1,1,1,1,1,1,1,1,1,1,1
1138,0.00415522814075252,0.002959282767933265,NC,2024-03-06,1,1,1,1,1,1,1,1,1,1,1,1
1139,0.0039621738484867,0.00294426178454715,NC,2024-03-07,1,1,1,1,1,1,1,1,1,1,1,1
1140,NA,NA,NC,2024-03-08,NA,NA,NA,NA,NA,NA,NA,NA,NA,NA,NA,NA
1141,NA,NA,NC,2024-03-09,NA,NA,NA,NA,NA,NA,NA,NA,NA,NA,NA,NA
1142,NA,NA,NC,2024-03-10,NA,NA,NA,NA,NA,NA,NA,NA,NA,NA,NA,NA
1143,0.0587391562480243,0.00302772989241551,NC,2024-03-11,1,1,1,1,1,1,1,1,1,1,1,1
1144,0.0035495063323643,0.0030884847187616,NC,2024-03-12,1,1,1,1,1,1,1,1,1,1,1,1
1145,0.0356046582321777,0.00316774612839939,NC,2024-03-13,1,1,1,1,1,1,1,1,1,1,1,1
1146,0.0613408275930186,0.003267383088672585,NC,2024-03-14,1,1,1,1,1,1,1,0,1,1,1,0
1147,0.0322410195080778,0.00338969638699256,NC,2024-03-15,1,1,1,1,1,1,1,1,1,1,1,1
1148,NA,NA,NC,2024-03-16,NA,NA,NA,NA,NA,NA,NA,NA,NA,NA,NA,NA
1149,NA,NA,NC,2024-03-17,NA,NA,NA,NA,NA,NA,NA,NA,NA,NA,NA,NA
1150,0.0380219977801415,0.00392397334931179,NC,2024-03-18,1,1,1,1,1,1,1,1,1,1,1,1
1151,NA,NA,NC,2024-03-19,NA,NA,NA,NA,NA,NA,NA,NA,NA,NA,NA,NA
1152,0.00441499088667151,0.00446383104561842,NC,2024-03-20,1,1,1,1,1,1,1,1,1,1,1,1
1153,NA,NA,NC,2024-03-21,NA,NA,NA,NA,NA,NA,NA,NA,NA,NA,NA,NA
1154,NA,NA,NC,2024-03-22,NA,NA,NA,NA,NA,NA,NA,NA,NA,NA,NA,NA
1155,NA,NA,NC,2024-03-23,NA,NA,NA,NA,NA,NA,NA,NA,NA,NA,NA,NA
1156,NA,NA,NC,2024-03-24,NA,NA,NA,NA,NA,NA,NA,NA,NA,NA,NA,NA
1157,NA,NA,NC,2024-03-25,NA,NA,NA,NA,NA,NA,NA,NA,NA,NA,NA,NA
1158,0.0066875613631487,0.00768420237557915,NC,2024-03-26,1,1,1,1,1,1,1,1,1,1,1,1
1159,0.0263537488004587,0.0086052233793851,NC,2024-03-27,1,1,1,1,1,1,1,1,1,1,1,1
1160,0.930818776052055,0.184632449503585,NC,2024-03-28,1,1,1,1,0,1,1,0,1,1,0,1
1161,0.0291120470488077,0.0109911268170354,NC,2024-03-29,1,1,1,1,1,1,1,1,1,1,1,1
1162,NA,NA,NC,2024-03-30,NA,NA,NA,NA,NA,NA,NA,NA,NA,NA,NA,NA
1163,NA,NA,NC,2024-03-31,NA,NA,NA,NA,NA,NA,NA,NA,NA,NA,NA,NA
1164,0.0765846543560638,0.0165352424076733,NC,2024-04-01,1,1,1,1,1,1,1,1,1,1,1,1
1165,4.5725992235636,0.572750883124425,NC,2024-04-02,1,0,1,1,0,1,1,0,0,1,0,1
1166,0.0456224767739101,0.0221995810273047,NC,2024-04-03,1,1,1,1,1,1,1,1,1,1,1,1
1167,0.0486228891220966,0.02584696185967725,NC,2024-04-04,1,1,1,1,1,1,1,1,1,1,1,1
1168,0.0174594139114414,0.030159419516423,NC,2024-04-05,1,1,1,1,1,1,1,1,1,1,1,1
1169,NA,NA,NC,2024-04-06,NA,NA,NA,NA,NA,NA,NA,NA,NA,NA,NA,NA
1170,NA,NA,NC,2024-04-07,NA,NA,NA,NA,NA,NA,NA,NA,NA,NA,NA,NA
1171,0.381022350146489,0.04810706821317305,NC,2024-04-08,1,1,1,1,1,1,1,0,1,1,0,1
1172,0.902008654205705,0.29724945163158,NC,2024-04-09,1,1,1,1,0,1,1,0,1,1,0,1
1173,0.171883104527788,0.0652518705554085,NC,2024-04-10,1,1,1,1,1,1,1,0,0,1,1,1
1174,0.102539799134113,0.0756272982692695,NC,2024-04-11,1,1,1,1,1,1,1,0,0,1,0,1
1175,0.0412339984945899,0.087269322328253,NC,2024-04-12,1,1,1,1,1,1,1,0,1,1,0,1
1176,NA,NA,NC,2024-04-13,NA,NA,NA,NA,NA,NA,NA,NA,NA,NA,NA,NA
1177,NA,NA,ND,2024-03-03,NA,NA,NA,NA,NA,NA,NA,NA,NA,NA,NA,NA
1178,NA,NA,ND,2024-03-04,NA,NA,NA,NA,NA,NA,NA,NA,NA,NA,NA,NA
1179,NA,NA,ND,2024-03-05,NA,NA,NA,NA,NA,NA,NA,NA,NA,NA,NA,NA
1180,NA,NA,ND,2024-03-06,NA,NA,NA,NA,NA,NA,NA,NA,NA,NA,NA,NA
1181,NA,NA,ND,2024-03-07,NA,NA,NA,NA,NA,NA,NA,NA,NA,NA,NA,NA
1182,NA,NA,ND,2024-03-08,NA,NA,NA,NA,NA,NA,NA,NA,NA,NA,NA,NA
1183,NA,NA,ND,2024-03-09,NA,NA,NA,NA,NA,NA,NA,NA,NA,NA,NA,NA
1184,NA,NA,ND,2024-03-10,NA,NA,NA,NA,NA,NA,NA,NA,NA,NA,NA,NA
1185,NA,NA,ND,2024-03-11,NA,NA,NA,NA,NA,NA,NA,NA,NA,NA,NA,NA
1186,NA,NA,ND,2024-03-12,NA,NA,NA,NA,NA,NA,NA,NA,NA,NA,NA,NA
1187,NA,NA,ND,2024-03-13,NA,NA,NA,NA,NA,NA,NA,NA,NA,NA,NA,NA
1188,NA,NA,ND,2024-03-14,NA,NA,NA,NA,NA,NA,NA,NA,NA,NA,NA,NA
1189,NA,NA,ND,2024-03-15,NA,NA,NA,NA,NA,NA,NA,NA,NA,NA,NA,NA
1190,NA,NA,ND,2024-03-16,NA,NA,NA,NA,NA,NA,NA,NA,NA,NA,NA,NA
1191,NA,NA,ND,2024-03-17,NA,NA,NA,NA,NA,NA,NA,NA,NA,NA,NA,NA
1192,NA,NA,ND,2024-03-18,NA,NA,NA,NA,NA,NA,NA,NA,NA,NA,NA,NA
1193,NA,NA,ND,2024-03-19,NA,NA,NA,NA,NA,NA,NA,NA,NA,NA,NA,NA
1194,NA,NA,ND,2024-03-20,NA,NA,NA,NA,NA,NA,NA,NA,NA,NA,NA,NA
1195,NA,NA,ND,2024-03-21,NA,NA,NA,NA,NA,NA,NA,NA,NA,NA,NA,NA
1196,NA,NA,ND,2024-03-22,NA,NA,NA,NA,NA,NA,NA,NA,NA,NA,NA,NA
1197,NA,NA,ND,2024-03-23,NA,NA,NA,NA,NA,NA,NA,NA,NA,NA,NA,NA
1198,NA,NA,ND,2024-03-24,NA,NA,NA,NA,NA,NA,NA,NA,NA,NA,NA,NA
1199,NA,NA,ND,2024-03-25,NA,NA,NA,NA,NA,NA,NA,NA,NA,NA,NA,NA
1200,NA,NA,ND,2024-03-26,NA,NA,NA,NA,NA,NA,NA,NA,NA,NA,NA,NA
1201,NA,NA,ND,2024-03-27,NA,NA,NA,NA,NA,NA,NA,NA,NA,NA,NA,NA
1202,NA,NA,ND,2024-03-28,NA,NA,NA,NA,NA,NA,NA,NA,NA,NA,NA,NA
1203,NA,NA,ND,2024-03-29,NA,NA,NA,NA,NA,NA,NA,NA,NA,NA,NA,NA
1204,NA,NA,ND,2024-03-30,NA,NA,NA,NA,NA,NA,NA,NA,NA,NA,NA,NA
1205,NA,NA,ND,2024-03-31,NA,NA,NA,NA,NA,NA,NA,NA,NA,NA,NA,NA
1206,NA,NA,ND,2024-04-01,NA,NA,NA,NA,NA,NA,NA,NA,NA,NA,NA,NA
1207,NA,NA,ND,2024-04-02,NA,NA,NA,NA,NA,NA,NA,NA,NA,NA,NA,NA
1208,0.113319564957285,0.00593005806983485,ND,2024-04-03,1,1,1,1,1,1,1,0,0,1,1,1
1209,0.197357293138317,0.0063218969484152,ND,2024-04-04,1,1,1,1,1,1,1,0,1,1,1,0
1210,NA,NA,ND,2024-04-05,NA,NA,NA,NA,NA,NA,NA,NA,NA,NA,NA,NA
1211,NA,NA,ND,2024-04-06,NA,NA,NA,NA,NA,NA,NA,NA,NA,NA,NA,NA
1212,NA,NA,ND,2024-04-07,NA,NA,NA,NA,NA,NA,NA,NA,NA,NA,NA,NA
1213,NA,NA,ND,2024-04-08,NA,NA,NA,NA,NA,NA,NA,NA,NA,NA,NA,NA
1214,NA,NA,ND,2024-04-09,NA,NA,NA,NA,NA,NA,NA,NA,NA,NA,NA,NA
1215,NA,NA,ND,2024-04-10,NA,NA,NA,NA,NA,NA,NA,NA,NA,NA,NA,NA
1216,NA,NA,ND,2024-04-11,NA,NA,NA,NA,NA,NA,NA,NA,NA,NA,NA,NA
1217,NA,NA,ND,2024-04-12,NA,NA,NA,NA,NA,NA,NA,NA,NA,NA,NA,NA
1218,NA,NA,ND,2024-04-13,NA,NA,NA,NA,NA,NA,NA,NA,NA,NA,NA,NA
1219,NA,NA,NE,2024-03-03,NA,NA,NA,NA,NA,NA,NA,NA,NA,NA,NA,NA
1220,NA,NA,NE,2024-03-04,NA,NA,NA,NA,NA,NA,NA,NA,NA,NA,NA,NA
1221,NA,NA,NE,2024-03-05,NA,NA,NA,NA,NA,NA,NA,NA,NA,NA,NA,NA
1222,NA,NA,NE,2024-03-06,NA,NA,NA,NA,NA,NA,NA,NA,NA,NA,NA,NA
1223,NA,NA,NE,2024-03-07,NA,NA,NA,NA,NA,NA,NA,NA,NA,NA,NA,NA
1224,NA,NA,NE,2024-03-08,NA,NA,NA,NA,NA,NA,NA,NA,NA,NA,NA,NA
1225,NA,NA,NE,2024-03-09,NA,NA,NA,NA,NA,NA,NA,NA,NA,NA,NA,NA
1226,NA,NA,NE,2024-03-10,NA,NA,NA,NA,NA,NA,NA,NA,NA,NA,NA,NA
1227,NA,NA,NE,2024-03-11,NA,NA,NA,NA,NA,NA,NA,NA,NA,NA,NA,NA
1228,NA,NA,NE,2024-03-12,NA,NA,NA,NA,NA,NA,NA,NA,NA,NA,NA,NA
1229,NA,NA,NE,2024-03-13,NA,NA,NA,NA,NA,NA,NA,NA,NA,NA,NA,NA
1230,NA,NA,NE,2024-03-14,NA,NA,NA,NA,NA,NA,NA,NA,NA,NA,NA,NA
1231,NA,NA,NE,2024-03-15,NA,NA,NA,NA,NA,NA,NA,NA,NA,NA,NA,NA
1232,NA,NA,NE,2024-03-16,NA,NA,NA,NA,NA,NA,NA,NA,NA,NA,NA,NA
1233,NA,NA,NE,2024-03-17,NA,NA,NA,NA,NA,NA,NA,NA,NA,NA,NA,NA
1234,NA,NA,NE,2024-03-18,NA,NA,NA,NA,NA,NA,NA,NA,NA,NA,NA,NA
1235,NA,NA,NE,2024-03-19,NA,NA,NA,NA,NA,NA,NA,NA,NA,NA,NA,NA
1236,NA,NA,NE,2024-03-20,NA,NA,NA,NA,NA,NA,NA,NA,NA,NA,NA,NA
1237,NA,NA,NE,2024-03-21,NA,NA,NA,NA,NA,NA,NA,NA,NA,NA,NA,NA
1238,NA,NA,NE,2024-03-22,NA,NA,NA,NA,NA,NA,NA,NA,NA,NA,NA,NA
1239,NA,NA,NE,2024-03-23,NA,NA,NA,NA,NA,NA,NA,NA,NA,NA,NA,NA
1240,NA,NA,NE,2024-03-24,NA,NA,NA,NA,NA,NA,NA,NA,NA,NA,NA,NA
1241,NA,NA,NE,2024-03-25,NA,NA,NA,NA,NA,NA,NA,NA,NA,NA,NA,NA
1242,NA,NA,NE,2024-03-26,NA,NA,NA,NA,NA,NA,NA,NA,NA,NA,NA,NA
1243,NA,NA,NE,2024-03-27,NA,NA,NA,NA,NA,NA,NA,NA,NA,NA,NA,NA
1244,NA,NA,NE,2024-03-28,NA,NA,NA,NA,NA,NA,NA,NA,NA,NA,NA,NA
1245,NA,NA,NE,2024-03-29,NA,NA,NA,NA,NA,NA,NA,NA,NA,NA,NA,NA
1246,NA,NA,NE,2024-03-30,NA,NA,NA,NA,NA,NA,NA,NA,NA,NA,NA,NA
1247,NA,NA,NE,2024-03-31,NA,NA,NA,NA,NA,NA,NA,NA,NA,NA,NA,NA
1248,NA,NA,NE,2024-04-01,NA,NA,NA,NA,NA,NA,NA,NA,NA,NA,NA,NA
1249,NA,NA,NE,2024-04-02,NA,NA,NA,NA,NA,NA,NA,NA,NA,NA,NA,NA
1250,NA,NA,NE,2024-04-03,NA,NA,NA,NA,NA,NA,NA,NA,NA,NA,NA,NA
1251,NA,NA,NE,2024-04-04,NA,NA,NA,NA,NA,NA,NA,NA,NA,NA,NA,NA
1252,NA,NA,NE,2024-04-05,NA,NA,NA,NA,NA,NA,NA,NA,NA,NA,NA,NA
1253,NA,NA,NE,2024-04-06,NA,NA,NA,NA,NA,NA,NA,NA,NA,NA,NA,NA
1254,NA,NA,NE,2024-04-07,NA,NA,NA,NA,NA,NA,NA,NA,NA,NA,NA,NA
1255,NA,NA,NE,2024-04-08,NA,NA,NA,NA,NA,NA,NA,NA,NA,NA,NA,NA
1256,NA,NA,NE,2024-04-09,NA,NA,NA,NA,NA,NA,NA,NA,NA,NA,NA,NA
1257,NA,NA,NE,2024-04-10,NA,NA,NA,NA,NA,NA,NA,NA,NA,NA,NA,NA
1258,NA,NA,NE,2024-04-11,NA,NA,NA,NA,NA,NA,NA,NA,NA,NA,NA,NA
1259,NA,NA,NE,2024-04-12,NA,NA,NA,NA,NA,NA,NA,NA,NA,NA,NA,NA
1260,NA,NA,NE,2024-04-13,NA,NA,NA,NA,NA,NA,NA,NA,NA,NA,NA,NA
1261,NA,NA,NH,2024-03-03,NA,NA,NA,NA,NA,NA,NA,NA,NA,NA,NA,NA
1262,NA,NA,NH,2024-03-04,NA,NA,NA,NA,NA,NA,NA,NA,NA,NA,NA,NA
1263,NA,NA,NH,2024-03-05,NA,NA,NA,NA,NA,NA,NA,NA,NA,NA,NA,NA
1264,NA,NA,NH,2024-03-06,NA,NA,NA,NA,NA,NA,NA,NA,NA,NA,NA,NA
1265,NA,NA,NH,2024-03-07,NA,NA,NA,NA,NA,NA,NA,NA,NA,NA,NA,NA
1266,NA,NA,NH,2024-03-08,NA,NA,NA,NA,NA,NA,NA,NA,NA,NA,NA,NA
1267,NA,NA,NH,2024-03-09,NA,NA,NA,NA,NA,NA,NA,NA,NA,NA,NA,NA
1268,NA,NA,NH,2024-03-10,NA,NA,NA,NA,NA,NA,NA,NA,NA,NA,NA,NA
1269,NA,NA,NH,2024-03-11,NA,NA,NA,NA,NA,NA,NA,NA,NA,NA,NA,NA
1270,NA,NA,NH,2024-03-12,NA,NA,NA,NA,NA,NA,NA,NA,NA,NA,NA,NA
1271,NA,NA,NH,2024-03-13,NA,NA,NA,NA,NA,NA,NA,NA,NA,NA,NA,NA
1272,NA,NA,NH,2024-03-14,NA,NA,NA,NA,NA,NA,NA,NA,NA,NA,NA,NA
1273,NA,NA,NH,2024-03-15,NA,NA,NA,NA,NA,NA,NA,NA,NA,NA,NA,NA
1274,NA,NA,NH,2024-03-16,NA,NA,NA,NA,NA,NA,NA,NA,NA,NA,NA,NA
1275,NA,NA,NH,2024-03-17,NA,NA,NA,NA,NA,NA,NA,NA,NA,NA,NA,NA
1276,NA,NA,NH,2024-03-18,NA,NA,NA,NA,NA,NA,NA,NA,NA,NA,NA,NA
1277,0.0236096731207955,0.04681152227750815,NH,2024-03-19,1,1,1,1,1,1,1,0,1,1,0,1
1278,0.022622679334799,0.0487696232809958,NH,2024-03-20,1,1,1,1,1,1,1,1,1,1,1,1
1279,NA,NA,NH,2024-03-21,NA,NA,NA,NA,NA,NA,NA,NA,NA,NA,NA,NA
1280,NA,NA,NH,2024-03-22,NA,NA,NA,NA,NA,NA,NA,NA,NA,NA,NA,NA
1281,NA,NA,NH,2024-03-23,NA,NA,NA,NA,NA,NA,NA,NA,NA,NA,NA,NA
1282,NA,NA,NH,2024-03-24,NA,NA,NA,NA,NA,NA,NA,NA,NA,NA,NA,NA
1283,NA,NA,NH,2024-03-25,NA,NA,NA,NA,NA,NA,NA,NA,NA,NA,NA,NA
1284,NA,NA,NH,2024-03-26,NA,NA,NA,NA,NA,NA,NA,NA,NA,NA,NA,NA
1285,NA,NA,NH,2024-03-27,NA,NA,NA,NA,NA,NA,NA,NA,NA,NA,NA,NA
1286,NA,NA,NH,2024-03-28,NA,NA,NA,NA,NA,NA,NA,NA,NA,NA,NA,NA
1287,NA,NA,NH,2024-03-29,NA,NA,NA,NA,NA,NA,NA,NA,NA,NA,NA,NA
1288,NA,NA,NH,2024-03-30,NA,NA,NA,NA,NA,NA,NA,NA,NA,NA,NA,NA
1289,NA,NA,NH,2024-03-31,NA,NA,NA,NA,NA,NA,NA,NA,NA,NA,NA,NA
1290,NA,NA,NH,2024-04-01,NA,NA,NA,NA,NA,NA,NA,NA,NA,NA,NA,NA
1291,NA,NA,NH,2024-04-02,NA,NA,NA,NA,NA,NA,NA,NA,NA,NA,NA,NA
1292,NA,NA,NH,2024-04-03,NA,NA,NA,NA,NA,NA,NA,NA,NA,NA,NA,NA
1293,NA,NA,NH,2024-04-04,NA,NA,NA,NA,NA,NA,NA,NA,NA,NA,NA,NA
1294,NA,NA,NH,2024-04-05,NA,NA,NA,NA,NA,NA,NA,NA,NA,NA,NA,NA
1295,NA,NA,NH,2024-04-06,NA,NA,NA,NA,NA,NA,NA,NA,NA,NA,NA,NA
1296,NA,NA,NH,2024-04-07,NA,NA,NA,NA,NA,NA,NA,NA,NA,NA,NA,NA
1297,NA,NA,NH,2024-04-08,NA,NA,NA,NA,NA,NA,NA,NA,NA,NA,NA,NA
1298,NA,NA,NH,2024-04-09,NA,NA,NA,NA,NA,NA,NA,NA,NA,NA,NA,NA
1299,0.0604853482867664,0.1076995717719685,NH,2024-04-10,1,1,1,1,1,1,1,1,1,1,1,1
1300,NA,NA,NH,2024-04-11,NA,NA,NA,NA,NA,NA,NA,NA,NA,NA,NA,NA
1301,NA,NA,NH,2024-04-12,NA,NA,NA,NA,NA,NA,NA,NA,NA,NA,NA,NA
1302,NA,NA,NH,2024-04-13,NA,NA,NA,NA,NA,NA,NA,NA,NA,NA,NA,NA
1303,5.6313984209773e-4,3.48496514094385e-4,NJ,2024-03-03,1,1,1,1,1,1,1,1,1,1,1,1
1304,0.133838291959274,3.3242756517259e-4,NJ,2024-03-04,1,1,1,1,1,1,1,1,1,1,1,1
1305,0.0322750249517758,3.1778257893345e-4,NJ,2024-03-05,1,1,1,1,1,1,1,1,1,1,1,1
1306,0.9635580660534,0.0577800577655215,NJ,2024-03-06,1,1,1,1,0,1,1,0,1,1,0,1
1307,0.986113631835503,0.061378814678823,NJ,2024-03-07,1,1,1,1,0,1,1,0,1,1,0,1
1308,0.0184760720198022,2.8144131658418e-4,NJ,2024-03-08,1,1,1,1,1,1,1,1,1,1,1,1
1309,0.0143328762736407,2.71596136627555e-4,NJ,2024-03-09,1,1,1,1,1,1,1,1,1,1,1,1
1310,0.00361385757784395,2.62778475102175e-4,NJ,2024-03-10,1,1,1,1,1,1,1,1,1,1,1,1
1311,1.28635048831082,0.244337219886543,NJ,2024-03-11,1,0,0,1,1,1,1,0,0,1,1,1
1312,4.115502899579e-4,2.4803255842511e-4,NJ,2024-03-12,1,1,1,1,1,1,1,1,1,1,1,1
1313,2.15617356536251,0.2795480502142305,NJ,2024-03-13,1,0,0,1,0,1,1,0,0,1,0,1
1314,0.00148101696385235,2.36902131242965e-4,NJ,2024-03-14,1,1,1,1,1,1,1,1,1,1,1,1
1315,0.00131936322400434,2.32635278134295e-4,NJ,2024-03-15,1,1,1,1,1,1,1,1,1,1,1,1
1316,0.00150536812389611,2.292204738525e-4,NJ,2024-03-16,1,1,1,1,1,1,1,1,1,1,1,1
1317,4.101219342745e-4,2.2665886934416e-4,NJ,2024-03-17,1,1,1,1,1,1,1,1,1,1,1,1
1318,4.0730764925677e-4,2.24961369676915e-4,NJ,2024-03-18,1,1,1,1,1,1,1,1,1,1,1,1
1319,1.34299770714672,0.4892765137273395,NJ,2024-03-19,1,0,1,1,0,1,1,0,1,1,0,1
1320,0.00391864551801983,2.24256575296095e-4,NJ,2024-03-20,1,1,1,1,1,1,1,1,1,1,1,1
1321,0.0212743357781258,2.2532915041608e-4,NJ,2024-03-21,1,1,1,1,1,1,1,1,1,1,1,1
1322,1.2010933722815,0.163110012655463,NJ,2024-03-22,1,0,1,1,0,1,1,0,1,1,0,1
1323,1.34048081857846,0.488397459655278,NJ,2024-03-23,1,0,0,1,1,1,1,0,0,1,1,1
1324,0.0147802804676664,2.3504798920623e-4,NJ,2024-03-24,1,1,1,1,1,1,1,1,1,1,1,1
1325,0.976714019153953,0.069732507244141,NJ,2024-03-25,1,1,1,1,1,0,1,0,1,1,1,0
1326,0.994324819474518,0.0815245845702705,NJ,2024-03-26,1,0,1,1,0,1,1,0,1,1,0,1
1327,0.980445357103023,0.075227973802538,NJ,2024-03-27,1,1,1,1,0,1,1,0,1,1,0,1
1328,0.0714995482649192,2.67722135245155e-4,NJ,2024-03-28,1,1,1,1,1,1,1,0,1,0,1,1
1329,2.01587030967017,0.216341926611083,NJ,2024-03-29,1,0,1,1,0,0,1,0,1,1,0,0
1330,1.26905453058204,0.324267579416403,NJ,2024-03-30,1,0,1,1,0,1,1,0,1,1,0,1
1331,1.10466093974735,0.121812913437143,NJ,2024-03-31,1,0,0,1,1,1,1,0,0,1,1,1
1332,4.19653948010145,0.2284990852373975,NJ,2024-04-01,1,0,1,1,0,0,1,0,1,1,0,0
1333,1.02634770047934,0.097255939598891,NJ,2024-04-02,1,0,1,1,1,0,1,0,1,1,1,0
1334,1.93613861971719,0.2153164950670915,NJ,2024-04-03,1,0,1,1,0,0,1,0,1,1,0,0
1335,0.993633480642179,0.107593649157523,NJ,2024-04-04,1,0,1,1,0,1,1,0,1,1,0,1
1336,NA,NA,NJ,2024-04-05,NA,NA,NA,NA,NA,NA,NA,NA,NA,NA,NA,NA
1337,3.27749567010618,0.48117683324825,NJ,2024-04-06,1,0,0,1,0,1,1,0,0,1,0,1
1338,0.00107470331543626,5.9160570293707e-4,NJ,2024-04-07,1,1,1,1,1,1,1,1,1,1,1,1
1339,1.9314110993343,0.136983804923862,NJ,2024-04-08,1,0,1,1,0,1,1,0,1,1,0,1
1340,0.976388883659897,0.1365818181546835,NJ,2024-04-09,1,0,1,1,0,1,1,0,1,1,0,1
1341,0.997940633793722,0.1071068608337285,NJ,2024-04-10,1,1,1,1,1,0,1,0,1,1,1,0
1342,4.44345258647139,0.270252598372152,NJ,2024-04-11,1,0,1,1,0,1,1,0,1,1,0,1
1343,2.42204618044255,0.469807499467248,NJ,2024-04-12,1,0,1,1,0,1,1,0,1,1,0,1
1344,NA,NA,NJ,2024-04-13,NA,NA,NA,NA,NA,NA,NA,NA,NA,NA,NA,NA
1345,0.709704539044505,0.074056426001555,NM,2024-03-03,1,1,1,1,1,1,1,1,1,1,1,1
1346,0.90588578564125,0.212784590396486,NM,2024-03-04,1,1,1,1,1,1,1,1,1,1,1,1
1347,0.859057082040328,0.0675265672563855,NM,2024-03-05,1,1,1,1,1,1,1,1,1,1,1,1
1348,1.21784268489847,0.1644909612092355,NM,2024-03-06,1,1,0,1,1,1,1,0,0,1,1,1
1349,1.05849022937522,0.061394851233545,NM,2024-03-07,1,0,1,1,1,1,1,0,1,0,1,1
1350,0.421456443435101,0.058476436304634,NM,2024-03-08,1,1,1,1,1,1,1,1,1,1,1,1
1351,0.398898291749865,0.0556554760478865,NM,2024-03-09,1,1,1,1,1,1,1,0,1,1,1,0
1352,0.784965520436007,0.052931401852121,NM,2024-03-10,1,1,1,1,1,1,1,1,1,1,1,1
1353,1.14462225024366,0.050303671847812,NM,2024-03-11,1,0,1,1,1,1,1,0,1,0,1,0
1354,1.76841892627911,0.3425415546663335,NM,2024-03-12,1,1,0,1,1,1,1,0,0,1,1,0
1355,0.904522322832731,0.19266960600434,NM,2024-03-13,1,1,1,0,1,1,1,0,1,0,1,1
1356,0.88213780380295,0.194349283988596,NM,2024-03-14,1,1,1,1,0,1,1,0,1,1,0,1
1357,1.08561877019626,0.0407452534036692,NM,2024-03-15,1,0,1,1,1,1,1,1,1,1,1,1
1358,0.0636470065615322,0.0385907671314,NM,2024-03-16,1,1,1,1,1,1,1,1,1,1,1,1
1359,1.0183834781499,0.147161248578004,NM,2024-03-17,1,1,1,1,0,1,1,0,1,1,0,1
1360,0.851699633958881,0.22523581363149,NM,2024-03-18,1,1,1,0,1,1,1,0,1,0,1,1
1361,0.492454279630089,0.03267971641149035,NM,2024-03-19,1,1,1,1,1,1,1,1,1,1,1,1
1362,0.971263192348544,0.1612095193729505,NM,2024-03-20,1,1,0,1,1,1,1,1,0,1,1,0
1363,0.325787228076484,0.0291896509354275,NM,2024-03-21,1,1,1,1,1,1,1,0,1,1,1,0
1364,0.84782793911564,0.2948414495789485,NM,2024-03-22,1,1,1,1,0,1,1,0,1,1,0,1
1365,0.824549801017828,0.227773968563829,NM,2024-03-23,1,1,1,1,0,1,1,0,1,1,0,1
1366,0.450824418050579,0.163709718433073,NM,2024-03-24,1,1,1,1,1,1,1,0,1,1,1,0
1367,0.906868697377794,0.155541303101843,NM,2024-03-25,1,1,1,0,1,1,1,0,1,0,1,1
1368,0.437208686026306,0.02196644594859855,NM,2024-03-26,1,1,1,1,1,1,1,1,1,1,1,1
1369,0.915879663592321,0.433693285835561,NM,2024-03-27,1,1,1,1,0,1,1,0,1,1,0,1
1370,0.584607201834468,0.0196431640095827,NM,2024-03-28,1,1,1,1,1,1,1,1,1,1,1,1
1371,0.921605598229304,0.435773529330349,NM,2024-03-29,1,1,1,1,0,1,1,0,1,1,0,1
1372,NA,NA,NM,2024-03-30,NA,NA,NA,NA,NA,NA,NA,NA,NA,NA,NA,NA
1373,0.828132559266809,0.2272509454465575,NM,2024-03-31,1,1,1,1,0,1,1,0,1,1,0,1
1374,1.14344952918904,0.1087071631428475,NM,2024-04-01,1,1,0,1,1,1,1,0,0,1,1,0
1375,NA,NA,NM,2024-04-02,NA,NA,NA,NA,NA,NA,NA,NA,NA,NA,NA,NA
1376,0.400492390032374,0.01440150547742805,NM,2024-04-03,1,1,1,1,1,1,1,1,1,1,1,1
1377,1.24448597759848,0.0137561527943845,NM,2024-04-04,1,1,1,1,1,1,1,0,1,1,1,0
1378,0.277104788823446,0.0131699003145916,NM,2024-04-05,1,1,1,1,1,1,1,0,1,1,1,0
1379,NA,NA,NM,2024-04-06,NA,NA,NA,NA,NA,NA,NA,NA,NA,NA,NA,NA
1380,0.0584945315771684,0.01216587450731805,NM,2024-04-07,1,1,1,1,1,1,1,0,1,1,1,0
1381,1.05004689745651,0.345311825880135,NM,2024-04-08,1,1,1,1,0,1,1,0,1,1,1,0
1382,0.82213458747436,0.228198225156827,NM,2024-04-09,1,1,1,1,0,1,1,0,1,1,0,1
1383,1.72984262422724,0.445568498362848,NM,2024-04-10,1,1,1,1,0,1,1,0,1,1,0,1
1384,0.830809660490399,0.300959118316807,NM,2024-04-11,1,1,1,1,0,1,1,1,1,1,0,0
1385,0.836380433863637,0.1849153198101975,NM,2024-04-12,1,1,1,1,0,1,1,0,1,1,0,1
1386,0.0604212137037213,0.0103601082379112,NM,2024-04-13,1,1,1,1,1,1,1,1,1,1,1,1
1387,NA,NA,NV,2024-03-03,NA,NA,NA,NA,NA,NA,NA,NA,NA,NA,NA,NA
1388,0.00288097930102024,0.00170253554329628,NV,2024-03-04,1,1,1,1,1,1,1,1,1,1,1,1
1389,NA,NA,NV,2024-03-05,NA,NA,NA,NA,NA,NA,NA,NA,NA,NA,NA,NA
1390,0.0110828633084173,0.00170717705431715,NV,2024-03-06,1,1,1,1,1,1,1,0,1,1,1,0
1391,NA,NA,NV,2024-03-07,NA,NA,NA,NA,NA,NA,NA,NA,NA,NA,NA,NA
1392,0.00326107747779958,0.001727315978485765,NV,2024-03-08,1,1,1,1,1,1,1,1,1,1,1,1
1393,NA,NA,NV,2024-03-09,NA,NA,NA,NA,NA,NA,NA,NA,NA,NA,NA,NA
1394,NA,NA,NV,2024-03-10,NA,NA,NA,NA,NA,NA,NA,NA,NA,NA,NA,NA
1395,NA,NA,NV,2024-03-11,NA,NA,NA,NA,NA,NA,NA,NA,NA,NA,NA,NA
1396,NA,NA,NV,2024-03-12,NA,NA,NA,NA,NA,NA,NA,NA,NA,NA,NA,NA
1397,NA,NA,NV,2024-03-13,NA,NA,NA,NA,NA,NA,NA,NA,NA,NA,NA,NA
1398,NA,NA,NV,2024-03-14,NA,NA,NA,NA,NA,NA,NA,NA,NA,NA,NA,NA
1399,NA,NA,NV,2024-03-15,NA,NA,NA,NA,NA,NA,NA,NA,NA,NA,NA,NA
1400,NA,NA,NV,2024-03-16,NA,NA,NA,NA,NA,NA,NA,NA,NA,NA,NA,NA
1401,NA,NA,NV,2024-03-17,NA,NA,NA,NA,NA,NA,NA,NA,NA,NA,NA,NA
1402,NA,NA,NV,2024-03-18,NA,NA,NA,NA,NA,NA,NA,NA,NA,NA,NA,NA
1403,NA,NA,NV,2024-03-19,NA,NA,NA,NA,NA,NA,NA,NA,NA,NA,NA,NA
1404,NA,NA,NV,2024-03-20,NA,NA,NA,NA,NA,NA,NA,NA,NA,NA,NA,NA
1405,NA,NA,NV,2024-03-21,NA,NA,NA,NA,NA,NA,NA,NA,NA,NA,NA,NA
1406,0.0166677789601209,0.002596381129269365,NV,2024-03-22,1,1,1,1,1,1,1,1,1,1,1,1
1407,NA,NA,NV,2024-03-23,NA,NA,NA,NA,NA,NA,NA,NA,NA,NA,NA,NA
1408,NA,NA,NV,2024-03-24,NA,NA,NA,NA,NA,NA,NA,NA,NA,NA,NA,NA
1409,NA,NA,NV,2024-03-25,NA,NA,NA,NA,NA,NA,NA,NA,NA,NA,NA,NA
1410,NA,NA,NV,2024-03-26,NA,NA,NA,NA,NA,NA,NA,NA,NA,NA,NA,NA
1411,NA,NA,NV,2024-03-27,NA,NA,NA,NA,NA,NA,NA,NA,NA,NA,NA,NA
1412,NA,NA,NV,2024-03-28,NA,NA,NA,NA,NA,NA,NA,NA,NA,NA,NA,NA
1413,NA,NA,NV,2024-03-29,NA,NA,NA,NA,NA,NA,NA,NA,NA,NA,NA,NA
1414,NA,NA,NV,2024-03-30,NA,NA,NA,NA,NA,NA,NA,NA,NA,NA,NA,NA
1415,NA,NA,NV,2024-03-31,NA,NA,NA,NA,NA,NA,NA,NA,NA,NA,NA,NA
1416,NA,NA,NV,2024-04-01,NA,NA,NA,NA,NA,NA,NA,NA,NA,NA,NA,NA
1417,NA,NA,NV,2024-04-02,NA,NA,NA,NA,NA,NA,NA,NA,NA,NA,NA,NA
1418,0.0408282849846263,0.0074675498153842,NV,2024-04-03,1,1,1,1,1,1,1,1,1,1,1,1
1419,0.0860091806816081,0.0084528396723336,NV,2024-04-04,1,1,1,1,1,1,1,1,1,1,1,1
1420,0.193258546963384,0.00960688005426935,NV,2024-04-05,1,1,1,1,1,1,1,1,1,1,1,1
1421,1.2176212318717,0.879441611031965,NV,2024-04-06,1,0,1,1,0,1,1,0,1,1,0,1
1422,NA,NA,NV,2024-04-07,NA,NA,NA,NA,NA,NA,NA,NA,NA,NA,NA,NA
1423,NA,NA,NV,2024-04-08,NA,NA,NA,NA,NA,NA,NA,NA,NA,NA,NA,NA
1424,0.0226384195306558,0.01638606586876775,NV,2024-04-09,1,1,1,1,1,1,1,1,1,1,1,1
1425,NA,NA,NV,2024-04-10,NA,NA,NA,NA,NA,NA,NA,NA,NA,NA,NA,NA
1426,NA,NA,NV,2024-04-11,NA,NA,NA,NA,NA,NA,NA,NA,NA,NA,NA,NA
1427,NA,NA,NV,2024-04-12,NA,NA,NA,NA,NA,NA,NA,NA,NA,NA,NA,NA
1428,NA,NA,NV,2024-04-13,NA,NA,NA,NA,NA,NA,NA,NA,NA,NA,NA,NA
1429,0.0707105489094681,5.6566628912923e-4,NY,2024-03-03,1,1,1,1,1,1,1,1,1,1,1,1
1430,2.14683564039657,0.0765433059497335,NY,2024-03-04,1,0,1,1,0,1,1,0,0,1,0,0
1431,0.717460908781772,0.0349758586351031,NY,2024-03-05,1,1,1,1,1,0,1,1,1,0,1,0
1432,0.389126036163704,5.9417595019427e-4,NY,2024-03-06,1,1,1,1,1,1,1,1,1,1,1,1
1433,0.49975903707942,0.0271639603300074,NY,2024-03-07,1,1,1,1,1,1,1,1,0,1,1,0
1434,0.15329311691436,6.21997414389165e-4,NY,2024-03-08,1,1,1,1,1,1,1,0,0,1,1,1
1435,0.162452920191655,6.3874093011214e-4,NY,2024-03-09,1,1,1,1,1,1,1,1,1,1,1,1
1436,0.0119127808348204,6.57491204605115e-4,NY,2024-03-10,1,1,1,1,1,1,1,1,1,1,1,1
1437,0.0350049898545644,6.78357506279935e-4,NY,2024-03-11,1,1,1,1,1,1,1,1,1,1,1,1
1438,0.0355788157713451,7.0146727021941e-4,NY,2024-03-12,1,1,1,1,1,1,1,0,0,1,1,1
1439,1.46244374304512,0.0963491558974235,NY,2024-03-13,1,0,1,1,1,0,1,0,0,1,1,0
1440,0.098058945694101,7.55028608199e-4,NY,2024-03-14,1,1,1,1,1,1,1,1,1,1,1,1
1441,0.013846258381081,7.85843394080445e-4,NY,2024-03-15,1,1,1,1,1,1,1,1,1,1,1,1
1442,0.0133988791331937,8.1963347383788e-4,NY,2024-03-16,1,1,1,1,1,1,1,1,1,1,1,1
1443,0.0312544089666135,8.5665098485304e-4,NY,2024-03-17,1,1,1,1,1,1,1,0,0,1,1,1
1444,0.974090707236028,0.087592243857724,NY,2024-03-18,1,1,1,1,0,1,1,0,1,1,0,1
1445,0.712876462961387,0.068372580310897,NY,2024-03-19,1,1,0,1,1,1,1,0,0,1,1,1
1446,0.780821201201578,0.04854400679808025,NY,2024-03-20,1,1,1,1,0,1,1,1,0,1,0,1
1447,0.845363664777145,0.060397339388722,NY,2024-03-21,1,1,1,1,0,1,1,0,1,1,0,1
1448,0.734096386040474,0.03756919837304595,NY,2024-03-22,1,1,1,1,0,1,1,0,1,1,0,1
1449,0.064714814716723107,0.001165738013069605,NY,2024-03-23,1,1,1,1,1,1,1,1,1,1,1,1
1450,0.101469208007172,0.00123607114915369,NY,2024-03-24,1,1,1,1,1,1,1,0,1,1,1,0
1451,1.63450394762978,0.089699986794624,NY,2024-03-25,1,0,1,1,0,0,1,0,0,1,0,0
1452,0.7328987965066,0.04417130058091555,NY,2024-03-26,1,1,1,1,0,1,1,0,1,1,0,1
1453,1.65760653794398,0.076602866823911,NY,2024-03-27,1,1,1,1,0,1,1,0,1,1,0,1
1454,0.873134021601697,0.079646545577255,NY,2024-03-28,1,1,1,1,0,1,1,0,1,1,0,1
1455,0.98819053579945,0.1184800670638935,NY,2024-03-29,1,1,1,1,0,1,1,0,1,1,0,1
1456,NA,NA,NY,2024-03-30,NA,NA,NA,NA,NA,NA,NA,NA,NA,NA,NA,NA
1457,1.14703017091122,0.2341438815910715,NY,2024-03-31,1,0,1,1,0,1,1,0,1,1,0,1
1458,0.722419810407085,0.03916428091782025,NY,2024-04-01,1,1,1,1,0,1,1,1,1,1,1,1
1459,0.747152828673448,0.0352563374654747,NY,2024-04-02,1,1,1,1,1,1,1,1,0,1,0,1
1460,2.59889661317242,0.104584676977093,NY,2024-04-03,1,0,1,1,0,1,1,0,1,1,0,1
1461,0.722043866957781,0.0535584126612115,NY,2024-04-04,1,1,1,1,0,1,1,0,1,1,0,1
1462,0.0787600909701637,0.003000199094511055,NY,2024-04-05,1,1,1,1,1,1,1,1,1,1,1,1
1463,3.66978376811165,0.265086488794323,NY,2024-04-06,1,0,1,1,0,0,1,0,0,1,0,0
1464,0.743160435905775,0.0679379536549045,NY,2024-04-07,1,1,1,1,0,1,1,0,1,1,0,1
1465,0.721146788496037,0.04873491979272715,NY,2024-04-08,1,1,1,1,1,1,1,1,1,1,1,1
1466,1.5676104010167,0.1031644713116575,NY,2024-04-09,1,1,1,1,0,1,1,0,0,1,0,0
1467,2.20083133911754,0.153558278818491,NY,2024-04-10,1,0,1,1,0,0,1,0,1,1,0,0
1468,0.150715368789803,0.00548246945206255,NY,2024-04-11,1,1,1,1,1,1,1,1,1,1,1,1
1469,0.019903245182113002,0.00614072897237215,NY,2024-04-12,1,1,1,1,1,1,1,1,1,1,1,1
1470,0.0214183523670169,0.0069049184823868,NY,2024-04-13,1,1,1,1,1,1,1,0,1,1,0,1
1471,0.00338046538722103,0.0066659379374296,OH,2024-03-03,1,1,1,1,1,1,1,1,1,1,1,1
1472,0.0155370192649723,0.006462574421663,OH,2024-03-04,1,1,1,1,1,1,1,1,1,1,1,1
1473,1.18602267621239,0.3079248300626475,OH,2024-03-05,1,0,1,1,0,1,1,0,1,1,0,1
1474,0.0670147444607486,0.00610667579341175,OH,2024-03-06,1,1,1,1,1,1,1,0,1,1,1,0
1475,1.30912646382058,0.89087993317896,OH,2024-03-07,1,0,0,1,1,1,1,0,0,1,1,1
1476,0.0655697542376684,0.00581238052324505,OH,2024-03-08,1,1,1,1,1,1,1,1,1,1,1,1
1477,NA,NA,OH,2024-03-09,NA,NA,NA,NA,NA,NA,NA,NA,NA,NA,NA,NA
1478,0.00318879702364251,0.00557362595518585,OH,2024-03-10,1,1,1,1,1,1,1,1,1,1,1,1
1479,1.14408047253046,0.3014861989298065,OH,2024-03-11,1,0,0,1,1,1,1,0,0,1,1,1
1480,0.0108046404560271,0.00538572899393135,OH,2024-03-12,1,1,1,1,1,1,1,1,1,1,1,1
1481,0.0237675372652524,0.0053097344178113,OH,2024-03-13,1,1,1,1,1,1,1,1,1,1,1,1
1482,1.09197528349193,0.1873708955388245,OH,2024-03-14,1,1,1,1,0,1,1,0,1,1,0,1
1483,0.0261879957569973,0.00519206675917905,OH,2024-03-15,1,1,1,1,1,1,1,1,1,1,1,1
1484,0.00311612058886369,0.0051499743445963,OH,2024-03-16,1,1,1,1,1,1,1,1,1,1,1,1
1485,0.00312136732123708,0.00511888178828575,OH,2024-03-17,1,1,1,1,1,1,1,1,1,1,1,1
1486,0.0254554494735427,0.0050987579178006,OH,2024-03-18,1,1,1,1,1,1,1,1,1,1,1,1
1487,0.00339620558335223,0.00508964500953315,OH,2024-03-19,1,1,1,1,1,1,1,1,1,1,1,1
1488,0.0266962380575704,0.00509166122485005,OH,2024-03-20,1,1,1,1,1,1,1,1,1,1,1,1
1489,0.012673278565574,0.0051050039715988,OH,2024-03-21,1,1,1,1,1,1,1,1,1,1,1,1
1490,0.00400052732053292,0.00512995427660405,OH,2024-03-22,1,1,1,1,1,1,1,0,0,1,1,1
1491,NA,NA,OH,2024-03-23,NA,NA,NA,NA,NA,NA,NA,NA,NA,NA,NA,NA
1492,NA,NA,OH,2024-03-24,NA,NA,NA,NA,NA,NA,NA,NA,NA,NA,NA,NA
1493,0.0153088662604833,0.00527863916558465,OH,2024-03-25,1,1,1,1,1,1,1,1,1,1,1,1
1494,0.0142406505591895,0.0053547215373909,OH,2024-03-26,1,1,1,1,1,1,1,1,1,1,1,1
1495,0.0179758226430896,0.005445309695816,OH,2024-03-27,1,1,1,1,1,1,1,1,1,1,1,1
1496,1.09327744879756,0.231223307728524,OH,2024-03-28,1,0,1,1,0,1,1,0,1,1,0,1
1497,1.15424069686055,0.3087998085038915,OH,2024-03-29,0,0,1,1,1,1,0,0,1,1,1,1
1498,0.020697028494836,0.0058143712990394,OH,2024-03-30,1,1,1,1,1,1,1,1,1,1,1,1
1499,NA,NA,OH,2024-03-31,NA,NA,NA,NA,NA,NA,NA,NA,NA,NA,NA,NA
1500,NA,NA,OH,2024-04-01,NA,NA,NA,NA,NA,NA,NA,NA,NA,NA,NA,NA
1501,NA,NA,OH,2024-04-02,NA,NA,NA,NA,NA,NA,NA,NA,NA,NA,NA,NA
1502,0.0612814927350953,0.00658719429433295,OH,2024-04-03,1,1,1,1,1,1,1,1,1,1,1,1
1503,0.0102422861386711,0.00684363434429945,OH,2024-04-04,1,1,1,1,1,1,1,1,1,1,1,1
1504,0.0117419464816598,0.00713065005993115,OH,2024-04-05,1,1,1,1,1,1,1,1,1,1,1,1
1505,NA,NA,OH,2024-04-06,NA,NA,NA,NA,NA,NA,NA,NA,NA,NA,NA,NA
1506,0.0458447654048595,0.00781014971601535,OH,2024-04-07,1,1,1,1,1,1,1,1,1,1,1,1
1507,NA,NA,OH,2024-04-08,NA,NA,NA,NA,NA,NA,NA,NA,NA,NA,NA,NA
1508,1.11490368387999,0.4434070966050435,OH,2024-04-09,1,0,1,1,0,1,1,0,1,1,0,1
1509,NA,NA,OH,2024-04-10,NA,NA,NA,NA,NA,NA,NA,NA,NA,NA,NA,NA
1510,0.0230528689612508,0.00971779389750725,OH,2024-04-11,1,1,1,1,1,1,1,1,1,1,1,1
1511,0.136523042766203,0.0103435080094826,OH,2024-04-12,1,1,1,1,1,1,1,1,1,1,1,1
1512,0.0833921906928891,0.0110440637724177,OH,2024-04-13,1,1,1,1,1,1,1,1,1,1,1,1
1513,NA,NA,OK,2024-03-03,NA,NA,NA,NA,NA,NA,NA,NA,NA,NA,NA,NA
1514,0.0274683689660694,0.0164934713803101,OK,2024-03-04,1,1,1,1,1,1,1,1,1,1,1,1
1515,0.169474322425146,0.01552296130965175,OK,2024-03-05,1,1,1,1,1,1,1,1,1,1,1,1
1516,0.0857562758698792,0.0146318055709314,OK,2024-03-06,1,1,1,1,1,1,1,1,1,1,1,1
1517,NA,NA,OK,2024-03-07,NA,NA,NA,NA,NA,NA,NA,NA,NA,NA,NA,NA
1518,0.0216023101119034,0.0130645926190637,OK,2024-03-08,1,1,1,1,1,1,1,0,1,1,1,0
1519,0.0181836185355375,0.0123782305168176,OK,2024-03-09,1,1,1,1,1,1,1,1,1,1,1,1
1520,NA,NA,OK,2024-03-10,NA,NA,NA,NA,NA,NA,NA,NA,NA,NA,NA,NA
1521,0.982910639771243,0.2961281132637285,OK,2024-03-11,1,1,1,1,0,1,1,0,1,1,0,1
1522,NA,NA,OK,2024-03-12,NA,NA,NA,NA,NA,NA,NA,NA,NA,NA,NA,NA
1523,NA,NA,OK,2024-03-13,NA,NA,NA,NA,NA,NA,NA,NA,NA,NA,NA,NA
1524,NA,NA,OK,2024-03-14,NA,NA,NA,NA,NA,NA,NA,NA,NA,NA,NA,NA
1525,NA,NA,OK,2024-03-15,NA,NA,NA,NA,NA,NA,NA,NA,NA,NA,NA,NA
1526,NA,NA,OK,2024-03-16,NA,NA,NA,NA,NA,NA,NA,NA,NA,NA,NA,NA
1527,NA,NA,OK,2024-03-17,NA,NA,NA,NA,NA,NA,NA,NA,NA,NA,NA,NA
1528,NA,NA,OK,2024-03-18,NA,NA,NA,NA,NA,NA,NA,NA,NA,NA,NA,NA
1529,NA,NA,OK,2024-03-19,NA,NA,NA,NA,NA,NA,NA,NA,NA,NA,NA,NA
1530,0.0112105981616887,0.0079750284200661,OK,2024-03-20,1,1,1,1,1,1,1,0,1,1,1,0
1531,0.0112153923458318,0.0077978948371684,OK,2024-03-21,1,1,1,1,1,1,1,1,1,1,1,1
1532,NA,NA,OK,2024-03-22,NA,NA,NA,NA,NA,NA,NA,NA,NA,NA,NA,NA
1533,NA,NA,OK,2024-03-23,NA,NA,NA,NA,NA,NA,NA,NA,NA,NA,NA,NA
1534,0.00992065154767111,0.0074527288178968,OK,2024-03-24,1,1,1,1,1,1,1,1,1,1,1,1
1535,0.0340589047330296,0.0073996032883661,OK,2024-03-25,1,1,1,1,1,1,0,0,1,1,1,1
1536,NA,NA,OK,2024-03-26,NA,NA,NA,NA,NA,NA,NA,NA,NA,NA,NA,NA
1537,1.26388466885611,0.873437310078565,OK,2024-03-27,1,0,1,1,0,1,1,0,1,1,0,1
1538,0.00901203347815574,0.00743525994547495,OK,2024-03-28,1,1,1,1,1,1,0,0,1,1,1,1
1539,NA,NA,OK,2024-03-29,NA,NA,NA,NA,NA,NA,NA,NA,NA,NA,NA,NA
1540,NA,NA,OK,2024-03-30,NA,NA,NA,NA,NA,NA,NA,NA,NA,NA,NA,NA
1541,NA,NA,OK,2024-03-31,NA,NA,NA,NA,NA,NA,NA,NA,NA,NA,NA,NA
1542,0.0551168617601877,0.00800901264738985,OK,2024-04-01,1,1,1,1,1,1,1,1,1,1,1,1
1543,NA,NA,OK,2024-04-02,NA,NA,NA,NA,NA,NA,NA,NA,NA,NA,NA,NA
1544,NA,NA,OK,2024-04-03,NA,NA,NA,NA,NA,NA,NA,NA,NA,NA,NA,NA
1545,NA,NA,OK,2024-04-04,NA,NA,NA,NA,NA,NA,NA,NA,NA,NA,NA,NA
1546,NA,NA,OK,2024-04-05,NA,NA,NA,NA,NA,NA,NA,NA,NA,NA,NA,NA
1547,NA,NA,OK,2024-04-06,NA,NA,NA,NA,NA,NA,NA,NA,NA,NA,NA,NA
1548,0.00755023163246617,0.01057882778364755,OK,2024-04-07,1,1,1,1,1,1,1,1,1,1,1,1
1549,NA,NA,OK,2024-04-08,NA,NA,NA,NA,NA,NA,NA,NA,NA,NA,NA,NA
1550,1.26477344550824,0.84638632042001,OK,2024-04-09,1,0,0,1,1,1,1,0,0,1,1,1
1551,NA,NA,OK,2024-04-10,NA,NA,NA,NA,NA,NA,NA,NA,NA,NA,NA,NA
1552,NA,NA,OK,2024-04-11,NA,NA,NA,NA,NA,NA,NA,NA,NA,NA,NA,NA
1553,NA,NA,OK,2024-04-12,NA,NA,NA,NA,NA,NA,NA,NA,NA,NA,NA,NA
1554,NA,NA,OK,2024-04-13,NA,NA,NA,NA,NA,NA,NA,NA,NA,NA,NA,NA
1555,0.00166164437067363,0.001392869377216325,OR,2024-03-03,1,1,1,1,1,1,1,1,1,1,1,1
1556,0.00146417773061848,0.0012963159365998,OR,2024-03-04,1,1,1,1,1,1,1,1,1,1,1,1
1557,0.00595779683944586,0.001207088449110195,OR,2024-03-05,1,1,1,1,1,1,1,1,1,1,1,1
1558,0.0105599364813619,0.001124644473195815,OR,2024-03-06,1,1,1,1,1,1,1,1,1,1,1,1
1559,0.0169027032014662,0.001048482913856855,OR,2024-03-07,1,1,1,1,1,1,1,1,1,1,1,1
1560,0.00117262346216714,9.78140778203455e-4,OR,2024-03-08,1,1,1,1,1,1,1,1,1,1,1,1
1561,0.00440847209753722,9.131902165628e-4,OR,2024-03-09,1,1,1,1,1,1,1,1,1,1,1,1
1562,0.00101324159329946,8.53235824076805e-4,OR,2024-03-10,1,1,1,1,1,1,1,1,1,1,1,1
1563,0.0191077110317151,7.9791217981674e-4,OR,2024-03-11,1,1,1,1,1,1,1,1,1,1,1,1
1564,8.1228184578895e-4,7.46881602443015e-4,OR,2024-03-12,1,1,1,1,1,1,1,1,1,1,1,1
1565,8.6268441723345e-4,6.9983210335345e-4,OR,2024-03-13,1,1,1,1,1,1,1,1,1,1,1,1
1566,8.3628105006999e-4,6.5647552009239e-4,OR,2024-03-14,1,1,1,1,1,1,1,1,1,1,1,1
1567,NA,NA,OR,2024-03-15,NA,NA,NA,NA,NA,NA,NA,NA,NA,NA,NA,NA
1568,0.00285364224600294,5.7979752201862e-4,OR,2024-03-16,1,1,1,1,1,1,1,1,1,1,1,1
1569,NA,NA,OR,2024-03-17,NA,NA,NA,NA,NA,NA,NA,NA,NA,NA,NA,NA
1570,1.14927907212308,0.1914679008780985,OR,2024-03-18,1,0,1,1,1,0,1,0,1,1,1,0
1571,1.36114072953164,0.956521732871385,OR,2024-03-19,1,0,1,1,1,0,1,0,1,1,1,0
1572,0.00221715726252745,4.60353688724295e-4,OR,2024-03-20,1,1,1,1,1,1,1,1,1,1,1,1
1573,NA,NA,OR,2024-03-21,NA,NA,NA,NA,NA,NA,NA,NA,NA,NA,NA,NA
1574,0.00515043966031421,4.146336271851e-4,OR,2024-03-22,1,1,1,1,1,1,1,1,1,1,1,1
1575,0.00167482021154138,3.9474428909678e-4,OR,2024-03-23,1,1,1,1,1,1,1,1,1,1,1,1
1576,5.2255191255838e-4,3.76668647759885e-4,OR,2024-03-24,1,1,1,1,1,1,1,1,1,1,1,1
1577,NA,NA,OR,2024-03-25,NA,NA,NA,NA,NA,NA,NA,NA,NA,NA,NA,NA
1578,0.00163841981808356,3.4552942305626e-4,OR,2024-03-26,1,1,1,1,1,1,1,1,1,1,1,1
1579,NA,NA,OR,2024-03-27,NA,NA,NA,NA,NA,NA,NA,NA,NA,NA,NA,NA
1580,NA,NA,OR,2024-03-28,NA,NA,NA,NA,NA,NA,NA,NA,NA,NA,NA,NA
1581,NA,NA,OR,2024-03-29,NA,NA,NA,NA,NA,NA,NA,NA,NA,NA,NA,NA
1582,4.4320038940833e-4,3.0091454251637e-4,OR,2024-03-30,1,1,1,1,1,1,1,1,1,1,1,1
1583,1.36712210336709,0.96619541583901,OR,2024-03-31,1,0,1,1,1,0,1,0,1,1,1,0
1584,NA,NA,OR,2024-04-01,NA,NA,NA,NA,NA,NA,NA,NA,NA,NA,NA,NA
1585,NA,NA,OR,2024-04-02,NA,NA,NA,NA,NA,NA,NA,NA,NA,NA,NA,NA
1586,3.4044363162999e-4,2.7686849412945e-4,OR,2024-04-03,1,1,1,1,1,1,1,1,1,1,1,1
1587,NA,NA,OR,2024-04-04,NA,NA,NA,NA,NA,NA,NA,NA,NA,NA,NA,NA
1588,4.2420750125315e-4,2.7209890968274e-4,OR,2024-04-05,1,1,1,1,1,1,1,1,1,1,1,1
1589,4.4370950633408e-4,2.7156609140733e-4,OR,2024-04-06,1,1,1,1,1,1,1,1,1,1,1,1
1590,NA,NA,OR,2024-04-07,NA,NA,NA,NA,NA,NA,NA,NA,NA,NA,NA,NA
1591,NA,NA,OR,2024-04-08,NA,NA,NA,NA,NA,NA,NA,NA,NA,NA,NA,NA
1592,NA,NA,OR,2024-04-09,NA,NA,NA,NA,NA,NA,NA,NA,NA,NA,NA,NA
1593,NA,NA,OR,2024-04-10,NA,NA,NA,NA,NA,NA,NA,NA,NA,NA,NA,NA
1594,NA,NA,OR,2024-04-11,NA,NA,NA,NA,NA,NA,NA,NA,NA,NA,NA,NA
1595,NA,NA,OR,2024-04-12,NA,NA,NA,NA,NA,NA,NA,NA,NA,NA,NA,NA
1596,5.0988055917084e-4,3.0930307420374e-4,OR,2024-04-13,1,1,1,1,1,1,1,1,1,1,1,1
1597,0.00134568077639826,6.56464195052945e-4,PA,2024-03-03,1,1,1,1,1,1,1,1,1,1,1,1
1598,0.0741150978911995,6.39288688941445e-4,PA,2024-03-04,1,1,1,1,1,1,1,1,1,1,1,1
1599,0.899648247722463,0.106418421234728,PA,2024-03-05,1,0,1,1,1,0,1,0,1,1,0,1
1600,0.0717471490930495,6.12802921291685e-4,PA,2024-03-06,1,1,1,1,1,1,1,1,1,1,1,1
1601,1.18949276780667,0.1939267717504225,PA,2024-03-07,1,0,1,0,1,1,1,0,1,0,1,1
1602,0.0317880979464878,5.9624448332238e-4,PA,2024-03-08,1,1,1,1,1,1,1,1,1,1,1,1
1603,0.00854076113285858,5.9158082654605e-4,PA,2024-03-09,1,1,1,1,1,1,1,1,1,1,1,1
1604,NA,NA,PA,2024-03-10,NA,NA,NA,NA,NA,NA,NA,NA,NA,NA,NA,NA
1605,NA,NA,PA,2024-03-11,NA,NA,NA,NA,NA,NA,NA,NA,NA,NA,NA,NA
1606,NA,NA,PA,2024-03-12,NA,NA,NA,NA,NA,NA,NA,NA,NA,NA,NA,NA
1607,8.8545325596095e-4,5.9753168183465e-4,PA,2024-03-13,1,1,1,1,1,1,1,1,1,1,1,1
1608,NA,NA,PA,2024-03-14,NA,NA,NA,NA,NA,NA,NA,NA,NA,NA,NA,NA
1609,NA,NA,PA,2024-03-15,NA,NA,NA,NA,NA,NA,NA,NA,NA,NA,NA,NA
1610,0.00109559124967814,6.307748703063e-4,PA,2024-03-16,1,1,1,1,1,1,1,1,1,1,1,1
1611,NA,NA,PA,2024-03-17,NA,NA,NA,NA,NA,NA,NA,NA,NA,NA,NA,NA
1612,0.00350827110865048,6.6984161819602e-4,PA,2024-03-18,1,1,1,1,1,1,1,1,1,1,1,1
1613,0.00881517177206054,6.95524163744895e-4,PA,2024-03-19,1,1,1,1,1,1,1,1,1,1,1,1
1614,9.0810895732898e-4,7.25975979785875e-4,PA,2024-03-20,1,1,1,1,1,1,1,1,1,1,1,1
1615,0.0207952611651671,7.61833931789525e-4,PA,2024-03-21,1,1,1,1,1,1,1,1,1,1,1,1
1616,1.24862174709173,0.2415938781863045,PA,2024-03-22,1,0,0,1,1,1,1,0,0,1,1,1
1617,0.00881790569214561,8.53015837719635e-4,PA,2024-03-23,1,1,1,1,1,1,1,1,1,1,1,1
1618,NA,NA,PA,2024-03-24,NA,NA,NA,NA,NA,NA,NA,NA,NA,NA,NA,NA
1619,0.0403397087707156,9.7742060542897e-4,PA,2024-03-25,1,1,1,1,1,1,1,1,1,1,1,1
1620,1.15984354681282,0.190147590239839,PA,2024-03-26,1,0,1,1,0,1,1,0,1,1,0,1
1621,0.0340667930946268,0.001147402677042335,PA,2024-03-27,1,1,1,1,1,1,1,0,1,1,0,1
1622,0.00478807596417717,0.001254940776518345,PA,2024-03-28,1,1,1,1,1,1,1,1,1,1,1,1
1623,0.0181531298456174,0.001381447795008965,PA,2024-03-29,1,1,1,1,1,1,1,1,1,1,1,1
1624,NA,NA,PA,2024-03-30,NA,NA,NA,NA,NA,NA,NA,NA,NA,NA,NA,NA
1625,0.00107299211708375,0.00170760121992615,PA,2024-03-31,1,1,1,1,1,1,1,1,1,1,1,1
1626,0.0197092338718953,0.00191790688362583,PA,2024-04-01,1,1,1,1,1,1,1,0,1,0,1,1
1627,0.0212580419909563,0.00216905676043382,PA,2024-04-02,1,1,1,1,1,1,1,1,1,1,1,1
1628,0.00630073490363608,0.00247031817235032,PA,2024-04-03,1,1,1,1,1,1,1,1,1,1,1,1
1629,1.2029573905485,0.3043222089155735,PA,2024-04-04,1,0,1,1,0,1,1,0,1,1,0,1
1630,NA,NA,PA,2024-04-05,NA,NA,NA,NA,NA,NA,NA,NA,NA,NA,NA,NA
1631,0.00211010563302864,0.003807625703316235,PA,2024-04-06,1,1,1,1,1,1,1,1,1,1,1,1
1632,NA,NA,PA,2024-04-07,NA,NA,NA,NA,NA,NA,NA,NA,NA,NA,NA,NA
1633,0.0104050902618613,0.00526376268869525,PA,2024-04-08,1,1,1,1,1,1,1,1,1,1,1,1
1634,1.07573725443291,0.219885842248699,PA,2024-04-09,1,0,1,1,0,1,1,0,1,1,0,1
1635,0.0257665734613524,0.00747961623863415,PA,2024-04-10,1,1,1,1,1,1,1,1,1,1,1,1
1636,NA,NA,PA,2024-04-11,NA,NA,NA,NA,NA,NA,NA,NA,NA,NA,NA,NA
1637,1.2879619376101,0.86390081044658,PA,2024-04-12,1,0,1,1,1,0,1,0,1,1,1,0
1638,NA,NA,PA,2024-04-13,NA,NA,NA,NA,NA,NA,NA,NA,NA,NA,NA,NA
1639,NA,NA,PR,2024-03-03,NA,NA,NA,NA,NA,NA,NA,NA,NA,NA,NA,NA
1640,1.87295853503813,0.088155922248569,PR,2024-03-04,1,1,1,1,1,1,1,0,1,1,0,0
1641,0.0619236034842704,0.0392650077873626,PR,2024-03-05,1,1,1,1,1,1,1,1,1,1,1,1
1642,1.66292804434075,0.038978227157707,PR,2024-03-06,1,0,1,1,1,1,1,0,0,1,1,0
1643,0.581591421345552,0.03869987474244375,PR,2024-03-07,1,1,1,1,1,1,1,0,1,1,1,0
1644,1.16079005320743,0.0384286704384923,PR,2024-03-08,1,1,1,1,1,1,1,1,1,1,1,1
1645,0.854233045812983,0.280865264754025,PR,2024-03-09,1,1,0,1,1,1,1,0,0,1,1,1
1646,NA,NA,PR,2024-03-10,NA,NA,NA,NA,NA,NA,NA,NA,NA,NA,NA,NA
1647,3.43343491183144,0.06490437268556,PR,2024-03-11,1,0,1,1,1,0,1,0,1,1,0,0
1648,0.425864335548918,0.03739039755539305,PR,2024-03-12,1,1,1,1,1,1,1,0,1,1,1,0
1649,0.828838456280152,0.037136381014386,PR,2024-03-13,1,1,1,1,1,1,1,0,1,1,1,0
1650,0.283488458743528,0.03688220673340385,PR,2024-03-14,1,1,1,1,1,1,1,0,1,1,0,1
1651,0.281858639270621,0.0366267118955475,PR,2024-03-15,1,1,1,1,1,1,1,0,0,1,1,1
1652,0.0601070461625866,0.0363687485914546,PR,2024-03-16,1,1,1,1,1,1,1,1,1,1,1,1
1653,NA,NA,PR,2024-03-17,NA,NA,NA,NA,NA,NA,NA,NA,NA,NA,NA,NA
1654,0.793661450660211,0.0358409011934368,PR,2024-03-18,1,1,1,1,1,1,1,0,1,1,0,1
1655,0.415675924022155,0.035568799226754,PR,2024-03-19,1,1,1,1,1,1,1,0,0,1,1,1
1656,0.541191535661649,0.03528979476624895,PR,2024-03-20,1,1,1,1,1,1,1,0,1,1,1,0
1657,0.403687615090513,0.0350028230252067,PR,2024-03-21,1,1,1,1,1,1,0,0,1,1,0,1
1658,0.284806379265615,0.0347068393702,PR,2024-03-22,1,1,1,1,1,1,1,0,0,1,1,1
1659,0.0606345195358565,0.0344008211688746,PR,2024-03-23,1,1,1,1,1,1,1,0,1,1,0,1
1660,NA,NA,PR,2024-03-24,NA,NA,NA,NA,NA,NA,NA,NA,NA,NA,NA,NA
1661,2.04143209611043,0.03375471401975945,PR,2024-03-25,1,0,1,1,1,1,1,0,1,1,0,0
1662,0.543504296924873,0.03341271121251165,PR,2024-03-26,1,1,1,1,1,1,1,0,1,1,0,1
1663,1.61620719671066,0.0330568523947274,PR,2024-03-27,1,0,1,1,1,1,1,0,0,1,0,0
1664,0.283187756026644,0.0326862651707204,PR,2024-03-28,1,1,1,1,1,1,1,0,1,1,0,1
1665,NA,NA,PR,2024-03-29,NA,NA,NA,NA,NA,NA,NA,NA,NA,NA,NA,NA
1666,NA,NA,PR,2024-03-30,NA,NA,NA,NA,NA,NA,NA,NA,NA,NA,NA,NA
1667,NA,NA,PR,2024-03-31,NA,NA,NA,NA,NA,NA,NA,NA,NA,NA,NA,NA
1668,0.289928802255214,0.03104072527467155,PR,2024-04-01,1,1,1,1,1,1,1,0,1,1,0,1
1669,0.299453740770634,0.03058502632792755,PR,2024-04-02,1,1,1,1,1,1,1,0,1,1,1,0
1670,1.09433755840315,0.03011041462474465,PR,2024-04-03,1,1,1,1,1,1,1,0,1,1,0,0
1671,0.182772642628398,0.0296164264316325,PR,2024-04-04,1,1,1,1,1,1,1,1,1,1,1,1
1672,NA,NA,PR,2024-04-05,NA,NA,NA,NA,NA,NA,NA,NA,NA,NA,NA,NA
1673,0.18369158025987,0.02856891103999715,PR,2024-04-06,1,1,1,1,1,1,1,0,1,1,0,1
1674,NA,NA,PR,2024-04-07,NA,NA,NA,NA,NA,NA,NA,NA,NA,NA,NA,NA
1675,0.455702974437978,0.0274406828682481,PR,2024-04-08,1,1,1,1,1,1,1,0,1,1,0,1
1676,0.849412867064087,0.02684623941455045,PR,2024-04-09,1,1,1,1,1,1,1,0,1,1,0,1
1677,0.729989896357822,0.14252925171875,PR,2024-04-10,1,1,1,1,1,1,1,0,1,1,0,0
1678,0.457203752609287,0.0255977331354522,PR,2024-04-11,1,1,1,1,1,1,1,0,1,1,0,1
1679,0.830277447097295,0.184868713661663,PR,2024-04-12,1,1,1,1,0,1,1,0,1,1,0,1
1680,0.965410073960986,0.826387489880855,PR,2024-04-13,1,1,1,1,0,1,1,1,1,1,0,0
1681,2.7587063993068e-4,3.7391546919812e-4,RI,2024-03-03,1,1,1,1,1,1,1,1,1,1,1,1
1682,2.8313969772723e-4,3.6607564265991e-4,RI,2024-03-04,1,1,1,1,1,1,1,1,1,1,1,1
1683,0.00866231655861639,3.59326375592075e-4,RI,2024-03-05,1,1,1,1,1,1,1,1,1,1,1,1
1684,8.6855372396006e-4,3.5360878505694e-4,RI,2024-03-06,1,1,1,1,1,1,1,1,1,1,1,1
1685,0.00861042613100889,3.48873078498035e-4,RI,2024-03-07,1,1,1,1,1,1,1,1,1,1,1,1
1686,NA,NA,RI,2024-03-08,NA,NA,NA,NA,NA,NA,NA,NA,NA,NA,NA,NA
1687,NA,NA,RI,2024-03-09,NA,NA,NA,NA,NA,NA,NA,NA,NA,NA,NA,NA
1688,0.00110959512070628,3.4018277005164e-4,RI,2024-03-10,1,1,1,1,1,1,1,1,1,1,1,1
1689,2.4140625537582e-4,3.39038014484805e-4,RI,2024-03-11,1,1,1,1,1,1,1,1,1,1,1,1
1690,9.5654011537907e-4,3.38743632847055e-4,RI,2024-03-12,1,1,1,1,1,1,1,1,1,1,1,1
1691,1.9460992838492e-4,3.39294546768605e-4,RI,2024-03-13,1,1,1,1,1,1,1,1,1,1,1,1
1692,0.00581549108049488,3.40692463167745e-4,RI,2024-03-14,1,1,1,1,1,1,1,1,1,1,1,1
1693,0.00531111727990477,3.42945945872305e-4,RI,2024-03-15,1,1,1,1,1,1,1,1,1,1,1,1
1694,3.1264019277983e-4,3.46070589116685e-4,RI,2024-03-16,1,1,1,1,1,1,1,1,1,1,1,1
1695,NA,NA,RI,2024-03-17,NA,NA,NA,NA,NA,NA,NA,NA,NA,NA,NA,NA
1696,0.00206803148383568,3.5503269149922e-4,RI,2024-03-18,1,1,1,1,1,1,1,1,1,1,1,1
1697,0.00525484215278255,3.60939619176405e-4,RI,2024-03-19,1,1,1,1,1,1,1,1,1,1,1,1
1698,1.34371149086141,0.3249331728660775,RI,2024-03-20,1,0,1,1,0,1,1,0,1,1,0,1
1699,0.011087336488458,3.7584485677881e-4,RI,2024-03-21,1,1,1,1,1,1,1,1,1,1,1,1
1700,0.00110651871106802,3.8496892587703e-4,RI,2024-03-22,1,1,1,1,1,1,1,1,1,1,1,1
1701,0.00272699377280948,3.9531030785063e-4,RI,2024-03-23,1,1,1,1,1,1,1,1,1,1,1,1
1702,NA,NA,RI,2024-03-24,NA,NA,NA,NA,NA,NA,NA,NA,NA,NA,NA,NA
1703,0.00137216237880158,4.2003531021494e-4,RI,2024-03-25,1,1,1,1,1,1,1,1,1,1,1,1
1704,4.3574748390648e-4,4.3465445810089e-4,RI,2024-03-26,1,1,1,1,1,1,1,1,1,1,1,1
1705,NA,NA,RI,2024-03-27,NA,NA,NA,NA,NA,NA,NA,NA,NA,NA,NA,NA
1706,NA,NA,RI,2024-03-28,NA,NA,NA,NA,NA,NA,NA,NA,NA,NA,NA,NA
1707,0.00164344722633551,4.8937598812452e-4,RI,2024-03-29,1,1,1,1,1,1,1,1,1,1,1,1
1708,0.00355540966536938,5.118973628452e-4,RI,2024-03-30,1,1,1,1,1,1,1,1,1,1,1,1
1709,NA,NA,RI,2024-03-31,NA,NA,NA,NA,NA,NA,NA,NA,NA,NA,NA,NA
1710,0.00205657103565025,5.64903198197015e-4,RI,2024-04-01,1,1,1,1,1,1,1,1,1,1,1,1
1711,1.18421080681782,0.1383556773449915,RI,2024-04-02,1,0,1,1,0,1,1,0,1,1,0,1
1712,6.8525718355734e-4,6.30845217767715e-4,RI,2024-04-03,1,1,1,1,1,1,1,1,1,1,1,1
1713,7.97517456546e-4,6.6976736160516e-4,RI,2024-04-04,1,1,1,1,1,1,1,1,1,1,1,1
1714,0.00712614421191957,7.13401070453295e-4,RI,2024-04-05,1,1,1,1,1,1,1,1,1,1,1,1
1715,1.35722815214936,0.959732980761905,RI,2024-04-06,1,0,1,1,0,1,1,0,1,1,0,1
1716,NA,NA,RI,2024-04-07,NA,NA,NA,NA,NA,NA,NA,NA,NA,NA,NA,NA
1717,1.29059404667281,0.478661308256476,RI,2024-04-08,1,0,1,1,0,1,1,1,1,1,0,0
1718,NA,NA,RI,2024-04-09,NA,NA,NA,NA,NA,NA,NA,NA,NA,NA,NA,NA
1719,NA,NA,RI,2024-04-10,NA,NA,NA,NA,NA,NA,NA,NA,NA,NA,NA,NA
1720,NA,NA,RI,2024-04-11,NA,NA,NA,NA,NA,NA,NA,NA,NA,NA,NA,NA
1721,NA,NA,RI,2024-04-12,NA,NA,NA,NA,NA,NA,NA,NA,NA,NA,NA,NA
1722,NA,NA,RI,2024-04-13,NA,NA,NA,NA,NA,NA,NA,NA,NA,NA,NA,NA
1723,0.0053233544006019,0.002494520289957395,SC,2024-03-03,1,1,1,1,1,1,1,1,1,1,1,1
1724,0.127267060654957,0.00228918641295634,SC,2024-03-04,1,1,1,1,1,1,1,1,1,1,1,1
1725,0.0179904816168823,0.00210113153493048,SC,2024-03-05,1,1,1,1,1,1,1,0,1,0,1,1
1726,1.03322157129394,0.159643782267809,SC,2024-03-06,1,1,0,1,1,1,1,0,0,1,1,1
1727,1.1434898053923,0.460278195069348,SC,2024-03-07,1,0,1,1,1,0,1,0,1,1,1,0
1728,0.0140548597479962,0.001626886993228645,SC,2024-03-08,1,1,1,1,1,1,1,1,1,1,1,1
1729,NA,NA,SC,2024-03-09,NA,NA,NA,NA,NA,NA,NA,NA,NA,NA,NA,NA
1730,NA,NA,SC,2024-03-10,NA,NA,NA,NA,NA,NA,NA,NA,NA,NA,NA,NA
1731,0.0207058829274843,0.00126303304182307,SC,2024-03-11,1,1,1,1,1,1,1,1,1,1,1,1
1732,0.00273367481866875,0.001161683283258415,SC,2024-03-12,1,1,1,1,1,1,1,1,1,1,1,1
1733,0.0337923155329412,0.001068920466820955,SC,2024-03-13,1,1,1,1,1,1,1,1,1,1,1,1
1734,0.0087890172812719,9.840175610948e-4,SC,2024-03-14,1,1,1,1,1,1,1,1,1,1,1,1
1735,0.00727631339681595,9.0630768320203e-4,SC,2024-03-15,1,1,1,1,1,1,1,1,1,1,1,1
1736,NA,NA,SC,2024-03-16,NA,NA,NA,NA,NA,NA,NA,NA,NA,NA,NA,NA
1737,NA,NA,SC,2024-03-17,NA,NA,NA,NA,NA,NA,NA,NA,NA,NA,NA,NA
1738,NA,NA,SC,2024-03-18,NA,NA,NA,NA,NA,NA,NA,NA,NA,NA,NA,NA
1739,NA,NA,SC,2024-03-19,NA,NA,NA,NA,NA,NA,NA,NA,NA,NA,NA,NA
1740,NA,NA,SC,2024-03-20,NA,NA,NA,NA,NA,NA,NA,NA,NA,NA,NA,NA
1741,NA,NA,SC,2024-03-21,NA,NA,NA,NA,NA,NA,NA,NA,NA,NA,NA,NA
1742,NA,NA,SC,2024-03-22,NA,NA,NA,NA,NA,NA,NA,NA,NA,NA,NA,NA
1743,NA,NA,SC,2024-03-23,NA,NA,NA,NA,NA,NA,NA,NA,NA,NA,NA,NA
1744,NA,NA,SC,2024-03-24,NA,NA,NA,NA,NA,NA,NA,NA,NA,NA,NA,NA
1745,NA,NA,SC,2024-03-25,NA,NA,NA,NA,NA,NA,NA,NA,NA,NA,NA,NA
1746,NA,NA,SC,2024-03-26,NA,NA,NA,NA,NA,NA,NA,NA,NA,NA,NA,NA
1747,1.35547254743193,0.963807855070975,SC,2024-03-27,1,0,1,1,1,0,1,0,1,1,1,0
1748,7.7514459768816e-4,3.31291742601635e-4,SC,2024-03-28,1,1,1,1,1,1,1,1,1,1,1,1
1749,NA,NA,SC,2024-03-29,NA,NA,NA,NA,NA,NA,NA,NA,NA,NA,NA,NA
1750,NA,NA,SC,2024-03-30,NA,NA,NA,NA,NA,NA,NA,NA,NA,NA,NA,NA
1751,NA,NA,SC,2024-03-31,NA,NA,NA,NA,NA,NA,NA,NA,NA,NA,NA,NA
1752,NA,NA,SC,2024-04-01,NA,NA,NA,NA,NA,NA,NA,NA,NA,NA,NA,NA
1753,NA,NA,SC,2024-04-02,NA,NA,NA,NA,NA,NA,NA,NA,NA,NA,NA,NA
1754,5.0418127850061e-4,2.20380001073215e-4,SC,2024-04-03,1,1,1,1,1,1,1,1,1,1,1,1
1755,NA,NA,SC,2024-04-04,NA,NA,NA,NA,NA,NA,NA,NA,NA,NA,NA,NA
1756,NA,NA,SC,2024-04-05,NA,NA,NA,NA,NA,NA,NA,NA,NA,NA,NA,NA
1757,NA,NA,SC,2024-04-06,NA,NA,NA,NA,NA,NA,NA,NA,NA,NA,NA,NA
1758,NA,NA,SC,2024-04-07,NA,NA,NA,NA,NA,NA,NA,NA,NA,NA,NA,NA
1759,NA,NA,SC,2024-04-08,NA,NA,NA,NA,NA,NA,NA,NA,NA,NA,NA,NA
1760,NA,NA,SC,2024-04-09,NA,NA,NA,NA,NA,NA,NA,NA,NA,NA,NA,NA
1761,4.1893248470939e-4,1.4670019041094e-4,SC,2024-04-10,1,1,1,1,1,1,1,1,1,1,1,1
1762,2.64399990025221,0.3931435680099255,SC,2024-04-11,1,0,0,1,1,1,1,0,0,1,1,1
1763,NA,NA,SC,2024-04-12,NA,NA,NA,NA,NA,NA,NA,NA,NA,NA,NA,NA
1764,NA,NA,SC,2024-04-13,NA,NA,NA,NA,NA,NA,NA,NA,NA,NA,NA,NA
1765,0.871454207928452,0.655783519771725,SD,2024-03-03,1,1,1,1,1,0,1,0,1,1,1,0
1766,0.124390109468741,0.080982171098504,SD,2024-03-04,1,1,1,1,1,1,1,0,0,1,1,1
1767,0.524584793281844,0.311439901956353,SD,2024-03-05,1,1,1,1,1,1,1,1,1,1,1,1
1768,1.25691463435181,0.3699756850376465,SD,2024-03-06,1,1,1,1,1,0,1,0,1,1,1,0
1769,0.13004317362451,0.087386405499712,SD,2024-03-07,1,1,1,1,1,1,1,1,1,1,1,1
1770,NA,NA,SD,2024-03-08,NA,NA,NA,NA,NA,NA,NA,NA,NA,NA,NA,NA
1771,NA,NA,SD,2024-03-09,NA,NA,NA,NA,NA,NA,NA,NA,NA,NA,NA,NA
1772,0.633101386807993,0.094878620611211,SD,2024-03-10,1,1,1,1,1,1,1,1,1,1,1,1
1773,1.36981740684253,0.4381598909060965,SD,2024-03-11,1,0,0,1,1,1,1,0,0,1,1,1
1774,0.721597492046856,0.4957835414639045,SD,2024-03-12,1,1,0,1,1,1,1,1,1,1,1,1
1775,NA,NA,SD,2024-03-13,NA,NA,NA,NA,NA,NA,NA,NA,NA,NA,NA,NA
1776,NA,NA,SD,2024-03-14,NA,NA,NA,NA,NA,NA,NA,NA,NA,NA,NA,NA
1777,NA,NA,SD,2024-03-15,NA,NA,NA,NA,NA,NA,NA,NA,NA,NA,NA,NA
1778,NA,NA,SD,2024-03-16,NA,NA,NA,NA,NA,NA,NA,NA,NA,NA,NA,NA
1779,NA,NA,SD,2024-03-17,NA,NA,NA,NA,NA,NA,NA,NA,NA,NA,NA,NA
1780,NA,NA,SD,2024-03-18,NA,NA,NA,NA,NA,NA,NA,NA,NA,NA,NA,NA
1781,NA,NA,SD,2024-03-19,NA,NA,NA,NA,NA,NA,NA,NA,NA,NA,NA,NA
1782,NA,NA,SD,2024-03-20,NA,NA,NA,NA,NA,NA,NA,NA,NA,NA,NA,NA
1783,NA,NA,SD,2024-03-21,NA,NA,NA,NA,NA,NA,NA,NA,NA,NA,NA,NA
1784,0.158310007610275,0.134593828511066,SD,2024-03-22,1,1,1,1,1,1,1,1,1,1,1,1
1785,NA,NA,SD,2024-03-23,NA,NA,NA,NA,NA,NA,NA,NA,NA,NA,NA,NA
1786,NA,NA,SD,2024-03-24,NA,NA,NA,NA,NA,NA,NA,NA,NA,NA,NA,NA
1787,NA,NA,SD,2024-03-25,NA,NA,NA,NA,NA,NA,NA,NA,NA,NA,NA,NA
1788,0.176380347672047,0.150062194746515,SD,2024-03-26,1,1,1,1,1,1,1,1,1,1,1,1
1789,0.415731897483562,0.1539747540933135,SD,2024-03-27,1,1,1,1,1,1,1,1,1,1,1,1
1790,NA,NA,SD,2024-03-28,NA,NA,NA,NA,NA,NA,NA,NA,NA,NA,NA,NA
1791,NA,NA,SD,2024-03-29,NA,NA,NA,NA,NA,NA,NA,NA,NA,NA,NA,NA
1792,NA,NA,SD,2024-03-30,NA,NA,NA,NA,NA,NA,NA,NA,NA,NA,NA,NA
1793,NA,NA,SD,2024-03-31,NA,NA,NA,NA,NA,NA,NA,NA,NA,NA,NA,NA
1794,NA,NA,SD,2024-04-01,NA,NA,NA,NA,NA,NA,NA,NA,NA,NA,NA,NA
1795,NA,NA,SD,2024-04-02,NA,NA,NA,NA,NA,NA,NA,NA,NA,NA,NA,NA
1796,NA,NA,SD,2024-04-03,NA,NA,NA,NA,NA,NA,NA,NA,NA,NA,NA,NA
1797,0.185983678001562,0.184750950163944,SD,2024-04-04,1,1,1,1,1,1,1,1,1,1,1,1
1798,NA,NA,SD,2024-04-05,NA,NA,NA,NA,NA,NA,NA,NA,NA,NA,NA,NA
1799,0.836928305101653,0.59005875638658,SD,2024-04-06,1,1,1,1,1,0,1,0,1,1,1,0
1800,0.201244286843814,0.195895293138437,SD,2024-04-07,1,1,1,1,1,1,1,1,1,1,1,1
1801,0.1947338839993,0.199581028474426,SD,2024-04-08,1,1,1,1,1,1,1,0,0,1,1,1
1802,NA,NA,SD,2024-04-09,NA,NA,NA,NA,NA,NA,NA,NA,NA,NA,NA,NA
1803,NA,NA,SD,2024-04-10,NA,NA,NA,NA,NA,NA,NA,NA,NA,NA,NA,NA
1804,0.204315986983291,0.2106329385968475,SD,2024-04-11,1,1,1,1,1,1,1,1,1,1,1,1
1805,0.815506788003398,0.573010332285895,SD,2024-04-12,1,1,1,1,1,0,1,0,1,1,1,0
1806,NA,NA,SD,2024-04-13,NA,NA,NA,NA,NA,NA,NA,NA,NA,NA,NA,NA
1807,0.0481188858119054,0.004936650913346155,TN,2024-03-03,1,1,1,1,1,1,1,1,1,1,1,1
1808,0.0780962775973766,0.004767886059696185,TN,2024-03-04,1,1,1,1,1,1,1,0,1,1,0,1
1809,0.934866588482749,0.1841709696369415,TN,2024-03-05,1,1,1,0,1,1,0,1,1,0,1,1
1810,0.190028287342876,0.00447278985139634,TN,2024-03-06,1,1,1,1,1,1,1,0,1,1,1,0
1811,0.0674977824634611,0.004344618418676215,TN,2024-03-07,1,1,1,1,1,1,1,1,1,1,1,1
1812,0.0415626292666944,0.004228287237213865,TN,2024-03-08,1,1,1,1,1,1,1,0,1,1,1,0
1813,NA,NA,TN,2024-03-09,NA,NA,NA,NA,NA,NA,NA,NA,NA,NA,NA,NA
1814,0.0171291789357323,0.004028395362735265,TN,2024-03-10,1,1,1,1,1,1,1,0,1,1,0,1
1815,0.037968411380761,0.00394364089737355,TN,2024-03-11,1,1,1,1,1,1,1,0,0,1,1,1
1816,0.00491702255673614,0.00386832961279439,TN,2024-03-12,1,1,1,1,1,1,1,1,1,1,1,1
1817,NA,NA,TN,2024-03-13,NA,NA,NA,NA,NA,NA,NA,NA,NA,NA,NA,NA
1818,0.113969109894576,0.00374435058340515,TN,2024-03-14,1,1,1,1,1,1,1,1,1,1,1,1
1819,0.116558847513557,0.003694981420304325,TN,2024-03-15,1,1,1,1,1,1,1,0,0,1,1,0
1820,0.827149126503717,0.152944399331102,TN,2024-03-16,1,1,1,1,1,0,1,1,1,0,1,0
1821,1.27861008273375,0.90039027325287,TN,2024-03-17,1,0,1,1,1,0,1,0,1,1,1,0
1822,0.0537493814376843,0.00359425337928542,TN,2024-03-18,1,1,1,1,1,1,1,1,1,1,1,1
1823,0.0343976596709197,0.003575899760758965,TN,2024-03-19,1,1,1,1,1,1,1,1,1,1,1,1
1824,NA,NA,TN,2024-03-20,NA,NA,NA,NA,NA,NA,NA,NA,NA,NA,NA,NA
1825,0.00421796265352468,0.003561503126840035,TN,2024-03-21,1,1,1,1,1,1,1,1,1,1,1,1
1826,NA,NA,TN,2024-03-22,NA,NA,NA,NA,NA,NA,NA,NA,NA,NA,NA,NA
1827,0.00448696021422933,0.003576908336841245,TN,2024-03-23,1,1,1,1,1,1,1,1,1,1,1,1
1828,0.00428334174659353,0.00359598940541586,TN,2024-03-24,1,1,1,1,1,1,1,1,1,1,1,1
1829,0.00443910322731497,0.003622865241026895,TN,2024-03-25,1,1,1,1,1,1,1,1,1,1,1,1
1830,0.0609023164569338,0.003657759290825985,TN,2024-03-26,1,1,1,1,1,1,1,1,1,1,1,1
1831,0.017963816741069,0.00370095154525544,TN,2024-03-27,1,1,1,1,1,1,1,1,1,1,1,1
1832,NA,NA,TN,2024-03-28,NA,NA,NA,NA,NA,NA,NA,NA,NA,NA,NA,NA
1833,0.0202348751390603,0.003813654426527845,TN,2024-03-29,1,1,1,1,1,1,1,0,1,1,1,0
1834,NA,NA,TN,2024-03-30,NA,NA,NA,NA,NA,NA,NA,NA,NA,NA,NA,NA
1835,1.272496041517,0.904696292779515,TN,2024-03-31,1,0,0,1,1,1,1,0,0,1,1,1
1836,0.00674987161207176,0.004055628988385605,TN,2024-04-01,1,1,1,1,1,1,1,1,1,1,1,1
1837,NA,NA,TN,2024-04-02,NA,NA,NA,NA,NA,NA,NA,NA,NA,NA,NA,NA
1838,0.00769883719387777,0.00427293179670938,TN,2024-04-03,1,1,1,1,1,1,1,1,1,1,1,1
1839,NA,NA,TN,2024-04-04,NA,NA,NA,NA,NA,NA,NA,NA,NA,NA,NA,NA
1840,0.0546811996079528,0.00454288663355284,TN,2024-04-05,1,1,1,1,1,1,1,1,1,1,1,1
1841,NA,NA,TN,2024-04-06,NA,NA,NA,NA,NA,NA,NA,NA,NA,NA,NA,NA
1842,NA,NA,TN,2024-04-07,NA,NA,NA,NA,NA,NA,NA,NA,NA,NA,NA,NA
1843,NA,NA,TN,2024-04-08,NA,NA,NA,NA,NA,NA,NA,NA,NA,NA,NA,NA
1844,1.25725371843833,0.91196832909512,TN,2024-04-09,1,0,1,1,0,1,1,0,1,1,0,1
1845,1.05955065730353,0.307067526093407,TN,2024-04-10,1,1,1,1,0,1,1,0,1,1,0,1
1846,0.0796455900589579,0.0057687169118741,TN,2024-04-11,1,1,1,1,1,1,1,1,1,1,1,1
1847,0.0143075137244899,0.00605163654345765,TN,2024-04-12,1,1,1,1,1,1,1,1,1,1,1,1
1848,0.0497221209549341,0.00636300501560215,TN,2024-04-13,1,1,1,1,1,1,1,1,1,1,1,1
1849,NA,NA,TX,2024-03-03,NA,NA,NA,NA,NA,NA,NA,NA,NA,NA,NA,NA
1850,0.0400362287898409,0.00254747450242691,TX,2024-03-04,1,1,1,1,1,1,1,1,1,1,1,1
1851,0.036502947906552403,0.00249219166506038,TX,2024-03-05,1,1,1,1,1,1,1,1,1,1,1,1
1852,0.0368457530713531,0.00244213845037488,TX,2024-03-06,1,1,1,1,1,1,1,0,0,1,1,0
1853,1.17095557094446,0.4625551717047305,TX,2024-03-07,1,0,1,1,1,0,1,0,1,1,1,0
1854,0.0371681991730149,0.00235648723029779,TX,2024-03-08,1,1,1,1,1,1,1,1,1,1,1,1
1855,0.00484362487490826,0.00232034840971489,TX,2024-03-09,1,1,1,1,1,1,1,1,1,1,1,1
1856,0.00433467770019129,0.00228835277370983,TX,2024-03-10,1,1,1,1,1,1,1,1,1,1,1,1
1857,0.0164024942106869,0.00226029551185114,TX,2024-03-11,1,1,1,1,1,1,1,1,1,1,1,1
1858,0.00416246891551329,0.002235994491585365,TX,2024-03-12,1,1,1,1,1,1,1,1,1,1,1,1
1859,NA,NA,TX,2024-03-13,NA,NA,NA,NA,NA,NA,NA,NA,NA,NA,NA,NA
1860,0.00415215929863959,0.00219803607676108,TX,2024-03-14,1,1,1,1,1,1,1,1,1,1,1,1
1861,1.17094412984909,0.3171984611940045,TX,2024-03-15,1,0,1,1,0,1,1,0,1,1,0,1
1862,NA,NA,TX,2024-03-16,NA,NA,NA,NA,NA,NA,NA,NA,NA,NA,NA,NA
1863,NA,NA,TX,2024-03-17,NA,NA,NA,NA,NA,NA,NA,NA,NA,NA,NA,NA
1864,0.0177560427772997,0.002161334751527525,TX,2024-03-18,1,1,1,1,1,1,1,1,1,1,1,1
1865,NA,NA,TX,2024-03-19,NA,NA,NA,NA,NA,NA,NA,NA,NA,NA,NA,NA
1866,0.0183060814959446,0.002161241925148325,TX,2024-03-20,1,1,1,1,1,1,1,1,1,1,1,1
1867,0.035430924893563,0.0021655741038835,TX,2024-03-21,1,1,1,1,1,1,1,1,1,1,1,1
1868,0.0170368347863992,0.00217278742184701,TX,2024-03-22,1,1,1,1,1,1,1,1,1,1,1,1
1869,NA,NA,TX,2024-03-23,NA,NA,NA,NA,NA,NA,NA,NA,NA,NA,NA,NA
1870,NA,NA,TX,2024-03-24,NA,NA,NA,NA,NA,NA,NA,NA,NA,NA,NA,NA
1871,1.24117622602845,0.475224695936685,TX,2024-03-25,1,0,1,1,0,1,1,0,1,1,0,1
1872,NA,NA,TX,2024-03-26,NA,NA,NA,NA,NA,NA,NA,NA,NA,NA,NA,NA
1873,0.0175764876629446,0.002251930938660365,TX,2024-03-27,1,1,1,1,1,1,1,1,1,1,1,1
1874,NA,NA,TX,2024-03-28,NA,NA,NA,NA,NA,NA,NA,NA,NA,NA,NA,NA
1875,0.0180138398768175,0.00230403884735292,TX,2024-03-29,1,1,1,1,1,1,1,1,1,1,1,1
1876,NA,NA,TX,2024-03-30,NA,NA,NA,NA,NA,NA,NA,NA,NA,NA,NA,NA
1877,NA,NA,TX,2024-03-31,NA,NA,NA,NA,NA,NA,NA,NA,NA,NA,NA,NA
1878,0.0058428516066302404,0.002405243040155365,TX,2024-04-01,1,1,1,1,1,1,1,0,0,1,1,1
1879,0.00615505339190194,0.0024454110930644,TX,2024-04-02,1,1,1,1,1,1,1,1,1,1,1,1
1880,0.139403727319883,0.00248894680176725,TX,2024-04-03,1,1,1,1,1,1,1,1,1,1,1,1
1881,0.00576768615647516,0.002535958055747985,TX,2024-04-04,1,1,1,1,1,1,1,1,1,1,1,1
1882,0.0477846458405574,0.002586565548396735,TX,2024-04-05,1,1,1,1,1,1,1,1,1,1,1,1
1883,NA,NA,TX,2024-04-06,NA,NA,NA,NA,NA,NA,NA,NA,NA,NA,NA,NA
1884,NA,NA,TX,2024-04-07,NA,NA,NA,NA,NA,NA,NA,NA,NA,NA,NA,NA
1885,0.00820171739598073,0.002761392026292685,TX,2024-04-08,1,1,1,1,1,1,1,1,1,1,1,1
1886,0.0535799895628253,0.00282789626318254,TX,2024-04-09,1,1,1,1,1,1,1,1,1,1,1,1
1887,NA,NA,TX,2024-04-10,NA,NA,NA,NA,NA,NA,NA,NA,NA,NA,NA,NA
1888,NA,NA,TX,2024-04-11,NA,NA,NA,NA,NA,NA,NA,NA,NA,NA,NA,NA
1889,NA,NA,TX,2024-04-12,NA,NA,NA,NA,NA,NA,NA,NA,NA,NA,NA,NA
1890,NA,NA,TX,2024-04-13,NA,NA,NA,NA,NA,NA,NA,NA,NA,NA,NA,NA
1891,NA,NA,UT,2024-03-03,NA,NA,NA,NA,NA,NA,NA,NA,NA,NA,NA,NA
1892,NA,NA,UT,2024-03-04,NA,NA,NA,NA,NA,NA,NA,NA,NA,NA,NA,NA
1893,NA,NA,UT,2024-03-05,NA,NA,NA,NA,NA,NA,NA,NA,NA,NA,NA,NA
1894,NA,NA,UT,2024-03-06,NA,NA,NA,NA,NA,NA,NA,NA,NA,NA,NA,NA
1895,NA,NA,UT,2024-03-07,NA,NA,NA,NA,NA,NA,NA,NA,NA,NA,NA,NA
1896,0.00644499545734149,0.0063490765852213,UT,2024-03-08,1,1,1,1,1,1,1,1,1,1,1,1
1897,NA,NA,UT,2024-03-09,NA,NA,NA,NA,NA,NA,NA,NA,NA,NA,NA,NA
1898,0.0233145797062801,0.0058907993560171,UT,2024-03-10,1,1,1,1,1,1,1,1,1,1,1,1
1899,NA,NA,UT,2024-03-11,NA,NA,NA,NA,NA,NA,NA,NA,NA,NA,NA,NA
1900,NA,NA,UT,2024-03-12,NA,NA,NA,NA,NA,NA,NA,NA,NA,NA,NA,NA
1901,0.00650853607184453,0.00530388524309695,UT,2024-03-13,1,1,1,1,1,1,1,1,1,1,1,1
1902,0.00661836389631695,0.0051331850716521,UT,2024-03-14,1,1,1,1,1,1,1,1,1,1,1,1
1903,0.0464311358544926,0.0049743151342011346,UT,2024-03-15,1,1,1,1,1,1,1,1,1,1,1,1
1904,NA,NA,UT,2024-03-16,NA,NA,NA,NA,NA,NA,NA,NA,NA,NA,NA,NA
1905,NA,NA,UT,2024-03-17,NA,NA,NA,NA,NA,NA,NA,NA,NA,NA,NA,NA
1906,NA,NA,UT,2024-03-18,NA,NA,NA,NA,NA,NA,NA,NA,NA,NA,NA,NA
1907,NA,NA,UT,2024-03-19,NA,NA,NA,NA,NA,NA,NA,NA,NA,NA,NA,NA
1908,NA,NA,UT,2024-03-20,NA,NA,NA,NA,NA,NA,NA,NA,NA,NA,NA,NA
1909,NA,NA,UT,2024-03-21,NA,NA,NA,NA,NA,NA,NA,NA,NA,NA,NA,NA
1910,NA,NA,UT,2024-03-22,NA,NA,NA,NA,NA,NA,NA,NA,NA,NA,NA,NA
1911,NA,NA,UT,2024-03-23,NA,NA,NA,NA,NA,NA,NA,NA,NA,NA,NA,NA
1912,NA,NA,UT,2024-03-24,NA,NA,NA,NA,NA,NA,NA,NA,NA,NA,NA,NA
1913,0.022336500444274,0.003985415053397615,UT,2024-03-25,1,1,1,1,1,1,1,1,1,1,1,1
1914,NA,NA,UT,2024-03-26,NA,NA,NA,NA,NA,NA,NA,NA,NA,NA,NA,NA
1915,NA,NA,UT,2024-03-27,NA,NA,NA,NA,NA,NA,NA,NA,NA,NA,NA,NA
1916,NA,NA,UT,2024-03-28,NA,NA,NA,NA,NA,NA,NA,NA,NA,NA,NA,NA
1917,0.883836992568759,0.096495229725142,UT,2024-03-29,1,1,1,1,0,1,1,0,1,1,0,1
1918,NA,NA,UT,2024-03-30,NA,NA,NA,NA,NA,NA,NA,NA,NA,NA,NA,NA
1919,NA,NA,UT,2024-03-31,NA,NA,NA,NA,NA,NA,NA,NA,NA,NA,NA,NA
1920,0.0276248523105689,0.00393195802865291,UT,2024-04-01,1,1,1,1,1,1,1,1,1,1,1,1
1921,NA,NA,UT,2024-04-02,NA,NA,NA,NA,NA,NA,NA,NA,NA,NA,NA,NA
1922,NA,NA,UT,2024-04-03,NA,NA,NA,NA,NA,NA,NA,NA,NA,NA,NA,NA
1923,NA,NA,UT,2024-04-04,NA,NA,NA,NA,NA,NA,NA,NA,NA,NA,NA,NA
1924,0.0111056776589385,0.004183343592733855,UT,2024-04-05,1,1,1,1,1,1,1,1,1,1,1,1
1925,NA,NA,UT,2024-04-06,NA,NA,NA,NA,NA,NA,NA,NA,NA,NA,NA,NA
1926,0.137069806156105,0.00440797699686317,UT,2024-04-07,1,1,1,1,1,1,1,1,1,1,1,1
1927,NA,NA,UT,2024-04-08,NA,NA,NA,NA,NA,NA,NA,NA,NA,NA,NA,NA
1928,NA,NA,UT,2024-04-09,NA,NA,NA,NA,NA,NA,NA,NA,NA,NA,NA,NA
1929,1.02588124339013,0.4360309365150745,UT,2024-04-10,1,0,1,1,1,0,1,0,1,1,1,0
1930,NA,NA,UT,2024-04-11,NA,NA,NA,NA,NA,NA,NA,NA,NA,NA,NA,NA
1931,0.196548801190397,0.0053653258566252,UT,2024-04-12,1,1,1,1,1,1,1,1,1,1,1,1
1932,NA,NA,UT,2024-04-13,NA,NA,NA,NA,NA,NA,NA,NA,NA,NA,NA,NA
1933,NA,NA,VA,2024-03-03,NA,NA,NA,NA,NA,NA,NA,NA,NA,NA,NA,NA
1934,0.112260482696289,0.00335921469840147,VA,2024-03-04,1,1,1,1,1,1,1,1,1,1,1,1
1935,0.641581065557342,0.130135408259202,VA,2024-03-05,1,1,1,1,1,1,1,0,1,1,1,0
1936,0.887693178422742,0.1194807613819345,VA,2024-03-06,1,1,0,1,1,1,0,0,0,1,1,0
1937,0.041901291672536,0.00301997424614724,VA,2024-03-07,1,1,1,1,1,1,1,0,1,1,1,0
1938,1.62261423956571,0.307565913687273,VA,2024-03-08,1,0,1,1,0,0,1,0,1,1,0,0
1939,0.020498893397781,0.0028408043253915,VA,2024-03-09,1,1,1,1,1,1,1,1,1,1,1,1
1940,NA,NA,VA,2024-03-10,NA,NA,NA,NA,NA,NA,NA,NA,NA,NA,NA,NA
1941,0.0447861751083424,0.002694547420878545,VA,2024-03-11,1,1,1,1,1,1,1,1,1,1,1,1
1942,0.00630935823171955,0.00263280447212399,VA,2024-03-12,1,1,1,1,1,1,1,1,1,1,1,1
1943,0.00606088091019751,0.002578251632722165,VA,2024-03-13,1,1,1,1,1,1,1,0,1,1,1,0
1944,0.118434656472309,0.00253065527718795,VA,2024-03-14,1,1,1,1,1,1,1,1,1,1,1,1
1945,0.923011246356918,0.1586403945141065,VA,2024-03-15,1,1,0,1,1,1,1,0,0,1,1,1
1946,0.00675373241603255,0.002455661790234745,VA,2024-03-16,1,1,1,1,1,1,1,1,1,1,1,1
1947,1.18263581374714,0.471122352823325,VA,2024-03-17,1,0,0,1,1,1,1,0,0,1,1,1
1948,0.093450319014477,0.002407024534930225,VA,2024-03-18,1,1,1,1,1,1,1,0,1,1,1,0
1949,0.00797632003650951,0.002392587286670105,VA,2024-03-19,1,1,1,1,1,1,1,1,1,1,1,1
1950,3.19916493973377,0.3539470052222995,VA,2024-03-20,1,0,0,1,1,1,1,0,0,1,0,0
1951,0.910531968489952,0.2364357809000835,VA,2024-03-21,1,1,1,1,0,1,1,0,1,1,0,1
1952,0.0638471140158409,0.00239032901718715,VA,2024-03-22,1,1,1,1,1,1,1,0,1,1,1,0
1953,NA,NA,VA,2024-03-23,NA,NA,NA,NA,NA,NA,NA,NA,NA,NA,NA,NA
1954,0.011179372325725,0.002425854677663605,VA,2024-03-24,1,1,1,1,1,1,1,1,1,1,1,1
1955,NA,NA,VA,2024-03-25,NA,NA,NA,NA,NA,NA,NA,NA,NA,NA,NA,NA
1956,1.13591905907744,0.468418797918612,VA,2024-03-26,0,0,1,1,1,1,0,0,1,1,1,1
1957,0.0127730071587066,0.002544914063794235,VA,2024-03-27,1,1,1,1,1,1,1,1,1,1,1,1
1958,0.0506735757903016,0.0026054126600766,VA,2024-03-28,1,1,1,1,1,1,1,0,1,1,1,0
1959,0.109987225744038,0.002678227938160035,VA,2024-03-29,1,1,1,1,1,1,1,1,1,1,1,1
1960,0.0179625910954265,0.002764876523881895,VA,2024-03-30,1,1,1,1,1,1,1,1,1,1,1,1
1961,NA,NA,VA,2024-03-31,NA,NA,NA,NA,NA,NA,NA,NA,NA,NA,NA,NA
1962,0.0734618303951062,0.002987395514319015,VA,2024-04-01,1,1,1,1,1,1,1,1,1,1,1,1
1963,0.811419074917894,0.157546588045055,VA,2024-04-02,1,1,0,1,1,1,1,1,0,1,1,0
1964,0.0898991306161114,0.003292774866571095,VA,2024-04-03,1,1,1,1,1,1,1,1,1,1,1,1
1965,0.394505155713811,0.00348515942761086,VA,2024-04-04,1,1,1,1,1,1,1,0,1,1,0,1
1966,0.117528006643974,0.00371012947518072,VA,2024-04-05,1,1,1,1,1,1,1,1,1,1,1,1
1967,NA,NA,VA,2024-04-06,NA,NA,NA,NA,NA,NA,NA,NA,NA,NA,NA,NA
1968,NA,NA,VA,2024-04-07,NA,NA,NA,NA,NA,NA,NA,NA,NA,NA,NA,NA
1969,NA,NA,VA,2024-04-08,NA,NA,NA,NA,NA,NA,NA,NA,NA,NA,NA,NA
1970,0.312238629364112,0.0050738795108531,VA,2024-04-09,1,1,1,1,1,1,1,0,1,1,1,0
1971,0.183889067322939,0.0055798536956476,VA,2024-04-10,1,1,1,1,1,1,1,0,1,1,0,1
1972,0.892533046952207,0.89591040352825,VA,2024-04-11,1,1,1,1,0,1,0,1,1,1,0,1
1973,0.631071663769816,0.4487896224275585,VA,2024-04-12,1,1,1,1,1,1,1,1,1,1,1,1
1974,NA,NA,VA,2024-04-13,NA,NA,NA,NA,NA,NA,NA,NA,NA,NA,NA,NA
1975,0.0273035869484401,0.001732077206816705,VT,2024-03-03,1,1,1,1,1,1,1,1,1,1,1,1
1976,0.00331691063223064,0.00158980852718359,VT,2024-03-04,1,1,1,1,1,1,1,1,1,1,1,1
1977,0.0670844605193513,0.001458839127582895,VT,2024-03-05,1,1,1,1,1,1,1,0,1,1,1,0
1978,0.0412229125653678,0.00133831066326409,VT,2024-03-06,1,1,1,1,1,1,1,1,1,1,1,1
1979,0.00271152823504257,0.001227427627237995,VT,2024-03-07,1,1,1,1,1,1,1,1,1,1,1,1
1980,0.00305376791584132,0.001125452839629435,VT,2024-03-08,1,1,1,1,1,1,1,1,1,1,1,1
1981,0.0651921048057751,0.001031703237867785,VT,2024-03-09,1,1,1,1,1,1,1,1,1,1,1,1
1982,0.0082296776359783,9.4554595607918e-4,VT,2024-03-10,1,1,1,1,1,1,1,1,1,1,1,1
1983,0.00809740741039358,8.6639468094707e-4,VT,2024-03-11,1,1,1,1,1,1,1,1,1,1,1,1
1984,0.0149283471233043,7.93706270386945e-4,VT,2024-03-12,1,1,1,1,1,1,1,0,1,1,1,0
1985,0.00650074495007204,7.2697762065925e-4,VT,2024-03-13,1,1,1,1,1,1,1,1,1,1,1,1
1986,0.0145725486421787,6.6574276703875e-4,VT,2024-03-14,1,1,1,1,1,1,1,1,1,1,1,1
1987,NA,NA,VT,2024-03-15,NA,NA,NA,NA,NA,NA,NA,NA,NA,NA,NA,NA
1988,NA,NA,VT,2024-03-16,NA,NA,NA,NA,NA,NA,NA,NA,NA,NA,NA,NA
1989,0.00140857085342388,5.1084352821613e-4,VT,2024-03-17,1,1,1,1,1,1,1,1,1,1,1,1
1990,NA,NA,VT,2024-03-18,NA,NA,NA,NA,NA,NA,NA,NA,NA,NA,NA,NA
1991,0.00882768977016088,4.27945135603715e-4,VT,2024-03-19,1,1,1,1,1,1,1,1,1,1,1,1
1992,NA,NA,VT,2024-03-20,NA,NA,NA,NA,NA,NA,NA,NA,NA,NA,NA,NA
1993,0.00330234869964539,3.58433610110865e-4,VT,2024-03-21,1,1,1,1,1,1,1,0,1,1,1,0
1994,0.0114596458925922,3.28033422766875e-4,VT,2024-03-22,1,1,1,1,1,1,1,1,1,1,1,1
1995,8.5948829458282e-4,3.00222561276295e-4,VT,2024-03-23,1,1,1,1,1,1,1,1,1,1,1,1
1996,0.00645250481886395,2.74787794598415e-4,VT,2024-03-24,1,1,1,1,1,1,1,1,1,1,1,1
1997,0.00283210274706598,2.51532419653465e-4,VT,2024-03-25,1,1,1,1,1,1,1,1,1,1,1,1
1998,NA,NA,VT,2024-03-26,NA,NA,NA,NA,NA,NA,NA,NA,NA,NA,NA,NA
1999,4.7705666223258e-4,2.10848738316825e-4,VT,2024-03-27,1,1,1,1,1,1,1,1,1,1,1,1
2000,3.9729501706279e-4,1.9309952897417e-4,VT,2024-03-28,1,1,1,1,1,1,1,1,1,1,1,1
2001,5.1119577774038e-4,1.7688593136227e-4,VT,2024-03-29,1,1,1,1,1,1,1,1,1,1,1,1
2002,5.2069929287855e-4,1.62077813275725e-4,VT,2024-03-30,1,1,1,1,1,1,1,1,1,1,1,1
2003,1.37962933740224,0.986490537065645,VT,2024-03-31,1,0,1,1,0,1,1,0,1,1,0,1
2004,NA,NA,VT,2024-04-01,NA,NA,NA,NA,NA,NA,NA,NA,NA,NA,NA,NA
2005,4.7746678420898e-4,1.2493885094237e-4,VT,2024-04-02,1,1,1,1,1,1,1,1,1,1,1,1
2006,5.8805828510754e-4,1.1465120049486e-4,VT,2024-04-03,1,1,1,1,1,1,1,1,1,1,1,1
2007,4.6905221348482e-4,1.0526194062762e-4,VT,2024-04-04,1,1,1,1,1,1,1,1,1,1,1,1
2008,0.0015288203039228,9.6693561671575e-5,VT,2024-04-05,1,1,1,1,1,1,1,1,1,1,1,1
2009,0.00149541650881275,8.887512680464e-5,VT,2024-04-06,1,1,1,1,1,1,1,1,1,1,1,1
2010,NA,NA,VT,2024-04-07,NA,NA,NA,NA,NA,NA,NA,NA,NA,NA,NA,NA
2011,4.1955473864787e-4,7.523413110074e-5,VT,2024-04-08,1,1,1,1,1,1,1,1,1,1,1,1
2012,5.1231300654121e-4,6.929807327678e-5,VT,2024-04-09,1,1,1,1,1,1,1,1,1,1,1,1
2013,NA,NA,VT,2024-04-10,NA,NA,NA,NA,NA,NA,NA,NA,NA,NA,NA,NA
2014,0.00148804163116519,5.8947065908e-5,VT,2024-04-11,1,1,1,1,1,1,1,1,1,1,1,1
2015,NA,NA,VT,2024-04-12,NA,NA,NA,NA,NA,NA,NA,NA,NA,NA,NA,NA
2016,NA,NA,VT,2024-04-13,NA,NA,NA,NA,NA,NA,NA,NA,NA,NA,NA,NA
2017,0.00128393621186685,0.00121492752029699,WA,2024-03-03,1,1,1,1,1,1,1,1,1,1,1,1
2018,0.0511021022340649,0.001136044576122505,WA,2024-03-04,1,1,1,1,1,1,1,1,1,1,1,1
2019,0.0758075095437482,0.00106380599352501,WA,2024-03-05,1,1,1,1,1,1,1,1,1,1,1,1
2020,0.00417697570795759,9.97657827403215e-4,WA,2024-03-06,1,1,1,1,1,1,1,1,1,1,1,1
2021,0.0323384577078356,9.37098685343095e-4,WA,2024-03-07,1,1,1,1,1,1,1,1,1,1,1,1
2022,1.25662941749015,0.2417088569131455,WA,2024-03-08,1,0,1,0,1,1,1,0,1,0,1,1
2023,NA,NA,WA,2024-03-09,NA,NA,NA,NA,NA,NA,NA,NA,NA,NA,NA,NA
2024,0.00329277439692502,7.84635784250115e-4,WA,2024-03-10,1,1,1,1,1,1,1,1,1,1,1,1
2025,0.00312448049906111,7.42317670182075e-4,WA,2024-03-11,1,1,1,1,1,1,1,1,1,1,1,1
2026,0.00280509554808979,7.03724185667905e-4,WA,2024-03-12,1,1,1,1,1,1,1,0,1,1,1,0
2027,0.00299131779702769,6.6858805193627e-4,WA,2024-03-13,1,1,1,1,1,1,1,1,1,1,1,1
2028,4.6043965268854e-4,6.366714194127e-4,WA,2024-03-14,1,1,1,1,1,1,1,1,1,1,1,1
2029,0.00211047866675192,6.077641404775e-4,WA,2024-03-15,1,1,1,1,1,1,1,1,1,1,1,1
2030,NA,NA,WA,2024-03-16,NA,NA,NA,NA,NA,NA,NA,NA,NA,NA,NA,NA
2031,NA,NA,WA,2024-03-17,NA,NA,NA,NA,NA,NA,NA,NA,NA,NA,NA,NA
2032,5.3761328696721e-4,5.3738657036269e-4,WA,2024-03-18,1,1,1,1,1,1,1,1,1,1,1,1
2033,0.00178478285070222,5.1892973888617e-4,WA,2024-03-19,1,1,1,1,1,1,1,1,1,1,1,1
2034,NA,NA,WA,2024-03-20,NA,NA,NA,NA,NA,NA,NA,NA,NA,NA,NA,NA
2035,NA,NA,WA,2024-03-21,NA,NA,NA,NA,NA,NA,NA,NA,NA,NA,NA,NA
2036,0.00495252761626892,4.7739535083001e-4,WA,2024-03-22,1,1,1,1,1,1,1,1,1,1,1,1
2037,3.5178562429791e-4,4.68062079050165e-4,WA,2024-03-23,1,1,1,1,1,1,1,1,1,1,1,1
2038,4.4147504879016e-4,4.61010740781725e-4,WA,2024-03-24,1,1,1,1,1,1,1,1,1,1,1,1
2039,3.3101082708323e-4,4.56310697317465e-4,WA,2024-03-25,1,1,1,1,1,1,1,1,1,1,1,1
2040,0.00102941265419831,4.5407475344219e-4,WA,2024-03-26,1,1,1,1,1,1,1,1,1,1,1,1
2041,0.0012366186506842,4.54466998721245e-4,WA,2024-03-27,1,1,1,1,1,1,1,1,1,1,1,1
2042,NA,NA,WA,2024-03-28,NA,NA,NA,NA,NA,NA,NA,NA,NA,NA,NA,NA
2043,0.00366837126076895,4.64113327006335e-4,WA,2024-03-29,1,1,1,1,1,1,1,1,1,1,1,1
2044,NA,NA,WA,2024-03-30,NA,NA,NA,NA,NA,NA,NA,NA,NA,NA,NA,NA
2045,NA,NA,WA,2024-03-31,NA,NA,NA,NA,NA,NA,NA,NA,NA,NA,NA,NA
2046,NA,NA,WA,2024-04-01,NA,NA,NA,NA,NA,NA,NA,NA,NA,NA,NA,NA
2047,0.00023065823228843001,5.3100519671232e-4,WA,2024-04-02,1,1,1,1,1,1,1,1,1,1,1,1
2048,8.7567307022121e-4,5.6183950464987e-4,WA,2024-04-03,1,1,1,1,1,1,1,1,1,1,1,1
2049,1.38118525516246,0.956977122738035,WA,2024-04-04,1,0,1,1,1,0,1,0,1,1,1,0
2050,8.5378268804969e-4,6.4906942937274e-4,WA,2024-04-05,1,1,1,1,1,1,1,1,1,1,1,1
2051,2.3447660893535e-4,7.09385600139395e-4,WA,2024-04-06,1,1,1,1,1,1,1,1,1,1,1,1
2052,NA,NA,WA,2024-04-07,NA,NA,NA,NA,NA,NA,NA,NA,NA,NA,NA,NA
2053,1.9137137937077e-4,8.77605854294075e-4,WA,2024-04-08,1,1,1,1,1,1,1,1,1,1,1,1
2054,NA,NA,WA,2024-04-09,NA,NA,NA,NA,NA,NA,NA,NA,NA,NA,NA,NA
2055,0.00150328475148151,0.00113828788809457,WA,2024-04-10,1,1,1,1,1,1,1,1,1,1,1,1
2056,1.39235553412198,0.9562220535431,WA,2024-04-11,1,0,1,1,0,1,1,0,1,1,0,1
2057,1.5334317648014e-4,0.001544720376639065,WA,2024-04-12,1,1,1,1,1,1,1,1,1,1,1,1
2058,2.6428823097163e-4,0.001827410856626245,WA,2024-04-13,1,1,1,1,1,1,1,1,1,1,1,1
2059,NA,NA,WI,2024-03-03,NA,NA,NA,NA,NA,NA,NA,NA,NA,NA,NA,NA
2060,NA,NA,WI,2024-03-04,NA,NA,NA,NA,NA,NA,NA,NA,NA,NA,NA,NA
2061,NA,NA,WI,2024-03-05,NA,NA,NA,NA,NA,NA,NA,NA,NA,NA,NA,NA
2062,NA,NA,WI,2024-03-06,NA,NA,NA,NA,NA,NA,NA,NA,NA,NA,NA,NA
2063,NA,NA,WI,2024-03-07,NA,NA,NA,NA,NA,NA,NA,NA,NA,NA,NA,NA
2064,NA,NA,WI,2024-03-08,NA,NA,NA,NA,NA,NA,NA,NA,NA,NA,NA,NA
2065,NA,NA,WI,2024-03-09,NA,NA,NA,NA,NA,NA,NA,NA,NA,NA,NA,NA
2066,NA,NA,WI,2024-03-10,NA,NA,NA,NA,NA,NA,NA,NA,NA,NA,NA,NA
2067,NA,NA,WI,2024-03-11,NA,NA,NA,NA,NA,NA,NA,NA,NA,NA,NA,NA
2068,NA,NA,WI,2024-03-12,NA,NA,NA,NA,NA,NA,NA,NA,NA,NA,NA,NA
2069,0.787905624357073,0.531679188923475,WI,2024-03-13,1,1,0,1,1,1,1,1,1,1,1,1
2070,NA,NA,WI,2024-03-14,NA,NA,NA,NA,NA,NA,NA,NA,NA,NA,NA,NA
2071,NA,NA,WI,2024-03-15,NA,NA,NA,NA,NA,NA,NA,NA,NA,NA,NA,NA
2072,NA,NA,WI,2024-03-16,NA,NA,NA,NA,NA,NA,NA,NA,NA,NA,NA,NA
2073,NA,NA,WI,2024-03-17,NA,NA,NA,NA,NA,NA,NA,NA,NA,NA,NA,NA
2074,NA,NA,WI,2024-03-18,NA,NA,NA,NA,NA,NA,NA,NA,NA,NA,NA,NA
2075,NA,NA,WI,2024-03-19,NA,NA,NA,NA,NA,NA,NA,NA,NA,NA,NA,NA
2076,NA,NA,WI,2024-03-20,NA,NA,NA,NA,NA,NA,NA,NA,NA,NA,NA,NA
2077,NA,NA,WI,2024-03-21,NA,NA,NA,NA,NA,NA,NA,NA,NA,NA,NA,NA
2078,NA,NA,WI,2024-03-22,NA,NA,NA,NA,NA,NA,NA,NA,NA,NA,NA,NA
2079,NA,NA,WI,2024-03-23,NA,NA,NA,NA,NA,NA,NA,NA,NA,NA,NA,NA
2080,NA,NA,WI,2024-03-24,NA,NA,NA,NA,NA,NA,NA,NA,NA,NA,NA,NA
2081,NA,NA,WI,2024-03-25,NA,NA,NA,NA,NA,NA,NA,NA,NA,NA,NA,NA
2082,NA,NA,WI,2024-03-26,NA,NA,NA,NA,NA,NA,NA,NA,NA,NA,NA,NA
2083,NA,NA,WI,2024-03-27,NA,NA,NA,NA,NA,NA,NA,NA,NA,NA,NA,NA
2084,NA,NA,WI,2024-03-28,NA,NA,NA,NA,NA,NA,NA,NA,NA,NA,NA,NA
2085,NA,NA,WI,2024-03-29,NA,NA,NA,NA,NA,NA,NA,NA,NA,NA,NA,NA
2086,NA,NA,WI,2024-03-30,NA,NA,NA,NA,NA,NA,NA,NA,NA,NA,NA,NA
2087,NA,NA,WI,2024-03-31,NA,NA,NA,NA,NA,NA,NA,NA,NA,NA,NA,NA
2088,NA,NA,WI,2024-04-01,NA,NA,NA,NA,NA,NA,NA,NA,NA,NA,NA,NA
2089,0.936626967130987,0.682284131502865,WI,2024-04-02,1,1,1,1,0,1,1,1,0,1,0,1
2090,0.227237786675306,0.151372544229474,WI,2024-04-03,1,1,1,1,1,1,1,1,1,1,1,1
2091,NA,NA,WI,2024-04-04,NA,NA,NA,NA,NA,NA,NA,NA,NA,NA,NA,NA
2092,NA,NA,WI,2024-04-05,NA,NA,NA,NA,NA,NA,NA,NA,NA,NA,NA,NA
2093,NA,NA,WI,2024-04-06,NA,NA,NA,NA,NA,NA,NA,NA,NA,NA,NA,NA
2094,NA,NA,WI,2024-04-07,NA,NA,NA,NA,NA,NA,NA,NA,NA,NA,NA,NA
2095,NA,NA,WI,2024-04-08,NA,NA,NA,NA,NA,NA,NA,NA,NA,NA,NA,NA
2096,NA,NA,WI,2024-04-09,NA,NA,NA,NA,NA,NA,NA,NA,NA,NA,NA,NA
2097,NA,NA,WI,2024-04-10,NA,NA,NA,NA,NA,NA,NA,NA,NA,NA,NA,NA
2098,NA,NA,WI,2024-04-11,NA,NA,NA,NA,NA,NA,NA,NA,NA,NA,NA,NA
2099,NA,NA,WI,2024-04-12,NA,NA,NA,NA,NA,NA,NA,NA,NA,NA,NA,NA
2100,NA,NA,WI,2024-04-13,NA,NA,NA,NA,NA,NA,NA,NA,NA,NA,NA,NA
2101,NA,NA,WV,2024-03-03,NA,NA,NA,NA,NA,NA,NA,NA,NA,NA,NA,NA
2102,NA,NA,WV,2024-03-04,NA,NA,NA,NA,NA,NA,NA,NA,NA,NA,NA,NA
2103,NA,NA,WV,2024-03-05,NA,NA,NA,NA,NA,NA,NA,NA,NA,NA,NA,NA
2104,NA,NA,WV,2024-03-06,NA,NA,NA,NA,NA,NA,NA,NA,NA,NA,NA,NA
2105,NA,NA,WV,2024-03-07,NA,NA,NA,NA,NA,NA,NA,NA,NA,NA,NA,NA
2106,NA,NA,WV,2024-03-08,NA,NA,NA,NA,NA,NA,NA,NA,NA,NA,NA,NA
2107,NA,NA,WV,2024-03-09,NA,NA,NA,NA,NA,NA,NA,NA,NA,NA,NA,NA
2108,NA,NA,WV,2024-03-10,NA,NA,NA,NA,NA,NA,NA,NA,NA,NA,NA,NA
2109,NA,NA,WV,2024-03-11,NA,NA,NA,NA,NA,NA,NA,NA,NA,NA,NA,NA
2110,NA,NA,WV,2024-03-12,NA,NA,NA,NA,NA,NA,NA,NA,NA,NA,NA,NA
2111,1.22423497129962,0.89399274841126,WV,2024-03-13,1,0,0,1,1,1,1,0,0,1,1,1
2112,NA,NA,WV,2024-03-14,NA,NA,NA,NA,NA,NA,NA,NA,NA,NA,NA,NA
2113,NA,NA,WV,2024-03-15,NA,NA,NA,NA,NA,NA,NA,NA,NA,NA,NA,NA
2114,NA,NA,WV,2024-03-16,NA,NA,NA,NA,NA,NA,NA,NA,NA,NA,NA,NA
2115,NA,NA,WV,2024-03-17,NA,NA,NA,NA,NA,NA,NA,NA,NA,NA,NA,NA
2116,NA,NA,WV,2024-03-18,NA,NA,NA,NA,NA,NA,NA,NA,NA,NA,NA,NA
2117,NA,NA,WV,2024-03-19,NA,NA,NA,NA,NA,NA,NA,NA,NA,NA,NA,NA
2118,NA,NA,WV,2024-03-20,NA,NA,NA,NA,NA,NA,NA,NA,NA,NA,NA,NA
2119,NA,NA,WV,2024-03-21,NA,NA,NA,NA,NA,NA,NA,NA,NA,NA,NA,NA
2120,NA,NA,WV,2024-03-22,NA,NA,NA,NA,NA,NA,NA,NA,NA,NA,NA,NA
2121,NA,NA,WV,2024-03-23,NA,NA,NA,NA,NA,NA,NA,NA,NA,NA,NA,NA
2122,NA,NA,WV,2024-03-24,NA,NA,NA,NA,NA,NA,NA,NA,NA,NA,NA,NA
2123,NA,NA,WV,2024-03-25,NA,NA,NA,NA,NA,NA,NA,NA,NA,NA,NA,NA
2124,NA,NA,WV,2024-03-26,NA,NA,NA,NA,NA,NA,NA,NA,NA,NA,NA,NA
2125,0.0114635161147874,0.00648946607384235,WV,2024-03-27,1,1,1,1,1,1,1,1,1,1,1,1
2126,NA,NA,WV,2024-03-28,NA,NA,NA,NA,NA,NA,NA,NA,NA,NA,NA,NA
2127,NA,NA,WV,2024-03-29,NA,NA,NA,NA,NA,NA,NA,NA,NA,NA,NA,NA
2128,NA,NA,WV,2024-03-30,NA,NA,NA,NA,NA,NA,NA,NA,NA,NA,NA,NA
2129,NA,NA,WV,2024-03-31,NA,NA,NA,NA,NA,NA,NA,NA,NA,NA,NA,NA
2130,NA,NA,WV,2024-04-01,NA,NA,NA,NA,NA,NA,NA,NA,NA,NA,NA,NA
2131,NA,NA,WV,2024-04-02,NA,NA,NA,NA,NA,NA,NA,NA,NA,NA,NA,NA
2132,NA,NA,WV,2024-04-03,NA,NA,NA,NA,NA,NA,NA,NA,NA,NA,NA,NA
2133,0.0108106161397422,0.00626006163112605,WV,2024-04-04,1,1,1,1,1,1,1,1,1,1,1,1
2134,NA,NA,WV,2024-04-05,NA,NA,NA,NA,NA,NA,NA,NA,NA,NA,NA,NA
2135,NA,NA,WV,2024-04-06,NA,NA,NA,NA,NA,NA,NA,NA,NA,NA,NA,NA
2136,NA,NA,WV,2024-04-07,NA,NA,NA,NA,NA,NA,NA,NA,NA,NA,NA,NA
2137,0.010801296472033,0.0065365116000442,WV,2024-04-08,1,1,1,1,1,1,1,1,1,1,1,1
2138,NA,NA,WV,2024-04-09,NA,NA,NA,NA,NA,NA,NA,NA,NA,NA,NA,NA
2139,0.0120169261629894,0.00678851292588695,WV,2024-04-10,1,1,1,1,1,1,1,1,1,1,1,1
2140,0.0114094083020573,0.00694691523933535,WV,2024-04-11,1,1,1,1,1,1,1,1,1,1,1,1
2141,NA,NA,WV,2024-04-12,NA,NA,NA,NA,NA,NA,NA,NA,NA,NA,NA,NA
2142,NA,NA,WV,2024-04-13,NA,NA,NA,NA,NA,NA,NA,NA,NA,NA,NA,NA
2143,NA,NA,WY,2024-03-03,NA,NA,NA,NA,NA,NA,NA,NA,NA,NA,NA,NA
2144,NA,NA,WY,2024-03-04,NA,NA,NA,NA,NA,NA,NA,NA,NA,NA,NA,NA
2145,NA,NA,WY,2024-03-05,NA,NA,NA,NA,NA,NA,NA,NA,NA,NA,NA,NA
2146,NA,NA,WY,2024-03-06,NA,NA,NA,NA,NA,NA,NA,NA,NA,NA,NA,NA
2147,NA,NA,WY,2024-03-07,NA,NA,NA,NA,NA,NA,NA,NA,NA,NA,NA,NA
2148,NA,NA,WY,2024-03-08,NA,NA,NA,NA,NA,NA,NA,NA,NA,NA,NA,NA
2149,NA,NA,WY,2024-03-09,NA,NA,NA,NA,NA,NA,NA,NA,NA,NA,NA,NA
2150,NA,NA,WY,2024-03-10,NA,NA,NA,NA,NA,NA,NA,NA,NA,NA,NA,NA
2151,NA,NA,WY,2024-03-11,NA,NA,NA,NA,NA,NA,NA,NA,NA,NA,NA,NA
2152,NA,NA,WY,2024-03-12,NA,NA,NA,NA,NA,NA,NA,NA,NA,NA,NA,NA
2153,NA,NA,WY,2024-03-13,NA,NA,NA,NA,NA,NA,NA,NA,NA,NA,NA,NA
2154,NA,NA,WY,2024-03-14,NA,NA,NA,NA,NA,NA,NA,NA,NA,NA,NA,NA
2155,NA,NA,WY,2024-03-15,NA,NA,NA,NA,NA,NA,NA,NA,NA,NA,NA,NA
2156,NA,NA,WY,2024-03-16,NA,NA,NA,NA,NA,NA,NA,NA,NA,NA,NA,NA
2157,NA,NA,WY,2024-03-17,NA,NA,NA,NA,NA,NA,NA,NA,NA,NA,NA,NA
2158,NA,NA,WY,2024-03-18,NA,NA,NA,NA,NA,NA,NA,NA,NA,NA,NA,NA
2159,NA,NA,WY,2024-03-19,NA,NA,NA,NA,NA,NA,NA,NA,NA,NA,NA,NA
2160,NA,NA,WY,2024-03-20,NA,NA,NA,NA,NA,NA,NA,NA,NA,NA,NA,NA
2161,NA,NA,WY,2024-03-21,NA,NA,NA,NA,NA,NA,NA,NA,NA,NA,NA,NA
2162,NA,NA,WY,2024-03-22,NA,NA,NA,NA,NA,NA,NA,NA,NA,NA,NA,NA
2163,NA,NA,WY,2024-03-23,NA,NA,NA,NA,NA,NA,NA,NA,NA,NA,NA,NA
2164,NA,NA,WY,2024-03-24,NA,NA,NA,NA,NA,NA,NA,NA,NA,NA,NA,NA
2165,NA,NA,WY,2024-03-25,NA,NA,NA,NA,NA,NA,NA,NA,NA,NA,NA,NA
2166,NA,NA,WY,2024-03-26,NA,NA,NA,NA,NA,NA,NA,NA,NA,NA,NA,NA
2167,NA,NA,WY,2024-03-27,NA,NA,NA,NA,NA,NA,NA,NA,NA,NA,NA,NA
2168,NA,NA,WY,2024-03-28,NA,NA,NA,NA,NA,NA,NA,NA,NA,NA,NA,NA
2169,NA,NA,WY,2024-03-29,NA,NA,NA,NA,NA,NA,NA,NA,NA,NA,NA,NA
2170,NA,NA,WY,2024-03-30,NA,NA,NA,NA,NA,NA,NA,NA,NA,NA,NA,NA
2171,NA,NA,WY,2024-03-31,NA,NA,NA,NA,NA,NA,NA,NA,NA,NA,NA,NA
2172,NA,NA,WY,2024-04-01,NA,NA,NA,NA,NA,NA,NA,NA,NA,NA,NA,NA
2173,NA,NA,WY,2024-04-02,NA,NA,NA,NA,NA,NA,NA,NA,NA,NA,NA,NA
2174,NA,NA,WY,2024-04-03,NA,NA,NA,NA,NA,NA,NA,NA,NA,NA,NA,NA
2175,NA,NA,WY,2024-04-04,NA,NA,NA,NA,NA,NA,NA,NA,NA,NA,NA,NA
2176,NA,NA,WY,2024-04-05,NA,NA,NA,NA,NA,NA,NA,NA,NA,NA,NA,NA
2177,NA,NA,WY,2024-04-06,NA,NA,NA,NA,NA,NA,NA,NA,NA,NA,NA,NA
2178,NA,NA,WY,2024-04-07,NA,NA,NA,NA,NA,NA,NA,NA,NA,NA,NA,NA
2179,NA,NA,WY,2024-04-08,NA,NA,NA,NA,NA,NA,NA,NA,NA,NA,NA,NA
2180,NA,NA,WY,2024-04-09,NA,NA,NA,NA,NA,NA,NA,NA,NA,NA,NA,NA
2181,NA,NA,WY,2024-04-10,NA,NA,NA,NA,NA,NA,NA,NA,NA,NA,NA,NA
2182,NA,NA,WY,2024-04-11,NA,NA,NA,NA,NA,NA,NA,NA,NA,NA,NA,NA
2183,NA,NA,WY,2024-04-12,NA,NA,NA,NA,NA,NA,NA,NA,NA,NA,NA,NA
2184,NA,NA,WY,2024-04-13,NA,NA,NA,NA,NA,NA,NA,NA,NA,NA,NA,NA
