...1,es_score,brier_score,location,target_date,X22A_50_CI,X22B_50_CI,X22C_50_CI,other_50_CI,X21L_50_CI,X22A_95_CI,X22B_95_CI,X22C_95_CI,other_95_CI,X21L_95_CI
1,0.254567777876691,0.05995311026087,AK,2022-07-10,1,1,1,1,1,0,0,1,1,1
2,1.9059178820132,0.243167600630021,AK,2022-07-11,0,1,1,1,1,0,0,1,1,1
3,0.773306504976236,0.21884485874662,AK,2022-07-12,1,1,1,1,1,0,0,1,1,1
4,1.8043139199479,0.1184286166652395,AK,2022-07-13,1,0,0,1,1,0,0,0,1,1
5,0.534834027116866,0.1716978446998415,AK,2022-07-14,1,1,1,1,1,0,0,1,1,0
6,0.698727459246849,0.1615687941902755,AK,2022-07-15,1,1,1,1,1,1,0,1,1,0
7,1.2090858425985,0.1442450958731665,AK,2022-07-16,1,1,0,1,1,0,1,0,1,1
8,0.807584108443822,0.2362011497311885,AK,2022-07-17,1,1,1,1,1,0,0,0,1,1
9,2.8086741156138,0.0623354570081105,AK,2022-07-18,0,0,0,1,1,0,0,0,1,1
10,3.47025840947082,0.02995999830823475,AK,2022-07-19,0,0,1,1,1,0,0,0,1,1
11,0.610353796396873,0.1454739091330455,AK,2022-07-20,1,1,1,1,1,0,0,0,1,1
12,0.631435410247783,0.141350787453447,AK,2022-07-21,1,1,1,1,1,0,0,1,1,1
13,0.907352397739873,0.102178103410663,AK,2022-07-22,1,1,1,1,1,1,0,0,1,1
14,0.763418928145279,0.0226641655065884,AK,2022-07-23,1,1,1,1,1,0,0,0,1,1
15,0.472583564553174,0.0930513927874555,AK,2022-07-24,1,1,1,1,1,1,1,1,1,1
16,1.19977059802192,0.2023363493908675,AK,2022-07-25,1,1,1,1,0,0,1,0,1,0
17,3.03333783527285,0.0615724113290065,AK,2022-07-26,0,0,1,1,1,0,0,0,1,1
18,1.75008278598322,0.04970745758005005,AK,2022-07-27,1,0,1,1,1,0,0,0,1,1
19,1.67047975820456,0.105153213697696,AK,2022-07-28,0,1,1,1,0,1,1,0,1,0
20,0.991490114721768,0.1166805946348055,AK,2022-07-29,1,1,1,0,1,0,0,1,0,1
21,0.773926090193955,0.103720637780724,AK,2022-07-30,1,1,1,1,1,0,0,1,1,1
22,1.87305123044072,0.0135897674482263,AK,2022-07-31,0,0,1,1,1,0,0,1,1,1
23,1.59799180870645,0.1016711852222665,AK,2022-08-01,0,1,0,1,1,0,0,0,1,1
24,0.415929927896339,0.0722964157238865,AK,2022-08-02,1,1,1,1,1,1,0,0,1,1
25,0.558323801186558,0.01135899503518655,AK,2022-08-03,1,1,1,1,1,0,0,1,1,1
26,0.835623712592359,0.1552672540911105,AK,2022-08-04,1,1,1,1,1,0,0,1,1,1
27,1.47127422131106,0.1702475156488175,AK,2022-08-05,0,0,1,1,1,0,0,1,1,1
28,0.394772699860245,0.00954245031825025,AK,2022-08-06,1,1,1,1,1,0,0,1,1,1
29,0.374126990464636,0.0090125155072259,AK,2022-08-07,1,1,1,1,1,1,1,1,1,1
30,0.488509295146133,0.094471738360167,AK,2022-08-08,1,1,1,1,1,0,1,0,1,1
31,0.624467194135916,0.087554212893737,AK,2022-08-09,1,1,1,1,1,0,0,1,1,1
32,1.38787065737659,0.0076110956011432,AK,2022-08-10,0,0,1,1,1,0,0,1,1,1
33,0.505074523226865,0.14570537141747,AK,2022-08-11,1,1,1,1,1,0,0,1,1,1
34,0.293656384478762,0.0068117920051666,AK,2022-08-12,1,1,1,1,1,1,1,1,1,1
35,1.09141584701772,0.159166638805802,AK,2022-08-13,0,0,1,1,1,1,1,1,1,1
36,0.649253155113363,0.174947501487715,AK,2022-08-14,1,1,1,1,1,0,0,1,1,1
37,0.395341857799087,0.005779508360378,AK,2022-08-15,1,1,1,1,1,1,1,1,1,1
38,0.390269687344827,0.100182292137896,AK,2022-08-16,1,1,1,1,1,1,1,1,1,1
39,0.956950514759812,0.0888313979425095,AK,2022-08-17,1,1,0,1,1,1,0,0,1,1
40,0.0568716024184481,0.00491358969455554,AK,2022-08-18,1,1,1,1,1,1,1,1,1,1
41,0.3800991414272,0.0910309250505215,AK,2022-08-19,1,1,1,1,1,0,0,1,1,1
42,1.07740508707568,0.4380738506181215,AK,2022-08-20,0,0,1,1,1,0,0,1,1,1
43,0.489024251828249,0.2491174412898855,AL,2022-07-10,1,1,1,1,1,1,1,1,1,1
44,2.11205879645526,0.212621389979233,AL,2022-07-11,0,1,0,1,1,0,0,0,1,1
45,1.17379207657616,0.314752071567795,AL,2022-07-12,1,1,0,1,1,1,0,0,1,1
46,0.834071982040373,0.1930016562699115,AL,2022-07-13,1,1,1,1,1,1,0,0,1,1
47,1.73656016823929,0.3233192405036345,AL,2022-07-14,0,0,1,1,1,0,0,1,1,1
48,2.36061574054711,0.407432288173711,AL,2022-07-15,0,0,1,1,1,0,0,0,1,1
49,0.759244746449371,0.235211259749223,AL,2022-07-16,1,1,1,1,1,1,0,0,1,1
50,1.18927331555739,0.2398586346075815,AL,2022-07-17,0,1,1,1,1,0,0,1,1,0
51,0.529326531418929,0.186418541227011,AL,2022-07-18,1,1,1,1,1,0,1,0,1,1
52,1.84650490375292,0.142839434214514,AL,2022-07-19,1,1,1,0,1,1,0,0,0,1
53,2.12948310151407,0.232706394995884,AL,2022-07-20,0,0,1,1,1,0,0,0,1,0
54,1.64525737423961,0.1140725066588815,AL,2022-07-21,1,1,1,0,1,0,1,1,0,1
55,3.01164881836218,0.2206953317252025,AL,2022-07-22,0,0,1,1,0,0,0,1,1,1
56,1.37006387028946,0.158636681140085,AL,2022-07-23,1,1,1,0,1,0,0,0,0,0
57,0.607372893752387,0.1472966585771245,AL,2022-07-24,1,1,1,1,1,1,0,0,1,1
58,0.647319347466463,0.1519829580213105,AL,2022-07-25,1,1,1,1,1,1,1,1,1,1
59,0.650030532007162,0.1592684959860695,AL,2022-07-26,1,1,1,1,1,0,1,0,1,1
60,0.641102023701557,0.2648938722772855,AL,2022-07-27,1,1,1,1,1,0,0,1,1,1
61,0.977179966743154,0.0913378892837105,AL,2022-07-28,1,1,1,1,1,1,0,0,1,1
62,1.09286707935281,0.109983367814985,AL,2022-07-29,1,1,1,1,1,0,1,0,1,1
63,5.03107459174083,0.25748437184813,AL,2022-07-30,0,0,1,1,1,0,0,0,1,1
64,1.7720594932639,0.2237277309914985,AL,2022-07-31,0,0,1,1,1,0,0,1,1,1
65,0.723888162005958,0.121644436682091,AL,2022-08-01,1,1,1,1,1,1,0,0,1,1
66,2.74077572642699,0.1958040852434195,AL,2022-08-02,0,0,1,1,1,0,0,1,1,1
67,0.528631664396297,0.110011148252014,AL,2022-08-03,1,1,1,1,1,0,0,1,1,1
68,3.78002909346941,0.259165968397595,AL,2022-08-04,0,0,1,1,1,0,0,1,1,1
69,5.95052017308749,0.410456615386177,AL,2022-08-05,0,0,1,1,1,0,0,1,1,1
70,1.09562208280704,0.156263152859827,AL,2022-08-06,1,1,0,1,1,0,0,1,1,1
71,0.458175597091052,0.1442551825962545,AL,2022-08-07,1,1,1,1,1,0,0,1,1,1
72,2.92179343786615,0.178637136427146,AL,2022-08-08,0,0,1,1,1,0,0,1,1,1
73,0.690287777103096,0.00804919501032105,AL,2022-08-09,1,1,1,1,1,0,0,1,1,1
74,3.2455419076146,0.1872562271201545,AL,2022-08-10,0,0,1,1,1,0,0,1,1,1
75,0.596972120221073,0.17340659611898,AL,2022-08-11,1,1,1,1,1,0,0,1,1,1
76,7.02983640676128,0.3508679697739665,AL,2022-08-12,0,0,1,1,1,0,0,1,1,1
77,0.325599906653226,0.09044281486908,AL,2022-08-13,1,1,1,1,1,1,1,1,1,1
78,0.291812004450926,0.071043444905718,AL,2022-08-14,1,1,1,1,1,1,1,1,1,1
79,6.36995714330907,0.26397534907919,AL,2022-08-15,0,0,1,1,1,0,0,1,1,1
80,1.75771941165813,0.1558930394783795,AL,2022-08-16,0,0,1,1,1,1,1,1,1,1
81,1.81216828359916,0.181046711968487,AL,2022-08-17,1,0,1,1,0,0,0,0,1,0
82,8.05175315084465,0.3040660929048945,AL,2022-08-18,0,0,1,1,1,0,0,1,1,1
83,4.89670653718608,0.292571198403679,AL,2022-08-19,0,0,1,1,1,0,0,1,1,1
84,0.438133569627769,0.004413607265471685,AL,2022-08-20,1,1,1,1,1,1,1,1,1,1
85,0.968818388060553,0.2044911596073645,AR,2022-07-10,1,1,1,1,1,0,0,0,1,1
86,6.39689542762283,0.137492128633935,AR,2022-07-11,0,0,1,1,1,0,0,1,1,1
87,6.44291251467875,0.1529822768082825,AR,2022-07-12,0,0,0,1,0,0,0,0,1,0
88,4.50445551560969,0.1590003402547565,AR,2022-07-13,0,0,1,1,0,0,0,0,1,0
89,1.49742383188967,0.1716978446998415,AR,2022-07-14,1,1,1,1,1,1,1,1,1,1
90,2.78287295953783,0.192379593101114,AR,2022-07-15,0,1,0,1,1,0,0,0,1,1
91,1.28276868486937,0.1160328169718185,AR,2022-07-16,1,0,1,1,1,0,0,0,1,1
92,0.311322202728973,0.0346807313528549,AR,2022-07-17,1,1,1,1,1,1,0,0,1,1
93,3.08025022181901,0.1514908780349515,AR,2022-07-18,0,1,0,1,1,1,0,0,1,0
94,1.66357097664231,0.1071522491101555,AR,2022-07-19,1,0,1,1,1,0,0,0,1,1
95,0.891519468635611,0.147952534784227,AR,2022-07-20,1,1,1,1,1,0,0,1,1,1
96,2.46017008018799,0.087068401117822,AR,2022-07-21,1,0,0,1,1,1,0,0,1,0
97,1.34168090826815,0.121086005982324,AR,2022-07-22,1,1,1,0,1,0,0,0,0,1
98,0.473497260536671,0.0226641655065884,AR,2022-07-23,1,1,1,1,1,0,0,1,1,1
99,1.1475795780387,0.1960203498818825,AR,2022-07-24,1,1,1,1,0,1,0,1,1,0
100,1.39246417446591,0.130449741507894,AR,2022-07-25,1,1,1,1,0,0,1,1,1,0
101,1.92897567071354,0.1378897503374595,AR,2022-07-26,1,1,0,1,0,0,0,0,1,0
102,1.65515692916097,0.1023757668903565,AR,2022-07-27,1,1,0,1,0,0,0,0,1,0
103,0.990853721437232,0.0913378892837105,AR,2022-07-28,1,1,1,1,1,0,0,0,1,1
104,1.61151957218519,0.1559659976833625,AR,2022-07-29,1,1,1,0,0,0,0,1,0,0
105,2.2473201007347,0.236812656478121,AR,2022-07-30,1,0,1,1,0,1,0,1,1,0
106,0.612896637327028,0.0869712785268295,AR,2022-07-31,1,1,1,1,1,0,0,1,1,1
107,2.33871096293814,0.0768551971689635,AR,2022-08-01,0,0,1,1,1,0,0,0,1,1
108,2.38434531012379,0.0572351180585915,AR,2022-08-02,0,0,1,1,1,0,0,0,1,1
109,3.15681628041053,0.056457122220022,AR,2022-08-03,0,0,1,1,1,0,0,1,1,1
110,3.3697417086313,0.16530577721251,AR,2022-08-04,0,0,1,1,1,0,0,1,1,1
111,1.00570638827403,0.109279179521447,AR,2022-08-05,1,1,1,0,1,1,0,1,0,1
112,2.70289373246458,0.35504082090467,AR,2022-08-06,0,0,1,1,1,0,0,1,1,1
113,0.581467551969776,0.069120367546794,AR,2022-08-07,1,1,1,1,1,0,1,0,1,1
114,3.34120650738407,0.1888022313137485,AR,2022-08-08,1,0,0,1,0,0,0,0,1,0
115,0.982300804063531,0.1047023540058465,AR,2022-08-09,1,1,1,1,1,0,0,1,1,1
116,3.15011620160221,0.1530697956016715,AR,2022-08-10,1,0,0,0,1,0,0,0,0,1
117,1.93623251692096,0.139827164961038,AR,2022-08-11,1,1,1,1,0,0,1,1,1,0
118,0.501350491242751,0.0903682923204465,AR,2022-08-12,1,1,1,1,1,1,1,1,1,1
119,3.06915743152521,0.2164364920864035,AR,2022-08-13,0,0,1,1,1,0,0,1,1,1
120,0.104294898676204,0.00610340954197015,AR,2022-08-14,1,1,1,1,1,1,1,1,1,1
121,3.83897523917228,0.1401538710834445,AR,2022-08-15,0,0,1,1,1,0,0,0,1,1
122,1.85852282759264,0.00547402165907375,AR,2022-08-16,0,0,1,1,1,0,0,1,1,1
123,0.495511133669531,0.0424150945243484,AR,2022-08-17,1,1,1,1,1,1,0,0,1,1
124,0.449321467842362,0.066346693032393,AR,2022-08-18,1,1,1,1,1,0,0,1,1,1
125,2.35484567673918,0.27036094709456,AR,2022-08-19,0,0,1,1,0,0,0,1,1,0
126,0.632895533940094,0.004413607265471685,AR,2022-08-20,1,1,1,1,1,0,0,0,1,1
127,1.79696314889558,0.244887122061576,AZ,2022-07-10,1,1,0,1,0,0,0,1,1,0
128,1.73351788108365,0.2239476571473535,AZ,2022-07-11,1,1,1,1,1,0,0,0,1,0
129,9.21734761238121,0.1500309915329735,AZ,2022-07-12,0,0,0,1,0,0,0,0,1,1
130,2.57949657553001,0.2954313912496535,AZ,2022-07-13,0,0,1,1,1,0,1,1,1,0
131,1.24428185236174,0.153036095326422,AZ,2022-07-14,1,1,1,1,1,0,0,1,1,1
132,0.90830042752302,0.1033230631322605,AZ,2022-07-15,1,1,1,1,1,0,0,1,1,1
133,1.47986772622273,0.1116631128933315,AZ,2022-07-16,1,0,1,1,1,0,0,0,1,1
134,1.39750840549638,0.17390710444939,AZ,2022-07-17,1,1,1,1,1,0,0,0,1,1
135,1.45157821825537,0.191964303954617,AZ,2022-07-18,1,1,1,1,0,0,1,0,1,0
136,1.65640262715486,0.1227614982244755,AZ,2022-07-19,1,1,0,1,1,0,0,0,1,1
137,2.54949467693335,0.0278945040607026,AZ,2022-07-20,0,0,1,1,1,0,0,0,1,0
138,0.0350071737670122,0.0260007164902436,AZ,2022-07-21,1,1,1,1,1,1,1,1,1,1
139,0.453211576680936,0.102178103410663,AZ,2022-07-22,1,1,1,1,1,0,0,1,1,1
140,1.06258522451511,0.156447844246296,AZ,2022-07-23,1,1,1,0,1,0,0,1,0,1
141,0.800084463217532,0.147709976761291,AZ,2022-07-24,1,1,1,1,1,0,0,0,1,1
142,1.93142999795109,0.127341699086929,AZ,2022-07-25,1,1,1,1,1,0,0,0,1,1
143,1.24840345354361,0.119983610300593,AZ,2022-07-26,1,1,1,1,1,0,0,0,1,1
144,1.79451852627628,0.134660712460416,AZ,2022-07-27,1,1,1,1,1,0,0,0,1,1
145,1.48707477553331,0.0770754753197355,AZ,2022-07-28,0,1,1,1,1,1,0,0,1,1
146,5.20380671948717,0.180837100313336,AZ,2022-07-29,0,0,1,1,1,0,0,0,1,1
147,1.16255380889012,0.1367880388700075,AZ,2022-07-30,1,1,1,1,1,1,0,0,1,1
148,1.81302265950731,0.057618674095388,AZ,2022-07-31,1,0,1,1,1,1,1,1,1,1
149,5.99615509713786,0.248645171200921,AZ,2022-08-01,0,0,0,0,1,0,0,0,0,1
150,1.7922479343642,0.118370230032461,AZ,2022-08-02,1,1,1,0,1,0,0,0,0,1
151,6.36029657677543,0.2408728166540425,AZ,2022-08-03,0,0,1,0,0,0,0,1,0,0
152,0.842901041598346,0.10424793657999851,AZ,2022-08-04,1,1,1,1,1,0,0,1,1,1
153,0.914117568705235,0.0935140532327165,AZ,2022-08-05,1,1,1,1,1,0,0,0,1,1
154,1.13003461925602,0.1053699095277195,AZ,2022-08-06,1,1,1,0,1,0,0,0,0,1
155,2.02146889781232,0.139157251638784,AZ,2022-08-07,1,0,0,0,1,0,0,0,0,1
156,1.53527262099209,0.054737291099321,AZ,2022-08-08,1,0,1,1,1,0,0,1,1,0
157,4.2417262155953,0.0737175095090745,AZ,2022-08-09,0,1,1,0,1,1,0,1,0,1
158,4.08323444075137,0.1273745166138175,AZ,2022-08-10,0,0,1,1,1,0,0,1,1,1
159,2.0407606892694,0.1092563915470625,AZ,2022-08-11,0,0,1,1,1,0,0,1,1,1
160,0.838474177802954,0.0826335701779145,AZ,2022-08-12,1,1,1,1,1,0,0,0,1,1
161,1.24696331906895,0.0518738234266515,AZ,2022-08-13,0,1,0,1,1,0,0,0,1,1
162,0.701200654583464,0.087802163709266,AZ,2022-08-14,1,1,1,1,1,0,0,1,1,1
163,4.07057742944224,0.124345173783151,AZ,2022-08-15,1,0,1,0,0,0,0,0,0,0
164,1.26191105676866,0.0467179458998511,AZ,2022-08-16,1,1,1,1,1,0,0,1,1,1
165,1.22575809837682,0.087271317876965,AZ,2022-08-17,1,1,1,0,1,1,0,1,0,1
166,4.0734612793361,0.161288761827233,AZ,2022-08-18,0,0,1,1,1,0,0,1,1,1
167,1.14605977461304,0.10431929472215801,AZ,2022-08-19,0,1,1,1,1,0,0,1,1,1
168,0.296166288689073,0.062234973045825,AZ,2022-08-20,1,1,1,1,1,0,0,1,1,1
169,6.79606271320919,0.2267641239655775,CA,2022-07-10,0,1,1,0,0,0,0,0,0,0
170,20.9794052986459,0.2102056676112055,CA,2022-07-11,0,0,1,0,0,0,0,0,0,0
171,20.1733575106005,0.2001405178876275,CA,2022-07-12,1,0,0,0,0,0,0,0,0,0
172,14.8944327526074,0.194079328016766,CA,2022-07-13,0,0,0,1,0,0,0,0,1,0
173,14.1541020280959,0.193369286323492,CA,2022-07-14,0,1,1,0,0,0,0,0,0,0
174,14.4503240793735,0.1801271632423865,CA,2022-07-15,0,0,1,0,0,0,0,0,0,0
175,17.2285693701575,0.157463271253535,CA,2022-07-16,0,0,0,0,1,0,0,0,0,0
176,6.91581694512477,0.1775220810141605,CA,2022-07-17,0,1,1,0,0,0,0,0,0,0
177,30.7510402083061,0.153146472578375,CA,2022-07-18,0,0,1,0,0,0,0,0,0,0
178,21.1194363072764,0.159475938978035,CA,2022-07-19,0,0,0,0,0,0,0,0,0,0
179,25.5399261130189,0.1475786260464385,CA,2022-07-20,0,0,1,0,0,0,0,0,0,0
180,15.2533473069031,0.1434926412551225,CA,2022-07-21,0,0,1,0,0,0,0,0,0,0
181,11.2207942841055,0.1408526368277385,CA,2022-07-22,0,0,1,0,0,0,0,1,0,0
182,9.13067771487126,0.1775299774866565,CA,2022-07-23,1,0,0,1,1,0,0,0,1,0
183,4.21305988506455,0.149690466361881,CA,2022-07-24,1,1,1,0,0,0,0,0,0,0
184,12.0001752692188,0.1504612458551365,CA,2022-07-25,1,0,1,0,0,0,0,0,0,0
185,20.4273599988751,0.1219917741412235,CA,2022-07-26,0,0,1,0,0,0,0,0,0,0
186,7.48707344475138,0.148218335530928,CA,2022-07-27,1,0,0,0,0,0,0,0,0,0
187,9.74199951903658,0.090902129083218,CA,2022-07-28,0,0,1,0,1,0,0,0,0,1
188,2.60906288054565,0.1227995742562465,CA,2022-07-29,1,1,1,0,0,0,0,0,0,0
189,2.48979473905461,0.108790249794227,CA,2022-07-30,1,1,1,1,0,0,0,0,1,1
190,7.73326713930815,0.1144074648357505,CA,2022-07-31,0,1,0,0,1,0,0,0,0,0
191,15.0558511921107,0.0941339304111285,CA,2022-08-01,0,0,0,0,0,0,0,1,0,0
192,8.78982650690268,0.0983192084121795,CA,2022-08-02,0,0,1,0,0,0,0,0,0,0
193,10.4821378492147,0.1362630936663185,CA,2022-08-03,0,0,1,0,0,0,0,0,0,0
194,8.80219652107785,0.120893189715583,CA,2022-08-04,0,0,1,1,0,0,0,0,1,0
195,3.53020004516096,0.121515409118965,CA,2022-08-05,1,0,0,1,0,0,0,0,1,0
196,5.45280565546803,0.1221191158516505,CA,2022-08-06,0,0,1,1,0,0,0,0,1,0
197,4.23564152428402,0.070632800544058,CA,2022-08-07,0,0,1,0,1,0,0,0,0,1
198,14.205639371781,0.140306159010329,CA,2022-08-08,0,0,1,0,1,0,0,1,0,1
199,2.52615626214316,0.0958205889928715,CA,2022-08-09,1,1,1,1,0,0,0,0,1,0
200,3.35779267855289,0.091500404782065,CA,2022-08-10,1,1,0,0,0,0,0,0,0,0
201,7.59508155837049,0.101938271492174,CA,2022-08-11,1,0,0,0,1,0,0,0,0,1
202,3.24084631459101,0.087864880527532,CA,2022-08-12,1,1,0,0,1,0,0,1,0,1
203,6.2945087238521,0.097645103686075,CA,2022-08-13,1,0,0,0,0,0,0,1,0,1
204,3.23722292789637,0.0764790658375445,CA,2022-08-14,1,1,1,0,1,0,0,0,0,1
205,6.05773357662641,0.088927351563985,CA,2022-08-15,1,0,0,0,0,0,0,0,0,0
206,3.17512610500022,0.078859648906958,CA,2022-08-16,1,1,0,0,0,0,0,0,0,0
207,7.76593804749068,0.0949409877076445,CA,2022-08-17,1,0,0,0,0,0,0,0,0,0
208,2.55561809964403,0.0626162167864155,CA,2022-08-18,0,1,1,0,0,0,0,0,0,0
209,2.53568036542088,0.07531297979449,CA,2022-08-19,1,1,1,0,1,0,0,0,0,1
210,2.67687532761601,0.0660814786732365,CA,2022-08-20,1,1,0,0,1,0,1,0,0,1
211,1.01375810805447,0.4442035524849735,CO,2022-07-10,1,0,1,1,1,0,0,0,1,1
212,1.58376920250723,0.2926931172363685,CO,2022-07-11,1,0,1,1,1,0,0,0,1,1
213,1.55481447343126,0.1798393396953455,CO,2022-07-12,0,1,1,1,0,0,0,0,1,0
214,1.96190060275176,0.211812525124689,CO,2022-07-13,0,1,0,1,1,0,0,0,1,1
215,0.58346280714769,0.1896857740584085,CO,2022-07-14,1,1,1,1,1,0,1,0,1,1
216,0.593600321441043,0.2019811059177175,CO,2022-07-15,1,1,1,1,1,0,0,1,1,1
217,1.78756347907314,0.4330443759393935,CO,2022-07-16,0,0,1,1,1,0,0,0,1,1
218,0.999490372390989,0.252050250862226,CO,2022-07-17,0,1,1,1,1,0,0,1,1,1
219,0.778965056928171,0.197875793028646,CO,2022-07-18,1,1,1,1,1,0,0,1,1,1
220,0.803771130331667,0.09112462325303,CO,2022-07-19,1,1,1,1,1,0,0,1,1,1
221,0.725837861054607,0.0278945040607026,CO,2022-07-20,1,1,1,1,1,1,0,0,1,1
222,2.45035011033085,0.092352729091521,CO,2022-07-21,0,0,1,1,1,0,0,0,1,1
223,0.968862170581694,0.14656055577525,CO,2022-07-22,1,1,1,1,1,0,0,1,1,1
224,2.06856569654183,0.0226641655065884,CO,2022-07-23,0,0,1,1,1,0,0,0,1,1
225,0.596273900334719,0.131744234328026,CO,2022-07-24,1,1,1,1,1,0,0,0,1,1
226,2.14836889433772,0.153721714019232,CO,2022-07-25,0,1,0,1,1,0,0,0,1,1
227,0.880277802059533,0.088560757546496,CO,2022-07-26,1,1,1,1,1,0,1,0,1,1
228,0.740853520052227,0.1093965021575535,CO,2022-07-27,1,1,1,1,1,0,0,0,1,1
229,1.29326943824941,0.1694788995165215,CO,2022-07-28,1,1,1,1,1,0,0,0,1,1
230,1.5456351903827,0.04827680482981095,CO,2022-07-29,1,0,1,1,1,0,0,0,1,1
231,0.718564124935711,0.0621854173273005,CO,2022-07-30,1,1,1,1,1,0,0,0,1,1
232,1.00152713360475,0.0843937006577495,CO,2022-07-31,1,1,0,1,1,0,0,0,1,1
233,2.42676314330824,0.1816961953231935,CO,2022-08-01,0,0,1,1,1,0,0,0,1,1
234,1.0712097507437,0.095282546144007,CO,2022-08-02,1,1,1,0,1,1,1,0,0,1
235,0.61643080069714,0.057783537725458,CO,2022-08-03,1,1,1,1,1,0,0,1,1,1
236,0.903636461163672,0.140314852590768,CO,2022-08-04,1,1,1,1,1,0,0,0,1,1
237,0.317726315480409,0.0828987521079595,CO,2022-08-05,1,1,1,1,1,1,1,1,1,1
238,0.313139817371834,0.0767226890433875,CO,2022-08-06,1,1,1,1,1,1,1,1,1,1
239,0.350632365175489,0.110444515823997,CO,2022-08-07,1,1,1,1,1,1,1,1,1,1
240,0.784055814145025,0.1065055995305945,CO,2022-08-08,1,1,1,1,1,0,0,1,1,1
241,0.596625698814369,0.110743176443067,CO,2022-08-09,1,1,1,1,1,0,0,1,1,1
242,6.04424981936746,0.1904363597288505,CO,2022-08-10,0,0,0,1,1,0,0,0,1,1
243,1.40920946631246,0.04819337260169355,CO,2022-08-11,0,1,0,1,1,0,0,0,1,1
244,1.85418204117794,0.1619017928130595,CO,2022-08-12,0,0,0,1,1,1,0,0,1,1
245,0.306201378259104,0.0828068344316665,CO,2022-08-13,1,1,1,1,1,0,0,1,1,1
246,0.225554187329483,0.00610340954197015,CO,2022-08-14,1,1,1,1,1,0,0,1,1,1
247,0.296622563601728,0.0663764913862215,CO,2022-08-15,1,1,1,1,1,0,0,1,1,1
248,0.643283635774843,0.00547402165907375,CO,2022-08-16,1,1,1,1,1,1,1,1,1,1
249,0.414879824591066,0.1003274080097365,CO,2022-08-17,1,1,1,1,1,1,1,1,1,1
250,0.708227312045034,0.100476194886747,CO,2022-08-18,1,1,1,1,1,0,0,1,1,1
251,2.36446887538847,0.2039820672594335,CO,2022-08-19,0,0,1,1,1,0,0,0,1,1
252,1.51743933854887,0.2292776095246425,CO,2022-08-20,1,0,1,0,1,0,0,1,0,1
253,1.96603945956605,0.195038535089526,CT,2022-07-10,1,1,1,1,1,0,0,1,1,0
254,3.48976396842987,0.2498854818395375,CT,2022-07-11,1,1,0,1,0,0,0,0,1,0
255,2.01371257014238,0.178084669623877,CT,2022-07-12,1,1,1,1,1,0,0,0,1,1
256,5.39926173486735,0.1499115854844715,CT,2022-07-13,0,0,0,1,0,0,0,0,1,0
257,2.40704036349525,0.242402424720373,CT,2022-07-14,0,0,1,1,0,1,0,0,1,0
258,1.38116447552941,0.145122172741878,CT,2022-07-15,1,1,1,1,1,0,0,0,1,1
259,1.91508641380027,0.117528357794638,CT,2022-07-16,1,0,0,1,1,0,0,0,1,1
260,4.00970267927543,0.2354818697132235,CT,2022-07-17,0,0,1,1,0,0,0,1,1,0
261,3.88973145544775,0.194755014433441,CT,2022-07-18,0,1,0,1,1,1,1,0,1,0
262,3.18138928312949,0.1227269597955295,CT,2022-07-19,0,0,0,1,0,1,0,1,1,0
263,3.6898102764378,0.237923051155083,CT,2022-07-20,0,0,1,1,0,0,0,0,1,0
264,1.95920121589662,0.179760435088062,CT,2022-07-21,1,1,1,1,0,0,1,0,1,0
265,3.11795096207899,0.231863540746571,CT,2022-07-22,1,0,1,1,0,0,0,0,1,0
266,3.24033815442823,0.2402309958149,CT,2022-07-23,0,0,1,1,0,0,0,1,1,0
267,1.34168196196819,0.1085500401559325,CT,2022-07-24,1,1,1,1,1,0,0,0,1,1
268,1.40538714579571,0.165417411554485,CT,2022-07-25,1,1,1,1,1,0,1,0,1,1
269,3.00466793381261,0.1842369756530165,CT,2022-07-26,1,0,1,1,0,0,0,0,1,0
270,1.2829135207742,0.142928711158915,CT,2022-07-27,1,1,0,1,1,0,0,0,1,1
271,1.85637400713544,0.164347221810934,CT,2022-07-28,0,0,1,1,1,0,1,0,1,1
272,1.48729675278478,0.1730936580251295,CT,2022-07-29,1,0,0,1,1,0,0,0,1,1
273,1.08474339130195,0.100330958443526,CT,2022-07-30,1,1,1,1,0,0,1,1,1,0
274,0.931171743187209,0.130947829659854,CT,2022-07-31,1,1,1,1,0,0,0,1,1,0
275,3.09147043954597,0.0127933016336255,CT,2022-08-01,0,0,1,1,1,0,0,0,1,1
276,0.835119131182692,0.0944920122832685,CT,2022-08-02,1,1,1,1,1,0,0,1,1,1
277,1.36746475264211,0.066420661946904,CT,2022-08-03,1,1,1,1,1,0,0,1,1,1
278,1.33478403516089,0.1211362754783525,CT,2022-08-04,0,1,1,1,1,0,0,0,1,1
279,1.32398590901895,0.118310413002902,CT,2022-08-05,0,1,1,1,1,0,0,0,1,1
280,3.67713320345068,0.1662963406769035,CT,2022-08-06,0,0,1,1,1,0,0,1,1,1
281,3.31373117439915,0.17130371601406,CT,2022-08-07,0,0,1,1,1,0,0,1,1,1
282,0.922086599860044,0.105186870732888,CT,2022-08-08,1,1,1,1,1,0,0,1,1,1
283,1.17347844097364,0.1140558855215425,CT,2022-08-09,1,1,1,1,1,1,1,1,1,1
284,0.890334827182266,0.0794714914711385,CT,2022-08-10,1,1,0,1,1,1,0,0,1,1
285,1.23121365477718,0.104450294995411,CT,2022-08-11,1,1,1,1,1,0,0,0,1,1
286,1.49042893536549,0.1220621372676215,CT,2022-08-12,0,0,1,1,1,0,0,1,1,1
287,0.879793688022563,0.0764051804254605,CT,2022-08-13,1,1,0,1,1,0,0,0,1,1
288,2.67458395405233,0.183834032642754,CT,2022-08-14,0,0,1,1,1,0,0,1,1,1
289,0.565071658588724,0.090615284596559,CT,2022-08-15,1,1,1,1,1,0,0,1,1,1
290,3.42200923924776,0.143696902898436,CT,2022-08-16,0,0,1,1,1,0,0,1,1,1
291,2.25375842514272,0.1208985772786775,CT,2022-08-17,0,0,1,1,1,0,0,1,1,1
292,0.766070534086893,0.085544537825467,CT,2022-08-18,1,1,1,1,1,0,0,1,1,1
293,6.98134261361342,0.200645591651766,CT,2022-08-19,0,0,1,0,1,0,0,1,0,1
294,4.56374769949136,0.2453359646836105,CT,2022-08-20,0,0,1,1,1,0,0,1,1,1
295,2.15208320956699,0.2400325975178745,DC,2022-07-10,0,1,0,1,1,0,0,0,1,1
296,1.2066510808384,0.24520933814862,DC,2022-07-11,1,1,1,1,1,1,0,0,1,0
297,1.36267121896666,0.1743434824821305,DC,2022-07-12,0,1,1,1,0,1,1,0,1,0
298,1.2491918781695,0.1590999704591355,DC,2022-07-13,1,1,1,1,1,0,0,0,1,1
299,2.30193968144032,0.144370016279366,DC,2022-07-14,0,0,1,1,1,0,0,0,1,1
300,0.928389448399439,0.1033230631322605,DC,2022-07-15,1,1,1,1,1,0,1,0,1,1
301,0.692173690965824,0.0373781435590524,DC,2022-07-16,1,1,1,1,1,0,0,0,1,1
302,0.469482721174486,0.127839096856871,DC,2022-07-17,1,1,1,1,1,0,0,1,1,1
303,0.731660110488084,0.179469080729561,DC,2022-07-18,1,1,1,1,1,1,1,1,1,1
304,0.793645300610338,0.2194318866402225,DC,2022-07-19,1,1,1,1,1,0,0,1,1,0
305,0.533283719151577,0.171274753206917,DC,2022-07-20,1,1,1,1,1,0,0,1,1,1
306,1.26032617323701,0.228811389508269,DC,2022-07-21,1,0,1,1,1,0,0,1,1,1
307,1.55733722073771,0.2346351264127575,DC,2022-07-22,0,0,1,1,1,0,0,0,1,1
308,0.619351210981504,0.141008530675267,DC,2022-07-23,1,1,1,1,1,1,1,1,1,1
309,1.27415251620703,0.1842181545233665,DC,2022-07-24,1,1,1,1,0,0,1,0,1,0
310,0.290560591037435,0.0198375021792962,DC,2022-07-25,1,1,1,1,1,0,0,1,1,1
311,0.281458065389145,0.01858613407989905,DC,2022-07-26,1,1,1,1,1,1,0,0,1,1
312,1.7741191999823,0.240147434587103,DC,2022-07-27,0,0,1,1,1,0,0,1,1,1
313,0.340758021647171,0.0996688857671645,DC,2022-07-28,1,1,1,1,1,1,0,0,1,1
314,0.794017713836698,0.166753405761345,DC,2022-07-29,1,1,1,1,1,0,0,1,1,1
315,0.341462111752694,0.123565088748133,DC,2022-07-30,1,1,1,1,1,1,1,1,1,1
316,0.622430648475405,0.0135897674482263,DC,2022-07-31,1,1,1,1,1,0,0,1,1,1
317,0.877222232300689,0.168183963828028,DC,2022-08-01,1,1,1,1,1,1,1,1,1,1
318,3.61933817071675,0.256797312123748,DC,2022-08-02,0,0,1,1,1,0,0,1,1,1
319,3.78274724247407,0.4059676079024955,DC,2022-08-03,0,0,1,1,1,0,0,1,1,1
320,0.342311066550642,0.0107125211429588,DC,2022-08-04,1,1,1,1,1,0,0,1,1,1
321,2.08677803330608,0.543906115240265,DC,2022-08-05,0,0,1,1,1,0,0,1,1,1
322,NA,NA,DC,2022-08-06,NA,NA,NA,NA,NA,NA,NA,NA,NA,NA
323,0.346159065360724,0.110444515823997,DC,2022-08-07,1,1,1,1,1,1,1,1,1,1
324,0.472334900154746,0.082750445012348,DC,2022-08-08,1,1,1,1,1,0,0,1,1,1
325,0.0883604599554218,0.00804919501032105,DC,2022-08-09,1,1,1,1,1,0,0,1,1,1
326,1.24461639239524,0.1912483411539105,DC,2022-08-10,0,0,1,1,1,0,0,1,1,1
327,2.4174906630051902,0.207436147297117,DC,2022-08-11,0,0,1,0,1,0,0,1,0,1
328,0.339545347649104,0.0590346047022165,DC,2022-08-12,1,1,1,1,1,1,1,1,1,1
329,1.01168684479579,0.116202179304687,DC,2022-08-13,1,1,1,0,1,0,0,1,0,1
330,1.00329369514465,0.108168183777146,DC,2022-08-14,1,1,1,0,1,0,1,1,0,1
331,0.888859353459928,0.098566135976458,DC,2022-08-15,1,1,0,1,1,1,0,0,1,1
332,0.733024037652972,0.105753366871944,DC,2022-08-16,1,1,1,1,1,0,0,1,1,1
333,0.487215414249364,0.00518575014088465,DC,2022-08-17,1,1,1,1,1,1,1,1,1,1
334,1.62525550482423,0.1520072885684495,DC,2022-08-18,1,0,1,0,1,0,1,1,0,1
335,0.422769238761714,0.100628080924481,DC,2022-08-19,1,1,1,1,1,1,1,1,1,1
336,0.933293888051735,0.293520436167238,DC,2022-08-20,0,0,1,1,1,0,0,1,1,1
337,0.676870484257775,0.175228242928101,DE,2022-07-10,1,1,1,1,1,1,0,0,1,1
338,1.9686437670261001,0.262179122349216,DE,2022-07-11,0,1,0,1,0,0,1,0,1,0
339,1.2666023274524,0.16564005085584,DE,2022-07-12,1,1,1,1,1,1,0,0,1,1
340,1.39592190040326,0.2800552703347385,DE,2022-07-13,1,1,1,0,0,0,0,0,0,0
341,1.58871153484365,0.252170010490268,DE,2022-07-14,1,0,1,1,0,0,0,0,1,1
342,1.64981791878999,0.206152342516708,DE,2022-07-15,1,1,0,1,1,0,0,0,1,1
343,0.862925457851486,0.1328873898459825,DE,2022-07-16,1,1,1,1,1,0,1,0,1,1
344,2.46572008905226,0.265134363795336,DE,2022-07-17,1,0,0,1,1,0,0,0,1,1
345,1.55702695586747,0.226706696073906,DE,2022-07-18,1,1,0,1,1,0,0,0,1,1
346,1.87656355427498,0.305660162912696,DE,2022-07-19,0,0,1,1,1,0,0,1,1,1
347,1.05886890942718,0.0278945040607026,DE,2022-07-20,1,0,1,1,1,1,1,1,1,1
348,1.05935028270266,0.1548040760081415,DE,2022-07-21,1,1,1,1,0,0,0,1,1,1
349,2.26780917612883,0.253389891719628,DE,2022-07-22,0,0,0,1,1,0,0,1,1,0
350,1.05088171986451,0.07000191157406,DE,2022-07-23,1,0,1,1,1,1,1,1,1,1
351,1.2646408153048,0.1842181545233665,DE,2022-07-24,1,1,1,1,0,0,0,0,1,0
352,2.01128173793436,0.096407799398166,DE,2022-07-25,0,1,0,1,1,0,1,0,1,1
353,0.749364923131732,0.170735435904375,DE,2022-07-26,1,1,1,1,1,1,0,0,1,1
354,0.959518441268267,0.20302777805183,DE,2022-07-27,0,1,1,1,1,0,1,0,1,1
355,1.10643859154346,0.0801159002060105,DE,2022-07-28,0,1,1,1,1,1,0,0,1,1
356,0.759874941814212,0.1536051479721325,DE,2022-07-29,1,1,1,1,1,0,0,1,1,1
357,0.561552198049211,0.0948494529956965,DE,2022-07-30,1,1,1,1,1,0,0,1,1,1
358,1.1938586108237,0.070232914015845,DE,2022-07-31,0,1,1,1,1,1,0,0,1,1
359,0.776513275125291,0.154057539992173,DE,2022-08-01,1,1,1,1,1,0,0,1,1,1
360,0.369161639498939,0.077316848278985,DE,2022-08-02,1,1,1,1,1,1,1,1,1,1
361,1.61122966467896,0.05793047434159,DE,2022-08-03,0,1,1,1,0,0,0,1,1,0
362,0.537399867579727,0.110093900044813,DE,2022-08-04,1,1,1,1,1,1,1,1,1,1
363,1.21935306599136,0.151407586257652,DE,2022-08-05,0,1,1,1,1,0,0,1,1,1
364,0.793646611964152,0.1439029277685245,DE,2022-08-06,1,1,1,1,1,0,0,1,1,1
365,0.732209895133105,0.133851900512483,DE,2022-08-07,1,1,1,1,1,1,1,1,1,1
366,0.476494685863132,0.0901739307993,DE,2022-08-08,1,1,1,1,1,0,0,1,1,1
367,0.912484817261009,0.107438799622405,DE,2022-08-09,1,1,0,1,1,0,1,0,1,1
368,0.477495718690498,0.0076110956011432,DE,2022-08-10,1,1,1,1,1,1,1,1,1,1
369,1.13820996816235,0.17340659611898,DE,2022-08-11,0,0,1,1,1,1,1,1,1,1
370,0.38928496297852,0.1112574173992665,DE,2022-08-12,1,1,1,1,1,1,1,1,1,1
371,0.839574354338751,0.286432979429361,DE,2022-08-13,0,0,1,1,1,1,1,1,1,1
372,0.0335184638880232,0.00610340954197015,DE,2022-08-14,1,1,1,1,1,0,0,1,1,1
373,2.17732297105787,0.201554376597719,DE,2022-08-15,0,0,1,1,1,0,0,1,1,1
374,0.322117006985831,0.082962606596292,DE,2022-08-16,1,1,1,1,1,0,0,1,1,1
375,0.303788541465237,0.0765419935425235,DE,2022-08-17,1,1,1,1,1,0,0,1,1,1
376,6.61084120690004,0.434945313059418,DE,2022-08-18,0,0,1,1,1,0,0,1,1,1
377,1.6932163701102,0.141037158288523,DE,2022-08-19,0,0,1,1,1,0,0,1,1,1
378,1.16255424644475,0.106803711121604,DE,2022-08-20,1,1,0,1,1,0,0,1,1,1
379,13.547596150628,0.274557680176435,FL,2022-07-10,0,0,1,0,1,0,0,0,0,0
380,7.19984083045015,0.235239687354325,FL,2022-07-11,1,0,0,0,0,1,0,0,0,0
381,8.72492370914522,0.2457063688424605,FL,2022-07-12,0,0,0,1,0,0,0,0,1,0
382,5.34424021322631,0.232083204910066,FL,2022-07-13,1,0,1,1,0,0,0,0,1,0
383,14.7095259365746,0.2392678278357795,FL,2022-07-14,0,0,1,1,0,0,0,0,1,0
384,23.4603050661576,0.273753202249196,FL,2022-07-15,0,0,0,0,0,0,0,0,0,0
385,6.11063849139584,0.1987101985144815,FL,2022-07-16,0,1,1,1,1,0,0,0,1,0
386,4.46448193427045,0.17303860135936,FL,2022-07-17,0,1,0,1,0,0,1,0,1,0
387,15.5096658164834,0.2041993907110225,FL,2022-07-18,1,0,0,1,0,1,0,0,1,0
388,7.29192961996949,0.183523185818123,FL,2022-07-19,0,0,1,0,1,0,0,0,0,0
389,3.65829101515664,0.180115894228934,FL,2022-07-20,1,1,0,0,1,0,0,0,0,1
390,3.44200386875867,0.1601574438282485,FL,2022-07-21,0,1,0,1,0,0,0,0,1,1
391,9.09151870382992,0.175554490083688,FL,2022-07-22,0,0,1,0,0,0,0,1,0,0
392,12.9168457825252,0.1845310274033135,FL,2022-07-23,0,0,0,1,0,0,0,0,1,0
393,4.47951324891531,0.1580120139816155,FL,2022-07-24,0,0,1,0,1,0,0,0,0,0
394,7.74854156910792,0.1524141647617265,FL,2022-07-25,0,0,1,1,0,0,0,0,1,0
395,2.1053735702869,0.145223074631914,FL,2022-07-26,1,1,0,1,0,1,0,0,1,1
396,118.445874058489,0.298507770139227,FL,2022-07-27,0,0,0,1,0,0,0,0,1,0
397,3.68198069566405,0.1453237828906825,FL,2022-07-28,0,0,1,1,0,0,0,0,1,0
398,14.5184979429825,0.1626124394582425,FL,2022-07-29,0,0,0,0,0,0,0,0,0,0
399,5.75412970060512,0.1401167706929155,FL,2022-07-30,0,0,1,1,1,0,0,1,1,1
400,7.6595852140979,0.1472496104302775,FL,2022-07-31,0,0,0,1,0,0,0,0,1,0
401,23.0010215528924,0.157110222551105,FL,2022-08-01,0,0,1,0,0,0,0,0,0,0
402,14.4676850931429,0.167093698457962,FL,2022-08-02,0,0,0,0,0,0,0,0,0,0
403,8.56945317064446,0.138340013913276,FL,2022-08-03,0,0,0,1,1,0,0,0,1,1
404,1.42361038739917,0.10157549613894,FL,2022-08-04,1,1,1,1,1,0,0,1,1,1
405,13.5310078492124,0.165561370156864,FL,2022-08-05,0,0,1,1,0,0,0,0,1,0
406,1.3730118800549,0.118483377980635,FL,2022-08-06,0,1,1,1,1,1,1,1,1,1
407,7.88936757747042,0.172073714029828,FL,2022-08-07,0,0,0,1,1,0,0,0,1,1
408,5.63191914748596,0.138133127839748,FL,2022-08-08,1,0,0,1,0,0,0,0,1,0
409,2.06326026006574,0.1044722708121695,FL,2022-08-09,0,1,1,1,1,0,0,0,1,1
410,3.01305252460982,0.1018459979242735,FL,2022-08-10,0,0,1,1,1,0,0,0,1,1
411,24.4361799328031,0.156463128583105,FL,2022-08-11,0,0,0,1,1,0,0,0,1,1
412,19.2947251997064,0.148791619553016,FL,2022-08-12,0,0,0,1,0,0,0,0,1,0
413,7.67453202045909,0.1342173959965025,FL,2022-08-13,0,0,0,1,0,0,0,0,1,0
414,4.00155059395338,0.1227687123594375,FL,2022-08-14,0,0,1,0,1,0,0,1,0,1
415,2.1461239588513,0.0886473189597875,FL,2022-08-15,1,1,1,0,1,0,0,0,0,1
416,1.8618761938712,0.0865551899771085,FL,2022-08-16,1,1,1,0,1,1,0,1,0,1
417,5.29386168914698,0.117883283146542,FL,2022-08-17,0,0,1,1,0,0,0,0,1,0
418,22.9032507626069,0.1448047785892815,FL,2022-08-18,0,0,1,0,1,0,0,1,0,1
419,18.6018028200275,0.1378620317301405,FL,2022-08-19,0,0,1,0,1,0,0,0,0,1
420,2.19888588902228,0.088994958023442,FL,2022-08-20,0,0,1,1,1,0,0,0,1,1
421,6.17288777065278,0.2699789622568875,GA,2022-07-10,0,0,1,1,0,0,0,0,1,0
422,7.238126997311,0.287594645005394,GA,2022-07-11,0,0,0,1,0,0,0,0,1,0
423,9.60709375896726,0.253066946078188,GA,2022-07-12,0,0,1,1,1,0,0,0,1,1
424,1.31568649917114,0.2091153661517745,GA,2022-07-13,1,1,1,0,1,1,0,1,0,1
425,4.3144215477139,0.153011488708638,GA,2022-07-14,0,0,0,1,1,0,0,1,1,1
426,2.83209575366369,0.2445203814202885,GA,2022-07-15,0,0,1,1,1,0,0,1,1,0
427,6.44287567568662,0.2284289369836675,GA,2022-07-16,0,0,1,1,0,0,0,0,1,0
428,1.81121654010484,0.1945506013224145,GA,2022-07-17,1,1,1,1,0,0,0,0,1,0
429,2.08949410394368,0.2081312277824415,GA,2022-07-18,1,0,1,1,0,0,1,0,1,0
430,10.1419243003923,0.223198620640547,GA,2022-07-19,0,0,1,0,0,0,0,0,0,1
431,2.43121925759795,0.120683752125995,GA,2022-07-20,0,0,1,1,1,0,0,0,1,1
432,2.36873110415314,0.1958035342358905,GA,2022-07-21,1,0,0,1,1,0,0,0,1,1
433,6.05774574434115,0.24244382305423,GA,2022-07-22,0,0,1,1,1,0,0,0,1,1
434,8.85711033883446,0.257085183340022,GA,2022-07-23,0,0,0,1,0,0,0,0,1,0
435,2.33589047255551,0.154075256800287,GA,2022-07-24,1,1,1,1,0,0,0,0,1,0
436,2.2664247051396,0.1345953980420985,GA,2022-07-25,0,1,0,1,1,0,0,0,1,1
437,8.26566990548099,0.2356150096619855,GA,2022-07-26,0,0,0,1,0,0,0,0,1,0
438,1.20927289802245,0.122991554832148,GA,2022-07-27,1,1,1,0,1,0,0,0,0,1
439,6.96091782625832,0.18318118106814749,GA,2022-07-28,0,0,1,0,1,0,0,0,0,1
440,3.46798483532369,0.199970028785029,GA,2022-07-29,1,0,0,0,1,0,0,0,0,1
441,5.31775068314981,0.193785160053051,GA,2022-07-30,1,0,0,1,0,0,0,0,1,0
442,2.0545236236104,0.1524042746826505,GA,2022-07-31,1,0,1,0,0,1,0,1,0,0
443,15.7695772803192,0.1912135014491335,GA,2022-08-01,0,0,0,1,1,0,0,0,1,1
444,7.11951931755719,0.1676967196727535,GA,2022-08-02,0,0,1,0,0,0,0,1,0,0
445,3.70941628664233,0.1446654947589875,GA,2022-08-03,1,0,0,0,1,0,0,1,0,1
446,7.27733662840695,0.1679177187485775,GA,2022-08-04,0,0,0,1,1,0,0,0,1,1
447,18.7006483583597,0.2271882251687515,GA,2022-08-05,0,0,0,1,1,0,0,0,1,1
448,1.17369213354907,0.126873240964253,GA,2022-08-06,1,1,1,1,1,0,0,0,1,1
449,7.23356911688475,0.282271442769036,GA,2022-08-07,0,0,1,1,1,0,0,0,1,1
450,4.6540022715258,0.131518984904571,GA,2022-08-08,0,0,1,0,1,0,0,1,0,1
451,11.2550254942473,0.2006004101967195,GA,2022-08-09,0,0,1,1,1,0,0,1,1,1
452,10.0236882573658,0.1858205657559325,GA,2022-08-10,0,0,0,1,1,0,0,0,1,1
453,7.22053033939966,0.148853395325953,GA,2022-08-11,0,0,0,1,1,0,0,0,1,1
454,7.97639819635061,0.204029260780512,GA,2022-08-12,0,0,1,0,1,0,0,1,0,1
455,14.1316537977807,0.1780513216080075,GA,2022-08-13,0,0,1,1,1,0,0,1,1,1
456,14.5218852455765,0.1891806670388545,GA,2022-08-14,0,0,1,0,1,0,0,0,0,1
457,19.1221516556337,0.179137028839838,GA,2022-08-15,0,0,0,1,1,0,0,0,1,1
458,15.2951407722583,0.190304211803411,GA,2022-08-16,0,0,1,0,1,0,0,1,0,1
459,13.5072982882563,0.1954690658785885,GA,2022-08-17,0,0,1,1,1,0,0,1,1,1
460,12.453527309641,0.160848006128897,GA,2022-08-18,0,0,0,1,1,0,0,0,1,1
461,6.82329648228223,0.1599540832855085,GA,2022-08-19,0,0,0,0,1,0,0,0,0,1
462,6.13862736042673,0.16502902410242,GA,2022-08-20,0,0,1,0,1,0,0,0,0,1
463,0.493273140034812,0.2491174412898855,HI,2022-07-10,1,1,1,1,1,1,1,1,1,1
464,2.50388743261229,0.111146440910892,HI,2022-07-11,0,0,0,0,1,0,0,0,0,1
465,1.90269693346525,0.31368883045259,HI,2022-07-12,1,1,1,0,1,1,0,0,0,1
466,0.854009826730394,0.2113589521687205,HI,2022-07-13,1,1,1,1,1,1,1,1,1,1
467,1.46247267042578,0.043568359141071,HI,2022-07-14,1,0,1,1,1,0,0,0,1,1
468,1.7989279087708,0.0403318590079491,HI,2022-07-15,0,0,1,1,1,1,1,1,1,1
469,3.8455352627207,0.331723885312365,HI,2022-07-16,1,0,0,1,1,0,0,0,1,1
470,0.161422250543256,0.0346807313528549,HI,2022-07-17,1,1,1,1,1,1,1,1,1,1
471,0.613361641597869,0.1058422315332205,HI,2022-07-18,1,1,1,1,1,1,1,1,1,1
472,1.22255687622268,0.15296884691249,HI,2022-07-19,1,1,1,0,1,0,0,1,0,1
473,1.48374274976816,0.417611042098147,HI,2022-07-20,1,0,0,1,0,1,0,0,1,0
474,1.07735599796289,0.127904250545059,HI,2022-07-21,1,1,1,1,0,0,1,1,1,0
475,1.28631250929882,0.02426220752707775,HI,2022-07-22,1,0,1,1,1,1,1,1,1,1
476,1.85077247921882,0.3901447747805265,HI,2022-07-23,0,0,1,1,1,0,0,0,1,1
477,0.446629372557488,0.02119325849782495,HI,2022-07-24,1,1,1,1,1,1,1,1,1,1
478,0.0279782778124913,0.0198375021792962,HI,2022-07-25,1,1,1,1,1,1,1,1,1,1
479,0.531221684513158,0.01858613407989905,HI,2022-07-26,1,1,1,1,1,0,0,1,1,1
480,0.766202387871368,0.01742949537546475,HI,2022-07-27,1,1,1,1,1,1,1,1,1,1
481,0.358561065712537,0.141323868184434,HI,2022-07-28,1,1,1,1,1,1,1,1,1,1
482,0.403973721389382,0.084178805112094,HI,2022-07-29,1,1,1,1,1,0,0,1,1,1
483,0.713984961745612,0.148358120226648,HI,2022-07-30,1,1,1,1,1,0,0,0,1,1
484,0.885694409334678,0.398842700610892,HI,2022-07-31,0,0,1,1,1,0,0,1,1,1
485,0.0179065882477824,0.0127933016336255,HI,2022-08-01,1,1,1,1,1,1,1,1,1,1
486,0.123872893817619,0.01205122506270725,HI,2022-08-02,1,1,1,1,1,0,0,1,1,1
487,0.89622881980565,0.184786886309185,HI,2022-08-03,1,1,0,1,1,0,1,0,1,1
488,0.935442535789481,0.4082380367503765,HI,2022-08-04,0,0,1,1,1,0,0,1,1,1
489,0.0497259252015086,0.01010811582391115,HI,2022-08-05,1,1,1,1,1,1,1,1,1,1
490,0.0144818721226821,0.00954245031825025,HI,2022-08-06,1,1,1,1,1,1,1,1,1,1
491,0.452802498430799,0.1442551825962545,HI,2022-08-07,1,1,1,1,1,0,0,1,1,1
492,0.0912361995057224,0.0085155871428269,HI,2022-08-08,1,1,1,1,1,1,1,1,1,1
493,0.81575673580581,0.28189981216431,HI,2022-08-09,0,1,1,1,1,1,1,1,1,1
494,0.0105186093324979,0.0076110956011432,HI,2022-08-10,1,1,1,1,1,1,1,1,1,1
495,0.00946729711481352,0.007199247909921,HI,2022-08-11,1,1,1,1,1,1,1,1,1,1
496,1.6942487580664,0.2853334597227665,HI,2022-08-12,0,0,1,1,1,0,0,1,1,1
497,0.354363882122115,0.099775679848141,HI,2022-08-13,1,1,1,1,1,1,1,1,1,1
498,0.632154342360026,0.174947501487715,HI,2022-08-14,1,1,1,1,1,0,0,1,1,1
499,0.0290435385706451,0.005779508360378,HI,2022-08-15,1,1,1,1,1,1,1,1,1,1
500,0.0630473130241353,0.00547402165907375,HI,2022-08-16,1,1,1,1,1,1,1,1,1,1
501,0.896343862887262,0.2906107237474405,HI,2022-08-17,0,0,1,1,1,0,0,1,1,1
502,1.24046061123152,0.86497703642428,HI,2022-08-18,0,0,1,1,1,0,0,1,1,1
503,0.00669842253056431,0.004656522184882415,HI,2022-08-19,1,1,1,1,1,1,1,1,1,1
504,0.497030632499085,0.03910642673368365,HI,2022-08-20,1,1,1,1,1,1,1,1,1,1
505,2.71964646136138,0.267080284530008,IA,2022-07-10,0,1,1,1,0,0,0,0,1,0
506,1.7973524585057301,0.192246661473824,IA,2022-07-11,1,1,1,1,1,0,0,0,1,1
507,1.89759363005326,0.1971761845195855,IA,2022-07-12,1,1,0,1,1,0,0,0,1,1
508,2.77103316538616,0.270067796870821,IA,2022-07-13,1,0,0,1,0,1,0,1,1,0
509,2.37601070076447,0.1208473014332815,IA,2022-07-14,1,0,0,1,1,0,0,0,1,1
510,2.311915400001,0.2655981582224525,IA,2022-07-15,0,0,1,1,1,0,0,1,1,1
511,1.47448609936295,0.226935841949955,IA,2022-07-16,1,1,1,0,0,0,1,0,0,0
512,1.70660069583588,0.099891587205666,IA,2022-07-17,1,0,0,1,1,0,0,0,1,1
513,1.0997702424776299,0.1678709681141455,IA,2022-07-18,1,1,1,1,1,0,0,0,1,1
514,3.02012190468657,0.213925449114959,IA,2022-07-19,1,0,1,1,0,0,1,0,1,0
515,1.46813182874652,0.192384534721903,IA,2022-07-20,1,1,0,1,1,0,0,1,1,1
516,1.90331186493218,0.2177929633643005,IA,2022-07-21,0,0,1,1,1,0,0,0,1,1
517,1.36002053322751,0.209278812150311,IA,2022-07-22,1,1,1,1,0,0,0,0,1,0
518,1.53401106638812,0.1347714903093715,IA,2022-07-23,0,1,0,1,1,0,0,1,1,1
519,0.402815120387896,0.101035629930748,IA,2022-07-24,1,1,1,1,1,0,0,1,1,1
520,4.67406796798598,0.213973170809071,IA,2022-07-25,1,0,0,0,1,1,0,0,0,1
521,3.18615200121683,0.2047082359350085,IA,2022-07-26,0,0,1,1,1,0,0,0,1,1
522,3.93013734718975,0.2549334802715205,IA,2022-07-27,0,0,0,1,1,1,0,0,1,1
523,1.67687888685463,0.102340033240442,IA,2022-07-28,0,1,0,1,1,0,1,0,1,1
524,0.713242989485592,0.1459252307461465,IA,2022-07-29,1,1,1,1,1,1,0,0,1,1
525,5.15623766562507,0.341803920466647,IA,2022-07-30,0,0,1,1,1,0,0,1,1,1
526,3.27154343015326,0.196774507534541,IA,2022-07-31,0,0,1,1,0,0,0,1,1,0
527,2.41177685971452,0.1482405678613925,IA,2022-08-01,1,0,1,1,0,0,0,0,1,0
528,0.891170614969361,0.1047305891176045,IA,2022-08-02,1,1,1,1,1,1,1,1,1,1
529,0.951526381666636,0.0833745029527785,IA,2022-08-03,1,1,1,1,1,1,0,0,1,1
530,0.564076276129242,0.0798473934225095,IA,2022-08-04,1,1,1,1,1,0,0,0,1,1
531,2.02058448147277,0.173310236323483,IA,2022-08-05,0,0,1,1,1,0,1,0,1,1
532,1.09783363767437,0.1368313236921945,IA,2022-08-06,0,1,1,1,1,0,0,1,1,1
533,1.12568739633479,0.13510381805153,IA,2022-08-07,1,1,1,1,0,1,0,0,1,0
534,5.81797112036145,0.183497752120984,IA,2022-08-08,0,0,1,1,1,0,0,0,1,0
535,0.9282495617568,0.0689048877112075,IA,2022-08-09,1,1,1,1,1,0,0,0,1,1
536,0.742826224665579,0.086312772266615,IA,2022-08-10,1,1,1,1,1,0,0,1,1,1
537,0.576349366787878,0.04677242605493505,IA,2022-08-11,1,1,1,1,1,0,0,1,1,1
538,0.685681376672727,0.1112574173992665,IA,2022-08-12,1,1,1,1,1,0,0,1,1,1
539,0.829796297044574,0.126441008359744,IA,2022-08-13,1,1,1,1,1,1,1,1,1,1
540,0.845749227089456,0.00610340954197015,IA,2022-08-14,1,1,1,1,1,0,0,1,1,1
541,1.13400610641686,0.061339161276704,IA,2022-08-15,1,1,1,1,1,0,0,0,1,1
542,0.850975375395835,0.0936506872772875,IA,2022-08-16,1,1,1,1,1,0,0,1,1,1
543,1.73572361792713,0.1278759761143985,IA,2022-08-17,1,0,0,1,0,0,0,0,1,0
544,1.03283174287168,0.00491358969455554,IA,2022-08-18,1,0,1,1,1,1,1,1,1,1
545,3.03496906024838,0.1439700751939775,IA,2022-08-19,0,0,1,1,1,0,0,1,1,1
546,1.01646294378071,0.1079237774174795,IA,2022-08-20,1,1,1,0,1,0,1,1,0,1
547,1.3925658900066,0.636328773597025,ID,2022-07-10,1,0,0,1,1,0,1,0,1,1
548,1.45013917304283,0.3129790878691285,ID,2022-07-11,1,0,1,1,0,0,0,0,1,0
549,0.489018061327556,0.24889819391863,ID,2022-07-12,1,1,1,1,1,0,1,1,1,0
550,1.04001975644139,0.04711643822431075,ID,2022-07-13,1,0,1,1,1,1,1,1,1,1
551,1.46363329383536,0.043568359141071,ID,2022-07-14,1,0,1,1,1,0,0,0,1,1
552,1.40744877042925,0.312318611180348,ID,2022-07-15,1,1,0,1,1,0,0,0,1,1
553,0.941422051433666,0.1920109346519525,ID,2022-07-16,1,1,1,1,0,1,0,0,1,0
554,0.460555689113058,0.127839096856871,ID,2022-07-17,1,1,1,1,1,1,0,0,1,1
555,0.911331135470699,0.1127916920306705,ID,2022-07-18,1,1,1,1,1,0,0,1,1,1
556,0.580075672087409,0.02995999830823475,ID,2022-07-19,1,1,1,1,1,0,0,1,1,1
557,0.390225865518958,0.0278945040607026,ID,2022-07-20,1,1,1,1,1,1,0,0,1,1
558,0.248404031747183,0.0260007164902436,ID,2022-07-21,1,1,1,1,1,1,1,1,1,1
559,0.0301281935508329,0.02426220752707775,ID,2022-07-22,1,1,1,1,1,1,1,1,1,1
560,0.21675312667478,0.0226641655065884,ID,2022-07-23,1,1,1,1,1,1,1,1,1,1
561,0.443512779294336,0.02119325849782495,ID,2022-07-24,1,1,1,1,1,0,0,1,1,1
562,0.298409527135394,0.0198375021792962,ID,2022-07-25,1,1,1,1,1,1,1,1,1,1
563,0.631058363337782,0.1050253748327545,ID,2022-07-26,1,1,1,1,1,0,0,1,1,0
564,0.178354803550861,0.01742949537546475,ID,2022-07-27,1,1,1,1,1,0,0,1,1,1
565,0.157562979832747,0.0163589209326255,ID,2022-07-28,1,1,1,1,1,1,0,0,1,1
566,0.0759797301627075,0.01536663790438485,ID,2022-07-29,1,1,1,1,1,1,1,1,1,1
567,1.0779957096659,0.436002401408109,ID,2022-07-30,1,0,0,1,1,1,0,0,1,1
568,0.0669751183141112,0.0135897674482263,ID,2022-07-31,1,1,1,1,1,0,0,1,1,1
569,0.131142141745013,0.0127933016336255,ID,2022-08-01,1,1,1,1,1,0,0,1,1,1
570,0.694237587564654,0.01205122506270725,ID,2022-08-02,1,1,1,1,1,0,0,1,1,1
571,0.736417312045713,0.2744314036133925,ID,2022-08-03,1,1,1,1,1,0,0,1,1,1
572,0.0548477587797384,0.0107125211429588,ID,2022-08-04,1,1,1,1,1,0,0,0,1,1
573,NA,NA,ID,2022-08-05,NA,NA,NA,NA,NA,NA,NA,NA,NA,NA
574,2.00501602700622,0.85358698957083,ID,2022-08-06,0,0,0,1,1,0,0,0,1,1
575,0.160580045877736,0.0090125155072259,ID,2022-08-07,1,1,1,1,1,1,1,1,1,1
576,0.151305029614289,0.0085155871428269,ID,2022-08-08,1,1,1,1,1,1,1,1,1,1
577,0.0394289439825182,0.00804919501032105,ID,2022-08-09,1,1,1,1,1,0,0,1,1,1
578,0.039217504830396,0.0076110956011432,ID,2022-08-10,1,1,1,1,1,1,1,1,1,1
579,0.0781512615227991,0.007199247909921,ID,2022-08-11,1,1,1,1,1,0,0,1,1,1
580,0.0370867079543002,0.0068117920051666,ID,2022-08-12,1,1,1,1,1,1,1,1,1,1
581,0.0731441932548176,0.0064470300575313,ID,2022-08-13,1,1,1,1,1,0,0,1,1,1
582,0.00794952069712854,0.00610340954197015,ID,2022-08-14,1,1,1,1,1,1,1,1,1,1
583,0.0663829060656014,0.005779508360378,ID,2022-08-15,1,1,1,1,1,1,1,1,1,1
584,0.0290093905292401,0.00547402165907375,ID,2022-08-16,1,1,1,1,1,1,1,1,1,1
585,0.142320977870135,0.00518575014088465,ID,2022-08-17,1,1,1,1,1,1,1,1,1,1
586,0.0547078482636867,0.00491358969455554,ID,2022-08-18,1,1,1,1,1,1,1,1,1,1
587,0.0874589142503173,0.004656522184882415,ID,2022-08-19,1,1,1,1,1,1,1,1,1,1
588,0.0481514532460566,0.004413607265471685,ID,2022-08-20,1,1,1,1,1,1,1,1,1,1
589,4.76070958824294,0.206345800451077,IL,2022-07-10,0,0,1,1,1,0,0,0,1,0
590,9.80440914651606,0.19206210253629,IL,2022-07-11,0,0,0,1,0,0,0,0,1,0
591,4.80172424644793,0.1824437847088635,IL,2022-07-12,1,0,0,0,0,0,0,0,0,0
592,2.48859402817165,0.2196008487535,IL,2022-07-13,1,1,1,1,0,0,0,0,1,0
593,6.18505927542358,0.1279654469203255,IL,2022-07-14,0,0,0,1,0,0,0,0,1,0
594,5.54991007426841,0.2106763744060895,IL,2022-07-15,1,0,1,1,0,0,0,0,1,0
595,3.20444627475612,0.1982667757447325,IL,2022-07-16,1,1,1,1,0,0,0,0,1,0
596,5.42402485567072,0.186296770854895,IL,2022-07-17,1,1,0,0,0,0,0,0,0,0
597,3.27533598990555,0.1768202303975595,IL,2022-07-18,1,1,1,1,0,0,0,0,1,0
598,2.98128820860758,0.1421767204319505,IL,2022-07-19,0,0,1,1,0,0,0,0,1,1
599,4.60938449182716,0.230144395382873,IL,2022-07-20,1,0,0,1,1,0,0,0,1,1
600,9.99916155134395,0.236128501765335,IL,2022-07-21,0,0,0,1,1,0,0,0,1,1
601,2.94679333290595,0.157967139688146,IL,2022-07-22,1,1,1,1,0,0,0,0,1,0
602,3.24988154198952,0.1556613255853675,IL,2022-07-23,0,1,1,1,0,0,0,0,1,0
603,2.47805882544627,0.1505870378156385,IL,2022-07-24,0,1,1,1,0,0,0,0,1,0
604,12.2197865390202,0.1800999108659155,IL,2022-07-25,0,0,0,1,0,0,0,0,1,0
605,2.51281797910337,0.1120648093271105,IL,2022-07-26,1,1,0,0,0,0,0,0,0,0
606,3.01431159081865,0.1586799098645595,IL,2022-07-27,1,0,1,0,1,0,0,1,0,1
607,3.20064220768105,0.154770607025802,IL,2022-07-28,1,0,1,0,1,1,0,0,0,1
608,6.54864656580602,0.140114085123141,IL,2022-07-29,0,0,0,0,1,0,0,0,0,1
609,1.8356064518356,0.105217100866643,IL,2022-07-30,1,1,1,1,0,1,0,0,1,0
610,2.33531101177894,0.117796138468568,IL,2022-07-31,1,1,1,1,0,0,1,0,1,0
611,7.27599139825001,0.144356769191794,IL,2022-08-01,1,0,1,0,0,0,0,0,0,0
612,7.32616303734966,0.1764879081837045,IL,2022-08-02,0,0,0,0,1,0,0,0,0,1
613,4.99840805355236,0.163454819522842,IL,2022-08-03,0,0,0,1,0,0,0,0,1,0
614,3.00885557647326,0.1386183245900975,IL,2022-08-04,1,0,1,0,0,0,1,0,0,0
615,6.9862404463691,0.143557615678,IL,2022-08-05,0,0,0,1,1,0,0,0,1,1
616,2.74717897773246,0.1209654815430565,IL,2022-08-06,1,1,0,0,0,0,0,0,0,0
617,3.74212337318729,0.151138709085901,IL,2022-08-07,0,0,1,1,0,0,0,1,1,0
618,6.21317477461395,0.1546231577387565,IL,2022-08-08,0,0,1,1,0,0,0,1,1,0
619,1.90655487270261,0.1169896770061,IL,2022-08-09,0,0,1,1,1,0,0,0,1,1
620,7.25361922827443,0.180631601157548,IL,2022-08-10,0,0,0,1,0,0,0,0,1,0
621,4.82436827252094,0.1232694664048245,IL,2022-08-11,1,0,1,0,0,0,0,0,0,0
622,4.15007606584978,0.110626180930619,IL,2022-08-12,0,0,1,0,0,0,0,0,0,0
623,15.8376325979553,0.1949893362592375,IL,2022-08-13,0,0,0,0,0,0,0,0,0,0
624,1.65957175611631,0.081696061579989,IL,2022-08-14,1,1,1,0,1,0,0,1,0,1
625,9.35705939450652,0.1134510270178915,IL,2022-08-15,0,0,1,0,0,0,0,0,0,0
626,2.27311189106542,0.096393961318743,IL,2022-08-16,0,0,1,1,1,0,0,1,1,1
627,1.49056775177157,0.0894095128444585,IL,2022-08-17,0,1,1,1,1,0,0,1,1,1
628,6.95936754269111,0.1121113523861565,IL,2022-08-18,0,0,1,0,1,0,0,0,0,1
629,9.37429947467732,0.106273466732693,IL,2022-08-19,0,0,1,1,1,0,0,1,1,0
630,2.62560636349428,0.0883478479143715,IL,2022-08-20,0,0,1,1,1,1,0,0,1,1
631,1.17133636144752,0.19296287872306,IN,2022-07-10,1,1,1,1,1,0,0,0,1,1
632,2.28067099924789,0.2309705011424215,IN,2022-07-11,1,1,1,1,0,0,0,0,1,0
633,1.68405364303317,0.2211319199723615,IN,2022-07-12,1,1,1,1,1,0,0,0,1,0
634,1.41052882454914,0.178835456715927,IN,2022-07-13,1,1,1,1,1,0,0,1,1,1
635,3.56303702660205,0.22668787733825,IN,2022-07-14,0,0,1,1,1,0,0,0,1,1
636,1.62617699141141,0.189864030950131,IN,2022-07-15,1,1,1,0,1,0,0,0,0,1
637,3.89373882183545,0.246379015263205,IN,2022-07-16,1,0,0,0,0,0,1,0,0,0
638,0.748468169401987,0.1815633317458355,IN,2022-07-17,1,1,1,1,1,0,0,0,1,1
639,2.85623966046478,0.1340835030387125,IN,2022-07-18,0,0,1,1,1,0,0,1,1,1
640,2.80832408747648,0.215041383183958,IN,2022-07-19,0,0,1,1,0,0,1,1,1,0
641,2.39032774457532,0.0830407537323235,IN,2022-07-20,0,0,1,1,1,0,0,0,1,1
642,4.21804011725012,0.0813687505525815,IN,2022-07-21,0,0,0,1,1,0,0,0,1,1
643,3.67467359869027,0.2198877699900525,IN,2022-07-22,0,0,1,1,0,0,0,0,1,0
644,1.51500454393392,0.187820084935599,IN,2022-07-23,1,1,1,1,1,1,1,1,1,1
645,3.20163291168578,0.1000440545632675,IN,2022-07-24,0,0,1,0,1,0,0,1,0,1
646,1.40125398099362,0.121197533047476,IN,2022-07-25,1,1,0,0,1,1,0,1,0,1
647,1.10880249012542,0.140008778567439,IN,2022-07-26,1,1,1,1,1,0,1,0,1,1
648,1.42601688895472,0.1523518112796005,IN,2022-07-27,1,1,1,1,0,0,1,0,1,0
649,1.00487222355839,0.127350146591357,IN,2022-07-28,1,1,1,1,1,0,0,0,1,1
650,4.19487713395816,0.1897819985840145,IN,2022-07-29,1,0,0,1,0,0,0,0,1,0
651,3.27442809301131,0.1733395418174345,IN,2022-07-30,1,0,1,0,0,0,1,0,0,0
652,2.35698598170822,0.1334439626114885,IN,2022-07-31,1,1,0,0,1,0,0,0,0,1
653,1.37765175656363,0.117438548480333,IN,2022-08-01,1,1,1,1,1,0,0,0,1,1
654,8.6512390044838,0.1872509729292425,IN,2022-08-02,0,0,1,1,0,0,0,0,1,0
655,5.01397428922427,0.1585702180100365,IN,2022-08-03,0,0,1,0,1,0,0,0,0,1
656,2.58609885462216,0.139193982712253,IN,2022-08-04,1,0,1,1,0,0,0,0,1,0
657,2.59048320199825,0.13182638758143,IN,2022-08-05,1,0,0,1,0,0,0,0,1,0
658,5.74386534832099,0.161801752628386,IN,2022-08-06,0,0,0,0,1,0,0,0,0,1
659,3.76329656389397,0.150135298556647,IN,2022-08-07,0,0,1,1,1,0,0,1,1,1
660,4.70138905571429,0.1415432861159215,IN,2022-08-08,0,0,1,0,1,0,0,0,0,1
661,0.847227930685601,0.056375774508084,IN,2022-08-09,1,1,1,1,1,0,0,1,1,1
662,1.04796333777347,0.0728506433633105,IN,2022-08-10,1,1,1,1,1,1,1,1,1,1
663,1.55518169755794,0.098118409900537,IN,2022-08-11,1,1,1,1,0,0,0,1,1,0
664,3.10450098659615,0.131257643538562,IN,2022-08-12,0,0,1,1,1,0,1,0,1,1
665,3.82945322580481,0.158986750329858,IN,2022-08-13,0,0,1,1,0,0,0,1,1,0
666,5.1351244622793,0.18560806538612,IN,2022-08-14,0,0,0,1,1,0,0,0,1,1
667,4.20178347823427,0.115955841134639,IN,2022-08-15,0,0,1,1,1,0,0,0,1,1
668,0.686690555113402,0.065289771435172,IN,2022-08-16,1,1,1,1,1,0,0,1,1,1
669,1.47318780502303,0.0840531770584855,IN,2022-08-17,1,1,1,1,1,0,0,1,1,1
670,1.33777884414466,0.0892335354523715,IN,2022-08-18,1,1,1,1,1,0,0,0,1,1
671,8.29583533948161,0.185166915316734,IN,2022-08-19,0,0,1,0,1,0,0,1,0,1
672,3.84684692643696,0.112828668103634,IN,2022-08-20,0,0,1,1,1,0,0,1,1,1
673,0.271667220035063,0.05995311026087,KS,2022-07-10,1,1,1,1,1,1,0,0,1,1
674,0.443823117434388,0.0552742217976275,KS,2022-07-11,1,1,1,1,1,1,1,1,1,1
675,0.510138588534133,0.1865564985114975,KS,2022-07-12,1,1,1,1,1,1,0,0,1,1
676,7.24522728646248,0.3546959245414775,KS,2022-07-13,0,0,1,1,1,0,0,1,1,0
677,0.592567241962676,0.1896857740584085,KS,2022-07-14,1,1,1,1,1,1,0,0,1,1
678,1.73845518093575,0.2203067279345525,KS,2022-07-15,0,1,1,1,1,0,1,0,1,1
679,5.64248585398947,0.322356683063356,KS,2022-07-16,0,0,0,1,1,0,0,0,1,1
680,2.6120364590647,0.252050250862226,KS,2022-07-17,0,0,1,1,1,0,0,0,1,1
681,2.79711721770633,0.339102051274368,KS,2022-07-18,0,0,1,1,1,0,0,0,1,1
682,1.23131286740421,0.290483844764718,KS,2022-07-19,1,0,1,1,1,1,0,0,1,1
683,0.140217308433537,0.0278945040607026,KS,2022-07-20,1,1,1,1,1,1,0,0,1,1
684,0.735459204575412,0.135007594335199,KS,2022-07-21,1,1,1,1,1,1,1,1,1,1
685,0.393894207547356,0.164510820117531,KS,2022-07-22,1,1,1,1,1,0,0,1,1,1
686,0.65033798346817,0.1887549949100945,KS,2022-07-23,1,1,1,1,1,0,0,0,1,1
687,1.0055464198626,0.2265022136110555,KS,2022-07-24,0,1,1,1,1,0,0,1,1,1
688,3.65399707290982,0.281936316041879,KS,2022-07-25,0,0,0,1,1,0,0,0,1,1
689,0.400577260396702,0.01858613407989905,KS,2022-07-26,1,1,1,1,1,0,0,1,1,1
690,0.747382555922042,0.165908121516557,KS,2022-07-27,1,1,1,1,1,1,1,1,1,1
691,0.616136247038874,0.141323868184434,KS,2022-07-28,1,1,1,1,1,0,0,1,1,1
692,1.30813178188866,0.229007971645449,KS,2022-07-29,1,0,1,1,1,0,0,0,1,1
693,0.233631449839898,0.01444567288887575,KS,2022-07-30,1,1,1,1,1,1,1,1,1,1
694,1.46868224616178,0.2147711597596425,KS,2022-07-31,1,0,1,0,1,0,0,1,0,1
695,2.30878322102937,0.30415079324813,KS,2022-08-01,0,0,1,1,1,0,0,1,1,1
696,1.95654779930783,0.3155527161767725,KS,2022-08-02,0,0,0,1,1,0,0,0,1,1
697,3.0475844720976,0.3794382577251,KS,2022-08-03,0,0,0,1,1,0,0,0,1,1
698,3.74546328770468,0.322446856522809,KS,2022-08-04,0,0,0,1,1,0,0,0,1,1
699,2.47256704046642,0.425706505526871,KS,2022-08-05,0,0,1,1,0,0,0,1,1,0
700,1.2398658826927,0.2110831664936615,KS,2022-08-06,0,0,1,1,1,1,1,1,1,1
701,0.449366929993377,0.1442551825962545,KS,2022-08-07,1,1,1,1,1,0,0,1,1,1
702,0.305173517715372,0.0901739307993,KS,2022-08-08,1,1,1,1,1,1,1,1,1,1
703,1.12839138264497,0.00804919501032105,KS,2022-08-09,1,0,1,1,1,1,1,1,1,1
704,4.80266848698656,0.2807935077224975,KS,2022-08-10,0,0,0,1,0,0,0,0,1,0
705,10.9877428823032,0.333677967606287,KS,2022-08-11,0,0,1,1,1,0,0,1,1,1
706,0.768569309598466,0.0068117920051666,KS,2022-08-12,1,1,1,1,1,1,1,1,1,1
707,0.306086000276205,0.0828068344316665,KS,2022-08-13,1,1,1,1,1,0,0,1,1,1
708,0.417665858869591,0.00610340954197015,KS,2022-08-14,1,1,1,1,1,0,0,1,1,1
709,1.50399085126458,0.2178689489508305,KS,2022-08-15,0,0,1,1,1,0,0,1,1,1
710,3.8798896872151,0.315428361407946,KS,2022-08-16,0,0,1,1,1,0,0,1,1,1
711,0.30356674088,0.0710530517423975,KS,2022-08-17,1,1,1,1,1,0,0,1,1,1
712,0.797635916921815,0.219929451376987,KS,2022-08-18,0,1,1,1,1,0,0,1,1,1
713,1.84987983721583,0.2925711984036785,KS,2022-08-19,0,0,1,1,1,0,0,1,1,1
714,0.0064745383821323,0.004413607265471685,KS,2022-08-20,1,1,1,1,1,1,1,1,1,1
715,1.49122496195218,0.1822303730947035,KY,2022-07-10,0,1,1,1,1,0,0,0,1,1
716,2.4907527831508,0.218879261052079,KY,2022-07-11,1,1,1,1,0,0,0,0,1,0
717,1.02528385278852,0.1777066629133425,KY,2022-07-12,1,1,1,1,1,1,0,0,1,1
718,2.0063554381888,0.236894270515213,KY,2022-07-13,1,1,1,1,0,0,0,0,1,0
719,1.48686417335507,0.200012711658781,KY,2022-07-14,1,1,1,1,0,0,1,1,1,0
720,2.06792466411404,0.233014340370808,KY,2022-07-15,0,0,1,1,1,0,0,0,1,1
721,2.07468266302246,0.2061154366866005,KY,2022-07-16,0,1,0,1,1,0,0,0,1,1
722,1.38766444140554,0.110408266089256,KY,2022-07-17,1,0,1,1,1,0,0,1,1,1
723,2.43593856017307,0.223428144420967,KY,2022-07-18,0,0,1,0,1,0,0,0,0,1
724,2.59894592166634,0.2152818047409445,KY,2022-07-19,0,0,1,1,1,0,0,0,1,1
725,1.52262008931563,0.1435224145572115,KY,2022-07-20,1,1,1,1,0,0,1,0,1,0
726,1.69373717196222,0.1324750021507735,KY,2022-07-21,0,1,1,1,1,0,0,1,1,1
727,2.50646798695125,0.1832171270849955,KY,2022-07-22,1,1,0,1,1,0,0,0,1,1
728,0.778365666588568,0.3776972610126245,KY,2022-07-23,0,1,1,1,1,0,0,1,1,1
729,2.8146187575823,0.02119325849782495,KY,2022-07-24,0,0,1,1,1,1,0,0,1,1
730,2.73420480313588,0.1630721694611345,KY,2022-07-25,1,1,0,1,0,1,0,0,1,0
731,2.91912223131648,0.04307725229320805,KY,2022-07-26,0,0,1,1,1,1,0,0,1,1
732,1.17231615939909,0.089273991895348,KY,2022-07-27,1,1,1,1,1,0,0,0,1,1
733,0.77793677914309,0.161885177031107,KY,2022-07-28,1,1,1,1,1,1,0,0,1,1
734,1.63888972102885,0.1729386260296525,KY,2022-07-29,1,0,1,1,0,0,0,1,1,0
735,0.804797776102845,0.059377197066217,KY,2022-07-30,1,1,1,1,1,0,0,1,1,1
736,4.0493562062896,0.3099381775733535,KY,2022-07-31,0,0,1,1,1,0,0,0,1,0
737,1.84417028018599,0.1562905832841385,KY,2022-08-01,1,0,0,1,1,0,0,0,1,1
738,1.63476466712908,0.0555616405402255,KY,2022-08-02,1,0,1,1,1,1,0,0,1,1
739,0.574446348982582,0.079986579881675,KY,2022-08-03,1,1,1,1,1,0,0,1,1,1
740,0.688124404267598,0.1024491785908245,KY,2022-08-04,1,1,1,1,1,0,0,1,1,1
741,3.04483800904369,0.2084008369631295,KY,2022-08-05,0,0,0,1,1,0,0,0,1,1
742,0.552829843625783,0.074035479494382,KY,2022-08-06,1,1,1,1,1,0,0,1,1,1
743,0.679630594721262,0.124934801583536,KY,2022-08-07,1,1,1,1,1,0,0,1,1,1
744,0.599707510869397,0.0850702843207705,KY,2022-08-08,1,1,1,1,1,0,0,1,1,1
745,1.51093595224089,0.00804919501032105,KY,2022-08-09,0,0,1,1,1,0,0,1,1,1
746,2.9485290351646,0.1686326103290025,KY,2022-08-10,1,0,0,1,1,0,0,0,1,1
747,4.2562041300553,0.2132979227947985,KY,2022-08-11,0,0,1,0,0,0,0,1,0,0
748,1.52848684766464,0.082652392358918,KY,2022-08-12,0,1,1,0,1,0,0,0,0,1
749,1.11382481975952,0.159166638805802,KY,2022-08-13,0,0,1,1,1,0,0,1,1,1
750,0.272434685633554,0.00610340954197015,KY,2022-08-14,1,1,1,1,1,0,0,1,1,1
751,1.44882023156364,0.0287080965323188,KY,2022-08-15,0,0,1,1,1,0,0,1,1,1
752,1.18558589884762,0.119480850644244,KY,2022-08-16,1,1,0,1,1,0,1,0,1,1
753,2.57396569502013,0.131108532614365,KY,2022-08-17,0,0,1,1,1,0,0,1,1,1
754,6.46824188596799,0.1863830138486485,KY,2022-08-18,0,0,0,1,1,0,0,0,1,1
755,0.862710262997938,0.0882446539903395,KY,2022-08-19,1,1,1,1,1,1,1,1,1,1
756,0.471469487542312,0.071130567781264,KY,2022-08-20,1,1,1,1,1,0,1,0,1,1
757,1.92952616597647,0.1986038564939855,LA,2022-07-10,1,1,0,1,1,0,0,0,1,1
758,1.37592034066373,0.2152290451994055,LA,2022-07-11,1,1,1,1,1,0,0,1,1,1
759,0.959227628874053,0.232724697277609,LA,2022-07-12,1,1,1,1,0,0,0,1,1,0
760,1.9828701115835,0.2056233249424565,LA,2022-07-13,0,1,0,1,1,0,0,0,1,1
761,1.70288369964261,0.241617012957916,LA,2022-07-14,1,0,1,1,1,0,0,0,1,1
762,3.11733829068757,0.270205838116852,LA,2022-07-15,1,0,1,0,1,0,0,0,0,1
763,1.6325498859347,0.161422912480948,LA,2022-07-16,0,1,1,1,1,0,0,0,1,1
764,3.4529529852592,0.2887105163348975,LA,2022-07-17,0,0,1,1,1,0,0,0,1,1
765,1.95625174817739,0.219326535133108,LA,2022-07-18,0,0,1,1,1,0,0,0,1,1
766,1.29829755816516,0.2518007836209265,LA,2022-07-19,1,0,1,1,0,0,0,0,1,0
767,0.45624083991391,0.1132228540407055,LA,2022-07-20,1,1,1,1,1,0,0,1,1,1
768,1.31679650833858,0.0846967276375275,LA,2022-07-21,0,1,1,1,1,0,1,0,1,1
769,7.2033651749286,0.321788988601551,LA,2022-07-22,1,0,0,1,1,0,0,0,1,1
770,1.14910338224585,0.1663471344195,LA,2022-07-23,1,1,1,1,0,0,0,1,1,0
771,1.04856097257309,0.1564072938172655,LA,2022-07-24,1,1,1,1,0,1,0,0,1,0
772,1.3379476541109,0.1601427491129545,LA,2022-07-25,1,1,1,1,0,0,0,0,1,0
773,1.67860591838663,0.1598810468489895,LA,2022-07-26,0,1,1,1,1,0,0,0,1,1
774,2.54450126857436,0.2827553571047515,LA,2022-07-27,1,0,0,1,0,0,0,0,1,0
775,1.31368579589237,0.152684317934598,LA,2022-07-28,0,1,1,1,1,1,1,1,1,1
776,0.596311916427726,0.131817997794354,LA,2022-07-29,1,1,1,1,1,0,0,0,1,1
777,1.31054541511239,0.1781247966777615,LA,2022-07-30,0,1,1,1,1,1,1,1,1,1
778,0.979554790936358,0.128519231128613,LA,2022-07-31,1,1,1,1,0,0,0,1,1,0
779,3.67698862535264,0.1926357842495985,LA,2022-08-01,0,0,1,1,1,0,0,0,1,1
780,1.94237948190983,0.2055599839235535,LA,2022-08-02,1,0,0,1,1,0,0,0,1,1
781,0.543650439887145,0.110011148252014,LA,2022-08-03,1,1,1,1,1,0,0,1,1,1
782,4.15221619797146,0.2946593180054,LA,2022-08-04,0,0,1,1,1,0,0,1,1,1
783,1.71393211281421,0.194884346391111,LA,2022-08-05,0,0,1,1,1,0,0,1,1,1
784,3.14393290372374,0.201485989532928,LA,2022-08-06,0,0,1,1,1,0,0,1,1,1
785,1.56518506708399,0.2794978496852825,LA,2022-08-07,0,0,1,1,1,0,0,1,1,1
786,4.69633340128741,0.348758685711465,LA,2022-08-08,0,0,1,1,1,0,0,1,1,1
787,0.500640306196629,0.00804919501032105,LA,2022-08-09,1,1,1,1,1,1,1,1,1,1
788,0.570903937466418,0.1728846165986335,LA,2022-08-10,1,1,1,1,1,1,1,1,1,1
789,2.40415914295032,0.2565102702235095,LA,2022-08-11,0,0,1,1,1,0,0,1,1,1
790,1.69635803108036,0.2853334597227665,LA,2022-08-12,0,0,1,1,1,0,0,1,1,1
791,1.587563242965,0.246434986661957,LA,2022-08-13,0,0,1,1,1,0,0,0,1,1
792,1.33119225362337,0.1937079561483535,LA,2022-08-14,0,0,1,1,1,0,0,1,1,1
793,1.25651737200278,0.17545106083274,LA,2022-08-15,0,0,1,1,1,0,0,1,1,1
794,0.26196166770345,0.00547402165907375,LA,2022-08-16,1,1,1,1,1,1,1,1,1,1
795,1.75335089614849,0.119355739583507,LA,2022-08-17,0,0,1,1,1,0,0,1,1,1
796,0.0526017193620872,0.00491358969455554,LA,2022-08-18,1,1,1,1,1,1,1,1,1,1
797,1.60073172727633,0.2205925293489795,LA,2022-08-19,0,0,1,1,1,0,0,1,1,1
798,1.88961571487369,0.293520436167238,LA,2022-08-20,0,0,1,1,1,0,0,1,1,1
799,4.25779140443538,0.303125857930843,MA,2022-07-10,0,0,1,1,0,0,0,0,1,0
800,2.34068654748475,0.1861853523925955,MA,2022-07-11,1,0,0,1,1,1,0,0,1,1
801,8.65749828062958,0.134908431798022,MA,2022-07-12,0,0,0,1,1,0,0,0,1,1
802,2.20026757346059,0.2393810555718215,MA,2022-07-13,0,0,1,1,1,1,1,0,1,0
803,1.51054342111311,0.188620606943453,MA,2022-07-14,1,1,1,1,1,0,0,1,1,0
804,2.78661036007575,0.184978355814787,MA,2022-07-15,0,1,1,1,0,0,0,0,1,0
805,4.85323852466721,0.2389192886597995,MA,2022-07-16,1,0,0,1,1,0,1,0,1,0
806,1.45926956102924,0.1773532020330255,MA,2022-07-17,1,1,1,1,0,0,0,0,1,0
807,2.16981861224164,0.1856410944707095,MA,2022-07-18,1,1,1,0,0,0,0,0,0,0
808,1.58031235532655,0.1680513724231575,MA,2022-07-19,1,1,1,1,0,0,0,0,1,0
809,3.78426350904404,0.135199776421074,MA,2022-07-20,0,0,1,0,1,1,0,0,0,1
810,2.99938869624286,0.193461300720775,MA,2022-07-21,0,0,1,1,0,0,0,0,1,1
811,1.67192518424757,0.1401102881480615,MA,2022-07-22,1,1,1,1,1,0,0,0,1,1
812,1.78318778077889,0.219570996763444,MA,2022-07-23,1,0,1,1,0,0,0,0,1,0
813,0.953267879168174,0.1407448619667815,MA,2022-07-24,1,1,1,1,0,0,0,1,1,0
814,0.888781403644891,0.1336320702934895,MA,2022-07-25,1,1,1,1,1,0,0,1,1,1
815,1.59553500397453,0.155591141103938,MA,2022-07-26,1,1,1,1,0,1,1,0,1,0
816,1.88048615873853,0.01742949537546475,MA,2022-07-27,0,0,1,1,1,1,0,0,1,1
817,1.54674797851791,0.1502499358452775,MA,2022-07-28,0,1,1,1,1,0,0,0,1,1
818,1.24927163867988,0.127019279990913,MA,2022-07-29,1,1,1,1,0,0,1,0,1,0
819,1.24628525551585,0.15883297292953,MA,2022-07-30,1,1,1,1,1,0,0,0,1,1
820,0.51617973761044,0.1099030007388925,MA,2022-07-31,1,1,1,1,1,0,0,1,1,1
821,4.98818967352343,0.1550817010802635,MA,2022-08-01,0,0,1,1,1,0,0,1,1,0
822,6.75272704856967,0.1920752571736935,MA,2022-08-02,0,0,0,1,1,0,0,0,1,1
823,1.61079166979879,0.13585772416358,MA,2022-08-03,1,1,1,1,1,0,0,0,1,1
824,6.4580879159281,0.1548654977122705,MA,2022-08-04,0,0,1,0,1,0,0,0,0,1
825,8.67667067606044,0.163109755166486,MA,2022-08-05,0,0,0,0,1,0,0,0,0,1
826,3.99158906659916,0.123106309534832,MA,2022-08-06,1,0,0,1,0,0,0,0,1,0
827,4.91936440334372,0.1362194576324455,MA,2022-08-07,0,0,1,0,1,0,0,0,0,1
828,10.3212358870664,0.1326477502263625,MA,2022-08-08,0,0,0,1,0,0,0,0,1,0
829,2.03572870356349,0.1364166718012535,MA,2022-08-09,0,0,1,1,1,0,0,0,1,1
830,4.72827752938386,0.1883790091921485,MA,2022-08-10,0,0,1,1,1,0,0,0,1,1
831,6.13127870374887,0.144848762286662,MA,2022-08-11,0,0,1,1,1,0,0,0,1,1
832,12.6301811548435,0.1608408660159315,MA,2022-08-12,0,0,1,1,0,0,0,1,1,0
833,0.70446880525622,0.0779328043652325,MA,2022-08-13,1,1,1,1,1,0,0,1,1,1
834,12.1101029346202,0.1550834906705685,MA,2022-08-14,0,0,1,1,1,0,0,1,1,1
835,21.6869739525278,0.2060418466789265,MA,2022-08-15,0,0,0,1,0,0,0,0,1,0
836,5.12963358025426,0.127241797988988,MA,2022-08-16,0,0,1,1,1,0,0,1,1,1
837,13.9968090054171,0.158700674108047,MA,2022-08-17,0,0,1,0,1,0,0,0,0,1
838,17.8045374199735,0.1873512905160125,MA,2022-08-18,0,0,1,1,1,0,0,1,1,1
839,10.9230397794539,0.18345480044896,MA,2022-08-19,0,0,1,0,1,0,0,1,0,1
840,8.9975867263706,0.253938924613944,MA,2022-08-20,0,0,0,1,1,0,0,0,1,1
841,7.42139912912461,0.2359730489464115,MD,2022-07-10,0,1,0,1,0,0,0,0,1,0
842,3.80926899779533,0.193115314462883,MD,2022-07-11,1,0,0,1,1,0,0,0,1,0
843,1.86018357864213,0.240198544263574,MD,2022-07-12,0,1,1,1,1,0,1,0,1,1
844,2.0380891324468,0.2442074549576025,MD,2022-07-13,0,1,1,1,1,0,0,0,1,1
845,1.19749350817924,0.184059303003293,MD,2022-07-14,1,1,1,1,0,1,0,0,1,0
846,2.42950866077131,0.1836221228402835,MD,2022-07-15,0,1,1,0,0,0,0,0,0,1
847,5.53032271297004,0.1865810154755155,MD,2022-07-16,0,1,0,0,0,0,0,0,0,0
848,2.32465993329615,0.1940379231617475,MD,2022-07-17,1,1,1,0,0,0,0,0,0,0
849,6.12141195072247,0.2108105746755065,MD,2022-07-18,0,0,1,1,1,0,0,0,1,0
850,1.2939185874188,0.146970585159147,MD,2022-07-19,1,1,0,1,1,0,0,0,1,1
851,2.96826202788371,0.105073455859927,MD,2022-07-20,0,0,1,1,1,0,0,0,1,1
852,1.19587779564608,0.170577193979053,MD,2022-07-21,1,1,1,1,0,1,1,0,1,0
853,4.94003101837163,0.195677178470965,MD,2022-07-22,0,0,0,1,1,0,0,0,1,1
854,1.48194018147861,0.153047326275813,MD,2022-07-23,1,1,1,1,1,1,0,0,1,0
855,2.32661411996262,0.129737218301214,MD,2022-07-24,1,1,1,1,0,0,0,0,1,0
856,5.88512983078004,0.1871157814147655,MD,2022-07-25,0,0,1,1,0,0,0,0,1,0
857,1.16138498262732,0.178253032797553,MD,2022-07-26,1,1,1,1,0,0,0,0,1,0
858,2.72543029086876,0.1702751399324715,MD,2022-07-27,0,0,1,1,1,0,0,0,1,1
859,1.26805727822175,0.082135188185328,MD,2022-07-28,0,1,1,1,1,0,0,1,1,1
860,4.12419152420897,0.163073903082966,MD,2022-07-29,0,0,1,1,0,0,0,1,1,0
861,1.63627683595452,0.1394645895272725,MD,2022-07-30,1,1,0,1,1,1,0,0,1,1
862,3.43686277862907,0.1348056979385275,MD,2022-07-31,0,0,1,1,1,0,0,0,1,1
863,4.89814421756983,0.1469029152386915,MD,2022-08-01,0,0,1,0,1,0,0,1,0,1
864,11.7785841821787,0.1861412378028135,MD,2022-08-02,0,0,1,0,1,0,0,0,0,1
865,4.13126950751456,0.195509681039931,MD,2022-08-03,0,0,1,1,1,0,0,0,1,1
866,0.801279217815804,0.119295698767066,MD,2022-08-04,1,1,1,1,1,1,0,0,1,1
867,1.83249593420676,0.145684505035406,MD,2022-08-05,0,0,1,1,1,0,0,0,1,1
868,3.00054224314494,0.164812794142468,MD,2022-08-06,1,0,0,1,0,0,0,0,1,0
869,3.76830926930441,0.1642808082016055,MD,2022-08-07,0,0,0,1,1,0,0,0,1,1
870,6.67817840080972,0.1861387525334465,MD,2022-08-08,0,0,0,1,1,0,0,0,1,1
871,0.615047302776702,0.080539064256965,MD,2022-08-09,1,1,1,1,1,1,1,1,1,1
872,0.861697300202596,0.0753461451902785,MD,2022-08-10,1,1,1,1,1,0,1,0,1,1
873,8.65965214364175,0.1885163550470765,MD,2022-08-11,0,0,1,1,1,0,0,0,1,1
874,4.37483818931669,0.146075563183083,MD,2022-08-12,0,0,0,1,1,0,0,0,1,1
875,0.795769266906244,0.074185566195877,MD,2022-08-13,1,1,1,1,1,0,0,0,1,1
876,9.26750680678012,0.1576596016869555,MD,2022-08-14,0,0,1,1,1,0,0,0,1,1
877,1.52996925386115,0.1021837995378565,MD,2022-08-15,0,1,1,1,1,0,0,1,1,1
878,6.92027988720763,0.180874100061353,MD,2022-08-16,0,0,1,0,1,0,0,1,0,1
879,2.80898492935342,0.096247610538679,MD,2022-08-17,1,0,0,0,1,0,0,0,0,1
880,0.454774662050721,0.060401553999699,MD,2022-08-18,1,1,1,1,1,0,0,1,1,1
881,4.31418393462204,0.2205925293489795,MD,2022-08-19,0,0,1,1,1,0,0,1,1,1
882,9.11452307258125,0.1720550574415775,MD,2022-08-20,0,0,0,0,1,0,0,0,0,1
883,0.884030886610158,0.2419664776301825,ME,2022-07-10,1,1,1,1,1,0,0,1,1,1
884,1.24193333155746,0.194932395585122,ME,2022-07-11,1,1,1,1,1,0,0,0,1,0
885,0.466395974898242,0.169741810875003,ME,2022-07-12,1,1,1,1,1,0,1,0,1,1
886,0.068931243818992,0.0471164382243107,ME,2022-07-13,1,1,1,1,1,1,1,1,1,1
887,0.97809688304423,0.043568359141071,ME,2022-07-14,1,0,1,1,1,0,0,1,1,1
888,0.780633566758055,0.3803152992234475,ME,2022-07-15,1,1,0,1,1,1,1,1,1,1
889,NA,NA,ME,2022-07-16,NA,NA,NA,NA,NA,NA,NA,NA,NA,NA
890,0.843680964883439,0.0346807313528549,ME,2022-07-17,1,0,1,1,1,0,0,1,1,1
891,1.12503931839449,0.1432416567377745,ME,2022-07-18,1,1,1,1,1,0,0,0,1,0
892,3.87832688672466,0.223483976649447,ME,2022-07-19,0,0,0,0,1,0,0,0,0,1
893,0.550981878922266,0.2554367706740435,ME,2022-07-20,1,1,1,1,1,1,0,0,1,1
894,0.849590619255877,0.268525478272562,ME,2022-07-21,1,1,1,1,1,1,0,0,1,1
895,0.3495211445457,0.02426220752707775,ME,2022-07-22,1,1,1,1,1,0,0,1,1,1
896,1.21288474779826,0.85182016413908,ME,2022-07-23,1,0,1,1,0,1,0,1,1,0
897,1.05368630281798,0.73977460139413,ME,2022-07-24,0,0,1,1,1,0,0,1,1,1
898,0.686593113307719,0.0198375021792962,ME,2022-07-25,1,1,1,1,1,0,0,1,1,1
899,NA,NA,ME,2022-07-26,NA,NA,NA,NA,NA,NA,NA,NA,NA,NA
900,0.266152294087161,0.01742949537546475,ME,2022-07-27,1,1,1,1,1,0,0,1,1,1
901,0.0221557343100958,0.0163589209326255,ME,2022-07-28,1,1,1,1,1,1,1,1,1,1
902,0.0764081124389205,0.01536663790438485,ME,2022-07-29,1,1,1,1,1,1,1,1,1,1
903,NA,NA,ME,2022-07-30,NA,NA,NA,NA,NA,NA,NA,NA,NA,NA
904,0.017924350769913,0.0135897674482263,ME,2022-07-31,1,1,1,1,1,0,0,1,1,1
905,NA,NA,ME,2022-08-01,NA,NA,NA,NA,NA,NA,NA,NA,NA,NA
906,0.0181241225775917,0.01205122506270725,ME,2022-08-02,1,1,1,1,1,1,1,1,1,1
907,NA,NA,ME,2022-08-03,NA,NA,NA,NA,NA,NA,NA,NA,NA,NA
908,1.9455162375877,0.597826831209375,ME,2022-08-04,1,0,0,0,1,1,0,0,0,1
909,NA,NA,ME,2022-08-05,NA,NA,NA,NA,NA,NA,NA,NA,NA,NA
910,1.10491184024146,0.3081855460517845,ME,2022-08-06,1,1,1,0,1,0,1,1,0,1
911,0.011698487705133,0.0090125155072259,ME,2022-08-07,1,1,1,1,1,1,1,1,1,1
912,0.0120389879039638,0.0085155871428269,ME,2022-08-08,1,1,1,1,1,1,1,1,1,1
913,NA,NA,ME,2022-08-09,NA,NA,NA,NA,NA,NA,NA,NA,NA,NA
914,0.011278565273762,0.0076110956011432,ME,2022-08-10,1,1,1,1,1,1,1,1,1,1
915,NA,NA,ME,2022-08-11,NA,NA,NA,NA,NA,NA,NA,NA,NA,NA
916,NA,NA,ME,2022-08-12,NA,NA,NA,NA,NA,NA,NA,NA,NA,NA
917,1.21139012586683,0.464449258147214,ME,2022-08-13,1,0,1,1,0,1,0,1,1,0
918,0.0334905115478914,0.00610340954197015,ME,2022-08-14,1,1,1,1,1,1,1,1,1,1
919,1.07950702159943,0.234426548946306,ME,2022-08-15,1,1,0,1,1,1,0,0,1,1
920,NA,NA,ME,2022-08-16,NA,NA,NA,NA,NA,NA,NA,NA,NA,NA
921,NA,NA,ME,2022-08-17,NA,NA,NA,NA,NA,NA,NA,NA,NA,NA
922,0.0254122068564678,0.00491358969455554,ME,2022-08-18,1,1,1,1,1,1,1,1,1,1
923,0.0812767086161401,0.004656522184882415,ME,2022-08-19,1,1,1,1,1,1,1,1,1,1
924,NA,NA,ME,2022-08-20,NA,NA,NA,NA,NA,NA,NA,NA,NA,NA
925,2.49019718523081,0.210712616584599,MI,2022-07-10,1,1,1,0,1,0,0,0,0,1
926,5.1336492419596,0.194998755813737,MI,2022-07-11,0,0,0,1,0,0,0,0,1,0
927,4.43292845790731,0.280950905008661,MI,2022-07-12,0,0,0,1,0,0,1,1,1,0
928,2.45544352042476,0.173921947598827,MI,2022-07-13,0,1,1,1,1,0,0,0,1,0
929,3.29113102339546,0.094820153364579,MI,2022-07-14,0,0,1,1,1,0,0,0,1,1
930,10.2540308172534,0.0895814817509225,MI,2022-07-15,0,0,0,1,1,0,0,0,1,1
931,2.09804461740775,0.1716831276695,MI,2022-07-16,1,1,0,1,1,0,0,0,1,0
932,9.92668515200658,0.2435400659991015,MI,2022-07-17,0,0,0,1,0,0,0,0,1,0
933,5.80077069074316,0.1437201973101775,MI,2022-07-18,1,0,0,1,0,0,0,0,1,0
934,2.80385613746264,0.18563051215946,MI,2022-07-19,1,1,1,1,0,0,0,0,1,0
935,1.55691302798507,0.1887216704192365,MI,2022-07-20,1,1,1,1,0,0,0,0,1,0
936,4.06362326043495,0.1587186956530285,MI,2022-07-21,0,1,1,1,0,0,0,0,1,0
937,3.17546979498315,0.124871769472633,MI,2022-07-22,1,0,0,1,1,0,0,0,1,1
938,2.83546013075216,0.1686903355758515,MI,2022-07-23,0,1,1,1,1,0,0,1,1,1
939,1.35823170342483,0.13639399306078,MI,2022-07-24,1,1,1,1,0,0,0,0,1,0
940,2.29079252534304,0.143014889626161,MI,2022-07-25,1,1,0,1,0,0,0,1,1,0
941,1.09853053433778,0.107644745764659,MI,2022-07-26,1,1,1,1,1,0,1,0,1,1
942,2.96230739217781,0.200442201567915,MI,2022-07-27,0,0,1,1,0,0,0,0,1,0
943,1.83791522485134,0.1254930969510655,MI,2022-07-28,1,1,1,1,0,0,0,0,1,0
944,1.98332273413125,0.1061659091429785,MI,2022-07-29,1,1,1,1,1,0,0,0,1,0
945,8.19762425295665,0.192314913420155,MI,2022-07-30,0,0,0,0,1,0,0,0,0,1
946,2.71803015350456,0.1320159590282045,MI,2022-07-31,1,1,0,0,1,0,0,1,0,1
947,6.2830599025459,0.1471911681854705,MI,2022-08-01,1,0,0,1,1,0,0,0,1,1
948,1.62721150427396,0.0555616405402255,MI,2022-08-02,1,0,1,1,1,0,0,1,1,1
949,0.774500389117879,0.1095055403841735,MI,2022-08-03,1,1,1,1,1,0,1,0,1,1
950,1.7285450346459,0.138946558435674,MI,2022-08-04,0,1,1,1,1,0,0,1,1,0
951,1.96139194125358,0.1332601781863865,MI,2022-08-05,1,0,0,1,0,0,0,0,1,0
952,2.41730051007802,0.168238397471768,MI,2022-08-06,1,0,0,0,1,1,0,0,0,1
953,1.15901774004768,0.107970564596759,MI,2022-08-07,1,1,1,1,1,0,1,0,1,1
954,1.88504294214543,0.052287763673043,MI,2022-08-08,0,0,1,1,1,1,0,0,1,1
955,2.20465074513239,0.245373261781183,MI,2022-08-09,1,0,0,1,1,0,0,0,1,1
956,2.39781694031673,0.1484812509475165,MI,2022-08-10,1,0,1,1,0,0,0,0,1,0
957,3.88281040304796,0.1300165124380435,MI,2022-08-11,0,0,0,1,0,0,0,0,1,0
958,6.91310275597356,0.148894273027853,MI,2022-08-12,0,0,1,0,1,0,0,1,0,1
959,9.64940736469746,0.163975357755582,MI,2022-08-13,0,0,0,0,1,0,0,1,0,1
960,3.7700367532793,0.1137862167473005,MI,2022-08-14,1,0,1,0,0,0,0,1,0,0
961,10.980267552662,0.1676061888024635,MI,2022-08-15,0,0,0,1,1,0,0,0,1,1
962,0.582752983251512,0.072766740157184,MI,2022-08-16,1,1,1,1,1,1,1,1,1,1
963,1.06246609521459,0.0666240372978935,MI,2022-08-17,1,1,1,0,1,0,1,1,0,1
964,2.03284210318182,0.091615647901511,MI,2022-08-18,1,0,1,1,1,0,0,0,1,1
965,7.68802309942801,0.1350283230959985,MI,2022-08-19,0,0,1,0,0,1,0,0,0,0
966,3.8552505954127,0.1122239555532865,MI,2022-08-20,0,0,1,0,1,0,0,1,0,1
967,3.16240279397554,0.23697506635125,MN,2022-07-10,0,1,1,1,1,0,0,0,1,0
968,2.94479595833354,0.2346363510108575,MN,2022-07-11,0,1,1,1,1,0,0,0,1,1
969,1.88138501662703,0.172186631937229,MN,2022-07-12,1,0,1,1,1,0,0,0,1,0
970,1.69344738402933,0.2297227621476725,MN,2022-07-13,1,1,1,0,1,1,1,0,0,1
971,5.27501473087357,0.286557098802721,MN,2022-07-14,0,0,0,1,1,0,0,0,1,1
972,3.2760732722992,0.1929998765818815,MN,2022-07-15,0,1,0,1,1,0,0,0,1,0
973,4.67360411974293,0.2513071491820875,MN,2022-07-16,1,0,0,1,1,1,0,0,1,1
974,2.2715833383042,0.217426643891614,MN,2022-07-17,1,0,1,1,1,0,0,0,1,0
975,4.37732956164039,0.174674027828466,MN,2022-07-18,0,1,0,1,0,0,0,0,1,0
976,1.55159869034211,0.177656515060625,MN,2022-07-19,1,1,1,1,1,0,0,0,1,0
977,1.44753415843141,0.1490224108884495,MN,2022-07-20,1,1,1,0,1,0,0,0,0,1
978,3.07871271071004,0.2018494894076225,MN,2022-07-21,1,0,1,0,0,0,0,0,0,0
979,8.04394184236416,0.2266147549577325,MN,2022-07-22,0,0,1,0,1,0,0,0,0,0
980,0.914569584553927,0.162087859263041,MN,2022-07-23,1,1,1,1,1,0,1,0,1,1
981,0.981474129937481,0.1606821424883185,MN,2022-07-24,1,1,1,1,1,0,0,0,1,1
982,1.91462204733452,0.1413619295577575,MN,2022-07-25,1,1,1,1,1,0,0,0,1,1
983,3.07601342941862,0.1648871668862895,MN,2022-07-26,0,0,0,0,1,0,0,1,0,1
984,0.726400964351817,0.144438886071566,MN,2022-07-27,1,1,1,1,1,0,0,0,1,1
985,3.19645254428574,0.1620260971050865,MN,2022-07-28,0,0,1,1,1,0,0,0,1,1
986,2.5910677846011,0.1674927312577505,MN,2022-07-29,1,0,0,0,1,0,0,0,0,1
987,7.2255253052936,0.2182909761050915,MN,2022-07-30,0,0,0,0,0,0,0,0,0,0
988,1.51406054732702,0.0940903803478875,MN,2022-07-31,1,1,0,1,1,0,0,1,1,1
989,3.46899633767143,0.1457459180333135,MN,2022-08-01,0,0,1,1,1,0,0,0,1,1
990,3.8796585023212,0.1784840119836735,MN,2022-08-02,0,0,0,1,1,0,0,0,1,0
991,1.72264542008207,0.0617345626352685,MN,2022-08-03,1,0,1,1,1,0,0,0,1,1
992,2.98498978357126,0.1414884635973545,MN,2022-08-04,1,0,0,1,1,0,0,0,1,1
993,1.9573429076314,0.1290490892082915,MN,2022-08-05,1,0,1,1,0,1,0,0,1,0
994,2.07178909907405,0.1446207912084285,MN,2022-08-06,1,0,1,1,0,1,0,0,1,0
995,0.753980190325604,0.0862940395580995,MN,2022-08-07,1,1,1,1,1,0,0,1,1,1
996,3.58586987610982,0.155585513167432,MN,2022-08-08,0,0,1,1,0,0,0,0,1,0
997,3.89218767549984,0.1376876939346975,MN,2022-08-09,0,0,1,0,0,0,1,1,0,0
998,5.6572349191417,0.1453390297657185,MN,2022-08-10,0,0,1,1,1,0,0,0,1,1
999,4.78924357119032,0.115349518953719,MN,2022-08-11,0,0,1,0,1,0,0,0,0,1
1000,6.52285715828155,0.158476244833574,MN,2022-08-12,0,0,0,1,1,0,0,0,1,1
1001,1.46267522213712,0.100864219836505,MN,2022-08-13,1,1,1,1,1,0,0,0,1,1
1002,5.48521441390045,0.152218489110403,MN,2022-08-14,0,0,1,1,1,0,0,1,1,1
1003,13.7339679301157,0.171105813621194,MN,2022-08-15,0,0,0,0,1,0,0,0,0,1
1004,2.62612738665451,0.10679139096097,MN,2022-08-16,1,0,0,1,1,1,0,0,1,1
1005,8.60522077555643,0.173392080312894,MN,2022-08-17,0,0,1,0,0,0,0,1,0,0
1006,1.0000016615868,0.071072316366073,MN,2022-08-18,1,1,1,1,1,0,0,0,1,1
1007,1.9249829389278,0.09679790537314,MN,2022-08-19,1,0,1,0,1,0,0,0,0,1
1008,1.11291157556916,0.0795955858076835,MN,2022-08-20,1,1,1,0,1,0,0,1,0,1
1009,0.577462723732974,0.290503375595332,MO,2022-07-10,1,1,1,1,1,1,1,1,1,1
1010,0.528540049748125,0.1871736081524835,MO,2022-07-11,1,1,1,1,1,0,0,0,1,1
1011,3.39631682270755,0.217355816003188,MO,2022-07-12,0,1,0,1,0,0,0,0,1,0
1012,2.25116177762122,0.2204866281128505,MO,2022-07-13,1,1,1,1,0,0,0,0,1,0
1013,3.72718771883095,0.2079322927499225,MO,2022-07-14,0,1,0,1,1,0,1,0,1,1
1014,3.63371561411853,0.2211474739168965,MO,2022-07-15,1,0,1,1,0,0,0,0,1,0
1015,0.573880754037382,0.1895574637053375,MO,2022-07-16,1,1,1,1,1,0,1,0,1,1
1016,0.838868090877088,0.2050676845097575,MO,2022-07-17,1,1,1,1,1,0,0,0,1,1
1017,6.27490566226928,0.4127694494529845,MO,2022-07-18,0,0,1,1,1,0,0,0,1,1
1018,4.96838604288654,0.3969477479770055,MO,2022-07-19,0,0,1,1,1,0,0,1,1,1
1019,1.18850246168377,0.3259579561342385,MO,2022-07-20,1,0,1,1,0,1,1,0,1,0
1020,1.76277595615379,0.0842313073787095,MO,2022-07-21,0,0,1,1,0,1,1,0,1,0
1021,3.12441058245558,0.1794698115806245,MO,2022-07-22,1,0,1,1,0,0,0,0,1,0
1022,4.05274839780777,0.194784814207115,MO,2022-07-23,0,0,1,1,0,0,0,1,1,0
1023,2.04115194689156,0.153227650209135,MO,2022-07-24,0,1,1,1,1,0,0,0,1,1
1024,17.915615238724,0.2947412365378585,MO,2022-07-25,0,0,1,1,0,0,0,0,1,0
1025,0.624791576691028,0.263497316212989,MO,2022-07-26,1,1,1,1,1,0,0,1,1,1
1026,0.609280707294082,0.141161683826375,MO,2022-07-27,1,1,1,1,1,0,0,1,1,1
1027,4.63062054770158,0.21910223435414,MO,2022-07-28,0,0,1,0,1,1,0,0,0,1
1028,13.0096219228132,0.3048417840029675,MO,2022-07-29,0,0,1,1,1,0,0,0,1,1
1029,2.57839812322297,0.1593074166694595,MO,2022-07-30,0,0,1,0,1,0,0,0,0,1
1030,11.2909993396055,0.2605531697463275,MO,2022-07-31,0,0,0,1,1,0,0,0,1,1
1031,0.52517478420418,0.116387076429894,MO,2022-08-01,1,1,1,1,1,0,0,0,1,1
1032,0.723370322267104,0.0555616405402255,MO,2022-08-02,1,1,1,1,1,1,1,1,1,1
1033,0.85535537805961,0.124104312997275,MO,2022-08-03,1,1,1,1,1,0,0,1,1,1
1034,4.3096972518747,0.316501379302511,MO,2022-08-04,0,0,1,1,1,0,0,1,1,1
1035,4.7431891944964,0.374061297244153,MO,2022-08-05,0,0,1,1,1,0,0,1,1,1
1036,0.795645380869375,0.1439029277685245,MO,2022-08-06,1,1,1,1,1,0,0,1,1,1
1037,0.844023521955072,0.1442551825962545,MO,2022-08-07,1,1,1,1,1,0,0,1,1,1
1038,1.29744665855239,0.0085155871428269,MO,2022-08-08,0,0,1,1,1,0,0,1,1,1
1039,0.313492841548914,0.071245491276626,MO,2022-08-09,1,1,1,1,1,0,0,1,1,1
1040,5.78659954627673,0.338158137596124,MO,2022-08-10,0,0,1,1,1,0,0,0,1,1
1041,8.01846128435717,0.190027330939886,MO,2022-08-11,0,0,1,1,1,0,0,1,1,1
1042,14.8097149246328,0.259057830692804,MO,2022-08-12,0,0,1,1,1,0,0,0,1,1
1043,1.7221729746197,0.1308852297783445,MO,2022-08-13,0,0,1,1,1,0,0,1,1,1
1044,0.68044483360656,0.1054234636277025,MO,2022-08-14,1,1,1,1,1,0,0,1,1,1
1045,1.23522252669221,0.121464657773352,MO,2022-08-15,0,1,1,1,1,0,0,1,1,1
1046,0.309512011961835,0.058747423803411,MO,2022-08-16,1,1,1,1,1,0,0,1,1,1
1047,3.75319801492834,0.2507165242524625,MO,2022-08-17,0,0,1,1,0,0,0,0,1,0
1048,2.47414422858444,0.1102274811308485,MO,2022-08-18,0,0,1,1,1,0,0,1,1,1
1049,3.37789209102612,0.158896527302095,MO,2022-08-19,0,0,1,1,1,0,0,1,1,1
1050,0.715256433204715,0.1778777046065315,MO,2022-08-20,1,1,1,1,1,1,1,1,1,1
1051,1.48535208391961,0.4382817723189015,MS,2022-07-10,0,0,1,1,1,0,0,1,1,1
1052,3.44791793432514,0.374386948490004,MS,2022-07-11,0,0,1,1,1,0,0,0,1,1
1053,1.83783067191744,0.2062632219204045,MS,2022-07-12,1,1,0,1,0,1,1,0,1,0
1054,1.61148444935233,0.1608124095544605,MS,2022-07-13,1,1,0,1,1,0,0,0,1,1
1055,1.70714992899556,0.2048609257400635,MS,2022-07-14,1,1,0,1,0,1,0,0,1,0
1056,0.428523853249176,0.1978098693187275,MS,2022-07-15,1,1,1,1,1,0,0,1,1,1
1057,0.330108648885435,0.0373781435590524,MS,2022-07-16,1,1,1,1,1,1,1,1,1,1
1058,1.14284998119702,0.2955241547641005,MS,2022-07-17,0,1,1,1,1,0,0,1,1,1
1059,1.73771073340012,0.1131840492222425,MS,2022-07-18,1,1,1,0,1,1,1,0,0,1
1060,1.47532216097552,0.188268439341822,MS,2022-07-19,0,1,1,1,1,0,0,0,1,1
1061,0.406714693012818,0.0278945040607026,MS,2022-07-20,1,1,1,1,1,1,0,0,1,1
1062,2.70707832658306,0.302840886801932,MS,2022-07-21,0,0,1,1,1,0,0,0,1,1
1063,1.05974016092856,0.094646468792959,MS,2022-07-22,0,1,1,1,1,0,0,0,1,1
1064,0.456947697689111,0.2001807132596065,MS,2022-07-23,1,1,1,1,1,0,0,1,1,1
1065,2.3934735661818,0.32032661158673,MS,2022-07-24,0,0,1,1,0,0,0,1,1,0
1066,1.37124481224792,0.073436710232505,MS,2022-07-25,0,1,1,1,1,1,0,0,1,1
1067,0.648908565594591,0.152174051607039,MS,2022-07-26,1,1,1,1,1,0,0,1,1,1
1068,6.63031262163047,0.2985710523812005,MS,2022-07-27,0,0,1,1,0,0,0,0,1,0
1069,0.775770489844589,0.161885177031107,MS,2022-07-28,1,1,1,1,1,1,0,0,1,1
1070,0.338964358340405,0.123500043516499,MS,2022-07-29,1,1,1,1,1,1,1,1,1,1
1071,NA,NA,MS,2022-07-30,NA,NA,NA,NA,NA,NA,NA,NA,NA,NA
1072,0.0192262050625698,0.0135897674482263,MS,2022-07-31,1,1,1,1,1,1,1,1,1,1
1073,1.60796758094074,0.066999346585161,MS,2022-08-01,1,0,1,1,1,0,0,0,1,1
1074,0.522395335252821,0.1099496598871235,MS,2022-08-02,1,1,1,1,1,1,1,1,1,1
1075,2.26628342115341,0.197057165796273,MS,2022-08-03,0,0,1,1,1,0,0,1,1,1
1076,0.498088220519535,0.086431666972943,MS,2022-08-04,1,1,1,1,1,0,1,0,1,1
1077,0.790354052169783,0.143557615678,MS,2022-08-05,1,1,1,1,1,0,1,0,1,1
1078,0.0124984658897334,0.00954245031825025,MS,2022-08-06,1,1,1,1,1,1,1,1,1,1
1079,0.292677127035451,0.0090125155072259,MS,2022-08-07,1,1,1,1,1,1,1,1,1,1
1080,0.557978390790297,0.1045842267386775,MS,2022-08-08,1,1,1,1,1,0,0,0,1,1
1081,3.22115983488515,0.143884801450136,MS,2022-08-09,0,0,1,1,0,0,0,1,1,0
1082,4.3141550030161,0.1728846165986335,MS,2022-08-10,0,0,1,1,1,0,0,1,1,1
1083,0.327005528985419,0.007199247909921,MS,2022-08-11,1,1,1,1,1,1,1,1,1,1
1084,1.13648328388407,0.1051135570819665,MS,2022-08-12,1,1,1,1,1,0,0,1,1,1
1085,0.00864879273352821,0.0064470300575313,MS,2022-08-13,1,1,1,1,1,1,1,1,1,1
1086,0.164911631100352,0.00610340954197015,MS,2022-08-14,1,1,1,1,1,1,1,1,1,1
1087,0.692333455599864,0.00577950836037795,MS,2022-08-15,1,1,1,1,1,0,0,1,1,1
1088,0.318400138148003,0.00547402165907375,MS,2022-08-16,1,1,1,1,1,0,0,1,1,1
1089,0.521243984193172,0.1275107388294085,MS,2022-08-17,1,1,1,1,1,1,1,1,1,1
1090,0.0562024538556227,0.00491358969455554,MS,2022-08-18,1,1,1,1,1,1,1,1,1,1
1091,0.823984550547182,0.2205925293489795,MS,2022-08-19,0,0,1,1,1,0,0,1,1,1
1092,0.00628124367301136,0.004413607265471685,MS,2022-08-20,1,1,1,1,1,1,1,1,1,1
1093,NA,NA,MT,2022-07-10,NA,NA,NA,NA,NA,NA,NA,NA,NA,NA
1094,0.0767625362680808,0.0552742217976275,MT,2022-07-11,1,1,1,1,1,1,1,1,1,1
1095,NA,NA,MT,2022-07-12,NA,NA,NA,NA,NA,NA,NA,NA,NA,NA
1096,NA,NA,MT,2022-07-13,NA,NA,NA,NA,NA,NA,NA,NA,NA,NA
1097,0.201310328233712,0.043568359141071,MT,2022-07-14,1,1,1,1,1,1,1,1,1,1
1098,0.182433502270417,0.0403318590079491,MT,2022-07-15,1,1,1,1,1,1,1,1,1,1
1099,NA,NA,MT,2022-07-16,NA,NA,NA,NA,NA,NA,NA,NA,NA,NA
1100,NA,NA,MT,2022-07-17,NA,NA,NA,NA,NA,NA,NA,NA,NA,NA
1101,1.07858296240344,0.3791724898396745,MT,2022-07-18,1,0,0,1,1,1,0,0,1,1
1102,0.141498525135977,0.02995999830823475,MT,2022-07-19,1,1,1,1,1,1,0,0,1,1
1103,0.0396176231123,0.0278945040607026,MT,2022-07-20,1,1,1,1,1,1,1,1,1,1
1104,0.036995756023852,0.0260007164902436,MT,2022-07-21,1,1,1,1,1,1,1,1,1,1
1105,1.12992883284376,0.798489081451775,MT,2022-07-22,1,0,0,1,1,1,0,0,1,1
1106,1.20815058304379,0.85182016413908,MT,2022-07-23,1,0,1,1,0,1,0,1,1,0
1107,1.21130410958309,0.856782760697955,MT,2022-07-24,1,0,1,1,0,1,0,1,1,0
1108,0.0968218472395661,0.0198375021792962,MT,2022-07-25,1,1,1,1,1,1,1,1,1,1
1109,1.06623594912172,0.75331968047917,MT,2022-07-26,0,0,1,1,1,0,0,1,1,1
1110,0.0853451815890597,0.01742949537546475,MT,2022-07-27,1,1,1,1,1,1,0,0,1,1
1111,1.03969680009771,0.4307792862096275,MT,2022-07-28,1,1,0,1,1,1,0,0,1,1
1112,0.150207714639299,0.01536663790438485,MT,2022-07-29,1,1,1,1,1,1,1,1,1,1
1113,NA,NA,MT,2022-07-30,NA,NA,NA,NA,NA,NA,NA,NA,NA,NA
1114,NA,NA,MT,2022-07-31,NA,NA,NA,NA,NA,NA,NA,NA,NA,NA
1115,1.36543203389067,0.339346706779022,MT,2022-08-01,1,0,0,1,1,0,0,0,1,1
1116,NA,NA,MT,2022-08-02,NA,NA,NA,NA,NA,NA,NA,NA,NA,NA
1117,1.2650529648132,0.896662669101955,MT,2022-08-03,1,0,1,0,1,1,0,1,0,1
1118,1.24987534202208,0.883054756221665,MT,2022-08-04,1,0,0,1,1,1,0,0,1,1
1119,NA,NA,MT,2022-08-05,NA,NA,NA,NA,NA,NA,NA,NA,NA,NA
1120,NA,NA,MT,2022-08-06,NA,NA,NA,NA,NA,NA,NA,NA,NA,NA
1121,NA,NA,MT,2022-08-07,NA,NA,NA,NA,NA,NA,NA,NA,NA,NA
1122,NA,NA,MT,2022-08-08,NA,NA,NA,NA,NA,NA,NA,NA,NA,NA
1123,NA,NA,MT,2022-08-09,NA,NA,NA,NA,NA,NA,NA,NA,NA,NA
1124,NA,NA,MT,2022-08-10,NA,NA,NA,NA,NA,NA,NA,NA,NA,NA
1125,1.18863873512664,0.838235988955215,MT,2022-08-11,0,0,1,1,1,0,0,1,1,1
1126,NA,NA,MT,2022-08-12,NA,NA,NA,NA,NA,NA,NA,NA,NA,NA
1127,NA,NA,MT,2022-08-13,NA,NA,NA,NA,NA,NA,NA,NA,NA,NA
1128,NA,NA,MT,2022-08-14,NA,NA,NA,NA,NA,NA,NA,NA,NA,NA
1129,0.00810454678817081,0.005779508360378,MT,2022-08-15,1,1,1,1,1,1,1,1,1,1
1130,NA,NA,MT,2022-08-16,NA,NA,NA,NA,NA,NA,NA,NA,NA,NA
1131,NA,NA,MT,2022-08-17,NA,NA,NA,NA,NA,NA,NA,NA,NA,NA
1132,0.00663230804627792,0.00491358969455554,MT,2022-08-18,1,1,1,1,1,1,1,1,1,1
1133,NA,NA,MT,2022-08-19,NA,NA,NA,NA,NA,NA,NA,NA,NA,NA
1134,NA,NA,MT,2022-08-20,NA,NA,NA,NA,NA,NA,NA,NA,NA,NA
1135,8.73027094822051,0.2598053136271425,NC,2022-07-10,1,0,0,1,0,1,0,0,1,1
1136,9.10741315146203,0.2583197807752805,NC,2022-07-11,1,0,0,0,0,0,0,0,0,0
1137,7.14695203954771,0.282461671310019,NC,2022-07-12,0,0,1,1,0,0,0,0,1,0
1138,1.64751141393092,0.211668919638824,NC,2022-07-13,1,1,1,1,1,0,0,0,1,0
1139,5.16325969338431,0.264489837447325,NC,2022-07-14,0,0,0,1,1,0,0,0,1,0
1140,3.84783849537804,0.241862904123315,NC,2022-07-15,0,0,0,1,1,0,0,0,1,1
1141,7.53925784484674,0.244262521719666,NC,2022-07-16,0,0,1,1,0,0,1,1,1,0
1142,4.03611561024448,0.2128196436332555,NC,2022-07-17,1,0,1,1,0,0,0,0,1,0
1143,8.34659356726164,0.2632615352615405,NC,2022-07-18,0,0,1,1,0,0,0,0,1,0
1144,2.1682926826069,0.2001680978257425,NC,2022-07-19,0,1,1,1,0,0,0,0,1,0
1145,3.85851320602649,0.212974934763913,NC,2022-07-20,0,0,1,1,1,0,0,1,1,1
1146,4.06833938469137,0.217878814251416,NC,2022-07-21,0,0,1,1,1,0,1,0,1,1
1147,4.14650222187197,0.1668879152461825,NC,2022-07-22,0,1,0,1,1,0,0,1,1,1
1148,6.17550753423126,0.21319961437343,NC,2022-07-23,0,0,1,1,0,0,0,0,1,0
1149,14.6844792732213,0.225366675712792,NC,2022-07-24,0,0,0,1,0,0,0,0,1,0
1150,4.49036046994301,0.1785973056188145,NC,2022-07-25,0,0,1,1,1,0,0,0,1,1
1151,3.8997453566794,0.2506106604543865,NC,2022-07-26,1,0,0,0,1,0,0,0,0,1
1152,0.955996812265127,0.126695977471534,NC,2022-07-27,1,1,1,1,1,0,0,1,1,0
1153,2.30073408745549,0.126622109684221,NC,2022-07-28,0,1,0,1,1,0,0,0,1,1
1154,1.52919000401399,0.1498113886116575,NC,2022-07-29,1,1,1,1,1,0,0,0,1,1
1155,1.82012331143962,0.130681572391128,NC,2022-07-30,0,1,1,1,1,0,0,1,1,1
1156,2.73508693928906,0.1432065229295535,NC,2022-07-31,0,0,1,1,1,1,0,0,1,1
1157,15.5985852602842,0.1661084802213565,NC,2022-08-01,0,0,1,1,0,0,0,0,1,0
1158,8.70315042628283,0.1545114538870905,NC,2022-08-02,0,0,1,1,1,0,0,1,1,1
1159,2.51207444464263,0.138718368963571,NC,2022-08-03,1,0,0,1,1,0,1,0,1,1
1160,1.94150969843704,0.134514433711854,NC,2022-08-04,0,0,1,1,1,0,0,1,1,1
1161,1.84899485720878,0.1185400102381235,NC,2022-08-05,1,1,1,0,1,0,0,1,0,1
1162,5.5623620749041,0.191446318561645,NC,2022-08-06,0,0,0,0,0,0,0,0,0,0
1163,13.2340928246875,0.1662135103652385,NC,2022-08-07,0,0,0,0,0,0,0,1,0,0
1164,27.8008861999803,0.176035467357574,NC,2022-08-08,0,0,1,0,1,0,0,0,0,1
1165,5.71946605342409,0.1995087143232565,NC,2022-08-09,0,0,1,1,1,0,0,0,1,1
1166,18.0424910374343,0.165568735346454,NC,2022-08-10,0,0,0,1,1,0,0,0,1,1
1167,20.3907483648588,0.1587089760176775,NC,2022-08-11,0,0,1,1,0,0,0,0,1,0
1168,7.43934718618178,0.13956422405835,NC,2022-08-12,0,0,1,0,1,0,0,0,0,1
1169,13.3338575779251,0.184873319754252,NC,2022-08-13,0,0,0,0,0,0,0,0,0,0
1170,23.2177768595726,0.1836840181860935,NC,2022-08-14,0,0,1,1,1,0,0,0,1,1
1171,19.9569605842409,0.1710449039269305,NC,2022-08-15,0,0,1,1,1,0,0,0,1,1
1172,13.5480117630417,0.1321891199432915,NC,2022-08-16,0,0,1,0,1,0,0,1,0,1
1173,14.0605286019592,0.150043530521499,NC,2022-08-17,0,0,1,0,1,0,0,0,0,1
1174,16.43759649351,0.156395066739152,NC,2022-08-18,0,0,1,1,1,0,0,0,1,1
1175,10.8931928345252,0.1424606945158105,NC,2022-08-19,0,0,1,1,1,0,0,0,1,1
1176,4.1574426173217,0.1574701637428775,NC,2022-08-20,0,0,1,1,1,0,0,1,1,1
1177,NA,NA,ND,2022-07-10,NA,NA,NA,NA,NA,NA,NA,NA,NA,NA
1178,1.03785077456898,0.4509723808621955,ND,2022-07-11,1,0,1,1,1,0,0,0,1,1
1179,0.418011903233971,0.051007236309563,ND,2022-07-12,1,1,1,1,1,1,0,0,1,1
1180,0.216077322739512,0.0471164382243107,ND,2022-07-13,1,1,1,1,1,1,1,1,1,1
1181,0.0632157845632448,0.043568359141071,ND,2022-07-14,1,1,1,1,1,1,1,1,1,1
1182,NA,NA,ND,2022-07-15,NA,NA,NA,NA,NA,NA,NA,NA,NA,NA
1183,NA,NA,ND,2022-07-16,NA,NA,NA,NA,NA,NA,NA,NA,NA,NA
1184,NA,NA,ND,2022-07-17,NA,NA,NA,NA,NA,NA,NA,NA,NA,NA
1185,0.155677128750238,0.0322153823368803,ND,2022-07-18,1,1,1,1,1,1,1,1,1,1
1186,0.140282193108992,0.02995999830823475,ND,2022-07-19,1,1,1,1,1,1,1,1,1,1
1187,0.140549601914881,0.0278945040607026,ND,2022-07-20,1,1,1,1,1,1,1,1,1,1
1188,0.240075575173526,0.0260007164902436,ND,2022-07-21,1,1,1,1,1,1,1,1,1,1
1189,0.0347977570236037,0.02426220752707775,ND,2022-07-22,1,1,1,1,1,1,1,1,1,1
1190,NA,NA,ND,2022-07-23,NA,NA,NA,NA,NA,NA,NA,NA,NA,NA
1191,NA,NA,ND,2022-07-24,NA,NA,NA,NA,NA,NA,NA,NA,NA,NA
1192,0.0917210562417296,0.0198375021792962,ND,2022-07-25,1,1,1,1,1,0,0,1,1,1
1193,0.615122007503812,0.263497316212989,ND,2022-07-26,1,1,1,1,1,0,0,1,1,1
1194,0.0242125947963817,0.01742949537546475,ND,2022-07-27,1,1,1,1,1,1,1,1,1,1
1195,NA,NA,ND,2022-07-28,NA,NA,NA,NA,NA,NA,NA,NA,NA,NA
1196,1.10466170139773,0.772300477189185,ND,2022-07-29,0,0,1,1,1,0,0,1,1,1
1197,NA,NA,ND,2022-07-30,NA,NA,NA,NA,NA,NA,NA,NA,NA,NA
1198,NA,NA,ND,2022-07-31,NA,NA,NA,NA,NA,NA,NA,NA,NA,NA
1199,0.548950937383973,0.2070316293766285,ND,2022-08-01,1,1,1,1,1,0,0,1,1,1
1200,0.0627927281074069,0.01205122506270725,ND,2022-08-02,1,1,1,1,1,1,1,1,1,1
1201,0.115770235849749,0.01135899503518655,ND,2022-08-03,1,1,1,1,1,1,1,1,1,1
1202,0.0154236252166908,0.0107125211429588,ND,2022-08-04,1,1,1,1,1,1,1,1,1,1
1203,NA,NA,ND,2022-08-05,NA,NA,NA,NA,NA,NA,NA,NA,NA,NA
1204,NA,NA,ND,2022-08-06,NA,NA,NA,NA,NA,NA,NA,NA,NA,NA
1205,NA,NA,ND,2022-08-07,NA,NA,NA,NA,NA,NA,NA,NA,NA,NA
1206,0.0918648904666562,0.0085155871428269,ND,2022-08-08,1,1,1,1,1,1,1,1,1,1
1207,0.0104744434435321,0.00804919501032105,ND,2022-08-09,1,1,1,1,1,1,1,1,1,1
1208,0.0835051935938108,0.0076110956011432,ND,2022-08-10,1,1,1,1,1,0,0,1,1,1
1209,0.0103316927266005,0.007199247909921,ND,2022-08-11,1,1,1,1,1,1,1,1,1,1
1210,NA,NA,ND,2022-08-12,NA,NA,NA,NA,NA,NA,NA,NA,NA,NA
1211,NA,NA,ND,2022-08-13,NA,NA,NA,NA,NA,NA,NA,NA,NA,NA
1212,NA,NA,ND,2022-08-14,NA,NA,NA,NA,NA,NA,NA,NA,NA,NA
1213,0.0306203175305528,0.005779508360378,ND,2022-08-15,1,1,1,1,1,0,0,1,1,1
1214,0.0283846750363984,0.00547402165907375,ND,2022-08-16,1,1,1,1,1,1,1,1,1,1
1215,NA,NA,ND,2022-08-17,NA,NA,NA,NA,NA,NA,NA,NA,NA,NA
1216,NA,NA,ND,2022-08-18,NA,NA,NA,NA,NA,NA,NA,NA,NA,NA
1217,0.00634414789190556,0.004656522184882415,ND,2022-08-19,1,1,1,1,1,1,1,1,1,1
1218,NA,NA,ND,2022-08-20,NA,NA,NA,NA,NA,NA,NA,NA,NA,NA
1219,NA,NA,NE,2022-07-10,NA,NA,NA,NA,NA,NA,NA,NA,NA,NA
1220,NA,NA,NE,2022-07-11,NA,NA,NA,NA,NA,NA,NA,NA,NA,NA
1221,0.069378177730568,0.051007236309563,NE,2022-07-12,1,1,1,1,1,1,1,1,1,1
1222,0.554599667708192,0.255671550836036,NE,2022-07-13,1,1,1,1,1,1,0,0,1,1
1223,0.506573076928031,0.2496455385869655,NE,2022-07-14,1,1,1,1,1,0,0,1,1,1
1224,1.48202974230277,0.25030253942232,NE,2022-07-15,0,1,1,1,1,0,0,1,1,1
1225,0.939801488732482,0.1945298845978505,NE,2022-07-16,1,1,1,1,0,0,0,1,1,0
1226,2.93715651534986,0.579918981454945,NE,2022-07-17,0,0,0,1,1,0,0,0,1,1
1227,NA,NA,NE,2022-07-18,NA,NA,NA,NA,NA,NA,NA,NA,NA,NA
1228,NA,NA,NE,2022-07-19,NA,NA,NA,NA,NA,NA,NA,NA,NA,NA
1229,0.0391334529577772,0.0278945040607026,NE,2022-07-20,1,1,1,1,1,1,1,1,1,1
1230,1.12048093872222,0.78904886140493,NE,2022-07-21,1,0,0,1,1,1,0,0,1,1
1231,0.534341170971748,0.0943865138223045,NE,2022-07-22,1,1,1,1,1,0,0,1,1,1
1232,0.103088995258097,0.0226641655065884,NE,2022-07-23,1,1,1,1,1,1,1,1,1,1
1233,NA,NA,NE,2022-07-24,NA,NA,NA,NA,NA,NA,NA,NA,NA,NA
1234,1.37409070329581,0.310557505031728,NE,2022-07-25,0,0,1,1,1,0,0,1,1,1
1235,0.0247128587013609,0.01858613407989905,NE,2022-07-26,1,1,1,1,1,0,0,1,1,1
1236,1.64978359251365,0.305658526125586,NE,2022-07-27,0,0,0,1,1,0,0,1,1,1
1237,0.855014372286146,0.3912537626880505,NE,2022-07-28,0,1,1,1,1,0,0,1,1,1
1238,0.0214581451869567,0.01536663790438485,NE,2022-07-29,1,1,1,1,1,1,1,1,1,1
1239,0.019073173012871,0.01444567288887575,NE,2022-07-30,1,1,1,1,1,1,1,1,1,1
1240,0.556456323565793,0.206216234029559,NE,2022-07-31,1,1,1,1,1,1,1,1,1,1
1241,NA,NA,NE,2022-08-01,NA,NA,NA,NA,NA,NA,NA,NA,NA,NA
1242,NA,NA,NE,2022-08-02,NA,NA,NA,NA,NA,NA,NA,NA,NA,NA
1243,0.0146278755306985,0.01135899503518655,NE,2022-08-03,1,1,1,1,1,0,0,1,1,1
1244,NA,NA,NE,2022-08-04,NA,NA,NA,NA,NA,NA,NA,NA,NA,NA
1245,NA,NA,NE,2022-08-05,NA,NA,NA,NA,NA,NA,NA,NA,NA,NA
1246,0.761766436074613,0.278263405218799,NE,2022-08-06,0,1,1,1,1,0,0,1,1,1
1247,0.659982333316532,0.2118765161407685,NE,2022-08-07,1,1,1,1,1,0,0,1,1,1
1248,NA,NA,NE,2022-08-08,NA,NA,NA,NA,NA,NA,NA,NA,NA,NA
1249,NA,NA,NE,2022-08-09,NA,NA,NA,NA,NA,NA,NA,NA,NA,NA
1250,NA,NA,NE,2022-08-10,NA,NA,NA,NA,NA,NA,NA,NA,NA,NA
1251,NA,NA,NE,2022-08-11,NA,NA,NA,NA,NA,NA,NA,NA,NA,NA
1252,0.122244493705554,0.0068117920051666,NE,2022-08-12,1,1,1,1,1,0,0,1,1,1
1253,0.16606561751003,0.0064470300575313,NE,2022-08-13,1,1,1,1,1,1,1,1,1,1
1254,0.637890377930526,0.174947501487715,NE,2022-08-14,1,1,1,1,1,1,1,1,1,1
1255,NA,NA,NE,2022-08-15,NA,NA,NA,NA,NA,NA,NA,NA,NA,NA
1256,NA,NA,NE,2022-08-16,NA,NA,NA,NA,NA,NA,NA,NA,NA,NA
1257,0.00663283130546102,0.00518575014088465,NE,2022-08-17,1,1,1,1,1,1,1,1,1,1
1258,0.026159382120752,0.00491358969455554,NE,2022-08-18,1,1,1,1,1,1,1,1,1,1
1259,0.810651979183309,0.2205925293489795,NE,2022-08-19,0,1,1,1,1,0,0,1,1,1
1260,0.0791277399976443,0.004413607265471685,NE,2022-08-20,1,1,1,1,1,1,1,1,1,1
1261,0.648725537733446,0.352582277053502,NH,2022-07-10,1,1,0,1,1,0,0,1,1,1
1262,0.456059267194803,0.224859147111014,NH,2022-07-11,1,1,1,1,1,1,1,1,1,1
1263,0.944451151944208,0.1292910471833395,NH,2022-07-12,1,1,1,1,1,0,0,0,1,1
1264,0.916407321518645,0.114466828974077,NH,2022-07-13,1,1,1,1,1,1,1,1,1,1
1265,1.01667617624088,0.11724206105774,NH,2022-07-14,1,1,1,1,1,0,0,1,1,1
1266,0.410157475620319,0.1663142672565715,NH,2022-07-15,1,1,1,1,1,1,1,1,1,1
1267,0.410288830717966,0.165618486335989,NH,2022-07-16,1,1,1,1,1,0,0,1,1,1
1268,1.2225542923374,0.0346807313528549,NH,2022-07-17,1,0,1,1,1,0,0,1,1,1
1269,0.756196280525193,0.1313459844805355,NH,2022-07-18,1,1,1,1,1,0,0,1,1,1
1270,2.05984695226505,0.2706698268908905,NH,2022-07-19,1,0,0,1,1,0,0,0,1,1
1271,0.385278155622446,0.164419864028707,NH,2022-07-20,1,1,1,1,1,0,1,0,1,1
1272,1.00953268435277,0.3170304306290255,NH,2022-07-21,1,0,0,1,1,0,0,0,1,1
1273,0.638203912768285,0.02426220752707775,NH,2022-07-22,1,1,1,1,1,0,0,1,1,0
1274,1.0742982989174,0.3216276584328995,NH,2022-07-23,1,0,0,1,1,0,0,0,1,1
1275,NA,NA,NH,2022-07-24,NA,NA,NA,NA,NA,NA,NA,NA,NA,NA
1276,0.839820224941027,0.0198375021792962,NH,2022-07-25,1,1,1,1,1,0,0,1,1,1
1277,1.42166076915263,0.31247955263960697,NH,2022-07-26,0,0,1,1,1,0,0,1,1,1
1278,0.511251576996717,0.01742949537546475,NH,2022-07-27,1,1,1,1,1,0,0,1,1,1
1279,0.153507451892069,0.0163589209326255,NH,2022-07-28,1,1,1,1,1,1,1,1,1,1
1280,0.68283397621244,0.267677917665985,NH,2022-07-29,1,1,1,1,1,0,0,1,1,1
1281,0.0756355644904121,0.01444567288887575,NH,2022-07-30,1,1,1,1,1,1,1,1,1,1
1282,0.831363130207381,0.155197633867273,NH,2022-07-31,1,1,0,1,1,1,0,0,1,1
1283,0.847406492424493,0.1350524037414785,NH,2022-08-01,1,1,0,1,1,0,1,0,1,1
1284,0.402105902617034,0.14258247149526251,NH,2022-08-02,1,1,1,1,1,0,1,0,1,1
1285,1.14054078031604,0.800576220769805,NH,2022-08-03,0,0,1,1,1,0,0,1,1,1
1286,0.872775342939526,0.135332840439917,NH,2022-08-04,1,1,0,1,1,0,1,0,1,1
1287,1.06574382922101,0.1880407822960295,NH,2022-08-05,0,1,1,1,1,0,0,1,1,1
1288,0.0928075502350505,0.00954245031825025,NH,2022-08-06,1,1,1,1,1,0,0,1,1,1
1289,1.55142245068293,0.2794978496852825,NH,2022-08-07,0,0,1,1,1,0,0,1,1,1
1290,0.217203445470491,0.0085155871428269,NH,2022-08-08,1,1,1,1,1,1,1,1,1,1
1291,0.365812472302152,0.110743176443067,NH,2022-08-09,1,1,1,1,1,1,1,1,1,1
1292,0.987963161468711,0.4207948980948695,NH,2022-08-10,0,0,1,1,1,0,0,1,1,1
1293,0.616687253460023,0.007199247909921,NH,2022-08-11,1,1,1,1,1,1,1,1,1,1
1294,0.366602084568398,0.0068117920051666,NH,2022-08-12,1,1,1,1,1,0,0,1,1,1
1295,0.31267029853915,0.0828068344316665,NH,2022-08-13,1,1,1,1,1,1,1,1,1,1
1296,0.00841120485583631,0.00610340954197015,NH,2022-08-14,1,1,1,1,1,1,1,1,1,1
1297,0.30528473386339,0.0764759885571955,NH,2022-08-15,1,1,1,1,1,0,0,1,1,1
1298,0.583184031527971,0.00547402165907375,NH,2022-08-16,1,1,1,1,1,0,0,1,1,1
1299,0.674023588571368,0.176440734304818,NH,2022-08-17,1,1,1,1,1,0,0,1,1,1
1300,0.0562543505372053,0.00491358969455554,NH,2022-08-18,1,1,1,1,1,1,1,1,1,1
1301,1.19269513138987,0.1486138602942805,NH,2022-08-19,0,0,1,1,1,0,0,1,1,1
1302,1.53129648664777,0.1971514931999825,NH,2022-08-20,0,0,1,1,1,0,0,1,1,1
1303,4.95746470991664,0.2118406022651875,NJ,2022-07-10,1,1,0,0,1,0,0,1,0,1
1304,11.6581923498614,0.242421733480702,NJ,2022-07-11,0,0,1,0,0,0,0,0,0,0
1305,19.1893091055781,0.1406948325626835,NJ,2022-07-12,0,0,0,1,0,0,0,0,1,0
1306,2.66477543492552,0.205191652851153,NJ,2022-07-13,1,1,1,1,0,0,0,0,1,1
1307,3.85962448032471,0.2037718647252705,NJ,2022-07-14,1,1,0,0,0,1,0,0,0,0
1308,2.3721176768179,0.210241153727215,NJ,2022-07-15,1,1,1,1,1,0,1,1,1,0
1309,8.45834571550857,0.2224588465731455,NJ,2022-07-16,1,0,1,1,0,1,0,0,1,0
1310,7.76320352392988,0.192652417752187,NJ,2022-07-17,0,1,0,0,0,0,0,0,0,1
1311,6.46375534243581,0.187242824633599,NJ,2022-07-18,0,0,1,0,1,0,0,0,0,1
1312,11.1685104336061,0.2002066326976235,NJ,2022-07-19,0,0,1,0,0,0,0,0,0,0
1313,5.60736639293019,0.1788101508063595,NJ,2022-07-20,0,1,0,1,0,0,0,0,1,0
1314,3.78230944569016,0.140255099507545,NJ,2022-07-21,1,1,0,1,1,0,0,0,1,0
1315,2.26467259783879,0.1592878276602965,NJ,2022-07-22,1,1,1,1,0,0,0,0,1,0
1316,2.5053497068501702,0.1343757035431145,NJ,2022-07-23,1,1,1,0,1,0,0,0,0,0
1317,4.86039852568521,0.169377566198171,NJ,2022-07-24,1,0,1,0,0,1,0,1,0,0
1318,9.83060569623978,0.161079222436539,NJ,2022-07-25,1,0,0,0,0,0,0,0,0,0
1319,3.00427522851504,0.1268162991211115,NJ,2022-07-26,1,1,0,1,0,0,0,0,1,0
1320,1.89891704660243,0.137257282538018,NJ,2022-07-27,1,1,1,0,0,0,0,0,0,0
1321,4.16556064647577,0.1952054871604055,NJ,2022-07-28,0,0,1,1,1,0,1,0,1,1
1322,2.25685076167065,0.0964426138126785,NJ,2022-07-29,1,1,0,1,0,0,0,0,1,0
1323,8.75888188954214,0.1749684507623525,NJ,2022-07-30,0,0,0,0,1,0,0,0,0,1
1324,7.38320132137564,0.16163663655323,NJ,2022-07-31,0,0,1,0,1,0,0,0,0,1
1325,1.81718193965323,0.113544729728807,NJ,2022-08-01,1,1,1,0,1,0,0,0,0,1
1326,3.75431350724717,0.129309581803327,NJ,2022-08-02,1,0,1,0,1,0,0,0,0,1
1327,16.9872898089057,0.1534796880584805,NJ,2022-08-03,0,0,1,0,1,0,0,0,0,1
1328,5.23093751071586,0.1453549252891005,NJ,2022-08-04,1,0,1,1,0,0,0,0,1,0
1329,1.79720168949599,0.0800719312813945,NJ,2022-08-05,1,1,0,1,1,0,0,1,1,1
1330,2.22218278345554,0.0763053084593725,NJ,2022-08-06,0,1,1,1,0,0,0,0,1,0
1331,4.8875922277523,0.151373217706203,NJ,2022-08-07,0,0,1,1,1,0,0,0,1,1
1332,15.8725313492719,0.1865215732193565,NJ,2022-08-08,0,0,0,0,1,0,0,0,0,1
1333,1.26903243110961,0.096224440804645,NJ,2022-08-09,1,1,1,1,1,0,0,0,1,1
1334,1.36346106504236,0.0948620609544735,NJ,2022-08-10,1,1,1,1,0,0,0,1,1,0
1335,11.9134741481381,0.196949915436245,NJ,2022-08-11,0,0,0,1,0,0,0,0,1,0
1336,4.01098397025694,0.1308361453770555,NJ,2022-08-12,0,0,1,0,1,0,0,0,0,1
1337,12.9881327643632,0.1814898977225825,NJ,2022-08-13,0,0,1,0,1,0,0,0,0,1
1338,2.06875846177374,0.0973704862694,NJ,2022-08-14,0,1,1,1,1,0,0,1,1,1
1339,15.8544616614123,0.1649858980850235,NJ,2022-08-15,0,0,1,0,0,0,0,1,0,0
1340,11.030510655966,0.155342054065122,NJ,2022-08-16,0,0,1,1,1,0,0,1,1,1
1341,11.2248259136841,0.11747827096342,NJ,2022-08-17,0,0,1,0,1,0,0,1,0,1
1342,2.34461528698144,0.092421152172896,NJ,2022-08-18,0,0,1,1,1,0,0,1,1,1
1343,5.21158031244106,0.1281547657632895,NJ,2022-08-19,0,0,1,0,0,0,0,0,0,0
1344,8.62451371493708,0.1334951972177915,NJ,2022-08-20,0,0,1,0,0,0,0,1,0,0
1345,2.44107049578886,0.1528642496736785,NM,2022-07-10,0,0,0,1,0,0,0,1,1,0
1346,1.92074802750714,0.2089944425360675,NM,2022-07-11,0,1,0,1,1,0,0,0,1,0
1347,1.90619096371404,0.192745239654288,NM,2022-07-12,0,1,1,1,1,0,1,0,1,0
1348,2.22520081122851,0.1603748698605115,NM,2022-07-13,1,0,1,1,0,0,0,0,1,0
1349,0.977248236253266,0.4200309484556315,NM,2022-07-14,1,1,1,1,0,1,0,1,1,0
1350,2.68450351219547,0.095106819116046,NM,2022-07-15,1,0,0,1,1,1,0,0,1,1
1351,0.667502461467017,0.1533660992477755,NM,2022-07-16,1,1,1,1,1,0,1,0,1,1
1352,1.21507542788876,0.2433525590948265,NM,2022-07-17,1,1,1,1,0,1,1,0,1,0
1353,0.703266618487214,0.152695681021801,NM,2022-07-18,1,1,1,1,1,1,0,0,1,1
1354,0.416843983352855,0.02995999830823475,NM,2022-07-19,1,1,1,1,1,0,0,1,1,1
1355,0.44855020514037103,0.1132228540407055,NM,2022-07-20,1,1,1,1,1,0,0,0,1,1
1356,0.428769929133073,0.1125132697126465,NM,2022-07-21,1,1,1,1,1,1,1,1,1,1
1357,1.54894786710002,0.06322015546887,NM,2022-07-22,1,0,1,1,1,0,0,1,1,1
1358,2.42669562183322,0.0226641655065884,NM,2022-07-23,0,0,1,1,1,1,1,1,1,1
1359,0.712247845059383,0.1057322400150375,NM,2022-07-24,1,1,1,1,1,0,0,1,1,1
1360,2.35925771221559,0.17573471350893,NM,2022-07-25,1,0,0,1,0,0,0,1,1,0
1361,0.959057745591011,0.103113523982386,NM,2022-07-26,1,1,1,1,1,0,0,0,1,1
1362,1.95014414377579,0.201896075055542,NM,2022-07-27,1,0,0,1,1,0,0,0,1,1
1363,1.74349035894475,0.160549244684712,NM,2022-07-28,0,1,1,1,1,0,1,0,1,1
1364,0.849920535485802,0.108276303746841,NM,2022-07-29,1,1,0,1,1,1,0,0,1,1
1365,1.66420911908081,0.216868784988352,NM,2022-07-30,1,0,1,1,0,1,0,0,1,0
1366,1.11726001853386,0.0929085860516315,NM,2022-07-31,1,1,1,1,0,0,0,1,1,0
1367,1.43488938210028,0.111678268484609,NM,2022-08-01,1,1,1,1,1,0,0,1,1,1
1368,0.857297656641349,0.098916213511771,NM,2022-08-02,1,1,1,1,1,0,0,0,1,1
1369,0.709748371092892,0.113257907861821,NM,2022-08-03,1,1,1,1,1,0,0,0,1,1
1370,1.46589460043481,0.128267696608953,NM,2022-08-04,1,1,1,1,1,0,0,0,1,1
1371,0.961630012240108,0.127227973444081,NM,2022-08-05,1,1,1,1,1,0,0,0,1,1
1372,0.687321202779343,0.1025612423992095,NM,2022-08-06,1,1,1,1,1,0,0,1,1,1
1373,1.04689973964982,0.17130371601406,NM,2022-08-07,0,1,1,1,1,0,0,1,1,1
1374,0.99863667128762,0.0903558753199145,NM,2022-08-08,1,1,1,1,0,0,0,0,1,0
1375,0.963186770268676,0.098924647998697,NM,2022-08-09,1,1,1,1,0,0,1,1,1,0
1376,1.92817626188952,0.1764803311438825,NM,2022-08-10,0,0,0,1,1,1,1,1,1,1
1377,0.834357855826688,0.0984049049764625,NM,2022-08-11,1,1,0,1,1,0,0,0,1,1
1378,1.50370246503802,0.1380417926887685,NM,2022-08-12,1,0,0,1,1,0,1,0,1,1
1379,0.5906956454569,0.0064470300575313,NM,2022-08-13,1,1,1,1,1,1,1,1,1,1
1380,0.298456306482865,0.0664048709511645,NM,2022-08-14,1,1,1,1,1,0,0,1,1,1
1381,3.26674716962796,0.1689252318914955,NM,2022-08-15,0,0,1,1,1,0,0,1,1,1
1382,1.02022892571289,0.00547402165907375,NM,2022-08-16,1,0,1,1,1,0,0,1,1,1
1383,1.03673866305391,0.1369203533439105,NM,2022-08-17,0,1,1,1,1,0,0,1,1,1
1384,1.34246659102344,0.1836696981711925,NM,2022-08-18,1,0,1,1,0,0,0,1,1,0
1385,0.173166917734952,0.004656522184882415,NM,2022-08-19,1,1,1,1,1,0,0,1,1,1
1386,0.49199722854733,0.112828668103634,NM,2022-08-20,1,1,1,1,1,0,0,1,1,1
1387,0.0852158564105205,0.05995311026087,NV,2022-07-10,1,1,1,1,1,0,0,1,1,1
1388,0.705208338089512,0.1563255714789765,NV,2022-07-11,1,1,1,1,1,0,1,0,1,1
1389,1.5119096163628,0.1321659275215665,NV,2022-07-12,0,1,1,1,0,0,0,1,1,0
1390,1.44931647842766,0.162712185429701,NV,2022-07-13,0,1,1,1,0,0,1,0,1,0
1391,0.633383880506779,0.2645894648910785,NV,2022-07-14,1,1,1,1,1,1,1,1,1,1
1392,11.4212183765641,0.0841622020956675,NV,2022-07-15,0,0,0,1,1,0,0,0,1,0
1393,7.55795946502702,0.092635820391031,NV,2022-07-16,0,0,0,1,1,0,0,0,1,1
1394,0.0529595684071401,0.0346807313528549,NV,2022-07-17,1,1,1,1,1,1,1,1,1,1
1395,NA,NA,NV,2022-07-18,NA,NA,NA,NA,NA,NA,NA,NA,NA,NA
1396,0.043486854847517,0.02995999830823475,NV,2022-07-19,1,1,1,1,1,1,1,1,1,1
1397,0.0386487736863168,0.0278945040607026,NV,2022-07-20,1,1,1,1,1,1,1,1,1,1
1398,NA,NA,NV,2022-07-21,NA,NA,NA,NA,NA,NA,NA,NA,NA,NA
1399,3.85623667772065,0.118028979255158,NV,2022-07-22,1,0,0,1,1,0,1,0,1,1
1400,3.22230799077198,0.1854513761712925,NV,2022-07-23,1,0,1,1,0,0,0,0,1,0
1401,4.8465978526702,0.0968831065392695,NV,2022-07-24,0,0,1,1,0,0,1,0,1,0
1402,1.35671854486281,0.150054630225698,NV,2022-07-25,1,1,1,1,1,0,0,1,1,1
1403,0.664760853234693,0.01858613407989905,NV,2022-07-26,1,1,1,1,1,0,0,0,1,1
1404,0.400006384223779,0.091668808446011,NV,2022-07-27,1,1,1,1,1,0,0,1,1,1
1405,1.31358940866976,0.107996715486223,NV,2022-07-28,1,1,1,1,1,0,0,0,1,1
1406,1.5228484994784801,0.11366128116702,NV,2022-07-29,1,1,1,1,0,0,1,0,1,0
1407,5.54169183106469,0.053335559001443,NV,2022-07-30,0,0,1,1,1,0,0,0,1,1
1408,1.01127648851733,0.0815755791828145,NV,2022-07-31,1,1,1,1,1,0,0,0,1,1
1409,1.34132027364975,0.08206881571343,NV,2022-08-01,1,1,1,1,1,0,1,0,1,1
1410,0.913543084576646,0.051210598992474,NV,2022-08-02,1,1,1,1,1,0,0,0,1,0
1411,0.505815558104094,0.0902807176086485,NV,2022-08-03,1,1,1,1,1,0,0,1,1,1
1412,0.437235844742902,0.0107125211429588,NV,2022-08-04,1,1,1,1,1,0,0,1,1,1
1413,0.550071545497959,0.057207939301825,NV,2022-08-05,1,1,1,1,1,1,1,1,1,1
1414,0.310964507059267,0.0828299834729455,NV,2022-08-06,1,1,1,1,1,0,0,1,1,1
1415,0.458542385917917,0.1442551825962545,NV,2022-08-07,1,1,1,1,1,1,1,1,1,1
1416,0.220164691091832,0.0085155871428269,NV,2022-08-08,1,1,1,1,1,0,0,1,1,1
1417,0.41764264363174,0.00804919501032105,NV,2022-08-09,1,1,1,1,1,0,0,1,1,1
1418,0.0754495608613706,0.0076110956011432,NV,2022-08-10,1,1,1,1,1,1,1,1,1,1
1419,1.33448800504022,0.098930226014325,NV,2022-08-11,1,1,1,0,1,0,0,0,0,1
1420,2.6888176292164,0.04044902285259065,NV,2022-08-12,0,0,1,0,1,0,0,0,0,1
1421,1.77178393165966,0.0492783078125188,NV,2022-08-13,0,1,1,0,1,1,0,1,0,1
1422,4.09015300575286,0.1502386099834595,NV,2022-08-14,0,0,1,1,1,0,0,1,1,1
1423,3.73459380443046,0.1500646325842015,NV,2022-08-15,0,0,1,0,1,0,0,0,0,1
1424,0.403206503791718,0.0480927433745437,NV,2022-08-16,1,1,1,1,1,1,1,1,1,1
1425,1.02274703565688,0.0823053673686835,NV,2022-08-17,1,1,1,0,1,0,0,1,0,1
1426,1.05012229702149,0.072370320972629,NV,2022-08-18,1,1,1,0,1,1,0,1,0,1
1427,0.449802025950661,0.0663525242317675,NV,2022-08-19,1,1,1,1,1,0,0,1,1,1
1428,0.529527347444676,0.0377720875233678,NV,2022-08-20,1,1,1,1,1,0,0,1,1,1
1429,9.12932824145087,0.1965956391274275,NY,2022-07-10,1,0,0,1,1,0,1,0,1,1
1430,16.2450131762042,0.2388284580104695,NY,2022-07-11,0,0,0,1,0,0,0,0,1,0
1431,7.82331508430466,0.1692092359420825,NY,2022-07-12,0,0,1,0,1,0,0,1,0,1
1432,8.79629380073476,0.1443361418871535,NY,2022-07-13,0,0,0,1,1,0,0,0,1,0
1433,4.86617139286245,0.207022321200396,NY,2022-07-14,0,1,0,0,0,1,0,0,0,0
1434,3.36727257886518,0.194421215163549,NY,2022-07-15,1,1,0,0,1,1,0,0,0,0
1435,4.89782432034316,0.198436841448012,NY,2022-07-16,0,1,0,1,0,0,0,0,1,0
1436,8.04871041408808,0.179348875319968,NY,2022-07-17,0,1,0,1,1,0,0,0,1,0
1437,4.3160657502703,0.1604998164049395,NY,2022-07-18,1,1,0,0,0,0,0,0,0,0
1438,5.69992131317691,0.171862267027202,NY,2022-07-19,0,1,0,1,0,0,0,0,1,0
1439,2.78858667530364,0.171303678809796,NY,2022-07-20,1,1,1,1,0,0,0,1,1,0
1440,6.63378165251237,0.2231622390943215,NY,2022-07-21,1,0,0,1,0,0,0,0,1,0
1441,4.33230213461656,0.158402788498237,NY,2022-07-22,0,1,0,1,0,0,0,0,1,0
1442,10.2424417415431,0.195576319297863,NY,2022-07-23,0,0,1,1,1,0,0,0,1,1
1443,4.02886882401473,0.120898878805584,NY,2022-07-24,1,0,0,0,0,0,0,0,0,1
1444,13.5097476285631,0.1783676032398035,NY,2022-07-25,0,0,1,0,1,0,0,0,0,0
1445,2.16692149659705,0.117764991539113,NY,2022-07-26,0,1,1,0,1,0,0,1,0,0
1446,3.83312280483197,0.1447307643722155,NY,2022-07-27,0,1,0,0,0,0,0,0,0,0
1447,5.4548865739214,0.181648012914496,NY,2022-07-28,0,0,1,1,1,0,0,0,1,1
1448,8.39425922391419,0.172845403134419,NY,2022-07-29,0,0,0,1,0,0,0,0,1,0
1449,4.30539711703605,0.143142492198775,NY,2022-07-30,0,0,1,1,1,0,0,1,1,1
1450,2.2276109378995,0.110838501188703,NY,2022-07-31,1,1,1,1,0,1,0,0,1,0
1451,9.60571273010474,0.145567929796159,NY,2022-08-01,0,0,1,0,0,0,0,0,0,0
1452,5.29790994925486,0.1354870387252465,NY,2022-08-02,0,0,0,1,0,0,0,0,1,0
1453,7.20075057743722,0.132855892488243,NY,2022-08-03,0,0,1,0,0,0,0,0,0,0
1454,7.99835126414906,0.1698649443804215,NY,2022-08-04,0,0,1,0,1,0,0,1,0,1
1455,2.75466455823209,0.115117151451633,NY,2022-08-05,0,1,0,0,1,0,0,0,0,1
1456,5.19333120671965,0.157204171697766,NY,2022-08-06,0,0,1,1,1,0,0,0,1,1
1457,1.05454412107641,0.104930499357235,NY,2022-08-07,1,1,1,1,1,0,0,0,1,1
1458,5.68073759643269,0.1331061172276875,NY,2022-08-08,0,0,1,0,1,0,0,0,0,1
1459,11.2083707714569,0.199611285060151,NY,2022-08-09,0,0,1,1,1,0,0,0,1,1
1460,3.6256542991025,0.1480025220214585,NY,2022-08-10,0,0,0,1,1,0,0,0,1,1
1461,3.33243687488758,0.120522439870643,NY,2022-08-11,0,0,1,1,1,0,0,1,1,1
1462,3.93842211128781,0.116646422826841,NY,2022-08-12,0,0,1,0,1,0,0,0,0,1
1463,9.21135056599899,0.169067469211128,NY,2022-08-13,0,0,1,0,0,0,0,0,0,0
1464,12.9697041917181,0.1963502737061895,NY,2022-08-14,0,0,1,1,1,0,0,1,1,1
1465,3.53337267749963,0.115392431739865,NY,2022-08-15,0,0,1,1,1,0,0,0,1,1
1466,3.66990412550605,0.1129065696804695,NY,2022-08-16,0,0,1,0,1,0,0,0,0,1
1467,9.93320098891836,0.1555486460542195,NY,2022-08-17,0,0,1,0,1,0,0,0,0,1
1468,6.19238190931274,0.1260384701883575,NY,2022-08-18,0,0,0,0,1,0,0,0,0,1
1469,16.7776340368284,0.197669408122648,NY,2022-08-19,0,0,1,0,1,0,0,0,0,1
1470,9.87577005517,0.127819601587579,NY,2022-08-20,0,0,1,0,1,0,0,0,0,1
1471,8.50905896189052,0.2542690880928805,OH,2022-07-10,0,0,1,1,0,0,0,1,1,0
1472,4.10832415691775,0.2190319023066485,OH,2022-07-11,1,1,0,1,0,1,0,0,1,0
1473,2.67275241327128,0.0901491417464515,OH,2022-07-12,0,0,1,1,1,0,0,0,1,1
1474,2.33118968865575,0.283606869677018,OH,2022-07-13,0,0,1,1,1,0,0,0,1,1
1475,5.80275840047277,0.2303635541657525,OH,2022-07-14,0,0,1,1,1,0,0,1,1,1
1476,5.0780623728557,0.2042354188090105,OH,2022-07-15,0,1,0,1,0,0,0,0,1,0
1477,3.33384487204955,0.198655187362948,OH,2022-07-16,0,1,1,1,0,1,0,0,1,0
1478,3.32980376465528,0.206546956097166,OH,2022-07-17,1,0,1,0,1,0,0,0,0,1
1479,3.37745666141123,0.1821644314243375,OH,2022-07-18,1,1,1,0,1,0,0,0,0,0
1480,3.80272068522308,0.105553346098391,OH,2022-07-19,0,0,0,0,0,0,0,0,0,0
1481,0.617001966421532,0.1454739091330455,OH,2022-07-20,1,1,1,1,1,0,0,1,1,1
1482,2.28297778770548,0.1274683276924815,OH,2022-07-21,1,1,1,1,0,0,0,0,1,0
1483,9.7333200426501,0.2071341964609255,OH,2022-07-22,0,0,0,0,0,0,0,0,0,0
1484,2.03876028385489,0.1809487967135085,OH,2022-07-23,1,0,1,1,0,0,1,0,1,0
1485,1.49983426790447,0.119128600425121,OH,2022-07-24,0,1,1,0,1,0,0,1,0,1
1486,3.07363034576919,0.1508660228149205,OH,2022-07-25,1,1,1,0,0,0,0,0,0,0
1487,1.05989644638339,0.0618057544563265,OH,2022-07-26,1,0,1,1,1,0,0,1,1,1
1488,1.7762331975962,0.170455277963092,OH,2022-07-27,1,1,1,1,0,0,1,1,1,0
1489,2.74728121604304,0.111483426292567,OH,2022-07-28,0,1,1,1,0,0,0,1,1,0
1490,5.69082253690014,0.16932681589766,OH,2022-07-29,0,0,1,0,1,0,0,0,0,1
1491,6.30615533347876,0.2026032347196745,OH,2022-07-30,0,0,0,1,1,0,0,0,1,1
1492,2.69301303744215,0.1251842397005935,OH,2022-07-31,0,1,0,1,0,0,0,1,1,0
1493,11.1575097138975,0.150197645025605,OH,2022-08-01,0,0,0,1,1,0,0,0,1,1
1494,0.708973334224879,0.1054362992516505,OH,2022-08-02,1,1,1,1,1,1,0,0,1,1
1495,3.06858484248183,0.1549765402801255,OH,2022-08-03,0,0,1,1,1,0,0,1,1,1
1496,8.62459679721544,0.2136174801405585,OH,2022-08-04,0,0,1,0,1,0,0,0,0,1
1497,1.34002072714358,0.138633195243587,OH,2022-08-05,1,1,1,0,1,0,0,0,0,1
1498,3.61459006041411,0.1886897535852825,OH,2022-08-06,0,0,1,1,1,0,0,1,1,1
1499,0.795351840908094,0.115124954152831,OH,2022-08-07,1,1,0,1,1,1,0,0,1,1
1500,1.16933392225631,0.137449813968837,OH,2022-08-08,0,1,1,1,1,0,0,1,1,1
1501,0.31771517640902,0.0902043801565175,OH,2022-08-09,1,1,1,1,1,0,0,1,1,1
1502,1.24725123211028,0.0548890901217975,OH,2022-08-10,0,1,0,1,1,0,1,0,1,1
1503,2.99799041665102,0.119043490751435,OH,2022-08-11,0,0,0,1,1,0,0,0,1,1
1504,7.33013031508035,0.1286682212113685,OH,2022-08-12,0,0,0,1,1,0,0,0,1,1
1505,7.02175117044161,0.13339983563864,OH,2022-08-13,0,0,1,1,0,0,0,1,1,0
1506,3.54070505710659,0.1253238970507205,OH,2022-08-14,0,0,1,1,0,0,0,1,1,0
1507,4.38277184128,0.1170673127011675,OH,2022-08-15,0,0,1,0,1,0,0,0,0,1
1508,1.5502984115951,0.151468575808356,OH,2022-08-16,1,0,1,1,0,0,0,0,1,0
1509,0.362799050442761,0.0502528512366565,OH,2022-08-17,1,1,1,1,1,0,0,1,1,1
1510,7.20950439903491,0.1196354119866295,OH,2022-08-18,0,0,1,1,1,0,0,1,1,1
1511,4.62502201790328,0.126326469283011,OH,2022-08-19,0,0,0,1,1,0,0,0,1,1
1512,6.23133844990753,0.1338644261767105,OH,2022-08-20,0,0,1,1,1,0,0,1,1,1
1513,0.481749994194855,0.05995311026087,OK,2022-07-10,1,1,1,1,1,1,1,1,1,1
1514,1.00793663845278,0.248552871351253,OK,2022-07-11,1,1,1,1,0,1,0,1,1,0
1515,2.26790430250475,0.115214781563111,OK,2022-07-12,0,0,1,1,1,0,0,0,1,0
1516,0.941891928884784,0.255671550836036,OK,2022-07-13,1,1,1,1,1,0,0,1,1,1
1517,1.14073733480151,0.196598224933724,OK,2022-07-14,1,1,1,1,0,1,1,0,1,0
1518,0.532806326722968,0.0403318590079491,OK,2022-07-15,1,1,1,1,1,1,0,0,1,1
1519,1.25007017369879,0.212251338254875,OK,2022-07-16,0,1,1,1,1,0,0,0,1,1
1520,NA,NA,OK,2022-07-17,NA,NA,NA,NA,NA,NA,NA,NA,NA,NA
1521,0.0443013287208068,0.0322153823368803,OK,2022-07-18,1,1,1,1,1,1,1,1,1,1
1522,NA,NA,OK,2022-07-19,NA,NA,NA,NA,NA,NA,NA,NA,NA,NA
1523,NA,NA,OK,2022-07-20,NA,NA,NA,NA,NA,NA,NA,NA,NA,NA
1524,NA,NA,OK,2022-07-21,NA,NA,NA,NA,NA,NA,NA,NA,NA,NA
1525,NA,NA,OK,2022-07-22,NA,NA,NA,NA,NA,NA,NA,NA,NA,NA
1526,1.74831729018507,0.3365646749543815,OK,2022-07-23,1,0,0,1,1,1,0,0,1,1
1527,0.100726309862332,0.02119325849782495,OK,2022-07-24,1,1,1,1,1,0,0,1,1,1
1528,0.714177843610064,0.0198375021792962,OK,2022-07-25,1,1,1,1,1,0,0,1,1,1
1529,1.53440044332383,0.350640120953007,OK,2022-07-26,1,0,0,1,0,0,0,0,1,0
1530,0.630278696738139,0.01742949537546475,OK,2022-07-27,1,1,1,1,1,0,0,1,1,1
1531,0.585560623065924,0.1317111799342945,OK,2022-07-28,1,1,1,1,1,0,0,0,1,1
1532,0.527944566130943,0.204600097725585,OK,2022-07-29,1,1,1,1,1,1,1,1,1,1
1533,1.16769518401457,0.01444567288887575,OK,2022-07-30,1,0,1,1,1,0,0,1,1,1
1534,0.411198762257655,0.077798589642004,OK,2022-07-31,1,1,1,1,1,0,1,0,1,1
1535,0.875311040549278,0.0905441123825295,OK,2022-08-01,1,1,1,1,1,0,0,0,1,1
1536,0.693371136532843,0.01205122506270725,OK,2022-08-02,1,1,1,1,1,0,0,1,1,1
1537,NA,NA,OK,2022-08-03,NA,NA,NA,NA,NA,NA,NA,NA,NA,NA
1538,0.752736272174282,0.27572953154790403,OK,2022-08-04,1,1,1,1,1,0,0,1,1,1
1539,0.107852772128836,0.01010811582391115,OK,2022-08-05,1,1,1,1,1,1,1,1,1,1
1540,NA,NA,OK,2022-08-06,NA,NA,NA,NA,NA,NA,NA,NA,NA,NA
1541,0.0141000344620113,0.0090125155072259,OK,2022-08-07,1,1,1,1,1,1,1,1,1,1
1542,0.0121295399984526,0.0085155871428269,OK,2022-08-08,1,1,1,1,1,1,1,1,1,1
1543,0.087072061860363,0.00804919501032105,OK,2022-08-09,1,1,1,1,1,1,1,1,1,1
1544,0.0405134512700632,0.0076110956011432,OK,2022-08-10,1,1,1,1,1,1,1,1,1,1
1545,0.510075456660461,0.14570537141747,OK,2022-08-11,1,1,1,1,1,0,0,1,1,1
1546,0.0703817366698258,0.0068117920051666,OK,2022-08-12,1,1,1,1,1,1,1,1,1,1
1547,0.0714099447673557,0.0064470300575313,OK,2022-08-13,1,1,1,1,1,1,1,1,1,1
1548,0.00913354271555714,0.00610340954197015,OK,2022-08-14,1,1,1,1,1,1,1,1,1,1
1549,NA,NA,OK,2022-08-15,NA,NA,NA,NA,NA,NA,NA,NA,NA,NA
1550,0.103462312255057,0.00547402165907375,OK,2022-08-16,1,1,1,1,1,1,1,1,1,1
1551,1.31444672109514,0.925287875958755,OK,2022-08-17,1,0,0,1,1,1,0,0,1,1
1552,0.0561055087391373,0.00491358969455554,OK,2022-08-18,1,1,1,1,1,0,0,1,1,1
1553,NA,NA,OK,2022-08-19,NA,NA,NA,NA,NA,NA,NA,NA,NA,NA
1554,1.11782807067326,0.2362890389776815,OK,2022-08-20,1,0,0,1,1,0,1,0,1,1
1555,1.08216481313471,0.190010517724262,OR,2022-07-10,0,1,1,1,1,0,0,0,1,1
1556,1.73327579051757,0.219350947904331,OR,2022-07-11,1,1,1,1,0,0,0,0,1,0
1557,2.15875262987418,0.225148063013199,OR,2022-07-12,0,1,0,1,0,1,0,0,1,1
1558,3.4377987922629,0.248702448020219,OR,2022-07-13,1,0,0,1,0,0,0,0,1,0
1559,2.03793073837382,0.24377068032665,OR,2022-07-14,1,0,0,1,1,0,0,0,1,1
1560,1.36671383538746,0.1622100743343695,OR,2022-07-15,1,1,1,1,1,0,0,0,1,1
1561,1.86898335543703,0.2244876346866515,OR,2022-07-16,0,1,1,1,1,0,0,0,1,1
1562,1.51348244357849,0.181263350232299,OR,2022-07-17,1,1,0,1,1,0,1,0,1,1
1563,1.61221789812007,0.173212056293259,OR,2022-07-18,1,1,1,1,1,1,0,0,1,1
1564,4.09595797645084,0.1922202941667625,OR,2022-07-19,0,1,0,1,1,1,0,0,1,1
1565,2.88572781343944,0.189929835631223,OR,2022-07-20,0,1,0,1,0,0,1,0,1,0
1566,2.30086601144372,0.0910688678985205,OR,2022-07-21,0,0,1,1,1,1,0,0,1,1
1567,4.18973779622301,0.2312159157314455,OR,2022-07-22,1,0,0,1,1,0,0,0,1,1
1568,2.85185070608763,0.080793889478402,OR,2022-07-23,0,0,1,1,1,0,0,0,1,1
1569,1.08801620886443,0.172517338592984,OR,2022-07-24,1,1,0,1,1,0,0,0,1,1
1570,1.21252482232863,0.140756790140292,OR,2022-07-25,1,1,1,1,1,0,0,0,1,1
1571,0.933336054037023,0.1398412737167895,OR,2022-07-26,1,1,1,1,1,1,1,1,1,1
1572,4.14410681473471,0.20839047263487,OR,2022-07-27,0,0,0,1,1,0,0,0,1,1
1573,1.41894715803585,0.0949532608994265,OR,2022-07-28,1,1,1,1,0,0,0,0,1,0
1574,1.12012374853808,0.107675642695214,OR,2022-07-29,1,1,1,1,1,0,0,0,1,1
1575,1.07015698002494,0.101244124341231,OR,2022-07-30,1,1,1,1,0,0,0,0,1,0
1576,1.04605152945789,0.1495613909174025,OR,2022-07-31,0,1,1,1,1,0,1,0,1,1
1577,1.54800987425733,0.0584964375731555,OR,2022-08-01,1,0,1,1,1,0,0,1,1,1
1578,2.22111180304931,0.106398631252622,OR,2022-08-02,0,1,0,1,1,0,1,0,1,1
1579,0.833783354141688,0.0790061858124395,OR,2022-08-03,1,1,1,1,1,1,0,0,1,1
1580,1.98453820052825,0.04773792072522865,OR,2022-08-04,0,0,1,1,0,0,0,1,1,0
1581,1.22768638950877,0.0617119402939795,OR,2022-08-05,0,1,0,1,1,0,0,0,1,1
1582,0.786277366713665,0.115048017724823,OR,2022-08-06,1,1,0,1,1,0,1,0,1,1
1583,0.928179947815524,0.0797541412709625,OR,2022-08-07,1,1,1,1,1,0,0,1,1,1
1584,3.70242504552628,0.14831022714773,OR,2022-08-08,0,0,0,1,1,0,0,0,1,1
1585,1.27630803988193,0.067595293514384,OR,2022-08-09,1,1,1,0,1,0,0,1,0,1
1586,1.65785108190862,0.112528351472036,OR,2022-08-10,1,1,0,1,1,1,1,1,1,1
1587,0.849279546320914,0.0533679557457705,OR,2022-08-11,1,1,1,1,1,0,0,0,1,1
1588,1.72336876388303,0.0068117920051666,OR,2022-08-12,0,0,1,1,1,0,0,1,1,1
1589,1.49899616371937,0.146440004743446,OR,2022-08-13,0,0,1,1,1,0,0,1,1,1
1590,0.887429963348251,0.00610340954197015,OR,2022-08-14,1,1,1,1,1,0,0,1,1,1
1591,2.09742544704414,0.0246319030795293,OR,2022-08-15,0,0,1,1,1,0,0,1,1,1
1592,1.44613799683044,0.0983366618410255,OR,2022-08-16,1,1,0,0,1,1,0,0,0,1
1593,0.581085980558194,0.0394367469736713,OR,2022-08-17,1,1,1,1,1,0,0,1,1,1
1594,0.362716904568104,0.0479167620310418,OR,2022-08-18,1,1,1,1,1,0,0,1,1,1
1595,1.20495584470929,0.051137049656094,OR,2022-08-19,1,1,1,0,1,0,0,1,0,1
1596,1.32574069466562,0.167946734683937,OR,2022-08-20,1,0,1,1,0,1,0,1,1,0
1597,5.82850116187471,0.2582532760579685,PA,2022-07-10,0,0,1,1,0,0,0,0,1,1
1598,3.24435544955596,0.2153361796921545,PA,2022-07-11,1,1,1,1,0,0,0,0,1,0
1599,2.31344784178248,0.2004223470895555,PA,2022-07-12,1,1,0,1,0,0,0,0,1,0
1600,4.45546259446317,0.2599939342594985,PA,2022-07-13,0,0,0,0,0,1,0,0,0,0
1601,6.77880106793614,0.147020150384314,PA,2022-07-14,0,0,1,1,1,0,0,0,1,1
1602,2.68245322963241,0.180382322324107,PA,2022-07-15,1,1,0,1,0,0,1,0,1,0
1603,1.95242059251387,0.194612152511875,PA,2022-07-16,1,1,1,1,1,0,0,0,1,0
1604,8.66473678289309,0.181512736786984,PA,2022-07-17,0,1,0,1,0,0,0,0,1,0
1605,2.20893122946766,0.1965911160596065,PA,2022-07-18,1,1,1,1,0,0,0,0,1,0
1606,3.8438864681482,0.167469473263523,PA,2022-07-19,0,1,0,1,1,0,0,1,1,0
1607,2.66774248890074,0.1308022188395435,PA,2022-07-20,1,0,0,1,1,0,0,0,1,0
1608,1.75090504032947,0.1270862541755945,PA,2022-07-21,1,1,1,1,0,0,0,0,1,0
1609,3.3146769702962,0.186401242217791,PA,2022-07-22,1,0,0,1,1,0,1,0,1,1
1610,3.24550086827619,0.1259476679390545,PA,2022-07-23,1,1,0,1,0,0,0,0,1,0
1611,1.73490495129513,0.148960528464392,PA,2022-07-24,1,1,1,1,0,0,0,0,1,0
1612,15.1930361635142,0.2338212985638615,PA,2022-07-25,0,0,0,0,1,0,0,1,0,1
1613,4.27945457770429,0.190651409705634,PA,2022-07-26,0,0,1,0,0,0,0,0,0,0
1614,0.681154814143351,0.1346689329410965,PA,2022-07-27,1,1,1,1,1,0,0,1,1,1
1615,1.53876256569034,0.1085116223329145,PA,2022-07-28,1,1,1,0,1,1,0,0,0,1
1616,10.181827062501,0.1951560432039405,PA,2022-07-29,0,0,1,1,0,0,0,0,1,0
1617,3.79720103519775,0.1354131546784615,PA,2022-07-30,0,0,0,1,1,0,0,0,1,1
1618,2.86407314016817,0.0922220663490155,PA,2022-07-31,0,1,1,0,0,0,1,1,0,0
1619,22.4965469330527,0.2061351172439345,PA,2022-08-01,0,0,1,1,0,0,0,0,1,0
1620,1.78595353011839,0.1062825543708015,PA,2022-08-02,1,1,0,1,1,0,0,0,1,1
1621,4.48709423886907,0.148405938516065,PA,2022-08-03,1,0,1,1,0,0,0,0,1,0
1622,8.14177302339053,0.1948688646788955,PA,2022-08-04,0,0,0,1,0,0,0,0,1,0
1623,7.36881288152396,0.162988552698018,PA,2022-08-05,0,0,1,0,1,0,0,0,0,1
1624,1.99823155368285,0.1180410102664945,PA,2022-08-06,0,0,1,1,1,0,1,0,1,1
1625,2.40023286578952,0.136347441881952,PA,2022-08-07,1,0,0,1,1,0,1,0,1,1
1626,9.52608900354664,0.1546410442123055,PA,2022-08-08,0,0,1,1,1,0,0,0,1,1
1627,1.465879447915,0.1213327736860975,PA,2022-08-09,1,1,1,0,1,0,1,1,0,1
1628,3.57333562159638,0.1369573207039815,PA,2022-08-10,0,0,0,1,1,0,0,0,1,1
1629,4.73969519277417,0.1581284517456415,PA,2022-08-11,0,0,0,1,1,0,0,0,1,1
1630,1.53645240210849,0.08470440572316,PA,2022-08-12,1,1,1,0,1,0,0,0,0,1
1631,6.40903332263587,0.1493776243765845,PA,2022-08-13,0,0,1,1,1,0,0,0,1,1
1632,3.59880179895922,0.109114104097451,PA,2022-08-14,0,0,1,1,1,0,0,0,1,1
1633,5.50626177260311,0.116423118537517,PA,2022-08-15,0,0,1,1,0,0,0,0,1,0
1634,2.11538873076427,0.094032404444466,PA,2022-08-16,0,0,1,1,1,0,0,0,1,1
1635,12.5254513874613,0.1732374841516035,PA,2022-08-17,0,0,1,1,1,0,0,0,1,1
1636,3.76687408254392,0.138462915562067,PA,2022-08-18,1,0,0,0,1,0,0,0,0,1
1637,5.28478583450319,0.1320941657571365,PA,2022-08-19,0,0,1,1,1,0,0,1,1,1
1638,16.2214382176866,0.177415329016581,PA,2022-08-20,0,0,1,0,1,0,0,0,0,1
1639,NA,NA,PR,2022-07-10,NA,NA,NA,NA,NA,NA,NA,NA,NA,NA
1640,0.0829430879383213,0.0552742217976275,PR,2022-07-11,1,1,1,1,1,1,1,1,1,1
1641,NA,NA,PR,2022-07-12,NA,NA,NA,NA,NA,NA,NA,NA,NA,NA
1642,NA,NA,PR,2022-07-13,NA,NA,NA,NA,NA,NA,NA,NA,NA,NA
1643,NA,NA,PR,2022-07-14,NA,NA,NA,NA,NA,NA,NA,NA,NA,NA
1644,0.505364488363055,0.25030253942232,PR,2022-07-15,1,1,1,1,1,1,1,1,1,1
1645,NA,NA,PR,2022-07-16,NA,NA,NA,NA,NA,NA,NA,NA,NA,NA
1646,NA,NA,PR,2022-07-17,NA,NA,NA,NA,NA,NA,NA,NA,NA,NA
1647,0.799663430358785,0.0322153823368803,PR,2022-07-18,1,1,1,1,1,0,0,1,1,1
1648,NA,NA,PR,2022-07-19,NA,NA,NA,NA,NA,NA,NA,NA,NA,NA
1649,NA,NA,PR,2022-07-20,NA,NA,NA,NA,NA,NA,NA,NA,NA,NA
1650,3.66571562733393,0.487401000343058,PR,2022-07-21,0,0,1,1,1,0,0,1,1,1
1651,NA,NA,PR,2022-07-22,NA,NA,NA,NA,NA,NA,NA,NA,NA,NA
1652,NA,NA,PR,2022-07-23,NA,NA,NA,NA,NA,NA,NA,NA,NA,NA
1653,NA,NA,PR,2022-07-24,NA,NA,NA,NA,NA,NA,NA,NA,NA,NA
1654,NA,NA,PR,2022-07-25,NA,NA,NA,NA,NA,NA,NA,NA,NA,NA
1655,0.0256337804296976,0.01858613407989905,PR,2022-07-26,1,1,1,1,1,1,1,1,1,1
1656,0.0216761462074615,0.01742949537546475,PR,2022-07-27,1,1,1,1,1,0,0,1,1,1
1657,1.45202089770195,0.3162747943369655,PR,2022-07-28,0,0,1,1,1,0,0,1,1,1
1658,0.670034725367365,0.267677917665985,PR,2022-07-29,1,1,1,1,1,1,1,1,1,1
1659,NA,NA,PR,2022-07-30,NA,NA,NA,NA,NA,NA,NA,NA,NA,NA
1660,NA,NA,PR,2022-07-31,NA,NA,NA,NA,NA,NA,NA,NA,NA,NA
1661,NA,NA,PR,2022-08-01,NA,NA,NA,NA,NA,NA,NA,NA,NA,NA
1662,0.783696628466179,0.1544489484436765,PR,2022-08-02,1,1,1,1,1,0,0,1,1,1
1663,0.0575905501530811,0.01135899503518655,PR,2022-08-03,1,1,1,1,1,1,1,1,1,1
1664,NA,NA,PR,2022-08-04,NA,NA,NA,NA,NA,NA,NA,NA,NA,NA
1665,0.613120440785461,0.210282365605044,PR,2022-08-05,1,1,1,1,1,1,1,1,1,1
1666,NA,NA,PR,2022-08-06,NA,NA,NA,NA,NA,NA,NA,NA,NA,NA
1667,NA,NA,PR,2022-08-07,NA,NA,NA,NA,NA,NA,NA,NA,NA,NA
1668,0.0454957886160378,0.0085155871428269,PR,2022-08-08,1,1,1,1,1,1,1,1,1,1
1669,0.270226569212519,0.00804919501032105,PR,2022-08-09,1,1,1,1,1,0,0,1,1,1
1670,0.684545031262356,0.2142029968480065,PR,2022-08-10,1,1,1,1,1,0,0,1,1,1
1671,0.0409623086876162,0.007199247909921,PR,2022-08-11,1,1,1,1,1,1,1,1,1,1
1672,NA,NA,PR,2022-08-12,NA,NA,NA,NA,NA,NA,NA,NA,NA,NA
1673,NA,NA,PR,2022-08-13,NA,NA,NA,NA,NA,NA,NA,NA,NA,NA
1674,NA,NA,PR,2022-08-14,NA,NA,NA,NA,NA,NA,NA,NA,NA,NA
1675,NA,NA,PR,2022-08-15,NA,NA,NA,NA,NA,NA,NA,NA,NA,NA
1676,NA,NA,PR,2022-08-16,NA,NA,NA,NA,NA,NA,NA,NA,NA,NA
1677,0.914332264309401,0.2906107237474405,PR,2022-08-17,0,0,1,1,1,0,0,1,1,1
1678,0.0934465155374936,0.00491358969455554,PR,2022-08-18,1,1,1,1,1,1,1,1,1,1
1679,0.0902655975608285,0.004656522184882415,PR,2022-08-19,1,1,1,1,1,0,0,1,1,1
1680,NA,NA,PR,2022-08-20,NA,NA,NA,NA,NA,NA,NA,NA,NA,NA
1681,2.00333394361984,0.174636064911494,RI,2022-07-10,1,0,0,1,1,0,0,1,1,1
1682,1.8817805350289,0.2441301613511715,RI,2022-07-11,1,1,1,1,1,0,0,0,1,1
1683,3.54331962881851,0.1762928345326,RI,2022-07-12,1,1,0,1,0,0,0,0,1,0
1684,2.26466629449295,0.155232460067309,RI,2022-07-13,1,0,0,1,1,1,0,0,1,1
1685,3.67113128587151,0.2755414356502565,RI,2022-07-14,0,0,1,1,0,0,0,0,1,0
1686,0.78792516150862,0.1914908592526745,RI,2022-07-15,1,1,1,1,1,0,0,1,1,1
1687,0.811068546464723,0.203151174054989,RI,2022-07-16,1,1,1,1,1,0,0,0,1,1
1688,2.10354027868759,0.2188828428738305,RI,2022-07-17,1,0,0,1,1,1,0,0,1,1
1689,1.96443775700187,0.206182955875671,RI,2022-07-18,0,1,1,1,1,0,0,1,1,1
1690,1.76613366533378,0.1736540381729095,RI,2022-07-19,1,1,1,1,0,1,0,0,1,0
1691,3.33255399479172,0.0278945040607026,RI,2022-07-20,0,0,1,1,1,0,0,0,1,1
1692,1.68715140761904,0.1000437853341445,RI,2022-07-21,1,0,1,1,1,0,0,1,1,1
1693,6.79324686359836,0.3377337619574805,RI,2022-07-22,1,0,0,1,1,0,0,0,1,1
1694,0.745028713352934,0.122886149854026,RI,2022-07-23,1,1,1,1,1,0,0,0,1,1
1695,1.3559358778389,0.2135182800817315,RI,2022-07-24,1,1,0,1,1,0,0,1,1,1
1696,1.96360208797692,0.181237132291315,RI,2022-07-25,0,0,1,1,1,0,0,1,1,1
1697,1.55319671381067,0.0834155646445405,RI,2022-07-26,1,0,1,1,1,1,0,0,1,1
1698,1.68469683672309,0.201680512580059,RI,2022-07-27,1,0,0,1,1,0,0,0,1,1
1699,0.683968564456159,0.1457155930201645,RI,2022-07-28,1,1,1,1,1,0,0,0,1,1
1700,1.1900914289157,0.1428163044537375,RI,2022-07-29,1,1,0,1,1,1,0,0,1,1
1701,1.04297283312624,0.2054046506425755,RI,2022-07-30,0,1,1,1,1,0,0,1,1,1
1702,0.53744910019233,0.1163238829582705,RI,2022-07-31,1,1,1,1,1,0,0,1,1,1
1703,0.205258690770018,0.0127933016336255,RI,2022-08-01,1,1,1,1,1,0,0,1,1,1
1704,1.03351961728229,0.14258247149526251,RI,2022-08-02,1,1,1,1,1,0,1,0,1,1
1705,1.43091270094381,0.1428951993242895,RI,2022-08-03,0,1,1,1,1,0,0,1,1,1
1706,4.5547042506523,0.2094752789466675,RI,2022-08-04,0,0,1,1,1,0,0,1,1,1
1707,4.29685967891241,0.195312230391422,RI,2022-08-05,0,0,1,1,1,0,0,0,1,1
1708,2.03941377346301,0.2294050497823355,RI,2022-08-06,0,0,1,1,1,0,0,1,1,1
1709,1.73357169738961,0.150135298556647,RI,2022-08-07,0,0,1,1,1,1,1,1,1,1
1710,1.99008796098983,0.21266144628401,RI,2022-08-08,0,0,1,1,1,0,0,1,1,1
1711,1.50505588402078,0.1480142781725985,RI,2022-08-09,1,0,0,1,1,0,0,0,1,1
1712,1.28465163294505,0.0076110956011432,RI,2022-08-10,0,0,1,1,1,1,1,1,1,1
1713,1.25695143740515,0.131854759066715,RI,2022-08-11,0,1,1,1,1,0,0,1,1,1
1714,0.453461672834305,0.126178221026995,RI,2022-08-12,1,1,1,1,1,0,0,1,1,1
1715,0.471493054030444,0.04844492246330575,RI,2022-08-13,1,1,1,1,1,0,0,1,1,1
1716,0.06799970154202,0.00610340954197015,RI,2022-08-14,1,1,1,1,1,1,1,1,1,1
1717,6.6507711233774,0.2178689489508305,RI,2022-08-15,0,0,1,1,1,0,0,1,1,1
1718,2.46260731505954,0.1287902209349575,RI,2022-08-16,0,0,0,1,1,0,0,0,1,1
1719,1.04457126709906,0.090279763928434,RI,2022-08-17,1,1,1,1,0,1,0,1,1,0
1720,3.36486734282929,0.1641845983482085,RI,2022-08-18,0,0,1,1,1,0,0,1,1,1
1721,2.77099505432706,0.169179194309909,RI,2022-08-19,0,0,1,1,1,0,0,0,1,1
1722,2.89050918615789,0.212269665588058,RI,2022-08-20,0,0,1,0,1,0,0,1,0,1
1723,6.01297167843598,0.308769575451078,SC,2022-07-10,0,0,0,1,0,0,0,0,1,0
1724,1.22749772271892,0.2095578118884915,SC,2022-07-11,1,1,1,1,1,0,0,0,1,1
1725,1.74461290630992,0.2202791651353015,SC,2022-07-12,1,1,1,1,1,0,0,0,1,0
1726,4.27502816471927,0.2843613596827735,SC,2022-07-13,0,0,1,1,0,0,0,1,1,1
1727,1.79756575553342,0.2176742499506645,SC,2022-07-14,1,1,1,1,1,0,0,1,1,1
1728,2.30083450181728,0.265960591508321,SC,2022-07-15,0,0,1,1,1,0,0,0,1,1
1729,3.90409527498531,0.2199226874149295,SC,2022-07-16,0,0,1,1,1,0,0,0,1,0
1730,3.46718353456902,0.254503522037184,SC,2022-07-17,0,0,1,1,1,0,0,0,1,1
1731,3.29843432152199,0.1788047559846155,SC,2022-07-18,0,1,1,1,0,0,0,1,1,0
1732,2.07074739397462,0.198021704039232,SC,2022-07-19,1,1,1,1,1,0,0,1,1,1
1733,0.93449511873214,0.1507816386218115,SC,2022-07-20,1,1,1,1,1,0,0,1,1,1
1734,2.54652440849427,0.193403125766684,SC,2022-07-21,1,0,0,1,1,0,0,0,1,1
1735,2.78008380788066,0.232287674909301,SC,2022-07-22,1,0,0,1,1,0,0,0,1,1
1736,4.88458546834668,0.2498853466304515,SC,2022-07-23,0,0,1,1,1,0,0,0,1,1
1737,6.6424034044039,0.1798584083428555,SC,2022-07-24,0,0,0,1,1,0,0,0,1,1
1738,5.47527830262306,0.2876790883332945,SC,2022-07-25,0,0,0,1,1,0,0,0,1,1
1739,4.99145025079395,0.245962292877819,SC,2022-07-26,0,0,1,1,1,0,0,1,1,1
1740,2.69908858283268,0.197676979615791,SC,2022-07-27,0,0,1,1,0,0,0,0,1,0
1741,11.6189568379872,0.3411549531898505,SC,2022-07-28,0,0,0,1,0,0,0,0,1,0
1742,1.55969302674981,0.204600097725585,SC,2022-07-29,0,0,1,1,1,0,0,1,1,1
1743,4.11755666440146,0.212477205374194,SC,2022-07-30,0,0,1,1,1,0,0,0,1,1
1744,1.55559149306895,0.3217921139783585,SC,2022-07-31,0,0,1,1,1,0,0,1,1,1
1745,7.19523809296064,0.1614537312599255,SC,2022-08-01,0,0,1,1,0,0,0,0,1,0
1746,4.68932757797039,0.2262875717314595,SC,2022-08-02,0,0,0,1,1,0,0,0,1,1
1747,1.25323645706192,0.1029067559328645,SC,2022-08-03,1,1,1,1,0,0,0,0,1,0
1748,1.20341886463734,0.1153244989343845,SC,2022-08-04,1,1,1,1,1,0,0,0,1,1
1749,0.981024732342114,0.1702475156488175,SC,2022-08-05,0,1,1,1,1,0,0,1,1,1
1750,2.59554992178829,0.50839283895961,SC,2022-08-06,0,0,0,1,1,0,0,0,1,1
1751,4.36811552648008,0.298818230698001,SC,2022-08-07,0,0,1,1,1,0,0,1,1,1
1752,6.22370462236905,0.172893767097809,SC,2022-08-08,0,0,0,1,0,0,0,1,1,0
1753,8.84594958431413,0.3441385887902165,SC,2022-08-09,0,0,1,1,1,0,0,1,1,1
1754,7.24552393816081,0.266549810628455,SC,2022-08-10,0,0,1,1,1,0,0,0,1,1
1755,4.80899977282434,0.1840184039766595,SC,2022-08-11,0,0,1,1,1,0,0,0,1,1
1756,8.03957468846126,0.247536650196322,SC,2022-08-12,0,0,1,1,1,0,0,1,1,1
1757,5.4136834743405,0.244378348300545,SC,2022-08-13,0,0,0,1,1,0,0,0,1,1
1758,5.10794483666467,0.159548237475038,SC,2022-08-14,0,0,1,1,0,0,0,1,1,0
1759,6.89395788615782,0.219708682283661,SC,2022-08-15,0,0,0,1,1,0,0,1,1,1
1760,1.83184521129711,0.1094221234041225,SC,2022-08-16,0,0,1,1,1,0,0,1,1,1
1761,4.21650298994446,0.170916379976949,SC,2022-08-17,0,0,1,1,1,0,0,1,1,1
1762,8.00937663632419,0.265019764315422,SC,2022-08-18,0,0,0,1,1,0,0,0,1,1
1763,0.525673774456415,0.079764698589786,SC,2022-08-19,1,1,1,1,1,0,0,1,1,1
1764,0.0239431532803993,0.004413607265471685,SC,2022-08-20,1,1,1,1,1,1,1,1,1,1
1765,NA,NA,SD,2022-07-10,NA,NA,NA,NA,NA,NA,NA,NA,NA,NA
1766,NA,NA,SD,2022-07-11,NA,NA,NA,NA,NA,NA,NA,NA,NA,NA
1767,0.435645099011865,0.051007236309563,SD,2022-07-12,1,1,1,1,1,1,0,0,1,0
1768,0.805936235652788,0.04711643822431075,SD,2022-07-13,1,0,1,1,1,1,1,1,1,1
1769,NA,NA,SD,2022-07-14,NA,NA,NA,NA,NA,NA,NA,NA,NA,NA
1770,NA,NA,SD,2022-07-15,NA,NA,NA,NA,NA,NA,NA,NA,NA,NA
1771,NA,NA,SD,2022-07-16,NA,NA,NA,NA,NA,NA,NA,NA,NA,NA
1772,NA,NA,SD,2022-07-17,NA,NA,NA,NA,NA,NA,NA,NA,NA,NA
1773,NA,NA,SD,2022-07-18,NA,NA,NA,NA,NA,NA,NA,NA,NA,NA
1774,NA,NA,SD,2022-07-19,NA,NA,NA,NA,NA,NA,NA,NA,NA,NA
1775,0.719870934238356,0.0278945040607026,SD,2022-07-20,1,1,1,1,1,0,0,1,1,1
1776,0.736469630953093,0.3720509293798545,SD,2022-07-21,0,1,1,1,1,0,1,0,1,1
1777,1.0555556545215,0.4354502223686645,SD,2022-07-22,1,1,1,1,0,1,0,1,1,0
1778,0.0307863685424128,0.0226641655065884,SD,2022-07-23,1,1,1,1,1,1,1,1,1,1
1779,0.209958217768264,0.02119325849782495,SD,2022-07-24,1,1,1,1,1,1,1,1,1,1
1780,1.60243442986713,0.383237505744836,SD,2022-07-25,0,0,1,1,1,0,0,1,1,1
1781,1.00579158413503,0.4249723513642,SD,2022-07-26,1,1,0,1,1,1,0,0,1,1
1782,1.44774704725606,0.20302777805183,SD,2022-07-27,0,0,1,1,1,0,0,1,1,1
1783,0.368472604542376,0.141323868184434,SD,2022-07-28,1,1,1,1,1,1,1,1,1,1
1784,0.0190965641053116,0.01536663790438485,SD,2022-07-29,1,1,1,1,1,1,1,1,1,1
1785,0.865364153233339,0.3963636283962755,SD,2022-07-30,0,0,1,1,1,0,0,1,1,1
1786,1.11307433462383,0.784095633773555,SD,2022-07-31,0,0,1,1,1,0,0,1,1,1
1787,0.131682899510208,0.0127933016336255,SD,2022-08-01,1,1,1,1,1,1,1,1,1,1
1788,0.0594021216778569,0.01205122506270725,SD,2022-08-02,1,1,1,1,1,1,1,1,1,1
1789,0.19767891929754,0.01135899503518655,SD,2022-08-03,1,1,1,1,1,1,0,0,1,1
1790,0.747390628264554,0.27572953154790403,SD,2022-08-04,1,1,1,1,1,0,0,1,1,1
1791,0.923255102562866,0.410456615386177,SD,2022-08-05,0,0,1,1,1,1,1,1,1,1
1792,0.766856228145635,0.278263405218799,SD,2022-08-06,0,1,1,1,1,0,0,1,1,1
1793,0.0132628907450323,0.0090125155072259,SD,2022-08-07,1,1,1,1,1,1,1,1,1,1
1794,0.0915375644840669,0.0085155871428269,SD,2022-08-08,1,1,1,1,1,1,1,1,1,1
1795,0.314736903352808,0.0902043801565175,SD,2022-08-09,1,1,1,1,1,0,0,1,1,1
1796,0.294688301267431,0.076475062683431,SD,2022-08-10,1,1,1,1,1,1,1,1,1,1
1797,0.12539985603729,0.007199247909921,SD,2022-08-11,1,1,1,1,1,0,0,1,1,1
1798,0.0750588938122874,0.0068117920051666,SD,2022-08-12,1,1,1,1,1,1,1,1,1,1
1799,0.11870826284886,0.0064470300575313,SD,2022-08-13,1,1,1,1,1,1,1,1,1,1
1800,0.00974960242629905,0.00610340954197015,SD,2022-08-14,1,1,1,1,1,1,1,1,1,1
1801,0.156359973903929,0.005779508360378,SD,2022-08-15,1,1,1,1,1,0,0,1,1,1
1802,0.659874954786187,0.1759489085209535,SD,2022-08-16,1,1,1,1,1,0,0,1,1,1
1803,0.0557374521252386,0.00518575014088465,SD,2022-08-17,1,1,1,1,1,1,1,1,1,1
1804,0.407350387442043,0.100476194886747,SD,2022-08-18,1,1,1,1,1,0,0,1,1,1
1805,0.00667002512255048,0.004656522184882415,SD,2022-08-19,1,1,1,1,1,1,1,1,1,1
1806,0.0209888101917462,0.004413607265471685,SD,2022-08-20,1,1,1,1,1,1,1,1,1,1
1807,2.68446985561974,0.3140395367665065,TN,2022-07-10,1,0,0,1,0,1,0,0,1,0
1808,1.47007181654843,0.1631919015425095,TN,2022-07-11,1,0,1,1,1,0,0,0,1,1
1809,1.39304328440571,0.1736535245745645,TN,2022-07-12,1,1,1,1,1,0,0,0,1,1
1810,1.2991147349061,0.0471164382243107,TN,2022-07-13,1,0,1,1,1,0,0,0,1,1
1811,1.81484602656588,0.1318871503321685,TN,2022-07-14,1,0,0,1,1,0,0,0,1,1
1812,0.771163125474221,0.1663142672565715,TN,2022-07-15,1,1,1,1,1,0,0,0,1,1
1813,1.63067504260534,0.090911046184617,TN,2022-07-16,0,0,1,1,1,0,0,0,1,1
1814,1.6573699118137,0.390174264716409,TN,2022-07-17,1,0,0,1,1,0,1,0,1,1
1815,1.27930029913487,0.1093169617819455,TN,2022-07-18,1,0,1,1,1,0,0,0,1,1
1816,1.71363456337837,0.189141140615663,TN,2022-07-19,0,1,1,1,1,0,0,1,1,0
1817,1.07189673544995,0.155030145444608,TN,2022-07-20,1,1,1,1,0,1,1,0,1,0
1818,0.744282490357255,0.1798008111078485,TN,2022-07-21,1,1,1,1,1,0,0,1,1,1
1819,0.583128060328935,0.147218035600158,TN,2022-07-22,1,1,1,1,1,0,0,0,1,1
1820,1.77347683749381,0.2001807132596065,TN,2022-07-23,0,1,1,1,1,0,0,0,1,1
1821,3.00943536980351,0.230115505978414,TN,2022-07-24,1,0,1,1,0,0,0,0,1,0
1822,3.39777326230604,0.279408933297539,TN,2022-07-25,0,0,1,1,1,0,0,0,1,1
1823,0.398607714859336,0.165532843359753,TN,2022-07-26,1,1,1,1,1,1,1,1,1,1
1824,0.347593110912304,0.099917621009405,TN,2022-07-27,1,1,1,1,1,0,0,1,1,1
1825,3.65494108389989,0.284140950757929,TN,2022-07-28,0,0,1,1,1,0,0,1,1,1
1826,1.14435613854262,0.2316334491286135,TN,2022-07-29,0,0,1,1,1,0,0,1,1,1
1827,1.37885955333281,0.229971607349609,TN,2022-07-30,1,0,0,1,1,1,1,1,1,1
1828,0.409034382605902,0.0135897674482263,TN,2022-07-31,1,1,1,1,1,0,0,1,1,1
1829,1.01703720902985,0.0867888550595315,TN,2022-08-01,1,1,1,1,1,0,0,1,1,1
1830,0.817754768601293,0.053271618672988,TN,2022-08-02,1,1,1,1,1,0,0,0,1,1
1831,0.868689175002543,0.01135899503518655,TN,2022-08-03,1,1,1,1,1,0,0,1,1,1
1832,1.34684559526991,0.041291406958914,TN,2022-08-04,1,0,1,1,1,0,0,0,1,1
1833,0.899104526927899,0.01010811582391115,TN,2022-08-05,1,1,1,1,1,0,0,1,1,1
1834,0.23562477706836,0.00954245031825025,TN,2022-08-06,1,1,1,1,1,1,1,1,1,1
1835,1.27253875749116,0.2118765161407685,TN,2022-08-07,0,0,1,1,1,0,0,1,1,1
1836,0.94668978637989,0.150775160866029,TN,2022-08-08,1,1,0,1,1,0,1,0,1,1
1837,1.04515596221195,0.0676829577775715,TN,2022-08-09,1,1,0,1,1,0,0,0,1,1
1838,3.10352416042627,0.315527611046368,TN,2022-08-10,0,0,1,1,0,0,0,1,1,0
1839,0.178004144420397,0.007199247909921,TN,2022-08-11,1,1,1,1,1,0,0,1,1,1
1840,1.02531092327537,0.0068117920051666,TN,2022-08-12,1,0,1,1,1,1,1,1,1,1
1841,0.304442500065481,0.0828068344316665,TN,2022-08-13,1,1,1,1,1,1,1,1,1,1
1842,1.15831257874968,0.3122626491498355,TN,2022-08-14,1,0,1,1,0,1,1,0,1,0
1843,0.317229115512732,0.0829029413023605,TN,2022-08-15,1,1,1,1,1,1,1,1,1,1
1844,0.311403533832493,0.00547402165907375,TN,2022-08-16,1,1,1,1,1,1,1,1,1,1
1845,1.04558552422482,0.1369203533439105,TN,2022-08-17,0,0,1,1,1,0,0,1,1,1
1846,0.379425709361939,0.090919934367528,TN,2022-08-18,1,1,1,1,1,1,1,1,1,1
1847,2.14861522377138,0.2260814060796335,TN,2022-08-19,0,0,1,0,1,0,0,1,0,1
1848,0.633839654634532,0.148967021716355,TN,2022-08-20,1,1,1,1,1,0,0,1,1,1
1849,6.43799425826742,0.243157043758833,TX,2022-07-10,0,0,1,1,1,0,0,0,1,0
1850,12.7073082173294,0.2917684959301635,TX,2022-07-11,0,0,1,1,0,0,0,0,1,0
1851,3.01374120219014,0.174006323430819,TX,2022-07-12,1,0,0,1,1,1,0,0,1,1
1852,1.88755069566465,0.18207811956773,TX,2022-07-13,1,1,0,1,1,0,0,0,1,1
1853,13.6967709738509,0.1993420037850485,TX,2022-07-14,0,1,0,1,0,0,0,0,1,1
1854,10.8322468678276,0.218376539813405,TX,2022-07-15,1,0,1,0,0,0,0,0,0,0
1855,10.5953730190301,0.1928799394441435,TX,2022-07-16,0,0,0,0,0,0,0,0,0,0
1856,18.7721683519179,0.213010978180718,TX,2022-07-17,0,0,1,0,0,0,0,0,0,0
1857,2.18036019636465,0.1452617038179345,TX,2022-07-18,1,1,1,1,1,0,1,0,1,1
1858,6.50184150425525,0.1171786942269555,TX,2022-07-19,0,0,0,1,1,0,0,0,1,0
1859,1.85196388268959,0.1219580281185765,TX,2022-07-20,1,0,1,1,1,0,0,0,1,1
1860,2.12245808050744,0.192225413077055,TX,2022-07-21,1,1,1,0,1,0,0,0,0,1
1861,2.75956993944044,0.2401472422135745,TX,2022-07-22,0,0,0,1,1,1,1,1,1,1
1862,4.74696717744142,0.1698137465952675,TX,2022-07-23,0,0,1,1,1,0,0,1,1,1
1863,10.0058808259132,0.193114615414015,TX,2022-07-24,0,0,1,1,1,0,0,0,1,1
1864,9.83474825165417,0.1526722247432175,TX,2022-07-25,0,0,0,0,0,0,0,0,0,0
1865,2.09310910404914,0.123581657129301,TX,2022-07-26,1,1,1,1,0,0,0,0,1,0
1866,6.88139565496871,0.17109090683707,TX,2022-07-27,0,0,1,1,1,0,0,0,1,1
1867,9.85447019914742,0.156881900356183,TX,2022-07-28,0,0,1,1,1,0,0,0,1,0
1868,8.37940360595855,0.1648934807231375,TX,2022-07-29,0,0,1,1,0,0,0,0,1,0
1869,6.93099732405646,0.1498639052413455,TX,2022-07-30,0,0,0,1,0,0,0,0,1,0
1870,14.198486976179,0.1518618336730455,TX,2022-07-31,0,0,0,0,0,0,0,0,0,0
1871,3.48207188611067,0.110207352603895,TX,2022-08-01,1,1,0,1,1,0,0,0,1,0
1872,4.01663919764347,0.088001051644663,TX,2022-08-02,0,0,1,1,0,0,0,0,1,0
1873,8.84738580102747,0.167472358171502,TX,2022-08-03,0,0,1,0,0,0,0,0,0,0
1874,3.28327739410823,0.116718924735797,TX,2022-08-04,1,1,1,0,0,0,0,0,0,0
1875,6.02790394445089,0.1460889872960605,TX,2022-08-05,0,0,1,0,1,0,0,1,0,1
1876,1.21557058093501,0.10520664764893,TX,2022-08-06,1,1,1,1,1,0,0,0,1,1
1877,3.80610609419076,0.1656641886839225,TX,2022-08-07,0,0,1,0,1,0,0,1,0,1
1878,7.89287804202042,0.1833956359879795,TX,2022-08-08,0,0,1,0,0,0,0,0,0,0
1879,2.74880206442408,0.115208132157534,TX,2022-08-09,0,0,1,1,1,0,1,0,1,1
1880,2.03379922949663,0.098420722522841,TX,2022-08-10,0,1,1,1,1,0,0,0,1,1
1881,5.22354832632701,0.0402465393965657,TX,2022-08-11,0,0,1,1,0,0,0,0,1,0
1882,18.0554974950216,0.1197908565585395,TX,2022-08-12,0,0,0,1,0,0,0,0,1,0
1883,10.427418678501,0.1081140600311155,TX,2022-08-13,0,0,1,1,0,0,0,1,1,0
1884,2.20153588151569,0.120279239178514,TX,2022-08-14,1,0,1,0,1,0,0,1,0,1
1885,5.19571977100735,0.0982786552521105,TX,2022-08-15,0,0,1,0,1,0,0,1,0,1
1886,4.59930843344739,0.1087307544798135,TX,2022-08-16,0,0,1,0,1,0,0,0,0,1
1887,4.52809753129867,0.108691509800405,TX,2022-08-17,0,0,1,1,1,0,0,0,1,1
1888,2.56915604016281,0.0909457154873575,TX,2022-08-18,1,1,0,0,0,0,0,0,0,0
1889,21.1907486892471,0.121886913037485,TX,2022-08-19,0,0,0,0,0,0,0,1,0,0
1890,13.2938861074419,0.1119108823817305,TX,2022-08-20,0,0,1,0,0,0,0,1,0,0
1891,0.722502786493486,0.05995311026087,UT,2022-07-10,1,1,1,1,1,1,1,1,1,1
1892,0.938232881906207,0.4144089410329285,UT,2022-07-11,1,1,1,1,0,1,0,1,1,0
1893,1.60273296741627,0.10047997571183,UT,2022-07-12,1,0,0,1,1,0,0,0,1,1
1894,1.21727404671183,0.1986548174112845,UT,2022-07-13,0,1,1,1,1,0,0,1,1,1
1895,1.68204664768094,0.043568359141071,UT,2022-07-14,1,0,1,1,1,1,1,1,1,1
1896,2.48357330288164,0.213444723912741,UT,2022-07-15,1,1,1,1,0,0,0,0,1,0
1897,0.866809987672692,0.0373781435590524,UT,2022-07-16,1,0,1,1,1,0,0,1,1,1
1898,0.50714133660177,0.252050250862226,UT,2022-07-17,1,1,1,1,1,1,1,1,1,1
1899,0.973489017748544,0.0322153823368803,UT,2022-07-18,1,0,1,1,1,0,0,0,1,1
1900,0.474554889484325,0.114061357607328,UT,2022-07-19,1,1,1,1,1,1,0,0,1,1
1901,1.00657710081116,0.1903456013845815,UT,2022-07-20,1,1,1,1,0,1,0,0,1,0
1902,0.649861293857095,0.2078942878269825,UT,2022-07-21,1,1,1,1,1,1,0,0,1,1
1903,0.661359947065741,0.12443978794883,UT,2022-07-22,1,1,1,1,1,0,1,0,1,1
1904,0.606445601042597,0.1387106736983585,UT,2022-07-23,1,1,1,1,1,0,0,1,1,1
1905,0.637032697146457,0.081075037072517,UT,2022-07-24,1,1,1,1,1,0,0,1,1,1
1906,1.13779294111248,0.151642225165431,UT,2022-07-25,1,1,1,1,0,0,0,0,1,0
1907,0.807050024163893,0.01858613407989905,UT,2022-07-26,1,1,1,1,1,1,0,0,1,1
1908,0.57850552670266,0.074536659275885,UT,2022-07-27,1,1,1,1,1,0,0,0,1,0
1909,0.554181338175192,0.07403505043346,UT,2022-07-28,1,1,1,1,1,0,1,0,1,1
1910,0.566102833666414,0.099470397824918,UT,2022-07-29,1,1,1,1,1,0,0,1,1,1
1911,0.736788026702608,0.099316329668298,UT,2022-07-30,1,1,1,1,1,0,1,0,1,1
1912,0.220151794796984,0.0135897674482263,UT,2022-07-31,1,1,1,1,1,1,1,1,1,1
1913,0.425201209880827,0.072558940939165,UT,2022-08-01,1,1,1,1,1,1,1,1,1,1
1914,0.852944936333397,0.1469407766689585,UT,2022-08-02,1,1,1,1,1,1,0,0,1,1
1915,0.486542314896633,0.094434492480936,UT,2022-08-03,1,1,1,1,1,0,0,1,1,1
1916,0.263682194422841,0.0107125211429588,UT,2022-08-04,1,1,1,1,1,1,1,1,1,1
1917,0.245321862503155,0.01010811582391115,UT,2022-08-05,1,1,1,1,1,1,1,1,1,1
1918,0.15969287542396,0.00954245031825025,UT,2022-08-06,1,1,1,1,1,1,1,1,1,1
1919,1.40890269734851,0.240857087659846,UT,2022-08-07,0,0,1,1,1,0,0,1,1,1
1920,0.206311459636596,0.0085155871428269,UT,2022-08-08,1,1,1,1,1,1,1,1,1,1
1921,0.824035755686207,0.093852109658857,UT,2022-08-09,1,1,0,1,1,1,0,0,1,1
1922,0.369996051866695,0.1109070462245745,UT,2022-08-10,1,1,1,1,1,0,0,1,1,1
1923,0.473768458157601,0.007199247909921,UT,2022-08-11,1,1,1,1,1,1,1,1,1,1
1924,0.447008493036369,0.0068117920051666,UT,2022-08-12,1,1,1,1,1,1,1,1,1,1
1925,1.57513365104257,0.246434986661957,UT,2022-08-13,0,0,1,1,1,0,0,1,1,1
1926,0.278030433368286,0.00610340954197015,UT,2022-08-14,1,1,1,1,1,0,0,1,1,1
1927,0.480008212723966,0.126973474412065,UT,2022-08-15,1,1,1,1,1,1,1,1,1,1
1928,0.327526777403825,0.082962606596292,UT,2022-08-16,1,1,1,1,1,1,1,1,1,1
1929,0.189598439373334,0.00518575014088465,UT,2022-08-17,1,1,1,1,1,0,0,1,1,1
1930,0.471045013318637,0.112421520535771,UT,2022-08-18,1,1,1,1,1,1,1,1,1,1
1931,0.0863434500462137,0.004656522184882415,UT,2022-08-19,1,1,1,1,1,0,0,1,1,1
1932,2.63523380655653,0.240955558185099,UT,2022-08-20,0,0,1,1,1,0,0,1,1,1
1933,12.4013515756825,0.2746437335802075,VA,2022-07-10,0,0,0,1,0,0,0,0,1,0
1934,17.1174911357932,0.265316708878961,VA,2022-07-11,0,0,1,0,0,0,0,0,0,0
1935,8.56983528987248,0.250490799443328,VA,2022-07-12,0,0,1,0,1,0,0,0,0,0
1936,5.86395497187217,0.24193584790518,VA,2022-07-13,1,0,0,1,1,0,0,0,1,0
1937,6.72068493577374,0.241811517803564,VA,2022-07-14,0,0,1,1,0,0,0,1,1,0
1938,24.1619633101791,0.2624109411330535,VA,2022-07-15,0,0,0,1,1,0,0,0,1,0
1939,9.99058574829957,0.2316883963899635,VA,2022-07-16,0,0,0,1,0,0,0,0,1,0
1940,14.6781632103601,0.256036688077622,VA,2022-07-17,0,0,1,1,0,0,0,0,1,0
1941,14.3049293745985,0.248206137768626,VA,2022-07-18,0,0,1,1,1,0,0,1,1,0
1942,10.0035560563298,0.236575350422351,VA,2022-07-19,0,0,0,1,1,0,0,0,1,0
1943,28.6385137276384,0.2350659365160945,VA,2022-07-20,0,0,1,1,1,0,0,0,1,0
1944,11.1357783328532,0.231963010745637,VA,2022-07-21,0,0,1,0,0,0,0,0,0,0
1945,23.4342732668232,0.2324361918696085,VA,2022-07-22,0,0,0,1,0,0,0,0,1,0
1946,13.917681704328,0.239079561766865,VA,2022-07-23,0,0,0,0,0,0,0,0,0,0
1947,4.50005199646761,0.168727736216399,VA,2022-07-24,1,0,1,1,0,0,0,0,1,0
1948,22.0233653220837,0.278951187832981,VA,2022-07-25,0,0,0,1,0,0,0,0,1,0
1949,6.2200331301669,0.182490415878222,VA,2022-07-26,0,0,1,1,1,0,0,0,1,1
1950,3.67123337705534,0.164215352718079,VA,2022-07-27,0,0,1,0,1,0,0,0,0,1
1951,19.3516674467988,0.2708269505396665,VA,2022-07-28,0,0,0,0,0,0,0,0,0,0
1952,7.79607929475636,0.181023987371918,VA,2022-07-29,0,0,0,1,0,1,0,1,1,0
1953,15.099487968398,0.250547288659925,VA,2022-07-30,0,0,0,1,0,0,0,0,1,0
1954,15.8092136446674,0.1948839901783125,VA,2022-07-31,0,0,0,1,0,0,0,0,1,0
1955,14.4094820955897,0.15487571143415,VA,2022-08-01,0,0,1,1,1,0,0,0,1,0
1956,24.1756778124413,0.1931904289061705,VA,2022-08-02,0,0,0,1,0,0,0,0,1,0
1957,14.6243744283807,0.1753614021848715,VA,2022-08-03,0,0,0,1,0,0,0,0,1,0
1958,4.82660198972125,0.156438332937533,VA,2022-08-04,0,0,1,1,1,0,0,0,1,1
1959,1.36363647719063,0.1215090376030945,VA,2022-08-05,1,1,1,1,1,0,0,1,1,1
1960,9.53789009665528,0.2110831664936615,VA,2022-08-06,0,0,1,1,1,0,0,0,1,1
1961,13.3509119878587,0.1809563298512535,VA,2022-08-07,0,0,1,0,1,0,0,0,0,1
1962,35.8409719326418,0.2474620848648585,VA,2022-08-08,0,0,0,0,1,0,0,0,0,1
1963,10.2273333027514,0.190049500249307,VA,2022-08-09,0,0,0,0,1,0,0,0,0,1
1964,3.86882683234159,0.1202358557130115,VA,2022-08-10,0,0,1,1,1,0,0,1,1,1
1965,2.33625592972434,0.0946767995988995,VA,2022-08-11,0,1,1,1,1,0,0,1,1,1
1966,10.4773360192849,0.139994490959281,VA,2022-08-12,0,0,1,1,1,0,0,1,1,1
1967,6.99431879628162,0.152363419465063,VA,2022-08-13,0,0,0,1,1,0,0,0,1,1
1968,27.8483202428557,0.212928564308832,VA,2022-08-14,0,0,0,1,0,0,0,0,1,0
1969,10.5423020074585,0.1373150164157625,VA,2022-08-15,0,0,0,1,1,0,0,0,1,1
1970,21.030843668643602,0.1548046091434275,VA,2022-08-16,0,0,1,1,0,0,0,0,1,0
1971,22.8643663167204,0.15900577895173101,VA,2022-08-17,0,0,1,0,1,0,0,0,0,1
1972,19.2820114459096,0.173883042573331,VA,2022-08-18,0,0,1,0,0,0,0,1,0,0
1973,17.2902998944052,0.173401966000886,VA,2022-08-19,0,0,1,0,1,0,0,1,0,1
1974,7.2355386295175,0.128322083009719,VA,2022-08-20,0,0,1,0,1,0,0,0,0,1
1975,NA,NA,VT,2022-07-10,NA,NA,NA,NA,NA,NA,NA,NA,NA,NA
1976,0.459476747171301,0.0552742217976275,VT,2022-07-11,1,1,1,1,1,1,0,1,1,0
1977,0.440452821135648,0.199425454516363,VT,2022-07-12,1,1,1,1,1,0,1,0,1,1
1978,0.0681055128046422,0.0471164382243107,VT,2022-07-13,1,1,1,1,1,1,1,1,1,1
1979,1.43141411899655,0.043568359141071,VT,2022-07-14,1,0,1,1,1,0,0,0,1,1
1980,0.95808645592434,0.67024390025106,VT,2022-07-15,0,0,1,1,1,0,1,0,1,1
1981,0.17275027593003,0.0373781435590524,VT,2022-07-16,1,1,1,1,1,1,0,0,1,1
1982,0.0476728279923333,0.0346807313528549,VT,2022-07-17,1,1,1,1,1,1,1,1,1,1
1983,0.633876846858621,0.0322153823368803,VT,2022-07-18,1,1,1,1,1,1,1,1,1,1
1984,0.372874791460751,0.164522173186784,VT,2022-07-19,1,1,1,1,1,1,1,1,1,1
1985,0.39743025330634,0.0278945040607026,VT,2022-07-20,1,1,1,1,1,0,0,0,1,1
1986,0.522831367700552,0.0260007164902436,VT,2022-07-21,1,1,1,1,1,0,0,1,1,1
1987,0.580274103929214,0.258009895177833,VT,2022-07-22,1,1,1,1,1,1,1,1,1,1
1988,NA,NA,VT,2022-07-23,NA,NA,NA,NA,NA,NA,NA,NA,NA,NA
1989,NA,NA,VT,2022-07-24,NA,NA,NA,NA,NA,NA,NA,NA,NA,NA
1990,0.0279237174529591,0.0198375021792962,VT,2022-07-25,1,1,1,1,1,1,1,1,1,1
1991,0.0252644727003704,0.01858613407989905,VT,2022-07-26,1,1,1,1,1,1,1,1,1,1
1992,0.0241452499472294,0.01742949537546475,VT,2022-07-27,1,1,1,1,1,1,1,1,1,1
1993,NA,NA,VT,2022-07-28,NA,NA,NA,NA,NA,NA,NA,NA,NA,NA
1994,NA,NA,VT,2022-07-29,NA,NA,NA,NA,NA,NA,NA,NA,NA,NA
1995,NA,NA,VT,2022-07-30,NA,NA,NA,NA,NA,NA,NA,NA,NA,NA
1996,NA,NA,VT,2022-07-31,NA,NA,NA,NA,NA,NA,NA,NA,NA,NA
1997,0.405045194368119,0.0127933016336255,VT,2022-08-01,1,1,1,1,1,0,0,0,1,1
1998,1.00301908518084,0.2992635489699945,VT,2022-08-02,1,1,0,1,1,0,1,0,1,1
1999,NA,NA,VT,2022-08-03,NA,NA,NA,NA,NA,NA,NA,NA,NA,NA
2000,0.427954329688869,0.0107125211429588,VT,2022-08-04,1,1,1,1,1,0,0,1,1,1
2001,0.0521913975097741,0.01010811582391115,VT,2022-08-05,1,1,1,1,1,1,1,1,1,1
2002,0.0500678955685435,0.00954245031825025,VT,2022-08-06,1,1,1,1,1,1,1,1,1,1
2003,NA,NA,VT,2022-08-07,NA,NA,NA,NA,NA,NA,NA,NA,NA,NA
2004,0.296583787413067,0.0085155871428269,VT,2022-08-08,1,1,1,1,1,0,0,1,1,1
2005,0.831410673231684,0.28189981216431,VT,2022-08-09,0,0,1,1,1,0,0,1,1,1
2006,NA,NA,VT,2022-08-10,NA,NA,NA,NA,NA,NA,NA,NA,NA,NA
2007,0.559586536376251,0.007199247909921,VT,2022-08-11,1,1,1,1,1,0,0,1,1,1
2008,0.0735501822410465,0.0068117920051666,VT,2022-08-12,1,1,1,1,1,0,0,1,1,1
2009,0.0319385797070915,0.0064470300575313,VT,2022-08-13,1,1,1,1,1,1,1,1,1,1
2010,0.0652686439531514,0.00610340954197015,VT,2022-08-14,1,1,1,1,1,0,0,1,1,1
2011,0.147744689746281,0.005779508360378,VT,2022-08-15,1,1,1,1,1,1,1,1,1,1
2012,0.030006336686552,0.00547402165907375,VT,2022-08-16,1,1,1,1,1,1,1,1,1,1
2013,0.00718007538434101,0.00518575014088465,VT,2022-08-17,1,1,1,1,1,0,0,1,1,1
2014,0.33599038519329,0.00491358969455554,VT,2022-08-18,1,1,1,1,1,1,1,1,1,1
2015,0.00635619699162648,0.004656522184882415,VT,2022-08-19,1,1,1,1,1,1,0,0,1,1
2016,0.00594700844053922,0.004413607265471685,VT,2022-08-20,1,1,1,1,1,1,1,1,1,1
2017,16.4907608158804,0.189728597110491,WA,2022-07-10,0,0,0,0,0,0,0,0,0,0
2018,13.4792598161257,0.1887984445938255,WA,2022-07-11,0,0,0,0,0,0,0,1,0,1
2019,8.40979928204183,0.1723601482340515,WA,2022-07-12,0,0,1,0,1,0,0,0,0,1
2020,4.54950034745094,0.200992408859944,WA,2022-07-13,0,1,0,1,0,0,0,0,1,1
2021,10.3025030166019,0.1757579075311115,WA,2022-07-14,0,0,1,1,0,0,0,0,1,0
2022,6.69828455744808,0.159009673015585,WA,2022-07-15,0,0,0,0,1,0,0,0,0,0
2023,1.94864619057311,0.1678440334593355,WA,2022-07-16,1,1,1,1,1,1,0,0,1,0
2024,9.08510370753159,0.1458923800144855,WA,2022-07-17,0,0,0,0,0,0,0,0,0,0
2025,6.52863513436824,0.1627123799012335,WA,2022-07-18,0,1,1,1,0,0,0,0,1,0
2026,2.3180540458368,0.1701900956282855,WA,2022-07-19,1,1,1,0,1,0,1,1,0,0
2027,6.69852043238804,0.179463365629202,WA,2022-07-20,1,0,0,1,0,0,0,0,1,0
2028,7.03665249987934,0.131794507701489,WA,2022-07-21,0,0,0,1,0,0,0,0,1,0
2029,6.5418804139164,0.22180024125356,WA,2022-07-22,1,0,0,1,0,0,0,0,1,0
2030,3.44267526117274,0.1401588287597675,WA,2022-07-23,0,1,1,1,0,1,0,0,1,0
2031,6.61874475483147,0.1775536399329785,WA,2022-07-24,1,0,1,0,0,0,0,0,0,0
2032,4.63574038132105,0.138182439874628,WA,2022-07-25,1,1,0,0,0,0,0,0,0,0
2033,3.49530849085539,0.131979678204841,WA,2022-07-26,1,1,0,0,0,1,0,0,0,0
2034,5.09531686721981,0.126681160678762,WA,2022-07-27,0,1,1,0,0,0,0,0,0,0
2035,4.71541988119243,0.1373033884731455,WA,2022-07-28,1,0,1,0,0,0,0,0,0,0
2036,2.98852824755785,0.125191026999042,WA,2022-07-29,0,1,0,0,1,0,0,0,0,1
2037,2.48081060312133,0.112541906046711,WA,2022-07-30,0,1,0,0,1,0,0,0,0,1
2038,1.5058398622209,0.1621383598928395,WA,2022-07-31,1,1,0,1,1,1,0,0,1,1
2039,4.59051915129658,0.08555150651428,WA,2022-08-01,0,0,0,0,1,0,1,0,0,1
2040,3.87959036740125,0.1201036066373085,WA,2022-08-02,0,0,1,1,0,0,0,0,1,0
2041,1.38396426224575,0.1213408055334035,WA,2022-08-03,1,1,1,1,1,0,0,0,1,1
2042,5.12183821029351,0.081652688595924,WA,2022-08-04,0,0,1,0,1,0,0,0,0,1
2043,1.12242590872537,0.141367777483221,WA,2022-08-05,1,1,1,0,1,0,0,1,0,1
2044,1.63077083198714,0.144589576598663,WA,2022-08-06,1,1,0,1,1,0,0,0,1,1
2045,0.79032969942611,0.0944289368266125,WA,2022-08-07,1,1,1,1,1,0,0,1,1,1
2046,2.18332768082956,0.092092477338127,WA,2022-08-08,1,1,1,0,1,0,0,0,0,1
2047,2.54662939306911,0.071772324931577,WA,2022-08-09,0,1,1,1,1,0,0,0,1,1
2048,3.31475691571564,0.100867526214457,WA,2022-08-10,1,1,0,0,0,0,1,0,0,0
2049,5.56877991448292,0.1022365936938625,WA,2022-08-11,0,0,1,0,0,0,0,0,0,0
2050,2.86707049368734,0.1188298361191165,WA,2022-08-12,1,0,0,1,1,0,0,0,1,1
2051,1.74396818206462,0.1102862378271375,WA,2022-08-13,1,0,1,0,0,0,0,1,0,0
2052,1.78338805048776,0.083266353673525,WA,2022-08-14,1,1,0,0,1,1,0,1,0,1
2053,7.08690789693639,0.116507503099878,WA,2022-08-15,0,0,0,0,1,0,0,0,0,1
2054,6.41188953475743,0.1059943744338255,WA,2022-08-16,1,0,0,0,1,0,0,0,0,1
2055,1.85596293512505,0.0738709042173285,WA,2022-08-17,1,1,1,1,1,0,1,0,1,1
2056,1.56818427676591,0.0509884171979335,WA,2022-08-18,1,1,1,1,1,0,0,1,1,1
2057,5.56838040935309,0.1149517203797245,WA,2022-08-19,0,0,1,0,1,0,0,1,0,1
2058,5.30745161362775,0.104700598711508,WA,2022-08-20,0,0,1,0,1,0,0,1,0,1
2059,1.92766811815109,0.2030602240920765,WI,2022-07-10,1,1,0,0,1,0,0,0,0,1
2060,1.89755046235358,0.212858568680542,WI,2022-07-11,1,1,1,1,0,0,0,1,1,0
2061,1.79018918078346,0.2394199275412695,WI,2022-07-12,1,1,1,1,1,0,1,0,1,1
2062,2.11248482638791,0.1706065286908135,WI,2022-07-13,1,1,0,1,0,0,0,0,1,0
2063,2.66015762819342,0.2277945493066615,WI,2022-07-14,0,1,1,1,1,0,0,0,1,1
2064,4.60890274781597,0.2362266577061195,WI,2022-07-15,0,0,1,1,1,0,0,1,1,1
2065,3.48962068489681,0.18534776984013351,WI,2022-07-16,0,1,0,1,1,0,1,0,1,1
2066,1.25216354086152,0.212475812907884,WI,2022-07-17,1,1,0,1,1,1,0,0,1,1
2067,1.95699139866686,0.2040845530586535,WI,2022-07-18,1,1,1,1,0,0,0,0,1,0
2068,3.14314348262428,0.115235610258643,WI,2022-07-19,1,0,0,1,1,0,0,0,1,1
2069,2.32582713985264,0.118617520980901,WI,2022-07-20,1,0,0,1,0,0,0,0,1,0
2070,8.86581406362381,0.2389482693193745,WI,2022-07-21,1,0,0,1,1,0,0,0,1,0
2071,1.22381840082582,0.119618726371978,WI,2022-07-22,1,1,1,0,1,0,0,0,0,1
2072,0.621912289198515,0.1241021927940275,WI,2022-07-23,1,1,1,1,1,0,0,1,1,1
2073,1.37808532106693,0.0909605422731175,WI,2022-07-24,0,1,1,0,1,0,0,0,0,0
2074,2.1134847810733,0.1611137819324405,WI,2022-07-25,1,1,1,1,0,0,0,0,1,0
2075,2.62686693311218,0.1493926259175545,WI,2022-07-26,0,1,1,1,1,0,0,0,1,1
2076,1.37721926259997,0.109555003977762,WI,2022-07-27,1,1,1,1,1,0,0,0,1,1
2077,4.50066565354339,0.200530125586468,WI,2022-07-28,1,0,0,1,1,0,0,0,1,1
2078,2.73524326790922,0.01536663790438485,WI,2022-07-29,0,0,1,1,1,0,0,1,1,1
2079,3.55622794330387,0.195437935789817,WI,2022-07-30,0,0,1,0,1,0,0,0,0,1
2080,4.48125239868627,0.198762239428229,WI,2022-07-31,0,0,1,1,0,0,0,1,1,0
2081,2.92416019644269,0.138157303439587,WI,2022-08-01,0,0,1,1,1,0,1,0,1,1
2082,1.48759770720654,0.1175222154504385,WI,2022-08-02,1,1,1,1,1,1,0,0,1,1
2083,2.01388248045817,0.139100063864152,WI,2022-08-03,0,0,1,0,1,1,0,0,0,1
2084,4.28669540177513,0.1962244284264205,WI,2022-08-04,0,0,1,1,1,0,0,0,1,1
2085,1.44102016496408,0.1253945816025265,WI,2022-08-05,1,1,0,1,1,1,0,0,1,1
2086,0.918934817654864,0.0445930096531044,WI,2022-08-06,1,1,1,1,1,0,0,0,1,1
2087,0.425443402995408,0.0597285156656115,WI,2022-08-07,1,1,1,1,1,1,0,0,1,1
2088,4.23003683666537,0.201908753338938,WI,2022-08-08,0,0,1,0,1,0,0,1,0,1
2089,1.50894653487731,0.189307062469799,WI,2022-08-09,1,0,0,1,1,0,0,1,1,1
2090,2.4823332350562,0.1815832229669225,WI,2022-08-10,0,0,1,1,1,0,0,0,1,1
2091,0.640312757427084,0.059139044225252,WI,2022-08-11,1,1,1,1,1,1,1,1,1,1
2092,0.968518324647447,0.0366533992606237,WI,2022-08-12,1,1,1,1,1,1,1,1,1,1
2093,0.557254098102517,0.044626932244599,WI,2022-08-13,1,1,1,1,1,0,0,1,1,1
2094,1.35013680208368,0.108433162236361,WI,2022-08-14,0,1,1,1,1,0,0,1,1,1
2095,1.76172044608081,0.136603764408389,WI,2022-08-15,1,0,0,0,1,1,0,0,0,1
2096,0.883641639593782,0.0824210926307915,WI,2022-08-16,1,1,0,1,1,1,0,0,1,1
2097,1.90823361941247,0.1167379319360705,WI,2022-08-17,1,0,1,0,1,0,0,1,0,1
2098,1.86397617892919,0.0498847438799378,WI,2022-08-18,0,1,1,0,1,0,0,1,0,1
2099,0.602732034478499,0.057538809653641,WI,2022-08-19,1,1,1,1,1,0,0,1,1,1
2100,1.50185152937956,0.03639642543267305,WI,2022-08-20,0,1,0,1,1,0,1,0,1,1
2101,1.02646659451608,0.206267693657186,WV,2022-07-10,1,1,1,1,1,0,0,1,1,1
2102,1.59074510493244,0.225588339081942,WV,2022-07-11,1,1,0,1,1,0,0,1,1,1
2103,0.807103352663608,0.1930236860639955,WV,2022-07-12,1,1,1,1,1,1,1,1,1,1
2104,1.24061381355811,0.219828375340344,WV,2022-07-13,1,1,1,1,1,0,0,0,1,0
2105,5.45511571312223,0.273634961207637,WV,2022-07-14,1,0,0,1,1,0,0,0,1,1
2106,1.88276596961798,0.15157405411362,WV,2022-07-15,0,1,1,1,1,0,0,0,1,1
2107,0.87153691319134,0.101498314947521,WV,2022-07-16,1,1,1,1,1,1,0,0,1,1
2108,0.634094561115837,0.2026144133347995,WV,2022-07-17,1,1,1,1,1,0,0,1,1,1
2109,3.79883537656135,0.2074981229481925,WV,2022-07-18,1,1,0,1,1,0,1,0,1,0
2110,2.8746286383509,0.250520129991804,WV,2022-07-19,0,0,1,1,1,0,0,0,1,1
2111,1.84314072187131,0.195030245118022,WV,2022-07-20,0,1,1,1,1,0,0,1,1,1
2112,1.0783287076901,0.1622442737099465,WV,2022-07-21,1,1,1,1,1,1,0,0,1,1
2113,3.82236796875227,0.2412559493165825,WV,2022-07-22,1,0,1,1,0,0,0,0,1,0
2114,1.33802019360751,0.3066906419114175,WV,2022-07-23,0,0,1,1,1,0,0,1,1,1
2115,0.614364914350816,0.137596397032563,WV,2022-07-24,1,1,1,1,1,0,0,0,1,1
2116,0.859909067449257,0.1201398845934165,WV,2022-07-25,1,1,1,1,1,0,0,0,1,1
2117,1.25050845430288,0.1749072432534695,WV,2022-07-26,1,1,1,1,1,0,0,0,1,1
2118,1.8193245795559,0.2108930634402885,WV,2022-07-27,1,0,0,1,1,0,0,0,1,1
2119,1.65516437441783,0.228803649569828,WV,2022-07-28,1,0,1,1,0,0,0,1,1,0
2120,0.845066426867486,0.108276303746841,WV,2022-07-29,1,1,0,1,1,0,0,1,1,1
2121,0.383569621135577,0.141751658058009,WV,2022-07-30,1,1,1,1,1,1,1,1,1,1
2122,3.30164991352276,0.4651847385182655,WV,2022-07-31,0,0,0,1,1,0,0,0,1,1
2123,9.853767632455,0.351331852006237,WV,2022-08-01,0,0,0,1,1,0,0,0,1,1
2124,4.13457926208731,0.222546020746618,WV,2022-08-02,1,0,0,1,0,0,0,0,1,0
2125,0.781030898435835,0.0985356625143765,WV,2022-08-03,1,1,1,1,1,0,0,1,1,1
2126,0.542993315152533,0.110093900044813,WV,2022-08-04,1,1,1,1,1,0,1,0,1,1
2127,0.504626980726199,0.0990744490599705,WV,2022-08-05,1,1,1,1,1,1,1,1,1,1
2128,8.25787596421082,0.4452478903487535,WV,2022-08-06,0,0,0,1,1,0,0,0,1,1
2129,5.10161489276707,0.2794978496852825,WV,2022-08-07,0,0,1,1,1,0,0,1,1,1
2130,1.39719209618906,0.035735035028318,WV,2022-08-08,1,0,1,1,1,1,1,1,1,1
2131,2.16607246509669,0.2321087908635845,WV,2022-08-09,0,0,1,1,1,0,0,1,1,1
2132,4.07385995943893,0.2505651056837465,WV,2022-08-10,0,0,0,1,1,0,0,0,1,1
2133,4.39476313274915,0.19742949025567,WV,2022-08-11,0,0,1,0,1,0,1,1,0,1
2134,0.95217785292115,0.0068117920051666,WV,2022-08-12,1,1,1,1,1,0,0,1,1,1
2135,1.53726448123981,0.146440004743446,WV,2022-08-13,0,0,1,1,1,0,0,1,1,1
2136,1.24581470260448,0.174947501487715,WV,2022-08-14,0,0,1,1,1,1,1,1,1,1
2137,1.55090255094947,0.1152450260844825,WV,2022-08-15,0,0,1,1,1,0,0,1,1,1
2138,2.19957758188096,0.1418539311485775,WV,2022-08-16,0,0,1,1,1,1,1,1,1,1
2139,1.15300409684665,0.112220115243343,WV,2022-08-17,0,1,1,1,1,1,1,1,1,1
2140,0.976760299436359,0.109780713901492,WV,2022-08-18,1,1,0,1,1,0,0,0,1,1
2141,4.16221012965054,0.2103098623411655,WV,2022-08-19,0,0,1,1,1,0,0,0,1,1
2142,0.725229195433023,0.1778777046065315,WV,2022-08-20,1,1,1,1,1,0,0,1,1,1
2143,NA,NA,WY,2022-07-10,NA,NA,NA,NA,NA,NA,NA,NA,NA,NA
2144,NA,NA,WY,2022-07-11,NA,NA,NA,NA,NA,NA,NA,NA,NA,NA
2145,NA,NA,WY,2022-07-12,NA,NA,NA,NA,NA,NA,NA,NA,NA,NA
2146,0.0672974736021295,0.0471164382243107,WY,2022-07-13,1,1,1,1,1,1,1,1,1,1
2147,0.933316986207409,0.661799897478755,WY,2022-07-14,0,0,1,1,1,1,1,1,1,1
2148,NA,NA,WY,2022-07-15,NA,NA,NA,NA,NA,NA,NA,NA,NA,NA
2149,NA,NA,WY,2022-07-16,NA,NA,NA,NA,NA,NA,NA,NA,NA,NA
2150,NA,NA,WY,2022-07-17,NA,NA,NA,NA,NA,NA,NA,NA,NA,NA
2151,NA,NA,WY,2022-07-18,NA,NA,NA,NA,NA,NA,NA,NA,NA,NA
2152,NA,NA,WY,2022-07-19,NA,NA,NA,NA,NA,NA,NA,NA,NA,NA
2153,NA,NA,WY,2022-07-20,NA,NA,NA,NA,NA,NA,NA,NA,NA,NA
2154,NA,NA,WY,2022-07-21,NA,NA,NA,NA,NA,NA,NA,NA,NA,NA
2155,NA,NA,WY,2022-07-22,NA,NA,NA,NA,NA,NA,NA,NA,NA,NA
2156,NA,NA,WY,2022-07-23,NA,NA,NA,NA,NA,NA,NA,NA,NA,NA
2157,NA,NA,WY,2022-07-24,NA,NA,NA,NA,NA,NA,NA,NA,NA,NA
2158,NA,NA,WY,2022-07-25,NA,NA,NA,NA,NA,NA,NA,NA,NA,NA
2159,NA,NA,WY,2022-07-26,NA,NA,NA,NA,NA,NA,NA,NA,NA,NA
2160,0.0240364686394201,0.01742949537546475,WY,2022-07-27,1,1,1,1,1,1,1,1,1,1
2161,NA,NA,WY,2022-07-28,NA,NA,NA,NA,NA,NA,NA,NA,NA,NA
2162,0.0215518085515586,0.01536663790438485,WY,2022-07-29,1,1,1,1,1,0,0,1,1,1
2163,0.020941250131631,0.01444567288887575,WY,2022-07-30,1,1,1,1,1,0,0,1,1,1
2164,NA,NA,WY,2022-07-31,NA,NA,NA,NA,NA,NA,NA,NA,NA,NA
2165,NA,NA,WY,2022-08-01,NA,NA,NA,NA,NA,NA,NA,NA,NA,NA
2166,NA,NA,WY,2022-08-02,NA,NA,NA,NA,NA,NA,NA,NA,NA,NA
2167,NA,NA,WY,2022-08-03,NA,NA,NA,NA,NA,NA,NA,NA,NA,NA
2168,NA,NA,WY,2022-08-04,NA,NA,NA,NA,NA,NA,NA,NA,NA,NA
2169,0.0144290936726786,0.01010811582391115,WY,2022-08-05,1,1,1,1,1,1,1,1,1,1
2170,NA,NA,WY,2022-08-06,NA,NA,NA,NA,NA,NA,NA,NA,NA,NA
2171,NA,NA,WY,2022-08-07,NA,NA,NA,NA,NA,NA,NA,NA,NA,NA
2172,NA,NA,WY,2022-08-08,NA,NA,NA,NA,NA,NA,NA,NA,NA,NA
2173,0.966120705789342,0.4188251207413045,WY,2022-08-09,0,0,1,1,1,0,1,0,1,1
2174,0.0104315644883592,0.0076110956011432,WY,2022-08-10,1,1,1,1,1,1,1,1,1,1
2175,NA,NA,WY,2022-08-11,NA,NA,NA,NA,NA,NA,NA,NA,NA,NA
2176,NA,NA,WY,2022-08-12,NA,NA,NA,NA,NA,NA,NA,NA,NA,NA
2177,NA,NA,WY,2022-08-13,NA,NA,NA,NA,NA,NA,NA,NA,NA,NA
2178,NA,NA,WY,2022-08-14,NA,NA,NA,NA,NA,NA,NA,NA,NA,NA
2179,NA,NA,WY,2022-08-15,NA,NA,NA,NA,NA,NA,NA,NA,NA,NA
2180,NA,NA,WY,2022-08-16,NA,NA,NA,NA,NA,NA,NA,NA,NA,NA
2181,NA,NA,WY,2022-08-17,NA,NA,NA,NA,NA,NA,NA,NA,NA,NA
2182,NA,NA,WY,2022-08-18,NA,NA,NA,NA,NA,NA,NA,NA,NA,NA
2183,NA,NA,WY,2022-08-19,NA,NA,NA,NA,NA,NA,NA,NA,NA,NA
2184,NA,NA,WY,2022-08-20,NA,NA,NA,NA,NA,NA,NA,NA,NA,NA
