...1,es_score,brier_score,location,target_date,X24B_50_CI,X24C_50_CI,X24D_50_CI,X24E_50_CI,X24G_50_CI,recombinant_50_CI,other_50_CI,X24A_50_CI,X24B_95_CI,X24C_95_CI,X24D_95_CI,X24E_95_CI,X24G_95_CI,recombinant_95_CI,other_95_CI,X24A_95_CI
1,NA,NA,AK,2024-05-19,NA,NA,NA,NA,NA,NA,NA,NA,NA,NA,NA,NA,NA,NA,NA,NA
2,NA,NA,AK,2024-05-20,NA,NA,NA,NA,NA,NA,NA,NA,NA,NA,NA,NA,NA,NA,NA,NA
3,NA,NA,AK,2024-05-21,NA,NA,NA,NA,NA,NA,NA,NA,NA,NA,NA,NA,NA,NA,NA,NA
4,NA,NA,AK,2024-05-22,NA,NA,NA,NA,NA,NA,NA,NA,NA,NA,NA,NA,NA,NA,NA,NA
5,NA,NA,AK,2024-05-23,NA,NA,NA,NA,NA,NA,NA,NA,NA,NA,NA,NA,NA,NA,NA,NA
6,NA,NA,AK,2024-05-24,NA,NA,NA,NA,NA,NA,NA,NA,NA,NA,NA,NA,NA,NA,NA,NA
7,NA,NA,AK,2024-05-25,NA,NA,NA,NA,NA,NA,NA,NA,NA,NA,NA,NA,NA,NA,NA,NA
8,NA,NA,AK,2024-05-26,NA,NA,NA,NA,NA,NA,NA,NA,NA,NA,NA,NA,NA,NA,NA,NA
9,NA,NA,AK,2024-05-27,NA,NA,NA,NA,NA,NA,NA,NA,NA,NA,NA,NA,NA,NA,NA,NA
10,NA,NA,AK,2024-05-28,NA,NA,NA,NA,NA,NA,NA,NA,NA,NA,NA,NA,NA,NA,NA,NA
11,NA,NA,AK,2024-05-29,NA,NA,NA,NA,NA,NA,NA,NA,NA,NA,NA,NA,NA,NA,NA,NA
12,NA,NA,AK,2024-05-30,NA,NA,NA,NA,NA,NA,NA,NA,NA,NA,NA,NA,NA,NA,NA,NA
13,0.384512844649185,0.2694067906105455,AK,2024-05-31,1,1,1,1,1,1,1,1,1,1,1,1,1,1,1,1
14,NA,NA,AK,2024-06-01,NA,NA,NA,NA,NA,NA,NA,NA,NA,NA,NA,NA,NA,NA,NA,NA
15,NA,NA,AK,2024-06-02,NA,NA,NA,NA,NA,NA,NA,NA,NA,NA,NA,NA,NA,NA,NA,NA
16,NA,NA,AK,2024-06-03,NA,NA,NA,NA,NA,NA,NA,NA,NA,NA,NA,NA,NA,NA,NA,NA
17,NA,NA,AK,2024-06-04,NA,NA,NA,NA,NA,NA,NA,NA,NA,NA,NA,NA,NA,NA,NA,NA
18,NA,NA,AK,2024-06-05,NA,NA,NA,NA,NA,NA,NA,NA,NA,NA,NA,NA,NA,NA,NA,NA
19,NA,NA,AK,2024-06-06,NA,NA,NA,NA,NA,NA,NA,NA,NA,NA,NA,NA,NA,NA,NA,NA
20,NA,NA,AK,2024-06-07,NA,NA,NA,NA,NA,NA,NA,NA,NA,NA,NA,NA,NA,NA,NA,NA
21,NA,NA,AK,2024-06-08,NA,NA,NA,NA,NA,NA,NA,NA,NA,NA,NA,NA,NA,NA,NA,NA
22,NA,NA,AK,2024-06-09,NA,NA,NA,NA,NA,NA,NA,NA,NA,NA,NA,NA,NA,NA,NA,NA
23,0.584233146912551,0.4110527537184705,AK,2024-06-10,1,0,1,1,1,1,1,1,1,1,1,1,1,1,1,1
24,NA,NA,AK,2024-06-11,NA,NA,NA,NA,NA,NA,NA,NA,NA,NA,NA,NA,NA,NA,NA,NA
25,NA,NA,AK,2024-06-12,NA,NA,NA,NA,NA,NA,NA,NA,NA,NA,NA,NA,NA,NA,NA,NA
26,0.62857465354892,0.4487131084640955,AK,2024-06-13,1,1,1,1,1,1,1,0,1,0,1,1,1,1,1,0
27,NA,NA,AK,2024-06-14,NA,NA,NA,NA,NA,NA,NA,NA,NA,NA,NA,NA,NA,NA,NA,NA
28,NA,NA,AK,2024-06-15,NA,NA,NA,NA,NA,NA,NA,NA,NA,NA,NA,NA,NA,NA,NA,NA
29,NA,NA,AK,2024-06-16,NA,NA,NA,NA,NA,NA,NA,NA,NA,NA,NA,NA,NA,NA,NA,NA
30,NA,NA,AK,2024-06-17,NA,NA,NA,NA,NA,NA,NA,NA,NA,NA,NA,NA,NA,NA,NA,NA
31,NA,NA,AK,2024-06-18,NA,NA,NA,NA,NA,NA,NA,NA,NA,NA,NA,NA,NA,NA,NA,NA
32,NA,NA,AK,2024-06-19,NA,NA,NA,NA,NA,NA,NA,NA,NA,NA,NA,NA,NA,NA,NA,NA
33,0.774658035370813,0.557563245899675,AK,2024-06-20,1,1,1,1,0,1,1,1,1,1,1,0,0,1,1,1
34,NA,NA,AK,2024-06-21,NA,NA,NA,NA,NA,NA,NA,NA,NA,NA,NA,NA,NA,NA,NA,NA
35,NA,NA,AK,2024-06-22,NA,NA,NA,NA,NA,NA,NA,NA,NA,NA,NA,NA,NA,NA,NA,NA
36,NA,NA,AK,2024-06-23,NA,NA,NA,NA,NA,NA,NA,NA,NA,NA,NA,NA,NA,NA,NA,NA
37,NA,NA,AK,2024-06-24,NA,NA,NA,NA,NA,NA,NA,NA,NA,NA,NA,NA,NA,NA,NA,NA
38,NA,NA,AK,2024-06-25,NA,NA,NA,NA,NA,NA,NA,NA,NA,NA,NA,NA,NA,NA,NA,NA
39,NA,NA,AK,2024-06-26,NA,NA,NA,NA,NA,NA,NA,NA,NA,NA,NA,NA,NA,NA,NA,NA
40,NA,NA,AK,2024-06-27,NA,NA,NA,NA,NA,NA,NA,NA,NA,NA,NA,NA,NA,NA,NA,NA
41,NA,NA,AK,2024-06-28,NA,NA,NA,NA,NA,NA,NA,NA,NA,NA,NA,NA,NA,NA,NA,NA
42,NA,NA,AK,2024-06-29,NA,NA,NA,NA,NA,NA,NA,NA,NA,NA,NA,NA,NA,NA,NA,NA
43,NA,NA,AL,2024-05-19,NA,NA,NA,NA,NA,NA,NA,NA,NA,NA,NA,NA,NA,NA,NA,NA
44,NA,NA,AL,2024-05-20,NA,NA,NA,NA,NA,NA,NA,NA,NA,NA,NA,NA,NA,NA,NA,NA
45,NA,NA,AL,2024-05-21,NA,NA,NA,NA,NA,NA,NA,NA,NA,NA,NA,NA,NA,NA,NA,NA
46,NA,NA,AL,2024-05-22,NA,NA,NA,NA,NA,NA,NA,NA,NA,NA,NA,NA,NA,NA,NA,NA
47,NA,NA,AL,2024-05-23,NA,NA,NA,NA,NA,NA,NA,NA,NA,NA,NA,NA,NA,NA,NA,NA
48,NA,NA,AL,2024-05-24,NA,NA,NA,NA,NA,NA,NA,NA,NA,NA,NA,NA,NA,NA,NA,NA
49,NA,NA,AL,2024-05-25,NA,NA,NA,NA,NA,NA,NA,NA,NA,NA,NA,NA,NA,NA,NA,NA
50,NA,NA,AL,2024-05-26,NA,NA,NA,NA,NA,NA,NA,NA,NA,NA,NA,NA,NA,NA,NA,NA
51,NA,NA,AL,2024-05-27,NA,NA,NA,NA,NA,NA,NA,NA,NA,NA,NA,NA,NA,NA,NA,NA
52,NA,NA,AL,2024-05-28,NA,NA,NA,NA,NA,NA,NA,NA,NA,NA,NA,NA,NA,NA,NA,NA
53,NA,NA,AL,2024-05-29,NA,NA,NA,NA,NA,NA,NA,NA,NA,NA,NA,NA,NA,NA,NA,NA
54,NA,NA,AL,2024-05-30,NA,NA,NA,NA,NA,NA,NA,NA,NA,NA,NA,NA,NA,NA,NA,NA
55,NA,NA,AL,2024-05-31,NA,NA,NA,NA,NA,NA,NA,NA,NA,NA,NA,NA,NA,NA,NA,NA
56,NA,NA,AL,2024-06-01,NA,NA,NA,NA,NA,NA,NA,NA,NA,NA,NA,NA,NA,NA,NA,NA
57,NA,NA,AL,2024-06-02,NA,NA,NA,NA,NA,NA,NA,NA,NA,NA,NA,NA,NA,NA,NA,NA
58,NA,NA,AL,2024-06-03,NA,NA,NA,NA,NA,NA,NA,NA,NA,NA,NA,NA,NA,NA,NA,NA
59,NA,NA,AL,2024-06-04,NA,NA,NA,NA,NA,NA,NA,NA,NA,NA,NA,NA,NA,NA,NA,NA
60,NA,NA,AL,2024-06-05,NA,NA,NA,NA,NA,NA,NA,NA,NA,NA,NA,NA,NA,NA,NA,NA
61,NA,NA,AL,2024-06-06,NA,NA,NA,NA,NA,NA,NA,NA,NA,NA,NA,NA,NA,NA,NA,NA
62,NA,NA,AL,2024-06-07,NA,NA,NA,NA,NA,NA,NA,NA,NA,NA,NA,NA,NA,NA,NA,NA
63,NA,NA,AL,2024-06-08,NA,NA,NA,NA,NA,NA,NA,NA,NA,NA,NA,NA,NA,NA,NA,NA
64,NA,NA,AL,2024-06-09,NA,NA,NA,NA,NA,NA,NA,NA,NA,NA,NA,NA,NA,NA,NA,NA
65,NA,NA,AL,2024-06-10,NA,NA,NA,NA,NA,NA,NA,NA,NA,NA,NA,NA,NA,NA,NA,NA
66,NA,NA,AL,2024-06-11,NA,NA,NA,NA,NA,NA,NA,NA,NA,NA,NA,NA,NA,NA,NA,NA
67,NA,NA,AL,2024-06-12,NA,NA,NA,NA,NA,NA,NA,NA,NA,NA,NA,NA,NA,NA,NA,NA
68,NA,NA,AL,2024-06-13,NA,NA,NA,NA,NA,NA,NA,NA,NA,NA,NA,NA,NA,NA,NA,NA
69,NA,NA,AL,2024-06-14,NA,NA,NA,NA,NA,NA,NA,NA,NA,NA,NA,NA,NA,NA,NA,NA
70,NA,NA,AL,2024-06-15,NA,NA,NA,NA,NA,NA,NA,NA,NA,NA,NA,NA,NA,NA,NA,NA
71,NA,NA,AL,2024-06-16,NA,NA,NA,NA,NA,NA,NA,NA,NA,NA,NA,NA,NA,NA,NA,NA
72,NA,NA,AL,2024-06-17,NA,NA,NA,NA,NA,NA,NA,NA,NA,NA,NA,NA,NA,NA,NA,NA
73,NA,NA,AL,2024-06-18,NA,NA,NA,NA,NA,NA,NA,NA,NA,NA,NA,NA,NA,NA,NA,NA
74,NA,NA,AL,2024-06-19,NA,NA,NA,NA,NA,NA,NA,NA,NA,NA,NA,NA,NA,NA,NA,NA
75,NA,NA,AL,2024-06-20,NA,NA,NA,NA,NA,NA,NA,NA,NA,NA,NA,NA,NA,NA,NA,NA
76,NA,NA,AL,2024-06-21,NA,NA,NA,NA,NA,NA,NA,NA,NA,NA,NA,NA,NA,NA,NA,NA
77,NA,NA,AL,2024-06-22,NA,NA,NA,NA,NA,NA,NA,NA,NA,NA,NA,NA,NA,NA,NA,NA
78,NA,NA,AL,2024-06-23,NA,NA,NA,NA,NA,NA,NA,NA,NA,NA,NA,NA,NA,NA,NA,NA
79,NA,NA,AL,2024-06-24,NA,NA,NA,NA,NA,NA,NA,NA,NA,NA,NA,NA,NA,NA,NA,NA
80,NA,NA,AL,2024-06-25,NA,NA,NA,NA,NA,NA,NA,NA,NA,NA,NA,NA,NA,NA,NA,NA
81,NA,NA,AL,2024-06-26,NA,NA,NA,NA,NA,NA,NA,NA,NA,NA,NA,NA,NA,NA,NA,NA
82,NA,NA,AL,2024-06-27,NA,NA,NA,NA,NA,NA,NA,NA,NA,NA,NA,NA,NA,NA,NA,NA
83,NA,NA,AL,2024-06-28,NA,NA,NA,NA,NA,NA,NA,NA,NA,NA,NA,NA,NA,NA,NA,NA
84,NA,NA,AL,2024-06-29,NA,NA,NA,NA,NA,NA,NA,NA,NA,NA,NA,NA,NA,NA,NA,NA
85,NA,NA,AR,2024-05-19,NA,NA,NA,NA,NA,NA,NA,NA,NA,NA,NA,NA,NA,NA,NA,NA
86,NA,NA,AR,2024-05-20,NA,NA,NA,NA,NA,NA,NA,NA,NA,NA,NA,NA,NA,NA,NA,NA
87,NA,NA,AR,2024-05-21,NA,NA,NA,NA,NA,NA,NA,NA,NA,NA,NA,NA,NA,NA,NA,NA
88,NA,NA,AR,2024-05-22,NA,NA,NA,NA,NA,NA,NA,NA,NA,NA,NA,NA,NA,NA,NA,NA
89,NA,NA,AR,2024-05-23,NA,NA,NA,NA,NA,NA,NA,NA,NA,NA,NA,NA,NA,NA,NA,NA
90,NA,NA,AR,2024-05-24,NA,NA,NA,NA,NA,NA,NA,NA,NA,NA,NA,NA,NA,NA,NA,NA
91,NA,NA,AR,2024-05-25,NA,NA,NA,NA,NA,NA,NA,NA,NA,NA,NA,NA,NA,NA,NA,NA
92,NA,NA,AR,2024-05-26,NA,NA,NA,NA,NA,NA,NA,NA,NA,NA,NA,NA,NA,NA,NA,NA
93,NA,NA,AR,2024-05-27,NA,NA,NA,NA,NA,NA,NA,NA,NA,NA,NA,NA,NA,NA,NA,NA
94,NA,NA,AR,2024-05-28,NA,NA,NA,NA,NA,NA,NA,NA,NA,NA,NA,NA,NA,NA,NA,NA
95,NA,NA,AR,2024-05-29,NA,NA,NA,NA,NA,NA,NA,NA,NA,NA,NA,NA,NA,NA,NA,NA
96,NA,NA,AR,2024-05-30,NA,NA,NA,NA,NA,NA,NA,NA,NA,NA,NA,NA,NA,NA,NA,NA
97,NA,NA,AR,2024-05-31,NA,NA,NA,NA,NA,NA,NA,NA,NA,NA,NA,NA,NA,NA,NA,NA
98,NA,NA,AR,2024-06-01,NA,NA,NA,NA,NA,NA,NA,NA,NA,NA,NA,NA,NA,NA,NA,NA
99,NA,NA,AR,2024-06-02,NA,NA,NA,NA,NA,NA,NA,NA,NA,NA,NA,NA,NA,NA,NA,NA
100,NA,NA,AR,2024-06-03,NA,NA,NA,NA,NA,NA,NA,NA,NA,NA,NA,NA,NA,NA,NA,NA
101,NA,NA,AR,2024-06-04,NA,NA,NA,NA,NA,NA,NA,NA,NA,NA,NA,NA,NA,NA,NA,NA
102,NA,NA,AR,2024-06-05,NA,NA,NA,NA,NA,NA,NA,NA,NA,NA,NA,NA,NA,NA,NA,NA
103,NA,NA,AR,2024-06-06,NA,NA,NA,NA,NA,NA,NA,NA,NA,NA,NA,NA,NA,NA,NA,NA
104,NA,NA,AR,2024-06-07,NA,NA,NA,NA,NA,NA,NA,NA,NA,NA,NA,NA,NA,NA,NA,NA
105,NA,NA,AR,2024-06-08,NA,NA,NA,NA,NA,NA,NA,NA,NA,NA,NA,NA,NA,NA,NA,NA
106,NA,NA,AR,2024-06-09,NA,NA,NA,NA,NA,NA,NA,NA,NA,NA,NA,NA,NA,NA,NA,NA
107,0.594567866060944,0.4185918541685225,AR,2024-06-10,1,1,1,1,1,1,1,0,1,0,1,1,1,1,1,0
108,NA,NA,AR,2024-06-11,NA,NA,NA,NA,NA,NA,NA,NA,NA,NA,NA,NA,NA,NA,NA,NA
109,NA,NA,AR,2024-06-12,NA,NA,NA,NA,NA,NA,NA,NA,NA,NA,NA,NA,NA,NA,NA,NA
110,NA,NA,AR,2024-06-13,NA,NA,NA,NA,NA,NA,NA,NA,NA,NA,NA,NA,NA,NA,NA,NA
111,NA,NA,AR,2024-06-14,NA,NA,NA,NA,NA,NA,NA,NA,NA,NA,NA,NA,NA,NA,NA,NA
112,NA,NA,AR,2024-06-15,NA,NA,NA,NA,NA,NA,NA,NA,NA,NA,NA,NA,NA,NA,NA,NA
113,NA,NA,AR,2024-06-16,NA,NA,NA,NA,NA,NA,NA,NA,NA,NA,NA,NA,NA,NA,NA,NA
114,NA,NA,AR,2024-06-17,NA,NA,NA,NA,NA,NA,NA,NA,NA,NA,NA,NA,NA,NA,NA,NA
115,NA,NA,AR,2024-06-18,NA,NA,NA,NA,NA,NA,NA,NA,NA,NA,NA,NA,NA,NA,NA,NA
116,NA,NA,AR,2024-06-19,NA,NA,NA,NA,NA,NA,NA,NA,NA,NA,NA,NA,NA,NA,NA,NA
117,NA,NA,AR,2024-06-20,NA,NA,NA,NA,NA,NA,NA,NA,NA,NA,NA,NA,NA,NA,NA,NA
118,NA,NA,AR,2024-06-21,NA,NA,NA,NA,NA,NA,NA,NA,NA,NA,NA,NA,NA,NA,NA,NA
119,NA,NA,AR,2024-06-22,NA,NA,NA,NA,NA,NA,NA,NA,NA,NA,NA,NA,NA,NA,NA,NA
120,NA,NA,AR,2024-06-23,NA,NA,NA,NA,NA,NA,NA,NA,NA,NA,NA,NA,NA,NA,NA,NA
121,NA,NA,AR,2024-06-24,NA,NA,NA,NA,NA,NA,NA,NA,NA,NA,NA,NA,NA,NA,NA,NA
122,NA,NA,AR,2024-06-25,NA,NA,NA,NA,NA,NA,NA,NA,NA,NA,NA,NA,NA,NA,NA,NA
123,NA,NA,AR,2024-06-26,NA,NA,NA,NA,NA,NA,NA,NA,NA,NA,NA,NA,NA,NA,NA,NA
124,NA,NA,AR,2024-06-27,NA,NA,NA,NA,NA,NA,NA,NA,NA,NA,NA,NA,NA,NA,NA,NA
125,NA,NA,AR,2024-06-28,NA,NA,NA,NA,NA,NA,NA,NA,NA,NA,NA,NA,NA,NA,NA,NA
126,NA,NA,AR,2024-06-29,NA,NA,NA,NA,NA,NA,NA,NA,NA,NA,NA,NA,NA,NA,NA,NA
127,0.259277926294821,0.1908202246861655,AZ,2024-05-19,1,1,1,1,1,1,1,1,1,1,1,1,1,1,1,1
128,0.784763255927184,0.55105240834761,AZ,2024-05-20,1,0,1,1,1,1,1,1,0,0,1,1,1,1,1,1
129,0.746055307576579,0.2102176277410545,AZ,2024-05-21,1,1,1,1,1,1,1,0,1,1,1,1,1,1,1,1
130,0.687744008737058,0.377527133249688,AZ,2024-05-22,1,0,1,1,1,1,1,1,1,0,1,1,1,1,1,0
131,NA,NA,AZ,2024-05-23,NA,NA,NA,NA,NA,NA,NA,NA,NA,NA,NA,NA,NA,NA,NA,NA
132,0.332296869636643,0.240751430995354,AZ,2024-05-24,1,1,1,1,1,1,1,1,1,1,1,1,1,1,1,1
133,NA,NA,AZ,2024-05-25,NA,NA,NA,NA,NA,NA,NA,NA,NA,NA,NA,NA,NA,NA,NA,NA
134,0.557395731898171,0.325690380066696,AZ,2024-05-26,1,1,1,1,1,1,1,1,0,1,1,1,1,1,1,0
135,1.87429497476875,0.451526728672762,AZ,2024-05-27,0,1,0,1,1,1,1,1,0,1,0,1,1,1,1,0
136,2.24118721109837,0.386455528135033,AZ,2024-05-28,0,0,1,1,1,1,1,1,0,0,0,1,0,1,1,0
137,0.949917345524975,0.4246768294641605,AZ,2024-05-29,1,1,1,0,1,1,1,1,0,1,1,0,1,1,1,0
138,0.385309527694588,0.274673411226797,AZ,2024-05-30,1,1,1,1,1,1,1,1,0,0,1,1,1,1,1,1
139,NA,NA,AZ,2024-05-31,NA,NA,NA,NA,NA,NA,NA,NA,NA,NA,NA,NA,NA,NA,NA,NA
140,0.386880407102485,0.295625162118923,AZ,2024-06-01,1,1,1,1,1,1,1,1,0,0,1,1,1,1,1,1
141,2.16915052181245,0.456054434984642,AZ,2024-06-02,0,0,1,1,1,1,1,1,0,0,1,1,1,1,1,0
142,1.46787920675896,0.352431509778462,AZ,2024-06-03,1,0,1,1,1,1,1,1,1,0,1,1,0,1,1,0
143,1.99041587356081,0.409110107603162,AZ,2024-06-04,0,0,0,1,1,1,1,1,1,1,0,0,1,1,1,1
144,0.784919215700854,0.321272734853749,AZ,2024-06-05,1,1,1,1,1,1,1,1,0,0,1,1,0,1,1,1
145,2.8290627716239,0.363681888945105,AZ,2024-06-06,0,1,1,1,1,1,1,0,0,0,0,0,1,1,1,0
146,1.31300729508588,0.426127055115526,AZ,2024-06-07,1,0,1,1,1,1,1,1,0,0,1,1,1,0,1,1
147,2.66274267943031,0.438671235070564,AZ,2024-06-08,0,1,1,1,1,0,1,0,0,0,1,1,0,0,1,0
148,1.20296640790668,0.379786682877671,AZ,2024-06-09,1,1,1,0,1,1,1,1,0,1,1,0,0,1,1,0
149,7.50440458923817,0.4087060575590865,AZ,2024-06-10,0,0,1,1,1,1,1,0,0,0,0,0,1,0,1,0
150,3.93343219853178,0.392015145844044,AZ,2024-06-11,0,1,1,0,1,1,1,0,0,0,0,1,0,1,1,0
151,7.59242926754502,0.4037996947283585,AZ,2024-06-12,0,1,1,1,1,1,1,0,0,1,1,0,0,1,1,0
152,3.19362789959017,0.444026700486726,AZ,2024-06-13,0,1,1,1,1,1,1,0,0,1,0,1,0,1,1,0
153,2.62154398176774,0.417428394000999,AZ,2024-06-14,0,0,1,1,1,1,1,1,1,0,1,0,0,1,1,0
154,0.652856332747522,0.4737845406145265,AZ,2024-06-15,1,1,1,1,1,1,1,0,1,0,1,1,1,1,1,0
155,3.92954542480654,0.434101268486794,AZ,2024-06-16,1,1,1,0,1,1,1,0,0,1,0,0,0,1,1,0
156,10.7288731544824,0.438929824373203,AZ,2024-06-17,0,0,1,0,1,1,1,0,1,0,1,0,0,1,1,0
157,10.4614635195398,0.4574698365562015,AZ,2024-06-18,1,0,1,0,1,0,1,0,0,0,0,0,0,1,1,0
158,5.66911880199323,0.4879242751990855,AZ,2024-06-19,1,0,1,0,1,1,1,0,0,0,1,0,0,1,1,0
159,2.39010232976762,0.487607083133001,AZ,2024-06-20,0,1,1,0,1,1,1,0,0,0,1,0,1,1,1,0
160,3.40141769784995,0.546118069768,AZ,2024-06-21,1,0,1,0,1,1,1,0,0,0,0,0,1,1,1,0
161,1.18947728780323,0.58766573538005,AZ,2024-06-22,1,0,1,1,1,1,1,0,1,1,1,1,1,1,1,1
162,3.73906332543802,0.579131235593,AZ,2024-06-23,1,0,1,0,1,1,1,1,0,0,1,0,1,1,1,0
163,3.98571550443801,0.56828033810122,AZ,2024-06-24,1,0,1,0,1,1,1,0,0,1,1,0,0,1,1,0
164,14.3073628203981,0.61646743969843,AZ,2024-06-25,1,0,1,0,1,1,1,0,0,0,1,0,0,1,1,0
165,4.53706100201244,0.681816282928145,AZ,2024-06-26,0,1,1,0,1,1,1,0,0,0,1,0,1,1,1,0
166,NA,NA,AZ,2024-06-27,NA,NA,NA,NA,NA,NA,NA,NA,NA,NA,NA,NA,NA,NA,NA,NA
167,1.56832811336722,0.756217848269125,AZ,2024-06-28,1,0,1,0,1,1,1,0,0,0,1,0,1,1,1,0
168,2.09656316189232,0.80477788431381,AZ,2024-06-29,1,1,1,0,1,1,1,0,1,1,1,0,0,1,1,0
169,5.01069009699582,0.400628866432818,CA,2024-05-19,0,0,1,1,0,1,1,0,0,0,1,1,0,0,1,0
170,4.09965030336981,0.262991000810961,CA,2024-05-20,0,0,1,1,0,1,1,0,0,0,0,1,0,0,1,0
171,5.99427405510097,0.314639334105995,CA,2024-05-21,0,1,1,1,0,0,1,0,0,0,1,1,0,0,1,0
172,5.2471502169727,0.316751892705928,CA,2024-05-22,0,1,1,1,1,1,1,0,0,1,1,0,0,1,1,0
173,2.70394203228706,0.316514188566579,CA,2024-05-23,0,1,1,1,0,1,1,1,0,0,1,1,0,0,1,1
174,3.78503241208803,0.370540959089864,CA,2024-05-24,0,1,1,1,1,0,1,1,0,0,0,1,0,0,1,1
175,1.74175958711256,0.3281461183994335,CA,2024-05-25,1,1,1,0,0,1,1,1,0,1,0,0,0,0,1,1
176,6.97004869445704,0.4107089270034225,CA,2024-05-26,0,1,0,0,0,1,1,1,0,0,0,0,0,0,1,0
177,2.54355859586354,0.3522402391479135,CA,2024-05-27,1,1,1,1,1,0,1,1,0,1,0,0,0,0,1,0
178,3.91614096013929,0.3558484671270095,CA,2024-05-28,1,1,1,1,0,0,1,1,0,1,1,1,0,0,1,0
179,2.33612342688682,0.3497970490127705,CA,2024-05-29,1,0,1,1,1,1,1,1,0,0,1,1,1,0,1,0
180,6.57943442384556,0.3979769405705175,CA,2024-05-30,1,0,1,0,0,0,1,0,0,0,0,0,0,0,1,0
181,14.6380404561387,0.385996064979357,CA,2024-05-31,0,1,1,0,1,1,1,0,0,0,0,0,0,0,1,0
182,3.61374895107432,0.3778205422813335,CA,2024-06-01,1,0,1,1,1,1,1,0,0,0,0,1,0,1,1,0
183,4.38138395118714,0.3961009384902195,CA,2024-06-02,1,0,1,0,1,1,1,0,0,0,0,0,0,1,1,0
184,5.90720869469196,0.3924815492563315,CA,2024-06-03,0,0,1,1,1,0,1,1,0,0,0,1,0,0,1,0
185,7.91020195611991,0.399069363690126,CA,2024-06-04,0,0,1,1,0,1,1,1,0,0,1,1,0,1,1,0
186,17.4308456834306,0.4020391526355235,CA,2024-06-05,0,0,1,1,1,0,0,0,0,0,0,0,0,0,0,0
187,13.9079399872716,0.379030510103284,CA,2024-06-06,0,0,0,1,0,0,1,0,0,0,0,1,0,0,1,0
188,4.61311502798752,0.341088768349007,CA,2024-06-07,0,0,0,0,0,1,1,1,0,0,0,1,0,0,1,0
189,6.5774950344365,0.428304016656647,CA,2024-06-08,0,1,1,0,0,1,1,0,0,0,0,0,0,0,1,0
190,8.2755656891429,0.410952233645286,CA,2024-06-09,0,0,1,1,1,0,1,0,0,0,0,1,0,0,1,0
191,10.0584025216703,0.388819634293653,CA,2024-06-10,0,0,0,0,0,1,1,0,0,0,0,0,0,1,1,0
192,13.6952239753996,0.411059372900571,CA,2024-06-11,0,0,0,1,0,1,1,0,0,0,0,0,0,0,1,0
193,12.6399026610777,0.4162321457437725,CA,2024-06-12,0,1,1,1,1,0,1,0,0,0,1,0,0,1,1,0
194,13.2146785656951,0.428300485360738,CA,2024-06-13,0,0,1,0,1,0,1,0,0,0,1,0,0,0,1,0
195,7.96666255045539,0.441740477531122,CA,2024-06-14,0,1,1,1,1,1,1,0,0,0,0,0,0,1,1,0
196,4.37989721456794,0.4342728425786175,CA,2024-06-15,0,1,0,0,1,1,0,0,0,0,1,0,0,1,0,0
197,7.69681570544141,0.4340253971304565,CA,2024-06-16,0,0,1,0,0,1,1,0,0,0,0,0,0,0,1,0
198,10.150412222162,0.462066813930751,CA,2024-06-17,0,0,0,0,1,1,1,0,0,0,1,0,0,1,1,0
199,18.0735435424809,0.46237098239625,CA,2024-06-18,1,0,1,0,1,0,1,0,0,0,0,0,0,0,1,0
200,21.8679035078062,0.4643502822792715,CA,2024-06-19,1,1,1,0,1,1,1,0,0,0,0,0,0,1,1,0
201,16.5263594218205,0.482031483899902,CA,2024-06-20,0,0,1,0,1,1,1,0,1,1,0,0,0,1,1,0
202,20.0655622598529,0.53114036392235,CA,2024-06-21,1,0,1,0,1,1,1,0,1,0,0,0,1,1,1,0
203,9.17672860762374,0.564618218092675,CA,2024-06-22,1,0,1,0,1,1,1,0,0,0,1,0,0,1,1,0
204,13.8906466472268,0.553209882922155,CA,2024-06-23,1,0,1,0,1,1,1,0,0,0,0,0,0,1,1,0
205,17.1408077571223,0.567005379789875,CA,2024-06-24,1,0,1,0,0,1,1,0,0,0,1,0,0,1,1,0
206,31.7733361100018,0.620445379987875,CA,2024-06-25,1,0,1,0,1,0,1,0,0,0,0,0,0,0,1,0
207,84.6312762617506,0.65427621163584,CA,2024-06-26,0,0,0,0,1,1,1,0,0,0,0,0,0,0,1,0
208,86.8097081612544,0.688140992511755,CA,2024-06-27,0,0,0,0,1,0,1,0,0,0,0,0,0,0,1,0
209,77.9500821364705,0.68351127454427,CA,2024-06-28,0,0,1,0,0,0,1,0,0,0,0,0,0,0,1,0
210,54.1943141034251,0.73165087583968,CA,2024-06-29,0,0,0,0,0,0,1,0,0,0,1,0,0,0,1,0
211,NA,NA,CO,2024-05-19,NA,NA,NA,NA,NA,NA,NA,NA,NA,NA,NA,NA,NA,NA,NA,NA
212,0.875140892940614,0.612804950376495,CO,2024-05-20,1,1,1,1,0,1,1,1,1,1,1,1,0,1,1,0
213,NA,NA,CO,2024-05-21,NA,NA,NA,NA,NA,NA,NA,NA,NA,NA,NA,NA,NA,NA,NA,NA
214,0.695507903876391,0.377527133249688,CO,2024-05-22,1,0,1,1,1,1,1,1,0,1,1,1,1,1,1,0
215,NA,NA,CO,2024-05-23,NA,NA,NA,NA,NA,NA,NA,NA,NA,NA,NA,NA,NA,NA,NA,NA
216,0.337678687632912,0.240751430995354,CO,2024-05-24,1,1,1,1,1,1,1,1,1,0,1,1,1,1,1,0
217,NA,NA,CO,2024-05-25,NA,NA,NA,NA,NA,NA,NA,NA,NA,NA,NA,NA,NA,NA,NA,NA
218,NA,NA,CO,2024-05-26,NA,NA,NA,NA,NA,NA,NA,NA,NA,NA,NA,NA,NA,NA,NA,NA
219,NA,NA,CO,2024-05-27,NA,NA,NA,NA,NA,NA,NA,NA,NA,NA,NA,NA,NA,NA,NA,NA
220,NA,NA,CO,2024-05-28,NA,NA,NA,NA,NA,NA,NA,NA,NA,NA,NA,NA,NA,NA,NA,NA
221,0.411354547321684,0.294128734381439,CO,2024-05-29,1,1,1,1,1,1,1,1,1,0,1,1,1,1,1,0
222,NA,NA,CO,2024-05-30,NA,NA,NA,NA,NA,NA,NA,NA,NA,NA,NA,NA,NA,NA,NA,NA
223,NA,NA,CO,2024-05-31,NA,NA,NA,NA,NA,NA,NA,NA,NA,NA,NA,NA,NA,NA,NA,NA
224,NA,NA,CO,2024-06-01,NA,NA,NA,NA,NA,NA,NA,NA,NA,NA,NA,NA,NA,NA,NA,NA
225,NA,NA,CO,2024-06-02,NA,NA,NA,NA,NA,NA,NA,NA,NA,NA,NA,NA,NA,NA,NA,NA
226,NA,NA,CO,2024-06-03,NA,NA,NA,NA,NA,NA,NA,NA,NA,NA,NA,NA,NA,NA,NA,NA
227,0.355515159256583,0.2532877000126305,CO,2024-06-04,1,1,1,1,1,1,1,1,1,1,1,1,1,1,1,1
228,0.879241305982605,0.250611732645399,CO,2024-06-05,0,1,1,1,1,1,1,1,0,0,1,1,1,1,1,1
229,0.536029819002782,0.379348574597391,CO,2024-06-06,1,1,1,1,1,1,1,1,1,0,1,1,1,1,1,0
230,NA,NA,CO,2024-06-07,NA,NA,NA,NA,NA,NA,NA,NA,NA,NA,NA,NA,NA,NA,NA,NA
231,NA,NA,CO,2024-06-08,NA,NA,NA,NA,NA,NA,NA,NA,NA,NA,NA,NA,NA,NA,NA,NA
232,NA,NA,CO,2024-06-09,NA,NA,NA,NA,NA,NA,NA,NA,NA,NA,NA,NA,NA,NA,NA,NA
233,1.68264080511896,0.3706174635992255,CO,2024-06-10,1,0,1,1,1,1,1,1,0,0,1,1,0,1,1,0
234,0.571197180870126,0.4073543401309415,CO,2024-06-11,1,0,1,1,1,1,1,1,0,0,1,1,1,1,1,1
235,0.359028405261383,0.258919155704927,CO,2024-06-12,1,1,1,1,1,1,1,1,1,1,1,1,1,1,1,1
236,0.631548320407511,0.4487131084640955,CO,2024-06-13,1,1,1,1,1,1,1,0,1,1,1,0,1,1,1,0
237,0.630936998330575,0.4604511814558565,CO,2024-06-14,1,1,1,1,1,1,1,0,1,0,1,1,1,1,1,0
238,NA,NA,CO,2024-06-15,NA,NA,NA,NA,NA,NA,NA,NA,NA,NA,NA,NA,NA,NA,NA,NA
239,NA,NA,CO,2024-06-16,NA,NA,NA,NA,NA,NA,NA,NA,NA,NA,NA,NA,NA,NA,NA,NA
240,0.460566761163393,0.338286638024419,CO,2024-06-17,1,1,1,1,1,1,1,1,0,1,1,1,1,1,1,0
241,NA,NA,CO,2024-06-18,NA,NA,NA,NA,NA,NA,NA,NA,NA,NA,NA,NA,NA,NA,NA,NA
242,0.752329950885919,0.548176858394075,CO,2024-06-19,1,1,1,1,1,1,1,0,0,1,1,1,1,1,1,0
243,NA,NA,CO,2024-06-20,NA,NA,NA,NA,NA,NA,NA,NA,NA,NA,NA,NA,NA,NA,NA,NA
244,0.808071729882545,0.579687864597,CO,2024-06-21,1,1,1,1,0,1,1,1,1,0,1,1,0,1,1,1
245,NA,NA,CO,2024-06-22,NA,NA,NA,NA,NA,NA,NA,NA,NA,NA,NA,NA,NA,NA,NA,NA
246,NA,NA,CO,2024-06-23,NA,NA,NA,NA,NA,NA,NA,NA,NA,NA,NA,NA,NA,NA,NA,NA
247,NA,NA,CO,2024-06-24,NA,NA,NA,NA,NA,NA,NA,NA,NA,NA,NA,NA,NA,NA,NA,NA
248,0.636638037663016,0.3412606724340025,CO,2024-06-25,1,1,1,1,1,1,1,1,0,0,1,0,1,1,1,1
249,1.74227876861973,0.67728932581433,CO,2024-06-26,1,1,1,0,0,1,1,1,1,0,1,0,0,1,1,1
250,0.916104479771644,0.702112184857165,CO,2024-06-27,1,0,1,1,1,1,1,1,1,0,1,1,1,1,1,0
251,0.92136709371465,0.714539305755165,CO,2024-06-28,0,1,1,1,1,1,1,1,0,0,1,1,1,1,1,1
252,NA,NA,CO,2024-06-29,NA,NA,NA,NA,NA,NA,NA,NA,NA,NA,NA,NA,NA,NA,NA,NA
253,0.266201562341872,0.1908202246861655,CT,2024-05-19,1,1,1,1,1,1,1,1,0,1,1,1,1,1,1,0
254,NA,NA,CT,2024-05-20,NA,NA,NA,NA,NA,NA,NA,NA,NA,NA,NA,NA,NA,NA,NA,NA
255,NA,NA,CT,2024-05-21,NA,NA,NA,NA,NA,NA,NA,NA,NA,NA,NA,NA,NA,NA,NA,NA
256,0.310530892549832,0.220222128344947,CT,2024-05-22,1,1,1,1,1,1,1,1,1,1,1,0,1,1,1,0
257,0.322765763192138,0.2304065637869965,CT,2024-05-23,1,1,1,1,1,1,1,1,1,1,1,1,1,1,1,1
258,0.334582974144499,0.240751430995354,CT,2024-05-24,1,1,1,1,1,1,1,1,1,1,1,1,1,0,1,0
259,NA,NA,CT,2024-05-25,NA,NA,NA,NA,NA,NA,NA,NA,NA,NA,NA,NA,NA,NA,NA,NA
260,NA,NA,CT,2024-05-26,NA,NA,NA,NA,NA,NA,NA,NA,NA,NA,NA,NA,NA,NA,NA,NA
261,NA,NA,CT,2024-05-27,NA,NA,NA,NA,NA,NA,NA,NA,NA,NA,NA,NA,NA,NA,NA,NA
262,NA,NA,CT,2024-05-28,NA,NA,NA,NA,NA,NA,NA,NA,NA,NA,NA,NA,NA,NA,NA,NA
263,0.69951538589615,0.3883614876896175,CT,2024-05-29,1,1,1,1,1,1,1,1,0,1,1,1,1,1,1,0
264,0.395981678228275,0.274673411226797,CT,2024-05-30,1,1,1,1,1,1,1,1,1,1,1,1,1,1,1,1
265,0.431825373513229,0.3158153034106925,CT,2024-05-31,1,1,1,1,1,1,1,1,1,0,1,1,1,1,1,0
266,NA,NA,CT,2024-06-01,NA,NA,NA,NA,NA,NA,NA,NA,NA,NA,NA,NA,NA,NA,NA,NA
267,NA,NA,CT,2024-06-02,NA,NA,NA,NA,NA,NA,NA,NA,NA,NA,NA,NA,NA,NA,NA,NA
268,NA,NA,CT,2024-06-03,NA,NA,NA,NA,NA,NA,NA,NA,NA,NA,NA,NA,NA,NA,NA,NA
269,NA,NA,CT,2024-06-04,NA,NA,NA,NA,NA,NA,NA,NA,NA,NA,NA,NA,NA,NA,NA,NA
270,0.516888551567806,0.3690799053523055,CT,2024-06-05,1,1,1,1,1,1,1,1,1,1,1,1,1,1,1,1
271,NA,NA,CT,2024-06-06,NA,NA,NA,NA,NA,NA,NA,NA,NA,NA,NA,NA,NA,NA,NA,NA
272,0.694644856058941,0.385148538882017,CT,2024-06-07,1,1,1,1,1,1,1,1,0,0,1,1,0,1,1,0
273,NA,NA,CT,2024-06-08,NA,NA,NA,NA,NA,NA,NA,NA,NA,NA,NA,NA,NA,NA,NA,NA
274,NA,NA,CT,2024-06-09,NA,NA,NA,NA,NA,NA,NA,NA,NA,NA,NA,NA,NA,NA,NA,NA
275,1.34791877966801,0.4381445794856915,CT,2024-06-10,0,1,1,1,1,1,1,0,0,0,0,1,0,1,1,0
276,NA,NA,CT,2024-06-11,NA,NA,NA,NA,NA,NA,NA,NA,NA,NA,NA,NA,NA,NA,NA,NA
277,0.572720826295579,0.404976766165507,CT,2024-06-12,1,0,1,1,1,1,1,1,0,0,1,1,1,1,1,1
278,NA,NA,CT,2024-06-13,NA,NA,NA,NA,NA,NA,NA,NA,NA,NA,NA,NA,NA,NA,NA,NA
279,0.940978708198482,0.476974771836153,CT,2024-06-14,1,1,1,1,0,1,1,1,1,1,1,0,0,1,1,1
280,NA,NA,CT,2024-06-15,NA,NA,NA,NA,NA,NA,NA,NA,NA,NA,NA,NA,NA,NA,NA,NA
281,NA,NA,CT,2024-06-16,NA,NA,NA,NA,NA,NA,NA,NA,NA,NA,NA,NA,NA,NA,NA,NA
282,0.708977983730839,0.50651935318332,CT,2024-06-17,1,1,1,1,1,1,1,0,1,1,1,1,1,1,1,1
283,0.732171524531961,0.52623414959258,CT,2024-06-18,1,1,1,1,1,1,1,0,1,1,1,1,0,1,1,0
284,1.02832785058659,0.4715948912196335,CT,2024-06-19,1,1,1,1,1,1,1,0,0,1,1,0,1,1,1,1
285,NA,NA,CT,2024-06-20,NA,NA,NA,NA,NA,NA,NA,NA,NA,NA,NA,NA,NA,NA,NA,NA
286,NA,NA,CT,2024-06-21,NA,NA,NA,NA,NA,NA,NA,NA,NA,NA,NA,NA,NA,NA,NA,NA
287,0.853751011802503,0.624758397525065,CT,2024-06-22,1,1,1,1,1,1,1,0,0,1,1,1,1,1,1,0
288,NA,NA,CT,2024-06-23,NA,NA,NA,NA,NA,NA,NA,NA,NA,NA,NA,NA,NA,NA,NA,NA
289,1.82578778591254,0.679938815227755,CT,2024-06-24,1,1,1,1,1,1,1,0,1,1,1,0,0,1,1,0
290,0.643229946638909,0.3412606724340025,CT,2024-06-25,1,1,1,1,1,1,1,1,0,0,1,1,1,1,1,1
291,NA,NA,CT,2024-06-26,NA,NA,NA,NA,NA,NA,NA,NA,NA,NA,NA,NA,NA,NA,NA,NA
292,4.01328481947477,0.75864499091361,CT,2024-06-27,1,1,1,0,1,1,1,0,0,1,1,0,1,1,1,0
293,1.60118729450398,0.771387529529715,CT,2024-06-28,1,1,1,0,0,1,1,0,1,1,1,0,0,1,1,0
294,NA,NA,CT,2024-06-29,NA,NA,NA,NA,NA,NA,NA,NA,NA,NA,NA,NA,NA,NA,NA,NA
295,0.787859775517933,0.55935137551513,DC,2024-05-19,1,0,1,1,1,1,1,1,1,0,1,1,1,1,1,0
296,0.494943252142884,0.351645516012379,DC,2024-05-20,1,1,1,1,1,1,1,1,1,1,1,1,1,1,1,1
297,0.296106508185083,0.2102176277410545,DC,2024-05-21,1,1,1,1,1,1,1,1,0,1,1,1,1,1,1,0
298,0.307912532707557,0.220222128344947,DC,2024-05-22,1,1,1,1,1,1,1,1,1,1,1,1,0,1,1,0
299,0.322394122010432,0.2304065637869965,DC,2024-05-23,1,1,1,1,1,1,1,1,1,1,1,1,1,1,1,1
300,0.33238851067574,0.240751430995354,DC,2024-05-24,1,1,1,1,1,1,1,1,1,1,1,1,1,1,1,1
301,0.360126287373826,0.251236121280842,DC,2024-05-25,1,1,1,1,1,1,1,1,1,1,1,1,1,1,1,1
302,0.431983708843909,0.300348291844821,DC,2024-05-26,1,1,1,1,1,1,1,1,1,1,1,1,1,1,1,1
303,NA,NA,DC,2024-05-27,NA,NA,NA,NA,NA,NA,NA,NA,NA,NA,NA,NA,NA,NA,NA,NA
304,NA,NA,DC,2024-05-28,NA,NA,NA,NA,NA,NA,NA,NA,NA,NA,NA,NA,NA,NA,NA,NA
305,NA,NA,DC,2024-05-29,NA,NA,NA,NA,NA,NA,NA,NA,NA,NA,NA,NA,NA,NA,NA,NA
306,NA,NA,DC,2024-05-30,NA,NA,NA,NA,NA,NA,NA,NA,NA,NA,NA,NA,NA,NA,NA,NA
307,0.657862592018492,0.4690314698139945,DC,2024-05-31,1,0,1,1,1,1,1,1,1,0,1,1,1,1,1,0
308,NA,NA,DC,2024-06-01,NA,NA,NA,NA,NA,NA,NA,NA,NA,NA,NA,NA,NA,NA,NA,NA
309,NA,NA,DC,2024-06-02,NA,NA,NA,NA,NA,NA,NA,NA,NA,NA,NA,NA,NA,NA,NA,NA
310,1.11867381242857,0.3480741632882495,DC,2024-06-03,1,1,1,1,1,1,1,0,0,1,1,1,1,1,1,0
311,1.12931701892336,0.358645945950433,DC,2024-06-04,1,1,1,1,1,1,1,0,1,1,1,0,1,1,1,0
312,0.345203873622339,0.250611732645399,DC,2024-06-05,1,1,1,1,1,1,1,1,1,1,1,1,1,1,1,1
313,NA,NA,DC,2024-06-06,NA,NA,NA,NA,NA,NA,NA,NA,NA,NA,NA,NA,NA,NA,NA,NA
314,NA,NA,DC,2024-06-07,NA,NA,NA,NA,NA,NA,NA,NA,NA,NA,NA,NA,NA,NA,NA,NA
315,NA,NA,DC,2024-06-08,NA,NA,NA,NA,NA,NA,NA,NA,NA,NA,NA,NA,NA,NA,NA,NA
316,NA,NA,DC,2024-06-09,NA,NA,NA,NA,NA,NA,NA,NA,NA,NA,NA,NA,NA,NA,NA,NA
317,NA,NA,DC,2024-06-10,NA,NA,NA,NA,NA,NA,NA,NA,NA,NA,NA,NA,NA,NA,NA,NA
318,0.598810803768933,0.42820705339748,DC,2024-06-11,1,1,1,1,1,1,1,0,1,1,1,1,0,1,1,0
319,0.776184959530664,0.42154797661917,DC,2024-06-12,1,1,1,1,1,1,1,1,0,0,1,1,0,1,1,0
320,1.00109406589192,0.381353143116566,DC,2024-06-13,1,0,1,1,1,1,1,1,0,0,1,0,0,1,1,0
321,0.873192924182367,0.450085529676867,DC,2024-06-14,1,1,1,1,0,1,1,1,1,1,1,1,0,1,1,0
322,0.664061033666012,0.4737845406145265,DC,2024-06-15,1,1,1,1,1,1,1,0,1,0,1,1,1,1,1,0
323,NA,NA,DC,2024-06-16,NA,NA,NA,NA,NA,NA,NA,NA,NA,NA,NA,NA,NA,NA,NA,NA
324,0.913261035994159,0.470176897007514,DC,2024-06-17,1,1,1,1,1,1,1,0,0,1,1,1,1,1,1,0
325,0.496587162407856,0.36526021111497,DC,2024-06-18,1,1,1,1,1,1,1,1,1,1,1,1,1,1,1,1
326,0.764312271256558,0.548176858394075,DC,2024-06-19,1,1,1,1,1,1,1,0,1,0,1,1,1,1,1,0
327,NA,NA,DC,2024-06-20,NA,NA,NA,NA,NA,NA,NA,NA,NA,NA,NA,NA,NA,NA,NA,NA
328,0.69971976375892,0.521652334344075,DC,2024-06-21,1,0,1,1,1,1,1,1,1,0,1,1,0,1,1,1
329,NA,NA,DC,2024-06-22,NA,NA,NA,NA,NA,NA,NA,NA,NA,NA,NA,NA,NA,NA,NA,NA
330,NA,NA,DC,2024-06-23,NA,NA,NA,NA,NA,NA,NA,NA,NA,NA,NA,NA,NA,NA,NA,NA
331,1.58136958999946,0.57664023076139,DC,2024-06-24,0,1,1,0,1,1,1,1,0,1,1,0,1,1,1,1
332,NA,NA,DC,2024-06-25,NA,NA,NA,NA,NA,NA,NA,NA,NA,NA,NA,NA,NA,NA,NA,NA
333,NA,NA,DC,2024-06-26,NA,NA,NA,NA,NA,NA,NA,NA,NA,NA,NA,NA,NA,NA,NA,NA
334,0.908822821416364,0.702112184857165,DC,2024-06-27,1,0,1,1,1,1,1,1,1,0,1,1,1,1,1,0
335,NA,NA,DC,2024-06-28,NA,NA,NA,NA,NA,NA,NA,NA,NA,NA,NA,NA,NA,NA,NA,NA
336,NA,NA,DC,2024-06-29,NA,NA,NA,NA,NA,NA,NA,NA,NA,NA,NA,NA,NA,NA,NA,NA
337,NA,NA,DE,2024-05-19,NA,NA,NA,NA,NA,NA,NA,NA,NA,NA,NA,NA,NA,NA,NA,NA
338,NA,NA,DE,2024-05-20,NA,NA,NA,NA,NA,NA,NA,NA,NA,NA,NA,NA,NA,NA,NA,NA
339,NA,NA,DE,2024-05-21,NA,NA,NA,NA,NA,NA,NA,NA,NA,NA,NA,NA,NA,NA,NA,NA
340,0.88979989511407,0.3250921316147745,DE,2024-05-22,1,1,1,1,1,1,1,1,0,0,1,1,0,1,1,0
341,0.751804810860781,0.52692499257025,DE,2024-05-23,1,0,1,1,1,1,1,1,1,1,1,1,1,1,1,1
342,NA,NA,DE,2024-05-24,NA,NA,NA,NA,NA,NA,NA,NA,NA,NA,NA,NA,NA,NA,NA,NA
343,NA,NA,DE,2024-05-25,NA,NA,NA,NA,NA,NA,NA,NA,NA,NA,NA,NA,NA,NA,NA,NA
344,0.779253317485357,0.350462261078596,DE,2024-05-26,1,1,1,1,1,1,1,1,0,0,1,1,0,1,1,0
345,NA,NA,DE,2024-05-27,NA,NA,NA,NA,NA,NA,NA,NA,NA,NA,NA,NA,NA,NA,NA,NA
346,0.405173415821684,0.2866057480292885,DE,2024-05-28,1,1,1,1,1,1,1,1,1,1,1,1,1,1,1,1
347,NA,NA,DE,2024-05-29,NA,NA,NA,NA,NA,NA,NA,NA,NA,NA,NA,NA,NA,NA,NA,NA
348,2.03347039614617,0.425471925110658,DE,2024-05-30,1,0,1,1,1,1,1,0,1,0,1,1,0,1,1,0
349,NA,NA,DE,2024-05-31,NA,NA,NA,NA,NA,NA,NA,NA,NA,NA,NA,NA,NA,NA,NA,NA
350,NA,NA,DE,2024-06-01,NA,NA,NA,NA,NA,NA,NA,NA,NA,NA,NA,NA,NA,NA,NA,NA
351,NA,NA,DE,2024-06-02,NA,NA,NA,NA,NA,NA,NA,NA,NA,NA,NA,NA,NA,NA,NA,NA
352,NA,NA,DE,2024-06-03,NA,NA,NA,NA,NA,NA,NA,NA,NA,NA,NA,NA,NA,NA,NA,NA
353,NA,NA,DE,2024-06-04,NA,NA,NA,NA,NA,NA,NA,NA,NA,NA,NA,NA,NA,NA,NA,NA
354,1.84769367257404,0.3690799053523055,DE,2024-06-05,0,1,1,1,1,1,1,0,0,0,1,1,1,1,1,0
355,NA,NA,DE,2024-06-06,NA,NA,NA,NA,NA,NA,NA,NA,NA,NA,NA,NA,NA,NA,NA,NA
356,0.873449162571065,0.4540991795281165,DE,2024-06-07,1,1,1,1,0,1,1,1,1,1,1,1,0,1,1,0
357,NA,NA,DE,2024-06-08,NA,NA,NA,NA,NA,NA,NA,NA,NA,NA,NA,NA,NA,NA,NA,NA
358,NA,NA,DE,2024-06-09,NA,NA,NA,NA,NA,NA,NA,NA,NA,NA,NA,NA,NA,NA,NA,NA
359,0.591422273276192,0.4110527537184705,DE,2024-06-10,1,0,1,1,1,1,1,1,0,0,1,1,1,1,1,1
360,0.591505344192559,0.4073543401309415,DE,2024-06-11,1,0,1,1,1,1,1,1,1,0,1,1,0,1,1,1
361,NA,NA,DE,2024-06-12,NA,NA,NA,NA,NA,NA,NA,NA,NA,NA,NA,NA,NA,NA,NA,NA
362,0.572236147031701,0.404526622655707,DE,2024-06-13,1,0,1,1,1,1,1,1,1,1,1,1,1,1,1,1
363,NA,NA,DE,2024-06-14,NA,NA,NA,NA,NA,NA,NA,NA,NA,NA,NA,NA,NA,NA,NA,NA
364,NA,NA,DE,2024-06-15,NA,NA,NA,NA,NA,NA,NA,NA,NA,NA,NA,NA,NA,NA,NA,NA
365,1.19459870997264,0.393059029277653,DE,2024-06-16,1,1,1,0,1,1,1,1,0,0,1,0,1,1,1,0
366,0.515958469798068,0.320687928062442,DE,2024-06-17,1,1,1,1,1,1,1,1,0,0,1,0,0,1,1,1
367,0.82906511975725,0.4437932163067075,DE,2024-06-18,1,1,1,1,0,1,1,1,1,1,1,1,1,1,1,1
368,1.32054598734996,0.4464457440984835,DE,2024-06-19,0,1,1,1,1,1,1,0,0,0,1,1,0,1,1,0
369,NA,NA,DE,2024-06-20,NA,NA,NA,NA,NA,NA,NA,NA,NA,NA,NA,NA,NA,NA,NA,NA
370,2.73329692705458,0.567511469988155,DE,2024-06-21,1,1,1,0,1,1,1,0,1,0,1,0,1,1,1,0
371,2.24425502058864,0.56304253699047,DE,2024-06-22,0,1,1,0,1,1,1,0,0,1,1,0,1,1,1,0
372,3.27997555699251,0.60264794481414,DE,2024-06-23,1,1,1,0,1,1,1,0,0,0,1,0,1,1,1,0
373,0.597005626676697,0.3313131142128665,DE,2024-06-24,1,1,1,1,1,1,1,1,0,0,1,1,1,1,1,1
374,2.50981410702794,0.613454527946745,DE,2024-06-25,0,1,1,0,1,1,1,1,0,0,1,0,1,1,1,1
375,2.34498884987989,0.67020241763109,DE,2024-06-26,0,1,1,0,0,1,1,1,0,1,1,0,0,1,1,1
376,1.85606798441904,0.702112184857165,DE,2024-06-27,1,0,1,0,1,1,1,1,1,0,1,1,1,1,1,0
377,2.85903578833226,0.758268378411015,DE,2024-06-28,1,1,1,0,0,1,1,0,1,1,1,0,0,1,1,0
378,1.06319712939432,0.80477788431381,DE,2024-06-29,1,1,1,1,1,1,1,0,1,1,1,0,1,1,1,0
379,NA,NA,FL,2024-05-19,NA,NA,NA,NA,NA,NA,NA,NA,NA,NA,NA,NA,NA,NA,NA,NA
380,0.312523680299371,0.276028429517052,FL,2024-05-20,1,1,1,1,1,1,1,1,0,1,1,1,1,1,1,0
381,0.467169411929945,0.2541852905147755,FL,2024-05-21,1,1,1,1,1,1,1,1,0,1,1,1,1,1,1,0
382,0.315691216416172,0.220222128344947,FL,2024-05-22,1,1,1,1,1,1,1,1,0,1,1,1,1,1,1,0
383,0.467982048389107,0.324198000063333,FL,2024-05-23,1,1,1,1,1,1,1,1,1,1,1,1,1,1,1,1
384,1.66857992214905,0.497906648932878,FL,2024-05-24,1,1,1,1,0,1,1,0,0,1,1,1,0,1,1,0
385,0.35120045019162,0.251236121280842,FL,2024-05-25,1,1,1,1,1,1,1,1,1,0,1,1,1,1,1,0
386,0.888900988203617,0.2618390393993065,FL,2024-05-26,1,1,1,1,1,1,1,0,0,1,0,1,1,1,1,0
387,0.375795193816686,0.272537718689547,FL,2024-05-27,1,1,1,1,1,1,1,1,0,1,1,1,1,1,1,0
388,0.804987881643565,0.567213209748325,FL,2024-05-28,1,1,1,1,0,1,1,1,0,1,1,1,0,1,1,1
389,2.15716276031705,0.2804092341552015,FL,2024-05-29,0,1,1,1,1,1,1,0,0,1,1,1,1,1,1,0
390,1.05416007563895,0.5164007062353,FL,2024-05-30,1,1,1,1,0,1,1,1,0,1,1,1,0,1,1,1
391,2.19944462047786,0.3792867404107265,FL,2024-05-31,1,0,0,0,1,1,1,1,0,0,0,0,1,0,1,0
392,1.58602579613068,0.54728783536399,FL,2024-06-01,1,1,1,1,0,1,1,1,0,1,1,1,0,1,1,0
393,1.76740002400719,0.289224773410802,FL,2024-06-02,0,0,1,1,1,1,1,1,0,1,1,1,0,1,1,0
394,1.24485575937312,0.368091382660767,FL,2024-06-03,1,1,1,1,1,1,1,1,0,0,1,1,0,1,1,0
395,1.94235957386127,0.4209475522717655,FL,2024-06-04,0,0,1,1,0,1,1,1,0,0,1,1,0,1,1,1
396,3.73026101826453,0.4437081628268,FL,2024-06-05,0,1,1,1,0,1,1,1,0,0,1,1,0,0,1,1
397,1.26668746693137,0.414312938560589,FL,2024-06-06,0,0,1,1,1,1,1,1,0,0,1,1,1,1,1,0
398,1.00056423927824,0.32751266845116,FL,2024-06-07,1,1,1,1,1,1,1,1,1,0,1,1,0,1,1,1
399,1.71637804021372,0.312151606551584,FL,2024-06-08,0,0,1,1,1,1,1,0,0,0,1,1,0,0,1,0
400,1.40662239708072,0.371844998604333,FL,2024-06-09,1,1,1,1,1,1,1,0,0,1,1,1,0,1,1,1
401,1.37283725075333,0.3685269064991385,FL,2024-06-10,1,1,1,1,1,1,1,1,0,0,0,0,0,1,1,0
402,1.22440193874922,0.352555957847352,FL,2024-06-11,1,0,1,1,1,1,1,1,1,0,1,1,0,1,1,0
403,2.20668684055324,0.3301466176718365,FL,2024-06-12,0,1,1,1,1,1,1,1,0,0,1,0,0,1,1,0
404,2.88130445732801,0.4064591431352925,FL,2024-06-13,1,1,1,0,0,1,1,0,1,0,1,0,0,0,1,0
405,3.19404801861369,0.4219947164860315,FL,2024-06-14,1,1,1,0,0,1,1,1,0,0,1,1,0,1,1,0
406,0.68513657659915606,0.3845940135523855,FL,2024-06-15,1,1,1,1,1,1,1,1,0,1,1,0,0,1,1,0
407,1.77987810320917,0.3944860379397725,FL,2024-06-16,1,0,1,1,1,1,1,1,0,0,0,1,1,1,1,1
408,9.4498870778216,0.4835867679709425,FL,2024-06-17,0,1,1,0,0,1,1,0,0,0,1,0,0,1,1,0
409,6.11715866064768,0.4836861766144935,FL,2024-06-18,0,1,1,0,0,1,1,0,1,0,0,0,0,1,1,0
410,7.92021464863601,0.50697787062161,FL,2024-06-19,1,1,1,0,0,1,1,0,0,0,0,0,0,1,1,0
411,7.25997907278637,0.53542155984787,FL,2024-06-20,1,1,1,0,0,1,1,0,1,0,0,0,0,1,1,0
412,5.35896804834686,0.52309606912008,FL,2024-06-21,0,1,1,0,1,1,1,0,0,0,1,0,1,1,1,0
413,4.11594552795033,0.58970407041497,FL,2024-06-22,1,1,1,0,0,1,1,0,1,0,1,0,0,1,1,0
414,5.77658431234137,0.610202498934285,FL,2024-06-23,1,0,1,0,1,1,1,0,1,0,1,0,0,1,1,0
415,13.3984294966077,0.5551312318705,FL,2024-06-24,1,1,1,0,0,1,1,0,0,0,0,0,0,1,1,0
416,7.98518508009854,0.59031027194925,FL,2024-06-25,1,0,1,0,0,1,1,0,0,0,1,0,0,1,1,0
417,24.0012499512644,0.67228431957689,FL,2024-06-26,1,1,1,0,0,1,1,0,0,0,0,0,0,0,1,0
418,17.028573872843,0.68456232658098,FL,2024-06-27,1,1,1,0,0,1,1,0,0,0,0,0,0,0,1,0
419,19.4188409106107,0.70078350162096,FL,2024-06-28,0,1,1,0,0,1,1,0,0,0,0,0,0,1,1,0
420,3.57944488356458,0.56530206085824,FL,2024-06-29,0,1,1,0,1,1,1,0,1,1,1,0,0,1,1,0
421,0.263697796225041,0.1908202246861655,GA,2024-05-19,1,1,1,1,1,1,1,1,1,1,1,1,1,1,1,1
422,0.887941226183815,0.451348962179995,GA,2024-05-20,1,0,1,1,1,1,1,1,1,1,1,1,1,1,1,1
423,NA,NA,GA,2024-05-21,NA,NA,NA,NA,NA,NA,NA,NA,NA,NA,NA,NA,NA,NA,NA,NA
424,0.312050139752149,0.220222128344947,GA,2024-05-22,1,1,1,1,1,1,1,1,0,1,1,1,1,1,1,0
425,NA,NA,GA,2024-05-23,NA,NA,NA,NA,NA,NA,NA,NA,NA,NA,NA,NA,NA,NA,NA,NA
426,0.684575524338517,0.3799561085667315,GA,2024-05-24,1,1,1,1,1,1,1,1,0,0,1,1,1,1,1,0
427,0.35062507740382,0.251236121280842,GA,2024-05-25,1,1,1,1,1,1,1,1,0,1,1,1,1,1,1,0
428,NA,NA,GA,2024-05-26,NA,NA,NA,NA,NA,NA,NA,NA,NA,NA,NA,NA,NA,NA,NA,NA
429,NA,NA,GA,2024-05-27,NA,NA,NA,NA,NA,NA,NA,NA,NA,NA,NA,NA,NA,NA,NA,NA
430,NA,NA,GA,2024-05-28,NA,NA,NA,NA,NA,NA,NA,NA,NA,NA,NA,NA,NA,NA,NA,NA
431,NA,NA,GA,2024-05-29,NA,NA,NA,NA,NA,NA,NA,NA,NA,NA,NA,NA,NA,NA,NA,NA
432,0.428321291715812,0.304972590368573,GA,2024-05-30,1,1,1,1,1,1,1,1,1,1,1,1,1,1,1,1
433,0.660103834603547,0.36921913021227,GA,2024-05-31,1,1,1,1,1,1,1,1,1,0,1,1,1,1,1,0
434,NA,NA,GA,2024-06-01,NA,NA,NA,NA,NA,NA,NA,NA,NA,NA,NA,NA,NA,NA,NA,NA
435,NA,NA,GA,2024-06-02,NA,NA,NA,NA,NA,NA,NA,NA,NA,NA,NA,NA,NA,NA,NA,NA
436,1.44797556457269,0.256537940598439,GA,2024-06-03,0,1,1,1,1,1,1,1,0,0,1,1,1,1,1,0
437,0.889492838813458,0.437241372377047,GA,2024-06-04,1,1,1,0,1,1,1,1,1,1,1,0,1,1,1,0
438,0.493490378674328,0.352444346159797,GA,2024-06-05,1,1,1,1,1,1,1,1,1,0,1,1,1,1,1,0
439,0.624084228406358,0.431795120542188,GA,2024-06-06,1,0,1,1,1,1,1,1,1,0,1,1,1,1,1,0
440,1.04443162468192,0.4395055761980875,GA,2024-06-07,1,1,1,1,1,0,1,1,0,1,1,1,0,0,1,1
441,0.754622950589203,0.4100023824935635,GA,2024-06-08,1,1,1,1,1,1,1,1,0,0,1,1,1,1,1,0
442,1.29381924816735,0.415604706459265,GA,2024-06-09,1,0,1,1,1,1,1,1,0,0,1,1,1,1,1,1
443,0.725947337615619,0.3907484344324215,GA,2024-06-10,1,1,1,1,1,1,1,1,1,1,0,1,1,1,1,0
444,2.62487192155933,0.3846366697733125,GA,2024-06-11,1,1,1,1,1,1,1,0,0,1,0,0,0,1,1,0
445,1.23156397063186,0.4007003620465705,GA,2024-06-12,1,1,1,1,1,1,1,1,0,1,1,1,1,1,1,0
446,0.630499115371798,0.4487131084640955,GA,2024-06-13,1,1,1,1,1,1,1,0,1,0,1,1,1,1,1,0
447,NA,NA,GA,2024-06-14,NA,NA,NA,NA,NA,NA,NA,NA,NA,NA,NA,NA,NA,NA,NA,NA
448,1.03946869992472,0.3621743845625935,GA,2024-06-15,0,1,1,1,1,1,1,1,1,1,1,1,1,1,1,1
449,0.905256550913811,0.422376980010196,GA,2024-06-16,1,1,1,1,1,1,1,1,1,1,0,0,1,1,1,1
450,1.39794567343612,0.42034724069249,GA,2024-06-17,1,1,1,1,1,1,1,0,0,0,1,1,1,1,1,0
451,1.57877784226276,0.501009026608795,GA,2024-06-18,1,1,1,1,1,1,1,0,0,0,1,0,1,1,1,0
452,2.67094157370146,0.54930334936706,GA,2024-06-19,1,1,1,0,1,1,0,0,0,0,0,1,0,1,0,0
453,2.74111024879897,0.45083648867438,GA,2024-06-20,0,0,1,0,1,1,1,1,0,1,1,0,1,0,1,1
454,2.6540124068818,0.55462489093253,GA,2024-06-21,1,1,1,0,1,0,1,0,0,0,1,0,0,0,1,0
455,1.55625278661265,0.464029331949757,GA,2024-06-22,1,0,1,1,1,1,1,0,0,0,1,1,0,1,1,0
456,2.04069507077949,0.63740383530066,GA,2024-06-23,1,1,1,0,0,1,1,0,0,0,1,0,0,1,1,0
457,1.36756181146082,0.668298401760275,GA,2024-06-24,1,1,1,1,0,1,1,0,0,0,1,1,0,1,1,0
458,2.7556743118095,0.67490263740298,GA,2024-06-25,1,0,1,0,1,1,1,0,0,0,0,0,1,1,1,0
459,3.08507046269026,0.690275049591355,GA,2024-06-26,0,1,1,0,0,1,1,0,0,0,1,0,0,1,1,0
460,2.4730818973753,0.76662936476977,GA,2024-06-27,1,1,1,0,1,1,0,0,1,1,1,0,1,1,0,0
461,2.85571222538402,0.722259425893445,GA,2024-06-28,0,0,1,0,1,1,1,1,0,0,1,0,1,1,1,1
462,1.09871996791048,0.820596504691205,GA,2024-06-29,1,1,1,1,1,0,1,1,1,1,1,0,1,0,1,1
463,NA,NA,HI,2024-05-19,NA,NA,NA,NA,NA,NA,NA,NA,NA,NA,NA,NA,NA,NA,NA,NA
464,NA,NA,HI,2024-05-20,NA,NA,NA,NA,NA,NA,NA,NA,NA,NA,NA,NA,NA,NA,NA,NA
465,NA,NA,HI,2024-05-21,NA,NA,NA,NA,NA,NA,NA,NA,NA,NA,NA,NA,NA,NA,NA,NA
466,NA,NA,HI,2024-05-22,NA,NA,NA,NA,NA,NA,NA,NA,NA,NA,NA,NA,NA,NA,NA,NA
467,NA,NA,HI,2024-05-23,NA,NA,NA,NA,NA,NA,NA,NA,NA,NA,NA,NA,NA,NA,NA,NA
468,NA,NA,HI,2024-05-24,NA,NA,NA,NA,NA,NA,NA,NA,NA,NA,NA,NA,NA,NA,NA,NA
469,NA,NA,HI,2024-05-25,NA,NA,NA,NA,NA,NA,NA,NA,NA,NA,NA,NA,NA,NA,NA,NA
470,NA,NA,HI,2024-05-26,NA,NA,NA,NA,NA,NA,NA,NA,NA,NA,NA,NA,NA,NA,NA,NA
471,NA,NA,HI,2024-05-27,NA,NA,NA,NA,NA,NA,NA,NA,NA,NA,NA,NA,NA,NA,NA,NA
472,NA,NA,HI,2024-05-28,NA,NA,NA,NA,NA,NA,NA,NA,NA,NA,NA,NA,NA,NA,NA,NA
473,NA,NA,HI,2024-05-29,NA,NA,NA,NA,NA,NA,NA,NA,NA,NA,NA,NA,NA,NA,NA,NA
474,NA,NA,HI,2024-05-30,NA,NA,NA,NA,NA,NA,NA,NA,NA,NA,NA,NA,NA,NA,NA,NA
475,NA,NA,HI,2024-05-31,NA,NA,NA,NA,NA,NA,NA,NA,NA,NA,NA,NA,NA,NA,NA,NA
476,NA,NA,HI,2024-06-01,NA,NA,NA,NA,NA,NA,NA,NA,NA,NA,NA,NA,NA,NA,NA,NA
477,NA,NA,HI,2024-06-02,NA,NA,NA,NA,NA,NA,NA,NA,NA,NA,NA,NA,NA,NA,NA,NA
478,NA,NA,HI,2024-06-03,NA,NA,NA,NA,NA,NA,NA,NA,NA,NA,NA,NA,NA,NA,NA,NA
479,NA,NA,HI,2024-06-04,NA,NA,NA,NA,NA,NA,NA,NA,NA,NA,NA,NA,NA,NA,NA,NA
480,NA,NA,HI,2024-06-05,NA,NA,NA,NA,NA,NA,NA,NA,NA,NA,NA,NA,NA,NA,NA,NA
481,NA,NA,HI,2024-06-06,NA,NA,NA,NA,NA,NA,NA,NA,NA,NA,NA,NA,NA,NA,NA,NA
482,NA,NA,HI,2024-06-07,NA,NA,NA,NA,NA,NA,NA,NA,NA,NA,NA,NA,NA,NA,NA,NA
483,NA,NA,HI,2024-06-08,NA,NA,NA,NA,NA,NA,NA,NA,NA,NA,NA,NA,NA,NA,NA,NA
484,NA,NA,HI,2024-06-09,NA,NA,NA,NA,NA,NA,NA,NA,NA,NA,NA,NA,NA,NA,NA,NA
485,NA,NA,HI,2024-06-10,NA,NA,NA,NA,NA,NA,NA,NA,NA,NA,NA,NA,NA,NA,NA,NA
486,NA,NA,HI,2024-06-11,NA,NA,NA,NA,NA,NA,NA,NA,NA,NA,NA,NA,NA,NA,NA,NA
487,NA,NA,HI,2024-06-12,NA,NA,NA,NA,NA,NA,NA,NA,NA,NA,NA,NA,NA,NA,NA,NA
488,NA,NA,HI,2024-06-13,NA,NA,NA,NA,NA,NA,NA,NA,NA,NA,NA,NA,NA,NA,NA,NA
489,NA,NA,HI,2024-06-14,NA,NA,NA,NA,NA,NA,NA,NA,NA,NA,NA,NA,NA,NA,NA,NA
490,NA,NA,HI,2024-06-15,NA,NA,NA,NA,NA,NA,NA,NA,NA,NA,NA,NA,NA,NA,NA,NA
491,NA,NA,HI,2024-06-16,NA,NA,NA,NA,NA,NA,NA,NA,NA,NA,NA,NA,NA,NA,NA,NA
492,NA,NA,HI,2024-06-17,NA,NA,NA,NA,NA,NA,NA,NA,NA,NA,NA,NA,NA,NA,NA,NA
493,NA,NA,HI,2024-06-18,NA,NA,NA,NA,NA,NA,NA,NA,NA,NA,NA,NA,NA,NA,NA,NA
494,NA,NA,HI,2024-06-19,NA,NA,NA,NA,NA,NA,NA,NA,NA,NA,NA,NA,NA,NA,NA,NA
495,NA,NA,HI,2024-06-20,NA,NA,NA,NA,NA,NA,NA,NA,NA,NA,NA,NA,NA,NA,NA,NA
496,NA,NA,HI,2024-06-21,NA,NA,NA,NA,NA,NA,NA,NA,NA,NA,NA,NA,NA,NA,NA,NA
497,NA,NA,HI,2024-06-22,NA,NA,NA,NA,NA,NA,NA,NA,NA,NA,NA,NA,NA,NA,NA,NA
498,NA,NA,HI,2024-06-23,NA,NA,NA,NA,NA,NA,NA,NA,NA,NA,NA,NA,NA,NA,NA,NA
499,NA,NA,HI,2024-06-24,NA,NA,NA,NA,NA,NA,NA,NA,NA,NA,NA,NA,NA,NA,NA,NA
500,NA,NA,HI,2024-06-25,NA,NA,NA,NA,NA,NA,NA,NA,NA,NA,NA,NA,NA,NA,NA,NA
501,NA,NA,HI,2024-06-26,NA,NA,NA,NA,NA,NA,NA,NA,NA,NA,NA,NA,NA,NA,NA,NA
502,NA,NA,HI,2024-06-27,NA,NA,NA,NA,NA,NA,NA,NA,NA,NA,NA,NA,NA,NA,NA,NA
503,NA,NA,HI,2024-06-28,NA,NA,NA,NA,NA,NA,NA,NA,NA,NA,NA,NA,NA,NA,NA,NA
504,NA,NA,HI,2024-06-29,NA,NA,NA,NA,NA,NA,NA,NA,NA,NA,NA,NA,NA,NA,NA,NA
505,0.261127491358865,0.1908202246861655,IA,2024-05-19,1,1,1,1,1,1,1,1,1,0,1,1,1,1,1,0
506,1.19465736142962,0.200411343021725,IA,2024-05-20,1,1,1,1,1,1,1,0,1,0,0,1,1,1,1,0
507,NA,NA,IA,2024-05-21,NA,NA,NA,NA,NA,NA,NA,NA,NA,NA,NA,NA,NA,NA,NA,NA
508,0.700606029729314,0.377527133249688,IA,2024-05-22,1,0,1,1,1,1,1,1,0,0,1,1,0,1,1,0
509,0.315852196346095,0.2304065637869965,IA,2024-05-23,1,1,1,1,1,1,1,1,1,1,1,1,1,1,1,1
510,0.738678900817495,0.51916078613811,IA,2024-05-24,1,0,1,1,1,1,1,1,1,0,1,1,1,1,1,0
511,0.358680310575104,0.251236121280842,IA,2024-05-25,1,1,1,1,1,1,1,1,1,1,1,1,0,1,1,0
512,NA,NA,IA,2024-05-26,NA,NA,NA,NA,NA,NA,NA,NA,NA,NA,NA,NA,NA,NA,NA,NA
513,0.707417851438951,0.4967630527435015,IA,2024-05-27,1,0,1,1,1,1,1,1,0,0,1,1,1,1,1,1
514,NA,NA,IA,2024-05-28,NA,NA,NA,NA,NA,NA,NA,NA,NA,NA,NA,NA,NA,NA,NA,NA
515,NA,NA,IA,2024-05-29,NA,NA,NA,NA,NA,NA,NA,NA,NA,NA,NA,NA,NA,NA,NA,NA
516,3.07993033058414,0.475738096405278,IA,2024-05-30,0,0,1,1,1,1,1,0,1,0,1,1,0,1,1,0
517,0.383906090449025,0.2694067906105455,IA,2024-05-31,1,1,1,1,1,1,1,1,0,1,1,1,1,1,1,0
518,NA,NA,IA,2024-06-01,NA,NA,NA,NA,NA,NA,NA,NA,NA,NA,NA,NA,NA,NA,NA,NA
519,0.455798216750146,0.337393113171731,IA,2024-06-02,1,1,1,1,1,1,1,1,0,1,1,1,1,1,1,0
520,0.976797853633285,0.44520461401042,IA,2024-06-03,0,1,1,1,1,1,1,1,0,0,1,1,0,1,1,0
521,NA,NA,IA,2024-06-04,NA,NA,NA,NA,NA,NA,NA,NA,NA,NA,NA,NA,NA,NA,NA,NA
522,0.747365707684624,0.5283177558168,IA,2024-06-05,1,1,1,1,0,1,1,1,1,0,1,1,0,1,1,1
523,0.536952876198682,0.379348574597391,IA,2024-06-06,1,1,1,1,1,1,1,1,1,1,1,1,1,1,1,1
524,NA,NA,IA,2024-06-07,NA,NA,NA,NA,NA,NA,NA,NA,NA,NA,NA,NA,NA,NA,NA,NA
525,NA,NA,IA,2024-06-08,NA,NA,NA,NA,NA,NA,NA,NA,NA,NA,NA,NA,NA,NA,NA,NA
526,NA,NA,IA,2024-06-09,NA,NA,NA,NA,NA,NA,NA,NA,NA,NA,NA,NA,NA,NA,NA,NA
527,1.34142165733576,0.358395550301153,IA,2024-06-10,1,0,1,1,1,1,1,1,0,0,1,0,0,1,1,0
528,0.584797856548656,0.42820705339748,IA,2024-06-11,1,1,1,1,1,1,1,0,0,1,1,1,1,1,1,0
529,0.62120316433805,0.4381191870728335,IA,2024-06-12,1,1,1,1,1,1,1,0,1,1,1,1,1,0,1,0
530,2.12159836250526,0.433598924440012,IA,2024-06-13,1,1,1,1,0,1,1,0,0,0,1,1,1,1,1,0
531,0.841531916557196,0.3220159176997105,IA,2024-06-14,1,1,1,1,1,1,1,1,0,1,1,0,1,1,1,0
532,0.680366242122314,0.3845940135523855,IA,2024-06-15,1,1,1,1,1,1,1,1,1,1,0,1,1,1,1,0
533,0.677645049901832,0.4890670420799525,IA,2024-06-16,1,1,1,1,1,1,1,0,0,1,1,1,1,1,1,0
534,1.85615660748324,0.423240794551232,IA,2024-06-17,1,0,1,1,0,1,1,1,0,1,1,0,0,1,1,1
535,1.12480402137089,0.36526021111497,IA,2024-06-18,0,1,1,1,1,1,1,1,0,1,0,0,1,1,1,1
536,0.545608032920446,0.395580186950689,IA,2024-06-19,0,1,1,1,1,1,1,1,1,1,1,1,1,1,1,1
537,0.748178310831588,0.3808369994749,IA,2024-06-20,1,1,1,1,1,1,1,0,0,0,1,0,1,1,1,0
538,0.63906907967667,0.4643065110323285,IA,2024-06-21,0,1,1,1,1,1,1,1,1,1,1,1,1,1,1,1
539,1.19441026584577,0.58766573538005,IA,2024-06-22,1,0,1,1,1,1,1,0,1,1,1,0,1,1,1,0
540,0.71934496094474,0.53903587446264,IA,2024-06-23,0,1,1,1,1,1,1,1,0,0,1,1,1,1,1,1
541,1.78569673908883,0.588364613623215,IA,2024-06-24,0,1,1,0,1,1,1,1,0,1,1,0,1,1,1,0
542,1.22910423154786,0.628065017761085,IA,2024-06-25,1,0,1,0,1,1,1,1,1,0,1,0,1,1,1,1
543,1.76004999668982,0.555396358595505,IA,2024-06-26,1,1,1,0,1,0,1,0,1,0,1,0,1,0,1,0
544,0.877497027042863,0.4011968903043525,IA,2024-06-27,1,1,1,1,1,1,1,0,1,1,1,0,1,1,1,0
545,0.921160519540117,0.714539305755165,IA,2024-06-28,0,1,1,1,1,1,1,1,0,1,1,1,0,1,1,1
546,NA,NA,IA,2024-06-29,NA,NA,NA,NA,NA,NA,NA,NA,NA,NA,NA,NA,NA,NA,NA,NA
547,NA,NA,ID,2024-05-19,NA,NA,NA,NA,NA,NA,NA,NA,NA,NA,NA,NA,NA,NA,NA,NA
548,NA,NA,ID,2024-05-20,NA,NA,NA,NA,NA,NA,NA,NA,NA,NA,NA,NA,NA,NA,NA,NA
549,NA,NA,ID,2024-05-21,NA,NA,NA,NA,NA,NA,NA,NA,NA,NA,NA,NA,NA,NA,NA,NA
550,NA,NA,ID,2024-05-22,NA,NA,NA,NA,NA,NA,NA,NA,NA,NA,NA,NA,NA,NA,NA,NA
551,NA,NA,ID,2024-05-23,NA,NA,NA,NA,NA,NA,NA,NA,NA,NA,NA,NA,NA,NA,NA,NA
552,NA,NA,ID,2024-05-24,NA,NA,NA,NA,NA,NA,NA,NA,NA,NA,NA,NA,NA,NA,NA,NA
553,NA,NA,ID,2024-05-25,NA,NA,NA,NA,NA,NA,NA,NA,NA,NA,NA,NA,NA,NA,NA,NA
554,NA,NA,ID,2024-05-26,NA,NA,NA,NA,NA,NA,NA,NA,NA,NA,NA,NA,NA,NA,NA,NA
555,NA,NA,ID,2024-05-27,NA,NA,NA,NA,NA,NA,NA,NA,NA,NA,NA,NA,NA,NA,NA,NA
556,NA,NA,ID,2024-05-28,NA,NA,NA,NA,NA,NA,NA,NA,NA,NA,NA,NA,NA,NA,NA,NA
557,NA,NA,ID,2024-05-29,NA,NA,NA,NA,NA,NA,NA,NA,NA,NA,NA,NA,NA,NA,NA,NA
558,NA,NA,ID,2024-05-30,NA,NA,NA,NA,NA,NA,NA,NA,NA,NA,NA,NA,NA,NA,NA,NA
559,NA,NA,ID,2024-05-31,NA,NA,NA,NA,NA,NA,NA,NA,NA,NA,NA,NA,NA,NA,NA,NA
560,NA,NA,ID,2024-06-01,NA,NA,NA,NA,NA,NA,NA,NA,NA,NA,NA,NA,NA,NA,NA,NA
561,NA,NA,ID,2024-06-02,NA,NA,NA,NA,NA,NA,NA,NA,NA,NA,NA,NA,NA,NA,NA,NA
562,NA,NA,ID,2024-06-03,NA,NA,NA,NA,NA,NA,NA,NA,NA,NA,NA,NA,NA,NA,NA,NA
563,NA,NA,ID,2024-06-04,NA,NA,NA,NA,NA,NA,NA,NA,NA,NA,NA,NA,NA,NA,NA,NA
564,NA,NA,ID,2024-06-05,NA,NA,NA,NA,NA,NA,NA,NA,NA,NA,NA,NA,NA,NA,NA,NA
565,NA,NA,ID,2024-06-06,NA,NA,NA,NA,NA,NA,NA,NA,NA,NA,NA,NA,NA,NA,NA,NA
566,NA,NA,ID,2024-06-07,NA,NA,NA,NA,NA,NA,NA,NA,NA,NA,NA,NA,NA,NA,NA,NA
567,NA,NA,ID,2024-06-08,NA,NA,NA,NA,NA,NA,NA,NA,NA,NA,NA,NA,NA,NA,NA,NA
568,NA,NA,ID,2024-06-09,NA,NA,NA,NA,NA,NA,NA,NA,NA,NA,NA,NA,NA,NA,NA,NA
569,NA,NA,ID,2024-06-10,NA,NA,NA,NA,NA,NA,NA,NA,NA,NA,NA,NA,NA,NA,NA,NA
570,NA,NA,ID,2024-06-11,NA,NA,NA,NA,NA,NA,NA,NA,NA,NA,NA,NA,NA,NA,NA,NA
571,NA,NA,ID,2024-06-12,NA,NA,NA,NA,NA,NA,NA,NA,NA,NA,NA,NA,NA,NA,NA,NA
572,NA,NA,ID,2024-06-13,NA,NA,NA,NA,NA,NA,NA,NA,NA,NA,NA,NA,NA,NA,NA,NA
573,NA,NA,ID,2024-06-14,NA,NA,NA,NA,NA,NA,NA,NA,NA,NA,NA,NA,NA,NA,NA,NA
574,NA,NA,ID,2024-06-15,NA,NA,NA,NA,NA,NA,NA,NA,NA,NA,NA,NA,NA,NA,NA,NA
575,NA,NA,ID,2024-06-16,NA,NA,NA,NA,NA,NA,NA,NA,NA,NA,NA,NA,NA,NA,NA,NA
576,NA,NA,ID,2024-06-17,NA,NA,NA,NA,NA,NA,NA,NA,NA,NA,NA,NA,NA,NA,NA,NA
577,NA,NA,ID,2024-06-18,NA,NA,NA,NA,NA,NA,NA,NA,NA,NA,NA,NA,NA,NA,NA,NA
578,NA,NA,ID,2024-06-19,NA,NA,NA,NA,NA,NA,NA,NA,NA,NA,NA,NA,NA,NA,NA,NA
579,NA,NA,ID,2024-06-20,NA,NA,NA,NA,NA,NA,NA,NA,NA,NA,NA,NA,NA,NA,NA,NA
580,NA,NA,ID,2024-06-21,NA,NA,NA,NA,NA,NA,NA,NA,NA,NA,NA,NA,NA,NA,NA,NA
581,NA,NA,ID,2024-06-22,NA,NA,NA,NA,NA,NA,NA,NA,NA,NA,NA,NA,NA,NA,NA,NA
582,NA,NA,ID,2024-06-23,NA,NA,NA,NA,NA,NA,NA,NA,NA,NA,NA,NA,NA,NA,NA,NA
583,NA,NA,ID,2024-06-24,NA,NA,NA,NA,NA,NA,NA,NA,NA,NA,NA,NA,NA,NA,NA,NA
584,NA,NA,ID,2024-06-25,NA,NA,NA,NA,NA,NA,NA,NA,NA,NA,NA,NA,NA,NA,NA,NA
585,NA,NA,ID,2024-06-26,NA,NA,NA,NA,NA,NA,NA,NA,NA,NA,NA,NA,NA,NA,NA,NA
586,NA,NA,ID,2024-06-27,NA,NA,NA,NA,NA,NA,NA,NA,NA,NA,NA,NA,NA,NA,NA,NA
587,NA,NA,ID,2024-06-28,NA,NA,NA,NA,NA,NA,NA,NA,NA,NA,NA,NA,NA,NA,NA,NA
588,NA,NA,ID,2024-06-29,NA,NA,NA,NA,NA,NA,NA,NA,NA,NA,NA,NA,NA,NA,NA,NA
589,0.720791025156933,0.3405664050246865,IL,2024-05-19,1,1,1,1,0,1,1,1,0,1,1,1,0,1,1,0
590,0.862516292087183,0.3636886958485235,IL,2024-05-20,1,1,1,1,1,1,1,1,0,0,1,1,1,1,1,0
591,0.716438169949745,0.3031300579955485,IL,2024-05-21,1,1,1,1,1,1,1,1,0,1,1,1,1,1,1,0
592,2.08166575544328,0.4206285862182785,IL,2024-05-22,0,1,1,1,0,1,0,1,0,1,0,1,0,1,0,0
593,0.560089767951883,0.3605098521401925,IL,2024-05-23,1,1,1,1,1,1,1,1,1,0,1,1,1,1,1,0
594,1.14860627611974,0.3836073555321715,IL,2024-05-24,1,1,1,1,1,1,1,0,0,0,0,1,1,1,1,0
595,1.41794497222066,0.4314369594436775,IL,2024-05-25,1,1,1,1,0,1,1,1,0,0,1,1,0,1,1,0
596,0.69875981478919,0.3416532152335435,IL,2024-05-26,1,1,1,1,1,1,1,1,0,1,1,1,1,1,1,0
597,2.50368547205154,0.497334055493141,IL,2024-05-27,0,1,1,1,0,1,1,1,1,0,1,1,0,1,1,0
598,1.1296108614323,0.410317727883412,IL,2024-05-28,1,1,0,1,1,1,1,1,0,1,0,1,0,1,1,0
599,0.665032625354205,0.2895555676393595,IL,2024-05-29,1,1,1,1,1,1,1,1,0,1,1,1,0,1,1,0
600,0.65210232656396,0.365348902610223,IL,2024-05-30,1,1,1,1,1,1,1,1,0,1,1,1,0,1,1,0
601,0.495972612880493,0.351417854611744,IL,2024-05-31,1,1,1,1,1,1,1,1,0,0,1,1,1,1,1,0
602,0.706104007043701,0.4002523842490515,IL,2024-06-01,1,1,1,1,1,1,1,1,0,1,1,1,0,1,1,1
603,1.09762449468148,0.337393113171731,IL,2024-06-02,1,1,1,1,1,1,1,0,0,1,0,1,1,1,1,0
604,1.06406399756354,0.4056530974075195,IL,2024-06-03,1,1,1,0,1,1,1,1,0,0,1,0,1,0,1,0
605,1.15796850039761,0.380188616530176,IL,2024-06-04,1,0,1,1,1,1,1,1,0,0,1,1,1,1,1,0
606,2.09876459620081,0.429900294661078,IL,2024-06-05,0,0,1,1,1,1,1,1,0,0,0,1,0,1,1,0
607,NA,NA,IL,2024-06-06,NA,NA,NA,NA,NA,NA,NA,NA,NA,NA,NA,NA,NA,NA,NA,NA
608,1.5462784688503,0.463273667429628,IL,2024-06-07,0,1,1,1,0,1,1,1,0,0,1,1,0,1,1,0
609,1.32495219781645,0.433310800289625,IL,2024-06-08,0,1,1,1,1,1,1,0,0,0,1,1,1,1,1,1
610,0.707571972375346,0.3884880656360195,IL,2024-06-09,1,1,1,1,1,1,1,1,0,1,1,1,1,1,1,0
611,1.79417796707967,0.3530748801243085,IL,2024-06-10,1,0,1,1,1,1,1,1,0,1,1,0,0,1,1,0
612,1.51270128137731,0.3577037179042905,IL,2024-06-11,1,1,1,1,1,1,1,0,1,0,0,1,0,1,1,0
613,0.817859728603244,0.354772728533389,IL,2024-06-12,1,1,1,1,1,1,1,1,1,1,1,1,0,1,1,0
614,2.0874990356887,0.3411951639575595,IL,2024-06-13,0,0,1,1,1,1,1,1,0,0,1,1,1,1,1,1
615,1.45264749542032,0.449916541108777,IL,2024-06-14,0,1,1,1,1,1,1,0,0,1,1,1,0,1,1,0
616,0.858710896736037,0.421634735937354,IL,2024-06-15,1,1,1,1,1,1,1,1,0,0,0,0,0,1,1,0
617,0.683457976759019,0.4890670420799525,IL,2024-06-16,1,1,1,1,1,1,1,0,0,1,1,1,1,1,1,0
618,2.28107860510616,0.4834189952114465,IL,2024-06-17,0,1,1,1,0,1,1,0,0,0,1,1,0,1,1,0
619,3.46201843930579,0.51319028083145,IL,2024-06-18,0,1,1,0,0,1,1,0,0,0,1,0,0,1,1,0
620,3.14597383812305,0.414503265385455,IL,2024-06-19,0,0,1,1,1,1,1,1,0,0,0,0,0,1,1,0
621,2.14065575295126,0.47837879239087,IL,2024-06-20,1,0,1,0,1,1,1,1,1,0,1,0,1,1,1,0
622,2.03659100381177,0.57426221212051,IL,2024-06-21,1,1,1,0,1,1,1,0,0,0,1,0,0,1,1,0
623,2.39480696234111,0.567103951945235,IL,2024-06-22,1,1,1,0,0,1,1,1,1,0,0,1,0,1,1,0
624,2.29740989268165,0.628863937104485,IL,2024-06-23,1,1,1,0,1,1,1,0,0,1,1,0,0,1,1,0
625,5.66619803521298,0.64082614127891,IL,2024-06-24,1,1,1,0,0,1,1,0,1,1,1,0,0,1,1,0
626,4.65079641199885,0.55685141332922,IL,2024-06-25,0,1,1,0,1,1,1,0,0,0,1,0,1,1,1,0
627,5.40647522692621,0.68813948857836,IL,2024-06-26,0,1,1,0,0,1,1,0,0,1,1,0,0,1,1,0
628,4.71465673246407,0.712729322268655,IL,2024-06-27,1,0,1,0,0,1,1,0,0,0,1,0,1,1,1,0
629,3.73999511915486,0.4913537636618495,IL,2024-06-28,1,1,1,0,1,1,1,0,0,1,1,0,0,1,1,0
630,4.85988831598067,0.779272735266135,IL,2024-06-29,1,0,1,0,1,1,1,0,0,0,1,0,1,0,1,0
631,NA,NA,IN,2024-05-19,NA,NA,NA,NA,NA,NA,NA,NA,NA,NA,NA,NA,NA,NA,NA,NA
632,0.794863965172497,0.55105240834761,IN,2024-05-20,1,0,1,1,1,1,1,1,0,0,1,1,1,1,1,1
633,NA,NA,IN,2024-05-21,NA,NA,NA,NA,NA,NA,NA,NA,NA,NA,NA,NA,NA,NA,NA,NA
634,NA,NA,IN,2024-05-22,NA,NA,NA,NA,NA,NA,NA,NA,NA,NA,NA,NA,NA,NA,NA,NA
635,NA,NA,IN,2024-05-23,NA,NA,NA,NA,NA,NA,NA,NA,NA,NA,NA,NA,NA,NA,NA,NA
636,NA,NA,IN,2024-05-24,NA,NA,NA,NA,NA,NA,NA,NA,NA,NA,NA,NA,NA,NA,NA,NA
637,NA,NA,IN,2024-05-25,NA,NA,NA,NA,NA,NA,NA,NA,NA,NA,NA,NA,NA,NA,NA,NA
638,NA,NA,IN,2024-05-26,NA,NA,NA,NA,NA,NA,NA,NA,NA,NA,NA,NA,NA,NA,NA,NA
639,NA,NA,IN,2024-05-27,NA,NA,NA,NA,NA,NA,NA,NA,NA,NA,NA,NA,NA,NA,NA,NA
640,NA,NA,IN,2024-05-28,NA,NA,NA,NA,NA,NA,NA,NA,NA,NA,NA,NA,NA,NA,NA,NA
641,NA,NA,IN,2024-05-29,NA,NA,NA,NA,NA,NA,NA,NA,NA,NA,NA,NA,NA,NA,NA,NA
642,NA,NA,IN,2024-05-30,NA,NA,NA,NA,NA,NA,NA,NA,NA,NA,NA,NA,NA,NA,NA,NA
643,NA,NA,IN,2024-05-31,NA,NA,NA,NA,NA,NA,NA,NA,NA,NA,NA,NA,NA,NA,NA,NA
644,NA,NA,IN,2024-06-01,NA,NA,NA,NA,NA,NA,NA,NA,NA,NA,NA,NA,NA,NA,NA,NA
645,NA,NA,IN,2024-06-02,NA,NA,NA,NA,NA,NA,NA,NA,NA,NA,NA,NA,NA,NA,NA,NA
646,NA,NA,IN,2024-06-03,NA,NA,NA,NA,NA,NA,NA,NA,NA,NA,NA,NA,NA,NA,NA,NA
647,0.363398438203718,0.2532877000126305,IN,2024-06-04,1,1,1,1,1,1,1,1,1,1,1,1,1,1,1,1
648,NA,NA,IN,2024-06-05,NA,NA,NA,NA,NA,NA,NA,NA,NA,NA,NA,NA,NA,NA,NA,NA
649,NA,NA,IN,2024-06-06,NA,NA,NA,NA,NA,NA,NA,NA,NA,NA,NA,NA,NA,NA,NA,NA
650,NA,NA,IN,2024-06-07,NA,NA,NA,NA,NA,NA,NA,NA,NA,NA,NA,NA,NA,NA,NA,NA
651,NA,NA,IN,2024-06-08,NA,NA,NA,NA,NA,NA,NA,NA,NA,NA,NA,NA,NA,NA,NA,NA
652,NA,NA,IN,2024-06-09,NA,NA,NA,NA,NA,NA,NA,NA,NA,NA,NA,NA,NA,NA,NA,NA
653,0.527602101153862,0.333951723705007,IN,2024-06-10,1,1,1,1,1,1,1,1,1,0,1,1,1,1,1,0
654,0.364537516616535,0.252993040355264,IN,2024-06-11,1,1,1,1,1,1,1,1,0,1,1,1,1,1,1,0
655,NA,NA,IN,2024-06-12,NA,NA,NA,NA,NA,NA,NA,NA,NA,NA,NA,NA,NA,NA,NA,NA
656,NA,NA,IN,2024-06-13,NA,NA,NA,NA,NA,NA,NA,NA,NA,NA,NA,NA,NA,NA,NA,NA
657,NA,NA,IN,2024-06-14,NA,NA,NA,NA,NA,NA,NA,NA,NA,NA,NA,NA,NA,NA,NA,NA
658,NA,NA,IN,2024-06-15,NA,NA,NA,NA,NA,NA,NA,NA,NA,NA,NA,NA,NA,NA,NA,NA
659,NA,NA,IN,2024-06-16,NA,NA,NA,NA,NA,NA,NA,NA,NA,NA,NA,NA,NA,NA,NA,NA
660,NA,NA,IN,2024-06-17,NA,NA,NA,NA,NA,NA,NA,NA,NA,NA,NA,NA,NA,NA,NA,NA
661,NA,NA,IN,2024-06-18,NA,NA,NA,NA,NA,NA,NA,NA,NA,NA,NA,NA,NA,NA,NA,NA
662,NA,NA,IN,2024-06-19,NA,NA,NA,NA,NA,NA,NA,NA,NA,NA,NA,NA,NA,NA,NA,NA
663,NA,NA,IN,2024-06-20,NA,NA,NA,NA,NA,NA,NA,NA,NA,NA,NA,NA,NA,NA,NA,NA
664,NA,NA,IN,2024-06-21,NA,NA,NA,NA,NA,NA,NA,NA,NA,NA,NA,NA,NA,NA,NA,NA
665,NA,NA,IN,2024-06-22,NA,NA,NA,NA,NA,NA,NA,NA,NA,NA,NA,NA,NA,NA,NA,NA
666,NA,NA,IN,2024-06-23,NA,NA,NA,NA,NA,NA,NA,NA,NA,NA,NA,NA,NA,NA,NA,NA
667,0.821993361355142,0.611813379346865,IN,2024-06-24,1,0,1,1,1,1,1,1,1,0,1,1,1,1,1,0
668,NA,NA,IN,2024-06-25,NA,NA,NA,NA,NA,NA,NA,NA,NA,NA,NA,NA,NA,NA,NA,NA
669,NA,NA,IN,2024-06-26,NA,NA,NA,NA,NA,NA,NA,NA,NA,NA,NA,NA,NA,NA,NA,NA
670,NA,NA,IN,2024-06-27,NA,NA,NA,NA,NA,NA,NA,NA,NA,NA,NA,NA,NA,NA,NA,NA
671,NA,NA,IN,2024-06-28,NA,NA,NA,NA,NA,NA,NA,NA,NA,NA,NA,NA,NA,NA,NA,NA
672,NA,NA,IN,2024-06-29,NA,NA,NA,NA,NA,NA,NA,NA,NA,NA,NA,NA,NA,NA,NA,NA
673,NA,NA,KS,2024-05-19,NA,NA,NA,NA,NA,NA,NA,NA,NA,NA,NA,NA,NA,NA,NA,NA
674,0.271095632220611,0.200411343021725,KS,2024-05-20,1,1,1,1,1,1,1,1,1,0,1,1,1,1,1,0
675,0.285931694152537,0.2102176277410545,KS,2024-05-21,1,1,1,1,1,1,1,1,1,1,1,1,1,1,1,1
676,NA,NA,KS,2024-05-22,NA,NA,NA,NA,NA,NA,NA,NA,NA,NA,NA,NA,NA,NA,NA,NA
677,NA,NA,KS,2024-05-23,NA,NA,NA,NA,NA,NA,NA,NA,NA,NA,NA,NA,NA,NA,NA,NA
678,NA,NA,KS,2024-05-24,NA,NA,NA,NA,NA,NA,NA,NA,NA,NA,NA,NA,NA,NA,NA,NA
679,NA,NA,KS,2024-05-25,NA,NA,NA,NA,NA,NA,NA,NA,NA,NA,NA,NA,NA,NA,NA,NA
680,NA,NA,KS,2024-05-26,NA,NA,NA,NA,NA,NA,NA,NA,NA,NA,NA,NA,NA,NA,NA,NA
681,NA,NA,KS,2024-05-27,NA,NA,NA,NA,NA,NA,NA,NA,NA,NA,NA,NA,NA,NA,NA,NA
682,NA,NA,KS,2024-05-28,NA,NA,NA,NA,NA,NA,NA,NA,NA,NA,NA,NA,NA,NA,NA,NA
683,NA,NA,KS,2024-05-29,NA,NA,NA,NA,NA,NA,NA,NA,NA,NA,NA,NA,NA,NA,NA,NA
684,NA,NA,KS,2024-05-30,NA,NA,NA,NA,NA,NA,NA,NA,NA,NA,NA,NA,NA,NA,NA,NA
685,NA,NA,KS,2024-05-31,NA,NA,NA,NA,NA,NA,NA,NA,NA,NA,NA,NA,NA,NA,NA,NA
686,NA,NA,KS,2024-06-01,NA,NA,NA,NA,NA,NA,NA,NA,NA,NA,NA,NA,NA,NA,NA,NA
687,NA,NA,KS,2024-06-02,NA,NA,NA,NA,NA,NA,NA,NA,NA,NA,NA,NA,NA,NA,NA,NA
688,NA,NA,KS,2024-06-03,NA,NA,NA,NA,NA,NA,NA,NA,NA,NA,NA,NA,NA,NA,NA,NA
689,NA,NA,KS,2024-06-04,NA,NA,NA,NA,NA,NA,NA,NA,NA,NA,NA,NA,NA,NA,NA,NA
690,NA,NA,KS,2024-06-05,NA,NA,NA,NA,NA,NA,NA,NA,NA,NA,NA,NA,NA,NA,NA,NA
691,NA,NA,KS,2024-06-06,NA,NA,NA,NA,NA,NA,NA,NA,NA,NA,NA,NA,NA,NA,NA,NA
692,NA,NA,KS,2024-06-07,NA,NA,NA,NA,NA,NA,NA,NA,NA,NA,NA,NA,NA,NA,NA,NA
693,NA,NA,KS,2024-06-08,NA,NA,NA,NA,NA,NA,NA,NA,NA,NA,NA,NA,NA,NA,NA,NA
694,NA,NA,KS,2024-06-09,NA,NA,NA,NA,NA,NA,NA,NA,NA,NA,NA,NA,NA,NA,NA,NA
695,NA,NA,KS,2024-06-10,NA,NA,NA,NA,NA,NA,NA,NA,NA,NA,NA,NA,NA,NA,NA,NA
696,0.599057244629444,0.42820705339748,KS,2024-06-11,1,1,1,1,1,1,1,0,0,1,1,1,1,1,1,0
697,NA,NA,KS,2024-06-12,NA,NA,NA,NA,NA,NA,NA,NA,NA,NA,NA,NA,NA,NA,NA,NA
698,NA,NA,KS,2024-06-13,NA,NA,NA,NA,NA,NA,NA,NA,NA,NA,NA,NA,NA,NA,NA,NA
699,0.690396787313501,0.4934983622164495,KS,2024-06-14,1,1,1,1,0,1,1,1,1,1,1,1,0,1,1,0
700,NA,NA,KS,2024-06-15,NA,NA,NA,NA,NA,NA,NA,NA,NA,NA,NA,NA,NA,NA,NA,NA
701,NA,NA,KS,2024-06-16,NA,NA,NA,NA,NA,NA,NA,NA,NA,NA,NA,NA,NA,NA,NA,NA
702,1.48442895168797,0.50990319161931,KS,2024-06-17,1,1,1,1,0,1,1,1,1,1,1,0,0,1,1,1
703,NA,NA,KS,2024-06-18,NA,NA,NA,NA,NA,NA,NA,NA,NA,NA,NA,NA,NA,NA,NA,NA
704,NA,NA,KS,2024-06-19,NA,NA,NA,NA,NA,NA,NA,NA,NA,NA,NA,NA,NA,NA,NA,NA
705,NA,NA,KS,2024-06-20,NA,NA,NA,NA,NA,NA,NA,NA,NA,NA,NA,NA,NA,NA,NA,NA
706,NA,NA,KS,2024-06-21,NA,NA,NA,NA,NA,NA,NA,NA,NA,NA,NA,NA,NA,NA,NA,NA
707,NA,NA,KS,2024-06-22,NA,NA,NA,NA,NA,NA,NA,NA,NA,NA,NA,NA,NA,NA,NA,NA
708,NA,NA,KS,2024-06-23,NA,NA,NA,NA,NA,NA,NA,NA,NA,NA,NA,NA,NA,NA,NA,NA
709,NA,NA,KS,2024-06-24,NA,NA,NA,NA,NA,NA,NA,NA,NA,NA,NA,NA,NA,NA,NA,NA
710,NA,NA,KS,2024-06-25,NA,NA,NA,NA,NA,NA,NA,NA,NA,NA,NA,NA,NA,NA,NA,NA
711,NA,NA,KS,2024-06-26,NA,NA,NA,NA,NA,NA,NA,NA,NA,NA,NA,NA,NA,NA,NA,NA
712,NA,NA,KS,2024-06-27,NA,NA,NA,NA,NA,NA,NA,NA,NA,NA,NA,NA,NA,NA,NA,NA
713,NA,NA,KS,2024-06-28,NA,NA,NA,NA,NA,NA,NA,NA,NA,NA,NA,NA,NA,NA,NA,NA
714,NA,NA,KS,2024-06-29,NA,NA,NA,NA,NA,NA,NA,NA,NA,NA,NA,NA,NA,NA,NA,NA
715,NA,NA,KY,2024-05-19,NA,NA,NA,NA,NA,NA,NA,NA,NA,NA,NA,NA,NA,NA,NA,NA
716,NA,NA,KY,2024-05-20,NA,NA,NA,NA,NA,NA,NA,NA,NA,NA,NA,NA,NA,NA,NA,NA
717,NA,NA,KY,2024-05-21,NA,NA,NA,NA,NA,NA,NA,NA,NA,NA,NA,NA,NA,NA,NA,NA
718,NA,NA,KY,2024-05-22,NA,NA,NA,NA,NA,NA,NA,NA,NA,NA,NA,NA,NA,NA,NA,NA
719,NA,NA,KY,2024-05-23,NA,NA,NA,NA,NA,NA,NA,NA,NA,NA,NA,NA,NA,NA,NA,NA
720,NA,NA,KY,2024-05-24,NA,NA,NA,NA,NA,NA,NA,NA,NA,NA,NA,NA,NA,NA,NA,NA
721,NA,NA,KY,2024-05-25,NA,NA,NA,NA,NA,NA,NA,NA,NA,NA,NA,NA,NA,NA,NA,NA
722,NA,NA,KY,2024-05-26,NA,NA,NA,NA,NA,NA,NA,NA,NA,NA,NA,NA,NA,NA,NA,NA
723,NA,NA,KY,2024-05-27,NA,NA,NA,NA,NA,NA,NA,NA,NA,NA,NA,NA,NA,NA,NA,NA
724,NA,NA,KY,2024-05-28,NA,NA,NA,NA,NA,NA,NA,NA,NA,NA,NA,NA,NA,NA,NA,NA
725,NA,NA,KY,2024-05-29,NA,NA,NA,NA,NA,NA,NA,NA,NA,NA,NA,NA,NA,NA,NA,NA
726,NA,NA,KY,2024-05-30,NA,NA,NA,NA,NA,NA,NA,NA,NA,NA,NA,NA,NA,NA,NA,NA
727,NA,NA,KY,2024-05-31,NA,NA,NA,NA,NA,NA,NA,NA,NA,NA,NA,NA,NA,NA,NA,NA
728,NA,NA,KY,2024-06-01,NA,NA,NA,NA,NA,NA,NA,NA,NA,NA,NA,NA,NA,NA,NA,NA
729,NA,NA,KY,2024-06-02,NA,NA,NA,NA,NA,NA,NA,NA,NA,NA,NA,NA,NA,NA,NA,NA
730,NA,NA,KY,2024-06-03,NA,NA,NA,NA,NA,NA,NA,NA,NA,NA,NA,NA,NA,NA,NA,NA
731,NA,NA,KY,2024-06-04,NA,NA,NA,NA,NA,NA,NA,NA,NA,NA,NA,NA,NA,NA,NA,NA
732,NA,NA,KY,2024-06-05,NA,NA,NA,NA,NA,NA,NA,NA,NA,NA,NA,NA,NA,NA,NA,NA
733,NA,NA,KY,2024-06-06,NA,NA,NA,NA,NA,NA,NA,NA,NA,NA,NA,NA,NA,NA,NA,NA
734,NA,NA,KY,2024-06-07,NA,NA,NA,NA,NA,NA,NA,NA,NA,NA,NA,NA,NA,NA,NA,NA
735,NA,NA,KY,2024-06-08,NA,NA,NA,NA,NA,NA,NA,NA,NA,NA,NA,NA,NA,NA,NA,NA
736,NA,NA,KY,2024-06-09,NA,NA,NA,NA,NA,NA,NA,NA,NA,NA,NA,NA,NA,NA,NA,NA
737,NA,NA,KY,2024-06-10,NA,NA,NA,NA,NA,NA,NA,NA,NA,NA,NA,NA,NA,NA,NA,NA
738,NA,NA,KY,2024-06-11,NA,NA,NA,NA,NA,NA,NA,NA,NA,NA,NA,NA,NA,NA,NA,NA
739,NA,NA,KY,2024-06-12,NA,NA,NA,NA,NA,NA,NA,NA,NA,NA,NA,NA,NA,NA,NA,NA
740,NA,NA,KY,2024-06-13,NA,NA,NA,NA,NA,NA,NA,NA,NA,NA,NA,NA,NA,NA,NA,NA
741,NA,NA,KY,2024-06-14,NA,NA,NA,NA,NA,NA,NA,NA,NA,NA,NA,NA,NA,NA,NA,NA
742,NA,NA,KY,2024-06-15,NA,NA,NA,NA,NA,NA,NA,NA,NA,NA,NA,NA,NA,NA,NA,NA
743,NA,NA,KY,2024-06-16,NA,NA,NA,NA,NA,NA,NA,NA,NA,NA,NA,NA,NA,NA,NA,NA
744,0.715575148584637,0.50990319161931,KY,2024-06-17,1,1,1,1,0,1,1,1,1,1,1,0,0,1,1,1
745,NA,NA,KY,2024-06-18,NA,NA,NA,NA,NA,NA,NA,NA,NA,NA,NA,NA,NA,NA,NA,NA
746,NA,NA,KY,2024-06-19,NA,NA,NA,NA,NA,NA,NA,NA,NA,NA,NA,NA,NA,NA,NA,NA
747,NA,NA,KY,2024-06-20,NA,NA,NA,NA,NA,NA,NA,NA,NA,NA,NA,NA,NA,NA,NA,NA
748,NA,NA,KY,2024-06-21,NA,NA,NA,NA,NA,NA,NA,NA,NA,NA,NA,NA,NA,NA,NA,NA
749,NA,NA,KY,2024-06-22,NA,NA,NA,NA,NA,NA,NA,NA,NA,NA,NA,NA,NA,NA,NA,NA
750,NA,NA,KY,2024-06-23,NA,NA,NA,NA,NA,NA,NA,NA,NA,NA,NA,NA,NA,NA,NA,NA
751,NA,NA,KY,2024-06-24,NA,NA,NA,NA,NA,NA,NA,NA,NA,NA,NA,NA,NA,NA,NA,NA
752,NA,NA,KY,2024-06-25,NA,NA,NA,NA,NA,NA,NA,NA,NA,NA,NA,NA,NA,NA,NA,NA
753,NA,NA,KY,2024-06-26,NA,NA,NA,NA,NA,NA,NA,NA,NA,NA,NA,NA,NA,NA,NA,NA
754,NA,NA,KY,2024-06-27,NA,NA,NA,NA,NA,NA,NA,NA,NA,NA,NA,NA,NA,NA,NA,NA
755,NA,NA,KY,2024-06-28,NA,NA,NA,NA,NA,NA,NA,NA,NA,NA,NA,NA,NA,NA,NA,NA
756,NA,NA,KY,2024-06-29,NA,NA,NA,NA,NA,NA,NA,NA,NA,NA,NA,NA,NA,NA,NA,NA
757,NA,NA,LA,2024-05-19,NA,NA,NA,NA,NA,NA,NA,NA,NA,NA,NA,NA,NA,NA,NA,NA
758,1.19726526172218,0.200411343021725,LA,2024-05-20,1,1,1,1,1,1,1,0,1,0,1,1,0,1,1,0
759,1.2293589687143,0.574757506792415,LA,2024-05-21,1,0,1,1,0,1,1,1,0,0,1,1,1,1,1,1
760,1.20533281996393,0.4894677164389285,LA,2024-05-22,1,1,1,1,0,1,1,0,0,0,1,1,0,0,1,1
761,0.50933304721988,0.2616703758791085,LA,2024-05-23,1,1,1,1,1,1,1,1,0,1,1,1,1,1,1,0
762,0.447661765250885,0.315830640229203,LA,2024-05-24,1,1,1,1,1,1,1,1,0,1,1,1,0,1,1,1
763,NA,NA,LA,2024-05-25,NA,NA,NA,NA,NA,NA,NA,NA,NA,NA,NA,NA,NA,NA,NA,NA
764,0.516288223225724,0.355421523029784,LA,2024-05-26,1,1,1,1,1,1,1,1,0,0,1,1,1,1,1,0
765,NA,NA,LA,2024-05-27,NA,NA,NA,NA,NA,NA,NA,NA,NA,NA,NA,NA,NA,NA,NA,NA
766,0.394928018390213,0.283308924218472,LA,2024-05-28,1,1,1,1,1,1,1,1,0,1,1,1,1,1,1,0
767,0.968611836862953,0.294128734381439,LA,2024-05-29,1,1,1,1,1,1,1,0,1,0,1,1,1,1,1,0
768,1.03932013805838,0.361894425714141,LA,2024-05-30,1,1,1,1,1,1,1,1,0,1,1,1,1,0,1,0
769,0.665518408856567,0.4690314698139945,LA,2024-05-31,1,0,1,1,1,1,1,1,1,0,1,1,1,1,1,0
770,NA,NA,LA,2024-06-01,NA,NA,NA,NA,NA,NA,NA,NA,NA,NA,NA,NA,NA,NA,NA,NA
771,0.365367815421167,0.260323769554245,LA,2024-06-02,1,1,1,1,1,1,1,1,0,1,1,1,1,1,1,0
772,NA,NA,LA,2024-06-03,NA,NA,NA,NA,NA,NA,NA,NA,NA,NA,NA,NA,NA,NA,NA,NA
773,1.80840390195882,0.358645945950433,LA,2024-06-04,0,1,1,1,1,1,1,0,0,0,1,1,1,1,1,0
774,1.42778936476885,0.4357490814263325,LA,2024-06-05,1,1,1,1,0,1,1,1,1,1,1,1,0,1,1,0
775,0.729670392463804,0.4055718475697895,LA,2024-06-06,1,1,1,1,1,1,1,1,1,0,1,1,0,1,1,1
776,0.715274550542879,0.3830082565682855,LA,2024-06-07,1,1,1,1,0,1,1,1,0,1,1,1,1,1,1,0
777,0.70991961692143,0.380354906063413,LA,2024-06-08,1,1,1,1,0,1,1,1,1,0,1,1,0,1,1,1
778,0.72499471594139,0.509080817586355,LA,2024-06-09,1,1,1,1,0,1,1,1,0,1,1,1,0,1,1,1
779,1.28167970570936,0.4185918541685225,LA,2024-06-10,1,1,1,1,1,1,1,0,1,0,1,0,1,1,1,0
780,1.25458529012082,0.379249245314503,LA,2024-06-11,1,1,1,0,1,1,1,1,1,0,1,0,1,1,1,0
781,2.37977035272117,0.403049919475325,LA,2024-06-12,0,1,1,1,1,1,1,0,0,0,1,0,1,1,1,0
782,3.26790321791481,0.4236071747173065,LA,2024-06-13,0,0,1,1,1,1,1,1,1,0,1,0,0,1,1,0
783,1.88842770881278,0.412397744437177,LA,2024-06-14,1,1,1,1,1,1,1,0,0,1,1,1,1,1,1,0
784,NA,NA,LA,2024-06-15,NA,NA,NA,NA,NA,NA,NA,NA,NA,NA,NA,NA,NA,NA,NA,NA
785,0.892524650517724,0.4610379585770425,LA,2024-06-16,1,1,1,1,0,1,1,1,1,1,1,1,0,1,1,0
786,1.03346336617794,0.370135905626848,LA,2024-06-17,0,1,1,1,1,1,1,1,0,1,1,1,0,1,1,0
787,2.27463358470692,0.4861412770053965,LA,2024-06-18,1,1,1,0,1,1,1,0,0,1,1,0,1,1,1,0
788,1.94025976313816,0.4867978320734225,LA,2024-06-19,1,0,1,0,1,1,1,0,1,0,1,0,0,1,1,0
789,0.765967753396558,0.391958232337941,LA,2024-06-20,1,1,1,1,0,1,1,1,1,1,1,0,0,1,1,1
790,1.20519750451495,0.5218822366578,LA,2024-06-21,1,1,1,1,0,1,1,1,1,0,1,0,0,1,1,0
791,1.8097697161106,0.575301514665045,LA,2024-06-22,1,0,1,0,1,1,1,0,0,0,1,0,1,1,1,0
792,1.46655699017595,0.59074352058846,LA,2024-06-23,1,1,1,0,1,1,1,0,1,1,1,1,1,1,1,1
793,1.98373556450267,0.63452185797383,LA,2024-06-24,1,0,1,0,1,1,1,0,1,0,1,0,1,1,1,0
794,1.94134648119103,0.53150046473944,LA,2024-06-25,1,1,1,1,1,1,1,0,0,0,0,1,1,1,1,0
795,3.54790415973657,0.603908508104225,LA,2024-06-26,1,0,1,0,0,1,1,0,1,0,1,0,0,1,1,0
796,10.6240417346948,0.727221502127305,LA,2024-06-27,1,1,1,0,0,1,1,0,0,0,1,0,0,1,1,0
797,1.44205441996458,0.722259425893445,LA,2024-06-28,0,0,1,0,1,1,1,1,1,0,1,0,1,1,1,1
798,1.57960786420014,0.769989826426775,LA,2024-06-29,1,0,1,0,0,1,1,1,1,0,1,0,0,1,1,0
799,NA,NA,MA,2024-05-19,NA,NA,NA,NA,NA,NA,NA,NA,NA,NA,NA,NA,NA,NA,NA,NA
800,1.29024751291605,0.3035097448604175,MA,2024-05-20,0,1,1,1,0,1,1,1,1,0,1,1,0,1,1,1
801,NA,NA,MA,2024-05-21,NA,NA,NA,NA,NA,NA,NA,NA,NA,NA,NA,NA,NA,NA,NA,NA
802,1.01713074336762,0.4875369115503345,MA,2024-05-22,1,1,1,1,1,0,1,1,1,1,1,1,1,1,1,1
803,0.465701487597593,0.324198000063333,MA,2024-05-23,1,1,1,1,1,1,1,1,0,0,1,1,1,1,1,1
804,0.336047943831701,0.240751430995354,MA,2024-05-24,1,1,1,1,1,1,1,1,0,1,1,1,1,1,1,0
805,NA,NA,MA,2024-05-25,NA,NA,NA,NA,NA,NA,NA,NA,NA,NA,NA,NA,NA,NA,NA,NA
806,NA,NA,MA,2024-05-26,NA,NA,NA,NA,NA,NA,NA,NA,NA,NA,NA,NA,NA,NA,NA,NA
807,NA,NA,MA,2024-05-27,NA,NA,NA,NA,NA,NA,NA,NA,NA,NA,NA,NA,NA,NA,NA,NA
808,0.840978645493161,0.426909478888808,MA,2024-05-28,1,1,1,1,0,1,1,1,0,1,1,1,1,1,1,0
809,0.704900607864395,0.482594240997796,MA,2024-05-29,1,0,1,1,1,1,1,1,1,0,1,1,1,1,1,0
810,0.425610145319379,0.304972590368573,MA,2024-05-30,1,1,1,1,1,1,1,1,0,1,1,1,1,1,1,0
811,0.795115856516789,0.410771167414007,MA,2024-05-31,1,1,1,1,0,1,1,1,0,1,1,1,1,1,1,0
812,NA,NA,MA,2024-06-01,NA,NA,NA,NA,NA,NA,NA,NA,NA,NA,NA,NA,NA,NA,NA,NA
813,NA,NA,MA,2024-06-02,NA,NA,NA,NA,NA,NA,NA,NA,NA,NA,NA,NA,NA,NA,NA,NA
814,0.483188252478506,0.3480741632882495,MA,2024-06-03,1,1,1,1,1,1,1,1,0,1,1,1,1,1,1,0
815,0.356955238775417,0.2532877000126305,MA,2024-06-04,1,1,1,1,1,1,1,1,1,1,1,1,1,1,1,1
816,NA,NA,MA,2024-06-05,NA,NA,NA,NA,NA,NA,NA,NA,NA,NA,NA,NA,NA,NA,NA,NA
817,NA,NA,MA,2024-06-06,NA,NA,NA,NA,NA,NA,NA,NA,NA,NA,NA,NA,NA,NA,NA,NA
818,0.9415502898907,0.4724481553311395,MA,2024-06-07,1,1,1,1,0,1,1,1,0,0,1,1,0,1,1,0
819,NA,NA,MA,2024-06-08,NA,NA,NA,NA,NA,NA,NA,NA,NA,NA,NA,NA,NA,NA,NA,NA
820,NA,NA,MA,2024-06-09,NA,NA,NA,NA,NA,NA,NA,NA,NA,NA,NA,NA,NA,NA,NA,NA
821,1.59620833772446,0.55395436203908,MA,2024-06-10,1,1,1,0,1,1,1,1,0,1,1,0,1,1,1,0
822,0.520869641407058,0.330173690243103,MA,2024-06-11,1,1,1,1,1,1,1,1,1,0,0,1,1,1,1,1
823,0.922537350707825,0.467197511815514,MA,2024-06-12,1,1,1,1,0,1,1,1,0,1,1,1,0,1,1,1
824,1.34262457940231,0.4339842798612995,MA,2024-06-13,1,1,1,1,1,1,1,0,0,0,1,1,1,1,1,0
825,1.00764902433176,0.45354074693653,MA,2024-06-14,1,1,1,1,1,1,1,1,0,0,1,1,0,1,1,0
826,NA,NA,MA,2024-06-15,NA,NA,NA,NA,NA,NA,NA,NA,NA,NA,NA,NA,NA,NA,NA,NA
827,0.438015004609243,0.3149466655093415,MA,2024-06-16,1,1,1,1,1,1,1,1,1,1,1,1,1,1,1,1
828,0.926715049587394,0.471868816225509,MA,2024-06-17,1,1,1,1,0,1,1,1,1,1,1,0,0,1,1,1
829,0.956623998154276,0.4864425010698315,MA,2024-06-18,1,1,1,1,0,1,1,1,0,1,1,1,0,1,1,1
830,NA,NA,MA,2024-06-19,NA,NA,NA,NA,NA,NA,NA,NA,NA,NA,NA,NA,NA,NA,NA,NA
831,1.83466265153525,0.532674069668635,MA,2024-06-20,1,1,1,0,1,1,1,0,0,0,1,0,0,1,1,0
832,0.802797165842665,0.579687864597,MA,2024-06-21,1,1,1,1,0,1,1,1,1,0,1,1,0,1,1,1
833,NA,NA,MA,2024-06-22,NA,NA,NA,NA,NA,NA,NA,NA,NA,NA,NA,NA,NA,NA,NA,NA
834,NA,NA,MA,2024-06-23,NA,NA,NA,NA,NA,NA,NA,NA,NA,NA,NA,NA,NA,NA,NA,NA
835,1.16486369536732,0.47419426706163,MA,2024-06-24,1,1,1,1,0,1,1,0,1,0,1,0,0,1,1,0
836,0.857034575304752,0.64267550757543,MA,2024-06-25,1,0,1,1,1,1,1,1,1,1,1,1,1,1,1,1
837,0.895301384119796,0.672914112556105,MA,2024-06-26,1,0,1,1,1,1,1,1,1,0,1,0,1,1,1,1
838,1.93049906524615,0.457501239861212,MA,2024-06-27,1,1,1,1,1,1,1,0,0,0,1,0,0,1,1,0
839,3.43262769401669,0.747882139766335,MA,2024-06-28,1,0,1,0,1,1,1,0,0,0,1,0,1,1,1,0
840,1.06387521651375,0.80477788431381,MA,2024-06-29,1,1,1,1,1,1,1,0,1,1,1,0,1,1,1,0
841,NA,NA,MD,2024-05-19,NA,NA,NA,NA,NA,NA,NA,NA,NA,NA,NA,NA,NA,NA,NA,NA
842,0.31685228247515,0.276028429517052,MD,2024-05-20,1,1,1,1,1,1,1,1,0,0,1,1,1,1,1,1
843,0.726380516058275,0.3863254888985815,MD,2024-05-21,1,1,1,1,0,1,1,1,1,1,1,1,0,1,1,0
844,1.40017047446416,0.429962134884602,MD,2024-05-22,1,0,1,1,1,1,1,1,0,0,1,1,1,1,1,0
845,0.899822643653076,0.32924604004808,MD,2024-05-23,1,1,1,1,1,1,1,1,1,0,1,1,1,1,1,0
846,1.41862227598572,0.3799561085667315,MD,2024-05-24,0,0,1,1,1,1,1,1,1,0,0,1,0,1,1,1
847,0.859863579018823,0.251236121280842,MD,2024-05-25,1,1,1,1,1,1,1,0,0,1,1,1,0,1,1,0
848,0.719689435068985,0.504077237845225,MD,2024-05-26,1,0,1,1,1,1,1,1,1,1,1,1,1,1,1,1
849,NA,NA,MD,2024-05-27,NA,NA,NA,NA,NA,NA,NA,NA,NA,NA,NA,NA,NA,NA,NA,NA
850,NA,NA,MD,2024-05-28,NA,NA,NA,NA,NA,NA,NA,NA,NA,NA,NA,NA,NA,NA,NA,NA
851,NA,NA,MD,2024-05-29,NA,NA,NA,NA,NA,NA,NA,NA,NA,NA,NA,NA,NA,NA,NA,NA
852,0.670753756743282,0.475738096405278,MD,2024-05-30,1,0,1,1,1,1,1,1,1,1,1,1,1,1,1,1
853,0.376164367685962,0.292611047010619,MD,2024-05-31,1,1,1,1,1,1,1,1,0,0,1,1,1,1,1,0
854,0.671662629375701,0.46247137739437,MD,2024-06-01,1,0,1,1,1,1,1,1,1,0,1,1,1,1,1,0
855,0.472945570320423,0.337393113171731,MD,2024-06-02,1,1,1,1,1,1,1,1,1,1,1,1,1,1,1,1
856,1.11805923219128,0.3480741632882495,MD,2024-06-03,1,1,1,1,1,1,1,0,0,0,1,1,1,1,1,0
857,NA,NA,MD,2024-06-04,NA,NA,NA,NA,NA,NA,NA,NA,NA,NA,NA,NA,NA,NA,NA,NA
858,1.16684176092476,0.391933737062099,MD,2024-06-05,0,1,1,1,1,1,1,0,0,0,1,1,1,1,1,0
859,0.499390420978032,0.3532374318435805,MD,2024-06-06,1,1,1,1,1,1,1,1,1,1,1,1,1,1,1,1
860,1.21673843628317,0.401661754044828,MD,2024-06-07,0,1,1,1,1,1,1,0,1,0,0,1,1,1,1,0
861,0.760443772022377,0.4100023824935635,MD,2024-06-08,1,1,1,1,1,1,1,1,1,1,1,0,1,1,1,0
862,1.08174246281634,0.331489234103819,MD,2024-06-09,1,0,1,1,1,1,1,1,0,0,1,1,0,1,1,0
863,1.64274524969102,0.283167645426898,MD,2024-06-10,0,1,1,1,1,1,1,1,0,0,1,1,0,1,1,1
864,1.05427909608995,0.517244978182,MD,2024-06-11,1,1,1,1,1,0,1,1,0,1,1,1,1,0,1,1
865,1.97779704080606,0.404976766165507,MD,2024-06-12,1,0,1,1,1,1,1,1,0,0,1,0,1,1,1,1
866,0.781154740402912,0.4034211094777885,MD,2024-06-13,1,1,1,1,1,1,1,1,1,0,1,1,0,1,1,1
867,NA,NA,MD,2024-06-14,NA,NA,NA,NA,NA,NA,NA,NA,NA,NA,NA,NA,NA,NA,NA,NA
868,0.859504806228656,0.421634735937354,MD,2024-06-15,1,1,1,1,1,1,1,1,0,1,1,1,0,1,1,1
869,1.5917688210102101,0.497073517407208,MD,2024-06-16,1,1,1,1,0,1,1,1,0,0,1,0,0,1,1,0
870,1.47243131121175,0.50651935318332,MD,2024-06-17,1,1,1,1,1,1,1,0,1,0,1,0,1,1,1,0
871,0.937638357587908,0.446048404418211,MD,2024-06-18,1,1,1,1,1,1,1,1,0,1,1,0,0,1,1,1
872,2.33496184299734,0.510027690533225,MD,2024-06-19,1,1,1,1,1,1,1,0,0,0,1,0,1,1,1,0
873,0.787664812069426,0.57216519353684,MD,2024-06-20,1,1,1,1,1,1,1,0,1,1,1,1,1,1,1,1
874,0.831753061253588,0.597854324770485,MD,2024-06-21,1,1,1,1,1,1,1,0,1,0,1,1,1,1,1,0
875,0.853189272034601,0.624758397525065,MD,2024-06-22,1,1,1,1,1,1,1,0,1,0,1,1,1,1,1,0
876,0.828130200764792,0.288282021790861,MD,2024-06-23,1,1,1,1,1,1,1,0,0,1,1,0,0,1,1,0
877,2.18412750394313,0.51992520102894,MD,2024-06-24,1,0,1,0,1,1,1,1,1,0,1,0,0,1,1,1
878,1.68337777809616,0.6544199342509,MD,2024-06-25,1,1,1,0,1,1,1,0,0,1,1,1,0,1,1,1
879,3.29238321889382,0.59013378855026,MD,2024-06-26,1,0,1,0,1,1,1,0,0,0,1,0,1,1,1,0
880,3.24717067025137,0.716967888572335,MD,2024-06-27,0,1,1,0,1,1,1,0,0,0,1,0,1,1,1,0
881,3.82189897818311,0.767533381220845,MD,2024-06-28,1,1,1,0,0,1,1,0,1,0,1,0,0,1,1,0
882,0.0659564738656872,0.02712353536594025,MD,2024-06-29,1,1,1,1,1,1,1,1,1,1,0,0,1,1,1,1
883,NA,NA,ME,2024-05-19,NA,NA,NA,NA,NA,NA,NA,NA,NA,NA,NA,NA,NA,NA,NA,NA
884,NA,NA,ME,2024-05-20,NA,NA,NA,NA,NA,NA,NA,NA,NA,NA,NA,NA,NA,NA,NA,NA
885,NA,NA,ME,2024-05-21,NA,NA,NA,NA,NA,NA,NA,NA,NA,NA,NA,NA,NA,NA,NA,NA
886,NA,NA,ME,2024-05-22,NA,NA,NA,NA,NA,NA,NA,NA,NA,NA,NA,NA,NA,NA,NA,NA
887,NA,NA,ME,2024-05-23,NA,NA,NA,NA,NA,NA,NA,NA,NA,NA,NA,NA,NA,NA,NA,NA
888,NA,NA,ME,2024-05-24,NA,NA,NA,NA,NA,NA,NA,NA,NA,NA,NA,NA,NA,NA,NA,NA
889,NA,NA,ME,2024-05-25,NA,NA,NA,NA,NA,NA,NA,NA,NA,NA,NA,NA,NA,NA,NA,NA
890,NA,NA,ME,2024-05-26,NA,NA,NA,NA,NA,NA,NA,NA,NA,NA,NA,NA,NA,NA,NA,NA
891,NA,NA,ME,2024-05-27,NA,NA,NA,NA,NA,NA,NA,NA,NA,NA,NA,NA,NA,NA,NA,NA
892,NA,NA,ME,2024-05-28,NA,NA,NA,NA,NA,NA,NA,NA,NA,NA,NA,NA,NA,NA,NA,NA
893,NA,NA,ME,2024-05-29,NA,NA,NA,NA,NA,NA,NA,NA,NA,NA,NA,NA,NA,NA,NA,NA
894,NA,NA,ME,2024-05-30,NA,NA,NA,NA,NA,NA,NA,NA,NA,NA,NA,NA,NA,NA,NA,NA
895,NA,NA,ME,2024-05-31,NA,NA,NA,NA,NA,NA,NA,NA,NA,NA,NA,NA,NA,NA,NA,NA
896,NA,NA,ME,2024-06-01,NA,NA,NA,NA,NA,NA,NA,NA,NA,NA,NA,NA,NA,NA,NA,NA
897,NA,NA,ME,2024-06-02,NA,NA,NA,NA,NA,NA,NA,NA,NA,NA,NA,NA,NA,NA,NA,NA
898,NA,NA,ME,2024-06-03,NA,NA,NA,NA,NA,NA,NA,NA,NA,NA,NA,NA,NA,NA,NA,NA
899,NA,NA,ME,2024-06-04,NA,NA,NA,NA,NA,NA,NA,NA,NA,NA,NA,NA,NA,NA,NA,NA
900,NA,NA,ME,2024-06-05,NA,NA,NA,NA,NA,NA,NA,NA,NA,NA,NA,NA,NA,NA,NA,NA
901,NA,NA,ME,2024-06-06,NA,NA,NA,NA,NA,NA,NA,NA,NA,NA,NA,NA,NA,NA,NA,NA
902,NA,NA,ME,2024-06-07,NA,NA,NA,NA,NA,NA,NA,NA,NA,NA,NA,NA,NA,NA,NA,NA
903,NA,NA,ME,2024-06-08,NA,NA,NA,NA,NA,NA,NA,NA,NA,NA,NA,NA,NA,NA,NA,NA
904,NA,NA,ME,2024-06-09,NA,NA,NA,NA,NA,NA,NA,NA,NA,NA,NA,NA,NA,NA,NA,NA
905,NA,NA,ME,2024-06-10,NA,NA,NA,NA,NA,NA,NA,NA,NA,NA,NA,NA,NA,NA,NA,NA
906,NA,NA,ME,2024-06-11,NA,NA,NA,NA,NA,NA,NA,NA,NA,NA,NA,NA,NA,NA,NA,NA
907,NA,NA,ME,2024-06-12,NA,NA,NA,NA,NA,NA,NA,NA,NA,NA,NA,NA,NA,NA,NA,NA
908,NA,NA,ME,2024-06-13,NA,NA,NA,NA,NA,NA,NA,NA,NA,NA,NA,NA,NA,NA,NA,NA
909,NA,NA,ME,2024-06-14,NA,NA,NA,NA,NA,NA,NA,NA,NA,NA,NA,NA,NA,NA,NA,NA
910,NA,NA,ME,2024-06-15,NA,NA,NA,NA,NA,NA,NA,NA,NA,NA,NA,NA,NA,NA,NA,NA
911,NA,NA,ME,2024-06-16,NA,NA,NA,NA,NA,NA,NA,NA,NA,NA,NA,NA,NA,NA,NA,NA
912,NA,NA,ME,2024-06-17,NA,NA,NA,NA,NA,NA,NA,NA,NA,NA,NA,NA,NA,NA,NA,NA
913,NA,NA,ME,2024-06-18,NA,NA,NA,NA,NA,NA,NA,NA,NA,NA,NA,NA,NA,NA,NA,NA
914,NA,NA,ME,2024-06-19,NA,NA,NA,NA,NA,NA,NA,NA,NA,NA,NA,NA,NA,NA,NA,NA
915,NA,NA,ME,2024-06-20,NA,NA,NA,NA,NA,NA,NA,NA,NA,NA,NA,NA,NA,NA,NA,NA
916,NA,NA,ME,2024-06-21,NA,NA,NA,NA,NA,NA,NA,NA,NA,NA,NA,NA,NA,NA,NA,NA
917,NA,NA,ME,2024-06-22,NA,NA,NA,NA,NA,NA,NA,NA,NA,NA,NA,NA,NA,NA,NA,NA
918,NA,NA,ME,2024-06-23,NA,NA,NA,NA,NA,NA,NA,NA,NA,NA,NA,NA,NA,NA,NA,NA
919,NA,NA,ME,2024-06-24,NA,NA,NA,NA,NA,NA,NA,NA,NA,NA,NA,NA,NA,NA,NA,NA
920,NA,NA,ME,2024-06-25,NA,NA,NA,NA,NA,NA,NA,NA,NA,NA,NA,NA,NA,NA,NA,NA
921,NA,NA,ME,2024-06-26,NA,NA,NA,NA,NA,NA,NA,NA,NA,NA,NA,NA,NA,NA,NA,NA
922,NA,NA,ME,2024-06-27,NA,NA,NA,NA,NA,NA,NA,NA,NA,NA,NA,NA,NA,NA,NA,NA
923,NA,NA,ME,2024-06-28,NA,NA,NA,NA,NA,NA,NA,NA,NA,NA,NA,NA,NA,NA,NA,NA
924,NA,NA,ME,2024-06-29,NA,NA,NA,NA,NA,NA,NA,NA,NA,NA,NA,NA,NA,NA,NA,NA
925,0.878372653776963,0.61910183621572,MI,2024-05-19,1,1,1,1,0,1,1,1,1,1,1,1,0,1,1,0
926,0.934138934271871,0.265225988589148,MI,2024-05-20,1,1,1,1,1,1,1,1,1,0,1,1,1,1,1,0
927,0.788973302727664,0.243193374821345,MI,2024-05-21,1,1,1,1,1,1,1,1,1,1,1,1,1,0,1,0
928,0.721927252434446,0.313485271630298,MI,2024-05-22,1,1,1,1,1,1,1,1,0,1,1,1,1,1,1,0
929,1.3003677445959,0.2304065637869965,MI,2024-05-23,1,1,1,1,1,1,1,0,0,1,1,1,1,1,1,0
930,1.27933258898114,0.4068686445810405,MI,2024-05-24,1,1,1,1,0,1,1,0,0,1,1,1,0,1,1,0
931,0.58069609398474,0.3304732463198335,MI,2024-05-25,1,1,1,1,1,1,1,1,0,1,1,1,1,1,1,0
932,0.816096161483204,0.57782267367095,MI,2024-05-26,1,1,1,1,0,1,1,1,0,1,1,1,0,1,1,1
933,0.348190725163928,0.282896297952095,MI,2024-05-27,1,1,1,1,1,1,1,1,0,0,1,1,1,1,1,0
934,2.39308528237017,0.3381416261266715,MI,2024-05-28,0,1,1,1,1,1,1,0,0,0,1,1,1,1,1,0
935,1.33509637644691,0.42810670452071953,MI,2024-05-29,0,1,1,0,1,1,1,1,0,0,1,0,1,0,1,0
936,2.03736036376839,0.423637630712644,MI,2024-05-30,0,0,1,0,1,1,1,1,0,0,1,0,0,1,1,0
937,1.89023332827421,0.2984121111106375,MI,2024-05-31,1,0,1,1,1,1,1,0,0,0,1,1,0,1,1,0
938,1.22325902267581,0.4001832879532905,MI,2024-06-01,0,1,1,1,0,1,1,0,0,0,1,1,0,1,1,0
939,NA,NA,MI,2024-06-02,NA,NA,NA,NA,NA,NA,NA,NA,NA,NA,NA,NA,NA,NA,NA,NA
940,1.38298011287012,0.4497775277885555,MI,2024-06-03,1,0,1,1,1,1,1,1,0,0,1,1,1,1,1,0
941,1.99132872734778,0.393243657620682,MI,2024-06-04,0,1,1,0,1,1,1,0,0,1,1,0,0,1,1,0
942,1.85220776890178,0.381539378592482,MI,2024-06-05,0,0,1,1,1,1,1,1,0,0,1,1,0,1,1,1
943,1.32059156017179,0.4387642082846725,MI,2024-06-06,1,1,1,1,1,0,1,1,0,0,1,1,1,0,1,1
944,1.3064483746152,0.4309386294203095,MI,2024-06-07,0,1,1,1,1,1,1,1,1,0,0,1,1,1,1,1
945,2.71097890269847,0.516262069995145,MI,2024-06-08,0,1,1,0,1,1,1,1,0,0,0,0,1,1,1,0
946,1.25557736618231,0.4112079805353095,MI,2024-06-09,0,1,1,1,1,1,1,0,0,0,1,1,1,1,1,0
947,1.97076537178207,0.4446621545914145,MI,2024-06-10,0,1,1,1,0,1,1,1,0,1,1,1,0,1,1,0
948,2.23009186092041,0.372390039434134,MI,2024-06-11,1,0,1,1,1,1,1,1,0,0,1,1,1,1,1,0
949,1.12588629045082,0.378385843283531,MI,2024-06-12,1,1,1,1,1,1,1,0,1,1,1,1,0,1,1,0
950,1.58314878007529,0.38435500115503,MI,2024-06-13,1,1,1,1,1,1,1,0,1,0,1,1,1,0,1,0
951,3.74091845207716,0.394321379089684,MI,2024-06-14,1,0,1,0,0,1,1,0,0,0,1,1,0,0,1,0
952,NA,NA,MI,2024-06-15,NA,NA,NA,NA,NA,NA,NA,NA,NA,NA,NA,NA,NA,NA,NA,NA
953,1.68536951484482,0.444377364378957,MI,2024-06-16,0,1,1,1,1,1,1,0,0,0,1,0,0,1,1,1
954,3.22468844336139,0.427060000571191,MI,2024-06-17,1,0,1,0,1,1,1,0,1,0,1,0,0,0,1,0
955,1.80140461983991,0.4557722703653905,MI,2024-06-18,0,1,1,1,0,1,1,1,0,1,1,0,0,1,1,0
956,1.90885078156477,0.485161702832858,MI,2024-06-19,1,1,1,0,1,1,1,0,0,0,1,0,0,1,1,0
957,3.58319819129326,0.53310437687372,MI,2024-06-20,1,1,1,0,1,1,1,0,1,1,1,0,0,0,0,0
958,4.0535352159685,0.54859513385599,MI,2024-06-21,1,1,0,0,0,1,1,0,1,1,0,0,0,1,1,0
959,2.24289520409274,0.581094109877145,MI,2024-06-22,1,1,1,0,1,1,1,0,0,1,1,0,1,1,1,0
960,1.95410254331269,0.61455236903982,MI,2024-06-23,1,1,1,0,1,1,1,0,1,0,1,0,1,1,1,0
961,6.09400784630451,0.60330224526982,MI,2024-06-24,1,1,1,0,0,0,1,0,0,0,1,0,0,0,1,0
962,9.09419915618708,0.63992878684946,MI,2024-06-25,1,1,1,0,0,1,1,0,0,0,1,0,0,1,1,0
963,6.00739493752151,0.55702007711637,MI,2024-06-26,1,0,1,0,1,1,1,0,0,0,1,0,0,1,1,0
964,5.09983727387782,0.65077719246596,MI,2024-06-27,0,1,1,0,1,1,1,0,0,0,0,0,1,1,1,0
965,2.06190691022349,0.5637036178207,MI,2024-06-28,1,0,1,0,0,1,1,1,1,0,1,0,1,1,1,1
966,1.60430765014643,0.7745223677405,MI,2024-06-29,0,1,1,0,1,1,1,0,0,0,1,0,1,1,1,0
967,0.706461230109737,0.3750858001006465,MN,2024-05-19,1,0,1,1,1,1,1,1,1,1,1,1,1,1,1,1
968,1.33526598481033,0.3654091501108295,MN,2024-05-20,1,0,1,1,1,1,1,1,0,1,1,1,1,0,1,0
969,1.12897856196211,0.3421206160622175,MN,2024-05-21,0,1,1,1,1,1,1,1,0,1,1,1,0,1,1,1
970,2.14395857641467,0.4089881342306365,MN,2024-05-22,0,0,1,1,1,1,1,1,0,0,1,1,0,1,1,0
971,0.761460836349593,0.267923138297531,MN,2024-05-23,1,1,1,1,1,1,1,1,0,1,1,1,0,1,1,0
972,0.90722937083879,0.4388144486966345,MN,2024-05-24,1,1,1,1,1,0,1,1,1,1,1,1,1,0,1,0
973,0.893286292425575,0.44559716049268,MN,2024-05-25,1,1,1,1,0,1,1,1,1,1,1,1,0,1,1,0
974,1.08498698649685,0.4431193637554675,MN,2024-05-26,1,1,1,1,1,0,1,1,0,0,1,1,0,0,1,1
975,0.693107258675332,0.3846503857165245,MN,2024-05-27,1,1,1,1,1,1,1,1,1,0,1,1,1,1,1,0
976,1.18176738469392,0.3758253473086265,MN,2024-05-28,1,1,1,1,1,0,1,1,0,1,0,1,0,0,1,1
977,0.394645401962544,0.294128734381439,MN,2024-05-29,1,1,1,1,1,1,1,1,0,1,1,1,1,1,1,0
978,1.83544815193583,0.4273206011460875,MN,2024-05-30,1,0,1,1,1,1,1,1,0,0,1,1,1,1,1,0
979,0.658242994406759,0.284876294877261,MN,2024-05-31,1,1,1,1,1,1,1,1,0,0,1,1,0,1,1,0
980,0.661271426529321,0.46247137739437,MN,2024-06-01,1,0,1,1,1,1,1,1,0,0,1,1,1,1,1,1
981,0.580752934053723,0.3285237718162155,MN,2024-06-02,1,1,1,1,1,1,1,1,0,0,1,1,0,1,1,0
982,2.46485652807352,0.4308155976439405,MN,2024-06-03,0,1,1,1,1,1,0,0,0,1,1,1,0,1,0,0
983,2.27862862465685,0.3541058663405395,MN,2024-06-04,1,0,1,1,1,1,1,0,0,0,1,1,0,1,1,0
984,1.54482818956252,0.356603235957924,MN,2024-06-05,1,1,1,1,1,1,1,0,0,1,0,0,0,1,1,0
985,0.851506052324357,0.3480152032928185,MN,2024-06-06,1,1,1,1,1,1,1,1,1,0,1,1,1,0,1,0
986,2.06057597183579,0.426127055115526,MN,2024-06-07,0,0,1,1,1,1,1,1,1,0,1,1,1,1,1,0
987,0.865914318920465,0.2467821962467785,MN,2024-06-08,0,1,1,1,1,1,1,1,0,1,1,1,0,1,1,1
988,1.95181047851569,0.388745247692309,MN,2024-06-09,0,0,1,1,1,1,1,0,1,0,1,0,0,0,1,0
989,1.46183437203459,0.453739276107923,MN,2024-06-10,0,1,1,1,1,1,0,1,0,1,1,1,0,1,0,0
990,0.945494321422459,0.3536708297445845,MN,2024-06-11,1,1,1,1,1,1,1,1,0,1,1,0,1,1,1,0
991,1.4866251174567,0.3413429728215555,MN,2024-06-12,0,1,1,1,1,1,1,1,0,0,1,0,1,1,1,0
992,3.12509966850369,0.3815469528875295,MN,2024-06-13,1,0,1,1,1,0,1,1,0,0,0,1,1,0,1,0
993,1.10873987964458,0.3412372925071825,MN,2024-06-14,0,1,1,1,1,1,1,1,1,0,1,1,1,1,1,0
994,1.13109227882441,0.392824740813078,MN,2024-06-15,1,1,1,1,1,1,1,1,0,0,0,1,0,1,1,0
995,2.33422271499744,0.40077452544677,MN,2024-06-16,1,0,1,0,1,1,1,1,1,1,1,1,1,1,1,1
996,2.57974389546218,0.458656401461102,MN,2024-06-17,1,0,1,0,1,1,1,0,0,0,1,0,1,1,1,0
997,1.86387360813179,0.4473510471162565,MN,2024-06-18,1,1,1,0,1,1,1,0,1,0,1,1,1,1,1,0
998,2.37673503452521,0.4429213723167265,MN,2024-06-19,1,0,1,1,1,1,1,1,1,0,1,0,0,1,1,1
999,4.57637511622004,0.4757043346803555,MN,2024-06-20,0,1,1,0,1,1,1,0,0,0,0,0,0,1,1,0
1000,3.2985668789484,0.53802433885792,MN,2024-06-21,0,1,1,0,1,1,1,0,0,0,1,0,0,1,1,0
1001,2.64845121226225,0.50468221071643,MN,2024-06-22,1,0,1,0,1,1,1,0,0,0,1,0,1,1,1,0
1002,7.46094449899231,0.59531422707408,MN,2024-06-23,0,1,1,0,0,1,1,0,0,0,1,0,0,1,1,0
1003,6.14199492585219,0.623788501916215,MN,2024-06-24,1,0,1,0,1,1,1,0,0,0,1,0,0,0,1,0
1004,8.38178629762449,0.628669386778465,MN,2024-06-25,1,0,1,0,1,1,1,0,1,1,1,0,0,1,1,0
1005,10.8097797296602,0.654080450403535,MN,2024-06-26,0,0,1,0,0,1,1,0,0,0,1,0,1,1,1,0
1006,7.95031406657801,0.620498415344375,MN,2024-06-27,0,0,1,0,1,1,1,0,0,0,1,0,0,1,1,0
1007,7.08184305481855,0.63645060897244,MN,2024-06-28,0,1,1,0,1,1,1,0,0,0,1,0,0,1,1,0
1008,5.01314879379379,0.756357609826305,MN,2024-06-29,0,0,1,0,1,1,1,0,0,0,1,0,0,1,1,0
1009,NA,NA,MO,2024-05-19,NA,NA,NA,NA,NA,NA,NA,NA,NA,NA,NA,NA,NA,NA,NA,NA
1010,NA,NA,MO,2024-05-20,NA,NA,NA,NA,NA,NA,NA,NA,NA,NA,NA,NA,NA,NA,NA,NA
1011,NA,NA,MO,2024-05-21,NA,NA,NA,NA,NA,NA,NA,NA,NA,NA,NA,NA,NA,NA,NA,NA
1012,NA,NA,MO,2024-05-22,NA,NA,NA,NA,NA,NA,NA,NA,NA,NA,NA,NA,NA,NA,NA,NA
1013,NA,NA,MO,2024-05-23,NA,NA,NA,NA,NA,NA,NA,NA,NA,NA,NA,NA,NA,NA,NA,NA
1014,NA,NA,MO,2024-05-24,NA,NA,NA,NA,NA,NA,NA,NA,NA,NA,NA,NA,NA,NA,NA,NA
1015,NA,NA,MO,2024-05-25,NA,NA,NA,NA,NA,NA,NA,NA,NA,NA,NA,NA,NA,NA,NA,NA
1016,NA,NA,MO,2024-05-26,NA,NA,NA,NA,NA,NA,NA,NA,NA,NA,NA,NA,NA,NA,NA,NA
1017,NA,NA,MO,2024-05-27,NA,NA,NA,NA,NA,NA,NA,NA,NA,NA,NA,NA,NA,NA,NA,NA
1018,NA,NA,MO,2024-05-28,NA,NA,NA,NA,NA,NA,NA,NA,NA,NA,NA,NA,NA,NA,NA,NA
1019,NA,NA,MO,2024-05-29,NA,NA,NA,NA,NA,NA,NA,NA,NA,NA,NA,NA,NA,NA,NA,NA
1020,NA,NA,MO,2024-05-30,NA,NA,NA,NA,NA,NA,NA,NA,NA,NA,NA,NA,NA,NA,NA,NA
1021,NA,NA,MO,2024-05-31,NA,NA,NA,NA,NA,NA,NA,NA,NA,NA,NA,NA,NA,NA,NA,NA
1022,NA,NA,MO,2024-06-01,NA,NA,NA,NA,NA,NA,NA,NA,NA,NA,NA,NA,NA,NA,NA,NA
1023,NA,NA,MO,2024-06-02,NA,NA,NA,NA,NA,NA,NA,NA,NA,NA,NA,NA,NA,NA,NA,NA
1024,NA,NA,MO,2024-06-03,NA,NA,NA,NA,NA,NA,NA,NA,NA,NA,NA,NA,NA,NA,NA,NA
1025,NA,NA,MO,2024-06-04,NA,NA,NA,NA,NA,NA,NA,NA,NA,NA,NA,NA,NA,NA,NA,NA
1026,NA,NA,MO,2024-06-05,NA,NA,NA,NA,NA,NA,NA,NA,NA,NA,NA,NA,NA,NA,NA,NA
1027,NA,NA,MO,2024-06-06,NA,NA,NA,NA,NA,NA,NA,NA,NA,NA,NA,NA,NA,NA,NA,NA
1028,NA,NA,MO,2024-06-07,NA,NA,NA,NA,NA,NA,NA,NA,NA,NA,NA,NA,NA,NA,NA,NA
1029,NA,NA,MO,2024-06-08,NA,NA,NA,NA,NA,NA,NA,NA,NA,NA,NA,NA,NA,NA,NA,NA
1030,NA,NA,MO,2024-06-09,NA,NA,NA,NA,NA,NA,NA,NA,NA,NA,NA,NA,NA,NA,NA,NA
1031,NA,NA,MO,2024-06-10,NA,NA,NA,NA,NA,NA,NA,NA,NA,NA,NA,NA,NA,NA,NA,NA
1032,NA,NA,MO,2024-06-11,NA,NA,NA,NA,NA,NA,NA,NA,NA,NA,NA,NA,NA,NA,NA,NA
1033,NA,NA,MO,2024-06-12,NA,NA,NA,NA,NA,NA,NA,NA,NA,NA,NA,NA,NA,NA,NA,NA
1034,NA,NA,MO,2024-06-13,NA,NA,NA,NA,NA,NA,NA,NA,NA,NA,NA,NA,NA,NA,NA,NA
1035,NA,NA,MO,2024-06-14,NA,NA,NA,NA,NA,NA,NA,NA,NA,NA,NA,NA,NA,NA,NA,NA
1036,NA,NA,MO,2024-06-15,NA,NA,NA,NA,NA,NA,NA,NA,NA,NA,NA,NA,NA,NA,NA,NA
1037,0.97266261004081,0.495071898575394,MO,2024-06-16,1,1,1,1,0,1,1,0,0,1,1,0,0,1,1,0
1038,NA,NA,MO,2024-06-17,NA,NA,NA,NA,NA,NA,NA,NA,NA,NA,NA,NA,NA,NA,NA,NA
1039,NA,NA,MO,2024-06-18,NA,NA,NA,NA,NA,NA,NA,NA,NA,NA,NA,NA,NA,NA,NA,NA
1040,NA,NA,MO,2024-06-19,NA,NA,NA,NA,NA,NA,NA,NA,NA,NA,NA,NA,NA,NA,NA,NA
1041,NA,NA,MO,2024-06-20,NA,NA,NA,NA,NA,NA,NA,NA,NA,NA,NA,NA,NA,NA,NA,NA
1042,0.82786193748994,0.597854324770485,MO,2024-06-21,1,1,1,1,1,1,1,0,0,1,1,1,1,1,1,0
1043,NA,NA,MO,2024-06-22,NA,NA,NA,NA,NA,NA,NA,NA,NA,NA,NA,NA,NA,NA,NA,NA
1044,NA,NA,MO,2024-06-23,NA,NA,NA,NA,NA,NA,NA,NA,NA,NA,NA,NA,NA,NA,NA,NA
1045,NA,NA,MO,2024-06-24,NA,NA,NA,NA,NA,NA,NA,NA,NA,NA,NA,NA,NA,NA,NA,NA
1046,NA,NA,MO,2024-06-25,NA,NA,NA,NA,NA,NA,NA,NA,NA,NA,NA,NA,NA,NA,NA,NA
1047,1.87616166842034,0.7100121718055,MO,2024-06-26,1,1,1,0,0,1,1,1,0,1,1,0,0,1,1,1
1048,0.971799137279888,0.735707878243415,MO,2024-06-27,1,1,1,1,0,1,1,1,1,1,1,0,0,1,1,1
1049,NA,NA,MO,2024-06-28,NA,NA,NA,NA,NA,NA,NA,NA,NA,NA,NA,NA,NA,NA,NA,NA
1050,NA,NA,MO,2024-06-29,NA,NA,NA,NA,NA,NA,NA,NA,NA,NA,NA,NA,NA,NA,NA,NA
1051,NA,NA,MS,2024-05-19,NA,NA,NA,NA,NA,NA,NA,NA,NA,NA,NA,NA,NA,NA,NA,NA
1052,NA,NA,MS,2024-05-20,NA,NA,NA,NA,NA,NA,NA,NA,NA,NA,NA,NA,NA,NA,NA,NA
1053,NA,NA,MS,2024-05-21,NA,NA,NA,NA,NA,NA,NA,NA,NA,NA,NA,NA,NA,NA,NA,NA
1054,NA,NA,MS,2024-05-22,NA,NA,NA,NA,NA,NA,NA,NA,NA,NA,NA,NA,NA,NA,NA,NA
1055,NA,NA,MS,2024-05-23,NA,NA,NA,NA,NA,NA,NA,NA,NA,NA,NA,NA,NA,NA,NA,NA
1056,NA,NA,MS,2024-05-24,NA,NA,NA,NA,NA,NA,NA,NA,NA,NA,NA,NA,NA,NA,NA,NA
1057,NA,NA,MS,2024-05-25,NA,NA,NA,NA,NA,NA,NA,NA,NA,NA,NA,NA,NA,NA,NA,NA
1058,NA,NA,MS,2024-05-26,NA,NA,NA,NA,NA,NA,NA,NA,NA,NA,NA,NA,NA,NA,NA,NA
1059,NA,NA,MS,2024-05-27,NA,NA,NA,NA,NA,NA,NA,NA,NA,NA,NA,NA,NA,NA,NA,NA
1060,NA,NA,MS,2024-05-28,NA,NA,NA,NA,NA,NA,NA,NA,NA,NA,NA,NA,NA,NA,NA,NA
1061,NA,NA,MS,2024-05-29,NA,NA,NA,NA,NA,NA,NA,NA,NA,NA,NA,NA,NA,NA,NA,NA
1062,NA,NA,MS,2024-05-30,NA,NA,NA,NA,NA,NA,NA,NA,NA,NA,NA,NA,NA,NA,NA,NA
1063,NA,NA,MS,2024-05-31,NA,NA,NA,NA,NA,NA,NA,NA,NA,NA,NA,NA,NA,NA,NA,NA
1064,NA,NA,MS,2024-06-01,NA,NA,NA,NA,NA,NA,NA,NA,NA,NA,NA,NA,NA,NA,NA,NA
1065,NA,NA,MS,2024-06-02,NA,NA,NA,NA,NA,NA,NA,NA,NA,NA,NA,NA,NA,NA,NA,NA
1066,NA,NA,MS,2024-06-03,NA,NA,NA,NA,NA,NA,NA,NA,NA,NA,NA,NA,NA,NA,NA,NA
1067,NA,NA,MS,2024-06-04,NA,NA,NA,NA,NA,NA,NA,NA,NA,NA,NA,NA,NA,NA,NA,NA
1068,NA,NA,MS,2024-06-05,NA,NA,NA,NA,NA,NA,NA,NA,NA,NA,NA,NA,NA,NA,NA,NA
1069,NA,NA,MS,2024-06-06,NA,NA,NA,NA,NA,NA,NA,NA,NA,NA,NA,NA,NA,NA,NA,NA
1070,NA,NA,MS,2024-06-07,NA,NA,NA,NA,NA,NA,NA,NA,NA,NA,NA,NA,NA,NA,NA,NA
1071,NA,NA,MS,2024-06-08,NA,NA,NA,NA,NA,NA,NA,NA,NA,NA,NA,NA,NA,NA,NA,NA
1072,NA,NA,MS,2024-06-09,NA,NA,NA,NA,NA,NA,NA,NA,NA,NA,NA,NA,NA,NA,NA,NA
1073,NA,NA,MS,2024-06-10,NA,NA,NA,NA,NA,NA,NA,NA,NA,NA,NA,NA,NA,NA,NA,NA
1074,NA,NA,MS,2024-06-11,NA,NA,NA,NA,NA,NA,NA,NA,NA,NA,NA,NA,NA,NA,NA,NA
1075,NA,NA,MS,2024-06-12,NA,NA,NA,NA,NA,NA,NA,NA,NA,NA,NA,NA,NA,NA,NA,NA
1076,NA,NA,MS,2024-06-13,NA,NA,NA,NA,NA,NA,NA,NA,NA,NA,NA,NA,NA,NA,NA,NA
1077,NA,NA,MS,2024-06-14,NA,NA,NA,NA,NA,NA,NA,NA,NA,NA,NA,NA,NA,NA,NA,NA
1078,NA,NA,MS,2024-06-15,NA,NA,NA,NA,NA,NA,NA,NA,NA,NA,NA,NA,NA,NA,NA,NA
1079,NA,NA,MS,2024-06-16,NA,NA,NA,NA,NA,NA,NA,NA,NA,NA,NA,NA,NA,NA,NA,NA
1080,0.701086290222536,0.50651935318332,MS,2024-06-17,1,1,1,1,1,1,1,0,1,1,1,1,0,1,1,0
1081,NA,NA,MS,2024-06-18,NA,NA,NA,NA,NA,NA,NA,NA,NA,NA,NA,NA,NA,NA,NA,NA
1082,NA,NA,MS,2024-06-19,NA,NA,NA,NA,NA,NA,NA,NA,NA,NA,NA,NA,NA,NA,NA,NA
1083,NA,NA,MS,2024-06-20,NA,NA,NA,NA,NA,NA,NA,NA,NA,NA,NA,NA,NA,NA,NA,NA
1084,NA,NA,MS,2024-06-21,NA,NA,NA,NA,NA,NA,NA,NA,NA,NA,NA,NA,NA,NA,NA,NA
1085,NA,NA,MS,2024-06-22,NA,NA,NA,NA,NA,NA,NA,NA,NA,NA,NA,NA,NA,NA,NA,NA
1086,NA,NA,MS,2024-06-23,NA,NA,NA,NA,NA,NA,NA,NA,NA,NA,NA,NA,NA,NA,NA,NA
1087,NA,NA,MS,2024-06-24,NA,NA,NA,NA,NA,NA,NA,NA,NA,NA,NA,NA,NA,NA,NA,NA
1088,NA,NA,MS,2024-06-25,NA,NA,NA,NA,NA,NA,NA,NA,NA,NA,NA,NA,NA,NA,NA,NA
1089,NA,NA,MS,2024-06-26,NA,NA,NA,NA,NA,NA,NA,NA,NA,NA,NA,NA,NA,NA,NA,NA
1090,1.78002925822107,0.68271863808865,MS,2024-06-27,0,1,1,0,1,1,1,1,0,1,1,0,1,1,1,1
1091,NA,NA,MS,2024-06-28,NA,NA,NA,NA,NA,NA,NA,NA,NA,NA,NA,NA,NA,NA,NA,NA
1092,NA,NA,MS,2024-06-29,NA,NA,NA,NA,NA,NA,NA,NA,NA,NA,NA,NA,NA,NA,NA,NA
1093,NA,NA,MT,2024-05-19,NA,NA,NA,NA,NA,NA,NA,NA,NA,NA,NA,NA,NA,NA,NA,NA
1094,NA,NA,MT,2024-05-20,NA,NA,NA,NA,NA,NA,NA,NA,NA,NA,NA,NA,NA,NA,NA,NA
1095,NA,NA,MT,2024-05-21,NA,NA,NA,NA,NA,NA,NA,NA,NA,NA,NA,NA,NA,NA,NA,NA
1096,NA,NA,MT,2024-05-22,NA,NA,NA,NA,NA,NA,NA,NA,NA,NA,NA,NA,NA,NA,NA,NA
1097,NA,NA,MT,2024-05-23,NA,NA,NA,NA,NA,NA,NA,NA,NA,NA,NA,NA,NA,NA,NA,NA
1098,NA,NA,MT,2024-05-24,NA,NA,NA,NA,NA,NA,NA,NA,NA,NA,NA,NA,NA,NA,NA,NA
1099,NA,NA,MT,2024-05-25,NA,NA,NA,NA,NA,NA,NA,NA,NA,NA,NA,NA,NA,NA,NA,NA
1100,NA,NA,MT,2024-05-26,NA,NA,NA,NA,NA,NA,NA,NA,NA,NA,NA,NA,NA,NA,NA,NA
1101,NA,NA,MT,2024-05-27,NA,NA,NA,NA,NA,NA,NA,NA,NA,NA,NA,NA,NA,NA,NA,NA
1102,NA,NA,MT,2024-05-28,NA,NA,NA,NA,NA,NA,NA,NA,NA,NA,NA,NA,NA,NA,NA,NA
1103,NA,NA,MT,2024-05-29,NA,NA,NA,NA,NA,NA,NA,NA,NA,NA,NA,NA,NA,NA,NA,NA
1104,NA,NA,MT,2024-05-30,NA,NA,NA,NA,NA,NA,NA,NA,NA,NA,NA,NA,NA,NA,NA,NA
1105,NA,NA,MT,2024-05-31,NA,NA,NA,NA,NA,NA,NA,NA,NA,NA,NA,NA,NA,NA,NA,NA
1106,NA,NA,MT,2024-06-01,NA,NA,NA,NA,NA,NA,NA,NA,NA,NA,NA,NA,NA,NA,NA,NA
1107,NA,NA,MT,2024-06-02,NA,NA,NA,NA,NA,NA,NA,NA,NA,NA,NA,NA,NA,NA,NA,NA
1108,NA,NA,MT,2024-06-03,NA,NA,NA,NA,NA,NA,NA,NA,NA,NA,NA,NA,NA,NA,NA,NA
1109,NA,NA,MT,2024-06-04,NA,NA,NA,NA,NA,NA,NA,NA,NA,NA,NA,NA,NA,NA,NA,NA
1110,NA,NA,MT,2024-06-05,NA,NA,NA,NA,NA,NA,NA,NA,NA,NA,NA,NA,NA,NA,NA,NA
1111,NA,NA,MT,2024-06-06,NA,NA,NA,NA,NA,NA,NA,NA,NA,NA,NA,NA,NA,NA,NA,NA
1112,NA,NA,MT,2024-06-07,NA,NA,NA,NA,NA,NA,NA,NA,NA,NA,NA,NA,NA,NA,NA,NA
1113,NA,NA,MT,2024-06-08,NA,NA,NA,NA,NA,NA,NA,NA,NA,NA,NA,NA,NA,NA,NA,NA
1114,NA,NA,MT,2024-06-09,NA,NA,NA,NA,NA,NA,NA,NA,NA,NA,NA,NA,NA,NA,NA,NA
1115,NA,NA,MT,2024-06-10,NA,NA,NA,NA,NA,NA,NA,NA,NA,NA,NA,NA,NA,NA,NA,NA
1116,NA,NA,MT,2024-06-11,NA,NA,NA,NA,NA,NA,NA,NA,NA,NA,NA,NA,NA,NA,NA,NA
1117,NA,NA,MT,2024-06-12,NA,NA,NA,NA,NA,NA,NA,NA,NA,NA,NA,NA,NA,NA,NA,NA
1118,NA,NA,MT,2024-06-13,NA,NA,NA,NA,NA,NA,NA,NA,NA,NA,NA,NA,NA,NA,NA,NA
1119,NA,NA,MT,2024-06-14,NA,NA,NA,NA,NA,NA,NA,NA,NA,NA,NA,NA,NA,NA,NA,NA
1120,NA,NA,MT,2024-06-15,NA,NA,NA,NA,NA,NA,NA,NA,NA,NA,NA,NA,NA,NA,NA,NA
1121,NA,NA,MT,2024-06-16,NA,NA,NA,NA,NA,NA,NA,NA,NA,NA,NA,NA,NA,NA,NA,NA
1122,NA,NA,MT,2024-06-17,NA,NA,NA,NA,NA,NA,NA,NA,NA,NA,NA,NA,NA,NA,NA,NA
1123,NA,NA,MT,2024-06-18,NA,NA,NA,NA,NA,NA,NA,NA,NA,NA,NA,NA,NA,NA,NA,NA
1124,NA,NA,MT,2024-06-19,NA,NA,NA,NA,NA,NA,NA,NA,NA,NA,NA,NA,NA,NA,NA,NA
1125,NA,NA,MT,2024-06-20,NA,NA,NA,NA,NA,NA,NA,NA,NA,NA,NA,NA,NA,NA,NA,NA
1126,NA,NA,MT,2024-06-21,NA,NA,NA,NA,NA,NA,NA,NA,NA,NA,NA,NA,NA,NA,NA,NA
1127,NA,NA,MT,2024-06-22,NA,NA,NA,NA,NA,NA,NA,NA,NA,NA,NA,NA,NA,NA,NA,NA
1128,NA,NA,MT,2024-06-23,NA,NA,NA,NA,NA,NA,NA,NA,NA,NA,NA,NA,NA,NA,NA,NA
1129,NA,NA,MT,2024-06-24,NA,NA,NA,NA,NA,NA,NA,NA,NA,NA,NA,NA,NA,NA,NA,NA
1130,NA,NA,MT,2024-06-25,NA,NA,NA,NA,NA,NA,NA,NA,NA,NA,NA,NA,NA,NA,NA,NA
1131,NA,NA,MT,2024-06-26,NA,NA,NA,NA,NA,NA,NA,NA,NA,NA,NA,NA,NA,NA,NA,NA
1132,NA,NA,MT,2024-06-27,NA,NA,NA,NA,NA,NA,NA,NA,NA,NA,NA,NA,NA,NA,NA,NA
1133,NA,NA,MT,2024-06-28,NA,NA,NA,NA,NA,NA,NA,NA,NA,NA,NA,NA,NA,NA,NA,NA
1134,NA,NA,MT,2024-06-29,NA,NA,NA,NA,NA,NA,NA,NA,NA,NA,NA,NA,NA,NA,NA,NA
1135,NA,NA,NC,2024-05-19,NA,NA,NA,NA,NA,NA,NA,NA,NA,NA,NA,NA,NA,NA,NA,NA
1136,NA,NA,NC,2024-05-20,NA,NA,NA,NA,NA,NA,NA,NA,NA,NA,NA,NA,NA,NA,NA,NA
1137,0.866303716432392,0.442498703377289,NC,2024-05-21,1,0,1,1,1,1,1,1,1,0,1,1,1,1,1,0
1138,1.00477053854464,0.347016380592659,NC,2024-05-22,1,1,1,1,0,1,1,1,0,1,1,1,0,1,1,1
1139,0.312563315427672,0.2304065637869965,NC,2024-05-23,1,1,1,1,1,1,1,1,1,0,1,1,1,1,1,0
1140,NA,NA,NC,2024-05-24,NA,NA,NA,NA,NA,NA,NA,NA,NA,NA,NA,NA,NA,NA,NA,NA
1141,NA,NA,NC,2024-05-25,NA,NA,NA,NA,NA,NA,NA,NA,NA,NA,NA,NA,NA,NA,NA,NA
1142,NA,NA,NC,2024-05-26,NA,NA,NA,NA,NA,NA,NA,NA,NA,NA,NA,NA,NA,NA,NA,NA
1143,NA,NA,NC,2024-05-27,NA,NA,NA,NA,NA,NA,NA,NA,NA,NA,NA,NA,NA,NA,NA,NA
1144,0.418531073039265,0.2866057480292885,NC,2024-05-28,1,1,1,1,1,1,1,1,0,1,1,1,0,1,1,1
1145,NA,NA,NC,2024-05-29,NA,NA,NA,NA,NA,NA,NA,NA,NA,NA,NA,NA,NA,NA,NA,NA
1146,NA,NA,NC,2024-05-30,NA,NA,NA,NA,NA,NA,NA,NA,NA,NA,NA,NA,NA,NA,NA,NA
1147,0.877486253014159,0.62453439593484,NC,2024-05-31,1,1,1,1,1,0,1,1,1,1,1,1,0,0,1,1
1148,NA,NA,NC,2024-06-01,NA,NA,NA,NA,NA,NA,NA,NA,NA,NA,NA,NA,NA,NA,NA,NA
1149,NA,NA,NC,2024-06-02,NA,NA,NA,NA,NA,NA,NA,NA,NA,NA,NA,NA,NA,NA,NA,NA
1150,NA,NA,NC,2024-06-03,NA,NA,NA,NA,NA,NA,NA,NA,NA,NA,NA,NA,NA,NA,NA,NA
1151,0.728590140559974,0.401142510369691,NC,2024-06-04,1,1,1,1,1,1,1,1,0,0,1,1,1,1,1,0
1152,0.912763392290043,0.366795655397321,NC,2024-06-05,1,1,1,1,1,1,1,1,0,0,0,1,0,1,1,0
1153,1.27391274130147,0.414312938560589,NC,2024-06-06,0,0,1,1,1,1,1,1,1,0,1,1,1,1,1,0
1154,0.732060014031524,0.4077780793125025,NC,2024-06-07,1,1,1,1,1,1,1,1,0,0,1,1,1,1,1,1
1155,NA,NA,NC,2024-06-08,NA,NA,NA,NA,NA,NA,NA,NA,NA,NA,NA,NA,NA,NA,NA,NA
1156,0.5774494755618,0.409009617573332,NC,2024-06-09,1,1,1,1,1,1,1,0,1,1,1,1,0,1,1,0
1157,0.89006900067189,0.4614668550278865,NC,2024-06-10,1,1,1,1,0,1,1,1,1,1,1,0,0,1,1,1
1158,NA,NA,NC,2024-06-11,NA,NA,NA,NA,NA,NA,NA,NA,NA,NA,NA,NA,NA,NA,NA,NA
1159,0.367338324157508,0.258919155704927,NC,2024-06-12,1,1,1,1,1,1,1,1,0,1,1,1,1,1,1,0
1160,0.629433123608153,0.4487131084640955,NC,2024-06-13,1,1,1,1,1,1,1,0,1,1,0,1,1,1,1,0
1161,NA,NA,NC,2024-06-14,NA,NA,NA,NA,NA,NA,NA,NA,NA,NA,NA,NA,NA,NA,NA,NA
1162,NA,NA,NC,2024-06-15,NA,NA,NA,NA,NA,NA,NA,NA,NA,NA,NA,NA,NA,NA,NA,NA
1163,NA,NA,NC,2024-06-16,NA,NA,NA,NA,NA,NA,NA,NA,NA,NA,NA,NA,NA,NA,NA,NA
1164,0.766174737042134,0.4224029956038705,NC,2024-06-17,1,1,1,1,1,1,1,0,1,1,1,0,1,1,1,0
1165,0.864901369182875,0.413140799518078,NC,2024-06-18,1,1,1,1,1,1,1,1,1,1,1,0,1,1,1,0
1166,0.653606940641682,0.4710276283141395,NC,2024-06-19,1,0,1,1,1,1,1,1,1,0,1,0,1,1,1,1
1167,NA,NA,NC,2024-06-20,NA,NA,NA,NA,NA,NA,NA,NA,NA,NA,NA,NA,NA,NA,NA,NA
1168,1.04384268227969,0.531080417901405,NC,2024-06-21,1,1,1,1,1,1,1,0,0,0,1,0,1,1,1,0
1169,NA,NA,NC,2024-06-22,NA,NA,NA,NA,NA,NA,NA,NA,NA,NA,NA,NA,NA,NA,NA,NA
1170,NA,NA,NC,2024-06-23,NA,NA,NA,NA,NA,NA,NA,NA,NA,NA,NA,NA,NA,NA,NA,NA
1171,2.76735044060157,0.629307050667225,NC,2024-06-24,0,1,1,0,0,1,1,0,1,0,1,0,0,1,1,0
1172,2.05793809873906,0.65629197087651,NC,2024-06-25,1,0,1,0,0,1,1,1,1,0,1,0,0,1,1,0
1173,1.40850572800877,0.6914631421808,NC,2024-06-26,1,0,1,0,0,1,1,1,1,0,1,1,0,1,1,1
1174,2.36436181528805,0.743353582466815,NC,2024-06-27,1,1,1,0,0,1,1,0,1,1,1,0,0,1,1,0
1175,2.42886468911352,0.759817202256075,NC,2024-06-28,1,1,1,0,1,1,1,0,0,1,1,0,0,1,1,0
1176,0.971483414116335,0.75632898990078,NC,2024-06-29,1,0,1,1,1,1,1,1,1,0,1,0,1,1,1,1
1177,NA,NA,ND,2024-05-19,NA,NA,NA,NA,NA,NA,NA,NA,NA,NA,NA,NA,NA,NA,NA,NA
1178,0.272150069853126,0.200411343021725,ND,2024-05-20,1,1,1,1,1,1,1,1,1,1,1,1,1,1,1,1
1179,NA,NA,ND,2024-05-21,NA,NA,NA,NA,NA,NA,NA,NA,NA,NA,NA,NA,NA,NA,NA,NA
1180,NA,NA,ND,2024-05-22,NA,NA,NA,NA,NA,NA,NA,NA,NA,NA,NA,NA,NA,NA,NA,NA
1181,NA,NA,ND,2024-05-23,NA,NA,NA,NA,NA,NA,NA,NA,NA,NA,NA,NA,NA,NA,NA,NA
1182,NA,NA,ND,2024-05-24,NA,NA,NA,NA,NA,NA,NA,NA,NA,NA,NA,NA,NA,NA,NA,NA
1183,NA,NA,ND,2024-05-25,NA,NA,NA,NA,NA,NA,NA,NA,NA,NA,NA,NA,NA,NA,NA,NA
1184,NA,NA,ND,2024-05-26,NA,NA,NA,NA,NA,NA,NA,NA,NA,NA,NA,NA,NA,NA,NA,NA
1185,NA,NA,ND,2024-05-27,NA,NA,NA,NA,NA,NA,NA,NA,NA,NA,NA,NA,NA,NA,NA,NA
1186,NA,NA,ND,2024-05-28,NA,NA,NA,NA,NA,NA,NA,NA,NA,NA,NA,NA,NA,NA,NA,NA
1187,NA,NA,ND,2024-05-29,NA,NA,NA,NA,NA,NA,NA,NA,NA,NA,NA,NA,NA,NA,NA,NA
1188,NA,NA,ND,2024-05-30,NA,NA,NA,NA,NA,NA,NA,NA,NA,NA,NA,NA,NA,NA,NA,NA
1189,NA,NA,ND,2024-05-31,NA,NA,NA,NA,NA,NA,NA,NA,NA,NA,NA,NA,NA,NA,NA,NA
1190,NA,NA,ND,2024-06-01,NA,NA,NA,NA,NA,NA,NA,NA,NA,NA,NA,NA,NA,NA,NA,NA
1191,NA,NA,ND,2024-06-02,NA,NA,NA,NA,NA,NA,NA,NA,NA,NA,NA,NA,NA,NA,NA,NA
1192,NA,NA,ND,2024-06-03,NA,NA,NA,NA,NA,NA,NA,NA,NA,NA,NA,NA,NA,NA,NA,NA
1193,NA,NA,ND,2024-06-04,NA,NA,NA,NA,NA,NA,NA,NA,NA,NA,NA,NA,NA,NA,NA,NA
1194,NA,NA,ND,2024-06-05,NA,NA,NA,NA,NA,NA,NA,NA,NA,NA,NA,NA,NA,NA,NA,NA
1195,NA,NA,ND,2024-06-06,NA,NA,NA,NA,NA,NA,NA,NA,NA,NA,NA,NA,NA,NA,NA,NA
1196,NA,NA,ND,2024-06-07,NA,NA,NA,NA,NA,NA,NA,NA,NA,NA,NA,NA,NA,NA,NA,NA
1197,NA,NA,ND,2024-06-08,NA,NA,NA,NA,NA,NA,NA,NA,NA,NA,NA,NA,NA,NA,NA,NA
1198,NA,NA,ND,2024-06-09,NA,NA,NA,NA,NA,NA,NA,NA,NA,NA,NA,NA,NA,NA,NA,NA
1199,NA,NA,ND,2024-06-10,NA,NA,NA,NA,NA,NA,NA,NA,NA,NA,NA,NA,NA,NA,NA,NA
1200,NA,NA,ND,2024-06-11,NA,NA,NA,NA,NA,NA,NA,NA,NA,NA,NA,NA,NA,NA,NA,NA
1201,NA,NA,ND,2024-06-12,NA,NA,NA,NA,NA,NA,NA,NA,NA,NA,NA,NA,NA,NA,NA,NA
1202,NA,NA,ND,2024-06-13,NA,NA,NA,NA,NA,NA,NA,NA,NA,NA,NA,NA,NA,NA,NA,NA
1203,NA,NA,ND,2024-06-14,NA,NA,NA,NA,NA,NA,NA,NA,NA,NA,NA,NA,NA,NA,NA,NA
1204,NA,NA,ND,2024-06-15,NA,NA,NA,NA,NA,NA,NA,NA,NA,NA,NA,NA,NA,NA,NA,NA
1205,NA,NA,ND,2024-06-16,NA,NA,NA,NA,NA,NA,NA,NA,NA,NA,NA,NA,NA,NA,NA,NA
1206,NA,NA,ND,2024-06-17,NA,NA,NA,NA,NA,NA,NA,NA,NA,NA,NA,NA,NA,NA,NA,NA
1207,NA,NA,ND,2024-06-18,NA,NA,NA,NA,NA,NA,NA,NA,NA,NA,NA,NA,NA,NA,NA,NA
1208,NA,NA,ND,2024-06-19,NA,NA,NA,NA,NA,NA,NA,NA,NA,NA,NA,NA,NA,NA,NA,NA
1209,NA,NA,ND,2024-06-20,NA,NA,NA,NA,NA,NA,NA,NA,NA,NA,NA,NA,NA,NA,NA,NA
1210,NA,NA,ND,2024-06-21,NA,NA,NA,NA,NA,NA,NA,NA,NA,NA,NA,NA,NA,NA,NA,NA
1211,NA,NA,ND,2024-06-22,NA,NA,NA,NA,NA,NA,NA,NA,NA,NA,NA,NA,NA,NA,NA,NA
1212,NA,NA,ND,2024-06-23,NA,NA,NA,NA,NA,NA,NA,NA,NA,NA,NA,NA,NA,NA,NA,NA
1213,NA,NA,ND,2024-06-24,NA,NA,NA,NA,NA,NA,NA,NA,NA,NA,NA,NA,NA,NA,NA,NA
1214,NA,NA,ND,2024-06-25,NA,NA,NA,NA,NA,NA,NA,NA,NA,NA,NA,NA,NA,NA,NA,NA
1215,NA,NA,ND,2024-06-26,NA,NA,NA,NA,NA,NA,NA,NA,NA,NA,NA,NA,NA,NA,NA,NA
1216,NA,NA,ND,2024-06-27,NA,NA,NA,NA,NA,NA,NA,NA,NA,NA,NA,NA,NA,NA,NA,NA
1217,NA,NA,ND,2024-06-28,NA,NA,NA,NA,NA,NA,NA,NA,NA,NA,NA,NA,NA,NA,NA,NA
1218,NA,NA,ND,2024-06-29,NA,NA,NA,NA,NA,NA,NA,NA,NA,NA,NA,NA,NA,NA,NA,NA
1219,NA,NA,NE,2024-05-19,NA,NA,NA,NA,NA,NA,NA,NA,NA,NA,NA,NA,NA,NA,NA,NA
1220,NA,NA,NE,2024-05-20,NA,NA,NA,NA,NA,NA,NA,NA,NA,NA,NA,NA,NA,NA,NA,NA
1221,NA,NA,NE,2024-05-21,NA,NA,NA,NA,NA,NA,NA,NA,NA,NA,NA,NA,NA,NA,NA,NA
1222,NA,NA,NE,2024-05-22,NA,NA,NA,NA,NA,NA,NA,NA,NA,NA,NA,NA,NA,NA,NA,NA
1223,NA,NA,NE,2024-05-23,NA,NA,NA,NA,NA,NA,NA,NA,NA,NA,NA,NA,NA,NA,NA,NA
1224,NA,NA,NE,2024-05-24,NA,NA,NA,NA,NA,NA,NA,NA,NA,NA,NA,NA,NA,NA,NA,NA
1225,NA,NA,NE,2024-05-25,NA,NA,NA,NA,NA,NA,NA,NA,NA,NA,NA,NA,NA,NA,NA,NA
1226,NA,NA,NE,2024-05-26,NA,NA,NA,NA,NA,NA,NA,NA,NA,NA,NA,NA,NA,NA,NA,NA
1227,NA,NA,NE,2024-05-27,NA,NA,NA,NA,NA,NA,NA,NA,NA,NA,NA,NA,NA,NA,NA,NA
1228,NA,NA,NE,2024-05-28,NA,NA,NA,NA,NA,NA,NA,NA,NA,NA,NA,NA,NA,NA,NA,NA
1229,NA,NA,NE,2024-05-29,NA,NA,NA,NA,NA,NA,NA,NA,NA,NA,NA,NA,NA,NA,NA,NA
1230,NA,NA,NE,2024-05-30,NA,NA,NA,NA,NA,NA,NA,NA,NA,NA,NA,NA,NA,NA,NA,NA
1231,NA,NA,NE,2024-05-31,NA,NA,NA,NA,NA,NA,NA,NA,NA,NA,NA,NA,NA,NA,NA,NA
1232,NA,NA,NE,2024-06-01,NA,NA,NA,NA,NA,NA,NA,NA,NA,NA,NA,NA,NA,NA,NA,NA
1233,NA,NA,NE,2024-06-02,NA,NA,NA,NA,NA,NA,NA,NA,NA,NA,NA,NA,NA,NA,NA,NA
1234,NA,NA,NE,2024-06-03,NA,NA,NA,NA,NA,NA,NA,NA,NA,NA,NA,NA,NA,NA,NA,NA
1235,NA,NA,NE,2024-06-04,NA,NA,NA,NA,NA,NA,NA,NA,NA,NA,NA,NA,NA,NA,NA,NA
1236,NA,NA,NE,2024-06-05,NA,NA,NA,NA,NA,NA,NA,NA,NA,NA,NA,NA,NA,NA,NA,NA
1237,NA,NA,NE,2024-06-06,NA,NA,NA,NA,NA,NA,NA,NA,NA,NA,NA,NA,NA,NA,NA,NA
1238,NA,NA,NE,2024-06-07,NA,NA,NA,NA,NA,NA,NA,NA,NA,NA,NA,NA,NA,NA,NA,NA
1239,NA,NA,NE,2024-06-08,NA,NA,NA,NA,NA,NA,NA,NA,NA,NA,NA,NA,NA,NA,NA,NA
1240,NA,NA,NE,2024-06-09,NA,NA,NA,NA,NA,NA,NA,NA,NA,NA,NA,NA,NA,NA,NA,NA
1241,NA,NA,NE,2024-06-10,NA,NA,NA,NA,NA,NA,NA,NA,NA,NA,NA,NA,NA,NA,NA,NA
1242,NA,NA,NE,2024-06-11,NA,NA,NA,NA,NA,NA,NA,NA,NA,NA,NA,NA,NA,NA,NA,NA
1243,NA,NA,NE,2024-06-12,NA,NA,NA,NA,NA,NA,NA,NA,NA,NA,NA,NA,NA,NA,NA,NA
1244,NA,NA,NE,2024-06-13,NA,NA,NA,NA,NA,NA,NA,NA,NA,NA,NA,NA,NA,NA,NA,NA
1245,NA,NA,NE,2024-06-14,NA,NA,NA,NA,NA,NA,NA,NA,NA,NA,NA,NA,NA,NA,NA,NA
1246,NA,NA,NE,2024-06-15,NA,NA,NA,NA,NA,NA,NA,NA,NA,NA,NA,NA,NA,NA,NA,NA
1247,NA,NA,NE,2024-06-16,NA,NA,NA,NA,NA,NA,NA,NA,NA,NA,NA,NA,NA,NA,NA,NA
1248,NA,NA,NE,2024-06-17,NA,NA,NA,NA,NA,NA,NA,NA,NA,NA,NA,NA,NA,NA,NA,NA
1249,NA,NA,NE,2024-06-18,NA,NA,NA,NA,NA,NA,NA,NA,NA,NA,NA,NA,NA,NA,NA,NA
1250,NA,NA,NE,2024-06-19,NA,NA,NA,NA,NA,NA,NA,NA,NA,NA,NA,NA,NA,NA,NA,NA
1251,NA,NA,NE,2024-06-20,NA,NA,NA,NA,NA,NA,NA,NA,NA,NA,NA,NA,NA,NA,NA,NA
1252,NA,NA,NE,2024-06-21,NA,NA,NA,NA,NA,NA,NA,NA,NA,NA,NA,NA,NA,NA,NA,NA
1253,NA,NA,NE,2024-06-22,NA,NA,NA,NA,NA,NA,NA,NA,NA,NA,NA,NA,NA,NA,NA,NA
1254,NA,NA,NE,2024-06-23,NA,NA,NA,NA,NA,NA,NA,NA,NA,NA,NA,NA,NA,NA,NA,NA
1255,NA,NA,NE,2024-06-24,NA,NA,NA,NA,NA,NA,NA,NA,NA,NA,NA,NA,NA,NA,NA,NA
1256,NA,NA,NE,2024-06-25,NA,NA,NA,NA,NA,NA,NA,NA,NA,NA,NA,NA,NA,NA,NA,NA
1257,NA,NA,NE,2024-06-26,NA,NA,NA,NA,NA,NA,NA,NA,NA,NA,NA,NA,NA,NA,NA,NA
1258,NA,NA,NE,2024-06-27,NA,NA,NA,NA,NA,NA,NA,NA,NA,NA,NA,NA,NA,NA,NA,NA
1259,NA,NA,NE,2024-06-28,NA,NA,NA,NA,NA,NA,NA,NA,NA,NA,NA,NA,NA,NA,NA,NA
1260,NA,NA,NE,2024-06-29,NA,NA,NA,NA,NA,NA,NA,NA,NA,NA,NA,NA,NA,NA,NA,NA
1261,NA,NA,NH,2024-05-19,NA,NA,NA,NA,NA,NA,NA,NA,NA,NA,NA,NA,NA,NA,NA,NA
1262,NA,NA,NH,2024-05-20,NA,NA,NA,NA,NA,NA,NA,NA,NA,NA,NA,NA,NA,NA,NA,NA
1263,NA,NA,NH,2024-05-21,NA,NA,NA,NA,NA,NA,NA,NA,NA,NA,NA,NA,NA,NA,NA,NA
1264,NA,NA,NH,2024-05-22,NA,NA,NA,NA,NA,NA,NA,NA,NA,NA,NA,NA,NA,NA,NA,NA
1265,NA,NA,NH,2024-05-23,NA,NA,NA,NA,NA,NA,NA,NA,NA,NA,NA,NA,NA,NA,NA,NA
1266,NA,NA,NH,2024-05-24,NA,NA,NA,NA,NA,NA,NA,NA,NA,NA,NA,NA,NA,NA,NA,NA
1267,NA,NA,NH,2024-05-25,NA,NA,NA,NA,NA,NA,NA,NA,NA,NA,NA,NA,NA,NA,NA,NA
1268,NA,NA,NH,2024-05-26,NA,NA,NA,NA,NA,NA,NA,NA,NA,NA,NA,NA,NA,NA,NA,NA
1269,NA,NA,NH,2024-05-27,NA,NA,NA,NA,NA,NA,NA,NA,NA,NA,NA,NA,NA,NA,NA,NA
1270,NA,NA,NH,2024-05-28,NA,NA,NA,NA,NA,NA,NA,NA,NA,NA,NA,NA,NA,NA,NA,NA
1271,NA,NA,NH,2024-05-29,NA,NA,NA,NA,NA,NA,NA,NA,NA,NA,NA,NA,NA,NA,NA,NA
1272,NA,NA,NH,2024-05-30,NA,NA,NA,NA,NA,NA,NA,NA,NA,NA,NA,NA,NA,NA,NA,NA
1273,NA,NA,NH,2024-05-31,NA,NA,NA,NA,NA,NA,NA,NA,NA,NA,NA,NA,NA,NA,NA,NA
1274,NA,NA,NH,2024-06-01,NA,NA,NA,NA,NA,NA,NA,NA,NA,NA,NA,NA,NA,NA,NA,NA
1275,NA,NA,NH,2024-06-02,NA,NA,NA,NA,NA,NA,NA,NA,NA,NA,NA,NA,NA,NA,NA,NA
1276,NA,NA,NH,2024-06-03,NA,NA,NA,NA,NA,NA,NA,NA,NA,NA,NA,NA,NA,NA,NA,NA
1277,NA,NA,NH,2024-06-04,NA,NA,NA,NA,NA,NA,NA,NA,NA,NA,NA,NA,NA,NA,NA,NA
1278,NA,NA,NH,2024-06-05,NA,NA,NA,NA,NA,NA,NA,NA,NA,NA,NA,NA,NA,NA,NA,NA
1279,NA,NA,NH,2024-06-06,NA,NA,NA,NA,NA,NA,NA,NA,NA,NA,NA,NA,NA,NA,NA,NA
1280,NA,NA,NH,2024-06-07,NA,NA,NA,NA,NA,NA,NA,NA,NA,NA,NA,NA,NA,NA,NA,NA
1281,NA,NA,NH,2024-06-08,NA,NA,NA,NA,NA,NA,NA,NA,NA,NA,NA,NA,NA,NA,NA,NA
1282,NA,NA,NH,2024-06-09,NA,NA,NA,NA,NA,NA,NA,NA,NA,NA,NA,NA,NA,NA,NA,NA
1283,NA,NA,NH,2024-06-10,NA,NA,NA,NA,NA,NA,NA,NA,NA,NA,NA,NA,NA,NA,NA,NA
1284,NA,NA,NH,2024-06-11,NA,NA,NA,NA,NA,NA,NA,NA,NA,NA,NA,NA,NA,NA,NA,NA
1285,NA,NA,NH,2024-06-12,NA,NA,NA,NA,NA,NA,NA,NA,NA,NA,NA,NA,NA,NA,NA,NA
1286,NA,NA,NH,2024-06-13,NA,NA,NA,NA,NA,NA,NA,NA,NA,NA,NA,NA,NA,NA,NA,NA
1287,NA,NA,NH,2024-06-14,NA,NA,NA,NA,NA,NA,NA,NA,NA,NA,NA,NA,NA,NA,NA,NA
1288,NA,NA,NH,2024-06-15,NA,NA,NA,NA,NA,NA,NA,NA,NA,NA,NA,NA,NA,NA,NA,NA
1289,NA,NA,NH,2024-06-16,NA,NA,NA,NA,NA,NA,NA,NA,NA,NA,NA,NA,NA,NA,NA,NA
1290,NA,NA,NH,2024-06-17,NA,NA,NA,NA,NA,NA,NA,NA,NA,NA,NA,NA,NA,NA,NA,NA
1291,NA,NA,NH,2024-06-18,NA,NA,NA,NA,NA,NA,NA,NA,NA,NA,NA,NA,NA,NA,NA,NA
1292,NA,NA,NH,2024-06-19,NA,NA,NA,NA,NA,NA,NA,NA,NA,NA,NA,NA,NA,NA,NA,NA
1293,NA,NA,NH,2024-06-20,NA,NA,NA,NA,NA,NA,NA,NA,NA,NA,NA,NA,NA,NA,NA,NA
1294,NA,NA,NH,2024-06-21,NA,NA,NA,NA,NA,NA,NA,NA,NA,NA,NA,NA,NA,NA,NA,NA
1295,NA,NA,NH,2024-06-22,NA,NA,NA,NA,NA,NA,NA,NA,NA,NA,NA,NA,NA,NA,NA,NA
1296,NA,NA,NH,2024-06-23,NA,NA,NA,NA,NA,NA,NA,NA,NA,NA,NA,NA,NA,NA,NA,NA
1297,NA,NA,NH,2024-06-24,NA,NA,NA,NA,NA,NA,NA,NA,NA,NA,NA,NA,NA,NA,NA,NA
1298,NA,NA,NH,2024-06-25,NA,NA,NA,NA,NA,NA,NA,NA,NA,NA,NA,NA,NA,NA,NA,NA
1299,NA,NA,NH,2024-06-26,NA,NA,NA,NA,NA,NA,NA,NA,NA,NA,NA,NA,NA,NA,NA,NA
1300,NA,NA,NH,2024-06-27,NA,NA,NA,NA,NA,NA,NA,NA,NA,NA,NA,NA,NA,NA,NA,NA
1301,1.03759222715328,0.78245615050653,NH,2024-06-28,1,1,1,1,1,1,1,0,1,1,1,0,1,1,1,0
1302,NA,NA,NH,2024-06-29,NA,NA,NA,NA,NA,NA,NA,NA,NA,NA,NA,NA,NA,NA,NA,NA
1303,NA,NA,NJ,2024-05-19,NA,NA,NA,NA,NA,NA,NA,NA,NA,NA,NA,NA,NA,NA,NA,NA
1304,1.36038623201135,0.3180433958207695,NJ,2024-05-20,1,1,1,1,1,1,1,1,0,1,1,1,0,1,1,0
1305,1.40179430170447,0.2629788230695195,NJ,2024-05-21,1,1,1,1,1,1,1,1,0,0,1,1,0,1,1,1
1306,4.25428648606338,0.358427694319056,NJ,2024-05-22,0,1,1,1,0,0,1,0,0,0,1,1,0,0,1,0
1307,2.21734520650987,0.3600822725640965,NJ,2024-05-23,1,1,0,1,1,1,1,0,0,1,0,1,0,1,1,0
1308,2.1946285947325,0.4031412884682535,NJ,2024-05-24,0,1,1,0,1,1,1,1,1,0,1,0,0,1,1,1
1309,2.86241927453717,0.3478921132392445,NJ,2024-05-25,1,0,1,1,1,0,1,1,0,0,1,1,0,0,1,0
1310,3.71025104280847,0.405348151896779,NJ,2024-05-26,1,0,1,1,0,0,1,0,0,0,1,1,0,1,1,0
1311,1.85597082494922,0.4280663810709765,NJ,2024-05-27,1,1,1,1,0,0,1,0,1,1,1,1,1,0,1,0
1312,2.38243798968089,0.3001920398397325,NJ,2024-05-28,1,1,1,1,1,1,1,0,1,0,1,1,0,1,1,0
1313,3.40012280937924,0.425626981731645,NJ,2024-05-29,1,1,1,0,1,1,1,0,0,0,1,0,0,0,1,0
1314,2.44788279951047,0.340089172092305,NJ,2024-05-30,1,1,1,1,1,1,1,0,0,0,1,1,0,1,1,0
1315,1.4559567465529,0.357006269106147,NJ,2024-05-31,1,1,1,1,1,1,1,1,0,0,0,1,1,1,1,0
1316,1.36321143097138,0.3540566132768065,NJ,2024-06-01,1,1,1,1,1,1,1,1,1,0,0,1,0,1,1,0
1317,2.02778762117396,0.3703048793489745,NJ,2024-06-02,1,1,1,0,1,1,1,1,0,0,1,1,1,1,1,0
1318,2.83906685540689,0.433964672498546,NJ,2024-06-03,1,1,1,1,0,0,1,0,0,0,1,1,0,1,1,0
1319,1.41431007143466,0.44616231221411,NJ,2024-06-04,0,1,1,0,1,1,1,0,1,1,1,0,1,1,1,0
1320,1.65790736706879,0.338965829349804,NJ,2024-06-05,0,1,1,1,1,1,1,1,0,0,1,1,0,1,1,0
1321,3.90497712840906,0.391390920300312,NJ,2024-06-06,0,1,1,1,0,1,1,0,0,0,1,0,0,0,1,0
1322,3.45720103898953,0.382626800460316,NJ,2024-06-07,0,1,1,1,1,1,1,0,0,1,1,0,1,1,1,0
1323,1.71278334273525,0.3710073824162375,NJ,2024-06-08,1,1,0,1,1,1,1,1,1,0,0,1,1,0,1,0
1324,5.41057445148155,0.3910500780372255,NJ,2024-06-09,0,0,1,1,1,1,1,0,0,0,1,0,0,1,1,0
1325,3.97667004365746,0.3982683500348685,NJ,2024-06-10,0,1,1,1,1,1,1,0,1,0,0,0,0,0,1,0
1326,3.85458687428657,0.3725601444814425,NJ,2024-06-11,1,1,1,0,1,1,1,0,0,0,1,0,0,1,1,0
1327,7.71487208062339,0.400265695202881,NJ,2024-06-12,0,1,1,1,1,1,1,0,0,0,0,1,0,1,1,0
1328,5.57738136308915,0.4319459161822,NJ,2024-06-13,0,0,1,1,1,0,1,0,0,0,1,0,0,0,1,0
1329,4.38989353739695,0.3832611041714195,NJ,2024-06-14,1,0,1,1,1,1,1,0,0,0,0,0,1,1,1,0
1330,4.80189792100627,0.382301592777426,NJ,2024-06-15,0,0,1,1,0,1,1,1,0,0,1,1,0,1,1,0
1331,2.97458891463556,0.3864815095969125,NJ,2024-06-16,0,1,1,1,1,1,1,0,0,0,1,0,0,1,1,0
1332,8.35693375156162,0.4346154249140325,NJ,2024-06-17,1,0,1,0,1,1,1,0,0,0,1,0,0,1,1,0
1333,8.81124624956216,0.445196539447104,NJ,2024-06-18,1,1,1,0,0,1,1,0,0,0,0,0,0,1,1,0
1334,3.06096188870027,0.470685930530431,NJ,2024-06-19,0,1,1,0,1,1,1,0,0,0,1,0,0,1,1,0
1335,11.2442774280221,0.467020302161032,NJ,2024-06-20,1,0,1,0,0,1,1,0,0,0,1,0,0,1,1,0
1336,13.0254127175834,0.530300685913555,NJ,2024-06-21,1,1,1,0,0,1,1,0,0,0,0,0,0,1,1,0
1337,4.0536429390265,0.476718839657894,NJ,2024-06-22,1,0,1,1,1,1,1,0,0,0,0,1,0,1,1,0
1338,2.489249200759,0.4795022746675145,NJ,2024-06-23,1,0,1,1,1,1,1,1,0,1,1,0,1,1,1,1
1339,19.5468078503209,0.5740462727122,NJ,2024-06-24,1,0,1,0,0,0,1,0,0,0,0,0,0,0,1,0
1340,18.1702773795286,0.67560259642603,NJ,2024-06-25,1,1,1,0,0,1,1,0,0,0,1,0,0,1,1,0
1341,20.2499209574132,0.608549153107275,NJ,2024-06-26,1,1,1,0,0,1,1,0,0,1,0,0,0,1,1,0
1342,14.104433871981,0.55117016741762,NJ,2024-06-27,0,1,1,0,1,1,1,0,0,0,1,0,1,1,1,0
1343,17.8637998583475,0.72065000837705,NJ,2024-06-28,0,0,1,0,1,1,1,0,0,0,1,0,1,1,1,0
1344,8.85642922728518,0.7127911485395,NJ,2024-06-29,0,1,0,0,1,1,1,0,0,1,1,0,0,1,1,0
1345,0.874740800421563,0.421181940383761,NM,2024-05-19,1,1,1,1,1,0,1,1,0,1,1,1,1,0,1,1
1346,1.53388083416687,0.270539556086902,NM,2024-05-20,0,1,1,1,1,1,1,0,0,0,1,1,1,1,1,1
1347,0.467361389822266,0.2541852905147755,NM,2024-05-21,1,1,1,1,1,1,1,1,0,1,1,1,1,1,1,0
1348,0.558314182303299,0.327060630229649,NM,2024-05-22,1,1,1,1,1,1,1,1,1,0,1,1,1,1,1,0
1349,1.36355574656376,0.3625703067471455,NM,2024-05-23,0,1,1,1,1,1,1,1,1,0,1,1,0,1,1,0
1350,2.65189004681027,0.28002793814831,NM,2024-05-24,0,1,1,1,1,1,1,0,0,1,0,1,0,1,1,0
1351,1.39906404168167,0.251236121280842,NM,2024-05-25,1,1,1,1,1,1,1,0,1,0,1,1,1,1,1,0
1352,0.888588719234416,0.2618390393993065,NM,2024-05-26,1,1,1,1,1,1,1,0,1,0,1,1,1,1,1,0
1353,0.912096984385442,0.2808245820995855,NM,2024-05-27,1,1,1,1,1,1,1,1,0,1,0,1,1,1,1,0
1354,1.200198774129,0.352622797464649,NM,2024-05-28,1,0,1,1,1,1,1,1,1,0,1,1,1,1,1,0
1355,1.11422629920297,0.3171325209762795,NM,2024-05-29,1,1,1,1,1,1,1,0,0,1,1,1,1,1,1,0
1356,0.723279852625303,0.289823000797685,NM,2024-05-30,1,1,1,1,1,1,1,1,0,0,1,1,1,0,1,0
1357,2.40408005912284,0.386622322512325,NM,2024-05-31,0,0,1,1,1,1,1,1,0,0,0,1,1,1,1,1
1358,2.20534984219038,0.46247137739437,NM,2024-06-01,0,0,1,1,1,1,1,1,0,0,1,1,1,1,1,0
1359,1.02188187897533,0.349276535513281,NM,2024-06-02,1,1,1,1,1,1,1,1,0,0,1,1,1,1,1,0
1360,3.02104250377915,0.431920079225615,NM,2024-06-03,0,1,1,1,0,1,1,0,1,0,1,1,0,0,1,0
1361,2.54641181148836,0.4344502768458465,NM,2024-06-04,0,0,1,1,1,1,0,1,0,0,1,1,0,1,0,1
1362,0.98840510898307,0.367774619663743,NM,2024-06-05,1,1,1,1,1,1,1,1,1,0,0,0,1,1,1,0
1363,2.17999150360889,0.438741345096699,NM,2024-06-06,0,1,1,1,1,1,0,0,0,0,1,1,0,1,0,0
1364,0.541687691502548,0.389429103509479,NM,2024-06-07,1,1,1,1,1,1,1,0,1,1,1,1,1,1,1,1
1365,0.357713073454924,0.2467821962467785,NM,2024-06-08,1,1,1,1,1,1,1,1,0,1,1,1,1,1,1,0
1366,0.508330712897971,0.3281916896608525,NM,2024-06-09,1,1,1,1,1,1,1,1,0,0,1,1,1,1,1,0
1367,3.62645921130765,0.452214988395789,NM,2024-06-10,0,1,1,1,1,1,0,0,0,1,0,1,0,1,0,0
1368,1.29397744698276,0.42820705339748,NM,2024-06-11,1,1,1,1,1,1,1,0,0,0,1,1,1,1,1,0
1369,1.27361748579155,0.4160242398012825,NM,2024-06-12,1,0,1,1,1,1,1,1,0,0,1,0,1,1,1,1
1370,2.48827343728731,0.413977337331598,NM,2024-06-13,0,0,1,1,1,1,1,0,0,0,1,1,0,1,1,1
1371,1.53829098658068,0.4323765520771365,NM,2024-06-14,1,1,1,1,0,1,1,0,1,0,0,0,0,1,1,0
1372,1.00235056511311,0.354863837865005,NM,2024-06-15,0,1,1,1,1,1,1,1,0,0,1,1,0,1,1,0
1373,2.06477526005546,0.446651062239922,NM,2024-06-16,0,1,1,1,1,1,1,0,0,0,0,1,0,1,1,0
1374,3.84343858268784,0.4682289918055455,NM,2024-06-17,0,1,1,0,1,1,1,0,0,0,1,0,0,1,1,0
1375,NA,NA,NM,2024-06-18,NA,NA,NA,NA,NA,NA,NA,NA,NA,NA,NA,NA,NA,NA,NA,NA
1376,2.43190911753074,0.52888955087409,NM,2024-06-19,1,1,1,1,1,1,1,0,0,0,1,0,1,1,1,0
1377,1.90870979111402,0.54554896498924,NM,2024-06-20,1,1,1,0,0,1,1,1,0,1,1,0,0,1,1,0
1378,0.824024214429496,0.597854324770485,NM,2024-06-21,1,1,1,1,1,1,1,0,0,1,1,1,1,1,1,0
1379,2.73861651237841,0.60621206645256,NM,2024-06-22,1,1,1,0,1,1,1,0,0,1,1,0,1,1,1,0
1380,4.08204127269533,0.62850176787705,NM,2024-06-23,1,0,1,0,1,1,1,0,0,1,1,0,1,1,1,0
1381,NA,NA,NM,2024-06-24,NA,NA,NA,NA,NA,NA,NA,NA,NA,NA,NA,NA,NA,NA,NA,NA
1382,5.97636160926919,0.57725346816866,NM,2024-06-25,1,1,1,0,1,1,1,0,0,0,1,0,0,1,1,0
1383,3.3743112446578,0.68738156008548,NM,2024-06-26,0,1,1,0,0,1,1,0,0,1,1,0,0,1,1,0
1384,3.76002741492985,0.713901343636195,NM,2024-06-27,1,0,1,0,1,1,1,0,0,0,1,0,1,1,1,1
1385,3.98896477959985,0.761465508716605,NM,2024-06-28,1,0,1,0,1,1,1,0,1,0,1,0,1,1,1,0
1386,1.64397056108034,0.79421427363329,NM,2024-06-29,1,1,1,0,0,1,1,0,0,1,1,0,0,1,1,0
1387,NA,NA,NV,2024-05-19,NA,NA,NA,NA,NA,NA,NA,NA,NA,NA,NA,NA,NA,NA,NA,NA
1388,0.283400350872823,0.200411343021725,NV,2024-05-20,1,1,1,1,1,1,1,1,1,1,1,1,1,1,1,1
1389,0.782815784856036,0.54287679069236,NV,2024-05-21,1,0,1,1,1,1,1,1,1,0,1,1,1,1,1,0
1390,NA,NA,NV,2024-05-22,NA,NA,NA,NA,NA,NA,NA,NA,NA,NA,NA,NA,NA,NA,NA,NA
1391,NA,NA,NV,2024-05-23,NA,NA,NA,NA,NA,NA,NA,NA,NA,NA,NA,NA,NA,NA,NA,NA
1392,NA,NA,NV,2024-05-24,NA,NA,NA,NA,NA,NA,NA,NA,NA,NA,NA,NA,NA,NA,NA,NA
1393,NA,NA,NV,2024-05-25,NA,NA,NA,NA,NA,NA,NA,NA,NA,NA,NA,NA,NA,NA,NA,NA
1394,NA,NA,NV,2024-05-26,NA,NA,NA,NA,NA,NA,NA,NA,NA,NA,NA,NA,NA,NA,NA,NA
1395,NA,NA,NV,2024-05-27,NA,NA,NA,NA,NA,NA,NA,NA,NA,NA,NA,NA,NA,NA,NA,NA
1396,NA,NA,NV,2024-05-28,NA,NA,NA,NA,NA,NA,NA,NA,NA,NA,NA,NA,NA,NA,NA,NA
1397,NA,NA,NV,2024-05-29,NA,NA,NA,NA,NA,NA,NA,NA,NA,NA,NA,NA,NA,NA,NA,NA
1398,NA,NA,NV,2024-05-30,NA,NA,NA,NA,NA,NA,NA,NA,NA,NA,NA,NA,NA,NA,NA,NA
1399,0.436718623156419,0.3158153034106925,NV,2024-05-31,1,1,1,1,1,1,1,1,0,1,1,1,1,1,1,0
1400,NA,NA,NV,2024-06-01,NA,NA,NA,NA,NA,NA,NA,NA,NA,NA,NA,NA,NA,NA,NA,NA
1401,NA,NA,NV,2024-06-02,NA,NA,NA,NA,NA,NA,NA,NA,NA,NA,NA,NA,NA,NA,NA,NA
1402,NA,NA,NV,2024-06-03,NA,NA,NA,NA,NA,NA,NA,NA,NA,NA,NA,NA,NA,NA,NA,NA
1403,NA,NA,NV,2024-06-04,NA,NA,NA,NA,NA,NA,NA,NA,NA,NA,NA,NA,NA,NA,NA,NA
1404,NA,NA,NV,2024-06-05,NA,NA,NA,NA,NA,NA,NA,NA,NA,NA,NA,NA,NA,NA,NA,NA
1405,NA,NA,NV,2024-06-06,NA,NA,NA,NA,NA,NA,NA,NA,NA,NA,NA,NA,NA,NA,NA,NA
1406,NA,NA,NV,2024-06-07,NA,NA,NA,NA,NA,NA,NA,NA,NA,NA,NA,NA,NA,NA,NA,NA
1407,NA,NA,NV,2024-06-08,NA,NA,NA,NA,NA,NA,NA,NA,NA,NA,NA,NA,NA,NA,NA,NA
1408,NA,NA,NV,2024-06-09,NA,NA,NA,NA,NA,NA,NA,NA,NA,NA,NA,NA,NA,NA,NA,NA
1409,0.935744130109741,0.334321680790078,NV,2024-06-10,1,1,1,1,1,1,1,1,1,1,1,1,1,1,1,1
1410,NA,NA,NV,2024-06-11,NA,NA,NA,NA,NA,NA,NA,NA,NA,NA,NA,NA,NA,NA,NA,NA
1411,0.957355061643943,0.3767479687771935,NV,2024-06-12,1,0,1,1,1,1,1,1,1,0,1,0,1,1,1,1
1412,1.29644620170342,0.394825136186072,NV,2024-06-13,1,1,1,1,1,1,1,0,1,0,0,1,0,1,1,0
1413,1.25511996327639,0.406672697137285,NV,2024-06-14,1,0,1,1,1,1,1,1,1,0,1,1,1,1,1,0
1414,0.891577566459847,0.394465468672502,NV,2024-06-15,1,1,1,1,1,1,1,1,0,0,1,1,1,1,1,0
1415,0.81033557110895,0.412340860887809,NV,2024-06-16,1,1,1,1,1,1,1,1,0,0,0,1,0,1,1,0
1416,0.462844818793016,0.338286638024419,NV,2024-06-17,1,1,1,1,1,1,1,1,0,1,1,1,0,1,1,1
1417,1.33298585687523,0.4505587806412175,NV,2024-06-18,1,0,1,1,1,1,1,1,0,0,1,0,1,1,1,1
1418,0.768650316391421,0.433303907632414,NV,2024-06-19,1,1,1,1,1,1,1,1,0,0,1,1,1,1,1,1
1419,2.12478978295754,0.47837879239087,NV,2024-06-20,1,0,1,0,1,1,1,1,0,0,1,0,1,1,1,1
1420,0.823397731964244,0.597854324770485,NV,2024-06-21,1,1,1,1,1,1,1,0,0,1,1,1,1,1,1,0
1421,NA,NA,NV,2024-06-22,NA,NA,NA,NA,NA,NA,NA,NA,NA,NA,NA,NA,NA,NA,NA,NA
1422,NA,NA,NV,2024-06-23,NA,NA,NA,NA,NA,NA,NA,NA,NA,NA,NA,NA,NA,NA,NA,NA
1423,NA,NA,NV,2024-06-24,NA,NA,NA,NA,NA,NA,NA,NA,NA,NA,NA,NA,NA,NA,NA,NA
1424,2.97087302240978,0.63803377172924,NV,2024-06-25,0,1,1,0,1,1,1,0,0,1,1,0,1,1,1,0
1425,5.27568234547407,0.69021508559236,NV,2024-06-26,1,0,1,0,1,1,1,0,0,0,1,0,1,1,1,0
1426,0.0930515470532933,0.0437487896950955,NV,2024-06-27,1,1,1,1,1,1,1,1,1,0,1,0,1,1,1,1
1427,NA,NA,NV,2024-06-28,NA,NA,NA,NA,NA,NA,NA,NA,NA,NA,NA,NA,NA,NA,NA,NA
1428,NA,NA,NV,2024-06-29,NA,NA,NA,NA,NA,NA,NA,NA,NA,NA,NA,NA,NA,NA,NA,NA
1429,3.79630796365443,0.2395925417788885,NY,2024-05-19,1,0,1,1,1,1,1,0,0,0,1,1,0,0,1,0
1430,7.61908939745368,0.289854969947994,NY,2024-05-20,1,0,1,0,0,1,1,0,0,1,1,0,0,0,1,0
1431,7.72017329472694,0.3376615008016115,NY,2024-05-21,0,1,1,1,0,1,1,0,0,0,1,1,0,0,1,0
1432,5.53171537334958,0.311932457333607,NY,2024-05-22,0,1,1,1,1,1,1,0,0,0,1,1,0,0,1,0
1433,3.70985085927765,0.3170727204604785,NY,2024-05-23,0,1,1,1,1,1,1,0,0,0,0,1,0,1,1,0
1434,3.95232521683627,0.285863828217507,NY,2024-05-24,0,1,1,1,1,1,1,0,0,0,1,1,0,1,1,0
1435,2.75406608247277,0.2998536339345915,NY,2024-05-25,0,0,1,1,1,1,1,1,0,0,0,1,0,1,1,1
1436,1.56618400936818,0.3365885419872895,NY,2024-05-26,1,0,1,1,0,1,1,1,0,1,1,1,1,0,1,1
1437,1.85628231843743,0.307529503343697,NY,2024-05-27,0,1,1,1,1,1,1,0,0,0,0,1,1,0,1,1
1438,9.11565180603716,0.3384217979604995,NY,2024-05-28,0,1,1,1,1,1,1,0,0,0,0,0,0,1,1,0
1439,3.47661444283731,0.3181648604455685,NY,2024-05-29,1,0,1,1,1,1,1,0,0,0,1,1,0,0,1,0
1440,8.73916716714302,0.394298143454436,NY,2024-05-30,0,1,1,0,0,1,1,0,0,0,0,0,0,0,1,0
1441,3.21984576502685,0.369517774335113,NY,2024-05-31,1,0,1,1,0,1,1,1,0,0,1,0,0,1,1,1
1442,4.8351067984767,0.389598504781028,NY,2024-06-01,0,1,1,1,0,1,1,0,0,0,0,0,0,0,1,0
1443,2.37561255876024,0.316324662876505,NY,2024-06-02,1,1,1,1,0,1,1,0,1,0,0,1,1,1,1,0
1444,8.22732305323486,0.373957484841999,NY,2024-06-03,0,0,1,1,1,1,1,0,0,0,0,0,1,1,1,0
1445,5.33961111695429,0.407324766757193,NY,2024-06-04,0,1,1,0,1,1,1,0,0,0,0,0,1,1,1,0
1446,8.69258476312112,0.3712614693480055,NY,2024-06-05,0,0,1,1,1,1,1,0,1,0,1,0,0,0,1,0
1447,6.2742441351267,0.354792468440376,NY,2024-06-06,0,0,1,1,1,1,1,0,1,0,1,0,0,1,1,0
1448,2.59358163620365,0.391774180854545,NY,2024-06-07,1,0,1,1,1,0,1,0,0,0,0,1,0,0,1,0
1449,2.54023184203539,0.348935373552903,NY,2024-06-08,0,0,1,1,0,1,1,1,0,0,0,1,0,1,1,1
1450,6.27065827144089,0.4284224037609045,NY,2024-06-09,0,0,0,1,0,0,1,0,0,0,0,0,0,0,1,0
1451,8.71747435879697,0.372579556469005,NY,2024-06-10,1,0,1,0,1,1,1,0,0,0,1,0,0,1,1,0
1452,4.92503123111225,0.3812113246993615,NY,2024-06-11,1,1,1,0,1,1,1,0,0,0,1,0,0,1,1,0
1453,15.0289425864164,0.408042454643435,NY,2024-06-12,0,0,1,0,1,0,1,0,0,0,0,1,0,0,1,0
1454,15.2479074895977,0.420353641637598,NY,2024-06-13,0,0,1,0,1,1,1,0,0,0,0,0,0,0,1,0
1455,16.91913671552,0.4085781626154745,NY,2024-06-14,1,0,1,0,0,1,1,0,0,0,0,0,0,0,1,0
1456,13.3573179426925,0.4536094740494075,NY,2024-06-15,0,0,1,1,0,1,1,0,0,0,1,0,0,1,1,0
1457,14.5439287017296,0.426937443785958,NY,2024-06-16,1,1,1,0,1,1,1,0,1,0,0,0,0,0,1,0
1458,27.0823152107369,0.4475849146635775,NY,2024-06-17,1,1,0,0,1,1,1,0,0,0,1,0,0,0,1,0
1459,24.5602341806128,0.4659464838612835,NY,2024-06-18,1,0,1,0,0,1,1,0,0,0,0,0,0,1,1,0
1460,27.4398333604472,0.493605675801726,NY,2024-06-19,1,1,1,0,1,1,1,0,0,0,0,0,0,1,1,0
1461,22.4189858303474,0.482650764164071,NY,2024-06-20,1,1,1,0,1,1,1,0,0,0,0,0,0,1,1,0
1462,18.9946024826794,0.52617013907286,NY,2024-06-21,1,1,1,0,1,1,1,0,0,0,0,0,0,1,1,0
1463,19.8633723716233,0.57732757780128,NY,2024-06-22,1,1,1,0,0,1,1,0,0,0,0,0,0,1,1,0
1464,12.2121182823589,0.597024541696445,NY,2024-06-23,1,1,1,0,1,1,1,0,0,1,1,0,0,1,1,0
1465,36.3229022191739,0.627602140873755,NY,2024-06-24,1,1,1,0,0,1,1,0,0,0,1,0,0,0,1,0
1466,32.0319017336877,0.604467305731945,NY,2024-06-25,1,1,1,0,1,1,1,0,0,0,1,0,0,0,1,0
1467,48.8864220762828,0.66325615206047,NY,2024-06-26,0,1,1,0,0,0,1,0,0,0,1,0,0,0,1,0
1468,41.3544205460488,0.68976554294979,NY,2024-06-27,1,1,1,0,1,1,1,0,0,0,0,0,0,1,1,0
1469,32.5837130752641,0.70091817810334,NY,2024-06-28,1,0,1,0,0,1,1,0,0,0,1,0,0,1,1,0
1470,10.7595578626774,0.626851922075625,NY,2024-06-29,0,1,1,0,1,1,1,0,0,0,1,0,1,1,1,0
1471,0.871069753935065,0.61910183621572,OH,2024-05-19,1,1,1,1,0,1,1,1,1,1,1,1,0,1,1,0
1472,NA,NA,OH,2024-05-20,NA,NA,NA,NA,NA,NA,NA,NA,NA,NA,NA,NA,NA,NA,NA,NA
1473,NA,NA,OH,2024-05-21,NA,NA,NA,NA,NA,NA,NA,NA,NA,NA,NA,NA,NA,NA,NA,NA
1474,NA,NA,OH,2024-05-22,NA,NA,NA,NA,NA,NA,NA,NA,NA,NA,NA,NA,NA,NA,NA,NA
1475,NA,NA,OH,2024-05-23,NA,NA,NA,NA,NA,NA,NA,NA,NA,NA,NA,NA,NA,NA,NA,NA
1476,0.336336796951598,0.240751430995354,OH,2024-05-24,1,1,1,1,1,1,1,1,1,1,1,1,1,0,1,0
1477,NA,NA,OH,2024-05-25,NA,NA,NA,NA,NA,NA,NA,NA,NA,NA,NA,NA,NA,NA,NA,NA
1478,NA,NA,OH,2024-05-26,NA,NA,NA,NA,NA,NA,NA,NA,NA,NA,NA,NA,NA,NA,NA,NA
1479,NA,NA,OH,2024-05-27,NA,NA,NA,NA,NA,NA,NA,NA,NA,NA,NA,NA,NA,NA,NA,NA
1480,0.383609430858592,0.283308924218472,OH,2024-05-28,1,1,1,1,1,1,1,1,0,1,1,1,1,1,1,0
1481,0.409200586935974,0.2804092341552015,OH,2024-05-29,1,1,1,1,1,1,1,1,0,1,1,1,1,1,1,0
1482,0.962922800061993,0.458520267849886,OH,2024-05-30,1,1,1,1,1,1,0,1,0,1,1,1,0,0,0,1
1483,0.899094955415225,0.636055167347075,OH,2024-05-31,1,1,1,0,1,1,1,1,1,0,1,0,1,1,1,1
1484,1.04221930213519,0.3266310142479405,OH,2024-06-01,1,1,1,1,1,1,1,0,1,0,1,1,1,1,1,0
1485,NA,NA,OH,2024-06-02,NA,NA,NA,NA,NA,NA,NA,NA,NA,NA,NA,NA,NA,NA,NA,NA
1486,0.363125282844609,0.256537940598439,OH,2024-06-03,1,1,1,1,1,1,1,1,0,1,1,1,1,1,1,0
1487,NA,NA,OH,2024-06-04,NA,NA,NA,NA,NA,NA,NA,NA,NA,NA,NA,NA,NA,NA,NA,NA
1488,0.519462674804164,0.3690799053523055,OH,2024-06-05,1,1,1,1,1,1,1,1,1,0,1,1,1,1,1,0
1489,0.534883202933236,0.379348574597391,OH,2024-06-06,1,1,1,1,1,1,1,1,0,1,1,1,1,1,1,0
1490,0.542946553699642,0.389429103509479,OH,2024-06-07,1,1,1,1,1,1,1,0,0,1,1,1,1,1,1,0
1491,0.734213535728198,0.51392761588005,OH,2024-06-08,1,1,1,1,0,1,1,1,1,0,1,1,0,1,1,1
1492,NA,NA,OH,2024-06-09,NA,NA,NA,NA,NA,NA,NA,NA,NA,NA,NA,NA,NA,NA,NA,NA
1493,0.354870009245868,0.249311593241492,OH,2024-06-10,1,1,1,1,1,1,1,1,0,1,1,1,0,1,1,1
1494,NA,NA,OH,2024-06-11,NA,NA,NA,NA,NA,NA,NA,NA,NA,NA,NA,NA,NA,NA,NA,NA
1495,0.606482304249366,0.4381191870728335,OH,2024-06-12,1,1,1,1,1,1,1,0,0,1,1,1,1,1,1,0
1496,0.627735501649382,0.4487131084640955,OH,2024-06-13,1,1,1,1,1,1,1,0,1,1,1,1,0,1,1,0
1497,0.393511655415926,0.2796875279809235,OH,2024-06-14,1,1,1,1,1,1,1,1,0,0,1,1,1,1,1,1
1498,NA,NA,OH,2024-06-15,NA,NA,NA,NA,NA,NA,NA,NA,NA,NA,NA,NA,NA,NA,NA,NA
1499,NA,NA,OH,2024-06-16,NA,NA,NA,NA,NA,NA,NA,NA,NA,NA,NA,NA,NA,NA,NA,NA
1500,0.704826177981508,0.50651935318332,OH,2024-06-17,1,1,1,1,1,1,1,0,1,0,1,1,1,1,1,0
1501,0.385933577845091,0.2626294683204345,OH,2024-06-18,1,1,1,1,1,1,1,1,1,1,1,0,1,1,1,0
1502,0.755599457068572,0.548176858394075,OH,2024-06-19,1,1,1,1,1,1,1,0,0,1,1,1,1,1,1,0
1503,NA,NA,OH,2024-06-20,NA,NA,NA,NA,NA,NA,NA,NA,NA,NA,NA,NA,NA,NA,NA,NA
1504,0.62237236524108,0.4643065110323285,OH,2024-06-21,0,1,1,1,1,1,1,1,0,1,0,1,1,1,1,1
1505,NA,NA,OH,2024-06-22,NA,NA,NA,NA,NA,NA,NA,NA,NA,NA,NA,NA,NA,NA,NA,NA
1506,NA,NA,OH,2024-06-23,NA,NA,NA,NA,NA,NA,NA,NA,NA,NA,NA,NA,NA,NA,NA,NA
1507,NA,NA,OH,2024-06-24,NA,NA,NA,NA,NA,NA,NA,NA,NA,NA,NA,NA,NA,NA,NA,NA
1508,NA,NA,OH,2024-06-25,NA,NA,NA,NA,NA,NA,NA,NA,NA,NA,NA,NA,NA,NA,NA,NA
1509,0.949053492019487,0.7100121718055,OH,2024-06-26,1,1,1,1,0,1,1,1,1,1,1,0,0,1,1,1
1510,4.11335206396536,0.727146330090635,OH,2024-06-27,1,0,1,0,1,1,1,0,1,0,1,0,1,1,1,0
1511,NA,NA,OH,2024-06-28,NA,NA,NA,NA,NA,NA,NA,NA,NA,NA,NA,NA,NA,NA,NA,NA
1512,NA,NA,OH,2024-06-29,NA,NA,NA,NA,NA,NA,NA,NA,NA,NA,NA,NA,NA,NA,NA,NA
1513,NA,NA,OK,2024-05-19,NA,NA,NA,NA,NA,NA,NA,NA,NA,NA,NA,NA,NA,NA,NA,NA
1514,0.273914513402928,0.200411343021725,OK,2024-05-20,1,1,1,1,1,1,1,1,1,0,1,1,1,1,1,0
1515,0.295091215984594,0.2102176277410545,OK,2024-05-21,1,1,1,1,1,1,1,1,1,1,1,1,1,1,1,1
1516,NA,NA,OK,2024-05-22,NA,NA,NA,NA,NA,NA,NA,NA,NA,NA,NA,NA,NA,NA,NA,NA
1517,NA,NA,OK,2024-05-23,NA,NA,NA,NA,NA,NA,NA,NA,NA,NA,NA,NA,NA,NA,NA,NA
1518,NA,NA,OK,2024-05-24,NA,NA,NA,NA,NA,NA,NA,NA,NA,NA,NA,NA,NA,NA,NA,NA
1519,NA,NA,OK,2024-05-25,NA,NA,NA,NA,NA,NA,NA,NA,NA,NA,NA,NA,NA,NA,NA,NA
1520,NA,NA,OK,2024-05-26,NA,NA,NA,NA,NA,NA,NA,NA,NA,NA,NA,NA,NA,NA,NA,NA
1521,NA,NA,OK,2024-05-27,NA,NA,NA,NA,NA,NA,NA,NA,NA,NA,NA,NA,NA,NA,NA,NA
1522,NA,NA,OK,2024-05-28,NA,NA,NA,NA,NA,NA,NA,NA,NA,NA,NA,NA,NA,NA,NA,NA
1523,NA,NA,OK,2024-05-29,NA,NA,NA,NA,NA,NA,NA,NA,NA,NA,NA,NA,NA,NA,NA,NA
1524,NA,NA,OK,2024-05-30,NA,NA,NA,NA,NA,NA,NA,NA,NA,NA,NA,NA,NA,NA,NA,NA
1525,0.672710731330342,0.4690314698139945,OK,2024-05-31,1,0,1,1,1,1,1,1,1,0,1,1,0,1,1,1
1526,NA,NA,OK,2024-06-01,NA,NA,NA,NA,NA,NA,NA,NA,NA,NA,NA,NA,NA,NA,NA,NA
1527,NA,NA,OK,2024-06-02,NA,NA,NA,NA,NA,NA,NA,NA,NA,NA,NA,NA,NA,NA,NA,NA
1528,NA,NA,OK,2024-06-03,NA,NA,NA,NA,NA,NA,NA,NA,NA,NA,NA,NA,NA,NA,NA,NA
1529,NA,NA,OK,2024-06-04,NA,NA,NA,NA,NA,NA,NA,NA,NA,NA,NA,NA,NA,NA,NA,NA
1530,NA,NA,OK,2024-06-05,NA,NA,NA,NA,NA,NA,NA,NA,NA,NA,NA,NA,NA,NA,NA,NA
1531,NA,NA,OK,2024-06-06,NA,NA,NA,NA,NA,NA,NA,NA,NA,NA,NA,NA,NA,NA,NA,NA
1532,0.35533122666882,0.2472472575898175,OK,2024-06-07,1,1,1,1,1,1,1,1,0,1,0,1,1,1,1,1
1533,NA,NA,OK,2024-06-08,NA,NA,NA,NA,NA,NA,NA,NA,NA,NA,NA,NA,NA,NA,NA,NA
1534,NA,NA,OK,2024-06-09,NA,NA,NA,NA,NA,NA,NA,NA,NA,NA,NA,NA,NA,NA,NA,NA
1535,NA,NA,OK,2024-06-10,NA,NA,NA,NA,NA,NA,NA,NA,NA,NA,NA,NA,NA,NA,NA,NA
1536,NA,NA,OK,2024-06-11,NA,NA,NA,NA,NA,NA,NA,NA,NA,NA,NA,NA,NA,NA,NA,NA
1537,NA,NA,OK,2024-06-12,NA,NA,NA,NA,NA,NA,NA,NA,NA,NA,NA,NA,NA,NA,NA,NA
1538,NA,NA,OK,2024-06-13,NA,NA,NA,NA,NA,NA,NA,NA,NA,NA,NA,NA,NA,NA,NA,NA
1539,NA,NA,OK,2024-06-14,NA,NA,NA,NA,NA,NA,NA,NA,NA,NA,NA,NA,NA,NA,NA,NA
1540,NA,NA,OK,2024-06-15,NA,NA,NA,NA,NA,NA,NA,NA,NA,NA,NA,NA,NA,NA,NA,NA
1541,0.851962696504884,0.601691939060485,OK,2024-06-16,1,1,1,1,1,0,1,1,0,1,1,1,1,0,1,1
1542,0.848287845684274,0.426213477346482,OK,2024-06-17,1,1,1,1,1,1,1,1,1,0,1,0,1,1,1,0
1543,0.731168026867417,0.52623414959258,OK,2024-06-18,1,1,1,1,1,1,1,0,1,1,1,1,1,0,1,0
1544,NA,NA,OK,2024-06-19,NA,NA,NA,NA,NA,NA,NA,NA,NA,NA,NA,NA,NA,NA,NA,NA
1545,0.693394608787071,0.4949041746207635,OK,2024-06-20,1,0,1,1,1,1,1,1,0,0,1,1,1,1,1,1
1546,NA,NA,OK,2024-06-21,NA,NA,NA,NA,NA,NA,NA,NA,NA,NA,NA,NA,NA,NA,NA,NA
1547,NA,NA,OK,2024-06-22,NA,NA,NA,NA,NA,NA,NA,NA,NA,NA,NA,NA,NA,NA,NA,NA
1548,NA,NA,OK,2024-06-23,NA,NA,NA,NA,NA,NA,NA,NA,NA,NA,NA,NA,NA,NA,NA,NA
1549,1.15326434928234,0.59422680505413,OK,2024-06-24,1,0,1,1,1,1,1,1,1,1,1,1,1,1,1,1
1550,0.808063725468441,0.613454527946745,OK,2024-06-25,0,1,1,1,1,1,1,1,1,1,1,1,1,1,1,1
1551,1.72977635628257,0.64894169308138006,OK,2024-06-26,0,1,1,0,1,1,1,1,0,1,1,0,0,1,1,1
1552,1.01138238092147,0.75864499091361,OK,2024-06-27,1,1,1,1,1,1,1,0,1,1,1,1,0,1,1,0
1553,NA,NA,OK,2024-06-28,NA,NA,NA,NA,NA,NA,NA,NA,NA,NA,NA,NA,NA,NA,NA,NA
1554,NA,NA,OK,2024-06-29,NA,NA,NA,NA,NA,NA,NA,NA,NA,NA,NA,NA,NA,NA,NA,NA
1555,NA,NA,OR,2024-05-19,NA,NA,NA,NA,NA,NA,NA,NA,NA,NA,NA,NA,NA,NA,NA,NA
1556,0.788072317673208,0.55105240834761,OR,2024-05-20,1,0,1,1,1,1,1,1,1,0,1,1,1,1,1,0
1557,0.695032505806267,0.3765472092167075,OR,2024-05-21,1,0,1,1,1,1,1,1,0,1,1,1,1,1,1,0
1558,NA,NA,OR,2024-05-22,NA,NA,NA,NA,NA,NA,NA,NA,NA,NA,NA,NA,NA,NA,NA,NA
1559,NA,NA,OR,2024-05-23,NA,NA,NA,NA,NA,NA,NA,NA,NA,NA,NA,NA,NA,NA,NA,NA
1560,NA,NA,OR,2024-05-24,NA,NA,NA,NA,NA,NA,NA,NA,NA,NA,NA,NA,NA,NA,NA,NA
1561,0.327579599021454,0.2795565233788475,OR,2024-05-25,1,1,1,1,1,1,1,1,1,0,1,1,1,1,1,0
1562,NA,NA,OR,2024-05-26,NA,NA,NA,NA,NA,NA,NA,NA,NA,NA,NA,NA,NA,NA,NA,NA
1563,0.345106727138149,0.282896297952095,OR,2024-05-27,1,1,1,1,1,1,1,1,0,1,1,1,1,1,1,0
1564,0.350303844974892,0.2849573361238805,OR,2024-05-28,1,1,1,1,1,1,1,1,1,0,1,1,1,1,1,0
1565,0.979797923577308,0.294128734381439,OR,2024-05-29,1,1,1,1,1,1,1,0,1,0,1,1,1,1,1,0
1566,0.429548616953078,0.304972590368573,OR,2024-05-30,1,1,1,1,1,1,1,1,0,1,1,1,1,1,1,0
1567,NA,NA,OR,2024-05-31,NA,NA,NA,NA,NA,NA,NA,NA,NA,NA,NA,NA,NA,NA,NA,NA
1568,NA,NA,OR,2024-06-01,NA,NA,NA,NA,NA,NA,NA,NA,NA,NA,NA,NA,NA,NA,NA,NA
1569,NA,NA,OR,2024-06-02,NA,NA,NA,NA,NA,NA,NA,NA,NA,NA,NA,NA,NA,NA,NA,NA
1570,NA,NA,OR,2024-06-03,NA,NA,NA,NA,NA,NA,NA,NA,NA,NA,NA,NA,NA,NA,NA,NA
1571,1.14465749011197,0.358645945950433,OR,2024-06-04,1,1,1,1,1,1,1,0,1,0,1,1,1,1,1,0
1572,0.521048969880203,0.3690799053523055,OR,2024-06-05,1,1,1,1,1,1,1,1,0,1,1,1,1,1,1,0
1573,0.964768755908549,0.444903265806932,OR,2024-06-06,0,1,1,1,1,1,1,1,1,0,0,0,1,1,1,0
1574,1.20854098772391,0.401661754044828,OR,2024-06-07,0,1,1,1,1,1,1,0,0,0,1,1,1,1,1,0
1575,NA,NA,OR,2024-06-08,NA,NA,NA,NA,NA,NA,NA,NA,NA,NA,NA,NA,NA,NA,NA,NA
1576,NA,NA,OR,2024-06-09,NA,NA,NA,NA,NA,NA,NA,NA,NA,NA,NA,NA,NA,NA,NA,NA
1577,0.585625737155636,0.4110527537184705,OR,2024-06-10,1,0,1,1,1,1,1,1,1,1,1,1,1,1,1,1
1578,0.361197879563567,0.252993040355264,OR,2024-06-11,1,1,1,1,1,1,1,1,1,1,1,1,1,1,1,1
1579,0.587824032091517,0.3673383696477555,OR,2024-06-12,1,1,1,1,1,1,1,1,1,0,0,1,1,1,1,1
1580,NA,NA,OR,2024-06-13,NA,NA,NA,NA,NA,NA,NA,NA,NA,NA,NA,NA,NA,NA,NA,NA
1581,0.564480686953603,0.343180112559104,OR,2024-06-14,1,1,1,1,1,1,1,1,0,0,0,1,0,1,1,1
1582,1.26564435671631,0.412019649060204,OR,2024-06-15,1,0,1,1,1,1,1,1,0,0,1,1,1,1,1,1
1583,NA,NA,OR,2024-06-16,NA,NA,NA,NA,NA,NA,NA,NA,NA,NA,NA,NA,NA,NA,NA,NA
1584,0.617566485886496,0.4338344408317055,OR,2024-06-17,1,0,1,1,1,1,1,1,1,1,1,1,1,1,1,1
1585,0.634212302744289,0.4505587806412175,OR,2024-06-18,1,0,1,1,1,1,1,1,1,0,1,1,0,1,1,1
1586,1.12797623773315,0.548552007803465,OR,2024-06-19,1,1,1,1,1,0,1,1,0,0,1,1,1,0,1,1
1587,2.61003556205633,0.525438267687965,OR,2024-06-20,1,1,1,0,0,1,1,0,0,0,0,0,0,1,1,0
1588,1.75885040987429,0.553338386857765,OR,2024-06-21,1,1,1,1,1,1,1,0,0,0,1,0,1,1,1,0
1589,1.91476752486899,0.600029956095055,OR,2024-06-22,1,1,1,0,1,1,1,0,1,1,1,0,1,1,1,0
1590,NA,NA,OR,2024-06-23,NA,NA,NA,NA,NA,NA,NA,NA,NA,NA,NA,NA,NA,NA,NA,NA
1591,NA,NA,OR,2024-06-24,NA,NA,NA,NA,NA,NA,NA,NA,NA,NA,NA,NA,NA,NA,NA,NA
1592,0.852448210012478,0.64267550757543,OR,2024-06-25,1,0,1,1,1,1,1,1,1,0,1,0,1,1,1,1
1593,0.879371328998911,0.672914112556105,OR,2024-06-26,1,0,1,1,1,1,1,1,1,0,1,1,0,1,1,1
1594,1.36771024465357,0.692415411472905,OR,2024-06-27,0,0,1,0,1,1,1,1,0,0,1,0,0,1,1,1
1595,1.56538904456325,0.756217848269125,OR,2024-06-28,1,0,1,0,1,1,1,0,0,0,1,0,1,1,1,0
1596,NA,NA,OR,2024-06-29,NA,NA,NA,NA,NA,NA,NA,NA,NA,NA,NA,NA,NA,NA,NA,NA
1597,NA,NA,PA,2024-05-19,NA,NA,NA,NA,NA,NA,NA,NA,NA,NA,NA,NA,NA,NA,NA,NA
1598,1.27813086413543,0.3035097448604175,PA,2024-05-20,0,1,1,1,0,1,1,1,1,0,1,1,0,0,1,0
1599,1.2237929814426,0.574757506792415,PA,2024-05-21,1,0,1,1,0,1,1,1,0,1,1,1,0,1,1,1
1600,1.3243146651693,0.3592206816554705,PA,2024-05-22,0,1,1,1,1,1,1,1,0,0,1,1,0,1,1,0
1601,0.810130399708012,0.412556706795743,PA,2024-05-23,1,1,1,1,0,1,1,1,0,1,1,1,0,1,1,1
1602,NA,NA,PA,2024-05-24,NA,NA,NA,NA,NA,NA,NA,NA,NA,NA,NA,NA,NA,NA,NA,NA
1603,NA,NA,PA,2024-05-25,NA,NA,NA,NA,NA,NA,NA,NA,NA,NA,NA,NA,NA,NA,NA,NA
1604,NA,NA,PA,2024-05-26,NA,NA,NA,NA,NA,NA,NA,NA,NA,NA,NA,NA,NA,NA,NA,NA
1605,0.691912835166633,0.3846503857165245,PA,2024-05-27,1,1,1,1,1,1,1,1,0,0,1,1,1,1,1,1
1606,0.810932447697782,0.399256560546481,PA,2024-05-28,1,1,0,1,1,1,1,1,1,0,0,1,1,1,1,1
1607,0.41235896422679,0.294128734381439,PA,2024-05-29,1,1,1,1,1,1,1,1,0,1,1,1,1,1,1,0
1608,0.686739517724452,0.475738096405278,PA,2024-05-30,1,0,1,1,1,1,1,1,1,0,1,1,1,0,1,1
1609,0.490803653511872,0.351417854611744,PA,2024-05-31,1,1,1,1,1,1,1,1,0,1,1,1,1,1,1,0
1610,1.0451764691975,0.3266310142479405,PA,2024-06-01,1,1,1,1,1,1,1,0,1,1,1,1,1,0,1,0
1611,NA,NA,PA,2024-06-02,NA,NA,NA,NA,NA,NA,NA,NA,NA,NA,NA,NA,NA,NA,NA,NA
1612,0.900307615199007,0.4411698163362715,PA,2024-06-03,1,1,1,0,1,1,1,1,0,1,1,0,1,1,1,1
1613,NA,NA,PA,2024-06-04,NA,NA,NA,NA,NA,NA,NA,NA,NA,NA,NA,NA,NA,NA,NA,NA
1614,0.494027879791146,0.352444346159797,PA,2024-06-05,1,1,1,1,1,1,1,1,1,0,1,1,1,1,1,0
1615,0.343295943965452,0.248568600391163,PA,2024-06-06,1,1,1,1,1,1,1,1,1,1,1,1,1,1,1,1
1616,0.55426980814715,0.389429103509479,PA,2024-06-07,1,1,1,1,1,1,1,0,0,1,1,1,1,1,1,0
1617,0.599759132911577,0.420693944695802,PA,2024-06-08,1,0,1,1,1,1,1,1,0,0,1,1,1,1,1,1
1618,NA,NA,PA,2024-06-09,NA,NA,NA,NA,NA,NA,NA,NA,NA,NA,NA,NA,NA,NA,NA,NA
1619,0.579736117491729,0.4185918541685225,PA,2024-06-10,1,1,1,1,1,1,1,0,0,1,1,1,1,1,1,0
1620,0.559962630984072,0.3628514779612285,PA,2024-06-11,1,1,1,1,1,1,1,1,1,1,1,1,0,1,1,0
1621,1.92753679929712,0.4266461858593115,PA,2024-06-12,0,1,1,1,1,0,1,0,0,0,1,0,1,0,1,0
1622,2.44598543910643,0.4668031007280765,PA,2024-06-13,0,1,1,1,0,1,1,0,0,0,1,0,0,0,1,0
1623,1.60532823832813,0.3494750245675275,PA,2024-06-14,0,1,1,1,1,1,1,1,1,0,1,1,1,1,1,0
1624,0.840264322850765,0.442902094837365,PA,2024-06-15,1,1,1,1,1,1,1,1,0,1,1,1,1,1,1,0
1625,0.941439200533024,0.350297497700644,PA,2024-06-16,0,1,1,1,1,1,1,1,0,0,1,1,1,1,1,1
1626,3.47771505497909,0.4753686764612005,PA,2024-06-17,0,0,1,0,1,1,1,0,1,1,0,0,0,1,1,0
1627,2.31527930677394,0.52623414959258,PA,2024-06-18,1,1,1,1,1,1,1,0,0,1,1,1,0,1,1,0
1628,2.43720208541757,0.515681037121535,PA,2024-06-19,1,1,1,0,1,1,1,0,1,1,1,0,1,1,1,0
1629,3.39550639523842,0.502762339632605,PA,2024-06-20,1,1,1,1,0,1,1,0,1,0,1,1,0,0,1,0
1630,1.97416227591076,0.559925756292575,PA,2024-06-21,1,1,1,0,1,1,1,0,0,0,1,0,1,1,1,0
1631,1.15523290669429,0.57731353893986,PA,2024-06-22,1,0,1,1,0,1,1,1,0,0,1,0,0,1,1,1
1632,0.778394048169503,0.58088407097433,PA,2024-06-23,1,0,1,1,1,1,1,1,1,0,1,0,1,1,1,1
1633,3.26476866572637,0.66487512606605,PA,2024-06-24,1,1,0,0,1,1,1,0,1,1,0,0,1,1,1,0
1634,3.8114753612076,0.66858783893086,PA,2024-06-25,1,0,1,0,0,1,1,0,1,0,0,0,0,1,1,1
1635,3.18012369344243,0.596230619575625,PA,2024-06-26,1,1,1,0,1,1,1,0,0,0,1,0,1,1,1,0
1636,3.76461030512625,0.71449193795314,PA,2024-06-27,0,0,1,0,1,1,1,0,0,0,1,0,1,0,1,0
1637,3.10785384889875,0.756217848269125,PA,2024-06-28,1,0,1,0,1,1,1,0,1,0,1,0,0,1,1,0
1638,2.08528852970998,0.768457908460595,PA,2024-06-29,0,0,1,0,1,1,1,0,0,0,1,0,0,1,1,0
1639,0.263796027497363,0.1908202246861655,PR,2024-05-19,1,1,1,1,1,1,1,1,1,1,1,1,0,1,1,0
1640,3.05617472279635,0.2172151400206865,PR,2024-05-20,0,1,1,1,1,1,1,0,1,1,1,1,0,0,1,0
1641,0.748117904266612,0.2102176277410545,PR,2024-05-21,1,1,1,1,1,1,1,0,1,1,1,1,1,1,1,1
1642,0.495027558859253,0.2578034609213885,PR,2024-05-22,1,1,1,1,1,1,1,1,1,1,1,1,0,1,1,0
1643,0.822648854071677,0.3223870902153575,PR,2024-05-23,1,1,1,1,1,1,1,1,0,1,1,1,0,1,1,0
1644,2.34211774811336,0.315830640229203,PR,2024-05-24,0,1,1,1,1,1,1,0,0,0,1,1,1,0,1,0
1645,0.327263992693644,0.2795565233788475,PR,2024-05-25,1,1,1,1,1,1,1,1,0,1,1,1,1,1,1,0
1646,NA,NA,PR,2024-05-26,NA,NA,NA,NA,NA,NA,NA,NA,NA,NA,NA,NA,NA,NA,NA,NA
1647,0.378770373881538,0.272537718689547,PR,2024-05-27,1,1,1,1,1,1,1,1,0,1,1,1,1,1,1,0
1648,1.16532797830224,0.305256974526111,PR,2024-05-28,1,1,1,1,1,1,1,1,0,1,1,1,0,1,1,1
1649,1.38496557179994,0.3209664854087525,PR,2024-05-29,1,1,1,1,1,1,1,0,0,0,1,1,0,0,1,0
1650,8.36585793973276,0.3117708643750175,PR,2024-05-30,0,1,1,1,0,1,1,0,0,0,1,1,0,0,1,0
1651,1.00836277674733,0.287970195730604,PR,2024-05-31,1,1,1,1,1,1,1,1,0,1,0,1,1,1,1,1
1652,0.83645396661432,0.319460335729701,PR,2024-06-01,1,1,1,1,1,1,1,1,1,1,1,0,1,1,1,0
1653,NA,NA,PR,2024-06-02,NA,NA,NA,NA,NA,NA,NA,NA,NA,NA,NA,NA,NA,NA,NA,NA
1654,0.903705641033013,0.352141020012448,PR,2024-06-03,1,0,1,1,1,1,1,1,1,1,1,1,0,1,1,0
1655,NA,NA,PR,2024-06-04,NA,NA,NA,NA,NA,NA,NA,NA,NA,NA,NA,NA,NA,NA,NA,NA
1656,NA,NA,PR,2024-06-05,NA,NA,NA,NA,NA,NA,NA,NA,NA,NA,NA,NA,NA,NA,NA,NA
1657,NA,NA,PR,2024-06-06,NA,NA,NA,NA,NA,NA,NA,NA,NA,NA,NA,NA,NA,NA,NA,NA
1658,NA,NA,PR,2024-06-07,NA,NA,NA,NA,NA,NA,NA,NA,NA,NA,NA,NA,NA,NA,NA,NA
1659,NA,NA,PR,2024-06-08,NA,NA,NA,NA,NA,NA,NA,NA,NA,NA,NA,NA,NA,NA,NA,NA
1660,NA,NA,PR,2024-06-09,NA,NA,NA,NA,NA,NA,NA,NA,NA,NA,NA,NA,NA,NA,NA,NA
1661,NA,NA,PR,2024-06-10,NA,NA,NA,NA,NA,NA,NA,NA,NA,NA,NA,NA,NA,NA,NA,NA
1662,0.897576031781367,0.4536484296771515,PR,2024-06-11,1,1,1,1,0,1,1,1,0,1,1,1,0,1,1,1
1663,1.64271797349428,0.3956506966177865,PR,2024-06-12,1,1,1,1,1,1,1,0,0,0,1,1,1,1,1,0
1664,1.49772776959715,0.353510106628703,PR,2024-06-13,1,1,1,1,1,1,1,1,0,1,1,1,0,1,1,0
1665,4.61238950171797,0.407242251074928,PR,2024-06-14,1,1,1,0,1,1,1,0,0,0,1,0,0,1,1,0
1666,1.20298097146959,0.413748054194875,PR,2024-06-15,1,1,1,1,1,1,1,0,0,0,1,1,1,0,1,0
1667,NA,NA,PR,2024-06-16,NA,NA,NA,NA,NA,NA,NA,NA,NA,NA,NA,NA,NA,NA,NA,NA
1668,4.56420373900964,0.4242580651284845,PR,2024-06-17,1,0,1,0,0,1,1,0,0,0,0,0,0,1,1,0
1669,7.28447657545425,0.4549792192664045,PR,2024-06-18,1,1,1,0,0,1,1,0,0,0,1,0,0,1,1,0
1670,3.99259628199721,0.4770586417566455,PR,2024-06-19,1,0,1,0,1,1,1,0,0,0,1,0,0,1,1,0
1671,5.73687240611688,0.4949189066790375,PR,2024-06-20,0,0,1,0,1,1,1,0,0,0,1,0,1,1,1,0
1672,9.32571839738362,0.53864339529355,PR,2024-06-21,0,0,1,0,1,1,1,0,0,0,1,0,0,0,1,0
1673,4.11382491149081,0.57535413618526,PR,2024-06-22,1,1,1,0,1,1,1,0,1,0,1,0,1,1,1,0
1674,0.719072951109144,0.53903587446264,PR,2024-06-23,0,1,1,1,1,1,1,1,1,1,1,1,1,1,1,1
1675,15.202201400113,0.623834361184805,PR,2024-06-24,0,0,1,0,0,1,1,0,0,0,1,0,0,1,1,0
1676,38.6383220605367,0.66053453195864,PR,2024-06-25,0,1,1,0,0,1,1,0,0,0,1,0,0,0,1,0
1677,5.47055624011573,0.69862153953472,PR,2024-06-26,1,0,1,0,1,1,1,0,0,1,1,0,1,1,1,0
1678,6.6581003658488,0.72985944787031,PR,2024-06-27,1,1,1,0,1,1,1,0,0,0,1,0,0,1,1,0
1679,2.30406160146118,0.740092666872115,PR,2024-06-28,1,0,1,0,0,1,1,1,1,0,1,0,1,1,1,1
1680,2.07812430210649,0.768457908460595,PR,2024-06-29,0,0,1,0,1,1,1,0,0,0,1,0,1,1,1,1
1681,NA,NA,RI,2024-05-19,NA,NA,NA,NA,NA,NA,NA,NA,NA,NA,NA,NA,NA,NA,NA,NA
1682,NA,NA,RI,2024-05-20,NA,NA,NA,NA,NA,NA,NA,NA,NA,NA,NA,NA,NA,NA,NA,NA
1683,0.288194732837732,0.2102176277410545,RI,2024-05-21,1,1,1,1,1,1,1,1,1,1,0,1,1,1,1,0
1684,0.765524138424303,0.220222128344947,RI,2024-05-22,1,1,1,1,1,1,1,0,0,1,1,1,1,1,1,0
1685,NA,NA,RI,2024-05-23,NA,NA,NA,NA,NA,NA,NA,NA,NA,NA,NA,NA,NA,NA,NA,NA
1686,0.748000590519094,0.51916078613811,RI,2024-05-24,1,0,1,1,1,1,1,1,0,0,1,1,1,1,1,1
1687,NA,NA,RI,2024-05-25,NA,NA,NA,NA,NA,NA,NA,NA,NA,NA,NA,NA,NA,NA,NA,NA
1688,NA,NA,RI,2024-05-26,NA,NA,NA,NA,NA,NA,NA,NA,NA,NA,NA,NA,NA,NA,NA,NA
1689,NA,NA,RI,2024-05-27,NA,NA,NA,NA,NA,NA,NA,NA,NA,NA,NA,NA,NA,NA,NA,NA
1690,0.699690791883624,0.386455528135033,RI,2024-05-28,1,1,1,1,1,1,1,1,0,1,1,1,1,1,1,0
1691,NA,NA,RI,2024-05-29,NA,NA,NA,NA,NA,NA,NA,NA,NA,NA,NA,NA,NA,NA,NA,NA
1692,NA,NA,RI,2024-05-30,NA,NA,NA,NA,NA,NA,NA,NA,NA,NA,NA,NA,NA,NA,NA,NA
1693,NA,NA,RI,2024-05-31,NA,NA,NA,NA,NA,NA,NA,NA,NA,NA,NA,NA,NA,NA,NA,NA
1694,0.458761899252016,0.3266310142479405,RI,2024-06-01,1,1,1,1,1,1,1,1,1,1,1,1,0,1,1,0
1695,NA,NA,RI,2024-06-02,NA,NA,NA,NA,NA,NA,NA,NA,NA,NA,NA,NA,NA,NA,NA,NA
1696,0.760725274086753,0.537762150954455,RI,2024-06-03,1,1,1,1,0,1,1,1,1,1,1,1,1,1,1,1
1697,NA,NA,RI,2024-06-04,NA,NA,NA,NA,NA,NA,NA,NA,NA,NA,NA,NA,NA,NA,NA,NA
1698,1.38648764127461,0.320038238438249,RI,2024-06-05,0,1,1,1,1,1,1,1,1,0,1,1,0,1,1,1
1699,0.533076545110192,0.379348574597391,RI,2024-06-06,1,1,1,1,1,1,1,1,0,1,1,1,1,1,1,0
1700,NA,NA,RI,2024-06-07,NA,NA,NA,NA,NA,NA,NA,NA,NA,NA,NA,NA,NA,NA,NA,NA
1701,0.551652070567184,0.399310820291325,RI,2024-06-08,1,1,1,1,1,1,1,0,1,1,1,1,1,1,1,1
1702,0.579911479956335,0.409009617573332,RI,2024-06-09,1,1,1,1,1,1,1,0,1,0,1,1,1,1,1,0
1703,0.71976742906895,0.50434185588725,RI,2024-06-10,1,1,1,1,0,1,1,1,0,1,1,1,0,1,1,1
1704,1.25959307496028,0.4073543401309415,RI,2024-06-11,1,0,1,1,1,1,1,1,0,0,1,1,1,1,1,1
1705,0.95490261966487,0.338038049322683,RI,2024-06-12,1,1,1,1,1,1,1,1,1,0,1,1,0,1,1,1
1706,0.377493056371957,0.2676462186907545,RI,2024-06-13,1,1,1,1,1,1,1,1,0,0,1,1,1,1,1,1
1707,NA,NA,RI,2024-06-14,NA,NA,NA,NA,NA,NA,NA,NA,NA,NA,NA,NA,NA,NA,NA,NA
1708,NA,NA,RI,2024-06-15,NA,NA,NA,NA,NA,NA,NA,NA,NA,NA,NA,NA,NA,NA,NA,NA
1709,0.768993913662877,0.408337623224181,RI,2024-06-16,1,1,1,1,1,1,1,1,0,0,1,0,1,1,1,0
1710,0.920352067192634,0.471868816225509,RI,2024-06-17,1,1,1,1,0,1,1,1,1,1,1,1,1,1,1,1
1711,NA,NA,RI,2024-06-18,NA,NA,NA,NA,NA,NA,NA,NA,NA,NA,NA,NA,NA,NA,NA,NA
1712,1.55230365562942,0.548176858394075,RI,2024-06-19,1,1,1,1,1,1,1,0,1,0,1,0,1,1,1,0
1713,2.63587763754625,0.547951821171325,RI,2024-06-20,1,1,1,0,0,1,1,1,1,1,1,0,0,1,1,0
1714,0.722412559852167,0.521652334344075,RI,2024-06-21,1,0,1,1,1,1,1,1,1,0,1,1,0,1,1,1
1715,1.25484114227732,0.614406201084875,RI,2024-06-22,1,1,1,1,0,1,1,0,1,0,1,1,0,1,1,1
1716,1.78629977406141,0.652310616328415,RI,2024-06-23,1,1,1,1,1,1,1,0,1,0,1,0,1,1,1,0
1717,0.764319639242231,0.57664023076139,RI,2024-06-24,0,1,1,1,1,1,1,1,0,1,1,0,1,1,1,1
1718,2.6041718813337,0.54320594592791,RI,2024-06-25,0,1,1,0,1,1,1,0,0,0,1,0,0,1,1,0
1719,4.43687530368634,0.715470656269815,RI,2024-06-26,1,1,1,0,1,1,1,0,1,0,1,0,0,1,1,0
1720,1.13435608312618,0.4761932042136365,RI,2024-06-27,1,0,1,1,1,1,1,1,1,0,1,0,1,1,1,1
1721,1.48604270861981,0.737429107154035,RI,2024-06-28,0,1,1,0,0,1,1,1,0,1,1,0,0,1,1,0
1722,3.16605391130844,0.7745223677405,RI,2024-06-29,0,1,1,0,1,1,1,0,1,1,1,0,1,1,1,0
1723,NA,NA,SC,2024-05-19,NA,NA,NA,NA,NA,NA,NA,NA,NA,NA,NA,NA,NA,NA,NA,NA
1724,NA,NA,SC,2024-05-20,NA,NA,NA,NA,NA,NA,NA,NA,NA,NA,NA,NA,NA,NA,NA,NA
1725,NA,NA,SC,2024-05-21,NA,NA,NA,NA,NA,NA,NA,NA,NA,NA,NA,NA,NA,NA,NA,NA
1726,0.761084300431802,0.53483213815443,SC,2024-05-22,1,0,1,1,1,1,1,1,0,0,1,1,1,1,1,1
1727,0.457416119453105,0.324198000063333,SC,2024-05-23,1,1,1,1,1,1,1,1,0,1,1,1,1,1,1,0
1728,NA,NA,SC,2024-05-24,NA,NA,NA,NA,NA,NA,NA,NA,NA,NA,NA,NA,NA,NA,NA,NA
1729,NA,NA,SC,2024-05-25,NA,NA,NA,NA,NA,NA,NA,NA,NA,NA,NA,NA,NA,NA,NA,NA
1730,NA,NA,SC,2024-05-26,NA,NA,NA,NA,NA,NA,NA,NA,NA,NA,NA,NA,NA,NA,NA,NA
1731,NA,NA,SC,2024-05-27,NA,NA,NA,NA,NA,NA,NA,NA,NA,NA,NA,NA,NA,NA,NA,NA
1732,NA,NA,SC,2024-05-28,NA,NA,NA,NA,NA,NA,NA,NA,NA,NA,NA,NA,NA,NA,NA,NA
1733,NA,NA,SC,2024-05-29,NA,NA,NA,NA,NA,NA,NA,NA,NA,NA,NA,NA,NA,NA,NA,NA
1734,0.688262540873928,0.475738096405278,SC,2024-05-30,1,0,1,1,1,1,1,1,1,0,1,1,1,1,1,0
1735,NA,NA,SC,2024-05-31,NA,NA,NA,NA,NA,NA,NA,NA,NA,NA,NA,NA,NA,NA,NA,NA
1736,NA,NA,SC,2024-06-01,NA,NA,NA,NA,NA,NA,NA,NA,NA,NA,NA,NA,NA,NA,NA,NA
1737,NA,NA,SC,2024-06-02,NA,NA,NA,NA,NA,NA,NA,NA,NA,NA,NA,NA,NA,NA,NA,NA
1738,NA,NA,SC,2024-06-03,NA,NA,NA,NA,NA,NA,NA,NA,NA,NA,NA,NA,NA,NA,NA,NA
1739,0.766935326254487,0.53304180094689,SC,2024-06-04,1,1,1,1,0,1,1,1,0,1,1,1,0,1,1,1
1740,0.747929384929824,0.5283177558168,SC,2024-06-05,1,1,1,1,0,1,1,1,0,1,1,1,0,1,1,1
1741,1.96795548007616,0.586196521662995,SC,2024-06-06,0,1,1,1,1,0,1,1,1,0,1,1,0,0,1,0
1742,NA,NA,SC,2024-06-07,NA,NA,NA,NA,NA,NA,NA,NA,NA,NA,NA,NA,NA,NA,NA,NA
1743,NA,NA,SC,2024-06-08,NA,NA,NA,NA,NA,NA,NA,NA,NA,NA,NA,NA,NA,NA,NA,NA
1744,NA,NA,SC,2024-06-09,NA,NA,NA,NA,NA,NA,NA,NA,NA,NA,NA,NA,NA,NA,NA,NA
1745,2.67651669173404,0.559677415307645,SC,2024-06-10,0,1,1,1,1,0,1,1,0,0,1,1,1,0,1,0
1746,NA,NA,SC,2024-06-11,NA,NA,NA,NA,NA,NA,NA,NA,NA,NA,NA,NA,NA,NA,NA,NA
1747,NA,NA,SC,2024-06-12,NA,NA,NA,NA,NA,NA,NA,NA,NA,NA,NA,NA,NA,NA,NA,NA
1748,NA,NA,SC,2024-06-13,NA,NA,NA,NA,NA,NA,NA,NA,NA,NA,NA,NA,NA,NA,NA,NA
1749,NA,NA,SC,2024-06-14,NA,NA,NA,NA,NA,NA,NA,NA,NA,NA,NA,NA,NA,NA,NA,NA
1750,NA,NA,SC,2024-06-15,NA,NA,NA,NA,NA,NA,NA,NA,NA,NA,NA,NA,NA,NA,NA,NA
1751,NA,NA,SC,2024-06-16,NA,NA,NA,NA,NA,NA,NA,NA,NA,NA,NA,NA,NA,NA,NA,NA
1752,NA,NA,SC,2024-06-17,NA,NA,NA,NA,NA,NA,NA,NA,NA,NA,NA,NA,NA,NA,NA,NA
1753,0.731273541346936,0.52623414959258,SC,2024-06-18,1,1,1,1,1,1,1,0,0,1,1,1,1,1,1,0
1754,NA,NA,SC,2024-06-19,NA,NA,NA,NA,NA,NA,NA,NA,NA,NA,NA,NA,NA,NA,NA,NA
1755,NA,NA,SC,2024-06-20,NA,NA,NA,NA,NA,NA,NA,NA,NA,NA,NA,NA,NA,NA,NA,NA
1756,NA,NA,SC,2024-06-21,NA,NA,NA,NA,NA,NA,NA,NA,NA,NA,NA,NA,NA,NA,NA,NA
1757,NA,NA,SC,2024-06-22,NA,NA,NA,NA,NA,NA,NA,NA,NA,NA,NA,NA,NA,NA,NA,NA
1758,NA,NA,SC,2024-06-23,NA,NA,NA,NA,NA,NA,NA,NA,NA,NA,NA,NA,NA,NA,NA,NA
1759,NA,NA,SC,2024-06-24,NA,NA,NA,NA,NA,NA,NA,NA,NA,NA,NA,NA,NA,NA,NA,NA
1760,0.865070094341993,0.64267550757543,SC,2024-06-25,1,0,1,1,1,1,1,1,1,0,1,0,1,1,1,1
1761,0.983648182173146,0.733467518183005,SC,2024-06-26,1,1,1,1,1,1,1,0,1,1,1,0,1,1,1,0
1762,NA,NA,SC,2024-06-27,NA,NA,NA,NA,NA,NA,NA,NA,NA,NA,NA,NA,NA,NA,NA,NA
1763,0.949489338513788,0.729979546031725,SC,2024-06-28,1,0,1,1,1,1,1,1,1,0,1,0,1,1,1,1
1764,NA,NA,SC,2024-06-29,NA,NA,NA,NA,NA,NA,NA,NA,NA,NA,NA,NA,NA,NA,NA,NA
1765,NA,NA,SD,2024-05-19,NA,NA,NA,NA,NA,NA,NA,NA,NA,NA,NA,NA,NA,NA,NA,NA
1766,0.277586080512137,0.200411343021725,SD,2024-05-20,1,1,1,1,1,1,1,1,1,1,1,1,0,1,1,0
1767,NA,NA,SD,2024-05-21,NA,NA,NA,NA,NA,NA,NA,NA,NA,NA,NA,NA,NA,NA,NA,NA
1768,0.908992993690075,0.642107697026395,SD,2024-05-22,1,1,1,1,1,0,1,1,0,1,1,1,1,0,1,1
1769,NA,NA,SD,2024-05-23,NA,NA,NA,NA,NA,NA,NA,NA,NA,NA,NA,NA,NA,NA,NA,NA
1770,NA,NA,SD,2024-05-24,NA,NA,NA,NA,NA,NA,NA,NA,NA,NA,NA,NA,NA,NA,NA,NA
1771,NA,NA,SD,2024-05-25,NA,NA,NA,NA,NA,NA,NA,NA,NA,NA,NA,NA,NA,NA,NA,NA
1772,NA,NA,SD,2024-05-26,NA,NA,NA,NA,NA,NA,NA,NA,NA,NA,NA,NA,NA,NA,NA,NA
1773,0.375884854955971,0.272537718689547,SD,2024-05-27,1,1,1,1,1,1,1,1,1,0,1,1,1,1,1,0
1774,NA,NA,SD,2024-05-28,NA,NA,NA,NA,NA,NA,NA,NA,NA,NA,NA,NA,NA,NA,NA,NA
1775,NA,NA,SD,2024-05-29,NA,NA,NA,NA,NA,NA,NA,NA,NA,NA,NA,NA,NA,NA,NA,NA
1776,NA,NA,SD,2024-05-30,NA,NA,NA,NA,NA,NA,NA,NA,NA,NA,NA,NA,NA,NA,NA,NA
1777,NA,NA,SD,2024-05-31,NA,NA,NA,NA,NA,NA,NA,NA,NA,NA,NA,NA,NA,NA,NA,NA
1778,NA,NA,SD,2024-06-01,NA,NA,NA,NA,NA,NA,NA,NA,NA,NA,NA,NA,NA,NA,NA,NA
1779,NA,NA,SD,2024-06-02,NA,NA,NA,NA,NA,NA,NA,NA,NA,NA,NA,NA,NA,NA,NA,NA
1780,NA,NA,SD,2024-06-03,NA,NA,NA,NA,NA,NA,NA,NA,NA,NA,NA,NA,NA,NA,NA,NA
1781,0.629659284527187,0.443639074788949,SD,2024-06-04,1,0,1,1,1,1,1,1,1,0,1,1,1,1,1,0
1782,NA,NA,SD,2024-06-05,NA,NA,NA,NA,NA,NA,NA,NA,NA,NA,NA,NA,NA,NA,NA,NA
1783,NA,NA,SD,2024-06-06,NA,NA,NA,NA,NA,NA,NA,NA,NA,NA,NA,NA,NA,NA,NA,NA
1784,NA,NA,SD,2024-06-07,NA,NA,NA,NA,NA,NA,NA,NA,NA,NA,NA,NA,NA,NA,NA,NA
1785,NA,NA,SD,2024-06-08,NA,NA,NA,NA,NA,NA,NA,NA,NA,NA,NA,NA,NA,NA,NA,NA
1786,0.569446822855284,0.409009617573332,SD,2024-06-09,1,1,1,1,1,1,1,0,1,0,1,1,1,1,1,0
1787,NA,NA,SD,2024-06-10,NA,NA,NA,NA,NA,NA,NA,NA,NA,NA,NA,NA,NA,NA,NA,NA
1788,1.3014007512959,0.42820705339748,SD,2024-06-11,1,1,1,1,1,1,1,0,0,1,1,1,1,1,1,0
1789,0.610994734454827,0.4381191870728335,SD,2024-06-12,1,1,1,1,1,1,1,0,1,1,1,1,0,1,1,0
1790,1.3414333827275,0.4487131084640955,SD,2024-06-13,1,1,1,1,1,1,1,0,1,1,1,1,0,1,1,0
1791,1.36078980989308,0.4356145854970065,SD,2024-06-14,1,0,1,1,1,1,1,1,0,0,1,1,0,1,1,1
1792,0.662570226292869,0.4737845406145265,SD,2024-06-15,1,1,1,1,1,1,1,0,1,1,1,1,1,1,1,1
1793,1.36199925476291,0.443688455415484,SD,2024-06-16,1,0,1,1,1,1,1,1,0,0,1,1,1,0,1,1
1794,NA,NA,SD,2024-06-17,NA,NA,NA,NA,NA,NA,NA,NA,NA,NA,NA,NA,NA,NA,NA,NA
1795,0.510436555811713,0.36526021111497,SD,2024-06-18,1,1,1,1,1,1,1,1,1,1,1,1,1,1,1,1
1796,0.757942285679122,0.548176858394075,SD,2024-06-19,1,1,1,1,1,1,1,0,1,1,1,0,1,1,1,0
1797,0.787267177638997,0.57216519353684,SD,2024-06-20,1,1,1,1,1,1,1,0,1,1,1,1,0,1,1,0
1798,0.81933571463091,0.597854324770485,SD,2024-06-21,1,1,1,1,1,1,1,0,0,1,1,1,1,1,1,0
1799,1.7058352328833,0.624758397525065,SD,2024-06-22,1,1,1,1,1,1,1,0,0,1,1,1,1,1,1,0
1800,1.78017469716473,0.652310616328415,SD,2024-06-23,1,1,1,1,1,1,1,0,0,1,1,0,1,1,1,0
1801,0.921648706026224,0.679938815227755,SD,2024-06-24,1,1,1,1,1,1,1,0,1,1,1,0,1,1,1,0
1802,1.22490980143533,0.628065017761085,SD,2024-06-25,1,0,1,0,1,1,1,1,1,1,1,1,1,1,1,1
1803,NA,NA,SD,2024-06-26,NA,NA,NA,NA,NA,NA,NA,NA,NA,NA,NA,NA,NA,NA,NA,NA
1804,1.49626223371107,0.73037858788539,SD,2024-06-27,1,0,1,0,1,1,1,0,0,0,1,0,1,1,1,0
1805,NA,NA,SD,2024-06-28,NA,NA,NA,NA,NA,NA,NA,NA,NA,NA,NA,NA,NA,NA,NA,NA
1806,2.51366415348348,0.7886282528428,SD,2024-06-29,1,0,1,0,1,1,1,0,1,1,1,0,1,1,1,0
1807,NA,NA,TN,2024-05-19,NA,NA,NA,NA,NA,NA,NA,NA,NA,NA,NA,NA,NA,NA,NA,NA
1808,0.486211006653494,0.351645516012379,TN,2024-05-20,1,1,1,1,1,1,1,1,0,1,1,1,1,1,1,0
1809,0.292148647682635,0.2102176277410545,TN,2024-05-21,1,1,1,1,1,1,1,1,1,1,1,1,1,1,1,1
1810,1.08470167867019,0.332966126074272,TN,2024-05-22,0,1,1,1,1,1,1,1,0,1,1,1,0,1,1,0
1811,0.471367689798681,0.324198000063333,TN,2024-05-23,1,1,1,1,1,1,1,1,0,1,1,1,1,1,1,0
1812,0.327390142546186,0.240751430995354,TN,2024-05-24,1,1,1,1,1,1,1,1,1,1,1,1,1,1,1,1
1813,0.733159310135265,0.5115438172408,TN,2024-05-25,1,0,1,1,1,1,1,1,1,0,1,1,1,1,1,0
1814,0.889116515177179,0.2618390393993065,TN,2024-05-26,1,1,1,1,1,1,1,0,1,1,0,1,1,1,0,0
1815,NA,NA,TN,2024-05-27,NA,NA,NA,NA,NA,NA,NA,NA,NA,NA,NA,NA,NA,NA,NA,NA
1816,0.989939708603045,0.3520733268295125,TN,2024-05-28,1,1,1,1,1,1,1,1,0,0,1,1,1,0,1,0
1817,0.402603634222719,0.294128734381439,TN,2024-05-29,1,1,1,1,1,1,1,1,0,1,1,1,1,1,1,0
1818,NA,NA,TN,2024-05-30,NA,NA,NA,NA,NA,NA,NA,NA,NA,NA,NA,NA,NA,NA,NA,NA
1819,NA,NA,TN,2024-05-31,NA,NA,NA,NA,NA,NA,NA,NA,NA,NA,NA,NA,NA,NA,NA,NA
1820,0.912511416460669,0.2646193099899055,TN,2024-06-01,0,1,1,1,1,1,1,1,0,1,1,1,1,0,1,0
1821,1.01695813279357,0.4992788686950145,TN,2024-06-02,1,1,1,1,0,1,1,1,0,0,1,1,0,1,1,1
1822,0.418884831823226,0.3023060519433445,TN,2024-06-03,1,1,1,1,1,1,1,1,0,0,1,1,1,1,1,1
1823,1.08021555947965,0.316590964086346,TN,2024-06-04,1,1,1,1,1,1,1,1,0,0,1,1,1,0,1,0
1824,1.84189790195237,0.3690799053523055,TN,2024-06-05,0,1,1,1,1,1,1,0,0,1,1,1,0,1,1,0
1825,0.55683346001755,0.3401818604666755,TN,2024-06-06,1,1,1,1,1,1,1,1,0,0,1,1,1,1,1,0
1826,1.20217435359101,0.389429103509479,TN,2024-06-07,1,1,1,1,1,1,1,0,0,0,1,1,1,1,1,0
1827,0.540639338145578,0.3337380704712905,TN,2024-06-08,1,1,1,1,1,1,1,1,0,0,1,1,0,1,1,0
1828,1.11838969729396,0.4121138540426625,TN,2024-06-09,1,1,1,0,1,1,1,1,0,0,0,0,0,1,1,1
1829,1.78618249842777,0.3823544130132195,TN,2024-06-10,1,1,1,1,1,1,1,0,1,0,1,0,1,1,1,0
1830,3.55468078375255,0.445189561381842,TN,2024-06-11,0,0,1,1,1,1,1,0,0,0,1,0,0,1,1,0
1831,1.29050642803444,0.3860477812873355,TN,2024-06-12,1,1,1,1,1,1,1,1,0,0,1,0,0,1,1,0
1832,2.48702975903087,0.413977337331598,TN,2024-06-13,0,0,1,1,1,1,1,0,0,0,1,0,0,1,1,0
1833,1.21878059713505,0.4001966302975455,TN,2024-06-14,1,1,1,1,1,1,1,0,0,0,1,1,1,1,1,0
1834,1.26735524706531,0.4143241892397655,TN,2024-06-15,1,1,1,1,1,1,1,0,0,0,1,1,1,1,1,1
1835,1.272925058254,0.4209991620832495,TN,2024-06-16,1,0,1,1,1,1,1,1,0,0,1,1,1,1,1,0
1836,0.436444520426774,0.303089218100465,TN,2024-06-17,1,1,1,1,1,1,1,1,1,0,1,0,1,1,1,1
1837,1.01938347727573,0.375512966718667,TN,2024-06-18,1,1,1,1,1,1,1,1,0,0,1,0,1,1,1,0
1838,0.890952840894311,0.471878522672381,TN,2024-06-19,1,1,1,1,1,1,1,0,0,0,1,1,0,1,1,0
1839,NA,NA,TN,2024-06-20,NA,NA,NA,NA,NA,NA,NA,NA,NA,NA,NA,NA,NA,NA,NA,NA
1840,3.8998583950147,0.57358564847261,TN,2024-06-21,1,1,1,0,0,1,1,0,1,0,1,0,0,1,1,0
1841,1.67502719665671,0.60405400464468,TN,2024-06-22,1,1,1,1,0,1,1,1,1,0,1,1,0,1,1,1
1842,0.86086887595203,0.62995044478678,TN,2024-06-23,1,1,1,1,0,1,1,1,0,1,1,1,0,1,1,1
1843,2.12890700126593,0.537141631773335,TN,2024-06-24,1,0,1,0,1,1,1,0,1,0,1,0,1,1,1,1
1844,2.89457050629945,0.656768819585995,TN,2024-06-25,0,1,1,0,1,1,1,0,0,1,1,0,1,1,1,0
1845,5.07164109131106,0.701964236181355,TN,2024-06-26,1,0,1,0,0,1,1,0,0,0,1,0,0,1,1,0
1846,3.08923569201868,0.747176434578515,TN,2024-06-27,1,1,1,0,0,1,1,0,1,1,1,0,0,1,1,0
1847,3.46779334984875,0.77692184001812,TN,2024-06-28,1,1,1,0,0,1,1,0,1,0,1,0,0,1,1,0
1848,2.04191840305631,0.78365066295277,TN,2024-06-29,1,1,1,0,0,1,1,1,1,0,1,0,0,1,1,1
1849,NA,NA,TX,2024-05-19,NA,NA,NA,NA,NA,NA,NA,NA,NA,NA,NA,NA,NA,NA,NA,NA
1850,0.781545566520339,0.55105240834761,TX,2024-05-20,1,0,1,1,1,1,1,1,1,0,1,1,1,1,1,0
1851,1.38319571943296,0.3189232681122505,TX,2024-05-21,0,1,1,1,1,0,1,1,1,0,1,1,1,0,1,1
1852,NA,NA,TX,2024-05-22,NA,NA,NA,NA,NA,NA,NA,NA,NA,NA,NA,NA,NA,NA,NA,NA
1853,NA,NA,TX,2024-05-23,NA,NA,NA,NA,NA,NA,NA,NA,NA,NA,NA,NA,NA,NA,NA,NA
1854,NA,NA,TX,2024-05-24,NA,NA,NA,NA,NA,NA,NA,NA,NA,NA,NA,NA,NA,NA,NA,NA
1855,NA,NA,TX,2024-05-25,NA,NA,NA,NA,NA,NA,NA,NA,NA,NA,NA,NA,NA,NA,NA,NA
1856,NA,NA,TX,2024-05-26,NA,NA,NA,NA,NA,NA,NA,NA,NA,NA,NA,NA,NA,NA,NA,NA
1857,NA,NA,TX,2024-05-27,NA,NA,NA,NA,NA,NA,NA,NA,NA,NA,NA,NA,NA,NA,NA,NA
1858,NA,NA,TX,2024-05-28,NA,NA,NA,NA,NA,NA,NA,NA,NA,NA,NA,NA,NA,NA,NA,NA
1859,0.833187587573808,0.4281070211371935,TX,2024-05-29,1,1,1,1,0,1,1,1,1,0,1,1,0,1,1,1
1860,NA,NA,TX,2024-05-30,NA,NA,NA,NA,NA,NA,NA,NA,NA,NA,NA,NA,NA,NA,NA,NA
1861,0.440143579696799,0.3158153034106925,TX,2024-05-31,1,1,1,1,1,1,1,1,1,1,1,1,1,1,1,1
1862,NA,NA,TX,2024-06-01,NA,NA,NA,NA,NA,NA,NA,NA,NA,NA,NA,NA,NA,NA,NA,NA
1863,NA,NA,TX,2024-06-02,NA,NA,NA,NA,NA,NA,NA,NA,NA,NA,NA,NA,NA,NA,NA,NA
1864,0.475523582671072,0.3480741632882495,TX,2024-06-03,1,1,1,1,1,1,1,1,1,1,1,1,1,1,0,0
1865,NA,NA,TX,2024-06-04,NA,NA,NA,NA,NA,NA,NA,NA,NA,NA,NA,NA,NA,NA,NA,NA
1866,0.360855950931142,0.250611732645399,TX,2024-06-05,1,1,1,1,1,1,1,1,0,1,1,1,1,1,1,0
1867,NA,NA,TX,2024-06-06,NA,NA,NA,NA,NA,NA,NA,NA,NA,NA,NA,NA,NA,NA,NA,NA
1868,NA,NA,TX,2024-06-07,NA,NA,NA,NA,NA,NA,NA,NA,NA,NA,NA,NA,NA,NA,NA,NA
1869,NA,NA,TX,2024-06-08,NA,NA,NA,NA,NA,NA,NA,NA,NA,NA,NA,NA,NA,NA,NA,NA
1870,NA,NA,TX,2024-06-09,NA,NA,NA,NA,NA,NA,NA,NA,NA,NA,NA,NA,NA,NA,NA,NA
1871,1.28202455907838,0.50820452625881,TX,2024-06-10,0,1,1,1,1,0,1,1,1,1,1,1,1,0,1,0
1872,0.902261887560478,0.4640747863104205,TX,2024-06-11,1,1,1,1,0,1,1,1,0,0,1,1,0,1,1,0
1873,1.28530679612323,0.4160242398012825,TX,2024-06-12,1,0,1,1,1,1,1,1,0,0,1,1,0,1,1,0
1874,0.627038732780305,0.4487131084640955,TX,2024-06-13,1,1,1,1,1,1,1,0,0,1,1,1,1,1,1,0
1875,0.707783383404796,0.4934983622164495,TX,2024-06-14,1,1,1,1,0,1,1,1,1,1,1,1,1,1,1,1
1876,NA,NA,TX,2024-06-15,NA,NA,NA,NA,NA,NA,NA,NA,NA,NA,NA,NA,NA,NA,NA,NA
1877,0.690537756118399,0.4890670420799525,TX,2024-06-16,1,1,1,1,1,1,1,0,1,1,1,1,1,1,1,1
1878,1.0624444113796,0.338286638024419,TX,2024-06-17,0,1,1,1,1,1,1,1,0,1,1,0,1,1,1,1
1879,0.721824445142068,0.52623414959258,TX,2024-06-18,1,1,1,1,1,1,1,0,1,0,1,1,1,1,1,0
1880,0.898991948530659,0.471878522672381,TX,2024-06-19,1,1,1,1,1,1,1,0,0,1,1,1,1,1,1,0
1881,NA,NA,TX,2024-06-20,NA,NA,NA,NA,NA,NA,NA,NA,NA,NA,NA,NA,NA,NA,NA,NA
1882,1.07585590755441,0.362195964556622,TX,2024-06-21,0,1,1,1,1,1,1,1,0,0,1,0,0,1,1,0
1883,NA,NA,TX,2024-06-22,NA,NA,NA,NA,NA,NA,NA,NA,NA,NA,NA,NA,NA,NA,NA,NA
1884,NA,NA,TX,2024-06-23,NA,NA,NA,NA,NA,NA,NA,NA,NA,NA,NA,NA,NA,NA,NA,NA
1885,0.917401667134702,0.679938815227755,TX,2024-06-24,1,1,1,1,1,1,1,0,1,0,1,1,1,1,1,0
1886,3.86204019086311,0.58835466304845,TX,2024-06-25,1,0,1,0,1,1,1,0,0,0,1,1,1,1,1,0
1887,6.39963280323225,0.719969871748115,TX,2024-06-26,1,1,1,0,1,1,1,0,1,0,1,0,0,1,1,0
1888,5.43536119539905,0.66058154594425,TX,2024-06-27,1,1,1,0,0,1,1,0,0,0,1,0,0,1,1,0
1889,1.0457847238965,0.78245615050653,TX,2024-06-28,1,1,1,1,1,1,1,0,1,1,1,0,1,1,1,0
1890,NA,NA,TX,2024-06-29,NA,NA,NA,NA,NA,NA,NA,NA,NA,NA,NA,NA,NA,NA,NA,NA
1891,NA,NA,UT,2024-05-19,NA,NA,NA,NA,NA,NA,NA,NA,NA,NA,NA,NA,NA,NA,NA,NA
1892,0.698556063540691,0.375731875684668,UT,2024-05-20,1,0,1,1,1,1,1,1,1,0,1,1,1,1,1,0
1893,NA,NA,UT,2024-05-21,NA,NA,NA,NA,NA,NA,NA,NA,NA,NA,NA,NA,NA,NA,NA,NA
1894,NA,NA,UT,2024-05-22,NA,NA,NA,NA,NA,NA,NA,NA,NA,NA,NA,NA,NA,NA,NA,NA
1895,0.692010437706735,0.378665778178622,UT,2024-05-23,1,0,1,1,1,1,1,1,0,0,1,1,1,1,1,1
1896,0.443045729755923,0.315830640229203,UT,2024-05-24,1,1,1,1,1,1,1,1,0,1,1,1,1,1,1,0
1897,NA,NA,UT,2024-05-25,NA,NA,NA,NA,NA,NA,NA,NA,NA,NA,NA,NA,NA,NA,NA,NA
1898,0.815478814836856,0.57782267367095,UT,2024-05-26,1,1,1,1,0,1,1,1,1,1,1,1,0,1,1,0
1899,0.618688341536161,0.2794434381979125,UT,2024-05-27,1,1,1,1,1,1,1,1,0,1,1,1,1,0,1,0
1900,NA,NA,UT,2024-05-28,NA,NA,NA,NA,NA,NA,NA,NA,NA,NA,NA,NA,NA,NA,NA,NA
1901,NA,NA,UT,2024-05-29,NA,NA,NA,NA,NA,NA,NA,NA,NA,NA,NA,NA,NA,NA,NA,NA
1902,0.947310842887188,0.274673411226797,UT,2024-05-30,0,1,1,1,1,1,1,1,0,1,1,1,1,1,1,0
1903,NA,NA,UT,2024-05-31,NA,NA,NA,NA,NA,NA,NA,NA,NA,NA,NA,NA,NA,NA,NA,NA
1904,0.380027652200843,0.2646193099899055,UT,2024-06-01,1,1,1,1,1,1,1,1,1,1,1,1,1,1,1,1
1905,NA,NA,UT,2024-06-02,NA,NA,NA,NA,NA,NA,NA,NA,NA,NA,NA,NA,NA,NA,NA,NA
1906,1.79213707010173,0.395496160204801,UT,2024-06-03,0,1,1,1,1,1,1,0,0,0,1,0,0,1,1,0
1907,0.862458989437146,0.61273809859452,UT,2024-06-04,1,1,0,1,1,1,1,1,0,1,0,1,1,1,1,1
1908,NA,NA,UT,2024-06-05,NA,NA,NA,NA,NA,NA,NA,NA,NA,NA,NA,NA,NA,NA,NA,NA
1909,NA,NA,UT,2024-06-06,NA,NA,NA,NA,NA,NA,NA,NA,NA,NA,NA,NA,NA,NA,NA,NA
1910,0.84600807949083,0.599464458362225,UT,2024-06-07,1,1,1,0,1,1,1,1,1,1,1,0,0,1,1,1
1911,NA,NA,UT,2024-06-08,NA,NA,NA,NA,NA,NA,NA,NA,NA,NA,NA,NA,NA,NA,NA,NA
1912,NA,NA,UT,2024-06-09,NA,NA,NA,NA,NA,NA,NA,NA,NA,NA,NA,NA,NA,NA,NA,NA
1913,NA,NA,UT,2024-06-10,NA,NA,NA,NA,NA,NA,NA,NA,NA,NA,NA,NA,NA,NA,NA,NA
1914,NA,NA,UT,2024-06-11,NA,NA,NA,NA,NA,NA,NA,NA,NA,NA,NA,NA,NA,NA,NA,NA
1915,0.884490771158274,0.450626301361851,UT,2024-06-12,1,1,1,1,0,1,1,1,1,1,1,1,1,1,1,1
1916,NA,NA,UT,2024-06-13,NA,NA,NA,NA,NA,NA,NA,NA,NA,NA,NA,NA,NA,NA,NA,NA
1917,0.575607236209698,0.406672697137285,UT,2024-06-14,1,0,1,1,1,1,1,1,1,0,1,1,0,1,1,1
1918,NA,NA,UT,2024-06-15,NA,NA,NA,NA,NA,NA,NA,NA,NA,NA,NA,NA,NA,NA,NA,NA
1919,NA,NA,UT,2024-06-16,NA,NA,NA,NA,NA,NA,NA,NA,NA,NA,NA,NA,NA,NA,NA,NA
1920,1.12206071526999,0.4834189952114465,UT,2024-06-17,1,1,1,1,1,1,1,1,0,0,1,1,0,1,1,0
1921,NA,NA,UT,2024-06-18,NA,NA,NA,NA,NA,NA,NA,NA,NA,NA,NA,NA,NA,NA,NA,NA
1922,NA,NA,UT,2024-06-19,NA,NA,NA,NA,NA,NA,NA,NA,NA,NA,NA,NA,NA,NA,NA,NA
1923,0.586440182655779,0.4288026457011885,UT,2024-06-20,0,1,1,1,1,1,1,1,0,0,1,1,1,1,1,1
1924,0.62969394684228,0.4643065110323285,UT,2024-06-21,0,1,1,1,1,1,1,1,0,0,1,1,1,1,1,1
1925,NA,NA,UT,2024-06-22,NA,NA,NA,NA,NA,NA,NA,NA,NA,NA,NA,NA,NA,NA,NA,NA
1926,NA,NA,UT,2024-06-23,NA,NA,NA,NA,NA,NA,NA,NA,NA,NA,NA,NA,NA,NA,NA,NA
1927,NA,NA,UT,2024-06-24,NA,NA,NA,NA,NA,NA,NA,NA,NA,NA,NA,NA,NA,NA,NA,NA
1928,1.73331158552233,0.64267550757543,UT,2024-06-25,1,0,1,0,1,1,1,1,0,0,1,0,1,1,1,1
1929,0.955003314752269,0.7100121718055,UT,2024-06-26,1,1,1,1,0,1,1,1,1,1,1,0,0,1,1,1
1930,NA,NA,UT,2024-06-27,NA,NA,NA,NA,NA,NA,NA,NA,NA,NA,NA,NA,NA,NA,NA,NA
1931,NA,NA,UT,2024-06-28,NA,NA,NA,NA,NA,NA,NA,NA,NA,NA,NA,NA,NA,NA,NA,NA
1932,NA,NA,UT,2024-06-29,NA,NA,NA,NA,NA,NA,NA,NA,NA,NA,NA,NA,NA,NA,NA,NA
1933,1.50752892383649,0.219270742990254,VA,2024-05-19,1,1,1,1,1,1,1,0,0,1,1,1,1,1,1,0
1934,2.17912559022118,0.4107959822172565,VA,2024-05-20,0,0,1,1,1,1,1,1,1,0,1,1,1,1,1,0
1935,2.80427828602045,0.2102176277410545,VA,2024-05-21,0,1,1,1,1,1,1,0,0,0,1,1,1,1,1,0
1936,1.4748637966798,0.4182420485157935,VA,2024-05-22,1,1,1,1,0,1,1,1,0,1,1,1,1,1,1,0
1937,0.857529486456224,0.3267220200557065,VA,2024-05-23,1,1,1,1,1,1,1,1,1,0,1,1,1,1,1,0
1938,2.19991685242497,0.3799561085667315,VA,2024-05-24,0,0,1,1,1,1,1,1,0,0,1,1,1,0,1,0
1939,2.15099958593952,0.345565811319269,VA,2024-05-25,0,1,1,1,1,1,1,0,0,0,1,1,1,1,1,0
1940,1.53987805893555,0.3944032299932965,VA,2024-05-26,1,1,1,1,1,0,1,1,0,0,1,1,0,0,1,0
1941,2.01730018163456,0.2849680138046045,VA,2024-05-27,0,0,1,1,1,1,1,1,0,0,1,1,0,1,1,0
1942,1.75921162810412,0.3721912738342125,VA,2024-05-28,0,0,1,1,1,1,1,1,0,0,1,1,1,0,1,1
1943,1.44419816889162,0.34360407236928,VA,2024-05-29,1,1,1,0,1,1,1,1,1,0,1,0,0,1,1,0
1944,1.69854656452914,0.388586604938735,VA,2024-05-30,1,1,1,1,0,1,1,1,0,0,0,1,0,1,1,0
1945,3.48825495877651,0.367160611479029,VA,2024-05-31,0,0,1,1,0,1,1,0,1,0,1,1,0,1,1,0
1946,2.28339792167108,0.3945511958211555,VA,2024-06-01,0,0,1,1,1,1,1,1,0,0,1,1,1,1,1,0
1947,3.70704186260392,0.447923960421872,VA,2024-06-02,0,0,1,0,0,1,1,0,0,0,1,0,0,1,1,0
1948,3.18870656757231,0.356448982802502,VA,2024-06-03,0,0,1,1,0,1,1,0,1,0,1,1,0,0,1,0
1949,4.90511334117915,0.4029119133456505,VA,2024-06-04,0,0,1,1,1,1,1,0,0,0,1,1,1,1,1,0
1950,6.43890823910438,0.3607621257560515,VA,2024-06-05,0,1,1,1,0,1,1,0,0,1,1,1,0,1,1,0
1951,3.21741090514818,0.3820360852929105,VA,2024-06-06,0,0,1,1,1,1,1,0,0,1,0,1,0,1,1,0
1952,1.80081558196925,0.3443989689216105,VA,2024-06-07,1,1,1,1,1,1,1,0,1,0,1,1,0,1,1,0
1953,0.745616418149046,0.4100023824935635,VA,2024-06-08,1,1,1,1,1,1,1,1,0,1,1,1,1,1,1,0
1954,3.42839768200011,0.404172169769325,VA,2024-06-09,0,1,1,1,1,1,1,0,0,0,1,1,0,1,1,0
1955,6.81516266412316,0.4154028654372515,VA,2024-06-10,0,0,1,1,0,1,1,0,0,0,1,0,1,1,1,0
1956,0.857163030086016,0.3662555534182495,VA,2024-06-11,1,1,1,1,1,1,1,1,1,0,1,0,0,1,1,0
1957,3.91396223293894,0.4195450020227665,VA,2024-06-12,0,1,1,1,1,1,1,0,1,0,0,0,0,0,1,0
1958,5.91722188702276,0.3639002747796205,VA,2024-06-13,0,0,1,1,0,1,1,0,0,0,1,0,0,1,1,0
1959,5.21148593413067,0.413822354011269,VA,2024-06-14,1,0,1,1,0,1,1,0,0,0,1,1,1,1,1,0
1960,0.759443835406607,0.40104643875258,VA,2024-06-15,1,1,1,1,1,1,1,1,0,0,1,1,0,1,1,1
1961,2.77869579069277,0.3578605954780555,VA,2024-06-16,0,1,1,0,1,1,1,1,0,0,1,0,0,1,1,1
1962,7.45951236862556,0.4340620097752945,VA,2024-06-17,1,0,1,0,0,1,1,0,0,0,1,0,0,1,1,0
1963,2.46534569779097,0.4555565908160435,VA,2024-06-18,1,1,0,1,1,1,1,1,0,0,0,0,0,1,1,0
1964,3.40741441404196,0.432130238562264,VA,2024-06-19,1,1,1,1,1,1,1,0,1,0,0,0,0,0,1,0
1965,3.65384192658089,0.4271983437748445,VA,2024-06-20,1,1,1,1,0,1,1,0,0,0,1,0,0,0,1,0
1966,15.8547159135345,0.563870963076495,VA,2024-06-21,1,1,1,0,1,1,1,0,0,0,0,0,1,1,1,0
1967,3.1769169634275,0.4248954414322305,VA,2024-06-22,1,0,1,1,1,1,1,0,0,0,1,0,0,1,1,0
1968,8.47424588603225,0.598921249557205,VA,2024-06-23,0,1,1,0,0,1,1,0,0,0,1,0,0,1,1,0
1969,5.7929073997229,0.4626311988548355,VA,2024-06-24,1,0,0,1,1,1,1,0,0,0,1,0,0,1,1,0
1970,3.4585824394852,0.536163266477335,VA,2024-06-25,0,1,1,0,1,1,1,0,0,0,0,0,1,1,1,0
1971,10.8210465360836,0.60083355740705,VA,2024-06-26,0,0,1,0,1,1,1,0,0,0,1,0,1,1,1,0
1972,11.6614634689002,0.735436291541595,VA,2024-06-27,1,1,1,0,1,0,1,0,0,0,1,0,0,0,1,0
1973,20.6104074801581,0.771731509578825,VA,2024-06-28,1,1,1,0,0,1,1,0,0,0,1,0,0,1,1,0
1974,3.99664133635314,0.660829835342275,VA,2024-06-29,0,1,1,0,1,1,1,0,0,0,1,0,1,1,1,0
1975,0.521089076923449,0.3615233345106975,VT,2024-05-19,1,1,1,1,1,1,1,1,1,1,1,1,1,1,1,1
1976,NA,NA,VT,2024-05-20,NA,NA,NA,NA,NA,NA,NA,NA,NA,NA,NA,NA,NA,NA,NA,NA
1977,0.471794473867305,0.2541852905147755,VT,2024-05-21,1,1,1,1,1,1,1,1,0,1,1,1,1,1,1,0
1978,NA,NA,VT,2024-05-22,NA,NA,NA,NA,NA,NA,NA,NA,NA,NA,NA,NA,NA,NA,NA,NA
1979,0.316544878148774,0.2304065637869965,VT,2024-05-23,1,1,1,1,1,1,1,1,1,1,1,1,1,0,1,0
1980,NA,NA,VT,2024-05-24,NA,NA,NA,NA,NA,NA,NA,NA,NA,NA,NA,NA,NA,NA,NA,NA
1981,NA,NA,VT,2024-05-25,NA,NA,NA,NA,NA,NA,NA,NA,NA,NA,NA,NA,NA,NA,NA,NA
1982,0.33240344071008,0.281093665622064,VT,2024-05-26,1,1,1,1,1,1,1,1,0,1,1,1,1,1,1,0
1983,NA,NA,VT,2024-05-27,NA,NA,NA,NA,NA,NA,NA,NA,NA,NA,NA,NA,NA,NA,NA,NA
1984,0.399952690891708,0.283308924218472,VT,2024-05-28,1,1,1,1,1,1,1,1,1,0,1,1,1,1,1,0
1985,0.959358624734524,0.294128734381439,VT,2024-05-29,1,1,1,1,1,1,1,0,0,1,1,1,1,1,1,0
1986,NA,NA,VT,2024-05-30,NA,NA,NA,NA,NA,NA,NA,NA,NA,NA,NA,NA,NA,NA,NA,NA
1987,0.928101292218738,0.2694067906105455,VT,2024-05-31,0,1,1,1,1,1,1,1,1,1,1,1,1,1,1,1
1988,0.373519455522446,0.2646193099899055,VT,2024-06-01,1,1,1,1,1,1,1,1,0,1,1,1,1,1,1,0
1989,0.462339110036486,0.337393113171731,VT,2024-06-02,1,1,1,1,1,1,1,1,0,1,1,1,1,1,1,0
1990,NA,NA,VT,2024-06-03,NA,NA,NA,NA,NA,NA,NA,NA,NA,NA,NA,NA,NA,NA,NA,NA
1991,0.877184021454323,0.621195044741465,VT,2024-06-04,1,1,1,0,1,1,1,1,1,1,1,0,1,1,1,0
1992,0.349091942683853,0.250611732645399,VT,2024-06-05,1,1,1,1,1,1,1,1,0,1,1,1,1,1,1,0
1993,NA,NA,VT,2024-06-06,NA,NA,NA,NA,NA,NA,NA,NA,NA,NA,NA,NA,NA,NA,NA,NA
1994,0.726424471689248,0.518769255546755,VT,2024-06-07,1,1,1,1,0,1,1,1,0,1,1,1,0,1,1,1
1995,0.867102860474697,0.2467821962467785,VT,2024-06-08,0,1,1,1,1,1,1,1,0,1,1,1,1,1,1,0
1996,NA,NA,VT,2024-06-09,NA,NA,NA,NA,NA,NA,NA,NA,NA,NA,NA,NA,NA,NA,NA,NA
1997,0.781516702542051,0.55395436203908,VT,2024-06-10,1,1,1,0,1,1,1,1,0,1,1,0,1,1,1,1
1998,0.709139430323534,0.499942519223361,VT,2024-06-11,1,1,1,1,0,1,1,1,1,1,1,1,1,1,1,1
1999,1.31240908951964,0.4381191870728335,VT,2024-06-12,1,1,1,1,1,1,1,0,1,1,0,0,1,1,1,0
2000,1.1373121433945,0.480214886652597,VT,2024-06-13,1,1,0,1,1,1,1,1,1,0,1,1,0,1,1,0
2001,0.973879421058161,0.4419092688318745,VT,2024-06-14,1,1,0,1,1,1,1,1,0,0,0,0,1,1,1,0
2002,0.578340557476715,0.412019649060204,VT,2024-06-15,1,0,1,1,1,1,1,1,1,0,1,0,1,1,1,1
2003,0.869979419014805,0.455033102081601,VT,2024-06-16,1,1,1,1,1,1,1,0,1,1,1,0,1,1,1,0
2004,NA,NA,VT,2024-06-17,NA,NA,NA,NA,NA,NA,NA,NA,NA,NA,NA,NA,NA,NA,NA,NA
2005,0.635366187878524,0.4505587806412175,VT,2024-06-18,1,0,1,1,1,1,1,1,1,1,1,1,1,1,1,1
2006,0.540802803943568,0.395580186950689,VT,2024-06-19,0,1,1,1,1,1,1,1,0,1,1,1,0,1,1,1
2007,1.14506063996292,0.498624004619597,VT,2024-06-20,1,1,1,1,1,1,1,0,0,0,1,1,1,1,1,1
2008,0.716197996340735,0.521652334344075,VT,2024-06-21,1,0,1,1,1,1,1,1,1,0,1,0,1,1,1,1
2009,0.679849780374203,0.50132667645587,VT,2024-06-22,0,1,1,1,1,1,1,1,1,1,1,1,1,1,1,1
2010,NA,NA,VT,2024-06-23,NA,NA,NA,NA,NA,NA,NA,NA,NA,NA,NA,NA,NA,NA,NA,NA
2011,1.71787444198525,0.649470060955805,VT,2024-06-24,1,1,1,0,0,1,1,0,1,0,1,0,1,1,1,1
2012,1.22731363149187,0.628065017761085,VT,2024-06-25,1,0,1,0,1,1,1,1,0,0,1,0,0,1,1,1
2013,2.08833206338795,0.551878074833825,VT,2024-06-26,0,1,1,0,1,1,1,0,1,0,1,0,1,1,1,1
2014,3.24876738794239,0.716967888572335,VT,2024-06-27,0,1,1,0,1,1,1,0,0,0,1,0,1,1,1,0
2015,NA,NA,VT,2024-06-28,NA,NA,NA,NA,NA,NA,NA,NA,NA,NA,NA,NA,NA,NA,NA,NA
2016,2.08807531741678,0.768457908460595,VT,2024-06-29,0,0,1,0,1,1,1,0,0,1,1,0,1,1,1,0
2017,0.612364298916399,0.37056497823733,WA,2024-05-19,1,1,1,1,1,1,1,1,1,0,1,1,1,1,1,0
2018,0.445719638898111,0.2508227340186095,WA,2024-05-20,1,1,1,1,1,1,1,1,0,0,1,1,1,1,1,0
2019,1.37988995127147,0.276432912096945,WA,2024-05-21,1,1,1,1,1,1,1,0,0,0,1,1,0,1,1,0
2020,1.80380512971743,0.220222128344947,WA,2024-05-22,0,1,1,1,1,1,1,0,0,1,1,1,1,1,1,0
2021,2.54078006268592,0.3951370392565515,WA,2024-05-23,0,0,1,0,1,1,1,1,0,0,1,0,1,1,1,0
2022,0.900412805961343,0.3503267736781055,WA,2024-05-24,1,1,1,1,1,1,1,1,1,0,0,1,0,1,1,1
2023,1.33172395587449,0.427653765925753,WA,2024-05-25,1,1,1,1,0,1,1,0,0,0,1,1,0,1,1,0
2024,NA,NA,WA,2024-05-26,NA,NA,NA,NA,NA,NA,NA,NA,NA,NA,NA,NA,NA,NA,NA,NA
2025,2.66790704000602,0.272537718689547,WA,2024-05-27,0,1,1,1,1,1,1,0,1,0,1,1,1,0,1,0
2026,3.07256856511388,0.341155296185734,WA,2024-05-28,1,0,1,1,1,1,1,0,0,0,0,1,1,1,1,1
2027,0.90806570972572,0.343296199868045,WA,2024-05-29,1,1,1,1,1,1,1,1,0,1,0,1,0,0,1,0
2028,1.47071923300563,0.383484000886908,WA,2024-05-30,0,1,1,1,0,1,1,1,0,0,1,0,0,1,1,0
2029,2.18388134485079,0.4311373071140225,WA,2024-05-31,1,1,1,1,0,1,1,0,1,1,1,1,1,1,1,1
2030,0.464646979286897,0.3266310142479405,WA,2024-06-01,1,1,1,1,1,1,1,1,0,1,1,1,1,1,1,0
2031,NA,NA,WA,2024-06-02,NA,NA,NA,NA,NA,NA,NA,NA,NA,NA,NA,NA,NA,NA,NA,NA
2032,4.26152366485306,0.3706749109549845,WA,2024-06-03,0,1,1,1,1,1,1,0,0,0,0,1,1,1,1,0
2033,1.51666778551228,0.401142510369691,WA,2024-06-04,0,0,1,1,1,1,1,1,0,0,1,1,1,1,1,1
2034,2.61529684530565,0.424370933360644,WA,2024-06-05,0,1,1,1,0,1,1,0,0,0,1,1,0,1,1,0
2035,3.40894860430591,0.4222976871792385,WA,2024-06-06,0,1,0,1,1,1,1,0,0,0,0,0,0,1,1,0
2036,1.65209312273299,0.4106072106732905,WA,2024-06-07,1,1,1,0,1,1,1,1,0,1,1,0,0,0,1,1
2037,2.20404454847098,0.464901742470177,WA,2024-06-08,0,0,1,1,1,0,1,1,0,1,1,1,1,0,1,1
2038,2.38096391390631,0.399015150859513,WA,2024-06-09,0,1,1,1,1,1,1,0,0,0,1,0,0,1,1,0
2039,5.19984791998187,0.4276108113640325,WA,2024-06-10,0,0,1,1,1,1,1,0,0,0,1,1,0,1,1,0
2040,4.57224676581152,0.3994196376302355,WA,2024-06-11,0,0,1,1,1,1,1,0,0,0,1,0,1,1,1,0
2041,6.522505823772,0.4474076942877725,WA,2024-06-12,0,1,0,1,0,0,1,0,0,0,0,0,0,0,1,0
2042,2.0103140854182,0.4376664870119985,WA,2024-06-13,0,1,1,1,1,1,1,0,1,0,1,1,1,1,1,0
2043,3.28373809955457,0.3779096543145275,WA,2024-06-14,1,0,1,0,1,0,1,1,0,0,0,0,0,0,1,0
2044,1.53252772829852,0.3996887412109005,WA,2024-06-15,0,0,1,0,1,1,1,1,1,0,1,0,1,1,1,0
2045,1.75709532283059,0.3906437067976305,WA,2024-06-16,1,0,1,1,1,1,1,1,0,0,1,1,0,1,1,0
2046,3.19932028627393,0.458233421656603,WA,2024-06-17,1,0,1,0,1,1,1,0,0,0,1,1,0,1,1,0
2047,4.60302330196579,0.454159224274042,WA,2024-06-18,1,0,1,0,1,1,1,0,0,0,1,0,0,1,1,0
2048,2.67930395774931,0.446179030801642,WA,2024-06-19,1,1,1,1,1,0,1,0,0,1,1,1,0,0,1,0
2049,5.96107973682906,0.510316058381235,WA,2024-06-20,1,1,1,0,0,1,1,0,0,0,1,0,0,1,1,0
2050,4.16565603450847,0.464182118406708,WA,2024-06-21,1,0,1,1,1,1,1,0,0,1,0,0,1,1,1,0
2051,5.49348305096348,0.621800627113585,WA,2024-06-22,1,1,1,0,1,1,1,0,0,0,1,0,0,1,1,0
2052,3.16662495853662,0.609454689115965,WA,2024-06-23,1,0,1,0,1,1,1,0,0,0,1,0,1,1,1,0
2053,11.1119956876777,0.623886411394045,WA,2024-06-24,0,0,1,0,1,1,1,0,1,0,1,0,0,1,1,0
2054,2.07266312678416,0.489656263092762,WA,2024-06-25,1,0,1,1,1,1,1,0,1,0,1,0,1,1,1,0
2055,8.52883470344616,0.617687804455255,WA,2024-06-26,1,0,1,0,1,1,1,0,0,1,1,0,0,1,1,0
2056,6.60746118934835,0.627002706846675,WA,2024-06-27,1,0,1,0,0,1,1,0,1,0,0,0,0,1,1,0
2057,2.28551054921026,0.4490542753314965,WA,2024-06-28,1,1,1,1,1,1,1,0,1,1,1,0,1,1,1,0
2058,7.41083002809066,0.80477788431381,WA,2024-06-29,1,1,1,0,1,1,1,0,1,0,0,0,1,1,1,0
2059,NA,NA,WI,2024-05-19,NA,NA,NA,NA,NA,NA,NA,NA,NA,NA,NA,NA,NA,NA,NA,NA
2060,NA,NA,WI,2024-05-20,NA,NA,NA,NA,NA,NA,NA,NA,NA,NA,NA,NA,NA,NA,NA,NA
2061,NA,NA,WI,2024-05-21,NA,NA,NA,NA,NA,NA,NA,NA,NA,NA,NA,NA,NA,NA,NA,NA
2062,NA,NA,WI,2024-05-22,NA,NA,NA,NA,NA,NA,NA,NA,NA,NA,NA,NA,NA,NA,NA,NA
2063,NA,NA,WI,2024-05-23,NA,NA,NA,NA,NA,NA,NA,NA,NA,NA,NA,NA,NA,NA,NA,NA
2064,NA,NA,WI,2024-05-24,NA,NA,NA,NA,NA,NA,NA,NA,NA,NA,NA,NA,NA,NA,NA,NA
2065,NA,NA,WI,2024-05-25,NA,NA,NA,NA,NA,NA,NA,NA,NA,NA,NA,NA,NA,NA,NA,NA
2066,NA,NA,WI,2024-05-26,NA,NA,NA,NA,NA,NA,NA,NA,NA,NA,NA,NA,NA,NA,NA,NA
2067,NA,NA,WI,2024-05-27,NA,NA,NA,NA,NA,NA,NA,NA,NA,NA,NA,NA,NA,NA,NA,NA
2068,NA,NA,WI,2024-05-28,NA,NA,NA,NA,NA,NA,NA,NA,NA,NA,NA,NA,NA,NA,NA,NA
2069,NA,NA,WI,2024-05-29,NA,NA,NA,NA,NA,NA,NA,NA,NA,NA,NA,NA,NA,NA,NA,NA
2070,NA,NA,WI,2024-05-30,NA,NA,NA,NA,NA,NA,NA,NA,NA,NA,NA,NA,NA,NA,NA,NA
2071,NA,NA,WI,2024-05-31,NA,NA,NA,NA,NA,NA,NA,NA,NA,NA,NA,NA,NA,NA,NA,NA
2072,NA,NA,WI,2024-06-01,NA,NA,NA,NA,NA,NA,NA,NA,NA,NA,NA,NA,NA,NA,NA,NA
2073,NA,NA,WI,2024-06-02,NA,NA,NA,NA,NA,NA,NA,NA,NA,NA,NA,NA,NA,NA,NA,NA
2074,0.367260924127975,0.256537940598439,WI,2024-06-03,1,1,1,1,1,1,1,1,0,1,1,1,0,1,1,1
2075,NA,NA,WI,2024-06-04,NA,NA,NA,NA,NA,NA,NA,NA,NA,NA,NA,NA,NA,NA,NA,NA
2076,NA,NA,WI,2024-06-05,NA,NA,NA,NA,NA,NA,NA,NA,NA,NA,NA,NA,NA,NA,NA,NA
2077,NA,NA,WI,2024-06-06,NA,NA,NA,NA,NA,NA,NA,NA,NA,NA,NA,NA,NA,NA,NA,NA
2078,NA,NA,WI,2024-06-07,NA,NA,NA,NA,NA,NA,NA,NA,NA,NA,NA,NA,NA,NA,NA,NA
2079,NA,NA,WI,2024-06-08,NA,NA,NA,NA,NA,NA,NA,NA,NA,NA,NA,NA,NA,NA,NA,NA
2080,NA,NA,WI,2024-06-09,NA,NA,NA,NA,NA,NA,NA,NA,NA,NA,NA,NA,NA,NA,NA,NA
2081,NA,NA,WI,2024-06-10,NA,NA,NA,NA,NA,NA,NA,NA,NA,NA,NA,NA,NA,NA,NA,NA
2082,NA,NA,WI,2024-06-11,NA,NA,NA,NA,NA,NA,NA,NA,NA,NA,NA,NA,NA,NA,NA,NA
2083,NA,NA,WI,2024-06-12,NA,NA,NA,NA,NA,NA,NA,NA,NA,NA,NA,NA,NA,NA,NA,NA
2084,NA,NA,WI,2024-06-13,NA,NA,NA,NA,NA,NA,NA,NA,NA,NA,NA,NA,NA,NA,NA,NA
2085,NA,NA,WI,2024-06-14,NA,NA,NA,NA,NA,NA,NA,NA,NA,NA,NA,NA,NA,NA,NA,NA
2086,NA,NA,WI,2024-06-15,NA,NA,NA,NA,NA,NA,NA,NA,NA,NA,NA,NA,NA,NA,NA,NA
2087,NA,NA,WI,2024-06-16,NA,NA,NA,NA,NA,NA,NA,NA,NA,NA,NA,NA,NA,NA,NA,NA
2088,NA,NA,WI,2024-06-17,NA,NA,NA,NA,NA,NA,NA,NA,NA,NA,NA,NA,NA,NA,NA,NA
2089,NA,NA,WI,2024-06-18,NA,NA,NA,NA,NA,NA,NA,NA,NA,NA,NA,NA,NA,NA,NA,NA
2090,NA,NA,WI,2024-06-19,NA,NA,NA,NA,NA,NA,NA,NA,NA,NA,NA,NA,NA,NA,NA,NA
2091,NA,NA,WI,2024-06-20,NA,NA,NA,NA,NA,NA,NA,NA,NA,NA,NA,NA,NA,NA,NA,NA
2092,0.629976379434522,0.4643065110323285,WI,2024-06-21,0,1,1,1,1,1,1,1,0,1,1,0,1,1,1,1
2093,NA,NA,WI,2024-06-22,NA,NA,NA,NA,NA,NA,NA,NA,NA,NA,NA,NA,NA,NA,NA,NA
2094,NA,NA,WI,2024-06-23,NA,NA,NA,NA,NA,NA,NA,NA,NA,NA,NA,NA,NA,NA,NA,NA
2095,0.816912968836573,0.611813379346865,WI,2024-06-24,1,0,1,1,1,1,1,1,1,0,1,0,1,1,1,1
2096,NA,NA,WI,2024-06-25,NA,NA,NA,NA,NA,NA,NA,NA,NA,NA,NA,NA,NA,NA,NA,NA
2097,NA,NA,WI,2024-06-26,NA,NA,NA,NA,NA,NA,NA,NA,NA,NA,NA,NA,NA,NA,NA,NA
2098,NA,NA,WI,2024-06-27,NA,NA,NA,NA,NA,NA,NA,NA,NA,NA,NA,NA,NA,NA,NA,NA
2099,NA,NA,WI,2024-06-28,NA,NA,NA,NA,NA,NA,NA,NA,NA,NA,NA,NA,NA,NA,NA,NA
2100,NA,NA,WI,2024-06-29,NA,NA,NA,NA,NA,NA,NA,NA,NA,NA,NA,NA,NA,NA,NA,NA
2101,NA,NA,WV,2024-05-19,NA,NA,NA,NA,NA,NA,NA,NA,NA,NA,NA,NA,NA,NA,NA,NA
2102,NA,NA,WV,2024-05-20,NA,NA,NA,NA,NA,NA,NA,NA,NA,NA,NA,NA,NA,NA,NA,NA
2103,NA,NA,WV,2024-05-21,NA,NA,NA,NA,NA,NA,NA,NA,NA,NA,NA,NA,NA,NA,NA,NA
2104,NA,NA,WV,2024-05-22,NA,NA,NA,NA,NA,NA,NA,NA,NA,NA,NA,NA,NA,NA,NA,NA
2105,NA,NA,WV,2024-05-23,NA,NA,NA,NA,NA,NA,NA,NA,NA,NA,NA,NA,NA,NA,NA,NA
2106,NA,NA,WV,2024-05-24,NA,NA,NA,NA,NA,NA,NA,NA,NA,NA,NA,NA,NA,NA,NA,NA
2107,NA,NA,WV,2024-05-25,NA,NA,NA,NA,NA,NA,NA,NA,NA,NA,NA,NA,NA,NA,NA,NA
2108,NA,NA,WV,2024-05-26,NA,NA,NA,NA,NA,NA,NA,NA,NA,NA,NA,NA,NA,NA,NA,NA
2109,NA,NA,WV,2024-05-27,NA,NA,NA,NA,NA,NA,NA,NA,NA,NA,NA,NA,NA,NA,NA,NA
2110,0.411240901120976,0.283308924218472,WV,2024-05-28,1,1,1,1,1,1,1,1,0,1,1,1,1,1,1,0
2111,NA,NA,WV,2024-05-29,NA,NA,NA,NA,NA,NA,NA,NA,NA,NA,NA,NA,NA,NA,NA,NA
2112,NA,NA,WV,2024-05-30,NA,NA,NA,NA,NA,NA,NA,NA,NA,NA,NA,NA,NA,NA,NA,NA
2113,NA,NA,WV,2024-05-31,NA,NA,NA,NA,NA,NA,NA,NA,NA,NA,NA,NA,NA,NA,NA,NA
2114,NA,NA,WV,2024-06-01,NA,NA,NA,NA,NA,NA,NA,NA,NA,NA,NA,NA,NA,NA,NA,NA
2115,NA,NA,WV,2024-06-02,NA,NA,NA,NA,NA,NA,NA,NA,NA,NA,NA,NA,NA,NA,NA,NA
2116,NA,NA,WV,2024-06-03,NA,NA,NA,NA,NA,NA,NA,NA,NA,NA,NA,NA,NA,NA,NA,NA
2117,NA,NA,WV,2024-06-04,NA,NA,NA,NA,NA,NA,NA,NA,NA,NA,NA,NA,NA,NA,NA,NA
2118,NA,NA,WV,2024-06-05,NA,NA,NA,NA,NA,NA,NA,NA,NA,NA,NA,NA,NA,NA,NA,NA
2119,NA,NA,WV,2024-06-06,NA,NA,NA,NA,NA,NA,NA,NA,NA,NA,NA,NA,NA,NA,NA,NA
2120,NA,NA,WV,2024-06-07,NA,NA,NA,NA,NA,NA,NA,NA,NA,NA,NA,NA,NA,NA,NA,NA
2121,NA,NA,WV,2024-06-08,NA,NA,NA,NA,NA,NA,NA,NA,NA,NA,NA,NA,NA,NA,NA,NA
2122,NA,NA,WV,2024-06-09,NA,NA,NA,NA,NA,NA,NA,NA,NA,NA,NA,NA,NA,NA,NA,NA
2123,0.59123773252908,0.4185918541685225,WV,2024-06-10,1,1,1,1,1,1,1,0,0,1,1,1,1,1,1,0
2124,NA,NA,WV,2024-06-11,NA,NA,NA,NA,NA,NA,NA,NA,NA,NA,NA,NA,NA,NA,NA,NA
2125,NA,NA,WV,2024-06-12,NA,NA,NA,NA,NA,NA,NA,NA,NA,NA,NA,NA,NA,NA,NA,NA
2126,NA,NA,WV,2024-06-13,NA,NA,NA,NA,NA,NA,NA,NA,NA,NA,NA,NA,NA,NA,NA,NA
2127,NA,NA,WV,2024-06-14,NA,NA,NA,NA,NA,NA,NA,NA,NA,NA,NA,NA,NA,NA,NA,NA
2128,NA,NA,WV,2024-06-15,NA,NA,NA,NA,NA,NA,NA,NA,NA,NA,NA,NA,NA,NA,NA,NA
2129,NA,NA,WV,2024-06-16,NA,NA,NA,NA,NA,NA,NA,NA,NA,NA,NA,NA,NA,NA,NA,NA
2130,NA,NA,WV,2024-06-17,NA,NA,NA,NA,NA,NA,NA,NA,NA,NA,NA,NA,NA,NA,NA,NA
2131,NA,NA,WV,2024-06-18,NA,NA,NA,NA,NA,NA,NA,NA,NA,NA,NA,NA,NA,NA,NA,NA
2132,NA,NA,WV,2024-06-19,NA,NA,NA,NA,NA,NA,NA,NA,NA,NA,NA,NA,NA,NA,NA,NA
2133,NA,NA,WV,2024-06-20,NA,NA,NA,NA,NA,NA,NA,NA,NA,NA,NA,NA,NA,NA,NA,NA
2134,0.642299454579669,0.4643065110323285,WV,2024-06-21,0,1,1,1,1,1,1,1,1,1,1,1,1,1,1,1
2135,NA,NA,WV,2024-06-22,NA,NA,NA,NA,NA,NA,NA,NA,NA,NA,NA,NA,NA,NA,NA,NA
2136,NA,NA,WV,2024-06-23,NA,NA,NA,NA,NA,NA,NA,NA,NA,NA,NA,NA,NA,NA,NA,NA
2137,NA,NA,WV,2024-06-24,NA,NA,NA,NA,NA,NA,NA,NA,NA,NA,NA,NA,NA,NA,NA,NA
2138,NA,NA,WV,2024-06-25,NA,NA,NA,NA,NA,NA,NA,NA,NA,NA,NA,NA,NA,NA,NA,NA
2139,0.854861141201543,0.64894169308138006,WV,2024-06-26,0,1,1,1,1,1,1,1,0,1,1,0,1,1,1,1
2140,NA,NA,WV,2024-06-27,NA,NA,NA,NA,NA,NA,NA,NA,NA,NA,NA,NA,NA,NA,NA,NA
2141,0.923188303798572,0.714539305755165,WV,2024-06-28,0,1,1,1,1,1,1,1,0,1,1,0,1,1,1,1
2142,NA,NA,WV,2024-06-29,NA,NA,NA,NA,NA,NA,NA,NA,NA,NA,NA,NA,NA,NA,NA,NA
2143,NA,NA,WY,2024-05-19,NA,NA,NA,NA,NA,NA,NA,NA,NA,NA,NA,NA,NA,NA,NA,NA
2144,NA,NA,WY,2024-05-20,NA,NA,NA,NA,NA,NA,NA,NA,NA,NA,NA,NA,NA,NA,NA,NA
2145,NA,NA,WY,2024-05-21,NA,NA,NA,NA,NA,NA,NA,NA,NA,NA,NA,NA,NA,NA,NA,NA
2146,NA,NA,WY,2024-05-22,NA,NA,NA,NA,NA,NA,NA,NA,NA,NA,NA,NA,NA,NA,NA,NA
2147,NA,NA,WY,2024-05-23,NA,NA,NA,NA,NA,NA,NA,NA,NA,NA,NA,NA,NA,NA,NA,NA
2148,NA,NA,WY,2024-05-24,NA,NA,NA,NA,NA,NA,NA,NA,NA,NA,NA,NA,NA,NA,NA,NA
2149,NA,NA,WY,2024-05-25,NA,NA,NA,NA,NA,NA,NA,NA,NA,NA,NA,NA,NA,NA,NA,NA
2150,NA,NA,WY,2024-05-26,NA,NA,NA,NA,NA,NA,NA,NA,NA,NA,NA,NA,NA,NA,NA,NA
2151,NA,NA,WY,2024-05-27,NA,NA,NA,NA,NA,NA,NA,NA,NA,NA,NA,NA,NA,NA,NA,NA
2152,NA,NA,WY,2024-05-28,NA,NA,NA,NA,NA,NA,NA,NA,NA,NA,NA,NA,NA,NA,NA,NA
2153,NA,NA,WY,2024-05-29,NA,NA,NA,NA,NA,NA,NA,NA,NA,NA,NA,NA,NA,NA,NA,NA
2154,NA,NA,WY,2024-05-30,NA,NA,NA,NA,NA,NA,NA,NA,NA,NA,NA,NA,NA,NA,NA,NA
2155,NA,NA,WY,2024-05-31,NA,NA,NA,NA,NA,NA,NA,NA,NA,NA,NA,NA,NA,NA,NA,NA
2156,NA,NA,WY,2024-06-01,NA,NA,NA,NA,NA,NA,NA,NA,NA,NA,NA,NA,NA,NA,NA,NA
2157,NA,NA,WY,2024-06-02,NA,NA,NA,NA,NA,NA,NA,NA,NA,NA,NA,NA,NA,NA,NA,NA
2158,NA,NA,WY,2024-06-03,NA,NA,NA,NA,NA,NA,NA,NA,NA,NA,NA,NA,NA,NA,NA,NA
2159,NA,NA,WY,2024-06-04,NA,NA,NA,NA,NA,NA,NA,NA,NA,NA,NA,NA,NA,NA,NA,NA
2160,NA,NA,WY,2024-06-05,NA,NA,NA,NA,NA,NA,NA,NA,NA,NA,NA,NA,NA,NA,NA,NA
2161,NA,NA,WY,2024-06-06,NA,NA,NA,NA,NA,NA,NA,NA,NA,NA,NA,NA,NA,NA,NA,NA
2162,NA,NA,WY,2024-06-07,NA,NA,NA,NA,NA,NA,NA,NA,NA,NA,NA,NA,NA,NA,NA,NA
2163,NA,NA,WY,2024-06-08,NA,NA,NA,NA,NA,NA,NA,NA,NA,NA,NA,NA,NA,NA,NA,NA
2164,NA,NA,WY,2024-06-09,NA,NA,NA,NA,NA,NA,NA,NA,NA,NA,NA,NA,NA,NA,NA,NA
2165,NA,NA,WY,2024-06-10,NA,NA,NA,NA,NA,NA,NA,NA,NA,NA,NA,NA,NA,NA,NA,NA
2166,NA,NA,WY,2024-06-11,NA,NA,NA,NA,NA,NA,NA,NA,NA,NA,NA,NA,NA,NA,NA,NA
2167,NA,NA,WY,2024-06-12,NA,NA,NA,NA,NA,NA,NA,NA,NA,NA,NA,NA,NA,NA,NA,NA
2168,NA,NA,WY,2024-06-13,NA,NA,NA,NA,NA,NA,NA,NA,NA,NA,NA,NA,NA,NA,NA,NA
2169,NA,NA,WY,2024-06-14,NA,NA,NA,NA,NA,NA,NA,NA,NA,NA,NA,NA,NA,NA,NA,NA
2170,NA,NA,WY,2024-06-15,NA,NA,NA,NA,NA,NA,NA,NA,NA,NA,NA,NA,NA,NA,NA,NA
2171,NA,NA,WY,2024-06-16,NA,NA,NA,NA,NA,NA,NA,NA,NA,NA,NA,NA,NA,NA,NA,NA
2172,NA,NA,WY,2024-06-17,NA,NA,NA,NA,NA,NA,NA,NA,NA,NA,NA,NA,NA,NA,NA,NA
2173,NA,NA,WY,2024-06-18,NA,NA,NA,NA,NA,NA,NA,NA,NA,NA,NA,NA,NA,NA,NA,NA
2174,NA,NA,WY,2024-06-19,NA,NA,NA,NA,NA,NA,NA,NA,NA,NA,NA,NA,NA,NA,NA,NA
2175,NA,NA,WY,2024-06-20,NA,NA,NA,NA,NA,NA,NA,NA,NA,NA,NA,NA,NA,NA,NA,NA
2176,NA,NA,WY,2024-06-21,NA,NA,NA,NA,NA,NA,NA,NA,NA,NA,NA,NA,NA,NA,NA,NA
2177,NA,NA,WY,2024-06-22,NA,NA,NA,NA,NA,NA,NA,NA,NA,NA,NA,NA,NA,NA,NA,NA
2178,NA,NA,WY,2024-06-23,NA,NA,NA,NA,NA,NA,NA,NA,NA,NA,NA,NA,NA,NA,NA,NA
2179,NA,NA,WY,2024-06-24,NA,NA,NA,NA,NA,NA,NA,NA,NA,NA,NA,NA,NA,NA,NA,NA
2180,NA,NA,WY,2024-06-25,NA,NA,NA,NA,NA,NA,NA,NA,NA,NA,NA,NA,NA,NA,NA,NA
2181,NA,NA,WY,2024-06-26,NA,NA,NA,NA,NA,NA,NA,NA,NA,NA,NA,NA,NA,NA,NA,NA
2182,NA,NA,WY,2024-06-27,NA,NA,NA,NA,NA,NA,NA,NA,NA,NA,NA,NA,NA,NA,NA,NA
2183,NA,NA,WY,2024-06-28,NA,NA,NA,NA,NA,NA,NA,NA,NA,NA,NA,NA,NA,NA,NA,NA
2184,NA,NA,WY,2024-06-29,NA,NA,NA,NA,NA,NA,NA,NA,NA,NA,NA,NA,NA,NA,NA,NA
