...1,es_score,brier_score,location,target_date,X24A_50_CI,X24B_50_CI,X24C_50_CI,X24E_50_CI,X24G_50_CI,other_50_CI,X24A_95_CI,X24B_95_CI,X24C_95_CI,X24E_95_CI,X24G_95_CI,other_95_CI
1,NA,NA,AK,2024-06-23,NA,NA,NA,NA,NA,NA,NA,NA,NA,NA,NA,NA
2,NA,NA,AK,2024-06-24,NA,NA,NA,NA,NA,NA,NA,NA,NA,NA,NA,NA
3,NA,NA,AK,2024-06-25,NA,NA,NA,NA,NA,NA,NA,NA,NA,NA,NA,NA
4,NA,NA,AK,2024-06-26,NA,NA,NA,NA,NA,NA,NA,NA,NA,NA,NA,NA
5,NA,NA,AK,2024-06-27,NA,NA,NA,NA,NA,NA,NA,NA,NA,NA,NA,NA
6,NA,NA,AK,2024-06-28,NA,NA,NA,NA,NA,NA,NA,NA,NA,NA,NA,NA
7,NA,NA,AK,2024-06-29,NA,NA,NA,NA,NA,NA,NA,NA,NA,NA,NA,NA
8,NA,NA,AK,2024-06-30,NA,NA,NA,NA,NA,NA,NA,NA,NA,NA,NA,NA
9,NA,NA,AK,2024-07-01,NA,NA,NA,NA,NA,NA,NA,NA,NA,NA,NA,NA
10,0.659849590498449,0.510572249051665,AK,2024-07-02,1,1,1,1,0,1,1,1,0,1,0,1
11,NA,NA,AK,2024-07-03,NA,NA,NA,NA,NA,NA,NA,NA,NA,NA,NA,NA
12,NA,NA,AK,2024-07-04,NA,NA,NA,NA,NA,NA,NA,NA,NA,NA,NA,NA
13,NA,NA,AK,2024-07-05,NA,NA,NA,NA,NA,NA,NA,NA,NA,NA,NA,NA
14,NA,NA,AK,2024-07-06,NA,NA,NA,NA,NA,NA,NA,NA,NA,NA,NA,NA
15,NA,NA,AK,2024-07-07,NA,NA,NA,NA,NA,NA,NA,NA,NA,NA,NA,NA
16,NA,NA,AK,2024-07-08,NA,NA,NA,NA,NA,NA,NA,NA,NA,NA,NA,NA
17,NA,NA,AK,2024-07-09,NA,NA,NA,NA,NA,NA,NA,NA,NA,NA,NA,NA
18,NA,NA,AK,2024-07-10,NA,NA,NA,NA,NA,NA,NA,NA,NA,NA,NA,NA
19,NA,NA,AK,2024-07-11,NA,NA,NA,NA,NA,NA,NA,NA,NA,NA,NA,NA
20,NA,NA,AK,2024-07-12,NA,NA,NA,NA,NA,NA,NA,NA,NA,NA,NA,NA
21,NA,NA,AK,2024-07-13,NA,NA,NA,NA,NA,NA,NA,NA,NA,NA,NA,NA
22,NA,NA,AK,2024-07-14,NA,NA,NA,NA,NA,NA,NA,NA,NA,NA,NA,NA
23,NA,NA,AK,2024-07-15,NA,NA,NA,NA,NA,NA,NA,NA,NA,NA,NA,NA
24,NA,NA,AK,2024-07-16,NA,NA,NA,NA,NA,NA,NA,NA,NA,NA,NA,NA
25,NA,NA,AK,2024-07-17,NA,NA,NA,NA,NA,NA,NA,NA,NA,NA,NA,NA
26,NA,NA,AK,2024-07-18,NA,NA,NA,NA,NA,NA,NA,NA,NA,NA,NA,NA
27,NA,NA,AK,2024-07-19,NA,NA,NA,NA,NA,NA,NA,NA,NA,NA,NA,NA
28,NA,NA,AK,2024-07-20,NA,NA,NA,NA,NA,NA,NA,NA,NA,NA,NA,NA
29,NA,NA,AK,2024-07-21,NA,NA,NA,NA,NA,NA,NA,NA,NA,NA,NA,NA
30,0.473944570880391,0.348204418266466,AK,2024-07-22,1,1,1,1,1,1,1,0,0,1,1,1
31,NA,NA,AK,2024-07-23,NA,NA,NA,NA,NA,NA,NA,NA,NA,NA,NA,NA
32,NA,NA,AK,2024-07-24,NA,NA,NA,NA,NA,NA,NA,NA,NA,NA,NA,NA
33,NA,NA,AK,2024-07-25,NA,NA,NA,NA,NA,NA,NA,NA,NA,NA,NA,NA
34,NA,NA,AK,2024-07-26,NA,NA,NA,NA,NA,NA,NA,NA,NA,NA,NA,NA
35,NA,NA,AK,2024-07-27,NA,NA,NA,NA,NA,NA,NA,NA,NA,NA,NA,NA
36,NA,NA,AK,2024-07-28,NA,NA,NA,NA,NA,NA,NA,NA,NA,NA,NA,NA
37,NA,NA,AK,2024-07-29,NA,NA,NA,NA,NA,NA,NA,NA,NA,NA,NA,NA
38,NA,NA,AK,2024-07-30,NA,NA,NA,NA,NA,NA,NA,NA,NA,NA,NA,NA
39,NA,NA,AK,2024-07-31,NA,NA,NA,NA,NA,NA,NA,NA,NA,NA,NA,NA
40,NA,NA,AK,2024-08-01,NA,NA,NA,NA,NA,NA,NA,NA,NA,NA,NA,NA
41,0.324321878972372,0.1888347386032535,AK,2024-08-02,1,1,1,1,1,1,1,1,0,0,1,1
42,NA,NA,AK,2024-08-03,NA,NA,NA,NA,NA,NA,NA,NA,NA,NA,NA,NA
43,NA,NA,AL,2024-06-23,NA,NA,NA,NA,NA,NA,NA,NA,NA,NA,NA,NA
44,NA,NA,AL,2024-06-24,NA,NA,NA,NA,NA,NA,NA,NA,NA,NA,NA,NA
45,NA,NA,AL,2024-06-25,NA,NA,NA,NA,NA,NA,NA,NA,NA,NA,NA,NA
46,NA,NA,AL,2024-06-26,NA,NA,NA,NA,NA,NA,NA,NA,NA,NA,NA,NA
47,NA,NA,AL,2024-06-27,NA,NA,NA,NA,NA,NA,NA,NA,NA,NA,NA,NA
48,NA,NA,AL,2024-06-28,NA,NA,NA,NA,NA,NA,NA,NA,NA,NA,NA,NA
49,NA,NA,AL,2024-06-29,NA,NA,NA,NA,NA,NA,NA,NA,NA,NA,NA,NA
50,0.405994904330203,0.335742711278077,AL,2024-06-30,1,1,1,1,1,1,1,1,1,1,1,1
51,NA,NA,AL,2024-07-01,NA,NA,NA,NA,NA,NA,NA,NA,NA,NA,NA,NA
52,NA,NA,AL,2024-07-02,NA,NA,NA,NA,NA,NA,NA,NA,NA,NA,NA,NA
53,NA,NA,AL,2024-07-03,NA,NA,NA,NA,NA,NA,NA,NA,NA,NA,NA,NA
54,NA,NA,AL,2024-07-04,NA,NA,NA,NA,NA,NA,NA,NA,NA,NA,NA,NA
55,NA,NA,AL,2024-07-05,NA,NA,NA,NA,NA,NA,NA,NA,NA,NA,NA,NA
56,NA,NA,AL,2024-07-06,NA,NA,NA,NA,NA,NA,NA,NA,NA,NA,NA,NA
57,NA,NA,AL,2024-07-07,NA,NA,NA,NA,NA,NA,NA,NA,NA,NA,NA,NA
58,NA,NA,AL,2024-07-08,NA,NA,NA,NA,NA,NA,NA,NA,NA,NA,NA,NA
59,0.444350426759318,0.3599792908990745,AL,2024-07-09,1,1,1,1,1,1,1,0,0,1,1,1
60,NA,NA,AL,2024-07-10,NA,NA,NA,NA,NA,NA,NA,NA,NA,NA,NA,NA
61,NA,NA,AL,2024-07-11,NA,NA,NA,NA,NA,NA,NA,NA,NA,NA,NA,NA
62,NA,NA,AL,2024-07-12,NA,NA,NA,NA,NA,NA,NA,NA,NA,NA,NA,NA
63,NA,NA,AL,2024-07-13,NA,NA,NA,NA,NA,NA,NA,NA,NA,NA,NA,NA
64,NA,NA,AL,2024-07-14,NA,NA,NA,NA,NA,NA,NA,NA,NA,NA,NA,NA
65,NA,NA,AL,2024-07-15,NA,NA,NA,NA,NA,NA,NA,NA,NA,NA,NA,NA
66,0.576221117983156,0.357337283758601,AL,2024-07-16,1,1,1,0,1,1,1,1,0,0,1,1
67,0.481981490000913,0.397437782763767,AL,2024-07-17,1,1,1,1,1,1,1,0,1,1,0,1
68,NA,NA,AL,2024-07-18,NA,NA,NA,NA,NA,NA,NA,NA,NA,NA,NA,NA
69,NA,NA,AL,2024-07-19,NA,NA,NA,NA,NA,NA,NA,NA,NA,NA,NA,NA
70,NA,NA,AL,2024-07-20,NA,NA,NA,NA,NA,NA,NA,NA,NA,NA,NA,NA
71,NA,NA,AL,2024-07-21,NA,NA,NA,NA,NA,NA,NA,NA,NA,NA,NA,NA
72,NA,NA,AL,2024-07-22,NA,NA,NA,NA,NA,NA,NA,NA,NA,NA,NA,NA
73,NA,NA,AL,2024-07-23,NA,NA,NA,NA,NA,NA,NA,NA,NA,NA,NA,NA
74,0.435829549603833,0.272900199082771,AL,2024-07-24,1,1,1,1,1,1,1,1,0,0,1,1
75,NA,NA,AL,2024-07-25,NA,NA,NA,NA,NA,NA,NA,NA,NA,NA,NA,NA
76,0.567408276422231,0.458145243292983,AL,2024-07-26,1,0,1,1,1,1,1,0,0,1,1,1
77,NA,NA,AL,2024-07-27,NA,NA,NA,NA,NA,NA,NA,NA,NA,NA,NA,NA
78,NA,NA,AL,2024-07-28,NA,NA,NA,NA,NA,NA,NA,NA,NA,NA,NA,NA
79,NA,NA,AL,2024-07-29,NA,NA,NA,NA,NA,NA,NA,NA,NA,NA,NA,NA
80,NA,NA,AL,2024-07-30,NA,NA,NA,NA,NA,NA,NA,NA,NA,NA,NA,NA
81,NA,NA,AL,2024-07-31,NA,NA,NA,NA,NA,NA,NA,NA,NA,NA,NA,NA
82,NA,NA,AL,2024-08-01,NA,NA,NA,NA,NA,NA,NA,NA,NA,NA,NA,NA
83,0.876645828297906,0.61885840900003,AL,2024-08-02,0,1,1,1,1,1,0,1,0,1,1,1
84,0.647687099134502,0.527440749344855,AL,2024-08-03,1,0,1,1,1,1,1,0,0,1,1,1
85,NA,NA,AR,2024-06-23,NA,NA,NA,NA,NA,NA,NA,NA,NA,NA,NA,NA
86,NA,NA,AR,2024-06-24,NA,NA,NA,NA,NA,NA,NA,NA,NA,NA,NA,NA
87,NA,NA,AR,2024-06-25,NA,NA,NA,NA,NA,NA,NA,NA,NA,NA,NA,NA
88,NA,NA,AR,2024-06-26,NA,NA,NA,NA,NA,NA,NA,NA,NA,NA,NA,NA
89,NA,NA,AR,2024-06-27,NA,NA,NA,NA,NA,NA,NA,NA,NA,NA,NA,NA
90,NA,NA,AR,2024-06-28,NA,NA,NA,NA,NA,NA,NA,NA,NA,NA,NA,NA
91,NA,NA,AR,2024-06-29,NA,NA,NA,NA,NA,NA,NA,NA,NA,NA,NA,NA
92,NA,NA,AR,2024-06-30,NA,NA,NA,NA,NA,NA,NA,NA,NA,NA,NA,NA
93,NA,NA,AR,2024-07-01,NA,NA,NA,NA,NA,NA,NA,NA,NA,NA,NA,NA
94,NA,NA,AR,2024-07-02,NA,NA,NA,NA,NA,NA,NA,NA,NA,NA,NA,NA
95,NA,NA,AR,2024-07-03,NA,NA,NA,NA,NA,NA,NA,NA,NA,NA,NA,NA
96,NA,NA,AR,2024-07-04,NA,NA,NA,NA,NA,NA,NA,NA,NA,NA,NA,NA
97,NA,NA,AR,2024-07-05,NA,NA,NA,NA,NA,NA,NA,NA,NA,NA,NA,NA
98,NA,NA,AR,2024-07-06,NA,NA,NA,NA,NA,NA,NA,NA,NA,NA,NA,NA
99,NA,NA,AR,2024-07-07,NA,NA,NA,NA,NA,NA,NA,NA,NA,NA,NA,NA
100,0.445772036702609,0.425867814688185,AR,2024-07-08,1,1,1,1,1,1,1,1,1,1,1,1
101,0.656710771801139,0.4050725625435415,AR,2024-07-09,1,0,1,1,1,1,1,0,0,1,1,1
102,0.64278222485297,0.4084967545194695,AR,2024-07-10,1,0,1,1,1,1,1,1,1,1,1,1
103,NA,NA,AR,2024-07-11,NA,NA,NA,NA,NA,NA,NA,NA,NA,NA,NA,NA
104,NA,NA,AR,2024-07-12,NA,NA,NA,NA,NA,NA,NA,NA,NA,NA,NA,NA
105,NA,NA,AR,2024-07-13,NA,NA,NA,NA,NA,NA,NA,NA,NA,NA,NA,NA
106,NA,NA,AR,2024-07-14,NA,NA,NA,NA,NA,NA,NA,NA,NA,NA,NA,NA
107,NA,NA,AR,2024-07-15,NA,NA,NA,NA,NA,NA,NA,NA,NA,NA,NA,NA
108,NA,NA,AR,2024-07-16,NA,NA,NA,NA,NA,NA,NA,NA,NA,NA,NA,NA
109,0.489557234121898,0.357479799367534,AR,2024-07-17,1,1,1,1,1,1,1,0,0,1,1,1
110,NA,NA,AR,2024-07-18,NA,NA,NA,NA,NA,NA,NA,NA,NA,NA,NA,NA
111,0.682253731482508,0.4427490943204345,AR,2024-07-19,1,1,1,1,0,1,1,1,1,0,0,1
112,NA,NA,AR,2024-07-20,NA,NA,NA,NA,NA,NA,NA,NA,NA,NA,NA,NA
113,NA,NA,AR,2024-07-21,NA,NA,NA,NA,NA,NA,NA,NA,NA,NA,NA,NA
114,1.45010649797166,0.460359756654845,AR,2024-07-22,1,0,1,1,1,1,0,0,0,0,0,1
115,0.512166747147731,0.383696677426336,AR,2024-07-23,1,1,0,1,1,1,1,1,1,1,1,1
116,1.43698892854486,0.45417585333743,AR,2024-07-24,1,0,1,1,1,1,1,0,0,0,1,1
117,NA,NA,AR,2024-07-25,NA,NA,NA,NA,NA,NA,NA,NA,NA,NA,NA,NA
118,0.698045419906183,0.497601662289344,AR,2024-07-26,1,0,1,1,1,1,1,1,1,1,1,1
119,NA,NA,AR,2024-07-27,NA,NA,NA,NA,NA,NA,NA,NA,NA,NA,NA,NA
120,NA,NA,AR,2024-07-28,NA,NA,NA,NA,NA,NA,NA,NA,NA,NA,NA,NA
121,3.06716164635772,0.52073826965095,AR,2024-07-29,1,0,1,0,1,1,1,0,0,1,1,1
122,0.728647813407843,0.52880154314376,AR,2024-07-30,1,0,1,1,1,1,1,0,1,1,0,1
123,NA,NA,AR,2024-07-31,NA,NA,NA,NA,NA,NA,NA,NA,NA,NA,NA,NA
124,NA,NA,AR,2024-08-01,NA,NA,NA,NA,NA,NA,NA,NA,NA,NA,NA,NA
125,NA,NA,AR,2024-08-02,NA,NA,NA,NA,NA,NA,NA,NA,NA,NA,NA,NA
126,NA,NA,AR,2024-08-03,NA,NA,NA,NA,NA,NA,NA,NA,NA,NA,NA,NA
127,1.34965205076694,0.336306404390601,AZ,2024-06-23,1,1,0,1,1,1,1,1,1,1,1,1
128,0.955589242798424,0.363441028735431,AZ,2024-06-24,1,1,1,1,1,1,0,0,0,0,1,0
129,2.05566695306539,0.346731945124226,AZ,2024-06-25,1,1,1,1,1,1,1,1,1,0,0,1
130,2.67518938824038,0.441685824533977,AZ,2024-06-26,1,0,0,1,1,1,0,0,0,0,0,1
131,NA,NA,AZ,2024-06-27,NA,NA,NA,NA,NA,NA,NA,NA,NA,NA,NA,NA
132,0.418593407888087,0.2985838515204975,AZ,2024-06-28,1,1,1,1,1,1,0,1,0,1,1,1
133,1.1618501204491,0.358089483610436,AZ,2024-06-29,0,1,1,1,1,1,1,1,1,1,1,1
134,3.51422825765653,0.416892753615701,AZ,2024-06-30,0,1,0,1,0,0,0,1,1,1,0,0
135,7.68684148153296,0.416121813815752,AZ,2024-07-01,0,1,0,0,1,0,0,0,0,0,0,0
136,2.09790426663635,0.338682860088316,AZ,2024-07-02,0,1,1,1,1,1,0,0,0,1,0,1
137,NA,NA,AZ,2024-07-03,NA,NA,NA,NA,NA,NA,NA,NA,NA,NA,NA,NA
138,0.810059626051305,0.218505229258705,AZ,2024-07-04,1,1,0,1,1,1,1,1,1,1,1,1
139,0.734707890359345,0.383245039395171,AZ,2024-07-05,1,1,1,1,1,1,0,0,0,0,1,1
140,2.04224914125345,0.43717516562533,AZ,2024-07-06,1,1,1,0,1,1,1,0,0,0,1,1
141,0.978826953482959,0.3853991952558655,AZ,2024-07-07,1,1,1,1,1,1,0,0,0,0,0,1
142,9.57576852697261,0.4141208658545875,AZ,2024-07-08,0,1,0,1,1,1,1,0,0,0,0,1
143,4.75153054773524,0.379280188235383,AZ,2024-07-09,0,0,1,1,1,1,0,0,0,0,0,1
144,3.73773232286455,0.4054321160509625,AZ,2024-07-10,0,0,0,1,1,1,0,0,0,0,0,1
145,0.826129600786996,0.3990481100613655,AZ,2024-07-11,1,1,1,1,1,1,1,1,0,0,0,1
146,0.783398873349055,0.408475585448856,AZ,2024-07-12,1,1,1,1,1,1,1,1,0,0,1,1
147,NA,NA,AZ,2024-07-13,NA,NA,NA,NA,NA,NA,NA,NA,NA,NA,NA,NA
148,1.05105510563927,0.53183752017622,AZ,2024-07-14,1,1,1,1,0,1,1,1,0,1,0,1
149,2.23473073646385,0.42085192186578,AZ,2024-07-15,0,0,1,1,1,1,0,0,0,0,1,1
150,2.78539986416345,0.4185940229069085,AZ,2024-07-16,1,0,0,1,1,1,0,0,0,0,0,1
151,4.39622369037136,0.4183226673168825,AZ,2024-07-17,0,1,0,0,1,1,0,0,0,0,0,1
152,5.66888047902269,0.508993358443815,AZ,2024-07-18,0,0,0,1,1,1,0,0,0,0,0,1
153,1.15261604031101,0.482964056598948,AZ,2024-07-19,1,1,0,1,1,1,0,0,0,1,1,1
154,1.28968456994064,0.4413669277101745,AZ,2024-07-20,1,0,1,1,1,1,0,1,0,1,1,1
155,4.48692986742022,0.5398830714262,AZ,2024-07-21,0,1,0,0,0,1,0,1,0,1,0,1
156,5.42363265487784,0.432507442394062,AZ,2024-07-22,0,1,0,0,1,1,0,0,1,0,0,1
157,2.40961873917007,0.426034834882489,AZ,2024-07-23,1,1,1,1,1,0,0,0,0,0,0,0
158,6.27286903622278,0.502105242714835,AZ,2024-07-24,0,0,0,0,1,1,0,0,0,0,0,1
159,1.23507757440297,0.432844943803047,AZ,2024-07-25,1,0,1,1,1,1,1,0,0,1,1,1
160,1.56429714659973,0.45425797776973,AZ,2024-07-26,0,1,1,1,1,1,0,1,0,1,0,1
161,2.7084286452113,0.57182025786032,AZ,2024-07-27,0,1,0,1,1,1,0,1,0,0,0,1
162,2.70725297277204,0.437894511561525,AZ,2024-07-28,1,0,0,1,1,0,0,0,0,0,0,0
163,5.79190139286247,0.462784957712057,AZ,2024-07-29,0,1,0,0,1,0,0,0,0,0,0,0
164,2.48435662282324,0.4723735765410545,AZ,2024-07-30,1,0,0,1,0,1,1,0,0,0,1,1
165,1.29373897385954,0.3431206137560835,AZ,2024-07-31,1,1,1,1,1,1,0,0,0,0,1,1
166,0.524016568333111,0.266246412337035,AZ,2024-08-01,1,1,1,1,1,1,1,1,1,0,1,0
167,0.796089239794364,0.579289945699205,AZ,2024-08-02,1,0,1,1,1,1,1,1,1,1,1,1
168,2.12837162867972,0.3894747855006475,AZ,2024-08-03,0,1,0,1,1,1,0,0,0,0,1,1
169,2.47533224671208,0.375811605869123,CA,2024-06-23,1,1,1,1,1,1,0,1,0,0,0,1
170,4.03641139650699,0.396503052195692,CA,2024-06-24,1,1,1,1,0,1,0,0,1,0,0,1
171,5.01389702921066,0.380142111682967,CA,2024-06-25,1,1,1,1,1,0,0,0,0,0,0,0
172,11.3911105482546,0.3735157536146485,CA,2024-06-26,1,0,1,1,1,1,0,0,0,0,0,0
173,13.8637423109775,0.388224687310056,CA,2024-06-27,1,0,1,0,1,0,0,0,1,0,0,0
174,9.00118433367517,0.3924624019823175,CA,2024-06-28,1,1,1,1,1,0,0,0,0,0,0,0
175,6.91214891697909,0.3854561355903945,CA,2024-06-29,0,1,1,1,1,0,0,0,0,1,0,0
176,12.7789482432977,0.395253263599246,CA,2024-06-30,0,0,0,1,1,1,0,0,0,0,0,1
177,13.5148020259047,0.376669853267427,CA,2024-07-01,0,0,1,0,0,1,0,0,0,0,0,0
178,6.05202845916063,0.3899523020627895,CA,2024-07-02,0,1,1,1,1,0,0,0,0,0,0,0
179,6.37587580682577,0.3881709910487145,CA,2024-07-03,0,1,1,1,1,1,0,0,0,0,0,0
180,2.41026702055697,0.3841988073279375,CA,2024-07-04,1,1,1,1,1,1,0,0,0,0,0,0
181,8.44425492323941,0.4099532330821805,CA,2024-07-05,0,1,0,0,0,1,0,1,0,0,0,0
182,7.29117689905926,0.40973458374283,CA,2024-07-06,0,1,0,0,1,1,0,1,0,0,0,0
183,9.73649628179958,0.4025150685202385,CA,2024-07-07,0,1,1,0,1,0,0,0,0,0,0,0
184,12.8000650294426,0.4208627633127675,CA,2024-07-08,0,1,0,1,1,0,0,0,0,0,0,1
185,20.9091628449936,0.433845529326547,CA,2024-07-09,0,0,0,0,1,1,0,0,0,0,0,0
186,10.0527847544113,0.416023052761522,CA,2024-07-10,0,1,0,1,1,1,0,0,0,0,0,0
187,11.8446879640657,0.4245036322695845,CA,2024-07-11,0,0,0,1,0,1,0,0,0,0,0,0
188,18.0479817481662,0.4188776160371495,CA,2024-07-12,0,0,0,0,1,1,0,0,0,0,0,0
189,6.12508329700345,0.4207403670108735,CA,2024-07-13,0,0,0,1,1,0,0,0,0,0,0,0
190,14.6008598149048,0.4226970238183405,CA,2024-07-14,0,1,0,1,0,1,0,0,0,0,0,0
191,17.4598893314355,0.4243091906612765,CA,2024-07-15,0,0,0,0,1,0,0,1,0,0,0,0
192,22.5078624029384,0.4475790057372435,CA,2024-07-16,0,0,0,0,1,0,0,0,0,0,1,0
193,11.4351995315369,0.433252580428193,CA,2024-07-17,0,0,0,0,1,1,0,0,0,0,0,0
194,10.8764821234736,0.417126633958784,CA,2024-07-18,0,1,1,0,1,1,0,0,0,0,0,0
195,5.17028418992594,0.4330285246618305,CA,2024-07-19,0,1,0,1,1,1,0,0,0,0,0,1
196,8.35456729932467,0.4240489501219085,CA,2024-07-20,0,0,1,0,1,0,0,0,1,0,0,0
197,16.1166941463288,0.468383389804896,CA,2024-07-21,0,0,0,0,1,1,0,0,0,0,0,1
198,22.3225277505322,0.4388722630241405,CA,2024-07-22,0,0,0,0,1,1,0,0,0,0,0,0
199,18.1444965549023,0.4591449768321695,CA,2024-07-23,0,0,0,0,1,1,0,0,0,1,0,0
200,21.366194314862,0.4653369742952375,CA,2024-07-24,0,1,0,0,0,0,0,1,0,0,0,0
201,14.013489037415,0.447802813461077,CA,2024-07-25,0,1,0,0,1,0,0,0,0,0,0,0
202,16.760731772895,0.4861479539938805,CA,2024-07-26,0,0,0,0,1,0,0,0,0,0,0,0
203,11.4797674309719,0.4554399346989505,CA,2024-07-27,0,0,0,0,1,1,0,0,0,0,0,1
204,4.56897803235697,0.390740264665829,CA,2024-07-28,1,1,1,1,1,0,0,0,0,0,0,0
205,16.0901347646658,0.496039066784523,CA,2024-07-29,0,0,0,0,1,0,0,0,0,0,0,0
206,16.5557247092304,0.4601591481968555,CA,2024-07-30,0,0,0,0,0,0,0,0,0,0,0,0
207,11.4641910000787,0.455359894304513,CA,2024-07-31,0,1,1,0,0,0,0,0,0,0,0,0
208,12.9279953172652,0.440520853169955,CA,2024-08-01,0,1,0,0,1,1,0,1,0,0,0,1
209,11.9948153500722,0.4724493173112235,CA,2024-08-02,0,0,0,0,1,1,0,0,0,0,0,1
210,6.70304329389291,0.44145997086381,CA,2024-08-03,0,1,1,0,0,1,0,0,0,0,0,1
211,NA,NA,CO,2024-06-23,NA,NA,NA,NA,NA,NA,NA,NA,NA,NA,NA,NA
212,NA,NA,CO,2024-06-24,NA,NA,NA,NA,NA,NA,NA,NA,NA,NA,NA,NA
213,0.821184366432146,0.4079777231993285,CO,2024-06-25,1,1,1,0,1,1,1,1,1,1,1,1
214,0.674767549154605,0.385598703833441,CO,2024-06-26,1,1,1,1,1,1,1,0,0,1,0,1
215,0.476590352367228,0.379381316711998,CO,2024-06-27,1,1,1,1,1,1,1,0,0,1,1,1
216,0.434873696840553,0.310998508171962,CO,2024-06-28,1,1,1,1,1,1,1,0,1,1,0,1
217,NA,NA,CO,2024-06-29,NA,NA,NA,NA,NA,NA,NA,NA,NA,NA,NA,NA
218,NA,NA,CO,2024-06-30,NA,NA,NA,NA,NA,NA,NA,NA,NA,NA,NA,NA
219,0.450018453307916,0.318148049486881,CO,2024-07-01,1,1,1,1,1,1,1,0,0,1,1,1
220,NA,NA,CO,2024-07-02,NA,NA,NA,NA,NA,NA,NA,NA,NA,NA,NA,NA
221,NA,NA,CO,2024-07-03,NA,NA,NA,NA,NA,NA,NA,NA,NA,NA,NA,NA
222,NA,NA,CO,2024-07-04,NA,NA,NA,NA,NA,NA,NA,NA,NA,NA,NA,NA
223,0.444798081935273,0.3636028843593105,CO,2024-07-05,1,1,1,1,1,1,1,0,0,1,1,1
224,NA,NA,CO,2024-07-06,NA,NA,NA,NA,NA,NA,NA,NA,NA,NA,NA,NA
225,NA,NA,CO,2024-07-07,NA,NA,NA,NA,NA,NA,NA,NA,NA,NA,NA,NA
226,0.427824902911723,0.362210411729778,CO,2024-07-08,1,1,1,1,1,1,1,1,1,1,1,1
227,NA,NA,CO,2024-07-09,NA,NA,NA,NA,NA,NA,NA,NA,NA,NA,NA,NA
228,0.435878778432782,0.362895412312681,CO,2024-07-10,1,1,1,1,1,1,1,1,0,1,0,1
229,0.712369060265104,0.3655043050636225,CO,2024-07-11,1,1,1,1,1,1,1,0,0,0,0,1
230,0.59557142034956,0.3615621615240725,CO,2024-07-12,1,1,1,0,1,1,1,0,1,0,1,1
231,NA,NA,CO,2024-07-13,NA,NA,NA,NA,NA,NA,NA,NA,NA,NA,NA,NA
232,NA,NA,CO,2024-07-14,NA,NA,NA,NA,NA,NA,NA,NA,NA,NA,NA,NA
233,0.752377121564869,0.3850583386139775,CO,2024-07-15,1,1,1,1,1,1,1,0,1,1,0,1
234,1.38448583590055,0.4560406830274,CO,2024-07-16,1,1,1,1,0,1,1,0,1,1,0,1
235,1.00694057145249,0.493517148526893,CO,2024-07-17,0,1,1,1,1,1,0,1,0,1,1,1
236,1.51760039799966,0.443055591297348,CO,2024-07-18,0,1,1,1,1,1,0,0,0,0,1,1
237,0.768594764550764,0.54107863142021,CO,2024-07-19,0,1,1,1,1,1,0,1,0,1,1,1
238,NA,NA,CO,2024-07-20,NA,NA,NA,NA,NA,NA,NA,NA,NA,NA,NA,NA
239,NA,NA,CO,2024-07-21,NA,NA,NA,NA,NA,NA,NA,NA,NA,NA,NA,NA
240,NA,NA,CO,2024-07-22,NA,NA,NA,NA,NA,NA,NA,NA,NA,NA,NA,NA
241,0.868321367010949,0.351188831841944,CO,2024-07-23,1,1,0,1,1,1,1,0,0,1,1,1
242,0.650621953172555,0.344106624172905,CO,2024-07-24,1,1,1,1,1,1,1,0,1,1,0,1
243,0.776535695596974,0.392065512586353,CO,2024-07-25,1,1,1,1,1,1,1,0,0,0,0,1
244,0.436567288247671,0.215696535084245,CO,2024-07-26,1,1,1,1,1,1,1,1,1,1,1,1
245,NA,NA,CO,2024-07-27,NA,NA,NA,NA,NA,NA,NA,NA,NA,NA,NA,NA
246,NA,NA,CO,2024-07-28,NA,NA,NA,NA,NA,NA,NA,NA,NA,NA,NA,NA
247,0.778654892865172,0.4787907645121655,CO,2024-07-29,1,1,1,1,1,1,1,0,1,1,0,1
248,NA,NA,CO,2024-07-30,NA,NA,NA,NA,NA,NA,NA,NA,NA,NA,NA,NA
249,0.669514127875082,0.51859769974719,CO,2024-07-31,1,0,1,1,1,1,1,0,0,1,1,1
250,NA,NA,CO,2024-08-01,NA,NA,NA,NA,NA,NA,NA,NA,NA,NA,NA,NA
251,0.345569476097686,0.1517728431847255,CO,2024-08-02,1,1,1,1,1,1,1,1,0,0,1,1
252,NA,NA,CO,2024-08-03,NA,NA,NA,NA,NA,NA,NA,NA,NA,NA,NA,NA
253,NA,NA,CT,2024-06-23,NA,NA,NA,NA,NA,NA,NA,NA,NA,NA,NA,NA
254,0.918344294748938,0.227998967720121,CT,2024-06-24,0,1,1,1,1,1,0,1,1,1,0,1
255,0.972522248921917,0.4954172303235675,CT,2024-06-25,1,1,1,0,1,1,0,0,0,0,1,1
256,NA,NA,CT,2024-06-26,NA,NA,NA,NA,NA,NA,NA,NA,NA,NA,NA,NA
257,2.09069623192962,0.24949981315118,CT,2024-06-27,0,1,1,1,1,1,0,1,0,1,1,1
258,0.659077751045313,0.355251136080917,CT,2024-06-28,1,1,1,1,1,1,0,0,0,1,0,1
259,NA,NA,CT,2024-06-29,NA,NA,NA,NA,NA,NA,NA,NA,NA,NA,NA,NA
260,0.921459522598423,0.326604482827603,CT,2024-06-30,0,1,1,1,1,1,0,0,0,0,0,1
261,0.969713625971666,0.2797436615429185,CT,2024-07-01,0,1,1,1,1,1,0,1,1,0,1,1
262,0.688469011318384,0.361893651003229,CT,2024-07-02,1,1,1,1,1,1,0,1,0,1,0,1
263,0.88873063087642,0.4034208128724095,CT,2024-07-03,1,1,1,1,1,1,0,0,1,0,0,1
264,0.613243715897234,0.4288926931927755,CT,2024-07-04,1,1,1,1,0,1,0,1,1,1,0,1
265,0.578798083852799,0.435448162604404,CT,2024-07-05,1,0,1,1,1,1,1,0,1,0,1,1
266,0.707995670535864,0.371173056189211,CT,2024-07-06,1,1,1,1,1,1,0,1,1,0,1,1
267,NA,NA,CT,2024-07-07,NA,NA,NA,NA,NA,NA,NA,NA,NA,NA,NA,NA
268,NA,NA,CT,2024-07-08,NA,NA,NA,NA,NA,NA,NA,NA,NA,NA,NA,NA
269,1.30040591493735,0.4235305704515715,CT,2024-07-09,1,1,1,1,0,1,0,0,0,1,0,1
270,0.677143751053033,0.400553953949887,CT,2024-07-10,1,1,1,1,1,1,1,0,0,0,0,1
271,NA,NA,CT,2024-07-11,NA,NA,NA,NA,NA,NA,NA,NA,NA,NA,NA,NA
272,0.511007827476265,0.3862841704026635,CT,2024-07-12,1,1,0,1,1,1,1,1,1,1,1,1
273,NA,NA,CT,2024-07-13,NA,NA,NA,NA,NA,NA,NA,NA,NA,NA,NA,NA
274,0.5117308158732,0.386533635554802,CT,2024-07-14,1,1,0,1,1,1,1,1,1,1,1,1
275,0.55272651945397,0.3630835840865035,CT,2024-07-15,1,1,1,0,1,1,1,1,1,0,0,1
276,1.24258476354479,0.4097119104003155,CT,2024-07-16,1,1,1,1,0,1,1,1,1,0,0,1
277,1.34885831712863,0.446612546541111,CT,2024-07-17,1,0,1,1,1,1,0,0,0,0,0,1
278,0.526751460957279,0.3310889876012055,CT,2024-07-18,1,1,1,0,1,1,1,1,1,0,0,1
279,NA,NA,CT,2024-07-19,NA,NA,NA,NA,NA,NA,NA,NA,NA,NA,NA,NA
280,0.836850160812104,0.445270376520728,CT,2024-07-20,1,1,1,1,1,1,1,0,0,0,0,1
281,NA,NA,CT,2024-07-21,NA,NA,NA,NA,NA,NA,NA,NA,NA,NA,NA,NA
282,NA,NA,CT,2024-07-22,NA,NA,NA,NA,NA,NA,NA,NA,NA,NA,NA,NA
283,1.91325904875063,0.4191906832524,CT,2024-07-23,0,1,1,1,1,1,0,0,0,0,1,1
284,0.718498567790448,0.4192903233449555,CT,2024-07-24,1,1,1,1,1,1,1,1,0,0,0,1
285,0.680125340060154,0.4869119127762345,CT,2024-07-25,0,1,1,1,1,1,0,1,0,1,1,1
286,0.41929884973912,0.247311893291969,CT,2024-07-26,1,1,1,1,1,1,1,1,1,1,1,1
287,NA,NA,CT,2024-07-27,NA,NA,NA,NA,NA,NA,NA,NA,NA,NA,NA,NA
288,NA,NA,CT,2024-07-28,NA,NA,NA,NA,NA,NA,NA,NA,NA,NA,NA,NA
289,1.66005567058168,0.506209861410265,CT,2024-07-29,0,1,1,0,1,1,0,0,0,0,0,1
290,NA,NA,CT,2024-07-30,NA,NA,NA,NA,NA,NA,NA,NA,NA,NA,NA,NA
291,0.557949068581423,0.4551744194083295,CT,2024-07-31,1,1,0,1,1,1,1,1,1,1,1,1
292,1.50242848583175,0.461036144789658,CT,2024-08-01,1,0,1,1,1,1,0,0,0,0,1,1
293,NA,NA,CT,2024-08-02,NA,NA,NA,NA,NA,NA,NA,NA,NA,NA,NA,NA
294,1.02322885455931,0.524105091039925,CT,2024-08-03,0,1,1,1,1,1,0,1,1,0,0,1
295,NA,NA,DC,2024-06-23,NA,NA,NA,NA,NA,NA,NA,NA,NA,NA,NA,NA
296,1.01620644676903,0.3272687699424555,DC,2024-06-24,1,0,1,1,1,1,0,0,1,1,1,1
297,NA,NA,DC,2024-06-25,NA,NA,NA,NA,NA,NA,NA,NA,NA,NA,NA,NA
298,NA,NA,DC,2024-06-26,NA,NA,NA,NA,NA,NA,NA,NA,NA,NA,NA,NA
299,0.490812885990683,0.3297140883546265,DC,2024-06-27,1,1,1,1,1,1,0,1,0,1,1,1
300,NA,NA,DC,2024-06-28,NA,NA,NA,NA,NA,NA,NA,NA,NA,NA,NA,NA
301,NA,NA,DC,2024-06-29,NA,NA,NA,NA,NA,NA,NA,NA,NA,NA,NA,NA
302,0.616853146990641,0.3786533676880225,DC,2024-06-30,1,1,1,1,1,1,1,0,0,1,1,1
303,0.612211000104794,0.3827698064311445,DC,2024-07-01,1,1,1,1,1,1,0,0,1,0,1,0
304,0.712666280973235,0.52275561839963,DC,2024-07-02,1,1,1,0,1,1,1,1,0,0,1,1
305,0.723640337785645,0.51739701448994,DC,2024-07-03,1,1,1,0,1,1,0,1,1,0,1,1
306,0.736304634374062,0.4711256249355435,DC,2024-07-04,1,1,1,1,0,1,1,1,0,1,0,1
307,NA,NA,DC,2024-07-05,NA,NA,NA,NA,NA,NA,NA,NA,NA,NA,NA,NA
308,NA,NA,DC,2024-07-06,NA,NA,NA,NA,NA,NA,NA,NA,NA,NA,NA,NA
309,NA,NA,DC,2024-07-07,NA,NA,NA,NA,NA,NA,NA,NA,NA,NA,NA,NA
310,NA,NA,DC,2024-07-08,NA,NA,NA,NA,NA,NA,NA,NA,NA,NA,NA,NA
311,NA,NA,DC,2024-07-09,NA,NA,NA,NA,NA,NA,NA,NA,NA,NA,NA,NA
312,NA,NA,DC,2024-07-10,NA,NA,NA,NA,NA,NA,NA,NA,NA,NA,NA,NA
313,0.73779391223585,0.4259571243705135,DC,2024-07-11,1,1,1,1,1,1,1,1,1,1,1,1
314,1.57718517258758,0.4828282023199325,DC,2024-07-12,0,1,1,1,0,1,0,1,0,1,0,1
315,0.631058323677143,0.452361740125479,DC,2024-07-13,1,1,1,0,1,1,1,1,0,0,1,1
316,NA,NA,DC,2024-07-14,NA,NA,NA,NA,NA,NA,NA,NA,NA,NA,NA,NA
317,0.881399265879475,0.471643611156823,DC,2024-07-15,0,1,1,1,1,1,0,1,0,0,1,1
318,0.870116027538142,0.3175481752409305,DC,2024-07-16,1,1,0,1,1,1,1,0,1,0,1,1
319,0.427429616060296,0.283150997770229,DC,2024-07-17,1,1,1,1,1,1,0,1,0,1,1,1
320,0.687587155059916,0.520975373652665,DC,2024-07-18,0,1,1,1,1,1,0,1,0,1,1,1
321,1.48556232506932,0.4848712136222045,DC,2024-07-19,0,1,1,1,1,1,0,0,0,0,1,1
322,NA,NA,DC,2024-07-20,NA,NA,NA,NA,NA,NA,NA,NA,NA,NA,NA,NA
323,NA,NA,DC,2024-07-21,NA,NA,NA,NA,NA,NA,NA,NA,NA,NA,NA,NA
324,NA,NA,DC,2024-07-22,NA,NA,NA,NA,NA,NA,NA,NA,NA,NA,NA,NA
325,0.723555074855774,0.4747939980227955,DC,2024-07-23,1,1,1,1,0,1,1,1,0,1,0,1
326,NA,NA,DC,2024-07-24,NA,NA,NA,NA,NA,NA,NA,NA,NA,NA,NA,NA
327,0.849492265108381,0.4198945745760845,DC,2024-07-25,1,1,1,1,1,1,1,0,0,0,0,1
328,0.774262550623033,0.5577564218795,DC,2024-07-26,0,1,1,1,1,1,0,1,1,1,0,1
329,NA,NA,DC,2024-07-27,NA,NA,NA,NA,NA,NA,NA,NA,NA,NA,NA,NA
330,0.625704556922946,0.3849764734094875,DC,2024-07-28,1,1,1,1,1,1,1,0,0,0,0,1
331,1.20751938790107,0.3678994587036905,DC,2024-07-29,1,1,0,1,1,1,1,0,1,1,0,1
332,1.55064124698931,0.4936937983295545,DC,2024-07-30,1,1,1,1,0,1,1,0,1,1,0,1
333,0.468590174442393,0.3154073119912265,DC,2024-07-31,1,1,1,1,1,1,1,1,1,1,1,1
334,1.5279204988036,0.4648933116744395,DC,2024-08-01,0,0,1,0,1,1,0,0,0,0,0,1
335,NA,NA,DC,2024-08-02,NA,NA,NA,NA,NA,NA,NA,NA,NA,NA,NA,NA
336,NA,NA,DC,2024-08-03,NA,NA,NA,NA,NA,NA,NA,NA,NA,NA,NA,NA
337,1.43907921227101,0.367746555807087,DE,2024-06-23,0,1,1,1,1,1,0,1,0,1,1,1
338,0.967614654826934,0.45012239138689347,DE,2024-06-24,1,1,1,0,1,1,0,0,1,0,1,0
339,1.89811595920783,0.3455709954289095,DE,2024-06-25,1,0,1,1,1,1,1,0,0,1,0,1
340,1.05361502528798,0.3660523613910115,DE,2024-06-26,1,0,1,1,1,1,0,0,0,1,0,1
341,0.937697925787893,0.314308422294308,DE,2024-06-27,1,1,0,1,1,1,1,0,0,1,1,0
342,1.15294272039717,0.4103072821496475,DE,2024-06-28,1,1,1,1,0,1,0,1,1,0,0,1
343,0.625001176270228,0.439433911990541,DE,2024-06-29,0,1,1,1,1,1,1,1,1,1,1,1
344,0.865101253432373,0.4145686510188075,DE,2024-06-30,1,1,1,1,1,1,0,1,1,1,0,1
345,0.897906630019665,0.379457123986787,DE,2024-07-01,1,1,1,1,1,1,1,1,1,0,0,1
346,0.566992898174894,0.3280571795790155,DE,2024-07-02,1,1,1,1,1,1,0,0,1,1,1,1
347,2.14288792219755,0.4388259571707985,DE,2024-07-03,0,1,0,1,1,1,0,0,0,1,0,1
348,NA,NA,DE,2024-07-04,NA,NA,NA,NA,NA,NA,NA,NA,NA,NA,NA,NA
349,NA,NA,DE,2024-07-05,NA,NA,NA,NA,NA,NA,NA,NA,NA,NA,NA,NA
350,1.64300652007722,0.367537995594082,DE,2024-07-06,1,0,1,1,0,1,0,0,0,1,0,1
351,1.7640269976672,0.4140619999706025,DE,2024-07-07,1,1,0,1,0,1,1,1,0,0,0,1
352,1.74186268068942,0.431777336668552,DE,2024-07-08,1,1,0,1,1,1,0,0,0,0,0,1
353,1.1682589108274,0.4134999629473555,DE,2024-07-09,1,1,1,1,0,1,0,0,0,1,0,1
354,0.633188817142696,0.378798775825049,DE,2024-07-10,1,1,1,1,1,1,1,1,0,0,0,1
355,0.938924914105066,0.4460122611547775,DE,2024-07-11,0,1,1,1,1,1,0,0,0,0,1,1
356,2.00448527431345,0.443486367466591,DE,2024-07-12,0,1,1,1,1,1,0,0,0,1,0,1
357,2.05536768552415,0.4245703414695005,DE,2024-07-13,1,0,0,1,1,1,0,1,0,0,0,1
358,1.1770621159708201,0.417742359097909,DE,2024-07-14,1,1,1,1,1,1,1,0,0,0,0,1
359,1.10966132013942,0.453051144940866,DE,2024-07-15,1,1,1,1,1,1,0,0,1,0,0,1
360,NA,NA,DE,2024-07-16,NA,NA,NA,NA,NA,NA,NA,NA,NA,NA,NA,NA
361,NA,NA,DE,2024-07-17,NA,NA,NA,NA,NA,NA,NA,NA,NA,NA,NA,NA
362,1.18206444103718,0.414861961449288,DE,2024-07-18,1,1,1,1,1,1,0,0,1,0,1,0
363,0.611036892117449,0.432436021640706,DE,2024-07-19,1,1,1,1,0,1,1,1,1,0,0,1
364,1.9862434981375,0.401369451930052,DE,2024-07-20,0,0,1,1,1,1,0,1,0,0,0,1
365,2.82336017760684,0.4490293990086465,DE,2024-07-21,0,0,0,1,1,1,0,0,0,0,0,1
366,2.49224221001849,0.4974333956645945,DE,2024-07-22,0,1,0,1,1,1,0,1,0,1,1,1
367,1.64437247360645,0.3654285769036065,DE,2024-07-23,1,1,1,1,0,1,0,0,0,0,0,1
368,1.42041321271811,0.302922817170024,DE,2024-07-24,1,1,0,1,1,1,1,0,0,1,0,1
369,1.83306668697628,0.445138331784285,DE,2024-07-25,0,1,1,1,1,1,0,1,0,0,0,1
370,2.14793885349178,0.4695796858791855,DE,2024-07-26,0,1,0,1,1,1,0,0,0,0,1,1
371,1.36404874398041,0.405932753523851,DE,2024-07-27,1,1,1,1,1,1,0,1,1,0,0,0
372,3.51795237657452,0.416949117735754,DE,2024-07-28,0,1,1,1,1,1,0,0,0,0,0,1
373,1.88752808685114,0.420573863806196,DE,2024-07-29,0,1,0,1,1,1,0,1,0,0,0,1
374,2.4706122193169,0.4774706401809355,DE,2024-07-30,0,1,1,1,1,1,0,0,0,0,1,1
375,1.82133161698517,0.412802245097016,DE,2024-07-31,1,0,1,1,1,1,0,0,0,1,1,1
376,2.17520132352226,0.410488581363121,DE,2024-08-01,0,1,1,1,1,1,0,0,0,0,0,1
377,2.86733423281126,0.45296383639062,DE,2024-08-02,0,1,1,0,1,1,0,0,0,0,0,1
378,1.19414859659978,0.4139018147798275,DE,2024-08-03,1,1,1,0,1,1,1,0,1,0,1,1
379,2.01262919635793,0.369025092272463,FL,2024-06-23,0,1,1,1,1,1,1,0,0,1,0,1
380,4.20179283264165,0.396025743125189,FL,2024-06-24,1,1,0,0,1,1,0,0,0,0,0,1
381,3.32603543427312,0.4089095903904225,FL,2024-06-25,0,1,0,0,1,1,0,0,0,0,0,1
382,4.87107463163839,0.382969773608048,FL,2024-06-26,0,1,1,1,1,1,0,0,0,0,0,1
383,4.75177910602307,0.386737921960083,FL,2024-06-27,0,1,1,1,1,1,0,0,0,0,1,1
384,5.29303466482371,0.383332492585175,FL,2024-06-28,1,1,0,1,0,1,0,0,0,0,0,0
385,2.07824940837537,0.41855721726962,FL,2024-06-29,0,1,0,0,0,1,0,1,1,0,0,1
386,4.51262718506987,0.380082132090306,FL,2024-06-30,0,1,1,1,0,1,0,0,0,1,0,1
387,4.51594052948999,0.4039540025765595,FL,2024-07-01,1,0,0,0,1,0,0,0,0,0,1,0
388,4.37286018991364,0.3862252066725075,FL,2024-07-02,0,1,1,1,1,1,0,0,0,0,0,1
389,3.93302701970649,0.3982552875893085,FL,2024-07-03,0,1,1,1,0,1,0,0,0,0,0,1
390,NA,NA,FL,2024-07-04,NA,NA,NA,NA,NA,NA,NA,NA,NA,NA,NA,NA
391,2.54123019745925,0.378789257223086,FL,2024-07-05,1,0,0,1,1,1,0,0,0,0,0,1
392,1.75914293170477,0.4027549305381755,FL,2024-07-06,1,1,1,0,1,1,0,0,1,0,1,1
393,NA,NA,FL,2024-07-07,NA,NA,NA,NA,NA,NA,NA,NA,NA,NA,NA,NA
394,6.76868586986742,0.4059284533145,FL,2024-07-08,0,1,0,0,1,1,0,0,0,0,0,1
395,4.43564687406904,0.395555786414903,FL,2024-07-09,0,1,1,1,1,1,0,0,0,0,0,1
396,5.34522504754981,0.4060998111734885,FL,2024-07-10,0,1,0,1,1,1,0,1,0,1,0,1
397,3.9294174598633,0.4007822843330635,FL,2024-07-11,0,1,0,1,1,1,0,0,0,0,0,1
398,5.04228647247617,0.4157547723939945,FL,2024-07-12,0,1,0,1,1,0,0,0,0,0,0,0
399,2.19820959972282,0.406839717110565,FL,2024-07-13,1,1,1,0,1,1,0,0,1,0,0,1
400,2.21882459870435,0.4329759041370405,FL,2024-07-14,1,1,0,0,0,1,0,1,1,1,0,1
401,6.89267610511593,0.40827624735066,FL,2024-07-15,0,1,1,1,1,1,0,0,0,0,0,0
402,6.45445420665944,0.411003228597248,FL,2024-07-16,0,1,1,1,1,1,0,0,1,0,0,1
403,2.81325206893607,0.412782762591894,FL,2024-07-17,0,0,1,0,1,1,1,0,0,0,0,1
404,3.95483922054455,0.4032085986467835,FL,2024-07-18,1,1,0,0,1,1,0,0,0,0,0,1
405,4.393436227647,0.400458724628451,FL,2024-07-19,1,0,0,0,0,1,0,0,1,0,0,1
406,1.52222281548927,0.4220338827612195,FL,2024-07-20,0,1,1,1,1,1,0,1,0,0,1,1
407,2.37703846908364,0.4400785411438115,FL,2024-07-21,0,1,1,0,0,1,0,0,1,1,1,1
408,3.23568871769557,0.389739228346798,FL,2024-07-22,1,0,1,0,1,1,0,0,0,0,0,1
409,8.26822127026035,0.4210868151140555,FL,2024-07-23,0,1,0,1,0,1,0,0,0,0,1,1
410,3.96380371624629,0.4036264438848515,FL,2024-07-24,0,1,0,0,1,1,0,0,0,0,0,1
411,3.19667139833416,0.4318333577287905,FL,2024-07-25,0,1,1,1,1,0,0,0,0,0,0,0
412,5.77409715396373,0.419567835606347,FL,2024-07-26,0,0,0,1,1,1,0,0,0,0,0,1
413,3.51578214574629,0.412579269030904,FL,2024-07-27,0,1,0,0,1,1,0,0,0,0,0,1
414,1.75030128706248,0.4131262882928575,FL,2024-07-28,0,1,1,1,1,1,0,0,0,0,0,1
415,3.40508742887647,0.3917903568971375,FL,2024-07-29,0,1,0,1,1,1,0,0,0,0,0,1
416,3.40584953829584,0.4714703895707805,FL,2024-07-30,0,1,1,0,1,1,0,0,0,0,0,1
417,5.4983251439143,0.4241543081341965,FL,2024-07-31,0,1,1,1,1,1,0,0,0,0,0,1
418,6.45171977540539,0.4153713391878875,FL,2024-08-01,0,1,0,1,1,1,0,0,0,0,0,1
419,7.23711561989332,0.4374400667156005,FL,2024-08-02,0,1,1,0,1,1,0,0,1,0,0,1
420,1.51967706758981,0.3978486085198775,FL,2024-08-03,1,1,1,1,1,0,0,1,0,0,0,0
421,1.36051797423352,0.4361655121388905,GA,2024-06-23,1,1,1,1,0,1,0,1,0,1,0,1
422,0.750247553377056,0.4028879137317555,GA,2024-06-24,1,1,1,1,0,1,0,1,1,1,0,1
423,1.18097539038158,0.35802282097286,GA,2024-06-25,1,1,0,1,1,1,0,1,0,1,1,1
424,1.38569592045813,0.399535815043811,GA,2024-06-26,1,1,1,1,0,1,1,0,0,1,0,1
425,1.36699174936348,0.4164799325284085,GA,2024-06-27,0,1,1,1,1,0,0,1,0,1,1,0
426,1.26162862537733,0.367016592236103,GA,2024-06-28,1,1,0,1,1,1,0,0,0,1,1,1
427,0.842836875391103,0.595788615351065,GA,2024-06-29,1,1,1,1,1,0,1,1,1,1,0,0
428,1.16875715994468,0.476932645100722,GA,2024-06-30,1,1,1,1,1,0,1,1,1,0,0,0
429,2.95599248324395,0.3522766079791,GA,2024-07-01,0,1,0,1,1,1,0,0,0,0,1,1
430,1.18538943225087,0.38677481781154,GA,2024-07-02,1,0,1,1,1,1,0,0,0,1,0,1
431,2.28538074866919,0.385046405721185,GA,2024-07-03,0,1,0,1,1,1,0,0,0,0,1,1
432,1.39136703115448,0.440962631261951,GA,2024-07-04,1,1,1,1,1,0,0,0,0,1,0,0
433,0.763360557745991,0.4133177776488185,GA,2024-07-05,1,1,1,1,1,1,0,1,1,0,1,1
434,0.667273737938776,0.395724758528541,GA,2024-07-06,1,1,1,1,1,1,1,0,1,1,0,1
435,0.675400259740698,0.385971249014853,GA,2024-07-07,1,1,1,1,1,1,0,1,1,1,0,1
436,2.06127163379649,0.394317698381966,GA,2024-07-08,0,1,1,1,1,1,0,0,0,0,1,1
437,2.91402922428995,0.4187879271013555,GA,2024-07-09,0,1,1,1,1,0,0,0,0,0,0,0
438,1.62568944781427,0.412260570456025,GA,2024-07-10,1,0,1,1,1,1,0,0,0,0,1,0
439,1.78528335036568,0.409658673128476,GA,2024-07-11,1,1,0,1,0,1,0,0,0,0,0,1
440,0.706575614472682,0.4048455441984135,GA,2024-07-12,1,1,1,1,1,1,1,0,1,0,1,1
441,1.71418994766843,0.38263971711554,GA,2024-07-13,1,0,1,1,1,1,0,0,0,1,0,1
442,1.71097036721948,0.4437780398533755,GA,2024-07-14,0,1,1,1,0,1,0,1,0,1,0,1
443,1.37120160160377,0.3999858308961175,GA,2024-07-15,1,1,1,1,1,1,0,0,0,0,0,1
444,1.61520446656469,0.3955026206941555,GA,2024-07-16,1,1,1,1,1,1,0,1,0,0,1,1
445,4.48981473364138,0.44652405467184503,GA,2024-07-17,1,1,1,0,0,1,0,0,0,0,0,1
446,0.807712423200112,0.428868249531314,GA,2024-07-18,0,1,1,1,1,1,0,1,1,0,1,1
447,0.866769379666384,0.4005393413558575,GA,2024-07-19,1,1,1,1,1,1,0,0,0,1,0,1
448,2.3482573229198,0.4952303359526885,GA,2024-07-20,0,1,1,1,1,1,0,0,0,1,0,1
449,1.72247962750575,0.407647561954236,GA,2024-07-21,1,1,0,0,1,1,0,0,0,0,0,1
450,1.56622766761445,0.412584154486828,GA,2024-07-22,1,0,1,1,1,1,1,0,0,0,0,1
451,4.09657455580233,0.420922392757881,GA,2024-07-23,1,0,0,1,0,1,1,0,0,0,0,1
452,3.31077488659278,0.464564981022984,GA,2024-07-24,0,1,1,0,1,1,0,0,0,0,0,1
453,4.54158771446473,0.4945295565554685,GA,2024-07-25,0,0,0,0,1,1,0,0,0,0,0,1
454,3.309044728995,0.4631224986869195,GA,2024-07-26,0,1,1,0,1,1,0,0,0,0,0,1
455,3.08985916447313,0.429081255822379,GA,2024-07-27,0,1,0,1,1,1,0,0,0,0,0,1
456,3.20156481155673,0.50259481818535,GA,2024-07-28,0,1,1,0,0,1,0,0,0,0,0,1
457,7.82975526405946,0.50578379826587,GA,2024-07-29,0,1,1,0,1,1,0,0,0,0,0,1
458,3.14884588218885,0.470826485154877,GA,2024-07-30,0,0,0,0,1,1,0,0,0,1,0,1
459,3.06111214564351,0.4456810940754865,GA,2024-07-31,0,1,1,1,1,1,0,0,0,0,0,1
460,4.52366235248769,0.4810496888670235,GA,2024-08-01,0,1,0,0,1,1,0,0,0,0,1,1
461,4.05322315071205,0.431762322680467,GA,2024-08-02,0,1,1,1,1,0,0,0,0,0,0,0
462,1.8752984763067,0.4429191726255575,GA,2024-08-03,0,1,1,1,1,1,0,1,0,1,0,1
463,NA,NA,HI,2024-06-23,NA,NA,NA,NA,NA,NA,NA,NA,NA,NA,NA,NA
464,NA,NA,HI,2024-06-24,NA,NA,NA,NA,NA,NA,NA,NA,NA,NA,NA,NA
465,NA,NA,HI,2024-06-25,NA,NA,NA,NA,NA,NA,NA,NA,NA,NA,NA,NA
466,NA,NA,HI,2024-06-26,NA,NA,NA,NA,NA,NA,NA,NA,NA,NA,NA,NA
467,NA,NA,HI,2024-06-27,NA,NA,NA,NA,NA,NA,NA,NA,NA,NA,NA,NA
468,NA,NA,HI,2024-06-28,NA,NA,NA,NA,NA,NA,NA,NA,NA,NA,NA,NA
469,NA,NA,HI,2024-06-29,NA,NA,NA,NA,NA,NA,NA,NA,NA,NA,NA,NA
470,NA,NA,HI,2024-06-30,NA,NA,NA,NA,NA,NA,NA,NA,NA,NA,NA,NA
471,NA,NA,HI,2024-07-01,NA,NA,NA,NA,NA,NA,NA,NA,NA,NA,NA,NA
472,NA,NA,HI,2024-07-02,NA,NA,NA,NA,NA,NA,NA,NA,NA,NA,NA,NA
473,NA,NA,HI,2024-07-03,NA,NA,NA,NA,NA,NA,NA,NA,NA,NA,NA,NA
474,NA,NA,HI,2024-07-04,NA,NA,NA,NA,NA,NA,NA,NA,NA,NA,NA,NA
475,NA,NA,HI,2024-07-05,NA,NA,NA,NA,NA,NA,NA,NA,NA,NA,NA,NA
476,NA,NA,HI,2024-07-06,NA,NA,NA,NA,NA,NA,NA,NA,NA,NA,NA,NA
477,NA,NA,HI,2024-07-07,NA,NA,NA,NA,NA,NA,NA,NA,NA,NA,NA,NA
478,NA,NA,HI,2024-07-08,NA,NA,NA,NA,NA,NA,NA,NA,NA,NA,NA,NA
479,NA,NA,HI,2024-07-09,NA,NA,NA,NA,NA,NA,NA,NA,NA,NA,NA,NA
480,NA,NA,HI,2024-07-10,NA,NA,NA,NA,NA,NA,NA,NA,NA,NA,NA,NA
481,NA,NA,HI,2024-07-11,NA,NA,NA,NA,NA,NA,NA,NA,NA,NA,NA,NA
482,NA,NA,HI,2024-07-12,NA,NA,NA,NA,NA,NA,NA,NA,NA,NA,NA,NA
483,NA,NA,HI,2024-07-13,NA,NA,NA,NA,NA,NA,NA,NA,NA,NA,NA,NA
484,NA,NA,HI,2024-07-14,NA,NA,NA,NA,NA,NA,NA,NA,NA,NA,NA,NA
485,NA,NA,HI,2024-07-15,NA,NA,NA,NA,NA,NA,NA,NA,NA,NA,NA,NA
486,NA,NA,HI,2024-07-16,NA,NA,NA,NA,NA,NA,NA,NA,NA,NA,NA,NA
487,NA,NA,HI,2024-07-17,NA,NA,NA,NA,NA,NA,NA,NA,NA,NA,NA,NA
488,NA,NA,HI,2024-07-18,NA,NA,NA,NA,NA,NA,NA,NA,NA,NA,NA,NA
489,NA,NA,HI,2024-07-19,NA,NA,NA,NA,NA,NA,NA,NA,NA,NA,NA,NA
490,NA,NA,HI,2024-07-20,NA,NA,NA,NA,NA,NA,NA,NA,NA,NA,NA,NA
491,NA,NA,HI,2024-07-21,NA,NA,NA,NA,NA,NA,NA,NA,NA,NA,NA,NA
492,NA,NA,HI,2024-07-22,NA,NA,NA,NA,NA,NA,NA,NA,NA,NA,NA,NA
493,NA,NA,HI,2024-07-23,NA,NA,NA,NA,NA,NA,NA,NA,NA,NA,NA,NA
494,NA,NA,HI,2024-07-24,NA,NA,NA,NA,NA,NA,NA,NA,NA,NA,NA,NA
495,NA,NA,HI,2024-07-25,NA,NA,NA,NA,NA,NA,NA,NA,NA,NA,NA,NA
496,NA,NA,HI,2024-07-26,NA,NA,NA,NA,NA,NA,NA,NA,NA,NA,NA,NA
497,NA,NA,HI,2024-07-27,NA,NA,NA,NA,NA,NA,NA,NA,NA,NA,NA,NA
498,NA,NA,HI,2024-07-28,NA,NA,NA,NA,NA,NA,NA,NA,NA,NA,NA,NA
499,NA,NA,HI,2024-07-29,NA,NA,NA,NA,NA,NA,NA,NA,NA,NA,NA,NA
500,NA,NA,HI,2024-07-30,NA,NA,NA,NA,NA,NA,NA,NA,NA,NA,NA,NA
501,NA,NA,HI,2024-07-31,NA,NA,NA,NA,NA,NA,NA,NA,NA,NA,NA,NA
502,NA,NA,HI,2024-08-01,NA,NA,NA,NA,NA,NA,NA,NA,NA,NA,NA,NA
503,NA,NA,HI,2024-08-02,NA,NA,NA,NA,NA,NA,NA,NA,NA,NA,NA,NA
504,NA,NA,HI,2024-08-03,NA,NA,NA,NA,NA,NA,NA,NA,NA,NA,NA,NA
505,0.432109984074176,0.3114449585975465,IA,2024-06-23,1,1,1,1,1,1,1,1,1,1,1,1
506,0.922493810007616,0.3359433283755595,IA,2024-06-24,1,1,1,1,1,1,0,0,0,1,1,1
507,0.577267260252964,0.345684560685926,IA,2024-06-25,1,1,1,1,1,1,1,1,1,1,1,1
508,1.30018328238633,0.474580309044537,IA,2024-06-26,1,0,1,0,1,0,0,0,0,0,1,0
509,0.90468271950754,0.4543415566931645,IA,2024-06-27,1,1,1,0,1,1,0,0,0,0,1,1
510,0.427660811673149,0.3063330389297255,IA,2024-06-28,1,1,1,1,1,1,0,0,1,1,1,1
511,NA,NA,IA,2024-06-29,NA,NA,NA,NA,NA,NA,NA,NA,NA,NA,NA,NA
512,0.518761267382155,0.3683757298451615,IA,2024-06-30,1,1,1,1,1,1,0,1,0,1,1,1
513,0.568174004540191,0.340649226550443,IA,2024-07-01,1,1,1,1,1,1,1,1,1,1,1,1
514,0.738661604760183,0.3978880333579205,IA,2024-07-02,1,1,1,1,1,1,1,0,0,1,0,1
515,0.439640643069934,0.3070722539524895,IA,2024-07-03,1,1,1,1,1,1,1,0,1,1,0,1
516,1.02914186816323,0.4707584463607545,IA,2024-07-04,1,1,1,1,0,1,0,0,1,0,0,1
517,1.45043310192796,0.452104502323395,IA,2024-07-05,1,1,1,1,0,1,1,1,0,0,0,1
518,0.696352412913951,0.371873744168462,IA,2024-07-06,1,1,1,1,1,1,1,0,0,1,1,1
519,0.919689785793408,0.424421731381365,IA,2024-07-07,1,1,1,1,0,1,1,0,0,0,0,1
520,1.40624784075408,0.3918640074539005,IA,2024-07-08,1,1,1,0,1,1,1,0,0,1,1,1
521,1.43973156597761,0.323496341399699,IA,2024-07-09,1,1,0,1,1,1,1,0,0,0,1,1
522,1.27287239637236,0.4278135204174015,IA,2024-07-10,1,1,1,0,1,1,0,0,0,0,0,1
523,1.38209680523854,0.4425801820749175,IA,2024-07-11,0,1,0,1,1,1,0,1,0,0,0,1
524,2.0701439394755,0.4412278524395535,IA,2024-07-12,0,1,0,1,1,1,0,0,1,0,0,1
525,0.588325258742644,0.4515244569883305,IA,2024-07-13,1,1,1,0,1,1,1,1,1,0,0,1
526,2.75332751033252,0.34777867339827,IA,2024-07-14,1,1,0,1,1,1,0,0,0,1,0,1
527,1.99814741766331,0.424865753547155,IA,2024-07-15,1,0,1,1,0,1,0,0,0,1,1,1
528,1.51586784277806,0.397775659372224,IA,2024-07-16,1,1,1,1,0,1,0,0,0,0,0,1
529,1.09381447865632,0.31410233730286,IA,2024-07-17,1,1,0,1,1,1,1,0,0,1,1,1
530,1.06468632543004,0.3783748689313435,IA,2024-07-18,1,1,1,1,1,1,1,1,1,0,0,1
531,1.72964327941869,0.314331740376274,IA,2024-07-19,1,1,0,1,1,1,0,1,0,0,0,1
532,0.932254329476139,0.3988491184344945,IA,2024-07-20,1,1,1,1,1,1,1,1,0,0,1,1
533,1.98876196161931,0.384180897087893,IA,2024-07-21,1,0,0,1,1,1,0,0,0,0,0,1
534,2.84718123214947,0.3614355095409405,IA,2024-07-22,1,1,0,1,1,1,1,0,0,0,1,1
535,2.03606307533228,0.4228485064487685,IA,2024-07-23,1,1,1,1,0,1,0,0,0,0,0,1
536,1.36766460991028,0.433133847373628,IA,2024-07-24,1,0,1,1,0,1,1,0,0,0,0,1
537,3.98966143548285,0.41432054370515,IA,2024-07-25,0,0,1,0,1,1,0,0,0,0,0,1
538,1.60116562562027,0.419002790694823,IA,2024-07-26,1,1,1,0,1,1,0,0,0,0,0,1
539,1.8651460409069,0.400655229501052,IA,2024-07-27,0,1,0,1,1,1,0,0,0,1,1,1
540,3.66232897331257,0.462770246158396,IA,2024-07-28,0,0,1,0,1,0,0,0,0,0,0,0
541,3.31775926851118,0.357095089794744,IA,2024-07-29,1,0,0,1,1,1,0,1,0,0,0,1
542,2.00432891518495,0.354187224103059,IA,2024-07-30,0,1,1,1,1,1,0,0,0,0,1,0
543,3.29870408324309,0.4718907896589865,IA,2024-07-31,0,0,1,0,1,1,0,0,0,0,0,1
544,3.01887193815655,0.4577998863268215,IA,2024-08-01,0,1,1,0,1,1,0,0,0,1,0,1
545,2.60285181761316,0.52135421289455,IA,2024-08-02,0,1,1,0,1,1,0,1,0,0,1,1
546,0.833124169585083,0.58141109299829,IA,2024-08-03,0,1,1,1,1,1,0,1,1,0,1,1
547,NA,NA,ID,2024-06-23,NA,NA,NA,NA,NA,NA,NA,NA,NA,NA,NA,NA
548,NA,NA,ID,2024-06-24,NA,NA,NA,NA,NA,NA,NA,NA,NA,NA,NA,NA
549,NA,NA,ID,2024-06-25,NA,NA,NA,NA,NA,NA,NA,NA,NA,NA,NA,NA
550,NA,NA,ID,2024-06-26,NA,NA,NA,NA,NA,NA,NA,NA,NA,NA,NA,NA
551,NA,NA,ID,2024-06-27,NA,NA,NA,NA,NA,NA,NA,NA,NA,NA,NA,NA
552,NA,NA,ID,2024-06-28,NA,NA,NA,NA,NA,NA,NA,NA,NA,NA,NA,NA
553,NA,NA,ID,2024-06-29,NA,NA,NA,NA,NA,NA,NA,NA,NA,NA,NA,NA
554,NA,NA,ID,2024-06-30,NA,NA,NA,NA,NA,NA,NA,NA,NA,NA,NA,NA
555,NA,NA,ID,2024-07-01,NA,NA,NA,NA,NA,NA,NA,NA,NA,NA,NA,NA
556,NA,NA,ID,2024-07-02,NA,NA,NA,NA,NA,NA,NA,NA,NA,NA,NA,NA
557,NA,NA,ID,2024-07-03,NA,NA,NA,NA,NA,NA,NA,NA,NA,NA,NA,NA
558,NA,NA,ID,2024-07-04,NA,NA,NA,NA,NA,NA,NA,NA,NA,NA,NA,NA
559,NA,NA,ID,2024-07-05,NA,NA,NA,NA,NA,NA,NA,NA,NA,NA,NA,NA
560,NA,NA,ID,2024-07-06,NA,NA,NA,NA,NA,NA,NA,NA,NA,NA,NA,NA
561,NA,NA,ID,2024-07-07,NA,NA,NA,NA,NA,NA,NA,NA,NA,NA,NA,NA
562,NA,NA,ID,2024-07-08,NA,NA,NA,NA,NA,NA,NA,NA,NA,NA,NA,NA
563,NA,NA,ID,2024-07-09,NA,NA,NA,NA,NA,NA,NA,NA,NA,NA,NA,NA
564,NA,NA,ID,2024-07-10,NA,NA,NA,NA,NA,NA,NA,NA,NA,NA,NA,NA
565,NA,NA,ID,2024-07-11,NA,NA,NA,NA,NA,NA,NA,NA,NA,NA,NA,NA
566,NA,NA,ID,2024-07-12,NA,NA,NA,NA,NA,NA,NA,NA,NA,NA,NA,NA
567,NA,NA,ID,2024-07-13,NA,NA,NA,NA,NA,NA,NA,NA,NA,NA,NA,NA
568,NA,NA,ID,2024-07-14,NA,NA,NA,NA,NA,NA,NA,NA,NA,NA,NA,NA
569,NA,NA,ID,2024-07-15,NA,NA,NA,NA,NA,NA,NA,NA,NA,NA,NA,NA
570,NA,NA,ID,2024-07-16,NA,NA,NA,NA,NA,NA,NA,NA,NA,NA,NA,NA
571,NA,NA,ID,2024-07-17,NA,NA,NA,NA,NA,NA,NA,NA,NA,NA,NA,NA
572,NA,NA,ID,2024-07-18,NA,NA,NA,NA,NA,NA,NA,NA,NA,NA,NA,NA
573,NA,NA,ID,2024-07-19,NA,NA,NA,NA,NA,NA,NA,NA,NA,NA,NA,NA
574,NA,NA,ID,2024-07-20,NA,NA,NA,NA,NA,NA,NA,NA,NA,NA,NA,NA
575,NA,NA,ID,2024-07-21,NA,NA,NA,NA,NA,NA,NA,NA,NA,NA,NA,NA
576,NA,NA,ID,2024-07-22,NA,NA,NA,NA,NA,NA,NA,NA,NA,NA,NA,NA
577,NA,NA,ID,2024-07-23,NA,NA,NA,NA,NA,NA,NA,NA,NA,NA,NA,NA
578,NA,NA,ID,2024-07-24,NA,NA,NA,NA,NA,NA,NA,NA,NA,NA,NA,NA
579,NA,NA,ID,2024-07-25,NA,NA,NA,NA,NA,NA,NA,NA,NA,NA,NA,NA
580,NA,NA,ID,2024-07-26,NA,NA,NA,NA,NA,NA,NA,NA,NA,NA,NA,NA
581,NA,NA,ID,2024-07-27,NA,NA,NA,NA,NA,NA,NA,NA,NA,NA,NA,NA
582,NA,NA,ID,2024-07-28,NA,NA,NA,NA,NA,NA,NA,NA,NA,NA,NA,NA
583,NA,NA,ID,2024-07-29,NA,NA,NA,NA,NA,NA,NA,NA,NA,NA,NA,NA
584,NA,NA,ID,2024-07-30,NA,NA,NA,NA,NA,NA,NA,NA,NA,NA,NA,NA
585,NA,NA,ID,2024-07-31,NA,NA,NA,NA,NA,NA,NA,NA,NA,NA,NA,NA
586,NA,NA,ID,2024-08-01,NA,NA,NA,NA,NA,NA,NA,NA,NA,NA,NA,NA
587,NA,NA,ID,2024-08-02,NA,NA,NA,NA,NA,NA,NA,NA,NA,NA,NA,NA
588,NA,NA,ID,2024-08-03,NA,NA,NA,NA,NA,NA,NA,NA,NA,NA,NA,NA
589,1.20715162894945,0.4165553359760715,IL,2024-06-23,0,1,1,1,1,1,1,0,0,1,1,1
590,2.33239680043847,0.3986503278975695,IL,2024-06-24,1,1,1,1,0,1,0,0,0,1,0,0
591,1.78575844372751,0.4010052474568495,IL,2024-06-25,1,1,1,0,1,1,0,0,1,0,0,1
592,1.69266795861014,0.3803313519021975,IL,2024-06-26,1,1,1,1,0,1,0,1,0,1,0,0
593,1.07094920007306,0.3653442918663285,IL,2024-06-27,1,1,1,1,1,1,0,1,0,0,0,1
594,3.52274695619636,0.4387297463796285,IL,2024-06-28,0,1,0,0,0,1,0,0,0,0,0,1
595,1.70631377502189,0.398530594637422,IL,2024-06-29,0,1,1,1,1,1,0,0,0,0,0,0
596,1.44386158414402,0.365460059259878,IL,2024-06-30,1,1,0,1,1,1,0,0,0,1,0,1
597,4.10496271382362,0.45409788661359,IL,2024-07-01,0,1,0,0,1,1,0,0,0,0,0,0
598,0.758201454521888,0.412137123339919,IL,2024-07-02,1,1,1,1,1,1,0,0,0,1,0,1
599,0.760973254384491,0.386745700315474,IL,2024-07-03,1,1,1,1,1,1,0,0,1,1,1,1
600,1.15253001230898,0.395328009160857,IL,2024-07-04,1,1,1,1,1,1,0,0,1,0,0,1
601,1.43703501115848,0.378503777986067,IL,2024-07-05,1,0,1,1,1,1,0,0,0,0,0,0
602,1.30539198716862,0.403796590455137,IL,2024-07-06,0,1,1,1,1,1,0,0,0,1,0,0
603,2.47504871110159,0.363115370369078,IL,2024-07-07,1,0,1,1,0,1,0,0,0,0,0,1
604,2.84837579708914,0.3866363438323555,IL,2024-07-08,0,1,0,0,1,1,0,0,0,1,0,1
605,5.60144743690028,0.450744504394308,IL,2024-07-09,0,1,0,1,0,0,0,0,0,0,1,0
606,3.03482473365752,0.427144935270974,IL,2024-07-10,0,1,1,1,1,1,0,0,0,0,0,0
607,2.69681593914741,0.4132559586691375,IL,2024-07-11,1,1,1,1,1,0,0,0,0,0,0,0
608,2.04305780885165,0.426187350116238,IL,2024-07-12,0,1,1,1,1,0,0,0,0,0,0,0
609,2.10765434481879,0.387031960456245,IL,2024-07-13,1,1,1,1,1,1,0,1,0,0,0,1
610,3.4749273799467,0.41785235351403,IL,2024-07-14,0,0,1,1,1,1,0,0,0,0,0,1
611,3.94475102713074,0.405426541112321,IL,2024-07-15,1,0,0,0,0,1,0,0,0,0,0,1
612,1.78490660912448,0.401603255453922,IL,2024-07-16,0,1,1,1,1,1,0,0,0,1,0,1
613,3.4314935166664,0.434335396447121,IL,2024-07-17,0,1,0,0,0,1,0,0,0,0,0,1
614,0.961901680433519,0.426675574116212,IL,2024-07-18,0,1,1,1,1,1,0,0,0,0,1,1
615,3.14693839538579,0.453272823999321,IL,2024-07-19,0,1,1,1,0,1,0,0,0,0,0,1
616,1.52366734288558,0.467485703076295,IL,2024-07-20,0,1,1,1,1,1,0,0,0,1,1,1
617,1.75633397143129,0.4104418272865635,IL,2024-07-21,0,1,1,1,1,1,0,1,0,1,1,1
618,1.97936492982711,0.4112662123446195,IL,2024-07-22,0,1,1,1,1,0,0,0,0,0,1,0
619,3.84285564249493,0.4454126863931045,IL,2024-07-23,0,1,1,0,0,1,0,0,0,0,0,1
620,2.32358952166937,0.4204325053370625,IL,2024-07-24,0,1,1,1,1,1,0,1,0,0,0,1
621,1.34219075340938,0.3974005900046905,IL,2024-07-25,0,1,1,1,1,1,0,1,1,0,0,1
622,2.85394190467871,0.427378859106411,IL,2024-07-26,0,0,1,1,1,1,0,0,0,0,0,1
623,3.53074920576974,0.432740047875893,IL,2024-07-27,1,1,0,0,0,1,0,0,0,1,0,1
624,1.63116161402155,0.4092638777654815,IL,2024-07-28,0,0,1,1,1,1,0,0,0,1,1,1
625,3.92593415814745,0.440327089760148,IL,2024-07-29,0,0,0,1,1,0,0,0,0,0,0,0
626,3.3877020013369,0.4187865218517905,IL,2024-07-30,0,0,1,1,0,1,0,0,0,0,0,1
627,3.18784828569919,0.4206851735135705,IL,2024-07-31,0,0,0,1,1,1,0,0,0,0,0,1
628,1.32434381244339,0.384505105415291,IL,2024-08-01,1,1,1,1,1,1,0,1,1,0,0,0
629,4.35873530179147,0.485473968426871,IL,2024-08-02,0,1,1,0,1,0,0,0,1,1,1,0
630,1.66921907997262,0.4136547854246085,IL,2024-08-03,0,0,1,1,1,1,0,0,0,0,0,1
631,NA,NA,IN,2024-06-23,NA,NA,NA,NA,NA,NA,NA,NA,NA,NA,NA,NA
632,0.513573012788891,0.3832724541214575,IN,2024-06-24,1,1,1,1,1,1,1,0,0,1,1,1
633,NA,NA,IN,2024-06-25,NA,NA,NA,NA,NA,NA,NA,NA,NA,NA,NA,NA
634,NA,NA,IN,2024-06-26,NA,NA,NA,NA,NA,NA,NA,NA,NA,NA,NA,NA
635,NA,NA,IN,2024-06-27,NA,NA,NA,NA,NA,NA,NA,NA,NA,NA,NA,NA
636,NA,NA,IN,2024-06-28,NA,NA,NA,NA,NA,NA,NA,NA,NA,NA,NA,NA
637,NA,NA,IN,2024-06-29,NA,NA,NA,NA,NA,NA,NA,NA,NA,NA,NA,NA
638,NA,NA,IN,2024-06-30,NA,NA,NA,NA,NA,NA,NA,NA,NA,NA,NA,NA
639,0.657007388914642,0.4238686120297045,IN,2024-07-01,1,1,1,1,0,1,1,0,1,1,0,1
640,NA,NA,IN,2024-07-02,NA,NA,NA,NA,NA,NA,NA,NA,NA,NA,NA,NA
641,NA,NA,IN,2024-07-03,NA,NA,NA,NA,NA,NA,NA,NA,NA,NA,NA,NA
642,NA,NA,IN,2024-07-04,NA,NA,NA,NA,NA,NA,NA,NA,NA,NA,NA,NA
643,NA,NA,IN,2024-07-05,NA,NA,NA,NA,NA,NA,NA,NA,NA,NA,NA,NA
644,NA,NA,IN,2024-07-06,NA,NA,NA,NA,NA,NA,NA,NA,NA,NA,NA,NA
645,NA,NA,IN,2024-07-07,NA,NA,NA,NA,NA,NA,NA,NA,NA,NA,NA,NA
646,0.712913613645724,0.361500835735114,IN,2024-07-08,1,1,1,1,1,1,1,0,0,1,1,1
647,NA,NA,IN,2024-07-09,NA,NA,NA,NA,NA,NA,NA,NA,NA,NA,NA,NA
648,NA,NA,IN,2024-07-10,NA,NA,NA,NA,NA,NA,NA,NA,NA,NA,NA,NA
649,NA,NA,IN,2024-07-11,NA,NA,NA,NA,NA,NA,NA,NA,NA,NA,NA,NA
650,NA,NA,IN,2024-07-12,NA,NA,NA,NA,NA,NA,NA,NA,NA,NA,NA,NA
651,NA,NA,IN,2024-07-13,NA,NA,NA,NA,NA,NA,NA,NA,NA,NA,NA,NA
652,NA,NA,IN,2024-07-14,NA,NA,NA,NA,NA,NA,NA,NA,NA,NA,NA,NA
653,0.441751257810362,0.3668073991646425,IN,2024-07-15,1,1,1,1,1,1,1,1,0,0,1,1
654,NA,NA,IN,2024-07-16,NA,NA,NA,NA,NA,NA,NA,NA,NA,NA,NA,NA
655,NA,NA,IN,2024-07-17,NA,NA,NA,NA,NA,NA,NA,NA,NA,NA,NA,NA
656,NA,NA,IN,2024-07-18,NA,NA,NA,NA,NA,NA,NA,NA,NA,NA,NA,NA
657,NA,NA,IN,2024-07-19,NA,NA,NA,NA,NA,NA,NA,NA,NA,NA,NA,NA
658,NA,NA,IN,2024-07-20,NA,NA,NA,NA,NA,NA,NA,NA,NA,NA,NA,NA
659,NA,NA,IN,2024-07-21,NA,NA,NA,NA,NA,NA,NA,NA,NA,NA,NA,NA
660,0.793714393526859,0.593148814836455,IN,2024-07-22,0,1,1,1,1,1,0,1,1,0,1,1
661,NA,NA,IN,2024-07-23,NA,NA,NA,NA,NA,NA,NA,NA,NA,NA,NA,NA
662,1.59963544879962,0.599561331328285,IN,2024-07-24,0,1,1,1,1,1,0,0,1,0,1,1
663,1.63128526933715,0.6029357132361,IN,2024-07-25,0,1,1,1,1,1,0,0,1,0,1,1
664,0.745461943413616,0.4245684423043335,IN,2024-07-26,1,1,1,1,1,1,1,1,0,0,1,1
665,NA,NA,IN,2024-07-27,NA,NA,NA,NA,NA,NA,NA,NA,NA,NA,NA,NA
666,NA,NA,IN,2024-07-28,NA,NA,NA,NA,NA,NA,NA,NA,NA,NA,NA,NA
667,0.424538341245548,0.2411380439190375,IN,2024-07-29,1,1,1,1,1,1,1,1,1,1,1,1
668,1.09101567146113,0.54432704400845,IN,2024-07-30,0,1,1,1,1,1,0,1,0,0,0,1
669,0.834056702109825,0.62607801911146,IN,2024-07-31,0,1,1,1,1,1,0,1,1,0,1,1
670,0.856136896449823,0.4210482908183395,IN,2024-08-01,0,1,1,1,1,1,0,1,0,0,0,1
671,0.78328554013784,0.464471101735901,IN,2024-08-02,1,1,1,1,1,1,0,1,0,0,0,1
672,NA,NA,IN,2024-08-03,NA,NA,NA,NA,NA,NA,NA,NA,NA,NA,NA,NA
673,NA,NA,KS,2024-06-23,NA,NA,NA,NA,NA,NA,NA,NA,NA,NA,NA,NA
674,NA,NA,KS,2024-06-24,NA,NA,NA,NA,NA,NA,NA,NA,NA,NA,NA,NA
675,NA,NA,KS,2024-06-25,NA,NA,NA,NA,NA,NA,NA,NA,NA,NA,NA,NA
676,NA,NA,KS,2024-06-26,NA,NA,NA,NA,NA,NA,NA,NA,NA,NA,NA,NA
677,NA,NA,KS,2024-06-27,NA,NA,NA,NA,NA,NA,NA,NA,NA,NA,NA,NA
678,NA,NA,KS,2024-06-28,NA,NA,NA,NA,NA,NA,NA,NA,NA,NA,NA,NA
679,NA,NA,KS,2024-06-29,NA,NA,NA,NA,NA,NA,NA,NA,NA,NA,NA,NA
680,NA,NA,KS,2024-06-30,NA,NA,NA,NA,NA,NA,NA,NA,NA,NA,NA,NA
681,NA,NA,KS,2024-07-01,NA,NA,NA,NA,NA,NA,NA,NA,NA,NA,NA,NA
682,NA,NA,KS,2024-07-02,NA,NA,NA,NA,NA,NA,NA,NA,NA,NA,NA,NA
683,NA,NA,KS,2024-07-03,NA,NA,NA,NA,NA,NA,NA,NA,NA,NA,NA,NA
684,NA,NA,KS,2024-07-04,NA,NA,NA,NA,NA,NA,NA,NA,NA,NA,NA,NA
685,NA,NA,KS,2024-07-05,NA,NA,NA,NA,NA,NA,NA,NA,NA,NA,NA,NA
686,NA,NA,KS,2024-07-06,NA,NA,NA,NA,NA,NA,NA,NA,NA,NA,NA,NA
687,NA,NA,KS,2024-07-07,NA,NA,NA,NA,NA,NA,NA,NA,NA,NA,NA,NA
688,0.737723667636343,0.3908585320096055,KS,2024-07-08,1,1,1,1,1,1,1,0,0,0,1,1
689,NA,NA,KS,2024-07-09,NA,NA,NA,NA,NA,NA,NA,NA,NA,NA,NA,NA
690,NA,NA,KS,2024-07-10,NA,NA,NA,NA,NA,NA,NA,NA,NA,NA,NA,NA
691,NA,NA,KS,2024-07-11,NA,NA,NA,NA,NA,NA,NA,NA,NA,NA,NA,NA
692,NA,NA,KS,2024-07-12,NA,NA,NA,NA,NA,NA,NA,NA,NA,NA,NA,NA
693,NA,NA,KS,2024-07-13,NA,NA,NA,NA,NA,NA,NA,NA,NA,NA,NA,NA
694,NA,NA,KS,2024-07-14,NA,NA,NA,NA,NA,NA,NA,NA,NA,NA,NA,NA
695,NA,NA,KS,2024-07-15,NA,NA,NA,NA,NA,NA,NA,NA,NA,NA,NA,NA
696,NA,NA,KS,2024-07-16,NA,NA,NA,NA,NA,NA,NA,NA,NA,NA,NA,NA
697,NA,NA,KS,2024-07-17,NA,NA,NA,NA,NA,NA,NA,NA,NA,NA,NA,NA
698,NA,NA,KS,2024-07-18,NA,NA,NA,NA,NA,NA,NA,NA,NA,NA,NA,NA
699,NA,NA,KS,2024-07-19,NA,NA,NA,NA,NA,NA,NA,NA,NA,NA,NA,NA
700,NA,NA,KS,2024-07-20,NA,NA,NA,NA,NA,NA,NA,NA,NA,NA,NA,NA
701,NA,NA,KS,2024-07-21,NA,NA,NA,NA,NA,NA,NA,NA,NA,NA,NA,NA
702,NA,NA,KS,2024-07-22,NA,NA,NA,NA,NA,NA,NA,NA,NA,NA,NA,NA
703,0.505434157197676,0.3372728935382815,KS,2024-07-23,1,1,1,1,1,1,1,1,0,0,1,1
704,NA,NA,KS,2024-07-24,NA,NA,NA,NA,NA,NA,NA,NA,NA,NA,NA,NA
705,NA,NA,KS,2024-07-25,NA,NA,NA,NA,NA,NA,NA,NA,NA,NA,NA,NA
706,NA,NA,KS,2024-07-26,NA,NA,NA,NA,NA,NA,NA,NA,NA,NA,NA,NA
707,NA,NA,KS,2024-07-27,NA,NA,NA,NA,NA,NA,NA,NA,NA,NA,NA,NA
708,NA,NA,KS,2024-07-28,NA,NA,NA,NA,NA,NA,NA,NA,NA,NA,NA,NA
709,0.616986799687297,0.4658028130711835,KS,2024-07-29,1,1,1,1,0,1,1,1,1,1,1,1
710,NA,NA,KS,2024-07-30,NA,NA,NA,NA,NA,NA,NA,NA,NA,NA,NA,NA
711,0.812986701929028,0.57439291067446,KS,2024-07-31,0,1,1,1,1,1,0,1,1,0,1,1
712,NA,NA,KS,2024-08-01,NA,NA,NA,NA,NA,NA,NA,NA,NA,NA,NA,NA
713,NA,NA,KS,2024-08-02,NA,NA,NA,NA,NA,NA,NA,NA,NA,NA,NA,NA
714,NA,NA,KS,2024-08-03,NA,NA,NA,NA,NA,NA,NA,NA,NA,NA,NA,NA
715,NA,NA,KY,2024-06-23,NA,NA,NA,NA,NA,NA,NA,NA,NA,NA,NA,NA
716,NA,NA,KY,2024-06-24,NA,NA,NA,NA,NA,NA,NA,NA,NA,NA,NA,NA
717,NA,NA,KY,2024-06-25,NA,NA,NA,NA,NA,NA,NA,NA,NA,NA,NA,NA
718,NA,NA,KY,2024-06-26,NA,NA,NA,NA,NA,NA,NA,NA,NA,NA,NA,NA
719,NA,NA,KY,2024-06-27,NA,NA,NA,NA,NA,NA,NA,NA,NA,NA,NA,NA
720,NA,NA,KY,2024-06-28,NA,NA,NA,NA,NA,NA,NA,NA,NA,NA,NA,NA
721,NA,NA,KY,2024-06-29,NA,NA,NA,NA,NA,NA,NA,NA,NA,NA,NA,NA
722,NA,NA,KY,2024-06-30,NA,NA,NA,NA,NA,NA,NA,NA,NA,NA,NA,NA
723,0.462567265251753,0.292057562581322,KY,2024-07-01,1,1,1,1,1,1,1,0,0,1,1,1
724,0.512660845095914,0.375108964346139,KY,2024-07-02,0,1,1,1,1,1,0,1,1,0,1,1
725,NA,NA,KY,2024-07-03,NA,NA,NA,NA,NA,NA,NA,NA,NA,NA,NA,NA
726,NA,NA,KY,2024-07-04,NA,NA,NA,NA,NA,NA,NA,NA,NA,NA,NA,NA
727,NA,NA,KY,2024-07-05,NA,NA,NA,NA,NA,NA,NA,NA,NA,NA,NA,NA
728,NA,NA,KY,2024-07-06,NA,NA,NA,NA,NA,NA,NA,NA,NA,NA,NA,NA
729,NA,NA,KY,2024-07-07,NA,NA,NA,NA,NA,NA,NA,NA,NA,NA,NA,NA
730,1.95676192510761,0.4304275834826145,KY,2024-07-08,1,1,1,1,0,1,0,0,1,1,0,1
731,0.535371559294439,0.4169698446321645,KY,2024-07-09,1,1,0,1,1,1,1,0,0,1,1,1
732,NA,NA,KY,2024-07-10,NA,NA,NA,NA,NA,NA,NA,NA,NA,NA,NA,NA
733,0.629615896605327,0.4302049931905405,KY,2024-07-11,1,1,1,1,0,1,1,1,1,1,0,0
734,NA,NA,KY,2024-07-12,NA,NA,NA,NA,NA,NA,NA,NA,NA,NA,NA,NA
735,NA,NA,KY,2024-07-13,NA,NA,NA,NA,NA,NA,NA,NA,NA,NA,NA,NA
736,NA,NA,KY,2024-07-14,NA,NA,NA,NA,NA,NA,NA,NA,NA,NA,NA,NA
737,0.60083843252485,0.4295947121189775,KY,2024-07-15,1,1,1,0,1,1,1,1,0,0,1,1
738,NA,NA,KY,2024-07-16,NA,NA,NA,NA,NA,NA,NA,NA,NA,NA,NA,NA
739,NA,NA,KY,2024-07-17,NA,NA,NA,NA,NA,NA,NA,NA,NA,NA,NA,NA
740,NA,NA,KY,2024-07-18,NA,NA,NA,NA,NA,NA,NA,NA,NA,NA,NA,NA
741,NA,NA,KY,2024-07-19,NA,NA,NA,NA,NA,NA,NA,NA,NA,NA,NA,NA
742,NA,NA,KY,2024-07-20,NA,NA,NA,NA,NA,NA,NA,NA,NA,NA,NA,NA
743,NA,NA,KY,2024-07-21,NA,NA,NA,NA,NA,NA,NA,NA,NA,NA,NA,NA
744,NA,NA,KY,2024-07-22,NA,NA,NA,NA,NA,NA,NA,NA,NA,NA,NA,NA
745,0.810651309926129,0.460290030521403,KY,2024-07-23,0,1,1,1,1,1,0,1,0,1,0,1
746,0.472610811995332,0.341320027634084,KY,2024-07-24,1,1,1,1,1,1,1,0,1,0,1,1
747,0.607054226384119,0.430254450581595,KY,2024-07-25,1,1,1,1,0,1,1,1,1,1,1,1
748,0.866040908949155,0.472746141487195,KY,2024-07-26,0,1,1,1,1,1,0,1,1,1,0,1
749,NA,NA,KY,2024-07-27,NA,NA,NA,NA,NA,NA,NA,NA,NA,NA,NA,NA
750,NA,NA,KY,2024-07-28,NA,NA,NA,NA,NA,NA,NA,NA,NA,NA,NA,NA
751,0.553089703569602,0.4352161535352045,KY,2024-07-29,1,1,0,1,1,1,1,1,0,1,0,1
752,0.867776050687261,0.615136695482765,KY,2024-07-30,1,1,1,1,1,0,1,1,1,1,0,0
753,0.593597659025063,0.3957631041425855,KY,2024-07-31,1,0,1,1,1,1,0,0,1,1,1,1
754,NA,NA,KY,2024-08-01,NA,NA,NA,NA,NA,NA,NA,NA,NA,NA,NA,NA
755,NA,NA,KY,2024-08-02,NA,NA,NA,NA,NA,NA,NA,NA,NA,NA,NA,NA
756,NA,NA,KY,2024-08-03,NA,NA,NA,NA,NA,NA,NA,NA,NA,NA,NA,NA
757,0.752294487425729,0.4022584788145245,LA,2024-06-23,1,1,1,1,1,1,0,0,0,1,0,1
758,1.01575144482827,0.356778594871545,LA,2024-06-24,1,1,0,1,1,1,0,0,0,0,0,1
759,1.3195027004848,0.424423015599962,LA,2024-06-25,0,1,1,1,1,1,0,0,0,0,1,1
760,1.13906384831498,0.3674542568871585,LA,2024-06-26,1,1,1,1,1,1,0,0,1,1,1,1
761,3.76271436736548,0.3622193351095005,LA,2024-06-27,1,1,0,1,0,1,0,0,0,0,0,1
762,0.706715644003187,0.3983959481918775,LA,2024-06-28,1,1,1,1,1,1,1,0,0,1,1,1
763,0.514872135583513,0.320206306153674,LA,2024-06-29,1,1,1,1,1,1,1,1,0,0,1,1
764,1.12435248559626,0.4805973762534005,LA,2024-06-30,1,1,1,1,1,1,0,1,1,0,0,0
765,4.98490014517293,0.357050809096779,LA,2024-07-01,1,1,0,1,0,1,0,0,0,1,0,0
766,1.16967099891601,0.373925740295678,LA,2024-07-02,1,1,1,1,1,1,1,0,1,1,0,1
767,1.4481080804243,0.4166658429064095,LA,2024-07-03,0,1,1,1,1,1,0,0,0,1,1,1
768,0.678657287369641,0.495051314027031,LA,2024-07-04,1,0,1,1,1,1,1,0,1,1,0,1
769,2.47062949676581,0.391383555985812,LA,2024-07-05,0,1,0,1,0,1,0,0,0,0,0,1
770,0.930758578443881,0.3553590339115155,LA,2024-07-06,1,1,1,1,1,1,0,1,0,0,0,1
771,1.46819536926576,0.4514588923752365,LA,2024-07-07,0,1,1,1,1,1,0,1,0,1,1,1
772,2.82503829137962,0.4617466016469125,LA,2024-07-08,0,0,0,1,1,1,0,0,0,1,0,1
773,1.73932658752731,0.4165841761836715,LA,2024-07-09,1,0,1,1,1,1,0,0,0,0,1,1
774,3.25355596946141,0.462399050268815,LA,2024-07-10,0,0,1,0,0,1,0,0,0,0,0,1
775,3.16761080754805,0.461089701119585,LA,2024-07-11,0,1,1,1,0,1,0,1,0,0,0,1
776,1.39589700103932,0.426760567331898,LA,2024-07-12,0,1,1,1,1,1,0,1,0,0,1,1
777,2.07199525168162,0.4305517924276175,LA,2024-07-13,0,1,0,1,1,1,0,0,0,0,0,0
778,1.40108670592343,0.374684494229191,LA,2024-07-14,1,1,0,1,0,1,1,0,0,0,0,1
779,3.85387709334516,0.452871387323724,LA,2024-07-15,0,0,0,1,1,1,0,0,0,0,0,1
780,3.13082644702462,0.4688014334031965,LA,2024-07-16,0,1,0,1,1,1,0,0,0,1,1,1
781,2.95333346692755,0.4224241098034835,LA,2024-07-17,0,0,1,1,1,1,0,1,0,0,0,1
782,2.91868051574384,0.4448688940461055,LA,2024-07-18,0,1,1,1,1,1,0,0,1,0,0,1
783,5.6979345193948,0.508523880442995,LA,2024-07-19,0,0,0,0,1,1,0,0,0,1,0,1
784,2.33782477634979,0.51577518032614,LA,2024-07-20,0,1,1,0,0,0,0,1,0,1,0,0
785,3.38778299729064,0.538844790581105,LA,2024-07-21,0,1,0,1,1,1,0,0,0,0,0,1
786,3.49327595064942,0.516902221136545,LA,2024-07-22,0,1,0,0,1,1,0,1,0,0,1,1
787,2.59944120444895,0.404172259570255,LA,2024-07-23,1,1,0,0,1,0,1,0,0,0,0,0
788,2.17048926772554,0.450079874860612,LA,2024-07-24,1,0,1,0,1,1,1,0,0,0,0,1
789,0.6808440861285,0.398200280961335,LA,2024-07-25,1,1,1,1,1,1,0,1,0,1,1,1
790,1.77097973304478,0.406187288854749,LA,2024-07-26,1,0,1,0,1,1,1,0,0,0,0,1
791,3.14316680086259,0.55983303444921,LA,2024-07-27,0,0,1,0,0,1,0,0,0,0,0,1
792,4.28134078753641,0.47836391553287,LA,2024-07-28,0,1,1,0,1,1,0,1,0,0,0,1
793,4.81838414738617,0.498789753569523,LA,2024-07-29,0,0,1,0,1,1,0,0,0,0,0,1
794,6.66605302992747,0.4596919366144725,LA,2024-07-30,0,0,1,0,1,1,0,0,0,0,0,1
795,5.15339761660841,0.464124128121718,LA,2024-07-31,0,0,0,0,1,1,0,0,0,0,0,1
796,3.5769305495186,0.4653893108007005,LA,2024-08-01,0,0,1,0,1,0,1,0,0,0,0,0
797,5.20184042021672,0.491717898464683,LA,2024-08-02,0,1,1,0,1,0,0,1,0,0,1,0
798,4.93262303497086,0.501042215545245,LA,2024-08-03,0,0,0,0,1,1,0,0,0,0,0,1
799,NA,NA,MA,2024-06-23,NA,NA,NA,NA,NA,NA,NA,NA,NA,NA,NA,NA
800,0.986430256372583,0.4347094629540855,MA,2024-06-24,1,1,1,0,1,1,1,1,0,1,0,1
801,0.474063082059543,0.326205544286807,MA,2024-06-25,1,1,1,1,1,1,1,1,0,0,1,1
802,0.486686748279951,0.3237348211396615,MA,2024-06-26,1,1,1,1,1,1,1,0,0,1,1,1
803,1.75037040460534,0.437542612687794,MA,2024-06-27,1,1,0,0,1,1,0,1,0,0,1,1
804,1.13737514947524,0.381142640412744,MA,2024-06-28,1,1,1,1,1,1,0,1,1,1,0,1
805,0.585289182672784,0.435486781756101,MA,2024-06-29,0,1,1,1,1,1,0,0,1,1,1,1
806,NA,NA,MA,2024-06-30,NA,NA,NA,NA,NA,NA,NA,NA,NA,NA,NA,NA
807,1.70994563058529,0.4051912399969785,MA,2024-07-01,0,1,1,1,1,1,0,0,0,0,0,1
808,1.05674230338768,0.3156948157899145,MA,2024-07-02,1,1,0,1,1,1,0,1,0,1,0,1
809,0.725134507529515,0.4022411449815685,MA,2024-07-03,1,1,1,1,1,1,0,1,0,1,1,1
810,NA,NA,MA,2024-07-04,NA,NA,NA,NA,NA,NA,NA,NA,NA,NA,NA,NA
811,NA,NA,MA,2024-07-05,NA,NA,NA,NA,NA,NA,NA,NA,NA,NA,NA,NA
812,NA,NA,MA,2024-07-06,NA,NA,NA,NA,NA,NA,NA,NA,NA,NA,NA,NA
813,NA,NA,MA,2024-07-07,NA,NA,NA,NA,NA,NA,NA,NA,NA,NA,NA,NA
814,1.37167712680186,0.4276216339960665,MA,2024-07-08,0,1,1,1,1,1,0,1,0,1,0,0
815,0.445050971650119,0.3223493396466605,MA,2024-07-09,1,1,1,1,1,1,1,1,1,1,1,1
816,NA,NA,MA,2024-07-10,NA,NA,NA,NA,NA,NA,NA,NA,NA,NA,NA,NA
817,0.657937591980575,0.336295748035316,MA,2024-07-11,1,1,1,1,1,1,1,1,0,0,1,1
818,0.749220839352428,0.3774142450691775,MA,2024-07-12,1,1,1,1,1,1,0,0,1,0,0,1
819,0.541515313110593,0.415898053519671,MA,2024-07-13,1,1,1,1,0,1,0,1,1,1,0,1
820,NA,NA,MA,2024-07-14,NA,NA,NA,NA,NA,NA,NA,NA,NA,NA,NA,NA
821,0.621647694112053,0.483130702437863,MA,2024-07-15,1,0,1,1,1,1,1,1,1,1,1,1
822,1.21713642417349,0.441944401174048,MA,2024-07-16,1,0,1,1,1,1,1,1,0,0,1,1
823,NA,NA,MA,2024-07-17,NA,NA,NA,NA,NA,NA,NA,NA,NA,NA,NA,NA
824,0.677211800702797,0.377908318233896,MA,2024-07-18,1,1,1,1,1,1,1,0,1,0,1,1
825,0.811937533214171,0.473063173333211,MA,2024-07-19,1,1,1,1,1,1,1,1,0,1,0,1
826,NA,NA,MA,2024-07-20,NA,NA,NA,NA,NA,NA,NA,NA,NA,NA,NA,NA
827,0.664836432774861,0.52120676769683,MA,2024-07-21,1,0,1,1,1,1,1,0,1,0,1,1
828,0.776583600384822,0.589262329608705,MA,2024-07-22,0,1,1,1,1,1,0,0,1,1,1,1
829,4.0643414840101,0.533764633672125,MA,2024-07-23,0,1,0,1,1,1,0,1,0,0,1,1
830,1.1254111164741,0.375822384791208,MA,2024-07-24,1,1,0,1,1,1,1,1,0,0,0,1
831,2.82830671442788,0.473618471259539,MA,2024-07-25,0,1,1,1,0,1,0,0,0,0,0,1
832,1.32789517668004,0.4001912504516885,MA,2024-07-26,1,1,0,1,1,1,1,0,1,1,0,1
833,NA,NA,MA,2024-07-27,NA,NA,NA,NA,NA,NA,NA,NA,NA,NA,NA,NA
834,NA,NA,MA,2024-07-28,NA,NA,NA,NA,NA,NA,NA,NA,NA,NA,NA,NA
835,1.24619734896608,0.400356966597873,MA,2024-07-29,1,1,1,1,1,1,1,0,0,0,0,1
836,1.5030884188862501,0.48651399143412,MA,2024-07-30,0,0,1,1,1,1,1,0,0,0,0,1
837,1.3357636995696,0.497583149905711,MA,2024-07-31,0,1,1,1,1,0,0,0,1,0,1,0
838,1.16604765294192,0.471576056205372,MA,2024-08-01,1,1,0,1,1,1,1,1,0,0,1,1
839,1.64305886462848,0.499119581130563,MA,2024-08-02,0,1,1,1,1,1,0,1,0,0,0,1
840,0.324103100117041,0.1297040073243595,MA,2024-08-03,1,1,1,1,1,1,1,1,0,0,1,1
841,1.56836428108676,0.471501435194807,MD,2024-06-23,1,1,1,0,1,1,0,1,0,0,1,1
842,1.33019755008651,0.398179507475233,MD,2024-06-24,0,1,1,1,1,1,0,0,0,0,0,1
843,0.497543032810533,0.3527148900025255,MD,2024-06-25,1,1,1,1,1,1,0,1,0,1,1,1
844,1.67437198694941,0.387518455457726,MD,2024-06-26,1,0,0,1,1,1,0,0,0,1,1,1
845,0.903709067858323,0.3584133506071725,MD,2024-06-27,1,1,1,1,1,1,0,0,0,1,0,1
846,1.58080542588342,0.413018725855158,MD,2024-06-28,0,0,1,1,1,1,0,0,0,1,1,1
847,0.733188881510879,0.4799470322170495,MD,2024-06-29,1,1,1,0,1,1,0,1,1,0,1,1
848,0.819962644688277,0.4630365613306715,MD,2024-06-30,1,1,1,1,0,1,0,1,0,0,0,1
849,0.986345351615364,0.3967528441738855,MD,2024-07-01,1,1,1,1,1,1,0,0,0,1,0,1
850,1.08838348520723,0.3327597867720945,MD,2024-07-02,1,1,1,1,1,1,1,0,1,0,1,1
851,0.492397158798865,0.3270479578936025,MD,2024-07-03,1,1,1,1,1,1,1,1,0,0,1,1
852,1.41889689566,0.4002180480574895,MD,2024-07-04,1,1,1,0,1,1,0,0,1,0,1,1
853,1.30938117531132,0.399137612536606,MD,2024-07-05,1,1,1,1,1,1,0,0,0,0,0,1
854,1.87061235086031,0.4312757341222965,MD,2024-07-06,0,1,0,1,1,1,0,0,0,0,1,1
855,1.3524685183205,0.370657001691213,MD,2024-07-07,1,0,1,1,1,1,0,1,1,0,1,1
856,2.61018042141529,0.4337727208404715,MD,2024-07-08,1,0,1,1,0,1,0,0,1,1,0,1
857,2.65780889534663,0.408705108306704,MD,2024-07-09,0,1,1,1,1,1,0,0,0,0,0,1
858,1.16386427576707,0.417247516978811,MD,2024-07-10,0,1,1,1,1,1,0,0,0,0,1,1
859,3.52839207763818,0.4459723141756585,MD,2024-07-11,0,1,0,1,1,1,0,0,1,0,0,1
860,1.01990677848938,0.405231784338117,MD,2024-07-12,1,1,1,1,1,1,1,1,0,1,0,1
861,1.29719002207925,0.3979922382290095,MD,2024-07-13,1,1,1,0,1,1,0,1,0,0,0,1
862,1.92914021033816,0.4539265568975685,MD,2024-07-14,0,0,1,1,1,1,0,1,0,1,1,1
863,3.3628153548144,0.3682829190294245,MD,2024-07-15,1,1,1,0,1,1,0,0,0,0,0,1
864,2.37305391305199,0.4154742509800215,MD,2024-07-16,0,1,1,1,1,1,0,1,0,0,0,1
865,1.71009503307576,0.409407079269887,MD,2024-07-17,1,1,1,1,1,0,0,0,0,0,0,0
866,1.78454659750304,0.4180689051663975,MD,2024-07-18,1,0,0,1,1,1,0,0,0,0,0,1
867,1.40752637478774,0.4554323534585645,MD,2024-07-19,0,1,1,1,1,1,0,0,1,0,0,1
868,1.60111670758867,0.3883121471567275,MD,2024-07-20,0,1,1,1,1,1,0,0,0,0,0,1
869,1.91954414414022,0.41578378816952,MD,2024-07-21,0,1,0,1,1,1,0,0,0,0,0,1
870,3.33903130637402,0.4479825818709,MD,2024-07-22,0,1,1,0,1,1,0,0,0,0,0,1
871,4.01117025673749,0.509121735231325,MD,2024-07-23,0,1,1,0,1,0,0,0,1,0,0,0
872,1.77551982048945,0.4363938375747835,MD,2024-07-24,0,1,1,1,1,1,0,1,0,0,1,1
873,4.56919130827122,0.51169959280342,MD,2024-07-25,0,1,1,1,1,1,0,0,0,0,1,0
874,3.52343200665703,0.4865110584796815,MD,2024-07-26,0,1,0,1,1,1,0,1,0,0,0,1
875,1.80828510586783,0.473196120825086,MD,2024-07-27,1,0,1,1,1,1,0,0,0,0,0,1
876,3.17998455941243,0.554251713102375,MD,2024-07-28,0,0,0,0,1,1,0,0,0,0,1,1
877,5.10629611746221,0.436385737295049,MD,2024-07-29,0,1,0,1,1,1,0,0,0,0,1,1
878,5.88325605112863,0.50807404903435,MD,2024-07-30,0,1,1,0,1,1,0,0,0,0,0,1
879,6.95702542002354,0.54816312128183,MD,2024-07-31,0,1,1,0,0,1,0,0,0,0,0,1
880,3.82069208249127,0.50351257728067,MD,2024-08-01,0,1,1,0,1,1,0,0,0,0,0,0
881,2.73120989889347,0.48880676359781,MD,2024-08-02,0,1,1,0,0,1,1,0,0,0,0,1
882,3.74789480746563,0.490335742736229,MD,2024-08-03,0,1,1,0,0,1,0,0,0,0,0,1
883,NA,NA,ME,2024-06-23,NA,NA,NA,NA,NA,NA,NA,NA,NA,NA,NA,NA
884,NA,NA,ME,2024-06-24,NA,NA,NA,NA,NA,NA,NA,NA,NA,NA,NA,NA
885,NA,NA,ME,2024-06-25,NA,NA,NA,NA,NA,NA,NA,NA,NA,NA,NA,NA
886,NA,NA,ME,2024-06-26,NA,NA,NA,NA,NA,NA,NA,NA,NA,NA,NA,NA
887,NA,NA,ME,2024-06-27,NA,NA,NA,NA,NA,NA,NA,NA,NA,NA,NA,NA
888,NA,NA,ME,2024-06-28,NA,NA,NA,NA,NA,NA,NA,NA,NA,NA,NA,NA
889,NA,NA,ME,2024-06-29,NA,NA,NA,NA,NA,NA,NA,NA,NA,NA,NA,NA
890,NA,NA,ME,2024-06-30,NA,NA,NA,NA,NA,NA,NA,NA,NA,NA,NA,NA
891,NA,NA,ME,2024-07-01,NA,NA,NA,NA,NA,NA,NA,NA,NA,NA,NA,NA
892,NA,NA,ME,2024-07-02,NA,NA,NA,NA,NA,NA,NA,NA,NA,NA,NA,NA
893,NA,NA,ME,2024-07-03,NA,NA,NA,NA,NA,NA,NA,NA,NA,NA,NA,NA
894,NA,NA,ME,2024-07-04,NA,NA,NA,NA,NA,NA,NA,NA,NA,NA,NA,NA
895,NA,NA,ME,2024-07-05,NA,NA,NA,NA,NA,NA,NA,NA,NA,NA,NA,NA
896,NA,NA,ME,2024-07-06,NA,NA,NA,NA,NA,NA,NA,NA,NA,NA,NA,NA
897,NA,NA,ME,2024-07-07,NA,NA,NA,NA,NA,NA,NA,NA,NA,NA,NA,NA
898,NA,NA,ME,2024-07-08,NA,NA,NA,NA,NA,NA,NA,NA,NA,NA,NA,NA
899,NA,NA,ME,2024-07-09,NA,NA,NA,NA,NA,NA,NA,NA,NA,NA,NA,NA
900,NA,NA,ME,2024-07-10,NA,NA,NA,NA,NA,NA,NA,NA,NA,NA,NA,NA
901,NA,NA,ME,2024-07-11,NA,NA,NA,NA,NA,NA,NA,NA,NA,NA,NA,NA
902,NA,NA,ME,2024-07-12,NA,NA,NA,NA,NA,NA,NA,NA,NA,NA,NA,NA
903,NA,NA,ME,2024-07-13,NA,NA,NA,NA,NA,NA,NA,NA,NA,NA,NA,NA
904,NA,NA,ME,2024-07-14,NA,NA,NA,NA,NA,NA,NA,NA,NA,NA,NA,NA
905,NA,NA,ME,2024-07-15,NA,NA,NA,NA,NA,NA,NA,NA,NA,NA,NA,NA
906,NA,NA,ME,2024-07-16,NA,NA,NA,NA,NA,NA,NA,NA,NA,NA,NA,NA
907,NA,NA,ME,2024-07-17,NA,NA,NA,NA,NA,NA,NA,NA,NA,NA,NA,NA
908,NA,NA,ME,2024-07-18,NA,NA,NA,NA,NA,NA,NA,NA,NA,NA,NA,NA
909,NA,NA,ME,2024-07-19,NA,NA,NA,NA,NA,NA,NA,NA,NA,NA,NA,NA
910,NA,NA,ME,2024-07-20,NA,NA,NA,NA,NA,NA,NA,NA,NA,NA,NA,NA
911,NA,NA,ME,2024-07-21,NA,NA,NA,NA,NA,NA,NA,NA,NA,NA,NA,NA
912,NA,NA,ME,2024-07-22,NA,NA,NA,NA,NA,NA,NA,NA,NA,NA,NA,NA
913,NA,NA,ME,2024-07-23,NA,NA,NA,NA,NA,NA,NA,NA,NA,NA,NA,NA
914,NA,NA,ME,2024-07-24,NA,NA,NA,NA,NA,NA,NA,NA,NA,NA,NA,NA
915,NA,NA,ME,2024-07-25,NA,NA,NA,NA,NA,NA,NA,NA,NA,NA,NA,NA
916,NA,NA,ME,2024-07-26,NA,NA,NA,NA,NA,NA,NA,NA,NA,NA,NA,NA
917,NA,NA,ME,2024-07-27,NA,NA,NA,NA,NA,NA,NA,NA,NA,NA,NA,NA
918,NA,NA,ME,2024-07-28,NA,NA,NA,NA,NA,NA,NA,NA,NA,NA,NA,NA
919,NA,NA,ME,2024-07-29,NA,NA,NA,NA,NA,NA,NA,NA,NA,NA,NA,NA
920,NA,NA,ME,2024-07-30,NA,NA,NA,NA,NA,NA,NA,NA,NA,NA,NA,NA
921,NA,NA,ME,2024-07-31,NA,NA,NA,NA,NA,NA,NA,NA,NA,NA,NA,NA
922,NA,NA,ME,2024-08-01,NA,NA,NA,NA,NA,NA,NA,NA,NA,NA,NA,NA
923,NA,NA,ME,2024-08-02,NA,NA,NA,NA,NA,NA,NA,NA,NA,NA,NA,NA
924,NA,NA,ME,2024-08-03,NA,NA,NA,NA,NA,NA,NA,NA,NA,NA,NA,NA
925,1.06238111599801,0.372936955309302,MI,2024-06-23,0,1,1,1,1,1,1,0,1,1,0,1
926,1.89204882925181,0.4152479400677465,MI,2024-06-24,1,1,0,1,1,0,0,0,0,1,0,0
927,2.82574694778344,0.4059992127624395,MI,2024-06-25,0,1,0,1,1,1,1,0,1,0,0,1
928,2.45997775781941,0.3975373413019275,MI,2024-06-26,0,1,1,0,0,1,0,0,0,0,0,1
929,1.33263163431679,0.3917732107842335,MI,2024-06-27,1,1,1,1,1,1,0,0,1,0,0,1
930,1.1300167699421,0.3961503381592245,MI,2024-06-28,1,1,1,1,1,1,0,0,0,0,0,1
931,0.714244459084542,0.3960589415369355,MI,2024-06-29,1,1,1,1,1,1,1,1,1,1,1,1
932,0.850834588941865,0.448890879211982,MI,2024-06-30,1,1,1,1,1,1,1,0,1,1,0,1
933,2.77802293416055,0.375774705412339,MI,2024-07-01,1,1,1,1,0,0,1,0,0,0,0,0
934,2.64709666202733,0.378028025437753,MI,2024-07-02,1,1,0,1,0,0,0,0,0,0,0,0
935,2.38986186557316,0.413825000338424,MI,2024-07-03,1,0,0,1,1,1,0,0,0,0,0,0
936,1.86271453357439,0.4205750535742215,MI,2024-07-04,0,1,1,1,1,1,1,1,1,1,1,1
937,1.43616965961522,0.386335993779597,MI,2024-07-05,1,1,1,1,1,0,1,0,0,1,1,0
938,2.47847515260516,0.406277369069688,MI,2024-07-06,1,0,1,0,1,0,0,1,0,0,0,0
939,1.27092058691046,0.409697214920123,MI,2024-07-07,1,1,1,0,1,1,1,1,0,0,1,1
940,5.5420202707425,0.3994508532049975,MI,2024-07-08,0,1,1,0,0,1,0,0,0,0,0,1
941,3.88044328194115,0.4131995513875655,MI,2024-07-09,0,0,1,1,1,1,0,0,1,0,1,1
942,4.5808146943194,0.447291073269205,MI,2024-07-10,0,1,0,0,0,1,0,1,1,0,0,1
943,4.03029703890313,0.4180834630870735,MI,2024-07-11,0,0,1,1,1,1,0,0,0,0,0,1
944,3.48385628740571,0.445929886500337,MI,2024-07-12,0,1,1,0,1,1,0,0,0,0,0,1
945,2.8521918266759,0.318284357155475,MI,2024-07-13,1,1,0,1,1,1,1,0,0,0,0,1
946,2.22763916251912,0.4196501612272015,MI,2024-07-14,0,1,0,0,1,1,0,0,0,0,0,1
947,2.50846972362208,0.4121860939561275,MI,2024-07-15,1,0,0,1,1,1,0,0,0,0,0,1
948,1.59665850315557,0.3981662718014525,MI,2024-07-16,1,1,1,1,1,1,0,1,1,0,0,1
949,3.95692662581418,0.417598562737989,MI,2024-07-17,0,1,0,1,1,0,0,0,0,1,0,0
950,4.47057048946687,0.4350957713431015,MI,2024-07-18,1,1,1,0,0,1,1,0,0,0,0,1
951,4.13666491328563,0.435371485439923,MI,2024-07-19,0,1,0,1,1,1,0,0,1,0,1,1
952,2.03872508649074,0.449716136977564,MI,2024-07-20,0,1,1,1,1,1,0,0,0,0,0,1
953,3.58867060286741,0.4667203838900015,MI,2024-07-21,0,1,1,0,1,1,0,1,0,0,0,1
954,5.30740934016914,0.4600224131579935,MI,2024-07-22,0,1,1,0,0,1,0,0,0,0,0,1
955,1.69616493873585,0.4977312629474845,MI,2024-07-23,1,1,1,0,0,0,1,0,0,0,1,0
956,1.69202108414581,0.412011193668876,MI,2024-07-24,0,1,1,1,1,1,0,1,0,1,1,1
957,2.30108543831264,0.3952151010106345,MI,2024-07-25,0,0,0,1,1,1,0,0,0,0,0,1
958,2.65098527577265,0.3833670159128855,MI,2024-07-26,1,1,0,0,1,1,0,1,0,0,0,1
959,2.55726475037171,0.51133365534292,MI,2024-07-27,0,1,1,0,1,1,0,1,1,0,0,1
960,2.61970160448068,0.593903208559425,MI,2024-07-28,0,1,1,0,1,1,0,1,1,0,1,1
961,2.59016167336895,0.398206245357224,MI,2024-07-29,0,1,0,1,1,0,0,0,0,0,0,0
962,1.7885207032200101,0.403835082746714,MI,2024-07-30,0,1,1,1,1,1,0,0,0,0,0,1
963,3.81179987400437,0.3584261783079135,MI,2024-07-31,0,1,0,1,0,1,0,0,0,0,0,1
964,1.72313175720321,0.4887498145215855,MI,2024-08-01,0,1,1,1,1,1,0,0,0,0,0,1
965,1.41846791145575,0.3252015321585365,MI,2024-08-02,0,1,1,1,1,1,0,1,0,1,0,1
966,1.02698345463369,0.3550263329283255,MI,2024-08-03,0,1,1,1,1,1,0,0,0,1,0,1
967,2.80203400774636,0.387879875014315,MN,2024-06-23,1,1,0,1,0,1,0,0,0,1,0,0
968,1.31617862084664,0.3631569642199195,MN,2024-06-24,1,1,1,1,1,1,1,1,0,0,0,1
969,2.97928434006938,0.381597570373543,MN,2024-06-25,0,1,1,1,1,1,0,0,0,1,0,0
970,2.32998993876715,0.3792005780177615,MN,2024-06-26,1,1,1,1,1,1,0,0,0,0,0,1
971,2.01962975445521,0.366254662540207,MN,2024-06-27,1,0,1,1,1,1,1,0,0,0,0,1
972,3.6928641502569,0.411001395488253,MN,2024-06-28,0,1,0,1,1,1,0,1,0,0,0,0
973,1.4047690623693,0.328634434385702,MN,2024-06-29,1,0,1,1,1,1,0,0,1,1,1,1
974,2.16509381599224,0.3993587374707405,MN,2024-06-30,0,0,1,1,1,1,0,0,1,0,0,1
975,2.59952617360679,0.374623706615397,MN,2024-07-01,1,0,1,0,1,1,0,0,0,1,0,1
976,3.00067493024887,0.4311690700077805,MN,2024-07-02,1,1,0,0,0,1,0,0,0,0,0,1
977,3.16236678150324,0.3829594265726915,MN,2024-07-03,0,0,0,1,1,0,0,0,0,1,0,0
978,2.52800024345124,0.389598969400419,MN,2024-07-04,0,1,1,1,1,1,0,0,0,0,0,1
979,1.54930444299005,0.330660446245253,MN,2024-07-05,1,1,0,1,1,1,1,0,0,1,0,1
980,2.32561677865671,0.371468651414332,MN,2024-07-06,0,0,0,1,1,1,0,0,0,0,0,1
981,2.7554678148916,0.396516254826807,MN,2024-07-07,1,1,0,1,1,1,0,0,0,0,0,1
982,2.12914213911248,0.3894891224114035,MN,2024-07-08,1,0,0,1,1,1,0,1,0,0,0,1
983,2.20351932833357,0.384780791759335,MN,2024-07-09,1,1,1,1,1,1,0,1,0,0,0,1
984,3.86119579166845,0.4293985635645675,MN,2024-07-10,0,1,1,1,1,0,0,0,0,0,0,0
985,4.10818316460681,0.413806267621744,MN,2024-07-11,0,1,0,1,1,0,0,0,0,1,0,0
986,3.47400119908157,0.4384321130022,MN,2024-07-12,0,0,0,1,1,1,0,0,0,1,1,1
987,2.40896530691101,0.415140626930864,MN,2024-07-13,0,1,1,0,1,1,0,0,0,0,1,1
988,2.19067370133603,0.417554293141352,MN,2024-07-14,0,0,1,1,1,1,0,1,0,1,1,1
989,7.34059669991761,0.448807868320132,MN,2024-07-15,0,0,0,1,0,1,0,0,0,0,0,1
990,2.94778548900823,0.4173546722625485,MN,2024-07-16,0,1,1,1,1,1,0,0,0,0,0,1
991,5.77109120754155,0.445375269294577,MN,2024-07-17,0,1,0,1,1,1,0,1,0,0,1,1
992,5.57560601137182,0.410933027964853,MN,2024-07-18,0,0,0,1,0,1,0,0,1,0,0,1
993,5.168516144729,0.437596849238763,MN,2024-07-19,0,0,0,0,1,1,0,0,0,1,0,1
994,1.70157519145809,0.3616966401220865,MN,2024-07-20,1,0,1,1,1,1,1,0,1,1,0,1
995,2.70587210344365,0.404800469473885,MN,2024-07-21,0,1,1,1,1,0,0,0,1,0,0,0
996,7.01765834614715,0.415719583796882,MN,2024-07-22,0,1,0,0,0,1,0,0,0,0,0,1
997,2.06073531575418,0.3955017675071755,MN,2024-07-23,0,1,1,1,1,1,0,1,0,0,0,1
998,2.25398595749352,0.3613946639646675,MN,2024-07-24,1,1,1,0,1,1,0,1,0,0,0,1
999,3.68644242842074,0.462646164536792,MN,2024-07-25,0,1,1,0,0,0,0,1,0,0,0,0
1000,5.60658347134005,0.398522510772998,MN,2024-07-26,0,0,0,0,0,1,0,0,0,0,1,1
1001,7.43921296615341,0.504536249635975,MN,2024-07-27,0,1,0,0,1,1,0,0,0,0,1,1
1002,2.38255666238866,0.440239055796872,MN,2024-07-28,0,1,1,1,1,1,0,0,0,0,0,1
1003,5.41950088972274,0.4617016004847615,MN,2024-07-29,0,1,1,1,1,0,0,0,1,0,1,1
1004,8.16468993444319,0.4313145102246175,MN,2024-07-30,0,1,0,1,1,1,0,0,0,0,0,1
1005,3.0451859554298,0.39830474301356,MN,2024-07-31,0,1,0,1,1,1,0,0,0,0,0,1
1006,5.88710185329581,0.477963630071402,MN,2024-08-01,0,0,0,0,1,0,0,0,0,0,0,0
1007,2.35275153068609,0.425072106776891,MN,2024-08-02,0,1,1,0,1,1,0,0,0,0,0,1
1008,2.02170610971603,0.3953712482719865,MN,2024-08-03,0,0,1,1,1,1,0,1,0,0,0,1
1009,NA,NA,MO,2024-06-23,NA,NA,NA,NA,NA,NA,NA,NA,NA,NA,NA,NA
1010,NA,NA,MO,2024-06-24,NA,NA,NA,NA,NA,NA,NA,NA,NA,NA,NA,NA
1011,NA,NA,MO,2024-06-25,NA,NA,NA,NA,NA,NA,NA,NA,NA,NA,NA,NA
1012,1.16655054175526,0.347265254997038,MO,2024-06-26,1,1,1,1,0,1,0,1,0,1,0,1
1013,0.527992857587423,0.3451320489286105,MO,2024-06-27,1,1,1,1,0,1,1,1,0,1,0,1
1014,NA,NA,MO,2024-06-28,NA,NA,NA,NA,NA,NA,NA,NA,NA,NA,NA,NA
1015,NA,NA,MO,2024-06-29,NA,NA,NA,NA,NA,NA,NA,NA,NA,NA,NA,NA
1016,0.582722667906365,0.367457386668595,MO,2024-06-30,1,0,1,1,1,1,1,0,0,1,1,1
1017,0.593514143571051,0.339369440810336,MO,2024-07-01,1,1,1,1,1,1,0,1,1,1,0,1
1018,NA,NA,MO,2024-07-02,NA,NA,NA,NA,NA,NA,NA,NA,NA,NA,NA,NA
1019,0.609493688199541,0.528462415176335,MO,2024-07-03,0,1,1,1,1,1,0,0,1,1,1,1
1020,NA,NA,MO,2024-07-04,NA,NA,NA,NA,NA,NA,NA,NA,NA,NA,NA,NA
1021,NA,NA,MO,2024-07-05,NA,NA,NA,NA,NA,NA,NA,NA,NA,NA,NA,NA
1022,0.46792939739139,0.3387480440800935,MO,2024-07-06,1,1,1,1,1,1,1,1,0,0,1,1
1023,NA,NA,MO,2024-07-07,NA,NA,NA,NA,NA,NA,NA,NA,NA,NA,NA,NA
1024,0.909503630338275,0.512744241480885,MO,2024-07-08,1,1,1,0,1,1,0,1,1,0,0,1
1025,NA,NA,MO,2024-07-09,NA,NA,NA,NA,NA,NA,NA,NA,NA,NA,NA,NA
1026,0.66530729522081,0.55260706458443,MO,2024-07-10,0,1,1,1,1,1,0,1,1,0,1,1
1027,NA,NA,MO,2024-07-11,NA,NA,NA,NA,NA,NA,NA,NA,NA,NA,NA,NA
1028,NA,NA,MO,2024-07-12,NA,NA,NA,NA,NA,NA,NA,NA,NA,NA,NA,NA
1029,NA,NA,MO,2024-07-13,NA,NA,NA,NA,NA,NA,NA,NA,NA,NA,NA,NA
1030,NA,NA,MO,2024-07-14,NA,NA,NA,NA,NA,NA,NA,NA,NA,NA,NA,NA
1031,0.647743978969868,0.421314939773759,MO,2024-07-15,1,0,1,1,1,1,0,0,1,1,1,1
1032,NA,NA,MO,2024-07-16,NA,NA,NA,NA,NA,NA,NA,NA,NA,NA,NA,NA
1033,0.445677298517395,0.3476166343005875,MO,2024-07-17,1,1,1,1,1,1,1,0,0,1,1,1
1034,NA,NA,MO,2024-07-18,NA,NA,NA,NA,NA,NA,NA,NA,NA,NA,NA,NA
1035,NA,NA,MO,2024-07-19,NA,NA,NA,NA,NA,NA,NA,NA,NA,NA,NA,NA
1036,NA,NA,MO,2024-07-20,NA,NA,NA,NA,NA,NA,NA,NA,NA,NA,NA,NA
1037,NA,NA,MO,2024-07-21,NA,NA,NA,NA,NA,NA,NA,NA,NA,NA,NA,NA
1038,NA,NA,MO,2024-07-22,NA,NA,NA,NA,NA,NA,NA,NA,NA,NA,NA,NA
1039,0.494105458021469,0.358782770207318,MO,2024-07-23,1,1,1,1,1,1,0,1,1,0,1,1
1040,0.48184515980998,0.3494813675424905,MO,2024-07-24,1,1,1,1,1,1,1,1,1,0,0,1
1041,1.55029569461061,0.475457819342869,MO,2024-07-25,0,1,1,1,1,1,0,1,1,0,1,1
1042,0.742076789412868,0.4733111539200665,MO,2024-07-26,1,0,1,1,1,1,1,0,1,1,0,1
1043,NA,NA,MO,2024-07-27,NA,NA,NA,NA,NA,NA,NA,NA,NA,NA,NA,NA
1044,1.61791998133189,0.60159791005687,MO,2024-07-28,0,1,1,1,1,1,0,1,0,1,1,1
1045,NA,NA,MO,2024-07-29,NA,NA,NA,NA,NA,NA,NA,NA,NA,NA,NA,NA
1046,NA,NA,MO,2024-07-30,NA,NA,NA,NA,NA,NA,NA,NA,NA,NA,NA,NA
1047,0.544217662980639,0.3966349283307135,MO,2024-07-31,1,1,0,1,1,1,1,1,1,1,1,1
1048,NA,NA,MO,2024-08-01,NA,NA,NA,NA,NA,NA,NA,NA,NA,NA,NA,NA
1049,NA,NA,MO,2024-08-02,NA,NA,NA,NA,NA,NA,NA,NA,NA,NA,NA,NA
1050,NA,NA,MO,2024-08-03,NA,NA,NA,NA,NA,NA,NA,NA,NA,NA,NA,NA
1051,NA,NA,MS,2024-06-23,NA,NA,NA,NA,NA,NA,NA,NA,NA,NA,NA,NA
1052,NA,NA,MS,2024-06-24,NA,NA,NA,NA,NA,NA,NA,NA,NA,NA,NA,NA
1053,NA,NA,MS,2024-06-25,NA,NA,NA,NA,NA,NA,NA,NA,NA,NA,NA,NA
1054,NA,NA,MS,2024-06-26,NA,NA,NA,NA,NA,NA,NA,NA,NA,NA,NA,NA
1055,0.863374559925032,0.2992212819536825,MS,2024-06-27,1,0,1,1,1,1,1,1,1,1,1,1
1056,NA,NA,MS,2024-06-28,NA,NA,NA,NA,NA,NA,NA,NA,NA,NA,NA,NA
1057,NA,NA,MS,2024-06-29,NA,NA,NA,NA,NA,NA,NA,NA,NA,NA,NA,NA
1058,NA,NA,MS,2024-06-30,NA,NA,NA,NA,NA,NA,NA,NA,NA,NA,NA,NA
1059,1.36824685244673,0.52438035201375,MS,2024-07-01,0,1,1,1,1,1,0,0,1,1,1,1
1060,0.736397307792979,0.4753454032394335,MS,2024-07-02,1,1,1,0,1,1,1,0,1,0,1,1
1061,0.403297801097902,0.31933598410794,MS,2024-07-03,1,1,1,1,1,1,1,0,1,0,1,1
1062,NA,NA,MS,2024-07-04,NA,NA,NA,NA,NA,NA,NA,NA,NA,NA,NA,NA
1063,NA,NA,MS,2024-07-05,NA,NA,NA,NA,NA,NA,NA,NA,NA,NA,NA,NA
1064,NA,NA,MS,2024-07-06,NA,NA,NA,NA,NA,NA,NA,NA,NA,NA,NA,NA
1065,NA,NA,MS,2024-07-07,NA,NA,NA,NA,NA,NA,NA,NA,NA,NA,NA,NA
1066,NA,NA,MS,2024-07-08,NA,NA,NA,NA,NA,NA,NA,NA,NA,NA,NA,NA
1067,0.521838610239138,0.3397834470837695,MS,2024-07-09,1,1,0,1,1,1,1,1,0,0,1,1
1068,NA,NA,MS,2024-07-10,NA,NA,NA,NA,NA,NA,NA,NA,NA,NA,NA,NA
1069,NA,NA,MS,2024-07-11,NA,NA,NA,NA,NA,NA,NA,NA,NA,NA,NA,NA
1070,NA,NA,MS,2024-07-12,NA,NA,NA,NA,NA,NA,NA,NA,NA,NA,NA,NA
1071,NA,NA,MS,2024-07-13,NA,NA,NA,NA,NA,NA,NA,NA,NA,NA,NA,NA
1072,NA,NA,MS,2024-07-14,NA,NA,NA,NA,NA,NA,NA,NA,NA,NA,NA,NA
1073,0.515291692416046,0.34812283319875,MS,2024-07-15,1,1,0,1,1,1,1,1,0,0,1,1
1074,0.74846279808744,0.576845491335235,MS,2024-07-16,0,1,1,1,1,1,0,0,1,1,1,1
1075,1.39251415547563,0.4321085955829155,MS,2024-07-17,1,1,1,1,0,1,0,0,0,1,0,1
1076,0.506414320342526,0.3557211763796365,MS,2024-07-18,1,1,1,1,1,1,1,0,0,1,1,1
1077,NA,NA,MS,2024-07-19,NA,NA,NA,NA,NA,NA,NA,NA,NA,NA,NA,NA
1078,NA,NA,MS,2024-07-20,NA,NA,NA,NA,NA,NA,NA,NA,NA,NA,NA,NA
1079,NA,NA,MS,2024-07-21,NA,NA,NA,NA,NA,NA,NA,NA,NA,NA,NA,NA
1080,1.27635987539617,0.4450849566442885,MS,2024-07-22,0,1,0,1,1,1,1,0,0,1,1,1
1081,1.81719808224439,0.373636112370335,MS,2024-07-23,1,1,0,1,1,1,1,0,0,0,1,1
1082,0.888319611906674,0.51948297767722,MS,2024-07-24,0,1,1,1,1,1,0,0,1,1,1,1
1083,0.496675055781447,0.4432256038831,MS,2024-07-25,1,1,1,1,1,1,1,1,1,1,1,1
1084,0.60368718666185,0.3570367749310675,MS,2024-07-26,1,1,1,1,1,1,1,0,0,0,1,1
1085,NA,NA,MS,2024-07-27,NA,NA,NA,NA,NA,NA,NA,NA,NA,NA,NA,NA
1086,NA,NA,MS,2024-07-28,NA,NA,NA,NA,NA,NA,NA,NA,NA,NA,NA,NA
1087,1.46991422300785,0.3808816470438795,MS,2024-07-29,1,1,0,1,1,1,1,0,0,0,0,1
1088,NA,NA,MS,2024-07-30,NA,NA,NA,NA,NA,NA,NA,NA,NA,NA,NA,NA
1089,1.1901017721448,0.3836232338698305,MS,2024-07-31,0,1,1,1,1,1,0,0,0,0,0,1
1090,NA,NA,MS,2024-08-01,NA,NA,NA,NA,NA,NA,NA,NA,NA,NA,NA,NA
1091,1.45464031316363,0.398725950766782,MS,2024-08-02,1,1,0,1,1,1,1,0,0,1,1,1
1092,NA,NA,MS,2024-08-03,NA,NA,NA,NA,NA,NA,NA,NA,NA,NA,NA,NA
1093,NA,NA,MT,2024-06-23,NA,NA,NA,NA,NA,NA,NA,NA,NA,NA,NA,NA
1094,NA,NA,MT,2024-06-24,NA,NA,NA,NA,NA,NA,NA,NA,NA,NA,NA,NA
1095,NA,NA,MT,2024-06-25,NA,NA,NA,NA,NA,NA,NA,NA,NA,NA,NA,NA
1096,NA,NA,MT,2024-06-26,NA,NA,NA,NA,NA,NA,NA,NA,NA,NA,NA,NA
1097,NA,NA,MT,2024-06-27,NA,NA,NA,NA,NA,NA,NA,NA,NA,NA,NA,NA
1098,NA,NA,MT,2024-06-28,NA,NA,NA,NA,NA,NA,NA,NA,NA,NA,NA,NA
1099,NA,NA,MT,2024-06-29,NA,NA,NA,NA,NA,NA,NA,NA,NA,NA,NA,NA
1100,NA,NA,MT,2024-06-30,NA,NA,NA,NA,NA,NA,NA,NA,NA,NA,NA,NA
1101,NA,NA,MT,2024-07-01,NA,NA,NA,NA,NA,NA,NA,NA,NA,NA,NA,NA
1102,NA,NA,MT,2024-07-02,NA,NA,NA,NA,NA,NA,NA,NA,NA,NA,NA,NA
1103,NA,NA,MT,2024-07-03,NA,NA,NA,NA,NA,NA,NA,NA,NA,NA,NA,NA
1104,NA,NA,MT,2024-07-04,NA,NA,NA,NA,NA,NA,NA,NA,NA,NA,NA,NA
1105,NA,NA,MT,2024-07-05,NA,NA,NA,NA,NA,NA,NA,NA,NA,NA,NA,NA
1106,NA,NA,MT,2024-07-06,NA,NA,NA,NA,NA,NA,NA,NA,NA,NA,NA,NA
1107,NA,NA,MT,2024-07-07,NA,NA,NA,NA,NA,NA,NA,NA,NA,NA,NA,NA
1108,NA,NA,MT,2024-07-08,NA,NA,NA,NA,NA,NA,NA,NA,NA,NA,NA,NA
1109,NA,NA,MT,2024-07-09,NA,NA,NA,NA,NA,NA,NA,NA,NA,NA,NA,NA
1110,NA,NA,MT,2024-07-10,NA,NA,NA,NA,NA,NA,NA,NA,NA,NA,NA,NA
1111,NA,NA,MT,2024-07-11,NA,NA,NA,NA,NA,NA,NA,NA,NA,NA,NA,NA
1112,NA,NA,MT,2024-07-12,NA,NA,NA,NA,NA,NA,NA,NA,NA,NA,NA,NA
1113,NA,NA,MT,2024-07-13,NA,NA,NA,NA,NA,NA,NA,NA,NA,NA,NA,NA
1114,NA,NA,MT,2024-07-14,NA,NA,NA,NA,NA,NA,NA,NA,NA,NA,NA,NA
1115,NA,NA,MT,2024-07-15,NA,NA,NA,NA,NA,NA,NA,NA,NA,NA,NA,NA
1116,NA,NA,MT,2024-07-16,NA,NA,NA,NA,NA,NA,NA,NA,NA,NA,NA,NA
1117,NA,NA,MT,2024-07-17,NA,NA,NA,NA,NA,NA,NA,NA,NA,NA,NA,NA
1118,NA,NA,MT,2024-07-18,NA,NA,NA,NA,NA,NA,NA,NA,NA,NA,NA,NA
1119,NA,NA,MT,2024-07-19,NA,NA,NA,NA,NA,NA,NA,NA,NA,NA,NA,NA
1120,NA,NA,MT,2024-07-20,NA,NA,NA,NA,NA,NA,NA,NA,NA,NA,NA,NA
1121,NA,NA,MT,2024-07-21,NA,NA,NA,NA,NA,NA,NA,NA,NA,NA,NA,NA
1122,NA,NA,MT,2024-07-22,NA,NA,NA,NA,NA,NA,NA,NA,NA,NA,NA,NA
1123,NA,NA,MT,2024-07-23,NA,NA,NA,NA,NA,NA,NA,NA,NA,NA,NA,NA
1124,NA,NA,MT,2024-07-24,NA,NA,NA,NA,NA,NA,NA,NA,NA,NA,NA,NA
1125,NA,NA,MT,2024-07-25,NA,NA,NA,NA,NA,NA,NA,NA,NA,NA,NA,NA
1126,NA,NA,MT,2024-07-26,NA,NA,NA,NA,NA,NA,NA,NA,NA,NA,NA,NA
1127,NA,NA,MT,2024-07-27,NA,NA,NA,NA,NA,NA,NA,NA,NA,NA,NA,NA
1128,NA,NA,MT,2024-07-28,NA,NA,NA,NA,NA,NA,NA,NA,NA,NA,NA,NA
1129,NA,NA,MT,2024-07-29,NA,NA,NA,NA,NA,NA,NA,NA,NA,NA,NA,NA
1130,NA,NA,MT,2024-07-30,NA,NA,NA,NA,NA,NA,NA,NA,NA,NA,NA,NA
1131,NA,NA,MT,2024-07-31,NA,NA,NA,NA,NA,NA,NA,NA,NA,NA,NA,NA
1132,NA,NA,MT,2024-08-01,NA,NA,NA,NA,NA,NA,NA,NA,NA,NA,NA,NA
1133,NA,NA,MT,2024-08-02,NA,NA,NA,NA,NA,NA,NA,NA,NA,NA,NA,NA
1134,NA,NA,MT,2024-08-03,NA,NA,NA,NA,NA,NA,NA,NA,NA,NA,NA,NA
1135,NA,NA,NC,2024-06-23,NA,NA,NA,NA,NA,NA,NA,NA,NA,NA,NA,NA
1136,1.18666903216833,0.378175680270777,NC,2024-06-24,1,1,1,1,0,1,0,1,0,0,0,1
1137,1.17329782991741,0.3896051492964615,NC,2024-06-25,1,1,0,1,1,1,1,0,0,0,0,1
1138,0.740673273548604,0.3924878022650465,NC,2024-06-26,1,1,1,1,1,1,1,1,0,1,0,1
1139,1.37749752598061,0.409014797534975,NC,2024-06-27,1,1,1,1,0,1,1,1,0,1,0,1
1140,1.1904466328154,0.3917543832109935,NC,2024-06-28,0,1,1,1,1,1,1,0,1,1,0,1
1141,0.492349273502299,0.365853166201757,NC,2024-06-29,1,1,1,1,1,1,1,1,0,1,0,1
1142,NA,NA,NC,2024-06-30,NA,NA,NA,NA,NA,NA,NA,NA,NA,NA,NA,NA
1143,1.14983314642394,0.4092577443873255,NC,2024-07-01,1,1,1,1,1,0,0,0,0,0,0,0
1144,0.60637035511467,0.3939371477123385,NC,2024-07-02,1,1,1,1,0,1,1,1,1,1,1,1
1145,1.0765510666026,0.3803761225010395,NC,2024-07-03,1,1,1,1,1,1,0,0,1,0,0,1
1146,NA,NA,NC,2024-07-04,NA,NA,NA,NA,NA,NA,NA,NA,NA,NA,NA,NA
1147,0.477199779443521,0.3570974149863355,NC,2024-07-05,1,1,1,1,1,1,0,0,1,1,1,1
1148,NA,NA,NC,2024-07-06,NA,NA,NA,NA,NA,NA,NA,NA,NA,NA,NA,NA
1149,NA,NA,NC,2024-07-07,NA,NA,NA,NA,NA,NA,NA,NA,NA,NA,NA,NA
1150,0.697607225850939,0.478438296065201,NC,2024-07-08,0,1,1,1,1,1,0,1,0,1,1,1
1151,1.63983051840764,0.4172900902468065,NC,2024-07-09,0,1,1,1,1,1,0,1,0,1,1,1
1152,1.35137591700257,0.3722666117741755,NC,2024-07-10,1,1,0,1,1,1,1,0,0,0,0,0
1153,1.25823093093622,0.408450131605743,NC,2024-07-11,0,1,1,1,1,1,1,1,0,1,0,1
1154,1.59036002314291,0.448331409804863,NC,2024-07-12,1,1,0,1,1,0,1,0,0,1,0,0
1155,NA,NA,NC,2024-07-13,NA,NA,NA,NA,NA,NA,NA,NA,NA,NA,NA,NA
1156,NA,NA,NC,2024-07-14,NA,NA,NA,NA,NA,NA,NA,NA,NA,NA,NA,NA
1157,2.67556495517633,0.44477874877966,NC,2024-07-15,0,1,1,1,1,1,0,0,0,1,0,1
1158,0.464702444889677,0.3540535475684115,NC,2024-07-16,1,1,1,1,1,1,1,1,0,0,1,1
1159,2.44292435464905,0.4205483362954175,NC,2024-07-17,0,0,0,1,0,1,0,1,0,0,0,1
1160,1.78569945008228,0.427909987252318,NC,2024-07-18,1,0,0,1,1,1,1,0,0,1,1,1
1161,1.7536897454552,0.4590471003032775,NC,2024-07-19,0,1,0,1,1,1,0,0,0,0,0,1
1162,NA,NA,NC,2024-07-20,NA,NA,NA,NA,NA,NA,NA,NA,NA,NA,NA,NA
1163,NA,NA,NC,2024-07-21,NA,NA,NA,NA,NA,NA,NA,NA,NA,NA,NA,NA
1164,3.95239213264775,0.454238808802446,NC,2024-07-22,0,1,0,1,1,1,0,1,0,0,0,1
1165,1.3601225292321,0.4403368925961835,NC,2024-07-23,0,0,1,1,1,1,0,0,1,0,0,1
1166,3.8339372587675,0.478739041778507,NC,2024-07-24,0,1,1,1,0,1,0,0,0,0,1,1
1167,5.25023274912494,0.4655517134550975,NC,2024-07-25,0,1,1,0,1,1,0,1,0,0,1,1
1168,1.52437830301706,0.413499425317098,NC,2024-07-26,0,1,1,1,1,1,0,0,0,0,0,1
1169,0.569763974423179,0.470313575196529,NC,2024-07-27,1,0,1,1,1,1,1,0,1,0,1,1
1170,NA,NA,NC,2024-07-28,NA,NA,NA,NA,NA,NA,NA,NA,NA,NA,NA,NA
1171,3.68120429324584,0.4540009027806175,NC,2024-07-29,0,1,1,0,1,1,0,0,0,0,0,1
1172,4.94297206559305,0.4985600027108525,NC,2024-07-30,0,0,0,0,1,1,0,0,0,0,0,1
1173,3.46513289364604,0.4558645756140285,NC,2024-07-31,0,1,0,1,0,1,0,1,1,0,1,0
1174,3.69354886629047,0.3915482023817985,NC,2024-08-01,0,0,0,1,0,1,0,0,0,1,0,1
1175,2.44604587985779,0.4299001549770915,NC,2024-08-02,0,1,0,1,1,1,0,1,0,1,1,1
1176,NA,NA,NC,2024-08-03,NA,NA,NA,NA,NA,NA,NA,NA,NA,NA,NA,NA
1177,NA,NA,ND,2024-06-23,NA,NA,NA,NA,NA,NA,NA,NA,NA,NA,NA,NA
1178,NA,NA,ND,2024-06-24,NA,NA,NA,NA,NA,NA,NA,NA,NA,NA,NA,NA
1179,NA,NA,ND,2024-06-25,NA,NA,NA,NA,NA,NA,NA,NA,NA,NA,NA,NA
1180,NA,NA,ND,2024-06-26,NA,NA,NA,NA,NA,NA,NA,NA,NA,NA,NA,NA
1181,NA,NA,ND,2024-06-27,NA,NA,NA,NA,NA,NA,NA,NA,NA,NA,NA,NA
1182,NA,NA,ND,2024-06-28,NA,NA,NA,NA,NA,NA,NA,NA,NA,NA,NA,NA
1183,NA,NA,ND,2024-06-29,NA,NA,NA,NA,NA,NA,NA,NA,NA,NA,NA,NA
1184,NA,NA,ND,2024-06-30,NA,NA,NA,NA,NA,NA,NA,NA,NA,NA,NA,NA
1185,NA,NA,ND,2024-07-01,NA,NA,NA,NA,NA,NA,NA,NA,NA,NA,NA,NA
1186,NA,NA,ND,2024-07-02,NA,NA,NA,NA,NA,NA,NA,NA,NA,NA,NA,NA
1187,0.677432309753395,0.502790947939545,ND,2024-07-03,1,1,1,1,0,1,0,1,1,1,0,1
1188,NA,NA,ND,2024-07-04,NA,NA,NA,NA,NA,NA,NA,NA,NA,NA,NA,NA
1189,NA,NA,ND,2024-07-05,NA,NA,NA,NA,NA,NA,NA,NA,NA,NA,NA,NA
1190,NA,NA,ND,2024-07-06,NA,NA,NA,NA,NA,NA,NA,NA,NA,NA,NA,NA
1191,NA,NA,ND,2024-07-07,NA,NA,NA,NA,NA,NA,NA,NA,NA,NA,NA,NA
1192,NA,NA,ND,2024-07-08,NA,NA,NA,NA,NA,NA,NA,NA,NA,NA,NA,NA
1193,NA,NA,ND,2024-07-09,NA,NA,NA,NA,NA,NA,NA,NA,NA,NA,NA,NA
1194,0.556600078667879,0.4086193969402855,ND,2024-07-10,1,0,1,1,1,1,1,0,0,1,1,1
1195,NA,NA,ND,2024-07-11,NA,NA,NA,NA,NA,NA,NA,NA,NA,NA,NA,NA
1196,NA,NA,ND,2024-07-12,NA,NA,NA,NA,NA,NA,NA,NA,NA,NA,NA,NA
1197,NA,NA,ND,2024-07-13,NA,NA,NA,NA,NA,NA,NA,NA,NA,NA,NA,NA
1198,NA,NA,ND,2024-07-14,NA,NA,NA,NA,NA,NA,NA,NA,NA,NA,NA,NA
1199,1.62061341843188,0.407540095657457,ND,2024-07-15,1,1,0,1,1,1,0,0,0,1,1,1
1200,NA,NA,ND,2024-07-16,NA,NA,NA,NA,NA,NA,NA,NA,NA,NA,NA,NA
1201,0.64587085315215,0.4695543684594515,ND,2024-07-17,1,1,1,1,0,1,1,1,0,1,0,1
1202,0.641919427313758,0.371267675048177,ND,2024-07-18,0,1,1,1,1,1,0,1,0,1,1,1
1203,NA,NA,ND,2024-07-19,NA,NA,NA,NA,NA,NA,NA,NA,NA,NA,NA,NA
1204,NA,NA,ND,2024-07-20,NA,NA,NA,NA,NA,NA,NA,NA,NA,NA,NA,NA
1205,NA,NA,ND,2024-07-21,NA,NA,NA,NA,NA,NA,NA,NA,NA,NA,NA,NA
1206,0.68503821897652,0.407886662226923,ND,2024-07-22,0,1,1,1,1,1,0,1,1,0,1,1
1207,NA,NA,ND,2024-07-23,NA,NA,NA,NA,NA,NA,NA,NA,NA,NA,NA,NA
1208,NA,NA,ND,2024-07-24,NA,NA,NA,NA,NA,NA,NA,NA,NA,NA,NA,NA
1209,NA,NA,ND,2024-07-25,NA,NA,NA,NA,NA,NA,NA,NA,NA,NA,NA,NA
1210,NA,NA,ND,2024-07-26,NA,NA,NA,NA,NA,NA,NA,NA,NA,NA,NA,NA
1211,NA,NA,ND,2024-07-27,NA,NA,NA,NA,NA,NA,NA,NA,NA,NA,NA,NA
1212,NA,NA,ND,2024-07-28,NA,NA,NA,NA,NA,NA,NA,NA,NA,NA,NA,NA
1213,NA,NA,ND,2024-07-29,NA,NA,NA,NA,NA,NA,NA,NA,NA,NA,NA,NA
1214,NA,NA,ND,2024-07-30,NA,NA,NA,NA,NA,NA,NA,NA,NA,NA,NA,NA
1215,0.372023104519187,0.2077800678236175,ND,2024-07-31,1,1,1,1,1,1,1,1,1,1,1,1
1216,0.339037506530903,0.1984001225182325,ND,2024-08-01,1,1,1,1,1,1,1,1,1,0,0,1
1217,NA,NA,ND,2024-08-02,NA,NA,NA,NA,NA,NA,NA,NA,NA,NA,NA,NA
1218,NA,NA,ND,2024-08-03,NA,NA,NA,NA,NA,NA,NA,NA,NA,NA,NA,NA
1219,NA,NA,NE,2024-06-23,NA,NA,NA,NA,NA,NA,NA,NA,NA,NA,NA,NA
1220,NA,NA,NE,2024-06-24,NA,NA,NA,NA,NA,NA,NA,NA,NA,NA,NA,NA
1221,NA,NA,NE,2024-06-25,NA,NA,NA,NA,NA,NA,NA,NA,NA,NA,NA,NA
1222,NA,NA,NE,2024-06-26,NA,NA,NA,NA,NA,NA,NA,NA,NA,NA,NA,NA
1223,NA,NA,NE,2024-06-27,NA,NA,NA,NA,NA,NA,NA,NA,NA,NA,NA,NA
1224,NA,NA,NE,2024-06-28,NA,NA,NA,NA,NA,NA,NA,NA,NA,NA,NA,NA
1225,NA,NA,NE,2024-06-29,NA,NA,NA,NA,NA,NA,NA,NA,NA,NA,NA,NA
1226,NA,NA,NE,2024-06-30,NA,NA,NA,NA,NA,NA,NA,NA,NA,NA,NA,NA
1227,0.582427026562197,0.4266535048169945,NE,2024-07-01,1,1,1,1,0,1,1,1,1,0,0,1
1228,NA,NA,NE,2024-07-02,NA,NA,NA,NA,NA,NA,NA,NA,NA,NA,NA,NA
1229,NA,NA,NE,2024-07-03,NA,NA,NA,NA,NA,NA,NA,NA,NA,NA,NA,NA
1230,NA,NA,NE,2024-07-04,NA,NA,NA,NA,NA,NA,NA,NA,NA,NA,NA,NA
1231,NA,NA,NE,2024-07-05,NA,NA,NA,NA,NA,NA,NA,NA,NA,NA,NA,NA
1232,NA,NA,NE,2024-07-06,NA,NA,NA,NA,NA,NA,NA,NA,NA,NA,NA,NA
1233,NA,NA,NE,2024-07-07,NA,NA,NA,NA,NA,NA,NA,NA,NA,NA,NA,NA
1234,NA,NA,NE,2024-07-08,NA,NA,NA,NA,NA,NA,NA,NA,NA,NA,NA,NA
1235,NA,NA,NE,2024-07-09,NA,NA,NA,NA,NA,NA,NA,NA,NA,NA,NA,NA
1236,NA,NA,NE,2024-07-10,NA,NA,NA,NA,NA,NA,NA,NA,NA,NA,NA,NA
1237,NA,NA,NE,2024-07-11,NA,NA,NA,NA,NA,NA,NA,NA,NA,NA,NA,NA
1238,NA,NA,NE,2024-07-12,NA,NA,NA,NA,NA,NA,NA,NA,NA,NA,NA,NA
1239,NA,NA,NE,2024-07-13,NA,NA,NA,NA,NA,NA,NA,NA,NA,NA,NA,NA
1240,NA,NA,NE,2024-07-14,NA,NA,NA,NA,NA,NA,NA,NA,NA,NA,NA,NA
1241,NA,NA,NE,2024-07-15,NA,NA,NA,NA,NA,NA,NA,NA,NA,NA,NA,NA
1242,NA,NA,NE,2024-07-16,NA,NA,NA,NA,NA,NA,NA,NA,NA,NA,NA,NA
1243,NA,NA,NE,2024-07-17,NA,NA,NA,NA,NA,NA,NA,NA,NA,NA,NA,NA
1244,NA,NA,NE,2024-07-18,NA,NA,NA,NA,NA,NA,NA,NA,NA,NA,NA,NA
1245,NA,NA,NE,2024-07-19,NA,NA,NA,NA,NA,NA,NA,NA,NA,NA,NA,NA
1246,NA,NA,NE,2024-07-20,NA,NA,NA,NA,NA,NA,NA,NA,NA,NA,NA,NA
1247,NA,NA,NE,2024-07-21,NA,NA,NA,NA,NA,NA,NA,NA,NA,NA,NA,NA
1248,NA,NA,NE,2024-07-22,NA,NA,NA,NA,NA,NA,NA,NA,NA,NA,NA,NA
1249,NA,NA,NE,2024-07-23,NA,NA,NA,NA,NA,NA,NA,NA,NA,NA,NA,NA
1250,NA,NA,NE,2024-07-24,NA,NA,NA,NA,NA,NA,NA,NA,NA,NA,NA,NA
1251,NA,NA,NE,2024-07-25,NA,NA,NA,NA,NA,NA,NA,NA,NA,NA,NA,NA
1252,NA,NA,NE,2024-07-26,NA,NA,NA,NA,NA,NA,NA,NA,NA,NA,NA,NA
1253,NA,NA,NE,2024-07-27,NA,NA,NA,NA,NA,NA,NA,NA,NA,NA,NA,NA
1254,NA,NA,NE,2024-07-28,NA,NA,NA,NA,NA,NA,NA,NA,NA,NA,NA,NA
1255,NA,NA,NE,2024-07-29,NA,NA,NA,NA,NA,NA,NA,NA,NA,NA,NA,NA
1256,NA,NA,NE,2024-07-30,NA,NA,NA,NA,NA,NA,NA,NA,NA,NA,NA,NA
1257,NA,NA,NE,2024-07-31,NA,NA,NA,NA,NA,NA,NA,NA,NA,NA,NA,NA
1258,NA,NA,NE,2024-08-01,NA,NA,NA,NA,NA,NA,NA,NA,NA,NA,NA,NA
1259,NA,NA,NE,2024-08-02,NA,NA,NA,NA,NA,NA,NA,NA,NA,NA,NA,NA
1260,0.648049972223205,0.43152108642021,NE,2024-08-03,1,1,1,1,0,1,1,1,0,1,0,1
1261,NA,NA,NH,2024-06-23,NA,NA,NA,NA,NA,NA,NA,NA,NA,NA,NA,NA
1262,NA,NA,NH,2024-06-24,NA,NA,NA,NA,NA,NA,NA,NA,NA,NA,NA,NA
1263,NA,NA,NH,2024-06-25,NA,NA,NA,NA,NA,NA,NA,NA,NA,NA,NA,NA
1264,NA,NA,NH,2024-06-26,NA,NA,NA,NA,NA,NA,NA,NA,NA,NA,NA,NA
1265,NA,NA,NH,2024-06-27,NA,NA,NA,NA,NA,NA,NA,NA,NA,NA,NA,NA
1266,0.354490264589433,0.2869156471666455,NH,2024-06-28,1,1,1,1,1,1,0,1,1,0,1,1
1267,NA,NA,NH,2024-06-29,NA,NA,NA,NA,NA,NA,NA,NA,NA,NA,NA,NA
1268,NA,NA,NH,2024-06-30,NA,NA,NA,NA,NA,NA,NA,NA,NA,NA,NA,NA
1269,NA,NA,NH,2024-07-01,NA,NA,NA,NA,NA,NA,NA,NA,NA,NA,NA,NA
1270,NA,NA,NH,2024-07-02,NA,NA,NA,NA,NA,NA,NA,NA,NA,NA,NA,NA
1271,NA,NA,NH,2024-07-03,NA,NA,NA,NA,NA,NA,NA,NA,NA,NA,NA,NA
1272,NA,NA,NH,2024-07-04,NA,NA,NA,NA,NA,NA,NA,NA,NA,NA,NA,NA
1273,NA,NA,NH,2024-07-05,NA,NA,NA,NA,NA,NA,NA,NA,NA,NA,NA,NA
1274,NA,NA,NH,2024-07-06,NA,NA,NA,NA,NA,NA,NA,NA,NA,NA,NA,NA
1275,NA,NA,NH,2024-07-07,NA,NA,NA,NA,NA,NA,NA,NA,NA,NA,NA,NA
1276,NA,NA,NH,2024-07-08,NA,NA,NA,NA,NA,NA,NA,NA,NA,NA,NA,NA
1277,NA,NA,NH,2024-07-09,NA,NA,NA,NA,NA,NA,NA,NA,NA,NA,NA,NA
1278,NA,NA,NH,2024-07-10,NA,NA,NA,NA,NA,NA,NA,NA,NA,NA,NA,NA
1279,NA,NA,NH,2024-07-11,NA,NA,NA,NA,NA,NA,NA,NA,NA,NA,NA,NA
1280,NA,NA,NH,2024-07-12,NA,NA,NA,NA,NA,NA,NA,NA,NA,NA,NA,NA
1281,NA,NA,NH,2024-07-13,NA,NA,NA,NA,NA,NA,NA,NA,NA,NA,NA,NA
1282,NA,NA,NH,2024-07-14,NA,NA,NA,NA,NA,NA,NA,NA,NA,NA,NA,NA
1283,NA,NA,NH,2024-07-15,NA,NA,NA,NA,NA,NA,NA,NA,NA,NA,NA,NA
1284,NA,NA,NH,2024-07-16,NA,NA,NA,NA,NA,NA,NA,NA,NA,NA,NA,NA
1285,NA,NA,NH,2024-07-17,NA,NA,NA,NA,NA,NA,NA,NA,NA,NA,NA,NA
1286,NA,NA,NH,2024-07-18,NA,NA,NA,NA,NA,NA,NA,NA,NA,NA,NA,NA
1287,NA,NA,NH,2024-07-19,NA,NA,NA,NA,NA,NA,NA,NA,NA,NA,NA,NA
1288,NA,NA,NH,2024-07-20,NA,NA,NA,NA,NA,NA,NA,NA,NA,NA,NA,NA
1289,NA,NA,NH,2024-07-21,NA,NA,NA,NA,NA,NA,NA,NA,NA,NA,NA,NA
1290,NA,NA,NH,2024-07-22,NA,NA,NA,NA,NA,NA,NA,NA,NA,NA,NA,NA
1291,NA,NA,NH,2024-07-23,NA,NA,NA,NA,NA,NA,NA,NA,NA,NA,NA,NA
1292,NA,NA,NH,2024-07-24,NA,NA,NA,NA,NA,NA,NA,NA,NA,NA,NA,NA
1293,NA,NA,NH,2024-07-25,NA,NA,NA,NA,NA,NA,NA,NA,NA,NA,NA,NA
1294,NA,NA,NH,2024-07-26,NA,NA,NA,NA,NA,NA,NA,NA,NA,NA,NA,NA
1295,NA,NA,NH,2024-07-27,NA,NA,NA,NA,NA,NA,NA,NA,NA,NA,NA,NA
1296,NA,NA,NH,2024-07-28,NA,NA,NA,NA,NA,NA,NA,NA,NA,NA,NA,NA
1297,NA,NA,NH,2024-07-29,NA,NA,NA,NA,NA,NA,NA,NA,NA,NA,NA,NA
1298,NA,NA,NH,2024-07-30,NA,NA,NA,NA,NA,NA,NA,NA,NA,NA,NA,NA
1299,NA,NA,NH,2024-07-31,NA,NA,NA,NA,NA,NA,NA,NA,NA,NA,NA,NA
1300,NA,NA,NH,2024-08-01,NA,NA,NA,NA,NA,NA,NA,NA,NA,NA,NA,NA
1301,NA,NA,NH,2024-08-02,NA,NA,NA,NA,NA,NA,NA,NA,NA,NA,NA,NA
1302,NA,NA,NH,2024-08-03,NA,NA,NA,NA,NA,NA,NA,NA,NA,NA,NA,NA
1303,1.56075301280658,0.4132248660529365,NJ,2024-06-23,1,1,0,1,1,1,0,0,0,0,0,1
1304,6.59879084703956,0.4192500278655445,NJ,2024-06-24,0,0,1,1,1,0,0,0,0,0,0,0
1305,7.29210061987243,0.389541795742308,NJ,2024-06-25,0,1,1,0,1,1,0,1,0,0,0,0
1306,7.71990029796987,0.4112940780335805,NJ,2024-06-26,0,0,1,1,1,1,0,0,0,1,0,1
1307,4.5272092275268,0.380834348457988,NJ,2024-06-27,1,0,1,0,0,1,0,0,0,0,0,1
1308,4.97199125819672,0.3959130339921485,NJ,2024-06-28,0,1,0,0,1,1,0,1,0,0,0,1
1309,2.8200975668231,0.379323701732688,NJ,2024-06-29,1,0,1,1,0,0,0,0,0,0,0,0
1310,2.83865898136087,0.398036529265124,NJ,2024-06-30,0,1,1,1,1,1,0,0,0,0,0,1
1311,5.63442741137029,0.417766259606605,NJ,2024-07-01,0,0,1,1,1,1,0,0,0,0,0,1
1312,3.46058463791558,0.411573142861901,NJ,2024-07-02,0,1,1,1,1,1,0,0,0,0,1,1
1313,4.68167424193647,0.418269079871517,NJ,2024-07-03,0,0,1,0,1,1,0,0,0,0,1,0
1314,0.627755371393886,0.428154437552174,NJ,2024-07-04,1,1,1,1,0,1,0,1,1,1,0,1
1315,3.11455054424012,0.402542628712651,NJ,2024-07-05,0,1,1,1,1,1,0,0,0,1,0,1
1316,3.31965352784834,0.414686570900103,NJ,2024-07-06,0,1,1,0,0,1,0,0,0,1,1,1
1317,3.01369432649284,0.4116222742116565,NJ,2024-07-07,0,1,1,0,1,1,0,0,0,1,0,1
1318,13.959859598097,0.422157086205974,NJ,2024-07-08,0,1,0,0,0,1,0,0,0,0,0,1
1319,10.0499668941726,0.4388146543925985,NJ,2024-07-09,0,1,1,0,1,0,0,0,0,0,0,0
1320,5.58308195950371,0.412446063818641,NJ,2024-07-10,0,1,1,1,1,1,0,0,0,0,0,1
1321,9.31337464274545,0.428177907812529,NJ,2024-07-11,0,0,1,0,0,1,0,0,0,0,1,0
1322,10.6414330168368,0.439768523020011,NJ,2024-07-12,0,1,0,0,1,1,0,0,0,0,0,1
1323,2.54027737190105,0.4313473745801165,NJ,2024-07-13,0,1,1,1,1,0,0,0,0,0,0,0
1324,3.575950684981,0.4233126015651205,NJ,2024-07-14,1,1,0,1,0,1,0,0,0,0,0,1
1325,8.74782575269339,0.458028653391379,NJ,2024-07-15,0,0,1,0,1,1,0,1,0,0,0,1
1326,1.81094448639827,0.4238142089807125,NJ,2024-07-16,0,1,1,1,0,1,0,0,0,0,0,1
1327,3.31025091129001,0.414981773782151,NJ,2024-07-17,1,0,0,0,0,1,0,0,0,0,0,1
1328,7.2364644688063,0.43806043617678,NJ,2024-07-18,0,1,1,0,1,1,0,1,0,0,0,1
1329,5.89710061532216,0.4539271239447455,NJ,2024-07-19,0,1,1,0,1,1,0,0,0,0,0,1
1330,5.88226268253632,0.444661157518902,NJ,2024-07-20,0,1,0,0,1,1,0,0,1,0,1,1
1331,4.33384357740806,0.3787664132028935,NJ,2024-07-21,0,1,1,1,1,1,0,0,0,0,0,1
1332,6.53016074941716,0.453440598326817,NJ,2024-07-22,0,1,0,0,1,1,0,0,0,1,0,1
1333,14.1262373072537,0.495796607099693,NJ,2024-07-23,0,1,1,0,1,0,0,0,0,0,1,0
1334,13.7873037257224,0.433012436247964,NJ,2024-07-24,0,1,1,0,1,1,0,0,0,0,0,1
1335,16.3347785546172,0.4655440577704985,NJ,2024-07-25,0,0,1,0,0,0,0,0,0,0,0,0
1336,7.01154531788821,0.399547855144953,NJ,2024-07-26,0,1,1,0,1,1,0,0,0,0,0,1
1337,12.5045256941254,0.524607617254235,NJ,2024-07-27,0,1,1,0,1,1,0,0,0,0,0,1
1338,6.14604764761983,0.4410932813530775,NJ,2024-07-28,0,1,1,0,1,1,0,1,0,0,0,1
1339,13.5576850532736,0.4672751301554085,NJ,2024-07-29,0,0,1,0,1,1,0,0,0,0,0,1
1340,21.0469867563658,0.506120555625995,NJ,2024-07-30,0,0,1,0,1,1,0,0,0,0,0,1
1341,18.0700339581539,0.510303503174355,NJ,2024-07-31,0,1,1,0,0,1,0,0,0,0,0,1
1342,15.6061876325709,0.4838709437826555,NJ,2024-08-01,0,1,0,0,0,1,0,0,0,0,0,1
1343,16.9635887732589,0.529616404289145,NJ,2024-08-02,0,0,1,0,1,0,0,0,0,0,0,0
1344,6.70786743991701,0.4602688537767735,NJ,2024-08-03,0,0,1,0,1,0,0,0,1,0,0,0
1345,2.31183126144505,0.358324902399647,NM,2024-06-23,0,0,1,1,1,1,0,0,0,1,0,0
1346,NA,NA,NM,2024-06-24,NA,NA,NA,NA,NA,NA,NA,NA,NA,NA,NA,NA
1347,3.59772740142482,0.409756381613592,NM,2024-06-25,0,0,1,0,1,1,0,0,1,0,1,1
1348,1.24164389966248,0.401218494707371,NM,2024-06-26,1,1,1,1,0,1,0,0,0,0,0,1
1349,1.23944381976067,0.4082729567862505,NM,2024-06-27,1,1,0,1,1,1,0,1,0,1,0,1
1350,1.8287296259981,0.377891286783986,NM,2024-06-28,0,0,1,1,1,1,0,1,0,1,0,1
1351,0.965032917089659,0.4392326346636655,NM,2024-06-29,1,1,1,1,0,1,1,1,0,1,0,1
1352,1.50454979730302,0.4361920353042945,NM,2024-06-30,1,0,1,1,1,1,1,0,0,1,1,1
1353,1.80167644986824,0.3848383419772225,NM,2024-07-01,1,1,0,1,1,1,0,0,0,1,1,1
1354,2.21273364253334,0.477134671631429,NM,2024-07-02,0,0,0,1,0,0,0,0,1,0,1,0
1355,4.70306281671405,0.407762443658185,NM,2024-07-03,0,0,1,1,1,1,0,0,0,1,1,1
1356,1.0691972074315,0.346598477559796,NM,2024-07-04,0,1,1,1,1,1,0,0,0,1,1,1
1357,1.98856579297956,0.3938359321317525,NM,2024-07-05,0,0,1,1,1,1,0,0,1,1,1,1
1358,1.25334401180501,0.3754095157300015,NM,2024-07-06,1,1,0,1,1,1,1,0,0,0,0,1
1359,0.987806311753573,0.3982436108305175,NM,2024-07-07,1,1,1,1,0,1,0,1,0,1,0,1
1360,0.807107217802052,0.4149456755915585,NM,2024-07-08,1,1,1,1,1,1,0,0,1,1,1,1
1361,1.30077712243776,0.383258328877448,NM,2024-07-09,0,1,1,1,1,1,0,0,0,0,0,1
1362,0.818993450920288,0.447331932008443,NM,2024-07-10,1,1,1,1,0,1,1,1,0,0,1,1
1363,2.32113375387388,0.443658001938138,NM,2024-07-11,0,1,1,1,1,1,0,0,1,1,0,1
1364,2.96141781006433,0.422427034224125,NM,2024-07-12,0,0,1,1,1,1,0,0,0,1,0,1
1365,0.926069082207766,0.376112097334684,NM,2024-07-13,1,1,1,1,1,1,0,0,0,1,1,1
1366,2.5772575027869302,0.441752331475618,NM,2024-07-14,0,0,1,1,0,1,0,0,0,1,0,1
1367,2.60374289014933,0.4196789404587755,NM,2024-07-15,0,1,1,1,1,1,0,0,0,0,0,1
1368,0.766450848180995,0.381941148183419,NM,2024-07-16,1,1,1,1,1,1,1,0,0,1,1,1
1369,1.49753180714527,0.379631720938168,NM,2024-07-17,0,1,1,1,1,1,0,0,0,0,1,1
1370,0.682135836028296,0.3966109986199515,NM,2024-07-18,1,1,1,1,1,1,1,0,0,0,0,1
1371,0.453880260395661,0.3822105358812935,NM,2024-07-19,1,1,1,1,1,1,0,1,0,1,1,1
1372,0.528368506875209,0.3739032215964435,NM,2024-07-20,1,1,1,1,1,1,1,0,0,1,1,1
1373,2.685714872561,0.4160307301031105,NM,2024-07-21,0,1,1,1,1,1,0,1,0,0,0,1
1374,2.52080808736549,0.436528014331326,NM,2024-07-22,0,0,1,1,0,1,0,1,0,0,1,1
1375,2.48318632363809,0.4223365603228345,NM,2024-07-23,0,1,1,0,1,1,0,0,0,0,0,1
1376,1.81908865930814,0.428556435025961,NM,2024-07-24,0,1,1,1,1,0,0,0,1,0,0,0
1377,1.86916016715979,0.401456883891341,NM,2024-07-25,1,0,0,1,1,1,0,0,0,0,1,1
1378,1.61899821264613,0.4465086314850655,NM,2024-07-26,0,1,1,1,1,1,0,1,0,0,0,1
1379,1.39646868432411,0.427886152444335,NM,2024-07-27,0,1,1,1,1,0,0,0,0,0,1,0
1380,1.00628080818745,0.398016024177706,NM,2024-07-28,1,1,1,1,1,1,0,0,1,0,0,1
1381,8.73314049778292,0.478644550127316,NM,2024-07-29,0,0,0,1,1,1,0,1,1,0,0,1
1382,1.49449146215362,0.4023443602558375,NM,2024-07-30,1,1,0,1,1,1,0,1,0,1,0,1
1383,1.5775752680076,0.3747706005265065,NM,2024-07-31,0,1,1,1,1,1,0,1,0,0,0,1
1384,1.64781567398777,0.453937117853264,NM,2024-08-01,0,0,1,0,1,1,0,0,0,1,1,1
1385,4.00371020836276,0.4618814617988615,NM,2024-08-02,0,1,1,0,1,1,0,0,0,1,0,1
1386,3.03248242048542,0.51732169703362,NM,2024-08-03,0,0,1,0,1,1,0,0,1,0,0,1
1387,NA,NA,NV,2024-06-23,NA,NA,NA,NA,NA,NA,NA,NA,NA,NA,NA,NA
1388,NA,NA,NV,2024-06-24,NA,NA,NA,NA,NA,NA,NA,NA,NA,NA,NA,NA
1389,1.20773817634141,0.3428697247987535,NV,2024-06-25,1,0,1,1,1,1,0,0,1,1,1,1
1390,2.35746613877831,0.3294958004199215,NV,2024-06-26,1,0,0,1,1,1,0,0,0,1,1,1
1391,0.785540663356281,0.5717668933601,NV,2024-06-27,1,1,1,0,1,1,1,0,1,0,1,1
1392,NA,NA,NV,2024-06-28,NA,NA,NA,NA,NA,NA,NA,NA,NA,NA,NA,NA
1393,NA,NA,NV,2024-06-29,NA,NA,NA,NA,NA,NA,NA,NA,NA,NA,NA,NA
1394,1.24961389016856,0.4075024495205325,NV,2024-06-30,0,1,1,1,1,1,0,0,1,1,1,1
1395,0.83089244682162,0.352019162433893,NV,2024-07-01,1,1,1,1,1,1,0,0,0,1,0,1
1396,0.639665934491083,0.4531070825538515,NV,2024-07-02,0,1,1,1,1,1,1,1,1,1,1,1
1397,1.18472133338084,0.4668346570447955,NV,2024-07-03,1,1,0,1,1,1,0,0,0,0,1,1
1398,0.656387355233167,0.465691073980667,NV,2024-07-04,0,1,1,1,1,1,0,0,1,1,1,1
1399,0.935725473437208,0.389595930931532,NV,2024-07-05,1,1,1,1,1,1,0,1,0,1,1,1
1400,NA,NA,NV,2024-07-06,NA,NA,NA,NA,NA,NA,NA,NA,NA,NA,NA,NA
1401,NA,NA,NV,2024-07-07,NA,NA,NA,NA,NA,NA,NA,NA,NA,NA,NA,NA
1402,0.690963618474588,0.3899131562130835,NV,2024-07-08,1,1,1,0,1,1,1,1,0,0,1,1
1403,1.10343063010202,0.4544160961280845,NV,2024-07-09,1,1,0,1,1,1,0,1,0,1,0,1
1404,NA,NA,NV,2024-07-10,NA,NA,NA,NA,NA,NA,NA,NA,NA,NA,NA,NA
1405,NA,NA,NV,2024-07-11,NA,NA,NA,NA,NA,NA,NA,NA,NA,NA,NA,NA
1406,0.877600309387587,0.61794326912562,NV,2024-07-12,1,1,1,1,1,0,1,0,1,1,1,0
1407,NA,NA,NV,2024-07-13,NA,NA,NA,NA,NA,NA,NA,NA,NA,NA,NA,NA
1408,NA,NA,NV,2024-07-14,NA,NA,NA,NA,NA,NA,NA,NA,NA,NA,NA,NA
1409,1.161369279755,0.4113876576305795,NV,2024-07-15,1,1,1,1,0,1,1,1,0,0,0,1
1410,1.33813040967951,0.446817642517414,NV,2024-07-16,1,1,1,0,1,1,1,0,0,0,1,1
1411,0.344006048913391,0.2410049084980375,NV,2024-07-17,1,1,1,1,1,1,1,1,1,1,1,1
1412,0.754093582183273,0.389514920988671,NV,2024-07-18,0,1,1,1,1,1,0,1,0,0,0,1
1413,NA,NA,NV,2024-07-19,NA,NA,NA,NA,NA,NA,NA,NA,NA,NA,NA,NA
1414,NA,NA,NV,2024-07-20,NA,NA,NA,NA,NA,NA,NA,NA,NA,NA,NA,NA
1415,NA,NA,NV,2024-07-21,NA,NA,NA,NA,NA,NA,NA,NA,NA,NA,NA,NA
1416,0.796955756819198,0.554505344367735,NV,2024-07-22,0,1,1,1,1,1,0,0,1,1,1,1
1417,0.837385667474737,0.397550036667008,NV,2024-07-23,1,1,1,1,1,1,0,0,0,0,0,1
1418,2.45067841435068,0.4208750687408785,NV,2024-07-24,0,1,1,0,0,1,0,0,0,0,0,1
1419,2.40337131399403,0.4253380997151655,NV,2024-07-25,0,0,1,1,1,1,0,0,0,0,0,1
1420,1.46489128365035,0.4443032641252565,NV,2024-07-26,0,1,1,1,0,1,0,0,0,1,0,1
1421,0.963054272870408,0.4701500417625435,NV,2024-07-27,1,1,1,1,0,1,1,0,0,1,1,1
1422,0.989254338962351,0.473212300125446,NV,2024-07-28,1,1,1,1,0,1,1,0,0,1,0,1
1423,0.428878356641347,0.3119930173244105,NV,2024-07-29,1,1,1,1,1,1,1,0,1,0,1,1
1424,2.57094818840252,0.503967054835795,NV,2024-07-30,0,1,1,0,1,1,0,0,0,0,1,1
1425,1.35047136287914,0.4348675149312475,NV,2024-07-31,0,1,0,1,1,1,0,1,0,0,1,1
1426,1.72937059225318,0.4380807165877965,NV,2024-08-01,0,0,0,1,1,1,0,0,0,0,0,1
1427,1.29503303012449,0.3824604786730595,NV,2024-08-02,1,1,1,1,1,0,1,1,0,0,1,0
1428,1.55545989145677,0.4477763195332645,NV,2024-08-03,0,1,1,1,1,1,0,1,0,0,1,1
1429,2.36896078265899,0.3353295923370995,NY,2024-06-23,1,1,1,1,1,1,1,0,0,0,0,1
1430,4.18827922064142,0.335608368129755,NY,2024-06-24,1,1,1,1,1,1,0,0,0,0,0,1
1431,4.85713139070393,0.3521295199989555,NY,2024-06-25,1,1,1,0,1,1,0,0,0,0,0,1
1432,5.34438415234317,0.3415645719319735,NY,2024-06-26,1,1,0,1,1,1,0,0,0,0,0,0
1433,7.30512091352091,0.3274669967722675,NY,2024-06-27,0,1,1,1,0,1,0,0,0,1,0,0
1434,4.31296537151061,0.372771193280331,NY,2024-06-28,1,1,0,1,1,1,0,0,0,0,0,1
1435,2.63740715351428,0.369343315177386,NY,2024-06-29,1,1,1,0,0,1,0,0,0,0,0,1
1436,3.82624813974078,0.371114550341924,NY,2024-06-30,1,1,1,0,1,1,0,0,0,0,0,0
1437,6.81737588294345,0.3547728918530595,NY,2024-07-01,0,1,1,1,1,1,0,0,0,0,0,0
1438,6.83612437517458,0.359949390991215,NY,2024-07-02,1,0,1,1,1,1,0,0,1,0,0,0
1439,7.26651671358544,0.3432586657440055,NY,2024-07-03,0,0,0,0,1,1,0,0,0,0,0,1
1440,3.29777572654171,0.347744295552879,NY,2024-07-04,0,1,0,1,1,1,0,0,1,1,1,1
1441,6.14661899091572,0.373732602842596,NY,2024-07-05,0,1,1,1,1,1,0,0,0,0,0,0
1442,3.7899551159901,0.3792676480246635,NY,2024-07-06,1,0,1,1,0,1,0,0,0,0,0,1
1443,6.52144149978649,0.356852235546041,NY,2024-07-07,0,1,1,1,0,1,0,1,0,0,0,0
1444,11.2281201394324,0.3732049516303725,NY,2024-07-08,0,1,1,1,0,0,0,0,0,0,0,0
1445,10.7329159795117,0.369914876335407,NY,2024-07-09,0,1,0,1,1,0,0,0,0,0,0,0
1446,6.55101739139233,0.389953488600843,NY,2024-07-10,1,1,1,1,1,0,0,0,0,0,0,0
1447,4.87477107488134,0.3882601200642665,NY,2024-07-11,0,1,1,1,1,1,1,0,0,0,1,1
1448,3.10273484387327,0.3835530469122315,NY,2024-07-12,0,1,1,1,1,1,0,0,0,1,0,1
1449,5.45425491438004,0.3859419480899015,NY,2024-07-13,0,0,1,1,1,1,0,0,0,0,1,1
1450,4.61790606858079,0.388454064133568,NY,2024-07-14,0,1,1,0,1,1,0,0,0,0,0,0
1451,7.3913891665047,0.3922284804634215,NY,2024-07-15,0,1,1,1,1,1,0,0,1,0,0,1
1452,6.99593422154755,0.412318923054775,NY,2024-07-16,0,1,1,0,0,0,0,0,0,0,0,0
1453,11.527975043444,0.386799579056636,NY,2024-07-17,0,1,1,0,1,1,0,0,0,0,0,0
1454,17.968089891077,0.3919730131902285,NY,2024-07-18,0,0,1,1,1,0,0,0,0,0,0,0
1455,2.8771711401551,0.4056388048941805,NY,2024-07-19,1,1,1,1,0,1,0,0,0,0,0,1
1456,11.7684652988547,0.403267554567599,NY,2024-07-20,0,1,0,0,1,1,0,0,0,0,1,1
1457,6.38213337334503,0.398784062255584,NY,2024-07-21,0,1,1,1,1,0,0,0,0,0,0,0
1458,11.3033525709845,0.404047327644289,NY,2024-07-22,0,1,0,0,1,1,0,1,0,0,0,0
1459,26.9639352709505,0.42573587810912,NY,2024-07-23,0,0,0,0,1,0,0,0,0,0,1,0
1460,20.5233072162784,0.412440228378416,NY,2024-07-24,0,1,1,0,1,0,0,0,0,0,0,0
1461,10.3621640941202,0.391956404327175,NY,2024-07-25,0,1,0,1,1,0,0,0,0,0,0,0
1462,21.7429540698467,0.4420121750542555,NY,2024-07-26,0,1,1,0,1,1,0,0,0,0,0,1
1463,9.13375215748834,0.411475335261049,NY,2024-07-27,0,1,0,0,1,1,0,0,0,0,0,0
1464,12.4486089556437,0.428986792624478,NY,2024-07-28,0,1,0,0,1,1,0,0,0,0,0,1
1465,22.2834544370494,0.4592471564633,NY,2024-07-29,0,0,0,0,1,0,0,0,0,1,0,0
1466,15.7773394058043,0.4349271726872295,NY,2024-07-30,0,1,1,0,1,0,0,0,0,0,0,1
1467,25.798230252768,0.440890949989689,NY,2024-07-31,0,1,1,0,0,0,0,0,0,0,0,0
1468,29.1794334804623,0.4714520312863085,NY,2024-08-01,0,1,0,0,0,0,0,0,0,0,0,0
1469,19.2216881194732,0.469388566957973,NY,2024-08-02,0,0,1,0,1,0,0,0,0,0,0,0
1470,8.27203746245257,0.44562799862138053,NY,2024-08-03,0,0,1,0,1,1,0,0,0,0,0,1
1471,NA,NA,OH,2024-06-23,NA,NA,NA,NA,NA,NA,NA,NA,NA,NA,NA,NA
1472,NA,NA,OH,2024-06-24,NA,NA,NA,NA,NA,NA,NA,NA,NA,NA,NA,NA
1473,NA,NA,OH,2024-06-25,NA,NA,NA,NA,NA,NA,NA,NA,NA,NA,NA,NA
1474,0.747749935360523,0.50626233149294,OH,2024-06-26,1,1,1,1,0,1,0,1,1,1,0,1
1475,1.49007592971929,0.361867989840193,OH,2024-06-27,1,1,0,1,1,1,0,0,1,1,0,1
1476,NA,NA,OH,2024-06-28,NA,NA,NA,NA,NA,NA,NA,NA,NA,NA,NA,NA
1477,NA,NA,OH,2024-06-29,NA,NA,NA,NA,NA,NA,NA,NA,NA,NA,NA,NA
1478,NA,NA,OH,2024-06-30,NA,NA,NA,NA,NA,NA,NA,NA,NA,NA,NA,NA
1479,1.13180082421153,0.3798428224785665,OH,2024-07-01,0,1,1,1,1,1,0,0,0,1,0,1
1480,0.65509901349603,0.3825007045706805,OH,2024-07-02,1,1,1,1,1,1,1,0,1,1,0,1
1481,NA,NA,OH,2024-07-03,NA,NA,NA,NA,NA,NA,NA,NA,NA,NA,NA,NA
1482,0.749264402596519,0.4892123782287705,OH,2024-07-04,1,1,1,0,1,1,1,0,1,0,1,1
1483,NA,NA,OH,2024-07-05,NA,NA,NA,NA,NA,NA,NA,NA,NA,NA,NA,NA
1484,NA,NA,OH,2024-07-06,NA,NA,NA,NA,NA,NA,NA,NA,NA,NA,NA,NA
1485,NA,NA,OH,2024-07-07,NA,NA,NA,NA,NA,NA,NA,NA,NA,NA,NA,NA
1486,1.97328184043947,0.4032484563925695,OH,2024-07-08,0,1,1,1,1,1,0,0,1,1,0,1
1487,0.381782889335476,0.3073373784913505,OH,2024-07-09,1,1,1,1,1,1,1,1,1,1,1,1
1488,0.603148776601963,0.4021015577121265,OH,2024-07-10,1,1,0,1,1,1,1,1,0,1,0,1
1489,0.621329524310396,0.4005999845922505,OH,2024-07-11,1,1,0,1,1,1,1,1,1,1,1,1
1490,NA,NA,OH,2024-07-12,NA,NA,NA,NA,NA,NA,NA,NA,NA,NA,NA,NA
1491,NA,NA,OH,2024-07-13,NA,NA,NA,NA,NA,NA,NA,NA,NA,NA,NA,NA
1492,0.607641860381467,0.3979136023553975,OH,2024-07-14,1,1,0,1,1,1,1,0,0,1,1,1
1493,0.973688934521359,0.438507369186617,OH,2024-07-15,1,1,1,1,1,1,0,1,0,0,0,1
1494,0.813075845471547,0.3870318103665435,OH,2024-07-16,1,1,1,1,1,1,1,1,0,0,0,1
1495,0.85798519110121,0.4145329544968845,OH,2024-07-17,1,1,1,1,1,1,0,1,0,0,0,1
1496,NA,NA,OH,2024-07-18,NA,NA,NA,NA,NA,NA,NA,NA,NA,NA,NA,NA
1497,NA,NA,OH,2024-07-19,NA,NA,NA,NA,NA,NA,NA,NA,NA,NA,NA,NA
1498,NA,NA,OH,2024-07-20,NA,NA,NA,NA,NA,NA,NA,NA,NA,NA,NA,NA
1499,NA,NA,OH,2024-07-21,NA,NA,NA,NA,NA,NA,NA,NA,NA,NA,NA,NA
1500,0.886265951655027,0.440811624240097,OH,2024-07-22,1,1,1,1,0,1,1,1,1,0,0,1
1501,0.40232692934763,0.3750720957541225,OH,2024-07-23,1,1,1,1,1,1,1,0,1,1,0,1
1502,0.66879350133185,0.4804181866381445,OH,2024-07-24,1,1,1,1,0,1,1,1,0,1,0,1
1503,0.697355255424924,0.51929056241763,OH,2024-07-25,0,1,1,1,1,1,0,1,1,1,0,1
1504,NA,NA,OH,2024-07-26,NA,NA,NA,NA,NA,NA,NA,NA,NA,NA,NA,NA
1505,NA,NA,OH,2024-07-27,NA,NA,NA,NA,NA,NA,NA,NA,NA,NA,NA,NA
1506,0.477541608968455,0.415098156296007,OH,2024-07-28,1,1,1,1,1,1,0,0,1,1,1,1
1507,1.41218991731937,0.3545887608176255,OH,2024-07-29,1,1,1,1,1,1,0,0,0,0,0,1
1508,0.67144353953746,0.504424938192825,OH,2024-07-30,1,1,1,1,0,1,1,1,1,0,0,1
1509,1.27402658645451,0.418287568395659,OH,2024-07-31,1,1,0,1,1,1,0,0,0,1,1,1
1510,1.26879654082842,0.4221083834555535,OH,2024-08-01,1,1,1,1,0,1,1,1,0,1,0,1
1511,1.57011937744001,0.54109074921908,OH,2024-08-02,0,1,1,1,0,1,0,1,1,0,0,1
1512,0.753548331748192,0.386504865040065,OH,2024-08-03,0,1,1,1,1,1,0,1,1,0,1,1
1513,NA,NA,OK,2024-06-23,NA,NA,NA,NA,NA,NA,NA,NA,NA,NA,NA,NA
1514,0.507063170065287,0.350262507223809,OK,2024-06-24,1,1,1,1,1,1,1,0,0,1,1,1
1515,0.413360878100188,0.321744193031035,OK,2024-06-25,1,1,1,1,1,1,1,0,1,1,0,1
1516,0.930644292429241,0.3225727273408925,OK,2024-06-26,1,0,1,1,1,1,1,0,1,0,1,1
1517,0.62546088049617,0.3985951152489795,OK,2024-06-27,0,1,1,1,1,1,0,0,1,1,1,1
1518,NA,NA,OK,2024-06-28,NA,NA,NA,NA,NA,NA,NA,NA,NA,NA,NA,NA
1519,NA,NA,OK,2024-06-29,NA,NA,NA,NA,NA,NA,NA,NA,NA,NA,NA,NA
1520,NA,NA,OK,2024-06-30,NA,NA,NA,NA,NA,NA,NA,NA,NA,NA,NA,NA
1521,0.41327872643414,0.328800211327701,OK,2024-07-01,1,1,1,1,1,1,1,0,1,1,0,1
1522,0.616493952326391,0.370761299590707,OK,2024-07-02,1,1,1,1,1,1,0,0,1,1,1,1
1523,NA,NA,OK,2024-07-03,NA,NA,NA,NA,NA,NA,NA,NA,NA,NA,NA,NA
1524,0.417883066376691,0.3341360630683505,OK,2024-07-04,1,1,1,1,1,1,1,1,1,1,1,1
1525,NA,NA,OK,2024-07-05,NA,NA,NA,NA,NA,NA,NA,NA,NA,NA,NA,NA
1526,NA,NA,OK,2024-07-06,NA,NA,NA,NA,NA,NA,NA,NA,NA,NA,NA,NA
1527,0.467628193313516,0.3441713963675725,OK,2024-07-07,1,1,1,1,1,1,1,0,0,0,1,1
1528,0.959539985438739,0.4714342752990335,OK,2024-07-08,1,1,1,1,1,0,1,0,0,1,1,0
1529,NA,NA,OK,2024-07-09,NA,NA,NA,NA,NA,NA,NA,NA,NA,NA,NA,NA
1530,1.01449444305062,0.3441804740565955,OK,2024-07-10,1,1,0,1,1,1,1,0,0,1,0,1
1531,NA,NA,OK,2024-07-11,NA,NA,NA,NA,NA,NA,NA,NA,NA,NA,NA,NA
1532,NA,NA,OK,2024-07-12,NA,NA,NA,NA,NA,NA,NA,NA,NA,NA,NA,NA
1533,NA,NA,OK,2024-07-13,NA,NA,NA,NA,NA,NA,NA,NA,NA,NA,NA,NA
1534,NA,NA,OK,2024-07-14,NA,NA,NA,NA,NA,NA,NA,NA,NA,NA,NA,NA
1535,0.477019071192137,0.363756380553715,OK,2024-07-15,1,1,1,1,1,1,1,1,1,1,1,1
1536,NA,NA,OK,2024-07-16,NA,NA,NA,NA,NA,NA,NA,NA,NA,NA,NA,NA
1537,0.578561578085439,0.357013566212361,OK,2024-07-17,1,1,1,1,1,1,1,0,0,0,1,1
1538,NA,NA,OK,2024-07-18,NA,NA,NA,NA,NA,NA,NA,NA,NA,NA,NA,NA
1539,0.851721686760981,0.4229043827852485,OK,2024-07-19,0,1,1,1,1,1,0,0,0,1,1,1
1540,NA,NA,OK,2024-07-20,NA,NA,NA,NA,NA,NA,NA,NA,NA,NA,NA,NA
1541,NA,NA,OK,2024-07-21,NA,NA,NA,NA,NA,NA,NA,NA,NA,NA,NA,NA
1542,1.0265032545529,0.349593774720389,OK,2024-07-22,1,1,0,1,1,1,1,0,0,1,0,1
1543,0.450663207377847,0.3517351593269955,OK,2024-07-23,1,1,1,1,1,1,1,0,0,1,1,1
1544,NA,NA,OK,2024-07-24,NA,NA,NA,NA,NA,NA,NA,NA,NA,NA,NA,NA
1545,NA,NA,OK,2024-07-25,NA,NA,NA,NA,NA,NA,NA,NA,NA,NA,NA,NA
1546,0.579816628643537,0.411527553844828,OK,2024-07-26,1,0,1,1,1,1,1,0,1,1,0,1
1547,NA,NA,OK,2024-07-27,NA,NA,NA,NA,NA,NA,NA,NA,NA,NA,NA,NA
1548,0.480518401178475,0.3670743827208075,OK,2024-07-28,1,1,1,1,1,1,1,1,0,0,1,1
1549,0.60896233977821,0.4284690052338055,OK,2024-07-29,1,0,1,1,1,1,1,0,1,0,1,1
1550,NA,NA,OK,2024-07-30,NA,NA,NA,NA,NA,NA,NA,NA,NA,NA,NA,NA
1551,0.848155693257801,0.407159353600309,OK,2024-07-31,0,1,1,1,1,1,0,0,0,1,1,1
1552,NA,NA,OK,2024-08-01,NA,NA,NA,NA,NA,NA,NA,NA,NA,NA,NA,NA
1553,NA,NA,OK,2024-08-02,NA,NA,NA,NA,NA,NA,NA,NA,NA,NA,NA,NA
1554,NA,NA,OK,2024-08-03,NA,NA,NA,NA,NA,NA,NA,NA,NA,NA,NA,NA
1555,NA,NA,OR,2024-06-23,NA,NA,NA,NA,NA,NA,NA,NA,NA,NA,NA,NA
1556,NA,NA,OR,2024-06-24,NA,NA,NA,NA,NA,NA,NA,NA,NA,NA,NA,NA
1557,0.312002650519971,0.234614191091753,OR,2024-06-25,1,1,1,1,1,1,0,1,0,1,1,1
1558,0.317474638784246,0.230083618688291,OR,2024-06-26,1,1,1,1,1,1,1,1,1,1,1,1
1559,0.587455756967069,0.357098168383154,OR,2024-06-27,1,1,1,1,1,1,1,0,0,1,1,1
1560,0.495448482637344,0.3137730908358335,OR,2024-06-28,1,1,1,1,1,1,0,1,0,1,1,1
1561,NA,NA,OR,2024-06-29,NA,NA,NA,NA,NA,NA,NA,NA,NA,NA,NA,NA
1562,NA,NA,OR,2024-06-30,NA,NA,NA,NA,NA,NA,NA,NA,NA,NA,NA,NA
1563,0.891796194340673,0.4631112232343055,OR,2024-07-01,1,1,1,1,1,1,0,1,0,1,1,1
1564,0.283647739290317,0.2093302200604235,OR,2024-07-02,1,1,1,1,1,1,1,1,1,1,1,1
1565,0.687483630053344,0.3845209734465485,OR,2024-07-03,1,1,1,1,1,1,0,0,1,1,1,1
1566,0.718275575126747,0.512089156563965,OR,2024-07-04,1,1,1,1,0,1,1,0,1,1,0,1
1567,0.809610048278472,0.3989340468698075,OR,2024-07-05,1,1,1,1,1,1,0,1,0,1,1,1
1568,NA,NA,OR,2024-07-06,NA,NA,NA,NA,NA,NA,NA,NA,NA,NA,NA,NA
1569,0.591228876701775,0.3557422094160685,OR,2024-07-07,1,1,1,1,1,1,1,0,0,1,1,1
1570,1.37381828917968,0.4449146780331615,OR,2024-07-08,1,1,1,1,0,1,0,1,0,0,0,1
1571,1.01341690333869,0.4871915745191985,OR,2024-07-09,1,0,1,0,1,1,1,0,0,0,1,1
1572,2.10181126037589,0.4486852063628185,OR,2024-07-10,1,1,1,1,0,1,0,1,0,1,0,1
1573,0.62896145180886,0.3524019460373725,OR,2024-07-11,0,1,1,1,1,1,0,1,0,1,1,1
1574,3.01613727574034,0.53501029916491,OR,2024-07-12,0,0,0,1,1,0,0,0,0,0,1,0
1575,1.31219001430714,0.52133530196678,OR,2024-07-13,1,1,0,1,1,1,0,1,1,0,0,0
1576,1.05613488205983,0.352634043589738,OR,2024-07-14,1,1,1,0,1,1,0,0,1,1,1,1
1577,1.48869432420447,0.52142684327246,OR,2024-07-15,1,1,1,1,0,1,1,0,1,0,0,1
1578,1.47383077454018,0.3478352872870545,OR,2024-07-16,1,0,1,1,1,1,1,0,1,1,0,1
1579,1.27030389949805,0.420453239535604,OR,2024-07-17,1,1,1,1,0,1,0,0,0,1,0,1
1580,0.486167422059235,0.2961433890313985,OR,2024-07-18,1,1,1,1,1,1,0,1,0,1,1,1
1581,1.0824667341647,0.468018691288639,OR,2024-07-19,1,1,1,1,1,0,1,0,0,0,1,0
1582,0.289701025858703,0.2224096177415305,OR,2024-07-20,1,1,1,1,1,1,1,1,0,0,1,1
1583,1.25983145080892,0.4897092932786545,OR,2024-07-21,0,1,0,1,1,1,0,1,0,0,1,1
1584,1.42674766264378,0.555894914818225,OR,2024-07-22,0,1,0,1,1,1,1,1,1,1,1,1
1585,0.752182277896377,0.406455328378055,OR,2024-07-23,0,1,1,1,1,1,0,1,0,1,1,1
1586,2.75839740825115,0.566270535798105,OR,2024-07-24,1,0,0,1,1,1,1,0,0,0,0,1
1587,1.50035450456368,0.3985303553075715,OR,2024-07-25,1,1,1,1,1,0,0,0,0,0,0,0
1588,1.14583305141626,0.563467717043295,OR,2024-07-26,1,0,1,1,0,1,1,0,0,1,0,1
1589,NA,NA,OR,2024-07-27,NA,NA,NA,NA,NA,NA,NA,NA,NA,NA,NA,NA
1590,0.896729134590839,0.431272498857065,OR,2024-07-28,1,0,1,1,1,1,1,0,0,1,1,1
1591,1.73696920757581,0.51378194846909,OR,2024-07-29,0,1,1,1,1,1,0,1,0,0,0,1
1592,1.37897171707022,0.469203361932265,OR,2024-07-30,0,1,1,0,1,1,0,0,0,0,0,1
1593,1.52129200208999,0.38485879072839,OR,2024-07-31,0,1,1,1,0,1,0,1,0,0,0,1
1594,2.62831110957101,0.479496088629434,OR,2024-08-01,0,1,1,0,1,1,0,1,0,0,0,1
1595,1.36706252678489,0.311079879431485,OR,2024-08-02,1,1,0,1,1,1,1,0,0,1,1,1
1596,1.29233486555824,0.4653999335121025,OR,2024-08-03,0,1,1,0,1,1,0,1,0,1,0,1
1597,0.544027154346865,0.3651505992473275,PA,2024-06-23,1,1,0,1,1,1,1,0,0,1,1,1
1598,1.43285965773171,0.381152809075899,PA,2024-06-24,0,1,1,1,1,0,0,0,0,0,1,0
1599,1.0617514630132,0.384569536476306,PA,2024-06-25,1,1,1,1,1,1,0,0,0,1,0,1
1600,1.06895863868252,0.3712413722163625,PA,2024-06-26,1,1,1,1,1,1,0,0,0,1,1,1
1601,1.03565951630306,0.359152057954775,PA,2024-06-27,1,1,1,1,1,1,0,0,0,0,1,1
1602,1.07790721493324,0.3338997996419425,PA,2024-06-28,1,1,1,1,1,1,1,0,0,1,1,1
1603,0.552176279226426,0.361664728852969,PA,2024-06-29,1,1,1,1,1,1,1,0,0,0,0,1
1604,0.8244842368502,0.41005615658100403,PA,2024-06-30,1,1,1,1,1,1,0,1,1,1,0,1
1605,1.55239207620364,0.427251801822549,PA,2024-07-01,1,1,1,1,1,0,0,0,0,0,0,0
1606,1.64563867244604,0.3799293788071475,PA,2024-07-02,0,0,1,1,1,1,0,0,1,1,1,1
1607,0.793935474484371,0.40340942087024,PA,2024-07-03,1,1,1,1,1,1,1,0,0,1,1,1
1608,1.14096233135995,0.3888975864835495,PA,2024-07-04,1,1,1,1,1,1,0,1,0,0,1,1
1609,1.56514445132546,0.4152133186638615,PA,2024-07-05,0,1,1,1,1,0,0,0,0,1,1,0
1610,0.711391116717486,0.3875952117155765,PA,2024-07-06,1,1,1,1,1,1,1,0,0,1,0,1
1611,0.630669692524528,0.3790962371925695,PA,2024-07-07,1,1,1,1,1,1,0,1,0,1,0,1
1612,5.29544825298208,0.3843602862205255,PA,2024-07-08,0,1,1,0,1,1,0,1,0,0,0,1
1613,1.00219425903902,0.391858463642002,PA,2024-07-09,1,1,1,1,1,1,0,0,0,0,1,1
1614,1.86574580614585,0.411678822125624,PA,2024-07-10,1,0,1,1,1,1,0,0,0,0,0,1
1615,1.15605944001771,0.387403579605682,PA,2024-07-11,1,1,1,0,1,1,0,1,0,0,0,1
1616,1.32451291691405,0.359064355321614,PA,2024-07-12,1,1,1,1,1,1,0,0,0,0,1,1
1617,NA,NA,PA,2024-07-13,NA,NA,NA,NA,NA,NA,NA,NA,NA,NA,NA,NA
1618,NA,NA,PA,2024-07-14,NA,NA,NA,NA,NA,NA,NA,NA,NA,NA,NA,NA
1619,1.57263697689845,0.383812602983893,PA,2024-07-15,1,1,1,1,0,1,1,1,0,1,0,1
1620,1.00686745132189,0.3581407710040945,PA,2024-07-16,1,1,0,1,1,1,1,1,0,0,0,1
1621,2.12297274743478,0.478836479731985,PA,2024-07-17,0,1,1,1,1,1,0,1,1,0,1,1
1622,3.38646940183811,0.4443370433836625,PA,2024-07-18,0,0,0,0,1,1,0,1,0,1,0,1
1623,2.72677178746329,0.4433251499516465,PA,2024-07-19,0,1,0,1,1,1,0,0,0,0,0,1
1624,NA,NA,PA,2024-07-20,NA,NA,NA,NA,NA,NA,NA,NA,NA,NA,NA,NA
1625,1.13312141582343,0.491886152056907,PA,2024-07-21,1,1,1,1,1,1,1,0,1,0,0,1
1626,3.59028972878866,0.430354912172527,PA,2024-07-22,0,1,0,1,1,1,0,0,0,0,0,1
1627,3.41367792569858,0.42479854109354,PA,2024-07-23,0,1,1,1,1,1,0,0,0,0,0,1
1628,4.94001750256748,0.409816470776379,PA,2024-07-24,0,0,0,1,0,1,0,0,0,0,0,0
1629,3.40934456030854,0.454816479388529,PA,2024-07-25,0,1,0,1,1,0,0,0,0,0,0,0
1630,3.64135037096358,0.4251010051984765,PA,2024-07-26,0,1,1,1,1,1,0,1,0,0,0,1
1631,1.42692250748785,0.410280069967711,PA,2024-07-27,1,1,1,1,1,1,0,0,1,0,0,1
1632,2.8934541314118,0.473108033015523,PA,2024-07-28,0,1,1,0,1,1,0,1,0,1,0,1
1633,10.6011820058995,0.4679836746458005,PA,2024-07-29,0,0,0,0,1,1,0,0,0,0,0,1
1634,2.93339952678718,0.421188342012203,PA,2024-07-30,0,1,1,0,1,1,0,0,0,0,0,1
1635,3.24563546575328,0.445307834139654,PA,2024-07-31,0,0,0,1,1,1,0,0,0,0,1,1
1636,5.84430644275716,0.490510066897,PA,2024-08-01,0,1,0,0,1,1,0,0,0,0,0,1
1637,4.79814470445817,0.492450116822338,PA,2024-08-02,0,1,1,0,1,1,0,0,0,1,0,1
1638,2.22125785343498,0.392158816122044,PA,2024-08-03,0,1,0,1,1,1,1,1,1,1,1,1
1639,0.277408441140233,0.208816055014193,PR,2024-06-23,1,1,1,1,1,1,1,1,1,1,1,1
1640,4.80604427690202,0.3842102977292765,PR,2024-06-24,1,0,0,1,0,1,1,1,0,0,0,1
1641,17.2261392259798,0.380442301002216,PR,2024-06-25,0,0,1,1,0,1,0,0,0,0,0,1
1642,3.46853649590403,0.379977953939863,PR,2024-06-26,0,0,1,1,1,1,0,0,0,0,1,1
1643,3.40072473929418,0.4047931624396505,PR,2024-06-27,0,0,1,1,1,1,1,0,1,1,0,1
1644,1.70930399117355,0.51600054655126,PR,2024-06-28,1,0,0,1,0,1,1,0,0,1,0,1
1645,1.60119279943196,0.385279584991211,PR,2024-06-29,0,0,1,1,1,1,0,0,1,1,1,1
1646,NA,NA,PR,2024-06-30,NA,NA,NA,NA,NA,NA,NA,NA,NA,NA,NA,NA
1647,3.37853470008048,0.430861763575533,PR,2024-07-01,1,0,0,1,0,1,0,0,0,1,0,1
1648,2.39762181190119,0.300225229586359,PR,2024-07-02,1,1,1,1,1,1,1,0,0,1,0,0
1649,4.53785698847462,0.441159011299566,PR,2024-07-03,0,0,0,1,1,1,0,0,0,0,1,1
1650,NA,NA,PR,2024-07-04,NA,NA,NA,NA,NA,NA,NA,NA,NA,NA,NA,NA
1651,4.7383016020531,0.411055445491926,PR,2024-07-05,0,0,1,1,1,1,0,0,0,0,1,1
1652,2.8071457768403,0.4241739251017475,PR,2024-07-06,0,0,1,1,1,1,0,0,0,0,1,1
1653,NA,NA,PR,2024-07-07,NA,NA,NA,NA,NA,NA,NA,NA,NA,NA,NA,NA
1654,1.91731943330869,0.4231968692379735,PR,2024-07-08,0,0,1,1,1,1,0,0,1,1,0,1
1655,2.99078264365477,0.3754662503055105,PR,2024-07-09,0,1,0,1,0,1,0,1,1,0,0,1
1656,1.48421426351315,0.4283072358679545,PR,2024-07-10,0,0,1,1,1,1,0,1,0,1,1,1
1657,0.968987028381889,0.190839844909425,PR,2024-07-11,1,0,1,1,1,1,1,0,0,0,1,1
1658,NA,NA,PR,2024-07-12,NA,NA,NA,NA,NA,NA,NA,NA,NA,NA,NA,NA
1659,NA,NA,PR,2024-07-13,NA,NA,NA,NA,NA,NA,NA,NA,NA,NA,NA,NA
1660,NA,NA,PR,2024-07-14,NA,NA,NA,NA,NA,NA,NA,NA,NA,NA,NA,NA
1661,0.227341589935327,0.1984555070141135,PR,2024-07-15,1,1,1,1,1,1,1,0,0,1,1,1
1662,NA,NA,PR,2024-07-16,NA,NA,NA,NA,NA,NA,NA,NA,NA,NA,NA,NA
1663,NA,NA,PR,2024-07-17,NA,NA,NA,NA,NA,NA,NA,NA,NA,NA,NA,NA
1664,NA,NA,PR,2024-07-18,NA,NA,NA,NA,NA,NA,NA,NA,NA,NA,NA,NA
1665,NA,NA,PR,2024-07-19,NA,NA,NA,NA,NA,NA,NA,NA,NA,NA,NA,NA
1666,NA,NA,PR,2024-07-20,NA,NA,NA,NA,NA,NA,NA,NA,NA,NA,NA,NA
1667,NA,NA,PR,2024-07-21,NA,NA,NA,NA,NA,NA,NA,NA,NA,NA,NA,NA
1668,0.267381850823139,0.2226268660191865,PR,2024-07-22,1,1,1,1,1,1,1,1,1,1,1,1
1669,0.809379552157264,0.554093782805645,PR,2024-07-23,0,1,1,1,1,1,0,0,1,1,1,1
1670,NA,NA,PR,2024-07-24,NA,NA,NA,NA,NA,NA,NA,NA,NA,NA,NA,NA
1671,NA,NA,PR,2024-07-25,NA,NA,NA,NA,NA,NA,NA,NA,NA,NA,NA,NA
1672,NA,NA,PR,2024-07-26,NA,NA,NA,NA,NA,NA,NA,NA,NA,NA,NA,NA
1673,NA,NA,PR,2024-07-27,NA,NA,NA,NA,NA,NA,NA,NA,NA,NA,NA,NA
1674,NA,NA,PR,2024-07-28,NA,NA,NA,NA,NA,NA,NA,NA,NA,NA,NA,NA
1675,1.00902845783767,0.461362684515125,PR,2024-07-29,0,1,1,1,1,1,0,0,1,1,1,1
1676,NA,NA,PR,2024-07-30,NA,NA,NA,NA,NA,NA,NA,NA,NA,NA,NA,NA
1677,0.317705919198897,0.2756007285899425,PR,2024-07-31,1,1,1,1,1,1,1,0,1,0,1,1
1678,0.581600644808447,0.312438265113538,PR,2024-08-01,1,1,1,0,1,1,1,1,0,0,1,1
1679,NA,NA,PR,2024-08-02,NA,NA,NA,NA,NA,NA,NA,NA,NA,NA,NA,NA
1680,1.320885629658,0.61945096883801,PR,2024-08-03,0,1,1,1,1,0,0,0,1,1,1,0
1681,1.02506453135699,0.3211283984498725,RI,2024-06-23,0,1,1,1,1,1,0,0,1,1,0,1
1682,0.533624199399832,0.3641312027007495,RI,2024-06-24,1,0,1,1,1,1,1,1,1,1,1,1
1683,1.42679787378264,0.3966434035127015,RI,2024-06-25,1,0,1,1,1,1,0,0,0,1,0,1
1684,1.88959381906331,0.3588512727494745,RI,2024-06-26,0,1,0,1,1,1,1,0,0,0,0,1
1685,0.930073000533038,0.4326198104276515,RI,2024-06-27,1,1,1,0,1,1,1,1,0,0,0,1
1686,0.695824137370946,0.384323758564251,RI,2024-06-28,1,1,1,1,1,1,1,0,0,1,1,1
1687,1.25346390283512,0.3654737807305035,RI,2024-06-29,1,1,1,1,1,1,0,0,0,1,1,1
1688,NA,NA,RI,2024-06-30,NA,NA,NA,NA,NA,NA,NA,NA,NA,NA,NA,NA
1689,0.720003390685042,0.52017598617541,RI,2024-07-01,1,1,1,0,1,1,1,0,1,0,1,1
1690,1.67538791344509,0.3723182285493065,RI,2024-07-02,1,0,1,1,1,1,0,1,0,1,1,1
1691,0.524949498314241,0.3680246575314745,RI,2024-07-03,1,0,1,1,1,1,0,0,1,1,1,1
1692,1.05170015527235,0.3903804053497425,RI,2024-07-04,0,1,1,1,1,1,0,1,1,0,1,1
1693,1.34964791124165,0.3766461269660875,RI,2024-07-05,1,0,1,1,0,1,1,0,0,0,0,1
1694,0.715906710724039,0.385837721731629,RI,2024-07-06,1,1,1,1,1,1,1,0,0,0,1,1
1695,0.754131719778524,0.3923921346941785,RI,2024-07-07,1,1,1,1,1,1,0,0,0,0,0,1
1696,1.36517275740257,0.3986848272259215,RI,2024-07-08,0,1,1,1,1,1,0,0,0,1,1,1
1697,1.12116682466511,0.402904247098775,RI,2024-07-09,0,1,1,1,1,1,0,1,1,0,1,1
1698,1.06127084609626,0.38729491910992,RI,2024-07-10,1,1,0,1,1,1,1,1,0,0,0,1
1699,1.08581683241241,0.4037357647625695,RI,2024-07-11,0,1,1,1,1,1,0,0,0,0,1,1
1700,1.02807490323612,0.3623227782663945,RI,2024-07-12,1,1,0,1,1,1,1,0,0,1,0,1
1701,2.02866999071042,0.4403328325119225,RI,2024-07-13,0,1,1,1,1,1,0,1,1,0,0,1
1702,1.25197775457475,0.395440273144448,RI,2024-07-14,1,0,1,1,1,1,1,0,1,0,0,1
1703,1.27552577554714,0.4298591364532945,RI,2024-07-15,1,1,1,0,1,1,0,0,0,1,0,1
1704,1.27433250928961,0.383807379024186,RI,2024-07-16,1,1,1,1,0,1,1,0,0,0,0,1
1705,2.20718158687405,0.401179452133716,RI,2024-07-17,0,1,1,0,1,1,1,0,0,0,0,1
1706,2.75691532525213,0.464197421100727,RI,2024-07-18,0,0,0,1,0,0,0,0,0,0,0,0
1707,0.697633869927709,0.3881411832311745,RI,2024-07-19,1,1,1,1,1,1,0,0,0,1,1,1
1708,1.47930437321853,0.4232696096035225,RI,2024-07-20,0,1,1,1,1,1,0,0,0,0,0,1
1709,1.09736797994392,0.386265990367429,RI,2024-07-21,1,1,1,1,1,1,1,0,1,0,1,1
1710,1.44873233097609,0.3962243310545715,RI,2024-07-22,1,1,1,1,1,1,0,0,0,0,1,1
1711,2.28824168474017,0.423290079477227,RI,2024-07-23,0,1,1,1,0,1,0,0,0,0,1,1
1712,1.41265161424834,0.4374313941078685,RI,2024-07-24,1,0,1,1,1,1,0,0,0,0,1,1
1713,0.88262622511845,0.370845717624924,RI,2024-07-25,1,1,1,1,1,1,0,0,0,0,1,1
1714,1.38595274362092,0.533688306148215,RI,2024-07-26,0,1,1,1,1,0,0,1,1,0,1,0
1715,1.22735009899569,0.4013448266325855,RI,2024-07-27,1,0,1,1,1,1,0,0,0,0,0,1
1716,NA,NA,RI,2024-07-28,NA,NA,NA,NA,NA,NA,NA,NA,NA,NA,NA,NA
1717,2.20091021224584,0.381575797104204,RI,2024-07-29,0,1,1,0,1,1,0,1,1,1,0,1
1718,1.03471836637303,0.450380241570697,RI,2024-07-30,0,1,1,1,1,1,0,1,0,0,1,1
1719,2.39974654856916,0.425002383641418,RI,2024-07-31,0,1,0,1,0,1,0,0,0,1,0,1
1720,2.17387612394138,0.4042226316440375,RI,2024-08-01,1,0,0,1,1,1,1,0,0,0,1,1
1721,1.0566249024013,0.395109017830727,RI,2024-08-02,1,1,1,1,1,1,1,0,0,0,0,1
1722,1.1669855081121,0.343072335612097,RI,2024-08-03,1,1,1,1,1,1,0,0,0,0,0,1
1723,NA,NA,SC,2024-06-23,NA,NA,NA,NA,NA,NA,NA,NA,NA,NA,NA,NA
1724,NA,NA,SC,2024-06-24,NA,NA,NA,NA,NA,NA,NA,NA,NA,NA,NA,NA
1725,0.318696519278309,0.182676087482433,SC,2024-06-25,1,1,1,1,1,1,1,1,1,1,1,1
1726,0.807325477694105,0.592371224522935,SC,2024-06-26,0,1,1,1,1,1,0,0,1,1,1,1
1727,NA,NA,SC,2024-06-27,NA,NA,NA,NA,NA,NA,NA,NA,NA,NA,NA,NA
1728,0.332247923755988,0.1780694817208715,SC,2024-06-28,1,1,1,1,1,1,1,1,0,1,0,1
1729,NA,NA,SC,2024-06-29,NA,NA,NA,NA,NA,NA,NA,NA,NA,NA,NA,NA
1730,NA,NA,SC,2024-06-30,NA,NA,NA,NA,NA,NA,NA,NA,NA,NA,NA,NA
1731,2.71461344061644,0.175465787736647,SC,2024-07-01,1,0,0,1,1,1,1,1,1,1,1,1
1732,NA,NA,SC,2024-07-02,NA,NA,NA,NA,NA,NA,NA,NA,NA,NA,NA,NA
1733,NA,NA,SC,2024-07-03,NA,NA,NA,NA,NA,NA,NA,NA,NA,NA,NA,NA
1734,NA,NA,SC,2024-07-04,NA,NA,NA,NA,NA,NA,NA,NA,NA,NA,NA,NA
1735,1.76950451110874,0.5667973560091,SC,2024-07-05,0,1,0,1,1,1,0,0,0,0,1,1
1736,NA,NA,SC,2024-07-06,NA,NA,NA,NA,NA,NA,NA,NA,NA,NA,NA,NA
1737,0.286498765530704,0.1769562753258185,SC,2024-07-07,1,1,1,1,1,1,1,0,0,1,1,1
1738,NA,NA,SC,2024-07-08,NA,NA,NA,NA,NA,NA,NA,NA,NA,NA,NA,NA
1739,0.309936781462487,0.1796437855932645,SC,2024-07-09,1,1,1,1,1,1,1,1,0,1,0,1
1740,0.306709828954273,0.1814307906826675,SC,2024-07-10,1,1,1,1,1,1,1,1,1,1,1,1
1741,1.1392424765559,0.5331932824592,SC,2024-07-11,0,1,1,1,1,1,0,1,1,0,1,1
1742,0.588564266501323,0.3058271927367545,SC,2024-07-12,1,1,1,1,1,1,1,1,1,0,0,1
1743,NA,NA,SC,2024-07-13,NA,NA,NA,NA,NA,NA,NA,NA,NA,NA,NA,NA
1744,NA,NA,SC,2024-07-14,NA,NA,NA,NA,NA,NA,NA,NA,NA,NA,NA,NA
1745,0.614216620156142,0.3666382665050975,SC,2024-07-15,1,1,1,1,1,1,1,0,0,1,1,1
1746,1.71914836843676,0.64002811853572,SC,2024-07-16,0,1,1,1,1,1,0,1,0,1,0,1
1747,NA,NA,SC,2024-07-17,NA,NA,NA,NA,NA,NA,NA,NA,NA,NA,NA,NA
1748,0.317898195706667,0.2072246558591215,SC,2024-07-18,1,1,1,1,1,1,1,0,0,1,1,1
1749,0.674029018791121,0.56227656796432,SC,2024-07-19,1,1,1,1,0,1,1,1,1,1,1,1
1750,NA,NA,SC,2024-07-20,NA,NA,NA,NA,NA,NA,NA,NA,NA,NA,NA,NA
1751,NA,NA,SC,2024-07-21,NA,NA,NA,NA,NA,NA,NA,NA,NA,NA,NA,NA
1752,1.22072321687809,0.3261904478095645,SC,2024-07-22,1,1,1,0,1,1,1,1,0,0,1,1
1753,0.957111835297118,0.3969461623577815,SC,2024-07-23,0,1,1,1,1,1,0,0,1,0,0,1
1754,0.534085841000294,0.305503252795004,SC,2024-07-24,1,1,1,1,1,1,1,0,1,0,1,1
1755,2.62384887162528,0.3287625803185065,SC,2024-07-25,1,1,0,0,1,1,1,1,0,0,1,1
1756,0.952756185425993,0.3634802731932985,SC,2024-07-26,0,1,1,1,1,1,0,1,1,0,0,1
1757,NA,NA,SC,2024-07-27,NA,NA,NA,NA,NA,NA,NA,NA,NA,NA,NA,NA
1758,NA,NA,SC,2024-07-28,NA,NA,NA,NA,NA,NA,NA,NA,NA,NA,NA,NA
1759,1.8316855345529,0.312882781303,SC,2024-07-29,1,1,1,0,1,1,1,0,0,0,0,1
1760,1.10974932464008,0.4771042576744325,SC,2024-07-30,1,1,1,1,1,0,0,0,0,0,0,0
1761,0.719592278593922,0.592187445982335,SC,2024-07-31,1,0,1,1,1,1,1,0,1,1,0,1
1762,1.65188064827833,0.321620637393132,SC,2024-08-01,1,1,0,1,1,1,1,0,0,0,0,0
1763,2.33503841855124,0.557889391542725,SC,2024-08-02,0,1,0,1,0,1,0,0,0,0,0,1
1764,NA,NA,SC,2024-08-03,NA,NA,NA,NA,NA,NA,NA,NA,NA,NA,NA,NA
1765,0.71813985133735,0.201180046318422,SD,2024-06-23,0,1,1,1,1,1,0,1,0,1,1,1
1766,0.298138209834356,0.2068567869763,SD,2024-06-24,1,1,1,1,1,1,1,1,1,1,1,1
1767,0.82877670881724,0.4320446340671275,SD,2024-06-25,1,1,1,1,1,1,0,0,0,1,1,1
1768,NA,NA,SD,2024-06-26,NA,NA,NA,NA,NA,NA,NA,NA,NA,NA,NA,NA
1769,0.444587832713287,0.3128743456188025,SD,2024-06-27,1,1,1,1,1,1,0,1,0,1,1,1
1770,NA,NA,SD,2024-06-28,NA,NA,NA,NA,NA,NA,NA,NA,NA,NA,NA,NA
1771,0.669779708652262,0.2876256362247085,SD,2024-06-29,1,1,1,1,1,1,1,0,0,1,1,1
1772,0.501350898305931,0.3834489554588405,SD,2024-06-30,1,1,1,1,1,1,1,1,0,0,1,1
1773,1.04691017361279,0.376977734228522,SD,2024-07-01,1,0,1,1,1,1,0,0,0,0,1,1
1774,NA,NA,SD,2024-07-02,NA,NA,NA,NA,NA,NA,NA,NA,NA,NA,NA,NA
1775,1.18429864724495,0.575393450124365,SD,2024-07-03,1,1,1,0,1,0,1,0,0,0,1,0
1776,NA,NA,SD,2024-07-04,NA,NA,NA,NA,NA,NA,NA,NA,NA,NA,NA,NA
1777,0.387310102597654,0.2760633441023495,SD,2024-07-05,1,1,1,1,1,1,1,1,1,1,1,1
1778,NA,NA,SD,2024-07-06,NA,NA,NA,NA,NA,NA,NA,NA,NA,NA,NA,NA
1779,NA,NA,SD,2024-07-07,NA,NA,NA,NA,NA,NA,NA,NA,NA,NA,NA,NA
1780,1.02674955854105,0.3434423018857225,SD,2024-07-08,0,1,1,1,1,1,1,0,1,1,1,0
1781,1.01610429567221,0.304071547956016,SD,2024-07-09,0,1,1,1,1,1,0,0,1,1,1,0
1782,0.619466297895121,0.361261266500483,SD,2024-07-10,1,1,1,1,1,1,0,0,1,0,1,1
1783,0.481877262483746,0.31859143589313,SD,2024-07-11,1,1,1,1,1,1,0,1,1,1,0,1
1784,NA,NA,SD,2024-07-12,NA,NA,NA,NA,NA,NA,NA,NA,NA,NA,NA,NA
1785,1.04958766517027,0.3707751329244975,SD,2024-07-13,1,1,0,1,1,1,0,1,0,0,1,1
1786,0.496388635135186,0.3409861521088115,SD,2024-07-14,1,1,1,1,1,1,0,1,0,1,1,1
1787,0.881024469807728,0.4427772637623505,SD,2024-07-15,1,0,1,1,1,1,0,0,1,1,1,1
1788,0.682383909810448,0.444216778227837,SD,2024-07-16,1,0,1,1,1,1,0,0,1,1,1,1
1789,0.772000141495679,0.408037903436243,SD,2024-07-17,1,1,1,1,0,1,0,1,0,1,1,1
1790,1.05622219155859,0.3599437869758525,SD,2024-07-18,1,1,0,1,1,1,0,0,0,0,1,1
1791,NA,NA,SD,2024-07-19,NA,NA,NA,NA,NA,NA,NA,NA,NA,NA,NA,NA
1792,0.563000356662694,0.38789817752642203,SD,2024-07-20,0,1,1,1,1,1,0,1,1,0,1,1
1793,1.73280294549656,0.4107773300636605,SD,2024-07-21,1,0,1,1,1,1,0,0,0,0,1,1
1794,0.743801337173721,0.387095095117087,SD,2024-07-22,1,0,1,1,1,1,0,0,1,1,1,1
1795,0.532097739381652,0.339806596120312,SD,2024-07-23,1,1,1,1,1,1,1,1,0,0,1,1
1796,NA,NA,SD,2024-07-24,NA,NA,NA,NA,NA,NA,NA,NA,NA,NA,NA,NA
1797,0.926931441021739,0.390504446637819,SD,2024-07-25,1,1,1,1,1,1,0,0,1,0,0,1
1798,0.712363285671043,0.475080049811169,SD,2024-07-26,1,0,1,1,1,1,0,0,1,1,1,1
1799,0.63948840827123,0.4460842915503455,SD,2024-07-27,0,1,1,1,1,1,0,1,1,0,1,1
1800,1.19362509972732,0.4823775517352985,SD,2024-07-28,1,1,1,1,1,1,0,0,0,0,0,1
1801,1.09120961432949,0.38918835953619,SD,2024-07-29,0,1,1,1,1,1,0,0,1,0,1,1
1802,NA,NA,SD,2024-07-30,NA,NA,NA,NA,NA,NA,NA,NA,NA,NA,NA,NA
1803,1.69584368976328,0.4667404857924825,SD,2024-07-31,1,1,1,1,1,0,0,1,0,0,1,0
1804,0.740961003200374,0.52024512420575,SD,2024-08-01,1,1,1,1,0,1,1,1,0,1,0,1
1805,0.46763106892041,0.3468616372326815,SD,2024-08-02,1,1,1,1,1,1,1,1,1,1,1,1
1806,0.722219364189417,0.507768661687195,SD,2024-08-03,0,1,1,1,1,1,0,1,0,1,1,1
1807,0.831933222169278,0.409249838470481,TN,2024-06-23,1,1,1,1,0,1,1,0,0,1,0,1
1808,1.57266636160452,0.403072344830363,TN,2024-06-24,1,1,1,0,1,1,0,0,0,0,1,1
1809,0.947520292120502,0.3423660457617635,TN,2024-06-25,1,1,1,1,1,1,0,0,0,0,0,1
1810,1.88190283251195,0.3915046135299915,TN,2024-06-26,1,1,1,1,0,1,0,1,0,1,0,1
1811,1.67893985789842,0.4181989882618925,TN,2024-06-27,1,1,1,1,0,1,0,0,0,1,1,1
1812,1.47051540844886,0.3876970872133335,TN,2024-06-28,1,1,1,1,0,1,0,0,0,0,0,1
1813,1.35865902252335,0.417473531593001,TN,2024-06-29,1,1,1,1,0,1,0,0,1,1,0,1
1814,1.36713276565403,0.387854899219934,TN,2024-06-30,0,1,1,1,1,0,1,0,0,1,1,1
1815,1.49656722683506,0.4257391161272155,TN,2024-07-01,1,1,1,1,0,0,0,0,0,0,0,0
1816,4.33010740224099,0.427776845045253,TN,2024-07-02,0,0,1,1,0,0,0,0,0,0,0,0
1817,2.61682356069619,0.411838170654864,TN,2024-07-03,0,0,1,1,0,1,0,1,0,0,0,1
1818,1.55138626196725,0.363376608074236,TN,2024-07-04,1,1,1,1,1,1,1,1,0,0,1,1
1819,1.75684288253186,0.3966692884296745,TN,2024-07-05,1,1,1,1,0,1,1,0,0,0,0,1
1820,NA,NA,TN,2024-07-06,NA,NA,NA,NA,NA,NA,NA,NA,NA,NA,NA,NA
1821,0.627730875574562,0.373644030270037,TN,2024-07-07,1,1,1,1,1,1,1,1,0,0,1,1
1822,2.1669354946062,0.4160509313285505,TN,2024-07-08,0,1,1,1,0,1,0,1,0,1,0,0
1823,1.47514018567183,0.3840004065449565,TN,2024-07-09,0,1,1,1,1,1,0,1,0,1,1,1
1824,5.05288457618401,0.4180467929576655,TN,2024-07-10,0,0,0,0,0,1,0,0,0,0,1,1
1825,2.59608895127121,0.405810380912253,TN,2024-07-11,1,1,1,1,1,0,0,0,0,0,0,0
1826,2.31932304602438,0.422806377970213,TN,2024-07-12,1,1,1,0,0,1,1,0,0,0,0,1
1827,0.859815456568641,0.451307080783089,TN,2024-07-13,1,1,1,1,0,1,1,1,0,1,0,1
1828,0.887287994789494,0.392584214703502,TN,2024-07-14,1,1,1,1,1,1,0,0,0,1,0,1
1829,4.5352260896869,0.40601276821389,TN,2024-07-15,0,0,1,1,1,1,0,0,1,0,0,1
1830,3.13291121223256,0.426495998239305,TN,2024-07-16,0,1,1,1,0,1,0,0,0,0,0,1
1831,2.89527716464353,0.408864198154365,TN,2024-07-17,1,1,0,1,0,1,0,0,0,0,0,1
1832,1.60515961406164,0.42267293684114,TN,2024-07-18,1,1,1,1,1,0,1,0,1,0,0,0
1833,2.27966707567993,0.388785492819558,TN,2024-07-19,1,1,1,0,0,1,1,0,0,1,0,1
1834,1.91030657416994,0.489559252373639,TN,2024-07-20,1,1,0,1,0,0,0,1,0,0,0,0
1835,2.43758428887742,0.458584756447254,TN,2024-07-21,0,1,1,0,1,1,0,0,1,0,1,1
1836,4.53341161990956,0.450400569208401,TN,2024-07-22,0,1,0,1,1,1,0,0,0,1,0,1
1837,2.99270576865716,0.462392570594816,TN,2024-07-23,0,1,1,1,0,0,0,1,0,0,0,0
1838,2.02749195158686,0.3955068058117935,TN,2024-07-24,1,1,1,1,0,1,0,0,0,0,0,1
1839,0.936092456485522,0.432634683180093,TN,2024-07-25,1,1,1,1,1,1,0,0,1,0,0,1
1840,1.46452602600825,0.505750587650925,TN,2024-07-26,0,0,1,1,1,1,0,0,0,0,1,1
1841,2.20663810566778,0.56488035200992,TN,2024-07-27,0,1,1,0,0,1,0,0,0,0,0,1
1842,2.85664000067324,0.498794186609653,TN,2024-07-28,1,0,1,0,1,1,1,0,0,0,1,1
1843,3.11117156566393,0.4712653385358405,TN,2024-07-29,0,0,1,1,1,1,0,0,0,0,1,1
1844,1.52993127407682,0.536155259078265,TN,2024-07-30,1,1,1,1,0,1,1,1,0,0,0,1
1845,1.20485238563132,0.418371646715956,TN,2024-07-31,1,1,1,1,0,1,1,0,0,1,1,1
1846,1.35046321835524,0.468566692148791,TN,2024-08-01,1,1,1,1,0,1,1,0,0,0,0,1
1847,2.66049235160094,0.52461661296398,TN,2024-08-02,1,1,0,0,0,1,0,0,0,0,0,1
1848,0.838559246866468,0.630920763809745,TN,2024-08-03,0,1,1,1,1,1,0,1,1,0,1,1
1849,NA,NA,TX,2024-06-23,NA,NA,NA,NA,NA,NA,NA,NA,NA,NA,NA,NA
1850,0.897910861443742,0.4409416861451725,TX,2024-06-24,1,1,1,1,1,0,0,0,1,1,0,0
1851,1.62854635856272,0.3647784918205205,TX,2024-06-25,1,1,0,1,1,1,0,1,0,0,0,1
1852,2.95359496522426,0.3388925528442185,TX,2024-06-26,0,1,0,1,1,1,0,1,0,1,1,1
1853,2.07028799880172,0.3886717009911125,TX,2024-06-27,1,1,0,1,0,1,0,1,1,0,1,1
1854,0.449587896018385,0.323617932032155,TX,2024-06-28,1,1,1,1,1,1,0,1,0,1,1,1
1855,NA,NA,TX,2024-06-29,NA,NA,NA,NA,NA,NA,NA,NA,NA,NA,NA,NA
1856,NA,NA,TX,2024-06-30,NA,NA,NA,NA,NA,NA,NA,NA,NA,NA,NA,NA
1857,1.71800741527752,0.350794438968939,TX,2024-07-01,0,1,1,1,1,1,0,1,0,1,0,0
1858,0.497838317204095,0.3715328387234335,TX,2024-07-02,1,1,1,1,1,1,1,0,0,1,1,1
1859,NA,NA,TX,2024-07-03,NA,NA,NA,NA,NA,NA,NA,NA,NA,NA,NA,NA
1860,0.54121790402249,0.386382639038986,TX,2024-07-04,1,1,1,1,0,1,1,0,1,1,0,1
1861,0.849486015994647,0.4184828148599015,TX,2024-07-05,1,1,1,1,1,1,1,0,1,0,1,1
1862,NA,NA,TX,2024-07-06,NA,NA,NA,NA,NA,NA,NA,NA,NA,NA,NA,NA
1863,0.699014315871199,0.395893739167604,TX,2024-07-07,1,1,1,1,1,1,1,1,1,1,1,1
1864,3.36657101803923,0.3989934200780155,TX,2024-07-08,0,1,1,0,0,1,1,0,0,1,0,1
1865,1.04792829823088,0.3890375509747725,TX,2024-07-09,1,1,1,1,1,1,1,0,0,1,0,1
1866,1.27525410077842,0.422658315425489,TX,2024-07-10,1,1,1,1,1,0,0,0,0,0,0,0
1867,0.670891447487249,0.4039626639432685,TX,2024-07-11,1,1,1,1,1,1,1,0,0,1,0,1
1868,1.47022921781932,0.4649049726190355,TX,2024-07-12,1,0,1,1,1,1,1,0,0,1,0,1
1869,0.858300928860702,0.4535808782972295,TX,2024-07-13,1,0,1,1,1,1,0,1,1,1,0,1
1870,0.535624448948261,0.3992184977304315,TX,2024-07-14,1,1,1,1,0,1,1,1,1,1,1,1
1871,3.72680931358794,0.438888835714724,TX,2024-07-15,0,1,0,0,0,1,0,0,0,0,0,1
1872,2.11454230030552,0.422486581974696,TX,2024-07-16,0,1,1,1,1,1,0,0,0,0,1,1
1873,1.76980948854166,0.471769999930001,TX,2024-07-17,0,1,1,0,1,1,0,1,0,1,1,1
1874,1.47432761407722,0.4827135645779585,TX,2024-07-18,1,0,1,1,1,1,1,0,1,0,0,1
1875,0.475671693355981,0.4147411792708285,TX,2024-07-19,1,1,1,1,1,1,0,1,0,1,1,1
1876,0.508284759162489,0.421506437374482,TX,2024-07-20,1,1,1,1,1,1,1,1,1,1,1,1
1877,NA,NA,TX,2024-07-21,NA,NA,NA,NA,NA,NA,NA,NA,NA,NA,NA,NA
1878,2.60270062527895,0.458677589209607,TX,2024-07-22,0,0,1,1,1,1,0,0,0,1,0,1
1879,4.68877241653025,0.4779477057144335,TX,2024-07-23,1,0,1,0,0,1,0,0,1,0,0,0
1880,2.28857676018743,0.530049146001675,TX,2024-07-24,1,0,1,0,1,1,0,0,1,1,0,1
1881,3.21347174393962,0.506380428101655,TX,2024-07-25,0,0,1,0,1,1,0,0,0,0,0,1
1882,1.45227284478595,0.520130280476935,TX,2024-07-26,1,1,1,0,1,1,0,0,0,0,0,1
1883,NA,NA,TX,2024-07-27,NA,NA,NA,NA,NA,NA,NA,NA,NA,NA,NA,NA
1884,0.820430683645805,0.60848708816867,TX,2024-07-28,0,1,1,1,1,1,0,1,1,0,1,1
1885,6.52262473104795,0.55283407240091,TX,2024-07-29,0,0,0,0,1,1,0,1,1,0,0,1
1886,2.45084761086735,0.456697921081439,TX,2024-07-30,0,0,1,1,1,1,0,0,0,0,0,1
1887,1.73781792718589,0.59910067841905,TX,2024-07-31,0,1,1,0,1,1,0,1,1,1,0,1
1888,2.80910625788178,0.58997155165011,TX,2024-08-01,0,1,0,0,0,1,0,0,0,0,0,1
1889,3.33326402693822,0.599662436613285,TX,2024-08-02,0,0,1,0,0,1,0,1,1,0,1,1
1890,NA,NA,TX,2024-08-03,NA,NA,NA,NA,NA,NA,NA,NA,NA,NA,NA,NA
1891,NA,NA,UT,2024-06-23,NA,NA,NA,NA,NA,NA,NA,NA,NA,NA,NA,NA
1892,NA,NA,UT,2024-06-24,NA,NA,NA,NA,NA,NA,NA,NA,NA,NA,NA,NA
1893,1.05292872603411,0.3470215836488735,UT,2024-06-25,1,1,0,1,1,1,1,1,0,0,1,1
1894,0.645305676800558,0.4693160474308265,UT,2024-06-26,1,1,1,1,0,1,1,1,0,1,0,1
1895,NA,NA,UT,2024-06-27,NA,NA,NA,NA,NA,NA,NA,NA,NA,NA,NA,NA
1896,NA,NA,UT,2024-06-28,NA,NA,NA,NA,NA,NA,NA,NA,NA,NA,NA,NA
1897,NA,NA,UT,2024-06-29,NA,NA,NA,NA,NA,NA,NA,NA,NA,NA,NA,NA
1898,NA,NA,UT,2024-06-30,NA,NA,NA,NA,NA,NA,NA,NA,NA,NA,NA,NA
1899,0.414024625143721,0.325341564599462,UT,2024-07-01,1,1,1,1,1,1,1,1,1,1,1,1
1900,NA,NA,UT,2024-07-02,NA,NA,NA,NA,NA,NA,NA,NA,NA,NA,NA,NA
1901,NA,NA,UT,2024-07-03,NA,NA,NA,NA,NA,NA,NA,NA,NA,NA,NA,NA
1902,NA,NA,UT,2024-07-04,NA,NA,NA,NA,NA,NA,NA,NA,NA,NA,NA,NA
1903,NA,NA,UT,2024-07-05,NA,NA,NA,NA,NA,NA,NA,NA,NA,NA,NA,NA
1904,NA,NA,UT,2024-07-06,NA,NA,NA,NA,NA,NA,NA,NA,NA,NA,NA,NA
1905,NA,NA,UT,2024-07-07,NA,NA,NA,NA,NA,NA,NA,NA,NA,NA,NA,NA
1906,1.83839916416172,0.3456945199174245,UT,2024-07-08,1,1,0,1,1,1,1,1,0,0,0,1
1907,0.926789065883607,0.320841752006016,UT,2024-07-09,1,1,0,1,1,1,1,1,0,0,1,1
1908,NA,NA,UT,2024-07-10,NA,NA,NA,NA,NA,NA,NA,NA,NA,NA,NA,NA
1909,0.719356798058452,0.532077714621765,UT,2024-07-11,1,0,1,1,1,1,1,0,1,0,1,1
1910,NA,NA,UT,2024-07-12,NA,NA,NA,NA,NA,NA,NA,NA,NA,NA,NA,NA
1911,NA,NA,UT,2024-07-13,NA,NA,NA,NA,NA,NA,NA,NA,NA,NA,NA,NA
1912,NA,NA,UT,2024-07-14,NA,NA,NA,NA,NA,NA,NA,NA,NA,NA,NA,NA
1913,0.71333639305381,0.399040559773416,UT,2024-07-15,0,1,1,1,1,1,1,1,1,1,1,1
1914,NA,NA,UT,2024-07-16,NA,NA,NA,NA,NA,NA,NA,NA,NA,NA,NA,NA
1915,1.64953122336538,0.52962155622979,UT,2024-07-17,1,0,1,1,1,1,0,0,1,1,0,1
1916,NA,NA,UT,2024-07-18,NA,NA,NA,NA,NA,NA,NA,NA,NA,NA,NA,NA
1917,NA,NA,UT,2024-07-19,NA,NA,NA,NA,NA,NA,NA,NA,NA,NA,NA,NA
1918,NA,NA,UT,2024-07-20,NA,NA,NA,NA,NA,NA,NA,NA,NA,NA,NA,NA
1919,NA,NA,UT,2024-07-21,NA,NA,NA,NA,NA,NA,NA,NA,NA,NA,NA,NA
1920,NA,NA,UT,2024-07-22,NA,NA,NA,NA,NA,NA,NA,NA,NA,NA,NA,NA
1921,0.629554123651085,0.4969623836717545,UT,2024-07-23,1,1,1,1,0,1,1,1,1,0,0,1
1922,NA,NA,UT,2024-07-24,NA,NA,NA,NA,NA,NA,NA,NA,NA,NA,NA,NA
1923,NA,NA,UT,2024-07-25,NA,NA,NA,NA,NA,NA,NA,NA,NA,NA,NA,NA
1924,0.385573292722691,0.183557228441979,UT,2024-07-26,1,1,1,1,1,1,0,1,1,0,1,1
1925,NA,NA,UT,2024-07-27,NA,NA,NA,NA,NA,NA,NA,NA,NA,NA,NA,NA
1926,NA,NA,UT,2024-07-28,NA,NA,NA,NA,NA,NA,NA,NA,NA,NA,NA,NA
1927,0.810704953111972,0.62533039807332,UT,2024-07-29,1,0,1,1,1,1,1,0,1,0,1,1
1928,0.804359707010266,0.390470546779008,UT,2024-07-30,1,0,1,1,1,1,1,0,0,1,1,1
1929,1.15854280426548,0.544381748693465,UT,2024-07-31,0,1,1,0,1,1,0,1,0,0,0,1
1930,0.70443801861065,0.561900956677965,UT,2024-08-01,1,1,1,1,0,1,1,1,1,1,1,1
1931,NA,NA,UT,2024-08-02,NA,NA,NA,NA,NA,NA,NA,NA,NA,NA,NA,NA
1932,NA,NA,UT,2024-08-03,NA,NA,NA,NA,NA,NA,NA,NA,NA,NA,NA,NA
1933,2.49954965112405,0.3820786387114235,VA,2024-06-23,1,1,1,0,0,1,0,0,0,1,0,1
1934,4.00215222104985,0.3954870791500955,VA,2024-06-24,1,0,1,0,0,1,1,0,1,0,1,0
1935,1.94464627159445,0.381146315226264,VA,2024-06-25,1,1,1,1,1,1,0,0,0,0,0,1
1936,3.4093409113024,0.372028506374013,VA,2024-06-26,1,1,0,1,0,1,0,0,0,0,0,1
1937,3.99981756794668,0.397099382005337,VA,2024-06-27,0,1,0,1,1,0,0,0,0,0,0,0
1938,9.33186728354098,0.371059566554024,VA,2024-06-28,0,0,1,0,0,1,0,0,0,0,0,0
1939,2.05212809829594,0.3784173083508285,VA,2024-06-29,1,0,1,1,1,1,1,0,0,0,0,1
1940,3.91709501490212,0.377781857415231,VA,2024-06-30,1,0,0,0,1,1,0,0,0,0,0,0
1941,1.88347887676695,0.3684925376644595,VA,2024-07-01,0,1,1,1,1,1,1,0,0,1,1,1
1942,2.89252385532784,0.377640576735646,VA,2024-07-02,0,1,0,1,1,1,0,0,0,0,0,1
1943,2.31238322553438,0.4251894331311125,VA,2024-07-03,1,1,0,1,0,1,0,1,0,0,0,1
1944,1.05239643587302,0.3875292520662595,VA,2024-07-04,1,0,1,1,1,1,0,0,0,0,1,1
1945,2.57771252763456,0.3785794338022835,VA,2024-07-05,1,0,0,1,1,1,0,0,0,0,0,1
1946,1.5840075463742,0.3910031051223615,VA,2024-07-06,1,1,1,1,1,1,0,1,0,0,0,1
1947,3.06643650330782,0.40337833062907,VA,2024-07-07,0,1,1,1,1,1,0,0,0,0,0,1
1948,3.15049080674387,0.4118786486780695,VA,2024-07-08,1,1,1,1,0,1,0,0,0,0,0,1
1949,2.19947542851399,0.4152655082983445,VA,2024-07-09,1,1,1,1,0,1,0,0,0,0,0,0
1950,3.94226705647363,0.4188457859744495,VA,2024-07-10,0,1,1,0,1,0,0,1,0,0,0,0
1951,3.49768850137005,0.4168321119873355,VA,2024-07-11,1,0,1,1,1,1,0,0,0,0,0,1
1952,3.48947564560193,0.41104839248316,VA,2024-07-12,1,1,1,0,1,0,0,0,0,0,0,0
1953,2.13051145383927,0.3858006458345145,VA,2024-07-13,0,1,1,1,0,1,0,0,0,0,0,1
1954,8.41361811116772,0.448275935831148,VA,2024-07-14,0,0,0,0,1,0,0,0,0,0,1,0
1955,5.83947847060068,0.4006889849947005,VA,2024-07-15,0,0,1,1,1,0,0,0,0,0,0,0
1956,2.21459670027251,0.401831926875269,VA,2024-07-16,1,1,1,1,1,0,0,0,1,0,0,0
1957,7.73624606248782,0.453889350939049,VA,2024-07-17,0,1,1,0,1,0,0,0,0,0,0,0
1958,2.73719398199693,0.4283655741789455,VA,2024-07-18,1,1,1,1,1,0,0,0,0,0,0,0
1959,5.17198363229804,0.444076214940659,VA,2024-07-19,0,1,0,0,1,1,0,0,0,0,0,1
1960,5.58800939960431,0.46194385565511,VA,2024-07-20,0,1,1,0,1,1,0,0,0,0,0,1
1961,2.47690182203599,0.4482700923616145,VA,2024-07-21,0,1,1,0,1,1,0,0,0,0,1,1
1962,5.81357753070502,0.4747378881954365,VA,2024-07-22,0,1,1,0,0,1,0,0,0,0,0,1
1963,5.3899234110872,0.475277998351661,VA,2024-07-23,0,1,0,0,1,0,0,0,0,0,0,0
1964,4.62702328857366,0.413241093146598,VA,2024-07-24,0,1,1,1,1,0,0,1,0,0,0,0
1965,4.53335373463469,0.448080382453968,VA,2024-07-25,0,0,1,0,0,1,0,0,0,0,0,1
1966,10.329501006695,0.485147012271126,VA,2024-07-26,0,1,1,0,1,0,0,0,0,0,0,0
1967,6.10209991034351,0.4512513224559705,VA,2024-07-27,1,0,1,0,0,1,0,0,0,0,0,1
1968,3.24714600529094,0.365869583137438,VA,2024-07-28,1,0,0,1,1,0,1,0,0,0,0,0
1969,4.23539849882202,0.389841705335762,VA,2024-07-29,0,1,1,1,0,1,0,0,0,0,0,1
1970,5.73097005610678,0.447807741459376,VA,2024-07-30,0,1,1,0,1,1,0,1,1,0,0,1
1971,9.88643058224166,0.509708273004255,VA,2024-07-31,0,1,1,0,1,1,0,0,0,0,1,1
1972,4.5953605217412,0.391280028445395,VA,2024-08-01,1,0,0,1,0,1,0,0,0,0,0,1
1973,6.83955040641628,0.523872796775325,VA,2024-08-02,0,1,1,0,0,1,0,0,0,0,0,1
1974,5.40100694034598,0.4963235755203775,VA,2024-08-03,0,0,1,0,1,0,0,0,1,0,0,0
1975,NA,NA,VT,2024-06-23,NA,NA,NA,NA,NA,NA,NA,NA,NA,NA,NA,NA
1976,0.879657898686728,0.427993783330432,VT,2024-06-24,1,1,1,1,0,1,0,0,0,0,0,1
1977,0.524334674057373,0.3238660697976095,VT,2024-06-25,1,1,1,1,1,1,1,0,0,0,0,1
1978,0.799315477404373,0.374833202857425,VT,2024-06-26,1,1,1,1,1,1,0,0,0,0,1,1
1979,0.928502700848455,0.3570946761553895,VT,2024-06-27,1,1,1,1,1,1,0,0,1,0,1,1
1980,NA,NA,VT,2024-06-28,NA,NA,NA,NA,NA,NA,NA,NA,NA,NA,NA,NA
1981,0.54201105461912,0.356833452492269,VT,2024-06-29,1,1,1,1,1,1,1,0,0,1,1,1
1982,1.05778045141977,0.322434898870493,VT,2024-06-30,1,1,0,1,1,1,0,0,0,1,1,1
1983,NA,NA,VT,2024-07-01,NA,NA,NA,NA,NA,NA,NA,NA,NA,NA,NA,NA
1984,NA,NA,VT,2024-07-02,NA,NA,NA,NA,NA,NA,NA,NA,NA,NA,NA,NA
1985,0.849401173886809,0.60150361919908,VT,2024-07-03,1,1,1,1,1,0,1,1,0,1,1,0
1986,1.15997730379114,0.570168259025045,VT,2024-07-04,1,1,1,1,0,0,1,1,0,1,1,0
1987,0.897943044025687,0.4571495117681965,VT,2024-07-05,1,1,1,1,1,1,0,1,0,1,1,1
1988,NA,NA,VT,2024-07-06,NA,NA,NA,NA,NA,NA,NA,NA,NA,NA,NA,NA
1989,2.1367660634621,0.424651601822993,VT,2024-07-07,0,0,1,0,1,1,1,0,0,0,1,1
1990,1.28651749413217,0.4098513296205865,VT,2024-07-08,1,1,1,0,1,1,1,0,1,0,1,1
1991,0.439328695836947,0.3104936053895645,VT,2024-07-09,1,1,1,1,1,1,1,1,0,0,1,1
1992,2.3542620208131,0.396364397408331,VT,2024-07-10,1,0,1,0,1,1,1,1,1,1,1,1
1993,0.533280713461968,0.333803696331165,VT,2024-07-11,1,1,1,1,1,1,1,1,0,0,1,1
1994,0.717412820093485,0.521282696429515,VT,2024-07-12,0,1,1,1,1,1,0,1,0,1,1,1
1995,0.698838213900818,0.527510366916615,VT,2024-07-13,0,1,1,1,1,1,0,1,0,1,1,1
1996,0.519185531464375,0.372813006233518,VT,2024-07-14,1,0,1,1,1,1,1,1,1,1,1,1
1997,1.06472556213941,0.350642855795033,VT,2024-07-15,1,1,1,0,1,1,1,0,0,0,1,1
1998,0.809753189352503,0.4182637595959175,VT,2024-07-16,0,1,1,1,1,1,0,0,1,0,1,1
1999,1.50969661612301,0.476973726797396,VT,2024-07-17,0,1,1,1,1,1,0,0,0,1,1,0
2000,1.19549095006091,0.388401630503061,VT,2024-07-18,0,1,1,0,1,1,0,1,0,1,1,1
2001,NA,NA,VT,2024-07-19,NA,NA,NA,NA,NA,NA,NA,NA,NA,NA,NA,NA
2002,NA,NA,VT,2024-07-20,NA,NA,NA,NA,NA,NA,NA,NA,NA,NA,NA,NA
2003,NA,NA,VT,2024-07-21,NA,NA,NA,NA,NA,NA,NA,NA,NA,NA,NA,NA
2004,0.578425028344939,0.4307796844586345,VT,2024-07-22,1,0,1,1,1,1,1,0,1,0,1,1
2005,1.93918109183972,0.526851114229585,VT,2024-07-23,0,1,1,1,1,0,0,1,0,0,1,0
2006,1.11729010032143,0.39227503226103,VT,2024-07-24,1,1,0,1,1,1,1,0,0,0,0,1
2007,0.836973149825851,0.601978937778305,VT,2024-07-25,0,1,1,1,1,1,0,1,1,0,1,1
2008,0.837644731560976,0.608455496523885,VT,2024-07-26,0,1,1,1,1,1,0,1,0,1,1,1
2009,0.518547537186176,0.387221714617079,VT,2024-07-27,1,1,1,1,1,1,1,1,0,0,1,1
2010,1.11556355264957,0.553208673754355,VT,2024-07-28,0,1,1,1,1,1,0,0,1,0,1,1
2011,0.85261603470002,0.62834132581585,VT,2024-07-29,0,1,1,1,1,1,0,1,1,0,1,1
2012,NA,NA,VT,2024-07-30,NA,NA,NA,NA,NA,NA,NA,NA,NA,NA,NA,NA
2013,NA,NA,VT,2024-07-31,NA,NA,NA,NA,NA,NA,NA,NA,NA,NA,NA,NA
2014,1.45799074565843,0.575435457962285,VT,2024-08-01,1,1,1,0,0,0,1,0,1,0,0,0
2015,0.856419097888018,0.350429875482962,VT,2024-08-02,0,1,1,1,1,1,0,1,0,0,1,1
2016,0.833668896377151,0.633456240879415,VT,2024-08-03,1,1,1,1,0,1,1,1,1,0,0,1
2017,0.986636266771281,0.339594201699189,WA,2024-06-23,1,1,1,1,1,1,1,1,0,0,0,1
2018,6.12178152656202,0.310565366499769,WA,2024-06-24,1,0,0,0,1,1,0,0,0,0,0,1
2019,1.11579224391366,0.4032101935021085,WA,2024-06-25,1,1,1,0,1,1,0,1,0,0,0,1
2020,2.40001335856583,0.3834908786986355,WA,2024-06-26,0,1,1,1,1,1,1,0,0,0,1,1
2021,2.27177511454815,0.4167086551751185,WA,2024-06-27,1,1,1,1,0,1,1,0,0,1,0,0
2022,2.27132083192047,0.4434625063080785,WA,2024-06-28,1,1,0,0,1,1,0,0,0,0,0,1
2023,4.83311718336388,0.425268035079809,WA,2024-06-29,0,1,0,1,1,1,0,1,0,1,1,1
2024,3.02808142290662,0.474513784091604,WA,2024-06-30,1,0,0,1,1,0,0,0,0,0,1,0
2025,4.39491672725375,0.4321450724307035,WA,2024-07-01,0,0,0,0,1,1,0,0,0,0,0,1
2026,1.89364223975399,0.3140865543534515,WA,2024-07-02,1,1,0,1,1,1,1,0,0,0,0,1
2027,4.26889520897515,0.457278471577152,WA,2024-07-03,1,0,0,1,1,1,0,0,0,1,0,1
2028,0.647140944147859,0.467059043310567,WA,2024-07-04,1,0,1,1,1,1,1,0,1,0,1,1
2029,1.93521236066109,0.2688952598923025,WA,2024-07-05,1,1,0,1,1,1,1,0,0,1,0,1
2030,1.73172474492576,0.4534552555280855,WA,2024-07-06,1,0,1,1,0,1,0,0,0,0,0,1
2031,1.79685613413567,0.364471493806895,WA,2024-07-07,1,1,1,0,1,1,0,0,0,1,0,1
2032,2.59882779457564,0.390784028403333,WA,2024-07-08,0,1,1,1,1,1,0,1,0,0,0,1
2033,3.29986147716054,0.4218723351648595,WA,2024-07-09,1,1,0,1,1,0,1,0,0,0,0,0
2034,5.1716341585085,0.511861026296725,WA,2024-07-10,0,1,0,0,0,1,0,0,0,0,0,1
2035,1.34888907372229,0.4250557250463845,WA,2024-07-11,0,1,0,1,1,1,0,0,0,0,0,1
2036,3.99992268376634,0.4617611632957315,WA,2024-07-12,1,0,0,1,0,1,0,0,0,0,1,1
2037,0.730428363874886,0.3545520082542825,WA,2024-07-13,1,1,1,1,1,1,1,1,0,0,1,1
2038,2.04579529396542,0.385294790456774,WA,2024-07-14,0,1,0,0,1,1,0,1,0,0,0,1
2039,2.37643307331726,0.4549926239481155,WA,2024-07-15,0,1,0,1,1,1,0,0,0,1,0,1
2040,2.61077743656049,0.4307080959651285,WA,2024-07-16,1,0,0,1,1,0,1,0,0,0,1,0
2041,3.80894104508344,0.380957733445636,WA,2024-07-17,0,0,0,1,1,1,0,1,0,0,0,1
2042,4.5603345185428,0.578248094250595,WA,2024-07-18,0,1,0,0,1,0,0,0,0,0,0,0
2043,1.58097281883482,0.3917326327479685,WA,2024-07-19,0,1,0,1,1,1,0,0,0,0,1,1
2044,2.69513952649438,0.3389495816457255,WA,2024-07-20,0,1,0,0,1,1,1,1,0,0,1,1
2045,3.63389115186999,0.61150992149085,WA,2024-07-21,0,1,0,0,1,0,0,1,0,0,1,0
2046,2.69922289754899,0.342503265154198,WA,2024-07-22,1,1,0,0,1,0,0,1,0,0,1,0
2047,3.51627493119396,0.4460931417632215,WA,2024-07-23,0,1,1,1,1,1,0,0,0,0,1,1
2048,3.28595139727905,0.2761300084105025,WA,2024-07-24,0,1,0,0,1,1,0,1,0,0,0,1
2049,0.926769515428069,0.5137345185906,WA,2024-07-25,0,1,1,1,1,1,0,1,1,0,1,1
2050,3.27681182008143,0.420838807911337,WA,2024-07-26,0,1,0,1,1,0,0,0,0,1,1,0
2051,2.39601681952942,0.4888743002310365,WA,2024-07-27,1,1,1,0,0,1,0,0,0,0,0,1
2052,1.56980213188458,0.1891879590885365,WA,2024-07-28,1,1,1,0,1,1,1,0,0,0,0,1
2053,5.13103933567697,0.481356817813306,WA,2024-07-29,0,1,0,0,0,1,0,0,0,0,0,1
2054,0.707622193916834,0.337805504281883,WA,2024-07-30,1,0,1,1,1,1,1,0,0,0,1,1
2055,5.76077571112926,0.4328673968162935,WA,2024-07-31,0,1,0,1,0,1,0,0,0,0,0,1
2056,0.57572227528403,0.1111273126610285,WA,2024-08-01,1,1,1,1,1,1,1,1,1,1,1,1
2057,2.42676048508324,0.51555171488431,WA,2024-08-02,1,1,1,1,0,1,1,1,0,0,0,1
2058,NA,NA,WA,2024-08-03,NA,NA,NA,NA,NA,NA,NA,NA,NA,NA,NA,NA
2059,NA,NA,WI,2024-06-23,NA,NA,NA,NA,NA,NA,NA,NA,NA,NA,NA,NA
2060,0.530830448682452,0.425825447853244,WI,2024-06-24,1,1,1,1,1,1,0,1,0,1,1,1
2061,NA,NA,WI,2024-06-25,NA,NA,NA,NA,NA,NA,NA,NA,NA,NA,NA,NA
2062,NA,NA,WI,2024-06-26,NA,NA,NA,NA,NA,NA,NA,NA,NA,NA,NA,NA
2063,NA,NA,WI,2024-06-27,NA,NA,NA,NA,NA,NA,NA,NA,NA,NA,NA,NA
2064,NA,NA,WI,2024-06-28,NA,NA,NA,NA,NA,NA,NA,NA,NA,NA,NA,NA
2065,NA,NA,WI,2024-06-29,NA,NA,NA,NA,NA,NA,NA,NA,NA,NA,NA,NA
2066,NA,NA,WI,2024-06-30,NA,NA,NA,NA,NA,NA,NA,NA,NA,NA,NA,NA
2067,NA,NA,WI,2024-07-01,NA,NA,NA,NA,NA,NA,NA,NA,NA,NA,NA,NA
2068,NA,NA,WI,2024-07-02,NA,NA,NA,NA,NA,NA,NA,NA,NA,NA,NA,NA
2069,NA,NA,WI,2024-07-03,NA,NA,NA,NA,NA,NA,NA,NA,NA,NA,NA,NA
2070,NA,NA,WI,2024-07-04,NA,NA,NA,NA,NA,NA,NA,NA,NA,NA,NA,NA
2071,NA,NA,WI,2024-07-05,NA,NA,NA,NA,NA,NA,NA,NA,NA,NA,NA,NA
2072,NA,NA,WI,2024-07-06,NA,NA,NA,NA,NA,NA,NA,NA,NA,NA,NA,NA
2073,NA,NA,WI,2024-07-07,NA,NA,NA,NA,NA,NA,NA,NA,NA,NA,NA,NA
2074,NA,NA,WI,2024-07-08,NA,NA,NA,NA,NA,NA,NA,NA,NA,NA,NA,NA
2075,0.872988756986908,0.61043266593917,WI,2024-07-09,1,1,1,1,1,0,1,1,0,1,1,0
2076,0.486572988876361,0.3930223890624995,WI,2024-07-10,1,1,1,1,1,1,1,1,1,1,1,1
2077,0.484492652421182,0.3931874582523315,WI,2024-07-11,1,1,1,1,1,1,0,1,0,1,1,1
2078,NA,NA,WI,2024-07-12,NA,NA,NA,NA,NA,NA,NA,NA,NA,NA,NA,NA
2079,NA,NA,WI,2024-07-13,NA,NA,NA,NA,NA,NA,NA,NA,NA,NA,NA,NA
2080,NA,NA,WI,2024-07-14,NA,NA,NA,NA,NA,NA,NA,NA,NA,NA,NA,NA
2081,NA,NA,WI,2024-07-15,NA,NA,NA,NA,NA,NA,NA,NA,NA,NA,NA,NA
2082,NA,NA,WI,2024-07-16,NA,NA,NA,NA,NA,NA,NA,NA,NA,NA,NA,NA
2083,NA,NA,WI,2024-07-17,NA,NA,NA,NA,NA,NA,NA,NA,NA,NA,NA,NA
2084,NA,NA,WI,2024-07-18,NA,NA,NA,NA,NA,NA,NA,NA,NA,NA,NA,NA
2085,NA,NA,WI,2024-07-19,NA,NA,NA,NA,NA,NA,NA,NA,NA,NA,NA,NA
2086,NA,NA,WI,2024-07-20,NA,NA,NA,NA,NA,NA,NA,NA,NA,NA,NA,NA
2087,NA,NA,WI,2024-07-21,NA,NA,NA,NA,NA,NA,NA,NA,NA,NA,NA,NA
2088,0.477364605956591,0.347564149675734,WI,2024-07-22,1,1,1,1,1,1,1,1,1,1,1,1
2089,NA,NA,WI,2024-07-23,NA,NA,NA,NA,NA,NA,NA,NA,NA,NA,NA,NA
2090,NA,NA,WI,2024-07-24,NA,NA,NA,NA,NA,NA,NA,NA,NA,NA,NA,NA
2091,NA,NA,WI,2024-07-25,NA,NA,NA,NA,NA,NA,NA,NA,NA,NA,NA,NA
2092,NA,NA,WI,2024-07-26,NA,NA,NA,NA,NA,NA,NA,NA,NA,NA,NA,NA
2093,NA,NA,WI,2024-07-27,NA,NA,NA,NA,NA,NA,NA,NA,NA,NA,NA,NA
2094,NA,NA,WI,2024-07-28,NA,NA,NA,NA,NA,NA,NA,NA,NA,NA,NA,NA
2095,NA,NA,WI,2024-07-29,NA,NA,NA,NA,NA,NA,NA,NA,NA,NA,NA,NA
2096,NA,NA,WI,2024-07-30,NA,NA,NA,NA,NA,NA,NA,NA,NA,NA,NA,NA
2097,NA,NA,WI,2024-07-31,NA,NA,NA,NA,NA,NA,NA,NA,NA,NA,NA,NA
2098,NA,NA,WI,2024-08-01,NA,NA,NA,NA,NA,NA,NA,NA,NA,NA,NA,NA
2099,NA,NA,WI,2024-08-02,NA,NA,NA,NA,NA,NA,NA,NA,NA,NA,NA,NA
2100,NA,NA,WI,2024-08-03,NA,NA,NA,NA,NA,NA,NA,NA,NA,NA,NA,NA
2101,NA,NA,WV,2024-06-23,NA,NA,NA,NA,NA,NA,NA,NA,NA,NA,NA,NA
2102,NA,NA,WV,2024-06-24,NA,NA,NA,NA,NA,NA,NA,NA,NA,NA,NA,NA
2103,NA,NA,WV,2024-06-25,NA,NA,NA,NA,NA,NA,NA,NA,NA,NA,NA,NA
2104,0.39329989096331,0.3260416050249395,WV,2024-06-26,1,1,1,1,1,1,1,0,0,1,1,1
2105,NA,NA,WV,2024-06-27,NA,NA,NA,NA,NA,NA,NA,NA,NA,NA,NA,NA
2106,0.413580123601979,0.32529209797957,WV,2024-06-28,1,1,1,1,1,1,1,1,1,1,1,1
2107,NA,NA,WV,2024-06-29,NA,NA,NA,NA,NA,NA,NA,NA,NA,NA,NA,NA
2108,NA,NA,WV,2024-06-30,NA,NA,NA,NA,NA,NA,NA,NA,NA,NA,NA,NA
2109,0.518691871896881,0.346628101592111,WV,2024-07-01,1,1,1,1,1,1,0,1,0,1,1,1
2110,NA,NA,WV,2024-07-02,NA,NA,NA,NA,NA,NA,NA,NA,NA,NA,NA,NA
2111,NA,NA,WV,2024-07-03,NA,NA,NA,NA,NA,NA,NA,NA,NA,NA,NA,NA
2112,NA,NA,WV,2024-07-04,NA,NA,NA,NA,NA,NA,NA,NA,NA,NA,NA,NA
2113,NA,NA,WV,2024-07-05,NA,NA,NA,NA,NA,NA,NA,NA,NA,NA,NA,NA
2114,NA,NA,WV,2024-07-06,NA,NA,NA,NA,NA,NA,NA,NA,NA,NA,NA,NA
2115,NA,NA,WV,2024-07-07,NA,NA,NA,NA,NA,NA,NA,NA,NA,NA,NA,NA
2116,0.587173947474082,0.393570128168542,WV,2024-07-08,0,1,1,1,1,1,0,1,1,1,0,1
2117,NA,NA,WV,2024-07-09,NA,NA,NA,NA,NA,NA,NA,NA,NA,NA,NA,NA
2118,NA,NA,WV,2024-07-10,NA,NA,NA,NA,NA,NA,NA,NA,NA,NA,NA,NA
2119,NA,NA,WV,2024-07-11,NA,NA,NA,NA,NA,NA,NA,NA,NA,NA,NA,NA
2120,NA,NA,WV,2024-07-12,NA,NA,NA,NA,NA,NA,NA,NA,NA,NA,NA,NA
2121,NA,NA,WV,2024-07-13,NA,NA,NA,NA,NA,NA,NA,NA,NA,NA,NA,NA
2122,NA,NA,WV,2024-07-14,NA,NA,NA,NA,NA,NA,NA,NA,NA,NA,NA,NA
2123,NA,NA,WV,2024-07-15,NA,NA,NA,NA,NA,NA,NA,NA,NA,NA,NA,NA
2124,NA,NA,WV,2024-07-16,NA,NA,NA,NA,NA,NA,NA,NA,NA,NA,NA,NA
2125,NA,NA,WV,2024-07-17,NA,NA,NA,NA,NA,NA,NA,NA,NA,NA,NA,NA
2126,NA,NA,WV,2024-07-18,NA,NA,NA,NA,NA,NA,NA,NA,NA,NA,NA,NA
2127,NA,NA,WV,2024-07-19,NA,NA,NA,NA,NA,NA,NA,NA,NA,NA,NA,NA
2128,NA,NA,WV,2024-07-20,NA,NA,NA,NA,NA,NA,NA,NA,NA,NA,NA,NA
2129,NA,NA,WV,2024-07-21,NA,NA,NA,NA,NA,NA,NA,NA,NA,NA,NA,NA
2130,NA,NA,WV,2024-07-22,NA,NA,NA,NA,NA,NA,NA,NA,NA,NA,NA,NA
2131,0.767715630198461,0.4569693611815495,WV,2024-07-23,0,1,1,1,1,1,0,1,1,0,1,1
2132,NA,NA,WV,2024-07-24,NA,NA,NA,NA,NA,NA,NA,NA,NA,NA,NA,NA
2133,NA,NA,WV,2024-07-25,NA,NA,NA,NA,NA,NA,NA,NA,NA,NA,NA,NA
2134,NA,NA,WV,2024-07-26,NA,NA,NA,NA,NA,NA,NA,NA,NA,NA,NA,NA
2135,NA,NA,WV,2024-07-27,NA,NA,NA,NA,NA,NA,NA,NA,NA,NA,NA,NA
2136,NA,NA,WV,2024-07-28,NA,NA,NA,NA,NA,NA,NA,NA,NA,NA,NA,NA
2137,0.833869168463327,0.381947852894143,WV,2024-07-29,0,1,1,1,1,1,0,0,1,0,0,1
2138,0.43122758554406,0.2052554070057975,WV,2024-07-30,1,1,1,1,1,1,1,1,1,1,1,1
2139,NA,NA,WV,2024-07-31,NA,NA,NA,NA,NA,NA,NA,NA,NA,NA,NA,NA
2140,NA,NA,WV,2024-08-01,NA,NA,NA,NA,NA,NA,NA,NA,NA,NA,NA,NA
2141,NA,NA,WV,2024-08-02,NA,NA,NA,NA,NA,NA,NA,NA,NA,NA,NA,NA
2142,NA,NA,WV,2024-08-03,NA,NA,NA,NA,NA,NA,NA,NA,NA,NA,NA,NA
2143,NA,NA,WY,2024-06-23,NA,NA,NA,NA,NA,NA,NA,NA,NA,NA,NA,NA
2144,NA,NA,WY,2024-06-24,NA,NA,NA,NA,NA,NA,NA,NA,NA,NA,NA,NA
2145,NA,NA,WY,2024-06-25,NA,NA,NA,NA,NA,NA,NA,NA,NA,NA,NA,NA
2146,NA,NA,WY,2024-06-26,NA,NA,NA,NA,NA,NA,NA,NA,NA,NA,NA,NA
2147,NA,NA,WY,2024-06-27,NA,NA,NA,NA,NA,NA,NA,NA,NA,NA,NA,NA
2148,NA,NA,WY,2024-06-28,NA,NA,NA,NA,NA,NA,NA,NA,NA,NA,NA,NA
2149,NA,NA,WY,2024-06-29,NA,NA,NA,NA,NA,NA,NA,NA,NA,NA,NA,NA
2150,NA,NA,WY,2024-06-30,NA,NA,NA,NA,NA,NA,NA,NA,NA,NA,NA,NA
2151,NA,NA,WY,2024-07-01,NA,NA,NA,NA,NA,NA,NA,NA,NA,NA,NA,NA
2152,NA,NA,WY,2024-07-02,NA,NA,NA,NA,NA,NA,NA,NA,NA,NA,NA,NA
2153,NA,NA,WY,2024-07-03,NA,NA,NA,NA,NA,NA,NA,NA,NA,NA,NA,NA
2154,NA,NA,WY,2024-07-04,NA,NA,NA,NA,NA,NA,NA,NA,NA,NA,NA,NA
2155,NA,NA,WY,2024-07-05,NA,NA,NA,NA,NA,NA,NA,NA,NA,NA,NA,NA
2156,NA,NA,WY,2024-07-06,NA,NA,NA,NA,NA,NA,NA,NA,NA,NA,NA,NA
2157,NA,NA,WY,2024-07-07,NA,NA,NA,NA,NA,NA,NA,NA,NA,NA,NA,NA
2158,NA,NA,WY,2024-07-08,NA,NA,NA,NA,NA,NA,NA,NA,NA,NA,NA,NA
2159,NA,NA,WY,2024-07-09,NA,NA,NA,NA,NA,NA,NA,NA,NA,NA,NA,NA
2160,NA,NA,WY,2024-07-10,NA,NA,NA,NA,NA,NA,NA,NA,NA,NA,NA,NA
2161,NA,NA,WY,2024-07-11,NA,NA,NA,NA,NA,NA,NA,NA,NA,NA,NA,NA
2162,NA,NA,WY,2024-07-12,NA,NA,NA,NA,NA,NA,NA,NA,NA,NA,NA,NA
2163,NA,NA,WY,2024-07-13,NA,NA,NA,NA,NA,NA,NA,NA,NA,NA,NA,NA
2164,NA,NA,WY,2024-07-14,NA,NA,NA,NA,NA,NA,NA,NA,NA,NA,NA,NA
2165,NA,NA,WY,2024-07-15,NA,NA,NA,NA,NA,NA,NA,NA,NA,NA,NA,NA
2166,NA,NA,WY,2024-07-16,NA,NA,NA,NA,NA,NA,NA,NA,NA,NA,NA,NA
2167,NA,NA,WY,2024-07-17,NA,NA,NA,NA,NA,NA,NA,NA,NA,NA,NA,NA
2168,NA,NA,WY,2024-07-18,NA,NA,NA,NA,NA,NA,NA,NA,NA,NA,NA,NA
2169,NA,NA,WY,2024-07-19,NA,NA,NA,NA,NA,NA,NA,NA,NA,NA,NA,NA
2170,NA,NA,WY,2024-07-20,NA,NA,NA,NA,NA,NA,NA,NA,NA,NA,NA,NA
2171,NA,NA,WY,2024-07-21,NA,NA,NA,NA,NA,NA,NA,NA,NA,NA,NA,NA
2172,NA,NA,WY,2024-07-22,NA,NA,NA,NA,NA,NA,NA,NA,NA,NA,NA,NA
2173,NA,NA,WY,2024-07-23,NA,NA,NA,NA,NA,NA,NA,NA,NA,NA,NA,NA
2174,NA,NA,WY,2024-07-24,NA,NA,NA,NA,NA,NA,NA,NA,NA,NA,NA,NA
2175,NA,NA,WY,2024-07-25,NA,NA,NA,NA,NA,NA,NA,NA,NA,NA,NA,NA
2176,NA,NA,WY,2024-07-26,NA,NA,NA,NA,NA,NA,NA,NA,NA,NA,NA,NA
2177,NA,NA,WY,2024-07-27,NA,NA,NA,NA,NA,NA,NA,NA,NA,NA,NA,NA
2178,NA,NA,WY,2024-07-28,NA,NA,NA,NA,NA,NA,NA,NA,NA,NA,NA,NA
2179,NA,NA,WY,2024-07-29,NA,NA,NA,NA,NA,NA,NA,NA,NA,NA,NA,NA
2180,NA,NA,WY,2024-07-30,NA,NA,NA,NA,NA,NA,NA,NA,NA,NA,NA,NA
2181,NA,NA,WY,2024-07-31,NA,NA,NA,NA,NA,NA,NA,NA,NA,NA,NA,NA
2182,NA,NA,WY,2024-08-01,NA,NA,NA,NA,NA,NA,NA,NA,NA,NA,NA,NA
2183,NA,NA,WY,2024-08-02,NA,NA,NA,NA,NA,NA,NA,NA,NA,NA,NA,NA
2184,NA,NA,WY,2024-08-03,NA,NA,NA,NA,NA,NA,NA,NA,NA,NA,NA,NA
